"Corporate Debentures - Monthly Highest, Lowest & Last Traded Prices",,,,,,,
Company Id :  AAF,,,,,,,
Short Name : ASIA ASSEST,,,,,,,
Month,Debt Description      ,Settlement Board,Price High (Rs.),Price Low (Rs.),Price Last Traded (Rs.),Share Volume,Turnover (Rs.)
2022-03,AAF-BD-20/08/26-C2487,TOM,87.0053,87.0053,87.0053,2000,174010.6
2022-04,AAF-BD-05/10/23-C2456,TOM,95.5189,95.5189,95.5189,3909000,373383380.1
2022-08,AAF-BD-20/08/24-C2486,TOM,100.2184,100.2184,100.2184,1000000,100218400
2024-08,AAF-BD-20/08/26-C2487,TOM,100,100,100,471400,47140000
Company Id :  ABNS,,,,,,,
Short Name : ABANS PLC,,,,,,,
Month,Debt Description      ,Settlement Board,Price High (Rs.),Price Low (Rs.),Price Last Traded (Rs.),Share Volume,Turnover (Rs.)
2014-01,ABNS-BC-20/12/18C14.5,TOM,110.9943,110.9943,110.9943,500000,55497150
2014-02,ABNS-BC-20/12/18C14.5,TOM,111.8665,111.8665,111.8665,50000,5593325
2014-03,ABNS-BC-20/12/18C14.5,TOM,113.1383,113.1383,113.1383,90000,10182447
2015-01,ABNS-BD-26/12/17-C2285,TOM,99.3529,99.0953,99.3529,3445000,341517304.5
2015-02,ABNS-BC-20/12/18C14.5,TOM,117.5834,117.5834,117.5834,81100,9536013.74
2015-06,ABNS-BC-20/12/18C14.5,SPOT,114.058,114.058,114.058,500000,57029000
2015-08,ABNS-BC-20/12/17B14.25,TOM,108.5633,108.5633,108.5633,25000,2714082.5
2016-10,ABNS-BC-20/12/17B14.25,TOM,101.3897,101.3897,101.3897,80000,8111176
2018-10,ABNS-BD-26/12/19-C2286,SPOT,92.4772,92.4772,92.4772,120000,11097264
2019-02,ABNS-BD-26/12/19-C2286,SPOT,95.27,95.27,95.27,880000,83837600
2024-12,ABNS-BD-11/12/29-C2555,TOM,99.9833,99.9833,99.9833,246000,24595891.8
2025-03,ABNS-BD-11/12/29-C2555,SPOT,100,100,100,10000,1000000
Company Id :  AEL,,,,,,,
Short Name : Access Engineering PLC,,,,,,,
Month,Debt Description      ,Settlement Board,Price High (Rs.),Price Low (Rs.),Price Last Traded (Rs.),Share Volume,Turnover (Rs.)
2020-03,AEL-BD-18/11/20-C2324-,SPOT,99.371,99.371,99.371,150000,14905650
2020-08,AEL-BD-18/11/20-C2324,SPOT,100.0451,100.0451,100.0451,100000,10004510
Company Id :  ALLI,,,,,,,
Short Name : ALLIANCE FINANCE COMPANY PLC,,,,,,,
Month,Debt Description      ,Settlement Board,Price High (Rs.),Price Low (Rs.),Price Last Traded (Rs.),Share Volume,Turnover (Rs.)
2013-12,ALLI-BC-31/10/15K18.5,SPOT,99.9958,99.9958,99.9958,1300000,129994540
2013-12,ALLI-BC-30/09/18C16.5,TOM,100.035,100.035,100.035,10000,1000350
2013-12,ALLI-BC-31/10/15K18.5,TOM,99.9952,99.9952,99.9952,100000,9999520
2014-01,ALLI-BC-30/09/16A15.5,TOM,105.0369,105.0369,105.0369,302000,31721143.8
2014-01,ALLI-BC-30/09/18C16.5,TOM,110.2535,110.2535,110.2535,200000,22050700
2014-02,ALLI-BC-30/09/18C16.5,TOM,112.7083,111.882,112.7083,250000,28135760
2014-03,ALLI-BC-31/10/17E20,SPOT,112.3546,112.3546,112.3546,20000,2247092
2014-03,ALLI-BC-30/09/18C16.5,TOM,116.2414,115.3187,115.3187,300000,34780150
2014-04,ALLI-BC-31/10/17E20,SPOT,117.1302,114,116.91,40420,4706905.189
2014-05,ALLI-BC-31/10/17E20,SPOT,118,116.9,118,4850,569825
2014-07,ALLI-BC-31/10/17E20,SPOT,118.5,118.5,118.5,11740,1391190
2014-08,ALLI-BC-30/09/1800D,SPOT,67.7861,67.7861,67.7861,428000,29012450.8
2014-08,ALLI-BC-30/09/18C16.5,SPOT,121.331,121.331,121.331,200000,24266200
2014-08,ALLI-BC-31/10/17E20,TOM,122.5025,122.5025,122.5025,31000,3797577.5
2014-09,ALLI-BC-31/10/17E20,SPOT,120.8826,120.8826,120.8826,1000000,120882600
2014-09,ALLI-BC-30/11/17F20,TOM,121,121,121,100000,12100000
2015-02,ALLI-BC-30/09/18C16.5,TOM,122.8469,122.8469,122.8469,140000,17198566
2015-03,ALLI-BC-31/10/17E20,SPOT,120,120,120,11990,1438800
2015-03,ALLI-BC-31/10/17E20,TOM,119.9637,119.9637,119.9637,11990,1438364.763
2015-05,ALLI-BC-31/10/17E20,SPOT,99.997,99.997,99.997,11990,1198964.03
2015-07,ALLI-BC-31/10/17E20,TOM,117.5,117.5,117.5,40590,4769325
2015-10,ALLI-BC-30/09/17B16,TOM,102.4321,102.4321,102.4321,40000,4097284
2015-11,ALLI-BC-30/09/1800D,SPOT,76.136,76.136,76.136,2000,152272
2016-07,ALLI-BC-31/10/17E20,SPOT,101,101,101,8420,850420
2017-02,ALLI-BC-30/09/17B16,SPOT,100,100,100,2500,250000
2017-03,ALLI-BC-31/10/17E20,TOM,102.2822,102.2822,102.2822,500000,51141100
2017-04,ALLI-BC-30/09/1800D,SPOT,81.5702,81.5702,81.5702,2000,163140.4
2017-04,ALLI-BC-31/10/17E20,SPOT,101.6692,101.5465,101.5465,2400,243895.65
2017-06,ALLI-BC-31/10/17E20,TOM,100.6,100.6,100.6,8420,847052
2017-12,ALLI-BC-30/09/18C16.5,SPOT,99.5,99.5,99.5,10000,995000
Company Id :  ARPI,,,,,,,
Short Name : ARPICO FINANCE COMPANY PLC,,,,,,,
Month,Debt Description      ,Settlement Board,Price High (Rs.),Price Low (Rs.),Price Last Traded (Rs.),Share Volume,Turnover (Rs.)
2014-02,ARPI-BC-28/11/18A16.67,SPOT,100,100,100,28000,2800000
2014-02,ARPI-BC-28/11/18A16.67,TOM,102.11,102.11,102.11,28000,2859080
2014-03,ARPI-BC-28/11/18A16.67,TOM,112,112,112,5,560
2014-08,ARPI-BC-28/11/18A16.67,SPOT,116,116,116,2500,290000
2014-09,ARPI-BC-28/11/18B16.75,SPOT,112,112,112,1000,112000
2016-01,ARPI-BC-28/11/18A16.67,SPOT,100.1584,100.1584,100.1584,200,20031.68
2016-03,ARPI-BC-28/11/18A16.67,SPOT,108.311,108.311,108.311,40000,4332440
2016-07,ARPI-BC-28/11/18A16.67,SPOT,103,103,103,200,20600
2017-04,ARPI-BC-28/11/18B16.75,SPOT,102.4529,102.4529,102.4529,1000,102452.9
2017-05,ARPI-BC-28/11/18A16.67,TOM,100,100,100,995,99500
2017-10,ARPI-BC-28/11/18A16.67,SPOT,100,100,100,31000,3100000
2017-11,ARPI-BC-28/11/18A16.67,SPOT,104.15,104.15,104.15,100,10415
2017-12,ARPI-BC-28/11/18B16.75,SPOT,103.0482,97.2281,100.6589,16000,1611183.55
2018-01,ARPI-BC-28/11/18B16.75,SPOT,101.138,101.138,101.138,5600,566372.8
2018-05,ARPI-BC-28/11/18A16.67,SPOT,101.9,101.9,101.9,900,91710
2018-06,ARPI-BC-28/11/18A16.67,SPOT,101.9066,101.9066,101.9066,1000,101906.6
Company Id :  BFN,,,,,,,
Short Name :  Bartleet Finance,,,,,,,
Month,Debt Description      ,Settlement Board,Price High (Rs.),Price Low (Rs.),Price Last Traded (Rs.),Share Volume,Turnover (Rs.)
2011-07,BFN-BC-15/06/16A13,CASH,107.5001404,107.5001404,107.5001404,14100,1515751.97964
2011-08,BFN-BC-15/06/16A13,TOM,115.4999998,115.4999338,115.4999753,62200,7184098.11006
2011-10,BFN-BC-15/06/16A13,SPOT,114.9998981,114.9998981,114.9998981,8600,988999.12366
2011-12,BFN-BC-15/06/16A13,CASH,105.299825,102.999907,102.999907,46900,4894633.3587
2011-12,BFN-BC-15/06/16A13,SPOT,107.0481377,107.0481377,107.0481377,26000,2783251.5802
2011-12,BFN-BC-15/06/16A13,TOM,103.100065,103.100065,103.100065,48000,4948803.12
2012-02,BFN-BC-15/06/16A13,CASH,101.6767111,99.7697556,100.5923005,109000,10949557.50741
2012-02,BFN-BC-15/06/16A13,SPOT,106.6397826,106.6397826,106.6397826,7400,789134.39124
2012-03,BFN-BC-15/06/16A13,TOM,105.7445964,105.7445964,105.7445964,27800,2939699.77992
2012-04,BFN-BC-15/06/16A13,TOM,106.9176819,106.6105622,106.6105622,8700,928003.28266
2012-05, BFN-BC-15/06/16A13,TOM,113.9426258,113.9347484,113.9347484,25800,2939650.42452
2012-06,BFN-BC-15/06/16A13 ,TOM,113.7246338,106.6976873,106.6976873,23600,2667036.68608
2012-07,BFN-BC-15/06/16A13,TOM,106.6113337,106.6113337,106.6113337,2400,255867.20088
2012-08,BFN-BC-15/06/16A13,TOM,106.3724632,101.7736458,101.7736458,7300,753984.7761
2012-09,BFN-BC-15/06/16A13,CASH,100.8668938,87.7224402,87.7224402,107000,10043523.7814
2012-09,BFN-BC-15/06/16A13,SPOT,106.2823736,106.2823736,106.2823736,2400,255077.69664
2012-09,BFN-BC-15/06/16A13,TOM,112.7127747,112.7127747,112.7127747,4200,473393.65374
2012-10,BFN-BC-15/06/16A13,TOM,106.1491368,106.1491368,106.1491368,2400,254757.92832
2012-11,BFN-BC-15/06/16A13,SPOT,106.3028609,106.3028609,106.3028609,2400,255126.86616
2012-11,BFN-BC-15/06/16A13,TOM,100.0849968,88.2999561,100.0849968,82000,7535222.4177
2012-12,BFN-BC-15/06/16A13,TOM ,106.1865008,86.7173711,100.335761,131900,12609154.59352
2013-01,BFN-BC-15/06/16A13,CASH,80.0000795,80.0000795,80.0000795,614400,49152048.8448
2013-01,BFN-BC-15/06/16A13,TOM,111.8610592,111.8610592,111.8610592,1700,190163.80064
2013-02,BFN-BC-15/06/16A13,SPOT,81.92,81.92,81.92,104000,8519680
2013-03,BFN-BC-15/06/16A13,SPOT,79.7455,79.7455,79.7455,614400,48995635.2
2013-04,BFN-BC-15/06/16A13,TOM,71.47,71.47,71.47,347000,24800090
2013-08,BFN-BC-15/06/16A13,SPOT,83.7764,81.1585,83.7764,291300,23695138
2013-09,BFN-BC-15/06/16A13,SPOT,115.585,115.585,115.585,11000,1271435
2013-10,BFN-BC-15/06/16A13,TOM,78.79,78.79,78.79,583800,45997602
2013-11,BFN-BC-15/06/16A13,SPOT,83.78,81.24,81.24,331800,27110372
2013-11,BFN-BC-15/06/16A13,TOM,84,84,84,83500,7014000
2013-12,BFN-BC-15/06/16A13,TOM,92.2246,83.78,92.2246,272200,25078202.32
2014-01,BFN-BC-15/06/16A13,SPOT,98.12,98.12,98.12,9600,941952
2014-01,BFN-BC-15/06/16A13,TOM,83.78,83.78,83.78,3000,251340
2014-02,BFN-BC-15/06/16A13,TOM,83.78,83.78,83.78,3000,251340
2014-03,BFN-BC-15/06/16A13,SPOT,83.78,83.78,83.78,2000,167560
2014-03,BFN-BC-15/06/16A13,TOM,98.15,98.15,98.15,356600,35000290
2014-04,BFN-BC-15/06/16A13,SPOT,100,100,100,420000,42000000
2014-04,BFN-BC-15/06/16A13,TOM,83.78,83.78,83.78,3000,251340
2014-05,BFN-BC-15/06/16A13,TOM,100,83.78,100,78000,7751340
2014-06,BFN-BC-15/06/16A13,TOM,83.78,83.78,83.78,2950,247151
2014-07,BFN-BC-15/06/16A13,TOM,100.8485,83.78,100.8485,61939,6196103.1665
2014-08,BFN-BC-15/06/16A13,TOM,83.78,83.78,83.78,2975,249245.5
2014-09,BFN-BC-15/06/16A13,TOM,100.92,83.78,100.92,438980,44250921.52
2014-10,BFN-BC-15/06/16A13,TOM,83.78,83.78,83.78,2960,247988.8
2014-11,BFN-BC-15/06/16A13,TOM,83.78,83.78,83.78,2950,247151
2014-12,BFN-BC-15/06/16A13,TOM,83.78,83.78,83.78,2965,248407.7
2015-01,BFN-BC-15/06/16A13,TOM,83.8361,83.8361,83.8361,2960,248154.856
2015-03,BFN-BC-15/06/16A13,TOM,102.72,83.8572,102.72,81865,8353244.598
2015-04,BFN-BC-15/06/16A13,TOM,83.78,83.78,83.78,2968,248659.04
2015-05,BFN-BC-15/06/16A13,TOM,83.78,83.78,83.78,2965,248407.7
2015-06,BFN-BC-15/06/16A13,TOM,83.78,83.78,83.78,2965,248407.7
2015-07,BFN-BC-15/06/16A13,TOM,83.78,83.78,83.78,2975,249245.5
2015-08,BFN-BC-15/06/16A13,TOM,83.78,83.78,83.78,2970,248826.6
2015-09,BFN-BC-15/06/16A13,TOM,93.78,93.78,93.78,2510,235387.8
2016-01,BFN-BC-15/06/16A13,TOM,100.1982,100.1982,100.1982,853000,85469064.6
Company Id :  BRWN,,,,,,,
Short Name :  BROWN & COMPANY PLC,,,,,,,
Month,Debt Description      ,Settlement Board,Price High (Rs.),Price Low (Rs.),Price Last Traded (Rs.),Share Volume,Turnover (Rs.)
2023-06,BRWN-BD-31/03/27-C2499,SPOT,67.6846,67.6846,67.6846,2500,169211.5
2024-05,BRWN-BD-31/03/27-C2498,TOM,102,102,102,50000,5100000
2025-02,BRWN-BD-31/03/27-C2499,SPOT,110,103.1,103.1,2500,264656.9
Company Id :  BOC,,,,,,,
Short Name :  Bank of Ceylon,,,,,,,
Month,Debt Description      ,Settlement Board,Price High (Rs.),Price Low (Rs.),Price Last Traded (Rs.),Share Volume,Turnover (Rs.)
2009-5,BOC-BC-24/11/13A19,CASH,99.9999487,99.9999487,99.9999487,8300,829999.57421
2009-12,BOC-BC-24/11/13A19,TOM,100.9999243,100.9999243,100.9999243,4000,403999.6972
2010-02,BOC-BC-24/11/13A19,CASH,107.0001171,107.0001171,107.0001171,9900,1059301.15929
2010-06,BOC-BC-24/11/1300C,SPOT,135.114295,135.114295,135.114295,5000,675571.475
2010-07,BOC-BC-24/11/1300C,SPOT,134.147612,134.147612,134.147612,5000,670738.06
2011-01,BOC-BC-24/11/13A19,SPOT,100.1000758,100.1000758,100.1000758,700,70070.05306
2011-05,BOC-BC-24/11/13A19,SPOT,100.0000233,100.0000233,100.0000233,3500,350000.08155
2011-07,BOC-BC-28/06/15A11.5,FORWARD,100.0001028,100.0001028,100.0001028,500,50000.0514
2011-12,BOC-BC-28/06/15A11.5,SPOT,94.9999643,90.4998991,94.9999643,13000,1205749.1121
2012-01,BOC-BC-24/11/13A19,SPOT,104.9999305,104.9999305,104.9999305,500,52499.96525
2012-01,BOC-BC-24/11/1300C,TOM,166.0151289,166.0151289,166.0151289,12500,2075189.11125
2013-02,BOC-BC-07/12/16A11,SPOT,95,95,95,1,95
2013-02,BOC-BC-24/11/13A19,SPOT,95.5,95.5,95.5,2000,191000
2013-06,BOC-BC-07/12/16A11,SPOT,89,89,89,1000,89000
2013-07,BOC-BC-28/06/15A11.5,SPOT,91,91,91,7000,637000
2013-11,BOC-BC-24/10/18A13,SPOT,100,100,100,20000,2000000
2014-02,BOC-BC-24/10/21D13.25,SPOT,111.1321,111.1321,111.1321,192500,21392929.25
2014-02,BOC-BC-28/06/15A11.5,SPOT,95,95,95,5000,475000
2014-02,BOC-BC-24/10/23H13.75,TOM,115.7093,112.5,115.7093,36800,4226009.24
2014-03,BOC-BC-24/10/23H13.75,TOM,117.3198,117.3198,117.3198,26800,3144170.64
2014-04,BOC-BC-07/12/16B10.26,SPOT,100,100,100,2500,250000
2014-06,BOC-BC-29/11/17A16,SPOT,104,104,104,70000,7280000
2014-07,BOC-BC-28/06/15B10.67,SPOT,100,100,100,2000,200000
2014-10,BOC-BC-24/10/21D13.25,SPOT,125.5507,125.5507,125.5507,50000,6277535
2014-10,BOC-BC-24/10/23H13.75,SPOT,131.4274,131.4274,131.4274,50000,6571370
2014-12,BOC-BC-21/09/19A08,TOM,99.9392,99.9392,99.9392,330000,32979936
2014-12,BOC-BC-24/10/18B12.6,SPOT,111.8497,111.8497,111.8497,10000,1118497
2015-03,BOC-BC-21/09/19A08,SPOT,96.3317,96.3317,96.3317,1500000,144497550
2015-03,BOC-BC-21/09/19A08,TOM,99.9019,96.3334,99.9019,2000000,196235300
2015-06,BOC-BC-29/11/17A16,SPOT,100,100,100,5500,550000
2015-08,BOC-BC-21/09/19A08,TOM,96.6411,96.6411,96.6411,500000,48320550
2015-11,BOC-BC-24/10/23H13.75,SPOT,119.7447,119.7447,119.7447,5000,598723.5
2015-12,BOC-BC-21/09/19A08,TOM,95.5025,95.5025,95.5025,1200000,114603000
2016-01,BOC-BC-21/09/19A08,SPOT,96.8685,96.8685,96.8685,1200000,116242200
2016-03,BOC-BC-29/11/17A16,TOM,102.6475,102.6475,102.6475,50000,5132375
2016-07,BOC-BC-29/11/17A16,SPOT,103.3871,103.3871,103.3871,70000,7237097
2016-10,BOC-BD-05/10/20-C2319,SPOT,97,92,95,310200,29401790
2016-12,BOC-BD-05/10/20-C2319,SPOT,95,95,95,25000,2375000
2017-02,BOC-BD-05/10/20-C2319,SPOT,95,95,95,15000,1425000
2017-03,BOC-BD-05/10/20-C2319,SPOT,96,96,96,200,19200
2017-04,BOC-BC-24/10/23H13.75,SPOT,100.8242,100.8242,100.8242,700,70576.94
2017-04,BOC-BD-05/10/20-C2319,SPOT,96,96,96,400,38400
2017-05,BOC-BD-05/10/20-C2319,SPOT,98,98,98,11000,1078000
2017-06,BOC-BC-24/10/23H13.75,SPOT,101.5,101.5,101.5,2000,203000
2017-06,BOC-BD-05/10/20-C2319,SPOT,98.5,98,98,4400,432400
2017-07,BOC-BC-24/10/23H13.75,SPOT,101.5002,101.5002,101.5002,2000,203000.4
2017-08,BOC-BC-24/10/23H13.75,SPOT,101.5002,101.5002,101.5002,300,30450.06
2017-08,BOC-BD-05/10/20-C2319,TOM,96,96,96,23000,2208000
2017-11,BOC-BD-05/10/20-C2319,TOM,96,96,96,2000,192000
2017-12,BOC-BD-05/10/20-C2319,TOM,94,94,94,10000,940000
2018-03,BOC-BD-05/10/20-C2319,TOM,94,94,94,2000,188000
2018-05,BOC-BD-05/10/20-C2319,SPOT,98,97,97,22000,2136000
2018-07,BOC-BD-05/10/20-C2319,SPOT,97,97,97,30000,2910000
2018-08,BOC-BD-05/10/20-C2319,SPOT,97,93,97,2500,232900
2018-09,BOC-BD-05/10/20-C2319,SPOT,97,97,97,100,9700
2019-02,BOC-BC-21/09/19A08,SPOT,97.3056,97.3056,97.3056,300000,29191680
2019-02,BOC-BC-21/09/19A08,TOM,97.3,97.3,97.3,500000,48650000
2019-02,BOC-BD-05/10/20-C2319,SPOT,100,100,100,68900,6890000
2019-03,BOC-BD-05/10/20-C2319,SPOT,98.5,98.5,98.5,2000,197000
2019-05,BOC-BD-05/10/20-C2319,SPOT,98,98,98,6000,588000
2019-05,BOC-BD-28/12/21-C2376-,SPOT,98.2,98.2,98.2,35000,3437000
2019-06,BOC-BC-21/09/22D8.25,SPOT,80,80,80,2000,160000
2019-06,BOC-BD-05/10/20-C2319,SPOT,97.608,97.608,97.608,68900,6725191.2
2020-01,BOC-BD-05/10/20-C2319,SPOT,98,98,98,11000,1078000
2020-01,BOC-BD-28/12/21-C2376-,SPOT,101,101,101,1000,101000
2020-08,BOC-BD-05/10/20-C2319,SPOT,99.7965,99.7965,99.7965,11000,1097761.5
2020-09,BOC-BD-28/12/21-C2376-,SPOT,103.7374,103.7374,103.7374,1000,103737.4
2020-10,BOC-BC-24/10/21D13.25,SPOT,100,100,100,144400,14440000
Company Id :  BOPL,,,,,,,
Short Name :  Bogawantalawa Tea Estates PLC,,,,,,,
Month,Debt Description      ,Settlement Board,Price High (Rs.),Price Low (Rs.),Price Last Traded (Rs.),Share Volume,Turnover (Rs.)
2020-01,BOPL-BD-23/07/24-C2424,SPOT,99,99,99,101,9999
2020-02,BOPL-BD-23/07/24-C2424,SPOT,99,99,99,100,9900
2020-05,BOPL-BD-23/07/25-C2423,SPOT,102,102,102,1,102
2020-07,BOPL-BD-23/07/24-C2424     ,SPOT,100,100,100,4999,499900
2020-08,BOPL-BD-23/07/24-C2424,SPOT,101.5109,101.5109,101.5109,4999,507452.9891
2022-09,BOPL-BD-23/07/24-C2424,SPOT,97,97,97,47000,4559000
Company Id :  CDB,,,,,,,
Short Name :  Citizens Development Business Finance PLC,,,,,,,
Month,Debt Description      ,Settlement Board,Price High (Rs.),Price Low (Rs.),Price Last Traded (Rs.),Share Volume,Turnover (Rs.)
2014-09,CDB-BC-19/12/18C15,SPOT,110,110,110,2000,220000
2016-03,CDB-BC-19/12/18A16,SPOT,106,106,106,10000,1060000
2016-06,CDB-BD-03/06/21-C2350-,TOM,99.9817,99.9817,99.9817,1000000,99981700
2016-07,CDB-BD-03/06/21-C2350-,SPOT,99.9637,99.9637,99.9637,22900,2289168.73
2016-08,CDB-BC-19/12/18A16,SPOT,106,106,106,245800,26054800
2016-08,CDB-BD-03/06/21-C2350-,SPOT,102.5314,100,102.5314,10010,1001432.864
2016-10,CDB-BD-03/06/21-C2350-,SPOT,99.961,99.961,99.961,151000,15094111
2017-03,CDB-BD-03/06/21-C2350-,SPOT,99.7978,99.7978,99.7978,220000,21955516
2017-03,CDB-BD-03/06/21-C2350-,TOM,99.8887,99.8,99.819,1000000,99848530
2017-04,CDB-BD-03/06/21-C2350-,SPOT,100.0155,100.0155,100.0155,499990,50006749.845
2017-05,CDB-BD-03/06/21-C2350-,TOM,100.1916,100.1916,100.1916,499990,50094798.084
2017-11,CDB-BD-03/06/21-C2350-,TOM,99.9892,99.8253,99.8253,779990,77944684.108
2017-12,CDB-BC-19/12/18A16,SPOT,100.1008,96.6008,100.1008,10300,1029988.24
2018-01,CDB-BC-19/12/18A16,SPOT,101.5493,101.5493,101.5493,50000,5077465
2018-05,CDB-BC-19/12/18A16,SPOT,99,99,99,5000,495000
2018-05,CDB-BD-27/03/23-C2392-,TOM,99.9556,99.9556,99.9556,844000,84362526.4
2018-06,CDB-BC-19/12/18B15.5,SPOT,100,100,100,120000,12000000
2018-08,CDB-BD-03/06/21-C2350-,SPOT,99.9516,95,99.9516,1010000,100901600
2019-01,CDB-BD-03/06/21-C2350-,SPOT,99.9632,99.9632,99.9632,500000,49981600
2019-02,CDB-BD-03/06/21-C2350-,SPOT,92,92,92,500000,46000000
2019-03,CDB-BD-03/06/21-C2350-,TOM,100.4218,100.4218,100.4218,2500000,251054500
2019-06,CDB-BD-03/06/21-C2350-,SPOT,100.3913,95,100.3913,100500,9550195.65
2019-07,CDB-BD-03/06/21-C2350-,SPOT,99,99,99,20000,1980000
2020-01,CDB-BD-03/06/21-C2350-,SPOT,100,98.5,98.5,15000,1482500
2020-01,CDB-BD-03/06/21-C2350-,TOM,100.2591,100.2591,100.2591,2500000,250647750
2020-02,CDB-BD-27/03/23-C2391-,SPOT,103,102,103,110,11230
2020-05,CDB-BD-30/01/24-C2414-,SPOT,100,100,100,60000,6000000
2020-07,CDB-BD-03/06/21-C2350,TOM,102.6223,102.5972,102.5972,2515390,258122170.908
2020-08,CDB-BD-27/03/23-C2391,SPOT,103,103,103,4890,503670
2022-04,CDB-BD-27/03/23-C2391-,SPOT,101,101,101,140000,14140000
2022-04,CDB-BD-30/01/24-C2414-,SPOT,101,101,101,50000,5050000
2022-05,CDB-BD-27/03/23-C2392-,TOM,92.3683,92.3683,92.3683,753790,69626300.857
2024-09,CDB-BD-09/12/24-C2434-,SPOT,100.6241,100.6241,100.6241,12100,1217551.61
Company Id :  CEB,,,,,,,
Short Name :  Ceylon Electricity Board,,,,,,,
Month,Debt Description      ,Settlement Board,Price High (Rs.),Price Low (Rs.),Price Last Traded (Rs.),Share Volume,Turnover (Rs.)
2022-01,CEB-BD-15/04/26-C2475-,SPOT,88.612,88.612,88.612,507900,45006034.8
2023-01,CEB-BD-15/04/26-C2475-,SPOT,88.6621,88.6621,88.6621,100,8866.21
2023-06,CEB-BD-15/04/26-C2475-,SPOT,70.6168,70.6168,70.6168,5000,353084
2024-04,CEB-BD-15/04/26-C2475-,SPOT,95,95,95,300,28500
2024-05,CEB-BD-15/04/26-C2475-,SPOT,94.2,94.2,94.2,440,41448
2025-03,CEB-BD-15/04/26-C2475-,TOM,98.6507,98.6507,98.6507,507159,50031590.3613
Company Id :  CFIN,,,,,,,
Short Name :  CENTRAL FINANCE COMPANY PLC,,,,,,,
Month,Debt Description      ,Settlement Board,Price High (Rs.),Price Low (Rs.),Price Last Traded (Rs.),Share Volume,Turnover (Rs.)
2014-02,CFIN-BC-12/12/16A13,SPOT,100,100,100,100,10000
2014-02,CFIN-BC-12/12/18D13.95,SPOT,110.1801,110.1801,110.1801,108700,11976576.87
2014-02,CFIN-BC-17/06/16A14.25,SPOT,1066.2414,1066.2414,1066.2414,8800,9382924.32
2014-03,CFIN-BC-17/06/18C14.75,TOM,1000,1000,1000,3000,3000000
2014-06,CFIN-BC-12/12/16A13,SPOT,105.4622,105.4622,105.4622,10000,1054622
2014-08,CFIN-BC-17/06/18C14.75,SPOT,1050,1050,1050,3000,3150000
2014-09,CFIN-BC-17/06/18C14.75,SPOT,1175.4434,1175.4434,1175.4434,15100,17749195.34
2014-11,CFIN-BC-17/06/18C14.75,SPOT,1142.13,1142.13,1142.13,2000,2284260
2014-11,CFIN-BC-17/06/18C14.75,TOM,1200,1200,1200,250,300000
2014-12,CFIN-BC-17/06/18C14.75,TOM,1172.5698,1172.5698,1172.5698,10950,12839639.31
2015-07,CFIN-BC-12/12/16A13,SPOT,105,105,105,25000,2625000
2015-07,CFIN-BC-12/12/18C13.5,SPOT,106.75,106.75,106.75,25000,2668750
2015-07,CFIN-BC-17/06/16A14.25,SPOT,1055.9195,1055.9195,1055.9195,2000,2111839
2015-08,CFIN-BC-17/06/17B14.5,TOM,1091.9046,1091.9046,1091.9046,3000,3275713.8
2015-08,CFIN-BD-01/06/20-C2302,TOM,101.1482,101.1482,101.1482,300000,30344460
2015-12,CFIN-BC-12/12/18D13.95,SPOT,111.1425,111.1425,111.1425,16000,1778280
2015-12,CFIN-BC-12/12/16A13,TOM,104.238,104.238,104.238,31700,3304344.6
2015-12,CFIN-BC-12/12/17B13.25,TOM,108.2929,108.2929,108.2929,257500,27885421.75
2017-09,CFIN-BC-12/12/18C13.5,SPOT,98,98,98,35700,3498600
2017-12,CFIN-BC-12/12/18C13.5,SPOT,100.0137,98.5,98.5,10000,985454.11
2017-12,CFIN-BC-12/12/18C13.5,TOM,100.2251,100.2251,100.2251,11000,1102476.1
Company Id :  CFVF,,,,,,,
Short Name :  First Capital Holdings PLC,,,,,,,
Month,Debt Description      ,Settlement Board,Price High (Rs.),Price Low (Rs.),Price Last Traded (Rs.),Share Volume,Turnover (Rs.)
2014-04,CFVF-BC-12/03/18B13.75,TOM,104.5683,104.5683,104.5683,10500,1097967.15
2014-05,CFVF-BC-12/03/18B13.75,TOM,104.5405,104.5405,104.5405,1650,172491.825
2014-06,CFVF-BC-12/03/18B13.75,TOM,105.1041,105.1001,105.1001,487850,51275033.785
2014-07,CFVF-BC-12/03/17A13.5,SPOT,104.4046,104.4046,104.4046,82610,8624864.006
2014-07,CFVF-BC-12/03/18B13.75,SPOT,105.7104,105.7104,105.7104,150000,15856560
2014-07,CFVF-BC-12/03/19C14,SPOT,106.8532,106.8532,106.8532,85440,9129537.408
2014-08,CFVF-BC-12/03/17A13.5,SPOT,106.4724,106.4724,106.4724,82610,8795684.964
2014-08,CFVF-BC-12/03/18B13.75,SPOT,108.524,108.524,108.524,150000,16278600
2014-08,CFVF-BC-12/03/19C14,SPOT,110.3374,110.3374,110.3374,85440,9427227.456
2014-09,CFVF-BC-12/03/17A13.5,SPOT,108.5513,108.5513,108.5513,98910,10736809.083
2014-09,CFVF-BC-12/03/18B13.75,SPOT,111.4008,111.4008,111.4008,200000,22280160
2014-10,CFVF-BC-12/03/18B13.75,SPOT,106.7444,106.7444,106.7444,50000,5337220
2014-12,CFVF-BC-12/03/17A13.5,TOM,100.1,100.1,100.1,229350,22957935
2014-12,CFVF-BC-12/03/18B13.75,TOM,110.0979,110.0979,110.0979,50000,5504895
2016-08,CFVF-BC-12/03/17A13.5,TOM,99.432,99.432,99.432,115220,11456555.04
Company Id :  CLC,,,,,,,
Short Name :  Commercial Leasing & Finance PLC,,,,,,,
Month,Debt Description      ,Settlement Board,Price High (Rs.),Price Low (Rs.),Price Last Traded (Rs.),Share Volume,Turnover (Rs.)
2016-01,CLC-BD-21/07/20-C2310-9.75,TOM,100.0486,100.0434,100.0434,3500000,350164900
2016-04,CLC-BD-21/07/20-C2310-,TOM,100.1198,99.9843,100.1198,1500000,150044200
2016-05,CLC-BD-21/07/20-C2310-,TOM,100.1021,100.1021,100.1021,1500000,150153150
2016-10,CLC-BD-21/07/20-C2310-,TOM,100.1258,100.1258,100.1258,1000000,100125800
2017-08,CLC-BD-21/07/20-C2310-,TOM,101.5766,101.5766,101.5766,1000000,101576600
2017-10,CLC-BD-21/07/20-C2310-,TOM,100.6677,100.6677,100.6677,1000000,100667700
2019-02,CLC-BD-21/07/20-C2310-,TOM,89.46,89.46,89.46,2500000,223650000
2019-03,CLC-BD-21/07/20-C2310-,SPOT,96.3352,96.3352,96.3352,500,48167.6
2019-06,CLC-BD-21/07/20-C2310-,SPOT,96.9537,96.9537,96.9537,1000,96953.7
2022-10,CLC-BD-23/09/25-C2454-,TOM,90,90,90,10000,900000
2024-09,CLC-BD-23/09/25-C2454-,SPOT,99.2738,99.2738,99.2738,5000,496369
2025-03,CLC-BD-23/09/25-C2454-,SPOT,100.7223,100.7223,100.7223,20000,2014446
Company Id :  COCR,,,,,,,
Short Name :  Commercial Credit and Finance,,,,,,,
Month,Debt Description      ,Settlement Board,Price High (Rs.),Price Low (Rs.),Price Last Traded (Rs.),Share Volume,Turnover (Rs.)
2013-03,COCR-BC-18/02/18A20,SPOT,100.0437,100.0437,100.0437,245500,24560728.35
2013-04,COCR-BC-18/02/18A20,SPOT,101,100,100,15000,1510000
2013-04,COCR-BC-18/02/18A20,TOM,95,95,95,3000,285000
2013-07,COCR-BC-18/02/18A20,SPOT,101,101,101,7000,707000
2013-09,COCR-BC-18/02/18A20,SPOT,100.0065,100,100,24500,2450032.5
2013-10,COCR-BC-18/02/18A20,TOM,100,100,100,2000,200000
2013-11,COCR-BC-18/02/18A20,SPOT,100,100,100,1000,100000
2013-11,COCR-BC-18/02/18A20,TOM,100.1,100,100,9000,900010
2013-12,COCR-BC-18/02/18A20,SPOT,105,100,101,88002,8812760
2013-12,COCR-BC-18/02/18A20,TOM,100,100,100,50000,5000000
2014-01,COCR-BC-18/02/18A20,SPOT,108.6451,104,104,87010,9050606.451
2014-01,COCR-BC-18/02/18A20,TOM,108.6451,104,108.6451,61950,6637661.945
2014-02,COCR-BC-18/02/18A20,SPOT,110,110,110,10000,1100000
2014-02,COCR-BC-18/02/18A20,TOM,114.7538,111.6015,114.7538,781340,89532647.407
2014-03,COCR-BC-18/02/18A20,SPOT,110,110,110,28500,3135000
2014-04,COCR-BC-18/02/18A20,TOM,111.2329,109.885,111.2329,41000,4521179
2014-06,COCR-BC-18/02/18A20,SPOT,115,115,115,200,23000
2014-06,COCR-BC-18/02/18A20,TOM,117.0658,104,104,76990,8751579.942
2014-07,COCR-BC-18/02/18A20,SPOT,110,110,110,700,77000
2014-08,COCR-BC-18/02/18A20,SPOT,119.4,107,119.4,80000,8932000
2014-08,COCR-BC-18/02/18A20,TOM,122,121.036,121.707,90400,10983328
2014-09,COCR-BC-18/02/18A20,SPOT,123.6794,123.6794,123.6794,43,5318.2142
2014-09,COCR-BC-18/02/18A20,TOM,120.688,120.688,120.688,142000,17137696
2014-10,COCR-BC-18/02/18A20,SPOT,125,125,125,1000,125000
2014-05,COCR-BC-18/02/18A20,SPOT,100,100,100,500,50000
2015-06,COCR-BD-01/06/20-C2299,SPOT,103.7993,102.8053,102.8053,54853,5685502.5029
2015-07,COCR-BC-18/02/18A20,SPOT,123.9507,110,123.9507,6165,736254.6655
2015-07,COCR-BD-01/06/20-C2299,SPOT,103.7601,103.7601,103.7601,5000,518800.5
2015-07,COCR-BD-01/06/20-C2299,TOM,103.8733,103.8733,103.8733,25000,2596832.5
2015-09,COCR-BD-01/06/20-C2299,TOM,100.8136,100.8136,100.8136,54853,5529928.4008
2015-10,COCR-BC-18/02/18A20,TOM,102,102,102,100,10200
2015-12,COCR-BC-18/02/18A20,TOM,117.6832,116.2369,116.2369,1357380,159009993.322
2016-01,COCR-BC-18/02/18A20,SPOT,100.13,100.13,100.13,1000,100130
2016-03,COCR-BC-18/02/18A20,SPOT,111.7568,111.7568,111.7568,35835,4004804.928
2016-07,COCR-BD-01/06/20-C2299,SPOT,97,97,97,200,19400
2016-08,COCR-BD-01/06/20-C2299,SPOT,97,97,97,400,38800
2016-12,COCR-BD-01/06/20-C2299,SPOT,96.5,96.5,96.5,1,96.5
2017-01,COCR-BD-01/06/20-C2299,TOM,99,98,98,3,295
2017-04,COCR-BC-18/02/18A20,SPOT,102,102,102,243,24786
2017-05,COCR-BC-18/02/18A20,SPOT,100,80,100,32000,3000000
2017-09,COCR-BC-18/02/18A20,SPOT,100,100,100,200,20000
2017-11,COCR-BC-18/02/18A20,SPOT,100,100,100,2950,295000
2018-02,COCR-BD-01/06/20-C2299,TOM,99,99,99,1,99
2018-05,COCR-BD-01/06/20-C2299,SPOT,100,100,100,20000,2000000
2019-06,COCR-BD-10/12/20-C2335,TOM,100,100,100,1000000,100000000
2020-02,COCR-BD-01/06/20-C2299,SPOT,99.5,99.5,99.5,1,99.5
2024-09,COCR-BD-04/03/26-C2471,SPOT,96.3219,96.3219,96.3219,4000,385287.6
2025-03,COCR-BD-04/03/26-C2471,SPOT,100,100,100,4000,400000
Company Id :  COMB,,,,,,,
Short Name :  Commercial Bank,,,,,,,
Month,Debt Description      ,Settlement Board,Price High (Rs.),Price Low (Rs.),Price Last Traded (Rs.),Share Volume,Turnover (Rs.)
2005-10,COMB-BC-12/05/08A10,SPOT,970.0005105,970.0005105,970.0005105,50,48500.025525
2005-10,COMB-BC-12/05/08A10.53,SPOT,971.0009922,971.0009922,971.0009922,50,48550.04961
2006-03,COMB-BC-12/05/08A10,SPOT,882.4132786,882.4132786,882.4132786,200,176482.65572
2006-09,COMB-BC-12/05/08A10,TOM,911.5074605,911.5074605,911.5074605,100,91150.74605
2007-08,COMB-BC-17/12/11C13.5,CASH,711.8938055,711.8938055,711.8938055,50,35594.690275
2007-08,COMB-BC-17/12/11C13.5,TOM,999.9989936,999.9989936,999.9989936,50,49999.94968
2009-12,COMB-BC-17/12/11C13.5,SPOT,839.9995095,839.9995095,839.9995095,1000,839999.5095
2013-12,COMB-BC-17/12/16A14,SPOT,999.6352,999.6132,999.6352,200000,199925170
2016-03,COMB-BD-08/03/26-C2342,SPOT,100,100,100,120000,12000000
2016-09,COMB-BD-08/03/21-C2341,SPOT,97,97,97,22,2134
2016-10,COMB-BD-08/03/21-C2341,SPOT,94,94,94,49978,4697932
2017-01,COMB-BD-27/10/21-C2360,SPOT,96,96,96,249000,23904000
2017-02,COMB-BD-27/10/21-C2360,SPOT,89,87.1682,87.1682,172900,15348115.4696
2017-02,COMB-BD-08/03/21-C2341,SPOT,85.3315,85.3315,85.3315,2000000,170663000
2017-07,COMB-BD-08/03/21-C2341,SPOT,81.4,81.4,81.4,50000,4070000
2018-02,COMB-BD-27/10/21-C2360,SPOT,99.9619,99.9619,99.9619,50000,4998095
2018-06,COMB-BD-27/10/21-C2360,SPOT,102.6572,102.6572,102.6572,100000,10265720
2018-08,COMB-BD-08/03/26-C2342,SPOT,100,100,100,1200,120000
2019-01,COMB-BD-08/03/21-C2341,SPOT,90,90,90,5000,450000
2019-02,COMB-BD-08/03/26-C2342,SPOT,100,100,100,118800,11880000
2019-03,COMB-BD-27/10/21-C2360,SPOT,90,90,90,1000,90000
2019-06,COMB-BD-08/03/26-C2342,SPOT,100,100,100,100,10000
2020-01,COMB-BD-08/03/26-C2342,SPOT,100,95,95,118700,11276505
2020-02,COMB-BD-08/03/21-C2341,SPOT,99.9971,99.9971,99.9971,40000,3999884
2020-08,COMB-BD-08/03/21-C2341,SPOT,100.4919,100.4919,100.4919,5000,502459.5
2022-09,COMB-BD-20/09/28-C2492,SPOT,100,100,100,20000000,2000000000
2023-01,COMB-BD-11/12/27-C2504,SPOT,100,100,100,43000,4300000
2023-02,COMB-BD-11/12/27-C2504                           ,SPOT,100,100,100,21500,2150000
2024-01,COMB-BD-11/12/29-C2503,SPOT,156,156,156,14000,2184000
2024-01,COMB-BD-19/12/33-C2520,SPOT,120,120,120,17000,2040000
2024-01,COMB-BD-11/12/27-C2504,TOM,100,100,100,21500,2150000
2024-03,COMB-BD-19/12/33-C2520,SPOT,120,120,120,5000,600000
2024-04,COMB-BD-11/12/27-C2504,SPOT,142,142,142,64500,9159000
2024-08,COMB-BD-20/09/26-C2491,TOM,91.2646,91.2646,91.2646,1000000,91264600
2025-01,COMB-BD-09/07/29-C2533,SPOT,99.6779,99.6779,99.6779,111900,11153957.01
2025-01,COMB-BD-19/12/28-C2517,SPOT,99.7749,99.7749,99.7749,128800,12851007.12
2025-04,COMB-BD-11/12/29-C2503,SPOT,140,140,140,21500,3010000
2025-04,COMB-BD-20/09/26-C2491,SPOT,100,100,100,200000,20000000
2025-04,COMB-BD-09/07/29-C2532,SPOT,99,99,99,56900,5633100
2025-05,COMB-BD-09/07/29-C2533,SPOT,103.0309,103.0309,103.0309,15000,1545463.5
2025-05,COMB-BD-11/12/27-C2504,SPOT,135.1084,100,127.5,149200,16788080.44
2025-07,COMB-BD-11/12/27-C2504,TOM,100,100,100,24000,2400000
2025-08,COMB-BD-11/12/27-C2504,SPOT,132.8882,132.8882,132.8882,21500,2857096.3
2025-09,COMB-BD-19/12/28-C2516,SPOT,100,100,100,55300,5530000
2025-10,COMB-BD-11/12/27-C2504,SPOT,142,142,142,170900,24267800
2025-10,COMB-BD-19/12/28-C2516,SPOT,109.6382,109.6382,109.6382,50000,5481910
2025-11,COMB-BD-11/12/29-C2503 ,SPOT,143,143,143,21800,3117400
2025-12,COMB-BD-19/12/28-C2517,SPOT,100,100,100,85000,8500000
Company Id :  CRL,,,,,,,
Short Name :  Softlogic Finance PLC,,,,,,,
Month,Debt Description      ,Settlement Board,Price High (Rs.),Price Low (Rs.),Price Last Traded (Rs.),Share Volume,Turnover (Rs.)
2013-10,CRL-BC-27/08/16A17,SPOT,100,100,100,104000,10400000
2013-10,CRL-BC-27/08/16B16.5,SPOT,100,100,100,100000,10000000
2013-10,CRL-BC-27/08/16C16,SPOT,100.75,100,100.75,120000,12015000
2014-02,CRL-BC-27/08/16C16,SPOT,105,105,105,3500,367500
2014-02,CRL-BC-27/08/16B16.5,TOM,109.4463,109.4463,109.4463,200000,21889260
2014-03,CRL-BC-27/08/16C16,SPOT,108.5307,106.12,106.12,203000,22024500
2014-03,CRL-BC-27/08/16A17,TOM,100,100,100,25000,2500000
2014-03,CRL-BC-27/08/16B16.5,TOM,109.6311,109.6311,109.6311,200000,21926220
2014-03,CRL-BC-27/08/16C16,TOM,108.7379,108.7379,108.7379,200000,21747580
2014-04,CRL-BC-27/08/16C16,SPOT,100,100,100,2500,250000
2014-08,CRL-BC-27/08/16C16,SPOT,109.8829,109.8829,109.8829,4000,439531.6
2014-09,CRL-BC-29/08/19A10,TOM,101.1356,101.1356,101.1356,158500,16029992.6
2014-10,CRL-BC-29/08/19B7.69,TOM,101.0116,101.0116,101.0116,500000,50505800
2014-11,CRL-BC-29/08/19B7.69,TOM,100.4758,100.4758,100.4758,500000,50237900
2014-12,CRL-BC-27/08/16B16.5,TOM,106.7903,106.7903,106.7903,200000,21358060
2015-03,CRL-BC-27/08/16B16.5,TOM,106.0633,106.0633,106.0633,130000,13788229
2015-08,CRL-BC-27/08/16A17,TOM,107.1623,107.1623,107.1623,4000,428649.2
2015-08,CRL-BC-27/08/16B16.5,TOM,106.8512,106.8512,106.8512,7000,747958.4
2015-10,CRL-BC-27/08/16A17,TOM,102.2671,102.2671,102.2671,30000,3068013
2015-11,CRL-BC-27/08/16A17,TOM,102.4251,102.4251,102.4251,20000,2048502
2016-01,CRL-BC-27/08/16A17,SPOT,100.0086,100.0086,100.0086,1000,100008.6
2016-02,CRL-BC-27/08/16A17,TOM,103.3589,103.3589,103.3589,200000,20671780
2016-02,CRL-BC-27/08/16B16.5,TOM,103.2357,103.2357,103.2357,200000,20647140
2016-02,CRL-BC-27/08/16C16,TOM,103.0321,103.0321,103.0321,200000,20606420
2016-05,CRL-BC-27/08/16A17,SPOT,100.01,100.01,100.01,200000,20002000
2016-07,CRL-BC-29/08/19A10,SPOT,88.0469,88.0469,88.0469,106500,9376994.85
2017-05,CRL-BC-29/08/19B7.69,TOM,101.1309,101.1309,101.1309,500000,50565450
2017-08,CRL-BC-29/08/19B7.69,TOM,101.091,101.091,101.091,500000,50545500
2018-02,CRL-BC-29/08/19A10,SPOT,100,100,100,1,100
2018-02,CRL-BC-29/08/19A10,TOM,100,100,100,763800,76380000
2018-03,CRL-BC-29/08/19A10,SPOT,100,100,100,10000,1000000
2018-03,CRL-BC-29/08/19A10,TOM,100,100,100,126500,12650000
2018-03,CRL-BC-29/08/19B7.69,TOM,100,100,100,500000,50000000
2018-05,CRL-BC-29/08/19A10,SPOT,100,100,100,216900,21690000
2018-06,CRL-BC-29/08/19A10,TOM,100,100,100,142200,14220000
2018-06,CRL-BC-29/08/19B7.69,TOM,100,100,100,500000,50000000
2018-07,CRL-BC-29/08/19A10,TOM,100,100,100,548100,54810000
2019-02,CRL-BC-29/08/19A10,SPOT,100,100,100,110000,11000000
2019-02,CRL-BC-29/08/19A10,TOM,100,100,100,2658500,265850000
2019-05,CRL-BC-29/08/19A10,TOM,100,100,100,1123400,112340000
Company Id : CSEC,,,,,,,
Short Name :  Duanmis Capital PLC,,,,,,,
Month,Debt Description      ,Settlement Board,Price High (Rs.),Price Low (Rs.),Price Last Traded (Rs.),Share Volume,Turnover (Rs.)
2014-08,CSEC-BC-05/08/19A12.5,SPOT,105.7247,105.7247,105.7247,1000000,105724700
2014-08,CSEC-BC-05/08/19A12.5,TOM,105.7094,103.8507,105.7094,2319100,245148810.84
2014-09,CSEC-BC-05/08/19A12.5,TOM,105.6309,105.5985,105.5985,363400,38374555.164
2014-10,CSEC-BC-05/08/19A12.5,TOM,107.4363,107.4363,107.4363,361540,38842519.902
2015-05, CSEC-BC-05/08/19A12.5 ,TOM,103.171,103.171,103.171,1000000,103171000
2015-08,CSEC-BC-05/08/19A12.5,SPOT,113,113,113,100,11300
2015-11,CSEC-BC-05/08/19A12.5,TOM,113,113,113,202000,22826000
2016-01,CSEC-BD-04/12/20-C2333,SPOT,100,100,100,1000000,100000000
2016-03,CSEC-BC-05/08/19A12.5,SPOT,109.9539,104.7985,104.7985,3860,414833.01
2016-05,CSEC-BC-05/08/19A12.5,TOM,99.9457,99.9447,99.9447,50000,4997254
2016-06,CSEC-BC-05/08/19A12.5,SPOT,104.3966,104.3966,104.3966,900,93956.94
2016-08,CSEC-BC-05/08/19A12.5,SPOT,102.3383,95,102.3383,7290,699007.704
2016-08,CSEC-BC-05/08/19A12.5,TOM,97.6553,97.6553,97.6553,2000000,195310600
2016-09,CSEC-BC-05/08/19A12.5,SPOT,97,97,97,200,19400
2016-09,CSEC-BC-05/08/19A12.5,TOM,102.3347,102.3347,102.3347,790,80844.413
2017-03,CSEC-BC-05/08/19A12.5,SPOT,100.0007,100.0007,100.0007,90,9000.063
2017-03,CSEC-BD-04/12/20-C2333,SPOT,94.1771,94.1771,94.1771,100,9417.71
2017-03,CSEC-BD-04/12/20-C2333,TOM,100.5718,99.9674,99.9674,2000000,200539200
2017-04,CSEC-BD-04/12/20-C2333,TOM,94.3287,94.3287,94.3287,800000,75462960
2017-06,CSEC-BC-05/08/19A12.5,TOM,99.9564,99.9564,99.9564,1000000,99956400
2017-08,CSEC-BC-05/08/19A12.5,TOM,99.9653,99.9653,99.9653,350800,35067827.24
2017-08,CSEC-BD-04/12/20-C2333,TOM,94.6683,94.6683,94.6683,649200,61458660.36
2017-12,CSEC-BC-05/08/19A12.5,SPOT,100.1251,93,100.1251,63880,5941481.259
2018-01,CSEC-BD-04/12/20-C2333,SPOT,95.2366,95.2366,95.2366,100,9523.66
2018-05,CSEC-BC-05/08/19A12.5,SPOT,100,100,100,100000,10000000
2018-06,CSEC-BC-05/08/19A12.5,TOM,99.9731,99.9731,99.9731,528000,52785796.8
2019-03,CSEC-BC-05/08/19A12.5,SPOT,99.8747,99.8747,99.8747,2999000,299524225.3
2019-03,CSEC-BC-05/08/19A12.5,TOM,99.8741,99.8741,99.8741,1540140,153820096.374
2019-03,CSEC-BD-04/12/20-C2333,TOM,96.9941,96.9941,96.9941,1002000,97188088.2
2019-06,CSEC-BD-04/12/20-C2333,SPOT,97.4393,97.4393,97.4393,1000,97439.3
2020-01,CSEC-BD-04/12/20-C2333,SPOT,100,100,100,1,100
2020-01,CSEC-BD-04/12/20-C2333,TOM,98.4092,98.4092,98.4092,1002000,98606018.4
2020-02,CSEC-BD-04/12/20-C2333,SPOT,98,98,98,94999,9309902
Company Id : DFCC,,,,,,,
Short Name :  DFCC BANK,,,,,,,
Month,Debt Description      ,Settlement Board,Price High (Rs.),Price Low (Rs.),Price Last Traded (Rs.),Share Volume,Turnover (Rs.)
2014-09,DFCC-BC-18/08/17B8.33,TOM,100.2978,100.2978,100.2978,305000,30590829
2014-12,DFCC-BC-18/08/17A8.5,TOM,99.919,99.919,99.919,152400,15227655.6
2015-06,DFCC-BC-18/08/17B8.33,SPOT,100.0398,100.0398,100.0398,496000,49619740.8
2015-06,DFCC-BC-18/08/17A8.5,TOM,100.3356,100.3356,100.3356,305000,30602358
2017-03,DFCC-BD-09/11/23-C2367,SPOT,100.5,100,100,250200,25020100
2018-10,DFCC-BD-29/03/23-C2393,TOM,100.0504,100.0504,100.0504,1000000,100050400
2018-05,DFCC-BD-18/03/19-C2345,SPOT,99.1795,99.1795,99.1795,500000,49589750
2018-08,DFCC-BD-18/03/19-C2345,TOM,99.5337,99.5337,99.5337,1000000,99533700
2019-05,DFCC-BD-09/11/23-C2367,SPOT,102,102,102,20000,2040000
2019-06,DFCC-BD-09/11/23-C2367,SPOT,99.8,99.8,99.8,40000,3992000
2019-06,DFCC-BD-29/03/23-C2393,SPOT,99.7344,99.7344,99.7344,500000,49867200
2019-07,DFCC-BD-29/03/23-C2393,TOM,101.5785,101.5785,101.5785,500000,50789250
2020-01,DFCC-BD-09/11/23-C2367,SPOT,100,100,100,1800,180000
2020-05,DFCC-BD-09/11/21-C2366,SPOT,100,100,100,1500,150000
2020-08,DFCC-BD-09/11/23-C2367,SPOT,101.7885,99.5,99.5,2100,213069.3
2024-12,DFCC-BD-16/01/29-C2523,SPOT,104.391,104.391,104.391,130200,13591708.2
2025-01,DFCC-BD-16/01/29-C2523,SPOT,100,99.8368,99.8368,581000,58052590.4
Company Id : DVBD,,,,,,,
Short Name :  DFCC VARDHANA BANK,,,,,,,
Month,Debt Description      ,Settlement Board,Price High (Rs.),Price Low (Rs.),Price Last Traded (Rs.),Share Volume,Turnover (Rs.)
2015-06,DVBD-BD-10/06/20-C2306,TOM,100.561,100.561,100.561,250000,25140250
2015-07,DVBD-BD-10/06/20-C2306,TOM,101.5004,100.3509,101.5004,300000,30277695
2015-08,DVBD-BD-10/06/20-C2306,TOM,101.4441,101.4441,101.4441,250000,25361025
2018-09,DVBD-BD-10/06/20-C2305,SPOT,100,100,100,25000,2500000
2018-09,DVBD-BD-10/06/20-C2306,SPOT,100,100,100,25000,2500000
Company Id : FCT,,,,,,,
Short Name :  FRIST CAPITAL TREASURIES LIMITED,,,,,,,
Month,Debt Description      ,Settlement Board,Price High (Rs.),Price Low (Rs.),Price Last Traded (Rs.),Share Volume,Turnover (Rs.)
2015-09,FCT-BD-06/02/20-C2295-9.5,SPOT,98.2682,98.2682,98.2682,9500,933547.9
2016-03,FCT-BD-06/02/20-C2295-,SPOT,95.3728,95.3728,95.3728,8000,762982.4
2016-06,FCT-BD-06/02/20-C2295-,SPOT,97.0171,97.0171,97.0171,1950,189183.345
2019-06,FCT-BD-06/02/20-C2295-,SPOT,98.5355,90,98.5355,800,76267.75
2020-08,FCT-BD-30/01/25-C2445-,TOM,107.8575,107.7639,107.7639,1714000,184836867
2024-03,FCT-BD-30/01/25-C2445-,TOM,100.6131,100.3234,100.6131,660000,66309045
Company Id : HAYL,,,,,,,
Short Name :  HAYLEYS PLC,,,,,,,
Month,Debt Description      ,Settlement Board,Price High (Rs.),Price Low (Rs.),Price Last Traded (Rs.),Share Volume,Turnover (Rs.)
2013-12,HAYL-BC-09/07/16A14.25,SPOT,1000,1000,1000,1000,1000000
2014-12,HAYL-BC-09/07/16A14.25,SPOT,1096.6121,1067.6606,1096.6121,65500,71813616.8
2015-07,HAYL-BC-09/07/16A14.25,SPOT,1056.2248,1056.2248,1056.2248,3000,3168674.4
2015-12,HAYL-BC-09/07/16A14.25,TOM,1032.5048,1032.5048,1032.5048,92300,95300193.04
2016-01,HAYL-BC-09/07/16A14.25,SPOT,1000.3351,1000.3351,1000.3351,100,100033.51
2016-02,HAYL-BC-09/07/16A14.25,SPOT,1015,1015,1015,4000,4060000
2016-02,HAYL-BC-09/07/16A14.25,TOM,1002,1002,1002,10000,10020000
2016-07,HAYL-BD-31/05/19-C2349,SPOT,100,100,100,38000,3800000
2016-12,HAYL-BD-31/05/19-C2349,SPOT,97.5,97.5,97.5,43000,4192500
2017-05,HAYL-BD-31/05/19-C2349,SPOT,98,98,98,20000,1960000
2017-06,HAYL-BD-31/05/19-C2349,SPOT,100,100,100,5000,500000
2017-08,HAYL-BD-31/05/19-C2349,TOM,97,97,97,5000,485000
2017-11,HAYL-BD-31/05/19-C2349,SPOT,100,100,100,20000,2000000
2018-01,HAYL-BD-31/05/19-C2349,SPOT,97,97,97,3000,291000
2018-02,HAYL-BD-31/05/19-C2349,TOM,98,98,98,15000,1470000
2018-10,HAYL-BD-31/05/19-C2349,SPOT,98.5,98.5,98.5,40,3940
2018-10,HAYL-BD-31/05/19-C2349,TOM,98.5,98.5,98.5,10000,985000
2018-05,HAYL-BD-31/05/19-C2349,SPOT,98.5,98.5,98.5,36000,3546000
2018-05,HAYL-BD-31/05/19-C2349,TOM,98.5,98.5,98.5,11500,1132750
2018-08,HAYL-BD-31/05/19-C2349,SPOT,98.5,98.5,98.5,500,49250
2018-09,HAYL-BD-31/05/19-C2349,SPOT,97.5,97.5,97.5,11500,1121250
2020-02,HAYL-BD-26/08/24-C2428,SPOT,102.1,102.1,102.1,1,102.1
2020-05,HAYL-BD-26/08/24-C2428,SPOT,90.9609,90.9609,90.9609,230000,20921007
2020-07,HAYL-BD-26/08/24-C2428 ,TOM,107.2948,107.2948,107.2948,100000,10729480
2025-11,HAYL-BD-14/05/28-C2568,TOM,100,100,100,35100,3510000
2025-12,HAYL-BD-14/05/28-C2568,SPOT,99.8,99.8,99.8,10000,998000
Company Id :  HDFC,,,,,,,
Short Name : THE HOUSING DEVELOPMENT FINANCE CORPORATION BANK OF SRI LANKA,,,,,,,
Month,Debt Description      ,Settlement Board,Price High (Rs.),Price Low (Rs.),Price Last Traded (Rs.),Share Volume,Turnover (Rs.)
2013-11,HDFC-BC-23/10/18C15.5,TOM,101.0431,101.0431,101.0431,600000,60625860
2014-01,HDFC-BC-23/10/18C15.5,TOM,108.5764,106.7937,106.7937,200000,21626145
2014-02,HDFC-BC-23/10/17B15,TOM,110.3053,110.3053,110.3053,62400,6883050.72
2014-02,HDFC-BC-23/10/18C15.5,TOM,111.9087,111.0883,111.9087,200000,22340720
2014-03,HDFC-BC-23/10/17B15,TOM,111.0645,111.0645,111.0645,62400,6930424.8
2014-03,HDFC-BC-23/10/18C15.5,TOM,114.1278,114.1278,114.1278,200000,22825560
2014-04,HDFC-BC-23/10/17B15,SPOT,104,104,104,74700,7768800
2014-07,HDFC-BC-23/10/18C15.5,SPOT,115.0254,115.0254,115.0254,30000,3450762
2014-09,HDFC-BC-23/10/18C15.5,SPOT,116.9068,116.9068,116.9068,100000,11690680
2014-09,HDFC-BC-23/10/18C15.5,TOM,120.3977,120.3977,120.3977,2500,300994.25
2014-11,HDFC-BC-23/10/18C15.5,SPOT,122.8586,122.8586,122.8586,82000,10074405.2
2014-11,HDFC-BC-23/10/18C15.5,TOM,122,122,122,82000,10004000
2014-12,HDFC-BC-23/10/18C15.5,TOM,112.2621,106.97,106.97,550000,60156525
2015-01,HDFC-BC-23/10/17B15,TOM,100,100,100,10000,1000000
2015-02,HDFC-BC-23/10/17B15,TOM,106.8292,106.8292,106.8292,10000,1068292
2015-02,HDFC-BC-23/10/18C15.5,TOM,119.735,119.735,119.735,97500,11674162.5
2015-03,HDFC-BC-23/10/18C15.5,TOM,111.6444,109.1638,109.1638,220000,24437738
2015-04,HDFC-BC-23/10/16A14.5,SPOT,105,105,105,30000,3150000
2015-05,HDFC-BC-23/10/16A14.5,TOM,106.7121,106.7121,106.7121,30000,3201363
2015-06,HDFC-BC-23/10/17B15,SPOT,111.8899,111.8899,111.8899,198900,22254901.11
2015-08,HDFC-BC-23/10/17B15,TOM,109.6075,109.6075,109.6075,10000,1096075
2015-09,HDFC-BC-23/10/17B15,SPOT,106,103,106,56000,5928000
2015-09,HDFC-BC-23/10/17B15,TOM,107.2986,107.2986,107.2986,1000,107298.6
2015-10,HDFC-BC-23/10/17B15,SPOT,106,106,106,4000,424000
2016-01,HDFC-BC-23/10/17B15,TOM,103.5,103.5,103.5,1000,103500
2016-03,HDFC-BC-23/10/17B15,SPOT,103,103,103,10000,1030000
2016-07,HDFC-BC-23/10/18C15.5,CASH,10,10,10,18000,180000
2016-09,HDFC-BC-23/10/17B15,SPOT,104.7479,104.7479,104.7479,10,1047.479
2016-10,HDFC-BC-23/10/17B15,SPOT,105.331,105.331,105.331,1,105.331
2017-02,HDFC-BC-23/10/17B15,SPOT,102,102,102,200,20400
2019-02,HDFC-BD-20/11/25-C2330,SPOT,100,100,100,120000,12000000
2020-01,HDFC-BD-20/11/25-C2330,SPOT,96,94,94,59300,5579400
2020-02,HDFC-BD-20/11/25-C2330,SPOT,95,94,94,64900,6106600
2020-02,HDFC-BD-20/11/25-C2330,TOM,95.1524,95.1524,95.1524,3000,285457.2
2020-08,HDFC-BD-20/11/25-C2330,SPOT,99.8837,99.8709,99.8837,14200,1418338.8
Company Id :  HHL,,,,,,,
Short Name :  Hemas Holdings,,,,,,,
Month,Debt Description      ,Settlement Board,Price High (Rs.),Price Low (Rs.),Price Last Traded (Rs.),Share Volume,Turnover (Rs.)
2014-06,HHL-BC-29/04/19A11,TOM,102.1727,102.1727,102.1727,143300,14641347.91
2015-01,HHL-BC-29/04/19A11,SPOT,100,100,100,5000,500000
2015-03,HHL-BC-29/04/19A11,SPOT,105.6878,105.6878,105.6878,350000,36990730
2015-11,HHL-BC-29/04/19A11,SPOT,101.4884,101.4884,101.4884,200,20297.68
2018-10,HHL-BC-29/04/19A11,SPOT,101.4884,101.4884,101.4884,20,2029.768
Company Id :  HNB,,,,,,,
Short Name :  Hatton National Bank,,,,,,,
Month,Debt Description      ,Settlement Board,Price High (Rs.),Price Low (Rs.),Price Last Traded (Rs.),Share Volume,Turnover (Rs.)
2005-08,HNB-BC-10/09/07A13.75,SPOT,100.25,100.25,100.25,14000,1403500
2005-09,HNB-BC-10/09/07A13.75,CASH,98.9999928,98.9999928,98.9999928,2000,197999.9856
2005-09,HNB-BC-10/09/07A13.75,FORWARD,101.2500605,101.2500605,101.2500605,22100,2237626.33705
2005-09,HNB-BC-22/07/08A10,FORWARD,92.9999931,92.9999931,92.9999931,23850,2218049.835435
2005-09,HNB-BC-22/07/08A10,SPOT,90.0000872,90.0000872,90.0000872,200,18000.01744
2005-09,HNB-BC-10/09/07A13.75,TOM,98.99998,97.9999752,98.0000071,42100,4141082.23556
2005-09,HNB-BC-22/07/08A10,TOM,90.0000872,89.9997304,89.9999682,24350,2191497.139445
2005-10,HNB-BC-10/09/07A13.75,TOM,104.4999662,97.9999746,98.0499734,43400,4413371.11021
2005-10,HNB-BC-10/09/12A14.2,TOM,98.0499175,98.0499175,98.0499175,3250,318662.231875
2005-10,HNB-BC-22/07/08A10,TOM,90.0000641,89.9999708,90.0000641,16100,1448999.99533
2005-11,HNB-BC-10/09/07A12.4,SPOT,96.0000177,96.0000177,96.0000177,3000,288000.0531
2005-11,HNB-BC-22/07/08A10,SPOT,92.9999089,92.9999089,92.9999089,30000,2789997.267
2005-11,HNB-BC-10/09/07A13.75,TOM,98.0999295,98.0299641,98.0696482,11850,1161759.434345
2005-11,HNB-BC-22/07/08A10,TOM,93.0000245,89.9999138,89.9999138,33000,2973001.1258
2005-12,HNB-BC-22/07/08A10,FORWARD,88.0664212,88.0664212,88.0664212,2000,176132.8424
2005-12,HNB-BC-10/09/07A13.75,TOM,98.0199815,96.9999943,98.0000416,7050,687929.96568
2006-01,HNB-BC-10/09/07A13.75,CASH,97.0000554,96.9999504,97.0000554,3100,300700.13144
2006-01,HNB-BC-10/09/07A13.75,FORWARD,98.0194845,97.0164586,97.0164586,8500,826144.43695
2006-01,HNB-BC-10/09/07A13.75,SPOT,99.2499441,98.1900558,99.2499441,9750,962394.862275
2006-01,HNB-BC-10/09/07A13.75,TOM,97.9999757,96.9999745,96.9999745,18200,1778499.53006
2006-01,HNB-BC-22/07/08A10,FORWARD,88.0000354,87.03324,87.03324,8850,777833.15646
2006-01,HNB-BC-22/07/08A10,TOM,88.0195989,88.0000021,88.0195989,600,52809.79966
2006-02,HNB-BC-10/09/07A13.75,CASH,101.037418,95.0000576,95.0000576,1100,110537.42376
2006-02,HNB-BC-10/09/07A13.75,FORWARD,96.99998,96.0000239,96.0000239,9200,887400.0355
2006-02,HNB-BC-10/09/07A13.75,SPOT,101.7088052,98.3600185,98.3600185,26500,2609889.27695
2006-02,HNB-BC-10/09/07A13.75,TOM,98.3470946,96.9999727,97.4999649,11100,1078833.80917
2006-02,HNB-BC-22/07/08A10,FORWARD,86.0380752,85.9999319,86.0380752,14000,1204098.24457
2006-02,HNB-BC-22/07/08A10,SPOT,90.2400124,90.2400124,90.2400124,10000,902400.124
2006-02,HNB-BC-10/09/09A14,TOM,97.9998684,97.9998684,97.9998684,2000,195999.7368
2006-03,HNB-BC-10/09/07A13.75,FORWARD,100.9396004,97.999989,97.999989,224945,22672363.918288
2006-03,HNB-BC-10/09/07A13.75,SPOT,100.9396004,98.0000179,100.9396004,31550,3161131.98147
2006-03,HNB-BC-22/07/08A10,SPOT,94.1213737,94.1213737,94.1213737,45600,4291934.64072
2006-03,HNB-BC-22/07/08A10,FORWARD,94.1213737,90.3199472,90.5799738,150725,14103708.529505
2006-04,HNB-BC-10/09/07A13.75,CASH,98.5000464,98.5000464,98.5000464,5000,492500.232
2006-04,HNB-BC-10/09/07A13.75,FORWARD,98.5000085,98.4500021,98.5000085,10000,984720.0967
2006-04,HNB-BC-22/07/08A10,FORWARD,90.9000311,90.6799373,90.9000311,32250,2928941.676865
2006-04,HNB-BC-22/07/08A9.21,FORWARD,94.9300487,94.9300487,94.9300487,5000,474650.2435
2006-04,HNB-BC-10/09/07A13.75,SPOT,99.8999641,98.4153293,99.3030638,20500,2023385.0171
2006-04,HNB-BC-22/07/08A10,SPOT,90.5674678,90.5674678,90.5674678,1666,150885.4013548
2006-05,HNB-BC-10/09/07A13.75,CASH,95.0000072,93.0000414,95.0000072,16588,1545260.6426936
2006-05,HNB-BC-10/09/07A13.75,FORWARD,98.5600553,97.9999602,97.9999602,6700,660004.2534
2006-05,HNB-BC-22/07/08A10,FORWARD,91.2200306,91.0010838,91.2200306,30650,2789733.718665
2006-05,HNB-BC-22/07/08A10,SPOT,92.1949778,92.1949778,92.1949778,11000,1014144.7558
2006-05,HNB-BC-10/09/07A13.75,TOM,99.0950819,96.1002454,96.1002454,10000,975976.6365
2006-05,HNB-BC-22/07/08A10,TOM,86.9999231,86.9999231,86.9999231,2000,173999.8462
2006-06,HNB-BC-10/09/07A13.75,CASH,99.9999692,97.9999957,98.0831861,9300,919216.754235
2006-06,HNB-BC-10/09/07A13.75,FORWARD,99.1679573,98.1450493,98.1799589,14150,1392043.981115
2006-06,HNB-BC-10/09/09A14,FORWARD,97.9999695,97.9999695,97.9999695,2250,220499.931375
2006-06,HNB-BC-22/07/08A10,FORWARD,91.0000571,90.6499938,90.7300156,34300,3113990.34088
2006-06,HNB-BC-10/09/07A13.75,SPOT,99.3641509,98.0965357,98.6384091,34000,3364041.56465
2006-07,HNB-BC-10/09/07A12.4,FORWARD,96.4999767,96.4999767,96.4999767,4000,385999.9068
2006-07,HNB-BC-10/09/07A13.75,FORWARD,98.2999866,98.1999574,98.2999866,18200,1788301.8687
2006-07,HNB-BC-22/07/08A10,FORWARD,90.8800437,90.6999934,90.7000363,22500,2041975.07595
2006-07,HNB-BC-10/09/07A13.75,SPOT,98.2793375,98.2639773,98.2793375,18000,1769020.3949
2006-08,HNB-BC-10/09/07A13.75,FORWARD,98.4000245,97.9999644,97.9999644,58000,5701171.8199
2006-08,HNB-BC-22/07/08A10,FORWARD,91.0299916,90.2500294,90.3000705,76000,6860879.5911
2006-08,HNB-BC-10/09/07A13.75,SPOT,98.4040195,98.4040195,98.4040195,14000,1377656.273
2006-08,HNB-BC-22/07/08A10,SPOT,90.5190811,90.2999833,90.5190811,13332,1205540.0048344
2006-09,HNB-BC-10/09/07A13.75,FORWARD,98.0000299,97.999973,98.0000097,10500,1029000.00925
2006-09,HNB-BC-22/07/08A10,FORWARD,90.6900641,90.0000561,90.2999757,38625,3491940.7331225
2006-09,HNB-BC-22/07/08A10,SPOT,90.6718123,90.6718123,90.6718123,1000,90671.8123
2006-10,HNB-BC-10/09/07A12.4,FORWARD,96.5999903,96.5999903,96.5999903,6000,579599.9418
2006-10,HNB-BC-10/09/07A13.75,FORWARD,98.0000301,97.9999628,98.0000301,12100,1185800.05798
2006-10,HNB-BC-22/07/08A10,FORWARD,90.3000072,89.2500644,90.3000072,15100,1348725.91524
2006-10,HNB-BC-10/09/07A12.4,SPOT,96.6283284,96.6283284,96.6283284,1000,96628.3284
2006-10,HNB-BC-10/09/07A13.75,SPOT,98.7342264,98.1225081,98.1225081,18000,1768652.019
2006-10,HNB-BC-22/07/08A10,SPOT,90.9733656,90.2980987,90.2980987,66666,6053576.3929342
2006-11,HNB-BC-10/09/07A13.75,FORWARD,98.000029,97.9999812,97.9999863,36280,3555439.807
2006-11,HNB-BC-22/07/08A10,FORWARD,90.3000382,90.3000252,90.3000252,8300,749490.22606
2006-11,HNB-BC-22/07/08A9.21,FORWARD,90.9999728,90.9999728,90.9999728,100,9099.99728
2006-11,HNB-BC-10/09/07A13.75,SPOT,98.6818044,98.6818044,98.6818044,5000,493409.022
2006-12,HNB-BC-10/09/07A13.75,FORWARD,98.0000127,97.999967,98.0000127,11300,1107399.75541
2006-12,HNB-BC-22/07/08A10,FORWARD,90.3000509,89.9999917,90.000001,22300,2008530.09357
2006-12,HNB-BC-10/09/07A13.75,SPOT,98.754598,94.0000213,94.0000213,3750,366763.809975
2007-01,HNB-BC-22/07/08A10,CASH,92.2408682,92.2408682,92.2408682,1000,92240.8682
2007-01,HNB-BC-10/09/07A13.75,FORWARD,99.0000486,97.9999726,97.9999768,122870,12156915.483986
2007-01,HNB-BC-22/07/08A10,FORWARD,93.0001231,89.9999681,90.0000116,280525,26045207.7954725
2007-01,HNB-BC-10/09/07A13.75,SPOT,98.6555597,98.6492463,98.6555597,14000,1381146.2688
2007-01,HNB-BC-22/07/08A10,SPOT,91.6193664,91.6193664,91.6193664,1666,152637.8644224
2007-01,HNB-BC-10/09/07A12.4,TOM,96.2607089,96.2607089,96.2607089,100,9626.07089
2007-02,HNB-BC-10/09/07A13.75,FORWARD,97.9999997,97.9999895,97.9999915,36750,3601499.765025
2007-02,HNB-BC-22/07/08A10,FORWARD,90.4999907,90.4999691,90.4999691,11800,1067899.75418
2007-02,HNB-BC-10/09/07A13.75,SPOT,98.8329542,98.8329542,98.8329542,3000,296498.8626
2007-03,HNB-BC-10/09/07A13.75,FORWARD,98.0000148,97.9999819,98.0000148,14100,1381799.90896
2007-03,HNB-BC-10/09/09A14,FORWARD,92.0000254,92.0000254,92.0000254,46100,4241201.17094
2007-03,HNB-BC-22/07/08A10,FORWARD,90.5000418,90.4999491,90.4999703,31400,2841700.68416
2007-03,HNB-BC-22/07/08A9.21,FORWARD,90.000005,90.000005,90.000005,1000,90000.005
2007-03,HNB-BC-10/09/07A13.75,SPOT,98.746863,98.746863,98.746863,3500,345614.0205
2007-03,HNB-BC-10/09/09A14,SPOT,94.0505132,94.0505132,94.0505132,2000,188101.0264
2007-04,HNB-BC-10/09/07A13.75,FORWARD,97.9999984,97.9999866,97.9999866,7000,685999.9652
2007-04,HNB-BC-22/07/08A10,FORWARD,90.5000073,90.4999611,90.4999737,19700,1782849.90609
2007-04,HNB-BC-10/09/07A13.75,SPOT,98.9987057,98.9987057,98.9987057,500,49499.35285
2007-05,HNB-BC-10/09/07A13.75,FORWARD,98.000008,95.9999907,95.9999907,9500,914999.98805
2007-05,HNB-BC-10/09/09A14,FORWARD,88.0000467,88.0000467,88.0000467,5600,492800.26152
2007-05,HNB-BC-10/09/12A12.65,FORWARD,90.0001011,90.0001011,90.0001011,2000,180000.2022
2007-05,HNB-BC-22/07/08A10,FORWARD,90.5000109,89.0000192,89.0000192,7800,698100.05993
2007-06,HNB-BC-10/09/07A13.75,FORWARD,96.0000074,95.9999944,95.9999969,5000,480000.0068
2007-06,HNB-BC-22/07/08A10,FORWARD,88.9999781,88.9999598,88.9999781,16000,1423999.4351
2007-07,HNB-BC-10/09/07A12.4,FORWARD,95.0000031,95.0000031,95.0000031,500,47500.00155
2007-07,HNB-BC-10/09/07A13.75,FORWARD,95.9999951,95.9999951,95.9999951,11000,1055999.9461
2007-07,HNB-BC-10/09/12A14.2,FORWARD,84.9999213,84.9999213,84.9999213,2500,212499.80325
2007-07,HNB-BC-22/07/08A10,FORWARD,89.0000114,88.9999602,89.0000114,22100,1966899.57283
2007-08,HNB-BC-10/09/12A14.2,FORWARD,85.0001216,84.0001134,85.0001216,5100,433400.61934
2007-08,HNB-BC-22/07/08A10,FORWARD,89.0000306,88.9999702,88.9999702,17300,1539699.95118
2007-09,HNB-BC-22/07/08A10,FORWARD,89.0000063,89.0000063,89.0000063,2500,222500.01575
2007-09,HNB-BC-22/07/08A10,SPOT,89.0000312,89.0000312,89.0000312,1000,89000.0312
2007-10,HNB-BC-22/07/08A10,FORWARD,89.9999967,88.9999767,89.9999967,22000,1972999.9886
2007-10,HNB-BC-22/07/08A10,TOM,89.9999926,89.9999926,89.9999926,2600,233999.98076
2007-11,HNB-BC-22/07/08A10,FORWARD,89.9999861,89.9999861,89.9999861,5560,500399.922716
2007-11,HNB-BC-22/07/08A10,SPOT,93.4249763,90.000026,93.4249763,26000,2357125.4275
2008-01,HNB-BC-22/07/08A10,TOM,93.9999906,93.9999906,93.9999906,1000,93999.9906
2008-02,HNB-BC-22/07/08A10,SPOT,92.8788611,92.8788611,92.8788611,10000,928788.611
2008-02,HNB-BC-22/07/08A10,TOM,91.9999833,91.9999833,91.9999833,1500,137999.97495
2008-07,HNB-BC-22/07/08A10,TOM,93.0000005,93.0000005,93.0000005,2000,186000.001
2010-11,HNB-BC-10/09/12A14.2,SPOT,94.9999345,94.9999345,94.9999345,1500,142499.90175
2013-06,HNB-BC-12/06/18A14,SPOT,100,100,100,63343,6334300
2013-07,HNB-BC-12/06/18A14,SPOT,100,100,100,31671,3167100
2014-02,HNB-BC-29/08/23A08,TOM,82.7443,82.7443,82.7443,120000,9929316
2014-03,HNB-BC-29/08/23A08,SPOT,82.7647,82.7647,82.7647,67793,5610867.3071
2014-03,HNB-BC-29/08/23A08,TOM,83.7704,83.7704,83.7704,120000,10052448
2014-09,HNB-BC-29/08/23A08,SPOT,82.2407,82.2407,82.2407,12688,1043470.0016
2014-12,HNB-BC-29/08/23A08,TOM,70.1313,70.1313,70.1313,324832,22780890.4416
2015-01,HNB-BD-14/12/17-C2272-,TOM,95.3297,95.3297,95.3297,43700,4165907.89
2015-08,HNB-BC-12/06/18A14,TOM,112.9026,111.9157,112.9026,50674,5696221.2671
2016-02,HNB-BD-14/12/17-C2272-,SPOT,94,94,94,10000,940000
2016-02,HNB-BD-14/12/19-C2274-,SPOT,89,89,89,25000,2225000
2016-08,HNB-BD-14/12/17-C2272-,SPOT,94.5,94.5,94.5,422900,39964050
2016-09,HNB-BD-28/03/21-C2346-,SPOT,93.4,93.4,93.4,50000,4670000
2016-09,HNB-BD-28/03/21-C2346-,TOM,91,91,91,100000,9100000
2016-10,HNB-BD-28/03/21-C2346-,SPOT,91,91,91,30000,2730000
2016-11,HNB-BD-01/11/23-C2361-,SPOT,100,99.8,100,263000,26298000
2016-11,HNB-BD-28/03/21-C2346-,SPOT,91.5,91.5,91.5,50000,4575000
2016-12,HNB-BD-01/11/23-C2361-,SPOT,100,100,100,121400,12140000
2016-12,HNB-BD-28/03/21-C2346-,SPOT,91.5,91.5,91.5,10000,915000
2016-12,HNB-BD-01/11/23-C2361-,TOM,100,100,100,60700,6070000
2017-01,HNB-BD-14/12/17-C2272-,SPOT,92,92,92,10000,920000
2017-02,HNB-BD-28/03/21-C2346-,SPOT,95,85.5,95,75800,6545250
2017-02,HNB-BD-28/03/21-C2346-,TOM,85.5,85.5,85.5,10000,855000
2017-03,HNB-BD-01/11/23-C2361-,SPOT,100,100,100,50600,5060000
2017-03,HNB-BD-28/03/21-C2346-,SPOT,95,90,95,11000,995000
2017-04,HNB-BD-28/03/21-C2346-,SPOT,90.1,90,90.1,126000,11350000
2017-05,HNB-BC-12/06/18A14,SPOT,101.59,101.59,101.59,95014,9652472.26
2017-05,HNB-BD-01/11/23-C2361-,SPOT,101,101,101,200,20200
2017-05,HNB-BD-28/03/21-C2346-,SPOT,91,87,91,107400,9681300.12
2017-06,HNB-BC-12/06/18A14,TOM,101.7018,101.7018,101.7018,44340,4509457.812
2017-06,HNB-BD-28/03/21-C2346-,TOM,90,90,90,25000,2250000
2017-07,HNB-BD-01/11/23-C2361-,TOM,99.8457,99.8457,99.8457,34200,3414722.94
2017-08,HNB-BD-28/03/21-C2346-,TOM,89.4,89.4,89.4,60000,5364000
2017-09,HNB-BD-28/03/21-C2346-,SPOT,88,87.5,88,120000,10510000
2017-11,HNB-BD-01/11/23-C2361-,SPOT,100,100,100,7500,750000
2017-11,HNB-BD-28/03/21-C2346-,SPOT,88,87.5,88,15000,1315000
2017-12,HNB-BD-14/12/19-C2274-,SPOT,85,85,85,10000,850000
2018-01,HNB-BD-28/03/21-C2346-,SPOT,98.0176,98.0176,98.0176,100000,9801760
2018-03,HNB-BD-28/03/21-C2346-,SPOT,92.5,92.5,92.5,5000,462500
2018-10,HNB-BD-28/03/21-C2346-,SPOT,94,94,94,20000,1880000
2018-05,HNB-BD-01/11/23-C2361-,TOM,100,100,100,121400,12140000
2018-07,HNB-BD-28/03/21-C2346-,SPOT,93.8,92.7,93.8,54000,5060800
2019-02,HNB-BD-01/11/23-C2361-,SPOT,100,100,100,39500,3950000
2019-02,HNB-BD-28/03/21-C2346-,SPOT,96,96,96,6500,624000
2019-03,HNB-BD-28/03/21-C2346-,SPOT,94,94,94,14000,1316000
2019-05,HNB-BD-01/11/23-C2361-,SPOT,100,100,100,39500,3950000
2019-06,HNB-BD-14/12/24-C2275-,SPOT,75,75,75,200,15000
2019-06,HNB-BD-28/03/21-C2346-,SPOT,94.9,94.9,94.9,20000,1898000
2020-01,HNB-BD-01/11/23-C2361-,SPOT,100,100,100,3800,380000
2020-01,HNB-BD-28/03/21-C2346-,SPOT,98,98,98,3800,372400
2020-02,HNB-BD-28/03/21-C2346-,SPOT,100.2014,99.7,100.2014,80000,8001070
2020-05,HNB-BD-28/03/21-C2346-,TOM,100,100,100,2000,200000
2020-08,HNB-BD-01/11/23-C2361-,SPOT,102.4186,99.4669,99.4669,4000,409083.36
2020-08,HNB-BD-28/03/21-C2346-,SPOT,100.6979,100.6979,100.6979,3000,302093.7
2020-09,HNB-BD-28/03/21-C2346- ,SPOT,100,100,100,5000,500000
2022-03,HNB-BC-31/07/22B16.75,TOM,100.7628,100.7628,100.7628,5000000,503814000
2022-07,HNB-BD-22/09/24-C2430-,SPOT,74.0018,74.0018,74.0018,50000,3700090
2024-11,HNB-BD-26/08/29-C2542-,SPOT,99.6136,99.6136,99.6136,1000000,99613600
2025-06,HNB-BD-26/08/29-C2542-,SPOT,103.8412,103.8412,103.8412,5000,519206
2025-11,HNB-BD-26/08/29-C2542,SPOT,105.6909,105.6909,105.6909,50000,5284545
Company Id :HPWR,,,,,,,
Short Name : RESUS ENERGY PLC,,,,,,,
Month,Debt Description      ,Settlement Board,Price High (Rs.),Price Low (Rs.),Price Last Traded (Rs.),Share Volume,Turnover (Rs.)
2023-06,HPWR-BD-29/03/27-C2496,SPOT,86.6774,86.6774,86.6774,2500,216693.5
2025-02,HPWR-BD-29/03/27-C2496,SPOT,101,98,98,2500,245150
2025-07,HPWR-BD-29/06/30-C2579,SPOT,100,100,100,450000,45000000
2025-10,HPWR-BD-29/03/27-C2496,SPOT,100,100,100,2450,245000
Company Id : JANA,,,,,,,
Short Name : Janashakthi PLC,,,,,,,
Month,Debt Description      ,Settlement Board,Price High (Rs.),Price Low (Rs.),Price Last Traded (Rs.),Share Volume,Turnover (Rs.)
2014-12,JANA-BD-19/11/19-C2268,TOM,100.0315,100.0315,100.0315,330000,33010395
2015-04, JANA-BD-19/11/19-C2268,SPOT,102.5779,102.5779,102.5779,25000,2564447.5
2015-05,JANA-BD-19/11/19-C2268,SPOT,101.6477,101.6477,101.6477,9400,955488.38
2015-09,JANA-BD-19/11/19-C2268,SPOT,99.1329,99.1329,99.1329,9325,924414.2925
2015-12,JANA-BD-19/11/19-C2268,SPOT,100.0365,100.0365,100.0365,10000,1000365
2016-01,JANA-BD-19/11/19-C2268,SPOT,100.0002,100.0002,100.0002,35000,3500007
2016-03,JANA-BD-19/11/19-C2268,SPOT,99.9614,99.9614,99.9614,7000,699729.8
2016-05,JANA-BD-19/11/19-C2268,SPOT,99.9033,99.9033,99.9033,950,94908.135
2016-12,JANA-BD-19/11/19-C2268,SPOT,92.735,92.735,92.735,95,8809.825
2017-03,JANA-BD-19/11/19-C2268,SPOT,95.6701,95.6701,95.6701,95,9088.6595
2017-06,JANA-BD-19/11/19-C2268,SPOT,95.9906,95.9906,95.9906,100,9599.06
2017-08,JANA-BD-19/11/19-C2268,TOM,96.1506,96.1506,96.1506,1000000,96150600
2018-05,JANA-BD-19/11/19-C2268,SPOT,100,100,100,100000,10000000
2018-06,JANA-BD-19/11/19-C2268,SPOT,97.7138,97.7138,97.7138,95,9282.811
2018-08,JANA-BD-19/11/19-C2268,SPOT,97.3633,97.3633,97.3633,250000,24340825
2019-03,JANA-BD-19/11/19-C2268,SPOT,98.775,98.775,98.775,500,49387.5
2019-06,JANA-BD-19/11/19-C2268,SPOT,99.1082,90,99.1082,1200,117108.2
Company Id :  KAPI,,,,,,,
Short Name : MTD Walkers PLC,,,,,,,
Month,Debt Description      ,Settlement Board,Price High (Rs.),Price Low (Rs.),Price Last Traded (Rs.),Share Volume,Turnover (Rs.)
2015-11,KAPI-BD-30/09/20-C2315,SPOT,100.2767,100.2767,100.2767,200,20055.34
Company Id :  KOTA,,,,,,,
Short Name : Kotagala Plantation PLC,,,,,,,
Month,Debt Description      ,Settlement Board,Price High (Rs.),Price Low (Rs.),Price Last Traded (Rs.),Share Volume,Turnover (Rs.)
2014-06,KOTA-BC-26/05/18A14.25,SPOT,102.9923,102.9923,102.9923,25000,2574807.5
2014-06,KOTA-BC-26/05/19B14.5,SPOT,103.5209,103.5209,103.5209,25000,2588022.5
2014-06,KOTA-BC-26/05/20C14.75,SPOT,103.9709,103.9709,103.9709,25000,2599272.5
2014-06,KOTA-BC-26/05/21D15,SPOT,104.3497,104.3497,104.3497,25000,2608742.5
2014-06,KOTA-BC-26/05/18A14.25,TOM,102.2813,102.2813,102.2813,156950,16053050.035
2014-06,KOTA-BC-26/05/19B14.5,TOM,102.6702,102.6702,102.6702,156950,16114087.89
2014-06,KOTA-BC-26/05/20C14.75,TOM,103.0005,103.0005,103.0005,156950,16165928.475
2014-06,KOTA-BC-26/05/21D15,TOM,103.2777,103.2777,103.2777,156950,16209435.015
2014-08,KOTA-BC-26/05/18A14.25,SPOT,100,100,100,5000,500000
2014-08,KOTA-BC-26/05/19B14.5,SPOT,100,100,100,5000,500000
2014-08,KOTA-BC-26/05/20C14.75,SPOT,100,100,100,5000,500000
2014-08,KOTA-BC-26/05/21D15,SPOT,100,100,100,5000,500000
2016-02,KOTA-BC-26/05/18A14.25,SPOT,104,104,104,1800,187200
2016-02,KOTA-BC-26/05/19B14.5,SPOT,105,105,105,1800,189000
2016-02,KOTA-BC-26/05/20C14.75,SPOT,106,106,106,1800,190800
2016-02,KOTA-BC-26/05/21D15,SPOT,107,107,107,1800,192600
2016-03,KOTA-BC-26/05/18A14.25,SPOT,100,100,100,2500,250000
2016-03,KOTA-BC-26/05/19B14.5,SPOT,100,100,100,2500,250000
2016-03,KOTA-BC-26/05/20C14.75,SPOT,100,100,100,2500,250000
2016-03,KOTA-BC-26/05/21D15,SPOT,100,100,100,2500,250000
2016-07,KOTA-BC-26/05/20C14.75,SPOT,101,100,100,300,30100
2016-07,KOTA-BC-26/05/21D15,SPOT,100,100,100,100,10000
2016-09,KOTA-BC-26/05/20C14.75,SPOT,100,100,100,210,21000
2016-09,KOTA-BC-26/05/21D15,SPOT,100,100,100,520,52000
2019-03,KOTA-BC-26/05/20C14.75,SPOT,80,80,80,375,30000
2019-03,KOTA-BC-26/05/21D15,SPOT,80,80,80,375,30000
Company Id :  LFIN,,,,,,,
Short Name :  LB Finance,,,,,,,
Month,Debt Description      ,Settlement Board,Price High (Rs.),Price Low (Rs.),Price Last Traded (Rs.),Share Volume,Turnover (Rs.)
2009-4,LFIN-BC-22/09/13B24,CASH,997.0812805,997.0812805,997.0812805,15000,14956219.2075
2009-9,LFIN-BC-22/09/13B24,TOM,1000.0009522,1000.0009522,1000.0009522,20000,20000019.044
2010-04,LFIN-BC-22/09/13A21,TOM,1051.0043562,1051.0043562,1051.0043562,1000,1051004.3562
2011-02,LFIN-BC-22/09/13A21,TOM,1000.0001755,1000.0001755,1000.0001755,100,100000.01755
2011-03,LFIN-BC-22/09/13A21,SPOT,987.0002512,987.0002512,987.0002512,1000,987000.2512
2012-03,LFIN-BC-22/09/13B24,TOM,1049.9994187,1049.9994187,1049.9994187,1000,1049999.4187
2014-02,LFIN-BC-28/11/18B14.5,SPOT,101,101,101,10000,1010000
2014-02,LFIN-BC-28/11/18C15,SPOT,113.276,113.276,113.276,92800,10512012.8
2014-05,LFIN-BC-28/11/18A14,TOM,111,110,111,508000,56119000
2015-08,LFIN-BC-28/11/18B14.5,TOM,112.9803,112.9803,112.9803,5000,564901.5
2016-03,LFIN-BC-28/11/18A14,SPOT,102,102,102,100,10200
2016-03,LFIN-BC-28/11/18C15,SPOT,104,104,104,10000,1040000
2018-01,LFIN-BC-28/11/18C15,SPOT,100.5,100.5,100.5,20000,2010000
2022-09,LFIN-BD-11/12/22-C2388,SPOT,97.548,97.548,97.548,183333,17883767.484
Company Id :  LION,,,,,,,
Short Name :  Lion Brewery Ceylon PLC,,,,,,,
Month,Debt Description      ,Settlement Board,Price High (Rs.),Price Low (Rs.),Price Last Traded (Rs.),Share Volume,Turnover (Rs.)
2014-07,LION-BC-17/06/18H14,SPOT,1116.4663,1116.4663,1116.4663,18600,20766273.18
2014-12,LION-BC-17/06/16F13.5,SPOT,1085.112,1082.4894,1085.112,27000,29262618.9
2015-01,LION-BC-17/06/16F13.5,SPOT,1074.2493,1074.2493,1074.2493,42300,45440745.39
2015-01,LION-BC-17/06/17G13.75,SPOT,1117.5887,1117.5887,1117.5887,55800,62361449.46
2015-01,LION-BC-17/06/18H14,SPOT,1160.477,1160.477,1160.477,55800,64754616.6
2015-06,LION-BC-17/06/16F13.5,TOM,1056.9919,1056.9919,1056.9919,42300,44710757.37
Company Id :  LOFC,,,,,,,
Short Name :  Lanka Orix Finance Company PLC ,,,,,,,
Month,Debt Description      ,Settlement Board,Price High (Rs.),Price Low (Rs.),Price Last Traded (Rs.),Share Volume,Turnover (Rs.)
2014-05,LOFC-BD-25/01/20-C2291,SPOT,97.2019,97.2019,97.2019,10100,981739.19
2015-09,LOFC-BD-25/01/20-C2291,SPOT,96.5291,96.5291,96.5291,10100,974943.91
2015-12,LOFC-BD-25/01/20-C2291,SPOT,96.6923,96.6923,96.6923,5000,483461.5
2016-03,LOFC-BD-25/01/20-C2291,SPOT,96.8039,96.8039,96.8039,2000,193607.8
2016-05,LOFC-BD-25/01/20-C2291,SPOT,95.5593,95.5593,95.5593,1000,95559.3
2016-08,LOFC-BD-25/01/20-C2291,TOM,86.6337,86.6337,86.6337,500000,43316850
2017-03,LOFC-BD-25/01/20-C2291,SPOT,91.7894,91.7894,91.7894,100,9178.94
2017-04,LOFC-BD-25/01/20-C2291,SPOT,90.8351,90.8351,90.8351,1970000,178945147
2019-03,LOFC-BD-25/01/20-C2290,SPOT,97.1877,97.1877,97.1877,500,48593.85
2019-03,LOFC-BD-25/01/20-C2290,TOM,95.359,95.3459,95.359,8465000,807172670
2019-03,LOFC-BD-25/01/20-C2291,SPOT,96.9655,96.9655,96.9655,500,48482.75
2019-03,LOFC-BD-31/07/23-C2408,TOM,99.9449,91.5214,91.5214,2000000,191466300
2019-04,LOFC-BD-31/07/23-C2408,SPOT,100,100,100,100,10000
2019-06,LOFC-BD-25/01/20-C2290,SPOT,97.9516,97.9516,97.9516,1000,97951.6
2019-06,LOFC-BD-25/01/20-C2291,SPOT,97.8572,97.8572,97.8572,1000,97857.2
2019-06,LOFC-BD-31/07/23-C2408,TOM,100,100,100,1414,141400
2020-07,LOFC-BD-31/07/23-C2408 ,TOM,109.4181,109.4181,109.4181,6181793,676400044.6533
2020-08,LOFC-BD-31/07/23-C2408,SPOT,109.238,109.238,109.238,1000000,109238000
2022-02,LOFC-BD-31/07/23-C2408,TOM,103.449,103.1144,103.449,900000,92953530
2022-01,LOFC-BD-31/07/23-C2409,SPOT,84.4325,83.936,84.4325,772203,64940779.259
2022-02,LOFC-BD-31/07/23-C2409,SPOT,84.485,84.485,84.485,59000,4984615
Company Id :  LOLC,,,,,,,
Short Name :  Lanka Orix Leasing Company PLC ,,,,,,,
Month,Debt Description      ,Settlement Board,Price High (Rs.),Price Low (Rs.),Price Last Traded (Rs.),Share Volume,Turnover (Rs.)
2013-10,LOLC-BC-30/06/15A11.7,SPOT,92.8664,92.8664,92.8664,340000,31574576
2013-12,LOLC-BC-30/06/15A11.7,SPOT,99.9805,99.9798,99.9805,903430,90325054.115
2013-12,LOLC-BC-30/06/15A11.7,TOM,99.9798,99.9798,99.9798,36570,3656261.286
2014-12,LOLC-BD-24/11/19-C2269,TOM,100.1242,100.1242,100.1242,1000000,100124200
2015-06,LOLC-BD-24/11/19-C2269,SPOT,97.3172,97.3172,97.3172,100000,9731720
2015-09,LOLC-BD-24/11/19-C2269,SPOT,96.6399,96.6399,96.6399,10100,976062.99
2015-12,LOLC-BD-24/11/19-C2269,SPOT,96.8059,96.8059,96.8059,5000,484029.5
2016-03,LOLC-BD-24/11/19-C2269,SPOT,96.9195,96.9195,96.9195,3000,290758.5
2016-05,LOLC-BD-24/11/19-C2269,SPOT,95.7344,95.7344,95.7344,1000,95734.4
2016-11,LOLC-BD-24/11/19-C2269,SPOT,87.9088,87.9088,87.9088,500,43954.4
2016-12,LOLC-BD-24/11/19-C2269,SPOT,89.3466,89.3466,89.3466,100,8934.66
2017-01,LOLC-BD-24/11/19-C2269,TOM,89.5644,89.5644,89.5644,1100000,98520840
2017-03,LOLC-BD-24/11/19-C2269,SPOT,92.207,92.207,92.207,100,9220.7
2017-04,LOLC-BD-24/11/19-C2269,SPOT,91.2417,91.2417,91.2417,3030000,276462351
2017-08,LOLC-BD-24/11/19-C2269,TOM,93.604,93.604,93.604,150000,14040600
2017-12,LOLC-BD-30/07/22-C2385,TOM,100.1303,100.1303,100.1303,2500000,250325750
2018-05,LOLC-BD-30/07/22-C2385,TOM,99.9545,99.9545,99.9545,2250000,224897625
2018-07,LOLC-BD-24/11/19-C2269,SPOT,91,91,91,1500,136500
2019-07,LOLC-BD-24/11/19-C2269,SPOT,97.5826,97.5826,97.5826,5000,487913
2020-01,LOLC-BD-27/09/24-C2432,SPOT,103.3089,103.3089,103.3089,47000,4855518.3
2020-03,LOLC-BD-27/09/24-C2432,TOM,103.2617,103.2604,103.2604,1772718,183053815.2806
2020-07,LOLC-BD-27/09/24-C2432  ,TOM,114.9223,112.1417,112.1417,1242000,142036156.6
2022-01,LOLC-BD-24/02/26-C2470,SPOT,88.5479,88.5479,88.5479,136000,12042514.4
2022-03,LOLC-BD-24/02/26-C2470,SPOT,100,100,100,1,100
2022-02,LOLC-BD-24/02/31-C2468,TOM,99.977,99.977,99.977,450000,44989650
2022-06,LOLC-BD-24/02/31-C2468,TOM,62.4094,62.4094,62.4094,15000,936141
2022-10,LOLC-BD-27/09/24-C2432,SPOT,100,95,100,155800,15555000
2022-11,LOLC-BD-27/09/24-C2432,SPOT,100,100,100,140000,14000000
2022-12,LOLC-BD-27/09/24-C2432,SPOT,65,40,40,35000,1402500
2023-06,LOLC-BD-24/02/26-C2469,SPOT,63.7253,63.7253,63.7253,5000,318626.5
2023-07,LOLC-BD-27/09/24-C2432,SPOT,95.0055,95.0055,95.0055,100,9500.55
2024-01,LOLC-BD-24/02/26-C2470,SPOT,100.05,100.05,100.05,10000,1000500
2024-02,LOLC-BD-24/02/26-C2470,SPOT,93.2525,93.2525,93.2525,136000,12682340
2024-07,LOLC-BD-24/02/31-C2468,SPOT,88.6919,88.6919,88.6919,1000000,88691900
2024-07,LOLC-BD-24/02/31-C2468,TOM,86.8503,86.8503,86.8503,1000000,86850300
2024-09,LOLC-BD-24/02/31-C2468,TOM,91.6473,91.6473,91.6473,39000,3574244.7
2025-03,LOLC-BD-24/02/26-C2469,SPOT,100.7554,100.7554,100.7554,30400,3062964.16
2025-03,LOLC-BD-24/02/31-C2468,SPOT,100,100,100,40000,4000000
Company Id :  MBSL ,,,,,,,
Short Name :  Merchant Bank of Sri Lanka,,,,,,,
Month,Debt Description      ,Settlement Board,Price High (Rs.),Price Low (Rs.),Price Last Traded (Rs.),Share Volume,Turnover (Rs.)
2013-06,MBSL-BC-27/03/18D16.5,SPOT,101.6182,101.6182,101.6182,300000,30485460
2013-10,MBSL-BC-27/03/18A17.5,SPOT,100,100,100,900,90000
2013-11,MBSL-BC-27/03/17B17.25,TOM,100,100,100,3093000,309300000
2013-12,MBSL-BC-15/11/14A11.6,SPOT,100.0077,100.0077,100.0077,1067900,106798222.83
2013-12,MBSL-BC-15/11/15B11.8,SPOT,100,100,100,100000,10000000
2013-12,MBSL-BC-15/11/14A11.6,TOM,100.0084,100.0084,100.0084,60000,6000504
2014-01,MBSL-BC-27/03/17B17.25,TOM,100,100,100,607000,60700000
2014-02,MBSL-BC-27/03/18A17.5,SPOT,118.5042,118.5042,118.5042,220000,26070924
2014-03,MBSL-BC-27/03/17B17.25,SPOT,113.25,113.25,113.25,30000,3397500
2014-03,MBSL-BC-27/03/18A17.5,SPOT,120.8988,119.3371,120.8988,1238600,148385372.06
2014-03,MBSL-BC-27/03/17B17.25,TOM,115.912,114.0366,115.912,90000,10338261
2014-06,MBSL-BC-16/12/17A14.25,SPOT,110.0712,110.0712,110.0712,1092900,120296814.48
2014-06,MBSL-BC-16/12/17A14.25,TOM,111.4248,111.4248,111.4248,400000,44569920
2014-09,MBSL-BC-27/03/18A17.5,SPOT,121.484,121.484,121.484,249300,30285961.2
2014-12,MBSL-BC-27/03/18A17.5,TOM,121.6704,121.6704,121.6704,563200,68524769.28
2015-01,MBSL-BC-16/12/17D13.25,SPOT,111.0373,111.0373,111.0373,40000,4441492
2015-01,MBSL-BC-27/03/18A17.5,TOM,121.7,121.7,121.7,900,109530
2015-03,MBSL-BC-27/03/18A17.5,TOM,119.3888,119.3888,119.3888,638600,76241687.68
2015-06,MBSL-BD-12/11/19-C2266,TOM,97.3496,97.3496,97.3496,1135200,110511265.92
2015-08,MBSL-BC-16/12/17A14.25,TOM,108.8246,108.8246,108.8246,7000,761772.2
2015-08,MBSL-BC-27/03/17B17.25,TOM,110.6435,110.6435,110.6435,25000,2766087.5
2015-11,MBSL-BC-27/03/18A17.5,SPOT,115.1819,115.1819,115.1819,500,57590.95
2016-03,MBSL-BC-27/03/18C16.7,SPOT,102,102,102,100,10200
2016-05,MBSL-BC-16/12/17A14.25,TOM,102.6267,102.6217,102.6217,400000,41049680
2016-05,MBSL-BC-27/03/18A17.5,TOM,107.915,107.915,107.915,84500,9118817.5
2016-07,MBSL-BC-27/03/18D16.5,SPOT,101,101,101,3000,303000
2016-08,MBSL-BC-27/03/18A17.5,SPOT,115.18,115.18,115.18,281600,32434688
2016-10,MBSL-BC-27/03/17B17.25,SPOT,102.5588,102.5588,102.5588,451000,46254018.8
2017-04,MBSL-BC-16/12/17D13.25,TOM,100,100,100,500,50000
2017-04,MBSL-BC-27/03/18A17.5,SPOT,93.234,93.234,93.234,500,46617
2017-04,MBSL-BC-27/03/18C16.7,SPOT,100,100,100,1000,100000
2017-04,MBSL-BC-27/03/18D16.5,TOM,102.5308,102.5308,102.5308,300000,30759240
2017-11,MBSL-BC-27/03/18D16.5,SPOT,100.4,100.3,100.3,19800,1986661.56
2017-11,MBSL-BC-27/03/18D16.5,TOM,100.3071,100.3071,100.3071,10200,1023132.42
2017-12,MBSL-BC-27/03/18A17.5,SPOT,101.7337,101.7337,101.7337,93900,9552794.43
2017-12,MBSL-BC-27/03/18C16.7,SPOT,101.4732,101.4732,101.4732,46900,4759093.08
2019-07,MBSL-BD-02/05/22-C2381,SPOT,100,100,100,10000,1000000
2020-01,MBSL-BD-02/05/22-C2381,SPOT,106.5,106.5,106.5,1,106.5
2020-01,MBSL-BD-02/05/22-C2382,SPOT,101,101,101,10001,1010101
2020-01,MBSL-BD-02/05/22-C2382,TOM,101,101,101,30000,3030000
2020-02,MBSL-BD-02/05/22-C2382,SPOT,101,101,101,9999,1009899
2020-07,MBSL-BD-02/05/22-C2381  ,SPOT,104.25,104.25,104.25,9999,1042395.75
2020-08,MBSL-BD-02/05/22-C2381,SPOT,102.1732,102.1732,102.1732,16600,1696075.12
2020-08,MBSL-BD-02/05/22-C2382,SPOT,105.4668,103.7959,105.4668,4500000,470423350
2020-08,MBSL-BD-02/05/22-C2382,TOM,105.4515,105.4515,105.4515,500000,52725750
2022-02,MBSL-BD-02/05/22-C2382,SPOT,100.612,100.5,100.5,239250,24071085
2024-09,MBSL-BD-09/04/28-C2509,SPOT,120,120,120,1000,120000
2024-10,MBSL-BD-09/04/28-C2509,SPOT,120,120,120,1000,120000
Company Id :  MERC ,,,,,,,
Short Name : Mercantile Investments and Finance ,,,,,,,
Month,Debt Description      ,Settlement Board,Price High (Rs.),Price Low (Rs.),Price Last Traded (Rs.),Share Volume,Turnover (Rs.)
2014-11,MERC-BC-05/11/18A10.5,SPOT,100.33,100.33,100.33,10000,1003300
2015-07,MERC-BC-05/11/18A10.5,SPOT,102.6187,102.6187,102.6187,9000,923568.3
2015-11,MERC-BC-05/11/18A10.5,SPOT,100.6711,100.6711,100.6711,500,50335.55
2016-09,MERC-BC-05/11/18A10.5,SPOT,97.1,96,97.1,4000,388387.9
2018-03,MERC-BC-05/11/18A10.5,SPOT,98,98,98,5000,490000
2018-05,MERC-BC-05/11/18A10.5,SPOT,100,100,100,21000,2100000
Company Id :  NDB,,,,,,,
Short Name :  National Development Bank PLC,,,,,,,
Month,Debt Description      ,Settlement Board,Price High (Rs.),Price Low (Rs.),Price Last Traded (Rs.),Share Volume,Turnover (Rs.)
2014-01,NDB-BC-19/12/18A13,SPOT,100,100,100,30000,3000000
2014-01,NDB-BC-19/12/23C13.9,TOM,112.5,112.5,112.5,75000,8437500
2014-02,NDB-BC-19/12/18A13,SPOT,100,100,100,100,10000
2014-02,NDB-BC-19/12/23C13.9,TOM,116.7997,116.7997,116.7997,187500,21899943.75
2014-02,NDB-BC-19/12/25D14,TOM,119.2263,119.2263,119.2263,250000,29806575
2014-03,NDB-BC-19/12/23C13.9,TOM,118.0993,118.0993,118.0993,187500,22143618.75
2014-03,NDB-BC-19/12/25D14,TOM,119.9506,119.9506,119.9506,250000,29987650
2014-05,NDB-BC-19/12/18A13,SPOT,105.8518,105.8518,105.8518,10000,1058518
2014-06,NDB-BC-19/12/18A13,SPOT,108.9377,108.9377,108.9377,10000,1089377
2014-09,NDB-BC-19/12/18A13,SPOT,110.1249,110.1249,110.1249,41700,4592208.33
2014-09,NDB-BC-19/12/18B13.4,SPOT,111.2794,111.2794,111.2794,41700,4640350.98
2014-12,NDB-BC-19/12/18A13,TOM,119.5266,119.5266,119.5266,10000,1195266
2014-12,NDB-BC-19/12/18B13.4,TOM,112.2621,112.2621,112.2621,5000,561310.5
2014-12,NDB-BC-19/12/23C13.9,TOM,117.3844,117.3844,117.3844,187500,22009575
2015-02,NDB-BC-19/12/18A13,TOM,110,110,110,15000,1650000
2015-03,NDB-BC-19/12/18A13,SPOT,112,112,112,20000,2240000
2015-03,NDB-BC-19/12/23C13.9,TOM,117.0521,117.0521,117.0521,100000,11705210
2015-06,NDB-BC-19/12/18B13.4,TOM,112.3528,112.3528,112.3528,100400,11280221.12
2015-07,NDB-BD-24/06/20-C2309-,TOM,100.4446,100.4446,100.4446,279500,28074265.7
2015-08,NDB-BD-24/06/20-C2309-,TOM,101.6388,100.5001,101.6388,1069000,108043242.05
2015-12,NDB-BC-19/12/18A13,SPOT,107.9374,104,104,51900,5581870.32
2015-12,NDB-BD-24/06/20-C2309-,SPOT,99,99,99,200,19800
2016-01,NDB-BC-19/12/25D14,SPOT,100.3565,100.3565,100.3565,700,70249.55
2016-09,NDB-BC-19/12/18B13.4,SPOT,98.5,98.5,98.5,10000,985000
2016-12,NDB-BC-19/12/18A13,SPOT,100.1,100.1,100.1,203000,20320300
2016-12,NDB-BC-19/12/18A13,TOM,99,99,99,41700,4128300
2017-02,NDB-BD-24/06/20-C2309-,SPOT,87,87,87,3300,287100
2017-03,NDB-BC-19/12/25D14,SPOT,101,101,101,1700,171700
2017-05,NDB-BC-19/12/23C13.9,SPOT,86,86,86,10000,860000
2017-07,NDB-BC-19/12/18A13,SPOT,96,96,96,10000,960000
2017-07,NDB-BC-19/12/18B13.4,SPOT,96,96,96,41700,4003200
2017-09,NDB-BC-19/12/18A13,SPOT,98.0339,98,98.0339,35000,3430169.5
2017-09,NDB-BC-19/12/18A13,TOM,98.0339,98.0339,98.0339,45000,4411525.5
2017-11,NDB-BC-19/12/18B13.4,SPOT,100,100,100,30000,3000000
2017-11,NDB-BC-19/12/25D14,SPOT,101.0655,100.8042,100.8042,5300,535568.76
2017-11,NDB-BD-24/06/20-C2309-,SPOT,86,86,86,10000,860000
2017-12,NDB-BC-19/12/25D14,SPOT,100.0419,100.0419,100.0419,200,20008.38
2018-01,NDB-BC-19/12/18A13,SPOT,100,100,100,3000,300000
2018-01,NDB-BC-19/12/18A13,TOM,100,100,100,3000,300000
2018-01,NDB-BC-19/12/18B13.4,SPOT,99.5312,99.5312,99.5312,41700,4150451.04
2018-01,NDB-BC-19/12/25D14,SPOT,100.5,100.5,100.5,14500,1457250
2018-02,NDB-BC-19/12/18A13,SPOT,99,99,99,10000,990000
2018-10,NDB-BC-19/12/18A13,SPOT,98.5,98.5,98.5,118100,11632850
2018-05,NDB-BD-24/06/20-C2309-,SPOT,87,87,87,500,43500
2018-09,NDB-BC-19/12/18A13,SPOT,100,100,100,15000,1500000
2020-03,NDB-BD-24/06/20-C2308-,SPOT,97.3354,97.3354,97.3354,83800,8156706.52
2020-03,NDB-BD-30/03/24-C2420-,SPOT,99.9851,99.9851,99.9851,2000000,199970200
2020-05,NDB-BC-19/12/23C13.9,SPOT,101.7273,101.7273,101.7273,1,101.7273
2022-10,NDB-BD-23/11/26-C2494-,SPOT,90,90,90,50000,4500000
2022-11,NDB-BC-19/12/25D14,SPOT,65,40,40,71000,3802900
2022-12,NDB-BC-19/12/25D14,SPOT,40,40,40,34000,1360000
2023-04,NDB-BC-19/12/25D14,TOM,73.0249,73.0249,73.0249,650,47466.185
2024-08,NDB-BC-19/12/25D14,SPOT,100.5,100.5,100.5,20,2010
2024-12,NDB-BD-01/12/29-C2553,SPOT,90,90,90,15000,1350000
2024-12,NDB-BD-01/12/29-C2553,TOM,100.0029,100.0029,100.0029,400000,40001160
2025-03,NDB-BD-11/09/29-C2548-,SPOT,100,98,100,60000,5900000
2025-03,NDB-BD-23/11/26-C2494-,SPOT,101,101,101,150000,15150000
2025-04,NDB-BD-23/11/26-C2494-,SPOT,100,100,100,500000,50000000
2025-05,NDB-BD-01/12/29-C2554-,SPOT,100.0255,99.6805,100.0255,510000,50925030
2025-05,NDB-BD-11/09/29-C2548-,SPOT,103.7958,102.2286,103.7958,110000,11277123
2025-05,NDB-BD-11/12/28-C2514-,SPOT,108.0831,108.0831,108.0831,25000,2702077.5
2025-07,NDB-BD-11/09/29-C2547-,SPOT,100,100,100,206900,20690000
2025-10,NDB-BD-01/12/29-C2553-,SPOT,104.5423,104.5423,104.5423,35000,3658980.5
2025-12,NDB-BC-19/12/25D14,SPOT,100,100,100,5000,500000
2025-12,NDB-BD-11/12/28-C2514-,SPOT,100,100,100,150800,15080000
Company Id :  NHL  ,,,,,,,
Short Name :  Nawaloka Hospitals PLC,,,,,,,
Month,Debt Description      ,Settlement Board,Price High (Rs.),Price Low (Rs.),Price Last Traded (Rs.),Share Volume,Turnover (Rs.)
2014-02,NHL-BC-30/09/19B14.15,SPOT,110.8301,110.8301,110.8301,100000,11083010
2014-06,NHL-BC-30/09/19B14.15,SPOT,115.7642,115.7642,115.7642,1700000,196799140
2015-08,NHL-BC-30/09/19B14.15,SPOT,113.7591,113.7591,113.7591,750000,85319325
2015-11,NHL-BC-30/09/19B14.15,SPOT,111.8039,111.8039,111.8039,1000000,111803900
2019-01,NHL-BC-30/09/23F14.45,SPOT,105,105,105,4500,472500
2019-02,NHL-BC-30/09/23F14.45,SPOT,100,100,100,91500,9150000
2019-06,NHL-BC-30/09/23F14.45,SPOT,102,101,101,2000,203000
2019-07,NHL-BC-30/09/23F14.45,SPOT,103.5,103.5,103.5,4100,424350
2022-12,NHL-BC-30/09/23F14.45,SPOT,65,56.3157,60,64500,3777381.57
Company Id :  NTB,,,,,,,
Short Name :  Nations Trust Bank PLC,,,,,,,
Month,Debt Description      ,Settlement Board,Price High (Rs.),Price Low (Rs.),Price Last Traded (Rs.),Share Volume,Turnover (Rs.)
2014-01,NTB-BC-03/08/16A11.5,TOM,1026.1122,1010.7202,1026.1122,400000,407366480
2014-02,NTB-BC-19/12/18A13,SPOT,100,100,100,100,10000
2014-02,NTB-BC-19/12/18A13,TOM,107.2806,107.2806,107.2806,50000,5364030
2014-03,NTB-BC-19/12/18A13,TOM,108.8094,108.8094,108.8094,50000,5440470
2014-07,NTB-BC-03/08/16A11.5,SPOT,1026.9055,1026.9055,1026.9055,50000,51345275
2014-07,NTB-BC-03/08/16A11.5,TOM,1043.848,1043.848,1043.848,41000,42797768
2014-09,NTB-BC-03/08/16A11.5,TOM,1045.1624,1045.1624,1045.1624,9000,9406461.6
2014-09,NTB-BC-19/12/18A13,SPOT,111.9462,111.9462,111.9462,50000,5597310
2014-12,NTB-BC-03/08/16A11.5,TOM,1012.6233,1012.6233,1012.6233,9000,9113609.7
2015-03,NTB-BC-19/12/18A13,SPOT,112,112,112,20000,2240000
2015-06,NTB-BC-19/12/18A13,SPOT,111.7917,111.7555,111.7555,250000,27944234
2016-11,NTB-BD-08/11/21-C2364-,SPOT,100,100,100,1500000,150000000
2016-12,NTB-BD-08/11/21-C2365-,TOM,100,100,100,500000,50000000
2017-03,NTB-BD-08/11/21-C2364-,SPOT,100,100,100,250000,25000000
2017-04,NTB-BC-19/12/18A13,SPOT,100.651,100.651,100.651,100000,10065100
2017-10,NTB-BC-19/12/18A13,SPOT,100.5,100.2,100.2,10000,1002006
2018-01,NTB-BC-19/12/18A13,SPOT,99.2707,99.2707,99.2707,30000,2978121
2018-05,NTB-BD-08/11/21-C2365-,TOM,100,100,100,500000,50000000
2019-02,NTB-BD-08/11/21-C2365-,TOM,100,100,100,970000,97000000
2019-04,NTB-BD-08/11/21-C2365-,SPOT,100,100,100,1139200,113920000
2019-06,NTB-BD-08/11/21-C2365-,SPOT,99.2638,98.5,98.5,50000,4933172.66
2019-07,NTB-BD-08/11/21-C2365-,SPOT,100,100,100,20000,2000000
2020-01,NTB-BD-08/11/21-C2365-,SPOT,100,100,100,15000,1500000
2020-08,NTB-BD-08/11/21-C2365-,SPOT,103.239,103.239,103.239,34700,3582393.3
2024-03,NTB-BD-23/12/24-C2441-,TOM,100.46,100.215,100.46,470000,47158625
Company Id :  PABC ,,,,,,,
Short Name : Pan Asia Banking Corporation Plc,,,,,,,
Month,Debt Description      ,Settlement Board,Price High (Rs.),Price Low (Rs.),Price Last Traded (Rs.),Share Volume,Turnover (Rs.)
2014-11,PABC-BC-30/10/19A9.75,TOM,100.9294,100.9294,100.9294,1000000,100929400
2014-12,PABC-BC-30/10/19A9.75,TOM,99.937,99.937,99.937,330000,32979210
2015-03,PABC-BC-18/03/17A11.25,SPOT,1037,1037,1037,15000,15555000
2016-01,PABC-BC-18/03/1700D,SPOT,1005,1005,1005,200,201000
2018-05,PABC-BC-30/10/19B9.523,SPOT,100,100,100,69113,6911300
2018-09,PABC-BD-29/09/19-C2311,SPOT,100,100,100,30000,3000000
2019-02,PABC-BD-29/09/19-C2311,SPOT,94,94,94,10000,940000
2019-06,PABC-BC-30/10/19A9.75,SPOT,90,90,90,500,45000
Company Id :  PLC ,,,,,,,
Short Name : People's Leasing & Finance,,,,,,,
Month,Debt Description      ,Settlement Board,Price High (Rs.),Price Low (Rs.),Price Last Traded (Rs.),Share Volume,Turnover (Rs.)
2013-04,PLC-BC-26/03/18B16.75,SPOT,106,106,106,1,106
2013-05,PLC-BC-26/03/18B16.75,TOM,107,105,107,25667,2715035
2013-07,PLC-BC-26/03/18B16.75,SPOT,105.2427,105.2427,105.2427,30000,3157281
2013-08,PLC-BC-26/03/18B16.75,SPOT,106.5176,106.5176,106.5176,280000,29824928
2013-10,PLC-BC-26/03/17A16.5,SPOT,100,100,100,2500000,250000000
2013-11,PLC-BC-26/03/18B16.75,TOM,105,105,105,1,105
2013-12,PLC-BC-26/03/18B16.75,TOM,110,108.61,108.61,444332,48529020
2014-01,PLC-BC-26/03/18B16.75,SPOT,100,100,100,20000,2000000
2014-01,PLC-BC-26/03/18B16.75,TOM,116,116,116,270000,31320000
2014-01,PLC-BC-26/03/18C17,TOM,116,116,116,55000,6380000
2014-02,PLC-BC-26/03/17A16.5,SPOT,113.4913,113.4913,113.4913,2500000,283728250
2014-02,PLC-BC-26/03/18B16.75,SPOT,119.69,100,119.69,714200,84514186.8
2014-02,PLC-BC-26/03/18C17,SPOT,117.212,117.2,117.212,1750000,205118000
2014-02,PLC-BC-26/03/17A16.5,TOM,114.7829,114.7829,114.7829,2500000,286957250
2014-02,PLC-BC-26/03/18B16.75,TOM,118.4436,116.8315,118.4436,894200,104905994.3
2014-02,PLC-BC-26/03/18C17,TOM,118.864,118.864,118.864,305000,36253520
2014-03,PLC-BC-26/03/17A16.5,SPOT,114.843,114.843,114.843,930000,106803990
2014-03,PLC-BC-26/03/17A16.5,TOM,115.3737,114.7731,115.3012,4070000,468514192
2014-04,PLC-BC-26/03/17A16.5,SPOT,113,113,113,250000,28250000
2014-05,PLC-BC-26/03/17A16.5,SPOT,114.9782,113,114.9782,265000,30390095
2014-05,PLC-BC-26/03/17A16.5,TOM,114.9515,114.9515,114.9515,25000,2873787.5
2014-07,PLC-BC-26/03/18B16.75,SPOT,119.4893,119.4893,119.4893,25000,2987232.5
2014-08,PLC-BC-26/03/18B16.75,TOM,118.45,118.45,118.45,65000,7699250
2014-08,PLC-BC-26/03/18C17,SPOT,120.1576,120.1576,120.1576,750000,90118200
2014-08,PLC-BC-26/03/18C17,TOM,120.9626,120.9626,120.9626,750000,90721950
2014-09,PLC-BC-26/03/18B16.75,SPOT,122.1729,122.1729,122.1729,200000,24434580
2014-09,PLC-BC-26/03/18C17,SPOT,120.5923,120.5923,120.5923,50000,6029615
2014-10,PLC-BC-23/09/18B9.625,SPOT,104.1801,100,104.1801,36200,3727010.56
2014-10,PLC-BC-26/03/18B16.75,SPOT,124.3548,124.3548,124.3548,65000,8083062
2014-10,PLC-BC-26/03/18B16.75,TOM,117.5,117.5,117.5,20000,2350000
2014-11,PLC-BC-23/09/17A8.75,SPOT,101.9053,101.9053,101.9053,100000,10190530
2014-11,PLC-BC-26/03/18C17,SPOT,119.2484,119.2484,119.2484,25000,2981210
2014-12,PLC-BC-26/03/18B16.75,TOM,119.8538,119.8538,119.8538,10000,1198538
2014-12,PLC-BC-26/03/18C17,TOM,120.3107,120.3107,120.3107,600000,72186420
2015-02,PLC-BC-23/09/18B9.625,SPOT,103.8372,103.8372,103.8372,115100,11951661.72
2015-02,PLC-BC-26/03/18C17,SPOT,122.8093,122.8093,122.8093,120000,14737116
2015-03,PLC-BC-26/03/18B16.75,TOM,100,100,100,200000,20000000
2015-04,PLC-BC-26/03/18B16.75,TOM,118.7403,118.7403,118.7403,400000,47378860
2015-08,PLC-BC-26/03/17A16.5,TOM,110.7194,110.7194,110.7194,20000,2214388
2015-09,PLC-BC-26/03/17A16.5,SPOT,108,108,108,50000,5400000
2016-03,PLC-BC-26/03/18B16.75,SPOT,105.8,100,101,20001,2068100
2016-03,PLC-BC-26/03/18C17,SPOT,107.5,107.5,107.5,10000,1075000
2016-07,PLC-BC-26/03/18B16.75,SPOT,105.5,105.5,105.5,20000,2110000
2016-07,PLC-BC-26/03/18C17,TOM,107,107,107,30000,3210000
2016-08,PLC-BC-26/03/17A16.5,SPOT,101.8913,101.8913,101.8913,1000000,101891300
2016-08,PLC-BC-26/03/18C17,SPOT,107.5,107.5,107.5,300000,32250000
2016-09,PLC-BC-26/03/17A16.5,TOM,101.412,101.412,101.412,200000,20282400
2016-10,PLC-BC-26/03/17A16.5,SPOT,102.5071,102.5071,102.5071,830000,85080893
2016-12,PLC-BD-16/11/20-C2374-,TOM,100,100,100,450000,45000000
2016-12,PLC-BD-16/11/21-C2375-,TOM,100,100,100,950000,95000000
2017-09,PLC-BD-16/11/21-C2375-,SPOT,99.9619,99.9619,99.9619,65000,6497523.5
2017-12,PLC-BC-26/03/18B16.75,SPOT,101.5341,101.5341,101.5341,100000,10153410
2017-12,PLC-BC-26/03/18C17,SPOT,101.6387,101.6387,101.6387,50000,5081935
2018-05,PLC-BC-23/09/18B9.625,SPOT,100,100,100,25600,2560000
2018-05,PLC-BD-16/11/19-C2373-,SPOT,100,100,100,500000,50000000
2018-05,PLC-BD-16/11/20-C2374-,SPOT,100,100,100,450000,45000000
2018-05,PLC-BD-16/11/21-C2375-,TOM,100,100,100,1650000,165000000
2019-01,PLC-BD-16/11/21-C2375-,SPOT,100,100,100,10000,1000000
2019-04,PLC-BD-16/11/21-C2375-,SPOT,100,100,100,270000,27000000
2022-10,PLC-BD-18/04/23-C2398-,SPOT,98,98,98,5000,490000
2024-09,PLC-BD-05/08/26-C2482-,SPOT,95.4951,95.4951,95.4951,15000,1432426.5
2025-08,PLC-BD-05/08/26-C2482-,SPOT,99.9784,99.9334,99.9334,11000,1099537.4
Company Id :  RDB,,,,,,,
Short Name :  Pradeshiya Sanwardana PLC,,,,,,,
Month,Debt Description      ,Settlement Board,Price High (Rs.),Price Low (Rs.),Price Last Traded (Rs.),Share Volume,Turnover (Rs.)
2015-12,RDB-BD-29/01/20-C2293-,SPOT,90,90,90,1000,90000
2019-02,RDB-BD-29/01/20-C2293-,SPOT,89.9994,89.9994,89.9994,1000,89999.4
2020-01,RDB-BD-29/01/20-C2293-,SPOT,100,100,100,1,100
Company Id :  RICH,,,,,,,
Short Name :  Richard Pieris and Company PLC,,,,,,,
Month,Debt Description      ,Settlement Board,Price High (Rs.),Price Low (Rs.),Price Last Traded (Rs.),Share Volume,Turnover (Rs.)
2014-05,RICH-BC-16/05/17A10.75,TOM,101.2105,101.2105,101.2105,156500,15839443.25
2014-07,RICH-BC-16/05/19C11.25,TOM,104.7312,104.7312,104.7312,140000,14662368
2015-02,RICH-BC-16/05/19C11.25,TOM,107.8144,107.8144,107.8144,280000,30188032
2015-11,RICH-BC-16/05/17A10.75,SPOT,101.0558,101.0558,101.0558,200,20211.16
2016-04,RICH-BC-16/05/19C11.25 ,SPOT,99.1226,99.1226,99.1226,315000,31223619
2017-02,RICH-BC-16/05/19C11.25,SPOT,96,95,95,15000,1435000
2017-03,RICH-BC-16/05/19C11.25,SPOT,95,95,95,13000,1235000
2017-04,RICH-BC-16/05/17A10.75,TOM,98,98,98,200,19600
2017-05,RICH-BC-16/05/19C11.25,SPOT,95,95,95,10000,950000
2017-07,RICH-BC-16/05/19C11.25,SPOT,95.5,95.5,95.5,5000,477500
2017-09,RICH-BC-16/05/19C11.25,SPOT,96,95.5,96,39000,3736000
2017-10,RICH-BC-16/05/19C11.25,SPOT,97,97,97,5000,485000
2017-11,RICH-BC-16/05/19C11.25,SPOT,97,97,97,42000,4074000
2017-11,RICH-BC-16/05/19C11.25,TOM,97.3,97.3,97.3,2000,194600
2018-01,RICH-BC-16/05/19C11.25,SPOT,97.7,97.7,97.7,6000,586200
2018-03,RICH-BC-16/05/19C11.25,SPOT,98.5,98.3,98.5,63000,6196800
2018-03,RICH-BC-16/05/19C11.25,TOM,98.5,98.2,98.2,23000,2259200
2018-05,RICH-BC-16/05/19C11.25,SPOT,98.5,98.5,98.5,19000,1871500
2019-02,RICH-BC-16/05/19C11.25,TOM,99,99,99,3000,297000
2019-04,RICH-BC-16/05/19C11.25,TOM,99.5,99.5,99.5,10000,995000
Company Id :  SAMP,,,,,,,
Short Name :  Sampath Bank,,,,,,,
Month,Debt Description      ,Settlement Board,Price High (Rs.),Price Low (Rs.),Price Last Traded (Rs.),Share Volume,Turnover (Rs.)
2005-09,SAMP-BC-07/06/09A9.75,CASH,90.0001841,90.0001841,90.0001841,500,45000.09205
2005-09,SAMP-BC-07/06/09A9.81,CASH,98.7500629,98.7500629,98.7500629,1000,98750.0629
2005-10,SAMP-BC-07/06/09A10,CASH,84.2954514,84.2954514,84.2954514,300,25288.63542
2005-11,SAMP-BC-07/06/09A9.75,FORWARD,87.257235,87.257235,87.257235,5000,436286.175
2006-01,SAMP-BC-07/06/09A9.75,TOM,85.1026387,85.1026387,85.1026387,300,25530.79161
2006-02,SAMP-BC-07/06/09A9.81,TOM,91.9925538,91.9925538,91.9925538,1000,91992.5538
2006-03,SAMP-BC-07/06/09A9.75,FORWARD,88.6458232,88.6458232,88.6458232,10000,886458.232
2006-03,SAMP-BC-07/06/09A10,SPOT,90.1928059,90.1928059,90.1928059,5000,450964.0295
2006-03,SAMP-BC-07/06/09A10,TOM,85.6381946,85.6381946,85.6381946,500,42819.0973
2006-06,SAMP-BC-07/06/09A10,FORWARD,80.0000439,80.0000439,80.0000439,100,8000.00439
2006-09,SAMP-BC-07/06/09A9.81,SPOT,91.7453041,91.7453041,91.7453041,10500,963325.69305
2006-10,SAMP-BC-07/06/09A9.81,SPOT,90.601747,90.601747,90.601747,3500,317106.1145
2007-01,SAMP-BC-07/06/09A9.81,SPOT,96.6186266,96.6186266,96.6186266,3500,338165.1931
2007-03,SAMP-BC-07/06/09A10,CASH,92.0000261,92.0000261,92.0000261,1000,92000.0261
2007-04,SAMP-BC-07/06/09A10,CASH,91.0089792,91.0089792,91.0089792,5000,455044.896
2007-04,SAMP-BC-07/06/09A9.81,CASH,93.7499221,93.7499221,93.7499221,69200,6487494.60932
2007-06,SAMP-BC-07/06/09A10,CASH,89.8999641,89.8999641,89.8999641,15000,1348499.4615
2008-03,SAMP-BC-07/06/09A10,SPOT,86.4999835,86.4999835,86.4999835,500,43249.99175
2008-03,SAMP-BC-29/08/12C20.83,SPOT,73.6599257,73.6599257,73.6599257,10000,736599.257
2008-10,SAMP-BC-29/08/12A15.5,FORWARD,80.0000762,80.0000762,80.0000762,200,16000.01524
2008-11,SAMP-BC-29/08/12A15.5,SPOT,89.9999247,89.9999247,89.9999247,10000,899999.247
2010-06,SAMP-BC-29/08/12A15.5,CASH,83.9999794,83.9999794,83.9999794,2000,167999.9588
2010-07,SAMP-BC-29/08/12A15.5,FORWARD,100.0000113,100.0000113,100.0000113,2500,250000.02825
2010-08,SAMP-BC-29/08/12B17.5,FORWARD,100.0060847,100.0060847,100.0060847,2500,250015.21175
2011-03,SAMP-BC-29/08/12A15.5,SPOT,105.3744549,105.3744549,105.3744549,2500,263436.13725
2011-06,SAMP-BC-29/08/12B17.5,CASH,94.9999659,94.9999659,94.9999659,5000,474999.8295
2011-12,SAMP-BC-29/08/12A15.5,CASH,99.9999873,99.9999873,99.9999873,7000,699999.9111
2012-11,SAMP-BC-11/10/17A15,CASH,100.0000275,100.0000275,100.0000275,150,15000.004125
2012-11,SAMP-BC-11/10/17B16.5,TOM,100.0000928,100.0000928,100.0000928,153180,15318014.215104
2013-02,SAMP-BC-11/10/17A15,SPOT,92,92,92,50000,4600000
2013-03,SAMP-BC-11/10/17B16.5,SPOT,95.0001,95,95.0001,6000,570000.1
2013-04,SAMP-BC-11/10/17B16.5,SPOT,106,100,106,1011,101166
2013-05,SAMP-BC-11/10/17A15,TOM,96.8573,96.8573,96.8573,50000,4842865
2013-06,SAMP-BC-11/10/17B16.5,TOM,107,107,107,1,107
2013-07,SAMP-BC-11/10/17B16.5,SPOT,100,100,100,5000,500000
2013-08,SAMP-BC-11/10/17A15,SPOT,103,103,103,50000,5150000
2013-08,SAMP-BC-11/10/17B16.5,SPOT,101,100,100,79000,7975000
2013-09,SAMP-BC-11/10/17B16.5,TOM,103,100.5,100.5,5810,583930
2013-10,SAMP-BC-11/10/17A15,SPOT,90,90,90,1000,90000
2013-10,SAMP-BC-11/10/17B16.5,SPOT,100,100,100,1000,100000
2013-10,SAMP-BC-11/10/17A15,TOM,99,99,99,15000,1485000
2013-10,SAMP-BC-11/10/17B16.5,TOM,100,100,100,112078,11207800
2013-11,SAMP-BC-11/10/17A15,SPOT,100,100,100,7000,700000
2013-11,SAMP-BC-11/10/17B16.5,SPOT,105,105,105,1500,157500
2013-11,SAMP-BC-11/10/17B16.5,TOM,102,100,102,16810,1686659.9
2013-12,SAMP-BC-04/12/18B13.4,SPOT,101.21,101.21,101.21,232700,23551567
2013-12,SAMP-BC-11/10/17A15,SPOT,100,100,100,200,20000
2013-12,SAMP-BC-11/10/17B16.5,SPOT,100,100,100,1100,110000
2013-12,SAMP-BC-11/10/17B16.5,TOM,107,107,107,100,10700
2014-01,SAMP-BC-04/12/18B13.4,SPOT,102.7997,102.7997,102.7997,232700,23921490.19
2014-01,SAMP-BC-11/10/17B16.5,SPOT,107,100,100,2910,294760
2014-02,SAMP-BC-04/12/18A13,SPOT,101,101,101,10000,1010000
2014-02,SAMP-BC-04/12/18B13.4,SPOT,108.5661,108.5661,108.5661,100000,10856610
2014-05,SAMP-BC-04/12/18A13,SPOT,105.8185,105.8185,105.8185,10000,1058185
2014-06,SAMP-BC-11/10/17A15,SPOT,108.1314,100.1,108.1314,2500,266312.8
2014-07,SAMP-BC-04/12/18A13,SPOT,105.0827,105.0827,105.0827,1000,105082.7
2014-07,SAMP-BC-11/10/17A15,SPOT,108,108,108,5000,540000
2014-07,SAMP-BC-11/10/17B16.5,SPOT,111,105,110,10500,1157500
2014-09,SAMP-BC-11/10/17A15,SPOT,105,105,105,1000,105000
2014-09,SAMP-BC-11/10/17A15,TOM,109.5,109.5,109.5,5000,547500
2014-10,SAMP-BC-04/12/18A13,SPOT,119.1692,110,110,1500,174169.2
2014-10,SAMP-BC-11/10/17A15,SPOT,110,110,110,10500,1155000
2014-10,SAMP-BC-11/10/17B16.5,SPOT,110,110,110,1000,110000
2014-11,SAMP-BC-04/12/18A13,SPOT,118.8403,118.8403,118.8403,10000,1188403
2014-11,SAMP-BC-04/12/18B13.4,SPOT,110.0153,110.0153,110.0153,15000,1650229.5
2014-11,SAMP-BC-11/10/17A15,SPOT,110,107,107,6000,657000
2014-11,SAMP-BC-11/10/17B16.5,SPOT,114.3161,114.3161,114.3161,55000,6287385.5
2014-12,SAMP-BC-04/12/18B13.4,TOM,115.9522,115.9522,115.9522,514300,59634216.46
2014-12,SAMP-BD-14/12/19-C2271,SPOT,100.4045,100.4045,100.4045,500000,50202250
2014-12,SAMP-BD-14/12/19-C2271,TOM,100.0165,100.0165,100.0165,260000,26004290
2015-01,SAMP-BC-11/10/17A15,SPOT,110,110,110,3000,330000
2015-01,SAMP-BC-11/10/17B16.5,SPOT,121,120,121,500,60400
2015-01,SAMP-BD-14/12/19-C2271,SPOT,100.7845,100.7845,100.7845,1000000,100784500
2015-02,SAMP-BD-14/12/19-C2271,SPOT,100.9483,100.9483,100.9483,1000000,100948300
2015-03,SAMP-BD-14/12/19-C2271,TOM,100.9131,96.2438,100.9131,2560000,253239612
2015-04,SAMP-BC-11/10/17A15,SPOT,100,100,100,1500,150000
2015-06,SAMP-BC-11/10/17A15,SPOT,108,108,108,1400,151200
2015-07,SAMP-BC-11/10/17B16.5,SPOT,110,110,110,7000,770000
2015-08,SAMP-BC-11/10/17A15,SPOT,105,105,105,1000,105000
2015-10,SAMP-BC-11/10/17A15,SPOT,107,107,107,500,53500
2015-12,SAMP-BC-04/12/18A13,SPOT,107.8528,107.8528,107.8528,20000,2157056
2015-12,SAMP-BC-11/10/17B16.5,SPOT,110,106,106,5000,534000
2015-12,SAMP-BD-14/12/19-C2271,TOM,94.664,94.664,94.664,1145000,108390280
2015-12,SAMP-BD-14/12/19-C2273,TOM,94.0805,94.0805,94.0805,1500000,141120750
2015-12,SAMP-BD-18/11/20-C2328,TOM,99.8679,99.8679,99.8679,500000,49933950
2016-01,SAMP-BC-04/12/18A13,SPOT,105.2456,105.2456,105.2456,6000,631473.6
2016-01,SAMP-BD-14/12/19-C2271,SPOT,90,90,90,30000,2700000
2016-02,SAMP-BC-11/10/17A15,SPOT,100,100,100,1000,100000
2016-02,SAMP-BD-14/12/19-C2273,SPOT,85,85,85,5000,425000
2016-03,SAMP-BC-11/10/17B16.5,SPOT,104,102,104,49100,5106200
2016-05,SAMP-BC-11/10/17B16.5,SPOT,106.6,101.5,101.5,5100,518160
2016-07,SAMP-BC-11/10/17A15,SPOT,101,100.5,100.5,1500,151000
2016-07,SAMP-BD-10/06/21-C2352,TOM,99.9446,99.9446,99.9446,500000,49972300
2016-08,SAMP-BC-11/10/17B16.5,SPOT,102,102,102,1000,102000
2016-08,SAMP-BD-14/12/19-C2271,SPOT,87,87,87,10000,870000
2016-09,SAMP-BC-04/12/18B13.4,SPOT,98.5,98.5,98.5,10000,985000
2016-09,SAMP-BC-11/10/17A15,SPOT,100.5,100,100,5500,552500
2016-10,SAMP-BC-11/10/17A15,SPOT,100.5,100.5,100.5,500,50250
2016-12,SAMP-BC-11/10/17A15,SPOT,98,98,98,10600,1038800
2017-01,SAMP-BC-04/12/18A13,SPOT,97,97,97,50000,4850000
2017-01,SAMP-BC-04/12/18A13,TOM,98.5,98.5,98.5,40000,3940000
2017-03,SAMP-BC-11/10/17A15,SPOT,98,98,98,1900,186200
2017-03,SAMP-BD-14/12/19-C2273,SPOT,85,85,85,5000,425000
2017-05,SAMP-BC-11/10/17B16.5,SPOT,100,80,100,3600,324000
2017-05,SAMP-BD-10/06/21-C2352,SPOT,97.5,97.5,97.5,2000,195000
2017-05,SAMP-BD-10/06/21-C2352,TOM,101.501,101.501,101.501,500000,50750500
2017-07,SAMP-BC-04/12/18A13,SPOT,96,96,96,11000,1056000
2017-07,SAMP-BD-14/12/19-C2271,SPOT,87,87,87,5000,435000
2017-08,SAMP-BD-10/06/21-C2352,TOM,101.3636,100.636,101.3636,6000000,605998800
2017-09,SAMP-BC-04/12/18A13,SPOT,98,98,98,25000,2450000
2017-09,SAMP-BD-10/06/21-C2352,SPOT,99.8607,99.8607,99.8607,500000,49930350
2017-10,SAMP-BC-04/12/18B13.4,SPOT,100.5,100.5,100.5,20000,2010000
2018-01,SAMP-BD-10/06/21-C2352,SPOT,99,99,99,40000,3960000
2018-01,SAMP-BD-10/06/21-C2352,TOM,99,99,99,5000,495000
2018-02,SAMP-BD-10/06/21-C2353,TOM,98.5,98.5,98.5,6000,591000
2018-05,SAMP-BC-04/12/18B13.4,TOM,100.2215,100.2215,100.2215,10753100,1077691811.65
2018-05,SAMP-BD-20/03/23-C2390,TOM,101.6419,101.6419,101.6419,50000,5082095
2018-06,SAMP-BD-10/06/21-C2352,SPOT,100.5,100.5,100.5,5000,502500
2018-06,SAMP-BD-14/12/19-C2271,SPOT,90.2822,90,90.2822,20000,1801411
2018-08,SAMP-BD-10/06/21-C2352,TOM,99,99,99,1000,99000
2018-09,SAMP-BC-04/12/18A13,SPOT,100,100,100,30000,3000000
2019-01,SAMP-BD-10/06/21-C2352,SPOT,100,100,100,4000,400000
2019-02,SAMP-BD-14/12/19-C2271,SPOT,100,100,100,10000,1000000
2019-03,SAMP-BD-10/06/21-C2353,TOM,97.5,97.5,97.5,1500,146250
2019-04,SAMP-BD-10/06/21-C2353,TOM,97.5,97.5,97.5,1500,146250
2019-06,SAMP-BD-10/06/21-C2352,SPOT,100,100,100,20000,2000000
2019-06,SAMP-BD-14/12/19-C2271,SPOT,98.0294,98.0294,98.0294,10000,980294
2019-06,SAMP-BD-20/03/23-C2390,SPOT,99.514,99.514,99.514,450000,44781300
2019-07,SAMP-BD-28/02/24-C2415,SPOT,100.2821,100.2821,100.2821,1000000,100282100
2020-01,SAMP-BD-10/06/21-C2352,SPOT,100,100,100,2000,200000
2020-01,SAMP-BD-18/11/20-C2328,SPOT,98.5,97.7,97.7,30000,2931800
2020-02,SAMP-BD-10/06/21-C2352,SPOT,101.2762,101.2762,101.2762,30000,3038286
2020-08,SAMP-BD-10/06/21-C2352,SPOT,102.116,100,100,12000,1204232
2020-08,SAMP-BD-21/12/22-C2389,SPOT,108.7183,108.7183,108.7183,650000,70666895
2020-08,SAMP-BD-21/12/22-C2389,TOM,106.8627,106.8627,106.8627,1000000,106862700
2020-10,SAMP-BD-21/12/22-C2389,SPOT,110.75,109.7382,110.75,700000,77170870
2022-02,SAMP-BD-20/03/23-C2390,SPOT,102.1263,102.1263,102.1263,500000,51063150
2022-02,SAMP-BD-21/12/22-C2389,SPOT,101.7107,101.7107,101.7107,1525000,155108817.5
2022-03,SAMP-BD-28/02/24-C2415,SPOT,100.5,100.5,100.5,150000,15075000
2022-12,SAMP-BD-28/02/24-C2415,SPOT,100,100,100,110000,11000000
2023-04,SAMP-BD-09/02/28-C2507,SPOT,100,100,100,100000,10000000
2023-05,SAMP-BD-09/02/28-C2507,SPOT,99.151,99.151,99.151,10000,991510
2023-05,SAMP-BD-28/02/24-C2415,SPOT,100,100,100,75000,7500000
2023-07,SAMP-BD-09/02/28-C2507,SPOT,141,141,141,50000,7050000
2023-09,SAMP-BD-09/02/28-C2507,SPOT,142,142,142,5000,710000
2024-03,SAMP-BD-09/02/28-C2507,SPOT,135,110,135,106100,13073500
2024-04,SAMP-BD-09/02/28-C2507,SPOT,141,141,141,10000,1410000
2024-08,SAMP-BD-09/02/28-C2507,SPOT,135,135,135,5000,675000
2025-01,SAMP-BD-09/02/28-C2507,SPOT,137,135,135,153700,20849500
2025-04,SAMP-BD-12/04/28-C2474,SPOT,100,100,100,500000,50000000
2025-05,SAMP-BD-09/02/28-C2507,SPOT,135.9377,100,134.1,308400,35003138.68
2025-07,SAMP-BD-09/02/28-C2507,SPOT,135.4867,100,100,100000,11774335
2025-11,SAMP-BD-09/02/28-C2507,SPOT,133.6697,127.5,127.5,118400,15518007.48
Company Id :  SCAP,,,,,,,
Short Name :  Softlogic Capital PLC,,,,,,,
Month,Debt Description      ,Settlement Board,Price High (Rs.),Price Low (Rs.),Price Last Traded (Rs.),Share Volume,Turnover (Rs.)
2020-03,SCAP-BD-19/12/24-C2439,TOM,103.3457,103.3457,103.3457,600000,62007420
2020-03,SCAP-BD-19/12/24-C2440,TOM,102.6182,102.6182,102.6182,400000,41047280
2020-05,SCAP-BD-19/12/24-C2439,SPOT,93.8147,93.8147,93.8147,600000,56288820
2020-05,SCAP-BD-19/12/24-C2440,SPOT,103,92.1192,92.1192,438501,40813283
2020-07,SCAP-BD-19/12/24-C2440   ,TOM,105.0422,105.0422,105.0422,28000,2941181.6
2022-03,SCAP-BD-19/12/24-C2439,TOM,105.668,105.668,105.668,20000,2113360
2022-07,SCAP-BD-19/12/24-C2439,SPOT,101,101,101,150000,15150000
2022-12,SCAP-BD-19/12/24-C2439,TOM,70.9692,70.9692,70.9692,350000,24839220
2024-06,SCAP-BD-19/12/24-C2439,SPOT,100,100,100,101,10100
2024-09,SCAP-BD-19/12/24-C2439,SPOT,101.0422,101.0422,101.0422,28000,2829181.6
Company Id :  SDB,,,,,,,
Short Name :  Seylan Bank,,,,,,,
Month,Debt Description      ,Settlement Board,Price High (Rs.),Price Low (Rs.),Price Last Traded (Rs.),Share Volume,Turnover (Rs.)
2020-01,SDB-BD-31/12/20-C2339-,SPOT,100,100,100,100,10000
2020-02,SDB-BD-31/12/20-C2339-,SPOT,98,98,98,1000,98000
Company Id :  SEYB,,,,,,,
Short Name :  Seylan Bank,,,,,,,
Month,Debt Description      ,Settlement Board,Price High (Rs.),Price Low (Rs.),Price Last Traded (Rs.),Share Volume,Turnover (Rs.)
2005-11,SEYB-BC-23/05/06A15,SPOT,99.3137842,99.3137842,99.3137842,100000,9931378.42
2005-11,SEYB-BC-21/12/08A10,TOM,85.5417909,85.5417909,85.5417909,3000,256625.3727
2005-12,SEYB-BC-23/05/06A15,TOM,95.9999928,95.9999928,95.9999928,100000,9599999.28
2006-01,SEYB-BC-23/05/06A16,TOM,104.9999748,104.9999748,104.9999748,800,83999.97984
2006-01,SEYB-BC-21/12/08A09,SPOT,83.6400162,83.6400162,83.6400162,7700,644028.12474
2006-04,SEYB-BC-21/12/08A10,TOM,87.6301388,87.6301388,87.6301388,300,26289.04164
2006-04,SEYB-BC-21/12/08A09,FORWARD,87.9999185,87.9999185,87.9999185,5000,439999.5925
2006-04,SEYB-BC-21/12/08A10,FORWARD,89.0000518,89.0000518,89.0000518,1000,89000.0518
2006-04,SEYB-BC-23/05/06A15,SPOT,99.0000033,99.0000033,99.0000033,1300,128700.00429
2006-04,SEYB-BC-23/05/06A16,SPOT,98.9999963,98.9999963,98.9999963,4300,425699.98409
2006-05,SEYB-BC-21/12/08A10,TOM,89.9999464,89.9999464,89.9999464,1990,179099.893336
2006-05,SEYB-BC-23/05/06A15,CASH,94.9999993,94.9999993,94.9999993,15000,1424999.9895
2006-08,SEYB-BC-21/12/08A10,TOM,89.800053,89.800053,89.800053,14000,1257200.742
2006-09,SEYB-BC-12/07/11A13,TOM,98.5001229,98.5001229,98.5001229,750,73875.092175
2006-11,SEYB-BC-21/12/08A10,SPOT,81.0000129,81.0000129,81.0000129,3000,243000.0387
2006-12,SEYB-BC-12/07/11A13,TOM,99.6539228,99.6539228,99.6539228,2000,199307.8456
2007-01,SEYB-BC-21/12/08A10,TOM,89.9840969,89.9840969,89.9840969,8000,719872.7752
2007-03,SEYB-BC-12/07/11A13,TOM,99.9087759,99.9087759,99.9087759,1000,99908.7759
2007-03,SEYB-BC-12/07/11A13,CASH,99.1059759,99.1059759,99.1059759,5000,495529.8795
2007-04,SEYB-BC-12/07/11A13,FORWARD,85.0000416,85.0000416,85.0000416,5000,425000.208
2007-08,SEYB-BC-21/12/08A10,CASH,73.0316946,73.0316946,73.0316946,7000,511221.8622
2007-08,SEYB-BC-12/07/11A12.38,FORWARD,79.9999315,79.9999315,79.9999315,100,7999.99315
2007-08,SEYB-BC-12/07/11A13.5,FORWARD,79.999905,79.999905,79.999905,400,31999.962
2007-09,SEYB-BC-29/05/12A15.75,TOM,100.0000485,100.0000485,100.0000485,500,50000.02425
2007-10,SEYB-BC-29/05/12B16.75,CASH,95.9876922,95.9876922,95.9876922,1000,95987.6922
2007-12,SEYB-BC-12/07/11A13,SPOT,70.9999133,70.9999133,70.9999133,2000,141999.8266
2007-12,SEYB-BC-29/05/12A15.75,SPOT,100.0001537,100.0001537,100.0001537,5000,500000.7685
2008-01,SEYB-BC-29/05/12B16.75,SPOT,100.0002561,100.0002561,100.0002561,5000,500001.2805
2008-01,SEYB-BC-29/05/12A15.75,TOM,65.6428808,65.6428808,65.6428808,1000,65642.8808
2008-02,SEYB-BC-29/05/12B16.75,SPOT,73.4007857,73.4007857,73.4007857,10000,734007.857
2008-05,SEYB-BC-29/05/12B16.75,FORWARD,79.5000542,79.5000542,79.5000542,300,23850.01626
2008-08,SEYB-BC-29/05/12B16.75,SPOT,74.000019,74.000019,74.000019,5000,370000.095
2008-09,SEYB-BC-09/12/12B18,CASH,85.0001002,85.0001002,85.0001002,1000,85000.1002
2008-09,SEYB-BC-29/05/12B16.75,FORWARD,83.9999985,83.9999985,83.9999985,500,41999.99925
2008-09,SEYB-BC-12/07/11A13,SPOT,67.925658,67.925658,67.925658,6800,461894.4744
2008-09,SEYB-BC-12/07/11A13.5,SPOT,75.6917844,75.6917844,75.6917844,2500,189229.461
2008-10,SEYB-BC-29/05/12A15.75,SPOT,74.1735304,74.1735304,74.1735304,10000,741735.304
2008-10,SEYB-BC-09/12/12A17,SPOT,75.3094997,75.3094997,75.3094997,13000,979023.4961
2008-10,SEYB-BC-12/07/11A13,SPOT,74.0000415,74.0000415,74.0000415,500,37000.02075
2008-11,SEYB-BC-29/05/12C16.42,SPOT,82.4431223,82.4431223,82.4431223,1000,82443.1223
2008-11,SEYB-BC-09/12/12A17,SPOT,99.5615098,99.5615098,99.5615098,9000,896053.5882
2008-12,SEYB-BC-09/12/12A17,TOM,75.7544497,75.7544497,75.7544497,50000,3787722.485
2009-2,SEYB-BC-09/12/12A17,SPOT,99.471046,99.471046,99.471046,1000,99471.046
2009-2,SEYB-BC-12/07/11A13,CASH,83.9564024,83.9564024,83.9564024,250000,20989100.6
2009-2,SEYB-BC-29/05/12A15.75,SPOT,77.5106054,77.5106054,77.5106054,5000,387553.027
2009-3,SEYB-BC-29/05/12B16.75,SPOT,80.6906253,80.6906253,80.6906253,5000,403453.1265
2009-4,SEYB-BC-12/07/11A13,FORWARD,59.9999746,59.9999746,59.9999746,100,5999.99746
2009-5,SEYB-BC-11/01/14A20.5,CASH,99.9998792,99.9998792,99.9998792,3000,299999.6376
2009-6,SEYB-BC-12/07/11A13,SPOT,100.0000865,100.0000865,100.0000865,2000,200000.173
2009-6,SEYB-BC-29/05/12B16.75,SPOT,77.4999266,77.4999266,77.4999266,1500,116249.8899
2009-6,SEYB-BC-09/12/12A17,TOM,59.6917722,59.6917722,59.6917722,500,29845.8861
2009-7,SEYB-BC-11/01/14A20.5,TOM,100.037959,100.037959,100.037959,1000,100037.959
2009-8,SEYB-BC-29/05/12C16.42,SPOT,86.0000176,86.0000176,86.0000176,10000,860000.176
2009-9,SEYB-BC-29/05/12A15.75,TOM,100.0002017,100.0000964,100.0002017,120000,12000013.674
2009-10,SEYB-BC-29/05/12B16.75,FORWARD,80.0000453,80.0000453,80.0000453,2500,200000.11325
2009-10,SEYB-BC-11/01/14A20.5,CASH,78.7500378,78.7500378,78.7500378,2000,157500.0756
2009-10,SEYB-BC-29/05/12A15.75,CASH,100.2000694,100.2000694,100.2000694,2000,200400.1388
2009-10,SEYB-BC-29/05/12C16.42,CASH,80.0000277,80.0000277,80.0000277,40000,3200001.108
2009-10,SEYB-BC-11/01/14A20.5,FORWARD,95.0000615,95.0000615,95.0000615,300,28500.01845
2009-10,SEYB-BC-09/12/12A17,SPOT,83.9999193,83.9999193,83.9999193,2500,209999.79825
2009-10,SEYB-BC-29/05/12A15.75,SPOT,80.0000026,80.0000026,80.0000026,10000,800000.026
2009-10,SEYB-BC-12/07/11A13.5,TOM,97.0000066,97.0000066,97.0000066,3000,291000.0198
2009-11,SEYB-BC-29/05/12A15.75,TOM,100.2600227,100.2600227,100.2600227,23000,2305980.5221
2009-11,SEYB-BC-29/05/12B16.75,CASH,89.9999894,89.9999894,89.9999894,1000,89999.9894
2009-11,SEYB-BC-09/12/12A17,SPOT,80.0000551,80.0000551,80.0000551,2000,160000.1102
2009-11,SEYB-BC-09/12/12C19.97,SPOT,100.0000652,100.0000652,100.0000652,200000,20000013.04
2009-12,SEYB-BC-29/05/12A15.75,TOM,100.2536596,100.100101,100.100101,20000,2003537.606
2009-12,SEYB-BC-12/07/11A13,CASH,99.9999832,99.9999832,99.9999832,5000,499999.916
2009-12,SEYB-BC-12/07/11A13,FORWARD,98.0000191,98.0000191,98.0000191,50000,4900000.955
2009-12,SEYB-BC-09/12/12B18,SPOT,90.0000584,90.0000584,90.0000584,11000,990000.6424
2009-12,SEYB-BC-09/12/12C19.97,SPOT,100.0002171,100.0002171,100.0002171,3000,300000.6513
2010-01,SEYB-BC-29/05/12A15.75,TOM,100.000082,100.000082,100.000082,24900,2490002.0418
2010-01,SEYB-BC-12/07/11A13,CASH,95.0000585,95.0000585,95.0000585,14000,1330000.819
2010-01,SEYB-BC-12/07/11A13.5,FORWARD,94.9999638,94.9999638,94.9999638,3000,284999.8914
2010-01,SEYB-BC-29/05/12A15.75,FORWARD,99.9998247,99.9998247,99.9998247,15000,1499997.3705
2010-01,SEYB-BC-09/12/12A17,SPOT,100.0001123,100.0001123,100.0001123,20000,2000002.246
2010-01,SEYB-BC-12/07/11A13,SPOT,98.0001141,98.0001141,98.0001141,5000,490000.5705
2010-02,SEYB-BC-29/05/12A15.75,SPOT,86.7500791,86.7500791,86.7500791,11000,954250.8701
2010-02,SEYB-BC-09/12/12B18,SPOT,100.0000957,74.9999957,74.9999957,25000,2375001.8925
2010-02,SEYB-BC-12/07/11A13,SPOT,100.000017,100.000017,100.000017,2000,200000.034
2010-02,SEYB-BC-29/05/12B16.75,SPOT,100.0000961,100.0000961,100.0000961,2000,200000.1922
2010-03,SEYB-BC-29/05/12B16.75,TOM,75.0000395,75.0000395,75.0000395,3000,225000.1185
2010-03,SEYB-BC-09/12/12B18,SPOT,97.0000598,97.0000598,97.0000598,2500,242500.1495
2010-03,SEYB-BC-29/05/12B16.75,SPOT,75.0000027,75.0000027,75.0000027,2000,150000.0054
2010-03,SEYB-BC-09/12/12A17,TOM,100.0000358,100.0000358,100.0000358,500,50000.0179
2010-04,SEYB-BC-29/05/12B16.75,TOM,100.0001395,100.0001395,100.0001395,2500,250000.34875
2010-04,SEYB-BC-09/12/12A17,SPOT,90.0000378,90.0000378,90.0000378,1750,157500.06615
2010-04,SEYB-BC-09/12/12B18,SPOT,99.9999103,99.9999103,99.9999103,1000,99999.9103
2010-05,SEYB-BC-29/05/12B16.75,SPOT,80.0000392,80.0000392,80.0000392,5000,400000.196
2010-05,SEYB-BC-29/05/12A15.75,CASH,100.0000123,100.0000123,100.0000123,10000,1000000.123
2010-05,SEYB-BC-29/05/12B16.75,FORWARD,100.0001073,100.0001073,100.0001073,500,50000.05365
2010-05,SEYB-BC-09/12/12B18,SPOT,100.0000039,100.0000039,100.0000039,2500,250000.00975
2010-05,SEYB-BC-29/05/12B16.75,SPOT,90.0000013,90.0000013,90.0000013,4000,360000.0052
2010-05,SEYB-BC-09/12/12A17,TOM,94.9667236,94.9667236,94.9667236,4500,427350.2562
2010-06,SEYB-BC-29/05/12A15.75,TOM,92.1568584,92.1568584,92.1568584,9909,913182.3098856
2010-06,SEYB-BC-09/12/12A17,FORWARD,99.9999891,99.9999891,99.9999891,50000,4999999.455
2010-06,SEYB-BC-09/12/12B18,FORWARD,100.0000171,100.0000171,100.0000171,4500,450000.07695
2010-06,SEYB-BC-11/01/14A20.5,FORWARD,107.4449822,100.0000212,107.4449822,2800,297123.46966
2010-06,SEYB-BC-09/12/12A17,SPOT,99.0000831,99.0000831,99.0000831,10000,990000.831
2010-06,SEYB-BC-11/01/14A20.5,SPOT,100.0000138,100.0000138,100.0000138,2000,200000.0276
2010-06,SEYB-BC-29/05/12B16.75,SPOT,100.0000275,100.0000275,100.0000275,1500,150000.04125
2010-07,SEYB-BC-09/12/12B18,TOM,100.0000034,100.0000034,100.0000034,200000,20000000.68
2010-07,SEYB-BC-29/05/12A15.75,FORWARD,100.0000082,100.0000082,100.0000082,2000,200000.0164
2010-07,SEYB-BC-09/12/12B18,SPOT,96.0000614,96.0000614,96.0000614,2000,192000.1228
2010-07,SEYB-BC-11/01/14A20.5,SPOT,97.9999273,97.9999273,97.9999273,10000,979999.273
2010-08,SEYB-BC-29/05/12B16.75,SPOT,99.9999768,99.9999355,99.9999768,5000,499999.86335
2010-08,SEYB-BC-29/05/12A15.75,FORWARD,99.9999978,99.9999978,99.9999978,2000,199999.9956
2010-08,SEYB-BC-12/07/11A13.5,SPOT,100.0000143,94.0000315,100.0000143,3000,285000.0859
2010-08,SEYB-BC-29/05/12A15.75,SPOT,99.9999437,94.9999516,99.9999437,5500,547499.6943
2010-09,SEYB-BC-29/05/12B16.75,SPOT,100.0000352,100.0000352,100.0000352,2000,200000.0704
2010-09,SEYB-BC-09/12/12A17,FORWARD,100.0000508,100.0000508,100.0000508,6000,600000.3048
2010-09,SEYB-BC-11/01/14A20.5,FORWARD,100.0000462,100.0000462,100.0000462,10000,1000000.462
2010-09,SEYB-BC-09/12/12A17,SPOT,98.4999232,98.0000022,98.4999232,5000,491499.774
2010-10,SEYB-BC-29/05/12B16.75,SPOT,90.0000139,90.0000139,90.0000139,1000,90000.0139
2010-10,SEYB-BC-09/12/12A17,CASH,99.9999394,99.9999394,99.9999394,5000,499999.697
2010-10,SEYB-BC-12/07/11A13,FORWARD,99.6423994,99.6423994,99.6423994,6250,622764.99625
2010-10,SEYB-BC-29/05/12A15.75,FORWARD,101.0000427,101.0000427,101.0000427,1000,101000.0427
2010-10,SEYB-BC-09/12/12A17,SPOT,88.9999971,88.9999971,88.9999971,5000,444999.9855
2010-11,SEYB-BC-29/05/12B16.75,TOM,101.999992,101.999992,101.999992,10000,1019999.92
2010-11,SEYB-BC-09/12/12A17,FORWARD,100.0000091,100.0000091,100.0000091,250,25000.002275
2010-11,SEYB-BC-09/12/12B18,FORWARD,100.010389,100.010389,100.010389,2500,250025.9725
2010-11,SEYB-BC-29/05/12B16.75,FORWARD,100.9999413,100.9999413,100.9999413,10000,1009999.413
2010-11,SEYB-BC-09/12/12A17,SPOT,102.5976537,102.5976537,102.5976537,5000,512988.2685
2010-11,SEYB-BC-09/12/12A17,TOM,100.1000759,100.1000759,100.1000759,65000,6506504.9335
2010-11,SEYB-BC-11/01/14A20.5,TOM,100.0998891,100.0998891,100.0998891,10000,1000998.891
2010-12,SEYB-BC-29/05/12A15.75,TOM,99.0000348,99.0000348,99.0000348,5000,495000.174
2010-12,SEYB-BC-09/12/12A17,FORWARD,101.5252152,100.9990703,101.5252152,10000,1013673.7173
2010-12,SEYB-BC-09/12/12A17,SPOT,100.0000774,100.0000774,100.0000774,15000,1500001.161
2010-12,SEYB-BC-12/07/11A13.5,SPOT,96.9999865,94.9999952,96.9999865,19500,1855499.89335
2010-12,SEYB-BC-29/05/12A15.75,SPOT,100.0000268,100.0000268,100.0000268,7000,700000.1876
2010-12,SEYB-BC-29/05/12B16.75,SPOT,97.000004,97.000004,97.000004,3400,329800.0136
2011-01,SEYB-BC-09/12/12A17,TOM,100.9999512,100.9999512,100.9999512,10000,1009999.512
2011-01,SEYB-BC-11/01/14C19.75,FORWARD,89.3410384,89.3410384,89.3410384,12000,1072092.4608
2011-01,SEYB-BC-11/01/14B21.5,SPOT,100.0000746,100.0000746,100.0000746,5000,500000.373
2011-01,SEYB-BC-12/07/11A13,SPOT,100.0000097,100.0000097,100.0000097,5000,500000.0485
2011-01,SEYB-BC-09/12/12A17,TOM,100.000017,100.000017,100.000017,1000,100000.017
2011-01,SEYB-BC-11/01/14B21.5,TOM,99.9999186,99.9999186,99.9999186,3000,299999.7558
2011-01,SEYB-BC-29/05/12A15.75,TOM,98.9999727,98.9999727,98.9999727,500,49499.98635
2011-02,SEYB-BC-29/05/12B16.75,TOM,97.9999755,97.9999755,97.9999755,1000,97999.9755
2011-02,SEYB-BC-09/12/12B18,SPOT,109.7821322,109.7821322,109.7821322,4500,494019.5949
2011-02,SEYB-BC-11/01/14A20.5,SPOT,121.759628,121.759628,121.759628,500,60879.814
2011-02,SEYB-BC-11/01/14B21.5,SPOT,100.000026,100.000026,100.000026,10000,1000000.26
2011-02,SEYB-BC-29/05/12A15.75,SPOT,104.8615278,100.0009851,104.8615278,4491,468546.5948841
2011-02,SEYB-BC-29/05/12B16.75,SPOT,100.2000299,100.0000779,100.2000299,8500,850200.61415
2011-03,SEYB-BC-29/05/12B16.75,TOM,100.0000476,100.0000476,100.0000476,1000,100000.0476
2011-04,SEYB-BC-11/01/14A20.5,SPOT,100.000187,100.000187,100.000187,12000,1200002.244
2011-04,SEYB-BC-09/12/12A17,SPOT,100.000121,100.0000162,100.000121,4250,425000.09505
2011-04,SEYB-BC-29/05/12A15.75,SPOT,100.0000276,100.0000276,100.0000276,1000,100000.0276
2011-05,SEYB-BC-29/05/12B16.75,SPOT,100.0000133,100.0000133,100.0000133,1000,100000.0133
2011-05,SEYB-BC-11/01/14C19.75,FORWARD,98.0001739,98.0001739,98.0001739,12000,1176002.0868
2011-06,SEYB-BC-12/07/11A13,SPOT,94.5000054,94.5000054,94.5000054,3000,283500.0162
2011-06,SEYB-BC-09/12/12A17,SPOT,95.0000164,95.0000164,95.0000164,1000,95000.0164
2011-06,SEYB-BC-11/01/14A20.5,SPOT,95.0000399,95.0000399,95.0000399,250,23750.009975
2011-07,SEYB-BC-29/05/12A15.75,SPOT,95.0000657,95.0000657,95.0000657,5000,475000.3285
2011-07,SEYB-BC-09/12/12B18,FORWARD,100.0000385,100.0000385,100.0000385,1000,100000.0385
2011-07,SEYB-BC-29/05/12A15.75,SPOT,95.0000124,95.0000124,95.0000124,2000,190000.0248
2011-08,SEYB-BC-29/05/12B16.75,SPOT,100.0000709,100.0000451,100.0000709,1500,150000.09345
2011-08,SEYB-BC-09/12/12B18,SPOT,100.0000959,100.0000959,100.0000959,1000,100000.0959
2011-08,SEYB-BC-29/05/12A15.75,SPOT,96.9999811,96.9999811,96.9999811,10000,969999.811
2011-12,SEYB-BC-29/05/12A15.75,SPOT,94.0891294,94.0891294,94.0891294,10000,940891.294
2012-01,SEYB-BC-11/01/14B21.5,SPOT,100.000096,100.000096,100.000096,1250,125000.12
2012-02,SEYB-BC-11/01/14A20.5,SPOT,99.3500648,99.3500648,99.3500648,500,49675.0324
2012-02,SEYB-BC-09/12/12B18,TOM,100.0000019,100.0000019,100.0000019,20000,2000000.038
2012-03,SEYB-BC-11/01/14A20.5,TOM,95.0000388,95.0000388,95.0000388,5000,475000.194
2012-07,SEYB-BC-11/01/14A20.5,FORWARD,95.0156405,95.0156405,95.0156405,1000,95015.6405
2012-08,SEYB-BC-09/12/12A17,FORWARD,95.0000266,95.0000266,95.0000266,1000,95000.0266
2013-04,SEYB-BC-21/02/18A15.5,SPOT,106,106,106,1,106
2013-07,SEYB-BC-21/02/18A15.5,TOM,101,100.1,100.1,1000,100190
2013-08,SEYB-BC-21/02/18A15.5,SPOT,101,101,101,900,90900
2013-10,SEYB-BC-11/01/14A20.5,SPOT,100,100,100,2300,230000
2013-10,SEYB-BC-11/01/14B21.5,SPOT,100,100,100,1250,125000
2013-10,SEYB-BC-21/02/18A15.5,SPOT,100,100,100,1004100,100410000
2013-10,SEYB-BC-21/02/18A15.5,TOM,100,100,100,7000,700000
2014-01,SEYB-BC-21/02/18A15.5,TOM,113.5,111,113.5,20005,2220567.5
2014-03,SEYB-BC-21/02/18A15.5,TOM,112,104,112,1800,194400
2014-06,SEYB-BC-21/02/18A15.5,SPOT,117.122,117.122,117.122,1000000,117122000
2014-06,SEYB-BC-21/02/18A15.5,TOM,116.8306,116.0353,116.0353,1300000,151641190
2014-10,SEYB-BC-21/02/18A15.5,SPOT,117,117,117,200000,23400000
2014-11,SEYB-BC-21/02/18A15.5,TOM,118.2946,118.2946,118.2946,200000,23658920
2014-12,SEYB-BC-21/02/18A15.5,TOM,117.394,117.394,117.394,100000,11739400
2015-01,SEYB-BC-21/02/18A15.5,SPOT,118.2478,118.2478,118.2478,100000,11824780
2015-01,SEYB-BC-21/02/18A15.5,TOM,118.2607,118.2607,118.2607,100000,11826070
2015-01,SEYB-BD-22/12/19-C2278,TOM,99.986,99.986,99.986,1000000,99986000
2015-03,SEYB-BD-22/12/20-C2277,TOM,94.3101,94.3101,94.3101,5000000,471550500
2015-07,SEYB-BC-21/02/18B15,SPOT,106,106,106,2000,212000
2016-06,SEYB-BC-21/02/18A15.5,SPOT,102.6855,102.6855,102.6855,1000,102685.5
2016-07,SEYB-BC-21/02/18A15.5,SPOT,107.6785,106.6871,106.6871,3,321.9547
2016-08,SEYB-BC-21/02/18A15.5,SPOT,106.3704,106.3704,106.3704,8,850.9632
2016-08,SEYB-BD-15/07/21-C2355,SPOT,101,101,101,420,42420
2016-09,SEYB-BC-21/02/18A15.5,SPOT,106.6914,106.2922,106.6914,20,2128.284
2016-10,SEYB-BC-21/02/18A15.5,SPOT,107.2148,107.2148,107.2148,3,321.6444
2017-03,SEYB-BD-15/07/23-C2354,SPOT,101,100,100,2000,201100
2018-10,SEYB-BD-29/03/23-C2395,TOM,100.0614,100.0614,100.0614,500000,50030700
2018-08,SEYB-BD-15/07/23-C2354,TOM,106.2021,106.2021,106.2021,2374000,252123785.4
2019-01,SEYB-BD-15/07/23-C2354,SPOT,96,96,96,1000,96000
2019-02,SEYB-BD-15/07/23-C2354,SPOT,100,100,100,47900,4790000
2019-05,SEYB-BD-15/07/21-C2355,SPOT,100,100,100,10000,1000000
2019-05,SEYB-BD-18/04/24-C2421,TOM,100.7311,100.7213,100.7213,250000,25181550
2019-05,SEYB-BD-29/03/25-C2396,SPOT,99,99,99,50000,4950000
2019-06,SEYB-BD-15/07/21-C2355,SPOT,100,100,100,10000,1000000
2019-06,SEYB-BD-15/07/23-C2354,SPOT,102.6067,102,102.6067,628300,64466394.2
2019-06,SEYB-BD-22/12/20-C2280,SPOT,85,85,85,400,34000
2019-06,SEYB-BD-29/03/23-C2395,SPOT,99.8055,99.8055,99.8055,500000,49902750
2019-07,SEYB-BD-15/07/21-C2355,TOM,100,100,100,750,75000
2020-01,SEYB-BD-15/07/21-C2355,SPOT,100,100,100,10000,1000000
2020-01,SEYB-BD-15/07/23-C2354,SPOT,102.9755,102.9755,102.9755,1373500,141436849.25
2020-01,SEYB-BD-18/04/24-C2422,SPOT,107.3435,107.3435,107.3435,300000,32203050
2020-01,SEYB-BD-29/03/28-C2397,SPOT,98,98,98,100000,9800000
2020-05,SEYB-BD-18/04/24-C2422,SPOT,99.932,99.932,99.932,1350000,134908200
2020-05,SEYB-BD-18/04/24-C2421,TOM,99.9928,99.9867,99.9867,500000,49994665
2020-05,SEYB-BD-29/03/28-C2397,TOM,107.9664,107.9664,107.9664,500000,53983200
2020-07,SEYB-BD-18/04/24-C2422 ,SPOT,116.4431,107.5435,116.4431,1150000,125009965
2020-08,SEYB-BD-15/07/21-C2355,SPOT,102.7011,102.7011,102.7011,20000,2054022
2022-11,SEYB-BD-15/07/23-C2354,SPOT,65,65,65,28500,1852500
2023-01,SEYB-BD-15/07/23-C2354,SPOT,91.395,80,91.395,42400,3811336
2023-03,SEYB-BD-12/04/26-C2472                 64               64               64                             ,SPOT   ,64,64,64,50000,3200000
2023-05,SEYB-BD-01/05/28-C2512,SPOT,100,100,100,50000,5000000
2023-05,SEYB-BD-01/05/28-C2513,SPOT,100,100,100,20000,2000000
2023-06,SEYB-BD-18/04/24-C2422,SPOT,92.5351,92.5351,92.5351,50000,4626755
2023-08,SEYB-BD-01/05/28-C2513,SPOT,100,100,100,50000,5000000
2024-01,SEYB-BD-01/05/28-C2513,SPOT,144.1776,100,144.1776,500000,67994400
2024-01,SEYB-BD-12/04/26-C2472,SPOT,100,100,100,50000,5000000
2024-02,SEYB-BD-01/05/28-C2513,SPOT,100,100,100,14000,1400000
2024-03,SEYB-BD-01/05/28-C2512,SPOT,130,130,130,50000,6500000
2024-03,SEYB-BD-01/05/28-C2513,SPOT,100,100,100,20000,2000000
2024-03,SEYB-BD-18/04/24-C2422,TOM,100.0915,100.0848,100.0915,1220000,122107543
2024-04,SEYB-BD-01/05/28-C2513,SPOT,100,100,100,36000,3600000
2024-09,SEYB-BD-01/05/28-C2513,SPOT,134,134,134,5000,670000
2025-03,SEYB-BD-01/05/28-C2512,SPOT,120,120,120,50000,6000000
2025-03,SEYB-BD-01/05/28-C2513,SPOT,142.3678,142.3678,142.3678,100000,14236780
2025-04,SEYB-BD-12/04/26-C2472,SPOT,100,100,100,175700,17570000
2025-04,SEYB-BD-17/07/29-C2538,SPOT,103.8352,100,103.8352,560000,57917600
2025-04,SEYB-BD-01/05/28-C2512,SPOT,132.4959,132.4959,132.4959,50000,6624795
2025-05,SEYB-BD-01/05/28-C2513,SPOT,138.5798,100,100,257500,33736018.6
2025-08,SEYB-BD-01/05/28-C2512,SPOT,134.0112,133.9476,133.9476,125000,16746630
2025-08,SEYB-BD-01/05/28-C2513,SPOT,139.3651,129.5,139.3651,125000,16927382.5
2025-10,SEYB-BD-01/05/28-C2513,SPOT,129,129,129,50000,6450000
Company Id :  SEMB,,,,,,,
Short Name :  Seyan Merchant Bank,,,,,,,Turnover (Rs.)
Month,Debt Description      ,Settlement Board,Price High (Rs.),Price Low (Rs.),Price Last Traded (Rs.),Share Volume,233000.657992
2007-01,SEMB-BC-07/12/16A16,SPOT,100.0002824,100.0002824,100.0002824,2330,510000.2435
2007-01,SEMB-BC-07/12/16B17,SPOT,100.0000532,99.999775,100.0000532,5100,221349.612521
2010-09,SEMB-BC-07/12/16A16,FORWARD,94.9998337,94.9998337,94.9998337,2330,9996190
2013-12,SEMB-BC-07/12/16B17,TOM,99.9619,99.9619,99.9619,100000,9547105.424
2015-03,SEMB-BC-07/12/16B17,SPOT,103.3684,103.3684,103.3684,92360,1041611
2015-04,SEMB-BC-07/12/16B17 ,TOM,104.1611,104.1611,104.1611,10000,1038172
2015-05,SEMB-BC-07/12/16B17,TOM,103.8172,103.8172,103.8172,10000,9228962.168
2015-08,SEMB-BC-07/12/16B17,TOM,99.9238,99.9238,99.9238,92360,
Company Id :  SFCL,,,,,,,
Short Name :  Senkadagala,,,,,,,
Month,Debt Description      ,Settlement Board,Price High (Rs.),Price Low (Rs.),Price Last Traded (Rs.),Share Volume,Turnover (Rs.)
2005-10,SFCL-BC-17/10/09A14,CASH,100.0084491,100.0084491,100.0084491,100,10000.84491
2005-10,SFCL-BC-17/10/09A14,TOM,100.0000366,100.0000366,100.0000366,20000,2000000.732
2005-11,SFCL-BC-17/10/09A14,CASH,99.9600798,99.9600798,99.9600798,3973,397141.3970454
2005-11,SFCL-BC-17/10/09A14,TOM,100.0001159,100.0001159,100.0001159,180000,18000020.862
2006-01,SFCL-BC-17/10/09A14,CASH,100.4091438,100.2881433,100.4091438,2400,240812.54442
2006-02,SFCL-BC-17/10/09A14,SPOT,97.4652351,97.4652351,97.4652351,10000,974652.351
2006-03,SFCL-BC-17/10/09A14,SPOT,100.369908,100.369908,100.369908,4700,471738.5676
2006-09,SFCL-BC-17/10/09A14,TOM,100.4209632,100.4209632,100.4209632,300000,30126288.96
2006-12,SFCL-BC-17/10/09A14,CASH,100.7750359,100.7750359,100.7750359,450000,45348766.155
2007-03,SFCL-BC-17/10/09A14,TOM,98.9586251,98.9586251,98.9586251,96000,9500028.0096
2007-04,SFCL-BC-17/10/09A14,TOM,99.770757,99.770757,99.770757,20000,1995415.14
2008-06,SFCL-BC-17/10/09A14,SPOT,99.7866229,99.7866229,99.7866229,178327,17794649.1018883
2008-10,SFCL-BC-17/10/09A14,CASH,99.96323,99.96323,99.96323,628327,62809596.41621
2009-03,SFCL-BC-17/10/09A14,SPOT,99.9999958,99.9999958,99.9999958,81400,8139999.65812
2013-08,SFCL-BC-27/05/16A17,SPOT,100,100,100,20000,2000000
2013-09,SFCL-BC-27/05/17B17.25,SPOT,100,100,100,20000,2000000
2013-10,SFCL-BC-27/05/16A17,SPOT,100,100,100,185014,18501400
2013-10,SFCL-BC-27/05/17B17.25,SPOT,100,100,100,185014,18501400
2014-01,SFCL-BC-10/12/18A15,TOM,107.1703,107.1703,107.1703,150000,16075545
2014-02,SFCL-BC-10/12/18A15,TOM,109.8879,108.8866,108.8866,150000,16383055
2014-03,SFCL-BC-10/12/18A15,SPOT,112.308,110.6866,110.6866,350000,39145660
2014-03,SFCL-BC-10/12/18A15,TOM,112.2982,108.8541,110.7274,150000,16593985
2014-05,SFCL-BC-10/12/18A15,TOM,112.3358,111.3863,112.3358,175000,19563815
2014-06,SFCL-BC-27/05/16A17,SPOT,110.5038,110.5038,110.5038,185014,20444750.0532
2014-06,SFCL-BC-27/05/17B17.25,SPOT,115.6881,115.6881,115.6881,185014,21403918.1334
2014-06,SFCL-BC-10/12/18A15,TOM,114.0488,114.0488,114.0488,100000,11404880
2014-09,SFCL-BC-27/05/17B17.25,SPOT,117.1098,117.1098,117.1098,180313,21116419.3674
2014-10,SFCL-BC-10/12/18A15,SPOT,118.5934,118.5934,118.5934,408827,48484183.9418
2014-10,SFCL-BC-27/05/16A17,SPOT,111.904,111.904,111.904,185014,20703806.656
2014-10,SFCL-BC-27/05/17B17.25,SPOT,118.3642,118.3642,118.3642,185014,21899034.0988
2014-12,SFCL-BC-10/12/18A15,TOM,99.9869,99.9869,99.9869,350000,34995415
2014-12,SFCL-BC-27/05/17B17.25,TOM,120,117.1944,117.1944,363765,42631234.944
2015-02,SFCL-BC-10/12/18A15,TOM,119.2502,119.2502,119.2502,8827,1052621.5154
2015-03,SFCL-BC-10/12/18A15,TOM,110.2718,110.2718,110.2718,100000,11027180
2015-07,SFCL-BC-10/12/18A15,SPOT,108,108,108,25000,2700000
2015-09,SFCL-BC-27/05/16A17,SPOT,105,105,105,10000,1050000
2015-09,SFCL-BC-27/05/17B17.25,SPOT,105,105,105,10000,1050000
2015-11,SFCL-BC-27/05/16A17,SPOT,105,105,105,30000,3150000
2015-12,SFCL-BC-27/05/17B17.25,TOM,111.0544,111.0544,111.0544,208519,23156952.4336
2016-01,SFCL-BC-10/12/18A15,SPOT,100.1488,100.1488,100.1488,100,10014.88
2016-02,SFCL-BC-27/05/17B17.25,TOM,108,108,108,70000,7560000
2016-03,SFCL-BC-27/05/16A17,SPOT,101,101,101,85000,8585000
2016-05,SFCL-BC-27/05/17B17.25,SPOT,105.7,105.7,105.7,49995,5284471.5
2016-07,SFCL-BC-10/12/18A15,SPOT,100,100,100,100,10000
2016-08,SFCL-BC-27/05/17B17.25,SPOT,105.7,105.7,105.7,181880,19224716
2016-08,SFCL-BC-27/05/17B17.25,TOM,101.9325,101.9325,101.9325,188932,19258311.09
2016-11,SFCL-BD-09/11/18-C2371,SPOT,100,100,100,30000,3000000
2016-12,SFCL-BD-09/11/18-C2371,SPOT,100,100,100,5000,500000
2017-02,SFCL-BD-09/11/18-C2371,SPOT,98,98,98,16000,1568000
2017-03,SFCL-BD-09/11/18-C2371,SPOT,98,98,98,106000,10388000
2017-03,SFCL-BD-09/11/20-C2368,SPOT,100,100,100,250000,25000000
2017-04,SFCL-BC-10/12/18A15,TOM,100,100,100,10000,1000000
2017-04,SFCL-BD-09/11/18-C2371,SPOT,98,98,98,5000,490000
2017-05,SFCL-BD-09/11/18-C2371,SPOT,99,98,98,25000,2470000
2017-06,SFCL-BD-09/11/18-C2371,SPOT,99,98,98,20000,1970000
2017-07,SFCL-BD-09/11/18-C2371,SPOT,98,98,98,2500,245000
2017-07,SFCL-BD-09/11/18-C2371,TOM,97,97,97,20000,1940000
2017-08,SFCL-BD-09/11/18-C2371,TOM,98,98,98,8000,784000
2017-09,SFCL-BD-09/11/18-C2371,SPOT,98,98,98,96000,9408000
2017-10,SFCL-BD-09/11/18-C2371,SPOT,99,98,99,20000,1970000
2017-10,SFCL-BD-09/11/18-C2371,TOM,98,98,98,15000,1470000
2017-11,SFCL-BC-10/12/18A15,SPOT,100.0694,100,100,3400,340121.86
2017-11,SFCL-BD-09/11/18-C2371,SPOT,99,99,99,110100,10899900
2017-11,SFCL-BD-09/11/20-C2368,SPOT,100,100,100,20000,2000000
2017-11,SFCL-BD-09/11/18-C2371,TOM,99.3,99,99.3,31000,3071400
2017-12,SFCL-BC-10/12/18A15,SPOT,100.0802,99.9397,100.0802,1000,100024
2017-12,SFCL-BD-09/11/18-C2371,SPOT,98.7001,98.7,98.7,272000,26846400.03
2018-01,SFCL-BC-10/12/18A15,SPOT,100.1212,100.1212,100.1212,5600,560678.72
2018-01,SFCL-BC-10/12/18A15,TOM,102.0338,102.0338,102.0338,150000,15305070
2018-01,SFCL-BD-09/11/18-C2371,TOM,99.5,99.5,99.5,4000,398000
2018-02,SFCL-BD-09/11/18-C2371,SPOT,99.3,99.3,99.3,50000,4965000
2018-03,SFCL-BD-09/11/18-C2371,SPOT,99.7,99.7,99.7,40000,3988000
2018-03,SFCL-BD-09/11/18-C2371,TOM,99.6,99,99,21000,2087400
2018-10,SFCL-BD-09/11/18-C2371,TOM,100,99.5,100,19000,1896500
2018-05,SFCL-BD-09/11/18-C2371,SPOT,100,100,100,1000,100000
2018-05,SFCL-BD-09/11/18-C2371,TOM,100,100,100,20000,2000000
2018-06,SFCL-BD-09/11/20-C2368,TOM,99.9614,99.9614,99.9614,350000,34986490
2018-09,SFCL-BD-09/11/20-C2368,TOM,98.5,98.5,98.5,5000,492500
2019-02,SFCL-BD-09/11/20-C2368,SPOT,100,100,100,5000,500000
2019-05,SFCL-BD-09/11/19-C2372,SPOT,100,100,100,10000,1000000
2019-05,SFCL-BD-09/11/20-C2368,TOM,100,100,100,996000,99600000
2019-07,SFCL-BD-09/11/19-C2372,SPOT,100,100,100,10000,1000000
2019-07,SFCL-BD-09/11/20-C2368,SPOT,100.1,100.1,100.1,55000,5505500
2020-08,SFCL-BD-09/11/20-C2368,SPOT,100.6694,100.6694,100.6694,650000,65435110
2022-01,SFCL-BD-30/08/24-C2429,SPOT,102.99,102.99,102.99,500,51495
2022-09,SFCL-BD-30/08/24-C2429,TOM,100.0057,100.0057,100.0057,50000,5000285
2024-02,SFCL-BD-30/08/24-C2429,TOM,99.4632,99.4632,99.4632,2300000,228765360
Company Id :  SFIN,,,,,,,
Short Name :  SINGER FINANCE (LANKA) PLC,,,,,,,
Month,Debt Description      ,Settlement Board,Price High (Rs.),Price Low (Rs.),Price Last Traded (Rs.),Share Volume,Turnover (Rs.)
2015-02,SFIN-BC-10/09/17B14.25,SPOT,110,110,110,100,11000
2016-01,SFIN-BC-10/09/18C14.5,SPOT,100.1554,100.1554,100.1554,500,50077.7
2016-04,SFIN-BC-10/09/16A14,SPOT ,100,100,100,100,10000
2016-04,SFIN-BD-06/04/19-C2348,TOM,98.453,98.453,98.453,252000,24810156
2016-05,SFIN-BD-06/04/19-C2348,TOM,98.4626,98.4626,98.4626,253000,24911037.8
2016-09,SFIN-BD-06/04/19-C2348,SPOT,100,100,100,300000,30000000
2016-09,SFIN-BD-06/04/20-C2347,SPOT,100,100,100,300000,30000000
2017-01,SFIN-BD-06/04/19-C2348,SPOT,99.88,99.88,99.88,5350,534358
2022-11,SFIN-BD-25/06/26-C2477,SPOT,97.3853,97.3853,97.3853,1000000,97385300
2024-08,SFIN-BD-25/06/26-C2476,SPOT,92.6933,92.6933,92.6933,85000,7878930.5
2024-10,SFIN-BD-25/06/26-C2476,SPOT,96.0198,96.0198,96.0198,85000,8161683
2025-04,SFIN-BD-25/06/26-C2476,SPOT,100,100,100,212500,21250000
Company Id :  SHL,,,,,,,
Short Name :  Softlogic Holdings PLC,,,,,,,Turnover (Rs.)
Month,Debt Description      ,Settlement Board,Price High (Rs.),Price Low (Rs.),Price Last Traded (Rs.),Share Volume,16362810
2014-04,SHL-BC-09/09/16A15.75,SPOT,109.0854,109.0854,109.0854,150000,3180000
2014-11,SHL-BC-09/09/16A15.75,SPOT,106,106,106,30000,552657
2014-12,SHL-BC-09/09/16A15.75,SPOT,110.5314,110.5314,110.5314,5000,5450000
2015-03,SHL-BC-09/09/16A15.75,SPOT,109,109,109,50000,27086275
2015-03,SHL-BC-09/09/16A15.75,SPOT,108.3451,108.3451,108.3451,250000,56191016
2015-03,SHL-BC-09/09/16A15.75,TOM,108.0623,108.0485,108.0485,520000,31335000
2016-05,SHL-BC-09/09/16A15.75,SPOT,104.45,104.45,104.45,300000,
Company Id :  SINS,,,,,,,
Short Name :  Singer Sri Lanka PLC,,,,,,,
Month,Debt Description      ,Settlement Board,Price High (Rs.),Price Low (Rs.),Price Last Traded (Rs.),Share Volume,Turnover (Rs.)
2009-6,SINS-BC-30/09/13B19.75,TOM,117.9998977,117.9998977,117.9998977,90000,10619990.793
2013-10,SINS-BC-29/05/16B14.5,SPOT,100,100,100,5,500
2013-12,SINS-BC-30/09/15A17,SPOT,99.9824,99.982,99.9824,1133138,113293750.7712
2014-01,SINS-BC-29/05/16B14.5,SPOT,100,100,100,5,500
2014-01,SINS-BC-29/05/16B14.5,TOM,100,100,100,711936,71193600
2014-12,SINS-BC-29/05/15A14.5,SPOT,102.2276,102.2276,102.2276,4000,408910.4
2014-12,SINS-BC-29/05/16B14.5,SPOT,106.642,106.642,106.642,5995,639318.79
2015-03,SINS-BC-30/09/15A17,TOM,104.5085,104.5085,104.5085,113314,11842276.169
2015-03,SINS-BD-22/12/17-C2282,SPOT,100.072,100.072,100.072,170000,17012240
2015-07,SINS-BC-29/05/16B14.5,SPOT,105.4428,105.4428,105.4428,30000,3163284
2015-07,SINS-BC-30/09/15A17,SPOT,101.9391,101.9391,101.9391,37770,3850239.807
2015-12,SINS-BC-29/05/16B14.5,TOM,101.5689,101.5689,101.5689,1,101.5689
2016-02,SINS-BD-22/12/17-C2282,SPOT,99.9733,99.9733,99.9733,135000,13496395.5
2016-10,SINS-BD-07/06/18-C2304,SPOT,95,94,94,10000,945000
2017-05,SINS-BD-07/06/18-C2304,SPOT,95,95,95,2500,237500
Company Id :  SLFL,,,,,,,
Short Name :  SIYAPATHA FINANCE PLC,,,,,,,
Month,Debt Description      ,Settlement Board,Price High (Rs.),Price Low (Rs.),Price Last Traded (Rs.),Share Volume,Turnover (Rs.)
2015-02,SLFL-BD-24/12/19-C2281,SPOT,100.7128,100.7128,100.7128,1000000,100712800
2015-06,SLFL-BD-24/12/19-C2281,SPOT,97.4302,97.4302,97.4302,1500000,146145300
2015-07,SLFL-BD-24/12/19-C2281,SPOT,99.9816,99.9816,99.9816,150000,14997240
2016-10,SLFL-BD-20/09/21-C2357,SPOT,100,100,100,30000,3000000
2016-12,SLFL-BD-20/09/19-C2358,SPOT,100,100,100,60000,6000000
2017-02,SLFL-BD-20/09/19-C2358,SPOT,98,98,98,35500,3479000
2017-03,SLFL-BD-20/09/19-C2358,SPOT,98,98,98,49000,4802000
2017-03,SLFL-BD-20/09/21-C2357,SPOT,100,100,100,128700,12870000
2017-04,SLFL-BD-20/09/19-C2358,SPOT,98,98,98,15000,1470000
2017-05,SLFL-BD-20/09/19-C2358,SPOT,98,98,98,28500,2793000
2017-07,SLFL-BD-20/09/19-C2358,SPOT,98,98,98,15500,1519000
2017-08,SLFL-BD-20/09/19-C2358,SPOT,98,98,98,10000,980000
2017-08,SLFL-BD-20/09/19-C2358,TOM,98,98,98,15000,1470000
2017-09,SLFL-BD-20/09/19-C2358,SPOT,98,98,98,33000,3234000
2017-10,SLFL-BD-20/09/19-C2358,SPOT,99,98,99,61500,6062500
2017-10,SLFL-BD-20/09/19-C2358,TOM,98,98,98,8000,784000
2017-11,SLFL-BD-20/09/19-C2358,SPOT,99,99,99,283500,28066500
2017-11,SLFL-BD-20/09/19-C2358,TOM,99.3,99,99.3,61000,6039900
2017-12,SLFL-BD-20/09/19-C2358,TOM,99,98.5,98.7,414600,40918820
2018-02,SLFL-BD-20/09/19-C2358,SPOT,99.8,99.8,99.8,50000,4990000
2018-03,SLFL-BD-20/09/19-C2358,SPOT,100,100,100,22000,2200000
2018-03,SLFL-BD-20/09/19-C2358,TOM,99.8,99.8,99.8,3000,299400
2018-05,SLFL-BD-20/09/19-C2358,SPOT,100.5,100.2,100.5,26250,2631045
2018-05,SLFL-BD-20/09/19-C2358,TOM,100.5,100.5,100.5,4000,402000
2018-08,SLFL-BD-20/09/19-C2358,SPOT,100,100,100,150,15000
2018-09,SLFL-BD-20/09/19-C2358,SPOT,100,100,100,11850,1185000
2019-03,SLFL-BD-20/09/19-C2358,TOM,100,100,100,8000,800000
2019-04,SLFL-BD-20/09/19-C2358,TOM,100,100,100,1000,100000
2019-06,SLFL-BD-20/09/19-C2358,SPOT,99.9,99.5,99.5,10000,995558.7
2019-07,SLFL-BD-20/09/19-C2358,SPOT,100,100,100,20000,2000000
2019-07,SLFL-BD-20/09/21-C2357,SPOT,103,103,103,3000,309000
2020-01,SLFL-BD-20/09/21-C2357,SPOT,100,100,100,45099,4509900
2020-07,SLFL-BD-20/09/21-C2357   ,SPOT,103,103,103,3000,309000
2022-03,SLFL-BD-31/08/26-C2490,SPOT,75.6908,75.6908,75.6908,10000,756908
2022-10,SLFL-BD-07/07/23-C2451,SPOT,95,95,95,10000,950000
2024-03,SLFL-BD-08/08/24-C2426,TOM,100.312,100.19,100.312,860000,86215860
2025-02,SLFL-BD-06/06/29-C2525,SPOT,110,110,110,1050,115500
2025-05,SLFL-BD-06/06/29-C2525,SPOT,110,110,110,18950,2084500
2025-07,SLFL-BD-26/06/30-C2577,SPOT,100,100,100,182700,18270000
2025-09,SLFL-BD-31/08/26-C2490,SPOT,100.3667,100.3667,100.3667,10000,1003667
Company Id :  SLTL,,,,,,,
Short Name : SRI LANKA TELECOM,,,,,,,
Month,Debt Description      ,Settlement Board,Price High (Rs.),Price Low (Rs.),Price Last Traded (Rs.),Share Volume,Turnover (Rs.)
2024-01,SLTL-BD-19/04/28-C2403,SPOT,100,100,100,5000,500000
Company Id :  SMLL,,,,,,,
Short Name :  S M Leasing,,,,,,,
Month,Debt Description      ,Settlement Board,Price High (Rs.),Price Low (Rs.),Price Last Traded (Rs.),Share Volume,Turnover (Rs.)
2005-08,SMLL-BC-14/06/09A12.5,SPOT,100.2500335,100.2500164,100.2500164,200,20050.00499
2005-09,SMLL-BC-14/06/09A12.5,FORWARD,100.0001342,100.0001342,100.0001342,200,20000.02684
2005-09,SMLL-BC-14/06/09A12.5,FORWARD,100.0001342,100.0001342,100.0001342,200,20000.02684
2005-12,SMLL-BC-14/06/06A11,SPOT,94.9999977,94.9999977,94.9999977,2000,189999.9954
2006-06,SMLL-BC-14/06/08A12,FORWARD,96.6865163,96.6865163,96.6865163,50000,4834325.815
2006-06,SMLL-BC-14/06/07A11.5,SPOT,99.1259436,99.1259436,99.1259436,50000,4956297.18
Company Id :  SUNT,,,,,,,
Short Name :  Suntel,,,,,,,
Month,Debt Description      ,Settlement Board,Price High (Rs.),Price Low (Rs.),Price Last Traded (Rs.),Share Volume,Turnover (Rs.)
2006-06,SUNT-BC-11/12/06A22.25,SPOT,1033.5508655,1033.5508655,1033.5508655,10000,10335508.655
2006-06,SUNT-BC-11/12/07A22.5,SPOT,1107.2190246,1107.2190246,1107.2190246,39270,43480491.096042
2006-07,SUNT-BC-11/12/06A22.25,FORWARD,1031.6218899,1031.6218899,1031.6218899,10000,10316218.899
2006-07,SUNT-BC-11/12/07A22.5,TOM,1110.8768831,1110.2169266,1110.8768831,37490,41626975.652419
2006-08,SUNT-BC-11/12/07A22.5,TOM,1112.9508823,1110.9882173,1112.9508823,60000,66718172.988
Company Id :  UDA,,,,,,,
Short Name : URBAN DEVELOPMENT AUTHORITY ,,,,,,,
Month,Debt Description      ,Settlement Board,Price High (Rs.),Price Low (Rs.),Price Last Traded (Rs.),Share Volume,Turnover (Rs.)
2011-02,UDA-BC-05/10/15A11,TOM,96.0674492,96.0674492,96.0674492,10000000,960674492
2011-03,UDA-BC-05/10/15A11,SPOT,102.2561815,100.0003054,100.0003054,10000000,1011282434.5
2011-03,UDA-BC-05/10/15A11,TOM,101.2408787,101.2408787,101.2408787,5000000,506204393.5
2011-07,UDA-BC-05/10/15A11,TOM,99.9120512,99.9120512,99.9120512,500000,49956025.6
2013-02,UDA-BC-05/10/15A11,SPOT,91.268,91.268,91.268,500000,45634000
2013-03,UDA-BC-05/10/15A11,SPOT,91.37,91.37,91.37,250000,22842500
2013-04,UDA-BC-05/10/15A11,SPOT,92.943,92.943,92.943,411800,38273927.4
2015-01,UDA-BC-05/10/15A11,TOM,101.377,101.377,101.377,261400,26499947.8
2015-03,UDA-BC-05/10/15A11,SPOT,100.5112,100.5112,100.5112,550000,55281160
Company Id :  VANI,,,,,,,
Short Name :  Vanic Incorp,,,,,,,
Month,Debt Description      ,Settlement Board,Price High (Rs.),Price Low (Rs.),Price Last Traded (Rs.),Share Volume,Turnover (Rs.)
2006-02,VANI-BC-10/12/11A11,CASH,2.9999998,1.9999999,2.9999998,200,499.99997
2006-03,VANI-BC-10/12/11A11,CASH,4.0000009,4.0000009,4.0000009,100,400.00009
Company Id :  VFIN,,,,,,,
Short Name :  Vallibel Finance PLC ,,,,,,,
Month,Debt Description      ,Settlement Board,Price High (Rs.),Price Low (Rs.),Price Last Traded (Rs.),Share Volume,Turnover (Rs.)
2014-03,VFIN-BC-20/02/19A14.75,SPOT,106.1713,106.16,106.16,7000,743149.97
2014-03,VFIN-BC-20/02/19C15.5,SPOT,100,100,100,5000,500000
2014-03,VFIN-BC-20/02/19A14.75,TOM,106,106,106,1000,106000
2014-08,VFIN-BC-20/02/19A14.75,SPOT,108,108,108,1000,108000
2014-09,VFIN-BC-20/02/19A14.75,TOM,116,116,116,21000,2436000
2014-09,VFIN-BC-20/02/19C15.5,TOM,118.922,118.922,118.922,60000,7135320
2014-10,VFIN-BC-20/02/19A14.75,SPOT,120,120,120,69,8280
2014-10,VFIN-BC-20/02/19A14.75,TOM,120,115,115,100,11750
2014-12,VFIN-BC-20/02/19C15.5,TOM,116.0166,116.0166,116.0166,80000,9281328
2015-10,VFIN-BD-31/03/20-C2298,SPOT,95.7287,95.7287,95.7287,5000,478643.5
2016-01,VFIN-BC-20/02/19A14.75,SPOT,100.1786,100.1786,100.1786,500,50089.3
2016-03,VFIN-BC-20/02/19A14.75,SPOT,104.2105,104.2105,104.2105,7000,729473.5
2016-03,VFIN-BC-20/02/19C15.5,SPOT,106,106,106,10000,1060000
2016-04,VFIN-BC-20/02/19A14.75,TOM,100,100,100,5000,500000
2016-07,VFIN-BC-20/02/19A14.75,SPOT,102,102,102,500,51000
2016-07,VFIN-BD-31/03/20-C2298,SPOT,99.2805,97.7306,99.2805,400,39259.45
2017-04,VFIN-BC-20/02/19B15,TOM,100,100,100,10000,1000000
2017-09,VFIN-BC-20/02/19A14.75,SPOT,102,101.2662,102,11000,1116863.4
2017-12,VFIN-BC-20/02/19C15.5,SPOT,101,100.2,100.2,4200,423400
2018-01,VFIN-BC-20/02/19C15.5,SPOT,101.0493,101.0493,101.0493,5800,586085.94
2018-07,VFIN-BC-20/02/19C15.5,SPOT,97.5,97.5,97.5,20000,1950000
2019-02,VFIN-BC-20/02/19A14.75,SPOT,100,100,100,5000,500000
2019-02,VFIN-BC-20/02/19C15.5,SPOT,100,100,100,10000,1000000
2019-02,VFIN-BD-31/03/20-C2298,SPOT,99.2805,99.2805,99.2805,4600,456690.3
2020-01,VFIN-BD-31/03/20-C2298,SPOT,99,99,99,4600,455400
2025-01,VFIN-BD-22/11/29-C2552,TOM,103.6642,103.6642,103.6642,100000,10366420
2025-02,VFIN-BD-22/11/29-C2552,SPOT,110,97.3617,103,430000,43462959
2025-08,VFIN-BD-22/11/29-C2552,SPOT,108.0097,99.8316,99.8316,7410000,759461377
Company Id :  OSEA,,,,,,,
Short Name :  Overseas Realty,,,,,,,
Month,Debt Description      ,Settlement Board,Price High (Rs.),Price Low (Rs.),Price Last Traded (Rs.),Share Volume,Turnover (Rs.)
2005-09,OSEA-BC-27/11/05A06,CASH,10.0424565,10.0424565,10.0424565,100,1004.24565
