SECTOR WISE FOREIGN PURCHASES & SALES - Monthly,,,,,,,,,,,,,,,,,,,,,,,,,,,,,,,,,,,,,,,,,,,,,,,,,,,,,,,,,,,,,,,,,,,,,,,,,,,,,,,,,,,,,,,,,,,,,,,,,,,,,,,,,,,,,,,,,,,,,,,,,,,,,,,,,,,,,,,,,,,,,,,,,,,,,,,,,,,,,,,,,,,,,,,,,,,,,,,,,,,,,,,,,,,,,,,,,,,,,,,,,,,,,,,,,,,,,,,,,,,,,,,,,,,,,,,,,,,,,,,,,,,,,,,,,,,,,,,,,,,,,,,,,,,,,,,,,,,,,,,,,,,,,,,,,,,,,,,,,,,,,,,,,,,,,,,,,,,,,,,,,,,,,,,,,,,,,,,,,,,,,,,,,,,,,,,,,,,,,,,,,,,,,,,,,,,,,,,,,,,,,,,,,,,,,,,,,,,,,,,,,
,1991-09-01 00:00:00,1991-10-01 00:00:00,1991-11-01 00:00:00,1991-12-01 00:00:00,1992-01-01 00:00:00,1992-02-01 00:00:00,1992-03-01 00:00:00,1992-04-01 00:00:00,1992-05-01 00:00:00,1992-06-01 00:00:00,1992-07-01 00:00:00,1992-08-01 00:00:00,1992-09-01 00:00:00,1992-10-01 00:00:00,1992-11-01 00:00:00,1992-12-01 00:00:00,1993-01-01 00:00:00,1993-02-01 00:00:00,1993-03-01 00:00:00,1993-04-01 00:00:00,1993-05-01 00:00:00,1993-06-01 00:00:00,1993-07-01 00:00:00,1993-08-01 00:00:00,1993-09-01 00:00:00,1993-10-01 00:00:00,1993-11-01 00:00:00,1993-12-01 00:00:00,1994-01-01 00:00:00,1994-02-01 00:00:00,1994-03-01 00:00:00,1994-04-01 00:00:00,1994-05-01 00:00:00,1994-06-01 00:00:00,1994-07-01 00:00:00,1994-08-01 00:00:00,1994-09-01 00:00:00,1994-10-01 00:00:00,1994-11-01 00:00:00,1994-12-01 00:00:00,1995-01-01 00:00:00,1995-02-01 00:00:00,1995-03-01 00:00:00,1995-04-01 00:00:00,1995-05-01 00:00:00,1995-06-01 00:00:00,1995-07-01 00:00:00,1995-08-01 00:00:00,1995-09-01 00:00:00,1995-10-01 00:00:00,1995-11-01 00:00:00,1995-12-01 00:00:00,1996-01-01 00:00:00,1996-02-01 00:00:00,1996-03-01 00:00:00,1996-04-01 00:00:00,1996-05-01 00:00:00,1996-06-01 00:00:00,1996-07-01 00:00:00,1996-08-01 00:00:00,1996-09-01 00:00:00,1996-10-01 00:00:00,1996-11-01 00:00:00,1996-12-01 00:00:00,1997-01-01 00:00:00,1997-02-01 00:00:00,1997-03-01 00:00:00,1997-04-01 00:00:00,1997-05-01 00:00:00,1997-06-01 00:00:00,1997-07-01 00:00:00,1997-08-01 00:00:00,1997-09-01 00:00:00,1997-10-01 00:00:00,1997-11-01 00:00:00,1997-12-01 00:00:00,1998-01-01 00:00:00,1998-02-01 00:00:00,1998-03-01 00:00:00,1998-04-01 00:00:00,1998-05-01 00:00:00,1998-06-01 00:00:00,1998-07-01 00:00:00,1998-08-01 00:00:00,1998-09-01 00:00:00,1998-10-01 00:00:00,1998-11-01 00:00:00,1998-12-01 00:00:00,1999-01-01 00:00:00,1999-02-01 00:00:00,1999-03-01 00:00:00,1999-04-01 00:00:00,1999-05-01 00:00:00,1999-06-01 00:00:00,1999-07-01 00:00:00,1999-08-01 00:00:00,1999-09-01 00:00:00,1999-10-01 00:00:00,1999-11-01 00:00:00,1999-12-01 00:00:00,2000-01-01 00:00:00,2000-02-01 00:00:00,2000-03-01 00:00:00,2000-04-01 00:00:00,2000-05-01 00:00:00,2000-06-01 00:00:00,2000-07-01 00:00:00,2000-08-01 00:00:00,2000-09-01 00:00:00,2000-10-01 00:00:00,2000-11-01 00:00:00,2000-12-01 00:00:00,2001-01-01 00:00:00,2001-02-01 00:00:00,2001-03-01 00:00:00,2001-04-01 00:00:00,2001-05-01 00:00:00,2001-06-01 00:00:00,2001-07-01 00:00:00,2001-08-01 00:00:00,2001-09-01 00:00:00,2001-10-01 00:00:00,2001-11-01 00:00:00,2001-12-01 00:00:00,2002-01-01 00:00:00,2002-02-01 00:00:00,2002-03-01 00:00:00,2002-04-01 00:00:00,2002-05-01 00:00:00,2002-06-01 00:00:00,2002-07-01 00:00:00,2002-08-01 00:00:00,2002-09-01 00:00:00,2002-10-01 00:00:00,2002-11-01 00:00:00,2002-12-01 00:00:00,2003-01-01 00:00:00,2003-02-01 00:00:00,2003-03-01 00:00:00,2003-04-01 00:00:00,2003-05-01 00:00:00,2003-06-01 00:00:00,2003-07-01 00:00:00,2003-08-01 00:00:00,2003-09-01 00:00:00,2003-10-01 00:00:00,2003-11-01 00:00:00,2003-12-01 00:00:00,2004-01-01 00:00:00,2004-02-01 00:00:00,2004-03-01 00:00:00,2004-04-01 00:00:00,2004-05-01 00:00:00,2004-06-01 00:00:00,2004-07-01 00:00:00,2004-08-01 00:00:00,2004-09-01 00:00:00,2004-10-01 00:00:00,2004-11-01 00:00:00,2004-12-01 00:00:00,2005-01-01 00:00:00,2005-02-01 00:00:00,2005-03-01 00:00:00,2005-04-01 00:00:00,2005-05-01 00:00:00,2005-06-01 00:00:00,2005-07-01 00:00:00,2005-08-01 00:00:00,2005-09-01 00:00:00,2005-10-01 00:00:00,2005-11-01 00:00:00,2005-12-01 00:00:00,2006-01-01 00:00:00,2006-02-01 00:00:00,2006-03-01 00:00:00,2006-04-01 00:00:00,2006-05-01 00:00:00,2006-06-01 00:00:00,2006-07-01 00:00:00,2006-08-01 00:00:00,2006-09-01 00:00:00,2006-10-01 00:00:00,2006-11-01 00:00:00,2006-12-01 00:00:00,2007-01-01 00:00:00,2007-02-01 00:00:00,2007-03-01 00:00:00,2007-04-01 00:00:00,2007-05-01 00:00:00,2007-06-01 00:00:00,2007-07-01 00:00:00,2007-08-01 00:00:00,2007-09-01 00:00:00,2007-10-01 00:00:00,2007-11-01 00:00:00,2007-12-01 00:00:00,2008-01-01 00:00:00,2008-02-01 00:00:00,2008-03-01 00:00:00,2008-04-01 00:00:00,2008-05-01 00:00:00,2008-06-01 00:00:00,2008-07-01 00:00:00,2008-08-01 00:00:00,2008-09-01 00:00:00,2008-10-01 00:00:00,2008-11-01 00:00:00,2008-12-01 00:00:00,2009-01-01 00:00:00,2009-02-01 00:00:00,2009-03-01 00:00:00,2009-04-01 00:00:00,2009-05-01 00:00:00,2009-06-01 00:00:00,2009-07-01 00:00:00,2009-08-01 00:00:00,2009-09-01 00:00:00,2009-10-01 00:00:00,2009-11-01 00:00:00,2009-12-01 00:00:00,2010-01-01 00:00:00,2010-02-01 00:00:00,2010-03-01 00:00:00,2010-04-01 00:00:00,2010-05-01 00:00:00,2010-06-01 00:00:00,2010-07-01 00:00:00,2010-08-01 00:00:00,2010-09-01 00:00:00,2010-10-01 00:00:00,2010-11-01 00:00:00,2010-12-01 00:00:00,2011-01-01 00:00:00,2011-02-01 00:00:00,2011-03-01 00:00:00,2011-04-01 00:00:00,2011-05-01 00:00:00,2011-06-01 00:00:00,2011-07-01 00:00:00,2011-08-01 00:00:00,2011-09-01 00:00:00,2011-10-01 00:00:00,2011-11-01 00:00:00,2011-12-01 00:00:00,2012-01-01 00:00:00,2012-02-01 00:00:00,2012-03-01 00:00:00,2012-04-01 00:00:00,2012-05-01 00:00:00,2012-06-01 00:00:00,2012-07-01 00:00:00,2012-08-01 00:00:00,2012-09-01 00:00:00,2012-10-01 00:00:00,2012-11-01 00:00:00,2012-12-01 00:00:00,2013-01-01 00:00:00,2013-02-01 00:00:00,2013-03-01 00:00:00,2013-04-01 00:00:00,2013-05-01 00:00:00,2013-06-01 00:00:00,2013-07-01 00:00:00,2013-08-01 00:00:00,2013-09-01 00:00:00,2013-10-01 00:00:00,2013-11-01 00:00:00,2013-12-01 00:00:00,2014-01-01 00:00:00,2014-02-01 00:00:00,2014-03-01 00:00:00,2014-04-01 00:00:00,2014-05-01 00:00:00,2014-06-01 00:00:00,2014-07-01 00:00:00,2014-08-01 00:00:00,2014-09-01 00:00:00,2014-10-01 00:00:00,2014-11-01 00:00:00,2014-12-01 00:00:00,2015-01-01 00:00:00,2015-02-01 00:00:00,2015-03-01 00:00:00,2015-04-01 00:00:00,2015-05-01 00:00:00,2015-06-01 00:00:00,2015-07-01 00:00:00,2015-08-01 00:00:00,2015-09-01 00:00:00,2015-10-01 00:00:00,2015-11-01 00:00:00,2015-12-01 00:00:00,2016-01-01 00:00:00,2016-02-01 00:00:00,2016-03-01 00:00:00,2016-04-01 00:00:00,2016-05-01 00:00:00,2016-06-01 00:00:00,2016-07-01 00:00:00,2016-08-01 00:00:00,2016-09-01 00:00:00,2016-10-01 00:00:00,2016-11-01 00:00:00,2016-12-01 00:00:00,2017-01-01 00:00:00,2017-02-01 00:00:00,2017-03-01 00:00:00,2017-04-01 00:00:00,2017-05-01 00:00:00,2017-06-01 00:00:00,2017-07-01 00:00:00,2017-08-01 00:00:00,2017-09-01 00:00:00,2017-10-01 00:00:00,2017-11-01 00:00:00,2017-12-01 00:00:00,2018-01-01 00:00:00,2018-02-01 00:00:00,2018-03-01 00:00:00,2018-04-01 00:00:00,2018-05-01 00:00:00,2018-06-01 00:00:00,2018-07-01 00:00:00,2018-08-01 00:00:00,2018-09-01 00:00:00,2018-10-01 00:00:00,2018-11-01 00:00:00,2018-12-01 00:00:00,2019-01-01 00:00:00,2019-02-01 00:00:00,2019-03-01 00:00:00,2019-04-01 00:00:00,2019-05-01 00:00:00,2019-06-01 00:00:00,2019-07-01 00:00:00,2019-08-01 00:00:00,2019-09-01 00:00:00,2019-10-01 00:00:00,2019-11-01 00:00:00,2019-12-01 00:00:00,SECTOR,2020-01-01 00:00:00,2020-02-01 00:00:00,2020-03-01 00:00:00,2020-04-20 00:00:00,2020-05-20 00:00:00,2020-06-20 00:00:00,2020-07-20 00:00:00,2020-08-20 00:00:00,2020-09-20 00:00:00,2020-10-20 00:00:00,2020-11-20 00:00:00,2020-12-20 00:00:00,2021-01-20 00:00:00,2021-02-20 00:00:00,2021-03-20 00:00:00,2021-04-20 00:00:00,2021-05-20 00:00:00,2021-06-20 00:00:00,2021-07-20 00:00:00,2021-08-20 00:00:00,2021-09-20 00:00:00,2021-10-20 00:00:00,2021-11-20 00:00:00,2021-12-20 00:00:00,2022-01-20 00:00:00,2022-02-20 00:00:00,2022-03-20 00:00:00,2022-04-20 00:00:00,2022-05-20 00:00:00,2022-06-20 00:00:00,2022-07-20 00:00:00,2022-08-20 00:00:00,2022-09-20 00:00:00,2022-10-20 00:00:00,2022-11-20 00:00:00,2022-12-20 00:00:00,2023-01-20 00:00:00,2023-02-20 00:00:00,2023-03-20 00:00:00,2023-04-20 00:00:00,2023-05-20 00:00:00,2023-06-20 00:00:00,2023-07-20 00:00:00,2023-08-20 00:00:00,2023-09-20 00:00:00,2023-10-20 00:00:00,2023-11-20 00:00:00,2023-12-20 00:00:00,2025-01-20 00:00:00,2025-02-20 00:00:00,2025-03-20 00:00:00,2025-04-20 00:00:00,2025-05-20 00:00:00,2025-06-20 00:00:00,2025-07-20 00:00:00,2025-08-20 00:00:00,2025-09-20 00:00:00,2025-10-20 00:00:00,2025-11-20 00:00:00,2025-12-20 00:00:00
,,,,,,,,,,,,,,,,,,,,,,,,,,,,,,,,,,,,,,,,,,,,,,,,,,,,,,,,,,,,,,,,,,,,,,,,,,,,,,,,,,,,,,,,,,,,,,,,,,,,,,,,,,,,,,,,,,,,,,,,,,,,,,,,,,,,,,,,,,,,,,,,,,,,,,,,,,,,,,,,,,,,,,,,,,,,,,,,,,,,,,,,,,,,,,,,,,,,,,,,,,,,,,,,,,,,,,,,,,,,,,,,,,,,,,,,,,,,,,,,,,,,,,,,,,,,,,,,,,,,,,,,,,,,,,,,,,,,,,,,,,,,,,,,,,,,,,,,,,,,,,,,,,,,,,,,,,,,,,,,,,,,,,,,,,,,,,,,,,,,,,,,,Market Closed Due to COVID- 19 Pandemic,,,,,,,,,,,,,,,,,,,,,,,,,,,,,,,,,,,,,,,,,,,,,,,,,,,,,,,,
FOREIGN PURCHASES,,,,,,,,,,,,,,,,,,,,,,,,,,,,,,,,,,,,,,,,,,,,,,,,,,,,,,,,,,,,,,,,,,,,,,,,,,,,,,,,,,,,,,,,,,,,,,,,,,,,,,,,,,,,,,,,,,,,,,,,,,,,,,,,,,,,,,,,,,,,,,,,,,,,,,,,,,,,,,,,,,,,,,,,,,,,,,,,,,,,,,,,,,,,,,,,,,,,,,,,,,,,,,,,,,,,,,,,,,,,,,,,,,,,,,,,,,,,,,,,,,,,,,,,,,,,,,,,,,,,,,,,,,,,,,,,,,,,,,,,,,,,,,,,,,,,,,,,,,,,,,,,,,,,,,,,,,,,,,,,,,,,,,,,,,,,,,,,,,,,,PURCHASES,,,,,,,,,,,,,,,,,,,,,,,,,,,,,,,,,,,,,,,,,,,,,,,,,,,,,,,,,,,,
"Banks, Finance & Insurance",12601096,34396825,5082550,12168819,30478261,28153199,25289677,30552025,56271933,58373135,54924115,31235518,66511235,75342336,37639183,49164073,101495228,23973525,114577519,95700963,82735148,160199917,324256263,369902055,579410775,312242435,888914985,583746025,867405075,817558895,972362788,314804560,170994550,690791017,451114769,254844010,531199647,411336550,228899688,207157475,112236265,93310730,60842735,99035975,284406975,221547325,350429197,440480500,163746334,97271425,313517450,257502325,362255939,443029816,284384930,92377890,67901749,162787596,63241188,52108595,111599478,217493410,129382998,111017900,3510974766,100021757,103946934,509512525,146272880,244262450,350429197,334468924,342607995,521857005,286231300,202166619,71670103,300115730,224979071,131909278,133838870,102230330,169206203,19431175,70491879,109969123,210367925,47637771,71148282,27225125,49539132,60608169,241266573,162787596,200546049,86026821,58137675,119478627,368404300,106008325,73467000,39089298,8834686,30859421,18078446,10640025,17118600,8794511,1343175,14586700,28636900,19717930,9058575,10433000,6574925,3515950,14719250,48766645,9340831,23748550,20897941,203895550,166216125,74550484,8116625,8694301,11872447,221712185,117780175,573350900,94474225,494649125,122984983,138169585,35890771,16685213,81225850,15353225,17185525,112367118,195809975,687162145,525198950,129088400,1282323851,790976246,399666725,636319725,59795615,100186739,141521603,88183700,161257575,283308675,377978701,219889157,322055650,175815744,92427506,82909422,108244650,94600523,211505725,162222108,241320475,566935175,115366575,981990570,1351952600,353174070,1756330675,391759150,747597250,270058020,3017078701,669739265,541482000,47350595,87937025,885382855,112297842,1346895060,3538096460,1479196075,227296225,2614680325,348786425,2008366305,162837452,1142371683,278872614,405138430,485397985,1427219380,567061200,2639217720,329706131,515220392,575006293,417192537.5,146588620,179244658,172279670,216701872,68326861.75,82955576,376888245,140962623,49973832,91702145,709271251,51433012,1479162109,1250757547,994712330,653814732,1029768985,2903160705,1687668950,985503456,701883955,1696700875,1790451358,1065247251,5366847671,3536792293,3956217537,2084612818,3090939100,4892429148,1304726020,807728435,1470757616,2376158595,1959468178,1391881463,1951726348,781344628,640062444,628116332,642620694,632004887,177534556,262551060,690673183,2606232328,283610464,1238508189,845111310,663999181,1064649603,538414077,2104694827,1197106308,546398711,1626760894,5919833371,3767373637,4285780804,4877460298,3044569004,2297345494,1499780967,3873355873,1269329836,1062079636,930515696,1772427352,2621510069,1530121654,1171782401,2344889679,1776147573,1596514621,1871214211,1679656217,3695153565,4312704035,3358405796,1422895738,3297770114,2711451637,1328364301,1768870838,4666728029,1194350030,3186807160,2013369657,1979685693,2088029635,1082575712,2077976019,905645697,657181685,1817985079,1266350562,2041388886,846178453,478676023,1841881851,1160894202,1344672942,1074441310,13091714279,611476090,1051088434,1470234536,6411274433,1261998127,1387303098,4568825626,2031956151,1484630322,6602797474,2364892649,1770397874,5173413579,4682140571,2968051835,3224977657,2058190592,1716557994,798956911,1933272340,1041181633,1604452450,2433107036,3777845585,1570370120,1177486520,2927744987,1047466030,328070071,570231027,9736520041,594782290,431442782,936473018,514235056,504374991,Automobiles & Components,13570,235337,264846,,29820,,2816540040,923740313,822910030,19598178,2991448,16260752,37223535,1742597,16912243,880198,8300,2813943,884062,3827537,80149,354000,450420,5435248,20000,161728,95718,514282,29910,65840,4010,573415,185322,10967815,3015665,,,,1015210,30528,635229,55000,764067,1141360,19620,140740,181159,60057,105560,,746224,118772,1165,1734,1368879,294440,7224140,2757488,462154,344770
"Beverage, Food & Tobacco",32000,252588944,92895094,3087063,1402063,225155150,116418550,5232475,9806875,1968200,969200,26200825,24978325,90168075,17157613,4447300,15687944,18057200,25740533,106934150,45648250,55049663,141313200,56997525,76494465,75266124,86859180,98139025,350615075,124126500,177432925,69128550,64422300,57817375,104258650,34652250,91652025,41922100,17400655,18859675,6658275,34678250,14026725,1181355,22765953,32089558,12140260,14024150,10680525,6422375,10964975,12379849,10345225,12549550,34834825,6447805,9140125,13504875,4026075,1697268,14150994,12963575,47663950,19619675,872138309,34112075,103728275,89764050,143017700,70206138,12140260,14633175,83947600,134226506,5669100,18377525,4115825,40152100,76705350,43089427,43620200,36208675,61289850,2238950,14301750,353325,193772350,8861725,47867150,34863125,33730864,5473650,1519450,13504875,10201300,40069075,18953450,30965705,8500700,7634025,2150425,2708550,755750,596075,3917575,9966975,12996150,853225,3378425,1439275,11653167,8896775,2189700,2742500,719642,60525,1915075,4088625,9520070,224918748,9020034,11006423,17458525,3698114,663750,219200,3883175,3439375,255673200,34433425,7986500,2862400,26826900,44024025,645627,12753800,6325200,2446400,189697825,9789250,6970200,102254250,52373006,25337500,53400550,286530800,55640400,26812125,20422183,17715500,38332900,25057400,52699590,47175985,160476800,20083704,50628449,36952382,6509752,66686400,245802450,61306304,85783100,105597375,90205740,12059775,51430359,103243265,109194844,64488000,79257138,63472575,314817705,98626325,32603443,256497800,4741900,27650700,105667725,55597200,28057772,127702075,287485411,146042825,87656375,94712028,833369258,11028370,149307196,114949305,106870750,29663750,125173600,123427060,86511287,30617367,89106375.5,141922250,250626300,180631664.75,118289300,36326500,203495075,178125375,37679300,38778015,109901600,50280965,23375550,20700700,12080750,25471034,189492850,254018875,130287925,212596025,204698175,147157200,115839925,205432033,551882180,323868289,763307873,640200835,841166195,454370233,1642566255,874255500,790898320,1514391860,717979717,293485780,305195760,211890370,235259500,332226570,279051020,187347500,309817932,250171840,234026875,208527880,230245936,322835330,364611750,606302777,681888147,284281077,282416013,651858652,254281214,694651541,658517189,590140962,1044600406,881236763,1106963755,405255030,1025864477,752176148,1403937237,1429085250,250257063,670302180,160989634,429147993,704148040,513374739,559660037,457923626,335193461,236413166,1097238102,282450748,1785646207,630989474,849998287,536390503,332883075,770736460,454921614,520369701,546449542,836573140,856623562,535499361,871531145,1318860241,512951517,1425710384,623336810,1163828449,601793293,426890833,1313469437,412793807,1717025605,642592640,318280050,1243589428,2013055088,635806063,446503738,774893893,305476344,522897980,660359552,1628268243,750996024,2225589570,1764474807,202600299,685776963,1392031968,1201546389,1108060780,1288668829,711036490,685187169,279369086,582962370,436876953,349645632,979651250,806092508,544234202,655813734,336781045,290278677,541392703,744646612,239041179,94690288,37890967,335428906,57974109,458470517,337659334,111167330,38061445,Banks,656658973,296326172,104416372,,665794723,1402394995,224807048,403586086,632729637,144655987,146502007,150283462,562347431,125011518,59108421,51643076,487014225,549469479,381655733,125755881,22641235,71086155,80965184,328477005,100881243,43231032,60658563,51962806,263409813,99745592,180327381,43575943,45772719,107993087,25815922,28597985,72090887,128063577,374672820,51610089,71193486,150575248,1437489949,2488666075,35850708,56921608,954713229,377148761,153629413,170476559,470163322,831946413,613661887,215984153,916548798,2618866331,2072279171,2906183784,1279551137,307048536
Construction & Engineering,75200,,3830000,268931,1631000,487200,382050,,194363,82000,60259,64375,74850,,,180025,23475,43700,72750,819600,7697975,44527545,67214675,82187725,205099400,174825800,59502775,55055750,84489025,43220875,8754800,15057400,18513075,7848200,9344200,3077975,380925,149325,3420200,20625,5218475,11818025,1649100,7836850,1019475,8550450,13294775,9461075,3872750,562725,1207500,3749450,12346475,3518425,1174350,6499975,901800,2917775,1774500,4295300,1489850,104875,22026225,2409100,35267975,1020325,6358100,4403525,3028650,2072250,13294775,3801000,18000,724525,152675,434475,23546300,1096000,21125475,982800,2995875,681725,545750,10250,320000,488810,1949475,2994462,2439825,380845,1559425,12149630,12932600,2917775,11996550,2757500,5750,5508000,830700,594800,471295,812375,7202175,1639725,533950,2694100,3990925,755825,59425,125000,717980,242300,45450,9450,276625,398875,689850,731750,135250,36300,,,2125350,3019650,570925,885055,882388,798800,2287150,6804600,199250,57103125,5579325,743750,5800,648800,746850,7350,1290375,907900,686250,1812475,863350,47175,2062775,750700,28236250,,51825,,345500,,608250,1129000,428075,445295,154300,1617400,9275154,748550,4193475,20321025,43358600,1580500,27099050,2211050,3482250,271150,7229100,11835200,2007875,6628800,2487025,680625,3578125,5454725,1535375,2187200,772627115,15370375,1279925,3370500,29124775,417250,4705400,3293075,24382000,127813348,17185175,32404200,3004350,3964325,10230175,1530975,17385200,72350200,7957675,17121400,1966000,1731650,1556125,6548200,8982450,11261450,1592100,15047375,568300,2829450,1652625,2451400,13814175,14329075,3151925,12449725,26717625,12021000,4466475,245400,89688845,3886425,36015800,5310175,5271750,1119900,3052975,6062250,1320400,675970,65791760,16674830,66505880,13175670,106712686,58089230,35612070,49959850,16538450,29534539,3909230,11977690,8037960,5189370,1508490,1820080,345070,1528219,430900,1327675,821007,1803216,2579551,7773165,31015426,212873490,32580571,4688507,14374338,46235357,18819300,18529458,39710986,13012902,21135305,31269813,3688940,4784833,6003515,1742042,36126124,5492182,7799474,29168074,26575653,14050495,120874803,246983870,333776244,228813105,765329806,926680783,337007481,190601741,135295905,64234977,61026573,68312645,75154572,105177488,13309415,277822480,69919731,124479242,16535428,87854034,53988066,20640018,29805988,116530743,59183706,13682752,46288361,13941472,5651711,38762773,80623229,26139212,20608482,31316474,101406434,17731693,648924690,139876290,71470047,61244093,121171431,125696572,12872436,254930823,116373999,127134619,70313010,6657158,11070696,10214465,2713477,17255471,14308886,7467451,1423173,128190,6517731,8780229,136196,2219294,10825010,10309845,8427447,7742978,16798726,3575192,Capital Goods,23032556825,214957011,318844881,,2159082597,1010147992,594860,14680517,14418413,622916193,389845591,1431238164,753925616,1546744899,1178618223,399042489,391335072,432813476,861234578,279320394,1105594033,332588824,421686366,533106963,13577121256,366737971,612794447,361375334,358302750,316020247,316593612,1317186857,620924417,1757359835,437931450,751846691,766626404,4396764286,1292002033,886344536,615212047,1029315220,2139793985,2028387267,219156773,2333497910,2558279466,427659479,419388353,12415490091,397831206,1291515591,1353706344,1322259345,2187164790,1008680293,11940715862,1279538021,1343306464,1553500490
Chemicals & Pharmaceuticals,135734,5990500,,,116750,,,,147775,,,25000,448000,7609975,187275,,,369625,1530350,1048275,380975,218400,5833300,413475,291250,2247150,59242385,14385700,7164275,5224925,24171400,2968100,4462350,6481050,1230725,515700,7785700,21000,23000,13148500,153700,393400,13700,18750,13687825,112125,4500,16476650,102250,,240625,,108600,134150,568725,60250,,,200725,589650,182660,227100,1983150,2136700,15817150,,3608075,281000,2433000,1272700,4500,3307950,608950,2552600,,4500,,297200,1024000,2931075,851325,17000,75125,,30000,360100,4893500,15000,3900,5473183,39000,112850,53550,,,126000,967500,590350,1002800,119725,,959275,24805,931950,1482375,38500,990000,59125,,14500,58000,144000,254125,4275,767325,9600,443800,,3560,17750,,18600,,2040000,55400,9375,9949,7500,1007875,2100450,202500,2633175,31383956,19385225,6242975,90000,244000,6424950,,443775,2400350,39164750,20445425,4170650,3262500,1187000,3215500,7599975,8596700,4629700,2994600,17836350,5218470,7292050,16032250,7064900,35996575,20200497,12282813,3615489,10819727,5323750,17132500,10837780,6140000,2346600,2883300,2391250,25933550,11770500,4975275,351400,589075,22400455,13591775,91700,3444000,1655400,602425,6089175,4286593,2053475,44068517,16339029,38378200,24083375,6291175,11484375,48704750,48520975,45563605,12074750,64240050,12131675,23780900,7697300,12342822,35681479,47965055.5,47669575,16491775,8948275,10501706,170858975,21972075,8879355,18370740,14412125,9238925,5161600,1743585,4605692,78169325,58439125,45314675,20801475,87593300,52516850,21838700,34628251,29483225,68497075,72420675,15512625,25082210,43268985,91976300,47323750,66176958,29203110,14792070,12025070,99982840,105350040,34007800,81479520,74352820,54200330,23785470,17977660,14905770,20167830,6304150,2802240,18980800,11101560,4589734,8618622,1393773,2032656,1955535,4842434,8313792,1654369,5810604,5116750,1086298,1756639,1990474,7649045,8776134,43890421,18507318,33629162,1964128,2899465,1226643,9527431,6004155,1894400,4946471,1505248,20094320,3831665,44126380,2770128,22516628,1727051,15828451,28838399,10812248,18394796,508361,1620127,3577256,1193638,13983535,12020721,4631644,8149571,2561154,3238840,1725265,40982097,603732,7604483,1381915,1855084,4658321,6499571,7837343,2205164,968292,1943176,496526,3177357,1262009,1588017,1512824,2524460,12506553,7707598,239308,22239117,400800,280596,4000,1192329,154772,398609,6238165,213967,822212,556760,58507,441840,1328353,583807,595938,11395757,182520,228,52575,1501533,289858,60000,11743429,3601171,3382523,7741161,Commercial & Professional Services,,874500,,,,,3323300,22594183,77938751,,,,,159000,,,,35520,,4282644,474789,580550,12961179,1905942,145800,2133115,4042935,26774593,,1447000,14080896,13210500,6008490,218020,10795,,8238045,11518663,24500,82,,224167,1018813,300240,6942332,756316,741255,133790,218659,555652,136218,1057400,399600,132200,6975765,5580696,59420,637917027,,215000
Diversified,5149450,37705398,16415510,146668200,192147285,77683508,59122363,123651767,11584580,31358913,6295500,,12925554,65408640,46567296,27592666,53854270,133948775,84707940,14561320,131769955,194936605,125716142,142512751,133095100,217807314,242024815,117789000,448167215,694265325,580252581,213084125,124645000,158867565,206990700,314632794,138695900,61851650,56076600,9601640,8055534,67384940,168542175,114630100,150006273,277117600,105933820,214218350,59673250,38388725,173814450,81970090,196642511,213061482,154916690,98574327,53807680,166860800,46419251,52103900,183398243,78533000,269216812,127458113,1854979607,64165375,71602200,215971138,204065375,92277381,105933820,179207700,279630175,74215698,238506250,227421725,262665650,155808898,149607654,159478109,261015550,185632050,159267500,130518785,113078923,127880741,271348553,29255400,50984515,56726375,129374920,69598340,114937864,166860800,281558325,206354457,133616692,48304800,353462975,211482300,37405064,48743788,81962595,98751856,162508236,99794700,49157275,154205525,28020600,38572930,41284850,12603175,90429050,73123325,87882675,8186368,27706269,51160951,6586725,26570075,7873980,118256698,63652656,41749875,157827050,72682116,239243620,118599025,635374465,477514000,65927275,747323240,237916800,78740846,100405300,68083635,102139700,152882546,404182033,55104265,1490191745,398759690,495461135,526457191,247083350,266835008,495573631,212843966,430429108,805582511,254576073,225888313,482990740,805961466,960610489,104456554,326551892,186986720,99867725,358573520,156339640,481719500,804899579,169203223,404725650,170877170,416392521,435224146,872863620,1451050725,1266928050,394741420,1504167650,401299265,58734826,122816373,354345002,398998542,716074513,981171345,360755088,1102564840,2735329605,555478225,2524708651,163476475,1094580918,273794223,1968957217,1738638760,534227875,2913486111,650983780,1193760371.75,1104730443,303238166.25,346315187.5,645262755,958678799.25,298892102.5,457792000.5,112803035.5,327572881.5,1295517380,138803525.5,110507914,30949485,289437325,118185092.5,292833806,125703471.25,100996645,913806300,2811247500,1180390250,1201151961,2653009522,1179001475,452720475,8472808092,6088420324,643781524,1834972571,944996295,837147345,3048052939,2948376924,2815594114,2159403678,787526125,2628999086,3425373283,805249905,863258594,695490080,615660100,820143028,1512085926,2699753108,854891172,504781281,1669613250,904612125,1506296630,2384439784,2308999811,19163092298,707233354,1569093920,704279950,743847199,2328457879,2137211508,2108717338,2784795211,2528050473,4057972110,3570086172,2996134356,1259197104,2913095136,3362325840,1387903812,1414998306,3433805853,3265306470,1367459768,914654009,2679044513,1434378438,1359216092,4590348336,9037283249,4612189704,5280966389,6246748754,3749204740,4484194163,2553782189,1651087863,1627936417,4082863495,2715999012,1617326496,743087446,507004953,1532343475,1824981999,2112211070,2630412198,1876591274,2805302996,973655411,4378688460,1767251770,1569409154,1958051072,1078370275,1623539792,2128122229,898944637,1609763415,967103669,2430224704,2052463238,4331890461,7811129101,9524598137,2757658692,5908241769,11428637522,3410962293,3773848743,2878265193,3042845018,445088,3779842834,2668234976,4210544742,2113874713,2759726144,3449343397,1661748366,1647334900,1387665424,3320808275,879310288,1324555111,2395326527,2544049261,1610668005,3274602312,1238285147,623901900,2570992634,1851057194,992045338,1083622600,1049241635,1284087092,Consumer Durables & Apparel,12124771,92487739,184208315,,62157868,26217175,1063511251,246061959,723159228,69071687,5046427,26507009,71496447,48749486,90374113,318843776,376752795,72728353,35910553,48880503,62380989,31167977,29017780,33658970,285691750,120041914,75247318,94776,43829759,15855340,19977927,83519249,161199695,9996539,8754918,20529487,53164665,487680701,45362378,22557653,122341972,40067391,16175601,174871456,67978621,102033855,50706780,47837333,103037017,33754114,17545847,184693890,117809427,128924325,76832479,59743533,159916263,258035231,260379618,79244629
Footwear & Textiles,13746625,3789030,142325,38000,,2951250,2641500,2283700,108600,166675,96000,23985731,512825,200025,512884,27050,169200,1040450,1450725,544450,233225,4997095,1015000,58950,72440,4097975,6611854,8209575,1239325,25417025,12510400,7240625,709975,152800,3877375,16275950,16720700,3157275,463050,267200,36200,916925,78100925,140000,90982925,73975,1465200,16525,153225,8500,32300,219550,239825,948800,97500,1001150,,4250,88750,67275,192225,116800,14350,125200,42389630,4800,45000,742200,25200,293000,1465200,98825,38910200,305000,148525,40000,260525,979800,34525,88850,154250,20000,,,,,1080225,35250,,34250,,29500,,4250,99325,270075,4725,,,19000,,19000,,,2000,1800,,,252494,,,,,21625,,,,,,,,,,,,,,,9700,1016075,17750,5250,443575,,40000,13500,,,,525,,,,,8089550,85100,69250,1300,,2400,8267050,11668625,42187150,2225650,16189825,1128800,440600,568500,902875,4822075,7378300,10566500,27618150,54491125,57449425,4027775,6989100,5305125,2972300,4751525,35223825,1360825,568325,16948050,11631000,1665275,714000,8183250,2796175,1567125,519475,5036150,7416425,10534800,4810625,4502750,6478325,4001375,2252325,10648650,2892475,12137900,8843550,30108350,309817625,3572875,4766525,1674050,9447775,1370900,14129625,1752950,8565075,6705925,7997750,7952775,156725,120250,537175,251800,53000,781950,59039000,305900,100600,7092150,1982550,4660375,271500,3051875,22785450,16595625,7836950,6290575,35577475,17051000,24236925,130335180,40557870,31658820,26571900,5671460,38721410,6741220,4402770,12870960,21039150,31647900,6217870,61938630,1665860,4026610,3215440,3547740,9571200,7668530,12290346,893111,18467161,2021065,1446655511,1032064,3738834,11545303,3183706,1087050,4709579,7820565,96516307,3561435,8599984,1839383,2611924,3904078,245528,1066603,0,2692186,6323592,5964,71250,0,57479,17611071,982813,26669469,5704204,6534960,1110050,238,581745,1710025,82485,1515600,1111952,317292,17152860,7465532,609600,3346283,1754980,793247,1538800,1339670,24592,139766,11235126,3940815,14804455,1507316,1888258,240515,887692,370400,948852,205900,280600,1459420,1066480,879350,919903,181600,456500,259600,70333,2390055947,163520,4004886,2343738,12700,1810127,1806561,208773,115300,32069,8500,,2808200,149266,10630,508508,10321,223000,,3537859,2854154,3252130,23717925,38051552,118181175,Consumer Services,4011811,3100797,623312,,579380,4032445,80481952,2964732,81246098,4181243,20116653,9771875,6310864,1713067,1678113,35429451,120188,13523045,6337299,2304881,29033175,45098042,17348892,52017339,22568590,6731415,1483848,,28980845,310687840,419425,93930599,50022649,1422980,36625541,17094593,14465910,24126188,36431432,2579335,243054,529873,5399345,10109023,19638484,1991120,16744527,15118111,18863166,10887985,46417638,23974779,74484397,99121496,302879215,126838689,651722553,175534175,580109000,14214365
Hotels & Travels,440750,7821504,1611375,599207600,1344125,17546725,962438,132596150,173746375,20322255,123762775,11000,11684875,6281988,41706338,2188464,9540175,2806225,12022200,15545025,586204401,67073025,244115250,61067275,75347225,94989050,144755375,84418925,145034812,39027550,15372401,9423785,2089025,3928828,15216060,56532905,159068425,90366058,13702535,122096250,7022890,42352575,7932330,1273525,27558025,31369425,30015220,8808547,23167100,4407425,15997325,14257375,11843600,7184250,10524250,4489425,153275,119500,1551775,37850,960525,35250,81300,7513725,330881762,19184675,11923150,101479275,38284850,65638300,30015220,5022650,3717350,7002128,4027919,837200,2767200,1934825,41297675,61836625,25220425,54301408,46369225,27090104,192475,284700,85678075,3741275,475000,3894149,25750,,81523150,119500,394038126,12753086,617303,64000,548775,8143400,21750,79550,216068,192825,1806250,153400,12613500,39736875,32727000,370425,4424775,101000,176467375,5327600,1028025,41578875,43300,11044475,222150,142492400,26375,980500,21699800,4234150,10698125,34235700,46162380,437250,1065800,436548700,7096800,12989900,21248675,4525475,2753350,7214250,4035350,2101025,1731225,2452100,3525975,17083984,29104725,57455600,39155650,114182816,25125225,6298425,27559500,17479375,20341075,9201650,15194675,16359775,11860025,21852520,235214050,190261648,31631159,34582000,65449775,36730280,5789175,163292350,19432525,6281975,134472550,32951742,25687175,14346000,11066775,35160905,3968725,7063800,23142483,18258000,5006200,13489400,6304520,89744100,11418325,12059875,1408350,918550,1926280,5298625,3001950,5513150,18543900,4623650,3812815,10657140,45127550,31026400,17511975,5957525,5783675,12361000,10477425,2099688084,23216125,1650150,36945750,29178485,23285220,16231125,28744350,4327225,13895875,8254605,5105375,6160425,112226270,100439230,47982650,111531482,60921148,22419020,22202445,60554415,135118161,43917350,300220700,441636225,599245305,63082974,146081264,2188717580,352087501,58207800,46199617,50590913,236877407,108187980,31703010,72645350,50728035,70418880,45705670,52738750,49844820,1215088099,15409150,17586990,16751180,180259650,54278940,12633874,67044815,12636186,30984375,32267663,134338612,18981188,26376488,30523945,7759006,11061401,15125552,31264802,75532484,89603311,4984249,12004599,6011782,21959882,4457394,12546580,38617233,50925942,18954789,12845698,44327190,112130563,64010991,74215640,18533789,9058096,19895041,6129436,1526048,5128579,2315057,6312203,8259993,13908618,15208963,66406457,1390387,11919902,3362138,22482678,869251077,8513291,94240456,4225350,10146846,5862117,1095209,10455962,621043243,6800506,824413,10210172,21248950,2986578,79765885,286492198,2318077,20285564,23765924,1940201,3164178,7384992,2228904,341282,6402147,1365148,1286634,292368,4421972,2201311,776783,408444,1266466,2959498,64060,658474,1166033,138411712,26205145,425058,115565,931928,3874530,54038124,1963567,3252000,3227694,363773,Diversified Financials,122506244,211536629,6228867,,41319175,66533053,1500096,377046,3877895,61524311,39106555,45565248,367576860,150694904,74914860,54526926,31065531,74699156,112285777,193925357,55203856,89853590,508070206,211350982,226045990,180370011,357311319,68812048,72709367,57904017,29927986,51102745,144914219,57351398,90194053,52390725,60496598,6214400,63452034,19611264,42892859,71164236,327772519,371067179,73073028,127584668,151366813,7751595,41161722,54247962,66965828,36815665,218008369,295910439,150356081,453403124,997199663,840274050,261323475,303870270
Healthcare,,,,,,,,,,,,,,,,,,,,,,,,,,,,,,,,,,,,,,,,,,,,,,,,,,,,,,,,,,,,,,,,,,,,,,,,,,,,,,,,,,,,,,,,,,,,,,,,,,,,,,,,,,,,,,,,,,,,,,,,,,,,,,,325500,,,,,,4432250,115675,19000,,304604450,18479355,4469875,6116300,8669900,73635100,558750,589975,5978450,896250,66200,2008800,2467850,600950,634350,2112350,1445800,664975,2875225,8917700,265783425,31668000,27749000,12111075,30962925,131734075,113760500,53851425,9810275,55474500,5819650,5319400,412825,2583025,2010900,990650,2308150,978300,2935755,5796590,1248285,2731475,43840495,4233080,21347520,22804600,12198480,3188100,7824475,2839325,3921690,151600,637975,837925,855150,25145435,2649900,7978950,384150,583135,850910,784475,1114850,66500,668700,763625,3247470,3834205,92400,1316800,2326750,46800,981850,57500,2100700,1479325,2255000,6994510,2898825,1629350,7336405,11556500,8478800,13959015,3182223,12854875,2965600,12822775,67651400,24744350,36545250,23918370,56092400,57221570,2547320,5554020,8982550,5483220,4018054740,2767380,5280010,12269510,1155070,35690450,16676100,2030780,3585970,28857440,723690,1803868,1494533,178975,220700,641650,199250,606168874,878759742,26506166,19856808,1586303,51570040,1315397,7535210,8434148,14797293,1477992,1698519,4005457,2409325,6338761,9278570,1393656,3288714,7813905,15935080,5339081,4530103,13614623,3112678,36504265,496888458,213738409,132187336,4436566,157529802,24505288,32671404,21056861,47291807,49202880,809065762,121655409,54706269,51270688,228846420,7806313902,17116331,11541033,19192379,298012933,173882169,19117978,6858063,21905222,79184950,5934988,56587261,1972851,780456533,444541,2292680,3273619,4141837,4880611,8637649,1099438,7533411,4093684,297114,35944096,1437241,4628271,52977387,0,53295,919245,21544092,2047234,125582,1555657,86713,19983,87836747,660088400,56376,122970,8104,99405,5517683,1676734,2463899,1167170,590612,224907,Energy,197536,412106,114280,,70200,49905,136497,118668,517514,119468,2231799,2961197,488090,409511,273202,284851,153035,1186552,141670,652392,34201,5439506,49540,38711515,6312798,5462027,13983706,179271,2467090,6446302,5803624,36406213,87759832,91920091,150354965,9624556,101423698,16642443,83560430,3583620,12926504,12667715,57518421,79275332,17503010,23403618,40000047,39102955,44217984,32966937,18001852,10798928,7695952,30778348,13916832,75753550,9623696,93572825,38186944,105078289
Investment Trusts,,,102325,8000,,,363500,,,,4608,45522158,,,,29750,,,,14250,2400,,74525,,,,417500,8058700,137500,58625,11995563,27500,18000,,1750,7744345,1318060,3092515,695650,3492200,92150,748275,14613685,768025,1390550,130000,,2700,4400,,,,,16500,,,,180000,10000,,106875,,2650,14500,8620390,7825,4805050,1668125,16500,663750,,4250,44500,419500,315100,181000,9000,2910000,463530,1746150,1697550,5727432,,,,180000,,120000,3500,3375,,,,180000,74550,8025,,160000,,4000,,246500,,,,,,85000,,20000,,32150,11100,9900,23100,,10200,,16000,,,27000,46700,,31700,,,,,30000,,,17000,,,9700,,24000,,55250,120000,2434375,21000,350000,366600,365815,31500,647500,356500,117500,234697,222000,27000,138800,11397700,13715900,4409925,21255200,1350800,2255275,2510725,2836300,4526425,1866425,7011800,1077775,919070,444525,2715138,1878050,1328275,1006022,1293425,782250,2261700,6723200,90300,1145250,1400300,222200,880650,465125,2581400,1567725,3602750,12124925,6724950,10756675,5241875,9325325,105839125,3033925,575200,168275,10152825,182750,2118225,9957100,9278011,14009300,6833600,26902775,7408400,26748075,4391175,2740350,2070075,864000,534675,4304800,138225,460875,1639200,7352625,18915575,4008450,5669050,23909475,547750,9045181,6989138,119066288,97548650,39286375,47721925,75520250,332585000,321716170,63331970,132615240,173195480,93543090,248438290,83750700,100183640,79962490,48677120,83644030,53845400,69422030,101038440,75496260,23242390,21124500,106935240,46811000,51576664,21680264,17602441,32027022,6344688,39757494,71938430,1166925500,1948336914,601555904,33144691,431041940,68215595,25342724,10572869,6940700,13433741,12012183,13672849,14474143,13075330,5999682,9255505,6941473,10749370,5193977,10134454,32430446,9022615,53584077,39376903,62441095,43604731,59341235,24358938,153864551,38423018,101379196,72631067,139873135,94929787,37561111,9387519,6390686,5387209,3591460,4787090,979692,2802540,15527284,10813482,10912784,4613286,20903528,1343441,2230989,331418,1615965,901224,1365179,8143402,58664325,19382324,14779303,47600454,24636658,9833019,220900088,834844,282000,333510,1086740,2244347,4392082,1369834,53844180,943100,366700,106767682,8467061,2563176,244208,8537314,14832910,12882117,431719,5663900,4740972,,3064473,7933152,1914553,1107850,20755044,Food & Staples Retailing,532556409,25551600,,,3787024,33312637,14193194,4622042,5501778,17661997,9020450,6999175,424122695,104583039,54890764,22838208,138972113,85335500,253622188,369985323,51250,31710,152975,5676128,7273189,1250564,450150,4952480,254356146,81648930,122550,60308797,134782452,26250000,35401845,301880160,5995983,5486220,15350911,4132690,7667261,238849816,373534379,7240068,132192222,150101036,41912974,283745080,8289476,784846,10016558,165559912,1279314629,116447961,1243041097,567816183,2213240,1487805210,16454908,64013
Information Technology,,,,,,,,,,,,,,,,,,,,,,,,,,,,,,,,,,,,,,,,,,,,,,,,,,,,,,,,,,,,,,,,,,,,,,,,,,,,,,,,,,,,,,,,,,,,,,,,,,,,,,,,,,,,,,,,,,,,,,,,,,,,,,,,,,,,,,,,,,,,,,,,,,,,,,,,,,204225,674175, - , - ,22500,100000, -, -, -, -, - , - , - , - , - , - , - ,68750,0,0,0,178625,0,0,0, - ,0,0,322575,297500,,,,,,                           -,13500,0,3800925,0,3194900,17582925,1994100,1216750,1041925,930550,907100,645625,564175,616225,21100,0,18000,0,0,0,0,0,0,0,0,0,0,962600,0,0,202450,1673625,56250,53750,1177300,13142950,2582050,1613400,10651840,19820600,2643270,598690,12115330,44720870,40620380,48220900,42929400,23847790,86490420,20169710,86308820,508326570,41748040,7802920,2098440,1988120,8362340,7139343,4976257,1621600,3306746,421735,515291,17018458,1643416,53000,0,29000,145720,188010,817601,507287,232700,925750,12347257,167130993,163340093,987310,51150,2329665,35900,0,1025270,0,300013906,4735156,597028,1554859,6281733,6218563,3632546,1033720,592431,35553,1076843,10849992,444039,100089,128467,0,0,209286,48857,48644,497,136624,23376,1006812,3397379,2005181,92728,3758956,0,75339,768252,690960,0,297046,1075000,11178,487502,151368,6670,0,605000,96000,1510228,1000,0,0,0,0,0,523575,65250,0,,,47889,114681,42000,413324,100000,184000,952238,,,,35000,28500,,"Food, Beverage & Tobacco",,827765261,812227920,,661274246,764944937,143445,,67333,626125175,502106256,224476512,547504917,167448295,833305746,304653190,251450766,462606987,179458641,487962423,751335267,158569297,403152415,370333968,195098697,171402921,521292092,517164645,183313390,211711195,1016654510,1129682603,744351330,230441193,292427717,249768783,318309261,286297255,600643213,200087427,352867547,105617190,986279706,1614610602,139510394,105217568,611416514,110282243,396104767,140534784,289821958,493426290,738205184,623936563,508322019,878374933,720684889,1562651935,742290277,248576001
Land & Property,36900,4425100,611000,405925,98000,,16533125,455863,134300,310363,95,440050,350525,98850,31250,1779800,1493888,92100,376050,420325,2957522,490000,2166525,11347075,11247850,5612325,10984450,1603500,13207725,7330975,46027050,2861575,1161075,215441,990500,5272000,4911350,995500,2101425,973325,1483365,3973138,244150,33125,375775,168000,407800,797425,811600,622750,135850,12869375,758325,2257400,757625,239650,337925,,166775,289200,74025,1218050,82100,254950,9406750,516225,439800,2900125,727100,566300,407800,234225,8775,515125,1000,189150,182250,218250,79650,,140075,93350,464800,65500,,2125,,43475,101250,,60900,8400,,,47175,102100,29575,2500,,,34450,70700,90050,27500,,62400,8500,,15825,,,,13250,15000,16200,32550,256000,4000,30063225,6750,9936175,115625,14425,25375,24000,,203941,29000,200,2200,,5234750,221508430,135250,22550,56250,109500,,100000,60500,389450,57175,190000,56000,319500,14802650,3061825,770250,2566100,2719425,2096625,146300,3448750,10175600,63962297,47145725,69626466,26341150,1671500,1310100,1554000,10218475,64230450,17953800,28077550,4882525,6375525,7820350,21660450,8022000,93708200,5866175,15958580,25656410,66546200,14481725,16623235,37856100,12112775,7161105,12910775,28137700,12638630,5863545,8590055,23333675,11956520,4853175,6570725,9140550,5030050,6618725,20508415,151857150,76137025,31391870,32365775,27787015,14618800,18981825,25006325,15121450,3496125,13616125,7251200,7569475,5995770,857450,12418925,11568525,4436700,24246875,25484100,35771600,14826455,21254050,36303780,32075005,7481725,9667350,91370800,86339850,50637975,28847295,10378225,187622425,175555064,122754728,142207810,43373490,13564390,20714580,35925700,61489930,74824010,31433470,142895940,223089860,54189530,260209070,123440160,53216340,43349240,17690190,18358400,46885085,30571076,91944729,83402255,27011018,15462270,5461406,31378409,25275740,24040309,5597778,5117232,5471718,103213588,21167681,107588894,26983772,67132059,11488793,33122097,34173805,18706667,3891763,23161360,29918122,8734054,14387949,19020608,2298481,21654796,19077817,53098025,205881106,24516746,6170547,14946912,197011342,52957291,19609083,10619336,31506073,16804799,6534573,5491228,46181266,61758441,32689910,168144891,21744793,442478231,128697952,52994022,3868252,899141,345083816,1586181,1196347,1339476,1168321,42597448,3179272,3566163,5931601,9172854,11136706,62572859,47371273,3602634,15667600,3358809,2898863,9376012,5920489,210982186,1575272,614172381,3155102,2294798,15509119,5065644,257600,3886672,444432,2130351,9196686,2450090,32344120,9159781,601796,6052812,2184970,4401579514,6471467,10468012,11732708,Health Care Equipment & Services,384839,548178,319395,,56059,62402,378092956,2655731,20717503,3313326,248888,34700436,15270272,1228741,1025667,80247,102835,129696,5977665,5578453,852000,127000,1606845,10059473,8116809,7472788,2830767,90000,,2873020,662007,5121898,370980,76890,7542549,5148810,54860,93480,39028146,4127740,8556641,721089,222195,1549835,16184802,83949,368511,4489612,74300,822607,18722,584647,1853465,1302135,1553102,431519,471217,27822911,12242340,17610392
Manufacturing,897313,20374572,1998976,1025281,10996043,2710700,11057275,25983675,109846438,54940700,1032075,935900,1068683,2888768,22588838,1292058,12650755,54710350,17674685,2467850,15961500,68564440,97571327,193724890,86501608,270759357,1270771175,514132038,336325025,347637750,396407625,126322825,242617175,276284700,226434500,191179475,445797871,43457600,44087950,47478320,12178125,35693050,118882525,46572050,58927575,108377775,35290000,57522025,32333575,46402365,34548825,37540825,50163225,35068042,44893550,6978435,13370825,30827375,7927467,3018750,4699475,7118613,26547125,18576078,727370496,6178121,22141839,76086450,194223463,181542883,35290000,40372625,15923625,34689694,10561425,13022100,7374140,70804200,98029952,44307800,47692575,73914110,224664810,83293959,9231100,2588875,96884650,55232525,11593840,22445525,36400666,25763650,31307575,30827375,67817875,280349911,53124500,89061865,27583450,23765300,4707105,6869175,22353825,4470200,5803604,1319300,11669025,5167950,14703280,2206525,550050,19564825,23784300,4616850,569325,2069900,3853000,8035100,58468152,6119650,746650,4600750,5885076,30909450,20469275,8051050,585305815,220022275,16654545,90436300,80851973,16815153,68555950,44784345,4086800,7723554,28862775,10838846,2825075,9906201,48547850,81693245,72697654,583466575,59854200,538988425,26957325,14952000,25218558,16309989,26657825,22382300,39618650,46672905,130115031,53684447,80822325,35609950,335727026,66778350,147355575,148857852,141709900,367358775,110922350,107257462,76436081,147204625,76290666,105695025,125130525,74498413,34236250,121039050,175001395,54149360,42812625,51443420,20129220,18954650,110732680,161206290,249887349,167374937,161629292,176922205,182669180,71424325,560653230,86421918,48218885,42417005,34663683,29397902.5,82610225,57847150,145251705,383136058,103466482,204296925,59351664,41720290,111239573.75,56655970,59614660,23362705,8322465,49649965,26283270,229060565,10909120,89270035,119622750,103075075,72472335,51188100,86480000,167312980,201341920,99486416,155499125,217598680,140178680,435681350,200975520,392024925,1402060475,402333020,757213960,189691480,548811042,592634537,463913388,495971346,394009870,174272425,157318631,270004333,291676050,100269700,314762840,110909353,154942502,19285230,81712810,350213845,111135950,48422955,32741310,50878390,259747812,189911611,184151736,290286845,409361528,302340918,97159306,254972799,123284425,77123056,703461820,411528105,186959971,404044553,229445825,120309801,86096578,590940650,1865637213,236946991,216289931,131281754,392781549,615275331,775921950,588495388,986868952,1116448264,994084002,736619725,491702317,579455681,189055379,351092692,297370392,230510884,1568263143,613295318,1161883695,785997183,340763439,69515606,125739236,178448241,757638949,303648432,481848985,672143318,1358079619,1716888051,790023628,301921026,494963554,396151966,1292051105,896330808,736846045,477634495,835944837,2315556778,2841730757,409366323,1233497352,545309069,420513248,471068200,358215684,108614387,448488517,187101874,989901330,131368620,185533935,172084092,349676140,552348049,638730089,29864358,161099458,379948163,110836056,277972105,19210172,4879975,182677718,37289923,3215291,58574483,55297888,32151238,Household & Personal Products,64137,11050,108110,,14960,59999,88733776,44947636,117942771,572155,16172,3365781,785150,99516,20426,5780,191880,6243808,3038453,2964800,530051,,44260,5599576,4527435,668470,6621440,1525876,,7260276,3093527,61303352,17708699,3041462,3034259,15505067,2368195,3101822,,,14569493,,,3221788,38310,4946990,,30560,6045,33255,14280,,,,38800,,,,32680,166400
Motors,1179380,7396184,2802699,2067502,63096000,4624285,,5914100,16959000,15915713,21963086,175600,154250,1723325,4703281,19111550,9227825,10412949,280250,1274250,24746250,17348444,36384575,13502575,45854925,35144550,162713325,43066475,40835200,32345725,85177175,35926025,27793740,23099675,25238450,49726150,41376975,16546176,4114564,179541,240600,1828125,450700,310000,2362625,31092025,3483575,28140375,10962425,3225800,117500,67500,15207100,928875,8098000,176600,1968750,40650,40475,2954800,9530500,428625,526200,309250,4334500,336750,22300,568875,,26000,3483575,66300,34200,,1885800,369600,209500,21200,776500,865650,152775,48000,22400,208700,135000,,,,142800,625,,47000,121300,40650,103450,,,593000,438050,224000,240,110575,165650,,177500,420100,193775,1550000,35100,,,,,,34200,3500,71500,26450,11032806,25600,,,,,,,,,32890,58000,,52000,,,,2640,19893225,54500,,50000,14793400,,220000,,,1186275,400625,78000,19200,784400,17625,,151075,109042,459160,434800,7102644,768800,224444,137500,1282822,260950,5323025,4804475,10542300,14723000,2196000,438650,2856850,23160575,7137360,2242625,318000000,779350,1495950,854525,4038400,1870400,2591425,397350,3323281,664825,2232427,487080,2112775,6521775,4113700,1058800,206500,967236,3230100,1834645,1821450,752450,1917675,50400,676008,5705200,2144925,5179375,26611331,6802000,7484802571,590204134.75,1176179410.5,229398586,648093,1262225,17854866,2407824.5,447350,1981522,2394700,2474290,17100,50000,2965200,2300750,855925,13004075,452800,8031225,13104925,433150,3517250,31021575,12637000,6465640,3741470,14241330,1940750,589520,33821480,40494690,39305090,22664400,26154440,12932880,5689700,55937700,89474040,32341750,75793310,9085510,5234920,21061624,2142530,4540395,146089292,3627372,15792273,11660774,6092910,2948624,743454,1940255,593821,1075343,373999,1571434,301069777,412533915,253918201,228915180,593655,239954415,258383661,211806469,7730790,2803546,1762063,1565200,393419482,763400,4507702,11501222,18074229,6647542,9526123,6760193,4612849,2911763,2760632,6643940,490386790,4300098,5877166,1357896,2313477,916815,1475100,1895177,857690,1962114,615363,523535,16466471,6063343,3552646,8770382,1811296,0,1878010,16130,94580,168595,446642,12551,2402740,2587214,860805,525145,66060,2349447,2356521,2306549,1843863,45450,197515,1642060,0,0,85000,42000,7200,,,,,,,12089,16220,12202,88300,,46087,128069,42848565,136988,Insurance,2638045360,22654843,18657344,,5970107,755105,352324,688251,316886,22696407,14423868,10458140,10845823,658282,5025570,1920100,2837865,5649018,4788714,3272683,488955,137287,17306344,36093618,54447087,37445143,21231541,5470487,10348615,10445212,11364641,42002290,38451844,6736428,6172281,18525886,50049895,24281531,9788090,4771076,1935159,7253531,14959836,93625001,32132605,24132244,18457989,10398266,11401008,11761766,25989209,56476459,23596388,184846979,55740493,227254079,292470457,277473418,33010511,175358395
Oil Palms,,,,,,,,,,,,,,,175575,,,,320000,,,,197500,,,64000,540213,,1756725,,,,,,,,,,,,,,,,,,,,7414675,,,6302125,1550000,,,6200000,,,,,,,,,,,,,,,,,,,,,,,,,,,,,,,,,,,,,,,,,,,,,,,,,,,,,,,,,,,,,,,,,12000,,,,,,,,,,,,,,,61177900,,,,,,,,,,,,,,,1077826,32400,176904,603425,425900,88410,39600,2298, - , -,320000,659825, - , - ,3149000,1640300,540000,6449300,,4002700,0,328616,0,2815400,442100,3896200,149450,57840,480000,1202770,1182000,2122000,24224000,231110,116000,,32885025,4127030,2812940,960000,99000,2184600,80999275,13163397.5,13670900,130000,7817000,57834750,18206475,31332921,7999060,1997470,13964278,42850200,1662500,925000,443600,0,1284950,1120000,4564786319.75,1143900,434000,487500,13078949,2200518,42968375,15523400,19814100,2567600,3920900,469000,48161250,2110000,880000,68472600,25673732,25632350,106651020,17312550,12415040,25142170,16413608,47013426,48827020,27149060,2372175443,55956060,43677380,13744510,18238050,5183100,28379470,19120230,3575940,24543895,6619855,12267095,12022582,16706418,3021528,16407842,31527348,3027053,23139778,2912216,62643,443992,7064627,538984,5344411,201275,0,357520,29920,674811,2400744,14716311,8313906,9627,15629048,123823641,154730040,0,0,70500,20801275,2361998,3638900,29710162,8334627,1652423,4509416,66000,232076,1391505,4512690,3202000,66841,1889,519750,0,10995,512926,4821600,12390000,0,37350000,14605,0,0,0,0,0,0,9900,3184968,5945565,7186397,1070,435042,0,414000,58453986,2976160,13000000,5907475,22912335,1736714532,0,0,9439400,256676,42081,3636,389760,,93400,6255670,,7297204,568097,6828818,147513,,16436540,4678344,,,,Materials,32297839,6543340,10105768,,29277619,37860953,-,,2225,184457217,342023224,187157127,330775982,130284952,6322686882,194154141,101748021,96848411,77087683,174495829,45995180,69092179,151501269,284376427,157903329,76667382,406756575,73649350,10601440,32354929,20953931,126828161,237218377,718298607,94125687,121655137,107677814,408996981,573192558,598528355,50779661,86697578,224374624,186445322,228348598,88344889,22780241,242395977,100687435,73528199,156827005,88820559,253914374,129596789,216304295,253051691,468891643,638721250,319590789,326250553
Power & Energy,,,,,,,,,,,,,,,,,,,,,,,,,,,,,,,,,,,,,,,,,,,,,,,,,,,,,,,,,,,,,,,,,,,,,,,,,,,,,,,,,,,,,,,,,,,,,,,,,,,,,,,,,,,,,,,,,,,,,,,,,,,,,,,,,,,,,,,,,,,,,,,,,,,,,,,,,,,,,,, - ,296403800,336325350,183032675,151482125,113141475,267554475,116840450,46277800,91032450,210772450,39994200,63658650,7326450,27703300,30707800,22286100,1809200,13998575,54365900,7649525,9954500,154004250,212288050,20989575,10065900,40671600,93368600,52167440,46411550,4646950,1232950,1854725,1893475,5792125,8351300,9619450,7321675,28531275,3438285,16170425,6337700,4166075,8970435,31083695,30727420,19879040,4947250,4300490,2580345,3728360,9542290,2937050,4712990,9749385,652650,14902940,16985700,11936100,14161270,18018425,53831450,11864450,13070975,6217900,12405800,27115051,6290900,24968175,14033090,97135230,22202380,51235260,111767013,202195240,66305190,90015720,27965150,56665108,330527400,30520160,74424050,72455870,81035160,15647100,17794590,5454310,15948440,4048604,6777456,8179216,1490412,6714608,6807138,14993167,66541091,21056127,620834,33898092,7398881,7064119,28890343,79343080,18913908,18858136,41518788,25232987,15389721,56540529,38745803,133638106,39988201,12013929,21628122,75213554,61281046,122603413,137934012,343052966,600014976,485129249,109543359,108491919,110220601,163787487,154137749,151069557,313015493,299541769,295198242,27220737,108889098,16269312,7047248,24002673,6111435,22849289,11515900,3735030,6321202,2029397,11927966,6476203,1640365,10851565,2582411,1048545,51328007,1334606,7713062,9269152,14329984,155308784,233457,2250532,185885,1786912,4059778,25456947,123016568,8442759,8153032,6539745,1791985,1068252,6635608,2746637,1405963,712422,14923888,1578722,2151186,636348,153287,5960776,2612989,9858151,2308188,10781457,3756642,8114182,321522,"Pharmaceuticals, Biotechnology & Life Sciences",,,,,,,3765834,756552,12563314,,,,,,,,,,,,,,,,,,,,,,,,,,,,,,,,,,,,,,,,,,,2827658,439408792,29747231,52810186,68528205,64196426,,,
Plantation,,,,,,,,,,,,,,,,,,,,,,,,,,,,,,,,,,,,,,,,,,,,,,,,,,,,2000,,,,,,1186175,360250,80000,,79450,145050,135100,786037850,234000,59908850,141002300,299108000,105123725,,59843900,14061100,6011825,7974525,54852950,7122050,26743075,26122050,44197250,48760725,77546775,12523400,5690860,2489985,798125,2296610,5710796,1087192,2101450,646232,79600,77527174,1186175,4979850,12881325,7876375,3884500,4887650,15863550,7138400,13886065,2154044,509550,596125,231575,2193000,5591100,842300,437025,405250,3974775,310425,238200,532500,2214850,977125,253400,524350,481800,1759850,456775,1052300,1900275,68100,13000,91950,18200,1007625,2179850,1220600,15903225,4962075,91675,15535550,344125,7956400,2423650,13543488,14618200,367875,545650,6228375,12049875,10558050,6226850,22454075,599175,701150,5922125,397025,3449775,581500,6085825,11302925,1839975,1011725,2880175,494225,2244025,826175,22849925,16295475,24166400,16216175,2079525,4268425,11153325,9445650,6968950,894175,340300,1156600,7019075,100910700,17115550,15529375,13468750,7274125,2736175,6915825,1761045,4753059,5599620,8141115,6062975,1390875,490350,1834400,3446970,11688165,1479325,5625400,8348875,113969050,173909725,60981515,152985750,49058050,77930500,36897350,9619163,22624875,132501055,12564500,12733525,3368633,1382550,19860850,5115650,1389875,4845250,13211500,16262300,15818275,4285550,14039475,16259075,13998637,19054028,92741575,93135200,4671150,72854250,46802625,30550350,56981375,14735920,128312740,46783850,22328890,40968540,298011520,146562710,167276544,65063570,71106040,205285520,23417010,35516350,83418190,6930240,8940010,4317610,17343863,3386558,16763768,3058625,2923677,5578146,7538930,3574545,25406949,20002616,603102,20502396,2814585,4277732,33667461,18466715,17187168,21107364,20243660,8714593,11329869,10882858,20100990,34226664,29302149,18181161,5246058,4846161,11917748,7566316,20445305,18337406,13211479,37738500,6243764,460227,11406885,8077737,1744195,178000,2483762,7389358,18529244,1393179,2524218,352805,352480,517991,45695,44641546,1793688,1054186,16612,411542,140552,281000,700708,23319885,4344539,610895,21297684,8039623,61100,12188836,4780068,334964,58646500,1117314,24095905,47061707,25782071,3798757,2896732,5525407,15230071,2000284,5573738,4716101,2331222,3420270,3095944,126188,2427995,608140,1420424,339901,366042,2274236,1311732,1637722,3980147,1313898,28403175,2838705,1396082,227560,Real Estate M&D,1161149,6118908,4624513,,743207,920737,3539870,11219429,47132769,11780096,4129009,15383370,31942396,45772226,1145642,1113903,898245,17389659,10658850,19685337,19498829,10890383,46982477,17618594,12242695,2118387,51799834,14049891,10234660,18230915,14905835,26874925,11725786,752056,282238297,2172990,7115180,20269850,28655630,25723368,18249211,2689697,15425560,685575,992796,4005610,36804854,18971635,2610245,13959822,5016224,,,,,,,24044764,20802973,
Stores & Supplies,,,,,,,,,337719,11500,,,49625,1084450,70000,118975,1241175,1246775,6996200,38000,148800,,38000,,2328800,169300,3952800,1738876,184250,824550,273600,47200,50000,8927900,55200,,28000,20500,,93000,,,,,,,,,105250,76000,,,,40350,13500,,40000,,,,,,28400,,177900,,,83400,,,,,,,,9000,,,,182500,,,,,,,875,,1400,,,,,,,,,6875,,,,,,10000,,,825000,,,,,,,,1200,,,1250,,,,,,3500,,8525,21950,,,1277175,42025,,18000,,,,,,,2720475,6487775,242250,2524275,7942525,12971400,9511475,10933450,1080525,560700,,,,204620,455000,10622975,31041800,3439925,1491650,4144239,11602840,10059480,5523675,12750776,5125387,370860,496250,454275,1405525,1524400,284950,166800,1281800,348000,80779850,50148450,46507040,1515120,5800,150000,1400,252000,156376,316387,9703740,21500,20840,13189,3250,220470,-,36540,12500,101030,8845321,0,33000,0,0,3402594.5,576100,15850600,2610750,356200,14735986,123100,5595000,0,0,0,20500,61120,30000,16410,401050,0,0,22000,58600,4888000,0,,593895,25925,0,0,0,0,1048110,1859400,989960,757000,0,434500,20059870,8801400,5734900,3105550,51759400,14910710,2035900,2073500,668730,2304910,3269000,1865090,743906,38159,0,68315,127196,1513440,144750,1332842,479657,361030,45510,608000,0,121987,894679,6650,387840,22951,2820461,1016627,1859807,0,920405,442960,394675,33800,0,594294,1329482,3968266,2120550,6016477,3735345,69415,718476,1556900,945595,1382129,361146,2069300,42400,132800,1472835,889549,3705213,2482071,1279760,4906441,1299052,644956,9957,347472,166170,11157,418529,797620,123915,2919869,678034,1590462,1099920,834000,613119,246000,800900,4425094,1355730,759740,1604528,115880,96000,0,0,940950,0,0,0,0,0,110230,,,280000,6699785,542000,610980,400000,352800,348000,3326350,,,1116310,4140,79980,Retailing,3073539,22071908,1040543,,429943,1592667,3539870,12224,236000,12879073,16957395,25005659,3498991,5624985,347078,1198378,94250,6550647,2216575,13054363,7192637,10483568,28902868,27130943,7173185,6529724,1450682,196574,7217441,3215203,1298619,6450748,18872318,5939994,1760200,3051361,2236436,21300600,15853651,760693,3306980,1985764,7836181,7531371,2657544,1073440,217296,126080,956714,2782757,4956424,9091250,80968968,13009657,79019210,55793123,52827033,63899525,23700092,89162950
,,,,,,,,,,,,,,,,,,,,,,,,,,,,,,,,,,,,,,,,,,,,,,,,,,,,,,,,,,,,,,,,,,,,,,,,,,,,,,,,,,,,,,,,,,,,,,,,,,,,,,,,,,,,,,,,,,,,,,,,,,,,,,,,,,,,,,,,,,,,,,,,,,,,,,,,,,,,,,,,,,,,,,,,,,,,,,,,,,,,,,,,,,,,,,,,,,,,,,,,,,,,,,,,,,,,,,,,,,,,,,,,,,,,,,,,,,,,,,,,,,,,,,,,,,,,,,,,,,,,,,,,,,,,,,,,,,,,,,,,,,,,,,,,,,,,,,,,,,,,,,,,,,,,,,,,,,,,,,,,,,,,,,,,,,,,,,,,,,,,,Software &Services,,,,,,,,,,,,,,,,,,,,,,,,37751600,17283604,23057663,7930376,4877904,7491764,885076,2038838,5343259,130240,175418,34302327,82313364,7686130,98710,217760,362767,2816411,434650,269422,119143680,54650,748974,1642825,149080,11450,614860,309550,1522525,1195730,2029660,235359,370789,136720,750300,4444722,184000
Services,8000,75000,87640,88250,31900,,,,,,,87192,,,1750,,,9000,15200,,,42625,258750,47500,1494000,341400,8820475,19000,25000,3313525,53740,,95500,75725,9600,379500,609200,1185257,,33425,,,,,,,146250,91500,,,,,,,21700,,,,,,,310675,37225,106175,42125,,,,25125,,146250,,,17000,,,,,,403000,,141000,33950,6300,45000,,35200,,,,,,,,,,17500,,,86250,,,52000,,6000,9300,300300,,,,,,,,,,,,,18000,74050,701750,273450,,,,,,,,,,,,,,,,,,,,,,1000000,159250,3203500,12000,,,323650,,,2275000, - , - , - ,1000, - , -,69000, -, -, -,452900,208925,18400,97000, - , - ,10000,0,19000,0,0,0,0,135200,1284725,0,0,48500,23050,,,,30750,99000,40375,-,0,0,7700,111500,0,203450,16800,932250,15900,0,0,0,0,0,0,8500,0,0,0,70000,0,0,223500,0,319500,0,724150,169525,0,15000,340000,0,269680,325000,987150,1353600,1054120,24240,1014660,903900,494500,0,448500,138100,21110,2320280,5244820,74370,531600,509510,2763290,804760,347480,214580,505110,120250,0,5000,38445,85552,1410681,309920,1028763,1357882,0,79600,89202,2682,6153134,2675307,3197150,23529,11620,841178,1118000,664000,18128,501744,239313,32366,2617,176027,578920,503615,1148280,999495,580035,1582774,674010,0,0,0,0,480000,0,0,0,526638,271169,0,426790,782098,407727,311165,328,68750,227674,23875,17169,567847,122625,0,33000,22000,634700,550000,507784,0,35999,517471,885771,312688,214660,119134,196750,403790,182856,3281226,91138,96125,108050,312485,52970,602054,49144,,2443992,530482,107135,124766,41371,36825,340353,1387360,3165341,153450,244676,231993,65736,36777,Telecommunication Services,187715454,113334560,10036486,,164883842,107543528,157000,101733,88583,58036454,62136305,106532648,42239576,134000247,272886979,17296470,659814252,836468,24354614,7167230,5204205,2792339,47538606,26273193,37183862,267535531,337117581,8314213,56339974,50122962,23410,65289845,116449077,22472281,157103404,195151985,16778171,12099007,34772609,347972467,73967642,125376768,423796222,352850455,16595641,145656756,56219704,2844498,243762147,606384312,2588092,37194469,914067259,552293898,587463970,703868519,599798132,409056233,470271741,21237965
Telecommunication,,,,,,,,,,,,,,,,,,,,,,,,,,,,,,,,,,,,,,,,,,,,,,,,,,,,,,,,,,,,,,,,,,,,,,,,,,,,,,,,,,,,,,,,,,,,,,,,,,,,,,,,,,,,,,,,,,,,,,,,,,,,,,,,,,,,,,,,,68712900,14958350,3299200,155625,2499800,42938150,203701265,21150000,115131575,112276575,211353900,26223975,77847575,75701275,33355450,29423550,132216775,85337275,39659825,48909449,50232670,5008950,44418625,44405625,43863650,97434200,128426350,46297275,60146875,71848765,2187591578,1912520175,942189857,1460751325,508224790,510291575,712955100,296103725,1146751518,1069642700,814832900,422090625,73639100,380154150,101924300,277410875,4012882070,187910000,138219075,626533275,466425300,129339500,7775297900,283967120,62733775,124118425,1861305010,1084689462.5,1204013028.25,71554075,241846025,1076063558,2100813475,38187018160,123214925,3778750,4425000,5303500,15105000,103671050,34051600,2139125,9793775,388325745,28836895,58925210,905210100,16811250,280713600,33708775,144761600,50945200,9938650,7663250,6757325,48971150,58728600,18855950,31365605,121410952,130416750,318061880,852461450,195935290,152343060,999512308,211302081,41997620,6804760,137744297,207177050,21770480,37192420,26342620,2554383,126296540,235708400,230570230,14601170,1907480,6664910,11460753,39533459,65284404,61674534,21370405,344276871,227255387,5162935,325893994,138996614,334602292,29910669,51730476,202458356,8470972,235754669,2031915,2651060,801376671,267421077,15929853,55332375,11063115,34156750,923116,6645127,48027639,122388721,64611172,96699537,2682193176,1097509688,369299045,373671385,296714361,91988746,536121433,4705047,3178753,207770933,340204769,68755439,391545678,335255482,158978519,267172767,968294,119978748,28713577,487883757,169213301,849557161,165853116,60169418,280442968,31565826,785878215,148259295,141853859,897876226,410607178,662901771,299563419,721729478,59646657,477407597,230924117,1833022371,101339079,32492347,109155360,38225369,272950238,71062473,205120178,14742018,74063569,142679084,119104499,49870938,115813237,13085555,39480291,21686784,231627432,53246678,11322330,242113265,251185849,176358649,2647798675,1193878702,215548076,Transportation,96500,685748,308067,,4739700,366108038,49197204,2404268,5954093,41163390,96980308,13202473,246536290,97382685,9492429,22396541,2621430,51465896,81544130,316176986,327220358,91037507,355458652,233314239,579845628,502951347,166831227,200387712,93264349,80040390,22666001,1243144412,15907284586,214856388,155884236,12236329186,26274158,32230986,69001840,140386971,11016804,4381360,137319678,234501721,147506,829503,91942262,26927325,26129085,60017830,58351955,660473150,186106913,33418098,73357525,1469737439,2629568685,480969665,450862105,1069586
Trading,21875,,,,47450,165675,376900,,20000,504750,163925,162225,68600,42000,36750,69550,39500,290250,334500,4593275,245175,425025,621600,419000,1424800,1527500,89894000,668750,19863125,38250150,14836400,,3709850,7625925,4330200,6836170,13789075,1791950,17698550,357500,1067834,1493525,2550350,723500,2976125,90000,730475,773200,60850,246000,399700,,44675,1379575,1690200,169875,1750,,3013875,622430,242950,,,788300,19607200,88500,248600,59025,12143200,1367550,730475,514775,2376550,287750,625775,14375,31300,3417225,2621332,1774550,3111875,,,102050,187600,21750,46600,,1474000,,,,,,,2480000,17158825,180000,,225000,406250,149000,973250,178500,160000,39750,16700,32500,240000,801766,195200,,,90450,,400,,10000,3300,,12750,8700,16500,56800,,,87150,21900,68100,1234150,1645200,1543325,309250,5825500,763250,3481350,2051625,1751500,6227500,142250,1215550,1695500,4110600,148620,1837100,12665975,845000,746575,832025,550300,1165225,52994300,12381175,7033350,13140525,1692700,4323525,12106700,862250,4882375,4731000,19222725,10823525,5042675,1119350,422000,4266475,1776975,10661450,36861650,1585000,835250,54400,806475,1782675,5853250,3058800,1052900,538550,298000,1253250,221175,14700,522625,5105475,3571800,60000,301250,14615375,82498050,95797575,5549455,2316805.5,18207570,20566598,6412900,109704800,7261750,3848275,2824400,7748325,4747400,1271190,14464985,699700,1893200,6678750,11290150,13661380,3814890,4295975,2093030,4641500,17072405,21368160,54359975,42186250,39920460,57555825,25802975,129638325,22652075,5458750,11585670,7445075,41121370,23280175,29058560,116102480,51154740,8181500,16903150,28935510,60631660,11619720,59249340,80321030,29510060,4836860,15245510,81273480,11336230,5626800,1349250,1634040,3954030,4686284,1168358,482152,11037776,139324,919399,8880147,1893506,1881489,68298,3171706,825254,3696659,3905809,1315133,1983919,612910,1891263,1352800,462200,994244,1261934,5641770,2452961,7016150,663265,1575129,3055472,8186038,11055982,8378000,6606353,7103680,0,3114000,655925,1950133,2609602,2461304,5938502,253235,2729503,261494,4905711,1408273,412103,547229,22809,686654567,24621457,32018547,7093715,15134359,248820100,27271724,764327,19032044,12526,148613318,853874,1410241354,88261694,2930217,50047673,307172623,301076161,5774341,940955,9221223,1027716,2031488,3430405,16466,62268,2025253,259947,519220,920230,311834,51262,472768,45000,21815,239166,52050,379956,1113535,269940,199841,9250,1529746,299019,1451766,665248,Utilities,398749,320130,893345,,2031499,2281896,1805649,1233840,4139488,27080294,79411822,17986860,14793265,9426858,3262840,655365286,81247186,645699295,12280475,36427026,32183823,19349760,4601202,47138887,32397649,13141589,18878688,559044,71414,181101,89612,3320773,1868254,267800,320229,385329,263037,570855,655113763,1043290,781061,3295849,2791176,2614307,5042523,382504,403711,9685449,3408828,8785260,3384290,7365909,1933162,11033018,19079189,157561920,28037909,68347956,1129480,11860116
* TOTAL PURCHASES BY FOREIGNERS,34324323,374563057,125579494,765033571,301388877,359477692,233147378,326669755,379157958,183954204,209271638,128845574,118827347,250848432,171378033,106001261,205423435,247000924,266098902,243961733,898731576,613872784,1046776632,932180796,1218662638,1195094280,3036005307,1531031339,2316449352,2178602395,2345628448,796892270,661281615,1242116201,1049092679,941669224,1453333853,675893456,388683867,423758676,154443413,294590958,467849100,272523255,656460101,710718258,553341072,790813022,313088209,197634090,550976500,426860464,661505500,720117215,541975845,223215382,147623879,378428996,128821106,117865018,326627800,318629423,497737535,290464766,8218046410,225870428,388778173,1144522013,1043371043,765312427,553341072,641576299,781889020,782824356,556099394,517920219,379953843,604498503,642866764,493793064,569252070,536561855,674463013,268656633,210503712,242927674,868354038,153647679,187322654,153148027,251376889,173870789,561189236,378428996,971462575,644178375,290509870,298800222,765659400,374169675,125801979,113743851,124784898,138167602,195072061,125371925,112072750,216831636,81617624,58574146,87926172,65276930,302563350,96632175,98425742,58071393,50685369,124122646,125916419,424435623,50359805,340068371,278440907,162187673,198524950,124798322,888090265,565085510,1030961725,1626985825,259664098,1357114668,746187169,336541351,166410973,178284717,626907825,227745697,644552121,214889734,1782676095,1449478739,1413698510,1368310086,1843395101,2157627210,1286834381,936994316,657424589,1048302189,532339099,488599013,950408699,1323208023,1828211903,582391836,1457833745,749559263,669639094,994068421,1178088719,1333198559,1845415380,1306832573,1361746775,1141690997,3066179934,3747039548,3674362925,3601618470,3959713038,1498482951,3688228560,1384544225,4731101521,2301352478,1825165542,1085738747,1863099738,2460237555,933341551,3307291111,10985968170,2601441136,3265515868,3861346048,3079248670,2711017651,10740566730,3570968767,1310627574,3605210846,3406362683.5,4154271265.25,3677422481.25,3414265383.25,1427355179,3096171442,4177236460.25,41596637319.75,1093057150.5,470872051.5,8452878210.25,2840012217.75,1597219517.75,674531576,633785671,572442573,323261975.5,1076764345.5,5488110937,392966845,3919929924,4695013157,2880837769,2408679293,4438795140,4683353265,2733150597,10020163337,8070019381,3421510376,5202504712,3751388621,8166101952,8151396021,11034146121,9431948830,8911800377,8105160743,5794187212,6527494869,4657040861,4840194871,8003907932,3235979975,6413547823,4049894026,4311063324,2653468294,2872378173,4302615208,1944500349,2492216870,3745305670,6247835194,20443062507,2459976764,3129273442,2256433007,3924934059,4510448271,6694615958,5975162440,6898342171,6340608386,11479953387,8851162550,8830720751,7191397247,8941070853,8147888591,3984752824,6772081974,5365141708,6197145966,3747842163,4147391436,8091599547,3837324247,3225578681,7526023763,13079659978,7792669808,10266934940,9857079954,10760253652,14525093182,9857861160,6133060998,6931650459,8907728920,5311451489,5492015683,7432585705,3107501035,8737963126,6773542036,5958560962,7845547485,4655886202,14281244401,3984117372,5870306665,7107170393,4127190479,7030276470,3631827985,4743149888,7787251393,5723197881,4233524406,3120302726,17539596962,5510985881,7043660600,13109272178,18956917968,6435362032,12277579099,22658212207,6641971946,7785035311,12092437635,9033713425,6033013195,10702001499,8710521861,10498494125,6224032986,7181832878,6025604584,3053124232,4847351665,3849648841,6175036967,4685305637,5613614690,4548197390,5519860241,5473802249,5116748191,1764969711,1265689092,13118448446,2887118991,6544593150,5120401112,3051356553,2238264877,* TOTAL PURCHASES BY FOREIGNERS,27223863703,1845535815,1473022364,,3802241969,3824818462,4731331117,1682765210,2571460309,1927832649,1733294177,2327855887,3467684198,2571734807,8925969198,2081673010,2526427988,2526024908,2053477659,2095720041,2465994982,938679671,2127797480,2306030608,15332280594,1835110720,2668808807,1340951284,1402968725,1307141386,1661008339,4415176586,18346001285,3266538282,1823016341,14111972095,1621315326,5885837553,3938139006,2314213951,1411959021,1881902139,6172741676,7777837656,1014060166,3171853297,4654900157,1624857883,1574063373,13638389597,1575102402,3904264264,6306332004,3790924316,6493008081,8731949055,20698037119,11235355769,5858151409,3259594784
FOREIGN SALES,,,,,,,,,,,,,,,,,,,,,,,,,,,,,,,,,,,,,,,,,,,,,,,,,,,,,,,,,,,,,,,,,,,,,,,,,,,,,,,,,,,,,,,,,,,,,,,,,,,,,,,,,,,,,,,,,,,,,,,,,,,,,,,,,,,,,,,,,,,,,,,,,,,,,,,,,,,,,,,,,,,,,,,,,,,,,,,,,,,,,,,,,,,,,,,,,,,,,,,,,,,,,,,,,,,,,,,,,,,,,,,,,,,,,,,,,,,,,,,,,,,,,,,,,,,,,,,,,,,,,,,,,,,,,,,,,,,,,,,,,,,,,,,,,,,,,,,,,,,,,,,,,,,,,,,,,,,,,,,,,,,,,,,,,,,,,,,,,,,,,SALES,,,,,,,,,,,,,SALES,,,,,,,,,,,,,,,,,,,,,,,,,,,,,,,,,,,,,,,,,,,,,,,
"Banks, Finance & Insurance",1609175,12444950,859855,10745031,29811722,18659785,25866210,42634285,45604490,67902500,32840593,16054905,47869625,38734693,15291910,14978635,37318474,7609663,39971229,58794645,19725975,79429534,213345573,660977417,417791713,155042745,446863024,356959105,251721785,831382620,1039129972,429190105,116663225,413640082,336107240,81518145,432078582,463812075,369669022,352295710,245786900,93229350,167503330,94100825,253601020,105494527,135517852,420967583,57890972,44222850,236032270,286700664,400052305,137577472,163973860,103811100,73315169,166717811,36062204,82881945,102516307,310824615,116160714,56508127,3446693414,80853680,133664283,281705231,135862416,264525975,135517852,543994000,631696555,584118145,383343427,214161305,201056703,287121000,268342291,157029836,258493336,348005110,221390469,112185173,163150327,106600839,182387704,77933984,320605403,101247150,96004303,88902362,280638306,166717811,101829391,63740773,77058974,268444886,373042834,198372033,141411422,103144777,203954296,153887218,201660349,486762910,172903170,44334691,13358713,14690450,39675395,60701142,16354635,17622743,53357464,28348972,272594677,95012554,16556863,376249202,93215483,72795942,243036588,167807617,80322221,130482232,54642610,185889960,72215092,278088421,124048019,221753723,53885178,21986309,19874277,32777120,45721240,17804313,18820665,77187920,71802820,835187877,351851031,246477546,1230193995,647455880,195174196,28564295,92514140,35178480,64616578,379937059,234207033,267620819,167277676,89569687,333631761,212152816,54751343,123688447,29658255,82785424,419550821,284796365,215141759,63491608,131909825,869890636,526295134,157112813,1558028850,92692674,774472221,273215552,1345325124,101755095,34579223,68067434,147112090,763637568,113635085,1046443748,2115364872,1214270663,143034710,2469583593,321623316,2014094524,50297390,1277936807,121498767,91668071,215295166.25,121862000,122155920,166737975,47157186.25,121502981.6,312954890,107528985,88754688.5,22755891,58179513.8,182053631.25,101480810.75,85449855,70126050,103421989,84889809.75,104533050,979458399.25,393961040,1882338923,1033722590,370197438,312200659,724472980.5,1701970730,4070200266,4010713930,1504222715,2403904513,6939004766,1497543028,5347794569,3899628017,3195870785,2110770197,2997649451,4205332514,1157586663,1450876219,1044684763,4149493615,4490989387,2868493558,1363262760,478543897,941131455,2114103839,1213503357,812786946,676770612,2207003899,1956514157,2271767109,374712013,270914457,114828414,252729957,517373597,157979026,1977344888,565606030,527055291,1529033220,8825759128,4618617243,2097009221,2192102122,1262613216,731106472,642580450,567878358,539040101,663020101,975117110,770514774,1435565641,2447244990,997966981,605584380,593464300,791207497,1411163770,1633586526,2673149102,1866218167,922514700,1701629183,2397333104,3036489735,1484747811,2340995046,4255810886,1656678413,2409159989,3171514796,2054664855,2956992946,1493791796,2766961371,2204614973,1423578625,2831543462,2159923837,4061070779,1436418431,469944032,2903494746,1840704242,566703118,768313110,10815569728,549333017,890425396,484599436,1422309875,723542725,1478039975,1914079556,648550395,741266233,4226120217,2727956482,1277186227,2234617164,3919958048,15058387457,1064924209,1091988645,1673244264,1254645461,1316297358,1127832098,2146083212,1531576839,3678288774,1640951374,1763367836,2245760549,878158195,173986538,1066213586,2129221316,777464843,616706669,1986083338,2199111233,1083348493,Automobiles & Components,,,,,,,3981869818,5157136568,3096427259,16203670,18290628,936333,27553078,904000,14169503,4613538,718960,,2921940,4454953,,870000,,6808350,39000,,,,,10550,4440,115815,14880,14480,247259,58230,,,,,,,8010637,7096613,520813,591596,,,1260,,,44550,402509,,203330,1004800,1000872,,2333268,450000
"Beverage, Food & Tobacco",,28318250,595209,3282197,4833575,560350,212676,,9543380,3621253,8815113,12539055,2478125,54933850,3505450,100475,9472675,12895275,2941483,1368300,4433715,30256011,53732400,129583000,58772275,99678923,128110450,88335650,138332360,105624490,223462070,19942330,44658265,44097150,142970266,26261417,59186880,12766600,34221400,24396375,15181075,37868100,37112050,30384256,32801149,41149592,5162304,25974882,3800119,1862325,24668587,30947125,22419970,14674221,11744330,11035559,11595900,5743790,3279990,3239039,261481,28569058,20365279,77795740,764096910,7752153,95220205,73546280,144994647,73121975,5162304,21644955,71171555,133822225,20350321,29156425,3432228,47972208,54275735,29446050,105603957,66124495,103740545,22827922,30225063,9270990,78489920,5497050,24360525,2623175,47019964,20068375,1099294,5743790,1882778,66420647,39034069,38138005,3551425,34684496,8621003,7377853,9034525,7626200,2289775,10631575,39293959,2291864,753250,18773228,2759427,9518499,1307700,3858350,4701308,133280,7091990,1822393,150500,35407050,1193312,3651928,25756525,4049450,12668875,14126549,6425654,485725,72867200,25098325,19002865,395300,6066702,4512390,263004673,30312350,2717499,2747600,186264950,12978125,993226,143248100,45471922,33442828,33713862,176662375,77410025,9711100,19003525,31216825,75708137,119600250,51235225,36394420,60361325,15075625,27177575,8550425,86486200,212862355,182841635,53112459,166767775,64582298,22661800,35989400,34649724,75427304,59842276,249408375,128991600,17367209,148450566,107173735,12076555,79530975,40581230,34315158,28269440,33085875,26373795,91675100,123183550,25084625,76400663,137471425,871618495,42222790,30545558,16265816,16851125,23800300,776539458.75,31878350,26729175,17892956,101850475,53958813,273035505,183817945.5,21610425,90147225,185207660,241791860,23816075,99781025,847103098,96711610,12696125,20811925,3623000,7846285,37350025,112576750,28904229,160015978,52730700,90238205,96175100,322817850,199078025,75404995,142423560,70785935,404807855,214688540,110241691,748424070,1599740980,2266762465,283261310,479433604,1263358615,1434558884,464433595,324649924,533437990,857523880,266822947,258015378,860916970,373171260,122006496,306391810,130784286,131124533,653296116,94357323,29137014,59198125,26386565,65775251,268600549,438892957,683058159,399171803,480772452,211392809,375334556,264770569,127799461,380004972,206782497,275056007,66133133,159658969,520095693,153987654,380896138,307569773,323188181,184765413,948969475,204962096,1210022397,254728086,634033516,644933594,114835551,779761296,844675342,585632587,598500382,966952607,489162785,628239675,820717782,1306747734,326070342,1410785972,548761858,994210101,667611168,267058450,258970057,580299101,1851692162,502556855,83442615,788972950,2141009691,658706546,228239114,648660641,628317428,567386324,304709365,1069299186,651745699,2186784337,1641415455,368580560,420099041,1172073236,1723653286,762173900,1381394163,451245748,720905287,291996467,436222827,477720655,364529301,727443952,846868855,559580911,668380184,506113308,256021205,360754619,422249301,100832742,79580536,60131685,501966473,220058376,495875805,848989812,559050945,210417274,Banks,2678518702,1269998506,647387798,,7486339618,5775009407,361378593,782180641,1310249778,383996470,596667150,800250505,4322575476,3095510446,2895803280,1798647974,2592308122,1389826246,1564654430,356867480,1764719058,229797092,238737636,683762608,1383325391,344479277,74797116,33675720,282591787,232669788,48690266,219353924,443330099,458565458,1128182378,61281013,214524061,167952361,322646647,147408908,643927890,454848868,608855734,1261324550,89592846,246099992,319626734,147727250,737471664,872362272,410870675,361935444,579981801,690592475,1837132884,9501613572,3329084697,3153413015,1263885381,858077741
Construction & Engineering,,52750,132019,,398800,133500,458000,,182957,,,,25400,,,,,12825,120000,240825,311100,9359381,5067550,12641650,10252019,83789550,56821388,58093775,42084050,26441175,7236400,11288875,14108675,1365000,3710500,6867700,262300,1124800,6078325,157800,8824975,5741950,121275,5180750,914375,4804775,8025460,4640300,280770,,1626625,4986600,19150,3409750,1452825,7451000,2250900,5602700,11783400,12847736,7933400,4116450,6240800,2755000,120591400,,37850,45881875,2110725,27433075,8025460,17861775,803150,506050,5506600,8176850,28444350,1040300,24189350,14951200,13695300,2338425,14879425,56325,159300,36885,10978675,13470725,5395625,291800,4080675,16522400,34471425,5602700,2004400,82000,2173275,5378750,7976775,7216584,5791700,,512150,7796375,27285,8829300,3064581,,,5075400,12447950,3275468,198500,95950,5248125,6353925,47175,234975,182750,1805550,,2120150,2835275,7514875,1262100,415875,801500,656850,2137050,167075,188900,1124550,10192775,1676500,11450,,5248800,9700,1232250,2869300,7661050,1562872,1642750,116250,1254950,13412200,28347340,339800,89725,4077500,39050,155400,5493600,383525,635750,139350,708225,162425,295575,247650,10342875,21276250,21704900,8675850,19135100,657550,165000,534375,3675088,15689425,1475550,598550,679650,392150,264075,660850,35950,888950,357851666,17702025,478655,18429650,27248825,13721425,32447300,8400135,6767700,3420375,13655500,8543263,1519575,1469400,6302450,9407475,10646775,31905550,208067280,402886895,639357137.5,2859650,45015445,1525,37745990.5,3946755,2252875,18839100,615325,7518300,7557725,2629300,3336000,656300,3677355,22196825,19417059,168825400,11416093,1828200,22326310,1160750,51400863,41001365,35345850,15370600,179144275,1925295840,504300,820300,3828900,2110708490,694450,6736307,1831630,43745057,81490443,8790640,26297340,8722874,14856610,10203700,17879440,73659760,894120,13947360,18650740,2931590,11468242,541983,0,7701673,2454950,9169771,14881297,130880250,105910,1232488,2670754,2381598,3084314,256667,37577627,5034482,45304153,113003723,15243457,30962622,4643756,7591712,18547278,2851584,2350084,4980125,1165960,2972465,12736932,31269882,728631616,95149181,138911522,69126695,77368507,14638924,90384678,38300968,3001189,38121984,27005383,179313955,54227654,308160783,498210703,414352827,15351870,2972607,130746599,11572471,16777037,23942314,69838183,20983112,28492426,14524537,35191934,15320378,4212350,10606839,36140386,15370094,3670449,9676769,55890548,14131491,25658416,12547271,84993874,94117910,38333534,275561192,132366155,89237112,57829743,15219680,31713186,16806323,21356372,52374059,168510428,91781860,8034285,5136209,8594356,80309118,28349429,41370278,201070285,98405233,37347903,28780778,171643422,70757335,Capital Goods,23857731972,514222344,786180244,,1657972281,2448253759,14959590,424312479,23578167,4237432122,1123814927,2133484118,3335618134,2150797745,2081413641,2260817676,1495814507,475647749,2093382366,1800916509,5438301103,314554097,823856024,506499542,13679370719,663925433,155092840,87719504,462285000,268795241,26542881,123660913,1199865370,103372208,264144714,355894647,331379132,2254472767,824466379,476571275,448419831,383476412,864446408,2071907954,1849080325,1530211386,1799926355,242411128,1041414922,12851273470,676765804,1561421054,2007742879,1657273486,2255060096,2184799926,13555553332,8617547714,4147162678,3970630965
Chemicals & Pharmaceuticals,,1907363,,,,,156182,392156,2555110,,,175950,17125,7555000,1050,,,5750,407443,8200,,124200,148825,2924435,5000,,675275,6316475,1173925,1443200,4025875,11155430,5433925,79600,,131700,8226200,,602800,17842300,131750,126500000,1263850,,13601550,69000,7028,15028800,17910,3430,57900,,,,252100,,1500,,,36600,,,,,72754360,,,635900,211600,1080725,7028,103600,,126100,2191000,38558265,293225,16600,6600,2672775,2174825,1995750,,53300,243583,183100,2084077,16089,29855,,11056600,2973300,2075,,446,447000,,231250,885576,24000,362725,8020384,179147,128626,84125,51950,213238,410750,,288,37200,,44152,3445700,12300,,,,70720,12000,26299,15300,,1916500,155100,,2203052,36395,8050,,12320,530300,585160,2010310,6096725,5000000,20498800,3399270,1276,1527800,2639216,50704658,1569475,558000,23803500,15220400,129450,4600000,78000,461900,212725,16600200,4172225,1162525,7357900,3399800,6302150,2640000,290558,648725,3156415,2307550,8712214,9190347,25058763,592669,2414020,3686325,49244635,21628825,5203875,714200,3577500,62717000,34097400,258300,7376825,687725,7684508,30960135,17924975,4497575,17060081,2960425,39259455,20082075,17104000,3097800,1611225,12803951,1445840,10349987,31442005,15067300,9874550,212775,2557350,19995452,29551950,5740363,11539424,6665529.5,12553875,78801288,12670150,11458500,2447575,2525288,4745150,5613374,1284825,3371240,162486193,162692525,56244250,22364530,166351970.75,83768696,124910700,47881540,110457901,52694410,15298025,33121525,22442050,82404925,108409280,61460250,144042706,68076460,47554920,11331690,51023168,171576663,22688504,65069760,41463680,36653384,20799130,33023001,26776100,10739980,4124060,769100,4279950,18885800,8772633,1161205,664600,5336630,268065,2682762,17931888,7244894,5169825,923446,306623,10410809,5398866,1824291,9739816,5914675,3708920,3668943,3610237,2117585,2214358,1775695,6902215,1155657,21173750,4800056,3361027,16610606,49272704,6971602,22952430,3821370,9461780,299098,8102040,1205604,246802,54049777,5285379,17727259,25499417,17448098,446039,1025899,7744809,27977460,1932982,40290747,279448,2117096,878375,32809,694882,4700607,802634,13273911,6273144,7305485,1753814,5023145,0,0,4057961,826764,8439068,8272240,0,15712127,9493,31050,576744,232025,1302922,,2266700,601184,150839,33100,0,37800,66800,,3641647,3587180,332419,25052,20124,18136,13242245,450542,3224814,3153467,3843800,2482249,Commercial & Professional Services,,13000,,,,,23881108,33342992,117655962,,,,,31200,,,,,36000,81200,271400,2920832,7505378,556600,1466860,778693,241769,,2243974,4977002,7385838,20288438,3421597,631820,20500,12900,5836209,7264,13333579,,,,799619,40086,39974,5700000,,,279068,535414,472968,,366795,73091,117009,64546,501799,610624983,,7095
Diversified,10620875,1311575,4698750,23983513,165807146,28518428,30290450,111817725,82076,28420313,1806100,20524650,25848690,36048170,34882242,20120575,36244165,90720790,35743451,11202160,72205880,121459650,72987225,93507736,11673945,172394285,105160220,148503705,110564195,342678550,579715537,191454665,69850550,147983360,172012975,286142516,190591066,72197193,75343166,80086055,40853930,72988475,285216485,117155040,164601048,267139328,89786658,215172274,49764465,30290950,179104205,152737572,106740891,84519337,120019072,93980617,46983335,290705960,22545105,,166698754,48963016,220668545,129659835,1909542441,38377669,107099067,326742410,160856290,108458341,89786658,137262477,188721976,120407835,335932182,307102269,203700590,129775123,124892264,115451767,458853511,387117642,166623016,188682722,115656377,94904773,268015458,69947120,76998374,79546241,172391393,131099423,155375068,290705960,235666255,193200133,403937217,195794840,270461573,334516594,139292451,438105417,493544074,116026724,223502421,207666959,323022364,127176969,73281942,94268507,132307776,76886403,50232567,12035900,91901568,13699369,33742876,126319124,6417835,156598155,17920730,125410541,103701414,355312025,422045088,147958322,152800966,68543325,91822825,262070550,75091163,490201475,351146197,212659779,75766824,77735741,31487318,16704505,361620250,14212547,173486738,184672777,509694445,91562208,412586250,434131929,142564308,65084286,162806709,272778111,250641239,128817017,469644864,650394752,1423937277,199706674,367474141,189444317,93651835,79342069,153255973,599658382,192395879,347224318,366207889,304555090,304850393,217163382,370446860,594609112,792862455,322815508,1747187668,562653530,1173564672,294831775,470814509,795685161,737956457,1268581363,301162797,1166126368,1438768056,1381358603,2768985576,591215129,837971219,345158604,915489794,892481911,350648735,580585774,645954409,516982557,371216432.5,280544464,12901000,33511231,18779640,148481138,334562509,237260635,107164641,960475885.25,108407375.5,466877834,48598063,10378894,101629307.25,173226773,2399423652.25,185357706,1900801589,2696681618,1281116749,1400371962,1838602498.25,869625927,362586027,5737581411,7675778650,1602526867,3800713077,2307936711,1700425434,4185851375,1685524709,2260342860,5040113665,8867857712,3561089109,2607515198,2554107733,1299538885,1183896651,262596805,495175278,1033240330,2842007838,918288565,4829344310,773784386,769471760,940278916,652220243,756285449,1156047165,857188552,1509879393,960073900,620047545,1264401839,578405736,780440256,445844536,207556075,1898184676,2089196433,1016600801,224547711,1903652829,5194053699,1860934754,3120129774,3050248513,1801850964,946825825,2070653361,3031309174,5017507809,4322605519,6944121482,995863773,2128837454,1569360017,9984089493,6552474086,2773047396,821969135,896342811,2327726036,2916173407,1320012213,913838326,1438703874,2567653021,2610316,4133763843,1980379815,2920428565,1080010854,2533521146,1418868756,1400017387,2628224602,1306800749,2230795610,1357691211,329082293,1001146671,516520668,1292207134,1427888051,2093631511,3986743503,2516516732,4445941741,4643985990,699600006,3467443445,8520798984,2807218318,3458831397,2391434522,1562127543,2516497036,2514320002,1633719992,2392790829,2377488203,5049763393,3522735530,2386012424,4090712259,2922582654,7829396800,6860793279,5683953026,4585171727,4994796591,3764653308,1578147559,1900596671,525793590,2312914903,3166499886,1863542864,1397642257,4915136782,1134123655,Consumer Durables & Apparel,35786910,122603680,122536773,,89694732,12270075,2489251558,2757792249,4869780603,79491744,154551061,169798529,323560124,234478352,77214499,289606791,369065028,24168960,396171476,480083570,35487328,70779606,18550684,38199288,243266012,15321094,3436591,20696653,291781,16022837,21732359,57486529,160794718,8356534,1856152,1213372,28249611,14760861,7469877,3367945,122134226,1565749,30848035,207661072,11088829,30589585,13975434,29379213,20883938,20104176,35418302,187117779,66504126,44294805,181220451,1219868871,116178950,513640828,157018231,31623760
Footwear & Textiles,3937500,1195950,1347400,45956,24000,,,172000,2257300,,120600,6334000,16500,1852500,30869500,1775,856100,111500,1276670,653700,33550,4169070,212400,2413025,686400,14133150,14869799,15111500,408800,3645525,3736300,1837100,2254600,85500,286750,14500,806650,603700,2798750,24700,138500,87800,1066125,133275,83344375,30000,1355225,4700,91300,6400,,87250,3725,2200875,100025,2317170,77200,,18175,29993767,371500,1317863,486750,10975,3937725,45875,307625,2074200,377700,109150,1355225,29000,,186900,62900,552125,28750,12000,723250,88050,584625,517875,539525,2130968,373200,2320440,437500,432900,126500,38075,,,4550,,197250,4450,,,,,150,25600,43200,1988,12050,317678,,688,,,1800,,,,8000,,,,,,,,,,14875,,,8250,,909900,253850,,2193250,186525,,,,,,,565800,,,,7519025,232150,70000,68750,4125,19771039,2302900,12000,14102650,3217825,19183550,102450,4278761,73700,145975,1402775,2489550,8913750,19319458,125930510,19332300,901700,12264675,3674525,2051800,20690200,3325800,24750,159050,15436625,9504750,15824775,6852025,34812275,4493175,1917975,2213100,2886550,2267000,6766325,15416807,13427575,3835825,2839432,21220825,7893722,1486025,8723050,7719600,28748625,14769775,3588675,2252550,4010800,4304625,85075,1142625,716400,971600,2884675,124450,0,75950,116450,387050,55500,141150,107050,729000,584200,217925,23480725,1562750,4102925,200122975,7553575,68552700,14280750,1119200,7295475,465667875,23269100,4800125,36540000,20121170,16924710,961480,6421250,50372880,15089190,1958740,10065660,20857480,23857490,25505640,53844560,3075990,2436170,5109610,20963560,45563270,779864,6309462,862040,2692228,1811156,4025708,850512,938736,141564244,780513,797325,45635,209450,268073,2532978,908960,100689,0,0,59520,1549636,173070,2759525,15870736,2653733,1285630,16034206,1055298,4320936,1977194,129492747,40721272,8266990,1052813,99937,6673611,8167314,468544,2489852,807800,14499,2945279495,8303398,2164183,11313611,3177544,132544,1862533,187406,973227,319410,537366,761500,20900,2284250,365,149564,2370435,6545307,9038969,0,350553,4597887,1114554,0,3891994,987350,0,3064300,0,182067,0,25098,0,20250,0,0,10,62305,84930,48000,286908,,8886228,,17600,8887,,1576141,3237074,4784930,19069513,11493140,61123278,176321965,Consumer Services,4372793,186331,50666,,745061,13433840,17096510,1415982,28167896,1629876,665620,29886117,1690441,6322553,26214252,3759844,4514763,16493290,240796988,8268997,189345310,46992311,18441835,13575962,38566376,3904948,3112888,31228,52185313,83512,172245,23707023,45028743,3061627,3301759,4079380,7764471,14333593,29393259,89441499,27856899,82038984,86193149,35498471,26261616,11328499,12562859,16429357,11104513,,46413830,13360045,46024760,31233891,232588607,301618645,239283872,122446713,637804184,9197615
Hotels & Travels,,2656050,1088139,,,360000,9000,9000,476600,1043893,25512160,63000,6283925,10359400,148500,3000,4826000,365050,9474900,7939448,14408000,58321470,190566475,87196775,106749859,75189786,119289906,43152485,118479350,21678750,25466586,14541120,20021650,6538015,24933425,68918450,149321580,70487225,21462450,189977725,1782985,38259275,1809175,2715650,30660175,11725468,,5386475,14639870,247400,12891350,16185900,11434357,168875,13035477,13329957,192830,77000,11678625,359025,1939675,1079625,843806,,385725109,18539575,18018575,113992240,71020750,62192975,19528657,6450575,984925,891250,4171654,31292500,14710704,108023741,48718200,60654518,9357750,99676108,90002875,21815005,27063891,54905174,103998275,1905300,56020,48257374,527870,22625,55017050,77000,28718325,7865050,15889049,89100,5063475,17307200,988675,932420,5808150,197250,378100,32200,183112850,2169573,152000,15784375,2382150,153750,1562675,28750,940100,194427609,1447300,22995575,743209,43894625,41250,564500,621300,3438525,150300,13025075,10834250,2370458,1064790,336598989,15570444,2370550,11552695,8876836,1286625,198150,1244175,2175075,982575,2888575,8157050,5466653,7689300,330661125,4061956675,203051920,44795250,3428200,34189925,3597700,13067225,10026875,8609950,37617401,36338150,6211975,139905357,226155475,32394794,12432650,34957175,40103240,109432017,221489498,49264795,14345354,23145550,41864838,24396592,17971050,18779783,5825975,16535275,8311003,43356799,20691865,5375150,38150500,4317919,91613925,22704154,11739170,5737475,586970,17444483,3724357,1932320,260286,3688670,7440847,20777559,4311186,20102795,43933990,17731435,5991285,5466650,47212408,2442045,2155063459,17586325,7055725,58517550,28896015.5,12118155,10587525,23364685,6101500,26423425,1406105,4421375,95337255,554229626,396509610,56148070,229518068,129898270,73270875,37712250,106381200,245657835,46637403,1779676030,1857879426,363070834,145400207,624429282,183487333,334147627,82374849,74916944,68315204,267007990,186553910,59564142,69146270,92188301,132969586,48473854,97434986,73145870,1215202259,53812034,67887375,28299948,75558110,63429881,39668946,3756548,79703211,2985148,17264334,67146497,19050981,6071364,10136776,52772504,51798683,25532401,15586485,28767762,18390070,4900244,2607292,4174932,17897957,1180682063,5801200,36200884,46498033,16831703,9348040,69724191,19586090,502245959,30720128,32299347,39429007,27685231,16237860,25959306,6947140,6861410,5638999,14172407,66519601,911145,17783115,4704560,5569119,10472654,22530444,865919296,71578920,56415646,126127154,4731249,15113211,16256298,7896766,28015249,4801418,1094914,9321172,7638385,1556169,44309510,5302859,15519750,4555184,32275076,7478520,5151307,6425876,6323905,22476369,7750079,20440060,8016820,8258093,6115167,3058454,21258037,146850807,2345658,13478452,906985,46250,2501329,779809,328436,1973603,5432319,322997,2972507,2588156,2867423,113233354,3156411,1792407,Diversified Financials,116713833,3885334,20095203,,96748407,2083363109,3602815,2655224,5183519,27046284,20248976,148270184,833920120,123008895,69809672,96863205,65922070,573246955,1082720796,259261303,113472756,43729859,530179936,158997582,293341021,438427015,186491511,9443405,,21318819,12089057,102294048,90213270,20988513,21203420,55327217,144682758,19656641,120982294,50100924,7592545,703592525,178048072,1250368431,141520832,87141903,29260349,46468240,53778444,65046276,4099231553,57430229,131157421,325207542,3548840653,505952162,419049856,1640250699,744314744,339717728
Healthcare,,,,,,,,,,,,,,,,,,,,,,,,,,,,,,,,,,,,,,,,,,,,,,,,,,,,,,,,,,,,,,,,,,,,,,,,,,,,,,,,,,,,,,,,,,,,,,,,,,,,,,,,,,,,,,,,,,,,,,,,,,,,,,,63000,1155,,6300,,,4928525,,,,219984600,6823460,2674925,5079400,8618700,12230650,31382275,119000,81740225,50372775,225750,,3580750,312425,,1176725,2505025,5125,2555675,4997575,206042275,98882350,38205175,8548500,16175125,231589850,152057370,25131225,24218350,13552350,23092340,23028206,10894550,16568913,10881308,767175,3395600,43625,3445125,1647100,400500,12069675,21701560,6262285,16907250,10953245,13808900,4988125,19879710,3627000,1509325,405775,1181875,4041050,710074,28702680,3338075,5374235,946334,3034750,139250,2410435,482100,427175,5536700,737500,3856320,178605,1659940,4052550,1796000,0,900850,799300,1788800,433050,1542650,5493389,4123110,1635050,9632110,7966800,5767325,9681450,2490605,11197850,558500,21497950,44709350,17089950,27941763,39972870,51531824,65378560,3362540,3151970,9737800,4734740,54994230,583290,6404810,6322634,731360,40743140,33676410,9063390,2683150,20934280,588960,467610,864408,170200,109470,92077,0,1559375,9936044,7376428,622349,229216,564964229,2621182,1795866,25766370,13407223,959202,21338670,5208415,5594906,10279186,10706120,1612800,333417,1672252,13963361,8274141,2779263,1319165,34449436,54876353,109702138,6464003,3142378,6091885,1725585,5667715,2345502,17413162,23619196,56339990,15445928,141679016,1551792,14357257,240763835,7725233173,996108,237828,224146,35797343,171655874,963253,206858,9505452,4382252,590872,55998751,3241822,887889071,1445564,170690,1250330,39006,21940126,10499318,6085803,265210,145380,1800539,7015396,791021,485832,26995337,0,5461328,1517320,402940,1208100,4293465,3622794,,,171400010,836021250,1255984,977379,752886,84000000,87060430,51640,21213994,1066969,15087883,81660,Energy,9324102,1113500,240556,,2605444,12305898,58878023,4220158,5983851,711029,47288,2841716,11772563,1548544,1493553,1053522,10806324,1336487,1386233,2563433,9433133,21098784,8323944,192958690,88747851,6772865,10814097,2726151,21499514,10807955,6164186,42752180,43682804,25978077,17144769,22828199,90177898,80437220,53550028,14497231,7478972,8222228,106510422,44761928,970000,28994448,11230580,9412516,896904,64193383,45254214,8225248,16259509,21177859,5456442,9893188,5703585,75423908,496384,8956800
Investment Trusts,,,309225,,,,,,71850,1019000,40000,1378325,72000,,355175,3675,,,,,12500,78600,3810000,272400,,1100,,189300,140250,610165,58394150,537000,10144124,,30580,2340000,20000,,,136900,42500,3415600,237000,27200,871900,910900,19528657,,5000,224100,536688,,20100,,24060,20833,145850,,335025,7975,2200,38750,,,545085,,,21725,8000,,,89050,13610,401500,11200,,5925,,1631325,19550,651250,4979535,306500,59000,3250,,900,,,3375,,,1820035,,,,,,76100,,6650,93500,76731,,2750,,,,,,,,,,,,79600,10400,,,,4500,6137270,152500,,,,10700,,,,,25294,22500,,,63000,,,,461938,286850,33300,,,397000,,,,,392480,13000,6125,87575,481150,7211900,631546,6235505,39675,378400,1506350,10342650,2859400,5833450,28363725,4942254,62500,4903818,2595529,3050980,555500,2091911,709400,8458100,11749962,39236650,0,1260605,1329160,130777,3367024,2765000,61324975,7318963,11012950,4221322,5734175,2724625,10461400,1488625,1450125,2893675,674900,5683485,19914272,163025,1373875,7245500,299125,1493075,2058553,3705325,494075,10801800,2934100,803350,186350,105000,1790975,411250,76125,491275,1683350,4367675,11667679,6283885,17232825,1025950,8113000,28778615,8438050,117986400,44928600,463349175,189344600,19565550,419716800,309806100,79542030,40198710,17280930,23443068,168452370,172380020,202501509,300805420,231887178,129755920,339997880,67469830,591827712,87357180,15923260,126931400,208054270,27110821,22708021,25809202,14223791,19234925,3740153,22013506,205083350,1153121675,3631212148,585658236,542069193,418254882,64787985,4307903,63674632,2945022,1451331,2184213,4884732,11432774,72347419,856522,17809138,11938484,1695367,11455793,6884270,131680805,264265067,121146767,99876904,93551957,34644907,31549386,20709347,105630674,17672871,17732715,35705764,158127049,16184273,94935550,5485623,5528951,1150951,91520,16941681,390450,889181,2693705,16703943,320560,494675,2989299,1572,3356954,1240000,0,0,4002189,447502,48363869,4980127,9253564,81959311,45585866,141878,16732982,13943577,1180231,1367219,747480,2251336,0,0,53993280,0,494766,165122760,9748004,248113,327849,833263,389500,3920032,1234562,231602,6154583,6946497,6938511,9331768,8200064,24347861,23373818,Food & Staples Retailing,43428171,27012138,,,49152789,24919598,7345867,587060,11387434,231328689,90581860,334012770,902712812,23923422,13577384,22892944,99851492,7634595,1128738390,299343246,9932945,19336482,15258814,31187365,18520606,20210797,78942716,,120624198,212761645,130060,1364312,76330907,389353,145185,18462963,3483265,4109,5759162,4033075,7346773,2512887,324015773,5074125,214662242,109748597,95957920,1155521679,6040479,299131330,5668393,12377503,1217798097,79874590,1266952092,16412691,5205608230,2834288243,14871216,178760311
Information Technology,,,,,,,,,,,,,,,,,,,,,,,,,,,,,,,,,,,,,,,,,,,,,,,,,,,,,,,,,,,,,,,,,,,,,,,,,,,,,,,,,,,,,,,,,,,,,,,,,,,,,,,,,,,,,,,,,,,,,,,,,,,,,,,,,,,,,32000,,,,149500,,,,,,,,,,547475,,,,,,,206000,663450, - , - ,240950,215000, -, -, -, -, - , - , - , - , - , - , - ,0,0,0,0,1057000,0,0,0, - ,0,0,948750,627150,,,51000,,,                               -,,7000,157000,0,5414425,10354450,45900,443450,1953975,1283625,0,702500,42025,5875,7712700,671225,18000,0,0,0,0,0,0,6150,0,0,0,253700,778700,0,0,0,1100,54775,24150,18619334,1409500,1060775,26667500,16052880,114560260,100100,32137611,40500840,52004310,34382840,32529850,24246890,73003470,21577130,106137240,47076890,38496620,8421320,6872230,7442370,53900171,9541085,93245578,1194119,2259601,1178500,144276,19964251,3887748,600,211980,735827,1689162,994835,2580660,645599,15569848,852050,475680,3158203,1153360,782927,96128,1611705,63410,3270,9000,0,40426896,5162027,128391,13188325,75600,0,0,0,253960,9260,0,531554,20013,89322584,182100,1793100,87004,1294172,180000,874735,0,201182,4992280,4669004,2829404,359172,8423818,30200,38000,0,0,0,0,0,2719009,0,39835,89340,0,30000,0,0,0,,61440,0,0,0,0,0,0,0,,,,4301,,,,9399,850,765241,,,12105,,,"Food, Beverage & Tobacco",707566495,779683939,814119630,,622873587,1050784564,383228,,913189,975890130,562437739,304595618,957365777,1369998884,1118646117,900477319,364804788,748635476,1442782882,1488346165,1002865359,753342649,1697132112,2395378747,903395512,380265496,463102815,713957339,123501008,291243102,619988072,2049776976,1222826638,69418360,195798383,237707580,225910571,254233766,1444364102,82560561,40228426,195682370,1169164011,639396187,105000,104823749,759465555,195456477,265317078,77280,229540400,482812286,590668309,1347678397,1543170306,1747342478,749730591,1704609224,1037588482,596890851
Land & Property,,968000,169800,104500,308100,,54000,13250,337750,74100,,445000,29150,399025,19493950,3105546,103500,18600,114675,,22400,97900,16480875,1121450,885750,626652,13729425,2580125,823100,5654150,20204850,10804950,426800,2691491,5066975,5628875,2456700,553650,3227650,572375,5192580,4215638,3088460,,2832025,628675,479250,326650,1020400,6546350,36476345,15844463,775175,86100,82500,39025,17530,2238,8625,,,964975,3000,16502025,3026121,,111925,1152875,25750,975250,479250,79300,43000,407521,16000,17500,377175,228775,790325,5100,1168125,68125,1663963,5078950,137675,51675,850,70150,78500,161575,45000,,102225,2238,21000,64275,6539300,71875,29250,11625,,94575,1746,12400,315150,29900,188300,53625,,2118275,,,67200,,19125,1167500,19500,17550,,72500,,100050,212375,16600,10700,,238125,263,,68375,114955,3000,1200375,129600,7250,66000,24450,19800,112500,,2133163,1925890,669800,3615800,219075,14018450,21975940,33975,1007025,17850,228275,57900,3934575,29467925,85074284,50599000,47229500,14832219,2737400,2373750,439504654,18372625,63330589,16091125,17041725,1757200,1018175,5887950,13637452,18936250,149425975,2817695,11423875,15189810,64603850,7261925,1835556,35850200,8392385,51343968,14225875,30269150,12782388,7207325,12199700,20395275,4345025,2842500,3235590,2365950,2644650,10784605,10752325,290745635,28144580,15938975,10819770,22676850,25735685,36743825,7473575,32821290,3304950,18167425,8971050,2513975,2709450,1370505,10508750,19928145,4957825,7942525,13212575,37442480,15007850,15644745,70578775,68551140,2113050,7329300,366074880,204208620,25392945,393734775,21413800,296354151,116226100,196017068,168374560,51025565,15896330,19355320,60037180,41254660,23856418,19258720,971332790,263791730,49697160,442190880,453934197,172099550,93462220,56213110,13616735,9042970,10926598,7452656,3436398,1512867,983282,16063481,71149428,45577041,2799526,3612543,6313474,639440,5538555,35226043,72762652,29140227,35938996,7337359,31788087,33704536,13422784,4489721,34600216,14089495,3384365,11821114,57795731,1767848,23564478,25772506,16691885,20921952,57717064,2695443,17310611,11125323,15558105,15164883,39106267,11666344,12421310,3855396,4014607,1557958,16467984,8477088,3849967,436866,2501942,2904160,3182162,3838286,7028265,343905384,2712896,2963898,2255778,317477,46510362,3592643,3057789,2660479,1413208,6090103,17747055,2806165,5468610,1104008370,0,108830,467295,8561718,15932853,1828514,3913064,19137975,499713,8320302,1643503,1535977,,943392,503730,1790269,5474631,3460081,2463529,113899026,62771938,53274387,4418536762,81518197,5613488,7052792,Health Care Equipment & Services,189980,361178,98816,,172048,2262096,97295890,11396190,87403862,10200493,903892,32757655,3645528,2369910,127897,58138,663868,315575,1126320313,10087193,50072256,9462073,1434179,7437172,15118476,24848121,2332415,596772,1478000,1934770,,5285719,10324875,16144563,15810,4424366,17935,12900,12728739,2889522,2599088,6636674,8139,316632,,5136643,513849,193251,,,1590576,84751928,325115,741269,471627,3305531,1343465,30453407,31181301,1163086
Manufacturing,144600,10246273,1543875,7874488,4625500,17500,664900,3566185,135678625,65830584,1464225,,10904482,816887,4221331,1353675,1947650,53363110,5635125,1173525,647676,32365476,73297010,123749135,8742808,144701490,1184218500,357850350,263513615,388593450,741494795,161468771,249915100,215220675,204790300,226904675,371060157,139885645,167856164,85299705,64422675,51589398,164603558,60683670,151983625,93177975,39353175,57716438,25837012,39826850,15911,37821966,54269799,43720019,152673815,69584035,21671768,73520110,9945886,10325846,35267249,57388529,107550919,27797020,501242940,28359159,7335623,30312039,64263199,74879363,39353175,30685986,29411060,43874779,9731708,50806220,56435227,106076423,37209932,93891472,30338976,86429985,43221044,74009808,45159699,32543768,46639579,53326980,48189515,23837250,131855100,39167950,61850900,73520110,49116756,17012270,31855743,33107946,31325552,25971515,11833040,37947786,20337120,2370251,9914520,20325000,64940028,22745091,22938237,38971791,1976075,35632015,9542778,1044088,4578675,109800,7415172,3100485,4367250,7013825,6406575,52619168,19015539,24273658,5886575,11096043,42983238,3117249,25386906,40995255,18394566,12198633,23888670,8016950,79433930,22531175,10212375,12346376,3656075,48793959,44495340,86395030,31681536,100670337,206746801,126436668,787500,22388368,19584600,14787359,23685720,53365181,62781472,11496625,85950456,60349491,44763397,35866955,37230984,45719500,162461324,80996386,158129049,802302136,167992712,61329335,26210275,104475200,178141071,83964850,124276573,55427725,53513895,134994240,153793338,86813240,102579750,62144212,48033094,80060785,1219745381,22223716,41303901,44793218,356814770,161524279,44798230,13755588,254994525,21084370,13012420,23080042,15016560,8138737.5,77708872.8,16133545,39133081,117873242.5,60615917,150786105,61166115,30342926,50748365,154635805,28922950.5,233960650,24919460,72917075,37413730,235221840,23519825,78071153,201513685,145724390,74309000,132672400,253272669.75,173967350,121361170,122415973,145632258,372427810,187481878,173571396,187305754,850689403,489383990,324143869,1224004502,383964281,633700551,1109101265,1163676789,477926711,538849556,88970976,112541000,285791724,175106365,299780205,653697655,104338872,105814929,104803138,178855446,85441725,78575355,57913299,12607171,50444691,176748583,17876641,112574194,81236373,42848829,44624813,130153707,226886313,87827871,115455904,408830153,158415282,64681137,401615880,191334525,256638415,55594234,507642337,1897300296,120182063,169412936,264312832,428237757,403213847,155597077,332969648,652042925,870127031,899082248,602725826,560847192,605174760,155804555,159921937,138485434,168094999,1962175399,672838272,1045857026,616551354,277127482,110622177,851233339,1336970701,659737296,842298531,867140559,572289298,1468651294,1516007919,202779473,142710868,419491975,891994186,878750766,719612600,605113138,485918150,847653218,1864676699,2580127778,619516256,1261350212,832506655,3401861,924887555,363533041,169542679,601976457,337930708,843481716,173807481,119878642,102234117,198935127,680589165,616918108,28506155,133342982,59391740,130210166,266595346,156359400,62583522,374137504,166410527,115634082,363049152,535373162,207870687,Household & Personal Products,11724,3677,8700,,25640,69541,639979389,384631262,452807307,8916068,4677008,11050,792100,139,5201951,8663,,6090778,7580211,1961672,1616969,7180000,,108820,29780,524090,4750,,68923,,17308,1994333,70970,264160,,81284,10127472,1206307,7854601,4931132,19434842,15600003,,,,14931896,9698250,32640,,,,,,,,18211180,30205172,37161452,,
Motors,,7534775,7850430,383127,51737750,3068183,63000,3090000,9477100,13989638,17873166,,3241250,111030,,20604230,13141550,6303274,13661335,5510550,24783900,28800,9139100,11181370,17089425,3069336,96511700,35058785,34178049,21795100,132965725,31615650,28183315,14155400,8963742,30984870,56090840,3316675,971745,70000,52975,3563975,7341821,906748,833410,360800,1445350,24114880,27750,7200,77100,,594000,3638860,5208100,2659225,35050,4460570,503925,2652435,9212125,13207560,8791800,100400,110899748,,9000,483388,7783600,335550,1445350,2925000,10015600,1055400,3686200,45000000,15989500,18710600,27234,8364952,643000,28779248,208000,,10188404,6017500,10042509,11589490,18461468,17815975,15500200,69200,115500,4460570,151327,,255950,12779117,16216360,2036650,25200,676278,30150,890408,128150,,174826,94700,,11110,,,,,284350,,152496,2825,130600,27200,,,32175,12660576,,,38903000,,,11200,2892000,55556,34000,,,,445000,,,355000,3982600,100800,,,481569,1800250,,,40100,,204920,,89720,107475,619393,362500,174000,56000,27950,3223200,392870,2425892,7165266,109500,1254600,26944125,3087800,3521150,810750,125500,14625,37500,2127500,188880,4335350,68175,599000,450800,3080000,2747875,8895209,6035187,5954500,18220,17801875,172988032,369500,930525,838600,834377,462274,809200,1485475,3769575,3631100,340425,39050,2059575,4024638,13881040.5,3913175,13754383,105198975,53048088.5,871663.5,3767586,0,0,788200,463590,0,124605,1579725,2507850,1972650,948000,1888500,2135250,427745,9685295,3410990,37756494,2735475,389750,34328110,166682375,19101600,24997940,26152460,481342450,833000,14325000,29453761,50041720,75664090,134171000,355522700,192988802,56270740,111344665,74856640,41119630,14409451,2611550,2647200,858284736,16895625,2835218,1653710,1678492,237223,899451,12608285,4351450,340101,1731,445015,3753752,2847040,6818296,32244141,12941258,160680,123109,534684,5970,3439888,1147505,8256530,1648965,30515589,9036789,10905872,2683182,1636451,26013579,7261024,11167145,1277696,2282640,1139754,1128343,491189,1126720,12173410,2165763,8713076,4102812,824959,247015,933957,269815,547597,1123873,1339045,4927680,385000,55003,10113573,9551901,181079,60580,1637350,410542,245598,0,4924442,40800,0,8067801,4146205,3072751,975634,0,419546680,384855,9689926,311930,3697390,15764458,9196748,813490,392724,380,2608539,311801,413528,643050,,,31000,30300,111823,48440,2967635,119120,13300,35449,157684,2232425,Insurance,2636481580,3083538,7492789,,1110301,27807972,-,26796,108364,20732304,100905921,714756331,28904127,28216642,6612103154,870000,6693935,47157903,14232266,8469172,63130055,9465583,9403808,81142935,485121460,46174011,13190906,560783,6449643,3585141,13489870,45980443,27295296,8923431,6859914,29570567,56945420,18731406,2525083491,1143994,4720047,16395476,77904569,28659827,55364243,87268862,71736861,135889815,1099367855,88490019,138177530,9175371,8782139,80835681,158175667,126536254,673986903,329703761,276906339,47233947
Oil Palms,,,,,,,,,,,,,,,,,,,,,,,,,,,405450,,4672500,,,,,,,,,,,,,,,,,,,,,,,,,,,,,,,,,,,,,,,,,,,,,,,,,,,,,,,,,,,,,,,,,,30000,80000,,,,,,,,,,,,,,,,80000,,,,,,,38000,38000,,,4940,217645,,,,17920,4800,,798226,2203,549280,19050,127488,61464100,,,,,,,,547465,,,573600,,,,898482,10075,38400,81420,473440,8070,301000, - ,49600,205100,152250,8712275,454300, - ,3744900,641650,237993625, - , - , - ,0,82500,2758800,2069800,116000,8746175,385091,246438, - ,2216000,436165,54000,863360,372687,8330,1269950,991070,261070,441375,1058979,102200,0,3064129.5,3434875,4648060,1339,6125,6555000,4618800,7830350,3448763,1812250,1056895,3013300,3577700,55750,316720,1298,2334765,0,0,4250,1517500,614418,1169044,1018500,915700,6028900,1655100,5186000,7828000,13309500,52530750,34550,2840000,49750900,2364000,36497460,21259500,10714370,14247000,11726968,48265630,96345288,160018070,18270470,12699640,115431630,150994960,199377900,94527280,34437000,2173300,0,264600,1077360,1186000,0,1487880,10761218,546192,436180,28201005,2667855,551500,8222023,2974428,502458,429140,142176,0,0,15597685,685,0,0,4498252,29148721,8608388,7503111,30898231,52086754,148990800,10301549,240719669,492300,87540963,281284,6500825,28533420,190246,117810,68900,0,1650000,2040,0,21222319,902110,1757713,190506,482491,649049,555480,1649338,2255956,1691990,34500983,142730,0,4944666,43526,546205,146373,373550,1149835,2969855,5937045,7451310,0,3081499,554380,2511440,0,2365372103,786891,3837475,0,0,40978,2700,,0,0,0,,,,,,4156000,,,,,,,183680,,33500,Materials,70743363,23362781,13595067,,148444982,245254378,710,4574909,2386028,807191647,1618762693,351913779,555508986,353431447,69792106,350874432,228217899,196635171,262187322,228295138,101419703,432022777,1437837263,156828853,157542372,13973125,22194718,15034724,7624657,20503795,74899356,217071602,96792225,38965150,18302950,11607540,26750563,109846846,116512009,19258593,17162275,288402152,186219377,72279280,34947920,173692066,94401018,186976946,49869723,84577693,79932587,48690025,160970108,424567342,704162685,420646544,4868269965,694983242,2411744734,1257391712
Power & Energy,,,,,,,,,,,,,,,,,,,,,,,,,,,,,,,,,,,,,,,,,,,,,,,,,,,,,,,,,,,,,,,,,,,,,,,,,,,,,,,,,,,,,,,,,,,,,,,,,,,,,,,,,,,,,,,,,,,,,,,,,,,,,,,,,,,,,,,,,,,,,,,,,,,,,,,,,,,,,,, - ,329732300,465368850,103849100,22836450,35095775,115962450,74739400,9542100,171940000,168244700,40520225,216171975,21655925,317067050,244468650,32990850,4051750,4174900,47258600,28068625,44884500,182913125,67522340,53692675,41802275,73019575,46671275,37649595,40625105,391000,20928300,404975,8870725,6936775,1892625,10079525,819625,34259975,4659525,14972590,2468000,10599075,44593875,21843650,26403160,25077525,6837150,4216895,1413400,976625,1413510,2409770,1561660,5688855,9448775,4176905,0,20722610,38020163,902250,8499510,3983850,11096625,5010800,5347400,36879525,37860725,14225275,2025260,75264690,25833060,45603440,114121790,431864478,121070470,465575350,41700440,74601950,805061220,36296840,72092100,159604710,233296819,15271420,7837550,4503950,11326170,20064873,1506905,1738769,12516621,5589002,22901426,19855350,6315085,3529053,1538001,28387202,947269,1385987,316729778,52910520,12308619,0,20660025,4921368,13880762,52886259,125498288,131232565,35158486,13289943,33648065,125431484,99800447,46888262,163379382,266521045,195930544,1150676156,39520462,107248611,98902150,173482910,85972434,208768761,303415856,328408156,736551067,25966004,17324931,12579312,17729377,9936393,14287987,22073558,11898642,11988763,35048181,26260954,35657374,3003820,16692144,19611976,1122404,1322342,41715194,1544227,10523331,11050705,97381847,15572182,1569553,6158310,6584343,548385,12397682,9372087,144308669,20674190,4083008,3690407,1757924,3713634,1890714,9400717,11866874,1435745,9208158,8278341,,1560964,168617,3014220,2946354,6057955,160052034,1722336,4693919,216499886,95174196,"Pharmaceuticals, Biotechnology & Life Sciences",,,,,,,17208246,,17802411,,,,,,,9943122,,,,,,,,,,,,,,,,,,,,,,,,,,,,,,,,,,,,22746910,514805376,289290106,138669229,51285113,73410305,,,
Plantation,,,,,,,,,,,,,,,,,,,,,,,,,,,,,,,,,,,,,,,,,,,,,,,,,,,,,,,3200,,,59619,,284975,220000,,,,144143325,,224250,888125,1606650,65515725,,16373275,11972575,,4784000,41633825,2302775,3050675,17399300,48967308,111299700,77461650,6981175,5939690,17510750,472725,8923575,2404075,239100,62125,4079150,190125,737250,59619,3029825,10162450,7589125,3161525,946175,22741550,8815900,11523865,2406520,549325,1352550,2534166,6701550,214175,5980350,2130825,409775,382000,79475,403525,367275,322475,1564525,1029275,453025,1037725,,5352850,18975950,4865200,70000,67625,342400,,118475,145000,319900,1337625,3085700,1411350,7473150,1227500,748025,286150,2050,3365175,1305700,5185700,306600,14994325,428575,2482700,1757700,926650,7500,80850,780275,3600675,1565850,10062827,20972775,9281900,246150,1834725,509900,206850,71450,7223075,10461275,12192700,40503100,1167750,110470,1003975,36982975,11724525,109850,93100,1321625,14155475,5300550,877975,18403350,6202150,23396075,8771250,53578050,1417775,11940350,51501600,11737575,4062400,652650,558700,2667325,8376847,5809674,17604100,7293277,13117925,78825750,118293225,9022550,106990290,33946925,122384175,49832300,4520800,22531800,54196175,43787925,37075250,8811150,1225600,41672100,11203350,6759500,17839800,26679925,68157650,55257800,22074700,17273200,6709525,2774650,39557175,29954875,79417308,83439450,166465673,44471500,49722600,44977150,19706650,172130990,52654760,25827200,56383240,301709510,589784589,94351088,24140135,74063730,46773460,25506160,22692170,55106520,28668470,7576840,878970,7544708,1362300,19040525,29604640,26119405,20467115,5364225,10927493,13140229,1286087,1545770,9405135,5621060,5936547,2624249,14070502,3075584,7095178,16636739,6565392,35674886,2690247,14509887,16973788,39837010,21465263,798545,5660374,71618873,50587887,8396081,12596119,14568871,30786207,6752410,31004289,1079159,4559597,120910,1127555,1957005,4311176,45237039,47232300,44463387,633774,96481,361487,882002,45186325,373236,2144141,391517,2366306,15803,808546,2504303,1937358,730157,1215272,24361555,896225,3038010,13674353,14988428,3666506,71298537,4550230,44348978,133887183,3633901,15189812,4440626,7192421,4459176,1331654,2175280,1422700,2659871,6842982,10874616,92236300,1643605,,4520878,176871,347324,54872,2264397,585880,5933463,1560979,30088388,1562297,3653625,305217,Real Estate M&D,540270,1501949,29675,,31000,2252976,8603070,18327819,40248852,78315761,37828983,50748007,246150094,37245232,,,17971281,31596518,36466763,30095645,9984786,28019714,1110108980,26055291,177302979,3589420,279768,12240,1849575,506122,321952,2460133,3564903,35190,276806649,1010472,1340449,2718560,9031067,6554489,43400,5007679,14400368,12375339,8571068,4960813,35157505,43122356,1330157,324070,4389240,,,,,,,146635571,119979929,
Stores & Supplies,,13700,45000,,,,32370,,116781,,,,16250,8356750,,,305175,,7000875,5400000,,,108100,111800,23000,279031,1146675,6817700,,218750,711370,,,1764325,,220500,,,,,,,,,,,,,500,,,,,,19505,,,,,,,,46745,1627200,4313775,10500,,321250,,1300,,150000,56600,3754125,,20000,,,24000,,,,,,512648,,696,,35000,,,,20975,,,,,21000,,1100,,,,,4600,,,425,45000,,1550,,,,,,,,888,,,,,1486707,,,14850,,,322925,682588,233750,512500,,,,,,2880,222500,2989325,5532302,52500,676950,134600,4497525,46300,50400,,,,,138333,678555,1194650,5957300,1634000, - ,785732,2000000,7771630,1736050,1876700,9605925,209550,1077400,467250,223250,3932600,170000,0,45000,0,68280000,34500000,350400,3570000,7262200,181000,0,252000,12055,49600,,,,,,                             -,-,25500,0,0,8830831,0,0,591560,0,74600,101160,53615330,15341785.25,54492775,24431,57800,5595180,18800,0,21000,350,0,0,0,0,0,0,24000,37000,0,0,0,1650500,497500,0,36960,0,16250000,172000,5433610,174500,0,0,150000,1485600,417500,448575,0,306937910,60112530,5161600,3460410,0,0,5286100,620391,6020270,201540,20770,46919,93000,22310,108640,12567,0,0,0,953400,45400,149846,150199,1835438,878780,61132,0,66500,539850,0,634000,0,2462979,0,25400,0,787195,0,684605,1045981,0,180030,7500000,0,300050,425420,754600,1053588,1264,20913,516853,564925,834400,180000,0,0,0,0,0,0,0,0,0,785250,0,,55556,0,32800,0,0,340605,0,1632157,123850,1100808,127700,15657972,251500,,142443,3320803,2925080,0,0,483755,0,0,,,,,,,97487,,,,,18000,1116052,10200,8599,Retailing,60001,4903982,5692,,39256,51120,929150,1125000,,61993684,23169327,3105923,82087949,180358,125983,450902,2897153,14108926,13246002,958768,4483546,7513506,23788537,11457263,8499902,10891797,7084891,667443,4980403,120056,17010700,18002881,10754231,4492937,12060650,85513,982492,12458,2005732,819784,65510840,2231474,5652150,1266660,777970,387239,3893523,1549341,32880927,11818,27891598,,75085220,58048330,99095258,16449463,492097733,109028995,14076751,11255104
,,,,,,,,,,,,,,,,,,,,,,,,,,,,,,,,,,,,,,,,,,,,,,,,,,,,,,,,,,,,,,,,,,,,,,,,,,,,,,,,,,,,,,,,,,,,,,,,,,,,,,,,,,,,,,,,,,,,,,,,,,,,,,,,,,,,,,,,,,,,,,,,,,,,,,,,,,,,,,,,,,,,,,,,,,,,,,,,,,,,,,,,,,,,,,,,,,,,,,,,,,,,,,,,,,,,,,,,,,,,,,,,,,,,,,,,,,,,,,,,,,,,,,,,,,,,,,,,,,,,,,,,,,,,,,,,,,,,,,,,,,,,,,,,,,,,,,,,,,,,,,,,,,,,,,,,,,,,,,,,,,,,,,,,,,,,,,,,,,,,,Software &Services,,,,,,,,,,,,,,,,,,,,,,,,30081492,18314499,7355997,60980,,28660,435306,3725271,55043701,10443660,905350,200825,5794228,25500000,62408,,,43400,,49770,117130000,,3570,,388004,146870,,,,,,,,,48000,102712668,91944811
Services,,,,126000,54000,,,,123200,,,,,,,70000,,,,,4830000,,13370300,16400,,473900,5828225,238180,30000,3696150,367650,561875,,3200,3100,220100,2329300,1208125,10500,3600,1184,2302775,,1550000,3100,1456800,2684350,313696,130000,,,13200,29800,,,,2700,,,,,,,39600,1405700,,,,1259650,22000,2684350,,,,,8550,5800,88200,,,,,,140000,51400,104550,31900,,131250,326225,,,,,,,219840,,,17896,13800,,30650,,,15125,331700,13425,,,,,,,,,,,,,,17000,321975,46650,,94500,,,29000,7200,,,,,,,,,10500,,,,,,1100000,171500,96266825,,,,33200,,,1312500,108000,871000, - , - , - , -, -,55000, -, - ,1241425,111000,506048605,700, - ,338900,0,10800,21000,0,0,0,0,0, - ,85000,919500,437000,3447383148,,,,9225,,                            -,496000,0,0,0,0,45400,45600,0,983100,0,0,0,361000,0,0,40500,0,0,0,62400,0,0,0,232225,252500,0,0,797800,2642400,10000,302000,0,175000,194500,0,1017800,831500,2305560,3167270,0,1301910,455000,387000,298890,31470,155200,1956770,1414630,560890,0,0,2615990,534900,75900,0,317375,41050,4378,8600,3510,24550,525050,1544600,1336770,0,702210,0,570,2164,213380,3270168,586352,779074,0,1815990,2238425,6329653,516749,206052,1470,787528,51707,48028,0,62105,117240,339872,788142,425264,1594631,451520,117648,124970,0,0,0,0,76287,389387,8591192,0,422825,13440,8180,0,0,0,0,6175,618322,505000,41893,0,,0,22,0,0,0,25000,171905,1126458,40376,753037,161603,42670,0,222000,25000,2634736,544300,11002,132702,66000,50503,445816,76004,3800,2240000,,,7404,18736,84354,276525,3014151,1574244,112926,436600,18274,42025,Telecommunication Services,40374298,85504799,50272761,,234681244,236728503,560000,608970,402201,281511241,47573178,297731741,223583066,63908135,22541296,37374057,1078327780,20190254,215348865,147648696,140994269,162666690,75140226,89455149,249391975,51522523,30481406,47641521,91849204,188316130,4132578,18630540,113260118,261908,42851,4324799,5649148,88029289,344493098,512766562,49778337,8636206,255609127,184072399,25986584,180885724,28596994,41226852,187350691,314328416,14745257,101777585,159504574,128588925,485141129,22135640,268886899,970822740,1694310037,124683581
Telecommunication,,,,,,,,,,,,,,,,,,,,,,,,,,,,,,,,,,,,,,,,,,,,,,,,,,,,,,,,,,,,,,,,,,,,,,,,,,,,,,,,,,,,,,,,,,,,,,,,,,,,,,,,,,,,,,,,,,,,,,,,,,,,,,,,,,,,,,,,,43291625,14167375,941050,1162425,13250,24896250,23096500,29250000,353615625,77671175,30500,9451975,86942500,118595150,69817550,112971703,208683320,60179400,81695375,10617125,14013475,15699300,42354075,8978800,42415150,84901650,32771275,6501535,32669350,59581725,563450,947824225,204649975,1928845100,516821975,656410900,674067650,427155849,376824025,716680125,144093225,192972925,18602013,249583525,16534850,146373650,29621600,216687150,518382425,1174035000,746703725,157524275,7546651300,51829494,20410625,70415985,1761861365,975459482.5,1124851950,114759725,226761425,1093998245,2124691985,36505336409,102277325,10235925,34483450,47356125,74313750,87927150,29126225,2223600,76616625,408569240,30024370,81972630,1036748554,75144223,354811100,30899500,177352975,93228525,14854375,45251100,67492825,40557584,113867050,97264800,228189325,1331448475,626022663,807839930,471169695,148374730,22754060,590112596,33168430,109858903,56807101,146583955,152237520,1838250,65561780,21912460,69402660,286491900,395398580,245557960,10944390,26496920,8118753,46714447,66082356,149554522,105754380,57640800,206848658,184506279,395304,354485804,284186852,103614821,5621689,73337387,39198298,53896154,1636293,3981708,3047810,23626490,404648767,148624578,45593685,895840788,77997731,231500,5855657,23876976,20446389,22699824,44930183,75904386,40669849,290537214,409675508,111737244,44760765,37545409,57271962,80204831,859395041,509549179,203199776,73714809,530168593,315045950,660302394,1138702,99342679,16847700,372662642,168000773,784338474,141395400,221324700,296901561,48975421,775188859,136311609,138060121,605491818,343737690,417592673,305130919,581255679,51875982,349283985,201496904,1856972983,123013504,89993112,55114136,189583899,341212061,99064080,28623132,68532806,71804389,185404171,80675332,113777399,310399429,44495519,124616587,37899834,462475702,601527226,84452284,267200340,347025178,153760374,2014889193,757618572,200066039,Transportation,951166,152644,11328981,,235952226,446790751,377851150,164187075,238700355,51799896,97716697,21836231,106449457,34675451,115583438,68461316,5255280,81370760,43549857,311430122,424157437,193959338,88496030,185317155,269271207,176317336,180985615,23640607,73250602,34067310,18836118,401298370,61951026,18888929,43935272,258984264,28376909,23373235,28334713,10145231,4094301,702164,23712192,29954473,4031081,24147124,345982489,21694828,180678689,493222684,104675,144214929,591445278,611109969,194095353,1580760000,1246782,530284414,478147632,4992930
Trading,,,,,,36960,73600,469969,2600,,2200,48150,,8300,,85650,,,15300,33069,,22000,143200,71000,99000,698400,76736705,35733625,62780450,51160550,15404600,37951528,3000775,225500,133300,1099725,1162425,71400,5348035,4044925,85329,176465,119600,,,381900,22046070,534050,1056523,,,724175,,,108150,,9200,,4783025,310200,115990,650525,1345150,727650,33425475,231825,1146100,415950,1788650,547925,22046070,1289400,82275,12136,26802514,8800,225450,89480,925100,14623523,125925,605475,246140,,4050,352725,4113700,166600,37200,,,91500,,,25000,7362075,28658145,185600,,21000,,,303985,,539600,,91250,1139500,,,,936,,,150875,13000,690800,36000,6000,,,13800,41750,49500,156800,19200,3750,4225,149100,8332491,48193,,65750,2459800,216000,59500,4839975,760250,7557275,77500,186500,1419280,105950,655050,1914250,28447525,,170550,861250,456300,71170,9758575,6577350,8364975,13116250,2646400,5393193,1402500,393125,6427725,3754875,4404845,14819313,5434100,7296250,202625, - ,13378525,24134620,62486250,3283125,851900,375450,6754555,31315550,1936525,1974950,21060999,1283175,602500,609446,58835,58835,111900,1853550,13909605,1039875,237075,386945,15990625,6599600,2533505,3651690,13474150,15988171,36953925,4497025,6507700,4519550,4756700,9206350,8386600,386700,13378717,1844165,2628000,1302900,483225,6677300,1231375,319075,1444475,4771300,18452070,12497325,56756975,72557050,118765450,16720250,29624225,514586810,401683705,6356150,7819900,10754875,79910870,23267525,187462840,70045230,207300250,5249950,40072850,25265760,22403260,25609400,52021190,103896320,26044828,11163370,14270340,94311680,47259800,27706810,2719600,2070910,2780775,37501132,1010200,1060923,2397790,1137396,9300975,5645361,140922,1600715,8399304,5675721,692887,1394785,23128535,3686809,4696869,1159740,1498407,84920,490874,621350,191002,967791,3288690,688754,971787,421969,3793780,3975695,7891233,23165166,4966341,6532139,2438398,3298139,1298063,275699,218916,1662801,2792421,7089685,12292297,6157401,32269155,2696966,218906,1516201,166885,921516794,630732,4278746,7111483,11290700,9149682,253990,1393505,1456885,151,1832583,267700,1418087878,86049965,42693860,54087595,11280632173,301180794,10979146085,8630239,4505355,11413965,861869,628945,191063,276410,1476559,491492,559831,7414626,211100,1672375709,228793,,,,38036,280311,276546,1588376,2036284,580688,847390,1650293,1795548,605955,Utilities,75327,93047800,166354900,,60694,59016448,269969,4208833,8235107,15856662,23393375,14020542,15262929,5558152,13594749,7643185,25094977,35104277,545501279,7819523,10475644,8121042,22345279,8456570,30151231,15789935,15880858,265951,128220,3193569,1559969,74701080,1246265,161798,200673,109065,425331,200453,661517113,615490,127860067,185010,1018333,3624114,630419,39485452,160771776,4388543,1861905,14352735,18895823,4187788,2310061,9649109,13248306,168619974,31825386,491558107,57755191,60888519
*TOTAL SALES BY FOREIGNERS ,16312150,66649636,18639702,46544812,257600593,51354706,57880388,162164570,206509819,181901281,88474157,57563035,96802522,159175605,108769108,60427236,104215289,171405837,116362486,92324422,141414696,335712092,652409033,1125767593,632771194,750078348,2250366742,1154940760,1028902429,1804622625,2852315880,922349399,564661004,847849298,899009153,737253173,1273592680,766027088,687590007,754908170,382497358,439938801,669482729,312837414,736047752,527329740,325391379,770180728,154562591,123237855,491486981,546048915,596359272,289995509,468697019,304228521,156298932,546889798,100943985,142939543,324538681,467120966,482503508,313523572,7502343528,174170436,363174503,878173488,592169627,679199329,325391379,778938393,944972881,889563966,796589706,766494634,527008402,702205125,579154906,546166101,992990280,1104099423,649802677,432978863,410439617,307765144,716145318,236760463,494744335,274210340,482560255,299107260,591254653,546889798,422672753,366441123,613210687,557403894,709575095,642922243,317162716,607942455,736262444,289486765,440211425,737196763,794037816,200645476,116509492,191824249,191999098,186630213,79389682,38535006,161569165,244575930,324846111,250581156,29117640,622155832,118803649,262665729,420693076,583808028,522742634,317285421,310256395,261142475,265803288,952822006,257417989,730206665,469944051,263967899,453298392,231371636,386676382,77243874,583879221,170720226,329492416,1358815689,1005247384,853346884,6417408977,1796462422,610702159,144818349,420709874,501331489,502699926,836102635,1073785716,1118841969,2007996525,467107822,1199906504,814229661,390564896,838418796,1556276406,1362766453,1404644051,1980186657,1157300543,666580185,1317595777,2488428384,1679976607,3243841293,3530208819,1180330997,3757843775,1951658579,3338220975,1381223675,843631234,1359386007,1441752342,2654187331,2002876436,2630868864,7409041241,3019550499,4115699454,4846659427,2904655270,2630959049,8857758897,2351860934,565866743,886759285,3517430455.5,2103216278,1948262527.3,813403739,707339627.25,2056992018.1,3555691332.5,39449784630,830041202.5,531258614.75,758744660.3,1887766441.5,453600185.25,1078228430,1065734696,306513734,418091912,987517977,3461543691.5,876522299,5836789205,4792569538,2347238183,2584711077,3567537177.25,3344662711,5088732543,10540400899,11005041832,5527918799,13236628881,7119432219,9303263825,13377854003,7532623373,7380321767,12520606470,19200860606,5911374977,6644948150,7544968217,9039877945,8038203814,4470253408,4693531987,4825813909,5152613749,4888086559,9358740791,4344944891,2321105872,4137887908,3273783898,4340685332,2499663803,1530986221,1790722617,1637592121,1475367875,1679540339,3631605083,3574146551,5354233704,3165239918,12832992451,7749593300,3698839460,3322604743,4063917071,6634230570,2923725471,4533810960,3961838938,3037829950,4263726510,3850205360,7111444276,8941583094,6028101647,8169031841,3472525699,3938798824,5561996844,12839869305,12022933420,6741467419,4245201063,4508827363,6811179744,7515275367,3912237926,4659243905,6728930061,5762096197,9575673217,11080221488,5772029349,8381495668,4726624621,14938960829,6723899222,4606391739,7626882206,5174509185,9621232777,4163846037,3278800022,6807378876,4998491369,3017055494,3021315199,15270046865,7164634923,4902289475,7960896337,8161740913,3449818311,9518238393,26825958370,4892180879,17302540580,10131658909,10790490607,5769294780,6661567356,6688304856,19185486709,4537861503,7612659360,5974277263,4255499172,6498466983,5500010380,13155657195,9965190513,10312451250,6868586820,8150808462,6626837343,3374848548,2955060999,2051962251,5983516239,5007839274,7789914309,6867790115,9473242055,3216090290,*TOTAL SALES BY FOREIGNERS ,30202870687,2930641118,2719798250,,10626649308,12440574034,8101344683,9752730207,10317422147,7290247770,4522236324,5410957149,11979152759,7532109506,13137412473,5854416627,6368928227,3669559919,10218024379,5446952784,9370163056,2361832434,6126540664,4624265432,18060783228,2225071973,1248528649,956670039,1252930464,1311352651,876892523,3481268959,3621212595,779819846,1990470113,1072857598,1208123694,3050052443,6529525886,1427106214,1596188759,2175736862,3941465886,5972808140,2464151761,2686129144,3792758049,2278268436,3690675086,15168031036,5835363426,3104060351,6170134077,5800236869,12663801125,17896856579,30062968394,22612925016,13192289149,7618877226
*TOTAL PURCHASES AND SALES BY FOREIGNERS,50636473,441212693,144219196,811578383,558989470,410832398,291027766,488834325,585667777,365855485,297745795,186408609,215629869,410024037,280147141,166428497,309638724,418406761,382461388,336286155,1040146272,949584876,1699185665,2057948389,1851433832,1945172628,5286372049,2685972099,3345351781,3983225020,5197944328,1719241669,1225942619,2089965499,1948101832,1678922397,2726926533,1441920544,1076273874,1178666846,536940771,734529759,1137331829,585360669,1392507853,1238047998,878732451,1560993750,467650800,320871945,1042463481,972909379,1257864772,1010112724,1010672864,527443903,303922811,925318794,229765091,260804561,651166481,785750389,980241043,603988338,15720389938,400040864,751952676,2022695501,1635540670,1444511756,878732451,1420514692,1726861901,1672388322,1352689100,1284414853,906962245,1306703628,1222021670,1039959165,1562242350,1640661278,1324265690,701635496,620943329,550692818,1584499356,390408142,682066989,427358367,733937144,472978049,1152443889,925318794,1394135328,1010619498,903720557,856204116,1475234495,1017091918,442964695,721686306,861047342,427654367,635283486,862568688,906110566,417477112,198127116,250398395,279925270,251907143,381953032,135167181,259994907,302647323,375531480,374703802,155034059,1046591455,169163454,602734100,699133983,745995701,721267584,442083743,1198346660,826227985,1296765013,2579807831,517082087,2087321333,1216131220,600509250,619709365,409656353,1013584207,304989571,1228431342,385609960,2112168511,2808294428,2418945894,2221656970,8260804078,3954089632,1897536540,1081812665,1078134462,1549633678,1035039024,1324701648,2024194415,2442049992,3836208428,1049499657,2657740249,1563788924,1060203990,1832487216,2734365125,2695965012,3250059431,3287019230,2519047318,1808271182,4383775711,6235467932,5354339532,6845459763,7489921857,2678813948,7446072335,3336202804,8069322496,3682576153,2668796776,2445124754,3304852080,5114424886,2936217987,5938159975,18395009411,5620991635,7381215322,8708005475,5983903940,5341976700,19598325627,5922829701,1876494317,4491970131,6923793139,6257487543.25,5625685008.55,4227669122.25,2134694806.25,5153163460.1,7732927792.75,81046421949.75,1923098353,1002130666.25,9211622870.55,4727778659.25,2050819703,1752760006,1699520367,878956307,741353887.5,2064282322.5,8949654628.5,1269489144,9756719129,9487582695,5228075952,4993390370,8006332317.25,8028015976,7821883140,20560564236,19075061213,8949429175,18439133593,10870820840,17469365777,21529250024,18566769494,16812270597,21432406847,27306021349,11705562189,13172443019,12202009078,13880072816,16042111746,7706233383,11107079810,8875707934,9463677073,7541554853,12231118964,8647560099,4265606221,6630104778,7019089568,10588520526,22942726310,3990962985,4919996059,3894025128,5400301934,6189988610,10326221041,9549308991,12252575874,9505848304,24312945839,16600755850,12529560210,10514001989,13004987924,14782119161,6908478295,11305892934,9326980646,9234975916,8011568673,7997596796,15203043822,12778907341,9253680328,15695055604,16552185677,11731468633,15828931785,22696949258,22783187072,21266560601,14103062223,10641888361,13742830204,16423004287,9223689415,10151259587,14161515765,8869597232,18313636342,17853763523,11730590311,16227043153,9382510823,29220205230,10708016594,10476698405,14734052599,9301699664,16651509247,7795674022,8021949910,14594630269,10721689250,7250579900,6141617925,32809643826,12675620804,11945950075,21070168516,27118658880,9885180343,21795817491,49484170576,11534152825,25087575890,22224096544,19824204032,11802307976,17363568855,15398826716,29683980833,10761894489,14794492237,11999881847,7308623404,11345818648,9349659221,19330694162,14650496149,15926065940,11416784210,13670668703,12100639592,8491596739,4720030710,3317651343,19101964685,7894958264,14334507459,11988191227,12524598607,5454355167,*TOTAL PURCHASES AND SALES BY FOREIGNERS,57426734390,4776176934,4192820614,,"NERS       14,428,891,277",16265392496,12832675800,11435495417,12888882455,9218080418,6255530502,7738813036,15446836957,10103844313,22063381671,7936089637,8895356214,6195584827,12271502038,7542672824,11836158038,3300512105,8254338144,6930296041,33393063822,4060182693,3917337456,2297621324,2655899189,2618494037,2537900862,7896445546,21967213880,4046358129,3813486453,15184829693,2829439020,8935889996,10467664892,3741320166,3008147780,4057639001,10114207563,13750645796,3478211927,5857982442,8447658207,3903126319,5264738459,28806420632,7410465828,7008324615,12476466080,9591161185,19156809206,26628805634,50761005512,33848280784,19050440558,10878472011
*TOTAL PURCHASES AND SALES,340016895,1756953801,1104166801,2312517568,1740761767,2857933512,1198011234,1151504329,1383513597,944792592,907728391,835956747,720071451,1057668136,713882611,561267009,725560257,804024755,1033498499,776969720,3644380806,2531798154,4703522029,4921100257,3823876197,4077079440,10349982816,6877040879,8995262287,11020666116,10906567552,4212383429,3167663181,4669311830,4164930498,4447112740,7918752862,3357318500,3160886823,2989504599,1811436895,1935710689,3215086509,1405302726,2459419635,2395815225,1687300174,2537013745,1106304599,764968915,1579164530,2211791745,2398009075,1743845871,1881777377,927080323,601192542,2086691478,493093861,1632867374,1853247672,2247270014,1772961291,1564564646,36630709849,890576744,1993076241,4485215414,3994352528,4137600611,1687300714,3605847907,3146224381,3337965927,2556606549,2659309042,2797386419,3415913128,2993969698,3592928805,3592928806,3941271709,3126006330,2601718724,1874511382,1484798432,3642235734,1394086388,1952724893,1295784355,1440436668,990698782,3799565067,2086691478,4242396928,2827394434,2447495256,2435231528,3079040458,3088050664,1603475315,2729679321,2387328410,1332516435,2186355403,3726663508,3173019448,1124910561,1003326570,1054874272,916046657,860639627,1296592461,723975013,881111197,789925674,1091848990,1315638328,597705500,2851122521,1055713623,4739146442,3937631096,8783510775,2663723554,2772026828,4935701981,2569737891,6572438298,10409539556,3987985157,6104448704,10167638005,5866807894,2772546096,2223991929,3883172508,1993410213,3119787240,4665278984,9644982411,21030516565,10515100143,10219055332,33061767806,27181693388,14978136037,7382639167,9108886573,7873711649,8046888803,6973241028,7451448403,10316549269,18891465811,11711555634,11131417233,11266196798,7250600746,8483257368,12778502235,16174673653,26515750014,16868360651,20603336147,9444206701,15859088644,24285349617,26705171638,27130998623,23155619132,9955758231,15793775724,14734291843,22724000410,12450993908,8356165119,14416306305,12676470326,11385208032,14608881375,20346082390,48472218098,14343144985,29870950890,28544108121,19461447459,8470186521,25073667240,10583989846,5000969042,15679341920,17056713348,21407866282,16620639543,12200909711,6387147137,15250601334,19308800416,92630057836,10877698939,11726341833,27165675263,12682890546,8167057811,699688803,6587930941,2677892123,5369058965,8541332747,20501377130,5287870882,27062818579,32395339142,18821818975,17951742207,38082971691,38224066151,24777455762,47918674383,55557316861,56765354838,65473518179,53341315713,69224334624,106631804155,110990900561,108486106636,74742573631,180379374461,62236687464,86351148237,150843572080,121019049274,105660763114,62234484548,99282338001,122387253285,69077854478,118503289600,116097383877,50497240058,41346227821,35837925044,38205065173,58916664354,66303716221,18017092175,16751190187,35526019092,17823067084,26681635114,66999736859,29534782162,28244434013,24694725843,48964669210,31669333097,34578295011,33253819212,57039353362,35100195951,21802244562,27784653989,24671600060,35251562778,25254614173,25653582242,44530258576,35805417811,24955208931,42033034141,47150099689,37193846636,68647891149,81080388009,92309671192,78097612437,81638927740,48655632408,49708888570,48305378778,34551887560,26644254266,54668640231,32145084274,51057376384,68417937901,31683611891,41451507922,26985897073,40992188837,28441294996,25462110524,35843132493,28638265988,34434966052,22130193983,23989641870,41467883230,30577811187,19710341206,16539847038,46862007424,27222965223,25108672411,38799747399,52325767826,35004080109,42630639660,110090693503,27878698881,53147124962,47666387218,40497325652,21890000648,34922812213,39037821524,66867458850,23324152209,31498557455,23175488599,17300052930,24054091697,21835731614,35221385004,49577044525,33370381339,24314599710,28388526350,22809038896,15647244034,16751958072,19669746670,50054334051,29363458628,29633856201,33095565173,50750874566,22347994499,*TOTAL PURCHASES AND SALES,75606889597,16794913466,12809285817,,45645244069,58144025933,53158956991,73719695147,99913059453,116344140324,106701188172,135121132524,371539368852,195479471364,81889713864,105992791270,74047610040,92945257653,107626641185,287020498037,269453650905,155354318319,306781295642,298183621774,328405595563,173164204182,104281973510,35480808227,59912879827,45888356916,41188649059,154321447736,191519359034,79397862258,64155363673,95487654024,74276824114,74767165974,85439064105,30852505024,27991698586,58547728586,146197468153,137743299451,53558104172,39182215954,47462602361,45240019671,28604530292,65664181067,70965641172,96538472091,159997712405,196555871466,364399615502,527611404726,595032622760,628881361076,378748519928,307423091551
* Total consists the Closed Funds. ,,,,,,,,,,,,,,,,,,,,,,,,,,,,,,,,,,,,,,,,,,,,,,,,,,,,,,,,,,,,,,,,,,,,,,,,,,,,,,,,,,,,,,,,,,,,,,,,,,,,,,,,,,,,,,,,,,,,,,,,,,,,,,,,,,,,,,,,,,,,,,,,,,,,,,,,,,,,,,,,,,,,,,,,,,,,,,,,,,,,,,,,,,,,,,,,,,,,,,,,,,,,,,,,,,,,,,,,,,,,,,,,,,,,,,,,,,,,,,,,,,,,,,,,,,,,,,,,,,,,,,,,,,,,,,,,,,,,,,,,,,,,,,,,,,,,,,,,,,,,,,,,,,,,,,,,,,,,,,,,,,,,,,,,,,,,,,,,,,,,,* Total consists the Closed Funds. ,,,,,,,,,,,,,,,,,,,,,,,,,,,,,,,,,,,,,,,,,,,,,,,,,,,,,,,,,,,,
