Date,Automobiles & Components,Banks,Capital Goods,Commercial & Professional Services,Consumer Durables & Apparel,Consumer Services,Diversified Financials,Energy,Food & Staples Retailing,"Food, Beverage & Tobacco",Health Care Equipment & Services,Household & Personal Products,Insurance,Materials,"Pharmaceuticals, Biotechnology & Life Sciences",Real Estate,Retailing,Technology Hardware & Equipment,Software & Services,Telecommunication Services,Transportation,Utilities
2016-04-05 00:00:00,7.34,1.09,1.29,3.01,2.38,4.3,1.39,1.21,2.98,3.21,2.73,12.24,1.61,2.4,1.54,0.91,1.2,0.04,,1.36,5.88,1.94
2016-04-06 00:00:00,7.39,1.1,1.29,3.01,2.36,4.31,1.4,1.2,3.04,3.21,2.7,12.24,1.6,2.39,1.54,0.91,1.21,0.04,,1.35,5.88,1.92
2016-04-07 00:00:00,7.97,1.11,1.31,3,2.37,4.35,1.43,1.24,3.06,3.22,2.75,12.24,1.61,2.41,1.54,0.92,1.21,0.04,,1.37,5.88,1.96
2016-04-08 00:00:00,7.98,1.12,1.31,3.13,2.4,4.38,1.44,1.25,3.06,3.25,2.76,12.24,1.63,2.43,1.54,0.92,1.21,0.04,,1.38,5.88,1.99
2016-04-11 00:00:00,7.98,1.12,1.31,3.13,2.39,4.37,1.44,1.26,3.06,3.25,2.74,12.24,1.62,2.43,1.54,0.93,1.2,0.04,,1.38,5.88,1.97
2016-04-12 00:00:00,7.98,1.14,1.34,3.15,2.42,4.41,1.49,1.27,3.1,3.26,2.82,12.24,1.67,2.46,1.54,0.95,1.22,0.04,,1.37,5.88,1.98
2016-04-15 00:00:00,7.98,1.14,1.35,3.15,2.46,4.41,1.53,1.29,3.11,3.29,2.83,12.24,1.67,2.47,1.54,0.97,1.22,0.04,,1.37,5.88,1.99
2016-04-18 00:00:00,7.83,1.14,1.34,3.15,2.43,4.41,1.5,1.27,3.08,3.3,2.84,12.24,1.66,2.47,1.54,0.97,1.23,0.04,,1.38,5.88,2
2016-04-19 00:00:00,7.71,1.14,1.34,3.14,2.42,4.41,1.51,1.26,3.08,3.3,2.9,12.24,1.66,2.47,1.54,0.97,1.22,0.04,,1.38,5.88,2
2016-04-20 00:00:00,7.7,1.14,1.35,3.14,2.44,4.43,1.52,1.28,3.08,3.32,2.97,12.24,1.66,2.48,1.54,0.97,1.22,0.04,,1.38,5.88,2.03
2016-04-22 00:00:00,7.7,1.14,1.36,2.87,2.45,4.42,1.51,1.29,3.08,3.32,2.96,12.24,1.66,2.47,1.59,0.97,1.21,0.04,,1.39,5.88,2.01
2016-04-25 00:00:00,7.51,1.13,1.34,2.87,2.41,4.42,1.5,1.27,3.14,3.3,2.96,12.24,1.64,2.46,1.59,0.97,1.22,0.04,,1.38,5.88,1.98
2016-04-26 00:00:00,7.92,1.14,1.35,2.87,2.43,4.43,1.5,1.27,3.14,3.3,3.06,12.24,1.64,2.54,1.59,0.95,1.21,0.04,,1.37,5.88,1.99
2016-04-27 00:00:00,8.08,1.14,1.35,2.87,2.44,4.46,1.52,1.28,3.14,3.32,3.11,12.24,1.65,2.56,1.59,0.94,1.22,0.04,,1.37,5.88,2
2016-04-28 00:00:00,8.08,1.13,1.35,2.87,2.45,4.45,1.52,1.31,3.12,3.35,3.15,12.24,1.65,2.56,1.59,0.95,1.21,0.04,,1.37,5.87,1.99
2016-04-29 00:00:00,7.98,1.15,1.37,2.88,2.52,4.48,1.54,1.33,3.13,3.38,3.15,12.24,1.67,2.58,1.59,0.96,1.22,0.04,,1.39,5.87,2.03
The CSE has changed the methodology of calculating PBV from annual to latest quarter available with effect from 03rd May 2016.,,,,,,,,,,,,,,,,,,,,,,
2016-05-03 00:00:00,1.59,1.16,1.11,1.2,1.21,2.16,1.26,1.47,1.91,2.44,2.97,11.3,1.71,1.99,0.8,0.89,1.01,,,1.42,,1.97
2016-05-04 00:00:00,1.67,1.16,1.11,1.2,1.21,2.15,1.27,1.47,1.91,2.44,2.97,11.3,1.71,1.98,0.8,0.87,1.01,,,1.42,,1.97
2016-05-05 00:00:00,1.67,1.16,1.1,1.22,1.19,2.15,1.28,1.48,1.91,2.45,2.94,11.3,1.7,1.98,0.8,0.88,1,,,1.43,,1.97
2016-05-06 00:00:00,1.67,1.16,1.11,1.22,1.21,2.17,1.28,1.48,1.91,2.44,2.97,11.3,1.71,1.99,0.8,0.87,1.01,,,1.47,,1.98
2016-05-09 00:00:00,1.6,1.15,1.11,1.21,1.21,2.15,1.27,1.5,1.88,2.45,2.98,11.3,1.71,1.99,0.8,0.86,1.02,,,1.47,,1.98
2016-05-10 00:00:00,1.67,1.16,1.13,1.27,1.21,2.17,1.28,1.5,1.89,2.45,3.06,11.3,1.73,2,0.8,0.87,1.02,,,1.48,,1.97
2016-05-11 00:00:00,1.6,1.15,1.14,1.27,1.22,2.16,1.29,1.49,1.92,2.47,3.12,11.3,1.72,2.01,0.8,0.88,1.02,,,1.49,,2.01
2016-05-12 00:00:00,1.61,1.15,1.14,1.27,1.22,2.15,1.28,1.49,1.91,2.48,3.11,11.3,1.73,1.99,0.8,0.88,1.02,,,1.47,,2
2016-05-13 00:00:00,1.61,1.15,1.14,1.27,1.23,2.16,1.28,1.47,1.91,2.49,3.17,11.3,1.73,2,0.8,0.91,1.03,,,1.47,,2.01
2016-05-16 00:00:00,1.61,1.15,1.15,1.27,1.22,2.19,1.29,1.5,1.9,2.51,3.15,11.3,1.74,1.98,0.8,0.91,1.04,,,1.48,,2
2016-05-17 00:00:00,1.61,1.14,1.14,1.24,1.2,2.18,1.28,1.46,1.88,2.49,3.15,11.3,1.74,1.98,0.8,0.91,1.04,,,1.5,,1.99
2016-05-18 00:00:00,1.61,1.14,1.13,1.24,1.23,2.19,1.28,1.45,1.88,2.5,3.2,11.3,1.74,1.99,0.81,0.91,1.06,,,1.49,,1.99
2016-05-19 00:00:00,1.62,1.13,1.12,1.23,1.23,2.18,1.26,1.45,1.88,2.5,3.15,11.3,1.71,1.98,0.81,0.91,1.05,,,1.49,,2.01
2016-05-20 00:00:00,1.61,1.13,1.12,1.23,1.22,2.18,1.27,1.43,1.87,2.47,3.15,11.3,1.7,1.97,0.81,0.91,1.05,,,1.51,,2.01
2016-05-24 00:00:00,1.58,1.13,1.11,1.23,1.2,2.16,1.25,1.41,1.87,2.46,3.09,11.3,1.68,1.97,0.81,0.91,1.04,,,1.47,,2
2016-05-25 00:00:00,1.6,1.13,1.11,1.23,1.2,2.17,1.25,1.43,1.88,2.46,3.09,11.3,1.69,1.97,0.81,0.91,1.04,,,1.48,,1.99
2016-05-26 00:00:00,1.58,1.13,1.1,1.22,1.21,2.16,1.24,1.41,1.85,2.47,3.1,11.3,1.67,1.97,0.81,0.9,1.04,,,1.47,,1.98
2016-05-27 00:00:00,1.54,1.13,1.1,1.22,1.21,2.16,1.25,1.4,1.85,2.48,3.08,11.3,1.66,1.96,0.81,0.9,1.04,,,1.46,,1.97
2016-05-30 00:00:00,1.51,1.12,1.1,1.22,1.19,2.16,1.24,1.4,1.85,2.48,3.07,11.3,1.66,1.94,0.81,0.89,1.03,,,1.45,,1.98
2016-05-31 00:00:00,1.49,1.12,1.09,1.21,1.19,2.16,1.24,1.39,1.85,2.5,3.06,11.3,1.66,1.94,0.81,0.88,1.03,,,1.45,,1.97
2016-06-01 00:00:00,1.53,1.11,1.1,1.21,1.2,2.16,1.23,1.39,1.87,2.5,3.05,11.3,1.69,1.95,0.81,0.88,1.03,,,1.41,,1.97
2016-06-02 00:00:00,1.51,1.11,1.1,1.21,1.21,2.16,1.23,1.38,1.88,2.47,3.02,11.3,1.69,1.96,0.81,0.87,1.03,,,1.43,,1.97
2016-06-03 00:00:00,1.49,1.11,1.09,1.2,1.22,2.15,1.23,1.37,1.87,2.48,3.01,11.3,1.68,1.97,0.81,0.87,1.03,,,1.4,,1.97
2016-06-06 00:00:00,1.49,1.12,1.09,1.2,1.24,2.15,1.23,1.38,1.87,2.47,3.03,11.3,1.7,1.98,0.81,0.88,1.04,,,1.42,,1.98
2016-06-07 00:00:00,1.51,1.13,1.09,1.2,1.24,2.15,1.23,1.37,1.87,2.47,3.04,11.3,1.7,1.97,0.81,0.87,1.03,,,1.42,,1.98
2016-06-08 00:00:00,1.51,1.13,1.09,1.23,1.27,2.15,1.23,1.39,1.87,2.47,3.05,11.3,1.69,1.98,0.81,0.88,1.03,,,1.42,,1.97
2016-06-09 00:00:00,1.49,1.1,1.09,1.26,1.25,2.15,1.23,1.37,1.89,2.47,3.05,11.3,1.69,1.98,0.81,0.88,1.02,,,1.42,,1.98
2016-06-10 00:00:00,1.49,1.1,1.1,1.25,1.24,2.15,1.23,1.35,1.88,2.48,2.98,11.3,1.69,1.94,0.81,0.88,1.03,,,1.44,,1.97
2016-06-13 00:00:00,1.48,1.1,1.1,1.25,1.24,2.14,1.22,1.35,1.86,2.5,2.97,11.3,1.69,1.96,0.81,0.87,1.02,,,1.45,,1.97
2016-06-14 00:00:00,1.48,1.1,1.1,1.25,1.24,2.14,1.23,1.34,1.86,2.49,2.96,11.3,1.69,1.95,0.81,0.87,1.01,,,1.42,,1.96
2016-06-15 00:00:00,1.47,1.09,1.09,1.25,1.23,2.13,1.22,1.34,1.84,2.48,2.94,11.3,1.71,1.94,0.85,0.86,1,,,1.43,,1.97
2016-06-16 00:00:00,1.44,1.07,1.08,1.25,1.21,2.13,1.2,1.32,1.84,2.47,2.9,11.3,1.7,1.92,0.87,0.85,1,,,1.41,,1.94
2016-06-17 00:00:00,1.42,1.08,1.09,1.27,1.23,2.13,1.21,1.33,1.85,2.48,2.89,11.3,1.71,1.9,0.87,0.86,1,,,1.41,,1.94
2016-06-20 00:00:00,1.38,1.08,1.09,1.27,1.23,2.13,1.2,1.32,1.85,2.48,2.93,11.3,1.71,1.9,0.87,0.86,0.99,,,1.41,,1.93
2016-06-21 00:00:00,1.42,1.08,1.08,1.27,1.23,2.12,1.19,1.32,1.85,2.48,2.94,11.3,1.7,1.89,0.87,0.86,0.99,,,1.41,,1.96
2016-06-22 00:00:00,1.42,1.09,1.08,1.27,1.22,2.12,1.2,1.31,1.85,2.45,2.9,11.3,1.7,1.88,0.87,0.85,0.98,,,1.37,,1.96
2016-06-23 00:00:00,1.37,1.08,1.07,1.28,1.22,2.11,1.19,1.31,1.84,2.45,2.94,11.3,1.7,1.86,0.87,0.84,0.98,,,1.35,,1.95
2016-06-24 00:00:00,1.37,1.08,1.06,1.28,1.19,2.11,1.18,1.29,1.84,2.45,2.9,11.3,1.69,1.83,0.87,0.82,0.98,,,1.35,,1.94
2016-06-27 00:00:00,1.35,1.07,1.05,1.28,1.17,2.1,1.17,1.27,1.84,2.43,2.92,11.3,1.7,1.79,0.87,0.81,0.98,,,1.33,,1.93
2016-06-28 00:00:00,1.37,1.07,1.06,1.28,1.18,2.1,1.17,1.28,1.83,2.41,2.93,11.3,1.69,1.79,0.87,0.81,0.98,,,1.32,,1.91
2016-06-29 00:00:00,1.37,1.07,1.05,1.28,1.17,2.09,1.17,1.27,1.8,2.41,2.93,11.3,1.69,1.79,0.87,0.8,0.99,,,1.32,,1.9
2016-06-30 00:00:00,1.37,1.07,1.05,1.27,1.18,2.1,1.17,1.27,1.76,2.4,2.91,11.3,1.7,1.79,0.87,0.82,0.98,,,1.33,,1.9
2016-07-01 00:00:00,1.38,1.06,1.05,1.25,1.18,2.1,1.16,1.29,1.76,2.4,2.89,11.3,1.7,1.79,0.87,0.83,0.98,,,1.35,,1.92
2016-07-04 00:00:00,1.35,1.06,1.05,1.25,1.17,2.09,1.16,1.3,1.76,2.39,2.89,11.3,1.7,1.77,0.87,0.81,0.98,,,1.32,,1.91
2016-07-05 00:00:00,1.35,1.06,1.06,1.24,1.19,2.09,1.16,1.31,1.74,2.39,2.9,11.3,1.69,1.78,0.87,0.82,0.97,,,1.34,,1.93
2016-07-07 00:00:00,1.39,1.07,1.07,1.24,1.19,2.1,1.17,1.31,1.81,2.4,2.91,11.3,1.7,1.78,0.87,0.82,0.97,,,1.32,,1.96
2016-07-08 00:00:00,1.45,1.08,1.08,1.25,1.2,2.12,1.19,1.34,1.81,2.41,2.96,11.3,1.71,1.8,0.87,0.82,0.98,,,1.34,,1.94
2016-07-11 00:00:00,1.45,1.09,1.08,1.25,1.21,2.11,1.19,1.33,1.81,2.41,2.95,11.3,1.71,1.8,0.87,0.81,0.97,,,1.33,,1.93
2016-07-12 00:00:00,1.46,1.1,1.08,1.25,1.23,2.12,1.2,1.34,1.81,2.41,2.9,11.3,1.72,1.83,0.87,0.82,0.95,,,1.33,,1.96
2016-07-13 00:00:00,1.48,1.11,1.09,1.25,1.23,2.12,1.21,1.32,1.76,2.39,2.93,11.3,1.73,1.85,0.87,0.83,0.95,,,1.33,,1.98
2016-07-14 00:00:00,1.48,1.11,1.09,1.25,1.23,2.13,1.2,1.32,1.77,2.38,2.97,11.3,1.74,1.89,0.87,0.82,0.95,,,1.34,,1.96
2016-07-15 00:00:00,1.48,1.11,1.1,1.19,1.23,2.13,1.21,1.32,1.77,2.38,2.97,11.3,1.74,1.89,0.87,0.84,0.96,,,1.35,,1.97
2016-07-18 00:00:00,1.48,1.11,1.1,1.19,1.23,2.12,1.2,1.32,1.79,2.39,2.98,11.3,1.72,1.89,0.87,0.83,0.96,,,1.35,,1.96
2016-07-20 00:00:00,1.42,1.11,1.11,1.18,1.23,2.12,1.19,1.31,1.77,2.38,2.92,11.3,1.77,1.89,0.87,0.84,0.96,,,1.36,,1.97
2016-07-21 00:00:00,1.46,1.11,1.1,1.18,1.24,2.12,1.2,1.31,1.8,2.37,2.93,11.3,1.78,1.9,0.87,0.84,0.95,,,1.37,,1.97
2016-07-22 00:00:00,1.39,1.11,1.1,1.18,1.24,2.12,1.2,1.32,1.8,2.38,2.99,11.3,1.79,1.88,0.86,0.83,0.95,,,1.37,,2
2016-07-25 00:00:00,1.44,1.1,1.1,1.18,1.24,2.12,1.2,1.32,1.8,2.35,2.99,11.3,1.78,1.88,0.81,0.84,0.95,,,1.35,,2
2016-07-26 00:00:00,1.39,1.1,1.1,1.18,1.24,2.12,1.19,1.31,1.83,2.35,3,11.3,1.79,1.89,0.81,0.84,0.95,,,1.35,,2
2016-07-27 00:00:00,1.47,1.1,1.09,1.18,1.24,2.12,1.19,1.32,1.84,2.35,3.03,11.3,1.8,1.89,0.81,0.83,0.95,,,1.34,,2
2016-07-28 00:00:00,1.44,1.1,1.09,1.27,1.24,2.11,1.21,1.32,1.88,2.35,3.02,11.3,1.78,1.9,0.84,0.83,0.96,,,1.33,,2.02
2016-07-29 00:00:00,1.47,1.1,1.1,1.27,1.25,2.11,1.21,1.33,1.89,2.35,2.96,11.3,1.78,1.89,0.84,0.82,0.97,,,1.34,,2
2016-08-01 00:00:00,1.48,1.11,1.1,1.2,1.25,2.12,1.21,1.35,1.84,2.35,2.96,11.3,1.78,1.92,0.84,0.83,0.97,,,1.34,,2
2016-08-02 00:00:00,1.56,1.14,1.12,1.2,1.26,2.13,1.22,1.37,1.84,2.39,3.02,11.3,1.78,1.93,0.84,0.85,0.98,,,1.35,,2.02
2016-08-03 00:00:00,1.54,1.15,1.12,1.26,1.27,2.14,1.23,1.36,1.85,2.39,3.02,11.3,1.79,1.92,0.84,0.85,0.98,,,1.34,,2.01
2016-08-04 00:00:00,1.55,1.14,1.12,1.26,1.27,2.12,1.22,1.37,1.84,2.37,3.03,11.3,1.77,1.91,0.84,0.84,0.99,,,1.35,,2.02
2016-08-05 00:00:00,1.6,1.15,1.13,1.26,1.28,2.15,1.23,1.37,1.83,2.37,3.11,11.3,1.79,1.91,0.84,0.84,1,,,1.35,,2.05
2016-08-08 00:00:00,1.58,1.15,1.13,1.26,1.29,2.14,1.23,1.37,1.83,2.36,3.12,11.3,1.79,1.91,0.84,0.85,1,,,1.34,,2.03
2016-08-09 00:00:00,1.54,1.15,1.14,1.21,1.32,2.14,1.23,1.37,1.84,2.34,3.14,11.3,1.79,1.92,0.84,0.84,1,,,1.35,,2.03
2016-08-10 00:00:00,1.55,1.14,1.15,1.21,1.33,2.12,1.24,1.36,1.87,2.36,3.15,11.3,1.8,1.92,0.84,0.85,1,,,1.34,,2.03
2016-08-11 00:00:00,1.52,1.14,1.15,1.21,1.32,2.13,1.23,1.37,1.87,2.32,3.11,11.3,1.79,1.92,0.84,0.85,1.01,,,1.34,,2.02
2016-08-12 00:00:00,1.49,1.14,1.16,1.21,1.31,2.12,1.23,1.38,1.88,2.32,3.12,11.3,1.8,1.92,0.84,0.86,1.01,,,1.33,,2.02
2016-08-15 00:00:00,1.49,1.14,1.16,1.21,1.33,2.12,1.23,1.43,1.95,2.38,3.08,11.3,1.79,1.94,0.84,0.86,1,,,1.35,,2.02
2016-08-16 00:00:00,1.51,1.14,1.16,1.21,1.3,2.11,1.23,1.43,1.99,2.37,3.08,11.3,1.79,1.95,0.84,0.85,1,,,1.36,,2.01
2016-08-18 00:00:00,1.37,1.14,1.16,1.2,1.31,2.11,1.22,1.44,1.99,2.37,3.15,11.3,1.78,2,0.84,0.86,1,,,1.37,,2.02
2016-08-19 00:00:00,1.36,1.15,1.17,1.2,1.65,2.11,1.22,1.44,1.99,2.37,3.16,11.3,1.75,2.03,0.84,0.86,0.98,,,1.38,,2.01
2016-08-22 00:00:00,1.38,1.15,1.17,1.2,1.65,2.11,1.22,1.42,1.99,2.36,3.22,11.3,1.75,2.02,0.84,0.85,0.98,,,1.37,,2
2016-08-23 00:00:00,1.4,1.15,1.16,1.22,1.63,2.11,1.23,1.45,1.99,2.36,3.29,11.3,1.78,2.03,0.84,0.86,1,,,1.37,,2
2016-08-24 00:00:00,1.46,1.15,1.15,1.22,1.64,2.11,1.23,1.47,1.97,2.35,3.25,11.3,1.78,2.01,0.84,0.85,0.99,,,1.36,,1.98
2016-08-25 00:00:00,1.44,1.15,1.16,1.22,1.63,2.11,1.23,1.46,1.97,2.35,3.25,11.3,1.78,2.02,0.84,0.85,0.99,,,1.37,,2
2016-08-26 00:00:00,1.42,1.15,1.14,1.22,1.63,2.11,1.22,1.37,2.01,2.34,3.21,11.3,1.78,2,0.84,0.85,0.99,,,1.37,,1.98
2016-08-29 00:00:00,1.44,1.15,1.14,1.21,1.63,2.11,1.21,1.35,1.99,2.34,3.18,11.3,1.77,2,0.84,0.85,0.98,,,1.35,,1.98
2016-08-30 00:00:00,1.45,1.14,1.14,1.21,1.63,2.11,1.22,1.37,1.97,2.34,3.24,11.3,1.78,2.01,0.84,0.86,0.98,,,1.35,,2
2016-08-31 00:00:00,1.44,1.14,1.15,1.22,1.65,2.11,1.21,1.38,1.94,2.32,3.21,11.3,1.77,2,0.84,0.86,0.98,,,1.35,,1.99
2016-09-01 00:00:00,1.42,1.14,1.15,1.22,1.68,2.11,1.22,1.38,1.95,2.32,3.21,11.3,1.78,2.01,0.84,0.86,0.98,,,1.35,,2
2016-09-02 00:00:00,1.42,1.14,1.15,1.22,1.69,2.1,1.22,1.35,1.96,2.31,3.26,11.3,1.78,2.01,0.84,0.86,0.98,,,1.35,,2.03
2016-09-05 00:00:00,1.38,1.14,1.15,1.28,1.69,2.1,1.21,1.35,1.96,2.3,3.23,11.3,1.77,2.01,0.84,0.85,0.98,,,1.35,,2.01
2016-09-06 00:00:00,1.36,1.14,1.14,1.27,1.71,2.1,1.21,1.34,1.95,2.31,3.19,11.3,1.79,2.01,0.84,0.85,0.97,,,1.36,,2.01
2016-09-07 00:00:00,1.36,1.14,1.15,1.26,1.71,2.09,1.21,1.33,1.94,2.3,3.2,11.3,1.78,2.02,0.84,0.84,0.97,,,1.35,,2.03
2016-09-08 00:00:00,1.4,1.14,1.14,1.27,1.69,2.09,1.21,1.33,1.92,2.29,3.23,11.3,1.8,2.02,0.84,0.84,0.98,,,1.35,,2.02
2016-09-09 00:00:00,1.37,1.14,1.14,1.27,1.69,2.09,1.21,1.35,1.92,2.27,3.25,11.3,1.8,2.02,0.84,0.84,0.96,,,1.36,,2.01
2016-09-13 00:00:00,1.37,1.14,1.14,1.27,1.69,2.1,1.21,1.34,1.92,2.27,3.26,11.3,1.79,2.03,0.79,0.84,0.97,,,1.36,,1.96
2016-09-14 00:00:00,1.41,1.15,1.14,1.27,1.68,2.09,1.2,1.35,1.87,2.26,3.19,11.3,1.79,2.02,0.79,0.84,0.99,,,1.38,,1.95
2016-09-15 00:00:00,1.42,1.15,1.14,1.26,1.67,2.09,1.2,1.34,1.89,2.25,3.13,11.3,1.78,2.01,0.79,0,0.99,,,1.36,,1.94
2016-09-19 00:00:00,1.37,1.15,1.13,1.27,1.66,2.08,1.19,1.33,1.89,2.24,3.06,11.3,1.78,2.01,0.79,0.84,0.98,,,1.36,,1.93
2016-09-20 00:00:00,1.37,1.14,1.13,1.27,1.66,2.08,1.17,1.27,1.9,2.23,3.12,11.3,1.77,1.99,0.79,0.83,0.97,,,1.36,,1.93
2016-09-21 00:00:00,1.37,1.14,1.14,1.27,1.71,2.07,1.17,1.28,1.9,2.23,3.13,11.3,1.81,2,0.79,0.83,0.97,,,1.38,,1.93
2016-09-22 00:00:00,1.38,1.15,1.15,1.27,1.76,2.07,1.17,1.29,1.9,2.23,3.07,11.3,1.81,2.02,0.79,0.83,0.97,,,1.37,,1.92
2016-09-23 00:00:00,1.4,1.15,1.14,1.27,1.78,2.08,1.17,1.29,1.97,2.25,3.06,11.3,1.81,2.01,0.79,0.84,0.97,,,1.37,,1.91
2016-09-26 00:00:00,1.42,1.15,1.14,1.27,1.76,2.08,1.18,1.27,1.98,2.24,3.13,11.3,1.8,2,0.79,0.81,0.98,,,1.38,,1.92
2016-09-27 00:00:00,1.42,1.14,1.15,1.27,1.76,2.08,1.18,1.24,1.98,2.24,3.13,11.3,1.81,2,0.79,0.81,0.98,,,1.39,,1.92
2016-09-28 00:00:00,1.42,1.15,1.16,1.27,1.79,2.08,1.19,1.24,1.98,2.24,3.15,11.3,1.82,2.02,0.79,0.81,0.99,,,1.39,,1.91
2016-09-29 00:00:00,1.42,1.16,1.16,1.26,1.8,2.09,1.19,1.24,1.96,2.24,3.17,11.3,1.84,2.04,0.79,0.81,1,,,1.4,,1.92
2016-09-30 00:00:00,1.43,1.16,1.16,1.26,1.81,2.1,1.19,1.25,1.95,2.22,3.15,11.3,1.84,2.04,0.79,0.82,1,,,1.4,,1.91
2016-10-03 00:00:00,1.43,1.17,1.18,1.26,1.82,2.11,1.2,1.26,1.95,2.24,3.19,11.3,1.83,2.05,0.79,0.82,1.01,,,1.41,,1.89
2016-10-04 00:00:00,1.42,1.17,1.17,1.26,1.82,2.12,1.22,1.26,1.99,2.24,3.2,11.3,1.84,2.05,0.79,0.81,1.01,,,1.41,,1.91
2016-10-05 00:00:00,1.4,1.17,1.17,1.25,1.81,2.12,1.21,1.26,2,2.24,3.15,11.3,1.83,2.06,0.79,0.81,1.01,,,1.41,,1.91
2016-10-06 00:00:00,1.4,1.17,1.18,1.24,1.83,2.12,1.21,1.25,2,2.22,3.14,11.3,1.83,2.08,0.79,0.81,1.01,,,1.39,,1.91
2016-10-07 00:00:00,1.42,1.18,1.18,1.24,1.83,2.12,1.21,1.25,2.02,2.22,3.14,11.3,1.84,2.08,0.79,0.8,1.01,,,1.4,,1.92
2016-10-10 00:00:00,1.42,1.18,1.18,1.2,1.81,2.12,1.21,1.26,2.02,2.2,3.14,11.3,1.83,2.07,0.79,0.8,1.01,,,1.39,,1.9
2016-10-11 00:00:00,1.41,1.18,1.17,1.2,1.81,2.11,1.21,1.24,2.02,2.19,3.12,11.3,1.83,2.07,0.79,0.81,1,,,1.38,,1.89
2016-10-12 00:00:00,1.39,1.17,1.16,1.2,1.8,2.11,1.2,1.22,2.02,2.19,3.12,11.3,1.82,2.05,0.79,0.81,1,,,1.37,,1.89
2016-10-13 00:00:00,1.39,1.17,1.15,1.2,1.8,2.1,1.19,1.22,2,2.2,3.1,11.3,1.79,2.04,0.79,0.81,1,,,1.36,,1.87
2016-10-14 00:00:00,1.38,1.16,1.15,1.2,1.79,2.1,1.18,1.22,2,2.19,3.13,11.3,1.79,2.04,0.79,0.81,1,,,1.38,,1.87
2016-10-17 00:00:00,1.34,1.16,1.14,1.2,1.76,2.1,1.17,1.22,1.99,2.19,3.11,11.3,1.78,2.03,0.79,0.81,0.99,,,1.38,,1.88
2016-10-18 00:00:00,1.35,1.16,1.14,1.2,1.78,2.09,1.17,1.2,1.99,2.19,3.1,11.3,1.79,2.03,0.79,0.8,0.99,,,1.37,,1.88
2016-10-19 00:00:00,1.34,1.16,1.14,1.2,1.78,2.09,1.17,1.21,1.99,2.19,3.1,11.3,1.78,2.04,0.79,0.8,0.99,,,1.36,,1.87
2016-10-20 00:00:00,1.34,1.16,1.14,1.17,1.77,2.09,1.17,1.2,1.94,2.19,3.09,11.3,1.78,2.04,0.79,0.81,0.99,,,1.37,,1.91
2016-10-21 00:00:00,1.34,1.16,1.14,1.17,1.77,2.1,1.17,1.19,1.91,2.19,3.1,11.3,1.78,2.04,0.79,0.81,0.98,,,1.39,,1.89
2016-10-24 00:00:00,1.34,1.15,1.14,1.16,1.73,2.09,1.16,1.18,1.91,2.18,3.08,11.3,1.78,2.03,0.79,0.81,0.98,,,1.37,,1.91
2016-10-25 00:00:00,1.34,1.15,1.14,1.16,1.72,2.09,1.16,1.18,1.91,2.2,3.05,11.3,1.78,2.04,0.79,0.81,0.98,,,1.39,,1.87
2016-10-26 00:00:00,1.34,1.15,1.13,1.16,1.72,2.09,1.16,1.19,1.91,2.21,3.05,11.3,1.78,2.04,0.79,0.8,0.99,,,1.38,,1.87
2016-10-27 00:00:00,1.34,1.15,1.13,1.16,1.7,2.09,1.16,1.19,1.92,2.21,3.07,11.3,1.77,2.03,0.79,0.81,0.99,,,1.39,,1.89
2016-10-28 00:00:00,1.34,1.15,1.13,1.16,1.7,2.09,1.16,1.2,1.92,2.21,3.05,11.3,1.77,2.02,0.79,0.81,0.99,,,1.38,,1.89
2016-10-31 00:00:00,1.35,1.14,1.13,1.16,1.7,2.09,1.15,1.19,1.92,2.21,3.08,11.3,1.74,2.01,0.79,0.8,0.99,,,1.37,,1.91
2016-11-01 00:00:00,1.35,1.15,1.13,1.16,1.71,2.08,1.15,1.2,1.92,2.19,3.07,11.3,1.76,2.01,0.79,0.8,0.98,,,1.36,,1.9
2016-11-02 00:00:00,1.35,1.17,1.13,1.16,1.73,2.09,1.16,1.23,1.92,2.19,3.11,11.3,1.76,2.02,0.79,0.77,0.98,,,1.37,,1.9
2016-11-03 00:00:00,1.34,1.17,1.14,1.17,1.72,2.09,1.16,1.23,1.92,2.2,3.11,11.3,1.76,2.03,0.79,0.77,0.98,,,1.36,,1.89
2016-11-04 00:00:00,1.34,1.17,1.14,1.17,1.73,2.09,1.15,1.21,1.92,2.2,3.09,11.3,1.76,2.02,0.81,0.77,0.98,,,1.37,,1.9
2016-11-07 00:00:00,1.34,1.17,1.14,1.17,1.73,2.09,1.15,1.23,1.97,2.22,3.06,11.3,1.78,2.02,0.81,0.75,0.97,,,1.36,,1.88
2016-11-08 00:00:00,1.34,1.16,1.12,1.17,1.71,2.09,1.15,1.23,1.97,2.23,3.04,11.3,1.79,2.01,0.81,0.75,0.97,,,1.35,,1.89
2016-11-09 00:00:00,1.34,1.15,1.12,1.17,1.68,2.09,1.15,1.22,1.93,2.23,3.04,11.3,1.79,2,0.81,0.76,0.97,,,1.36,,1.88
2016-11-10 00:00:00,1.36,1.16,1.12,1.17,1.69,2.09,1.14,1.21,1.93,2.23,3.06,11.3,1.78,2.01,0.81,0.75,0.98,,,1.35,,1.89
2016-11-11 00:00:00,1.36,1.16,1.11,1.17,1.68,2.08,1.14,1.22,1.94,2.23,3.05,11.3,1.78,2.01,0.81,0.75,0.98,,,1.36,,1.89
2016-11-15 00:00:00,1.34,1.16,1.11,1.24,1.68,2.08,1.13,1.23,1.94,2.24,3.03,11.3,1.78,1.99,0.81,0.75,0.98,,,1.35,,1.88
2016-11-16 00:00:00,1.34,1.14,1.1,1.24,1.65,2.07,1.11,1.22,1.94,2.24,3.01,11.3,1.76,1.98,0.81,0.75,0.98,,,1.31,,1.88
2016-11-17 00:00:00,1.28,1.14,1.09,1.24,1.64,2.07,1.12,1.2,1.93,2.25,3.03,11.3,1.76,1.96,0.81,0.74,0.99,,,1.31,,1.86
2016-11-18 00:00:00,1.33,1.13,1.09,1.24,1.64,2.07,1.12,1.22,1.93,2.24,3.04,11.3,1.73,1.95,0.81,0.74,0.99,,,1.29,,1.87
2016-11-21 00:00:00,1.32,1.12,1.07,1.15,1.61,2.05,1.1,1.19,1.94,2.24,2.94,11.3,1.73,1.93,0.81,0.73,0.99,,,1.28,,1.85
2016-11-22 00:00:00,1.26,1.11,1.07,1.15,1.57,2.05,1.09,1.17,1.94,2.26,2.88,11.3,1.72,1.92,0.81,0.73,0.97,,,1.27,,1.84
2016-11-23 00:00:00,1.28,1.11,1.07,1.14,1.57,2.05,1.09,1.16,1.94,2.24,2.9,11.3,1.72,1.92,0.81,0.73,0.97,,,1.27,,1.84
2016-11-24 00:00:00,1.31,1.11,1.07,1.14,1.58,2.05,1.09,1.17,1.96,2.27,2.8,11.3,1.72,1.92,0.81,0.74,0.96,,,1.25,,1.86
2016-11-25 00:00:00,1.32,1.11,1.07,1.14,1.58,2.04,1.09,1.16,1.99,2.27,2.77,11.3,1.71,1.93,0.81,0.73,0.95,,,1.26,,1.86
2016-11-28 00:00:00,1.32,1.1,1.06,1.14,1.58,2.04,1.09,1.15,1.99,2.27,2.82,11.3,1.69,1.93,0.81,0.73,0.95,,,1.26,,1.86
2016-11-29 00:00:00,1.26,1.1,1.06,1.14,1.59,2.03,1.09,1.16,1.99,2.26,2.8,11.3,1.7,1.92,0.81,0.74,0.96,,,1.26,,1.87
2016-11-30 00:00:00,1.3,1.1,1.08,1.15,1.62,2.04,1.08,1.18,1.94,2.26,2.82,11.3,1.69,1.93,0.81,0.74,0.95,,,1.27,,1.85
2016-12-01 00:00:00,1.3,1.07,1.09,1.15,1.62,2.04,1.09,1.03,1.88,2.24,2.81,11.35,1.7,1.65,0.81,0.74,0.98,,,1.27,,1.87
2016-12-02 00:00:00,1.32,1.08,1.09,1.15,1.6,2.02,1.15,1.02,1.88,2.21,2.85,11.35,1.67,1.66,0.81,0.75,0.97,,,1.25,,1.98
2016-12-05 00:00:00,1.32,1.08,1.08,1.15,1.62,2.01,1.16,1.02,1.91,2.21,2.92,11.35,1.65,1.67,0.81,0.74,0.97,,,1.26,,1.99
2016-12-06 00:00:00,1.3,1.04,1.07,1.15,1.6,2,1.14,1.02,1.91,2.21,2.92,11.35,1.65,1.63,0.81,0.75,0.94,,,1.26,,2
2016-12-07 00:00:00,1.3,1.04,1.07,1.15,1.6,1.99,1.12,1.01,1.9,2.21,2.91,11.35,1.64,1.63,0.81,0.73,0.94,,,1.25,,1.99
2016-12-08 00:00:00,1.3,1.04,1.08,1.15,1.61,2,1.11,1,1.9,2.21,2.92,11.35,1.64,1.62,0.81,0.73,0.94,,,1.23,,2
2016-12-09 00:00:00,1.32,1.04,1.08,1.14,1.59,2,1.11,0.98,1.91,2.19,2.92,11.35,1.63,1.62,0.81,0.72,0.94,,,1.24,,2
2016-12-14 00:00:00,1.3,1.04,1.07,1.14,1.59,1.99,1.1,0.96,1.9,2.19,2.84,11.35,1.63,1.62,0.81,0.72,0.94,,,1.23,,1.99
2016-12-15 00:00:00,1.29,1.04,1.06,1.14,1.58,1.98,1.11,0.97,1.9,2.19,2.88,11.35,1.63,1.62,0.81,0.72,0.94,,,1.22,,1.98
2016-12-16 00:00:00,1.29,1.04,1.06,1.14,1.58,1.98,1.1,0.95,1.91,2.19,2.89,11.35,1.63,1.61,0.81,0.72,0.93,,,1.21,,1.99
2016-12-19 00:00:00,1.26,1.04,1.05,1.14,1.58,1.98,1.11,0.95,1.91,2.17,2.85,11.35,1.64,1.61,0.81,0.69,0.93,,,1.21,,2
2016-12-20 00:00:00,1.28,1.03,1.05,1.11,1.57,1.98,1.11,0.95,1.9,2.17,2.83,11.35,1.63,1.6,0.75,0.69,0.92,,,1.22,,1.97
2016-12-21 00:00:00,1.28,1.03,1.05,1.11,1.56,1.98,1.11,0.94,1.91,2.16,2.8,11.35,1.64,1.6,0.75,0.69,0.91,,,1.22,,1.96
2016-12-22 00:00:00,1.28,1.02,1.04,1.11,1.56,1.98,1.1,0.94,1.93,2.15,2.79,11.35,1.66,1.6,0.74,0.68,0.91,,,1.22,,1.98
2016-12-23 00:00:00,1.24,1.03,1.04,1.12,1.57,1.98,1.11,0.94,1.96,2.15,2.79,11.35,1.67,1.59,0.74,0.69,0.92,,,1.22,,1.99
2016-12-27 00:00:00,1.24,1.03,1.04,1.12,1.58,1.98,1.11,0.93,1.96,2.14,2.78,11.35,1.62,1.59,0.74,0.8,0.91,,,1.22,,1.98
2016-12-28 00:00:00,1.29,1.04,1.05,1.12,1.58,1.99,1.1,0.94,1.96,2.14,2.84,11.35,1.62,1.6,0.74,0.8,0.91,,,1.24,,2
2016-12-29 00:00:00,1.29,1.04,1.05,1.12,1.58,1.99,1.1,0.95,1.99,2.14,2.83,11.35,1.74,1.6,0.76,0.81,0.92,,,1.24,,1.99
2016-12-30 00:00:00,1.34,1.05,1.05,1.12,1.57,1.99,1.1,0.96,1.99,2.13,2.78,11.35,1.75,1.6,0.76,0.85,0.92,,,1.25,,2.01
2017-01-02 00:00:00,1.34,1.04,1.04,1.12,1.57,1.98,1.09,0.97,1.98,2.13,2.79,11.35,1.75,1.59,0.76,0.85,0.93,,,1.23,,2
2017-01-03 00:00:00,1.25,1.04,1.02,1.12,1.55,1.97,1.08,0.96,1.98,2.35,2.81,11.35,1.72,1.58,0.76,0.84,0.92,,,1.23,,1.99
2017-01-04 00:00:00,1.25,1.03,1.03,1.12,1.57,1.98,1.08,0.96,1.98,2.34,2.8,11.35,1.61,1.59,0.76,0.83,0.91,,,1.24,,1.99
2017-01-05 00:00:00,1.24,1.03,1.03,1.12,1.56,1.97,1.08,0.95,1.94,2.35,2.84,11.35,1.66,1.57,0.76,0.83,0.91,,,1.23,,1.97
2017-01-06 00:00:00,1.24,1.03,1.03,1.12,1.58,1.97,1.08,0.94,1.95,2.35,2.84,11.35,1.65,1.57,0.76,0.83,0.91,,,1.24,,1.96
2017-01-09 00:00:00,1.24,1.03,1.03,1.11,1.63,1.97,1.08,0.94,1.94,2.35,2.79,11.35,1.65,1.59,0.76,0.81,0.91,,,1.23,,1.96
2017-01-10 00:00:00,1.23,1,1.04,1.11,1.58,1.98,1.08,0.94,1.94,2.36,2.6,11.35,1.61,1.58,0.76,0.81,0.91,,,1.23,,1.96
2017-01-11 00:00:00,1.25,1.01,1.04,1.12,1.6,1.98,1.09,0.95,1.94,2.35,2.6,11.35,1.56,1.6,0.76,0.82,0.91,,,1.24,,1.97
2017-01-13 00:00:00,1.34,1.01,1.04,1.12,1.61,1.98,1.11,0.95,1.82,2.62,2.65,11.35,1.56,1.62,0.68,0.82,0.92,,,1.25,,1.97
2017-01-16 00:00:00,1.33,1,1.04,1.11,1.61,1.96,1.1,0.95,1.82,2.62,2.61,11.35,1.34,1.62,0.68,0.82,0.92,,,1.25,,1.97
2017-01-17 00:00:00,1.33,1,1.04,1.11,1.58,1.95,1.07,0.95,1.82,2.6,2.63,11.35,1.38,1.61,0.68,0.83,0.92,,,1.25,,1.95
2017-01-18 00:00:00,1.26,1,1.04,1.1,1.55,1.95,1.07,0.94,1.83,2.61,2.67,11.35,1.38,1.62,0.68,0.83,0.92,,,1.24,,1.93
2017-01-19 00:00:00,1.26,1,1.03,1.1,1.55,1.95,1.07,0.94,1.84,2.6,2.59,11.35,1.38,1.62,0.68,0.82,0.91,,,1.24,,1.94
2017-01-20 00:00:00,1.26,1.01,1.04,1.1,1.54,1.95,1.06,0.94,1.84,2.59,2.6,11.35,1.41,1.62,0.68,0.8,0.91,,,1.24,,1.94
2017-01-23 00:00:00,1.28,1.01,1.01,1.1,1.52,1.94,1.06,0.94,1.89,2.58,2.6,11.35,1.41,1.62,0.68,0.81,0.9,,,1.27,,1.95
2017-01-24 00:00:00,1.28,1,1,1.11,1.52,1.94,1.05,0.93,1.93,2.58,2.6,11.35,1.39,1.61,0.68,0.82,0.9,,,1.23,,1.95
2017-01-25 00:00:00,1.28,1,1,1.11,1.52,1.94,1.04,0.92,1.94,2.57,2.57,11.35,1.39,1.6,0.68,0.81,0.9,,,1.26,,1.95
2017-01-26 00:00:00,1.27,1,1,1.11,1.51,1.94,1.03,0.92,1.94,2.58,2.58,11.35,1.39,1.62,0.68,0.81,0.91,,,1.23,,1.98
2017-01-27 00:00:00,1.23,1,1.01,1.11,1.49,1.94,1.03,0.91,1.94,2.58,2.57,11.35,1.39,1.62,0.68,0.82,0.9,,,1.24,,1.98
2017-01-30 00:00:00,1.23,1.01,1.01,1.11,1.49,1.94,1.03,0.91,1.94,2.58,2.55,11.35,1.36,1.62,0.68,0.81,0.9,,,1.24,,1.97
2017-01-31 00:00:00,1.22,1.01,1.01,1.11,1.47,1.94,1.03,0.9,1.94,2.58,2.56,11.35,1.36,1.61,0.68,0.81,0.9,,,1.26,,1.96
2017-02-01 00:00:00,1.21,1.01,1.01,1.11,1.45,1.95,1.02,0.9,1.94,2.39,2.58,12.71,1.35,1.61,0.68,0.81,0.89,,,1.25,,1.96
2017-02-02 00:00:00,1.22,1.01,1.01,1.11,1.43,1.94,1.02,0.89,1.94,2.41,2.56,12.71,1.35,1.61,0.68,0.8,0.9,,,1.26,,1.99
2017-02-03 00:00:00,1.22,1.01,1.01,1.11,1.4,1.94,1,0.89,1.91,2.41,2.54,12.71,1.35,1.6,0.68,0.8,0.89,,,1.23,,1.99
2017-02-06 00:00:00,1.15,1.01,1.01,1.11,1.36,1.93,1,0.87,1.89,2.38,2.5,12.71,1.34,1.59,0.68,0.8,0.89,,,1.21,,1.98
2017-02-07 00:00:00,1.16,1,1.02,1.11,1.39,1.94,1.01,0.88,1.89,2.39,2.48,12.71,1.35,1.59,0.68,0.79,0.89,,,1.23,,2
2017-02-08 00:00:00,1.22,1,1.03,1.11,1.41,1.93,1,0.88,1.89,2.37,2.5,12.71,1.35,1.6,0.68,0.79,0.88,,,1.26,,1.98
2017-02-09 00:00:00,1.22,1,1.03,1.11,1.41,1.93,1,0.91,1.91,2.37,2.48,12.71,1.34,1.6,0.68,0.79,0.89,,,1.24,,1.98
2017-02-13 00:00:00,1.19,1,1.04,1.11,1.41,1.93,1.01,0.89,1.93,2.39,2.47,12.71,1.35,1.62,0.68,0.82,0.89,,,1.27,,1.94
2017-02-14 00:00:00,1.19,1.01,1.05,1.11,1.42,1.93,1,0.9,1.92,2.39,2.47,12.71,1.35,1.62,0.68,0.81,0.91,,,1.26,,1.98
2017-02-15 00:00:00,1.19,1.02,1.04,1.11,1.44,1.94,1,0.92,1.93,2.41,2.48,12.71,1.4,1.64,0.68,0.82,0.9,,,1.24,,1.98
2017-02-16 00:00:00,1.17,1.02,1.04,1.11,1.42,1.94,1.01,0.9,1.98,2.4,2.49,12.71,1.4,1.64,0.68,0.82,0.91,,,1.24,,1.99
2017-02-17 00:00:00,1.17,1.02,1.04,1.11,1.42,1.94,0.99,0.9,1.99,2.39,2.49,12.71,1.4,1.64,0.68,0.81,0.91,,,1.25,,1.99
2017-02-20 00:00:00,1.16,1.02,1.03,1.11,1.42,1.93,0.99,0.89,1.96,2.39,2.48,12.71,1.39,1.64,0.68,0.8,0.91,,,1.25,,1.96
2017-02-21 00:00:00,1.16,1.02,1.03,1.11,1.42,1.93,0.97,0.89,1.94,2.36,2.52,12.71,1.39,1.64,0.68,0.81,0.9,,,1.26,,1.94
2017-02-22 00:00:00,1.17,1.02,1.02,1.11,1.42,1.94,0.98,0.88,1.95,2.36,2.57,12.71,1.39,1.65,0.68,0.8,0.9,,,1.24,,1.91
2017-02-23 00:00:00,1.16,1.03,1.02,1.11,1.42,1.93,0.99,0.88,1.96,2.37,2.58,12.71,1.4,1.65,0.68,0.8,0.89,,,1.24,,1.92
2017-02-27 00:00:00,1.16,1.03,1.02,1.11,1.41,1.92,0.98,0.88,1.96,2.37,2.58,12.71,1.4,1.65,0.68,0.8,0.93,,,1.23,,1.92
2017-02-28 00:00:00,1.19,1.02,1.02,1.06,1.41,1.92,0.97,0.87,1.95,2.37,2.57,12.71,1.42,1.65,0.68,0.8,0.93,,,1.26,,1.9
2017-03-01 00:00:00,1.16,1.03,1.02,1.05,1.4,1.92,0.97,0.86,1.96,2.35,2.61,12.71,1.44,1.64,0.68,0.79,0.93,,,1.24,,1.9
2017-03-02 00:00:00,1.15,1.02,1.02,1.05,1.4,1.92,0.97,0.87,1.97,2.34,2.59,12.71,1.45,1.64,0.68,0.79,0.92,,,1.3,,1.89
2017-03-03 00:00:00,1.15,1.02,1.02,1.05,1.39,1.92,0.96,0.87,1.95,2.34,2.59,12.71,1.43,1.65,0.68,0.79,0.93,,,1.24,,1.92
2017-03-06 00:00:00,1.13,1.02,1.01,1.05,1.37,1.92,0.96,0.88,1.97,2.36,2.58,12.71,1.43,1.65,0.72,0.8,0.93,,,1.26,,1.91
2017-03-07 00:00:00,1.13,1.02,1.01,1.05,1.34,1.92,0.94,0.88,1.93,2.36,2.58,12.71,1.44,1.65,0.72,0.8,0.92,,,1.28,,1.87
2017-03-08 00:00:00,1.12,1.01,1.01,1.05,1.36,1.92,0.94,0.88,1.95,2.35,2.57,12.71,1.44,1.65,0.72,0.8,0.91,,,1.28,,1.88
2017-03-09 00:00:00,1.12,1,1.01,1.05,1.35,1.92,0.94,0.89,1.95,2.36,2.57,12.71,1.43,1.65,0.72,0.8,0.91,,,1.28,,1.85
2017-03-10 00:00:00,1.11,1,1.01,1.04,1.34,1.92,0.94,0.88,1.95,2.36,2.58,12.71,1.47,1.64,0.72,0.79,0.9,,,1.27,,1.86
2017-03-13 00:00:00,1.09,0.99,1,1.04,1.31,1.92,0.94,0.89,1.95,2.37,2.55,12.71,1.46,1.63,0.72,0.78,0.9,,,1.27,,1.86
2017-03-14 00:00:00,1.1,0.99,1,1.04,1.3,1.91,0.93,0.88,1.94,2.37,2.54,12.71,1.47,1.62,0.74,0.78,0.9,,,1.27,,1.85
2017-03-15 00:00:00,1.13,0.98,1,1.05,1.29,1.91,0.93,0.88,1.92,2.37,2.54,12.71,1.44,1.61,0.74,0.78,0.9,,,1.26,,1.85
2017-03-16 00:00:00,1.11,0.98,1,1.05,1.28,1.91,0.92,0.87,1.94,2.37,2.53,12.71,1.43,1.61,0.74,0.79,0.9,,,1.24,,1.85
2017-03-17 00:00:00,1.11,0.98,1,1.05,1.29,1.91,0.93,0.86,1.95,2.37,2.56,12.71,1.45,1.62,0.74,0.79,0.9,,,1.27,,1.87
2017-03-20 00:00:00,1.11,0.98,1,1.05,1.3,1.9,0.93,0.88,1.95,2.37,2.56,12.71,1.44,1.62,0.74,0.78,0.9,,,1.27,,1.85
2017-03-21 00:00:00,1.11,0.98,1,1.05,1.29,1.9,0.94,0.87,1.93,2.36,2.54,12.71,1.44,1.62,0.74,0.79,0.9,,,1.27,,1.83
2017-03-22 00:00:00,1.08,0.97,0.99,1.02,1.27,1.9,0.93,0.84,1.92,2.36,2.48,12.71,1.43,1.61,0.74,0.79,0.89,,,1.26,,1.78
2017-03-23 00:00:00,1.08,0.97,0.99,1,1.26,1.89,0.91,0.85,1.93,2.36,2.47,12.71,1.43,1.59,0.74,0.78,0.9,,,1.25,,1.8
2017-03-24 00:00:00,1.07,0.97,0.99,1.02,1.28,1.9,0.92,0.84,1.93,2.38,2.45,12.71,1.44,1.59,0.74,0.77,0.9,,,1.23,,1.77
2017-03-27 00:00:00,1.07,0.96,0.99,0.92,1.28,1.9,0.92,0.84,1.84,2.38,2.46,12.71,1.44,1.59,0.74,0.77,0.91,,,1.23,,1.74
2017-03-28 00:00:00,1.08,0.96,0.99,0.93,1.28,1.89,0.92,0.85,1.84,2.38,2.45,12.71,1.46,1.59,0.74,0.77,0.9,,,1.26,,1.74
2017-03-29 00:00:00,1.12,0.96,1,0.99,1.32,1.9,0.93,0.85,1.84,2.38,2.54,12.71,1.47,1.6,0.74,0.79,0.93,,,1.24,,1.77
2017-03-30 00:00:00,1.12,0.96,1,1.11,1.33,1.9,0.93,0.84,1.91,2.41,2.5,12.71,1.45,1.61,0.74,0.79,0.93,,,1.25,,1.78
2017-03-31 00:00:00,1.13,0.97,1,1.11,1.32,1.9,0.94,0.84,1.95,2.4,2.52,12.71,1.48,1.6,0.7,0.8,0.93,,,1.26,,1.79
2017-04-03 00:00:00,1.08,0.97,1.01,1.11,1.34,1.9,0.95,0.85,1.97,2.4,2.55,12.71,1.48,1.62,0.7,0.8,0.93,,,1.26,,1.77
2017-04-04 00:00:00,1.13,0.98,1.03,1.11,1.38,1.9,0.97,0.88,1.93,2.43,2.55,12.71,1.5,1.62,0.7,0.81,0.93,,,1.25,,1.81
2017-04-05 00:00:00,1.13,0.99,1.04,1.11,1.39,1.92,0.99,0.89,1.99,2.43,2.56,12.71,1.51,1.65,0.7,0.81,0.92,,,1.25,,1.86
2017-04-06 00:00:00,1.21,1,1.05,1.11,1.4,1.93,1,0.89,1.96,2.46,2.56,12.71,1.52,1.66,0.7,0.83,0.92,,,1.27,,1.88
2017-04-07 00:00:00,1.16,1,1.06,1.11,1.41,1.93,1.01,0.9,2,2.49,2.54,39.23,1.54,1.66,0.7,0.84,0.94,,,1.27,,1.88
2017-04-11 00:00:00,1.17,1,1.07,1.11,1.43,1.92,1.03,0.89,2,2.49,2.56,39.67,1.54,1.66,0.7,0.82,0.96,,,1.28,,1.85
2017-04-12 00:00:00,1.21,1.01,1.08,1.12,1.44,1.93,1.04,0.91,2.01,2.57,2.56,39.89,1.57,1.67,0.78,0.85,0.96,,,1.27,,1.89
2017-04-17 00:00:00,1.22,1,1.07,1.12,1.44,1.93,1.03,0.93,2,2.54,2.55,40.11,1.57,1.67,0.78,0.83,0.96,,,1.26,,1.88
2017-04-18 00:00:00,1.17,1,1.07,1.12,1.45,1.93,1.04,0.95,2.01,2.55,2.57,39.67,1.58,1.67,0.78,0.84,0.96,,,1.29,,1.87
2017-04-19 00:00:00,1.21,1.02,1.09,1.12,1.47,1.95,1.05,0.96,1.97,2.56,2.6,39.89,1.57,1.69,0.78,0.86,0.96,,,1.3,,1.89
2017-04-20 00:00:00,1.23,1.04,1.09,1.12,1.46,1.96,1.06,0.94,2.07,2.58,2.61,39.89,1.59,1.71,0.79,0.85,0.97,,,1.33,,1.89
2017-04-21 00:00:00,1.23,1.04,1.11,1.12,1.45,1.96,1.07,0.94,2.07,2.59,2.62,40.11,1.59,1.72,0.79,0.86,0.97,,,1.33,,1.92
2017-04-24 00:00:00,1.22,1.03,1.1,1,1.44,1.96,1.06,0.93,2.07,2.59,2.59,39.89,1.57,1.71,0.79,0.84,0.96,,,1.33,,1.91
2017-04-25 00:00:00,1.22,1.03,1.09,1.06,1.42,1.95,1.06,0.91,2.08,2.66,2.54,39.89,1.56,1.71,0.79,0.82,0.96,,,1.34,,1.91
2017-04-26 00:00:00,1.22,1.03,1.1,1.01,1.45,1.95,1.06,0.93,2.09,2.66,2.57,39.89,1.56,1.72,0.79,0.82,0.96,,,1.34,,1.91
2017-04-27 00:00:00,1.23,1.04,1.09,0.99,1.44,1.96,1.07,0.93,2.03,2.72,2.62,40.11,1.57,1.72,0.79,0.82,0.98,,,1.34,,1.92
2017-04-28 00:00:00,1.24,1.04,1.08,0.98,1.45,1.96,1.08,0.94,2.03,2.75,2.6,40.11,1.58,1.74,0.79,0.83,0.98,,,1.34,,1.94
2017-05-02 00:00:00,1.25,1.04,1.08,0.98,1.47,1.96,1.08,0.95,2.04,2.75,2.6,40.34,1.59,1.74,0.79,0.83,0.98,,,1.35,,1.93
2017-05-03 00:00:00,1.22,1.04,1.07,1.05,1.45,1.96,1.07,0.94,2.05,2.72,2.61,40.11,1.58,1.71,0.79,0.82,0.97,,,1.33,,1.97
2017-05-04 00:00:00,1.21,1.04,1.08,1.18,1.47,1.96,1.07,3.29,2.05,2.74,2.6,40.34,1.55,1.72,0.79,0.9,0.98,,,1.33,,1.96
2017-05-05 00:00:00,1.2,1.05,1.09,1.18,1.47,1.97,1.08,3.36,2.09,2.73,2.6,40.56,1.58,1.74,0.79,0.9,0.98,,,1.34,,1.96
2017-05-08 00:00:00,1.2,1.07,1.09,1.19,1.48,1.97,1.1,3.31,2.1,2.73,2.63,40.56,1.59,1.74,0.79,0.91,0.99,,,1.35,,1.97
2017-05-09 00:00:00,1.2,1.07,1.09,1.18,1.47,1.96,1.1,3.3,2.1,2.73,2.64,40.78,1.59,1.74,0.79,0.91,0.98,,,1.35,,1.95
2017-05-12 00:00:00,1.2,1.08,1.09,1.19,1.49,1.96,1.1,3.29,2.15,2.74,2.63,41.88,1.58,1.74,0.79,0.91,0.98,,,1.31,,1.95
2017-05-15 00:00:00,1.15,1.08,1.09,1.19,1.48,1.96,1.11,3.15,2.15,2.73,2.66,41.66,1.58,1.74,0.75,0.9,0.98,,,1.29,,1.91
2017-05-16 00:00:00,1.17,1.08,1.1,1.2,1.48,1.96,1.15,3.23,2.17,2.72,2.59,42.55,1.58,1.74,0.82,0.89,0.97,,,1.34,,1.93
2017-05-17 00:00:00,1.15,1.07,1.11,1.21,1.5,1.97,1.17,3.22,2.18,2.73,2.65,42.1,1.58,1.74,0.82,0.89,0.97,,,1.32,,1.96
2017-05-18 00:00:00,1.17,1.07,1.1,1.12,1.48,1.96,1.16,3.2,2.15,2.66,2.59,41.88,1.58,1.73,0.82,0.89,0.97,,,1.31,,1.92
2017-05-19 00:00:00,1.17,1.07,1.11,1.13,1.48,1.97,1.2,3.15,2.15,2.67,2.59,42.1,1.55,1.74,0.82,0.9,0.97,,,1.31,,1.93
2017-05-22 00:00:00,1.2,1.08,1.11,1.13,1.48,1.97,1.2,3.13,2.15,2.67,2.6,42.1,1.56,1.74,0.82,0.9,0.97,,,1.31,,1.92
2017-05-23 00:00:00,1.15,1.08,1.11,1.13,1.48,1.97,1.18,3.09,2.16,2.64,2.55,41.66,1.51,1.72,0.82,0.91,0.96,,,1.29,,1.92
2017-05-24 00:00:00,1.16,1.09,1.12,1.13,1.48,1.97,1.17,3.13,2.15,2.64,2.57,42.32,1.52,1.71,0.82,0.91,0.96,,,1.3,,1.92
2017-05-25 00:00:00,1.17,1.09,1.12,1.15,1.48,1.97,1.18,3.17,2.14,2.64,2.56,41.44,1.52,1.73,0.82,0.9,0.96,,,1.29,,1.89
2017-05-26 00:00:00,1.18,1.07,1.12,1.1,1.47,1.97,1.18,3.14,2.14,2.63,2.58,42.77,1.51,1.73,0.83,0.94,0.97,,,1.28,,1.91
2017-05-29 00:00:00,1.14,1.06,1.11,1.1,1.47,1.96,1.18,3.12,2.11,2.62,2.59,42.77,1.51,1.73,0.83,0.93,0.97,,,1.28,,1.89
2017-05-30 00:00:00,1.15,1.06,1.11,1.1,1.47,1.96,1.17,3.05,2.18,2.6,2.58,42.77,1.5,1.72,0.83,0.93,0.95,,,1.26,,1.91
2017-05-31 00:00:00,1.17,1.06,1.12,1.04,1.47,1.96,1.17,3.07,2.18,2.61,2.51,43.43,1.48,1.72,0.83,0.93,0.94,,,1.29,,1.9
2017-06-01 00:00:00,1.13,1.06,1.12,1.04,1.46,1.96,1.17,3.07,2.14,2.63,2.5,43.21,1.48,1.73,0.83,0.94,0.95,,,1.28,,1.9
2017-06-02 00:00:00,1.16,1.07,1.13,1.68,1.46,1.95,1.17,3.05,2.12,2.62,2.52,43.21,1.47,1.71,0.83,0.94,0.94,,,1.26,,1.92
2017-06-05 00:00:00,1.16,1.03,1.13,1.82,1.46,1.95,1.15,3.14,2.13,2.61,2.51,43.21,1.39,1.69,0.88,0.94,0.95,,,1.27,,1.9
2017-06-06 00:00:00,1.14,1.03,1.13,1.75,1.45,1.85,1.15,3.15,2.11,2.6,2.51,43.43,1.37,1.69,0.88,0.94,0.94,,,1.26,,1.9
2017-06-07 00:00:00,1.14,1.03,1.14,1.73,1.46,1.85,1.17,3.11,2.1,2.57,2.5,44.76,1.38,1.7,0.88,0.94,0.94,,,1.26,,1.9
2017-06-09 00:00:00,1.14,1.04,1.13,1.73,1.46,1.84,1.17,3.11,2.23,2.78,2.5,44.76,1.38,1.7,0.88,0.94,0.93,,,1.25,,1.89
2017-06-12 00:00:00,1.15,1.04,1.12,1.67,1.46,1.84,1.17,3.08,2.23,2.79,2.49,44.76,1.37,1.71,0.88,0.94,0.94,,,1.25,,1.92
2017-06-13 00:00:00,1.14,1.03,1.12,1.66,1.46,1.84,1.16,3.09,2.21,2.78,2.48,44.98,1.38,1.7,0.88,0.92,0.94,,,1.25,,1.9
2017-06-14 00:00:00,1.14,1.04,1.14,1.67,1.47,1.83,1.16,3.05,2.21,2.78,2.54,46.08,1.4,1.7,0.88,0.94,0.94,,,1.24,,1.86
2017-06-15 00:00:00,1.15,1.05,1.16,1.6,1.46,1.83,1.17,3.07,2.2,2.77,2.53,46.75,1.4,1.72,0.88,0.93,0.94,,,1.25,,1.9
2017-06-16 00:00:00,1.16,1.14,1.16,1.65,1.48,1.84,1.18,3.22,2.22,2.78,2.55,45.86,1.51,1.88,1.13,0.93,0.93,,,1.24,,1.9
2017-06-19 00:00:00,1.15,1.13,1.15,1.64,1.47,1.84,1.17,3.22,2.17,2.78,2.54,46.08,1.51,1.88,1.13,0.92,0.94,,,1.25,,1.9
2017-06-20 00:00:00,1.15,1.14,1.15,1.66,1.45,1.84,1.17,3.19,2.17,2.79,2.52,46.52,1.52,1.89,1.13,0.93,0.94,,,1.26,,1.9
2017-06-21 00:00:00,1.15,1.15,1.16,1.81,1.46,1.84,1.1,0.92,2.18,2.8,2.46,47.19,1.53,1.89,1.13,0.92,0.94,,,1.27,,1.87
2017-06-22 00:00:00,1.09,1.14,1.12,1.91,1.44,1.82,1.09,0.93,2.17,3.68,2.5,46.97,1.49,1.89,1.13,0.92,0.95,,,1.27,,1.88
2017-06-23 00:00:00,1.11,1.13,1.13,1.81,1.44,1.82,1.08,0.93,2.17,3.67,2.47,46.97,1.52,1.9,1.13,0.93,0.95,,,1.25,,1.9
2017-06-27 00:00:00,1.1,1.13,1.13,1.76,1.44,1.82,1.08,0.94,2.12,3.67,2.46,47.19,1.52,1.93,1.15,0.93,0.94,,,1.25,,1.88
2017-06-28 00:00:00,1.09,1.13,1.13,1.76,1.44,1.82,1.09,0.93,2.12,3.64,2.48,47.41,1.52,1.93,1.14,0.92,0.96,,,1.25,,1.89
2017-06-29 00:00:00,1.09,1.13,1.13,1.64,1.45,1.82,1.09,0.94,2.17,3.65,2.47,46.97,1.52,1.92,1.14,0.92,0.95,,,1.24,,1.9
2017-06-30 00:00:00,1.11,1.13,1.14,1.63,1.46,1.82,1.1,0.92,2.17,3.69,2.47,46.97,1.52,1.93,1.14,0.92,0.96,,,1.27,,1.9
2017-07-03 00:00:00,1.11,1.13,1.14,1.66,1.45,1.82,1.11,0.92,2.17,3.68,2.48,46.97,1.52,1.93,1.14,0.92,0.96,,,1.24,,1.89
2017-07-04 00:00:00,1.09,1.13,1.13,1.38,1.45,1.81,1.1,0.92,2.2,3.7,2.47,46.97,1.52,1.93,1.13,0.92,0.95,,,1.25,,1.88
2017-07-05 00:00:00,1.09,1.14,1.13,1.29,1.46,1.81,1.1,0.92,2.22,3.67,2.46,46.97,1.53,1.93,1.13,0.92,0.94,,,1.23,,1.89
2017-07-06 00:00:00,1.11,1.18,1.14,1.29,1.47,1.81,1.1,0.92,2.23,3.65,2.47,46.75,1.53,1.93,1.13,0.92,0.94,,,1.25,,1.92
2017-07-07 00:00:00,1.09,1.18,1.15,1.35,1.48,1.81,1.1,0.95,2.22,3.66,2.45,46.75,1.52,1.94,1.13,0.92,0.95,,,1.25,,1.94
2017-07-10 00:00:00,1.13,1.17,1.16,1.35,1.5,1.81,1.12,0.94,2.22,3.66,2.47,46.52,1.52,1.94,1.13,0.92,0.95,,,1.27,,1.94
2017-07-11 00:00:00,1.09,1.17,1.15,1.36,1.49,1.81,1.11,0.95,2.22,3.67,2.44,46.52,1.52,1.88,1.13,0.91,0.94,,,1.27,,1.93
2017-07-12 00:00:00,1.15,1.17,1.15,1.36,1.49,1.81,1.11,0.94,2.2,3.69,2.48,46.3,1.51,1.88,1.13,0.91,0.94,,,1.27,,1.94
2017-07-13 00:00:00,1.15,1.17,1.15,1.36,1.48,1.8,1.11,0.94,2.2,3.68,2.46,46.52,1.51,1.88,1.13,0.91,0.95,,,1.26,,1.93
2017-07-14 00:00:00,1.15,1.17,1.15,1.35,1.49,1.81,1.12,0.94,2.2,3.71,2.52,46.52,1.51,1.88,1.13,0.91,0.96,,,1.25,,1.93
2017-07-17 00:00:00,1.15,1.17,1.15,1.35,1.49,1.8,1.11,0.96,2.2,3.69,2.58,46.52,1.51,1.87,1.13,0.91,0.95,,,1.25,,1.92
2017-07-18 00:00:00,1.15,1.17,1.15,1.34,1.48,1.8,1.11,0.97,2.21,3.68,2.57,46.52,1.47,1.87,1.13,0.92,0.94,,,1.26,,1.94
2017-07-19 00:00:00,1.15,1.16,1.14,1.3,1.48,1.8,1.1,0.98,2.22,3.66,2.55,46.08,1.47,1.84,1.13,0.92,0.93,,,1.24,,1.92
2017-07-20 00:00:00,1.12,1.16,1.14,1.28,1.47,1.8,1.1,1,2.22,3.66,2.54,46.3,1.47,1.83,1.13,0.91,0.93,,,1.23,,1.92
2017-07-21 00:00:00,1.08,1.15,1.12,1.25,1.48,1.78,1.09,1.01,2.22,3.69,2.28,46.75,1.48,1.8,1.05,0.91,0.93,,,1.24,,2
2017-07-24 00:00:00,1.07,1.16,1.11,1.23,1.47,1.78,1.09,1,2.2,3.69,2.26,46.75,1.48,1.78,1.05,0.91,0.93,,,1.25,,1.99
2017-07-25 00:00:00,1.05,1.16,1.12,1.26,1.48,1.78,1.08,1.01,2.21,3.68,2.27,47.6,1.48,1.79,1.05,0.9,0.92,,,1.25,,1.98
2017-07-26 00:00:00,1.03,1.16,1.12,1.24,1.48,1.78,1.09,1.02,2.2,3.68,2.28,47.6,1.47,1.79,1.05,0.9,0.92,,,1.25,,1.99
2017-07-27 00:00:00,1.03,1.14,1.12,1.25,1.49,1.77,1.09,1.02,2.2,2.76,2.28,3.07,1.56,1.79,1.05,0.8,0.94,,,1.22,,1.97
2017-07-28 00:00:00,1.06,1.13,1.12,1.25,1.48,1.77,1.09,1.01,2.21,2.76,2.28,3.1,1.56,1.77,1.05,0.81,0.94,,,1.22,,1.99
2017-07-31 00:00:00,1.04,1.13,1.12,1.25,1.49,1.77,1.08,1.01,2.21,2.74,2.3,3.08,1.55,1.76,1.05,0.8,0.94,,,1.2,,1.98
2017-08-01 00:00:00,1.02,1.13,1.11,1.25,1.48,1.77,1.08,1,2.2,2.72,2.27,3.08,1.55,1.72,1.05,0.8,0.93,,,1.2,,2.01
2017-08-02 00:00:00,1.02,1.13,1.11,1.25,1.47,1.77,1.07,1.01,2.18,2.7,2.26,3.07,1.56,1.73,1.05,0.79,0.93,,,1.19,,1.99
2017-08-03 00:00:00,1.02,1.13,1.1,1.25,1.47,1.76,1.08,1,2.17,2.71,2.25,3.05,1.51,1.72,1.05,0.79,0.92,,,1.19,,2.01
2017-08-04 00:00:00,1.05,1.13,1.1,1.25,1.46,1.75,1.08,1,2.17,2.72,2.26,3.05,1.52,1.7,1.05,0.78,0.92,,,1.19,,2
2017-08-08 00:00:00,1.02,1.13,1.08,1.26,1.45,1.75,1.07,0.99,2.2,2.71,2.23,3.01,1.51,1.67,1.05,0.78,0.92,,,1.18,,2
2017-08-09 00:00:00,1.03,1.13,1.08,1.25,1.45,1.75,1.06,0.98,2.19,2.7,2.2,2.98,1.5,1.63,1.05,0.77,0.91,,,1.2,,1.98
2017-08-10 00:00:00,1.02,1.13,1.08,1.26,1.45,1.75,1.07,0.98,2.2,2.7,2.22,2.97,1.51,1.65,1.05,0.78,0.91,,,1.2,,1.97
2017-08-11 00:00:00,1.03,1.13,1.07,1.26,1.44,1.75,1.06,0.97,2.2,2.7,2.2,3,1.49,1.65,1.05,0.78,0.91,,,1.2,,1.98
2017-08-14 00:00:00,1.02,1.13,1.07,1.28,1.44,1.74,1.06,0.98,2.18,2.7,2.2,2.98,1.49,1.65,1.05,0.78,0.91,,,1.18,,1.96
2017-08-15 00:00:00,0.99,1.12,1.06,1.25,1.44,1.73,1.06,0.98,2.17,2.67,2.22,3.03,1.49,1.63,1.05,0.77,0.91,,,1.17,,1.98
2017-08-16 00:00:00,0.99,1.13,1.05,1.25,1.43,1.73,1.05,0.96,2.16,2.66,2.21,3.01,1.48,1.62,1.05,0.77,0.9,,,1.18,,1.97
2017-08-17 00:00:00,0.99,1.12,1.05,1.25,1.43,1.73,1.05,0.96,2.1,2.65,2.21,3.01,1.47,1.63,1.05,0.77,0.9,,,1.18,,1.98
2017-08-18 00:00:00,0.99,1.13,1.05,1.25,1.44,1.73,1.08,0.96,2.11,2.65,2.21,3.03,1.48,1.65,1.05,0.77,0.92,,,1.18,,1.99
2017-08-21 00:00:00,0.99,1.13,1.05,1.24,1.44,1.73,1.07,0.96,2.11,2.65,2.21,3.03,1.48,1.64,1.05,0.77,0.91,,,1.17,,1.98
2017-08-22 00:00:00,0.99,1.12,1.04,1.25,1.43,1.73,1.07,0.96,2.14,2.64,2.17,3.03,1.47,1.62,1.05,0.77,0.9,,,1.16,,1.98
2017-08-23 00:00:00,0.97,1.12,1.04,1.25,1.42,1.73,1.07,0.95,2.13,2.64,2.16,3.03,1.48,1.6,1.05,0.77,0.9,,,1.16,,1.97
2017-08-24 00:00:00,0.99,1.12,1.04,1.25,1.42,1.73,1.07,0.95,2.15,2.63,2.2,3,1.48,1.61,1.05,0.77,0.91,,,1.17,,1.95
2017-08-25 00:00:00,1.01,1.13,1.05,1.26,1.43,1.73,1.07,0.95,2.18,2.64,2.2,3.01,1.48,1.63,1.05,0.77,0.9,,,1.17,,1.97
2017-08-28 00:00:00,1.04,1.13,1.05,1.25,1.44,1.73,1.07,0.95,2.15,2.64,2.2,3,1.47,1.63,1.05,0.77,0.91,,,1.16,,1.97
2017-08-29 00:00:00,1.04,1.13,1.04,1.25,1.43,1.73,1.08,0.95,2.17,2.63,2.2,3,1.47,1.61,1.05,0.77,0.9,,,1.17,,1.96
2017-08-30 00:00:00,1.03,1.12,1.04,1.26,1.44,1.72,1.07,0.93,2.2,2.63,2.2,3,1.48,1.61,1.05,0.77,0.9,,,1.16,,1.95
2017-08-31 00:00:00,1.03,1.13,1.04,1.27,1.42,1.72,1.07,0.95,2.2,2.63,2.18,2.98,1.48,1.6,1.05,0.77,0.91,,,1.17,,1.93
2017-09-04 00:00:00,1.03,1.13,1.04,1.29,1.41,1.72,1.07,0.94,2.2,2.63,2.17,2.98,1.47,1.61,1.05,0.77,0.91,,,1.16,,1.96
2017-09-06 00:00:00,0.96,1.12,1.03,1.3,1.41,1.71,1.07,0.93,2.2,2.62,2.15,2.97,1.47,1.6,1.05,0.76,0.9,,,1.16,,1.94
2017-09-07 00:00:00,0.97,1.12,1.03,1.3,1.42,1.71,1.09,0.91,2.2,2.63,2.18,2.97,1.47,1.6,1.05,0.76,0.9,,,1.14,,1.95
2017-09-08 00:00:00,0.98,1.12,1.03,1.23,1.42,1.72,1.09,0.91,2.19,2.64,2.26,2.97,1.47,1.59,1.05,0.77,0.9,,,1.15,,1.96
2017-09-11 00:00:00,1.03,1.12,1.02,1.22,1.41,1.73,1.07,0.9,2.17,2.62,2.26,2.91,1.47,1.59,1.05,0.76,0.89,,,1.16,,1.96
2017-09-12 00:00:00,1.01,1.12,1.02,1.21,1.41,1.73,1.05,0.9,2.1,2.43,2.24,2.92,1.47,1.58,1.05,0.76,0.95,,,1.17,,1.97
2017-09-13 00:00:00,1.01,1.12,1.02,1.21,1.42,1.73,1.06,0.89,2.09,2.43,2.25,2.91,1.47,1.59,1.05,0.77,0.94,,,1.16,,1.97
2017-09-14 00:00:00,1.01,1.12,1.02,1.21,1.42,1.73,1.05,0.89,2.09,2.46,2.28,2.92,1.46,1.58,1.05,0.76,0.9,,,1.16,,2
2017-09-15 00:00:00,1,1.12,1.03,1.21,1.59,1.73,1.04,0.9,2.09,2.46,2.26,2.91,1.47,1.59,1.05,0.76,0.89,,,1.16,,2.04
2017-09-18 00:00:00,0.99,1.12,1.03,1.25,1.41,1.73,1.04,0.9,2.09,2.46,2.29,2.91,1.46,1.59,1.05,0.77,0.9,,,1.19,,2.01
2017-09-19 00:00:00,0.98,1.12,1.03,1.26,1.42,1.74,1.05,0.9,2.06,2.47,2.32,2.89,1.46,1.59,1.05,0.78,0.9,,,1.19,,2.03
2017-09-20 00:00:00,0.98,1.13,1.03,1.24,1.41,1.74,1.05,0.91,2.12,2.47,2.34,2.91,1.46,1.58,1.05,0.78,0.9,,,1.2,,2.03
2017-09-21 00:00:00,0.98,1.13,1.03,1.23,1.41,1.74,1.05,0.91,2.11,2.48,2.36,2.91,1.47,1.58,1.05,0.77,0.9,,,1.2,,2.03
2017-09-22 00:00:00,0.97,1.12,1.03,1.23,1.41,1.75,1.05,0.92,2.07,2.47,2.36,2.88,1.46,1.59,1.05,0.77,0.9,,,1.19,,2.03
2017-09-25 00:00:00,0.97,1.12,1.02,1.23,1.41,1.74,1.05,0.91,2.07,2.46,2.33,2.88,1.46,1.57,1.05,0.77,0.89,,,1.2,,2
2017-09-26 00:00:00,0.97,1.13,1.02,1.2,1.42,1.74,1.05,0.92,2.07,2.47,2.34,2.91,1.45,1.57,1.05,0.77,0.89,,,1.2,,2.01
2017-09-27 00:00:00,0.99,1.12,1.03,1.2,1.41,1.74,1.05,0.91,2.09,2.45,2.33,2.91,1.45,1.57,1.25,0.77,0.9,,,1.21,,2.01
2017-09-28 00:00:00,0.99,1.13,1.02,1.2,1.4,1.74,1.06,0.9,2.09,2.47,2.36,2.89,1.47,1.57,1.25,0.77,0.9,,,1.21,,2.01
2017-09-29 00:00:00,0.99,1.13,1.03,1.19,1.41,1.74,1.05,0.91,2.1,2.47,2.35,2.91,1.47,1.58,1.25,0.76,0.9,,,1.21,,2.02
2017-10-02 00:00:00,0.97,1.14,1.03,1.26,1.38,1.74,1.06,0.93,2.16,2.49,2.36,2.86,1.47,1.59,1.25,0.76,0.9,,,1.2,,2
2017-10-03 00:00:00,0.97,1.16,1.03,1.28,1.4,1.74,1.06,0.93,2.21,2.49,2.24,2.86,1.47,1.59,1.25,0.77,0.89,,,1.2,,1.99
2017-10-04 00:00:00,0.97,1.18,1.03,1.28,1.4,1.75,1.08,0.92,2.23,2.46,2.29,2.86,1.47,1.58,1.25,0.77,0.9,,,1.21,,2
2017-10-06 00:00:00,0.96,1.18,1.04,1.29,1.43,1.75,1.08,0.9,2.22,2.47,2.34,2.86,1.47,1.58,1.25,0.77,0.9,,,1.21,,1.98
2017-10-09 00:00:00,0.97,1.18,1.04,1.27,1.42,1.75,1.07,0.9,2.19,2.46,2.31,2.86,1.47,1.58,1.25,0.76,0.91,,,1.22,,2
2017-10-10 00:00:00,0.95,1.2,1.04,1.24,1.42,1.74,1.07,0.9,2.2,2.47,2.31,2.81,1.47,1.57,1.25,0.76,0.9,,,1.21,,2.03
2017-10-11 00:00:00,0.97,1.23,1.03,1.29,1.42,1.74,1.09,0.93,2.21,2.47,2.31,2.81,1.47,1.58,1.25,0.77,0.9,,,1.21,,2.01
2017-10-12 00:00:00,0.96,1.25,1.04,1.31,1.42,1.75,1.1,0.93,2.19,2.5,2.34,2.82,1.47,1.59,1.25,0.77,0.9,,,1.25,,2.04
2017-10-13 00:00:00,0.97,1.24,1.04,1.27,1.41,1.75,1.1,0.91,2.2,2.51,2.34,2.82,1.48,1.59,1.25,0.77,0.9,,,1.25,,2.03
2017-10-16 00:00:00,0.97,1.21,1.04,1.28,1.41,1.75,1.09,0.91,2.2,2.5,2.32,2.88,1.47,1.57,1.25,0.76,0.9,,,1.31,,1.99
2017-10-17 00:00:00,0.97,1.21,1.04,1.27,1.42,1.75,1.09,0.91,2.15,2.5,2.26,2.88,1.47,1.55,1.25,0.77,0.9,,,1.26,,2.01
2017-10-19 00:00:00,0.97,1.2,1.04,1.27,1.42,1.75,1.08,0.9,2.17,2.49,2.21,2.88,1.47,1.56,1.25,0.76,0.9,,,1.26,,1.99
2017-10-20 00:00:00,0.96,1.2,1.04,1.27,1.4,1.75,1.07,0.89,2.17,2.52,2.25,2.82,1.5,1.57,1.25,0.76,0.9,,,1.27,,2
2017-10-23 00:00:00,0.96,1.21,1.04,1.27,1.4,1.75,1.07,0.88,2.17,2.52,2.27,2.82,1.48,1.57,1.25,0.76,0.91,,,1.28,,2.02
2017-10-24 00:00:00,0.97,1.21,1.03,1.29,1.4,1.75,1.08,0.9,2.17,2.54,2.34,2.85,1.48,1.55,1.25,0.76,0.91,,,1.29,,2.01
2017-10-25 00:00:00,0.97,1.23,1.03,1.28,1.41,1.75,1.08,0.89,2.17,2.55,2.27,2.81,1.5,1.56,1.25,0.77,0.91,,,1.29,,2.04
2017-10-26 00:00:00,0.89,1.21,1.04,1.02,1.42,1.76,1.06,0.91,2.15,2.49,2.26,2.26,1.5,1.6,1.25,0.66,0.9,,,1.3,,1.93
2017-10-27 00:00:00,0.9,1.16,1.04,1.02,1.41,1.76,1.06,0.93,2.15,2.48,2.25,2.24,1.48,1.57,1.2,0.66,0.91,,,1.3,,1.93
2017-10-30 00:00:00,0.9,1.17,1.03,1.02,1.41,1.76,1.05,0.93,2.16,2.58,2.21,2.24,1.47,1.56,1.21,0.65,0.91,,,1.32,,1.97
2017-10-31 00:00:00,0.89,1.18,1.03,0.81,1.4,1.75,1.05,0.92,2.16,2.6,2.24,2.24,1.43,1.57,1.21,0.65,0.91,,,1.32,,1.96
2017-11-01 00:00:00,0.88,1.18,1.03,1.01,1.38,1.75,1.06,0.92,2.16,2.59,2.22,2.28,1.44,1.57,1.21,0.65,0.91,,,1.33,,1.95
2017-11-02 00:00:00,0.86,1.17,1.03,1.01,1.37,1.75,1.07,0.92,2.16,2.59,2.27,2.3,1.43,1.57,1.21,0.65,0.91,,,1.31,,1.96
2017-11-06 00:00:00,0.87,1.17,1.03,1.01,1.36,1.75,1.06,0.91,2.17,2.59,2.3,2.3,1.43,1.56,1.21,0.65,0.9,,,1.3,,1.94
2017-11-07 00:00:00,0.86,1.16,1.03,0.99,1.35,1.74,1.07,0.9,2.16,2.6,2.31,2.3,1.43,1.56,1.21,0.65,0.9,,,1.29,,1.93
2017-11-08 00:00:00,0.86,1.13,1.02,0.98,1.36,1.74,1.06,0.91,2.23,2.59,2.3,2.3,1.4,1.54,1.21,0.65,0.89,,,1.33,,1.84
2017-11-09 00:00:00,0.86,1.13,1.02,0.98,1.36,1.74,1.05,0.91,2.22,2.55,2.3,2.32,1.41,1.53,1.21,0.66,0.89,,,1.33,,1.85
2017-11-10 00:00:00,0.85,1.12,1.01,0.97,1.36,1.74,1.05,0.9,2.22,2.56,2.24,2.32,1.42,1.52,1.18,0.65,0.89,,,1.3,,1.82
2017-11-13 00:00:00,0.86,1.11,1.01,0.97,1.34,1.74,1.04,0.89,2.22,2.56,2.24,2.32,1.41,1.52,1.18,0.65,0.88,,,1.26,,1.78
2017-11-14 00:00:00,0.85,1.1,0.99,1,1.32,1.74,1.01,0.9,2.23,2.55,2.24,2.24,1.4,1.49,1.18,0.65,0.88,,,1.26,,1.81
2017-11-15 00:00:00,0.87,1.09,0.98,1,1.32,1.73,1.01,0.88,2.2,2.54,2.24,2.24,1.4,1.5,1.18,0.65,0.87,,,1.27,,1.84
2017-11-16 00:00:00,0.86,1.09,0.98,1,1.31,1.73,1,0.88,2.15,2.58,2.24,2.25,1.41,1.5,1.18,0.65,0.88,,,1.26,,1.85
2017-11-17 00:00:00,0.85,1.11,0.99,1,1.35,1.73,1.01,0.9,2.18,2.58,2.23,2.3,1.41,1.5,1.18,0.64,0.88,,,1.26,,1.83
2017-11-20 00:00:00,0.84,1.11,0.98,0.98,1.34,1.72,1,0.89,2.2,2.58,2.24,2.3,1.42,1.5,1.18,0.64,0.88,,,1.27,,1.84
2017-11-21 00:00:00,0.84,1.11,0.98,0.98,1.34,1.72,1,0.9,2.2,2.56,2.23,2.3,1.41,1.5,1.18,0.64,0.87,,,1.29,,1.85
2017-11-22 00:00:00,0.84,1.1,0.98,0.98,1.34,1.77,1,0.88,2.22,2.57,2.22,2.3,1.41,1.48,1.18,0.64,0.87,,,1.31,,1.84
2017-11-23 00:00:00,0.84,1.1,0.98,1.07,1.37,1.76,1,0.89,2.22,2.56,2.22,2.3,1.4,1.49,1.18,0.64,0.87,,,1.31,,1.85
2017-11-24 00:00:00,0.84,1.09,0.98,1.06,1.34,1.76,0.99,0.87,2.23,2.54,2.2,2.25,1.4,1.48,1.18,0.64,0.86,,,1.28,,1.83
2017-11-27 00:00:00,0.82,1.07,0.97,1.07,1.33,1.75,0.98,0.87,2.22,2.55,2.18,2.24,1.38,1.49,1.18,0.63,0.86,,,1.29,,1.75
2017-11-28 00:00:00,0.81,1.07,0.98,1.06,1.34,1.75,0.98,0.87,2.24,2.54,2.19,2.24,1.36,1.48,1.18,0.63,0.88,,,1.29,,1.73
2017-11-29 00:00:00,0.81,1.06,0.98,1.07,1.33,1.76,0.98,0.87,2.24,2.54,2.2,2.24,1.37,1.48,1.17,0.63,0.87,,,1.28,,1.73
2017-11-30 00:00:00,0.83,1.06,0.98,1.07,1.32,1.76,0.99,0.88,2.24,2.55,2.18,2.24,1.37,1.47,1.17,0.64,0.87,,,1.28,,1.74
2017-12-04 00:00:00,0.83,1.06,0.98,1.07,1.31,1.76,0.99,0.86,2.23,2.55,2.2,2.24,1.36,1.48,1.17,0.63,0.87,,,1.27,,1.74
2017-12-05 00:00:00,0.81,1.06,0.98,1.07,1.31,1.76,0.98,0.85,2.23,2.55,2.19,2.24,1.36,1.45,1.17,0.62,0.86,,,1.27,,1.74
2017-12-06 00:00:00,0.79,1.06,0.98,1.06,1.3,1.76,0.97,0.85,2.17,2.54,2.11,2.14,1.39,1.42,1.17,0.63,0.86,,,1.26,,1.73
2017-12-07 00:00:00,0.82,1.06,0.98,1.06,1.3,1.75,0.98,0.86,2.17,2.53,2.16,2.14,1.39,1.4,1.17,0.63,0.86,,,1.26,,1.72
2017-12-08 00:00:00,0.82,1.06,0.98,1.06,1.31,1.74,0.98,0.84,2.17,2.53,2.16,2.14,1.39,1.42,1.17,0.63,0.85,,,1.26,,1.73
2017-12-11 00:00:00,0.82,1.05,0.97,1.06,1.31,1.74,0.97,0.84,2.16,2.54,2.1,2.14,1.38,1.41,1.17,0.62,0.84,,,1.26,,1.71
2017-12-12 00:00:00,0.78,1.06,0.97,1.04,1.32,1.74,0.97,0.84,2.09,2.42,2.1,2.11,1.36,1.4,1.17,0.62,0.84,,,1.21,,1.7
2017-12-13 00:00:00,0.79,1.05,0.96,1.04,1.32,1.75,0.97,0.83,2.09,2.44,2.09,2.11,1.33,1.41,1.17,0.62,0.84,,,1.22,,1.72
2017-12-14 00:00:00,0.79,1.05,0.95,1.04,1.31,1.74,0.97,0.83,2.1,2.45,2.1,2.11,1.33,1.41,1.17,0.62,0.83,,,1.22,,1.75
2017-12-15 00:00:00,0.8,1.05,0.95,1.04,1.31,1.74,0.97,0.83,2.1,2.45,2.12,2.11,1.33,1.41,1.17,0.62,0.83,,,1.22,,1.72
2017-12-18 00:00:00,0.79,1.05,0.95,1.04,1.3,1.74,0.96,0.83,2.1,2.45,2.13,2.11,1.32,1.41,1.17,0.62,0.83,,,1.21,,1.71
2017-12-19 00:00:00,0.79,1.04,0.95,1.03,1.3,1.73,0.96,0.82,2.07,2.45,2.1,2.11,1.35,1.41,1.17,0.62,0.84,,,1.21,,1.71
2017-12-20 00:00:00,0.78,1.04,0.95,1.03,1.29,1.73,0.96,0.82,2.07,2.45,2.1,2.11,1.37,1.4,1.17,0.62,0.82,,,1.21,,1.72
2017-12-21 00:00:00,0.77,1.04,0.95,1.03,1.29,1.73,0.96,0.82,2.09,2.45,2.1,2.11,1.39,1.4,1.17,0.63,0.82,,,1.2,,1.71
2017-12-22 00:00:00,0.76,1.04,0.94,1.03,1.29,1.74,0.96,0.81,2.09,2.45,2.09,2.11,1.42,1.4,1.17,0.63,0.82,,,1.21,,1.71
2017-12-26 00:00:00,0.76,1.04,0.95,1.03,1.3,1.74,0.96,0.82,2.09,2.45,2.07,2.11,1.43,1.42,1.17,0.63,0.86,,,1.22,,1.72
2017-12-27 00:00:00,0.82,1.04,0.94,1.03,1.33,1.74,0.96,0.84,2.09,2.45,2.1,2.11,1.42,1.42,1.17,0.64,0.86,,,1.21,,1.7
2017-12-28 00:00:00,0.81,1.04,0.94,1.03,1.33,1.75,0.97,0.85,2.09,2.45,2.06,2.11,1.43,1.44,1.17,0.64,0.86,,,1.23,,1.72
2017-12-29 00:00:00,0.81,1.04,0.95,1.03,1.29,1.75,0.96,0.88,2.09,2.46,2.1,2.11,1.43,1.44,1.17,0.65,0.87,,,1.22,,1.7
2018-01-02 00:00:00,0.81,1.03,0.95,1.04,1.31,1.75,0.96,0.93,2.09,2.49,2.1,2.11,1.42,1.45,1.17,0.64,0.87,,,1.24,,1.69
2018-01-03 00:00:00,0.86,1.04,0.96,1.04,1.32,1.75,0.99,0.98,2.08,2.5,2.09,2.11,1.43,1.45,1.17,0.64,0.85,,,1.25,,1.71
2018-01-04 00:00:00,0.87,0.99,0.97,1.04,1.32,1.75,0.98,0.99,2.09,2.5,2.11,2.1,1.43,1.45,1.17,0.63,0.85,,,1.24,,1.71
2018-01-05 00:00:00,0.86,1,0.98,1.04,1.32,1.81,0.99,1.01,2.09,2.51,2.13,2.1,1.42,1.45,1.17,0.65,0.85,,,1.27,,1.71
2018-01-08 00:00:00,0.86,1,0.99,1.04,1.33,1.8,0.99,1,2.08,2.52,2.13,2.1,1.43,1.47,1.17,0.65,0.86,,,1.27,,1.7
2018-01-09 00:00:00,0.82,1.01,0.99,1.04,1.32,1.8,1,0.96,2.07,2.53,2.11,2.09,1.43,1.45,1.17,0.64,0.86,,,1.25,,2.49
2018-01-10 00:00:00,0.82,1,0.99,1.04,1.33,1.8,0.99,0.96,2.07,2.5,2.12,2.06,1.42,1.45,1.17,0.64,0.85,,,1.25,,2.49
2018-01-11 00:00:00,0.82,1.01,0.98,1.04,1.32,1.8,0.99,0.98,2.07,2.5,2.1,2.06,1.42,1.44,1.17,0.64,0.85,,,1.24,,2.49
2018-01-12 00:00:00,0.83,1,0.97,1.04,1.33,1.79,0.99,0.99,2.07,2.5,2.1,2.07,1.43,1.44,1.17,0.64,0.85,,,1.25,,2.47
2018-01-16 00:00:00,0.81,0.99,0.97,1.04,1.32,1.78,0.99,0.97,2.07,2.49,2.1,2.07,1.43,1.43,1.17,0.63,0.85,,,1.24,,2.46
2018-01-17 00:00:00,0.79,0.99,0.97,1.04,1.33,1.78,0.99,0.97,2.07,2.5,2.08,2.07,1.43,1.43,1.17,0.62,0.84,,,1.23,,2.44
2018-01-18 00:00:00,0.83,0.98,0.96,0.94,1.33,1.78,0.98,0.96,2.07,2.49,2.08,2.07,1.43,1.42,1.17,0.62,0.84,,,1.22,,2.43
2018-01-19 00:00:00,0.83,0.99,0.98,0.93,1.33,1.79,0.99,0.96,2.07,2.49,2.1,2.07,1.43,1.43,1.17,0.62,0.84,,,1.22,,2.43
2018-01-22 00:00:00,0.83,0.98,0.97,0.93,1.32,1.79,0.98,0.96,2.07,2.49,2.09,2.06,1.44,1.43,1.17,0.61,0.84,,,1.22,,2.47
2018-01-23 00:00:00,0.81,0.98,0.98,1.03,1.31,1.78,0.98,0.96,2.06,2.48,2.09,2.06,1.42,1.44,1.17,0.61,0.84,,,1.22,,2.43
2018-01-24 00:00:00,0.77,0.99,0.98,1.03,1.31,1.78,0.98,0.96,2.06,2.51,2.11,2.06,1.42,1.44,1.17,0.62,0.85,,,1.22,,2.43
2018-01-25 00:00:00,0.77,0.99,0.98,1.03,1.31,1.77,0.98,0.96,2.09,2.5,2.11,2.06,1.43,1.42,1.17,0.62,0.85,,,1.23,,2.46
2018-01-26 00:00:00,0.78,0.99,0.98,1.03,1.31,1.78,0.98,0.96,2.11,2.5,2.12,2.06,1.42,1.43,1.17,0.62,0.85,,,1.26,,2.45
2018-01-29 00:00:00,0.8,0.99,0.97,1.01,1.31,1.78,0.99,0.97,2.07,2.52,2.13,2.07,1.42,1.42,1.11,0.62,0.82,,,1.24,,2.49
2018-01-30 00:00:00,0.83,0.99,0.98,1.01,1.3,1.78,0.99,1.02,2.08,2.51,2.15,2.06,1.44,1.42,1.11,0.63,0.82,,,1.25,,2.48
2018-02-01 00:00:00,0.83,0.99,0.97,1.01,1.31,1.78,1,1.04,2.07,2.52,2.13,2.06,1.47,1.42,1.11,0.64,0.82,,,1.26,,2.48
2018-02-02 00:00:00,0.83,0.99,0.96,1,1.3,1.78,1,1.03,2.15,2.54,2.11,2.06,1.54,1.42,1.11,0.64,0.82,,,1.25,,2.49
2018-02-06 00:00:00,0.79,0.99,0.96,1,1.3,1.78,1,1.03,2.15,2.55,2.07,2.09,1.52,1.41,1.11,0.65,0.82,,,1.27,,2.48
2018-02-07 00:00:00,0.79,0.99,0.95,1,1.29,1.77,1,1.04,2.14,2.55,2.06,2.09,1.53,1.42,1.11,0.65,0.82,,,1.26,,2.5
2018-02-08 00:00:00,0.78,0.99,0.96,1.01,1.28,1.77,1.01,1.06,2.14,2.57,2.09,2.07,1.55,1.41,1.11,0.64,0.82,,,1.26,,2.46
2018-02-09 00:00:00,0.8,0.98,0.97,1.01,1.29,1.78,1.01,1.07,2.18,2.59,2.09,2.08,1.55,1.41,1.11,0.65,0.82,,,1.26,,2.49
2018-02-12 00:00:00,0.8,0.98,0.97,1.01,1.27,1.77,1,1.05,2.12,2.59,2.09,2.08,1.55,1.41,1.11,0.65,0.82,,,1.26,,2.46
2018-02-14 00:00:00,0.81,0.97,0.97,1.01,1.27,1.77,1,1.01,2.12,2.58,2.08,2.08,1.56,1.4,1.11,0.65,0.82,,,1.27,,2.46
2018-02-15 00:00:00,0.79,0.98,0.97,1.01,1.27,1.78,1.01,0.98,2.16,2.58,2.09,2.08,1.66,1.4,1.11,0.65,0.83,,,1.27,,2.44
2018-02-16 00:00:00,0.8,0.98,0.98,1.02,1.28,1.78,1.01,0.97,2.16,2.58,2.07,2.08,1.69,1.4,1.11,0.65,0.82,,,1.26,,2.5
2018-02-19 00:00:00,0.8,0.98,0.98,1.02,1.29,1.77,1,0.97,2.16,2.6,2.11,2.08,1.68,1.39,1.11,0.65,0.82,,,1.24,,2.52
2018-02-20 00:00:00,0.78,0.99,0.98,1.02,1.27,1.77,1,0.96,2.16,2.6,2.09,2.08,1.69,1.37,1.11,0.65,0.82,,,1.25,,2.51
2018-02-21 00:00:00,0.78,1,0.99,1.02,1.26,1.78,1,0.96,2.16,2.61,2.11,2.08,1.69,1.37,1.11,0.66,0.82,,,1.26,,2.51
2018-02-22 00:00:00,0.77,1,0.98,1.02,1.26,1.77,1.01,0.97,2.16,2.58,2.12,2.08,1.67,1.36,1.11,0.65,0.82,,,1.25,,2.51
2018-02-23 00:00:00,0.8,1,0.98,1.02,1.25,1.77,1,0.97,2.17,2.58,2.12,2.06,1.66,1.36,1.11,0.65,0.83,,,1.26,,2.5
2018-02-26 00:00:00,0.78,0.99,0.98,1.02,1.25,1.77,1,0.98,2.18,2.71,2.09,2.06,1.65,1.36,1.11,0.64,0.82,,,1.26,,2.49
2018-02-27 00:00:00,0.78,1,0.98,1.02,1.26,1.78,1.02,1.03,2.18,2.69,2.08,2.06,1.65,1.36,1.11,0.65,0.82,,,1.26,,2.48
2018-02-28 00:00:00,0.77,0.99,0.99,1.02,1.25,1.78,1.02,1.05,2.19,2.68,2.08,2,1.65,1.34,1.11,0.66,0.82,,,1.24,,2.47
2018-03-02 00:00:00,0.79,0.99,0.99,1.02,1.24,1.77,1.02,1.06,2.13,2.68,2.08,2.06,1.66,1.34,1.11,0.66,0.82,,,1.26,,2.5
2018-03-05 00:00:00,0.79,0.99,1,1.03,1.26,1.78,1.02,1.06,2.13,2.66,2.06,2.06,1.66,1.35,1.11,0.66,0.84,,,1.26,,2.5
2018-03-06 00:00:00,0.8,0.99,0.99,1.03,1.25,1.78,1.01,1.04,2.13,2.66,2.04,2.06,1.65,1.34,1.11,0.66,0.84,,,1.26,,2.49
2018-03-07 00:00:00,0.79,0.98,0.98,1.02,1.23,1.78,1.01,1.04,2.14,2.65,2.01,2.06,1.66,1.34,1.11,0.66,0.83,,,1.26,,2.47
2018-03-08 00:00:00,0.78,1.01,0.99,1.02,1.24,1.78,1.02,1.1,2.12,2.65,2.03,2.02,1.6,1.35,1.11,0.67,0.82,,,1.27,,2.46
2018-03-09 00:00:00,0.8,1.01,1,0.96,1.25,1.78,1.02,1.12,2.12,2.66,2.03,2.02,1.68,1.35,1.11,0.67,0.83,,,1.27,,2.52
2018-03-12 00:00:00,0.83,1,1,0.96,1.24,1.79,1.01,1.14,2.15,2.66,2.05,2.02,1.69,1.35,1.11,0.67,0.83,,,1.26,,2.56
2018-03-13 00:00:00,0.84,1,0.99,0.96,1.25,1.81,1.01,1.15,2.15,2.66,2.06,2.02,1.68,1.36,1.11,0.68,0.83,,,1.28,,2.52
2018-03-14 00:00:00,0.85,1,0.99,0.96,1.23,1.81,1.01,1.14,2.13,2.63,2.02,2.06,1.64,1.34,1.11,0.68,0.83,,,1.27,,2.53
2018-03-15 00:00:00,0.85,1,0.99,0.96,1.24,1.81,1.01,1.13,2.13,2.61,2.02,2.02,1.65,1.33,1.11,0.68,0.83,,,1.24,,2.47
2018-03-16 00:00:00,0.85,1.01,1,0.96,1.24,1.81,1.01,1.11,2.16,2.61,2.02,2,1.65,1.33,1.11,0.67,0.83,,,1.24,,2.47
2018-03-19 00:00:00,0.83,1,0.99,0.96,1.23,1.8,1.01,1.09,2.17,2.61,2.03,2,1.64,1.31,1.11,0.67,0.83,,,1.24,,2.46
2018-03-20 00:00:00,0.81,1,0.98,0.96,1.22,1.8,1,1.12,2.17,2.6,2.01,2.06,1.68,1.3,1.11,0.67,0.83,,,1.23,,2.47
2018-03-21 00:00:00,0.8,1,0.97,0.96,1.23,1.79,0.99,1.13,2.2,2.6,1.99,2,1.68,1.29,1.08,0.66,0.82,,,1.23,,2.48
2018-03-22 00:00:00,0.8,1,0.97,0.96,1.21,1.8,0.99,1.13,2.22,2.62,1.98,2,1.66,1.29,1.44,0.66,0.82,,,1.23,,2.43
2018-03-23 00:00:00,0.82,1,0.97,0.96,1.22,1.79,0.99,1.13,2.3,2.61,1.98,2.08,1.65,1.28,1.31,0.66,0.83,,,1.22,,2.44
2018-03-26 00:00:00,0.81,1,0.97,0.96,1.21,1.79,0.98,1.1,2.34,2.61,1.99,2.08,1.66,1.28,1.31,0.66,0.82,,,1.23,,2.46
2018-03-27 00:00:00,0.8,1,0.99,0.96,1.19,1.79,0.98,1.09,2.28,2.59,2.01,2.08,1.68,1.28,1.31,0.66,0.83,,,1.22,,2.41
2018-03-28 00:00:00,0.82,1,1,0.96,1.18,1.78,0.99,1.09,2.19,2.57,2.09,2.03,1.63,1.28,1.31,0.65,0.83,,,1.24,,2.43
2018-03-29 00:00:00,0.86,1.01,1.01,0.96,1.2,1.79,0.99,1.1,2.2,2.58,2.13,2.02,1.68,1.27,1.31,0.67,0.84,,,1.25,,2.42
2018-04-02 00:00:00,0.86,1.01,1,0.96,1.2,1.78,0.99,0.99,2.17,2.59,2.03,2.02,1.68,1.29,1.31,0.65,0.83,,,1.24,,2.42
2018-04-03 00:00:00,0.86,1,1,1,1.18,1.79,0.99,1,2.16,2.58,2.03,2.02,1.69,1.28,1.31,0.66,0.83,,,1.24,,2.44
2018-04-04 00:00:00,0.86,1.01,1,1,1.17,1.79,1,1,2.16,2.53,2.04,2,1.7,1.27,1.31,0.65,0.83,,,1.27,,2.39
2018-04-05 00:00:00,0.79,1.01,1,1,1.17,1.79,1.01,0.99,2.16,2.54,2.03,1.99,1.74,1.28,1.31,0.64,0.83,,,1.26,,2.37
2018-04-06 00:00:00,0.84,1.01,1,1,1.18,1.79,1.01,1,2.16,2.53,2,1.99,1.67,1.26,1.31,0.64,0.84,,,1.25,,2.36
2018-04-09 00:00:00,0.78,1.01,0.99,0.99,1.18,1.79,1.01,0.99,2.16,2.51,2.01,1.99,1.68,1.26,1.31,0.64,0.84,,,1.26,,2.35
2018-04-10 00:00:00,0.78,1.01,0.99,0.99,1.19,1.79,1.02,1.01,2.16,2.51,2,1.91,1.67,1.26,1.31,0.64,0.83,,,1.26,,2.35
2018-04-11 00:00:00,0.81,1.02,0.99,0.99,1.19,1.79,1.01,1.01,2.16,2.51,2,1.91,1.68,1.25,1.31,0.64,0.83,,,1.28,,2.35
2018-04-12 00:00:00,0.81,1,1.02,0.99,1.19,1.8,1.03,1.07,2.16,2.53,2.01,1.91,1.38,1.25,1.31,0.64,0.83,,,1.26,,2.35
2018-04-16 00:00:00,0.81,0.97,1.03,1.03,1.19,1.8,1.02,1.11,2.16,2.54,2,1.91,1.3,1.27,1.31,0.64,0.83,,,1.23,,2.33
2018-04-17 00:00:00,0.8,0.98,1.03,1.03,1.19,1.8,1.02,1.09,2.2,2.58,2.02,1.91,1.22,1.27,1.31,0.64,0.83,,,1.25,,2.34
2018-04-18 00:00:00,0.8,0.98,1.03,1.03,1.19,1.8,1.01,1.07,2.22,2.59,2,1.91,1.23,1.27,1.31,0.64,0.83,,,1.24,,2.35
2018-04-19 00:00:00,0.79,0.98,1.03,1.03,1.19,1.8,1,1.07,2.22,2.57,1.99,1.91,1.23,1.26,1.31,0.64,0.83,,,1.22,,2.36
2018-04-20 00:00:00,0.79,0.98,1.03,1.03,1.2,1.8,1.01,1.07,2.23,2.57,2,1.91,1.23,1.25,1.31,0.64,0.83,,,1.23,,2.37
2018-04-23 00:00:00,0.79,0.98,1.03,0.91,1.18,1.8,1.01,1.09,2.22,2.55,2.02,1.91,1.22,1.24,1.31,0.64,0.83,,,1.24,,2.37
2018-04-24 00:00:00,0.79,0.98,1,0.92,1.18,1.8,1.01,1.11,2.22,2.54,2,1.91,1.21,1.24,1.31,0.64,0.83,,,1.24,,2.32
2018-04-25 00:00:00,0.81,0.97,1.01,0.93,1.18,1.8,1.01,1.06,2.24,2.56,1.98,1.91,1.21,1.24,1.31,0.64,0.83,,,1.25,,2.34
2018-04-26 00:00:00,0.81,0.97,1.01,0.93,1.18,1.8,1,1.06,2.24,2.55,2.01,1.91,1.21,1.22,1.31,0.64,0.83,,,1.26,,2.36
2018-04-27 00:00:00,0.81,0.97,0.99,0.93,1.18,1.78,1,1.05,2.24,2.57,2,1.94,1.21,1.23,1.32,0.64,0.84,,,1.25,,2.34
2018-05-01 00:00:00,0.83,0.97,1.01,0.93,1.17,1.79,1,1.07,2.24,2.57,2,1.94,1.21,1.24,1.32,0.64,0.84,,,1.27,0.93,2.34
2018-05-02 00:00:00,0.8,0.97,1.01,0.93,1.15,1.79,1,1.06,2.26,2.57,2.02,1.94,1.2,1.21,1.32,0.63,0.84,,,1.26,0.93,2.33
2018-05-03 00:00:00,0.74,0.97,1.01,0.93,1.15,1.78,1,1.05,2.26,2.58,2.02,1.94,1.21,1.21,1.32,0.63,0.82,,,1.26,0.93,2.34
2018-05-04 00:00:00,0.75,0.97,1.01,0.93,1.14,1.78,0.99,1.05,2.26,2.57,1.98,1.94,1.2,1.21,1.32,0.63,0.82,,,1.26,0.91,2.35
2018-05-08 00:00:00,0.75,0.97,1.01,0.93,1.12,1.77,1,1.05,2.24,2.55,1.99,1.91,1.21,1.21,1.32,0.62,0.81,,,1.25,0.89,2.34
2018-05-09 00:00:00,0.75,0.97,1,0.93,1.13,1.77,1.01,1.04,2.24,2.54,2.03,1.89,1.21,1.21,1.32,0.62,0.81,,,1.25,0.91,2.36
2018-05-10 00:00:00,0.76,0.97,1,0.94,1.14,1.77,1.02,1.1,2.24,2.53,2.01,1.91,1.21,1.2,1.32,0.63,0.82,,,1.25,0.91,2.36
2018-05-11 00:00:00,0.75,0.97,1,0.94,1.14,1.77,1,1.11,2.24,2.54,2.03,1.9,1.21,1.21,1.32,0.64,0.82,,,1.24,0.91,2.38
2018-05-14 00:00:00,0.75,0.97,0.99,0.94,1.14,1.77,1,1.06,2.22,2.53,1.99,1.9,1.21,1.21,1.32,0.64,0.82,,,1.22,0.91,2.39
2018-05-15 00:00:00,0.75,0.97,1,0.94,1.14,1.77,1,1.05,2.22,2.54,2.02,1.89,1.23,1.2,1.32,0.63,0.82,,,1.22,0.89,2.35
2018-05-16 00:00:00,0.75,0.97,0.99,0.94,1.15,1.76,1.01,1.04,2.23,2.56,2.02,1.89,1.25,1.19,1.32,0.64,0.83,,,1.22,0.89,2.37
2018-05-17 00:00:00,0.75,0.97,0.99,0.94,1.15,1.76,1.01,1.03,2.23,2.56,1.99,1.89,1.24,1.19,1.32,0.64,0.83,,,1.22,0.89,2.38
2018-05-18 00:00:00,0.75,0.97,1,0.97,1.14,1.76,1.01,1.05,2.24,2.57,2.02,1.89,1.27,1.2,1.33,0.64,0.81,,,1.21,0.89,2.4
2018-05-21 00:00:00,0.75,0.97,1,0.96,1.13,1.76,0.99,1.06,2.24,2.55,2.01,1.89,1.28,1.18,1.33,0.64,0.82,,,1.21,0.89,2.36
2018-05-22 00:00:00,0.73,0.97,0.99,0.96,1.12,1.76,0.99,1.05,2.28,2.55,2,1.89,1.32,1.17,1.33,0.64,0.82,,,1.24,0.87,2.34
2018-05-23 00:00:00,0.71,0.97,0.99,0.88,1.11,1.77,0.99,1.03,2.28,2.55,2,1.89,1.3,1.17,1.33,0.63,0.82,,,1.24,0.87,2.35
2018-05-24 00:00:00,0.71,0.97,0.99,0.97,1.11,1.77,0.98,1.04,2.27,2.56,2,1.88,1.3,1.16,1.33,0.63,0.82,,,1.25,0.85,2.36
2018-05-25 00:00:00,0.71,0.97,0.99,0.97,1.12,1.76,0.98,1.06,2.25,2.56,1.97,1.88,1.31,1.16,1.33,0.63,0.82,,,1.25,0.89,2.34
2018-05-28 00:00:00,0.71,0.97,0.98,0.98,1.13,1.75,0.98,1.05,2.25,2.56,2.01,1.87,1.3,1.16,1.33,0.63,0.82,,,1.23,0.87,2.33
2018-05-30 00:00:00,0.71,0.97,0.97,0.98,1.12,1.75,0.97,1.04,2.24,2.56,2.02,1.87,1.29,1.14,1.33,0.63,0.82,,,1.23,0.87,2.32
2018-05-31 00:00:00,0.7,0.96,0.95,0.98,1.08,1.75,0.98,1.03,2.24,2.56,2.02,1.84,1.27,1.13,1.33,0.63,0.82,,,1.23,0.85,2.3
2018-06-01 00:00:00,0.68,0.96,0.97,0.98,1.09,1.75,0.98,1.03,2.24,2.55,2,1.84,1.29,1.11,1.33,0.63,0.83,,,1.23,0.87,2.31
2018-06-04 00:00:00,0.7,0.97,0.96,0.98,1.09,1.74,0.97,1.02,2.24,2.56,2,1.84,1.26,1.11,1.33,0.64,0.82,,,1.21,0.87,2.3
2018-06-05 00:00:00,0.69,0.97,0.97,0.89,1.08,1.75,0.97,1.02,2.24,2.57,2.01,1.84,1.27,1.09,1.33,0.62,0.82,,,1.23,0.85,2.27
2018-06-06 00:00:00,0.68,0.97,0.96,0.89,1.09,1.75,0.96,1.04,2.24,2.57,2.03,1.84,1.27,1.08,1.33,0.62,0.82,,,1.23,0.85,2.28
2018-06-07 00:00:00,0.7,0.97,0.96,0.89,1.08,1.74,0.95,1.03,2.24,2.56,2.01,1.83,1.27,1.04,1.33,0.62,0.82,,,1.21,0.85,2.26
2018-06-08 00:00:00,0.69,0.96,0.95,0.89,1.07,1.74,0.96,1.03,2.25,2.57,2.01,1.84,1.27,1.03,1.33,0.62,0.82,,,1.21,0.85,2.26
2018-06-11 00:00:00,0.68,0.96,0.95,0.89,1.06,1.74,0.96,1.04,2.25,2.56,2,1.83,1.27,1.04,1.33,0.62,0.81,,,1.22,0.85,2.28
2018-06-12 00:00:00,0.68,0.96,0.95,0.89,1.07,1.74,0.95,1.04,2.25,2.58,1.97,1.83,1.27,1.04,1.33,0.61,0.82,,,1.2,0.83,2.25
2018-06-13 00:00:00,0.7,0.96,0.95,0.89,1.06,1.74,0.94,1.02,2.25,2.58,1.96,1.83,1.27,1.03,1.33,0.61,0.82,,,1.2,0.85,2.26
2018-06-14 00:00:00,0.7,0.96,0.94,0.89,1.06,1.74,0.94,1,2.25,2.58,1.99,1.83,1.27,1.03,1.33,0.61,0.82,,,1.19,0.85,2.24
2018-06-18 00:00:00,0.68,0.95,0.94,1.02,1.05,1.74,0.93,1,2.25,2.58,1.97,1.83,1.26,1.01,1.33,0.6,0.82,,,1.2,0.83,2.23
2018-06-19 00:00:00,0.68,0.94,0.92,1.02,1.05,1.74,0.93,0.98,2.26,2.56,1.97,1.82,1.26,1.01,1.33,0.61,0.8,,,1.21,0.85,2.18
2018-06-20 00:00:00,0.68,0.93,0.92,1.02,1.06,1.73,0.92,0.95,2.25,2.54,2,1.81,1.25,1.01,1.33,0.61,0.81,,,1.21,0.82,2.22
2018-06-21 00:00:00,0.67,0.93,0.92,1.02,1.06,1.73,0.92,0.97,2.25,2.56,1.98,1.81,1.25,1.01,1.33,0.61,0.79,,,1.22,0.82,2.2
2018-06-22 00:00:00,0.68,0.93,0.92,1.02,1.06,1.73,0.91,0.98,2.23,2.55,1.99,1.82,1.25,1,1.33,0.61,0.8,,,1.22,0.77,2.2
2018-06-25 00:00:00,0.68,0.92,0.92,1.02,1.07,1.73,0.92,0.96,2.23,2.55,1.96,1.91,1.25,1,1.33,0.61,0.79,,,1.22,0.79,2.21
2018-06-26 00:00:00,0.68,0.92,0.91,1.02,1.06,1.73,0.91,0.94,2.25,2.54,1.98,1.81,1.24,0.99,1.33,0.6,0.79,,,1.2,0.76,2.2
2018-06-28 00:00:00,0.68,0.91,0.91,1.03,1.06,1.73,0.9,0.94,2.19,2.54,1.98,1.81,1.24,0.99,1.33,0.6,0.79,,,1.2,0.78,2.2
2018-06-29 00:00:00,0.68,0.92,0.91,0.85,1.06,1.73,0.91,0.95,2.22,2.55,1.99,1.86,1.25,0.99,1.33,0.6,0.78,,,1.21,0.76,2.2
2018-07-02 00:00:00,0.68,0.91,0.9,0.86,1.06,1.72,0.89,0.93,2.22,2.53,1.94,1.86,1.23,0.99,1.33,0.6,0.77,,,1.19,0.76,2.16
2018-07-03 00:00:00,0.67,0.9,0.88,0.88,1.06,1.72,0.88,0.9,2.22,2.52,1.94,1.86,1.23,0.98,1.33,0.6,0.77,,,1.18,0.74,2.15
2018-07-04 00:00:00,0.67,0.89,0.87,0.88,1.05,1.72,0.87,0.9,2.23,2.52,1.91,1.86,1.23,0.98,1.33,0.59,0.76,,,1.17,0.76,2.15
2018-07-05 00:00:00,0.68,0.89,0.88,0.88,1.07,1.72,0.89,0.92,2.23,2.56,1.95,1.89,1.23,1,1.33,0.6,0.77,,,1.2,0.76,2.17
2018-07-06 00:00:00,0.68,0.9,0.89,0.88,1.07,1.72,0.89,0.93,2.23,2.51,1.96,1.94,1.23,1,1.33,0.59,0.76,,,1.19,0.76,2.15
2018-07-09 00:00:00,0.68,0.9,0.89,0.89,1.07,1.72,0.87,0.94,2.23,2.49,1.94,1.86,1.21,1,1.33,0.59,0.76,,,1.2,0.76,2.15
2018-07-10 00:00:00,0.71,0.9,0.88,0.89,1.06,1.67,0.84,0.94,2.23,2.5,1.93,1.86,1.2,1,1.33,0.59,0.76,,,1.19,0.74,2.15
2018-07-11 00:00:00,0.7,0.9,0.88,0.89,1.04,1.67,0.86,0.95,2.23,2.49,1.94,1.86,1.26,1,1.33,0.59,0.77,,,1.2,0.76,2.16
2018-07-12 00:00:00,0.69,0.91,0.88,0.89,1.07,1.67,0.86,0.94,2.23,2.47,1.97,1.86,1.18,1,1.33,0.59,0.77,,,1.15,0.76,2.17
2018-07-13 00:00:00,0.71,0.91,0.89,0.89,1.07,1.66,0.87,0.97,2.25,2.5,1.95,1.86,1.09,1.01,1.33,0.59,0.76,,,1.15,0.76,2.17
2018-07-16 00:00:00,0.71,0.91,0.89,0.89,1.07,1.65,0.86,0.96,2.21,2.5,1.95,1.86,1.09,1.01,1.33,0.59,0.77,,,1.14,0.76,2.24
2018-07-17 00:00:00,0.7,0.91,0.91,0.87,1.06,1.66,0.88,0.96,2.25,2.5,1.99,1.86,1.1,1.02,1.33,0.59,0.78,,,1.17,0.78,2.23
2018-07-18 00:00:00,0.71,0.91,0.91,0.87,1.08,1.66,0.88,0.96,2.23,2.5,2,1.9,1.1,1.01,1.33,0.59,0.78,,,1.16,0.79,2.25
2018-07-19 00:00:00,0.7,0.92,0.92,0.85,1.09,1.65,0.87,0.96,2.23,2.51,2,1.9,1.09,1.01,1.33,0.59,0.77,,,1.17,0.78,2.2
2018-07-20 00:00:00,0.7,0.92,0.92,0.87,1.1,1.65,0.88,0.96,2.22,2.52,1.97,1.96,1.1,1.02,1.33,0.59,0.77,,,1.17,0.79,2.19
2018-07-23 00:00:00,0.68,0.92,0.91,0.87,1.09,1.66,0.87,0.95,2.25,2.5,1.98,1.96,1.12,1.02,1.33,0.6,0.78,,,1.17,0.79,2.22
2018-07-24 00:00:00,0.68,0.92,0.91,0.87,1.08,1.65,0.87,0.95,2.25,2.51,1.98,1.91,1.13,1.03,1.33,0.6,0.78,,,1.16,0.79,2.22
2018-07-25 00:00:00,0.68,0.92,0.9,0.87,1.07,1.65,0.87,0.92,2.25,2.51,1.98,1.92,1.14,1.04,1.33,0.6,0.76,,,1.16,0.79,2.22
2018-07-26 00:00:00,0.68,0.91,0.86,0.87,1.06,1.66,0.86,0.93,2.23,2.5,1.97,1.9,1.14,1.04,1.33,0.61,0.7,,,1.16,0.79,2.27
2018-07-30 00:00:00,0.68,0.91,0.86,0.87,1.05,1.65,0.85,0.92,2.23,2.46,1.99,1.87,1.14,1.02,1.31,0.61,0.71,,,1.16,0.78,2.21
2018-07-31 00:00:00,0.65,0.9,0.86,0.87,1.06,1.65,0.86,0.92,2.24,2.5,1.97,1.86,1.16,1.03,1.31,0.6,0.71,,,1.16,0.76,2.32
2018-08-01 00:00:00,0.65,0.9,0.84,0.87,1.06,1.63,0.83,1.18,2.26,2.49,1.95,1.86,1.16,1.03,1.31,0.61,0.72,,,1.16,0.73,2.4
2018-08-02 00:00:00,0.65,0.9,0.84,0.9,1.04,1.64,0.82,1.19,2.27,2.5,2.01,1.91,1.16,1.04,1.31,0.61,0.74,,,1.17,0.73,2.42
2018-08-03 00:00:00,0.65,0.89,0.83,0.9,1.05,1.64,0.82,1.18,2.25,2.51,2.01,1.91,1.1,1.04,1.31,0.6,0.74,,,1.17,0.73,2.42
2018-08-06 00:00:00,0.66,0.88,0.83,0.9,1.05,1.63,0.83,1.16,2.25,2.53,1.99,1.85,1.1,1.04,1.31,0.61,0.74,,,1.15,0.73,2.38
2018-08-07 00:00:00,0.66,0.88,0.83,0.9,1.05,1.64,0.82,1.18,2.27,2.51,1.99,1.85,1.1,1.04,1.31,0.61,0.74,,,1.15,0.75,2.35
2018-08-08 00:00:00,0.65,0.87,0.84,0.9,1.04,1.62,0.81,1.17,2.27,2.51,1.97,1.85,1.16,1.04,1.31,0.6,0.72,,,1.14,0.77,2.35
2018-08-09 00:00:00,0.65,0.88,0.85,0.9,1.06,1.63,0.82,1.15,2.23,2.53,1.96,1.85,1.16,1.04,1.31,0.61,0.71,,,1.16,0.75,2.35
2018-08-10 00:00:00,0.64,0.87,0.84,0.9,1.05,1.62,0.82,1.16,2.23,2.53,1.97,1.89,1.17,1.01,1.31,0.6,0.71,,,1.15,0.75,2.36
2018-08-13 00:00:00,0.64,0.87,0.83,0.9,1.04,1.62,0.82,1.16,2.23,2.54,1.97,1.86,1.17,1,1.31,0.6,0.71,,,1.14,0.75,2.34
2018-08-14 00:00:00,0.64,0.87,0.83,0.9,1.04,1.62,0.81,1.12,2.23,2.55,1.94,1.86,1.18,0.99,1.31,0.6,0.7,,,1.14,0.75,2.34
2018-08-15 00:00:00,0.63,0.86,0.82,0.9,1.03,1.62,0.8,1.11,2.23,2.54,1.96,1.83,1.19,1,1.31,0.6,0.69,,,1.14,0.75,2.32
2018-08-16 00:00:00,0.63,0.86,0.81,0.85,1.04,1.62,0.8,1.1,2.23,2.56,1.93,1.85,1.16,0.99,1.31,0.6,0.69,,,1.13,0.75,2.33
2018-08-17 00:00:00,0.62,0.86,0.81,0.94,1.01,1.6,0.8,1.1,2.25,2.53,1.92,1.85,1.15,0.99,1.31,0.6,0.69,,,1.13,0.75,2.28
2018-08-20 00:00:00,0.63,0.86,0.81,0.94,1.01,1.6,0.8,1.09,2.25,2.55,1.92,1.83,1.15,0.97,1.31,0.6,0.7,,,1.11,0.75,2.24
2018-08-21 00:00:00,0.62,0.86,0.8,0.94,0.98,1.61,0.8,1.08,2.25,2.57,1.9,1.79,1.15,1.05,1.31,0.6,0.69,,,1.1,0.73,2.29
2018-08-23 00:00:00,0.61,0.85,0.81,0.94,0.98,1.61,0.8,1.06,2.29,2.58,1.91,1.8,1.15,1.04,1.31,0.59,0.69,,,1.1,0.73,2.27
2018-08-24 00:00:00,0.61,0.85,0.8,0.96,0.98,1.61,0.8,1.07,2.29,2.58,1.91,1.78,1.17,1.04,1.31,0.6,0.69,,,1.08,0.73,2.3
2018-08-27 00:00:00,0.61,0.85,0.8,0.96,0.96,1.61,0.8,1.08,2.28,2.58,1.89,1.78,1.17,1.04,1.31,0.59,0.69,,,1.07,0.73,2.27
2018-08-28 00:00:00,0.61,0.85,0.8,0.96,0.96,1.61,0.8,1.11,2.28,2.56,1.88,1.8,1.16,1.02,1.31,0.59,0.68,,,1.04,0.73,2.29
2018-08-29 00:00:00,0.6,0.86,0.81,0.96,0.98,1.61,0.81,1.11,2.29,2.56,1.9,1.79,1.17,1.01,1.31,0.6,0.7,,,1.04,0.73,2.29
2018-08-30 00:00:00,0.64,0.87,0.81,0.96,0.99,1.61,0.83,1.12,2.29,2.57,1.9,1.84,1.2,1.03,1.31,0.6,0.7,,,1.03,0.73,2.32
2018-08-31 00:00:00,0.67,0.87,0.81,0.95,0.99,1.63,0.83,1.1,2.29,2.58,1.93,1.89,1.17,1.03,1.31,0.6,0.7,,,0.99,0.73,2.34
2018-09-03 00:00:00,0.67,0.87,0.82,0.95,0.99,1.64,0.84,1.1,2.29,2.58,1.91,1.89,1.17,1.02,1.31,0.6,0.69,,,1,0.73,2.33
2018-09-04 00:00:00,0.67,0.87,0.81,0.95,0.99,1.64,0.83,1.15,2.29,2.59,1.9,1.89,1.32,1.03,1.31,0.6,0.7,,,1.01,0.73,2.27
2018-09-05 00:00:00,0.67,0.87,0.81,0.95,1,1.64,0.84,1.15,2.29,2.58,1.9,1.89,1.3,1.03,1.31,0.6,0.71,,,1.01,0.73,2.32
2018-09-06 00:00:00,0.67,0.87,0.82,0.95,1,1.64,0.85,1.17,2.3,2.56,1.89,1.89,1.29,1.01,1.31,0.6,0.71,,,1.01,0.73,2.32
2018-09-07 00:00:00,0.67,0.87,0.81,0.95,0.99,1.64,0.85,1.14,2.3,2.56,1.88,1.89,1.31,1.01,1.31,0.6,0.72,,,1.02,0.73,2.31
2018-09-10 00:00:00,0.67,0.86,0.81,0.95,1.01,1.64,0.85,1.17,2.3,2.55,1.84,1.87,1.31,1.01,1.31,0.6,0.72,,,1.01,0.73,2.31
2018-09-11 00:00:00,0.64,0.86,0.81,0.92,1.01,1.64,0.85,1.18,2.3,2.55,1.84,1.85,1.33,1,1.31,0.6,0.72,,,1.01,0.73,2.31
2018-09-12 00:00:00,0.64,0.86,0.8,0.89,0.99,1.64,0.84,1.16,2.3,2.54,1.81,1.85,1.36,0.99,1.31,0.6,0.71,,,1.01,0.73,2.3
2018-09-13 00:00:00,0.64,0.86,0.8,0.95,1,1.63,0.85,1.16,2.31,2.53,1.84,1.85,1.35,0.99,1.31,0.6,0.72,,,1.02,0.73,2.33
2018-09-14 00:00:00,0.63,0.85,0.79,0.95,0.99,1.63,0.85,1.13,2.33,2.53,1.84,1.85,1.33,0.98,1.31,0.6,0.71,,,1.01,0.73,2.36
2018-09-17 00:00:00,0.62,0.85,0.79,0.87,0.99,1.62,0.85,1.12,2.3,2.53,1.82,1.9,1.33,0.96,1.31,0.6,0.7,,,1.01,0.71,2.34
2018-09-18 00:00:00,0.6,0.84,0.78,0.97,0.96,1.62,0.84,1.12,2.3,2.53,1.81,1.9,1.32,0.95,1.31,0.6,0.7,,,0.99,0.71,2.3
2018-09-19 00:00:00,0.6,0.83,0.78,0.97,0.98,1.62,0.84,1.13,2.26,2.53,1.82,1.9,1.32,0.96,1.31,0.6,0.7,,,0.99,0.71,2.32
2018-09-20 00:00:00,0.61,0.82,0.77,0.97,0.98,1.61,0.84,1.09,2.26,2.52,1.81,1.9,1.31,0.95,1.31,0.6,0.69,,,0.98,0.71,2.27
2018-09-21 00:00:00,0.58,0.81,0.77,0.97,0.96,1.62,0.84,1.08,2.25,2.51,1.79,2.06,1.31,0.95,1.31,0.59,0.69,,,0.98,0.71,2.27
2018-09-25 00:00:00,0.56,0.81,0.75,0.97,0.95,1.61,0.82,1.06,2.25,2.48,1.76,2.06,1.3,0.93,1.31,0.59,0.68,,,0.95,0.73,2.26
2018-09-26 00:00:00,0.59,0.81,0.77,0.98,0.97,1.62,0.83,1.08,2.25,2.49,1.82,1.95,1.32,0.94,1.31,0.59,0.69,,,0.97,0.73,2.26
2018-09-27 00:00:00,0.59,0.81,0.77,0.87,0.95,1.62,0.82,1.06,2.21,2.49,1.79,1.95,1.32,0.93,1.31,0.59,0.69,,,0.96,0.73,2.29
2018-09-28 00:00:00,0.59,0.81,0.77,0.92,0.97,1.61,0.81,1.06,2.22,2.5,1.79,1.99,1.32,0.93,1.31,0.58,0.67,,,0.96,0.73,2.26
2019-01-02 00:00:00,0.59,0.81,0.84,0.95,1.02,1.64,0.8,0.99,2.17,2.52,1.81,1.95,1.75,0.9,1.44,0.57,0.69,,,0.92,0.74,2.09
2019-01-03 00:00:00,0.6,0.81,0.84,0.95,1.03,1.65,0.82,0.98,2.17,2.51,1.81,1.95,1.74,0.91,1.44,0.57,0.69,,,0.91,0.74,2.09
2019-01-04 00:00:00,0.59,0.81,0.84,0.88,1.05,1.64,0.82,0.96,2.17,2.52,1.81,1.86,1.74,0.91,1.44,0.57,0.69,,,0.92,0.74,2.09
2019-01-07 00:00:00,0.59,0.8,0.83,0.88,1.04,1.64,0.81,0.94,2.17,2.5,1.8,1.86,1.72,0.9,1.44,0.57,0.69,,,0.92,0.72,2.09
2019-01-08 00:00:00,0.59,0.76,0.83,0.88,1.04,1.64,0.81,0.93,2.17,2.49,1.8,1.86,1.69,0.97,1.44,0.57,0.66,,,0.91,0.74,2.08
2019-01-09 00:00:00,0.59,0.75,0.82,0.88,1.04,1.64,0.84,0.92,2.16,2.52,1.78,1.86,1.7,0.97,1.44,0.57,0.67,,,0.91,0.72,2.1
2019-01-10 00:00:00,0.59,0.75,0.82,0.88,1.05,1.64,0.84,0.93,2.17,2.52,1.79,1.84,1.68,0.96,1.44,0.57,0.67,,,0.9,0.74,2.08
2019-01-11 00:00:00,0.61,0.75,0.82,0.95,1.05,1.64,0.84,0.94,2.17,2.5,1.79,1.85,1.68,0.97,1.44,0.57,0.66,,,0.91,0.72,2.08
2019-01-14 00:00:00,0.61,0.75,0.82,0.95,1.04,1.65,0.84,0.94,2.17,2.5,1.79,1.85,1.68,0.97,1.44,0.57,0.66,,,0.91,0.74,2.07
2019-01-16 00:00:00,0.61,0.75,0.82,0.95,1.04,1.65,0.84,0.93,2.17,2.48,1.79,1.85,1.72,0.96,1.44,0.57,0.66,,,0.91,0.72,2.09
2019-01-17 00:00:00,0.59,0.75,0.83,0.95,1.05,1.66,0.84,0.93,2.17,2.49,1.77,1.83,1.72,0.96,1.44,0.57,0.66,,,0.89,0.72,2.08
2019-01-18 00:00:00,0.59,0.76,0.83,0.95,1.05,1.66,0.83,0.93,2.17,2.49,1.78,1.86,1.72,0.96,1.44,0.57,0.66,,,0.89,0.72,2.08
2019-01-21 00:00:00,0.6,0.74,0.8,0.95,1.07,1.66,1.03,0.9,2.1,2.77,1.75,1.9,1.69,0.97,1.4,0.57,0.66,,,0.87,0.69,2
2019-01-22 00:00:00,0.6,0.74,0.8,0.95,1.08,1.65,1.02,0.92,2.1,2.77,1.76,1.9,1.69,0.96,1.4,0.57,0.66,,,0.86,0.69,2
2019-01-23 00:00:00,0.6,0.73,0.8,0.95,1.08,1.65,1.01,0.91,2.15,2.77,1.75,1.9,1.68,0.98,1.4,0.57,0.65,,,0.9,0.69,2.02
2019-01-24 00:00:00,0.6,0.73,0.8,0.95,1.08,1.65,1.01,0.9,2.17,2.78,1.78,1.87,1.7,0.97,1.4,0.56,0.66,,,0.89,0.69,2.02
2019-01-25 00:00:00,0.6,0.73,0.78,0.95,1.07,1.66,1.02,0.93,2.17,2.78,1.77,1.87,1.63,0.97,1.4,0.56,0.67,,,0.88,0.71,2.02
2019-01-28 00:00:00,0.6,0.73,0.79,1.07,1.07,1.66,1.03,0.88,2.15,2.77,1.77,1.88,1.62,0.97,1.4,0.56,0.65,,,0.87,0.71,2.01
2019-01-29 00:00:00,0.6,0.74,0.79,1.07,1.08,1.67,1.03,0.89,2.15,2.77,1.79,1.84,1.64,0.97,1.4,0.55,0.65,,,0.87,0.71,2
2019-01-30 00:00:00,0.61,0.74,0.79,1.07,1.08,1.65,1.03,0.86,2.15,2.76,1.77,1.84,1.65,0.97,1.4,0.55,0.67,,,0.89,0.71,2
2019-01-31 00:00:00,0.6,0.74,0.79,1.07,1.09,1.65,1.03,0.87,2.15,2.76,1.76,1.88,1.67,0.97,1.4,0.55,0.66,,,0.87,0.69,1.99
2019-02-01 00:00:00,0.59,0.74,0.78,1.04,1.08,1.66,1.03,0.86,2.15,2.76,1.77,1.88,1.66,0.97,1.4,0.56,0.66,,,0.88,0.71,2
2019-02-05 00:00:00,0.59,0.74,0.78,1.04,1.08,1.66,1.03,0.87,2.15,2.76,1.77,1.84,1.67,0.97,1.4,0.56,0.67,,,0.88,0.73,2.02
2019-02-06 00:00:00,0.58,0.73,0.78,1.04,1.06,1.65,1.03,0.86,2.15,2.74,1.77,1.83,1.66,0.97,1.4,0.56,0.66,,,0.87,0.69,2.02
2019-02-07 00:00:00,0.58,0.73,0.78,0.99,1.06,1.65,1.03,0.85,2.15,2.75,1.78,1.79,1.67,0.98,1.4,0.56,0.66,,,0.87,0.71,2.03
2019-02-08 00:00:00,0.58,0.73,0.78,0.99,1.08,1.65,1.03,0.85,2.15,2.74,1.78,1.78,1.67,0.97,1.4,0.57,0.66,,,0.88,0.76,2.03
2019-02-11 00:00:00,0.58,0.73,0.79,0.99,1.08,1.65,1.02,0.85,2.15,2.74,1.76,1.78,1.67,0.97,1.4,0.57,0.67,,,0.87,0.75,2.03
2019-02-12 00:00:00,0.62,0.73,0.78,0.99,1.07,1.65,1.02,0.84,2.15,2.73,1.76,1.78,1.63,0.97,1.4,0.56,0.67,,,0.86,0.75,2.03
2019-02-13 00:00:00,0.62,0.73,0.78,1.08,1.07,1.64,1.02,0.85,2.15,2.73,1.77,1.78,1.63,0.98,1.4,0.56,0.66,,,0.87,0.75,1.99
2019-02-14 00:00:00,0.62,0.73,0.77,1.08,1.07,1.65,1.03,0.84,2.15,2.74,1.78,1.77,1.61,0.98,1.37,0.56,0.66,,,0.88,0.75,1.97
2019-02-15 00:00:00,0.63,0.72,0.77,0.98,1.06,1.65,1.02,0.83,2.15,2.74,1.77,1.77,1.6,0.97,1.37,0.56,0.66,,,0.86,0.73,1.98
2019-02-18 00:00:00,0.63,0.72,0.77,0.99,1.04,1.64,1.01,0.83,2.15,2.75,1.77,1.75,1.59,0.97,1.37,0.55,0.66,,,0.86,0.75,1.97
2019-02-20 00:00:00,0.62,0.72,0.77,0.99,1.03,1.64,1.01,0.82,2.15,2.74,1.78,1.74,1.59,0.94,1.37,0.56,0.66,,,0.86,0.73,1.96
2019-02-21 00:00:00,0.58,0.71,0.76,0.98,0.99,1.63,1,0.8,2.12,2.73,1.77,1.74,1.58,0.92,1.37,0.56,0.66,,,0.86,0.71,1.95
2019-02-22 00:00:00,0.58,0.71,0.76,0.98,1,1.63,0.99,0.8,2.15,2.74,1.77,1.73,1.59,0.91,1.27,0.56,0.66,,,0.85,0.73,1.95
2019-02-25 00:00:00,0.57,0.71,0.76,0.89,0.99,1.63,0.99,0.81,2.12,2.73,1.77,1.74,1.55,0.91,1.27,0.56,0.66,,,0.85,0.71,1.97
2019-02-26 00:00:00,0.59,0.71,0.76,1.02,0.99,1.63,1,0.81,2.14,2.71,1.77,1.74,1.56,0.91,1.27,0.56,0.65,,,0.84,0.73,1.98
2019-02-27 00:00:00,0.57,0.71,0.77,1.02,0.98,1.63,1,0.81,2.14,2.69,1.79,1.74,1.54,0.9,1.23,0.56,0.64,,,0.84,0.73,1.99
2019-02-28 00:00:00,0.56,0.7,0.77,1.03,1,1.64,0.99,0.83,2.15,2.71,1.76,1.74,1.51,0.89,1.23,0.56,0.64,,,0.86,0.73,1.95
2019-03-01 00:00:00,0.56,0.68,0.76,1.03,0.99,1.63,1,0.81,2.16,2.7,1.73,1.74,1.52,0.89,1.24,0.56,0.64,,,0.84,0.73,1.93
2019-03-05 00:00:00,0.56,0.68,0.76,1.03,0.98,1.63,1.02,0.81,2.16,2.71,1.73,1.76,1.52,0.89,1.24,0.56,0.64,,,0.83,0.71,1.95
2019-03-06 00:00:00,0.56,0.68,0.76,1.02,0.98,1.62,1,0.81,2.16,2.7,1.71,1.83,1.5,0.89,1.24,0.56,0.64,,,0.84,0.71,1.94
2019-03-07 00:00:00,0.55,0.68,0.76,1.02,0.98,1.62,1.01,0.8,2.12,2.7,1.72,1.79,1.51,0.89,1.24,0.56,0.63,,,0.85,0.73,1.96
2019-03-08 00:00:00,0.56,0.67,0.76,1.02,0.98,1.62,1.01,0.8,2.12,2.66,1.72,1.79,1.51,0.88,1.24,0.56,0.65,,,0.85,0.73,1.97
2019-03-11 00:00:00,0.51,0.66,0.75,1.02,0.96,1.62,1,0.8,2.11,2.66,1.71,1.79,1.51,0.88,1.24,0.56,0.62,,,0.83,0.71,1.99
2019-03-12 00:00:00,0.55,0.65,0.75,1.06,0.96,1.61,0.99,0.78,2.1,2.64,1.68,1.64,1.51,0.87,1.24,0.56,0.62,,,0.83,0.71,1.99
2019-03-13 00:00:00,0.53,0.64,0.74,1.06,0.94,1.61,0.98,0.78,2.11,2.63,1.71,1.78,1.51,0.86,1.24,0.56,0.62,,,0.82,0.71,2
2019-03-14 00:00:00,0.56,0.65,0.74,1.07,0.94,1.6,0.99,0.79,2.1,2.64,1.71,1.73,1.51,0.87,1.24,0.56,0.62,,,0.84,0.71,2
2019-03-15 00:00:00,0.58,0.65,0.73,1.07,0.94,1.6,0.99,0.76,2.1,2.62,1.7,1.73,1.5,0.87,1.24,0.56,0.63,,,0.84,0.69,1.98
2019-03-18 00:00:00,0.58,0.65,0.73,1.07,0.94,1.6,0.98,0.77,2.1,2.62,1.68,1.72,1.5,0.87,1.24,0.55,0.63,,,0.85,0.69,1.96
2019-03-19 00:00:00,0.54,0.65,0.73,1.02,0.94,1.6,0.98,0.76,2.1,2.6,1.7,1.72,1.49,0.87,1.24,0.55,0.62,,,0.85,0.71,1.97
2019-03-21 00:00:00,0.53,0.64,0.73,1.02,0.95,1.6,0.97,0.76,2.1,2.59,1.67,1.72,1.49,0.86,1.24,0.55,0.63,,,0.85,0.71,1.98
2019-03-22 00:00:00,0.53,0.64,0.73,1.02,0.95,1.59,0.96,0.75,2.1,2.58,1.71,1.72,1.47,0.85,1.24,0.54,0.62,,,0.83,0.71,1.97
2019-03-25 00:00:00,0.53,0.64,0.72,1.02,0.94,1.6,0.96,0.75,2.07,2.58,1.65,1.72,1.48,0.86,1.24,0.55,0.63,,,0.82,0.69,1.95
2019-03-26 00:00:00,0.53,0.64,0.72,1.02,0.95,1.59,0.96,0.74,2.07,2.58,1.65,1.79,1.48,0.85,1.24,0.54,0.61,,,0.81,0.69,1.94
2019-03-27 00:00:00,0.52,0.63,0.72,1.02,0.95,1.59,0.95,0.75,2.09,2.57,1.67,1.79,1.48,0.86,1.24,0.55,0.61,,,0.81,0.69,1.95
2019-03-28 00:00:00,0.54,0.64,0.74,1.02,0.96,1.6,0.96,0.77,2.09,2.58,1.68,1.79,1.5,0.86,1.24,0.55,0.61,,,0.82,0.69,1.95
2019-03-29 00:00:00,0.52,0.65,0.74,1.02,0.95,1.61,0.97,0.77,2.09,2.57,1.67,1.73,1.51,0.86,1.24,0.55,0.61,,,0.8,0.69,1.95
2019-04-01 00:00:00,0.53,0.66,0.74,1.02,0.97,1.61,0.97,0.77,2.09,2.57,1.71,1.73,1.51,0.86,1.28,0.54,0.62,,,0.82,0.69,2.02
2019-04-02 00:00:00,0.53,0.66,0.74,1.02,0.98,1.61,0.97,0.77,2.1,2.57,1.66,1.73,1.51,0.86,1.28,0.55,0.61,,,0.81,0.69,2.01
2019-04-03 00:00:00,0.55,0.66,0.74,0.94,0.98,1.62,0.99,0.78,2.1,2.57,1.66,1.74,1.51,0.87,1.28,0.55,0.62,,,0.83,0.71,1.96
2019-04-04 00:00:00,0.55,0.67,0.75,1.02,0.98,1.63,1.01,0.79,2.1,2.6,1.66,1.75,1.52,0.88,1.28,0.55,0.63,,,0.85,0.73,1.97
2019-04-05 00:00:00,0.55,0.66,0.74,1.02,1,1.62,1.01,0.79,2.1,2.58,1.67,1.76,1.52,0.88,1.28,0.54,0.62,,,0.85,0.71,1.98
2019-04-08 00:00:00,0.55,0.66,0.73,0.94,0.97,1.62,1,0.78,2.1,2.58,1.66,1.76,1.51,0.87,1.27,0.54,0.62,,,0.84,0.71,1.94
2019-04-09 00:00:00,0.54,0.66,0.74,0.94,0.96,1.63,0.99,0.78,2.14,2.57,1.67,1.76,1.51,0.86,1.27,0.54,0.61,,,0.82,0.71,1.94
2019-04-10 00:00:00,0.54,0.66,0.73,0.94,0.96,1.63,1,0.77,2.14,2.56,1.68,1.79,1.51,0.87,1.3,0.54,0.61,,,0.82,0.71,1.97
2019-04-11 00:00:00,0.54,0.66,0.73,0.94,0.97,1.63,1.01,0.76,2.11,2.55,1.68,1.76,1.52,0.87,1.3,0.54,0.61,,,0.82,0.71,1.97
2019-04-12 00:00:00,0.54,0.66,0.73,0.94,0.96,1.63,1.01,0.76,2.11,2.57,1.68,1.76,1.52,0.86,1.3,0.55,0.61,,,0.82,0.72,1.96
2019-04-16 00:00:00,0.55,0.66,0.73,0.96,0.99,1.63,1,0.76,2.11,2.57,1.67,1.76,1.52,0.87,1.3,0.55,0.62,,,0.82,0.72,1.98
2019-04-17 00:00:00,0.55,0.66,0.73,0.96,0.98,1.63,1.02,0.77,2.11,2.59,1.68,1.76,1.52,0.87,1.3,0.55,0.62,,,0.83,0.72,1.96
2019-04-18 00:00:00,0.56,0.66,0.73,0.96,0.99,1.63,1,0.76,2.11,2.61,1.7,1.76,1.52,0.8,1.3,0.55,0.62,,,0.82,0.72,1.96
2019-04-23 00:00:00,0.54,0.63,0.69,0.96,0.95,1.59,0.96,0.73,1.88,2.52,1.65,1.76,1.49,0.77,1.3,0.53,0.61,,,0.8,0.69,1.93
2019-04-24 00:00:00,0.55,0.64,0.69,1.07,0.96,1.6,0.95,0.75,1.88,2.53,1.66,1.76,1.5,0.77,1.3,0.53,0.6,,,0.8,0.69,1.96
2019-04-25 00:00:00,0.53,0.63,0.69,1.07,0.96,1.59,0.95,0.74,2.06,2.53,1.64,1.73,1.5,0.78,1.3,0.54,0.62,,,0.8,0.67,1.98
2019-04-26 00:00:00,0.53,0.63,0.7,1.07,0.95,1.59,0.96,0.74,2.09,2.53,1.66,1.74,1.51,0.78,1.3,0.54,0.62,,,0.8,0.69,1.97
2019-04-29 00:00:00,0.52,0.63,0.71,1.06,0.96,1.59,0.96,0.75,2.08,2.53,1.63,1.74,1.51,0.78,1.3,0.54,0.62,,,0.79,0.69,1.97
2019-04-30 00:00:00,0.52,0.63,0.71,1.06,0.96,1.59,0.97,0.76,2.11,2.56,1.64,1.63,1.51,0.78,1.3,0.54,0.62,,,0.8,0.69,1.98
2019-05-02 00:00:00,0.52,0.63,0.71,1.06,0.95,1.57,0.95,0.77,2.12,2.56,1.66,1.64,1.51,0.78,1.27,0.54,0.6,,,0.8,0.69,1.97
2019-05-03 00:00:00,0.51,0.63,0.7,1.08,0.96,1.57,0.95,0.77,2.13,2.25,1.63,1.64,1.51,0.78,1.27,0.53,0.6,,,0.8,0.71,1.94
2019-05-06 00:00:00,0.5,0.63,0.69,1.08,0.94,1.57,0.94,0.77,2.08,2.23,1.62,1.63,1.51,0.77,1.27,0.53,0.59,,,0.81,0.69,1.96
2019-05-07 00:00:00,0.49,0.62,0.68,1.08,0.94,1.57,0.93,0.78,2.08,2.26,1.62,1.63,1.5,0.76,1.27,0.53,0.58,,,0.8,0.69,1.94
2019-05-08 00:00:00,0.49,0.61,0.68,1.08,0.93,1.56,0.94,0.76,2.07,2.26,1.61,1.59,1.51,0.75,1.27,0.52,0.59,,,0.79,0.69,1.92
2019-05-09 00:00:00,0.49,0.61,0.68,1.08,0.93,1.56,0.93,0.75,2.07,2.26,1.61,1.58,1.51,0.75,1.27,0.52,0.58,,,0.8,0.67,1.92
2019-05-10 00:00:00,0.52,0.6,0.67,1.08,0.93,1.56,0.93,0.74,2.07,2.26,1.6,1.58,1.45,0.74,1.27,0.53,0.57,,,0.78,0.67,1.91
2019-05-13 00:00:00,0.51,0.59,0.67,0.91,0.92,1.55,0.94,0.76,2.08,2.25,1.6,1.58,1.44,0.74,1.27,0.52,0.57,,,0.79,0.69,1.89
2019-05-14 00:00:00,0.5,0.57,0.66,1.05,0.9,1.54,0.92,0.74,2.04,2.21,1.56,1.55,1.42,0.73,1.27,0.52,0.55,,,0.77,0.67,1.85
2019-05-15 00:00:00,0.5,0.57,0.66,1.05,0.9,1.54,0.91,0.72,2.05,2.2,1.56,1.55,1.42,0.73,1.27,0.51,0.55,,,0.77,0.67,1.84
2019-05-16 00:00:00,0.52,0.59,0.67,1.05,0.9,1.55,0.92,0.73,2.07,2.24,1.56,1.56,1.41,0.73,1.27,0.5,0.55,,,0.79,0.69,1.87
2019-05-17 00:00:00,0.52,0.59,0.67,1.05,0.91,1.55,0.95,0.73,2.05,2.21,1.56,1.55,1.43,0.74,1.27,0.5,0.56,,,0.81,0.69,1.89
2019-05-21 00:00:00,0.53,0.6,0.67,1.05,0.92,1.55,0.95,0.74,2.12,2.22,1.57,1.55,1.43,0.74,1.28,0.51,0.57,,,0.83,0.69,1.9
2019-05-22 00:00:00,0.58,0.6,0.68,1.05,0.93,1.55,0.95,0.77,2.12,2.21,1.64,1.61,1.44,0.75,1.28,0.51,0.57,,,0.83,0.69,1.89
2019-05-23 00:00:00,0.57,0.59,0.68,1.05,0.94,1.55,0.95,0.78,2.13,2.21,1.69,1.55,1.44,0.75,1.28,0.52,0.57,,,0.84,0.69,1.9
2019-05-24 00:00:00,0.57,0.59,0.67,1.05,0.93,1.54,0.95,0.78,2.14,2.21,1.68,1.55,1.44,0.75,1.28,0.51,0.57,,,0.83,0.69,1.88
2019-05-27 00:00:00,0.57,0.59,0.67,1.05,0.92,1.54,0.95,0.77,2.14,2.22,1.69,1.55,1.44,0.75,1.28,0.51,0.57,,,0.82,0.69,1.87
2019-05-28 00:00:00,0.55,0.59,0.67,1.05,0.92,1.54,0.95,0.76,2.14,2.22,1.67,1.6,1.45,0.75,1.28,0.51,0.57,,,0.84,0.69,1.89
2019-05-29 00:00:00,0.59,0.6,0.68,1.05,0.93,1.54,0.97,0.77,2.12,2.21,1.68,1.6,1.45,0.77,1.53,0.51,0.58,,,0.84,0.69,1.9
2019-05-30 00:00:00,0.59,0.59,0.67,1.05,0.94,1.54,0.97,0.77,2.12,2.22,1.67,1.68,1.46,0.77,1.53,0.52,0.58,,,0.85,0.69,1.92
2019-05-31 00:00:00,0.59,0.59,0.67,1.04,0.93,1.55,0.96,0.74,2.12,2.22,1.62,1.72,1.45,0.77,1.53,0.53,0.57,,,0.84,0.69,1.93
2019-06-03 00:00:00,0.59,0.59,0.67,1.04,0.92,1.54,0.96,0.76,2.12,2.22,1.64,1.72,1.44,0.77,1.53,0.52,0.58,,,0.84,0.69,1.93
2019-06-04 00:00:00,0.56,0.59,0.67,1.03,0.93,1.54,0.96,0.76,2.1,2.21,1.64,1.72,1.44,0.77,1.53,0.52,0.57,,,0.81,0.7,1.94
2019-06-06 00:00:00,0.56,0.58,0.67,0.91,0.93,1.54,0.97,0.75,2.06,2.2,1.64,1.72,1.44,0.77,1.53,0.54,0.57,,,0.83,0.72,1.94
2019-06-07 00:00:00,0.58,0.59,0.67,1.02,0.93,1.54,0.97,0.75,2.06,2.2,1.64,1.72,1.44,0.77,1.53,0.55,0.56,,,0.83,0.77,1.94
2019-06-10 00:00:00,0.58,0.59,0.68,1.02,0.93,1.55,0.97,0.76,2.09,2.21,1.66,1.72,1.44,0.77,1.53,0.55,0.57,,,0.83,0.79,1.95
2019-06-11 00:00:00,0.58,0.6,0.68,1.02,0.94,1.55,0.97,0.76,2.09,2.21,1.73,1.71,1.44,0.78,1.53,0.56,0.57,,,0.83,0.84,1.96
2019-06-12 00:00:00,0.59,0.6,0.69,1.02,0.98,1.55,0.98,0.75,2.09,2.22,1.72,1.71,1.45,0.8,1.53,0.56,0.57,,,0.85,0.87,2.02
2019-06-13 00:00:00,0.59,0.6,0.69,1.04,0.98,1.55,0.99,0.75,2.09,2.24,1.69,1.65,1.45,0.8,1.53,0.57,0.57,,,0.84,0.84,1.99
2019-06-14 00:00:00,0.59,0.6,0.68,1.04,1,1.56,1,0.75,2.09,2.23,1.69,1.64,1.45,0.8,1.53,0.57,0.57,,,0.84,0.84,1.99
2019-06-17 00:00:00,0.59,0.6,0.68,1,1.02,1.56,1,0.75,2.09,2.23,1.68,1.64,1.45,0.8,1.53,0.57,0.57,,,0.82,0.82,2
2019-06-18 00:00:00,0.54,0.6,0.68,1.01,0.97,1.55,1,0.75,2.07,2.22,1.67,1.65,1.45,0.79,1.53,0.57,0.59,,,0.83,0.86,1.93
2019-06-19 00:00:00,0.55,0.6,0.69,1.01,0.97,1.55,1,0.75,2.09,2.23,1.69,1.71,1.45,0.79,1.53,0.56,0.57,,,0.82,0.94,1.95
2019-06-20 00:00:00,0.55,0.6,0.68,1.01,0.96,1.55,0.76,0.74,2.09,2.21,1.72,1.71,1.45,0.79,1.51,0.57,0.57,,,0.82,0.94,1.9
2019-06-21 00:00:00,0.54,0.59,0.68,1.01,0.95,1.56,0.76,0.74,2.09,2.21,1.69,1.71,1.46,0.79,1.51,0.56,0.58,,,0.81,0.92,1.88
2019-06-24 00:00:00,0.54,0.59,0.67,1.01,0.95,1.56,0.76,0.76,2.06,2.2,1.69,1.66,1.44,0.79,1.51,0.57,0.58,,,0.82,0.82,1.88
2019-06-25 00:00:00,0.55,0.59,0.67,1.01,0.95,1.56,0.75,0.78,2.07,2.2,1.72,1.66,1.44,0.78,1.51,0.57,0.57,,,0.81,0.83,2.03
2019-06-26 00:00:00,0.55,0.59,0.67,1.01,0.94,1.56,0.75,0.77,2.06,2.2,1.7,1.66,1.46,0.78,1.51,0.56,0.57,,,0.81,0.84,2.06
2019-06-27 00:00:00,0.57,0.59,0.67,1.1,0.93,1.56,0.76,0.76,2.07,2.19,1.72,1.68,1.45,0.77,1.51,0.56,0.57,,,0.82,0.89,2.05
2019-06-28 00:00:00,0.57,0.59,0.67,1.1,0.93,1.56,0.76,0.77,2.07,2.22,1.72,1.7,1.47,0.77,1.58,0.56,0.57,,,0.82,0.9,2.06
2019-07-01 00:00:00,0.57,0.59,0.68,1.1,0.93,1.57,0.76,0.77,2.07,2.2,1.72,1.7,1.47,0.77,1.58,0.56,0.57,,,0.82,0.89,2.06
2019-07-02 00:00:00,0.57,0.6,0.68,1.1,0.95,1.57,0.76,0.78,2.07,2.2,1.72,1.71,1.48,0.77,1.58,0.57,0.58,,,0.81,0.87,2.06
2019-07-03 00:00:00,0.57,0.61,0.69,1.1,0.94,1.58,0.76,0.79,2.06,2.2,1.72,1.68,1.48,0.78,1.58,0.57,0.58,,,0.82,0.89,2.04
2019-07-04 00:00:00,0.6,0.62,0.7,1.1,0.97,1.6,0.78,0.79,2.06,2.25,1.73,1.79,1.49,0.79,1.58,0.59,0.59,,,0.84,0.89,2.06
2019-07-05 00:00:00,0.58,0.62,0.71,1.1,0.97,1.59,0.78,0.8,2.07,2.25,1.75,1.79,1.49,0.8,1.58,0.59,0.59,,,0.84,0.89,2.07
2019-07-08 00:00:00,0.58,0.62,0.7,1.1,0.97,1.59,0.78,0.8,2.07,2.25,1.77,1.8,1.49,0.8,1.58,0.58,0.6,,,0.84,0.87,2.08
2019-07-09 00:00:00,0.59,0.62,0.69,1.1,0.99,1.6,0.78,0.81,2.07,2.26,1.71,1.83,1.5,0.8,1.58,0.58,0.6,,,0.84,0.87,2.06
2019-07-10 00:00:00,0.6,0.62,0.7,1.1,0.98,1.6,0.78,0.82,2.08,2.27,1.7,1.83,1.51,0.81,1.52,0.58,0.6,,,0.82,0.89,2.07
2019-07-11 00:00:00,0.59,0.62,0.71,1.1,1.01,1.6,0.79,0.82,2.08,2.28,1.7,1.83,1.49,0.81,1.52,0.59,0.6,,,0.86,0.89,2.08
2019-07-12 00:00:00,0.6,0.62,0.71,1.1,1.02,1.6,0.81,0.81,2.08,2.27,1.76,1.83,1.49,0.81,1.52,0.58,0.61,,,0.87,0.87,2.09
2019-07-15 00:00:00,0.6,0.63,0.72,1.1,1.02,1.59,0.81,0.81,2.09,2.28,1.77,1.83,1.49,0.82,1.52,0.58,0.61,,,0.89,0.87,2.09
2019-07-17 00:00:00,0.61,0.64,0.73,1.1,1.06,1.6,0.81,0.82,2.09,2.28,1.78,1.87,1.5,0.83,1.52,0.58,0.63,,,0.93,0.87,2.09
2019-07-18 00:00:00,0.61,0.65,0.74,0.97,1.06,1.61,0.82,0.81,2.09,2.3,1.81,1.88,1.51,0.83,1.52,0.58,0.63,,,0.95,0.89,2.13
2019-07-19 00:00:00,0.63,0.66,0.74,0.98,1.07,1.61,0.83,0.83,2.09,2.3,1.83,1.88,1.51,0.84,1.52,0.57,0.63,,,0.94,0.89,2.08
2019-07-22 00:00:00,0.63,0.65,0.73,0.98,1.06,1.61,0.82,0.82,2.08,2.28,1.82,1.88,1.51,0.84,1.52,0.58,0.63,,,0.92,0.89,2.14
2019-07-23 00:00:00,0.64,0.65,0.74,0.98,1.07,1.59,0.82,0.82,2.08,2.28,1.82,1.88,1.51,0.85,1.52,0.58,0.63,,,0.92,0.89,2.13
2019-07-24 00:00:00,0.69,0.68,0.75,0.98,1.08,1.6,0.83,0.84,2.09,2.29,1.84,1.88,1.52,0.87,1.52,0.58,0.64,,,0.93,0.9,2.14
2019-07-25 00:00:00,0.68,0.7,0.75,1.05,1.08,1.61,0.84,0.84,2.06,2.28,1.86,1.88,1.53,0.88,1.52,0.59,0.64,,,0.94,0.92,2.15
2019-07-26 00:00:00,0.68,0.72,0.75,1.05,1.1,1.62,0.85,0.82,2.08,2.34,1.87,1.93,1.53,0.9,1.53,0.6,0.63,,,0.98,0.95,2.14
2019-07-29 00:00:00,0.72,0.75,0.77,1.05,1.13,1.62,0.86,0.81,2.08,2.35,1.87,1.8,1.55,0.94,1.53,0.61,0.65,,,1.05,0.95,2.13
2019-07-30 00:00:00,0.68,0.75,0.76,1.03,1.11,1.61,0.86,0.8,2.07,2.34,1.83,1.83,1.54,0.93,1.53,0.6,0.65,,,1.03,0.94,2.13
2019-07-31 00:00:00,0.68,0.73,0.76,1.03,1.11,1.61,0.86,0.8,2.07,2.34,1.82,1.85,1.55,0.91,1.53,0.62,0.64,,,1.02,0.95,2.2
2019-08-01 00:00:00,0.69,0.72,0.75,1.03,1.11,1.61,0.86,0.8,2.07,2.35,1.83,1.83,1.53,0.89,1.53,0.61,0.64,,,1.02,0.94,2.19
2019-08-02 00:00:00,0.68,0.71,0.75,1.03,1.11,1.61,0.89,0.8,2.07,2.34,1.83,1.83,1.53,0.89,1.53,0.6,0.64,,,1.01,0.95,2.18
2019-08-05 00:00:00,0.65,0.71,0.75,1.03,1.12,1.61,0.9,0.8,2.07,2.32,1.83,1.85,1.53,0.89,1.53,0.61,0.64,,,1,0.95,2.16
2019-08-06 00:00:00,0.65,0.69,0.75,1.03,1.11,1.61,0.89,0.79,2.07,2.32,1.81,1.82,1.52,0.87,1.53,0.6,0.63,,,0.99,0.94,2.16
2019-08-07 00:00:00,0.67,0.71,0.75,1.03,1.13,1.61,0.89,0.8,2.06,2.33,1.83,1.82,1.51,0.89,1.53,0.61,0.65,,,1.01,0.94,2.19
2019-08-08 00:00:00,0.67,0.7,0.76,1.03,1.13,1.61,0.89,0.8,2.06,2.33,1.82,1.83,1.51,0.89,1.53,0.61,0.63,,,0.99,0.92,2.18
2019-08-09 00:00:00,0.67,0.72,0.77,1.03,1.14,1.61,0.89,0.81,2.02,2.34,1.84,1.83,1.52,0.92,1.53,0.62,0.64,,,1.02,0.95,2.19
2019-08-13 00:00:00,0.67,0.72,0.77,1,1.16,1.62,0.9,0.81,2.02,2.35,1.8,1.87,1.53,0.93,1.53,0.63,0.64,,,1.02,0.94,2.17
2019-08-15 00:00:00,0.66,0.71,0.76,1,1.15,1.61,0.89,0.82,2.04,2.35,1.79,1.87,1.51,0.92,1.53,0.67,0.64,,,1.01,0.92,2.18
2019-08-16 00:00:00,0.66,0.71,0.76,1,1.14,1.63,0.89,0.82,2.06,2.3,1.84,1.87,1.52,0.91,1.53,0.67,0.64,,,1,0.9,2.19
2019-08-19 00:00:00,0.65,0.7,0.76,1,1.14,1.61,0.88,0.8,2.07,2.3,1.83,1.83,1.52,0.91,1.53,0.66,0.64,,,0.99,0.9,2.15
2019-08-20 00:00:00,0.67,0.71,0.77,1,1.14,1.61,0.89,0.8,2.08,2.33,1.8,1.83,1.53,0.91,1.53,0.67,0.64,,,1.01,0.9,2.14
2019-08-21 00:00:00,0.67,0.71,0.77,1,1.13,1.61,0.89,0.79,2.07,2.33,1.78,1.83,1.53,0.91,1.53,0.67,0.63,,,0.98,0.89,2.15
2019-08-22 00:00:00,0.65,0.71,0.76,1,1.13,1.61,0.89,0.79,2.09,2.32,1.8,1.75,1.41,0.91,1.53,0.68,0.63,,,0.96,0.89,2.15
2019-08-23 00:00:00,0.66,0.71,0.76,1,1.15,1.6,0.9,0.79,2.1,2.31,1.8,1.75,1.41,0.91,1.53,0.67,0.63,,,0.96,0.89,2.2
2019-08-26 00:00:00,0.66,0.71,0.76,1,1.14,1.6,0.89,0.78,2.1,2.31,1.81,1.72,1.4,0.91,1.53,0.67,0.62,,,0.96,0.89,2.2
2019-08-27 00:00:00,0.65,0.71,0.77,1,1.15,1.61,0.89,0.79,2.09,2.31,1.79,1.72,1.41,0.9,1.53,0.67,0.64,,,0.97,0.87,2.21
2019-08-28 00:00:00,0.66,0.71,0.77,1,1.15,1.6,0.89,0.79,2.07,2.32,1.82,1.75,1.4,0.91,1.53,0.68,0.63,,,0.96,0.9,2.2
2019-08-29 00:00:00,0.69,0.72,0.77,1,1.15,1.6,0.89,0.79,2.07,2.3,1.84,1.75,1.41,0.9,1.53,0.67,0.62,,,0.97,0.92,2.19
2019-08-30 00:00:00,0.69,0.71,0.76,1,1.15,1.6,0.9,0.79,2.07,2.29,1.83,1.75,1.42,0.91,1.53,0.68,0.62,,,0.97,0.89,2.2
2019-09-02 00:00:00,0.69,0.71,0.75,1,1.15,1.59,0.91,0.74,2.07,2.31,1.86,1.75,1.42,0.9,1.5,0.66,0.61,,,0.97,0.9,2.22
2019-09-03 00:00:00,0.66,0.7,0.77,1,1.15,1.58,0.91,0.75,2.1,2.31,1.82,1.75,1.42,0.9,1.5,0.67,0.61,,,0.96,0.9,2.23
2019-09-04 00:00:00,0.66,0.7,0.77,1,1.16,1.58,0.91,0.75,2.09,2.3,1.8,1.75,1.42,0.9,1.5,0.68,0.61,,,0.95,0.89,2.03
2019-09-05 00:00:00,0.65,0.7,0.77,1,1.14,1.58,0.9,0.75,2.09,2.28,1.8,1.74,1.42,0.9,1.5,0.68,0.61,,,1,0.87,2.04
2019-09-06 00:00:00,0.63,0.68,0.76,1,1.14,1.57,0.89,0.74,2.09,2.27,1.79,1.75,1.41,0.89,1.5,0.67,0.61,,,0.98,0.89,2.02
2019-09-09 00:00:00,0.67,0.68,0.76,0.99,1.14,1.59,0.9,0.74,2.08,2.27,1.8,1.75,1.41,0.89,1.5,0.67,0.62,,,0.97,0.89,2.01
2019-09-10 00:00:00,0.67,0.67,0.77,0.99,1.13,1.59,0.9,0.74,2.09,2.29,1.81,1.75,1.41,0.88,1.5,0.67,0.61,,,0.97,0.89,1.98
2019-09-11 00:00:00,0.67,0.67,0.76,0.99,1.12,1.6,0.9,0.73,2.09,2.27,1.8,1.75,1.41,0.89,1.5,0.68,0.62,,,0.97,0.91,2
2019-09-12 00:00:00,0.65,0.67,0.76,0.99,1.12,1.61,0.91,0.72,2.09,2.27,1.79,1.72,1.41,0.9,1.5,0.67,0.61,,,0.97,0.89,2
2019-09-16 00:00:00,0.65,0.67,0.76,0.99,1.11,1.61,0.91,0.72,2.09,2.29,1.81,1.72,1.4,0.9,1.5,0.67,0.61,,,0.97,0.91,2.01
2019-09-17 00:00:00,0.65,0.67,0.75,0.99,1.11,1.61,0.91,0.72,2.09,2.28,1.81,1.72,1.41,0.88,1.5,0.66,0.61,,,0.97,0.89,2
2019-09-18 00:00:00,0.65,0.66,0.75,0.99,1.11,1.59,0.91,0.72,2.06,2.27,1.78,1.72,1.41,0.88,1.5,0.66,0.61,,,0.96,0.89,2.01
2019-09-19 00:00:00,0.65,0.66,0.75,0.99,1.09,1.6,0.91,0.72,2.06,2.26,1.76,1.71,1.41,0.88,1.5,0.66,0.61,,,0.97,0.91,2
2019-09-20 00:00:00,0.66,0.66,0.75,0.99,1.08,1.59,0.89,0.72,2.09,2.26,1.75,1.71,1.41,0.88,1.5,0.66,0.6,,,0.97,0.91,2.01
2019-09-23 00:00:00,0.66,0.66,0.75,0.99,1.07,1.59,0.89,0.72,2.07,2.22,1.76,1.68,1.4,0.87,1.5,0.66,0.59,,,0.96,0.93,1.99
2019-09-24 00:00:00,0.65,0.65,0.75,0.98,1.07,1.58,0.88,0.71,2.02,2.21,1.75,1.66,1.41,0.86,1.5,0.67,0.57,,,0.96,0.86,1.99
2019-09-25 00:00:00,0.66,0.65,0.75,0.99,1.07,1.58,0.88,0.72,2.05,2.22,1.74,1.7,1.41,0.87,1.5,0.67,0.58,,,0.96,0.86,2
2019-09-26 00:00:00,0.65,0.65,0.76,0.99,1.08,1.58,0.89,0.71,2.02,2.22,1.76,1.71,1.41,0.87,1.5,0.67,0.58,,,0.97,0.84,2.01
2019-09-27 00:00:00,0.66,0.66,0.76,0.99,1.07,1.58,0.89,0.71,2.02,2.21,1.72,1.68,1.4,0.88,1.5,0.65,0.58,,,0.96,0.86,2.01
2019-09-30 00:00:00,0.66,0.65,0.75,0.99,1.07,1.58,0.88,0.71,2.02,2.19,1.72,1.73,1.41,0.88,1.5,0.65,0.58,,,0.96,0.86,2
2019-10-01 00:00:00,0.69,0.65,0.75,0.99,1.07,1.58,0.88,0.7,2.02,2.18,1.72,1.69,0.95,0.88,1.5,0.65,0.59,,,0.95,0.86,2.01
2019-10-02 00:00:00,0.69,0.65,0.74,0.99,1.08,1.58,0.88,0.7,2.02,2.16,1.71,1.73,0.95,0.87,1.5,0.66,0.58,,,0.96,0.86,2.01
2019-10-03 00:00:00,0.65,0.65,0.74,0.99,1.08,1.58,0.87,0.71,2.03,2.14,1.72,1.73,0.95,0.87,1.5,0.65,0.59,,,0.94,0.86,1.98
2019-10-04 00:00:00,0.65,0.65,0.74,0.98,1.08,1.58,0.88,0.7,2.03,2.14,1.73,1.73,0.95,0.88,1.5,0.65,0.59,,,0.96,0.86,1.99
2019-10-07 00:00:00,0.69,0.66,0.75,0.98,1.09,1.58,0.87,0.71,2.03,2.14,1.73,1.73,0.95,0.89,1.5,0.65,0.58,,,0.96,0.88,1.97
2019-10-08 00:00:00,0.69,0.66,0.76,0.98,1.1,1.59,0.88,0.71,2.03,2.14,1.72,1.68,0.94,0.89,1.5,0.66,0.59,,,0.96,0.86,2
2019-10-09 00:00:00,0.7,0.68,0.77,0.98,1.14,1.6,0.89,0.72,2.03,2.16,1.74,1.68,0.93,0.92,1.5,0.67,0.6,,,0.97,0.86,2.02
2019-10-10 00:00:00,0.68,0.68,0.77,1.01,1.13,1.61,0.89,0.72,2.03,2.16,1.74,1.72,0.94,0.94,1.5,0.67,0.6,,,0.98,0.88,2.02
2019-10-11 00:00:00,0.7,0.68,0.77,1.01,1.15,1.62,0.9,0.74,2.03,2.16,1.73,1.69,0.93,0.93,1.5,0.68,0.61,,,0.98,0.84,2.02
2019-10-14 00:00:00,0.73,0.69,0.78,0.98,1.17,1.63,0.9,0.76,2.02,2.16,1.75,1.75,0.94,0.95,1.5,0.67,0.61,,,0.99,0.89,2.03
2019-10-15 00:00:00,0.7,0.68,0.78,0.98,1.15,1.63,0.89,0.75,2.02,2.15,1.74,1.7,0.94,0.95,1.5,0.66,0.6,,,1,0.88,2
2019-10-16 00:00:00,0.7,0.68,0.78,0.99,1.15,1.62,0.88,0.75,2.02,2.16,1.73,1.7,0.94,0.94,1.5,0.66,0.59,,,1,0.89,2.02
2019-10-17 00:00:00,0.7,0.68,0.78,0.96,1.15,1.62,0.89,0.74,2.02,2.17,1.78,1.73,0.94,0.95,1.5,0.67,0.59,,,1.02,0.86,2.02
2019-10-18 00:00:00,0.71,0.68,0.78,0.96,1.15,1.62,0.89,0.75,2.05,2.16,1.77,1.75,0.93,0.95,1.5,0.67,0.59,,,1.05,0.86,2.03
2019-10-21 00:00:00,0.71,0.69,0.78,0.96,1.16,1.62,0.88,0.75,2.05,2.16,1.75,1.75,0.93,0.95,1.5,0.67,0.59,,,1.05,0.86,2.03
2019-10-22 00:00:00,0.74,0.69,0.78,0.96,1.17,1.63,0.88,0.75,2.08,2.16,1.73,1.84,0.93,0.97,1.5,0.67,0.6,,,1.05,0.84,2.04
2019-10-23 00:00:00,0.75,0.69,0.78,0.96,1.17,1.62,0.88,0.76,2.09,2.17,1.75,1.85,0.93,0.98,1.5,0.67,0.6,,,1.04,0.84,2.06
2019-10-24 00:00:00,0.74,0.69,0.79,0.96,1.18,1.64,0.89,0.77,2.08,2.18,1.76,1.86,0.93,0.99,1.5,0.67,0.6,,,1.06,0.86,2.08
2019-10-25 00:00:00,0.76,0.69,0.79,0.97,1.18,1.64,0.9,0.76,2.08,2.18,1.77,1.85,0.93,1.01,1.5,0.67,0.6,,,1.07,0.86,2.06
2019-10-28 00:00:00,0.79,0.69,0.79,0.97,1.2,1.64,0.9,0.77,2.08,2.18,1.78,1.83,0.93,1.01,1.5,0.67,0.59,,,1.09,0.84,2.05
2019-10-29 00:00:00,0.75,0.69,0.79,0.97,1.18,1.64,0.91,0.77,2.08,2.19,1.78,1.85,0.93,1.01,1.5,0.67,0.6,,,1.1,0.86,2.05
2019-10-30 00:00:00,0.8,0.69,0.79,0.95,1.18,1.64,0.91,0.77,2.08,2.18,1.75,1.82,0.93,1.02,1.5,0.67,0.6,,,1.11,0.86,2.32
2019-10-31 00:00:00,0.8,0.69,0.79,0.96,1.22,1.64,0.92,0.77,2.08,2.19,1.76,1.86,0.93,1.04,1.5,0.67,0.6,,,1.13,0.86,2.32
2019-11-01 00:00:00,0.82,0.7,0.8,0.96,1.23,1.64,0.92,0.77,2.09,2.23,1.76,1.87,0.93,1.04,1.5,0.68,0.6,,,1.13,0.84,2.3
2019-11-04 00:00:00,0.8,0.7,0.79,0.97,1.22,1.63,0.92,0.77,2.04,2.22,1.75,1.85,0.94,1.03,1.5,0.67,0.6,,,1.13,0.86,2.31
2019-11-05 00:00:00,0.82,0.71,0.79,0.97,1.26,1.63,0.92,0.76,2.05,2.2,1.74,1.85,0.94,1.02,1.5,0.67,0.6,,,1.12,0.88,2.33
2019-11-06 00:00:00,0.78,0.7,0.79,0.97,1.23,1.63,0.92,0.75,2.06,2.19,1.77,1.85,0.94,1,1.5,0.66,0.6,,,1.1,0.86,2.32
2019-11-07 00:00:00,0.76,0.7,0.78,0.97,1.22,1.62,0.91,0.75,2.05,2.19,1.73,1.83,0.94,0.98,1.5,0.65,0.59,,,1.1,0.84,2.3
2019-11-08 00:00:00,0.73,0.7,0.78,0.97,1.22,1.63,0.91,0.75,2.05,2.21,1.7,1.84,0.94,0.99,1.5,0.65,0.59,,,1.11,0.84,2.31
2019-11-13 00:00:00,0.74,0.7,0.79,0.97,1.24,1.63,0.92,0.76,2.06,2.23,1.7,1.83,0.94,1.01,1.5,0.65,0.6,,,1.11,0.86,2.31
2019-11-14 00:00:00,0.74,0.7,0.79,0.97,1.23,1.63,0.92,0.76,2.07,2.22,1.65,1.81,0.94,1.01,1.5,0.65,0.6,,,1.11,0.83,2.31
2019-11-15 00:00:00,0.78,0.71,0.8,0.97,1.24,1.64,0.92,0.76,2.08,2.23,1.72,1.8,0.94,1.02,1.5,0.65,0.6,,,1.13,0.85,2.29
2019-11-18 00:00:00,0.79,0.72,0.82,0.99,1.27,1.67,0.94,0.77,2.12,2.25,1.76,1.82,0.94,1.06,1.5,0.67,0.6,,,1.15,0.83,2.32
2019-11-19 00:00:00,0.8,0.72,0.83,0.99,1.27,1.67,0.95,0.77,2.13,2.25,1.76,1.83,0.94,1.07,1.5,0.67,0.61,,,1.14,0.86,2.32
2019-11-20 00:00:00,0.83,0.71,0.81,0.99,1.28,1.66,0.95,0.86,2.13,2.29,1.72,1.87,0.94,1.09,1.5,0.66,0.6,,,1.13,0.86,2.34
2019-11-21 00:00:00,0.81,0.71,0.82,0.99,1.29,1.65,0.94,0.9,2.08,2.29,1.72,1.98,0.93,1.08,1.5,0.66,0.63,,,1.14,0.86,2.33
2019-11-22 00:00:00,0.81,0.71,0.82,0.99,1.27,1.65,0.94,0.89,2.09,2.26,1.74,2,0.94,1.08,1.5,0.66,0.63,,,1.14,0.84,2.32
2019-11-25 00:00:00,0.8,0.7,0.82,0.99,1.25,1.65,0.94,0.87,2.09,2.25,1.73,1.94,0.94,1.08,1.5,0.66,0.62,,,1.13,0.86,2.29
2019-11-26 00:00:00,0.8,0.7,0.82,0.99,1.28,1.65,0.93,0.87,2.12,2.25,1.74,1.95,0.94,1.09,1.5,0.66,0.61,,,1.13,0.86,2.3
2019-11-27 00:00:00,0.83,0.7,0.83,0.99,1.28,1.65,0.94,0.88,2.12,2.26,1.74,1.93,0.93,1.11,1.5,0.66,0.63,,,1.13,0.86,2.3
2019-11-28 00:00:00,0.83,0.71,0.85,0.98,1.28,1.65,0.94,0.9,2.11,2.29,1.74,1.95,0.93,1.13,1.5,0.67,0.67,,,1.16,0.88,2.31
2019-11-29 00:00:00,0.82,0.72,0.85,0.98,1.27,1.66,0.95,0.89,2.12,2.29,1.73,1.94,0.93,1.13,1.5,0.66,0.66,,,1.17,0.86,2.31
2019-12-02 00:00:00,0.82,0.71,0.85,0.98,1.26,1.68,0.94,0.87,2.1,2.3,1.73,1.9,0.96,1.14,1.5,0.67,0.65,,,1.16,0.86,2.3
2019-12-03 00:00:00,0.81,0.71,0.85,0.98,1.28,1.68,0.95,0.86,2.1,2.3,1.73,1.9,0.96,1.13,1.5,0.67,0.66,,,1.15,0.86,2.3
2019-12-04 00:00:00,0.81,0.7,0.85,0.99,1.28,1.67,0.95,0.86,2.08,2.29,1.71,1.9,0.96,1.13,1.5,0.68,0.67,,,1.15,0.86,2.3
2019-12-05 00:00:00,0.81,0.7,0.84,0.99,1.26,1.67,0.95,0.85,2.05,2.28,1.7,1.9,0.96,1.11,1.5,0.68,0.66,,,1.14,0.85,2.3
2019-12-06 00:00:00,0.81,0.7,0.84,0.99,1.24,1.66,0.94,0.86,2.05,2.27,1.74,1.9,0.96,1.11,1.5,0.68,0.66,,,1.13,0.85,2.31
2019-12-09 00:00:00,0.8,0.7,0.83,0.99,1.22,1.66,0.94,0.83,2.05,2.26,1.7,1.87,0.95,1.09,1.5,0.66,0.64,,,1.13,0.85,2.28
2019-12-10 00:00:00,0.78,0.69,0.81,0.99,1.21,1.65,0.93,0.83,2.05,2.25,1.68,1.86,0.96,1.08,1.5,0.66,0.63,,,1.12,0.85,2.29
2019-12-12 00:00:00,0.8,0.69,0.82,0.99,1.21,1.66,0.96,0.84,2.06,2.26,1.72,1.88,0.95,1.1,1.5,0.67,0.65,,,1.13,0.86,2.29
2019-12-13 00:00:00,0.77,0.69,0.82,0.99,1.23,1.66,0.95,0.84,2.06,2.25,1.69,1.87,0.96,1.09,1.5,0.67,0.64,,,1.11,0.85,2.27
2019-12-16 00:00:00,0.75,0.69,0.82,0.99,1.22,1.65,0.94,0.83,2.06,2.25,1.65,1.86,0.95,1.08,1.5,0.66,0.64,,,1.09,0.83,2.27
2019-12-17 00:00:00,0.75,0.69,0.82,0.99,1.21,1.66,0.94,0.83,2.08,2.25,1.67,1.82,0.95,1.08,1.5,0.66,0.63,,,1.1,0.83,2.29
2019-12-18 00:00:00,0.75,0.69,0.82,0.99,1.23,1.65,0.94,0.82,2.09,2.24,1.68,1.86,0.95,1.07,1.5,0.66,0.64,,,1.09,0.85,2.27
2019-12-19 00:00:00,0.76,0.69,0.82,0.99,1.21,1.65,0.94,0.82,2.09,2.22,1.65,1.85,0.95,1.07,1.5,0.65,0.64,,,1.08,0.85,2.26
2019-12-20 00:00:00,0.76,0.69,0.82,0.99,1.22,1.65,0.94,0.82,2.09,2.23,1.65,1.84,0.94,1.07,1.5,0.66,0.64,,,1.09,0.81,2.28
2019-12-23 00:00:00,0.78,0.68,0.82,0.99,1.22,1.65,0.94,0.82,2.09,2.22,1.66,1.83,0.94,1.07,1.5,0.65,0.64,,,1.09,0.81,2.3
2019-12-24 00:00:00,0.78,0.68,0.83,0.99,1.24,1.65,0.95,0.83,2.08,2.23,1.66,1.87,0.94,1.09,1.5,0.66,0.63,,,1.08,0.81,2.31
2019-12-26 00:00:00,0.78,0.69,0.83,0.99,1.24,1.65,0.96,0.84,2.08,2.25,1.66,1.89,0.95,1.1,1.5,0.67,0.64,,,1.09,0.83,2.3
2019-12-27 00:00:00,0.78,0.69,0.83,0.98,1.24,1.65,0.99,0.85,2.08,2.26,1.66,1.88,0.94,1.1,1.5,0.67,0.65,,,1.09,0.83,2.32
2019-12-30 00:00:00,0.78,0.69,0.83,0.98,1.23,1.65,1.05,0.83,2.08,2.27,1.66,1.86,0.96,1.08,1.5,0.66,0.64,,,1.08,0.83,2.31
2019-12-31 00:00:00,0.82,0.68,0.83,0.98,1.22,1.65,1.03,0.83,2.08,2.25,1.65,1.87,0.96,1.08,1.5,0.66,0.64,,,1.09,0.85,2.29
2020-01-02 00:00:00,0.78,0.68,0.83,0.98,1.19,1.65,1.01,0.82,2.08,2.26,1.65,1.86,0.96,1.08,1.5,0.66,0.64,,,1.09,0.85,2.34
2020-01-03 00:00:00,0.78,0.68,0.82,0.98,1.18,1.65,1.02,0.83,2.08,2.25,1.65,1.84,0.96,1.09,1.5,0.66,0.64,,,1.11,0.81,2.35
2020-01-06 00:00:00,0.78,0.67,0.81,0.98,1.16,1.64,1.01,0.81,2.09,2.24,1.69,1.83,0.95,1.07,1.5,0.66,0.62,,,1.11,0.83,2.35
2020-01-07 00:00:00,0.76,0.66,0.81,0.98,1.13,1.63,1,0.8,2.09,2.24,1.66,1.8,0.95,1.04,1.5,0.65,0.62,,,1.1,0.81,2.31
2020-01-08 00:00:00,0.73,0.65,0.79,0.91,1.11,1.62,0.97,0.75,2.04,2.21,1.62,1.75,0.93,0.99,1.5,0.63,0.59,,,1.07,0.78,2.27
2020-01-09 00:00:00,0.75,0.66,0.81,0.91,1.15,1.63,1,0.78,2.04,2.22,1.63,1.81,0.94,1.04,1.5,0.64,0.6,,,1.08,0.8,2.3
2020-01-13 00:00:00,0.78,0.65,0.81,0.91,1.15,1.63,0.99,0.77,2.06,2.23,1.63,1.81,0.92,1.05,1.5,0.64,0.6,,,1.08,0.83,2.3
2020-01-14 00:00:00,0.74,0.65,0.81,0.91,1.14,1.62,1.04,0.79,2.06,2.15,1.63,1.81,0.92,1.04,1.5,0.58,0.7,,,1.09,0.83,2.28
2020-01-16 00:00:00,0.73,0.65,0.8,0.91,1.13,1.61,0.98,0.78,2.12,2.31,1.63,1.8,0.89,1.03,1.5,0.71,0.54,,,1.08,0.83,2.28
2020-01-17 00:00:00,0.75,0.64,0.8,0.91,1.14,1.61,0.97,0.78,2.11,2.32,1.64,1.8,0.88,1.03,1.5,0.7,0.54,,,1.08,0.8,2.28
2020-01-20 00:00:00,0.73,0.64,0.8,0.91,1.13,1.61,0.97,0.78,2.06,2.29,1.65,1.83,0.88,1.03,1.5,0.7,0.54,,,1.08,0.81,2.29
2020-01-21 00:00:00,0.74,0.65,0.81,0.91,1.14,1.61,0.96,0.77,2.06,2.29,1.64,1.82,0.88,1.03,1.5,0.71,0.54,,,1.07,0.81,2.27
2020-01-22 00:00:00,0.74,0.66,0.81,0.91,1.15,1.62,0.96,0.78,2.05,2.3,1.64,1.83,0.89,1.03,1.5,0.71,0.55,,,1.08,0.83,2.28
2020-01-23 00:00:00,0.78,0.66,0.81,0.91,1.15,1.62,0.97,0.78,2.05,2.33,1.65,1.83,0.89,1.06,1.5,0.72,0.55,,,1.08,0.81,2.26
2020-01-24 00:00:00,0.75,0.66,0.81,0.93,1.16,1.62,0.96,0.79,2.06,2.34,1.65,1.83,0.89,1.07,1.5,0.72,0.56,,,1.09,0.81,2.26
2020-01-27 00:00:00,0.75,0.66,0.8,0.92,1.15,1.61,0.95,0.78,2.06,2.33,1.64,1.84,0.89,1.06,1.5,0.71,0.55,,,1.07,0.8,2.24
2020-01-28 00:00:00,0.74,0.65,0.79,0.92,1.13,1.6,0.94,0.77,2.06,2.31,1.64,1.83,0.87,1.04,1.5,0.71,0.55,,,1.07,0.8,2.24
2020-01-29 00:00:00,0.73,0.65,0.79,0.92,1.14,1.61,0.96,0.78,2.1,2.34,1.67,1.85,0.88,1.05,1.5,0.71,0.54,,,1.06,0.8,2.25
2020-01-30 00:00:00,0.73,0.65,0.79,0.92,1.14,1.6,0.95,0.79,2.1,2.34,1.67,1.85,0.88,1.03,1.5,0.71,0.55,,,1.08,0.81,2.26
2020-01-31 00:00:00,0.73,0.65,0.8,0.92,1.14,1.6,0.95,0.77,2.1,2.33,1.67,1.86,0.9,1.04,1.5,0.71,0.53,,,1.08,0.81,2.27
2020-02-03 00:00:00,0.73,0.65,0.8,0.92,1.15,1.6,0.94,0.77,2.1,2.34,1.67,1.86,0.88,1.04,1.5,0.71,0.53,,,1.08,0.81,2.25
2020-02-05 00:00:00,0.73,0.65,0.8,0.88,1.16,1.6,0.94,0.78,2.1,2.36,1.65,1.85,0.88,1.04,1.5,0.71,0.54,,,1.08,0.81,2.27
2020-02-06 00:00:00,0.73,0.65,0.79,0.88,1.17,1.6,0.94,0.78,2.1,2.37,1.66,1.84,0.88,1.05,1.5,0.72,0.55,,,1.08,0.8,2.28
2020-02-07 00:00:00,0.74,0.65,0.8,0.88,1.19,1.6,0.94,0.77,2.1,2.36,1.65,1.84,0.89,1.05,1.5,0.72,0.54,,,1.08,0.8,2.29
2020-02-10 00:00:00,0.75,0.65,0.79,0.87,1.19,1.6,0.94,0.75,2.08,2.37,1.65,1.8,0.89,1.05,1.5,0.71,0.54,,,1.07,0.78,2.29
2020-02-11 00:00:00,0.75,0.65,0.78,0.87,1.18,1.59,0.93,0.72,2.08,2.37,1.64,1.8,0.9,1.04,1.5,0.71,0.53,,,1.06,0.78,2.23
2020-02-12 00:00:00,0.73,0.64,0.78,0.87,1.16,1.59,0.93,0.72,2.06,2.36,1.64,1.78,0.9,1.03,1.5,0.71,0.54,,,1.07,0.76,2.21
2020-02-13 00:00:00,0.74,0.63,0.78,0.87,1.15,1.58,0.93,0.72,2.05,2.36,1.65,1.78,0.9,1.03,1.5,0.69,0.54,,,1.07,0.73,2.21
2020-02-14 00:00:00,0.74,0.63,0.77,0.88,1.15,1.57,0.93,0.7,2.04,2.33,1.64,1.75,0.89,1.02,1.5,0.68,0.53,,,1.08,0.73,2.2
2020-02-17 00:00:00,0.73,0.63,0.77,0.88,1.13,1.57,0.92,0.69,2.04,2.33,1.63,1.76,0.89,1.02,1.5,0.68,0.52,,,1.08,0.75,2.26
2020-02-18 00:00:00,0.73,0.64,0.77,0.88,1.13,1.57,0.92,0.7,2.05,2.33,1.63,1.76,0.89,1.02,1.5,0.68,0.52,,,1.09,0.75,2.26
2020-02-19 00:00:00,0.73,0.65,0.77,0.9,1.12,1.58,0.93,0.71,2.02,2.33,1.63,1.76,0.89,1.02,1.5,0.69,0.52,,,1.09,0.73,2.27
2020-02-20 00:00:00,0.72,0.64,0.77,0.9,1.1,1.57,0.92,0.72,2.02,2.35,1.63,1.79,0.89,1.01,1.5,0.69,0.52,,,1.08,0.7,2.24
2020-02-24 00:00:00,0.7,0.64,0.76,0.9,1.08,1.57,0.91,0.71,2.02,2.33,1.62,1.78,0.9,1,1.5,0.68,0.51,,,1.09,0.66,2.21
2020-02-25 00:00:00,0.7,0.64,0.75,0.9,1.07,1.56,0.9,0.69,2.02,2.3,1.61,1.76,0.9,0.97,1.5,0.68,0.51,,,1.07,0.66,2.19
2020-02-26 00:00:00,0.67,0.62,0.74,0.84,1.03,1.55,0.86,0.68,2.02,2.28,1.6,1.74,0.88,0.95,1.5,0.66,0.5,,,1.05,0.65,2.16
2020-02-27 00:00:00,0.66,0.62,0.74,0.84,1.03,1.56,0.86,0.69,2.02,2.29,1.62,1.75,0.9,0.95,1.5,0.67,0.5,,,1.06,0.65,2.19
2020-02-28 00:00:00,0.62,0.62,0.73,0.84,1,1.55,0.85,0.68,2.02,2.27,1.6,1.74,0.9,0.93,1.5,0.66,0.49,,,1.03,0.63,2.17
2020-03-02 00:00:00,0.66,0.62,0.73,0.84,1.06,1.55,0.86,0.69,2.02,2.26,1.59,1.74,0.88,0.96,1.5,0.67,0.49,,,1.03,0.58,2.19
2020-03-03 00:00:00,0.66,0.62,0.74,0.84,1.02,1.55,0.87,0.7,2.02,2.25,1.61,1.75,0.89,0.96,1.5,0.67,0.49,,,1.03,0.58,2.19
2020-03-04 00:00:00,0.64,0.61,0.72,0.83,1.01,1.54,0.84,0.68,2.02,2.24,1.59,1.71,0.88,0.9,1.5,0.66,0.49,,,1,0.58,2.12
2020-03-05 00:00:00,0.63,0.6,0.71,0.83,1,1.53,0.83,0.67,2.02,2.23,1.56,1.7,0.88,0.89,1.5,0.66,0.48,,,1.01,0.58,2.1
2020-03-06 00:00:00,0.62,0.58,0.69,0.84,0.95,1.51,0.82,0.65,2.02,2.17,1.54,1.64,0.87,0.87,1.5,0.63,0.46,,,0.95,0.55,2.07
2020-03-10 00:00:00,0.6,0.56,0.65,0.75,0.89,1.49,0.78,0.66,1.98,2.05,1.53,1.63,0.84,0.83,1.5,0.61,0.44,,,0.89,0.5,2.03
2020-03-11 00:00:00,0.61,0.57,0.67,0.75,0.92,1.52,0.8,0.67,2.01,2.06,1.57,1.64,0.85,0.86,1.5,0.62,0.44,,,0.92,0.5,2.04
2020-03-12 00:00:00,0.58,0.54,0.64,0.75,0.83,1.5,0.77,0.62,2.01,2.02,1.49,1.52,0.81,0.8,1.5,0.61,0.42,,,0.87,0.45,1.94
2020-03-13 00:00:00,0.58,0.52,0.62,0.75,0.8,1.47,0.74,0.6,1.92,1.97,1.44,1.55,0.8,0.77,1.5,0.64,0.42,,,0.83,0.4,1.89
2020-03-20 00:00:00,0.55,0.46,0.57,0.75,0.7,1.46,0.68,0.59,1.89,1.9,1.34,1.43,0.77,0.69,1.5,0.61,0.4,,,0.75,0.34,1.72
Market Closed In April Due To COVID- 19 ,,,,,,,,,,,,,,,,,,,,,,
2020-05-11 00:00:00,0.55,0.41,0.53,0.75,0.66,1.43,0.66,0.57,1.89,1.87,1.27,1.35,0.74,0.66,1.5,0.59,0.38,,,0.74,0.34,1.73
2020-05-12 00:00:00,0.55,0.4,0.5,0.75,0.61,1.42,0.65,0.53,1.77,1.76,1.32,1.37,0.74,0.67,1.5,0.57,0.38,,,0.73,0.31,1.71
2020-05-13 00:00:00,0.66,0.41,0.51,0.7,0.68,1.43,0.69,0.57,1.84,1.77,1.37,1.47,0.76,0.74,1.5,0.61,0.4,,,0.75,0.35,1.8
2020-05-14 00:00:00,0.63,0.4,0.5,0.7,0.68,1.44,0.69,0.61,1.84,1.79,1.41,1.48,0.77,0.76,1.5,0.62,0.4,,,0.79,0.4,1.85
2020-05-15 00:00:00,0.57,0.42,0.49,0.7,0.7,1.44,0.7,0.61,1.84,1.82,1.48,1.52,0.77,0.77,1.5,0.63,0.4,,,0.81,0.4,1.96
2020-05-18 00:00:00,0.65,0.44,0.52,0.83,0.75,1.45,0.72,0.63,1.85,1.88,1.52,1.59,0.77,0.81,1.5,0.65,0.42,,,0.89,0.42,1.96
2020-05-19 00:00:00,0.65,0.44,0.54,0.95,0.77,1.46,0.74,0.65,1.87,1.95,1.53,1.58,0.77,0.82,1.5,0.66,0.43,,,0.89,0.42,1.99
2020-05-20 00:00:00,0.65,0.45,0.54,0.95,0.75,1.46,0.76,0.63,1.87,1.9,1.52,1.56,0.77,0.81,1.5,0.65,0.44,,,0.85,0.4,1.97
2020-05-21 00:00:00,0.64,0.49,0.57,0.95,0.77,1.46,0.78,0.64,1.87,1.92,1.51,1.56,0.77,0.82,1.5,0.67,0.45,,,0.88,0.44,2
2020-05-22 00:00:00,0.59,0.49,0.57,0.95,0.78,1.46,0.79,0.62,1.89,1.93,1.53,1.55,0.78,0.83,1.5,0.66,0.46,,,0.88,0.42,1.93
2020-05-26 00:00:00,0.6,0.47,0.58,0.95,0.79,1.47,0.77,0.63,1.89,1.94,1.51,1.55,0.77,0.81,1.5,0.63,0.45,,,0.89,0.42,1.96
2020-05-27 00:00:00,0.65,0.47,0.58,0.91,0.78,1.47,0.79,0.62,1.89,1.94,1.51,1.56,0.77,0.82,1.5,0.64,0.45,,,0.9,0.42,1.97
2020-05-28 00:00:00,0.67,0.48,0.6,0.9,0.8,1.48,0.79,0.63,1.93,1.97,1.52,1.55,0.8,0.84,1.5,0.65,0.46,,,0.94,0.44,1.97
2020-05-29 00:00:00,0.66,0.47,0.59,0.9,0.8,1.47,0.79,0.62,1.95,1.97,1.5,1.54,0.8,0.84,1.5,0.64,0.45,,,0.92,0.44,1.96
2020-06-01 00:00:00,0.65,0.46,0.57,0.9,0.78,1.47,0.78,0.62,1.95,1.97,1.53,1.54,0.79,0.82,1.5,0.64,0.45,,,0.91,0.42,1.98
2020-06-02 00:00:00,0.65,0.46,0.58,0.89,0.78,1.47,0.78,0.62,1.91,1.96,1.49,1.51,0.79,0.82,1.5,0.65,0.45,,,0.9,0.44,1.98
2020-06-03 00:00:00,0.66,0.46,0.58,0.89,0.79,1.46,0.78,0.62,1.9,1.96,1.54,1.51,0.76,0.83,1.5,0.65,0.45,,,0.89,0.44,2.01
2020-06-04 00:00:00,0.66,0.45,0.58,0.89,0.8,1.46,0.78,0.62,1.9,1.96,1.51,1.55,0.77,0.84,1.5,0.64,0.44,,,0.89,0.45,2.01
2020-06-08 00:00:00,0.66,0.46,0.6,0.89,0.83,1.46,0.79,0.64,1.9,1.98,1.51,1.56,0.77,0.86,1.5,0.65,0.44,,,0.9,0.48,2.03
2020-06-09 00:00:00,0.69,0.47,0.61,0.89,0.86,1.48,0.8,0.65,1.9,2.01,1.52,1.57,0.78,0.86,1.5,0.67,0.44,,,0.92,0.52,2.06
2020-06-10 00:00:00,0.68,0.47,0.61,0.89,0.86,1.48,0.81,0.65,1.88,2,1.52,1.64,0.79,0.86,1.5,0.67,0.44,,,0.92,0.52,2.08
2020-06-11 00:00:00,0.68,0.47,0.61,0.89,0.86,1.48,0.81,0.65,1.93,1.97,1.53,1.62,0.8,0.86,1.5,0.67,0.44,,,0.93,0.48,2.05
2020-06-12 00:00:00,0.66,0.48,0.6,0.89,0.86,1.48,0.81,0.65,1.97,1.97,1.52,1.61,0.8,0.87,1.5,0.62,0.44,,,0.93,0.48,2.05
2020-06-15 00:00:00,0.68,0.47,0.6,0.89,0.85,1.48,0.8,0.65,1.87,2,1.52,1.59,0.8,0.87,1.5,0.61,0.44,,,0.93,0.48,2.05
2020-06-16 00:00:00,0.69,0.48,0.61,0.86,0.86,1.49,0.8,0.65,1.87,1.97,1.53,1.6,0.81,0.88,1.5,0.62,0.43,,,0.94,0.48,2.05
2020-06-17 00:00:00,0.68,0.49,0.62,0.86,0.86,1.49,0.81,0.64,1.94,1.96,1.52,1.59,0.81,0.88,1.5,0.64,0.43,,,0.96,0.5,2.07
2020-06-18 00:00:00,0.67,0.5,0.62,0.86,0.87,1.5,0.81,0.69,1.94,1.97,1.52,1.61,0.81,0.88,1.5,0.64,0.44,,,0.96,0.48,2.07
2020-06-19 00:00:00,0.67,0.5,0.61,0.86,0.88,1.5,0.82,0.68,1.89,1.98,1.53,1.61,0.82,0.89,1.5,0.64,0.44,,,0.97,0.5,2.04
2020-06-22 00:00:00,0.69,0.52,0.62,0.82,0.89,1.5,0.83,0.7,1.89,1.98,1.53,1.65,0.82,0.91,1.5,0.64,0.44,,,0.99,0.5,2.04
2020-06-23 00:00:00,0.68,0.53,0.62,0.84,0.91,1.51,0.83,0.7,1.91,2,1.52,1.65,0.83,0.92,1.5,0.63,0.44,,,1,0.5,2.06
2020-06-24 00:00:00,0.67,0.53,0.65,0.84,0.91,1.52,0.82,0.69,1.91,2,1.52,1.63,0.82,0.92,1.5,0.63,0.44,,,1.03,0.52,2.08
2020-06-25 00:00:00,0.68,0.53,0.65,0.84,0.94,1.51,0.82,0.76,1.94,2.02,1.52,1.63,0.83,0.94,1.5,0.64,0.44,,,1.03,0.52,2.1
2020-06-26 00:00:00,0.7,0.53,0.65,0.84,0.95,1.51,0.82,0.78,1.94,2.02,1.53,1.64,0.83,0.95,1.5,0.64,0.44,,,1.03,0.55,2.13
2020-06-29 00:00:00,0.7,0.53,0.65,0.84,0.93,1.51,0.82,0.77,1.94,2.02,1.53,1.63,0.83,0.95,1.5,0.64,0.45,,,1.03,0.55,2.16
2020-06-30 00:00:00,0.7,0.54,0.64,0.84,0.93,1.51,0.83,0.76,1.96,2.01,1.52,1.62,0.89,0.96,1.5,0.64,0.46,,,1.01,0.53,2.17
2020-07-01 00:00:00,0.69,0.53,0.64,0.84,0.93,1.52,0.83,0.76,1.91,2.02,1.5,1.64,0.89,0.97,1.5,0.64,0.46,,,1,0.55,2.18
2020-07-02 00:00:00,0.69,0.53,0.63,0.84,0.92,1.52,0.82,0.76,1.91,2,1.48,1.61,0.89,0.96,1.5,0.65,0.46,,,0.99,0.55,2.17
2020-07-03 00:00:00,0.68,0.52,0.61,0.86,0.88,1.51,0.81,0.74,1.89,2,1.47,1.62,0.88,0.94,1.5,0.64,0.45,,,0.99,0.53,2.14
2020-07-06 00:00:00,0.68,0.52,0.61,0.86,0.91,1.51,0.82,0.73,1.88,2.03,1.46,1.61,0.88,0.95,1.5,0.64,0.45,,,1,0.53,2.14
2020-07-07 00:00:00,0.68,0.52,0.61,0.86,0.91,1.51,0.82,0.73,1.88,2.01,1.48,1.62,0.88,0.97,1.5,0.64,0.45,,,1,0.53,2.14
2020-07-08 00:00:00,0.69,0.52,0.61,0.86,0.91,1.51,0.82,0.73,1.87,2.02,1.47,1.62,0.88,0.98,1.5,0.65,0.46,,,0.98,0.53,2.14
2020-07-09 00:00:00,0.7,0.52,0.61,0.86,0.93,1.51,0.83,0.73,1.87,2,1.49,1.67,0.88,0.98,1.5,0.65,0.46,,,1,0.55,2.15
2020-07-10 00:00:00,0.68,0.51,0.59,0.86,0.89,1.5,0.81,0.71,1.88,1.99,1.47,1.64,0.87,0.94,1.5,0.63,0.44,,,0.97,0.52,2.1
2020-07-13 00:00:00,0.66,0.49,0.58,0.86,0.88,1.48,0.79,0.68,1.86,1.95,1.41,1.59,0.86,0.9,1.5,0.61,0.43,,,0.95,0.48,2.09
2020-07-14 00:00:00,0.67,0.5,0.59,0.86,0.9,1.49,0.81,0.69,1.87,1.97,1.44,1.6,0.86,0.92,1.5,0.62,0.44,,,0.97,0.5,2.1
2020-07-15 00:00:00,0.66,0.49,0.58,0.86,0.89,1.49,0.8,0.68,1.86,1.97,1.43,1.59,0.81,0.91,1.5,0.61,0.43,,,0.97,0.5,2.14
2020-07-16 00:00:00,0.66,0.5,0.59,0.86,0.9,1.49,0.81,0.7,1.86,1.98,1.45,1.62,0.82,0.93,1.5,0.62,0.43,,,0.97,0.52,2.11
2020-07-17 00:00:00,0.69,0.51,0.6,0.86,0.91,1.5,0.81,0.72,1.86,1.98,1.46,1.62,0.82,0.95,1.5,0.63,0.44,,,0.97,0.53,2.17
2020-07-20 00:00:00,0.69,0.51,0.61,0.86,0.93,1.51,0.82,0.73,1.89,1.99,1.48,1.64,0.83,0.98,1.5,0.63,0.44,,,0.98,0.58,2.17
2020-07-21 00:00:00,0.7,0.51,0.61,0.91,0.92,1.51,0.81,0.72,1.89,1.99,1.49,1.63,0.82,0.98,1.5,0.63,0.44,,,0.99,0.6,2.23
2020-07-22 00:00:00,0.71,0.51,0.6,0.86,0.92,1.51,0.81,0.7,1.87,1.99,1.49,1.66,0.83,1,1.5,0.63,0.44,,,0.99,0.6,2.21
2020-07-23 00:00:00,0.74,0.51,0.61,0.86,0.93,1.51,0.81,0.72,1.87,1.99,1.48,1.66,0.83,1.03,1.5,0.64,0.45,,,0.99,0.6,2.21
2020-07-24 00:00:00,0.75,0.51,0.61,0.86,0.93,1.51,0.82,0.74,1.88,2.05,1.51,1.68,0.83,1.05,1.5,0.65,0.46,,,1,0.6,2.23
2020-07-27 00:00:00,0.76,0.51,0.62,0.86,0.94,1.52,0.83,0.72,1.96,2.06,1.52,1.65,0.83,1.06,1.5,0.67,0.47,,,1,0.62,2.28
2020-07-28 00:00:00,0.78,0.51,0.62,0.86,0.94,1.52,0.82,0.71,1.99,2.06,1.5,1.65,0.83,1.07,1.5,0.67,0.47,,,0.98,0.62,2.27
2020-07-29 00:00:00,0.75,0.51,0.62,0.86,0.95,1.52,0.82,0.72,1.91,2.07,1.51,1.66,0.83,1.06,1.5,0.67,0.47,,,0.98,0.62,2.27
2020-07-30 00:00:00,0.75,0.51,0.61,0.86,0.94,1.52,0.83,0.71,1.94,2.06,1.52,1.65,0.83,1.06,1.5,0.67,0.47,,,0.97,0.62,2.28
2020-07-31 00:00:00,0.77,0.51,0.62,0.86,0.95,1.52,0.84,0.7,1.95,2.07,1.53,1.69,0.83,1.08,1.5,0.67,0.48,,,0.98,0.63,2.27
2020-08-04 00:00:00,0.77,0.52,0.63,0.87,0.96,1.52,0.84,0.72,2,2.07,1.54,1.72,0.84,1.1,1.5,0.66,0.5,,,0.99,0.65,2.31
2020-08-05 00:00:00,0.75,0.52,0.63,0.87,0.96,1.52,0.84,0.71,1.99,2.06,1.52,1.71,0.83,1.1,1.5,0.66,0.5,,,0.99,0.63,2.3
2020-08-06 00:00:00,0.76,0.52,0.64,0.88,0.96,1.52,0.85,0.73,1.99,2.07,1.56,1.69,0.85,1.1,1.5,0.66,0.5,,,0.99,0.65,2.29
2020-08-07 00:00:00,0.77,0.52,0.64,0.9,0.96,1.52,0.84,0.72,1.99,2.07,1.56,1.71,0.85,1.11,1.5,0.65,0.5,,,1,0.66,2.31
2020-08-10 00:00:00,0.77,0.52,0.63,0.9,0.96,1.53,0.83,0.73,1.99,2.08,1.53,1.69,0.83,1.09,1.5,0.64,0.49,,,0.99,0.64,2.29
2020-08-11 00:00:00,0.76,0.52,0.64,0.9,0.93,1.55,0.84,0.73,1.99,2.08,1.57,1.69,0.84,1.1,1.49,0.65,0.49,,,1,0.67,2.36
2020-08-12 00:00:00,0.77,0.53,0.65,0.9,0.93,1.54,0.82,0.76,1.99,2.07,1.59,1.68,0.85,1.1,1.49,0.64,0.49,,,1.02,0.67,2.36
2020-08-13 00:00:00,0.78,0.53,0.65,0.9,0.92,1.53,0.81,0.75,1.99,2.07,1.61,1.66,0.87,1.12,1.49,0.64,0.48,,,1.01,0.69,2.41
2020-08-14 00:00:00,0.8,0.54,0.66,0.9,0.91,1.53,0.82,0.75,1.99,2.07,1.65,1.67,0.86,1.13,1.49,0.63,0.49,,,1.01,0.78,2.42
2020-08-17 00:00:00,0.81,0.54,0.67,0.9,0.91,1.53,0.81,0.74,1.98,2.07,1.64,1.66,0.86,1.11,1.49,0.64,0.48,,,1.01,0.78,2.44
2020-08-18 00:00:00,0.85,0.54,0.67,0.9,0.92,1.53,0.83,0.73,1.98,2.08,1.62,1.64,0.85,1.11,1.49,0.64,0.48,,,1.01,0.86,2.44
2020-08-19 00:00:00,0.9,0.54,0.69,0.85,0.92,1.53,0.87,0.77,1.97,2.1,1.63,1.73,0.85,1.12,1.49,0.64,0.48,,,1.03,0.93,2.45
2020-08-20 00:00:00,0.98,0.54,0.69,0.9,0.92,1.53,0.87,0.77,1.97,2.1,1.63,1.73,0.85,1.13,1.49,0.64,0.49,,,1.02,0.91,2.46
2020-08-21 00:00:00,0.96,0.53,0.7,0.91,0.92,1.54,0.87,0.79,1.98,2.1,1.63,1.73,0.85,1.16,1.49,0.64,0.49,,,1.03,0.9,2.5
2020-08-24 00:00:00,0.97,0.53,0.7,0.93,0.92,0.49,0.86,0.8,1.97,2.12,1.61,1.68,0.84,1.16,1.49,0.64,0.49,,,1.01,0.88,2.48
2020-08-25 00:00:00,0.93,0.53,0.7,0.93,0.91,0.49,0.85,0.79,1.99,2.12,1.62,1.69,0.83,1.15,1.49,0.64,0.49,,,1,0.86,1.68
2020-08-26 00:00:00,0.92,0.52,0.7,0.93,0.91,0.48,0.83,0.79,1.97,2.11,1.63,1.69,0.82,1.15,1.49,0.65,0.5,,,1,0.88,1.66
2020-08-27 00:00:00,0.97,0.52,0.69,0.91,0.9,0.49,0.83,0.79,1.98,2.11,1.63,1.72,0.83,1.15,1.49,0.65,0.49,,,1,0.9,1.66
2020-08-28 00:00:00,1,0.52,0.7,0.9,0.91,0.49,0.83,0.79,1.85,2.11,1.62,1.76,0.82,1.15,1.49,0.64,0.49,,,0.99,0.91,1.66
2020-08-31 00:00:00,1.03,0.52,0.71,0.9,0.92,0.49,0.81,0.78,1.91,2.02,1.62,1.81,0.82,1.17,1.49,0.65,0.5,,,0.99,0.9,1.66
2020-09-02 00:00:00,1.01,0.52,0.71,0.9,0.91,0.49,0.82,0.78,1.93,2.05,1.64,1.79,0.82,1.18,1.49,0.65,0.5,,,0.99,0.95,1.68
2020-09-03 00:00:00,1,0.52,0.7,0.92,0.91,0.49,0.82,0.78,1.93,2.05,1.64,1.79,0.8,1.18,1.49,0.64,0.5,,,0.99,1.02,1.69
2020-09-04 00:00:00,1,0.51,0.7,0.92,0.91,0.46,0.81,0.78,1.91,2.01,1.62,1.75,0.79,1.16,1.49,0.64,0.5,,,0.98,1.05,1.69
2020-09-07 00:00:00,1.08,0.51,0.7,0.92,0.9,0.46,0.81,0.77,1.93,2,1.64,1.72,0.8,1.18,1.49,0.6,0.52,,,0.99,1.07,1.68
2020-09-08 00:00:00,1.08,0.51,0.7,0.92,0.92,0.46,0.81,0.76,1.93,2,1.64,1.71,0.8,1.19,1.49,0.61,0.52,,,0.98,1.08,1.7
2020-09-09 00:00:00,1.12,0.51,0.71,0.92,0.92,0.46,0.82,0.78,1.93,2.03,1.63,1.73,0.8,1.2,1.49,0.61,0.53,,,1,1.19,1.7
2020-09-10 00:00:00,1.14,0.52,0.72,0.95,0.94,0.46,0.82,0.77,1.93,2.04,1.62,1.76,0.8,1.22,1.49,0.61,0.54,,,0.99,1.2,1.72
2020-09-11 00:00:00,1.16,0.52,0.72,0.95,0.94,0.46,0.83,0.78,1.95,2.05,1.69,1.77,0.81,1.23,1.49,0.61,0.57,,,1,1.19,1.75
2020-09-14 00:00:00,1.2,0.52,0.73,0.96,0.97,0.46,0.83,0.8,1.95,2.06,1.74,1.77,0.81,1.26,1.49,0.63,0.56,,,1,1.3,1.77
2020-09-15 00:00:00,1.25,0.52,0.75,0.97,1.01,0.46,0.83,0.81,1.96,2.08,1.72,1.79,0.81,1.28,1.49,0.63,0.57,,,1,1.59,1.78
2020-09-16 00:00:00,1.25,0.52,0.75,0.97,1.04,0.47,0.83,0.87,1.95,2.12,1.77,1.8,0.81,1.32,1.49,0.64,0.57,,,1.01,1.54,1.87
2020-09-17 00:00:00,1.22,0.55,0.75,0.98,1.06,0.47,0.84,0.88,1.95,2.13,1.87,1.8,0.81,1.35,1.49,0.64,0.58,,,1.02,1.53,1.88
2020-09-18 00:00:00,1.2,0.56,0.76,0.96,1.06,0.47,0.86,0.96,1.95,2.13,1.87,1.82,0.81,1.37,1.49,0.64,0.58,,,1.03,1.68,1.89
2020-09-21 00:00:00,1.25,0.56,0.77,0.94,1.1,0.48,0.87,1.03,1.95,2.14,1.86,1.89,0.82,1.37,1.49,0.64,0.58,,,1.02,1.68,1.93
2020-09-22 00:00:00,1.29,0.55,0.78,0.97,1.08,0.48,0.89,1.07,1.97,2.14,1.78,1.9,0.82,1.36,1.49,0.65,0.58,,,1.03,1.65,2.07
2020-09-23 00:00:00,1.31,0.55,0.78,0.98,1.08,0.48,0.89,1.08,1.97,2.15,1.76,1.88,0.82,1.37,1.49,0.64,0.59,,,1.02,1.66,2.04
2020-09-24 00:00:00,1.32,0.55,0.78,0.96,1.08,0.49,0.88,1.08,1.98,2.18,1.74,1.89,0.85,1.38,1.49,0.65,0.6,,,1.02,1.82,2
2020-09-25 00:00:00,1.34,0.55,0.78,0.95,1.08,0.49,0.89,1.08,1.99,2.22,1.76,1.98,0.85,1.38,1.49,0.64,0.6,,,1.01,1.92,1.99
2020-09-28 00:00:00,1.32,0.55,0.8,0.95,1.13,0.5,0.91,1.08,2.04,2.38,1.75,2,0.85,1.38,,0.66,0.63,,,1.03,1.88,1.98
2020-09-29 00:00:00,1.29,0.55,0.79,0.95,1.15,0.49,0.91,1.07,2.02,2.35,1.73,1.99,0.85,1.39,,0.66,0.62,,,1.03,1.87,1.99
2020-09-30 00:00:00,1.28,0.54,0.78,0.95,1.17,0.5,0.92,1.05,2.04,2.33,1.75,1.98,0.87,1.39,,0.66,0.62,,,1.03,1.97,1.97
2020-10-02 00:00:00,1.31,0.54,0.79,0.95,1.2,0.5,0.95,1.06,2.04,2.35,1.75,1.97,0.87,1.43,,0.66,0.63,,,1.03,2.31,1.97
2020-10-05 00:00:00,1.2,0.5,0.73,0.9,1.02,0.47,0.86,0.92,1.97,2.16,1.58,1.81,0.84,1.29,,0.61,0.57,,,0.99,2.04,1.83
2020-10-06 00:00:00,1.19,0.5,0.73,0.92,1.02,0.46,0.85,0.9,1.98,2.14,1.6,1.78,0.82,1.29,,0.6,0.57,,,0.98,2.05,1.8
2020-10-07 00:00:00,1.2,0.51,0.73,0.92,1.01,0.46,0.86,0.93,1.95,2.15,1.62,1.8,0.8,1.3,,0.61,0.57,,,0.98,2.07,1.82
2020-10-08 00:00:00,1.22,0.52,0.75,0.92,1.06,0.47,0.89,0.96,1.99,2.22,1.77,1.85,0.82,1.35,,0.62,0.6,,,0.99,2.27,1.9
2020-10-09 00:00:00,1.24,0.53,0.76,0.92,1.09,0.47,0.9,1.01,2,2.23,1.98,1.84,0.83,1.38,,0.62,0.61,,,1.01,2.5,1.94
2020-10-12 00:00:00,1.24,0.53,0.76,0.92,1.09,0.48,0.9,1.01,1.99,2.24,2.07,1.89,0.83,1.45,,0.62,0.65,,,1,2.86,1.98
2020-10-13 00:00:00,1.22,0.52,0.75,0.95,1.06,0.48,0.89,0.97,2,2.22,1.98,1.9,0.82,1.54,,0.62,0.65,,,1,2.97,2.05
2020-10-14 00:00:00,1.25,0.53,0.78,0.95,1.08,0.47,0.89,0.99,2.03,2.24,1.95,1.89,0.82,1.67,,0.62,0.65,,,1,2.84,2.14
2020-10-15 00:00:00,1.38,0.53,0.79,0.95,1.09,0.47,0.89,1.01,2.03,2.24,1.92,1.89,0.83,1.7,,0.62,0.64,,,1,3.06,2.07
2020-10-16 00:00:00,1.5,0.53,0.79,0.97,1.07,0.48,0.9,1.01,2.08,2.25,1.93,1.88,0.84,1.71,,0.62,0.64,,,1,3.2,2.06
2020-10-19 00:00:00,1.41,0.53,0.79,0.98,1.07,0.47,0.91,1.01,2.09,2.25,1.96,1.88,0.84,1.69,,0.61,0.64,,,1.01,3.3,2.05
2020-10-20 00:00:00,1.4,0.53,0.79,0.96,1.07,0.47,0.9,1,2.08,2.25,1.92,1.88,0.84,1.68,,0.61,0.63,,,1.01,3.28,2.04
2020-10-21 00:00:00,1.3,0.51,0.75,0.97,1,0.46,0.85,0.93,2.05,2.17,1.94,1.81,0.82,1.56,,0.58,0.59,,,0.99,2.94,1.91
2020-10-22 00:00:00,1.33,0.51,0.76,0.96,1.02,0.46,0.87,0.94,2.05,2.21,1.94,1.83,0.81,1.6,,0.59,0.61,,,1,3.08,1.95
2020-10-23 00:00:00,1.33,0.52,0.76,0.93,1.03,0.47,0.86,0.93,2.05,2.21,1.99,1.86,0.81,1.59,,0.6,0.61,,,1,3.04,1.96
2020-10-26 00:00:00,1.3,0.51,0.74,0.94,1,0.46,0.85,0.93,2.02,2.17,1.95,1.85,0.83,1.54,,0.59,0.59,,,0.99,2.95,1.91
2020-10-27 00:00:00,1.29,0.51,0.74,0.94,1.01,0.46,0.85,0.92,2.01,2.19,1.91,1.85,0.82,1.57,,0.58,0.59,,,1,3.02,1.91
2020-10-28 00:00:00,1.25,0.5,0.73,0.93,0.99,0.45,0.83,0.9,2.01,2.15,1.88,1.81,0.82,1.53,,0.57,0.58,,,0.98,2.9,1.88
2020-10-29 00:00:00,1.29,0.51,0.75,0.93,1.02,0.46,0.86,0.94,2.01,2.2,1.93,1.85,0.83,1.61,,0.59,0.6,,,0.98,3.09,1.94
2020-11-02 00:00:00,1.28,0.51,0.75,0.93,1.01,0.46,0.85,0.97,2.01,2.2,1.89,1.84,0.84,1.61,,0.59,0.59,,,0.99,3.23,1.94
2020-11-03 00:00:00,1.31,0.51,0.77,0.93,1.03,0.47,0.88,1,2.04,2.23,1.93,1.93,0.85,1.66,,0.6,0.61,,,1.01,3.81,2.01
2020-11-04 00:00:00,1.31,0.52,0.78,0.93,1.05,0.47,0.89,0.97,2.06,2.24,1.96,1.95,0.85,1.7,,0.61,0.63,,,1.02,4.09,2.06
2020-11-05 00:00:00,1.32,0.52,0.8,0.93,1.07,0.48,0.9,0.98,2.06,2.26,1.95,1.93,0.86,1.8,,0.61,0.63,,,1.05,4.25,2.04
2020-11-06 00:00:00,1.37,0.53,0.83,0.96,1.12,0.48,0.91,0.98,2.06,2.28,1.97,2.06,0.87,1.86,,0.61,0.66,,,1.04,4.22,2.03
2020-11-09 00:00:00,1.33,0.52,0.84,0.96,1.13,0.47,0.9,0.98,2.03,2.28,2,2.03,0.87,1.84,,0.61,0.72,,,1.04,4.81,2.06
2020-11-10 00:00:00,1.3,0.53,0.84,0.96,1.13,0.51,0.91,0.96,2.03,2.27,1.99,1.99,0.88,1.74,,0.61,0.68,,,1.04,4.44,2.04
2020-11-11 00:00:00,1.3,0.54,0.84,0.95,1.12,0.49,0.9,0.94,2.03,2.27,1.98,1.99,0.86,1.75,,0.61,0.69,,,1.05,4.35,2.05
2020-11-12 00:00:00,1.29,0.53,0.84,0.95,1.11,0.49,0.9,0.95,2.06,2.28,1.95,1.97,0.86,1.73,,0.61,0.68,,,1.07,4.38,2.09
2020-11-13 00:00:00,1.29,0.53,0.84,0.95,1.1,0.49,0.9,0.95,2.06,2.28,1.96,1.94,0.86,1.73,,0.61,0.68,,,1.07,4.38,2.15
2020-11-16 00:00:00,1.27,0.52,0.84,1.06,1.1,0.49,0.9,0.97,2.14,2.27,1.96,1.96,0.86,1.73,,0.61,0.68,,,1.06,4.44,2.16
2020-11-17 00:00:00,1.3,0.52,0.85,1.04,1.12,0.49,0.9,0.98,2.1,2.27,1.96,1.98,0.86,1.77,,0.6,0.69,,,1.08,4.69,2.16
2020-11-18 00:00:00,1.3,0.52,0.84,1.11,1.13,0.49,0.89,0.96,2.1,2.29,1.95,1.98,0.86,1.78,,0.61,0.7,,,1.07,4.59,2.16
2020-11-19 00:00:00,1.29,0.52,0.84,1.06,1.11,0.48,0.89,0.95,2.02,2.27,1.94,1.99,0.86,1.75,,0.6,0.68,,,1.07,4.45,2.15
2020-11-20 00:00:00,1.29,0.52,0.84,1.1,1.11,0.48,0.89,0.95,2.01,2.3,1.95,2,0.86,1.77,,0.6,0.69,,,1.05,4.5,2.13
2020-11-23 00:00:00,1.3,0.52,0.84,1.1,1.12,0.48,0.88,0.95,2.03,2.29,1.93,1.99,0.86,1.76,,0.61,0.69,,,1.05,4.52,2.11
2020-11-24 00:00:00,1.35,0.52,0.85,1.1,1.14,0.49,0.88,0.95,2.03,2.29,1.93,1.99,0.87,1.78,,0.61,0.7,,,1.06,4.37,2.11
2020-11-25 00:00:00,1.43,0.52,0.86,1.14,1.14,0.5,0.89,0.96,2.03,2.31,1.94,1.99,0.86,1.84,,0.61,0.7,,,1.06,4.33,2.11
2020-11-26 00:00:00,1.42,0.52,0.86,1.13,1.15,0.5,0.89,0.94,2.05,2.31,1.94,1.98,0.86,1.85,,0.61,0.7,,,1.06,4.3,2.11
2020-11-27 00:00:00,1.45,0.52,0.87,1.13,1.15,0.53,0.89,0.94,2.02,2.32,2.01,1.98,0.86,1.86,,0.61,0.7,,,1.08,4.45,2.1
2020-11-30 00:00:00,1.51,0.53,0.88,1.08,1.19,0.54,0.89,0.98,2.03,2.35,2.01,1.97,0.86,1.88,,0.61,0.7,,,1.07,4.62,2.12
2020-12-01 00:00:00,1.49,0.54,0.89,1.08,1.21,0.57,0.91,0.98,2.06,2.36,2.04,2.01,0.87,1.9,,0.62,0.7,,,1.07,4.57,2.11
2020-12-02 00:00:00,1.47,0.55,0.89,1.07,1.22,0.57,0.91,0.98,2.04,2.38,2.11,1.98,0.87,1.9,,0.63,0.7,,,1.08,4.5,2.1
2020-12-03 00:00:00,1.39,0.55,0.89,1.08,1.22,0.57,0.91,1.01,2.07,2.38,2.1,2.01,0.88,1.91,,0.65,0.69,,,1.08,4.47,2.12
2020-12-04 00:00:00,1.38,0.55,0.9,1.06,1.24,0.6,0.92,1.11,2.08,2.38,2.11,2.08,0.87,1.92,,0.65,0.7,,,1.08,4.39,2.18
2020-12-07 00:00:00,1.36,0.57,0.9,1.07,1.27,0.64,0.93,1.18,2.11,2.38,2.1,2.11,0.89,1.94,,0.66,0.71,,,1.11,4.3,2.21
2020-12-08 00:00:00,1.38,0.58,0.92,1.1,1.26,0.63,0.95,1.17,2.12,2.41,2.1,2.08,0.89,1.97,,0.66,0.72,,,1.12,4.34,2.21
2020-12-09 00:00:00,1.4,0.58,0.93,1.09,1.27,0.63,0.96,1.15,2.12,2.45,2.14,2.13,0.89,1.96,,0.66,0.75,,,1.12,4.27,2.2
2020-12-10 00:00:00,1.37,0.58,0.93,1.1,1.27,0.62,0.95,1.12,2.14,2.45,2.13,2.16,0.89,1.95,,0.66,0.76,,,1.12,4.47,2.2
2020-12-11 00:00:00,1.38,0.57,0.94,1.07,1.27,0.62,0.95,1.14,2.13,2.47,2.17,2.13,0.89,1.97,,0.65,0.76,,,1.12,4.44,2.21
2020-12-14 00:00:00,1.37,0.57,0.95,1.07,1.27,0.63,0.95,1.12,2.15,2.49,2.35,2.13,0.89,1.98,,0.65,0.77,,,1.12,4.35,2.24
2020-12-15 00:00:00,1.37,0.56,0.94,1.07,1.27,0.62,0.93,1.11,2.12,2.49,2.43,2.11,0.89,1.97,,0.65,0.77,,,1.11,4.34,2.21
2020-12-16 00:00:00,1.35,0.56,0.94,1.07,1.26,0.62,0.93,1.1,2.13,2.5,2.48,2.12,0.89,1.97,,0.64,0.76,,,1.11,4.29,2.19
2020-12-17 00:00:00,1.35,0.55,0.94,1.06,1.28,0.62,0.92,1.09,2.12,2.51,2.48,2.06,0.89,1.94,,0.64,0.75,,,1.11,4.45,2.18
2020-12-18 00:00:00,1.35,0.55,0.93,1.03,1.27,0.62,0.94,1.06,2.13,2.5,2.52,2.08,0.89,1.95,,0.64,0.74,,,1.1,4.53,2.17
2020-12-21 00:00:00,1.34,0.55,0.93,1.03,1.28,0.62,0.94,1.06,2.14,2.5,2.48,2.07,0.89,1.99,,0.64,0.73,,,1.09,4.78,2.14
2020-12-22 00:00:00,1.36,0.55,0.93,1.03,1.27,0.61,0.93,1.07,2.14,2.51,2.49,2.08,0.88,2.03,,0.65,0.74,,,1.1,4.87,2.14
2020-12-23 00:00:00,1.36,0.55,0.92,1.03,1.3,0.61,0.93,1.08,2.13,2.51,2.52,2.07,0.88,2.02,,0.65,0.75,,,1.09,4.78,2.16
2020-12-24 00:00:00,1.35,0.55,0.93,1.02,1.34,0.61,0.94,1.08,2.15,2.54,2.55,2.1,0.89,2.03,,0.65,0.77,,,1.1,4.82,2.14
2020-12-28 00:00:00,1.35,0.55,0.94,1.06,1.32,0.61,0.94,1.1,2.14,2.53,2.54,2.26,0.89,2.03,,0.65,0.76,,,1.11,4.83,2.15
2020-12-30 00:00:00,1.39,0.56,0.95,1.06,1.33,0.62,0.94,1.1,2.14,2.55,2.56,2.28,0.92,2.04,,0.65,0.77,,,1.11,5.05,2.14
2020-12-31 00:00:00,1.4,0.56,0.95,1.05,1.32,0.62,0.93,1.1,2.18,2.57,2.62,2.29,0.92,2.07,,0.65,0.77,,,1.11,5.14,2.15
2021-01-04 00:00:00,1.44,0.57,0.96,1.1,1.34,0.62,0.95,1.11,2.14,2.65,2.61,2.29,0.93,2.1,,0.66,0.77,,,1.11,5.47,2.15
2021-01-05 00:00:00,1.52,0.58,0.97,1.09,1.42,0.62,0.96,1.14,2.17,2.7,2.57,2.28,0.92,2.12,,0.66,0.78,,,1.12,5.67,2.17
2021-01-06 00:00:00,1.52,0.58,0.98,1.15,1.44,0.6,0.96,1.17,2.17,2.73,2.56,2.16,0.93,2.12,,0.66,0.79,,,1.14,5.59,1.79
2021-01-07 00:00:00,1.5,0.58,0.98,1.09,1.41,0.6,0.98,1.14,2.17,2.78,2.55,2.22,0.93,2.13,,0.66,0.78,,,1.16,5.5,1.79
2021-01-08 00:00:00,1.51,0.58,0.98,1.15,1.4,0.6,0.98,1.15,2.23,2.78,2.55,2.22,0.93,2.13,,0.65,0.79,,,1.16,6.08,1.76
2021-01-11 00:00:00,1.51,0.58,1,1.07,1.41,0.6,0.98,1.16,2.25,2.82,2.54,2.19,0.92,2.15,,0.65,0.8,,,1.18,6.83,1.76
2021-01-12 00:00:00,1.53,0.58,1,1.09,1.4,0.6,1.03,1.15,2.38,2.83,2.5,2.19,0.9,2.3,,0.65,0.83,,,1.18,7.31,1.77
2021-01-13 00:00:00,1.6,0.57,1.02,1.11,1.45,0.59,1.11,1.15,2.35,2.86,2.51,2.19,0.91,2.38,,0.65,0.83,,,1.19,8.32,1.76
2021-01-15 00:00:00,1.6,0.59,1.08,1.1,1.46,0.6,1.23,1.2,2.34,2.9,2.54,2.18,0.91,2.47,,0.66,0.84,,,1.25,9.44,1.75
2021-01-18 00:00:00,1.63,0.61,1.12,1.08,1.44,0.62,1.37,1.27,2.29,2.9,2.49,2.19,0.92,2.5,,0.68,0.84,,,1.22,9.51,1.76
2021-01-19 00:00:00,1.59,0.66,1.1,1.08,1.46,0.61,1.28,1.29,2.29,2.84,2.52,2.15,0.92,2.44,,0.67,0.82,,,1.21,8.85,1.79
2021-01-20 00:00:00,1.61,0.67,1.11,1.08,1.46,0.61,1.29,1.29,2.29,2.84,2.51,2.16,0.92,2.5,,0.67,0.82,,,1.22,9.07,1.83
2021-01-21 00:00:00,1.76,0.66,1.2,1.08,1.57,0.62,1.37,1.26,2.31,2.85,2.52,2.14,0.93,2.84,,0.68,0.9,,,1.23,8.97,1.83
2021-01-22 00:00:00,1.76,0.68,1.24,1.13,1.6,0.63,1.52,1.3,2.4,2.99,2.5,2.2,0.95,2.81,,0.71,0.9,,,1.21,9.74,1.82
2021-01-25 00:00:00,1.7,0.7,1.29,1.13,1.58,0.62,1.56,1.32,2.43,3.04,2.52,2.26,0.95,3.01,,0.71,0.91,,,1.22,10.94,1.83
2021-01-26 00:00:00,1.67,0.7,1.29,1.12,1.6,0.61,1.59,1.27,2.49,2.99,2.47,2.23,0.96,3.05,,0.72,0.89,,,1.21,10.79,1.8
2021-01-27 00:00:00,1.62,0.68,1.35,1.07,1.59,0.61,1.77,1.27,2.53,2.96,2.38,2.19,0.96,3.02,,0.73,0.87,,,1.21,9.89,1.79
2021-01-29 00:00:00,1.51,0.71,1.32,1.08,1.53,0.6,1.73,1.23,2.52,2.9,2.32,2.19,0.95,2.89,,0.75,0.83,,,1.19,8.93,1.78
2021-02-01 00:00:00,1.5,0.69,1.3,1.07,1.49,0.59,1.7,1.16,2.51,2.9,2.37,2.19,0.95,2.84,,0.72,0.82,,,1.17,9.07,1.75
2021-02-02 00:00:00,1.34,0.64,1.18,1.01,1.39,0.57,1.58,1.11,2.43,2.75,2.22,2.11,0.91,2.6,,0.68,0.76,,,1.13,8.19,1.68
2021-02-03 00:00:00,1.46,0.66,1.22,1.02,1.44,0.58,1.64,1.18,2.52,2.78,2.32,2.18,0.93,2.75,,0.69,0.79,,,1.15,8.83,1.73
2021-02-05 00:00:00,1.49,0.65,1.22,1.04,1.48,0.58,1.6,1.18,2.49,2.8,2.31,2.14,0.92,2.86,,0.69,0.81,,,1.16,9.6,1.74
2021-02-08 00:00:00,1.45,0.63,1.2,1.07,1.47,0.58,1.52,1.13,2.48,2.71,2.29,2.1,0.92,2.98,,0.69,0.8,,,1.15,9.54,1.69
2021-02-09 00:00:00,1.42,0.62,1.17,1.09,1.42,0.57,1.47,1.12,2.42,2.69,2.26,2.11,0.92,2.87,,0.68,0.78,,,1.12,9.22,1.64
2021-02-10 00:00:00,1.37,0.61,1.13,1.07,1.35,0.56,1.44,1.06,2.45,2.6,2.2,2.04,0.91,2.62,,0.66,0.76,,,1.12,8.77,1.61
2021-02-11 00:00:00,1.29,0.6,1.1,1.05,1.34,0.55,1.41,1.04,2.44,2.57,2.1,2.05,0.89,2.57,,0.67,0.76,,,1.11,8.42,1.59
2021-02-12 00:00:00,1.42,0.62,1.18,1.05,1.39,0.56,1.52,1.13,2.46,2.69,2.17,2.1,0.91,2.67,,0.69,0.77,,,1.13,9.23,1.63
2021-02-15 00:00:00,1.37,0.62,1.2,1.02,1.4,0.56,1.48,1.08,2.47,2.63,2.15,2.07,0.9,2.61,,0.67,0.76,,,1.15,8.81,1.62
2021-02-16 00:00:00,1.34,0.6,1.14,0.96,1.33,0.55,1.35,1.02,2.43,2.56,2.11,1.99,0.88,2.47,,0.66,0.73,,,1.14,8.15,1.58
2021-02-17 00:00:00,1.28,0.6,1.16,0.95,1.33,0.54,1.33,1,2.45,2.56,2.09,1.96,0.88,2.51,,0.67,0.73,,,1.14,8.38,1.57
2021-02-18 00:00:00,1.34,0.6,1.18,0.95,1.38,0.55,1.4,1.08,2.43,2.58,2.08,2.03,0.88,2.58,,0.67,0.75,,,1.12,8.6,1.57
2021-02-19 00:00:00,1.29,0.61,1.17,0.95,1.41,0.57,1.45,1.05,2.44,2.6,2.1,2.05,0.88,2.57,,0.67,0.74,,,1.13,8.45,1.58
2021-02-22 00:00:00,1.29,0.6,1.13,0.99,1.36,0.55,1.38,1,2.43,2.56,2.09,2.04,0.88,2.46,,0.66,0.72,,,1.15,7.95,1.56
2021-02-23 00:00:00,1.24,0.58,1.07,0.97,1.29,0.54,1.33,0.96,2.4,2.5,2.03,2.03,0.87,2.29,,0.65,0.69,,,1.13,7.27,1.56
2021-02-24 00:00:00,1.24,0.58,1.08,0.99,1.31,0.54,1.32,0.96,2.39,2.52,2.07,2.05,0.89,2.33,,0.65,0.7,,,1.12,7.36,1.54
2021-02-25 00:00:00,1.27,0.59,1.09,0.96,1.31,0.54,1.34,0.97,2.45,2.55,2.1,2.04,0.89,2.37,,0.65,0.71,,,1.13,8.35,1.54
2021-03-01 00:00:00,1.25,0.59,1.08,0.97,1.3,0.54,1.33,0.99,2.45,2.51,2.08,2.04,0.89,2.32,,0.64,0.73,,,1.13,8.45,1.5
2021-03-02 00:00:00,1.23,0.58,1.07,0.97,1.28,0.54,1.3,0.99,2.43,2.48,2.08,2.02,0.89,2.27,,0.64,0.72,,,1.13,8.26,1.49
2021-03-03 00:00:00,1.21,0.57,1.03,0.97,1.25,0.52,1.25,0.97,2.41,2.47,2.02,1.96,0.89,2.17,,0.62,0.7,,,1.12,8.02,1.49
2021-03-04 00:00:00,1.16,0.57,1,0.94,1.23,0.52,1.19,0.95,2.41,2.41,1.96,1.95,0.87,2.09,,0.62,0.68,,,1.12,7.74,1.46
2021-03-05 00:00:00,1.16,0.57,1.01,0.93,1.22,0.52,1.2,0.94,2.39,2.43,1.94,1.95,0.87,2.15,,0.62,0.67,,,1.11,7.95,1.47
2021-03-08 00:00:00,1.24,0.59,1.08,0.88,1.26,0.52,1.26,0.98,2.44,2.5,1.99,1.97,0.88,2.32,,0.65,0.68,,,1.13,8.69,1.5
2021-03-09 00:00:00,1.27,0.59,1.07,0.92,1.28,0.53,1.25,0.96,2.45,2.48,2.01,2.01,0.88,2.28,,0.65,0.67,,,1.13,8.35,1.5
2021-03-10 00:00:00,1.24,0.57,1.06,0.93,1.26,0.53,1.23,0.96,2.45,2.46,1.97,2.01,0.87,2.26,,0.65,0.68,,,1.12,8.27,1.5
2021-03-12 00:00:00,1.23,0.58,1.07,0.88,1.26,0.53,1.23,0.94,2.46,2.45,1.98,1.98,0.88,2.29,,0.64,0.69,,,1.14,8.54,1.5
2021-03-15 00:00:00,1.22,0.57,1.05,0.88,1.24,0.52,1.22,0.93,2.43,2.44,1.94,1.98,0.87,2.24,,0.64,0.68,,,1.13,8.36,1.49
2021-03-16 00:00:00,1.19,0.57,1.04,0.91,1.24,0.51,1.21,0.92,2.43,2.43,1.91,1.98,0.87,2.21,,0.63,0.68,,,1.13,8.26,1.49
2021-03-17 00:00:00,1.18,0.57,1.03,0.88,1.24,0.51,1.17,0.91,2.45,2.38,1.9,1.99,0.87,2.17,,0.62,0.67,,,1.13,8.02,1.47
2021-03-18 00:00:00,1.14,0.52,1.01,0.89,1.21,0.51,1.13,0.95,2.36,2.39,1.82,1.98,0.86,2.03,,0.62,0.66,,,1.09,7.58,1.45
2021-03-19 00:00:00,1.14,0.52,0.99,0.89,1.21,0.5,1.11,0.93,2.34,2.36,1.85,1.96,0.87,1.99,,0.61,0.64,,,1.1,7.41,1.42
2021-03-22 00:00:00,1.16,0.52,1.01,0.88,1.21,0.51,1.14,0.95,2.33,2.44,1.91,1.96,0.86,2.04,,0.61,0.66,,,1.05,7.69,1.43
2021-03-23 00:00:00,1.12,0.52,1.02,0.88,1.22,0.51,1.14,0.94,2.33,2.44,1.89,1.96,0.85,2.02,,0.6,0.66,,,1.04,7.73,1.43
2021-03-24 00:00:00,1.21,0.54,1.04,0.88,1.26,0.52,1.19,0.95,2.32,2.53,1.92,1.98,0.83,2.1,,0.59,0.67,,,1.04,8.17,1.47
2021-03-25 00:00:00,1.17,0.53,1.03,0.93,1.26,0.52,1.17,0.92,2.32,2.52,1.96,1.99,0.83,2.08,,0.6,0.66,,,1.05,7.87,1.47
2021-03-26 00:00:00,1.19,0.52,1.04,0.87,1.26,0.55,1.16,0.91,2.32,2.54,1.86,1.96,0.83,2.08,,0.6,0.66,,,1.04,7.94,1.47
2021-03-29 00:00:00,1.19,0.53,1.04,0.87,1.26,0.56,1.16,0.91,2.37,2.61,1.9,1.96,0.87,2.09,,0.63,0.67,,,1.05,8.04,1.46
2021-03-30 00:00:00,1.18,0.53,1.04,0.87,1.26,0.56,1.15,0.92,2.38,2.6,1.88,1.95,0.87,2.09,,0.63,0.66,,,1.06,7.96,1.46
2021-03-31 00:00:00,1.21,0.51,1.04,0.88,1.26,0.56,1.16,0.96,2.38,2.38,1.91,1.95,0.84,2.09,,0.64,0.67,,,1.05,7.94,1.46
2021-04-01 00:00:00,1.24,0.51,1.06,0.89,1.27,0.56,1.17,0.96,2.37,2.39,1.93,1.99,0.85,2.12,,0.65,0.66,,,1.05,8.17,1.48
2021-04-05 00:00:00,1.27,0.51,1.07,0.88,1.27,0.56,1.17,0.99,2.37,2.37,1.91,2,0.84,2.14,,0.66,0.66,,,1,8.2,1.49
2021-04-06 00:00:00,1.32,0.51,1.1,0.9,1.3,0.56,1.16,0.97,2.37,2.35,1.86,2.08,0.84,2.22,,0.65,0.67,,,1.02,8.36,1.48
2021-04-07 00:00:00,1.27,0.51,1.11,0.92,1.31,0.58,1.18,0.97,2.37,2.35,1.84,2.03,0.83,2.22,,0.64,0.67,,,1.02,8.41,1.47
2021-04-08 00:00:00,1.28,0.52,1.12,0.93,1.33,0.58,1.21,0.98,2.37,2.37,1.82,2.06,0.83,2.26,,0.65,0.67,,,1.03,8.73,1.45
2021-04-09 00:00:00,1.29,0.52,1.13,0.89,1.29,0.58,1.23,0.98,2.4,2.37,1.82,2.06,0.82,2.18,,0.66,0.69,,,1.03,8.82,1.45
2021-04-12 00:00:00,1.31,0.54,1.16,0.93,1.31,0.58,1.24,1.01,2.4,2.4,1.87,2.1,0.82,2.21,,0.66,0.72,,,1.04,9.28,1.45
2021-04-15 00:00:00,1.35,0.53,1.17,0.93,1.31,0.59,1.29,1.02,2.4,2.4,1.85,2.12,0.82,2.27,,0.66,0.74,,,1.04,9.34,1.47
2021-04-16 00:00:00,1.34,0.53,1.14,0.87,1.32,0.59,1.27,1,2.37,2.33,1.85,2.1,0.82,2.26,,0.65,0.73,,,1.04,9.27,1.46
2021-04-19 00:00:00,1.32,0.53,1.13,0.85,1.31,0.59,1.26,0.99,2.37,2.32,1.86,2.11,0.8,2.23,,0.65,0.71,,,1.04,9.09,1.45
2021-04-20 00:00:00,1.28,0.52,1.08,0.85,1.27,0.58,1.21,0.95,2.37,2.29,1.86,2.05,0.8,2.12,,0.64,0.69,,,1.02,8.54,1.45
2021-04-21 00:00:00,1.3,0.52,1.1,0.85,1.27,0.58,1.23,0.97,2.38,2.3,1.86,2.08,0.8,2.16,,0.64,0.7,,,1.02,8.8,1.46
2021-04-22 00:00:00,1.27,0.52,1.08,0.85,1.28,0.57,1.2,0.95,2.35,2.28,1.82,2.09,0.8,2.11,,0.61,0.68,,,1.02,8.49,2.9
2021-04-23 00:00:00,1.25,0.51,1.06,0.85,1.27,0.56,1.18,0.94,2.36,2.27,1.84,2.08,0.8,2.06,,0.61,0.68,,,1.01,8.17,2.85
2021-04-27 00:00:00,1.21,0.49,1.03,0.84,1.26,0.56,1.14,0.9,2.34,2.24,1.81,2.03,0.78,2.01,,0.6,0.66,,,0.99,7.81,2.8
2021-04-28 00:00:00,1.25,0.5,1.07,0.82,1.29,0.56,1.2,0.92,2.31,2.26,1.85,2.08,0.79,2.09,,0.61,0.68,,,0.99,8.45,2.82
2021-04-29 00:00:00,1.25,0.5,1.06,0.82,1.27,0.57,1.19,0.92,2.31,2.26,1.89,2.09,0.79,2.07,,0.61,0.68,,,1,8.49,2.83
2021-04-30 00:00:00,1.25,0.5,1.06,0.82,1.28,0.56,1.19,0.92,2.31,2.27,1.89,2.08,0.77,2.07,,0.61,0.67,,,0.99,8.29,2.84
2021-05-03 00:00:00,1.24,0.5,1.05,0.82,1.26,0.55,1.21,0.91,2.31,2.29,1.91,2.09,0.76,2.02,,0.62,0.66,,,1,8.08,2.83
2021-05-04 00:00:00,1.25,0.5,1.03,0.82,1.25,0.55,1.18,0.89,2.3,2.25,1.92,2.05,0.75,1.99,,0.61,0.66,,,0.99,7.87,2.82
2021-05-05 00:00:00,1.25,0.5,1.03,0.82,1.25,0.55,1.18,0.9,2.3,2.27,1.92,2.09,0.76,2.01,,0.6,0.66,,,1,8.06,2.83
2021-05-06 00:00:00,1.26,0.5,1.03,0.81,1.26,0.55,1.19,0.91,2.31,2.29,1.93,2.08,0.76,2.03,,0.6,0.67,,,1,8.08,2.85
2021-05-07 00:00:00,1.26,0.51,1.06,0.84,1.27,0.55,1.2,0.92,2.32,2.29,1.91,2.08,0.75,2.02,,0.6,0.67,,,0.99,8.1,2.85
2021-05-10 00:00:00,1.24,0.5,1.04,0.81,1.25,0.55,1.18,0.89,2.32,2.23,1.92,2.03,0.73,1.98,,0.61,0.66,,,0.98,7.85,2.83
2021-05-11 00:00:00,1.26,0.5,1.04,0.81,1.31,0.55,1.18,0.9,2.29,2.22,1.97,2.08,0.73,1.99,,0.61,0.65,,,0.98,7.85,2.85
2021-05-12 00:00:00,1.25,0.5,1.03,0.81,1.3,0.55,1.18,0.9,2.32,2.23,1.98,2.05,0.74,1.98,,0.61,0.65,,,0.98,7.85,2.83
2021-05-13 00:00:00,1.26,0.5,1.04,0.81,1.31,0.55,1.2,0.9,2.33,2.26,1.99,2.08,0.74,2,,0.61,0.65,,,0.98,7.9,2.85
2021-05-17 00:00:00,1.27,0.51,1.06,0.81,1.32,0.55,1.23,0.91,2.33,2.27,2.09,2.1,0.74,2.05,,0.61,0.67,,,0.99,8.34,2.9
2021-05-18 00:00:00,1.27,0.52,1.06,0.83,1.33,0.56,1.22,0.91,2.35,2.28,2.07,2.08,0.74,2.07,,0.61,0.66,,,1,8.39,2.89
2021-05-19 00:00:00,1.27,0.52,1.06,0.83,1.33,0.56,1.22,0.91,2.35,2.27,2.08,2.08,0.74,2.04,,0.6,0.65,,,1,8.36,2.91
2021-05-20 00:00:00,1.27,0.51,1.05,0.83,1.32,0.55,1.21,0.93,2.32,2.26,2.05,2.08,0.74,2,,0.61,0.65,,,1,8.14,2.87
2021-05-21 00:00:00,1.26,0.51,1.03,0.82,1.32,0.55,1.2,0.9,2.33,2.24,2.03,2.06,0.73,1.97,,0.6,0.64,,,1,8.02,2.86
2021-05-24 00:00:00,1.25,0.51,1.04,0.82,1.31,0.55,1.2,0.9,2.35,2.25,2.03,2.04,0.73,1.97,,0.61,0.65,,,1,7.93,2.86
2021-05-25 00:00:00,1.27,0.52,1.03,0.84,1.32,0.55,1.22,0.91,2.36,2.25,2.04,2.04,0.73,1.97,,0.61,0.65,,,1,8.2,2.88
2021-05-28 00:00:00,1.27,0.53,1.05,0.84,1.33,0.55,1.24,0.91,2.39,2.24,2.04,2.05,0.74,1.99,,0.61,0.66,,,1.01,8.3,2.89
2021-05-31 00:00:00,1.27,0.53,1.07,0.84,1.35,0.56,1.26,1.01,2.38,2.24,2.18,2.07,0.74,1.98,,0.61,0.68,,,1.02,8.17,2.95
2021-06-01 00:00:00,1.26,0.54,1.07,0.92,1.35,0.56,1.28,1.04,2.43,2.27,2.12,2.1,0.74,1.98,,0.61,0.67,,,1.02,8.06,2.93
2021-06-02 00:00:00,1.27,0.54,1.06,0.91,1.34,0.57,1.28,1.04,2.37,2.26,2.09,2.06,0.75,1.99,,0.62,0.67,,,1.02,4.61,2.93
2021-06-03 00:00:00,1.28,0.54,1.08,0.88,1.36,0.55,1.3,1.02,2.4,2.27,2.1,1.92,0.75,2.03,,0.63,0.67,,,1.02,4.71,2.9
2021-06-04 00:00:00,1.3,0.54,1.08,0.89,1.36,0.56,1.33,0.99,2.43,2.27,2.08,1.91,0.74,2.03,,0.63,0.68,,,1.03,4.83,2.94
2021-06-07 00:00:00,1.3,0.55,1.08,0.88,1.38,0.55,1.3,0.99,2.42,2.29,2.05,1.89,0.74,2.03,,0.63,0.69,,,1.03,4.94,2.92
2021-06-08 00:00:00,1.3,0.54,1.06,0.87,1.37,0.54,1.26,0.99,2.4,2.27,2.04,1.95,0.74,2.01,,0.75,0.69,,,1.02,4.86,2.93
2021-06-09 00:00:00,1.3,0.54,1.06,0.87,1.37,0.54,1.26,1,2.38,2.3,2.04,1.92,0.74,2.03,,0.74,0.69,,,1.01,4.88,2.94
2021-06-10 00:00:00,1.29,0.54,1.07,0.89,1.38,0.55,1.27,0.99,2.41,2.29,2.02,1.98,0.75,2.05,,0.74,0.69,,,1.02,4.94,2.96
2021-06-11 00:00:00,1.29,0.55,1.06,0.86,1.37,0.55,1.29,0.99,2.43,2.3,2.04,1.94,0.74,2.03,,0.74,0.7,,,1.03,4.87,2.97
2021-06-14 00:00:00,1.28,0.54,1.04,0.82,1.35,0.52,1.14,1.03,2.23,2.15,2,1.89,0.74,2.07,,0.7,0.62,,,1.02,4.86,2.83
2021-06-15 00:00:00,1.15,0.53,0.98,0.82,1.28,0.53,1.23,0.99,2.04,2.11,1.88,1.91,0.74,1.98,,0.7,0.61,,,0.98,4.01,0.02
2021-06-16 00:00:00,1.16,0.53,0.99,0.84,1.29,0.53,1.25,1.01,2.04,2.1,1.85,1.93,0.75,2,,0.7,0.61,,,0.98,4.2,0.02
2021-06-17 00:00:00,1.15,0.53,0.99,0.86,1.28,0.53,1.16,0.98,2.02,2.1,1.9,1.97,0.75,2.03,,0.69,0.61,,,0.98,4.33,0.02
2021-06-18 00:00:00,1.15,0.53,0.99,0.86,1.27,0.53,1.2,0.99,2.05,2.1,1.91,2.01,0.75,2.04,,0.7,0.62,,,0.99,4.31,0.02
2021-06-21 00:00:00,1.14,0.53,0.98,0.86,1.27,0.54,1.22,0.97,2.05,2.12,1.91,1.97,0.74,2.01,,0.7,0.63,,,0.98,4.22,0.02
2021-06-22 00:00:00,1.14,0.52,0.97,0.84,1.26,0.54,1.24,0.95,2.04,2.16,1.92,1.98,0.74,1.98,,0.7,0.62,,,0.99,4.17,0.02
2021-06-23 00:00:00,1.13,0.53,0.97,0.84,1.26,0.53,1.26,0.97,2.03,2.12,1.91,1.97,0.75,1.97,,0.7,0.62,,,1,4.17,0.02
2021-06-25 00:00:00,1.13,0.53,0.98,0.88,1.26,0.54,1.31,0.97,2.03,2.12,1.92,1.97,0.75,1.99,,0.71,0.63,,,0.96,4.23,2.81
2021-06-28 00:00:00,1.13,0.53,0.98,0.88,1.27,0.54,1.37,0.94,2.03,2.11,1.93,1.98,0.75,2.01,,0.72,0.62,,,0.96,4.19,2.82
2021-06-29 00:00:00,1.13,0.52,0.96,0.87,1.27,0.53,1.41,0.94,2.04,2.08,1.89,1.95,0.74,1.96,,0.72,0.67,,,0.95,4.15,2.84
2021-06-30 00:00:00,1.13,0.52,0.96,0.83,1.27,0.53,1.44,0.94,2.03,2.07,1.86,1.92,0.74,1.93,,0.71,0.66,,,0.94,4.17,2.82
2021-07-01 00:00:00,1.13,0.52,0.95,0.85,1.28,0.53,1.34,0.94,2.05,2.07,1.86,1.86,0.74,1.93,,0.71,0.66,,,0.95,4.09,2.82
2021-07-02 00:00:00,1.13,0.52,0.96,0.85,1.28,0.53,1.32,0.92,2.05,2.08,1.89,1.89,0.74,1.95,,0.72,0.66,,,0.95,4.12,2.84
2021-07-05 00:00:00,1.13,0.51,0.96,0.87,1.28,0.53,1.37,0.96,2.06,2.09,1.94,1.94,0.74,1.95,,0.72,0.67,,,0.94,4.1,2.84
2021-07-06 00:00:00,1.13,0.51,0.96,0.87,1.28,0.53,1.39,0.93,2.11,2.09,1.93,1.93,0.74,1.94,,0.7,0.67,,,0.94,4.05,2.84
2021-07-07 00:00:00,1.14,0.51,0.96,0.87,1.29,0.55,1.39,0.94,2.08,2.1,1.9,1.9,0.74,1.95,,0.71,0.67,,,0.94,4.08,2.85
2021-07-08 00:00:00,1.14,0.51,0.97,0.89,1.29,0.54,1.38,0.92,2.09,2.09,1.91,1.91,0.74,1.95,,0.7,0.67,,,0.94,4.15,2.85
2021-07-09 00:00:00,1.14,0.51,0.97,0.87,1.32,0.55,1.4,0.93,2.09,2.09,1.9,1.9,0.74,1.95,,0.71,0.67,,,0.94,4.24,2.86
2021-07-12 00:00:00,1.16,0.51,0.98,0.88,1.35,0.58,1.38,0.92,2.09,2.09,1.92,1.92,0.75,1.97,,0.71,0.66,,,0.93,4.36,2.86
2021-07-13 00:00:00,1.23,0.51,0.99,0.88,1.37,0.59,1.38,0.93,2.08,2.1,1.9,1.9,0.75,2,,0.71,0.67,,,0.94,4.39,2.88
2021-07-14 00:00:00,1.23,0.52,0.99,0.88,1.38,0.61,1.38,0.95,2.08,2.1,1.94,1.94,0.76,2.01,,0.71,0.68,,,0.94,4.41,2.86
2021-07-15 00:00:00,1.22,0.52,1,0.88,1.39,0.64,1.38,0.96,2.08,2.13,1.92,1.92,0.76,2.02,,0.72,0.69,,,0.94,4.41,2.88
2021-07-16 00:00:00,1.21,0.52,0.99,0.88,1.4,0.63,1.35,0.93,2.09,2.13,1.93,1.93,0.76,2.02,,0.72,0.7,,,0.94,4.54,2.88
2021-07-19 00:00:00,1.21,0.51,1.01,0.87,1.42,0.62,1.36,0.94,2.07,2.13,1.91,1.91,0.76,2.04,,0.71,0.71,,,0.94,5.23,2.87
2021-07-20 00:00:00,1.25,0.51,1.02,0.88,1.44,0.62,1.37,0.94,2.07,2.14,1.92,1.92,0.74,2.07,,0.71,0.7,,,0.94,5.39,2.9
2021-07-22 00:00:00,1.24,0.51,1.02,0.88,1.46,0.61,1.43,0.92,2.09,2.14,1.92,1.92,0.74,2.11,,0.71,0.7,,,0.94,5.56,2.9
2021-07-26 00:00:00,1.25,0.5,1.01,0.91,1.45,0.62,1.45,0.91,2.09,2.14,1.92,1.92,0.74,1.89,,0.71,0.7,,,0.91,5.61,2.88
2021-07-27 00:00:00,1.23,0.5,1.01,0.91,1.44,0.62,1.45,0.9,2.08,2.13,1.91,1.91,0.74,1.89,,0.71,0.7,,,0.91,5.49,2.88
2021-07-28 00:00:00,1.25,0.5,1.01,0.93,1.49,0.63,1.44,0.89,2.08,2.12,1.91,1.91,0.74,1.91,,0.71,0.7,,,0.91,5.56,2.88
2021-07-29 00:00:00,1.28,0.5,1.01,1.09,1.53,0.64,1.44,0.9,2.07,2.14,1.93,1.93,0.74,1.91,,0.71,0.7,,,0.92,5.55,2.88
2021-07-30 00:00:00,1.28,0.5,1,1.04,1.52,0.65,1.43,0.9,2.07,2.13,1.93,1.93,0.75,1.89,,0.68,0.7,,,0.92,4.77,2.88
2021-08-02 00:00:00,1.26,0.49,1,0.98,1.5,0.64,1.44,0.89,2.06,2.13,1.93,1.93,0.75,1.89,,0.68,0.69,,,0.91,5.22,2.88
2021-08-03 00:00:00,1.26,0.49,1.02,0.95,1.54,0.63,1.46,0.88,2.06,2.13,1.94,1.94,0.74,1.92,,0.67,0.7,,,0.91,5.66,2.83
2021-08-04 00:00:00,1.26,0.49,1.02,0.93,1.58,0.63,1.45,0.88,2.07,2.13,1.94,1.94,0.74,1.91,,0.68,0.69,,,0.9,5.53,2.83
2021-08-05 00:00:00,1.23,0.49,0.99,0.95,1.55,0.61,1.4,0.87,2.07,2.08,1.94,1.94,0.74,1.84,,0.66,0.67,,,0.89,5.23,2.8
2021-08-06 00:00:00,1.24,0.49,1,0.96,1.63,0.61,1.42,0.87,2.07,2.11,1.94,1.94,0.74,1.86,,0.67,0.68,,,0.93,5.36,2.82
2021-08-09 00:00:00,1.23,0.49,0.99,0.97,1.72,0.61,1.42,0.86,2.09,2.11,1.97,1.97,0.74,1.8,,0.69,0.68,,,0.92,5.74,2.84
2021-08-10 00:00:00,1.18,0.49,0.99,1.06,1.77,0.61,1.4,0.85,2.08,2.1,1.96,1.96,0.74,1.79,,0.68,0.68,,,0.92,5.87,2.8
2021-08-11 00:00:00,1.17,0.49,0.99,1.08,1.86,0.61,1.4,0.85,2.07,2.1,1.92,1.92,0.74,1.8,,0.69,0.69,,,0.92,5.88,2.82
2021-08-12 00:00:00,1.14,0.49,0.97,1,1.92,0.6,1.37,0.91,2.07,2.08,1.89,1.89,0.74,1.86,,0.69,0.67,,,0.92,5.67,2.82
2021-08-13 00:00:00,1.13,0.49,0.97,1.01,2,0.6,1.37,0.87,2.07,2.08,1.91,1.91,0.74,1.84,,0.69,0.67,,,0.92,5.62,2.82
2021-08-16 00:00:00,1.2,0.49,0.96,1.01,2,0.59,1.33,0.87,2.08,2.08,2.03,2.03,0.73,1.83,,0.67,0.67,,,0.92,5.61,2.82
2021-08-17 00:00:00,1.21,0.48,0.97,0.98,1.85,0.6,1.46,0.87,2.1,2.1,1.94,1.94,0.73,1.84,,0.68,0.66,,,0.92,6.07,2.74
2021-08-18 00:00:00,1.18,0.48,0.98,0.98,1.97,0.61,1.56,0.9,2.09,2.12,1.9,1.9,0.72,1.83,,0.68,0.67,,,0.92,7.02,2.74
2021-08-19 00:00:00,1.19,0.48,0.97,1.07,1.88,0.6,1.54,0.9,2.06,2.1,1.84,1.84,0.72,1.81,,0.68,0.66,,,0.92,6.78,2.67
2021-08-20 00:00:00,1.18,0.48,0.97,1.28,1.89,0.6,1.52,0.89,2.06,2.1,1.83,1.83,0.73,1.8,,0.68,0.66,,,0.92,7.14,2.65
2021-08-23 00:00:00,1.18,0.48,1,1.34,2.05,0.59,1.6,0.9,2.06,2.1,1.81,1.81,0.73,1.8,,0.68,0.65,,,0.91,8.72,2.64
2021-08-24 00:00:00,1.12,0.49,1.01,1.27,1.99,0.6,1.75,0.91,2.07,2.12,1.85,1.85,0.73,1.82,,0.67,0.65,,,0.9,8.53,2.65
2021-08-25 00:00:00,1.1,0.49,1.01,1.27,1.97,0.63,1.81,0.91,2.05,2.12,1.9,1.9,0.73,1.83,,0.67,0.66,,,0.9,8.73,2.65
2021-08-26 00:00:00,1.09,0.52,1.03,1.27,2.02,0.65,1.77,0.92,2.05,2.13,1.91,1.91,0.72,1.85,,0.68,0.66,,,0.9,10.42,1.3
2021-08-27 00:00:00,1.08,0.5,1.04,1.19,1.95,0.63,1.74,0.91,2.04,2.19,1.88,1.88,0.72,1.88,,0.69,0.66,,,0.89,10.6,1.29
2021-08-30 00:00:00,1.08,0.5,1.04,1.18,1.91,0.62,1.77,0.93,2.03,2.21,1.89,1.89,0.7,1.88,,0.68,0.65,,,0.87,10.12,1.28
2021-08-31 00:00:00,1.09,0.5,1.04,1.16,1.97,0.63,1.75,0.94,2.02,2.2,1.89,1.89,0.7,1.88,,0.68,0.64,,,0.87,11.91,1.28
2021-09-01 00:00:00,1.09,0.5,1.08,1.11,1.97,0.63,1.77,0.93,2.01,2.25,1.92,1.92,0.7,1.91,,0.68,0.64,,,0.88,12.81,1.28
2021-09-02 00:00:00,1.08,0.5,1.11,1.13,2.02,0.64,1.81,0.94,2.04,2.27,2.1,2.1,0.71,1.95,,0.69,0.65,,,0.86,13.11,1.3
2021-09-03 00:00:00,1.12,0.5,1.1,1.11,2.03,0.65,1.79,0.95,2,2.27,2.17,2.17,0.7,1.94,,0.7,0.66,,,0.87,13.25,1.3
2021-09-06 00:00:00,1.12,0.49,1.08,1.1,1.99,0.65,1.76,0.96,2,2.26,2.18,2.18,0.7,1.92,,0.69,0.66,,,0.89,12.85,1.3
2021-09-07 00:00:00,1.12,0.49,1.06,1.08,1.95,0.64,1.7,0.95,2,2.23,2.12,2.12,0.7,1.87,,0.68,0.65,,,0.91,13.02,1.29
2021-09-08 00:00:00,1.07,0.49,1.02,1.09,1.88,0.63,1.6,0.91,1.99,2.16,2.05,2.05,0.69,1.81,,0.66,0.64,,,0.89,12.14,1.28
2021-09-09 00:00:00,1.1,0.5,1.05,1.09,1.93,0.65,1.65,0.94,2.01,2.21,2.14,2.14,0.7,1.85,,0.69,0.64,,,0.91,12.42,1.29
2021-09-10 00:00:00,1.13,0.5,1.03,1.08,1.89,0.66,1.61,0.92,2.07,2.18,2.11,2.11,0.69,1.82,,0.68,0.66,,,0.92,12.09,1.29
2021-09-13 00:00:00,1.11,0.49,1,1.03,1.81,0.64,1.54,0.89,2.06,2.12,2.06,2.06,0.7,1.76,,0.67,0.65,,,0.91,10.31,1.27
2021-09-14 00:00:00,1.12,0.49,1.03,1.01,1.87,0.67,1.58,0.91,2.07,2.14,2.11,2.11,0.7,1.8,,0.67,0.65,,,0.91,10.86,1.28
2021-09-15 00:00:00,1.12,0.49,1.05,1.08,1.95,0.71,1.63,0.91,2.01,2.18,2.14,2.14,0.7,1.82,,0.68,0.65,,,0.92,12.1,1.29
2021-09-16 00:00:00,1.13,0.49,1.03,1.04,1.92,0.7,1.61,0.9,2.01,2.18,2.14,2.14,0.7,1.82,,0.68,0.65,,,0.91,11.75,1.29
2021-09-17 00:00:00,1.13,0.49,1.02,1.03,1.89,0.69,1.6,0.91,2.06,2.15,2.14,2.14,0.7,1.81,,0.67,0.65,,,0.9,11.78,1.28
2021-09-21 00:00:00,1.13,0.49,1.02,1.04,1.88,0.75,1.58,0.91,2.06,2.16,2.12,2.12,0.69,1.79,,0.67,0.64,,,0.9,11.61,1.28
2021-09-22 00:00:00,1.12,0.49,1.02,1.04,1.89,0.74,1.58,0.91,2.06,2.15,2.09,2.09,0.69,1.8,,0.67,0.64,,,0.9,11.84,1.3
2021-09-23 00:00:00,1.12,0.49,1.03,1.02,1.9,0.72,1.58,0.92,2.06,2.16,2.08,2.08,0.69,1.8,,0.67,0.65,,,0.9,12.17,1.31
2021-09-24 00:00:00,1.12,0.5,1.04,1.06,1.92,0.74,1.63,0.92,2.05,2.17,2.11,2.11,0.7,1.81,,0.67,0.65,,,0.91,12.46,1.31
2021-09-27 00:00:00,1.13,0.49,1.06,1.44,1.93,0.73,1.84,0.97,2.05,2.19,2.09,2.09,0.7,1.82,,0.68,0.65,,,0.91,13.43,1.31
2021-09-28 00:00:00,1.12,0.49,1.07,1.37,1.92,0.75,1.88,0.95,2.02,2.2,2.1,2.1,0.7,1.83,,0.68,0.65,,,0.9,13.84,1.31
2021-09-29 00:00:00,1.12,0.49,1.09,1.41,1.92,0.77,1.89,0.96,2.02,2.23,2.08,2.08,0.72,1.83,,0.68,0.66,,,0.91,13.71,1.31
2021-09-30 00:00:00,1.11,0.5,1.11,1.57,1.92,0.79,1.87,0.99,2.02,2.22,2.08,2.08,0.72,1.83,,0.69,0.66,,,0.91,14.14,1.32
2021-10-01 00:00:00,1.12,0.5,1.11,1.49,1.91,0.81,1.84,1.02,2.02,2.22,2.06,2.06,0.72,1.81,,0.7,0.66,,,0.91,14.07,1.31
2021-10-04 00:00:00,1.1,0.5,1.12,1.49,1.91,0.82,1.91,1.12,2.04,2.23,2.1,2.1,0.72,1.81,,0.69,0.67,,,0.9,13.85,1.33
2021-10-05 00:00:00,1.1,0.51,1.11,1.44,1.88,0.87,1.91,1.05,2.04,2.23,2.08,2.08,0.72,1.79,,0.71,0.68,,,0.91,13.43,1.33
2021-10-06 00:00:00,1.09,0.54,1.12,1.47,1.89,0.88,1.93,1.06,2.05,2.23,2.08,2.08,0.72,1.81,,0.73,0.68,,,0.93,13.45,1.32
2021-10-07 00:00:00,1.12,0.54,1.12,1.46,1.88,0.86,1.94,1.06,2.04,2.25,2.09,2.09,0.73,1.83,,0.72,0.67,,,0.92,13.62,1.33
2021-10-08 00:00:00,1.12,0.53,1.13,1.43,1.88,0.87,1.93,1.14,2.05,2.25,2.12,2.12,0.73,1.85,,0.71,0.68,,,0.91,13.68,1.33
2021-10-11 00:00:00,1.11,0.52,1.12,1.45,1.87,0.86,1.93,1.28,2.04,2.26,2.12,2.12,0.73,1.86,,0.72,0.68,,,0.92,13.5,1.34
2021-10-12 00:00:00,1.12,0.52,1.11,1.43,1.87,0.85,1.93,1.24,2.04,2.26,2.12,2.12,0.73,1.85,,0.72,0.67,,,0.92,13.59,1.33
2021-10-13 00:00:00,1.11,0.52,1.09,1.39,1.82,0.83,1.89,1.21,2.04,2.23,2.1,2.1,0.73,1.83,,0.72,0.66,,,0.92,13.34,1.32
2021-10-14 00:00:00,1.11,0.52,1.1,1.38,1.84,0.85,1.94,1.22,2.04,2.25,2.12,2.12,0.73,1.85,,0.72,0.67,,,0.93,13.71,1.32
2021-10-15 00:00:00,1.12,0.52,1.11,1.36,1.84,0.84,1.94,1.21,2.04,2.25,2.1,2.1,0.73,1.84,,0.71,0.67,,,0.93,13.89,1.32
2021-10-18 00:00:00,1.16,0.52,1.11,1.38,1.83,0.83,2.02,1.23,2,2.24,2.1,2.1,0.73,1.84,,0.71,0.66,,,0.93,13.99,1.31
2021-10-21 00:00:00,1.13,0.52,1.11,1.38,1.82,0.83,2.16,1.22,2,2.25,2.11,2.11,0.73,1.85,,0.71,0.66,,,0.92,14.3,1.31
2021-10-22 00:00:00,1.13,0.52,1.12,1.36,1.9,0.82,2.13,1.17,2,2.26,2.13,2.13,0.73,1.88,,0.71,0.67,,,0.91,14.83,1.32
2021-10-25 00:00:00,1.15,0.52,1.14,1.37,2,0.82,2.14,1.14,1.99,2.26,2.16,2.16,0.74,1.88,,0.71,0.68,,,0.92,15.94,1.31
2021-10-26 00:00:00,1.15,0.52,1.16,1.46,1.99,0.83,2.17,1.13,1.98,2.3,2.16,2.16,0.73,1.9,,0.71,0.68,,,0.92,15.82,1.31
2021-10-27 00:00:00,1.19,0.53,1.17,1.45,1.95,0.83,2.19,1.15,1.97,2.28,2.17,2.17,0.73,1.91,,0.72,0.68,,,0.92,15.53,1.32
2021-10-28 00:00:00,1.17,0.54,1.16,1.46,1.95,0.85,2.18,1.19,1.96,2.28,2.17,2.17,0.73,1.92,,0.72,0.68,,,0.92,15.34,1.32
2021-10-29 00:00:00,1.17,0.54,1.18,1.45,1.94,0.87,2.17,1.18,1.96,2.3,2.17,2.17,0.74,1.93,,0.72,0.67,,,0.93,15.34,1.32
2021-11-01 00:00:00,1.15,0.54,1.16,1.47,1.94,0.85,2.21,1.17,1.97,2.29,2.15,2.15,0.73,1.91,,0.71,0.67,,,0.91,14.95,1.32
2021-11-02 00:00:00,1.16,0.54,1.16,1.47,1.93,0.85,2.36,1.16,1.94,2.3,2.16,2.16,0.74,1.9,,0.71,0.67,,,0.92,14.68,1.31
2021-11-03 00:00:00,1.14,0.54,1.16,1.46,1.94,0.84,2.52,1.12,1.95,2.3,2.13,2.13,0.74,1.89,,0.72,0.68,,,0.92,14.42,1.32
2021-11-05 00:00:00,1.14,0.53,1.14,1.4,1.91,0.84,2.79,1.1,1.97,2.3,2.14,2.14,0.73,1.88,,0.71,0.68,,,0.92,14.07,1.31
2021-11-08 00:00:00,1.09,0.53,1.15,1.41,2.02,0.84,2.72,1.1,1.96,2.31,2.2,2.2,0.73,1.87,,0.71,0.69,,,0.91,14.68,1.31
2021-11-09 00:00:00,1.06,0.53,1.13,1.4,1.94,0.84,2.55,1.1,1.96,2.3,2.17,2.17,0.73,1.81,,0.7,0.71,,,0.91,14.17,1.32
2021-11-10 00:00:00,1.06,0.53,1.14,1.43,1.92,0.87,2.63,1.1,1.97,2.32,2.18,2.18,0.73,1.9,,0.71,0.72,,,0.91,14.21,1.37
2021-11-11 00:00:00,1.05,0.53,1.14,1.51,1.93,0.86,2.79,1.11,1.96,2.36,2.18,2.18,0.73,1.88,,0.71,0.73,,,0.92,13.99,1.34
2021-11-12 00:00:00,1.05,0.53,1.15,1.47,1.97,0.86,2.77,1.2,1.94,2.34,2.23,2.23,0.73,1.88,,0.7,0.74,,,0.92,13.89,1.38
2021-11-15 00:00:00,1.06,0.51,1.14,1.5,1.93,0.85,2.87,1.18,1.94,2.34,2.21,2.21,0.73,1.88,,0.71,0.73,,,0.91,14.38,1.4
2021-11-16 00:00:00,1.04,0.51,1.13,1.49,1.91,0.84,3.12,1.14,1.93,2.33,2.12,2.12,0.73,1.85,,0.7,0.73,,,0.91,15.25,1.38
2021-11-17 00:00:00,1.04,0.52,1.15,1.46,1.92,0.84,3.06,1.12,1.93,2.32,2.11,2.11,0.73,1.87,,0.7,0.72,,,0.92,16.08,1.38
2021-11-19 00:00:00,1.04,0.51,1.17,1.48,1.89,0.84,2.69,1.11,1.92,2.3,2.13,2.13,0.73,1.91,,0.7,0.72,,,0.91,16.29,1.36
2021-11-22 00:00:00,1.05,0.51,1.17,1.55,1.9,0.83,2.83,1.19,1.93,2.3,2.04,2.04,0.73,1.93,,0.7,0.71,,,0.91,16.52,1.37
2021-11-23 00:00:00,1.05,0.51,1.19,1.62,1.95,0.82,2.9,1.15,1.93,2.32,2.07,2.07,0.73,1.95,,0.7,0.71,,,0.9,16.49,1.37
2021-11-24 00:00:00,1.04,0.51,1.2,1.6,1.93,0.81,2.86,1.14,1.92,2.36,2.09,2.09,0.72,1.95,,0.71,0.72,,,0.91,16.15,1.36
2021-11-25 00:00:00,1.11,0.51,1.22,1.67,1.92,0.82,2.85,1.17,1.93,2.4,2.08,2.08,0.72,2,,0.7,0.73,,,0.93,16.68,1.36
2021-11-26 00:00:00,1.1,0.51,1.25,1.82,1.96,0.81,2.92,1.18,1.9,2.41,2.1,2.1,0.72,2.02,,0.7,0.73,,,0.93,17.53,1.36
2021-11-29 00:00:00,1.08,0.5,1.24,1.78,1.97,0.78,2.89,1.16,1.87,2.39,2.09,2.09,0.74,2.05,,0.7,0.72,,,0.93,18.68,1.37
2021-11-30 00:00:00,1.1,0.5,1.24,1.74,2.03,0.78,3.02,1.16,1.83,2.42,2.09,2.09,0.75,2.05,,0.7,0.73,,,0.92,19.96,1.37
2021-12-01 00:00:00,1.09,0.5,1.26,1.69,2,0.77,2.93,1.14,1.86,2.42,2.23,2.23,0.76,2.03,,0.7,0.74,,,0.91,20.17,1.4
2021-12-02 00:00:00,1.08,0.5,1.27,1.7,2,0.77,2.75,1.15,1.85,2.43,2.21,2.21,0.77,2.01,,0.7,0.72,,,0.91,20.1,1.4
2021-12-03 00:00:00,1.08,0.5,1.26,1.67,1.97,0.77,2.52,1.21,1.81,2.4,2.17,2.17,0.76,1.99,,0.69,0.72,,,0.93,19.87,1.39
2021-12-06 00:00:00,1.07,0.5,1.28,1.58,1.94,0.77,2.45,1.27,1.84,2.4,2.2,2.2,0.76,2.02,,0.69,0.72,,,0.89,14.52,1.37
2021-12-07 00:00:00,1.08,0.5,1.29,1.55,1.96,0.78,2.43,1.38,1.83,2.41,2.2,2.2,0.76,2.04,,0.69,0.74,,,0.89,14.74,1.39
2021-12-08 00:00:00,1.09,0.5,1.28,1.53,1.94,0.79,2.35,1.63,1.83,2.4,2.17,2.17,0.78,2.06,,0.7,0.75,,,0.9,14.96,1.38
2021-12-09 00:00:00,1.09,0.49,1.28,1.5,1.94,0.82,2.37,1.58,1.83,2.35,2.14,2.14,0.79,2.08,,0.7,0.75,,,0.9,15.37,1.38
2021-12-10 00:00:00,1.1,0.49,1.3,1.6,1.95,0.81,2.4,1.52,1.87,2.36,2.15,2.15,0.8,2.1,,0.7,0.76,,,0.91,15.24,1.36
2021-12-13 00:00:00,1.1,0.49,1.33,1.52,1.98,0.81,2.55,1.53,1.87,2.36,2.17,2.17,0.79,2.11,,0.7,0.76,,,0.91,15.77,1.38
2021-12-14 00:00:00,1.1,0.48,1.35,1.53,2.03,0.8,2.54,1.77,1.87,2.35,2.16,2.16,0.8,2.1,,0.7,0.78,,,0.91,16.98,1.4
2021-12-15 00:00:00,1.1,0.48,1.35,1.52,2.11,0.81,2.52,1.7,1.85,2.34,2.16,2.16,0.79,2.12,,0.7,0.79,,,0.89,16.92,1.39
2021-12-16 00:00:00,1.1,0.48,1.34,1.5,2.09,0.8,2.49,1.65,1.86,2.34,2.13,2.13,0.79,2.14,,0.69,0.79,,,0.88,16.73,1.37
2021-12-17 00:00:00,1.16,0.48,1.36,1.66,2.08,0.8,2.52,1.7,1.84,2.33,2.12,2.12,0.79,2.13,,0.7,0.8,,,0.89,17.05,1.38
2021-12-20 00:00:00,1.13,0.47,1.33,1.56,2.03,0.8,2.49,1.81,1.85,2.31,2.11,2.11,0.79,2.08,,0.69,0.8,,,0.89,16.93,1.37
2021-12-21 00:00:00,1.14,0.47,1.33,1.6,2.02,0.79,2.51,1.87,1.84,2.31,2.1,2.1,0.8,2.04,,0.68,0.8,,,0.88,16.95,1.36
2021-12-22 00:00:00,1.17,0.47,1.34,1.59,2.03,0.79,2.6,2.4,1.84,2.32,2.13,2.13,0.81,2.07,,0.69,0.81,,,0.89,17,1.37
2021-12-23 00:00:00,1.3,0.47,1.36,1.6,2.06,0.79,2.63,2.51,1.84,2.34,2.15,2.15,0.85,2.11,,0.69,0.81,,,0.88,17.33,1.37
2021-12-24 00:00:00,1.28,0.47,1.38,1.62,2.09,0.79,2.68,2.62,1.85,2.37,2.14,2.14,0.88,2.14,,0.69,0.81,,,0.87,17.35,1.38
2021-12-27 00:00:00,1.28,0.47,1.39,1.63,2.08,0.8,2.62,2.64,1.86,2.37,2.17,2.17,0.88,2.13,,0.73,0.82,,,0.88,17,1.37
2021-12-28 00:00:00,1.32,0.47,1.37,1.64,2.07,0.8,2.56,2.65,1.86,2.37,2.13,2.13,0.86,1.97,,0.74,0.81,,,0.89,16.81,1.34
2021-12-29 00:00:00,1.32,0.47,1.38,1.67,2.05,0.81,2.52,2.56,1.86,2.39,2.16,2.16,0.88,1.97,,0.73,0.84,,,0.88,16.79,1.34
2021-12-30 00:00:00,1.33,0.47,1.39,1.67,2.04,0.89,2.54,2.48,1.87,2.41,2.14,2.14,0.98,1.97,,0.73,0.83,,0,0.9,16.69,1.34
2021-12-31 00:00:00,1.35,0.47,1.4,1.7,2.04,0.89,2.61,2.57,1.9,2.46,2.14,2.14,1.19,1.98,,0.73,0.83,,0,0.89,16.9,1.34
2022-01-03 00:00:00,0.61,0.33,0.8,0.83,1.86,0.58,1.26,1.29,1.52,1.59,1.86,1.65,0.82,1.08,,0.51,0.52,,0,0.8,7.43,1.08
2022-01-04 00:00:00,0.61,0.33,0.8,0.83,1.86,0.58,1.26,1.29,1.52,1.59,1.86,1.65,0.82,1.08,,0.51,0.52,,0,0.8,7.43,1.08
2022-01-05 00:00:00,0.61,0.33,0.8,0.83,1.86,0.58,1.26,1.29,1.52,1.59,1.86,1.65,0.82,1.08,,0.51,0.52,,0,0.8,7.43,1.08
2022-01-06 00:00:00,0.61,0.33,0.8,0.83,1.86,0.58,1.26,1.29,1.52,1.59,1.86,1.65,0.82,1.08,,0.51,0.52,,0,0.8,7.43,1.08
2022-01-07 00:00:00,0.61,0.33,0.8,0.83,1.86,0.58,1.26,1.29,1.52,1.59,1.86,1.65,0.82,1.08,,0.51,0.52,,0,0.8,7.43,1.08
2022-01-10 00:00:00,0.61,0.33,0.8,0.83,1.86,0.58,1.26,1.29,1.52,1.59,1.86,1.65,0.82,1.08,,0.51,0.52,,0,0.8,7.43,1.08
2022-01-11 00:00:00,0.61,0.33,0.8,0.83,1.86,0.58,1.26,1.29,1.52,1.59,1.86,1.65,0.82,1.08,,0.51,0.52,,0,0.8,7.43,1.08
2022-01-12 00:00:00,0.61,0.33,0.8,0.83,1.86,0.58,1.26,1.29,1.52,1.59,1.86,1.65,0.82,1.08,,0.51,0.52,,0,0.8,7.43,1.08
2022-01-13 00:00:00,0.61,0.33,0.8,0.83,1.86,0.58,1.26,1.29,1.52,1.59,1.86,1.65,0.82,1.08,,0.51,0.52,,0,0.8,7.43,1.08
2022-01-18 00:00:00,0.61,0.33,0.8,0.83,1.86,0.58,1.26,1.29,1.52,1.59,1.86,1.65,0.82,1.08,,0.51,0.52,,0,0.8,7.43,1.08
2022-01-19 00:00:00,0.61,0.33,0.8,0.83,1.86,0.58,1.26,1.29,1.52,1.59,1.86,1.65,0.82,1.08,,0.51,0.52,,0,0.8,7.43,1.08
2022-01-20 00:00:00,0.61,0.33,0.8,0.83,1.86,0.58,1.26,1.29,1.52,1.59,1.86,1.65,0.82,1.08,,0.51,0.52,,0,0.8,7.43,1.08
2022-01-21 00:00:00,0.61,0.33,0.8,0.83,1.86,0.58,1.26,1.29,1.52,1.59,1.86,1.65,0.82,1.08,,0.51,0.52,,0,0.8,7.43,1.08
2022-01-24 00:00:00,0.61,0.33,0.8,0.83,1.86,0.58,1.26,1.29,1.52,1.59,1.86,1.65,0.82,1.08,,0.51,0.52,,0,0.8,7.43,1.08
2022-01-25 00:00:00,0.61,0.33,0.8,0.83,1.86,0.58,1.26,1.29,1.52,1.59,1.86,1.65,0.82,1.08,,0.51,0.52,,0,0.8,7.43,1.08
2022-01-26 00:00:00,0.61,0.33,0.8,0.83,1.86,0.58,1.26,1.29,1.52,1.59,1.86,1.65,0.82,1.08,,0.51,0.52,,0,0.8,7.43,1.08
2022-01-27 00:00:00,0.61,0.33,0.8,0.83,1.86,0.58,1.26,1.29,1.52,1.59,1.86,1.65,0.82,1.08,,0.51,0.52,,0,0.8,7.43,1.08
2022-01-28 00:00:00,0.61,0.33,0.8,0.83,1.86,0.58,1.26,1.29,1.52,1.59,1.86,1.65,0.82,1.08,,0.51,0.52,,0,0.8,7.43,1.08
2022-01-31 00:00:00,0.61,0.33,0.8,0.83,1.86,0.58,1.26,1.29,1.52,1.59,1.86,1.65,0.82,1.08,,0.51,0.52,,0,0.8,7.43,1.08
2022-02-01 00:00:00,0.61,0.33,0.8,0.83,1.86,0.58,1.26,1.29,1.52,1.59,1.86,1.65,0.82,1.08,,0.51,0.52,,0,0.8,7.43,1.08
2022-02-02 00:00:00,0.61,0.33,0.8,0.83,1.86,0.58,1.26,1.29,1.52,1.59,1.86,1.65,0.82,1.08,,0.51,0.52,,0,0.8,7.43,1.08
2022-02-03 00:00:00,0.61,0.33,0.8,0.83,1.86,0.58,1.26,1.29,1.52,1.59,1.86,1.65,0.82,1.08,,0.51,0.52,,0,0.8,7.43,1.08
2022-02-07 00:00:00,0.61,0.33,0.8,0.83,1.86,0.58,1.26,1.29,1.52,1.59,1.86,1.65,0.82,1.08,,0.51,0.52,,0,0.8,7.43,1.08
2022-02-08 00:00:00,0.61,0.33,0.8,0.83,1.86,0.58,1.26,1.29,1.52,1.59,1.86,1.65,0.82,1.08,,0.51,0.52,,0,0.8,7.43,1.08
2022-02-09 00:00:00,0.58,0.33,0.79,0.83,1.86,0.58,1.24,1.26,1.52,1.58,1.89,1.65,0.82,1.06,,0.51,0.52,,0,0.8,4.82,1.08
2022-02-10 00:00:00,0.58,0.33,0.79,0.83,1.83,0.58,1.24,1.26,1.52,1.58,1.89,1.65,0.82,1.06,,0.51,0.52,,0,0.8,4.82,1.08
2022-02-11 00:00:00,0.58,0.33,0.79,0.83,1.83,0.58,1.24,1.26,1.52,1.58,1.89,1.65,0.82,1.06,,0.51,0.52,,0,0.8,4.82,1.08
2022-02-14 00:00:00,0.58,0.33,0.79,0.83,1.83,0.58,1.24,1.26,1.52,1.58,1.89,1.65,0.82,1.06,,0.51,0.52,,3.37,0.78,4.82,1.08
2022-02-15 00:00:00,0.58,0.33,0.79,0.83,1.83,0.58,1.22,1.26,1.52,1.58,1.89,1.65,0.82,1.06,,0.51,0.52,,3.37,0.78,4.82,1.08
2022-02-17 00:00:00,0.58,0.33,0.79,0.83,1.83,0.58,1.22,1.26,1.52,1.58,1.89,1.65,0.82,1.06,,0.51,0.52,,3.37,0.78,4.82,1.08
2022-02-18 00:00:00,0.58,0.33,0.79,0.83,1.83,0.58,1.22,1.26,1.52,1.58,1.89,1.65,0.82,1.06,,0.51,0.52,,3.37,0.78,4.82,1.08
2022-02-21 00:00:00,0.58,0.33,0.79,0.83,1.83,0.58,1.22,1.26,1.52,1.58,1.89,1.65,0.82,1.06,,0.51,0.52,,3.37,0.78,4.82,1.08
2022-02-22 00:00:00,0.58,0.33,0.79,0.83,1.83,0.58,1.22,1.26,1.52,1.58,1.89,1.65,0.82,1.06,,0.51,0.52,,3.37,0.78,4.82,1.08
2022-02-23 00:00:00,0.58,0.33,0.79,0.83,1.83,0.58,1.22,1.26,1.52,1.58,1.89,1.65,0.82,1.06,,0.51,0.52,,3.37,0.78,4.82,1.08
2022-02-24 00:00:00,0.58,0.33,0.79,0.83,1.83,0.58,1.22,1.26,1.52,1.58,1.89,1.65,0.82,1.06,,0.51,0.52,,3.37,0.78,4.82,1.08
2022-02-25 00:00:00,0.58,0.33,0.79,0.83,1.83,0.58,1.22,1.26,1.52,1.58,1.89,1.65,0.82,1.06,,0.51,0.52,,3.37,0.78,4.82,1.08
2022-02-28 00:00:00,0.58,0.33,0.79,0.83,1.83,0.58,1.22,1.26,1.52,1.58,1.89,1.65,0.82,1.06,,0.51,0.52,,3.37,0.78,4.82,1.08
2022-03-02 00:00:00,0.58,0.33,0.79,0.83,1.83,0.58,1.22,1.26,1.52,1.58,1.89,1.65,0.82,1.06,,0.51,0.52,,3.37,0.78,4.82,1.08
2022-03-03 00:00:00,0.58,0.33,0.79,0.83,1.83,0.58,1.22,1.26,1.52,1.58,1.89,1.65,0.82,1.06,,0.51,0.52,,3.37,0.78,4.82,1.08
2022-03-04 00:00:00,0.58,0.33,0.79,0.83,1.83,0.58,1.22,1.26,1.52,1.58,1.89,1.65,0.82,1.06,,0.51,0.52,,3.37,0.78,4.82,1.08
2022-03-07 00:00:00,0.58,0.33,0.79,0.83,1.83,0.58,1.22,1.26,1.52,1.58,1.89,1.65,0.82,1.06,,0.51,0.52,,3.37,0.78,4.82,1.08
2022-03-08 00:00:00,0.58,0.33,0.79,0.83,1.83,0.58,1.22,1.26,1.52,1.58,1.89,1.65,0.82,1.06,,0.51,0.52,,3.37,0.78,4.82,1.08
2022-03-09 00:00:00,0.58,0.33,0.79,0.83,1.83,0.58,1.22,1.26,1.52,1.58,1.89,1.65,0.82,1.06,,0.51,0.52,,3.37,0.78,4.82,1.08
2022-03-10 00:00:00,0.58,0.33,0.79,0.83,1.83,0.58,1.22,1.26,1.52,1.58,1.89,1.65,0.82,1.06,,0.51,0.52,,3.37,0.78,4.82,1.08
2022-03-11 00:00:00,0.58,0.33,0.79,0.83,1.83,0.58,1.22,1.26,1.52,1.58,1.89,1.65,0.82,1.06,,0.51,0.52,,3.37,0.78,4.82,1.08
2022-03-14 00:00:00,0.58,0.33,0.79,0.83,1.83,0.58,1.22,1.26,1.52,1.58,1.89,1.65,0.82,1.06,,0.51,0.52,,3.37,0.78,4.82,1.08
2022-03-15 00:00:00,0.58,0.33,0.79,0.83,1.83,0.58,1.22,1.26,1.52,1.58,1.89,1.65,0.82,1.06,,0.51,0.52,,3.37,0.78,4.82,1.08
2022-03-16 00:00:00,0.58,0.33,0.79,0.83,1.83,0.58,1.22,1.26,1.52,1.58,1.89,1.65,0.82,1.06,,0.51,0.52,,3.37,0.78,4.82,1.08
2022-03-18 00:00:00,0.58,0.33,0.79,0.83,1.83,0.58,1.22,1.26,1.52,1.58,1.89,1.65,0.82,1.06,,0.51,0.52,,3.37,0.78,4.82,1.08
2022-03-21 00:00:00,0.58,0.33,0.79,0.83,1.83,0.58,1.22,1.26,1.52,1.58,1.89,1.65,0.82,1.06,,0.51,0.52,,3.37,0.78,4.82,1.08
2022-03-22 00:00:00,0.58,0.33,0.79,0.83,1.83,0.58,1.22,1.26,1.52,1.58,1.89,1.65,0.82,1.06,,0.51,0.52,,3.37,0.78,4.82,1.08
2022-03-23 00:00:00,0.58,0.33,0.79,0.83,1.83,0.58,1.22,1.26,1.52,1.58,1.89,1.65,0.82,1.06,,0.51,0.52,,3.37,0.78,4.82,1.08
2022-03-24 00:00:00,0.58,0.33,0.79,0.83,1.83,0.58,1.22,1.26,1.52,1.58,1.89,1.65,0.82,1.06,,0.51,0.52,,3.37,0.78,4.82,1.08
2022-03-25 00:00:00,0.58,0.33,0.79,0.83,1.83,0.58,1.22,1.26,1.52,1.58,1.89,1.65,0.82,1.06,,0.51,0.52,,3.37,0.78,4.82,1.08
2022-03-28 00:00:00,0.58,0.33,0.79,0.83,1.83,0.58,1.22,1.26,1.52,1.58,1.89,1.65,0.82,1.06,,0.51,0.52,,3.37,0.78,4.82,1.08
2022-03-29 00:00:00,0.58,0.33,0.79,0.83,1.83,0.58,1.22,1.26,1.52,1.58,1.89,1.65,0.82,1.06,,0.51,0.52,,3.37,0.78,4.82,1.08
2022-03-30 00:00:00,0.58,0.33,0.79,0.83,1.83,0.58,1.22,1.26,1.52,1.58,1.89,1.65,0.82,1.06,,0.51,0.52,,3.37,0.78,4.82,1.08
2022-03-31 00:00:00,0.58,0.33,0.79,0.83,1.83,0.58,1.22,1.26,1.52,1.58,1.89,1.65,0.82,1.06,,0.51,0.52,,3.37,0.78,4.82,1.08
2022-04-01 00:00:00,0.63,0.31,0.8,0.98,1.9,0.59,1.26,2.67,1.5,1.72,1.78,1.69,0.86,1.11,,0.5,0.49,,3.73,0.71,5.25,1.08
2022-04-04 00:00:00,0.63,0.31,0.8,0.98,1.9,0.59,1.26,2.67,1.5,1.72,1.78,1.69,0.86,1.11,,0.5,0.49,,3.73,0.71,5.25,1.08
2022-04-05 00:00:00,0.63,0.31,0.8,0.98,1.9,0.59,1.26,2.67,1.5,1.72,1.78,1.69,0.86,1.11,,0.5,0.49,,3.73,0.71,5.25,1.08
2022-04-06 00:00:00,0.63,0.31,0.8,0.98,1.9,0.59,1.26,2.67,1.5,1.72,1.78,1.69,0.86,1.11,,0.5,0.49,,3.73,0.71,5.25,1.08
2022-04-07 00:00:00,0.63,0.31,0.8,0.98,1.9,0.59,1.26,2.67,1.5,1.72,1.78,1.69,0.86,1.11,,0.5,0.49,,3.73,0.71,5.25,1.08
2022-04-08 00:00:00,0.63,0.31,0.8,0.98,1.9,0.59,1.26,2.67,1.5,1.72,1.78,1.69,0.86,1.11,,0.5,0.49,,3.73,0.71,5.25,1.08
2022-04-25 00:00:00,0.63,0.3,0.79,0.76,1.85,0.6,1.18,2.81,1.5,1.69,1.73,1.66,0.77,1.1,,0.49,0.48,,3.73,0.7,5.25,1.07
2022-04-26 00:00:00,0.63,0.3,0.79,0.76,1.84,0.6,1.18,2.81,1.5,1.68,1.71,1.66,0.77,1.08,,0.49,0.48,,3.73,0.7,5.25,1.07
2022-04-27 00:00:00,0.63,0.3,0.79,0.76,1.84,0.6,1.18,2.81,1.5,1.68,1.71,1.66,0.77,1.08,,0.49,0.48,,3.73,0.7,5.25,1.07
2022-04-28 00:00:00,0.63,0.3,0.79,0.76,1.84,0.6,1.24,2.81,1.5,1.68,1.71,1.66,0.77,1.08,,0.49,0.48,,3.73,0.7,5.25,1.07
2022-04-29 00:00:00,0.63,0.3,0.79,0.76,1.84,0.6,1.24,2.81,1.5,1.68,1.71,1.66,0.77,1.08,,0.48,0.48,,3.73,0.7,2.84,1.07
2022-05-04 00:00:00,0.63,0.3,0.79,0.76,1.84,0.6,1.24,2.81,1.5,1.68,1.71,1.66,0.77,1.08,,0.48,0.48,,3.73,0.7,2.84,1.07
2022-05-05 00:00:00,0.63,0.3,0.79,0.76,1.84,0.6,1.24,2.81,1.5,1.68,1.71,1.66,0.77,1.08,,0.48,0.48,,3.73,0.7,2.84,1.07
2022-05-06 00:00:00,0.63,0.3,0.79,0.76,1.84,0.6,1.24,2.37,1.5,1.68,1.71,1.66,0.77,1.08,,0.47,0.48,,3.73,0.7,2.84,1.07
2022-05-09 00:00:00,0.63,0.3,0.79,0.76,1.84,0.6,1.24,2.37,1.5,1.68,1.71,1.66,0.77,1.08,,0.47,0.48,,3.73,0.7,2.84,1.07
2022-05-12 00:00:00,0.63,0.3,0.79,0.76,1.64,0.6,1.24,2.37,1.5,1.68,1.71,1.66,0.77,1.08,,0.47,0.48,,3.73,0.7,2.84,1.07
2022-05-13 00:00:00,0.63,0.3,0.79,0.76,1.64,0.6,1.24,2.37,1.5,1.67,1.71,1.66,0.78,1.07,,0.47,0.48,,3.73,0.7,2.84,1.07
2022-05-17 00:00:00,0.63,0.3,0.79,0.76,1.64,0.6,1.24,2.37,1.5,1.64,1.65,1.66,0.78,1.07,,0.47,0.48,,3.73,0.7,2.84,1.07
2022-05-18 00:00:00,0.63,0.3,0.78,0.76,1.63,0.6,1.24,2.37,1.5,1.63,1.65,1.66,0.77,1.07,,0.47,0.47,,3.73,0.75,2.84,1.07
2022-05-19 00:00:00,0.63,0.3,0.78,0.77,1.63,0.6,1.24,2.37,1.5,1.63,1.65,1.66,0.77,1.06,,0.47,0.47,,3.73,0.75,2.84,1.07
2022-05-20 00:00:00,0.63,0.3,0.78,0.77,1.63,0.6,1.24,2.37,1.5,1.63,1.65,1.66,0.78,1.06,,0.47,0.47,,3.73,0.75,2.84,1.07
2022-05-23 00:00:00,0.63,0.3,0.78,0.77,1.63,0.6,1.24,2.37,1.5,1.63,1.65,1.66,0.78,1.03,,0.47,0.47,,3.73,0.75,2.84,1.07
2022-05-24 00:00:00,0.63,0.3,0.78,0.77,1.37,0.6,1.24,2.37,1.5,1.62,1.65,1.66,0.78,0.99,,0.47,0.47,,3.73,0.75,2.84,1.07
2022-05-25 00:00:00,0.63,0.3,0.69,0.75,1.37,0.58,1.21,2.37,1.5,1.62,1.64,1.66,0.78,0.98,,0.47,0.47,,3.73,0.75,2.84,1.07
2022-05-26 00:00:00,0.63,0.3,0.69,0.75,1.37,0.57,1.2,2.37,1.5,1.62,1.63,1.66,0.78,0.98,,0.47,0.47,,3.73,0.75,2.84,1.07
2022-05-27 00:00:00,0.6,0.3,0.68,0.75,1.37,0.57,1.2,2.37,1.5,1.62,1.5,1.66,0.78,0.98,,0.47,0.47,,3.73,0.75,2.84,1.08
2022-05-30 00:00:00,0.6,0.3,0.67,0.75,1.13,0.57,1.2,2.37,1.5,1.62,1.5,1.66,0.78,0.98,,0.47,0.47,,3.73,0.75,2.84,0.98
2022-05-31 00:00:00,0.6,0.3,0.67,0.75,1.13,0.56,1.2,2.37,1.5,1.61,1.51,1.66,0.78,0.97,,0.47,0.47,,3.1,0.75,2.84,0.99
2022-06-01 00:00:00,0.6,0.3,0.67,0.75,1.13,0.56,1.11,2.37,1.5,1.6,1.51,1.66,0.78,0.97,,0.47,0.47,,3.1,0.75,2.84,0.99
2022-06-02 00:00:00,0.6,0.3,0.67,0.75,1.13,0.55,1.11,2.37,1.5,1.6,1.51,1.66,0.78,0.97,,0.47,0.47,,3.1,0.75,2.84,0.99
2022-06-03 00:00:00,0.6,0.3,0.67,0.75,1.13,0.55,1.11,2.37,1.5,1.6,1.52,1.85,0.78,0.99,,0.47,0.47,,3.1,0.75,2.84,0.99
2022-06-06 00:00:00,0.6,0.3,0.67,0.68,1.14,0.53,1.11,2.37,1.44,1.59,1.52,1.85,0.78,0.99,,0.47,0.47,,3.1,0.75,2.84,0.99
2022-06-07 00:00:00,0.6,0.3,0.67,0.68,1.14,0.51,1.11,2.37,1.4,1.59,1.52,1.85,0.78,0.99,,0.47,0.47,,3.1,0.75,2.84,0.99
2022-06-08 00:00:00,0.6,0.3,0.67,0.68,1.14,0.51,1.11,2.37,1.4,1.59,1.52,1.85,0.78,0.99,,0.47,0.47,,3.1,0.75,2.84,0.99
2022-06-09 00:00:00,0.6,0.3,0.66,0.68,1.14,0.51,1.12,2.37,1.4,1.51,1.52,1.85,0.78,0.99,,0.47,0.47,,3.1,0.75,2.84,0.99
2022-06-10 00:00:00,0.6,0.3,0.63,0.67,1.14,0.51,0.95,2.37,1.4,1.35,1.52,1.85,0.78,0.98,,0.47,0.47,,3.1,0.75,2.84,0.99
2022-06-13 00:00:00,0.6,0.3,0.63,0.67,1.14,0.51,0.95,2.37,1.4,1.35,1.52,1.85,0.78,0.98,,0.47,0.47,,3.1,0.75,2.84,0.99
2022-06-15 00:00:00,0.6,0.3,0.63,0.67,1.14,0.51,0.95,2.37,1.4,1.35,1.52,1.85,0.78,0.98,,0.47,0.47,,3.1,0.75,2.84,0.99
2022-06-16 00:00:00,0.6,0.3,0.63,0.67,1.14,0.51,0.95,2.37,1.4,1.35,1.52,1.85,0.78,0.98,,0.47,0.47,,3.1,0.75,2.84,0.99
2022-06-17 00:00:00,0.6,0.3,0.63,0.67,1.15,0.51,0.95,2.37,1.4,1.35,1.52,1.85,0.78,0.98,,0.47,0.47,,3.1,0.75,2.84,0.99
2022-06-20 00:00:00,0.6,0.3,0.63,0.67,1.15,0.51,0.95,2.37,1.4,1.35,1.52,1.85,0.78,0.98,,0.47,0.46,,3.1,0.75,2.84,0.99
2022-06-21 00:00:00,0.6,0.3,0.63,0.67,1.15,0.51,0.95,2.37,1.4,1.35,1.52,1.85,0.78,0.98,,0.47,0.46,,3.1,0.75,2.84,0.99
2022-06-22 00:00:00,0.6,0.3,0.63,0.67,1.15,0.51,0.95,2.37,1.4,1.35,1.52,1.85,0.78,0.98,,0.47,0.46,,3.1,0.75,2.84,0.99
2022-06-23 00:00:00,0.6,0.3,0.63,0.67,1.15,0.51,0.95,2.37,1.4,1.35,1.52,1.85,0.78,0.98,,0.47,0.46,,3.1,0.75,2.84,0.99
2022-06-24 00:00:00,0.6,0.3,0.63,0.67,1.15,0.51,0.95,2.37,1.4,1.35,1.52,1.85,0.78,0.98,,0.47,0.46,,3.1,0.75,2.84,0.99
2022-06-27 00:00:00,0.6,0.3,0.63,0.67,1.15,0.51,0.95,2.37,1.4,1.35,1.52,1.85,0.78,0.98,,0.47,0.46,,3.1,0.75,2.84,0.99
2022-06-28 00:00:00,0.6,0.3,0.63,0.67,1.15,0.51,0.95,2.37,1.4,1.35,1.52,1.85,0.78,0.98,,0.47,0.46,,3.1,0.75,2.84,0.99
2022-06-29 00:00:00,0.6,0.3,0.63,0.67,1.15,0.51,0.95,2.37,1.4,1.35,1.52,1.85,0.78,0.98,,0.47,0.46,,3.1,0.75,2.84,0.99
2022-06-30 00:00:00,0.6,0.3,0.63,0.67,1.15,0.51,0.95,2.37,1.4,1.35,1.52,1.85,0.78,0.98,,0.47,0.46,,3.1,0.75,2.84,0.99
2022-07-01 00:00:00,0.88,0.31,0.81,1.41,1.26,0.51,1.16,6.18,1.72,1.5,1.87,2.14,0.81,1.43,,0.49,0.53,,2.95,0.96,2.65,1.03
2022-07-04 00:00:00,0.88,0.31,0.81,1.41,1.26,0.79,1.16,6.18,1.72,1.5,1.87,2.14,0.81,1.43,,0.49,0.53,,2.95,0.96,2.65,1.03
2022-07-05 00:00:00,0.88,0.31,0.81,1.41,1.26,0.79,1.16,6.18,1.72,1.5,1.87,2.14,0.81,1.43,,0.49,0.53,,2.95,0.96,2.65,1.03
2022-07-06 00:00:00,0.88,0.31,0.81,1.41,1.26,0.79,1.16,6.18,1.72,1.5,1.87,2.14,0.81,1.43,,0.49,0.53,,2.95,0.96,2.65,1.03
2022-07-07 00:00:00,0.88,0.31,0.81,1.41,1.26,0.79,1.16,6.18,1.72,1.5,1.87,2.14,0.81,1.43,,0.49,0.53,,2.95,0.96,2.65,1.03
2022-07-08 00:00:00,0.88,0.31,0.81,1.41,1.26,0.79,1.16,6.18,1.72,1.5,1.87,2.14,0.81,1.43,,0.49,0.53,,2.95,0.96,2.65,1.03
2022-07-11 00:00:00,0.88,0.31,0.81,1.41,1.26,0.79,1.16,6.18,1.72,1.5,1.87,2.14,0.81,1.43,,0.49,0.53,,2.95,0.96,2.65,1.03
2022-07-12 00:00:00,0.88,0.31,0.81,1.41,1.26,0.79,1.16,6.18,1.72,1.5,1.87,2.14,0.81,1.43,,0.49,0.53,,2.95,0.96,2.65,1.03
2022-07-14 00:00:00,0.88,0.31,0.81,1.41,1.26,0.79,1.16,6.18,1.72,1.5,1.87,2.14,0.81,1.43,,0.49,0.53,,2.95,0.96,2.65,1.03
2022-07-15 00:00:00,0.88,0.31,0.81,1.41,1.26,0.79,1.16,6.18,1.72,1.5,1.87,2.14,0.81,1.43,,0.49,0.53,,2.95,0.96,2.65,1.03
2022-07-18 00:00:00,0.88,0.31,0.81,1.41,1.26,0.79,1.16,4.45,1.72,1.5,1.87,2.14,0.81,1.43,,0.49,0.53,,2.95,0.96,2.65,1.03
2022-07-19 00:00:00,0.88,0.31,0.81,1.41,1.26,0.79,1.16,4.45,1.72,1.5,1.87,2.14,0.81,1.43,,0.49,0.53,,2.95,0.96,2.65,1.03
2022-07-20 00:00:00,0.88,0.31,0.81,1.41,1.26,0.79,1.16,4.45,1.72,1.5,1.87,2.14,0.81,1.43,,0.49,0.53,,2.95,0.96,2.65,1.03
2022-07-21 00:00:00,0.88,0.31,0.81,1.41,1.26,0.79,1.16,4.45,1.72,1.5,1.87,2.14,0.81,1.43,,0.49,0.53,,2.95,0.96,2.65,1.03
2022-07-22 00:00:00,0.88,0.31,0.81,1.41,1.26,0.79,1.16,4.45,1.72,1.5,1.87,2.14,0.81,1.43,,0.49,0.53,,2.95,0.96,2.65,1.03
2022-07-25 00:00:00,0.88,0.31,0.81,1.41,1.26,0.79,1.16,4.45,1.72,1.5,1.87,2.14,0.81,1.43,,0.49,0.53,,2.95,0.96,2.65,1.03
2022-07-26 00:00:00,0.88,0.31,0.81,1.41,1.26,0.79,1.16,4.45,1.72,1.5,1.87,2.19,0.81,1.41,,0.49,0.54,,2.95,0.96,2.65,1.03
2022-07-27 00:00:00,0.88,0.31,0.81,1.41,1.26,0.78,1.16,4.45,1.72,1.5,1.87,2.19,0.81,1.41,,0.49,0.54,,2.95,0.96,2.65,1.03
2022-07-28 00:00:00,0.88,0.31,0.81,1.41,1.26,0.78,1.16,4.45,1.72,1.5,1.87,2.19,0.81,1.41,,0.49,0.54,,2.95,0.96,2.65,1.03
2022-07-29 00:00:00,0.88,0.31,0.81,1.41,1.26,0.78,1.16,4.45,1.72,1.5,1.87,2.19,0.81,1.41,,0.49,0.54,,2.95,0.96,2.65,1.03
2022-08-01 00:00:00,0.88,0.31,0.78,1.41,1.26,0.78,1.16,4.45,1.72,1.5,1.87,2.19,0.81,1.41,,0.49,0.54,,2.95,0.96,2.65,1.03
2022-08-02 00:00:00,0.88,0.31,0.78,1.41,1.26,0.78,1.16,4.45,1.72,1.5,1.87,2.19,0.81,1.41,,0.49,0.54,,2.95,0.96,2.65,1.03
2022-08-03 00:00:00,0.88,0.31,0.78,1.41,1.26,0.78,1.16,4.45,1.72,1.5,1.87,2.19,0.81,1.41,,0.49,0.54,,2.95,0.96,2.22,1.03
2022-08-04 00:00:00,0.84,0.31,0.78,1.41,1.31,0.78,1.16,4.45,1.72,1.5,1.87,2.19,0.81,1.41,,0.49,0.54,,2.66,0.96,2.22,1.03
2022-08-05 00:00:00,0.84,0.31,0.78,1.41,1.31,0.78,1.16,4.45,1.72,1.5,1.87,2.19,0.81,1.41,,0.49,0.54,,2.66,0.96,2.22,1.03
2022-08-08 00:00:00,0.84,0.31,0.78,1.41,1.31,0.78,1.16,4.45,1.72,1.5,1.87,2.19,0.81,1.41,,0.49,0.54,,2.66,0.96,2.22,1.03
2022-08-09 00:00:00,0.84,0.31,0.78,1.41,1.31,0.78,1.16,4.45,1.72,1.49,1.87,2.19,0.81,1.41,,0.49,0.54,,2.66,0.96,2.22,1.03
2022-08-10 00:00:00,0.84,0.31,0.78,1.41,1.31,0.78,1.16,4.45,1.72,1.49,1.87,2.19,0.81,1.41,,0.49,0.54,,2.66,0.96,2.22,1.03
2022-08-12 00:00:00,0.84,0.31,0.78,1.41,1.32,0.78,1.17,3.34,1.72,1.49,1.87,2.19,0.81,1.4,,0.49,0.55,,2.66,0.96,2.22,1.02
2022-08-15 00:00:00,0.84,0.31,0.78,1.41,1.32,0.78,1.17,3.34,1.72,1.49,1.87,2.19,0.81,1.39,,0.49,0.55,,2.66,0.99,2.22,1.02
2022-08-16 00:00:00,0.84,0.31,0.78,1.41,1.32,0.78,1.17,3.34,1.72,1.49,1.87,2.19,0.81,1.39,,0.49,0.55,,2.66,0.99,2.22,1.02
2022-08-17 00:00:00,0.84,0.31,0.78,1.41,1.32,0.78,1.17,3.34,1.72,1.49,1.87,2.19,0.81,1.39,,0.49,0.55,,2.66,0.99,2.22,1.02
2022-08-18 00:00:00,0.84,0.31,0.78,1.4,1.32,0.78,1.17,3.34,1.72,1.49,1.87,2.19,0.81,1.35,,0.49,0.55,,2.66,0.99,2.22,1.02
2022-08-19 00:00:00,0.84,0.31,0.77,1.2,1.19,0.78,1.17,3.34,1.71,1.48,1.83,2.19,0.83,1.35,,0.49,0.55,,2.66,0.99,2.22,1
2022-08-22 00:00:00,0.84,0.31,0.77,1.2,1.19,0.78,1.17,3.34,1.71,1.49,1.82,2.19,0.83,1.35,,0.49,0.55,,2.66,0.99,2.22,0.99
2022-08-23 00:00:00,0.84,0.31,0.77,1.2,1.19,0.77,1.17,3.34,1.71,1.49,1.82,2.19,0.83,1.35,,0.49,0.55,,2.66,0.99,2.22,0.99
2022-08-24 00:00:00,0.84,0.31,0.76,1.2,1.14,0.77,1.17,3.34,1.71,1.48,1.82,2.19,0.83,1.34,,0.49,0.55,,2.66,0.99,2.22,0.99
2022-08-25 00:00:00,0.84,0.31,0.76,1.2,1.14,0.78,1.17,3.34,1.71,1.48,1.82,2.19,0.83,1.34,,0.49,0.55,,2.66,0.99,2.22,0.99
2022-08-26 00:00:00,0.84,0.3,0.75,1.19,1.14,0.78,1.17,3.39,1.71,1.48,1.83,2.09,0.83,1.34,,0.49,0.55,,2.66,1.17,2.22,0.96
2022-08-29 00:00:00,0.84,0.3,0.75,1.19,1.14,0.78,1.17,3.39,1.71,1.48,1.83,2.09,0.83,1.34,,0.49,0.55,,2.66,1.17,2.22,0.96
2022-08-30 00:00:00,0.84,0.3,0.75,1.19,1.14,0.78,1.17,3.39,1.71,1.48,1.83,2.09,0.83,1.34,,0.49,0.55,,2.66,1.17,2.22,0.96
2022-08-31 00:00:00,0.84,0.3,0.75,1.19,1.14,0.78,1.17,3.39,1.71,1.48,1.83,2.09,0.83,1.34,,0.49,0.55,,2.66,1.17,2.22,0.96
2022-09-01 00:00:00,0.84,0.3,0.75,1.19,1.14,0.78,1.17,3.39,1.71,1.48,1.83,2.09,0.83,1.34,,0.49,0.55,,2.66,1.17,2.22,0.96
2022-09-02 00:00:00,0.84,0.3,0.75,1.19,1.14,0.78,1.17,3.39,1.71,1.45,1.83,2.09,0.83,1.34,,0.49,0.55,,2.66,1.17,2.22,0.96
2022-09-05 00:00:00,0.84,0.3,0.75,1.19,1.14,0.78,1.17,3.39,1.71,1.45,1.83,2.09,0.83,1.34,,0.49,0.55,,2.66,1.17,2.22,0.96
2022-09-06 00:00:00,0.84,0.3,0.75,1.19,1.14,0.78,1.1,3.39,1.71,1.44,1.83,2.09,0.83,1.33,,0.49,0.55,,2.66,1.17,2.22,0.96
2022-09-07 00:00:00,0.84,0.3,0.75,1.19,1.14,0.78,1.11,3.39,1.71,1.4,1.83,2.09,0.83,1.3,,0.49,0.55,,2.66,1.17,2.22,0.96
2022-09-08 00:00:00,0.84,0.3,0.75,1.19,1.14,0.75,1.11,3.39,1.71,1.4,1.83,2.09,0.83,1.3,,0.49,0.55,,2.66,1.17,2.22,0.98
2022-09-09 00:00:00,0.84,0.3,0.75,1.19,1.14,0.75,1.11,3.39,1.71,1.4,1.83,2.09,0.83,1.3,,0.49,0.55,,2.66,1.17,2.22,0.98
2022-09-12 00:00:00,0.84,0.3,0.75,1.19,1.14,0.75,1.11,3.39,1.71,1.4,1.83,2.09,0.83,1.3,,0.49,0.55,,2.66,1.17,2.22,0.98
2022-09-13 00:00:00,0.84,0.3,0.75,1.19,1.14,0.75,1.11,3.39,1.71,1.4,1.83,2.09,0.83,1.3,,0.49,0.55,,2.66,1.17,2.22,0.98
2022-09-14 00:00:00,0.84,0.3,0.75,1.19,1.14,0.75,1.11,3.39,1.71,1.4,1.83,2.09,0.83,1.3,,0.49,0.55,,2.66,1.17,2.22,0.98
2022-09-15 00:00:00,0.84,0.3,0.75,1.19,1.14,0.75,1.11,3.39,1.71,1.4,1.83,2.09,0.83,1.3,,0.49,0.55,,2.66,1.17,2.22,0.98
2022-09-16 00:00:00,0.84,0.3,0.75,1.19,1.14,0.75,1.11,3.39,1.71,1.4,1.83,2.09,0.83,1.3,,0.49,0.55,,2.66,1.17,2.22,0.98
2022-09-19 00:00:00,0.84,0.3,0.75,1.19,1.14,0.75,1.11,3.39,1.71,1.4,1.83,2.09,0.83,1.3,,0.49,0.55,,2.66,1.17,2.22,0.98
2022-09-20 00:00:00,0.84,0.3,0.75,1.19,1.14,0.75,1.11,3.39,1.71,1.4,1.83,2.09,0.83,1.3,,0.49,0.55,,2.66,1.17,2.22,0.98
2022-09-21 00:00:00,0.84,0.3,0.75,1.19,1.14,0.75,1.11,3.39,1.71,1.4,1.83,2.09,0.83,1.3,,0.49,0.55,,2.66,1.17,2.22,0.98
2022-09-22 00:00:00,0.84,0.3,0.75,1.19,1.14,0.75,1.11,3.39,1.71,1.4,1.83,2.09,0.83,1.3,,0.49,0.55,,2.66,1.17,2.22,0.98
2022-09-23 00:00:00,0.84,0.3,0.75,1.19,1.14,0.75,1.11,3.39,1.71,1.4,1.83,2.09,0.83,1.3,,0.49,0.55,,2.66,1.17,2.22,0.98
2022-09-26 00:00:00,0.84,0.3,0.75,1.19,1.14,0.75,1.11,3.39,1.71,1.4,1.83,2.09,0.83,1.3,,0.49,0.55,,2.66,1.17,2.22,0.98
2022-09-27 00:00:00,0.84,0.3,0.75,1.19,1.14,0.75,1.11,3.39,1.71,1.4,1.83,2.09,0.83,1.3,,0.49,0.55,,2.66,1.17,2.22,0.98
2022-09-28 00:00:00,0.84,0.3,0.75,1.19,1.14,0.75,1.11,3.39,1.71,1.4,1.83,2.09,0.83,1.3,,0.49,0.55,,2.66,1.17,2.22,0.98
2022-09-29 00:00:00,0.84,0.3,0.75,1.19,1.14,0.75,1.11,3.39,1.71,1.4,1.83,2.09,0.83,1.3,,0.49,0.55,,2.66,1.17,2.22,0.98
2022-09-30 00:00:00,0.84,0.3,0.75,1.19,1.14,0.75,1.11,3.39,1.71,1.4,1.83,2.09,0.83,1.3,,0.49,0.55,,2.66,1.17,2.22,0.98
2022-10-03 00:00:00,0.7,0.3,0.68,0.89,0.98,0.69,1,2.8,1.84,1.32,1.69,2.03,1.03,1.14,,0.43,0.5,,2.21,1.34,2.61,0.91
2022-10-04 00:00:00,0.7,0.3,0.68,0.89,0.98,0.69,1,2.8,1.84,1.32,1.69,2.03,1.03,1.14,,0.43,0.5,,2.21,1.34,2.61,0.91
2022-10-05 00:00:00,0.7,0.3,0.68,0.89,0.98,0.69,1,2.8,1.84,1.32,1.69,2.03,1.03,1.14,,0.43,0.5,,2.21,1.34,2.61,0.91
2022-10-06 00:00:00,0.7,0.3,0.68,0.89,0.98,0.69,1,2.8,1.84,1.32,1.69,2.03,1.03,1.14,,0.43,0.5,,2.21,1.34,2.61,0.91
2022-10-07 00:00:00,0.7,0.3,0.68,0.89,0.98,0.69,1,2.8,1.84,1.32,1.69,2.03,1.03,1.14,,0.43,0.5,,2.21,1.34,2.61,0.91
2022-10-11 00:00:00,0.7,0.3,0.68,0.89,0.98,0.69,1,2.8,1.84,1.32,1.69,2.03,1.03,1.14,,0.43,0.5,,2.21,1.34,2.61,0.91
2022-10-12 00:00:00,0.7,0.3,0.68,0.89,0.98,0.69,1,2.8,1.84,1.32,1.69,2.03,1.03,1.14,,0.43,0.5,,2.21,1.34,2.61,0.91
2022-10-13 00:00:00,0.7,0.3,0.68,0.89,0.98,0.69,1,2.8,1.84,1.32,1.69,2.03,1.03,1.14,,0.43,0.5,,2.21,1.34,2.61,0.91
2022-10-14 00:00:00,0.7,0.3,0.68,0.89,0.98,0.69,1,2.8,1.84,1.32,1.69,2.03,1.03,1.14,,0.43,0.5,,2.21,1.34,2.61,0.91
2022-10-17 00:00:00,0.7,0.3,0.68,0.89,0.98,0.69,1,2.8,1.84,1.32,1.69,2.03,1.03,1.14,,0.43,0.5,,2.21,1.34,2.61,0.91
2022-10-18 00:00:00,0.7,0.3,0.68,0.89,0.98,0.69,1,2.8,1.84,1.32,1.69,2.03,1.03,1.14,,0.43,0.5,,2.21,1.34,2.61,0.91
2022-10-19 00:00:00,0.7,0.3,0.68,0.89,0.98,0.69,1,2.8,1.84,1.32,1.69,2.03,1.03,1.14,,0.43,0.5,,2.21,1.34,2.61,0.91
2022-10-20 00:00:00,0.7,0.3,0.68,0.89,0.98,0.69,1,2.8,1.84,1.32,1.69,2.03,1.03,1.14,,0.43,0.5,,2.21,1.34,2.61,0.91
2022-10-21 00:00:00,0.7,0.3,0.68,0.89,0.98,0.69,1,2.8,1.84,1.32,1.69,2.03,1.03,1.14,,0.43,0.5,,2.21,1.34,2.61,0.91
2022-10-25 00:00:00,0.7,0.3,0.68,0.89,0.98,0.69,1,2.8,1.84,1.32,1.69,2.03,1.03,1.14,,0.43,0.5,,2.21,1.34,2.61,0.91
2022-10-26 00:00:00,0.7,0.3,0.68,0.89,0.98,0.69,1,2.8,1.84,1.32,1.69,2.03,1.03,1.14,,0.43,0.5,,2.21,1.34,2.61,0.91
2022-10-27 00:00:00,0.7,0.3,0.68,0.89,0.98,0.69,1,2.8,1.84,1.32,1.69,2.03,1.03,1.14,,0.43,0.5,,2.21,1.34,2.61,0.91
2022-10-28 00:00:00,0.7,0.3,0.68,0.89,0.98,0.69,1,2.8,1.84,1.32,1.69,2.03,1.03,1.14,,0.43,0.5,,2.21,1.34,2.61,0.91
2022-10-31 00:00:00,0.7,0.3,0.68,0.89,0.98,0.69,1,2.8,1.84,1.32,1.69,2.03,1.03,1.14,,0.43,0.5,,2.21,1.34,2.61,0.91
2022-11-01 00:00:00,0.7,0.3,0.68,0.89,0.98,0.69,1,2.8,1.84,1.32,1.69,2.03,1.03,1.14,,0.43,0.5,,2.21,1.34,2.61,0.91
2022-11-02 00:00:00,0.7,0.3,0.68,0.89,0.98,0.69,1,2.8,1.84,1.32,1.69,2.03,1.03,1.14,,0.43,0.5,,2.21,1.34,2.61,0.91
2022-11-03 00:00:00,0.7,0.3,0.68,0.89,0.98,0.69,1,2.8,1.84,1.32,1.69,2.03,1.03,1.14,,0.43,0.5,,2.21,1.34,2.61,0.91
2022-11-04 00:00:00,0.7,0.3,0.68,0.89,0.98,0.69,1,2.8,1.84,1.32,1.69,2.03,1.03,1.14,,0.43,0.5,,2.21,1.34,2.61,0.91
2022-11-08 00:00:00,0.7,0.3,0.68,0.89,0.98,0.69,1,2.8,1.84,1.32,1.69,2.03,1.03,1.14,,0.43,0.5,,2.21,1.34,2.61,0.91
2022-11-09 00:00:00,0.7,0.3,0.68,0.89,0.98,0.69,1,2.8,1.84,1.32,1.69,2.03,1.03,1.14,,0.43,0.5,,2.21,1.34,2.61,0.91
2022-11-10 00:00:00,0.7,0.3,0.68,0.89,0.98,0.69,1,2.8,1.84,1.32,1.69,2.03,1.03,1.14,,0.43,0.5,,2.21,1.34,2.61,0.91
2022-11-11 00:00:00,0.7,0.3,0.68,0.89,0.98,0.69,1,2.8,1.84,1.32,1.69,2.03,1.03,1.14,,0.43,0.5,,2.21,1.34,2.61,0.91
2022-11-14 00:00:00,0.7,0.3,0.68,0.89,0.98,0.69,1,2.8,1.84,1.32,1.69,2.03,1.03,1.14,,0.43,0.5,,2.21,1.34,2.61,0.91
2022-11-15 00:00:00,0.7,0.3,0.68,0.89,0.98,0.69,1,2.8,1.84,1.32,1.69,2.03,1.03,1.14,,0.43,0.5,,2.21,1.34,2.61,0.91
2022-11-16 00:00:00,0.7,0.3,0.68,0.89,0.98,0.69,1,2.8,1.84,1.32,1.69,2.03,1.03,1.14,,0.43,0.5,,2.21,1.34,2.61,0.91
2022-11-17 00:00:00,0.7,0.3,0.68,0.89,0.98,0.69,1,2.8,1.84,1.32,1.69,2.03,1.03,1.14,,0.43,0.5,,2.21,1.34,2.61,0.91
2022-11-18 00:00:00,0.7,0.3,0.68,0.89,0.98,0.69,1,2.8,1.84,1.32,1.69,2.03,1.03,1.14,,0.43,0.5,,2.21,1.34,2.61,0.91
2022-11-21 00:00:00,0.7,0.3,0.68,0.89,0.98,0.69,1,2.8,1.84,1.32,1.69,2.03,1.03,1.14,,0.43,0.5,,2.21,1.34,2.61,0.91
2022-11-22 00:00:00,0.7,0.3,0.68,0.89,0.98,0.69,1,2.8,1.84,1.32,1.69,2.03,1.03,1.14,,0.43,0.5,,2.21,1.34,2.61,0.91
2022-11-23 00:00:00,0.7,0.3,0.68,0.89,0.98,0.69,1,2.8,1.84,1.32,1.69,2.03,1.03,1.14,,0.43,0.5,,2.21,1.34,2.61,0.91
2022-11-24 00:00:00,0.7,0.3,0.68,0.89,0.98,0.69,1,2.8,1.84,1.32,1.69,2.03,1.03,1.14,,0.43,0.5,,2.21,1.34,2.61,0.91
2022-11-25 00:00:00,0.7,0.3,0.68,0.89,0.98,0.69,1,2.8,1.84,1.32,1.69,2.03,1.03,1.14,,0.43,0.5,,2.21,1.34,2.61,0.91
2022-11-28 00:00:00,0.7,0.3,0.68,0.89,0.98,0.69,1,2.8,1.84,1.32,1.69,2.03,1.03,1.14,,0.43,0.5,,2.21,1.34,2.61,0.91
2022-11-29 00:00:00,0.7,0.3,0.68,0.89,0.98,0.69,1,2.8,1.84,1.32,1.69,2.03,1.03,1.14,,0.43,0.5,,2.21,1.34,2.61,0.91
2022-11-30 00:00:00,0.7,0.3,0.68,0.89,0.98,0.69,1,2.8,1.84,1.32,1.69,2.03,1.03,1.14,,0.43,0.5,,2.21,1.34,2.61,0.91
2022-12-01 00:00:00,0.7,0.3,0.68,0.89,0.98,0.69,1,2.8,1.84,1.32,1.69,2.03,1.03,1.14,,0.43,0.5,,2.21,1.34,2.61,0.91
2022-12-02 00:00:00,0.7,0.3,0.68,0.89,0.98,0.69,1,2.8,1.84,1.32,1.69,2.03,1.03,1.14,,0.43,0.5,,2.21,1.34,2.61,0.91
2022-12-05 00:00:00,0.7,0.3,0.68,0.89,0.98,0.69,1,2.8,1.84,1.32,1.69,2.03,1.03,1.12,,0.43,0.5,,2.21,1.34,2.61,0.91
2022-12-06 00:00:00,0.7,0.3,0.68,0.89,0.98,0.69,1,2.8,1.84,1.32,1.69,2.03,1.03,1.12,,0.43,0.5,,2.21,1.34,2.61,0.91
2022-12-08 00:00:00,0.7,0.3,0.68,0.89,0.98,0.69,1,2.8,1.84,1.32,1.69,2.03,1.03,1.12,,0.43,0.5,,2.21,1.34,2.61,0.91
2022-12-09 00:00:00,0.7,0.3,0.68,0.89,0.98,0.69,1,2.8,1.84,1.32,1.69,2.03,1.03,1.12,,0.43,0.5,,2.21,1.34,2.61,0.91
2022-12-12 00:00:00,0.7,0.3,0.68,0.89,0.98,0.69,1,2.8,1.84,1.32,1.69,2.03,1.03,1.12,,0.43,0.5,,2.21,1.34,2.61,0.91
2022-12-13 00:00:00,0.7,0.3,0.68,0.89,0.98,0.69,1,2.8,1.84,1.32,1.69,2.03,1.03,1.12,,0.43,0.5,,2.21,1.34,2.61,0.91
2022-12-14 00:00:00,0.7,0.3,0.68,0.89,0.98,0.69,1,2.8,1.84,1.32,1.69,2.03,1.03,1.12,,0.43,0.5,,2.21,1.34,2.61,0.91
2022-12-15 00:00:00,0.7,0.3,0.68,0.89,0.98,0.69,1,2.8,1.84,1.32,1.69,2.03,1.03,1.12,,0.43,0.5,,2.21,1.34,2.61,0.91
2022-12-16 00:00:00,0.7,0.3,0.68,0.89,0.98,0.69,1,2.8,1.84,1.32,1.69,2.03,1.03,1.12,,0.43,0.5,,2.21,1.34,2.61,0.91
2022-12-19 00:00:00,0.7,0.3,0.68,0.89,0.98,0.69,1,2.8,1.84,1.32,1.69,2.03,1.03,1.12,,0.43,0.5,,2.21,1.34,2.61,0.91
2022-12-20 00:00:00,0.7,0.3,0.68,0.89,0.98,0.69,1,2.8,1.84,1.32,1.69,2.03,1.03,1.12,,0.43,0.5,,2.21,1.34,2.61,0.91
2022-12-21 00:00:00,0.7,0.3,0.68,0.89,0.98,0.69,1,2.8,1.84,1.32,1.69,2.03,1.03,1.12,,0.43,0.5,,2.21,1.34,2.61,0.91
2022-12-22 00:00:00,0.7,0.3,0.68,0.89,0.98,0.69,1,2.8,1.84,1.32,1.69,2.03,1.03,1.12,,0.43,0.5,,2.21,1.34,2.61,0.91
2022-12-23 00:00:00,0.7,0.3,0.68,0.89,0.98,0.69,1,2.8,1.84,1.32,1.69,2.03,1.03,1.12,,0.43,0.5,,2.21,1.34,2.61,0.91
2022-12-27 00:00:00,0.7,0.3,0.68,0.89,0.98,0.69,1,2.8,1.84,1.32,1.69,2.03,1.03,1.12,,0.43,0.5,,2.21,1.34,2.61,0.91
2022-12-28 00:00:00,0.7,0.3,0.68,0.89,0.98,0.69,1,2.18,1.84,1.32,1.69,2.03,1.03,1.12,,0.43,0.5,,2.21,1.34,2.45,0.91
2022-12-29 00:00:00,0.7,0.3,0.68,0.89,0.98,0.69,1,2.18,1.84,1.32,1.69,2.03,1.03,1.12,,0.43,0.5,,2.21,1.34,2.45,0.91
2022-12-30 00:00:00,0.7,0.3,0.68,0.89,0.98,0.69,1,2.18,1.84,1.32,1.69,2.03,1.03,1.12,,0.43,0.5,,2.21,1.34,2.45,0.91
2023-01-02 00:00:00,0.69,0.35,0.65,0.77,0.94,0.72,0.81,1.86,1.92,1.42,1.63,1.83,0.88,1.1,,,0.54,,1.81,1.71,1.84,0.91
2023-01-03 00:00:00,0.69,0.35,0.65,0.77,0.94,0.72,0.81,1.86,1.92,1.42,1.63,1.83,0.88,1.1,,,0.54,,1.81,1.71,1.84,0.91
2023-01-04 00:00:00,0.69,0.35,0.65,0.77,0.94,0.72,0.81,1.86,1.92,1.42,1.63,1.83,0.88,1.1,,,0.54,,1.81,1.71,1.84,0.91
2023-01-05 00:00:00,0.69,0.35,0.65,0.77,0.94,0.72,0.81,1.86,1.92,1.42,1.63,1.83,0.88,1.1,,,0.54,,1.81,1.71,1.84,0.91
2023-01-09 00:00:00,0.69,0.35,0.65,0.77,0.94,0.72,0.81,1.86,1.92,1.42,1.63,1.83,0.88,1.1,,,0.54,,1.81,1.71,1.84,0.91
2023-01-10 00:00:00,0.69,0.35,0.65,0.77,0.94,0.72,0.81,1.86,1.92,1.42,1.63,1.83,0.88,1.1,,,0.54,,1.81,1.71,1.84,0.91
2023-01-11 00:00:00,0.69,0.35,0.65,0.77,0.94,0.72,0.81,1.86,1.92,1.42,1.63,1.83,0.88,1.1,,,0.54,,1.81,1.71,1.84,0.91
2023-01-12 00:00:00,0.69,0.35,0.65,0.77,0.94,0.72,0.81,1.86,1.92,1.42,1.63,1.83,0.88,1.1,,,0.54,,1.81,1.71,1.84,0.91
2023-01-13 00:00:00,0.69,0.35,0.65,0.77,0.94,0.72,0.81,1.86,1.92,1.42,1.63,1.83,0.88,1.1,,,0.54,,1.81,1.71,1.84,0.91
2023-01-17 00:00:00,0.69,0.35,0.65,0.77,0.94,0.72,0.81,1.86,1.92,1.42,1.63,1.83,0.88,1.1,,,0.54,,1.81,1.71,1.84,0.91
2023-01-18 00:00:00,0.69,0.35,0.65,0.77,0.94,0.72,0.81,1.86,1.92,1.42,1.63,1.83,0.88,1.1,,,0.54,,1.81,1.71,1.84,0.91
2023-01-19 00:00:00,0.69,0.35,0.65,0.77,0.94,0.72,0.81,1.86,1.92,1.42,1.63,1.83,0.88,1.1,,,0.54,,1.81,1.71,1.84,0.91
2023-01-20 00:00:00,0.69,0.35,0.65,0.77,0.94,0.72,0.81,1.86,1.92,1.42,1.63,1.83,0.88,1.1,,,0.54,,1.81,1.71,1.84,0.91
2023-01-23 00:00:00,0.69,0.35,0.65,0.77,0.94,0.72,0.81,1.86,1.92,1.42,1.63,1.83,0.88,1.1,,,0.54,,1.81,1.71,1.84,0.91
2023-01-24 00:00:00,0.69,0.35,0.65,0.77,0.94,0.72,0.81,1.86,1.92,1.42,1.63,1.83,0.88,1.1,,,0.54,,1.81,1.71,1.84,0.91
2023-01-25 00:00:00,0.69,0.35,0.65,0.77,0.94,0.72,0.81,1.86,1.92,1.42,1.63,1.83,0.88,1.1,,,0.54,,1.81,1.71,1.84,0.91
2023-01-26 00:00:00,0.69,0.35,0.65,0.77,0.94,0.72,0.81,1.86,1.92,1.42,1.63,1.83,0.88,1.1,,,0.54,,1.81,1.71,1.84,0.91
2023-01-27 00:00:00,0.69,0.35,0.65,0.77,0.94,0.72,0.81,1.86,1.92,1.42,1.63,1.83,0.88,1.1,,,0.54,,1.81,1.71,1.84,0.91
2023-01-30 00:00:00,0.69,0.35,0.65,0.77,0.94,0.72,0.81,1.86,1.92,1.42,1.63,1.83,0.88,1.1,,,0.54,,1.81,1.71,1.84,0.91
2023-01-31 00:00:00,0.69,0.35,0.65,0.77,0.94,0.72,0.81,1.86,1.92,1.42,1.63,1.83,0.88,1.1,,,0.54,,1.81,1.71,1.84,0.91
2023-02-01 00:00:00,0.69,0.35,0.65,0.77,0.94,0.72,0.81,1.86,1.92,1.42,1.63,1.83,0.88,1.1,,,0.54,,1.81,1.71,1.84,0.91
2023-02-02 00:00:00,0.69,0.35,0.65,0.77,0.94,0.72,0.81,1.86,1.92,1.42,1.63,1.83,0.88,1.1,,,0.54,,1.81,1.71,1.84,0.91
2023-02-03 00:00:00,0.69,0.35,0.65,0.77,0.94,0.72,0.81,1.86,1.92,1.42,1.63,1.83,0.88,1.1,,,0.54,,1.81,1.71,1.84,0.91
2023-02-06 00:00:00,0.69,0.35,0.65,0.77,0.94,0.72,0.81,1.86,1.92,1.42,1.63,1.83,0.88,1.1,,,0.54,,1.81,1.71,1.84,0.91
2023-02-07 00:00:00,0.69,0.35,0.65,0.77,0.94,0.72,0.81,1.86,1.92,1.42,1.63,1.83,0.88,1.1,,,0.54,,1.81,1.71,1.84,0.91
2023-02-08 00:00:00,0.69,0.35,0.65,0.77,0.94,0.72,0.81,1.86,1.92,1.42,1.63,1.83,0.88,1.1,,,0.54,,1.81,1.71,1.84,0.91
2023-02-09 00:00:00,0.69,0.35,0.65,0.77,0.94,0.72,0.81,1.86,1.92,1.42,1.63,1.83,0.88,1.1,,,0.54,,1.81,1.71,1.84,0.91
2023-02-10 00:00:00,0.69,0.35,0.65,0.77,0.94,0.72,0.81,1.86,1.92,1.42,1.63,1.83,0.88,1.1,,,0.54,,1.81,1.71,1.84,0.91
2023-02-13 00:00:00,0.69,0.35,0.65,0.77,0.94,0.72,0.81,1.86,1.92,1.42,1.63,1.83,0.88,1.1,,,0.54,,1.81,1.71,1.84,0.91
2023-02-14 00:00:00,0.69,0.35,0.65,0.77,0.94,0.72,0.81,1.86,1.92,1.42,1.63,1.83,0.88,1.1,,,0.54,,1.81,1.71,1.84,0.91
2023-02-15 00:00:00,0.69,0.35,0.65,0.77,0.94,0.72,0.81,1.86,1.92,1.42,1.63,1.83,0.88,1.1,,,0.54,,1.81,1.71,1.84,0.91
2023-02-16 00:00:00,0.69,0.35,0.65,0.77,0.94,0.72,0.81,1.86,1.92,1.42,1.63,1.83,0.88,1.1,,,0.54,,1.81,1.71,1.84,0.91
2023-02-17 00:00:00,0.69,0.35,0.65,0.77,0.94,0.72,0.81,1.86,1.92,1.42,1.63,1.83,0.88,1.1,,,0.54,,1.81,1.71,1.84,0.91
2023-02-20 00:00:00,0.69,0.35,0.65,0.77,0.94,0.72,0.81,1.86,1.92,1.42,1.63,1.83,0.88,1.1,,,0.54,,1.81,1.71,1.84,0.91
2023-02-21 00:00:00,0.69,0.35,0.65,0.77,0.94,0.72,0.81,1.86,1.92,1.42,1.63,1.83,0.88,1.1,,,0.54,,1.81,1.71,1.84,0.91
2023-02-22 00:00:00,0.69,0.35,0.65,0.77,0.94,0.72,0.81,1.86,1.92,1.42,1.63,1.83,0.88,1.1,,,0.54,,1.81,1.71,1.84,0.91
2023-02-23 00:00:00,0.69,0.35,0.65,0.77,0.94,0.72,0.81,1.86,1.92,1.42,1.63,1.83,0.88,1.1,,,0.54,,1.81,1.71,1.84,0.91
2023-02-24 00:00:00,0.69,0.35,0.65,0.77,0.94,0.72,0.81,1.86,1.92,1.42,1.63,1.83,0.88,1.1,,,0.54,,1.81,1.71,1.84,0.91
2023-02-27 00:00:00,0.69,0.35,0.65,0.77,0.94,0.72,0.81,1.86,1.92,1.42,1.63,1.83,0.88,1.1,,,0.54,,1.81,1.71,1.84,0.91
2023-02-28 00:00:00,0.69,0.35,0.65,0.77,0.94,0.72,0.81,1.86,1.92,1.42,1.63,1.83,0.88,1.1,,,0.54,,1.81,1.71,1.84,0.91
2023-03-01 00:00:00,0.69,0.35,0.65,0.77,0.94,0.72,0.81,1.86,1.92,1.42,1.63,1.83,0.88,1.1,,,0.54,,1.81,1.71,1.84,0.91
2023-03-02 00:00:00,0.69,0.35,0.65,0.77,0.94,0.72,0.81,1.86,1.92,1.42,1.63,1.83,0.88,1.1,,,0.54,,1.81,1.71,1.84,0.91
2023-03-03 00:00:00,0.69,0.35,0.65,0.77,0.94,0.72,0.81,1.86,1.92,1.42,1.63,1.83,0.88,1.1,,,0.54,,1.81,1.71,1.84,0.91
2023-03-07 00:00:00,0.69,0.35,0.65,0.77,0.94,0.72,0.81,1.86,1.92,1.42,1.63,1.83,0.88,1.1,,,0.54,,1.81,1.71,1.84,0.91
2023-03-08 00:00:00,0.69,0.35,0.65,0.77,0.94,0.72,0.81,1.86,1.92,1.42,1.63,1.83,0.88,1.1,,,0.54,,1.81,1.71,1.84,0.91
2023-03-09 00:00:00,0.69,0.35,0.65,0.77,0.94,0.72,0.81,1.86,1.92,1.42,1.63,1.83,0.88,1.1,,,0.54,,1.81,1.71,1.84,0.91
2023-03-10 00:00:00,0.69,0.35,0.65,0.77,0.94,0.72,0.81,1.86,1.92,1.42,1.63,1.83,0.88,1.1,,,0.54,,1.81,1.71,1.84,0.91
2023-03-13 00:00:00,0.69,0.35,0.65,0.77,0.94,0.72,0.81,1.86,1.92,1.42,1.63,1.83,0.88,1.1,,,0.54,,1.81,1.71,1.84,0.91
2023-03-14 00:00:00,0.69,0.35,0.65,0.77,0.94,0.72,0.81,1.86,1.92,1.42,1.63,1.83,0.88,1.1,,,0.54,,1.81,1.71,1.84,0.91
2023-03-15 00:00:00,0.69,0.35,0.65,0.77,0.94,0.72,0.81,1.86,1.92,1.42,1.63,1.83,0.88,1.1,,,0.54,,1.81,1.71,1.84,0.91
2023-03-16 00:00:00,0.69,0.35,0.65,0.77,0.94,0.72,0.81,1.86,1.92,1.42,1.63,1.83,0.88,1.1,,,0.54,,1.81,1.71,1.84,0.91
2023-03-17 00:00:00,0.69,0.35,0.65,0.77,0.94,0.72,0.81,1.86,1.92,1.42,1.63,1.83,0.88,1.1,,,0.54,,1.81,1.71,1.84,0.91
2023-03-20 00:00:00,0.69,0.35,0.65,0.77,0.94,0.72,0.81,1.86,1.92,1.42,1.63,1.83,0.88,1.1,,0.43,0.54,,1.81,1.71,1.84,0.91
2023-03-21 00:00:00,0.69,0.35,0.65,0.77,0.94,0.72,0.81,1.86,1.92,1.42,1.63,1.83,0.88,1.1,,0.43,0.54,,1.81,1.71,1.84,0.91
2023-03-22 00:00:00,0.69,0.35,0.65,0.77,0.94,0.72,0.81,1.86,1.92,1.42,1.63,1.83,0.88,1.1,,0.43,0.54,,1.81,1.71,1.84,0.91
2023-03-23 00:00:00,0.69,0.35,0.65,0.77,0.94,0.72,0.81,1.86,1.92,1.42,1.63,1.83,0.88,1.1,,0.43,0.54,,1.81,1.71,1.84,0.91
2023-03-24 00:00:00,0.69,0.35,0.65,0.77,0.94,0.72,0.81,1.86,1.92,1.42,1.63,1.83,0.88,1.1,,0.43,0.54,,1.81,1.71,1.84,0.91
2023-03-27 00:00:00,0.69,0.35,0.65,0.77,0.94,0.72,0.81,1.86,1.92,1.42,1.63,1.83,0.88,1.1,,0.43,0.54,,1.81,1.71,1.84,0.91
2023-03-28 00:00:00,0.69,0.35,0.65,0.77,0.94,0.72,0.81,1.86,1.92,1.42,1.63,1.83,0.88,1.1,,0.43,0.54,,1.81,1.71,1.84,0.91
2023-03-29 00:00:00,0.69,0.35,0.65,0.77,0.94,0.72,0.81,1.86,1.92,1.42,1.63,1.83,0.88,1.1,,0.43,0.54,,1.81,1.71,1.84,0.91
2023-03-30 00:00:00,0.69,0.35,0.65,0.77,0.94,0.72,0.81,1.86,1.92,1.42,1.63,1.83,0.88,1.1,,0.43,0.54,,1.81,1.71,1.84,0.91
2023-03-31 00:00:00,0.69,0.35,0.65,0.77,0.94,0.72,0.81,1.86,1.92,1.42,1.63,1.83,0.88,1.1,,0.43,0.54,,1.81,1.71,1.84,0.91
2023-04-03 00:00:00,0.83,0.62,0.81,0.86,1.05,0.85,1.11,1.61,2.4,1.68,1.64,2.05,1.04,1.29,,0.51,0.63,,1.81,1.85,1.84,0.98
2023-04-04 00:00:00,0.83,0.62,0.81,0.86,1.05,0.85,1.11,1.61,2.4,1.68,1.64,2.05,1.04,1.29,,0.51,0.63,,1.81,1.85,1.84,0.98
2023-04-06 00:00:00,0.83,0.62,0.81,0.86,1.05,0.85,1.11,1.61,2.4,1.68,1.64,2.05,1.04,1.29,,0.51,0.63,,1.81,1.85,1.84,0.98
2023-04-10 00:00:00,0.83,0.62,0.81,0.86,1.05,0.85,1.11,1.61,2.4,1.68,1.64,2.05,1.04,1.29,,0.51,0.63,,1.81,1.85,1.84,0.98
2023-04-11 00:00:00,0.83,0.62,0.81,0.86,1.05,0.85,1.11,1.61,2.4,1.68,1.64,2.05,1.04,1.29,,0.51,0.63,,1.81,1.85,1.84,0.98
2023-04-12 00:00:00,0.83,0.62,0.81,0.86,1.05,0.85,1.11,1.61,2.4,1.68,1.64,2.05,1.04,1.29,,0.51,0.63,,1.81,1.85,1.84,0.98
2023-04-17 00:00:00,0.83,0.62,0.81,0.86,1.05,0.85,1.11,1.61,2.4,1.68,1.64,2.05,1.04,1.29,,0.51,0.63,,1.81,1.85,1.84,0.98
2023-04-18 00:00:00,0.83,0.62,0.81,0.86,1.05,0.85,1.11,1.61,2.4,1.68,1.64,2.05,1.04,1.29,,0.51,0.63,,1.81,1.85,1.84,0.98
2023-04-19 00:00:00,0.83,0.62,0.81,0.86,1.05,0.85,1.11,1.61,2.4,1.68,1.64,2.05,1.04,1.29,,0.51,0.63,,1.81,1.85,1.84,0.98
2023-04-20 00:00:00,0.83,0.62,0.81,0.86,1.05,0.85,1.11,1.61,2.4,1.68,1.64,2.05,1.04,1.29,,0.51,0.63,,1.81,1.85,1.84,0.98
2023-04-21 00:00:00,0.83,0.62,0.81,0.86,1.05,0.85,1.11,1.61,2.4,1.68,1.64,2.05,1.04,1.29,,0.51,0.63,,1.81,1.85,1.84,0.98
2023-04-24 00:00:00,0.83,0.62,0.81,0.86,1.05,0.85,1.11,1.61,2.4,1.68,1.64,2.05,1.04,1.29,,0.51,0.63,,1.81,1.85,1.84,0.98
2023-04-25 00:00:00,0.83,0.62,0.81,0.86,1.05,0.85,1.11,1.61,2.4,1.68,1.64,2.05,1.04,1.29,,0.51,0.63,,1.81,1.85,1.84,0.98
2023-04-26 00:00:00,0.83,0.62,0.81,0.86,1.05,0.85,1.11,1.61,2.4,1.68,1.64,2.05,1.04,1.29,,0.51,0.63,,1.81,1.85,1.84,0.98
2023-04-27 00:00:00,0.83,0.62,0.81,0.86,1.05,0.85,1.11,1.61,2.4,1.68,1.64,2.05,1.04,1.29,,0.51,0.63,,1.81,1.85,1.84,0.98
2023-04-28 00:00:00,0.83,0.62,0.81,0.86,1.05,0.85,1.11,1.61,2.4,1.68,1.64,2.05,1.04,1.29,,0.51,0.63,,1.81,1.85,1.84,0.98
2023-05-02 00:00:00,0.83,0.62,0.81,0.86,1.05,0.85,1.11,1.61,2.4,1.68,1.64,2.05,1.04,1.29,,0.51,0.63,,1.81,1.85,1.84,0.98
2023-05-03 00:00:00,0.83,0.62,0.81,0.86,1.05,0.85,1.11,1.61,2.4,1.68,1.64,2.05,1.04,1.29,,0.51,0.63,,1.81,1.85,1.84,0.98
2023-05-04 00:00:00,0.83,0.62,0.81,0.86,1.05,0.85,1.11,1.61,2.4,1.68,1.64,2.05,1.04,1.29,,0.51,0.63,,1.81,1.85,1.84,0.98
2023-05-08 00:00:00,0.83,0.62,0.81,0.86,1.05,0.85,1.11,1.61,2.4,1.68,1.64,2.05,1.04,1.29,,0.51,0.63,,1.81,1.85,1.84,0.98
2023-05-09 00:00:00,0.83,0.62,0.81,0.86,1.05,0.85,1.11,1.61,2.4,1.68,1.64,2.05,1.04,1.29,,0.51,0.63,,1.81,1.85,1.84,0.98
2023-05-10 00:00:00,0.83,0.62,0.81,0.86,1.05,0.85,1.11,1.61,2.4,1.68,1.64,2.05,1.04,1.29,,0.51,0.63,,1.81,1.85,1.84,0.98
2023-05-11 00:00:00,0.83,0.62,0.81,0.86,1.05,0.85,1.11,1.61,2.4,1.68,1.64,2.05,1.04,1.29,,0.51,0.63,,1.81,1.85,1.84,0.98
2023-05-12 00:00:00,0.83,0.62,0.81,0.86,1.05,0.85,1.11,1.61,2.4,1.68,1.64,2.05,1.04,1.29,,0.51,0.63,,1.81,1.85,1.84,0.98
2023-05-15 00:00:00,0.83,0.62,0.81,0.86,1.05,0.85,1.11,1.61,2.4,1.68,1.64,2.05,1.04,1.29,,0.51,0.63,,1.81,1.85,1.84,0.98
2023-05-16 00:00:00,0.83,0.62,0.81,0.86,1.05,0.85,1.11,1.61,2.4,1.68,1.64,2.05,1.04,1.29,,0.51,0.63,,1.81,1.85,1.84,0.98
2023-05-17 00:00:00,0.83,0.62,0.81,0.86,1.05,0.85,1.11,1.61,2.4,1.68,1.64,2.05,1.04,1.29,,0.51,0.63,,1.81,1.85,1.84,0.98
2023-05-18 00:00:00,0.83,0.62,0.81,0.86,1.05,0.85,1.11,1.61,2.4,1.68,1.64,2.05,1.04,1.29,,0.51,0.63,,1.81,1.85,1.84,0.98
2023-05-19 00:00:00,0.83,0.62,0.81,0.86,1.05,0.85,1.11,1.61,2.4,1.68,1.64,2.05,1.04,1.29,,0.51,0.63,,1.81,1.85,1.84,0.98
2023-05-22 00:00:00,0.83,0.62,0.81,0.86,1.05,0.85,1.11,1.61,2.4,1.68,1.64,2.05,1.04,1.29,,0.51,0.63,,1.81,1.85,1.84,0.98
2023-05-23 00:00:00,0.83,0.62,0.81,0.86,1.05,0.85,1.11,1.61,2.4,1.68,1.64,2.05,1.04,1.29,,0.51,0.63,,1.81,1.85,1.84,0.98
2023-05-24 00:00:00,0.83,0.62,0.81,0.86,1.05,0.85,1.11,1.61,2.4,1.68,1.64,2.05,1.04,1.29,,0.51,0.63,,1.81,1.85,1.84,0.98
2023-05-25 00:00:00,0.83,0.62,0.81,0.86,1.05,0.85,1.11,1.61,2.4,1.68,1.64,2.05,1.04,1.29,,0.51,0.63,,1.81,1.85,1.84,0.98
2023-05-26 00:00:00,0.83,0.62,0.81,0.86,1.05,0.85,1.11,1.61,2.4,1.68,1.64,2.05,1.04,1.29,,0.51,0.63,,1.81,1.85,1.84,0.98
2023-05-29 00:00:00,0.83,0.62,0.81,0.86,1.05,0.85,1.11,1.61,2.4,1.68,1.64,2.05,1.04,1.29,,0.51,0.63,,1.81,1.85,1.84,0.98
2023-05-30 00:00:00,0.83,0.62,0.81,0.86,1.05,0.85,1.11,1.61,2.4,1.68,1.64,2.05,1.04,1.29,,0.51,0.63,,1.81,1.85,1.84,0.98
2023-05-31 00:00:00,0.83,0.62,0.81,0.86,1.05,0.85,1.11,1.61,2.4,1.68,1.64,2.05,1.04,1.29,,0.51,0.63,,1.81,1.85,1.84,0.98
2023-06-01 00:00:00,0.83,0.62,0.81,0.86,1.05,0.85,1.11,1.61,2.4,1.68,1.64,2.05,1.04,1.29,,0.51,0.63,,1.81,1.85,1.84,0.98
2023-06-02 00:00:00,0.83,0.62,0.81,0.86,1.05,0.85,1.11,1.61,2.4,1.68,1.64,2.05,1.04,1.29,,0.51,0.63,,1.81,1.85,1.84,0.98
2023-06-05 00:00:00,0.83,0.62,0.81,0.86,1.05,0.85,1.11,1.61,2.4,1.68,1.64,2.05,1.04,1.29,,0.51,0.63,,1.81,1.85,1.84,0.98
2023-06-06 00:00:00,0.83,0.62,0.81,0.86,1.05,0.85,1.11,1.61,2.4,1.68,1.64,2.05,1.04,1.29,,0.51,0.63,,1.81,1.85,1.84,0.98
2023-06-07 00:00:00,0.83,0.62,0.81,0.86,1.05,0.85,1.11,1.61,2.4,1.68,1.64,2.05,1.04,1.29,,0.51,0.63,,1.81,1.85,1.84,0.98
2023-06-08 00:00:00,0.83,0.62,0.81,0.86,1.05,0.85,1.11,1.61,2.4,1.68,1.64,2.05,1.04,1.29,,0.51,0.63,,1.81,1.85,1.84,0.98
2023-06-09 00:00:00,0.83,0.62,0.81,0.86,1.05,0.85,1.11,1.61,2.4,1.68,1.64,2.05,1.04,1.29,,0.51,0.63,,1.81,1.85,1.84,0.98
2023-06-12 00:00:00,0.83,0.62,0.81,0.86,1.05,0.85,1.11,1.61,2.4,1.68,1.64,2.05,1.04,1.29,,0.51,0.63,,1.81,1.85,1.84,0.98
2023-06-13 00:00:00,0.83,0.62,0.81,0.86,1.05,0.85,1.11,1.61,2.4,1.68,1.64,2.05,1.04,1.29,,0.51,0.63,,1.81,1.85,1.84,0.98
2023-06-14 00:00:00,0.83,0.62,0.81,0.86,1.05,0.85,1.11,1.61,2.4,1.68,1.64,2.05,1.04,1.29,,0.51,0.63,,1.81,1.85,1.84,0.98
2023-06-15 00:00:00,0.83,0.62,0.81,0.86,1.05,0.85,1.11,1.61,2.4,1.68,1.64,2.05,1.04,1.29,,0.51,0.63,,1.81,1.85,1.84,0.98
2023-06-16 00:00:00,0.83,0.62,0.81,0.86,1.05,0.85,1.11,1.61,2.4,1.68,1.64,2.05,1.04,1.29,,0.51,0.63,,1.81,1.85,1.84,0.98
2023-06-19 00:00:00,0.83,0.62,0.81,0.86,1.05,0.85,1.11,1.61,2.4,1.68,1.64,2.05,1.04,1.29,,0.51,0.63,,1.81,1.85,1.84,0.98
2023-06-20 00:00:00,0.83,0.62,0.81,0.86,1.05,0.85,1.11,1.61,2.4,1.68,1.64,2.05,1.04,1.29,,0.51,0.63,,1.81,1.85,1.84,0.98
2023-06-21 00:00:00,0.83,0.62,0.81,0.86,1.05,0.85,1.11,1.61,2.4,1.68,1.64,2.05,1.04,1.29,,0.51,0.63,,1.81,1.85,1.84,0.98
2023-06-22 00:00:00,0.83,0.62,0.81,0.86,1.05,0.85,1.11,1.61,2.4,1.68,1.64,2.05,1.04,1.29,,0.51,0.63,,1.81,1.85,1.84,0.98
2023-06-23 00:00:00,0.83,0.62,0.81,0.86,1.05,0.85,1.11,1.61,2.4,1.68,1.64,2.05,1.04,1.29,,0.51,0.63,,1.81,1.85,1.84,0.98
2023-06-26 00:00:00,0.83,0.62,0.81,0.86,1.05,0.85,1.11,1.61,2.4,1.68,1.64,2.05,1.04,1.29,,0.51,0.63,,1.81,1.85,1.84,0.98
2023-06-27 00:00:00,0.83,0.62,0.81,0.86,1.05,0.85,1.11,1.61,2.4,1.68,1.64,2.05,1.04,1.29,,0.51,0.63,,1.81,1.85,1.84,0.98
2023-06-28 00:00:00,0.83,0.62,0.81,0.86,1.05,0.85,1.11,1.61,2.4,1.68,1.64,2.05,1.04,1.29,,0.51,0.63,,1.81,1.85,1.84,0.98
2023-07-04 00:00:00,0.75,0.56,0.78,0.8,1.01,0.93,0.92,1.34,2.96,1.68,1.74,1.83,0.99,1.21,,0.46,0.59,,1.61,1.78,1.59,0.98
2023-07-05 00:00:00,0.75,0.56,0.78,0.8,1.01,0.93,0.92,1.34,2.96,1.68,1.74,1.83,0.99,1.21,,0.46,0.59,,1.61,1.78,1.59,0.98
2023-07-06 00:00:00,0.75,0.56,0.78,0.8,1.01,0.93,0.92,1.34,2.96,1.68,1.74,1.83,0.99,1.21,,0.46,0.59,,1.61,1.78,1.59,0.98
2023-07-07 00:00:00,0.75,0.56,0.78,0.8,1.01,0.93,0.92,1.34,2.96,1.68,1.74,1.83,0.99,1.21,,0.46,0.59,,1.61,1.78,1.59,0.98
2023-07-10 00:00:00,0.75,0.56,0.78,0.8,1.01,0.93,0.92,1.34,2.96,1.68,1.74,1.83,0.99,1.21,,0.46,0.59,,1.61,1.78,1.59,0.98
2023-07-11 00:00:00,0.75,0.56,0.78,0.8,1.01,0.93,0.92,1.34,2.96,1.68,1.74,1.83,0.99,1.21,,0.46,0.59,,1.61,1.78,1.59,0.98
2023-07-12 00:00:00,0.75,0.56,0.78,0.8,1.01,0.93,0.92,1.34,2.96,1.68,1.74,1.83,0.99,1.21,,0.46,0.59,,1.61,1.78,1.59,0.98
2023-07-13 00:00:00,0.75,0.56,0.78,0.8,1.01,0.93,0.92,1.34,2.96,1.68,1.74,1.83,0.99,1.21,,0.46,0.59,,1.61,1.78,1.59,0.98
2023-07-14 00:00:00,0.75,0.56,0.78,0.8,1.01,0.93,0.92,1.34,2.96,1.68,1.74,1.83,0.99,1.21,,0.46,0.59,,1.61,1.78,1.59,0.98
2023-07-17 00:00:00,0.75,0.56,0.78,0.8,1.01,0.93,0.92,1.34,2.96,1.68,1.74,1.83,0.99,1.21,,0.46,0.59,,1.61,1.78,1.59,0.98
2023-07-18 00:00:00,0.75,0.56,0.78,0.8,1.01,0.93,0.92,1.34,2.96,1.68,1.74,1.83,0.99,1.21,,0.46,0.59,,1.61,1.78,1.59,0.98
2023-07-19 00:00:00,0.75,0.56,0.78,0.8,1.01,0.93,0.92,1.34,2.96,1.68,1.74,1.83,0.99,1.21,,0.46,0.59,,1.61,1.78,1.59,0.98
2023-07-20 00:00:00,0.75,0.56,0.78,0.8,1.01,0.93,0.92,1.34,2.96,1.68,1.74,1.83,0.99,1.21,,0.46,0.59,,1.61,1.78,1.59,0.98
2023-07-21 00:00:00,0.75,0.56,0.78,0.8,1.01,0.93,0.92,1.34,2.96,1.68,1.74,1.83,0.99,1.21,,0.46,0.59,,1.61,1.78,1.59,0.98
2023-07-24 00:00:00,0.75,0.56,0.78,0.8,1.01,0.93,0.92,1.34,2.96,1.68,1.74,1.83,0.99,1.21,,0.46,0.59,,1.61,1.78,1.59,0.98
2023-07-25 00:00:00,0.75,0.56,0.78,0.8,1.01,0.93,0.92,1.34,2.96,1.68,1.74,1.83,0.99,1.21,,0.46,0.59,,1.61,1.78,1.59,0.98
2023-07-26 00:00:00,0.75,0.56,0.78,0.8,1.01,0.93,0.92,1.34,2.96,1.68,1.74,1.83,0.99,1.21,,0.46,0.59,,1.61,1.78,1.59,0.98
2023-07-27 00:00:00,0.75,0.56,0.78,0.8,1.01,0.93,0.92,1.34,2.96,1.68,1.74,1.83,0.99,1.21,,0.46,0.59,,1.61,1.78,1.59,0.98
2023-07-28 00:00:00,0.75,0.56,0.78,0.8,1.01,0.93,0.92,1.34,2.96,1.68,1.74,1.83,0.99,1.21,,0.46,0.59,,1.61,1.78,1.59,0.98
2023-07-31 00:00:00,0.75,0.56,0.78,0.8,1.01,0.93,0.92,1.34,2.96,1.68,1.74,1.83,0.99,1.21,,0.46,0.59,,1.61,1.78,1.59,0.98
2023-08-02 00:00:00,0.75,0.56,0.78,0.8,1.01,0.93,0.92,1.34,2.96,1.68,1.74,1.83,0.99,1.21,,0.46,0.59,,1.61,1.78,1.59,0.98
2023-08-03 00:00:00,0.75,0.56,0.78,0.8,1.01,0.93,0.92,1.34,2.96,1.68,1.74,1.83,0.99,1.21,,0.46,0.59,,1.61,1.78,1.59,0.98
2023-08-04 00:00:00,0.75,0.56,0.78,0.8,1.01,0.93,0.92,1.34,2.96,1.68,1.74,1.83,0.99,1.21,,0.46,0.59,,1.61,1.78,1.59,0.98
2023-08-07 00:00:00,0.75,0.56,0.78,0.8,1.01,0.93,0.92,1.34,2.96,1.68,1.74,1.83,0.99,1.21,,0.46,0.59,,1.61,1.78,1.59,0.98
2023-08-08 00:00:00,0.75,0.56,0.78,0.8,1.01,0.93,0.92,1.34,2.96,1.68,1.74,1.83,0.99,1.21,,0.46,0.59,,1.61,1.78,1.59,0.98
2023-08-09 00:00:00,0.75,0.56,0.78,0.8,1.01,0.93,0.92,1.34,2.96,1.68,1.74,1.83,0.99,1.21,,0.46,0.59,,1.61,1.78,1.59,0.98
2023-08-10 00:00:00,0.75,0.56,0.78,0.8,1.01,0.93,0.92,1.34,2.96,1.68,1.74,1.83,0.99,1.21,,0.46,0.59,,1.61,1.78,1.59,0.98
2023-08-11 00:00:00,0.75,0.56,0.78,0.8,1.01,0.93,0.92,1.34,2.96,1.68,1.74,1.83,0.99,1.21,,0.46,0.59,,1.61,1.78,1.59,0.98
2023-08-14 00:00:00,0.75,0.56,0.78,0.8,1.01,0.93,0.92,1.34,2.96,1.68,1.74,1.83,0.99,1.21,,0.46,0.59,,1.61,1.78,1.59,0.98
2023-08-15 00:00:00,0.75,0.56,0.78,0.8,1.01,0.95,0.92,1.34,2.96,1.68,1.74,1.83,0.99,1.19,,0.46,0.59,,1.61,1.78,1.59,0.98
2023-08-16 00:00:00,0.75,0.56,0.78,0.8,1.01,0.95,0.92,1.34,2.96,1.67,1.61,1.83,0.99,1.19,,0.47,0.59,,1.61,1.78,1.59,0.98
2023-08-17 00:00:00,0.75,0.56,0.79,0.7,1.01,0.95,0.9,1.34,2.9,1.7,1.6,1.58,0.99,1.21,,0.48,0.59,,1.61,1.78,1.59,0.98
2023-08-18 00:00:00,0.75,0.55,0.79,0.7,1.01,0.96,0.89,1.34,2.9,1.7,1.6,1.58,0.93,1.19,,0.48,0.59,,1.61,1.78,1.59,0.98
2023-08-21 00:00:00,0.75,0.54,0.79,0.7,1.01,0.98,0.89,1.34,2.93,1.68,1.6,1.58,0.93,1.18,,0.48,0.59,,1.61,1.75,1.69,0.98
2023-08-22 00:00:00,0.75,0.54,0.79,0.69,1.02,0.98,0.89,1.34,2.93,1.67,1.6,1.58,0.93,1.16,,0.48,0.59,,1.67,1.75,1.69,0.98
2023-08-23 00:00:00,0.75,0.53,0.78,0.69,1.02,0.99,0.88,1.34,2.93,1.67,1.6,1.58,0.91,1.16,,0.48,0.58,,1.67,1.75,1.69,0.98
2023-08-24 00:00:00,0.75,0.53,0.78,0.69,1.01,1,0.88,1.04,2.93,1.66,1.61,1.58,0.9,1.16,,0.48,0.58,,1.67,1.75,1.69,0.98
2023-08-25 00:00:00,0.75,0.53,0.78,0.67,1.01,1,0.91,1.04,2.93,1.6,1.61,1.58,0.9,1.14,,0.48,0.58,,1.67,1.75,1.69,1.04
2023-08-28 00:00:00,0.75,0.52,0.78,0.67,0.97,1.03,0.91,1.04,2.93,1.59,1.57,1.58,0.9,1.15,,0.45,0.6,,1.67,1.75,1.69,1.05
2023-08-29 00:00:00,0.75,0.52,0.78,0.67,0.97,1.04,0.91,1.04,2.93,1.59,1.57,1.58,0.91,1.15,,0.45,0.6,,1.67,1.75,1.69,1.05
2023-08-31 00:00:00,0.75,0.51,0.78,0.67,1.02,1.03,0.9,1.04,2.93,1.58,1.57,1.58,0.91,1.11,,0.45,0.6,,1.67,1.73,1.69,1.05
2023-09-01 00:00:00,0.75,0.51,0.78,0.67,1.02,1.03,0.9,1.04,2.93,1.58,1.57,1.58,0.91,1.11,,0.45,0.6,,1.67,1.73,1.69,1.05
2023-09-04 00:00:00,0.75,0.51,0.78,0.67,1.02,1.03,0.9,1.04,2.93,1.58,1.57,1.58,0.91,1.11,,0.45,0.6,,1.67,1.73,1.69,1.05
2023-09-05 00:00:00,0.77,0.51,0.77,0.67,1.02,1.03,0.9,1.04,2.93,1.58,1.57,1.58,0.9,1.11,,0.45,0.6,,1.67,1.73,1.69,1.03
2023-09-06 00:00:00,0.77,0.51,0.77,0.67,1.02,1.03,0.9,1.04,2.93,1.58,1.57,1.58,0.9,1.11,,0.45,0.6,,1.67,1.73,1.69,1.03
2023-09-07 00:00:00,0.77,0.51,0.77,0.67,1.02,1.03,0.9,1.04,2.93,1.58,1.57,1.58,0.9,1.11,,0.45,0.6,,1.67,1.73,1.69,1.03
2023-09-08 00:00:00,0.77,0.51,0.77,0.67,1.02,1.03,0.9,1.04,2.93,1.58,1.57,1.58,0.9,1.11,,0.45,0.6,,1.67,1.73,1.69,1.03
2023-09-11 00:00:00,0.77,0.51,0.77,0.67,1.02,1.03,0.9,1.04,2.93,1.58,1.57,1.58,0.9,1.11,,0.45,0.6,,1.67,1.73,1.69,1.03
2023-09-12 00:00:00,0.77,0.51,0.77,0.67,1.02,1.03,0.9,1.04,2.93,1.58,1.57,1.58,0.9,1.11,,0.45,0.6,,1.67,1.73,1.69,1.03
2023-09-13 00:00:00,0.77,0.51,0.77,0.67,1.02,1.03,0.9,1.04,2.93,1.58,1.57,1.58,0.9,1.11,,0.45,0.6,,1.67,1.73,1.69,1.03
2023-09-14 00:00:00,0.77,0.51,0.77,0.67,1.02,1.03,0.9,1.04,2.93,1.58,1.57,1.58,0.9,1.11,,0.45,0.6,,1.67,1.73,1.69,1.03
2023-09-15 00:00:00,0.77,0.51,0.77,0.67,1.02,1.03,0.9,1.04,2.93,1.58,1.57,1.58,0.9,1.11,,0.45,0.6,,1.67,1.73,1.69,1.03
2023-09-18 00:00:00,0.77,0.51,0.77,0.67,1.02,1.03,0.9,1.04,2.93,1.58,1.57,1.58,0.9,1.11,,0.45,0.6,,1.67,1.73,1.69,1.03
2023-09-19 00:00:00,0.77,0.51,0.77,0.67,1.02,1.03,0.9,1.04,2.93,1.58,1.57,1.58,0.9,1.11,,0.45,0.6,,1.67,1.73,1.69,1.03
2023-09-20 00:00:00,0.77,0.51,0.77,0.67,1.02,1.03,0.9,1.04,2.93,1.58,1.57,1.58,0.9,1.11,,0.45,0.6,,1.67,1.73,1.69,1.03
2023-09-21 00:00:00,0.77,0.51,0.77,0.67,1.02,1.03,0.9,1.04,2.93,1.58,1.57,1.58,0.9,1.11,,0.45,0.6,,1.67,1.73,1.69,1.03
2023-09-22 00:00:00,0.77,0.51,0.77,0.67,1.02,1.03,0.9,1.04,2.93,1.58,1.57,1.58,0.9,1.11,,0.45,0.6,,1.67,1.73,1.69,1.03
2023-09-25 00:00:00,0.77,0.51,0.77,0.67,1.02,1.03,0.9,1.04,2.93,1.58,1.57,1.58,0.9,1.11,,0.45,0.6,,1.67,1.73,1.69,1.03
2023-09-26 00:00:00,0.77,0.51,0.77,0.67,1.02,1.03,0.9,1.04,2.93,1.58,1.57,1.58,0.9,1.11,,0.45,0.6,,1.67,1.73,1.69,1.03
2023-09-27 00:00:00,0.77,0.51,0.77,0.67,1.02,1.03,0.9,1.04,2.93,1.58,1.57,1.58,0.9,1.11,,0.45,0.6,,1.67,1.73,1.69,1.03
2023-10-02 00:00:00,0.76,0.52,0.7,0.64,0.99,0.99,0.78,1.02,2.71,1.48,1.49,1.55,0.83,1.04,,0.41,0.53,,1.57,1.59,1.75,1.07
2023-10-03 00:00:00,0.76,0.52,0.7,0.64,0.99,0.99,0.78,1.02,2.71,1.48,1.49,1.55,0.83,1.04,,0.41,0.53,,1.57,1.59,1.75,1.07
2023-10-04 00:00:00,0.76,0.52,0.7,0.64,0.99,0.99,0.78,1.02,2.71,1.48,1.49,1.55,0.83,1.04,,0.41,0.53,,1.57,1.59,1.75,1.07
2023-10-05 00:00:00,0.76,0.52,0.7,0.64,0.99,0.99,0.78,1.02,2.71,1.48,1.49,1.55,0.83,1.04,,0.41,0.53,,1.57,1.59,1.75,1.07
2023-10-06 00:00:00,0.76,0.52,0.7,0.64,0.99,0.99,0.78,1.02,2.71,1.48,1.49,1.55,0.83,1.04,,0.41,0.53,,1.57,1.59,1.75,1.07
2023-10-09 00:00:00,0.76,0.5,0.73,0.69,1.07,1.04,0.77,1.02,2.77,1.53,1.42,1.53,0.81,1.03,,0.42,0.54,,1.67,1.59,1.92,1.07
2023-10-10 00:00:00,0.76,0.5,0.73,0.69,1.07,1.04,0.77,1.02,2.77,1.53,1.42,1.53,0.81,1.03,,0.42,0.54,,1.67,1.59,1.92,1.07
2023-10-11 00:00:00,0.76,0.5,0.73,0.69,1.07,1.04,0.77,1.02,2.77,1.53,1.42,1.53,0.81,1.03,,0.42,0.54,,1.67,1.59,1.92,1.07
2023-10-12 00:00:00,0.76,0.5,0.73,0.69,1.07,1.04,0.77,1.02,2.77,1.53,1.42,1.53,0.81,1.03,,0.42,0.54,,1.67,1.59,1.92,1.07
2023-10-13 00:00:00,0.76,0.5,0.73,0.69,1.07,1.04,0.77,1.02,2.77,1.53,1.42,1.53,0.81,1.03,,0.42,0.54,,1.67,1.59,1.92,1.07
2023-10-16 00:00:00,0.76,0.5,0.73,0.69,1.07,1.04,0.77,1.02,2.77,1.53,1.42,1.53,0.81,1.03,,0.42,0.54,,1.67,1.59,1.92,1.07
2023-10-17 00:00:00,0.76,0.5,0.73,0.69,1.07,1.04,0.77,1.02,2.77,1.53,1.42,1.53,0.81,1.03,,0.42,0.54,,1.67,1.59,1.92,1.07
2023-10-18 00:00:00,0.76,0.5,0.73,0.69,1.07,1.04,0.77,1.02,2.77,1.53,1.42,1.53,0.81,1.03,,0.42,0.54,,1.67,1.59,1.92,1.07
2023-10-19 00:00:00,0.76,0.5,0.73,0.69,1.07,1.04,0.77,1.02,2.77,1.53,1.42,1.53,0.81,1.03,,0.42,0.54,,1.67,1.59,1.92,1.07
2023-10-20 00:00:00,0.76,0.5,0.73,0.69,1.07,1.04,0.77,1.02,2.77,1.53,1.42,1.53,0.81,1.03,,0.42,0.54,,1.67,1.59,1.92,1.07
2023-10-23 00:00:00,0.76,0.5,0.73,0.69,1.07,1.04,0.77,1.02,2.77,1.53,1.42,1.53,0.81,1.03,,0.42,0.54,,1.67,1.59,1.92,1.07
2023-10-24 00:00:00,0.76,0.5,0.73,0.69,1.07,1.04,0.77,1.02,2.77,1.53,1.42,1.53,0.81,1.03,,0.42,0.54,,1.67,1.59,1.92,1.07
2023-10-25 00:00:00,0.76,0.5,0.73,0.69,1.07,1.04,0.77,1.02,2.77,1.53,1.42,1.53,0.81,1.03,,0.42,0.54,,1.67,1.59,1.92,1.07
2023-10-26 00:00:00,0.76,0.5,0.73,0.69,1.07,1.04,0.77,1.02,2.77,1.53,1.42,1.53,0.81,1.03,,0.42,0.54,,1.67,1.59,1.92,1.07
2023-10-27 00:00:00,0.76,0.5,0.73,0.69,1.07,1.04,0.77,1.02,2.77,1.53,1.42,1.53,0.81,1.03,,0.42,0.54,,1.67,1.59,1.92,1.07
2023-10-30 00:00:00,0.76,0.5,0.73,0.69,1.07,1.04,0.77,1.02,2.77,1.53,1.42,1.53,0.81,1.03,,0.42,0.54,,1.67,1.59,1.92,1.07
2023-10-31 00:00:00,0.76,0.5,0.73,0.69,1.07,1.04,0.77,1.02,2.77,1.53,1.42,1.53,0.81,1.03,,0.42,0.54,,1.67,1.59,1.92,1.07
2023-11-01 00:00:00,0.76,0.5,0.73,0.69,1.07,1.04,0.77,1.02,2.77,1.53,1.42,1.53,0.81,1.03,,0.42,0.54,,1.67,1.59,1.92,1.07
2023-11-02 00:00:00,0.76,0.5,0.73,0.69,1.07,1.04,0.77,1.02,2.77,1.53,1.42,1.53,0.81,1.03,,0.42,0.54,,1.67,1.59,1.92,1.07
2023-11-03 00:00:00,0.76,0.5,0.73,0.69,1.07,1.04,0.77,1.02,2.77,1.53,1.42,1.53,0.81,1.03,,0.42,0.54,,1.67,1.59,1.92,1.07
2023-11-06 00:00:00,0.76,0.5,0.73,0.69,1.07,1.04,0.77,1.02,2.77,1.53,1.42,1.53,0.81,1.03,,0.42,0.54,,1.67,1.59,1.92,1.07
2023-11-07 00:00:00,0.76,0.5,0.73,0.69,1.07,1.04,0.77,1.02,2.77,1.53,1.42,1.53,0.81,1.03,,0.42,0.54,,1.67,1.59,1.92,1.07
2023-11-08 00:00:00,0.76,0.5,0.73,0.69,1.07,1.04,0.77,1.02,2.77,1.53,1.42,1.53,0.81,1.03,,0.42,0.54,,1.67,1.59,1.92,1.07
2023-11-09 00:00:00,0.76,0.5,0.73,0.69,1.07,1.04,0.77,1.02,2.77,1.53,1.42,1.53,0.81,1.03,,0.42,0.54,,1.67,1.59,1.92,1.07
2023-11-10 00:00:00,0.76,0.5,0.73,0.69,1.07,1.04,0.77,1.02,2.77,1.53,1.42,1.53,0.81,1.03,,0.42,0.54,,1.67,1.59,1.92,1.07
2023-11-13 00:00:00,0.76,0.5,0.73,0.69,1.07,1.04,0.77,1.02,2.77,1.53,1.42,1.53,0.81,1.03,,0.42,0.54,,1.67,1.59,1.92,1.07
2023-11-14 00:00:00,0.76,0.5,0.73,0.69,1.07,1.04,0.77,1.02,2.77,1.53,1.42,1.53,0.81,1.03,,0.42,0.54,,1.67,1.59,1.92,1.07
2023-11-15 00:00:00,0.76,0.5,0.73,0.69,1.07,1.04,0.77,1.02,2.77,1.53,1.42,1.53,0.81,1.03,,0.42,0.54,,1.67,1.59,1.92,1.07
2023-11-16 00:00:00,0.76,0.5,0.73,0.69,1.07,1.04,0.77,1.02,2.77,1.53,1.42,1.53,0.81,1.03,,0.42,0.54,,1.67,1.59,1.92,1.07
2023-11-17 00:00:00,0.76,0.5,0.73,0.69,1.07,1.04,0.77,1.02,2.77,1.53,1.42,1.53,0.81,1.03,,0.42,0.54,,1.67,1.59,1.92,1.07
2023-11-20 00:00:00,0.76,0.5,0.73,0.69,1.07,1.04,0.77,1.02,2.77,1.53,1.42,1.53,0.81,1.03,,0.42,0.54,,1.67,1.59,1.92,1.07
2023-11-21 00:00:00,0.76,0.5,0.73,0.68,1.07,1.05,0.76,1.02,2.68,1.5,1.39,1.5,0.8,1.03,,0.42,0.54,,1.67,1.59,1.92,1.07
2023-11-22 00:00:00,0.76,0.5,0.73,0.68,1.07,1.05,0.75,1.02,2.61,1.49,1.39,1.5,0.79,1,,0.42,0.54,,1.67,1.59,1.92,1.07
2023-11-23 00:00:00,0.76,0.49,0.72,0.67,1.1,1.04,0.74,1.02,2.61,1.48,1.39,1.5,0.79,1,,0.42,0.54,,1.78,1.59,1.95,1.07
2023-11-24 00:00:00,0.76,0.49,0.72,0.67,1.1,1.04,0.73,0.94,2.61,1.46,1.37,1.5,0.78,1,,0.42,0.54,,1.78,1.56,1.95,1.07
2023-11-27 00:00:00,0.76,0.47,0.71,0.67,1.04,1.03,0.72,0.94,2.61,1.42,1.37,1.48,0.76,0.99,,0.42,0.56,,1.78,1.57,1.96,1.04
2023-11-28 00:00:00,0.78,0.47,0.71,0.67,1.04,1.03,0.72,0.94,2.61,1.42,1.37,1.48,0.76,0.99,,0.42,0.56,,1.78,1.57,1.96,1.04
2023-11-29 00:00:00,0.78,0.47,0.71,0.67,1.04,1.03,0.72,0.94,2.61,1.42,1.37,1.48,0.76,0.99,,0.42,0.56,,1.78,1.57,1.96,1.04
2023-11-30 00:00:00,0.78,0.47,0.71,0.67,1.04,1.03,0.72,0.94,2.61,1.42,1.37,1.48,0.76,0.99,,0.42,0.56,,1.78,1.57,1.96,1.04
2023-12-01 00:00:00,0.78,0.47,0.71,0.67,1.04,1.03,0.72,0.94,2.61,1.42,1.37,1.48,0.76,0.99,,0.42,0.56,,1.78,1.57,1.96,1.04
2023-12-04 00:00:00,0.78,0.47,0.71,0.67,1.04,1.03,0.72,0.94,2.61,1.42,1.37,1.48,0.76,0.99,,0.42,0.56,,1.78,1.57,1.96,1.04
2023-12-05 00:00:00,0.78,0.47,0.71,0.67,1.04,1.03,0.72,0.94,2.61,1.42,1.37,1.48,0.76,0.99,,0.42,0.56,,1.78,1.57,1.96,1.04
2023-12-06 00:00:00,0.78,0.47,0.71,0.67,1.04,1.03,0.72,0.94,2.61,1.42,1.37,1.48,0.76,0.99,,0.42,0.56,,1.78,1.57,1.96,1.04
2023-12-07 00:00:00,0.78,0.47,0.71,0.67,1.04,1.03,0.72,0.94,2.61,1.42,1.37,1.48,0.76,0.99,,0.42,0.56,,1.78,1.57,1.96,1.04
2023-12-08 00:00:00,0.78,0.47,0.71,0.67,1.04,1.03,0.72,0.94,2.61,1.42,1.37,1.48,0.76,0.99,,0.42,0.56,,1.78,1.57,1.96,1.04
2023-12-11 00:00:00,0.78,0.47,0.71,0.67,1.04,1.03,0.72,0.94,2.61,1.42,1.37,1.48,0.76,0.99,,0.42,0.56,,1.78,1.57,1.96,1.04
2023-12-12 00:00:00,0.78,0.47,0.71,0.67,1.04,1.03,0.72,0.94,2.61,1.42,1.37,1.48,0.76,0.99,,0.42,0.56,,1.78,1.57,1.96,1.04
2023-12-13 00:00:00,0.78,0.47,0.71,0.67,1.04,1.03,0.72,0.94,2.61,1.42,1.37,1.48,0.76,0.99,,0.42,0.56,,1.78,1.57,1.96,1.04
2023-12-14 00:00:00,0.78,0.47,0.71,0.67,1.04,1.03,0.72,0.94,2.61,1.42,1.37,1.48,0.76,0.99,,0.42,0.56,,1.78,1.57,1.96,1.04
2023-12-15 00:00:00,0.78,0.47,0.71,0.67,1.04,1.03,0.72,0.94,2.61,1.42,1.37,1.48,0.76,0.99,,0.42,0.56,,1.78,1.57,1.96,1.04
2023-12-18 00:00:00,0.78,0.47,0.71,0.67,1.04,1.03,0.72,0.94,2.61,1.42,1.37,1.48,0.76,0.99,,0.42,0.56,,1.78,1.57,1.96,1.04
2023-12-19 00:00:00,0.78,0.47,0.71,0.67,1.04,1.03,0.72,0.94,2.61,1.42,1.37,1.48,0.76,0.99,,0.42,0.56,,1.78,1.57,1.96,1.04
2023-12-20 00:00:00,0.78,0.47,0.71,0.67,1.04,1.03,0.72,0.94,2.61,1.42,1.37,1.48,0.76,0.99,,0.42,0.56,,1.78,1.57,1.96,1.04
2023-12-21 00:00:00,0.78,0.47,0.71,0.67,1.04,1.03,0.72,0.94,2.61,1.42,1.37,1.48,0.76,0.99,,0.42,0.56,,1.78,1.57,1.96,1.04
2023-12-22 00:00:00,0.78,0.47,0.71,0.67,1.04,1.03,0.72,0.94,2.61,1.42,1.37,1.48,0.76,0.99,,0.42,0.56,,1.78,1.57,1.96,1.04
2023-12-27 00:00:00,0.78,0.47,0.71,0.67,1.04,1.03,0.72,0.94,2.61,1.42,1.37,1.48,0.76,0.99,,0.42,0.56,,1.78,1.57,1.96,1.04
2023-12-28 00:00:00,0.78,0.47,0.71,0.67,1.04,1.03,0.72,0.94,2.61,1.42,1.37,1.48,0.76,0.99,,0.42,0.56,,1.78,1.57,1.96,1.04
2023-12-29 00:00:00,0.78,0.47,0.71,0.67,1.04,1.03,0.72,0.94,2.61,1.42,1.37,1.48,0.76,0.99,,0.42,0.56,,1.78,1.57,1.96,1.04
2024-01-02 00:00:00,0.91,0.58,0.87,0.69,1.16,1.22,0.98,1.15,2.73,1.65,1.32,1.5,0.85,1.16,,0.47,0.7,,1.79,1.72,2.21,1.13
2024-01-03 00:00:00,0.91,0.58,0.87,0.69,1.16,1.22,0.98,1.15,2.73,1.65,1.32,1.5,0.85,1.16,,0.47,0.7,,1.79,1.72,2.21,1.13
2024-01-04 00:00:00,0.91,0.58,0.87,0.69,1.16,1.22,0.98,1.15,2.73,1.65,1.32,1.5,0.85,1.16,,0.47,0.7,,1.79,1.72,2.21,1.13
2024-01-05 00:00:00,0.91,0.58,0.87,0.69,1.16,1.22,0.98,1.15,2.73,1.65,1.32,1.5,0.85,1.16,,0.47,0.7,,1.79,1.72,2.21,1.13
2024-01-08 00:00:00,0.91,0.58,0.87,0.69,1.16,1.22,0.98,1.15,2.73,1.65,1.32,1.5,0.85,1.16,,0.47,0.7,,1.79,1.72,2.21,1.13
2024-01-09 00:00:00,0.91,0.58,0.87,0.69,1.16,1.22,0.98,1.15,2.73,1.65,1.32,1.5,0.85,1.16,,0.47,0.7,,1.79,1.72,2.21,1.13
2024-01-10 00:00:00,0.91,0.58,0.87,0.69,1.16,1.22,0.98,1.15,2.73,1.65,1.32,1.5,0.85,1.16,,0.47,0.7,,1.79,1.72,2.21,1.13
2024-01-11 00:00:00,0.91,0.58,0.87,0.69,1.16,1.22,0.98,1.15,2.73,1.65,1.32,1.5,0.85,1.16,,0.47,0.7,,1.79,1.72,2.21,1.13
2024-01-12 00:00:00,0.91,0.58,0.87,0.69,1.16,1.22,0.98,1.15,2.73,1.65,1.32,1.5,0.85,1.16,,0.47,0.7,,1.79,1.72,2.21,1.13
2024-01-16 00:00:00,0.91,0.58,0.87,0.69,1.16,1.22,0.98,1.15,2.73,1.65,1.32,1.5,0.85,1.16,,0.47,0.7,,1.79,1.72,2.21,1.13
2024-01-17 00:00:00,0.91,0.58,0.87,0.69,1.16,1.22,0.98,1.15,2.73,1.65,1.32,1.5,0.85,1.16,,0.47,0.7,,1.79,1.72,2.21,1.13
2024-01-18 00:00:00,0.91,0.58,0.87,0.69,1.16,1.22,0.98,1.15,2.73,1.65,1.32,1.5,0.85,1.16,,0.47,0.7,,1.79,1.72,2.21,1.13
2024-01-19 00:00:00,0.91,0.58,0.87,0.69,1.16,1.22,0.98,1.15,2.73,1.65,1.32,1.5,0.85,1.16,,0.47,0.7,,1.79,1.72,2.21,1.13
2024-01-22 00:00:00,0.91,0.58,0.87,0.69,1.16,1.22,0.98,1.15,2.73,1.65,1.32,1.5,0.85,1.16,,0.47,0.7,,1.79,1.72,2.21,1.13
2024-01-23 00:00:00,0.91,0.58,0.87,0.69,1.16,1.22,0.98,1.15,2.73,1.65,1.32,1.5,0.85,1.16,,0.47,0.7,,1.79,1.72,2.21,1.13
2024-01-24 00:00:00,0.91,0.58,0.87,0.69,1.16,1.22,0.98,1.15,2.73,1.65,1.32,1.5,0.85,1.16,,0.47,0.7,,1.79,1.72,2.21,1.13
2024-01-26 00:00:00,0.91,0.58,0.87,0.69,1.16,1.22,0.98,1.15,2.73,1.65,1.32,1.5,0.85,1.16,,0.47,0.7,,1.79,1.72,2.21,1.13
2024-01-29 00:00:00,0.91,0.58,0.87,0.69,1.16,1.22,0.98,1.15,2.73,1.65,1.32,1.5,0.85,1.16,,0.47,0.7,,1.79,1.72,2.21,1.13
2024-01-30 00:00:00,0.91,0.58,0.87,0.69,1.16,1.22,0.98,1.15,2.73,1.65,1.32,1.5,0.85,1.16,,0.47,0.7,,1.79,1.72,2.21,1.13
2024-01-31 00:00:00,0.91,0.58,0.87,0.69,1.16,1.22,0.98,1.15,2.73,1.65,1.32,1.5,0.85,1.16,,0.47,0.7,,1.79,1.72,2.21,1.13
2024-02-01 00:00:00,0.91,0.58,0.87,0.69,1.16,1.22,0.98,1.15,2.73,1.65,1.32,1.5,0.85,1.16,,0.47,0.7,,1.79,1.72,2.21,1.13
2024-02-02 00:00:00,0.91,0.58,0.87,0.69,1.16,1.22,0.98,1.15,2.73,1.65,1.32,1.5,0.85,1.16,,0.47,0.7,,1.79,1.72,2.21,1.13
2024-02-06 00:00:00,0.91,0.58,0.87,0.69,1.16,1.22,0.98,1.15,2.73,1.65,1.32,1.5,0.85,1.16,,0.47,0.7,,1.79,1.72,2.21,1.13
2024-02-07 00:00:00,0.91,0.58,0.87,0.69,1.16,1.22,0.98,1.15,2.73,1.65,1.32,1.5,0.85,1.16,,0.47,0.7,,1.79,1.72,2.21,1.13
2024-02-08 00:00:00,0.91,0.58,0.87,0.69,1.16,1.22,0.98,1.15,2.73,1.65,1.32,1.5,0.85,1.16,,0.47,0.7,,1.79,1.72,2.21,1.13
2024-02-09 00:00:00,0.91,0.58,0.87,0.69,1.16,1.22,0.98,1.15,2.73,1.65,1.32,1.5,0.85,1.16,,0.47,0.7,,1.79,1.72,2.21,1.13
2024-02-12 00:00:00,0.91,0.58,0.87,0.69,1.16,1.22,0.98,1.15,2.73,1.65,1.32,1.5,0.85,1.16,,0.47,0.7,,1.79,1.72,2.21,1.13
2024-02-13 00:00:00,0.91,0.58,0.87,0.69,1.16,1.22,0.98,1.15,2.73,1.65,1.32,1.5,0.85,1.16,,0.47,0.7,,1.79,1.72,2.21,1.13
2024-02-14 00:00:00,0.91,0.58,0.87,0.69,1.16,1.22,0.98,1.15,2.73,1.65,1.32,1.5,0.85,1.16,,0.47,0.7,,1.79,1.72,2.21,1.13
2024-02-15 00:00:00,0.91,0.58,0.87,0.69,1.16,1.22,0.98,1.15,2.73,1.65,1.32,1.5,0.85,1.16,,0.47,0.7,,1.79,1.72,2.21,1.13
2024-02-16 00:00:00,0.91,0.58,0.87,0.69,1.16,1.22,0.98,1.15,2.73,1.65,1.32,1.5,0.85,1.16,,0.47,0.7,,1.79,1.72,2.21,1.13
2024-02-19 00:00:00,0.91,0.58,0.87,0.69,1.16,1.22,0.98,1.15,2.73,1.65,1.32,1.48,0.85,1.15,,0.47,0.7,,1.79,1.72,2.21,1.13
2024-02-20 00:00:00,0.91,0.58,0.86,0.69,1.16,1.22,0.98,1.15,2.73,1.66,1.32,1.48,0.85,1.1,,0.47,0.7,,1.83,1.72,2.28,1.13
2024-02-21 00:00:00,0.91,0.58,0.86,0.69,1.15,1.22,0.93,1.11,2.73,1.65,1.32,1.48,0.84,1.09,,0.47,0.7,,1.83,1.72,2.28,1.12
2024-02-22 00:00:00,0.91,0.58,0.86,0.69,1.15,1.22,0.93,1.11,2.73,1.65,1.32,1.48,0.84,1.09,,0.47,0.7,,1.83,1.72,2.28,1.12
2024-02-26 00:00:00,0.87,0.57,0.85,0.69,1.14,1.11,0.93,1.11,2.73,1.59,1.29,1.46,0.84,1.09,,0.47,0.69,,1.83,1.72,2.28,1.12
2024-02-27 00:00:00,0.87,0.57,0.84,0.67,1.17,1.06,0.93,1.11,2.72,1.58,1.29,1.46,0.84,1.09,,0.47,0.7,,1.83,1.72,2.28,1.12
2024-02-28 00:00:00,0.87,0.57,0.84,0.67,1.17,1.06,0.93,1.11,2.69,1.58,1.29,1.46,0.84,1.09,,0.47,0.69,,1.83,1.65,2.28,1.12
2024-02-29 00:00:00,0.87,0.57,0.84,0.67,1.17,1.06,0.93,1.11,2.69,1.58,1.29,1.46,0.84,1.09,,0.47,0.69,,1.83,1.65,2.28,1.12
2024-03-01 00:00:00,0.87,0.56,0.84,0.67,1.17,1.06,0.93,1.11,2.69,1.57,1.29,1.46,0.82,1.09,,0.47,0.69,,1.83,1.65,2.28,1.12
2024-03-04 00:00:00,0.87,0.56,0.84,0.67,1.17,1.06,0.93,1.11,2.69,1.57,1.28,1.46,0.81,1.09,,0.47,0.69,,1.83,1.66,2.28,1.12
2024-03-05 00:00:00,0.87,0.56,0.84,0.67,1.17,1.06,0.93,1.11,2.69,1.57,1.28,1.46,0.81,1.09,,0.47,0.69,,1.83,1.66,2.28,1.12
2024-03-06 00:00:00,0.87,0.56,0.84,0.67,1.17,1.06,0.93,1.11,2.69,1.57,1.28,1.46,0.81,1.09,,0.47,0.69,,1.83,1.66,2.28,1.12
2024-03-07 00:00:00,0.87,0.56,0.84,0.67,1.17,1.06,0.93,1.11,2.69,1.57,1.28,1.46,0.81,1.09,,0.47,0.69,,1.83,1.66,2.28,1.12
2024-03-11 00:00:00,0.87,0.56,0.84,0.67,1.17,1.06,0.93,1.11,2.69,1.57,1.28,1.46,0.81,1.09,,0.47,0.69,,1.83,1.66,2.28,1.12
2024-03-12 00:00:00,0.87,0.56,0.84,0.67,1.17,1.06,0.93,1.11,2.69,1.57,1.28,1.46,0.81,1.09,,0.47,0.69,,1.83,1.66,2.28,1.12
2024-03-13 00:00:00,0.87,0.56,0.84,0.67,1.17,1.06,0.93,1.11,2.69,1.57,1.28,1.46,0.81,1.09,,0.47,0.69,,1.83,1.66,2.28,1.12
2024-03-14 00:00:00,0.87,0.56,0.84,0.67,1.17,1.06,0.93,1.11,2.69,1.57,1.28,1.46,0.81,1.09,,0.47,0.69,,1.83,1.66,2.28,1.12
2024-03-15 00:00:00,0.87,0.56,0.84,0.67,1.17,1.06,0.93,1.11,2.69,1.57,1.28,1.46,0.81,1.09,,0.47,0.69,,1.83,1.66,2.28,1.12
2024-03-18 00:00:00,0.87,0.56,0.84,0.67,1.17,1.06,0.93,1.11,2.69,1.57,1.28,1.46,0.81,1.09,,0.47,0.69,,1.83,1.66,2.28,1.12
2024-03-19 00:00:00,0.87,0.56,0.88,0.67,1.17,1.06,0.93,1.11,2.69,1.57,1.28,1.46,0.81,1.09,,0.47,0.69,,1.83,1.66,2.28,1.12
2024-03-20 00:00:00,0.87,0.56,0.88,0.67,1.17,1.06,0.93,1.11,2.69,1.57,1.28,1.46,0.81,1.09,,0.47,0.69,,1.83,1.66,2.28,1.12
2024-03-21 00:00:00,0.87,0.56,0.88,0.67,1.17,1.06,0.93,1.11,2.69,1.57,1.28,1.46,0.81,1.09,,0.47,0.69,,1.83,1.66,2.28,1.12
2024-03-22 00:00:00,0.87,0.56,0.88,0.67,1.17,1.06,0.93,1.11,2.69,1.57,1.28,1.46,0.81,1.09,,0.47,0.69,,1.83,1.66,2.28,1.12
2024-03-25 00:00:00,0.87,0.56,0.88,0.67,1.17,1.06,0.93,1.11,2.69,1.57,1.28,1.46,0.81,1.09,,0.47,0.69,,1.83,1.66,2.28,1.12
2024-03-26 00:00:00,0.87,0.56,0.88,0.67,1.17,1.06,0.93,1.11,2.69,1.57,1.28,1.46,0.81,1.09,,0.47,0.69,,1.83,1.66,2.28,1.12
2024-03-27 00:00:00,0.87,0.56,0.88,0.67,1.17,1.06,0.93,1.11,2.69,1.57,1.28,1.46,0.81,1.09,,0.47,0.69,,1.83,1.66,2.28,1.12
2024-03-28 00:00:00,0.87,0.56,0.88,0.67,1.17,1.06,0.93,1.11,2.69,1.57,1.28,1.46,0.81,1.09,,0.47,0.69,,1.83,1.66,2.28,1.12
2024-04-01 00:00:00,0.92,0.54,0.85,0.66,1.19,0.96,0.86,1.05,2.91,1.55,1.29,1.41,0.79,1.12,,0.46,0.67,,2.06,1.48,2.28,1.24
2024-04-02 00:00:00,0.92,0.54,0.85,0.66,1.19,0.96,0.86,1.05,2.91,1.55,1.29,1.41,0.79,1.12,,0.46,0.67,,2.06,1.48,2.28,1.24
2024-04-03 00:00:00,0.92,0.54,0.85,0.66,1.19,0.96,0.86,1.05,2.91,1.55,1.29,1.41,0.79,1.12,,0.46,0.67,,2.06,1.48,2.28,1.24
2024-04-04 00:00:00,0.92,0.54,0.85,0.66,1.19,0.96,0.86,1.05,2.91,1.55,1.29,1.41,0.79,1.12,,0.46,0.67,,2.06,1.48,2.28,1.24
2024-04-05 00:00:00,0.92,0.54,0.85,0.66,1.19,0.96,0.86,1.05,2.91,1.55,1.29,1.41,0.79,1.12,,0.46,0.67,,2.06,1.48,2.28,1.24
2024-04-08 00:00:00,0.92,0.54,0.85,0.66,1.19,0.96,0.86,1.05,2.91,1.55,1.29,1.41,0.79,1.12,,0.46,0.67,,2.06,1.48,2.28,1.24
2024-04-09 00:00:00,0.92,0.54,0.85,0.66,1.19,0.96,0.86,1.05,2.91,1.55,1.29,1.41,0.79,1.12,,0.46,0.67,,2.06,1.48,2.28,1.24
2024-04-10 00:00:00,0.92,0.54,0.85,0.66,1.19,0.96,0.86,1.05,2.91,1.55,1.29,1.41,0.79,1.12,,0.46,0.67,,2.06,1.48,2.28,1.24
2024-04-15 00:00:00,0.92,0.54,0.85,0.66,1.19,0.96,0.86,1.05,2.91,1.55,1.29,1.41,0.79,1.12,,0.46,0.67,,2.06,1.48,2.28,1.24
2024-04-16 00:00:00,0.92,0.54,0.85,0.66,1.19,0.96,0.86,1.05,2.91,1.55,1.29,1.41,0.79,1.12,,0.46,0.67,,2.06,1.48,2.28,1.24
2024-04-17 00:00:00,0.92,0.54,0.85,0.66,1.19,0.96,0.86,1.05,2.91,1.55,1.29,1.41,0.79,1.12,,0.46,0.67,,2.06,1.48,2.28,1.24
2024-04-18 00:00:00,0.92,0.54,0.85,0.66,1.19,0.96,0.86,1.05,2.91,1.55,1.29,1.41,0.79,1.12,,0.46,0.67,,2.06,1.48,2.28,1.24
2024-04-19 00:00:00,0.92,0.54,0.85,0.66,1.19,0.96,0.86,1.05,2.91,1.55,1.29,1.41,0.79,1.12,,0.46,0.67,,2.06,1.48,2.28,1.24
2024-04-22 00:00:00,0.92,0.54,0.85,0.66,1.19,0.96,0.86,1.05,2.91,1.55,1.29,1.41,0.79,1.12,,0.46,0.67,,2.06,1.48,2.28,1.24
2024-04-24 00:00:00,0.92,0.54,0.85,0.66,1.19,0.96,0.86,1.05,2.91,1.55,1.29,1.41,0.79,1.12,,0.46,0.67,,2.06,1.48,2.28,1.24
2024-04-25 00:00:00,0.92,0.54,0.85,0.66,1.19,0.96,0.86,1.05,2.91,1.55,1.29,1.41,0.79,1.12,,0.46,0.67,,2.06,1.48,2.28,1.24
2024-04-26 00:00:00,0.92,0.54,0.85,0.66,1.19,0.96,0.86,1.05,2.91,1.55,1.29,1.41,0.79,1.12,,0.46,0.67,,2.06,1.48,2.28,1.24
2024-04-29 00:00:00,0.92,0.54,0.85,0.66,1.19,0.96,0.86,1.05,2.91,1.55,1.29,1.41,0.79,1.12,,0.46,0.67,,2.06,1.48,2.28,1.24
2024-04-30 00:00:00,0.92,0.54,0.85,0.66,1.19,0.96,0.86,1.05,2.91,1.55,1.29,1.41,0.79,1.12,,0.46,0.67,,2.06,1.48,2.28,1.24
2024-05-02 00:00:00,0.92,0.54,0.85,0.66,1.19,0.96,0.86,1.05,2.91,1.55,1.29,1.41,0.79,1.12,,0.46,0.67,,2.06,1.48,2.28,1.24
2024-05-03 00:00:00,0.92,0.54,0.85,0.66,1.19,0.96,0.86,1.05,2.91,1.55,1.29,1.41,0.79,1.12,,0.46,0.67,,2.06,1.48,2.28,1.24
2024-05-06 00:00:00,0.92,0.54,0.85,0.66,1.19,0.96,0.86,1.05,2.91,1.55,1.29,1.41,0.79,1.12,,0.46,0.67,,2.06,1.48,2.28,1.24
2024-05-07 00:00:00,0.92,0.54,0.85,0.66,1.19,0.96,0.86,1.05,2.91,1.55,1.29,1.41,0.79,1.12,,0.46,0.67,,2.06,1.48,2.28,1.24
2024-05-08 00:00:00,0.92,0.54,0.85,0.66,1.19,0.96,0.86,1.05,2.91,1.55,1.29,1.41,0.79,1.12,,0.46,0.67,,2.06,1.48,2.28,1.24
2024-05-09 00:00:00,0.92,0.54,0.85,0.66,1.19,0.96,0.86,1.05,2.91,1.55,1.29,1.41,0.79,1.12,,0.46,0.67,,2.06,1.48,2.28,1.24
2024-05-10 00:00:00,0.92,0.54,0.85,0.66,1.19,0.96,0.86,1.05,2.91,1.55,1.29,1.41,0.79,1.12,,0.46,0.67,,2.06,1.48,2.28,1.24
2024-05-13 00:00:00,0.92,0.54,0.85,0.66,1.19,0.96,0.86,1.05,2.91,1.55,1.29,1.41,0.79,1.12,,0.46,0.67,,2.06,1.48,2.28,1.24
2024-05-14 00:00:00,0.92,0.54,0.85,0.66,1.19,0.96,0.86,1.05,2.91,1.55,1.29,1.41,0.79,1.12,,0.46,0.67,,2.06,1.48,2.28,1.24
2024-05-15 00:00:00,0.92,0.54,0.85,0.66,1.19,0.96,0.86,1.05,2.91,1.55,1.29,1.41,0.79,1.12,,0.46,0.67,,2.06,1.48,2.28,1.24
2024-05-16 00:00:00,0.92,0.54,0.85,0.66,1.19,0.96,0.86,1.05,2.91,1.55,1.29,1.41,0.79,1.12,,0.46,0.67,,2.06,1.48,2.28,1.24
2024-05-17 00:00:00,0.92,0.54,0.85,0.66,1.19,0.96,0.86,1.05,2.91,1.55,1.29,1.41,0.79,1.12,,0.46,0.67,,2.06,1.48,2.28,1.24
2024-05-20 00:00:00,0.92,0.53,0.85,0.65,1.19,0.95,0.86,1.05,2.91,1.54,1.29,1.41,0.78,1.11,,0.46,0.67,,2.28,1.48,2.61,1.24
2024-05-21 00:00:00,0.92,0.53,0.85,0.65,1.19,0.95,0.86,1.05,2.91,1.54,1.29,1.41,0.78,1.11,,0.46,0.67,,2.28,1.48,2.61,1.24
2024-05-22 00:00:00,0.92,0.53,0.85,0.65,1.19,0.95,0.86,1.05,2.91,1.54,1.29,1.41,0.78,1.11,,0.46,0.67,,2.28,1.48,2.61,1.24
2024-05-27 00:00:00,0.92,0.53,0.85,0.65,1.19,0.95,0.86,1.05,2.91,1.54,1.29,1.41,0.78,1.11,,0.46,0.67,,2.28,1.48,2.61,1.24
2024-05-28 00:00:00,0.92,0.53,0.85,0.65,1.19,0.94,0.86,1.05,2.91,1.54,1.29,1.41,0.77,1.11,,0.46,0.67,,2.28,1.45,2.61,1.23
2024-05-29 00:00:00,0.87,0.53,0.83,0.65,1.24,0.93,0.86,1.05,2.9,1.53,1.29,1.41,0.79,1.1,,0.45,0.65,,2.28,1.45,2.61,1.27
2024-05-30 00:00:00,0.87,0.53,0.83,0.65,1.24,0.93,0.86,1.05,2.9,1.53,1.29,1.41,0.79,1.1,,0.45,0.65,,2.28,1.45,2.61,1.27
2024-05-31 00:00:00,0.87,0.53,0.83,0.65,1.24,0.93,0.86,1.05,2.9,1.53,1.29,1.41,0.79,1.1,,0.45,0.65,,2.28,1.45,2.61,1.27
2024-06-03 00:00:00,0.87,0.53,0.83,0.65,1.22,0.93,0.86,0.99,2.9,1.53,1.29,1.41,0.79,1.09,,0.45,0.65,,2.28,1.45,2.61,1.27
2024-06-04 00:00:00,0.87,0.53,0.83,0.65,1.22,0.93,0.86,0.99,2.9,1.53,1.29,1.41,0.79,1.09,,0.45,0.65,,2.28,1.45,2.61,1.27
2024-06-05 00:00:00,0.87,0.53,0.85,0.65,1.22,0.93,0.86,1,2.7,1.55,1.27,1.37,0.79,1.09,,0.45,0.65,,2.28,1.45,2.61,1.27
2024-06-06 00:00:00,0.87,0.53,0.85,0.65,1.22,0.92,0.86,1,2.7,1.55,1.26,1.37,0.79,1.09,,0.45,0.65,,2.28,1.45,2.61,1.29
2024-06-07 00:00:00,0.87,0.53,0.85,0.58,1.16,0.93,0.84,1,2.46,1.54,1.3,1.37,0.79,1.09,,0.45,0.64,,2.28,1.45,2.61,1.28
2024-06-10 00:00:00,0.87,0.53,0.85,0.58,1.16,0.93,0.84,1,2.46,1.54,1.3,1.37,0.79,1.09,,0.45,0.64,,2.28,1.45,2.61,1.28
2024-06-11 00:00:00,0.87,0.53,0.85,0.58,1.16,0.93,0.84,1,2.46,1.54,1.3,1.37,0.79,1.09,,0.45,0.64,,2.28,1.45,2.61,1.28
2024-06-12 00:00:00,0.87,0.53,0.85,0.58,1.16,0.93,0.84,1,2.46,1.54,1.3,1.37,0.79,1.09,,0.45,0.64,,2.28,1.45,2.61,1.28
2024-06-13 00:00:00,0.87,0.53,0.85,0.58,1.16,0.93,0.84,1,2.46,1.54,1.3,1.37,0.79,1.09,,0.45,0.64,,2.28,1.45,2.61,1.28
2024-06-14 00:00:00,0.87,0.53,0.85,0.58,1.16,0.93,0.84,1,2.46,1.54,1.3,1.37,0.79,1.09,,0.45,0.64,,2.28,1.45,2.61,1.28
2024-06-18 00:00:00,0.87,0.53,0.85,0.58,1.16,0.93,0.84,1,2.46,1.54,1.3,1.37,0.79,1.09,,0.45,0.64,,2.28,1.45,2.61,1.28
2024-06-19 00:00:00,0.87,0.53,0.85,0.58,1.16,0.93,0.84,1,2.46,1.54,1.3,1.37,0.79,1.09,,0.45,0.64,,2.28,1.45,2.61,1.28
2024-06-20 00:00:00,0.87,0.53,0.85,0.58,1.16,0.93,0.84,1,2.46,1.54,1.3,1.37,0.79,1.09,,0.45,0.64,,2.28,1.45,2.61,1.28
2024-06-24 00:00:00,0.87,0.53,0.85,0.58,1.16,0.93,0.84,1,2.46,1.54,1.3,1.37,0.79,1.09,,0.45,0.64,,2.28,1.45,2.61,1.28
2024-06-25 00:00:00,0.87,0.53,0.85,0.58,1.16,0.93,0.84,1,2.46,1.54,1.3,1.37,0.79,1.09,,0.45,0.64,,2.28,1.45,2.61,1.28
2024-06-26 00:00:00,0.87,0.53,0.85,0.58,1.16,0.93,0.84,1,2.46,1.54,1.3,1.37,0.79,1.09,,0.45,0.64,,2.28,1.45,2.61,1.28
2024-06-27 00:00:00,0.87,0.53,0.85,0.58,1.16,0.93,0.84,1,2.46,1.54,1.3,1.37,0.79,1.09,,0.45,0.64,,2.28,1.45,2.61,1.28
2024-06-28 00:00:00,0.87,0.53,0.85,0.58,1.16,0.93,0.84,1,2.46,1.54,1.3,1.37,0.79,1.09,,0.45,0.64,,2.28,1.45,2.61,1.28
2024-07-01 00:00:00,0.85,0.62,0.94,0.57,1.29,0.94,0.87,0.95,2.49,1.66,1.15,1.31,0.78,1.15,,0.46,0.73,,2.13,1.38,0.01,1.4
2024-07-02 00:00:00,0.85,0.62,0.94,0.57,1.29,0.94,0.87,0.95,2.49,1.66,1.15,1.31,0.78,1.15,,0.46,0.73,,2.13,1.38,0.01,1.4
2024-07-03 00:00:00,0.85,0.62,0.94,0.57,1.29,0.94,0.87,0.95,2.49,1.66,1.15,1.31,0.78,1.15,,0.46,0.73,,2.13,1.38,0.01,1.4
2024-07-04 00:00:00,0.85,0.62,0.94,0.57,1.29,0.94,0.87,0.95,2.49,1.66,1.15,1.31,0.78,1.15,,0.46,0.73,,2.13,1.38,0.01,1.4
2024-07-05 00:00:00,0.85,0.62,0.94,0.57,1.29,0.94,0.87,0.95,2.49,1.66,1.15,1.31,0.78,1.15,,0.46,0.73,,2.13,1.38,0.01,1.4
2024-07-08 00:00:00,0.85,0.62,0.94,0.57,1.29,0.94,0.87,0.95,2.49,1.66,1.15,1.31,0.78,1.15,,0.46,0.73,,2.13,1.38,0.01,1.4
2024-07-09 00:00:00,0.85,0.62,0.94,0.57,1.29,0.94,0.87,0.95,2.49,1.66,1.15,1.31,0.78,1.15,,0.46,0.73,,2.13,1.38,0.01,1.4
2024-07-10 00:00:00,0.85,0.62,0.94,0.57,1.29,0.94,0.87,0.95,2.49,1.66,1.15,1.31,0.78,1.15,,0.46,0.73,,2.13,1.38,0.01,1.4
2024-07-11 00:00:00,0.85,0.62,0.94,0.57,1.29,0.94,0.87,0.95,2.49,1.66,1.15,1.31,0.78,1.15,,0.46,0.73,,2.13,1.38,0.01,1.4
2024-07-12 00:00:00,0.85,0.62,0.94,0.57,1.29,0.94,0.87,0.95,2.49,1.66,1.15,1.31,0.78,1.15,,0.46,0.73,,2.13,1.38,0.01,1.4
2024-07-15 00:00:00,0.85,0.62,0.94,0.57,1.29,0.94,0.87,0.95,2.49,1.66,1.15,1.31,0.78,1.15,,0.46,0.73,,2.13,1.38,0.01,1.4
2024-07-16 00:00:00,0.85,0.62,0.94,0.57,1.29,0.94,0.87,0.95,2.49,1.66,1.15,1.31,0.78,1.15,,0.46,0.73,,2.13,1.38,0.01,1.4
2024-07-17 00:00:00,0.85,0.62,0.94,0.57,1.29,0.94,0.87,0.95,2.49,1.66,1.15,1.31,0.78,1.15,,0.46,0.73,,2.13,1.38,0.01,1.4
2024-07-18 00:00:00,0.85,0.62,0.94,0.57,1.29,0.94,0.87,0.95,2.49,1.66,1.15,1.31,0.78,1.15,,0.46,0.73,,2.13,1.38,0.01,1.4
2024-07-19 00:00:00,0.85,0.62,0.94,0.57,1.29,0.94,0.87,0.95,2.49,1.66,1.15,1.31,0.78,1.15,,0.46,0.73,,2.13,1.38,0.01,1.4
2024-07-22 00:00:00,0.85,0.62,0.94,0.57,1.29,0.94,0.87,0.95,2.49,1.66,1.15,1.31,0.78,1.15,,0.46,0.73,,2.13,1.38,0.01,1.4
2024-07-23 00:00:00,0.85,0.62,0.94,0.57,1.29,0.94,0.87,0.95,2.49,1.66,1.15,1.31,0.78,1.15,,0.46,0.73,,2.13,1.38,0.01,1.4
2024-07-24 00:00:00,0.85,0.62,0.94,0.57,1.29,0.94,0.87,0.95,2.49,1.66,1.15,1.31,0.78,1.15,,0.46,0.73,,2.13,1.38,0.01,1.4
2024-07-25 00:00:00,0.85,0.62,0.94,0.57,1.29,0.94,0.87,0.95,2.49,1.66,1.15,1.31,0.78,1.15,,0.46,0.73,,2.13,1.38,0.01,1.4
2024-07-26 00:00:00,0.85,0.62,0.94,0.57,1.29,0.94,0.87,0.95,2.49,1.66,1.15,1.31,0.78,1.15,,0.46,0.73,,2.13,1.38,0.01,1.4
2024-07-29 00:00:00,0.85,0.62,0.94,0.57,1.29,0.94,0.87,0.95,2.49,1.66,1.15,1.31,0.78,1.15,,0.46,0.73,,2.13,1.38,0.01,1.4
2024-07-30 00:00:00,0.85,0.62,0.94,0.57,1.29,0.94,0.87,0.95,2.49,1.66,1.15,1.31,0.78,1.15,,0.46,0.73,,2.13,1.38,0.01,1.4
2024-07-31 00:00:00,0.85,0.62,0.94,0.57,1.29,0.94,0.87,0.95,2.49,1.66,1.15,1.31,0.78,1.15,,0.46,0.73,,2.13,1.38,0.01,1.4
2024-08-01 00:00:00,0.85,0.62,0.94,0.57,1.29,0.94,0.87,0.95,2.49,1.66,1.15,1.31,0.78,1.15,,0.46,0.73,,2.13,1.38,0.01,1.4
2024-08-02 00:00:00,0.85,0.62,0.94,0.57,1.29,0.94,0.87,0.95,2.49,1.66,1.15,1.31,0.78,1.15,,0.46,0.73,,2.13,1.38,0.01,1.4
2024-08-05 00:00:00,0.85,0.62,0.94,0.57,1.29,0.94,0.87,0.95,2.49,1.66,1.15,1.31,0.78,1.15,,0.46,0.73,,2.13,1.38,0.01,1.4
2024-08-06 00:00:00,0.85,0.62,0.94,0.57,1.29,0.94,0.87,0.95,2.49,1.66,1.15,1.31,0.78,1.15,,0.46,0.73,,2.13,1.38,0.01,1.4
2024-08-07 00:00:00,0.85,0.62,0.94,0.57,1.29,0.94,0.87,0.95,2.49,1.66,1.15,1.31,0.78,1.15,,0.46,0.73,,2.13,1.38,0.01,1.4
2024-08-08 00:00:00,0.85,0.62,0.94,0.57,1.29,0.94,0.87,0.95,2.49,1.66,1.15,1.31,0.78,1.15,,0.46,0.73,,2.13,1.38,0.01,1.4
2024-08-09 00:00:00,0.85,0.62,0.94,0.57,1.29,0.94,0.87,0.95,2.49,1.66,1.15,1.31,0.78,1.15,,0.46,0.73,,2.13,1.38,0.01,1.4
2024-08-12 00:00:00,0.85,0.62,0.94,0.57,1.29,0.94,0.87,0.95,2.49,1.66,1.15,1.31,0.78,1.15,,0.46,0.73,,2.13,1.38,0.01,1.4
2024-08-13 00:00:00,0.85,0.62,0.94,0.57,1.29,0.94,0.87,0.95,2.49,1.66,1.15,1.31,0.78,1.15,,0.46,0.73,,2.13,1.38,0.01,1.4
2024-08-14 00:00:00,0.85,0.62,0.94,0.57,1.29,0.94,0.87,0.95,2.49,1.66,1.15,1.31,0.78,1.15,,0.46,0.73,,2.13,1.38,0.01,1.4
2024-08-15 00:00:00,0.85,0.62,0.94,0.57,1.29,0.94,0.87,0.95,2.49,1.66,1.15,1.31,0.78,1.15,,0.46,0.73,,2.13,1.38,0.01,1.4
2024-08-16 00:00:00,0.85,0.62,0.94,0.57,1.29,0.94,0.87,0.95,2.49,1.66,1.15,1.31,0.78,1.15,,0.46,0.73,,2.13,1.38,0.01,1.4
2024-08-20 00:00:00,0.85,0.62,0.94,0.57,1.29,0.94,0.87,0.95,2.49,1.66,1.15,1.31,0.78,1.15,,0.46,0.73,,2.13,1.38,0.01,1.4
2024-08-21 00:00:00,0.85,0.62,0.94,0.57,1.29,0.94,0.87,0.95,2.49,1.66,1.15,1.31,0.78,1.15,,0.46,0.73,,2.13,1.38,0.01,1.4
2024-08-22 00:00:00,0.85,0.62,0.94,0.57,1.29,0.94,0.87,0.95,2.49,1.66,1.15,1.31,0.78,1.15,,0.46,0.73,,2.13,1.38,0.01,1.4
2024-08-23 00:00:00,0.85,0.62,0.94,0.57,1.29,0.94,0.87,0.95,2.49,1.66,1.15,1.31,0.78,1.15,,0.46,0.73,,2.13,1.38,0.01,1.4
2024-08-26 00:00:00,0.85,0.62,0.94,0.57,1.29,0.94,0.87,0.95,2.49,1.66,1.15,1.31,0.78,1.15,,0.46,0.73,,2.13,1.38,0.01,1.4
2024-08-27 00:00:00,0.85,0.62,0.94,0.57,1.29,0.94,0.87,0.95,2.49,1.66,1.15,1.31,0.78,1.15,,0.46,0.73,,2.13,1.38,0.01,1.4
2024-08-28 00:00:00,0.85,0.62,0.94,0.57,1.29,0.94,0.87,0.95,2.49,1.66,1.15,1.31,0.78,1.15,,0.46,0.73,,2.13,1.38,0.01,1.4
2024-08-29 00:00:00,0.85,0.62,0.94,0.57,1.29,0.94,0.87,0.95,2.49,1.66,1.13,1.31,0.77,1.16,,0.46,0.73,,2.13,1.38,0.01,1.4
2024-08-30 00:00:00,0.85,0.62,0.94,0.57,1.29,0.95,0.87,0.95,2.53,1.66,1.13,1.32,0.77,1.15,,0.46,0.73,,2.13,1.38,0.01,1.4
2024-09-02 00:00:00,0.85,0.62,0.94,0.57,1.29,0.95,0.87,0.95,2.53,1.66,1.13,1.32,0.77,1.15,,0.46,0.73,,2.13,1.38,0.01,1.4
2024-09-03 00:00:00,0.85,0.62,0.94,0.57,1.29,0.95,0.87,0.95,2.53,1.66,1.13,1.32,0.77,1.15,,0.46,0.73,,2.13,1.38,0.01,1.4
2024-09-04 00:00:00,0.85,0.62,0.93,0.57,1.29,0.95,0.87,0.95,2.53,1.66,1.13,1.32,0.77,1.14,,0.46,0.74,,2.13,1.38,0.01,1.4
2024-09-05 00:00:00,0.85,0.62,0.93,0.57,1.29,0.95,0.87,0.95,2.53,1.66,1.13,1.32,0.77,1.14,,0.46,0.74,,2.13,1.38,0.01,1.4
2024-09-06 00:00:00,0.85,0.62,0.93,0.56,1.29,0.96,0.87,0.95,2.55,1.65,1.12,1.32,0.77,1.14,,0.46,0.74,,2.17,1.38,0.01,1.39
2024-09-09 00:00:00,0.85,0.62,0.93,0.56,1.29,0.96,0.87,0.95,2.55,1.65,1.12,1.32,0.77,1.14,,0.46,0.74,,2.17,1.38,0.01,1.39
2024-09-10 00:00:00,0.85,0.62,0.93,0.56,1.29,0.96,0.87,0.95,2.55,1.65,1.12,1.32,0.77,1.14,,0.46,0.74,,2.17,1.38,0.01,1.39
2024-09-11 00:00:00,0.85,0.62,0.93,0.56,1.29,0.96,0.87,0.95,2.55,1.65,1.12,1.32,0.77,1.14,,0.46,0.74,,2.17,1.38,0.01,1.39
2024-09-12 00:00:00,0.83,0.61,0.94,0.56,1.29,0.96,0.87,0.95,2.55,1.65,1.12,1.31,0.77,1.14,,0.46,0.75,,2.17,1.39,0.01,1.36
2024-09-13 00:00:00,0.83,0.61,0.94,0.56,1.29,0.96,0.87,0.95,2.55,1.65,1.12,1.31,0.77,1.14,,0.46,0.75,,2.17,1.39,0.01,1.36
2024-09-18 00:00:00,0.83,0.6,0.94,0.56,1.27,0.95,0.86,0.91,2.55,1.64,1.11,1.31,0.78,1.13,,0.46,0.74,,2.17,1.4,0.01,1.36
2024-09-19 00:00:00,0.83,0.6,0.94,0.56,1.27,0.95,0.86,0.91,2.55,1.64,1.11,1.31,0.78,1.13,,0.46,0.74,,2.17,1.4,0.01,1.36
2024-09-20 00:00:00,0.83,0.6,0.94,0.56,1.27,0.95,0.86,0.91,2.55,1.64,1.11,1.31,0.78,1.13,,0.46,0.74,,2.17,1.4,0.01,1.36
2024-09-23 00:00:00,0.83,0.6,0.94,0.56,1.27,0.95,0.86,0.91,2.55,1.64,1.11,1.31,0.78,1.13,,0.46,0.74,,2.17,1.4,0.01,1.36
2024-09-24 00:00:00,0.83,0.6,0.94,0.56,1.27,0.95,0.86,0.91,2.55,1.64,1.11,1.31,0.78,1.13,,0.46,0.74,,2.17,1.4,0.01,1.36
2024-09-25 00:00:00,0.83,0.6,0.94,0.56,1.27,0.95,0.86,0.91,2.55,1.64,1.11,1.31,0.78,1.13,,0.46,0.74,,2.17,1.4,0.01,1.36
2024-09-26 00:00:00,0.83,0.6,0.94,0.56,1.27,0.95,0.86,0.91,2.55,1.64,1.11,1.31,0.78,1.13,,0.46,0.74,,2.17,1.4,0.01,1.36
2024-09-27 00:00:00,0.83,0.6,0.94,0.56,1.27,0.95,0.86,0.91,2.55,1.64,1.11,1.31,0.78,1.13,,0.46,0.74,,2.17,1.4,0.01,1.36
2024-09-30 00:00:00,0.83,0.6,0.94,0.56,1.27,0.95,0.86,0.91,2.55,1.64,1.11,1.31,0.78,1.13,,0.46,0.74,,2.17,1.4,0.01,1.36
2024-10-01 00:00:00,0.97,0.86,1.17,0.76,1.84,1.28,1.17,1.08,2.84,2.13,1.25,1.43,0.99,1.5,,0.6,1.14,,2.28,1.59,0.25,1.68
2024-10-02 00:00:00,0.97,0.86,1.17,0.76,1.84,1.28,1.17,1.08,2.84,2.13,1.25,1.43,0.99,1.5,,0.6,1.14,,2.28,1.59,0.25,1.68
2024-10-03 00:00:00,0.97,0.86,1.17,0.76,1.84,1.28,1.17,1.08,2.84,2.13,1.25,1.43,0.99,1.5,,0.6,1.14,,2.28,1.59,0.25,1.68
2024-10-04 00:00:00,0.97,0.86,1.17,0.76,1.84,1.28,1.17,1.08,2.84,2.13,1.25,1.43,0.99,1.5,,0.6,1.14,,2.28,1.59,0.25,1.68
2024-10-07 00:00:00,0.97,0.86,1.17,0.76,1.84,1.28,1.17,1.08,2.84,2.13,1.25,1.43,0.99,1.5,,0.6,1.14,,2.28,1.59,0.25,1.68
2024-10-08 00:00:00,0.97,0.86,1.17,0.76,1.84,1.28,1.17,1.08,2.84,2.13,1.25,1.43,0.99,1.5,,0.6,1.14,,2.28,1.59,0.25,1.68
2024-10-09 00:00:00,0.97,0.86,1.17,0.76,1.84,1.28,1.17,1.08,2.84,2.13,1.25,1.43,0.99,1.5,,0.6,1.14,,2.28,1.59,0.25,1.68
2024-10-10 00:00:00,0.97,0.86,1.17,0.76,1.84,1.28,1.17,1.08,2.84,2.13,1.25,1.43,0.99,1.5,,0.6,1.14,,2.28,1.59,0.25,1.68
2024-10-11 00:00:00,0.97,0.86,1.17,0.76,1.84,1.28,1.17,1.08,2.84,2.13,1.25,1.43,0.99,1.5,,0.6,1.14,,2.28,1.59,0.25,1.68
2024-10-14 00:00:00,0.97,0.86,1.17,0.76,1.84,1.28,1.17,1.08,2.84,2.13,1.25,1.43,0.99,1.5,,0.6,1.14,,2.28,1.59,0.25,1.68
2024-10-15 00:00:00,0.97,0.86,1.17,0.76,1.84,1.28,1.17,1.08,2.84,2.13,1.25,1.43,0.99,1.5,,0.6,1.14,,2.28,1.59,0.25,1.68
2024-10-16 00:00:00,0.97,0.86,1.17,0.76,1.84,1.28,1.17,1.08,2.84,2.13,1.25,1.43,0.99,1.5,,0.6,1.14,,2.28,1.59,0.25,1.68
2024-10-18 00:00:00,0.97,0.86,1.17,0.76,1.84,1.28,1.17,1.08,2.84,2.13,1.25,1.43,0.99,1.5,,0.6,1.14,,2.28,1.59,0.25,1.68
2024-10-21 00:00:00,0.97,0.86,1.17,0.76,1.84,1.28,1.17,1.08,2.84,2.13,1.25,1.43,0.99,1.5,,0.6,1.14,,2.28,1.59,0.25,1.68
2024-10-22 00:00:00,0.97,0.86,1.17,0.76,1.84,1.28,1.17,1.08,2.84,2.13,1.25,1.43,0.99,1.5,,0.6,1.14,,2.28,1.59,0.25,1.68
2024-10-23 00:00:00,0.97,0.86,1.17,0.76,1.84,1.28,1.17,1.08,2.84,2.13,1.25,1.43,0.99,1.5,,0.6,1.14,,2.28,1.59,0.25,1.68
2024-10-24 00:00:00,0.97,0.86,1.17,0.76,1.84,1.28,1.17,1.08,2.84,2.13,1.25,1.43,0.99,1.5,,0.6,1.14,,2.28,1.59,0.25,1.68
2024-10-25 00:00:00,0.97,0.86,1.17,0.76,1.84,1.28,1.17,1.08,2.84,2.13,1.25,1.43,0.99,1.5,,0.6,1.14,,2.28,1.59,0.25,1.68
2024-10-28 00:00:00,0.97,0.86,1.17,0.76,1.84,1.28,1.17,1.08,2.84,2.13,1.25,1.43,0.99,1.5,,0.6,1.14,,2.28,1.59,0.25,1.68
2024-10-29 00:00:00,0.97,0.86,1.17,0.76,1.84,1.28,1.17,1.08,2.84,2.13,1.25,1.43,0.99,1.5,,0.6,1.14,,2.28,1.59,0.25,1.68
2024-10-30 00:00:00,0.97,0.86,1.17,0.76,1.84,1.28,1.17,1.08,2.84,2.13,1.25,1.43,0.99,1.5,,0.6,1.14,,2.28,1.59,0.25,1.68
2024-11-01 00:00:00,0.97,0.86,1.17,0.76,1.84,1.28,1.17,1.08,2.84,2.13,1.25,1.43,0.99,1.5,,0.6,1.14,,2.28,1.59,0.25,1.68
2024-11-04 00:00:00,0.97,0.86,1.17,0.76,1.84,1.28,1.17,1.08,2.84,2.13,1.25,1.43,0.99,1.5,,0.6,1.14,,2.28,1.59,0.25,1.68
2024-11-05 00:00:00,0.97,0.86,1.17,0.76,1.84,1.28,1.17,1.08,2.84,2.13,1.25,1.43,0.99,1.5,,0.6,1.14,,2.28,1.59,0.25,1.68
2024-11-06 00:00:00,0.97,0.86,1.17,0.76,1.84,1.28,1.17,1.08,2.84,2.13,1.25,1.43,0.99,1.5,,0.6,1.14,,2.28,1.59,0.25,1.68
2024-11-07 00:00:00,0.97,0.86,1.17,0.76,1.84,1.28,1.17,1.08,2.84,2.13,1.25,1.43,0.99,1.5,,0.6,1.14,,2.28,1.59,0.25,1.68
2024-11-08 00:00:00,0.97,0.86,1.17,0.76,1.84,1.28,1.17,1.08,2.84,2.13,1.25,1.43,0.99,1.5,,0.6,1.14,,2.28,1.59,0.25,1.68
2024-11-11 00:00:00,0.97,0.86,1.17,0.76,1.84,1.28,1.17,1.08,2.84,2.13,1.25,1.43,0.99,1.5,,0.6,1.14,,2.28,1.59,0.25,1.68
2024-11-12 00:00:00,0.97,0.86,1.17,0.76,1.84,1.28,1.17,1.08,2.84,2.13,1.25,1.43,0.99,1.5,,0.6,1.14,,2.28,1.59,0.25,1.68
2024-11-13 00:00:00,0.97,0.86,1.17,0.76,1.84,1.28,1.17,1.08,2.84,2.13,1.25,1.43,0.99,1.5,,0.6,1.14,,2.28,1.59,0.25,1.68
2024-11-14 00:00:00,0.97,0.86,1.17,0.76,1.84,1.28,1.17,1.08,2.84,2.13,1.25,1.43,0.99,1.5,,0.6,1.14,,2.28,1.59,0.25,1.68
2024-11-18 00:00:00,0.97,0.86,1.17,0.76,1.84,1.28,1.17,1.08,2.84,2.13,1.25,1.43,0.99,1.5,,0.6,1.14,,2.28,1.59,0.25,1.68
2024-11-19 00:00:00,0.97,0.86,1.17,0.76,1.84,1.28,1.17,1.08,2.84,2.13,1.25,1.43,0.99,1.5,,0.6,1.14,,2.28,1.59,0.25,1.68
2024-11-20 00:00:00,0.97,0.86,1.17,0.76,1.84,1.28,1.17,1.08,2.84,2.13,1.25,1.43,0.99,1.5,,0.6,1.14,,2.28,1.59,0.25,1.68
2024-11-21 00:00:00,0.97,0.86,1.17,0.76,1.84,1.28,1.17,1.08,2.84,2.13,1.25,1.43,0.99,1.5,,0.6,1.14,,2.28,1.59,0.25,1.68
2024-11-22 00:00:00,0.97,0.86,1.17,0.76,1.84,1.28,1.17,1.08,2.84,2.13,1.25,1.43,0.99,1.5,,0.6,1.14,,2.28,1.59,0.25,1.68
2024-11-25 00:00:00,0.97,0.86,1.17,0.76,1.84,1.28,1.17,1.08,2.84,2.13,1.25,1.43,0.99,1.5,,0.6,1.14,,2.28,1.59,0.25,1.68
2024-11-26 00:00:00,0.97,0.86,1.17,0.76,1.84,1.28,1.17,1.08,2.84,2.13,1.26,1.43,0.99,1.5,,0.6,1.14,,2.28,1.59,0.25,1.68
2024-11-27 00:00:00,0.97,0.86,1.14,0.78,1.84,1.29,1.17,1.08,2.75,2.1,1.26,1.4,1.02,1.5,,0.6,1.14,,2.28,1.59,0.25,1.68
2024-11-28 00:00:00,0.97,0.86,1.14,0.78,1.84,1.29,1.17,1.08,2.75,2.1,1.26,1.4,1.02,1.5,,0.6,1.14,,2.28,1.59,0.25,1.68
2024-11-29 00:00:00,0.97,0.86,1.14,0.78,1.84,1.29,1.17,1.08,2.75,2.1,1.26,1.4,1.02,1.5,,0.6,1.14,,2.28,1.59,0.25,1.68
2024-12-02 00:00:00,0.97,0.85,1.13,0.77,1.84,1.3,1.12,1.1,2.7,2.08,1.25,1.4,1.02,1.49,,0.6,1.13,,3,1.55,0.25,1.68
2024-12-03 00:00:00,0.97,0.85,1.13,0.77,1.84,1.3,1.12,1.1,2.7,2.08,1.25,1.4,1.02,1.49,,0.6,1.13,,3,1.55,0.25,1.68
2024-12-04 00:00:00,0.97,0.85,1.13,0.77,1.84,1.3,1.12,1.1,2.7,2.07,1.25,1.4,1.02,1.49,,0.59,1.12,,3,1.55,0.25,1.68
2024-12-05 00:00:00,0.97,0.85,1.13,0.77,1.84,1.3,1.11,1.1,2.7,2.07,1.26,1.4,1.02,1.49,,0.59,1.12,,3,1.55,0.25,1.68
2024-12-06 00:00:00,0.97,0.84,1.13,0.77,1.84,1.3,1.11,1.1,2.7,2.07,1.26,1.4,1.02,1.49,,0.59,1.11,,3,1.54,0.25,1.68
2024-12-09 00:00:00,1.02,0.84,1.13,0.78,1.84,1.3,1.11,1.1,2.7,2.07,1.26,1.4,1.02,1.49,,0.59,1.11,,3,1.54,0.25,1.64
2024-12-10 00:00:00,1.02,0.84,1.13,0.78,1.85,1.3,1.11,1.1,2.7,1.93,1.26,1.4,1.01,1.49,,0.59,1.11,,3,1.54,0.25,1.64
2024-12-11 00:00:00,1.02,0.84,1.13,0.78,1.85,1.3,1.11,1.1,2.7,1.93,1.26,1.4,1.01,1.49,,0.59,1.11,,3,1.54,0.25,1.64
2024-12-12 00:00:00,1.02,0.84,1.13,0.78,1.85,1.3,1.11,1.1,2.7,1.93,1.26,1.4,1.01,1.49,,0.59,1.11,,3,1.54,0.25,1.64
2024-12-13 00:00:00,1.02,0.82,1.13,0.78,1.84,1.3,1.11,1.1,2.7,1.91,1.25,1.4,1.01,1.49,,0.59,1.11,,3,1.54,0.25,1.64
2024-12-16 00:00:00,1.02,0.82,1.13,0.78,1.84,1.3,1.11,1.1,2.7,1.91,1.25,1.4,1.01,1.49,,0.59,1.11,,3,1.54,0.25,1.64
2024-12-17 00:00:00,1.02,0.82,1.13,0.78,1.84,1.3,1.11,1.1,2.7,1.91,1.25,1.4,1.01,1.49,,0.59,1.11,,3,1.54,0.25,1.64
2024-12-18 00:00:00,1.02,0.82,1.13,0.78,1.84,1.3,1.11,1.1,2.7,1.91,1.25,1.4,1.01,1.49,,0.59,1.11,,3,1.54,0.25,1.64
2024-12-19 00:00:00,1.02,0.82,1.13,0.78,1.84,1.3,1.11,1.1,2.7,1.91,1.25,1.4,1.01,1.49,,0.59,1.11,,3,1.54,0.25,1.64
2024-12-20 00:00:00,1.02,0.82,1.13,0.78,1.84,1.3,1.11,1.1,2.7,1.91,1.25,1.4,1.01,1.49,,0.59,1.11,,3,1.54,0.25,1.64
2024-12-23 00:00:00,1.02,0.82,1.13,0.78,1.84,1.3,1.11,1.1,2.7,1.91,1.25,1.4,1.01,1.49,,0.59,1.11,,3,1.54,0.25,1.64
2024-12-24 00:00:00,1.02,0.82,1.13,0.78,1.84,1.3,1.11,1.1,2.7,1.91,1.25,1.4,1.01,1.49,,0.59,1.11,,3,1.54,0.25,1.64
2024-12-26 00:00:00,1.02,0.82,1.13,0.78,1.84,1.3,1.11,1.1,2.7,1.91,1.25,1.4,1.01,1.49,,0.59,1.11,,3,1.54,0.25,1.64
2024-12-27 00:00:00,1.02,0.82,1.13,0.78,1.84,1.3,1.11,1.1,2.7,1.91,1.25,1.4,1.01,1.49,,0.59,1.11,,3,1.54,0.25,1.64
2024-12-30 00:00:00,1.02,0.82,1.13,0.78,1.84,1.3,1.11,1.1,2.7,1.91,1.25,1.4,1.01,1.49,,0.59,1.11,,3,1.54,0.25,1.64
2024-12-31 00:00:00,1.02,0.82,1.13,0.78,1.84,1.3,1.11,1.1,2.7,1.91,1.25,1.4,1.01,1.49,,0.59,1.11,,3,1.54,0.25,1.64
2025-01-02 00:00:00,0.95,0.75,1.1,0.82,1.57,1.17,1,1.03,3.15,1.92,1.23,1.32,0.97,1.5,,0.58,1.19,,2.9,1.57,0.22,1.6
2025-01-03 00:00:00,0.95,0.75,1.1,0.82,1.57,1.17,1,1.03,3.15,1.92,1.23,1.32,0.97,1.5,,0.58,1.19,,2.9,1.57,0.22,1.6
2025-01-06 00:00:00,0.95,0.75,1.1,0.82,1.57,1.17,1,1.03,3.15,1.92,1.23,1.32,0.97,1.5,,0.58,1.19,,2.9,1.57,0.22,1.6
2025-01-07 00:00:00,0.95,0.75,1.1,0.82,1.57,1.17,1,1.03,3.15,1.92,1.23,1.32,0.97,1.5,,0.58,1.19,,2.9,1.57,0.22,1.6
2025-01-08 00:00:00,0.95,0.75,1.1,0.82,1.57,1.17,1,1.03,3.15,1.92,1.23,1.32,0.97,1.5,,0.58,1.19,,2.9,1.57,0.22,1.6
2025-01-09 00:00:00,0.95,0.75,1.1,0.82,1.57,1.17,1,1.03,3.15,1.92,1.23,1.32,0.97,1.5,,0.58,1.19,,2.9,1.57,0.22,1.6
2025-01-10 00:00:00,0.95,0.75,1.1,0.82,1.57,1.17,1,1.03,3.15,1.92,1.23,1.32,0.97,1.5,,0.58,1.19,,2.9,1.57,0.22,1.6
2025-01-15 00:00:00,0.95,0.75,1.1,0.82,1.57,1.17,1,1.03,3.15,1.92,1.23,1.32,0.97,1.5,,0.58,1.19,,2.9,1.57,0.22,1.6
2025-01-16 00:00:00,0.95,0.75,1.1,0.82,1.57,1.17,1,1.03,3.15,1.92,1.23,1.32,0.97,1.5,,0.58,1.19,,2.9,1.57,0.22,1.6
2025-01-17 00:00:00,0.95,0.75,1.1,0.82,1.57,1.17,1,1.03,3.15,1.92,1.23,1.32,0.97,1.5,,0.58,1.19,,2.9,1.57,0.22,1.6
2025-01-20 00:00:00,0.95,0.75,1.1,0.82,1.57,1.17,1,1.03,3.15,1.92,1.23,1.32,0.97,1.5,,0.58,1.19,,2.9,1.57,0.22,1.6
2025-01-21 00:00:00,0.95,0.75,1.1,0.82,1.57,1.17,1,1.03,3.15,1.92,1.23,1.32,0.97,1.5,,0.58,1.19,,2.9,1.57,0.22,1.6
2025-01-22 00:00:00,0.95,0.75,1.1,0.82,1.57,1.17,1,1.03,3.15,1.92,1.23,1.32,0.97,1.5,,0.58,1.19,,2.9,1.57,0.22,1.6
2025-01-23 00:00:00,0.95,0.75,1.1,0.82,1.57,1.17,1,1.03,3.15,1.92,1.23,1.32,0.97,1.5,,0.58,1.19,,2.9,1.57,0.22,1.6
2025-01-24 00:00:00,0.95,0.75,1.1,0.82,1.57,1.17,1,1.03,3.15,1.92,1.23,1.32,0.97,1.5,,0.58,1.19,,2.9,1.57,0.22,1.6
2025-01-27 00:00:00,0.95,0.75,1.1,0.82,1.57,1.17,1,1.03,3.15,1.92,1.23,1.32,0.97,1.5,,0.58,1.19,,2.9,1.57,0.22,1.6
2025-01-28 00:00:00,0.95,0.75,1.1,0.82,1.57,1.17,1,1.03,3.15,1.92,1.23,1.32,0.97,1.5,,0.58,1.19,,2.9,1.57,0.22,1.6
2025-01-29 00:00:00,0.95,0.75,1.1,0.82,1.57,1.17,1,1.03,3.15,1.92,1.23,1.32,0.97,1.5,,0.58,1.19,,2.9,1.57,0.22,1.6
2025-01-30 00:00:00,0.95,0.75,1.1,0.82,1.57,1.17,1,1.03,3.15,1.92,1.23,1.32,0.97,1.5,,0.58,1.19,,2.9,1.57,0.22,1.6
2025-01-31 00:00:00,0.95,0.75,1.1,0.82,1.57,1.17,1,1.03,3.15,1.92,1.23,1.32,0.97,1.5,,0.58,1.19,,2.9,1.57,0.22,1.6
2025-02-03 00:00:00,0.95,0.75,1.1,0.82,1.57,1.17,1,1.03,3.15,1.92,1.23,1.32,0.97,1.5,,0.58,1.19,,2.9,1.57,0.22,1.6
2025-02-05 00:00:00,0.95,0.75,1.1,0.82,1.57,1.17,1,1.03,3.15,1.92,1.23,1.32,0.97,1.5,,0.58,1.19,,2.9,1.57,0.22,1.6
2025-02-06 00:00:00,0.95,0.75,1.1,0.82,1.57,1.17,1,1.03,3.15,1.92,1.23,1.32,0.97,1.5,,0.58,1.19,,2.9,1.57,0.22,1.6
2025-02-07 00:00:00,0.95,0.75,1.1,0.82,1.57,1.17,1,1.03,3.15,1.92,1.23,1.32,0.97,1.5,,0.58,1.19,,2.9,1.57,0.22,1.6
2025-02-10 00:00:00,0.95,0.75,1.1,0.82,1.57,1.17,1,1.03,3.15,1.92,1.23,1.32,0.97,1.5,,0.58,1.19,,2.9,1.57,0.22,1.6
2025-02-11 00:00:00,0.95,0.75,1.1,0.82,1.57,1.17,1,1.03,3.15,1.92,1.23,1.32,0.97,1.5,,0.58,1.19,,2.9,1.57,0.22,1.6
2025-02-13 00:00:00,0.95,0.75,1.1,0.82,1.57,1.17,1,1.03,3.15,1.92,1.23,1.32,0.97,1.5,,0.58,1.19,,2.9,1.57,0.22,1.6
2025-02-14 00:00:00,0.95,0.75,1.1,0.82,1.57,1.17,1,1.03,3.15,1.92,1.23,1.32,0.97,1.5,,0.58,1.19,,2.9,1.57,0.22,1.6
2025-02-17 00:00:00,0.95,0.75,1.1,0.82,1.57,1.17,1,1.03,3.15,1.92,1.23,1.32,0.97,1.5,,0.58,1.19,,2.9,1.57,0.22,1.6
2025-02-18 00:00:00,0.95,0.75,1.1,0.82,1.57,1.17,1,1.03,3.15,1.92,1.23,1.32,0.97,1.5,,0.58,1.19,,2.9,1.57,0.22,1.6
2025-02-19 00:00:00,0.95,0.75,1.1,0.82,1.57,1.17,1,1.03,3.15,1.92,1.23,1.32,0.97,1.5,,0.58,1.19,,2.9,1.57,0.22,1.6
2025-02-20 00:00:00,0.95,0.75,1.1,0.82,1.57,1.17,1,1.03,3.15,1.92,1.23,1.32,0.97,1.5,,0.58,1.19,,2.9,1.57,0.22,1.6
2025-02-21 00:00:00,0.95,0.75,1.1,0.82,1.57,1.17,1,1.03,3.15,1.92,1.23,1.32,0.97,1.5,,0.58,1.19,,2.9,1.57,0.22,1.6
2025-02-24 00:00:00,0.95,0.75,1.1,0.82,1.57,1.17,1,1.03,3.15,1.92,1.23,1.32,0.97,1.5,,0.58,1.19,,2.9,1.57,0.22,1.6
2025-02-25 00:00:00,0.95,0.75,1.1,0.82,1.57,1.17,1,1.03,3.15,1.92,1.23,1.32,0.97,1.5,,0.58,1.19,,2.9,1.57,0.22,1.6
2025-02-27 00:00:00,0.95,0.75,1.09,0.84,1.57,1.16,0.99,1.03,3.14,1.9,1.21,1.31,0.97,1.46,,0.57,1.19,,2.9,1.57,0.22,1.6
2025-02-28 00:00:00,0.95,0.75,1.09,0.84,1.59,1.16,0.98,1.03,3.13,1.9,1.21,1.31,0.95,1.45,,0.58,1.17,,3.16,1.5,0.22,1.6
2025-03-03 00:00:00,0.95,0.75,1.09,0.84,1.59,1.15,0.97,1.04,3.13,1.89,1.21,1.31,0.95,1.45,,0.58,1.17,,3.16,1.5,0.22,1.6
2025-03-04 00:00:00,0.95,0.75,1.09,0.84,1.59,1.15,0.96,1.04,3.13,1.84,1.2,1.31,0.95,1.45,,0.58,1.17,,3.16,1.5,0.22,1.6
2025-03-05 00:00:00,0.95,0.74,1.09,0.84,1.59,1.16,0.96,1.04,3.13,1.84,1.2,1.31,0.95,1.45,,0.58,1.18,,3.16,1.5,0.22,1.6
2025-03-06 00:00:00,0.95,0.72,1.09,0.84,1.59,1.15,0.96,1.04,3.13,1.84,1.2,1.31,0.95,1.45,,0.57,1.18,,3.16,1.5,0.22,1.6
2025-03-07 00:00:00,0.95,0.71,1.09,0.84,1.56,1.15,0.96,1.04,3.13,1.84,1.2,1.31,0.97,1.45,,0.57,1.18,,3.16,1.5,0.22,1.6
2025-03-10 00:00:00,0.93,0.69,1.08,0.84,1.56,1.15,0.96,1.04,3.13,1.84,1.2,1.31,0.94,1.44,,0.57,1.18,,3.16,1.5,0.22,1.59
2025-03-11 00:00:00,0.93,0.69,1.07,0.84,1.56,1.15,0.96,1.01,3.13,1.84,1.2,1.31,0.93,1.44,,0.57,1.18,,3.16,1.49,0.22,1.58
2025-03-12 00:00:00,0.93,0.69,1.04,0.84,1.56,1.15,0.96,1.01,3.13,1.84,1.2,1.31,0.93,1.44,,0.57,1.18,,3.16,1.49,0.22,1.58
2025-03-14 00:00:00,0.93,0.69,1.04,0.84,1.56,1.15,0.96,1.01,3.13,1.84,1.2,1.31,0.93,1.44,,0.57,1.18,,3.16,1.49,0.22,1.58
2025-03-17 00:00:00,0.93,0.69,1.04,0.84,1.56,1.15,0.96,1.01,3.13,1.84,1.2,1.31,0.93,1.44,,0.57,1.18,,3.16,1.49,0.22,1.58
2025-03-18 00:00:00,0.93,0.69,1.04,0.84,1.56,1.15,0.96,1.01,3.13,1.84,1.2,1.31,0.93,1.44,,0.57,1.18,,3.16,1.49,0.22,1.58
2025-03-19 00:00:00,0.93,0.69,1.04,0.84,1.56,1.15,0.96,1.01,3.13,1.84,1.2,1.31,0.93,1.44,,0.57,1.18,,3.16,1.49,0.22,1.58
2025-03-20 00:00:00,0.93,0.69,1.04,0.84,1.56,1.15,0.96,1.01,3.13,1.84,1.2,1.31,0.93,1.44,,0.57,1.18,,3.16,1.49,0.22,1.58
2025-03-21 00:00:00,0.93,0.69,1.04,0.84,1.56,1.15,0.96,1.01,3.13,1.84,1.2,1.31,0.93,1.44,,0.57,1.18,,3.16,1.49,0.22,1.58
2025-03-24 00:00:00,0.93,0.69,1.04,0.84,1.56,1.15,0.96,1.01,3.13,1.84,1.2,1.31,0.93,1.44,,0.57,1.18,,3.16,1.49,0.22,1.58
2025-03-25 00:00:00,0.93,0.69,1.04,0.84,1.56,1.15,0.96,1.01,3.13,1.84,1.2,1.31,0.93,1.44,,0.57,1.18,,3.16,1.49,0.22,1.58
2025-03-26 00:00:00,0.93,0.69,1.04,0.84,1.56,1.15,0.96,1.01,3.13,1.84,1.2,1.31,0.93,1.44,,0.57,1.18,,3.16,1.49,0.22,1.58
2025-03-27 00:00:00,0.93,0.69,1.04,0.84,1.56,1.15,0.96,1.01,3.13,1.84,1.2,1.31,0.93,1.44,,0.57,1.18,,3.16,1.49,0.22,1.58
2025-03-28 00:00:00,0.93,0.69,1.04,0.84,1.56,1.15,0.96,1.01,3.13,1.84,1.2,1.31,0.93,1.44,,0.57,1.18,,3.16,1.49,0.22,1.58
2025-04-01 00:00:00,1.1,0.91,1.23,0.8,1.89,1.48,1.16,1.05,5.42,2.19,1.68,1.39,1.14,1.75,,1.07,1.88,,3.35,2.14,0.37,1.98
2025-04-02 00:00:00,1.1,0.91,1.23,0.8,1.89,1.48,1.16,1.05,5.42,2.19,1.68,1.39,1.14,1.75,,1.07,1.88,,3.35,2.14,0.37,1.98
2025-04-03 00:00:00,1.1,0.91,1.23,0.8,1.89,1.48,1.16,1.05,5.42,2.19,1.68,1.39,1.14,1.75,,1.07,1.88,,3.35,2.14,0.37,1.98
2025-04-04 00:00:00,1.1,0.91,1.23,0.8,1.89,1.48,1.16,1.05,5.42,2.19,1.68,1.39,1.14,1.75,,1.07,1.88,,3.35,2.14,0.37,1.98
2025-04-07 00:00:00,1.1,0.91,1.23,0.8,1.89,1.48,1.16,1.05,5.42,2.19,1.68,1.39,1.14,1.75,,1.07,1.88,,3.35,2.14,0.37,1.98
2025-04-08 00:00:00,1.1,0.91,1.23,0.8,1.89,1.48,1.16,1.05,5.42,2.19,1.68,1.39,1.14,1.75,,1.07,1.88,,3.35,2.14,0.37,1.98
2025-04-09 00:00:00,1.1,0.91,1.23,0.8,1.89,1.48,1.16,1.05,5.42,2.19,1.68,1.39,1.14,1.75,,1.07,1.88,,3.35,2.14,0.37,1.98
2025-04-10 00:00:00,1.1,0.91,1.23,0.8,1.89,1.48,1.16,1.05,5.42,2.19,1.68,1.39,1.14,1.75,,1.07,1.88,,3.35,2.14,0.37,1.98
2025-04-11 00:00:00,1.1,0.91,1.23,0.8,1.89,1.48,1.16,1.05,5.42,2.19,1.68,1.39,1.14,1.75,,1.07,1.88,,3.35,2.14,0.37,1.98
2025-04-16 00:00:00,1.1,0.91,1.23,0.8,1.89,1.48,1.16,1.05,5.42,2.19,1.68,1.39,1.14,1.75,,1.07,1.88,,3.35,2.14,0.37,1.98
2025-04-17 00:00:00,1.1,0.91,1.23,0.8,1.89,1.48,1.16,1.05,5.42,2.19,1.68,1.39,1.14,1.75,,1.07,1.88,,3.35,2.14,0.37,1.98
2025-04-21 00:00:00,1.1,0.91,1.23,0.8,1.89,1.48,1.16,1.05,5.42,2.19,1.68,1.39,1.14,1.75,,1.07,1.88,,3.35,2.14,0.37,1.98
2025-04-22 00:00:00,1.1,0.91,1.23,0.8,1.89,1.48,1.16,1.05,5.42,2.19,1.68,1.39,1.14,1.75,,1.07,1.88,,3.35,2.14,0.37,1.98
2025-04-23 00:00:00,1.1,0.91,1.23,0.8,1.89,1.48,1.16,1.05,5.42,2.19,1.68,1.39,1.14,1.75,,1.07,1.88,,3.35,2.14,0.37,1.98
2025-04-24 00:00:00,1.1,0.91,1.23,0.8,1.89,1.48,1.16,1.05,5.42,2.19,1.68,1.39,1.14,1.75,,1.07,1.88,,3.35,2.14,0.37,1.98
2025-04-25 00:00:00,1.1,0.91,1.23,0.8,1.89,1.48,1.16,1.05,5.42,2.19,1.68,1.39,1.14,1.75,,1.07,1.88,,3.35,2.14,0.37,1.98
2025-04-28 00:00:00,1.1,0.91,1.23,0.8,1.89,1.48,1.16,1.05,5.42,2.19,1.68,1.39,1.14,1.75,,1.07,1.88,,3.35,2.14,0.37,1.98
2025-04-29 00:00:00,1.1,0.91,1.23,0.8,1.89,1.48,1.16,1.05,5.42,2.19,1.68,1.39,1.14,1.75,,1.07,1.88,,3.35,2.14,0.37,1.98
2025-04-30 00:00:00,1.1,0.91,1.23,0.8,1.89,1.48,1.16,1.05,5.42,2.19,1.68,1.39,1.14,1.75,,1.07,1.88,,3.35,2.14,0.37,1.98
2025-05-02 00:00:00,1.1,0.91,1.23,0.8,1.89,1.48,1.16,1.05,5.42,2.19,1.68,1.39,1.14,1.75,,1.07,1.88,,3.35,2.14,0.37,1.98
2025-05-05 00:00:00,1.1,0.91,1.23,0.8,1.89,1.48,1.16,1.05,5.42,2.19,1.68,1.39,1.14,1.75,,1.07,1.88,,3.35,2.14,0.37,1.98
2025-05-06 00:00:00,1.1,0.91,1.23,0.8,1.89,1.48,1.16,1.05,5.42,2.19,1.68,1.39,1.14,1.75,,1.07,1.88,,3.35,2.14,0.37,1.98
2025-05-07 00:00:00,1.1,0.91,1.23,0.8,1.89,1.48,1.16,1.05,5.42,2.19,1.68,1.39,1.14,1.75,,1.07,1.88,,3.35,2.14,0.37,1.98
2025-05-08 00:00:00,1.1,0.91,1.23,0.8,1.89,1.48,1.16,1.05,5.42,2.19,1.68,1.39,1.14,1.75,,1.07,1.88,,3.35,2.14,0.37,1.98
2025-05-09 00:00:00,1.1,0.91,1.23,0.8,1.89,1.48,1.16,1.05,5.42,2.19,1.68,1.39,1.14,1.75,,1.07,1.88,,3.35,2.14,0.37,1.98
2025-05-14 00:00:00,1.1,0.91,1.23,0.8,1.89,1.48,1.16,1.05,5.42,2.19,1.68,1.39,1.14,1.75,,1.07,1.88,,3.35,2.14,0.37,1.98
2025-05-15 00:00:00,1.1,0.91,1.23,0.8,1.89,1.48,1.16,1.05,5.42,2.19,1.68,1.39,1.14,1.75,,1.07,1.88,,3.35,2.14,0.37,1.98
2025-05-16 00:00:00,1.1,0.91,1.23,0.8,1.89,1.48,1.16,1.05,5.42,2.19,1.68,1.39,1.14,1.75,,1.07,1.88,,3.35,2.14,0.37,1.98
2025-05-19 00:00:00,1.1,0.91,1.23,0.8,1.89,1.48,1.16,1.05,5.42,2.19,1.68,1.39,1.14,1.75,,1.07,1.88,,3.35,2.14,0.37,1.98
2025-05-20 00:00:00,1.1,0.91,1.23,0.8,1.89,1.48,1.16,1.05,5.42,2.19,1.68,1.39,1.14,1.75,,1.07,1.88,,3.35,2.14,0.37,1.98
2025-05-21 00:00:00,1.1,0.91,1.23,0.8,1.89,1.48,1.16,1.05,5.42,2.19,1.68,1.39,1.14,1.75,,1.07,1.88,,3.35,2.14,0.37,1.98
2025-05-22 00:00:00,1.1,0.91,1.23,0.8,1.89,1.48,1.16,1.05,5.42,2.19,1.68,1.39,1.14,1.75,,1.07,1.88,,3.35,2.14,0.37,1.98
2025-05-23 00:00:00,1.1,0.91,1.23,0.8,1.89,1.48,1.16,1.05,5.42,2.19,1.68,1.39,1.14,1.75,,1.07,1.88,,3.35,2.14,0.37,1.98
2025-05-23 00:00:00,1.1,0.91,1.23,0.8,1.89,1.48,1.16,1.05,5.42,2.19,1.68,1.39,1.14,1.75,,1.07,1.88,,3.35,2.14,0.37,1.98
2025-05-26 00:00:00,1.1,0.91,1.23,0.8,1.89,1.48,1.16,1.05,5.42,2.19,1.68,1.39,1.14,1.75,,1.07,1.88,,3.35,2.14,0.37,1.98
2025-05-27 00:00:00,1.1,0.91,1.23,0.8,1.89,1.48,1.16,1.05,5.42,2.19,1.68,1.39,1.14,1.75,,1.07,1.88,,3.35,2.14,0.37,1.98
2025-05-28 00:00:00,1.1,0.91,1.23,0.8,1.89,1.48,1.16,1.05,5.42,2.19,1.68,1.39,1.14,1.75,,1.07,1.88,,3.35,2.14,0.37,1.98
2025-05-29 00:00:00,1.1,0.91,1.23,0.8,1.89,1.48,1.16,1.05,5.42,2.19,1.68,1.39,1.14,1.75,,1.07,1.88,,3.35,2.14,0.37,1.98
2025-05-30 00:00:00,1.1,0.91,1.23,0.8,1.89,1.48,1.16,1.05,5.42,2.19,1.68,1.39,1.14,1.75,,1.07,1.88,,3.35,2.14,0.37,1.98
2025-06-02 00:00:00,1.1,0.91,1.23,0.8,1.89,1.48,1.16,1.05,5.42,2.19,1.68,1.39,1.14,1.75,,1.07,1.88,,3.35,2.14,0.37,1.98
2025-06-03 00:00:00,1.1,0.91,1.23,0.8,1.89,1.48,1.16,1.05,5.42,2.18,1.68,1.39,1.14,1.75,,1.07,1.86,,3.35,2.14,0.37,1.98
2025-06-04 00:00:00,1.1,0.91,1.22,0.8,1.89,1.47,1.16,1.05,5.42,2.19,1.68,1.39,1.14,1.74,,1.07,1.86,,3.35,2.14,0.37,1.98
2025-06-05 00:00:00,1.1,0.91,1.22,0.8,1.89,1.47,1.16,1.05,5.42,2.19,1.68,1.39,1.14,1.74,,1.07,1.86,,3.35,2.14,0.37,1.98
2025-06-06 00:00:00,1.1,0.91,1.22,0.8,1.89,1.47,1.16,1.05,5.42,2.19,1.68,1.39,1.13,1.74,,1.07,1.85,,3.35,2.14,0.37,1.98
2025-06-09 00:00:00,1.1,0.91,1.22,0.8,1.9,1.42,1.15,1.05,5.15,2.1,1.62,1.38,1.13,1.74,,1.06,1.87,,3.35,2.14,0.37,1.98
2025-06-11 00:00:00,1.1,0.91,1.22,0.8,1.9,1.42,1.15,1.05,5.15,2.09,1.62,1.38,1.13,1.74,,1.06,1.87,,3.35,2.14,0.37,1.98
2025-06-12 00:00:00,1.1,0.91,1.22,0.8,1.9,1.42,1.15,1.05,5.15,2.09,1.62,1.38,1.13,1.74,,1.06,1.87,,3.35,2.14,0.37,1.98
2025-06-13 00:00:00,1.1,0.91,1.21,0.82,1.91,1.45,1.15,1.05,5.15,2.09,1.62,1.38,1.13,1.72,,1.05,1.87,,3.33,2.14,0.37,1.98
2025-06-16 00:00:00,1.1,0.91,1.19,0.82,1.89,1.43,1.15,1.05,5.15,2.09,1.62,1.34,1.13,1.72,,1.05,1.85,,3.33,2.14,0.37,2.02
2025-06-17 00:00:00,1.1,0.91,1.19,0.82,1.89,1.43,1.15,1.05,5.15,2.09,1.62,1.34,1.13,1.72,,1.05,1.85,,3.33,2.14,0.37,2.02
2025-06-18 00:00:00,1.1,0.91,1.19,0.82,1.89,1.38,1.13,0.99,5.15,2.09,1.61,1.34,1.13,1.72,,1.04,1.85,,3.33,2.14,0.37,2.02
2025-06-19 00:00:00,1.1,0.91,1.18,0.82,2.13,1.38,1.13,0.99,5.15,2.09,1.58,1.34,1.13,1.69,,1.04,1.84,,3.33,2.14,0.37,2.02
2025-06-20 00:00:00,1.01,0.9,1.18,0.82,2.12,1.38,1.13,0.99,5.15,2.09,1.58,1.34,1.14,1.69,,1.04,1.84,,3.33,2.06,0.37,2.02
2025-06-23 00:00:00,1.01,0.9,1.18,0.82,2.12,1.38,1.13,0.99,5.15,2.09,1.58,1.34,1.14,1.69,,1.04,1.84,,3.33,2.06,0.37,2.02
2025-06-24 00:00:00,1.01,0.9,1.18,0.82,2.12,1.38,1.13,0.99,5.15,2.09,1.58,1.34,1.14,1.69,,1.04,1.84,,3.33,2.06,0.37,2.02
2025-06-25 00:00:00,1.01,0.9,1.18,0.82,2.12,1.38,1.13,0.99,5.15,2.09,1.58,1.34,1.14,1.69,,1.04,1.84,,3.33,2.06,0.37,2.02
2025-06-26 00:00:00,1.01,0.9,1.18,0.82,2.12,1.38,1.13,0.99,5.15,2.09,1.58,1.34,1.14,1.69,,1.04,1.84,,3.33,2.06,0.37,2.02
2025-06-27 00:00:00,1.01,0.9,1.18,0.82,2.12,1.38,1.13,0.99,5.15,2.09,1.58,1.34,1.14,1.69,,1.04,1.84,,3.33,2.06,0.37,2.02
2025-06-30 00:00:00,1.01,0.9,1.18,0.82,2.12,1.38,1.13,0.99,5.15,2.09,1.58,1.34,1.14,1.69,,1.04,1.84,,3.33,2.06,0.37,2.02
2025-07-01 00:00:00,0.96,0.96,1.3,0.94,2.37,1.34,1.24,1.12,4.93,2.29,1.62,1.33,1.17,1.82,,1.77,2.4,,4.67,2.41,0.44,2.8
2025-07-02 00:00:00,0.96,0.96,1.3,0.94,2.37,1.34,1.24,1.12,4.93,2.29,1.62,1.33,1.17,1.82,,1.13,2.4,,4.67,2.41,0.44,2.8
2025-07-03 00:00:00,0.96,0.96,1.3,0.94,2.37,1.34,1.24,1.12,4.93,2.29,1.62,1.33,1.17,1.82,,1.13,2.4,,4.67,2.41,0.44,2.8
2025-07-04 00:00:00,0.96,0.96,1.3,0.94,2.37,1.34,1.24,1.12,4.93,2.29,1.62,1.33,1.17,1.82,,1.13,2.4,,4.67,2.41,0.44,2.8
2025-07-07 00:00:00,0.96,0.96,1.3,0.94,2.37,1.34,1.24,1.12,4.93,2.29,1.62,1.33,1.17,1.82,,1.13,2.4,,4.67,2.41,0.44,2.8
2025-07-08 00:00:00,0.96,0.96,1.3,0.94,2.37,1.34,1.24,1.12,4.93,2.29,1.62,1.33,1.17,1.82,,1.13,2.4,,4.67,2.41,0.44,2.8
2025-07-09 00:00:00,0.96,0.96,1.3,0.94,2.37,1.34,1.24,1.12,4.93,2.29,1.62,1.33,1.17,1.82,,1.13,2.4,,4.67,2.41,0.44,2.8
2025-07-11 00:00:00,0.96,0.96,1.3,0.94,2.37,1.34,1.24,1.12,4.93,2.29,1.62,1.33,1.17,1.82,,1.13,2.4,,4.67,2.41,0.44,2.8
2025-07-14 00:00:00,0.96,0.96,1.3,0.94,2.37,1.34,1.24,1.12,4.93,2.29,1.62,1.33,1.17,1.82,,1.13,2.4,,4.67,2.41,0.44,2.8
2025-07-15 00:00:00,0.96,0.96,1.3,0.94,2.37,1.34,1.24,1.12,4.93,2.29,1.62,1.33,1.17,1.82,,1.13,2.4,,4.67,2.41,0.44,2.8
2025-07-16 00:00:00,0.96,0.96,1.3,0.94,2.37,1.34,1.24,1.12,4.93,2.29,1.62,1.33,1.17,1.82,,1.13,2.4,,4.67,2.41,0.44,2.8
2025-07-17 00:00:00,0.96,0.96,1.3,0.94,2.37,1.34,1.24,1.12,4.93,2.29,1.62,1.33,1.17,1.82,,1.13,2.4,,4.67,2.41,0.44,2.8
2025-07-18 00:00:00,0.96,0.96,1.3,0.94,2.37,1.34,1.24,1.12,4.93,2.29,1.62,1.33,1.17,1.82,,1.13,2.4,,4.67,2.41,0.44,2.8
2025-07-21 00:00:00,0.96,0.96,1.3,0.94,2.37,1.34,1.24,1.12,4.93,2.29,1.62,1.33,1.17,1.82,,1.13,2.4,,4.67,2.41,0.44,2.8
2025-07-22 00:00:00,0.96,0.96,1.3,0.94,2.37,1.34,1.24,1.12,4.93,2.29,1.62,1.33,1.17,1.82,,1.13,2.4,,4.67,2.41,0.44,2.8
2025-07-23 00:00:00,0.96,0.96,1.3,0.94,2.37,1.34,1.24,1.12,4.93,2.29,1.62,1.33,1.17,1.82,,1.13,2.4,,4.67,2.41,0.44,2.8
2025-07-24 00:00:00,0.96,0.96,1.3,0.94,2.37,1.34,1.24,1.12,4.93,2.29,1.62,1.33,1.17,1.82,,1.13,2.4,,4.67,2.41,0.44,2.8
2025-07-25 00:00:00,0.96,0.96,1.3,0.94,2.37,1.34,1.24,1.12,4.93,2.29,1.62,1.33,1.17,1.82,,1.13,2.4,,4.67,2.41,0.44,2.8
2025-07-28 00:00:00,0.96,0.96,1.3,0.94,2.37,1.34,1.24,1.12,4.93,2.29,1.62,1.33,1.17,1.82,,1.13,2.4,,4.67,2.41,0.44,2.8
2025-07-29 00:00:00,0.96,0.96,1.3,0.94,2.37,1.34,1.24,1.12,4.93,2.29,1.62,1.33,1.17,1.82,,1.13,2.4,,4.67,2.41,0.44,2.8
2025-07-30 00:00:00,0.96,0.96,1.3,0.94,2.37,1.34,1.24,1.12,4.93,2.29,1.62,1.33,1.17,1.82,,1.13,2.4,,4.67,2.41,0.44,2.8
2025-07-31 00:00:00,0.96,0.96,1.3,0.94,2.37,1.34,1.24,1.12,4.93,2.29,1.62,1.33,1.17,1.82,,1.13,2.4,,4.67,2.41,0.44,2.8
2025-08-01 00:00:00,0.96,0.96,1.3,0.94,2.37,1.34,1.24,1.12,4.93,2.29,1.62,1.33,1.17,1.82,,1.13,2.4,,4.67,2.41,0.44,2.8
2025-08-04 00:00:00,0.96,0.96,1.3,0.94,2.37,1.34,1.24,1.12,4.93,2.29,1.62,1.33,1.17,1.82,,1.13,2.4,,4.67,2.41,0.44,2.8
2025-08-05 00:00:00,0.96,0.96,1.3,0.94,2.37,1.34,1.24,1.12,4.93,2.29,1.62,1.33,1.17,1.82,,1.13,2.4,,4.67,2.41,0.44,2.8
2025-08-06 00:00:00,0.96,0.96,1.3,0.94,2.37,1.34,1.24,1.12,4.93,2.29,1.62,1.33,1.17,1.82,,1.13,2.4,,4.67,2.41,0.44,2.8
2025-08-07 00:00:00,0.96,0.96,1.3,0.94,2.37,1.34,1.24,1.12,4.93,2.29,1.62,1.33,1.17,1.82,,1.13,2.4,,4.67,2.41,0.44,2.8
2025-08-11 00:00:00,0.96,0.96,1.3,0.94,2.37,1.34,1.24,1.12,4.93,2.29,1.62,1.33,1.17,1.82,,1.13,2.4,,4.67,2.41,0.44,2.8
2025-08-12 00:00:00,0.96,0.96,1.3,0.94,2.37,1.34,1.24,1.12,4.93,2.29,1.62,1.33,1.17,1.82,,1.13,2.4,,4.67,2.41,0.44,2.8
2025-08-13 00:00:00,0.96,0.96,1.3,0.94,2.37,1.34,1.24,1.12,4.93,2.29,1.62,1.33,1.17,1.82,,1.13,2.4,,4.67,2.41,0.44,2.8
2025-08-14 00:00:00,0.96,0.96,1.3,0.94,2.37,1.34,1.24,1.12,4.93,2.29,1.62,1.33,1.17,1.82,,1.13,2.4,,4.67,2.41,0.44,2.8
2025-08-15 00:00:00,0.96,0.96,1.3,0.94,2.37,1.34,1.24,1.12,4.93,2.29,1.62,1.33,1.17,1.82,,1.13,2.4,,4.67,2.41,0.44,2.8
2025-08-18 00:00:00,0.96,0.96,1.3,0.94,2.37,1.34,1.24,1.12,4.93,2.29,1.62,1.33,1.17,1.82,,1.13,2.4,,4.67,2.41,0.44,2.8
2025-08-19 00:00:00,0.96,0.96,1.3,0.94,2.37,1.34,1.24,1.12,4.93,2.29,1.62,1.33,1.17,1.82,,1.13,2.4,,4.67,2.41,0.44,2.8
2025-08-20 00:00:00,0.96,0.96,1.3,0.94,2.37,1.34,1.24,1.12,4.93,2.29,1.62,1.33,1.17,1.82,,1.13,2.4,,4.67,2.41,0.44,2.8
2025-08-21 00:00:00,0.96,0.96,1.3,0.94,2.37,1.34,1.24,1.12,4.93,2.29,1.62,1.33,1.17,1.82,,1.13,2.4,,4.67,2.41,0.44,2.8
2025-08-22 00:00:00,0.96,0.96,1.3,0.94,2.37,1.34,1.24,1.12,4.93,2.29,1.62,1.33,1.17,1.82,,1.13,2.4,,4.67,2.41,0.44,2.8
2025-08-25 00:00:00,0.96,0.96,1.3,0.94,2.37,1.34,1.24,1.12,4.93,2.29,1.62,1.33,1.17,1.82,,1.13,2.4,,4.67,2.41,0.44,2.8
2025-08-26 00:00:00,0.96,0.96,1.3,0.94,2.37,1.34,1.24,1.12,4.93,2.29,1.62,1.33,1.17,1.82,,1.13,2.4,,4.67,2.41,0.44,2.8
2025-08-27 00:00:00,0.96,0.96,1.3,0.94,2.36,1.35,1.24,1.12,4.93,2.28,1.58,1.33,1.16,1.82,,1.13,2.4,,4.67,2.41,0.44,2.8
2025-08-28 00:00:00,0.96,0.96,1.3,0.94,2.36,1.35,1.24,1.12,4.93,2.28,1.58,1.33,1.16,1.82,,1.13,2.4,,4.67,2.41,0.44,2.8
2025-08-29 00:00:00,0.96,0.96,1.3,0.98,2.36,1.35,1.2,1.12,4.99,2.3,1.58,1.31,1.16,1.82,,1.13,2.4,,4.67,2.41,0.44,2.8
2025-09-01 00:00:00,0.96,0.95,1.3,0.98,2.36,1.35,1.2,1.12,4.99,2.3,1.58,1.31,1.16,1.81,,1.12,2.38,,4.67,2.41,0.44,2.8
2025-09-02 00:00:00,0.96,0.95,1.3,0.98,2.36,1.35,1.2,1.12,4.99,2.3,1.58,1.31,1.16,1.81,,1.12,2.38,,4.67,2.41,0.44,2.8
2025-09-03 00:00:00,0.96,0.95,1.3,0.98,2.34,1.35,1.19,1.12,5.02,2.29,1.58,1.31,1.16,1.79,,1.12,2.38,,4.67,2.41,0.44,2.8
2025-09-04 00:00:00,0.96,0.95,1.3,0.98,2.34,1.35,1.19,1.12,5.02,2.29,1.58,1.31,1.16,1.79,,1.12,2.38,,4.67,2.41,0.44,2.8
2025-09-08 00:00:00,0.96,0.92,1.31,0.98,2.36,1.33,1.18,1.13,5.02,2.26,1.54,1.34,1.15,1.78,,1.12,2.38,,4.67,2.38,0.44,2.8
2025-09-09 00:00:00,0.96,0.92,1.31,0.98,2.36,1.33,1.18,1.13,5.02,2.26,1.54,1.34,1.15,1.78,,1.1,2.38,,4.67,2.38,0.44,2.8
2025-09-10 00:00:00,0.96,0.92,1.31,0.98,2.36,1.33,1.18,1.13,5.02,2.26,1.54,1.34,1.15,1.78,,1.1,2.38,,4.67,2.38,0.44,2.8
2025-09-11 00:00:00,0.95,0.92,1.31,0.98,2.36,1.33,1.18,1.13,5.02,2.25,1.54,1.34,1.15,1.77,,1.1,2.38,,4.67,2.38,0.44,2.75
2025-09-12 00:00:00,0.95,0.92,1.31,0.98,2.36,1.33,1.17,1.13,5.02,2.2,1.54,1.34,1.14,1.77,,1.1,2.38,,4.85,2.44,0.44,2.71
2025-09-15 00:00:00,0.95,0.92,1.31,0.98,2.36,1.33,1.17,1.13,5.02,2.2,1.54,1.34,1.14,1.77,,1.11,2.38,,4.85,2.44,0.44,2.71
2025-09-16 00:00:00,0.95,0.92,1.31,0.98,2.36,1.33,1.17,1.13,5.02,2.2,1.54,1.34,1.14,1.77,,1.11,2.38,,4.85,2.44,0.44,2.71
2025-09-17 00:00:00,0.95,0.92,1.31,0.98,2.36,1.33,1.17,1.13,5.02,2.2,1.54,1.34,1.14,1.77,,1.11,2.38,,4.85,2.44,0.44,2.71
2025-09-18 00:00:00,0.95,0.92,1.31,0.98,2.36,1.33,1.17,1.13,5.02,2.2,1.54,1.34,1.14,1.77,,1.11,2.38,,4.85,2.44,0.44,2.71
2025-09-19 00:00:00,0.95,0.92,1.31,0.98,2.36,1.33,1.17,1.13,5.02,2.2,1.54,1.34,1.14,1.77,,1.11,2.38,,4.85,2.44,0.44,2.71
2025-09-22 00:00:00,0.95,0.92,1.31,0.98,2.36,1.33,1.17,1.13,5.02,2.2,1.54,1.34,1.14,1.77,,1.11,2.38,,4.85,2.44,0.44,2.71
2025-09-23 00:00:00,0.95,0.92,1.31,0.98,2.36,1.33,1.17,1.13,5.02,2.2,1.54,1.34,1.14,1.77,,1.11,2.38,,4.85,2.44,0.44,2.71
2025-09-24 00:00:00,0.95,0.92,1.31,0.98,2.36,1.33,1.17,1.13,5.02,2.2,1.54,1.34,1.14,1.77,,1.11,2.38,,4.85,2.44,0.44,2.71
2025-09-25 00:00:00,0.95,0.92,1.31,0.98,2.36,1.33,1.17,1.13,5.02,2.2,1.54,1.34,1.14,1.77,,1.11,2.38,,4.85,2.44,0.44,2.71
2025-09-26 00:00:00,0.95,0.92,1.31,0.98,2.36,1.33,1.17,1.13,5.02,2.2,1.54,1.34,1.14,1.77,,1.11,2.38,,4.85,2.44,0.44,2.71
2025-09-29 00:00:00,0.95,0.92,1.31,0.98,2.36,1.33,1.17,1.13,5.02,2.2,1.54,1.34,1.14,1.77,,1.11,2.38,,4.85,2.44,0.44,2.71
2025-09-30 00:00:00,0.95,0.92,1.31,0.98,2.36,1.33,1.17,1.13,5.02,2.2,1.54,1.34,1.14,1.77,,1.11,2.38,,4.85,2.44,0.44,2.71
2025-10-01 00:00:00,0.96,0.97,1.39,0.99,2.29,1.29,1.2,1.19,4.87,2.27,1.57,1.32,1.15,1.91,,1.31,2.59,,5.51,2.76,0.5,2.77
2025-10-02 00:00:00,0.96,0.97,1.39,0.99,2.29,1.29,1.2,1.19,4.87,2.27,1.57,1.32,1.15,1.91,,1.31,2.59,,5.51,2.76,0.5,2.77
2025-10-03 00:00:00,0.96,0.97,1.39,0.99,2.29,1.29,1.2,1.19,4.87,2.27,1.57,1.32,1.15,1.91,,1.31,2.59,,5.51,2.76,0.5,2.77
2025-10-07 00:00:00,0.96,0.97,1.39,0.99,2.29,1.29,1.2,1.19,4.87,2.27,1.57,1.32,1.15,1.91,,1.31,2.59,,5.51,2.76,0.5,2.77
2025-10-08 00:00:00,0.96,0.97,1.39,0.99,2.29,1.29,1.2,1.19,4.87,2.27,1.57,1.32,1.15,1.91,,1.31,2.59,,5.51,2.76,0.5,2.77
2025-10-08 00:00:00,0.96,0.97,1.39,0.99,2.29,1.29,1.2,1.19,4.87,2.27,1.57,1.32,1.15,1.91,,1.31,2.59,,5.51,2.76,0.5,2.77
2025-10-09 00:00:00,0.96,0.97,1.39,0.99,2.29,1.29,1.2,1.19,4.87,2.27,1.57,1.32,1.15,1.91,,1.31,2.59,,5.51,2.76,0.5,2.77
2025-10-10 00:00:00,0.96,0.97,1.39,0.99,2.29,1.29,1.2,1.19,4.87,2.27,1.57,1.32,1.15,1.91,,1.31,2.59,,5.51,2.76,0.5,2.77
2025-10-13 00:00:00,0.96,0.97,1.39,0.99,2.29,1.29,1.2,1.19,4.87,2.27,1.57,1.32,1.15,1.91,,1.31,2.59,,5.51,2.76,0.5,2.77
2025-10-14 00:00:00,0.96,0.97,1.39,0.99,2.29,1.29,1.2,1.19,4.87,2.27,1.57,1.32,1.15,1.91,,1.31,2.59,,5.51,2.76,0.5,2.77
2025-10-15 00:00:00,0.96,0.97,1.39,0.99,2.29,1.29,1.2,1.19,4.87,2.27,1.57,1.32,1.15,1.91,,1.31,2.59,,5.51,2.76,0.5,2.77
2025-10-16 00:00:00,0.96,0.97,1.39,0.99,2.29,1.29,1.2,1.19,4.87,2.27,1.57,1.32,1.15,1.91,,1.31,2.59,,5.51,2.76,0.5,2.77
2025-10-17 00:00:00,0.96,0.97,1.39,0.99,2.29,1.29,1.2,1.19,4.87,2.27,1.57,1.32,1.15,1.91,,1.31,2.59,,5.51,2.76,0.5,2.77
2025-10-21 00:00:00,0.96,0.97,1.39,0.99,2.29,1.29,1.2,1.19,4.87,2.27,1.57,1.32,1.15,1.91,,1.31,2.59,,5.51,2.76,0.5,2.77
2025-10-22 00:00:00,0.96,0.97,1.39,0.99,2.29,1.29,1.2,1.19,4.87,2.27,1.57,1.32,1.15,1.91,,1.31,2.59,,5.51,2.76,0.5,2.77
2025-10-23 00:00:00,0.96,0.97,1.39,0.99,2.29,1.29,1.2,1.19,4.87,2.27,1.57,1.32,1.15,1.91,,1.31,2.59,,5.51,2.76,0.5,2.77
2025-10-24 00:00:00,0.96,0.97,1.39,0.99,2.29,1.29,1.2,1.19,4.87,2.27,1.57,1.32,1.15,1.91,,1.31,2.59,,5.51,2.76,0.5,2.77
2025-10-27 00:00:00,0.96,0.97,1.39,0.99,2.29,1.29,1.2,1.19,4.87,2.27,1.57,1.32,1.15,1.91,,1.31,2.59,,5.51,2.76,0.5,2.77
2025-10-28 00:00:00,0.96,0.97,1.39,0.99,2.29,1.29,1.2,1.19,4.87,2.27,1.57,1.32,1.15,1.91,,1.31,2.59,,5.51,2.76,0.5,2.77
2025-10-29 00:00:00,0.96,0.97,1.39,0.99,2.29,1.29,1.2,1.19,4.87,2.27,1.57,1.32,1.15,1.91,,1.31,2.59,,5.51,2.76,0.5,2.77
2025-10-30 00:00:00,0.96,0.97,1.39,0.99,2.29,1.29,1.2,1.19,4.87,2.27,1.57,1.32,1.15,1.91,,1.31,2.59,,5.51,2.76,0.5,2.77
2025-10-31 00:00:00,0.96,0.97,1.39,0.99,2.29,1.29,1.2,1.19,4.87,2.27,1.57,1.32,1.15,1.91,,1.31,2.59,,5.51,2.76,0.5,2.77
2025-11-03 00:00:00,0.96,0.97,1.39,0.99,2.29,1.29,1.2,1.19,4.87,2.27,1.57,1.32,1.15,1.91,,1.31,2.59,,5.51,2.76,0.5,2.77
2025-11-04 00:00:00,0.96,0.97,1.39,0.99,2.29,1.29,1.2,1.19,4.87,2.27,1.57,1.32,1.15,1.91,,1.31,2.59,,5.51,2.76,0.5,2.77
2025-11-06 00:00:00,0.96,0.97,1.39,0.99,2.29,1.29,1.2,1.19,4.87,2.27,1.57,1.32,1.15,1.91,,1.31,2.59,,5.51,2.76,0.5,2.77
2025-11-07 00:00:00,0.96,0.97,1.39,0.99,2.29,1.29,1.2,1.19,4.87,2.27,1.57,1.32,1.15,1.91,,1.31,2.59,,5.51,2.76,0.5,2.77
2025-11-10 00:00:00,0.96,0.97,1.39,0.99,2.29,1.29,1.2,1.19,4.87,2.27,1.57,1.32,1.15,1.91,,1.31,2.59,,5.51,2.76,0.5,2.77
2025-11-11 00:00:00,0.96,0.97,1.39,0.99,2.29,1.29,1.2,1.19,4.87,2.27,1.57,1.32,1.15,1.91,,1.31,2.59,,5.51,2.76,0.5,2.77
2025-11-12 00:00:00,0.96,0.97,1.39,0.99,2.29,1.29,1.2,1.19,4.87,2.27,1.57,1.32,1.15,1.91,,1.31,2.59,,5.51,2.76,0.5,2.77
2025-11-13 00:00:00,0.96,0.97,1.39,0.99,2.29,1.29,1.2,1.19,4.87,2.27,1.57,1.32,1.15,1.91,,1.31,2.59,,5.51,2.76,0.5,2.77
2025-11-14 00:00:00,0.96,0.97,1.39,0.99,2.29,1.29,1.2,1.19,4.87,2.27,1.57,1.32,1.15,1.91,,1.31,2.59,,5.51,2.76,0.5,2.77
2025-11-17 00:00:00,0.96,0.97,1.39,0.99,2.29,1.29,1.2,1.19,4.87,2.27,1.57,1.32,1.15,1.91,,1.31,2.59,,5.51,2.76,0.5,2.77
2025-11-18 00:00:00,0.96,0.97,1.39,0.99,2.29,1.29,1.2,1.19,4.87,2.27,1.57,1.32,1.15,1.91,,1.31,2.59,,5.51,2.76,0.5,2.77
2025-11-19 00:00:00,0.96,0.97,1.39,0.99,2.29,1.29,1.2,1.19,4.87,2.27,1.57,1.32,1.15,1.91,,1.31,2.59,,5.51,2.76,0.5,2.77
2025-11-20 00:00:00,0.96,0.97,1.39,0.99,2.29,1.29,1.2,1.19,4.87,2.27,1.57,1.32,1.15,1.91,,1.31,2.59,,5.51,2.76,0.5,2.77
2025-11-21 00:00:00,0.96,0.97,1.39,0.99,2.29,1.29,1.2,1.19,4.87,2.27,1.57,1.32,1.15,1.91,,1.31,2.59,,5.51,2.76,0.5,2.77
2025-11-24 00:00:00,0.96,0.97,1.39,0.99,2.29,1.29,1.2,1.19,4.87,2.27,1.57,1.32,1.15,1.91,,1.31,2.59,,5.51,2.76,0.5,2.77
2025-11-25 00:00:00,0.96,0.97,1.39,0.99,2.29,1.29,1.2,1.19,4.87,2.27,1.57,1.32,1.15,1.91,,1.31,2.59,,5.51,2.76,0.5,2.77
2025-11-26 00:00:00,0.96,0.97,1.39,0.99,2.29,1.29,1.2,1.19,4.87,2.27,1.57,1.32,1.15,1.92,,1.31,2.59,,5.51,2.76,0.5,2.77
2025-11-27 00:00:00,0.96,0.97,1.39,0.99,2.29,1.29,1.2,1.19,4.87,2.27,1.57,1.32,1.15,1.92,,1.31,2.59,,5.51,2.76,0.5,2.77
2025-11-28 00:00:00,0.96,0.97,1.38,1.01,2.29,1.29,1.2,1.19,4.68,2.24,1.63,1.32,1.15,1.92,,1.3,2.59,,5.51,2.76,0.5,2.77
2025-12-01 00:00:00,0.96,0.95,1.38,1.01,2.2,1.29,1.18,1.19,4.56,2.24,1.63,1.32,1.14,1.92,,1.3,2.54,,5.51,2.76,0.5,2.77
2025-12-02 00:00:00,0.96,0.95,1.38,1.01,2.2,1.29,1.18,1.19,4.56,2.24,1.63,1.32,1.14,1.92,,1.3,2.54,,5.51,2.76,0.5,2.77
2025-12-02 00:00:00,0.96,0.95,1.38,1.01,2.2,1.29,1.18,1.19,4.56,2.24,1.63,1.32,1.14,1.92,,1.3,2.54,,5.51,2.76,0.5,2.77
2025-12-03 00:00:00,0.96,0.95,1.38,1.01,2.2,1.29,1.18,1.19,4.56,2.24,1.63,1.32,1.14,1.92,,1.3,2.54,,5.51,2.76,0.5,2.77
2025-12-05 00:00:00,0.96,0.95,1.38,1.01,2.2,1.29,1.18,1.19,4.56,2.24,1.63,1.32,1.14,1.92,,1.3,2.54,,5.51,2.76,0.5,2.77
2025-12-08 00:00:00,0.96,0.95,1.38,1.01,2.2,1.29,1.18,1.19,4.56,2.24,1.63,1.32,1.14,1.92,,1.3,2.54,,5.51,2.76,0.5,2.77
2025-12-09 00:00:00,0.96,0.95,1.38,1.01,2.2,1.29,1.18,1.19,4.56,2.24,1.63,1.32,1.14,1.92,,1.3,2.54,,5.51,2.76,0.5,2.77
2025-12-10 00:00:00,0.96,0.95,1.38,1.01,2.2,1.29,1.18,1.19,4.56,2.24,1.63,1.32,1.14,1.92,,1.3,2.54,,5.51,2.76,0.5,2.77
2025-12-11 00:00:00,1.02,0.94,1.38,1.01,2.09,1.29,1.17,1.2,4.56,2.21,1.63,1.32,1.14,1.91,,1.3,2.51,,5.51,2.76,0.5,2.68
2025-12-12 00:00:00,1.02,0.93,1.36,1,2.17,1.28,1.17,1.16,4.56,2.19,1.63,1.31,1.14,1.9,,1.28,2.48,,5.65,2.64,0.49,2.68
2025-12-15 00:00:00,1.02,0.93,1.36,1,2.17,1.28,1.17,1.16,4.56,2.19,1.63,1.31,1.14,1.89,,1.28,2.44,,5.65,2.64,0.49,2.68
2025-12-16 00:00:00,1.02,0.93,1.36,1,2.17,1.28,1.17,1.16,4.56,2.19,1.63,1.31,1.14,1.89,,1.28,2.44,,5.65,2.64,0.49,2.68
2025-12-17 00:00:00,1.02,0.93,1.36,1,2.17,1.28,1.17,1.16,4.56,2.19,1.63,1.31,1.14,1.89,,1.28,2.44,,5.65,2.64,0.49,2.68
2025-12-18 00:00:00,1.02,0.93,1.36,1,2.17,1.28,1.17,1.16,4.56,2.19,1.63,1.31,1.14,1.89,,1.28,2.44,,5.65,2.64,0.49,2.68
2025-12-19 00:00:00,1.02,0.93,1.36,1,2.17,1.28,1.17,1.16,4.56,2.19,1.63,1.31,1.14,1.89,,1.28,2.44,,5.65,2.64,0.49,2.68
2025-12-22 00:00:00,1.02,0.93,1.36,1,2.17,1.28,1.17,1.16,4.56,2.19,1.63,1.31,1.14,1.89,,1.28,2.44,,5.65,2.64,0.49,2.68
2025-12-23 00:00:00,1.02,0.93,1.36,1,2.17,1.28,1.17,1.16,4.56,2.19,1.63,1.31,1.14,1.89,,1.28,2.44,,5.65,2.64,0.49,2.68
2025-12-24 00:00:00,1.02,0.93,1.36,1,2.17,1.28,1.17,1.16,4.56,2.19,1.63,1.31,1.14,1.89,,1.28,2.44,,5.65,2.64,0.49,2.68
2025-12-26 00:00:00,1.02,0.93,1.36,1,2.17,1.28,1.17,1.16,4.56,2.19,1.63,1.31,1.14,1.89,,1.28,2.44,,5.65,2.64,0.49,2.68
2025-12-29 00:00:00,1.02,0.93,1.36,1,2.17,1.28,1.17,1.16,4.56,2.19,1.63,1.31,1.14,1.89,,1.28,2.44,,5.65,2.64,0.49,2.68
2025-12-30 00:00:00,1.02,0.93,1.36,1,2.17,1.28,1.17,1.16,4.56,2.19,1.63,1.31,1.14,1.89,,1.28,2.44,,5.65,2.64,0.49,2.68
2025-12-31 00:00:00,1.02,0.93,1.36,1,2.17,1.28,1.17,1.16,4.56,2.19,1.63,1.31,1.14,1.89,,1.28,2.44,,5.65,2.64,0.49,2.68
