Date,Automobiles & Components,Banks,Capital Goods,Commercial & Professional Services,Consumer Durables & Apparel,Consumer Services,Diversified Financials,Energy,Food & Staples Retailing,"Food, Beverage & Tobacco",Health Care Equipment & Services,Household & Personal Products,Insurance,Materials,"Pharmaceuticals, Biotechnology & Life Sciences",Real Estate,Retailing,Technology Hardware & Equipment,Software & Services,Telecommunication Services,Transportation,Utilities
2016-04-05 00:00:00,30.15,8.33,13.87,22.06,,125.25,11.05,8.96,14.21,22.07,30.76,232.82,10.28,12.48,13.24,9.58,12.13,,,15.1,,10
2016-04-06 00:00:00,30.39,8.35,13.88,22.06,,125.63,11.11,8.92,14.49,22.08,30.47,232.82,10.23,12.44,13.24,9.61,12.19,,,15.04,,9.93
2016-04-07 00:00:00,32.75,8.48,14.09,22.02,,126.91,11.38,9.15,14.57,22.13,31.04,232.82,10.28,12.5,13.24,9.68,12.17,,,15.27,,10.11
2016-04-08 00:00:00,32.8,8.55,14.16,22.98,,127.8,11.48,9.27,14.6,22.33,31.13,232.82,10.38,12.63,13.24,9.75,12.17,,,15.32,,10.29
2016-04-11 00:00:00,32.8,8.58,14.12,22.98,,127.53,11.43,9.31,14.58,22.37,30.91,232.82,10.35,12.65,13.24,9.85,12.13,,,15.36,,10.2
2016-04-12 00:00:00,32.8,8.68,14.47,23.06,,128.54,11.84,9.43,14.77,22.37,31.87,232.82,10.66,12.78,13.24,10.02,12.33,,,15.19,,10.22
2016-04-15 00:00:00,32.8,8.7,14.5,23.06,,128.67,12.18,9.55,14.83,22.63,31.94,232.82,10.64,12.86,13.24,10.19,12.26,,,15.28,,10.3
2016-04-18 00:00:00,32.17,8.66,14.43,23.05,,128.51,11.95,9.43,14.66,22.67,32.01,232.82,10.6,12.86,13.24,10.26,12.38,,,15.34,,10.32
2016-04-19 00:00:00,31.69,8.68,14.41,23.05,,128.51,12,9.35,14.67,22.69,32.7,232.82,10.57,12.84,13.24,10.24,12.31,,,15.34,,10.34
2016-04-20 00:00:00,31.64,8.71,14.58,23.05,,129.03,12.09,9.46,14.67,22.78,33.48,232.82,10.59,12.89,13.24,10.25,12.26,,,15.34,,10.48
2016-04-22 00:00:00,31.64,8.72,14.62,21.01,,128.99,12.01,9.53,14.67,22.79,33.41,232.82,10.56,12.85,13.63,10.22,12.24,,,15.42,,10.37
2016-04-25 00:00:00,30.87,8.64,14.38,21.01,,128.94,11.91,9.39,14.95,22.69,33.38,232.82,10.45,12.79,13.63,10.22,12.29,,,15.33,,10.23
2016-04-26 00:00:00,32.56,8.67,14.51,21.07,,129.15,11.98,9.42,14.94,22.71,34.58,232.82,10.48,13.22,13.63,9.99,12.24,,,15.26,,10.29
2016-04-27 00:00:00,33.19,8.69,14.51,21.07,,129.94,12.1,9.52,14.95,22.84,35.15,232.82,10.51,13.31,13.63,9.95,12.26,,,15.3,,10.34
2016-04-28 00:00:00,33.19,8.65,14.52,21.07,,129.89,12.07,9.68,14.84,22.99,35.56,232.82,10.51,13.3,13.63,10.05,12.2,,,15.26,,10.29
2016-04-29 00:00:00,32.8,8.75,14.73,21.11,,130.65,12.29,9.85,14.9,23.22,35.6,232.82,10.65,13.43,13.63,10.1,12.28,,,15.48,,10.49
The CSE has changed the methodology of  calculating PER from Annual Earnings to Rolling Four Quarters with effect from 03rd May 2016.,,,,,,,,,,,,,,,,,,,,,,
2016-05-03 00:00:00,7.15,9.47,11.13,11.26,672.44,57.71,8.48,36.24,16.07,21.39,17.56,44.59,8.02,10.94,7.29,10.04,8.88,,,17.7,,9.38
2016-05-04 00:00:00,7.48,9.41,11.07,11.26,673.37,57.54,8.58,36.28,16.06,21.32,17.55,44.59,8.02,10.91,7.29,9.88,8.84,,,17.68,,9.35
2016-05-05 00:00:00,7.5,9.41,11.05,11.46,665.58,57.64,8.61,36.41,16.06,21.41,17.42,44.59,8,10.92,7.29,9.9,8.76,,,17.86,,9.36
2016-05-06 00:00:00,7.5,9.41,11.08,11.42,672.93,57.99,8.6,36.44,16.06,21.35,17.57,44.59,8.01,10.94,7.29,9.82,8.84,,,18.34,,9.4
2016-05-09 00:00:00,7.19,9.38,11.1,11.39,672.34,57.66,8.59,36.86,15.84,21.44,17.61,44.59,8.04,10.95,7.29,9.75,8.93,,,18.34,,9.4
2016-05-10 00:00:00,7.5,9.45,11.27,11.97,671.92,57.98,8.62,37.03,15.94,21.45,18.08,44.59,8.12,11.03,7.29,9.85,8.94,,,18.46,,9.38
2016-05-11 00:00:00,7.2,9.35,11.38,11.97,678.68,57.84,8.68,36.78,16.13,21.58,18.45,44.59,8.07,11.04,7.29,9.98,8.98,,,18.6,,9.54
2016-05-12 00:00:00,7.21,9.35,11.4,11.95,681.24,57.61,8.61,36.67,16.08,21.72,18.39,44.59,8.1,10.98,7.29,9.99,8.98,,,18.25,,9.49
2016-05-13 00:00:00,7.21,9.35,11.43,11.95,683.45,57.91,8.64,36.26,16.09,21.77,18.75,44.59,8.13,11.01,7.29,10.24,9.02,,,18.34,,9.54
2016-05-16 00:00:00,7.21,9.34,11.46,11.95,680.56,58.52,8.69,36.98,16.02,21.95,18.65,44.59,8.16,10.92,7.29,10.34,9.11,,,18.37,,9.49
2016-05-17 00:00:00,7.21,9.25,11.36,11.62,670.99,58.48,8.6,36.03,15.84,21.78,18.67,44.59,8.15,10.89,7.29,10.3,9.12,,,18.74,,9.45
2016-05-18 00:00:00,7.21,9.27,11.28,11.62,687.07,58.69,8.62,35.75,15.84,21.87,18.97,44.59,8.18,10.95,7.3,10.25,9.25,,,18.56,,9.45
2016-05-19 00:00:00,7.25,9.23,11.2,11.53,684.53,58.44,8.51,35.63,15.78,21.84,18.66,44.59,8.02,10.91,7.3,10.35,9.22,,,18.56,,9.55
2016-05-20 00:00:00,7.21,9.23,11.18,11.54,677.33,58.4,8.54,35.26,15.77,21.64,18.62,44.59,7.98,10.86,7.3,10.3,9.21,,,18.86,,9.54
2016-05-24 00:00:00,7.09,9.2,11.07,11.54,669.56,57.87,8.4,34.84,15.72,21.51,18.29,44.59,7.87,10.82,7.3,10.25,9.15,,,18.3,,9.49
2016-05-25 00:00:00,7.19,9.2,11.11,11.54,671.66,57.96,8.39,35.3,15.83,21.54,18.27,44.59,7.92,10.82,7.3,10.28,9.14,,,18.39,,9.44
2016-05-26 00:00:00,7.09,9.19,11.01,11.5,672.42,57.93,8.37,34.85,15.54,21.62,18.34,44.59,7.86,10.83,7.3,10.18,9.12,,,18.33,,9.42
2016-05-27 00:00:00,6.89,9.16,11.01,11.5,671.73,57.9,8.45,34.56,15.54,21.71,18.23,44.59,7.8,10.79,7.3,10.15,9.09,,,18.19,,9.38
2016-05-30 00:00:00,6.79,9.12,10.99,11.5,665.78,57.86,8.38,34.39,15.54,21.73,18.16,44.59,7.81,10.7,7.3,10.02,9.06,,,18.06,,9.39
2016-05-31 00:00:00,6.69,9.08,10.95,11.41,661.35,57.81,8.38,34.23,15.53,21.87,18.12,44.59,7.8,10.69,7.3,9.91,9.04,,,18.1,,9.34
2016-06-01 00:00:00,6.88,9.07,10.98,11.37,669.14,57.95,8.24,34.28,15.77,21.87,18.07,44.59,7.77,10.74,7.3,9.91,9.01,,,17.61,,9.38
2016-06-02 00:00:00,6.8,9.06,11,11.34,672.71,57.81,8.2,33.89,15.85,22.24,17.88,44.59,7.79,10.69,7.3,9.86,9.02,,,17.79,,9.38
2016-06-03 00:00:00,6.7,9.07,10.97,11.32,681.31,57.67,8.26,33.72,15.75,22.29,17.29,44.59,7.75,10.61,7.3,9.89,9.07,,,17.42,,9.35
2016-06-06 00:00:00,6.7,9.08,10.94,11.32,691.01,57.54,8.25,33.92,15.75,22.2,17.42,44.59,7.8,10.64,7.3,9.91,9.35,,,17.7,,9.41
2016-06-07 00:00:00,6.79,9.07,10.98,11.33,693.63,57.62,8.25,33.82,15.75,22.11,17.47,44.59,7.8,10.6,7.3,9.9,9.34,,,17.64,,9.4
2016-06-08 00:00:00,6.79,9.07,10.97,11.6,706.01,57.56,8.24,34.28,15.75,22.09,17.55,44.59,7.79,10.64,7.3,9.91,9.35,,,17.7,,9.35
2016-06-09 00:00:00,6.68,8.68,11.24,11.81,259.27,56.25,8.24,33.72,15.94,22.03,17.55,44.59,7.77,10.66,7.3,9.92,9.29,,,17.74,,9.41
2016-06-10 00:00:00,6.68,8.68,11.27,12.05,258.27,55.57,8.01,8.98,15.82,20.98,17.17,44.59,7.79,10.36,7.1,10.06,9.35,,,17.91,,9.36
2016-06-13 00:00:00,6.63,8.68,11.3,12.15,258.41,55.75,7.83,9.54,15.68,21.04,17.12,44.59,7.6,10.44,7.1,9.97,9.36,,,18,,9.36
2016-06-14 00:00:00,6.63,8.67,11.28,12.13,258.28,55.68,7.83,9.47,15.67,20.96,17.06,44.59,7.59,10.42,7.18,9.9,9.17,,,17.72,,9.33
2016-06-15 00:00:00,6.58,8.63,11.27,12.12,132.3,54.56,7.81,9.5,15.46,20.86,16.97,44.59,7.56,10.36,7.51,9.84,9.14,,,17.81,,9.72
2016-06-16 00:00:00,6.48,8.51,11.1,12.1,130.23,54.43,7.7,9.32,15.48,20.73,16.7,44.59,7.51,10.27,7.7,9.74,9.52,,,17.56,,9.56
2016-06-17 00:00:00,6.37,8.58,11.23,12.32,131.38,54.52,7.77,9.4,15.58,20.78,16.68,44.59,7.56,10.18,7.7,9.81,9.47,,,17.52,,9.57
2016-06-20 00:00:00,6.2,8.56,11.23,12.34,132.11,54.46,7.68,9.37,15.57,20.82,16.88,44.59,7.57,10.17,7.7,9.79,9.4,,,17.56,,9.5
2016-06-21 00:00:00,6.37,8.55,11.23,12.3,131.41,53.78,7.64,9.34,15.57,20.85,17,44.59,7.54,10.14,7.7,9.76,9.38,,,17.56,,9.63
2016-06-22 00:00:00,6.37,8.3,11.22,12.52,76.56,53.69,7.75,9.28,15.56,20.87,16.76,44.59,7.54,10.06,7.7,9.46,9.22,,,17.56,,9.63
2016-06-23 00:00:00,6.17,8.25,11.17,12.53,61.24,53.57,7.73,9.24,15.48,20.85,17.03,44.59,7.52,9.95,7.7,9.38,9.21,,,16.02,,9.6
2016-06-24 00:00:00,6.16,8.22,11.09,12.55,59.86,53.37,7.69,9.15,15.47,20.89,16.76,44.59,7.49,9.79,7.7,9.27,9.23,,,16.02,,9.55
2016-06-27 00:00:00,6.07,8.18,10.93,12.58,58.65,47.38,7.61,9,15.45,20.68,16.89,87.9,7.51,9.55,7.7,9.26,9.21,,,15.7,,9.5
2016-06-28 00:00:00,6.17,8.18,10.96,12.55,59.56,47.3,7.63,9.06,15.4,20.52,16.96,87.9,7.49,9.58,7.7,9.2,9.24,,,15.58,,9.42
2016-06-29 00:00:00,6.17,8.14,11.01,12.54,58.81,47.19,7.63,9.01,17.98,20.51,16.98,87.9,7.49,9.54,7.7,9.13,9.87,,,15.61,,9.6
2016-06-30 00:00:00,6.17,8.14,10.98,12.51,59.36,47.32,7.63,8.99,17.59,20.38,16.87,87.9,7.53,9.56,7.7,9.38,9.8,,,15.73,,9.63
2016-07-01 00:00:00,6.2,8.13,11.01,12.25,59.27,47.26,7.57,9.15,17.61,20.41,16.75,87.9,7.52,9.56,7.7,9.39,9.78,,,15.93,,9.72
2016-07-04 00:00:00,6.05,8.09,10.95,12.24,59.01,47.11,7.54,9.17,17.6,20.32,16.7,87.9,7.52,9.48,7.7,9.23,9.77,,,15.67,,9.64
2016-07-05 00:00:00,6.04,8.11,11.09,12.21,59.67,47.16,7.6,9.25,17.4,20.33,16.8,87.9,7.49,9.51,7.7,9.3,9.67,,,15.83,,9.77
2016-07-07 00:00:00,6.42,8.15,11.12,12.21,59.86,46.67,7.64,9.24,18.02,20.39,16.86,87.9,7.53,9.5,7.7,9.34,9.7,,,15.65,,9.92
2016-07-08 00:00:00,6.7,8.24,11.23,12.3,60.31,47.01,7.82,9.45,18.04,20.52,17.13,87.9,7.57,9.61,7.7,9.31,9.78,,,15.83,,9.82
2016-07-11 00:00:00,6.7,8.31,11.26,12.3,60.92,46.88,8.19,9.41,18.04,20.49,17.06,87.9,7.58,9.22,7.7,9.25,9.74,,,15.81,,9.77
2016-07-12 00:00:00,6.76,8.38,11.27,12.3,62.16,46.85,8.21,9.45,18.05,20.67,16.8,87.9,7.62,9.35,7.7,9.46,8.92,,,15.93,,9.9
2016-07-13 00:00:00,6.83,8.44,11.36,12.42,61.93,46.9,8.24,9.31,16.93,20.53,16.98,87.9,8.29,9.47,7.7,9.39,8.85,,,15.9,,10.02
2016-07-14 00:00:00,6.83,8.43,11.34,12.42,61.86,47.09,8.19,9.37,17.07,20.41,17.16,87.9,8.34,9.66,7.7,9.36,8.86,,,16.07,,9.94
2016-07-15 00:00:00,6.83,8.43,11.45,11.81,61.97,47,8.24,9.37,17.1,20.43,17.17,87.9,8.37,9.66,7.7,9.58,8,,,16.16,,9.97
2016-07-18 00:00:00,6.83,8.33,11.64,11.81,61.73,45.71,8.17,9.31,17.27,20.09,17.24,87.9,8.29,9.63,7.7,9.34,8.96,,,16.17,,9.92
2016-07-20 00:00:00,6.56,8.32,11.7,11.71,61.99,45.04,8.15,9.25,17.11,20.07,13.8,87.9,8.12,9.67,7.7,8.98,8.95,,,16.29,,9.98
2016-07-21 00:00:00,6.72,8.37,11.92,11.73,62.43,44.97,8.18,9.26,17.33,19.83,13.87,87.9,8.17,9.7,7.7,8.99,8.88,,,16.36,,9.95
2016-07-22 00:00:00,6.4,8.33,11.89,11.73,61.03,46.05,8.21,9.36,17.37,19.9,14.04,87.9,8.19,9.55,7.61,9.04,8.9,,,16.36,3.85,10.14
2016-07-25 00:00:00,6.67,8.29,11.86,11.73,61.26,45.85,8.19,9.36,17.32,19.65,13.94,87.9,8.18,9.53,7.18,8.43,8.9,,,16.09,3.85,10.15
2016-07-26 00:00:00,6.43,8.29,11.8,11.73,61.05,45.82,8.14,9.26,17.66,19.61,13.99,87.9,8.19,9.56,7.18,8.37,8.9,,,16.15,3.85,10.16
2016-07-27 00:00:00,6.77,8.27,11.75,11.73,61.01,45.71,8.17,9.34,17.71,19.6,14.1,87.9,8.25,9.57,7.18,8.34,8.91,,,16.06,3.85,10.12
2016-07-28 00:00:00,6.67,8.3,11.78,12.6,61.38,45.64,8.28,9.32,18.08,19.63,14.09,87.9,8.39,9.61,7.39,8.33,8.95,,,15.86,3.85,10.22
2016-07-29 00:00:00,6.77,8.3,11.82,12.6,61.54,45.5,8.3,9.38,18.25,19.61,13.81,87.9,8.38,9.59,7.39,8.25,9.03,,,15.99,3.85,10.14
2016-08-01 00:00:00,6.82,8.38,11.85,11.88,61.54,45.71,8.26,9.59,17.7,19.67,13.8,87.9,8.38,9.71,7.39,8.29,9.03,,,15.99,3.85,10.14
2016-08-02 00:00:00,7.19,8.6,12.05,11.88,62.14,46.02,8.34,9.66,17.74,19.99,14.06,87.9,8.41,9.76,7.39,8.48,9.12,,,16.17,3.85,10.26
2016-08-03 00:00:00,7.13,8.65,12.06,12.5,62.5,46.16,8.39,9.63,17.87,19.96,14.08,87.9,8.42,9.71,7.39,8.49,9.15,,,16.04,3.85,10.22
2016-08-04 00:00:00,7.15,8.58,12.07,12.5,62.78,45.84,8.32,9.66,17.72,19.78,14.13,87.9,8.36,9.66,7.39,8.38,9.23,,,16.1,3.85,10.26
2016-08-05 00:00:00,7.39,8.64,12.16,12.5,63.36,48.6,8.45,9.73,17.65,19.8,14.51,87.9,8.43,9.66,7.39,8.42,9.34,,,16.08,3.85,10.41
2016-08-08 00:00:00,7.3,8.63,12.13,12.5,63.7,50.15,8.41,9.68,17.66,19.75,14.53,87.9,8.45,9.67,7.39,8.46,9.34,,,16.05,3.85,10.29
2016-08-09 00:00:00,7.09,8.63,12.27,11.98,64.97,50.12,8.37,9.67,17.72,19.58,14.65,87.9,8.46,9.74,7.39,8.41,9.33,,,16.12,3.85,10.3
2016-08-10 00:00:00,7.16,8.53,12.42,11.98,65.49,56.9,8.49,9.66,17.99,19.83,14.65,87.9,8.47,9.74,7.39,8.47,9.59,,,15.99,3.85,10.3
2016-08-11 00:00:00,7.03,8.52,12.42,11.98,65.15,57.08,8.43,9.7,17.98,19.52,14.49,87.9,8.46,9.75,7.39,8.53,9.62,,,15.99,3.85,10.27
2016-08-12 00:00:00,6.88,8.53,12.53,11.98,64.81,56.91,8.42,9.74,18.11,19.49,14.51,87.9,8.49,9.73,7.39,8.55,9.62,,,15.95,3.85,10.26
2016-08-15 00:00:00,6.88,8.56,12.55,11.98,65.64,56.92,8.41,10.14,18.76,20.03,14.33,87.9,8.46,9.84,7.39,8.58,9.61,,,16.11,3.85,10.27
2016-08-16 00:00:00,6.99,8.54,12.56,11.98,64.06,57.47,8.44,10.11,19.14,19.94,14.34,87.9,8.42,9.89,7.39,8.55,9.56,,,16.2,3.85,10.22
2016-08-18 00:00:00,6.16,8.57,12.6,11.95,64.13,57.43,8.46,10.16,19.14,19.96,14.68,87.9,8.41,10.22,7.39,8.62,9.44,,,16.35,3.85,10.27
2016-08-19 00:00:00,6.1,8.59,12.62,11.94,66.2,57.44,8.47,10.17,19.14,19.94,14.7,87.9,8.24,10.37,7.39,8.59,9.04,,,16.53,3.85,8.83
2016-08-22 00:00:00,6.18,8.61,12.66,11.91,66.05,57.4,8.46,10.06,19.14,19.81,15.01,87.9,8.24,10.64,7.39,8.5,9.03,,,16.41,3.85,8.66
2016-08-23 00:00:00,6.29,8.6,12.68,12.07,65.31,57.41,8.48,10.24,19.17,19.88,15.33,87.9,8.38,10.7,7.39,8.59,9.17,,,16.32,3.85,8.66
2016-08-24 00:00:00,6.55,8.62,12.61,12.07,65.63,56.43,8.47,10.38,18.94,19.81,15.12,87.9,8.4,10.63,7.39,8.46,9.15,,,16.31,3.85,8.59
2016-08-25 00:00:00,6.47,8.6,12.62,12.08,65.54,56.48,8.48,10.36,18.95,19.81,15.14,87.9,8.41,10.64,7.39,8.55,9.09,,,16.32,3.85,8.65
2016-08-26 00:00:00,6.38,8.56,12.44,12.06,65.48,56.43,8.41,9.67,19.34,19.75,14.93,87.9,8.41,10.53,7.39,8.51,9.11,,,16.32,3.85,8.58
2016-08-29 00:00:00,6.46,8.56,12.47,12.06,65.28,56.37,8.38,9.54,19.14,19.73,14.83,87.9,8.36,10.55,7.39,8.47,9.05,,,16.18,3.85,8.58
2016-08-30 00:00:00,6.54,8.53,12.44,12.06,65.36,56.46,8.42,9.67,19,19.7,15.09,87.9,8.38,10.58,7.39,8.62,9.02,,,16.15,3.85,8.64
2016-08-31 00:00:00,6.46,8.53,12.52,12.07,66.06,56.44,8.37,9.73,18.7,19.55,14.94,87.9,8.35,10.57,7.39,8.58,9.02,,,16.12,3.85,8.63
2016-09-01 00:00:00,6.38,8.54,12.56,12.07,67.28,56.33,8.43,9.75,18.83,19.55,14.95,87.9,8.37,10.61,7.39,8.61,9.05,,,16.11,3.85,8.67
2016-09-02 00:00:00,6.38,8.55,12.57,12.06,67.84,56.1,8.43,9.57,18.9,19.52,15.18,87.9,8.37,10.62,7.39,8.31,9.03,,,16.11,3.85,8.78
2016-09-05 00:00:00,6.19,8.53,12.55,12.67,67.89,56.02,8.38,9.52,18.89,19.46,15.05,87.9,8.35,10.59,7.39,8.28,9.02,,,16.18,3.85,8.68
2016-09-06 00:00:00,6.11,8.54,12.5,12.59,68.53,56.04,8.35,9.48,18.81,19.54,14.86,87.9,8.43,10.6,7.39,8.22,8.98,,,16.27,3.85,8.68
2016-09-07 00:00:00,6.1,8.5,12.51,12.55,68.83,55.95,8.37,9.44,18.62,19.42,14.89,87.9,8.4,10.66,7.39,8.13,8.96,,,16.14,3.85,8.77
2016-09-08 00:00:00,6.28,8.5,12.49,12.58,67.9,55.95,8.37,9.39,18.49,19.35,15.05,87.9,8.46,10.65,7.39,8.14,9.03,,,16.18,3.85,8.72
2016-09-09 00:00:00,6.15,8.52,12.48,12.57,67.77,55.92,8.37,9.54,18.49,19.25,15.13,87.9,8.47,10.68,7.39,8.16,8.86,,,16.23,3.85,8.68
2016-09-13 00:00:00,6.15,8.54,12.49,12.56,67.89,56.1,8.31,9.46,18.49,19.19,15.18,87.9,8.45,10.7,7.01,8.16,8.98,,,16.24,3.85,8.46
2016-09-14 00:00:00,6.33,8.57,12.48,12.56,67.45,55.93,8.27,9.52,17.97,19.06,14.86,87.9,8.43,10.64,7.01,8.18,9.08,,,16.51,3.85,8.44
2016-09-15 00:00:00,6.37,8.6,12.42,12.55,67.22,55.83,8.26,9.51,18.15,18.97,14.57,87.9,8.41,10.6,7.01,0,9.1,,,16.31,3.85,8.39
2016-09-19 00:00:00,6.16,8.57,12.39,12.58,66.65,55.69,8.21,9.44,18.16,18.91,14.27,87.9,8.39,10.6,7.01,8.12,9.07,,,16.31,3.85,8.36
2016-09-20 00:00:00,6.15,8.53,12.36,12.58,66.71,55.51,8.21,9.54,18.22,18.82,14.52,87.9,8.34,10.49,7.01,8.12,8.98,,,16.24,4.12,8.37
2016-09-21 00:00:00,6.15,8.53,12.45,12.58,68.53,55.31,8.23,9.62,18.21,18.83,14.58,87.9,8.55,10.53,7.01,8.12,8.95,,,16.51,4.12,8.35
2016-09-22 00:00:00,6.18,8.56,12.55,12.58,70.51,55.28,8.2,9.69,18.28,18.86,14.32,87.9,8.55,10.64,7.01,8.1,8.96,,,16.42,4.12,8.31
2016-09-23 00:00:00,6.3,8.57,12.5,12.58,71.42,55.53,8.22,9.72,18.92,18.95,14.24,87.9,8.54,10.6,7.01,8.17,8.96,,,16.38,4.12,8.25
2016-09-26 00:00:00,6.38,8.57,12.5,12.57,70.81,55.54,8.29,9.56,18.98,18.88,14.58,87.9,8.51,10.57,7.01,7.9,8.99,,,16.49,4.12,8.31
2016-09-27 00:00:00,6.38,8.53,12.57,12.57,70.51,55.62,8.31,9.38,18.98,18.88,14.56,87.9,8.53,10.55,7.01,7.9,9.01,,,16.59,4.12,8.31
2016-09-28 00:00:00,6.38,8.62,12.65,12.57,71.9,55.67,8.32,9.38,18.98,18.9,14.66,87.9,8.6,10.67,7.01,7.88,9.13,,,16.63,4.12,8.25
2016-09-29 00:00:00,6.38,8.66,12.68,12.53,72.08,55.72,8.38,9.38,18.84,18.88,14.75,87.9,8.65,10.78,7.01,7.91,9.18,,,16.7,4.12,8.3
2016-09-30 00:00:00,6.41,8.66,12.73,12.53,72.76,56.2,8.37,9.4,18.75,18.77,14.65,87.9,8.69,10.79,7.01,8.01,9.24,,,16.79,4.12,8.25
2016-10-03 00:00:00,6.41,8.74,12.87,12.53,72.86,56.48,8.4,9.47,18.75,18.89,14.85,87.9,8.65,10.8,7.01,7.98,9.3,,,16.84,4.12,8.19
2016-10-04 00:00:00,6.38,8.7,12.83,12.53,73.05,56.55,8.59,9.48,19.13,18.94,14.91,87.9,8.66,10.83,7.01,7.85,9.29,,,16.91,4.12,8.28
2016-10-05 00:00:00,6.29,8.72,12.83,12.44,72.74,56.71,8.51,9.53,19.23,18.88,14.67,87.9,8.64,10.86,7.01,7.85,9.26,,,16.8,4.12,8.28
2016-10-06 00:00:00,6.28,8.72,12.9,12.35,73.45,56.52,8.52,9.44,19.25,18.7,14.64,87.9,8.65,10.96,7.01,7.85,9.26,,,16.63,4.12,8.27
2016-10-07 00:00:00,6.38,8.8,12.9,12.35,72.7,56.65,8.52,9.39,19.36,18.72,14.61,87.9,8.69,10.99,7.01,7.83,9.27,,,16.71,4.12,8.29
2016-10-10 00:00:00,6.38,8.79,12.88,11.93,72.12,56.76,8.49,9.46,19.39,18.57,14.62,87.9,8.64,10.95,7.01,7.81,9.27,,,16.64,4.12,8.21
2016-10-11 00:00:00,6.32,8.81,12.77,11.93,72.17,56.48,8.49,9.36,19.45,18.48,14.55,87.9,8.63,10.91,7.01,7.85,9.22,,,16.55,4.12,8.18
2016-10-12 00:00:00,6.24,8.75,12.69,11.93,71.72,56.32,8.43,9.22,19.4,18.49,14.53,87.9,8.58,10.8,7.01,7.85,9.2,,,16.43,4.12,8.18
2016-10-13 00:00:00,6.24,8.7,12.6,11.92,71.58,56.24,8.39,9.21,19.21,18.53,14.44,87.9,8.45,10.75,7.01,7.84,9.24,,,16.31,4.12,8.1
2016-10-14 00:00:00,6.19,8.7,12.54,11.92,71.12,56.27,8.43,9.19,19.19,18.51,14.6,87.9,8.46,10.77,7.01,8.02,9.25,,,17.68,4.12,8.07
2016-10-17 00:00:00,6.01,8.64,12.48,11.9,70.13,56.13,8.35,9.18,19.12,18.49,14.51,87.9,8.4,10.71,7.01,7.95,9.18,,,17.64,4.12,8.12
2016-10-18 00:00:00,6.06,8.64,12.43,11.9,70.93,56.05,8.35,9.06,19.11,18.47,14.45,87.9,8.46,10.72,7.01,7.92,9.17,,,17.52,4.12,8.14
2016-10-19 00:00:00,6.01,8.65,12.46,11.9,70.75,55.96,8.36,9.09,19.11,18.47,14.43,87.9,8.42,10.76,7.01,7.93,9.15,,,17.46,4.12,8.08
2016-10-20 00:00:00,6.01,8.65,12.46,11.58,70.41,56.05,8.32,9.02,18.61,18.5,14.4,87.9,8.38,10.75,7.01,7.98,9.1,,,17.59,4.12,8.27
2016-10-21 00:00:00,6.01,8.64,12.46,11.58,70.41,56.11,8.36,8.95,18.39,18.49,14.42,87.9,8.41,10.79,7.01,7.97,9.09,,,17.79,4.12,8.19
2016-10-24 00:00:00,6.01,8.62,12.43,11.55,66.53,64.72,8.25,8.87,18.39,18.42,14.35,87.9,8.38,10.7,7.01,7.96,9.05,,,17.63,4.12,8.25
2016-10-25 00:00:00,6.01,8.61,12.43,11.55,66.31,64.8,8.29,8.92,18.34,18.57,14.23,87.9,8.4,10.77,7.01,7.99,9.07,,,17.77,4.12,8.1
2016-10-26 00:00:00,6.01,8.6,12.4,11.55,66.27,64.77,8.28,8.98,18.35,18.63,14.2,87.9,8.4,10.74,7.01,7.91,9.1,,,17.68,4.12,8.1
2016-10-27 00:00:00,6.01,8.6,12.39,11.55,65.47,65.9,8.3,8.94,18.41,18.65,14.3,87.9,8.34,10.71,7.01,7.95,9.11,,,17.77,4.12,8.19
2016-10-28 00:00:00,6.01,8.57,12.35,11.56,65.74,65.76,8.27,9.02,18.42,18.65,14.19,87.9,8.33,10.67,7.01,7.98,9.09,,,17.69,4.12,8.19
2016-10-31 00:00:00,6.06,8.52,12.37,11.57,65.63,65.78,8.17,9,18.42,18.65,14.34,87.9,8.22,10.61,7.01,7.92,9.12,,,17.56,4.12,8.25
2016-11-01 00:00:00,6.06,8.59,12.36,11.57,65.8,65.6,8.2,9.05,18.47,18.47,14.29,87.9,8.29,10.61,7.01,7.87,9.04,,,17.47,4.12,8.21
2016-11-02 00:00:00,6.06,8.73,12.37,11.57,66.78,65.76,8.25,9.27,18.43,18.48,14.49,87.9,8.3,10.69,7.01,7.55,9.04,,,17.51,4.12,8.21
2016-11-03 00:00:00,6.01,8.73,12.46,11.59,66.28,65.82,8.24,9.29,18.43,18.59,14.47,87.9,8.3,10.69,7.01,7.57,9.02,,,17.42,4.12,8.19
2016-11-04 00:00:00,6.01,8.72,12.42,11.59,66.9,65.8,8.21,9.12,18.43,18.55,14.39,87.9,8.32,10.66,7.12,7.55,9.02,,,17.6,4.12,8.22
2016-11-07 00:00:00,6.02,8.71,12.41,11.59,66.56,65.77,8.22,9.27,18.89,18.72,14.24,87.9,8.41,10.66,7.12,7.42,8.97,,,17.44,4.12,8.14
2016-11-08 00:00:00,6.02,8.7,12.29,11.59,64.99,65.66,8.21,9.25,18.89,18.89,14.18,87.9,8.42,10.62,7.12,7.38,8.95,,,17.26,4.12,8.19
2016-11-09 00:00:00,6.02,8.62,12.21,11.58,64.02,65.66,8.2,9.22,18.56,18.86,14.18,87.9,8.42,10.53,7.12,7.45,8.99,,,17.39,3.5,8.13
2016-11-10 00:00:00,6.1,8.64,12.24,11.58,64.27,65.68,8.14,9.16,18.55,18.88,14.23,87.9,8.4,10.62,7.12,7.37,9.02,,,17.3,3.5,8.18
2016-11-11 00:00:00,6.1,8.67,12.14,11.58,64.05,65.51,8.12,9.19,18.59,18.89,14.21,87.9,8.4,10.62,7.12,7.44,9.07,,,17.39,3.5,8.19
2016-11-15 00:00:00,6.01,8.65,12.11,12.3,63.97,65.41,8.08,9.28,18.59,18.97,14.12,87.9,8.37,10.52,7.12,7.42,9,,,17.32,3.5,8.14
2016-11-16 00:00:00,6.01,8.48,11.98,12.3,62.86,65.24,7.94,9.16,18.6,19.02,14.01,87.9,8.28,10.44,7.12,7.35,9.01,,,16.76,3.5,8.14
2016-11-17 00:00:00,5.73,8.51,11.89,12.3,62.67,65.03,7.96,9.05,18.56,19.07,14.1,87.9,8.28,10.35,7.12,7.29,9.12,,,16.76,3.5,8.06
2016-11-18 00:00:00,5.99,8.45,11.89,12.31,62.6,65.11,8,9.18,18.53,19,14.14,87.9,8.15,10.31,7.12,7.26,9.13,,,16.48,3.5,8.07
2016-11-21 00:00:00,5.92,8.39,11.74,11.38,61.27,64.65,7.84,9.01,18.59,18.98,13.69,87.9,8.16,10.16,7.12,7.23,9.12,,,16.47,3.5,8.01
2016-11-22 00:00:00,5.65,8.3,11.74,11.38,59.95,64.61,7.78,8.84,18.61,19.12,13.43,87.9,8.1,10.12,7.12,7.18,9,,,16.25,3.5,7.96
2016-11-23 00:00:00,5.73,8.3,11.7,11.3,59.76,64.46,7.79,8.74,18.62,18.98,13.49,87.9,8.12,10.15,7.12,7.2,8.98,,,16.29,3.5,7.96
2016-11-24 00:00:00,5.91,8.27,11.7,11.29,60.06,64.42,7.79,8.81,18.87,19.26,13.05,87.9,8.1,10.12,7.12,7.29,8.88,,,16.03,3.5,8.04
2016-11-25 00:00:00,5.92,8.3,11.68,11.29,60.18,64.39,7.79,8.71,19.15,19.19,12.92,87.9,8.05,10.19,7.12,7.25,8.8,,,16.2,3.5,8.04
2016-11-28 00:00:00,5.92,8.22,11.63,11.3,60.14,64.24,7.8,8.7,19.16,19.23,13.12,87.9,7.99,10.17,7.12,7.22,8.81,,,16.11,3.5,8.03
2016-11-29 00:00:00,5.69,8.24,11.62,11.29,60.72,64.06,7.78,8.76,19.11,19.15,13.06,87.9,8.02,10.15,7.12,7.28,8.82,,,16.14,3.5,8.07
2016-11-30 00:00:00,5.84,8.23,11.85,11.37,61.55,64.28,7.68,8.93,18.63,19.04,13.13,87.9,7.99,10.18,7.12,7.9,8.79,,,16.33,3.5,7.99
2016-12-01 00:00:00,5.84,8.1,11.73,11.4,58.98,65.46,7.67,9.4,19.68,18.1,13.2,236.8,8.02,9.89,7.12,7.99,9.16,,,14.63,13.21,7.94
2016-12-02 00:00:00,5.82,8.16,11.8,11.41,47.45,66.99,7.25,9.3,19.69,17.73,13.16,236.8,7.68,9.96,7.12,8.13,8.97,,,13.4,13.21,8.1
2016-12-05 00:00:00,5.81,7.9,11.98,11.42,48.12,64.7,7.34,9.32,20,17.61,13.47,236.8,6.84,10.03,7.12,8.83,9.04,,,13.48,13.21,8.15
2016-12-06 00:00:00,5.72,7.62,11.93,11.42,47.79,61.39,7.24,9.28,19.95,17.59,13.48,236.8,6.83,9.81,7.12,8.88,8.91,,,13.44,13.21,8.39
2016-12-07 00:00:00,5.72,7.61,11.85,11.52,47.8,62.33,7.18,9.25,19.91,17.56,13.42,236.8,6.77,9.75,7.12,7.83,8.92,,,13.32,13.21,8.47
2016-12-08 00:00:00,5.72,7.61,12.02,11.55,48.01,62.51,7.14,9.13,19.91,17.14,13.5,236.8,6.78,9.73,7.12,7.77,8.89,,,13.16,13.21,8.54
2016-12-09 00:00:00,5.81,7.64,11.97,11.52,47.49,62.56,7.12,8.99,19.96,17.02,13.5,236.8,6.74,9.74,7.12,7.7,8.88,,,13.31,13.21,8.54
2016-12-14 00:00:00,5.72,7.62,11.89,11.52,47.36,62.33,7.08,8.76,19.9,17.05,13.13,236.8,6.75,9.69,7.12,7.71,8.87,,,13.13,13.21,8.49
2016-12-15 00:00:00,5.67,7.61,11.76,11.43,47.18,62.18,7.14,8.83,19.89,17.01,13.28,236.8,6.76,9.7,7.12,7.68,8.93,,,13.09,13.21,8.46
2016-12-16 00:00:00,5.67,7.61,11.72,11.43,47.18,62.12,7.05,8.67,19.96,17.01,13.33,236.8,6.76,9.68,7.12,7.68,8.85,,,12.94,13.21,8.49
2016-12-19 00:00:00,5.55,7.59,11.7,11.43,47.05,61.98,7.11,8.7,19.95,16.89,13.14,236.8,6.77,9.63,7.12,7.37,8.83,,,12.97,13.21,8.54
2016-12-20 00:00:00,5.63,7.53,11.65,11.2,46.8,62.02,7.13,8.64,19.9,16.88,13.07,236.8,6.74,9.59,6.61,7.35,8.71,,,13.01,13.21,8.39
2016-12-21 00:00:00,5.63,7.54,11.6,11.2,46.56,62.2,7.11,8.58,20.03,16.81,12.94,236.8,6.8,9.61,6.61,7.38,8.64,,,13.09,13.21,8.38
2016-12-22 00:00:00,5.63,7.51,11.6,11.2,46.65,62.11,7.07,8.56,20.17,16.7,12.89,236.8,6.88,9.6,6.52,7.3,8.59,,,13.09,13.21,8.45
2016-12-23 00:00:00,5.46,7.54,11.59,11.29,46.76,62.03,7.09,8.58,20.53,16.68,12.88,236.8,6.89,9.55,6.52,7.37,8.71,,,13.09,13.21,8.49
2016-12-27 00:00:00,5.46,7.56,11.56,11.29,47.06,61.96,7.1,8.51,20.53,16.61,12.82,236.8,6.71,9.53,6.52,8.58,8.65,,,13.09,13.21,8.45
2016-12-28 00:00:00,5.7,7.66,11.62,11.31,47.14,62.23,7.04,8.62,20.54,16.62,13.09,236.8,6.71,9.61,6.52,8.58,8.64,,,13.22,13.21,8.55
2016-12-29 00:00:00,5.7,7.66,11.63,11.31,47.06,62.37,7.06,8.67,20.83,16.6,13.07,236.8,7.18,9.61,6.69,8.64,8.7,,,13.24,13.21,8.49
2016-12-30 00:00:00,5.89,7.66,11.66,11.31,46.88,62.37,7.03,8.77,20.82,16.57,12.86,236.8,7.26,9.59,6.69,9.04,8.76,,,13.32,13.21,8.58
2017-01-02 00:00:00,5.89,7.61,11.53,11.31,46.72,61.95,7.02,8.81,20.71,16.55,12.86,236.8,7.22,9.56,6.69,9.04,8.81,,,13.16,13.21,8.54
2017-01-03 00:00:00,5.49,7.59,11.35,11.31,46.25,61.79,6.92,8.75,20.7,18.3,12.97,236.8,7.11,9.48,6.69,9.02,8.68,,,13.18,13.21,8.47
2017-01-04 00:00:00,5.49,7.56,11.47,11.31,46.73,61.93,6.96,8.74,20.69,18.21,12.93,236.8,6.66,9.53,6.69,8.86,8.64,,,13.25,13.21,8.47
2017-01-05 00:00:00,5.47,7.56,11.43,11.31,46.62,61.87,6.94,8.71,20.29,18.24,13.13,236.8,6.84,9.44,6.69,8.84,8.58,,,13.16,13.21,8.39
2017-01-06 00:00:00,5.47,7.58,11.43,11.28,47.05,61.87,6.92,8.58,20.38,18.29,13.11,236.8,6.82,9.41,6.69,8.84,8.6,,,13.24,13.21,8.34
2017-01-09 00:00:00,5.46,7.57,11.46,11.09,48.66,62.47,6.82,8.59,20.33,18.96,17.82,236.8,6.82,9.54,6.69,8.92,8.25,,,13.15,13.21,8.35
2017-01-10 00:00:00,5.45,7.2,12.57,11.09,52.36,62.58,6.84,8.56,20.35,18.94,17.64,236.8,6.38,9.44,6.69,8.87,8.1,,,13.15,13.21,8.34
2017-01-11 00:00:00,5.53,7.25,12.84,11.29,53.13,62.64,6.85,8.64,20.35,18.67,17.62,236.8,6.22,9.58,6.69,8.92,8.07,,,13.29,13.21,8.39
2017-01-13 00:00:00,5.9,7.32,13.04,11.31,53.48,66.29,6.82,8.82,19.39,18.68,18.05,236.8,6.24,9.72,5.87,8.89,8.18,,,11.86,13.21,8.25
2017-01-16 00:00:00,5.87,7.3,12.99,10.4,53.36,61.33,6.77,8.78,20.13,18.53,17.79,236.8,5.93,9.7,5.87,8.9,8.17,,,11.84,13.21,8.23
2017-01-17 00:00:00,5.88,7.3,12.96,10.4,51.13,65.78,6.79,8.82,20.13,18.3,17.91,236.8,5.92,9.78,5.87,8.98,8.25,,,11.84,13.21,8.16
2017-01-18 00:00:00,5.54,7.28,12.93,10.35,50.34,65.65,6.79,5.56,20.26,18.3,18.17,236.8,5.92,9.8,5.87,8.96,8.21,,,11.77,13.21,8.07
2017-01-19 00:00:00,5.54,7.28,12.96,10.33,50.2,65.73,6.79,5.52,17.48,18.25,17.68,236.8,5.84,9.8,5.87,8.85,8.14,,,11.77,13.21,8.13
2017-01-20 00:00:00,5.54,7.31,13.11,10.33,50.05,67.27,6.71,5.55,17.49,18.02,17.98,236.8,5.95,9.84,5.87,8.72,8.13,,,11.77,13.21,8.12
2017-01-23 00:00:00,5.63,7.33,13.3,12.66,45.81,66.91,6.69,5.55,17.93,18.5,17.98,236.8,5.95,9.48,5.87,8.79,8.09,,,12.01,13.21,8.15
2017-01-24 00:00:00,5.63,7.28,13.09,12.75,45.76,66.84,6.63,5.5,18.31,18.5,17.94,236.8,5.86,9.43,5.87,8.88,8.04,,,11.62,13.21,8.15
2017-01-25 00:00:00,5.63,7.26,13.05,12.76,45.59,66.91,6.6,5.43,18.4,18.43,17.77,236.8,5.83,9.38,5.87,8.83,8.04,,,11.95,13.21,8.16
2017-01-26 00:00:00,5.62,7.28,12.96,12.93,39.57,64.33,6.64,5.4,18.41,18.41,17.79,236.8,5.85,9.46,5.87,8.85,8.27,,,11.67,13.21,7.94
2017-01-27 00:00:00,5.45,7.27,13.02,12.97,39.01,64.3,6.65,5.39,18.42,18.4,17.82,236.8,5.77,9.43,5.87,8.89,8.13,,,11.71,13.21,7.94
2017-01-30 00:00:00,5.45,7.32,13.02,12.96,38.95,64.28,6.65,5.34,18.42,18.43,17.66,236.8,5.64,9.44,5.87,8.82,8.17,,,11.75,13.21,7.91
2017-01-31 00:00:00,5.36,7.31,13,12.96,38.41,64.39,6.64,5.31,18.4,18.36,17.73,236.8,5.63,9.37,5.87,8.77,8.12,,,11.91,13.21,7.87
2017-02-01 00:00:00,5.36,7.08,13.01,12.96,36.94,65.2,6.49,5.28,18.39,19.54,17.95,,5.54,9.39,5.23,8.77,8.1,,,11.85,13.21,7.86
2017-02-02 00:00:00,5.36,7.1,13.09,12.96,36.35,64.96,6.45,5.26,18.4,19.63,17.81,,5.55,9.37,5.23,8.74,8.12,,,11.89,13.21,7.96
2017-02-03 00:00:00,5.36,7.11,13.07,12.96,35.61,64.94,6.37,5.27,18.1,19.68,17.68,,5.53,9.32,5.23,8.68,8.04,,,11.65,13.21,7.97
2017-02-06 00:00:00,5.09,7.07,13,12.96,34.6,64.69,6.32,5.12,17.92,19.45,17.37,,5.51,9.28,5.23,8.64,8.07,,,11.44,13.21,7.93
2017-02-07 00:00:00,5.13,7.03,13.15,12.94,35.5,64.83,6.37,5.19,17.93,19.47,17.29,,5.53,9.28,5.23,8.63,8.11,,,11.67,13.21,8.02
2017-02-08 00:00:00,5.39,7.01,13.23,12.94,35.93,64.79,6.33,5.2,17.92,19.37,17.4,,5.52,9.36,5.23,8.61,7.98,,,11.96,13.21,7.94
2017-02-09 00:00:00,5.39,7.02,13.29,12.94,35.9,64.74,6.33,5.34,18.09,19.37,17.23,,5.5,9.34,5.23,8.6,8.05,,,11.71,13.21,7.92
2017-02-13 00:00:00,5.26,7.05,13.43,12.94,35.85,64.62,6.4,5.22,18.3,19.51,17.17,,5.54,9.43,5.23,8.87,8.1,,,11.98,13.21,7.79
2017-02-14 00:00:00,5.26,7.09,13.49,12.96,36.03,64.77,6.34,5.29,18.19,19.52,17.19,,5.55,9.47,5.23,8.84,8.26,,,11.91,13.21,7.92
2017-02-15 00:00:00,5.26,7.16,13.46,12.96,36.67,65,6.31,5.42,18.34,19.67,17.29,,5.73,9.55,5.23,8.95,8.19,,,11.77,13.21,7.94
2017-02-16 00:00:00,5.17,7.18,13.4,12.99,36.19,64.89,6.37,5.3,18.74,19.62,17.34,,5.75,9.57,5.23,8.87,8.22,,,11.77,13.21,7.98
2017-02-17 00:00:00,5.17,7.16,13.41,12.99,36.06,64.92,6.28,5.29,18.86,19.52,17.36,,5.73,9.59,5.23,8.82,8.23,,,11.82,13.21,7.98
2017-02-20 00:00:00,5.13,7.16,13.33,12.96,36.18,64.75,6.28,5.26,18.57,19.48,17.24,,5.71,9.54,5.23,8.74,8.22,,,11.79,13.21,7.85
2017-02-21 00:00:00,5.13,7.19,13.29,12.96,36.14,64.5,6.17,5.23,18.42,19.25,17.54,,5.7,9.54,5.23,8.81,8.18,,,11.89,13.21,7.78
2017-02-22 00:00:00,5.16,7.19,13.2,12.93,36.12,64.84,6.21,5.21,18.52,19.29,17.87,,5.68,9.63,5.23,8.67,8.15,,,11.77,13.21,7.66
2017-02-23 00:00:00,5.14,7.25,13.16,12.93,36.11,64.68,6.26,5.18,18.56,19.34,17.95,,5.74,9.61,5.23,8.67,8.07,,,11.77,13.21,7.7
2017-02-27 00:00:00,5.14,7.21,13.1,12.93,35.94,64.34,6.2,5.18,18.56,19.34,17.94,,5.74,9.65,5.23,8.64,8.45,,,11.64,13.21,7.69
2017-02-28 00:00:00,5.26,7.2,13.17,12.37,35.93,64.39,6.17,5.14,18.46,19.37,17.9,,5.83,9.61,5.23,8.66,8.44,,,11.91,13.21,7.6
2017-03-01 00:00:00,5.1,7.2,13.15,12.22,35.65,64.23,6.13,5.07,18.58,19.2,18.17,,5.89,9.57,5.23,8.61,8.42,,,11.77,13.21,7.6
2017-03-02 00:00:00,5.09,7.17,13.13,12.22,35.55,64.28,6.13,5.14,18.7,19.13,18.03,,5.93,9.59,5.23,8.58,8.35,,,12.27,13.21,7.57
2017-03-03 00:00:00,5.08,7.15,13.13,12.21,35.35,64.35,6.08,5.1,18.5,19.1,18,,5.85,9.63,5.23,8.56,8.41,,,11.77,13.21,7.7
2017-03-06 00:00:00,5,7.16,13.06,12.21,34.95,64.3,6.07,5.19,18.67,19.3,17.98,,5.85,9.64,5.55,8.66,8.41,,,11.89,13.21,7.67
2017-03-07 00:00:00,5,7.16,13.07,12.27,34.14,64.36,5.97,5.16,18.31,19.25,17.94,,5.89,9.62,5.55,8.66,8.33,,,12.15,13.21,7.48
2017-03-08 00:00:00,4.93,7.08,13.06,12.27,34.57,64.34,5.98,5.19,18.49,19.2,17.91,,5.9,9.62,5.55,8.69,8.28,,,12.08,13.21,7.55
2017-03-09 00:00:00,4.92,7.04,13.02,12.26,34.41,64.27,5.97,5.22,18.48,19.26,17.89,,5.88,9.61,5.55,8.67,8.3,,,12.08,13.21,7.42
2017-03-10 00:00:00,4.89,7.04,13,12.14,34.18,64.27,5.95,5.2,18.52,19.27,17.92,,6.01,9.57,5.55,8.63,8.2,,,12.01,13.21,7.45
2017-03-13 00:00:00,4.81,6.98,12.93,12.16,33.39,64.15,5.94,5.23,18.52,19.34,17.76,,6,9.5,5.55,8.5,8.17,,,12.03,13.21,7.46
2017-03-14 00:00:00,4.86,6.94,12.89,12.16,32.99,64.06,5.88,5.17,18.41,19.31,17.67,,6.01,9.43,5.71,8.48,8.18,,,11.99,13.21,7.42
2017-03-15 00:00:00,4.99,6.91,12.9,12.24,32.91,63.88,5.86,5.18,18.25,19.32,17.65,,5.9,9.38,5.71,8.44,8.16,,,11.89,13.21,7.43
2017-03-16 00:00:00,4.9,6.9,12.9,12.24,32.63,63.89,5.84,5.12,18.4,19.35,17.6,,5.86,9.4,5.71,8.56,8.15,,,11.76,13.21,7.41
2017-03-17 00:00:00,4.9,6.89,12.92,12.26,32.85,63.95,5.89,5.06,18.51,19.33,17.79,,5.94,9.47,5.71,8.62,8.13,,,12.04,13.21,7.5
2017-03-20 00:00:00,4.9,6.9,12.89,12.26,33.15,63.8,5.88,5.16,18.53,19.33,17.79,,5.9,9.48,5.71,8.53,8.17,,,11.98,13.21,7.41
2017-03-21 00:00:00,4.9,6.9,12.89,12.26,32.88,63.81,5.93,5.1,18.27,19.3,17.7,,5.91,9.45,5.71,8.61,8.18,,,12.03,13.21,7.33
2017-03-22 00:00:00,4.75,6.84,12.76,11.86,32.4,63.67,5.87,4.98,18.25,19.24,17.29,,5.87,9.37,5.71,8.57,8.09,,,11.89,13.21,7.15
2017-03-23 00:00:00,4.75,6.81,12.75,11.72,32.08,63.41,5.79,5.01,18.33,19.26,17.18,,5.86,9.29,5.71,8.45,8.12,,,11.84,13.21,7.2
2017-03-24 00:00:00,4.74,6.79,12.76,11.89,32.6,63.55,5.85,4.92,18.33,19.46,17.08,,5.92,9.28,5.71,8.42,8.13,,,11.67,13.21,7.09
2017-03-27 00:00:00,4.74,6.73,12.77,10.75,32.62,63.56,5.83,4.95,17.46,19.41,17.09,,5.9,9.26,5.71,8.33,8.24,,,11.65,13.21,6.98
2017-03-28 00:00:00,4.77,6.72,12.77,10.81,32.68,63.44,5.84,5,17.46,19.4,17.08,,5.98,9.28,5.71,8.42,8.14,,,11.91,13.21,6.97
2017-03-29 00:00:00,4.93,6.75,12.89,11.6,33.49,63.69,5.89,5,17.48,19.46,17.66,,6.01,9.31,5.71,8.62,8.4,,,11.75,13.21,7.09
2017-03-30 00:00:00,4.93,6.77,12.86,12.98,33.74,63.67,5.88,4.96,18.14,19.64,17.4,,5.95,9.39,5.71,8.59,8.4,,,11.82,13.21,7.12
2017-03-31 00:00:00,4.99,6.85,12.88,12.98,33.61,63.62,5.95,4.96,18.53,19.6,17.57,,6.06,9.36,5.39,8.67,8.39,,,11.92,13.21,7.18
2017-04-03 00:00:00,4.77,6.82,13.03,12.98,34.03,63.58,5.99,4.99,18.65,19.6,17.71,,6.08,9.44,5.39,8.66,8.41,,,11.95,13.21,7.11
2017-04-04 00:00:00,4.99,6.91,13.26,12.98,35.02,63.65,6.15,5.17,18.29,19.84,17.72,,6.15,9.46,5.39,8.76,8.4,,,11.87,13.21,7.25
2017-04-05 00:00:00,5,6.97,13.45,12.98,35.48,64.28,6.28,5.24,18.86,19.83,17.8,,6.21,9.62,5.39,8.84,8.35,,,11.87,13.21,7.46
2017-04-06 00:00:00,5.35,7,13.58,12.95,35.61,64.74,6.36,5.24,18.61,20.07,17.8,,6.22,9.7,5.39,8.99,8.35,,,12.02,13.21,7.52
2017-04-07 00:00:00,5.13,7.01,13.69,12.95,35.88,64.54,6.41,5.28,18.94,20.36,17.64,,6.3,9.69,5.39,9.09,8.5,,,11.99,13.21,7.53
2017-04-11 00:00:00,5.17,7.02,13.76,12.95,36.32,64.39,6.49,5.27,18.95,20.34,17.81,,6.33,9.7,5.39,8.97,8.66,,,12.07,12.25,7.41
2017-04-12 00:00:00,5.36,7.1,13.93,13.02,36.62,64.74,6.59,5.35,19.02,20.96,17.82,,6.42,9.77,6.03,9.21,8.72,,,12.05,12.25,7.59
2017-04-17 00:00:00,5.36,7.03,13.8,13.02,36.77,64.64,6.53,5.46,19.02,20.69,17.73,,6.44,9.73,6.03,9.04,8.67,,,11.94,11.52,7.54
2017-04-18 00:00:00,5.16,7.04,13.85,13.02,36.98,64.73,6.57,5.61,19.03,20.81,17.88,,6.49,9.76,6.03,9.15,8.67,,,12.18,11.52,7.5
2017-04-19 00:00:00,5.36,7.19,14.06,13.01,37.3,65.25,6.66,5.63,18.71,20.91,18.08,,6.44,9.86,6.03,9.35,8.73,,,12.35,11.52,7.56
2017-04-20 00:00:00,5.44,7.27,14.12,13.01,37.26,65.55,6.73,5.53,19.6,21.07,18.13,,6.52,9.97,6.05,9.29,8.81,,,12.59,11.52,7.57
2017-04-21 00:00:00,5.45,7.33,14.28,13.05,36.98,65.71,6.75,5.55,19.66,21.14,18.23,,6.51,10.03,6.05,9.32,8.8,,,12.55,11.52,7.7
2017-04-24 00:00:00,5.4,7.24,14.21,11.72,36.6,65.5,6.69,5.49,19.64,21.18,18,,6.44,9.95,6.09,9.14,8.72,,,12.62,11.52,7.64
2017-04-25 00:00:00,5.4,7.22,14.1,12.33,31.38,65.42,6.71,5.39,19.69,22.23,17.71,,6.41,9.93,6.09,8.95,8.71,,,12.64,11.52,7.65
2017-04-26 00:00:00,5.4,7.25,14.23,11.78,31.87,65.48,6.73,5.45,19.85,22.28,17.87,,6.4,10,6.09,8.93,8.7,,,12.64,11.52,7.66
2017-04-27 00:00:00,5.45,7.33,13.55,11.54,31.55,59.86,6.91,5.51,17.32,19.59,18.18,,6.43,10.03,6.09,8.62,9.48,,,12.66,11.52,8.01
2017-04-28 00:00:00,5.46,7.33,13.74,12.13,27.29,54.73,7.04,5.53,17.3,19.81,18.07,,6.48,10.07,6.09,8.83,9.23,,,12.64,11.52,8.05
2017-05-02 00:00:00,5.51,7.3,13.72,12.13,27.54,54.69,7.06,5.61,17.4,19.77,18.07,,6.51,10.09,6.09,8.79,9.28,,,12.74,11.52,8.03
2017-05-03 00:00:00,5.4,7.3,13.61,12.97,27.23,54.57,6.98,5.55,17.45,19.57,18.1,,6.48,9.92,6.09,8.73,9.2,,,12.63,11.52,8.18
2017-05-04 00:00:00,6.09,7.33,13.6,14.52,27.97,55.02,6.93,4.97,17.44,19.46,18.02,,6.36,9.97,6.09,9.56,9.24,,,12.57,,8.16
2017-05-05 00:00:00,6.04,7.4,13.71,14.52,27.95,55.13,7.03,5.07,17.75,19.44,18.07,,6.48,10.06,6.09,9.53,9.3,,,12.69,,8.15
2017-05-08 00:00:00,6.08,7.49,13.71,14.53,28.03,55.14,7.12,4.99,17.87,19.44,18.24,,6.51,10.07,6.09,9.65,9.38,,,12.81,,8.2
2017-05-09 00:00:00,6.04,7.52,13.71,14.5,27.95,55.06,7.19,4.98,17.87,19.42,18.33,,6.5,10.03,6.09,9.65,9.32,,,12.73,,8.18
2017-05-12 00:00:00,6.08,7.56,13.74,14.56,28.24,54.93,7.18,4.96,18.27,19.47,18.29,,6.49,10.06,6.09,9.66,9.26,,,12.4,,8.16
2017-05-15 00:00:00,5.8,7.56,13.71,14.57,28.09,54.99,7.26,4.76,18.27,19.42,18.47,,6.48,10.04,5.79,9.59,9.27,,,12.22,,8.01
2017-05-16 00:00:00,5.88,7.55,13.79,14.66,28.18,55,7.53,4.88,18.5,19.35,18.03,,6.46,10.05,6.3,9.46,9.18,,,12.65,,8.1
2017-05-17 00:00:00,5.79,7.53,13.92,14.77,28.49,55.18,7.63,4.86,18.54,19.44,18.41,,6.46,10.05,6.3,9.48,9.16,,,12.46,,8.21
2017-05-18 00:00:00,5.88,7.51,13.76,13.75,27.99,52.51,7.64,4.83,18.28,16.26,18.11,,6.46,10.05,6.3,9.48,9.31,,,12.37,,10.32
2017-05-19 00:00:00,5.88,7.48,13.91,13.9,28.11,52.72,7.84,4.75,18.31,16.28,18.12,,6.36,10.08,6.3,9.55,9.25,,,12.38,,10.38
2017-05-22 00:00:00,6.04,7.59,13.93,13.88,28.08,52.82,7.86,4.72,18.32,16.31,18.18,,6.38,10.06,6.3,9.6,9.26,,,12.38,,10.32
2017-05-23 00:00:00,5.78,7.62,13.46,13.9,27.99,52.29,7.8,4.66,18.37,16.13,17.9,,6.74,9.97,6.3,9.5,9.22,,,7.47,,10.33
2017-05-24 00:00:00,5.87,7.69,13.62,13.83,28.06,52.36,7.77,4.73,18.3,16.11,18.06,,6.75,9.89,6.3,9.53,9.24,,,7.51,,10.32
2017-05-25 00:00:00,5.9,7.72,13.6,14.14,28,52.43,7.8,4.78,18.23,16.13,17.98,,6.76,9.99,6.3,9.51,9.21,,,7.43,,10.18
2017-05-26 00:00:00,5.94,7.52,13.53,13.57,28.03,52.3,7.8,4.74,18.23,16.02,18.1,,6.75,9.99,6.34,9.28,9.27,,,7.4,,10.3
2017-05-29 00:00:00,5.75,7.49,13.49,13.55,27.95,52.22,7.78,4.7,17.92,15.98,18.17,,6.74,9.98,6.34,9.23,9.28,,,7.4,,10.19
2017-05-30 00:00:00,5.78,7.38,13.46,13.5,27.88,52.12,7.71,4.61,18.54,15.88,18.1,,6.69,9.96,6.34,8.95,9.02,,,7.14,,10.26
2017-05-31 00:00:00,5.93,7.38,13.54,12.76,27.84,52.18,7.73,4.63,18.56,15.91,17.33,,6.55,9.94,6.34,9.02,8.92,,,7.3,,10.23
2017-06-01 00:00:00,5.69,7.42,13.57,12.76,27.62,52.08,7.77,4.63,18.23,16.04,17.27,,6.54,9.99,6.34,9.09,8.98,,,7.26,,10.23
2017-06-02 00:00:00,5.83,7.45,13.72,20.68,28.37,50.7,7.73,4.6,18.08,16.02,17.37,,6.71,9.89,6.34,9.11,8.95,,,7.15,,10.33
2017-06-05 00:00:00,5.83,7.09,13.55,22.34,28.32,50.62,7.63,5.28,18.13,15.94,17.36,,6.22,9.48,6.75,9.05,8.97,,,7.18,,10.22
2017-06-06 00:00:00,5.73,7.09,13.58,21.56,28.22,47.87,7.65,5.29,17.99,15.9,17.31,,6.14,9.5,6.75,9.03,8.88,,,7.14,,10.22
2017-06-07 00:00:00,5.75,7.1,13.66,21.28,28.36,47.77,7.74,5.22,17.87,15.73,17.24,,6.15,9.54,6.75,9.06,8.87,,,7.14,,10.24
2017-06-09 00:00:00,5.75,7.14,12.82,21.23,28.36,48.43,7.82,5.23,19.87,15.89,17.24,,6.18,10.01,6.75,9.02,8.86,,,7.1,,10.19
2017-06-12 00:00:00,5.78,7.13,12.74,20.55,28.37,48.42,7.8,5.19,19.87,15.95,17.18,,6.11,10.04,6.75,8.98,8.94,,,7.09,,10.31
2017-06-13 00:00:00,5.76,7.11,12.78,20.42,28.27,48.4,7.76,5.19,19.67,15.89,17.1,,6.18,9.98,6.74,8.85,8.9,,,7.07,,10.25
2017-06-14 00:00:00,5.74,7.14,12.98,20.55,28.47,48.14,7.74,5.14,19.66,15.88,17.54,,6.24,9.99,6.74,8.97,8.91,,,7.02,,10.02
2017-06-15 00:00:00,5.8,7.2,13.13,19.61,28.38,48.06,7.78,5.17,19.64,15.84,17.49,,6.25,10.11,6.74,8.91,8.88,,,7.09,,10.24
2017-06-16 00:00:00,5.83,7.85,13.23,20.27,28.79,48.34,7.84,5.42,19.82,15.91,17.64,,6.75,11.07,8.64,8.87,8.86,,,7.04,,10.25
2017-06-19 00:00:00,5.78,7.81,13.04,20.18,28.64,48.22,7.78,5.41,19.36,15.89,17.51,,6.76,11.05,8.64,8.83,8.91,,,7.1,,10.25
2017-06-20 00:00:00,5.78,7.84,13.11,20.39,28.22,48.31,7.79,5.36,19.31,15.93,17.37,,6.81,11.07,8.64,8.91,8.94,,,7.16,,10.22
2017-06-21 00:00:00,5.78,7.89,13.36,22.23,28.35,48.24,6.44,7.79,19.47,15.86,15.99,,6.83,11.09,8.64,8.72,8.96,,,7.19,,10.48
2017-06-22 00:00:00,6.93,7.86,12.64,23.31,24.98,43.66,6.4,7.82,19.32,15.99,16.28,,6.64,11.09,8.64,8.71,8.99,,,7.19,,12.19
2017-06-23 00:00:00,7.05,7.81,12.83,22.09,25.04,43.7,6.38,7.87,19.32,15.98,16.08,,6.8,11.17,8.66,8.72,8.99,,,7.1,,12.33
2017-06-27 00:00:00,7,7.78,12.86,21.49,25.03,43.72,6.33,7.96,18.88,15.95,15.99,,6.78,11.31,8.8,8.74,8.97,,,7.07,,12.21
2017-06-28 00:00:00,6.95,7.76,12.86,21.49,25.07,43.67,6.4,7.87,18.89,15.85,16.14,,6.8,11.3,8.76,8.66,9.08,,,7.05,,12.26
2017-06-29 00:00:00,6.93,7.75,12.87,19.98,25.27,43.75,6.42,7.9,19.31,15.87,16.1,,6.79,11.25,8.76,8.68,9.04,,,7.01,,12.34
2017-06-30 00:00:00,7.11,7.78,12.96,19.93,25.4,43.83,6.45,7.75,19.35,16.04,16.07,,6.79,11.34,8.76,8.67,9.08,,,7.18,,12.31
2017-07-03 00:00:00,7.06,7.76,12.93,20.25,25.25,43.72,6.51,7.72,19.36,16.02,16.14,,6.77,11.33,8.76,8.63,9.09,,,7.02,,12.27
2017-07-04 00:00:00,6.93,7.76,12.87,16.82,25.28,43.58,6.49,7.75,19.59,16.07,16.11,,6.8,11.31,8.67,8.66,8.99,,,7.1,,12.19
2017-07-05 00:00:00,6.92,7.82,12.86,15.77,25.37,43.54,6.45,7.75,19.75,15.98,16.04,,6.82,11.31,8.67,8.62,8.9,,,6.97,,12.24
2017-07-06 00:00:00,7.11,8.1,12.93,15.75,25.5,43.59,6.46,7.76,19.85,15.86,16.07,,6.83,11.3,8.67,8.64,8.96,,,7.05,,12.45
2017-07-07 00:00:00,6.96,8.1,13.07,16.48,25.72,43.56,6.48,7.99,19.76,15.91,15.95,,6.8,11.36,8.67,8.69,8.97,,,7.08,,12.57
2017-07-10 00:00:00,7.18,8.06,13.13,16.51,26.01,43.58,6.59,7.96,19.77,15.92,16.1,,6.8,11.35,8.67,8.71,9,,,7.16,,12.58
2017-07-11 00:00:00,6.96,8.09,13.06,16.57,27.04,45.41,6.47,7.97,19.77,15.98,15.87,,6.8,10.51,8.67,8.37,9.87,,,7.18,,12.49
2017-07-12 00:00:00,7.31,8.09,13.01,16.6,27.08,45.33,6.47,7.91,19.59,16.03,16.13,,6.75,10.5,8.67,8.32,9.83,,,7.17,,12.56
2017-07-13 00:00:00,7.31,8.08,13,16.59,26.88,45.23,6.45,7.92,19.6,16.03,16.02,,6.75,10.48,8.67,8.3,9.95,,,7.13,,12.49
2017-07-14 00:00:00,7.31,8.09,13.05,16.53,27.15,45.39,6.5,7.92,19.6,16.13,16.4,,6.76,10.51,8.67,8.33,10.01,,,7.1,,12.49
2017-07-17 00:00:00,7.31,8.03,13.05,16.46,27.01,45.22,6.44,8.1,19.63,16.04,16.81,,6.75,10.45,8.67,8.33,9.91,,,7.07,,12.42
2017-07-18 00:00:00,7.31,8.03,13.01,16.33,26.89,45.21,6.45,8.2,19.72,16.01,16.77,,6.59,10.46,8.67,8.42,9.85,,,7.11,,12.56
2017-07-19 00:00:00,7.31,7.99,12.89,15.9,26.91,45.19,6.41,8.23,19.83,15.95,16.6,,6.59,10.27,8.67,8.39,9.78,,,7.01,,12.42
2017-07-20 00:00:00,7.16,7.98,12.88,15.6,26.71,45.14,6.39,8.42,19.76,15.92,16.53,,6.58,10.25,8.66,8.34,9.77,,,6.98,,12.43
2017-07-21 00:00:00,6.9,7.95,12.82,17.26,15.67,41.59,5.92,11.79,19.77,14.04,19.32,,6.9,9.6,6.76,7.96,10.14,,,6.99,,26.56
2017-07-24 00:00:00,6.81,7.96,12.77,17.03,15.56,41.54,5.94,11.73,19.65,14.02,19.15,,6.89,9.52,6.76,7.97,10.13,,,7.09,,26.47
2017-07-25 00:00:00,6.7,7.96,12.83,17.42,15.62,41.54,5.91,11.85,19.65,13.99,19.24,,6.89,9.55,6.76,7.94,10.07,,,7.05,,26.38
2017-07-26 00:00:00,6.59,7.97,12.87,17.25,15.69,41.52,5.93,11.93,19.65,13.98,19.3,,6.87,9.58,6.76,7.95,10.05,,,7.06,,26.46
2017-07-27 00:00:00,6.56,7.64,12.77,17.35,15.69,41.77,5.94,11.94,19.64,13.22,19.33,86.88,6.81,9.45,6.76,8.05,11.29,,,7.54,,26.17
2017-07-28 00:00:00,6.77,7.63,12.81,17.5,15.6,41.52,5.92,11.89,19.65,13.79,19.48,87.69,6.81,9.33,6.76,8.08,11.1,,,7.59,,26.48
2017-07-31 00:00:00,6.65,7.6,12.8,17.49,15.67,41.4,5.9,11.82,19.66,13.7,19.65,87.28,6.77,9.28,6.76,8.05,11.05,,,7.45,,26.32
2017-08-01 00:00:00,6.48,7.6,12.75,17.49,15.64,41.43,5.88,11.77,19.64,13.58,19.4,87.28,6.78,9.04,6.76,8.01,10.99,,,7.41,,26.75
2017-08-02 00:00:00,6.48,7.61,12.73,17.6,15.53,41.5,5.84,11.79,19.39,13.5,19.31,86.88,6.79,9.1,6.76,7.89,10.94,,,7.39,,26.49
2017-08-03 00:00:00,6.53,7.62,12.7,17.53,15.5,41.19,5.88,11.76,19.35,13.55,19.22,86.48,6.57,9.27,6.14,7.91,10.91,,,7.41,,26.75
2017-08-04 00:00:00,6.67,7.64,12.69,17.55,15.36,41.07,5.88,11.71,19.34,13.57,19.26,86.48,6.58,9.16,6.14,7.83,10.89,,,7.38,,26.54
2017-08-08 00:00:00,6.53,7.62,12.47,17.67,15.33,41,5.85,11.61,19.59,13.5,19.06,85.27,6.54,9.01,6.14,7.82,10.9,,,7.33,,26.56
2017-08-09 00:00:00,6.57,7.59,12.49,17.6,15.3,40.99,5.81,11.48,19.47,13.47,18.8,84.46,6.53,8.81,6.14,7.71,10.79,,,7.41,,26.37
2017-08-10 00:00:00,6.53,7.63,12.45,17.63,15.29,40.94,5.85,11.45,19.56,13.46,18.92,84.06,6.56,8.92,6.14,7.79,10.76,,,7.46,,26.22
2017-08-11 00:00:00,6.56,7.63,12.31,17.65,15.19,40.93,5.82,11.31,19.54,13.45,18.76,84.86,6.45,8.89,6.14,7.8,10.79,,,7.44,,26.27
2017-08-14 00:00:00,6.53,7.62,12.36,17.96,15.17,40.72,5.79,11.52,19.41,13.45,18.74,84.46,6.45,8.89,6.14,7.79,10.79,,,7.34,,26.12
2017-08-15 00:00:00,6.31,7.56,12.19,17.58,15.15,40.62,5.77,11.45,19.28,13.35,18.97,85.67,6.46,8.8,6.14,7.73,10.7,,,7.28,,26.35
2017-08-16 00:00:00,6.3,7.6,12.08,17.58,15.1,40.59,5.71,11.21,19.27,13.3,18.88,85.27,6.41,8.74,6.14,7.69,10.63,,,7.3,,26.17
2017-08-17 00:00:00,6.3,7.57,12.12,17.54,15.11,40.58,5.76,11.25,18.72,13.22,18.85,85.27,6.4,8.77,6.14,7.72,10.64,,,7.29,,26.27
2017-08-18 00:00:00,6.3,7.6,12.14,17.54,15.16,40.63,5.88,11.23,18.82,13.22,18.84,85.67,6.41,8.9,6.14,7.75,10.88,,,7.32,,26.43
2017-08-21 00:00:00,6.3,7.59,12.11,17.43,15.18,40.57,5.86,11.22,18.82,13.22,18.82,85.67,6.4,8.84,6.14,7.72,10.72,,,7.23,,26.32
2017-08-22 00:00:00,6.29,7.56,12,17.56,15.04,40.53,5.84,11.26,19.01,13.19,18.51,85.67,6.4,8.75,6.14,7.71,10.59,,,7.21,,26.26
2017-08-23 00:00:00,6.2,7.55,11.95,17.49,14.94,40.49,5.87,11.14,19,13.16,18.43,85.67,6.41,8.66,6.14,7.71,10.64,,,7.2,,26.22
2017-08-24 00:00:00,6.29,7.55,11.93,17.49,15.01,40.49,5.84,11.08,19.16,13.15,18.76,84.86,6.42,8.68,6.14,7.7,10.71,,,7.25,,25.95
2017-08-25 00:00:00,6.44,7.59,12.04,17.64,15.07,40.47,5.87,11.16,19.41,13.16,18.76,85.27,6.41,8.77,6.14,7.76,10.66,,,7.24,,26.25
2017-08-28 00:00:00,6.6,7.62,12.07,17.59,15.15,40.49,5.87,11.07,19.17,13.15,18.78,84.86,6.4,8.79,6.14,7.75,10.75,,,7.22,,26.25
2017-08-29 00:00:00,6.6,7.62,11.95,17.59,15.06,40.5,5.87,11.14,19.28,13.15,18.78,84.86,6.38,8.7,6.14,7.71,10.64,,,7.24,,26.04
2017-08-30 00:00:00,6.55,7.56,11.97,17.66,15.17,40.37,5.87,10.9,19.54,13.13,18.76,84.86,6.43,8.71,6.14,7.68,10.63,,,7.18,,25.88
2017-08-31 00:00:00,6.56,7.57,11.98,17.8,15.01,40.36,5.87,11.09,19.54,13.11,18.58,84.46,6.42,8.64,6.14,7.74,10.7,,,7.24,,25.72
2017-09-04 00:00:00,6.56,7.58,11.95,18.18,14.93,40.35,5.87,11.04,19.54,13.12,18.5,84.46,6.39,8.66,6.14,7.71,10.69,,,7.21,,26.07
2017-09-06 00:00:00,6.14,7.55,11.92,18.21,14.9,40.11,5.83,10.92,19.54,13.1,18.37,84.06,6.37,8.66,6.14,7.65,10.54,,,7.16,,25.79
2017-09-07 00:00:00,6.2,7.55,11.83,18.26,14.95,40.07,5.95,10.69,19.54,13.11,18.59,84.06,6.37,8.63,6.14,7.66,10.59,,,7.08,,25.88
2017-09-08 00:00:00,6.25,7.56,11.84,17.29,14.96,40.21,5.94,10.63,19.47,13.15,19.27,84.06,6.38,8.59,6.14,7.72,10.56,,,7.12,,26.09
2017-09-11 00:00:00,6.56,7.55,11.99,17.14,15.03,41.11,5.95,10.58,19.34,13.07,19.25,41.96,6.39,8.62,6.14,7.56,10.45,,,11.58,,26.08
2017-09-12 00:00:00,6.44,7.53,11.82,18.22,15.61,41.55,5.87,10.49,19.31,13.3,18.55,42.16,6.38,8.59,6.14,7.63,11.2,,,11.68,,26.23
2017-09-13 00:00:00,6.44,7.52,11.8,18.22,15.64,41.52,5.88,10.44,19.21,13.3,18.59,41.96,6.4,8.61,6.14,7.69,11.19,,,11.57,,26.18
2017-09-14 00:00:00,6.44,7.51,11.81,18.22,15.68,41.35,5.87,10.43,19.2,13.45,18.85,42.16,6.36,8.59,6.14,7.61,10.65,,,11.58,,26.55
2017-09-15 00:00:00,6.35,7.55,11.89,18.23,17.55,41.41,5.77,10.52,19.19,13.49,18.71,41.96,6.38,8.62,6.14,7.64,10.55,,,11.58,,27.11
2017-09-18 00:00:00,6.31,7.52,11.95,18.84,17.28,41.42,5.74,10.5,19.25,13.48,18.98,41.96,6.35,8.62,6.14,7.73,10.65,,,11.83,,26.73
2017-09-19 00:00:00,6.25,7.55,11.98,18.99,17.39,41.67,5.77,10.6,18.97,13.51,19.22,41.76,6.33,8.63,6.14,7.78,10.67,,,11.81,,26.94
2017-09-20 00:00:00,6.25,7.62,11.99,18.76,17.33,41.75,5.77,10.68,19.47,13.55,19.36,41.96,6.35,8.6,6.14,7.77,10.69,,,11.97,,26.98
2017-09-21 00:00:00,6.23,7.59,11.99,18.58,17.31,41.67,5.77,10.69,19.45,13.57,19.57,41.96,6.37,8.61,6.14,7.75,10.7,,,11.97,,26.98
2017-09-22 00:00:00,6.2,7.56,11.89,18.6,17.36,41.86,5.75,10.76,19.05,13.51,19.54,41.56,6.35,8.63,6.14,7.75,10.63,,,11.9,,26.96
2017-09-25 00:00:00,6.19,7.53,11.86,18.6,17.31,41.83,5.75,10.66,19.05,13.49,19.29,41.56,6.34,8.53,6.14,7.72,10.6,,,11.97,,26.56
2017-09-26 00:00:00,6.18,7.57,11.85,18.2,17.38,41.75,5.77,10.73,19.05,13.52,19.37,41.96,6.31,8.52,6.14,7.69,10.57,,,11.95,,26.72
2017-09-27 00:00:00,6.3,7.56,11.89,18.2,17.28,41.64,5.79,10.71,19.26,13.44,19.32,41.96,6.31,8.52,7.34,7.69,10.61,,,12.04,,26.78
2017-09-28 00:00:00,6.31,7.58,11.88,18.12,17.15,41.74,5.8,10.59,19.27,13.51,19.54,41.76,6.37,8.52,7.34,7.67,10.65,,,12.02,,26.74
2017-09-29 00:00:00,6.31,7.61,11.9,17.93,17.31,41.7,5.78,10.61,19.29,13.52,19.48,41.96,6.36,8.59,7.34,7.58,10.69,,,12.04,,26.91
2017-10-02 00:00:00,6.19,7.65,11.95,19.05,16.98,41.65,5.82,10.92,19.88,13.65,19.56,41.36,6.37,8.63,7.34,7.63,10.63,,,11.94,,26.56
2017-10-03 00:00:00,6.18,7.78,11.98,19.4,17.23,41.65,5.84,10.9,20.32,13.65,18.59,41.36,6.4,8.64,7.34,7.7,10.58,,,11.97,,26.44
2017-10-04 00:00:00,6.17,7.92,11.97,19.39,17.24,41.84,5.92,10.78,20.55,13.5,18.99,41.36,6.38,8.56,7.34,7.7,10.62,,,12.03,,26.53
2017-10-06 00:00:00,6.1,7.96,12.04,19.57,17.5,42,5.94,10.53,20.43,13.52,19.42,41.36,6.37,8.57,7.34,7.73,10.72,,,12.04,,26.3
2017-10-09 00:00:00,6.18,7.97,12.01,19.2,17.46,41.94,5.89,10.57,20.16,13.49,19.09,41.36,6.37,8.57,7.34,7.63,10.73,,,12.12,,26.56
2017-10-10 00:00:00,6.08,8.09,12.02,18.82,17.49,41.68,5.85,10.6,20.22,13.51,19.13,40.57,6.37,8.56,7.34,7.65,10.61,,,12.05,,27.02
2017-10-11 00:00:00,6.19,8.24,11.98,19.43,17.43,41.7,5.96,10.84,20.3,13.56,19.13,40.57,6.39,8.58,7.34,7.67,10.63,,,12.07,,26.69
2017-10-12 00:00:00,6.12,8.39,12.02,19.86,17.38,42.01,6.03,10.87,20.11,13.68,19.36,40.77,6.38,8.63,7.34,7.72,10.71,,,12.45,,27.14
2017-10-13 00:00:00,6.19,8.36,12.07,19.21,17.33,42.03,6.04,10.61,20.22,13.75,19.34,40.77,6.41,8.62,7.34,7.73,10.72,,,12.47,,27.04
2017-10-16 00:00:00,6.19,8.11,12.06,19.29,17.27,42,5.99,10.61,20.26,13.67,19.22,41.56,6.39,8.53,7.34,7.64,10.71,,,13.03,,26.41
2017-10-17 00:00:00,6.19,8.12,12.05,19.21,17.41,41.95,5.97,10.61,19.78,13.71,18.7,41.56,6.37,8.41,7.34,7.67,10.67,,,12.52,,26.74
2017-10-19 00:00:00,6.19,8.05,12.05,19.21,17.4,41.94,5.95,10.59,19.96,13.64,18.34,41.56,6.39,8.45,7.34,7.62,10.68,,,12.59,,26.49
2017-10-20 00:00:00,6.13,8.04,12.03,19.21,17.19,42.02,5.9,10.42,20.01,13.78,18.6,40.77,6.5,8.55,7.34,7.66,10.69,,,12.64,,26.61
2017-10-23 00:00:00,6.13,8.15,12.04,19.22,17.13,41.94,5.9,10.37,20.01,13.8,18.79,40.77,6.4,8.52,7.34,7.65,10.73,,,12.72,,26.79
2017-10-24 00:00:00,6.18,8.16,11.97,19.43,17.17,41.95,5.92,10.53,19.98,13.93,19.37,41.16,6.41,8.42,7.34,7.64,10.81,,,12.87,,26.74
2017-10-25 00:00:00,6.19,8.29,11.93,19.35,17.28,41.89,5.94,10.46,19.98,13.98,18.81,40.57,6.5,8.5,7.34,7.73,10.8,,,12.89,,27.18
2017-10-26 00:00:00,8.15,8.23,12.18,18.97,17.64,45.75,5.92,85.47,19.78,12.95,18.8,45.69,6.52,8.86,7.34,8.36,10.95,,,12.94,,41.45
2017-10-27 00:00:00,8.19,8.08,12.31,18.69,16.8,46.01,5.98,,19.76,12.86,18.68,45.24,6.38,8.78,7.12,8.38,11.25,,,12.98,,46.46
2017-10-30 00:00:00,8.19,8.16,12.17,18.69,16.76,45.95,5.9,,19.94,12.64,18.36,45.24,6.36,9,7.19,8.32,11.2,,,13.11,,47.43
2017-10-31 00:00:00,8.18,8.25,12.12,14.8,16.63,45.81,5.91,,19.9,12.68,18.61,45.24,6.18,9.04,7.19,8.3,11.24,,,13.16,,47.22
2017-11-01 00:00:00,8.05,8.21,12.18,14.54,16.48,45.75,6,,19.9,12.66,18.44,45.91,6.2,9.07,7.19,8.35,11.23,,,13.21,,47.01
2017-11-02 00:00:00,7.88,8.19,12.18,14.54,16.3,45.79,6.04,,19.94,12.66,18.87,46.36,6.16,9.04,7.19,8.31,11.21,,,13.1,,47.08
2017-11-06 00:00:00,7.92,8.16,12.13,14.56,16.24,45.65,6.01,,20,12.66,19.12,46.36,6.15,8.97,7.19,8.3,11.1,,,12.97,,46.7
2017-11-07 00:00:00,7.87,8.11,12.16,14.17,16.1,45.59,6.02,,19.89,12.68,19.18,46.36,6.15,8.97,7.19,8.27,11.13,,,12.89,,46.52
2017-11-08 00:00:00,7.87,7.92,12.03,14.22,17.2,50.01,6.03,,20.58,12.65,19.17,46.36,6.02,9.15,7.19,8.15,12.09,,,13.23,,30.3
2017-11-09 00:00:00,7.87,7.87,12.04,14.24,17.23,49.88,6.01,,20.49,12.47,19.16,46.81,6.05,9.14,7.19,8.16,12.02,,,13.27,,30.5
2017-11-10 00:00:00,7.8,7.82,12.06,14.1,17.18,49.94,5.97,,20.49,12.52,18.69,46.81,6.11,9.08,5.62,8.12,12.04,,,12.91,,29.93
2017-11-13 00:00:00,7.82,7.75,11.91,14.21,19.68,49.85,5.92,,20.5,12.48,18.55,46.81,6.05,9.11,5.62,8.1,11.94,,,12.56,,29.33
2017-11-14 00:00:00,7.8,7.67,11.72,14.68,19.39,49.7,5.78,,20.51,12.46,18.51,45.24,6.02,8.94,5.62,8.05,11.99,,,12.56,,29.88
2017-11-15 00:00:00,7.92,7.63,11.55,14.71,19.29,49.62,5.76,,20.27,12.42,18.51,45.24,6.03,8.99,5.62,8.06,11.84,,,12.62,,30.41
2017-11-16 00:00:00,7.87,7.67,11.61,14.71,19.2,49.65,5.73,,19.84,12.57,18.54,45.46,6.05,8.97,5.62,8.13,11.88,,,12.52,,30.46
2017-11-17 00:00:00,7.78,7.76,11.69,14.67,19.71,49.67,5.78,,20.1,12.6,18.49,46.36,6.06,9.02,5.62,7.99,11.92,,,12.54,,30.09
2017-11-20 00:00:00,7.7,7.76,11.61,14.45,19.67,49.39,5.74,,20.27,12.61,18.58,46.36,6.1,8.97,5.62,8,11.86,,,12.62,,30.34
2017-11-21 00:00:00,7.64,7.74,11.59,14.41,19.59,49.35,5.73,,20.28,12.48,18.48,46.36,6.09,8.99,5.62,7.96,11.78,,,12.89,,30.56
2017-11-22 00:00:00,7.64,7.68,11.6,14.41,19.67,50.57,5.72,,20.49,12.56,18.38,46.36,6.07,8.9,5.62,7.99,11.8,,,13.03,,30.29
2017-11-23 00:00:00,7.7,7.68,11.61,15.67,20,50.47,5.71,,20.48,12.5,18.39,46.36,6.04,8.92,5.62,8.02,11.77,,,13.03,,30.48
2017-11-24 00:00:00,7.7,7.66,11.58,15.57,19.58,50.29,5.66,,20.51,12.38,18.19,45.46,6.02,8.89,5.62,7.96,11.66,,,12.79,,30.15
2017-11-27 00:00:00,7.54,7.71,11.94,15.68,21.98,48.07,5.71,,20.5,12.21,16.86,45.24,6.39,9.02,5.62,7.85,12.79,,,12.8,,15.53
2017-11-28 00:00:00,7.38,7.67,11.95,15.62,22.05,48.09,5.67,,20.65,12.17,16.99,45.24,6.31,8.93,5.62,7.83,12.98,,,12.8,,15.33
2017-11-29 00:00:00,7.41,7.64,11.98,15.67,21.88,48.29,5.68,,20.62,12.18,17.07,45.24,6.33,8.94,5.59,7.76,12.91,,,12.79,,15.39
2017-11-30 00:00:00,7.6,7.65,11.97,15.66,21.81,48.26,5.72,,20.62,12.2,16.89,45.24,6.34,8.92,5.59,7.88,12.84,,,12.74,,15.39
2017-12-04 00:00:00,7.6,7.63,11.98,15.66,21.59,48.26,5.73,,20.51,12.22,17.08,45.24,6.32,8.93,5.59,7.78,12.82,,,12.64,,15.44
2017-12-05 00:00:00,7.38,7.62,11.98,15.66,21.51,48.18,5.68,,20.51,12.21,16.99,45.24,6.33,8.78,5.59,7.72,12.77,,,12.63,,15.4
2017-12-06 00:00:00,7.67,7.57,12.43,15.63,22.64,51.42,5.72,,17.29,11.96,16.08,38.42,6.54,8.19,5.59,7.79,12.93,,,13.85,,15.33
2017-12-07 00:00:00,7.92,7.59,12.43,15.63,22.71,51.16,5.76,,17.29,11.93,16.46,38.42,6.53,8.1,5.59,7.8,12.9,,,13.91,,15.29
2017-12-08 00:00:00,7.92,7.58,12.42,15.63,22.74,50.95,5.77,,17.28,11.91,16.45,38.42,6.53,8.17,5.59,7.77,12.72,,,13.91,,15.38
2017-12-11 00:00:00,7.92,7.54,12.3,15.62,22.88,51,5.74,,17.17,11.98,16.01,38.42,6.49,8.14,5.59,7.71,12.65,,,13.83,,15.2
2017-12-12 00:00:00,7.6,7.62,12.39,20.26,23.01,51.55,5.58,,14.08,11.86,16,23.66,6.37,8.21,5.59,7.69,12.7,,,12.8,,14.14
2017-12-13 00:00:00,7.65,7.52,12.28,20.26,23,51.75,5.59,,14.1,11.92,15.93,23.66,6.22,8.22,5.59,7.75,12.57,,,12.9,,14.26
2017-12-14 00:00:00,7.65,7.54,12.23,20.27,22.88,51.58,5.57,,14.11,11.99,15.95,23.66,6.23,8.25,5.59,7.76,12.49,,,12.9,,14.49
2017-12-15 00:00:00,7.74,7.54,12.23,20.27,22.75,51.58,5.57,,14.11,11.97,16.15,23.66,6.21,8.22,5.59,7.77,12.5,,,12.86,,14.26
2017-12-18 00:00:00,7.62,7.54,12.2,20.32,22.66,51.51,5.54,,14.15,11.98,16.18,23.66,6.21,8.23,5.59,7.79,12.52,,,12.8,,14.21
2017-12-19 00:00:00,7.62,7.45,12.17,20.25,22.55,51.37,5.53,,13.9,11.99,15.96,23.66,6.32,8.23,5.59,7.74,12.55,,,12.78,,14.21
2017-12-20 00:00:00,7.58,7.43,12.16,20.25,22.51,51.39,5.52,,13.91,11.97,15.99,23.66,6.43,8.2,5.59,7.72,12.31,,,12.77,,14.29
2017-12-21 00:00:00,7.43,7.42,12.15,20.25,22.45,51.4,5.52,,14.07,11.99,15.96,23.66,6.51,8.17,5.59,7.84,12.38,,,12.71,,14.21
2017-12-22 00:00:00,7.39,7.43,12.06,20.25,22.47,51.53,5.52,,14.07,11.97,15.9,23.66,6.68,8.2,5.59,7.79,12.35,,,12.78,,14.22
2017-12-26 00:00:00,7.39,7.47,12.13,20.25,22.66,51.58,5.52,,14.07,12,15.73,23.66,6.68,8.31,5.59,7.91,12.9,,,12.88,,14.3
2017-12-27 00:00:00,7.92,7.45,12.13,20.25,23.23,51.58,5.56,,14.08,12.01,15.99,23.66,6.67,8.32,5.59,8.02,12.91,,,12.8,,14.09
2017-12-28 00:00:00,7.88,7.44,12.12,20.24,23.19,51.74,5.57,,14.1,12.01,15.7,23.66,6.69,8.41,5.59,7.98,12.94,,,12.93,,14.26
2017-12-29 00:00:00,7.81,7.45,12.15,20.24,22.41,51.76,5.55,,14.08,12.02,15.99,23.66,6.69,8.43,5.59,8.05,13.09,,,12.87,,14.13
2018-01-02 00:00:00,7.9,7.57,11.13,20.35,24.86,51.81,5.56,,14.08,11.94,16.27,23.66,6.65,8.48,5.59,7.84,13.07,,,13.12,,14.04
2018-01-03 00:00:00,8.31,7.62,11.3,20.35,25.01,51.94,5.7,,14,12.01,16.15,23.66,6.69,8.51,5.59,7.88,12.82,,,13.15,,14.21
2018-01-04 00:00:00,8.43,7.62,11.32,20.37,24.95,51.98,5.68,,14.04,11.98,16.32,23.54,6.68,8.48,5.59,7.78,12.84,,,13.09,,14.22
2018-01-05 00:00:00,8.34,7.69,11.5,20.38,25.07,53.51,5.7,,14.05,12.05,16.44,23.54,6.67,8.51,5.59,7.96,12.8,,,13.43,,14.22
2018-01-08 00:00:00,8.34,7.7,11.65,20.38,25.11,53.48,5.72,,13.98,12.12,16.49,23.54,6.7,8.58,5.59,7.97,12.87,,,13.35,,14.14
2018-01-09 00:00:00,7.95,7.71,11.62,20.38,25.04,53.34,5.74,,13.97,12.13,16.33,23.42,6.69,8.52,5.59,7.93,12.9,,,13.15,,20.69
2018-01-10 00:00:00,7.97,7.68,11.59,20.34,25.13,53.3,5.7,,13.96,12.02,16.37,23.07,6.68,8.5,5.59,7.92,12.84,,,13.21,,20.63
2018-01-11 00:00:00,7.95,7.72,11.54,20.34,25.06,53.35,5.71,,13.95,12,16.23,23.07,6.67,8.44,5.59,7.87,12.8,,,13.11,,20.63
2018-01-12 00:00:00,8.08,7.69,11.36,20.34,25.09,52.96,5.69,,13.91,12.01,16.27,23.19,6.71,8.4,5.59,7.89,12.8,,,13.23,,20.5
2018-01-16 00:00:00,7.87,7.61,11.38,20.34,25.07,52.76,5.7,,13.91,11.96,16.24,23.19,6.7,8.37,5.59,7.77,12.85,,,13.08,,20.4
2018-01-17 00:00:00,7.62,7.6,11.37,20.34,25.15,52.68,5.68,,13.92,11.99,16.07,23.19,6.72,8.37,5.59,7.65,12.67,,,13,,20.25
2018-01-18 00:00:00,8.09,7.53,11.26,18.33,25.09,52.85,5.65,,13.91,11.96,16.12,23.19,6.72,8.3,5.59,7.66,12.64,,,12.87,,20.2
2018-01-19 00:00:00,8.09,7.55,11.49,18.2,25.11,52.97,5.69,,13.91,11.97,16.26,23.19,6.72,8.37,5.59,7.58,12.67,,,12.91,,20.2
2018-01-22 00:00:00,8.09,7.51,11.41,18.2,24.95,52.92,5.61,,13.91,11.97,16.15,23.07,6.74,8.39,5.59,7.51,12.66,,,12.91,,20.47
2018-01-23 00:00:00,7.83,7.54,11.47,20.1,24.84,52.87,5.6,,13.88,11.91,16.2,23.07,6.67,8.44,5.59,7.55,12.68,,,12.83,,20.2
2018-01-24 00:00:00,6.32,7.57,11.45,20.1,24.74,53.63,5.61,,13.88,12.11,16.34,23.07,6.67,8.4,5.59,7.57,12.8,,,12.85,,20.19
2018-01-25 00:00:00,6.32,7.57,11.46,20.1,24.75,53.5,5.64,,14.09,12.1,16.33,23.07,6.68,8.34,5.59,7.61,12.86,,,13,,20.4
2018-01-26 00:00:00,6.45,7.57,11.46,20.1,24.79,53.58,5.64,,14.2,12.09,16.41,23.07,6.64,8.37,5.59,7.63,12.79,,,13.24,,20.37
2018-01-29 00:00:00,6.59,7.57,11.38,19.68,24.8,53.56,5.65,,13.96,12.17,16.48,23.19,6.64,8.34,5.17,7.62,13.24,,,13.07,,17.9
2018-01-30 00:00:00,6.87,7.57,11.49,19.68,24.67,53.64,5.68,,13.97,12.13,16.62,23.07,6.76,8.31,5.17,7.78,13.14,,,13.22,,17.86
2018-02-01 00:00:00,6.87,7.56,11.68,19.68,24.79,53.74,5.73,,13.97,12.21,16.51,23.07,6.87,8.27,5.17,7.83,13.24,,,13.25,,17.85
2018-02-02 00:00:00,6.81,7.62,11.55,19.62,24.68,53.67,5.72,,14.46,12.32,16.33,23.07,7.22,8.29,5.17,7.85,13.24,,,13.2,,17.91
2018-02-06 00:00:00,6.49,7.58,11.48,19.63,24.65,53.77,5.75,,14.48,12.35,15.98,23.42,7.14,8.24,5.17,7.99,13.17,,,13.34,,17.8
2018-02-07 00:00:00,6.49,7.53,11.57,19.63,27.14,56.9,5.74,,14.41,12.37,15.92,23.42,7.18,8.38,5.17,8,14.38,,,13.34,,17.96
2018-02-08 00:00:00,6.46,7.56,11.67,19.76,27.05,56.97,5.81,,14.41,12.47,16.13,23.19,7.27,8.33,5.17,7.96,14.45,,,13.24,,17.66
2018-02-09 00:00:00,6.59,7.51,11.8,19.76,27.12,57.07,5.82,,14.68,12.59,16.15,23.31,7.25,8.33,5.17,8,14.45,,,13.31,,17.88
2018-02-12 00:00:00,6.59,7.47,11.71,19.76,26.87,56.95,5.77,,14.25,12.58,16.17,23.31,7.25,8.31,5.17,8.03,14.32,,,13.28,,17.68
2018-02-14 00:00:00,6.71,7.41,11.77,19.83,26.76,57,5.76,,14.24,12.53,16.12,23.31,7.3,8.25,5.17,8.03,14.37,,,13.36,,17.65
2018-02-15 00:00:00,6.52,7.45,11.75,19.84,26.83,57.03,5.78,,14.56,12.52,16.19,23.31,7.76,8.25,5.17,8.05,14.5,,,13.36,,17.53
2018-02-16 00:00:00,6.64,7.46,11.83,19.95,26.98,57.14,5.8,,14.56,12.52,16.03,23.31,7.91,8.24,5.17,8.05,14.38,,,13.24,,17.95
2018-02-19 00:00:00,6.64,7.51,11.83,19.95,27.15,56.91,5.77,,14.56,12.6,16.29,23.31,7.89,8.19,5.17,8.02,14.32,,,13.13,,18.13
2018-02-20 00:00:00,6.45,7.55,11.92,19.97,26.88,56.84,5.77,,14.56,12.62,16.19,23.31,7.92,8.09,5.17,7.97,14.32,,,13.2,,18.01
2018-02-21 00:00:00,6.45,7.62,11.95,19.97,26.58,57.11,5.76,,14.53,12.64,16.33,23.31,7.91,8.06,5.17,8.11,14.33,,,13.28,,18.04
2018-02-22 00:00:00,6.32,7.62,11.9,19.97,26.48,56.97,5.78,,14.53,12.51,16.4,23.31,7.84,8.03,5.17,8,14.34,,,13.2,,18.08
2018-02-23 00:00:00,6.64,7.61,11.93,19.97,26.44,56.94,5.77,,14.62,12.53,16.37,23.07,7.8,8.01,5.17,7.97,14.49,,,13.26,,18
2018-02-26 00:00:00,6.44,7.59,11.87,19.95,26.4,56.81,5.76,,14.69,13.13,16.15,23.07,7.73,8.03,5.17,7.91,14.38,,,13.25,,17.89
2018-02-27 00:00:00,6.45,7.61,11.88,19.94,26.49,57.07,5.88,,14.68,13.04,16.07,23.07,7.75,8,5.17,8.01,14.47,,,13.32,,17.84
2018-02-28 00:00:00,6.35,7.57,11.96,20.02,26.35,57.23,5.86,,14.71,13.01,16.12,22.49,7.72,7.92,5.17,8.11,14.41,,,13.13,,17.75
2018-03-02 00:00:00,6.51,7.55,12.06,20.05,26.26,56.95,5.86,,14.37,13.01,16.09,23.07,7.76,7.9,5.17,8.18,14.45,,,13.26,,17.97
2018-03-05 00:00:00,6.48,7.56,12.08,20.07,26.65,57.04,5.86,,14.32,12.92,15.95,23.07,7.8,7.95,5.18,8.14,14.77,,,13.26,,18
2018-03-06 00:00:00,6.62,7.54,12.02,20.07,26.27,57.04,5.83,,14.32,12.91,15.76,23.07,7.73,7.93,5.18,8.16,14.66,,,13.26,,17.91
2018-03-07 00:00:00,6.49,7.46,11.93,19.97,25.93,57.08,5.78,,14.39,12.86,15.58,23.07,7.76,7.93,5.18,8.13,14.65,,,13.29,,17.78
2018-03-08 00:00:00,6.46,7.69,12.04,19.97,26.22,57.17,5.84,,14.24,12.86,15.66,22.72,7.51,7.95,5.18,8.21,14.4,,,13.4,,17.67
2018-03-09 00:00:00,6.59,7.69,12.12,18.8,26.35,57.27,5.84,,14.25,12.91,15.67,22.72,7.87,7.99,5.18,8.31,14.64,,,13.4,,18.13
2018-03-12 00:00:00,6.82,7.65,12.07,18.8,26.24,57.53,5.81,,14.47,12.92,15.9,22.72,7.9,7.99,5.18,8.31,14.51,,,13.32,,18.37
2018-03-13 00:00:00,6.92,7.65,12.05,18.8,26.3,58.04,5.82,,14.44,12.89,15.91,22.72,7.87,8,5.18,8.33,14.65,,,13.46,,18.12
2018-03-14 00:00:00,7.02,7.65,12.06,18.81,26.05,58.07,5.8,,14.31,12.74,15.65,23.07,7.68,7.92,5.18,8.34,14.6,,,13.35,,18.17
2018-03-15 00:00:00,7.02,7.66,12.05,18.81,26.1,57.98,5.8,,14.31,12.68,15.65,22.72,7.72,7.83,5.18,8.38,14.51,,,13.07,,17.76
2018-03-16 00:00:00,7.02,7.68,12.09,18.78,26.13,58.11,5.8,,14.52,12.68,15.61,22.49,7.73,7.85,5.18,8.28,14.58,,,13.1,,17.77
2018-03-19 00:00:00,6.88,7.66,12.02,18.79,25.89,57.96,5.8,,14.58,12.67,15.74,22.49,7.7,7.73,5.18,8.25,14.54,,,13.11,,17.68
2018-03-20 00:00:00,6.68,7.64,11.85,18.79,25.69,57.74,5.76,,14.6,12.62,15.56,23.07,7.85,7.69,5.18,8.23,14.49,,,13.02,,17.73
2018-03-21 00:00:00,6.62,7.62,11.78,18.75,25.96,57.55,5.72,,14.81,12.62,15.4,22.49,7.87,7.62,5.02,8.14,14.36,,,13.02,,17.81
2018-03-22 00:00:00,6.62,7.6,11.77,18.79,25.49,57.7,5.69,,14.95,12.7,15.32,22.49,7.77,7.62,6.7,8.11,14.4,,,12.95,,17.47
2018-03-23 00:00:00,6.74,7.61,11.71,18.79,25.67,57.62,5.66,,15.47,12.67,15.33,23.31,7.71,7.55,6.1,8.16,14.49,,,12.92,,17.55
2018-03-26 00:00:00,6.66,7.62,11.74,18.76,25.22,57.63,5.61,,15.77,12.66,15.36,23.31,7.8,7.58,6.1,8.11,14.39,,,12.97,,17.66
2018-03-27 00:00:00,6.56,7.66,11.95,26.41,28.16,64.74,5.44,,15.18,12.55,13.82,23.31,7.85,7.47,6.1,8.12,14.67,,,12.9,,17.31
2018-03-28 00:00:00,6.72,7.66,12.09,26.49,27.93,64.37,5.52,,14.25,12.75,14.38,22.84,7.66,7.44,6.1,8.12,15.11,,,13.12,,17.48
2018-03-29 00:00:00,7.05,7.69,12.35,25.75,28.35,72.14,5.5,,14.28,13.7,14.68,22.72,7.87,7.56,6.1,8.38,15.25,,,13.18,,15.22
2018-04-02 00:00:00,7.05,7.68,12.41,25.75,28.94,72.25,5.48,,14.09,14.2,14,22.72,7.85,7.63,6.1,8.04,15.07,,,13.04,,15.22
2018-04-03 00:00:00,7.05,7.66,12.4,26.96,28.94,72.97,5.49,,14.06,14.23,14.03,22.72,7.91,7.57,6.1,8.23,15.04,,,13.09,,15.33
2018-04-04 00:00:00,7.05,7.7,12.48,27.09,28.74,74.35,5.54,,14.06,14.49,14.24,22.49,7.95,7.53,6.1,5.97,15.03,,,13.37,,14.08
2018-04-05 00:00:00,6.54,7.72,12.52,27.09,28.63,73.28,5.62,,14.07,14.56,14.21,20.01,8.14,7.86,6.1,5.93,15.05,,,13.33,,12.59
2018-04-06 00:00:00,6.91,7.72,12.48,27.03,28.81,78.57,5.64,,14.06,16.09,13.95,20.01,7.83,7.7,6.1,5.95,15.24,,,13.23,,12.54
2018-04-09 00:00:00,6.45,7.71,12.45,26.97,28.97,78.51,5.61,,14.06,15.94,14.03,20.01,7.87,7.76,6.1,5.9,15.18,,,13.25,,12.49
2018-04-10 00:00:00,6.45,7.74,12.43,26.97,29.09,78.36,5.69,,14.05,15.95,13.98,14.37,7.85,7.78,6.1,5.89,15.06,,,13.25,,12.49
2018-04-11 00:00:00,6.66,7.79,12.4,26.97,29.66,78.63,5.64,,14.08,15.94,13.96,14.37,7.87,7.75,6.1,5.91,14.96,,,13.5,,12.49
2018-04-12 00:00:00,6.66,7.62,12.45,26.97,29.64,77.82,5.72,,14.08,16,14,14.37,4.59,7.75,6.1,4.96,15.01,,,11.72,,12.47
2018-04-16 00:00:00,6.66,7.34,12.48,28,29.77,77.94,5.68,,14.1,16.01,13.93,14.37,4.09,7.82,6.1,5.04,14.99,,,11.09,,12.4
2018-04-17 00:00:00,6.59,7.38,12.51,28,29.79,77.97,5.67,,14.33,16.29,14.09,14.37,3.82,7.82,6.1,5.06,14.88,,,11.28,,12.41
2018-04-18 00:00:00,6.59,7.39,12.54,27.98,29.79,77.92,5.67,,14.46,16.32,13.91,14.37,3.87,7.8,6.1,5.05,15.03,,,11.24,,12.47
2018-04-19 00:00:00,6.54,7.39,12.55,27.99,29.75,78,5.64,,14.47,16.19,13.87,14.37,3.85,7.73,6.1,5.05,15.01,,,11.06,,12.55
2018-04-20 00:00:00,6.54,7.41,12.56,27.99,29.82,78.11,5.67,,14.53,16.19,13.9,14.37,3.87,7.67,6.1,5.1,15.03,,,11.12,,12.58
2018-04-23 00:00:00,6.54,7.4,12.57,24.58,29.44,78,5.66,,14.43,16.11,14.06,14.37,3.82,7.64,6.1,5.08,14.99,,,11.16,,12.59
2018-04-24 00:00:00,6.48,7.4,12.58,24.81,29.52,77.94,5.65,,14.43,16.02,13.95,14.37,3.81,7.63,6.1,5.09,14.95,,,11.24,,12.33
2018-04-25 00:00:00,6.66,7.36,12.67,25.25,29.47,77.85,5.68,,14.56,16.14,13.82,14.37,3.8,7.6,6.1,5.08,14.96,,,11.29,,12.44
2018-04-26 00:00:00,6.66,7.36,12.67,25.22,29.38,77.8,5.63,,14.57,16.08,13.98,14.37,3.78,7.53,6.1,5.1,14.96,,,11.36,,12.53
2018-04-27 00:00:00,6.66,7.37,12.43,25.22,29.43,77.29,5.65,,14.59,16.2,13.91,14.59,3.78,7.57,6.14,5.1,15.09,,,11.29,,12.41
2018-05-01 00:00:00,6.84,7.34,12.59,25.21,29.29,77.37,5.63,,14.59,16.23,13.93,14.59,3.79,7.6,6.14,5.09,15.12,,,11.45,,12.44
2018-05-02 00:00:00,6.59,7.32,12.62,25.21,29.03,86.96,5.51,,14.69,18.23,15.45,14.59,3.77,7.58,6.14,4.98,15.09,,,11.33,,12.4
2018-05-03 00:00:00,6.09,7.34,12.62,25.17,28.96,86.78,5.5,,14.7,18.3,15.45,14.59,3.79,7.57,6.14,5,14.81,,,11.34,,12.42
2018-05-04 00:00:00,6.22,7.35,12.59,25.31,28.72,86.44,5.49,,14.7,18.21,15.15,14.59,3.78,7.56,6.14,4.97,14.8,,,11.37,,12.46
2018-05-08 00:00:00,6.22,7.34,12.56,25.27,28.38,86.29,5.5,,14.56,18.07,15.19,14.37,3.8,7.53,6.14,4.95,14.6,,,11.33,,12.42
2018-05-09 00:00:00,6.22,7.35,12.48,25.29,28.63,86.24,5.56,,14.59,18.03,15.54,14.22,3.79,7.55,6.14,4.9,14.65,,,11.29,,12.54
2018-05-10 00:00:00,6.31,7.33,12.47,25.4,28.7,86.21,5.61,,14.59,17.94,15.38,14.37,3.79,7.51,6.14,5.03,14.73,,,11.27,,12.52
2018-05-11 00:00:00,6.22,7.32,12.48,25.4,28.71,86.17,5.53,,14.6,18.01,15.55,14.29,3.8,7.57,6.14,5.04,14.86,,,11.16,,12.62
2018-05-14 00:00:00,6.16,7.31,12.34,25.4,28.72,85.97,5.5,,14.45,17.97,15.22,14.29,3.79,7.53,6.14,5.07,14.73,,,11.05,,12.7
2018-05-15 00:00:00,6.16,7.31,12.39,25.4,28.73,85.86,5.54,,14.46,18.02,15.45,14.22,3.85,7.5,6.14,5.03,14.76,,,10.98,,12.5
2018-05-16 00:00:00,6.16,7.33,12.37,25.4,29.18,85.81,5.58,,14.51,18.17,15.45,14.22,3.93,7.45,6.14,5.04,14.93,,,11.05,,12.61
2018-05-17 00:00:00,6.16,7.32,12.31,25.4,29,85.71,5.58,,14.51,18.19,15.24,14.22,3.9,7.46,6.14,5.06,14.89,,,11.03,,12.66
2018-05-18 00:00:00,6.18,7.33,12.47,26.27,28.85,85.67,5.57,,14.56,18.2,15.42,14.22,3.98,7.47,6.19,5.06,14.66,,,10.97,,12.73
2018-05-21 00:00:00,6.15,7.35,12.41,26.08,28.64,85.69,5.46,,14.6,18.08,15.33,14.22,4.03,7.37,6.19,5.05,14.73,,,10.94,,12.51
2018-05-22 00:00:00,5.99,7.32,12.37,26.05,28.34,85.73,5.45,,14.83,18.09,15.28,14.22,4.15,7.33,6.19,5.04,14.73,,,11.21,,12.45
2018-05-23 00:00:00,5.88,7.32,12.34,23.9,28.13,85.84,5.45,,14.82,18.11,15.32,14.22,4.07,7.3,6.19,5.03,14.72,,,11.21,,12.47
2018-05-24 00:00:00,5.88,7.34,12.32,26.29,28.06,85.93,5.43,,14.79,18.14,15.28,14.14,4.09,7.25,6.19,5.03,14.77,,,11.27,,12.52
2018-05-25 00:00:00,5.88,7.36,12.26,26.25,28.34,85.59,5.44,,14.64,18.16,15.08,14.14,4.09,7.26,6.19,5.03,14.83,,,11.27,,12.44
2018-05-28 00:00:00,5.86,7.34,12.24,26.52,28.68,85.19,5.42,,14.67,18.16,15.35,14.07,4.07,7.24,6.19,5.02,14.81,,,11.11,,12.36
2018-05-30 00:00:00,5.86,7.31,12.03,26.52,28.35,85.11,5.39,,14.59,18.15,15.41,14.07,4.04,7.15,6.19,5,14.76,,,11.14,,12.32
2018-05-31 00:00:00,5.8,7.27,11.87,26.51,27.34,84.95,5.4,,14.58,18.19,15.42,13.84,3.98,7.08,6.19,5.01,14.81,,,11.14,,12.2
2018-06-01 00:00:00,5.6,7.29,12.03,26.51,27.51,84.86,5.41,,14.6,18.06,15.3,13.84,4.03,6.92,6.19,5.02,14.87,,,11.08,,12.28
2018-06-04 00:00:00,5.73,7.3,11.99,26.51,27.48,84.69,5.39,,14.58,18.16,15.27,13.84,3.95,6.93,6.19,5.06,14.75,,,10.91,,12.23
2018-06-05 00:00:00,5.66,7.31,12.09,24.07,27.4,84.99,5.35,,14.58,18.23,15.35,13.84,3.97,6.81,6.19,4.91,14.79,,,11.13,,12.04
2018-06-06 00:00:00,5.62,7.3,11.99,24.07,27.44,84.9,5.33,,14.58,18.21,15.5,13.84,3.98,6.9,6.19,4.94,14.85,,,11.13,,12.1
2018-06-07 00:00:00,5.73,7.31,11.9,24.05,27.3,84.71,5.26,,14.59,18.14,15.33,13.77,3.99,6.6,6.19,4.93,14.78,,,10.97,,12.01
2018-06-08 00:00:00,5.72,7.26,11.81,24.05,27.16,84.68,5.28,,14.69,18.19,15.36,13.84,3.97,6.55,6.19,4.91,14.82,,,10.94,,12.01
2018-06-11 00:00:00,5.62,7.26,11.81,24.05,26.93,84.62,5.29,,14.68,18.16,15.28,13.77,3.98,6.61,6.19,4.92,14.67,,,11,,12.11
2018-06-12 00:00:00,5.62,7.25,11.79,24.05,26.96,84.75,5.24,,14.68,18.26,15.04,13.77,3.99,6.6,6.19,4.86,14.79,,,10.87,,11.97
2018-06-13 00:00:00,5.75,7.24,11.78,24.05,26.8,84.76,5.21,,14.68,18.25,14.94,13.77,3.98,6.58,6.19,4.83,14.82,,,10.86,,12.02
2018-06-14 00:00:00,5.73,7.23,11.74,24.05,26.87,84.64,5.19,,14.68,18.28,15.25,13.77,3.99,6.54,6.19,4.83,14.77,,,10.75,,11.92
2018-06-18 00:00:00,5.6,7.2,11.66,27.77,26.66,84.73,5.15,,14.68,18.25,15.06,13.77,3.96,6.47,6.19,4.76,14.79,,,10.86,,11.86
2018-06-19 00:00:00,5.59,7.1,11.47,27.78,26.6,84.42,5.13,,14.69,18.15,15.04,13.69,3.95,6.47,6.19,4.84,14.5,,,10.96,,11.57
2018-06-20 00:00:00,5.59,7,11.42,27.78,26.8,83.98,5.06,,14.67,17.97,15.26,13.62,3.93,6.42,6.19,4.81,14.53,,,10.95,,11.77
2018-06-21 00:00:00,5.53,7,11.4,27.78,26.77,84.15,5.07,,14.66,18.1,15.11,13.62,3.92,6.42,6.19,4.81,14.23,,,11.06,,11.68
2018-06-22 00:00:00,5.59,7.01,11.4,27.78,26.85,84.25,5.05,,14.5,18.06,15.18,13.69,3.92,6.38,6.19,4.85,14.35,,,11.06,,11.67
2018-06-25 00:00:00,5.6,6.99,11.39,27.78,27.01,84.18,5.07,,14.5,18.05,14.99,14.37,3.93,6.35,6.19,4.82,14.17,,,11.06,,11.72
2018-06-26 00:00:00,5.59,6.95,11.29,27.78,26.71,84.14,5.03,,14.66,18,15.11,13.62,3.89,6.33,6.19,4.79,14.19,,,10.87,,11.68
2018-06-28 00:00:00,5.59,6.92,11.35,27.94,26.85,84.19,4.99,,14.29,18.01,15.13,13.62,3.89,6.31,6.19,4.76,14.24,,,10.87,,11.67
2018-06-29 00:00:00,5.59,6.93,11.36,22.99,26.9,84.25,5.01,,14.48,18.07,15.22,13.99,3.91,6.34,6.19,4.77,14.02,,,10.89,,11.67
2018-07-02 00:00:00,5.59,6.85,11.18,23.41,26.83,83.82,4.93,,14.47,17.91,14.85,13.99,3.87,6.3,6.19,4.75,13.92,,,10.78,,11.45
2018-07-03 00:00:00,5.56,6.82,10.9,23.93,26.86,83.63,4.87,,14.49,17.85,14.79,13.99,3.85,6.28,6.19,4.75,13.8,,,10.67,,11.44
2018-07-04 00:00:00,5.56,6.77,10.8,23.93,26.65,83.43,4.78,,14.52,17.81,14.63,13.99,3.84,6.27,6.19,4.7,13.74,,,10.57,,11.41
2018-07-05 00:00:00,5.59,6.77,10.97,23.86,27,83.72,4.91,,14.53,18.1,14.9,14.22,3.85,6.36,6.19,4.79,13.85,,,10.79,,11.55
2018-07-06 00:00:00,5.63,6.82,11.02,23.99,26.93,83.51,4.93,,14.53,18.25,15.01,17.02,3.87,6.38,6.19,4.7,13.77,,,10.74,,11.41
2018-07-09 00:00:00,5.63,6.8,11.01,23.99,26.96,83.51,4.87,,14.52,18.07,14.82,16.31,3.78,6.36,6.19,4.69,13.7,,,10.81,,11.4
2018-07-10 00:00:00,5.83,6.83,10.99,24.04,26.85,83.43,4.79,,14.53,18.24,14.74,16.31,3.77,6.37,6.19,4.67,14.59,,,10.75,,11.43
2018-07-11 00:00:00,5.79,6.77,11.14,24.04,21.29,79.56,4.83,,14.53,18.14,14.8,16.31,2.99,6.38,6.19,4.67,14.88,,,10.81,,11.45
2018-07-12 00:00:00,5.66,6.85,11.23,24.04,21.76,78.9,4.88,,14.53,18.01,15.02,16.31,2.8,6.4,6.19,4.65,14.75,,,9.88,,11.55
2018-07-13 00:00:00,5.86,6.8,11.27,24.05,21.84,78.67,4.93,,14.68,18.04,14.87,16.31,2.62,6.42,6.19,4.67,14.7,,,9.87,,11.51
2018-07-16 00:00:00,5.82,6.77,11.38,24.11,21.84,78.25,4.88,,14.36,18.04,14.89,16.31,2.63,6.41,6.19,4.66,14.92,,,9.81,,11.88
2018-07-17 00:00:00,5.8,6.82,11.54,23.66,21.67,78.69,4.96,,14.63,18.01,15.16,16.31,2.67,6.48,6.19,4.68,15.02,,,10.04,,11.86
2018-07-18 00:00:00,5.82,6.81,11.61,23.66,22.09,78.39,4.94,,14.5,18.01,15.27,16.67,2.66,6.45,6.19,4.69,14.97,,,9.94,,11.96
2018-07-19 00:00:00,5.8,6.87,11.71,23.02,22.12,78.15,4.93,,14.5,18.12,15.22,16.67,2.62,6.47,6.19,4.68,14.88,,,10.03,,11.69
2018-07-20 00:00:00,5.79,6.89,11.69,23.54,22.39,78.25,4.95,,14.49,18.15,15.04,17.2,2.67,6.53,6.19,4.66,14.79,,,10.02,,11.62
2018-07-23 00:00:00,5.65,6.91,11.63,23.6,22.21,78.32,4.93,,14.66,18.03,15.13,17.2,2.7,6.53,6.19,4.74,15.06,,,10.02,,11.8
2018-07-24 00:00:00,5.6,6.9,11.56,23.52,22.04,78.24,4.89,,14.66,18.14,15.17,16.76,2.72,6.56,6.19,4.74,15.06,,,9.98,,11.77
2018-07-25 00:00:00,5.6,6.86,11.48,23.52,21.74,78.02,4.9,,14.66,18.09,15.12,16.85,2.76,6.64,6.19,4.72,14.67,,,9.93,,11.81
2018-07-26 00:00:00,5.6,6.83,10.04,23.2,21.7,77.82,4.92,,14.9,17.56,15.11,16.67,2.77,7.06,6.19,4.83,13.83,,,9.95,,12.03
2018-07-30 00:00:00,5.65,6.79,10.04,23.2,22.65,77.3,4.87,,14.9,16.88,16.76,16.4,2.76,6.92,4.06,4.84,14,,,9.96,,11.73
2018-07-31 00:00:00,5.33,6.76,10.09,23.28,22.72,76.95,4.92,,14.91,17.08,16.59,14.06,2.8,7.88,4.06,4.8,14.21,,,9.98,,11.89
2018-08-01 00:00:00,5.33,6.72,10,21.12,24.67,62.3,5.23,,15.15,16.45,16.36,14.06,2.81,7.44,4.06,5.25,14.04,,,9.93,,11.78
2018-08-02 00:00:00,5.31,6.71,10.25,,24.54,58,5.1,,15.45,16.54,16.63,14.44,2.81,7.11,4.06,5.25,14.37,,,10,,11.91
2018-08-03 00:00:00,5.31,6.57,9.86,,25.49,57.85,5.1,,15.29,16.76,16.67,14.44,2.77,7.1,4.06,5.08,14.47,,,10.3,,11.89
2018-08-06 00:00:00,5.38,6.51,9.83,,25.53,57.61,5.16,,15.29,16.9,16.49,13.98,2.77,7.23,4.06,5.13,14.55,,,10.1,,11.69
2018-08-07 00:00:00,5.38,6.47,9.75,,25.5,57.67,5.12,,15.44,16.78,16.5,13.98,2.76,7.23,4.06,5.14,14.54,,,10.13,,11.57
2018-08-08 00:00:00,5.31,6.44,9.9,,25.27,57.1,5.09,,15.44,16.79,16.32,13.98,2.91,7.21,4.06,5.11,14.02,,,10.05,,11.54
2018-08-09 00:00:00,5.31,6.45,9.99,,25.72,57.33,5.13,,15.22,16.94,16.24,13.98,2.93,7.21,4.06,5.12,13.96,,,10.18,,11.55
2018-08-10 00:00:00,5.24,6.44,9.98,,25.55,57.17,5.12,,15.22,16.93,16.28,14.29,2.94,7.03,4.06,5.06,13.88,,,10.11,,11.6
2018-08-13 00:00:00,5.24,6.42,9.86,,25.34,57.04,5.11,,15.21,17.02,16.33,14.06,2.96,6.96,4.06,5.07,13.8,,,10.04,,11.52
2018-08-14 00:00:00,5.24,6.38,9.77,,25.32,57,5.06,,15.22,17.08,16.07,14.06,2.98,6.88,4.06,5.05,13.67,,,10.07,,11.52
2018-08-15 00:00:00,5.17,6.37,9.71,,25.12,57.03,4.98,,15.22,16.99,16.19,13.83,2.99,6.91,4.06,5.04,13.53,,,10.06,,11.4
2018-08-16 00:00:00,5.17,6.36,9.61,,25.23,56.97,5.02,,15.21,17.15,15.95,13.98,2.93,6.88,4.06,5.05,13.52,,,9.97,,11.49
2018-08-17 00:00:00,5.1,6.34,9.59,,24.62,56.49,5.02,,15.33,16.95,15.92,13.98,2.91,6.84,4.06,5.05,13.54,,,9.97,,11.23
2018-08-20 00:00:00,5.17,6.33,9.57,,24.42,56.41,5.01,,15.33,17.04,15.88,13.83,2.9,6.75,4.06,5.05,13.73,,,9.77,,11
2018-08-21 00:00:00,5.1,6.31,9.56,,18.25,59.46,4.95,,15.33,15.92,15.7,13.52,2.89,6.79,4.06,5.04,13.58,,,9.72,,11.29
2018-08-23 00:00:00,5.03,6.29,9.62,,18.26,59.66,5.01,,15.56,15.94,15.81,13.6,2.9,6.75,4.06,5.01,13.58,,,9.72,,11.18
2018-08-24 00:00:00,5.02,6.29,9.57,,18.25,59.69,4.99,,15.56,15.98,15.78,13.44,2.95,6.73,4.06,5.11,13.51,,,9.5,,11.31
2018-08-27 00:00:00,5.02,6.3,9.58,,18.04,59.49,4.98,,15.55,15.98,15.64,13.44,2.94,6.71,4.06,5.01,13.54,,,9.4,,11.18
2018-08-28 00:00:00,4.98,6.28,9.53,,17.96,59.55,4.99,,15.55,15.82,15.57,13.6,2.94,6.59,4.06,5.02,13.33,,,9.19,,11.26
2018-08-29 00:00:00,4.92,6.35,9.69,,18.23,59.46,5.04,,15.57,15.85,15.69,13.52,2.95,6.54,4.06,5.04,13.63,,,9.13,,11.28
2018-08-30 00:00:00,5.25,6.4,9.67,,18.49,59.73,5.15,,15.56,15.87,15.71,13.9,3.01,6.64,4.06,5.08,13.7,,,9.1,,11.41
2018-08-31 00:00:00,5.44,6.42,9.69,,18.56,60.25,5.19,,15.56,15.93,16,14.29,2.95,6.64,4.06,5.03,13.63,,,8.74,,11.5
2018-09-03 00:00:00,5.44,6.42,9.72,,18.59,60.59,5.22,,15.57,15.93,15.78,14.29,2.95,6.63,4.06,5.05,13.52,,,8.86,,11.48
2018-09-04 00:00:00,5.44,6.41,9.66,,18.57,60.82,5.2,,15.57,16.03,15.76,14.29,3.33,6.64,4.06,5.07,13.68,,,8.88,,11.19
2018-09-05 00:00:00,5.44,6.41,9.68,,18.79,60.76,5.21,,15.56,15.94,15.72,14.29,3.28,6.64,4.06,5.03,13.89,,,8.94,,11.42
2018-09-06 00:00:00,5.44,6.39,9.71,,18.75,60.65,5.28,,15.66,15.84,15.62,14.29,3.26,6.52,4.06,5.04,13.95,,,8.87,,11.4
2018-09-07 00:00:00,5.44,6.38,9.87,,18.86,60.8,5.3,,15.66,15.76,15.95,14.29,3.3,6.56,4.06,5.05,14.07,,,9,,11.36
2018-09-10 00:00:00,5.44,6.34,9.82,,19.18,60.69,5.32,,15.65,15.67,15.65,14.13,3.31,6.55,4.06,5.06,14.08,,,8.92,,11.37
2018-09-11 00:00:00,5.24,6.36,9.81,,19.15,60.72,5.27,,15.66,15.7,15.65,13.98,3.35,6.45,4.06,5.05,14.08,,,8.88,,11.37
2018-09-12 00:00:00,5.24,6.36,9.76,,18.74,60.53,5.23,,15.65,15.58,15.41,13.98,3.42,6.4,4.06,5.05,13.91,,,8.92,,11.31
2018-09-13 00:00:00,5.24,6.34,9.73,,18.89,60.38,5.28,,15.72,15.57,15.6,13.98,3.4,6.42,4.06,5.1,14.02,,,8.99,,11.47
2018-09-14 00:00:00,5.2,6.3,9.65,,18.7,60.27,5.27,,15.84,15.52,15.61,13.98,3.34,6.37,4.06,5.11,13.83,,,8.88,,11.63
2018-09-17 00:00:00,5.11,6.28,9.65,,18.8,60.09,5.29,,15.68,15.58,15.49,14.41,3.36,6.24,4.06,5.11,13.61,,,8.88,,11.53
2018-09-18 00:00:00,4.95,6.17,9.48,,18.19,59.9,5.21,,15.68,15.57,15.41,14.41,3.33,6.17,4.06,5.09,13.59,,,8.73,,11.29
2018-09-19 00:00:00,4.92,6.14,9.54,,18.59,59.95,5.23,,15.4,15.58,15.48,14.41,3.32,6.2,4.06,5.09,13.67,,,8.68,,11.4
2018-09-20 00:00:00,4.96,6.06,9.36,,18.6,59.75,5.2,,15.4,15.48,15.38,14.41,3.3,6.16,4.06,5.03,13.54,,,8.62,,11.18
2018-09-21 00:00:00,4.75,6,9.34,,18.3,59.88,5.2,,15.32,15.44,15.23,15.56,3.29,6.16,4.06,5,13.52,,,8.64,,11.18
2018-09-25 00:00:00,4.62,5.95,9.17,,17.93,59.75,5.09,,15.32,15.27,14.95,15.56,3.27,6.03,4.06,4.97,13.22,,,8.4,,11.12
2018-09-26 00:00:00,4.84,5.99,9.38,,18.33,59.88,5.17,,15.33,15.31,15.45,14.79,3.32,6.06,4.06,4.98,13.48,,,8.55,,11.1
2018-09-27 00:00:00,4.84,5.98,9.36,,18.09,59.84,5.09,,15.31,15.44,15.18,14.79,3.33,6.02,4.06,4.95,13.5,,,8.45,,11.25
2018-09-28 00:00:00,4.81,5.96,9.34,,18.4,59.72,5.05,,15.4,15.47,15.21,15.1,3.33,5.99,4.06,4.91,13.14,,,8.51,,11.12
2019-01-02 00:00:00,4.79,5.98,10.98,,25.29,66.95,5.27,,15.12,15.77,15.5,14.57,4.41,7.05,4.74,5.1,15.65,,,8.14,20.3,8.66
2019-01-03 00:00:00,4.9,5.93,10.93,,25.55,67.2,5.37,,15.12,15.76,15.54,14.57,4.38,7.07,4.74,5.07,15.6,,,8.05,20.3,8.65
2019-01-04 00:00:00,4.75,5.96,10.97,,26.02,67.08,5.34,,15.12,15.8,15.57,13.91,4.38,7.1,4.74,5.07,15.67,,,8.09,20.3,8.66
2019-01-07 00:00:00,4.8,5.91,10.81,,25.8,67.01,5.31,,15.12,15.7,15.47,13.91,4.32,7.05,4.74,5.04,15.5,,,8.09,19.81,8.66
2019-01-08 00:00:00,4.76,5.67,10.75,,38.54,75.06,5.23,,15.1,15.98,16.32,13.91,4.3,7.08,4.74,5.16,15.06,,,7.99,20.3,8.63
2019-01-09 00:00:00,4.76,5.68,10.65,,38.28,84.01,5.26,,15.01,15.78,16.39,13.91,4.33,7.08,4.74,5.09,15.18,,,7.39,19.81,8.69
2019-01-10 00:00:00,4.76,5.7,10.65,,38.48,84.08,5.27,,15.14,15.8,16.4,13.76,4.28,6.99,4.74,5.13,15.15,,,7.35,20.3,8.6
2019-01-11 00:00:00,4.94,5.71,10.62,,38.38,83.97,5.25,,15.14,15.64,16.47,13.83,4.29,7.06,4.74,5.12,15.08,,,7.43,19.81,8.61
2019-01-14 00:00:00,4.94,5.72,10.67,,38.22,84.3,5.26,,15.13,15.69,16.43,13.83,4.3,7.09,4.74,5.11,15.06,,,7.43,20.3,8.59
2019-01-16 00:00:00,4.94,5.72,10.69,,38.28,84.31,5.24,,15.14,15.54,16.48,13.83,4.38,7,4.74,5.13,14.91,,,7.46,19.81,8.66
2019-01-17 00:00:00,4.8,5.73,10.89,,36.43,84.83,5.26,,15.14,15.58,16.51,13.69,4.39,7.56,4.74,5.09,14.9,,,7.3,19.81,8.62
2019-01-18 00:00:00,4.8,5.77,10.87,,36.51,84.86,5.21,,15.14,15.57,16.56,13.91,4.4,7.58,4.74,5.07,14.98,,,7.29,19.81,8.62
2019-01-21 00:00:00,4.96,5.55,11.03,,42.04,104.7,5.27,,22.19,16.52,16.44,13.87,3.92,8.66,5.24,5.25,17.16,,,5.9,7.53,10.22
2019-01-22 00:00:00,4.96,5.53,10.96,,42.41,104.52,5.24,,22.19,16.5,16.54,13.87,3.91,8.64,5.24,5.28,17.12,,,5.87,7.53,10.23
2019-01-23 00:00:00,4.96,5.5,10.99,,42.35,104.49,5.22,,22.7,16.5,16.42,13.87,3.9,8.74,5.24,5.28,17.03,,,6.08,7.53,10.31
2019-01-24 00:00:00,4.96,5.5,10.95,,42.45,104.55,5.2,,22.94,16.58,16.71,13.65,3.93,8.73,5.24,5.2,17.18,,,6.06,7.53,10.29
2019-01-25 00:00:00,4.96,5.51,10.76,,42.04,105.07,5.35,,22.92,16.53,16.57,13.65,3.64,8.7,5.24,5.08,17.35,,,5.86,7.72,10.31
2019-01-28 00:00:00,4.96,5.51,10.82,,42.05,104.84,5.38,,22.67,16.5,16.6,13.73,3.63,8.72,5.24,5.06,16.98,,,5.83,7.72,10.26
2019-01-29 00:00:00,4.96,5.57,10.92,,42.15,105.24,5.38,,22.68,16.5,16.84,13.43,3.66,8.72,5.24,5.03,17.05,,,5.83,7.72,10.23
2019-01-30 00:00:00,5.01,5.56,10.89,,42.28,104.57,5.4,,22.68,16.38,16.64,13.43,3.68,8.69,5.24,5.04,17.41,,,5.93,7.72,10.24
2019-01-31 00:00:00,4.92,5.57,10.87,,42.59,104.56,5.39,,22.68,16.39,16.54,13.73,3.73,8.68,5.24,5.05,17.3,,,5.83,7.53,10.19
2019-02-01 00:00:00,4.82,5.57,10.8,,42.15,104.71,5.37,,22.68,16.36,16.59,13.73,3.71,8.73,5.24,5.05,17.35,,,5.9,7.72,10.23
2019-02-05 00:00:00,4.82,5.57,10.78,,42.2,104.72,5.37,,22.69,16.34,16.6,13.43,3.73,8.71,5.24,5.1,17.53,,,5.86,7.9,10.33
2019-02-06 00:00:00,4.75,5.53,10.79,,41.71,104.18,5.41,,22.69,16.24,16.64,13.36,3.7,8.68,5.24,5.1,17.22,,,5.82,7.53,10.34
2019-02-07 00:00:00,4.75,5.52,10.75,,41.46,104.29,5.41,,22.7,16.28,16.67,13.07,3.73,8.73,5.24,5.09,17.19,,,5.79,7.72,10.39
2019-02-08 00:00:00,4.81,5.53,10.78,,42.28,104.16,5.39,,22.73,16.24,16.7,12.99,3.72,8.72,5.24,5.15,17.31,,,5.86,8.27,10.36
2019-02-11 00:00:00,4.78,5.53,10.84,,42.19,104.06,5.36,,22.69,16.22,16.56,12.99,3.73,8.72,5.24,5.15,17.47,,,5.82,8.09,10.39
2019-02-12 00:00:00,5.1,5.51,10.72,,42.09,104.07,5.33,,22.69,16.21,16.5,12.99,3.64,8.72,5.24,5.13,17.37,,,5.74,8.09,10.38
2019-02-13 00:00:00,5.07,5.5,10.67,,41.92,103.95,5.35,,22.68,16.2,16.62,12.99,3.65,8.8,5.24,5.1,17.2,,,5.83,8.09,10.16
2019-02-14 00:00:00,5.11,5.52,10.65,,41.84,104.2,5.38,,22.68,16.23,16.69,12.92,3.59,8.74,5.1,5.08,17.3,,,5.86,8.09,10.07
2019-02-15 00:00:00,5.15,5.47,10.62,,41.7,103.97,5.35,,22.67,16.24,16.6,12.92,3.57,8.71,5.1,5.06,17.16,,,5.75,7.9,10.11
2019-02-18 00:00:00,5.15,5.45,10.6,,40.57,103.9,5.26,,22.67,16.29,16.61,12.77,3.56,8.72,5.1,5.03,17.15,,,5.74,8.09,10.06
2019-02-20 00:00:00,5.08,5.43,10.61,,40.18,103.43,5.27,,22.67,16.23,16.67,12.7,3.55,8.45,5.1,5.06,17.24,,,5.74,7.9,10
2019-02-21 00:00:00,4.79,5.37,10.5,,38.93,103.07,5.22,,22.4,16.16,16.56,12.7,3.54,8.26,5.1,5.06,17.33,,,5.74,7.72,9.97
2019-02-22 00:00:00,4.77,5.36,10.52,,39.19,102.95,5.19,,22.67,16.22,16.61,12.63,3.54,8.12,4.73,5.05,17.11,,,5.65,7.9,9.97
2019-02-25 00:00:00,4.68,5.35,10.49,,38.97,103.03,5.21,,22.37,16.2,16.62,12.7,3.46,8.16,4.73,5.07,17.17,,,5.7,7.72,10.05
2019-02-26 00:00:00,4.82,5.37,10.5,,38.84,102.89,5.26,,22.63,16.07,16.64,12.7,3.48,8.16,4.73,5.12,16.89,,,5.62,7.9,10.09
2019-02-27 00:00:00,4.68,5.34,10.57,,38.53,102.92,5.21,,22.63,15.95,16.8,12.7,3.43,8.02,4.6,5.1,16.82,,,5.62,7.9,10.14
2019-02-28 00:00:00,4.64,5.32,10.62,,39.04,103.49,5.21,,22.72,16.06,16.48,12.7,3.38,7.98,4.6,5.09,16.79,,,5.78,7.9,9.97
2019-03-01 00:00:00,4.61,5.11,10.41,,38.67,102.93,5.26,,22.83,16,16.28,12.7,3.39,8.01,4.64,5.11,16.74,,,5.62,7.9,9.88
2019-03-05 00:00:00,4.61,5.13,10.5,,38.34,102.75,5.31,,22.83,16.05,16.27,12.85,3.39,8.01,4.64,5.12,16.75,,,5.58,7.72,9.94
2019-03-06 00:00:00,4.61,5.12,10.45,,38.41,102.57,5.24,,22.83,16.02,16.02,13.36,3.36,7.95,4.64,5.12,16.66,,,5.63,7.72,9.9
2019-03-07 00:00:00,4.57,5.13,10.49,,38.26,102.6,5.26,,22.34,15.98,16.09,13.07,3.38,7.94,4.64,5.08,16.55,,,5.67,7.9,10.01
2019-03-08 00:00:00,4.59,5.09,10.41,,38.38,102.28,5.27,,22.33,15.78,16.13,13.07,3.38,7.88,4.64,5.07,16.94,,,5.7,7.9,10.05
2019-03-11 00:00:00,4.19,4.98,10.37,,37.81,102.34,5.22,,22.22,15.74,16.04,13.07,3.37,7.85,4.64,5.14,16.26,,,5.55,7.72,10.15
2019-03-12 00:00:00,4.5,4.93,10.3,,37.58,101.95,5.17,,22.21,15.66,15.81,12,3.37,7.76,4.64,5.11,16.15,,,5.55,7.72,10.14
2019-03-13 00:00:00,4.37,4.86,10.16,,36.76,101.76,5.11,,22.21,15.61,16.03,12.96,3.37,7.74,4.64,5.06,16.14,,,5.47,7.72,10.2
2019-03-14 00:00:00,4.61,4.91,10.11,,36.81,102.35,5.18,,22.21,15.63,16.23,12.59,3.37,7.78,4.64,5.09,16.18,,,5.6,7.72,10.2
2019-03-15 00:00:00,4.81,4.9,10.04,,36.76,102.22,5.18,,22.2,15.56,16.15,12.59,3.36,7.81,4.64,5.11,16.36,,,5.61,7.53,10.13
2019-03-18 00:00:00,4.81,4.92,10.04,,36.67,102.45,5.16,,22.21,15.54,16.01,12.52,3.35,7.8,4.64,5.08,16.41,,,5.67,7.53,10.03
2019-03-19 00:00:00,4.42,4.88,10.03,,36.87,102.5,5.15,,22.21,15.4,16.15,12.52,3.34,7.76,4.64,5.04,16.27,,,5.7,7.72,10.06
2019-03-21 00:00:00,4.41,4.86,9.98,,37.28,102.16,5.08,,22.21,15.37,15.9,12.52,3.32,7.72,4.64,5.02,16.39,,,5.71,7.72,10.11
2019-03-22 00:00:00,4.41,4.83,9.94,,37.19,101.95,5.03,,22.21,15.31,16.23,12.52,3.29,7.66,4.64,4.99,16.31,,,5.57,7.72,10.08
2019-03-25 00:00:00,4.39,4.82,9.91,,36.89,102.15,5.02,,21.8,15.32,15.72,12.52,3.31,7.74,4.64,4.99,16.44,,,5.48,7.53,9.96
2019-03-26 00:00:00,4.34,4.8,9.92,,37.38,101.88,5.02,,21.8,15.27,15.67,13.03,3.31,7.66,4.64,4.98,15.98,,,5.39,7.53,9.93
2019-03-27 00:00:00,4.28,4.77,9.91,,37.1,101.8,5,,22.1,15.25,15.87,13.03,3.31,7.67,4.64,5,15.95,,,5.44,7.53,9.96
2019-03-28 00:00:00,4.45,4.81,10.14,,37.48,102.22,5.06,,22.1,15.28,15.99,13.03,3.34,7.74,4.64,5.03,15.87,,,5.49,7.53,9.97
2019-03-29 00:00:00,4.26,4.95,10.11,,37.4,102.74,5.08,,22.1,15.25,15.89,12.59,3.37,7.74,4.64,5.07,15.97,,,5.38,7.53,9.97
2019-04-01 00:00:00,4.41,4.95,10.09,,38.17,102.81,5.1,,22.1,15.26,16.25,12.59,3.37,7.71,4.77,4.95,16.1,,,5.47,7.53,10.3
2019-04-02 00:00:00,4.41,5,10.16,,38.42,103.08,5.09,,22.21,15.26,15.81,12.59,3.37,7.73,4.77,5.03,15.94,,,5.42,7.53,10.24
2019-04-03 00:00:00,4.53,5.01,10.18,,38.53,103.75,5.19,,22.21,15.22,15.84,12.67,3.37,7.82,4.77,5,16.12,,,5.54,7.72,10.02
2019-04-04 00:00:00,4.55,5.04,10.26,,38.56,104.03,5.3,,22.21,15.42,15.82,12.74,3.39,7.9,4.78,5,16.34,,,5.71,7.9,10.06
2019-04-05 00:00:00,4.55,5.02,10.15,,39.21,103.83,5.29,,22.21,15.28,15.91,12.81,3.39,7.9,4.78,4.99,16.2,,,5.68,7.72,10.12
2019-04-08 00:00:00,4.57,5.01,10.02,,38.01,103.87,5.24,,22.21,15.29,15.77,12.81,3.37,7.79,4.73,4.97,16.12,,,5.64,7.72,9.91
2019-04-09 00:00:00,4.44,5,10.08,,37.51,104.13,5.22,,22.56,15.23,15.89,12.81,3.38,7.74,4.72,4.97,15.84,,,5.51,7.69,9.91
2019-04-10 00:00:00,4.42,5,10.06,,37.75,104.02,5.26,,22.55,15.19,15.96,13.03,3.38,7.77,4.87,4.98,15.83,,,5.51,7.69,10.06
2019-04-11 00:00:00,4.42,5,10.03,,37.85,103.98,5.3,,22.22,15.14,16.01,12.81,3.39,7.77,4.87,4.98,15.82,,,5.51,7.65,10.05
2019-04-12 00:00:00,4.42,4.98,10.02,,37.81,103.91,5.3,,22.22,15.23,15.97,12.81,3.39,7.71,4.87,5.04,16.02,,,5.51,7.84,9.99
2019-04-16 00:00:00,4.56,5,10.06,,38.65,103.98,5.27,,22.23,15.26,15.93,12.81,3.39,7.8,4.87,4.99,16.19,,,5.48,7.84,10.12
2019-04-17 00:00:00,4.56,4.97,10.02,,38.6,104.11,5.34,,22.23,15.34,15.97,12.81,3.39,7.84,4.87,5.03,16.18,,,5.52,7.84,10.02
2019-04-18 00:00:00,4.61,4.95,10.03,,38.77,103,5.35,,22.23,15.44,15.99,12.81,3.39,7.33,4.87,5,15.81,,,5.5,7.84,9.99
2019-04-23 00:00:00,4.44,4.79,9.5,,37.07,100.63,5.16,,19.82,14.9,15.52,12.81,3.32,7.04,4.87,4.87,15.62,,,5.37,7.47,9.86
2019-04-24 00:00:00,4.53,4.82,9.49,,37.54,101.03,5.1,,19.82,14.97,15.61,12.81,3.36,7.02,4.87,4.88,15.4,,,5.35,7.47,10
2019-04-25 00:00:00,4.41,4.78,9.47,,37.59,100.81,5.1,,21.78,14.97,15.44,12.59,3.35,7.1,4.87,4.93,15.73,,,5.37,7.28,10.09
2019-04-26 00:00:00,4.38,4.78,9.57,,37.4,100.44,5.14,,22.05,15,15.57,12.67,3.36,7.13,4.87,4.92,15.68,,,5.33,7.47,10.06
2019-04-29 00:00:00,4.32,4.77,9.68,,37.43,100.44,5.16,,21.95,14.99,15.3,12.67,3.36,7.13,4.87,4.95,15.68,,,5.27,7.47,10.08
2019-04-30 00:00:00,4.26,4.77,9.79,,37.44,100.69,5.19,,22.29,15.13,15.41,11.93,3.38,7.18,4.87,4.9,15.72,,,5.35,7.46,10.09
2019-05-02 00:00:00,4.31,4.77,9.71,,37.27,99.58,5.11,,22.35,15.13,15.58,12.01,3.38,7.17,4.74,4.91,15.36,,,5.38,7.46,10.08
2019-05-03 00:00:00,4.23,4.78,9.58,,37.37,97.9,5.08,,25.82,14.87,15.3,12.01,3.38,7.13,4.74,4.91,15.37,,,5.37,7.65,9.92
2019-05-06 00:00:00,4.16,4.74,9.36,,36.73,97.82,5.03,,25.21,14.73,15.25,11.93,3.37,7.03,4.74,4.9,15.02,,,5.39,7.46,10
2019-05-07 00:00:00,4.04,4.67,9.29,,35.9,97.58,5,,25.25,14.97,15.22,11.93,3.35,7.52,4.74,4.86,14.9,,,5.33,7.46,9.92
2019-05-08 00:00:00,4.04,4.62,9.31,,35.64,97.45,5.01,,25.13,14.97,15.17,11.64,3.36,7.46,4.74,4.81,15.08,,,5.3,7.46,9.8
2019-05-09 00:00:00,4.06,4.57,9.24,,35.51,97.11,5,,25.05,14.96,15.16,11.57,3.37,7.43,4.74,4.79,14.77,,,5.34,7.28,9.8
2019-05-10 00:00:00,4.26,4.54,9.2,,35.5,96.96,5,,25.05,14.97,15.08,11.57,3.23,7.4,4.74,4.87,14.68,,,5.22,7.28,9.76
2019-05-13 00:00:00,4.21,4.46,9.13,,35.08,96.6,5.01,,25.21,14.86,15.05,11.57,3.21,7.36,4.74,4.76,14.58,,,5.26,7.46,9.65
2019-05-14 00:00:00,4.12,4.34,9.03,,34.37,96.05,4.92,,24.78,14.6,14.71,11.35,3.18,7.31,4.74,4.78,14,,,5.15,7.28,9.47
2019-05-15 00:00:00,4.13,4.3,9.02,,34.32,95.7,4.88,,24.9,14.55,14.71,11.35,3.16,7.24,4.74,4.69,14.14,,,5.14,7.28,9.38
2019-05-16 00:00:00,4.27,4.47,9.08,,34.36,96.54,4.94,,25.05,14.82,14.66,11.42,3.16,7.28,4.74,4.62,14.11,,,5.29,7.46,9.57
2019-05-17 00:00:00,4.32,4.46,9.11,,34.96,96.54,5.07,,24.9,14.64,14.66,11.35,3.2,7.36,4.74,4.63,14.32,,,5.42,7.46,9.65
2019-05-21 00:00:00,4.34,4.5,9.21,,35.25,96.83,5.07,,25.72,14.69,14.81,11.35,3.2,7.4,4.78,4.65,14.5,,,5.52,7.46,9.68
2019-05-22 00:00:00,4.75,4.5,9.24,,35.39,96.35,5.09,,25.72,14.61,15.41,11.79,3.21,7.48,4.78,4.66,14.53,,,5.55,7.46,9.64
2019-05-23 00:00:00,4.68,4.49,9.22,,35.96,96.7,5.11,,25.84,14.63,15.88,11.35,3.22,7.45,4.78,4.73,14.5,,,5.61,7.45,9.69
2019-05-24 00:00:00,4.68,4.48,9.19,,35.37,96.18,5.09,,25.88,14.65,15.76,11.35,3.22,7.49,4.78,4.68,14.63,,,5.55,7.45,9.61
2019-05-27 00:00:00,4.68,4.48,9.14,,35.08,96.14,5.08,,25.89,14.7,15.93,11.35,3.21,7.49,4.78,4.67,14.6,,,5.51,7.45,9.57
2019-05-28 00:00:00,4.56,4.48,9.17,,35.21,95.87,5.09,,25.88,14.66,15.71,11.71,3.24,7.44,4.78,4.65,14.68,,,5.59,7.45,9.63
2019-05-29 00:00:00,4.85,4.5,9.23,,35.53,96.23,5.19,,25.75,14.64,15.79,11.71,3.25,7.65,5.7,4.72,14.8,,,5.64,7.45,9.72
2019-05-30 00:00:00,4.89,4.49,9.2,,35.82,96.21,5.18,,25.75,14.69,15.75,12.3,3.26,7.71,5.7,4.75,14.75,,,5.66,7.45,9.79
2019-05-31 00:00:00,4.82,4.47,9.17,,35.63,96.5,5.16,,25.74,14.67,15.27,12.52,3.25,7.68,5.7,4.82,14.61,,,5.63,7.45,9.84
2019-06-03 00:00:00,4.82,4.45,9.15,,35.25,96.19,5.15,,25.75,14.66,15.47,12.52,3.23,7.7,5.7,4.77,14.73,,,5.59,7.45,9.87
2019-06-04 00:00:00,4.66,4.42,9.12,,35.54,96.17,5.14,,25.49,14.62,15.46,12.52,3.23,7.68,5.7,4.75,14.64,,,5.42,7.64,9.91
2019-06-06 00:00:00,4.66,4.4,9.14,,35.54,96.02,5.17,,24.97,14.56,15.46,12.52,3.21,7.71,5.7,4.97,14.46,,,5.52,7.82,9.91
2019-06-07 00:00:00,4.79,4.44,9.21,,35.51,96.1,5.2,,24.98,14.57,15.43,12.52,3.22,7.67,5.7,5.02,14.4,,,5.58,8.37,9.93
2019-06-10 00:00:00,4.79,4.47,9.29,,35.45,96.26,5.19,,25.37,14.63,15.62,12.52,3.22,7.7,5.7,5.09,14.46,,,5.58,8.56,9.95
2019-06-11 00:00:00,4.79,4.5,9.31,,35.87,96.4,5.2,,25.37,14.59,16.27,12.45,3.22,7.78,5.7,5.14,14.61,,,5.57,9.11,9.99
2019-06-12 00:00:00,4.82,4.53,9.39,,37.29,96.74,5.26,,25.37,14.71,16.15,12.45,3.25,7.92,5.7,5.14,14.61,,,5.66,9.48,10.31
2019-06-13 00:00:00,4.89,4.52,9.4,,37.4,96.6,5.32,,25.37,14.79,15.88,12.08,3.25,7.93,5.7,5.2,14.61,,,5.63,9.11,10.18
2019-06-14 00:00:00,4.89,4.55,9.34,,38.28,96.92,5.34,,25.34,14.72,15.9,12.01,3.24,7.95,5.7,5.22,14.64,,,5.59,9.11,10.18
2019-06-17 00:00:00,4.89,4.54,9.35,,38.85,97.05,5.36,,25.35,14.75,15.84,12.01,3.24,7.99,5.7,5.19,14.62,,,5.51,8.92,10.24
2019-06-18 00:00:00,5.04,4.54,9.31,,36.74,96.85,5.37,,25.05,14.67,15.72,12.39,3.24,9.22,5.7,5.21,15.3,,,5.55,9.29,10.43
2019-06-19 00:00:00,5.17,4.53,9.51,,36.87,91.81,5.4,,25.36,14.72,15.9,12.84,3.24,9.07,5.7,6.85,15.93,,,5.51,10.21,10.55
2019-06-20 00:00:00,5.17,4.51,9.42,,32.73,91.11,5.57,,25.36,14.46,16.49,12.84,3.24,9.21,6.72,7.09,16,,,5.48,10.21,10.17
2019-06-21 00:00:00,5.04,4.49,9.44,,32.5,91.28,5.54,,25.36,14.46,16.21,12.84,3.25,9.2,6.72,6.98,16.04,,,5.44,10.03,10.04
2019-06-24 00:00:00,5.04,4.49,9.69,,28.1,97.28,5.59,,25,14.06,16.19,12.46,3.23,9,6.72,7.28,17.87,,,5.51,8.75,10.02
2019-06-25 00:00:00,5.2,4.48,9.58,,22.8,97.11,5.54,,25.05,14.03,16.47,12.46,3.23,8.85,6.72,7.28,17.63,,,5.44,8.81,6.9
2019-06-26 00:00:00,5.17,4.43,9.61,,22.55,97.51,5.56,,25.03,14.02,16.25,12.46,3.25,8.85,6.72,7.22,17.59,,,5.44,8.98,7.02
2019-06-27 00:00:00,5.33,4.43,9.57,,22.23,97.51,5.59,,25.04,13.96,16.44,12.61,3.25,8.76,6.72,7.24,17.8,,,5.48,9.49,6.96
2019-06-28 00:00:00,5.33,4.44,9.63,,22.34,97.59,5.59,,25.04,14.12,16.48,12.76,3.29,8.76,7.01,7.22,17.77,,,5.47,9.65,7
2019-07-01 00:00:00,5.33,4.47,9.72,,22.26,97.75,5.58,,25.04,14.04,16.42,12.76,3.28,8.83,7.01,7.22,17.75,,,5.48,9.49,7
2019-07-02 00:00:00,5.33,4.56,9.74,,22.69,98.09,5.61,,25.04,14.03,16.5,12.84,3.3,8.82,7.01,7.35,17.85,,,5.42,9.32,7.01
2019-07-03 00:00:00,5.33,4.6,9.83,,22.68,98.72,5.61,,25.03,14.02,16.46,12.61,3.3,8.84,7.01,7.34,18,,,5.48,9.49,6.94
2019-07-04 00:00:00,5.69,4.67,10.05,,23.37,99.67,5.75,,24.96,14.32,16.51,13.44,3.32,9.02,7.01,7.53,18.43,,,5.64,9.49,7.01
2019-07-05 00:00:00,5.5,4.69,10.07,,23.17,99.21,5.75,,25.13,14.33,16.76,13.44,3.33,9.14,7.01,7.55,18.39,,,5.64,9.49,7.04
2019-07-08 00:00:00,5.5,4.67,9.96,,23.21,99.41,5.73,,25.13,14.34,16.98,13.52,3.33,9.14,7.01,7.48,18.59,,,5.63,9.32,7.06
2019-07-09 00:00:00,5.55,4.7,9.88,,23.71,99.68,5.74,,25.13,14.43,16.32,13.74,3.34,9.14,7.01,7.44,18.68,,,5.63,9.32,6.99
2019-07-10 00:00:00,5.65,4.68,9.95,,23.63,99.54,5.77,,25.24,14.48,16.31,13.74,3.36,9.23,6.73,7.43,18.51,,,5.51,9.49,7.05
2019-07-11 00:00:00,5.58,4.7,10.17,,24.32,99.56,5.84,,25.22,14.5,16.23,13.74,3.32,9.26,6.73,7.53,18.75,,,5.72,9.49,7.09
2019-07-12 00:00:00,5.67,4.7,10.18,,24.55,99.56,5.94,,25.23,14.5,16.88,13.74,3.32,9.29,6.73,7.45,18.82,,,5.83,9.32,7.11
2019-07-15 00:00:00,5.65,4.72,10.22,,24.46,99.33,5.97,,25.29,14.52,16.93,13.74,3.34,9.39,6.73,7.42,19.03,,,5.92,9.33,7.11
2019-07-17 00:00:00,5.78,4.81,10.44,,25.35,99.65,6,,25.29,14.51,16.99,14.04,3.36,9.49,6.73,7.45,19.62,,,6.2,9.33,7.12
2019-07-18 00:00:00,5.78,4.88,10.56,,25.47,100.4,6.04,,25.35,14.64,17.34,14.12,3.37,9.49,6.73,7.41,19.39,,,6.36,9.5,7.25
2019-07-19 00:00:00,5.93,4.97,10.56,,25.77,100.39,6.08,,25.35,14.66,17.52,14.12,3.38,9.58,6.73,7.35,19.6,,,6.27,9.5,7.08
2019-07-22 00:00:00,5.96,4.9,10.36,,25.49,100.19,6.02,,25.22,14.53,17.4,14.12,3.36,9.55,6.73,7.45,19.41,,,6.18,9.5,7.27
2019-07-23 00:00:00,5.99,4.94,10.52,,25.57,99.26,6.06,,25.22,14.56,17.37,14.12,3.37,9.69,6.73,7.47,19.58,,,6.18,9.5,7.24
2019-07-24 00:00:00,6.45,5.1,10.69,,25.83,100.14,6.1,,25.39,14.59,17.59,14.12,3.4,9.89,6.73,7.45,19.79,,,6.22,9.67,7.28
2019-07-25 00:00:00,6.36,5.32,10.72,,25.97,100.48,6.16,,24.96,14.57,17.77,14.12,3.41,10.07,6.73,7.59,19.79,,,6.29,9.83,7.3
2019-07-26 00:00:00,6.43,5.43,10.67,,26.3,101.02,6.25,,25.17,14.88,17.93,14.49,3.41,10.2,6.78,7.74,19.66,,,6.57,10.17,7.28
2019-07-29 00:00:00,6.74,5.69,11.01,,27.01,101.05,6.35,,25.17,15.01,17.86,13.52,3.46,10.73,6.78,7.82,20.02,,,7.01,10.17,7.25
2019-07-30 00:00:00,6.4,5.64,10.91,,26.69,100.66,6.35,,25.06,14.92,17.51,13.74,3.44,10.54,6.78,7.76,20.08,,,6.86,10,7.25
2019-07-31 00:00:00,6.42,5.54,10.86,,26.69,100.71,6.33,,25.04,14.93,17.41,13.89,3.47,10.42,6.78,7.95,19.88,,,6.85,10.17,7.47
2019-08-01 00:00:00,6.48,5.42,10.72,,26.7,100.31,6.33,,25.1,14.99,17.51,13.74,3.42,10.16,6.78,7.79,19.81,,,6.81,10,7.46
2019-08-02 00:00:00,6.39,5.39,10.68,,26.65,100.41,6.56,,25.11,14.89,17.47,13.74,3.42,10.15,6.78,7.72,19.72,,,6.74,10.17,7.41
2019-08-05 00:00:00,6.14,5.35,10.72,,26.85,100.76,6.63,,25.1,14.82,17.55,13.89,3.41,10.12,6.78,7.8,19.75,,,6.66,10.17,7.33
2019-08-06 00:00:00,6.11,5.24,10.67,,26.68,100.62,6.57,,25.09,14.77,17.28,13.67,3.39,9.95,6.78,7.7,19.43,,,6.64,10,7.34
2019-08-07 00:00:00,6.33,5.34,10.71,,27.12,100.65,6.56,,24.97,14.87,17.55,13.67,3.38,10.16,6.78,7.82,20.02,,,6.73,10,7.45
2019-08-08 00:00:00,6.33,5.31,10.79,,27.06,100.51,6.54,,25.01,14.86,17.4,13.74,3.37,10.14,6.78,7.82,19.57,,,6.61,9.83,7.42
2019-08-09 00:00:00,6.34,5.44,10.94,,27.41,100.63,6.59,,24.54,14.91,17.61,13.74,3.4,10.52,6.78,8.03,19.73,,,6.85,10.17,7.46
2019-08-13 00:00:00,6.31,5.43,10.93,,27.78,101.13,6.6,,24.53,14.96,17.24,14.04,3.41,10.59,6.78,8.12,19.93,,,6.79,10,7.39
2019-08-15 00:00:00,6.19,5.34,10.83,,27.62,100.7,6.59,,24.69,14.99,17.1,14.04,3.38,10.47,6.78,8.56,19.98,,,6.74,9.83,7.41
2019-08-16 00:00:00,6.19,5.34,10.89,,27.42,101.4,6.55,,24.97,14.68,17.58,14.04,3.4,10.42,6.78,8.61,19.69,,,6.72,9.67,7.43
2019-08-19 00:00:00,6.11,5.3,10.84,,27.28,100.62,6.51,,25.05,14.68,17.46,13.74,3.39,10.33,6.78,8.55,19.88,,,6.64,9.67,7.31
2019-08-20 00:00:00,6.27,5.35,10.95,,27.31,100.5,6.54,,25.17,14.85,17.18,13.74,3.42,10.37,6.78,8.65,19.69,,,6.76,9.67,7.28
2019-08-21 00:00:00,6.27,5.5,10.94,,27.14,99.64,6.63,,25.04,14.88,17.08,13.74,3.42,10.37,6.78,8.81,19.47,,,6.57,9.5,6.96
2019-08-22 00:00:00,6.14,5.55,10.78,,27.07,99.86,6.62,,25.33,14.51,17.26,12.64,4.37,9.59,6.78,12.15,19.46,,,6.93,9.5,6.97
2019-08-23 00:00:00,6.63,5.54,10.82,,25.62,102.21,6.83,,25.41,14.55,17.21,13.23,4.36,9.66,6.78,12.23,19.32,,,6.93,9.5,6.6
2019-08-26 00:00:00,6.63,5.52,10.75,,25.47,102.27,6.78,,25.4,14.53,17.3,12.94,4.34,9.63,6.78,12.14,19.03,,,6.95,9.5,6.59
2019-08-27 00:00:00,6.55,5.58,10.88,,25.52,102.45,6.79,,25.39,14.54,17.15,12.94,4.36,9.53,6.78,12.25,19.47,,,7.05,9.33,6.62
2019-08-28 00:00:00,6.63,5.57,10.95,,25.62,102.17,6.76,,25.14,14.58,17.41,13.23,4.35,9.58,6.78,12.28,19.38,,,6.93,9.67,6.58
2019-08-29 00:00:00,6.86,5.6,10.86,,25.62,102.24,6.79,,25.13,14.46,17.65,13.23,4.37,9.52,6.78,12.19,19.01,,,7.02,9.83,6.57
2019-08-30 00:00:00,6.93,5.57,10.79,,25.52,102.28,6.83,,25.11,14.39,17.5,13.23,4.4,9.57,6.78,12.29,18.99,,,7.05,9.5,6.59
2019-09-02 00:00:00,6.93,5.52,10.63,,24.54,130.7,6.56,,25.12,14.78,19.7,13.23,4.4,9.66,16.5,8.86,18.76,,,7,9.53,6.63
2019-09-03 00:00:00,6.63,5.52,12.97,,26.36,97.69,6.63,,25.4,14.77,19.31,13.23,4.41,9.8,16.5,8.99,18.69,,,6.95,9.53,6.64
2019-09-04 00:00:00,6.63,5.48,12.89,,26.57,97.57,6.61,,25.39,14.7,19.06,13.15,4.4,9.78,16.5,9.08,18.68,,,6.9,9.37,6.5
2019-09-05 00:00:00,6.55,5.46,12.9,,26.23,97.39,6.55,,25.39,14.57,19.08,13.08,4.4,9.74,16.5,9.05,18.61,,,7.25,9.2,6.52
2019-09-06 00:00:00,6.3,5.3,12.79,,26.08,96.68,6.51,,25.39,14.53,19.03,13.15,4.38,9.66,16.5,8.9,18.59,,,7.15,9.37,6.47
2019-09-09 00:00:00,6.68,5.3,13.14,,25.42,97.91,6.76,,25.23,14.55,19.15,13.15,4.38,9.3,16.5,8.95,18.92,,,7.05,9.37,6.44
2019-09-10 00:00:00,6.68,5.26,13.16,,25.23,98.26,6.74,,25.31,14.68,19.18,13.23,4.38,9.25,16.5,8.95,18.42,,,7.05,9.37,6.33
2019-09-11 00:00:00,6.68,5.23,13.49,,22.62,98.95,6.76,,25.31,14.68,19.12,13.23,4.38,9.33,16.5,8.74,18.93,,,7.04,8.66,6.39
2019-09-12 00:00:00,6.47,5.25,13.52,,22.58,99.19,6.81,,27.8,14.76,19.05,12.94,4.38,9.67,16.5,8.42,19.64,,,7.03,8.5,6.42
2019-09-16 00:00:00,6.47,5.23,13.38,,22.43,99.33,6.82,,27.79,14.9,19.18,12.94,4.35,9.67,16.5,8.47,19.53,,,7,8.66,6.44
2019-09-17 00:00:00,6.47,5.21,13.31,,22.33,94.93,6.96,,27.89,14.81,19.19,12.94,4.36,8.82,16.5,8.32,20.36,,,7.02,8.5,6.42
2019-09-18 00:00:00,6.47,5.19,12.81,,22.31,113.59,7.21,,24.81,14.8,22.14,12.94,4.37,9.55,16.5,8.31,20.5,,,6.98,8.5,6.44
2019-09-19 00:00:00,6.47,5.2,12.61,,16.67,128.7,7.26,,24.93,14.76,20.95,12.86,4.37,9.56,16.5,8.29,20.51,,,7.04,8.66,6.39
2019-09-20 00:00:00,6.63,5.17,12.6,,17.1,131.79,7.47,,25.24,14.76,20.84,12.86,4.37,9.49,16.5,8.43,19.85,,,7.01,8.66,6.42
2019-09-23 00:00:00,6.63,5.16,12.62,,16.94,125.07,7.83,,25.06,15.27,20.95,13.15,4.35,9.37,16.5,8.4,19.68,,,6.94,8.82,6.37
2019-09-24 00:00:00,6.47,5.12,12.63,,16.96,124.42,7.73,,24.45,15.21,20.82,13,4.36,9.27,16.5,8.44,19.12,,,6.93,8.19,6.39
2019-09-25 00:00:00,6.6,5.1,12.63,,17.03,124.6,7.79,,24.82,15.28,20.78,13.3,4.36,9.39,16.5,8.48,19.16,,,7,8.19,6.41
2019-09-26 00:00:00,6.48,5.12,12.74,,17.12,124.85,7.81,,24.39,15.27,20.91,13.38,4.36,9.39,16.5,8.47,19.16,,,7,8.04,6.44
2019-09-27 00:00:00,6.6,5.14,12.76,,17.01,124.79,7.82,,24.39,15.26,20.48,13.15,4.35,9.48,16.5,8.23,19.33,,,7,8.19,6.42
2019-09-30 00:00:00,6.63,5.11,12.67,,17.04,124.72,7.81,,24.39,15.06,20.46,13.53,4.36,9.49,16.5,8.26,19.28,,,6.96,8.19,6.39
2019-10-01 00:00:00,6.95,5.1,12.7,,16.95,124.44,7.78,,24.46,15.04,20.45,13.23,2.93,9.52,16.5,8.27,19.75,,,6.92,8.19,6.43
2019-10-02 00:00:00,6.95,5.08,12.52,,17.07,124.37,7.73,,24.46,14.86,20.39,13.53,2.93,9.44,16.5,8.29,19.37,,,6.96,8.19,6.42
2019-10-03 00:00:00,6.48,5.09,12.49,,17.15,124.39,7.69,,24.52,14.74,20.54,13.53,2.94,9.42,16.5,8.25,19.47,,,6.85,8.19,6.34
2019-10-04 00:00:00,6.55,5.11,12.51,,17.06,124.4,7.73,,24.51,14.73,20.57,13.53,2.95,9.46,16.5,8.26,19.53,,,6.96,8.19,6.37
2019-10-07 00:00:00,6.9,5.17,12.64,,17.29,124.94,7.69,,24.52,14.71,20.57,13.53,2.95,9.59,16.5,8.26,19.3,,,6.95,8.35,6.32
2019-10-08 00:00:00,6.93,5.19,12.8,,17.42,125.72,7.76,,24.52,14.76,20.45,13.15,2.93,9.63,16.5,8.36,19.65,,,6.97,8.19,6.39
2019-10-09 00:00:00,6.96,5.31,13.05,,18.04,126.54,7.88,,24.52,14.86,20.67,13.15,2.89,9.94,16.5,8.48,19.86,,,7.05,8.19,6.46
2019-10-10 00:00:00,6.8,5.31,13.01,,17.97,126.71,7.87,,24.52,14.87,20.69,13.45,2.9,10.11,16.5,8.45,20.02,,,7.11,8.35,6.47
2019-10-11 00:00:00,6.98,5.32,13.07,,18.18,127.63,7.97,,24.53,14.86,20.62,13.23,2.89,10.09,16.5,8.58,20.18,,,7.14,8.04,6.45
2019-10-14 00:00:00,7.3,5.4,13.14,,18.55,128.62,7.96,,24.46,14.9,20.89,13.68,2.91,10.31,16.5,8.51,20.24,,,7.16,8.5,6.48
2019-10-15 00:00:00,7.05,5.34,13.11,,18.19,128.57,7.87,,24.45,14.84,20.68,13.3,2.92,10.24,16.5,8.42,19.94,,,7.23,8.35,6.41
2019-10-16 00:00:00,7.05,5.32,13.14,,18.25,128.13,7.81,,24.45,14.89,20.61,13.3,2.91,10.15,16.5,8.37,19.72,,,7.25,8.5,6.48
2019-10-17 00:00:00,7.05,5.34,13.13,,18.28,128.07,7.86,,24.45,14.94,21.21,13.53,2.91,10.25,16.5,8.47,19.7,,,7.41,8.19,6.47
2019-10-18 00:00:00,7.13,5.35,13.21,,18.16,127.59,7.81,,24.83,14.86,21.15,13.68,2.89,10.28,16.5,8.48,19.68,,,7.64,8.19,6.49
2019-10-21 00:00:00,7.13,5.37,13.19,,18.34,127.54,7.79,,24.84,14.91,20.83,13.68,2.88,10.24,16.5,8.48,19.68,,,7.6,8.19,6.51
2019-10-22 00:00:00,7.38,5.39,13.21,,18.5,128.31,7.77,,25.22,14.91,20.66,14.43,2.89,10.44,16.5,8.48,19.85,,,7.62,8.04,6.53
2019-10-23 00:00:00,7.46,5.38,13.25,,18.6,128.22,7.77,,25.23,14.97,20.79,14.51,2.87,10.58,16.5,8.51,19.82,,,7.55,8.04,6.6
2019-10-24 00:00:00,7.44,5.38,13.33,,18.72,129.69,7.82,,25.2,14.99,21.02,14.58,2.87,10.67,16.5,8.54,20.04,,,7.66,8.19,6.66
2019-10-25 00:00:00,7.59,5.39,13.29,,18.77,129.65,7.93,,25.2,15.03,21.12,14.51,2.88,10.9,16.5,8.53,20,,,7.75,8.19,6.6
2019-10-28 00:00:00,7.93,5.4,13.3,,18.97,129.61,7.96,,25.2,15.04,21.2,14.36,2.88,10.91,16.5,8.52,19.7,,,7.9,8.04,6.57
2019-10-29 00:00:00,7.51,5.42,13.3,,18.76,129.42,8.03,,25.2,15.11,21.2,14.51,2.9,10.97,16.5,8.49,19.83,,,7.96,8.19,6.58
2019-10-30 00:00:00,7.96,5.4,13.34,,18.73,129.34,8.04,,25.21,15.02,20.89,14.28,2.89,11,16.5,8.48,20.02,,,8.08,8.19,7.44
2019-10-31 00:00:00,7.96,5.44,13.41,,19.37,129.15,8.13,,25.21,15.08,20.95,14.58,2.88,11.23,16.5,8.5,19.93,,,8.18,8.19,7.42
2019-11-01 00:00:00,8.21,5.47,13.44,,19.44,129.4,8.15,,25.23,15.35,20.95,14.66,2.89,11.28,16.5,8.57,20.02,,,8.23,8.04,7.36
2019-11-04 00:00:00,8.04,5.48,13.31,,19.33,129.01,8.15,,24.68,15.33,20.88,14.51,2.92,11.13,16.5,8.42,19.95,,,8.17,8.19,7.4
2019-11-05 00:00:00,8.19,5.54,13.32,,19.92,128.77,8.15,,24.81,15.15,20.78,14.51,2.92,11.05,16.5,8.43,19.98,,,8.16,8.35,7.45
2019-11-06 00:00:00,7.79,5.49,13.25,,19.58,128.27,8.1,,24.87,15.08,21.06,14.51,2.91,10.83,16.5,8.36,19.93,,,8,8.19,7.42
2019-11-07 00:00:00,7.64,5.46,13.12,,19.39,128.11,8.04,,24.86,15.12,20.63,14.36,2.91,10.64,16.5,8.28,19.78,,,8.01,8.04,7.35
2019-11-08 00:00:00,7.33,5.49,13.18,,19.36,128.47,8.07,,24.79,15.23,20.23,14.43,2.91,10.73,16.5,8.26,19.74,,,8.05,8.04,7.41
2019-11-13 00:00:00,7.38,5.5,13.29,,19.61,128.91,8.08,,24.97,15.36,20.24,14.36,2.92,10.89,16.5,8.24,19.82,,,8.08,8.21,7.4
2019-11-14 00:00:00,7.44,5.5,13.28,,19.53,128.77,8.08,,25.09,15.33,19.65,14.2,2.9,10.9,16.5,8.28,19.98,,,8.03,7.9,7.38
2019-11-15 00:00:00,7.83,5.53,13.47,,19.68,129.66,8.15,,25.15,15.37,20.49,14.13,2.91,11.07,16.5,8.26,19.92,,,8.18,8.05,7.34
2019-11-18 00:00:00,7.88,5.61,13.87,,20.18,131.65,8.34,,25.66,15.54,20.97,14.28,2.92,11.42,16.5,8.48,19.98,,,8.33,7.9,7.44
2019-11-19 00:00:00,8.01,5.66,13.93,,20.19,131.41,8.39,,25.72,15.53,20.92,14.36,2.92,11.56,16.5,8.48,20.19,,,8.26,8.21,7.42
2019-11-20 00:00:00,8.29,5.58,13.71,,20.23,130.96,8.34,,25.72,15.81,20.46,14.66,2.9,11.73,16.5,8.33,19.98,,,8.23,8.19,7.49
2019-11-21 00:00:00,8.08,5.56,13.77,,20.44,130.35,8.34,,25.21,15.78,20.46,15.49,2.9,11.7,16.5,8.34,20.86,,,8.26,8.19,7.45
2019-11-22 00:00:00,8.08,5.54,13.81,,20.15,130.39,8.32,,25.23,15.59,20.68,15.64,2.91,11.72,16.5,8.39,20.91,,,8.29,8.04,7.44
2019-11-25 00:00:00,7.96,5.5,13.76,,19.85,130.05,8.31,,25.22,15.49,20.57,15.18,2.9,11.65,16.5,8.33,20.66,,,8.18,8.19,7.33
2019-11-26 00:00:00,7.96,5.51,13.78,,20.25,129.94,8.25,,25.68,15.52,20.7,15.26,2.91,11.73,16.5,8.31,20.44,,,8.21,8.19,7.37
2019-11-27 00:00:00,8.27,5.52,13.96,,20.25,130.42,8.26,,25.7,15.54,20.75,15.11,2.89,12.04,16.5,8.35,21.05,,,8.19,8.2,7.38
2019-11-28 00:00:00,8.29,5.59,14.3,,20.22,130.57,8.33,,25.54,15.79,20.7,15.26,2.88,12.25,16.5,8.42,22.22,,,8.41,8.38,7.39
2019-11-29 00:00:00,8.21,5.6,14.36,,20.08,130.99,8.35,,25.61,15.79,20.56,15.18,2.89,12.22,16.5,8.39,22.04,,,8.5,8.23,7.4
2019-12-02 00:00:00,8.21,5.56,14.33,,19.98,132.94,8.34,,25.42,15.82,20.57,14.88,2.97,12.28,16.5,8.42,21.77,,,8.43,8.23,7.37
2019-12-03 00:00:00,8.11,5.53,14.36,,20.25,132.52,8.36,,25.41,15.84,20.58,14.88,2.97,12.24,16.5,8.52,22.07,,,8.36,8.23,7.36
2019-12-04 00:00:00,8.12,5.51,14.28,,20.27,132.13,8.43,,25.12,15.8,20.37,14.88,2.98,12.23,16.5,8.66,22.4,,,8.35,8.23,7.35
2019-12-05 00:00:00,8.12,5.46,14.2,,19.97,131.46,8.38,,24.81,15.72,20.29,14.88,2.97,12.01,16.5,8.55,21.86,,,8.26,8.07,7.36
2019-12-06 00:00:00,8.12,5.48,14.21,,19.67,131.13,8.31,,24.8,15.65,20.69,14.88,2.97,11.96,16.5,8.56,21.82,,,8.2,8.07,7.39
2019-12-09 00:00:00,7.96,5.44,13.93,,19.28,130.87,8.32,,24.8,15.6,20.24,14.66,2.96,11.81,16.5,8.4,21.28,,,8.17,8.07,7.31
2019-12-10 00:00:00,7.78,5.41,13.73,,19.12,130.55,8.23,,24.8,15.51,19.98,14.58,2.96,11.67,16.5,8.34,21.12,,,8.13,8.07,7.34
2019-12-12 00:00:00,7.96,5.41,13.76,,19.25,131.1,8.46,,24.98,15.55,20.5,14.73,2.96,11.85,16.5,8.43,21.65,,,8.17,8.23,7.32
2019-12-13 00:00:00,7.66,5.41,13.84,,19.51,131.03,8.41,,24.98,15.54,20.1,14.66,2.96,11.83,16.5,8.43,21.2,,,8.04,8.07,7.27
2019-12-16 00:00:00,7.48,5.38,13.78,,19.42,130.53,8.34,,24.98,15.49,19.68,14.58,2.96,11.66,16.5,8.4,21.21,,,7.92,7.92,7.28
2019-12-17 00:00:00,7.48,5.39,13.8,,19.26,130.66,8.31,,25.2,15.51,19.91,14.28,2.95,11.63,16.5,8.31,21.13,,,7.95,7.92,7.34
2019-12-18 00:00:00,7.54,5.4,13.89,,19.45,130.3,8.27,,25.32,15.45,20.04,14.58,2.95,11.6,16.5,8.3,21.34,,,7.92,8.07,7.27
2019-12-19 00:00:00,7.56,5.39,13.91,,19.25,130.34,8.34,,25.32,15.32,19.71,14.51,2.95,11.61,16.5,8.26,21.14,,,7.87,8.07,7.25
2019-12-20 00:00:00,7.63,5.37,13.89,,19.29,130.55,8.31,,25.32,15.36,19.71,14.43,2.92,11.6,16.5,8.29,21.29,,,7.92,7.76,7.29
2019-12-23 00:00:00,7.79,5.32,13.91,,19.3,130.49,8.34,,25.32,15.3,19.75,14.36,2.92,11.62,16.5,8.25,21.24,,,7.88,7.76,7.36
2019-12-24 00:00:00,7.79,5.36,13.95,,19.65,129.92,8.41,,25.2,15.36,19.78,14.66,2.93,11.73,16.5,8.38,21.11,,,7.85,7.76,7.4
2019-12-26 00:00:00,7.79,5.39,14,,19.66,130.1,8.48,,25.13,15.48,19.8,14.81,2.93,11.88,16.5,8.47,21.45,,,7.88,7.92,7.37
2019-12-27 00:00:00,7.79,5.42,14.01,,19.74,130.18,8.72,,25.14,15.56,19.72,14.73,2.93,11.92,16.5,8.44,21.71,,,7.94,7.92,7.43
2019-12-30 00:00:00,7.79,5.4,14.02,,19.45,130.22,9.25,,25.14,15.62,19.73,14.58,2.98,11.71,16.5,8.33,21.32,,,7.85,7.92,7.4
2019-12-31 00:00:00,8.22,5.34,14.07,,19.36,130.26,9.07,,25.13,15.51,19.63,14.66,2.99,11.72,16.5,8.32,21.33,,,7.92,8.07,7.35
2020-01-02 00:00:00,7.83,5.35,13.89,,16,130.09,9.4,,25.14,16.23,19.69,14.58,2.99,12.5,16.5,8.53,21.38,,,7.89,8.07,7.39
2020-01-03 00:00:00,7.83,5.34,13.86,,15.91,129.85,9.54,,25.14,16.16,19.69,14.43,2.99,12.56,16.5,8.55,21.16,,,8.04,7.76,7.43
2020-01-06 00:00:00,7.78,5.27,14.41,,15.45,129.17,9.51,,25.29,16.12,20.2,14.36,2.96,12.29,16.5,8.56,20.75,,,8.06,7.92,7.4
2020-01-07 00:00:00,7.58,5.23,14.3,,15.13,128.76,9.39,,25.28,16.08,19.76,14.13,2.95,11.95,16.5,8.48,20.52,,,7.99,7.76,7.28
2020-01-08 00:00:00,7.3,5.29,13.97,,14.71,127.77,9.1,,24.72,15.93,19.33,13.75,3.21,11.26,16.5,8.15,26.03,,,7.68,7.45,7.17
2020-01-09 00:00:00,7.46,5.38,14.27,,15.35,128.5,9.41,,24.73,16.15,19.41,14.2,3.24,11.81,16.5,7.33,26.29,,,7.74,7.61,7.25
2020-01-13 00:00:00,7.76,5.29,14.32,,15.38,128.6,9.21,,24.91,16.22,19.45,14.2,3.15,11.87,16.5,7.35,26.49,,,7.77,7.92,7.25
2020-01-14 00:00:00,7.38,5.31,14.35,,15.23,127.72,9.7,,24.91,15.65,17.42,14.2,3.04,12.65,16.5,6.69,30.66,,,7.82,7.92,7.2
2020-01-16 00:00:00,7.3,5.28,14.22,,15.15,127.2,10.14,,25.59,15.56,17.39,14.13,2.93,12.58,16.5,7.47,18.78,,,7.75,7.92,7.21
2020-01-17 00:00:00,7.46,5.22,14.15,,15.3,126.74,10.12,,25.58,15.64,17.54,14.13,2.9,12.58,16.5,7.44,18.7,,,7.79,7.58,7.21
2020-01-20 00:00:00,7.3,5.21,14.14,,15.15,127.3,10.09,,24.9,15.44,17.64,14.36,2.91,12.57,16.5,7.43,18.79,,,7.79,7.74,7.23
2020-01-21 00:00:00,7.4,5.3,14.25,,15.24,127.24,10.01,,24.89,15.41,17.45,14.28,2.91,12.59,16.5,7.48,18.82,,,7.7,7.74,7.17
2020-01-22 00:00:00,7.4,5.35,14.34,,15.38,127.89,10,,24.83,15.46,17.47,14.36,2.92,12.59,16.5,7.53,19.02,,,7.77,7.89,7.2
2020-01-23 00:00:00,7.79,5.41,14.35,,15.43,128.01,10.03,,24.84,15.7,17.62,14.36,2.92,12.92,16.5,7.58,19.08,,,7.79,7.74,7.12
2020-01-24 00:00:00,7.48,5.44,14.4,,15.52,128.22,9.97,,24.9,15.74,16.25,14.36,2.92,13.04,16.5,7.58,19.24,,,7.8,7.74,7.12
2020-01-27 00:00:00,7.48,5.37,14.13,,15.38,127.31,9.85,,24.9,15.7,16.13,14.43,2.94,12.98,16.5,7.55,19.09,,,7.7,7.58,7.08
2020-01-28 00:00:00,7.44,5.34,13.94,,15.2,126.25,9.79,,24.89,15.58,16.16,14.36,2.88,12.7,16.5,7.48,18.91,,,7.67,7.58,7.08
2020-01-29 00:00:00,7.31,5.35,14.03,,15.28,126.98,9.97,,25.45,15.84,16.45,14.51,2.9,12.89,16.5,7.54,18.86,,,7.65,7.58,7.1
2020-01-30 00:00:00,7.3,5.44,14.05,,15.27,135.04,9.84,,25.44,15.82,16.47,14.51,2.91,12.58,16.5,7.52,18.98,,,7.73,7.74,7.13
2020-01-31 00:00:00,7.31,5.44,13.86,,15.39,250.48,9.89,,25.4,15.71,16.44,14.58,2.96,12.71,16.5,7.66,18.49,,,7.77,7.74,7.16
2020-02-03 00:00:00,7.3,5.45,13.88,,15.47,249.97,9.82,,25.36,15.8,16.45,14.58,2.91,12.72,16.5,7.65,18.42,,,7.8,7.74,7.1
2020-02-05 00:00:00,7.31,5.45,13.85,,15.65,250.4,9.8,,25.37,15.92,16.26,14.51,2.91,12.76,16.5,7.72,18.79,,,7.73,7.74,7.16
2020-02-06 00:00:00,7.31,5.42,13.82,,15.75,250.42,9.79,,25.36,15.99,16.39,14.43,2.91,12.86,16.5,7.81,18.94,,,7.79,7.58,7.2
2020-02-07 00:00:00,7.4,5.42,13.89,,16.02,250.12,9.79,,25.35,15.9,16.25,14.43,2.93,12.89,16.5,7.82,18.76,,,7.73,7.58,7.24
2020-02-10 00:00:00,7.46,5.41,13.79,,15.97,250.55,9.75,,25.12,16,16.28,14.13,2.94,12.81,16.5,7.73,18.67,,,7.67,7.42,7.21
2020-02-11 00:00:00,7.46,5.37,13.62,,15.86,248.75,9.71,,25.11,15.94,16.15,14.13,2.96,12.74,16.5,7.69,18.48,,,7.63,7.42,7.04
2020-02-12 00:00:00,7.33,5.32,13.59,,15.68,248.21,9.64,,24.88,15.9,16.17,13.98,2.96,12.6,16.5,7.7,18.61,,,7.7,7.27,6.98
2020-02-13 00:00:00,7.41,5.28,13.5,,15.49,247.61,9.68,,24.72,15.88,16.21,13.98,2.95,12.55,16.5,7.47,18.55,,,7.69,6.95,6.96
2020-02-14 00:00:00,7.41,5.28,13.45,,15.54,245.38,9.7,,24.66,15.72,16.13,13.75,2.95,12.42,16.5,7.32,18.29,,,7.74,6.95,6.93
2020-02-17 00:00:00,7.3,5.28,13.42,,15.2,244.85,9.61,,24.66,15.67,16.03,13.83,2.95,12.41,16.5,7.4,17.97,,,7.78,7.11,7.14
2020-02-18 00:00:00,7.3,5.32,13.46,,15.19,245.05,9.58,,24.75,15.73,16.08,13.83,2.95,12.45,16.5,7.4,18.15,,,7.81,7.11,7.14
2020-02-19 00:00:00,7.3,5.41,13.48,,15.04,246.77,9.63,,24.37,15.73,16.1,13.83,2.93,12.48,16.5,7.47,17.88,,,7.83,6.95,7.17
2020-02-20 00:00:00,7.18,5.37,13.43,,14.79,246.03,9.56,,24.37,15.8,16.03,14.05,2.93,12.34,16.5,7.43,17.88,,,7.73,6.64,7.07
2020-02-24 00:00:00,6.96,5.35,13.26,,14.53,245.07,9.49,,24.37,15.69,15.93,13.98,2.97,12.2,16.5,7.32,17.66,,,7.81,6.33,6.99
2020-02-25 00:00:00,6.96,5.3,13,,14.41,243.61,9.33,,24.38,15.53,15.88,13.83,2.97,11.9,16.5,7.32,17.68,,,7.69,6.33,6.92
2020-02-26 00:00:00,6.72,5.19,12.84,,13.8,242.71,8.9,,24.37,15.36,15.79,13.6,2.91,11.62,16.5,7.18,17.32,,,7.52,6.18,6.82
2020-02-27 00:00:00,6.65,5.19,12.85,,13.82,243.62,8.64,,24.37,15.45,15.93,13.75,2.97,11.61,16.5,7.21,17.39,,,7.64,6.18,6.92
2020-02-28 00:00:00,6.25,5.13,12.64,,13.46,241.83,8.51,,24.37,15.28,15.73,13.6,2.97,11.42,16.5,7.09,17.05,,,7.38,6.02,6.84
2020-03-02 00:00:00,6.62,5.14,12.78,,14.24,242.16,8.67,,24.37,15.21,15.64,13.6,2.9,11.72,16.5,7.23,17.1,,,7.38,5.55,6.92
2020-03-03 00:00:00,6.57,5.17,12.85,,13.76,242.78,8.7,,24.36,15.16,15.84,13.75,2.93,11.68,16.5,7.21,17.07,,,7.37,5.55,6.92
2020-03-04 00:00:00,6.38,5.06,12.61,,13.57,241.07,8.48,,24.36,15.08,15.63,13.38,2.91,11.06,16.5,7.1,16.89,,,7.16,5.55,6.7
2020-03-05 00:00:00,6.3,4.96,12.4,,13.43,238.66,8.38,,24.36,15.02,15.37,13.3,2.91,10.88,16.5,7.1,16.6,,,7.24,5.55,6.62
2020-03-06 00:00:00,6.22,4.83,12,,12.85,236.49,8.19,,24.35,14.6,15.17,12.85,2.88,10.62,16.5,6.8,15.93,,,6.86,5.24,6.53
2020-03-10 00:00:00,5.97,4.64,11.4,,12.04,233.54,7.85,,23.98,13.84,15.08,12.77,2.78,10.2,16.5,6.65,15.27,,,6.37,4.78,6.4
2020-03-11 00:00:00,6.14,4.72,11.66,,12.32,237.53,8.07,,24.28,13.89,15.48,12.85,2.8,10.5,16.5,6.73,15.22,,,6.6,4.78,6.44
2020-03-12 00:00:00,5.8,4.5,11.1,,11.22,234.09,7.72,,24.27,13.59,14.68,11.94,2.67,9.84,16.5,6.63,14.54,,,6.27,4.31,6.12
2020-03-13 00:00:00,5.8,4.34,10.77,,10.82,230.4,7.42,,23.2,13.27,14.23,12.17,2.62,9.43,16.5,6.94,14.4,,,5.97,3.84,5.95
2020-03-20 00:00:00,5.49,3.8,9.87,,9.48,228.18,6.84,,22.81,12.8,13.24,11.19,2.54,8.49,16.5,6.59,13.73,,,5.4,3.22,5.41
Market Closed In April Due To COVID- 19,,,,,,,,,,,,,,,,,,,,,,
2020-05-11 00:00:00,5.49,3.39,9.24,-22.78,8.92,222.88,6.6,-11.46,22.81,12.58,12.47,10.59,2.44,8.1,16.5,6.36,13.25,,,5.32,3.22,5.45
2020-05-12 00:00:00,5.49,3.32,8.69,-22.78,8.23,221.17,6.55,-10.66,21.38,11.86,13.01,10.74,2.45,8.21,16.5,6.14,13.03,,,5.24,2.91,5.4
2020-05-13 00:00:00,6.62,3.43,8.92,-21.28,9.11,223.23,6.89,-11.61,22.23,11.94,13.54,11.49,2.51,8.99,16.5,6.58,13.96,,,5.39,3.37,5.67
2020-05-14 00:00:00,6.32,3.34,8.79,-21.28,9.2,225.28,6.92,-12.28,22.2,12.09,13.91,11.57,2.54,9.25,16.5,6.66,14.02,,,5.66,3.84,5.84
2020-05-15 00:00:00,5.67,3.52,8.55,-21.28,9.36,225.23,7,-12.45,22.27,12.24,14.54,11.94,2.52,9.4,16.5,6.77,14.01,,,5.84,3.84,6.17
2020-05-18 00:00:00,6.53,3.63,9.14,-25.03,10.07,226.75,7.26,-12.79,22.29,12.7,14.95,12.47,2.53,9.87,16.5,7.04,14.6,,,6.37,4,6.19
2020-05-19 00:00:00,6.47,3.7,9.36,-28.64,10.34,228.29,7.44,-13.1,22.55,13.12,15.03,12.4,2.53,9.98,16.5,7.13,14.77,,,6.43,4,6.27
2020-05-20 00:00:00,6.47,3.78,9.38,-28.64,10.1,227.68,7.61,-12.78,22.55,12.79,15.02,12.25,2.53,9.84,16.5,7.06,15.23,,,6.11,3.84,6.2
2020-05-21 00:00:00,6.45,4.09,9.92,-28.64,10.42,227.58,7.88,-13.03,22.55,12.93,14.89,12.25,2.55,10,16.5,7.2,15.74,,,6.3,4.15,6.31
2020-05-22 00:00:00,5.87,4.05,9.98,-28.64,10.56,228.69,7.96,-12.64,22.87,12.99,15.07,12.17,2.56,10.11,16.5,7.13,15.84,,,6.31,4,6.08
2020-05-26 00:00:00,5.99,3.93,10.03,-28.77,10.65,230.06,7.78,-12.72,22.83,13.08,14.89,12.17,2.53,9.94,16.5,6.83,15.57,,,6.42,4,6.19
2020-05-27 00:00:00,6.47,3.93,10.16,-27.54,10.56,229.61,7.89,-12.47,22.84,13.05,14.85,12.25,2.55,10.08,16.5,6.91,15.65,,,6.5,4,6.22
2020-05-28 00:00:00,6.75,3.99,10.49,-27.35,10.82,230.85,7.94,-12.7,23.27,13.29,14.96,12.17,2.63,10.23,16.5,7.01,15.78,,,6.77,4.15,6.21
2020-05-29 00:00:00,6.62,3.92,10.21,-27.35,10.71,230.07,7.92,-12.6,23.55,13.28,14.8,12.09,2.62,10.21,16.5,6.97,15.75,,,6.61,4.15,6.19
2020-06-01 00:00:00,6.47,3.81,9.96,-27.35,10.55,229.34,7.82,-12.57,23.55,13.25,15.07,12.09,2.61,10,16.5,6.95,15.52,,,6.54,4,6.23
2020-06-02 00:00:00,6.47,3.82,10.09,-26.8,10.47,229.13,7.81,-12.63,23.1,13.18,14.66,11.87,2.62,9.98,16.5,7.04,15.49,,,6.47,4.15,6.25
2020-06-03 00:00:00,6.58,3.79,10.1,-26.8,10.68,228.23,7.82,-12.53,22.92,13.22,15.18,11.87,2.52,10.11,16.5,6.98,15.45,,,6.4,4.15,6.35
2020-06-04 00:00:00,6.58,3.78,10.16,-26.8,10.84,227.76,7.79,-12.54,22.92,13.22,14.86,12.17,2.53,10.22,16.5,6.96,15.35,,,6.36,4.31,6.36
2020-06-08 00:00:00,6.63,3.82,10.38,-26.8,11.23,228.85,7.92,-12.98,22.93,13.34,14.92,12.25,2.55,10.56,16.5,7.06,15.34,,,6.47,4.62,6.4
2020-06-09 00:00:00,6.93,3.9,10.62,-26.8,11.61,231.82,7.99,-13.27,22.94,13.51,14.96,12.32,2.56,10.57,16.5,7.26,15.34,,,6.63,4.93,6.51
2020-06-10 00:00:00,6.8,3.9,10.58,-26.8,11.55,231.9,8.11,-13.25,22.74,13.49,14.97,12.85,2.59,10.48,16.5,7.28,15.25,,,6.63,4.93,6.55
2020-06-11 00:00:00,6.8,3.94,10.59,-26.8,11.62,231.98,8.14,-13.15,23.31,13.31,15.09,12.7,2.63,10.52,16.5,7.22,15.2,,,6.7,4.62,6.48
2020-06-12 00:00:00,6.63,3.96,10.52,-26.8,11.53,231.79,8.14,-13.21,23.8,13.3,14.99,12.62,2.63,10.68,16.5,6.72,15.23,,,6.68,4.62,6.47
2020-06-15 00:00:00,6.8,3.95,10.43,-26.8,11.49,231.7,8.08,-13.13,22.55,13.5,14.93,12.47,2.63,10.57,16.5,6.64,15.08,,,6.7,4.62,6.45
2020-06-16 00:00:00,6.95,4,10.61,-25.89,11.58,232.12,8.07,-13.14,22.55,13.28,15.1,12.55,2.66,10.71,16.5,6.75,15.04,,,6.73,4.62,6.48
2020-06-17 00:00:00,6.77,4.09,10.76,-26.04,11.54,368.97,8.26,-12.95,23.47,13.21,16.75,12.47,2.66,10.81,16.5,6.89,15.06,,,6.87,4.78,6.52
2020-06-18 00:00:00,6.72,4.15,10.74,-26.04,11.63,370.14,8.28,-13.93,23.47,13.25,16.66,12.62,2.66,10.79,16.5,6.94,15.28,,,6.9,4.62,6.53
2020-06-19 00:00:00,6.75,4.19,10.68,-26.04,11.83,370.9,8.3,-13.71,22.86,13.32,16.79,12.62,2.7,10.87,16.5,6.94,15.18,,,6.97,4.78,6.43
2020-06-22 00:00:00,6.93,4.36,10.84,-24.86,11.98,371.54,8.39,-14.12,22.87,13.32,16.79,12.92,2.71,11.17,16.5,6.94,15.16,,,7.15,4.78,6.45
2020-06-23 00:00:00,6.81,4.42,10.89,-25.53,12.14,372.83,8.4,-14.16,23.08,13.48,16.68,12.92,2.74,11.26,16.5,6.79,15.31,,,7.21,4.78,6.51
2020-06-24 00:00:00,6.75,4.41,11.29,-25.53,12.18,374.32,8.33,-13.97,23.09,13.46,16.72,12.77,2.72,11.33,16.5,6.87,15.27,,,7.38,4.93,6.56
2020-06-25 00:00:00,6.8,4.43,11.38,-25.35,12.54,372.97,8.33,-15.31,23.47,13.59,16.69,12.77,2.73,11.51,16.5,6.94,15.26,,,7.42,4.93,6.64
2020-06-26 00:00:00,7,4.44,11.4,-25.35,12.77,374.07,8.35,-15.72,23.47,13.63,16.77,12.85,2.75,11.64,16.5,6.95,15.39,,,7.42,5.24,6.73
2020-06-29 00:00:00,7.05,4.44,11.28,-25.52,12.5,373.51,8.35,-15.62,23.43,13.64,16.77,12.77,2.75,11.68,16.5,6.92,15.59,,,7.42,5.24,6.82
2020-06-30 00:00:00,7,4.45,11.17,-25.55,12.44,373.02,8.4,-15.34,23.7,13.54,16.76,12.7,2.92,11.74,16.5,6.89,15.78,,,7.27,5.09,6.86
2020-07-01 00:00:00,6.95,4.44,11.11,-25.55,12.49,374.91,8.4,-15.38,23.05,13.59,16.48,12.85,2.95,11.88,16.5,6.97,15.84,,,7.2,5.24,6.88
2020-07-02 00:00:00,6.86,4.38,10.96,-25.55,12.38,374.89,8.34,-15.42,23.06,13.5,16.32,12.62,2.94,11.77,16.5,6.99,15.82,,,7.11,5.24,6.84
2020-07-03 00:00:00,6.81,4.31,10.69,-26.04,11.79,372.92,8.25,-14.98,22.77,13.45,16.13,12.7,2.9,11.53,16.5,6.91,15.66,,,7.09,5.09,6.76
2020-07-06 00:00:00,6.81,4.3,10.57,-26.04,12.16,373.23,8.3,-14.75,22.76,13.69,16,12.62,2.91,11.66,16.5,6.93,15.77,,,7.17,5.09,6.75
2020-07-07 00:00:00,6.81,4.36,10.69,-26.04,12.2,373.42,8.32,-14.85,22.76,13.53,16.27,12.7,2.9,11.88,16.5,6.93,15.65,,,7.19,5.09,6.75
2020-07-08 00:00:00,6.91,4.33,10.56,-25.96,12.21,373.01,8.3,-14.89,22.59,13.58,16.2,12.7,2.91,11.97,16.5,6.99,15.84,,,7.07,5.09,6.74
2020-07-09 00:00:00,7.01,4.35,10.66,-25.98,12.48,373.69,8.45,-14.8,22.62,13.5,16.36,13.07,2.91,12,16.5,7,15.78,,,7.16,5.24,6.78
2020-07-10 00:00:00,6.8,4.21,10.34,-25.98,11.94,369.78,8.22,-14.41,22.75,13.41,16.14,12.85,2.87,11.51,16.5,6.84,15.36,,,6.97,4.93,6.64
2020-07-13 00:00:00,6.58,4.06,10.06,-25.98,11.83,365.34,8.02,-13.81,22.48,13.17,15.48,12.47,2.84,11.05,16.5,6.64,14.95,,,6.86,4.62,6.58
2020-07-14 00:00:00,6.73,4.15,10.2,-25.98,12.04,367.82,8.26,-13.95,22.56,13.26,15.82,12.55,2.85,11.31,16.5,6.68,15.12,,,6.98,4.78,6.61
2020-07-15 00:00:00,6.63,4.11,10.11,-25.98,11.95,367.29,8.17,-13.79,22.47,13.31,15.74,12.47,2.68,11.21,16.5,6.64,14.91,,,6.98,4.78,6.75
2020-07-16 00:00:00,6.65,4.18,10.32,-25.98,12.01,368.85,8.23,-14.14,22.47,13.31,15.94,12.7,2.71,11.4,16.5,6.68,15.01,,,6.95,4.93,6.66
2020-07-17 00:00:00,6.88,4.22,10.46,-25.98,12.22,370.9,8.26,-14.51,22.48,13.34,16.06,12.7,2.71,11.65,16.5,6.79,15.16,,,6.99,5.09,6.84
2020-07-20 00:00:00,6.95,4.27,10.63,-25.98,12.46,372.77,8.3,-14.74,22.8,13.44,16.23,12.85,2.73,11.96,16.5,6.85,15.39,,,7.07,5.55,6.86
2020-07-21 00:00:00,6.96,4.26,10.58,-27.41,12.37,372.24,8.25,-14.55,22.8,13.42,16.36,12.77,2.72,12.03,16.5,6.83,15.25,,,7.15,5.71,7.05
2020-07-22 00:00:00,7.13,4.24,10.51,-25.91,12.25,372.42,8.24,-14.25,22.62,13.39,16.36,13,2.72,12.24,16.5,6.83,15.3,,,7.08,5.71,6.96
2020-07-23 00:00:00,7.43,4.23,10.57,-25.91,12.47,373.37,8.27,-14.52,22.62,13.4,16.31,13,2.72,12.68,16.5,6.97,15.62,,,7.12,5.71,6.98
2020-07-24 00:00:00,7.46,4.24,10.68,-25.92,12.48,373.71,8.32,-14.9,22.74,13.83,16.55,13.15,2.73,12.92,16.5,7.03,16.04,,,7.16,5.71,7.02
2020-07-27 00:00:00,7.63,4.27,10.75,-26,12.62,375.9,8.42,-14.56,23.69,13.88,16.66,12.92,2.73,13.03,16.5,7.3,16.38,,,7.18,5.86,7.19
2020-07-28 00:00:00,7.76,4.27,10.73,-25.96,12.63,376.24,8.37,-14.34,24.07,13.91,16.48,12.92,2.74,13.13,16.5,7.23,16.31,,,7.07,5.86,7.17
2020-07-29 00:00:00,7.49,4.25,10.73,-25.94,12.7,376.48,8.38,-14.53,23.13,13.92,16.58,13,2.74,13.04,16.5,7.24,16.24,,,7.08,5.86,7.16
2020-07-30 00:00:00,7.48,4.23,10.71,-25.96,12.57,375.67,8.46,-14.3,23.49,13.9,16.67,12.92,2.75,13.03,16.5,7.22,16.16,,,6.97,5.86,7.18
2020-07-31 00:00:00,7.69,4.28,10.8,-26.19,12.75,375.97,8.55,-14.24,23.51,13.95,16.87,13.23,2.74,13.2,16.5,7.21,16.7,,,7.08,6.02,7.16
2020-08-04 00:00:00,7.66,4.34,11.01,-26.33,12.9,375.75,8.58,-14.53,24.15,13.97,16.95,13.45,2.76,13.45,16.5,7.19,17.29,,,7.13,6.18,7.29
2020-08-05 00:00:00,7.46,4.34,10.92,-26.33,12.9,374.25,8.56,-14.45,24.08,13.9,16.73,13.38,2.75,13.44,16.5,7.18,17.23,,,7.13,6.02,7.24
2020-08-06 00:00:00,7.63,4.35,11.07,-26.77,12.84,376.62,8.6,-14.88,24,13.93,17.14,13.23,2.81,13.53,16.5,7.2,17.26,,,7.14,6.18,7.24
2020-08-07 00:00:00,7.74,4.36,11.13,-25.85,13.37,427.92,8.71,-14.51,24.82,13.94,17.19,13.38,2.79,13.28,16.5,5.2,17.11,,,7.17,6.85,7.29
2020-08-10 00:00:00,7.69,4.32,11.8,-25.66,13.05,605.64,8.52,-15.16,24.82,13.83,17.55,13.23,3.31,13.48,16.5,5.19,16.81,,,7.4,6.68,7.22
2020-08-11 00:00:00,7.64,4.5,10.92,-26.82,11.91,1503.92,8.68,-15.19,24.72,14.72,18.59,13.23,3.41,13.27,19.88,5.4,16.83,,,7.49,6.46,8.11
2020-08-12 00:00:00,7.71,4.66,11.01,-26.96,11.94,2137.41,7.72,-10.12,24.73,14.65,19.41,13.15,3.45,13.38,19.88,5.37,16.8,,,7.58,6.46,8.09
2020-08-13 00:00:00,7.81,4.73,11.09,-26.96,11.81,2132.95,7.64,-9.99,24.73,14.66,19.7,13,3.52,13.66,19.88,5.36,16.66,,,7.56,6.62,8.25
2020-08-14 00:00:00,7.96,4.77,11.3,-26.89,11.64,2127.98,7.68,-10.01,24.79,14.68,20.19,13.07,3.5,13.76,19.88,5.31,16.83,,,7.55,7.44,8.29
2020-08-17 00:00:00,8.08,4.75,11.37,-26.89,11.64,2126.11,7.64,-9.88,24.7,14.66,20.06,13,3.5,13.51,19.88,5.32,16.64,,,7.5,7.44,8.38
2020-08-18 00:00:00,8.46,4.76,11.45,-26.88,11.77,2122.89,7.85,-9.77,24.72,14.72,19.81,12.85,3.46,13.57,19.88,5.34,16.56,,,7.52,8.25,8.37
2020-08-19 00:00:00,8.99,4.79,11.74,-25.52,11.85,2130.04,8.14,-10.33,24.57,14.87,19.92,13.53,3.44,13.63,19.88,5.34,16.55,,,7.64,8.9,8.41
2020-08-20 00:00:00,9.82,4.81,11.75,-26.87,11.84,2133.72,8.14,-10.33,24.57,14.89,19.93,13.53,3.44,13.84,19.88,5.38,16.7,,,7.63,8.74,8.45
2020-08-21 00:00:00,9.65,4.98,12.25,-27.17,11.83,-2391.7,8.15,-10.63,24.7,14.93,20.01,13.53,3.44,14.13,19.88,5.31,16.74,,,7.65,8.58,8.58
2020-08-24 00:00:00,9.68,5.01,12.02,-27.78,11.87,-564.44,8.1,-10.65,24.57,15.03,19.75,13.15,3.4,14.1,19.88,5.31,18.31,,,7.56,8.41,8.49
2020-08-25 00:00:00,9.22,4.95,11.98,-27.72,11.25,-457.58,8.03,-10.52,24.73,14.98,19.83,13.23,3.4,11.68,19.88,5.33,22.78,,,7.52,8.25,8.83
2020-08-26 00:00:00,9.14,4.92,11.99,-27.75,11.24,-454.1,7.82,-10.53,24.59,14.93,19.92,13.23,3.39,11.67,19.88,5.38,22.83,,,7.52,8.42,8.74
2020-08-27 00:00:00,9.62,4.88,11.95,-27.15,11.2,-454.99,7.84,-10.53,24.63,14.95,19.98,13.45,3.41,11.65,19.88,5.39,22.75,,,7.51,8.58,8.75
2020-08-28 00:00:00,9.91,4.91,12,-26.85,11.24,-342.42,7.78,-10.57,22.99,14.93,19.82,13.83,3.4,12.04,19.88,5.37,22.71,,,7.44,8.74,8.76
2020-08-31 00:00:00,10.25,4.9,12.16,-26.85,11.33,-302.29,7.97,-10.4,23.81,11.32,19.83,14.2,3.42,12.22,19.88,5.33,23.36,,,7.39,8.58,8.75
2020-09-02 00:00:00,10.04,4.86,12.18,-26.85,10.66,-247.27,8.06,-10.43,24.09,11.48,20.15,14.05,3.41,12.35,19.88,5.34,26.92,,,7.4,9.07,8.84
2020-09-03 00:00:00,9.92,4.84,12.12,-27.53,10.69,-247.19,8.05,-10.45,24.08,11.52,20.17,14.05,3.32,12.38,19.88,5.3,26.95,,,7.39,9.72,8.89
2020-09-04 00:00:00,9.96,4.79,12.11,-27.59,10.67,-114.91,7.98,-10.44,23.86,11.39,19.93,11.45,3.28,12.32,19.88,5.28,27.17,,,7.39,10.04,8.88
2020-09-07 00:00:00,10.71,4.75,12.07,-27.59,10.58,-114.62,7.96,-10.34,24.08,11.33,20.18,11.27,3.33,12.53,19.88,5.1,28.51,,,7.46,10.21,8.85
2020-09-08 00:00:00,10.71,4.75,12.1,-27.62,10.79,-114.16,7.98,-10.24,24.08,11.34,20.17,11.21,3.32,12.63,19.88,5.2,28.43,,,7.39,10.37,8.95
2020-09-09 00:00:00,11.16,4.82,12.29,-27.62,10.84,-113.13,8.01,-10.41,24.08,11.5,20.11,11.33,3.32,12.73,19.88,5.2,28.83,,,7.48,11.35,8.97
2020-09-10 00:00:00,11.3,4.83,12.42,-28.37,10.97,-114.73,8.05,-10.37,24.08,11.56,19.9,11.51,3.31,12.92,19.88,5.2,29.38,,,7.45,11.51,9.04
2020-09-11 00:00:00,11.54,4.89,12.43,-28.41,11.05,-114.72,8.11,-10.51,24.32,11.6,20.8,11.57,3.34,13.06,19.88,5.26,30.77,,,7.48,11.35,9.21
2020-09-14 00:00:00,11.9,4.92,12.6,-28.79,11.36,-115.42,8.16,-10.68,24.33,11.68,21.41,11.57,3.35,13.29,19.88,5.38,30.51,,,7.54,12.49,9.32
2020-09-15 00:00:00,12.43,4.9,12.87,-29.03,11.85,-115.16,8.14,-10.88,24.47,11.77,21.19,11.7,3.34,13.54,19.88,5.4,30.7,,,7.52,15.26,9.39
2020-09-16 00:00:00,12.38,4.92,12.88,-29.12,12.17,-115.67,8.17,-11.65,24.33,11.98,21.79,11.76,3.34,13.98,19.88,5.44,30.91,,,7.54,14.77,9.85
2020-09-17 00:00:00,12.12,5.14,12.96,-29.37,12.42,-116.64,8.23,-11.83,24.39,12.04,22.99,11.76,3.35,14.31,19.88,5.48,31.59,,,7.65,14.62,9.91
2020-09-18 00:00:00,11.96,5.24,13.1,-28.69,12.38,-117.41,8.45,-12.86,24.38,12.09,23.06,11.88,3.37,14.49,19.88,5.5,31.27,,,7.74,16.09,9.94
2020-09-21 00:00:00,12.46,5.22,13.35,-28.23,12.87,-119.79,8.54,-13.73,24.27,12.13,22.94,12.37,3.39,14.52,19.88,5.52,31.74,,,7.69,16.08,10.15
2020-09-22 00:00:00,12.79,5.16,13.32,-29.13,12.69,-84.37,8.77,-14.39,24.58,12.17,21.37,12.43,3.41,14.42,19.88,5.52,31.73,,,7.73,15.76,10.89
2020-09-23 00:00:00,13.02,5.19,13.36,-29.29,12.61,-78.43,8.7,-14.4,24.6,12.29,24.86,12.31,3.36,14.55,19.88,5.27,31.9,,,7.42,15.91,10.75
2020-09-24 00:00:00,13.15,5.2,13.33,-28.75,12.61,-79.65,8.68,-14.46,24.75,12.47,24.52,12.37,3.5,14.62,19.88,5.32,32.26,,,7.44,17.38,10.53
2020-09-25 00:00:00,13.28,5.2,13.33,-28.45,12.68,-80.02,8.79,-14.48,24.78,12.73,24.86,12.92,3.5,14.6,19.88,5.27,32.67,,,7.4,18.35,10.46
2020-09-28 00:00:00,13.15,5.22,13.61,-28.45,13.2,-80.29,8.93,-14.46,25.45,13.62,24.74,13.1,3.51,14.67,,5.43,33.86,,,7.49,18.03,10.44
2020-09-29 00:00:00,12.84,5.17,13.5,-28.45,13.46,-79.92,8.98,-14.39,25.25,13.46,24.4,12.98,3.5,14.74,,5.42,33.28,,,7.55,17.87,10.5
2020-09-30 00:00:00,12.76,5.16,13.39,-28.45,13.68,-80.66,8.99,-14.11,25.46,13.36,24.78,12.92,3.57,14.75,,5.38,33.38,,,7.54,18.84,10.38
2020-10-02 00:00:00,13.05,5.11,13.5,-28.45,14,-81.25,9.3,-14.25,25.41,13.48,24.77,12.86,3.58,15.14,,5.41,34.22,,,7.54,22.11,10.38
2020-10-05 00:00:00,11.88,4.75,12.57,-26.79,11.96,-75.48,8.45,-12.33,24.56,12.39,22.3,11.82,3.44,13.64,,4.97,30.71,,,7.25,19.49,9.61
2020-10-06 00:00:00,11.8,4.7,12.46,-27.54,11.92,-73.95,8.38,-12.12,24.73,12.25,22.65,11.63,3.34,13.64,,4.88,31.05,,,7.15,19.66,9.48
2020-10-07 00:00:00,11.88,4.87,12.47,-27.6,11.83,-74.1,8.41,-12.41,24.28,12.34,22.84,11.76,3.29,13.79,,4.99,31.05,,,7.17,19.82,9.58
2020-10-08 00:00:00,12.12,4.98,12.82,-27.6,12.45,-75.63,8.75,-12.86,24.79,12.7,25.02,12.06,3.36,14.33,,5.1,32.65,,,7.26,21.77,10.02
2020-10-09 00:00:00,12.35,5.07,12.94,-27.52,12.79,-76.58,8.85,-13.51,24.94,12.74,27.93,12,3.4,14.62,,5.08,32.78,,,7.34,23.9,10.23
2020-10-12 00:00:00,12.28,5.02,12.96,-27.52,12.75,-77.25,8.85,-13.5,24.89,12.81,29.31,12.37,3.4,15.39,,5.09,35.3,,,7.34,27.33,10.42
2020-10-13 00:00:00,12.11,4.95,12.82,-28.35,12.39,-77.18,8.75,-13.06,24.98,12.72,27.99,12.43,3.35,16.39,,5.05,34.97,,,7.28,28.47,10.79
2020-10-14 00:00:00,12.44,5.04,13.27,-28.35,12.69,-76.81,8.79,-13.32,25.28,12.83,27.49,12.37,3.34,17.69,,5.05,35.01,,,7.33,27.17,11.28
2020-10-15 00:00:00,13.72,5.06,13.52,-28.35,12.71,-76.86,8.77,-13.5,25.33,12.82,27.18,12.37,3.41,18.01,,5.09,34.75,,,7.3,29.29,10.91
2020-10-16 00:00:00,14.88,5.04,13.49,-29.17,12.57,-77.38,8.84,-13.5,25.91,12.9,27.22,12.31,3.45,18.18,,5.1,34.7,,,7.31,30.59,10.87
2020-10-19 00:00:00,13.98,5.05,13.51,-29.47,12.51,-76.45,8.9,-13.52,26.1,12.86,27.69,12.31,3.44,17.96,,5.03,34.59,,,7.37,31.57,10.81
2020-10-20 00:00:00,13.87,5.07,13.47,-28.79,12.56,-76.78,8.83,-13.35,25.91,12.88,27.17,12.31,3.43,17.82,,5.03,33.87,,,7.36,31.4,10.71
2020-10-21 00:00:00,12.91,4.85,12.81,-28.88,11.7,-74.65,8.32,-12.47,25.53,12.44,27.47,11.82,3.35,16.54,,4.76,31.77,,,7.22,28.15,10.07
2020-10-22 00:00:00,13.2,4.88,12.97,-28.85,11.98,-75.19,8.53,-12.58,25.52,12.68,27.42,11.94,3.34,17.01,,4.88,32.7,,,7.31,29.45,10.25
2020-10-23 00:00:00,13.24,4.9,12.95,-27.79,12.1,-75.53,8.49,-12.47,25.6,12.65,28.18,12.18,3.33,16.9,,4.89,32.82,,,7.28,29.1,10.31
2020-10-26 00:00:00,12.87,4.8,12.65,-28.09,11.67,-74.46,8.33,-12.43,25.22,12.45,27.51,12.06,3.39,16.35,,4.83,31.91,,,7.26,28.29,10.04
2020-10-27 00:00:00,12.83,4.83,12.65,-28.09,11.83,-74.22,8.34,-12.35,25.1,12.52,26.92,12.06,3.38,16.62,,4.8,31.73,,,7.29,28.94,10.06
2020-10-28 00:00:00,12.43,4.77,12.57,-27.72,11.62,-73.54,8.17,-12.01,25.1,12.33,26.59,11.82,3.37,16.22,,4.68,31.41,,,7.12,27.8,9.91
2020-10-29 00:00:00,12.78,4.86,12.82,-27.83,11.99,-75.02,8.41,-12.63,25.1,12.58,27.31,12.06,3.39,17.14,,4.87,32.31,,,7.19,29.59,10.21
2020-11-02 00:00:00,12.75,4.8,12.8,-27.83,11.84,-74.95,8.32,-13,25.1,12.6,26.73,12,3.43,17.05,,4.87,31.83,,,7.25,30.89,10.21
2020-11-03 00:00:00,13.05,4.85,13.19,-27.78,12.02,-76.05,8.61,-13.37,25.45,12.76,27.3,12.61,3.47,17.63,,4.94,32.88,,,7.41,36.43,10.58
2020-11-04 00:00:00,12.99,4.89,13.3,-27.73,12.27,-76.35,8.75,-13.03,25.69,12.82,27.63,12.73,3.48,18.04,,4.98,34.09,,,7.47,39.19,10.83
2020-11-05 00:00:00,13.12,4.92,13.73,-27.81,12.49,-77.58,8.87,-13.06,25.64,12.95,27.57,12.61,3.54,19.13,,4.99,34.19,,,7.65,40.66,10.71
2020-11-06 00:00:00,13.61,4.98,14.18,-28.75,13.11,-77.55,8.92,-13.14,25.67,13.05,27.88,13.47,3.56,19.74,,5.04,35.49,,,7.58,40.35,10.68
2020-11-09 00:00:00,13.18,4.97,14.39,-28.72,13.22,-75.57,8.88,-13.08,25.29,13.08,28.31,13.28,3.57,19.58,,5,38.98,,,7.59,46.04,10.84
2020-11-10 00:00:00,12.87,5.07,14.33,-28.8,13.17,-82.51,8.9,-12.81,25.37,12.98,28.15,13.04,3.59,18.49,,5.04,36.92,,,7.61,42.46,10.76
2020-11-11 00:00:00,12.95,5.1,14.43,-28.37,13.09,-79.92,8.86,-12.64,25.31,13.02,28.03,12.98,3.53,18.61,,5,37.37,,,7.66,41.64,10.78
2020-11-12 00:00:00,12.79,5,14.4,-28.4,12.95,-79.56,8.86,-12.7,25.67,13.07,27.59,12.86,3.53,18.39,,5,36.84,,,7.83,41.97,11.03
2020-11-13 00:00:00,12.84,5.01,14.36,-28.49,12.83,-78.69,8.86,-12.76,25.68,13.05,27.68,12.67,3.53,18.31,,4.99,36.87,,,7.79,41.97,11.3
2020-11-16 00:00:00,12.59,4.97,14.33,-31.61,12.91,-78.85,8.8,-12.96,26.74,13.02,27.72,12.79,3.53,18.32,,4.99,36.73,,,7.74,42.46,11.36
2020-11-17 00:00:00,12.91,4.95,14.52,-31.02,13.15,-79.63,8.8,-13.08,26.15,13.02,27.72,12.92,3.54,18.81,,4.96,37.09,,,7.88,44.9,11.39
2020-11-18 00:00:00,12.91,4.95,14.46,-33.09,13.19,-78.94,8.78,-12.86,26.16,13.09,27.59,12.92,3.54,18.92,,4.97,37.59,,,7.82,43.92,11.36
2020-11-19 00:00:00,12.81,4.95,14.35,-31.76,13.03,-78.47,8.72,-12.77,25.2,13.03,27.37,12.98,3.52,18.59,,4.93,36.95,,,7.78,42.62,11.31
2020-11-20 00:00:00,12.83,4.95,14.42,-33,13.04,-78.5,8.72,-12.7,25.09,13.16,27.55,13.1,3.54,18.8,,4.92,37.19,,,7.69,43.11,11.22
2020-11-23 00:00:00,12.94,4.94,14.36,-32.86,13.11,-78.35,8.69,-12.67,25.35,13.12,27.22,13.04,3.54,18.71,,4.98,37.03,,,7.68,43.27,11.1
2020-11-24 00:00:00,13.44,4.95,14.51,-32.99,13.37,-79.7,8.67,-12.67,25.29,13.09,27.31,12.98,3.56,18.89,,5.02,37.55,,,7.73,41.8,11.09
2020-11-25 00:00:00,14.24,4.94,14.74,-34.2,13.4,-80.46,8.74,-12.8,25.29,13.23,27.44,12.98,3.53,19.53,,5.01,37.81,,,7.77,41.47,11.08
2020-11-26 00:00:00,14.13,4.96,14.8,-33.89,13.49,-80.48,8.72,-12.65,25.6,13.24,27.45,12.92,3.53,19.61,,5.01,37.88,,,7.75,41.15,11.1
2020-11-27 00:00:00,14.41,4.96,14.9,-33.86,13.47,-85.37,8.76,-12.64,25.19,13.29,28.35,12.92,3.53,19.74,,5.01,37.79,,,7.86,42.61,11.08
2020-11-30 00:00:00,15.04,5.03,15.09,-32.2,13.96,-87.2,8.77,-13.06,25.29,13.45,28.43,12.86,3.53,19.99,,5.04,37.68,,,7.81,44.24,11.16
2020-12-01 00:00:00,14.83,5.15,15.29,-32.39,14.17,-92.14,8.9,-13.1,25.68,13.52,28.77,13.16,3.55,20.21,,5.09,37.85,,,7.85,43.76,11.13
2020-12-02 00:00:00,14.62,5.17,15.27,-32.09,14.31,-92.63,8.95,-13.08,25.42,13.62,29.84,12.92,3.57,20.17,,5.2,37.88,,,7.92,43.11,11.07
2020-12-03 00:00:00,13.8,5.18,15.27,-32.32,14.22,-92.96,8.97,-13.59,25.81,13.65,29.65,13.16,3.59,20.23,,5.35,37.51,,,7.9,42.81,11.19
2020-12-04 00:00:00,13.69,5.23,15.34,-31.65,14.45,-96.77,9.06,-14.88,26.01,13.64,29.74,13.59,3.57,20.35,,5.37,37.87,,,7.9,42.01,11.48
2020-12-07 00:00:00,13.55,5.37,15.44,-32.05,14.81,-103.97,9.12,-15.82,26.33,13.65,29.61,13.77,3.64,20.59,,5.4,38.19,,,8.08,41.18,11.64
2020-12-08 00:00:00,13.71,5.51,15.74,-32.82,14.79,-102.51,9.36,-15.66,26.4,13.79,29.73,13.59,3.65,20.94,,5.41,39.14,,,8.19,41.5,11.65
2020-12-09 00:00:00,13.92,5.5,15.9,-32.48,14.82,-101.52,9.4,-15.38,26.45,14.02,30.17,13.89,3.65,20.8,,5.43,40.36,,,8.18,40.85,11.57
2020-12-10 00:00:00,13.63,5.45,15.96,-32.81,14.87,-100.91,9.37,-14.99,26.72,14.04,30.07,14.14,3.66,20.74,,5.38,40.99,,,8.18,42.8,11.58
2020-12-11 00:00:00,13.74,5.41,16.01,-31.98,14.81,-99.79,9.33,-15.28,26.56,14.14,30.69,13.96,3.66,20.9,,5.32,41.15,,,8.16,42.48,11.64
2020-12-14 00:00:00,13.63,5.37,16.19,-32.03,14.82,-101.62,9.33,-15.07,26.77,14.29,33.21,13.89,3.67,21,,5.32,42.22,,,8.15,41.66,11.77
2020-12-15 00:00:00,13.58,5.3,16.13,-32,14.81,-97.01,9.58,-14.88,26.49,14.3,34.4,13.77,3.65,20.94,,5.28,48.97,,,8.12,41.51,11.63
2020-12-16 00:00:00,13.42,5.3,16.18,-32.06,14.73,-99.84,9.58,-14.72,25.58,14.27,35.17,13.83,3.64,20.88,,5.25,48.52,,,8.11,41.02,11.53
2020-12-17 00:00:00,13.42,5.27,16.19,-31.15,13.3,-99.92,9.11,-14.6,25.46,14.08,35.09,13.47,3.66,19.79,,4.98,46.19,,,8.09,42.66,11.47
2020-12-18 00:00:00,13.42,5.12,17.94,-36.27,13.26,-94.25,9.2,-14.7,25.53,14,30.46,13.59,3.64,20.18,,4.96,44.7,,,8.03,43.51,10.83
2020-12-21 00:00:00,13.42,5.1,17.63,-36.27,13.33,-94.39,9.23,-14.76,25.65,14.06,29.94,13.53,3.64,20.57,,4.98,44.34,,,7.94,45.88,10.7
2020-12-22 00:00:00,13.42,5.07,17.64,-36.27,13.23,-93.8,9.18,-14.89,25.64,14.11,30.07,13.59,3.64,20.94,,5.01,47.06,,,8,46.72,10.7
2020-12-23 00:00:00,13.42,5.07,17.57,-36.2,13.57,-93.1,9.17,-14.93,25.6,14.1,30.45,13.53,3.63,20.89,,5.01,48.02,,,7.97,45.88,10.77
2020-12-24 00:00:00,13.42,5.09,17.73,-36.08,13.97,-93.89,9.23,-14.92,25.81,14.26,30.79,13.71,3.67,20.94,,5.04,48.79,,,8.02,46.21,10.68
2020-12-28 00:00:00,13.42,5.13,17.89,-37.27,13.84,-93.89,9.31,-15.21,25.6,14.22,30.7,14.79,3.66,21.01,,5.04,48.55,,,8.08,46.38,10.74
2020-12-30 00:00:00,13.42,5.15,18.06,-37.3,13.92,-94.36,9.23,-15.22,25.63,14.32,30.98,14.91,3.79,21.06,,5,48.76,,,8.13,48.42,10.68
2020-12-31 00:00:00,13.42,5.18,18.05,-37.04,13.83,-94.1,9.21,-15.25,26.16,14.42,31.62,14.97,3.79,21.33,,5.03,49.16,,,8.1,49.3,10.73
2021-01-04 00:00:00,14.35,5.29,18.27,-38.67,13.97,-94.12,9.35,-15.41,25.69,14.89,31.53,14.97,3.8,21.67,,5.09,49.38,,,8.13,52.53,10.75
2021-01-05 00:00:00,15.68,5.34,18.5,-38.46,14.79,-72.35,9.45,-15.88,26.03,15.13,31.03,14.91,3.8,21.87,,5.09,49.95,,,8.18,54.44,10.86
2021-01-06 00:00:00,15.68,5.33,18.69,-40.56,15.05,-69.31,9.55,-16.18,26.02,15.25,30.98,14.79,3.83,21.87,,5.12,50.25,,,8.33,53.61,10.68
2021-01-07 00:00:00,15.43,5.33,18.49,-38.47,13.46,-64.53,9.73,-15.78,25.91,15.54,30.6,15.22,3.96,21.86,,5.08,56.68,,,8.49,52.76,10.66
2021-01-08 00:00:00,15.58,5.37,18.48,-40.48,13.37,-66.56,9.85,-16.01,26.65,15.56,30.6,15.22,3.95,21.87,,5.06,59.38,,,8.46,58.34,10.53
2021-01-11 00:00:00,15.58,5.36,18.83,-37.78,13.44,-66.75,9.86,-16.04,26.94,15.8,30.48,14.98,3.93,22.12,,5.01,60,,,8.61,65.58,10.53
2021-01-12 00:00:00,15.82,5.34,18.79,-38.28,13.33,-66.99,10.31,-15.93,28.49,15.81,30.05,14.98,3.85,23.6,,5.01,62.54,,,8.65,70.15,10.55
2021-01-13 00:00:00,16.55,5.31,19.3,-39.24,13.82,-66.5,11.1,-15.93,28.15,16,30.16,14.98,3.87,24.47,,5.05,62.56,,,8.68,79.79,10.51
2021-01-15 00:00:00,16.53,5.43,20.35,-38.58,13.95,-67.24,12.32,-16.72,28.05,16.24,30.58,14.92,3.88,25.39,,5.11,63.65,,,9.13,90.62,10.46
2021-01-18 00:00:00,16.83,5.68,21.01,-38.03,13.77,-68.84,13.74,-17.62,27.4,16.21,29.93,14.98,3.92,25.69,,5.23,63.08,,,8.88,91.3,10.5
2021-01-19 00:00:00,16.41,6.11,20.66,-37.98,13.96,-67.75,12.81,-17.94,27.44,15.88,30.33,14.73,3.93,25.04,,5.19,61.85,,,8.81,84.88,10.68
2021-01-20 00:00:00,16.58,6.24,20.98,-38.16,13.9,-68.14,12.93,-17.95,27.44,15.91,30.19,14.79,3.94,25.63,,5.22,61.97,,,8.9,87.08,10.92
2021-01-21 00:00:00,18.2,6.14,22.63,-38.12,14.97,-69.02,13.71,-17.51,27.6,15.92,30.23,14.67,3.95,29.14,,5.26,67.92,,,9.02,86.06,10.9
2021-01-22 00:00:00,18.15,6.25,23.36,-39.87,15.26,-70.43,15.27,-18.07,28.67,16.75,30.06,15.1,4.04,28.82,,5.5,68.19,,,8.81,93.51,10.87
2021-01-25 00:00:00,17.53,6.47,24.3,-39.88,15.12,-69.71,15.65,-18.32,29.1,17.01,30.24,15.46,4.06,30.95,,5.53,68.66,,,8.95,105.02,10.94
2021-01-26 00:00:00,17.24,6.44,24.24,-39.57,15.25,-68.53,15.99,-17.61,29.82,16.67,29.65,15.28,4.1,31.31,,5.54,66.88,,,8.87,103.5,10.75
2021-01-27 00:00:00,16.7,6.29,25.43,-37.67,15.15,-68.14,17.78,-17.68,30.31,16.53,28.64,15.04,4.09,30.98,,5.67,65.45,,,8.86,94.87,10.68
2021-01-29 00:00:00,15.62,6.54,24.96,-38.1,14.61,-66.66,17.41,-17.09,30.13,16.19,27.89,15.04,4.06,29.68,,5.81,62.63,,,8.72,85.72,10.61
2021-02-01 00:00:00,15.45,6.35,24.27,-37.75,14.17,-66.18,17.11,-16.16,30.02,16.16,28.47,14.98,4.06,29.2,,5.59,61.76,,,8.55,87.08,10.45
2021-02-02 00:00:00,13.81,5.94,21.92,-35.41,13.21,-63.98,15.36,-15.42,29.14,15.34,26.64,14.43,4.45,26.1,,5.3,57.63,,,8.28,78.61,10
2021-02-03 00:00:00,15.05,6.07,22.48,-32.49,13.67,-58.92,16.03,-16.3,30.35,15.4,27.67,14.92,4.53,27.04,,5.23,49.58,,,8.1,-674.34,10.31
2021-02-05 00:00:00,15.4,6.18,25.79,-29.74,14.79,-44.4,15.63,59.49,29.97,15.73,26.24,14.67,4.86,26.71,,5.24,50.26,,,8.17,-733.65,10.53
2021-02-08 00:00:00,14.92,6.15,26.46,-30.89,14.48,-41.32,14.72,56.95,29.92,16.23,26.12,14.37,4.83,27.78,,5.18,49.5,,,8.11,-953.74,10.74
2021-02-09 00:00:00,15.49,6.06,25.69,-31.59,13.13,-37.04,14.34,56.67,29.14,16.22,25.81,14.43,5.78,24.89,,5.11,87.12,,,7.93,-921.73,10.43
2021-02-10 00:00:00,14.98,5.96,24.84,-30.98,12.48,-36.32,14.01,53.73,29.56,15.73,25.06,13.95,5.7,22.69,,5.01,84.97,,,7.9,-877.19,10.29
2021-02-11 00:00:00,14.14,5.86,24.26,-30.27,12.34,-35.82,13.69,52.52,29.43,15.55,23.93,14.07,5.6,22.27,,5.07,84.53,,,7.81,-841.61,10.17
2021-02-12 00:00:00,15.52,6.09,26.28,-30.27,12.82,-37.68,15.01,57.01,29.59,16.32,24.88,14.37,5.68,22.99,,5.18,88.07,,,8.01,-923.43,10.4
2021-02-15 00:00:00,14.96,6.05,27.26,72.97,12.95,-36.92,14.57,54.77,29.77,16.11,24.06,14.19,5.64,22.48,,5.1,86.88,,,8.09,-880.62,10.33
2021-02-16 00:00:00,14.61,5.9,26,68.53,12.29,-36.02,13.26,51.71,29.25,15.73,23.6,13.64,5.47,21.28,,4.99,83.1,,,8.05,-814.81,10.08
2021-02-17 00:00:00,13.96,5.87,26.2,68.23,12.27,-35.65,13.07,50.44,29.53,15.69,23.3,13.46,5.5,20.93,,5.05,82.98,,,8.03,-837.9,10.03
2021-02-18 00:00:00,14.7,5.89,26.69,68.16,12.97,-34.94,13.37,54.63,29.19,15.82,23.35,12.46,5.52,20.91,,5.09,85.56,,,7.95,-839.9,9.99
2021-02-19 00:00:00,14.15,5.93,26.5,68.14,13.25,-36.27,13.86,52.86,29.23,15.98,22.91,12.62,5.52,20.85,,5.07,84.75,,,7.99,-825.9,10.09
2021-02-22 00:00:00,14.07,5.85,25.51,70.81,12.76,-35.18,13.18,50.41,29.11,15.75,22.74,12.51,5.48,19.91,,5.02,82.23,,,8.09,-776.87,9.93
2021-02-23 00:00:00,13.61,5.69,24.05,69.76,12.15,-34.56,12.72,48.65,28.79,15.34,22.12,12.46,5.41,18.6,,4.91,79.56,,,7.99,-710.4,9.93
2021-02-24 00:00:00,13.56,5.66,24.75,70.64,12.34,-34.37,12.66,48.43,28.75,15.49,22.55,12.62,5.57,18.93,,4.91,80.52,,,7.94,-719.15,9.82
2021-02-25 00:00:00,13.87,5.79,25.02,68.64,12.36,-34.45,12.83,49.19,29.41,15.63,22.87,12.51,5.54,19.21,,4.91,81.17,,,7.99,-815.29,9.84
2021-03-01 00:00:00,13.63,5.78,23.9,68.43,11.97,-31.39,12.71,50.21,29.4,15.45,22.68,12.51,5.53,17.98,,4.86,56.34,,,8.01,-825.79,9.18
2021-03-02 00:00:00,13.45,5.72,23.6,68.25,11.77,-30.33,12.45,50.06,29.2,15.24,22.66,12.4,5.55,17.46,,4.84,55.61,,,8,-806.54,9.1
2021-03-03 00:00:00,13.19,5.61,22.82,68.25,11.51,-29.72,11.98,49.15,28.89,15.21,22.06,12.08,5.53,16.68,,4.68,53.96,,,7.94,-783.8,9.09
2021-03-04 00:00:00,12.69,5.55,22.05,66.34,11.34,-29.65,11.36,48.12,28.87,14.83,21.43,11.97,5.44,16.02,,4.65,52.4,,,7.91,-755.81,8.95
2021-03-05 00:00:00,12.69,5.57,22.37,65.59,11.22,-29.3,11.46,47.28,28.7,14.97,21.1,11.97,5.43,16.52,,4.7,52.25,,,7.83,-776.8,8.97
2021-03-08 00:00:00,13.61,5.74,26.22,62,11.64,-26.56,12.03,49.3,28.69,15.36,21.65,12.13,5.52,17.8,,4.89,52.53,,,7.98,-848.53,9.17
2021-03-09 00:00:00,13.85,5.77,26.31,65.15,11.75,-27.1,11.99,48.52,28.81,15.28,21.94,12.35,5.51,17.51,,5,38.34,,,7.96,-815.29,9.18
2021-03-10 00:00:00,13.52,5.6,29.7,66.02,11.62,-24.47,11.77,48.31,28.81,15.13,21.51,12.35,5.44,17.35,,4.99,41.75,,,7.94,-808.29,9.19
2021-03-12 00:00:00,13.45,5.66,29.92,62.56,11.6,-24.52,11.84,47.75,28.97,15.07,21.6,12.19,5.49,17.53,,4.95,42.66,,,8.03,-834.53,9.2
2021-03-15 00:00:00,13.33,5.64,29.37,62.56,11.4,-23.88,11.65,47.2,28.58,15,21.12,12.19,5.45,17.15,,4.91,41.71,,,7.97,-817.04,9.12
2021-03-16 00:00:00,13.03,5.62,29.05,64.29,11.45,-23.64,11.58,46.27,28.51,14.95,20.83,12.19,5.46,16.94,,4.88,41.93,,,7.99,-806.54,9.09
2021-03-17 00:00:00,12.94,5.56,28.75,62.56,11.44,-23.29,11.38,45.98,28.85,15.1,20.73,12.24,5.42,16.61,,4.83,41.4,,,7.95,-783.8,8.89
2021-03-18 00:00:00,12.47,5.73,42.59,28.83,15.51,-9.43,8.76,-17.04,33.31,15.21,34.69,12.19,5.35,15.41,,5.05,37.4,,,7.08,64.66,12
2021-03-19 00:00:00,12.48,5.85,45.82,28.87,15.72,-9.13,8.48,-16.8,33,15.05,34.22,12.02,5.39,15.16,,4.87,36.48,,,7.11,63.15,12.53
2021-03-22 00:00:00,12.73,5.87,46.9,28.65,19.58,-9.38,8.84,-17.05,32.99,15.74,35.46,12.08,5.39,15.73,,4.88,37.78,,,6.66,65.57,12.66
2021-03-23 00:00:00,13.39,5.9,48.38,28.76,19.74,-8.97,8.87,-17,32.99,15.7,35.01,12.08,5.55,15.08,,4.85,272.16,,,6.61,65.87,11.83
2021-03-24 00:00:00,14.53,6.06,47.36,29.33,19.97,-8.98,9.34,-17.06,32.83,16.83,32.66,12.19,5.45,15.76,,5.29,274.81,,,6.64,69.65,11.9
2021-03-25 00:00:00,14.03,6.03,46.93,28.67,20.03,-8.92,9.21,-16.6,32.82,16.97,32.87,12.24,5.45,15.47,,5.42,270.08,,,6.65,66.82,11.9
2021-03-26 00:00:00,14.21,5.95,61.41,23.03,20.03,-11.53,10.67,-10.4,32.83,16.9,31.03,15.09,5.48,15.22,,5.47,270.28,,,6.39,67.42,11.94
2021-03-29 00:00:00,14.31,6,60.72,43.15,20.12,-11.37,10.53,-9.77,29.45,18.79,31.69,15.09,5.68,15.27,,3.69,274.02,,,6.42,68.32,11.86
2021-03-30 00:00:00,14.2,5.99,58.53,42.91,20.05,-11.57,10.38,-9.89,29.61,28.26,31.32,15.03,5.7,15.32,,3.72,270.9,,,6.49,67.57,11.82
2021-03-31 00:00:00,8.42,5.87,57.43,43.66,19.97,-11.29,10.65,-10.29,29.61,26.92,31.94,15.03,6.36,15.27,,3.87,373.01,,,6.47,67.42,11.88
2021-04-01 00:00:00,8.6,5.83,58.78,43.85,20.13,-11.38,10.96,-10.27,29.51,26.72,34.74,15.36,5.79,15.71,,3.96,107.38,,,6.47,69.37,11.71
2021-04-05 00:00:00,8.84,5.71,52.21,43.48,22.12,-10.47,10.98,-10.55,29.55,25.13,34.4,15.43,5.75,12.86,,4.79,107.9,,,8.23,69.67,11.81
2021-04-06 00:00:00,9.16,5.77,51.45,44.6,22.65,-11.24,10.58,-10.33,29.51,24.86,30.53,16.03,5.8,13.18,,4.77,88.93,,,8.39,71.02,11.81
2021-04-07 00:00:00,7.32,5.85,51.81,45.62,22.52,-10.56,10.53,-10.32,29.47,24.79,30.2,15.7,5.72,12.94,,5.18,42.84,,,8.34,71.47,11.12
2021-04-08 00:00:00,6.06,5.94,50.64,45.87,23.27,-9.98,10.93,-10.46,29.51,24.52,24.28,15.9,5.67,13.22,,5.48,23.58,,,8.42,74.18,9.19
2021-04-09 00:00:00,6.07,5.93,50.23,43.93,22.74,-10.19,11.04,-10.52,29.84,24.48,24.34,15.9,5.58,11.45,,5.5,24.22,,,8.49,74.93,9.19
2021-04-12 00:00:00,6.18,6.09,51.33,45.95,23.01,-10.12,11.18,-10.82,29.84,24.75,25.06,16.16,5.59,11.61,,5.5,25.5,,,8.53,78.86,9.22
2021-04-15 00:00:00,6.39,6.09,52.17,46.02,23.01,-10.24,11.65,-10.9,29.84,24.76,24.8,16.37,5.6,11.91,,5.53,25.96,,,8.56,79.31,9.31
2021-04-16 00:00:00,6.31,6.07,47.55,12.53,23.2,-10.3,11.43,-10.73,27.85,23.72,24.75,16.23,5.6,11.85,,5.26,25.68,,,8.52,78.71,9.26
2021-04-19 00:00:00,6.21,6.02,58.42,12.21,22.9,-10.76,11.32,-10.59,27.85,23.6,24.9,16.3,5.69,11.42,,5.22,25.57,,,8.5,77.19,9.22
2021-04-20 00:00:00,6.02,5.93,56.1,12.21,22.15,-10.65,10.88,-10.16,27.79,23.22,24.84,15.83,5.66,10.85,,5.18,24.54,,,8.39,72.53,9.16
2021-04-21 00:00:00,6.14,5.92,52.58,12.21,22.34,-10.71,11.06,-10.37,27.93,23.43,24.87,16.03,6.17,11.06,,5.15,24.71,,,8.39,74.78,9.28
2021-04-22 00:00:00,6,5.84,51.66,12.21,22.58,-10.51,10.81,-10.13,27.53,23.23,24.31,16.1,6.17,10.8,,4.95,24.05,,,8.35,72.08,18.39
2021-04-23 00:00:00,5.88,5.76,50.59,12.21,22.33,-10.31,10.61,-10.08,27.65,23.1,24.67,16.03,6.15,10.55,,4.89,23.89,,,8.28,69.37,18.04
2021-04-27 00:00:00,5.73,5.61,49.82,12,20.11,-10.21,10.28,-9.66,27.46,22.79,24.19,15.7,6.03,10.18,,4.81,23.14,,,8.14,66.35,17.83
2021-04-28 00:00:00,5.92,5.69,48.8,11.77,20.54,-10.26,10.74,-9.83,24,23.07,24.8,16.03,6.12,10.58,,4.93,24,,,8.1,71.77,17.94
2021-04-29 00:00:00,5.92,5.66,48.32,11.83,20.25,-10.43,10.69,-9.8,24,22.99,25.24,16.1,6.08,10.48,,4.93,23.88,,,8.21,72.07,18.01
2021-04-30 00:00:00,5.92,5.7,48.43,11.83,20.46,-10.17,10.64,-9.81,24.01,23.11,25.33,16.03,5.92,10.48,,4.92,23.78,,,8.1,70.42,18.05
2021-05-03 00:00:00,5.85,5.65,48.04,11.83,20.07,-10.13,10.87,-9.71,24.03,23.34,25.61,16.1,5.88,10.24,,5.02,23.42,,,8.17,68.61,17.98
2021-05-04 00:00:00,5.9,5.64,47.11,11.83,20,-10.04,10.59,-9.52,23.95,22.98,25.71,15.83,5.83,10.06,,4.9,23.36,,,8.15,66.8,17.91
2021-05-05 00:00:00,5.92,5.69,47.19,11.76,19.98,-10.03,10.63,-9.64,23.95,23.11,25.71,16.1,5.87,10.18,,4.84,23.37,,,8.18,68.46,17.99
2021-05-06 00:00:00,5.95,5.71,47.27,11.71,20.07,-10.05,10.7,-9.71,24.06,23.38,25.81,16.03,5.89,10.3,,4.82,23.57,,,8.19,68.61,18.09
2021-05-07 00:00:00,5.95,5.73,46.55,12.04,19.75,-9.92,10.83,-9.79,24.16,22.53,25.55,16.03,5.32,10.12,,4.88,23.61,,,8.13,68.76,18.12
2021-05-10 00:00:00,5.86,5.76,44.09,11.7,19.48,-9.47,10.63,-9.55,24.14,21.25,25.72,15.7,5.2,9.87,,4.91,23.34,,,8.08,66.65,18
2021-05-11 00:00:00,5.96,5.75,41.99,11.7,13.39,-9.35,10.67,-9.65,23.79,21.2,26.41,16.03,5.21,9.9,,4.91,16,,,8.09,66.65,18.1
2021-05-12 00:00:00,5.92,5.74,39.3,11.7,13.44,-9.38,10.69,-9.64,24.16,21.17,26.49,15.83,5.13,9.89,,4.91,15.76,,,8.02,66.65,17.06
2021-05-13 00:00:00,5.95,5.79,38.91,11.7,13.47,-9.39,10.84,-9.67,24.26,21.4,26.61,16.03,5.03,9.97,,4.91,16.26,,,8.02,67.11,17.18
2021-05-17 00:00:00,6,5.9,39.84,11.7,13.57,-9.46,11.1,-9.76,24.27,21.36,27.93,16.16,5.03,10.24,,4.96,16.69,,,8.12,70.87,19.64
2021-05-18 00:00:00,6.02,5.94,39.83,11.97,13.72,-9.54,10.97,-9.78,24.46,21.41,27.65,16.03,5.02,10.32,,4.93,16.25,,,8.19,71.27,19.6
2021-05-19 00:00:00,6,5.94,39.69,11.97,13.68,-9.48,11.04,-9.69,24.46,21.33,27.89,16.03,5,10.15,,4.89,16.07,,,8.22,71,19.71
2021-05-20 00:00:00,6,5.9,39.36,11.97,13.62,-9.44,10.97,-9.97,24.14,21.3,27.48,16.03,5,9.97,,4.93,15.96,,,8.2,69.17,19.43
2021-05-21 00:00:00,5.96,5.88,38.79,11.72,13.56,-9.43,10.8,-9.59,24.28,21.05,27.21,15.9,4.97,9.83,,4.87,15.83,,,8.23,68.09,19.41
2021-05-24 00:00:00,5.89,5.89,38.95,11.72,13.52,-9.4,10.84,-9.67,24.41,21.12,27.19,15.76,4.97,9.81,,4.92,15.86,,,8.18,67.36,19.41
2021-05-25 00:00:00,6,6.02,38.81,12.03,13.64,-9.44,11.01,-9.74,24.59,21.15,27.24,15.76,4.98,9.83,,4.93,16.06,,,8.23,69.61,19.53
2021-05-28 00:00:00,6.02,6.07,39.4,12.03,13.74,-9.45,11.21,-9.76,24.92,21.09,27.36,15.83,5,9.91,,4.96,16.19,,,8.26,70.5,19.61
2021-05-31 00:00:00,6,6.1,40.13,12,13.86,-9.51,11.4,-10.85,24.8,21.11,29.17,15.96,5.05,9.88,,4.95,16.68,,,8.35,69.42,20.01
2021-06-01 00:00:00,5.95,6.18,40.05,13.15,13.91,-9.62,11.6,-11.14,25.28,21.31,28.31,16.16,5.05,9.89,,4.95,16.52,,,8.41,68.49,19.9
2021-06-02 00:00:00,6.01,6.14,39.83,13.16,13.86,-9.01,11.54,-11.07,24.65,21.24,27.92,16.83,5.06,9.72,,5.03,16.2,,,8.38,8.01,19.63
2021-06-03 00:00:00,6.04,6.19,40.47,12.73,13.99,-9.23,11.86,-10.96,25.01,21.37,28.09,16.04,5.06,9.93,,5.11,16.19,,,8.34,8.19,19.1
2021-06-04 00:00:00,6.14,6.24,40.52,12.88,14.06,-8.85,11.71,-10.57,25.3,21.48,27.84,15.9,5.03,9.92,,5.06,16.21,,,8.43,8.4,19.37
2021-06-07 00:00:00,6.16,6.25,40.5,12.74,14.26,-8.64,11,-10.56,25.16,21.3,27.35,15.77,5.03,9.91,,5.12,20.96,,,8.42,8.58,18.91
2021-06-08 00:00:00,6.16,6.2,32.77,12.63,17.7,-8.35,10.77,-10.58,24.81,20.78,26.98,16.3,5.2,9.85,,6.06,23.77,,,8.34,8.46,19.56
2021-06-09 00:00:00,6.13,6.21,32.56,12.6,17.83,-10.41,11.19,-10.72,24.66,20.59,27.16,15.82,5.36,9.99,,6.04,29.39,,,9.25,8.47,19.62
2021-06-10 00:00:00,6.09,6.27,32.83,12.9,17.94,-10.45,11.22,-10.63,24.93,20.55,26.97,16.26,5.42,10.09,,6.01,29.64,,,9.34,8.58,19.76
2021-06-11 00:00:00,6.07,6.28,32.59,12.49,17.84,-10.5,11.41,-10.64,25.14,20.58,27.17,15.96,5.39,9.98,,5.99,29.7,,,9.39,8.47,19.83
2021-06-14 00:00:00,6.07,5.97,28.92,5.08,17.58,-8.95,8.31,-15.86,19.23,15.49,20.23,15.28,5.38,6.99,,5.89,20.69,,,9.35,8.46,19.36
2021-06-15 00:00:00,7.13,5.55,20,5.09,27.29,-6.37,5.09,-105.31,16.85,13.21,11.71,12.51,5.35,5.63,,7.35,9.01,,,7.93,6.38,0.53
2021-06-16 00:00:00,7.2,5.57,19.78,5.45,27.45,-5.86,4.93,56.69,16.85,12.78,12.16,12.66,5.36,5.61,,7.36,9.29,,,7.94,6.69,0.54
2021-06-17 00:00:00,7.16,5.56,19.76,5.55,27.26,-5.88,7.57,54.73,16.72,12.75,12.49,12.9,5.37,5.71,,7.32,9.29,,,7.93,6.9,0.53
2021-06-18 00:00:00,7.12,5.56,19.75,5.53,27.1,-5.91,8.19,55.53,16.93,12.77,12.54,13.19,5.36,5.72,,16.08,9.31,,,8.02,6.86,0.54
2021-06-21 00:00:00,7.08,5.56,19.65,5.52,27.14,-5.94,8.32,54.58,16.93,12.85,12.56,12.95,5.35,5.63,,16.14,9.5,,,7.94,6.71,0.54
2021-06-22 00:00:00,7.06,5.49,19.31,5.4,26.83,-5.96,8.45,53.55,16.87,13.11,12.62,12.99,5.35,5.55,,16.21,9.41,,,8.01,6.65,0.53
2021-06-23 00:00:00,7.04,5.52,19.43,5.43,26.86,-5.93,8.58,54.32,16.82,12.88,12.58,12.95,5.36,5.54,,16.18,9.43,,,8.06,6.65,0.53
2021-06-25 00:00:00,7.01,5.52,19.63,5.67,26.73,-6,8.93,54.15,16.78,12.88,12.61,12.95,5.38,5.6,,16.33,9.46,,,7.78,6.74,19.41
2021-06-28 00:00:00,7.01,5.52,18.12,5.67,27.17,-5.91,9.31,52.62,16.76,13.2,12.67,12.99,5.39,5.84,,16.64,9.42,,,7.75,6.68,19.47
2021-06-29 00:00:00,6.99,5.28,17.85,5.61,27.17,-5.9,9.63,52.78,16.85,13.02,12.39,12.8,5.34,5.57,,16.64,13.57,,,7.7,6.61,19.39
2021-06-30 00:00:00,7.02,5.2,17.72,5.37,27.27,-5.86,9.83,52.56,16.81,12.95,12.26,12.61,5.32,5.5,,16.53,13.49,,,7.58,6.65,19.29
2021-07-01 00:00:00,7,5.21,17.65,5.51,27.4,-5.88,9.13,52.71,16.92,12.94,12.21,12.61,5.33,5.48,,16.48,13.38,,,7.67,6.51,19.29
2021-07-02 00:00:00,7.01,5.19,17.82,5.51,27.39,-5.88,8.97,51.87,16.98,13.05,12.44,12.9,5.35,5.54,,16.74,13.51,,,7.71,6.55,19.4
2021-07-05 00:00:00,7,5.15,17.32,5.63,27.55,-5.86,9.46,69.19,17.03,13.06,12.73,12.95,5.31,5.55,,16.63,13.59,,,7.64,6.53,19.01
2021-07-06 00:00:00,7.03,5.12,17.21,5.63,27.54,-5.88,9.55,67.42,17.43,13.08,12.65,12.9,5.29,5.51,,16.34,13.65,,,7.63,6.45,19.02
2021-07-07 00:00:00,7.08,5.11,17.25,5.65,27.77,-6.01,9.56,68.2,17.18,13.12,12.51,12.99,5.31,5.55,,16.16,13.59,,,7.63,6.5,19.05
2021-07-08 00:00:00,7.1,5.13,17.37,5.74,27.68,-5.97,9.54,66.62,17.3,13.07,12.53,13.62,5.3,5.55,,16.09,13.58,,,7.6,6.61,19.05
2021-07-09 00:00:00,7.1,5.16,17.45,5.63,28.38,-6.08,9.63,67.45,17.31,13.07,12.46,13.67,5.31,5.55,,16.14,13.68,,,7.62,6.75,19.12
2021-07-12 00:00:00,7.17,5.18,17.58,5.69,29.02,-6.35,9.49,66.53,17.28,13.07,12.61,14.35,5.4,5.59,,16.19,13.54,,,7.53,6.95,19.12
2021-07-13 00:00:00,7.63,5.18,17.75,5.67,29.39,-6.47,9.51,67.42,17.17,13.12,12.49,13.91,5.42,5.7,,16.28,13.7,,,7.63,6.99,19.25
2021-07-14 00:00:00,7.62,5.2,17.78,5.67,29.51,-6.67,9.51,69.02,17.21,13.17,12.76,14.25,5.43,5.7,,16.28,13.85,,,7.58,7.02,19.14
2021-07-15 00:00:00,7.59,5.2,17.95,5.62,29.74,-7.06,9.5,69.4,17.18,13.3,12.6,13.96,5.44,5.75,,16.43,13.97,,,7.62,7.02,19.24
2021-07-16 00:00:00,7.5,5.19,17.9,5.6,29.97,-6.93,9.32,67.36,17.3,13.35,12.68,13.91,5.44,5.75,,16.39,14.18,,,7.62,7.23,19.28
2021-07-19 00:00:00,7.54,5.18,18.19,5.56,30.38,-6.62,9.34,68.39,17.14,13.35,12.58,13.77,5.45,5.79,,16.2,14.37,,,7.58,8.32,19.23
2021-07-20 00:00:00,7.73,5.15,18.32,5.62,30.92,-6.61,9.44,68.2,17.13,13.43,12.65,13.91,5.33,5.9,,16.23,14.36,,,7.6,8.58,19.39
2021-07-22 00:00:00,7.71,5.09,18.37,5.64,31.37,-6.58,9.87,66.76,17.3,13.32,12.6,13.72,5.32,5.98,,16.19,14.34,,,7.59,8.86,19.38
2021-07-26 00:00:00,7.73,5.04,18.19,5.79,31.15,-6.69,9.96,65.99,17.29,13.28,12.63,13.62,5.3,5.84,,16.18,14.37,,,7.4,8.93,19.28
2021-07-27 00:00:00,7.62,5.03,18.15,5.79,30.91,-6.85,9.92,13.54,17.19,13.22,12.55,13.62,5.29,5.85,,16.28,14.34,,,7.4,8.74,19.26
2021-07-28 00:00:00,7.76,5.05,18.09,5.9,31.98,-6.93,9.86,13.48,17.19,13.2,12.53,14.11,5.3,5.92,,16.32,14.32,,,7.4,8.85,19.24
2021-07-29 00:00:00,7.97,5.04,16.7,6.94,32.88,-7.02,9.85,13.52,17.1,13.28,12.69,14.01,5.29,5.87,,16.09,14.3,,,7.47,8.84,19.25
2021-07-30 00:00:00,7.91,5.04,15.45,6.62,32.56,-7.12,9.7,13.51,17.11,13.23,12.66,12.98,5.37,5.79,,15.44,14.32,,,7.41,6.8,19.25
2021-08-02 00:00:00,7.82,5.01,15.45,6.26,32.14,-7.07,9.8,13.46,17,13.2,12.71,12.84,5.36,5.79,,15.32,14.04,,,7.32,7.44,19.25
2021-08-03 00:00:00,7.83,4.98,15.76,5.63,33,-6.9,9.92,13.3,17.02,13.19,12.74,12.93,5.35,5.89,,15.22,14.21,,,7,8.07,19.18
2021-08-04 00:00:00,7.83,5,15.78,5.52,33.98,-6.93,9.8,13.32,17.09,13.2,12.72,12.84,5.35,5.84,,15.2,14.14,,,6.99,7.89,19.13
2021-08-05 00:00:00,7.64,4.94,15.33,5.61,33.24,-6.69,9.49,13.12,17.12,12.86,12.74,12.84,5.32,5.6,,14.82,13.75,,,6.92,7.45,18.96
2021-08-06 00:00:00,7.68,4.97,15.36,5.69,27.35,-6.76,9.6,13.1,17.14,13.03,12.77,12.79,5.35,5.63,,15.11,13.81,,,6.49,7.64,19.1
2021-08-09 00:00:00,7.66,4.93,15.25,5.74,28.92,-6.76,9.57,12.91,17.32,13.02,12.92,12.84,5.36,5.48,,15.42,13.79,,,6.39,8.18,19.23
2021-08-10 00:00:00,6.79,4.94,14.94,6.28,27.5,-6.73,9.48,12.86,16.23,12.91,12.88,12.66,5.34,5.46,,15.26,13.82,,,6.41,8.37,18.13
2021-08-11 00:00:00,6.78,4.96,14.23,6.38,28.53,-6.79,9.48,12.75,16.13,12.84,10.47,14.13,5.35,5.48,,15.59,14.03,,,6.41,8.38,18.3
2021-08-12 00:00:00,6.61,4.93,13.92,5.91,29.48,-6.7,9.26,13.77,16.13,12.75,10.31,14.13,5.34,5.68,,15.56,13.62,,,6.38,8.08,18.29
2021-08-13 00:00:00,6.56,4.96,13.75,5.96,30.71,-5.57,9.25,13.1,16.13,12.74,10.42,14.08,5.39,5.7,,15.45,13.64,,,6.39,8.03,18.31
2021-08-16 00:00:00,6.92,4.95,13.65,5.98,30.65,-5.56,8.98,13.12,16.24,12.71,11.04,13.72,5.34,5.67,,15.05,13.75,,,6.36,8.01,18.29
2021-08-17 00:00:00,6.97,4.74,12.54,5.81,12.56,-5.76,9.79,13.11,16.34,12.61,9.58,14.74,5.12,5.63,,15.15,11.99,,,6.39,8.67,16.67
2021-08-18 00:00:00,6.83,4.57,12.51,5.85,13.39,-5.97,12.43,28.13,16.3,12.11,9.39,15.96,5.21,5.61,,15.24,11.8,,,6.37,10.01,16.41
2021-08-19 00:00:00,6.85,4.58,11.8,6.42,12.81,-6,12.24,28.2,16.05,11.86,8.56,15.45,5.23,5.54,,15.16,11.12,,,6.41,9.68,15.83
2021-08-20 00:00:00,6.83,4.57,11.74,7.67,12.87,-5.96,12.04,27.92,16.08,11.81,8.48,15.6,5.27,5.53,,15.23,11.05,,,6.38,10.19,15.71
2021-08-23 00:00:00,6.84,4.6,12.13,8.05,13.96,-5.88,12.97,28.25,16.08,11.8,8.4,16.01,5.27,5.52,,15.63,10.81,,,6.36,12.44,15.65
2021-08-24 00:00:00,6.49,4.67,12.28,7.6,13.55,-5.95,14.21,28.36,16.1,11.93,8.59,16.67,5.25,5.59,,15.59,10.89,,,6.27,12.17,15.69
2021-08-25 00:00:00,6.34,4.67,12.26,7.64,13.37,-6.26,14.68,28.51,15.99,11.95,8.81,17.33,5.25,5.62,,15.61,11.01,,,6.25,12.45,15.72
2021-08-26 00:00:00,6.33,4.91,12.5,7.51,13.71,-6.49,14.39,28.67,15.99,11.99,8.88,16.72,5.24,5.66,,15.81,11.01,,,6.25,14.87,13.52
2021-08-27 00:00:00,6.27,4.8,12.62,7.03,13.28,-6.33,14.16,28.39,15.88,12.33,8.73,16.47,5.21,5.77,,15.87,10.93,,,6.17,15.12,13.41
2021-08-30 00:00:00,6.27,4.71,12.6,7.01,13,-6.21,14.35,29.13,15.82,12.4,8.78,15.86,5.08,5.76,,15.75,10.76,,,6.08,14.43,13.35
2021-08-31 00:00:00,6.28,4.74,12.57,6.9,13.42,-6.25,14.25,29.26,15.7,12.4,8.8,16.67,5.05,5.77,,15.79,10.68,,,6.02,16.99,13.36
2021-09-01 00:00:00,6.28,4.71,13.05,6.59,13.39,-6.28,14.34,29.21,15.66,12.65,8.9,16.47,5.05,5.84,,15.71,10.67,,,6.09,18.28,13.36
2021-09-02 00:00:00,6.27,4.74,13.47,6.69,13.73,-6.34,14.67,29.45,15.88,12.79,9.75,16.16,5.12,5.97,,15.89,10.83,,,6,18.71,13.52
2021-09-03 00:00:00,6.46,4.73,13.39,6.55,13.81,-6.46,14.5,29.82,15.62,12.74,10.06,16.67,5.08,5.94,,16.32,10.93,,,6.03,18.91,13.5
2021-09-06 00:00:00,6.49,4.7,13.14,6.54,13.54,-6.47,14.29,29.92,15.61,12.72,10.12,16.67,5.07,5.87,,15.99,10.94,,,6.22,18.33,13.52
2021-09-07 00:00:00,6.47,4.7,12.87,6.39,13.25,-6.39,13.82,29.7,15.62,12.52,9.83,16.42,5.06,5.73,,15.8,10.81,,,6.29,18.58,13.42
2021-09-08 00:00:00,6.2,4.67,12.42,6.45,12.76,-6.27,12.96,28.42,15.52,12.13,9.52,16.11,5.03,5.54,,15.37,10.6,,,6.22,17.32,13.3
2021-09-09 00:00:00,6.36,4.73,12.74,6.45,13.11,-6.51,13.42,29.33,15.64,12.46,9.94,16.06,5.05,5.69,,15.96,10.67,,,6.29,17.72,13.47
2021-09-10 00:00:00,6.52,4.73,12.54,6.39,12.83,-6.53,13.03,28.85,16.09,12.27,9.79,16.11,5.02,5.58,,15.8,10.98,,,6.42,17.24,13.39
2021-09-13 00:00:00,6.41,4.65,12.17,6.12,12.27,-6.43,12.51,27.86,16.08,11.93,9.59,16.06,5.03,5.39,,15.51,10.83,,,6.32,14.71,13.22
2021-09-14 00:00:00,6.5,4.66,12.44,5.97,12.69,-6.65,12.79,28.39,16.11,12.05,9.8,16.06,5.06,5.51,,15.61,10.87,,,6.32,15.5,13.37
2021-09-15 00:00:00,6.5,4.69,12.68,6.4,13.28,-7.1,13.27,28.41,15.66,12.28,9.93,16.21,5.07,5.59,,15.73,10.86,,,6.36,17.27,13.4
2021-09-16 00:00:00,6.53,4.7,12.52,6.15,13.06,-6.93,13.08,28.27,15.68,12.24,9.94,16.42,5.09,5.58,,15.66,10.76,,,6.33,16.76,13.39
2021-09-17 00:00:00,6.54,4.69,12.39,6.11,12.85,-6.88,13.02,28.46,16.07,12.12,9.92,16.57,5.08,5.54,,15.57,10.76,,,6.28,16.81,13.37
2021-09-21 00:00:00,6.55,4.67,12.33,6.14,12.78,-7.45,12.83,28.46,16.07,12.13,9.83,16.42,5.02,5.5,,15.51,10.64,,,6.24,16.56,13.36
2021-09-22 00:00:00,6.46,4.67,12.41,6.14,12.82,-7.35,12.83,28.35,16.07,12.11,9.71,16.57,5.03,5.51,,15.53,10.71,,,6.26,16.89,13.53
2021-09-23 00:00:00,6.46,4.68,12.53,6.07,12.88,-7.2,12.85,28.65,16.07,12.15,9.67,16.52,5.01,5.52,,15.53,10.83,,,6.28,17.37,13.6
2021-09-24 00:00:00,6.47,4.71,12.67,6.27,13.06,-7.35,13.2,28.81,15.92,12.22,9.8,16.52,5.03,5.54,,15.62,10.77,,,6.35,17.77,13.6
2021-09-27 00:00:00,6.51,4.69,12.88,8.56,13.14,-7.3,14.98,30.31,15.94,12.33,9.72,17.28,5.06,5.59,,15.65,10.76,,,6.31,19.16,13.61
2021-09-28 00:00:00,6.45,4.68,12.97,8.14,13.03,-7.44,15.23,29.62,15.7,12.35,9.77,17.08,5.05,5.6,,15.64,10.82,,,6.29,19.74,13.68
2021-09-29 00:00:00,6.49,4.69,13.28,8.37,13.06,-7.64,15.32,30.04,15.73,12.57,9.66,17.13,5.22,5.61,,15.85,10.94,,,6.3,19.56,13.65
2021-09-30 00:00:00,6.4,4.73,13.41,9.3,13.07,-7.92,15.16,30.82,15.73,12.46,9.64,16.98,5.19,5.6,,16.03,10.91,,,6.33,20.17,13.69
2021-10-01 00:00:00,6.47,4.74,13.41,8.83,12.99,-8.1,14.98,31.87,15.69,12.48,9.56,16.98,5.2,5.56,,16.14,11.02,,,6.31,20.07,13.68
2021-10-04 00:00:00,6.38,4.76,13.53,8.84,12.99,-8.21,15.53,34.89,15.88,12.55,9.74,16.98,5.22,5.54,,16.08,11.21,,,6.28,19.76,13.82
2021-10-05 00:00:00,6.37,4.86,13.51,8.56,12.8,-8.64,15.5,32.82,15.88,12.52,9.68,16.98,5.21,5.5,,16.4,11.32,,,6.29,19.16,13.87
2021-10-06 00:00:00,6.33,5.09,13.57,8.73,12.87,-8.79,15.66,33.3,15.92,12.54,9.68,16.52,5.2,5.54,,16.83,11.37,,,6.43,19.18,13.75
2021-10-07 00:00:00,6.49,5.11,13.61,8.65,12.8,-8.53,15.78,33.07,15.88,12.66,9.71,16.93,5.25,5.6,,16.77,11.22,,,6.4,19.44,13.83
2021-10-08 00:00:00,6.48,5.05,13.67,8.5,12.81,-8.7,15.69,35.69,15.92,12.68,9.86,16.67,5.26,5.67,,16.49,11.29,,,6.36,19.51,13.84
2021-10-11 00:00:00,6.44,4.96,13.58,8.59,12.74,-8.55,15.67,40.06,15.88,12.71,9.85,16.93,5.27,5.71,,16.67,11.26,,,6.4,19.26,13.93
2021-10-12 00:00:00,6.49,4.98,13.51,8.48,12.72,-8.47,15.69,38.73,15.88,12.69,9.82,16.42,5.29,5.67,,16.69,11.15,,,6.4,19.38,13.85
2021-10-13 00:00:00,6.4,4.92,13.2,8.22,12.35,-8.32,15.37,37.8,15.88,12.57,9.74,16.37,5.27,5.62,,16.63,11.01,,,6.4,19.03,13.73
2021-10-14 00:00:00,6.4,4.96,13.35,8.2,12.49,-8.44,15.73,38.28,15.87,12.64,9.85,16.93,5.26,5.67,,16.61,11.16,,,6.5,19.56,13.72
2021-10-15 00:00:00,6.48,4.93,13.42,8.06,12.49,-8.37,15.72,37.91,15.88,12.63,9.77,16.52,5.28,5.63,,16.55,11.14,,,6.5,19.81,13.74
2021-10-18 00:00:00,6.7,4.96,13.45,8.2,12.43,-8.32,16.39,38.39,15.57,12.61,9.74,16.51,5.31,5.63,,16.47,11,,,6.46,19.96,13.65
2021-10-21 00:00:00,6.56,4.97,13.46,8.17,12.41,-8.24,17.56,38.15,15.56,12.65,9.82,16.81,5.3,5.66,,16.44,10.97,,,6.42,20.39,13.69
2021-10-22 00:00:00,6.54,4.99,13.61,8.05,12.94,-8.21,17.29,36.7,15.57,12.68,9.88,16.87,5.3,5.78,,16.47,11.1,,,6.32,21.15,13.71
2021-10-25 00:00:00,6.64,4.96,13.88,8.15,13.57,-8.17,17.41,35.6,15.48,12.72,10.05,16.66,5.32,5.77,,16.45,11.25,,,6.4,22.74,13.67
2021-10-26 00:00:00,6.62,4.96,14.08,8.66,13.49,-8.31,17.64,35.23,15.41,12.91,10.03,16.71,5.31,5.82,,16.52,11.24,,,6.37,22.57,13.68
2021-10-27 00:00:00,6.9,5.07,14.19,8.62,13.24,-8.25,17.8,36.12,15.31,12.83,10.07,16.14,5.32,5.86,,16.62,11.33,,,6.39,22.16,13.78
2021-10-28 00:00:00,6.75,5.1,14.13,8.64,13.24,-8.51,17.71,37.34,15.24,12.83,10.08,16.7,5.31,5.9,,16.73,11.24,,,6.43,21.88,13.76
2021-10-29 00:00:00,6.77,5.11,14.28,8.62,13.22,-8.68,17.58,36.82,15.25,12.93,10.1,16.49,5.32,5.92,,16.55,11.22,,,6.43,21.88,13.72
2021-11-01 00:00:00,6.66,5.1,14.13,8.69,13.18,-8.48,17.93,36.52,15.32,12.87,9.99,15.93,5.31,5.86,,16.46,11.15,,,6.35,21.33,13.7
2021-11-02 00:00:00,6.68,5.1,14.1,8.71,13.15,-8.44,19.14,36.34,15.09,12.95,10.02,15.27,5.33,5.81,,16.54,11.18,,,6.36,20.95,13.68
2021-11-03 00:00:00,6.57,5.11,14.05,8.65,13.16,-8.36,20.42,35.08,15.18,12.96,9.91,16.14,5.35,5.8,,16.57,11.37,,,6.39,20.57,13.7
2021-11-05 00:00:00,6.57,5.07,13.86,8.3,12.96,-8.35,22.67,34.46,15.31,12.94,9.92,15.68,5.31,5.75,,16.47,11.37,,,6.36,20.06,13.63
2021-11-08 00:00:00,6.29,5.04,13.91,8.37,13.71,-8.41,22.09,34.28,15.27,13.01,10.2,15.68,5.26,5.73,,16.47,11.44,,,6.32,20.95,13.67
2021-11-09 00:00:00,6.11,5.04,13.71,8.3,13.19,-8.33,20.73,34.43,15.26,12.94,10.07,15.68,5.27,5.57,,16.24,11.81,,,6.32,20.21,13.78
2021-11-10 00:00:00,6.12,5.06,13.87,8.49,13.05,-8.72,21.39,34.43,15.32,13.03,10.13,15.73,5.28,5.83,,16.37,12.02,,,6.33,20.27,14.23
2021-11-11 00:00:00,6.05,5.03,13.89,8.96,13.1,-8.59,22.63,34.59,15.23,13.25,10.13,15.93,5.29,5.77,,16.48,12.08,,,6.36,19.96,14
2021-11-12 00:00:00,6.04,5,13.89,8.7,13.37,-8.58,22.52,37.54,15.09,13.18,10.34,15.68,5.28,5.77,,16.31,12.26,,,6.39,19.81,14.38
2021-11-15 00:00:00,6.11,4.89,13.83,8.9,13.14,-8.45,23.32,36.89,15.09,13.16,10.28,15.73,5.26,5.75,,16.33,12.09,,,6.36,20.52,14.58
2021-11-16 00:00:00,6,4.86,13.7,8.83,12.98,-8.36,25.37,35.7,15.03,13.12,9.86,15.68,5.29,5.66,,16.22,12.16,,,6.33,21.75,14.36
2021-11-17 00:00:00,6.03,4.9,14,8.63,13.06,-8.35,24.84,34.93,14.99,13.06,9.79,15.42,5.28,5.73,,16.13,11.98,,,6.4,22.94,14.32
2021-11-19 00:00:00,6.03,4.87,14.15,8.76,12.87,-8.33,21.88,34.77,14.91,12.95,9.87,15.27,5.25,5.85,,16.21,12.03,,,6.33,23.24,14.2
2021-11-22 00:00:00,6.06,4.9,14.18,9.17,12.91,-8.26,22.98,37.2,14.99,12.93,9.47,14.97,5.26,5.93,,16.09,11.8,,,6.32,23.57,14.29
2021-11-23 00:00:00,6.04,4.87,14.39,9.63,13.24,-8.13,23.56,35.96,14.98,13.07,9.6,14.76,5.25,5.97,,16.23,11.89,,,6.26,23.52,14.24
2021-11-24 00:00:00,6.03,4.85,14.55,9.51,13.1,-8.11,23.19,35.51,14.94,13.28,9.72,14.97,5.21,5.99,,16.35,11.95,,,6.32,23.04,14.15
2021-11-25 00:00:00,6.43,4.85,14.76,9.91,13.05,-8.14,23.17,36.6,14.99,13.51,9.64,15.12,5.2,6.14,,16.24,12.2,,,6.46,23.8,14.12
2021-11-26 00:00:00,6.33,4.84,15.14,10.81,13.3,-8.12,23.68,36.9,14.77,13.57,9.76,15.42,5.24,6.19,,16.13,12.11,,,6.46,25.01,14.12
2021-11-29 00:00:00,6.22,4.78,15.04,10.53,13.41,-7.82,23.49,36.42,14.52,13.46,9.72,15.17,5.34,6.28,,16.26,11.99,,,6.44,26.65,14.23
2021-11-30 00:00:00,6.36,4.73,15.1,10.3,13.81,-7.79,24.53,36.31,14.27,13.62,9.71,14.97,5.4,6.29,,16.27,12.22,,,6.43,28.47,14.28
2021-12-01 00:00:00,6.33,4.57,15.16,10.03,13.65,-8.06,23.4,35.65,14.45,13.77,10.36,14.91,5.46,6.28,,16.23,12.34,,,6.32,28.77,14.63
2021-12-02 00:00:00,6.25,4.58,15.22,10.1,13.66,-8.1,22.09,36.11,14.41,13.82,9.92,14.81,5.99,6.19,,16.2,12.08,,,6.36,28.67,14.54
2021-12-03 00:00:00,6.27,4.56,15.32,11.12,13.44,-7.97,20.5,37.84,14.33,13.96,9.73,14.64,5.91,6.14,,16.5,11.97,,,6.46,28.34,14.43
2021-12-06 00:00:00,6.17,4.52,15.63,11.31,13.31,-7.85,20.27,39.81,14.61,14.07,9.89,14.58,5.88,6.31,,16.36,11.94,,,6.24,21.47,14.26
2021-12-07 00:00:00,6.27,4.5,15.54,11.09,13.45,-7.94,20.02,43.24,14.46,14.16,9.88,15,5.9,6.5,,16.32,12.29,,,6.24,21.8,14.47
2021-12-08 00:00:00,6.28,4.49,14.73,10.9,13.52,-8.28,19.13,-66.14,14.47,14.1,9.44,15.36,6.01,6.86,,16.52,12.37,,,6.28,22.13,14.42
2021-12-09 00:00:00,6.3,4.47,14.6,11.03,13.11,-8.57,17.25,-63.9,14.46,13.88,9.31,15.36,6.1,6.91,,16.62,12.51,,,6.32,22.74,14.36
2021-12-10 00:00:00,6.34,4.44,14.49,11.77,13.26,-8.36,17.47,-61.78,13.54,13.87,9.14,15.51,6.13,7.01,,14.14,12.73,,,6.34,24.63,14.08
2021-12-13 00:00:00,6.33,4.36,14.79,11.14,13.45,-8.3,18.62,-61.9,13.55,13.88,9.25,15.56,5.95,7.04,,14.22,12.7,,,6.34,25.49,14.23
2021-12-14 00:00:00,6.39,4.33,15.04,11.27,13.8,-8.15,18.65,-71.9,13.51,13.8,9.22,15.87,5.96,7.01,,14.24,12.93,,,6.34,27.43,14.45
2021-12-15 00:00:00,6.35,4.31,14.95,11.15,14.35,-8.24,18.48,-68.84,13.39,13.77,9.2,16.59,5.94,7.09,,14.19,13.12,,,6.06,27.34,14.33
2021-12-16 00:00:00,6.34,4.31,14.86,11.04,14.22,-8.22,18.26,-66.71,13.42,13.74,9.06,16.13,5.94,7.13,,14.07,13.18,,,6.01,27.03,14.19
2021-12-17 00:00:00,6.69,4.29,15.05,12.17,14.11,-8.22,18.45,-68.91,13.33,13.69,9.01,16.13,5.92,7.1,,14.12,13.23,,,6.08,27.56,14.23
2021-12-20 00:00:00,6.52,4.24,14.43,11.46,13.82,-8.22,18.28,-73.41,13.4,13.63,8.97,12.96,5.92,6.94,,13.99,13.18,,,6.04,27.36,14.17
2021-12-21 00:00:00,6.6,4.19,14.4,11.78,13.71,-8.05,18.4,-75.66,13.32,13.61,8.95,12.83,6,6.81,,13.85,13.04,,,6.01,27.4,14.07
2021-12-22 00:00:00,6.79,4.2,14.55,11.69,13.78,-8.1,19.04,-97.3,13.27,13.67,9.09,12.88,6.07,6.91,,13.97,13.24,,,6.06,27.47,14.13
2021-12-23 00:00:00,7.53,4.21,14.78,11.79,13.96,-8.05,19.28,-101.92,13.3,13.79,9.17,14.26,6.39,7.04,,13.92,13.2,,,6.03,28.01,14.16
2021-12-24 00:00:00,7.39,4.2,14.96,11.89,14.17,-8.04,19.64,-106.34,13.4,13.93,9.13,15.77,6.57,7.13,,14.02,13.3,,,5.96,28.03,14.22
2021-12-27 00:00:00,7.38,4.18,15.07,11.99,14.11,-8.16,19.23,-106.94,13.47,13.94,9.24,14.72,6.6,7.12,,14.78,13.41,,,5.99,27.47,14.2
2021-12-28 00:00:00,8.97,4.17,14.5,11.94,13.87,-8.17,18.7,-107.23,13.44,13.82,9,14.18,6.4,7.48,,15.12,13.68,,,6.08,27.16,10.15
2021-12-29 00:00:00,8.96,4.16,14.61,12.17,13.73,-8.3,18.42,-103.78,13.44,13.98,9.15,15.14,6.52,7.48,,14.91,14.05,,,6.04,27.14,10.13
2021-12-30 00:00:00,9,4.2,14.77,12.2,13.67,-9.05,18.56,-100.54,13.52,14.08,9.07,14.64,7.23,7.47,,14.8,14,,,6.16,26.98,10.15
2021-12-31 00:00:00,9.15,4.19,14.87,12.44,13.69,-9.06,19.07,-104.17,13.75,14.39,9.07,14.89,8.79,7.52,,14.76,13.9,,,6.08,27.3,10.15
2022-01-03 00:00:00,4.12,2.9,8.44,6.08,11.35,-5.93,9.23,-52.23,10.97,9.26,7.86,10.95,6.06,4.1,,11.46,8.73,,,5.46,12,8.14
2022-01-04 00:00:00,4.12,2.9,8.44,6.08,11.35,-5.93,9.23,-52.23,10.97,9.26,7.86,10.95,6.06,4.1,,11.46,8.73,,,5.46,12,8.14
2022-01-05 00:00:00,4.12,2.9,8.44,6.08,11.35,-5.93,9.23,-52.23,10.97,9.26,7.86,10.95,6.06,4.1,,11.46,8.73,,,5.46,12,8.14
2022-01-06 00:00:00,4.12,2.9,8.44,6.08,11.35,-5.93,9.23,-52.23,10.97,9.26,7.86,10.95,6.06,4.1,,11.46,8.73,,,5.46,12,8.14
2022-01-07 00:00:00,4.12,2.9,8.44,6.08,11.35,-5.93,9.23,-52.23,10.97,9.26,7.86,10.95,6.06,4.1,,11.46,8.73,,,5.46,12,8.14
2022-01-10 00:00:00,4.12,2.9,8.44,6.08,11.35,-5.93,9.23,-52.23,10.97,9.26,7.86,10.95,6.06,4.1,,11.46,8.73,,,5.46,12,8.14
2022-01-11 00:00:00,4.12,2.9,8.44,6.08,11.35,-5.93,9.23,-52.23,10.97,9.26,7.86,10.95,6.06,4.1,,11.46,8.73,,,5.46,12,8.14
2022-01-12 00:00:00,4.12,2.9,8.44,6.08,11.35,-5.93,9.23,-52.23,10.97,9.26,7.86,10.95,6.06,4.1,,11.46,8.73,,,5.46,12,8.14
2022-01-13 00:00:00,4.12,2.9,8.44,6.08,11.35,-5.93,9.23,-52.23,10.97,9.26,7.86,10.95,6.06,4.1,,11.46,8.73,,,5.46,12,8.14
2022-01-18 00:00:00,4.12,2.9,8.44,6.08,11.35,-5.93,9.23,-52.23,10.97,9.26,7.86,10.95,6.06,4.1,,11.46,8.73,,,5.46,12,8.14
2022-01-19 00:00:00,4.12,2.9,8.44,6.08,11.35,-5.93,9.23,-52.23,10.97,9.26,7.86,10.95,6.06,4.1,,11.46,8.73,,,5.46,12,8.14
2022-01-20 00:00:00,4.12,2.9,8.44,6.08,11.35,-5.93,9.23,-52.23,10.97,9.26,7.86,10.95,6.06,4.1,,11.46,8.73,,,5.46,12,8.14
2022-01-21 00:00:00,4.12,2.9,8.44,6.08,11.35,-5.93,9.23,-52.23,10.97,9.26,7.86,10.95,6.06,4.1,,11.46,8.73,,,5.46,12,8.14
2022-01-24 00:00:00,4.12,2.9,8.44,6.08,11.35,-5.93,9.23,-52.23,10.97,9.26,7.86,10.95,6.06,4.1,,11.46,8.73,,,5.46,12,8.14
2022-01-25 00:00:00,4.12,2.9,8.44,6.08,11.35,-5.93,9.23,-52.23,10.97,9.26,7.86,10.95,6.06,4.1,,11.46,8.73,,,5.46,12,8.14
2022-01-26 00:00:00,4.12,2.9,8.44,6.08,11.35,-5.93,9.23,-52.23,10.97,9.26,7.86,10.95,6.06,4.1,,11.46,8.73,,,5.46,12,8.14
2022-01-27 00:00:00,4.12,2.9,8.44,6.08,11.35,-5.93,9.23,-52.23,10.97,9.26,7.86,10.95,6.06,4.1,,11.46,8.73,,,5.46,12,8.14
2022-01-28 00:00:00,4.12,2.9,8.44,6.08,11.35,-5.93,9.23,-52.23,10.97,9.26,7.86,10.95,6.06,4.1,,11.46,8.73,,,5.46,12,8.14
2022-01-31 00:00:00,4.12,2.9,8.44,6.08,11.35,-5.93,9.23,-52.23,10.97,9.26,7.86,10.95,6.06,4.1,,11.46,8.73,,,5.46,12,8.14
2022-02-01 00:00:00,4.12,2.9,8.44,6.08,11.35,-5.93,9.23,-52.23,10.97,9.26,7.86,10.95,6.06,4.1,,11.46,8.73,,,5.46,12,8.14
2022-02-02 00:00:00,4.12,2.9,8.44,6.08,11.35,-5.93,9.23,-52.23,10.97,9.26,7.86,10.95,6.06,4.1,,11.46,8.73,,,5.46,12,8.14
2022-02-03 00:00:00,4.12,2.9,8.44,6.08,11.35,-5.93,9.23,-52.23,10.97,9.26,7.86,10.95,6.06,4.1,,11.46,8.73,,,5.46,12,8.14
2022-02-07 00:00:00,4.12,2.9,8.44,6.08,11.35,-5.93,9.23,-52.23,10.97,9.26,7.86,10.95,6.06,4.1,,11.46,8.73,,,5.46,12,8.14
2022-02-08 00:00:00,4.12,2.9,8.44,6.08,11.35,-5.93,9.23,-52.23,10.97,9.26,7.86,10.95,6.06,4.1,,11.46,8.73,,,5.46,12,8.14
2022-02-09 00:00:00,6.57,2.9,7.92,6.04,11.35,-5.57,8.97,-93.29,9.74,9.22,7.68,10.95,6.06,4,,11.45,8.7,,,5.46,7.11,8.14
2022-02-10 00:00:00,6.57,2.9,7.92,6.04,11.42,-5.57,8.79,-93.29,9.74,9.13,7.68,10.95,6.06,3.94,,10.36,8.17,,,5.46,7.11,8.23
2022-02-11 00:00:00,6.57,2.9,7.92,6.04,11.42,-5.57,8.78,-93.29,9.74,9.13,7.68,10.95,6.06,3.94,,10.36,8.17,,,5.46,7.11,8.23
2022-02-14 00:00:00,6.57,2.9,7.45,5.99,11.42,-5.61,8.78,-93.29,9.74,9.13,7.68,10.95,6.06,3.94,,10.36,8.17,,51.2,5.23,7.11,8.23
2022-02-15 00:00:00,6.57,2.9,7.45,5.99,11.42,-5.61,8.81,-93.29,9.74,9.13,7.68,10.95,6.06,3.94,,10.23,8.17,,51.2,5.23,7.11,8.23
2022-02-17 00:00:00,6.57,2.9,7.45,5.99,11.42,-5.61,8.81,-93.29,9.74,9.13,7.68,10.95,6.06,3.94,,10.23,8.17,,51.2,5.23,7.11,8.23
2022-02-18 00:00:00,6.57,2.9,7.45,5.99,11.42,-5.61,8.81,-93.29,9.74,9.13,7.68,10.95,6.06,3.94,,10.23,8.17,,51.2,5.23,7.11,8.23
2022-02-21 00:00:00,6.57,2.9,7.45,5.99,11.42,-5.61,8.81,-93.29,9.74,9.13,7.68,10.95,6.06,3.94,,10.23,8.17,,51.2,5.23,7.11,8.23
2022-02-22 00:00:00,6.57,2.9,7.45,5.99,11.42,-5.61,8.81,-93.29,9.74,9.13,7.68,10.95,6.06,3.94,,10.23,8.17,,51.2,5.23,7.11,8.23
2022-02-23 00:00:00,6.57,2.9,7.45,5.99,11.42,-5.61,8.81,-93.29,9.74,9.13,7.68,10.95,6.06,3.94,,10.23,8.17,,51.2,5.23,7.11,8.23
2022-02-24 00:00:00,6.57,2.9,7.45,5.99,11.42,-5.61,8.81,-93.29,9.74,9.13,7.68,10.95,6.06,3.94,,10.23,8.17,,51.2,5.23,7.11,8.23
2022-02-25 00:00:00,6.57,2.9,7.45,5.99,11.42,-5.61,8.81,-93.29,9.74,9.13,7.68,10.95,6.06,3.94,,10.23,8.17,,51.2,5.23,7.11,8.23
2022-02-28 00:00:00,6.57,2.9,7.45,5.99,11.42,-5.61,8.8,-93.29,9.74,9.13,7.68,10.95,6.06,3.94,,10.23,8.17,,51.2,5.23,7.11,8.23
2022-03-02 00:00:00,6.57,2.9,7.45,5.99,11.42,-5.61,8.8,-93.29,9.74,9.13,7.68,10.95,6.06,3.94,,10.23,8.17,,51.2,5.23,7.11,8.23
2022-03-03 00:00:00,6.57,2.9,7.45,5.99,11.42,-5.61,8.8,-93.29,9.74,9.13,7.68,10.95,6.06,3.94,,10.23,8.17,,51.2,5.23,7.11,8.23
2022-03-04 00:00:00,6.57,2.9,7.45,5.99,11.42,-5.61,8.8,-93.29,9.74,9.13,7.68,10.95,6.06,3.94,,10.23,8.17,,51.2,5.23,7.11,8.23
2022-03-07 00:00:00,6.57,2.9,7.45,5.99,11.42,-5.61,8.8,-93.29,9.74,9.13,7.68,10.95,6.06,3.94,,10.23,8.17,,51.2,5.23,7.11,8.23
2022-03-08 00:00:00,6.57,2.9,7.45,5.99,11.42,-5.61,8.8,-93.29,9.74,9.13,7.68,10.95,6.06,3.94,,10.23,8.17,,51.2,5.23,7.11,8.23
2022-03-09 00:00:00,6.57,2.9,7.45,5.99,11.42,-5.61,8.8,-93.29,9.74,9.13,7.68,10.95,6.06,3.94,,10.23,8.17,,51.2,5.23,7.11,8.23
2022-03-10 00:00:00,6.57,2.9,7.45,5.99,11.42,-5.61,8.8,-93.29,9.74,9.13,7.68,10.95,6.06,3.94,,10.23,8.17,,51.2,5.23,7.11,8.23
2022-03-11 00:00:00,6.57,2.9,7.45,5.99,11.42,-5.61,8.8,-93.29,9.74,9.13,7.68,10.95,6.06,3.94,,10.23,8.17,,51.2,5.23,7.11,8.23
2022-03-14 00:00:00,6.57,2.9,7.45,5.99,11.42,-5.61,8.8,-93.29,9.74,9.13,7.68,10.95,6.06,3.94,,10.23,8.17,,51.2,5.23,7.11,8.23
2022-03-15 00:00:00,6.57,2.9,7.45,5.99,11.42,-5.61,8.8,-93.29,9.74,9.13,7.68,10.95,6.06,3.94,,10.23,8.17,,51.2,5.23,7.11,8.23
2022-03-16 00:00:00,6.57,2.9,7.45,5.99,11.42,-5.61,8.8,-93.29,9.74,9.13,7.68,10.95,6.06,3.94,,10.23,8.17,,51.2,5.23,7.11,8.23
2022-03-18 00:00:00,6.57,2.9,7.45,5.99,11.42,-5.61,8.8,-93.29,9.74,9.13,7.68,10.95,6.06,3.94,,10.23,8.17,,51.2,5.23,7.11,8.23
2022-03-21 00:00:00,6.57,2.9,7.45,5.99,11.42,-5.61,8.8,-93.29,9.74,9.13,7.68,10.95,6.06,3.94,,10.23,8.17,,51.2,5.23,7.11,8.23
2022-03-22 00:00:00,6.57,2.9,7.45,5.99,11.42,-5.61,8.8,-93.29,9.74,9.13,7.68,10.95,6.06,3.94,,10.23,8.17,,51.2,5.23,7.11,8.23
2022-03-23 00:00:00,6.57,2.9,7.45,5.99,11.42,-5.61,8.8,-93.29,9.74,9.13,7.68,10.95,6.06,3.94,,10.23,8.17,,51.2,5.23,7.11,8.23
2022-03-24 00:00:00,6.57,2.9,7.45,5.99,11.42,-5.61,8.8,-93.29,9.74,9.13,7.68,10.95,6.06,3.94,,10.23,8.17,,51.2,5.23,7.11,8.23
2022-03-25 00:00:00,6.57,2.9,7.45,5.99,11.42,-5.61,8.8,-93.29,9.74,9.13,7.68,10.95,6.06,3.94,,10.23,8.17,,51.2,5.23,7.11,8.23
2022-03-28 00:00:00,6.57,2.9,7.45,5.99,11.42,-5.61,8.8,-93.29,9.74,9.13,7.68,10.95,6.06,3.94,,10.23,8.17,,51.2,5.23,7.11,8.23
2022-03-29 00:00:00,6.57,2.9,7.45,5.99,11.42,-5.61,8.8,-93.29,9.74,9.13,7.68,10.95,6.06,3.94,,10.23,8.17,,51.2,5.23,7.11,8.23
2022-03-30 00:00:00,6.57,2.9,7.45,5.99,11.42,-5.61,8.8,-93.29,9.74,9.13,7.68,10.95,6.06,3.94,,10.23,8.17,,51.2,5.23,7.11,8.23
2022-03-31 00:00:00,6.57,2.9,7.45,5.99,11.42,-5.61,8.8,-93.29,9.74,9.13,7.68,10.95,6.06,3.94,,10.23,8.17,,51.2,5.23,7.11,8.23
2022-04-01 00:00:00,7.05,2.74,7.36,7.02,11.88,-5.71,9.08,-197.73,9.63,9.91,7.21,8.92,6.3,4.14,,10.16,7.82,,56.62,4.78,7.76,8.28
2022-04-04 00:00:00,7.05,2.74,7.35,7.02,11.88,-5.71,9.08,-197.73,9.63,9.91,7.21,8.92,6.3,4.14,,10.16,7.83,,56.62,4.78,7.76,8.28
2022-04-05 00:00:00,7.05,2.74,7.35,7.02,11.88,-5.71,9.08,-197.73,9.63,9.91,7.21,8.92,6.3,4.14,,10.16,7.83,,56.62,4.78,7.76,8.28
2022-04-06 00:00:00,7.05,2.74,7.35,7.02,11.88,-5.71,9.08,-197.73,9.63,9.91,7.21,8.92,6.3,4.14,,10.16,7.83,,56.62,4.78,7.76,8.28
2022-04-07 00:00:00,7.05,2.74,7.35,7.02,11.88,-5.71,9.08,-197.73,9.63,9.91,7.21,8.92,6.3,4.14,,10.16,7.83,,56.62,4.78,7.76,8.28
2022-04-08 00:00:00,7.05,2.74,7.35,7.02,11.88,-5.71,9.08,-197.73,9.63,9.91,7.21,8.92,6.3,4.14,,10.16,7.83,,56.62,4.78,7.76,8.28
2022-04-25 00:00:00,7.05,2.65,6.69,2.47,10.81,-6.47,7.48,-36.69,9.63,9.42,6.85,9.24,5.84,4.35,,8.11,5.7,,56.62,4.47,7.76,7.46
2022-04-26 00:00:00,7.05,2.65,6.69,2.47,10.58,-6.54,7.38,-36.69,9.63,9.25,6.73,9.24,5.84,4.34,,8.12,5.28,,56.62,4.47,7.76,7.46
2022-04-27 00:00:00,7.05,2.65,6.69,2.47,10.58,-6.28,7.38,-36.69,9.63,9.25,6.73,9.24,5.84,4.34,,8.12,5.28,,56.62,4.47,7.76,7.46
2022-04-28 00:00:00,7.05,2.65,6.69,2.47,10.58,-6.28,7.8,-36.69,9.63,9.25,6.73,9.24,5.84,4.34,,8.12,5.28,,56.62,4.47,7.76,7.46
2022-04-29 00:00:00,7.05,2.65,6.69,2.47,10.58,-6.28,7.8,-36.69,9.63,9.25,6.73,9.24,5.84,4.34,,6.11,5.3,,56.62,4.47,4.84,7.46
2022-05-04 00:00:00,7.05,2.65,6.69,2.47,10.58,-6.28,7.8,-36.69,9.63,9.25,6.73,9.24,5.84,4.34,,6.11,5.3,,56.62,4.47,4.84,7.46
2022-05-05 00:00:00,7.05,2.65,6.69,2.47,10.58,-6.28,7.8,-36.69,9.63,9.25,6.73,9.24,5.84,4.34,,6.11,5.3,,56.62,4.47,4.84,7.46
2022-05-06 00:00:00,7.05,2.65,6.69,2.47,10.58,-6.28,7.8,50.49,9.63,9.25,6.73,9.24,5.72,4.33,,5.37,5.3,,56.62,4.47,4.84,7.46
2022-05-09 00:00:00,7.05,2.65,6.69,2.47,10.58,-6.28,7.8,50.49,9.63,9.25,6.73,9.24,5.72,4.33,,5.37,5.3,,56.62,4.47,4.84,7.46
2022-05-12 00:00:00,7.05,2.65,6.7,2.47,8.92,-6.33,7.79,50.49,9.63,9.18,6.73,9.24,5.72,4.34,,5.37,5.3,,56.62,4.47,4.84,7.46
2022-05-13 00:00:00,7.05,2.65,6.7,2.47,8.92,-6.33,7.79,50.49,9.63,9.49,6.73,9.24,5.72,4.44,,5.37,5.3,,56.62,4.47,4.84,7.46
2022-05-17 00:00:00,7.05,2.56,6.7,2.47,8.92,-6.33,7.83,50.49,9.63,9.37,6.21,7.05,5.6,4.44,,5.4,5.3,,56.62,4.47,4.84,7.46
2022-05-18 00:00:00,7.05,2.61,6.61,2.47,8.82,-6.33,7.82,50.49,9.63,9.21,6.21,7.05,5.63,4.41,,5.4,5.2,,56.62,11.41,4.84,7.46
2022-05-19 00:00:00,7.05,2.61,6.61,2.46,8.82,-6.33,7.82,50.49,9.63,9.21,6.21,7.05,5.63,4.34,,5.4,5.2,,56.62,11.41,4.84,7.46
2022-05-20 00:00:00,7.05,2.61,6.61,2.46,8.64,-6.33,7.82,50.49,9.63,9.2,6.21,7.05,5.68,4.34,,5.4,5.2,,56.62,11.41,4.84,7.46
2022-05-23 00:00:00,7.05,2.61,6.59,2.46,8.64,-6.35,7.94,50.49,9.63,9.2,6.21,7.05,5.68,4.18,,5.4,5.2,,56.62,11.41,4.84,7.46
2022-05-24 00:00:00,7.05,2.61,6.57,2.46,8.58,-6.38,7.94,50.49,9.63,9.21,6.21,7.05,5.68,4.53,,5.12,5.2,,56.62,11.41,4.84,7.46
2022-05-25 00:00:00,7.05,2.61,5.71,2.45,8.58,-7.1,7.94,50.49,9.63,9.21,6.18,7.05,5.68,4.51,,5.12,5.24,,56.62,11.41,4.84,7.46
2022-05-26 00:00:00,7.05,2.61,5.71,2.45,8.58,-7.8,7.94,50.49,9.63,9.21,6.49,7.05,5.68,4.51,,5.1,5.24,,56.62,11.41,4.84,7.46
2022-05-27 00:00:00,6.64,2.61,5.7,2.45,8.58,-7.8,8.39,50.49,9.63,9.21,6.4,7.05,5.68,4.52,,5.1,5.15,,56.62,11.41,4.84,7.56
2022-05-30 00:00:00,6.64,2.61,5.26,2.45,8.95,-7.8,4.62,50.49,9.63,9.15,6.4,7.05,5.68,4.52,,5.13,5.22,,56.62,11.41,4.84,7.66
2022-05-31 00:00:00,6.64,2.61,5.25,2.45,8.95,-9.08,4.62,50.49,9.63,9.13,6.5,7.05,5.68,4.5,,5.13,5.62,,12.97,11.41,4.84,7.96
2022-06-01 00:00:00,6.64,2.61,5.16,2.45,8.95,-9.08,4.44,50.49,9.63,8.82,6.5,7.05,5.68,4.46,,5.13,5.62,,12.97,11.41,4.84,7.96
2022-06-02 00:00:00,6.64,2.61,5.16,2.45,8.95,-10.14,4.44,50.49,9.63,8.82,6.5,7.05,5.68,4.46,,5.13,5.62,,12.97,11.41,4.84,7.96
2022-06-03 00:00:00,6.64,2.61,5.16,2.45,8.81,-10.14,4.46,50.49,9.63,8.88,6.95,6.57,5.8,5.17,,5.14,5.38,,12.97,11.41,4.84,7.96
2022-06-06 00:00:00,6.64,2.61,5.19,1.8,8.87,-10.04,4.47,50.49,9.42,8.79,6.95,6.57,5.8,5.17,,5.21,5.38,,12.97,11.41,4.84,7.96
2022-06-07 00:00:00,6.64,2.61,5.19,1.8,8.87,-11.47,4.47,50.49,9.75,8.79,6.95,6.57,5.8,5.17,,5.13,5.38,,12.97,11.41,4.84,7.96
2022-06-08 00:00:00,6.64,2.61,5.19,1.8,8.87,-11.47,4.47,50.49,9.75,8.79,6.95,6.57,5.8,5.17,,5.13,5.38,,12.97,11.41,4.84,7.96
2022-06-09 00:00:00,6.64,2.61,5.21,1.81,8.87,-11.47,4.51,50.49,9.75,8.26,6.95,6.57,5.8,5.11,,5.13,5.62,,12.97,11.41,4.84,7.96
2022-06-10 00:00:00,6.64,2.61,4.35,1.8,8.87,-11.47,3.71,50.49,9.68,5.89,6.95,6.57,5.8,5.05,,4.74,6.35,,12.97,11.41,4.84,7.96
2022-06-13 00:00:00,6.64,2.61,4.35,1.8,8.87,-11.8,3.71,50.49,9.68,5.89,6.95,6.57,5.8,5.05,,4.74,6.35,,12.97,11.41,4.84,7.96
2022-06-15 00:00:00,6.64,2.61,4.35,1.8,8.87,-11.8,3.71,50.49,9.68,5.89,6.95,6.57,5.8,5.05,,4.74,6.35,,12.97,11.41,4.84,7.96
2022-06-16 00:00:00,6.64,2.61,4.35,1.8,8.89,-11.8,3.71,50.49,9.68,5.89,6.95,6.57,5.8,5.05,,4.74,6.35,,12.97,11.41,4.84,7.96
2022-06-17 00:00:00,6.64,2.61,4.35,1.8,9.08,-11.8,3.71,50.49,9.68,5.86,6.95,6.57,5.8,5.05,,4.74,6.35,,12.97,11.41,4.84,8.9
2022-06-20 00:00:00,6.64,2.61,4.35,1.8,9.08,-11.91,3.71,50.49,9.68,5.86,6.95,6.57,5.8,5.05,,4.74,6.33,,12.97,11.41,4.84,8.9
2022-06-21 00:00:00,6.64,2.61,4.35,1.8,9.08,-11.91,3.71,50.49,9.68,5.86,6.95,6.57,5.8,5.05,,4.74,6.33,,12.97,11.41,4.84,8.9
2022-06-22 00:00:00,6.64,2.61,4.35,1.8,9.08,-11.91,3.71,50.49,9.68,5.86,6.95,6.57,5.8,5.05,,4.74,6.33,,12.97,11.41,4.84,8.9
2022-06-23 00:00:00,6.64,2.61,4.35,1.8,9.08,-11.91,3.71,50.49,9.68,5.86,6.95,6.57,5.8,5.05,,4.74,6.33,,12.97,11.41,4.84,8.9
2022-06-24 00:00:00,6.64,2.61,4.35,1.8,9.08,-11.91,3.71,50.49,9.68,5.86,6.95,6.57,5.8,5.05,,4.74,6.33,,12.97,11.41,4.84,8.9
2022-06-27 00:00:00,6.64,2.61,4.35,1.8,9.08,-11.91,3.71,50.49,9.68,5.86,6.95,6.57,5.8,5.05,,4.74,6.33,,12.97,11.41,4.84,8.9
2022-06-28 00:00:00,6.64,2.61,4.35,1.8,9.08,-11.91,3.71,50.49,9.68,5.86,6.95,6.57,5.8,5.05,,4.74,6.33,,12.97,11.41,4.84,8.9
2022-06-29 00:00:00,6.64,2.61,4.35,1.8,9.08,-11.91,3.71,50.49,9.68,5.86,6.95,6.57,5.8,5.05,,4.74,6.33,,12.97,11.41,4.84,8.9
2022-06-30 00:00:00,6.64,2.61,4.35,1.8,9.08,-11.91,3.71,50.49,9.68,5.86,6.95,6.57,5.8,5.05,,4.72,6.33,,12.97,11.41,4.84,8.9
2022-07-01 00:00:00,9.75,2.7,5.61,3.75,9.95,-11.91,4.54,131.59,11.89,6.51,8.58,7.59,6.04,7.4,,4.95,7.31,,12.35,14.68,4.52,9.24
2022-07-04 00:00:00,9.75,2.7,5.61,3.75,9.95,-18.61,4.54,131.59,11.89,6.51,8.58,7.59,6.04,7.4,,4.95,7.31,,12.35,14.68,4.52,9.24
2022-07-05 00:00:00,9.75,2.7,5.61,3.75,9.95,-18.61,4.54,131.59,11.89,6.51,8.58,7.59,6.04,7.4,,4.95,7.31,,12.35,14.68,4.52,9.24
2022-07-06 00:00:00,9.75,2.7,5.61,3.75,9.95,-18.61,4.54,131.59,11.89,6.51,8.58,7.59,6.04,7.4,,4.95,7.31,,12.35,14.68,4.52,9.24
2022-07-07 00:00:00,9.75,2.7,5.61,3.75,9.95,-18.61,4.54,131.59,11.89,6.51,8.58,7.59,6.04,7.4,,4.95,7.31,,12.35,14.68,4.52,9.24
2022-07-08 00:00:00,9.75,2.7,5.61,3.75,9.95,-18.61,4.54,131.59,11.89,6.51,8.58,7.59,6.04,7.4,,4.95,7.31,,12.35,14.68,4.52,9.24
2022-07-11 00:00:00,9.75,2.7,5.61,3.75,9.95,-18.61,4.54,131.59,11.89,6.51,8.58,7.59,6.04,7.4,,4.95,7.31,,12.35,14.68,4.52,9.24
2022-07-12 00:00:00,9.75,2.7,5.61,3.75,9.95,-18.61,4.54,131.59,11.89,6.51,8.58,7.59,6.04,7.4,,4.95,7.31,,12.35,14.68,4.52,9.24
2022-07-14 00:00:00,9.75,2.7,5.61,3.75,9.95,-18.61,4.54,131.59,11.89,6.51,8.58,7.59,6.04,7.4,,4.95,7.31,,12.35,14.68,4.52,9.24
2022-07-15 00:00:00,9.75,2.7,5.61,3.75,9.95,-18.61,4.54,131.59,11.89,6.51,8.58,7.59,6.04,7.4,,4.95,7.31,,12.35,14.68,4.52,9.24
2022-07-18 00:00:00,9.75,2.7,5.61,3.75,9.95,-18.61,4.54,179.28,11.89,6.5,8.58,7.59,6.04,7.4,,4.95,7.31,,12.35,14.68,4.52,9.24
2022-07-19 00:00:00,9.75,2.7,5.61,3.75,9.95,-18.61,4.54,179.28,11.89,6.5,8.58,7.59,6.04,7.4,,4.95,7.31,,12.35,14.68,4.52,9.24
2022-07-20 00:00:00,9.75,2.7,5.61,3.75,9.95,-18.61,4.54,179.28,11.89,6.46,8.58,7.59,6.04,7.4,,4.95,7.31,,12.35,14.68,4.52,9.24
2022-07-21 00:00:00,9.75,2.7,5.61,3.75,9.95,-19.1,4.54,179.28,11.89,6.46,8.58,7.59,6.04,7.4,,4.95,7.31,,12.35,14.68,4.52,9.24
2022-07-22 00:00:00,9.75,2.7,5.61,3.75,9.95,-19.1,4.54,179.28,11.89,6.46,8.58,7.59,6.04,7.4,,4.95,7.31,,12.35,14.68,4.52,9.24
2022-07-25 00:00:00,9.75,2.7,5.61,3.75,9.95,-19.1,4.54,179.28,11.89,6.46,8.58,7.59,6.04,7.4,,4.95,7.31,,12.35,14.68,4.52,9.24
2022-07-26 00:00:00,9.75,2.7,5.61,3.75,9.95,-19.1,4.52,179.28,11.89,6.45,8.58,6.54,6.04,6.98,,4.95,7.29,,12.35,14.68,4.52,9.24
2022-07-27 00:00:00,9.75,2.7,5.61,3.75,9.95,-20.88,4.52,179.28,11.89,6.39,8.58,6.54,6.04,6.98,,4.56,7.29,,12.35,14.68,4.52,9.24
2022-07-28 00:00:00,9.75,2.7,5.61,3.75,9.95,-20.88,4.52,179.28,11.89,6.39,8.58,6.54,6.04,6.98,,4.56,7.29,,12.35,14.68,4.52,9.24
2022-07-29 00:00:00,9.75,2.7,5.61,3.75,9.95,-20.88,4.52,179.28,11.89,6.39,8.58,6.54,6.04,6.98,,4.56,7.29,,12.35,14.68,4.52,9.24
2022-08-01 00:00:00,9.75,2.7,5.18,3.75,9.95,-20.88,4.51,179.28,11.89,6.38,8.58,6.54,6.04,6.99,,4.56,7.32,,12.35,14.68,4.52,9.24
2022-08-02 00:00:00,9.75,2.7,5.18,3.75,9.95,-20.44,4.51,179.28,11.89,6.38,8.58,6.54,6.04,6.97,,4.56,7.32,,12.35,14.68,4.52,9.24
2022-08-03 00:00:00,9.75,2.7,5.18,3.75,9.95,-20.44,4.51,179.28,11.89,6.38,8.58,6.54,6.04,6.87,,4.63,7.32,,12.35,14.68,3.8,9.24
2022-08-04 00:00:00,8.14,2.7,5.18,3.75,8.69,-18.75,4.51,179.28,11.89,6.38,8.58,6.54,6.03,6.74,,4.63,7.32,,8.5,14.68,3.8,9.24
2022-08-05 00:00:00,8.14,2.7,5.18,3.75,8.69,-18.75,4.51,179.28,11.89,6.34,8.58,6.54,6.03,6.74,,4.48,7.32,,8.5,14.68,3.8,9.24
2022-08-08 00:00:00,8.14,2.7,5.18,3.75,8.69,-18.87,4.51,179.28,11.89,6.34,8.58,6.54,6.03,6.74,,4.48,7.32,,8.5,14.68,3.8,9.24
2022-08-09 00:00:00,8.14,2.7,5.18,3.75,8.69,-18.87,4.51,179.28,11.89,6.32,8.58,6.54,6.03,6.73,,4.48,7.32,,8.5,14.68,3.8,9.24
2022-08-10 00:00:00,8.14,2.7,5.18,3.75,8.69,-18.87,4.51,179.28,11.89,6.32,8.58,6.54,6.03,6.73,,4.48,7.32,,8.5,14.68,3.8,9.24
2022-08-12 00:00:00,8.14,2.71,5.18,3.75,8.85,-18.87,4.52,12.79,11.89,6.28,8.58,6.54,6.03,6.62,,4.46,7.68,,8.5,14.68,3.8,9.26
2022-08-15 00:00:00,8.14,2.71,5.18,3.75,8.85,-18.87,4.52,12.79,11.89,6.28,8.58,6.54,6.03,6.52,,4.46,7.68,,8.5,17.5,3.8,9.26
2022-08-16 00:00:00,8.14,2.71,5.18,3.75,8.85,-18.87,4.52,12.79,11.89,6.28,8.58,6.54,6.03,6.52,,4.46,7.68,,8.5,17.5,3.8,9.26
2022-08-17 00:00:00,8.14,2.71,5.16,3.75,8.85,-18.87,4.52,12.79,11.89,6.28,8.58,6.54,6.03,6.52,,4.46,7.68,,8.5,17.5,3.8,9.26
2022-08-18 00:00:00,8.14,2.71,5.16,3.73,8.85,-18.87,4.52,12.79,11.89,6.28,8.58,6.54,6.03,5.99,,4.46,8.03,,8.5,17.5,3.8,9.26
2022-08-19 00:00:00,8.14,2.75,4.93,2.66,11.5,-18.88,4.49,12.79,9.65,6.2,7.94,6.54,6.01,5.97,,4.46,8.22,,8.5,17.5,3.8,9.32
2022-08-22 00:00:00,8.14,2.76,4.89,2.66,11.53,-20.13,4.49,12.79,9.65,6.22,8.14,6.54,5.96,5.99,,4.46,8.08,,8.5,17.5,3.8,10.31
2022-08-23 00:00:00,8.14,2.76,4.89,2.66,11.53,-20.35,4.49,12.79,9.65,6.22,8.14,6.54,5.96,5.99,,4.46,8.08,,8.5,17.5,3.8,10.31
2022-08-24 00:00:00,8.14,3.23,4.48,2.66,11.15,-20.35,4.54,12.79,9.65,6.01,8.21,6.54,5.82,5.95,,4.46,8.08,,8.5,17.5,3.8,10.42
2022-08-25 00:00:00,8.14,3.23,4.48,2.66,11.15,-20.2,4.54,12.79,9.65,6.01,8.21,6.54,5.82,5.95,,4.46,8.08,,8.5,17.5,3.8,10.42
2022-08-26 00:00:00,8.14,3.27,4.33,2.64,11.15,-20.2,4.54,13.92,9.65,5.68,8.62,5.41,5.93,5.84,,4.46,8.08,,8.5,-22.38,3.8,10.36
2022-08-29 00:00:00,8.14,3.27,4.33,2.64,11.15,-20.27,4.54,13.92,9.65,5.68,8.62,5.41,5.93,5.84,,4.46,8.08,,8.5,-22.38,3.8,10.36
2022-08-30 00:00:00,8.14,3.27,4.33,2.64,11.15,-20.27,4.54,13.92,9.65,5.68,8.62,5.41,5.93,5.84,,4.46,8.08,,8.5,-22.38,3.8,10.36
2022-08-31 00:00:00,8.14,3.27,4.33,2.64,11.15,-20.27,4.54,13.92,9.65,5.68,8.62,5.41,5.93,5.84,,4.46,8.08,,8.5,-22.38,3.8,10.36
2022-09-01 00:00:00,8.14,3.27,4.33,2.64,11.15,-20.27,4.54,13.92,9.65,5.68,8.62,5.41,5.93,5.84,,4.46,8.08,,8.5,-22.38,3.8,10.36
2022-09-02 00:00:00,8.14,3.27,4.3,2.64,11.18,-20.27,4.55,13.92,9.65,5.42,8.62,5.41,5.93,5.84,,4.46,8.09,,8.5,-22.38,3.8,10.36
2022-09-05 00:00:00,8.14,3.27,4.3,2.64,11.18,-20.27,4.55,13.92,9.65,5.42,8.62,5.41,5.93,5.84,,4.46,8.09,,8.5,-22.38,3.8,10.36
2022-09-06 00:00:00,8.14,3.27,4.22,2.64,11.18,-20.27,4.21,13.92,9.65,5.36,8.62,5.41,5.9,5.71,,4.46,8.09,,8.5,-22.38,3.8,10.36
2022-09-07 00:00:00,8.14,3.27,4.25,2.64,11.18,-20.27,4.21,13.92,9.65,4.97,8.62,5.41,5.9,5.3,,4.44,7.76,,8.5,-22.38,3.8,10.36
2022-09-08 00:00:00,8.14,3.27,4.25,2.63,11.18,-17.38,4.21,13.92,9.64,4.96,8.62,5.41,5.9,5.3,,4.44,7.62,,8.5,-22.38,3.8,14.86
2022-09-09 00:00:00,8.14,3.27,4.25,2.63,11.18,-23.79,4.21,13.92,9.64,4.96,8.62,5.41,5.9,5.3,,4.44,7.62,,8.5,-22.38,3.8,14.86
2022-09-12 00:00:00,8.14,3.27,4.25,2.63,11.18,-23.79,4.21,13.92,9.64,4.96,8.62,5.41,5.9,5.3,,4.44,7.62,,8.5,-22.38,3.8,14.86
2022-09-13 00:00:00,8.14,3.27,4.25,2.63,11.18,-23.79,4.21,13.92,9.64,4.96,8.62,5.41,5.9,5.3,,4.44,7.62,,8.5,-22.38,3.8,14.86
2022-09-14 00:00:00,8.14,3.27,4.25,2.63,11.18,-23.79,4.21,13.92,9.64,4.96,8.62,5.41,5.9,5.3,,4.44,7.62,,8.5,-22.38,3.8,14.86
2022-09-15 00:00:00,8.14,3.27,4.25,2.63,11.18,-23.79,4.21,13.92,9.64,4.96,8.62,5.41,5.9,5.3,,4.44,7.62,,8.5,-22.38,3.8,14.86
2022-09-16 00:00:00,8.14,3.27,4.25,2.63,11.18,-23.79,4.21,13.92,9.64,4.96,8.62,5.41,5.9,5.3,,4.44,7.62,,8.5,-22.38,3.8,14.86
2022-09-19 00:00:00,8.14,3.27,4.25,2.63,11.18,-23.79,4.21,13.92,9.64,4.96,8.62,5.41,5.9,5.3,,4.44,7.62,,8.5,-22.38,3.8,14.86
2022-09-20 00:00:00,8.14,3.27,4.25,2.63,11.18,-23.79,4.21,13.92,9.64,4.96,8.62,5.41,5.9,5.3,,4.44,7.62,,8.5,-22.38,3.8,14.86
2022-09-21 00:00:00,8.14,3.27,4.25,2.63,11.18,-23.79,4.21,13.92,9.64,4.96,8.62,5.41,5.9,5.3,,4.44,7.62,,8.5,-22.38,3.8,14.86
2022-09-22 00:00:00,8.14,3.27,4.25,2.63,11.18,-23.79,4.21,13.92,9.64,4.96,8.62,5.41,5.9,5.3,,4.44,7.62,,8.5,-22.38,3.8,14.86
2022-09-23 00:00:00,8.14,3.27,4.25,2.63,11.18,-23.79,4.21,13.92,9.64,4.96,8.62,5.41,5.9,5.3,,4.44,7.62,,8.5,-22.38,3.8,14.86
2022-09-26 00:00:00,8.14,3.27,4.25,2.63,11.18,-23.79,4.21,13.92,9.64,4.96,8.62,5.41,5.9,5.3,,4.44,7.62,,8.5,-22.38,3.8,14.86
2022-09-27 00:00:00,8.14,3.27,4.25,2.63,11.18,-23.79,4.21,13.92,9.64,4.96,8.62,5.41,5.9,5.3,,4.44,7.62,,8.5,-22.38,3.8,14.86
2022-09-28 00:00:00,8.14,3.27,4.25,2.63,11.18,-23.79,4.21,13.92,9.64,4.96,8.62,5.41,5.9,5.3,,4.44,7.62,,8.5,-22.38,3.8,14.86
2022-09-29 00:00:00,8.14,3.27,4.25,2.63,11.18,-23.79,4.21,13.92,9.64,4.96,8.62,5.41,5.9,5.3,,4.44,7.62,,8.5,-22.38,3.8,14.86
2022-09-30 00:00:00,8.14,3.27,4.25,2.63,11.18,-23.79,4.21,13.92,9.64,4.96,8.62,5.41,5.9,5.3,,4.44,7.62,,8.5,-22.38,3.8,14.86
2022-10-03 00:00:00,6.83,3.27,3.86,1.97,9.55,-22.03,3.81,11.48,10.37,4.7,7.96,5.25,7.34,4.68,,3.86,6.99,,7.04,-25.63,4.48,13.85
2022-10-04 00:00:00,6.83,3.27,3.86,1.97,9.55,-22.03,3.81,11.48,10.37,4.7,7.96,5.25,7.34,4.68,,3.86,6.99,,7.04,-25.63,4.48,13.85
2022-10-05 00:00:00,6.83,3.27,3.86,1.97,9.55,-22.03,3.81,11.48,10.37,4.7,7.96,5.25,7.34,4.68,,3.86,6.99,,7.04,-25.63,4.48,13.85
2022-10-06 00:00:00,6.83,3.27,3.86,1.97,9.55,-22.03,3.81,11.48,10.37,4.7,7.96,5.25,7.34,4.68,,3.86,6.99,,7.04,-25.63,4.48,13.85
2022-10-07 00:00:00,6.83,3.27,3.86,1.97,9.55,-22.03,3.81,11.48,10.37,4.7,7.96,5.25,7.34,4.68,,3.86,6.99,,7.04,-25.63,4.48,13.85
2022-10-11 00:00:00,6.83,3.27,3.86,1.97,9.55,-22.03,3.81,11.48,10.37,4.7,7.96,5.25,7.34,4.68,,3.86,6.99,,7.04,-25.63,4.48,13.85
2022-10-12 00:00:00,6.83,3.27,3.86,1.97,9.55,-22.03,3.81,11.48,10.37,4.7,7.96,5.25,7.34,4.68,,3.86,6.99,,7.04,-25.63,4.48,13.85
2022-10-13 00:00:00,6.83,3.27,3.86,1.97,9.55,-22.03,3.81,11.48,10.37,4.7,7.96,5.25,7.34,4.68,,3.86,6.99,,7.04,-25.63,4.48,13.85
2022-10-14 00:00:00,6.83,3.27,3.86,1.97,9.55,-22.03,3.81,11.48,10.37,4.7,7.96,5.25,7.34,4.68,,3.86,6.99,,7.04,-25.63,4.48,13.85
2022-10-17 00:00:00,6.83,3.27,3.86,1.97,9.55,-22.03,3.81,11.48,10.37,4.7,7.96,5.25,7.34,4.68,,3.86,6.99,,7.04,-25.63,4.48,13.85
2022-10-18 00:00:00,6.83,3.27,3.86,1.97,9.55,-22.03,3.81,11.48,10.37,4.7,7.96,5.25,7.34,4.68,,3.86,6.99,,7.04,-25.63,4.48,13.85
2022-10-19 00:00:00,6.83,3.27,3.86,1.97,9.55,-22.03,3.81,11.48,10.37,4.7,7.96,5.25,7.34,4.68,,3.86,6.99,,7.04,-25.63,4.48,13.85
2022-10-20 00:00:00,6.83,3.27,3.86,1.97,9.55,-22.03,3.81,11.48,10.37,4.7,7.96,5.25,7.34,4.68,,3.86,6.99,,7.04,-25.63,4.48,13.85
2022-10-21 00:00:00,6.83,3.27,3.86,1.97,9.55,-22.03,3.81,11.48,10.37,4.7,7.96,5.25,7.34,4.68,,3.86,6.99,,7.04,-25.63,4.48,13.85
2022-10-25 00:00:00,6.83,3.27,3.86,1.97,9.55,-22.03,3.81,11.48,10.37,4.7,7.96,5.25,7.34,4.68,,3.86,6.99,,7.04,-25.63,4.48,13.85
2022-10-26 00:00:00,6.83,3.27,3.86,1.97,9.55,-22.03,3.81,11.48,10.37,4.7,7.96,5.25,7.34,4.68,,3.86,6.99,,7.04,-25.63,4.48,13.85
2022-10-27 00:00:00,6.83,3.27,3.86,1.97,9.55,-22.03,3.81,11.48,10.37,4.7,7.96,5.25,7.34,4.68,,3.86,6.99,,7.04,-25.63,4.48,13.85
2022-10-28 00:00:00,6.83,3.27,3.86,1.97,9.55,-22.03,3.81,11.48,10.37,4.7,7.96,5.25,7.34,4.68,,3.86,6.99,,7.04,-25.63,4.48,13.85
2022-10-31 00:00:00,6.83,3.27,3.86,1.97,9.55,-22.03,3.81,11.48,10.37,4.7,7.96,5.25,7.34,4.68,,3.86,6.99,,7.04,-25.63,4.48,13.85
2022-11-01 00:00:00,6.83,3.27,3.86,1.97,9.55,-22.03,3.81,11.48,10.37,4.7,7.96,5.25,7.34,4.68,,3.86,6.99,,7.04,-25.63,4.48,13.85
2022-11-02 00:00:00,6.83,3.27,3.86,1.97,9.55,-22.03,3.81,11.48,10.37,4.7,7.96,5.25,7.34,4.68,,3.86,6.99,,7.04,-25.63,4.48,13.85
2022-11-03 00:00:00,6.83,3.27,3.86,1.97,9.55,-22.03,3.81,11.48,10.37,4.7,7.96,5.25,7.34,4.68,,3.86,6.99,,7.04,-25.63,4.48,13.85
2022-11-04 00:00:00,6.83,3.27,3.86,1.97,9.55,-22.03,3.81,11.48,10.37,4.7,7.96,5.25,7.34,4.68,,3.86,6.99,,7.04,-25.63,4.48,13.85
2022-11-08 00:00:00,6.83,3.27,3.86,1.97,9.55,-22.03,3.81,11.48,10.37,4.7,7.96,5.25,7.34,4.68,,3.86,6.99,,7.04,-25.63,4.48,13.85
2022-11-09 00:00:00,6.83,3.27,3.86,1.97,9.55,-22.03,3.81,11.48,10.37,4.7,7.96,5.25,7.34,4.68,,3.86,6.99,,7.04,-25.63,4.48,13.85
2022-11-10 00:00:00,6.83,3.27,3.86,1.97,9.55,-22.03,3.81,11.48,10.37,4.7,7.96,5.25,7.34,4.68,,3.86,6.99,,7.04,-25.63,4.48,13.85
2022-11-11 00:00:00,6.83,3.27,3.86,1.97,9.55,-22.03,3.81,11.48,10.37,4.7,7.96,5.25,7.34,4.68,,3.86,6.99,,7.04,-25.63,4.48,13.85
2022-11-14 00:00:00,6.83,3.27,3.86,1.97,9.55,-22.03,3.81,11.48,10.37,4.7,7.96,5.25,7.34,4.68,,3.86,6.99,,7.04,-25.63,4.48,13.85
2022-11-15 00:00:00,6.83,3.27,3.86,1.97,9.55,-22.03,3.81,11.48,10.37,4.7,7.96,5.25,7.34,4.68,,3.86,6.99,,7.04,-25.63,4.48,13.85
2022-11-16 00:00:00,6.83,3.27,3.86,1.97,9.55,-22.03,3.81,11.48,10.37,4.7,7.96,5.25,7.34,4.68,,3.86,6.99,,7.04,-25.63,4.48,13.85
2022-11-17 00:00:00,6.83,3.27,3.86,1.97,9.55,-22.03,3.81,11.48,10.37,4.7,7.96,5.25,7.34,4.68,,3.86,6.99,,7.04,-25.63,4.48,13.85
2022-11-18 00:00:00,6.83,3.27,3.86,1.97,9.55,-22.03,3.81,11.48,10.37,4.7,7.96,5.25,7.34,4.68,,3.86,6.99,,7.04,-25.63,4.48,13.85
2022-11-21 00:00:00,6.83,3.27,3.86,1.97,9.55,-22.03,3.81,11.48,10.37,4.7,7.96,5.25,7.34,4.68,,3.86,6.99,,7.04,-25.63,4.48,13.85
2022-11-22 00:00:00,6.83,3.27,3.86,1.97,9.55,-22.03,3.81,11.48,10.37,4.7,7.96,5.25,7.34,4.68,,3.86,6.99,,7.04,-25.63,4.48,13.85
2022-11-23 00:00:00,6.83,3.27,3.86,1.97,9.55,-22.03,3.81,11.48,10.37,4.7,7.96,5.25,7.34,4.68,,3.86,6.99,,7.04,-25.63,4.48,13.85
2022-11-24 00:00:00,6.83,3.27,3.86,1.97,9.55,-22.03,3.81,11.48,10.37,4.7,7.96,5.25,7.34,4.68,,3.86,6.99,,7.04,-25.63,4.48,13.85
2022-11-25 00:00:00,6.83,3.27,3.86,1.97,9.55,-22.03,3.81,11.48,10.37,4.7,7.96,5.25,7.34,4.68,,3.86,6.99,,7.04,-25.63,4.48,13.85
2022-11-28 00:00:00,6.83,3.27,3.86,1.97,9.55,-22.03,3.81,11.48,10.37,4.7,7.96,5.25,7.34,4.68,,3.86,6.99,,7.04,-25.63,4.48,13.85
2022-11-29 00:00:00,6.83,3.27,3.86,1.97,9.55,-22.03,3.81,11.48,10.37,4.7,7.96,5.25,7.34,4.68,,3.86,6.99,,7.04,-25.63,4.48,13.85
2022-11-30 00:00:00,6.83,3.27,3.86,1.97,9.55,-22.03,3.81,11.48,10.37,4.7,7.96,5.25,7.34,4.68,,3.86,6.99,,7.04,-25.63,4.48,13.85
2022-12-01 00:00:00,6.83,3.27,3.86,1.97,9.55,-22.03,3.81,11.48,10.37,4.7,7.96,5.25,7.34,4.68,,3.86,6.99,,7.04,-25.63,4.48,13.85
2022-12-02 00:00:00,6.83,3.27,3.86,1.97,9.55,-22.02,3.81,11.48,10.37,4.7,7.96,5.25,7.34,4.67,,3.76,6.99,,7.04,-25.63,4.48,13.85
2022-12-05 00:00:00,6.83,3.27,3.86,1.97,9.55,-22.02,3.81,11.48,10.37,4.7,7.96,5.25,7.34,4.41,,3.76,6.99,,7.04,-25.63,4.48,13.85
2022-12-06 00:00:00,6.83,3.27,3.86,1.97,9.55,-22.02,3.81,11.48,10.37,4.7,7.96,5.25,7.34,4.41,,3.76,6.99,,7.04,-25.63,4.48,13.85
2022-12-08 00:00:00,6.83,3.27,3.86,1.97,9.55,-22.02,3.81,11.48,10.37,4.7,7.96,5.25,7.34,4.41,,3.76,6.99,,7.04,-25.63,4.48,13.85
2022-12-09 00:00:00,6.83,3.27,3.86,1.97,9.55,-22.02,3.81,11.48,10.37,4.7,7.96,5.25,7.34,4.41,,3.76,6.99,,7.04,-25.63,4.48,13.85
2022-12-12 00:00:00,6.83,3.27,3.86,1.97,9.55,-22.02,3.81,11.48,10.37,4.7,7.96,5.25,7.34,4.41,,3.76,6.99,,7.04,-25.63,4.48,13.85
2022-12-13 00:00:00,6.83,3.27,3.86,1.97,9.55,-22.02,3.81,11.48,10.37,4.7,7.96,5.25,7.34,4.41,,3.76,6.99,,7.04,-25.63,4.48,13.85
2022-12-14 00:00:00,6.83,3.27,3.86,1.97,9.55,-22.02,3.81,11.48,10.37,4.7,7.96,5.25,7.34,4.41,,3.76,6.99,,7.04,-25.63,4.48,13.85
2022-12-15 00:00:00,6.83,3.27,3.86,1.97,9.55,-22.02,3.81,11.48,10.37,4.7,7.96,5.25,7.34,4.41,,3.76,6.99,,7.04,-25.63,4.48,13.85
2022-12-16 00:00:00,6.83,3.27,3.86,1.97,9.55,-22.02,3.81,11.48,10.37,4.7,7.96,5.25,7.34,4.41,,3.76,6.99,,7.04,-25.63,4.48,13.85
2022-12-19 00:00:00,6.83,3.27,3.86,1.97,9.55,-22.02,3.81,11.48,10.37,4.7,7.96,5.25,7.34,4.41,,3.76,6.99,,7.04,-25.63,4.48,13.85
2022-12-20 00:00:00,6.83,3.27,3.86,1.97,9.55,-22.02,3.81,11.48,10.37,4.7,7.96,5.25,7.34,4.41,,3.76,6.99,,7.04,-25.63,4.48,13.85
2022-12-21 00:00:00,6.83,3.27,3.86,1.97,9.55,-22.02,3.81,11.48,10.37,4.7,7.96,5.25,7.34,4.41,,3.76,6.99,,7.04,-25.63,4.48,13.85
2022-12-22 00:00:00,6.83,3.27,3.86,1.97,9.55,-22.02,3.81,11.48,10.37,4.7,7.96,5.25,7.34,4.41,,3.76,6.99,,7.04,-25.63,4.48,13.85
2022-12-23 00:00:00,6.83,3.27,3.86,1.97,9.55,-22.02,3.81,11.48,10.37,4.7,7.96,5.25,7.34,4.41,,3.76,6.99,,7.04,-25.63,4.48,13.85
2022-12-27 00:00:00,6.83,3.27,3.86,1.97,9.55,-22.02,3.81,11.48,10.37,4.7,7.96,5.25,7.34,4.41,,3.76,6.99,,7.04,-25.63,4.48,13.85
2022-12-28 00:00:00,6.83,3.27,3.86,1.97,9.55,-22.02,3.8,5.07,10.37,4.68,7.96,5.25,7.34,4.45,,3.75,6.81,,7.04,-25.63,4.64,13.85
2022-12-29 00:00:00,6.83,3.27,3.86,1.97,9.55,-22.02,3.8,5.07,10.37,4.68,7.96,5.25,7.34,4.45,,3.75,6.81,,7.04,-25.63,4.64,13.85
2022-12-30 00:00:00,6.83,3.27,3.86,1.97,9.55,-22.02,3.8,5.07,10.37,4.68,7.96,5.25,7.34,4.45,,3.75,6.81,,7.04,-25.63,4.64,13.85
2023-01-02 00:00:00,6.69,3.84,3.68,1.71,9.16,-22.9,3.1,4.34,10.88,5.04,7.67,4.73,6.24,4.38,,,7.33,,5.76,-32.69,3.48,13.91
2023-01-03 00:00:00,6.69,3.84,3.68,1.71,9.16,-22.9,3.1,4.34,10.88,5.04,7.67,4.73,6.24,4.38,,,7.33,,5.76,-32.69,3.48,13.91
2023-01-04 00:00:00,6.69,3.84,3.68,1.71,9.16,-22.9,3.1,4.34,10.88,5.04,7.67,4.73,6.24,4.38,,,7.33,,5.76,-32.69,3.48,13.91
2023-01-05 00:00:00,6.69,3.84,3.68,1.71,9.16,-22.9,3.1,4.34,10.88,5.04,7.67,4.73,6.24,4.38,,,7.33,,5.76,-32.69,3.48,13.91
2023-01-09 00:00:00,6.69,3.84,3.68,1.71,9.16,-22.9,3.1,4.34,10.88,5.04,7.67,4.73,6.24,4.38,,,7.33,,5.76,-32.69,3.48,13.91
2023-01-10 00:00:00,6.69,3.84,3.68,1.71,9.16,-22.9,3.1,4.34,10.88,5.04,7.67,4.73,6.24,4.38,,,7.33,,5.76,-32.69,3.48,13.91
2023-01-11 00:00:00,6.69,3.84,3.68,1.71,9.16,-22.9,3.1,4.34,10.88,5.04,7.67,4.73,6.24,4.38,,,7.33,,5.76,-32.69,3.48,13.91
2023-01-12 00:00:00,6.69,3.84,3.68,1.71,9.16,-22.9,3.1,4.34,10.88,5.04,7.67,4.73,6.24,4.38,,,7.33,,5.76,-32.69,3.48,13.91
2023-01-13 00:00:00,6.69,3.84,3.68,1.71,9.16,-22.9,3.1,4.34,10.88,5.04,7.67,4.73,6.24,4.38,,,7.33,,5.76,-32.69,3.48,13.91
2023-01-17 00:00:00,6.69,3.84,3.68,1.71,9.16,-22.9,3.1,4.34,10.88,5.04,7.67,4.73,6.24,4.38,,,7.33,,5.76,-32.69,3.48,13.91
2023-01-18 00:00:00,6.69,3.84,3.68,1.71,9.16,-22.9,3.1,4.34,10.88,5.04,7.67,4.73,6.24,4.38,,,7.33,,5.76,-32.69,3.48,13.91
2023-01-19 00:00:00,6.69,3.84,3.68,1.71,9.16,-22.9,3.1,4.34,10.88,5.04,7.67,4.73,6.24,4.38,,,7.33,,5.76,-32.69,3.48,13.91
2023-01-20 00:00:00,6.69,3.84,3.68,1.71,9.16,-22.9,3.1,4.34,10.88,5.04,7.67,4.73,6.24,4.38,,,7.33,,5.76,-32.69,3.48,13.91
2023-01-23 00:00:00,6.69,3.84,3.68,1.71,9.16,-22.9,3.1,4.34,10.88,5.04,7.67,4.73,6.24,4.38,,,7.33,,5.76,-32.69,3.48,13.91
2023-01-24 00:00:00,6.69,3.84,3.68,1.71,9.16,-22.9,3.1,4.34,10.88,5.04,7.67,4.73,6.24,4.38,,,7.33,,5.76,-32.69,3.48,13.91
2023-01-25 00:00:00,6.69,3.84,3.68,1.71,9.16,-22.9,3.1,4.34,10.88,5.04,7.67,4.73,6.24,4.38,,,7.33,,5.76,-32.69,3.48,13.91
2023-01-26 00:00:00,6.69,3.84,3.68,1.71,9.16,-22.9,3.1,4.34,10.88,5.04,7.67,4.73,6.24,4.38,,,7.33,,5.76,-32.69,3.48,13.91
2023-01-27 00:00:00,6.69,3.84,3.68,1.71,9.16,-22.9,3.1,4.34,10.88,5.04,7.67,4.73,6.24,4.38,,,7.33,,5.76,-32.69,3.48,13.91
2023-01-30 00:00:00,6.69,3.84,3.68,1.71,9.16,-22.9,3.1,4.34,10.88,5.04,7.67,4.73,6.24,4.38,,,7.33,,5.76,-32.69,3.48,13.91
2023-01-31 00:00:00,6.69,3.84,3.68,1.71,9.16,-22.9,3.1,4.34,10.88,5.04,7.67,4.73,6.24,4.38,,,7.33,,5.76,-32.69,3.48,13.91
2023-02-01 00:00:00,6.69,3.84,3.68,1.71,9.16,-22.9,3.1,4.34,10.88,5.04,7.67,4.73,6.24,4.38,,,7.33,,5.76,-32.69,3.48,13.91
2023-02-02 00:00:00,6.69,3.84,3.68,1.71,9.16,-22.9,3.1,4.34,10.88,5.04,7.67,4.73,6.24,4.38,,,7.33,,5.76,-32.69,3.48,13.91
2023-02-03 00:00:00,6.69,3.84,3.68,1.71,9.16,-22.9,3.1,4.34,10.88,5.04,7.67,4.73,6.24,4.38,,,7.33,,5.76,-32.69,3.48,13.91
2023-02-06 00:00:00,6.69,3.84,3.68,1.71,9.16,-22.9,3.1,4.34,10.88,5.04,7.67,4.73,6.24,4.38,,,7.33,,5.76,-32.69,3.48,13.91
2023-02-07 00:00:00,6.69,3.84,3.68,1.71,9.16,-22.9,3.1,4.34,10.88,5.04,7.67,4.73,6.24,4.38,,,7.33,,5.76,-32.69,3.48,13.91
2023-02-08 00:00:00,6.69,3.84,3.68,1.71,9.16,-22.9,3.1,4.34,10.88,5.04,7.67,4.73,6.24,4.38,,,7.33,,5.76,-32.69,3.48,13.91
2023-02-09 00:00:00,6.69,3.84,3.68,1.71,9.16,-22.9,3.1,4.34,10.88,5.04,7.67,4.73,6.24,4.38,,,7.33,,5.76,-32.69,3.48,13.91
2023-02-10 00:00:00,6.69,3.84,3.68,1.71,9.16,-22.9,3.1,4.34,10.88,5.04,7.67,4.73,6.24,4.38,,,7.33,,5.76,-32.69,3.48,13.91
2023-02-13 00:00:00,6.69,3.84,3.68,1.71,9.16,-22.9,3.1,4.34,10.88,5.04,7.67,4.73,6.24,4.38,,,7.33,,5.76,-32.69,3.48,13.91
2023-02-14 00:00:00,6.69,3.84,3.68,1.71,9.16,-22.9,3.1,4.34,10.88,5.04,7.67,4.73,6.24,4.38,,,7.33,,5.76,-32.69,3.48,13.91
2023-02-15 00:00:00,6.69,3.84,3.68,1.71,9.16,-22.9,3.1,4.34,10.88,5.04,7.67,4.73,6.24,4.38,,,7.33,,5.76,-32.69,3.48,13.91
2023-02-16 00:00:00,6.69,3.84,3.68,1.71,9.16,-22.9,3.1,4.34,10.88,5.04,7.67,4.73,6.24,4.38,,,7.33,,5.76,-32.69,3.48,13.91
2023-02-17 00:00:00,6.69,3.84,3.68,1.71,9.16,-22.9,3.1,4.34,10.88,5.04,7.67,4.73,6.24,4.38,,,7.33,,5.76,-32.69,3.48,13.91
2023-02-20 00:00:00,6.69,3.84,3.68,1.71,9.16,-22.9,3.1,4.34,10.88,5.04,7.67,4.73,6.24,4.38,,,7.33,,5.76,-32.69,3.48,13.91
2023-02-21 00:00:00,6.69,3.84,3.68,1.71,9.16,-22.9,3.1,4.34,10.88,5.04,7.67,4.73,6.24,4.38,,,7.33,,5.76,-32.69,3.48,13.91
2023-02-22 00:00:00,6.69,3.84,3.68,1.71,9.16,-22.9,3.1,4.34,10.88,5.04,7.67,4.73,6.24,4.38,,,7.33,,5.76,-32.69,3.48,13.91
2023-02-23 00:00:00,6.69,3.84,3.68,1.71,9.16,-22.9,3.1,4.34,10.88,5.04,7.67,4.73,6.24,4.38,,,7.33,,5.76,-32.69,3.48,13.91
2023-02-24 00:00:00,6.69,3.84,3.68,1.71,9.16,-22.9,3.1,4.34,10.88,5.04,7.67,4.73,6.24,4.38,,,7.33,,5.76,-32.69,3.48,13.91
2023-02-27 00:00:00,6.69,3.84,3.68,1.71,9.16,-22.9,3.1,4.34,10.88,5.04,7.67,4.73,6.24,4.38,,,7.33,,5.76,-32.69,3.48,13.91
2023-02-28 00:00:00,6.69,3.84,3.68,1.71,9.16,-22.9,3.1,4.34,10.88,5.04,7.67,4.73,6.24,4.38,,,7.33,,5.76,-32.69,3.48,13.91
2023-03-01 00:00:00,6.69,3.84,3.68,1.71,9.16,-22.9,3.1,4.34,10.88,5.04,7.67,4.73,6.24,4.38,,,7.33,,5.76,-32.69,3.48,13.91
2023-03-02 00:00:00,6.69,3.84,3.68,1.71,9.16,-22.9,3.1,4.34,10.88,5.04,7.67,4.73,6.24,4.38,,,7.33,,5.76,-32.69,3.48,13.91
2023-03-03 00:00:00,6.69,3.84,3.68,1.71,9.16,-22.9,3.1,4.34,10.88,5.04,7.67,4.73,6.24,4.38,,,7.33,,5.76,-32.69,3.48,13.91
2023-03-07 00:00:00,6.69,3.84,3.68,1.71,9.16,-22.9,3.1,4.34,10.88,5.04,7.67,4.73,6.24,4.38,,,7.33,,5.76,-32.69,3.48,13.91
2023-03-08 00:00:00,6.69,3.84,3.68,1.71,9.16,-22.9,3.1,4.34,10.88,5.04,7.67,4.73,6.24,4.38,,,7.33,,5.76,-32.69,3.48,13.91
2023-03-09 00:00:00,6.69,3.84,3.68,1.71,9.16,-22.9,3.1,4.34,10.88,5.04,7.67,4.73,6.24,4.38,,,7.33,,5.76,-32.69,3.48,13.91
2023-03-10 00:00:00,6.69,3.84,3.68,1.71,9.16,-22.9,3.1,4.34,10.88,5.04,7.67,4.73,6.24,4.38,,,7.33,,5.76,-32.69,3.48,13.91
2023-03-13 00:00:00,6.69,3.84,3.68,1.71,9.16,-22.9,3.1,4.34,10.88,5.04,7.67,4.73,6.24,4.38,,,7.33,,5.76,-32.69,3.48,13.91
2023-03-14 00:00:00,6.69,3.84,3.68,1.71,9.16,-22.9,3.1,4.34,10.88,5.04,7.67,4.73,6.24,4.38,,,7.33,,5.76,-32.69,3.48,13.91
2023-03-15 00:00:00,6.69,3.84,3.68,1.71,9.16,-22.9,3.1,4.34,10.88,5.04,7.67,4.73,6.24,4.38,,,7.33,,5.76,-32.69,3.48,13.91
2023-03-16 00:00:00,6.69,3.84,3.68,1.71,9.16,-22.9,3.1,4.34,10.88,5.04,7.67,4.73,6.24,4.38,,,7.33,,5.76,-32.69,3.48,13.91
2023-03-17 00:00:00,6.69,3.84,3.68,1.71,9.16,-22.9,3.1,4.34,10.88,5.04,7.67,4.73,6.24,4.38,,,7.33,,5.76,-32.69,3.48,13.91
2023-03-20 00:00:00,6.69,3.84,3.68,1.71,9.16,-22.9,3.1,4.34,10.88,5.04,7.67,4.73,6.24,4.38,,3.86,7.33,,5.76,-32.69,3.48,13.91
2023-03-21 00:00:00,6.69,3.84,3.68,1.71,9.16,-22.9,3.1,4.34,10.88,5.04,7.67,4.73,6.24,4.38,,3.86,7.33,,5.76,-32.69,3.48,13.91
2023-03-22 00:00:00,6.69,3.84,3.68,1.71,9.16,-22.9,3.1,4.34,10.88,5.04,7.67,4.73,6.24,4.38,,3.86,7.33,,5.76,-32.69,3.48,13.91
2023-03-23 00:00:00,6.69,3.84,3.68,1.71,9.16,-22.9,3.1,4.34,10.88,5.04,7.67,4.73,6.24,4.38,,3.86,7.33,,5.76,-32.69,3.48,13.91
2023-03-24 00:00:00,6.69,3.84,3.68,1.71,9.16,-22.9,3.1,4.34,10.88,5.04,7.67,4.73,6.24,4.38,,3.86,7.33,,5.76,-32.69,3.48,13.91
2023-03-27 00:00:00,6.69,3.84,3.68,1.71,9.16,-22.9,3.1,4.34,10.88,5.04,7.67,4.73,6.24,4.38,,3.86,7.33,,5.76,-32.69,3.48,13.91
2023-03-28 00:00:00,6.69,3.84,3.68,1.71,9.16,-22.9,3.1,4.34,10.88,5.04,7.67,4.73,6.24,4.38,,3.86,7.33,,5.76,-32.69,3.48,13.91
2023-03-29 00:00:00,6.69,3.84,3.68,1.71,9.16,-22.9,3.1,4.34,10.88,5.04,7.67,4.73,6.24,4.38,,3.86,7.33,,5.76,-32.69,3.48,13.91
2023-03-30 00:00:00,6.69,3.84,3.68,1.71,9.16,-22.9,3.1,4.34,10.88,5.04,7.67,4.73,6.24,4.38,,3.86,7.33,,5.76,-32.69,3.48,13.91
2023-03-31 00:00:00,6.69,3.84,3.68,1.71,9.16,-22.9,3.1,4.34,10.88,5.04,7.67,4.73,6.24,4.38,,3.86,7.33,,5.76,-32.69,3.48,13.91
2023-04-03 00:00:00,8.01,6.77,4.58,1.9,10.26,-26.94,4.23,3.75,13.54,5.94,7.73,5.31,7.39,5.12,,4.51,8.5,,5.76,-35.36,3.48,14.88
2023-04-04 00:00:00,8.01,6.77,4.58,1.9,10.26,-26.94,4.23,3.75,13.54,5.94,7.73,5.31,7.39,5.12,,4.51,8.5,,5.76,-35.36,3.48,14.88
2023-04-06 00:00:00,8.01,6.77,4.58,1.9,10.26,-26.94,4.23,3.75,13.54,5.94,7.73,5.31,7.39,5.12,,4.51,8.5,,5.76,-35.36,3.48,14.88
2023-04-10 00:00:00,8.01,6.77,4.58,1.9,10.26,-26.94,4.23,3.75,13.54,5.94,7.73,5.31,7.39,5.12,,4.51,8.5,,5.76,-35.36,3.48,14.88
2023-04-11 00:00:00,8.01,6.77,4.58,1.9,10.26,-26.94,4.23,3.75,13.54,5.94,7.73,5.31,7.39,5.12,,4.51,8.5,,5.76,-35.36,3.48,14.88
2023-04-12 00:00:00,8.01,6.77,4.58,1.9,10.26,-26.94,4.23,3.75,13.54,5.94,7.73,5.31,7.39,5.12,,4.51,8.5,,5.76,-35.36,3.48,14.88
2023-04-17 00:00:00,8.01,6.77,4.58,1.9,10.26,-26.94,4.23,3.75,13.54,5.94,7.73,5.31,7.39,5.12,,4.51,8.5,,5.76,-35.36,3.48,14.88
2023-04-18 00:00:00,8.01,6.77,4.58,1.9,10.26,-26.94,4.23,3.75,13.54,5.94,7.73,5.31,7.39,5.12,,4.51,8.5,,5.76,-35.36,3.48,14.88
2023-04-19 00:00:00,8.01,6.77,4.58,1.9,10.26,-26.94,4.23,3.75,13.54,5.94,7.73,5.31,7.39,5.12,,4.51,8.5,,5.76,-35.36,3.48,14.88
2023-04-20 00:00:00,8.01,6.77,4.58,1.9,10.26,-26.94,4.23,3.75,13.54,5.94,7.73,5.31,7.39,5.12,,4.51,8.5,,5.76,-35.36,3.48,14.88
2023-04-21 00:00:00,8.01,6.77,4.58,1.9,10.26,-26.94,4.23,3.75,13.54,5.94,7.73,5.31,7.39,5.12,,4.51,8.5,,5.76,-35.36,3.48,14.88
2023-04-24 00:00:00,8.01,6.77,4.58,1.9,10.26,-26.94,4.23,3.75,13.54,5.94,7.73,5.31,7.39,5.12,,4.51,8.5,,5.76,-35.36,3.48,14.88
2023-04-25 00:00:00,8.01,6.77,4.58,1.9,10.26,-26.94,4.23,3.75,13.54,5.94,7.73,5.31,7.39,5.12,,4.51,8.5,,5.76,-35.36,3.48,14.88
2023-04-26 00:00:00,8.01,6.77,4.58,1.9,10.26,-26.94,4.23,3.75,13.54,5.94,7.73,5.31,7.39,5.12,,4.51,8.5,,5.76,-35.36,3.48,14.88
2023-04-27 00:00:00,8.01,6.77,4.58,1.9,10.26,-26.94,4.23,3.75,13.54,5.94,7.73,5.31,7.39,5.12,,4.51,8.5,,5.76,-35.36,3.48,14.88
2023-04-28 00:00:00,8.01,6.77,4.58,1.9,10.26,-26.94,4.23,3.75,13.54,5.94,7.73,5.31,7.39,5.12,,4.51,8.5,,5.76,-35.36,3.48,14.88
2023-05-02 00:00:00,8.01,6.77,4.58,1.9,10.26,-26.94,4.23,3.75,13.54,5.94,7.73,5.31,7.39,5.12,,4.51,8.5,,5.76,-35.36,3.48,14.88
2023-05-03 00:00:00,8.01,6.77,4.58,1.9,10.26,-26.94,4.23,3.75,13.54,5.94,7.73,5.31,7.39,5.12,,4.51,8.5,,5.76,-35.36,3.48,14.88
2023-05-04 00:00:00,8.01,6.77,4.58,1.9,10.26,-26.94,4.23,3.75,13.54,5.94,7.73,5.31,7.39,5.12,,4.51,8.5,,5.76,-35.36,3.48,14.88
2023-05-08 00:00:00,8.01,6.77,4.58,1.9,10.26,-26.94,4.23,3.75,13.54,5.94,7.73,5.31,7.39,5.12,,4.51,8.5,,5.76,-35.36,3.48,14.88
2023-05-09 00:00:00,8.01,6.77,4.58,1.9,10.26,-26.94,4.23,3.75,13.54,5.94,7.73,5.31,7.39,5.12,,4.51,8.5,,5.76,-35.36,3.48,14.88
2023-05-10 00:00:00,8.01,6.77,4.58,1.9,10.26,-26.94,4.23,3.75,13.54,5.94,7.73,5.31,7.39,5.12,,4.51,8.5,,5.76,-35.36,3.48,14.88
2023-05-11 00:00:00,8.01,6.77,4.58,1.9,10.26,-26.94,4.23,3.75,13.54,5.94,7.73,5.31,7.39,5.12,,4.51,8.5,,5.76,-35.36,3.48,14.88
2023-05-12 00:00:00,8.01,6.77,4.58,1.9,10.26,-26.94,4.23,3.75,13.54,5.94,7.73,5.31,7.39,5.12,,4.51,8.5,,5.76,-35.36,3.48,14.88
2023-05-15 00:00:00,8.01,6.77,4.58,1.9,10.26,-26.94,4.23,3.75,13.54,5.94,7.73,5.31,7.39,5.12,,4.51,8.5,,5.76,-35.36,3.48,14.88
2023-05-16 00:00:00,8.01,6.77,4.58,1.9,10.26,-26.94,4.23,3.75,13.54,5.94,7.73,5.31,7.39,5.12,,4.51,8.5,,5.76,-35.36,3.48,14.88
2023-05-17 00:00:00,8.01,6.77,4.58,1.9,10.26,-26.94,4.23,3.75,13.54,5.94,7.73,5.31,7.39,5.12,,4.51,8.5,,5.76,-35.36,3.48,14.88
2023-05-18 00:00:00,8.01,6.77,4.58,1.9,10.26,-26.94,4.23,3.75,13.54,5.94,7.73,5.31,7.39,5.12,,4.51,8.5,,5.76,-35.36,3.48,14.88
2023-05-19 00:00:00,8.01,6.77,4.58,1.9,10.26,-26.94,4.23,3.75,13.54,5.94,7.73,5.31,7.39,5.12,,4.51,8.5,,5.76,-35.36,3.48,14.88
2023-05-22 00:00:00,8.01,6.77,4.58,1.9,10.26,-26.94,4.23,3.75,13.54,5.94,7.73,5.31,7.39,5.12,,4.51,8.5,,5.76,-35.36,3.48,14.88
2023-05-23 00:00:00,8.01,6.77,4.58,1.9,10.26,-26.94,4.23,3.75,13.54,5.94,7.73,5.31,7.39,5.12,,4.51,8.5,,5.76,-35.36,3.48,14.88
2023-05-24 00:00:00,8.01,6.77,4.58,1.9,10.26,-26.94,4.23,3.75,13.54,5.94,7.73,5.31,7.39,5.12,,4.51,8.5,,5.76,-35.36,3.48,14.88
2023-05-25 00:00:00,8.01,6.77,4.58,1.9,10.26,-26.94,4.23,3.75,13.54,5.94,7.73,5.31,7.39,5.12,,4.51,8.5,,5.76,-35.36,3.48,14.88
2023-05-26 00:00:00,8.01,6.77,4.58,1.9,10.26,-26.94,4.23,3.75,13.54,5.94,7.73,5.31,7.39,5.12,,4.51,8.5,,5.76,-35.36,3.48,14.88
2023-05-29 00:00:00,8.01,6.77,4.58,1.9,10.26,-26.94,4.23,3.75,13.54,5.94,7.73,5.31,7.39,5.12,,4.51,8.5,,5.76,-35.36,3.48,14.88
2023-05-30 00:00:00,8.01,6.77,4.58,1.9,10.26,-26.94,4.23,3.75,13.54,5.94,7.73,5.31,7.39,5.12,,4.51,8.5,,5.76,-35.36,3.48,14.88
2023-05-31 00:00:00,8.01,6.77,4.58,1.9,10.26,-26.94,4.23,3.75,13.54,5.94,7.73,5.31,7.39,5.12,,4.51,8.5,,5.76,-35.36,3.48,14.88
2023-06-01 00:00:00,8.01,6.77,4.58,1.9,10.26,-26.94,4.23,3.75,13.54,5.94,7.73,5.31,7.39,5.12,,4.51,8.5,,5.76,-35.36,3.48,14.88
2023-06-02 00:00:00,8.01,6.77,4.58,1.9,10.26,-26.94,4.23,3.75,13.54,5.94,7.73,5.31,7.39,5.12,,4.51,8.5,,5.76,-35.36,3.48,14.88
2023-06-05 00:00:00,8.01,6.77,4.58,1.9,10.26,-26.94,4.23,3.75,13.54,5.94,7.73,5.31,7.39,5.12,,4.51,8.5,,5.76,-35.36,3.48,14.88
2023-06-06 00:00:00,8.01,6.77,4.58,1.9,10.26,-26.94,4.23,3.75,13.54,5.94,7.73,5.31,7.39,5.12,,4.51,8.5,,5.76,-35.36,3.48,14.88
2023-06-07 00:00:00,8.01,6.77,4.58,1.9,10.26,-26.94,4.23,3.75,13.54,5.94,7.73,5.31,7.39,5.12,,4.51,8.5,,5.76,-35.36,3.48,14.88
2023-06-08 00:00:00,8.01,6.77,4.58,1.9,10.26,-26.94,4.23,3.75,13.54,5.94,7.73,5.31,7.39,5.12,,4.51,8.5,,5.76,-35.36,3.48,14.88
2023-06-09 00:00:00,8.01,6.77,4.58,1.9,10.26,-26.94,4.23,3.75,13.54,5.94,7.73,5.31,7.39,5.12,,4.51,8.5,,5.76,-35.36,3.48,14.88
2023-06-12 00:00:00,8.01,6.77,4.58,1.9,10.26,-26.94,4.23,3.75,13.54,5.94,7.73,5.31,7.39,5.12,,4.51,8.5,,5.76,-35.36,3.48,14.88
2023-06-13 00:00:00,8.01,6.77,4.58,1.9,10.26,-26.94,4.23,3.75,13.54,5.94,7.73,5.31,7.39,5.12,,4.51,8.5,,5.76,-35.36,3.48,14.88
2023-06-14 00:00:00,8.01,6.77,4.58,1.9,10.26,-26.94,4.23,3.75,13.54,5.94,7.73,5.31,7.39,5.12,,4.51,8.5,,5.76,-35.36,3.48,14.88
2023-06-15 00:00:00,8.01,6.77,4.58,1.9,10.26,-26.94,4.23,3.75,13.54,5.94,7.73,5.31,7.39,5.12,,4.51,8.5,,5.76,-35.36,3.48,14.88
2023-06-16 00:00:00,8.01,6.77,4.58,1.9,10.26,-26.94,4.23,3.75,13.54,5.94,7.73,5.31,7.39,5.12,,4.51,8.5,,5.76,-35.36,3.48,14.88
2023-06-19 00:00:00,8.01,6.77,4.58,1.9,10.26,-26.94,4.23,3.75,13.54,5.94,7.73,5.31,7.39,5.12,,4.51,8.5,,5.76,-35.36,3.48,14.88
2023-06-20 00:00:00,8.01,6.77,4.58,1.9,10.26,-26.94,4.23,3.75,13.54,5.94,7.73,5.31,7.39,5.12,,4.51,8.5,,5.76,-35.36,3.48,14.88
2023-06-21 00:00:00,8.01,6.77,4.58,1.9,10.26,-26.94,4.23,3.75,13.54,5.94,7.73,5.31,7.39,5.12,,4.51,8.5,,5.76,-35.36,3.48,14.88
2023-06-22 00:00:00,8.01,6.77,4.58,1.9,10.26,-26.94,4.23,3.75,13.54,5.94,7.73,5.31,7.39,5.12,,4.51,8.5,,5.76,-35.36,3.48,14.88
2023-06-23 00:00:00,8.01,6.77,4.58,1.9,10.26,-26.94,4.23,3.75,13.54,5.94,7.73,5.31,7.39,5.12,,4.51,8.5,,5.76,-35.36,3.48,14.88
2023-06-26 00:00:00,8.01,6.77,4.58,1.9,10.26,-26.94,4.23,3.75,13.54,5.94,7.73,5.31,7.39,5.12,,4.51,8.5,,5.76,-35.36,3.48,14.88
2023-06-27 00:00:00,8.01,6.77,4.58,1.9,10.26,-26.94,4.23,3.75,13.54,5.94,7.73,5.31,7.39,5.12,,4.51,8.5,,5.76,-35.36,3.48,14.88
2023-06-28 00:00:00,8.01,6.77,4.58,1.9,10.26,-26.94,4.23,3.75,13.54,5.94,7.73,5.31,7.39,5.12,,4.51,8.5,,5.76,-35.36,3.48,14.88
2023-07-04 00:00:00,7.29,6.09,4.45,1.78,9.92,-29.76,3.5,3.13,16.73,5.95,8.19,4.73,7.05,4.78,,4.11,8.04,,5.12,-34.03,3.01,14.91
2023-07-05 00:00:00,7.29,6.09,4.45,1.78,9.92,-29.76,3.5,3.13,16.73,5.95,8.19,4.73,7.05,4.78,,4.11,8.04,,5.12,-34.03,3.01,14.91
2023-07-06 00:00:00,7.29,6.09,4.45,1.78,9.92,-29.76,3.5,3.13,16.73,5.95,8.19,4.73,7.05,4.78,,4.11,8.04,,5.12,-34.03,3.01,14.91
2023-07-07 00:00:00,7.29,6.09,4.45,1.78,9.92,-29.76,3.5,3.13,16.73,5.95,8.19,4.73,7.05,4.78,,4.11,8.04,,5.12,-34.03,3.01,14.91
2023-07-10 00:00:00,7.29,6.09,4.45,1.78,9.92,-29.76,3.5,3.13,16.73,5.95,8.19,4.73,7.05,4.78,,4.11,8.04,,5.12,-34.03,3.01,14.91
2023-07-11 00:00:00,7.29,6.09,4.45,1.78,9.92,-29.76,3.5,3.13,16.73,5.95,8.19,4.73,7.05,4.78,,4.11,8.04,,5.12,-34.03,3.01,14.91
2023-07-12 00:00:00,7.29,6.09,4.45,1.78,9.92,-29.76,3.5,3.13,16.73,5.95,8.19,4.73,7.05,4.78,,4.11,8.04,,5.12,-34.03,3.01,14.91
2023-07-13 00:00:00,7.29,6.09,4.45,1.78,9.92,-29.76,3.5,3.13,16.73,5.95,8.19,4.73,7.05,4.78,,4.11,8.04,,5.12,-34.03,3.01,14.91
2023-07-14 00:00:00,7.29,6.09,4.45,1.78,9.92,-29.76,3.5,3.13,16.73,5.95,8.19,4.73,7.05,4.78,,4.11,8.04,,5.12,-34.03,3.01,14.91
2023-07-17 00:00:00,7.29,6.09,4.45,1.78,9.92,-29.76,3.5,3.13,16.73,5.95,8.19,4.73,7.05,4.78,,4.11,8.04,,5.12,-34.03,3.01,14.91
2023-07-18 00:00:00,7.29,6.09,4.45,1.78,9.92,-29.76,3.5,3.13,16.73,5.95,8.19,4.73,7.05,4.78,,4.11,8.04,,5.12,-34.03,3.01,14.91
2023-07-19 00:00:00,7.29,6.09,4.45,1.78,9.92,-29.76,3.5,3.13,16.73,5.95,8.19,4.73,7.05,4.78,,4.11,8.04,,5.12,-34.03,3.01,14.91
2023-07-20 00:00:00,7.29,6.09,4.45,1.78,9.92,-29.76,3.5,3.13,16.73,5.95,8.19,4.73,7.05,4.78,,4.11,8.04,,5.12,-34.03,3.01,14.91
2023-07-21 00:00:00,7.29,6.09,4.45,1.78,9.92,-29.76,3.5,3.13,16.73,5.95,8.19,4.73,7.05,4.78,,4.11,8.04,,5.12,-34.03,3.01,14.91
2023-07-24 00:00:00,7.29,6.09,4.45,1.78,9.92,-29.76,3.5,3.13,16.73,5.95,8.19,4.73,7.05,4.78,,4.11,8.04,,5.12,-34.03,3.01,14.91
2023-07-25 00:00:00,7.29,6.09,4.45,1.78,9.92,-29.76,3.5,3.13,16.73,5.95,8.19,4.73,7.05,4.78,,4.11,8.04,,5.12,-34.03,3.01,14.91
2023-07-26 00:00:00,7.29,6.09,4.45,1.78,9.92,-29.76,3.5,3.13,16.73,5.95,8.19,4.73,7.05,4.78,,4.11,8.04,,5.12,-34.03,3.01,14.91
2023-07-27 00:00:00,7.29,6.09,4.45,1.78,9.92,-29.76,3.5,3.13,16.73,5.95,8.19,4.73,7.05,4.78,,4.11,8.04,,5.12,-34.03,3.01,14.91
2023-07-28 00:00:00,7.29,6.09,4.45,1.78,9.92,-29.76,3.5,3.13,16.73,5.95,8.19,4.73,7.05,4.78,,4.11,8.04,,5.12,-34.03,3.01,14.91
2023-07-31 00:00:00,7.29,6.09,4.45,1.78,9.92,-29.76,3.5,3.13,16.73,5.95,8.19,4.73,7.05,4.78,,4.11,8.04,,5.12,-34.03,3.01,14.91
2023-08-02 00:00:00,7.29,6.09,4.45,1.78,9.92,-29.76,3.5,3.13,16.73,5.95,8.19,4.73,7.05,4.78,,4.11,8.04,,5.12,-34.03,3.01,14.91
2023-08-03 00:00:00,7.29,6.09,4.45,1.78,9.92,-29.76,3.5,3.13,16.73,5.95,8.19,4.73,7.05,4.78,,4.11,8.04,,5.12,-34.03,3.01,14.91
2023-08-04 00:00:00,7.29,6.09,4.45,1.78,9.92,-29.76,3.5,3.13,16.73,5.95,8.19,4.73,7.05,4.78,,4.11,8.04,,5.12,-34.03,3.01,14.91
2023-08-07 00:00:00,7.29,6.09,4.45,1.78,9.92,-29.76,3.5,3.13,16.73,5.95,8.19,4.73,7.05,4.78,,4.11,8.04,,5.12,-34.03,3.01,14.91
2023-08-08 00:00:00,7.29,6.09,4.45,1.78,9.92,-29.76,3.5,3.13,16.73,5.95,8.19,4.73,7.05,4.78,,4.11,8.04,,5.12,-34.03,3.01,14.91
2023-08-09 00:00:00,7.29,6.09,4.45,1.78,9.92,-29.76,3.5,3.13,16.73,5.95,8.19,4.73,7.05,4.78,,4.11,8.04,,5.12,-34.03,3.01,14.91
2023-08-10 00:00:00,7.29,6.09,4.45,1.78,9.92,-29.76,3.5,3.13,16.73,5.95,8.19,4.73,7.05,4.78,,4.11,8.04,,5.12,-34.03,3.01,14.91
2023-08-11 00:00:00,7.29,6.09,4.45,1.78,9.92,-29.76,3.5,3.13,16.73,5.95,8.19,4.73,7.05,4.78,,4.11,8.04,,5.12,-34.03,3.01,14.91
2023-08-14 00:00:00,7.29,6.09,4.45,1.78,9.92,-29.76,3.5,3.13,16.73,5.95,8.19,4.73,7.05,4.78,,4.11,8.04,,5.12,-34.03,3.01,14.91
2023-08-15 00:00:00,7.29,6.08,4.46,1.78,9.92,-44.79,3.49,3.13,16.73,5.95,8.19,4.73,7.04,4.75,,4.11,8.04,,5.12,-34.03,3.01,14.91
2023-08-16 00:00:00,7.29,6.08,4.46,1.78,9.92,-43.32,3.49,3.13,16.73,5.95,9.03,4.73,7.05,4.78,,4.04,8.04,,5.12,-34.03,3.01,14.91
2023-08-17 00:00:00,7.29,6.08,4.47,1.83,9.92,-43.93,3.45,3.13,14.91,6.15,9.24,5.01,7.05,4.79,,3.43,8.04,,5.12,-34.03,3.01,14.91
2023-08-18 00:00:00,7.29,6.29,4.45,1.83,9.92,-40.99,3.45,3.13,14.91,6.16,9.24,5.01,6.94,4.92,,3.47,8.09,,5.12,-34.03,3.01,14.91
2023-08-21 00:00:00,7.29,6.21,4.46,1.84,10.12,-43.22,3.45,3.13,13.73,6.15,9.25,5.01,6.94,4.94,,3.45,8.7,,5.12,-60.41,4.24,14.91
2023-08-22 00:00:00,7.29,6.22,4.49,1.84,10.62,-44.31,3.4,3.13,13.73,6.16,9.25,5.01,6.93,4.85,,3.45,8.7,,6.11,-60.41,4.24,14.91
2023-08-23 00:00:00,7.29,5.92,4.48,1.84,10.62,-49.44,3.41,3.13,13.73,6.13,9.25,5.01,6.84,4.84,,3.45,8.68,,6.11,-60.41,4.24,15.54
2023-08-24 00:00:00,7.29,5.92,4.47,1.84,10.6,-78.49,3.41,2.33,13.73,6.12,9.9,5.01,6.82,4.85,,3.45,8.66,,6.11,-60.41,4.24,15.54
2023-08-25 00:00:00,7.29,5.92,4.48,1.79,10.6,-81.55,3.59,2.33,13.73,6.11,9.9,5.01,6.82,4.83,,3.45,8.66,,6.11,-60.41,4.24,21.09
2023-08-28 00:00:00,7.29,5.94,4.5,1.79,11.11,-42.71,3.58,2.33,13.73,6.04,11.29,5.01,6.85,4.93,,3.19,8.84,,6.11,-60.41,4.24,26.76
2023-08-29 00:00:00,7.29,5.9,4.56,1.79,11.11,-44.47,3.58,2.33,13.73,6.04,11.29,5.01,7.32,4.93,,3.19,9.44,,6.11,-60.41,4.24,26.76
2023-08-31 00:00:00,7.29,5.91,4.6,1.79,12.32,-55.01,3.58,2.33,13.72,6.02,11.3,5.7,7.32,4.85,,3.16,12.2,,6.11,-39.3,4.24,26.76
2023-09-01 00:00:00,7.29,5.91,4.6,1.79,12.32,-55.01,3.58,2.33,13.72,6.02,11.3,5.7,7.32,4.85,,3.16,12.2,,6.11,-39.3,4.24,26.76
2023-09-04 00:00:00,7.29,5.91,4.6,1.79,12.32,-55.01,3.58,2.33,13.72,6.02,11.3,5.7,7.32,4.85,,3.16,12.2,,6.11,-39.3,4.24,26.76
2023-09-05 00:00:00,4.76,5.91,4.59,1.79,12.32,-55.01,3.59,2.33,13.72,6.07,11.3,5.7,7.26,4.85,,3.15,12.74,,6.11,-39.3,4.24,-158.55
2023-09-06 00:00:00,4.76,5.91,4.59,1.79,12.32,-55.01,3.59,2.33,13.72,6.07,11.3,5.7,7.26,4.85,,3.15,12.74,,6.11,-39.3,4.24,-158.55
2023-09-07 00:00:00,4.76,5.91,4.59,1.79,12.32,-55.01,3.59,2.33,13.72,6.07,11.3,5.7,7.26,4.85,,3.15,12.74,,6.11,-39.3,4.24,-158.55
2023-09-08 00:00:00,4.76,5.91,4.59,1.79,12.32,-55.01,3.59,2.33,13.72,6.07,11.3,5.7,7.26,4.85,,3.15,12.74,,6.11,-39.3,4.24,-158.55
2023-09-11 00:00:00,4.76,5.91,4.59,1.79,12.32,-55.01,3.59,2.33,13.72,6.07,11.3,5.7,7.26,4.85,,3.15,12.74,,6.11,-39.3,4.24,-158.55
2023-09-12 00:00:00,4.76,5.91,4.59,1.79,12.32,-55.01,3.59,2.33,13.72,6.07,11.3,5.7,7.26,4.85,,3.15,12.74,,6.11,-39.3,4.24,-158.55
2023-09-13 00:00:00,4.76,5.91,4.59,1.79,12.32,-55.01,3.59,2.33,13.72,6.07,11.3,5.7,7.26,4.85,,3.15,12.74,,6.11,-39.3,4.24,-158.55
2023-09-14 00:00:00,4.76,5.91,4.59,1.79,12.32,-55.01,3.59,2.33,13.72,6.07,11.3,5.7,7.26,4.85,,3.15,12.74,,6.11,-39.3,4.24,-158.55
2023-09-15 00:00:00,4.76,5.91,4.59,1.79,12.32,-55.01,3.59,2.33,13.72,6.07,11.3,5.7,7.26,4.85,,3.15,12.74,,6.11,-39.3,4.24,-158.55
2023-09-18 00:00:00,4.76,5.91,4.59,1.79,12.32,-55.01,3.59,2.33,13.72,6.07,11.3,5.7,7.26,4.85,,3.15,12.74,,6.11,-39.3,4.24,-158.55
2023-09-19 00:00:00,4.76,5.91,4.59,1.79,12.32,-55.01,3.59,2.33,13.72,6.07,11.3,5.7,7.26,4.85,,3.15,12.74,,6.11,-39.3,4.24,-158.55
2023-09-20 00:00:00,4.76,5.91,4.59,1.79,12.32,-55.01,3.59,2.33,13.72,6.07,11.3,5.7,7.26,4.85,,3.15,12.74,,6.11,-39.3,4.24,-158.55
2023-09-21 00:00:00,4.76,5.91,4.59,1.79,12.32,-55.01,3.59,2.33,13.72,6.07,11.3,5.7,7.26,4.85,,3.15,12.74,,6.11,-39.3,4.24,-158.55
2023-09-22 00:00:00,4.76,5.91,4.59,1.79,12.32,-55.01,3.59,2.33,13.72,6.07,11.3,5.7,7.26,4.85,,3.15,12.74,,6.11,-39.3,4.24,-158.55
2023-09-25 00:00:00,4.76,5.91,4.59,1.79,12.32,-55.01,3.59,2.33,13.72,6.07,11.3,5.7,7.26,4.85,,3.15,12.74,,6.11,-39.3,4.24,-158.55
2023-09-26 00:00:00,4.76,5.91,4.59,1.79,12.32,-55.01,3.59,2.33,13.72,6.07,11.3,5.7,7.26,4.85,,3.15,12.74,,6.11,-39.3,4.24,-158.55
2023-09-27 00:00:00,4.76,5.91,4.59,1.79,12.32,-55.01,3.59,2.33,13.72,6.07,11.3,5.7,7.26,4.85,,3.15,12.74,,6.11,-39.3,4.24,-158.55
2023-10-02 00:00:00,4.68,5.92,4.2,1.69,11.87,-52.5,3.11,2.29,12.7,5.68,10.7,5.6,6.72,4.49,,3.43,11.16,,5.75,-36.1,4.39,-166.08
2023-10-03 00:00:00,4.68,5.92,4.2,1.69,11.87,-52.5,3.11,2.29,12.7,5.68,10.7,5.6,6.72,4.49,,3.43,11.16,,5.75,-36.1,4.39,-166.08
2023-10-04 00:00:00,4.68,5.92,4.2,1.69,11.87,-52.5,3.11,2.29,12.7,5.68,10.7,5.6,6.72,4.49,,3.43,11.16,,5.75,-36.1,4.39,-166.08
2023-10-05 00:00:00,4.68,5.92,4.2,1.69,11.87,-52.5,3.11,2.29,12.7,5.68,10.7,5.6,6.72,4.49,,3.43,11.16,,5.75,-36.1,4.39,-166.08
2023-10-06 00:00:00,4.68,5.92,4.2,1.69,11.87,-52.5,3.11,2.29,12.7,5.68,10.7,5.6,6.72,4.49,,3.43,11.16,,5.75,-36.1,4.39,-166.08
2023-10-09 00:00:00,19.86,5.1,21.63,6.95,-33.68,-10.15,8.5,1.98,17.95,8.29,29.09,17.08,5.71,5.6,,5.37,-18.44,,-24.77,41.11,51.26,38.82
2023-10-10 00:00:00,19.86,5.1,21.63,6.95,-33.68,-10.15,8.5,1.98,17.95,8.29,29.09,17.08,5.71,5.6,,5.37,-18.44,,-24.77,41.11,51.26,38.82
2023-10-11 00:00:00,19.86,5.1,21.63,6.95,-33.68,-10.15,8.5,1.98,17.95,8.29,29.09,17.08,5.71,5.6,,5.37,-18.44,,-24.77,41.11,51.26,38.82
2023-10-12 00:00:00,19.86,5.1,21.63,6.95,-33.68,-10.15,8.5,1.98,17.95,8.29,29.09,17.08,5.71,5.6,,5.37,-18.44,,-24.77,41.11,51.26,38.82
2023-10-13 00:00:00,19.86,5.1,21.63,6.95,-33.68,-10.15,8.5,1.98,17.95,8.29,29.09,17.08,5.71,5.6,,5.37,-18.44,,-24.77,41.11,51.26,38.82
2023-10-16 00:00:00,19.86,5.1,21.63,6.95,-33.68,-10.15,8.5,1.98,17.95,8.29,29.09,17.08,5.71,5.6,,5.37,-18.44,,-24.77,41.11,51.26,38.82
2023-10-17 00:00:00,19.86,5.1,21.63,6.95,-33.68,-10.15,8.5,1.98,17.95,8.29,29.09,17.08,5.71,5.6,,5.37,-18.44,,-24.77,41.11,51.26,38.82
2023-10-18 00:00:00,19.86,5.1,21.63,6.95,-33.68,-10.15,8.5,1.98,17.95,8.29,29.09,17.08,5.71,5.6,,5.37,-18.44,,-24.77,41.11,51.26,38.82
2023-10-19 00:00:00,19.86,5.1,21.63,6.95,-33.68,-10.15,8.5,1.98,17.95,8.29,29.09,17.08,5.71,5.6,,5.37,-18.44,,-24.77,41.11,51.26,38.82
2023-10-20 00:00:00,19.86,5.1,21.63,6.95,-33.68,-10.15,8.5,1.98,17.95,8.29,29.09,17.08,5.71,5.6,,5.37,-18.44,,-24.77,41.11,51.26,38.82
2023-10-23 00:00:00,19.86,5.1,21.63,6.95,-33.68,-10.15,8.5,1.98,17.95,8.29,29.09,17.08,5.71,5.6,,5.37,-18.44,,-24.77,41.11,51.26,38.82
2023-10-24 00:00:00,19.86,5.1,21.63,6.95,-33.68,-10.15,8.5,1.98,17.95,8.29,29.09,17.08,5.71,5.6,,5.37,-18.44,,-24.77,41.11,51.26,38.82
2023-10-25 00:00:00,19.86,5.1,21.63,6.95,-33.68,-10.15,8.5,1.98,17.95,8.29,29.09,17.08,5.71,5.6,,5.37,-18.44,,-24.77,41.11,51.26,38.82
2023-10-26 00:00:00,19.86,5.1,21.63,6.95,-33.68,-10.15,8.5,1.98,17.95,8.29,29.09,17.08,5.71,5.6,,5.37,-18.44,,-24.77,41.11,51.26,38.82
2023-10-27 00:00:00,19.86,5.1,21.63,6.95,-33.68,-10.15,8.5,1.98,17.95,8.29,29.09,17.08,5.71,5.6,,5.37,-18.44,,-24.77,41.11,51.26,38.82
2023-10-30 00:00:00,19.86,5.1,21.63,6.95,-33.68,-10.15,8.5,1.98,17.95,8.29,29.09,17.08,5.71,5.6,,5.37,-18.44,,-24.77,41.11,51.26,38.82
2023-10-31 00:00:00,19.86,5.1,21.63,6.95,-33.68,-10.15,8.5,1.98,17.95,8.29,29.09,17.08,5.71,5.6,,5.37,-18.44,,-24.77,41.11,51.26,38.82
2023-11-01 00:00:00,19.86,5.1,21.63,6.95,-33.68,-10.15,8.5,1.98,17.95,8.29,29.09,17.08,5.71,5.6,,5.37,-18.44,,-24.77,41.11,51.26,38.82
2023-11-02 00:00:00,19.86,5.1,21.63,6.95,-33.68,-10.15,8.5,1.98,17.95,8.29,29.09,17.08,5.71,5.6,,5.37,-18.44,,-24.77,41.11,51.26,38.82
2023-11-03 00:00:00,19.86,5.1,21.63,6.95,-33.68,-10.15,8.5,1.98,17.95,8.29,29.09,17.08,5.71,5.6,,5.37,-18.44,,-24.77,41.11,51.26,38.82
2023-11-06 00:00:00,19.86,5.1,21.63,6.95,-33.68,-10.15,8.5,1.98,17.95,8.29,29.09,17.08,5.71,5.6,,5.37,-18.44,,-24.77,41.11,51.26,38.82
2023-11-07 00:00:00,19.86,5.1,21.63,6.95,-33.68,-10.15,8.5,1.98,17.95,8.29,29.09,17.08,5.71,5.6,,5.37,-18.44,,-24.77,41.11,51.26,38.82
2023-11-08 00:00:00,19.86,5.1,21.63,6.95,-33.68,-10.15,8.5,1.98,17.95,8.29,29.09,17.08,5.71,5.6,,5.37,-18.44,,-24.77,41.11,51.26,38.82
2023-11-09 00:00:00,19.86,5.1,21.63,6.95,-33.68,-10.15,8.5,1.98,17.95,8.29,29.09,17.08,5.71,5.6,,5.37,-18.44,,-24.77,41.11,51.26,38.82
2023-11-10 00:00:00,19.86,5.1,21.63,6.95,-33.68,-10.15,8.5,1.98,17.95,8.29,29.09,17.08,5.71,5.6,,5.37,-18.44,,-24.77,41.11,51.26,38.82
2023-11-13 00:00:00,19.86,5.1,21.63,6.95,-33.68,-10.15,8.5,1.98,17.95,8.29,29.09,17.08,5.71,5.6,,5.37,-18.44,,-24.77,41.11,51.26,38.82
2023-11-14 00:00:00,19.86,5.1,21.63,6.95,-33.68,-10.15,8.5,1.98,17.95,8.29,29.09,17.08,5.71,5.6,,5.37,-18.44,,-24.77,41.11,51.26,38.82
2023-11-15 00:00:00,19.86,5.1,21.63,6.95,-33.68,-10.15,8.5,1.98,17.95,8.29,29.09,17.08,5.71,5.6,,5.37,-18.44,,-24.77,41.11,51.26,38.82
2023-11-16 00:00:00,19.86,5.1,21.63,6.95,-33.68,-10.15,8.5,1.98,17.95,8.29,29.09,17.08,5.71,5.6,,5.37,-18.44,,-24.77,41.11,51.26,38.82
2023-11-17 00:00:00,19.86,5.1,21.63,6.95,-33.68,-10.15,8.5,1.98,17.95,8.29,29.09,17.08,5.71,5.6,,5.37,-18.44,,-24.77,41.11,51.26,38.82
2023-11-20 00:00:00,19.86,5.1,21.63,6.95,-33.68,-10.15,8.5,1.98,17.95,8.29,29.09,17.08,5.71,5.6,,5.37,-18.44,,-24.77,41.11,51.26,38.82
2023-11-21 00:00:00,19.86,5.08,18.85,11.09,-33.21,-10.37,7.38,1.98,17.04,8.64,26.51,22.98,5.73,5.76,,5.28,-18.4,,-24.77,41.11,51.26,38.82
2023-11-22 00:00:00,19.86,5.08,20.32,11.09,-31.81,-10.27,6.92,1.98,15.22,8.78,28.09,22.98,6.79,6.15,,5.37,-12.59,,-24.77,41.11,51.06,38.82
2023-11-23 00:00:00,19.86,4.8,25.34,11.59,-16,-10.34,6.37,1.98,15.22,9.03,28.09,22.98,6.53,6.25,,5.37,-12.44,,-15.7,41.11,-48.38,40.94
2023-11-24 00:00:00,19.86,4.66,27.47,11.96,-16,-10.38,6.39,2.38,15.22,8.99,26.42,22.98,6.63,6.39,,5.37,-12.56,,-15.7,42.45,-48.38,18.65
2023-11-27 00:00:00,19.86,4.16,34.12,11.96,-19.89,-10.83,6.3,2.38,15.23,8.49,26.25,30.94,6.94,7.3,,9.47,-8.19,,-15.7,91.65,-48.33,13.68
2023-11-28 00:00:00,9.2,4.16,34.12,11.96,-19.89,-10.83,6.3,2.38,15.23,8.49,26.25,30.94,6.94,7.3,,9.47,-8.19,,-15.7,91.65,-48.33,13.68
2023-11-29 00:00:00,9.2,4.16,34.12,11.96,-19.89,-10.83,6.3,2.38,15.23,8.49,26.25,30.94,6.94,7.3,,9.47,-8.19,,-15.7,91.65,-48.33,13.68
2023-11-30 00:00:00,9.2,4.16,34.12,11.96,-19.89,-10.92,6.3,2.38,15.23,8.49,26.25,30.94,6.94,7.3,,9.47,-8.19,,-15.7,91.65,-48.33,13.68
2023-12-01 00:00:00,9.2,4.16,34.12,11.96,-19.89,-10.92,6.3,2.38,15.23,8.49,26.25,30.94,6.94,7.3,,9.47,-8.19,,-15.7,91.65,-48.33,13.68
2023-12-04 00:00:00,9.2,4.16,34.12,11.96,-19.89,-10.92,6.3,2.38,15.23,8.49,26.25,30.94,6.94,7.3,,9.47,-8.19,,-15.7,91.65,-48.33,13.68
2023-12-05 00:00:00,9.2,4.16,34.12,11.96,-19.89,-10.92,6.3,2.38,15.23,8.49,26.25,30.94,6.94,7.3,,9.47,-8.19,,-15.7,91.65,-48.33,13.68
2023-12-06 00:00:00,9.2,4.16,34.12,11.96,-19.89,-10.92,6.3,2.38,15.23,8.49,26.25,30.94,6.94,7.3,,9.47,-8.19,,-15.7,91.65,-48.33,13.68
2023-12-07 00:00:00,9.2,4.16,34.12,11.96,-19.89,-10.92,6.3,2.38,15.23,8.49,26.25,30.94,6.94,7.3,,9.47,-8.19,,-15.7,91.65,-48.33,13.68
2023-12-08 00:00:00,9.2,4.16,34.12,11.96,-19.89,-10.92,6.3,2.38,15.23,8.49,26.25,30.94,6.94,7.3,,9.47,-8.19,,-15.7,91.65,-48.33,13.68
2023-12-11 00:00:00,9.2,4.16,34.12,11.96,-19.89,-10.92,6.3,2.38,15.23,8.49,26.25,30.94,6.94,7.3,,9.47,-8.19,,-15.7,91.65,-48.33,13.68
2023-12-12 00:00:00,9.2,4.16,34.12,11.96,-19.89,-10.92,6.3,2.38,15.23,8.49,26.25,30.94,6.94,7.3,,9.47,-8.19,,-15.7,91.65,-48.33,13.68
2023-12-13 00:00:00,9.2,4.16,34.12,11.96,-19.89,-10.92,6.3,2.38,15.23,8.49,26.25,30.94,6.94,7.3,,9.47,-8.19,,-15.7,91.65,-48.33,13.68
2023-12-14 00:00:00,9.2,4.16,34.12,11.96,-19.89,-10.92,6.3,2.38,15.23,8.49,26.25,30.94,6.94,7.3,,9.47,-8.19,,-15.7,91.65,-48.33,13.68
2023-12-15 00:00:00,9.2,4.16,34.12,11.96,-19.89,-10.92,6.3,2.38,15.23,8.49,26.25,30.94,6.94,7.3,,9.47,-8.19,,-15.7,91.65,-48.33,13.68
2023-12-18 00:00:00,9.2,4.16,34.12,11.96,-19.89,-10.92,6.3,2.38,15.23,8.49,26.25,30.94,6.94,7.3,,9.47,-8.19,,-15.7,91.65,-48.33,13.68
2023-12-19 00:00:00,9.2,4.16,34.12,11.96,-19.89,-10.92,6.3,2.38,15.23,8.49,26.25,30.94,6.94,7.3,,9.47,-8.19,,-15.7,91.65,-48.33,13.68
2023-12-20 00:00:00,9.2,4.16,34.12,11.96,-19.89,-10.92,6.3,2.38,15.23,8.49,26.25,30.94,6.94,7.3,,9.47,-8.19,,-15.7,91.65,-48.33,13.68
2023-12-21 00:00:00,9.2,4.16,34.12,11.96,-19.89,-10.92,6.3,2.38,15.23,8.49,26.25,30.94,6.94,7.3,,9.47,-8.19,,-15.7,91.65,-48.33,13.68
2023-12-22 00:00:00,9.2,4.16,34.12,11.96,-19.89,-10.92,6.3,2.38,15.23,8.49,26.25,30.94,6.94,7.3,,9.47,-8.19,,-15.7,91.65,-48.33,13.68
2023-12-27 00:00:00,9.2,4.16,34.12,11.96,-19.89,-10.92,6.3,2.38,15.23,8.49,26.25,30.94,6.94,7.3,,9.47,-8.19,,-15.7,91.65,-48.33,13.68
2023-12-28 00:00:00,9.2,4.16,34.12,11.96,-19.89,-10.92,6.3,2.38,15.23,8.49,26.25,30.94,6.94,7.3,,9.47,-8.19,,-15.7,91.65,-48.33,13.68
2023-12-29 00:00:00,9.2,4.16,34.12,11.96,-19.89,-10.92,6.3,2.38,15.23,8.49,26.25,30.94,6.94,7.3,,9.47,-8.19,,-15.7,91.65,-48.33,13.68
2024-01-02 00:00:00,10.76,5.09,41.99,12.27,-22.22,-12.94,8.54,2.93,15.9,9.9,25.17,31.4,7.72,8.49,,10.78,-10.35,,-15.84,100.46,-54.72,14.78
2024-01-03 00:00:00,10.76,5.09,41.99,12.27,-22.22,-12.94,8.54,2.93,15.9,9.9,25.17,31.4,7.72,8.49,,10.78,-10.35,,-15.84,100.46,-54.72,14.78
2024-01-04 00:00:00,10.76,5.09,41.99,12.27,-22.22,-12.94,8.54,2.93,15.9,9.9,25.17,31.4,7.72,8.49,,10.78,-10.35,,-15.84,100.46,-54.72,14.78
2024-01-05 00:00:00,10.76,5.09,41.99,12.27,-22.22,-12.94,8.54,2.93,15.9,9.9,25.17,31.4,7.72,8.49,,10.78,-10.35,,-15.84,100.46,-54.72,14.78
2024-01-08 00:00:00,10.76,5.09,41.99,12.27,-22.22,-12.94,8.54,2.93,15.9,9.9,25.17,31.4,7.72,8.49,,10.78,-10.35,,-15.84,100.46,-54.72,14.78
2024-01-09 00:00:00,10.76,5.09,41.99,12.27,-22.22,-12.94,8.54,2.93,15.9,9.9,25.17,31.4,7.72,8.49,,10.78,-10.35,,-15.84,100.46,-54.72,14.78
2024-01-10 00:00:00,10.76,5.09,41.99,12.27,-22.22,-12.94,8.54,2.93,15.9,9.9,25.17,31.4,7.72,8.49,,10.78,-10.35,,-15.84,100.46,-54.72,14.78
2024-01-11 00:00:00,10.76,5.09,41.99,12.27,-22.22,-12.94,8.54,2.93,15.9,9.9,25.17,31.4,7.72,8.49,,10.78,-10.35,,-15.84,100.46,-54.72,14.78
2024-01-12 00:00:00,10.76,5.09,41.99,12.27,-22.22,-12.94,8.54,2.93,15.9,9.9,25.17,31.4,7.72,8.49,,10.78,-10.35,,-15.84,100.46,-54.72,14.78
2024-01-16 00:00:00,10.76,5.09,41.99,12.27,-22.22,-12.94,8.54,2.93,15.9,9.9,25.17,31.4,7.72,8.49,,10.78,-10.35,,-15.84,100.46,-54.72,14.78
2024-01-17 00:00:00,10.76,5.09,41.99,12.27,-22.22,-12.94,8.54,2.93,15.9,9.9,25.17,31.4,7.72,8.49,,10.78,-10.35,,-15.84,100.46,-54.72,14.78
2024-01-18 00:00:00,10.76,5.09,41.99,12.27,-22.22,-12.94,8.54,2.93,15.9,9.9,25.17,31.4,7.72,8.49,,10.78,-10.35,,-15.84,100.46,-54.72,14.78
2024-01-19 00:00:00,10.76,5.09,41.99,12.27,-22.22,-12.94,8.54,2.93,15.9,9.9,25.17,31.4,7.72,8.49,,10.78,-10.35,,-15.84,100.46,-54.72,14.78
2024-01-22 00:00:00,10.76,5.09,41.99,12.27,-22.22,-12.94,8.54,2.93,15.9,9.9,25.17,31.4,7.72,8.49,,10.78,-10.35,,-15.84,100.46,-54.72,14.78
2024-01-23 00:00:00,10.76,5.09,41.99,12.27,-22.22,-12.94,8.54,2.93,15.9,9.9,25.17,31.4,7.72,8.49,,10.78,-10.35,,-15.84,100.46,-54.72,14.78
2024-01-24 00:00:00,10.76,5.09,41.99,12.27,-22.22,-12.94,8.54,2.93,15.9,9.9,25.17,31.4,7.72,8.49,,10.78,-10.35,,-15.84,100.46,-54.72,14.78
2024-01-26 00:00:00,10.76,5.09,41.99,12.27,-22.22,-12.94,8.54,2.93,15.9,9.9,25.17,31.4,7.72,8.49,,10.78,-10.35,,-15.84,100.46,-54.72,14.78
2024-01-29 00:00:00,10.76,5.09,41.99,12.27,-22.22,-12.94,8.54,2.93,15.9,9.9,25.17,31.4,7.72,8.49,,10.78,-10.35,,-15.84,100.46,-54.72,14.78
2024-01-30 00:00:00,10.76,5.09,41.99,12.27,-22.22,-12.94,8.54,2.93,15.9,9.9,25.17,31.4,7.72,8.49,,10.78,-10.35,,-15.84,100.46,-54.72,14.78
2024-01-31 00:00:00,10.76,5.09,41.99,12.27,-22.22,-12.94,8.54,2.93,15.9,9.9,25.17,31.4,7.72,8.49,,10.78,-10.35,,-15.84,100.46,-54.72,14.78
2024-02-01 00:00:00,10.76,5.09,41.99,12.27,-22.22,-12.94,8.54,2.93,15.9,9.9,25.17,31.4,7.72,8.49,,10.78,-10.35,,-15.84,100.46,-54.72,14.78
2024-02-02 00:00:00,10.76,5.09,41.99,12.27,-22.22,-12.94,8.54,2.93,15.9,9.9,25.17,31.4,7.72,8.49,,10.78,-10.35,,-15.84,100.46,-54.72,14.78
2024-02-06 00:00:00,10.76,5.09,41.99,12.27,-22.22,-12.94,8.54,2.93,15.9,9.9,25.17,31.4,7.72,8.49,,10.78,-10.35,,-15.84,100.46,-54.72,14.78
2024-02-07 00:00:00,10.76,5.09,41.99,12.27,-22.22,-12.94,8.54,2.93,15.9,9.9,25.17,31.4,7.72,8.49,,10.78,-10.35,,-15.84,100.46,-54.72,14.78
2024-02-08 00:00:00,10.76,5.09,41.99,12.27,-22.22,-12.94,8.54,2.93,15.9,9.9,25.17,31.4,7.72,8.49,,10.78,-10.35,,-15.84,100.46,-54.72,14.78
2024-02-09 00:00:00,10.76,5.09,41.99,12.27,-22.22,-12.94,8.54,2.93,15.9,9.9,25.17,31.4,7.72,8.49,,10.78,-10.35,,-15.84,100.46,-54.72,14.78
2024-02-12 00:00:00,10.76,5.09,41.99,12.27,-22.22,-12.94,8.54,2.93,15.9,9.9,25.17,31.4,7.72,8.49,,10.78,-10.35,,-15.84,100.46,-54.72,14.78
2024-02-13 00:00:00,10.76,5.09,41.99,12.27,-22.22,-12.94,8.54,2.93,15.9,9.9,25.17,31.4,7.72,8.49,,10.78,-10.35,,-15.84,100.46,-54.72,14.78
2024-02-14 00:00:00,10.76,5.09,41.99,12.27,-22.22,-12.94,8.54,2.93,15.9,9.9,25.17,31.4,7.72,8.49,,10.78,-10.35,,-15.84,100.46,-54.72,14.78
2024-02-15 00:00:00,10.76,5.09,41.99,12.27,-22.22,-12.94,8.54,2.93,15.9,9.9,25.17,31.4,7.72,8.49,,10.78,-10.35,,-15.84,100.46,-54.72,14.78
2024-02-16 00:00:00,10.76,5.09,41.99,12.27,-22.22,-12.94,8.54,2.93,15.9,9.9,25.17,31.4,7.72,8.49,,10.78,-10.35,,-15.84,100.46,-54.72,14.78
2024-02-19 00:00:00,10.76,5.09,41.99,12.27,-22.22,-13.01,8.65,2.93,15.9,9.81,25.17,21.04,7.72,8.37,,10.78,-10.35,,-15.84,100.46,-54.72,14.78
2024-02-20 00:00:00,10.76,5.09,35.26,12.56,-23.3,-13.05,8.57,2.93,15.9,9.99,25.17,21.04,7.72,6.75,,10.6,-10.47,,-11.54,100.46,-21.79,14.78
2024-02-21 00:00:00,10.76,5.09,34.11,14.86,-25.33,-13.06,6.53,4.58,15.9,9.91,25.17,21.04,7.65,6.76,,10.6,-10.55,,-11.54,100.46,-21.79,26.36
2024-02-22 00:00:00,10.76,5.09,34.11,14.86,-25.33,-13.06,6.53,4.58,15.9,9.91,25.17,21.04,7.65,6.76,,10.6,-10.55,,-11.54,100.46,-21.79,26.36
2024-02-26 00:00:00,5.47,5.32,26.46,14.86,352.58,-16.13,6.55,4.58,15.91,8.02,21.85,18.96,7.44,6.95,,9.19,-17.25,,-11.54,100.46,-21.8,20.79
2024-02-27 00:00:00,5.47,5.31,17.82,11.6,401.25,-17.14,6.51,4.58,15.37,8.08,21.75,18.96,7.14,6.96,,9.34,-17.33,,-11.54,100.46,-21.8,20.79
2024-02-28 00:00:00,5.47,5.35,17.82,11.56,401.25,-17.41,6.54,4.58,14.88,8.12,21.75,18.96,7.38,6.96,,8.91,-22.17,,-11.54,15.98,-21.82,20.79
2024-02-29 00:00:00,5.47,5.35,17.82,11.56,401.25,-17.41,6.54,4.58,14.88,8.12,21.75,18.96,7.38,6.96,,8.91,-22.17,,-11.54,15.98,-21.82,20.79
2024-03-01 00:00:00,5.47,5.34,17.82,11.56,401.25,-17.41,6.6,4.58,14.88,8.13,18.4,18.96,6.93,6.88,,8.91,-22.17,,-11.54,15.98,-21.82,20.79
2024-03-04 00:00:00,5.47,5.34,17.82,11.56,401.25,-17.43,6.6,4.58,14.88,8.01,18.43,18.96,6.8,6.88,,7.53,-22.17,,-11.54,15.9,-21.82,20.79
2024-03-05 00:00:00,5.47,5.34,17.82,11.56,401.25,-17.43,6.6,4.58,14.88,8.01,18.43,18.96,6.8,6.88,,7.53,-22.17,,-11.54,15.9,-21.82,20.79
2024-03-06 00:00:00,5.47,5.34,17.82,11.56,401.25,-17.43,6.6,4.58,14.88,8.01,18.43,18.96,6.8,6.88,,7.53,-22.17,,-11.54,15.9,-21.82,20.79
2024-03-07 00:00:00,5.47,5.34,17.82,11.56,401.25,-17.43,6.6,4.58,14.88,8.01,18.43,18.96,6.8,6.88,,7.53,-22.17,,-11.54,15.9,-21.82,20.79
2024-03-11 00:00:00,5.47,5.34,17.82,11.56,401.25,-17.43,6.6,4.58,14.88,8.01,18.43,18.96,6.8,6.88,,7.53,-22.17,,-11.54,15.9,-21.82,20.79
2024-03-12 00:00:00,5.47,5.34,17.82,11.56,401.25,-17.43,6.6,4.58,14.88,8.01,18.43,18.96,6.8,6.88,,7.52,-22.17,,-11.54,15.9,-21.82,20.79
2024-03-13 00:00:00,5.47,5.34,18.45,11.56,401.25,-17.43,6.6,4.58,14.88,8.01,18.43,18.96,6.8,6.88,,7.52,-22.17,,-11.54,15.9,-21.82,20.79
2024-03-14 00:00:00,5.47,5.34,18.45,11.56,401.25,-17.43,6.6,4.58,14.88,8.01,18.43,18.96,6.8,6.88,,7.52,-22.17,,-11.54,15.9,-21.82,20.79
2024-03-15 00:00:00,5.47,5.34,18.45,11.56,401.25,-17.43,6.6,4.58,14.88,8.01,18.43,18.96,6.8,6.88,,7.52,-22.17,,-11.54,15.9,-21.82,20.79
2024-03-18 00:00:00,5.47,5.34,18.45,11.56,401.25,-17.43,6.6,4.58,14.88,8.01,18.43,18.96,6.8,6.88,,7.52,-22.17,,-11.54,15.9,-21.82,20.79
2024-03-19 00:00:00,5.47,5.34,20.04,11.56,401.25,-17.43,6.6,4.58,14.88,8.01,18.43,18.96,6.8,6.88,,7.52,-22.17,,-11.54,15.9,-21.82,20.79
2024-03-20 00:00:00,5.47,5.34,20.04,11.56,401.25,-17.43,6.6,4.58,14.88,8.01,18.43,18.96,6.8,6.88,,7.52,-22.17,,-11.54,15.9,-21.82,20.79
2024-03-21 00:00:00,5.47,5.34,20.04,11.56,401.25,-17.43,6.6,4.58,14.88,8.01,18.43,18.96,6.8,6.88,,7.52,-22.17,,-11.54,15.9,-21.82,20.79
2024-03-22 00:00:00,5.47,5.34,20.04,11.56,401.25,-17.42,6.6,4.58,14.88,8.01,18.43,18.96,6.8,6.88,,7.52,-22.17,,-11.54,15.9,-21.82,20.79
2024-03-25 00:00:00,5.47,5.34,20.04,11.56,401.25,-17.42,6.6,4.58,14.88,8.01,18.43,18.96,6.8,6.88,,7.52,-22.17,,-11.54,15.9,-21.82,20.79
2024-03-26 00:00:00,5.47,5.34,20.04,11.56,401.25,-17.42,6.6,4.58,14.88,8.01,18.43,18.96,6.8,6.88,,7.52,-22.17,,-11.54,15.9,-21.82,20.79
2024-03-27 00:00:00,5.47,5.34,20.04,11.56,401.25,-17.42,6.6,4.58,14.88,8.01,18.43,18.96,6.8,6.88,,7.52,-22.17,,-11.54,15.9,-21.82,20.79
2024-03-28 00:00:00,5.47,5.34,20.04,11.56,401.25,-17.42,6.6,4.58,14.88,8.01,18.43,18.96,6.8,6.88,,7.52,-22.17,,-11.54,15.9,-21.82,20.79
2024-04-01 00:00:00,5.78,5.13,19.34,11.32,408.92,-15.68,6.11,4.3,16.1,7.89,18.49,18.33,6.69,7.06,,7.5,-21.42,,-12.96,14.15,-21.81,22.97
2024-04-02 00:00:00,5.78,5.13,19.34,11.32,408.92,-15.68,6.11,4.3,16.1,7.89,18.49,18.33,6.69,7.06,,7.5,-21.42,,-12.96,14.15,-21.81,22.97
2024-04-03 00:00:00,5.78,5.13,19.34,11.32,408.92,-15.68,6.11,4.3,16.1,7.89,18.49,18.33,6.69,7.06,,7.5,-21.42,,-12.96,14.15,-21.81,22.97
2024-04-04 00:00:00,5.78,5.13,19.34,11.32,408.92,-15.68,6.11,4.3,16.1,7.89,18.49,18.33,6.69,7.06,,7.5,-21.42,,-12.96,14.15,-21.81,22.97
2024-04-05 00:00:00,5.78,5.13,19.34,11.32,408.92,-15.68,6.11,4.3,16.1,7.89,18.49,18.33,6.69,7.06,,7.5,-21.42,,-12.96,14.15,-21.81,22.97
2024-04-08 00:00:00,5.78,5.13,19.34,11.32,408.92,-15.68,6.11,4.3,16.1,7.89,18.49,18.33,6.69,7.06,,7.5,-21.42,,-12.96,14.15,-21.81,22.97
2024-04-09 00:00:00,5.78,5.13,19.34,11.32,408.92,-15.68,6.11,4.3,16.1,7.89,18.49,18.33,6.69,7.06,,7.5,-21.42,,-12.96,14.15,-21.81,22.97
2024-04-10 00:00:00,5.78,5.13,19.34,11.32,408.92,-15.68,6.11,4.3,16.1,7.89,18.49,18.33,6.69,7.06,,7.5,-21.42,,-12.96,14.15,-21.81,22.97
2024-04-15 00:00:00,5.78,5.13,19.34,11.32,408.92,-15.68,6.11,4.3,16.1,7.89,18.49,18.33,6.69,7.06,,7.5,-21.42,,-12.96,14.15,-21.81,22.97
2024-04-16 00:00:00,5.78,5.13,19.34,11.32,408.92,-15.68,6.11,4.3,16.1,7.89,18.49,18.33,6.69,7.06,,7.5,-21.42,,-12.96,14.15,-21.81,22.97
2024-04-17 00:00:00,5.78,5.13,19.34,11.32,408.92,-15.68,6.11,4.3,16.1,7.89,18.49,18.33,6.69,7.06,,7.5,-21.42,,-12.96,14.15,-21.81,22.97
2024-04-18 00:00:00,5.78,5.13,19.34,11.32,408.92,-15.68,6.11,4.3,16.1,7.89,18.49,18.33,6.69,7.06,,7.5,-21.42,,-12.96,14.15,-21.81,22.97
2024-04-19 00:00:00,5.78,5.13,19.34,11.32,408.92,-15.68,6.11,4.3,16.1,7.89,18.49,18.33,6.69,7.06,,7.5,-21.42,,-12.96,14.15,-21.81,22.97
2024-04-22 00:00:00,5.78,5.13,19.34,11.32,408.92,-15.68,6.11,4.3,16.1,7.89,18.49,18.33,6.69,7.06,,7.5,-21.42,,-12.96,14.15,-21.81,22.97
2024-04-24 00:00:00,5.78,5.13,19.34,11.32,408.92,-15.68,6.11,4.3,16.1,7.89,18.49,18.33,6.69,7.06,,7.5,-21.42,,-12.96,14.15,-21.81,22.97
2024-04-25 00:00:00,5.78,5.13,19.34,11.32,408.92,-15.68,6.11,4.3,16.1,7.89,18.49,18.33,6.69,7.06,,7.5,-21.42,,-12.96,14.15,-21.81,22.97
2024-04-26 00:00:00,5.78,5.13,19.34,11.32,408.92,-15.68,6.11,4.3,16.1,7.89,18.49,18.33,6.69,7.06,,7.5,-21.42,,-12.96,14.15,-21.81,22.97
2024-04-29 00:00:00,5.78,5.13,19.34,11.32,408.92,-15.68,6.11,4.3,16.1,7.89,18.49,18.33,6.69,7.06,,7.5,-21.42,,-12.96,14.15,-21.81,22.97
2024-04-30 00:00:00,5.78,5.13,19.34,11.32,408.92,-15.68,6.11,4.3,16.1,7.89,18.49,18.33,6.69,7.06,,7.5,-21.42,,-12.96,14.15,-21.81,22.97
2024-05-02 00:00:00,5.78,5.13,19.34,11.32,408.92,-15.68,6.11,4.3,16.1,7.89,18.49,18.33,6.69,7.06,,7.5,-21.42,,-12.96,14.15,-21.81,22.97
2024-05-03 00:00:00,5.78,5.13,19.34,11.32,408.92,-15.68,6.11,4.3,16.1,7.89,18.49,18.33,6.69,7.06,,7.5,-21.42,,-12.96,14.15,-21.81,22.97
2024-05-06 00:00:00,5.78,5.13,19.34,11.32,408.92,-15.68,6.11,4.3,16.1,7.89,18.49,18.33,6.69,7.06,,7.5,-21.42,,-12.96,14.15,-21.81,22.97
2024-05-07 00:00:00,5.78,5.13,19.34,11.32,408.92,-15.68,6.11,4.3,16.1,7.89,18.49,18.33,6.69,7.06,,7.5,-21.42,,-12.96,14.15,-21.81,22.97
2024-05-08 00:00:00,5.78,5.13,19.34,11.32,408.92,-15.68,6.11,4.3,16.1,7.89,18.49,18.33,6.69,7.06,,7.5,-21.42,,-12.96,14.15,-21.81,22.97
2024-05-09 00:00:00,5.78,5.13,19.34,11.32,408.92,-15.68,6.11,4.3,16.1,7.89,18.49,18.33,6.69,7.06,,7.5,-21.42,,-12.96,14.15,-21.81,22.97
2024-05-10 00:00:00,5.78,5.13,19.34,11.32,408.92,-15.68,6.11,4.3,16.1,7.89,18.49,18.33,6.69,7.06,,7.5,-21.42,,-12.96,14.15,-21.81,22.97
2024-05-13 00:00:00,5.78,5.13,19.34,11.32,408.92,-15.68,6.11,4.3,16.1,7.89,18.49,18.33,6.69,7.06,,7.5,-21.42,,-12.96,14.15,-21.81,22.97
2024-05-14 00:00:00,5.78,5.13,19.34,11.32,408.92,-15.68,6.11,4.3,16.1,7.89,18.49,18.33,6.69,7.06,,7.5,-21.42,,-12.96,14.15,-21.81,22.97
2024-05-15 00:00:00,5.78,5.13,19.34,11.32,408.92,-15.68,6.11,4.3,16.1,7.89,18.49,18.33,6.69,7.06,,7.5,-21.42,,-12.96,14.15,-21.81,22.97
2024-05-16 00:00:00,5.78,5.13,19.34,11.32,408.92,-15.68,6.11,4.3,16.1,7.89,18.49,18.33,6.69,7.06,,7.5,-21.42,,-12.96,14.15,-21.81,22.97
2024-05-17 00:00:00,5.78,5.13,19.34,11.32,408.92,-15.68,6.11,4.3,16.1,7.89,18.49,18.33,6.69,7.06,,7.5,-21.42,,-12.96,14.15,-21.81,22.97
2024-05-20 00:00:00,5.78,5.11,19.1,11.13,408.92,-16.08,6.11,4.3,16.1,7.83,18.49,18.33,6.31,7.05,,7.46,-21.42,,-10.91,14.15,-16.69,22.97
2024-05-21 00:00:00,5.78,5.11,19.1,11.13,408.92,-16.08,6.11,4.3,16.1,7.83,18.49,18.33,6.31,7.05,,7.46,-21.42,,-10.91,14.15,-16.69,22.97
2024-05-22 00:00:00,5.78,5.11,19.1,11.13,408.92,-16.08,6.11,4.3,16.1,7.83,18.49,18.33,6.31,7.05,,7.46,-21.42,,-10.91,14.15,-16.69,22.97
2024-05-27 00:00:00,5.78,5.11,19.1,11.13,1630.51,-16.08,6.11,4.3,16.1,7.83,18.49,18.33,6.31,7.05,,7.46,-21.42,,-10.91,14.15,-16.69,22.97
2024-05-28 00:00:00,5.78,4.72,19.1,11.13,1630.51,-16.06,6.11,4.3,16.1,7.8,17.86,18.33,6.25,7.05,,7.46,-21.42,,-10.91,22.31,-16.69,21.19
2024-05-29 00:00:00,6.17,4.59,16.15,11.13,156.91,-17.9,6.09,4.3,16.11,7.74,17.86,18.33,6.27,6.61,,7.71,-37.62,,-10.91,24.2,-16.69,22.31
2024-05-30 00:00:00,6.17,4.59,16.15,11.13,156.91,-17.9,6.09,4.3,16.11,7.74,17.86,18.33,6.27,6.61,,7.71,-37.62,,-10.91,24.2,-16.69,22.31
2024-05-31 00:00:00,6.17,4.59,16.15,11.13,156.91,-17.9,6.09,4.3,16.11,7.74,17.86,18.33,6.27,6.61,,7.71,-37.62,,-10.91,24.2,-16.69,22.31
2024-06-03 00:00:00,6.17,4.59,15.13,11.07,62.14,-17.87,6.04,5.45,16.11,7.71,17.86,18.33,6.27,6.67,,7.7,-37.62,,-10.91,24.2,-16.69,22.4
2024-06-04 00:00:00,6.17,4.59,15.13,11.07,62.14,-17.87,6.04,5.45,16.11,7.71,17.86,18.33,6.27,6.67,,7.7,-37.62,,-10.91,24.2,-16.69,22.4
2024-06-05 00:00:00,6.17,4.59,17.76,11.07,62.14,-17.79,6.02,5.92,16.09,7.69,15.75,54.54,6.27,6.65,,7.7,-37.62,,-10.91,24.2,-16.69,17.08
2024-06-06 00:00:00,6.17,4.59,17.86,11.07,62.14,-20.54,5.99,5.92,16.09,7.68,15.21,51.22,5.99,6.68,,8.03,-76.84,,-10.91,24.2,-16.69,14.98
2024-06-07 00:00:00,6.17,4.59,18.01,10.74,13.7,-19.22,5.88,5.92,15.64,7.37,13.84,51.22,5.99,6.52,,7.26,-29.93,,-10.91,24.2,-16.68,13.33
2024-06-10 00:00:00,6.17,4.59,18.01,10.74,13.7,-19.22,5.88,5.92,15.64,7.37,13.84,51.22,5.99,6.52,,7.26,-29.93,,-10.91,24.2,-16.68,13.33
2024-06-11 00:00:00,6.17,4.59,18.01,10.74,13.7,-19.22,5.88,5.92,15.64,7.37,13.84,51.22,5.99,6.52,,7.26,-29.93,,-10.91,24.2,-16.68,13.33
2024-06-12 00:00:00,6.17,4.59,18.01,10.74,13.7,-19.22,5.88,5.92,15.64,7.37,13.84,51.22,5.99,6.52,,7.26,-29.93,,-10.91,24.2,-16.68,13.33
2024-06-13 00:00:00,6.17,4.59,18.01,10.74,13.7,-19.22,5.88,5.92,15.64,7.37,13.84,51.22,5.99,6.52,,7.26,-29.93,,-10.91,24.2,-16.68,13.33
2024-06-14 00:00:00,6.17,4.59,18.01,10.74,13.7,-19.22,5.88,5.92,15.64,7.37,13.84,51.22,5.99,6.52,,7.26,-29.93,,-10.91,24.2,-16.68,13.33
2024-06-18 00:00:00,6.17,4.59,18.01,10.74,13.7,-19.22,5.88,5.92,15.64,7.37,13.84,51.22,5.99,6.52,,7.26,-29.93,,-10.91,24.2,-16.68,13.33
2024-06-19 00:00:00,6.17,4.59,18.01,10.74,13.7,-19.22,5.88,5.92,15.64,7.37,13.84,51.22,5.99,6.52,,7.26,-29.93,,-10.91,24.2,-16.68,13.33
2024-06-20 00:00:00,6.17,4.59,18.01,10.74,13.7,-19.22,5.88,5.92,15.64,7.37,13.84,51.22,5.99,6.52,,7.26,-29.93,,-10.91,24.2,-16.68,13.33
2024-06-24 00:00:00,6.17,4.59,18.01,10.74,13.7,-19.22,5.88,5.92,15.64,7.37,13.84,51.22,5.99,6.52,,7.26,-29.93,,-10.91,24.2,-16.68,13.33
2024-06-25 00:00:00,6.17,4.59,18.01,10.74,13.7,-19.22,5.88,5.92,15.64,7.37,13.84,51.22,5.99,6.52,,7.26,-29.93,,-10.91,24.2,-16.68,13.33
2024-06-26 00:00:00,6.17,4.59,18.01,10.74,13.7,-19.22,5.88,5.92,15.64,7.37,13.84,51.22,5.99,6.52,,7.26,-29.93,,-10.91,24.2,-16.68,13.33
2024-06-27 00:00:00,6.17,4.59,18.01,10.74,13.7,-19.22,5.88,5.92,15.64,7.37,13.84,51.22,5.99,6.52,,7.26,-29.93,,-10.91,24.2,-16.68,13.33
2024-06-28 00:00:00,6.17,4.59,18.01,10.74,13.7,-19.22,5.88,5.92,15.64,7.37,13.84,51.22,5.99,6.52,,7.26,-29.93,,-10.91,24.2,-16.68,13.33
2024-07-01 00:00:00,6.05,5.45,20.07,10.47,15.21,-19.38,6.08,5.57,15.8,7.94,12.19,49.27,5.92,6.87,,7.39,-34.14,,-10.2,22.98,-0.05,14.6
2024-07-02 00:00:00,6.05,5.45,20.07,10.47,15.21,-19.38,6.08,5.57,15.8,7.94,12.19,49.27,5.92,6.87,,7.39,-34.14,,-10.2,22.98,-0.05,14.6
2024-07-03 00:00:00,6.05,5.45,20.07,10.47,15.21,-19.38,6.08,5.57,15.8,7.94,12.19,49.27,5.92,6.87,,7.39,-34.14,,-10.2,22.98,-0.05,14.6
2024-07-04 00:00:00,6.05,5.45,20.07,10.47,15.21,-19.38,6.08,5.57,15.8,7.94,12.19,49.27,5.92,6.87,,7.39,-34.14,,-10.2,22.98,-0.05,14.6
2024-07-05 00:00:00,6.05,5.45,20.07,10.47,15.21,-19.38,6.08,5.57,15.8,7.94,12.19,49.27,5.92,6.87,,7.39,-34.14,,-10.2,22.98,-0.05,14.6
2024-07-08 00:00:00,6.05,5.45,20.07,10.47,15.21,-19.38,6.08,5.57,15.8,7.94,12.19,49.27,5.92,6.87,,7.39,-34.14,,-10.2,22.98,-0.05,14.6
2024-07-09 00:00:00,6.05,5.45,20.07,10.47,15.21,-19.38,6.08,5.57,15.8,7.94,12.19,49.27,5.92,6.87,,7.39,-34.14,,-10.2,22.98,-0.05,14.6
2024-07-10 00:00:00,6.05,5.45,20.07,10.47,15.21,-19.38,6.08,5.57,15.8,7.94,12.19,49.27,5.92,6.87,,7.39,-34.14,,-10.2,22.98,-0.05,14.6
2024-07-11 00:00:00,6.05,5.45,20.07,10.47,15.21,-19.38,6.08,5.57,15.8,7.94,12.19,49.27,5.92,6.87,,7.39,-34.14,,-10.2,22.98,-0.05,14.6
2024-07-12 00:00:00,6.05,5.45,20.07,10.47,15.21,-19.38,6.08,5.57,15.8,7.94,12.19,49.27,5.92,6.87,,7.39,-34.14,,-10.2,22.98,-0.05,14.6
2024-07-15 00:00:00,6.05,5.45,20.07,10.47,15.21,-19.38,6.08,5.57,15.8,7.94,12.19,49.27,5.92,6.87,,7.39,-34.14,,-10.2,22.98,-0.05,14.6
2024-07-16 00:00:00,6.05,5.45,20.07,10.47,15.21,-19.38,6.08,5.57,15.8,7.94,12.19,49.27,5.92,6.87,,7.39,-34.14,,-10.2,22.98,-0.05,14.6
2024-07-17 00:00:00,6.05,5.45,20.07,10.47,15.21,-19.38,6.08,5.57,15.8,7.94,12.19,49.27,5.92,6.87,,7.39,-34.14,,-10.2,22.98,-0.05,14.6
2024-07-18 00:00:00,6.05,5.45,20.07,10.47,15.21,-19.38,6.08,5.57,15.8,7.94,12.19,49.27,5.92,6.87,,7.39,-34.14,,-10.2,22.98,-0.05,14.6
2024-07-19 00:00:00,6.05,5.45,20.07,10.47,15.21,-19.38,6.08,5.57,15.8,7.94,12.19,49.27,5.92,6.87,,7.39,-34.14,,-10.2,22.98,-0.05,14.6
2024-07-22 00:00:00,6.05,5.45,20.07,10.47,15.21,-19.38,6.08,5.57,15.8,7.94,12.19,49.27,5.92,6.87,,7.39,-34.14,,-10.2,22.98,-0.05,14.6
2024-07-23 00:00:00,6.05,5.45,20.07,10.47,15.21,-19.38,6.08,5.57,15.8,7.94,12.19,49.27,5.92,6.87,,7.39,-34.14,,-10.2,22.98,-0.05,14.6
2024-07-24 00:00:00,6.05,5.45,20.07,10.47,15.21,-19.38,6.08,5.57,15.8,7.94,12.19,49.27,5.92,6.87,,7.39,-34.14,,-10.2,22.98,-0.05,14.6
2024-07-25 00:00:00,6.05,5.45,20.07,10.47,15.21,-19.38,6.08,5.57,15.8,7.94,12.19,49.27,5.92,6.87,,7.39,-34.14,,-10.2,22.98,-0.05,14.6
2024-07-26 00:00:00,6.05,5.45,20.07,10.47,15.21,-19.38,6.08,5.57,15.8,7.94,12.19,49.27,5.92,6.87,,7.39,-34.14,,-10.2,22.98,-0.05,14.6
2024-07-29 00:00:00,6.05,5.45,20.07,10.47,15.21,-19.38,6.08,5.57,15.8,7.94,12.19,49.27,5.92,6.87,,7.39,-34.14,,-10.2,22.98,-0.05,14.6
2024-07-30 00:00:00,6.05,5.45,20.07,10.47,15.21,-19.38,6.08,5.57,15.8,7.94,12.19,49.27,5.92,6.87,,7.39,-34.14,,-10.2,22.98,-0.05,14.6
2024-07-31 00:00:00,6.05,5.45,20.07,10.47,15.21,-19.38,6.08,5.57,15.8,7.94,12.19,49.27,5.92,6.87,,7.39,-34.14,,-10.2,22.98,-0.05,14.6
2024-08-01 00:00:00,6.05,5.45,20.07,10.47,15.21,-19.38,6.08,5.57,15.8,7.94,12.19,49.27,5.92,6.87,,7.39,-34.14,,-10.2,22.98,-0.05,14.6
2024-08-02 00:00:00,6.05,5.45,20.07,10.47,15.21,-19.38,6.08,5.57,15.8,7.94,12.19,49.27,5.92,6.87,,7.39,-34.14,,-10.2,22.98,-0.05,14.6
2024-08-05 00:00:00,6.05,5.45,20.07,10.47,15.21,-19.38,6.08,5.57,15.8,7.94,12.19,49.27,5.92,6.87,,7.39,-34.14,,-10.2,22.98,-0.05,14.6
2024-08-06 00:00:00,6.05,5.45,20.07,10.47,15.21,-19.38,6.08,5.57,15.8,7.94,12.19,49.27,5.92,6.87,,7.39,-34.14,,-10.2,22.98,-0.05,14.6
2024-08-07 00:00:00,6.05,5.45,20.07,10.47,15.21,-19.38,6.08,5.57,15.8,7.94,12.19,49.27,5.92,6.87,,7.39,-34.14,,-10.2,22.98,-0.05,14.6
2024-08-08 00:00:00,6.05,5.45,20.07,10.47,15.21,-19.38,6.08,5.57,15.8,7.94,12.19,49.27,5.92,6.87,,7.39,-34.14,,-10.2,22.98,-0.05,14.6
2024-08-09 00:00:00,6.05,5.45,20.07,10.47,15.21,-19.38,6.08,5.57,15.8,7.94,12.19,49.27,5.92,6.87,,7.39,-34.14,,-10.2,22.98,-0.05,14.6
2024-08-12 00:00:00,6.05,5.45,20.07,10.47,15.21,-19.38,6.08,5.57,15.8,7.94,12.19,49.27,5.92,6.87,,7.39,-34.14,,-10.2,22.98,-0.05,14.6
2024-08-13 00:00:00,6.05,5.45,20.07,10.47,15.21,-19.38,6.08,5.57,15.8,7.94,12.19,49.27,5.92,6.87,,7.39,-34.14,,-10.2,22.98,-0.05,14.6
2024-08-14 00:00:00,6.05,5.45,20.07,10.47,15.21,-19.38,6.08,5.57,15.8,7.94,12.19,49.27,5.92,6.87,,7.39,-34.14,,-10.2,22.98,-0.05,14.6
2024-08-15 00:00:00,6.05,5.45,20.07,10.47,15.21,-19.38,6.08,5.57,15.8,7.94,12.19,49.27,5.92,6.87,,7.39,-34.14,,-10.2,22.98,-0.05,14.6
2024-08-16 00:00:00,6.05,5.45,20.07,10.47,15.21,-19.38,6.08,5.57,15.8,7.94,12.19,49.27,5.92,6.87,,7.39,-34.14,,-10.2,22.98,-0.05,14.6
2024-08-20 00:00:00,6.05,5.45,20.07,10.47,15.21,-19.38,6.08,5.57,15.8,7.94,12.19,49.27,5.92,6.87,,7.39,-34.14,,-10.2,22.98,-0.05,14.6
2024-08-21 00:00:00,6.05,5.45,20.07,10.47,15.21,-19.38,6.08,5.57,15.8,7.94,12.19,49.27,5.92,6.87,,7.39,-34.14,,-10.2,22.98,-0.05,14.6
2024-08-22 00:00:00,6.05,5.45,20.07,10.47,15.21,-19.38,6.08,5.57,15.8,7.94,12.19,49.27,5.92,6.87,,7.39,-34.14,,-10.2,22.98,-0.05,14.6
2024-08-23 00:00:00,6.05,5.45,19.28,10.47,15,-19.38,6.09,5.57,15.8,7.93,12.19,49.27,5.92,6.94,,7.39,-34.14,,-10.2,22.98,-0.05,14.6
2024-08-26 00:00:00,6.05,5.45,19.28,10.47,15,-19.38,6.09,5.57,15.8,7.93,12.19,49.27,5.92,6.94,,7.39,-34.14,,-10.2,22.98,-0.05,14.6
2024-08-27 00:00:00,6.05,5.45,19.28,10.47,15,-19.38,6.09,5.57,15.8,7.93,12.19,49.27,5.92,6.94,,7.39,-34.14,,-10.2,22.98,-0.05,14.6
2024-08-28 00:00:00,6.05,5.45,19.28,10.47,15,-19.38,6.09,5.57,15.8,7.93,12.19,49.27,5.92,6.94,,7.39,-34.14,,-10.2,22.98,-0.05,14.6
2024-08-29 00:00:00,6.05,5.45,19.24,10.47,15,-20.68,6.07,5.57,15.8,7.91,12.02,49.27,5.76,7.07,,7.34,-34.14,,-10.2,22.98,-0.05,14.6
2024-08-30 00:00:00,6.05,5.45,18.43,8.19,15,-21.03,6.2,5.57,15.44,7.7,12.02,100.37,5.73,6.88,,7.29,-36.23,,-10.2,22.98,-0.05,14.6
2024-09-02 00:00:00,6.05,5.45,18.43,8.19,15,-21.03,6.2,5.57,15.44,7.7,12.02,100.37,5.73,6.88,,7.29,-36.23,,-10.2,22.98,-0.05,14.6
2024-09-03 00:00:00,6.05,5.45,18.43,8.19,15,-21.03,6.2,5.57,15.44,7.7,12.02,100.37,5.73,6.88,,7.29,-36.23,,-10.2,22.98,-0.05,14.6
2024-09-04 00:00:00,6.05,5.45,17.4,8.25,15.57,-21.03,6.31,5.57,15.44,7.71,12.02,100.37,5.73,6.8,,7.26,-29.65,,-10.2,22.98,-0.05,14.6
2024-09-05 00:00:00,6.05,5.45,17.4,8.25,15.57,-21.03,6.31,5.57,15.44,7.71,12.02,100.37,5.73,6.8,,7.26,-29.65,,-10.2,22.98,-0.05,14.6
2024-09-06 00:00:00,6.05,4.97,16.9,8.89,16.66,-21.96,6.21,5.41,14.99,7.63,12.01,100.37,5.65,6.79,,7.26,-29.2,,-12.01,22.98,-0.05,13.57
2024-09-09 00:00:00,6.05,4.97,16.9,8.89,16.66,-21.96,6.21,5.41,14.99,7.63,12.01,100.37,5.65,6.79,,7.26,-29.2,,-12.01,22.98,-0.05,13.57
2024-09-10 00:00:00,6.05,4.97,16.9,8.89,16.66,-21.96,6.21,5.41,14.99,7.63,12.01,100.37,5.65,6.79,,7.26,-29.2,,-12.01,22.98,-0.05,13.57
2024-09-11 00:00:00,6.05,4.97,16.9,8.89,16.66,-21.96,6.21,5.41,14.99,7.63,12.01,100.37,5.65,6.79,,7.26,-29.2,,-12.01,22.98,-0.05,13.57
2024-09-12 00:00:00,5.09,4.76,17.23,8.89,13.94,-23.54,6.17,5.41,15,7.41,11.39,150.2,5.48,6.72,,7.18,-30.55,,-12.01,45.38,-0.05,10.97
2024-09-13 00:00:00,5.09,4.76,17.23,8.89,13.94,-23.54,6.17,5.41,15,7.41,11.39,150.2,5.48,6.72,,7.18,-30.55,,-12.01,45.38,-0.05,10.97
2024-09-18 00:00:00,5.09,4.73,18.1,8.89,14.17,-23.85,6.12,4.92,15,7.4,10.69,150.2,5.55,6.69,,6.73,-90.04,,-12.01,33.82,-0.05,10.97
2024-09-19 00:00:00,5.09,4.73,18.1,8.89,14.17,-23.85,6.12,4.92,15,7.4,10.69,150.2,5.55,6.69,,6.73,-90.04,,-12.01,33.82,-0.05,10.97
2024-09-20 00:00:00,5.09,4.73,18.1,8.89,14.17,-23.85,6.12,4.92,15,7.4,10.69,150.2,5.55,6.69,,6.73,-90.04,,-12.01,33.82,-0.05,10.97
2024-09-23 00:00:00,5.09,4.73,18.1,8.89,14.17,-23.85,6.12,4.92,15,7.4,10.69,150.2,5.55,6.69,,6.73,-90.04,,-12.01,33.82,-0.05,10.97
2024-09-24 00:00:00,5.09,4.73,18.1,8.89,14.17,-23.85,6.12,4.92,15,7.4,10.69,150.2,5.55,6.69,,6.73,-90.04,,-12.01,33.82,-0.05,10.97
2024-09-25 00:00:00,5.09,4.73,18.1,8.89,14.17,-23.85,6.12,4.92,15,7.4,10.69,150.2,5.55,6.69,,6.73,-90.04,,-12.01,33.82,-0.05,10.97
2024-09-26 00:00:00,5.09,4.73,18.1,8.89,14.17,-23.85,6.12,4.92,15,7.4,10.69,150.2,5.55,6.69,,6.73,-90.04,,-12.01,33.82,-0.05,10.97
2024-09-27 00:00:00,5.09,4.73,18.1,8.89,14.17,-23.85,6.12,4.92,15,7.4,10.69,150.2,5.55,6.69,,6.73,-90.04,,-12.01,33.82,-0.05,10.97
2024-09-30 00:00:00,5.09,4.73,18.1,8.89,14.17,-23.85,6.12,4.92,15,7.4,10.69,150.2,5.55,6.69,,6.73,-90.04,,-12.01,33.82,-0.05,10.97
2024-10-01 00:00:00,5.91,6.73,22.69,11.92,20.54,-31.9,8.31,5.89,16.69,9.6,12.09,165.04,7.1,8.9,,8.8,-137.72,,-12.63,38.37,-1.58,13.59
2024-10-02 00:00:00,5.91,6.73,22.69,11.92,20.54,-31.9,8.31,5.89,16.69,9.6,12.09,165.04,7.1,8.9,,8.8,-137.72,,-12.63,38.37,-1.58,13.59
2024-10-03 00:00:00,5.91,6.73,22.69,11.92,20.54,-31.9,8.31,5.89,16.69,9.6,12.09,165.04,7.1,8.9,,8.8,-137.72,,-12.63,38.37,-1.58,13.59
2024-10-04 00:00:00,5.91,6.73,22.69,11.92,20.54,-31.9,8.31,5.89,16.69,9.6,12.09,165.04,7.1,8.9,,8.8,-137.72,,-12.63,38.37,-1.58,13.59
2024-10-07 00:00:00,5.91,6.73,22.69,11.92,20.54,-31.9,8.31,5.89,16.69,9.6,12.09,165.04,7.1,8.9,,8.8,-137.72,,-12.63,38.37,-1.58,13.59
2024-10-08 00:00:00,5.91,6.73,22.69,11.92,20.54,-31.9,8.31,5.89,16.69,9.6,12.09,165.04,7.1,8.9,,8.8,-137.72,,-12.63,38.37,-1.58,13.59
2024-10-09 00:00:00,5.91,6.73,22.69,11.92,20.54,-31.9,8.31,5.89,16.69,9.6,12.09,165.04,7.1,8.9,,8.8,-137.72,,-12.63,38.37,-1.58,13.59
2024-10-10 00:00:00,5.91,6.73,22.69,11.92,20.54,-31.9,8.31,5.89,16.69,9.6,12.09,165.04,7.1,8.9,,8.8,-137.72,,-12.63,38.37,-1.58,13.59
2024-10-11 00:00:00,5.91,6.73,22.69,11.92,20.54,-31.9,8.31,5.89,16.69,9.6,12.09,165.04,7.1,8.9,,8.8,-137.72,,-12.63,38.37,-1.58,13.59
2024-10-14 00:00:00,5.91,6.73,22.69,11.92,20.54,-31.9,8.31,5.89,16.69,9.6,12.09,165.04,7.1,8.9,,8.8,-137.72,,-12.63,38.37,-1.58,13.59
2024-10-15 00:00:00,5.91,6.73,22.69,11.92,20.54,-31.9,8.31,5.89,16.69,9.6,12.09,165.04,7.1,8.9,,8.8,-137.72,,-12.63,38.37,-1.58,13.59
2024-10-16 00:00:00,5.91,6.73,22.69,11.92,20.54,-31.9,8.31,5.89,16.69,9.6,12.09,165.04,7.1,8.9,,8.8,-137.72,,-12.63,38.37,-1.58,13.59
2024-10-18 00:00:00,5.91,6.73,22.69,11.92,20.54,-31.9,8.31,5.89,16.69,9.6,12.09,165.04,7.1,8.9,,8.8,-137.72,,-12.63,38.37,-1.58,13.59
2024-10-21 00:00:00,5.91,6.73,22.69,11.92,20.54,-31.9,8.31,5.89,16.69,9.6,12.09,165.04,7.1,8.9,,8.8,-137.72,,-12.63,38.37,-1.58,13.59
2024-10-22 00:00:00,5.91,6.73,22.69,11.92,20.54,-31.9,8.31,5.89,16.69,9.6,12.09,165.04,7.1,8.9,,8.8,-137.72,,-12.63,38.37,-1.58,13.59
2024-10-23 00:00:00,5.91,6.73,22.69,11.92,20.54,-31.9,8.31,5.89,16.69,9.6,12.09,165.04,7.1,8.9,,8.8,-137.72,,-12.63,38.37,-1.58,13.59
2024-10-24 00:00:00,5.91,6.73,22.69,11.92,20.54,-31.9,8.31,5.89,16.69,9.6,12.09,165.04,7.1,8.9,,8.8,-137.72,,-12.63,38.37,-1.58,13.59
2024-10-25 00:00:00,5.91,6.73,22.69,11.92,20.54,-31.9,8.31,5.89,16.69,9.6,12.09,165.04,7.1,8.9,,8.8,-137.72,,-12.63,38.37,-1.58,13.59
2024-10-28 00:00:00,5.91,6.73,22.69,11.92,20.54,-31.9,8.31,5.89,16.69,9.6,12.09,165.04,7.1,8.9,,8.8,-137.72,,-12.63,38.37,-1.58,13.59
2024-10-29 00:00:00,5.91,6.73,22.69,11.92,20.54,-31.9,8.31,5.89,16.69,9.6,12.09,165.04,7.1,8.9,,8.8,-137.72,,-12.63,38.37,-1.58,13.59
2024-10-30 00:00:00,5.91,6.73,22.69,11.92,20.54,-31.9,8.31,5.89,16.69,9.6,12.09,165.04,7.1,8.9,,8.8,-137.72,,-12.63,38.37,-1.58,13.59
2024-11-01 00:00:00,5.91,6.73,22.69,11.92,20.54,-31.9,8.31,5.89,16.69,9.6,12.09,165.04,7.1,8.9,,8.8,-137.72,,-12.63,38.37,-1.58,13.59
2024-11-04 00:00:00,5.91,6.73,22.69,11.92,20.54,-31.9,8.31,5.89,16.69,9.6,12.09,165.04,7.1,8.9,,8.8,-137.72,,-12.63,38.37,-1.58,13.59
2024-11-05 00:00:00,5.91,6.73,22.69,11.92,20.54,-31.9,8.31,5.89,16.69,9.6,12.09,165.04,7.1,8.9,,8.8,-137.72,,-12.63,38.37,-1.58,13.59
2024-11-06 00:00:00,5.91,6.73,22.69,11.92,20.54,-31.9,8.31,5.89,16.69,9.6,12.09,165.04,7.1,8.9,,8.8,-137.72,,-12.63,38.37,-1.58,13.59
2024-11-07 00:00:00,5.91,6.73,22.69,11.92,20.54,-31.9,8.31,5.89,16.69,9.6,12.09,165.04,7.1,8.9,,8.8,-137.72,,-12.63,38.37,-1.58,13.59
2024-11-08 00:00:00,5.91,6.73,22.69,11.92,20.54,-31.9,8.31,5.89,16.69,9.6,12.09,165.04,7.1,8.9,,8.8,-137.72,,-12.63,38.37,-1.58,13.59
2024-11-11 00:00:00,5.91,6.73,22.69,11.92,20.54,-31.9,8.31,5.89,16.69,9.6,12.09,165.04,7.1,8.9,,8.8,-137.72,,-12.63,38.37,-1.58,13.59
2024-11-12 00:00:00,5.91,6.73,22.69,11.92,20.54,-31.9,8.31,5.89,16.69,9.6,12.09,165.04,7.1,8.9,,8.8,-137.72,,-12.63,38.37,-1.58,13.59
2024-11-13 00:00:00,5.91,6.73,22.69,11.92,20.54,-31.9,8.31,5.89,16.69,9.6,12.09,165.04,7.1,8.9,,8.8,-137.72,,-12.63,38.37,-1.58,13.59
2024-11-14 00:00:00,5.91,6.73,22.69,11.92,20.54,-31.9,8.31,5.89,16.69,9.6,12.09,165.04,7.1,8.9,,8.8,-137.72,,-12.63,38.37,-1.58,13.59
2024-11-18 00:00:00,5.91,6.73,22.69,11.92,20.54,-31.9,8.31,5.89,16.69,9.6,12.09,165.04,7.1,8.9,,8.8,-137.72,,-12.63,38.37,-1.58,13.59
2024-11-19 00:00:00,5.91,6.73,22.69,11.92,20.54,-31.9,8.31,5.89,16.69,9.6,12.09,165.04,7.1,8.9,,8.8,-137.72,,-12.63,38.37,-1.58,13.59
2024-11-20 00:00:00,5.91,6.73,22.69,11.92,20.54,-31.9,8.31,5.89,16.69,9.6,12.09,165.04,7.1,8.9,,8.8,-137.72,,-12.63,38.37,-1.58,13.59
2024-11-21 00:00:00,5.91,6.73,22.69,11.92,20.54,-31.9,8.31,5.89,16.69,9.6,12.09,165.04,7.1,8.9,,8.8,-137.72,,-12.63,38.37,-1.58,13.59
2024-11-22 00:00:00,5.91,6.73,22.69,11.92,20.54,-31.9,8.31,5.89,16.69,9.6,12.09,165.04,7.1,8.9,,8.8,-137.72,,-12.63,38.37,-1.58,13.59
2024-11-25 00:00:00,5.91,6.73,22.69,11.92,20.54,-31.9,8.3,5.89,16.69,9.6,12.09,165.04,7.1,8.9,,8.8,-137.72,,-12.63,38.37,-1.58,13.59
2024-11-26 00:00:00,5.91,6.73,22.63,11.92,20.54,-32.82,8.29,5.89,16.69,9.56,12.37,165.04,7.12,8.93,,8.76,-138.8,,-12.63,38.37,-1.58,13.59
2024-11-27 00:00:00,5.91,6.74,14.99,38.88,20.31,-33.44,9.03,5.89,16.07,9.69,12.42,62.6,7.1,8.87,,8.76,-138.8,,-12.63,38.37,-1.58,13.59
2024-11-28 00:00:00,5.91,6.74,14.99,38.88,20.31,-33.44,9.03,5.89,16.07,9.69,12.42,62.6,7.1,8.87,,8.76,-138.8,,-12.63,38.37,-1.58,13.59
2024-11-29 00:00:00,5.91,6.74,14.99,38.88,20.31,-33.44,9.03,5.89,16.07,9.69,12.42,62.6,7.1,8.87,,8.76,-138.8,,-12.63,38.37,-1.58,13.59
2024-12-02 00:00:00,5.91,6.92,14.55,42.35,26.74,-37.38,7.38,8.2,15.85,9.6,13.26,62.6,7.07,8.83,,8.8,-170.06,,-8.93,31.39,-1.58,13.04
2024-12-03 00:00:00,5.91,6.92,14.55,42.35,26.74,-37.38,7.38,8.2,15.85,9.6,13.26,62.6,7.07,8.83,,8.8,-170.06,,-8.93,31.39,-1.58,13.04
2024-12-04 00:00:00,5.91,6.91,14.55,42.35,26.74,-37.29,7.38,8.2,15.85,9.47,13.46,62.6,7.07,8.83,,7.38,-116.78,,-8.93,31.39,-1.58,13.04
2024-12-05 00:00:00,5.91,6.91,14.67,42.49,26.74,-40.07,7.38,8.2,15.85,9.47,11.68,62.6,7.08,8.76,,7.44,-116.78,,-8.93,31.39,-1.58,12.77
2024-12-06 00:00:00,5.91,6.79,14.51,42.49,27.73,-37.45,7.37,8.2,15.85,9.47,11.62,62.6,6.99,8.79,,7.46,127.89,,-8.93,23.51,-1.58,12.77
2024-12-09 00:00:00,6.47,6.79,14.63,42.56,36.43,-38.51,7.37,8.2,15.85,9.51,11.62,107.18,6.98,8.67,,7.46,99.5,,-8.93,23.51,-1.58,12.38
2024-12-10 00:00:00,6.47,6.87,13.38,42.56,23.24,-38.77,7.7,8.2,15.85,7.47,11.62,107.18,6.09,8.69,,7.46,122.7,,-8.93,23.51,-1.58,12.38
2024-12-11 00:00:00,6.47,6.87,13.38,42.56,23.24,-38.77,7.7,8.2,15.85,7.47,11.62,107.18,6.09,8.69,,7.46,122.7,,-8.93,23.51,-1.58,12.38
2024-12-12 00:00:00,6.47,6.87,13.38,42.56,23.24,-38.77,7.7,8.2,15.85,7.47,11.62,107.18,6.09,8.69,,7.46,122.7,,-8.93,23.51,-1.58,12.38
2024-12-13 00:00:00,6.47,6.54,13.46,41.34,24.32,-39.31,7.7,8.2,15.85,7.56,11.61,107.18,6.19,8.69,,7.46,122.7,,-8.93,23.51,-1.58,12.38
2024-12-16 00:00:00,6.47,6.54,13.46,41.34,24.32,-39.31,7.7,8.2,15.85,7.56,11.61,107.18,6.19,8.69,,7.46,122.7,,-8.93,23.51,-1.58,12.38
2024-12-17 00:00:00,6.47,6.54,13.46,41.34,24.32,-39.31,7.7,8.2,15.85,7.56,11.61,107.18,6.19,8.69,,7.46,122.7,,-8.93,23.51,-1.58,12.38
2024-12-18 00:00:00,6.47,6.54,13.46,41.34,24.32,-39.31,7.7,8.2,15.85,7.56,11.61,107.18,6.19,8.69,,7.46,122.7,,-8.93,23.51,-1.58,12.38
2024-12-19 00:00:00,6.47,6.54,13.46,41.34,24.32,-39.31,7.7,8.2,15.85,7.56,11.61,107.18,6.19,8.69,,7.46,122.7,,-8.93,23.51,-1.58,12.38
2024-12-20 00:00:00,6.47,6.54,13.46,41.34,24.32,-39.31,7.7,8.2,15.85,7.56,11.61,107.18,6.19,8.69,,7.46,122.7,,-8.93,23.51,-1.58,12.38
2024-12-23 00:00:00,6.47,6.54,13.46,41.34,24.32,-39.31,7.7,8.2,15.85,7.56,11.61,107.18,6.19,8.69,,7.46,122.7,,-8.93,23.51,-1.58,12.38
2024-12-24 00:00:00,6.47,6.54,13.46,41.34,24.32,-39.31,7.7,8.2,15.85,7.56,11.61,107.18,6.19,8.69,,7.46,122.7,,-8.93,23.51,-1.58,12.38
2024-12-26 00:00:00,6.47,6.54,13.46,41.34,24.32,-39.31,7.7,8.2,15.85,7.56,11.61,107.18,6.19,8.69,,7.46,122.7,,-8.93,23.51,-1.58,12.38
2024-12-27 00:00:00,6.47,6.54,13.46,41.34,24.32,-39.31,7.7,8.2,15.85,7.56,11.61,107.18,6.19,8.69,,7.46,122.7,,-8.93,23.51,-1.58,12.38
2024-12-30 00:00:00,6.47,6.54,13.46,41.34,24.32,-39.31,7.7,8.2,15.85,7.56,11.61,107.18,6.19,8.69,,7.46,122.7,,-8.93,23.51,-1.58,12.38
2024-12-31 00:00:00,6.47,6.54,13.46,41.34,24.32,-39.31,7.7,8.2,15.85,7.56,11.61,107.18,6.19,8.69,,7.46,122.7,,-8.93,23.51,-1.58,12.38
2025-01-02 00:00:00,6.07,6,12.99,43.75,20.73,-35.29,6.95,7.69,18.47,7.6,11.41,101.39,5.95,8.78,,7.27,131.56,,-8.64,24.02,-1.4,12.1
2025-01-03 00:00:00,6.07,6,12.99,43.75,20.73,-35.29,6.95,7.69,18.47,7.6,11.41,101.39,5.95,8.78,,7.27,131.56,,-8.64,24.02,-1.4,12.1
2025-01-06 00:00:00,6.07,6,12.99,43.75,20.73,-35.29,6.95,7.69,18.47,7.6,11.41,101.39,5.95,8.78,,7.27,131.56,,-8.64,24.02,-1.4,12.1
2025-01-07 00:00:00,6.07,6,12.99,43.75,20.73,-35.29,6.95,7.69,18.47,7.6,11.41,101.39,5.95,8.78,,7.27,131.56,,-8.64,24.02,-1.4,12.1
2025-01-08 00:00:00,6.07,6,12.99,43.75,20.73,-35.29,6.95,7.69,18.47,7.6,11.41,101.39,5.95,8.78,,7.27,131.56,,-8.64,24.02,-1.4,12.1
2025-01-09 00:00:00,6.07,6,12.99,43.75,20.73,-35.29,6.95,7.69,18.47,7.6,11.41,101.39,5.95,8.78,,7.27,131.56,,-8.64,24.02,-1.4,12.1
2025-01-10 00:00:00,6.07,6,12.99,43.75,20.73,-35.29,6.95,7.69,18.47,7.6,11.41,101.39,5.95,8.78,,7.27,131.56,,-8.64,24.02,-1.4,12.1
2025-01-15 00:00:00,6.07,6,12.99,43.75,20.73,-35.29,6.95,7.69,18.47,7.6,11.41,101.39,5.95,8.78,,7.27,131.56,,-8.64,24.02,-1.4,12.1
2025-01-16 00:00:00,6.07,6,12.99,43.75,20.73,-35.29,6.95,7.69,18.47,7.6,11.41,101.39,5.95,8.78,,7.27,131.56,,-8.64,24.02,-1.4,12.1
2025-01-17 00:00:00,6.07,6,12.99,43.75,20.73,-35.29,6.95,7.69,18.47,7.6,11.41,101.39,5.95,8.78,,7.27,131.56,,-8.64,24.02,-1.4,12.1
2025-01-20 00:00:00,6.07,6,12.99,43.75,20.73,-35.29,6.95,7.69,18.47,7.6,11.41,101.39,5.95,8.78,,7.27,131.56,,-8.64,24.02,-1.4,12.1
2025-01-21 00:00:00,6.07,6,12.99,43.75,20.73,-35.29,6.95,7.69,18.47,7.6,11.41,101.39,5.95,8.78,,7.27,131.56,,-8.64,24.02,-1.4,12.1
2025-01-22 00:00:00,6.07,6,12.99,43.75,20.73,-35.29,6.95,7.69,18.47,7.6,11.41,101.39,5.95,8.78,,7.27,131.56,,-8.64,24.02,-1.4,12.1
2025-01-23 00:00:00,6.07,6,12.99,43.75,20.73,-35.29,6.95,7.69,18.47,7.6,11.41,101.39,5.95,8.78,,7.27,131.56,,-8.64,24.02,-1.4,12.1
2025-01-24 00:00:00,6.07,6,12.99,43.75,20.73,-35.29,6.95,7.69,18.47,7.6,11.41,101.39,5.95,8.78,,7.27,131.56,,-8.64,24.02,-1.4,12.1
2025-01-27 00:00:00,6.07,6,12.99,43.75,20.73,-35.29,6.95,7.69,18.47,7.6,11.41,101.39,5.95,8.78,,7.27,131.56,,-8.64,24.02,-1.4,12.1
2025-01-28 00:00:00,6.07,6,12.99,43.75,20.73,-35.29,6.95,7.69,18.47,7.6,11.41,101.39,5.95,8.78,,7.27,131.56,,-8.64,24.02,-1.4,12.1
2025-01-29 00:00:00,6.07,6,12.99,43.75,20.73,-35.29,6.95,7.69,18.47,7.6,11.41,101.39,5.95,8.78,,7.27,131.56,,-8.64,24.02,-1.4,12.1
2025-01-30 00:00:00,6.07,6,12.99,43.75,20.73,-35.29,6.95,7.69,18.47,7.6,11.41,101.39,5.95,8.78,,7.27,131.56,,-8.64,24.02,-1.4,12.1
2025-01-31 00:00:00,6.07,6,12.99,43.75,20.73,-35.29,6.95,7.69,18.47,7.6,11.41,101.39,5.95,8.78,,7.27,131.56,,-8.64,24.02,-1.4,12.1
2025-02-03 00:00:00,6.07,6,12.99,43.75,20.73,-35.29,6.95,7.69,18.47,7.6,11.41,101.39,5.95,8.78,,7.27,131.56,,-8.64,24.02,-1.4,12.1
2025-02-05 00:00:00,6.07,6,12.99,43.75,20.73,-35.29,6.95,7.69,18.47,7.6,11.41,101.39,5.95,8.78,,7.27,131.56,,-8.64,24.02,-1.4,12.1
2025-02-06 00:00:00,6.07,6,12.99,43.75,20.73,-35.29,6.95,7.69,18.47,7.6,11.41,101.39,5.95,8.78,,7.27,131.56,,-8.64,24.02,-1.4,12.1
2025-02-07 00:00:00,6.07,6,12.99,43.75,20.73,-35.29,6.95,7.69,18.47,7.6,11.41,101.39,5.95,8.78,,7.27,131.56,,-8.64,24.02,-1.4,12.1
2025-02-10 00:00:00,6.07,6,12.99,43.75,20.73,-35.29,6.95,7.69,18.47,7.6,11.41,101.39,5.95,8.78,,7.27,131.56,,-8.64,24.02,-1.4,12.1
2025-02-11 00:00:00,6.07,6,12.99,43.75,20.73,-35.29,6.95,7.69,18.47,7.6,11.41,101.39,5.95,8.78,,7.27,131.56,,-8.64,24.02,-1.4,12.1
2025-02-13 00:00:00,6.07,6,12.99,43.75,20.73,-35.29,6.95,7.69,18.47,7.6,11.41,101.39,5.95,8.78,,7.27,131.56,,-8.64,24.02,-1.4,12.1
2025-02-14 00:00:00,6.07,6,12.99,43.75,20.73,-35.29,6.95,7.69,18.47,7.6,11.41,101.39,5.95,8.78,,7.27,131.56,,-8.64,24.02,-1.4,12.1
2025-02-17 00:00:00,6.07,6,12.99,43.75,20.73,-35.29,6.95,7.69,18.47,7.6,11.41,101.39,5.95,8.78,,7.27,131.56,,-8.64,24.02,-1.4,12.1
2025-02-18 00:00:00,6.07,6,12.99,43.75,20.73,-35.29,6.95,7.69,18.47,7.6,11.41,101.39,5.95,8.78,,7.27,131.56,,-8.64,24.02,-1.4,12.1
2025-02-19 00:00:00,6.07,6,12.99,43.75,20.73,-35.29,6.95,7.69,18.47,7.6,11.41,101.39,5.95,8.78,,7.27,131.56,,-8.64,24.02,-1.4,12.1
2025-02-20 00:00:00,6.07,6,12.99,43.75,20.73,-35.29,6.95,7.69,18.47,7.6,11.41,101.39,5.95,8.78,,7.27,131.56,,-8.64,24.02,-1.4,12.1
2025-02-21 00:00:00,6.07,6,13.22,43.75,20.73,-35.29,6.96,7.69,18.47,7.6,11.41,101.39,5.95,8.78,,7.27,131.56,,-8.64,24.02,-1.4,12.1
2025-02-24 00:00:00,6.07,6,13.22,43.75,20.73,-35.29,6.96,7.69,18.47,7.6,11.41,101.39,5.95,8.78,,7.27,131.56,,-8.64,24.02,-1.4,12.1
2025-02-25 00:00:00,6.07,6,13.22,43.75,20.73,-35.29,6.96,7.69,18.47,7.6,11.41,101.39,5.95,8.78,,7.27,131.56,,-8.64,24.02,-1.4,12.1
2025-02-27 00:00:00,6.07,6,14.04,-47.22,21.09,-36.53,6.46,7.69,17.67,8.02,11.64,132.56,5.85,9.91,,7.35,131.56,,-8.64,24.02,-1.4,12.1
2025-02-28 00:00:00,6.07,6,13.59,-48.63,21.62,-40.62,6.26,7.69,17.33,7.99,11.64,132.56,5.42,9.76,,7.35,79.47,,-7.57,21.01,-1.4,12.37
2025-03-03 00:00:00,6.07,6,13.59,-48.63,21.62,-44.04,6.23,8.17,17.33,7.97,11.64,132.56,5.42,9.76,,7.35,77.82,,-7.57,21.01,-1.4,12.37
2025-03-04 00:00:00,6.07,6,13.72,-48.63,21.62,-44.02,7.37,8.17,17.33,7.87,11.74,132.56,5.45,9.78,,7.31,77.82,,-7.57,21.01,-1.4,11.83
2025-03-05 00:00:00,6.07,5.74,13.72,-48.58,21.62,-38.08,7.37,8.17,17.33,7.87,11.74,132.56,5.45,9.69,,7.28,86.8,,-7.57,21.01,-1.4,12
2025-03-06 00:00:00,6.07,5.1,13.89,-48.58,21.66,-36.63,7.36,8.17,17.33,7.91,11.75,132.56,5.45,9.71,,6.73,82.62,,-7.57,21.01,-1.43,12
2025-03-07 00:00:00,6.07,4.95,14.08,-48.58,17.77,-37.79,7.33,8.17,17.33,7.93,11.72,132.56,5.33,9.76,,6.55,83.73,,-7.57,21.01,-1.43,12
2025-03-10 00:00:00,6.97,4.44,14.34,-48.58,17.51,-38.01,7.25,8.17,17.33,7.93,11.72,132.56,5.71,9.49,,6.73,152.79,,-7.57,21.01,-1.43,12.31
2025-03-11 00:00:00,6.97,4.38,14.21,-48.58,17.58,-39.03,7.23,8.98,17.33,7.92,12.34,132.56,5.71,9.49,,6.73,168.95,,-7.57,16.2,-1.43,12.17
2025-03-12 00:00:00,6.97,4.38,14.24,-48.58,17.58,-39.03,7.23,8.98,17.33,7.92,12.34,1542.41,5.71,9.49,,6.73,168.95,,-7.57,16.2,-1.43,12.17
2025-03-14 00:00:00,6.97,4.38,14.24,-48.58,17.58,-39.03,7.23,8.98,17.33,7.92,12.34,1542.41,5.71,9.49,,6.73,168.95,,-7.57,16.2,-1.43,12.17
2025-03-17 00:00:00,6.97,4.38,14.24,-48.58,17.58,-39.03,7.23,8.98,17.33,7.92,12.34,1542.41,5.71,9.49,,6.73,168.95,,-7.57,16.2,-1.43,12.17
2025-03-18 00:00:00,6.97,4.38,14.24,-48.58,17.58,-39.03,7.23,8.98,17.33,7.92,12.34,1542.41,5.71,9.49,,6.73,168.95,,-7.57,16.2,-1.43,12.17
2025-03-19 00:00:00,6.97,4.38,14.24,-48.58,17.58,-39.03,7.23,8.98,17.33,7.92,12.34,1542.41,5.71,9.49,,6.73,168.95,,-7.57,16.2,-1.43,12.17
2025-03-20 00:00:00,6.97,4.38,14.24,-48.58,17.58,-39.03,7.23,8.98,17.33,7.92,12.34,1542.41,5.71,9.49,,6.73,168.95,,-7.57,16.2,-1.43,12.17
2025-03-21 00:00:00,6.97,4.38,14.24,-48.58,17.58,-39.03,7.23,8.98,17.33,7.92,12.34,1542.41,5.71,9.49,,6.73,168.95,,-7.57,16.2,-1.43,12.17
2025-03-24 00:00:00,6.97,4.38,14.24,-48.58,17.58,-39.03,7.23,8.98,17.33,7.92,12.34,1542.41,5.71,9.49,,6.73,168.95,,-7.57,16.2,-1.43,12.17
2025-03-25 00:00:00,6.97,4.38,14.24,-48.58,17.58,-39.03,7.23,8.98,17.33,7.92,12.34,1542.41,5.71,9.49,,6.73,168.95,,-7.57,16.2,-1.43,12.17
2025-03-26 00:00:00,6.97,4.38,14.24,-48.58,17.58,-39.03,7.23,8.98,17.33,7.92,12.34,1542.41,5.71,9.49,,6.73,168.95,,-7.57,16.2,-1.43,12.17
2025-03-27 00:00:00,6.97,4.38,14.24,-48.58,17.58,-39.03,7.23,8.98,17.33,7.92,12.34,1542.41,5.71,9.49,,6.73,168.95,,-7.57,16.2,-1.43,12.17
2025-03-28 00:00:00,6.97,4.38,14.24,-48.58,17.58,-39.03,7.23,8.98,17.33,7.92,12.34,1542.41,5.71,9.49,,6.73,168.95,,-7.57,16.2,-1.43,12.17
2025-04-01 00:00:00,8.23,5.77,16.79,-46.55,21.36,-50.25,8.79,9.32,29.97,9.42,17.34,1636.25,6.98,11.55,,12.75,269.77,,-8.02,23.31,-2.44,15.22
2025-04-02 00:00:00,8.23,5.77,16.79,-46.55,21.36,-50.25,8.79,9.32,29.97,9.42,17.34,1636.25,6.98,11.55,,12.75,269.77,,-8.02,23.31,-2.44,15.22
2025-04-03 00:00:00,8.23,5.77,16.79,-46.55,21.36,-50.25,8.79,9.32,29.97,9.42,17.34,1636.25,6.98,11.55,,12.75,269.77,,-8.02,23.31,-2.44,15.22
2025-04-04 00:00:00,8.23,5.77,16.79,-46.55,21.36,-50.25,8.79,9.32,29.97,9.42,17.34,1636.25,6.98,11.55,,12.75,269.77,,-8.02,23.31,-2.44,15.22
2025-04-07 00:00:00,8.23,5.77,16.79,-46.55,21.36,-50.25,8.79,9.32,29.97,9.42,17.34,1636.25,6.98,11.55,,12.75,269.77,,-8.02,23.31,-2.44,15.22
2025-04-08 00:00:00,8.23,5.77,16.79,-46.55,21.36,-50.25,8.79,9.32,29.97,9.42,17.34,1636.25,6.98,11.55,,12.75,269.77,,-8.02,23.31,-2.44,15.22
2025-04-09 00:00:00,8.23,5.77,16.79,-46.55,21.36,-50.25,8.79,9.32,29.97,9.42,17.34,1636.25,6.98,11.55,,12.75,269.77,,-8.02,23.31,-2.44,15.22
2025-04-10 00:00:00,8.23,5.77,16.79,-46.55,21.36,-50.25,8.79,9.32,29.97,9.42,17.34,1636.25,6.98,11.55,,12.75,269.77,,-8.02,23.31,-2.44,15.22
2025-04-11 00:00:00,8.23,5.77,16.79,-46.55,21.36,-50.25,8.79,9.32,29.97,9.42,17.34,1636.25,6.98,11.55,,12.75,269.77,,-8.02,23.31,-2.44,15.22
2025-04-16 00:00:00,8.23,5.77,16.79,-46.55,21.36,-50.25,8.79,9.32,29.97,9.42,17.34,1636.25,6.98,11.55,,12.75,269.77,,-8.02,23.31,-2.44,15.22
2025-04-17 00:00:00,8.23,5.77,16.79,-46.55,21.36,-50.25,8.79,9.32,29.97,9.42,17.34,1636.25,6.98,11.55,,12.75,269.77,,-8.02,23.31,-2.44,15.22
2025-04-21 00:00:00,8.23,5.77,16.79,-46.55,21.36,-50.25,8.79,9.32,29.97,9.42,17.34,1636.25,6.98,11.55,,12.75,269.77,,-8.02,23.31,-2.44,15.22
2025-04-22 00:00:00,8.23,5.77,16.79,-46.55,21.36,-50.25,8.79,9.32,29.97,9.42,17.34,1636.25,6.98,11.55,,12.75,269.77,,-8.02,23.31,-2.44,15.22
2025-04-23 00:00:00,8.23,5.77,16.79,-46.55,21.36,-50.25,8.79,9.32,29.97,9.42,17.34,1636.25,6.98,11.55,,12.75,269.77,,-8.02,23.31,-2.44,15.22
2025-04-24 00:00:00,8.23,5.77,16.79,-46.55,21.36,-50.25,8.79,9.32,29.97,9.42,17.34,1636.25,6.98,11.55,,12.75,269.77,,-8.02,23.31,-2.44,15.22
2025-04-25 00:00:00,8.23,5.77,16.79,-46.55,21.36,-50.25,8.79,9.32,29.97,9.42,17.34,1636.25,6.98,11.55,,12.75,269.77,,-8.02,23.31,-2.44,15.22
2025-04-28 00:00:00,8.23,5.77,16.79,-46.55,21.36,-50.25,8.79,9.32,29.97,9.42,17.34,1636.25,6.98,11.55,,12.75,269.77,,-8.02,23.31,-2.44,15.22
2025-04-29 00:00:00,8.23,5.77,16.79,-46.55,21.36,-50.25,8.79,9.32,29.97,9.42,17.34,1636.25,6.98,11.55,,12.75,269.77,,-8.02,23.31,-2.44,15.22
2025-04-30 00:00:00,8.23,5.77,16.79,-46.55,21.36,-50.25,8.79,9.32,29.97,9.42,17.34,1636.25,6.98,11.55,,12.75,269.77,,-8.02,23.31,-2.44,15.22
2025-05-02 00:00:00,8.23,5.77,16.79,-46.55,21.36,-50.25,8.79,9.32,29.97,9.42,17.34,1636.25,6.98,11.55,,12.75,269.77,,-8.02,23.31,-2.44,15.22
2025-05-05 00:00:00,8.23,5.77,16.79,-46.55,21.36,-50.25,8.79,9.32,29.97,9.42,17.34,1636.25,6.98,11.55,,12.75,269.77,,-8.02,23.31,-2.44,15.22
2025-05-06 00:00:00,8.23,5.77,16.79,-46.55,21.36,-50.25,8.79,9.32,29.97,9.42,17.34,1636.25,6.98,11.55,,12.75,269.77,,-8.02,23.31,-2.44,15.22
2025-05-07 00:00:00,8.23,5.77,16.79,-46.55,21.36,-50.25,8.79,9.32,29.97,9.42,17.34,1636.25,6.98,11.55,,12.75,269.77,,-8.02,23.31,-2.44,15.22
2025-05-08 00:00:00,8.23,5.77,16.79,-46.55,21.36,-50.25,8.79,9.32,29.97,9.42,17.34,1636.25,6.98,11.55,,12.75,269.77,,-8.02,23.31,-2.44,15.22
2025-05-09 00:00:00,8.23,5.77,16.79,-46.55,21.36,-50.25,8.79,9.32,29.97,9.42,17.34,1636.25,6.98,11.55,,12.75,269.77,,-8.02,23.31,-2.44,15.22
2025-05-14 00:00:00,8.23,5.77,16.79,-46.55,21.36,-50.25,8.79,9.32,29.97,9.42,17.34,1636.25,6.98,11.55,,12.75,269.77,,-8.02,23.31,-2.44,15.22
2025-05-15 00:00:00,8.23,5.77,16.79,-46.55,21.36,-50.25,8.79,9.32,29.97,9.42,17.34,1636.25,6.98,11.55,,12.75,269.77,,-8.02,23.31,-2.44,15.22
2025-05-16 00:00:00,8.23,5.77,16.79,-46.55,21.36,-50.25,8.79,9.32,29.97,9.42,17.34,1636.25,6.98,11.55,,12.75,269.77,,-8.02,23.31,-2.44,15.22
2025-05-19 00:00:00,8.23,5.77,16.79,-46.55,21.36,-50.25,8.79,9.32,29.97,9.42,17.34,1636.25,6.98,11.55,,12.75,269.77,,-8.02,23.31,-2.44,15.22
2025-05-20 00:00:00,8.23,5.77,16.79,-46.55,21.36,-50.25,8.79,9.32,29.97,9.42,17.34,1636.25,6.98,11.55,,12.75,269.77,,-8.02,23.31,-2.44,15.22
2025-05-21 00:00:00,8.23,5.77,16.79,-46.55,21.36,-50.25,8.79,9.32,29.97,9.42,17.34,1636.25,6.98,11.55,,12.75,269.77,,-8.02,23.31,-2.44,15.22
2025-05-22 00:00:00,8.23,5.77,16.79,-46.55,21.36,-50.25,8.79,9.32,29.97,9.42,17.34,1636.25,6.98,11.55,,12.75,269.77,,-8.02,23.31,-2.44,15.22
2025-05-23 00:00:00,8.23,5.77,16.79,-46.55,21.36,-50.25,8.79,9.32,29.97,9.42,17.34,1636.25,6.98,11.55,,12.75,269.77,,-8.02,23.31,-2.44,15.22
2025-05-23 00:00:00,8.23,5.77,16.79,-46.55,21.36,-50.25,8.79,9.32,29.97,9.42,17.34,1636.25,6.98,11.55,,12.75,269.77,,-8.02,23.31,-2.44,15.22
2025-05-26 00:00:00,8.23,5.77,16.79,-46.55,21.36,-50.25,8.79,9.32,29.97,9.42,17.34,1636.25,6.98,11.55,,12.75,269.77,,-8.02,23.31,-2.44,15.22
2025-05-27 00:00:00,8.23,5.77,16.79,-46.55,21.36,-50.25,8.79,9.32,29.97,9.42,17.34,1636.25,6.98,11.55,,12.75,269.77,,-8.02,23.31,-2.44,15.22
2025-05-28 00:00:00,8.23,5.77,16.79,-46.55,21.36,-50.25,8.79,9.32,29.97,9.42,17.34,1636.25,6.98,11.55,,12.75,269.77,,-8.02,23.31,-2.44,15.22
2025-05-29 00:00:00,8.23,5.77,16.79,-46.55,21.36,-50.25,8.79,9.32,29.97,9.42,17.34,1636.25,6.98,11.55,,12.75,269.77,,-8.02,23.31,-2.44,15.22
2025-05-30 00:00:00,8.23,5.77,16.79,-46.55,21.36,-50.25,8.79,9.32,29.97,9.42,17.34,1636.25,6.98,11.55,,12.75,269.77,,-8.02,23.31,-2.44,15.22
2025-06-02 00:00:00,8.23,5.77,16.79,-46.55,21.36,-50.25,8.79,9.32,29.97,9.42,17.34,1636.25,6.98,11.55,,12.75,269.77,,-8.02,23.31,-2.44,15.22
2025-06-03 00:00:00,8.23,5.77,16.79,-37.66,21.36,-50.25,8.77,9.32,29.97,9.15,17.34,1636.25,6.98,11.55,,12.75,172.15,,-8.02,23.31,-2.44,15.22
2025-06-04 00:00:00,8.23,5.77,16.22,-37.66,21.51,-50.04,8.75,9.32,29.97,9.18,17.21,1636.25,7.07,11.7,,12.35,172.15,,-8.02,23.31,-2.44,15.22
2025-06-05 00:00:00,8.23,5.77,16.22,-37.66,21.51,-50.04,8.75,9.32,29.97,9.18,17.21,1636.25,7.07,11.7,,12.35,172.15,,-8.02,23.31,-2.44,15.22
2025-06-06 00:00:00,8.23,5.63,16.28,-38.68,22.56,-49.54,8.74,9.32,29.97,9.18,17.21,1636.25,7.26,11.68,,12.32,162.3,,-8.02,23.31,-2.44,15.22
2025-06-09 00:00:00,8.23,5.63,12.76,-39.19,24.14,-73.21,8.64,9.32,29.42,8.25,17.28,-385.93,7.26,11.68,,12.14,358.55,,-8.02,23.31,-2.44,15.22
2025-06-11 00:00:00,8.23,5.63,12.76,-39.19,24.14,-73.21,8.64,9.32,29.42,8.24,17.28,-385.93,7.26,11.68,,12.14,358.55,,-8.02,23.31,-2.44,15.22
2025-06-12 00:00:00,8.23,5.63,12.76,-39.19,24.14,-73.21,8.64,9.32,29.42,8.24,17.28,-385.93,7.26,11.68,,12.14,358.55,,-8.02,23.31,-2.44,15.22
2025-06-13 00:00:00,8.23,5.64,12.36,-22.81,27.21,-86.38,8.65,9.32,29.42,8.24,17.28,-385.93,7.25,11.91,,12.79,321.55,,-12.48,23.31,-2.44,15.88
2025-06-16 00:00:00,8.23,5.64,11.98,-22.81,25.54,-86.05,8.64,9.32,29.41,8.21,17.28,-160.79,7.21,11.75,,12.79,303.26,,-12.48,23.31,-2.44,15.48
2025-06-17 00:00:00,8.23,5.64,11.98,-22.81,25.54,-86.05,8.64,9.32,29.41,8.21,17.28,-160.79,7.21,11.75,,12.79,303.26,,-12.48,23.31,-2.44,15.48
2025-06-18 00:00:00,8.23,5.46,11.87,-22.87,25.63,-11510.52,7.64,9.27,29.41,8.15,16.38,-160.79,7.2,11.71,,13.32,303.26,,-12.48,23.31,-2.5,15.62
2025-06-19 00:00:00,8.23,5.46,12.6,-22.87,-18.85,-2965.89,7.65,9.27,29.41,8.15,16.06,-160.79,7.2,11.65,,13.33,390.81,,-12.48,23.31,-2.5,15.62
2025-06-20 00:00:00,10.61,5.34,12.6,-22.87,-17.98,963.25,7.66,9.27,29.41,8.15,16.32,-160.79,7.23,11.74,,13.33,138.12,,-12.48,19.33,-2.5,16.4
2025-06-23 00:00:00,10.61,5.34,12.6,-22.87,-17.98,963.25,7.66,9.27,29.41,8.15,16.32,-160.79,7.23,11.74,,13.33,138.12,,-12.48,19.33,-2.5,16.4
2025-06-24 00:00:00,10.61,5.34,12.6,-22.87,-17.98,963.25,7.66,9.27,29.41,8.15,16.32,-160.79,7.23,11.74,,13.33,138.12,,-12.48,19.33,-2.5,16.4
2025-06-25 00:00:00,10.61,5.34,12.6,-22.87,-17.98,963.25,7.66,9.27,29.41,8.15,16.32,-160.79,7.23,11.74,,13.33,138.12,,-12.48,19.33,-2.5,16.4
2025-06-26 00:00:00,10.61,5.34,12.6,-22.87,-17.98,963.25,7.66,9.27,29.41,8.15,16.32,-160.79,7.23,11.74,,13.33,138.12,,-12.48,19.33,-2.5,16.4
2025-06-27 00:00:00,10.61,5.34,12.6,-22.87,-17.98,963.25,7.66,9.27,29.41,8.15,16.32,-160.79,7.23,11.74,,13.33,138.12,,-12.48,19.33,-2.5,16.4
2025-06-30 00:00:00,10.61,5.34,12.6,-22.87,-17.98,963.25,7.66,9.27,29.41,8.15,16.32,-160.79,7.23,11.74,,13.33,138.12,,-12.48,19.33,-2.5,16.4
2025-07-01 00:00:00,10.04,5.67,13.9,-26.34,-20.09,939.05,8.41,10.52,28.15,8.91,16.72,-159.64,7.44,12.7,,14.43,180.63,,-17.47,22.54,-3.02,22.68
2025-07-02 00:00:00,10.04,5.67,13.9,-26.34,-20.09,939.05,8.41,10.52,28.15,8.91,16.72,-159.64,7.44,12.7,,14.43,180.63,,-17.47,22.54,-3.02,22.68
2025-07-03 00:00:00,10.04,5.67,13.9,-26.34,-20.09,939.05,8.41,10.52,28.15,8.91,16.72,-159.64,7.44,12.7,,14.43,180.63,,-17.47,22.54,-3.02,22.68
2025-07-04 00:00:00,10.04,5.67,13.9,-26.34,-20.09,939.05,8.41,10.52,28.15,8.91,16.72,-159.64,7.44,12.7,,14.43,180.63,,-17.47,22.54,-3.02,22.68
2025-07-07 00:00:00,10.04,5.67,13.9,-26.34,-20.09,939.05,8.41,10.52,28.15,8.91,16.72,-159.64,7.44,12.7,,14.43,180.63,,-17.47,22.54,-3.02,22.68
2025-07-08 00:00:00,10.04,5.67,13.9,-26.34,-20.09,939.05,8.41,10.52,28.15,8.91,16.72,-159.64,7.44,12.7,,14.43,180.63,,-17.47,22.54,-3.02,22.68
2025-07-09 00:00:00,10.04,5.67,13.9,-26.34,-20.09,939.05,8.41,10.52,28.15,8.91,16.72,-159.64,7.44,12.7,,14.43,180.63,,-17.47,22.54,-3.02,22.68
2025-07-11 00:00:00,10.04,5.67,13.9,-26.34,-20.09,939.05,8.41,10.52,28.15,8.91,16.72,-159.64,7.44,12.7,,14.43,180.63,,-17.47,22.54,-3.02,22.68
2025-07-14 00:00:00,10.04,5.67,13.9,-26.34,-20.09,939.05,8.41,10.52,28.15,8.91,16.72,-159.64,7.44,12.7,,14.43,180.63,,-17.47,22.54,-3.02,22.68
2025-07-15 00:00:00,10.04,5.67,13.9,-26.34,-20.09,939.05,8.41,10.52,28.15,8.91,16.72,-159.64,7.44,12.7,,14.43,180.63,,-17.47,22.54,-3.02,22.68
2025-07-16 00:00:00,10.04,5.67,13.9,-26.34,-20.09,939.05,8.41,10.52,28.15,8.91,16.72,-159.64,7.44,12.7,,14.43,180.63,,-17.47,22.54,-3.02,22.68
2025-07-17 00:00:00,10.04,5.67,13.9,-26.34,-20.09,939.05,8.41,10.52,28.15,8.91,16.72,-159.64,7.44,12.7,,14.43,180.63,,-17.47,22.54,-3.02,22.68
2025-07-18 00:00:00,10.04,5.67,13.9,-26.34,-20.09,939.05,8.41,10.52,28.15,8.91,16.72,-159.64,7.44,12.7,,14.43,180.63,,-17.47,22.54,-3.02,22.68
2025-07-21 00:00:00,10.04,5.67,13.9,-26.34,-20.09,939.05,8.41,10.52,28.15,8.91,16.72,-159.64,7.44,12.7,,14.43,180.63,,-17.47,22.54,-3.02,22.68
2025-07-22 00:00:00,10.04,5.67,13.9,-26.34,-20.09,939.05,8.41,10.52,28.15,8.91,16.72,-159.64,7.44,12.7,,14.43,180.63,,-17.47,22.54,-3.02,22.68
2025-07-23 00:00:00,10.04,5.67,13.9,-26.34,-20.09,939.05,8.41,10.52,28.15,8.91,16.72,-159.64,7.44,12.7,,14.43,180.63,,-17.47,22.54,-3.02,22.68
2025-07-24 00:00:00,10.04,5.67,13.9,-26.34,-20.09,939.05,8.41,10.52,28.15,8.91,16.72,-159.64,7.44,12.7,,14.43,180.63,,-17.47,22.54,-3.02,22.68
2025-07-25 00:00:00,10.04,5.67,13.9,-26.34,-20.09,939.05,8.41,10.52,28.15,8.91,16.72,-159.64,7.44,12.7,,14.43,180.63,,-17.47,22.54,-3.02,22.68
2025-07-28 00:00:00,10.04,5.67,13.9,-26.34,-20.09,939.05,8.41,10.52,28.15,8.91,16.72,-159.64,7.44,12.7,,14.43,180.63,,-17.47,22.54,-3.02,22.68
2025-07-29 00:00:00,10.04,5.67,13.9,-26.34,-20.09,939.05,8.41,10.52,28.15,8.91,16.72,-159.64,7.44,12.7,,14.43,180.63,,-17.47,22.54,-3.02,22.68
2025-07-30 00:00:00,10.04,5.67,13.9,-26.34,-20.09,939.05,8.41,10.52,28.15,8.91,16.72,-159.64,7.44,12.7,,14.43,180.63,,-17.47,22.54,-3.02,22.68
2025-07-31 00:00:00,10.04,5.67,13.9,-26.34,-20.09,939.05,8.41,10.52,28.15,8.91,16.72,-159.64,7.44,12.7,,14.43,180.63,,-17.47,22.54,-3.02,22.68
2025-08-01 00:00:00,10.04,5.67,13.9,-26.34,-20.09,939.05,8.41,10.52,28.15,8.91,16.72,-159.64,7.44,12.7,,14.43,180.63,,-17.47,22.54,-3.02,22.68
2025-08-04 00:00:00,10.04,5.67,13.9,-26.34,-20.09,939.05,8.41,10.52,28.15,8.91,16.72,-159.64,7.44,12.7,,14.43,180.63,,-17.47,22.54,-3.02,22.68
2025-08-05 00:00:00,10.04,5.67,13.9,-26.34,-20.09,939.05,8.41,10.52,28.15,8.91,16.72,-159.64,7.44,12.7,,14.43,180.63,,-17.47,22.54,-3.02,22.68
2025-08-06 00:00:00,10.04,5.67,13.9,-26.34,-20.09,939.05,8.41,10.52,28.15,8.91,16.72,-159.64,7.44,12.7,,14.43,180.63,,-17.47,22.54,-3.02,22.68
2025-08-07 00:00:00,10.04,5.67,13.9,-26.34,-20.09,939.05,8.41,10.52,28.15,8.91,16.72,-159.64,7.44,12.7,,14.43,180.63,,-17.47,22.54,-3.02,22.68
2025-08-11 00:00:00,10.04,5.67,13.9,-26.34,-20.09,939.05,8.41,10.52,28.15,8.91,16.72,-159.64,7.44,12.7,,14.43,180.63,,-17.47,22.54,-3.02,22.68
2025-08-12 00:00:00,10.04,5.67,13.9,-26.34,-20.09,939.05,8.41,10.52,28.15,8.91,16.72,-159.64,7.44,12.7,,14.43,180.63,,-17.47,22.54,-3.02,22.68
2025-08-13 00:00:00,10.04,5.67,13.9,-26.34,-20.09,939.05,8.41,10.52,28.15,8.91,16.72,-159.64,7.44,12.7,,14.43,180.63,,-17.47,22.54,-3.02,22.68
2025-08-14 00:00:00,10.04,5.67,13.9,-26.34,-20.09,939.05,8.41,10.52,28.15,8.91,16.72,-159.64,7.44,12.7,,14.43,180.63,,-17.47,22.54,-3.02,22.68
2025-08-15 00:00:00,10.04,5.67,13.9,-26.34,-20.09,939.05,8.41,10.52,28.15,8.91,16.72,-159.64,7.44,12.7,,14.43,180.63,,-17.47,22.54,-3.02,22.68
2025-08-18 00:00:00,10.04,5.67,13.9,-26.34,-20.09,939.05,8.41,10.52,28.15,8.91,16.72,-159.64,7.44,12.7,,14.43,180.63,,-17.47,22.54,-3.02,22.68
2025-08-19 00:00:00,10.04,5.67,13.9,-26.34,-20.09,939.05,8.41,10.52,28.15,8.91,16.72,-159.64,7.44,12.7,,14.43,180.63,,-17.47,22.54,-3.02,22.68
2025-08-20 00:00:00,10.04,5.67,13.9,-26.34,-20.09,939.05,8.41,10.52,28.15,8.91,16.72,-159.64,7.44,12.7,,14.43,180.63,,-17.47,22.54,-3.02,22.68
2025-08-21 00:00:00,10.04,5.67,13.9,-26.34,-20.09,939.05,8.41,10.52,28.15,8.91,16.72,-159.64,7.44,12.7,,14.43,180.63,,-17.47,22.54,-3.02,22.68
2025-08-22 00:00:00,10.04,5.67,13.9,-26.34,-20.09,939.05,8.41,10.52,28.15,8.91,16.72,-159.64,7.44,12.7,,14.43,180.63,,-17.47,22.54,-3.02,22.68
2025-08-25 00:00:00,10.04,5.67,13.9,-26.34,-20.09,939.05,8.41,10.52,28.15,8.91,16.72,-159.64,7.44,12.7,,14.43,180.63,,-17.47,22.54,-3.02,22.68
2025-08-26 00:00:00,10.04,5.67,13.9,-26.34,-20.09,939.05,8.41,10.52,28.15,8.91,16.72,-159.64,7.44,12.7,,14.43,180.63,,-17.47,22.54,-3.02,22.68
2025-08-27 00:00:00,10.04,5.66,13.82,-26.34,-20.34,434.08,8.38,10.52,28.15,8.92,15.39,-159.64,7.55,12.22,,14.43,182.64,,-17.47,22.54,-3.02,22.68
2025-08-28 00:00:00,10.04,5.66,13.82,-26.34,-20.34,434.08,8.38,10.52,28.15,8.92,15.39,-159.64,7.55,12.22,,14.43,182.64,,-17.47,22.54,-3.02,22.68
2025-08-29 00:00:00,10.04,5.66,13.82,-13.35,-20.34,442.56,8.26,10.52,26.61,9.01,15.39,163.82,7.55,12.22,,14.36,182.64,,-17.47,22.54,-3.02,22.68
2025-09-01 00:00:00,10.04,5.44,13.76,-13.42,-20.34,353.74,8.1,10.52,26.61,9,14.81,163.82,7.61,12.23,,14.26,165.34,,-17.47,22.54,-3.02,22.68
2025-09-02 00:00:00,10.04,5.44,13.74,-13.42,-20.34,353.74,8.09,10.52,26.61,9,14.81,163.82,7.61,12.23,,14.27,165.34,,-17.47,22.54,-3.02,22.68
2025-09-03 00:00:00,10.04,5.44,13.84,-13.51,-21.94,311.19,7.96,10.52,25.59,8.97,14.81,163.82,7.55,12.02,,14.53,106.07,,-17.47,22.54,-3.02,22.68
2025-09-04 00:00:00,10.04,5.44,13.84,-13.51,-21.94,311.19,7.96,10.52,25.59,8.97,14.81,163.82,7.55,12.02,,14.53,106.07,,-17.47,22.54,-3.02,22.68
2025-09-08 00:00:00,10.04,5.38,13.88,-13.47,-23.13,153.22,7.84,12.52,25.59,8.9,14.79,271.19,7.43,12,,12.15,68.47,,-17.47,19.66,-3.02,23.96
2025-09-09 00:00:00,10.04,5.38,13.88,-13.47,-23.13,153.22,7.84,12.52,25.59,8.9,14.79,271.19,7.43,12,,12.15,68.47,,-17.47,19.66,-3.02,23.96
2025-09-10 00:00:00,10.04,5.38,13.88,-13.47,-23.13,153.22,7.84,12.52,25.59,8.9,14.79,271.19,7.43,12,,12.15,68.47,,-17.47,19.66,-3.02,23.96
2025-09-11 00:00:00,11.91,5.37,13.81,-13.47,-25.36,142.38,7.81,12.52,25.59,8.89,14.79,271.19,7.43,12.01,,12.15,68.47,,-17.47,19.66,-3.02,23.2
2025-09-12 00:00:00,11.91,5.33,13.64,-13.19,-25.36,124.05,7.7,12.52,25.59,8.6,14.98,271.19,7.46,12.03,,12.06,58.73,,-19.12,15.03,-3.1,24.18
2025-09-15 00:00:00,11.91,5.33,13.64,-13.19,-25.36,124.05,7.7,12.52,25.59,8.6,14.98,271.19,7.46,12.03,,12.06,58.73,,-19.12,15.03,-3.1,24.18
2025-09-16 00:00:00,11.91,5.33,13.64,-13.19,-25.36,124.05,7.7,12.52,25.59,8.6,14.98,271.19,7.46,12.03,,12.06,58.73,,-19.12,15.03,-3.1,24.18
2025-09-17 00:00:00,11.91,5.33,13.64,-13.19,-25.36,124.05,7.7,12.52,25.59,8.6,14.98,271.19,7.46,12.03,,12.06,58.73,,-19.12,15.03,-3.1,24.18
2025-09-18 00:00:00,11.91,5.33,13.64,-13.19,-25.36,124.05,7.7,12.52,25.59,8.6,14.98,271.19,7.46,12.03,,12.06,58.73,,-19.12,15.03,-3.1,24.18
2025-09-19 00:00:00,11.91,5.33,13.64,-13.19,-25.36,124.05,7.7,12.52,25.59,8.6,14.98,271.19,7.46,12.03,,12.06,58.73,,-19.12,15.03,-3.1,24.18
2025-09-22 00:00:00,11.91,5.33,13.64,-13.19,-25.36,124.05,7.7,12.52,25.59,8.6,14.98,271.19,7.46,12.03,,12.06,58.73,,-19.12,15.03,-3.1,24.18
2025-09-23 00:00:00,11.91,5.33,13.64,-13.19,-25.36,124.05,7.7,12.52,25.59,8.6,14.98,271.19,7.46,12.03,,12.06,58.73,,-19.12,15.03,-3.1,24.18
2025-09-24 00:00:00,11.91,5.33,13.64,-13.19,-25.36,124.05,7.7,12.52,25.59,8.6,14.98,271.19,7.46,12.03,,12.06,58.73,,-19.12,15.03,-3.1,24.18
2025-09-25 00:00:00,11.91,5.33,13.64,-13.19,-25.36,124.05,7.7,12.52,25.59,8.6,14.98,271.19,7.46,12.03,,12.06,58.73,,-19.12,15.03,-3.1,24.18
2025-09-26 00:00:00,11.91,5.33,13.64,-13.19,-25.36,124.05,7.7,12.52,25.59,8.6,14.98,271.19,7.46,12.03,,12.06,58.73,,-19.12,15.03,-3.1,24.18
2025-09-29 00:00:00,11.91,5.33,13.64,-13.19,-25.36,124.05,7.7,12.52,25.59,8.6,14.98,271.19,7.46,12.03,,12.06,58.73,,-19.12,15.03,-3.1,24.18
2025-09-30 00:00:00,11.91,5.33,13.64,-13.19,-25.36,124.05,7.7,12.52,25.59,8.6,14.98,271.19,7.46,12.03,,12.06,58.73,,-19.12,15.03,-3.1,24.18
2025-10-01 00:00:00,12.06,5.67,14.49,-13.27,-24.66,119.83,7.93,13.13,24.85,8.87,15.27,267.27,7.51,13.02,,14.29,63.98,,-21.74,16.97,-3.46,24.79
2025-10-02 00:00:00,12.06,5.67,14.49,-13.27,-24.66,119.83,7.93,13.13,24.85,8.87,15.27,267.27,7.51,13.02,,14.29,63.98,,-21.74,16.97,-3.46,24.79
2025-10-03 00:00:00,12.06,5.67,14.49,-13.27,-24.66,119.83,7.93,13.13,24.85,8.87,15.27,267.27,7.51,13.02,,14.29,63.98,,-21.74,16.97,-3.46,24.79
2025-10-07 00:00:00,12.06,5.67,14.49,-13.27,-24.66,119.83,7.93,13.13,24.85,8.87,15.27,267.27,7.51,13.02,,14.29,63.98,,-21.74,16.97,-3.46,24.79
2025-10-08 00:00:00,12.06,5.67,14.49,-13.27,-24.66,119.83,7.93,13.13,24.85,8.87,15.27,267.27,7.51,13.02,,14.29,63.98,,-21.74,16.97,-3.46,24.79
2025-10-08 00:00:00,12.06,5.67,14.49,-13.27,-24.66,119.83,7.93,13.13,24.85,8.87,15.27,267.27,7.51,13.02,,14.29,63.98,,-21.74,16.97,-3.46,24.79
2025-10-09 00:00:00,12.06,5.67,14.49,-13.27,-24.66,119.83,7.93,13.13,24.85,8.87,15.27,267.27,7.51,13.02,,14.29,63.98,,-21.74,16.97,-3.46,24.79
2025-10-10 00:00:00,12.06,5.67,14.49,-13.27,-24.66,119.83,7.93,13.13,24.85,8.87,15.27,267.27,7.51,13.02,,14.29,63.98,,-21.74,16.97,-3.46,24.79
2025-10-13 00:00:00,12.06,5.67,14.49,-13.27,-24.66,119.83,7.93,13.13,24.85,8.87,15.27,267.27,7.51,13.02,,14.29,63.98,,-21.74,16.97,-3.46,24.79
2025-10-14 00:00:00,12.06,5.67,14.49,-13.27,-24.66,119.83,7.93,13.13,24.85,8.87,15.27,267.27,7.51,13.02,,14.29,63.98,,-21.74,16.97,-3.46,24.79
2025-10-15 00:00:00,12.06,5.67,14.49,-13.27,-24.66,119.83,7.93,13.13,24.85,8.87,15.27,267.27,7.51,13.02,,14.29,63.98,,-21.74,16.97,-3.46,24.79
2025-10-16 00:00:00,12.06,5.67,14.49,-13.27,-24.66,119.83,7.93,13.13,24.85,8.87,15.27,267.27,7.51,13.02,,14.29,63.98,,-21.74,16.97,-3.46,24.79
2025-10-17 00:00:00,12.06,5.67,14.49,-13.27,-24.66,119.83,7.93,13.13,24.85,8.87,15.27,267.27,7.51,13.02,,14.29,63.98,,-21.74,16.97,-3.46,24.79
2025-10-21 00:00:00,12.06,5.67,14.49,-13.27,-24.66,119.83,7.93,13.13,24.85,8.87,15.27,267.27,7.51,13.02,,14.29,63.98,,-21.74,16.97,-3.46,24.79
2025-10-22 00:00:00,12.06,5.67,14.49,-13.27,-24.66,119.83,7.93,13.13,24.85,8.87,15.27,267.27,7.51,13.02,,14.29,63.98,,-21.74,16.97,-3.46,24.79
2025-10-23 00:00:00,12.06,5.67,14.49,-13.27,-24.66,119.83,7.93,13.13,24.85,8.87,15.27,267.27,7.51,13.02,,14.29,63.98,,-21.74,16.97,-3.46,24.79
2025-10-24 00:00:00,12.06,5.67,14.49,-13.27,-24.66,119.83,7.93,13.13,24.85,8.87,15.27,267.27,7.51,13.02,,14.29,63.98,,-21.74,16.97,-3.46,24.79
2025-10-27 00:00:00,12.06,5.67,14.49,-13.27,-24.66,119.83,7.93,13.13,24.85,8.87,15.27,267.27,7.51,13.02,,14.29,63.98,,-21.74,16.97,-3.46,24.79
2025-10-28 00:00:00,12.06,5.67,14.49,-13.27,-24.66,119.83,7.93,13.13,24.85,8.87,15.27,267.27,7.51,13.02,,14.29,63.98,,-21.74,16.97,-3.46,24.79
2025-10-29 00:00:00,12.06,5.67,14.49,-13.27,-24.66,119.83,7.93,13.13,24.85,8.87,15.27,267.27,7.51,13.02,,14.29,63.98,,-21.74,16.97,-3.46,24.79
2025-10-30 00:00:00,12.06,5.67,14.49,-13.27,-24.66,119.83,7.93,13.13,24.85,8.87,15.27,267.27,7.51,13.02,,14.29,63.98,,-21.74,16.97,-3.46,24.79
2025-10-31 00:00:00,12.06,5.67,14.49,-13.27,-24.66,119.83,7.93,13.13,24.85,8.87,15.27,267.27,7.51,13.02,,14.29,63.98,,-21.74,16.97,-3.46,24.79
2025-11-03 00:00:00,12.06,5.67,14.49,-13.27,-24.66,119.83,7.93,13.13,24.85,8.87,15.27,267.27,7.51,13.02,,14.29,63.98,,-21.74,16.97,-3.46,24.79
2025-11-04 00:00:00,12.06,5.67,14.49,-13.27,-24.66,119.83,7.93,13.13,24.85,8.87,15.27,267.27,7.51,13.02,,14.29,63.98,,-21.74,16.97,-3.46,24.79
2025-11-06 00:00:00,12.06,5.67,14.49,-13.27,-24.66,119.83,7.93,13.13,24.85,8.87,15.27,267.27,7.51,13.02,,14.29,63.98,,-21.74,16.97,-3.46,24.79
2025-11-07 00:00:00,12.06,5.67,14.49,-13.27,-24.66,119.83,7.93,13.13,24.85,8.87,15.27,267.27,7.51,13.02,,14.29,63.98,,-21.74,16.97,-3.46,24.79
2025-11-10 00:00:00,12.06,5.67,14.49,-13.27,-24.66,119.83,7.93,13.13,24.85,8.87,15.27,267.27,7.51,13.02,,14.29,63.98,,-21.74,16.97,-3.46,24.79
2025-11-11 00:00:00,12.06,5.67,14.49,-13.27,-24.66,119.83,7.93,13.13,24.85,8.87,15.27,267.27,7.51,13.02,,14.29,63.98,,-21.74,16.97,-3.46,24.79
2025-11-12 00:00:00,12.06,5.67,14.49,-13.27,-24.66,119.83,7.93,13.13,24.85,8.87,15.27,267.27,7.51,13.02,,14.29,63.98,,-21.74,16.97,-3.46,24.79
2025-11-13 00:00:00,12.06,5.67,14.49,-13.27,-24.66,119.83,7.93,13.13,24.85,8.87,15.27,267.27,7.51,13.02,,14.29,63.98,,-21.74,16.97,-3.46,24.79
2025-11-14 00:00:00,12.06,5.67,14.49,-13.27,-24.66,119.83,7.93,13.13,24.85,8.87,15.27,267.27,7.51,13.02,,14.29,63.98,,-21.74,16.97,-3.46,24.79
2025-11-17 00:00:00,12.06,5.67,14.49,-13.27,-24.66,119.83,7.93,13.13,24.85,8.87,15.27,267.27,7.51,13.02,,14.29,63.98,,-21.74,16.97,-3.46,24.79
2025-11-18 00:00:00,12.06,5.67,14.49,-13.27,-24.66,119.83,7.93,13.13,24.85,8.87,15.27,267.27,7.51,13.02,,14.29,63.98,,-21.74,16.97,-3.46,24.79
2025-11-19 00:00:00,12.06,5.67,14.49,-13.27,-24.66,119.83,7.93,13.13,24.85,8.87,15.27,267.27,7.51,13.02,,14.29,63.98,,-21.74,16.97,-3.46,24.79
2025-11-20 00:00:00,12.06,5.67,14.49,-13.27,-24.66,119.83,7.93,13.13,24.85,8.87,15.27,267.27,7.51,13.02,,14.29,63.98,,-21.74,16.97,-3.46,24.79
2025-11-21 00:00:00,12.06,5.67,14.49,-13.27,-24.66,119.83,7.93,13.13,24.85,8.87,15.27,267.27,7.51,13.02,,14.29,63.98,,-21.74,16.97,-3.46,24.79
2025-11-24 00:00:00,12.06,5.67,14.49,-13.27,-24.66,119.83,7.93,13.13,24.85,8.87,15.27,267.27,7.51,13.02,,14.29,63.98,,-21.74,16.97,-3.46,24.79
2025-11-25 00:00:00,12.06,5.67,14.49,-13.27,-24.66,119.83,7.93,13.13,24.85,8.87,15.27,267.27,7.51,13.02,,14.29,63.98,,-21.74,16.97,-3.46,24.79
2025-11-26 00:00:00,12.06,5.66,14.43,-13.27,-24.66,118.98,7.91,13.13,24.85,8.89,15.27,267.27,7.44,12.97,,14.29,63.98,,-21.74,16.97,-3.46,24.79
2025-11-27 00:00:00,12.06,5.66,14.43,-13.27,-24.66,118.98,7.91,13.13,24.85,8.89,15.27,267.27,7.44,12.97,,14.29,63.98,,-21.74,16.97,-3.46,24.79
2025-11-28 00:00:00,12.06,5.66,22.31,-16.83,-24.53,112.07,7.82,13.13,23.49,11.5,13.91,267.27,7.41,12.95,,14.32,63.98,,-21.74,16.97,-3.46,24.79
2025-12-01 00:00:00,12.06,5.51,21.95,-16.47,-44.23,94.58,7.56,13.13,22.61,11.45,13.61,267.27,8.8,12.75,,14.29,52.23,,-21.74,16.97,-3.46,24.79
2025-12-02 00:00:00,12.06,5.51,21.95,-16.47,-44.23,94.58,7.56,13.13,22.61,11.45,13.61,267.27,8.8,12.75,,14.29,52.23,,-21.74,16.97,-3.46,24.79
2025-12-02 00:00:00,12.06,5.51,21.95,-16.47,-44.23,94.58,7.56,13.13,22.61,11.45,13.61,267.27,8.8,12.75,,14.29,52.23,,-21.74,16.97,-3.46,24.79
2025-12-03 00:00:00,12.06,5.51,21.95,-16.47,-44.23,94.58,7.56,13.13,22.61,11.45,13.61,267.27,8.8,12.75,,14.29,52.23,,-21.74,16.97,-3.46,24.79
2025-12-05 00:00:00,12.06,5.51,21.95,-16.47,-44.23,94.58,7.56,13.13,22.61,11.45,13.61,267.27,8.8,12.75,,14.29,52.23,,-21.74,16.97,-3.46,24.79
2025-12-08 00:00:00,12.06,5.51,21.91,-16.47,-44.23,87.22,7.51,13.13,22.61,11.47,13.61,267.27,8.8,12.76,,14.29,52.23,,-21.74,16.97,-3.46,24.79
2025-12-09 00:00:00,12.06,5.51,21.91,-16.47,-44.23,87.22,7.51,13.13,22.61,11.47,13.61,267.27,8.8,12.76,,14.29,52.23,,-21.74,16.97,-3.46,24.79
2025-12-10 00:00:00,12.06,5.51,21.91,-16.47,-44.23,87.22,7.51,13.13,22.61,11.47,13.61,267.27,8.8,12.76,,14.29,52.23,,-21.74,16.97,-3.46,24.79
2025-12-11 00:00:00,13.05,5.4,21.35,-16.47,-152.28,89.31,7.45,13.49,22.58,11.39,13.61,2076.81,8.89,12.81,,14.29,42.95,,-21.74,16.97,-3.46,27.2
2025-12-12 00:00:00,13.05,5.3,20.79,-16.95,-46.07,86.01,8.33,12.75,22.58,11.32,13.15,-115.02,8.83,12.81,,12.64,34.64,,-35.9,15.7,-3.57,27.13
2025-12-15 00:00:00,13.05,5.3,20.43,-16.95,-46.07,86.01,8.3,12.75,22.58,11.33,13.15,-115.02,8.37,12.8,,12.64,29.45,,-35.9,15.7,-3.57,27.13
2025-12-16 00:00:00,13.05,5.3,20.43,-16.95,-46.07,86.01,8.3,12.75,22.58,11.33,13.15,-115.02,8.37,12.8,,12.64,29.45,,-35.9,15.7,-3.57,27.13
2025-12-17 00:00:00,13.05,5.3,20.43,-16.95,-46.07,86.01,8.3,12.75,22.58,11.33,13.15,-115.02,8.37,12.8,,12.64,29.45,,-35.9,15.7,-3.57,27.13
2025-12-18 00:00:00,13.05,5.3,20.43,-16.95,-46.07,86.01,8.3,12.75,22.58,11.33,13.15,-115.02,8.37,12.8,,12.64,29.45,,-35.9,15.7,-3.57,27.13
2025-12-19 00:00:00,13.05,5.3,20.43,-16.95,-46.07,86.01,8.3,12.75,22.58,11.33,13.15,-115.02,8.37,12.8,,12.64,29.45,,-35.9,15.7,-3.57,27.13
2025-12-22 00:00:00,13.05,5.3,20.43,-16.95,-46.07,86.01,8.3,12.75,22.58,11.33,13.15,-115.02,8.37,12.8,,12.64,29.45,,-35.9,15.7,-3.57,27.13
2025-12-23 00:00:00,13.05,5.3,20.43,-16.95,-46.07,86.01,8.3,12.75,22.58,11.33,13.15,-115.02,8.37,12.8,,12.64,29.45,,-35.9,15.7,-3.57,27.13
2025-12-24 00:00:00,13.05,5.3,20.43,-16.95,-46.07,86.01,8.3,12.75,22.58,11.33,13.15,-115.02,8.37,12.8,,12.64,29.45,,-35.9,15.7,-3.57,27.13
2025-12-26 00:00:00,13.05,5.3,20.43,-16.95,-46.07,86.01,8.3,12.75,22.58,11.33,13.15,-115.02,8.37,12.8,,12.64,29.45,,-35.9,15.7,-3.57,27.13
2025-12-29 00:00:00,13.05,5.3,20.43,-16.95,-46.07,86.01,8.3,12.75,22.58,11.33,13.15,-115.02,8.37,12.8,,12.64,29.45,,-35.9,15.7,-3.57,27.13
2025-12-30 00:00:00,13.05,5.3,20.43,-16.95,-46.07,86.01,8.3,12.75,22.58,11.33,13.15,-115.02,8.37,12.8,,12.64,29.45,,-35.9,15.7,-3.57,27.13
2025-12-31 00:00:00,13.05,5.3,20.43,-16.95,-46.07,86.01,8.3,12.75,22.58,11.33,13.15,-115.02,8.37,12.8,,12.64,29.45,,-35.9,15.7,-3.57,27.13
