,SECURITY_DA,PRICE
-----------,----,-----------
1996-01-22 00:00:00,ABAN,53
1996-02-27 00:00:00,ABAN,52
1996-03-01 00:00:00,ABAN,0
1996-03-08 00:00:00,ABAN,50
1996-03-11 00:00:00,ABAN,52
1996-03-13 00:00:00,ABAN,50
1996-03-19 00:00:00,ABAN,0
1996-03-28 00:00:00,ABAN,0
1996-05-16 00:00:00,ABAN,0
1996-05-17 00:00:00,ABAN,0
1996-07-02 00:00:00,ABAN,40
1996-07-04 00:00:00,ABAN,40
1996-07-11 00:00:00,ABAN,0
1996-08-01 00:00:00,ABAN,38
1996-08-19 00:00:00,ABAN,36
1996-08-20 00:00:00,ABAN,36.25
1996-08-29 00:00:00,ABAN,37
1996-08-30 00:00:00,ABAN,35
1996-09-02 00:00:00,ABAN,0
1996-09-10 00:00:00,ABAN,0
1996-09-11 00:00:00,ABAN,0
SECURITY_DA,COMP,CLOSE_PRICE
-----------,----,-----------
1996-10-02 00:00:00,ABAN,45
1996-10-03 00:00:00,ABAN,45
1996-10-21 00:00:00,ABAN,0
1996-10-24 00:00:00,ABAN,43
1996-11-06 00:00:00,ABAN,40.75
1996-11-07 00:00:00,ABAN,39
1996-11-20 00:00:00,ABAN,0
1996-11-22 00:00:00,ABAN,0
1996-11-29 00:00:00,ABAN,0
1996-12-18 00:00:00,ABAN,0
1996-01-02 00:00:00,ACAP,9.25
1996-01-08 00:00:00,ACAP,8.75
1996-01-09 00:00:00,ACAP,8.5
1996-01-10 00:00:00,ACAP,8.5
1996-01-11 00:00:00,ACAP,8.5
1996-01-12 00:00:00,ACAP,8.5
1996-01-16 00:00:00,ACAP,8.5
1996-01-17 00:00:00,ACAP,8
1996-01-18 00:00:00,ACAP,8.25
1996-01-19 00:00:00,ACAP,8
1996-01-22 00:00:00,ACAP,8
SECURITY_DA,COMP,CLOSE_PRICE
-----------,----,-----------
1996-01-23 00:00:00,ACAP,7.75
1996-01-24 00:00:00,ACAP,7.75
1996-01-25 00:00:00,ACAP,7.75
1996-01-29 00:00:00,ACAP,8
1996-01-30 00:00:00,ACAP,8
1996-02-02 00:00:00,ACAP,8.5
1996-02-06 00:00:00,ACAP,8.5
1996-02-07 00:00:00,ACAP,8
1996-02-08 00:00:00,ACAP,8
1996-02-09 00:00:00,ACAP,8.5
1996-02-12 00:00:00,ACAP,8.75
1996-02-13 00:00:00,ACAP,8.5
1996-02-14 00:00:00,ACAP,8.5
1996-02-15 00:00:00,ACAP,8.5
1996-02-16 00:00:00,ACAP,8.5
1996-02-19 00:00:00,ACAP,8.5
1996-02-20 00:00:00,ACAP,8.5
1996-02-21 00:00:00,ACAP,9.25
1996-02-22 00:00:00,ACAP,8.75
1996-02-23 00:00:00,ACAP,8.5
1996-02-26 00:00:00,ACAP,8.5
SECURITY_DA,COMP,CLOSE_PRICE
-----------,----,-----------
1996-02-27 00:00:00,ACAP,8.5
1996-02-28 00:00:00,ACAP,8.75
1996-02-29 00:00:00,ACAP,8.75
1996-03-01 00:00:00,ACAP,9
1996-03-05 00:00:00,ACAP,9.25
1996-03-06 00:00:00,ACAP,9
1996-03-07 00:00:00,ACAP,9.25
1996-03-08 00:00:00,ACAP,10.25
1996-03-11 00:00:00,ACAP,10.5
1996-03-12 00:00:00,ACAP,9.5
1996-03-13 00:00:00,ACAP,9.75
1996-03-14 00:00:00,ACAP,9.75
1996-03-15 00:00:00,ACAP,9.75
1996-03-18 00:00:00,ACAP,9.75
1996-03-19 00:00:00,ACAP,9.75
1996-03-20 00:00:00,ACAP,9.5
1996-03-21 00:00:00,ACAP,9.5
1996-03-22 00:00:00,ACAP,9.5
1996-03-25 00:00:00,ACAP,9.5
1996-03-26 00:00:00,ACAP,9.5
1996-03-27 00:00:00,ACAP,9.5
SECURITY_DA,COMP,CLOSE_PRICE
-----------,----,-----------
1996-03-28 00:00:00,ACAP,9.5
1996-03-29 00:00:00,ACAP,9.5
1996-04-01 00:00:00,ACAP,9.5
1996-04-02 00:00:00,ACAP,9.5
1996-04-04 00:00:00,ACAP,9.5
1996-04-08 00:00:00,ACAP,9.5
1996-04-09 00:00:00,ACAP,9.5
1996-04-10 00:00:00,ACAP,9.75
1996-04-15 00:00:00,ACAP,10
1996-04-16 00:00:00,ACAP,9.75
1996-04-17 00:00:00,ACAP,9.75
1996-04-18 00:00:00,ACAP,9.75
1996-04-19 00:00:00,ACAP,9.5
1996-04-22 00:00:00,ACAP,9.5
1996-04-23 00:00:00,ACAP,9.5
1996-04-24 00:00:00,ACAP,9.5
1996-04-25 00:00:00,ACAP,9.5
1996-04-26 00:00:00,ACAP,9.5
1996-04-29 00:00:00,ACAP,9.5
1996-04-30 00:00:00,ACAP,9.75
1996-05-06 00:00:00,ACAP,9.75
SECURITY_DA,COMP,CLOSE_PRICE
-----------,----,-----------
1996-05-07 00:00:00,ACAP,9.5
1996-05-08 00:00:00,ACAP,9.5
1996-05-09 00:00:00,ACAP,9.75
1996-05-10 00:00:00,ACAP,9.25
1996-05-13 00:00:00,ACAP,9.5
1996-05-14 00:00:00,ACAP,9.75
1996-05-15 00:00:00,ACAP,9.5
1996-05-16 00:00:00,ACAP,9.5
1996-05-17 00:00:00,ACAP,9.75
1996-05-20 00:00:00,ACAP,9.75
1996-05-21 00:00:00,ACAP,10
1996-05-22 00:00:00,ACAP,9.75
1996-05-23 00:00:00,ACAP,9.75
1996-05-24 00:00:00,ACAP,9.5
1996-05-27 00:00:00,ACAP,9.25
1996-05-28 00:00:00,ACAP,9.25
1996-05-29 00:00:00,ACAP,9.25
1996-05-30 00:00:00,ACAP,9
1996-06-03 00:00:00,ACAP,9
1996-06-04 00:00:00,ACAP,9
1996-06-05 00:00:00,ACAP,9.25
SECURITY_DA,COMP,CLOSE_PRICE
-----------,----,-----------
1996-06-07 00:00:00,ACAP,8.5
1996-06-10 00:00:00,ACAP,8.5
1996-06-11 00:00:00,ACAP,8.5
1996-06-12 00:00:00,ACAP,8.5
1996-06-13 00:00:00,ACAP,8.5
1996-06-17 00:00:00,ACAP,8.5
1996-06-18 00:00:00,ACAP,8.5
1996-06-19 00:00:00,ACAP,8.25
1996-06-20 00:00:00,ACAP,8.25
1996-06-21 00:00:00,ACAP,8
1996-06-24 00:00:00,ACAP,8
1996-06-25 00:00:00,ACAP,8.25
1996-06-26 00:00:00,ACAP,8.25
1996-06-27 00:00:00,ACAP,8.25
1996-06-28 00:00:00,ACAP,8
1996-07-01 00:00:00,ACAP,8
1996-07-02 00:00:00,ACAP,8
1996-07-03 00:00:00,ACAP,8.25
1996-07-04 00:00:00,ACAP,8.25
1996-07-05 00:00:00,ACAP,8.25
1996-07-08 00:00:00,ACAP,8
SECURITY_DA,COMP,CLOSE_PRICE
-----------,----,-----------
1996-07-09 00:00:00,ACAP,7.5
1996-07-10 00:00:00,ACAP,7.5
1996-07-11 00:00:00,ACAP,7.5
1996-07-12 00:00:00,ACAP,7.5
1996-07-15 00:00:00,ACAP,7.5
1996-07-16 00:00:00,ACAP,7.25
1996-07-17 00:00:00,ACAP,7.5
1996-07-19 00:00:00,ACAP,7.5
1996-07-22 00:00:00,ACAP,7.5
1996-07-23 00:00:00,ACAP,7.25
1996-07-24 00:00:00,ACAP,8
1996-07-25 00:00:00,ACAP,8
1996-07-26 00:00:00,ACAP,8
1996-07-31 00:00:00,ACAP,7.75
1996-08-01 00:00:00,ACAP,7.5
1996-08-05 00:00:00,ACAP,8
1996-08-06 00:00:00,ACAP,8.5
1996-08-07 00:00:00,ACAP,8
1996-08-08 00:00:00,ACAP,8
1996-08-09 00:00:00,ACAP,8
1996-08-12 00:00:00,ACAP,8
SECURITY_DA,COMP,CLOSE_PRICE
-----------,----,-----------
1996-08-13 00:00:00,ACAP,8
1996-08-14 00:00:00,ACAP,8
1996-08-15 00:00:00,ACAP,8
1996-08-16 00:00:00,ACAP,7.75
1996-08-19 00:00:00,ACAP,7.75
1996-08-20 00:00:00,ACAP,8
1996-08-21 00:00:00,ACAP,7.75
1996-08-23 00:00:00,ACAP,7.75
1996-08-26 00:00:00,ACAP,7.5
1996-08-27 00:00:00,ACAP,7.5
1996-08-29 00:00:00,ACAP,7.75
1996-08-30 00:00:00,ACAP,7.75
1996-09-02 00:00:00,ACAP,7.75
1996-09-03 00:00:00,ACAP,7.75
1996-09-04 00:00:00,ACAP,7.5
1996-09-05 00:00:00,ACAP,7.5
1996-09-06 00:00:00,ACAP,7.5
1996-09-09 00:00:00,ACAP,7.5
1996-09-10 00:00:00,ACAP,7.5
1996-09-11 00:00:00,ACAP,7.75
1996-09-12 00:00:00,ACAP,7.75
SECURITY_DA,COMP,CLOSE_PRICE
-----------,----,-----------
1996-09-13 00:00:00,ACAP,7.5
1996-09-16 00:00:00,ACAP,7
1996-09-17 00:00:00,ACAP,7
1996-09-18 00:00:00,ACAP,7
1996-09-19 00:00:00,ACAP,7
1996-09-20 00:00:00,ACAP,6.75
1996-09-24 00:00:00,ACAP,6.75
1996-09-25 00:00:00,ACAP,7
1996-09-27 00:00:00,ACAP,7
1996-09-30 00:00:00,ACAP,7.5
1996-10-01 00:00:00,ACAP,7.75
1996-10-02 00:00:00,ACAP,7.75
1996-10-03 00:00:00,ACAP,7.5
1996-10-04 00:00:00,ACAP,7.75
1996-10-07 00:00:00,ACAP,7.75
1996-10-08 00:00:00,ACAP,7.75
1996-10-09 00:00:00,ACAP,7.75
1996-10-10 00:00:00,ACAP,7.5
1996-10-11 00:00:00,ACAP,7.5
1996-10-14 00:00:00,ACAP,7.75
1996-10-15 00:00:00,ACAP,7.75
SECURITY_DA,COMP,CLOSE_PRICE
-----------,----,-----------
1996-10-16 00:00:00,ACAP,7.75
1996-10-17 00:00:00,ACAP,7.75
1996-10-18 00:00:00,ACAP,7.5
1996-10-21 00:00:00,ACAP,7.5
1996-10-23 00:00:00,ACAP,7
1996-10-24 00:00:00,ACAP,7
1996-10-25 00:00:00,ACAP,7.25
1996-10-28 00:00:00,ACAP,7
1996-10-30 00:00:00,ACAP,7.25
1996-10-31 00:00:00,ACAP,7.25
1996-11-01 00:00:00,ACAP,7.5
1996-11-04 00:00:00,ACAP,7.5
1996-11-05 00:00:00,ACAP,7.5
1996-11-06 00:00:00,ACAP,7.5
1996-11-07 00:00:00,ACAP,7.75
1996-11-08 00:00:00,ACAP,7.75
1996-11-11 00:00:00,ACAP,7.5
1996-11-12 00:00:00,ACAP,9
1996-11-13 00:00:00,ACAP,9.25
1996-11-14 00:00:00,ACAP,9
1996-11-15 00:00:00,ACAP,9
SECURITY_DA,COMP,CLOSE_PRICE
-----------,----,-----------
1996-11-18 00:00:00,ACAP,9
1996-11-19 00:00:00,ACAP,8.5
1996-11-20 00:00:00,ACAP,7.5
1996-11-21 00:00:00,ACAP,8.25
1996-11-22 00:00:00,ACAP,7.75
1996-11-25 00:00:00,ACAP,7.75
1996-11-26 00:00:00,ACAP,7.75
1996-11-27 00:00:00,ACAP,7.75
1996-11-28 00:00:00,ACAP,7.75
1996-11-29 00:00:00,ACAP,7.75
1996-12-02 00:00:00,ACAP,7.75
1996-12-03 00:00:00,ACAP,7.75
1996-12-04 00:00:00,ACAP,7.5
1996-12-05 00:00:00,ACAP,7.25
1996-12-06 00:00:00,ACAP,7.25
1996-12-09 00:00:00,ACAP,7.25
1996-12-10 00:00:00,ACAP,7.25
1996-12-11 00:00:00,ACAP,7.25
1996-12-12 00:00:00,ACAP,7.25
1996-12-13 00:00:00,ACAP,7.25
1996-12-16 00:00:00,ACAP,0
SECURITY_DA,COMP,CLOSE_PRICE
-----------,----,-----------
1996-12-17 00:00:00,ACAP,7.25
1996-12-18 00:00:00,ACAP,7.5
1996-12-19 00:00:00,ACAP,7.5
1996-12-20 00:00:00,ACAP,7.5
1996-12-27 00:00:00,ACAP,7.5
1996-12-31 00:00:00,ACAP,7.75
1996-01-03 00:00:00,ACL,73
1996-01-12 00:00:00,ACL,72
1996-01-19 00:00:00,ACL,72
1996-01-26 00:00:00,ACL,68.25
1996-01-30 00:00:00,ACL,68
1996-02-02 00:00:00,ACL,64.5
1996-02-06 00:00:00,ACL,64.5
1996-02-07 00:00:00,ACL,64.5
1996-02-16 00:00:00,ACL,65
1996-03-05 00:00:00,ACL,60
1996-03-19 00:00:00,ACL,65
1996-03-20 00:00:00,ACL,65.5
1996-03-22 00:00:00,ACL,65
1996-03-26 00:00:00,ACL,64.75
1996-03-28 00:00:00,ACL,65
SECURITY_DA,COMP,CLOSE_PRICE
-----------,----,-----------
1996-03-29 00:00:00,ACL,62
1996-04-16 00:00:00,ACL,60
1996-04-30 00:00:00,ACL,57
1996-05-06 00:00:00,ACL,57
1996-05-24 00:00:00,ACL,62.5
1996-06-13 00:00:00,ACL,58
1996-07-15 00:00:00,ACL,55
1996-09-06 00:00:00,ACL,55
1996-09-11 00:00:00,ACL,54
1996-09-19 00:00:00,ACL,53
1996-09-20 00:00:00,ACL,53
1996-09-25 00:00:00,ACL,53.25
1996-10-04 00:00:00,ACL,55
1996-10-17 00:00:00,ACL,60
1996-10-21 00:00:00,ACL,68
1996-10-22 00:00:00,ACL,68.5
1996-10-24 00:00:00,ACL,66
1996-10-25 00:00:00,ACL,65
1996-11-04 00:00:00,ACL,64.75
1996-11-08 00:00:00,ACL,65
1996-11-11 00:00:00,ACL,65
SECURITY_DA,COMP,CLOSE_PRICE
-----------,----,-----------
1996-11-13 00:00:00,ACL,65
1996-11-14 00:00:00,ACL,65
1996-11-19 00:00:00,ACL,65
1996-11-22 00:00:00,ACL,0
1996-11-27 00:00:00,ACL,62
1996-11-28 00:00:00,ACL,65
1996-11-29 00:00:00,ACL,65
1996-12-02 00:00:00,ACL,65
1996-12-03 00:00:00,ACL,65
1996-12-05 00:00:00,ACL,65
1996-12-19 00:00:00,ACL,65
1996-12-30 00:00:00,ACL,65
1996-12-31 00:00:00,ACL,65
1996-01-04 00:00:00,ACME,11.75
1996-01-09 00:00:00,ACME,11.75
1996-01-11 00:00:00,ACME,11.5
1996-01-17 00:00:00,ACME,11.5
1996-01-31 00:00:00,ACME,11
1996-02-14 00:00:00,ACME,11
1996-02-15 00:00:00,ACME,10
1996-02-16 00:00:00,ACME,10
SECURITY_DA,COMP,CLOSE_PRICE
-----------,----,-----------
1996-02-19 00:00:00,ACME,10
1996-03-01 00:00:00,ACME,9.5
1996-03-05 00:00:00,ACME,8.5
1996-03-06 00:00:00,ACME,8.5
1996-03-12 00:00:00,ACME,8.5
1996-03-13 00:00:00,ACME,8.5
1996-03-15 00:00:00,ACME,9
1996-03-18 00:00:00,ACME,8.75
1996-03-19 00:00:00,ACME,10
1996-03-25 00:00:00,ACME,9.75
1996-03-27 00:00:00,ACME,9.75
1996-03-28 00:00:00,ACME,10
1996-04-02 00:00:00,ACME,10.5
1996-04-17 00:00:00,ACME,9
1996-04-18 00:00:00,ACME,8
1996-04-19 00:00:00,ACME,8.5
1996-04-22 00:00:00,ACME,9
1996-04-23 00:00:00,ACME,8.75
1996-04-25 00:00:00,ACME,8.5
1996-04-26 00:00:00,ACME,8.5
1996-04-29 00:00:00,ACME,9
SECURITY_DA,COMP,CLOSE_PRICE
-----------,----,-----------
1996-04-30 00:00:00,ACME,8.75
1996-05-07 00:00:00,ACME,8.5
1996-05-13 00:00:00,ACME,8.75
1996-05-14 00:00:00,ACME,8.25
1996-05-15 00:00:00,ACME,8
1996-05-16 00:00:00,ACME,8
1996-05-17 00:00:00,ACME,7.5
1996-05-21 00:00:00,ACME,7.75
1996-05-22 00:00:00,ACME,7.5
1996-05-24 00:00:00,ACME,7.5
1996-06-07 00:00:00,ACME,7
1996-06-10 00:00:00,ACME,7
1996-06-11 00:00:00,ACME,7
1996-06-12 00:00:00,ACME,0
1996-06-19 00:00:00,ACME,7
1996-07-09 00:00:00,ACME,6
1996-07-10 00:00:00,ACME,5.5
1996-07-12 00:00:00,ACME,5.75
1996-07-16 00:00:00,ACME,5.75
1996-07-17 00:00:00,ACME,5
1996-07-19 00:00:00,ACME,5.5
SECURITY_DA,COMP,CLOSE_PRICE
-----------,----,-----------
1996-07-25 00:00:00,ACME,5.5
1996-07-26 00:00:00,ACME,5.5
1996-07-31 00:00:00,ACME,5.5
1996-08-06 00:00:00,ACME,5.5
1996-08-07 00:00:00,ACME,6
1996-08-08 00:00:00,ACME,0
1996-08-09 00:00:00,ACME,6.25
1996-08-12 00:00:00,ACME,6
1996-08-15 00:00:00,ACME,0
1996-08-16 00:00:00,ACME,6.5
1996-08-19 00:00:00,ACME,7
1996-08-20 00:00:00,ACME,7
1996-08-22 00:00:00,ACME,8.75
1996-08-23 00:00:00,ACME,7.5
1996-08-27 00:00:00,ACME,7
1996-09-03 00:00:00,ACME,7
1996-09-04 00:00:00,ACME,7.75
1996-09-05 00:00:00,ACME,0
1996-09-16 00:00:00,ACME,8
1996-09-18 00:00:00,ACME,8
1996-09-19 00:00:00,ACME,8.25
SECURITY_DA,COMP,CLOSE_PRICE
-----------,----,-----------
1996-09-20 00:00:00,ACME,8.5
1996-09-24 00:00:00,ACME,9
1996-09-25 00:00:00,ACME,9
1996-09-27 00:00:00,ACME,9
1996-10-01 00:00:00,ACME,9
1996-10-02 00:00:00,ACME,9
1996-10-03 00:00:00,ACME,9
1996-10-08 00:00:00,ACME,8
1996-10-09 00:00:00,ACME,8.25
1996-10-11 00:00:00,ACME,8.25
1996-10-15 00:00:00,ACME,8.5
1996-10-17 00:00:00,ACME,9
1996-10-18 00:00:00,ACME,9
1996-10-23 00:00:00,ACME,8.75
1996-10-25 00:00:00,ACME,8.5
1996-10-28 00:00:00,ACME,8.5
1996-10-29 00:00:00,ACME,8.5
1996-10-31 00:00:00,ACME,9
1996-11-06 00:00:00,ACME,9.5
1996-11-12 00:00:00,ACME,9.25
1996-11-14 00:00:00,ACME,8.75
SECURITY_DA,COMP,CLOSE_PRICE
-----------,----,-----------
1996-11-15 00:00:00,ACME,8.75
1996-11-22 00:00:00,ACME,8.25
1996-12-03 00:00:00,ACME,8.5
1996-12-06 00:00:00,ACME,8.5
1996-12-09 00:00:00,ACME,8.5
1996-12-10 00:00:00,ACME,8.25
1996-12-11 00:00:00,ACME,8.75
1996-12-12 00:00:00,ACME,8.75
1996-12-17 00:00:00,ACME,8.25
1996-12-18 00:00:00,ACME,8.25
1996-12-19 00:00:00,ACME,0
1996-12-23 00:00:00,ACME,9
1996-01-17 00:00:00,AEC,0
1996-01-22 00:00:00,AEC,42.75
1996-01-24 00:00:00,AEC,40
1996-02-12 00:00:00,AEC,0
1996-02-14 00:00:00,AEC,0
1996-03-27 00:00:00,AEC,0
1996-04-04 00:00:00,AEC,38
1996-04-08 00:00:00,AEC,0
1996-04-10 00:00:00,AEC,0
SECURITY_DA,COMP,CLOSE_PRICE
-----------,----,-----------
1996-05-09 00:00:00,AEC,38
1996-05-10 00:00:00,AEC,0
1996-05-15 00:00:00,AEC,36
1996-06-27 00:00:00,AEC,27.25
1996-07-01 00:00:00,AEC,26
1996-07-02 00:00:00,AEC,25
1996-07-03 00:00:00,AEC,24.75
1996-07-05 00:00:00,AEC,24.25
1996-07-08 00:00:00,AEC,23.25
1996-07-12 00:00:00,AEC,27
1996-08-26 00:00:00,AEC,24.75
1996-08-30 00:00:00,AEC,0
1996-09-09 00:00:00,AEC,24.75
1996-10-02 00:00:00,AEC,0
1996-10-09 00:00:00,AEC,24
1996-10-29 00:00:00,AEC,24
1996-10-30 00:00:00,AEC,24
1996-11-08 00:00:00,AEC,26
1996-11-15 00:00:00,AEC,26
1996-11-22 00:00:00,AEC,25
1996-11-26 00:00:00,AEC,24
SECURITY_DA,COMP,CLOSE_PRICE
-----------,----,-----------
1996-12-04 00:00:00,AEC,24.5
1996-12-06 00:00:00,AEC,24
1996-12-23 00:00:00,AEC,30.5
1996-03-28 00:00:00,AGAL,12
1996-05-06 00:00:00,AGAL,12.75
1996-05-17 00:00:00,AGAL,13.75
1996-05-20 00:00:00,AGAL,14.75
1996-05-22 00:00:00,AGAL,15.75
1996-05-28 00:00:00,AGAL,16
1996-06-04 00:00:00,AGAL,15.5
1996-06-28 00:00:00,AGAL,19.5
1996-07-04 00:00:00,AGAL,20
1996-07-05 00:00:00,AGAL,20
1996-07-08 00:00:00,AGAL,20
1996-07-10 00:00:00,AGAL,20
1996-08-26 00:00:00,AGAL,20
1996-08-27 00:00:00,AGAL,19.5
1996-09-12 00:00:00,AGAL,20.5
1996-09-13 00:00:00,AGAL,21.75
1996-09-18 00:00:00,AGAL,22
1996-09-19 00:00:00,AGAL,23.25
SECURITY_DA,COMP,CLOSE_PRICE
-----------,----,-----------
1996-09-24 00:00:00,AGAL,22
1996-09-25 00:00:00,AGAL,22
1996-10-30 00:00:00,AGAL,23
1996-10-31 00:00:00,AGAL,25
1996-11-01 00:00:00,AGAL,27.5
1996-11-05 00:00:00,AGAL,33.25
1996-11-13 00:00:00,AGAL,27
1996-11-22 00:00:00,AGAL,27
1996-12-06 00:00:00,AGAL,27
1996-12-10 00:00:00,AGAL,26
1996-12-27 00:00:00,AHCL,26
1996-01-08 00:00:00,AHOT,14
1996-01-09 00:00:00,AHOT,14.25
1996-01-11 00:00:00,AHOT,14
1996-01-12 00:00:00,AHOT,14.25
1996-01-16 00:00:00,AHOT,14
1996-01-17 00:00:00,AHOT,14
1996-01-18 00:00:00,AHOT,14
1996-01-23 00:00:00,AHOT,13.75
1996-01-24 00:00:00,AHOT,13.5
1996-01-25 00:00:00,AHOT,13
1996-01-26 00:00:00,AHOT,13.75
1996-01-29 00:00:00,AHOT,13.75
1996-01-30 00:00:00,AHOT,13.75
1996-01-31 00:00:00,AHOT,13.75
1996-02-06 00:00:00,AHOT,12
1996-02-07 00:00:00,AHOT,12
1996-02-08 00:00:00,AHOT,11
1996-02-09 00:00:00,AHOT,11
1996-02-12 00:00:00,AHOT,11.25
1996-02-13 00:00:00,AHOT,11
1996-02-14 00:00:00,AHOT,11
1996-02-15 00:00:00,AHOT,11
1996-02-19 00:00:00,AHOT,11
1996-02-21 00:00:00,AHOT,10
1996-02-26 00:00:00,AHOT,10.5
1996-02-27 00:00:00,AHOT,10.25
1996-02-28 00:00:00,AHOT,10.75
1996-02-29 00:00:00,AHOT,10.75
1996-03-01 00:00:00,AHOT,10.75
1996-03-05 00:00:00,AHOT,10.75
1996-03-08 00:00:00,AHOT,10.75
1996-03-11 00:00:00,AHOT,10.75
1996-03-12 00:00:00,AHOT,11
1996-03-13 00:00:00,AHOT,10.5
1996-03-14 00:00:00,AHOT,10.75
1996-03-15 00:00:00,AHOT,10.75
1996-03-19 00:00:00,AHOT,10.5
1996-03-21 00:00:00,AHOT,10.5
1996-03-22 00:00:00,AHOT,11
1996-03-25 00:00:00,AHOT,10.5
1996-03-27 00:00:00,AHOT,10
1996-04-01 00:00:00,AHOT,10.5
1996-04-02 00:00:00,AHOT,10.5
1996-04-09 00:00:00,AHOT,10.5
1996-04-16 00:00:00,AHOT,10
1996-04-17 00:00:00,AHOT,10
1996-04-18 00:00:00,AHOT,9.5
1996-04-19 00:00:00,AHOT,9.25
1996-04-22 00:00:00,AHOT,9.5
1996-04-23 00:00:00,AHOT,9.25
1996-04-24 00:00:00,AHOT,0
1996-04-25 00:00:00,AHOT,0
1996-04-26 00:00:00,AHOT,9.25
1996-04-30 00:00:00,AHOT,9.5
1996-05-07 00:00:00,AHOT,9.5
1996-05-10 00:00:00,AHOT,9.5
1996-05-13 00:00:00,AHOT,9.75
1996-05-14 00:00:00,AHOT,9.75
1996-05-15 00:00:00,AHOT,9.75
1996-05-16 00:00:00,AHOT,0
1996-05-17 00:00:00,AHOT,9.75
1996-05-20 00:00:00,AHOT,9.75
1996-05-24 00:00:00,AHOT,9.5
1996-05-27 00:00:00,AHOT,9.5
1996-05-29 00:00:00,AHOT,9.5
1996-05-30 00:00:00,AHOT,0
1996-06-04 00:00:00,AHOT,9
1996-06-12 00:00:00,AHOT,8.5
1996-06-19 00:00:00,AHOT,8.25
1996-06-25 00:00:00,AHOT,8
1996-07-08 00:00:00,AHOT,7.5
1996-07-09 00:00:00,AHOT,7.5
1996-07-17 00:00:00,AHOT,8
1996-07-18 00:00:00,AHOT,7.5
1996-07-19 00:00:00,AHOT,7.5
1996-07-24 00:00:00,AHOT,7
1996-07-25 00:00:00,AHOT,7.5
1996-07-26 00:00:00,AHOT,7.5
1996-07-31 00:00:00,AHOT,7.5
1996-08-05 00:00:00,AHOT,8
1996-08-07 00:00:00,AHOT,8
1996-08-09 00:00:00,AHOT,8.25
1996-08-16 00:00:00,AHOT,8.25
1996-08-27 00:00:00,AHOT,8.25
1996-09-02 00:00:00,AHOT,8
1996-09-03 00:00:00,AHOT,8
1996-09-04 00:00:00,AHOT,0
1996-09-05 00:00:00,AHOT,8
1996-09-10 00:00:00,AHOT,7.5
1996-09-11 00:00:00,AHOT,8
1996-09-12 00:00:00,AHOT,8
1996-09-16 00:00:00,AHOT,8
1996-09-19 00:00:00,AHOT,8
1996-09-20 00:00:00,AHOT,9.5
1996-09-23 00:00:00,AHOT,9.5
1996-09-24 00:00:00,AHOT,9.5
1996-09-27 00:00:00,AHOT,9
1996-09-30 00:00:00,AHOT,9
1996-10-02 00:00:00,AHOT,9
1996-10-03 00:00:00,AHOT,9
1996-10-09 00:00:00,AHOT,9.25
1996-10-10 00:00:00,AHOT,9.5
1996-10-11 00:00:00,AHOT,9.75
1996-10-14 00:00:00,AHOT,9.5
1996-10-15 00:00:00,AHOT,10
1996-10-21 00:00:00,AHOT,10.25
1996-10-22 00:00:00,AHOT,10
1996-10-23 00:00:00,AHOT,10
1996-10-24 00:00:00,AHOT,9.75
1996-10-30 00:00:00,AHOT,9.75
1996-10-31 00:00:00,AHOT,10
1996-11-01 00:00:00,AHOT,10.25
1996-11-04 00:00:00,AHOT,10.5
1996-11-05 00:00:00,AHOT,10.5
1996-11-06 00:00:00,AHOT,10.5
1996-11-07 00:00:00,AHOT,10.5
1996-11-11 00:00:00,AHOT,10.5
1996-11-12 00:00:00,AHOT,10.5
1996-11-13 00:00:00,AHOT,10.5
1996-11-14 00:00:00,AHOT,10.5
1996-11-15 00:00:00,AHOT,10.5
1996-11-18 00:00:00,AHOT,10.5
1996-11-19 00:00:00,AHOT,10.25
1996-11-21 00:00:00,AHOT,10.25
1996-11-22 00:00:00,AHOT,10.25
1996-11-25 00:00:00,AHOT,10.25
1996-11-27 00:00:00,AHOT,10.5
1996-11-28 00:00:00,AHOT,10
1996-12-03 00:00:00,AHOT,10
1996-12-09 00:00:00,AHOT,10
1996-12-11 00:00:00,AHOT,9.25
1996-12-16 00:00:00,AHOT,9.75
1996-12-17 00:00:00,AHOT,9.25
1996-12-19 00:00:00,AHOT,10
1996-12-20 00:00:00,AHOT,10
1996-12-31 00:00:00,AHOT,10
1996-01-04 00:00:00,AHUN,42
1996-01-11 00:00:00,AHUN,43
1996-01-16 00:00:00,AHUN,43
1996-01-17 00:00:00,AHUN,45
1996-01-19 00:00:00,AHUN,44
1996-01-22 00:00:00,AHUN,43
1996-01-23 00:00:00,AHUN,43
1996-01-24 00:00:00,AHUN,42
1996-01-25 00:00:00,AHUN,41
1996-01-26 00:00:00,AHUN,40
1996-02-06 00:00:00,AHUN,38
1996-02-09 00:00:00,AHUN,36
1996-02-12 00:00:00,AHUN,0
1996-02-13 00:00:00,AHUN,35
1996-02-14 00:00:00,AHUN,34
1996-02-19 00:00:00,AHUN,32.5
1996-02-20 00:00:00,AHUN,32.5
1996-02-21 00:00:00,AHUN,0
1996-02-22 00:00:00,AHUN,32
1996-02-23 00:00:00,AHUN,32
1996-02-26 00:00:00,AHUN,32
1996-02-27 00:00:00,AHUN,32.5
1996-03-01 00:00:00,AHUN,32.5
1996-03-06 00:00:00,AHUN,0
1996-03-12 00:00:00,AHUN,33.25
1996-03-13 00:00:00,AHUN,34
1996-03-15 00:00:00,AHUN,0
1996-03-19 00:00:00,AHUN,34
1996-03-22 00:00:00,AHUN,0
1996-03-29 00:00:00,AHUN,35
1996-04-04 00:00:00,AHUN,35
1996-04-09 00:00:00,AHUN,35
1996-04-16 00:00:00,AHUN,36
1996-04-22 00:00:00,AHUN,0
1996-04-24 00:00:00,AHUN,0
1996-04-25 00:00:00,AHUN,36
1996-04-30 00:00:00,AHUN,37.25
1996-05-07 00:00:00,AHUN,37
1996-05-09 00:00:00,AHUN,0
1996-05-14 00:00:00,AHUN,0
1996-05-21 00:00:00,AHUN,0
1996-05-22 00:00:00,AHUN,37.25
1996-05-24 00:00:00,AHUN,37.25
1996-05-27 00:00:00,AHUN,37.25
1996-05-30 00:00:00,AHUN,37.25
1996-06-05 00:00:00,AHUN,36
1996-06-12 00:00:00,AHUN,36.5
1996-06-13 00:00:00,AHUN,36
1996-06-17 00:00:00,AHUN,35
1996-06-18 00:00:00,AHUN,33.5
1996-06-19 00:00:00,AHUN,31.75
1996-06-21 00:00:00,AHUN,31
1996-06-24 00:00:00,AHUN,29
1996-06-25 00:00:00,AHUN,27.5
1996-06-26 00:00:00,AHUN,0
1996-06-28 00:00:00,AHUN,27
1996-07-02 00:00:00,AHUN,0
1996-07-09 00:00:00,AHUN,27.5
1996-07-11 00:00:00,AHUN,28.25
1996-07-17 00:00:00,AHUN,27
1996-07-19 00:00:00,AHUN,0
1996-07-31 00:00:00,AHUN,0
1996-08-09 00:00:00,AHUN,28
1996-08-16 00:00:00,AHUN,0
1996-08-20 00:00:00,AHUN,0
1996-08-29 00:00:00,AHUN,0
1996-09-02 00:00:00,AHUN,28.5
1996-09-03 00:00:00,AHUN,28.5
1996-09-04 00:00:00,AHUN,0
1996-09-11 00:00:00,AHUN,30
1996-09-17 00:00:00,AHUN,30
1996-09-18 00:00:00,AHUN,30
1996-09-20 00:00:00,AHUN,30
1996-09-30 00:00:00,AHUN,31
1996-10-02 00:00:00,AHUN,31
1996-10-03 00:00:00,AHUN,32
1996-10-04 00:00:00,AHUN,32
1996-10-11 00:00:00,AHUN,32
1996-10-14 00:00:00,AHUN,32
1996-10-15 00:00:00,AHUN,32
1996-10-16 00:00:00,AHUN,0
1996-10-17 00:00:00,AHUN,32
1996-10-18 00:00:00,AHUN,32
1996-10-21 00:00:00,AHUN,32
SECURITY_DA,COMP,CLOSE_PRICE
-----------,----,-----------
1996-10-22 00:00:00,AHUN,32
1996-10-29 00:00:00,AHUN,31
1996-10-31 00:00:00,AHUN,30.5
1996-11-04 00:00:00,AHUN,32
1996-11-07 00:00:00,AHUN,0
1996-11-12 00:00:00,AHUN,33
1996-11-14 00:00:00,AHUN,33
1996-11-15 00:00:00,AHUN,34
1996-11-25 00:00:00,AHUN,0
1996-12-03 00:00:00,AHUN,0
1996-12-05 00:00:00,AHUN,34
1996-12-06 00:00:00,AHUN,33.25
1996-12-11 00:00:00,AHUN,32.25
1996-12-17 00:00:00,AHUN,34
1996-12-18 00:00:00,AHUN,34
1996-01-18 00:00:00,ALLI,48.5
1996-01-19 00:00:00,ALLI,48
1996-01-22 00:00:00,ALLI,48
1996-01-23 00:00:00,ALLI,48
1996-01-26 00:00:00,ALLI,48.25
1996-02-06 00:00:00,ALLI,49
SECURITY_DA,COMP,CLOSE_PRICE
-----------,----,-----------
1996-02-08 00:00:00,ALLI,46.5
1996-02-09 00:00:00,ALLI,44.25
1996-02-12 00:00:00,ALLI,42.25
1996-02-26 00:00:00,ALLI,42.5
1996-02-27 00:00:00,ALLI,43.25
1996-03-11 00:00:00,ALLI,44.5
1996-03-21 00:00:00,ALLI,44.5
1996-03-29 00:00:00,ALLI,46
1996-04-02 00:00:00,ALLI,50
1996-04-09 00:00:00,ALLI,50
1996-04-10 00:00:00,ALLI,51
1996-04-15 00:00:00,ALLI,52
1996-04-18 00:00:00,ALLI,51
1996-04-23 00:00:00,ALLI,54.5
1996-05-13 00:00:00,ALLI,55
1996-05-17 00:00:00,ALLI,57.75
1996-05-22 00:00:00,ALLI,58.5
1996-07-16 00:00:00,ALLI,55.5
1996-07-18 00:00:00,ALLI,55
1996-07-19 00:00:00,ALLI,55
1996-07-23 00:00:00,ALLI,54
SECURITY_DA,COMP,CLOSE_PRICE
-----------,----,-----------
1996-08-06 00:00:00,ALLI,52
1996-08-19 00:00:00,ALLI,0
1996-08-27 00:00:00,ALLI,49.5
1996-08-29 00:00:00,ALLI,49.5
1996-08-30 00:00:00,ALLI,49.5
1996-09-09 00:00:00,ALLI,49
1996-09-11 00:00:00,ALLI,49
1996-09-18 00:00:00,ALLI,49
1996-09-19 00:00:00,ALLI,47
1996-09-25 00:00:00,ALLI,47
1996-10-03 00:00:00,ALLI,47
1996-10-04 00:00:00,ALLI,47
1996-10-07 00:00:00,ALLI,0
1996-10-10 00:00:00,ALLI,0
1996-10-25 00:00:00,ALLI,49.5
1996-11-01 00:00:00,ALLI,51
1996-11-22 00:00:00,ALLI,50
1996-12-18 00:00:00,ALLI,0
1996-01-02 00:00:00,ALUF,10
1996-01-04 00:00:00,ALUF,10
1996-01-09 00:00:00,ALUF,10
SECURITY_DA,COMP,CLOSE_PRICE
-----------,----,-----------
1996-01-19 00:00:00,ALUF,10
1996-01-22 00:00:00,ALUF,10.25
1996-01-25 00:00:00,ALUF,11
1996-01-26 00:00:00,ALUF,12
1996-02-12 00:00:00,ALUF,11
1996-04-22 00:00:00,ALUF,11
1996-04-23 00:00:00,ALUF,11
1996-05-06 00:00:00,ALUF,11
1996-05-08 00:00:00,ALUF,11
1996-07-03 00:00:00,ALUF,11.25
1996-11-22 00:00:00,ALUF,11.25
1996-01-09 00:00:00,AMW,44
1996-01-10 00:00:00,AMW,44
1996-01-19 00:00:00,AMW,44
1996-01-22 00:00:00,AMW,0
1996-01-25 00:00:00,AMW,0
1996-01-26 00:00:00,AMW,44
1996-01-30 00:00:00,AMW,42
1996-02-06 00:00:00,AMW,0
1996-02-09 00:00:00,AMW,0
1996-02-12 00:00:00,AMW,44
SECURITY_DA,COMP,CLOSE_PRICE
-----------,----,-----------
1996-02-22 00:00:00,AMW,44.75
1996-02-29 00:00:00,AMW,45
1996-03-01 00:00:00,AMW,45
1996-03-12 00:00:00,AMW,45
1996-03-15 00:00:00,AMW,44.25
1996-03-19 00:00:00,AMW,44
1996-03-20 00:00:00,AMW,44.25
1996-03-22 00:00:00,AMW,44
1996-03-29 00:00:00,AMW,0
1996-04-04 00:00:00,AMW,42
1996-04-08 00:00:00,AMW,41.75
1996-04-09 00:00:00,AMW,42
1996-04-23 00:00:00,AMW,0
1996-05-07 00:00:00,AMW,42.25
1996-05-09 00:00:00,AMW,0
1996-05-10 00:00:00,AMW,44
1996-05-16 00:00:00,AMW,42
1996-05-17 00:00:00,AMW,42.5
1996-05-21 00:00:00,AMW,42.5
1996-06-07 00:00:00,AMW,0
1996-06-11 00:00:00,AMW,0
SECURITY_DA,COMP,CLOSE_PRICE
-----------,----,-----------
1996-06-12 00:00:00,AMW,40.25
1996-06-17 00:00:00,AMW,41
1996-06-18 00:00:00,AMW,0
1996-06-25 00:00:00,AMW,0
1996-06-26 00:00:00,AMW,0
1996-07-01 00:00:00,AMW,0
1996-07-02 00:00:00,AMW,41
1996-07-08 00:00:00,AMW,0
1996-07-10 00:00:00,AMW,39
1996-07-12 00:00:00,AMW,39
1996-07-18 00:00:00,AMW,34
1996-07-19 00:00:00,AMW,32.5
1996-08-02 00:00:00,AMW,30.75
1996-08-27 00:00:00,AMW,30
1996-08-29 00:00:00,AMW,34.75
1996-09-05 00:00:00,AMW,0
1996-09-06 00:00:00,AMW,34
1996-09-13 00:00:00,AMW,32.75
1996-09-19 00:00:00,AMW,32
1996-09-24 00:00:00,AMW,32
1996-10-02 00:00:00,AMW,0
SECURITY_DA,COMP,CLOSE_PRICE
-----------,----,-----------
1996-10-04 00:00:00,AMW,0
1996-10-07 00:00:00,AMW,0
1996-10-10 00:00:00,AMW,0
1996-10-11 00:00:00,AMW,31.75
1996-10-18 00:00:00,AMW,31.5
1996-10-22 00:00:00,AMW,31.5
1996-10-28 00:00:00,AMW,30
1996-11-06 00:00:00,AMW,30
1996-11-20 00:00:00,AMW,0
1996-11-22 00:00:00,AMW,0
1996-11-26 00:00:00,AMW,29
1996-11-27 00:00:00,AMW,29
1996-12-02 00:00:00,AMW,28
1996-12-04 00:00:00,AMW,27.5
1996-12-10 00:00:00,AMW,27
1996-12-11 00:00:00,AMW,27
1996-12-13 00:00:00,AMW,27
1996-12-31 00:00:00,AMW,0
1996-01-10 00:00:00,APDL,9
1996-01-12 00:00:00,APDL,8.5
1996-01-16 00:00:00,APDL,8.5
SECURITY_DA,COMP,CLOSE_PRICE
-----------,----,-----------
1996-01-17 00:00:00,APDL,8.5
1996-02-28 00:00:00,APDL,8.5
1996-02-29 00:00:00,APDL,8.5
1996-03-05 00:00:00,APDL,8
1996-03-06 00:00:00,APDL,0
1996-03-08 00:00:00,APDL,8.5
1996-06-19 00:00:00,APDL,8
1996-06-20 00:00:00,APDL,8
1996-07-10 00:00:00,APDL,8
1996-07-11 00:00:00,APDL,8
1996-07-17 00:00:00,APDL,8
1996-08-07 00:00:00,APDL,8.75
1996-08-08 00:00:00,APDL,9
1996-08-29 00:00:00,APDL,9.25
1996-09-03 00:00:00,APDL,10
1996-09-04 00:00:00,APDL,10.5
1996-09-05 00:00:00,APDL,10.5
1996-09-06 00:00:00,APDL,10.5
1996-09-09 00:00:00,APDL,10.5
1996-09-10 00:00:00,APDL,0
1996-09-12 00:00:00,APDL,10.75
SECURITY_DA,COMP,CLOSE_PRICE
-----------,----,-----------
1996-09-13 00:00:00,APDL,0
1996-09-16 00:00:00,APDL,10.5
1996-09-25 00:00:00,APDL,11
1996-10-02 00:00:00,APDL,11
1996-10-03 00:00:00,APDL,11
1996-10-04 00:00:00,APDL,11
1996-10-07 00:00:00,APDL,0
1996-10-08 00:00:00,APDL,11
1996-10-09 00:00:00,APDL,11
1996-10-10 00:00:00,APDL,11
1996-10-11 00:00:00,APDL,8.5
1996-10-17 00:00:00,APDL,8.5
1996-10-25 00:00:00,APDL,8.5
1996-10-31 00:00:00,APDL,8.5
1996-11-01 00:00:00,APDL,8.5
1996-11-22 00:00:00,APDL,8.75
1996-11-25 00:00:00,APDL,9
1996-12-23 00:00:00,APDL,9
1996-01-03 00:00:00,APLA,36
1996-01-09 00:00:00,APLA,35
1996-01-31 00:00:00,APLA,35
SECURITY_DA,COMP,CLOSE_PRICE
-----------,----,-----------
1996-02-16 00:00:00,APLA,35
1996-04-10 00:00:00,APLA,34
1996-10-11 00:00:00,APLA,35
1996-10-15 00:00:00,APLA,34
1996-10-17 00:00:00,APLA,35
1996-10-22 00:00:00,APLA,35
1996-10-31 00:00:00,APLA,33.75
1996-11-01 00:00:00,APLA,34
1996-11-04 00:00:00,APLA,34.5
1996-11-07 00:00:00,APLA,37
1996-11-11 00:00:00,APLA,35
1996-11-12 00:00:00,APLA,35
1996-11-19 00:00:00,APLA,35
1996-11-20 00:00:00,APLA,35
1996-11-22 00:00:00,APLA,34
1996-11-25 00:00:00,APLA,34
1996-11-28 00:00:00,APLA,34.5
1996-12-04 00:00:00,APLA,35
1996-12-09 00:00:00,APLA,34
1996-12-10 00:00:00,APLA,35
1996-12-13 00:00:00,APLA,35
SECURITY_DA,COMP,CLOSE_PRICE
-----------,----,-----------
1996-12-17 00:00:00,APLA,35
1996-12-19 00:00:00,APLA,36.75
1996-12-31 00:00:00,APLA,35
1996-01-19 00:00:00,ARPI,80
1996-02-26 00:00:00,ARPI,76
1996-04-02 00:00:00,ARPI,74
1996-04-17 00:00:00,ARPI,74
1996-04-18 00:00:00,ARPI,74
1996-04-19 00:00:00,ARPI,74
1996-04-22 00:00:00,ARPI,74
1996-04-23 00:00:00,ARPI,74
1996-04-26 00:00:00,ARPI,0
1996-05-08 00:00:00,ARPI,0
1996-05-13 00:00:00,ARPI,0
1996-05-14 00:00:00,ARPI,74
1996-05-22 00:00:00,ARPI,0
1996-05-24 00:00:00,ARPI,77.75
1996-05-28 00:00:00,ARPI,81.75
1996-06-14 00:00:00,ARPI,0
1996-07-03 00:00:00,ARPI,86
1996-07-04 00:00:00,ARPI,90.5
SECURITY_DA,COMP,CLOSE_PRICE
-----------,----,-----------
1996-07-05 00:00:00,ARPI,92
1996-07-15 00:00:00,ARPI,94.5
1996-07-23 00:00:00,ARPI,90
1996-07-25 00:00:00,ARPI,90
1996-08-02 00:00:00,ARPI,85.5
1996-08-06 00:00:00,ARPI,85.5
1996-08-07 00:00:00,ARPI,85
1996-08-12 00:00:00,ARPI,85
1996-08-16 00:00:00,ARPI,0
1996-08-22 00:00:00,ARPI,85
1996-08-23 00:00:00,ARPI,86
1996-09-19 00:00:00,ARPI,86
1996-09-27 00:00:00,ARPI,83
1996-10-08 00:00:00,ARPI,75
1996-10-09 00:00:00,ARPI,75
1996-10-10 00:00:00,ARPI,80
1996-10-15 00:00:00,ARPI,82
1996-10-24 00:00:00,ARPI,87
1996-11-13 00:00:00,ARPI,85
1996-11-22 00:00:00,ARPI,0
1996-01-02 00:00:00,ASCO,6
SECURITY_DA,COMP,CLOSE_PRICE
-----------,----,-----------
1996-01-03 00:00:00,ASCO,5.5
1996-01-09 00:00:00,ASCO,6
1996-01-10 00:00:00,ASCO,6
1996-01-22 00:00:00,ASCO,5.75
1996-01-23 00:00:00,ASCO,6
1996-01-24 00:00:00,ASCO,6
1996-01-25 00:00:00,ASCO,6
1996-01-26 00:00:00,ASCO,6.25
1996-01-29 00:00:00,ASCO,6
1996-01-30 00:00:00,ASCO,0
1996-02-28 00:00:00,ASCO,5
1996-03-07 00:00:00,ASCO,5
1996-03-08 00:00:00,ASCO,5
1996-03-11 00:00:00,ASCO,5
1996-03-12 00:00:00,ASCO,4.75
1996-03-13 00:00:00,ASCO,5
1996-03-14 00:00:00,ASCO,5
1996-03-15 00:00:00,ASCO,5
1996-03-22 00:00:00,ASCO,5
1996-03-28 00:00:00,ASCO,5
1996-04-04 00:00:00,ASCO,5
SECURITY_DA,COMP,CLOSE_PRICE
-----------,----,-----------
1996-04-19 00:00:00,ASCO,5
1996-04-22 00:00:00,ASCO,5
1996-04-25 00:00:00,ASCO,5
1996-04-29 00:00:00,ASCO,5
1996-05-07 00:00:00,ASCO,5.25
1996-05-09 00:00:00,ASCO,0
1996-05-13 00:00:00,ASCO,5
1996-05-14 00:00:00,ASCO,5.5
1996-05-15 00:00:00,ASCO,5.25
1996-05-16 00:00:00,ASCO,0
1996-05-17 00:00:00,ASCO,0
1996-05-21 00:00:00,ASCO,5.5
1996-05-28 00:00:00,ASCO,5.25
1996-06-10 00:00:00,ASCO,5
1996-06-11 00:00:00,ASCO,5.5
1996-06-12 00:00:00,ASCO,5.5
1996-06-13 00:00:00,ASCO,5.5
1996-06-14 00:00:00,ASCO,5.5
1996-06-17 00:00:00,ASCO,5.5
1996-06-18 00:00:00,ASCO,5.5
1996-06-21 00:00:00,ASCO,5.5
SECURITY_DA,COMP,CLOSE_PRICE
-----------,----,-----------
1996-06-27 00:00:00,ASCO,5.5
1996-06-28 00:00:00,ASCO,0
1996-07-03 00:00:00,ASCO,0
1996-07-10 00:00:00,ASCO,5.25
1996-07-11 00:00:00,ASCO,5.5
1996-07-12 00:00:00,ASCO,5.5
1996-07-15 00:00:00,ASCO,5.25
1996-07-16 00:00:00,ASCO,5.5
1996-07-17 00:00:00,ASCO,5.5
1996-07-25 00:00:00,ASCO,5.75
1996-07-26 00:00:00,ASCO,5.5
1996-08-01 00:00:00,ASCO,5.5
1996-08-12 00:00:00,ASCO,5.25
1996-08-13 00:00:00,ASCO,5.5
1996-08-19 00:00:00,ASCO,5.5
1996-08-20 00:00:00,ASCO,5.5
1996-08-21 00:00:00,ASCO,5.5
1996-08-30 00:00:00,ASCO,5.5
1996-09-02 00:00:00,ASCO,0
1996-09-11 00:00:00,ASCO,5.75
1996-09-12 00:00:00,ASCO,5.75
SECURITY_DA,COMP,CLOSE_PRICE
-----------,----,-----------
1996-09-16 00:00:00,ASCO,5.75
1996-09-20 00:00:00,ASCO,0
1996-09-23 00:00:00,ASCO,5.75
1996-09-30 00:00:00,ASCO,5.75
1996-10-04 00:00:00,ASCO,5.75
1996-10-07 00:00:00,ASCO,0
1996-10-11 00:00:00,ASCO,5.75
1996-10-14 00:00:00,ASCO,5.75
1996-10-21 00:00:00,ASCO,5.75
1996-10-23 00:00:00,ASCO,5.75
1996-10-29 00:00:00,ASCO,5.75
1996-11-14 00:00:00,ASCO,5.75
1996-11-19 00:00:00,ASCO,5.75
1996-11-21 00:00:00,ASCO,0
1996-11-22 00:00:00,ASCO,0
1996-11-26 00:00:00,ASCO,5.75
1996-11-27 00:00:00,ASCO,5.75
1996-11-28 00:00:00,ASCO,5.75
1996-11-29 00:00:00,ASCO,5.75
1996-12-03 00:00:00,ASCO,5.75
1996-12-04 00:00:00,ASCO,5.75
SECURITY_DA,COMP,CLOSE_PRICE
-----------,----,-----------
1996-12-06 00:00:00,ASCO,5.75
1996-12-09 00:00:00,ASCO,5.75
1996-12-10 00:00:00,ASCO,5.75
1996-01-02 00:00:00,ASHL,35.5
1996-01-03 00:00:00,ASHL,34
1996-05-06 00:00:00,ASHL,35
1996-06-28 00:00:00,ASHL,31
1996-07-05 00:00:00,ASHL,0
1996-07-22 00:00:00,ASHL,29
1996-10-08 00:00:00,ASHL,29
1996-10-14 00:00:00,ASHL,29
1996-10-24 00:00:00,ASHL,27.75
1996-11-01 00:00:00,ASHL,27
1996-11-22 00:00:00,ASHL,27.5
1996-11-26 00:00:00,ASHL,27.5
1996-11-28 00:00:00,ASHL,28
1996-12-16 00:00:00,ASHL,27
1996-01-19 00:00:00,ASHO,60.25
1996-03-01 00:00:00,ASHO,63
1996-03-08 00:00:00,ASHO,61
1996-03-14 00:00:00,ASHO,60
1996-03-15 00:00:00,ASHO,0
1996-03-22 00:00:00,ASHO,59
1996-04-04 00:00:00,ASHO,60
1996-04-09 00:00:00,ASHO,57.5
1996-04-18 00:00:00,ASHO,58
1996-04-23 00:00:00,ASHO,59.25
1996-04-25 00:00:00,ASHO,59
1996-04-29 00:00:00,ASHO,60
1996-06-05 00:00:00,ASHO,60
1996-06-12 00:00:00,ASHO,60
1996-06-13 00:00:00,ASHO,60
1996-07-04 00:00:00,ASHO,60
1996-07-24 00:00:00,ASHO,54
1996-07-25 00:00:00,ASHO,54
1996-09-09 00:00:00,ASHO,53
1996-09-10 00:00:00,ASHO,53
1996-09-12 00:00:00,ASHO,53.25
1996-09-18 00:00:00,ASHO,53
1996-11-22 00:00:00,ASHO,53
1996-01-03 00:00:00,ASIR,29
1996-01-08 00:00:00,ASIR,29
1996-01-09 00:00:00,ASIR,28.5
1996-01-11 00:00:00,ASIR,28.75
1996-01-16 00:00:00,ASIR,30
1996-01-18 00:00:00,ASIR,29
1996-01-19 00:00:00,ASIR,29
1996-01-22 00:00:00,ASIR,29
1996-01-23 00:00:00,ASIR,29
1996-01-24 00:00:00,ASIR,29
1996-01-25 00:00:00,ASIR,29
1996-01-26 00:00:00,ASIR,29
1996-02-02 00:00:00,ASIR,28.5
1996-02-06 00:00:00,ASIR,28.5
1996-02-07 00:00:00,ASIR,28.5
1996-02-08 00:00:00,ASIR,28.75
1996-02-09 00:00:00,ASIR,28.5
1996-02-12 00:00:00,ASIR,28.5
1996-02-13 00:00:00,ASIR,28.5
1996-02-14 00:00:00,ASIR,28.5
1996-02-15 00:00:00,ASIR,28.75
1996-02-16 00:00:00,ASIR,29
1996-02-19 00:00:00,ASIR,28.75
1996-02-20 00:00:00,ASIR,28
1996-02-21 00:00:00,ASIR,28
1996-02-22 00:00:00,ASIR,28
1996-02-23 00:00:00,ASIR,27.75
1996-02-26 00:00:00,ASIR,27
1996-02-29 00:00:00,ASIR,27.75
1996-03-01 00:00:00,ASIR,28
1996-03-05 00:00:00,ASIR,28.25
1996-03-06 00:00:00,ASIR,28.25
1996-03-07 00:00:00,ASIR,28.5
1996-03-11 00:00:00,ASIR,29
1996-03-12 00:00:00,ASIR,28.5
1996-03-13 00:00:00,ASIR,28.5
1996-03-14 00:00:00,ASIR,28.5
1996-03-15 00:00:00,ASIR,29.5
1996-03-18 00:00:00,ASIR,28.5
1996-03-19 00:00:00,ASIR,28.5
1996-03-20 00:00:00,ASIR,28
1996-03-21 00:00:00,ASIR,27.5
1996-03-26 00:00:00,ASIR,28.25
1996-03-27 00:00:00,ASIR,27.5
1996-03-28 00:00:00,ASIR,27.5
1996-03-29 00:00:00,ASIR,28
1996-04-04 00:00:00,ASIR,28.5
1996-04-08 00:00:00,ASIR,28.5
1996-04-09 00:00:00,ASIR,28.5
1996-04-10 00:00:00,ASIR,27
1996-04-15 00:00:00,ASIR,28
1996-04-16 00:00:00,ASIR,27
1996-04-17 00:00:00,ASIR,28
1996-04-18 00:00:00,ASIR,28
1996-04-22 00:00:00,ASIR,28
1996-04-23 00:00:00,ASIR,27
1996-04-24 00:00:00,ASIR,27
1996-04-26 00:00:00,ASIR,27
1996-05-07 00:00:00,ASIR,27
1996-05-08 00:00:00,ASIR,28
1996-05-09 00:00:00,ASIR,28
1996-05-10 00:00:00,ASIR,28
1996-05-13 00:00:00,ASIR,28
1996-05-14 00:00:00,ASIR,28
1996-05-15 00:00:00,ASIR,28
1996-05-24 00:00:00,ASIR,28.25
1996-05-27 00:00:00,ASIR,28
1996-05-28 00:00:00,ASIR,28.25
1996-05-29 00:00:00,ASIR,28
1996-05-30 00:00:00,ASIR,28
1996-06-05 00:00:00,ASIR,28
1996-06-07 00:00:00,ASIR,28
1996-06-18 00:00:00,ASIR,28
1996-06-19 00:00:00,ASIR,27
1996-06-21 00:00:00,ASIR,27
1996-06-24 00:00:00,ASIR,26
1996-06-27 00:00:00,ASIR,26.25
1996-07-03 00:00:00,ASIR,26
1996-07-05 00:00:00,ASIR,26
1996-07-08 00:00:00,ASIR,26
1996-07-11 00:00:00,ASIR,25.75
1996-07-12 00:00:00,ASIR,26
1996-07-15 00:00:00,ASIR,26
1996-07-16 00:00:00,ASIR,26
1996-07-17 00:00:00,ASIR,26
1996-07-18 00:00:00,ASIR,26
1996-07-19 00:00:00,ASIR,26
1996-07-22 00:00:00,ASIR,25.5
1996-07-23 00:00:00,ASIR,25.5
1996-07-25 00:00:00,ASIR,25.25
1996-07-31 00:00:00,ASIR,25
1996-08-01 00:00:00,ASIR,25
1996-08-02 00:00:00,ASIR,25
1996-08-08 00:00:00,ASIR,26
1996-08-09 00:00:00,ASIR,26
1996-08-13 00:00:00,ASIR,25.25
1996-08-15 00:00:00,ASIR,25.25
1996-08-22 00:00:00,ASIR,25.25
1996-08-23 00:00:00,ASIR,26
1996-08-26 00:00:00,ASIR,26
1996-08-27 00:00:00,ASIR,26
1996-08-29 00:00:00,ASIR,26
1996-08-30 00:00:00,ASIR,26
1996-09-02 00:00:00,ASIR,26
1996-09-04 00:00:00,ASIR,26
1996-09-05 00:00:00,ASIR,25.5
1996-09-11 00:00:00,ASIR,25.5
1996-09-12 00:00:00,ASIR,25.5
1996-09-13 00:00:00,ASIR,25.75
1996-09-16 00:00:00,ASIR,25.75
1996-09-17 00:00:00,ASIR,26
1996-09-19 00:00:00,ASIR,26
1996-09-30 00:00:00,ASIR,26
1996-10-01 00:00:00,ASIR,26.25
1996-10-07 00:00:00,ASIR,26
1996-10-16 00:00:00,ASIR,26
1996-10-18 00:00:00,ASIR,27
1996-10-22 00:00:00,ASIR,28
1996-10-23 00:00:00,ASIR,28.5
1996-10-28 00:00:00,ASIR,28
1996-10-29 00:00:00,ASIR,28
1996-10-30 00:00:00,ASIR,27
1996-10-31 00:00:00,ASIR,28
1996-11-07 00:00:00,ASIR,28.25
1996-11-15 00:00:00,ASIR,28.25
1996-11-20 00:00:00,ASIR,28.5
1996-11-22 00:00:00,ASIR,28.75
1996-11-27 00:00:00,ASIR,28.25
1996-11-28 00:00:00,ASIR,28.25
1996-11-29 00:00:00,ASIR,28.25
1996-12-05 00:00:00,ASIR,28.5
1996-12-06 00:00:00,ASIR,28.5
1996-12-09 00:00:00,ASIR,28.5
1996-12-10 00:00:00,ASIR,28.5
1996-12-12 00:00:00,ASIR,28.5
1996-12-13 00:00:00,ASIR,28.5
1996-12-18 00:00:00,ASIR,28.5
1996-12-20 00:00:00,ASIR,29
1996-12-23 00:00:00,ASIR,29
1996-12-30 00:00:00,ASIR,29
1996-01-08 00:00:00,ASPH,49
1996-02-08 00:00:00,ASPH,46.5
1996-07-04 00:00:00,ASPH,43.25
1996-07-10 00:00:00,ASPH,0
1996-07-11 00:00:00,ASPH,43.5
1996-11-04 00:00:00,ASPH,40
1996-12-02 00:00:00,ASPH,50.25
1996-12-10 00:00:00,ASPH,51
1996-12-12 00:00:00,ASPH,51
SECURITY_DA,COMP,CLOSE_PRICE
-----------,----,-----------
1996-01-02 00:00:00,AUTO,200
1996-01-04 00:00:00,AUTO,200
1996-01-02 00:00:00,BATA,27.5
1996-01-03 00:00:00,BATA,27.5
1996-01-04 00:00:00,BATA,27
1996-01-10 00:00:00,BATA,27.5
1996-01-12 00:00:00,BATA,0
1996-01-16 00:00:00,BATA,27
1996-01-17 00:00:00,BATA,27
1996-01-23 00:00:00,BATA,27
1996-01-24 00:00:00,BATA,26
1996-01-25 00:00:00,BATA,0
1996-01-30 00:00:00,BATA,26
1996-01-31 00:00:00,BATA,0
1996-02-08 00:00:00,BATA,25.5
1996-02-09 00:00:00,BATA,25
1996-02-12 00:00:00,BATA,0
1996-02-13 00:00:00,BATA,25.5
1996-02-23 00:00:00,BATA,26
1996-02-26 00:00:00,BATA,25.25
1996-02-27 00:00:00,BATA,25.25
SECURITY_DA,COMP,CLOSE_PRICE
-----------,----,-----------
1996-03-01 00:00:00,BATA,26.5
1996-03-06 00:00:00,BATA,28
1996-03-07 00:00:00,BATA,29.5
1996-03-08 00:00:00,BATA,29.5
1996-03-11 00:00:00,BATA,30
1996-03-12 00:00:00,BATA,29.25
1996-03-14 00:00:00,BATA,0
1996-03-19 00:00:00,BATA,29.25
1996-03-20 00:00:00,BATA,29
1996-03-21 00:00:00,BATA,28
1996-03-25 00:00:00,BATA,28
1996-03-26 00:00:00,BATA,28
1996-03-27 00:00:00,BATA,27
1996-03-28 00:00:00,BATA,26.5
1996-04-04 00:00:00,BATA,27.25
1996-04-08 00:00:00,BATA,28.5
1996-04-09 00:00:00,BATA,28.25
1996-04-10 00:00:00,BATA,27.75
1996-04-15 00:00:00,BATA,27.5
1996-04-16 00:00:00,BATA,27.25
1996-04-17 00:00:00,BATA,27.25
SECURITY_DA,COMP,CLOSE_PRICE
-----------,----,-----------
1996-04-18 00:00:00,BATA,27
1996-04-19 00:00:00,BATA,27
1996-04-25 00:00:00,BATA,0
1996-04-26 00:00:00,BATA,25.5
1996-04-29 00:00:00,BATA,26
1996-04-30 00:00:00,BATA,25.5
1996-05-06 00:00:00,BATA,25
1996-05-09 00:00:00,BATA,26.25
1996-05-17 00:00:00,BATA,26
1996-05-21 00:00:00,BATA,26
1996-05-23 00:00:00,BATA,26
1996-05-24 00:00:00,BATA,26
1996-06-05 00:00:00,BATA,24.5
1996-06-06 00:00:00,BATA,24.5
1996-06-11 00:00:00,BATA,24.5
1996-06-12 00:00:00,BATA,24.25
1996-06-13 00:00:00,BATA,24.75
1996-06-18 00:00:00,BATA,24.5
1996-06-19 00:00:00,BATA,24.5
1996-06-20 00:00:00,BATA,24.75
1996-06-21 00:00:00,BATA,24.5
SECURITY_DA,COMP,CLOSE_PRICE
-----------,----,-----------
1996-06-24 00:00:00,BATA,24.5
1996-06-25 00:00:00,BATA,24.5
1996-06-28 00:00:00,BATA,24
1996-07-03 00:00:00,BATA,22.5
1996-07-04 00:00:00,BATA,22.5
1996-07-05 00:00:00,BATA,0
1996-07-09 00:00:00,BATA,23
1996-07-10 00:00:00,BATA,24
1996-07-11 00:00:00,BATA,24
1996-07-12 00:00:00,BATA,23.5
1996-07-16 00:00:00,BATA,23
1996-07-18 00:00:00,BATA,22.5
1996-07-19 00:00:00,BATA,22.5
1996-07-25 00:00:00,BATA,22.75
1996-07-26 00:00:00,BATA,22.5
1996-07-31 00:00:00,BATA,22.75
1996-08-01 00:00:00,BATA,23
1996-08-02 00:00:00,BATA,22.5
1996-09-03 00:00:00,BATA,22.5
1996-09-04 00:00:00,BATA,21.5
1996-09-05 00:00:00,BATA,21
SECURITY_DA,COMP,CLOSE_PRICE
-----------,----,-----------
1996-09-11 00:00:00,BATA,21
1996-09-13 00:00:00,BATA,0
1996-09-16 00:00:00,BATA,21
1996-09-23 00:00:00,BATA,22
1996-09-25 00:00:00,BATA,22
1996-09-27 00:00:00,BATA,22.25
1996-10-02 00:00:00,BATA,23
1996-10-04 00:00:00,BATA,23
1996-10-10 00:00:00,BATA,0
1996-10-14 00:00:00,BATA,23
1996-10-16 00:00:00,BATA,0
1996-10-17 00:00:00,BATA,23
1996-10-18 00:00:00,BATA,23
1996-10-21 00:00:00,BATA,23
1996-10-23 00:00:00,BATA,23
1996-11-01 00:00:00,BATA,23
1996-11-11 00:00:00,BATA,24
1996-11-14 00:00:00,BATA,0
1996-11-15 00:00:00,BATA,24
1996-11-18 00:00:00,BATA,0
1996-11-19 00:00:00,BATA,0
SECURITY_DA,COMP,CLOSE_PRICE
-----------,----,-----------
1996-11-21 00:00:00,BATA,24
1996-11-22 00:00:00,BATA,24
1996-11-29 00:00:00,BATA,22.75
1996-12-03 00:00:00,BATA,0
1996-12-05 00:00:00,BATA,22
1996-12-12 00:00:00,BATA,22
1996-12-23 00:00:00,BATA,0
1996-12-31 00:00:00,BATA,22
1996-01-03 00:00:00,BBH,13.5
1996-01-04 00:00:00,BBH,13.5
1996-01-08 00:00:00,BBH,13.5
1996-01-30 00:00:00,BBH,13.5
1996-02-07 00:00:00,BBH,13.25
1996-02-08 00:00:00,BBH,13.5
1996-02-13 00:00:00,BBH,13.5
1996-03-01 00:00:00,BBH,13.25
1996-03-18 00:00:00,BBH,12
1996-06-04 00:00:00,BBH,0
1996-08-26 00:00:00,BBH,11
1996-09-05 00:00:00,BBH,10
1996-09-11 00:00:00,BBH,0
SECURITY_DA,COMP,CLOSE_PRICE
-----------,----,-----------
1996-09-12 00:00:00,BBH,10.5
1996-09-23 00:00:00,BBH,11
1996-09-24 00:00:00,BBH,10.5
1996-10-17 00:00:00,BBH,11
1996-10-21 00:00:00,BBH,10.5
1996-10-23 00:00:00,BBH,10.5
1996-10-25 00:00:00,BBH,10.5
1996-11-22 00:00:00,BBH,10.5
1996-11-27 00:00:00,BBH,10
1996-11-28 00:00:00,BBH,9.5
1996-12-03 00:00:00,BBH,10
1996-12-16 00:00:00,BBH,10.5
1996-12-17 00:00:00,BBH,10.5
1996-12-20 00:00:00,BBH,10
1996-01-02 00:00:00,BFL,20.25
1996-01-03 00:00:00,BFL,21
1996-01-04 00:00:00,BFL,21.5
1996-01-08 00:00:00,BFL,20.75
1996-01-09 00:00:00,BFL,20.5
1996-01-10 00:00:00,BFL,20
1996-01-11 00:00:00,BFL,20
SECURITY_DA,COMP,CLOSE_PRICE
-----------,----,-----------
1996-01-12 00:00:00,BFL,20.5
1996-01-16 00:00:00,BFL,20.25
1996-01-17 00:00:00,BFL,20.5
1996-01-18 00:00:00,BFL,20.5
1996-01-19 00:00:00,BFL,20.75
1996-01-22 00:00:00,BFL,21
1996-01-23 00:00:00,BFL,20
1996-01-24 00:00:00,BFL,20
1996-01-25 00:00:00,BFL,19.5
1996-01-26 00:00:00,BFL,19
1996-01-29 00:00:00,BFL,19
1996-01-30 00:00:00,BFL,19.75
1996-01-31 00:00:00,BFL,19.75
1996-02-06 00:00:00,BFL,19
1996-02-07 00:00:00,BFL,19.25
1996-02-08 00:00:00,BFL,20.5
1996-02-09 00:00:00,BFL,20
1996-02-12 00:00:00,BFL,20
1996-02-13 00:00:00,BFL,20
1996-02-14 00:00:00,BFL,20
1996-02-15 00:00:00,BFL,20
SECURITY_DA,COMP,CLOSE_PRICE
-----------,----,-----------
1996-02-16 00:00:00,BFL,20.75
1996-02-19 00:00:00,BFL,20.5
1996-02-20 00:00:00,BFL,20.5
1996-02-21 00:00:00,BFL,20.5
1996-02-22 00:00:00,BFL,20.25
1996-02-23 00:00:00,BFL,20.75
1996-02-26 00:00:00,BFL,20.25
1996-02-27 00:00:00,BFL,20.75
1996-02-28 00:00:00,BFL,20.5
1996-02-29 00:00:00,BFL,20.5
1996-03-01 00:00:00,BFL,21.25
1996-03-05 00:00:00,BFL,21.25
1996-03-06 00:00:00,BFL,21
1996-03-07 00:00:00,BFL,21.5
1996-03-08 00:00:00,BFL,21.5
1996-03-11 00:00:00,BFL,21.25
1996-03-12 00:00:00,BFL,20.75
1996-03-13 00:00:00,BFL,20.25
1996-03-14 00:00:00,BFL,20.5
1996-03-15 00:00:00,BFL,20.5
1996-03-18 00:00:00,BFL,20.25
SECURITY_DA,COMP,CLOSE_PRICE
-----------,----,-----------
1996-03-19 00:00:00,BFL,20.25
1996-03-20 00:00:00,BFL,20
1996-03-27 00:00:00,BFL,19
1996-03-28 00:00:00,BFL,19.25
1996-03-29 00:00:00,BFL,19.5
1996-04-01 00:00:00,BFL,19
1996-04-02 00:00:00,BFL,19.5
1996-04-04 00:00:00,BFL,19.25
1996-04-08 00:00:00,BFL,19.25
1996-04-09 00:00:00,BFL,19.25
1996-04-10 00:00:00,BFL,19.25
1996-04-15 00:00:00,BFL,19.25
1996-04-16 00:00:00,BFL,19.25
1996-04-17 00:00:00,BFL,19
1996-04-18 00:00:00,BFL,18.5
1996-04-19 00:00:00,BFL,18
1996-04-22 00:00:00,BFL,18.25
1996-04-23 00:00:00,BFL,18.25
1996-04-24 00:00:00,BFL,18
1996-04-25 00:00:00,BFL,18
1996-04-26 00:00:00,BFL,17.75
SECURITY_DA,COMP,CLOSE_PRICE
-----------,----,-----------
1996-04-30 00:00:00,BFL,17.75
1996-05-07 00:00:00,BFL,17.75
1996-05-08 00:00:00,BFL,17.5
1996-05-09 00:00:00,BFL,17.5
1996-05-10 00:00:00,BFL,18
1996-05-13 00:00:00,BFL,18
1996-05-14 00:00:00,BFL,18
1996-05-15 00:00:00,BFL,18
1996-05-16 00:00:00,BFL,18.25
1996-05-17 00:00:00,BFL,18
1996-05-20 00:00:00,BFL,18.75
1996-05-21 00:00:00,BFL,18
1996-05-24 00:00:00,BFL,17.75
1996-05-28 00:00:00,BFL,17.5
1996-05-29 00:00:00,BFL,17.5
1996-05-30 00:00:00,BFL,17.5
1996-06-03 00:00:00,BFL,17
1996-06-04 00:00:00,BFL,17.25
1996-06-05 00:00:00,BFL,16.75
1996-06-06 00:00:00,BFL,15.75
1996-06-07 00:00:00,BFL,16
SECURITY_DA,COMP,CLOSE_PRICE
-----------,----,-----------
1996-06-10 00:00:00,BFL,15
1996-06-11 00:00:00,BFL,15
1996-06-12 00:00:00,BFL,14
1996-06-13 00:00:00,BFL,14
1996-06-17 00:00:00,BFL,13.5
1996-06-18 00:00:00,BFL,13
1996-06-19 00:00:00,BFL,13.25
1996-06-20 00:00:00,BFL,13
1996-06-21 00:00:00,BFL,13.5
1996-06-24 00:00:00,BFL,13
1996-06-26 00:00:00,BFL,13.25
1996-06-27 00:00:00,BFL,13.25
1996-06-28 00:00:00,BFL,16
1996-07-03 00:00:00,BFL,12.5
1996-07-04 00:00:00,BFL,12.75
1996-07-05 00:00:00,BFL,12.5
1996-07-08 00:00:00,BFL,12.5
1996-07-09 00:00:00,BFL,12.5
1996-07-10 00:00:00,BFL,12.75
1996-07-11 00:00:00,BFL,12.75
1996-07-12 00:00:00,BFL,12.5
SECURITY_DA,COMP,CLOSE_PRICE
-----------,----,-----------
1996-07-16 00:00:00,BFL,12
1996-07-17 00:00:00,BFL,11.75
1996-07-18 00:00:00,BFL,11.5
1996-07-19 00:00:00,BFL,11.5
1996-07-22 00:00:00,BFL,12
1996-07-23 00:00:00,BFL,12
1996-07-24 00:00:00,BFL,11
1996-07-25 00:00:00,BFL,11.25
1996-08-01 00:00:00,BFL,12
1996-08-02 00:00:00,BFL,12
1996-08-05 00:00:00,BFL,11.75
1996-08-06 00:00:00,BFL,12
1996-08-07 00:00:00,BFL,12
1996-08-08 00:00:00,BFL,12
1996-08-09 00:00:00,BFL,12
1996-08-12 00:00:00,BFL,12.25
1996-08-13 00:00:00,BFL,12
1996-08-15 00:00:00,BFL,12
1996-08-16 00:00:00,BFL,12
1996-08-19 00:00:00,BFL,12
1996-08-20 00:00:00,BFL,12.25
SECURITY_DA,COMP,CLOSE_PRICE
-----------,----,-----------
1996-08-23 00:00:00,BFL,12
1996-08-29 00:00:00,BFL,11.5
1996-08-30 00:00:00,BFL,11.75
1996-09-02 00:00:00,BFL,11.75
1996-09-03 00:00:00,BFL,12
1996-09-05 00:00:00,BFL,11.75
1996-09-10 00:00:00,BFL,11.5
1996-09-12 00:00:00,BFL,11.5
1996-09-13 00:00:00,BFL,11.5
1996-09-17 00:00:00,BFL,11
1996-09-20 00:00:00,BFL,11.25
1996-09-24 00:00:00,BFL,11.5
1996-09-27 00:00:00,BFL,11.25
1996-09-30 00:00:00,BFL,11.5
1996-10-01 00:00:00,BFL,11.75
1996-10-02 00:00:00,BFL,11.5
1996-10-03 00:00:00,BFL,11.75
1996-10-04 00:00:00,BFL,11.75
1996-10-07 00:00:00,BFL,12.25
1996-10-08 00:00:00,BFL,12.25
1996-10-09 00:00:00,BFL,12
SECURITY_DA,COMP,CLOSE_PRICE
-----------,----,-----------
1996-10-10 00:00:00,BFL,12
1996-10-16 00:00:00,BFL,12
1996-10-17 00:00:00,BFL,11.5
1996-10-22 00:00:00,BFL,11.5
1996-10-23 00:00:00,BFL,11.5
1996-10-24 00:00:00,BFL,11.5
1996-10-25 00:00:00,BFL,11.5
1996-10-28 00:00:00,BFL,12.25
1996-10-29 00:00:00,BFL,12.25
1996-10-30 00:00:00,BFL,12
1996-10-31 00:00:00,BFL,12
1996-11-01 00:00:00,BFL,12
1996-11-05 00:00:00,BFL,12
1996-11-06 00:00:00,BFL,12.25
1996-11-08 00:00:00,BFL,12.5
1996-11-12 00:00:00,BFL,12
1996-11-13 00:00:00,BFL,12.5
1996-11-14 00:00:00,BFL,12.5
1996-11-15 00:00:00,BFL,12.5
1996-11-18 00:00:00,BFL,12.25
1996-11-20 00:00:00,BFL,12
SECURITY_DA,COMP,CLOSE_PRICE
-----------,----,-----------
1996-11-21 00:00:00,BFL,12.25
1996-11-22 00:00:00,BFL,12.25
1996-11-25 00:00:00,BFL,12
1996-11-26 00:00:00,BFL,11.75
1996-11-27 00:00:00,BFL,11.75
1996-11-28 00:00:00,BFL,11.75
1996-11-29 00:00:00,BFL,11.5
1996-12-02 00:00:00,BFL,11.25
1996-12-03 00:00:00,BFL,11
1996-12-04 00:00:00,BFL,11.25
1996-12-05 00:00:00,BFL,11.25
1996-12-06 00:00:00,BFL,11
1996-12-09 00:00:00,BFL,11
1996-12-11 00:00:00,BFL,11
1996-12-12 00:00:00,BFL,11
1996-12-13 00:00:00,BFL,11
1996-12-17 00:00:00,BFL,11
1996-12-23 00:00:00,BFL,11.75
1996-12-30 00:00:00,BFL,11.5
1996-12-31 00:00:00,BFL,11.25
1996-01-02 00:00:00,BHR,25
SECURITY_DA,COMP,CLOSE_PRICE
-----------,----,-----------
1996-01-08 00:00:00,BHR,24
1996-01-11 00:00:00,BHR,24
1996-02-09 00:00:00,BHR,22
1996-02-15 00:00:00,BHR,20
1996-02-16 00:00:00,BHR,19
1996-02-19 00:00:00,BHR,20
1996-02-20 00:00:00,BHR,19
1996-02-26 00:00:00,BHR,18
1996-02-27 00:00:00,BHR,18.25
1996-03-08 00:00:00,BHR,18.75
1996-03-29 00:00:00,BHR,18.5
1996-04-15 00:00:00,BHR,17.5
1996-04-18 00:00:00,BHR,16.5
1996-05-16 00:00:00,BHR,16.5
1996-05-17 00:00:00,BHR,16.75
1996-05-24 00:00:00,BHR,17
1996-05-28 00:00:00,BHR,17.25
1996-06-06 00:00:00,BHR,17
1996-06-14 00:00:00,BHR,17.5
1996-06-17 00:00:00,BHR,17.75
1996-06-18 00:00:00,BHR,17.75
SECURITY_DA,COMP,CLOSE_PRICE
-----------,----,-----------
1996-06-19 00:00:00,BHR,17.75
1996-06-20 00:00:00,BHR,17.75
1996-06-21 00:00:00,BHR,17.75
1996-07-02 00:00:00,BHR,17.25
1996-07-03 00:00:00,BHR,17.25
1996-08-06 00:00:00,BHR,17.5
1996-08-09 00:00:00,BHR,18
1996-08-21 00:00:00,BHR,18
1996-08-27 00:00:00,BHR,16
1996-09-06 00:00:00,BHR,17
1996-09-09 00:00:00,BHR,17.5
1996-09-11 00:00:00,BHR,18
1996-09-16 00:00:00,BHR,19
1996-10-09 00:00:00,BHR,20
1996-10-16 00:00:00,BHR,0
1996-10-22 00:00:00,BHR,21
1996-10-30 00:00:00,BHR,20.5
1996-11-13 00:00:00,BHR,19.5
1996-11-18 00:00:00,BHR,19
1996-11-25 00:00:00,BHR,0
1996-11-29 00:00:00,BHR,18
1996-12-06 00:00:00,BHR,18
1996-12-19 00:00:00,BHR,17
1996-01-02 00:00:00,BINN,36
1996-11-22 00:00:00,BINN,36
1996-01-02 00:00:00,BLUE,16.25
1996-01-03 00:00:00,BLUE,16.5
1996-01-04 00:00:00,BLUE,16.5
1996-01-08 00:00:00,BLUE,16.75
1996-01-09 00:00:00,BLUE,16.75
1996-01-10 00:00:00,BLUE,16.75
1996-01-11 00:00:00,BLUE,16.5
1996-01-12 00:00:00,BLUE,16
1996-01-16 00:00:00,BLUE,16
1996-01-17 00:00:00,BLUE,15.75
1996-01-18 00:00:00,BLUE,15.5
1996-01-19 00:00:00,BLUE,15.75
1996-01-22 00:00:00,BLUE,15.5
1996-01-23 00:00:00,BLUE,15
1996-01-24 00:00:00,BLUE,15.75
1996-01-25 00:00:00,BLUE,15.75
1996-01-26 00:00:00,BLUE,15.75
1996-01-29 00:00:00,BLUE,15.75
1996-01-30 00:00:00,BLUE,15.5
1996-01-31 00:00:00,BLUE,15.5
1996-02-01 00:00:00,BLUE,15
1996-02-02 00:00:00,BLUE,15
1996-02-06 00:00:00,BLUE,15
1996-02-07 00:00:00,BLUE,15
1996-02-08 00:00:00,BLUE,15
1996-02-09 00:00:00,BLUE,15
1996-02-12 00:00:00,BLUE,15.25
1996-02-13 00:00:00,BLUE,15.25
1996-02-14 00:00:00,BLUE,15.25
1996-02-15 00:00:00,BLUE,15
1996-02-16 00:00:00,BLUE,15
1996-02-19 00:00:00,BLUE,15
1996-02-20 00:00:00,BLUE,15
1996-02-21 00:00:00,BLUE,14.75
1996-02-23 00:00:00,BLUE,15
1996-02-26 00:00:00,BLUE,15
1996-02-27 00:00:00,BLUE,15.5
1996-02-28 00:00:00,BLUE,15.5
1996-02-29 00:00:00,BLUE,16.25
1996-03-01 00:00:00,BLUE,18
1996-03-05 00:00:00,BLUE,18.25
1996-03-06 00:00:00,BLUE,18.75
1996-03-07 00:00:00,BLUE,18.75
1996-03-08 00:00:00,BLUE,19.75
1996-03-11 00:00:00,BLUE,19.5
1996-03-12 00:00:00,BLUE,18.75
1996-03-13 00:00:00,BLUE,18.75
1996-03-14 00:00:00,BLUE,18.75
1996-03-15 00:00:00,BLUE,18.75
1996-03-18 00:00:00,BLUE,18.75
1996-03-19 00:00:00,BLUE,18.25
1996-03-20 00:00:00,BLUE,18.25
1996-03-21 00:00:00,BLUE,18
1996-03-22 00:00:00,BLUE,17.75
1996-03-25 00:00:00,BLUE,17.75
1996-03-26 00:00:00,BLUE,17.5
1996-03-27 00:00:00,BLUE,17.5
1996-03-28 00:00:00,BLUE,17.75
1996-03-29 00:00:00,BLUE,17.75
1996-04-01 00:00:00,BLUE,16.75
1996-04-02 00:00:00,BLUE,17.25
1996-04-04 00:00:00,BLUE,17
1996-04-08 00:00:00,BLUE,17
1996-04-09 00:00:00,BLUE,17
1996-04-10 00:00:00,BLUE,17
1996-04-15 00:00:00,BLUE,16.25
1996-04-16 00:00:00,BLUE,16.5
1996-04-18 00:00:00,BLUE,16.75
1996-04-19 00:00:00,BLUE,16.75
1996-04-22 00:00:00,BLUE,16.75
1996-04-23 00:00:00,BLUE,16.5
1996-04-24 00:00:00,BLUE,16.25
1996-04-25 00:00:00,BLUE,16.25
1996-04-26 00:00:00,BLUE,16.5
1996-04-29 00:00:00,BLUE,16.25
1996-04-30 00:00:00,BLUE,16.5
1996-05-06 00:00:00,BLUE,16.5
1996-05-07 00:00:00,BLUE,16.75
1996-05-08 00:00:00,BLUE,17.25
1996-05-09 00:00:00,BLUE,17.75
1996-05-10 00:00:00,BLUE,17.5
1996-05-13 00:00:00,BLUE,17.5
1996-05-14 00:00:00,BLUE,17.5
1996-05-15 00:00:00,BLUE,17.5
1996-05-16 00:00:00,BLUE,17.5
1996-05-17 00:00:00,BLUE,17.5
1996-05-20 00:00:00,BLUE,17.75
1996-05-21 00:00:00,BLUE,17
1996-05-22 00:00:00,BLUE,17
1996-05-23 00:00:00,BLUE,17
1996-05-24 00:00:00,BLUE,16.75
1996-05-27 00:00:00,BLUE,16.5
1996-05-28 00:00:00,BLUE,16.5
1996-05-29 00:00:00,BLUE,16
1996-05-30 00:00:00,BLUE,16
1996-06-04 00:00:00,BLUE,16
1996-06-05 00:00:00,BLUE,15.75
1996-06-06 00:00:00,BLUE,15.75
1996-06-07 00:00:00,BLUE,15.75
1996-06-10 00:00:00,BLUE,15.75
1996-06-11 00:00:00,BLUE,15.5
1996-06-12 00:00:00,BLUE,15.25
1996-06-13 00:00:00,BLUE,15.25
1996-06-14 00:00:00,BLUE,15
1996-06-17 00:00:00,BLUE,15
1996-06-18 00:00:00,BLUE,15
1996-06-19 00:00:00,BLUE,15
1996-06-20 00:00:00,BLUE,15.25
1996-06-21 00:00:00,BLUE,15
1996-06-24 00:00:00,BLUE,15
1996-06-25 00:00:00,BLUE,15
1996-06-26 00:00:00,BLUE,15
1996-06-27 00:00:00,BLUE,15
1996-06-28 00:00:00,BLUE,14.5
1996-07-02 00:00:00,BLUE,14.5
1996-07-03 00:00:00,BLUE,14
1996-07-04 00:00:00,BLUE,14
1996-07-05 00:00:00,BLUE,14
1996-07-08 00:00:00,BLUE,14
1996-07-09 00:00:00,BLUE,13.75
1996-07-10 00:00:00,BLUE,13.75
1996-07-11 00:00:00,BLUE,13.25
1996-07-12 00:00:00,BLUE,12.5
1996-07-15 00:00:00,BLUE,11
1996-07-16 00:00:00,BLUE,11
1996-07-17 00:00:00,BLUE,11.25
1996-07-18 00:00:00,BLUE,11.5
1996-07-19 00:00:00,BLUE,12
1996-07-22 00:00:00,BLUE,12
1996-07-23 00:00:00,BLUE,12.25
1996-07-24 00:00:00,BLUE,13.5
1996-07-25 00:00:00,BLUE,13
1996-07-26 00:00:00,BLUE,12.5
1996-07-31 00:00:00,BLUE,12.5
1996-08-01 00:00:00,BLUE,13
1996-08-02 00:00:00,BLUE,13.5
1996-08-05 00:00:00,BLUE,13
1996-08-06 00:00:00,BLUE,12.5
1996-08-07 00:00:00,BLUE,13.75
1996-08-08 00:00:00,BLUE,14.25
1996-08-09 00:00:00,BLUE,13
1996-08-12 00:00:00,BLUE,13.5
1996-08-13 00:00:00,BLUE,13.5
1996-08-14 00:00:00,BLUE,13
1996-08-15 00:00:00,BLUE,13.5
1996-08-16 00:00:00,BLUE,13
1996-08-19 00:00:00,BLUE,12.75
1996-08-20 00:00:00,BLUE,12.75
1996-08-21 00:00:00,BLUE,12.75
1996-08-22 00:00:00,BLUE,12.5
1996-08-23 00:00:00,BLUE,12.5
1996-08-26 00:00:00,BLUE,12.75
1996-08-27 00:00:00,BLUE,12.75
1996-08-29 00:00:00,BLUE,12.75
1996-08-30 00:00:00,BLUE,12.75
1996-09-02 00:00:00,BLUE,13
1996-09-03 00:00:00,BLUE,13.25
1996-09-04 00:00:00,BLUE,13
1996-09-05 00:00:00,BLUE,13.25
1996-09-06 00:00:00,BLUE,13
1996-09-09 00:00:00,BLUE,13.25
1996-09-10 00:00:00,BLUE,13.25
1996-09-11 00:00:00,BLUE,13
1996-09-12 00:00:00,BLUE,13.25
1996-09-13 00:00:00,BLUE,13
1996-09-16 00:00:00,BLUE,13
1996-09-17 00:00:00,BLUE,13
1996-09-18 00:00:00,BLUE,13
1996-09-19 00:00:00,BLUE,13
1996-09-20 00:00:00,BLUE,13
1996-09-23 00:00:00,BLUE,13
1996-09-24 00:00:00,BLUE,12.5
1996-09-25 00:00:00,BLUE,12.5
1996-09-27 00:00:00,BLUE,12.5
1996-09-30 00:00:00,BLUE,12.75
1996-10-01 00:00:00,BLUE,13
1996-10-02 00:00:00,BLUE,13
1996-10-03 00:00:00,BLUE,13
1996-10-04 00:00:00,BLUE,13
1996-10-07 00:00:00,BLUE,13
1996-10-08 00:00:00,BLUE,13
1996-10-09 00:00:00,BLUE,13.25
1996-10-10 00:00:00,BLUE,13
1996-10-11 00:00:00,BLUE,13
1996-10-14 00:00:00,BLUE,13
1996-10-15 00:00:00,BLUE,13
1996-10-16 00:00:00,BLUE,12.25
1996-10-17 00:00:00,BLUE,12.5
1996-10-18 00:00:00,BLUE,12.5
1996-10-21 00:00:00,BLUE,12.75
1996-10-22 00:00:00,BLUE,12.75
1996-10-23 00:00:00,BLUE,12.5
1996-10-24 00:00:00,BLUE,12.5
1996-10-25 00:00:00,BLUE,12.5
1996-10-28 00:00:00,BLUE,12.5
1996-10-29 00:00:00,BLUE,12.5
1996-10-30 00:00:00,BLUE,12.5
1996-10-31 00:00:00,BLUE,12.75
1996-11-01 00:00:00,BLUE,12.75
1996-11-04 00:00:00,BLUE,12.5
1996-11-05 00:00:00,BLUE,12.5
1996-11-06 00:00:00,BLUE,12.5
1996-11-07 00:00:00,BLUE,12.75
1996-11-08 00:00:00,BLUE,12.75
1996-11-11 00:00:00,BLUE,13
1996-11-12 00:00:00,BLUE,13.25
1996-11-13 00:00:00,BLUE,13
1996-11-14 00:00:00,BLUE,12
1996-11-15 00:00:00,BLUE,12.25
1996-11-18 00:00:00,BLUE,12.5
1996-11-19 00:00:00,BLUE,12.25
1996-11-20 00:00:00,BLUE,12.25
1996-11-21 00:00:00,BLUE,12
1996-11-22 00:00:00,BLUE,12
1996-11-25 00:00:00,BLUE,11
1996-11-26 00:00:00,BLUE,10.5
1996-11-27 00:00:00,BLUE,10.5
1996-11-28 00:00:00,BLUE,10.5
1996-11-29 00:00:00,BLUE,10.5
1996-12-02 00:00:00,BLUE,10.5
1996-12-03 00:00:00,BLUE,10.25
1996-12-04 00:00:00,BLUE,10.25
1996-12-05 00:00:00,BLUE,10.25
1996-12-06 00:00:00,BLUE,10
1996-12-09 00:00:00,BLUE,10
1996-12-10 00:00:00,BLUE,10
1996-12-11 00:00:00,BLUE,10
1996-12-12 00:00:00,BLUE,10
1996-12-13 00:00:00,BLUE,10
1996-12-16 00:00:00,BLUE,9.75
1996-12-17 00:00:00,BLUE,10
1996-12-18 00:00:00,BLUE,10
1996-12-19 00:00:00,BLUE,10
1996-12-20 00:00:00,BLUE,10
1996-12-23 00:00:00,BLUE,10.25
1996-12-27 00:00:00,BLUE,10.25
1996-12-30 00:00:00,BLUE,10.75
1996-12-31 00:00:00,BLUE,10.25
1996-01-02 00:00:00,BOGA,2.5
1996-01-03 00:00:00,BOGA,2.5
1996-01-04 00:00:00,BOGA,2.5
1996-01-08 00:00:00,BOGA,2.5
1996-01-09 00:00:00,BOGA,2.75
1996-01-10 00:00:00,BOGA,2.5
1996-01-19 00:00:00,BOGA,2.5
1996-01-22 00:00:00,BOGA,2.5
1996-01-23 00:00:00,BOGA,2.5
1996-01-24 00:00:00,BOGA,2.5
SECURITY_DA,COMP,CLOSE_PRICE
-----------,----,-----------
1996-01-25 00:00:00,BOGA,2.5
1996-01-26 00:00:00,BOGA,2.75
1996-01-30 00:00:00,BOGA,2.5
1996-01-31 00:00:00,BOGA,2.5
1996-02-02 00:00:00,BOGA,2.5
1996-02-06 00:00:00,BOGA,2.5
1996-02-07 00:00:00,BOGA,2.5
1996-02-08 00:00:00,BOGA,2.5
1996-02-09 00:00:00,BOGA,2.5
1996-02-13 00:00:00,BOGA,2.5
1996-02-14 00:00:00,BOGA,2.5
1996-02-15 00:00:00,BOGA,2.5
1996-02-16 00:00:00,BOGA,2.5
1996-02-19 00:00:00,BOGA,2.5
1996-02-23 00:00:00,BOGA,2.5
1996-02-26 00:00:00,BOGA,2.5
1996-02-27 00:00:00,BOGA,2.5
1996-02-29 00:00:00,BOGA,2.25
1996-03-05 00:00:00,BOGA,2.25
1996-03-06 00:00:00,BOGA,2.25
1996-03-07 00:00:00,BOGA,2.25
SECURITY_DA,COMP,CLOSE_PRICE
-----------,----,-----------
1996-03-11 00:00:00,BOGA,2.25
1996-03-12 00:00:00,BOGA,2.25
1996-03-13 00:00:00,BOGA,2.25
1996-03-14 00:00:00,BOGA,2.25
1996-03-15 00:00:00,BOGA,2.25
1996-03-18 00:00:00,BOGA,2
1996-03-19 00:00:00,BOGA,2
1996-03-20 00:00:00,BOGA,2
1996-03-21 00:00:00,BOGA,2.25
1996-03-22 00:00:00,BOGA,2
1996-03-25 00:00:00,BOGA,2
1996-03-26 00:00:00,BOGA,2
1996-03-27 00:00:00,BOGA,2
1996-03-29 00:00:00,BOGA,2
1996-04-01 00:00:00,BOGA,2
1996-04-02 00:00:00,BOGA,2
1996-04-08 00:00:00,BOGA,2
1996-04-15 00:00:00,BOGA,2
1996-04-17 00:00:00,BOGA,2
1996-04-19 00:00:00,BOGA,2
1996-04-22 00:00:00,BOGA,2
SECURITY_DA,COMP,CLOSE_PRICE
-----------,----,-----------
1996-04-23 00:00:00,BOGA,2
1996-04-24 00:00:00,BOGA,2.25
1996-04-25 00:00:00,BOGA,2
1996-04-26 00:00:00,BOGA,2.25
1996-05-07 00:00:00,BOGA,2.25
1996-05-08 00:00:00,BOGA,2
1996-05-09 00:00:00,BOGA,2.25
1996-05-10 00:00:00,BOGA,2.25
1996-05-13 00:00:00,BOGA,2
1996-05-14 00:00:00,BOGA,2
1996-05-15 00:00:00,BOGA,2.25
1996-05-16 00:00:00,BOGA,2
1996-05-20 00:00:00,BOGA,2
1996-05-21 00:00:00,BOGA,2
1996-05-23 00:00:00,BOGA,2
1996-05-24 00:00:00,BOGA,2
1996-05-27 00:00:00,BOGA,2
1996-05-28 00:00:00,BOGA,2
1996-05-29 00:00:00,BOGA,2
1996-05-30 00:00:00,BOGA,2
1996-06-04 00:00:00,BOGA,2
SECURITY_DA,COMP,CLOSE_PRICE
-----------,----,-----------
1996-06-05 00:00:00,BOGA,2
1996-06-06 00:00:00,BOGA,2
1996-06-10 00:00:00,BOGA,2
1996-06-11 00:00:00,BOGA,2
1996-06-12 00:00:00,BOGA,2
1996-06-13 00:00:00,BOGA,2
1996-06-17 00:00:00,BOGA,1.75
1996-06-18 00:00:00,BOGA,1.75
1996-06-20 00:00:00,BOGA,1.75
1996-06-21 00:00:00,BOGA,1.75
1996-06-24 00:00:00,BOGA,2
1996-06-26 00:00:00,BOGA,1.75
1996-06-27 00:00:00,BOGA,2
1996-07-02 00:00:00,BOGA,1.75
1996-07-03 00:00:00,BOGA,1.75
1996-07-04 00:00:00,BOGA,1.75
1996-07-05 00:00:00,BOGA,1.75
1996-07-11 00:00:00,BOGA,1.75
1996-07-12 00:00:00,BOGA,1.75
1996-07-15 00:00:00,BOGA,1.75
1996-07-16 00:00:00,BOGA,1.75
SECURITY_DA,COMP,CLOSE_PRICE
-----------,----,-----------
1996-07-17 00:00:00,BOGA,2
1996-07-18 00:00:00,BOGA,2.5
1996-07-19 00:00:00,BOGA,2.75
1996-07-22 00:00:00,BOGA,2.75
1996-07-23 00:00:00,BOGA,2.5
1996-07-24 00:00:00,BOGA,2.5
1996-07-25 00:00:00,BOGA,2.5
1996-07-26 00:00:00,BOGA,2.5
1996-07-31 00:00:00,BOGA,2.75
1996-08-01 00:00:00,BOGA,2.75
1996-08-06 00:00:00,BOGA,2.5
1996-08-07 00:00:00,BOGA,2.75
1996-08-08 00:00:00,BOGA,2.5
1996-08-09 00:00:00,BOGA,2.5
1996-08-12 00:00:00,BOGA,2.5
1996-08-13 00:00:00,BOGA,2.5
1996-08-15 00:00:00,BOGA,2.5
1996-08-16 00:00:00,BOGA,2.5
1996-08-19 00:00:00,BOGA,2.5
1996-08-20 00:00:00,BOGA,2.5
1996-08-21 00:00:00,BOGA,2.25
SECURITY_DA,COMP,CLOSE_PRICE
-----------,----,-----------
1996-08-23 00:00:00,BOGA,2.5
1996-08-27 00:00:00,BOGA,2.5
1996-08-29 00:00:00,BOGA,2.5
1996-08-30 00:00:00,BOGA,2.25
1996-09-02 00:00:00,BOGA,2.25
1996-09-03 00:00:00,BOGA,2.25
1996-09-04 00:00:00,BOGA,2.25
1996-09-06 00:00:00,BOGA,2.5
1996-09-09 00:00:00,BOGA,2.5
1996-09-12 00:00:00,BOGA,2.25
1996-09-16 00:00:00,BOGA,2.25
1996-09-17 00:00:00,BOGA,2.5
1996-09-18 00:00:00,BOGA,2.5
1996-09-19 00:00:00,BOGA,2.5
1996-09-20 00:00:00,BOGA,2.5
1996-09-23 00:00:00,BOGA,2.5
1996-09-24 00:00:00,BOGA,2.25
1996-09-25 00:00:00,BOGA,2.5
1996-10-01 00:00:00,BOGA,2.75
1996-10-02 00:00:00,BOGA,3
1996-10-03 00:00:00,BOGA,3
SECURITY_DA,COMP,CLOSE_PRICE
-----------,----,-----------
1996-10-04 00:00:00,BOGA,2.75
1996-10-07 00:00:00,BOGA,3
1996-10-08 00:00:00,BOGA,3
1996-10-09 00:00:00,BOGA,3
1996-10-10 00:00:00,BOGA,3
1996-10-11 00:00:00,BOGA,3.25
1996-10-14 00:00:00,BOGA,3.5
1996-10-15 00:00:00,BOGA,3.75
1996-10-16 00:00:00,BOGA,3.75
1996-10-17 00:00:00,BOGA,3.75
1996-10-18 00:00:00,BOGA,4
1996-10-21 00:00:00,BOGA,4
1996-10-22 00:00:00,BOGA,4
1996-10-23 00:00:00,BOGA,4
1996-10-24 00:00:00,BOGA,3.75
1996-10-25 00:00:00,BOGA,4
1996-10-28 00:00:00,BOGA,4
1996-10-29 00:00:00,BOGA,3.75
1996-10-30 00:00:00,BOGA,4
1996-10-31 00:00:00,BOGA,4
1996-11-01 00:00:00,BOGA,4
SECURITY_DA,COMP,CLOSE_PRICE
-----------,----,-----------
1996-11-04 00:00:00,BOGA,4.5
1996-11-05 00:00:00,BOGA,4.75
1996-11-06 00:00:00,BOGA,5.5
1996-11-07 00:00:00,BOGA,6
1996-11-08 00:00:00,BOGA,6.5
1996-11-11 00:00:00,BOGA,6.5
1996-11-12 00:00:00,BOGA,5.5
1996-11-13 00:00:00,BOGA,5
1996-11-14 00:00:00,BOGA,5
1996-11-15 00:00:00,BOGA,5.25
1996-11-18 00:00:00,BOGA,5.5
1996-11-19 00:00:00,BOGA,5.5
1996-11-20 00:00:00,BOGA,5.25
1996-11-21 00:00:00,BOGA,5.5
1996-11-22 00:00:00,BOGA,5.25
1996-11-25 00:00:00,BOGA,5.5
1996-11-26 00:00:00,BOGA,5.25
1996-11-27 00:00:00,BOGA,5.25
1996-11-28 00:00:00,BOGA,5.25
1996-11-29 00:00:00,BOGA,5.25
1996-12-02 00:00:00,BOGA,5.25
SECURITY_DA,COMP,CLOSE_PRICE
-----------,----,-----------
1996-12-03 00:00:00,BOGA,5
1996-12-04 00:00:00,BOGA,5
1996-12-05 00:00:00,BOGA,5
1996-12-06 00:00:00,BOGA,5
1996-12-09 00:00:00,BOGA,4.75
1996-12-10 00:00:00,BOGA,4.75
1996-12-11 00:00:00,BOGA,4.75
1996-12-12 00:00:00,BOGA,4.5
1996-12-13 00:00:00,BOGA,4.5
1996-12-16 00:00:00,BOGA,4.5
1996-12-17 00:00:00,BOGA,4.75
1996-12-18 00:00:00,BOGA,5.5
1996-12-19 00:00:00,BOGA,5.75
1996-12-20 00:00:00,BOGA,5.75
1996-12-23 00:00:00,BOGA,5.5
1996-12-27 00:00:00,BOGA,5.5
1996-12-30 00:00:00,BOGA,5.25
1996-12-31 00:00:00,BOGA,5.25
1996-01-12 00:00:00,BOPL,11.5
1996-01-17 00:00:00,BOPL,12.5
1996-02-21 00:00:00,BOPL,12.5
SECURITY_DA,COMP,CLOSE_PRICE
-----------,----,-----------
1996-04-15 00:00:00,BOPL,13.5
1996-04-19 00:00:00,BOPL,15
1996-04-22 00:00:00,BOPL,15
1996-04-23 00:00:00,BOPL,15
1996-04-30 00:00:00,BOPL,16.5
1996-05-06 00:00:00,BOPL,15.5
1996-05-07 00:00:00,BOPL,15.5
1996-08-02 00:00:00,BOPL,16.5
1996-09-13 00:00:00,BOPL,18.5
1996-09-18 00:00:00,BOPL,22
1996-09-19 00:00:00,BOPL,27
1996-09-24 00:00:00,BOPL,25
1996-09-25 00:00:00,BOPL,25
1996-09-27 00:00:00,BOPL,26
1996-09-30 00:00:00,BOPL,26
1996-10-01 00:00:00,BOPL,26.5
1996-10-08 00:00:00,BOPL,28
1996-10-15 00:00:00,BOPL,29
1996-10-18 00:00:00,BOPL,29
1996-10-22 00:00:00,BOPL,30
1996-10-25 00:00:00,BOPL,30
SECURITY_DA,COMP,CLOSE_PRICE
-----------,----,-----------
1996-10-28 00:00:00,BOPL,31
1996-10-29 00:00:00,BOPL,34.5
1996-11-01 00:00:00,BOPL,50
1996-11-20 00:00:00,BOPL,42
1996-11-22 00:00:00,BOPL,39.75
1996-11-26 00:00:00,BOPL,37.75
1996-11-27 00:00:00,BOPL,35.75
1996-12-02 00:00:00,BOPL,35
1996-12-06 00:00:00,BOPL,32
1996-12-13 00:00:00,BOPL,32
1996-12-16 00:00:00,BOPL,31.5
1996-01-02 00:00:00,BREW,85
1996-01-09 00:00:00,BREW,82
1996-01-17 00:00:00,BREW,82
1996-01-26 00:00:00,BREW,78
1996-01-29 00:00:00,BREW,72
1996-01-31 00:00:00,BREW,69.5
1996-02-28 00:00:00,BREW,70
1996-02-29 00:00:00,BREW,70
1996-03-05 00:00:00,BREW,71
1996-03-06 00:00:00,BREW,71
1996-03-07 00:00:00,BREW,70
1996-03-08 00:00:00,BREW,71
1996-03-12 00:00:00,BREW,71
1996-03-26 00:00:00,BREW,75.5
1996-03-27 00:00:00,BREW,79
1996-03-28 00:00:00,BREW,79
1996-03-29 00:00:00,BREW,86.5
1996-04-01 00:00:00,BREW,100
1996-04-02 00:00:00,BREW,95
1996-04-08 00:00:00,BREW,95
1996-04-09 00:00:00,BREW,95
1996-04-10 00:00:00,BREW,95
1996-04-15 00:00:00,BREW,96
1996-04-16 00:00:00,BREW,99
1996-04-17 00:00:00,BREW,95
1996-04-18 00:00:00,BREW,100
1996-04-19 00:00:00,BREW,95
1996-04-23 00:00:00,BREW,99.75
1996-04-25 00:00:00,BREW,99.75
1996-05-06 00:00:00,BREW,97
1996-05-07 00:00:00,BREW,95
1996-05-08 00:00:00,BREW,95
1996-05-09 00:00:00,BREW,95
1996-05-13 00:00:00,BREW,92
1996-05-15 00:00:00,BREW,92
1996-05-17 00:00:00,BREW,92
1996-05-21 00:00:00,BREW,78
1996-05-22 00:00:00,BREW,79.5
1996-05-23 00:00:00,BREW,80
1996-05-24 00:00:00,BREW,80
1996-05-27 00:00:00,BREW,80.25
1996-05-28 00:00:00,BREW,81
1996-05-30 00:00:00,BREW,83
1996-06-03 00:00:00,BREW,83
1996-06-04 00:00:00,BREW,83
1996-06-05 00:00:00,BREW,81
1996-06-06 00:00:00,BREW,82
1996-06-07 00:00:00,BREW,80
1996-06-11 00:00:00,BREW,80
1996-06-12 00:00:00,BREW,80
1996-06-13 00:00:00,BREW,79
1996-06-17 00:00:00,BREW,79
1996-06-18 00:00:00,BREW,80
1996-06-19 00:00:00,BREW,80
1996-06-20 00:00:00,BREW,80
1996-06-24 00:00:00,BREW,81
1996-06-26 00:00:00,BREW,81
1996-07-05 00:00:00,BREW,82
1996-07-08 00:00:00,BREW,82
1996-07-10 00:00:00,BREW,80.5
1996-07-11 00:00:00,BREW,80.5
1996-07-12 00:00:00,BREW,81
1996-07-19 00:00:00,BREW,35
1996-07-23 00:00:00,BREW,35
1996-07-24 00:00:00,BREW,35
1996-08-01 00:00:00,BREW,35
1996-08-06 00:00:00,BREW,33.5
1996-08-07 00:00:00,BREW,33.25
1996-08-09 00:00:00,BREW,33.25
1996-08-12 00:00:00,BREW,35
1996-08-13 00:00:00,BREW,33
1996-08-14 00:00:00,BREW,31.5
1996-08-15 00:00:00,BREW,30.5
1996-08-19 00:00:00,BREW,30.5
1996-08-20 00:00:00,BREW,30.5
1996-08-21 00:00:00,BREW,30.5
1996-08-23 00:00:00,BREW,30.5
1996-08-26 00:00:00,BREW,31
1996-08-29 00:00:00,BREW,31.5
1996-09-02 00:00:00,BREW,32
1996-09-03 00:00:00,BREW,32
1996-09-05 00:00:00,BREW,32.25
1996-09-06 00:00:00,BREW,33
1996-09-09 00:00:00,BREW,32
1996-09-10 00:00:00,BREW,31.5
1996-09-16 00:00:00,BREW,32.5
1996-09-18 00:00:00,BREW,32
1996-09-19 00:00:00,BREW,32
1996-09-20 00:00:00,BREW,31.5
1996-09-23 00:00:00,BREW,30.75
1996-09-24 00:00:00,BREW,31.5
1996-09-27 00:00:00,BREW,31
1996-09-30 00:00:00,BREW,31
1996-10-01 00:00:00,BREW,30.75
1996-10-02 00:00:00,BREW,31
1996-10-03 00:00:00,BREW,31
1996-10-07 00:00:00,BREW,30.75
1996-10-08 00:00:00,BREW,30.75
1996-10-09 00:00:00,BREW,30.75
1996-10-15 00:00:00,BREW,30.5
1996-10-16 00:00:00,BREW,30.75
1996-10-17 00:00:00,BREW,30.75
1996-10-18 00:00:00,BREW,30.75
1996-10-21 00:00:00,BREW,30.75
1996-10-22 00:00:00,BREW,30.5
1996-10-23 00:00:00,BREW,30.5
1996-10-24 00:00:00,BREW,30.5
1996-10-28 00:00:00,BREW,30.75
1996-10-30 00:00:00,BREW,30.75
1996-10-31 00:00:00,BREW,30.75
1996-11-04 00:00:00,BREW,30.75
1996-11-05 00:00:00,BREW,30.75
1996-11-06 00:00:00,BREW,30.75
1996-11-07 00:00:00,BREW,31.25
1996-11-08 00:00:00,BREW,33.25
1996-11-11 00:00:00,BREW,36
1996-11-12 00:00:00,BREW,35.75
1996-11-13 00:00:00,BREW,33.5
1996-11-14 00:00:00,BREW,33.25
1996-11-15 00:00:00,BREW,34
1996-11-18 00:00:00,BREW,36
1996-11-19 00:00:00,BREW,35
1996-11-20 00:00:00,BREW,35
1996-11-21 00:00:00,BREW,35.25
1996-11-22 00:00:00,BREW,35
1996-11-25 00:00:00,BREW,35
1996-11-26 00:00:00,BREW,34
1996-11-27 00:00:00,BREW,33
1996-11-28 00:00:00,BREW,33
1996-11-29 00:00:00,BREW,33.25
1996-12-02 00:00:00,BREW,33.25
1996-12-03 00:00:00,BREW,33.75
1996-12-04 00:00:00,BREW,33
1996-12-05 00:00:00,BREW,33.75
1996-12-06 00:00:00,BREW,33.75
1996-12-11 00:00:00,BREW,33.25
1996-12-12 00:00:00,BREW,33
1996-12-16 00:00:00,BREW,33
1996-12-27 00:00:00,BREW,33
1996-12-30 00:00:00,BREW,33.5
1996-01-24 00:00:00,BRWN,775
1996-02-12 00:00:00,BRWN,777
1996-02-14 00:00:00,BRWN,777
1996-02-20 00:00:00,BRWN,780
1996-03-20 00:00:00,BRWN,780
1996-03-29 00:00:00,BRWN,0
1996-06-20 00:00:00,BRWN,741
1996-06-26 00:00:00,BRWN,740
1996-07-11 00:00:00,BRWN,0
1996-08-08 00:00:00,BRWN,735
1996-08-13 00:00:00,BRWN,0
1996-08-26 00:00:00,BRWN,0
1996-08-29 00:00:00,BRWN,750
1996-08-30 00:00:00,BRWN,0
1996-11-29 00:00:00,BRWN,715
1996-12-02 00:00:00,BRWN,700
1996-01-08 00:00:00,BUKI,310
SECURITY_DA,COMP,CLOSE_PRICE
-----------,----,-----------
1996-04-18 00:00:00,BUKI,310
1996-06-25 00:00:00,BUKI,0
1996-07-16 00:00:00,BUKI,0
1996-07-19 00:00:00,BUKI,0
1996-07-03 00:00:00,CABO,34
1996-01-17 00:00:00,CARG,106.25
1996-03-08 00:00:00,CARG,106.25
1996-03-13 00:00:00,CARG,0
1996-05-15 00:00:00,CARG,0
1996-05-30 00:00:00,CARG,110
1996-06-06 00:00:00,CARG,105
1996-06-20 00:00:00,CARG,0
1996-08-26 00:00:00,CARG,0
1996-09-20 00:00:00,CARG,0
1996-10-14 00:00:00,CARG,0
1996-11-01 00:00:00,CARG,99.75
1996-11-07 00:00:00,CARG,94.75
1996-11-14 00:00:00,CARG,90.5
1996-11-15 00:00:00,CARG,80
1996-11-22 00:00:00,CARG,0
1996-11-25 00:00:00,CARG,0
SECURITY_DA,COMP,CLOSE_PRICE
-----------,----,-----------
1996-11-28 00:00:00,CARG,0
1996-12-09 00:00:00,CARG,0
1996-12-17 00:00:00,CARG,76
1996-12-23 00:00:00,CARG,0
1996-04-30 00:00:00,CARS,530
1996-05-06 00:00:00,CARS,605.25
1996-05-09 00:00:00,CARS,574.75
1996-05-15 00:00:00,CARS,0
1996-06-06 00:00:00,CARS,595.5
1996-06-18 00:00:00,CARS,0
1996-06-25 00:00:00,CARS,580
1996-07-03 00:00:00,CARS,0
1996-07-08 00:00:00,CARS,0
1996-07-17 00:00:00,CARS,590
1996-08-05 00:00:00,CARS,600
1996-08-13 00:00:00,CARS,0
1996-08-19 00:00:00,CARS,600
1996-09-03 00:00:00,CARS,630
1996-09-05 00:00:00,CARS,630
1996-09-10 00:00:00,CARS,711
1996-09-13 00:00:00,CARS,0
1996-10-15 00:00:00,CARS,0
1996-12-17 00:00:00,CARS,715
1996-01-08 00:00:00,CCS,84
1996-01-10 00:00:00,CCS,84
1996-01-11 00:00:00,CCS,84
1996-01-12 00:00:00,CCS,84
1996-01-17 00:00:00,CCS,80
1996-01-18 00:00:00,CCS,80
1996-01-19 00:00:00,CCS,80
1996-01-22 00:00:00,CCS,80
1996-01-23 00:00:00,CCS,80
1996-01-25 00:00:00,CCS,80
1996-01-26 00:00:00,CCS,80
1996-02-16 00:00:00,CCS,76
1996-02-20 00:00:00,CCS,81
1996-02-21 00:00:00,CCS,81
1996-02-22 00:00:00,CCS,81
1996-02-26 00:00:00,CCS,81
1996-02-28 00:00:00,CCS,81
1996-02-29 00:00:00,CCS,82
1996-03-05 00:00:00,CCS,82
1996-03-06 00:00:00,CCS,85
1996-03-07 00:00:00,CCS,85
1996-03-08 00:00:00,CCS,95
1996-03-12 00:00:00,CCS,94.75
1996-03-13 00:00:00,CCS,90.5
1996-03-14 00:00:00,CCS,90.5
1996-03-20 00:00:00,CCS,90
1996-03-21 00:00:00,CCS,90
1996-03-22 00:00:00,CCS,86
1996-03-25 00:00:00,CCS,85
1996-03-26 00:00:00,CCS,84
1996-03-28 00:00:00,CCS,84
1996-03-29 00:00:00,CCS,83.5
1996-04-02 00:00:00,CCS,84
1996-04-09 00:00:00,CCS,84
1996-04-15 00:00:00,CCS,84
1996-04-16 00:00:00,CCS,84
1996-04-25 00:00:00,CCS,84
1996-05-07 00:00:00,CCS,84
1996-05-08 00:00:00,CCS,84
1996-05-13 00:00:00,CCS,84
1996-05-14 00:00:00,CCS,86
1996-05-15 00:00:00,CCS,86
1996-05-16 00:00:00,CCS,86
1996-05-21 00:00:00,CCS,86
1996-05-23 00:00:00,CCS,90
1996-05-24 00:00:00,CCS,90
1996-05-27 00:00:00,CCS,90
1996-06-03 00:00:00,CCS,88
1996-06-04 00:00:00,CCS,88
1996-06-13 00:00:00,CCS,90
1996-06-17 00:00:00,CCS,90
1996-06-18 00:00:00,CCS,89
1996-06-19 00:00:00,CCS,89
1996-06-20 00:00:00,CCS,87.5
1996-06-28 00:00:00,CCS,87.5
1996-07-01 00:00:00,CCS,87.5
1996-07-04 00:00:00,CCS,87.5
1996-07-05 00:00:00,CCS,80
1996-07-10 00:00:00,CCS,80
1996-07-11 00:00:00,CCS,79
1996-07-12 00:00:00,CCS,79
1996-07-16 00:00:00,CCS,75
1996-07-17 00:00:00,CCS,75
1996-07-24 00:00:00,CCS,72
1996-07-26 00:00:00,CCS,70
1996-08-01 00:00:00,CCS,70
1996-08-02 00:00:00,CCS,70
1996-08-22 00:00:00,CCS,70
1996-08-26 00:00:00,CCS,68
1996-08-29 00:00:00,CCS,68
1996-09-10 00:00:00,CCS,68
1996-09-18 00:00:00,CCS,70
1996-09-20 00:00:00,CCS,70.25
1996-09-24 00:00:00,CCS,71
1996-09-30 00:00:00,CCS,90
1996-10-01 00:00:00,CCS,92
1996-10-02 00:00:00,CCS,91
1996-10-18 00:00:00,CCS,91
1996-10-22 00:00:00,CCS,91
1996-11-18 00:00:00,CCS,80
1996-11-19 00:00:00,CCS,76
1996-11-20 00:00:00,CCS,69.25
1996-11-21 00:00:00,CCS,70
1996-11-25 00:00:00,CCS,69.5
1996-11-29 00:00:00,CCS,72
1996-12-13 00:00:00,CCS,72
1996-12-16 00:00:00,CCS,72
1996-12-17 00:00:00,CCS,72
1996-12-19 00:00:00,CCS,72.5
1996-12-27 00:00:00,CCS,73
1996-06-26 00:00:00,CDIC,20
1996-07-23 00:00:00,CDIC,21
1996-07-26 00:00:00,CDIC,22
1996-08-02 00:00:00,CDIC,22
1996-08-07 00:00:00,CDIC,22
1996-08-09 00:00:00,CDIC,22.5
1996-08-29 00:00:00,CDIC,22
1996-09-02 00:00:00,CDIC,22
1996-09-06 00:00:00,CDIC,21
1996-09-09 00:00:00,CDIC,20
1996-09-16 00:00:00,CDIC,20
1996-09-18 00:00:00,CDIC,20
1996-09-19 00:00:00,CDIC,20
1996-09-20 00:00:00,CDIC,20
1996-10-08 00:00:00,CDIC,20
1996-10-09 00:00:00,CDIC,20
1996-10-10 00:00:00,CDIC,20
1996-10-11 00:00:00,CDIC,20
1996-10-14 00:00:00,CDIC,20
1996-10-21 00:00:00,CDIC,20
1996-10-31 00:00:00,CDIC,21
1996-11-01 00:00:00,CDIC,21
1996-11-06 00:00:00,CDIC,20.5
1996-11-08 00:00:00,CDIC,21
1996-11-11 00:00:00,CDIC,21.5
1996-11-12 00:00:00,CDIC,21.5
1996-11-14 00:00:00,CDIC,21.5
1996-11-19 00:00:00,CDIC,22.75
1996-11-25 00:00:00,CDIC,23
1996-12-12 00:00:00,CDIC,0
1996-01-02 00:00:00,CERA,40
1996-01-04 00:00:00,CERA,40.5
1996-01-11 00:00:00,CERA,40.25
1996-01-17 00:00:00,CERA,41
1996-01-22 00:00:00,CERA,40
1996-01-24 00:00:00,CERA,40
1996-01-26 00:00:00,CERA,40
1996-02-06 00:00:00,CERA,39.5
1996-02-09 00:00:00,CERA,40
1996-02-12 00:00:00,CERA,41
1996-02-13 00:00:00,CERA,41
1996-02-14 00:00:00,CERA,41.25
1996-02-15 00:00:00,CERA,41
1996-02-19 00:00:00,CERA,41
1996-02-20 00:00:00,CERA,40
1996-02-27 00:00:00,CERA,40
1996-03-01 00:00:00,CERA,40
1996-03-05 00:00:00,CERA,41
1996-03-08 00:00:00,CERA,41
1996-03-12 00:00:00,CERA,42
1996-03-13 00:00:00,CERA,46
1996-03-14 00:00:00,CERA,49
1996-03-15 00:00:00,CERA,50
1996-03-19 00:00:00,CERA,51
1996-03-20 00:00:00,CERA,48
1996-03-21 00:00:00,CERA,45
1996-03-25 00:00:00,CERA,46
1996-03-27 00:00:00,CERA,45
1996-03-28 00:00:00,CERA,47
1996-03-29 00:00:00,CERA,47
1996-04-01 00:00:00,CERA,47
1996-04-09 00:00:00,CERA,45
1996-04-16 00:00:00,CERA,45
1996-04-17 00:00:00,CERA,46
1996-04-19 00:00:00,CERA,46
1996-04-22 00:00:00,CERA,46
1996-04-24 00:00:00,CERA,45.25
1996-04-25 00:00:00,CERA,46.25
1996-05-07 00:00:00,CERA,45.25
1996-05-09 00:00:00,CERA,46
1996-05-10 00:00:00,CERA,46
1996-05-15 00:00:00,CERA,46
1996-05-17 00:00:00,CERA,46
1996-05-20 00:00:00,CERA,45.5
1996-05-21 00:00:00,CERA,45.25
1996-05-23 00:00:00,CERA,45
1996-05-24 00:00:00,CERA,45
1996-06-03 00:00:00,CERA,45
1996-06-26 00:00:00,CERA,42.5
1996-07-10 00:00:00,CERA,37.75
1996-07-11 00:00:00,CERA,35
1996-07-17 00:00:00,CERA,31
1996-07-18 00:00:00,CERA,28
1996-07-25 00:00:00,CERA,26.5
1996-07-31 00:00:00,CERA,26.5
1996-08-01 00:00:00,CERA,26
1996-08-02 00:00:00,CERA,26
1996-08-09 00:00:00,CERA,25.5
1996-08-12 00:00:00,CERA,25.5
1996-08-19 00:00:00,CERA,25.5
1996-09-02 00:00:00,CERA,25
1996-09-03 00:00:00,CERA,25
1996-09-10 00:00:00,CERA,25
1996-09-11 00:00:00,CERA,25
1996-09-16 00:00:00,CERA,25
1996-09-17 00:00:00,CERA,25
1996-09-18 00:00:00,CERA,25
1996-09-30 00:00:00,CERA,27.5
1996-10-01 00:00:00,CERA,29
1996-10-02 00:00:00,CERA,30
1996-10-03 00:00:00,CERA,31.5
1996-10-04 00:00:00,CERA,32
1996-10-09 00:00:00,CERA,31.5
1996-10-11 00:00:00,CERA,30
1996-10-14 00:00:00,CERA,30
1996-10-16 00:00:00,CERA,30
1996-10-17 00:00:00,CERA,30.75
1996-10-18 00:00:00,CERA,31
1996-10-22 00:00:00,CERA,32
1996-10-25 00:00:00,CERA,31
1996-10-30 00:00:00,CERA,30.5
1996-10-31 00:00:00,CERA,31
1996-11-01 00:00:00,CERA,31
1996-11-05 00:00:00,CERA,30.5
1996-11-06 00:00:00,CERA,30.5
1996-11-07 00:00:00,CERA,31
1996-11-08 00:00:00,CERA,32.5
1996-11-11 00:00:00,CERA,33
1996-11-12 00:00:00,CERA,32.5
1996-11-14 00:00:00,CERA,32
1996-11-18 00:00:00,CERA,31.25
1996-11-19 00:00:00,CERA,30
1996-11-20 00:00:00,CERA,30
1996-11-22 00:00:00,CERA,30
1996-11-25 00:00:00,CERA,30
1996-11-26 00:00:00,CERA,30
1996-11-27 00:00:00,CERA,30
1996-11-28 00:00:00,CERA,30
1996-11-29 00:00:00,CERA,30.25
1996-12-02 00:00:00,CERA,30.5
1996-12-03 00:00:00,CERA,30.25
1996-12-04 00:00:00,CERA,30.5
1996-12-05 00:00:00,CERA,30.25
1996-12-06 00:00:00,CERA,30.25
1996-12-09 00:00:00,CERA,30.5
1996-12-10 00:00:00,CERA,30.5
1996-12-11 00:00:00,CERA,30.5
1996-12-12 00:00:00,CERA,30.5
1996-12-13 00:00:00,CERA,0
1996-12-16 00:00:00,CERA,30
1996-12-17 00:00:00,CERA,30.5
1996-12-18 00:00:00,CERA,30
1996-12-19 00:00:00,CERA,30
1996-12-20 00:00:00,CERA,30
1996-12-23 00:00:00,CERA,30.5
1996-12-27 00:00:00,CERA,30.5
1996-12-30 00:00:00,CERA,30.5
1996-12-31 00:00:00,CERA,31
1996-01-08 00:00:00,CFI,10.25
1996-01-25 00:00:00,CFI,0
1996-02-07 00:00:00,CFI,10
1996-02-08 00:00:00,CFI,10
1996-02-14 00:00:00,CFI,10
1996-02-19 00:00:00,CFI,10
1996-03-18 00:00:00,CFI,10
1996-03-22 00:00:00,CFI,0
1996-03-26 00:00:00,CFI,0
1996-04-01 00:00:00,CFI,10
1996-04-24 00:00:00,CFI,10
1996-04-26 00:00:00,CFI,10
SECURITY_DA,COMP,CLOSE_PRICE
-----------,----,-----------
1996-04-30 00:00:00,CFI,10
1996-05-07 00:00:00,CFI,10
1996-05-09 00:00:00,CFI,10
1996-05-10 00:00:00,CFI,10
1996-05-13 00:00:00,CFI,10
1996-05-14 00:00:00,CFI,9.75
1996-05-15 00:00:00,CFI,10
1996-05-16 00:00:00,CFI,10
1996-05-17 00:00:00,CFI,0
1996-05-22 00:00:00,CFI,10
1996-05-28 00:00:00,CFI,9.75
1996-06-18 00:00:00,CFI,9.5
1996-06-25 00:00:00,CFI,9
1996-06-26 00:00:00,CFI,0
1996-06-28 00:00:00,CFI,9
1996-07-02 00:00:00,CFI,9
1996-07-11 00:00:00,CFI,8.75
1996-07-16 00:00:00,CFI,8.5
1996-07-19 00:00:00,CFI,8.75
1996-07-22 00:00:00,CFI,8.25
1996-07-23 00:00:00,CFI,8.25
SECURITY_DA,COMP,CLOSE_PRICE
-----------,----,-----------
1996-07-25 00:00:00,CFI,8
1996-08-12 00:00:00,CFI,0
1996-08-19 00:00:00,CFI,8
1996-08-23 00:00:00,CFI,7
1996-08-29 00:00:00,CFI,7.25
1996-09-10 00:00:00,CFI,0
1996-09-17 00:00:00,CFI,7
1996-09-24 00:00:00,CFI,7.5
1996-10-03 00:00:00,CFI,7.75
1996-10-11 00:00:00,CFI,7.5
1996-10-14 00:00:00,CFI,7.5
1996-10-15 00:00:00,CFI,7.75
1996-10-16 00:00:00,CFI,8.25
1996-10-17 00:00:00,CFI,8.5
1996-10-22 00:00:00,CFI,9.25
1996-10-29 00:00:00,CFI,8.5
1996-10-31 00:00:00,CFI,8.5
1996-11-06 00:00:00,CFI,8.5
1996-11-11 00:00:00,CFI,9
1996-11-14 00:00:00,CFI,9.25
1996-11-21 00:00:00,CFI,9.25
SECURITY_DA,COMP,CLOSE_PRICE
-----------,----,-----------
1996-11-22 00:00:00,CFI,9
1996-12-05 00:00:00,CFI,9
1996-12-18 00:00:00,CFI,0
1996-12-20 00:00:00,CFI,8.5
1996-12-30 00:00:00,CFI,0
1996-12-31 00:00:00,CFI,9.5
1996-01-11 00:00:00,CFIN,240
1996-01-17 00:00:00,CFIN,235
1996-01-23 00:00:00,CFIN,230
1996-01-24 00:00:00,CFIN,232
1996-01-26 00:00:00,CFIN,230
1996-01-29 00:00:00,CFIN,232
1996-02-02 00:00:00,CFIN,235
1996-02-06 00:00:00,CFIN,230
1996-02-07 00:00:00,CFIN,243
1996-02-08 00:00:00,CFIN,243
1996-02-09 00:00:00,CFIN,231
1996-02-13 00:00:00,CFIN,231.25
1996-02-16 00:00:00,CFIN,232.5
1996-02-22 00:00:00,CFIN,234
1996-02-23 00:00:00,CFIN,235
1996-02-28 00:00:00,CFIN,235
1996-03-08 00:00:00,CFIN,250
1996-03-11 00:00:00,CFIN,252
1996-03-12 00:00:00,CFIN,263
1996-03-13 00:00:00,CFIN,304.5
1996-03-14 00:00:00,CFIN,305
1996-03-15 00:00:00,CFIN,310
1996-03-19 00:00:00,CFIN,310.25
1996-03-20 00:00:00,CFIN,310.5
1996-03-21 00:00:00,CFIN,310
1996-03-28 00:00:00,CFIN,290
1996-03-29 00:00:00,CFIN,290
1996-04-10 00:00:00,CFIN,280
1996-04-17 00:00:00,CFIN,274.75
1996-05-08 00:00:00,CFIN,274
1996-05-10 00:00:00,CFIN,274
1996-05-16 00:00:00,CFIN,274
1996-05-27 00:00:00,CFIN,276
1996-05-28 00:00:00,CFIN,275
1996-05-29 00:00:00,CFIN,273
1996-06-04 00:00:00,CFIN,270
1996-06-05 00:00:00,CFIN,265
1996-06-06 00:00:00,CFIN,260
1996-06-07 00:00:00,CFIN,251
1996-06-18 00:00:00,CFIN,246
1996-06-19 00:00:00,CFIN,246
1996-06-21 00:00:00,CFIN,245
1996-06-25 00:00:00,CFIN,246.5
1996-06-26 00:00:00,CFIN,245
1996-06-27 00:00:00,CFIN,245
1996-07-03 00:00:00,CFIN,242
1996-07-04 00:00:00,CFIN,243
1996-07-09 00:00:00,CFIN,242.25
1996-07-10 00:00:00,CFIN,242
1996-07-12 00:00:00,CFIN,242
1996-07-16 00:00:00,CFIN,240
1996-07-17 00:00:00,CFIN,240
1996-07-18 00:00:00,CFIN,239
1996-08-01 00:00:00,CFIN,240.5
1996-08-02 00:00:00,CFIN,240.5
1996-08-07 00:00:00,CFIN,240.25
1996-08-08 00:00:00,CFIN,242
1996-08-09 00:00:00,CFIN,241
1996-08-13 00:00:00,CFIN,240
1996-08-14 00:00:00,CFIN,242.5
1996-08-16 00:00:00,CFIN,241
1996-08-19 00:00:00,CFIN,241
1996-08-20 00:00:00,CFIN,242
1996-08-21 00:00:00,CFIN,242.25
1996-08-22 00:00:00,CFIN,242
1996-08-26 00:00:00,CFIN,242
1996-08-27 00:00:00,CFIN,241
1996-08-30 00:00:00,CFIN,242
1996-09-02 00:00:00,CFIN,241
1996-09-05 00:00:00,CFIN,241
1996-09-10 00:00:00,CFIN,241
1996-09-11 00:00:00,CFIN,241
1996-09-13 00:00:00,CFIN,241.5
1996-09-16 00:00:00,CFIN,0
1996-09-17 00:00:00,CFIN,242
1996-09-18 00:00:00,CFIN,241
1996-09-19 00:00:00,CFIN,240
1996-09-20 00:00:00,CFIN,240
1996-09-24 00:00:00,CFIN,241
1996-10-01 00:00:00,CFIN,244.75
1996-10-08 00:00:00,CFIN,242
1996-10-14 00:00:00,CFIN,242.5
1996-10-15 00:00:00,CFIN,242.5
1996-10-16 00:00:00,CFIN,245
1996-10-21 00:00:00,CFIN,243
1996-10-23 00:00:00,CFIN,243.25
1996-10-28 00:00:00,CFIN,243.5
1996-10-29 00:00:00,CFIN,243
1996-10-30 00:00:00,CFIN,245
1996-11-01 00:00:00,CFIN,245
1996-11-04 00:00:00,CFIN,246
1996-11-05 00:00:00,CFIN,247
1996-11-06 00:00:00,CFIN,246
1996-11-14 00:00:00,CFIN,246
1996-11-22 00:00:00,CFIN,235
1996-11-26 00:00:00,CFIN,235
1996-12-02 00:00:00,CFIN,235
1996-12-03 00:00:00,CFIN,235
1996-12-04 00:00:00,CFIN,233
1996-12-06 00:00:00,CFIN,235
1996-12-09 00:00:00,CFIN,235
1996-12-10 00:00:00,CFIN,235
1996-12-11 00:00:00,CFIN,235
1996-12-12 00:00:00,CFIN,235
1996-12-13 00:00:00,CFIN,235
1996-12-18 00:00:00,CFIN,235
1996-12-19 00:00:00,CFIN,235
1996-01-03 00:00:00,CFLB,0
1996-01-08 00:00:00,CFLB,12.5
1996-01-09 00:00:00,CFLB,0
1996-01-10 00:00:00,CFLB,12.75
1996-01-17 00:00:00,CFLB,12.75
1996-01-19 00:00:00,CFLB,0
1996-01-22 00:00:00,CFLB,0
1996-01-24 00:00:00,CFLB,12
1996-02-15 00:00:00,CFLB,11
1996-02-19 00:00:00,CFLB,11
1996-02-22 00:00:00,CFLB,0
1996-02-23 00:00:00,CFLB,10.5
1996-02-26 00:00:00,CFLB,10.5
1996-03-06 00:00:00,CFLB,0
1996-03-08 00:00:00,CFLB,10.25
1996-03-11 00:00:00,CFLB,10.5
1996-03-12 00:00:00,CFLB,10.5
1996-03-13 00:00:00,CFLB,10
1996-03-14 00:00:00,CFLB,10
1996-03-15 00:00:00,CFLB,10.25
1996-03-20 00:00:00,CFLB,9.5
1996-03-21 00:00:00,CFLB,9.5
1996-03-22 00:00:00,CFLB,9
SECURITY_DA,COMP,CLOSE_PRICE
-----------,----,-----------
1996-03-25 00:00:00,CFLB,0
1996-03-26 00:00:00,CFLB,9
1996-03-27 00:00:00,CFLB,9
1996-03-28 00:00:00,CFLB,9
1996-03-29 00:00:00,CFLB,9
1996-04-01 00:00:00,CFLB,0
1996-04-02 00:00:00,CFLB,9.5
1996-04-04 00:00:00,CFLB,9.5
1996-04-08 00:00:00,CFLB,9.75
1996-04-09 00:00:00,CFLB,9.75
1996-04-10 00:00:00,CFLB,9.75
1996-04-15 00:00:00,CFLB,0
1996-04-18 00:00:00,CFLB,9.75
1996-04-22 00:00:00,CFLB,9.75
1996-04-24 00:00:00,CFLB,10
1996-04-25 00:00:00,CFLB,0
1996-04-26 00:00:00,CFLB,10
1996-04-29 00:00:00,CFLB,10
1996-05-06 00:00:00,CFLB,10
1996-05-07 00:00:00,CFLB,9.5
1996-05-08 00:00:00,CFLB,9.75
SECURITY_DA,COMP,CLOSE_PRICE
-----------,----,-----------
1996-05-09 00:00:00,CFLB,0
1996-05-10 00:00:00,CFLB,9.5
1996-05-13 00:00:00,CFLB,9.5
1996-05-14 00:00:00,CFLB,9.75
1996-05-17 00:00:00,CFLB,9.75
1996-05-21 00:00:00,CFLB,0
1996-05-23 00:00:00,CFLB,9.5
1996-05-24 00:00:00,CFLB,0
1996-05-27 00:00:00,CFLB,9.5
1996-05-28 00:00:00,CFLB,9.5
1996-05-29 00:00:00,CFLB,9.5
1996-05-30 00:00:00,CFLB,9.5
1996-06-05 00:00:00,CFLB,9.25
1996-06-11 00:00:00,CFLB,9.25
1996-06-12 00:00:00,CFLB,8.75
1996-06-17 00:00:00,CFLB,8.75
1996-06-20 00:00:00,CFLB,8.5
1996-06-27 00:00:00,CFLB,8.25
1996-06-28 00:00:00,CFLB,8.25
1996-07-01 00:00:00,CFLB,8.25
1996-07-02 00:00:00,CFLB,8
SECURITY_DA,COMP,CLOSE_PRICE
-----------,----,-----------
1996-07-03 00:00:00,CFLB,8.25
1996-07-04 00:00:00,CFLB,8
1996-07-08 00:00:00,CFLB,8
1996-07-09 00:00:00,CFLB,7.5
1996-07-10 00:00:00,CFLB,8
1996-07-15 00:00:00,CFLB,7.75
1996-07-16 00:00:00,CFLB,7.5
1996-07-17 00:00:00,CFLB,7
1996-07-18 00:00:00,CFLB,7
1996-07-25 00:00:00,CFLB,7
1996-07-31 00:00:00,CFLB,7
1996-08-05 00:00:00,CFLB,7.5
1996-08-07 00:00:00,CFLB,7.75
1996-08-15 00:00:00,CFLB,7.75
1996-08-19 00:00:00,CFLB,8
1996-08-20 00:00:00,CFLB,7.5
1996-08-21 00:00:00,CFLB,7.75
1996-08-23 00:00:00,CFLB,7.75
1996-08-26 00:00:00,CFLB,7.75
1996-08-27 00:00:00,CFLB,7.5
1996-08-29 00:00:00,CFLB,7.5
SECURITY_DA,COMP,CLOSE_PRICE
-----------,----,-----------
1996-09-03 00:00:00,CFLB,7.5
1996-09-04 00:00:00,CFLB,7.25
1996-09-05 00:00:00,CFLB,7.5
1996-09-11 00:00:00,CFLB,7
1996-09-12 00:00:00,CFLB,7.5
1996-09-16 00:00:00,CFLB,7.5
1996-09-17 00:00:00,CFLB,7
1996-09-18 00:00:00,CFLB,7
1996-09-19 00:00:00,CFLB,7
1996-09-20 00:00:00,CFLB,7.25
1996-09-23 00:00:00,CFLB,0
1996-09-24 00:00:00,CFLB,7.5
1996-09-25 00:00:00,CFLB,7.5
1996-09-27 00:00:00,CFLB,7.5
1996-09-30 00:00:00,CFLB,7.5
1996-10-01 00:00:00,CFLB,7.5
1996-10-02 00:00:00,CFLB,7.5
1996-10-03 00:00:00,CFLB,7.5
1996-10-04 00:00:00,CFLB,7.5
1996-10-07 00:00:00,CFLB,7.5
1996-10-10 00:00:00,CFLB,7.5
SECURITY_DA,COMP,CLOSE_PRICE
-----------,----,-----------
1996-10-11 00:00:00,CFLB,7.25
1996-10-14 00:00:00,CFLB,7.5
1996-10-15 00:00:00,CFLB,7.5
1996-10-16 00:00:00,CFLB,7.5
1996-10-17 00:00:00,CFLB,7.75
1996-10-18 00:00:00,CFLB,7.75
1996-10-21 00:00:00,CFLB,7.75
1996-10-22 00:00:00,CFLB,7.5
1996-10-23 00:00:00,CFLB,7.5
1996-10-24 00:00:00,CFLB,7.5
1996-10-25 00:00:00,CFLB,7.25
1996-10-29 00:00:00,CFLB,7.5
1996-11-01 00:00:00,CFLB,7.75
1996-11-04 00:00:00,CFLB,8
1996-11-05 00:00:00,CFLB,8
1996-11-06 00:00:00,CFLB,8
1996-11-07 00:00:00,CFLB,8.5
1996-11-08 00:00:00,CFLB,8.5
1996-11-11 00:00:00,CFLB,8.5
1996-11-12 00:00:00,CFLB,8.25
1996-11-13 00:00:00,CFLB,8.5
SECURITY_DA,COMP,CLOSE_PRICE
-----------,----,-----------
1996-11-14 00:00:00,CFLB,8.25
1996-11-15 00:00:00,CFLB,8.5
1996-11-18 00:00:00,CFLB,8.5
1996-11-21 00:00:00,CFLB,8
1996-11-22 00:00:00,CFLB,0
1996-11-25 00:00:00,CFLB,7.75
1996-11-26 00:00:00,CFLB,7.75
1996-11-29 00:00:00,CFLB,8
1996-12-02 00:00:00,CFLB,8
1996-12-04 00:00:00,CFLB,7.5
1996-12-05 00:00:00,CFLB,7.5
1996-12-06 00:00:00,CFLB,7.5
1996-12-09 00:00:00,CFLB,7.5
1996-12-10 00:00:00,CFLB,7.25
1996-12-11 00:00:00,CFLB,7.5
1996-12-12 00:00:00,CFLB,7.5
1996-12-16 00:00:00,CFLB,7.5
1996-12-17 00:00:00,CFLB,7.5
1996-12-19 00:00:00,CFLB,7.5
1996-12-20 00:00:00,CFLB,7.5
1996-12-31 00:00:00,CFLB,7.5
SECURITY_DA,COMP,CLOSE_PRICE
-----------,----,-----------
1996-01-16 00:00:00,CFT,24
1996-02-15 00:00:00,CFT,0
1996-06-19 00:00:00,CFT,35
1996-06-20 00:00:00,CFT,35
1996-06-21 00:00:00,CFT,35
1996-06-25 00:00:00,CFT,35
1996-08-23 00:00:00,CFT,0
1996-08-30 00:00:00,CFT,34
1996-09-17 00:00:00,CFT,32.5
1996-11-20 00:00:00,CFT,32.5
1996-11-22 00:00:00,CFT,35
1996-11-26 00:00:00,CFT,0
1996-11-27 00:00:00,CFT,35.5
1996-11-28 00:00:00,CFT,0
1996-11-29 00:00:00,CFT,37.5
1996-12-03 00:00:00,CFT,0
1996-12-11 00:00:00,CFT,38.75
1996-01-02 00:00:00,CFVF,8.25
1996-01-03 00:00:00,CFVF,8.25
1996-01-08 00:00:00,CFVF,8.5
1996-01-09 00:00:00,CFVF,8.5
SECURITY_DA,COMP,CLOSE_PRICE
-----------,----,-----------
1996-01-10 00:00:00,CFVF,8.5
1996-01-11 00:00:00,CFVF,8.5
1996-01-12 00:00:00,CFVF,8.5
1996-01-16 00:00:00,CFVF,8.75
1996-01-17 00:00:00,CFVF,8.5
1996-01-18 00:00:00,CFVF,8.25
1996-01-22 00:00:00,CFVF,8
1996-01-23 00:00:00,CFVF,8.25
1996-01-24 00:00:00,CFVF,8
1996-01-25 00:00:00,CFVF,8.25
1996-01-26 00:00:00,CFVF,8.75
1996-01-29 00:00:00,CFVF,8.25
1996-01-30 00:00:00,CFVF,8.5
1996-01-31 00:00:00,CFVF,8.5
1996-02-02 00:00:00,CFVF,8.5
1996-02-07 00:00:00,CFVF,7.5
1996-02-08 00:00:00,CFVF,7.5
1996-02-09 00:00:00,CFVF,7.5
1996-02-12 00:00:00,CFVF,7.75
1996-02-13 00:00:00,CFVF,7.75
1996-02-15 00:00:00,CFVF,7.75
SECURITY_DA,COMP,CLOSE_PRICE
-----------,----,-----------
1996-02-16 00:00:00,CFVF,7.75
1996-02-19 00:00:00,CFVF,7
1996-02-20 00:00:00,CFVF,6.5
1996-02-22 00:00:00,CFVF,7.25
1996-02-23 00:00:00,CFVF,7.25
1996-02-26 00:00:00,CFVF,8
1996-02-27 00:00:00,CFVF,8.25
1996-02-28 00:00:00,CFVF,8.25
1996-02-29 00:00:00,CFVF,8.25
1996-03-01 00:00:00,CFVF,9
1996-03-05 00:00:00,CFVF,8.25
1996-03-07 00:00:00,CFVF,9.25
1996-03-08 00:00:00,CFVF,9.75
1996-03-11 00:00:00,CFVF,10
1996-03-12 00:00:00,CFVF,9
1996-03-13 00:00:00,CFVF,9.25
1996-03-14 00:00:00,CFVF,9.5
1996-03-15 00:00:00,CFVF,9.25
1996-03-18 00:00:00,CFVF,9
1996-03-19 00:00:00,CFVF,9
1996-03-21 00:00:00,CFVF,8
SECURITY_DA,COMP,CLOSE_PRICE
-----------,----,-----------
1996-03-22 00:00:00,CFVF,8
1996-03-25 00:00:00,CFVF,8
1996-03-28 00:00:00,CFVF,8
1996-03-29 00:00:00,CFVF,8
1996-04-01 00:00:00,CFVF,7.5
1996-04-02 00:00:00,CFVF,7.75
1996-04-04 00:00:00,CFVF,8
1996-04-08 00:00:00,CFVF,7.75
1996-04-09 00:00:00,CFVF,8
1996-04-10 00:00:00,CFVF,8
1996-04-15 00:00:00,CFVF,8.5
1996-04-16 00:00:00,CFVF,8.5
1996-04-17 00:00:00,CFVF,8.75
1996-04-18 00:00:00,CFVF,8.75
1996-04-19 00:00:00,CFVF,8.75
1996-04-23 00:00:00,CFVF,8.75
1996-04-24 00:00:00,CFVF,8.5
1996-04-25 00:00:00,CFVF,8.5
1996-04-26 00:00:00,CFVF,8.25
1996-04-29 00:00:00,CFVF,8.25
1996-04-30 00:00:00,CFVF,8.25
SECURITY_DA,COMP,CLOSE_PRICE
-----------,----,-----------
1996-05-06 00:00:00,CFVF,8.25
1996-05-07 00:00:00,CFVF,8.25
1996-05-08 00:00:00,CFVF,8.25
1996-05-09 00:00:00,CFVF,8.25
1996-05-10 00:00:00,CFVF,8.25
1996-05-13 00:00:00,CFVF,8.25
1996-05-14 00:00:00,CFVF,8
1996-05-15 00:00:00,CFVF,8.25
1996-05-16 00:00:00,CFVF,8
1996-05-17 00:00:00,CFVF,8
1996-05-20 00:00:00,CFVF,8
1996-05-21 00:00:00,CFVF,7.75
1996-05-24 00:00:00,CFVF,7.75
1996-05-27 00:00:00,CFVF,7
1996-05-28 00:00:00,CFVF,7
1996-05-29 00:00:00,CFVF,7
1996-06-04 00:00:00,CFVF,7
1996-06-05 00:00:00,CFVF,7.25
1996-06-06 00:00:00,CFVF,7
1996-06-07 00:00:00,CFVF,7
1996-06-10 00:00:00,CFVF,7
SECURITY_DA,COMP,CLOSE_PRICE
-----------,----,-----------
1996-06-12 00:00:00,CFVF,7
1996-06-13 00:00:00,CFVF,7
1996-06-14 00:00:00,CFVF,7
1996-06-17 00:00:00,CFVF,6.5
1996-06-18 00:00:00,CFVF,6.5
1996-06-19 00:00:00,CFVF,6.5
1996-06-20 00:00:00,CFVF,6.5
1996-06-21 00:00:00,CFVF,6.5
1996-06-24 00:00:00,CFVF,6.75
1996-06-26 00:00:00,CFVF,6.5
1996-06-27 00:00:00,CFVF,6.5
1996-06-28 00:00:00,CFVF,6.5
1996-07-01 00:00:00,CFVF,6.5
1996-07-02 00:00:00,CFVF,6.5
1996-07-05 00:00:00,CFVF,6.5
1996-07-08 00:00:00,CFVF,6.5
1996-07-09 00:00:00,CFVF,6.5
1996-07-10 00:00:00,CFVF,6.5
1996-07-11 00:00:00,CFVF,6.5
1996-07-12 00:00:00,CFVF,6.5
1996-07-16 00:00:00,CFVF,6.25
SECURITY_DA,COMP,CLOSE_PRICE
-----------,----,-----------
1996-07-17 00:00:00,CFVF,6.25
1996-07-18 00:00:00,CFVF,6.25
1996-07-19 00:00:00,CFVF,6.5
1996-07-22 00:00:00,CFVF,6.25
1996-07-24 00:00:00,CFVF,6.5
1996-07-25 00:00:00,CFVF,6.5
1996-07-26 00:00:00,CFVF,6.5
1996-08-01 00:00:00,CFVF,6.5
1996-08-02 00:00:00,CFVF,6.75
1996-08-06 00:00:00,CFVF,6.5
1996-08-07 00:00:00,CFVF,7
1996-08-08 00:00:00,CFVF,7
1996-08-09 00:00:00,CFVF,7.25
1996-08-13 00:00:00,CFVF,7
1996-08-14 00:00:00,CFVF,7
1996-08-21 00:00:00,CFVF,7
1996-08-22 00:00:00,CFVF,7
1996-08-23 00:00:00,CFVF,7
1996-08-26 00:00:00,CFVF,7
1996-08-27 00:00:00,CFVF,7
1996-08-29 00:00:00,CFVF,7
SECURITY_DA,COMP,CLOSE_PRICE
-----------,----,-----------
1996-08-30 00:00:00,CFVF,7
1996-09-02 00:00:00,CFVF,7
1996-09-03 00:00:00,CFVF,6.75
1996-09-05 00:00:00,CFVF,6.75
1996-09-06 00:00:00,CFVF,7
1996-09-09 00:00:00,CFVF,7
1996-09-10 00:00:00,CFVF,6.75
1996-09-12 00:00:00,CFVF,6.75
1996-09-16 00:00:00,CFVF,6.75
1996-09-18 00:00:00,CFVF,6.75
1996-09-19 00:00:00,CFVF,6.75
1996-09-20 00:00:00,CFVF,6.5
1996-09-23 00:00:00,CFVF,6.75
1996-10-01 00:00:00,CFVF,6.75
1996-10-02 00:00:00,CFVF,7
1996-10-04 00:00:00,CFVF,6.75
1996-10-07 00:00:00,CFVF,6.5
1996-10-08 00:00:00,CFVF,6.5
1996-10-09 00:00:00,CFVF,6.5
1996-10-10 00:00:00,CFVF,6.5
1996-10-11 00:00:00,CFVF,6.5
SECURITY_DA,COMP,CLOSE_PRICE
-----------,----,-----------
1996-10-14 00:00:00,CFVF,6.5
1996-10-15 00:00:00,CFVF,6.5
1996-10-16 00:00:00,CFVF,6.5
1996-10-17 00:00:00,CFVF,6.75
1996-10-18 00:00:00,CFVF,6.75
1996-10-21 00:00:00,CFVF,6.75
1996-10-22 00:00:00,CFVF,6.5
1996-10-23 00:00:00,CFVF,6.5
1996-10-24 00:00:00,CFVF,6.5
1996-10-25 00:00:00,CFVF,6.25
1996-10-28 00:00:00,CFVF,6.25
1996-10-29 00:00:00,CFVF,6.25
1996-10-30 00:00:00,CFVF,6.25
1996-10-31 00:00:00,CFVF,6.25
1996-11-01 00:00:00,CFVF,6.25
1996-11-04 00:00:00,CFVF,6.25
1996-11-05 00:00:00,CFVF,6.25
1996-11-06 00:00:00,CFVF,6.75
1996-11-07 00:00:00,CFVF,7
1996-11-08 00:00:00,CFVF,7.75
1996-11-11 00:00:00,CFVF,7.5
SECURITY_DA,COMP,CLOSE_PRICE
-----------,----,-----------
1996-11-12 00:00:00,CFVF,7.5
1996-11-13 00:00:00,CFVF,7.25
1996-11-14 00:00:00,CFVF,7
1996-11-15 00:00:00,CFVF,6.5
1996-11-18 00:00:00,CFVF,6.5
1996-11-19 00:00:00,CFVF,6.75
1996-11-20 00:00:00,CFVF,6.75
1996-11-21 00:00:00,CFVF,6.5
1996-11-22 00:00:00,CFVF,6.5
1996-11-25 00:00:00,CFVF,6.5
1996-11-26 00:00:00,CFVF,6.5
1996-11-28 00:00:00,CFVF,6.25
1996-11-29 00:00:00,CFVF,6.5
1996-12-02 00:00:00,CFVF,6
1996-12-03 00:00:00,CFVF,6
1996-12-04 00:00:00,CFVF,6
1996-12-05 00:00:00,CFVF,6
1996-12-06 00:00:00,CFVF,6
1996-12-09 00:00:00,CFVF,6
1996-12-10 00:00:00,CFVF,7.25
1996-12-11 00:00:00,CFVF,7
SECURITY_DA,COMP,CLOSE_PRICE
-----------,----,-----------
1996-12-12 00:00:00,CFVF,7
1996-12-16 00:00:00,CFVF,6.5
1996-12-17 00:00:00,CFVF,6.25
1996-12-19 00:00:00,CFVF,6.75
1996-12-20 00:00:00,CFVF,7
1996-12-23 00:00:00,CFVF,7
1996-12-30 00:00:00,CFVF,7
1996-12-31 00:00:00,CFVF,7.25
1996-01-02 00:00:00,CHMX,33
1996-01-09 00:00:00,CHMX,32
1996-01-23 00:00:00,CHMX,0
1996-01-24 00:00:00,CHMX,32
1996-02-16 00:00:00,CHMX,32
1996-02-19 00:00:00,CHMX,32
1996-02-29 00:00:00,CHMX,0
1996-03-01 00:00:00,CHMX,0
1996-03-11 00:00:00,CHMX,32
1996-03-12 00:00:00,CHMX,31
1996-03-22 00:00:00,CHMX,0
1996-04-02 00:00:00,CHMX,32.5
1996-04-10 00:00:00,CHMX,32
SECURITY_DA,COMP,CLOSE_PRICE
-----------,----,-----------
1996-04-15 00:00:00,CHMX,32
1996-04-24 00:00:00,CHMX,32
1996-04-25 00:00:00,CHMX,32
1996-04-29 00:00:00,CHMX,0
1996-05-09 00:00:00,CHMX,0
1996-05-10 00:00:00,CHMX,33.25
1996-05-15 00:00:00,CHMX,0
1996-05-29 00:00:00,CHMX,33
1996-06-05 00:00:00,CHMX,31.25
1996-06-11 00:00:00,CHMX,31
1996-06-12 00:00:00,CHMX,31.5
1996-06-14 00:00:00,CHMX,31.25
1996-06-18 00:00:00,CHMX,0
1996-06-26 00:00:00,CHMX,30
1996-06-27 00:00:00,CHMX,29.5
1996-07-09 00:00:00,CHMX,29
1996-07-10 00:00:00,CHMX,28
1996-07-11 00:00:00,CHMX,29
1996-07-16 00:00:00,CHMX,28
1996-07-17 00:00:00,CHMX,28.25
1996-07-18 00:00:00,CHMX,27
SECURITY_DA,COMP,CLOSE_PRICE
-----------,----,-----------
1996-07-19 00:00:00,CHMX,26
1996-07-25 00:00:00,CHMX,0
1996-08-06 00:00:00,CHMX,28.5
1996-08-08 00:00:00,CHMX,0
1996-08-09 00:00:00,CHMX,0
1996-08-26 00:00:00,CHMX,30
1996-08-27 00:00:00,CHMX,0
1996-09-02 00:00:00,CHMX,0
1996-09-11 00:00:00,CHMX,32.5
1996-09-12 00:00:00,CHMX,32.5
1996-09-17 00:00:00,CHMX,0
1996-09-27 00:00:00,CHMX,0
1996-09-30 00:00:00,CHMX,0
1996-10-07 00:00:00,CHMX,37.5
1996-10-10 00:00:00,CHMX,38
1996-10-15 00:00:00,CHMX,38.5
1996-10-21 00:00:00,CHMX,40
1996-10-22 00:00:00,CHMX,41
1996-10-25 00:00:00,CHMX,40
1996-11-04 00:00:00,CHMX,40
1996-11-05 00:00:00,CHMX,0
SECURITY_DA,COMP,CLOSE_PRICE
-----------,----,-----------
1996-11-06 00:00:00,CHMX,40
1996-11-08 00:00:00,CHMX,40
1996-11-11 00:00:00,CHMX,41
1996-11-20 00:00:00,CHMX,41
1996-11-22 00:00:00,CHMX,41
1996-11-25 00:00:00,CHMX,41
1996-11-26 00:00:00,CHMX,41
1996-11-28 00:00:00,CHMX,40
1996-11-29 00:00:00,CHMX,40
1996-12-05 00:00:00,CHMX,0
1996-12-13 00:00:00,CHMX,0
1996-12-16 00:00:00,CHMX,0
1996-12-17 00:00:00,CHMX,0
1996-12-19 00:00:00,CHMX,0
1996-12-23 00:00:00,CHMX,0
1996-12-31 00:00:00,CHMX,0
1996-01-02 00:00:00,CHOT,0
1996-01-03 00:00:00,CHOT,90
1996-01-12 00:00:00,CHOT,90
1996-02-14 00:00:00,CHOT,0
1996-03-25 00:00:00,CHOT,90
SECURITY_DA,COMP,CLOSE_PRICE
-----------,----,-----------
1996-03-26 00:00:00,CHOT,0
1996-04-22 00:00:00,CHOT,0
1996-04-30 00:00:00,CHOT,0
1996-05-16 00:00:00,CHOT,80
1996-05-23 00:00:00,CHOT,0
1996-06-13 00:00:00,CHOT,71.25
1996-06-14 00:00:00,CHOT,67.5
1996-06-18 00:00:00,CHOT,0
1996-06-24 00:00:00,CHOT,0
1996-06-25 00:00:00,CHOT,60
1996-06-27 00:00:00,CHOT,60
1996-07-03 00:00:00,CHOT,60
1996-07-09 00:00:00,CHOT,57
1996-07-11 00:00:00,CHOT,55
1996-07-15 00:00:00,CHOT,50
1996-07-31 00:00:00,CHOT,48
1996-08-01 00:00:00,CHOT,47.5
1996-08-02 00:00:00,CHOT,48
1996-08-14 00:00:00,CHOT,0
1996-08-23 00:00:00,CHOT,45.5
1996-09-18 00:00:00,CHOT,0
SECURITY_DA,COMP,CLOSE_PRICE
-----------,----,-----------
1996-09-30 00:00:00,CHOT,0
1996-10-25 00:00:00,CHOT,60
1996-11-14 00:00:00,CHOT,68
1996-11-18 00:00:00,CHOT,70
1996-11-19 00:00:00,CHOT,71.5
1996-11-20 00:00:00,CHOT,68
1996-11-22 00:00:00,CHOT,64.75
1996-11-29 00:00:00,CHOT,65
1996-12-03 00:00:00,CHOT,61.75
1996-12-05 00:00:00,CHOT,0
1996-01-09 00:00:00,CHOU,8.75
1996-01-10 00:00:00,CHOU,8.75
1996-01-12 00:00:00,CHOU,9
1996-01-25 00:00:00,CHOU,8.5
1996-02-08 00:00:00,CHOU,8
1996-02-20 00:00:00,CHOU,7.25
1996-02-26 00:00:00,CHOU,7
1996-02-27 00:00:00,CHOU,7
1996-02-29 00:00:00,CHOU,6.75
1996-03-05 00:00:00,CHOU,8
1996-03-08 00:00:00,CHOU,8.5
SECURITY_DA,COMP,CLOSE_PRICE
-----------,----,-----------
1996-03-13 00:00:00,CHOU,8.75
1996-03-14 00:00:00,CHOU,8.5
1996-03-21 00:00:00,CHOU,8.75
1996-03-22 00:00:00,CHOU,8.5
1996-03-29 00:00:00,CHOU,8.5
1996-04-01 00:00:00,CHOU,8
1996-04-04 00:00:00,CHOU,8.5
1996-04-16 00:00:00,CHOU,9.25
1996-04-17 00:00:00,CHOU,8.75
1996-05-07 00:00:00,CHOU,8.75
1996-05-20 00:00:00,CHOU,9
1996-05-21 00:00:00,CHOU,9.25
1996-05-23 00:00:00,CHOU,9.5
1996-05-24 00:00:00,CHOU,9.5
1996-06-07 00:00:00,CHOU,9
1996-06-12 00:00:00,CHOU,9
1996-06-17 00:00:00,CHOU,9.25
1996-07-04 00:00:00,CHOU,9.5
1996-07-08 00:00:00,CHOU,9.25
1996-07-10 00:00:00,CHOU,9.25
1996-07-11 00:00:00,CHOU,10
SECURITY_DA,COMP,CLOSE_PRICE
-----------,----,-----------
1996-07-26 00:00:00,CHOU,9.25
1996-07-31 00:00:00,CHOU,9.25
1996-08-12 00:00:00,CHOU,9.75
1996-08-14 00:00:00,CHOU,9.5
1996-08-15 00:00:00,CHOU,10.5
1996-08-16 00:00:00,CHOU,10.5
1996-08-19 00:00:00,CHOU,10.5
1996-09-04 00:00:00,CHOU,11.25
1996-09-05 00:00:00,CHOU,0
1996-09-06 00:00:00,CHOU,0
1996-09-09 00:00:00,CHOU,0
1996-09-16 00:00:00,CHOU,11
1996-09-17 00:00:00,CHOU,11
1996-09-18 00:00:00,CHOU,11
1996-09-24 00:00:00,CHOU,11
1996-09-25 00:00:00,CHOU,11
1996-10-03 00:00:00,CHOU,11.25
1996-10-09 00:00:00,CHOU,11.5
1996-10-10 00:00:00,CHOU,11.5
1996-10-14 00:00:00,CHOU,11.5
1996-10-15 00:00:00,CHOU,11.75
SECURITY_DA,COMP,CLOSE_PRICE
-----------,----,-----------
1996-10-18 00:00:00,CHOU,10.5
1996-10-24 00:00:00,CHOU,10.25
1996-11-14 00:00:00,CHOU,10
1996-11-15 00:00:00,CHOU,0
1996-11-22 00:00:00,CHOU,10
1996-11-29 00:00:00,CHOU,10
1996-12-09 00:00:00,CHOU,10
1996-12-11 00:00:00,CHOU,10
1996-01-02 00:00:00,CHR,37
1996-01-03 00:00:00,CHR,35
1996-01-16 00:00:00,CHR,33
1996-01-19 00:00:00,CHR,30
1996-01-24 00:00:00,CHR,29
1996-01-25 00:00:00,CHR,30
1996-02-14 00:00:00,CHR,29
1996-03-12 00:00:00,CHR,29
1996-03-29 00:00:00,CHR,28.5
1996-04-08 00:00:00,CHR,27
1996-04-17 00:00:00,CHR,29
1996-04-18 00:00:00,CHR,28
1996-04-26 00:00:00,CHR,29
SECURITY_DA,COMP,CLOSE_PRICE
-----------,----,-----------
1996-04-30 00:00:00,CHR,29
1996-05-14 00:00:00,CHR,29
1996-05-20 00:00:00,CHR,29
1996-05-24 00:00:00,CHR,29
1996-06-20 00:00:00,CHR,0
1996-06-26 00:00:00,CHR,0
1996-07-04 00:00:00,CHR,27
1996-07-08 00:00:00,CHR,26
1996-07-19 00:00:00,CHR,25
1996-08-01 00:00:00,CHR,23.25
1996-08-22 00:00:00,CHR,23.25
1996-09-02 00:00:00,CHR,23.25
1996-09-20 00:00:00,CHR,21
1996-09-27 00:00:00,CHR,22
1996-10-04 00:00:00,CHR,22
1996-10-22 00:00:00,CHR,22
1996-10-24 00:00:00,CHR,22
1996-10-25 00:00:00,CHR,22
1996-11-05 00:00:00,CHR,22
1996-11-07 00:00:00,CHR,22
1996-11-22 00:00:00,CHR,21
SECURITY_DA,COMP,CLOSE_PRICE
-----------,----,-----------
1996-11-25 00:00:00,CHR,20
1996-12-31 00:00:00,CHR,20
1996-01-03 00:00:00,CIC,0
1996-01-12 00:00:00,CIC,60
1996-01-16 00:00:00,CIC,62
1996-01-18 00:00:00,CIC,63.5
1996-01-19 00:00:00,CIC,63
1996-01-22 00:00:00,CIC,0
1996-01-25 00:00:00,CIC,63
1996-02-07 00:00:00,CIC,0
1996-02-09 00:00:00,CIC,60
1996-02-13 00:00:00,CIC,63
1996-02-14 00:00:00,CIC,61
1996-02-28 00:00:00,CIC,63
1996-02-29 00:00:00,CIC,62.5
1996-03-01 00:00:00,CIC,0
1996-03-05 00:00:00,CIC,63.25
1996-03-08 00:00:00,CIC,62
1996-03-11 00:00:00,CIC,62
1996-03-20 00:00:00,CIC,60
1996-03-21 00:00:00,CIC,59
SECURITY_DA,COMP,CLOSE_PRICE
-----------,----,-----------
1996-03-22 00:00:00,CIC,58
1996-03-25 00:00:00,CIC,58
1996-03-26 00:00:00,CIC,58
1996-03-27 00:00:00,CIC,58
1996-03-28 00:00:00,CIC,57
1996-04-25 00:00:00,CIC,0
1996-05-07 00:00:00,CIC,58
1996-05-08 00:00:00,CIC,58
1996-05-10 00:00:00,CIC,0
1996-05-15 00:00:00,CIC,58.5
1996-06-05 00:00:00,CIC,57.5
1996-06-06 00:00:00,CIC,60
1996-06-11 00:00:00,CIC,58
1996-06-12 00:00:00,CIC,0
1996-06-13 00:00:00,CIC,55.25
1996-06-14 00:00:00,CIC,55
1996-06-20 00:00:00,CIC,55
1996-06-21 00:00:00,CIC,0
1996-06-24 00:00:00,CIC,0
1996-06-25 00:00:00,CIC,53
1996-07-03 00:00:00,CIC,0
SECURITY_DA,COMP,CLOSE_PRICE
-----------,----,-----------
1996-07-09 00:00:00,CIC,53
1996-07-11 00:00:00,CIC,53
1996-07-15 00:00:00,CIC,0
1996-07-17 00:00:00,CIC,50
1996-07-23 00:00:00,CIC,50
1996-08-06 00:00:00,CIC,50
1996-08-19 00:00:00,CIC,50.5
1996-08-21 00:00:00,CIC,51.5
1996-08-29 00:00:00,CIC,52
1996-09-02 00:00:00,CIC,51.5
1996-09-03 00:00:00,CIC,51.5
1996-09-06 00:00:00,CIC,51
1996-09-12 00:00:00,CIC,52
1996-09-13 00:00:00,CIC,51.5
1996-09-18 00:00:00,CIC,53.5
1996-09-20 00:00:00,CIC,53.5
1996-09-23 00:00:00,CIC,53.5
1996-09-27 00:00:00,CIC,55
1996-10-03 00:00:00,CIC,57
1996-10-07 00:00:00,CIC,57
1996-10-10 00:00:00,CIC,0
SECURITY_DA,COMP,CLOSE_PRICE
-----------,----,-----------
1996-10-11 00:00:00,CIC,57
1996-10-14 00:00:00,CIC,55
1996-10-15 00:00:00,CIC,53
1996-10-16 00:00:00,CIC,52
1996-10-17 00:00:00,CIC,52.5
1996-10-22 00:00:00,CIC,55
1996-10-29 00:00:00,CIC,54
1996-11-01 00:00:00,CIC,52
1996-11-05 00:00:00,CIC,52
1996-11-11 00:00:00,CIC,52.5
1996-11-13 00:00:00,CIC,51
1996-11-18 00:00:00,CIC,50.5
1996-11-22 00:00:00,CIC,0
1996-11-25 00:00:00,CIC,50.5
1996-11-29 00:00:00,CIC,51
1996-12-03 00:00:00,CIC,51
1996-12-05 00:00:00,CIC,50
1996-12-06 00:00:00,CIC,49
1996-12-23 00:00:00,CIC,46.75
1996-12-27 00:00:00,CIC,49
1996-12-30 00:00:00,CIC,49
SECURITY_DA,COMP,CLOSE_PRICE
-----------,----,-----------
1996-12-31 00:00:00,CIC,0
1996-01-04 00:00:00,CIND,70
1996-01-26 00:00:00,CIND,72
1996-01-30 00:00:00,CIND,72
1996-02-15 00:00:00,CIND,72
1996-02-16 00:00:00,CIND,75
1996-02-19 00:00:00,CIND,75
1996-02-23 00:00:00,CIND,71
1996-02-29 00:00:00,CIND,74
1996-03-08 00:00:00,CIND,72
1996-03-14 00:00:00,CIND,73
1996-03-19 00:00:00,CIND,80
1996-03-29 00:00:00,CIND,80
1996-04-01 00:00:00,CIND,76
1996-04-04 00:00:00,CIND,74
1996-04-09 00:00:00,CIND,0
1996-04-17 00:00:00,CIND,72.5
1996-04-19 00:00:00,CIND,73
1996-04-25 00:00:00,CIND,73
1996-04-26 00:00:00,CIND,73
1996-05-06 00:00:00,CIND,73
SECURITY_DA,COMP,CLOSE_PRICE
-----------,----,-----------
1996-05-13 00:00:00,CIND,76
1996-05-16 00:00:00,CIND,79
1996-07-05 00:00:00,CIND,80
1996-07-08 00:00:00,CIND,80
1996-07-17 00:00:00,CIND,76
1996-07-24 00:00:00,CIND,77.75
1996-08-02 00:00:00,CIND,0
1996-08-07 00:00:00,CIND,78.75
1996-08-16 00:00:00,CIND,0
1996-09-02 00:00:00,CIND,0
1996-10-17 00:00:00,CIND,0
1996-10-24 00:00:00,CIND,73.75
1996-11-22 00:00:00,CIND,73.5
1996-01-03 00:00:00,CINS,27
1996-01-08 00:00:00,CINS,27.25
1996-01-09 00:00:00,CINS,28
1996-01-10 00:00:00,CINS,28
1996-01-11 00:00:00,CINS,28
1996-01-16 00:00:00,CINS,28
1996-01-17 00:00:00,CINS,28
1996-01-19 00:00:00,CINS,27
SECURITY_DA,COMP,CLOSE_PRICE
-----------,----,-----------
1996-01-22 00:00:00,CINS,25.75
1996-01-23 00:00:00,CINS,25
1996-01-24 00:00:00,CINS,25.5
1996-01-29 00:00:00,CINS,0
1996-01-30 00:00:00,CINS,26
1996-02-06 00:00:00,CINS,24.5
1996-02-08 00:00:00,CINS,24
1996-02-12 00:00:00,CINS,20
1996-02-20 00:00:00,CINS,23.5
1996-02-23 00:00:00,CINS,23.5
1996-02-26 00:00:00,CINS,23.5
1996-02-27 00:00:00,CINS,24
1996-02-28 00:00:00,CINS,24
1996-03-06 00:00:00,CINS,25.75
1996-03-07 00:00:00,CINS,26.25
1996-03-08 00:00:00,CINS,27.5
1996-03-11 00:00:00,CINS,28
1996-03-12 00:00:00,CINS,27
1996-03-13 00:00:00,CINS,26.25
1996-03-14 00:00:00,CINS,27
1996-03-18 00:00:00,CINS,27
SECURITY_DA,COMP,CLOSE_PRICE
-----------,----,-----------
1996-03-19 00:00:00,CINS,27
1996-03-25 00:00:00,CINS,25.5
1996-03-28 00:00:00,CINS,24
1996-03-29 00:00:00,CINS,24
1996-04-01 00:00:00,CINS,23
1996-04-08 00:00:00,CINS,23
1996-04-09 00:00:00,CINS,23
1996-04-10 00:00:00,CINS,23.5
1996-04-18 00:00:00,CINS,24
1996-04-19 00:00:00,CINS,24
1996-04-22 00:00:00,CINS,24
1996-04-25 00:00:00,CINS,0
1996-04-29 00:00:00,CINS,25
1996-05-07 00:00:00,CINS,25
1996-05-09 00:00:00,CINS,25
1996-05-10 00:00:00,CINS,25
1996-05-13 00:00:00,CINS,25
1996-05-14 00:00:00,CINS,24
1996-05-15 00:00:00,CINS,24
1996-05-16 00:00:00,CINS,24
1996-05-17 00:00:00,CINS,23
SECURITY_DA,COMP,CLOSE_PRICE
-----------,----,-----------
1996-05-20 00:00:00,CINS,23
1996-05-21 00:00:00,CINS,23.5
1996-05-24 00:00:00,CINS,23.5
1996-05-27 00:00:00,CINS,0
1996-05-29 00:00:00,CINS,23
1996-06-04 00:00:00,CINS,22.5
1996-06-05 00:00:00,CINS,22.5
1996-06-06 00:00:00,CINS,22.5
1996-06-12 00:00:00,CINS,22
1996-06-13 00:00:00,CINS,22
1996-06-14 00:00:00,CINS,0
1996-06-17 00:00:00,CINS,22
1996-06-19 00:00:00,CINS,22.25
1996-06-20 00:00:00,CINS,22.5
1996-06-21 00:00:00,CINS,22.5
1996-06-24 00:00:00,CINS,22.25
1996-06-25 00:00:00,CINS,22
1996-06-26 00:00:00,CINS,22
1996-06-27 00:00:00,CINS,22
1996-06-28 00:00:00,CINS,21
1996-07-02 00:00:00,CINS,20
SECURITY_DA,COMP,CLOSE_PRICE
-----------,----,-----------
1996-07-04 00:00:00,CINS,0
1996-07-05 00:00:00,CINS,20
1996-07-08 00:00:00,CINS,20
1996-07-09 00:00:00,CINS,20
1996-07-11 00:00:00,CINS,19
1996-07-16 00:00:00,CINS,18
1996-07-17 00:00:00,CINS,14.5
1996-07-19 00:00:00,CINS,0
1996-07-22 00:00:00,CINS,15.25
1996-07-25 00:00:00,CINS,17.25
1996-07-26 00:00:00,CINS,18
1996-07-31 00:00:00,CINS,19
1996-08-01 00:00:00,CINS,19.5
1996-08-07 00:00:00,CINS,20
1996-08-09 00:00:00,CINS,19.75
1996-08-16 00:00:00,CINS,19.25
1996-08-19 00:00:00,CINS,0
1996-08-20 00:00:00,CINS,18.75
1996-08-21 00:00:00,CINS,0
1996-08-29 00:00:00,CINS,18.75
1996-09-03 00:00:00,CINS,20
SECURITY_DA,COMP,CLOSE_PRICE
-----------,----,-----------
1996-09-06 00:00:00,CINS,19
1996-09-10 00:00:00,CINS,20
1996-09-13 00:00:00,CINS,20
1996-09-17 00:00:00,CINS,0
1996-09-18 00:00:00,CINS,0
1996-09-20 00:00:00,CINS,21
1996-09-30 00:00:00,CINS,21
1996-10-01 00:00:00,CINS,22
1996-10-10 00:00:00,CINS,0
1996-10-11 00:00:00,CINS,23.25
1996-10-17 00:00:00,CINS,23.75
1996-10-18 00:00:00,CINS,23.75
1996-10-21 00:00:00,CINS,24
1996-10-22 00:00:00,CINS,24.5
1996-10-23 00:00:00,CINS,24.5
1996-10-24 00:00:00,CINS,24
1996-10-30 00:00:00,CINS,24
1996-11-01 00:00:00,CINS,23.5
1996-11-04 00:00:00,CINS,23.75
1996-11-05 00:00:00,CINS,23.5
1996-11-06 00:00:00,CINS,23.5
SECURITY_DA,COMP,CLOSE_PRICE
-----------,----,-----------
1996-11-08 00:00:00,CINS,23.5
1996-11-15 00:00:00,CINS,23.75
1996-11-18 00:00:00,CINS,0
1996-11-19 00:00:00,CINS,23.75
1996-11-21 00:00:00,CINS,24
1996-11-22 00:00:00,CINS,24
1996-11-25 00:00:00,CINS,23.25
1996-11-29 00:00:00,CINS,22
1996-12-03 00:00:00,CINS,22
1996-12-05 00:00:00,CINS,21.5
1996-12-12 00:00:00,CINS,21
1996-12-13 00:00:00,CINS,21
1996-12-16 00:00:00,CINS,20.25
1996-12-17 00:00:00,CINS,20.25
1996-12-19 00:00:00,CINS,21
1996-12-23 00:00:00,CINS,20.25
1996-01-12 00:00:00,CINV,201
1996-03-21 00:00:00,CINV,0
1996-04-04 00:00:00,CINV,191
1996-05-07 00:00:00,CINV,191
1996-05-14 00:00:00,CINV,0
SECURITY_DA,COMP,CLOSE_PRICE
-----------,----,-----------
1996-05-23 00:00:00,CINV,192.25
1996-07-22 00:00:00,CINV,192.25
1996-07-23 00:00:00,CINV,0
1996-07-31 00:00:00,CINV,192.25
1996-09-20 00:00:00,CINV,192
1996-11-11 00:00:00,CINV,193.25
1996-11-12 00:00:00,CINV,193
1996-11-14 00:00:00,CINV,0
1996-11-29 00:00:00,CINV,183
1996-01-25 00:00:00,CIT,10.5
1996-01-26 00:00:00,CIT,10.5
1996-02-08 00:00:00,CIT,10
1996-03-12 00:00:00,CIT,10
1996-03-18 00:00:00,CIT,0
1996-03-22 00:00:00,CIT,0
1996-04-23 00:00:00,CIT,0
1996-04-30 00:00:00,CIT,9.25
1996-05-06 00:00:00,CIT,9.5
1996-05-10 00:00:00,CIT,9.5
1996-05-14 00:00:00,CIT,10
1996-05-15 00:00:00,CIT,10
SECURITY_DA,COMP,CLOSE_PRICE
-----------,----,-----------
1996-05-28 00:00:00,CIT,9.75
1996-05-29 00:00:00,CIT,9.75
1996-06-19 00:00:00,CIT,0
1996-06-20 00:00:00,CIT,9
1996-07-24 00:00:00,CIT,9
1996-08-14 00:00:00,CIT,8
1996-08-30 00:00:00,CIT,7.75
1996-09-02 00:00:00,CIT,0
1996-09-11 00:00:00,CIT,7.5
1996-10-10 00:00:00,CIT,8
1996-10-17 00:00:00,CIT,8.5
1996-10-23 00:00:00,CIT,8.5
1996-10-31 00:00:00,CIT,10
1996-11-12 00:00:00,CIT,9
1996-11-21 00:00:00,CIT,8.5
1996-11-22 00:00:00,CIT,8.5
1996-01-02 00:00:00,CLND,17
1996-01-03 00:00:00,CLND,17
1996-01-10 00:00:00,CLND,17.5
1996-01-16 00:00:00,CLND,17
1996-01-17 00:00:00,CLND,16.5
SECURITY_DA,COMP,CLOSE_PRICE
-----------,----,-----------
1996-01-24 00:00:00,CLND,16
1996-01-25 00:00:00,CLND,16
1996-01-26 00:00:00,CLND,16
1996-02-15 00:00:00,CLND,15
1996-02-21 00:00:00,CLND,15.25
1996-02-22 00:00:00,CLND,15
1996-02-23 00:00:00,CLND,15
1996-02-26 00:00:00,CLND,15
1996-02-27 00:00:00,CLND,15
1996-02-28 00:00:00,CLND,15
1996-03-06 00:00:00,CLND,15.25
1996-03-08 00:00:00,CLND,16
1996-03-12 00:00:00,CLND,16
1996-03-13 00:00:00,CLND,16
1996-03-14 00:00:00,CLND,16
1996-03-18 00:00:00,CLND,16
1996-03-20 00:00:00,CLND,15
1996-03-28 00:00:00,CLND,15
1996-03-29 00:00:00,CLND,15
1996-04-04 00:00:00,CLND,15
1996-04-08 00:00:00,CLND,14.5
SECURITY_DA,COMP,CLOSE_PRICE
-----------,----,-----------
1996-04-09 00:00:00,CLND,15
1996-04-16 00:00:00,CLND,15.5
1996-04-19 00:00:00,CLND,0
1996-04-22 00:00:00,CLND,15.5
1996-04-25 00:00:00,CLND,15.25
1996-04-26 00:00:00,CLND,0
1996-04-30 00:00:00,CLND,15
1996-05-06 00:00:00,CLND,15
1996-05-10 00:00:00,CLND,15.25
1996-05-13 00:00:00,CLND,15.25
1996-05-15 00:00:00,CLND,15
1996-05-17 00:00:00,CLND,0
1996-05-20 00:00:00,CLND,0
1996-05-28 00:00:00,CLND,15.5
1996-05-30 00:00:00,CLND,15.5
1996-06-06 00:00:00,CLND,16
1996-06-10 00:00:00,CLND,16
1996-06-12 00:00:00,CLND,16
1996-06-13 00:00:00,CLND,16.25
1996-06-14 00:00:00,CLND,16
1996-06-17 00:00:00,CLND,16
SECURITY_DA,COMP,CLOSE_PRICE
-----------,----,-----------
1996-06-18 00:00:00,CLND,16
1996-06-19 00:00:00,CLND,15.75
1996-06-24 00:00:00,CLND,16
1996-06-27 00:00:00,CLND,15.5
1996-07-02 00:00:00,CLND,0
1996-07-04 00:00:00,CLND,0
1996-07-08 00:00:00,CLND,15.5
1996-07-09 00:00:00,CLND,15.75
1996-07-10 00:00:00,CLND,15.75
1996-07-16 00:00:00,CLND,15.75
1996-07-18 00:00:00,CLND,15.75
1996-07-19 00:00:00,CLND,16
1996-07-24 00:00:00,CLND,16
1996-07-26 00:00:00,CLND,16.25
1996-08-09 00:00:00,CLND,16.5
1996-08-22 00:00:00,CLND,16.5
1996-08-26 00:00:00,CLND,16.75
1996-09-03 00:00:00,CLND,16.5
1996-09-16 00:00:00,CLND,17.25
1996-09-17 00:00:00,CLND,17
1996-09-18 00:00:00,CLND,17.5
SECURITY_DA,COMP,CLOSE_PRICE
-----------,----,-----------
1996-10-02 00:00:00,CLND,18.25
1996-10-03 00:00:00,CLND,0
1996-10-04 00:00:00,CLND,19
1996-10-11 00:00:00,CLND,19.5
1996-10-17 00:00:00,CLND,20
1996-10-18 00:00:00,CLND,20.5
1996-10-21 00:00:00,CLND,20.25
1996-10-25 00:00:00,CLND,20
1996-11-07 00:00:00,CLND,20
1996-11-08 00:00:00,CLND,20
1996-11-11 00:00:00,CLND,20
1996-11-12 00:00:00,CLND,20
1996-11-15 00:00:00,CLND,20
1996-11-19 00:00:00,CLND,19.75
1996-11-21 00:00:00,CLND,19.5
1996-11-22 00:00:00,CLND,0
1996-12-30 00:00:00,CLND,19.5
1996-01-02 00:00:00,COCO,16.5
1996-01-03 00:00:00,COCO,16.75
1996-01-08 00:00:00,COCO,16.5
1996-01-09 00:00:00,COCO,17
SECURITY_DA,COMP,CLOSE_PRICE
-----------,----,-----------
1996-01-10 00:00:00,COCO,17.5
1996-01-11 00:00:00,COCO,17.5
1996-01-12 00:00:00,COCO,17.5
1996-01-16 00:00:00,COCO,17
1996-01-17 00:00:00,COCO,17
1996-01-18 00:00:00,COCO,17
1996-01-19 00:00:00,COCO,17
1996-01-22 00:00:00,COCO,17
1996-01-23 00:00:00,COCO,17
1996-01-24 00:00:00,COCO,17
1996-01-25 00:00:00,COCO,17
1996-01-29 00:00:00,COCO,16.5
1996-01-31 00:00:00,COCO,16.5
1996-02-06 00:00:00,COCO,16.5
1996-02-07 00:00:00,COCO,16.75
1996-02-08 00:00:00,COCO,16.25
1996-02-09 00:00:00,COCO,16.25
1996-02-12 00:00:00,COCO,16.5
1996-02-14 00:00:00,COCO,16.25
1996-02-15 00:00:00,COCO,16
1996-02-16 00:00:00,COCO,16
SECURITY_DA,COMP,CLOSE_PRICE
-----------,----,-----------
1996-02-20 00:00:00,COCO,16
1996-02-21 00:00:00,COCO,16
1996-02-22 00:00:00,COCO,15.5
1996-02-23 00:00:00,COCO,15.5
1996-02-27 00:00:00,COCO,15.5
1996-02-28 00:00:00,COCO,15.5
1996-03-01 00:00:00,COCO,15.5
1996-03-05 00:00:00,COCO,16.75
1996-03-06 00:00:00,COCO,17.5
1996-03-08 00:00:00,COCO,18.5
1996-03-11 00:00:00,COCO,19
1996-03-12 00:00:00,COCO,18
1996-03-14 00:00:00,COCO,18
1996-03-15 00:00:00,COCO,17
1996-03-19 00:00:00,COCO,16
1996-03-20 00:00:00,COCO,16.5
1996-03-21 00:00:00,COCO,16.5
1996-03-22 00:00:00,COCO,16.25
1996-03-25 00:00:00,COCO,16.25
1996-03-26 00:00:00,COCO,16.75
1996-03-27 00:00:00,COCO,16.5
SECURITY_DA,COMP,CLOSE_PRICE
-----------,----,-----------
1996-03-28 00:00:00,COCO,17
1996-03-29 00:00:00,COCO,17
1996-04-01 00:00:00,COCO,17
1996-04-04 00:00:00,COCO,17
1996-04-08 00:00:00,COCO,17
1996-04-09 00:00:00,COCO,17
1996-04-10 00:00:00,COCO,17
1996-04-16 00:00:00,COCO,17
1996-04-23 00:00:00,COCO,17.25
1996-04-24 00:00:00,COCO,17
1996-04-25 00:00:00,COCO,17
1996-04-26 00:00:00,COCO,17.25
1996-04-30 00:00:00,COCO,17.5
1996-05-09 00:00:00,COCO,17
1996-05-10 00:00:00,COCO,17
1996-05-13 00:00:00,COCO,17
1996-05-14 00:00:00,COCO,17
1996-05-15 00:00:00,COCO,17
1996-05-16 00:00:00,COCO,17
1996-05-21 00:00:00,COCO,16
1996-05-22 00:00:00,COCO,16.25
SECURITY_DA,COMP,CLOSE_PRICE
-----------,----,-----------
1996-05-23 00:00:00,COCO,16
1996-05-24 00:00:00,COCO,16
1996-05-27 00:00:00,COCO,16.25
1996-05-28 00:00:00,COCO,16
1996-05-29 00:00:00,COCO,16
1996-05-30 00:00:00,COCO,16
1996-06-03 00:00:00,COCO,16
1996-06-04 00:00:00,COCO,16.25
1996-06-05 00:00:00,COCO,16.5
1996-06-06 00:00:00,COCO,16.5
1996-06-11 00:00:00,COCO,16
1996-06-12 00:00:00,COCO,16
1996-06-18 00:00:00,COCO,16.75
1996-06-21 00:00:00,COCO,16
1996-06-25 00:00:00,COCO,15.5
1996-07-03 00:00:00,COCO,16
1996-07-05 00:00:00,COCO,16.25
1996-07-12 00:00:00,COCO,16.5
1996-07-15 00:00:00,COCO,16.25
1996-07-16 00:00:00,COCO,17
1996-07-18 00:00:00,COCO,16
SECURITY_DA,COMP,CLOSE_PRICE
-----------,----,-----------
1996-07-19 00:00:00,COCO,16
1996-07-25 00:00:00,COCO,15.5
1996-07-26 00:00:00,COCO,16
1996-07-31 00:00:00,COCO,16
1996-08-02 00:00:00,COCO,16.25
1996-08-06 00:00:00,COCO,16.5
1996-08-07 00:00:00,COCO,0
1996-08-13 00:00:00,COCO,16.5
1996-08-21 00:00:00,COCO,16.5
1996-08-22 00:00:00,COCO,16.5
1996-08-30 00:00:00,COCO,16.75
1996-09-03 00:00:00,COCO,17.5
1996-09-09 00:00:00,COCO,18
1996-09-10 00:00:00,COCO,18
1996-09-11 00:00:00,COCO,0
1996-09-12 00:00:00,COCO,18
1996-09-16 00:00:00,COCO,18.25
1996-09-18 00:00:00,COCO,18.5
1996-09-20 00:00:00,COCO,19
1996-09-23 00:00:00,COCO,19
1996-09-24 00:00:00,COCO,19
SECURITY_DA,COMP,CLOSE_PRICE
-----------,----,-----------
1996-09-27 00:00:00,COCO,19.5
1996-09-30 00:00:00,COCO,19.5
1996-10-01 00:00:00,COCO,19
1996-10-02 00:00:00,COCO,19.25
1996-10-03 00:00:00,COCO,19.25
1996-10-04 00:00:00,COCO,19
1996-10-07 00:00:00,COCO,0
1996-10-09 00:00:00,COCO,19
1996-10-10 00:00:00,COCO,19
1996-10-11 00:00:00,COCO,0
1996-10-15 00:00:00,COCO,19
1996-10-16 00:00:00,COCO,19
1996-10-17 00:00:00,COCO,19.75
1996-10-18 00:00:00,COCO,19.75
1996-10-21 00:00:00,COCO,19.75
1996-10-22 00:00:00,COCO,20
1996-10-23 00:00:00,COCO,20
1996-10-24 00:00:00,COCO,20
1996-10-25 00:00:00,COCO,20.5
1996-10-28 00:00:00,COCO,17
1996-10-29 00:00:00,COCO,17.25
SECURITY_DA,COMP,CLOSE_PRICE
-----------,----,-----------
1996-10-30 00:00:00,COCO,17.5
1996-10-31 00:00:00,COCO,18
1996-11-11 00:00:00,COCO,18
1996-11-13 00:00:00,COCO,18.5
1996-11-14 00:00:00,COCO,20.5
1996-11-15 00:00:00,COCO,22.25
1996-11-18 00:00:00,COCO,22
1996-11-19 00:00:00,COCO,21.5
1996-11-20 00:00:00,COCO,21.5
1996-11-21 00:00:00,COCO,21.5
1996-11-22 00:00:00,COCO,20.5
1996-11-26 00:00:00,COCO,20
1996-11-27 00:00:00,COCO,19.5
1996-11-28 00:00:00,COCO,19
1996-11-29 00:00:00,COCO,19
1996-12-02 00:00:00,COCO,19.25
1996-12-03 00:00:00,COCO,19.25
1996-12-05 00:00:00,COCO,19
1996-12-06 00:00:00,COCO,20.25
1996-12-12 00:00:00,COCO,19
1996-12-13 00:00:00,COCO,19.25
SECURITY_DA,COMP,CLOSE_PRICE
-----------,----,-----------
1996-12-16 00:00:00,COCO,19
1996-12-18 00:00:00,COCO,18.75
1996-12-19 00:00:00,COCO,19
1996-02-09 00:00:00,COLL,205
1996-02-27 00:00:00,COLL,224.75
1996-05-22 00:00:00,COLL,224.75
1996-01-16 00:00:00,COLO,0
1996-01-23 00:00:00,COLO,280.25
1996-01-29 00:00:00,COLO,0
1996-02-16 00:00:00,COLO,20
1996-02-19 00:00:00,COLO,20
1996-02-20 00:00:00,COLO,18
1996-02-21 00:00:00,COLO,19
1996-02-23 00:00:00,COLO,20
1996-02-26 00:00:00,COLO,20
1996-03-01 00:00:00,COLO,21
1996-03-05 00:00:00,COLO,20
1996-03-08 00:00:00,COLO,0
1996-03-12 00:00:00,COLO,20
1996-03-15 00:00:00,COLO,19.25
1996-03-18 00:00:00,COLO,19
SECURITY_DA,COMP,CLOSE_PRICE
-----------,----,-----------
1996-03-22 00:00:00,COLO,0
1996-04-09 00:00:00,COLO,15.25
1996-04-10 00:00:00,COLO,14.5
1996-04-16 00:00:00,COLO,13.5
1996-04-17 00:00:00,COLO,12.5
1996-04-24 00:00:00,COLO,12
1996-04-25 00:00:00,COLO,12.25
1996-04-26 00:00:00,COLO,13.25
1996-04-30 00:00:00,COLO,14
1996-05-14 00:00:00,COLO,14.5
1996-05-20 00:00:00,COLO,13.5
1996-05-21 00:00:00,COLO,14
1996-05-22 00:00:00,COLO,13.5
1996-05-23 00:00:00,COLO,13.5
1996-06-04 00:00:00,COLO,13
1996-06-17 00:00:00,COLO,13
1996-06-18 00:00:00,COLO,13.5
1996-06-24 00:00:00,COLO,13.5
1996-06-27 00:00:00,COLO,13.5
1996-06-28 00:00:00,COLO,13.5
1996-07-01 00:00:00,COLO,13.5
SECURITY_DA,COMP,CLOSE_PRICE
-----------,----,-----------
1996-07-09 00:00:00,COLO,13
1996-07-11 00:00:00,COLO,13
1996-07-16 00:00:00,COLO,12
1996-07-19 00:00:00,COLO,12
1996-07-24 00:00:00,COLO,12
1996-08-06 00:00:00,COLO,11
1996-08-07 00:00:00,COLO,11
1996-08-08 00:00:00,COLO,10.5
1996-08-09 00:00:00,COLO,10.5
1996-08-12 00:00:00,COLO,10.5
1996-08-19 00:00:00,COLO,10
1996-09-02 00:00:00,COLO,9.5
1996-09-03 00:00:00,COLO,8.5
1996-09-04 00:00:00,COLO,8.75
1996-09-16 00:00:00,COLO,9.5
1996-09-17 00:00:00,COLO,8.75
1996-09-25 00:00:00,COLO,9
1996-09-27 00:00:00,COLO,9
1996-09-30 00:00:00,COLO,9
1996-10-02 00:00:00,COLO,9.5
1996-10-03 00:00:00,COLO,9.5
SECURITY_DA,COMP,CLOSE_PRICE
-----------,----,-----------
1996-10-04 00:00:00,COLO,9.5
1996-10-07 00:00:00,COLO,0
1996-10-09 00:00:00,COLO,0
1996-10-11 00:00:00,COLO,9.5
1996-10-15 00:00:00,COLO,9.5
1996-11-01 00:00:00,COLO,9.5
1996-11-05 00:00:00,COLO,9.5
1996-11-07 00:00:00,COLO,9.5
1996-11-08 00:00:00,COLO,9.5
1996-11-12 00:00:00,COLO,9.5
1996-11-13 00:00:00,COLO,9.75
1996-11-18 00:00:00,COLO,9.5
1996-11-26 00:00:00,COLO,9
1996-12-04 00:00:00,COLO,9.5
1996-12-06 00:00:00,COLO,9.5
1996-12-20 00:00:00,COLO,11.5
1996-12-23 00:00:00,COLO,11.25
1996-12-30 00:00:00,COLO,11.75
1996-01-02 00:00:00,COMB,200
1996-01-03 00:00:00,COMB,200
1996-01-04 00:00:00,COMB,200
1996-01-08 00:00:00,COMB,200
1996-01-09 00:00:00,COMB,200
1996-01-10 00:00:00,COMB,205.5
1996-01-11 00:00:00,COMB,210
1996-01-12 00:00:00,COMB,215
1996-01-17 00:00:00,COMB,215
1996-01-18 00:00:00,COMB,216
1996-01-19 00:00:00,COMB,217
1996-01-22 00:00:00,COMB,235
1996-01-23 00:00:00,COMB,245
1996-01-24 00:00:00,COMB,238
1996-01-25 00:00:00,COMB,230
1996-01-26 00:00:00,COMB,225
1996-01-29 00:00:00,COMB,225
1996-01-30 00:00:00,COMB,259.25
1996-01-31 00:00:00,COMB,250
1996-02-02 00:00:00,COMB,250
1996-02-06 00:00:00,COMB,247.5
1996-02-07 00:00:00,COMB,244.5
1996-02-08 00:00:00,COMB,240
1996-02-09 00:00:00,COMB,242
SECURITY_DA,COMP,CLOSE_PRICE
-----------,----,-----------
1996-02-12 00:00:00,COMB,245
1996-02-13 00:00:00,COMB,247
1996-02-14 00:00:00,COMB,250
1996-02-15 00:00:00,COMB,249
1996-02-16 00:00:00,COMB,249.5
1996-02-19 00:00:00,COMB,248
1996-02-20 00:00:00,COMB,245
1996-02-21 00:00:00,COMB,248
1996-02-22 00:00:00,COMB,248
1996-02-23 00:00:00,COMB,248
1996-02-26 00:00:00,COMB,247.5
1996-02-27 00:00:00,COMB,247.5
1996-02-28 00:00:00,COMB,247
1996-02-29 00:00:00,COMB,248.25
1996-03-01 00:00:00,COMB,260
1996-03-05 00:00:00,COMB,265
1996-03-06 00:00:00,COMB,265
1996-03-07 00:00:00,COMB,265
1996-03-08 00:00:00,COMB,270
1996-03-11 00:00:00,COMB,270
1996-03-12 00:00:00,COMB,269
SECURITY_DA,COMP,CLOSE_PRICE
-----------,----,-----------
1996-03-13 00:00:00,COMB,268
1996-03-15 00:00:00,COMB,269.75
1996-03-18 00:00:00,COMB,270
1996-03-20 00:00:00,COMB,171
1996-03-21 00:00:00,COMB,169
1996-03-22 00:00:00,COMB,165
1996-03-25 00:00:00,COMB,165
1996-03-26 00:00:00,COMB,160
1996-03-27 00:00:00,COMB,155
1996-03-28 00:00:00,COMB,155.5
1996-03-29 00:00:00,COMB,156
1996-04-01 00:00:00,COMB,156
1996-04-02 00:00:00,COMB,156
1996-04-04 00:00:00,COMB,155
1996-04-08 00:00:00,COMB,154.5
1996-04-09 00:00:00,COMB,153.5
1996-04-10 00:00:00,COMB,153.25
1996-04-15 00:00:00,COMB,153
1996-04-16 00:00:00,COMB,153
1996-04-17 00:00:00,COMB,150
1996-04-18 00:00:00,COMB,149.75
SECURITY_DA,COMP,CLOSE_PRICE
-----------,----,-----------
1996-04-22 00:00:00,COMB,149
1996-04-23 00:00:00,COMB,148
1996-04-24 00:00:00,COMB,145
1996-04-25 00:00:00,COMB,0
1996-04-26 00:00:00,COMB,143.5
1996-04-30 00:00:00,COMB,0
1996-05-06 00:00:00,COMB,144
1996-05-07 00:00:00,COMB,143
1996-05-08 00:00:00,COMB,0
1996-05-09 00:00:00,COMB,145
1996-05-10 00:00:00,COMB,150
1996-05-13 00:00:00,COMB,150
1996-05-14 00:00:00,COMB,141.25
1996-05-15 00:00:00,COMB,143
1996-05-16 00:00:00,COMB,146
1996-05-17 00:00:00,COMB,146
1996-05-20 00:00:00,COMB,0
1996-05-22 00:00:00,COMB,146
1996-05-23 00:00:00,COMB,148
1996-05-24 00:00:00,COMB,147
1996-05-29 00:00:00,COMB,147
SECURITY_DA,COMP,CLOSE_PRICE
-----------,----,-----------
1996-06-03 00:00:00,COMB,147
1996-06-04 00:00:00,COMB,147
1996-06-05 00:00:00,COMB,148
1996-06-06 00:00:00,COMB,148
1996-06-07 00:00:00,COMB,148
1996-06-10 00:00:00,COMB,147
1996-06-12 00:00:00,COMB,145
1996-06-13 00:00:00,COMB,146
1996-06-14 00:00:00,COMB,140
1996-06-17 00:00:00,COMB,135
1996-06-18 00:00:00,COMB,128
1996-06-19 00:00:00,COMB,121
1996-06-20 00:00:00,COMB,121
1996-06-21 00:00:00,COMB,121
1996-06-24 00:00:00,COMB,120
1996-06-25 00:00:00,COMB,120
1996-06-26 00:00:00,COMB,120
1996-06-27 00:00:00,COMB,121
1996-06-28 00:00:00,COMB,120
1996-07-01 00:00:00,COMB,120
1996-07-02 00:00:00,COMB,120
SECURITY_DA,COMP,CLOSE_PRICE
-----------,----,-----------
1996-07-03 00:00:00,COMB,121
1996-07-04 00:00:00,COMB,121.25
1996-07-05 00:00:00,COMB,122
1996-07-08 00:00:00,COMB,122
1996-07-09 00:00:00,COMB,121
1996-07-10 00:00:00,COMB,121
1996-07-11 00:00:00,COMB,121
1996-07-12 00:00:00,COMB,120
1996-07-15 00:00:00,COMB,119
1996-07-16 00:00:00,COMB,116
1996-07-17 00:00:00,COMB,110
1996-07-18 00:00:00,COMB,108
1996-07-19 00:00:00,COMB,105
1996-07-24 00:00:00,COMB,105
1996-08-05 00:00:00,COMB,105
1996-08-06 00:00:00,COMB,0
1996-08-07 00:00:00,COMB,110
1996-08-08 00:00:00,COMB,115
1996-08-09 00:00:00,COMB,114
1996-08-12 00:00:00,COMB,115
1996-08-13 00:00:00,COMB,0
SECURITY_DA,COMP,CLOSE_PRICE
-----------,----,-----------
1996-08-14 00:00:00,COMB,115
1996-08-15 00:00:00,COMB,115
1996-08-16 00:00:00,COMB,115
1996-08-19 00:00:00,COMB,111.25
1996-08-21 00:00:00,COMB,111
1996-08-22 00:00:00,COMB,107
1996-08-23 00:00:00,COMB,106
1996-08-27 00:00:00,COMB,0
1996-08-29 00:00:00,COMB,108
1996-09-02 00:00:00,COMB,108.25
1996-09-03 00:00:00,COMB,108.25
1996-09-04 00:00:00,COMB,108
1996-09-05 00:00:00,COMB,108
1996-09-06 00:00:00,COMB,109
1996-09-09 00:00:00,COMB,105
1996-09-10 00:00:00,COMB,0
1996-09-12 00:00:00,COMB,105
1996-09-13 00:00:00,COMB,105
1996-09-16 00:00:00,COMB,102
1996-09-17 00:00:00,COMB,90.25
1996-09-18 00:00:00,COMB,92
SECURITY_DA,COMP,CLOSE_PRICE
-----------,----,-----------
1996-09-19 00:00:00,COMB,92
1996-09-20 00:00:00,COMB,96.75
1996-09-23 00:00:00,COMB,96
1996-09-24 00:00:00,COMB,96
1996-09-25 00:00:00,COMB,96
1996-09-27 00:00:00,COMB,96
1996-09-30 00:00:00,COMB,96.25
1996-10-01 00:00:00,COMB,99.25
1996-10-03 00:00:00,COMB,102
1996-10-04 00:00:00,COMB,102
1996-10-07 00:00:00,COMB,103.5
1996-10-08 00:00:00,COMB,104
1996-10-09 00:00:00,COMB,104
1996-10-10 00:00:00,COMB,105
1996-10-11 00:00:00,COMB,108
1996-10-14 00:00:00,COMB,110.75
1996-10-15 00:00:00,COMB,120
1996-10-16 00:00:00,COMB,125
1996-10-17 00:00:00,COMB,130
1996-10-18 00:00:00,COMB,133
1996-10-21 00:00:00,COMB,133
SECURITY_DA,COMP,CLOSE_PRICE
-----------,----,-----------
1996-10-22 00:00:00,COMB,133
1996-10-23 00:00:00,COMB,115
1996-10-24 00:00:00,COMB,115.25
1996-10-25 00:00:00,COMB,115
1996-10-28 00:00:00,COMB,114.5
1996-10-29 00:00:00,COMB,115
1996-10-30 00:00:00,COMB,120
1996-10-31 00:00:00,COMB,126
1996-11-01 00:00:00,COMB,125
1996-11-04 00:00:00,COMB,125
1996-11-05 00:00:00,COMB,125
1996-11-06 00:00:00,COMB,123
1996-11-07 00:00:00,COMB,120
1996-11-08 00:00:00,COMB,120
1996-11-12 00:00:00,COMB,125.5
1996-11-13 00:00:00,COMB,128
1996-11-14 00:00:00,COMB,128
1996-11-15 00:00:00,COMB,128
1996-11-18 00:00:00,COMB,130
1996-11-19 00:00:00,COMB,128
1996-11-20 00:00:00,COMB,127
SECURITY_DA,COMP,CLOSE_PRICE
-----------,----,-----------
1996-11-21 00:00:00,COMB,127
1996-11-22 00:00:00,COMB,125
1996-11-25 00:00:00,COMB,123
1996-11-26 00:00:00,COMB,120
1996-11-27 00:00:00,COMB,118
1996-11-28 00:00:00,COMB,120
1996-11-29 00:00:00,COMB,120
1996-12-02 00:00:00,COMB,122
1996-12-03 00:00:00,COMB,122
1996-12-04 00:00:00,COMB,122
1996-12-05 00:00:00,COMB,120
1996-12-06 00:00:00,COMB,119.75
1996-12-09 00:00:00,COMB,120
1996-12-10 00:00:00,COMB,119
1996-12-11 00:00:00,COMB,117.75
1996-12-12 00:00:00,COMB,116.25
1996-12-13 00:00:00,COMB,116.75
1996-12-16 00:00:00,COMB,116
1996-12-17 00:00:00,COMB,115
1996-12-18 00:00:00,COMB,115
1996-12-19 00:00:00,COMB,115
SECURITY_DA,COMP,CLOSE_PRICE
-----------,----,-----------
1996-12-20 00:00:00,COMB,116
1996-12-27 00:00:00,COMB,125
1996-12-30 00:00:00,COMB,125
1996-12-31 00:00:00,COMB,124
1996-01-22 00:00:00,COMD,24
1996-01-23 00:00:00,COMD,23.5
1996-01-24 00:00:00,COMD,26
1996-01-25 00:00:00,COMD,27
1996-01-26 00:00:00,COMD,28.5
1996-01-30 00:00:00,COMD,37.25
1996-02-06 00:00:00,COMD,37
1996-02-07 00:00:00,COMD,35
1996-02-08 00:00:00,COMD,0
1996-02-13 00:00:00,COMD,35
1996-03-05 00:00:00,COMD,30
1996-03-07 00:00:00,COMD,30
1996-03-08 00:00:00,COMD,28.5
1996-03-15 00:00:00,COMD,30
1996-03-18 00:00:00,COMD,30
1996-03-19 00:00:00,COMD,30
1996-03-20 00:00:00,COMD,30
SECURITY_DA,COMP,CLOSE_PRICE
-----------,----,-----------
1996-03-21 00:00:00,COMD,0
1996-03-26 00:00:00,COMD,29
1996-03-28 00:00:00,COMD,28.5
1996-04-01 00:00:00,COMD,28.5
1996-04-04 00:00:00,COMD,29.25
1996-04-08 00:00:00,COMD,29.25
1996-04-09 00:00:00,COMD,29.25
1996-04-17 00:00:00,COMD,29.75
1996-04-18 00:00:00,COMD,29.5
1996-04-19 00:00:00,COMD,29.5
1996-04-22 00:00:00,COMD,29.5
1996-04-23 00:00:00,COMD,29.5
1996-04-24 00:00:00,COMD,29.5
1996-04-25 00:00:00,COMD,29.5
1996-04-26 00:00:00,COMD,29.5
1996-04-29 00:00:00,COMD,29.5
1996-05-06 00:00:00,COMD,29
1996-05-08 00:00:00,COMD,29
1996-05-09 00:00:00,COMD,29
1996-05-15 00:00:00,COMD,29.25
1996-05-20 00:00:00,COMD,29.25
SECURITY_DA,COMP,CLOSE_PRICE
-----------,----,-----------
1996-05-28 00:00:00,COMD,0
1996-06-07 00:00:00,COMD,29.25
1996-06-10 00:00:00,COMD,0
1996-06-12 00:00:00,COMD,29.5
1996-06-13 00:00:00,COMD,0
1996-06-14 00:00:00,COMD,29.5
1996-06-17 00:00:00,COMD,30
1996-06-20 00:00:00,COMD,30
1996-06-21 00:00:00,COMD,0
1996-07-01 00:00:00,COMD,0
1996-07-02 00:00:00,COMD,0
1996-07-04 00:00:00,COMD,0
1996-08-05 00:00:00,COMD,28.5
1996-08-15 00:00:00,COMD,0
1996-10-01 00:00:00,COMD,23.75
1996-10-02 00:00:00,COMD,24
1996-10-08 00:00:00,COMD,0
1996-10-16 00:00:00,COMD,0
1996-11-22 00:00:00,COMD,0
1996-01-26 00:00:00,COML,52
1996-01-29 00:00:00,COML,52
SECURITY_DA,COMP,CLOSE_PRICE
-----------,----,-----------
1996-01-31 00:00:00,COML,52
1996-03-08 00:00:00,COML,52
1996-04-17 00:00:00,COML,51
1996-04-19 00:00:00,COML,50
1996-05-23 00:00:00,COML,47.5
1996-06-21 00:00:00,COML,47
1996-07-03 00:00:00,COML,45.25
1996-07-12 00:00:00,COML,45
1996-07-19 00:00:00,COML,45
1996-08-02 00:00:00,COML,45
1996-08-29 00:00:00,COML,43
1996-08-30 00:00:00,COML,41.75
1996-09-05 00:00:00,COML,45
1996-11-22 00:00:00,COML,45.25
1996-11-25 00:00:00,COML,45
1996-12-18 00:00:00,COML,46
1996-12-19 00:00:00,COML,45
1996-12-20 00:00:00,COML,45
1996-01-02 00:00:00,COMP,3.5
1996-01-03 00:00:00,COMP,4
1996-01-11 00:00:00,COMP,3.5
SECURITY_DA,COMP,CLOSE_PRICE
-----------,----,-----------
1996-01-25 00:00:00,COMP,3.5
1996-01-26 00:00:00,COMP,3.5
1996-01-30 00:00:00,COMP,4
1996-02-08 00:00:00,COMP,3.75
1996-02-09 00:00:00,COMP,3.25
1996-02-14 00:00:00,COMP,3
1996-02-15 00:00:00,COMP,3
1996-02-19 00:00:00,COMP,2.75
1996-02-20 00:00:00,COMP,2.75
1996-02-21 00:00:00,COMP,2.75
1996-02-27 00:00:00,COMP,2.5
1996-03-05 00:00:00,COMP,2.5
1996-03-08 00:00:00,COMP,2.5
1996-03-11 00:00:00,COMP,2.5
1996-03-12 00:00:00,COMP,2.25
1996-03-13 00:00:00,COMP,2
1996-03-14 00:00:00,COMP,2.25
1996-03-15 00:00:00,COMP,2.25
1996-03-18 00:00:00,COMP,2.25
1996-03-19 00:00:00,COMP,2
1996-03-21 00:00:00,COMP,2
SECURITY_DA,COMP,CLOSE_PRICE
-----------,----,-----------
1996-03-25 00:00:00,COMP,2
1996-03-26 00:00:00,COMP,1.75
1996-03-27 00:00:00,COMP,1.75
1996-03-28 00:00:00,COMP,1.75
1996-04-01 00:00:00,COMP,2
1996-05-15 00:00:00,COMP,1.5
1996-05-20 00:00:00,COMP,1.75
1996-05-24 00:00:00,COMP,1.5
1996-05-27 00:00:00,COMP,1.75
1996-05-28 00:00:00,COMP,1.75
1996-05-29 00:00:00,COMP,1.75
1996-06-05 00:00:00,COMP,1.5
1996-06-10 00:00:00,COMP,1.75
1996-06-17 00:00:00,COMP,1.5
1996-06-20 00:00:00,COMP,1.5
1996-06-24 00:00:00,COMP,1.5
1996-06-25 00:00:00,COMP,1.5
1996-07-01 00:00:00,COMP,1.5
1996-07-03 00:00:00,COMP,1.5
1996-07-11 00:00:00,COMP,1.75
1996-07-15 00:00:00,COMP,1.5
SECURITY_DA,COMP,CLOSE_PRICE
-----------,----,-----------
1996-07-16 00:00:00,COMP,1.5
1996-07-19 00:00:00,COMP,1.75
1996-07-25 00:00:00,COMP,1.75
1996-08-05 00:00:00,COMP,2
1996-08-06 00:00:00,COMP,2
1996-08-07 00:00:00,COMP,1.75
1996-08-08 00:00:00,COMP,2
1996-08-09 00:00:00,COMP,2
1996-08-12 00:00:00,COMP,2
1996-08-13 00:00:00,COMP,2
1996-08-19 00:00:00,COMP,1.75
1996-08-22 00:00:00,COMP,2
1996-08-26 00:00:00,COMP,1.75
1996-09-06 00:00:00,COMP,1.75
1996-09-10 00:00:00,COMP,1.75
1996-09-17 00:00:00,COMP,1.75
1996-09-19 00:00:00,COMP,1.5
1996-09-27 00:00:00,COMP,1.5
1996-09-30 00:00:00,COMP,2
1996-10-01 00:00:00,COMP,1.75
1996-10-04 00:00:00,COMP,1.75
SECURITY_DA,COMP,CLOSE_PRICE
-----------,----,-----------
1996-10-15 00:00:00,COMP,2
1996-10-16 00:00:00,COMP,2
1996-10-17 00:00:00,COMP,2
1996-10-18 00:00:00,COMP,2
1996-10-23 00:00:00,COMP,2.25
1996-10-24 00:00:00,COMP,2.25
1996-10-25 00:00:00,COMP,2
1996-10-28 00:00:00,COMP,2
1996-10-29 00:00:00,COMP,2
1996-10-31 00:00:00,COMP,2.25
1996-11-01 00:00:00,COMP,2.25
1996-11-05 00:00:00,COMP,2.25
1996-11-06 00:00:00,COMP,2.25
1996-11-07 00:00:00,COMP,2.5
1996-11-08 00:00:00,COMP,2.5
1996-11-11 00:00:00,COMP,2.75
1996-11-12 00:00:00,COMP,3
1996-11-13 00:00:00,COMP,3
1996-11-14 00:00:00,COMP,3
1996-11-15 00:00:00,COMP,2.75
1996-11-18 00:00:00,COMP,2.5
SECURITY_DA,COMP,CLOSE_PRICE
-----------,----,-----------
1996-11-19 00:00:00,COMP,2.75
1996-11-20 00:00:00,COMP,2.75
1996-11-22 00:00:00,COMP,2.5
1996-11-27 00:00:00,COMP,2
1996-12-02 00:00:00,COMP,2
1996-12-09 00:00:00,COMP,2
1996-12-10 00:00:00,COMP,2
1996-12-20 00:00:00,COMP,2.25
1996-01-08 00:00:00,COXY,0
1996-01-09 00:00:00,COXY,50.25
1996-01-12 00:00:00,COXY,51
1996-01-17 00:00:00,COXY,52.5
1996-01-18 00:00:00,COXY,52.5
1996-01-25 00:00:00,COXY,52
1996-01-26 00:00:00,COXY,51
1996-01-29 00:00:00,COXY,51.5
1996-01-30 00:00:00,COXY,53
1996-01-31 00:00:00,COXY,52.5
1996-02-06 00:00:00,COXY,53
1996-02-08 00:00:00,COXY,52
1996-02-09 00:00:00,COXY,51.75
SECURITY_DA,COMP,CLOSE_PRICE
-----------,----,-----------
1996-02-15 00:00:00,COXY,51.75
1996-02-16 00:00:00,COXY,53
1996-02-19 00:00:00,COXY,0
1996-02-23 00:00:00,COXY,53
1996-02-26 00:00:00,COXY,52
1996-02-27 00:00:00,COXY,52
1996-02-29 00:00:00,COXY,53.25
1996-03-01 00:00:00,COXY,0
1996-03-05 00:00:00,COXY,0
1996-03-06 00:00:00,COXY,53.25
1996-03-07 00:00:00,COXY,54
1996-03-08 00:00:00,COXY,56
1996-03-11 00:00:00,COXY,58
1996-03-12 00:00:00,COXY,58
1996-03-18 00:00:00,COXY,58
1996-03-20 00:00:00,COXY,58
1996-03-21 00:00:00,COXY,58
1996-03-26 00:00:00,COXY,58
1996-03-28 00:00:00,COXY,55
1996-03-29 00:00:00,COXY,55
1996-04-01 00:00:00,COXY,55
SECURITY_DA,COMP,CLOSE_PRICE
-----------,----,-----------
1996-04-08 00:00:00,COXY,0
1996-04-09 00:00:00,COXY,55.5
1996-04-15 00:00:00,COXY,53.25
1996-04-16 00:00:00,COXY,53
1996-04-18 00:00:00,COXY,53.25
1996-04-22 00:00:00,COXY,53
1996-04-23 00:00:00,COXY,54
1996-04-24 00:00:00,COXY,56
1996-05-06 00:00:00,COXY,58
1996-05-07 00:00:00,COXY,0
1996-05-08 00:00:00,COXY,58
1996-05-09 00:00:00,COXY,58
1996-05-10 00:00:00,COXY,58
1996-05-13 00:00:00,COXY,58
1996-05-15 00:00:00,COXY,55
1996-05-16 00:00:00,COXY,56
1996-05-17 00:00:00,COXY,56
1996-05-21 00:00:00,COXY,56
1996-05-27 00:00:00,COXY,55
1996-05-29 00:00:00,COXY,55
1996-06-04 00:00:00,COXY,54.5
SECURITY_DA,COMP,CLOSE_PRICE
-----------,----,-----------
1996-06-05 00:00:00,COXY,54.5
1996-06-06 00:00:00,COXY,0
1996-06-19 00:00:00,COXY,0
1996-06-20 00:00:00,COXY,53
1996-06-21 00:00:00,COXY,0
1996-06-25 00:00:00,COXY,53
1996-06-27 00:00:00,COXY,53
1996-07-02 00:00:00,COXY,0
1996-07-03 00:00:00,COXY,51.5
1996-07-05 00:00:00,COXY,0
1996-07-08 00:00:00,COXY,51.5
1996-07-09 00:00:00,COXY,51.5
1996-07-10 00:00:00,COXY,51.25
1996-07-11 00:00:00,COXY,51
1996-08-01 00:00:00,COXY,0
1996-08-06 00:00:00,COXY,46.75
1996-08-09 00:00:00,COXY,47.25
1996-08-14 00:00:00,COXY,47
1996-08-15 00:00:00,COXY,46.75
1996-08-16 00:00:00,COXY,47
1996-08-20 00:00:00,COXY,50
SECURITY_DA,COMP,CLOSE_PRICE
-----------,----,-----------
1996-08-22 00:00:00,COXY,47.5
1996-08-29 00:00:00,COXY,47.5
1996-08-30 00:00:00,COXY,47.5
1996-09-02 00:00:00,COXY,47.5
1996-09-19 00:00:00,COXY,0
1996-09-20 00:00:00,COXY,52
1996-09-23 00:00:00,COXY,0
1996-09-30 00:00:00,COXY,53
1996-10-02 00:00:00,COXY,0
1996-10-09 00:00:00,COXY,54.25
1996-10-10 00:00:00,COXY,55.25
1996-10-11 00:00:00,COXY,0
1996-10-16 00:00:00,COXY,0
1996-10-21 00:00:00,COXY,58.25
1996-10-22 00:00:00,COXY,58.25
1996-10-25 00:00:00,COXY,57.75
1996-10-28 00:00:00,COXY,57.5
1996-10-29 00:00:00,COXY,57.5
1996-10-30 00:00:00,COXY,57.75
1996-10-31 00:00:00,COXY,57.75
1996-11-01 00:00:00,COXY,57.75
SECURITY_DA,COMP,CLOSE_PRICE
-----------,----,-----------
1996-11-05 00:00:00,COXY,0
1996-11-06 00:00:00,COXY,58.25
1996-11-08 00:00:00,COXY,58.25
1996-11-11 00:00:00,COXY,58
1996-11-15 00:00:00,COXY,58.25
1996-11-18 00:00:00,COXY,58
1996-11-19 00:00:00,COXY,58
1996-11-20 00:00:00,COXY,57.25
1996-11-21 00:00:00,COXY,57
1996-11-22 00:00:00,COXY,57
1996-11-25 00:00:00,COXY,0
1996-12-03 00:00:00,COXY,0
1996-12-05 00:00:00,COXY,0
1996-12-10 00:00:00,COXY,54
1996-12-12 00:00:00,COXY,52
1996-12-16 00:00:00,COXY,52
1996-12-31 00:00:00,COXY,0
1996-01-02 00:00:00,CSD,3.75
1996-01-03 00:00:00,CSD,3.75
1996-01-04 00:00:00,CSD,3.75
1996-01-08 00:00:00,CSD,3.75
SECURITY_DA,COMP,CLOSE_PRICE
-----------,----,-----------
1996-01-09 00:00:00,CSD,3.75
1996-01-11 00:00:00,CSD,3.75
1996-01-12 00:00:00,CSD,3.75
1996-01-16 00:00:00,CSD,3.75
1996-01-17 00:00:00,CSD,3.75
1996-01-22 00:00:00,CSD,3.75
1996-01-23 00:00:00,CSD,3.75
1996-01-24 00:00:00,CSD,3.75
1996-01-25 00:00:00,CSD,3.75
1996-01-26 00:00:00,CSD,3.75
1996-01-29 00:00:00,CSD,3.75
1996-01-30 00:00:00,CSD,3.75
1996-01-31 00:00:00,CSD,3.75
1996-02-02 00:00:00,CSD,3.5
1996-02-06 00:00:00,CSD,3.5
1996-02-07 00:00:00,CSD,3.5
1996-02-08 00:00:00,CSD,3.75
1996-02-09 00:00:00,CSD,3.5
1996-02-12 00:00:00,CSD,3.5
1996-02-13 00:00:00,CSD,3.5
1996-02-19 00:00:00,CSD,3.5
SECURITY_DA,COMP,CLOSE_PRICE
-----------,----,-----------
1996-02-22 00:00:00,CSD,3.5
1996-02-23 00:00:00,CSD,3.5
1996-02-26 00:00:00,CSD,3.5
1996-02-27 00:00:00,CSD,3.5
1996-02-28 00:00:00,CSD,3.5
1996-02-29 00:00:00,CSD,3.5
1996-03-01 00:00:00,CSD,3.5
1996-03-06 00:00:00,CSD,3.75
1996-03-07 00:00:00,CSD,3.75
1996-03-08 00:00:00,CSD,4
1996-03-11 00:00:00,CSD,4.25
1996-03-12 00:00:00,CSD,4
1996-03-13 00:00:00,CSD,4
1996-03-14 00:00:00,CSD,4.25
1996-03-15 00:00:00,CSD,4
1996-03-18 00:00:00,CSD,4
1996-03-19 00:00:00,CSD,4
1996-03-20 00:00:00,CSD,4
1996-03-21 00:00:00,CSD,4
1996-03-22 00:00:00,CSD,4
1996-03-25 00:00:00,CSD,4
SECURITY_DA,COMP,CLOSE_PRICE
-----------,----,-----------
1996-03-26 00:00:00,CSD,3.75
1996-03-27 00:00:00,CSD,4
1996-03-28 00:00:00,CSD,4
1996-03-29 00:00:00,CSD,4.25
1996-04-01 00:00:00,CSD,4
1996-04-02 00:00:00,CSD,4
1996-04-04 00:00:00,CSD,4.25
1996-04-08 00:00:00,CSD,4
1996-04-17 00:00:00,CSD,4
1996-04-18 00:00:00,CSD,4
1996-04-19 00:00:00,CSD,4
1996-04-22 00:00:00,CSD,4
1996-04-23 00:00:00,CSD,4
1996-04-24 00:00:00,CSD,4
1996-04-26 00:00:00,CSD,4
1996-04-29 00:00:00,CSD,4.25
1996-05-06 00:00:00,CSD,4
1996-05-07 00:00:00,CSD,4
1996-05-08 00:00:00,CSD,4
1996-05-10 00:00:00,CSD,4
1996-05-13 00:00:00,CSD,4
SECURITY_DA,COMP,CLOSE_PRICE
-----------,----,-----------
1996-05-14 00:00:00,CSD,4
1996-05-16 00:00:00,CSD,4
1996-05-17 00:00:00,CSD,4
1996-05-20 00:00:00,CSD,4
1996-05-21 00:00:00,CSD,4
1996-05-22 00:00:00,CSD,4
1996-05-27 00:00:00,CSD,4
1996-05-28 00:00:00,CSD,4
1996-05-29 00:00:00,CSD,4
1996-06-05 00:00:00,CSD,3.75
1996-06-06 00:00:00,CSD,4
1996-06-10 00:00:00,CSD,3.75
1996-06-11 00:00:00,CSD,3.5
1996-06-12 00:00:00,CSD,3.5
1996-06-14 00:00:00,CSD,3.5
1996-06-17 00:00:00,CSD,3.5
1996-06-19 00:00:00,CSD,3.5
1996-06-20 00:00:00,CSD,3.5
1996-06-26 00:00:00,CSD,3.5
1996-06-28 00:00:00,CSD,3.5
1996-07-03 00:00:00,CSD,3.5
SECURITY_DA,COMP,CLOSE_PRICE
-----------,----,-----------
1996-07-04 00:00:00,CSD,3.5
1996-07-08 00:00:00,CSD,3.75
1996-07-10 00:00:00,CSD,3.75
1996-07-11 00:00:00,CSD,3.75
1996-07-15 00:00:00,CSD,3.5
1996-07-16 00:00:00,CSD,3.5
1996-07-17 00:00:00,CSD,3.5
1996-07-18 00:00:00,CSD,3.5
1996-07-22 00:00:00,CSD,3.5
1996-07-23 00:00:00,CSD,3.5
1996-07-31 00:00:00,CSD,3.5
1996-08-01 00:00:00,CSD,3.5
1996-08-02 00:00:00,CSD,3.5
1996-08-05 00:00:00,CSD,3.5
1996-08-06 00:00:00,CSD,3.5
1996-08-07 00:00:00,CSD,3.5
1996-08-08 00:00:00,CSD,3.5
1996-08-12 00:00:00,CSD,3.5
1996-08-14 00:00:00,CSD,3.5
1996-08-15 00:00:00,CSD,3.5
1996-08-20 00:00:00,CSD,3.5
SECURITY_DA,COMP,CLOSE_PRICE
-----------,----,-----------
1996-08-22 00:00:00,CSD,3.5
1996-08-23 00:00:00,CSD,3.75
1996-08-26 00:00:00,CSD,3.75
1996-08-27 00:00:00,CSD,3.75
1996-08-29 00:00:00,CSD,3.75
1996-08-30 00:00:00,CSD,4
1996-09-02 00:00:00,CSD,4
1996-09-03 00:00:00,CSD,4
1996-09-04 00:00:00,CSD,4
1996-09-05 00:00:00,CSD,3.75
1996-09-06 00:00:00,CSD,3.75
1996-09-12 00:00:00,CSD,3.75
1996-09-13 00:00:00,CSD,3.75
1996-09-17 00:00:00,CSD,3.75
1996-09-19 00:00:00,CSD,3.75
1996-09-24 00:00:00,CSD,3.75
1996-09-25 00:00:00,CSD,3.75
1996-09-27 00:00:00,CSD,3.75
1996-10-01 00:00:00,CSD,3.75
1996-10-02 00:00:00,CSD,3.75
1996-10-03 00:00:00,CSD,3.75
SECURITY_DA,COMP,CLOSE_PRICE
-----------,----,-----------
1996-10-04 00:00:00,CSD,3.75
1996-10-07 00:00:00,CSD,3.75
1996-10-08 00:00:00,CSD,3.5
1996-10-09 00:00:00,CSD,3.75
1996-10-10 00:00:00,CSD,3.75
1996-10-15 00:00:00,CSD,4
1996-10-18 00:00:00,CSD,4
1996-10-21 00:00:00,CSD,3.75
1996-10-22 00:00:00,CSD,3.75
1996-10-23 00:00:00,CSD,4
1996-10-24 00:00:00,CSD,4
1996-10-28 00:00:00,CSD,3.75
1996-10-30 00:00:00,CSD,3.75
1996-10-31 00:00:00,CSD,4
1996-11-01 00:00:00,CSD,4
1996-11-05 00:00:00,CSD,4
1996-11-06 00:00:00,CSD,4.25
1996-11-08 00:00:00,CSD,4.25
1996-11-11 00:00:00,CSD,4.5
1996-11-12 00:00:00,CSD,4.5
1996-11-13 00:00:00,CSD,4.5
SECURITY_DA,COMP,CLOSE_PRICE
-----------,----,-----------
1996-11-14 00:00:00,CSD,4.5
1996-11-15 00:00:00,CSD,4.5
1996-11-19 00:00:00,CSD,4.25
1996-11-20 00:00:00,CSD,4
1996-11-21 00:00:00,CSD,4
1996-11-22 00:00:00,CSD,4
1996-11-25 00:00:00,CSD,4
1996-11-26 00:00:00,CSD,4.25
1996-11-27 00:00:00,CSD,4
1996-11-28 00:00:00,CSD,4
1996-11-29 00:00:00,CSD,4.25
1996-12-02 00:00:00,CSD,4.25
1996-12-03 00:00:00,CSD,4.25
1996-12-04 00:00:00,CSD,4.25
1996-12-05 00:00:00,CSD,4.25
1996-12-06 00:00:00,CSD,4
1996-12-09 00:00:00,CSD,4.25
1996-12-10 00:00:00,CSD,4
1996-12-11 00:00:00,CSD,4
1996-12-13 00:00:00,CSD,4.25
1996-12-16 00:00:00,CSD,4
SECURITY_DA,COMP,CLOSE_PRICE
-----------,----,-----------
1996-12-17 00:00:00,CSD,4.25
1996-12-18 00:00:00,CSD,4
1996-12-20 00:00:00,CSD,4.25
1996-12-23 00:00:00,CSD,4.25
1996-12-27 00:00:00,CSD,4.25
1996-12-30 00:00:00,CSD,4.5
1996-12-31 00:00:00,CSD,4.25
1996-01-02 00:00:00,CSEC,19.25
1996-01-03 00:00:00,CSEC,19
1996-01-08 00:00:00,CSEC,19
1996-01-12 00:00:00,CSEC,19.25
1996-01-16 00:00:00,CSEC,19.25
1996-01-18 00:00:00,CSEC,19
1996-01-23 00:00:00,CSEC,19
1996-01-24 00:00:00,CSEC,18
1996-01-25 00:00:00,CSEC,0
1996-01-26 00:00:00,CSEC,18
1996-01-30 00:00:00,CSEC,18
1996-01-31 00:00:00,CSEC,18
1996-02-07 00:00:00,CSEC,17
1996-02-08 00:00:00,CSEC,17
SECURITY_DA,COMP,CLOSE_PRICE
-----------,----,-----------
1996-02-09 00:00:00,CSEC,16.5
1996-02-12 00:00:00,CSEC,16.25
1996-02-13 00:00:00,CSEC,16
1996-02-16 00:00:00,CSEC,16
1996-02-20 00:00:00,CSEC,16
1996-02-23 00:00:00,CSEC,16
1996-02-26 00:00:00,CSEC,16
1996-02-27 00:00:00,CSEC,16.5
1996-02-28 00:00:00,CSEC,16
1996-02-29 00:00:00,CSEC,16
1996-03-01 00:00:00,CSEC,0
1996-03-05 00:00:00,CSEC,16.5
1996-03-06 00:00:00,CSEC,17
1996-03-07 00:00:00,CSEC,18.5
1996-03-08 00:00:00,CSEC,20.5
1996-03-11 00:00:00,CSEC,21
1996-03-12 00:00:00,CSEC,20
1996-03-13 00:00:00,CSEC,19
1996-03-14 00:00:00,CSEC,20.25
1996-03-15 00:00:00,CSEC,20.5
1996-03-18 00:00:00,CSEC,20
SECURITY_DA,COMP,CLOSE_PRICE
-----------,----,-----------
1996-03-19 00:00:00,CSEC,20
1996-03-20 00:00:00,CSEC,19.75
1996-03-21 00:00:00,CSEC,19.5
1996-03-22 00:00:00,CSEC,19.5
1996-03-27 00:00:00,CSEC,19.75
1996-03-28 00:00:00,CSEC,19
1996-03-29 00:00:00,CSEC,0
1996-04-04 00:00:00,CSEC,18.25
1996-04-09 00:00:00,CSEC,18
1996-04-19 00:00:00,CSEC,18
1996-04-22 00:00:00,CSEC,17.75
1996-04-23 00:00:00,CSEC,17.5
1996-04-25 00:00:00,CSEC,18
1996-04-26 00:00:00,CSEC,0
1996-05-07 00:00:00,CSEC,18
1996-05-08 00:00:00,CSEC,18
1996-05-09 00:00:00,CSEC,18
1996-05-10 00:00:00,CSEC,18
1996-05-14 00:00:00,CSEC,18
1996-05-15 00:00:00,CSEC,18
1996-05-21 00:00:00,CSEC,18
SECURITY_DA,COMP,CLOSE_PRICE
-----------,----,-----------
1996-05-22 00:00:00,CSEC,0
1996-05-28 00:00:00,CSEC,18
1996-05-29 00:00:00,CSEC,18
1996-05-30 00:00:00,CSEC,18
1996-06-03 00:00:00,CSEC,17.75
1996-06-04 00:00:00,CSEC,17
1996-06-06 00:00:00,CSEC,0
1996-06-10 00:00:00,CSEC,0
1996-06-18 00:00:00,CSEC,15
1996-06-19 00:00:00,CSEC,0
1996-06-21 00:00:00,CSEC,14
1996-06-24 00:00:00,CSEC,13
1996-06-25 00:00:00,CSEC,12
1996-06-26 00:00:00,CSEC,11
1996-06-27 00:00:00,CSEC,11
1996-06-28 00:00:00,CSEC,11
1996-07-03 00:00:00,CSEC,11
1996-07-08 00:00:00,CSEC,11.25
1996-07-09 00:00:00,CSEC,11
1996-07-11 00:00:00,CSEC,11.25
1996-07-12 00:00:00,CSEC,11
SECURITY_DA,COMP,CLOSE_PRICE
-----------,----,-----------
1996-07-15 00:00:00,CSEC,10
1996-07-16 00:00:00,CSEC,9.75
1996-07-17 00:00:00,CSEC,9
1996-07-19 00:00:00,CSEC,10.5
1996-07-25 00:00:00,CSEC,0
1996-07-31 00:00:00,CSEC,11.5
1996-08-02 00:00:00,CSEC,12
1996-08-06 00:00:00,CSEC,12.5
1996-08-09 00:00:00,CSEC,13.5
1996-08-12 00:00:00,CSEC,13.5
1996-08-14 00:00:00,CSEC,13.25
1996-08-15 00:00:00,CSEC,13.5
1996-08-16 00:00:00,CSEC,13.25
1996-08-19 00:00:00,CSEC,13.25
1996-08-20 00:00:00,CSEC,13.25
1996-08-21 00:00:00,CSEC,13.25
1996-08-23 00:00:00,CSEC,13.25
1996-08-27 00:00:00,CSEC,12.75
1996-08-29 00:00:00,CSEC,12.75
1996-08-30 00:00:00,CSEC,12.75
1996-09-02 00:00:00,CSEC,12.75
SECURITY_DA,COMP,CLOSE_PRICE
-----------,----,-----------
1996-09-04 00:00:00,CSEC,13
1996-09-05 00:00:00,CSEC,13
1996-09-12 00:00:00,CSEC,12.5
1996-09-16 00:00:00,CSEC,12.5
1996-09-17 00:00:00,CSEC,12.5
1996-09-18 00:00:00,CSEC,12.5
1996-09-19 00:00:00,CSEC,13
1996-09-20 00:00:00,CSEC,13
1996-09-24 00:00:00,CSEC,13.5
1996-10-01 00:00:00,CSEC,14.5
1996-10-07 00:00:00,CSEC,15
1996-10-09 00:00:00,CSEC,0
1996-10-15 00:00:00,CSEC,14.5
1996-10-16 00:00:00,CSEC,15
1996-10-17 00:00:00,CSEC,15
1996-10-18 00:00:00,CSEC,16
1996-10-21 00:00:00,CSEC,16
1996-10-22 00:00:00,CSEC,16
1996-10-24 00:00:00,CSEC,15
1996-10-25 00:00:00,CSEC,15
1996-10-30 00:00:00,CSEC,14.75
SECURITY_DA,COMP,CLOSE_PRICE
-----------,----,-----------
1996-10-31 00:00:00,CSEC,15
1996-11-01 00:00:00,CSEC,15
1996-11-05 00:00:00,CSEC,14.75
1996-11-07 00:00:00,CSEC,15
1996-11-08 00:00:00,CSEC,15.25
1996-11-12 00:00:00,CSEC,16.25
1996-11-13 00:00:00,CSEC,16
1996-11-15 00:00:00,CSEC,15
1996-11-20 00:00:00,CSEC,14
1996-11-21 00:00:00,CSEC,13.5
1996-11-22 00:00:00,CSEC,13.5
1996-11-25 00:00:00,CSEC,0
1996-11-26 00:00:00,CSEC,13.25
1996-12-13 00:00:00,CSEC,13
1996-12-16 00:00:00,CSEC,12.5
1996-12-23 00:00:00,CSEC,0
1996-12-30 00:00:00,CSEC,13.5
1996-12-31 00:00:00,CSEC,0
1996-01-03 00:00:00,CSF,10.75
1996-01-04 00:00:00,CSF,10.5
1996-01-08 00:00:00,CSF,10.5
SECURITY_DA,COMP,CLOSE_PRICE
-----------,----,-----------
1996-01-09 00:00:00,CSF,10.25
1996-01-10 00:00:00,CSF,10.25
1996-01-11 00:00:00,CSF,10.25
1996-01-12 00:00:00,CSF,10.25
1996-01-16 00:00:00,CSF,10
1996-01-17 00:00:00,CSF,10
1996-01-18 00:00:00,CSF,9.5
1996-01-19 00:00:00,CSF,9
1996-01-22 00:00:00,CSF,9.5
1996-01-23 00:00:00,CSF,9.25
1996-01-24 00:00:00,CSF,9.25
1996-01-25 00:00:00,CSF,9
1996-01-26 00:00:00,CSF,9
1996-01-29 00:00:00,CSF,9.25
1996-01-30 00:00:00,CSF,9.5
1996-02-06 00:00:00,CSF,8.5
1996-02-07 00:00:00,CSF,7
1996-02-08 00:00:00,CSF,7
1996-02-09 00:00:00,CSF,7.5
1996-02-12 00:00:00,CSF,8.25
1996-02-13 00:00:00,CSF,9
SECURITY_DA,COMP,CLOSE_PRICE
-----------,----,-----------
1996-02-14 00:00:00,CSF,9.25
1996-02-15 00:00:00,CSF,9
1996-02-16 00:00:00,CSF,9
1996-02-19 00:00:00,CSF,8.5
1996-02-20 00:00:00,CSF,8.5
1996-02-21 00:00:00,CSF,9
1996-02-22 00:00:00,CSF,8.75
1996-02-23 00:00:00,CSF,9
1996-02-26 00:00:00,CSF,9
1996-02-27 00:00:00,CSF,8.75
1996-02-28 00:00:00,CSF,8.5
1996-02-29 00:00:00,CSF,8.75
1996-03-01 00:00:00,CSF,8.5
1996-03-05 00:00:00,CSF,8.75
1996-03-06 00:00:00,CSF,9
1996-03-07 00:00:00,CSF,9
1996-03-08 00:00:00,CSF,10.75
1996-03-11 00:00:00,CSF,11
1996-03-12 00:00:00,CSF,10.25
1996-03-13 00:00:00,CSF,10
1996-03-14 00:00:00,CSF,10
SECURITY_DA,COMP,CLOSE_PRICE
-----------,----,-----------
1996-03-15 00:00:00,CSF,9.75
1996-03-18 00:00:00,CSF,9.5
1996-03-19 00:00:00,CSF,9
1996-03-20 00:00:00,CSF,9
1996-03-21 00:00:00,CSF,9
1996-03-22 00:00:00,CSF,9.25
1996-03-25 00:00:00,CSF,9.25
1996-03-26 00:00:00,CSF,9.5
1996-03-27 00:00:00,CSF,9.25
1996-03-28 00:00:00,CSF,9
1996-03-29 00:00:00,CSF,9
1996-04-01 00:00:00,CSF,9
1996-04-02 00:00:00,CSF,9
1996-04-04 00:00:00,CSF,9.5
1996-04-08 00:00:00,CSF,9.25
1996-04-09 00:00:00,CSF,9.25
1996-04-10 00:00:00,CSF,9.25
1996-04-15 00:00:00,CSF,9.25
1996-04-17 00:00:00,CSF,9.5
1996-04-18 00:00:00,CSF,9.5
1996-04-19 00:00:00,CSF,9.5
SECURITY_DA,COMP,CLOSE_PRICE
-----------,----,-----------
1996-04-22 00:00:00,CSF,9
1996-04-23 00:00:00,CSF,8.75
1996-04-24 00:00:00,CSF,9
1996-04-25 00:00:00,CSF,9
1996-04-26 00:00:00,CSF,9.25
1996-04-29 00:00:00,CSF,9.25
1996-04-30 00:00:00,CSF,9.5
1996-05-06 00:00:00,CSF,9
1996-05-07 00:00:00,CSF,9.25
1996-05-08 00:00:00,CSF,9
1996-05-09 00:00:00,CSF,9
1996-05-10 00:00:00,CSF,9.25
1996-05-13 00:00:00,CSF,9
1996-05-14 00:00:00,CSF,9
1996-05-15 00:00:00,CSF,9
1996-05-16 00:00:00,CSF,9
1996-05-17 00:00:00,CSF,9
1996-05-20 00:00:00,CSF,9
1996-05-21 00:00:00,CSF,9
1996-05-24 00:00:00,CSF,8.75
1996-05-28 00:00:00,CSF,8.75
SECURITY_DA,COMP,CLOSE_PRICE
-----------,----,-----------
1996-05-29 00:00:00,CSF,8.5
1996-05-30 00:00:00,CSF,7.5
1996-06-03 00:00:00,CSF,7.25
1996-06-04 00:00:00,CSF,8
1996-06-05 00:00:00,CSF,8
1996-06-06 00:00:00,CSF,7.5
1996-06-07 00:00:00,CSF,7.25
1996-06-10 00:00:00,CSF,7.25
1996-06-11 00:00:00,CSF,7.25
1996-06-12 00:00:00,CSF,7
1996-06-13 00:00:00,CSF,7
1996-06-17 00:00:00,CSF,7
1996-06-18 00:00:00,CSF,7
1996-06-19 00:00:00,CSF,7
1996-06-20 00:00:00,CSF,6.75
1996-06-21 00:00:00,CSF,6.75
1996-06-24 00:00:00,CSF,6.25
1996-06-25 00:00:00,CSF,6.25
1996-06-26 00:00:00,CSF,6.25
1996-06-27 00:00:00,CSF,6
1996-06-28 00:00:00,CSF,5.5
SECURITY_DA,COMP,CLOSE_PRICE
-----------,----,-----------
1996-07-01 00:00:00,CSF,6
1996-07-02 00:00:00,CSF,5.75
1996-07-03 00:00:00,CSF,5.75
1996-07-04 00:00:00,CSF,5.5
1996-07-05 00:00:00,CSF,5.75
1996-07-08 00:00:00,CSF,5.5
1996-07-09 00:00:00,CSF,5.75
1996-07-10 00:00:00,CSF,5.5
1996-07-11 00:00:00,CSF,5.25
1996-07-12 00:00:00,CSF,5
1996-07-15 00:00:00,CSF,4.5
1996-07-16 00:00:00,CSF,3.75
1996-07-17 00:00:00,CSF,4.25
1996-07-18 00:00:00,CSF,4.75
1996-07-19 00:00:00,CSF,5.25
1996-07-22 00:00:00,CSF,5.25
1996-07-23 00:00:00,CSF,5.25
1996-07-24 00:00:00,CSF,5.75
1996-07-26 00:00:00,CSF,5.75
1996-07-31 00:00:00,CSF,6
1996-08-01 00:00:00,CSF,6.5
SECURITY_DA,COMP,CLOSE_PRICE
-----------,----,-----------
1996-08-05 00:00:00,CSF,6.75
1996-08-06 00:00:00,CSF,7
1996-08-07 00:00:00,CSF,7.5
1996-08-08 00:00:00,CSF,7.75
1996-08-09 00:00:00,CSF,7.25
1996-08-12 00:00:00,CSF,6.75
1996-08-13 00:00:00,CSF,6.75
1996-08-14 00:00:00,CSF,6.75
1996-08-15 00:00:00,CSF,6.75
1996-08-16 00:00:00,CSF,7
1996-08-20 00:00:00,CSF,7
1996-08-21 00:00:00,CSF,6.75
1996-08-22 00:00:00,CSF,6.75
1996-08-23 00:00:00,CSF,6.25
1996-08-26 00:00:00,CSF,6.25
1996-08-27 00:00:00,CSF,6.25
1996-08-29 00:00:00,CSF,6.25
1996-08-30 00:00:00,CSF,6.5
1996-09-02 00:00:00,CSF,6.5
1996-09-03 00:00:00,CSF,6.25
1996-09-04 00:00:00,CSF,6.25
SECURITY_DA,COMP,CLOSE_PRICE
-----------,----,-----------
1996-09-05 00:00:00,CSF,6.5
1996-09-06 00:00:00,CSF,6.5
1996-09-09 00:00:00,CSF,6.25
1996-09-10 00:00:00,CSF,6.25
1996-09-11 00:00:00,CSF,6.25
1996-09-12 00:00:00,CSF,6.25
1996-09-13 00:00:00,CSF,6.5
1996-09-16 00:00:00,CSF,6.25
1996-09-17 00:00:00,CSF,6.25
1996-09-18 00:00:00,CSF,6.5
1996-09-19 00:00:00,CSF,6.5
1996-09-20 00:00:00,CSF,6.25
1996-09-23 00:00:00,CSF,6.25
1996-09-24 00:00:00,CSF,6.25
1996-09-25 00:00:00,CSF,6.25
1996-09-27 00:00:00,CSF,6.25
1996-09-30 00:00:00,CSF,6.5
1996-10-01 00:00:00,CSF,7
1996-10-02 00:00:00,CSF,7
1996-10-03 00:00:00,CSF,7
1996-10-04 00:00:00,CSF,6.75
SECURITY_DA,COMP,CLOSE_PRICE
-----------,----,-----------
1996-10-07 00:00:00,CSF,6.5
1996-10-08 00:00:00,CSF,6.5
1996-10-09 00:00:00,CSF,6.5
1996-10-10 00:00:00,CSF,6.5
1996-10-11 00:00:00,CSF,6.5
1996-10-14 00:00:00,CSF,6.5
1996-10-15 00:00:00,CSF,6.5
1996-10-16 00:00:00,CSF,6.75
1996-10-17 00:00:00,CSF,6.75
1996-10-18 00:00:00,CSF,7
1996-10-21 00:00:00,CSF,7
1996-10-22 00:00:00,CSF,7
1996-10-23 00:00:00,CSF,6.75
1996-10-24 00:00:00,CSF,7
1996-10-25 00:00:00,CSF,7.25
1996-10-28 00:00:00,CSF,7.25
1996-10-29 00:00:00,CSF,7.5
1996-10-30 00:00:00,CSF,7.75
1996-10-31 00:00:00,CSF,7.5
1996-11-01 00:00:00,CSF,7.5
1996-11-04 00:00:00,CSF,7.75
SECURITY_DA,COMP,CLOSE_PRICE
-----------,----,-----------
1996-11-05 00:00:00,CSF,7.75
1996-11-06 00:00:00,CSF,8
1996-11-07 00:00:00,CSF,8.5
1996-11-08 00:00:00,CSF,8.75
1996-11-11 00:00:00,CSF,9
1996-11-12 00:00:00,CSF,8.25
1996-11-13 00:00:00,CSF,8
1996-11-14 00:00:00,CSF,7.5
1996-11-15 00:00:00,CSF,7.5
1996-11-18 00:00:00,CSF,7.75
1996-11-19 00:00:00,CSF,7.75
1996-11-20 00:00:00,CSF,7.5
1996-11-21 00:00:00,CSF,7.5
1996-11-22 00:00:00,CSF,7.5
1996-11-25 00:00:00,CSF,7.25
1996-11-26 00:00:00,CSF,7.25
1996-11-27 00:00:00,CSF,7.25
1996-11-28 00:00:00,CSF,7.25
1996-11-29 00:00:00,CSF,7.25
1996-12-02 00:00:00,CSF,7.25
1996-12-03 00:00:00,CSF,7
SECURITY_DA,COMP,CLOSE_PRICE
-----------,----,-----------
1996-12-04 00:00:00,CSF,7
1996-12-05 00:00:00,CSF,7
1996-12-06 00:00:00,CSF,7
1996-12-09 00:00:00,CSF,6.75
1996-12-11 00:00:00,CSF,6.75
1996-12-12 00:00:00,CSF,6.75
1996-12-13 00:00:00,CSF,6.75
1996-12-16 00:00:00,CSF,6.75
1996-12-17 00:00:00,CSF,6.75
1996-12-18 00:00:00,CSF,7
1996-12-19 00:00:00,CSF,7.25
1996-12-20 00:00:00,CSF,7.5
1996-12-23 00:00:00,CSF,7.5
1996-12-27 00:00:00,CSF,7.5
1996-12-30 00:00:00,CSF,7.5
1996-12-31 00:00:00,CSF,7.5
1996-01-02 00:00:00,CSYN,12
1996-01-03 00:00:00,CSYN,12
1996-04-30 00:00:00,CSYN,9.5
1996-05-06 00:00:00,CSYN,9
1996-05-07 00:00:00,CSYN,9
SECURITY_DA,COMP,CLOSE_PRICE
-----------,----,-----------
1996-05-09 00:00:00,CSYN,8.5
1996-05-14 00:00:00,CSYN,0
1996-05-16 00:00:00,CSYN,8.5
1996-11-21 00:00:00,CSYN,7
1996-11-25 00:00:00,CSYN,7
1996-12-04 00:00:00,CSYN,6.5
1996-12-05 00:00:00,CSYN,6
1996-12-06 00:00:00,CSYN,5
1996-12-20 00:00:00,CSYN,5
1996-12-27 00:00:00,CSYN,4.5
1996-12-31 00:00:00,CSYN,4.5
1996-01-02 00:00:00,CTC,35
1996-01-03 00:00:00,CTC,35
1996-01-04 00:00:00,CTC,35
1996-01-08 00:00:00,CTC,36.25
1996-01-10 00:00:00,CTC,36.5
1996-01-11 00:00:00,CTC,37
1996-01-12 00:00:00,CTC,25.5
1996-01-16 00:00:00,CTC,26
1996-01-17 00:00:00,CTC,26
1996-01-18 00:00:00,CTC,26
1996-01-19 00:00:00,CTC,25.75
1996-01-22 00:00:00,CTC,25.5
1996-01-23 00:00:00,CTC,25.5
1996-01-24 00:00:00,CTC,25.5
1996-01-25 00:00:00,CTC,24
1996-01-26 00:00:00,CTC,24.5
1996-01-29 00:00:00,CTC,25.5
1996-02-06 00:00:00,CTC,25.5
1996-02-07 00:00:00,CTC,24.5
1996-02-08 00:00:00,CTC,24.5
1996-02-09 00:00:00,CTC,25.25
1996-02-13 00:00:00,CTC,25.5
1996-02-14 00:00:00,CTC,25.5
1996-02-15 00:00:00,CTC,25.5
1996-02-16 00:00:00,CTC,26
1996-02-20 00:00:00,CTC,26
1996-02-26 00:00:00,CTC,26
1996-02-28 00:00:00,CTC,26.5
1996-02-29 00:00:00,CTC,26
1996-03-01 00:00:00,CTC,27
1996-03-05 00:00:00,CTC,28.25
1996-03-06 00:00:00,CTC,29.5
1996-03-07 00:00:00,CTC,30.5
1996-03-08 00:00:00,CTC,30.5
1996-03-11 00:00:00,CTC,30
1996-03-12 00:00:00,CTC,30
1996-03-13 00:00:00,CTC,29
1996-03-14 00:00:00,CTC,29
1996-03-15 00:00:00,CTC,28
1996-03-18 00:00:00,CTC,27.75
1996-03-19 00:00:00,CTC,27.25
1996-03-20 00:00:00,CTC,26.5
1996-03-21 00:00:00,CTC,26
1996-03-22 00:00:00,CTC,26
1996-03-26 00:00:00,CTC,26.5
1996-03-27 00:00:00,CTC,26.75
1996-03-28 00:00:00,CTC,26.75
1996-03-29 00:00:00,CTC,27
1996-04-01 00:00:00,CTC,27.25
1996-04-02 00:00:00,CTC,27
1996-04-04 00:00:00,CTC,27
1996-04-08 00:00:00,CTC,27
1996-04-09 00:00:00,CTC,26.75
1996-04-10 00:00:00,CTC,26
1996-04-16 00:00:00,CTC,26.5
1996-04-18 00:00:00,CTC,27
1996-04-19 00:00:00,CTC,26.5
1996-04-22 00:00:00,CTC,26.25
1996-04-23 00:00:00,CTC,26.5
1996-04-24 00:00:00,CTC,26
1996-04-25 00:00:00,CTC,25.75
1996-05-06 00:00:00,CTC,25.5
1996-05-07 00:00:00,CTC,26
1996-05-08 00:00:00,CTC,26.5
1996-05-09 00:00:00,CTC,26.5
1996-05-10 00:00:00,CTC,26.75
1996-05-13 00:00:00,CTC,26.75
1996-05-14 00:00:00,CTC,26.75
1996-05-15 00:00:00,CTC,26.5
1996-05-16 00:00:00,CTC,26.5
1996-05-17 00:00:00,CTC,26.5
1996-05-21 00:00:00,CTC,26.5
1996-05-22 00:00:00,CTC,26.5
1996-05-23 00:00:00,CTC,27.5
1996-05-24 00:00:00,CTC,27
1996-05-27 00:00:00,CTC,26.75
1996-05-29 00:00:00,CTC,26.75
1996-05-30 00:00:00,CTC,26.25
1996-06-03 00:00:00,CTC,26.5
1996-06-04 00:00:00,CTC,26.25
1996-06-05 00:00:00,CTC,26
1996-06-06 00:00:00,CTC,26.25
1996-06-07 00:00:00,CTC,26
1996-06-10 00:00:00,CTC,26
1996-06-12 00:00:00,CTC,26
1996-06-13 00:00:00,CTC,26
1996-06-14 00:00:00,CTC,26
1996-06-17 00:00:00,CTC,26
1996-06-18 00:00:00,CTC,26.25
1996-06-19 00:00:00,CTC,26
1996-06-20 00:00:00,CTC,26
1996-06-21 00:00:00,CTC,26.25
1996-06-25 00:00:00,CTC,26
1996-06-26 00:00:00,CTC,26.5
1996-06-27 00:00:00,CTC,26.25
1996-07-04 00:00:00,CTC,26.25
1996-07-05 00:00:00,CTC,26.25
1996-07-09 00:00:00,CTC,26.25
1996-07-10 00:00:00,CTC,26
1996-07-11 00:00:00,CTC,26
1996-07-12 00:00:00,CTC,26
1996-07-15 00:00:00,CTC,26
1996-07-16 00:00:00,CTC,25
1996-07-17 00:00:00,CTC,25.25
1996-07-19 00:00:00,CTC,25.25
1996-07-22 00:00:00,CTC,25.25
1996-07-23 00:00:00,CTC,25.25
1996-07-24 00:00:00,CTC,25.25
1996-07-25 00:00:00,CTC,25
1996-07-26 00:00:00,CTC,24.75
1996-07-31 00:00:00,CTC,24.75
1996-08-02 00:00:00,CTC,24
1996-08-06 00:00:00,CTC,24
1996-08-07 00:00:00,CTC,24.25
1996-08-08 00:00:00,CTC,24.25
1996-08-09 00:00:00,CTC,24.25
1996-08-12 00:00:00,CTC,24.25
1996-08-13 00:00:00,CTC,24.25
1996-08-19 00:00:00,CTC,25
1996-08-20 00:00:00,CTC,25.5
1996-08-21 00:00:00,CTC,25
1996-08-22 00:00:00,CTC,26
1996-08-23 00:00:00,CTC,26
1996-08-26 00:00:00,CTC,25.5
1996-08-27 00:00:00,CTC,26
1996-08-29 00:00:00,CTC,27
1996-08-30 00:00:00,CTC,27.25
1996-09-03 00:00:00,CTC,27
1996-09-04 00:00:00,CTC,27
1996-09-05 00:00:00,CTC,27
1996-09-06 00:00:00,CTC,27
1996-09-10 00:00:00,CTC,27
1996-09-11 00:00:00,CTC,26.5
1996-09-12 00:00:00,CTC,26.75
1996-09-13 00:00:00,CTC,26.75
1996-09-16 00:00:00,CTC,26.75
1996-09-17 00:00:00,CTC,26.75
1996-09-18 00:00:00,CTC,27
1996-09-19 00:00:00,CTC,27
1996-09-20 00:00:00,CTC,27.5
1996-09-23 00:00:00,CTC,27
1996-09-24 00:00:00,CTC,27.5
1996-09-25 00:00:00,CTC,28.5
1996-09-27 00:00:00,CTC,29.5
1996-09-30 00:00:00,CTC,28.5
1996-10-01 00:00:00,CTC,28.5
1996-10-02 00:00:00,CTC,29
1996-10-03 00:00:00,CTC,29
1996-10-04 00:00:00,CTC,29
1996-10-07 00:00:00,CTC,28.75
1996-10-08 00:00:00,CTC,28.5
1996-10-09 00:00:00,CTC,28.25
1996-10-10 00:00:00,CTC,28
1996-10-14 00:00:00,CTC,28.25
1996-10-15 00:00:00,CTC,28
1996-10-16 00:00:00,CTC,28.25
1996-10-17 00:00:00,CTC,28.25
1996-10-18 00:00:00,CTC,28.5
1996-10-21 00:00:00,CTC,28.5
1996-10-22 00:00:00,CTC,28.5
1996-10-23 00:00:00,CTC,28
1996-10-24 00:00:00,CTC,28.5
1996-10-28 00:00:00,CTC,28
1996-10-29 00:00:00,CTC,28
1996-10-30 00:00:00,CTC,29.75
1996-10-31 00:00:00,CTC,29.75
1996-11-01 00:00:00,CTC,28
1996-11-04 00:00:00,CTC,28.25
1996-11-05 00:00:00,CTC,28.5
1996-11-06 00:00:00,CTC,28.25
1996-11-07 00:00:00,CTC,28.5
1996-11-08 00:00:00,CTC,28.5
1996-11-11 00:00:00,CTC,29
1996-11-12 00:00:00,CTC,28.75
1996-11-13 00:00:00,CTC,28.5
1996-11-15 00:00:00,CTC,31.5
1996-11-18 00:00:00,CTC,31.5
1996-11-19 00:00:00,CTC,30.25
1996-11-20 00:00:00,CTC,29.5
1996-11-22 00:00:00,CTC,28.5
1996-11-25 00:00:00,CTC,28.5
1996-11-27 00:00:00,CTC,28.25
1996-11-28 00:00:00,CTC,28.5
1996-11-29 00:00:00,CTC,28.5
1996-12-02 00:00:00,CTC,28.5
1996-12-03 00:00:00,CTC,28
1996-12-04 00:00:00,CTC,28.5
1996-12-06 00:00:00,CTC,28
1996-12-09 00:00:00,CTC,28
1996-12-10 00:00:00,CTC,28
1996-12-11 00:00:00,CTC,28
1996-12-13 00:00:00,CTC,28
1996-12-16 00:00:00,CTC,28
1996-12-23 00:00:00,CTC,28.5
1996-12-27 00:00:00,CTC,29
1996-12-30 00:00:00,CTC,29.5
1996-01-04 00:00:00,CTCE,52.5
1996-01-08 00:00:00,CTCE,52.5
1996-01-24 00:00:00,CTCE,51.5
1996-02-08 00:00:00,CTCE,50
1996-02-13 00:00:00,CTCE,0
1996-02-19 00:00:00,CTCE,47.5
1996-02-20 00:00:00,CTCE,44
1996-02-23 00:00:00,CTCE,48
1996-02-27 00:00:00,CTCE,48
1996-02-29 00:00:00,CTCE,48
1996-03-01 00:00:00,CTCE,50.25
1996-03-05 00:00:00,CTCE,49
1996-03-06 00:00:00,CTCE,52
1996-03-07 00:00:00,CTCE,52.5
1996-03-11 00:00:00,CTCE,55
1996-03-12 00:00:00,CTCE,55
1996-03-13 00:00:00,CTCE,55
1996-03-14 00:00:00,CTCE,55
1996-03-19 00:00:00,CTCE,55.25
1996-03-20 00:00:00,CTCE,55
1996-03-27 00:00:00,CTCE,0
1996-03-29 00:00:00,CTCE,53
1996-04-02 00:00:00,CTCE,50.25
1996-04-17 00:00:00,CTCE,0
1996-04-18 00:00:00,CTCE,50
1996-04-19 00:00:00,CTCE,50
1996-04-22 00:00:00,CTCE,49
1996-04-23 00:00:00,CTCE,0
1996-04-30 00:00:00,CTCE,47.5
1996-05-08 00:00:00,CTCE,48
1996-05-10 00:00:00,CTCE,50
1996-05-13 00:00:00,CTCE,48
1996-05-14 00:00:00,CTCE,48
1996-05-15 00:00:00,CTCE,0
1996-05-16 00:00:00,CTCE,50
1996-05-21 00:00:00,CTCE,50
1996-06-06 00:00:00,CTCE,50
1996-06-07 00:00:00,CTCE,50
1996-06-10 00:00:00,CTCE,48
1996-06-13 00:00:00,CTCE,48
1996-06-18 00:00:00,CTCE,46
1996-06-19 00:00:00,CTCE,44
1996-06-25 00:00:00,CTCE,0
1996-06-27 00:00:00,CTCE,45
1996-07-08 00:00:00,CTCE,45
SECURITY_DA,COMP,CLOSE_PRICE
-----------,----,-----------
1996-07-09 00:00:00,CTCE,45
1996-07-10 00:00:00,CTCE,0
1996-07-11 00:00:00,CTCE,45
1996-07-16 00:00:00,CTCE,44
1996-07-17 00:00:00,CTCE,44
1996-07-19 00:00:00,CTCE,43
1996-07-24 00:00:00,CTCE,43.5
1996-07-25 00:00:00,CTCE,42.25
1996-07-31 00:00:00,CTCE,43.5
1996-08-01 00:00:00,CTCE,42
1996-08-05 00:00:00,CTCE,42
1996-08-06 00:00:00,CTCE,0
1996-08-08 00:00:00,CTCE,42
1996-08-13 00:00:00,CTCE,43
1996-08-15 00:00:00,CTCE,0
1996-08-16 00:00:00,CTCE,43
1996-09-04 00:00:00,CTCE,0
1996-09-09 00:00:00,CTCE,0
1996-09-12 00:00:00,CTCE,0
1996-09-16 00:00:00,CTCE,44
1996-10-02 00:00:00,CTCE,44
SECURITY_DA,COMP,CLOSE_PRICE
-----------,----,-----------
1996-10-04 00:00:00,CTCE,44
1996-10-09 00:00:00,CTCE,44
1996-10-10 00:00:00,CTCE,43.75
1996-10-11 00:00:00,CTCE,43.75
1996-10-18 00:00:00,CTCE,43
1996-10-21 00:00:00,CTCE,43
1996-10-22 00:00:00,CTCE,43.75
1996-10-24 00:00:00,CTCE,42.25
1996-10-30 00:00:00,CTCE,40
1996-10-31 00:00:00,CTCE,40
1996-11-01 00:00:00,CTCE,40
1996-11-04 00:00:00,CTCE,40
1996-11-05 00:00:00,CTCE,40
1996-11-06 00:00:00,CTCE,40.5
1996-11-07 00:00:00,CTCE,41.25
1996-11-08 00:00:00,CTCE,0
1996-11-11 00:00:00,CTCE,42
1996-11-12 00:00:00,CTCE,0
1996-11-20 00:00:00,CTCE,44
1996-11-21 00:00:00,CTCE,44
1996-11-22 00:00:00,CTCE,43.75
SECURITY_DA,COMP,CLOSE_PRICE
-----------,----,-----------
1996-11-25 00:00:00,CTCE,42
1996-11-26 00:00:00,CTCE,41
1996-11-28 00:00:00,CTCE,0
1996-11-29 00:00:00,CTCE,41
1996-12-02 00:00:00,CTCE,41
1996-12-03 00:00:00,CTCE,0
1996-12-04 00:00:00,CTCE,0
1996-12-05 00:00:00,CTCE,40.5
1996-12-09 00:00:00,CTCE,42.75
1996-12-12 00:00:00,CTCE,0
1996-12-19 00:00:00,CTCE,0
1996-01-08 00:00:00,CTEA,0
1996-01-22 00:00:00,CTEA,85
1996-01-26 00:00:00,CTEA,85
1996-03-01 00:00:00,CTEA,0
1996-08-21 00:00:00,CTEA,60
1996-08-27 00:00:00,CTEA,63
1996-10-08 00:00:00,CTEA,62
1996-10-21 00:00:00,CTEA,59
1996-10-25 00:00:00,CTEA,56
1996-10-28 00:00:00,CTEA,53.5
SECURITY_DA,COMP,CLOSE_PRICE
-----------,----,-----------
1996-10-31 00:00:00,CTEA,53.5
1996-11-01 00:00:00,CTEA,53.5
1996-11-04 00:00:00,CTEA,53.5
1996-11-06 00:00:00,CTEA,53
1996-11-13 00:00:00,CTEA,54
1996-11-14 00:00:00,CTEA,56
1996-11-22 00:00:00,CTEA,58.75
1996-12-02 00:00:00,CTEA,0
1996-12-03 00:00:00,CTEA,60
1996-12-06 00:00:00,CTEA,60
1996-12-09 00:00:00,CTEA,60
1996-12-10 00:00:00,CTEA,60
1996-12-13 00:00:00,CTEA,60
1996-12-16 00:00:00,CTEA,60
1996-02-07 00:00:00,CTHR,350
1996-03-01 00:00:00,CTHR,350
1996-03-14 00:00:00,CTHR,352
1996-03-20 00:00:00,CTHR,350
1996-05-15 00:00:00,CTHR,0
1996-06-11 00:00:00,CTHR,0
1996-01-04 00:00:00,CTLD,11.75
SECURITY_DA,COMP,CLOSE_PRICE
-----------,----,-----------
1996-01-08 00:00:00,CTLD,11.75
1996-01-09 00:00:00,CTLD,11.75
1996-01-10 00:00:00,CTLD,11.75
1996-01-11 00:00:00,CTLD,11.75
1996-01-16 00:00:00,CTLD,11.75
1996-01-17 00:00:00,CTLD,11.75
1996-01-18 00:00:00,CTLD,11.75
1996-01-19 00:00:00,CTLD,11.75
1996-01-22 00:00:00,CTLD,0
1996-01-23 00:00:00,CTLD,11.75
1996-01-25 00:00:00,CTLD,11.25
1996-01-26 00:00:00,CTLD,10.5
1996-01-29 00:00:00,CTLD,10.5
1996-01-30 00:00:00,CTLD,11
1996-01-31 00:00:00,CTLD,11
1996-02-02 00:00:00,CTLD,10.5
1996-02-06 00:00:00,CTLD,11
1996-02-07 00:00:00,CTLD,11
1996-02-08 00:00:00,CTLD,11
1996-02-09 00:00:00,CTLD,11
1996-02-12 00:00:00,CTLD,10.5
SECURITY_DA,COMP,CLOSE_PRICE
-----------,----,-----------
1996-02-13 00:00:00,CTLD,11
1996-02-14 00:00:00,CTLD,11.25
1996-02-15 00:00:00,CTLD,11
1996-02-16 00:00:00,CTLD,11.25
1996-02-19 00:00:00,CTLD,11
1996-02-20 00:00:00,CTLD,11
1996-02-23 00:00:00,CTLD,11.25
1996-02-26 00:00:00,CTLD,11.25
1996-02-27 00:00:00,CTLD,11.25
1996-02-28 00:00:00,CTLD,11.25
1996-02-29 00:00:00,CTLD,11.5
1996-03-01 00:00:00,CTLD,11.5
1996-03-05 00:00:00,CTLD,11.75
1996-03-06 00:00:00,CTLD,12
1996-03-07 00:00:00,CTLD,12.5
1996-03-08 00:00:00,CTLD,13
1996-03-11 00:00:00,CTLD,12
1996-03-12 00:00:00,CTLD,11.75
1996-03-13 00:00:00,CTLD,12
1996-03-14 00:00:00,CTLD,12.25
1996-03-15 00:00:00,CTLD,12
SECURITY_DA,COMP,CLOSE_PRICE
-----------,----,-----------
1996-03-18 00:00:00,CTLD,12
1996-03-19 00:00:00,CTLD,11.75
1996-03-20 00:00:00,CTLD,12
1996-03-21 00:00:00,CTLD,12
1996-03-22 00:00:00,CTLD,11.75
1996-03-25 00:00:00,CTLD,11.75
1996-03-26 00:00:00,CTLD,11.75
1996-03-27 00:00:00,CTLD,11.75
1996-03-28 00:00:00,CTLD,11.5
1996-03-29 00:00:00,CTLD,11.5
1996-04-01 00:00:00,CTLD,11.5
1996-04-09 00:00:00,CTLD,11.5
1996-04-16 00:00:00,CTLD,12
1996-04-17 00:00:00,CTLD,11.75
1996-04-18 00:00:00,CTLD,11.5
1996-04-22 00:00:00,CTLD,11.5
1996-04-23 00:00:00,CTLD,11.5
1996-04-24 00:00:00,CTLD,11.5
1996-04-25 00:00:00,CTLD,11.5
1996-04-26 00:00:00,CTLD,11.5
1996-05-07 00:00:00,CTLD,11.5
SECURITY_DA,COMP,CLOSE_PRICE
-----------,----,-----------
1996-05-08 00:00:00,CTLD,11.5
1996-05-09 00:00:00,CTLD,11.5
1996-05-10 00:00:00,CTLD,11.5
1996-05-13 00:00:00,CTLD,11.75
1996-05-14 00:00:00,CTLD,11.5
1996-05-15 00:00:00,CTLD,11.5
1996-05-16 00:00:00,CTLD,11.75
1996-05-17 00:00:00,CTLD,11.5
1996-05-20 00:00:00,CTLD,11.5
1996-05-21 00:00:00,CTLD,11.5
1996-05-22 00:00:00,CTLD,11.5
1996-05-23 00:00:00,CTLD,11.75
1996-05-24 00:00:00,CTLD,11.75
1996-05-27 00:00:00,CTLD,11.75
1996-05-28 00:00:00,CTLD,12
1996-05-29 00:00:00,CTLD,11.75
1996-05-30 00:00:00,CTLD,12
1996-06-03 00:00:00,CTLD,12
1996-06-04 00:00:00,CTLD,12
1996-06-05 00:00:00,CTLD,12
1996-06-06 00:00:00,CTLD,12
SECURITY_DA,COMP,CLOSE_PRICE
-----------,----,-----------
1996-06-07 00:00:00,CTLD,12
1996-06-10 00:00:00,CTLD,11.75
1996-06-11 00:00:00,CTLD,11.75
1996-06-12 00:00:00,CTLD,11.75
1996-06-13 00:00:00,CTLD,12
1996-06-17 00:00:00,CTLD,11.75
1996-06-18 00:00:00,CTLD,11.5
1996-06-19 00:00:00,CTLD,11.5
1996-06-20 00:00:00,CTLD,11.5
1996-06-21 00:00:00,CTLD,11.5
1996-06-24 00:00:00,CTLD,11.5
1996-06-25 00:00:00,CTLD,11.75
1996-06-26 00:00:00,CTLD,11.5
1996-06-27 00:00:00,CTLD,11.5
1996-06-28 00:00:00,CTLD,11.5
1996-07-02 00:00:00,CTLD,11.25
1996-07-03 00:00:00,CTLD,11.25
1996-07-04 00:00:00,CTLD,0
1996-07-05 00:00:00,CTLD,11
1996-07-08 00:00:00,CTLD,11
1996-07-10 00:00:00,CTLD,10.75
SECURITY_DA,COMP,CLOSE_PRICE
-----------,----,-----------
1996-07-11 00:00:00,CTLD,10.75
1996-07-12 00:00:00,CTLD,10.5
1996-07-15 00:00:00,CTLD,10.5
1996-07-16 00:00:00,CTLD,10.5
1996-07-17 00:00:00,CTLD,10.5
1996-07-18 00:00:00,CTLD,10.5
1996-07-19 00:00:00,CTLD,10.5
1996-07-22 00:00:00,CTLD,10.5
1996-07-23 00:00:00,CTLD,10.75
1996-07-25 00:00:00,CTLD,10.75
1996-07-26 00:00:00,CTLD,10.75
1996-07-31 00:00:00,CTLD,10.75
1996-08-05 00:00:00,CTLD,10.75
1996-08-06 00:00:00,CTLD,10.75
1996-08-07 00:00:00,CTLD,11
1996-08-08 00:00:00,CTLD,11
1996-08-09 00:00:00,CTLD,11
1996-08-12 00:00:00,CTLD,11
1996-08-13 00:00:00,CTLD,11
1996-08-14 00:00:00,CTLD,11
1996-08-16 00:00:00,CTLD,11.25
SECURITY_DA,COMP,CLOSE_PRICE
-----------,----,-----------
1996-08-20 00:00:00,CTLD,11.25
1996-08-21 00:00:00,CTLD,11.5
1996-08-22 00:00:00,CTLD,11.5
1996-08-23 00:00:00,CTLD,11.25
1996-08-27 00:00:00,CTLD,11
1996-08-29 00:00:00,CTLD,11.25
1996-08-30 00:00:00,CTLD,11.25
1996-09-02 00:00:00,CTLD,11.25
1996-09-03 00:00:00,CTLD,11.25
1996-09-04 00:00:00,CTLD,11.5
1996-09-05 00:00:00,CTLD,11.25
1996-09-06 00:00:00,CTLD,11.25
1996-09-09 00:00:00,CTLD,11
1996-09-10 00:00:00,CTLD,11.25
1996-09-11 00:00:00,CTLD,11.25
1996-09-12 00:00:00,CTLD,11.25
1996-09-13 00:00:00,CTLD,11.25
1996-09-19 00:00:00,CTLD,11.5
1996-09-20 00:00:00,CTLD,11.75
1996-09-23 00:00:00,CTLD,11.75
1996-09-25 00:00:00,CTLD,11.75
SECURITY_DA,COMP,CLOSE_PRICE
-----------,----,-----------
1996-09-27 00:00:00,CTLD,12
1996-09-30 00:00:00,CTLD,12
1996-10-01 00:00:00,CTLD,12
1996-10-02 00:00:00,CTLD,12
1996-10-03 00:00:00,CTLD,12.25
1996-10-04 00:00:00,CTLD,12
1996-10-07 00:00:00,CTLD,12
1996-10-08 00:00:00,CTLD,12
1996-10-09 00:00:00,CTLD,11.75
1996-10-10 00:00:00,CTLD,11.75
1996-10-11 00:00:00,CTLD,11
1996-10-15 00:00:00,CTLD,11.25
1996-10-16 00:00:00,CTLD,11.25
1996-10-17 00:00:00,CTLD,11
1996-10-18 00:00:00,CTLD,11
1996-10-21 00:00:00,CTLD,11
1996-10-22 00:00:00,CTLD,10.5
1996-10-23 00:00:00,CTLD,10.5
1996-10-25 00:00:00,CTLD,10.75
1996-10-28 00:00:00,CTLD,10.75
1996-10-29 00:00:00,CTLD,12
SECURITY_DA,COMP,CLOSE_PRICE
-----------,----,-----------
1996-10-30 00:00:00,CTLD,12
1996-10-31 00:00:00,CTLD,11
1996-11-01 00:00:00,CTLD,11.25
1996-11-04 00:00:00,CTLD,12
1996-11-05 00:00:00,CTLD,12
1996-11-06 00:00:00,CTLD,11.5
1996-11-07 00:00:00,CTLD,11.5
1996-11-08 00:00:00,CTLD,11.5
1996-11-11 00:00:00,CTLD,11.75
1996-11-12 00:00:00,CTLD,11.75
1996-11-13 00:00:00,CTLD,11.75
1996-11-15 00:00:00,CTLD,11.5
1996-11-18 00:00:00,CTLD,11.5
1996-11-19 00:00:00,CTLD,11.5
1996-11-20 00:00:00,CTLD,11.25
1996-11-21 00:00:00,CTLD,11
1996-11-22 00:00:00,CTLD,0
1996-11-25 00:00:00,CTLD,11
1996-11-26 00:00:00,CTLD,11
1996-11-27 00:00:00,CTLD,10.5
1996-11-28 00:00:00,CTLD,0
SECURITY_DA,COMP,CLOSE_PRICE
-----------,----,-----------
1996-11-29 00:00:00,CTLD,10.5
1996-12-04 00:00:00,CTLD,10.5
1996-12-06 00:00:00,CTLD,10.5
1996-12-09 00:00:00,CTLD,11
1996-12-10 00:00:00,CTLD,10.75
1996-12-11 00:00:00,CTLD,10.5
1996-12-12 00:00:00,CTLD,10.5
1996-12-17 00:00:00,CTLD,10.5
1996-12-23 00:00:00,CTLD,11
1996-12-30 00:00:00,CTLD,11.5
1996-12-31 00:00:00,CTLD,11.5
1996-01-03 00:00:00,CWM,20
1996-01-08 00:00:00,CWM,20.5
1996-01-09 00:00:00,CWM,20
1996-01-10 00:00:00,CWM,20.25
1996-01-12 00:00:00,CWM,20
1996-01-16 00:00:00,CWM,19.5
1996-01-17 00:00:00,CWM,19.5
1996-01-25 00:00:00,CWM,19
1996-01-30 00:00:00,CWM,19.5
1996-01-31 00:00:00,CWM,19
SECURITY_DA,COMP,CLOSE_PRICE
-----------,----,-----------
1996-02-02 00:00:00,CWM,19
1996-02-06 00:00:00,CWM,19.5
1996-02-07 00:00:00,CWM,18.5
1996-02-09 00:00:00,CWM,18.5
1996-02-12 00:00:00,CWM,19
1996-02-13 00:00:00,CWM,19
1996-02-14 00:00:00,CWM,19.5
1996-02-15 00:00:00,CWM,19.25
1996-02-16 00:00:00,CWM,19.25
1996-02-19 00:00:00,CWM,19.25
1996-02-21 00:00:00,CWM,19.25
1996-02-22 00:00:00,CWM,19
1996-02-23 00:00:00,CWM,19
1996-02-26 00:00:00,CWM,18.5
1996-02-27 00:00:00,CWM,18
1996-02-29 00:00:00,CWM,18
1996-03-05 00:00:00,CWM,18
1996-03-06 00:00:00,CWM,19
1996-03-08 00:00:00,CWM,19.75
1996-03-11 00:00:00,CWM,20
1996-03-18 00:00:00,CWM,18.5
SECURITY_DA,COMP,CLOSE_PRICE
-----------,----,-----------
1996-03-20 00:00:00,CWM,18
1996-03-28 00:00:00,CWM,18
1996-04-04 00:00:00,CWM,18
1996-04-08 00:00:00,CWM,18
1996-04-16 00:00:00,CWM,17.75
1996-04-19 00:00:00,CWM,17.5
1996-04-23 00:00:00,CWM,16.75
1996-04-24 00:00:00,CWM,16.5
1996-04-29 00:00:00,CWM,16
1996-05-10 00:00:00,CWM,17
1996-05-13 00:00:00,CWM,16.75
1996-05-15 00:00:00,CWM,17.25
1996-05-16 00:00:00,CWM,17.5
1996-05-17 00:00:00,CWM,17.5
1996-05-23 00:00:00,CWM,17
1996-05-28 00:00:00,CWM,17
1996-05-30 00:00:00,CWM,17
1996-06-05 00:00:00,CWM,17
1996-06-06 00:00:00,CWM,17
1996-06-10 00:00:00,CWM,16
1996-06-12 00:00:00,CWM,16.25
SECURITY_DA,COMP,CLOSE_PRICE
-----------,----,-----------
1996-06-13 00:00:00,CWM,16
1996-06-18 00:00:00,CWM,16
1996-06-26 00:00:00,CWM,16.5
1996-07-05 00:00:00,CWM,16
1996-07-09 00:00:00,CWM,16
1996-07-11 00:00:00,CWM,15.25
1996-07-17 00:00:00,CWM,15
1996-07-18 00:00:00,CWM,15
1996-07-19 00:00:00,CWM,15
1996-07-22 00:00:00,CWM,14.5
1996-07-23 00:00:00,CWM,14
1996-07-26 00:00:00,CWM,12.75
1996-08-02 00:00:00,CWM,13.75
1996-08-05 00:00:00,CWM,13.25
1996-08-06 00:00:00,CWM,14.25
1996-08-07 00:00:00,CWM,14.5
1996-08-08 00:00:00,CWM,14.5
1996-08-09 00:00:00,CWM,14.5
1996-08-13 00:00:00,CWM,14.5
1996-08-14 00:00:00,CWM,14.25
1996-08-16 00:00:00,CWM,14
SECURITY_DA,COMP,CLOSE_PRICE
-----------,----,-----------
1996-08-19 00:00:00,CWM,14
1996-08-20 00:00:00,CWM,14
1996-08-22 00:00:00,CWM,14
1996-08-23 00:00:00,CWM,13.75
1996-08-27 00:00:00,CWM,13.75
1996-08-30 00:00:00,CWM,13.75
1996-09-04 00:00:00,CWM,13.75
1996-09-05 00:00:00,CWM,0
1996-09-06 00:00:00,CWM,13.5
1996-09-10 00:00:00,CWM,13
1996-09-12 00:00:00,CWM,13.25
1996-09-13 00:00:00,CWM,13.5
1996-09-16 00:00:00,CWM,13.5
1996-09-18 00:00:00,CWM,13.5
1996-09-19 00:00:00,CWM,13.5
1996-10-08 00:00:00,CWM,13.5
1996-10-16 00:00:00,CWM,13.75
1996-10-17 00:00:00,CWM,15.5
1996-10-23 00:00:00,CWM,15.5
1996-10-28 00:00:00,CWM,15.5
1996-10-31 00:00:00,CWM,15.5
SECURITY_DA,COMP,CLOSE_PRICE
-----------,----,-----------
1996-11-01 00:00:00,CWM,16.25
1996-11-07 00:00:00,CWM,16
1996-11-08 00:00:00,CWM,15.5
1996-11-11 00:00:00,CWM,15.5
1996-11-12 00:00:00,CWM,16
1996-11-13 00:00:00,CWM,15.75
1996-11-14 00:00:00,CWM,15.75
1996-11-15 00:00:00,CWM,15.75
1996-11-20 00:00:00,CWM,15.5
1996-11-25 00:00:00,CWM,14.75
1996-11-26 00:00:00,CWM,14.75
1996-12-05 00:00:00,CWM,14.75
1996-12-31 00:00:00,CWM,14.5
1996-01-02 00:00:00,DFCC,298
1996-01-03 00:00:00,DFCC,300
1996-01-04 00:00:00,DFCC,300
1996-01-08 00:00:00,DFCC,300.5
1996-01-09 00:00:00,DFCC,307.5
1996-01-10 00:00:00,DFCC,306
1996-01-11 00:00:00,DFCC,306
1996-01-12 00:00:00,DFCC,310
1996-01-16 00:00:00,DFCC,311
1996-01-17 00:00:00,DFCC,311
1996-01-18 00:00:00,DFCC,311
1996-01-19 00:00:00,DFCC,320
1996-01-22 00:00:00,DFCC,320
1996-01-23 00:00:00,DFCC,313
1996-01-24 00:00:00,DFCC,312
1996-01-25 00:00:00,DFCC,312
1996-01-26 00:00:00,DFCC,312
1996-01-29 00:00:00,DFCC,324
1996-01-30 00:00:00,DFCC,324
1996-01-31 00:00:00,DFCC,324
1996-02-01 00:00:00,DFCC,325.75
1996-02-02 00:00:00,DFCC,325
1996-02-06 00:00:00,DFCC,325
1996-02-07 00:00:00,DFCC,325
1996-02-08 00:00:00,DFCC,326
1996-02-09 00:00:00,DFCC,330
1996-02-12 00:00:00,DFCC,330
1996-02-13 00:00:00,DFCC,330
1996-02-14 00:00:00,DFCC,330
1996-02-15 00:00:00,DFCC,335
1996-02-16 00:00:00,DFCC,325.5
1996-02-19 00:00:00,DFCC,325
1996-02-20 00:00:00,DFCC,325
1996-02-21 00:00:00,DFCC,325
1996-02-22 00:00:00,DFCC,325
1996-02-23 00:00:00,DFCC,325
1996-02-26 00:00:00,DFCC,330
1996-02-27 00:00:00,DFCC,325
1996-02-28 00:00:00,DFCC,329
1996-02-29 00:00:00,DFCC,329
1996-03-01 00:00:00,DFCC,330
1996-03-05 00:00:00,DFCC,330
1996-03-06 00:00:00,DFCC,335
1996-03-07 00:00:00,DFCC,340
1996-03-08 00:00:00,DFCC,340
1996-03-11 00:00:00,DFCC,350
1996-03-12 00:00:00,DFCC,355.25
1996-03-13 00:00:00,DFCC,355
1996-03-14 00:00:00,DFCC,355
1996-03-15 00:00:00,DFCC,360
1996-03-18 00:00:00,DFCC,360
1996-03-19 00:00:00,DFCC,355
1996-03-20 00:00:00,DFCC,350
1996-03-21 00:00:00,DFCC,350
1996-03-25 00:00:00,DFCC,340
1996-03-26 00:00:00,DFCC,340
1996-03-27 00:00:00,DFCC,340
1996-03-28 00:00:00,DFCC,340
1996-03-29 00:00:00,DFCC,345
1996-04-01 00:00:00,DFCC,344
1996-04-02 00:00:00,DFCC,344
1996-04-04 00:00:00,DFCC,344
1996-04-08 00:00:00,DFCC,340
1996-04-09 00:00:00,DFCC,340
1996-04-10 00:00:00,DFCC,340
1996-04-15 00:00:00,DFCC,335
1996-04-16 00:00:00,DFCC,335
1996-04-17 00:00:00,DFCC,335
1996-04-18 00:00:00,DFCC,335
1996-04-19 00:00:00,DFCC,330
1996-04-22 00:00:00,DFCC,323
1996-04-23 00:00:00,DFCC,320.25
1996-04-24 00:00:00,DFCC,320
1996-04-25 00:00:00,DFCC,320
1996-04-26 00:00:00,DFCC,320
1996-04-29 00:00:00,DFCC,320
1996-04-30 00:00:00,DFCC,310
1996-05-06 00:00:00,DFCC,310.25
1996-05-07 00:00:00,DFCC,310.25
1996-05-08 00:00:00,DFCC,305
1996-05-09 00:00:00,DFCC,305
1996-05-10 00:00:00,DFCC,310
1996-05-14 00:00:00,DFCC,315
1996-05-15 00:00:00,DFCC,315
1996-05-16 00:00:00,DFCC,320
1996-05-17 00:00:00,DFCC,320
1996-05-20 00:00:00,DFCC,320
1996-05-21 00:00:00,DFCC,320.25
1996-05-22 00:00:00,DFCC,320.25
1996-05-23 00:00:00,DFCC,320
1996-05-24 00:00:00,DFCC,320
1996-05-27 00:00:00,DFCC,320
1996-05-28 00:00:00,DFCC,320
1996-05-29 00:00:00,DFCC,320
1996-05-30 00:00:00,DFCC,320
1996-06-03 00:00:00,DFCC,315
1996-06-04 00:00:00,DFCC,320
1996-06-05 00:00:00,DFCC,320
1996-06-06 00:00:00,DFCC,320
1996-06-07 00:00:00,DFCC,320.25
1996-06-10 00:00:00,DFCC,320
1996-06-11 00:00:00,DFCC,320
1996-06-12 00:00:00,DFCC,320
1996-06-14 00:00:00,DFCC,315
1996-06-17 00:00:00,DFCC,315
1996-06-18 00:00:00,DFCC,305
1996-06-19 00:00:00,DFCC,305
1996-06-20 00:00:00,DFCC,302.25
1996-06-21 00:00:00,DFCC,302.25
1996-06-24 00:00:00,DFCC,305
1996-06-26 00:00:00,DFCC,304
1996-06-27 00:00:00,DFCC,302
1996-06-28 00:00:00,DFCC,301
1996-07-01 00:00:00,DFCC,301
1996-07-02 00:00:00,DFCC,305.5
1996-07-04 00:00:00,DFCC,300
1996-07-05 00:00:00,DFCC,299.75
1996-07-09 00:00:00,DFCC,295
1996-07-10 00:00:00,DFCC,295
1996-07-11 00:00:00,DFCC,294.75
1996-07-12 00:00:00,DFCC,285
1996-07-15 00:00:00,DFCC,281
1996-07-16 00:00:00,DFCC,275
1996-07-17 00:00:00,DFCC,270
1996-07-18 00:00:00,DFCC,265
1996-07-19 00:00:00,DFCC,270
1996-07-22 00:00:00,DFCC,265
1996-07-23 00:00:00,DFCC,265
1996-07-24 00:00:00,DFCC,266
1996-07-25 00:00:00,DFCC,266
1996-07-31 00:00:00,DFCC,273
1996-08-01 00:00:00,DFCC,275
1996-08-02 00:00:00,DFCC,275
1996-08-05 00:00:00,DFCC,275
1996-08-06 00:00:00,DFCC,275
1996-08-07 00:00:00,DFCC,276
1996-08-08 00:00:00,DFCC,275
1996-08-12 00:00:00,DFCC,275
1996-08-13 00:00:00,DFCC,275
1996-08-15 00:00:00,DFCC,277.5
1996-08-16 00:00:00,DFCC,277
1996-08-19 00:00:00,DFCC,276
1996-08-20 00:00:00,DFCC,265.25
1996-08-21 00:00:00,DFCC,265
1996-08-22 00:00:00,DFCC,265
1996-08-23 00:00:00,DFCC,265
1996-08-26 00:00:00,DFCC,265
1996-08-27 00:00:00,DFCC,265
1996-08-29 00:00:00,DFCC,265
1996-08-30 00:00:00,DFCC,265
1996-09-03 00:00:00,DFCC,264.75
1996-09-04 00:00:00,DFCC,264.75
1996-09-05 00:00:00,DFCC,263.5
1996-09-06 00:00:00,DFCC,265
1996-09-09 00:00:00,DFCC,263
1996-09-10 00:00:00,DFCC,263
1996-09-12 00:00:00,DFCC,263
1996-09-16 00:00:00,DFCC,265
1996-09-17 00:00:00,DFCC,265
1996-09-18 00:00:00,DFCC,266.5
1996-09-19 00:00:00,DFCC,266.25
1996-09-20 00:00:00,DFCC,266.5
1996-09-23 00:00:00,DFCC,266.5
1996-09-24 00:00:00,DFCC,266
1996-09-25 00:00:00,DFCC,266
1996-09-27 00:00:00,DFCC,266
1996-09-30 00:00:00,DFCC,266
1996-10-01 00:00:00,DFCC,266
1996-10-02 00:00:00,DFCC,266.25
1996-10-03 00:00:00,DFCC,268
1996-10-04 00:00:00,DFCC,268.25
1996-10-07 00:00:00,DFCC,269
1996-10-08 00:00:00,DFCC,269
1996-10-09 00:00:00,DFCC,270
1996-10-10 00:00:00,DFCC,270
1996-10-11 00:00:00,DFCC,270
1996-10-14 00:00:00,DFCC,270
1996-10-15 00:00:00,DFCC,270
1996-10-16 00:00:00,DFCC,270
1996-10-17 00:00:00,DFCC,270.25
1996-10-18 00:00:00,DFCC,271.5
1996-10-21 00:00:00,DFCC,272
1996-10-23 00:00:00,DFCC,273
1996-10-24 00:00:00,DFCC,274
1996-10-25 00:00:00,DFCC,274
1996-10-28 00:00:00,DFCC,272
1996-10-29 00:00:00,DFCC,273
1996-10-31 00:00:00,DFCC,275
1996-11-01 00:00:00,DFCC,273
1996-11-06 00:00:00,DFCC,273
1996-11-07 00:00:00,DFCC,273
1996-11-08 00:00:00,DFCC,275
1996-11-11 00:00:00,DFCC,285.25
1996-11-12 00:00:00,DFCC,290
1996-11-13 00:00:00,DFCC,286
1996-11-14 00:00:00,DFCC,290
1996-11-15 00:00:00,DFCC,295
1996-11-19 00:00:00,DFCC,290
1996-11-20 00:00:00,DFCC,290
1996-11-22 00:00:00,DFCC,290
1996-11-25 00:00:00,DFCC,290
1996-11-26 00:00:00,DFCC,290
1996-11-27 00:00:00,DFCC,285
1996-11-28 00:00:00,DFCC,286
1996-11-29 00:00:00,DFCC,286
1996-12-03 00:00:00,DFCC,286
1996-12-05 00:00:00,DFCC,284.75
1996-12-06 00:00:00,DFCC,283
1996-12-09 00:00:00,DFCC,283
1996-12-10 00:00:00,DFCC,270
1996-12-12 00:00:00,DFCC,270
1996-12-13 00:00:00,DFCC,270
1996-12-17 00:00:00,DFCC,270
1996-12-18 00:00:00,DFCC,270
1996-12-19 00:00:00,DFCC,269.75
1996-12-20 00:00:00,DFCC,269.75
1996-12-23 00:00:00,DFCC,260
1996-12-27 00:00:00,DFCC,260
1996-12-30 00:00:00,DFCC,260
1996-01-09 00:00:00,DIMO,91
1996-01-11 00:00:00,DIMO,90.75
1996-01-12 00:00:00,DIMO,91.25
1996-01-18 00:00:00,DIMO,91
1996-01-23 00:00:00,DIMO,91
1996-01-24 00:00:00,DIMO,0
1996-01-25 00:00:00,DIMO,90
1996-01-26 00:00:00,DIMO,90
1996-01-29 00:00:00,DIMO,90
1996-01-30 00:00:00,DIMO,91
1996-01-31 00:00:00,DIMO,91
1996-02-07 00:00:00,DIMO,0
1996-02-12 00:00:00,DIMO,92
1996-02-15 00:00:00,DIMO,90
1996-02-19 00:00:00,DIMO,91
1996-02-20 00:00:00,DIMO,91
1996-02-23 00:00:00,DIMO,91.5
1996-03-06 00:00:00,DIMO,96.25
1996-03-07 00:00:00,DIMO,100
1996-03-08 00:00:00,DIMO,107
SECURITY_DA,COMP,CLOSE_PRICE
-----------,----,-----------
1996-03-11 00:00:00,DIMO,112
1996-03-12 00:00:00,DIMO,110
1996-03-14 00:00:00,DIMO,106.75
1996-03-26 00:00:00,DIMO,108
1996-04-01 00:00:00,DIMO,99.75
1996-04-02 00:00:00,DIMO,95
1996-04-04 00:00:00,DIMO,90
1996-04-08 00:00:00,DIMO,90.75
1996-04-10 00:00:00,DIMO,90
1996-04-15 00:00:00,DIMO,90
1996-04-17 00:00:00,DIMO,90
1996-04-18 00:00:00,DIMO,87
1996-04-22 00:00:00,DIMO,82.5
1996-04-25 00:00:00,DIMO,82.5
1996-04-30 00:00:00,DIMO,83.5
1996-05-10 00:00:00,DIMO,87.75
1996-05-13 00:00:00,DIMO,90
1996-05-14 00:00:00,DIMO,95
1996-06-04 00:00:00,DIMO,0
1996-06-11 00:00:00,DIMO,94.5
1996-06-19 00:00:00,DIMO,0
SECURITY_DA,COMP,CLOSE_PRICE
-----------,----,-----------
1996-06-21 00:00:00,DIMO,90
1996-06-24 00:00:00,DIMO,89
1996-06-27 00:00:00,DIMO,86
1996-06-28 00:00:00,DIMO,86
1996-07-01 00:00:00,DIMO,85
1996-07-02 00:00:00,DIMO,0
1996-07-24 00:00:00,DIMO,85
1996-07-25 00:00:00,DIMO,77.5
1996-08-01 00:00:00,DIMO,0
1996-08-09 00:00:00,DIMO,73
1996-08-14 00:00:00,DIMO,71
1996-08-15 00:00:00,DIMO,0
1996-08-16 00:00:00,DIMO,71
1996-08-20 00:00:00,DIMO,68
1996-09-12 00:00:00,DIMO,0
1996-09-13 00:00:00,DIMO,64.5
1996-09-25 00:00:00,DIMO,65
1996-10-01 00:00:00,DIMO,68.25
1996-10-02 00:00:00,DIMO,0
1996-10-03 00:00:00,DIMO,70
1996-10-07 00:00:00,DIMO,68
SECURITY_DA,COMP,CLOSE_PRICE
-----------,----,-----------
1996-10-22 00:00:00,DIMO,65
1996-10-23 00:00:00,DIMO,65
1996-10-25 00:00:00,DIMO,65
1996-10-28 00:00:00,DIMO,62
1996-10-30 00:00:00,DIMO,63
1996-11-01 00:00:00,DIMO,63.25
1996-11-06 00:00:00,DIMO,63
1996-11-13 00:00:00,DIMO,63
1996-11-14 00:00:00,DIMO,63
1996-11-15 00:00:00,DIMO,0
1996-11-18 00:00:00,DIMO,60
1996-11-19 00:00:00,DIMO,60
1996-11-21 00:00:00,DIMO,60
1996-11-22 00:00:00,DIMO,58
1996-11-25 00:00:00,DIMO,58
1996-12-09 00:00:00,DIMO,0
1996-12-16 00:00:00,DIMO,58
1996-12-19 00:00:00,DIMO,56
1996-12-20 00:00:00,DIMO,55.5
1996-12-27 00:00:00,DIMO,54
1996-01-02 00:00:00,DIPD,97
SECURITY_DA,COMP,CLOSE_PRICE
-----------,----,-----------
1996-01-10 00:00:00,DIPD,98
1996-01-12 00:00:00,DIPD,98
1996-01-16 00:00:00,DIPD,98
1996-01-18 00:00:00,DIPD,98
1996-01-19 00:00:00,DIPD,98
1996-01-22 00:00:00,DIPD,98
1996-01-25 00:00:00,DIPD,98
1996-01-29 00:00:00,DIPD,98
1996-02-13 00:00:00,DIPD,92.5
1996-02-15 00:00:00,DIPD,87.25
1996-02-19 00:00:00,DIPD,90
1996-02-20 00:00:00,DIPD,90
1996-02-21 00:00:00,DIPD,90
1996-02-26 00:00:00,DIPD,90
1996-02-27 00:00:00,DIPD,90
1996-02-28 00:00:00,DIPD,93
1996-02-29 00:00:00,DIPD,92
1996-03-01 00:00:00,DIPD,94
1996-03-05 00:00:00,DIPD,94.5
1996-03-06 00:00:00,DIPD,94
1996-03-07 00:00:00,DIPD,95
SECURITY_DA,COMP,CLOSE_PRICE
-----------,----,-----------
1996-03-08 00:00:00,DIPD,96
1996-03-11 00:00:00,DIPD,95
1996-03-12 00:00:00,DIPD,94
1996-03-13 00:00:00,DIPD,94
1996-03-15 00:00:00,DIPD,94
1996-04-02 00:00:00,DIPD,93.5
1996-04-10 00:00:00,DIPD,93
1996-04-15 00:00:00,DIPD,93
1996-04-16 00:00:00,DIPD,91
1996-04-17 00:00:00,DIPD,90
1996-04-19 00:00:00,DIPD,87.5
1996-04-26 00:00:00,DIPD,0
1996-04-29 00:00:00,DIPD,88
1996-05-07 00:00:00,DIPD,87.5
1996-05-16 00:00:00,DIPD,89
1996-05-20 00:00:00,DIPD,0
1996-05-21 00:00:00,DIPD,85
1996-06-04 00:00:00,DIPD,0
1996-06-10 00:00:00,DIPD,0
1996-06-12 00:00:00,DIPD,85
1996-06-13 00:00:00,DIPD,85
SECURITY_DA,COMP,CLOSE_PRICE
-----------,----,-----------
1996-07-02 00:00:00,DIPD,85
1996-07-03 00:00:00,DIPD,84.75
1996-07-04 00:00:00,DIPD,85
1996-07-05 00:00:00,DIPD,88
1996-07-08 00:00:00,DIPD,88
1996-07-17 00:00:00,DIPD,87
1996-08-27 00:00:00,DIPD,89
1996-08-30 00:00:00,DIPD,0
1996-09-02 00:00:00,DIPD,0
1996-09-11 00:00:00,DIPD,80
1996-09-13 00:00:00,DIPD,84
1996-09-19 00:00:00,DIPD,85.5
1996-09-25 00:00:00,DIPD,80
1996-09-30 00:00:00,DIPD,0
1996-10-01 00:00:00,DIPD,81
1996-10-07 00:00:00,DIPD,0
1996-10-14 00:00:00,DIPD,0
1996-10-15 00:00:00,DIPD,84
1996-10-16 00:00:00,DIPD,85
1996-10-17 00:00:00,DIPD,86
1996-10-18 00:00:00,DIPD,89
SECURITY_DA,COMP,CLOSE_PRICE
-----------,----,-----------
1996-10-21 00:00:00,DIPD,0
1996-10-23 00:00:00,DIPD,86
1996-10-25 00:00:00,DIPD,85
1996-11-01 00:00:00,DIPD,85
1996-11-04 00:00:00,DIPD,85
1996-11-05 00:00:00,DIPD,85
1996-11-12 00:00:00,DIPD,86.5
1996-11-14 00:00:00,DIPD,87
1996-11-15 00:00:00,DIPD,87
1996-11-18 00:00:00,DIPD,89
1996-11-19 00:00:00,DIPD,0
1996-11-20 00:00:00,DIPD,87
1996-11-22 00:00:00,DIPD,89.25
1996-11-26 00:00:00,DIPD,88
1996-11-27 00:00:00,DIPD,87.25
1996-12-02 00:00:00,DIPD,89
1996-12-03 00:00:00,DIPD,90
1996-12-04 00:00:00,DIPD,89
1996-12-05 00:00:00,DIPD,85
1996-12-06 00:00:00,DIPD,85.25
1996-12-09 00:00:00,DIPD,85.5
SECURITY_DA,COMP,CLOSE_PRICE
-----------,----,-----------
1996-12-10 00:00:00,DIPD,85.5
1996-12-11 00:00:00,DIPD,85.5
1996-12-12 00:00:00,DIPD,87
1996-12-13 00:00:00,DIPD,87
1996-12-18 00:00:00,DIPD,85.5
1996-12-19 00:00:00,DIPD,84
1996-12-20 00:00:00,DIPD,84
1996-12-23 00:00:00,DIPD,83.5
1996-12-27 00:00:00,DIPD,84
1996-12-31 00:00:00,DIPD,84
1996-01-02 00:00:00,DIST,6
1996-01-03 00:00:00,DIST,6.25
1996-01-04 00:00:00,DIST,6
1996-01-08 00:00:00,DIST,6
1996-01-09 00:00:00,DIST,6
1996-01-10 00:00:00,DIST,5.75
1996-01-11 00:00:00,DIST,6
1996-01-12 00:00:00,DIST,6
1996-01-16 00:00:00,DIST,6
1996-01-17 00:00:00,DIST,5.75
1996-01-18 00:00:00,DIST,6
1996-01-19 00:00:00,DIST,6
1996-01-22 00:00:00,DIST,5.75
1996-01-23 00:00:00,DIST,5.75
1996-01-24 00:00:00,DIST,5.75
1996-01-25 00:00:00,DIST,5.75
1996-01-26 00:00:00,DIST,5.75
1996-01-29 00:00:00,DIST,5.75
1996-01-30 00:00:00,DIST,5.75
1996-02-02 00:00:00,DIST,5.75
1996-02-07 00:00:00,DIST,5.75
1996-02-08 00:00:00,DIST,5.75
1996-02-09 00:00:00,DIST,5.5
1996-02-12 00:00:00,DIST,5.5
1996-02-13 00:00:00,DIST,5.5
1996-02-14 00:00:00,DIST,5.5
1996-02-15 00:00:00,DIST,5.5
1996-02-16 00:00:00,DIST,5.5
1996-02-19 00:00:00,DIST,5.75
1996-02-20 00:00:00,DIST,5.5
1996-02-21 00:00:00,DIST,5.75
1996-02-22 00:00:00,DIST,5.5
1996-02-23 00:00:00,DIST,5.5
1996-02-26 00:00:00,DIST,5.5
1996-02-27 00:00:00,DIST,5.5
1996-02-28 00:00:00,DIST,5.5
1996-02-29 00:00:00,DIST,5.75
1996-03-01 00:00:00,DIST,5.75
1996-03-05 00:00:00,DIST,5.75
1996-03-06 00:00:00,DIST,6
1996-03-07 00:00:00,DIST,6
1996-03-08 00:00:00,DIST,6
1996-03-11 00:00:00,DIST,6
1996-03-12 00:00:00,DIST,6
1996-03-13 00:00:00,DIST,6.25
1996-03-14 00:00:00,DIST,6.25
1996-03-15 00:00:00,DIST,6.25
1996-03-18 00:00:00,DIST,6.25
1996-03-19 00:00:00,DIST,6.5
1996-03-20 00:00:00,DIST,6.5
1996-03-21 00:00:00,DIST,6.25
1996-03-22 00:00:00,DIST,6.75
1996-03-25 00:00:00,DIST,7
1996-03-26 00:00:00,DIST,6.75
1996-03-27 00:00:00,DIST,6.75
1996-03-28 00:00:00,DIST,6.5
1996-03-29 00:00:00,DIST,6.5
1996-04-01 00:00:00,DIST,6.5
1996-04-02 00:00:00,DIST,6.25
1996-04-04 00:00:00,DIST,6.5
1996-04-08 00:00:00,DIST,6.25
1996-04-09 00:00:00,DIST,6.25
1996-04-10 00:00:00,DIST,6.25
1996-04-15 00:00:00,DIST,6.25
1996-04-16 00:00:00,DIST,6
1996-04-17 00:00:00,DIST,6.25
1996-04-18 00:00:00,DIST,6.25
1996-04-19 00:00:00,DIST,6
1996-04-22 00:00:00,DIST,6
1996-04-23 00:00:00,DIST,6.25
1996-04-24 00:00:00,DIST,6
1996-04-25 00:00:00,DIST,6
1996-04-26 00:00:00,DIST,6
1996-04-29 00:00:00,DIST,6
1996-04-30 00:00:00,DIST,6
1996-05-06 00:00:00,DIST,6
1996-05-07 00:00:00,DIST,6
1996-05-08 00:00:00,DIST,6
1996-05-09 00:00:00,DIST,6
1996-05-10 00:00:00,DIST,6.25
1996-05-13 00:00:00,DIST,6
1996-05-14 00:00:00,DIST,6
1996-05-15 00:00:00,DIST,6.25
1996-05-16 00:00:00,DIST,6
1996-05-17 00:00:00,DIST,6
1996-05-20 00:00:00,DIST,6
1996-05-21 00:00:00,DIST,6
1996-05-23 00:00:00,DIST,6.25
1996-05-24 00:00:00,DIST,6.25
1996-05-27 00:00:00,DIST,6
1996-05-28 00:00:00,DIST,6
1996-05-29 00:00:00,DIST,6.25
1996-05-30 00:00:00,DIST,6
1996-06-03 00:00:00,DIST,6
1996-06-04 00:00:00,DIST,6
1996-06-05 00:00:00,DIST,6
1996-06-06 00:00:00,DIST,6
1996-06-07 00:00:00,DIST,6
1996-06-10 00:00:00,DIST,6
1996-06-11 00:00:00,DIST,6
1996-06-12 00:00:00,DIST,6
1996-06-13 00:00:00,DIST,6
1996-06-14 00:00:00,DIST,6
1996-06-17 00:00:00,DIST,6
1996-06-18 00:00:00,DIST,6
1996-06-19 00:00:00,DIST,6
1996-06-20 00:00:00,DIST,6
1996-06-21 00:00:00,DIST,5.75
1996-06-24 00:00:00,DIST,6
1996-06-25 00:00:00,DIST,6
1996-06-26 00:00:00,DIST,5.75
1996-06-27 00:00:00,DIST,5.75
1996-06-28 00:00:00,DIST,5.75
1996-07-01 00:00:00,DIST,6
1996-07-02 00:00:00,DIST,6
1996-07-03 00:00:00,DIST,5.75
1996-07-04 00:00:00,DIST,6
1996-07-05 00:00:00,DIST,5.75
1996-07-08 00:00:00,DIST,5.75
1996-07-09 00:00:00,DIST,5.75
1996-07-10 00:00:00,DIST,5.75
1996-07-11 00:00:00,DIST,5.75
1996-07-12 00:00:00,DIST,5.75
1996-07-15 00:00:00,DIST,5.75
1996-07-16 00:00:00,DIST,5.75
1996-07-17 00:00:00,DIST,5.75
1996-07-18 00:00:00,DIST,5.75
1996-07-19 00:00:00,DIST,5.75
1996-07-22 00:00:00,DIST,5.75
1996-07-23 00:00:00,DIST,5.75
1996-07-24 00:00:00,DIST,5.75
1996-07-25 00:00:00,DIST,5.75
1996-07-26 00:00:00,DIST,5.75
1996-08-02 00:00:00,DIST,5.75
1996-08-05 00:00:00,DIST,5.75
1996-08-06 00:00:00,DIST,6
1996-08-07 00:00:00,DIST,6
1996-08-08 00:00:00,DIST,5.75
1996-08-09 00:00:00,DIST,6
1996-08-12 00:00:00,DIST,6
1996-08-13 00:00:00,DIST,6
1996-08-14 00:00:00,DIST,6
1996-08-15 00:00:00,DIST,6
1996-08-16 00:00:00,DIST,6
1996-08-19 00:00:00,DIST,6
1996-08-20 00:00:00,DIST,6
1996-08-21 00:00:00,DIST,5.75
1996-08-22 00:00:00,DIST,6
1996-08-23 00:00:00,DIST,5.75
1996-08-26 00:00:00,DIST,5.75
1996-08-27 00:00:00,DIST,5.75
1996-08-30 00:00:00,DIST,5.75
1996-09-02 00:00:00,DIST,5.75
1996-09-03 00:00:00,DIST,5.75
1996-09-04 00:00:00,DIST,5.75
1996-09-05 00:00:00,DIST,5.75
1996-09-06 00:00:00,DIST,5.5
1996-09-09 00:00:00,DIST,5.5
1996-09-10 00:00:00,DIST,5.75
1996-09-11 00:00:00,DIST,5.5
1996-09-12 00:00:00,DIST,5.75
1996-09-13 00:00:00,DIST,5.75
1996-09-16 00:00:00,DIST,5.75
1996-09-17 00:00:00,DIST,5.75
1996-09-18 00:00:00,DIST,6
1996-09-19 00:00:00,DIST,5.75
1996-09-20 00:00:00,DIST,6
1996-09-23 00:00:00,DIST,6
1996-09-24 00:00:00,DIST,6
1996-09-25 00:00:00,DIST,6
1996-09-27 00:00:00,DIST,6
1996-09-30 00:00:00,DIST,6.25
1996-10-01 00:00:00,DIST,6.25
1996-10-02 00:00:00,DIST,6.25
1996-10-03 00:00:00,DIST,6.5
1996-10-04 00:00:00,DIST,6.5
1996-10-07 00:00:00,DIST,6.5
1996-10-08 00:00:00,DIST,6.25
1996-10-09 00:00:00,DIST,6.5
1996-10-10 00:00:00,DIST,6.25
1996-10-11 00:00:00,DIST,6.5
1996-10-14 00:00:00,DIST,6.5
1996-10-15 00:00:00,DIST,6.5
1996-10-16 00:00:00,DIST,6.5
1996-10-17 00:00:00,DIST,6.75
1996-10-18 00:00:00,DIST,6.75
1996-10-21 00:00:00,DIST,6.75
1996-10-22 00:00:00,DIST,6.75
1996-10-23 00:00:00,DIST,6.5
1996-10-24 00:00:00,DIST,6.5
1996-10-25 00:00:00,DIST,6.5
1996-10-28 00:00:00,DIST,6.5
1996-10-29 00:00:00,DIST,6.5
1996-10-30 00:00:00,DIST,6.5
1996-10-31 00:00:00,DIST,6.5
1996-11-01 00:00:00,DIST,6.5
1996-11-04 00:00:00,DIST,6.75
1996-11-05 00:00:00,DIST,6.5
1996-11-06 00:00:00,DIST,6.5
1996-11-07 00:00:00,DIST,6.5
1996-11-08 00:00:00,DIST,6.75
1996-11-11 00:00:00,DIST,7
1996-11-12 00:00:00,DIST,6.75
1996-11-13 00:00:00,DIST,6.75
1996-11-14 00:00:00,DIST,6.5
1996-11-15 00:00:00,DIST,6.75
1996-11-18 00:00:00,DIST,6.75
1996-11-19 00:00:00,DIST,6.75
1996-11-20 00:00:00,DIST,6.75
1996-11-22 00:00:00,DIST,6.5
1996-11-25 00:00:00,DIST,6.75
1996-11-26 00:00:00,DIST,6.75
1996-11-27 00:00:00,DIST,6.5
1996-11-28 00:00:00,DIST,6.5
1996-11-29 00:00:00,DIST,6.75
1996-12-02 00:00:00,DIST,6.5
1996-12-03 00:00:00,DIST,6.75
1996-12-04 00:00:00,DIST,6.5
1996-12-05 00:00:00,DIST,6.5
1996-12-06 00:00:00,DIST,6.5
1996-12-09 00:00:00,DIST,6.5
1996-12-10 00:00:00,DIST,6.5
1996-12-11 00:00:00,DIST,6.5
1996-12-12 00:00:00,DIST,6.5
1996-12-13 00:00:00,DIST,6.75
1996-12-16 00:00:00,DIST,6.75
1996-12-17 00:00:00,DIST,6.75
1996-12-18 00:00:00,DIST,6.75
1996-12-20 00:00:00,DIST,6.75
1996-12-23 00:00:00,DIST,6.5
1996-12-30 00:00:00,DIST,6.75
1996-12-31 00:00:00,DIST,6.75
1996-01-02 00:00:00,DOCK,11
1996-01-03 00:00:00,DOCK,11
1996-01-04 00:00:00,DOCK,11
1996-01-08 00:00:00,DOCK,11.5
1996-01-09 00:00:00,DOCK,11.5
1996-01-10 00:00:00,DOCK,11.5
1996-01-11 00:00:00,DOCK,11.5
1996-01-12 00:00:00,DOCK,11.5
1996-01-16 00:00:00,DOCK,11.5
1996-01-17 00:00:00,DOCK,11.5
1996-01-18 00:00:00,DOCK,11.5
1996-01-19 00:00:00,DOCK,11.5
1996-01-22 00:00:00,DOCK,11.5
1996-01-23 00:00:00,DOCK,11.25
1996-01-24 00:00:00,DOCK,11.25
1996-01-25 00:00:00,DOCK,11.25
1996-01-26 00:00:00,DOCK,11.25
1996-01-29 00:00:00,DOCK,11.25
1996-01-30 00:00:00,DOCK,11.5
1996-01-31 00:00:00,DOCK,11.25
1996-02-01 00:00:00,DOCK,11.5
1996-02-06 00:00:00,DOCK,11.25
1996-02-07 00:00:00,DOCK,11.25
1996-02-08 00:00:00,DOCK,10.75
1996-02-09 00:00:00,DOCK,10.75
1996-02-13 00:00:00,DOCK,10.25
1996-02-14 00:00:00,DOCK,10
1996-02-15 00:00:00,DOCK,10
1996-02-19 00:00:00,DOCK,9
1996-02-20 00:00:00,DOCK,9
1996-02-21 00:00:00,DOCK,8.5
1996-02-22 00:00:00,DOCK,8.75
1996-02-23 00:00:00,DOCK,9.25
1996-02-27 00:00:00,DOCK,9.25
1996-03-01 00:00:00,DOCK,9.25
1996-03-05 00:00:00,DOCK,9.5
1996-03-06 00:00:00,DOCK,9.75
1996-03-07 00:00:00,DOCK,10
1996-03-08 00:00:00,DOCK,11.25
1996-03-11 00:00:00,DOCK,11.5
1996-03-12 00:00:00,DOCK,10.75
1996-03-13 00:00:00,DOCK,10.5
1996-03-14 00:00:00,DOCK,10.5
1996-03-15 00:00:00,DOCK,10.5
1996-03-18 00:00:00,DOCK,10.5
1996-03-19 00:00:00,DOCK,10.5
1996-03-20 00:00:00,DOCK,10.5
1996-03-21 00:00:00,DOCK,10.5
1996-03-22 00:00:00,DOCK,10
1996-03-26 00:00:00,DOCK,9.75
1996-03-27 00:00:00,DOCK,10
1996-03-28 00:00:00,DOCK,10
1996-03-29 00:00:00,DOCK,9.75
1996-04-01 00:00:00,DOCK,10
1996-04-02 00:00:00,DOCK,9.75
1996-04-04 00:00:00,DOCK,10
1996-04-08 00:00:00,DOCK,10
1996-04-09 00:00:00,DOCK,9.75
1996-04-10 00:00:00,DOCK,9.75
1996-04-15 00:00:00,DOCK,9.75
1996-04-16 00:00:00,DOCK,10
1996-04-18 00:00:00,DOCK,9.75
1996-04-19 00:00:00,DOCK,10
1996-04-23 00:00:00,DOCK,10
1996-04-24 00:00:00,DOCK,10
1996-04-29 00:00:00,DOCK,10
1996-04-30 00:00:00,DOCK,10
1996-05-06 00:00:00,DOCK,9.5
1996-05-07 00:00:00,DOCK,9.25
1996-05-09 00:00:00,DOCK,9.25
1996-05-10 00:00:00,DOCK,9.25
1996-05-13 00:00:00,DOCK,9
1996-05-14 00:00:00,DOCK,9
1996-05-15 00:00:00,DOCK,9.25
1996-05-16 00:00:00,DOCK,9
1996-05-17 00:00:00,DOCK,9
1996-05-20 00:00:00,DOCK,9
1996-05-21 00:00:00,DOCK,8.75
1996-05-22 00:00:00,DOCK,8
1996-05-23 00:00:00,DOCK,9
1996-05-24 00:00:00,DOCK,8
1996-05-27 00:00:00,DOCK,8.25
1996-05-28 00:00:00,DOCK,8.25
1996-05-29 00:00:00,DOCK,8.25
1996-06-03 00:00:00,DOCK,8.5
1996-06-04 00:00:00,DOCK,8.5
1996-06-05 00:00:00,DOCK,8.5
1996-06-06 00:00:00,DOCK,8.5
1996-06-10 00:00:00,DOCK,8.5
1996-06-14 00:00:00,DOCK,8.5
1996-06-17 00:00:00,DOCK,8.5
1996-06-18 00:00:00,DOCK,8.5
1996-06-20 00:00:00,DOCK,8.5
1996-06-25 00:00:00,DOCK,8.5
1996-06-26 00:00:00,DOCK,8.5
1996-06-27 00:00:00,DOCK,8.5
1996-06-28 00:00:00,DOCK,8.5
1996-07-01 00:00:00,DOCK,8.5
1996-07-02 00:00:00,DOCK,8.5
1996-07-09 00:00:00,DOCK,8.5
1996-07-12 00:00:00,DOCK,8.5
1996-07-15 00:00:00,DOCK,8.75
1996-07-16 00:00:00,DOCK,8.5
1996-07-17 00:00:00,DOCK,8.75
1996-07-18 00:00:00,DOCK,8.75
1996-07-19 00:00:00,DOCK,8.75
1996-07-22 00:00:00,DOCK,8.75
1996-07-24 00:00:00,DOCK,8.75
1996-07-25 00:00:00,DOCK,8.75
1996-07-26 00:00:00,DOCK,8.75
1996-07-31 00:00:00,DOCK,8.75
1996-08-01 00:00:00,DOCK,8.75
1996-08-02 00:00:00,DOCK,8.75
1996-08-05 00:00:00,DOCK,8.75
1996-08-06 00:00:00,DOCK,8.75
1996-08-07 00:00:00,DOCK,9
1996-08-08 00:00:00,DOCK,9
1996-08-09 00:00:00,DOCK,9.25
1996-08-12 00:00:00,DOCK,9
1996-08-13 00:00:00,DOCK,9
1996-08-14 00:00:00,DOCK,9.25
1996-08-15 00:00:00,DOCK,9.75
1996-08-16 00:00:00,DOCK,11
1996-08-19 00:00:00,DOCK,11
1996-08-20 00:00:00,DOCK,10
1996-08-21 00:00:00,DOCK,10
1996-08-22 00:00:00,DOCK,10
1996-08-23 00:00:00,DOCK,10
1996-08-26 00:00:00,DOCK,10
1996-08-27 00:00:00,DOCK,10
1996-08-29 00:00:00,DOCK,10.75
1996-08-30 00:00:00,DOCK,10.5
1996-09-02 00:00:00,DOCK,10.5
1996-09-03 00:00:00,DOCK,10.5
1996-09-04 00:00:00,DOCK,10.5
1996-09-05 00:00:00,DOCK,10.5
1996-09-06 00:00:00,DOCK,10.5
1996-09-09 00:00:00,DOCK,10.75
1996-09-10 00:00:00,DOCK,10.75
1996-09-11 00:00:00,DOCK,10.75
1996-09-12 00:00:00,DOCK,11
1996-09-13 00:00:00,DOCK,11
1996-09-16 00:00:00,DOCK,11
1996-09-17 00:00:00,DOCK,11
1996-09-18 00:00:00,DOCK,11
1996-09-19 00:00:00,DOCK,11
1996-09-20 00:00:00,DOCK,11
1996-09-24 00:00:00,DOCK,10.75
1996-09-25 00:00:00,DOCK,11
1996-09-27 00:00:00,DOCK,12
1996-09-30 00:00:00,DOCK,12
1996-10-01 00:00:00,DOCK,12
1996-10-02 00:00:00,DOCK,12.5
1996-10-03 00:00:00,DOCK,12.5
1996-10-04 00:00:00,DOCK,12.25
1996-10-08 00:00:00,DOCK,12.25
1996-10-09 00:00:00,DOCK,11.75
1996-10-10 00:00:00,DOCK,11.5
1996-10-11 00:00:00,DOCK,11.25
1996-10-14 00:00:00,DOCK,11.25
1996-10-15 00:00:00,DOCK,11.75
1996-10-16 00:00:00,DOCK,11
1996-10-17 00:00:00,DOCK,11
1996-10-18 00:00:00,DOCK,11
1996-10-21 00:00:00,DOCK,11
1996-10-22 00:00:00,DOCK,11
1996-10-23 00:00:00,DOCK,11
1996-10-24 00:00:00,DOCK,10.5
1996-10-25 00:00:00,DOCK,10.5
1996-10-28 00:00:00,DOCK,10.25
1996-10-29 00:00:00,DOCK,10.25
1996-10-30 00:00:00,DOCK,10.5
1996-11-04 00:00:00,DOCK,12
1996-11-05 00:00:00,DOCK,12
1996-11-06 00:00:00,DOCK,12
1996-11-07 00:00:00,DOCK,12.25
1996-11-08 00:00:00,DOCK,12.25
1996-11-11 00:00:00,DOCK,12.5
1996-11-12 00:00:00,DOCK,13
1996-11-13 00:00:00,DOCK,13.5
1996-11-14 00:00:00,DOCK,13.75
1996-11-15 00:00:00,DOCK,14
1996-11-18 00:00:00,DOCK,14.25
1996-11-19 00:00:00,DOCK,14
1996-11-20 00:00:00,DOCK,14
1996-11-21 00:00:00,DOCK,14
1996-11-22 00:00:00,DOCK,14
1996-11-25 00:00:00,DOCK,14
1996-11-26 00:00:00,DOCK,14
1996-11-27 00:00:00,DOCK,14
1996-11-28 00:00:00,DOCK,14.25
1996-11-29 00:00:00,DOCK,14.5
1996-12-02 00:00:00,DOCK,14.5
1996-12-03 00:00:00,DOCK,14.5
1996-12-04 00:00:00,DOCK,14.5
1996-12-05 00:00:00,DOCK,14.5
1996-12-06 00:00:00,DOCK,14.5
1996-12-09 00:00:00,DOCK,14.5
1996-12-10 00:00:00,DOCK,14
1996-12-11 00:00:00,DOCK,14.5
1996-12-12 00:00:00,DOCK,14.5
1996-12-13 00:00:00,DOCK,14
1996-12-16 00:00:00,DOCK,14
1996-12-17 00:00:00,DOCK,14.25
1996-12-18 00:00:00,DOCK,14.25
1996-12-19 00:00:00,DOCK,14.5
1996-12-20 00:00:00,DOCK,14.5
1996-12-23 00:00:00,DOCK,14.5
1996-12-27 00:00:00,DOCK,14.5
1996-12-30 00:00:00,DOCK,14.5
1996-12-31 00:00:00,DOCK,14.5
1996-01-02 00:00:00,DPL,34.25
1996-01-03 00:00:00,DPL,34
1996-01-04 00:00:00,DPL,33.75
1996-01-08 00:00:00,DPL,33.75
1996-01-09 00:00:00,DPL,33.5
1996-01-10 00:00:00,DPL,33.75
1996-01-11 00:00:00,DPL,33.75
1996-01-12 00:00:00,DPL,34
1996-01-16 00:00:00,DPL,34
SECURITY_DA,COMP,CLOSE_PRICE
-----------,----,-----------
1996-01-17 00:00:00,DPL,34
1996-01-18 00:00:00,DPL,33.5
1996-01-19 00:00:00,DPL,33.5
1996-01-22 00:00:00,DPL,33.25
1996-01-23 00:00:00,DPL,33.75
1996-01-25 00:00:00,DPL,33
1996-01-26 00:00:00,DPL,33
1996-01-29 00:00:00,DPL,32.5
1996-01-30 00:00:00,DPL,32.5
1996-01-31 00:00:00,DPL,32.75
1996-02-01 00:00:00,DPL,32
1996-02-02 00:00:00,DPL,32.25
1996-02-06 00:00:00,DPL,32
1996-02-07 00:00:00,DPL,32
1996-02-08 00:00:00,DPL,32
1996-02-09 00:00:00,DPL,32.5
1996-02-12 00:00:00,DPL,32.5
1996-02-13 00:00:00,DPL,32.25
1996-02-14 00:00:00,DPL,32
1996-02-15 00:00:00,DPL,33
1996-02-16 00:00:00,DPL,34
SECURITY_DA,COMP,CLOSE_PRICE
-----------,----,-----------
1996-02-19 00:00:00,DPL,34
1996-02-20 00:00:00,DPL,34
1996-02-21 00:00:00,DPL,34
1996-02-22 00:00:00,DPL,34
1996-02-23 00:00:00,DPL,34.25
1996-02-26 00:00:00,DPL,34.25
1996-02-27 00:00:00,DPL,34.5
1996-02-28 00:00:00,DPL,34.5
1996-02-29 00:00:00,DPL,34.5
1996-03-01 00:00:00,DPL,35
1996-03-05 00:00:00,DPL,36.5
1996-03-06 00:00:00,DPL,36.5
1996-03-07 00:00:00,DPL,36.5
1996-03-08 00:00:00,DPL,36.25
1996-03-11 00:00:00,DPL,36
1996-03-12 00:00:00,DPL,35.25
1996-03-13 00:00:00,DPL,34.5
1996-03-14 00:00:00,DPL,34
1996-03-15 00:00:00,DPL,33.75
1996-03-18 00:00:00,DPL,33.5
1996-03-19 00:00:00,DPL,33.75
SECURITY_DA,COMP,CLOSE_PRICE
-----------,----,-----------
1996-03-20 00:00:00,DPL,33.75
1996-03-21 00:00:00,DPL,33.5
1996-03-22 00:00:00,DPL,33
1996-03-25 00:00:00,DPL,32
1996-03-26 00:00:00,DPL,32
1996-03-27 00:00:00,DPL,31.75
1996-03-28 00:00:00,DPL,31.75
1996-03-29 00:00:00,DPL,31.5
1996-04-01 00:00:00,DPL,30.75
1996-04-02 00:00:00,DPL,30
1996-04-04 00:00:00,DPL,29.5
1996-04-08 00:00:00,DPL,28.5
1996-04-09 00:00:00,DPL,28.5
1996-04-10 00:00:00,DPL,28.5
1996-04-15 00:00:00,DPL,28.5
1996-04-16 00:00:00,DPL,28.5
1996-04-17 00:00:00,DPL,28.5
1996-04-18 00:00:00,DPL,28.25
1996-04-19 00:00:00,DPL,28.5
1996-04-22 00:00:00,DPL,28.5
1996-04-23 00:00:00,DPL,28.5
SECURITY_DA,COMP,CLOSE_PRICE
-----------,----,-----------
1996-04-25 00:00:00,DPL,28.5
1996-04-26 00:00:00,DPL,28.5
1996-04-29 00:00:00,DPL,29
1996-05-06 00:00:00,DPL,29
1996-05-07 00:00:00,DPL,29.5
1996-05-08 00:00:00,DPL,30
1996-05-09 00:00:00,DPL,30.5
1996-05-10 00:00:00,DPL,30.5
1996-05-13 00:00:00,DPL,31
1996-05-15 00:00:00,DPL,30
1996-05-16 00:00:00,DPL,30.5
1996-05-17 00:00:00,DPL,30.5
1996-05-20 00:00:00,DPL,30.5
1996-05-21 00:00:00,DPL,30.25
1996-05-22 00:00:00,DPL,30
1996-05-23 00:00:00,DPL,30
1996-05-24 00:00:00,DPL,30
1996-05-27 00:00:00,DPL,30
1996-05-28 00:00:00,DPL,29.5
1996-05-29 00:00:00,DPL,30
1996-05-30 00:00:00,DPL,30
SECURITY_DA,COMP,CLOSE_PRICE
-----------,----,-----------
1996-06-03 00:00:00,DPL,29.5
1996-06-04 00:00:00,DPL,29.5
1996-06-05 00:00:00,DPL,29.5
1996-06-06 00:00:00,DPL,29.25
1996-06-07 00:00:00,DPL,29
1996-06-10 00:00:00,DPL,28.5
1996-06-11 00:00:00,DPL,28.5
1996-06-12 00:00:00,DPL,0
1996-06-13 00:00:00,DPL,28.5
1996-06-14 00:00:00,DPL,29
1996-06-17 00:00:00,DPL,29
1996-06-18 00:00:00,DPL,29
1996-06-19 00:00:00,DPL,29
1996-06-20 00:00:00,DPL,29.25
1996-06-21 00:00:00,DPL,29.25
1996-06-24 00:00:00,DPL,29.5
1996-06-25 00:00:00,DPL,29
1996-06-27 00:00:00,DPL,28
1996-06-28 00:00:00,DPL,27.25
1996-07-01 00:00:00,DPL,26.5
1996-07-02 00:00:00,DPL,26.5
SECURITY_DA,COMP,CLOSE_PRICE
-----------,----,-----------
1996-07-03 00:00:00,DPL,26
1996-07-04 00:00:00,DPL,25.75
1996-07-05 00:00:00,DPL,25.25
1996-07-08 00:00:00,DPL,25
1996-07-09 00:00:00,DPL,25
1996-07-11 00:00:00,DPL,23
1996-07-12 00:00:00,DPL,23.5
1996-07-16 00:00:00,DPL,22.5
1996-07-17 00:00:00,DPL,20.5
1996-07-18 00:00:00,DPL,20
1996-07-19 00:00:00,DPL,20.25
1996-07-22 00:00:00,DPL,21.5
1996-07-23 00:00:00,DPL,22.5
1996-07-24 00:00:00,DPL,23
1996-07-25 00:00:00,DPL,23.75
1996-07-26 00:00:00,DPL,26.25
1996-07-31 00:00:00,DPL,26.5
1996-08-01 00:00:00,DPL,27
1996-08-02 00:00:00,DPL,28
1996-08-05 00:00:00,DPL,28
1996-08-06 00:00:00,DPL,28
SECURITY_DA,COMP,CLOSE_PRICE
-----------,----,-----------
1996-08-08 00:00:00,DPL,28
1996-08-09 00:00:00,DPL,28
1996-08-13 00:00:00,DPL,27
1996-08-14 00:00:00,DPL,27
1996-08-15 00:00:00,DPL,27
1996-08-16 00:00:00,DPL,27
1996-08-19 00:00:00,DPL,27
1996-08-20 00:00:00,DPL,27
1996-08-21 00:00:00,DPL,27
1996-08-22 00:00:00,DPL,26.75
1996-08-23 00:00:00,DPL,26
1996-08-26 00:00:00,DPL,26.5
1996-08-27 00:00:00,DPL,26.5
1996-09-03 00:00:00,DPL,26.5
1996-09-04 00:00:00,DPL,26.5
1996-09-05 00:00:00,DPL,26.5
1996-09-10 00:00:00,DPL,26.5
1996-09-12 00:00:00,DPL,27
1996-09-16 00:00:00,DPL,27.5
1996-09-17 00:00:00,DPL,28
1996-09-18 00:00:00,DPL,28
SECURITY_DA,COMP,CLOSE_PRICE
-----------,----,-----------
1996-09-19 00:00:00,DPL,28
1996-09-20 00:00:00,DPL,28
1996-09-25 00:00:00,DPL,27.5
1996-09-27 00:00:00,DPL,27.5
1996-09-30 00:00:00,DPL,28.5
1996-10-01 00:00:00,DPL,29
1996-10-02 00:00:00,DPL,29.5
1996-10-03 00:00:00,DPL,29.5
1996-10-04 00:00:00,DPL,29.5
1996-10-07 00:00:00,DPL,29.5
1996-10-08 00:00:00,DPL,29.5
1996-10-09 00:00:00,DPL,29.5
1996-10-10 00:00:00,DPL,29.5
1996-10-11 00:00:00,DPL,29.75
1996-10-14 00:00:00,DPL,29.5
1996-10-15 00:00:00,DPL,29.75
1996-10-16 00:00:00,DPL,29.75
1996-10-17 00:00:00,DPL,29.75
1996-10-18 00:00:00,DPL,29.75
1996-10-21 00:00:00,DPL,29.5
1996-10-22 00:00:00,DPL,29
SECURITY_DA,COMP,CLOSE_PRICE
-----------,----,-----------
1996-10-23 00:00:00,DPL,29
1996-10-24 00:00:00,DPL,29
1996-10-25 00:00:00,DPL,0
1996-10-29 00:00:00,DPL,27.5
1996-10-30 00:00:00,DPL,28
1996-10-31 00:00:00,DPL,28
1996-11-04 00:00:00,DPL,28.25
1996-11-05 00:00:00,DPL,28.25
1996-11-06 00:00:00,DPL,28.25
1996-11-07 00:00:00,DPL,29
1996-11-08 00:00:00,DPL,29
1996-11-11 00:00:00,DPL,30
1996-11-12 00:00:00,DPL,29.5
1996-11-13 00:00:00,DPL,29.75
1996-11-14 00:00:00,DPL,29.5
1996-11-15 00:00:00,DPL,29.25
1996-11-18 00:00:00,DPL,29.25
1996-11-19 00:00:00,DPL,28
1996-11-20 00:00:00,DPL,28.5
1996-11-21 00:00:00,DPL,28.25
1996-11-22 00:00:00,DPL,28
SECURITY_DA,COMP,CLOSE_PRICE
-----------,----,-----------
1996-11-25 00:00:00,DPL,28.25
1996-11-26 00:00:00,DPL,28
1996-11-27 00:00:00,DPL,28
1996-12-02 00:00:00,DPL,28
1996-12-03 00:00:00,DPL,27.5
1996-12-04 00:00:00,DPL,27.75
1996-12-05 00:00:00,DPL,27
1996-12-09 00:00:00,DPL,26.75
1996-12-10 00:00:00,DPL,26.75
1996-12-11 00:00:00,DPL,26.5
1996-12-12 00:00:00,DPL,26.25
1996-12-16 00:00:00,DPL,26.25
1996-12-17 00:00:00,DPL,26.25
1996-12-18 00:00:00,DPL,26.25
1996-12-19 00:00:00,DPL,26.5
1996-12-20 00:00:00,DPL,27.5
1996-12-23 00:00:00,DPL,28.5
1996-12-30 00:00:00,DPL,28
1996-12-31 00:00:00,DPL,27
1996-01-03 00:00:00,EAST,6
1996-01-09 00:00:00,EAST,6
SECURITY_DA,COMP,CLOSE_PRICE
-----------,----,-----------
1996-01-12 00:00:00,EAST,6.5
1996-01-16 00:00:00,EAST,6.25
1996-01-17 00:00:00,EAST,6.25
1996-01-19 00:00:00,EAST,6.25
1996-01-23 00:00:00,EAST,6.5
1996-01-26 00:00:00,EAST,6.25
1996-01-29 00:00:00,EAST,6.25
1996-01-31 00:00:00,EAST,6
1996-02-09 00:00:00,EAST,5.75
1996-02-13 00:00:00,EAST,6
1996-02-16 00:00:00,EAST,5.75
1996-02-23 00:00:00,EAST,5.75
1996-02-26 00:00:00,EAST,6
1996-02-27 00:00:00,EAST,6
1996-02-29 00:00:00,EAST,6
1996-03-01 00:00:00,EAST,6
1996-03-05 00:00:00,EAST,6
1996-03-06 00:00:00,EAST,6
1996-03-07 00:00:00,EAST,5.75
1996-03-08 00:00:00,EAST,5.5
1996-03-11 00:00:00,EAST,6
SECURITY_DA,COMP,CLOSE_PRICE
-----------,----,-----------
1996-04-15 00:00:00,EAST,0
1996-04-30 00:00:00,EAST,5
1996-05-14 00:00:00,EAST,5
1996-05-15 00:00:00,EAST,5
1996-05-20 00:00:00,EAST,5.25
1996-05-21 00:00:00,EAST,5.5
1996-05-22 00:00:00,EAST,5
1996-05-23 00:00:00,EAST,5
1996-05-24 00:00:00,EAST,0
1996-05-27 00:00:00,EAST,5
1996-06-07 00:00:00,EAST,5.25
1996-06-10 00:00:00,EAST,5
1996-06-14 00:00:00,EAST,5
1996-07-03 00:00:00,EAST,5.25
1996-08-15 00:00:00,EAST,0
1996-08-16 00:00:00,EAST,5
1996-08-30 00:00:00,EAST,5
1996-09-03 00:00:00,EAST,5
1996-09-10 00:00:00,EAST,0
1996-09-12 00:00:00,EAST,4.5
1996-09-16 00:00:00,EAST,4.5
SECURITY_DA,COMP,CLOSE_PRICE
-----------,----,-----------
1996-10-09 00:00:00,EAST,4.75
1996-10-11 00:00:00,EAST,4.5
1996-10-14 00:00:00,EAST,4.75
1996-10-17 00:00:00,EAST,4.75
1996-11-15 00:00:00,EAST,6
1996-11-22 00:00:00,EAST,5.5
1996-11-25 00:00:00,EAST,5.5
1996-12-09 00:00:00,EAST,5
1996-12-17 00:00:00,EAST,5.5
1996-12-18 00:00:00,EAST,5.5
1996-12-20 00:00:00,EAST,6.25
1996-12-23 00:00:00,EAST,6.25
1996-12-27 00:00:00,EAST,6.5
1996-12-30 00:00:00,EAST,6.5
1996-12-31 00:00:00,EAST,6.5
1996-01-24 00:00:00,EBCR,129
1996-01-26 00:00:00,EBCR,128
1996-02-22 00:00:00,EBCR,134.5
1996-03-01 00:00:00,EBCR,0
1996-03-06 00:00:00,EBCR,130
1996-03-12 00:00:00,EBCR,135
SECURITY_DA,COMP,CLOSE_PRICE
-----------,----,-----------
1996-04-01 00:00:00,EBCR,132
1996-04-04 00:00:00,EBCR,125.25
1996-04-26 00:00:00,EBCR,125
1996-05-15 00:00:00,EBCR,120
1996-05-30 00:00:00,EBCR,114
1996-08-01 00:00:00,EBCR,108.25
1996-08-27 00:00:00,EBCR,0
1996-11-15 00:00:00,EBCR,114
1996-11-22 00:00:00,EBCR,110.25
1996-11-25 00:00:00,EBCR,110
1996-11-26 00:00:00,EBCR,105
1996-11-29 00:00:00,EBCR,0
1996-12-11 00:00:00,EBCR,99.75
1996-12-20 00:00:00,EBCR,95
1996-12-23 00:00:00,EBCR,0
1996-12-30 00:00:00,EBCR,95
1996-01-02 00:00:00,EDEN,8.75
1996-01-03 00:00:00,EDEN,8.5
1996-01-04 00:00:00,EDEN,9
1996-01-08 00:00:00,EDEN,8.5
1996-01-09 00:00:00,EDEN,8.5
SECURITY_DA,COMP,CLOSE_PRICE
-----------,----,-----------
1996-01-10 00:00:00,EDEN,8.5
1996-01-11 00:00:00,EDEN,8.5
1996-01-16 00:00:00,EDEN,8.25
1996-01-17 00:00:00,EDEN,8.25
1996-01-18 00:00:00,EDEN,8.25
1996-01-22 00:00:00,EDEN,8.5
1996-01-23 00:00:00,EDEN,9
1996-01-24 00:00:00,EDEN,8.5
1996-01-25 00:00:00,EDEN,8.75
1996-01-26 00:00:00,EDEN,8.5
1996-01-29 00:00:00,EDEN,8.5
1996-01-30 00:00:00,EDEN,8.5
1996-01-31 00:00:00,EDEN,8.5
1996-02-06 00:00:00,EDEN,8.25
1996-02-09 00:00:00,EDEN,7.5
1996-02-12 00:00:00,EDEN,7.5
1996-02-13 00:00:00,EDEN,7.5
1996-02-14 00:00:00,EDEN,7.25
1996-02-15 00:00:00,EDEN,7.25
1996-02-16 00:00:00,EDEN,7.25
1996-02-19 00:00:00,EDEN,7.5
SECURITY_DA,COMP,CLOSE_PRICE
-----------,----,-----------
1996-02-20 00:00:00,EDEN,7
1996-02-21 00:00:00,EDEN,7.5
1996-02-22 00:00:00,EDEN,7
1996-02-23 00:00:00,EDEN,7
1996-02-27 00:00:00,EDEN,7.25
1996-02-29 00:00:00,EDEN,7.25
1996-03-01 00:00:00,EDEN,7.25
1996-03-05 00:00:00,EDEN,7.5
1996-03-06 00:00:00,EDEN,7.5
1996-03-08 00:00:00,EDEN,7.75
1996-03-11 00:00:00,EDEN,7.75
1996-03-12 00:00:00,EDEN,7
1996-03-13 00:00:00,EDEN,7.25
1996-03-14 00:00:00,EDEN,7
1996-03-15 00:00:00,EDEN,7.25
1996-03-18 00:00:00,EDEN,7
1996-03-19 00:00:00,EDEN,6.75
1996-03-20 00:00:00,EDEN,6.75
1996-03-21 00:00:00,EDEN,6
1996-03-22 00:00:00,EDEN,6
1996-03-25 00:00:00,EDEN,6.75
SECURITY_DA,COMP,CLOSE_PRICE
-----------,----,-----------
1996-03-26 00:00:00,EDEN,6.75
1996-03-27 00:00:00,EDEN,6.75
1996-03-28 00:00:00,EDEN,6.25
1996-03-29 00:00:00,EDEN,6.5
1996-04-01 00:00:00,EDEN,6.75
1996-04-02 00:00:00,EDEN,6.75
1996-04-04 00:00:00,EDEN,6.75
1996-04-08 00:00:00,EDEN,6.75
1996-04-09 00:00:00,EDEN,6.75
1996-04-10 00:00:00,EDEN,6.75
1996-04-15 00:00:00,EDEN,6.5
1996-04-16 00:00:00,EDEN,6.5
1996-04-17 00:00:00,EDEN,6.5
1996-04-18 00:00:00,EDEN,6.75
1996-04-19 00:00:00,EDEN,6.5
1996-04-22 00:00:00,EDEN,6.5
1996-04-23 00:00:00,EDEN,6.5
1996-04-24 00:00:00,EDEN,6.5
1996-04-25 00:00:00,EDEN,0
1996-04-26 00:00:00,EDEN,6.75
1996-04-30 00:00:00,EDEN,6.5
SECURITY_DA,COMP,CLOSE_PRICE
-----------,----,-----------
1996-05-06 00:00:00,EDEN,6.5
1996-05-07 00:00:00,EDEN,6.75
1996-05-08 00:00:00,EDEN,6.75
1996-05-09 00:00:00,EDEN,6.75
1996-05-10 00:00:00,EDEN,6.75
1996-05-14 00:00:00,EDEN,6.5
1996-05-15 00:00:00,EDEN,6.5
1996-05-16 00:00:00,EDEN,6.5
1996-05-17 00:00:00,EDEN,6.5
1996-05-20 00:00:00,EDEN,6.75
1996-05-21 00:00:00,EDEN,6.75
1996-05-27 00:00:00,EDEN,6.75
1996-05-28 00:00:00,EDEN,6.75
1996-06-03 00:00:00,EDEN,6.75
1996-06-04 00:00:00,EDEN,6.75
1996-06-05 00:00:00,EDEN,6.75
1996-06-06 00:00:00,EDEN,6.75
1996-06-07 00:00:00,EDEN,6.75
1996-06-10 00:00:00,EDEN,6.75
1996-06-11 00:00:00,EDEN,0
1996-06-12 00:00:00,EDEN,6.75
SECURITY_DA,COMP,CLOSE_PRICE
-----------,----,-----------
1996-06-13 00:00:00,EDEN,6.75
1996-06-14 00:00:00,EDEN,6.75
1996-06-17 00:00:00,EDEN,6.75
1996-06-18 00:00:00,EDEN,6.5
1996-06-19 00:00:00,EDEN,6.5
1996-06-20 00:00:00,EDEN,6.5
1996-06-21 00:00:00,EDEN,6.25
1996-06-24 00:00:00,EDEN,6.25
1996-06-25 00:00:00,EDEN,6.25
1996-06-26 00:00:00,EDEN,0
1996-06-28 00:00:00,EDEN,6.25
1996-07-01 00:00:00,EDEN,6.25
1996-07-02 00:00:00,EDEN,6.25
1996-07-04 00:00:00,EDEN,6
1996-07-05 00:00:00,EDEN,6.25
1996-07-08 00:00:00,EDEN,6
1996-07-09 00:00:00,EDEN,6
1996-07-10 00:00:00,EDEN,6
1996-07-11 00:00:00,EDEN,5.75
1996-07-12 00:00:00,EDEN,5.5
1996-07-15 00:00:00,EDEN,5.25
SECURITY_DA,COMP,CLOSE_PRICE
-----------,----,-----------
1996-07-16 00:00:00,EDEN,5.25
1996-07-17 00:00:00,EDEN,5.25
1996-07-18 00:00:00,EDEN,5.25
1996-07-19 00:00:00,EDEN,5.25
1996-07-23 00:00:00,EDEN,5
1996-07-24 00:00:00,EDEN,5
1996-07-25 00:00:00,EDEN,5.25
1996-07-26 00:00:00,EDEN,5.25
1996-07-31 00:00:00,EDEN,5.25
1996-08-01 00:00:00,EDEN,5.25
1996-08-02 00:00:00,EDEN,6
1996-08-05 00:00:00,EDEN,5.75
1996-08-06 00:00:00,EDEN,6
1996-08-07 00:00:00,EDEN,6.25
1996-08-08 00:00:00,EDEN,6.25
1996-08-09 00:00:00,EDEN,6.25
1996-08-12 00:00:00,EDEN,6
1996-08-14 00:00:00,EDEN,6
1996-08-16 00:00:00,EDEN,6.25
1996-08-19 00:00:00,EDEN,6.25
1996-08-20 00:00:00,EDEN,6.25
SECURITY_DA,COMP,CLOSE_PRICE
-----------,----,-----------
1996-08-21 00:00:00,EDEN,6.5
1996-08-22 00:00:00,EDEN,6.25
1996-08-23 00:00:00,EDEN,6.25
1996-08-27 00:00:00,EDEN,0
1996-09-02 00:00:00,EDEN,6.25
1996-09-03 00:00:00,EDEN,6.25
1996-09-04 00:00:00,EDEN,0
1996-09-05 00:00:00,EDEN,6.25
1996-09-09 00:00:00,EDEN,7
1996-09-10 00:00:00,EDEN,7
1996-09-11 00:00:00,EDEN,7
1996-09-12 00:00:00,EDEN,7
1996-09-13 00:00:00,EDEN,7
1996-09-16 00:00:00,EDEN,6.25
1996-09-17 00:00:00,EDEN,6.25
1996-09-18 00:00:00,EDEN,0
1996-09-19 00:00:00,EDEN,6.5
1996-09-23 00:00:00,EDEN,0
1996-09-24 00:00:00,EDEN,6.5
1996-09-25 00:00:00,EDEN,6.25
1996-09-27 00:00:00,EDEN,6.25
SECURITY_DA,COMP,CLOSE_PRICE
-----------,----,-----------
1996-10-02 00:00:00,EDEN,6.5
1996-10-04 00:00:00,EDEN,6.25
1996-10-07 00:00:00,EDEN,6
1996-10-08 00:00:00,EDEN,6.25
1996-10-09 00:00:00,EDEN,6.25
1996-10-10 00:00:00,EDEN,6.25
1996-10-11 00:00:00,EDEN,6.25
1996-10-14 00:00:00,EDEN,6.25
1996-10-15 00:00:00,EDEN,6.25
1996-10-16 00:00:00,EDEN,6.25
1996-10-17 00:00:00,EDEN,6.25
1996-10-18 00:00:00,EDEN,6
1996-10-21 00:00:00,EDEN,6.25
1996-10-22 00:00:00,EDEN,5.5
1996-10-24 00:00:00,EDEN,5.5
1996-10-25 00:00:00,EDEN,5.75
1996-10-28 00:00:00,EDEN,5.75
1996-10-29 00:00:00,EDEN,5.75
1996-10-31 00:00:00,EDEN,5.75
1996-11-01 00:00:00,EDEN,5.75
1996-11-05 00:00:00,EDEN,6
SECURITY_DA,COMP,CLOSE_PRICE
-----------,----,-----------
1996-11-06 00:00:00,EDEN,6
1996-11-08 00:00:00,EDEN,6
1996-11-11 00:00:00,EDEN,6
1996-11-12 00:00:00,EDEN,6.25
1996-11-13 00:00:00,EDEN,6.25
1996-11-15 00:00:00,EDEN,6.25
1996-11-18 00:00:00,EDEN,6.25
1996-11-19 00:00:00,EDEN,6
1996-11-20 00:00:00,EDEN,6.25
1996-11-21 00:00:00,EDEN,6.5
1996-11-22 00:00:00,EDEN,6.25
1996-11-25 00:00:00,EDEN,6.25
1996-11-26 00:00:00,EDEN,6
1996-11-27 00:00:00,EDEN,6
1996-11-28 00:00:00,EDEN,6.25
1996-11-29 00:00:00,EDEN,6.5
1996-12-03 00:00:00,EDEN,6.5
1996-12-04 00:00:00,EDEN,6.25
1996-12-05 00:00:00,EDEN,6.25
1996-12-06 00:00:00,EDEN,6.25
1996-12-10 00:00:00,EDEN,6.25
SECURITY_DA,COMP,CLOSE_PRICE
-----------,----,-----------
1996-12-11 00:00:00,EDEN,6.25
1996-12-13 00:00:00,EDEN,6.25
1996-12-16 00:00:00,EDEN,6.25
1996-12-17 00:00:00,EDEN,6.25
1996-12-18 00:00:00,EDEN,6.5
1996-12-19 00:00:00,EDEN,6.5
1996-12-20 00:00:00,EDEN,6.5
1996-12-23 00:00:00,EDEN,6.25
1996-12-27 00:00:00,EDEN,6.5
1996-12-30 00:00:00,EDEN,6.5
1996-12-31 00:00:00,EDEN,0
1996-01-03 00:00:00,ELAS,37
1996-01-04 00:00:00,ELAS,37
1996-01-09 00:00:00,ELAS,37
1996-01-30 00:00:00,ELAS,35
1996-02-13 00:00:00,ELAS,35
1996-03-14 00:00:00,ELAS,35
1996-03-29 00:00:00,ELAS,50
1996-06-07 00:00:00,ELAS,48
1996-08-06 00:00:00,ELAS,45.5
1996-10-14 00:00:00,ELAS,43.5
SECURITY_DA,COMP,CLOSE_PRICE
-----------,----,-----------
1996-10-21 00:00:00,ELAS,40
1996-10-23 00:00:00,ELAS,39
1996-11-04 00:00:00,ELAS,35
1996-11-06 00:00:00,ELAS,35
1996-11-07 00:00:00,ELAS,35
1996-11-19 00:00:00,ELAS,35
1996-11-22 00:00:00,ELAS,34.5
1996-11-25 00:00:00,ELAS,33.25
1996-12-10 00:00:00,ELAS,33
1996-12-20 00:00:00,ELAS,36
1996-12-23 00:00:00,ELAS,36
1996-12-30 00:00:00,ELAS,36
1996-01-18 00:00:00,EMER,86.5
1996-11-22 00:00:00,EMER,83
1996-01-09 00:00:00,EQIT,13
1996-01-10 00:00:00,EQIT,13
1996-01-17 00:00:00,EQIT,0
1996-01-19 00:00:00,EQIT,11
1996-01-25 00:00:00,EQIT,11
1996-01-26 00:00:00,EQIT,11
1996-01-30 00:00:00,EQIT,11
SECURITY_DA,COMP,CLOSE_PRICE
-----------,----,-----------
1996-03-05 00:00:00,EQIT,10
1996-03-07 00:00:00,EQIT,11
1996-04-04 00:00:00,EQIT,12.75
1996-04-25 00:00:00,EQIT,12
1996-04-30 00:00:00,EQIT,12
1996-05-16 00:00:00,EQIT,11
1996-06-19 00:00:00,EQIT,10
1996-06-25 00:00:00,EQIT,10
1996-06-28 00:00:00,EQIT,0
1996-07-03 00:00:00,EQIT,11
1996-07-10 00:00:00,EQIT,10
1996-07-11 00:00:00,EQIT,10
1996-07-19 00:00:00,EQIT,0
1996-07-24 00:00:00,EQIT,10
1996-08-05 00:00:00,EQIT,10
1996-08-14 00:00:00,EQIT,10.5
1996-08-15 00:00:00,EQIT,10.75
1996-08-19 00:00:00,EQIT,11
1996-08-21 00:00:00,EQIT,10.75
1996-08-30 00:00:00,EQIT,10.75
1996-09-06 00:00:00,EQIT,10.75
SECURITY_DA,COMP,CLOSE_PRICE
-----------,----,-----------
1996-09-18 00:00:00,EQIT,10.75
1996-10-09 00:00:00,EQIT,11.5
1996-10-18 00:00:00,EQIT,13
1996-11-07 00:00:00,EQIT,14
1996-11-14 00:00:00,EQIT,0
1996-11-21 00:00:00,EQIT,13
1996-11-22 00:00:00,EQIT,0
1996-12-13 00:00:00,EQIT,13
1996-01-04 00:00:00,ETWO,12.5
1996-01-08 00:00:00,ETWO,12.5
1996-01-09 00:00:00,ETWO,13
1996-01-11 00:00:00,ETWO,13
1996-01-12 00:00:00,ETWO,13
1996-01-16 00:00:00,ETWO,13
1996-01-24 00:00:00,ETWO,13
1996-01-25 00:00:00,ETWO,13
1996-01-29 00:00:00,ETWO,12
1996-01-30 00:00:00,ETWO,12
1996-04-10 00:00:00,ETWO,9
1996-04-16 00:00:00,ETWO,8.5
1996-04-19 00:00:00,ETWO,8.25
SECURITY_DA,COMP,CLOSE_PRICE
-----------,----,-----------
1996-04-22 00:00:00,ETWO,8.25
1996-04-23 00:00:00,ETWO,8
1996-04-24 00:00:00,ETWO,8
1996-04-25 00:00:00,ETWO,8
1996-04-29 00:00:00,ETWO,8.25
1996-05-07 00:00:00,ETWO,8
1996-05-08 00:00:00,ETWO,8.25
1996-05-10 00:00:00,ETWO,8.25
1996-05-13 00:00:00,ETWO,8.25
1996-05-14 00:00:00,ETWO,8.25
1996-05-15 00:00:00,ETWO,8
1996-05-17 00:00:00,ETWO,8
1996-05-20 00:00:00,ETWO,8
1996-05-27 00:00:00,ETWO,6.5
1996-05-28 00:00:00,ETWO,6
1996-06-05 00:00:00,ETWO,6
1996-06-06 00:00:00,ETWO,6
1996-06-07 00:00:00,ETWO,6
1996-06-12 00:00:00,ETWO,6
1996-06-18 00:00:00,ETWO,6
1996-06-20 00:00:00,ETWO,6.25
SECURITY_DA,COMP,CLOSE_PRICE
-----------,----,-----------
1996-06-21 00:00:00,ETWO,6.25
1996-06-24 00:00:00,ETWO,6
1996-06-25 00:00:00,ETWO,6.25
1996-06-26 00:00:00,ETWO,6
1996-06-28 00:00:00,ETWO,6.25
1996-07-03 00:00:00,ETWO,6.25
1996-07-08 00:00:00,ETWO,6.25
1996-07-09 00:00:00,ETWO,6.25
1996-07-15 00:00:00,ETWO,6.25
1996-07-19 00:00:00,ETWO,6.25
1996-07-23 00:00:00,ETWO,6.5
1996-07-31 00:00:00,ETWO,6.25
1996-08-01 00:00:00,ETWO,6.25
1996-08-07 00:00:00,ETWO,6.25
1996-08-12 00:00:00,ETWO,6.5
1996-08-13 00:00:00,ETWO,6.5
1996-08-22 00:00:00,ETWO,6.75
1996-08-26 00:00:00,ETWO,6.75
1996-08-29 00:00:00,ETWO,6.5
1996-09-10 00:00:00,ETWO,6.5
1996-09-11 00:00:00,ETWO,6.5
SECURITY_DA,COMP,CLOSE_PRICE
-----------,----,-----------
1996-09-12 00:00:00,ETWO,6.75
1996-09-13 00:00:00,ETWO,6.75
1996-09-16 00:00:00,ETWO,6.5
1996-09-27 00:00:00,ETWO,6
1996-10-01 00:00:00,ETWO,6.5
1996-10-07 00:00:00,ETWO,6.5
1996-10-08 00:00:00,ETWO,6.25
1996-10-09 00:00:00,ETWO,6.25
1996-10-11 00:00:00,ETWO,6.75
1996-10-15 00:00:00,ETWO,6.25
1996-10-16 00:00:00,ETWO,6.5
1996-10-17 00:00:00,ETWO,6.5
1996-10-18 00:00:00,ETWO,6.5
1996-10-21 00:00:00,ETWO,6.25
1996-10-22 00:00:00,ETWO,6.25
1996-10-24 00:00:00,ETWO,6.25
1996-10-29 00:00:00,ETWO,6.5
1996-10-31 00:00:00,ETWO,6.25
1996-11-06 00:00:00,ETWO,6.25
1996-11-11 00:00:00,ETWO,6.25
1996-11-12 00:00:00,ETWO,6.25
SECURITY_DA,COMP,CLOSE_PRICE
-----------,----,-----------
1996-11-14 00:00:00,ETWO,6.5
1996-11-19 00:00:00,ETWO,6.5
1996-11-20 00:00:00,ETWO,6.5
1996-11-21 00:00:00,ETWO,6.25
1996-11-22 00:00:00,ETWO,0
1996-11-28 00:00:00,ETWO,6.5
1996-12-05 00:00:00,ETWO,6.25
1996-12-06 00:00:00,ETWO,6.25
1996-12-09 00:00:00,ETWO,6.25
1996-12-10 00:00:00,ETWO,6.25
1996-12-11 00:00:00,ETWO,6.25
1996-12-13 00:00:00,ETWO,6.25
1996-12-19 00:00:00,ETWO,6.25
1996-12-30 00:00:00,ETWO,6.25
1996-01-08 00:00:00,FERN,11
1996-01-09 00:00:00,FERN,11
1996-01-16 00:00:00,FERN,10
1996-01-17 00:00:00,FERN,10.5
1996-01-29 00:00:00,FERN,10
1996-01-30 00:00:00,FERN,10
1996-02-02 00:00:00,FERN,10
SECURITY_DA,COMP,CLOSE_PRICE
-----------,----,-----------
1996-02-06 00:00:00,FERN,10
1996-02-08 00:00:00,FERN,10
1996-02-14 00:00:00,FERN,10
1996-02-23 00:00:00,FERN,10.5
1996-02-28 00:00:00,FERN,10.25
1996-03-15 00:00:00,FERN,10
1996-03-26 00:00:00,FERN,10
1996-04-01 00:00:00,FERN,10
1996-04-09 00:00:00,FERN,10
1996-04-10 00:00:00,FERN,10.25
1996-04-16 00:00:00,FERN,10
1996-04-22 00:00:00,FERN,10
1996-04-24 00:00:00,FERN,10
1996-04-29 00:00:00,FERN,10
1996-04-30 00:00:00,FERN,9
1996-05-07 00:00:00,FERN,10
1996-05-08 00:00:00,FERN,9.5
1996-05-15 00:00:00,FERN,9.5
1996-05-16 00:00:00,FERN,9.5
1996-05-17 00:00:00,FERN,9.5
1996-05-21 00:00:00,FERN,9.5
SECURITY_DA,COMP,CLOSE_PRICE
-----------,----,-----------
1996-05-22 00:00:00,FERN,9.75
1996-05-27 00:00:00,FERN,10
1996-06-18 00:00:00,FERN,9.5
1996-06-21 00:00:00,FERN,9.5
1996-06-28 00:00:00,FERN,9.5
1996-07-03 00:00:00,FERN,9.5
1996-07-09 00:00:00,FERN,9.25
1996-07-16 00:00:00,FERN,9
1996-07-17 00:00:00,FERN,9
1996-07-31 00:00:00,FERN,8.75
1996-08-06 00:00:00,FERN,8.5
1996-08-13 00:00:00,FERN,9
1996-08-15 00:00:00,FERN,9
1996-08-16 00:00:00,FERN,9
1996-08-19 00:00:00,FERN,9
1996-08-20 00:00:00,FERN,9
1996-08-23 00:00:00,FERN,9
1996-08-30 00:00:00,FERN,10
1996-09-16 00:00:00,FERN,9.5
1996-09-18 00:00:00,FERN,9.5
1996-09-19 00:00:00,FERN,9.5
SECURITY_DA,COMP,CLOSE_PRICE
-----------,----,-----------
1996-09-30 00:00:00,FERN,9.5
1996-10-08 00:00:00,FERN,9.5
1996-10-09 00:00:00,FERN,9.5
1996-10-14 00:00:00,FERN,9
1996-10-15 00:00:00,FERN,9
1996-10-17 00:00:00,FERN,9
1996-10-18 00:00:00,FERN,9
1996-10-30 00:00:00,FERN,9
1996-10-31 00:00:00,FERN,9
1996-11-06 00:00:00,FERN,9
1996-11-12 00:00:00,FERN,9.5
1996-11-13 00:00:00,FERN,9.5
1996-11-14 00:00:00,FERN,0
1996-11-19 00:00:00,FERN,9.5
1996-11-22 00:00:00,FERN,9.5
1996-11-27 00:00:00,FERN,9
1996-12-03 00:00:00,FERN,9
1996-12-04 00:00:00,FERN,9
1996-12-06 00:00:00,FERN,9
1996-12-09 00:00:00,FERN,9
1996-12-13 00:00:00,FERN,9
SECURITY_DA,COMP,CLOSE_PRICE
-----------,----,-----------
1996-12-16 00:00:00,FERN,9
1996-12-17 00:00:00,FERN,0
1996-12-19 00:00:00,FERN,9
1996-12-30 00:00:00,FERN,8.5
1996-12-31 00:00:00,FERN,8.5
1996-01-02 00:00:00,FORB,4.25
1996-01-03 00:00:00,FORB,4.25
1996-01-04 00:00:00,FORB,4.25
1996-01-08 00:00:00,FORB,4.25
1996-01-09 00:00:00,FORB,4.25
1996-01-10 00:00:00,FORB,4.25
1996-01-11 00:00:00,FORB,4.25
1996-01-12 00:00:00,FORB,4.25
1996-01-16 00:00:00,FORB,4.25
1996-01-17 00:00:00,FORB,4.25
1996-01-18 00:00:00,FORB,4.25
1996-01-19 00:00:00,FORB,4.25
1996-01-22 00:00:00,FORB,4.25
1996-01-23 00:00:00,FORB,4.25
1996-01-24 00:00:00,FORB,4.25
1996-01-25 00:00:00,FORB,4
SECURITY_DA,COMP,CLOSE_PRICE
-----------,----,-----------
1996-01-26 00:00:00,FORB,4.25
1996-01-29 00:00:00,FORB,4.25
1996-01-30 00:00:00,FORB,4.25
1996-01-31 00:00:00,FORB,4.25
1996-02-01 00:00:00,FORB,4.5
1996-02-02 00:00:00,FORB,4.25
1996-02-06 00:00:00,FORB,4.25
1996-02-07 00:00:00,FORB,4.25
1996-02-08 00:00:00,FORB,4.5
1996-02-09 00:00:00,FORB,4.25
1996-02-12 00:00:00,FORB,4.25
1996-02-13 00:00:00,FORB,4.25
1996-02-14 00:00:00,FORB,4.25
1996-02-15 00:00:00,FORB,4.5
1996-02-16 00:00:00,FORB,4.25
1996-02-19 00:00:00,FORB,4.25
1996-02-20 00:00:00,FORB,4.25
1996-02-21 00:00:00,FORB,4.25
1996-02-22 00:00:00,FORB,4.25
1996-02-23 00:00:00,FORB,4.25
1996-02-26 00:00:00,FORB,4.5
SECURITY_DA,COMP,CLOSE_PRICE
-----------,----,-----------
1996-02-27 00:00:00,FORB,4.25
1996-02-28 00:00:00,FORB,4.25
1996-02-29 00:00:00,FORB,4.25
1996-03-01 00:00:00,FORB,4.25
1996-03-05 00:00:00,FORB,4.25
1996-03-06 00:00:00,FORB,4.25
1996-03-07 00:00:00,FORB,4.5
1996-03-08 00:00:00,FORB,4.5
1996-03-11 00:00:00,FORB,4.25
1996-03-12 00:00:00,FORB,4
1996-03-13 00:00:00,FORB,4.5
1996-03-14 00:00:00,FORB,4.5
1996-03-15 00:00:00,FORB,4.75
1996-03-18 00:00:00,FORB,4.5
1996-03-19 00:00:00,FORB,4.5
1996-03-20 00:00:00,FORB,4.5
1996-03-21 00:00:00,FORB,4.5
1996-03-22 00:00:00,FORB,4.25
1996-03-25 00:00:00,FORB,4.25
1996-03-26 00:00:00,FORB,4.5
1996-03-27 00:00:00,FORB,4.5
SECURITY_DA,COMP,CLOSE_PRICE
-----------,----,-----------
1996-03-28 00:00:00,FORB,4.5
1996-03-29 00:00:00,FORB,4.25
1996-04-01 00:00:00,FORB,4.25
1996-04-02 00:00:00,FORB,4.5
1996-04-04 00:00:00,FORB,4.5
1996-04-08 00:00:00,FORB,4.25
1996-04-09 00:00:00,FORB,4.5
1996-04-10 00:00:00,FORB,4.5
1996-04-15 00:00:00,FORB,4.5
1996-04-16 00:00:00,FORB,4.5
1996-04-17 00:00:00,FORB,4.5
1996-04-18 00:00:00,FORB,4.5
1996-04-19 00:00:00,FORB,4.5
1996-04-22 00:00:00,FORB,4.25
1996-04-23 00:00:00,FORB,4.25
1996-04-24 00:00:00,FORB,4.25
1996-04-25 00:00:00,FORB,4.25
1996-04-26 00:00:00,FORB,4.25
1996-04-29 00:00:00,FORB,4.5
1996-04-30 00:00:00,FORB,4.5
1996-05-06 00:00:00,FORB,4.75
SECURITY_DA,COMP,CLOSE_PRICE
-----------,----,-----------
1996-05-07 00:00:00,FORB,4.75
1996-05-08 00:00:00,FORB,4.75
1996-05-09 00:00:00,FORB,4.75
1996-05-10 00:00:00,FORB,4.75
1996-05-13 00:00:00,FORB,4.75
1996-05-14 00:00:00,FORB,5
1996-05-15 00:00:00,FORB,4.75
1996-05-16 00:00:00,FORB,5
1996-05-17 00:00:00,FORB,5
1996-05-20 00:00:00,FORB,4.75
1996-05-21 00:00:00,FORB,4.75
1996-05-22 00:00:00,FORB,4.75
1996-05-23 00:00:00,FORB,4.75
1996-05-24 00:00:00,FORB,4.75
1996-05-27 00:00:00,FORB,4.75
1996-05-28 00:00:00,FORB,4.75
1996-05-29 00:00:00,FORB,4.75
1996-05-30 00:00:00,FORB,4.75
1996-06-03 00:00:00,FORB,4.75
1996-06-04 00:00:00,FORB,4.75
1996-06-05 00:00:00,FORB,4.75
SECURITY_DA,COMP,CLOSE_PRICE
-----------,----,-----------
1996-06-06 00:00:00,FORB,4.75
1996-06-07 00:00:00,FORB,4.75
1996-06-10 00:00:00,FORB,4.75
1996-06-11 00:00:00,FORB,4.75
1996-06-12 00:00:00,FORB,4.75
1996-06-13 00:00:00,FORB,4.75
1996-06-14 00:00:00,FORB,4.75
1996-06-17 00:00:00,FORB,4.75
1996-06-18 00:00:00,FORB,4.75
1996-06-19 00:00:00,FORB,4.75
1996-06-20 00:00:00,FORB,4.75
1996-06-21 00:00:00,FORB,4.5
1996-06-24 00:00:00,FORB,4.5
1996-06-25 00:00:00,FORB,4.5
1996-06-26 00:00:00,FORB,4.5
1996-06-27 00:00:00,FORB,4.5
1996-06-28 00:00:00,FORB,4.5
1996-07-01 00:00:00,FORB,4.75
1996-07-02 00:00:00,FORB,4.5
1996-07-03 00:00:00,FORB,4.5
1996-07-04 00:00:00,FORB,4.5
SECURITY_DA,COMP,CLOSE_PRICE
-----------,----,-----------
1996-07-05 00:00:00,FORB,4.25
1996-07-08 00:00:00,FORB,4.25
1996-07-09 00:00:00,FORB,4.25
1996-07-10 00:00:00,FORB,4.25
1996-07-11 00:00:00,FORB,4.25
1996-07-12 00:00:00,FORB,4.25
1996-07-15 00:00:00,FORB,4.25
1996-07-16 00:00:00,FORB,4
1996-07-17 00:00:00,FORB,4
1996-07-18 00:00:00,FORB,4
1996-07-19 00:00:00,FORB,4.25
1996-07-22 00:00:00,FORB,4
1996-07-23 00:00:00,FORB,4
1996-07-24 00:00:00,FORB,4
1996-07-25 00:00:00,FORB,4.25
1996-07-26 00:00:00,FORB,4.25
1996-07-31 00:00:00,FORB,4.25
1996-08-01 00:00:00,FORB,4.25
1996-08-02 00:00:00,FORB,4.25
1996-08-05 00:00:00,FORB,4.25
1996-08-06 00:00:00,FORB,4.5
SECURITY_DA,COMP,CLOSE_PRICE
-----------,----,-----------
1996-08-07 00:00:00,FORB,4.5
1996-08-08 00:00:00,FORB,4.5
1996-08-09 00:00:00,FORB,4.5
1996-08-12 00:00:00,FORB,4.5
1996-08-13 00:00:00,FORB,4.5
1996-08-14 00:00:00,FORB,4.5
1996-08-15 00:00:00,FORB,4.5
1996-08-16 00:00:00,FORB,4.5
1996-08-19 00:00:00,FORB,4.5
1996-08-20 00:00:00,FORB,4.5
1996-08-21 00:00:00,FORB,4.5
1996-08-23 00:00:00,FORB,4.5
1996-08-26 00:00:00,FORB,4.5
1996-08-27 00:00:00,FORB,4.25
1996-08-29 00:00:00,FORB,4.5
1996-08-30 00:00:00,FORB,4.5
1996-09-02 00:00:00,FORB,4.5
1996-09-03 00:00:00,FORB,4.25
1996-09-04 00:00:00,FORB,4.5
1996-09-05 00:00:00,FORB,4.25
1996-09-10 00:00:00,FORB,4.25
SECURITY_DA,COMP,CLOSE_PRICE
-----------,----,-----------
1996-09-11 00:00:00,FORB,4.5
1996-09-12 00:00:00,FORB,4.5
1996-09-13 00:00:00,FORB,4.75
1996-09-16 00:00:00,FORB,4.5
1996-09-17 00:00:00,FORB,4.5
1996-09-18 00:00:00,FORB,4.5
1996-09-19 00:00:00,FORB,4.5
1996-09-20 00:00:00,FORB,4.5
1996-09-23 00:00:00,FORB,4.75
1996-09-24 00:00:00,FORB,4.5
1996-09-25 00:00:00,FORB,4.5
1996-09-27 00:00:00,FORB,4.5
1996-09-30 00:00:00,FORB,4.5
1996-10-01 00:00:00,FORB,4.75
1996-10-02 00:00:00,FORB,4.75
1996-10-03 00:00:00,FORB,4.75
1996-10-04 00:00:00,FORB,4.75
1996-10-07 00:00:00,FORB,5
1996-10-08 00:00:00,FORB,5
1996-10-09 00:00:00,FORB,5
1996-10-10 00:00:00,FORB,4.75
SECURITY_DA,COMP,CLOSE_PRICE
-----------,----,-----------
1996-10-11 00:00:00,FORB,4.75
1996-10-14 00:00:00,FORB,4.75
1996-10-15 00:00:00,FORB,4.75
1996-10-16 00:00:00,FORB,5
1996-10-17 00:00:00,FORB,5
1996-10-18 00:00:00,FORB,5
1996-10-21 00:00:00,FORB,4.75
1996-10-22 00:00:00,FORB,5
1996-10-23 00:00:00,FORB,4.75
1996-10-24 00:00:00,FORB,5
1996-10-25 00:00:00,FORB,5
1996-10-28 00:00:00,FORB,5.25
1996-10-29 00:00:00,FORB,5.25
1996-10-30 00:00:00,FORB,5.75
1996-10-31 00:00:00,FORB,5.75
1996-11-01 00:00:00,FORB,6
1996-11-04 00:00:00,FORB,6
1996-11-05 00:00:00,FORB,5.75
1996-11-06 00:00:00,FORB,6
1996-11-07 00:00:00,FORB,6
1996-11-08 00:00:00,FORB,5.5
SECURITY_DA,COMP,CLOSE_PRICE
-----------,----,-----------
1996-11-11 00:00:00,FORB,5.5
1996-11-12 00:00:00,FORB,5.5
1996-11-13 00:00:00,FORB,5.5
1996-11-14 00:00:00,FORB,5.25
1996-11-15 00:00:00,FORB,5.25
1996-11-18 00:00:00,FORB,5.25
1996-11-19 00:00:00,FORB,5
1996-11-20 00:00:00,FORB,5
1996-11-21 00:00:00,FORB,5
1996-11-22 00:00:00,FORB,5
1996-11-25 00:00:00,FORB,5
1996-11-26 00:00:00,FORB,5
1996-11-27 00:00:00,FORB,5
1996-11-28 00:00:00,FORB,5
1996-11-29 00:00:00,FORB,4.75
1996-12-02 00:00:00,FORB,4.75
1996-12-03 00:00:00,FORB,4.75
1996-12-04 00:00:00,FORB,4.75
1996-12-05 00:00:00,FORB,4.75
1996-12-06 00:00:00,FORB,4.75
1996-12-09 00:00:00,FORB,4.75
SECURITY_DA,COMP,CLOSE_PRICE
-----------,----,-----------
1996-12-10 00:00:00,FORB,5
1996-12-11 00:00:00,FORB,5
1996-12-12 00:00:00,FORB,4.75
1996-12-13 00:00:00,FORB,4.75
1996-12-16 00:00:00,FORB,4.75
1996-12-17 00:00:00,FORB,4.75
1996-12-18 00:00:00,FORB,5
1996-12-19 00:00:00,FORB,5
1996-12-20 00:00:00,FORB,5.25
1996-12-23 00:00:00,FORB,5
1996-12-27 00:00:00,FORB,5
1996-12-30 00:00:00,FORB,5
1996-12-31 00:00:00,FORB,5.25
1996-02-02 00:00:00,GEST,88
1996-08-13 00:00:00,GEST,0
1996-08-20 00:00:00,GEST,0
1996-09-02 00:00:00,GEST,0
1996-01-02 00:00:00,GHLL,3.5
1996-01-10 00:00:00,GHLL,3.75
1996-01-11 00:00:00,GHLL,3.75
1996-01-16 00:00:00,GHLL,3.75
SECURITY_DA,COMP,CLOSE_PRICE
-----------,----,-----------
1996-01-18 00:00:00,GHLL,3.75
1996-01-19 00:00:00,GHLL,3.75
1996-01-23 00:00:00,GHLL,3.75
1996-01-24 00:00:00,GHLL,3.75
1996-01-25 00:00:00,GHLL,3.75
1996-01-29 00:00:00,GHLL,3.5
1996-01-30 00:00:00,GHLL,3.5
1996-01-31 00:00:00,GHLL,3.5
1996-02-09 00:00:00,GHLL,3.5
1996-02-12 00:00:00,GHLL,3
1996-02-13 00:00:00,GHLL,3
1996-02-14 00:00:00,GHLL,3
1996-02-20 00:00:00,GHLL,3.25
1996-02-22 00:00:00,GHLL,3
1996-02-26 00:00:00,GHLL,3
1996-02-27 00:00:00,GHLL,3
1996-02-29 00:00:00,GHLL,3.25
1996-03-06 00:00:00,GHLL,3
1996-03-11 00:00:00,GHLL,3.25
1996-03-12 00:00:00,GHLL,3.25
1996-03-13 00:00:00,GHLL,3.25
SECURITY_DA,COMP,CLOSE_PRICE
-----------,----,-----------
1996-03-15 00:00:00,GHLL,3.25
1996-03-19 00:00:00,GHLL,3.5
1996-03-22 00:00:00,GHLL,3.25
1996-03-25 00:00:00,GHLL,3.25
1996-03-26 00:00:00,GHLL,3.25
1996-03-27 00:00:00,GHLL,3.25
1996-04-04 00:00:00,GHLL,3.5
1996-04-08 00:00:00,GHLL,2.5
1996-04-16 00:00:00,GHLL,2.75
1996-04-17 00:00:00,GHLL,2.5
1996-04-18 00:00:00,GHLL,3
1996-04-19 00:00:00,GHLL,3
1996-04-22 00:00:00,GHLL,2.75
1996-04-24 00:00:00,GHLL,2.75
1996-04-26 00:00:00,GHLL,3
1996-04-29 00:00:00,GHLL,2.75
1996-05-07 00:00:00,GHLL,3
1996-05-09 00:00:00,GHLL,2.75
1996-05-14 00:00:00,GHLL,0
1996-05-15 00:00:00,GHLL,3
1996-05-17 00:00:00,GHLL,3
SECURITY_DA,COMP,CLOSE_PRICE
-----------,----,-----------
1996-05-20 00:00:00,GHLL,2.75
1996-05-21 00:00:00,GHLL,2.75
1996-05-23 00:00:00,GHLL,3
1996-05-28 00:00:00,GHLL,2.75
1996-05-29 00:00:00,GHLL,2.75
1996-06-06 00:00:00,GHLL,3
1996-06-07 00:00:00,GHLL,2.75
1996-06-12 00:00:00,GHLL,3
1996-06-19 00:00:00,GHLL,2.75
1996-06-21 00:00:00,GHLL,3
1996-06-25 00:00:00,GHLL,2.75
1996-06-26 00:00:00,GHLL,2.75
1996-06-28 00:00:00,GHLL,2.75
1996-07-01 00:00:00,GHLL,3
1996-07-02 00:00:00,GHLL,3
1996-07-03 00:00:00,GHLL,2.75
1996-07-09 00:00:00,GHLL,2.75
1996-07-10 00:00:00,GHLL,2.75
1996-07-11 00:00:00,GHLL,2.75
1996-07-12 00:00:00,GHLL,3
1996-07-15 00:00:00,GHLL,2.75
SECURITY_DA,COMP,CLOSE_PRICE
-----------,----,-----------
1996-07-16 00:00:00,GHLL,3
1996-07-17 00:00:00,GHLL,2.75
1996-07-18 00:00:00,GHLL,3
1996-07-19 00:00:00,GHLL,3
1996-07-24 00:00:00,GHLL,2.75
1996-07-26 00:00:00,GHLL,2.75
1996-07-31 00:00:00,GHLL,2.75
1996-08-02 00:00:00,GHLL,2.75
1996-08-06 00:00:00,GHLL,2.75
1996-08-07 00:00:00,GHLL,3
1996-08-08 00:00:00,GHLL,3
1996-08-09 00:00:00,GHLL,3
1996-08-14 00:00:00,GHLL,3
1996-08-15 00:00:00,GHLL,3
1996-08-21 00:00:00,GHLL,2.75
1996-08-22 00:00:00,GHLL,3
1996-08-23 00:00:00,GHLL,2.75
1996-08-26 00:00:00,GHLL,3
1996-08-27 00:00:00,GHLL,3
1996-09-03 00:00:00,GHLL,2.75
1996-09-04 00:00:00,GHLL,2.75
SECURITY_DA,COMP,CLOSE_PRICE
-----------,----,-----------
1996-09-05 00:00:00,GHLL,3
1996-09-09 00:00:00,GHLL,2.75
1996-09-11 00:00:00,GHLL,2.75
1996-09-13 00:00:00,GHLL,2.75
1996-09-16 00:00:00,GHLL,2.75
1996-09-17 00:00:00,GHLL,2.75
1996-09-23 00:00:00,GHLL,3
1996-10-01 00:00:00,GHLL,2.75
1996-10-02 00:00:00,GHLL,2.75
1996-10-10 00:00:00,GHLL,2.75
1996-10-11 00:00:00,GHLL,3
1996-10-14 00:00:00,GHLL,3
1996-10-15 00:00:00,GHLL,3
1996-10-16 00:00:00,GHLL,3
1996-10-17 00:00:00,GHLL,3
1996-10-18 00:00:00,GHLL,3
1996-10-21 00:00:00,GHLL,3
1996-10-22 00:00:00,GHLL,2.75
1996-10-23 00:00:00,GHLL,3
1996-10-24 00:00:00,GHLL,2.75
1996-10-28 00:00:00,GHLL,2.75
SECURITY_DA,COMP,CLOSE_PRICE
-----------,----,-----------
1996-10-30 00:00:00,GHLL,3
1996-10-31 00:00:00,GHLL,2.75
1996-11-04 00:00:00,GHLL,2.75
1996-11-05 00:00:00,GHLL,3
1996-11-06 00:00:00,GHLL,3
1996-11-08 00:00:00,GHLL,3.25
1996-11-11 00:00:00,GHLL,3.25
1996-11-19 00:00:00,GHLL,3.25
1996-11-20 00:00:00,GHLL,3
1996-11-22 00:00:00,GHLL,3.25
1996-11-25 00:00:00,GHLL,3.25
1996-11-26 00:00:00,GHLL,3.25
1996-11-27 00:00:00,GHLL,3
1996-11-28 00:00:00,GHLL,3
1996-12-05 00:00:00,GHLL,3
1996-12-18 00:00:00,GHLL,3
1996-12-20 00:00:00,GHLL,3.25
1996-12-23 00:00:00,GHLL,3.25
1996-12-27 00:00:00,GHLL,3.25
1996-12-31 00:00:00,GHLL,3
1996-03-15 00:00:00,GILB,0
SECURITY_DA,COMP,CLOSE_PRICE
-----------,----,-----------
1996-03-25 00:00:00,GILB,7
1996-03-26 00:00:00,GILB,6.5
1996-01-02 00:00:00,GLAS,21.25
1996-01-03 00:00:00,GLAS,21
1996-01-04 00:00:00,GLAS,20.5
1996-01-08 00:00:00,GLAS,21
1996-01-09 00:00:00,GLAS,20.75
1996-01-10 00:00:00,GLAS,21
1996-01-11 00:00:00,GLAS,20.75
1996-01-12 00:00:00,GLAS,20.75
1996-01-16 00:00:00,GLAS,21
1996-01-17 00:00:00,GLAS,21
1996-01-18 00:00:00,GLAS,20
1996-01-19 00:00:00,GLAS,20.5
1996-01-22 00:00:00,GLAS,20.25
1996-01-23 00:00:00,GLAS,20
1996-01-24 00:00:00,GLAS,19.75
1996-01-25 00:00:00,GLAS,19.25
1996-01-26 00:00:00,GLAS,19.25
1996-01-29 00:00:00,GLAS,19.25
1996-01-30 00:00:00,GLAS,19.25
SECURITY_DA,COMP,CLOSE_PRICE
-----------,----,-----------
1996-01-31 00:00:00,GLAS,19.25
1996-02-02 00:00:00,GLAS,18
1996-02-06 00:00:00,GLAS,17.5
1996-02-07 00:00:00,GLAS,17.25
1996-02-08 00:00:00,GLAS,17.25
1996-02-09 00:00:00,GLAS,18
1996-02-12 00:00:00,GLAS,18.5
1996-02-13 00:00:00,GLAS,18.5
1996-02-14 00:00:00,GLAS,19.5
1996-02-15 00:00:00,GLAS,20.75
1996-02-16 00:00:00,GLAS,22
1996-02-19 00:00:00,GLAS,21
1996-02-20 00:00:00,GLAS,20.5
1996-02-21 00:00:00,GLAS,20.5
1996-02-22 00:00:00,GLAS,22
1996-02-23 00:00:00,GLAS,23.25
1996-02-26 00:00:00,GLAS,23.5
1996-02-27 00:00:00,GLAS,23.75
1996-02-28 00:00:00,GLAS,23.75
1996-02-29 00:00:00,GLAS,23.75
1996-03-01 00:00:00,GLAS,24
SECURITY_DA,COMP,CLOSE_PRICE
-----------,----,-----------
1996-03-05 00:00:00,GLAS,23.5
1996-03-06 00:00:00,GLAS,23.75
1996-03-07 00:00:00,GLAS,23.75
1996-03-08 00:00:00,GLAS,24.5
1996-03-11 00:00:00,GLAS,25
1996-03-12 00:00:00,GLAS,24
1996-03-13 00:00:00,GLAS,24
1996-03-14 00:00:00,GLAS,23.75
1996-03-15 00:00:00,GLAS,24
1996-03-18 00:00:00,GLAS,23.75
1996-03-19 00:00:00,GLAS,23.75
1996-03-20 00:00:00,GLAS,23.75
1996-03-21 00:00:00,GLAS,22.5
1996-03-22 00:00:00,GLAS,22
1996-03-25 00:00:00,GLAS,21
1996-03-26 00:00:00,GLAS,21
1996-03-27 00:00:00,GLAS,21.5
1996-03-28 00:00:00,GLAS,22.5
1996-03-29 00:00:00,GLAS,22.5
1996-04-01 00:00:00,GLAS,22
1996-04-02 00:00:00,GLAS,22
SECURITY_DA,COMP,CLOSE_PRICE
-----------,----,-----------
1996-04-04 00:00:00,GLAS,22
1996-04-08 00:00:00,GLAS,22
1996-04-09 00:00:00,GLAS,22
1996-04-10 00:00:00,GLAS,22.5
1996-04-15 00:00:00,GLAS,21.25
1996-04-16 00:00:00,GLAS,21
1996-04-17 00:00:00,GLAS,21.25
1996-04-18 00:00:00,GLAS,21.25
1996-04-19 00:00:00,GLAS,21.25
1996-04-22 00:00:00,GLAS,21.25
1996-04-23 00:00:00,GLAS,21
1996-04-24 00:00:00,GLAS,21
1996-04-25 00:00:00,GLAS,22
1996-04-26 00:00:00,GLAS,22
1996-04-29 00:00:00,GLAS,22
1996-04-30 00:00:00,GLAS,22.5
1996-05-06 00:00:00,GLAS,23
1996-05-07 00:00:00,GLAS,22.75
1996-05-08 00:00:00,GLAS,23
1996-05-09 00:00:00,GLAS,23.5
1996-05-10 00:00:00,GLAS,23.75
SECURITY_DA,COMP,CLOSE_PRICE
-----------,----,-----------
1996-05-13 00:00:00,GLAS,24
1996-05-14 00:00:00,GLAS,23.5
1996-05-15 00:00:00,GLAS,23
1996-05-16 00:00:00,GLAS,23
1996-05-17 00:00:00,GLAS,23
1996-05-20 00:00:00,GLAS,23
1996-05-21 00:00:00,GLAS,22.75
1996-05-22 00:00:00,GLAS,24
1996-05-23 00:00:00,GLAS,24
1996-05-24 00:00:00,GLAS,24
1996-05-27 00:00:00,GLAS,23
1996-05-28 00:00:00,GLAS,23
1996-05-29 00:00:00,GLAS,23
1996-06-03 00:00:00,GLAS,23
1996-06-04 00:00:00,GLAS,23
1996-06-05 00:00:00,GLAS,23
1996-06-06 00:00:00,GLAS,23
1996-06-07 00:00:00,GLAS,23
1996-06-10 00:00:00,GLAS,23
1996-06-11 00:00:00,GLAS,22
1996-06-12 00:00:00,GLAS,22
SECURITY_DA,COMP,CLOSE_PRICE
-----------,----,-----------
1996-06-13 00:00:00,GLAS,22
1996-06-14 00:00:00,GLAS,22
1996-06-17 00:00:00,GLAS,22
1996-06-18 00:00:00,GLAS,22
1996-06-19 00:00:00,GLAS,22
1996-06-20 00:00:00,GLAS,22
1996-06-21 00:00:00,GLAS,22
1996-06-24 00:00:00,GLAS,22
1996-06-25 00:00:00,GLAS,22
1996-06-26 00:00:00,GLAS,22
1996-06-27 00:00:00,GLAS,22
1996-06-28 00:00:00,GLAS,22
1996-07-01 00:00:00,GLAS,21.5
1996-07-02 00:00:00,GLAS,21.5
1996-07-03 00:00:00,GLAS,21
1996-07-04 00:00:00,GLAS,21
1996-07-05 00:00:00,GLAS,21
1996-07-09 00:00:00,GLAS,21
1996-07-10 00:00:00,GLAS,20.75
1996-07-11 00:00:00,GLAS,20.5
1996-07-12 00:00:00,GLAS,20.5
SECURITY_DA,COMP,CLOSE_PRICE
-----------,----,-----------
1996-07-15 00:00:00,GLAS,18.25
1996-07-16 00:00:00,GLAS,17.5
1996-07-17 00:00:00,GLAS,17
1996-07-18 00:00:00,GLAS,16
1996-07-19 00:00:00,GLAS,16
1996-07-22 00:00:00,GLAS,17
1996-07-23 00:00:00,GLAS,18.5
1996-07-24 00:00:00,GLAS,19
1996-07-25 00:00:00,GLAS,19.5
1996-07-26 00:00:00,GLAS,20
1996-07-31 00:00:00,GLAS,19.5
1996-08-01 00:00:00,GLAS,19.75
1996-08-02 00:00:00,GLAS,19.5
1996-08-05 00:00:00,GLAS,19.5
1996-08-06 00:00:00,GLAS,19.5
1996-08-07 00:00:00,GLAS,20.25
1996-08-08 00:00:00,GLAS,20.5
1996-08-09 00:00:00,GLAS,20
1996-08-12 00:00:00,GLAS,20
1996-08-13 00:00:00,GLAS,19.25
1996-08-14 00:00:00,GLAS,19.25
SECURITY_DA,COMP,CLOSE_PRICE
-----------,----,-----------
1996-08-15 00:00:00,GLAS,19.25
1996-08-16 00:00:00,GLAS,19.5
1996-08-20 00:00:00,GLAS,19.5
1996-08-21 00:00:00,GLAS,19.5
1996-08-22 00:00:00,GLAS,19.5
1996-08-23 00:00:00,GLAS,19.5
1996-08-26 00:00:00,GLAS,19.5
1996-08-27 00:00:00,GLAS,19.5
1996-08-29 00:00:00,GLAS,19.5
1996-08-30 00:00:00,GLAS,19.5
1996-09-02 00:00:00,GLAS,19.5
1996-09-03 00:00:00,GLAS,19.5
1996-09-04 00:00:00,GLAS,19.75
1996-09-06 00:00:00,GLAS,20
1996-09-09 00:00:00,GLAS,20
1996-09-10 00:00:00,GLAS,20
1996-09-11 00:00:00,GLAS,20.5
1996-09-12 00:00:00,GLAS,20.5
1996-09-13 00:00:00,GLAS,20.5
1996-09-16 00:00:00,GLAS,20.5
1996-09-17 00:00:00,GLAS,21
SECURITY_DA,COMP,CLOSE_PRICE
-----------,----,-----------
1996-09-18 00:00:00,GLAS,22
1996-09-19 00:00:00,GLAS,20.5
1996-09-20 00:00:00,GLAS,20.5
1996-09-23 00:00:00,GLAS,20.5
1996-09-24 00:00:00,GLAS,21
1996-09-25 00:00:00,GLAS,20.75
1996-09-27 00:00:00,GLAS,20.75
1996-09-30 00:00:00,GLAS,21.75
1996-10-01 00:00:00,GLAS,22
1996-10-02 00:00:00,GLAS,22.5
1996-10-03 00:00:00,GLAS,22.25
1996-10-04 00:00:00,GLAS,22
1996-10-07 00:00:00,GLAS,21.5
1996-10-08 00:00:00,GLAS,21.75
1996-10-09 00:00:00,GLAS,21.25
1996-10-10 00:00:00,GLAS,20.5
1996-10-11 00:00:00,GLAS,21.25
1996-10-14 00:00:00,GLAS,21.5
1996-10-15 00:00:00,GLAS,22
1996-10-16 00:00:00,GLAS,22.5
1996-10-17 00:00:00,GLAS,22.75
SECURITY_DA,COMP,CLOSE_PRICE
-----------,----,-----------
1996-10-18 00:00:00,GLAS,23.5
1996-10-21 00:00:00,GLAS,23
1996-10-22 00:00:00,GLAS,23
1996-10-23 00:00:00,GLAS,23
1996-10-24 00:00:00,GLAS,23.25
1996-10-25 00:00:00,GLAS,23.5
1996-10-28 00:00:00,GLAS,23.25
1996-10-29 00:00:00,GLAS,23
1996-10-30 00:00:00,GLAS,24.25
1996-10-31 00:00:00,GLAS,24
1996-11-01 00:00:00,GLAS,24
1996-11-04 00:00:00,GLAS,24
1996-11-05 00:00:00,GLAS,24.25
1996-11-06 00:00:00,GLAS,24.25
1996-11-07 00:00:00,GLAS,24
1996-11-08 00:00:00,GLAS,24.25
1996-11-11 00:00:00,GLAS,24.25
1996-11-12 00:00:00,GLAS,24.5
1996-11-13 00:00:00,GLAS,24.25
1996-11-14 00:00:00,GLAS,24
1996-11-15 00:00:00,GLAS,24
SECURITY_DA,COMP,CLOSE_PRICE
-----------,----,-----------
1996-11-18 00:00:00,GLAS,24
1996-11-19 00:00:00,GLAS,23
1996-11-20 00:00:00,GLAS,23.5
1996-11-21 00:00:00,GLAS,23.5
1996-11-22 00:00:00,GLAS,23.5
1996-11-25 00:00:00,GLAS,23
1996-11-26 00:00:00,GLAS,22.5
1996-11-27 00:00:00,GLAS,22.5
1996-11-28 00:00:00,GLAS,22.5
1996-11-29 00:00:00,GLAS,22.5
1996-12-02 00:00:00,GLAS,22.5
1996-12-03 00:00:00,GLAS,23
1996-12-04 00:00:00,GLAS,22.75
1996-12-05 00:00:00,GLAS,23
1996-12-06 00:00:00,GLAS,22.75
1996-12-09 00:00:00,GLAS,22.75
1996-12-10 00:00:00,GLAS,22.75
1996-12-11 00:00:00,GLAS,22.5
1996-12-12 00:00:00,GLAS,22.5
1996-12-13 00:00:00,GLAS,22.5
1996-12-16 00:00:00,GLAS,22.5
SECURITY_DA,COMP,CLOSE_PRICE
-----------,----,-----------
1996-12-17 00:00:00,GLAS,22.5
1996-12-18 00:00:00,GLAS,22.5
1996-12-19 00:00:00,GLAS,22.5
1996-12-23 00:00:00,GLAS,22.5
1996-12-27 00:00:00,GLAS,23
1996-12-30 00:00:00,GLAS,23
1996-12-31 00:00:00,GLAS,23
1996-01-16 00:00:00,GLAX,32
1996-01-17 00:00:00,GLAX,31.5
1996-01-18 00:00:00,GLAX,31.5
1996-01-22 00:00:00,GLAX,32
1996-01-25 00:00:00,GLAX,31
1996-02-15 00:00:00,GLAX,0
1996-02-26 00:00:00,GLAX,30
1996-02-28 00:00:00,GLAX,0
1996-03-08 00:00:00,GLAX,31
1996-03-18 00:00:00,GLAX,0
1996-03-19 00:00:00,GLAX,30
1996-03-20 00:00:00,GLAX,32
1996-03-21 00:00:00,GLAX,31
1996-03-22 00:00:00,GLAX,31
SECURITY_DA,COMP,CLOSE_PRICE
-----------,----,-----------
1996-03-26 00:00:00,GLAX,31
1996-03-27 00:00:00,GLAX,31
1996-04-22 00:00:00,GLAX,31
1996-04-24 00:00:00,GLAX,0
1996-05-07 00:00:00,GLAX,31
1996-05-08 00:00:00,GLAX,31
1996-05-20 00:00:00,GLAX,31
1996-06-12 00:00:00,GLAX,0
1996-06-13 00:00:00,GLAX,31
1996-06-14 00:00:00,GLAX,31
1996-07-01 00:00:00,GLAX,31
1996-08-02 00:00:00,GLAX,31
1996-08-08 00:00:00,GLAX,31
1996-08-09 00:00:00,GLAX,30.75
1996-08-13 00:00:00,GLAX,0
1996-08-16 00:00:00,GLAX,30
1996-08-19 00:00:00,GLAX,30
1996-08-20 00:00:00,GLAX,29.5
1996-08-21 00:00:00,GLAX,29.25
1996-08-23 00:00:00,GLAX,29.25
1996-09-18 00:00:00,GLAX,29.5
1996-09-20 00:00:00,GLAX,29.5
1996-10-02 00:00:00,GLAX,29.5
1996-10-09 00:00:00,GLAX,29.5
1996-10-14 00:00:00,GLAX,29.5
1996-10-22 00:00:00,GLAX,28.5
1996-10-23 00:00:00,GLAX,28.5
1996-11-01 00:00:00,GLAX,31
1996-11-04 00:00:00,GLAX,31
1996-11-05 00:00:00,GLAX,0
1996-11-22 00:00:00,GLAX,31
1996-12-06 00:00:00,GLAX,31.25
1996-12-23 00:00:00,GLAX,0
1996-12-31 00:00:00,GLAX,0
1996-01-02 00:00:00,GRAN,44.25
1996-01-04 00:00:00,GRAN,43
1996-01-09 00:00:00,GRAN,42
1996-01-12 00:00:00,GRAN,42
1996-01-16 00:00:00,GRAN,42
1996-01-17 00:00:00,GRAN,42
1996-01-18 00:00:00,GRAN,42
1996-01-19 00:00:00,GRAN,42
1996-01-23 00:00:00,GRAN,42
1996-01-24 00:00:00,GRAN,40
1996-01-26 00:00:00,GRAN,39
1996-01-29 00:00:00,GRAN,41.5
1996-01-30 00:00:00,GRAN,41.5
1996-02-06 00:00:00,GRAN,39
1996-02-08 00:00:00,GRAN,38.5
1996-02-09 00:00:00,GRAN,38
1996-02-12 00:00:00,GRAN,38.5
1996-02-13 00:00:00,GRAN,39
1996-02-14 00:00:00,GRAN,38.5
1996-02-15 00:00:00,GRAN,38.5
1996-02-16 00:00:00,GRAN,37.75
1996-02-19 00:00:00,GRAN,35
1996-02-20 00:00:00,GRAN,35
1996-02-23 00:00:00,GRAN,35
1996-02-27 00:00:00,GRAN,0
1996-02-28 00:00:00,GRAN,36
1996-02-29 00:00:00,GRAN,36.75
1996-03-01 00:00:00,GRAN,36.5
1996-03-06 00:00:00,GRAN,36.5
1996-03-07 00:00:00,GRAN,38.5
1996-03-08 00:00:00,GRAN,42
1996-03-11 00:00:00,GRAN,41.75
1996-03-12 00:00:00,GRAN,40
1996-03-13 00:00:00,GRAN,40
1996-03-14 00:00:00,GRAN,41
1996-03-15 00:00:00,GRAN,40
1996-03-18 00:00:00,GRAN,440
1996-03-19 00:00:00,GRAN,40
1996-03-20 00:00:00,GRAN,41
1996-03-21 00:00:00,GRAN,40
1996-03-25 00:00:00,GRAN,39
1996-03-26 00:00:00,GRAN,38
1996-03-27 00:00:00,GRAN,38
1996-03-28 00:00:00,GRAN,37.5
1996-03-29 00:00:00,GRAN,37
1996-04-01 00:00:00,GRAN,37.5
1996-04-02 00:00:00,GRAN,38
1996-04-08 00:00:00,GRAN,38
1996-04-09 00:00:00,GRAN,38.25
1996-04-16 00:00:00,GRAN,38.25
1996-04-17 00:00:00,GRAN,37.5
1996-04-18 00:00:00,GRAN,37.5
1996-04-23 00:00:00,GRAN,38
1996-04-24 00:00:00,GRAN,38
1996-04-25 00:00:00,GRAN,37.75
1996-04-26 00:00:00,GRAN,38
1996-04-29 00:00:00,GRAN,37.5
1996-04-30 00:00:00,GRAN,37.5
1996-05-06 00:00:00,GRAN,37.5
1996-05-07 00:00:00,GRAN,37.5
1996-05-09 00:00:00,GRAN,37.5
1996-05-10 00:00:00,GRAN,37.5
1996-05-13 00:00:00,GRAN,37
1996-05-14 00:00:00,GRAN,36.75
1996-05-16 00:00:00,GRAN,36.5
1996-05-17 00:00:00,GRAN,36
1996-05-20 00:00:00,GRAN,35.5
1996-05-21 00:00:00,GRAN,35
1996-05-22 00:00:00,GRAN,35.5
1996-05-24 00:00:00,GRAN,34.5
1996-05-29 00:00:00,GRAN,32
1996-06-04 00:00:00,GRAN,29.25
1996-06-10 00:00:00,GRAN,26
1996-06-11 00:00:00,GRAN,26
1996-06-18 00:00:00,GRAN,25
1996-06-21 00:00:00,GRAN,23
1996-06-24 00:00:00,GRAN,23
1996-06-26 00:00:00,GRAN,23
1996-06-27 00:00:00,GRAN,22.5
1996-06-28 00:00:00,GRAN,21.5
1996-07-02 00:00:00,GRAN,20
1996-07-04 00:00:00,GRAN,19.5
1996-07-05 00:00:00,GRAN,18
1996-07-08 00:00:00,GRAN,17
1996-07-09 00:00:00,GRAN,15.75
1996-07-10 00:00:00,GRAN,16
1996-07-11 00:00:00,GRAN,15
1996-07-12 00:00:00,GRAN,15.5
1996-07-16 00:00:00,GRAN,15.5
1996-07-17 00:00:00,GRAN,15.25
1996-07-18 00:00:00,GRAN,15.25
1996-07-19 00:00:00,GRAN,14.25
1996-07-22 00:00:00,GRAN,14.5
1996-07-23 00:00:00,GRAN,14.5
1996-07-24 00:00:00,GRAN,14.5
1996-07-25 00:00:00,GRAN,14.25
1996-08-01 00:00:00,GRAN,15
1996-08-07 00:00:00,GRAN,16
1996-08-08 00:00:00,GRAN,17.25
1996-08-09 00:00:00,GRAN,16.5
1996-08-12 00:00:00,GRAN,16
1996-08-13 00:00:00,GRAN,15.5
1996-08-14 00:00:00,GRAN,15.25
1996-08-16 00:00:00,GRAN,15.25
1996-08-19 00:00:00,GRAN,15
1996-08-21 00:00:00,GRAN,14.75
1996-08-23 00:00:00,GRAN,14.75
1996-08-27 00:00:00,GRAN,14.5
1996-08-30 00:00:00,GRAN,14.5
1996-09-02 00:00:00,GRAN,14.5
1996-09-03 00:00:00,GRAN,14.5
1996-09-04 00:00:00,GRAN,14.25
1996-09-05 00:00:00,GRAN,14.25
1996-09-06 00:00:00,GRAN,14
1996-09-10 00:00:00,GRAN,14.5
1996-09-18 00:00:00,GRAN,14.5
1996-09-19 00:00:00,GRAN,14.5
1996-09-20 00:00:00,GRAN,14.5
1996-09-23 00:00:00,GRAN,14.5
1996-09-24 00:00:00,GRAN,14.5
1996-09-25 00:00:00,GRAN,14.5
1996-09-30 00:00:00,GRAN,15
1996-10-01 00:00:00,GRAN,15.5
1996-10-02 00:00:00,GRAN,16
1996-10-03 00:00:00,GRAN,16
1996-10-04 00:00:00,GRAN,15.75
1996-10-07 00:00:00,GRAN,15.5
1996-10-09 00:00:00,GRAN,15.5
1996-10-10 00:00:00,GRAN,15.5
1996-10-14 00:00:00,GRAN,15.5
1996-10-15 00:00:00,GRAN,15.5
1996-10-16 00:00:00,GRAN,16
1996-10-17 00:00:00,GRAN,15.5
1996-10-18 00:00:00,GRAN,15.5
1996-10-21 00:00:00,GRAN,15.75
1996-10-22 00:00:00,GRAN,15.5
1996-10-23 00:00:00,GRAN,15
1996-10-24 00:00:00,GRAN,15
1996-10-25 00:00:00,GRAN,15
1996-10-28 00:00:00,GRAN,14.25
1996-10-29 00:00:00,GRAN,14
1996-10-30 00:00:00,GRAN,14.5
1996-10-31 00:00:00,GRAN,14
1996-11-01 00:00:00,GRAN,14
1996-11-04 00:00:00,GRAN,14
1996-11-05 00:00:00,GRAN,14
1996-11-06 00:00:00,GRAN,14
1996-11-07 00:00:00,GRAN,13.75
1996-11-08 00:00:00,GRAN,14
1996-11-11 00:00:00,GRAN,14
1996-11-12 00:00:00,GRAN,13.5
1996-11-13 00:00:00,GRAN,13.5
1996-11-14 00:00:00,GRAN,13
1996-11-15 00:00:00,GRAN,13
1996-11-18 00:00:00,GRAN,13
1996-11-19 00:00:00,GRAN,13
1996-11-20 00:00:00,GRAN,12.75
1996-11-21 00:00:00,GRAN,12.5
1996-11-22 00:00:00,GRAN,11.25
1996-11-25 00:00:00,GRAN,11
1996-11-26 00:00:00,GRAN,11
1996-11-27 00:00:00,GRAN,10.25
1996-11-28 00:00:00,GRAN,9.25
1996-11-29 00:00:00,GRAN,9.5
1996-12-02 00:00:00,GRAN,10.25
1996-12-03 00:00:00,GRAN,10
1996-12-04 00:00:00,GRAN,10
1996-12-05 00:00:00,GRAN,10
1996-12-06 00:00:00,GRAN,9.75
1996-12-09 00:00:00,GRAN,9.5
1996-12-10 00:00:00,GRAN,9.25
1996-12-11 00:00:00,GRAN,9.5
1996-12-12 00:00:00,GRAN,9.75
1996-12-13 00:00:00,GRAN,10
1996-12-16 00:00:00,GRAN,10
1996-12-17 00:00:00,GRAN,10
1996-12-18 00:00:00,GRAN,10.25
1996-12-19 00:00:00,GRAN,11
1996-12-20 00:00:00,GRAN,11.25
1996-12-23 00:00:00,GRAN,12.25
1996-12-27 00:00:00,GRAN,13.75
1996-12-30 00:00:00,GRAN,13.75
1996-12-31 00:00:00,GRAN,14
1996-01-30 00:00:00,GREG,18
1996-06-20 00:00:00,GREG,17
1996-11-04 00:00:00,GREG,16.5
1996-01-02 00:00:00,GUAR,250.25
1996-01-30 00:00:00,GUAR,237.5
1996-03-15 00:00:00,GUAR,241
1996-04-04 00:00:00,GUAR,0
1996-05-08 00:00:00,GUAR,230
1996-06-25 00:00:00,GUAR,225
1996-07-04 00:00:00,GUAR,0
1996-07-09 00:00:00,GUAR,0
1996-08-29 00:00:00,GUAR,0
1996-09-24 00:00:00,GUAR,213.75
1996-11-27 00:00:00,GUAR,203
1996-11-28 00:00:00,GUAR,193
1996-11-29 00:00:00,GUAR,174.25
1996-12-02 00:00:00,GUAR,165.5
1996-12-03 00:00:00,GUAR,157
1996-12-04 00:00:00,GUAR,149
1996-12-06 00:00:00,GUAR,149
1996-12-10 00:00:00,GUAR,145
1996-12-11 00:00:00,GUAR,145
1996-12-31 00:00:00,GUAR,0
1996-03-05 00:00:00,HARI,143
1996-03-15 00:00:00,HARI,143
1996-03-18 00:00:00,HARI,143
1996-04-23 00:00:00,HARI,145
1996-05-20 00:00:00,HARI,145
1996-07-03 00:00:00,HARI,144.75
1996-07-09 00:00:00,HARI,144.75
1996-07-10 00:00:00,HARI,144
1996-07-15 00:00:00,HARI,145
1996-08-06 00:00:00,HARI,145
1996-08-29 00:00:00,HARI,146
1996-11-04 00:00:00,HARI,145
1996-12-02 00:00:00,HARI,145
1996-12-13 00:00:00,HARI,146.25
1996-01-03 00:00:00,HAYC,67.25
1996-01-08 00:00:00,HAYC,67
1996-01-09 00:00:00,HAYC,67
1996-01-10 00:00:00,HAYC,68
1996-01-11 00:00:00,HAYC,68
1996-01-16 00:00:00,HAYC,69
1996-01-18 00:00:00,HAYC,70
1996-01-26 00:00:00,HAYC,69
1996-01-29 00:00:00,HAYC,69
1996-02-07 00:00:00,HAYC,68
1996-02-08 00:00:00,HAYC,68
1996-02-09 00:00:00,HAYC,68
1996-02-12 00:00:00,HAYC,68
1996-02-13 00:00:00,HAYC,65
1996-02-19 00:00:00,HAYC,61.75
1996-02-22 00:00:00,HAYC,63
1996-02-26 00:00:00,HAYC,63
1996-02-27 00:00:00,HAYC,65
1996-02-29 00:00:00,HAYC,70
1996-03-01 00:00:00,HAYC,71
1996-03-05 00:00:00,HAYC,73
1996-03-06 00:00:00,HAYC,74.75
1996-03-07 00:00:00,HAYC,86
1996-03-08 00:00:00,HAYC,86
1996-03-11 00:00:00,HAYC,84
1996-03-14 00:00:00,HAYC,82
1996-03-15 00:00:00,HAYC,82
1996-03-18 00:00:00,HAYC,82
1996-03-19 00:00:00,HAYC,81
1996-03-20 00:00:00,HAYC,80
1996-03-21 00:00:00,HAYC,80
1996-03-26 00:00:00,HAYC,76
1996-03-27 00:00:00,HAYC,76
1996-03-28 00:00:00,HAYC,76
1996-03-29 00:00:00,HAYC,76
1996-04-01 00:00:00,HAYC,80
1996-04-02 00:00:00,HAYC,80
1996-04-04 00:00:00,HAYC,80
1996-04-09 00:00:00,HAYC,78
1996-04-16 00:00:00,HAYC,80
1996-04-17 00:00:00,HAYC,79
1996-04-23 00:00:00,HAYC,79
1996-04-24 00:00:00,HAYC,78.5
1996-04-25 00:00:00,HAYC,80
1996-04-29 00:00:00,HAYC,80
1996-04-30 00:00:00,HAYC,80
1996-05-07 00:00:00,HAYC,81.25
1996-05-09 00:00:00,HAYC,82.5
1996-05-10 00:00:00,HAYC,84
1996-05-13 00:00:00,HAYC,84
1996-05-14 00:00:00,HAYC,86
1996-05-15 00:00:00,HAYC,85
1996-05-16 00:00:00,HAYC,85
1996-05-20 00:00:00,HAYC,86
1996-05-21 00:00:00,HAYC,87
1996-05-22 00:00:00,HAYC,87
1996-05-23 00:00:00,HAYC,87
1996-05-27 00:00:00,HAYC,87
1996-05-28 00:00:00,HAYC,87
1996-05-29 00:00:00,HAYC,87
1996-05-30 00:00:00,HAYC,87
1996-06-03 00:00:00,HAYC,87
1996-06-04 00:00:00,HAYC,85
1996-06-05 00:00:00,HAYC,85
1996-06-13 00:00:00,HAYC,85.25
1996-06-17 00:00:00,HAYC,85
1996-06-18 00:00:00,HAYC,85
1996-06-19 00:00:00,HAYC,87
1996-06-24 00:00:00,HAYC,90
1996-06-25 00:00:00,HAYC,90
1996-06-27 00:00:00,HAYC,90
1996-07-01 00:00:00,HAYC,85.25
1996-07-02 00:00:00,HAYC,85
1996-07-05 00:00:00,HAYC,89
1996-07-10 00:00:00,HAYC,89
1996-07-15 00:00:00,HAYC,90
1996-07-19 00:00:00,HAYC,88
1996-07-24 00:00:00,HAYC,88
1996-07-26 00:00:00,HAYC,88
1996-08-06 00:00:00,HAYC,88
1996-08-08 00:00:00,HAYC,90
1996-08-09 00:00:00,HAYC,90
1996-08-12 00:00:00,HAYC,90
1996-08-14 00:00:00,HAYC,90
1996-08-16 00:00:00,HAYC,90
1996-08-30 00:00:00,HAYC,90
1996-09-02 00:00:00,HAYC,90
1996-09-04 00:00:00,HAYC,92
1996-09-05 00:00:00,HAYC,92
1996-09-10 00:00:00,HAYC,95
1996-09-11 00:00:00,HAYC,95
1996-09-12 00:00:00,HAYC,95
1996-09-16 00:00:00,HAYC,95
1996-09-17 00:00:00,HAYC,95
1996-09-25 00:00:00,HAYC,75
1996-09-27 00:00:00,HAYC,75
1996-10-02 00:00:00,HAYC,75
1996-10-04 00:00:00,HAYC,75
1996-10-07 00:00:00,HAYC,75
1996-10-10 00:00:00,HAYC,75
1996-10-14 00:00:00,HAYC,77
1996-10-18 00:00:00,HAYC,77
1996-10-22 00:00:00,HAYC,77
1996-10-23 00:00:00,HAYC,77
1996-10-24 00:00:00,HAYC,76.75
1996-10-28 00:00:00,HAYC,75.5
1996-10-30 00:00:00,HAYC,74.5
1996-11-01 00:00:00,HAYC,74.5
1996-11-04 00:00:00,HAYC,75
1996-11-05 00:00:00,HAYC,74.5
1996-11-06 00:00:00,HAYC,74.5
1996-11-08 00:00:00,HAYC,78
1996-11-11 00:00:00,HAYC,80
1996-11-12 00:00:00,HAYC,85
1996-11-14 00:00:00,HAYC,85
1996-11-18 00:00:00,HAYC,81
1996-11-19 00:00:00,HAYC,81
1996-11-20 00:00:00,HAYC,80.75
1996-11-21 00:00:00,HAYC,80.75
1996-11-22 00:00:00,HAYC,80.5
1996-11-25 00:00:00,HAYC,80.75
1996-11-26 00:00:00,HAYC,80.75
1996-11-27 00:00:00,HAYC,78.5
1996-11-28 00:00:00,HAYC,75.75
1996-11-29 00:00:00,HAYC,78
1996-12-02 00:00:00,HAYC,79
1996-12-04 00:00:00,HAYC,77
1996-12-05 00:00:00,HAYC,77.25
1996-12-06 00:00:00,HAYC,77
1996-12-09 00:00:00,HAYC,77.25
1996-12-10 00:00:00,HAYC,78
1996-12-11 00:00:00,HAYC,77
1996-12-12 00:00:00,HAYC,77
1996-12-13 00:00:00,HAYC,77
1996-12-18 00:00:00,HAYC,76
1996-12-19 00:00:00,HAYC,77
1996-12-20 00:00:00,HAYC,76
1996-12-23 00:00:00,HAYC,76
1996-12-27 00:00:00,HAYC,75
1996-12-31 00:00:00,HAYC,76
1996-01-03 00:00:00,HAYL,175.25
1996-01-04 00:00:00,HAYL,174
1996-01-09 00:00:00,HAYL,185
1996-01-10 00:00:00,HAYL,184.5
1996-01-11 00:00:00,HAYL,188
1996-01-12 00:00:00,HAYL,195
1996-01-16 00:00:00,HAYL,195
1996-01-17 00:00:00,HAYL,195
1996-01-18 00:00:00,HAYL,190
1996-01-19 00:00:00,HAYL,185
1996-01-22 00:00:00,HAYL,190
1996-01-23 00:00:00,HAYL,190
1996-01-24 00:00:00,HAYL,189.75
1996-01-25 00:00:00,HAYL,190
1996-01-29 00:00:00,HAYL,185
1996-01-30 00:00:00,HAYL,195
1996-01-31 00:00:00,HAYL,195
1996-02-01 00:00:00,HAYL,197.5
1996-02-02 00:00:00,HAYL,200
1996-02-06 00:00:00,HAYL,201.75
1996-02-07 00:00:00,HAYL,201
1996-02-08 00:00:00,HAYL,195
1996-02-12 00:00:00,HAYL,205
1996-02-13 00:00:00,HAYL,210
1996-02-14 00:00:00,HAYL,210
1996-02-15 00:00:00,HAYL,210
1996-02-16 00:00:00,HAYL,210
1996-02-19 00:00:00,HAYL,205
1996-02-21 00:00:00,HAYL,210
1996-02-22 00:00:00,HAYL,224
1996-02-23 00:00:00,HAYL,224
1996-02-26 00:00:00,HAYL,224
1996-02-27 00:00:00,HAYL,224
1996-02-28 00:00:00,HAYL,225
1996-02-29 00:00:00,HAYL,225
1996-03-01 00:00:00,HAYL,230
1996-03-05 00:00:00,HAYL,231
1996-03-06 00:00:00,HAYL,236
1996-03-07 00:00:00,HAYL,240
1996-03-08 00:00:00,HAYL,240
1996-03-11 00:00:00,HAYL,244.75
1996-03-12 00:00:00,HAYL,240
1996-03-13 00:00:00,HAYL,238.5
1996-03-14 00:00:00,HAYL,239
1996-03-15 00:00:00,HAYL,235.5
1996-03-20 00:00:00,HAYL,223.5
1996-03-21 00:00:00,HAYL,213
1996-03-22 00:00:00,HAYL,214
1996-03-25 00:00:00,HAYL,211
1996-03-26 00:00:00,HAYL,213.5
1996-03-27 00:00:00,HAYL,213.5
1996-03-28 00:00:00,HAYL,213.5
1996-03-29 00:00:00,HAYL,213.5
1996-04-01 00:00:00,HAYL,211.75
1996-04-08 00:00:00,HAYL,205
1996-04-09 00:00:00,HAYL,198
1996-04-10 00:00:00,HAYL,195.25
1996-04-15 00:00:00,HAYL,190
1996-04-16 00:00:00,HAYL,190.75
1996-04-17 00:00:00,HAYL,190
1996-04-22 00:00:00,HAYL,192
1996-04-23 00:00:00,HAYL,192
1996-04-24 00:00:00,HAYL,191.25
1996-04-25 00:00:00,HAYL,191.25
1996-04-26 00:00:00,HAYL,191
1996-05-06 00:00:00,HAYL,193
1996-05-08 00:00:00,HAYL,193
1996-05-15 00:00:00,HAYL,198
1996-05-16 00:00:00,HAYL,199
1996-05-17 00:00:00,HAYL,200
1996-05-20 00:00:00,HAYL,200
1996-05-21 00:00:00,HAYL,198
1996-05-23 00:00:00,HAYL,198
1996-05-24 00:00:00,HAYL,200
1996-05-28 00:00:00,HAYL,200
1996-05-29 00:00:00,HAYL,200
1996-05-30 00:00:00,HAYL,200
1996-06-04 00:00:00,HAYL,200
1996-06-05 00:00:00,HAYL,200
1996-06-06 00:00:00,HAYL,200
1996-06-07 00:00:00,HAYL,200
1996-06-11 00:00:00,HAYL,198
1996-06-12 00:00:00,HAYL,198
1996-06-14 00:00:00,HAYL,198
1996-06-17 00:00:00,HAYL,198
1996-06-18 00:00:00,HAYL,198
1996-06-19 00:00:00,HAYL,198
1996-06-21 00:00:00,HAYL,198
1996-06-24 00:00:00,HAYL,191.25
1996-06-25 00:00:00,HAYL,193
1996-06-26 00:00:00,HAYL,193
1996-06-27 00:00:00,HAYL,190
1996-06-28 00:00:00,HAYL,188
1996-07-01 00:00:00,HAYL,188
1996-07-02 00:00:00,HAYL,190
1996-07-03 00:00:00,HAYL,190
1996-07-05 00:00:00,HAYL,190
1996-07-08 00:00:00,HAYL,190
1996-07-09 00:00:00,HAYL,190
1996-07-10 00:00:00,HAYL,190.25
1996-07-11 00:00:00,HAYL,190
1996-07-12 00:00:00,HAYL,190
1996-07-15 00:00:00,HAYL,190
1996-07-16 00:00:00,HAYL,185
1996-07-17 00:00:00,HAYL,185
1996-07-18 00:00:00,HAYL,190
1996-07-22 00:00:00,HAYL,190
1996-07-24 00:00:00,HAYL,184
1996-07-25 00:00:00,HAYL,182
1996-07-26 00:00:00,HAYL,172
1996-07-31 00:00:00,HAYL,172.25
1996-08-02 00:00:00,HAYL,175
1996-08-05 00:00:00,HAYL,175
1996-08-06 00:00:00,HAYL,175
1996-08-07 00:00:00,HAYL,175
1996-08-08 00:00:00,HAYL,180
1996-08-09 00:00:00,HAYL,180
1996-08-12 00:00:00,HAYL,180
1996-08-15 00:00:00,HAYL,180
1996-08-20 00:00:00,HAYL,175
1996-08-21 00:00:00,HAYL,175.25
1996-08-22 00:00:00,HAYL,175
1996-08-23 00:00:00,HAYL,180
1996-08-26 00:00:00,HAYL,180
1996-08-30 00:00:00,HAYL,180
1996-09-02 00:00:00,HAYL,180
1996-09-03 00:00:00,HAYL,183
1996-09-04 00:00:00,HAYL,183
1996-09-05 00:00:00,HAYL,183
1996-09-06 00:00:00,HAYL,183
1996-09-10 00:00:00,HAYL,185
1996-09-11 00:00:00,HAYL,185
1996-09-12 00:00:00,HAYL,185
1996-09-13 00:00:00,HAYL,185
1996-09-17 00:00:00,HAYL,190
1996-09-18 00:00:00,HAYL,191
1996-09-23 00:00:00,HAYL,192
1996-09-24 00:00:00,HAYL,195
1996-09-30 00:00:00,HAYL,193
1996-10-01 00:00:00,HAYL,205
1996-10-02 00:00:00,HAYL,205
1996-10-03 00:00:00,HAYL,205
1996-10-04 00:00:00,HAYL,205.5
1996-10-07 00:00:00,HAYL,206
1996-10-08 00:00:00,HAYL,206
1996-10-09 00:00:00,HAYL,206
1996-10-11 00:00:00,HAYL,206
1996-10-15 00:00:00,HAYL,186
1996-10-16 00:00:00,HAYL,187
1996-10-17 00:00:00,HAYL,190
1996-10-18 00:00:00,HAYL,191
1996-10-21 00:00:00,HAYL,195
1996-10-22 00:00:00,HAYL,195
1996-10-23 00:00:00,HAYL,195
1996-10-24 00:00:00,HAYL,195
1996-10-28 00:00:00,HAYL,191.5
1996-10-29 00:00:00,HAYL,190
1996-10-30 00:00:00,HAYL,186
1996-10-31 00:00:00,HAYL,188
1996-11-01 00:00:00,HAYL,190
1996-11-05 00:00:00,HAYL,190
1996-11-06 00:00:00,HAYL,190
1996-11-07 00:00:00,HAYL,190
1996-11-08 00:00:00,HAYL,190
1996-11-11 00:00:00,HAYL,190
1996-11-12 00:00:00,HAYL,190
1996-11-19 00:00:00,HAYL,190
1996-11-21 00:00:00,HAYL,189
1996-11-22 00:00:00,HAYL,189.75
1996-11-25 00:00:00,HAYL,189.75
1996-11-26 00:00:00,HAYL,189.75
1996-11-27 00:00:00,HAYL,189.75
1996-11-28 00:00:00,HAYL,189
1996-12-02 00:00:00,HAYL,185
1996-12-03 00:00:00,HAYL,180
1996-12-04 00:00:00,HAYL,175
1996-12-05 00:00:00,HAYL,177
1996-12-06 00:00:00,HAYL,177
1996-12-09 00:00:00,HAYL,177
1996-12-10 00:00:00,HAYL,175
1996-12-11 00:00:00,HAYL,177
1996-12-12 00:00:00,HAYL,177
1996-12-13 00:00:00,HAYL,177
1996-12-16 00:00:00,HAYL,177
1996-12-17 00:00:00,HAYL,175
1996-12-19 00:00:00,HAYL,177
1996-12-27 00:00:00,HAYL,177
1996-12-30 00:00:00,HAYL,180
1996-12-31 00:00:00,HAYL,180
1996-02-20 00:00:00,HDEV,10
1996-02-22 00:00:00,HDEV,8.5
1996-02-23 00:00:00,HDEV,8
1996-02-26 00:00:00,HDEV,8
1996-02-29 00:00:00,HDEV,7.5
1996-03-07 00:00:00,HDEV,8
1996-04-22 00:00:00,HDEV,8
1996-04-26 00:00:00,HDEV,8
1996-05-09 00:00:00,HDEV,7
1996-05-10 00:00:00,HDEV,7.75
1996-05-14 00:00:00,HDEV,0
1996-05-15 00:00:00,HDEV,7.75
1996-06-04 00:00:00,HDEV,7.25
1996-06-06 00:00:00,HDEV,7.25
1996-06-11 00:00:00,HDEV,7
1996-06-17 00:00:00,HDEV,7.25
1996-06-25 00:00:00,HDEV,6.75
1996-07-01 00:00:00,HDEV,0
1996-07-03 00:00:00,HDEV,7.5
1996-07-19 00:00:00,HDEV,0
1996-08-13 00:00:00,HDEV,8.5
1996-08-16 00:00:00,HDEV,8.5
1996-08-19 00:00:00,HDEV,8.25
1996-08-21 00:00:00,HDEV,8.5
1996-08-22 00:00:00,HDEV,8.5
1996-09-10 00:00:00,HDEV,0
SECURITY_DA,COMP,CLOSE_PRICE
-----------,----,-----------
1996-09-12 00:00:00,HDEV,8.5
1996-10-04 00:00:00,HDEV,8.5
1996-10-10 00:00:00,HDEV,8.75
1996-10-28 00:00:00,HDEV,8.75
1996-10-30 00:00:00,HDEV,8.75
1996-11-19 00:00:00,HDEV,0
1996-11-22 00:00:00,HDEV,9
1996-12-11 00:00:00,HDEV,8.5
1996-12-18 00:00:00,HDEV,9
1996-12-20 00:00:00,HDEV,0
1996-12-31 00:00:00,HDEV,9.25
1996-01-10 00:00:00,HEXP,34
1996-01-11 00:00:00,HEXP,34
1996-01-22 00:00:00,HEXP,34.5
1996-01-23 00:00:00,HEXP,34.5
1996-01-25 00:00:00,HEXP,34.5
1996-01-26 00:00:00,HEXP,36
1996-01-30 00:00:00,HEXP,36
1996-02-09 00:00:00,HEXP,35
1996-02-12 00:00:00,HEXP,34.5
1996-02-13 00:00:00,HEXP,33
SECURITY_DA,COMP,CLOSE_PRICE
-----------,----,-----------
1996-02-14 00:00:00,HEXP,33
1996-02-16 00:00:00,HEXP,33.5
1996-02-26 00:00:00,HEXP,33
1996-02-29 00:00:00,HEXP,34
1996-03-05 00:00:00,HEXP,34
1996-03-07 00:00:00,HEXP,35
1996-03-08 00:00:00,HEXP,36
1996-03-11 00:00:00,HEXP,36.5
1996-03-13 00:00:00,HEXP,37
1996-03-14 00:00:00,HEXP,37
1996-03-15 00:00:00,HEXP,37
1996-03-19 00:00:00,HEXP,39
1996-03-20 00:00:00,HEXP,38.5
1996-03-21 00:00:00,HEXP,37.5
1996-03-25 00:00:00,HEXP,38
1996-03-27 00:00:00,HEXP,38
1996-03-29 00:00:00,HEXP,38
1996-04-01 00:00:00,HEXP,38
1996-04-04 00:00:00,HEXP,38.5
1996-04-09 00:00:00,HEXP,38
1996-04-15 00:00:00,HEXP,38
SECURITY_DA,COMP,CLOSE_PRICE
-----------,----,-----------
1996-04-17 00:00:00,HEXP,38
1996-04-24 00:00:00,HEXP,38
1996-04-25 00:00:00,HEXP,38
1996-05-06 00:00:00,HEXP,38
1996-05-08 00:00:00,HEXP,40
1996-05-09 00:00:00,HEXP,40
1996-05-10 00:00:00,HEXP,39
1996-05-13 00:00:00,HEXP,42
1996-05-14 00:00:00,HEXP,40
1996-05-17 00:00:00,HEXP,41
1996-05-20 00:00:00,HEXP,41
1996-05-21 00:00:00,HEXP,40
1996-05-24 00:00:00,HEXP,40.75
1996-05-28 00:00:00,HEXP,41
1996-05-29 00:00:00,HEXP,41
1996-06-03 00:00:00,HEXP,41
1996-06-04 00:00:00,HEXP,41
1996-06-07 00:00:00,HEXP,41
1996-06-11 00:00:00,HEXP,42
1996-06-13 00:00:00,HEXP,43.5
1996-06-17 00:00:00,HEXP,43.75
SECURITY_DA,COMP,CLOSE_PRICE
-----------,----,-----------
1996-06-18 00:00:00,HEXP,45.5
1996-06-19 00:00:00,HEXP,44
1996-06-25 00:00:00,HEXP,45
1996-06-26 00:00:00,HEXP,45.5
1996-06-27 00:00:00,HEXP,45
1996-06-28 00:00:00,HEXP,45.25
1996-07-05 00:00:00,HEXP,52.5
1996-07-10 00:00:00,HEXP,51
1996-07-11 00:00:00,HEXP,51
1996-07-12 00:00:00,HEXP,51.25
1996-07-15 00:00:00,HEXP,51.25
1996-07-16 00:00:00,HEXP,53
1996-07-17 00:00:00,HEXP,51.75
1996-07-18 00:00:00,HEXP,52
1996-07-19 00:00:00,HEXP,51
1996-07-22 00:00:00,HEXP,50
1996-07-25 00:00:00,HEXP,47
1996-07-26 00:00:00,HEXP,46
1996-07-31 00:00:00,HEXP,45
1996-08-01 00:00:00,HEXP,45
1996-08-06 00:00:00,HEXP,46.25
SECURITY_DA,COMP,CLOSE_PRICE
-----------,----,-----------
1996-08-08 00:00:00,HEXP,50
1996-08-12 00:00:00,HEXP,53.5
1996-08-13 00:00:00,HEXP,53.5
1996-08-20 00:00:00,HEXP,44.25
1996-08-22 00:00:00,HEXP,45
1996-09-06 00:00:00,HEXP,0
1996-09-10 00:00:00,HEXP,45
1996-09-11 00:00:00,HEXP,45
1996-09-13 00:00:00,HEXP,44
1996-09-16 00:00:00,HEXP,42.75
1996-09-17 00:00:00,HEXP,43.5
1996-09-18 00:00:00,HEXP,44
1996-10-01 00:00:00,HEXP,45.5
1996-10-02 00:00:00,HEXP,47
1996-10-09 00:00:00,HEXP,47.25
1996-10-11 00:00:00,HEXP,0
1996-10-15 00:00:00,HEXP,48
1996-10-21 00:00:00,HEXP,49
1996-10-24 00:00:00,HEXP,0
1996-10-28 00:00:00,HEXP,49.25
1996-10-29 00:00:00,HEXP,49
SECURITY_DA,COMP,CLOSE_PRICE
-----------,----,-----------
1996-10-30 00:00:00,HEXP,0
1996-11-04 00:00:00,HEXP,51
1996-11-05 00:00:00,HEXP,51
1996-11-06 00:00:00,HEXP,52
1996-11-08 00:00:00,HEXP,53
1996-11-11 00:00:00,HEXP,53.5
1996-11-12 00:00:00,HEXP,53
1996-11-13 00:00:00,HEXP,52.5
1996-11-15 00:00:00,HEXP,52.25
1996-11-18 00:00:00,HEXP,52
1996-11-19 00:00:00,HEXP,52
1996-11-20 00:00:00,HEXP,52
1996-11-21 00:00:00,HEXP,52
1996-11-22 00:00:00,HEXP,52.5
1996-11-26 00:00:00,HEXP,51
1996-11-28 00:00:00,HEXP,50
1996-11-29 00:00:00,HEXP,50.5
1996-12-02 00:00:00,HEXP,50.25
1996-12-03 00:00:00,HEXP,0
1996-12-04 00:00:00,HEXP,50.5
1996-12-05 00:00:00,HEXP,51
SECURITY_DA,COMP,CLOSE_PRICE
-----------,----,-----------
1996-12-09 00:00:00,HEXP,0
1996-12-10 00:00:00,HEXP,50
1996-12-13 00:00:00,HEXP,50
1996-12-27 00:00:00,HEXP,49
1996-12-31 00:00:00,HEXP,49
1996-01-04 00:00:00,HINN,30
1996-02-29 00:00:00,HINN,25
1996-03-08 00:00:00,HINN,25
1996-03-28 00:00:00,HINN,21
1996-04-30 00:00:00,HINN,21
1996-06-20 00:00:00,HINN,21
1996-06-21 00:00:00,HINN,20
1996-06-24 00:00:00,HINN,20
1996-07-04 00:00:00,HINN,10
1996-07-05 00:00:00,HINN,11
1996-07-25 00:00:00,HINN,12
1996-07-26 00:00:00,HINN,13
1996-08-08 00:00:00,HINN,13.25
1996-08-14 00:00:00,HINN,13.5
1996-08-19 00:00:00,HINN,0
1996-09-05 00:00:00,HINN,0
SECURITY_DA,COMP,CLOSE_PRICE
-----------,----,-----------
1996-09-10 00:00:00,HINN,14.5
1996-09-11 00:00:00,HINN,15
1996-09-16 00:00:00,HINN,15
1996-09-17 00:00:00,HINN,15.25
1996-09-19 00:00:00,HINN,16
1996-09-27 00:00:00,HINN,16.25
1996-11-01 00:00:00,HINN,22.75
1996-11-04 00:00:00,HINN,0
1996-11-22 00:00:00,HINN,19.75
1996-11-29 00:00:00,HINN,16
1996-12-13 00:00:00,HINN,16
1996-12-18 00:00:00,HINN,16
1996-02-12 00:00:00,HLOG,23.25
1996-03-01 00:00:00,HLOG,0
1996-03-18 00:00:00,HLOG,21.75
1996-04-01 00:00:00,HLOG,15
1996-04-08 00:00:00,HLOG,0
1996-04-22 00:00:00,HLOG,15
1996-04-23 00:00:00,HLOG,15
1996-05-07 00:00:00,HLOG,0
1996-05-08 00:00:00,HLOG,15.5
SECURITY_DA,COMP,CLOSE_PRICE
-----------,----,-----------
1996-05-14 00:00:00,HLOG,0
1996-05-21 00:00:00,HLOG,0
1996-06-19 00:00:00,HLOG,15
1996-06-24 00:00:00,HLOG,0
1996-06-25 00:00:00,HLOG,15.25
1996-07-01 00:00:00,HLOG,0
1996-07-03 00:00:00,HLOG,15.5
1996-07-24 00:00:00,HLOG,15.5
1996-07-25 00:00:00,HLOG,15
1996-08-23 00:00:00,HLOG,15
1996-09-04 00:00:00,HLOG,15
1996-09-05 00:00:00,HLOG,0
1996-09-18 00:00:00,HLOG,14
1996-09-20 00:00:00,HLOG,15
1996-09-23 00:00:00,HLOG,15
1996-09-24 00:00:00,HLOG,15
1996-09-27 00:00:00,HLOG,14.5
1996-09-30 00:00:00,HLOG,14
1996-10-01 00:00:00,HLOG,14
1996-10-03 00:00:00,HLOG,14
1996-10-17 00:00:00,HLOG,14.5
SECURITY_DA,COMP,CLOSE_PRICE
-----------,----,-----------
1996-10-22 00:00:00,HLOG,14.5
1996-10-29 00:00:00,HLOG,14.5
1996-10-30 00:00:00,HLOG,0
1996-11-05 00:00:00,HLOG,0
1996-11-07 00:00:00,HLOG,15
1996-11-12 00:00:00,HLOG,15
1996-11-13 00:00:00,HLOG,14.25
1996-11-15 00:00:00,HLOG,14.5
1996-11-25 00:00:00,HLOG,0
1996-11-29 00:00:00,HLOG,14.5
1996-12-04 00:00:00,HLOG,15
1996-12-31 00:00:00,HLOG,14
1996-01-02 00:00:00,HNB,579
1996-01-03 00:00:00,HNB,578
1996-01-04 00:00:00,HNB,575
1996-01-08 00:00:00,HNB,580
1996-01-09 00:00:00,HNB,565
1996-01-10 00:00:00,HNB,565
1996-01-11 00:00:00,HNB,575
1996-01-12 00:00:00,HNB,575
1996-01-16 00:00:00,HNB,575
1996-01-17 00:00:00,HNB,575
1996-01-18 00:00:00,HNB,575
1996-01-22 00:00:00,HNB,595
1996-01-23 00:00:00,HNB,590
1996-01-24 00:00:00,HNB,350.25
1996-01-25 00:00:00,HNB,370
1996-01-26 00:00:00,HNB,370
1996-01-29 00:00:00,HNB,375
1996-01-30 00:00:00,HNB,370
1996-01-31 00:00:00,HNB,370
1996-02-02 00:00:00,HNB,370
1996-02-06 00:00:00,HNB,370
1996-02-07 00:00:00,HNB,365
1996-02-08 00:00:00,HNB,350.25
1996-02-09 00:00:00,HNB,360
1996-02-12 00:00:00,HNB,355
1996-02-14 00:00:00,HNB,355
1996-02-15 00:00:00,HNB,365
1996-02-16 00:00:00,HNB,360
1996-02-19 00:00:00,HNB,360
1996-02-21 00:00:00,HNB,360
1996-02-22 00:00:00,HNB,356
1996-02-23 00:00:00,HNB,356
1996-02-26 00:00:00,HNB,355
1996-02-27 00:00:00,HNB,360
1996-02-28 00:00:00,HNB,360
1996-02-29 00:00:00,HNB,360
1996-03-05 00:00:00,HNB,360
1996-03-06 00:00:00,HNB,360
1996-03-07 00:00:00,HNB,358
1996-03-11 00:00:00,HNB,360
1996-03-12 00:00:00,HNB,360
1996-03-13 00:00:00,HNB,360
1996-03-14 00:00:00,HNB,359.75
1996-03-15 00:00:00,HNB,359.75
1996-03-18 00:00:00,HNB,359.75
1996-03-19 00:00:00,HNB,345
1996-03-20 00:00:00,HNB,345
1996-03-21 00:00:00,HNB,340
1996-03-22 00:00:00,HNB,335
1996-03-25 00:00:00,HNB,335
1996-03-26 00:00:00,HNB,330
1996-03-27 00:00:00,HNB,320
1996-03-28 00:00:00,HNB,313
1996-03-29 00:00:00,HNB,307
1996-04-01 00:00:00,HNB,305
1996-04-02 00:00:00,HNB,305
1996-04-04 00:00:00,HNB,300.25
1996-04-08 00:00:00,HNB,301
1996-04-09 00:00:00,HNB,303
1996-04-10 00:00:00,HNB,305
1996-04-16 00:00:00,HNB,306
1996-04-17 00:00:00,HNB,306
1996-04-18 00:00:00,HNB,307
1996-04-19 00:00:00,HNB,305
1996-04-22 00:00:00,HNB,305
1996-04-23 00:00:00,HNB,305
1996-04-24 00:00:00,HNB,305
1996-04-25 00:00:00,HNB,302
1996-04-30 00:00:00,HNB,303
1996-05-06 00:00:00,HNB,301
1996-05-07 00:00:00,HNB,301
1996-05-08 00:00:00,HNB,300
1996-05-09 00:00:00,HNB,300
1996-05-10 00:00:00,HNB,299.75
1996-05-13 00:00:00,HNB,290
1996-05-14 00:00:00,HNB,280
1996-05-15 00:00:00,HNB,280
1996-05-16 00:00:00,HNB,281
1996-05-17 00:00:00,HNB,281.5
1996-05-20 00:00:00,HNB,282.25
1996-05-21 00:00:00,HNB,283
1996-05-24 00:00:00,HNB,279.25
1996-05-28 00:00:00,HNB,280
1996-05-29 00:00:00,HNB,276
1996-05-30 00:00:00,HNB,271
1996-06-04 00:00:00,HNB,260
1996-06-05 00:00:00,HNB,260
1996-06-06 00:00:00,HNB,260
1996-06-07 00:00:00,HNB,255
1996-06-10 00:00:00,HNB,255
1996-06-11 00:00:00,HNB,255
1996-06-13 00:00:00,HNB,245
1996-06-14 00:00:00,HNB,240
1996-06-17 00:00:00,HNB,232
1996-06-18 00:00:00,HNB,220
1996-06-19 00:00:00,HNB,215.5
1996-06-20 00:00:00,HNB,215
1996-06-21 00:00:00,HNB,215
1996-06-24 00:00:00,HNB,215
1996-06-25 00:00:00,HNB,215.25
1996-06-26 00:00:00,HNB,216
1996-06-27 00:00:00,HNB,215.75
1996-06-28 00:00:00,HNB,216
1996-07-01 00:00:00,HNB,215.5
1996-07-02 00:00:00,HNB,216.5
1996-07-03 00:00:00,HNB,220
1996-07-04 00:00:00,HNB,220
1996-07-05 00:00:00,HNB,220
1996-07-08 00:00:00,HNB,219
1996-07-09 00:00:00,HNB,215.5
1996-07-10 00:00:00,HNB,215
1996-07-11 00:00:00,HNB,215
1996-07-12 00:00:00,HNB,215
1996-07-16 00:00:00,HNB,205
1996-07-17 00:00:00,HNB,200
1996-07-18 00:00:00,HNB,200
1996-07-22 00:00:00,HNB,200
1996-07-24 00:00:00,HNB,200
1996-07-25 00:00:00,HNB,200
1996-07-26 00:00:00,HNB,200
1996-07-31 00:00:00,HNB,200
1996-08-02 00:00:00,HNB,198.75
1996-08-05 00:00:00,HNB,195
1996-08-06 00:00:00,HNB,195
1996-08-08 00:00:00,HNB,200
1996-08-09 00:00:00,HNB,203
1996-08-12 00:00:00,HNB,203
1996-08-13 00:00:00,HNB,200
1996-08-16 00:00:00,HNB,200
1996-08-19 00:00:00,HNB,200
1996-08-20 00:00:00,HNB,200
1996-08-21 00:00:00,HNB,200
1996-08-22 00:00:00,HNB,200
1996-08-23 00:00:00,HNB,200
1996-08-29 00:00:00,HNB,200
1996-08-30 00:00:00,HNB,195
1996-09-02 00:00:00,HNB,200
1996-09-03 00:00:00,HNB,200
1996-09-04 00:00:00,HNB,200
1996-09-05 00:00:00,HNB,200
1996-09-06 00:00:00,HNB,200
1996-09-10 00:00:00,HNB,200
1996-09-11 00:00:00,HNB,200
1996-09-12 00:00:00,HNB,200
1996-09-13 00:00:00,HNB,200
1996-09-16 00:00:00,HNB,200
1996-09-17 00:00:00,HNB,200
1996-09-18 00:00:00,HNB,200
1996-09-19 00:00:00,HNB,200
1996-09-20 00:00:00,HNB,200
1996-09-24 00:00:00,HNB,200
1996-09-27 00:00:00,HNB,200
1996-09-30 00:00:00,HNB,200
1996-10-01 00:00:00,HNB,200
1996-10-02 00:00:00,HNB,200
1996-10-03 00:00:00,HNB,205
1996-10-04 00:00:00,HNB,205
1996-10-07 00:00:00,HNB,205
1996-10-08 00:00:00,HNB,205
1996-10-11 00:00:00,HNB,200
1996-10-14 00:00:00,HNB,200
1996-10-15 00:00:00,HNB,206
1996-10-16 00:00:00,HNB,206
1996-10-17 00:00:00,HNB,210
1996-10-18 00:00:00,HNB,210
1996-10-23 00:00:00,HNB,215
1996-10-24 00:00:00,HNB,215
1996-10-25 00:00:00,HNB,215
1996-10-28 00:00:00,HNB,215.25
1996-10-29 00:00:00,HNB,225
1996-10-30 00:00:00,HNB,225
1996-10-31 00:00:00,HNB,235
1996-11-01 00:00:00,HNB,235
1996-11-04 00:00:00,HNB,248
1996-11-05 00:00:00,HNB,248
1996-11-06 00:00:00,HNB,250
1996-11-07 00:00:00,HNB,248
1996-11-12 00:00:00,HNB,248
1996-11-14 00:00:00,HNB,248
1996-11-18 00:00:00,HNB,240
1996-11-19 00:00:00,HNB,240
1996-11-20 00:00:00,HNB,240
1996-11-21 00:00:00,HNB,240
1996-11-22 00:00:00,HNB,235
1996-11-25 00:00:00,HNB,235
1996-11-28 00:00:00,HNB,230
1996-11-29 00:00:00,HNB,232
1996-12-02 00:00:00,HNB,230
1996-12-03 00:00:00,HNB,230
1996-12-05 00:00:00,HNB,240
1996-12-06 00:00:00,HNB,245
1996-12-09 00:00:00,HNB,240
1996-12-10 00:00:00,HNB,240
1996-12-11 00:00:00,HNB,240
1996-12-12 00:00:00,HNB,235
1996-12-16 00:00:00,HNB,225
1996-12-17 00:00:00,HNB,232
1996-12-18 00:00:00,HNB,235
1996-12-19 00:00:00,HNB,235
1996-12-20 00:00:00,HNB,240
1996-12-27 00:00:00,HNB,250
1996-12-30 00:00:00,HNB,250
1996-12-31 00:00:00,HNB,260
1996-09-19 00:00:00,HOPL,27
1996-09-20 00:00:00,HOPL,26
1996-09-27 00:00:00,HOPL,26
1996-10-08 00:00:00,HOPL,25
1996-10-11 00:00:00,HOPL,26.25
1996-10-14 00:00:00,HOPL,25
1996-11-01 00:00:00,HOPL,25
1996-11-04 00:00:00,HOPL,24.75
1996-11-05 00:00:00,HOPL,25
1996-11-06 00:00:00,HOPL,25
1996-11-07 00:00:00,HOPL,25
1996-11-08 00:00:00,HOPL,25
1996-11-11 00:00:00,HOPL,25
1996-11-12 00:00:00,HOPL,25
1996-11-18 00:00:00,HOPL,25
1996-11-19 00:00:00,HOPL,24.5
SECURITY_DA,COMP,CLOSE_PRICE
-----------,----,-----------
1996-11-20 00:00:00,HOPL,25
1996-11-21 00:00:00,HOPL,24.5
1996-11-28 00:00:00,HOPL,24.25
1996-12-06 00:00:00,HOPL,23.75
1996-12-10 00:00:00,HOPL,24
1996-12-16 00:00:00,HOPL,24
1996-12-18 00:00:00,HOPL,24
1996-01-02 00:00:00,HPP,37
1996-01-04 00:00:00,HPP,35
1996-01-30 00:00:00,HPP,33
1996-02-13 00:00:00,HPP,31
1996-02-23 00:00:00,HPP,28.25
1996-02-29 00:00:00,HPP,26.5
1996-03-01 00:00:00,HPP,25
1996-04-09 00:00:00,HPP,24
1996-04-15 00:00:00,HPP,24.5
1996-04-24 00:00:00,HPP,24.5
1996-04-26 00:00:00,HPP,25
1996-05-06 00:00:00,HPP,25
1996-05-07 00:00:00,HPP,24
1996-05-16 00:00:00,HPP,25
SECURITY_DA,COMP,CLOSE_PRICE
-----------,----,-----------
1996-05-27 00:00:00,HPP,25
1996-06-06 00:00:00,HPP,24
1996-09-09 00:00:00,HPP,24
1996-09-10 00:00:00,HPP,24
1996-09-18 00:00:00,HPP,25
1996-09-19 00:00:00,HPP,24.5
1996-11-22 00:00:00,HPP,23.75
1996-12-04 00:00:00,HPP,20.75
1996-12-05 00:00:00,HPP,21
1996-12-13 00:00:00,HPP,21
1996-12-16 00:00:00,HPP,19.75
1996-12-18 00:00:00,HPP,19
1996-12-19 00:00:00,HPP,19
1996-12-20 00:00:00,HPP,19.5
1996-01-02 00:00:00,HSIG,19
1996-02-08 00:00:00,HSIG,18.5
1996-02-14 00:00:00,HSIG,0
1996-04-04 00:00:00,HSIG,0
1996-06-25 00:00:00,HSIG,0
1996-11-22 00:00:00,HSIG,18
1996-11-28 00:00:00,HSIG,17
SECURITY_DA,COMP,CLOSE_PRICE
-----------,----,-----------
1996-01-02 00:00:00,HTEC,25.5
1996-01-04 00:00:00,HTEC,25
1996-02-19 00:00:00,HTEC,25
1996-05-20 00:00:00,HTEC,25.5
1996-11-22 00:00:00,HTEC,24
1996-07-03 00:00:00,HUEJ,41
1996-01-02 00:00:00,HUNA,13.5
1996-01-04 00:00:00,HUNA,13.5
1996-01-08 00:00:00,HUNA,13.5
1996-01-09 00:00:00,HUNA,13.5
1996-01-16 00:00:00,HUNA,13.5
1996-01-18 00:00:00,HUNA,14.25
1996-01-22 00:00:00,HUNA,0
1996-01-25 00:00:00,HUNA,13.5
1996-01-30 00:00:00,HUNA,13
1996-02-06 00:00:00,HUNA,0
1996-02-15 00:00:00,HUNA,0
1996-02-21 00:00:00,HUNA,0
1996-02-28 00:00:00,HUNA,11.25
1996-02-29 00:00:00,HUNA,10.5
1996-03-01 00:00:00,HUNA,10.25
SECURITY_DA,COMP,CLOSE_PRICE
-----------,----,-----------
1996-03-07 00:00:00,HUNA,9.5
1996-03-08 00:00:00,HUNA,9.5
1996-03-11 00:00:00,HUNA,10
1996-03-12 00:00:00,HUNA,9.75
1996-03-13 00:00:00,HUNA,9.75
1996-03-14 00:00:00,HUNA,10
1996-03-15 00:00:00,HUNA,10.75
1996-03-19 00:00:00,HUNA,10
1996-03-20 00:00:00,HUNA,10
1996-03-21 00:00:00,HUNA,10
1996-03-22 00:00:00,HUNA,10
1996-03-25 00:00:00,HUNA,10
1996-03-26 00:00:00,HUNA,10
1996-03-28 00:00:00,HUNA,10
1996-03-29 00:00:00,HUNA,10.5
1996-04-01 00:00:00,HUNA,10
1996-04-02 00:00:00,HUNA,0
1996-04-04 00:00:00,HUNA,9.25
1996-04-09 00:00:00,HUNA,9
1996-04-10 00:00:00,HUNA,9
1996-04-16 00:00:00,HUNA,0
SECURITY_DA,COMP,CLOSE_PRICE
-----------,----,-----------
1996-04-18 00:00:00,HUNA,9.25
1996-04-22 00:00:00,HUNA,9.25
1996-04-23 00:00:00,HUNA,9.5
1996-04-24 00:00:00,HUNA,9.5
1996-04-26 00:00:00,HUNA,9.5
1996-05-06 00:00:00,HUNA,9.5
1996-05-07 00:00:00,HUNA,9.25
1996-05-08 00:00:00,HUNA,9.75
1996-05-09 00:00:00,HUNA,9.5
1996-05-13 00:00:00,HUNA,9
1996-05-14 00:00:00,HUNA,9
1996-05-15 00:00:00,HUNA,9.5
1996-05-17 00:00:00,HUNA,10.75
1996-05-21 00:00:00,HUNA,9.75
1996-05-23 00:00:00,HUNA,10
1996-05-24 00:00:00,HUNA,10
1996-05-27 00:00:00,HUNA,10
1996-05-28 00:00:00,HUNA,10
1996-05-29 00:00:00,HUNA,10
1996-05-30 00:00:00,HUNA,10
1996-06-06 00:00:00,HUNA,0
SECURITY_DA,COMP,CLOSE_PRICE
-----------,----,-----------
1996-06-07 00:00:00,HUNA,9.75
1996-06-10 00:00:00,HUNA,9.5
1996-06-11 00:00:00,HUNA,9.5
1996-06-13 00:00:00,HUNA,9.5
1996-06-17 00:00:00,HUNA,9.5
1996-06-18 00:00:00,HUNA,9.25
1996-06-19 00:00:00,HUNA,9.25
1996-06-20 00:00:00,HUNA,9.25
1996-06-21 00:00:00,HUNA,9.25
1996-06-28 00:00:00,HUNA,0
1996-07-02 00:00:00,HUNA,9
1996-07-05 00:00:00,HUNA,9.5
1996-07-08 00:00:00,HUNA,9
1996-07-09 00:00:00,HUNA,9
1996-07-10 00:00:00,HUNA,8.75
1996-07-11 00:00:00,HUNA,8.25
1996-07-12 00:00:00,HUNA,8
1996-07-15 00:00:00,HUNA,8
1996-07-16 00:00:00,HUNA,7.75
1996-07-17 00:00:00,HUNA,8
1996-07-18 00:00:00,HUNA,7.5
SECURITY_DA,COMP,CLOSE_PRICE
-----------,----,-----------
1996-07-22 00:00:00,HUNA,7.75
1996-07-24 00:00:00,HUNA,7.75
1996-07-26 00:00:00,HUNA,8
1996-07-31 00:00:00,HUNA,8
1996-08-01 00:00:00,HUNA,7.75
1996-08-02 00:00:00,HUNA,0
1996-08-06 00:00:00,HUNA,8
1996-08-07 00:00:00,HUNA,0
1996-08-08 00:00:00,HUNA,8.25
1996-08-09 00:00:00,HUNA,8
1996-08-15 00:00:00,HUNA,8.5
1996-08-16 00:00:00,HUNA,8.5
1996-08-21 00:00:00,HUNA,8.25
1996-08-22 00:00:00,HUNA,0
1996-08-23 00:00:00,HUNA,8
1996-08-26 00:00:00,HUNA,8.25
1996-08-29 00:00:00,HUNA,8.5
1996-08-30 00:00:00,HUNA,8.25
1996-09-02 00:00:00,HUNA,0
1996-09-03 00:00:00,HUNA,8.25
1996-09-05 00:00:00,HUNA,0
SECURITY_DA,COMP,CLOSE_PRICE
-----------,----,-----------
1996-09-09 00:00:00,HUNA,8.5
1996-09-10 00:00:00,HUNA,8.5
1996-09-11 00:00:00,HUNA,0
1996-09-16 00:00:00,HUNA,8.5
1996-09-17 00:00:00,HUNA,0
1996-09-18 00:00:00,HUNA,8.5
1996-09-19 00:00:00,HUNA,8.5
1996-09-24 00:00:00,HUNA,9
1996-09-27 00:00:00,HUNA,9
1996-09-30 00:00:00,HUNA,9
1996-10-01 00:00:00,HUNA,0
1996-10-02 00:00:00,HUNA,9
1996-10-03 00:00:00,HUNA,8.5
1996-10-04 00:00:00,HUNA,8.5
1996-10-07 00:00:00,HUNA,9
1996-10-09 00:00:00,HUNA,9
1996-10-10 00:00:00,HUNA,0
1996-10-14 00:00:00,HUNA,9
1996-10-17 00:00:00,HUNA,10
1996-10-18 00:00:00,HUNA,9.75
1996-10-21 00:00:00,HUNA,9.5
SECURITY_DA,COMP,CLOSE_PRICE
-----------,----,-----------
1996-10-22 00:00:00,HUNA,9.75
1996-10-23 00:00:00,HUNA,10
1996-10-24 00:00:00,HUNA,9
1996-10-28 00:00:00,HUNA,9
1996-10-30 00:00:00,HUNA,9.25
1996-10-31 00:00:00,HUNA,9.5
1996-11-04 00:00:00,HUNA,9.25
1996-11-05 00:00:00,HUNA,9.25
1996-11-06 00:00:00,HUNA,9
1996-11-08 00:00:00,HUNA,9.25
1996-11-15 00:00:00,HUNA,0
1996-11-18 00:00:00,HUNA,9.5
1996-11-19 00:00:00,HUNA,9.5
1996-11-20 00:00:00,HUNA,9.5
1996-11-22 00:00:00,HUNA,9.75
1996-11-25 00:00:00,HUNA,10
1996-11-26 00:00:00,HUNA,9.5
1996-11-27 00:00:00,HUNA,9
1996-11-28 00:00:00,HUNA,9
1996-11-29 00:00:00,HUNA,0
1996-12-02 00:00:00,HUNA,9
SECURITY_DA,COMP,CLOSE_PRICE
-----------,----,-----------
1996-12-03 00:00:00,HUNA,9
1996-12-04 00:00:00,HUNA,9
1996-12-05 00:00:00,HUNA,9
1996-12-06 00:00:00,HUNA,8.75
1996-12-10 00:00:00,HUNA,0
1996-12-11 00:00:00,HUNA,8.75
1996-12-17 00:00:00,HUNA,0
1996-12-18 00:00:00,HUNA,0
1996-12-20 00:00:00,HUNA,8.75
1996-12-23 00:00:00,HUNA,9
1996-12-27 00:00:00,HUNA,9
1996-12-31 00:00:00,HUNA,8.5
1996-01-25 00:00:00,HUNT,20
1996-04-09 00:00:00,HUNT,0
1996-05-07 00:00:00,HUNT,20
1996-05-09 00:00:00,HUNT,20
1996-06-21 00:00:00,HUNT,0
1996-07-17 00:00:00,HUNT,20
1996-07-18 00:00:00,HUNT,0
1996-08-09 00:00:00,HUNT,15
1996-08-13 00:00:00,HUNT,0
SECURITY_DA,COMP,CLOSE_PRICE
-----------,----,-----------
1996-09-11 00:00:00,HUNT,14
1996-10-17 00:00:00,HUNT,12
1996-10-31 00:00:00,HUNT,13
1996-11-19 00:00:00,HUNT,14
1996-11-22 00:00:00,HUNT,0
1996-12-06 00:00:00,HUNT,13
1996-01-04 00:00:00,ITH,15.25
1996-01-09 00:00:00,ITH,15.75
1996-01-12 00:00:00,ITH,15.75
1996-01-17 00:00:00,ITH,15.5
1996-01-23 00:00:00,ITH,15.5
1996-01-29 00:00:00,ITH,15.5
1996-01-30 00:00:00,ITH,15.5
1996-02-12 00:00:00,ITH,15.5
1996-02-14 00:00:00,ITH,15.5
1996-02-15 00:00:00,ITH,0
1996-02-19 00:00:00,ITH,15.5
1996-02-21 00:00:00,ITH,15.5
1996-02-22 00:00:00,ITH,15.5
1996-02-23 00:00:00,ITH,15.5
1996-02-27 00:00:00,ITH,15.5
SECURITY_DA,COMP,CLOSE_PRICE
-----------,----,-----------
1996-02-29 00:00:00,ITH,15.5
1996-03-01 00:00:00,ITH,15.5
1996-03-08 00:00:00,ITH,15.5
1996-03-21 00:00:00,ITH,15
1996-03-22 00:00:00,ITH,0
1996-03-25 00:00:00,ITH,14
1996-03-29 00:00:00,ITH,0
1996-04-01 00:00:00,ITH,14
1996-04-02 00:00:00,ITH,0
1996-04-04 00:00:00,ITH,14
1996-04-08 00:00:00,ITH,14
1996-04-26 00:00:00,ITH,14
1996-05-07 00:00:00,ITH,14
1996-05-08 00:00:00,ITH,14
1996-05-15 00:00:00,ITH,14.25
1996-06-05 00:00:00,ITH,14.25
1996-06-19 00:00:00,ITH,14.25
1996-06-20 00:00:00,ITH,14.25
1996-06-21 00:00:00,ITH,14.25
1996-06-25 00:00:00,ITH,14.25
1996-06-26 00:00:00,ITH,15
SECURITY_DA,COMP,CLOSE_PRICE
-----------,----,-----------
1996-06-28 00:00:00,ITH,0
1996-07-02 00:00:00,ITH,14.5
1996-07-05 00:00:00,ITH,15
1996-07-12 00:00:00,ITH,14.25
1996-07-15 00:00:00,ITH,14.25
1996-07-18 00:00:00,ITH,14
1996-07-23 00:00:00,ITH,14
1996-08-01 00:00:00,ITH,14
1996-08-14 00:00:00,ITH,14
1996-08-19 00:00:00,ITH,14
1996-08-22 00:00:00,ITH,13
1996-08-23 00:00:00,ITH,13
1996-08-26 00:00:00,ITH,13
1996-08-27 00:00:00,ITH,13.5
1996-08-29 00:00:00,ITH,13.5
1996-09-04 00:00:00,ITH,13.5
1996-09-09 00:00:00,ITH,13.5
1996-09-18 00:00:00,ITH,13.5
1996-09-19 00:00:00,ITH,13.75
1996-10-04 00:00:00,ITH,13.25
1996-10-07 00:00:00,ITH,0
SECURITY_DA,COMP,CLOSE_PRICE
-----------,----,-----------
1996-10-11 00:00:00,ITH,0
1996-10-14 00:00:00,ITH,13.5
1996-10-16 00:00:00,ITH,0
1996-10-21 00:00:00,ITH,13.5
1996-11-12 00:00:00,ITH,14
1996-11-22 00:00:00,ITH,14
1996-12-12 00:00:00,ITH,0
1996-01-04 00:00:00,JFIN,42
1996-01-23 00:00:00,JFIN,42
1996-01-25 00:00:00,JFIN,42
1996-01-31 00:00:00,JFIN,40
1996-02-14 00:00:00,JFIN,39.75
1996-02-23 00:00:00,JFIN,38
1996-03-06 00:00:00,JFIN,40
1996-03-13 00:00:00,JFIN,38
1996-03-14 00:00:00,JFIN,36.25
1996-03-15 00:00:00,JFIN,37.5
1996-03-28 00:00:00,JFIN,38.5
1996-03-29 00:00:00,JFIN,36.75
1996-04-01 00:00:00,JFIN,39
1996-04-02 00:00:00,JFIN,39
SECURITY_DA,COMP,CLOSE_PRICE
-----------,----,-----------
1996-04-16 00:00:00,JFIN,37.25
1996-04-26 00:00:00,JFIN,35.5
1996-06-28 00:00:00,JFIN,33.75
1996-07-24 00:00:00,JFIN,33.75
1996-07-26 00:00:00,JFIN,32
1996-08-12 00:00:00,JFIN,38.5
1996-11-12 00:00:00,JFIN,37
1996-11-22 00:00:00,JFIN,35.5
1996-01-02 00:00:00,JKH,135
1996-01-03 00:00:00,JKH,135
1996-01-04 00:00:00,JKH,139
1996-01-09 00:00:00,JKH,140
1996-01-11 00:00:00,JKH,140.25
1996-01-16 00:00:00,JKH,140.25
1996-01-17 00:00:00,JKH,140
1996-01-18 00:00:00,JKH,140
1996-01-19 00:00:00,JKH,140
1996-01-23 00:00:00,JKH,137
1996-01-24 00:00:00,JKH,140
1996-01-25 00:00:00,JKH,137
1996-01-26 00:00:00,JKH,143
1996-01-30 00:00:00,JKH,145
1996-01-31 00:00:00,JKH,145
1996-02-01 00:00:00,JKH,145.75
1996-02-02 00:00:00,JKH,145
1996-02-06 00:00:00,JKH,145
1996-02-07 00:00:00,JKH,145
1996-02-08 00:00:00,JKH,145.25
1996-02-09 00:00:00,JKH,146.5
1996-02-12 00:00:00,JKH,146.5
1996-02-14 00:00:00,JKH,150.5
1996-02-15 00:00:00,JKH,153.5
1996-02-16 00:00:00,JKH,157.25
1996-02-19 00:00:00,JKH,165
1996-02-20 00:00:00,JKH,163
1996-02-21 00:00:00,JKH,160
1996-02-22 00:00:00,JKH,162.25
1996-02-23 00:00:00,JKH,165
1996-02-26 00:00:00,JKH,167
1996-02-27 00:00:00,JKH,165.75
1996-02-28 00:00:00,JKH,174
1996-02-29 00:00:00,JKH,176
1996-03-01 00:00:00,JKH,180
1996-03-05 00:00:00,JKH,180
1996-03-06 00:00:00,JKH,179
1996-03-07 00:00:00,JKH,180
1996-03-08 00:00:00,JKH,188
1996-03-11 00:00:00,JKH,188
1996-03-12 00:00:00,JKH,190
1996-03-13 00:00:00,JKH,195.25
1996-03-14 00:00:00,JKH,198
1996-03-15 00:00:00,JKH,198
1996-03-18 00:00:00,JKH,197
1996-03-19 00:00:00,JKH,195
1996-03-21 00:00:00,JKH,190
1996-03-22 00:00:00,JKH,190
1996-03-26 00:00:00,JKH,188.75
1996-04-01 00:00:00,JKH,186.5
1996-04-08 00:00:00,JKH,186.5
1996-04-09 00:00:00,JKH,183
1996-04-10 00:00:00,JKH,183
1996-04-15 00:00:00,JKH,180
1996-04-16 00:00:00,JKH,180
1996-04-17 00:00:00,JKH,175
1996-04-18 00:00:00,JKH,178
1996-04-19 00:00:00,JKH,176
1996-04-22 00:00:00,JKH,175
1996-04-23 00:00:00,JKH,175
1996-04-24 00:00:00,JKH,175
1996-04-26 00:00:00,JKH,175
1996-04-29 00:00:00,JKH,175
1996-04-30 00:00:00,JKH,175
1996-05-06 00:00:00,JKH,175
1996-05-07 00:00:00,JKH,175
1996-05-08 00:00:00,JKH,175
1996-05-10 00:00:00,JKH,175
1996-05-13 00:00:00,JKH,170.25
1996-05-14 00:00:00,JKH,170
1996-05-16 00:00:00,JKH,170
1996-05-17 00:00:00,JKH,165
1996-05-20 00:00:00,JKH,165
1996-05-22 00:00:00,JKH,165
1996-05-27 00:00:00,JKH,160
1996-05-28 00:00:00,JKH,160
1996-06-04 00:00:00,JKH,160
1996-06-05 00:00:00,JKH,160
1996-06-06 00:00:00,JKH,160
1996-06-07 00:00:00,JKH,160
1996-06-11 00:00:00,JKH,155
1996-06-13 00:00:00,JKH,155
1996-06-14 00:00:00,JKH,150
1996-06-17 00:00:00,JKH,145
1996-06-18 00:00:00,JKH,145
1996-06-19 00:00:00,JKH,145
1996-06-20 00:00:00,JKH,145
1996-06-21 00:00:00,JKH,145
1996-06-24 00:00:00,JKH,145.25
1996-06-25 00:00:00,JKH,145
1996-06-26 00:00:00,JKH,145
1996-06-27 00:00:00,JKH,145
1996-06-28 00:00:00,JKH,145
1996-07-02 00:00:00,JKH,145
1996-07-03 00:00:00,JKH,145
1996-07-04 00:00:00,JKH,145
1996-07-05 00:00:00,JKH,145
1996-07-08 00:00:00,JKH,145
1996-07-09 00:00:00,JKH,145.25
1996-07-11 00:00:00,JKH,145.25
1996-07-15 00:00:00,JKH,148.25
1996-07-16 00:00:00,JKH,148
1996-07-18 00:00:00,JKH,148
1996-07-19 00:00:00,JKH,152
1996-07-23 00:00:00,JKH,150
1996-07-24 00:00:00,JKH,155.25
1996-07-31 00:00:00,JKH,155
1996-08-01 00:00:00,JKH,150.25
1996-08-02 00:00:00,JKH,155
1996-08-06 00:00:00,JKH,151
1996-08-07 00:00:00,JKH,155
1996-08-09 00:00:00,JKH,155
1996-08-13 00:00:00,JKH,155.25
1996-08-14 00:00:00,JKH,158.25
1996-08-20 00:00:00,JKH,158
1996-08-21 00:00:00,JKH,157
1996-08-23 00:00:00,JKH,157
1996-08-27 00:00:00,JKH,157.25
1996-08-30 00:00:00,JKH,157
1996-09-03 00:00:00,JKH,160
1996-09-05 00:00:00,JKH,166.25
1996-09-09 00:00:00,JKH,167
1996-09-10 00:00:00,JKH,167
1996-09-12 00:00:00,JKH,167
1996-09-13 00:00:00,JKH,171.25
1996-09-17 00:00:00,JKH,172
1996-09-18 00:00:00,JKH,172.5
1996-09-23 00:00:00,JKH,171
1996-09-24 00:00:00,JKH,173
1996-09-25 00:00:00,JKH,175
1996-09-27 00:00:00,JKH,175
1996-09-30 00:00:00,JKH,177
1996-10-01 00:00:00,JKH,177
1996-10-02 00:00:00,JKH,177
1996-10-04 00:00:00,JKH,177
1996-10-08 00:00:00,JKH,177
1996-10-11 00:00:00,JKH,180
1996-10-14 00:00:00,JKH,180
1996-10-15 00:00:00,JKH,173
1996-10-16 00:00:00,JKH,175
1996-10-18 00:00:00,JKH,180
1996-10-21 00:00:00,JKH,185
1996-10-22 00:00:00,JKH,180
1996-10-23 00:00:00,JKH,182.25
1996-10-24 00:00:00,JKH,182.25
1996-10-29 00:00:00,JKH,182.25
1996-10-30 00:00:00,JKH,181.5
1996-10-31 00:00:00,JKH,182
1996-11-01 00:00:00,JKH,181
1996-11-05 00:00:00,JKH,185
1996-11-06 00:00:00,JKH,185
1996-11-07 00:00:00,JKH,184
1996-11-08 00:00:00,JKH,184
1996-11-11 00:00:00,JKH,185
1996-11-12 00:00:00,JKH,186
1996-11-13 00:00:00,JKH,190
1996-11-14 00:00:00,JKH,190
1996-11-15 00:00:00,JKH,190
1996-11-18 00:00:00,JKH,190
1996-11-19 00:00:00,JKH,192
1996-11-20 00:00:00,JKH,195
1996-11-22 00:00:00,JKH,192
1996-11-25 00:00:00,JKH,193
1996-11-27 00:00:00,JKH,191.75
1996-11-28 00:00:00,JKH,190
1996-11-29 00:00:00,JKH,191.75
1996-12-02 00:00:00,JKH,192
1996-12-06 00:00:00,JKH,194
1996-12-11 00:00:00,JKH,190
1996-12-12 00:00:00,JKH,190
1996-12-13 00:00:00,JKH,190
1996-12-16 00:00:00,JKH,195
1996-12-18 00:00:00,JKH,191.75
1996-12-19 00:00:00,JKH,190
1996-12-20 00:00:00,JKH,194.75
1996-12-23 00:00:00,JKH,195
1996-12-30 00:00:00,JKH,196.25
1996-12-31 00:00:00,JKH,196.25
1996-01-18 00:00:00,JKL,25
1996-02-08 00:00:00,JKL,26.25
1996-02-13 00:00:00,JKL,25.5
1996-02-14 00:00:00,JKL,24
1996-02-23 00:00:00,JKL,23
1996-03-01 00:00:00,JKL,23
1996-03-11 00:00:00,JKL,24.25
1996-03-12 00:00:00,JKL,24.5
1996-03-19 00:00:00,JKL,24
1996-03-21 00:00:00,JKL,24
1996-04-04 00:00:00,JKL,23
1996-04-26 00:00:00,JKL,21.75
1996-05-14 00:00:00,JKL,21.75
1996-05-16 00:00:00,JKL,22.5
1996-05-27 00:00:00,JKL,22.5
1996-06-20 00:00:00,JKL,23
1996-08-19 00:00:00,JKL,24.5
1996-08-21 00:00:00,JKL,26
1996-08-22 00:00:00,JKL,28.25
1996-08-23 00:00:00,JKL,28.5
1996-08-29 00:00:00,JKL,29.75
1996-09-02 00:00:00,JKL,30
1996-09-05 00:00:00,JKL,30
1996-09-09 00:00:00,JKL,30
1996-09-11 00:00:00,JKL,28.5
1996-09-12 00:00:00,JKL,27.5
1996-09-16 00:00:00,JKL,27.5
1996-09-25 00:00:00,JKL,29.75
1996-10-04 00:00:00,JKL,29
1996-10-09 00:00:00,JKL,29
1996-10-14 00:00:00,JKL,29
1996-10-15 00:00:00,JKL,29.25
1996-10-16 00:00:00,JKL,29.5
1996-10-17 00:00:00,JKL,29.5
1996-10-29 00:00:00,JKL,28
1996-10-30 00:00:00,JKL,27
1996-10-31 00:00:00,JKL,28
1996-11-04 00:00:00,JKL,28.5
1996-11-07 00:00:00,JKL,29
1996-11-08 00:00:00,JKL,32
1996-11-11 00:00:00,JKL,35
1996-11-12 00:00:00,JKL,34.5
1996-11-14 00:00:00,JKL,33
1996-11-15 00:00:00,JKL,33
1996-11-19 00:00:00,JKL,33
1996-11-20 00:00:00,JKL,34
1996-11-21 00:00:00,JKL,36
1996-11-22 00:00:00,JKL,36
1996-11-25 00:00:00,JKL,39.25
1996-11-26 00:00:00,JKL,34.5
1996-11-27 00:00:00,JKL,34.5
1996-11-29 00:00:00,JKL,35
1996-12-02 00:00:00,JKL,36
1996-12-03 00:00:00,JKL,35
1996-12-04 00:00:00,JKL,35.25
1996-12-05 00:00:00,JKL,36
1996-12-06 00:00:00,JKL,36
1996-12-10 00:00:00,JKL,35.5
1996-12-13 00:00:00,JKL,36
1996-12-17 00:00:00,JKL,36
1996-12-18 00:00:00,JKL,36
1996-12-27 00:00:00,JKL,35.5
1996-12-30 00:00:00,JKL,36
1996-01-08 00:00:00,KCAB,55
1996-01-11 00:00:00,KCAB,0
1996-01-22 00:00:00,KCAB,57.75
1996-02-06 00:00:00,KCAB,53
1996-02-23 00:00:00,KCAB,50.25
1996-02-27 00:00:00,KCAB,50
1996-02-29 00:00:00,KCAB,47.5
1996-03-29 00:00:00,KCAB,46
1996-04-02 00:00:00,KCAB,0
1996-04-04 00:00:00,KCAB,43.5
1996-04-17 00:00:00,KCAB,41.75
1996-04-23 00:00:00,KCAB,41.5
1996-05-10 00:00:00,KCAB,0
1996-05-21 00:00:00,KCAB,41
1996-05-27 00:00:00,KCAB,0
1996-05-30 00:00:00,KCAB,39
1996-06-20 00:00:00,KCAB,37
1996-06-21 00:00:00,KCAB,35.25
1996-07-03 00:00:00,KCAB,0
1996-07-11 00:00:00,KCAB,33.25
1996-07-16 00:00:00,KCAB,31.5
1996-08-29 00:00:00,KCAB,31.25
1996-09-09 00:00:00,KCAB,30
1996-09-13 00:00:00,KCAB,28.5
SECURITY_DA,COMP,CLOSE_PRICE
-----------,----,-----------
1996-09-23 00:00:00,KCAB,28.75
1996-09-30 00:00:00,KCAB,30
1996-10-10 00:00:00,KCAB,35
1996-10-22 00:00:00,KCAB,34
1996-11-07 00:00:00,KCAB,35
1996-11-14 00:00:00,KCAB,34
1996-11-22 00:00:00,KCAB,33.5
1996-01-03 00:00:00,KDL,6.5
1996-01-09 00:00:00,KDL,7
1996-01-18 00:00:00,KDL,6.5
1996-01-19 00:00:00,KDL,6
1996-01-22 00:00:00,KDL,0
1996-02-14 00:00:00,KDL,0
1996-03-06 00:00:00,KDL,6.5
1996-04-29 00:00:00,KDL,7
1996-06-06 00:00:00,KDL,6
1996-06-11 00:00:00,KDL,6
1996-06-13 00:00:00,KDL,6
1996-06-17 00:00:00,KDL,5
1996-06-18 00:00:00,KDL,5
1996-06-24 00:00:00,KDL,0
SECURITY_DA,COMP,CLOSE_PRICE
-----------,----,-----------
1996-06-26 00:00:00,KDL,5
1996-07-11 00:00:00,KDL,4.5
1996-07-12 00:00:00,KDL,4.5
1996-07-16 00:00:00,KDL,4
1996-07-17 00:00:00,KDL,4
1996-07-18 00:00:00,KDL,4
1996-07-23 00:00:00,KDL,4
1996-07-25 00:00:00,KDL,0
1996-08-14 00:00:00,KDL,4
1996-08-20 00:00:00,KDL,4.25
1996-08-29 00:00:00,KDL,6.25
1996-09-03 00:00:00,KDL,6
1996-09-04 00:00:00,KDL,6
1996-09-05 00:00:00,KDL,6
1996-09-10 00:00:00,KDL,0
1996-09-12 00:00:00,KDL,5.5
1996-09-19 00:00:00,KDL,7
1996-09-20 00:00:00,KDL,7
1996-09-24 00:00:00,KDL,7
1996-09-25 00:00:00,KDL,6.5
1996-09-27 00:00:00,KDL,6.75
SECURITY_DA,COMP,CLOSE_PRICE
-----------,----,-----------
1996-10-04 00:00:00,KDL,7
1996-10-08 00:00:00,KDL,7
1996-10-09 00:00:00,KDL,6.75
1996-10-21 00:00:00,KDL,6
1996-10-22 00:00:00,KDL,6.25
1996-10-25 00:00:00,KDL,6
1996-11-05 00:00:00,KDL,0
1996-11-06 00:00:00,KDL,6
1996-11-08 00:00:00,KDL,6
1996-11-13 00:00:00,KDL,6.25
1996-11-18 00:00:00,KDL,6.25
1996-11-22 00:00:00,KDL,6.25
1996-11-25 00:00:00,KDL,6
1996-11-26 00:00:00,KDL,6
1996-12-12 00:00:00,KDL,6
1996-12-17 00:00:00,KDL,5.5
1996-12-31 00:00:00,KDL,5.5
1996-01-02 00:00:00,KFP,16
1996-01-25 00:00:00,KFP,16
1996-02-06 00:00:00,KFP,14.5
1996-02-16 00:00:00,KFP,13.75
SECURITY_DA,COMP,CLOSE_PRICE
-----------,----,-----------
1996-02-21 00:00:00,KFP,0
1996-02-23 00:00:00,KFP,13.5
1996-02-27 00:00:00,KFP,13.25
1996-02-29 00:00:00,KFP,13.5
1996-03-01 00:00:00,KFP,13
1996-03-07 00:00:00,KFP,14
1996-03-12 00:00:00,KFP,14.25
1996-03-21 00:00:00,KFP,15
1996-03-25 00:00:00,KFP,15
1996-03-28 00:00:00,KFP,15
1996-03-29 00:00:00,KFP,14.5
1996-04-01 00:00:00,KFP,14.5
1996-04-04 00:00:00,KFP,0
1996-04-08 00:00:00,KFP,14.5
1996-04-18 00:00:00,KFP,14.5
1996-04-22 00:00:00,KFP,15
1996-04-23 00:00:00,KFP,15
1996-04-26 00:00:00,KFP,15
1996-05-06 00:00:00,KFP,15
1996-05-07 00:00:00,KFP,15
1996-05-08 00:00:00,KFP,15
SECURITY_DA,COMP,CLOSE_PRICE
-----------,----,-----------
1996-05-09 00:00:00,KFP,15
1996-05-10 00:00:00,KFP,15
1996-05-16 00:00:00,KFP,15
1996-05-17 00:00:00,KFP,15
1996-05-21 00:00:00,KFP,15
1996-05-28 00:00:00,KFP,0
1996-05-30 00:00:00,KFP,15
1996-06-07 00:00:00,KFP,15
1996-06-10 00:00:00,KFP,0
1996-06-19 00:00:00,KFP,15
1996-07-09 00:00:00,KFP,14.5
1996-09-06 00:00:00,KFP,13.5
1996-09-25 00:00:00,KFP,0
1996-10-09 00:00:00,KFP,0
1996-10-17 00:00:00,KFP,14
1996-10-23 00:00:00,KFP,0
1996-11-05 00:00:00,KFP,0
1996-11-15 00:00:00,KFP,14
1996-11-22 00:00:00,KFP,0
1996-11-25 00:00:00,KFP,14
1996-05-16 00:00:00,KGAL,15.5
SECURITY_DA,COMP,CLOSE_PRICE
-----------,----,-----------
1996-05-17 00:00:00,KGAL,16.5
1996-05-23 00:00:00,KGAL,18.5
1996-05-27 00:00:00,KGAL,19.5
1996-06-10 00:00:00,KGAL,18.5
1996-06-12 00:00:00,KGAL,18.5
1996-06-28 00:00:00,KGAL,16.5
1996-07-01 00:00:00,KGAL,15.5
1996-07-03 00:00:00,KGAL,16.25
1996-07-05 00:00:00,KGAL,16.25
1996-07-08 00:00:00,KGAL,16.25
1996-07-10 00:00:00,KGAL,16.5
1996-07-11 00:00:00,KGAL,16
1996-07-12 00:00:00,KGAL,16
1996-07-15 00:00:00,KGAL,15.75
1996-07-16 00:00:00,KGAL,15.5
1996-07-17 00:00:00,KGAL,15.25
1996-07-18 00:00:00,KGAL,15.5
1996-08-15 00:00:00,KGAL,16
1996-08-19 00:00:00,KGAL,16
1996-08-20 00:00:00,KGAL,16
1996-08-21 00:00:00,KGAL,16
SECURITY_DA,COMP,CLOSE_PRICE
-----------,----,-----------
1996-09-06 00:00:00,KGAL,17.5
1996-09-17 00:00:00,KGAL,20
1996-09-18 00:00:00,KGAL,22
1996-09-19 00:00:00,KGAL,22
1996-09-20 00:00:00,KGAL,22
1996-09-23 00:00:00,KGAL,22.25
1996-09-24 00:00:00,KGAL,22
1996-09-25 00:00:00,KGAL,22.25
1996-09-30 00:00:00,KGAL,22
1996-10-01 00:00:00,KGAL,22.25
1996-10-02 00:00:00,KGAL,22.5
1996-10-03 00:00:00,KGAL,22.25
1996-10-04 00:00:00,KGAL,22.25
1996-10-07 00:00:00,KGAL,22
1996-10-08 00:00:00,KGAL,22.25
1996-10-14 00:00:00,KGAL,23.5
1996-10-16 00:00:00,KGAL,24
1996-10-17 00:00:00,KGAL,25
1996-10-18 00:00:00,KGAL,25
1996-10-21 00:00:00,KGAL,25
1996-10-22 00:00:00,KGAL,25
SECURITY_DA,COMP,CLOSE_PRICE
-----------,----,-----------
1996-10-29 00:00:00,KGAL,25
1996-10-30 00:00:00,KGAL,25
1996-11-01 00:00:00,KGAL,25
1996-11-04 00:00:00,KGAL,25
1996-11-05 00:00:00,KGAL,25
1996-11-06 00:00:00,KGAL,25
1996-11-07 00:00:00,KGAL,25
1996-11-08 00:00:00,KGAL,25
1996-11-11 00:00:00,KGAL,25
1996-11-12 00:00:00,KGAL,25
1996-11-13 00:00:00,KGAL,25
1996-11-14 00:00:00,KGAL,24.75
1996-11-19 00:00:00,KGAL,24.75
1996-11-21 00:00:00,KGAL,24.5
1996-11-22 00:00:00,KGAL,24
1996-11-26 00:00:00,KGAL,22
1996-11-29 00:00:00,KGAL,22
1996-12-04 00:00:00,KGAL,21.5
1996-12-05 00:00:00,KGAL,21.5
1996-12-06 00:00:00,KGAL,22
1996-12-09 00:00:00,KGAL,23
SECURITY_DA,COMP,CLOSE_PRICE
-----------,----,-----------
1996-12-10 00:00:00,KGAL,23
1996-12-11 00:00:00,KGAL,23
1996-12-13 00:00:00,KGAL,22.75
1996-12-20 00:00:00,KGAL,23
1996-01-22 00:00:00,KHC,46
1996-01-23 00:00:00,KHC,46
1996-01-25 00:00:00,KHC,46.5
1996-03-05 00:00:00,KHC,46
1996-03-06 00:00:00,KHC,46
1996-04-04 00:00:00,KHC,47
1996-06-06 00:00:00,KHC,45
1996-06-13 00:00:00,KHC,65
1996-07-09 00:00:00,KHC,65
1996-08-29 00:00:00,KHC,34.25
1996-11-14 00:00:00,KHC,31.5
1996-11-29 00:00:00,KHC,30
1996-12-06 00:00:00,KHC,31.25
1996-12-11 00:00:00,KHC,31.25
1996-01-09 00:00:00,KINN,25
1996-01-19 00:00:00,KINN,25
1996-01-24 00:00:00,KINN,25
SECURITY_DA,COMP,CLOSE_PRICE
-----------,----,-----------
1996-01-25 00:00:00,KINN,24
1996-02-12 00:00:00,KINN,21.5
1996-04-02 00:00:00,KINN,20
1996-04-04 00:00:00,KINN,19.75
1996-04-08 00:00:00,KINN,19.5
1996-04-19 00:00:00,KINN,19.5
1996-05-17 00:00:00,KINN,0
1996-05-21 00:00:00,KINN,0
1996-06-19 00:00:00,KINN,0
1996-06-20 00:00:00,KINN,20
1996-06-24 00:00:00,KINN,19
1996-07-01 00:00:00,KINN,0
1996-07-05 00:00:00,KINN,18
1996-07-08 00:00:00,KINN,16
1996-07-10 00:00:00,KINN,14
1996-07-17 00:00:00,KINN,17
1996-07-19 00:00:00,KINN,17
1996-07-22 00:00:00,KINN,17
1996-07-25 00:00:00,KINN,17
1996-08-02 00:00:00,KINN,17
1996-08-07 00:00:00,KINN,17
SECURITY_DA,COMP,CLOSE_PRICE
-----------,----,-----------
1996-08-08 00:00:00,KINN,17
1996-08-09 00:00:00,KINN,17
1996-08-27 00:00:00,KINN,16
1996-09-16 00:00:00,KINN,15.5
1996-09-18 00:00:00,KINN,15.25
1996-09-19 00:00:00,KINN,15.75
1996-09-23 00:00:00,KINN,15.75
1996-09-25 00:00:00,KINN,16
1996-09-30 00:00:00,KINN,0
1996-10-31 00:00:00,KINN,15.75
1996-11-01 00:00:00,KINN,16.5
1996-11-14 00:00:00,KINN,16
1996-11-15 00:00:00,KINN,15.5
1996-11-18 00:00:00,KINN,14.5
1996-11-19 00:00:00,KINN,14.5
1996-11-21 00:00:00,KINN,14.5
1996-11-22 00:00:00,KINN,15
1996-11-27 00:00:00,KINN,15
1996-12-03 00:00:00,KINN,0
1996-01-03 00:00:00,KOTA,20
1996-01-22 00:00:00,KOTA,20
SECURITY_DA,COMP,CLOSE_PRICE
-----------,----,-----------
1996-02-15 00:00:00,KOTA,18
1996-03-05 00:00:00,KOTA,16
1996-03-08 00:00:00,KOTA,16
1996-03-12 00:00:00,KOTA,16
1996-03-13 00:00:00,KOTA,16
1996-03-15 00:00:00,KOTA,16
1996-03-28 00:00:00,KOTA,17
1996-04-26 00:00:00,KOTA,17.5
1996-04-30 00:00:00,KOTA,18
1996-05-06 00:00:00,KOTA,17.5
1996-05-08 00:00:00,KOTA,17.5
1996-06-03 00:00:00,KOTA,23
1996-06-07 00:00:00,KOTA,22.25
1996-06-10 00:00:00,KOTA,22.25
1996-06-13 00:00:00,KOTA,22.5
1996-06-21 00:00:00,KOTA,22.5
1996-06-27 00:00:00,KOTA,22.75
1996-07-11 00:00:00,KOTA,23
1996-08-07 00:00:00,KOTA,23
1996-08-13 00:00:00,KOTA,22
1996-08-20 00:00:00,KOTA,20.75
SECURITY_DA,COMP,CLOSE_PRICE
-----------,----,-----------
1996-08-29 00:00:00,KOTA,20
1996-08-30 00:00:00,KOTA,20
1996-09-04 00:00:00,KOTA,20
1996-09-11 00:00:00,KOTA,20
1996-09-25 00:00:00,KOTA,22.25
1996-09-27 00:00:00,KOTA,23
1996-10-01 00:00:00,KOTA,23
1996-10-02 00:00:00,KOTA,25
1996-10-08 00:00:00,KOTA,24
1996-10-10 00:00:00,KOTA,25
1996-10-15 00:00:00,KOTA,25.75
1996-10-17 00:00:00,KOTA,27
1996-10-23 00:00:00,KOTA,26
1996-10-25 00:00:00,KOTA,25.25
1996-10-28 00:00:00,KOTA,26
1996-10-29 00:00:00,KOTA,27
1996-10-30 00:00:00,KOTA,27.75
1996-11-04 00:00:00,KOTA,30
1996-11-05 00:00:00,KOTA,30
1996-11-06 00:00:00,KOTA,30
1996-11-07 00:00:00,KOTA,30
SECURITY_DA,COMP,CLOSE_PRICE
-----------,----,-----------
1996-11-08 00:00:00,KOTA,30
1996-11-12 00:00:00,KOTA,29.75
1996-11-13 00:00:00,KOTA,28
1996-11-14 00:00:00,KOTA,27
1996-11-15 00:00:00,KOTA,27
1996-11-19 00:00:00,KOTA,28
1996-11-20 00:00:00,KOTA,28
1996-11-21 00:00:00,KOTA,28
1996-11-22 00:00:00,KOTA,28
1996-12-05 00:00:00,KOTA,26
1996-12-06 00:00:00,KOTA,26.5
1996-12-11 00:00:00,KOTA,26
1996-12-12 00:00:00,KOTA,26
1996-01-04 00:00:00,KREA,0
1996-01-08 00:00:00,KREA,0
1996-01-09 00:00:00,KREA,18
1996-01-11 00:00:00,KREA,18
1996-01-16 00:00:00,KREA,18
1996-01-22 00:00:00,KREA,17.5
1996-01-23 00:00:00,KREA,17
1996-01-30 00:00:00,KREA,16
SECURITY_DA,COMP,CLOSE_PRICE
-----------,----,-----------
1996-01-31 00:00:00,KREA,15
1996-02-20 00:00:00,KREA,0
1996-02-21 00:00:00,KREA,0
1996-02-23 00:00:00,KREA,15.5
1996-02-27 00:00:00,KREA,15.5
1996-02-29 00:00:00,KREA,15.25
1996-03-01 00:00:00,KREA,0
1996-03-06 00:00:00,KREA,14.75
1996-03-07 00:00:00,KREA,14.75
1996-03-12 00:00:00,KREA,14.5
1996-03-15 00:00:00,KREA,14.75
1996-03-18 00:00:00,KREA,14
1996-03-20 00:00:00,KREA,0
1996-03-21 00:00:00,KREA,12.75
1996-03-26 00:00:00,KREA,12
1996-03-28 00:00:00,KREA,11.25
1996-03-29 00:00:00,KREA,10.75
1996-04-01 00:00:00,KREA,9
1996-04-02 00:00:00,KREA,9.25
1996-04-04 00:00:00,KREA,9
1996-04-09 00:00:00,KREA,9.75
SECURITY_DA,COMP,CLOSE_PRICE
-----------,----,-----------
1996-04-17 00:00:00,KREA,10.75
1996-04-18 00:00:00,KREA,10.75
1996-04-22 00:00:00,KREA,11.25
1996-04-23 00:00:00,KREA,11.25
1996-04-24 00:00:00,KREA,11.75
1996-04-26 00:00:00,KREA,0
1996-04-29 00:00:00,KREA,12
1996-05-07 00:00:00,KREA,13.25
1996-05-08 00:00:00,KREA,15.25
1996-05-09 00:00:00,KREA,15
1996-05-10 00:00:00,KREA,15
1996-05-13 00:00:00,KREA,15
1996-05-14 00:00:00,KREA,15
1996-05-15 00:00:00,KREA,14.5
1996-05-16 00:00:00,KREA,14.5
1996-05-17 00:00:00,KREA,0
1996-05-21 00:00:00,KREA,14
1996-05-22 00:00:00,KREA,13.5
1996-05-23 00:00:00,KREA,13.5
1996-05-27 00:00:00,KREA,13.5
1996-06-07 00:00:00,KREA,12
SECURITY_DA,COMP,CLOSE_PRICE
-----------,----,-----------
1996-06-10 00:00:00,KREA,11
1996-06-11 00:00:00,KREA,10.5
1996-06-12 00:00:00,KREA,10
1996-06-13 00:00:00,KREA,11
1996-06-14 00:00:00,KREA,10.75
1996-06-17 00:00:00,KREA,10.25
1996-06-19 00:00:00,KREA,10.5
1996-06-20 00:00:00,KREA,0
1996-06-21 00:00:00,KREA,10.5
1996-06-26 00:00:00,KREA,10.5
1996-06-27 00:00:00,KREA,10.5
1996-06-28 00:00:00,KREA,10.5
1996-07-01 00:00:00,KREA,10.5
1996-07-11 00:00:00,KREA,10.5
1996-08-09 00:00:00,KREA,11
1996-08-12 00:00:00,KREA,11
1996-08-15 00:00:00,KREA,10
1996-08-22 00:00:00,KREA,10.25
1996-08-23 00:00:00,KREA,10
1996-08-26 00:00:00,KREA,10
1996-09-04 00:00:00,KREA,0
SECURITY_DA,COMP,CLOSE_PRICE
-----------,----,-----------
1996-09-06 00:00:00,KREA,10
1996-09-10 00:00:00,KREA,9.5
1996-09-13 00:00:00,KREA,8.5
1996-09-16 00:00:00,KREA,8.75
1996-09-18 00:00:00,KREA,8.25
1996-09-24 00:00:00,KREA,8.75
1996-09-25 00:00:00,KREA,8.5
1996-10-01 00:00:00,KREA,10
1996-10-02 00:00:00,KREA,11.5
1996-10-03 00:00:00,KREA,11.5
1996-10-04 00:00:00,KREA,11.5
1996-10-07 00:00:00,KREA,11.5
1996-10-08 00:00:00,KREA,0
1996-10-09 00:00:00,KREA,11
1996-10-10 00:00:00,KREA,11
1996-10-11 00:00:00,KREA,11
1996-10-14 00:00:00,KREA,11
1996-10-16 00:00:00,KREA,11.5
1996-10-17 00:00:00,KREA,11.75
1996-10-18 00:00:00,KREA,11.75
1996-10-21 00:00:00,KREA,11.75
SECURITY_DA,COMP,CLOSE_PRICE
-----------,----,-----------
1996-10-22 00:00:00,KREA,11.75
1996-10-23 00:00:00,KREA,11.5
1996-10-24 00:00:00,KREA,11.5
1996-10-28 00:00:00,KREA,0
1996-10-30 00:00:00,KREA,10.75
1996-10-31 00:00:00,KREA,10.75
1996-11-01 00:00:00,KREA,10.75
1996-11-04 00:00:00,KREA,11
1996-11-05 00:00:00,KREA,11
1996-11-06 00:00:00,KREA,11.75
1996-11-07 00:00:00,KREA,14
1996-11-08 00:00:00,KREA,14
1996-11-11 00:00:00,KREA,15
1996-11-12 00:00:00,KREA,14.25
1996-11-13 00:00:00,KREA,13.25
1996-11-19 00:00:00,KREA,12.5
1996-11-20 00:00:00,KREA,12.25
1996-11-21 00:00:00,KREA,12.25
1996-11-22 00:00:00,KREA,12.25
1996-11-25 00:00:00,KREA,0
1996-11-26 00:00:00,KREA,12
SECURITY_DA,COMP,CLOSE_PRICE
-----------,----,-----------
1996-11-28 00:00:00,KREA,11.5
1996-12-02 00:00:00,KREA,11
1996-12-03 00:00:00,KREA,11
1996-12-06 00:00:00,KREA,0
1996-12-11 00:00:00,KREA,11.75
1996-12-12 00:00:00,KREA,12.5
1996-12-13 00:00:00,KREA,13.25
1996-12-16 00:00:00,KREA,13
1996-12-17 00:00:00,KREA,13.5
1996-12-18 00:00:00,KREA,13.25
1996-12-20 00:00:00,KREA,13.5
1996-12-31 00:00:00,KREA,14
1996-01-26 00:00:00,KTEX,2
1996-01-29 00:00:00,KTEX,2
1996-02-08 00:00:00,KTEX,1
1996-07-05 00:00:00,KTEX,1
1996-07-31 00:00:00,KTEX,1.75
1996-11-01 00:00:00,KTEX,1.5
1996-11-04 00:00:00,KTEX,1.5
1996-11-06 00:00:00,KTEX,1.5
1996-11-07 00:00:00,KTEX,1.75
1996-11-11 00:00:00,KTEX,1.75
1996-11-18 00:00:00,KTEX,1.5
1996-11-19 00:00:00,KTEX,1
1996-11-22 00:00:00,KTEX,1
1996-11-26 00:00:00,KTEX,1
1996-11-27 00:00:00,KTEX,1.25
1996-12-03 00:00:00,KTEX,1.25
1996-12-04 00:00:00,KTEX,1
1996-01-02 00:00:00,KURU,45
1996-11-25 00:00:00,KURU,38
1996-03-07 00:00:00,KVAL,15
1996-03-14 00:00:00,KVAL,18
1996-03-15 00:00:00,KVAL,19.5
1996-05-24 00:00:00,KVAL,19.5
1996-05-27 00:00:00,KVAL,15.75
1996-06-04 00:00:00,KVAL,15.75
1996-06-13 00:00:00,KVAL,16.5
1996-06-20 00:00:00,KVAL,16
1996-06-21 00:00:00,KVAL,16
1996-06-27 00:00:00,KVAL,16
1996-06-28 00:00:00,KVAL,16.25
1996-07-02 00:00:00,KVAL,16.25
1996-07-03 00:00:00,KVAL,16
1996-07-04 00:00:00,KVAL,16
1996-07-05 00:00:00,KVAL,16
1996-07-08 00:00:00,KVAL,16
1996-07-10 00:00:00,KVAL,16
1996-07-11 00:00:00,KVAL,16
1996-07-17 00:00:00,KVAL,15.25
1996-08-06 00:00:00,KVAL,16
1996-08-07 00:00:00,KVAL,15.75
1996-08-08 00:00:00,KVAL,15.75
1996-08-09 00:00:00,KVAL,15
1996-08-12 00:00:00,KVAL,15
1996-08-14 00:00:00,KVAL,16
1996-08-15 00:00:00,KVAL,15
1996-08-16 00:00:00,KVAL,15
1996-08-19 00:00:00,KVAL,15
1996-08-26 00:00:00,KVAL,17
1996-08-27 00:00:00,KVAL,17
1996-08-30 00:00:00,KVAL,19
1996-09-03 00:00:00,KVAL,19
1996-09-04 00:00:00,KVAL,18.5
1996-09-05 00:00:00,KVAL,18.25
1996-09-09 00:00:00,KVAL,18.25
1996-09-10 00:00:00,KVAL,18.5
1996-09-11 00:00:00,KVAL,19
1996-09-12 00:00:00,KVAL,20.25
1996-09-16 00:00:00,KVAL,21
1996-09-17 00:00:00,KVAL,22
1996-09-18 00:00:00,KVAL,22.75
1996-09-19 00:00:00,KVAL,22.75
1996-09-20 00:00:00,KVAL,22.75
1996-09-23 00:00:00,KVAL,22.75
1996-09-24 00:00:00,KVAL,22
1996-09-27 00:00:00,KVAL,22
1996-09-30 00:00:00,KVAL,21.5
1996-10-03 00:00:00,KVAL,21.5
1996-10-04 00:00:00,KVAL,21.25
1996-10-07 00:00:00,KVAL,21.5
1996-10-09 00:00:00,KVAL,21.5
1996-10-10 00:00:00,KVAL,22
1996-10-11 00:00:00,KVAL,23.25
1996-10-14 00:00:00,KVAL,24
1996-10-15 00:00:00,KVAL,25
1996-10-17 00:00:00,KVAL,24.75
1996-10-18 00:00:00,KVAL,25
1996-10-21 00:00:00,KVAL,24.75
1996-10-22 00:00:00,KVAL,24.5
1996-10-25 00:00:00,KVAL,24
1996-10-30 00:00:00,KVAL,24
1996-10-31 00:00:00,KVAL,24
1996-11-01 00:00:00,KVAL,27.25
1996-11-04 00:00:00,KVAL,27.25
1996-11-05 00:00:00,KVAL,27.5
1996-11-06 00:00:00,KVAL,28
1996-11-07 00:00:00,KVAL,29
1996-11-08 00:00:00,KVAL,29
1996-11-11 00:00:00,KVAL,28
1996-11-12 00:00:00,KVAL,28
1996-12-02 00:00:00,KVAL,25
1996-12-03 00:00:00,KVAL,23
1996-12-04 00:00:00,KVAL,22
1996-12-09 00:00:00,KVAL,23
1996-12-10 00:00:00,KVAL,23
1996-12-11 00:00:00,KVAL,23
1996-12-30 00:00:00,KVAL,23
1996-12-31 00:00:00,KVAL,23.25
1996-09-02 00:00:00,KZOO,0
1996-09-25 00:00:00,KZOO,0
1996-01-02 00:00:00,LALU,8
1996-01-09 00:00:00,LALU,7.5
1996-01-10 00:00:00,LALU,7.5
1996-01-16 00:00:00,LALU,7.25
1996-01-17 00:00:00,LALU,7.5
1996-01-24 00:00:00,LALU,7
1996-01-31 00:00:00,LALU,6.75
1996-02-22 00:00:00,LALU,4
1996-02-23 00:00:00,LALU,4
1996-02-26 00:00:00,LALU,4
1996-03-11 00:00:00,LALU,4.75
1996-03-12 00:00:00,LALU,5
1996-03-14 00:00:00,LALU,5.25
1996-03-20 00:00:00,LALU,5.25
1996-03-21 00:00:00,LALU,5.25
1996-04-04 00:00:00,LALU,5
1996-04-22 00:00:00,LALU,4.75
1996-04-26 00:00:00,LALU,5
1996-05-07 00:00:00,LALU,5
1996-05-08 00:00:00,LALU,5
1996-05-14 00:00:00,LALU,4.5
1996-05-17 00:00:00,LALU,5
1996-05-23 00:00:00,LALU,5
1996-06-05 00:00:00,LALU,4.5
1996-06-07 00:00:00,LALU,4.25
1996-06-17 00:00:00,LALU,4.25
1996-07-03 00:00:00,LALU,3.25
1996-07-04 00:00:00,LALU,3.25
1996-07-05 00:00:00,LALU,0
1996-07-10 00:00:00,LALU,0
1996-07-22 00:00:00,LALU,3.25
1996-08-15 00:00:00,LALU,4.25
1996-08-16 00:00:00,LALU,5
1996-08-20 00:00:00,LALU,4.5
1996-08-23 00:00:00,LALU,4.5
1996-09-02 00:00:00,LALU,4.5
SECURITY_DA,COMP,CLOSE_PRICE
-----------,----,-----------
1996-09-03 00:00:00,LALU,4.5
1996-09-05 00:00:00,LALU,5
1996-09-06 00:00:00,LALU,4.5
1996-09-11 00:00:00,LALU,4.75
1996-09-12 00:00:00,LALU,4.75
1996-09-13 00:00:00,LALU,4.75
1996-09-16 00:00:00,LALU,4.75
1996-09-18 00:00:00,LALU,4.75
1996-09-19 00:00:00,LALU,5
1996-09-20 00:00:00,LALU,5.25
1996-09-23 00:00:00,LALU,5
1996-09-27 00:00:00,LALU,5.25
1996-09-30 00:00:00,LALU,5.25
1996-10-03 00:00:00,LALU,6
1996-10-10 00:00:00,LALU,5.75
1996-10-14 00:00:00,LALU,5.75
1996-10-17 00:00:00,LALU,6
1996-10-18 00:00:00,LALU,6
1996-10-21 00:00:00,LALU,6
1996-10-22 00:00:00,LALU,6
1996-10-23 00:00:00,LALU,6
SECURITY_DA,COMP,CLOSE_PRICE
-----------,----,-----------
1996-10-29 00:00:00,LALU,6
1996-11-07 00:00:00,LALU,6.25
1996-11-11 00:00:00,LALU,7
1996-11-13 00:00:00,LALU,7.75
1996-11-14 00:00:00,LALU,7.75
1996-11-15 00:00:00,LALU,7.75
1996-11-22 00:00:00,LALU,7.5
1996-11-25 00:00:00,LALU,7
1996-12-04 00:00:00,LALU,6
1996-12-05 00:00:00,LALU,6
1996-12-09 00:00:00,LALU,6
1996-12-10 00:00:00,LALU,6
1996-12-13 00:00:00,LALU,6.5
1996-12-16 00:00:00,LALU,6.25
1996-01-04 00:00:00,LAMB,9.5
1996-01-23 00:00:00,LAMB,9.5
1996-02-29 00:00:00,LAMB,9.5
1996-05-17 00:00:00,LAMB,8.5
1996-11-22 00:00:00,LAMB,8.75
1996-01-08 00:00:00,LCEM,7
1996-01-09 00:00:00,LCEM,7
SECURITY_DA,COMP,CLOSE_PRICE
-----------,----,-----------
1996-01-10 00:00:00,LCEM,7
1996-01-11 00:00:00,LCEM,7
1996-01-12 00:00:00,LCEM,7
1996-01-16 00:00:00,LCEM,6.5
1996-01-30 00:00:00,LCEM,6
1996-02-13 00:00:00,LCEM,5.25
1996-03-05 00:00:00,LCEM,5.25
1996-03-06 00:00:00,LCEM,5.5
1996-03-08 00:00:00,LCEM,5
1996-03-11 00:00:00,LCEM,5
1996-03-12 00:00:00,LCEM,5
1996-03-15 00:00:00,LCEM,5
1996-05-14 00:00:00,LCEM,5
1996-05-16 00:00:00,LCEM,5.25
1996-05-17 00:00:00,LCEM,6
1996-05-20 00:00:00,LCEM,7
1996-05-21 00:00:00,LCEM,7
1996-05-24 00:00:00,LCEM,7
1996-05-28 00:00:00,LCEM,6.75
1996-05-29 00:00:00,LCEM,6.5
1996-05-30 00:00:00,LCEM,6.75
SECURITY_DA,COMP,CLOSE_PRICE
-----------,----,-----------
1996-06-10 00:00:00,LCEM,5.75
1996-06-11 00:00:00,LCEM,5
1996-06-12 00:00:00,LCEM,6.25
1996-06-13 00:00:00,LCEM,6.25
1996-06-18 00:00:00,LCEM,5.5
1996-06-19 00:00:00,LCEM,6.25
1996-07-03 00:00:00,LCEM,6
1996-07-04 00:00:00,LCEM,5.75
1996-07-08 00:00:00,LCEM,6
1996-07-09 00:00:00,LCEM,6
1996-07-15 00:00:00,LCEM,5.75
1996-08-08 00:00:00,LCEM,5.5
1996-08-09 00:00:00,LCEM,5.25
1996-08-16 00:00:00,LCEM,5
1996-08-20 00:00:00,LCEM,5
1996-08-21 00:00:00,LCEM,5
1996-08-26 00:00:00,LCEM,5
1996-09-13 00:00:00,LCEM,5
1996-10-15 00:00:00,LCEM,4
1996-10-17 00:00:00,LCEM,4
1996-10-18 00:00:00,LCEM,4
SECURITY_DA,COMP,CLOSE_PRICE
-----------,----,-----------
1996-11-07 00:00:00,LCEM,5
1996-11-12 00:00:00,LCEM,5
1996-11-13 00:00:00,LCEM,5
1996-11-20 00:00:00,LCEM,5
1996-11-22 00:00:00,LCEM,5
1996-11-25 00:00:00,LCEM,5
1996-11-27 00:00:00,LCEM,4.5
1996-12-02 00:00:00,LCEM,4.5
1996-12-04 00:00:00,LCEM,3.75
1996-12-05 00:00:00,LCEM,4.5
1996-12-09 00:00:00,LCEM,4.5
1996-12-11 00:00:00,LCEM,4.75
1996-12-12 00:00:00,LCEM,5
1996-12-30 00:00:00,LCEM,5
1996-12-31 00:00:00,LCEM,5.25
1996-01-04 00:00:00,LCEY,28
1996-01-10 00:00:00,LCEY,0
1996-01-19 00:00:00,LCEY,29
1996-01-22 00:00:00,LCEY,28
1996-01-25 00:00:00,LCEY,27
1996-01-26 00:00:00,LCEY,26
SECURITY_DA,COMP,CLOSE_PRICE
-----------,----,-----------
1996-02-09 00:00:00,LCEY,25.25
1996-02-12 00:00:00,LCEY,25
1996-02-13 00:00:00,LCEY,25
1996-02-15 00:00:00,LCEY,0
1996-02-16 00:00:00,LCEY,25
1996-02-23 00:00:00,LCEY,25
1996-02-27 00:00:00,LCEY,25
1996-03-01 00:00:00,LCEY,0
1996-03-07 00:00:00,LCEY,26.5
1996-03-08 00:00:00,LCEY,27
1996-03-12 00:00:00,LCEY,26
1996-03-20 00:00:00,LCEY,27.5
1996-03-21 00:00:00,LCEY,26.5
1996-03-27 00:00:00,LCEY,26.5
1996-03-28 00:00:00,LCEY,26.5
1996-04-01 00:00:00,LCEY,26.5
1996-04-02 00:00:00,LCEY,26.5
1996-04-04 00:00:00,LCEY,26.5
1996-04-08 00:00:00,LCEY,26.5
1996-04-09 00:00:00,LCEY,0
1996-04-10 00:00:00,LCEY,26.5
SECURITY_DA,COMP,CLOSE_PRICE
-----------,----,-----------
1996-04-15 00:00:00,LCEY,26.5
1996-04-18 00:00:00,LCEY,26.5
1996-04-25 00:00:00,LCEY,27
1996-04-29 00:00:00,LCEY,0
1996-04-30 00:00:00,LCEY,27
1996-05-07 00:00:00,LCEY,27.25
1996-05-08 00:00:00,LCEY,27.5
1996-05-09 00:00:00,LCEY,27.5
1996-05-10 00:00:00,LCEY,27.5
1996-05-27 00:00:00,LCEY,27.5
1996-06-11 00:00:00,LCEY,25
1996-07-02 00:00:00,LCEY,24
1996-07-04 00:00:00,LCEY,23.5
1996-07-05 00:00:00,LCEY,22.5
1996-07-08 00:00:00,LCEY,22
1996-07-12 00:00:00,LCEY,19
1996-07-17 00:00:00,LCEY,19
1996-08-01 00:00:00,LCEY,19
1996-08-02 00:00:00,LCEY,19
1996-08-05 00:00:00,LCEY,19
1996-08-09 00:00:00,LCEY,19
SECURITY_DA,COMP,CLOSE_PRICE
-----------,----,-----------
1996-08-26 00:00:00,LCEY,19
1996-09-04 00:00:00,LCEY,19
1996-09-05 00:00:00,LCEY,19
1996-09-19 00:00:00,LCEY,0
1996-10-02 00:00:00,LCEY,19
1996-10-11 00:00:00,LCEY,19.5
1996-10-15 00:00:00,LCEY,19.5
1996-10-18 00:00:00,LCEY,0
1996-10-22 00:00:00,LCEY,20.75
1996-10-28 00:00:00,LCEY,0
1996-11-22 00:00:00,LCEY,20.75
1996-11-25 00:00:00,LCEY,20.5
1996-11-26 00:00:00,LCEY,20.75
1996-11-27 00:00:00,LCEY,20.5
1996-12-03 00:00:00,LCEY,20.75
1996-12-27 00:00:00,LCEY,20.75
1996-12-31 00:00:00,LCEY,20
1996-01-04 00:00:00,LDEV,70
1996-01-11 00:00:00,LDEV,0
1996-01-16 00:00:00,LDEV,72
1996-01-23 00:00:00,LDEV,0
1996-11-22 00:00:00,LDEV,72
1996-01-10 00:00:00,LINV,23.5
1996-05-10 00:00:00,LINV,23
1996-05-15 00:00:00,LINV,23
1996-05-20 00:00:00,LINV,23
1996-11-22 00:00:00,LINV,0
1996-12-19 00:00:00,LINV,21.75
1996-11-19 00:00:00,LLUB,45
1996-12-12 00:00:00,LLUB,45
1996-12-18 00:00:00,LLUB,44
1996-12-19 00:00:00,LLUB,40
1996-12-20 00:00:00,LLUB,40
1996-12-31 00:00:00,LLUB,50
1996-01-02 00:00:00,LMF,14.5
1996-01-03 00:00:00,LMF,14
1996-01-08 00:00:00,LMF,14
1996-01-09 00:00:00,LMF,14.25
1996-01-10 00:00:00,LMF,14.25
1996-01-11 00:00:00,LMF,14
1996-01-12 00:00:00,LMF,14
1996-01-16 00:00:00,LMF,13.75
SECURITY_DA,COMP,CLOSE_PRICE
-----------,----,-----------
1996-01-17 00:00:00,LMF,13.75
1996-01-18 00:00:00,LMF,0
1996-01-19 00:00:00,LMF,14
1996-01-22 00:00:00,LMF,13.75
1996-01-23 00:00:00,LMF,13.75
1996-01-24 00:00:00,LMF,13.75
1996-01-25 00:00:00,LMF,13.75
1996-01-26 00:00:00,LMF,14
1996-01-29 00:00:00,LMF,14
1996-01-30 00:00:00,LMF,14.25
1996-02-02 00:00:00,LMF,14.5
1996-02-06 00:00:00,LMF,14.25
1996-02-07 00:00:00,LMF,13.75
1996-02-08 00:00:00,LMF,13.75
1996-02-09 00:00:00,LMF,14
1996-02-12 00:00:00,LMF,14
1996-02-13 00:00:00,LMF,14
1996-02-14 00:00:00,LMF,14
1996-02-15 00:00:00,LMF,14.25
1996-02-16 00:00:00,LMF,14
1996-02-19 00:00:00,LMF,14
SECURITY_DA,COMP,CLOSE_PRICE
-----------,----,-----------
1996-02-20 00:00:00,LMF,14
1996-02-21 00:00:00,LMF,14
1996-02-22 00:00:00,LMF,14
1996-02-23 00:00:00,LMF,14
1996-02-26 00:00:00,LMF,13.75
1996-02-27 00:00:00,LMF,13.75
1996-02-28 00:00:00,LMF,13.75
1996-02-29 00:00:00,LMF,13.75
1996-03-01 00:00:00,LMF,13.5
1996-03-05 00:00:00,LMF,13.75
1996-03-06 00:00:00,LMF,14
1996-03-07 00:00:00,LMF,14
1996-03-08 00:00:00,LMF,14
1996-03-11 00:00:00,LMF,14
1996-03-12 00:00:00,LMF,13.5
1996-03-13 00:00:00,LMF,13.5
1996-03-14 00:00:00,LMF,13
1996-03-15 00:00:00,LMF,12.75
1996-03-20 00:00:00,LMF,13
1996-03-21 00:00:00,LMF,12.5
1996-03-22 00:00:00,LMF,12
SECURITY_DA,COMP,CLOSE_PRICE
-----------,----,-----------
1996-03-25 00:00:00,LMF,12.25
1996-03-26 00:00:00,LMF,12
1996-03-27 00:00:00,LMF,11.5
1996-03-28 00:00:00,LMF,11.5
1996-03-29 00:00:00,LMF,11.25
1996-04-01 00:00:00,LMF,10.5
1996-04-02 00:00:00,LMF,10.5
1996-04-04 00:00:00,LMF,10.75
1996-04-09 00:00:00,LMF,10.75
1996-04-10 00:00:00,LMF,10.75
1996-04-15 00:00:00,LMF,11
1996-04-17 00:00:00,LMF,11.5
1996-04-18 00:00:00,LMF,11.25
1996-04-19 00:00:00,LMF,11
1996-04-22 00:00:00,LMF,11
1996-04-23 00:00:00,LMF,11
1996-04-25 00:00:00,LMF,11
1996-04-29 00:00:00,LMF,11.25
1996-04-30 00:00:00,LMF,11.5
1996-05-06 00:00:00,LMF,11.5
1996-05-07 00:00:00,LMF,11.25
SECURITY_DA,COMP,CLOSE_PRICE
-----------,----,-----------
1996-05-08 00:00:00,LMF,11.25
1996-05-09 00:00:00,LMF,11.25
1996-05-10 00:00:00,LMF,11.25
1996-05-13 00:00:00,LMF,11
1996-05-14 00:00:00,LMF,11
1996-05-15 00:00:00,LMF,11
1996-05-16 00:00:00,LMF,11
1996-05-17 00:00:00,LMF,10.75
1996-05-20 00:00:00,LMF,10.5
1996-05-21 00:00:00,LMF,10
1996-05-22 00:00:00,LMF,10
1996-05-23 00:00:00,LMF,9.75
1996-05-24 00:00:00,LMF,10
1996-05-28 00:00:00,LMF,9.75
1996-06-04 00:00:00,LMF,9.75
1996-06-05 00:00:00,LMF,9
1996-06-06 00:00:00,LMF,9
1996-06-10 00:00:00,LMF,9
1996-06-11 00:00:00,LMF,9
1996-06-12 00:00:00,LMF,9
1996-06-13 00:00:00,LMF,9
SECURITY_DA,COMP,CLOSE_PRICE
-----------,----,-----------
1996-06-14 00:00:00,LMF,9.25
1996-06-17 00:00:00,LMF,9.25
1996-06-18 00:00:00,LMF,9.25
1996-06-19 00:00:00,LMF,9
1996-06-21 00:00:00,LMF,8.75
1996-06-24 00:00:00,LMF,8.5
1996-06-25 00:00:00,LMF,8.25
1996-06-27 00:00:00,LMF,7.5
1996-06-28 00:00:00,LMF,7.5
1996-07-02 00:00:00,LMF,7.25
1996-07-03 00:00:00,LMF,6.75
1996-07-08 00:00:00,LMF,6.75
1996-07-10 00:00:00,LMF,6.75
1996-07-11 00:00:00,LMF,6.75
1996-07-12 00:00:00,LMF,6.5
1996-07-15 00:00:00,LMF,6.5
1996-07-16 00:00:00,LMF,6.5
1996-07-17 00:00:00,LMF,6.5
1996-07-24 00:00:00,LMF,6.75
1996-07-25 00:00:00,LMF,7
1996-07-26 00:00:00,LMF,7
SECURITY_DA,COMP,CLOSE_PRICE
-----------,----,-----------
1996-07-31 00:00:00,LMF,7.5
1996-08-05 00:00:00,LMF,8.5
1996-08-06 00:00:00,LMF,8.75
1996-08-07 00:00:00,LMF,9
1996-08-08 00:00:00,LMF,9.5
1996-08-09 00:00:00,LMF,9.75
1996-08-12 00:00:00,LMF,9
1996-08-13 00:00:00,LMF,8.75
1996-08-14 00:00:00,LMF,8.75
1996-08-15 00:00:00,LMF,9.25
1996-08-16 00:00:00,LMF,8.5
1996-08-19 00:00:00,LMF,7
1996-08-20 00:00:00,LMF,7
1996-08-21 00:00:00,LMF,7
1996-08-22 00:00:00,LMF,7
1996-08-23 00:00:00,LMF,7.25
1996-08-26 00:00:00,LMF,7
1996-08-27 00:00:00,LMF,7.25
1996-08-29 00:00:00,LMF,7.25
1996-08-30 00:00:00,LMF,7.25
1996-09-02 00:00:00,LMF,7.25
SECURITY_DA,COMP,CLOSE_PRICE
-----------,----,-----------
1996-09-03 00:00:00,LMF,7.25
1996-09-04 00:00:00,LMF,7.25
1996-09-05 00:00:00,LMF,7
1996-09-06 00:00:00,LMF,7.25
1996-09-09 00:00:00,LMF,7.25
1996-09-10 00:00:00,LMF,7.25
1996-09-11 00:00:00,LMF,7.25
1996-09-12 00:00:00,LMF,7.5
1996-09-13 00:00:00,LMF,7.5
1996-09-16 00:00:00,LMF,7.75
1996-09-17 00:00:00,LMF,7.75
1996-09-18 00:00:00,LMF,8
1996-09-19 00:00:00,LMF,8
1996-09-20 00:00:00,LMF,8.5
1996-09-23 00:00:00,LMF,9
1996-09-24 00:00:00,LMF,9
1996-09-25 00:00:00,LMF,9.5
1996-09-27 00:00:00,LMF,9.5
1996-09-30 00:00:00,LMF,9.75
1996-10-01 00:00:00,LMF,10
1996-10-02 00:00:00,LMF,10.25
SECURITY_DA,COMP,CLOSE_PRICE
-----------,----,-----------
1996-10-03 00:00:00,LMF,10.25
1996-10-07 00:00:00,LMF,10
1996-10-08 00:00:00,LMF,10
1996-10-09 00:00:00,LMF,9.75
1996-10-10 00:00:00,LMF,9.5
1996-10-11 00:00:00,LMF,9.5
1996-10-14 00:00:00,LMF,9
1996-10-15 00:00:00,LMF,9
1996-10-16 00:00:00,LMF,10.25
1996-10-17 00:00:00,LMF,10.25
1996-10-18 00:00:00,LMF,9.75
1996-10-21 00:00:00,LMF,9.5
1996-10-22 00:00:00,LMF,9.75
1996-10-23 00:00:00,LMF,9.5
1996-10-24 00:00:00,LMF,9
1996-10-25 00:00:00,LMF,8.75
1996-10-28 00:00:00,LMF,9
1996-10-29 00:00:00,LMF,8.75
1996-10-30 00:00:00,LMF,9.5
1996-11-04 00:00:00,LMF,9.5
1996-11-05 00:00:00,LMF,9.5
SECURITY_DA,COMP,CLOSE_PRICE
-----------,----,-----------
1996-11-06 00:00:00,LMF,9
1996-11-07 00:00:00,LMF,10.75
1996-11-08 00:00:00,LMF,10.75
1996-11-11 00:00:00,LMF,12.25
1996-11-12 00:00:00,LMF,12
1996-11-13 00:00:00,LMF,12
1996-11-14 00:00:00,LMF,0
1996-11-15 00:00:00,LMF,11.25
1996-11-18 00:00:00,LMF,11.25
1996-11-19 00:00:00,LMF,11
1996-11-20 00:00:00,LMF,11
1996-11-21 00:00:00,LMF,10.5
1996-11-22 00:00:00,LMF,10.25
1996-11-25 00:00:00,LMF,10
1996-11-26 00:00:00,LMF,10.25
1996-11-27 00:00:00,LMF,11
1996-11-28 00:00:00,LMF,10.5
1996-11-29 00:00:00,LMF,10.25
1996-12-02 00:00:00,LMF,10.5
1996-12-03 00:00:00,LMF,10.75
1996-12-04 00:00:00,LMF,10
1996-12-05 00:00:00,LMF,10.5
1996-12-10 00:00:00,LMF,10
1996-12-11 00:00:00,LMF,10
1996-12-17 00:00:00,LMF,9.5
1996-12-18 00:00:00,LMF,9.5
1996-12-19 00:00:00,LMF,9.5
1996-12-20 00:00:00,LMF,10
1996-12-23 00:00:00,LMF,10
1996-12-30 00:00:00,LMF,10
1996-12-31 00:00:00,LMF,10
1996-01-08 00:00:00,LOLC,157
1996-01-12 00:00:00,LOLC,157
1996-01-16 00:00:00,LOLC,157
1996-01-19 00:00:00,LOLC,156
1996-01-23 00:00:00,LOLC,155
1996-01-24 00:00:00,LOLC,155
1996-01-31 00:00:00,LOLC,153
1996-02-02 00:00:00,LOLC,153
1996-02-13 00:00:00,LOLC,153
1996-02-15 00:00:00,LOLC,153
1996-02-16 00:00:00,LOLC,153.25
1996-02-22 00:00:00,LOLC,153.25
1996-02-23 00:00:00,LOLC,156
1996-02-26 00:00:00,LOLC,158.25
1996-02-27 00:00:00,LOLC,158.25
1996-02-28 00:00:00,LOLC,161
1996-02-29 00:00:00,LOLC,163
1996-03-08 00:00:00,LOLC,163
1996-03-15 00:00:00,LOLC,165
1996-03-18 00:00:00,LOLC,170
1996-03-19 00:00:00,LOLC,170
1996-03-20 00:00:00,LOLC,165
1996-03-22 00:00:00,LOLC,160
1996-03-25 00:00:00,LOLC,160.5
1996-03-26 00:00:00,LOLC,160
1996-03-27 00:00:00,LOLC,160
1996-03-29 00:00:00,LOLC,157.75
1996-04-01 00:00:00,LOLC,155
1996-04-02 00:00:00,LOLC,157.25
1996-04-10 00:00:00,LOLC,157.25
1996-04-15 00:00:00,LOLC,155
1996-04-17 00:00:00,LOLC,156
1996-04-24 00:00:00,LOLC,155
1996-04-26 00:00:00,LOLC,155
1996-04-29 00:00:00,LOLC,155
1996-05-09 00:00:00,LOLC,155
1996-05-13 00:00:00,LOLC,155
1996-05-14 00:00:00,LOLC,155
1996-05-15 00:00:00,LOLC,155
1996-05-16 00:00:00,LOLC,155
1996-05-17 00:00:00,LOLC,155
1996-05-21 00:00:00,LOLC,155
1996-05-22 00:00:00,LOLC,155
1996-05-30 00:00:00,LOLC,155
1996-06-10 00:00:00,LOLC,155
1996-06-21 00:00:00,LOLC,155
1996-07-22 00:00:00,LOLC,125
1996-08-02 00:00:00,LOLC,112.75
1996-08-08 00:00:00,LOLC,108
1996-08-09 00:00:00,LOLC,108
1996-08-19 00:00:00,LOLC,105.25
1996-08-20 00:00:00,LOLC,105.5
1996-08-21 00:00:00,LOLC,105.5
1996-08-29 00:00:00,LOLC,107
1996-08-30 00:00:00,LOLC,108
1996-09-02 00:00:00,LOLC,108
1996-09-05 00:00:00,LOLC,108
1996-09-12 00:00:00,LOLC,108
1996-09-25 00:00:00,LOLC,108
1996-09-27 00:00:00,LOLC,108.25
1996-10-10 00:00:00,LOLC,108.25
1996-10-14 00:00:00,LOLC,110
1996-10-17 00:00:00,LOLC,120
1996-10-18 00:00:00,LOLC,122
1996-10-22 00:00:00,LOLC,121
1996-10-24 00:00:00,LOLC,121
1996-10-28 00:00:00,LOLC,125
1996-10-29 00:00:00,LOLC,130
1996-10-30 00:00:00,LOLC,136
1996-10-31 00:00:00,LOLC,140
1996-11-01 00:00:00,LOLC,140
1996-11-06 00:00:00,LOLC,137
1996-11-07 00:00:00,LOLC,140
1996-11-08 00:00:00,LOLC,140
1996-11-11 00:00:00,LOLC,140
1996-11-12 00:00:00,LOLC,143
1996-11-13 00:00:00,LOLC,145
1996-11-14 00:00:00,LOLC,152
1996-11-19 00:00:00,LOLC,143
1996-11-22 00:00:00,LOLC,143
1996-11-26 00:00:00,LOLC,142
1996-11-27 00:00:00,LOLC,142
1996-11-29 00:00:00,LOLC,142
1996-12-02 00:00:00,LOLC,142
1996-12-10 00:00:00,LOLC,142.25
1996-12-11 00:00:00,LOLC,142.25
1996-12-18 00:00:00,LOLC,145.25
1996-12-31 00:00:00,LOLC,143.5
1996-09-03 00:00:00,LPRT,21
1996-09-04 00:00:00,LPRT,0
1996-09-09 00:00:00,LPRT,26.25
1996-09-11 00:00:00,LPRT,29.25
1996-09-17 00:00:00,LPRT,28
1996-09-19 00:00:00,LPRT,32
1996-12-05 00:00:00,LPRT,30.25
1996-12-09 00:00:00,LPRT,31.5
1996-12-12 00:00:00,LPRT,0
1996-12-19 00:00:00,LPRT,0
1996-02-29 00:00:00,LVEN,14
1996-03-06 00:00:00,LVEN,13
1996-05-16 00:00:00,LVEN,12
1996-07-05 00:00:00,LVEN,12
1996-09-03 00:00:00,LVEN,11
1996-09-24 00:00:00,LVEN,12
1996-09-27 00:00:00,LVEN,11
1996-11-12 00:00:00,LVEN,10
1996-11-14 00:00:00,LVEN,10
1996-11-15 00:00:00,LVEN,10
1996-11-25 00:00:00,LVEN,9.75
1996-11-27 00:00:00,LVEN,8.75
1996-12-03 00:00:00,LVEN,8.75
1996-12-30 00:00:00,LVEN,8.75
1996-12-31 00:00:00,LVEN,8.25
1996-01-03 00:00:00,LWL,49
1996-01-08 00:00:00,LWL,49
1996-01-09 00:00:00,LWL,48
1996-01-10 00:00:00,LWL,47.5
1996-01-11 00:00:00,LWL,47.5
1996-01-12 00:00:00,LWL,47.5
1996-01-16 00:00:00,LWL,47.5
1996-01-17 00:00:00,LWL,46.5
1996-01-18 00:00:00,LWL,46.5
1996-01-19 00:00:00,LWL,46.5
1996-01-22 00:00:00,LWL,47
1996-01-23 00:00:00,LWL,47
1996-01-24 00:00:00,LWL,47.5
1996-01-25 00:00:00,LWL,47.5
1996-01-26 00:00:00,LWL,48
1996-01-29 00:00:00,LWL,48
1996-01-30 00:00:00,LWL,48.5
1996-01-31 00:00:00,LWL,49
1996-02-02 00:00:00,LWL,46.75
1996-02-06 00:00:00,LWL,46
1996-02-07 00:00:00,LWL,44
1996-02-08 00:00:00,LWL,43.5
1996-02-09 00:00:00,LWL,44
1996-02-12 00:00:00,LWL,44
1996-02-13 00:00:00,LWL,44
1996-02-14 00:00:00,LWL,44.5
1996-02-15 00:00:00,LWL,44.5
1996-02-16 00:00:00,LWL,45
1996-02-19 00:00:00,LWL,45.25
1996-02-20 00:00:00,LWL,45.5
1996-02-22 00:00:00,LWL,46
1996-02-23 00:00:00,LWL,47
1996-02-26 00:00:00,LWL,47
1996-02-27 00:00:00,LWL,48.5
1996-02-28 00:00:00,LWL,52.25
1996-02-29 00:00:00,LWL,53
1996-03-01 00:00:00,LWL,53
1996-03-05 00:00:00,LWL,53
1996-03-06 00:00:00,LWL,53
1996-03-07 00:00:00,LWL,53
1996-03-08 00:00:00,LWL,53
1996-03-11 00:00:00,LWL,53
1996-03-12 00:00:00,LWL,53
1996-03-13 00:00:00,LWL,53.25
1996-03-14 00:00:00,LWL,55
1996-03-15 00:00:00,LWL,55
1996-03-18 00:00:00,LWL,54.5
1996-03-19 00:00:00,LWL,54
1996-03-20 00:00:00,LWL,54
1996-03-21 00:00:00,LWL,54
1996-03-22 00:00:00,LWL,54
1996-03-25 00:00:00,LWL,53
1996-03-26 00:00:00,LWL,53
1996-03-27 00:00:00,LWL,53.25
1996-03-28 00:00:00,LWL,53
1996-03-29 00:00:00,LWL,52.5
1996-04-01 00:00:00,LWL,53
1996-04-02 00:00:00,LWL,53
1996-04-04 00:00:00,LWL,53
1996-04-08 00:00:00,LWL,53
1996-04-09 00:00:00,LWL,53
1996-04-10 00:00:00,LWL,53
1996-04-15 00:00:00,LWL,53
1996-04-16 00:00:00,LWL,53
1996-04-17 00:00:00,LWL,53
1996-04-18 00:00:00,LWL,53
1996-04-19 00:00:00,LWL,53
1996-04-22 00:00:00,LWL,52
1996-04-23 00:00:00,LWL,52
1996-04-24 00:00:00,LWL,52
1996-04-25 00:00:00,LWL,52
1996-04-26 00:00:00,LWL,52
1996-04-29 00:00:00,LWL,52
1996-04-30 00:00:00,LWL,53
1996-05-06 00:00:00,LWL,54
1996-05-07 00:00:00,LWL,54
1996-05-08 00:00:00,LWL,53.5
1996-05-09 00:00:00,LWL,54
1996-05-10 00:00:00,LWL,54
1996-05-13 00:00:00,LWL,54
1996-05-14 00:00:00,LWL,54
1996-05-15 00:00:00,LWL,55
1996-05-16 00:00:00,LWL,54.5
1996-05-17 00:00:00,LWL,55
1996-05-20 00:00:00,LWL,54.5
1996-05-21 00:00:00,LWL,54.75
1996-05-22 00:00:00,LWL,54.5
1996-05-23 00:00:00,LWL,54.75
1996-05-24 00:00:00,LWL,54.75
1996-05-27 00:00:00,LWL,54.75
1996-05-28 00:00:00,LWL,55
1996-05-29 00:00:00,LWL,54.75
1996-05-30 00:00:00,LWL,55
1996-06-03 00:00:00,LWL,54.25
1996-06-04 00:00:00,LWL,50
1996-06-05 00:00:00,LWL,47
1996-06-06 00:00:00,LWL,46
1996-06-07 00:00:00,LWL,45
1996-06-10 00:00:00,LWL,45.5
1996-06-11 00:00:00,LWL,45
1996-06-12 00:00:00,LWL,45
1996-06-13 00:00:00,LWL,45
1996-06-14 00:00:00,LWL,45
1996-06-17 00:00:00,LWL,45.25
1996-06-18 00:00:00,LWL,45
1996-06-19 00:00:00,LWL,44
1996-06-20 00:00:00,LWL,44
1996-06-21 00:00:00,LWL,44
1996-06-24 00:00:00,LWL,44
1996-06-25 00:00:00,LWL,44
1996-06-26 00:00:00,LWL,43
1996-06-27 00:00:00,LWL,43
1996-06-28 00:00:00,LWL,42.5
1996-07-01 00:00:00,LWL,42
1996-07-02 00:00:00,LWL,42
1996-07-03 00:00:00,LWL,42
1996-07-04 00:00:00,LWL,41
1996-07-05 00:00:00,LWL,40
1996-07-10 00:00:00,LWL,30.5
1996-07-11 00:00:00,LWL,30.5
1996-07-12 00:00:00,LWL,31.25
1996-07-15 00:00:00,LWL,31.5
1996-07-16 00:00:00,LWL,31.5
1996-07-17 00:00:00,LWL,31
1996-07-18 00:00:00,LWL,31
1996-07-19 00:00:00,LWL,29
1996-07-22 00:00:00,LWL,27
1996-07-23 00:00:00,LWL,27.25
1996-07-24 00:00:00,LWL,28
1996-07-25 00:00:00,LWL,27
1996-07-31 00:00:00,LWL,27.5
1996-08-01 00:00:00,LWL,28
1996-08-02 00:00:00,LWL,30
1996-08-05 00:00:00,LWL,29.5
1996-08-06 00:00:00,LWL,29.5
1996-08-07 00:00:00,LWL,29.5
1996-08-08 00:00:00,LWL,29.5
1996-08-09 00:00:00,LWL,29.5
1996-08-12 00:00:00,LWL,29.5
1996-08-13 00:00:00,LWL,29.5
1996-08-14 00:00:00,LWL,29.5
1996-08-15 00:00:00,LWL,29.5
1996-08-16 00:00:00,LWL,29.5
1996-08-19 00:00:00,LWL,29.25
1996-08-20 00:00:00,LWL,29.25
1996-08-21 00:00:00,LWL,29
1996-08-22 00:00:00,LWL,29.25
1996-08-23 00:00:00,LWL,29.25
1996-08-26 00:00:00,LWL,28
1996-09-02 00:00:00,LWL,27
1996-09-04 00:00:00,LWL,25
1996-09-05 00:00:00,LWL,25
1996-09-06 00:00:00,LWL,24.25
1996-09-09 00:00:00,LWL,24.5
1996-09-10 00:00:00,LWL,24
1996-09-11 00:00:00,LWL,24
1996-09-12 00:00:00,LWL,24
1996-09-13 00:00:00,LWL,0
1996-09-16 00:00:00,LWL,24
1996-09-17 00:00:00,LWL,24
1996-09-19 00:00:00,LWL,24.25
1996-09-20 00:00:00,LWL,24.25
1996-09-23 00:00:00,LWL,25.25
1996-09-24 00:00:00,LWL,27
1996-09-25 00:00:00,LWL,27.5
1996-09-27 00:00:00,LWL,27.25
1996-09-30 00:00:00,LWL,28
1996-10-01 00:00:00,LWL,29
1996-10-02 00:00:00,LWL,31
1996-10-03 00:00:00,LWL,30.75
1996-10-04 00:00:00,LWL,31
1996-10-07 00:00:00,LWL,30
1996-10-08 00:00:00,LWL,29.5
1996-10-09 00:00:00,LWL,28.5
1996-10-11 00:00:00,LWL,29
1996-10-15 00:00:00,LWL,28.5
1996-10-16 00:00:00,LWL,28.75
1996-10-17 00:00:00,LWL,29.5
1996-10-18 00:00:00,LWL,29.5
1996-10-21 00:00:00,LWL,29
1996-10-23 00:00:00,LWL,28.5
1996-10-24 00:00:00,LWL,25.5
1996-10-25 00:00:00,LWL,25.5
1996-10-28 00:00:00,LWL,25.75
1996-10-29 00:00:00,LWL,26
1996-10-30 00:00:00,LWL,25
1996-10-31 00:00:00,LWL,25.25
1996-11-01 00:00:00,LWL,25.25
1996-11-05 00:00:00,LWL,25.75
1996-11-06 00:00:00,LWL,26
1996-11-07 00:00:00,LWL,28
1996-11-08 00:00:00,LWL,28
1996-11-11 00:00:00,LWL,29
1996-11-12 00:00:00,LWL,28.75
1996-11-13 00:00:00,LWL,28
1996-11-14 00:00:00,LWL,27.25
1996-11-15 00:00:00,LWL,27.75
1996-11-18 00:00:00,LWL,28
1996-11-19 00:00:00,LWL,27
1996-11-20 00:00:00,LWL,27
1996-11-21 00:00:00,LWL,27.5
1996-11-22 00:00:00,LWL,27
1996-11-25 00:00:00,LWL,26
1996-11-26 00:00:00,LWL,25.5
1996-11-27 00:00:00,LWL,25.5
1996-11-29 00:00:00,LWL,25.5
1996-12-02 00:00:00,LWL,25.5
1996-12-03 00:00:00,LWL,25.5
1996-12-04 00:00:00,LWL,25
1996-12-05 00:00:00,LWL,25
1996-12-06 00:00:00,LWL,25
1996-12-09 00:00:00,LWL,25
1996-12-10 00:00:00,LWL,25
1996-12-12 00:00:00,LWL,25
1996-12-13 00:00:00,LWL,25.25
1996-12-16 00:00:00,LWL,26
1996-12-17 00:00:00,LWL,26
1996-12-18 00:00:00,LWL,26
1996-12-19 00:00:00,LWL,26.25
1996-12-20 00:00:00,LWL,27
1996-12-31 00:00:00,LWL,27
1996-01-02 00:00:00,MBSL,24
1996-01-03 00:00:00,MBSL,23.25
1996-01-04 00:00:00,MBSL,23.75
1996-01-08 00:00:00,MBSL,22.25
1996-01-09 00:00:00,MBSL,22
1996-01-10 00:00:00,MBSL,22
1996-01-11 00:00:00,MBSL,22
1996-01-12 00:00:00,MBSL,22.5
1996-01-16 00:00:00,MBSL,22.5
1996-01-17 00:00:00,MBSL,22
1996-01-18 00:00:00,MBSL,22
1996-01-19 00:00:00,MBSL,22
1996-01-22 00:00:00,MBSL,22.25
SECURITY_DA,COMP,CLOSE_PRICE
-----------,----,-----------
1996-01-23 00:00:00,MBSL,22
1996-01-24 00:00:00,MBSL,22
1996-01-25 00:00:00,MBSL,22
1996-01-26 00:00:00,MBSL,22
1996-01-29 00:00:00,MBSL,22.25
1996-01-30 00:00:00,MBSL,22
1996-01-31 00:00:00,MBSL,22
1996-02-01 00:00:00,MBSL,21
1996-02-06 00:00:00,MBSL,21
1996-02-07 00:00:00,MBSL,21.25
1996-02-08 00:00:00,MBSL,21.25
1996-02-09 00:00:00,MBSL,21.5
1996-02-12 00:00:00,MBSL,22
1996-02-13 00:00:00,MBSL,21
1996-02-14 00:00:00,MBSL,21
1996-02-15 00:00:00,MBSL,21.25
1996-02-16 00:00:00,MBSL,22
1996-02-19 00:00:00,MBSL,0
1996-02-20 00:00:00,MBSL,21
1996-02-21 00:00:00,MBSL,21.25
1996-02-22 00:00:00,MBSL,21.5
SECURITY_DA,COMP,CLOSE_PRICE
-----------,----,-----------
1996-02-23 00:00:00,MBSL,22
1996-02-26 00:00:00,MBSL,23
1996-02-27 00:00:00,MBSL,22.5
1996-02-28 00:00:00,MBSL,22.25
1996-02-29 00:00:00,MBSL,22.5
1996-03-01 00:00:00,MBSL,22
1996-03-05 00:00:00,MBSL,21.75
1996-03-06 00:00:00,MBSL,22.5
1996-03-07 00:00:00,MBSL,22.25
1996-03-08 00:00:00,MBSL,25
1996-03-11 00:00:00,MBSL,24.5
1996-03-12 00:00:00,MBSL,22
1996-03-13 00:00:00,MBSL,22.75
1996-03-14 00:00:00,MBSL,23.25
1996-03-15 00:00:00,MBSL,23
1996-03-18 00:00:00,MBSL,23.75
1996-03-19 00:00:00,MBSL,23.5
1996-03-20 00:00:00,MBSL,24.75
1996-03-21 00:00:00,MBSL,24
1996-03-22 00:00:00,MBSL,24
1996-03-25 00:00:00,MBSL,23
SECURITY_DA,COMP,CLOSE_PRICE
-----------,----,-----------
1996-03-26 00:00:00,MBSL,22.25
1996-03-27 00:00:00,MBSL,22
1996-03-28 00:00:00,MBSL,21
1996-03-29 00:00:00,MBSL,20.75
1996-04-01 00:00:00,MBSL,20.5
1996-04-02 00:00:00,MBSL,20
1996-04-04 00:00:00,MBSL,20.5
1996-04-08 00:00:00,MBSL,20.5
1996-04-09 00:00:00,MBSL,21
1996-04-10 00:00:00,MBSL,0
1996-04-15 00:00:00,MBSL,20.5
1996-04-17 00:00:00,MBSL,20.5
1996-04-18 00:00:00,MBSL,20.5
1996-04-19 00:00:00,MBSL,20
1996-04-22 00:00:00,MBSL,20
1996-04-23 00:00:00,MBSL,20
1996-04-24 00:00:00,MBSL,20
1996-04-25 00:00:00,MBSL,20
1996-04-26 00:00:00,MBSL,20
1996-04-29 00:00:00,MBSL,20
1996-04-30 00:00:00,MBSL,19.5
SECURITY_DA,COMP,CLOSE_PRICE
-----------,----,-----------
1996-05-06 00:00:00,MBSL,20
1996-05-07 00:00:00,MBSL,20
1996-05-08 00:00:00,MBSL,19.75
1996-05-09 00:00:00,MBSL,19.75
1996-05-10 00:00:00,MBSL,19.75
1996-05-13 00:00:00,MBSL,19.5
1996-05-14 00:00:00,MBSL,19
1996-05-15 00:00:00,MBSL,18.5
1996-05-16 00:00:00,MBSL,18
1996-05-17 00:00:00,MBSL,17.5
1996-05-20 00:00:00,MBSL,17.5
1996-05-21 00:00:00,MBSL,17.5
1996-05-22 00:00:00,MBSL,17.75
1996-05-23 00:00:00,MBSL,17.75
1996-05-24 00:00:00,MBSL,18
1996-05-27 00:00:00,MBSL,18
1996-05-28 00:00:00,MBSL,18
1996-05-29 00:00:00,MBSL,17.75
1996-05-30 00:00:00,MBSL,17.5
1996-06-03 00:00:00,MBSL,17.5
1996-06-04 00:00:00,MBSL,17.5
SECURITY_DA,COMP,CLOSE_PRICE
-----------,----,-----------
1996-06-05 00:00:00,MBSL,16
1996-06-06 00:00:00,MBSL,15
1996-06-07 00:00:00,MBSL,13
1996-06-10 00:00:00,MBSL,12.5
1996-06-11 00:00:00,MBSL,12
1996-06-12 00:00:00,MBSL,12.5
1996-06-13 00:00:00,MBSL,12.75
1996-06-14 00:00:00,MBSL,0
1996-06-18 00:00:00,MBSL,14
1996-06-19 00:00:00,MBSL,14
1996-06-20 00:00:00,MBSL,13
1996-06-21 00:00:00,MBSL,13
1996-06-24 00:00:00,MBSL,13
1996-06-25 00:00:00,MBSL,13
1996-06-26 00:00:00,MBSL,13
1996-06-27 00:00:00,MBSL,13
1996-06-28 00:00:00,MBSL,12.75
1996-07-01 00:00:00,MBSL,13
1996-07-02 00:00:00,MBSL,13
1996-07-03 00:00:00,MBSL,12.5
1996-07-04 00:00:00,MBSL,12.5
SECURITY_DA,COMP,CLOSE_PRICE
-----------,----,-----------
1996-07-05 00:00:00,MBSL,12.5
1996-07-08 00:00:00,MBSL,11
1996-07-09 00:00:00,MBSL,11.25
1996-07-10 00:00:00,MBSL,11.25
1996-07-11 00:00:00,MBSL,11
1996-07-12 00:00:00,MBSL,11
1996-07-15 00:00:00,MBSL,11
1996-07-16 00:00:00,MBSL,10
1996-07-17 00:00:00,MBSL,10.25
1996-07-18 00:00:00,MBSL,11
1996-07-19 00:00:00,MBSL,11.25
1996-07-22 00:00:00,MBSL,11.75
1996-07-23 00:00:00,MBSL,12.25
1996-07-24 00:00:00,MBSL,13.25
1996-07-25 00:00:00,MBSL,13.25
1996-07-26 00:00:00,MBSL,13.5
1996-07-31 00:00:00,MBSL,14.25
1996-08-01 00:00:00,MBSL,14
1996-08-02 00:00:00,MBSL,14
1996-08-05 00:00:00,MBSL,14.5
1996-08-06 00:00:00,MBSL,14.25
SECURITY_DA,COMP,CLOSE_PRICE
-----------,----,-----------
1996-08-07 00:00:00,MBSL,14.75
1996-08-08 00:00:00,MBSL,15
1996-08-09 00:00:00,MBSL,14.75
1996-08-12 00:00:00,MBSL,14.5
1996-08-13 00:00:00,MBSL,14
1996-08-14 00:00:00,MBSL,14
1996-08-15 00:00:00,MBSL,14
1996-08-16 00:00:00,MBSL,14
1996-08-19 00:00:00,MBSL,13.75
1996-08-20 00:00:00,MBSL,13.75
1996-08-21 00:00:00,MBSL,13.5
1996-08-22 00:00:00,MBSL,13.25
1996-08-23 00:00:00,MBSL,13.5
1996-08-26 00:00:00,MBSL,13.75
1996-08-27 00:00:00,MBSL,13.75
1996-08-29 00:00:00,MBSL,13.75
1996-08-30 00:00:00,MBSL,14.25
1996-09-02 00:00:00,MBSL,14
1996-09-03 00:00:00,MBSL,14.25
1996-09-04 00:00:00,MBSL,14.25
1996-09-06 00:00:00,MBSL,14
SECURITY_DA,COMP,CLOSE_PRICE
-----------,----,-----------
1996-09-09 00:00:00,MBSL,14.25
1996-09-10 00:00:00,MBSL,14.25
1996-09-11 00:00:00,MBSL,14
1996-09-12 00:00:00,MBSL,14.25
1996-09-13 00:00:00,MBSL,14.5
1996-09-17 00:00:00,MBSL,15
1996-09-18 00:00:00,MBSL,15
1996-09-19 00:00:00,MBSL,16.25
1996-09-20 00:00:00,MBSL,17
1996-09-23 00:00:00,MBSL,16.25
1996-09-24 00:00:00,MBSL,16.25
1996-09-25 00:00:00,MBSL,16
1996-09-27 00:00:00,MBSL,16.25
1996-09-30 00:00:00,MBSL,16.75
1996-10-01 00:00:00,MBSL,17.5
1996-10-02 00:00:00,MBSL,18
1996-10-03 00:00:00,MBSL,17.5
1996-10-04 00:00:00,MBSL,17.25
1996-10-07 00:00:00,MBSL,17.25
1996-10-08 00:00:00,MBSL,17.5
1996-10-09 00:00:00,MBSL,17.5
SECURITY_DA,COMP,CLOSE_PRICE
-----------,----,-----------
1996-10-10 00:00:00,MBSL,18
1996-10-11 00:00:00,MBSL,18
1996-10-14 00:00:00,MBSL,19
1996-10-15 00:00:00,MBSL,21
1996-10-16 00:00:00,MBSL,22.25
1996-10-17 00:00:00,MBSL,23.5
1996-10-18 00:00:00,MBSL,24
1996-10-21 00:00:00,MBSL,21
1996-10-22 00:00:00,MBSL,22.5
1996-10-23 00:00:00,MBSL,21.75
1996-10-24 00:00:00,MBSL,20.25
1996-10-25 00:00:00,MBSL,19.75
1996-10-28 00:00:00,MBSL,19
1996-10-29 00:00:00,MBSL,20
1996-10-30 00:00:00,MBSL,21
1996-10-31 00:00:00,MBSL,22
1996-11-01 00:00:00,MBSL,22.75
1996-11-04 00:00:00,MBSL,23
1996-11-05 00:00:00,MBSL,24
1996-11-06 00:00:00,MBSL,23.75
1996-11-07 00:00:00,MBSL,24
SECURITY_DA,COMP,CLOSE_PRICE
-----------,----,-----------
1996-11-08 00:00:00,MBSL,23.5
1996-11-11 00:00:00,MBSL,24
1996-11-12 00:00:00,MBSL,23
1996-11-13 00:00:00,MBSL,21.75
1996-11-14 00:00:00,MBSL,22.5
1996-11-15 00:00:00,MBSL,22.25
1996-11-18 00:00:00,MBSL,22.25
1996-11-19 00:00:00,MBSL,22
1996-11-20 00:00:00,MBSL,22
1996-11-21 00:00:00,MBSL,21
1996-11-22 00:00:00,MBSL,21
1996-11-25 00:00:00,MBSL,21
1996-11-26 00:00:00,MBSL,20.25
1996-11-27 00:00:00,MBSL,20.25
1996-11-28 00:00:00,MBSL,20.5
1996-11-29 00:00:00,MBSL,21
1996-12-02 00:00:00,MBSL,21
1996-12-03 00:00:00,MBSL,21
1996-12-04 00:00:00,MBSL,20.5
1996-12-05 00:00:00,MBSL,20.5
1996-12-06 00:00:00,MBSL,20.5
SECURITY_DA,COMP,CLOSE_PRICE
-----------,----,-----------
1996-12-09 00:00:00,MBSL,21
1996-12-10 00:00:00,MBSL,21
1996-12-11 00:00:00,MBSL,22
1996-12-12 00:00:00,MBSL,21.5
1996-12-13 00:00:00,MBSL,21.75
1996-12-16 00:00:00,MBSL,22
1996-12-17 00:00:00,MBSL,22
1996-12-18 00:00:00,MBSL,23
1996-12-19 00:00:00,MBSL,22.5
1996-12-20 00:00:00,MBSL,23.5
1996-12-23 00:00:00,MBSL,23
1996-12-27 00:00:00,MBSL,23.5
1996-12-30 00:00:00,MBSL,23.5
1996-12-31 00:00:00,MBSL,23.5
1996-01-10 00:00:00,MENG,67
1996-10-29 00:00:00,MENG,63.5
1996-11-22 00:00:00,MENG,63
1996-01-08 00:00:00,MIKE,20
1996-01-09 00:00:00,MIKE,20
1996-03-06 00:00:00,MIKE,19.75
1996-06-04 00:00:00,MIKE,0
SECURITY_DA,COMP,CLOSE_PRICE
-----------,----,-----------
1996-11-22 00:00:00,MIKE,19.5
1996-12-27 00:00:00,MIKE,22
1996-01-23 00:00:00,MILL,0
1996-01-25 00:00:00,MILL,0
1996-03-01 00:00:00,MILL,0
1996-03-14 00:00:00,MILL,0
1996-05-17 00:00:00,MILL,0
1996-10-09 00:00:00,MILL,0
1996-10-28 00:00:00,MILL,235
1996-11-19 00:00:00,MILL,0
1996-11-20 00:00:00,MILL,0
1996-11-21 00:00:00,MILL,0
1996-12-09 00:00:00,MILL,0
1996-12-17 00:00:00,MILL,226
1996-06-06 00:00:00,MIRA,31
1996-06-10 00:00:00,MIRA,31
1996-06-18 00:00:00,MIRA,24.75
1996-06-20 00:00:00,MIRA,23.5
1996-01-02 00:00:00,MLL,37
1996-01-04 00:00:00,MLL,0
1996-01-08 00:00:00,MLL,37
SECURITY_DA,COMP,CLOSE_PRICE
-----------,----,-----------
1996-01-11 00:00:00,MLL,36
1996-01-16 00:00:00,MLL,34.5
1996-01-18 00:00:00,MLL,33
1996-01-19 00:00:00,MLL,31.5
1996-01-22 00:00:00,MLL,30
1996-01-23 00:00:00,MLL,30
1996-01-24 00:00:00,MLL,30
1996-01-26 00:00:00,MLL,29
1996-01-29 00:00:00,MLL,30
1996-01-30 00:00:00,MLL,30
1996-01-31 00:00:00,MLL,29.75
1996-02-08 00:00:00,MLL,29
1996-02-09 00:00:00,MLL,0
1996-02-12 00:00:00,MLL,27.5
1996-02-13 00:00:00,MLL,28.25
1996-02-14 00:00:00,MLL,28.5
1996-02-15 00:00:00,MLL,29
1996-02-19 00:00:00,MLL,29
1996-02-28 00:00:00,MLL,29.25
1996-02-29 00:00:00,MLL,29
1996-03-01 00:00:00,MLL,29
SECURITY_DA,COMP,CLOSE_PRICE
-----------,----,-----------
1996-03-07 00:00:00,MLL,29
1996-03-08 00:00:00,MLL,30
1996-03-11 00:00:00,MLL,31
1996-03-12 00:00:00,MLL,30
1996-03-13 00:00:00,MLL,30.75
1996-03-14 00:00:00,MLL,32
1996-03-15 00:00:00,MLL,32.25
1996-03-18 00:00:00,MLL,32
1996-03-19 00:00:00,MLL,32
1996-03-20 00:00:00,MLL,31.5
1996-03-21 00:00:00,MLL,31
1996-03-22 00:00:00,MLL,30
1996-03-26 00:00:00,MLL,30
1996-03-27 00:00:00,MLL,30
1996-03-28 00:00:00,MLL,30
1996-03-29 00:00:00,MLL,29.75
1996-04-01 00:00:00,MLL,29.75
1996-04-02 00:00:00,MLL,29
1996-04-08 00:00:00,MLL,28
1996-04-09 00:00:00,MLL,28
1996-04-10 00:00:00,MLL,0
SECURITY_DA,COMP,CLOSE_PRICE
-----------,----,-----------
1996-04-18 00:00:00,MLL,28.75
1996-04-22 00:00:00,MLL,28.75
1996-04-23 00:00:00,MLL,28
1996-04-24 00:00:00,MLL,28.5
1996-04-29 00:00:00,MLL,29.25
1996-05-07 00:00:00,MLL,28.25
1996-05-08 00:00:00,MLL,28.25
1996-05-10 00:00:00,MLL,28.25
1996-05-15 00:00:00,MLL,29
1996-05-17 00:00:00,MLL,29.5
1996-05-23 00:00:00,MLL,0
1996-05-24 00:00:00,MLL,28.25
1996-05-28 00:00:00,MLL,28.25
1996-06-03 00:00:00,MLL,28.25
1996-06-06 00:00:00,MLL,0
1996-06-07 00:00:00,MLL,26.75
1996-06-10 00:00:00,MLL,26.5
1996-06-12 00:00:00,MLL,26.75
1996-06-17 00:00:00,MLL,27
1996-06-18 00:00:00,MLL,0
1996-06-20 00:00:00,MLL,27.25
SECURITY_DA,COMP,CLOSE_PRICE
-----------,----,-----------
1996-06-25 00:00:00,MLL,27.75
1996-06-26 00:00:00,MLL,27.5
1996-06-27 00:00:00,MLL,27.5
1996-06-28 00:00:00,MLL,27.5
1996-07-02 00:00:00,MLL,27.75
1996-07-03 00:00:00,MLL,27.5
1996-07-04 00:00:00,MLL,27.5
1996-07-05 00:00:00,MLL,27
1996-07-09 00:00:00,MLL,27.5
1996-07-11 00:00:00,MLL,27
1996-07-18 00:00:00,MLL,25.5
1996-07-23 00:00:00,MLL,25
1996-08-01 00:00:00,MLL,25.25
1996-08-02 00:00:00,MLL,25.25
1996-08-05 00:00:00,MLL,23
1996-08-06 00:00:00,MLL,23
1996-08-08 00:00:00,MLL,23.5
1996-08-12 00:00:00,MLL,23
1996-08-13 00:00:00,MLL,23
1996-08-19 00:00:00,MLL,23
1996-08-22 00:00:00,MLL,22
SECURITY_DA,COMP,CLOSE_PRICE
-----------,----,-----------
1996-08-26 00:00:00,MLL,19
1996-08-27 00:00:00,MLL,18.5
1996-09-02 00:00:00,MLL,0
1996-09-13 00:00:00,MLL,20.25
1996-09-16 00:00:00,MLL,21.5
1996-09-18 00:00:00,MLL,21.5
1996-09-19 00:00:00,MLL,21.5
1996-09-20 00:00:00,MLL,21.5
1996-09-23 00:00:00,MLL,21.5
1996-09-24 00:00:00,MLL,21.5
1996-09-25 00:00:00,MLL,0
1996-09-27 00:00:00,MLL,21.5
1996-10-01 00:00:00,MLL,21.75
1996-10-02 00:00:00,MLL,23
1996-10-04 00:00:00,MLL,22
1996-10-07 00:00:00,MLL,21.5
1996-10-08 00:00:00,MLL,21.5
1996-10-09 00:00:00,MLL,21.5
1996-10-18 00:00:00,MLL,21.5
1996-10-21 00:00:00,MLL,21
1996-10-22 00:00:00,MLL,19.5
SECURITY_DA,COMP,CLOSE_PRICE
-----------,----,-----------
1996-10-30 00:00:00,MLL,21
1996-10-31 00:00:00,MLL,22
1996-11-01 00:00:00,MLL,22
1996-11-05 00:00:00,MLL,22
1996-11-06 00:00:00,MLL,22
1996-11-07 00:00:00,MLL,25
1996-11-08 00:00:00,MLL,26
1996-11-11 00:00:00,MLL,25.5
1996-11-13 00:00:00,MLL,25
1996-11-14 00:00:00,MLL,24.5
1996-11-15 00:00:00,MLL,23.5
1996-11-21 00:00:00,MLL,22.5
1996-11-22 00:00:00,MLL,22
1996-11-25 00:00:00,MLL,21.25
1996-11-26 00:00:00,MLL,21
1996-11-28 00:00:00,MLL,0
1996-12-03 00:00:00,MLL,20
1996-12-04 00:00:00,MLL,20
1996-12-10 00:00:00,MLL,0
1996-12-18 00:00:00,MLL,20.5
1996-12-27 00:00:00,MLL,20
SECURITY_DA,COMP,CLOSE_PRICE
-----------,----,-----------
1996-01-26 00:00:00,MORI,175
1996-02-12 00:00:00,MORI,175
1996-03-21 00:00:00,MORI,176
1996-07-10 00:00:00,MORI,175
1996-07-19 00:00:00,MORI,175
1996-10-07 00:00:00,MORI,175.5
1996-10-15 00:00:00,MORI,0
1996-11-13 00:00:00,MORI,177
1996-12-17 00:00:00,MORI,175
1996-01-03 00:00:00,MPAC,67
1996-01-11 00:00:00,MPAC,63.5
1996-01-26 00:00:00,MPAC,0
1996-03-08 00:00:00,MPAC,60
1996-04-25 00:00:00,MPAC,0
1996-06-25 00:00:00,MPAC,0
1996-06-26 00:00:00,MPAC,0
1996-08-08 00:00:00,MPAC,63
1996-10-02 00:00:00,MPAC,65
1996-10-31 00:00:00,MPAC,70
1996-11-22 00:00:00,MPAC,72
1996-01-02 00:00:00,MPEK,20
SECURITY_DA,COMP,CLOSE_PRICE
-----------,----,-----------
1996-01-03 00:00:00,MPEK,20
1996-01-12 00:00:00,MPEK,21
1996-01-18 00:00:00,MPEK,21
1996-01-25 00:00:00,MPEK,20
1996-08-21 00:00:00,MPEK,18
1996-08-22 00:00:00,MPEK,16
1996-09-18 00:00:00,MPEK,14
1996-10-10 00:00:00,MPEK,0
1996-11-08 00:00:00,MPEK,11.75
1996-11-13 00:00:00,MPEK,10.75
1996-11-22 00:00:00,MPEK,9.5
1996-11-27 00:00:00,MPEK,6.75
1996-12-13 00:00:00,MPEK,4.75
1996-12-16 00:00:00,MPEK,3.75
1996-12-18 00:00:00,MPEK,3.75
1996-12-19 00:00:00,MPEK,3.75
1996-12-20 00:00:00,MPEK,3.75
1996-12-23 00:00:00,MPEK,3.75
1996-12-27 00:00:00,MPEK,3.75
1996-12-30 00:00:00,MPEK,3.75
1996-01-08 00:00:00,MRH,20.5
SECURITY_DA,COMP,CLOSE_PRICE
-----------,----,-----------
1996-01-29 00:00:00,MRH,20.5
1996-01-31 00:00:00,MRH,0
1996-02-13 00:00:00,MRH,19
1996-02-21 00:00:00,MRH,19
1996-02-23 00:00:00,MRH,0
1996-02-29 00:00:00,MRH,20
1996-04-10 00:00:00,MRH,20
1996-05-27 00:00:00,MRH,20
1996-07-02 00:00:00,MRH,0
1996-07-05 00:00:00,MRH,19
1996-07-09 00:00:00,MRH,19
1996-07-10 00:00:00,MRH,0
1996-07-26 00:00:00,MRH,13.5
1996-08-02 00:00:00,MRH,13
1996-08-06 00:00:00,MRH,13
1996-08-12 00:00:00,MRH,16.5
1996-08-16 00:00:00,MRH,16
1996-08-26 00:00:00,MRH,16
1996-09-06 00:00:00,MRH,16
1996-10-07 00:00:00,MRH,0
1996-10-16 00:00:00,MRH,0
SECURITY_DA,COMP,CLOSE_PRICE
-----------,----,-----------
1996-10-22 00:00:00,MRH,16
1996-10-23 00:00:00,MRH,15
1996-11-01 00:00:00,MRH,14
1996-11-06 00:00:00,MRH,14
1996-11-11 00:00:00,MRH,0
1996-11-12 00:00:00,MRH,13
1996-11-13 00:00:00,MRH,13
1996-11-19 00:00:00,MRH,12
1996-11-22 00:00:00,MRH,11.75
1996-11-26 00:00:00,MRH,11.5
1996-11-28 00:00:00,MRH,11.5
1996-11-29 00:00:00,MRH,11.5
1996-12-04 00:00:00,MRH,11.75
1996-12-13 00:00:00,MRH,11.5
1996-12-16 00:00:00,MRH,11.5
1996-01-10 00:00:00,MRL,51
1996-01-12 00:00:00,MRL,51
1996-01-22 00:00:00,MRL,51
1996-06-05 00:00:00,MRL,45
1996-06-28 00:00:00,MRL,45
1996-08-12 00:00:00,MRL,45
SECURITY_DA,COMP,CLOSE_PRICE
-----------,----,-----------
1996-09-19 00:00:00,MRL,47
1996-09-30 00:00:00,MRL,46
1996-10-23 00:00:00,MRL,43.5
1996-10-31 00:00:00,MRL,45.75
1996-11-22 00:00:00,MRL,45
1996-12-06 00:00:00,MRL,42.75
1996-12-30 00:00:00,MRL,45
1996-01-04 00:00:00,MSL,64
1996-01-09 00:00:00,MSL,63
1996-06-18 00:00:00,MSL,60
1996-08-19 00:00:00,MSL,57
1996-08-21 00:00:00,MSL,55
1996-10-09 00:00:00,MSL,55
1996-10-14 00:00:00,MSL,55
1996-11-22 00:00:00,MSL,55
1996-01-04 00:00:00,MULL,10
1996-01-12 00:00:00,MULL,9
1996-02-09 00:00:00,MULL,0
1996-11-22 00:00:00,MULL,9
1996-01-02 00:00:00,NDB,220
1996-01-04 00:00:00,NDB,210.5
1996-01-09 00:00:00,NDB,221.25
1996-01-10 00:00:00,NDB,222
1996-01-16 00:00:00,NDB,220
1996-01-19 00:00:00,NDB,215
1996-01-22 00:00:00,NDB,231
1996-01-23 00:00:00,NDB,231
1996-01-25 00:00:00,NDB,229.75
1996-01-26 00:00:00,NDB,230.25
1996-02-02 00:00:00,NDB,230
1996-02-07 00:00:00,NDB,232.25
1996-02-08 00:00:00,NDB,235
1996-02-09 00:00:00,NDB,239.75
1996-02-12 00:00:00,NDB,232
1996-02-13 00:00:00,NDB,235
1996-02-14 00:00:00,NDB,235
1996-02-15 00:00:00,NDB,235
1996-02-19 00:00:00,NDB,223.25
1996-02-20 00:00:00,NDB,225
1996-02-22 00:00:00,NDB,230
1996-02-26 00:00:00,NDB,230
1996-02-27 00:00:00,NDB,231
1996-02-28 00:00:00,NDB,240
1996-02-29 00:00:00,NDB,240.25
1996-03-01 00:00:00,NDB,242
1996-03-05 00:00:00,NDB,249
1996-03-06 00:00:00,NDB,251
1996-03-07 00:00:00,NDB,255
1996-03-08 00:00:00,NDB,260
1996-03-11 00:00:00,NDB,265
1996-03-12 00:00:00,NDB,269
1996-03-13 00:00:00,NDB,273
1996-03-14 00:00:00,NDB,272
1996-03-15 00:00:00,NDB,272
1996-03-18 00:00:00,NDB,262
1996-03-19 00:00:00,NDB,266
1996-03-20 00:00:00,NDB,260
1996-03-21 00:00:00,NDB,245
1996-03-22 00:00:00,NDB,240
1996-03-25 00:00:00,NDB,235
1996-03-26 00:00:00,NDB,240
1996-03-27 00:00:00,NDB,241
1996-03-28 00:00:00,NDB,241
1996-03-29 00:00:00,NDB,241
1996-04-01 00:00:00,NDB,240.25
1996-04-02 00:00:00,NDB,240
1996-04-04 00:00:00,NDB,236
1996-04-08 00:00:00,NDB,235
1996-04-09 00:00:00,NDB,235
1996-04-10 00:00:00,NDB,235
1996-04-15 00:00:00,NDB,230
1996-04-16 00:00:00,NDB,230
1996-04-17 00:00:00,NDB,230
1996-04-18 00:00:00,NDB,230
1996-04-22 00:00:00,NDB,230
1996-04-23 00:00:00,NDB,230
1996-04-24 00:00:00,NDB,230
1996-04-25 00:00:00,NDB,230
1996-05-06 00:00:00,NDB,231
1996-05-09 00:00:00,NDB,232
1996-05-10 00:00:00,NDB,236
1996-05-13 00:00:00,NDB,239
1996-05-14 00:00:00,NDB,235.5
1996-05-15 00:00:00,NDB,238
1996-05-16 00:00:00,NDB,238
1996-05-17 00:00:00,NDB,238
1996-05-20 00:00:00,NDB,237
1996-05-21 00:00:00,NDB,237
1996-05-22 00:00:00,NDB,236
1996-05-24 00:00:00,NDB,235.25
1996-05-27 00:00:00,NDB,235
1996-05-28 00:00:00,NDB,230
1996-05-29 00:00:00,NDB,231
1996-05-30 00:00:00,NDB,231
1996-06-03 00:00:00,NDB,231
1996-06-06 00:00:00,NDB,230
1996-06-12 00:00:00,NDB,223
1996-06-13 00:00:00,NDB,210.25
1996-06-14 00:00:00,NDB,210
1996-06-17 00:00:00,NDB,205
1996-06-18 00:00:00,NDB,205
1996-06-19 00:00:00,NDB,205
1996-06-20 00:00:00,NDB,205.25
1996-06-21 00:00:00,NDB,205
1996-06-24 00:00:00,NDB,205.25
1996-06-25 00:00:00,NDB,200
1996-06-26 00:00:00,NDB,200
1996-06-28 00:00:00,NDB,195
1996-07-01 00:00:00,NDB,195.25
1996-07-02 00:00:00,NDB,195
1996-07-03 00:00:00,NDB,197
1996-07-05 00:00:00,NDB,195
1996-07-08 00:00:00,NDB,195
1996-07-09 00:00:00,NDB,193
1996-07-10 00:00:00,NDB,190
1996-07-11 00:00:00,NDB,190
1996-07-15 00:00:00,NDB,186
1996-07-16 00:00:00,NDB,175
1996-07-17 00:00:00,NDB,170
1996-07-18 00:00:00,NDB,169.75
1996-07-19 00:00:00,NDB,170
1996-07-22 00:00:00,NDB,170
1996-07-24 00:00:00,NDB,178
1996-07-31 00:00:00,NDB,178.25
1996-08-01 00:00:00,NDB,178
1996-08-05 00:00:00,NDB,180
1996-08-06 00:00:00,NDB,183
1996-08-07 00:00:00,NDB,185
1996-08-14 00:00:00,NDB,191
1996-08-15 00:00:00,NDB,189.25
1996-08-16 00:00:00,NDB,189
1996-08-19 00:00:00,NDB,189
1996-08-20 00:00:00,NDB,189
1996-08-21 00:00:00,NDB,189
1996-08-23 00:00:00,NDB,190
1996-08-27 00:00:00,NDB,191
1996-08-30 00:00:00,NDB,192.25
1996-09-05 00:00:00,NDB,192
1996-09-06 00:00:00,NDB,192
1996-09-09 00:00:00,NDB,192
1996-09-10 00:00:00,NDB,193
1996-09-11 00:00:00,NDB,192
1996-09-12 00:00:00,NDB,193
1996-09-17 00:00:00,NDB,194
1996-09-18 00:00:00,NDB,195.25
1996-09-19 00:00:00,NDB,196
1996-09-20 00:00:00,NDB,197
1996-09-23 00:00:00,NDB,200
1996-09-24 00:00:00,NDB,195.5
1996-10-01 00:00:00,NDB,194
1996-10-02 00:00:00,NDB,195
1996-10-03 00:00:00,NDB,194.75
1996-10-04 00:00:00,NDB,0
1996-10-08 00:00:00,NDB,194.75
1996-10-09 00:00:00,NDB,190
1996-10-10 00:00:00,NDB,190
1996-10-11 00:00:00,NDB,191
1996-10-14 00:00:00,NDB,191
1996-10-15 00:00:00,NDB,192
1996-10-16 00:00:00,NDB,195
1996-10-17 00:00:00,NDB,195
1996-10-18 00:00:00,NDB,195
1996-10-21 00:00:00,NDB,195
1996-10-22 00:00:00,NDB,195
1996-10-23 00:00:00,NDB,195
1996-10-25 00:00:00,NDB,200.25
1996-10-28 00:00:00,NDB,195
1996-10-31 00:00:00,NDB,195
1996-11-01 00:00:00,NDB,197
1996-11-07 00:00:00,NDB,200
1996-11-08 00:00:00,NDB,202
1996-11-11 00:00:00,NDB,202.25
1996-11-12 00:00:00,NDB,207
1996-11-13 00:00:00,NDB,210
1996-11-15 00:00:00,NDB,207.5
1996-11-18 00:00:00,NDB,207
1996-11-19 00:00:00,NDB,210
1996-11-21 00:00:00,NDB,210
1996-11-22 00:00:00,NDB,208
1996-11-25 00:00:00,NDB,208
1996-11-26 00:00:00,NDB,208
1996-11-27 00:00:00,NDB,208
1996-11-29 00:00:00,NDB,205
1996-12-02 00:00:00,NDB,205
1996-12-03 00:00:00,NDB,205
1996-12-04 00:00:00,NDB,201
1996-12-05 00:00:00,NDB,200
1996-12-06 00:00:00,NDB,201
1996-12-09 00:00:00,NDB,196
1996-12-10 00:00:00,NDB,196
1996-12-11 00:00:00,NDB,196
1996-12-12 00:00:00,NDB,195
1996-12-13 00:00:00,NDB,196
1996-12-16 00:00:00,NDB,196
1996-12-18 00:00:00,NDB,195
1996-12-27 00:00:00,NDB,196
1996-12-31 00:00:00,NDB,195
1996-03-06 00:00:00,NEH,0
1996-04-08 00:00:00,NEH,1400
1996-04-09 00:00:00,NEH,1800
1996-08-05 00:00:00,NEH,2004
1996-08-06 00:00:00,NEH,2515.25
1996-08-07 00:00:00,NEH,2550
1996-08-09 00:00:00,NEH,0
1996-08-12 00:00:00,NEH,0
1996-08-21 00:00:00,NEH,2500
1996-08-23 00:00:00,NEH,0
1996-08-27 00:00:00,NEH,0
1996-09-02 00:00:00,NEH,0
1996-09-10 00:00:00,NEH,0
SECURITY_DA,COMP,CLOSE_PRICE
-----------,----,-----------
1996-09-11 00:00:00,NEH,0
1996-01-02 00:00:00,NEST,27
1996-01-03 00:00:00,NEST,27
1996-01-08 00:00:00,NEST,27.5
1996-01-10 00:00:00,NEST,27
1996-01-11 00:00:00,NEST,27.5
1996-01-16 00:00:00,NEST,27.5
1996-01-17 00:00:00,NEST,28.5
1996-01-18 00:00:00,NEST,27.5
1996-01-22 00:00:00,NEST,28.5
1996-01-23 00:00:00,NEST,28.5
1996-01-25 00:00:00,NEST,27.75
1996-01-26 00:00:00,NEST,27.25
1996-01-30 00:00:00,NEST,27
1996-01-31 00:00:00,NEST,27
1996-02-08 00:00:00,NEST,26.25
1996-02-14 00:00:00,NEST,26.5
1996-02-15 00:00:00,NEST,26.5
1996-02-16 00:00:00,NEST,26
1996-02-20 00:00:00,NEST,26
1996-02-21 00:00:00,NEST,25
SECURITY_DA,COMP,CLOSE_PRICE
-----------,----,-----------
1996-02-22 00:00:00,NEST,25
1996-02-26 00:00:00,NEST,25
1996-02-27 00:00:00,NEST,25
1996-03-05 00:00:00,NEST,27
1996-03-11 00:00:00,NEST,27.5
1996-03-12 00:00:00,NEST,27.5
1996-03-13 00:00:00,NEST,27.5
1996-03-15 00:00:00,NEST,28.5
1996-03-18 00:00:00,NEST,28.75
1996-03-20 00:00:00,NEST,29
1996-03-21 00:00:00,NEST,29
1996-03-27 00:00:00,NEST,28
1996-03-28 00:00:00,NEST,28
1996-03-29 00:00:00,NEST,27.5
1996-04-08 00:00:00,NEST,28
1996-04-10 00:00:00,NEST,29.5
1996-04-15 00:00:00,NEST,28.25
1996-04-16 00:00:00,NEST,27
1996-04-18 00:00:00,NEST,27
1996-04-19 00:00:00,NEST,27.5
1996-04-22 00:00:00,NEST,27.5
SECURITY_DA,COMP,CLOSE_PRICE
-----------,----,-----------
1996-05-08 00:00:00,NEST,28
1996-05-09 00:00:00,NEST,27.75
1996-05-15 00:00:00,NEST,28.5
1996-05-16 00:00:00,NEST,0
1996-05-17 00:00:00,NEST,28
1996-05-21 00:00:00,NEST,27.75
1996-05-22 00:00:00,NEST,27.75
1996-05-29 00:00:00,NEST,28
1996-05-30 00:00:00,NEST,27.75
1996-06-04 00:00:00,NEST,28
1996-06-06 00:00:00,NEST,28
1996-06-07 00:00:00,NEST,28
1996-06-10 00:00:00,NEST,28
1996-06-12 00:00:00,NEST,28
1996-06-18 00:00:00,NEST,28
1996-06-19 00:00:00,NEST,0
1996-06-20 00:00:00,NEST,28
1996-06-24 00:00:00,NEST,28.25
1996-06-25 00:00:00,NEST,0
1996-06-28 00:00:00,NEST,28
1996-07-01 00:00:00,NEST,28
SECURITY_DA,COMP,CLOSE_PRICE
-----------,----,-----------
1996-07-02 00:00:00,NEST,28.25
1996-07-03 00:00:00,NEST,28
1996-07-04 00:00:00,NEST,28
1996-07-09 00:00:00,NEST,28.25
1996-07-10 00:00:00,NEST,28
1996-07-11 00:00:00,NEST,28
1996-07-15 00:00:00,NEST,28
1996-07-16 00:00:00,NEST,28
1996-07-17 00:00:00,NEST,28
1996-07-19 00:00:00,NEST,28
1996-07-26 00:00:00,NEST,28
1996-07-31 00:00:00,NEST,28
1996-08-07 00:00:00,NEST,27
1996-08-08 00:00:00,NEST,26
1996-08-13 00:00:00,NEST,0
1996-08-21 00:00:00,NEST,28.5
1996-08-29 00:00:00,NEST,28.5
1996-09-02 00:00:00,NEST,28.5
1996-09-03 00:00:00,NEST,28.5
1996-09-04 00:00:00,NEST,0
1996-09-11 00:00:00,NEST,28.25
SECURITY_DA,COMP,CLOSE_PRICE
-----------,----,-----------
1996-09-13 00:00:00,NEST,28.5
1996-09-18 00:00:00,NEST,0
1996-09-25 00:00:00,NEST,31.75
1996-09-27 00:00:00,NEST,32
1996-10-01 00:00:00,NEST,33.75
1996-10-02 00:00:00,NEST,35
1996-10-03 00:00:00,NEST,35.25
1996-10-04 00:00:00,NEST,36
1996-10-07 00:00:00,NEST,37
1996-10-08 00:00:00,NEST,37
1996-10-09 00:00:00,NEST,36
1996-10-11 00:00:00,NEST,36.25
1996-10-15 00:00:00,NEST,36
1996-10-16 00:00:00,NEST,36
1996-10-21 00:00:00,NEST,0
1996-10-22 00:00:00,NEST,35
1996-10-23 00:00:00,NEST,35
1996-10-31 00:00:00,NEST,34
1996-11-14 00:00:00,NEST,34
1996-11-15 00:00:00,NEST,33.75
1996-11-18 00:00:00,NEST,33
SECURITY_DA,COMP,CLOSE_PRICE
-----------,----,-----------
1996-11-19 00:00:00,NEST,33.25
1996-11-22 00:00:00,NEST,0
1996-12-05 00:00:00,NEST,30
1996-12-06 00:00:00,NEST,29.5
1996-12-09 00:00:00,NEST,29
1996-12-13 00:00:00,NEST,28
1996-12-16 00:00:00,NEST,29
1996-12-18 00:00:00,NEST,29
1996-12-30 00:00:00,NEST,29.5
1996-01-02 00:00:00,ONAL,8
1996-01-08 00:00:00,ONAL,8.5
1996-01-18 00:00:00,ONAL,8.75
1996-01-25 00:00:00,ONAL,0
1996-02-22 00:00:00,ONAL,8.75
1996-02-23 00:00:00,ONAL,8.75
1996-02-27 00:00:00,ONAL,8.5
1996-02-28 00:00:00,ONAL,8.5
1996-03-08 00:00:00,ONAL,10
1996-03-21 00:00:00,ONAL,9
1996-03-26 00:00:00,ONAL,8.25
1996-04-08 00:00:00,ONAL,7.25
SECURITY_DA,COMP,CLOSE_PRICE
-----------,----,-----------
1996-04-09 00:00:00,ONAL,7.25
1996-04-18 00:00:00,ONAL,7.75
1996-04-25 00:00:00,ONAL,0
1996-05-06 00:00:00,ONAL,8.25
1996-05-07 00:00:00,ONAL,8
1996-05-08 00:00:00,ONAL,8.5
1996-05-09 00:00:00,ONAL,0
1996-05-13 00:00:00,ONAL,9
1996-05-17 00:00:00,ONAL,8.25
1996-05-24 00:00:00,ONAL,0
1996-06-24 00:00:00,ONAL,8.25
1996-06-26 00:00:00,ONAL,8.5
1996-06-27 00:00:00,ONAL,8.5
1996-07-09 00:00:00,ONAL,8
1996-07-17 00:00:00,ONAL,8
1996-07-18 00:00:00,ONAL,8
1996-08-09 00:00:00,ONAL,9
1996-08-15 00:00:00,ONAL,9
1996-08-19 00:00:00,ONAL,9
1996-08-27 00:00:00,ONAL,9
1996-08-29 00:00:00,ONAL,9
SECURITY_DA,COMP,CLOSE_PRICE
-----------,----,-----------
1996-08-30 00:00:00,ONAL,9
1996-09-02 00:00:00,ONAL,9
1996-09-04 00:00:00,ONAL,0
1996-09-05 00:00:00,ONAL,9
1996-09-09 00:00:00,ONAL,9
1996-09-11 00:00:00,ONAL,9.25
1996-09-12 00:00:00,ONAL,0
1996-10-15 00:00:00,ONAL,0
1996-10-18 00:00:00,ONAL,10
1996-10-22 00:00:00,ONAL,10
1996-10-28 00:00:00,ONAL,0
1996-10-29 00:00:00,ONAL,9.25
1996-10-30 00:00:00,ONAL,10
1996-11-06 00:00:00,ONAL,0
1996-11-12 00:00:00,ONAL,9.5
1996-11-18 00:00:00,ONAL,0
1996-11-19 00:00:00,ONAL,9.5
1996-11-25 00:00:00,ONAL,0
1996-12-04 00:00:00,ONAL,9.5
1996-12-16 00:00:00,ONAL,8.5
1996-12-17 00:00:00,ONAL,9.5
SECURITY_DA,COMP,CLOSE_PRICE
-----------,----,-----------
1996-01-04 00:00:00,OSEA,0
1996-01-08 00:00:00,OSEA,0
1996-01-11 00:00:00,OSEA,12.25
1996-01-22 00:00:00,OSEA,12.25
1996-01-23 00:00:00,OSEA,12.25
1996-01-24 00:00:00,OSEA,12
1996-01-25 00:00:00,OSEA,12
1996-01-26 00:00:00,OSEA,12
1996-01-30 00:00:00,OSEA,11.5
1996-02-27 00:00:00,OSEA,11
1996-02-29 00:00:00,OSEA,11
1996-03-08 00:00:00,OSEA,12.5
1996-03-11 00:00:00,OSEA,12.5
1996-03-12 00:00:00,OSEA,12
1996-04-30 00:00:00,OSEA,10
1996-05-29 00:00:00,OSEA,10
1996-06-03 00:00:00,OSEA,9
1996-06-11 00:00:00,OSEA,9
1996-06-12 00:00:00,OSEA,9
1996-06-20 00:00:00,OSEA,9
1996-06-21 00:00:00,OSEA,8
SECURITY_DA,COMP,CLOSE_PRICE
-----------,----,-----------
1996-06-25 00:00:00,OSEA,8
1996-06-27 00:00:00,OSEA,7.5
1996-07-02 00:00:00,OSEA,7
1996-07-10 00:00:00,OSEA,0
1996-07-11 00:00:00,OSEA,6.75
1996-07-15 00:00:00,OSEA,6
1996-07-22 00:00:00,OSEA,5
1996-07-23 00:00:00,OSEA,5
1996-07-24 00:00:00,OSEA,5.25
1996-07-25 00:00:00,OSEA,5
1996-08-05 00:00:00,OSEA,5.75
1996-08-06 00:00:00,OSEA,6
1996-08-08 00:00:00,OSEA,6
1996-08-09 00:00:00,OSEA,6
1996-08-14 00:00:00,OSEA,0
1996-08-30 00:00:00,OSEA,6
1996-09-02 00:00:00,OSEA,5.5
1996-09-04 00:00:00,OSEA,0
1996-09-05 00:00:00,OSEA,6
1996-09-06 00:00:00,OSEA,6
1996-09-09 00:00:00,OSEA,6
SECURITY_DA,COMP,CLOSE_PRICE
-----------,----,-----------
1996-09-11 00:00:00,OSEA,6
1996-09-13 00:00:00,OSEA,5.5
1996-09-16 00:00:00,OSEA,5.5
1996-09-17 00:00:00,OSEA,5.75
1996-09-19 00:00:00,OSEA,6.25
1996-09-25 00:00:00,OSEA,7
1996-10-07 00:00:00,OSEA,7.5
1996-10-09 00:00:00,OSEA,7.25
1996-10-10 00:00:00,OSEA,7
1996-10-14 00:00:00,OSEA,7
1996-10-18 00:00:00,OSEA,7.25
1996-10-21 00:00:00,OSEA,7.25
1996-10-25 00:00:00,OSEA,8
1996-10-28 00:00:00,OSEA,8
1996-11-01 00:00:00,OSEA,9.5
1996-11-07 00:00:00,OSEA,9.5
1996-11-12 00:00:00,OSEA,10.75
1996-11-13 00:00:00,OSEA,11.25
1996-11-14 00:00:00,OSEA,11.5
1996-11-15 00:00:00,OSEA,11.5
1996-11-18 00:00:00,OSEA,11.25
SECURITY_DA,COMP,CLOSE_PRICE
-----------,----,-----------
1996-11-19 00:00:00,OSEA,11
1996-11-22 00:00:00,OSEA,11.5
1996-11-25 00:00:00,OSEA,11
1996-11-29 00:00:00,OSEA,11.25
1996-12-03 00:00:00,OSEA,11.25
1996-12-20 00:00:00,OSEA,10
1996-12-27 00:00:00,OSEA,10
1996-12-31 00:00:00,OSEA,10.25
1996-01-10 00:00:00,OVL,11.75
1996-02-08 00:00:00,OVL,11.5
1996-02-14 00:00:00,OVL,12
1996-02-22 00:00:00,OVL,12
1996-02-26 00:00:00,OVL,12
1996-02-27 00:00:00,OVL,12
1996-03-08 00:00:00,OVL,12
1996-03-14 00:00:00,OVL,12
1996-04-10 00:00:00,OVL,11.25
1996-04-25 00:00:00,OVL,10
1996-04-29 00:00:00,OVL,10
1996-05-09 00:00:00,OVL,10
1996-05-15 00:00:00,OVL,10
SECURITY_DA,COMP,CLOSE_PRICE
-----------,----,-----------
1996-05-20 00:00:00,OVL,10
1996-05-22 00:00:00,OVL,9.5
1996-06-10 00:00:00,OVL,10
1996-06-12 00:00:00,OVL,9.5
1996-06-24 00:00:00,OVL,10
1996-06-27 00:00:00,OVL,9
1996-09-03 00:00:00,OVL,9
1996-09-13 00:00:00,OVL,8
1996-09-18 00:00:00,OVL,8
1996-10-03 00:00:00,OVL,10
1996-10-04 00:00:00,OVL,10.5
1996-10-07 00:00:00,OVL,11
1996-10-09 00:00:00,OVL,11
1996-10-10 00:00:00,OVL,11.75
1996-10-14 00:00:00,OVL,11.75
1996-10-16 00:00:00,OVL,15
1996-10-17 00:00:00,OVL,15
1996-10-21 00:00:00,OVL,15
1996-10-23 00:00:00,OVL,15
1996-11-12 00:00:00,OVL,12.5
1996-11-13 00:00:00,OVL,12.5
SECURITY_DA,COMP,CLOSE_PRICE
-----------,----,-----------
1996-11-14 00:00:00,OVL,12.5
1996-11-15 00:00:00,OVL,12
1996-11-19 00:00:00,OVL,12
1996-11-22 00:00:00,OVL,11.5
1996-11-27 00:00:00,OVL,11.75
1996-12-03 00:00:00,OVL,11.5
1996-12-04 00:00:00,OVL,12.5
1996-12-06 00:00:00,OVL,11.5
1996-12-20 00:00:00,OVL,10.5
1996-12-27 00:00:00,OVL,9.5
1996-12-31 00:00:00,OVL,9
1996-01-03 00:00:00,PALM,14.5
1996-01-09 00:00:00,PALM,14.5
1996-01-10 00:00:00,PALM,14.5
1996-01-18 00:00:00,PALM,14.5
1996-01-25 00:00:00,PALM,13.75
1996-01-26 00:00:00,PALM,13.75
1996-01-29 00:00:00,PALM,13
1996-02-06 00:00:00,PALM,12
1996-02-07 00:00:00,PALM,11
1996-02-08 00:00:00,PALM,11
SECURITY_DA,COMP,CLOSE_PRICE
-----------,----,-----------
1996-02-09 00:00:00,PALM,10.5
1996-02-14 00:00:00,PALM,10
1996-02-16 00:00:00,PALM,10
1996-02-19 00:00:00,PALM,10
1996-02-20 00:00:00,PALM,10
1996-02-23 00:00:00,PALM,10
1996-02-26 00:00:00,PALM,10
1996-02-28 00:00:00,PALM,10
1996-02-29 00:00:00,PALM,9.25
1996-03-01 00:00:00,PALM,9.25
1996-03-05 00:00:00,PALM,9
1996-03-08 00:00:00,PALM,11
1996-03-11 00:00:00,PALM,10.5
1996-03-18 00:00:00,PALM,9.5
1996-03-19 00:00:00,PALM,9.5
1996-03-20 00:00:00,PALM,9.5
1996-03-21 00:00:00,PALM,9.25
1996-03-26 00:00:00,PALM,9
1996-03-28 00:00:00,PALM,9
1996-03-29 00:00:00,PALM,9.25
1996-04-01 00:00:00,PALM,9.5
SECURITY_DA,COMP,CLOSE_PRICE
-----------,----,-----------
1996-04-02 00:00:00,PALM,9.75
1996-04-04 00:00:00,PALM,9.5
1996-04-10 00:00:00,PALM,9.75
1996-04-15 00:00:00,PALM,9.5
1996-04-26 00:00:00,PALM,9.5
1996-04-29 00:00:00,PALM,9.5
1996-05-06 00:00:00,PALM,9.25
1996-05-07 00:00:00,PALM,9.75
1996-05-13 00:00:00,PALM,10
1996-05-14 00:00:00,PALM,9.75
1996-05-17 00:00:00,PALM,9.75
1996-05-21 00:00:00,PALM,9.75
1996-05-22 00:00:00,PALM,9.75
1996-05-24 00:00:00,PALM,10
1996-05-29 00:00:00,PALM,9.75
1996-06-04 00:00:00,PALM,10
1996-06-05 00:00:00,PALM,9.75
1996-06-10 00:00:00,PALM,9.5
1996-06-11 00:00:00,PALM,9.5
1996-06-14 00:00:00,PALM,10.5
1996-06-17 00:00:00,PALM,11
SECURITY_DA,COMP,CLOSE_PRICE
-----------,----,-----------
1996-06-21 00:00:00,PALM,10.75
1996-07-08 00:00:00,PALM,10.75
1996-07-09 00:00:00,PALM,10
1996-07-16 00:00:00,PALM,9.75
1996-07-25 00:00:00,PALM,10
1996-08-02 00:00:00,PALM,9.75
1996-08-06 00:00:00,PALM,10
1996-08-13 00:00:00,PALM,10
1996-08-20 00:00:00,PALM,14
1996-08-26 00:00:00,PALM,13
1996-08-30 00:00:00,PALM,12.25
1996-09-03 00:00:00,PALM,14.5
1996-09-04 00:00:00,PALM,13.75
1996-09-06 00:00:00,PALM,13.5
1996-09-11 00:00:00,PALM,13.25
1996-09-17 00:00:00,PALM,13.75
1996-09-19 00:00:00,PALM,13.75
1996-09-20 00:00:00,PALM,13.5
1996-09-24 00:00:00,PALM,13.25
1996-09-25 00:00:00,PALM,13.5
1996-09-27 00:00:00,PALM,14
SECURITY_DA,COMP,CLOSE_PRICE
-----------,----,-----------
1996-10-02 00:00:00,PALM,13.5
1996-10-04 00:00:00,PALM,13.5
1996-10-07 00:00:00,PALM,13.5
1996-10-18 00:00:00,PALM,13.5
1996-10-22 00:00:00,PALM,14
1996-10-23 00:00:00,PALM,14
1996-11-22 00:00:00,PALM,13.5
1996-11-28 00:00:00,PALM,13.5
1996-11-29 00:00:00,PALM,13.25
1996-12-02 00:00:00,PALM,12.75
1996-12-04 00:00:00,PALM,12.75
1996-12-10 00:00:00,PALM,12.75
1996-12-19 00:00:00,PALM,11.75
1996-12-31 00:00:00,PALM,10.75
1996-03-08 00:00:00,PARA,44
1996-04-29 00:00:00,PARA,42.25
1996-05-28 00:00:00,PARA,42.75
1996-06-14 00:00:00,PARA,43.25
1996-11-20 00:00:00,PARA,43.25
1996-01-09 00:00:00,PARQ,8.5
1996-01-10 00:00:00,PARQ,7.5
SECURITY_DA,COMP,CLOSE_PRICE
-----------,----,-----------
1996-01-11 00:00:00,PARQ,7.5
1996-01-25 00:00:00,PARQ,7
1996-02-16 00:00:00,PARQ,7
1996-02-21 00:00:00,PARQ,0
1996-02-27 00:00:00,PARQ,0
1996-04-26 00:00:00,PARQ,7
1996-09-19 00:00:00,PARQ,3.75
1996-10-01 00:00:00,PARQ,3.75
1996-10-03 00:00:00,PARQ,3.75
1996-10-25 00:00:00,PARQ,3
1996-11-06 00:00:00,PARQ,3.75
1996-11-07 00:00:00,PARQ,3.75
1996-11-15 00:00:00,PARQ,4
1996-11-22 00:00:00,PARQ,3.5
1996-12-31 00:00:00,PARQ,3.5
1996-01-03 00:00:00,PDL,16.5
1996-01-09 00:00:00,PDL,16.5
1996-01-22 00:00:00,PDL,16.75
1996-01-23 00:00:00,PDL,16.5
1996-01-24 00:00:00,PDL,16.5
1996-01-25 00:00:00,PDL,16.5
SECURITY_DA,COMP,CLOSE_PRICE
-----------,----,-----------
1996-01-26 00:00:00,PDL,16.5
1996-01-29 00:00:00,PDL,16.5
1996-01-30 00:00:00,PDL,16.5
1996-01-31 00:00:00,PDL,16.75
1996-02-12 00:00:00,PDL,16.5
1996-02-14 00:00:00,PDL,16.5
1996-02-15 00:00:00,PDL,16.5
1996-02-19 00:00:00,PDL,16.75
1996-02-28 00:00:00,PDL,16.5
1996-03-01 00:00:00,PDL,16.5
1996-03-05 00:00:00,PDL,16.5
1996-03-07 00:00:00,PDL,16.5
1996-03-08 00:00:00,PDL,16.5
1996-03-13 00:00:00,PDL,0
1996-03-14 00:00:00,PDL,16
1996-03-18 00:00:00,PDL,16.5
1996-03-21 00:00:00,PDL,16
1996-03-25 00:00:00,PDL,16
1996-03-26 00:00:00,PDL,16
1996-04-01 00:00:00,PDL,16
1996-04-02 00:00:00,PDL,16
SECURITY_DA,COMP,CLOSE_PRICE
-----------,----,-----------
1996-04-16 00:00:00,PDL,16.5
1996-04-17 00:00:00,PDL,16
1996-04-24 00:00:00,PDL,16
1996-05-06 00:00:00,PDL,16
1996-05-09 00:00:00,PDL,16
1996-05-10 00:00:00,PDL,16
1996-05-14 00:00:00,PDL,16
1996-05-15 00:00:00,PDL,16
1996-05-16 00:00:00,PDL,16
1996-05-21 00:00:00,PDL,16
1996-06-05 00:00:00,PDL,16
1996-06-07 00:00:00,PDL,16.5
1996-06-11 00:00:00,PDL,16.25
1996-06-12 00:00:00,PDL,16.5
1996-06-14 00:00:00,PDL,16
1996-06-17 00:00:00,PDL,16
1996-06-21 00:00:00,PDL,15
1996-06-24 00:00:00,PDL,15
1996-06-27 00:00:00,PDL,15
1996-07-03 00:00:00,PDL,15.5
1996-07-12 00:00:00,PDL,15.5
SECURITY_DA,COMP,CLOSE_PRICE
-----------,----,-----------
1996-07-17 00:00:00,PDL,16
1996-07-24 00:00:00,PDL,15.5
1996-08-05 00:00:00,PDL,15.5
1996-08-06 00:00:00,PDL,15.5
1996-08-08 00:00:00,PDL,15.5
1996-08-09 00:00:00,PDL,15.5
1996-08-13 00:00:00,PDL,15.5
1996-08-20 00:00:00,PDL,17
1996-08-21 00:00:00,PDL,17
1996-08-29 00:00:00,PDL,17
1996-09-04 00:00:00,PDL,0
1996-09-06 00:00:00,PDL,0
1996-09-10 00:00:00,PDL,17.5
1996-09-11 00:00:00,PDL,17.5
1996-09-16 00:00:00,PDL,17.5
1996-09-17 00:00:00,PDL,17.5
1996-10-11 00:00:00,PDL,17.75
1996-10-15 00:00:00,PDL,18.25
1996-10-18 00:00:00,PDL,17
1996-10-23 00:00:00,PDL,17.5
1996-10-24 00:00:00,PDL,17.5
SECURITY_DA,COMP,CLOSE_PRICE
-----------,----,-----------
1996-10-29 00:00:00,PDL,16.5
1996-10-30 00:00:00,PDL,16.25
1996-11-01 00:00:00,PDL,16.25
1996-11-08 00:00:00,PDL,16.5
1996-11-19 00:00:00,PDL,16.5
1996-11-20 00:00:00,PDL,16.75
1996-11-21 00:00:00,PDL,16.5
1996-11-22 00:00:00,PDL,0
1996-11-25 00:00:00,PDL,0
1996-11-27 00:00:00,PDL,16.5
1996-12-05 00:00:00,PDL,16.5
1996-01-11 00:00:00,PEG,13
1996-01-16 00:00:00,PEG,13
1996-01-26 00:00:00,PEG,0
1996-01-30 00:00:00,PEG,12
1996-09-10 00:00:00,PEG,0
1996-10-07 00:00:00,PEG,0
1996-11-20 00:00:00,PEG,10
1996-11-25 00:00:00,PEG,0
1996-11-29 00:00:00,PHAR,284
1996-01-02 00:00:00,PMB,21
SECURITY_DA,COMP,CLOSE_PRICE
-----------,----,-----------
1996-01-03 00:00:00,PMB,20.75
1996-01-04 00:00:00,PMB,20.75
1996-01-08 00:00:00,PMB,20
1996-01-09 00:00:00,PMB,20
1996-01-10 00:00:00,PMB,19
1996-01-11 00:00:00,PMB,19.25
1996-01-12 00:00:00,PMB,19
1996-01-16 00:00:00,PMB,19.25
1996-01-17 00:00:00,PMB,18.5
1996-01-18 00:00:00,PMB,18.75
1996-01-19 00:00:00,PMB,19
1996-01-22 00:00:00,PMB,19
1996-01-23 00:00:00,PMB,19
1996-01-24 00:00:00,PMB,18.5
1996-01-25 00:00:00,PMB,18.5
1996-01-26 00:00:00,PMB,18.75
1996-01-29 00:00:00,PMB,18.5
1996-01-30 00:00:00,PMB,18.5
1996-01-31 00:00:00,PMB,18.5
1996-02-02 00:00:00,PMB,18
1996-02-07 00:00:00,PMB,17.25
SECURITY_DA,COMP,CLOSE_PRICE
-----------,----,-----------
1996-02-08 00:00:00,PMB,17
1996-02-09 00:00:00,PMB,17.75
1996-02-12 00:00:00,PMB,17.5
1996-02-13 00:00:00,PMB,18
1996-02-14 00:00:00,PMB,18
1996-02-15 00:00:00,PMB,18.25
1996-02-16 00:00:00,PMB,18.75
1996-02-19 00:00:00,PMB,18.5
1996-02-21 00:00:00,PMB,18.5
1996-02-22 00:00:00,PMB,18.5
1996-02-23 00:00:00,PMB,18.75
1996-02-26 00:00:00,PMB,18.75
1996-02-27 00:00:00,PMB,18.5
1996-02-28 00:00:00,PMB,19
1996-02-29 00:00:00,PMB,19
1996-03-01 00:00:00,PMB,19
1996-03-05 00:00:00,PMB,18.5
1996-03-06 00:00:00,PMB,19.75
1996-03-07 00:00:00,PMB,20.5
1996-03-08 00:00:00,PMB,22
1996-03-11 00:00:00,PMB,23.25
SECURITY_DA,COMP,CLOSE_PRICE
-----------,----,-----------
1996-03-13 00:00:00,PMB,21
1996-03-14 00:00:00,PMB,21.5
1996-03-15 00:00:00,PMB,21
1996-03-18 00:00:00,PMB,20
1996-03-19 00:00:00,PMB,20
1996-03-20 00:00:00,PMB,19.25
1996-03-21 00:00:00,PMB,19.25
1996-03-22 00:00:00,PMB,19
1996-03-25 00:00:00,PMB,19
1996-03-26 00:00:00,PMB,19
1996-03-27 00:00:00,PMB,19
1996-03-28 00:00:00,PMB,19
1996-03-29 00:00:00,PMB,19
1996-04-01 00:00:00,PMB,18.5
1996-04-02 00:00:00,PMB,18.5
1996-04-04 00:00:00,PMB,18.5
1996-04-08 00:00:00,PMB,18.5
1996-04-09 00:00:00,PMB,18.5
1996-04-10 00:00:00,PMB,18.5
1996-04-15 00:00:00,PMB,18.75
1996-04-16 00:00:00,PMB,18.5
SECURITY_DA,COMP,CLOSE_PRICE
-----------,----,-----------
1996-04-17 00:00:00,PMB,18.5
1996-04-18 00:00:00,PMB,19
1996-04-19 00:00:00,PMB,18.5
1996-04-22 00:00:00,PMB,18.5
1996-04-23 00:00:00,PMB,18.5
1996-04-24 00:00:00,PMB,18.5
1996-04-25 00:00:00,PMB,18.5
1996-04-26 00:00:00,PMB,19
1996-04-29 00:00:00,PMB,18.5
1996-04-30 00:00:00,PMB,18.5
1996-05-06 00:00:00,PMB,18.75
1996-05-07 00:00:00,PMB,18.75
1996-05-08 00:00:00,PMB,18.5
1996-05-09 00:00:00,PMB,19
1996-05-10 00:00:00,PMB,18.75
1996-05-13 00:00:00,PMB,18.75
1996-05-14 00:00:00,PMB,19
1996-05-15 00:00:00,PMB,19
1996-05-16 00:00:00,PMB,19
1996-05-17 00:00:00,PMB,19
1996-05-20 00:00:00,PMB,19
SECURITY_DA,COMP,CLOSE_PRICE
-----------,----,-----------
1996-05-21 00:00:00,PMB,18.5
1996-05-22 00:00:00,PMB,18.5
1996-05-24 00:00:00,PMB,18.5
1996-05-27 00:00:00,PMB,18
1996-05-28 00:00:00,PMB,18
1996-05-29 00:00:00,PMB,18
1996-05-30 00:00:00,PMB,18
1996-06-03 00:00:00,PMB,17.5
1996-06-04 00:00:00,PMB,17
1996-06-05 00:00:00,PMB,17
1996-06-06 00:00:00,PMB,16.5
1996-06-07 00:00:00,PMB,16
1996-06-10 00:00:00,PMB,16.5
1996-06-11 00:00:00,PMB,16
1996-06-12 00:00:00,PMB,16
1996-06-13 00:00:00,PMB,15.5
1996-06-14 00:00:00,PMB,15.75
1996-06-17 00:00:00,PMB,15.75
1996-06-18 00:00:00,PMB,15
1996-06-19 00:00:00,PMB,14.5
1996-06-20 00:00:00,PMB,14.5
SECURITY_DA,COMP,CLOSE_PRICE
-----------,----,-----------
1996-06-21 00:00:00,PMB,14.5
1996-06-24 00:00:00,PMB,14.25
1996-06-25 00:00:00,PMB,14.25
1996-06-26 00:00:00,PMB,14
1996-06-27 00:00:00,PMB,14
1996-06-28 00:00:00,PMB,14
1996-07-02 00:00:00,PMB,13.75
1996-07-03 00:00:00,PMB,13.5
1996-07-04 00:00:00,PMB,13
1996-07-08 00:00:00,PMB,13
1996-07-09 00:00:00,PMB,12.5
1996-07-10 00:00:00,PMB,12.5
1996-07-11 00:00:00,PMB,12.5
1996-07-12 00:00:00,PMB,12.5
1996-07-15 00:00:00,PMB,12.5
1996-07-16 00:00:00,PMB,12.5
1996-07-17 00:00:00,PMB,12.5
1996-07-18 00:00:00,PMB,12.75
1996-07-19 00:00:00,PMB,13
1996-07-22 00:00:00,PMB,12.75
1996-07-23 00:00:00,PMB,13
SECURITY_DA,COMP,CLOSE_PRICE
-----------,----,-----------
1996-07-24 00:00:00,PMB,13.5
1996-07-25 00:00:00,PMB,13.5
1996-07-26 00:00:00,PMB,14
1996-07-31 00:00:00,PMB,14.25
1996-08-01 00:00:00,PMB,14.5
1996-08-02 00:00:00,PMB,15
1996-08-07 00:00:00,PMB,15.5
1996-08-08 00:00:00,PMB,16.5
1996-08-09 00:00:00,PMB,16
1996-08-12 00:00:00,PMB,16
1996-08-13 00:00:00,PMB,15.5
1996-08-14 00:00:00,PMB,15
1996-08-15 00:00:00,PMB,14.75
1996-08-16 00:00:00,PMB,14.5
1996-08-20 00:00:00,PMB,14
1996-08-21 00:00:00,PMB,14
1996-08-22 00:00:00,PMB,15.5
1996-08-23 00:00:00,PMB,15
1996-08-26 00:00:00,PMB,15
1996-08-27 00:00:00,PMB,14.5
1996-08-29 00:00:00,PMB,14.5
SECURITY_DA,COMP,CLOSE_PRICE
-----------,----,-----------
1996-08-30 00:00:00,PMB,14.75
1996-09-02 00:00:00,PMB,14.75
1996-09-03 00:00:00,PMB,14.75
1996-09-04 00:00:00,PMB,14.75
1996-09-05 00:00:00,PMB,15
1996-09-06 00:00:00,PMB,15
1996-09-09 00:00:00,PMB,14.75
1996-09-10 00:00:00,PMB,14.5
1996-09-11 00:00:00,PMB,14.5
1996-09-12 00:00:00,PMB,14.5
1996-09-13 00:00:00,PMB,14.25
1996-09-16 00:00:00,PMB,14.25
1996-09-17 00:00:00,PMB,14.5
1996-09-18 00:00:00,PMB,14.5
1996-09-19 00:00:00,PMB,14.5
1996-09-20 00:00:00,PMB,14.75
1996-09-23 00:00:00,PMB,15
1996-09-24 00:00:00,PMB,15
1996-09-25 00:00:00,PMB,15
1996-09-27 00:00:00,PMB,15
1996-09-30 00:00:00,PMB,15
SECURITY_DA,COMP,CLOSE_PRICE
-----------,----,-----------
1996-10-01 00:00:00,PMB,15.5
1996-10-02 00:00:00,PMB,15.75
1996-10-03 00:00:00,PMB,16
1996-10-04 00:00:00,PMB,16.5
1996-10-07 00:00:00,PMB,16
1996-10-08 00:00:00,PMB,16.25
1996-10-09 00:00:00,PMB,15.25
1996-10-10 00:00:00,PMB,15.5
1996-10-11 00:00:00,PMB,15.5
1996-10-14 00:00:00,PMB,15.5
1996-10-15 00:00:00,PMB,16
1996-10-16 00:00:00,PMB,16.5
1996-10-17 00:00:00,PMB,17
1996-10-18 00:00:00,PMB,17
1996-10-21 00:00:00,PMB,17
1996-10-22 00:00:00,PMB,17
1996-10-23 00:00:00,PMB,16.5
1996-10-24 00:00:00,PMB,16.75
1996-10-25 00:00:00,PMB,16.75
1996-10-28 00:00:00,PMB,16.5
1996-10-29 00:00:00,PMB,16
SECURITY_DA,COMP,CLOSE_PRICE
-----------,----,-----------
1996-10-30 00:00:00,PMB,16
1996-10-31 00:00:00,PMB,0
1996-11-01 00:00:00,PMB,16
1996-11-05 00:00:00,PMB,16.5
1996-11-06 00:00:00,PMB,16
1996-11-07 00:00:00,PMB,16.5
1996-11-08 00:00:00,PMB,16.75
1996-11-11 00:00:00,PMB,16.75
1996-11-12 00:00:00,PMB,17.5
1996-11-13 00:00:00,PMB,17.5
1996-11-14 00:00:00,PMB,17.5
1996-11-15 00:00:00,PMB,17.75
1996-11-18 00:00:00,PMB,17.5
1996-11-19 00:00:00,PMB,17.5
1996-11-20 00:00:00,PMB,17.5
1996-11-21 00:00:00,PMB,17.75
1996-11-22 00:00:00,PMB,17.5
1996-11-25 00:00:00,PMB,17
1996-11-26 00:00:00,PMB,16.75
1996-11-27 00:00:00,PMB,16
1996-11-28 00:00:00,PMB,16
SECURITY_DA,COMP,CLOSE_PRICE
-----------,----,-----------
1996-11-29 00:00:00,PMB,15.75
1996-12-03 00:00:00,PMB,15.5
1996-12-04 00:00:00,PMB,15.5
1996-12-05 00:00:00,PMB,16.25
1996-12-06 00:00:00,PMB,15.5
1996-12-09 00:00:00,PMB,15.5
1996-12-10 00:00:00,PMB,15.5
1996-12-11 00:00:00,PMB,15.5
1996-12-13 00:00:00,PMB,15.5
1996-12-16 00:00:00,PMB,15.5
1996-12-17 00:00:00,PMB,15.5
1996-12-18 00:00:00,PMB,15.5
1996-12-20 00:00:00,PMB,15.75
1996-12-23 00:00:00,PMB,16
1996-12-27 00:00:00,PMB,16.5
1996-12-30 00:00:00,PMB,16.25
1996-12-31 00:00:00,PMB,16.25
1996-01-02 00:00:00,PTEX,7.5
1996-01-08 00:00:00,PTEX,7.75
1996-01-09 00:00:00,PTEX,7.75
1996-01-11 00:00:00,PTEX,7.5
SECURITY_DA,COMP,CLOSE_PRICE
-----------,----,-----------
1996-01-12 00:00:00,PTEX,7.25
1996-01-16 00:00:00,PTEX,7.25
1996-01-17 00:00:00,PTEX,7
1996-01-19 00:00:00,PTEX,7
1996-01-22 00:00:00,PTEX,7
1996-01-23 00:00:00,PTEX,7
1996-01-24 00:00:00,PTEX,6.5
1996-01-25 00:00:00,PTEX,6.75
1996-01-29 00:00:00,PTEX,6.5
1996-01-30 00:00:00,PTEX,6.5
1996-01-31 00:00:00,PTEX,6.25
1996-02-06 00:00:00,PTEX,5.5
1996-02-07 00:00:00,PTEX,5.25
1996-02-08 00:00:00,PTEX,5.5
1996-02-09 00:00:00,PTEX,5
1996-02-12 00:00:00,PTEX,5
1996-02-13 00:00:00,PTEX,5.25
1996-02-16 00:00:00,PTEX,5.75
1996-02-20 00:00:00,PTEX,5.25
1996-02-21 00:00:00,PTEX,5.25
1996-02-22 00:00:00,PTEX,5.25
SECURITY_DA,COMP,CLOSE_PRICE
-----------,----,-----------
1996-02-23 00:00:00,PTEX,5.25
1996-02-26 00:00:00,PTEX,5.5
1996-02-28 00:00:00,PTEX,5.5
1996-02-29 00:00:00,PTEX,5
1996-03-01 00:00:00,PTEX,5.25
1996-03-06 00:00:00,PTEX,5.5
1996-03-07 00:00:00,PTEX,5.75
1996-03-08 00:00:00,PTEX,7.5
1996-03-11 00:00:00,PTEX,8
1996-03-12 00:00:00,PTEX,6
1996-03-13 00:00:00,PTEX,6
1996-03-14 00:00:00,PTEX,5.75
1996-03-15 00:00:00,PTEX,5.5
1996-03-18 00:00:00,PTEX,5.5
1996-03-19 00:00:00,PTEX,5.25
1996-03-20 00:00:00,PTEX,5.25
1996-03-21 00:00:00,PTEX,5.25
1996-03-25 00:00:00,PTEX,5.25
1996-03-27 00:00:00,PTEX,5.25
1996-03-28 00:00:00,PTEX,5
1996-03-29 00:00:00,PTEX,5
SECURITY_DA,COMP,CLOSE_PRICE
-----------,----,-----------
1996-04-01 00:00:00,PTEX,5
1996-04-02 00:00:00,PTEX,0
1996-04-04 00:00:00,PTEX,5.25
1996-04-09 00:00:00,PTEX,5
1996-04-10 00:00:00,PTEX,5
1996-04-15 00:00:00,PTEX,5
1996-04-16 00:00:00,PTEX,5.5
1996-04-17 00:00:00,PTEX,5.5
1996-04-18 00:00:00,PTEX,5
1996-04-22 00:00:00,PTEX,5
1996-04-23 00:00:00,PTEX,5.25
1996-04-25 00:00:00,PTEX,5.25
1996-04-26 00:00:00,PTEX,5
1996-04-29 00:00:00,PTEX,5.25
1996-04-30 00:00:00,PTEX,5
1996-05-06 00:00:00,PTEX,5.25
1996-05-07 00:00:00,PTEX,5.25
1996-05-09 00:00:00,PTEX,5.5
1996-05-10 00:00:00,PTEX,5.25
1996-05-13 00:00:00,PTEX,5
1996-05-14 00:00:00,PTEX,5
SECURITY_DA,COMP,CLOSE_PRICE
-----------,----,-----------
1996-05-15 00:00:00,PTEX,5
1996-05-16 00:00:00,PTEX,5
1996-05-17 00:00:00,PTEX,0
1996-05-20 00:00:00,PTEX,5
1996-05-21 00:00:00,PTEX,5
1996-05-24 00:00:00,PTEX,5
1996-05-28 00:00:00,PTEX,0
1996-05-30 00:00:00,PTEX,5
1996-06-04 00:00:00,PTEX,5
1996-06-06 00:00:00,PTEX,5
1996-06-07 00:00:00,PTEX,5
1996-06-10 00:00:00,PTEX,5
1996-06-11 00:00:00,PTEX,4.75
1996-06-12 00:00:00,PTEX,4.75
1996-06-13 00:00:00,PTEX,0
1996-06-17 00:00:00,PTEX,4.5
1996-06-18 00:00:00,PTEX,4
1996-06-19 00:00:00,PTEX,4
1996-06-20 00:00:00,PTEX,4
1996-06-21 00:00:00,PTEX,4
1996-06-24 00:00:00,PTEX,4
SECURITY_DA,COMP,CLOSE_PRICE
-----------,----,-----------
1996-06-25 00:00:00,PTEX,4
1996-06-26 00:00:00,PTEX,4
1996-06-28 00:00:00,PTEX,0
1996-07-01 00:00:00,PTEX,3.75
1996-07-03 00:00:00,PTEX,3.75
1996-07-04 00:00:00,PTEX,3.75
1996-07-05 00:00:00,PTEX,3.75
1996-07-08 00:00:00,PTEX,3.75
1996-07-09 00:00:00,PTEX,3.75
1996-07-10 00:00:00,PTEX,3.75
1996-07-11 00:00:00,PTEX,3.75
1996-07-12 00:00:00,PTEX,3.75
1996-07-16 00:00:00,PTEX,3.75
1996-07-17 00:00:00,PTEX,0
1996-07-18 00:00:00,PTEX,3.5
1996-07-19 00:00:00,PTEX,3.75
1996-08-05 00:00:00,PTEX,4
1996-08-06 00:00:00,PTEX,4
1996-08-07 00:00:00,PTEX,4.25
1996-08-08 00:00:00,PTEX,4.5
1996-08-09 00:00:00,PTEX,4.25
SECURITY_DA,COMP,CLOSE_PRICE
-----------,----,-----------
1996-08-12 00:00:00,PTEX,4.5
1996-08-13 00:00:00,PTEX,4.25
1996-08-14 00:00:00,PTEX,4.5
1996-08-15 00:00:00,PTEX,4.5
1996-08-16 00:00:00,PTEX,4.25
1996-08-19 00:00:00,PTEX,4
1996-08-21 00:00:00,PTEX,4
1996-08-23 00:00:00,PTEX,4
1996-08-26 00:00:00,PTEX,4
1996-08-27 00:00:00,PTEX,4.25
1996-08-29 00:00:00,PTEX,4.25
1996-08-30 00:00:00,PTEX,4.25
1996-09-02 00:00:00,PTEX,0
1996-09-04 00:00:00,PTEX,4
1996-09-10 00:00:00,PTEX,4.25
1996-09-11 00:00:00,PTEX,4
1996-09-13 00:00:00,PTEX,4
1996-09-16 00:00:00,PTEX,4
1996-09-17 00:00:00,PTEX,4.25
1996-09-18 00:00:00,PTEX,4.25
1996-09-19 00:00:00,PTEX,4
SECURITY_DA,COMP,CLOSE_PRICE
-----------,----,-----------
1996-09-23 00:00:00,PTEX,4
1996-09-25 00:00:00,PTEX,0
1996-09-27 00:00:00,PTEX,4
1996-09-30 00:00:00,PTEX,4
1996-10-02 00:00:00,PTEX,4.25
1996-10-03 00:00:00,PTEX,4.25
1996-10-08 00:00:00,PTEX,4.25
1996-10-09 00:00:00,PTEX,4
1996-10-10 00:00:00,PTEX,4
1996-10-14 00:00:00,PTEX,4
1996-10-16 00:00:00,PTEX,0
1996-10-17 00:00:00,PTEX,4
1996-10-21 00:00:00,PTEX,4
1996-10-22 00:00:00,PTEX,4
1996-10-23 00:00:00,PTEX,4
1996-10-25 00:00:00,PTEX,4
1996-10-28 00:00:00,PTEX,4
1996-10-29 00:00:00,PTEX,4.25
1996-10-30 00:00:00,PTEX,4.25
1996-11-01 00:00:00,PTEX,4.25
1996-11-05 00:00:00,PTEX,4.25
SECURITY_DA,COMP,CLOSE_PRICE
-----------,----,-----------
1996-11-06 00:00:00,PTEX,4.25
1996-11-08 00:00:00,PTEX,4.75
1996-11-11 00:00:00,PTEX,5.25
1996-11-12 00:00:00,PTEX,5.75
1996-11-13 00:00:00,PTEX,5.5
1996-11-14 00:00:00,PTEX,5
1996-11-15 00:00:00,PTEX,4.75
1996-11-19 00:00:00,PTEX,4.75
1996-11-20 00:00:00,PTEX,4.25
1996-11-21 00:00:00,PTEX,4.5
1996-11-22 00:00:00,PTEX,4.75
1996-11-25 00:00:00,PTEX,4
1996-11-26 00:00:00,PTEX,4.25
1996-11-27 00:00:00,PTEX,4.25
1996-11-28 00:00:00,PTEX,4.25
1996-11-29 00:00:00,PTEX,4.25
1996-12-02 00:00:00,PTEX,4
1996-12-03 00:00:00,PTEX,4.5
1996-12-04 00:00:00,PTEX,0
1996-12-05 00:00:00,PTEX,4
1996-12-06 00:00:00,PTEX,4.25
SECURITY_DA,COMP,CLOSE_PRICE
-----------,----,-----------
1996-12-09 00:00:00,PTEX,4
1996-12-10 00:00:00,PTEX,4
1996-12-12 00:00:00,PTEX,4
1996-12-13 00:00:00,PTEX,4
1996-12-20 00:00:00,PTEX,4.25
1996-12-31 00:00:00,PTEX,4.25
1996-01-02 00:00:00,PURE,19.5
1996-01-08 00:00:00,PURE,19
1996-01-10 00:00:00,PURE,19.25
1996-01-12 00:00:00,PURE,19
1996-01-19 00:00:00,PURE,20
1996-01-22 00:00:00,PURE,18.25
1996-01-25 00:00:00,PURE,19
1996-02-01 00:00:00,PURE,18
1996-02-02 00:00:00,PURE,19
1996-02-06 00:00:00,PURE,19
1996-02-08 00:00:00,PURE,19
1996-02-12 00:00:00,PURE,18.75
1996-02-13 00:00:00,PURE,19
1996-02-16 00:00:00,PURE,18.25
1996-02-19 00:00:00,PURE,18
SECURITY_DA,COMP,CLOSE_PRICE
-----------,----,-----------
1996-02-21 00:00:00,PURE,0
1996-02-27 00:00:00,PURE,18.25
1996-02-29 00:00:00,PURE,18
1996-03-01 00:00:00,PURE,18.5
1996-03-06 00:00:00,PURE,19
1996-03-07 00:00:00,PURE,19
1996-03-11 00:00:00,PURE,19
1996-03-12 00:00:00,PURE,19
1996-03-18 00:00:00,PURE,18
1996-03-20 00:00:00,PURE,0
1996-03-25 00:00:00,PURE,18
1996-03-26 00:00:00,PURE,17
1996-03-29 00:00:00,PURE,17.75
1996-04-01 00:00:00,PURE,17
1996-04-02 00:00:00,PURE,17
1996-04-04 00:00:00,PURE,17
1996-04-08 00:00:00,PURE,16.5
1996-04-10 00:00:00,PURE,17
1996-04-15 00:00:00,PURE,17
1996-04-19 00:00:00,PURE,16.5
1996-04-22 00:00:00,PURE,16.5
SECURITY_DA,COMP,CLOSE_PRICE
-----------,----,-----------
1996-04-23 00:00:00,PURE,16
1996-04-24 00:00:00,PURE,16
1996-04-25 00:00:00,PURE,14.5
1996-04-29 00:00:00,PURE,15
1996-05-07 00:00:00,PURE,15
1996-05-08 00:00:00,PURE,15
1996-05-09 00:00:00,PURE,15.25
1996-05-10 00:00:00,PURE,15
1996-05-17 00:00:00,PURE,0
1996-05-21 00:00:00,PURE,15.5
1996-05-28 00:00:00,PURE,16
1996-05-29 00:00:00,PURE,16
1996-06-03 00:00:00,PURE,16
1996-06-06 00:00:00,PURE,16
1996-06-10 00:00:00,PURE,0
1996-06-12 00:00:00,PURE,17
1996-06-13 00:00:00,PURE,16
1996-06-14 00:00:00,PURE,16
1996-06-18 00:00:00,PURE,15
1996-06-20 00:00:00,PURE,15
1996-06-21 00:00:00,PURE,16
SECURITY_DA,COMP,CLOSE_PRICE
-----------,----,-----------
1996-07-01 00:00:00,PURE,16
1996-07-05 00:00:00,PURE,15
1996-07-17 00:00:00,PURE,15
1996-07-24 00:00:00,PURE,0
1996-07-31 00:00:00,PURE,15
1996-08-02 00:00:00,PURE,14.75
1996-08-07 00:00:00,PURE,14.25
1996-08-09 00:00:00,PURE,14.25
1996-08-12 00:00:00,PURE,14.25
1996-08-14 00:00:00,PURE,14.25
1996-08-22 00:00:00,PURE,14.5
1996-08-26 00:00:00,PURE,14.5
1996-08-27 00:00:00,PURE,0
1996-08-30 00:00:00,PURE,14.25
1996-09-02 00:00:00,PURE,14.25
1996-09-03 00:00:00,PURE,14.25
1996-09-05 00:00:00,PURE,14.5
1996-09-06 00:00:00,PURE,14
1996-09-09 00:00:00,PURE,14.25
1996-09-10 00:00:00,PURE,14.25
1996-09-18 00:00:00,PURE,0
SECURITY_DA,COMP,CLOSE_PRICE
-----------,----,-----------
1996-09-20 00:00:00,PURE,14.25
1996-09-24 00:00:00,PURE,14.25
1996-09-27 00:00:00,PURE,14.25
1996-09-30 00:00:00,PURE,14
1996-10-01 00:00:00,PURE,14.25
1996-10-02 00:00:00,PURE,15
1996-10-03 00:00:00,PURE,15
1996-10-07 00:00:00,PURE,15.25
1996-10-08 00:00:00,PURE,15
1996-10-10 00:00:00,PURE,15.25
1996-10-21 00:00:00,PURE,15
1996-10-22 00:00:00,PURE,15
1996-10-24 00:00:00,PURE,15
1996-10-25 00:00:00,PURE,15
1996-10-28 00:00:00,PURE,15
1996-10-29 00:00:00,PURE,15.25
1996-10-30 00:00:00,PURE,0
1996-10-31 00:00:00,PURE,15.25
1996-11-05 00:00:00,PURE,16
1996-11-07 00:00:00,PURE,16.5
1996-11-12 00:00:00,PURE,15.5
SECURITY_DA,COMP,CLOSE_PRICE
-----------,----,-----------
1996-11-13 00:00:00,PURE,16.25
1996-11-14 00:00:00,PURE,16.25
1996-11-15 00:00:00,PURE,16.25
1996-11-18 00:00:00,PURE,16.5
1996-11-19 00:00:00,PURE,16.5
1996-11-20 00:00:00,PURE,17
1996-11-21 00:00:00,PURE,17
1996-11-22 00:00:00,PURE,17
1996-11-25 00:00:00,PURE,17
1996-11-27 00:00:00,PURE,17
1996-11-28 00:00:00,PURE,17
1996-11-29 00:00:00,PURE,17
1996-12-02 00:00:00,PURE,17
1996-12-04 00:00:00,PURE,16.5
1996-12-05 00:00:00,PURE,16.5
1996-12-06 00:00:00,PURE,17
1996-12-09 00:00:00,PURE,16
1996-12-10 00:00:00,PURE,16
1996-12-11 00:00:00,PURE,16
1996-12-12 00:00:00,PURE,16
1996-12-27 00:00:00,PURE,16
1996-12-31 00:00:00,PURE,16.5
1996-01-03 00:00:00,RCL,31.75
1996-01-04 00:00:00,RCL,31.75
1996-01-08 00:00:00,RCL,31.5
1996-01-09 00:00:00,RCL,31.5
1996-01-10 00:00:00,RCL,31.5
1996-01-11 00:00:00,RCL,32
1996-01-12 00:00:00,RCL,32.25
1996-01-16 00:00:00,RCL,32.75
1996-01-17 00:00:00,RCL,32
1996-01-18 00:00:00,RCL,32
1996-01-19 00:00:00,RCL,32.75
1996-01-22 00:00:00,RCL,32
1996-01-23 00:00:00,RCL,31
1996-01-24 00:00:00,RCL,31
1996-01-25 00:00:00,RCL,31.5
1996-01-26 00:00:00,RCL,31.25
1996-01-29 00:00:00,RCL,31
1996-01-30 00:00:00,RCL,31
1996-01-31 00:00:00,RCL,27
1996-02-01 00:00:00,RCL,26
1996-02-02 00:00:00,RCL,26.5
1996-02-07 00:00:00,RCL,27.5
1996-02-08 00:00:00,RCL,28.75
1996-02-09 00:00:00,RCL,29.25
1996-02-12 00:00:00,RCL,29
1996-02-13 00:00:00,RCL,29.5
1996-02-14 00:00:00,RCL,29
1996-02-15 00:00:00,RCL,29.5
1996-02-16 00:00:00,RCL,29.5
1996-02-19 00:00:00,RCL,29
1996-02-20 00:00:00,RCL,29.5
1996-02-21 00:00:00,RCL,29.75
1996-02-22 00:00:00,RCL,30
1996-02-23 00:00:00,RCL,31
1996-02-26 00:00:00,RCL,30
1996-02-27 00:00:00,RCL,31
1996-02-28 00:00:00,RCL,31.25
1996-02-29 00:00:00,RCL,32
1996-03-01 00:00:00,RCL,31
1996-03-05 00:00:00,RCL,31
1996-03-06 00:00:00,RCL,32
1996-03-07 00:00:00,RCL,33
1996-03-08 00:00:00,RCL,33.5
1996-03-11 00:00:00,RCL,32
1996-03-12 00:00:00,RCL,32
1996-03-13 00:00:00,RCL,31.25
1996-03-14 00:00:00,RCL,30.75
1996-03-15 00:00:00,RCL,31
1996-03-18 00:00:00,RCL,30.75
1996-03-19 00:00:00,RCL,30
1996-03-20 00:00:00,RCL,30
1996-03-21 00:00:00,RCL,28.5
1996-03-22 00:00:00,RCL,28.25
1996-03-25 00:00:00,RCL,28.5
1996-03-26 00:00:00,RCL,28.5
1996-03-27 00:00:00,RCL,28.75
1996-03-28 00:00:00,RCL,28.5
1996-03-29 00:00:00,RCL,28.25
1996-04-01 00:00:00,RCL,28.5
1996-04-02 00:00:00,RCL,28.5
1996-04-04 00:00:00,RCL,28.5
1996-04-08 00:00:00,RCL,28.5
1996-04-09 00:00:00,RCL,28.5
1996-04-10 00:00:00,RCL,28.5
1996-04-15 00:00:00,RCL,28
1996-04-16 00:00:00,RCL,28
1996-04-17 00:00:00,RCL,28.25
1996-04-18 00:00:00,RCL,28.25
1996-04-19 00:00:00,RCL,28
1996-04-22 00:00:00,RCL,27.5
1996-04-23 00:00:00,RCL,27.5
1996-04-24 00:00:00,RCL,27.5
1996-04-25 00:00:00,RCL,27.25
1996-04-26 00:00:00,RCL,27
1996-04-29 00:00:00,RCL,0
1996-05-06 00:00:00,RCL,27.5
1996-05-07 00:00:00,RCL,27.75
1996-05-08 00:00:00,RCL,28
1996-05-09 00:00:00,RCL,28.5
1996-05-10 00:00:00,RCL,28.5
1996-05-13 00:00:00,RCL,28.5
1996-05-14 00:00:00,RCL,28.5
1996-05-15 00:00:00,RCL,28.5
1996-05-16 00:00:00,RCL,28.75
1996-05-17 00:00:00,RCL,28
1996-05-20 00:00:00,RCL,27.75
1996-05-21 00:00:00,RCL,27.75
1996-05-22 00:00:00,RCL,27.75
1996-05-23 00:00:00,RCL,27.75
1996-05-24 00:00:00,RCL,27.5
1996-05-27 00:00:00,RCL,27.25
1996-05-28 00:00:00,RCL,27.25
1996-05-29 00:00:00,RCL,27.25
1996-05-30 00:00:00,RCL,27
1996-06-03 00:00:00,RCL,27
1996-06-04 00:00:00,RCL,27
1996-06-05 00:00:00,RCL,27
1996-06-06 00:00:00,RCL,27
1996-06-07 00:00:00,RCL,27
1996-06-10 00:00:00,RCL,27
1996-06-11 00:00:00,RCL,27
1996-06-12 00:00:00,RCL,26.5
1996-06-13 00:00:00,RCL,26
1996-06-14 00:00:00,RCL,26.25
1996-06-17 00:00:00,RCL,25.75
1996-06-18 00:00:00,RCL,25.75
1996-06-19 00:00:00,RCL,25
1996-06-20 00:00:00,RCL,25
1996-06-21 00:00:00,RCL,25.25
1996-06-24 00:00:00,RCL,25
1996-06-25 00:00:00,RCL,24.75
1996-06-26 00:00:00,RCL,24
1996-06-27 00:00:00,RCL,23
1996-06-28 00:00:00,RCL,22
1996-07-01 00:00:00,RCL,21.5
1996-07-02 00:00:00,RCL,21
1996-07-03 00:00:00,RCL,21
1996-07-04 00:00:00,RCL,21
1996-07-08 00:00:00,RCL,20.5
1996-07-09 00:00:00,RCL,20.25
1996-07-10 00:00:00,RCL,20.25
1996-07-11 00:00:00,RCL,20
1996-07-12 00:00:00,RCL,19.5
1996-07-15 00:00:00,RCL,18.5
1996-07-16 00:00:00,RCL,17.5
1996-07-17 00:00:00,RCL,16
1996-07-18 00:00:00,RCL,16
1996-07-19 00:00:00,RCL,17.25
1996-07-23 00:00:00,RCL,18
1996-07-24 00:00:00,RCL,18.5
1996-07-26 00:00:00,RCL,19
1996-07-31 00:00:00,RCL,19.5
1996-08-01 00:00:00,RCL,19.75
1996-08-05 00:00:00,RCL,21
1996-08-06 00:00:00,RCL,23
1996-08-07 00:00:00,RCL,23
1996-08-08 00:00:00,RCL,21.75
1996-08-09 00:00:00,RCL,20
1996-08-12 00:00:00,RCL,20
1996-08-13 00:00:00,RCL,20
1996-08-14 00:00:00,RCL,19.75
1996-08-15 00:00:00,RCL,20
1996-08-16 00:00:00,RCL,21
1996-08-19 00:00:00,RCL,21.5
1996-08-20 00:00:00,RCL,21.25
1996-08-21 00:00:00,RCL,21
1996-08-22 00:00:00,RCL,20
1996-08-26 00:00:00,RCL,20.5
1996-08-27 00:00:00,RCL,20
1996-08-29 00:00:00,RCL,20.25
1996-08-30 00:00:00,RCL,20.5
1996-09-02 00:00:00,RCL,21
1996-09-03 00:00:00,RCL,22
1996-09-04 00:00:00,RCL,21.5
1996-09-05 00:00:00,RCL,21.75
1996-09-06 00:00:00,RCL,22
1996-09-09 00:00:00,RCL,22
1996-09-10 00:00:00,RCL,22.75
1996-09-11 00:00:00,RCL,22.5
1996-09-12 00:00:00,RCL,22.5
1996-09-13 00:00:00,RCL,0
1996-09-16 00:00:00,RCL,22
1996-09-17 00:00:00,RCL,22.5
1996-09-18 00:00:00,RCL,22.5
1996-09-19 00:00:00,RCL,22.5
1996-09-20 00:00:00,RCL,22.75
1996-09-23 00:00:00,RCL,22.75
1996-09-24 00:00:00,RCL,22.75
1996-09-25 00:00:00,RCL,22.75
1996-09-27 00:00:00,RCL,23
1996-09-30 00:00:00,RCL,24
1996-10-01 00:00:00,RCL,24
1996-10-02 00:00:00,RCL,23.75
1996-10-03 00:00:00,RCL,23.75
1996-10-04 00:00:00,RCL,23.75
1996-10-07 00:00:00,RCL,24
1996-10-08 00:00:00,RCL,23.75
1996-10-09 00:00:00,RCL,23.5
1996-10-10 00:00:00,RCL,23
1996-10-11 00:00:00,RCL,23
1996-10-14 00:00:00,RCL,23.75
1996-10-15 00:00:00,RCL,23.75
1996-10-16 00:00:00,RCL,23.75
1996-10-17 00:00:00,RCL,23.75
1996-10-18 00:00:00,RCL,24
1996-10-21 00:00:00,RCL,23.5
1996-10-22 00:00:00,RCL,23.25
1996-10-23 00:00:00,RCL,21
1996-10-24 00:00:00,RCL,21.5
1996-10-25 00:00:00,RCL,21.75
1996-10-28 00:00:00,RCL,22
1996-10-29 00:00:00,RCL,22.25
1996-10-30 00:00:00,RCL,23
1996-10-31 00:00:00,RCL,23
1996-11-01 00:00:00,RCL,23.5
1996-11-04 00:00:00,RCL,23.5
1996-11-05 00:00:00,RCL,23.5
1996-11-06 00:00:00,RCL,23.75
1996-11-07 00:00:00,RCL,24
1996-11-08 00:00:00,RCL,24
1996-11-11 00:00:00,RCL,25
1996-11-12 00:00:00,RCL,26
1996-11-13 00:00:00,RCL,26
1996-11-14 00:00:00,RCL,25.5
1996-11-15 00:00:00,RCL,24
1996-11-19 00:00:00,RCL,26.5
1996-11-20 00:00:00,RCL,25.25
1996-11-21 00:00:00,RCL,26
1996-11-22 00:00:00,RCL,25.25
1996-11-25 00:00:00,RCL,25.25
1996-11-26 00:00:00,RCL,25
1996-11-27 00:00:00,RCL,25
1996-11-28 00:00:00,RCL,25
1996-11-29 00:00:00,RCL,25
1996-12-02 00:00:00,RCL,25
1996-12-03 00:00:00,RCL,25.5
1996-12-04 00:00:00,RCL,25.5
1996-12-05 00:00:00,RCL,25
1996-12-09 00:00:00,RCL,25
1996-12-10 00:00:00,RCL,25
1996-12-11 00:00:00,RCL,25
1996-12-12 00:00:00,RCL,25.5
1996-12-13 00:00:00,RCL,25
1996-12-16 00:00:00,RCL,25.25
1996-12-17 00:00:00,RCL,25.25
1996-12-18 00:00:00,RCL,25.25
1996-12-19 00:00:00,RCL,25.25
1996-12-23 00:00:00,RCL,25.5
1996-12-30 00:00:00,RCL,25.5
1996-12-31 00:00:00,RCL,25.5
1996-01-02 00:00:00,RECK,60
1996-01-03 00:00:00,RECK,60
1996-01-08 00:00:00,RECK,60
1996-01-10 00:00:00,RECK,60
1996-01-26 00:00:00,RECK,60.25
1996-02-19 00:00:00,RECK,63
1996-03-01 00:00:00,RECK,0
1996-03-07 00:00:00,RECK,62
1996-03-08 00:00:00,RECK,65
1996-03-11 00:00:00,RECK,68.25
1996-03-12 00:00:00,RECK,68.25
1996-03-15 00:00:00,RECK,94.5
1996-03-18 00:00:00,RECK,95
1996-03-19 00:00:00,RECK,90
1996-03-20 00:00:00,RECK,89.75
1996-03-21 00:00:00,RECK,89
1996-03-22 00:00:00,RECK,87
1996-03-26 00:00:00,RECK,85
1996-03-28 00:00:00,RECK,85.25
1996-03-29 00:00:00,RECK,87.5
1996-04-01 00:00:00,RECK,89
SECURITY_DA,COMP,CLOSE_PRICE
-----------,----,-----------
1996-04-02 00:00:00,RECK,89.25
1996-04-04 00:00:00,RECK,91
1996-04-08 00:00:00,RECK,95
1996-04-09 00:00:00,RECK,95
1996-04-10 00:00:00,RECK,96
1996-04-15 00:00:00,RECK,96
1996-04-16 00:00:00,RECK,100
1996-04-17 00:00:00,RECK,98
1996-04-19 00:00:00,RECK,98
1996-04-22 00:00:00,RECK,96
1996-04-23 00:00:00,RECK,95
1996-04-24 00:00:00,RECK,94.75
1996-04-25 00:00:00,RECK,95
1996-04-26 00:00:00,RECK,95
1996-04-29 00:00:00,RECK,95
1996-04-30 00:00:00,RECK,94
1996-05-06 00:00:00,RECK,95
1996-05-07 00:00:00,RECK,93
1996-05-08 00:00:00,RECK,93
1996-05-09 00:00:00,RECK,46
1996-05-10 00:00:00,RECK,46
SECURITY_DA,COMP,CLOSE_PRICE
-----------,----,-----------
1996-05-13 00:00:00,RECK,46
1996-05-14 00:00:00,RECK,46
1996-05-16 00:00:00,RECK,46
1996-05-17 00:00:00,RECK,0
1996-05-22 00:00:00,RECK,46
1996-05-27 00:00:00,RECK,46
1996-05-28 00:00:00,RECK,46
1996-05-29 00:00:00,RECK,46
1996-05-30 00:00:00,RECK,46
1996-06-04 00:00:00,RECK,45
1996-06-05 00:00:00,RECK,44
1996-06-07 00:00:00,RECK,44
1996-06-17 00:00:00,RECK,40
1996-06-19 00:00:00,RECK,40
1996-06-20 00:00:00,RECK,40
1996-06-21 00:00:00,RECK,40
1996-07-02 00:00:00,RECK,39
1996-07-05 00:00:00,RECK,39
1996-07-09 00:00:00,RECK,38
1996-07-10 00:00:00,RECK,0
1996-07-18 00:00:00,RECK,37
SECURITY_DA,COMP,CLOSE_PRICE
-----------,----,-----------
1996-07-23 00:00:00,RECK,0
1996-07-24 00:00:00,RECK,36
1996-07-25 00:00:00,RECK,36
1996-07-26 00:00:00,RECK,36
1996-08-08 00:00:00,RECK,35.5
1996-08-12 00:00:00,RECK,36
1996-08-15 00:00:00,RECK,36
1996-08-20 00:00:00,RECK,36
1996-08-22 00:00:00,RECK,36
1996-08-26 00:00:00,RECK,36
1996-09-03 00:00:00,RECK,38
1996-09-06 00:00:00,RECK,40
1996-09-10 00:00:00,RECK,40
1996-09-11 00:00:00,RECK,40
1996-09-12 00:00:00,RECK,40
1996-09-13 00:00:00,RECK,40
1996-09-18 00:00:00,RECK,40
1996-09-20 00:00:00,RECK,40
1996-10-01 00:00:00,RECK,40
1996-10-08 00:00:00,RECK,40
1996-10-10 00:00:00,RECK,41
SECURITY_DA,COMP,CLOSE_PRICE
-----------,----,-----------
1996-10-11 00:00:00,RECK,40.5
1996-10-15 00:00:00,RECK,40
1996-10-16 00:00:00,RECK,40.5
1996-10-17 00:00:00,RECK,40.5
1996-10-18 00:00:00,RECK,40.5
1996-10-23 00:00:00,RECK,40.5
1996-10-24 00:00:00,RECK,40.5
1996-10-28 00:00:00,RECK,40
1996-11-04 00:00:00,RECK,40
1996-11-11 00:00:00,RECK,40
1996-11-12 00:00:00,RECK,40
1996-11-21 00:00:00,RECK,40
1996-11-22 00:00:00,RECK,40
1996-11-25 00:00:00,RECK,40
1996-11-27 00:00:00,RECK,40
1996-11-28 00:00:00,RECK,40
1996-12-05 00:00:00,RECK,40
1996-12-09 00:00:00,RECK,40
1996-12-23 00:00:00,RECK,40
1996-02-13 00:00:00,REEF,30
1996-06-04 00:00:00,REEF,0
SECURITY_DA,COMP,CLOSE_PRICE
-----------,----,-----------
1996-11-22 00:00:00,REEF,29
1996-01-08 00:00:00,REG,29
1996-01-09 00:00:00,REG,0
1996-01-11 00:00:00,REG,30
1996-01-12 00:00:00,REG,30
1996-01-16 00:00:00,REG,30
1996-01-18 00:00:00,REG,31.5
1996-01-26 00:00:00,REG,32
1996-02-12 00:00:00,REG,31.25
1996-02-16 00:00:00,REG,0
1996-02-23 00:00:00,REG,31.25
1996-02-27 00:00:00,REG,31.5
1996-02-28 00:00:00,REG,0
1996-03-12 00:00:00,REG,31.75
1996-03-18 00:00:00,REG,31.5
1996-03-19 00:00:00,REG,31.5
1996-03-20 00:00:00,REG,32
1996-03-28 00:00:00,REG,32
1996-04-02 00:00:00,REG,31
1996-04-17 00:00:00,REG,33.5
1996-04-18 00:00:00,REG,33.5
SECURITY_DA,COMP,CLOSE_PRICE
-----------,----,-----------
1996-04-22 00:00:00,REG,32
1996-04-30 00:00:00,REG,32
1996-05-06 00:00:00,REG,30
1996-05-10 00:00:00,REG,30
1996-05-15 00:00:00,REG,30
1996-05-17 00:00:00,REG,30
1996-05-22 00:00:00,REG,31
1996-06-06 00:00:00,REG,31
1996-06-07 00:00:00,REG,31
1996-06-10 00:00:00,REG,30
1996-06-11 00:00:00,REG,30
1996-06-17 00:00:00,REG,30
1996-06-21 00:00:00,REG,29.75
1996-07-11 00:00:00,REG,29.25
1996-07-18 00:00:00,REG,29
1996-07-25 00:00:00,REG,27.75
1996-07-26 00:00:00,REG,26
1996-08-02 00:00:00,REG,26
1996-08-05 00:00:00,REG,26
1996-08-07 00:00:00,REG,26
1996-08-14 00:00:00,REG,25
SECURITY_DA,COMP,CLOSE_PRICE
-----------,----,-----------
1996-08-29 00:00:00,REG,25
1996-09-03 00:00:00,REG,24.25
1996-09-10 00:00:00,REG,24
1996-09-13 00:00:00,REG,24.5
1996-09-16 00:00:00,REG,24
1996-09-18 00:00:00,REG,23.5
1996-09-20 00:00:00,REG,23
1996-09-23 00:00:00,REG,23
1996-10-07 00:00:00,REG,24
1996-10-09 00:00:00,REG,0
1996-10-17 00:00:00,REG,24.5
1996-10-23 00:00:00,REG,24.5
1996-10-24 00:00:00,REG,24
1996-10-25 00:00:00,REG,0
1996-11-01 00:00:00,REG,24
1996-11-20 00:00:00,REG,24
1996-11-22 00:00:00,REG,23.5
1996-11-25 00:00:00,REG,23.5
1996-11-26 00:00:00,REG,23.5
1996-12-13 00:00:00,REG,22.25
1996-01-11 00:00:00,RENU,31.5
SECURITY_DA,COMP,CLOSE_PRICE
-----------,----,-----------
1996-01-12 00:00:00,RENU,31.5
1996-01-16 00:00:00,RENU,31.5
1996-01-22 00:00:00,RENU,30
1996-01-23 00:00:00,RENU,30
1996-02-21 00:00:00,RENU,0
1996-02-22 00:00:00,RENU,29
1996-02-29 00:00:00,RENU,28
1996-03-12 00:00:00,RENU,27.75
1996-03-13 00:00:00,RENU,26.5
1996-03-14 00:00:00,RENU,27.75
1996-03-19 00:00:00,RENU,26.75
1996-03-20 00:00:00,RENU,26.75
1996-03-22 00:00:00,RENU,26
1996-05-10 00:00:00,RENU,26
1996-05-14 00:00:00,RENU,26.25
1996-07-31 00:00:00,RENU,26
1996-08-01 00:00:00,RENU,26
1996-08-05 00:00:00,RENU,0
1996-08-29 00:00:00,RENU,25
1996-09-05 00:00:00,RENU,0
1996-09-10 00:00:00,RENU,25.75
SECURITY_DA,COMP,CLOSE_PRICE
-----------,----,-----------
1996-09-13 00:00:00,RENU,27
1996-09-17 00:00:00,RENU,27
1996-10-02 00:00:00,RENU,0
1996-10-07 00:00:00,RENU,0
1996-10-09 00:00:00,RENU,0
1996-10-11 00:00:00,RENU,27
1996-10-14 00:00:00,RENU,27
1996-10-15 00:00:00,RENU,27
1996-10-23 00:00:00,RENU,23
1996-11-25 00:00:00,RENU,0
1996-11-26 00:00:00,RENU,24.25
1996-12-31 00:00:00,RENU,25
1996-01-02 00:00:00,REXP,32
1996-01-03 00:00:00,REXP,32
1996-01-04 00:00:00,REXP,0
1996-01-11 00:00:00,REXP,32
1996-01-18 00:00:00,REXP,30
1996-01-19 00:00:00,REXP,30
1996-01-23 00:00:00,REXP,29.5
1996-01-24 00:00:00,REXP,29.5
1996-02-27 00:00:00,REXP,29
SECURITY_DA,COMP,CLOSE_PRICE
-----------,----,-----------
1996-03-08 00:00:00,REXP,28
1996-03-14 00:00:00,REXP,26.5
1996-03-18 00:00:00,REXP,26.5
1996-03-19 00:00:00,REXP,30.25
1996-03-21 00:00:00,REXP,28
1996-03-22 00:00:00,REXP,28
1996-03-27 00:00:00,REXP,28
1996-04-10 00:00:00,REXP,26.5
1996-04-16 00:00:00,REXP,25.5
1996-04-17 00:00:00,REXP,27
1996-04-18 00:00:00,REXP,0
1996-04-22 00:00:00,REXP,26.5
1996-04-24 00:00:00,REXP,27
1996-04-26 00:00:00,REXP,27
1996-04-29 00:00:00,REXP,27
1996-05-06 00:00:00,REXP,27
1996-05-09 00:00:00,REXP,27
1996-05-10 00:00:00,REXP,27
1996-05-13 00:00:00,REXP,27
1996-05-15 00:00:00,REXP,27.25
1996-05-17 00:00:00,REXP,27
SECURITY_DA,COMP,CLOSE_PRICE
-----------,----,-----------
1996-06-05 00:00:00,REXP,27
1996-06-17 00:00:00,REXP,0
1996-06-21 00:00:00,REXP,25
1996-06-26 00:00:00,REXP,23
1996-06-28 00:00:00,REXP,24.75
1996-07-11 00:00:00,REXP,22
1996-07-16 00:00:00,REXP,20.75
1996-07-18 00:00:00,REXP,21
1996-07-24 00:00:00,REXP,21.5
1996-08-08 00:00:00,REXP,21
1996-08-09 00:00:00,REXP,22
1996-08-19 00:00:00,REXP,21.5
1996-08-21 00:00:00,REXP,22
1996-09-02 00:00:00,REXP,23
1996-09-03 00:00:00,REXP,23
1996-09-04 00:00:00,REXP,23
1996-09-05 00:00:00,REXP,22
1996-09-09 00:00:00,REXP,0
1996-10-03 00:00:00,REXP,22.5
1996-10-07 00:00:00,REXP,22
1996-10-08 00:00:00,REXP,21
SECURITY_DA,COMP,CLOSE_PRICE
-----------,----,-----------
1996-10-09 00:00:00,REXP,21
1996-10-10 00:00:00,REXP,20
1996-10-11 00:00:00,REXP,20
1996-10-21 00:00:00,REXP,20.5
1996-10-23 00:00:00,REXP,21
1996-10-24 00:00:00,REXP,20
1996-10-25 00:00:00,REXP,20
1996-10-30 00:00:00,REXP,24
1996-10-31 00:00:00,REXP,23.5
1996-11-05 00:00:00,REXP,21
1996-11-08 00:00:00,REXP,23.5
1996-11-11 00:00:00,REXP,23.75
1996-11-12 00:00:00,REXP,23.5
1996-11-13 00:00:00,REXP,23.5
1996-11-14 00:00:00,REXP,23.5
1996-11-19 00:00:00,REXP,23
1996-11-25 00:00:00,REXP,0
1996-11-27 00:00:00,REXP,22.5
1996-12-03 00:00:00,REXP,22
1996-12-04 00:00:00,REXP,22.5
1996-12-06 00:00:00,REXP,22.5
1996-12-11 00:00:00,REXP,23
1996-12-31 00:00:00,REXP,0
1996-01-30 00:00:00,RGEM,10.5
1996-06-20 00:00:00,RGEM,10
1996-11-22 00:00:00,RGEM,0
1996-01-04 00:00:00,RICH,70.5
1996-01-11 00:00:00,RICH,67
1996-01-17 00:00:00,RICH,67.25
1996-01-19 00:00:00,RICH,69
1996-01-22 00:00:00,RICH,68.5
1996-01-29 00:00:00,RICH,68.5
1996-01-30 00:00:00,RICH,68
1996-02-09 00:00:00,RICH,67
1996-02-13 00:00:00,RICH,66.5
1996-02-14 00:00:00,RICH,66.5
1996-02-15 00:00:00,RICH,66.5
1996-02-16 00:00:00,RICH,64.5
1996-02-19 00:00:00,RICH,65
1996-02-20 00:00:00,RICH,65
1996-02-21 00:00:00,RICH,65
1996-02-22 00:00:00,RICH,65
1996-02-23 00:00:00,RICH,65
1996-02-26 00:00:00,RICH,65
1996-03-01 00:00:00,RICH,65
1996-03-05 00:00:00,RICH,65
1996-03-07 00:00:00,RICH,65
1996-03-08 00:00:00,RICH,65.25
1996-03-11 00:00:00,RICH,65
1996-03-12 00:00:00,RICH,65
1996-03-13 00:00:00,RICH,65
1996-03-14 00:00:00,RICH,65.25
1996-03-15 00:00:00,RICH,66
1996-03-18 00:00:00,RICH,71
1996-03-19 00:00:00,RICH,71.75
1996-03-20 00:00:00,RICH,72
1996-03-21 00:00:00,RICH,66
1996-03-25 00:00:00,RICH,69
1996-03-27 00:00:00,RICH,69
1996-03-28 00:00:00,RICH,71
1996-03-29 00:00:00,RICH,69
1996-04-01 00:00:00,RICH,70.25
1996-04-04 00:00:00,RICH,68
1996-04-08 00:00:00,RICH,68
1996-04-09 00:00:00,RICH,72
1996-04-18 00:00:00,RICH,72
1996-04-22 00:00:00,RICH,70
1996-04-23 00:00:00,RICH,70
1996-04-24 00:00:00,RICH,70
1996-04-25 00:00:00,RICH,70
1996-04-26 00:00:00,RICH,72
1996-04-29 00:00:00,RICH,72
1996-04-30 00:00:00,RICH,72.25
1996-05-08 00:00:00,RICH,72.25
1996-05-09 00:00:00,RICH,72.25
1996-05-15 00:00:00,RICH,72.75
1996-05-23 00:00:00,RICH,72.75
1996-05-24 00:00:00,RICH,72.75
1996-05-27 00:00:00,RICH,72.75
1996-05-28 00:00:00,RICH,72.75
1996-06-07 00:00:00,RICH,72
1996-06-10 00:00:00,RICH,72
1996-06-11 00:00:00,RICH,71.75
1996-06-17 00:00:00,RICH,71.5
1996-06-18 00:00:00,RICH,71.5
1996-06-19 00:00:00,RICH,71.5
1996-06-26 00:00:00,RICH,70
1996-06-28 00:00:00,RICH,70.5
1996-07-01 00:00:00,RICH,70
1996-07-08 00:00:00,RICH,69.75
1996-07-09 00:00:00,RICH,69.75
1996-07-15 00:00:00,RICH,68.25
1996-07-23 00:00:00,RICH,68.25
1996-07-24 00:00:00,RICH,68.25
1996-07-25 00:00:00,RICH,68
1996-07-26 00:00:00,RICH,69.75
1996-07-31 00:00:00,RICH,70
1996-08-01 00:00:00,RICH,70
1996-08-02 00:00:00,RICH,70.25
1996-08-05 00:00:00,RICH,70.5
1996-08-06 00:00:00,RICH,70.75
1996-08-08 00:00:00,RICH,80.25
1996-08-09 00:00:00,RICH,81
1996-08-12 00:00:00,RICH,81
1996-08-14 00:00:00,RICH,78
1996-08-16 00:00:00,RICH,75
1996-08-20 00:00:00,RICH,75
1996-08-27 00:00:00,RICH,75
1996-08-29 00:00:00,RICH,74.5
1996-09-17 00:00:00,RICH,74.5
1996-09-18 00:00:00,RICH,78
1996-09-19 00:00:00,RICH,95.25
1996-09-20 00:00:00,RICH,94.75
1996-09-23 00:00:00,RICH,102
1996-09-24 00:00:00,RICH,102
1996-09-27 00:00:00,RICH,97.25
1996-10-02 00:00:00,RICH,100
1996-10-03 00:00:00,RICH,102
1996-10-04 00:00:00,RICH,99
1996-10-08 00:00:00,RICH,96
1996-10-09 00:00:00,RICH,91
1996-10-11 00:00:00,RICH,90
1996-10-14 00:00:00,RICH,90
1996-10-15 00:00:00,RICH,90
1996-10-16 00:00:00,RICH,90
1996-10-17 00:00:00,RICH,90
1996-10-24 00:00:00,RICH,89
1996-11-01 00:00:00,RICH,88
1996-11-04 00:00:00,RICH,88
1996-11-12 00:00:00,RICH,88
1996-11-22 00:00:00,RICH,89
1996-12-03 00:00:00,RICH,89
1996-12-04 00:00:00,RICH,86
1996-12-05 00:00:00,RICH,84
1996-12-11 00:00:00,RICH,80.25
1996-12-12 00:00:00,RICH,80
1996-12-19 00:00:00,RICH,80
1996-12-20 00:00:00,RICH,76.25
1996-12-30 00:00:00,RICH,76
1996-12-31 00:00:00,RICH,76
1996-01-02 00:00:00,SAMP,46
1996-01-03 00:00:00,SAMP,45.75
1996-01-04 00:00:00,SAMP,45.75
1996-01-08 00:00:00,SAMP,45.75
1996-01-09 00:00:00,SAMP,46
1996-01-10 00:00:00,SAMP,46
1996-01-11 00:00:00,SAMP,45.25
1996-01-12 00:00:00,SAMP,45
1996-01-16 00:00:00,SAMP,45.5
1996-01-17 00:00:00,SAMP,46
1996-01-18 00:00:00,SAMP,46
1996-01-19 00:00:00,SAMP,45.5
1996-01-22 00:00:00,SAMP,45.5
1996-01-23 00:00:00,SAMP,45
1996-01-24 00:00:00,SAMP,45
1996-01-25 00:00:00,SAMP,45.5
1996-01-26 00:00:00,SAMP,45.25
1996-01-29 00:00:00,SAMP,45.5
1996-01-30 00:00:00,SAMP,45.25
1996-01-31 00:00:00,SAMP,45.5
1996-02-02 00:00:00,SAMP,46
1996-02-06 00:00:00,SAMP,47
1996-02-07 00:00:00,SAMP,47
1996-02-08 00:00:00,SAMP,47
1996-02-09 00:00:00,SAMP,48
1996-02-12 00:00:00,SAMP,49
1996-02-13 00:00:00,SAMP,49
1996-02-14 00:00:00,SAMP,49.5
1996-02-15 00:00:00,SAMP,49
1996-02-16 00:00:00,SAMP,50
1996-02-19 00:00:00,SAMP,49
1996-02-20 00:00:00,SAMP,48.75
1996-02-21 00:00:00,SAMP,49
1996-02-22 00:00:00,SAMP,49
1996-02-23 00:00:00,SAMP,49
1996-02-26 00:00:00,SAMP,48.5
1996-02-27 00:00:00,SAMP,48.25
1996-02-28 00:00:00,SAMP,48
1996-02-29 00:00:00,SAMP,49.5
1996-03-01 00:00:00,SAMP,50.75
1996-03-05 00:00:00,SAMP,50.25
1996-03-06 00:00:00,SAMP,52.5
1996-03-07 00:00:00,SAMP,52.75
1996-03-08 00:00:00,SAMP,53.5
1996-03-11 00:00:00,SAMP,54
1996-03-12 00:00:00,SAMP,54
1996-03-13 00:00:00,SAMP,54
1996-03-14 00:00:00,SAMP,54.75
1996-03-15 00:00:00,SAMP,54.75
1996-03-18 00:00:00,SAMP,54.5
1996-03-19 00:00:00,SAMP,54.75
1996-03-20 00:00:00,SAMP,54.5
1996-03-21 00:00:00,SAMP,54
1996-03-22 00:00:00,SAMP,54.5
1996-03-25 00:00:00,SAMP,54
1996-03-26 00:00:00,SAMP,53.5
1996-03-27 00:00:00,SAMP,53.5
1996-03-28 00:00:00,SAMP,53.5
1996-03-29 00:00:00,SAMP,53
1996-04-01 00:00:00,SAMP,51
1996-04-02 00:00:00,SAMP,50.5
1996-04-04 00:00:00,SAMP,50.75
1996-04-08 00:00:00,SAMP,50
1996-04-09 00:00:00,SAMP,50
1996-04-10 00:00:00,SAMP,49
1996-04-15 00:00:00,SAMP,50
1996-04-16 00:00:00,SAMP,50
1996-04-17 00:00:00,SAMP,50
1996-04-18 00:00:00,SAMP,50
1996-04-19 00:00:00,SAMP,50
1996-04-22 00:00:00,SAMP,49.5
1996-04-23 00:00:00,SAMP,49
1996-04-24 00:00:00,SAMP,48.5
1996-04-25 00:00:00,SAMP,48.5
1996-04-26 00:00:00,SAMP,49
1996-04-29 00:00:00,SAMP,48.75
1996-04-30 00:00:00,SAMP,48.75
1996-05-06 00:00:00,SAMP,48.5
1996-05-07 00:00:00,SAMP,48.75
1996-05-08 00:00:00,SAMP,48.75
1996-05-09 00:00:00,SAMP,49
1996-05-10 00:00:00,SAMP,49.75
1996-05-13 00:00:00,SAMP,50.25
1996-05-14 00:00:00,SAMP,49.75
1996-05-15 00:00:00,SAMP,50
1996-05-16 00:00:00,SAMP,50.25
1996-05-17 00:00:00,SAMP,51
1996-05-20 00:00:00,SAMP,51
1996-05-21 00:00:00,SAMP,52.25
1996-05-22 00:00:00,SAMP,51
1996-05-23 00:00:00,SAMP,50.5
1996-05-24 00:00:00,SAMP,50.5
1996-05-27 00:00:00,SAMP,51
1996-05-28 00:00:00,SAMP,51
1996-05-29 00:00:00,SAMP,51
1996-05-30 00:00:00,SAMP,51
1996-06-03 00:00:00,SAMP,50
1996-06-04 00:00:00,SAMP,49.75
1996-06-05 00:00:00,SAMP,49.5
1996-06-06 00:00:00,SAMP,49.75
1996-06-07 00:00:00,SAMP,50
1996-06-10 00:00:00,SAMP,50
1996-06-11 00:00:00,SAMP,50
1996-06-12 00:00:00,SAMP,49.75
1996-06-13 00:00:00,SAMP,51
1996-06-14 00:00:00,SAMP,49
1996-06-17 00:00:00,SAMP,49
1996-06-18 00:00:00,SAMP,49
1996-06-19 00:00:00,SAMP,49
1996-06-20 00:00:00,SAMP,48.75
1996-06-21 00:00:00,SAMP,48.75
1996-06-24 00:00:00,SAMP,48.5
1996-06-25 00:00:00,SAMP,49
1996-06-26 00:00:00,SAMP,49
1996-06-27 00:00:00,SAMP,48.5
1996-06-28 00:00:00,SAMP,49
1996-07-01 00:00:00,SAMP,48.25
1996-07-02 00:00:00,SAMP,48.75
1996-07-03 00:00:00,SAMP,48.5
1996-07-04 00:00:00,SAMP,47.5
1996-07-05 00:00:00,SAMP,47.5
1996-07-08 00:00:00,SAMP,47.5
1996-07-09 00:00:00,SAMP,47.5
1996-07-10 00:00:00,SAMP,46.25
1996-07-11 00:00:00,SAMP,45.5
1996-07-12 00:00:00,SAMP,44.75
1996-07-15 00:00:00,SAMP,42.75
1996-07-16 00:00:00,SAMP,40.75
1996-07-17 00:00:00,SAMP,40.25
1996-07-18 00:00:00,SAMP,40
1996-07-19 00:00:00,SAMP,40.5
1996-07-22 00:00:00,SAMP,40.5
1996-07-23 00:00:00,SAMP,40.5
1996-07-24 00:00:00,SAMP,41
1996-07-25 00:00:00,SAMP,41.5
1996-07-26 00:00:00,SAMP,43
1996-08-01 00:00:00,SAMP,43.5
1996-08-02 00:00:00,SAMP,43.25
1996-08-05 00:00:00,SAMP,44.25
1996-08-06 00:00:00,SAMP,44.25
1996-08-07 00:00:00,SAMP,43.75
1996-08-08 00:00:00,SAMP,44
1996-08-09 00:00:00,SAMP,43.75
1996-08-12 00:00:00,SAMP,43
1996-08-13 00:00:00,SAMP,42
1996-08-14 00:00:00,SAMP,43
1996-08-15 00:00:00,SAMP,42.5
1996-08-16 00:00:00,SAMP,42.5
1996-08-19 00:00:00,SAMP,42.5
1996-08-20 00:00:00,SAMP,42.5
1996-08-21 00:00:00,SAMP,42.5
1996-08-22 00:00:00,SAMP,42
1996-08-23 00:00:00,SAMP,42.5
1996-08-26 00:00:00,SAMP,42.5
1996-08-27 00:00:00,SAMP,42.5
1996-08-29 00:00:00,SAMP,42.5
1996-08-30 00:00:00,SAMP,42.5
1996-09-02 00:00:00,SAMP,42.5
1996-09-03 00:00:00,SAMP,43
1996-09-04 00:00:00,SAMP,43
1996-09-05 00:00:00,SAMP,43
1996-09-06 00:00:00,SAMP,43
1996-09-09 00:00:00,SAMP,43
1996-09-10 00:00:00,SAMP,43
1996-09-11 00:00:00,SAMP,43
1996-09-12 00:00:00,SAMP,43.25
1996-09-13 00:00:00,SAMP,43.25
1996-09-16 00:00:00,SAMP,43.5
1996-09-17 00:00:00,SAMP,44
1996-09-18 00:00:00,SAMP,43.5
1996-09-19 00:00:00,SAMP,43.5
1996-09-20 00:00:00,SAMP,43.75
1996-09-23 00:00:00,SAMP,43.75
1996-09-24 00:00:00,SAMP,43.75
1996-09-25 00:00:00,SAMP,47
1996-09-27 00:00:00,SAMP,45
1996-09-30 00:00:00,SAMP,45
1996-10-01 00:00:00,SAMP,45.25
1996-10-02 00:00:00,SAMP,46
1996-10-03 00:00:00,SAMP,46
1996-10-04 00:00:00,SAMP,46
1996-10-07 00:00:00,SAMP,46.5
1996-10-08 00:00:00,SAMP,46.5
1996-10-09 00:00:00,SAMP,46.5
1996-10-10 00:00:00,SAMP,47
1996-10-11 00:00:00,SAMP,46.5
1996-10-14 00:00:00,SAMP,46.75
1996-10-15 00:00:00,SAMP,46
1996-10-16 00:00:00,SAMP,46.5
1996-10-17 00:00:00,SAMP,47
1996-10-18 00:00:00,SAMP,46.75
1996-10-21 00:00:00,SAMP,46.5
1996-10-22 00:00:00,SAMP,47
1996-10-23 00:00:00,SAMP,46.5
1996-10-24 00:00:00,SAMP,46.75
1996-10-25 00:00:00,SAMP,46.5
1996-10-28 00:00:00,SAMP,46
1996-10-29 00:00:00,SAMP,46
1996-10-30 00:00:00,SAMP,46
1996-10-31 00:00:00,SAMP,46
1996-11-01 00:00:00,SAMP,46.5
1996-11-04 00:00:00,SAMP,46.25
1996-11-05 00:00:00,SAMP,46.25
1996-11-06 00:00:00,SAMP,46.25
1996-11-07 00:00:00,SAMP,46.5
1996-11-08 00:00:00,SAMP,46.5
1996-11-11 00:00:00,SAMP,46.5
1996-11-12 00:00:00,SAMP,46.75
1996-11-13 00:00:00,SAMP,46.5
1996-11-14 00:00:00,SAMP,46.25
1996-11-15 00:00:00,SAMP,46.25
1996-11-18 00:00:00,SAMP,46.25
1996-11-19 00:00:00,SAMP,46
1996-11-20 00:00:00,SAMP,46.25
1996-11-21 00:00:00,SAMP,46.25
1996-11-22 00:00:00,SAMP,46.25
1996-11-25 00:00:00,SAMP,45
1996-11-26 00:00:00,SAMP,45
1996-11-27 00:00:00,SAMP,44.25
1996-11-28 00:00:00,SAMP,44.25
1996-11-29 00:00:00,SAMP,44.5
1996-12-02 00:00:00,SAMP,45
1996-12-03 00:00:00,SAMP,45
1996-12-04 00:00:00,SAMP,46
1996-12-05 00:00:00,SAMP,44
1996-12-06 00:00:00,SAMP,43
1996-12-09 00:00:00,SAMP,43.5
1996-12-10 00:00:00,SAMP,43.5
1996-12-11 00:00:00,SAMP,44
1996-12-12 00:00:00,SAMP,45
1996-12-13 00:00:00,SAMP,45
1996-12-16 00:00:00,SAMP,45
1996-12-17 00:00:00,SAMP,44.75
1996-12-18 00:00:00,SAMP,44.5
1996-12-19 00:00:00,SAMP,44
1996-12-20 00:00:00,SAMP,45.75
1996-12-23 00:00:00,SAMP,45
1996-12-27 00:00:00,SAMP,45
1996-12-30 00:00:00,SAMP,46
1996-12-31 00:00:00,SAMP,46
1996-01-10 00:00:00,SAMS,18
1996-01-11 00:00:00,SAMS,18
1996-01-18 00:00:00,SAMS,18
1996-03-12 00:00:00,SAMS,18
1996-03-26 00:00:00,SAMS,17.5
1996-03-27 00:00:00,SAMS,0
1996-05-20 00:00:00,SAMS,15.5
1996-06-26 00:00:00,SAMS,0
1996-07-12 00:00:00,SAMS,12
1996-08-05 00:00:00,SAMS,11
1996-08-07 00:00:00,SAMS,10
1996-08-08 00:00:00,SAMS,9
1996-08-09 00:00:00,SAMS,9
1996-09-11 00:00:00,SAMS,0
1996-10-15 00:00:00,SAMS,9
1996-10-22 00:00:00,SAMS,9.25
1996-10-29 00:00:00,SAMS,0
1996-11-15 00:00:00,SAMS,9.5
1996-11-22 00:00:00,SAMS,0
SECURITY_DA,COMP,CLOSE_PRICE
-----------,----,-----------
1996-11-26 00:00:00,SAMS,10.5
1996-11-29 00:00:00,SAMS,10.5
1996-12-11 00:00:00,SAMS,9.75
1996-12-19 00:00:00,SAMS,10
1996-12-31 00:00:00,SAMS,0
1996-07-16 00:00:00,SELI,0
1996-07-19 00:00:00,SELI,0
1996-10-23 00:00:00,SELI,357
1996-01-02 00:00:00,SEMB,8.5
1996-01-03 00:00:00,SEMB,8.5
1996-01-04 00:00:00,SEMB,8.5
1996-01-08 00:00:00,SEMB,8.25
1996-01-09 00:00:00,SEMB,8.25
1996-01-10 00:00:00,SEMB,8.25
1996-01-11 00:00:00,SEMB,8.25
1996-01-12 00:00:00,SEMB,8
1996-01-16 00:00:00,SEMB,8.25
1996-01-17 00:00:00,SEMB,8.25
1996-01-18 00:00:00,SEMB,8
1996-01-19 00:00:00,SEMB,8.25
1996-01-22 00:00:00,SEMB,7.5
SECURITY_DA,COMP,CLOSE_PRICE
-----------,----,-----------
1996-01-23 00:00:00,SEMB,7
1996-01-24 00:00:00,SEMB,7
1996-01-25 00:00:00,SEMB,7
1996-01-26 00:00:00,SEMB,7
1996-01-29 00:00:00,SEMB,7
1996-01-30 00:00:00,SEMB,7.5
1996-01-31 00:00:00,SEMB,7.5
1996-02-01 00:00:00,SEMB,8
1996-02-02 00:00:00,SEMB,7.5
1996-02-06 00:00:00,SEMB,7
1996-02-07 00:00:00,SEMB,7
1996-02-08 00:00:00,SEMB,7
1996-02-09 00:00:00,SEMB,7
1996-02-12 00:00:00,SEMB,7
1996-02-13 00:00:00,SEMB,7
1996-02-14 00:00:00,SEMB,7.25
1996-02-15 00:00:00,SEMB,7.25
1996-02-16 00:00:00,SEMB,8
1996-02-19 00:00:00,SEMB,7.5
1996-02-20 00:00:00,SEMB,7.5
1996-02-21 00:00:00,SEMB,7.5
SECURITY_DA,COMP,CLOSE_PRICE
-----------,----,-----------
1996-02-22 00:00:00,SEMB,7.25
1996-02-23 00:00:00,SEMB,7.5
1996-02-26 00:00:00,SEMB,7.5
1996-02-27 00:00:00,SEMB,7.25
1996-02-28 00:00:00,SEMB,7.5
1996-02-29 00:00:00,SEMB,8
1996-03-01 00:00:00,SEMB,7.5
1996-03-05 00:00:00,SEMB,7.75
1996-03-06 00:00:00,SEMB,8
1996-03-07 00:00:00,SEMB,8
1996-03-08 00:00:00,SEMB,8.5
1996-03-11 00:00:00,SEMB,9
1996-03-12 00:00:00,SEMB,8.75
1996-03-13 00:00:00,SEMB,8.5
1996-03-18 00:00:00,SEMB,8.5
1996-03-19 00:00:00,SEMB,8
1996-03-20 00:00:00,SEMB,7.75
1996-03-21 00:00:00,SEMB,7.75
1996-03-22 00:00:00,SEMB,7.75
1996-03-25 00:00:00,SEMB,7.5
1996-03-26 00:00:00,SEMB,7.5
SECURITY_DA,COMP,CLOSE_PRICE
-----------,----,-----------
1996-03-27 00:00:00,SEMB,7.75
1996-03-28 00:00:00,SEMB,7.5
1996-03-29 00:00:00,SEMB,7.75
1996-04-01 00:00:00,SEMB,7.75
1996-04-02 00:00:00,SEMB,7.75
1996-04-08 00:00:00,SEMB,7.75
1996-04-10 00:00:00,SEMB,8
1996-04-15 00:00:00,SEMB,8.25
1996-04-17 00:00:00,SEMB,8.25
1996-04-18 00:00:00,SEMB,8
1996-04-19 00:00:00,SEMB,8.25
1996-04-22 00:00:00,SEMB,8
1996-04-23 00:00:00,SEMB,7.75
1996-04-24 00:00:00,SEMB,8
1996-04-25 00:00:00,SEMB,8
1996-04-26 00:00:00,SEMB,8
1996-04-30 00:00:00,SEMB,8.25
1996-05-06 00:00:00,SEMB,8
1996-05-07 00:00:00,SEMB,8
1996-05-08 00:00:00,SEMB,8
1996-05-09 00:00:00,SEMB,8
SECURITY_DA,COMP,CLOSE_PRICE
-----------,----,-----------
1996-05-10 00:00:00,SEMB,8
1996-05-13 00:00:00,SEMB,7.5
1996-05-14 00:00:00,SEMB,7.5
1996-05-15 00:00:00,SEMB,7.5
1996-05-17 00:00:00,SEMB,7.5
1996-05-20 00:00:00,SEMB,7.5
1996-05-21 00:00:00,SEMB,7.75
1996-05-24 00:00:00,SEMB,8
1996-05-27 00:00:00,SEMB,7.75
1996-05-28 00:00:00,SEMB,7.75
1996-05-29 00:00:00,SEMB,7.5
1996-05-30 00:00:00,SEMB,7.75
1996-06-05 00:00:00,SEMB,7
1996-06-06 00:00:00,SEMB,7.25
1996-06-07 00:00:00,SEMB,7
1996-06-10 00:00:00,SEMB,7
1996-06-11 00:00:00,SEMB,6.5
1996-06-12 00:00:00,SEMB,5.5
1996-06-13 00:00:00,SEMB,5
1996-06-14 00:00:00,SEMB,5.25
1996-06-17 00:00:00,SEMB,5.25
SECURITY_DA,COMP,CLOSE_PRICE
-----------,----,-----------
1996-06-18 00:00:00,SEMB,5
1996-06-19 00:00:00,SEMB,5
1996-06-21 00:00:00,SEMB,5.25
1996-06-24 00:00:00,SEMB,5.25
1996-06-25 00:00:00,SEMB,5.25
1996-06-26 00:00:00,SEMB,5.25
1996-06-27 00:00:00,SEMB,5
1996-06-28 00:00:00,SEMB,5
1996-07-02 00:00:00,SEMB,5.25
1996-07-03 00:00:00,SEMB,5.25
1996-07-09 00:00:00,SEMB,5.25
1996-07-10 00:00:00,SEMB,5
1996-07-11 00:00:00,SEMB,5.25
1996-07-12 00:00:00,SEMB,5
1996-07-15 00:00:00,SEMB,4.5
1996-07-16 00:00:00,SEMB,4.5
1996-07-17 00:00:00,SEMB,4.5
1996-07-18 00:00:00,SEMB,4.5
1996-07-19 00:00:00,SEMB,4.5
1996-07-22 00:00:00,SEMB,4.75
1996-07-23 00:00:00,SEMB,4.75
SECURITY_DA,COMP,CLOSE_PRICE
-----------,----,-----------
1996-07-26 00:00:00,SEMB,5
1996-08-01 00:00:00,SEMB,4.75
1996-08-02 00:00:00,SEMB,4.75
1996-08-05 00:00:00,SEMB,5.25
1996-08-06 00:00:00,SEMB,6
1996-08-07 00:00:00,SEMB,5.5
1996-08-09 00:00:00,SEMB,5.5
1996-08-13 00:00:00,SEMB,5.5
1996-08-14 00:00:00,SEMB,5.25
1996-08-15 00:00:00,SEMB,5.25
1996-08-16 00:00:00,SEMB,5.5
1996-08-19 00:00:00,SEMB,5.25
1996-08-20 00:00:00,SEMB,5.5
1996-08-21 00:00:00,SEMB,5.75
1996-08-22 00:00:00,SEMB,5.5
1996-08-23 00:00:00,SEMB,5.25
1996-08-27 00:00:00,SEMB,5.25
1996-08-29 00:00:00,SEMB,6
1996-08-30 00:00:00,SEMB,5.5
1996-09-02 00:00:00,SEMB,5
1996-09-03 00:00:00,SEMB,5.75
SECURITY_DA,COMP,CLOSE_PRICE
-----------,----,-----------
1996-09-04 00:00:00,SEMB,5.75
1996-09-05 00:00:00,SEMB,0
1996-09-06 00:00:00,SEMB,5.5
1996-09-10 00:00:00,SEMB,5.25
1996-09-12 00:00:00,SEMB,5.25
1996-09-13 00:00:00,SEMB,5.25
1996-09-17 00:00:00,SEMB,5.25
1996-09-19 00:00:00,SEMB,5.5
1996-09-20 00:00:00,SEMB,5.5
1996-09-23 00:00:00,SEMB,5.5
1996-09-24 00:00:00,SEMB,6
1996-09-25 00:00:00,SEMB,5.75
1996-09-27 00:00:00,SEMB,5.5
1996-09-30 00:00:00,SEMB,5.5
1996-10-01 00:00:00,SEMB,5.75
1996-10-02 00:00:00,SEMB,6
1996-10-03 00:00:00,SEMB,6
1996-10-04 00:00:00,SEMB,5.75
1996-10-07 00:00:00,SEMB,5.75
1996-10-09 00:00:00,SEMB,5.5
1996-10-10 00:00:00,SEMB,5.25
SECURITY_DA,COMP,CLOSE_PRICE
-----------,----,-----------
1996-10-11 00:00:00,SEMB,5.25
1996-10-14 00:00:00,SEMB,5
1996-10-15 00:00:00,SEMB,5.5
1996-10-16 00:00:00,SEMB,5.5
1996-10-17 00:00:00,SEMB,5.75
1996-10-18 00:00:00,SEMB,5.75
1996-10-21 00:00:00,SEMB,6
1996-10-22 00:00:00,SEMB,6
1996-10-23 00:00:00,SEMB,5.75
1996-10-24 00:00:00,SEMB,5.75
1996-10-25 00:00:00,SEMB,5.75
1996-10-29 00:00:00,SEMB,5.5
1996-10-30 00:00:00,SEMB,5.5
1996-10-31 00:00:00,SEMB,5.75
1996-11-01 00:00:00,SEMB,5.75
1996-11-05 00:00:00,SEMB,6.5
1996-11-06 00:00:00,SEMB,6.5
1996-11-07 00:00:00,SEMB,6.75
1996-11-08 00:00:00,SEMB,6.75
1996-11-11 00:00:00,SEMB,6.75
1996-11-12 00:00:00,SEMB,7
SECURITY_DA,COMP,CLOSE_PRICE
-----------,----,-----------
1996-11-13 00:00:00,SEMB,6.75
1996-11-14 00:00:00,SEMB,7
1996-11-15 00:00:00,SEMB,6.75
1996-11-19 00:00:00,SEMB,6.75
1996-11-20 00:00:00,SEMB,6.75
1996-11-21 00:00:00,SEMB,6.25
1996-11-22 00:00:00,SEMB,6.5
1996-11-25 00:00:00,SEMB,6
1996-11-26 00:00:00,SEMB,5.5
1996-11-27 00:00:00,SEMB,5.5
1996-11-28 00:00:00,SEMB,5.5
1996-11-29 00:00:00,SEMB,5.5
1996-12-02 00:00:00,SEMB,5.5
1996-12-03 00:00:00,SEMB,5.5
1996-12-04 00:00:00,SEMB,5.5
1996-12-06 00:00:00,SEMB,5.5
1996-12-09 00:00:00,SEMB,5.5
1996-12-11 00:00:00,SEMB,5.5
1996-12-12 00:00:00,SEMB,6
1996-12-16 00:00:00,SEMB,5.5
1996-12-17 00:00:00,SEMB,5.75
SECURITY_DA,COMP,CLOSE_PRICE
-----------,----,-----------
1996-12-19 00:00:00,SEMB,5.75
1996-12-20 00:00:00,SEMB,6
1996-12-23 00:00:00,SEMB,5.75
1996-12-27 00:00:00,SEMB,6
1996-12-30 00:00:00,SEMB,6
1996-01-12 00:00:00,SERV,11.5
1996-03-11 00:00:00,SERV,9.5
1996-03-12 00:00:00,SERV,9.5
1996-04-08 00:00:00,SERV,9.5
1996-05-09 00:00:00,SERV,8.5
1996-05-21 00:00:00,SERV,8.5
1996-05-29 00:00:00,SERV,8.5
1996-06-04 00:00:00,SERV,0
1996-07-02 00:00:00,SERV,8.75
1996-07-03 00:00:00,SERV,8.25
1996-07-10 00:00:00,SERV,8.25
1996-07-11 00:00:00,SERV,7.25
1996-08-14 00:00:00,SERV,7.5
1996-08-15 00:00:00,SERV,7.25
1996-09-04 00:00:00,SERV,7.25
1996-09-06 00:00:00,SERV,7.25
SECURITY_DA,COMP,CLOSE_PRICE
-----------,----,-----------
1996-09-11 00:00:00,SERV,7.5
1996-09-16 00:00:00,SERV,0
1996-09-23 00:00:00,SERV,0
1996-10-01 00:00:00,SERV,8.5
1996-10-02 00:00:00,SERV,8.5
1996-10-10 00:00:00,SERV,8.5
1996-10-14 00:00:00,SERV,8.75
1996-10-16 00:00:00,SERV,9
1996-10-17 00:00:00,SERV,9.5
1996-10-21 00:00:00,SERV,9.75
1996-10-22 00:00:00,SERV,9
1996-11-06 00:00:00,SERV,9
1996-11-11 00:00:00,SERV,9
1996-11-12 00:00:00,SERV,9
1996-11-14 00:00:00,SERV,8.5
1996-11-19 00:00:00,SERV,8.5
1996-11-25 00:00:00,SERV,0
1996-11-26 00:00:00,SERV,8.5
1996-11-29 00:00:00,SERV,8.5
1996-12-02 00:00:00,SERV,8.5
1996-12-04 00:00:00,SERV,8
SECURITY_DA,COMP,CLOSE_PRICE
-----------,----,-----------
1996-12-12 00:00:00,SERV,7.25
1996-01-02 00:00:00,SEYB,26.5
1996-01-03 00:00:00,SEYB,26.75
1996-01-04 00:00:00,SEYB,26.25
1996-01-08 00:00:00,SEYB,26
1996-01-09 00:00:00,SEYB,26
1996-01-10 00:00:00,SEYB,26.25
1996-01-11 00:00:00,SEYB,26.5
1996-01-12 00:00:00,SEYB,26.25
1996-01-16 00:00:00,SEYB,26.75
1996-01-17 00:00:00,SEYB,26
1996-01-18 00:00:00,SEYB,26
1996-01-19 00:00:00,SEYB,26
1996-01-22 00:00:00,SEYB,26.25
1996-01-23 00:00:00,SEYB,26
1996-01-24 00:00:00,SEYB,25.75
1996-01-25 00:00:00,SEYB,25.75
1996-01-26 00:00:00,SEYB,26
1996-01-29 00:00:00,SEYB,26.5
1996-01-30 00:00:00,SEYB,26.25
1996-01-31 00:00:00,SEYB,26.25
1996-02-01 00:00:00,SEYB,25
1996-02-02 00:00:00,SEYB,25
1996-02-06 00:00:00,SEYB,24.5
1996-02-07 00:00:00,SEYB,24.25
1996-02-08 00:00:00,SEYB,24.5
1996-02-09 00:00:00,SEYB,24.75
1996-02-12 00:00:00,SEYB,25
1996-02-13 00:00:00,SEYB,26
1996-02-14 00:00:00,SEYB,26
1996-02-15 00:00:00,SEYB,27
1996-02-16 00:00:00,SEYB,27.5
1996-02-19 00:00:00,SEYB,27.25
1996-02-20 00:00:00,SEYB,27
1996-02-21 00:00:00,SEYB,27
1996-02-22 00:00:00,SEYB,27.5
1996-02-23 00:00:00,SEYB,28
1996-02-26 00:00:00,SEYB,28
1996-02-27 00:00:00,SEYB,28
1996-02-28 00:00:00,SEYB,28
1996-02-29 00:00:00,SEYB,30
1996-03-01 00:00:00,SEYB,30.25
1996-03-05 00:00:00,SEYB,30.25
1996-03-06 00:00:00,SEYB,30.75
1996-03-07 00:00:00,SEYB,31.5
1996-03-08 00:00:00,SEYB,33.75
1996-03-11 00:00:00,SEYB,35
1996-03-12 00:00:00,SEYB,33
1996-03-13 00:00:00,SEYB,33
1996-03-14 00:00:00,SEYB,32.5
1996-03-15 00:00:00,SEYB,32
1996-03-18 00:00:00,SEYB,33
1996-03-19 00:00:00,SEYB,31.5
1996-03-20 00:00:00,SEYB,31.5
1996-03-21 00:00:00,SEYB,31
1996-03-22 00:00:00,SEYB,30.5
1996-03-25 00:00:00,SEYB,30
1996-03-26 00:00:00,SEYB,30.5
1996-03-27 00:00:00,SEYB,30.25
1996-03-28 00:00:00,SEYB,30
1996-03-29 00:00:00,SEYB,30
1996-04-01 00:00:00,SEYB,30.25
1996-04-02 00:00:00,SEYB,31
1996-04-04 00:00:00,SEYB,31
1996-04-08 00:00:00,SEYB,31
1996-04-09 00:00:00,SEYB,31
1996-04-10 00:00:00,SEYB,31
1996-04-15 00:00:00,SEYB,30.75
1996-04-16 00:00:00,SEYB,30.75
1996-04-17 00:00:00,SEYB,31
1996-04-18 00:00:00,SEYB,31.25
1996-04-19 00:00:00,SEYB,31.25
1996-04-22 00:00:00,SEYB,31.25
1996-04-23 00:00:00,SEYB,31.5
1996-04-24 00:00:00,SEYB,31.5
1996-04-25 00:00:00,SEYB,32
1996-04-26 00:00:00,SEYB,32.5
1996-04-29 00:00:00,SEYB,32.5
1996-04-30 00:00:00,SEYB,32.5
1996-05-06 00:00:00,SEYB,33
1996-05-07 00:00:00,SEYB,33
1996-05-08 00:00:00,SEYB,33
1996-05-09 00:00:00,SEYB,33
1996-05-10 00:00:00,SEYB,32.75
1996-05-13 00:00:00,SEYB,33.75
1996-05-14 00:00:00,SEYB,32.5
1996-05-15 00:00:00,SEYB,32
1996-05-16 00:00:00,SEYB,31.5
1996-05-17 00:00:00,SEYB,31.75
1996-05-20 00:00:00,SEYB,32
1996-05-21 00:00:00,SEYB,32.5
1996-05-22 00:00:00,SEYB,33
1996-05-23 00:00:00,SEYB,33
1996-05-24 00:00:00,SEYB,33
1996-05-27 00:00:00,SEYB,32
1996-05-28 00:00:00,SEYB,32
1996-05-29 00:00:00,SEYB,32.5
1996-05-30 00:00:00,SEYB,32
1996-06-03 00:00:00,SEYB,32
1996-06-04 00:00:00,SEYB,31.5
1996-06-05 00:00:00,SEYB,30.5
1996-06-06 00:00:00,SEYB,30.25
1996-06-07 00:00:00,SEYB,30.25
1996-06-10 00:00:00,SEYB,30
1996-06-11 00:00:00,SEYB,29.5
1996-06-12 00:00:00,SEYB,30
1996-06-13 00:00:00,SEYB,29.75
1996-06-14 00:00:00,SEYB,29.5
1996-06-17 00:00:00,SEYB,29.5
1996-06-18 00:00:00,SEYB,29.75
1996-06-19 00:00:00,SEYB,29.5
1996-06-20 00:00:00,SEYB,29.5
1996-06-21 00:00:00,SEYB,29
1996-06-24 00:00:00,SEYB,27.5
1996-06-25 00:00:00,SEYB,27.5
1996-06-26 00:00:00,SEYB,27.25
1996-06-27 00:00:00,SEYB,27.5
1996-06-28 00:00:00,SEYB,28
1996-07-01 00:00:00,SEYB,28
1996-07-02 00:00:00,SEYB,28.5
1996-07-04 00:00:00,SEYB,28.5
1996-07-05 00:00:00,SEYB,28.5
1996-07-08 00:00:00,SEYB,27.75
1996-07-09 00:00:00,SEYB,27
1996-07-10 00:00:00,SEYB,24.5
1996-07-11 00:00:00,SEYB,24.5
1996-07-12 00:00:00,SEYB,24
1996-07-15 00:00:00,SEYB,22.5
1996-07-16 00:00:00,SEYB,20
1996-07-17 00:00:00,SEYB,20
1996-07-18 00:00:00,SEYB,20.5
1996-07-19 00:00:00,SEYB,21.5
1996-07-22 00:00:00,SEYB,22.25
1996-07-23 00:00:00,SEYB,22.5
1996-07-24 00:00:00,SEYB,23.25
1996-07-25 00:00:00,SEYB,23
1996-07-26 00:00:00,SEYB,23.25
1996-07-31 00:00:00,SEYB,23.25
1996-08-01 00:00:00,SEYB,23.5
1996-08-02 00:00:00,SEYB,24
1996-08-05 00:00:00,SEYB,24.25
1996-08-06 00:00:00,SEYB,25
1996-08-07 00:00:00,SEYB,26.5
1996-08-08 00:00:00,SEYB,26.5
1996-08-09 00:00:00,SEYB,24
1996-08-12 00:00:00,SEYB,23.5
1996-08-13 00:00:00,SEYB,24
1996-08-14 00:00:00,SEYB,25
1996-08-15 00:00:00,SEYB,25.25
1996-08-16 00:00:00,SEYB,25.25
1996-08-19 00:00:00,SEYB,25
1996-08-20 00:00:00,SEYB,25
1996-08-21 00:00:00,SEYB,24
1996-08-22 00:00:00,SEYB,24
1996-08-23 00:00:00,SEYB,24
1996-08-26 00:00:00,SEYB,24.5
1996-08-29 00:00:00,SEYB,25
1996-08-30 00:00:00,SEYB,25
1996-09-02 00:00:00,SEYB,25
1996-09-03 00:00:00,SEYB,25
1996-09-04 00:00:00,SEYB,25
1996-09-05 00:00:00,SEYB,24
1996-09-06 00:00:00,SEYB,23.5
1996-09-09 00:00:00,SEYB,23
1996-09-10 00:00:00,SEYB,23.5
1996-09-11 00:00:00,SEYB,23
1996-09-12 00:00:00,SEYB,23
1996-09-13 00:00:00,SEYB,22.75
1996-09-16 00:00:00,SEYB,23
1996-09-17 00:00:00,SEYB,22.75
1996-09-18 00:00:00,SEYB,22.75
1996-09-19 00:00:00,SEYB,22.5
1996-09-20 00:00:00,SEYB,22.5
1996-09-23 00:00:00,SEYB,22.75
1996-09-24 00:00:00,SEYB,22.75
1996-09-25 00:00:00,SEYB,22.75
1996-09-27 00:00:00,SEYB,22.75
1996-09-30 00:00:00,SEYB,23.5
1996-10-01 00:00:00,SEYB,24
1996-10-02 00:00:00,SEYB,24.5
1996-10-03 00:00:00,SEYB,24
1996-10-04 00:00:00,SEYB,24.25
1996-10-07 00:00:00,SEYB,24.25
1996-10-08 00:00:00,SEYB,24
1996-10-09 00:00:00,SEYB,23.75
1996-10-10 00:00:00,SEYB,23
1996-10-11 00:00:00,SEYB,23
1996-10-14 00:00:00,SEYB,24
1996-10-15 00:00:00,SEYB,25
1996-10-16 00:00:00,SEYB,26
1996-10-17 00:00:00,SEYB,26
1996-10-18 00:00:00,SEYB,26.75
1996-10-21 00:00:00,SEYB,27
1996-10-22 00:00:00,SEYB,27.25
1996-10-23 00:00:00,SEYB,25
1996-10-24 00:00:00,SEYB,25.5
1996-10-25 00:00:00,SEYB,25.25
1996-10-28 00:00:00,SEYB,25.25
1996-10-29 00:00:00,SEYB,25.5
1996-10-30 00:00:00,SEYB,26
1996-10-31 00:00:00,SEYB,27
1996-11-01 00:00:00,SEYB,26.5
1996-11-04 00:00:00,SEYB,27
1996-11-05 00:00:00,SEYB,27
1996-11-06 00:00:00,SEYB,27
1996-11-07 00:00:00,SEYB,26.75
1996-11-08 00:00:00,SEYB,27
1996-11-11 00:00:00,SEYB,27.5
1996-11-12 00:00:00,SEYB,27.75
1996-11-13 00:00:00,SEYB,27.75
1996-11-14 00:00:00,SEYB,27.75
1996-11-15 00:00:00,SEYB,27.5
1996-11-18 00:00:00,SEYB,27.5
1996-11-19 00:00:00,SEYB,26.25
1996-11-20 00:00:00,SEYB,26
1996-11-21 00:00:00,SEYB,26.25
1996-11-22 00:00:00,SEYB,25.75
1996-11-25 00:00:00,SEYB,25.75
1996-11-26 00:00:00,SEYB,25.25
1996-11-27 00:00:00,SEYB,25.25
1996-11-28 00:00:00,SEYB,26
1996-11-29 00:00:00,SEYB,26
1996-12-02 00:00:00,SEYB,25.5
1996-12-03 00:00:00,SEYB,26
1996-12-04 00:00:00,SEYB,26
1996-12-05 00:00:00,SEYB,25.75
1996-12-09 00:00:00,SEYB,25.5
1996-12-10 00:00:00,SEYB,25.25
1996-12-11 00:00:00,SEYB,25.25
1996-12-12 00:00:00,SEYB,25.25
1996-12-13 00:00:00,SEYB,25.5
1996-12-16 00:00:00,SEYB,25.5
1996-12-17 00:00:00,SEYB,25.5
1996-12-18 00:00:00,SEYB,25.25
1996-12-19 00:00:00,SEYB,25
1996-12-20 00:00:00,SEYB,25.5
1996-12-23 00:00:00,SEYB,25.5
1996-12-27 00:00:00,SEYB,25.5
1996-12-30 00:00:00,SEYB,26
1996-12-31 00:00:00,SEYB,26.25
1996-01-04 00:00:00,SHAW,23.5
1996-01-08 00:00:00,SHAW,23
1996-01-09 00:00:00,SHAW,23
1996-03-01 00:00:00,SHAW,22
1996-03-05 00:00:00,SHAW,21.75
1996-03-06 00:00:00,SHAW,21.5
1996-03-07 00:00:00,SHAW,22
1996-03-13 00:00:00,SHAW,22
1996-03-14 00:00:00,SHAW,22.25
1996-03-15 00:00:00,SHAW,23.5
1996-03-19 00:00:00,SHAW,22
1996-03-22 00:00:00,SHAW,0
SECURITY_DA,COMP,CLOSE_PRICE
-----------,----,-----------
1996-03-26 00:00:00,SHAW,22.25
1996-03-27 00:00:00,SHAW,22
1996-03-29 00:00:00,SHAW,22
1996-04-19 00:00:00,SHAW,20
1996-04-25 00:00:00,SHAW,0
1996-04-30 00:00:00,SHAW,20.25
1996-05-10 00:00:00,SHAW,20.5
1996-05-15 00:00:00,SHAW,20.75
1996-06-05 00:00:00,SHAW,20
1996-06-10 00:00:00,SHAW,20
1996-06-12 00:00:00,SHAW,19.5
1996-06-17 00:00:00,SHAW,0
1996-06-19 00:00:00,SHAW,19
1996-06-21 00:00:00,SHAW,19
1996-06-24 00:00:00,SHAW,19
1996-06-25 00:00:00,SHAW,18
1996-06-26 00:00:00,SHAW,18.25
1996-07-02 00:00:00,SHAW,18
1996-07-04 00:00:00,SHAW,17.75
1996-07-08 00:00:00,SHAW,17.5
1996-07-10 00:00:00,SHAW,17.5
SECURITY_DA,COMP,CLOSE_PRICE
-----------,----,-----------
1996-07-26 00:00:00,SHAW,17
1996-08-06 00:00:00,SHAW,17
1996-08-13 00:00:00,SHAW,0
1996-08-14 00:00:00,SHAW,0
1996-08-19 00:00:00,SHAW,17
1996-08-29 00:00:00,SHAW,17.25
1996-08-30 00:00:00,SHAW,17
1996-09-02 00:00:00,SHAW,17.25
1996-09-11 00:00:00,SHAW,0
1996-09-13 00:00:00,SHAW,17.5
1996-09-16 00:00:00,SHAW,17.5
1996-09-19 00:00:00,SHAW,17.25
1996-09-25 00:00:00,SHAW,18
1996-09-27 00:00:00,SHAW,18.25
1996-10-01 00:00:00,SHAW,18
1996-10-02 00:00:00,SHAW,19.5
1996-10-04 00:00:00,SHAW,20
1996-10-10 00:00:00,SHAW,20
1996-10-15 00:00:00,SHAW,20
1996-10-17 00:00:00,SHAW,20
1996-10-21 00:00:00,SHAW,20
SECURITY_DA,COMP,CLOSE_PRICE
-----------,----,-----------
1996-11-11 00:00:00,SHAW,19.5
1996-11-12 00:00:00,SHAW,20
1996-11-22 00:00:00,SHAW,19
1996-12-30 00:00:00,SHAW,19
1996-12-31 00:00:00,SHAW,19
1996-01-04 00:00:00,SHOT,23
1996-01-11 00:00:00,SHOT,23
1996-01-16 00:00:00,SHOT,24
1996-03-08 00:00:00,SHOT,21
1996-03-29 00:00:00,SHOT,18.75
1996-04-01 00:00:00,SHOT,18
1996-04-17 00:00:00,SHOT,17
1996-04-18 00:00:00,SHOT,16
1996-04-29 00:00:00,SHOT,16
1996-05-09 00:00:00,SHOT,15.5
1996-05-10 00:00:00,SHOT,0
1996-05-16 00:00:00,SHOT,15
1996-05-27 00:00:00,SHOT,15
1996-06-06 00:00:00,SHOT,15
1996-06-12 00:00:00,SHOT,15
1996-06-13 00:00:00,SHOT,15
SECURITY_DA,COMP,CLOSE_PRICE
-----------,----,-----------
1996-06-21 00:00:00,SHOT,15
1996-07-03 00:00:00,SHOT,16
1996-07-04 00:00:00,SHOT,15.25
1996-07-15 00:00:00,SHOT,16
1996-07-24 00:00:00,SHOT,15.5
1996-07-25 00:00:00,SHOT,15
1996-08-12 00:00:00,SHOT,15
1996-08-20 00:00:00,SHOT,15
1996-08-22 00:00:00,SHOT,15
1996-09-04 00:00:00,SHOT,15.25
1996-09-16 00:00:00,SHOT,0
1996-09-17 00:00:00,SHOT,15.25
1996-10-17 00:00:00,SHOT,16.25
1996-11-13 00:00:00,SHOT,16.25
1996-11-22 00:00:00,SHOT,16.5
1996-11-28 00:00:00,SHOT,16.25
1996-12-04 00:00:00,SHOT,16.5
1996-12-18 00:00:00,SHOT,16.5
1996-12-27 00:00:00,SHOT,16.5
1996-01-09 00:00:00,SIDL,11.25
1996-01-11 00:00:00,SIDL,7.25
SECURITY_DA,COMP,CLOSE_PRICE
-----------,----,-----------
1996-01-26 00:00:00,SIDL,9.75
1996-05-09 00:00:00,SIDL,9
1996-06-04 00:00:00,SIDL,8
1996-06-12 00:00:00,SIDL,0
1996-07-05 00:00:00,SIDL,7
1996-07-18 00:00:00,SIDL,6
1996-07-25 00:00:00,SIDL,6
1996-08-02 00:00:00,SIDL,5
1996-09-02 00:00:00,SIDL,5
1996-09-04 00:00:00,SIDL,5
1996-09-12 00:00:00,SIDL,6
1996-11-01 00:00:00,SIDL,5
1996-11-04 00:00:00,SIDL,5
1996-11-08 00:00:00,SIDL,6
1996-11-22 00:00:00,SIDL,6
1996-11-25 00:00:00,SIDL,6
1996-11-26 00:00:00,SIDL,6
1996-11-27 00:00:00,SIDL,6
1996-11-28 00:00:00,SIDL,6
1996-11-29 00:00:00,SIDL,6
1996-12-02 00:00:00,SIDL,6
SECURITY_DA,COMP,CLOSE_PRICE
-----------,----,-----------
1996-12-30 00:00:00,SIDL,5.5
1996-01-02 00:00:00,SIGV,114
1996-01-03 00:00:00,SIGV,109
1996-01-11 00:00:00,SIGV,90
1996-01-12 00:00:00,SIGV,85.5
1996-01-17 00:00:00,SIGV,81
1996-01-25 00:00:00,SIGV,70
1996-11-04 00:00:00,SIGV,67
1996-11-22 00:00:00,SIGV,69.75
1996-01-02 00:00:00,SIL,85
1996-01-16 00:00:00,SIL,78
1996-01-17 00:00:00,SIL,74.5
1996-01-18 00:00:00,SIL,70.75
1996-01-26 00:00:00,SIL,70.5
1996-02-20 00:00:00,SIL,70.5
1996-04-22 00:00:00,SIL,70.5
1996-04-23 00:00:00,SIL,0
1996-08-30 00:00:00,SIL,0
1996-09-25 00:00:00,SIL,67.5
1996-09-27 00:00:00,SIL,67.5
1996-11-13 00:00:00,SIL,0
SECURITY_DA,COMP,CLOSE_PRICE
-----------,----,-----------
1996-11-22 00:00:00,SIL,64.75
1996-12-17 00:00:00,SIL,0
1996-01-12 00:00:00,SING,40
1996-01-31 00:00:00,SING,40
1996-03-13 00:00:00,SING,38
1996-11-22 00:00:00,SING,38
1996-01-03 00:00:00,SINI,35.5
1996-01-19 00:00:00,SINI,0
1996-01-23 00:00:00,SINI,34
1996-01-26 00:00:00,SINI,33
1996-02-26 00:00:00,SINI,34
1996-03-07 00:00:00,SINI,35
1996-03-08 00:00:00,SINI,35
1996-03-14 00:00:00,SINI,36.75
1996-03-15 00:00:00,SINI,0
1996-03-18 00:00:00,SINI,0
1996-03-20 00:00:00,SINI,35
1996-03-21 00:00:00,SINI,35
1996-04-04 00:00:00,SINI,34
1996-04-18 00:00:00,SINI,34
1996-04-24 00:00:00,SINI,0
SECURITY_DA,COMP,CLOSE_PRICE
-----------,----,-----------
1996-05-23 00:00:00,SINI,32.25
1996-05-24 00:00:00,SINI,32.5
1996-06-04 00:00:00,SINI,0
1996-06-18 00:00:00,SINI,31
1996-07-18 00:00:00,SINI,29
1996-07-25 00:00:00,SINI,0
1996-08-07 00:00:00,SINI,27.75
1996-08-12 00:00:00,SINI,27
1996-08-14 00:00:00,SINI,27.5
1996-08-16 00:00:00,SINI,27.5
1996-09-04 00:00:00,SINI,27.5
1996-09-10 00:00:00,SINI,27.5
1996-09-19 00:00:00,SINI,28
1996-09-20 00:00:00,SINI,28
1996-09-23 00:00:00,SINI,28
1996-09-25 00:00:00,SINI,28
1996-10-03 00:00:00,SINI,28
1996-10-07 00:00:00,SINI,0
1996-10-10 00:00:00,SINI,0
1996-10-16 00:00:00,SINI,29.25
1996-10-17 00:00:00,SINI,29.5
SECURITY_DA,COMP,CLOSE_PRICE
-----------,----,-----------
1996-10-18 00:00:00,SINI,29.25
1996-10-25 00:00:00,SINI,29
1996-10-30 00:00:00,SINI,28.5
1996-11-04 00:00:00,SINI,28.5
1996-11-14 00:00:00,SINI,28.5
1996-11-20 00:00:00,SINI,28.5
1996-11-22 00:00:00,SINI,27.5
1996-11-25 00:00:00,SINI,27.5
1996-11-26 00:00:00,SINI,27.5
1996-11-27 00:00:00,SINI,27
1996-12-23 00:00:00,SINI,0
1996-12-30 00:00:00,SINI,0
1996-06-21 00:00:00,SINN,0
1996-07-16 00:00:00,SINN,10
1996-07-17 00:00:00,SINN,10
1996-07-19 00:00:00,SINN,10
1996-01-09 00:00:00,SINS,70
1996-01-26 00:00:00,SINS,68.5
1996-01-31 00:00:00,SINS,0
1996-02-06 00:00:00,SINS,65
1996-02-09 00:00:00,SINS,65
SECURITY_DA,COMP,CLOSE_PRICE
-----------,----,-----------
1996-02-12 00:00:00,SINS,65
1996-02-13 00:00:00,SINS,65.5
1996-02-14 00:00:00,SINS,0
1996-02-16 00:00:00,SINS,70
1996-02-20 00:00:00,SINS,70
1996-02-21 00:00:00,SINS,75
1996-02-23 00:00:00,SINS,78.75
1996-02-27 00:00:00,SINS,80
1996-03-01 00:00:00,SINS,80
1996-03-05 00:00:00,SINS,80
1996-03-07 00:00:00,SINS,84
1996-03-08 00:00:00,SINS,86.5
1996-03-11 00:00:00,SINS,85
1996-03-12 00:00:00,SINS,83
1996-03-14 00:00:00,SINS,84.5
1996-03-15 00:00:00,SINS,85
1996-03-18 00:00:00,SINS,85
1996-03-19 00:00:00,SINS,0
1996-03-22 00:00:00,SINS,0
1996-03-28 00:00:00,SINS,0
1996-04-01 00:00:00,SINS,0
SECURITY_DA,COMP,CLOSE_PRICE
-----------,----,-----------
1996-04-02 00:00:00,SINS,80
1996-04-18 00:00:00,SINS,74
1996-04-19 00:00:00,SINS,70
1996-04-22 00:00:00,SINS,67
1996-04-23 00:00:00,SINS,0
1996-04-24 00:00:00,SINS,67
1996-04-25 00:00:00,SINS,0
1996-04-26 00:00:00,SINS,67
1996-05-07 00:00:00,SINS,67
1996-05-08 00:00:00,SINS,0
1996-05-09 00:00:00,SINS,67
1996-05-10 00:00:00,SINS,67
1996-05-16 00:00:00,SINS,0
1996-05-20 00:00:00,SINS,70
1996-05-22 00:00:00,SINS,70
1996-06-11 00:00:00,SINS,74
1996-06-13 00:00:00,SINS,73
1996-06-14 00:00:00,SINS,73
1996-06-17 00:00:00,SINS,73
1996-06-18 00:00:00,SINS,72
1996-06-19 00:00:00,SINS,0
SECURITY_DA,COMP,CLOSE_PRICE
-----------,----,-----------
1996-06-21 00:00:00,SINS,70
1996-06-24 00:00:00,SINS,66
1996-06-25 00:00:00,SINS,66.5
1996-07-02 00:00:00,SINS,66.75
1996-07-04 00:00:00,SINS,68
1996-07-05 00:00:00,SINS,68
1996-07-08 00:00:00,SINS,67
1996-07-09 00:00:00,SINS,0
1996-07-10 00:00:00,SINS,66
1996-07-12 00:00:00,SINS,66
1996-07-16 00:00:00,SINS,67
1996-07-18 00:00:00,SINS,65
1996-07-19 00:00:00,SINS,65
1996-07-26 00:00:00,SINS,59
1996-07-31 00:00:00,SINS,59
1996-08-06 00:00:00,SINS,0
1996-08-09 00:00:00,SINS,57
1996-08-12 00:00:00,SINS,55
1996-08-13 00:00:00,SINS,0
1996-08-16 00:00:00,SINS,53
1996-08-22 00:00:00,SINS,52
SECURITY_DA,COMP,CLOSE_PRICE
-----------,----,-----------
1996-08-23 00:00:00,SINS,50.75
1996-09-03 00:00:00,SINS,51
1996-09-05 00:00:00,SINS,50
1996-09-06 00:00:00,SINS,52
1996-09-13 00:00:00,SINS,0
1996-09-16 00:00:00,SINS,0
1996-09-19 00:00:00,SINS,51
1996-09-25 00:00:00,SINS,52
1996-09-27 00:00:00,SINS,52
1996-09-30 00:00:00,SINS,52
1996-10-01 00:00:00,SINS,52
1996-10-02 00:00:00,SINS,52
1996-10-03 00:00:00,SINS,52
1996-10-04 00:00:00,SINS,51.75
1996-10-07 00:00:00,SINS,52
1996-10-09 00:00:00,SINS,0
1996-10-11 00:00:00,SINS,52.5
1996-10-14 00:00:00,SINS,0
1996-10-15 00:00:00,SINS,0
1996-10-16 00:00:00,SINS,53
1996-10-17 00:00:00,SINS,53
SECURITY_DA,COMP,CLOSE_PRICE
-----------,----,-----------
1996-10-18 00:00:00,SINS,53
1996-10-21 00:00:00,SINS,53
1996-10-22 00:00:00,SINS,52.5
1996-10-23 00:00:00,SINS,52.5
1996-10-28 00:00:00,SINS,52
1996-10-30 00:00:00,SINS,52
1996-11-01 00:00:00,SINS,51.5
1996-11-04 00:00:00,SINS,51
1996-11-05 00:00:00,SINS,52
1996-11-08 00:00:00,SINS,52.25
1996-11-11 00:00:00,SINS,52
1996-11-13 00:00:00,SINS,52
1996-11-15 00:00:00,SINS,52
1996-11-18 00:00:00,SINS,0
1996-11-21 00:00:00,SINS,52
1996-11-22 00:00:00,SINS,0
1996-11-25 00:00:00,SINS,0
1996-11-27 00:00:00,SINS,50
1996-11-28 00:00:00,SINS,49.75
1996-11-29 00:00:00,SINS,49.75
1996-12-03 00:00:00,SINS,49
SECURITY_DA,COMP,CLOSE_PRICE
-----------,----,-----------
1996-12-04 00:00:00,SINS,48.5
1996-12-06 00:00:00,SINS,0
1996-12-11 00:00:00,SINS,48
1996-12-13 00:00:00,SINS,48
1996-12-23 00:00:00,SINS,0
1996-12-27 00:00:00,SINS,46
1996-12-31 00:00:00,SINS,0
1996-02-02 00:00:00,SLND,95
1996-04-16 00:00:00,SLND,95
1996-05-15 00:00:00,SLND,95.5
1996-05-16 00:00:00,SLND,0
1996-11-25 00:00:00,SLND,0
1996-12-31 00:00:00,SLND,0
1996-01-08 00:00:00,SMOT,92
1996-01-10 00:00:00,SMOT,92
1996-01-18 00:00:00,SMOT,91
1996-01-22 00:00:00,SMOT,89
1996-01-23 00:00:00,SMOT,90.25
1996-01-24 00:00:00,SMOT,90
1996-01-25 00:00:00,SMOT,92
1996-01-26 00:00:00,SMOT,91
SECURITY_DA,COMP,CLOSE_PRICE
-----------,----,-----------
1996-02-20 00:00:00,SMOT,86.25
1996-02-23 00:00:00,SMOT,83
1996-02-27 00:00:00,SMOT,80
1996-02-29 00:00:00,SMOT,81
1996-03-01 00:00:00,SMOT,91
1996-03-05 00:00:00,SMOT,91.25
1996-03-06 00:00:00,SMOT,95
1996-03-07 00:00:00,SMOT,98
1996-03-08 00:00:00,SMOT,102.5
1996-03-15 00:00:00,SMOT,0
1996-03-18 00:00:00,SMOT,97.5
1996-03-19 00:00:00,SMOT,93
1996-03-20 00:00:00,SMOT,79
1996-03-22 00:00:00,SMOT,82
1996-03-25 00:00:00,SMOT,80.25
1996-03-28 00:00:00,SMOT,80
1996-03-29 00:00:00,SMOT,80
1996-04-01 00:00:00,SMOT,80
1996-04-04 00:00:00,SMOT,80
1996-04-09 00:00:00,SMOT,0
1996-04-18 00:00:00,SMOT,77
SECURITY_DA,COMP,CLOSE_PRICE
-----------,----,-----------
1996-04-24 00:00:00,SMOT,0
1996-04-30 00:00:00,SMOT,75
1996-05-07 00:00:00,SMOT,74.5
1996-05-08 00:00:00,SMOT,74
1996-05-09 00:00:00,SMOT,75
1996-05-10 00:00:00,SMOT,77
1996-05-14 00:00:00,SMOT,81
1996-05-15 00:00:00,SMOT,80.5
1996-05-16 00:00:00,SMOT,80
1996-05-23 00:00:00,SMOT,80
1996-05-28 00:00:00,SMOT,76
1996-06-04 00:00:00,SMOT,0
1996-06-05 00:00:00,SMOT,75
1996-06-14 00:00:00,SMOT,75
1996-06-24 00:00:00,SMOT,74
1996-06-26 00:00:00,SMOT,71
1996-07-02 00:00:00,SMOT,67.25
1996-07-03 00:00:00,SMOT,68
1996-07-19 00:00:00,SMOT,0
1996-08-06 00:00:00,SMOT,63.5
1996-08-08 00:00:00,SMOT,65
SECURITY_DA,COMP,CLOSE_PRICE
-----------,----,-----------
1996-08-14 00:00:00,SMOT,66
1996-08-19 00:00:00,SMOT,0
1996-09-06 00:00:00,SMOT,62.5
1996-09-10 00:00:00,SMOT,62.5
1996-09-12 00:00:00,SMOT,62.5
1996-09-18 00:00:00,SMOT,62
1996-09-24 00:00:00,SMOT,62
1996-09-25 00:00:00,SMOT,62
1996-09-30 00:00:00,SMOT,66
1996-10-02 00:00:00,SMOT,68
1996-10-03 00:00:00,SMOT,68
1996-10-07 00:00:00,SMOT,68
1996-10-08 00:00:00,SMOT,67
1996-10-09 00:00:00,SMOT,67
1996-10-14 00:00:00,SMOT,60
1996-10-17 00:00:00,SMOT,60
1996-10-18 00:00:00,SMOT,60
1996-10-22 00:00:00,SMOT,59
1996-10-25 00:00:00,SMOT,59
1996-10-30 00:00:00,SMOT,59
1996-10-31 00:00:00,SMOT,65
SECURITY_DA,COMP,CLOSE_PRICE
-----------,----,-----------
1996-11-22 00:00:00,SMOT,0
1996-12-17 00:00:00,SMOT,0
1996-01-04 00:00:00,SOY,9
1996-01-29 00:00:00,SOY,0
1996-03-20 00:00:00,SOY,0
1996-03-29 00:00:00,SOY,0
1996-04-01 00:00:00,SOY,8.75
1996-04-15 00:00:00,SOY,0
1996-05-23 00:00:00,SOY,0
1996-06-04 00:00:00,SOY,8.75
1996-06-17 00:00:00,SOY,0
1996-06-18 00:00:00,SOY,0
1996-06-24 00:00:00,SOY,7
1996-06-25 00:00:00,SOY,7
1996-06-26 00:00:00,SOY,0
1996-06-28 00:00:00,SOY,7.25
1996-07-02 00:00:00,SOY,7
1996-07-11 00:00:00,SOY,7
1996-07-16 00:00:00,SOY,6
1996-07-23 00:00:00,SOY,5
1996-07-24 00:00:00,SOY,5
SECURITY_DA,COMP,CLOSE_PRICE
-----------,----,-----------
1996-08-08 00:00:00,SOY,5.25
1996-08-09 00:00:00,SOY,6
1996-08-12 00:00:00,SOY,6.25
1996-08-13 00:00:00,SOY,6.25
1996-08-19 00:00:00,SOY,5.75
1996-08-23 00:00:00,SOY,8.5
1996-08-30 00:00:00,SOY,7.5
1996-09-03 00:00:00,SOY,7.5
1996-09-05 00:00:00,SOY,0
1996-09-16 00:00:00,SOY,0
1996-09-18 00:00:00,SOY,0
1996-09-27 00:00:00,SOY,7.5
1996-10-02 00:00:00,SOY,0
1996-10-04 00:00:00,SOY,8.5
1996-10-07 00:00:00,SOY,8.5
1996-10-08 00:00:00,SOY,8.5
1996-10-09 00:00:00,SOY,0
1996-10-10 00:00:00,SOY,0
1996-10-14 00:00:00,SOY,8.5
1996-10-15 00:00:00,SOY,8.5
1996-10-18 00:00:00,SOY,9.5
SECURITY_DA,COMP,CLOSE_PRICE
-----------,----,-----------
1996-10-23 00:00:00,SOY,9
1996-10-31 00:00:00,SOY,9
1996-11-01 00:00:00,SOY,9
1996-11-04 00:00:00,SOY,9
1996-11-08 00:00:00,SOY,10
1996-11-12 00:00:00,SOY,10.25
1996-11-14 00:00:00,SOY,11
1996-11-21 00:00:00,SOY,11
1996-11-22 00:00:00,SOY,11.25
1996-11-26 00:00:00,SOY,11
1996-11-29 00:00:00,SOY,0
1996-12-02 00:00:00,SOY,11.25
1996-12-03 00:00:00,SOY,11.25
1996-12-09 00:00:00,SOY,11.75
1996-12-11 00:00:00,SOY,11.75
1996-12-12 00:00:00,SOY,11.75
1996-12-13 00:00:00,SOY,11.75
1996-12-17 00:00:00,SOY,12
1996-12-31 00:00:00,SOY,11.75
1996-01-03 00:00:00,SPEN,187
1996-01-04 00:00:00,SPEN,185
SECURITY_DA,COMP,CLOSE_PRICE
-----------,----,-----------
1996-01-10 00:00:00,SPEN,184.5
1996-01-11 00:00:00,SPEN,184.5
1996-01-12 00:00:00,SPEN,184
1996-01-16 00:00:00,SPEN,186
1996-01-25 00:00:00,SPEN,185
1996-01-29 00:00:00,SPEN,180
1996-01-31 00:00:00,SPEN,180
1996-02-07 00:00:00,SPEN,180
1996-02-08 00:00:00,SPEN,180
1996-02-13 00:00:00,SPEN,178
1996-02-14 00:00:00,SPEN,178
1996-02-15 00:00:00,SPEN,179.75
1996-02-20 00:00:00,SPEN,176
1996-02-22 00:00:00,SPEN,178.75
1996-02-23 00:00:00,SPEN,178
1996-02-26 00:00:00,SPEN,0
1996-02-27 00:00:00,SPEN,182.25
1996-02-28 00:00:00,SPEN,0
1996-02-29 00:00:00,SPEN,188
1996-03-07 00:00:00,SPEN,0
1996-03-12 00:00:00,SPEN,185
SECURITY_DA,COMP,CLOSE_PRICE
-----------,----,-----------
1996-03-14 00:00:00,SPEN,185
1996-03-18 00:00:00,SPEN,190
1996-03-19 00:00:00,SPEN,0
1996-03-21 00:00:00,SPEN,0
1996-03-22 00:00:00,SPEN,0
1996-03-27 00:00:00,SPEN,0
1996-03-29 00:00:00,SPEN,190
1996-04-16 00:00:00,SPEN,180
1996-04-19 00:00:00,SPEN,179.75
1996-04-23 00:00:00,SPEN,180
1996-04-24 00:00:00,SPEN,0
1996-04-25 00:00:00,SPEN,175
1996-05-07 00:00:00,SPEN,0
1996-05-08 00:00:00,SPEN,174
1996-05-21 00:00:00,SPEN,170.75
1996-06-21 00:00:00,SPEN,160
1996-06-25 00:00:00,SPEN,159
1996-07-02 00:00:00,SPEN,156
1996-07-03 00:00:00,SPEN,154.75
1996-07-08 00:00:00,SPEN,0
1996-07-16 00:00:00,SPEN,138
SECURITY_DA,COMP,CLOSE_PRICE
-----------,----,-----------
1996-07-17 00:00:00,SPEN,138
1996-07-26 00:00:00,SPEN,0
1996-08-01 00:00:00,SPEN,138
1996-08-12 00:00:00,SPEN,130
1996-08-15 00:00:00,SPEN,0
1996-08-19 00:00:00,SPEN,0
1996-08-20 00:00:00,SPEN,129
1996-08-21 00:00:00,SPEN,129
1996-08-22 00:00:00,SPEN,126.75
1996-08-30 00:00:00,SPEN,0
1996-09-06 00:00:00,SPEN,126.25
1996-09-09 00:00:00,SPEN,126
1996-09-16 00:00:00,SPEN,125
1996-09-17 00:00:00,SPEN,125
1996-09-18 00:00:00,SPEN,125
1996-09-19 00:00:00,SPEN,0
1996-09-25 00:00:00,SPEN,125
1996-09-27 00:00:00,SPEN,130
1996-10-23 00:00:00,SPEN,130
1996-10-25 00:00:00,SPEN,130
1996-11-06 00:00:00,SPEN,0
SECURITY_DA,COMP,CLOSE_PRICE
-----------,----,-----------
1996-11-08 00:00:00,SPEN,0
1996-11-11 00:00:00,SPEN,130
1996-11-12 00:00:00,SPEN,129.5
1996-11-20 00:00:00,SPEN,126
1996-11-22 00:00:00,SPEN,124
1996-12-05 00:00:00,SPEN,117
1996-12-06 00:00:00,SPEN,111.75
1996-12-10 00:00:00,SPEN,110
1996-12-17 00:00:00,SPEN,90
1996-12-18 00:00:00,SPEN,95.25
1996-12-19 00:00:00,SPEN,105
1996-12-20 00:00:00,SPEN,0
1996-12-23 00:00:00,SPEN,109.25
1996-12-27 00:00:00,SPEN,110
1996-12-30 00:00:00,SPEN,120
1996-12-31 00:00:00,SPEN,89.5
1996-01-08 00:00:00,STAF,5.5
1996-01-09 00:00:00,STAF,5.5
1996-01-17 00:00:00,STAF,5.5
1996-01-19 00:00:00,STAF,5
1996-01-23 00:00:00,STAF,5
SECURITY_DA,COMP,CLOSE_PRICE
-----------,----,-----------
1996-01-24 00:00:00,STAF,5
1996-01-25 00:00:00,STAF,5
1996-01-26 00:00:00,STAF,4.75
1996-02-07 00:00:00,STAF,4.75
1996-02-13 00:00:00,STAF,4.5
1996-02-14 00:00:00,STAF,4.5
1996-02-15 00:00:00,STAF,4.25
1996-02-16 00:00:00,STAF,4.5
1996-02-22 00:00:00,STAF,4.25
1996-02-23 00:00:00,STAF,4.25
1996-02-29 00:00:00,STAF,4.5
1996-03-01 00:00:00,STAF,4.5
1996-03-05 00:00:00,STAF,4.5
1996-03-08 00:00:00,STAF,4.5
1996-03-11 00:00:00,STAF,4.5
1996-03-12 00:00:00,STAF,4.5
1996-03-14 00:00:00,STAF,4.5
1996-03-18 00:00:00,STAF,4.5
1996-03-19 00:00:00,STAF,4.25
1996-03-20 00:00:00,STAF,4.5
1996-03-21 00:00:00,STAF,4.5
SECURITY_DA,COMP,CLOSE_PRICE
-----------,----,-----------
1996-03-22 00:00:00,STAF,4.5
1996-03-26 00:00:00,STAF,4.5
1996-03-29 00:00:00,STAF,4.5
1996-04-02 00:00:00,STAF,4.25
1996-04-23 00:00:00,STAF,4
1996-05-08 00:00:00,STAF,4
1996-05-13 00:00:00,STAF,3.75
1996-05-24 00:00:00,STAF,4
1996-06-04 00:00:00,STAF,3.75
1996-06-05 00:00:00,STAF,3.75
1996-06-10 00:00:00,STAF,3.75
1996-06-11 00:00:00,STAF,3.75
1996-06-12 00:00:00,STAF,4
1996-06-13 00:00:00,STAF,4
1996-06-14 00:00:00,STAF,3.75
1996-06-20 00:00:00,STAF,4
1996-06-21 00:00:00,STAF,4
1996-06-27 00:00:00,STAF,4
1996-06-28 00:00:00,STAF,4
1996-07-01 00:00:00,STAF,4
1996-07-02 00:00:00,STAF,4
SECURITY_DA,COMP,CLOSE_PRICE
-----------,----,-----------
1996-07-03 00:00:00,STAF,4
1996-07-05 00:00:00,STAF,4
1996-07-08 00:00:00,STAF,4
1996-07-09 00:00:00,STAF,4
1996-07-17 00:00:00,STAF,4
1996-07-19 00:00:00,STAF,4
1996-07-23 00:00:00,STAF,4.25
1996-07-25 00:00:00,STAF,4
1996-07-26 00:00:00,STAF,4
1996-08-01 00:00:00,STAF,4
1996-08-08 00:00:00,STAF,4
1996-08-09 00:00:00,STAF,4
1996-08-22 00:00:00,STAF,4.25
1996-08-23 00:00:00,STAF,4.25
1996-08-26 00:00:00,STAF,4.25
1996-08-30 00:00:00,STAF,4.25
1996-09-03 00:00:00,STAF,4
1996-09-19 00:00:00,STAF,4
1996-09-27 00:00:00,STAF,4
1996-10-01 00:00:00,STAF,4
1996-10-02 00:00:00,STAF,4
SECURITY_DA,COMP,CLOSE_PRICE
-----------,----,-----------
1996-10-10 00:00:00,STAF,4.25
1996-10-11 00:00:00,STAF,4
1996-10-14 00:00:00,STAF,4
1996-10-28 00:00:00,STAF,4
1996-11-11 00:00:00,STAF,4.25
1996-11-12 00:00:00,STAF,4.5
1996-11-13 00:00:00,STAF,4.5
1996-11-15 00:00:00,STAF,4
1996-11-21 00:00:00,STAF,4.25
1996-11-25 00:00:00,STAF,4.25
1996-11-26 00:00:00,STAF,4.5
1996-11-28 00:00:00,STAF,4.25
1996-11-29 00:00:00,STAF,4.25
1996-12-04 00:00:00,STAF,4.25
1996-12-05 00:00:00,STAF,4.25
1996-12-06 00:00:00,STAF,4
1996-12-16 00:00:00,STAF,4.5
1996-12-20 00:00:00,STAF,4.5
1996-04-24 00:00:00,STAT,40
1996-09-24 00:00:00,STAT,40
1996-01-02 00:00:00,SUGA,10.25
SECURITY_DA,COMP,CLOSE_PRICE
-----------,----,-----------
1996-01-03 00:00:00,SUGA,9.25
1996-01-04 00:00:00,SUGA,9.25
1996-01-08 00:00:00,SUGA,8.5
1996-01-09 00:00:00,SUGA,9
1996-01-11 00:00:00,SUGA,9.25
1996-01-12 00:00:00,SUGA,9.25
1996-01-16 00:00:00,SUGA,9.5
1996-01-17 00:00:00,SUGA,9.5
1996-01-18 00:00:00,SUGA,9
1996-01-19 00:00:00,SUGA,9
1996-01-22 00:00:00,SUGA,9
1996-01-23 00:00:00,SUGA,9
1996-01-24 00:00:00,SUGA,9
1996-01-25 00:00:00,SUGA,9.75
1996-01-26 00:00:00,SUGA,10
1996-01-29 00:00:00,SUGA,10.5
1996-01-30 00:00:00,SUGA,10.5
1996-01-31 00:00:00,SUGA,10.75
1996-02-02 00:00:00,SUGA,11
1996-02-06 00:00:00,SUGA,10.75
1996-02-07 00:00:00,SUGA,10.25
SECURITY_DA,COMP,CLOSE_PRICE
-----------,----,-----------
1996-02-08 00:00:00,SUGA,10.25
1996-02-09 00:00:00,SUGA,10.25
1996-02-12 00:00:00,SUGA,10
1996-02-13 00:00:00,SUGA,9.75
1996-02-14 00:00:00,SUGA,9.5
1996-02-15 00:00:00,SUGA,9.5
1996-02-16 00:00:00,SUGA,9.5
1996-02-19 00:00:00,SUGA,9.5
1996-02-20 00:00:00,SUGA,9.75
1996-02-21 00:00:00,SUGA,9.75
1996-02-22 00:00:00,SUGA,9.75
1996-02-23 00:00:00,SUGA,9.75
1996-02-26 00:00:00,SUGA,9.75
1996-02-27 00:00:00,SUGA,9.75
1996-02-28 00:00:00,SUGA,9.5
1996-03-01 00:00:00,SUGA,9.25
1996-03-05 00:00:00,SUGA,9.75
1996-03-06 00:00:00,SUGA,10
1996-03-07 00:00:00,SUGA,9.75
1996-03-08 00:00:00,SUGA,10
1996-03-11 00:00:00,SUGA,10
SECURITY_DA,COMP,CLOSE_PRICE
-----------,----,-----------
1996-03-12 00:00:00,SUGA,9.75
1996-03-13 00:00:00,SUGA,9.75
1996-03-14 00:00:00,SUGA,9.75
1996-03-15 00:00:00,SUGA,9.75
1996-03-19 00:00:00,SUGA,9.25
1996-03-20 00:00:00,SUGA,9.5
1996-03-21 00:00:00,SUGA,9
1996-03-22 00:00:00,SUGA,9
1996-03-25 00:00:00,SUGA,9
1996-03-26 00:00:00,SUGA,9
1996-03-27 00:00:00,SUGA,9
1996-03-28 00:00:00,SUGA,9
1996-03-29 00:00:00,SUGA,9
1996-04-01 00:00:00,SUGA,8.75
1996-04-02 00:00:00,SUGA,8.5
1996-04-04 00:00:00,SUGA,8.5
1996-04-08 00:00:00,SUGA,8.75
1996-04-09 00:00:00,SUGA,8.75
1996-04-10 00:00:00,SUGA,8.75
1996-04-17 00:00:00,SUGA,8.75
1996-04-18 00:00:00,SUGA,9
SECURITY_DA,COMP,CLOSE_PRICE
-----------,----,-----------
1996-04-19 00:00:00,SUGA,8.5
1996-04-22 00:00:00,SUGA,8.5
1996-04-23 00:00:00,SUGA,8.5
1996-04-24 00:00:00,SUGA,8.5
1996-04-25 00:00:00,SUGA,8.5
1996-04-26 00:00:00,SUGA,8.5
1996-04-30 00:00:00,SUGA,8.25
1996-05-06 00:00:00,SUGA,8.25
1996-05-07 00:00:00,SUGA,8.25
1996-05-08 00:00:00,SUGA,8.25
1996-05-09 00:00:00,SUGA,8.25
1996-05-10 00:00:00,SUGA,8.25
1996-05-13 00:00:00,SUGA,8.25
1996-05-14 00:00:00,SUGA,8.25
1996-05-15 00:00:00,SUGA,8.25
1996-05-16 00:00:00,SUGA,8.5
1996-05-17 00:00:00,SUGA,8.25
1996-05-20 00:00:00,SUGA,8.25
1996-05-21 00:00:00,SUGA,8.25
1996-05-22 00:00:00,SUGA,8.25
1996-05-23 00:00:00,SUGA,8.5
SECURITY_DA,COMP,CLOSE_PRICE
-----------,----,-----------
1996-05-24 00:00:00,SUGA,8.5
1996-05-27 00:00:00,SUGA,8.75
1996-05-28 00:00:00,SUGA,9
1996-05-29 00:00:00,SUGA,8.75
1996-05-30 00:00:00,SUGA,9.25
1996-06-03 00:00:00,SUGA,9.25
1996-06-04 00:00:00,SUGA,9.25
1996-06-05 00:00:00,SUGA,9.25
1996-06-06 00:00:00,SUGA,9
1996-06-07 00:00:00,SUGA,9.25
1996-06-10 00:00:00,SUGA,9.25
1996-06-11 00:00:00,SUGA,9
1996-06-12 00:00:00,SUGA,9
1996-06-13 00:00:00,SUGA,9.25
1996-06-14 00:00:00,SUGA,9.25
1996-06-17 00:00:00,SUGA,9.25
1996-06-18 00:00:00,SUGA,9.25
1996-06-19 00:00:00,SUGA,9.5
1996-06-20 00:00:00,SUGA,9.25
1996-06-21 00:00:00,SUGA,9.25
1996-06-24 00:00:00,SUGA,9.5
SECURITY_DA,COMP,CLOSE_PRICE
-----------,----,-----------
1996-06-25 00:00:00,SUGA,9.5
1996-06-26 00:00:00,SUGA,9.25
1996-06-27 00:00:00,SUGA,9
1996-06-28 00:00:00,SUGA,9.25
1996-07-01 00:00:00,SUGA,9.25
1996-07-02 00:00:00,SUGA,9
1996-07-03 00:00:00,SUGA,9
1996-07-04 00:00:00,SUGA,9.25
1996-07-05 00:00:00,SUGA,9
1996-07-08 00:00:00,SUGA,9
1996-07-09 00:00:00,SUGA,9.25
1996-07-10 00:00:00,SUGA,9
1996-07-11 00:00:00,SUGA,9
1996-07-12 00:00:00,SUGA,9
1996-07-15 00:00:00,SUGA,9
1996-07-16 00:00:00,SUGA,8.75
1996-07-17 00:00:00,SUGA,8.75
1996-07-18 00:00:00,SUGA,8.75
1996-07-19 00:00:00,SUGA,8.75
1996-07-22 00:00:00,SUGA,8.75
1996-07-23 00:00:00,SUGA,8.75
SECURITY_DA,COMP,CLOSE_PRICE
-----------,----,-----------
1996-07-24 00:00:00,SUGA,8.75
1996-07-25 00:00:00,SUGA,9
1996-07-26 00:00:00,SUGA,9
1996-07-31 00:00:00,SUGA,9
1996-08-01 00:00:00,SUGA,9
1996-08-02 00:00:00,SUGA,9
1996-08-05 00:00:00,SUGA,9
1996-08-06 00:00:00,SUGA,9
1996-08-07 00:00:00,SUGA,9
1996-08-08 00:00:00,SUGA,9.25
1996-08-09 00:00:00,SUGA,9.25
1996-08-12 00:00:00,SUGA,9
1996-08-13 00:00:00,SUGA,9.25
1996-08-14 00:00:00,SUGA,9.25
1996-08-15 00:00:00,SUGA,9.25
1996-08-16 00:00:00,SUGA,9.5
1996-08-19 00:00:00,SUGA,9.25
1996-08-20 00:00:00,SUGA,9.25
1996-08-21 00:00:00,SUGA,9.25
1996-08-22 00:00:00,SUGA,9.25
1996-08-27 00:00:00,SUGA,9.5
SECURITY_DA,COMP,CLOSE_PRICE
-----------,----,-----------
1996-08-30 00:00:00,SUGA,9.5
1996-09-02 00:00:00,SUGA,9.5
1996-09-04 00:00:00,SUGA,9.25
1996-09-05 00:00:00,SUGA,9.25
1996-09-06 00:00:00,SUGA,9.25
1996-09-09 00:00:00,SUGA,9.25
1996-09-10 00:00:00,SUGA,9.25
1996-09-11 00:00:00,SUGA,9.25
1996-09-12 00:00:00,SUGA,9.5
1996-09-13 00:00:00,SUGA,9.5
1996-09-17 00:00:00,SUGA,9.25
1996-09-18 00:00:00,SUGA,9.5
1996-09-19 00:00:00,SUGA,9.5
1996-09-20 00:00:00,SUGA,9.25
1996-09-24 00:00:00,SUGA,9.25
1996-09-25 00:00:00,SUGA,9.5
1996-09-27 00:00:00,SUGA,9.5
1996-09-30 00:00:00,SUGA,9.5
1996-10-01 00:00:00,SUGA,9.25
1996-10-02 00:00:00,SUGA,9.75
1996-10-03 00:00:00,SUGA,9.5
SECURITY_DA,COMP,CLOSE_PRICE
-----------,----,-----------
1996-10-04 00:00:00,SUGA,9.75
1996-10-07 00:00:00,SUGA,9.75
1996-10-08 00:00:00,SUGA,9.75
1996-10-09 00:00:00,SUGA,8
1996-10-10 00:00:00,SUGA,8.25
1996-10-11 00:00:00,SUGA,8.25
1996-10-14 00:00:00,SUGA,8.25
1996-10-15 00:00:00,SUGA,8.5
1996-10-16 00:00:00,SUGA,8.5
1996-10-17 00:00:00,SUGA,8.5
1996-10-18 00:00:00,SUGA,8.5
1996-10-21 00:00:00,SUGA,8.5
1996-10-22 00:00:00,SUGA,8.25
1996-10-23 00:00:00,SUGA,8
1996-10-24 00:00:00,SUGA,8
1996-10-25 00:00:00,SUGA,8
1996-10-28 00:00:00,SUGA,8
1996-10-29 00:00:00,SUGA,8
1996-10-30 00:00:00,SUGA,8
1996-10-31 00:00:00,SUGA,8
1996-11-01 00:00:00,SUGA,8.25
SECURITY_DA,COMP,CLOSE_PRICE
-----------,----,-----------
1996-11-04 00:00:00,SUGA,8.25
1996-11-05 00:00:00,SUGA,8.5
1996-11-06 00:00:00,SUGA,8.75
1996-11-07 00:00:00,SUGA,8.75
1996-11-08 00:00:00,SUGA,8.75
1996-11-11 00:00:00,SUGA,8.75
1996-11-12 00:00:00,SUGA,8.75
1996-11-13 00:00:00,SUGA,8.75
1996-11-14 00:00:00,SUGA,8.75
1996-11-15 00:00:00,SUGA,8.75
1996-11-18 00:00:00,SUGA,8.75
1996-11-19 00:00:00,SUGA,8.75
1996-11-20 00:00:00,SUGA,8.5
1996-11-21 00:00:00,SUGA,8.75
1996-11-22 00:00:00,SUGA,8.5
1996-11-25 00:00:00,SUGA,8.5
1996-11-27 00:00:00,SUGA,8.5
1996-11-28 00:00:00,SUGA,8.5
1996-11-29 00:00:00,SUGA,8.5
1996-12-02 00:00:00,SUGA,8.75
1996-12-03 00:00:00,SUGA,9
SECURITY_DA,COMP,CLOSE_PRICE
-----------,----,-----------
1996-12-04 00:00:00,SUGA,9
1996-12-05 00:00:00,SUGA,9
1996-12-06 00:00:00,SUGA,9
1996-12-09 00:00:00,SUGA,9.25
1996-12-10 00:00:00,SUGA,9.25
1996-12-11 00:00:00,SUGA,9.25
1996-12-12 00:00:00,SUGA,9.25
1996-12-13 00:00:00,SUGA,9.25
1996-12-16 00:00:00,SUGA,9
1996-12-17 00:00:00,SUGA,9.25
1996-12-19 00:00:00,SUGA,9
1996-12-20 00:00:00,SUGA,9.25
1996-12-23 00:00:00,SUGA,9
1996-12-27 00:00:00,SUGA,9
1996-12-30 00:00:00,SUGA,9
1996-12-31 00:00:00,SUGA,9.25
1996-01-18 00:00:00,SUN,16.5
1996-07-03 00:00:00,SUN,15
1996-07-16 00:00:00,SUN,13
1996-07-19 00:00:00,SUN,13
1996-11-22 00:00:00,SUN,13
SECURITY_DA,COMP,CLOSE_PRICE
-----------,----,-----------
1996-03-05 00:00:00,SWAD,3700
1996-04-25 00:00:00,SWAD,0
1996-01-02 00:00:00,TAFL,45
1996-01-09 00:00:00,TAFL,45
1996-01-24 00:00:00,TAFL,45
1996-01-25 00:00:00,TAFL,0
1996-01-26 00:00:00,TAFL,42
1996-01-29 00:00:00,TAFL,40
1996-01-30 00:00:00,TAFL,40
1996-02-02 00:00:00,TAFL,38.5
1996-02-06 00:00:00,TAFL,40
1996-02-08 00:00:00,TAFL,40
1996-02-09 00:00:00,TAFL,40
1996-02-23 00:00:00,TAFL,42
1996-02-26 00:00:00,TAFL,45
1996-02-28 00:00:00,TAFL,45
1996-03-05 00:00:00,TAFL,44
1996-03-06 00:00:00,TAFL,45
1996-03-07 00:00:00,TAFL,44.5
1996-03-08 00:00:00,TAFL,45
1996-03-12 00:00:00,TAFL,45.75
SECURITY_DA,COMP,CLOSE_PRICE
-----------,----,-----------
1996-03-13 00:00:00,TAFL,45
1996-03-14 00:00:00,TAFL,45
1996-03-18 00:00:00,TAFL,45.75
1996-03-22 00:00:00,TAFL,45.75
1996-03-26 00:00:00,TAFL,45.5
1996-03-29 00:00:00,TAFL,45.5
1996-04-01 00:00:00,TAFL,44
1996-04-02 00:00:00,TAFL,44
1996-04-04 00:00:00,TAFL,41.5
1996-05-09 00:00:00,TAFL,42
1996-05-16 00:00:00,TAFL,40
1996-06-10 00:00:00,TAFL,34.25
1996-06-11 00:00:00,TAFL,33
1996-06-12 00:00:00,TAFL,30.5
1996-06-18 00:00:00,TAFL,0
1996-06-25 00:00:00,TAFL,28.75
1996-06-26 00:00:00,TAFL,23.75
1996-07-02 00:00:00,TAFL,22
1996-07-08 00:00:00,TAFL,21
1996-07-09 00:00:00,TAFL,20
1996-07-10 00:00:00,TAFL,20
SECURITY_DA,COMP,CLOSE_PRICE
-----------,----,-----------
1996-08-29 00:00:00,TAFL,20.5
1996-08-30 00:00:00,TAFL,21.75
1996-09-03 00:00:00,TAFL,21.75
1996-09-10 00:00:00,TAFL,21.5
1996-09-24 00:00:00,TAFL,21.5
1996-10-02 00:00:00,TAFL,0
1996-10-08 00:00:00,TAFL,22.25
1996-10-16 00:00:00,TAFL,22
1996-10-17 00:00:00,TAFL,28.5
1996-10-18 00:00:00,TAFL,34.75
1996-10-21 00:00:00,TAFL,32.5
1996-10-22 00:00:00,TAFL,32.25
1996-10-23 00:00:00,TAFL,32.25
1996-10-24 00:00:00,TAFL,32.5
1996-10-25 00:00:00,TAFL,32.75
1996-10-31 00:00:00,TAFL,34.5
1996-11-01 00:00:00,TAFL,34.5
1996-11-05 00:00:00,TAFL,34.75
1996-11-06 00:00:00,TAFL,35
1996-11-11 00:00:00,TAFL,38
1996-11-13 00:00:00,TAFL,39
SECURITY_DA,COMP,CLOSE_PRICE
-----------,----,-----------
1996-11-14 00:00:00,TAFL,40
1996-11-22 00:00:00,TAFL,40
1996-11-25 00:00:00,TAFL,40
1996-11-27 00:00:00,TAFL,39.5
1996-11-28 00:00:00,TAFL,40
1996-12-03 00:00:00,TAFL,40
1996-12-06 00:00:00,TAFL,38.5
1996-12-09 00:00:00,TAFL,38.5
1996-12-11 00:00:00,TAFL,38.5
1996-12-12 00:00:00,TAFL,38
1996-12-13 00:00:00,TAFL,37
1996-12-18 00:00:00,TAFL,37
1996-12-20 00:00:00,TAFL,45
1996-12-27 00:00:00,TAFL,42.75
1996-12-31 00:00:00,TAFL,45
1996-01-02 00:00:00,TAJ,5
1996-01-04 00:00:00,TAJ,5.25
1996-01-09 00:00:00,TAJ,5.25
1996-01-10 00:00:00,TAJ,5.25
1996-01-11 00:00:00,TAJ,5.25
1996-01-12 00:00:00,TAJ,5.25
SECURITY_DA,COMP,CLOSE_PRICE
-----------,----,-----------
1996-01-18 00:00:00,TAJ,5
1996-01-19 00:00:00,TAJ,5
1996-01-22 00:00:00,TAJ,5
1996-01-24 00:00:00,TAJ,4.25
1996-01-25 00:00:00,TAJ,4.75
1996-01-26 00:00:00,TAJ,4.75
1996-02-02 00:00:00,TAJ,4.25
1996-02-07 00:00:00,TAJ,4.25
1996-02-14 00:00:00,TAJ,4
1996-02-22 00:00:00,TAJ,4
1996-02-23 00:00:00,TAJ,4
1996-02-26 00:00:00,TAJ,4
1996-03-05 00:00:00,TAJ,4
1996-03-06 00:00:00,TAJ,4
1996-03-08 00:00:00,TAJ,4
1996-03-13 00:00:00,TAJ,4.25
1996-03-14 00:00:00,TAJ,4.25
1996-03-18 00:00:00,TAJ,4.5
1996-03-27 00:00:00,TAJ,4.25
1996-03-28 00:00:00,TAJ,4.25
1996-03-29 00:00:00,TAJ,4
SECURITY_DA,COMP,CLOSE_PRICE
-----------,----,-----------
1996-04-02 00:00:00,TAJ,4
1996-04-10 00:00:00,TAJ,4.5
1996-04-22 00:00:00,TAJ,4
1996-05-07 00:00:00,TAJ,4
1996-05-08 00:00:00,TAJ,4
1996-05-14 00:00:00,TAJ,4
1996-05-15 00:00:00,TAJ,4
1996-05-17 00:00:00,TAJ,4
1996-05-22 00:00:00,TAJ,4.25
1996-05-23 00:00:00,TAJ,4.25
1996-05-24 00:00:00,TAJ,4
1996-06-11 00:00:00,TAJ,4
1996-06-12 00:00:00,TAJ,4
1996-06-13 00:00:00,TAJ,4
1996-06-18 00:00:00,TAJ,4
1996-06-21 00:00:00,TAJ,4
1996-06-24 00:00:00,TAJ,4
1996-06-28 00:00:00,TAJ,4
1996-07-03 00:00:00,TAJ,4
1996-07-09 00:00:00,TAJ,4
1996-07-10 00:00:00,TAJ,4
SECURITY_DA,COMP,CLOSE_PRICE
-----------,----,-----------
1996-07-11 00:00:00,TAJ,4
1996-07-15 00:00:00,TAJ,4.25
1996-07-19 00:00:00,TAJ,4.25
1996-07-23 00:00:00,TAJ,4
1996-08-09 00:00:00,TAJ,4
1996-08-22 00:00:00,TAJ,4.25
1996-08-29 00:00:00,TAJ,4.25
1996-08-30 00:00:00,TAJ,4
1996-09-02 00:00:00,TAJ,4
1996-09-09 00:00:00,TAJ,4
1996-09-11 00:00:00,TAJ,4
1996-09-19 00:00:00,TAJ,4
1996-09-20 00:00:00,TAJ,4.25
1996-09-25 00:00:00,TAJ,4.25
1996-09-30 00:00:00,TAJ,4
1996-10-02 00:00:00,TAJ,4
1996-10-07 00:00:00,TAJ,4
1996-10-10 00:00:00,TAJ,4
1996-10-11 00:00:00,TAJ,4
1996-10-14 00:00:00,TAJ,4
1996-10-15 00:00:00,TAJ,4
SECURITY_DA,COMP,CLOSE_PRICE
-----------,----,-----------
1996-10-16 00:00:00,TAJ,4.25
1996-10-17 00:00:00,TAJ,4.25
1996-10-21 00:00:00,TAJ,4.25
1996-10-22 00:00:00,TAJ,4.25
1996-10-23 00:00:00,TAJ,4.25
1996-10-28 00:00:00,TAJ,4.25
1996-10-30 00:00:00,TAJ,4.25
1996-11-01 00:00:00,TAJ,4
1996-11-06 00:00:00,TAJ,4.25
1996-11-07 00:00:00,TAJ,4.25
1996-11-08 00:00:00,TAJ,4.25
1996-11-11 00:00:00,TAJ,4.25
1996-11-12 00:00:00,TAJ,4.25
1996-11-13 00:00:00,TAJ,4.25
1996-11-14 00:00:00,TAJ,4
1996-11-15 00:00:00,TAJ,4
1996-11-19 00:00:00,TAJ,4.25
1996-11-20 00:00:00,TAJ,4.25
1996-11-21 00:00:00,TAJ,4.25
1996-11-22 00:00:00,TAJ,0
1996-11-25 00:00:00,TAJ,4.25
SECURITY_DA,COMP,CLOSE_PRICE
-----------,----,-----------
1996-11-27 00:00:00,TAJ,4.25
1996-11-28 00:00:00,TAJ,4.5
1996-12-05 00:00:00,TAJ,4.25
1996-12-09 00:00:00,TAJ,4
1996-12-10 00:00:00,TAJ,4.5
1996-12-12 00:00:00,TAJ,4.25
1996-12-13 00:00:00,TAJ,4.25
1996-12-17 00:00:00,TAJ,4.25
1996-12-18 00:00:00,TAJ,4.25
1996-12-30 00:00:00,TAJ,4.5
1996-12-31 00:00:00,TAJ,4.25
1996-01-08 00:00:00,TANG,76
1996-02-12 00:00:00,TANG,76
1996-02-13 00:00:00,TANG,72
1996-03-13 00:00:00,TANG,65
1996-04-16 00:00:00,TANG,65
1996-06-17 00:00:00,TANG,68.25
1996-06-20 00:00:00,TANG,63
1996-07-05 00:00:00,TANG,57
1996-07-22 00:00:00,TANG,55
1996-07-25 00:00:00,TANG,55
SECURITY_DA,COMP,CLOSE_PRICE
-----------,----,-----------
1996-09-02 00:00:00,TANG,53
1996-09-04 00:00:00,TANG,53
1996-09-09 00:00:00,TANG,53
1996-09-12 00:00:00,TANG,45
1996-10-07 00:00:00,TANG,43
1996-10-09 00:00:00,TANG,43
1996-10-21 00:00:00,TANG,43
1996-10-28 00:00:00,TANG,43
1996-10-29 00:00:00,TANG,43
1996-10-31 00:00:00,TANG,43
1996-11-04 00:00:00,TANG,44
1996-11-18 00:00:00,TANG,43
1996-11-22 00:00:00,TANG,44
1996-12-12 00:00:00,TANG,0
1996-12-13 00:00:00,TANG,0
1996-12-31 00:00:00,TANG,0
1996-01-02 00:00:00,TFC,37
1996-01-03 00:00:00,TFC,36
1996-01-08 00:00:00,TFC,35
1996-01-09 00:00:00,TFC,35.25
1996-01-10 00:00:00,TFC,35.75
SECURITY_DA,COMP,CLOSE_PRICE
-----------,----,-----------
1996-01-11 00:00:00,TFC,36
1996-01-12 00:00:00,TFC,36
1996-01-16 00:00:00,TFC,36
1996-01-17 00:00:00,TFC,36.25
1996-01-18 00:00:00,TFC,36.25
1996-01-19 00:00:00,TFC,36
1996-01-22 00:00:00,TFC,35.5
1996-01-23 00:00:00,TFC,35
1996-01-24 00:00:00,TFC,35
1996-01-25 00:00:00,TFC,35
1996-01-26 00:00:00,TFC,35
1996-01-29 00:00:00,TFC,34.5
1996-01-30 00:00:00,TFC,35
1996-01-31 00:00:00,TFC,35
1996-02-08 00:00:00,TFC,33.25
1996-02-09 00:00:00,TFC,30
1996-02-12 00:00:00,TFC,30.25
1996-02-13 00:00:00,TFC,30.5
1996-02-14 00:00:00,TFC,30
1996-02-16 00:00:00,TFC,31
1996-02-19 00:00:00,TFC,32
SECURITY_DA,COMP,CLOSE_PRICE
-----------,----,-----------
1996-02-20 00:00:00,TFC,32.5
1996-02-21 00:00:00,TFC,32.5
1996-02-22 00:00:00,TFC,32.5
1996-02-26 00:00:00,TFC,32.5
1996-02-27 00:00:00,TFC,32.5
1996-02-28 00:00:00,TFC,33
1996-02-29 00:00:00,TFC,34
1996-03-01 00:00:00,TFC,34
1996-03-05 00:00:00,TFC,33
1996-03-06 00:00:00,TFC,33
1996-03-07 00:00:00,TFC,33.5
1996-03-08 00:00:00,TFC,35.5
1996-03-11 00:00:00,TFC,37.5
1996-03-12 00:00:00,TFC,35.25
1996-03-13 00:00:00,TFC,35.75
1996-03-14 00:00:00,TFC,35.5
1996-03-15 00:00:00,TFC,35
1996-03-18 00:00:00,TFC,35
1996-03-19 00:00:00,TFC,35
1996-03-20 00:00:00,TFC,35
1996-03-21 00:00:00,TFC,34
SECURITY_DA,COMP,CLOSE_PRICE
-----------,----,-----------
1996-03-22 00:00:00,TFC,34
1996-03-26 00:00:00,TFC,34
1996-03-27 00:00:00,TFC,34
1996-03-28 00:00:00,TFC,33.75
1996-03-29 00:00:00,TFC,34
1996-04-01 00:00:00,TFC,33.5
1996-04-08 00:00:00,TFC,33
1996-04-09 00:00:00,TFC,33
1996-04-10 00:00:00,TFC,33
1996-04-15 00:00:00,TFC,33
1996-04-16 00:00:00,TFC,33.25
1996-04-17 00:00:00,TFC,33.5
1996-04-18 00:00:00,TFC,33.5
1996-04-19 00:00:00,TFC,33.25
1996-04-22 00:00:00,TFC,33
1996-04-23 00:00:00,TFC,33
1996-04-24 00:00:00,TFC,33
1996-04-25 00:00:00,TFC,33
1996-04-26 00:00:00,TFC,33
1996-04-29 00:00:00,TFC,33
1996-04-30 00:00:00,TFC,33
SECURITY_DA,COMP,CLOSE_PRICE
-----------,----,-----------
1996-05-06 00:00:00,TFC,33
1996-05-07 00:00:00,TFC,32.5
1996-05-08 00:00:00,TFC,32.75
1996-05-09 00:00:00,TFC,32.5
1996-05-10 00:00:00,TFC,32.5
1996-05-13 00:00:00,TFC,32.5
1996-05-14 00:00:00,TFC,32
1996-05-15 00:00:00,TFC,31
1996-05-17 00:00:00,TFC,31
1996-05-20 00:00:00,TFC,30.75
1996-05-21 00:00:00,TFC,30
1996-05-22 00:00:00,TFC,30.5
1996-05-23 00:00:00,TFC,30
1996-05-24 00:00:00,TFC,30.5
1996-05-28 00:00:00,TFC,31
1996-05-29 00:00:00,TFC,30.5
1996-05-30 00:00:00,TFC,30.5
1996-06-05 00:00:00,TFC,30.5
1996-06-10 00:00:00,TFC,30.5
1996-06-12 00:00:00,TFC,30
1996-06-14 00:00:00,TFC,29.25
SECURITY_DA,COMP,CLOSE_PRICE
-----------,----,-----------
1996-06-18 00:00:00,TFC,29
1996-06-19 00:00:00,TFC,29
1996-06-21 00:00:00,TFC,29
1996-06-24 00:00:00,TFC,28
1996-06-25 00:00:00,TFC,27
1996-06-26 00:00:00,TFC,27
1996-06-27 00:00:00,TFC,27
1996-07-01 00:00:00,TFC,27
1996-07-02 00:00:00,TFC,27
1996-07-03 00:00:00,TFC,27
1996-07-05 00:00:00,TFC,28
1996-07-08 00:00:00,TFC,27
1996-07-09 00:00:00,TFC,27
1996-07-10 00:00:00,TFC,27.25
1996-07-11 00:00:00,TFC,27
1996-07-15 00:00:00,TFC,26.5
1996-07-16 00:00:00,TFC,24.5
1996-07-17 00:00:00,TFC,25
1996-07-18 00:00:00,TFC,23.25
1996-07-19 00:00:00,TFC,23.75
1996-07-22 00:00:00,TFC,23
SECURITY_DA,COMP,CLOSE_PRICE
-----------,----,-----------
1996-07-23 00:00:00,TFC,23.25
1996-07-24 00:00:00,TFC,23.5
1996-07-25 00:00:00,TFC,24.5
1996-07-26 00:00:00,TFC,24.5
1996-07-31 00:00:00,TFC,25
1996-08-01 00:00:00,TFC,25
1996-08-02 00:00:00,TFC,25.5
1996-08-06 00:00:00,TFC,26.25
1996-08-07 00:00:00,TFC,26
1996-08-08 00:00:00,TFC,27
1996-08-09 00:00:00,TFC,29
1996-08-12 00:00:00,TFC,27.5
1996-08-13 00:00:00,TFC,27.5
1996-08-14 00:00:00,TFC,28.25
1996-08-15 00:00:00,TFC,28
1996-08-16 00:00:00,TFC,27.5
1996-08-19 00:00:00,TFC,28
1996-08-20 00:00:00,TFC,28
1996-08-21 00:00:00,TFC,27.5
1996-08-22 00:00:00,TFC,26.75
1996-08-23 00:00:00,TFC,26.5
SECURITY_DA,COMP,CLOSE_PRICE
-----------,----,-----------
1996-08-26 00:00:00,TFC,26.5
1996-08-27 00:00:00,TFC,26
1996-08-29 00:00:00,TFC,26
1996-08-30 00:00:00,TFC,26
1996-09-02 00:00:00,TFC,26
1996-09-03 00:00:00,TFC,26
1996-09-05 00:00:00,TFC,0
1996-09-06 00:00:00,TFC,26.5
1996-09-10 00:00:00,TFC,26.5
1996-09-11 00:00:00,TFC,26.5
1996-09-12 00:00:00,TFC,27
1996-09-13 00:00:00,TFC,27
1996-09-16 00:00:00,TFC,27.25
1996-09-17 00:00:00,TFC,27.5
1996-09-18 00:00:00,TFC,27.5
1996-09-23 00:00:00,TFC,28
1996-09-25 00:00:00,TFC,27.5
1996-09-27 00:00:00,TFC,27.5
1996-09-30 00:00:00,TFC,27.5
1996-10-01 00:00:00,TFC,28
1996-10-02 00:00:00,TFC,29
SECURITY_DA,COMP,CLOSE_PRICE
-----------,----,-----------
1996-10-04 00:00:00,TFC,30
1996-10-07 00:00:00,TFC,28.5
1996-10-08 00:00:00,TFC,28.75
1996-10-09 00:00:00,TFC,27
1996-10-10 00:00:00,TFC,26
1996-10-11 00:00:00,TFC,26
1996-10-15 00:00:00,TFC,26
1996-10-16 00:00:00,TFC,26
1996-10-17 00:00:00,TFC,27
1996-10-18 00:00:00,TFC,27.5
1996-10-22 00:00:00,TFC,27
1996-10-23 00:00:00,TFC,26
1996-10-24 00:00:00,TFC,26.5
1996-10-25 00:00:00,TFC,26.5
1996-10-28 00:00:00,TFC,26.5
1996-10-29 00:00:00,TFC,26
1996-10-30 00:00:00,TFC,25.5
1996-10-31 00:00:00,TFC,26.25
1996-11-01 00:00:00,TFC,27
1996-11-04 00:00:00,TFC,27.5
1996-11-05 00:00:00,TFC,27.5
SECURITY_DA,COMP,CLOSE_PRICE
-----------,----,-----------
1996-11-06 00:00:00,TFC,27.5
1996-11-07 00:00:00,TFC,27.5
1996-11-08 00:00:00,TFC,27.5
1996-11-11 00:00:00,TFC,27
1996-11-12 00:00:00,TFC,27.5
1996-11-13 00:00:00,TFC,27.25
1996-11-14 00:00:00,TFC,27
1996-11-15 00:00:00,TFC,27
1996-11-18 00:00:00,TFC,27
1996-11-19 00:00:00,TFC,27
1996-11-20 00:00:00,TFC,26.5
1996-11-21 00:00:00,TFC,26.5
1996-11-22 00:00:00,TFC,26.5
1996-11-25 00:00:00,TFC,26
1996-11-26 00:00:00,TFC,26
1996-11-27 00:00:00,TFC,26
1996-11-28 00:00:00,TFC,26
1996-11-29 00:00:00,TFC,26
1996-12-03 00:00:00,TFC,26
1996-12-04 00:00:00,TFC,25.75
1996-12-05 00:00:00,TFC,26
1996-12-06 00:00:00,TFC,26
1996-12-10 00:00:00,TFC,0
1996-12-11 00:00:00,TFC,25
1996-12-12 00:00:00,TFC,25
1996-12-13 00:00:00,TFC,25
1996-12-16 00:00:00,TFC,25
1996-12-17 00:00:00,TFC,25
1996-12-18 00:00:00,TFC,25
1996-12-23 00:00:00,TFC,25
1996-12-27 00:00:00,TFC,25.5
1996-12-30 00:00:00,TFC,25.5
1996-12-31 00:00:00,TFC,25.5
1996-01-02 00:00:00,TILE,25.5
1996-01-08 00:00:00,TILE,40
1996-01-09 00:00:00,TILE,38
1996-01-18 00:00:00,TILE,40
1996-01-30 00:00:00,TILE,38
1996-02-08 00:00:00,TILE,38
1996-02-12 00:00:00,TILE,40
1996-02-13 00:00:00,TILE,38.5
1996-02-14 00:00:00,TILE,38.5
1996-02-15 00:00:00,TILE,38.5
1996-02-22 00:00:00,TILE,38
1996-02-26 00:00:00,TILE,38
1996-02-29 00:00:00,TILE,40
1996-03-01 00:00:00,TILE,41
1996-03-05 00:00:00,TILE,42
1996-03-07 00:00:00,TILE,42
1996-03-08 00:00:00,TILE,47
1996-03-11 00:00:00,TILE,48
1996-03-12 00:00:00,TILE,46.5
1996-03-18 00:00:00,TILE,46.5
1996-03-19 00:00:00,TILE,42
1996-03-20 00:00:00,TILE,44
1996-03-25 00:00:00,TILE,44
1996-03-27 00:00:00,TILE,44
1996-03-28 00:00:00,TILE,44
1996-03-29 00:00:00,TILE,43.5
1996-04-09 00:00:00,TILE,43.5
1996-04-30 00:00:00,TILE,43.5
1996-05-13 00:00:00,TILE,42
1996-05-15 00:00:00,TILE,38
1996-05-16 00:00:00,TILE,38
1996-05-20 00:00:00,TILE,38
1996-05-21 00:00:00,TILE,38
1996-05-22 00:00:00,TILE,38
1996-05-24 00:00:00,TILE,38
1996-06-04 00:00:00,TILE,38
1996-06-07 00:00:00,TILE,37.5
1996-06-21 00:00:00,TILE,37.5
1996-06-26 00:00:00,TILE,37.5
1996-06-28 00:00:00,TILE,37.5
1996-07-03 00:00:00,TILE,35.5
1996-07-08 00:00:00,TILE,35.5
1996-07-17 00:00:00,TILE,27
1996-07-24 00:00:00,TILE,19
1996-07-25 00:00:00,TILE,19
1996-07-26 00:00:00,TILE,19
1996-07-31 00:00:00,TILE,19
1996-08-01 00:00:00,TILE,19
1996-08-02 00:00:00,TILE,16
1996-08-05 00:00:00,TILE,14.75
1996-08-06 00:00:00,TILE,12.5
1996-08-07 00:00:00,TILE,14.5
1996-08-08 00:00:00,TILE,15
1996-08-09 00:00:00,TILE,14
1996-08-12 00:00:00,TILE,14
1996-08-13 00:00:00,TILE,14
1996-08-15 00:00:00,TILE,13.5
1996-08-16 00:00:00,TILE,14
1996-08-21 00:00:00,TILE,14
1996-08-22 00:00:00,TILE,14
1996-08-23 00:00:00,TILE,14
1996-08-26 00:00:00,TILE,14
1996-08-27 00:00:00,TILE,14
1996-08-30 00:00:00,TILE,14
1996-09-02 00:00:00,TILE,13.75
1996-09-04 00:00:00,TILE,13.75
1996-09-05 00:00:00,TILE,14
1996-09-06 00:00:00,TILE,14
1996-09-09 00:00:00,TILE,14.25
1996-09-10 00:00:00,TILE,13.5
1996-09-12 00:00:00,TILE,13.5
1996-09-13 00:00:00,TILE,13.5
1996-09-16 00:00:00,TILE,14
1996-09-17 00:00:00,TILE,13.75
1996-09-18 00:00:00,TILE,13.75
1996-09-19 00:00:00,TILE,14
1996-09-20 00:00:00,TILE,14.25
1996-09-23 00:00:00,TILE,15
1996-09-24 00:00:00,TILE,15.75
1996-09-25 00:00:00,TILE,16
1996-09-27 00:00:00,TILE,16.25
1996-09-30 00:00:00,TILE,16.5
1996-10-01 00:00:00,TILE,18.5
1996-10-02 00:00:00,TILE,19
1996-10-03 00:00:00,TILE,19
1996-10-04 00:00:00,TILE,19
1996-10-07 00:00:00,TILE,19.25
1996-10-08 00:00:00,TILE,19
1996-10-09 00:00:00,TILE,19
1996-10-10 00:00:00,TILE,18.75
1996-10-11 00:00:00,TILE,18
1996-10-14 00:00:00,TILE,18.5
1996-10-15 00:00:00,TILE,19
1996-10-16 00:00:00,TILE,19
1996-10-17 00:00:00,TILE,19
1996-10-18 00:00:00,TILE,19
1996-10-21 00:00:00,TILE,18.5
1996-10-22 00:00:00,TILE,18.25
1996-10-23 00:00:00,TILE,18
1996-10-24 00:00:00,TILE,18
1996-10-25 00:00:00,TILE,18
1996-10-28 00:00:00,TILE,18
1996-10-29 00:00:00,TILE,18
1996-10-30 00:00:00,TILE,18
1996-11-01 00:00:00,TILE,19
1996-11-04 00:00:00,TILE,18.75
1996-11-05 00:00:00,TILE,18.75
1996-11-06 00:00:00,TILE,19
1996-11-07 00:00:00,TILE,19
1996-11-08 00:00:00,TILE,20
1996-11-11 00:00:00,TILE,23.5
1996-11-12 00:00:00,TILE,23
1996-11-13 00:00:00,TILE,22.5
1996-11-14 00:00:00,TILE,19.5
1996-11-15 00:00:00,TILE,20
1996-11-18 00:00:00,TILE,20
1996-11-19 00:00:00,TILE,19
1996-11-20 00:00:00,TILE,20.5
1996-11-21 00:00:00,TILE,20
1996-11-22 00:00:00,TILE,20
1996-11-26 00:00:00,TILE,20
1996-11-27 00:00:00,TILE,18
1996-11-28 00:00:00,TILE,18
1996-11-29 00:00:00,TILE,18
1996-12-02 00:00:00,TILE,18
1996-12-04 00:00:00,TILE,18
1996-12-05 00:00:00,TILE,18
1996-12-11 00:00:00,TILE,18
1996-12-16 00:00:00,TILE,17.25
1996-12-17 00:00:00,TILE,17
1996-12-18 00:00:00,TILE,18.25
1996-12-19 00:00:00,TILE,18
1996-12-20 00:00:00,TILE,17.5
1996-12-23 00:00:00,TILE,17.5
1996-12-31 00:00:00,TILE,17.5
1996-01-11 00:00:00,TKYO,0
1996-01-29 00:00:00,TKYO,85
1996-02-15 00:00:00,TKYO,80
1996-02-16 00:00:00,TKYO,81
1996-02-26 00:00:00,TKYO,80
1996-03-07 00:00:00,TKYO,80
1996-03-08 00:00:00,TKYO,82
1996-03-11 00:00:00,TKYO,83.25
1996-03-13 00:00:00,TKYO,87.5
1996-03-14 00:00:00,TKYO,89
1996-03-15 00:00:00,TKYO,89
1996-03-18 00:00:00,TKYO,89
1996-03-20 00:00:00,TKYO,88.5
1996-03-28 00:00:00,TKYO,88
1996-03-29 00:00:00,TKYO,88
1996-04-01 00:00:00,TKYO,85
1996-04-08 00:00:00,TKYO,99.25
1996-04-09 00:00:00,TKYO,104.25
1996-04-15 00:00:00,TKYO,102
1996-04-17 00:00:00,TKYO,100
1996-04-19 00:00:00,TKYO,98
SECURITY_DA,COMP,CLOSE_PRICE
-----------,----,-----------
1996-05-06 00:00:00,TKYO,100
1996-05-07 00:00:00,TKYO,98
1996-05-15 00:00:00,TKYO,65
1996-05-24 00:00:00,TKYO,65
1996-05-28 00:00:00,TKYO,68.25
1996-05-29 00:00:00,TKYO,68
1996-06-07 00:00:00,TKYO,68
1996-06-18 00:00:00,TKYO,0
1996-06-19 00:00:00,TKYO,64.5
1996-06-21 00:00:00,TKYO,64
1996-07-11 00:00:00,TKYO,53
1996-07-12 00:00:00,TKYO,51.25
1996-07-25 00:00:00,TKYO,51
1996-07-26 00:00:00,TKYO,0
1996-08-06 00:00:00,TKYO,51
1996-08-12 00:00:00,TKYO,51
1996-08-13 00:00:00,TKYO,50
1996-08-19 00:00:00,TKYO,50
1996-08-22 00:00:00,TKYO,0
1996-08-27 00:00:00,TKYO,50
1996-08-29 00:00:00,TKYO,50
SECURITY_DA,COMP,CLOSE_PRICE
-----------,----,-----------
1996-09-04 00:00:00,TKYO,50
1996-09-13 00:00:00,TKYO,48
1996-09-19 00:00:00,TKYO,47
1996-10-14 00:00:00,TKYO,48
1996-10-15 00:00:00,TKYO,48
1996-10-17 00:00:00,TKYO,49
1996-10-21 00:00:00,TKYO,50
1996-10-22 00:00:00,TKYO,50
1996-10-25 00:00:00,TKYO,48
1996-10-31 00:00:00,TKYO,51
1996-11-01 00:00:00,TKYO,50
1996-11-04 00:00:00,TKYO,50
1996-11-07 00:00:00,TKYO,50
1996-11-18 00:00:00,TKYO,52
1996-11-19 00:00:00,TKYO,0
1996-11-21 00:00:00,TKYO,53.5
1996-11-22 00:00:00,TKYO,53
1996-11-28 00:00:00,TKYO,52.75
1996-12-02 00:00:00,TKYO,53
1996-12-03 00:00:00,TKYO,53
1996-12-04 00:00:00,TKYO,54
1996-12-09 00:00:00,TKYO,0
1996-12-17 00:00:00,TKYO,54
1996-12-18 00:00:00,TKYO,58
1996-12-19 00:00:00,TKYO,57.5
1996-12-23 00:00:00,TKYO,58
1996-01-02 00:00:00,TRAN,18
1996-01-04 00:00:00,TRAN,18
1996-01-09 00:00:00,TRAN,18
1996-01-11 00:00:00,TRAN,18.75
1996-01-18 00:00:00,TRAN,18
1996-01-22 00:00:00,TRAN,18
1996-01-24 00:00:00,TRAN,18
1996-01-25 00:00:00,TRAN,18
1996-01-26 00:00:00,TRAN,18
1996-01-29 00:00:00,TRAN,18
1996-01-30 00:00:00,TRAN,18
1996-01-31 00:00:00,TRAN,18
1996-02-16 00:00:00,TRAN,17.5
1996-02-22 00:00:00,TRAN,17.5
1996-03-05 00:00:00,TRAN,16
1996-03-08 00:00:00,TRAN,17
1996-03-11 00:00:00,TRAN,17
1996-03-12 00:00:00,TRAN,16.5
1996-03-13 00:00:00,TRAN,17
1996-03-14 00:00:00,TRAN,17
1996-03-15 00:00:00,TRAN,17
1996-03-18 00:00:00,TRAN,17
1996-03-19 00:00:00,TRAN,17
1996-03-20 00:00:00,TRAN,17
1996-03-21 00:00:00,TRAN,17
1996-03-22 00:00:00,TRAN,16.5
1996-03-29 00:00:00,TRAN,16
1996-04-19 00:00:00,TRAN,16.25
1996-04-22 00:00:00,TRAN,16.5
1996-04-23 00:00:00,TRAN,16.25
1996-04-24 00:00:00,TRAN,16.5
1996-04-25 00:00:00,TRAN,16.5
1996-04-26 00:00:00,TRAN,17
1996-04-29 00:00:00,TRAN,17
1996-04-30 00:00:00,TRAN,17
1996-05-06 00:00:00,TRAN,17
1996-05-07 00:00:00,TRAN,17
1996-05-08 00:00:00,TRAN,17
1996-05-09 00:00:00,TRAN,16.75
1996-05-10 00:00:00,TRAN,17
1996-05-13 00:00:00,TRAN,17
1996-05-14 00:00:00,TRAN,17
1996-05-15 00:00:00,TRAN,17.5
1996-05-16 00:00:00,TRAN,17.5
1996-05-17 00:00:00,TRAN,17
1996-05-20 00:00:00,TRAN,17
1996-05-21 00:00:00,TRAN,17
1996-05-22 00:00:00,TRAN,16.25
1996-05-24 00:00:00,TRAN,17
1996-05-27 00:00:00,TRAN,17
1996-05-28 00:00:00,TRAN,17
1996-06-03 00:00:00,TRAN,16.5
1996-06-06 00:00:00,TRAN,16.5
1996-06-07 00:00:00,TRAN,16.5
1996-06-11 00:00:00,TRAN,16.5
1996-06-18 00:00:00,TRAN,16.5
1996-06-20 00:00:00,TRAN,16.5
1996-06-21 00:00:00,TRAN,16.5
1996-06-25 00:00:00,TRAN,16.25
1996-07-01 00:00:00,TRAN,16.25
1996-07-03 00:00:00,TRAN,16.25
1996-07-25 00:00:00,TRAN,16.25
1996-07-31 00:00:00,TRAN,15.75
1996-08-30 00:00:00,TRAN,15.75
1996-09-04 00:00:00,TRAN,13.5
1996-09-05 00:00:00,TRAN,13
1996-09-06 00:00:00,TRAN,13
1996-09-09 00:00:00,TRAN,13
1996-09-10 00:00:00,TRAN,12.25
1996-09-11 00:00:00,TRAN,12.25
1996-09-16 00:00:00,TRAN,13
1996-09-19 00:00:00,TRAN,13.25
1996-09-24 00:00:00,TRAN,13.5
1996-10-04 00:00:00,TRAN,13.5
1996-10-07 00:00:00,TRAN,13.75
1996-10-09 00:00:00,TRAN,14
1996-10-11 00:00:00,TRAN,14
1996-10-18 00:00:00,TRAN,14
1996-10-22 00:00:00,TRAN,14
1996-10-24 00:00:00,TRAN,14
1996-10-29 00:00:00,TRAN,14
1996-10-30 00:00:00,TRAN,14
1996-10-31 00:00:00,TRAN,14
1996-11-05 00:00:00,TRAN,14.25
1996-11-06 00:00:00,TRAN,14.25
1996-11-07 00:00:00,TRAN,14
1996-11-08 00:00:00,TRAN,15
1996-11-11 00:00:00,TRAN,15
1996-11-12 00:00:00,TRAN,15
1996-11-15 00:00:00,TRAN,15
1996-11-19 00:00:00,TRAN,15.5
1996-11-25 00:00:00,TRAN,14.5
1996-12-05 00:00:00,TRAN,14.5
1996-12-20 00:00:00,TRAN,15.5
1996-08-01 00:00:00,TSML,14.5
1996-08-02 00:00:00,TSML,14.25
1996-08-05 00:00:00,TSML,15
1996-08-06 00:00:00,TSML,15.25
1996-08-07 00:00:00,TSML,16
1996-08-08 00:00:00,TSML,15.75
1996-08-09 00:00:00,TSML,14.75
1996-08-12 00:00:00,TSML,14.75
1996-08-13 00:00:00,TSML,14.75
1996-08-14 00:00:00,TSML,14.75
1996-08-15 00:00:00,TSML,15.25
1996-08-16 00:00:00,TSML,15.5
1996-08-19 00:00:00,TSML,15.5
1996-08-20 00:00:00,TSML,16
1996-08-21 00:00:00,TSML,16
1996-08-22 00:00:00,TSML,15.75
1996-08-23 00:00:00,TSML,16
1996-08-26 00:00:00,TSML,15.75
1996-08-27 00:00:00,TSML,15.75
1996-08-29 00:00:00,TSML,16
1996-08-30 00:00:00,TSML,16
1996-09-02 00:00:00,TSML,16
1996-09-03 00:00:00,TSML,16
1996-09-04 00:00:00,TSML,16.25
1996-09-05 00:00:00,TSML,16.5
1996-09-06 00:00:00,TSML,16.75
1996-09-09 00:00:00,TSML,17
1996-09-10 00:00:00,TSML,17
1996-09-11 00:00:00,TSML,17
1996-09-12 00:00:00,TSML,17
1996-09-13 00:00:00,TSML,17
1996-09-16 00:00:00,TSML,17
1996-09-17 00:00:00,TSML,18
1996-09-18 00:00:00,TSML,18.5
1996-09-19 00:00:00,TSML,19.25
1996-09-20 00:00:00,TSML,19
1996-09-23 00:00:00,TSML,19.25
1996-09-24 00:00:00,TSML,17.5
1996-09-25 00:00:00,TSML,18
1996-09-27 00:00:00,TSML,18
1996-09-30 00:00:00,TSML,18
1996-10-01 00:00:00,TSML,18
1996-10-02 00:00:00,TSML,18
1996-10-03 00:00:00,TSML,17.75
1996-10-04 00:00:00,TSML,17.75
1996-10-07 00:00:00,TSML,18
1996-10-08 00:00:00,TSML,18.25
1996-10-09 00:00:00,TSML,18.75
1996-10-10 00:00:00,TSML,19.5
1996-10-11 00:00:00,TSML,21.5
1996-10-14 00:00:00,TSML,22.25
1996-10-15 00:00:00,TSML,22.75
1996-10-16 00:00:00,TSML,23.75
1996-10-17 00:00:00,TSML,23.75
1996-10-18 00:00:00,TSML,24
1996-10-21 00:00:00,TSML,24.75
1996-10-22 00:00:00,TSML,24.5
1996-10-23 00:00:00,TSML,23
1996-10-24 00:00:00,TSML,23
1996-10-25 00:00:00,TSML,22.75
1996-10-28 00:00:00,TSML,23
1996-10-29 00:00:00,TSML,23.5
1996-10-30 00:00:00,TSML,25
1996-10-31 00:00:00,TSML,25
1996-11-01 00:00:00,TSML,25
1996-11-04 00:00:00,TSML,26.25
1996-11-05 00:00:00,TSML,28
1996-11-06 00:00:00,TSML,28.5
1996-11-07 00:00:00,TSML,29.75
1996-11-08 00:00:00,TSML,29.75
1996-11-11 00:00:00,TSML,29.5
1996-11-12 00:00:00,TSML,28.25
1996-11-13 00:00:00,TSML,27.25
1996-11-14 00:00:00,TSML,28.5
1996-11-15 00:00:00,TSML,28.25
1996-11-18 00:00:00,TSML,28.25
1996-11-19 00:00:00,TSML,27
1996-11-20 00:00:00,TSML,26.5
1996-11-21 00:00:00,TSML,25.25
1996-11-22 00:00:00,TSML,25.75
1996-11-25 00:00:00,TSML,25.25
1996-11-26 00:00:00,TSML,23.75
1996-11-27 00:00:00,TSML,23.75
1996-11-28 00:00:00,TSML,23.25
1996-11-29 00:00:00,TSML,23.25
1996-12-02 00:00:00,TSML,23.25
1996-12-03 00:00:00,TSML,25
1996-12-04 00:00:00,TSML,24
1996-12-05 00:00:00,TSML,23.75
1996-12-06 00:00:00,TSML,24.5
SECURITY_DA,COMP,CLOSE_PRICE
-----------,----,-----------
1996-12-09 00:00:00,TSML,23.75
1996-12-10 00:00:00,TSML,23.75
1996-12-11 00:00:00,TSML,23.75
1996-12-12 00:00:00,TSML,23.75
1996-12-13 00:00:00,TSML,23.75
1996-12-16 00:00:00,TSML,0
1996-12-17 00:00:00,TSML,24
1996-12-18 00:00:00,TSML,24.5
1996-12-19 00:00:00,TSML,25
1996-12-20 00:00:00,TSML,25.75
1996-12-23 00:00:00,TSML,26.5
1996-12-27 00:00:00,TSML,27
1996-12-30 00:00:00,TSML,26.5
1996-12-31 00:00:00,TSML,26
1996-01-02 00:00:00,TYRE,12.75
1996-01-03 00:00:00,TYRE,12.75
1996-01-04 00:00:00,TYRE,12.75
1996-01-08 00:00:00,TYRE,13
1996-01-09 00:00:00,TYRE,13
1996-01-10 00:00:00,TYRE,13
1996-01-11 00:00:00,TYRE,12.75
SECURITY_DA,COMP,CLOSE_PRICE
-----------,----,-----------
1996-01-12 00:00:00,TYRE,12.75
1996-01-16 00:00:00,TYRE,12.75
1996-01-17 00:00:00,TYRE,12.25
1996-01-18 00:00:00,TYRE,12.25
1996-01-19 00:00:00,TYRE,12
1996-01-22 00:00:00,TYRE,11.75
1996-01-23 00:00:00,TYRE,11.5
1996-01-24 00:00:00,TYRE,11.25
1996-01-25 00:00:00,TYRE,10.75
1996-01-26 00:00:00,TYRE,11
1996-01-29 00:00:00,TYRE,10.75
1996-01-30 00:00:00,TYRE,10.75
1996-01-31 00:00:00,TYRE,10.75
1996-02-01 00:00:00,TYRE,10
1996-02-02 00:00:00,TYRE,10.5
1996-02-06 00:00:00,TYRE,10.25
1996-02-07 00:00:00,TYRE,10
1996-02-08 00:00:00,TYRE,9.5
1996-02-09 00:00:00,TYRE,9.75
1996-02-12 00:00:00,TYRE,9.5
1996-02-13 00:00:00,TYRE,9.5
SECURITY_DA,COMP,CLOSE_PRICE
-----------,----,-----------
1996-02-14 00:00:00,TYRE,9.5
1996-02-15 00:00:00,TYRE,10
1996-02-16 00:00:00,TYRE,10.5
1996-02-19 00:00:00,TYRE,11.25
1996-02-20 00:00:00,TYRE,12
1996-02-21 00:00:00,TYRE,11.5
1996-02-22 00:00:00,TYRE,11.25
1996-02-23 00:00:00,TYRE,11.75
1996-02-26 00:00:00,TYRE,11.75
1996-02-27 00:00:00,TYRE,10.75
1996-02-28 00:00:00,TYRE,10.75
1996-02-29 00:00:00,TYRE,11.25
1996-03-01 00:00:00,TYRE,11.5
1996-03-05 00:00:00,TYRE,11.75
1996-03-06 00:00:00,TYRE,12
1996-03-07 00:00:00,TYRE,12
1996-03-08 00:00:00,TYRE,12.5
1996-03-11 00:00:00,TYRE,12.75
1996-03-12 00:00:00,TYRE,11.5
1996-03-13 00:00:00,TYRE,11.75
1996-03-15 00:00:00,TYRE,11.25
SECURITY_DA,COMP,CLOSE_PRICE
-----------,----,-----------
1996-03-18 00:00:00,TYRE,11.5
1996-03-19 00:00:00,TYRE,11.5
1996-03-20 00:00:00,TYRE,11.25
1996-03-21 00:00:00,TYRE,11.25
1996-03-22 00:00:00,TYRE,10.75
1996-03-25 00:00:00,TYRE,10.75
1996-03-26 00:00:00,TYRE,10.75
1996-03-27 00:00:00,TYRE,10.75
1996-03-28 00:00:00,TYRE,10.75
1996-03-29 00:00:00,TYRE,11
1996-04-01 00:00:00,TYRE,9.75
1996-04-02 00:00:00,TYRE,9.5
1996-04-04 00:00:00,TYRE,9.75
1996-04-08 00:00:00,TYRE,10
1996-04-09 00:00:00,TYRE,10.25
1996-04-10 00:00:00,TYRE,10.5
1996-04-15 00:00:00,TYRE,10.75
1996-04-16 00:00:00,TYRE,11
1996-04-17 00:00:00,TYRE,11.5
1996-04-18 00:00:00,TYRE,11.25
1996-04-19 00:00:00,TYRE,11
SECURITY_DA,COMP,CLOSE_PRICE
-----------,----,-----------
1996-04-22 00:00:00,TYRE,10.25
1996-04-23 00:00:00,TYRE,10.5
1996-04-24 00:00:00,TYRE,11
1996-04-25 00:00:00,TYRE,11
1996-04-26 00:00:00,TYRE,11
1996-04-29 00:00:00,TYRE,11.25
1996-04-30 00:00:00,TYRE,11
1996-05-06 00:00:00,TYRE,11
1996-05-07 00:00:00,TYRE,11
1996-05-08 00:00:00,TYRE,11
1996-05-09 00:00:00,TYRE,11
1996-05-10 00:00:00,TYRE,11
1996-05-13 00:00:00,TYRE,10.75
1996-05-14 00:00:00,TYRE,10.5
1996-05-15 00:00:00,TYRE,10.25
1996-05-16 00:00:00,TYRE,10.25
1996-05-17 00:00:00,TYRE,10.5
1996-05-20 00:00:00,TYRE,10.5
1996-05-21 00:00:00,TYRE,10.5
1996-05-22 00:00:00,TYRE,10.75
1996-05-23 00:00:00,TYRE,10.5
SECURITY_DA,COMP,CLOSE_PRICE
-----------,----,-----------
1996-05-24 00:00:00,TYRE,10.5
1996-05-27 00:00:00,TYRE,10.5
1996-05-28 00:00:00,TYRE,10.5
1996-05-29 00:00:00,TYRE,10.25
1996-05-30 00:00:00,TYRE,10
1996-06-03 00:00:00,TYRE,10
1996-06-04 00:00:00,TYRE,10
1996-06-05 00:00:00,TYRE,10
1996-06-06 00:00:00,TYRE,9.75
1996-06-07 00:00:00,TYRE,9.75
1996-06-10 00:00:00,TYRE,9.75
1996-06-11 00:00:00,TYRE,10
1996-06-12 00:00:00,TYRE,10
1996-06-13 00:00:00,TYRE,10
1996-06-14 00:00:00,TYRE,10
1996-06-17 00:00:00,TYRE,9.75
1996-06-18 00:00:00,TYRE,9.75
1996-06-19 00:00:00,TYRE,9.75
1996-06-20 00:00:00,TYRE,10
1996-06-21 00:00:00,TYRE,10
1996-06-24 00:00:00,TYRE,10
SECURITY_DA,COMP,CLOSE_PRICE
-----------,----,-----------
1996-06-25 00:00:00,TYRE,9.75
1996-06-26 00:00:00,TYRE,9.5
1996-06-28 00:00:00,TYRE,9.5
1996-07-02 00:00:00,TYRE,9.5
1996-07-03 00:00:00,TYRE,9.5
1996-07-04 00:00:00,TYRE,9.5
1996-07-05 00:00:00,TYRE,0
1996-07-08 00:00:00,TYRE,9.25
1996-07-09 00:00:00,TYRE,9
1996-07-10 00:00:00,TYRE,9
1996-07-11 00:00:00,TYRE,9
1996-07-12 00:00:00,TYRE,9
1996-07-15 00:00:00,TYRE,8.5
1996-07-16 00:00:00,TYRE,8
1996-07-17 00:00:00,TYRE,8.25
1996-07-18 00:00:00,TYRE,8.25
1996-07-19 00:00:00,TYRE,9
1996-07-22 00:00:00,TYRE,8.5
1996-07-23 00:00:00,TYRE,8.5
1996-07-24 00:00:00,TYRE,8.75
1996-07-25 00:00:00,TYRE,8.75
SECURITY_DA,COMP,CLOSE_PRICE
-----------,----,-----------
1996-07-26 00:00:00,TYRE,8.75
1996-07-31 00:00:00,TYRE,8.75
1996-08-01 00:00:00,TYRE,8.75
1996-08-02 00:00:00,TYRE,9
1996-08-05 00:00:00,TYRE,9.5
1996-08-06 00:00:00,TYRE,9.25
1996-08-07 00:00:00,TYRE,9.25
1996-08-08 00:00:00,TYRE,9
1996-08-09 00:00:00,TYRE,9
1996-08-12 00:00:00,TYRE,8.75
1996-08-13 00:00:00,TYRE,8.5
1996-08-14 00:00:00,TYRE,8.5
1996-08-15 00:00:00,TYRE,8.75
1996-08-16 00:00:00,TYRE,8.75
1996-08-19 00:00:00,TYRE,8.75
1996-08-20 00:00:00,TYRE,8.75
1996-08-21 00:00:00,TYRE,8.5
1996-08-22 00:00:00,TYRE,8.75
1996-08-23 00:00:00,TYRE,8.5
1996-08-26 00:00:00,TYRE,8.5
1996-08-27 00:00:00,TYRE,8.5
SECURITY_DA,COMP,CLOSE_PRICE
-----------,----,-----------
1996-08-29 00:00:00,TYRE,8.5
1996-08-30 00:00:00,TYRE,0
1996-09-02 00:00:00,TYRE,8.5
1996-09-03 00:00:00,TYRE,8.5
1996-09-04 00:00:00,TYRE,8.5
1996-09-05 00:00:00,TYRE,8.5
1996-09-06 00:00:00,TYRE,8.5
1996-09-09 00:00:00,TYRE,8.5
1996-09-10 00:00:00,TYRE,8
1996-09-11 00:00:00,TYRE,8
1996-09-12 00:00:00,TYRE,8
1996-09-13 00:00:00,TYRE,8
1996-09-16 00:00:00,TYRE,8
1996-09-17 00:00:00,TYRE,8
1996-09-18 00:00:00,TYRE,7.25
1996-09-19 00:00:00,TYRE,7
1996-09-20 00:00:00,TYRE,7
1996-09-23 00:00:00,TYRE,7
1996-09-24 00:00:00,TYRE,7
1996-09-25 00:00:00,TYRE,7.25
1996-09-27 00:00:00,TYRE,7.25
SECURITY_DA,COMP,CLOSE_PRICE
-----------,----,-----------
1996-09-30 00:00:00,TYRE,7.5
1996-10-01 00:00:00,TYRE,7.75
1996-10-02 00:00:00,TYRE,7.75
1996-10-03 00:00:00,TYRE,7.75
1996-10-04 00:00:00,TYRE,7.75
1996-10-08 00:00:00,TYRE,7.75
1996-10-09 00:00:00,TYRE,7.5
1996-10-10 00:00:00,TYRE,7.5
1996-10-11 00:00:00,TYRE,7.75
1996-10-14 00:00:00,TYRE,7.5
1996-10-15 00:00:00,TYRE,7.5
1996-10-16 00:00:00,TYRE,7.75
1996-10-17 00:00:00,TYRE,7.75
1996-10-18 00:00:00,TYRE,7.75
1996-10-21 00:00:00,TYRE,7.75
1996-10-22 00:00:00,TYRE,7.5
1996-10-23 00:00:00,TYRE,7.25
1996-10-24 00:00:00,TYRE,7
1996-10-25 00:00:00,TYRE,7
1996-10-28 00:00:00,TYRE,7
1996-10-29 00:00:00,TYRE,7
SECURITY_DA,COMP,CLOSE_PRICE
-----------,----,-----------
1996-10-30 00:00:00,TYRE,7.25
1996-10-31 00:00:00,TYRE,7
1996-11-01 00:00:00,TYRE,7.25
1996-11-04 00:00:00,TYRE,7.5
1996-11-05 00:00:00,TYRE,7.25
1996-11-06 00:00:00,TYRE,7.25
1996-11-07 00:00:00,TYRE,7.5
1996-11-08 00:00:00,TYRE,7.5
1996-11-11 00:00:00,TYRE,7.5
1996-11-12 00:00:00,TYRE,7.5
1996-11-13 00:00:00,TYRE,7.5
1996-11-14 00:00:00,TYRE,7.5
1996-11-15 00:00:00,TYRE,7.25
1996-11-18 00:00:00,TYRE,7.25
1996-11-19 00:00:00,TYRE,7.25
1996-11-20 00:00:00,TYRE,7.25
1996-11-21 00:00:00,TYRE,7.25
1996-11-22 00:00:00,TYRE,7.25
1996-11-25 00:00:00,TYRE,7.25
1996-11-26 00:00:00,TYRE,7.25
1996-11-27 00:00:00,TYRE,7
SECURITY_DA,COMP,CLOSE_PRICE
-----------,----,-----------
1996-11-28 00:00:00,TYRE,6.75
1996-11-29 00:00:00,TYRE,6.75
1996-12-02 00:00:00,TYRE,6.5
1996-12-03 00:00:00,TYRE,6.25
1996-12-04 00:00:00,TYRE,6.25
1996-12-05 00:00:00,TYRE,6.25
1996-12-06 00:00:00,TYRE,6.25
1996-12-09 00:00:00,TYRE,6.25
1996-12-10 00:00:00,TYRE,6.25
1996-12-11 00:00:00,TYRE,6
1996-12-12 00:00:00,TYRE,6
1996-12-13 00:00:00,TYRE,6.25
1996-12-16 00:00:00,TYRE,6
1996-12-17 00:00:00,TYRE,6.25
1996-12-18 00:00:00,TYRE,6.25
1996-12-19 00:00:00,TYRE,6.25
1996-12-20 00:00:00,TYRE,6.25
1996-12-23 00:00:00,TYRE,6.75
1996-12-27 00:00:00,TYRE,7
1996-12-30 00:00:00,TYRE,7
1996-12-31 00:00:00,TYRE,7
SECURITY_DA,COMP,CLOSE_PRICE
-----------,----,-----------
1996-01-03 00:00:00,UAL,48
1996-01-04 00:00:00,UAL,48
1996-01-08 00:00:00,UAL,46
1996-01-09 00:00:00,UAL,44
1996-01-11 00:00:00,UAL,44
1996-01-18 00:00:00,UAL,45
1996-01-22 00:00:00,UAL,43
1996-02-09 00:00:00,UAL,40
1996-02-16 00:00:00,UAL,40
1996-02-23 00:00:00,UAL,42
1996-02-26 00:00:00,UAL,42
1996-02-27 00:00:00,UAL,42
1996-02-29 00:00:00,UAL,43
1996-03-01 00:00:00,UAL,45
1996-03-07 00:00:00,UAL,47.25
1996-03-08 00:00:00,UAL,53
1996-03-11 00:00:00,UAL,55
1996-03-12 00:00:00,UAL,50
1996-03-13 00:00:00,UAL,51
1996-03-14 00:00:00,UAL,50
1996-03-18 00:00:00,UAL,50
SECURITY_DA,COMP,CLOSE_PRICE
-----------,----,-----------
1996-03-19 00:00:00,UAL,50
1996-03-21 00:00:00,UAL,50
1996-03-26 00:00:00,UAL,48
1996-03-28 00:00:00,UAL,50
1996-03-29 00:00:00,UAL,50
1996-04-18 00:00:00,UAL,50
1996-04-19 00:00:00,UAL,50
1996-04-22 00:00:00,UAL,50
1996-05-09 00:00:00,UAL,50.25
1996-05-14 00:00:00,UAL,50
1996-05-15 00:00:00,UAL,50
1996-05-17 00:00:00,UAL,50
1996-05-21 00:00:00,UAL,50
1996-06-06 00:00:00,UAL,50
1996-06-07 00:00:00,UAL,48
1996-06-12 00:00:00,UAL,48.25
1996-06-14 00:00:00,UAL,48
1996-06-17 00:00:00,UAL,48
1996-06-20 00:00:00,UAL,46
1996-06-21 00:00:00,UAL,0
1996-06-24 00:00:00,UAL,46
SECURITY_DA,COMP,CLOSE_PRICE
-----------,----,-----------
1996-06-25 00:00:00,UAL,46
1996-06-27 00:00:00,UAL,45
1996-07-01 00:00:00,UAL,45
1996-07-08 00:00:00,UAL,44
1996-07-11 00:00:00,UAL,42
1996-07-16 00:00:00,UAL,40
1996-07-17 00:00:00,UAL,39.5
1996-07-23 00:00:00,UAL,39
1996-07-25 00:00:00,UAL,37
1996-07-31 00:00:00,UAL,35
1996-08-14 00:00:00,UAL,36
1996-08-15 00:00:00,UAL,0
1996-09-11 00:00:00,UAL,37
1996-09-12 00:00:00,UAL,0
1996-09-13 00:00:00,UAL,37.5
1996-09-18 00:00:00,UAL,0
1996-10-09 00:00:00,UAL,37.5
1996-10-11 00:00:00,UAL,38
1996-10-17 00:00:00,UAL,40
1996-10-24 00:00:00,UAL,40
1996-10-25 00:00:00,UAL,40
SECURITY_DA,COMP,CLOSE_PRICE
-----------,----,-----------
1996-10-30 00:00:00,UAL,42
1996-10-31 00:00:00,UAL,44.25
1996-11-04 00:00:00,UAL,43.5
1996-11-05 00:00:00,UAL,44
1996-11-07 00:00:00,UAL,44
1996-11-08 00:00:00,UAL,43.5
1996-11-12 00:00:00,UAL,44
1996-11-14 00:00:00,UAL,43
1996-11-15 00:00:00,UAL,43
1996-11-22 00:00:00,UAL,40.75
1996-12-11 00:00:00,UAL,40
1996-12-13 00:00:00,UAL,38
1996-12-30 00:00:00,UAL,40
1996-12-31 00:00:00,UAL,40
1996-01-04 00:00:00,UCAR,12.5
1996-01-08 00:00:00,UCAR,13.5
1996-01-29 00:00:00,UCAR,13.25
1996-02-26 00:00:00,UCAR,13.25
1996-03-18 00:00:00,UCAR,12.5
1996-03-28 00:00:00,UCAR,11
1996-03-29 00:00:00,UCAR,10.5
SECURITY_DA,COMP,CLOSE_PRICE
-----------,----,-----------
1996-04-23 00:00:00,UCAR,10
1996-04-24 00:00:00,UCAR,10
1996-04-25 00:00:00,UCAR,10
1996-04-26 00:00:00,UCAR,10
1996-05-06 00:00:00,UCAR,10
1996-05-08 00:00:00,UCAR,10
1996-05-29 00:00:00,UCAR,10
1996-06-05 00:00:00,UCAR,10
1996-06-20 00:00:00,UCAR,9.5
1996-07-02 00:00:00,UCAR,10
1996-08-16 00:00:00,UCAR,0
1996-08-20 00:00:00,UCAR,0
1996-08-21 00:00:00,UCAR,9
1996-09-11 00:00:00,UCAR,0
1996-10-07 00:00:00,UCAR,0
1996-11-22 00:00:00,UCAR,9
1996-12-09 00:00:00,UCAR,9
1996-12-31 00:00:00,UCAR,10
1996-01-04 00:00:00,UML,26.25
1996-01-08 00:00:00,UML,26.5
1996-01-10 00:00:00,UML,26.5
1996-01-11 00:00:00,UML,26.5
1996-01-12 00:00:00,UML,26.5
1996-01-17 00:00:00,UML,25.5
1996-01-18 00:00:00,UML,25.75
1996-01-19 00:00:00,UML,26
1996-01-22 00:00:00,UML,25
1996-01-23 00:00:00,UML,25.25
1996-01-24 00:00:00,UML,25
1996-01-25 00:00:00,UML,25
1996-01-26 00:00:00,UML,24.5
1996-01-30 00:00:00,UML,24
1996-01-31 00:00:00,UML,24
1996-02-02 00:00:00,UML,24
1996-02-08 00:00:00,UML,23.5
1996-02-09 00:00:00,UML,23
1996-02-12 00:00:00,UML,23.75
1996-02-13 00:00:00,UML,24
1996-02-14 00:00:00,UML,24.75
1996-02-15 00:00:00,UML,24.75
1996-02-16 00:00:00,UML,27.25
1996-02-19 00:00:00,UML,27
1996-02-20 00:00:00,UML,27
1996-02-22 00:00:00,UML,27.25
1996-02-23 00:00:00,UML,27.5
1996-02-26 00:00:00,UML,28
1996-02-27 00:00:00,UML,29
1996-02-28 00:00:00,UML,29
1996-02-29 00:00:00,UML,30.5
1996-03-01 00:00:00,UML,30.5
1996-03-05 00:00:00,UML,31
1996-03-06 00:00:00,UML,31.25
1996-03-07 00:00:00,UML,31.25
1996-03-08 00:00:00,UML,31.5
1996-03-11 00:00:00,UML,32
1996-03-12 00:00:00,UML,30.5
1996-03-13 00:00:00,UML,31
1996-03-14 00:00:00,UML,29.75
1996-03-19 00:00:00,UML,30
1996-03-20 00:00:00,UML,30
1996-03-21 00:00:00,UML,29.5
1996-03-22 00:00:00,UML,29.5
1996-03-25 00:00:00,UML,29.25
1996-03-26 00:00:00,UML,29
1996-03-27 00:00:00,UML,29.25
1996-03-28 00:00:00,UML,30
1996-03-29 00:00:00,UML,31.5
1996-04-02 00:00:00,UML,29
1996-04-04 00:00:00,UML,29.5
1996-04-08 00:00:00,UML,29.5
1996-04-09 00:00:00,UML,29.5
1996-04-10 00:00:00,UML,29.5
1996-04-15 00:00:00,UML,29.5
1996-04-16 00:00:00,UML,29
1996-04-17 00:00:00,UML,23.5
1996-04-18 00:00:00,UML,22.75
1996-04-19 00:00:00,UML,23
1996-04-22 00:00:00,UML,23
1996-04-23 00:00:00,UML,23
1996-04-24 00:00:00,UML,23.25
1996-04-26 00:00:00,UML,23.5
1996-04-29 00:00:00,UML,23.5
1996-04-30 00:00:00,UML,23.5
1996-05-06 00:00:00,UML,24
1996-05-07 00:00:00,UML,24.25
1996-05-08 00:00:00,UML,24.75
1996-05-09 00:00:00,UML,25
1996-05-10 00:00:00,UML,25.5
1996-05-13 00:00:00,UML,25.75
1996-05-14 00:00:00,UML,25.25
1996-05-15 00:00:00,UML,25.25
1996-05-16 00:00:00,UML,25.25
1996-05-17 00:00:00,UML,25.25
1996-05-20 00:00:00,UML,25.5
1996-05-21 00:00:00,UML,25.5
1996-05-22 00:00:00,UML,25.5
1996-05-23 00:00:00,UML,26.5
1996-05-24 00:00:00,UML,26
1996-05-27 00:00:00,UML,26
1996-05-28 00:00:00,UML,26
1996-05-29 00:00:00,UML,26
1996-05-30 00:00:00,UML,26
1996-06-03 00:00:00,UML,26
1996-06-04 00:00:00,UML,26.25
1996-06-05 00:00:00,UML,25.25
1996-06-06 00:00:00,UML,25.5
1996-06-07 00:00:00,UML,25.5
1996-06-10 00:00:00,UML,25.5
1996-06-11 00:00:00,UML,25.5
1996-06-12 00:00:00,UML,25.5
1996-06-13 00:00:00,UML,25.5
1996-06-14 00:00:00,UML,25.5
1996-06-17 00:00:00,UML,25.5
1996-06-18 00:00:00,UML,25.5
1996-06-19 00:00:00,UML,25.75
1996-06-20 00:00:00,UML,26.25
1996-06-21 00:00:00,UML,26
1996-06-24 00:00:00,UML,25.75
1996-06-25 00:00:00,UML,25.75
1996-06-26 00:00:00,UML,29
1996-06-27 00:00:00,UML,27.5
1996-06-28 00:00:00,UML,26.5
1996-07-01 00:00:00,UML,0
1996-07-02 00:00:00,UML,26.5
1996-07-03 00:00:00,UML,26.5
1996-07-04 00:00:00,UML,26.75
1996-07-05 00:00:00,UML,27
1996-07-08 00:00:00,UML,27
1996-07-09 00:00:00,UML,27
1996-07-10 00:00:00,UML,26.5
1996-07-11 00:00:00,UML,26.75
1996-07-12 00:00:00,UML,26.75
1996-07-15 00:00:00,UML,26.5
1996-07-16 00:00:00,UML,29
1996-07-18 00:00:00,UML,27
1996-07-19 00:00:00,UML,27.5
1996-07-22 00:00:00,UML,27.25
1996-07-23 00:00:00,UML,27.25
1996-07-24 00:00:00,UML,27.25
1996-07-25 00:00:00,UML,27.5
1996-07-31 00:00:00,UML,27.5
1996-08-01 00:00:00,UML,27.5
1996-08-02 00:00:00,UML,27.75
1996-08-06 00:00:00,UML,28
1996-08-07 00:00:00,UML,28
1996-08-08 00:00:00,UML,29
1996-08-09 00:00:00,UML,28
1996-08-12 00:00:00,UML,28
1996-08-14 00:00:00,UML,27.5
1996-08-15 00:00:00,UML,0
1996-08-16 00:00:00,UML,27.5
1996-08-19 00:00:00,UML,27.5
1996-08-21 00:00:00,UML,28
1996-08-22 00:00:00,UML,28
1996-08-23 00:00:00,UML,28.25
1996-08-27 00:00:00,UML,29
1996-08-29 00:00:00,UML,30
1996-08-30 00:00:00,UML,30.5
1996-09-02 00:00:00,UML,31
1996-09-03 00:00:00,UML,33.75
1996-09-04 00:00:00,UML,34
1996-09-05 00:00:00,UML,32.25
1996-09-06 00:00:00,UML,33
1996-09-10 00:00:00,UML,0
1996-09-11 00:00:00,UML,32
1996-09-12 00:00:00,UML,31.25
1996-09-13 00:00:00,UML,31.25
1996-09-17 00:00:00,UML,32
1996-09-18 00:00:00,UML,32
1996-09-19 00:00:00,UML,32.5
1996-09-20 00:00:00,UML,32.5
1996-09-23 00:00:00,UML,32.25
1996-09-24 00:00:00,UML,33
1996-09-25 00:00:00,UML,34
1996-10-01 00:00:00,UML,34
1996-10-02 00:00:00,UML,35
1996-10-03 00:00:00,UML,35.5
1996-10-04 00:00:00,UML,37.75
1996-10-07 00:00:00,UML,38
1996-10-08 00:00:00,UML,37
1996-10-10 00:00:00,UML,36
1996-10-11 00:00:00,UML,37
1996-10-14 00:00:00,UML,37
1996-10-15 00:00:00,UML,36.25
1996-10-16 00:00:00,UML,37
1996-10-17 00:00:00,UML,36.75
1996-10-21 00:00:00,UML,37
1996-10-22 00:00:00,UML,36
1996-10-23 00:00:00,UML,36
1996-10-28 00:00:00,UML,36
1996-10-29 00:00:00,UML,35.5
1996-10-31 00:00:00,UML,35
1996-11-01 00:00:00,UML,0
1996-11-05 00:00:00,UML,0
1996-11-06 00:00:00,UML,35
1996-11-07 00:00:00,UML,34
1996-11-08 00:00:00,UML,34
1996-11-11 00:00:00,UML,32.5
1996-11-13 00:00:00,UML,30
1996-11-14 00:00:00,UML,30.75
1996-11-15 00:00:00,UML,31
1996-11-18 00:00:00,UML,31
1996-11-19 00:00:00,UML,31
1996-11-22 00:00:00,UML,31
1996-11-26 00:00:00,UML,30.5
1996-12-04 00:00:00,UML,29
1996-12-05 00:00:00,UML,28
1996-12-06 00:00:00,UML,28
1996-12-09 00:00:00,UML,26.5
1996-12-10 00:00:00,UML,27
1996-12-11 00:00:00,UML,27
1996-12-13 00:00:00,UML,27
1996-12-17 00:00:00,UML,27
1996-12-27 00:00:00,UML,27
1996-12-30 00:00:00,UML,27
1996-12-31 00:00:00,UML,0
1996-01-02 00:00:00,VANI,21
1996-01-03 00:00:00,VANI,21
1996-01-04 00:00:00,VANI,21
1996-01-08 00:00:00,VANI,20.5
1996-01-09 00:00:00,VANI,20.25
1996-01-10 00:00:00,VANI,20
1996-01-11 00:00:00,VANI,20.5
1996-01-12 00:00:00,VANI,20
1996-01-16 00:00:00,VANI,19
1996-01-17 00:00:00,VANI,18
1996-01-18 00:00:00,VANI,18.25
1996-01-19 00:00:00,VANI,18
1996-01-22 00:00:00,VANI,18
1996-01-23 00:00:00,VANI,18
1996-01-24 00:00:00,VANI,18
1996-01-25 00:00:00,VANI,18
1996-01-26 00:00:00,VANI,18
1996-01-29 00:00:00,VANI,18
1996-01-30 00:00:00,VANI,18.25
1996-01-31 00:00:00,VANI,18.5
1996-02-01 00:00:00,VANI,17.25
1996-02-02 00:00:00,VANI,18
1996-02-06 00:00:00,VANI,18
1996-02-07 00:00:00,VANI,18.25
1996-02-08 00:00:00,VANI,18.5
1996-02-09 00:00:00,VANI,19.25
1996-02-12 00:00:00,VANI,20
1996-02-13 00:00:00,VANI,20.25
1996-02-14 00:00:00,VANI,20.5
1996-02-15 00:00:00,VANI,20.75
1996-02-16 00:00:00,VANI,21.25
1996-02-19 00:00:00,VANI,20.5
1996-02-20 00:00:00,VANI,20.5
1996-02-21 00:00:00,VANI,20.5
1996-02-22 00:00:00,VANI,20.5
1996-02-23 00:00:00,VANI,20.25
1996-02-26 00:00:00,VANI,20.25
1996-02-27 00:00:00,VANI,19.75
1996-02-28 00:00:00,VANI,18.5
1996-02-29 00:00:00,VANI,19
1996-03-01 00:00:00,VANI,19.75
1996-03-05 00:00:00,VANI,19.75
1996-03-06 00:00:00,VANI,20
1996-03-07 00:00:00,VANI,20
1996-03-08 00:00:00,VANI,21.5
1996-03-11 00:00:00,VANI,22.5
1996-03-12 00:00:00,VANI,21
1996-03-13 00:00:00,VANI,21.5
1996-03-14 00:00:00,VANI,21.25
1996-03-15 00:00:00,VANI,21
1996-03-18 00:00:00,VANI,21.25
1996-03-19 00:00:00,VANI,21
1996-03-20 00:00:00,VANI,20
1996-03-21 00:00:00,VANI,19.5
1996-03-22 00:00:00,VANI,19
1996-03-25 00:00:00,VANI,18.75
1996-03-26 00:00:00,VANI,18.75
1996-03-27 00:00:00,VANI,18.5
1996-03-28 00:00:00,VANI,18.25
1996-03-29 00:00:00,VANI,18
1996-04-01 00:00:00,VANI,18
1996-04-02 00:00:00,VANI,18
1996-04-04 00:00:00,VANI,18.25
1996-04-08 00:00:00,VANI,18
1996-04-09 00:00:00,VANI,18
1996-04-10 00:00:00,VANI,18
1996-04-15 00:00:00,VANI,18
1996-04-16 00:00:00,VANI,18
1996-04-17 00:00:00,VANI,18.25
1996-04-18 00:00:00,VANI,18
1996-04-19 00:00:00,VANI,18
1996-04-22 00:00:00,VANI,17.75
1996-04-23 00:00:00,VANI,17.25
1996-04-24 00:00:00,VANI,17.25
1996-04-25 00:00:00,VANI,17.25
1996-04-26 00:00:00,VANI,17.5
1996-04-29 00:00:00,VANI,17.75
1996-04-30 00:00:00,VANI,17.75
1996-05-06 00:00:00,VANI,17.25
1996-05-07 00:00:00,VANI,17
1996-05-08 00:00:00,VANI,17
1996-05-09 00:00:00,VANI,16.75
1996-05-10 00:00:00,VANI,16.75
1996-05-13 00:00:00,VANI,18
1996-05-14 00:00:00,VANI,18
1996-05-15 00:00:00,VANI,17
1996-05-16 00:00:00,VANI,17.25
1996-05-17 00:00:00,VANI,17.25
1996-05-20 00:00:00,VANI,17
1996-05-21 00:00:00,VANI,17
1996-05-22 00:00:00,VANI,17.25
1996-05-23 00:00:00,VANI,17
1996-05-24 00:00:00,VANI,17.25
1996-05-27 00:00:00,VANI,17
1996-05-28 00:00:00,VANI,16.75
1996-05-29 00:00:00,VANI,16.5
1996-05-30 00:00:00,VANI,16.5
1996-06-03 00:00:00,VANI,16
1996-06-04 00:00:00,VANI,15
1996-06-05 00:00:00,VANI,12.75
1996-06-06 00:00:00,VANI,13
1996-06-07 00:00:00,VANI,13
1996-06-10 00:00:00,VANI,13
1996-06-11 00:00:00,VANI,13
1996-06-12 00:00:00,VANI,13
1996-06-13 00:00:00,VANI,13
1996-06-14 00:00:00,VANI,13
1996-06-17 00:00:00,VANI,13
1996-06-18 00:00:00,VANI,13
1996-06-19 00:00:00,VANI,13
1996-06-20 00:00:00,VANI,13.25
1996-06-21 00:00:00,VANI,13
1996-06-24 00:00:00,VANI,13
1996-06-25 00:00:00,VANI,13.25
1996-06-26 00:00:00,VANI,12.75
1996-06-27 00:00:00,VANI,12.5
1996-06-28 00:00:00,VANI,11.75
1996-07-01 00:00:00,VANI,11
1996-07-02 00:00:00,VANI,10.75
1996-07-03 00:00:00,VANI,11
1996-07-04 00:00:00,VANI,12
1996-07-05 00:00:00,VANI,12.25
1996-07-08 00:00:00,VANI,12
1996-07-09 00:00:00,VANI,12
1996-07-10 00:00:00,VANI,12
1996-07-11 00:00:00,VANI,12
1996-07-12 00:00:00,VANI,11.75
1996-07-15 00:00:00,VANI,11
1996-07-16 00:00:00,VANI,11.5
1996-07-17 00:00:00,VANI,10.75
1996-07-18 00:00:00,VANI,11
1996-07-19 00:00:00,VANI,11
1996-07-22 00:00:00,VANI,10.75
1996-07-23 00:00:00,VANI,11
1996-07-24 00:00:00,VANI,11
1996-07-25 00:00:00,VANI,11
1996-07-26 00:00:00,VANI,11
1996-07-31 00:00:00,VANI,11
1996-08-01 00:00:00,VANI,11
1996-08-02 00:00:00,VANI,11.5
1996-08-05 00:00:00,VANI,11.75
1996-08-06 00:00:00,VANI,11.25
1996-08-07 00:00:00,VANI,11
1996-08-08 00:00:00,VANI,11.25
1996-08-09 00:00:00,VANI,11
1996-08-12 00:00:00,VANI,11
1996-08-13 00:00:00,VANI,11
1996-08-14 00:00:00,VANI,11
1996-08-15 00:00:00,VANI,11
1996-08-16 00:00:00,VANI,10.75
1996-08-19 00:00:00,VANI,11
1996-08-20 00:00:00,VANI,11
1996-08-21 00:00:00,VANI,10.5
1996-08-22 00:00:00,VANI,10.5
1996-08-23 00:00:00,VANI,10.5
1996-08-26 00:00:00,VANI,11
1996-08-27 00:00:00,VANI,11.25
1996-08-29 00:00:00,VANI,11.25
1996-08-30 00:00:00,VANI,11
1996-09-02 00:00:00,VANI,11.25
1996-09-03 00:00:00,VANI,11.25
1996-09-04 00:00:00,VANI,11.25
1996-09-05 00:00:00,VANI,11.25
1996-09-06 00:00:00,VANI,11.25
1996-09-09 00:00:00,VANI,11.25
1996-09-10 00:00:00,VANI,11
1996-09-11 00:00:00,VANI,11.25
1996-09-12 00:00:00,VANI,11
1996-09-13 00:00:00,VANI,11.25
1996-09-16 00:00:00,VANI,11.25
1996-09-17 00:00:00,VANI,11.25
1996-09-18 00:00:00,VANI,11.25
1996-09-19 00:00:00,VANI,11.25
1996-09-20 00:00:00,VANI,11.25
1996-09-23 00:00:00,VANI,12.5
1996-09-24 00:00:00,VANI,12.5
1996-09-25 00:00:00,VANI,12.5
1996-09-27 00:00:00,VANI,12.75
1996-09-30 00:00:00,VANI,13
1996-10-01 00:00:00,VANI,13.25
1996-10-02 00:00:00,VANI,13.75
1996-10-03 00:00:00,VANI,13.75
1996-10-04 00:00:00,VANI,13.5
1996-10-07 00:00:00,VANI,13.25
1996-10-08 00:00:00,VANI,13
1996-10-09 00:00:00,VANI,13
1996-10-10 00:00:00,VANI,13
1996-10-11 00:00:00,VANI,13.25
1996-10-14 00:00:00,VANI,14
1996-10-15 00:00:00,VANI,15
1996-10-16 00:00:00,VANI,16.5
1996-10-17 00:00:00,VANI,17.5
1996-10-18 00:00:00,VANI,18
1996-10-21 00:00:00,VANI,17
1996-10-22 00:00:00,VANI,17.75
1996-10-23 00:00:00,VANI,16.75
1996-10-24 00:00:00,VANI,16.25
1996-10-25 00:00:00,VANI,15.25
1996-10-28 00:00:00,VANI,15
1996-10-29 00:00:00,VANI,16
1996-10-30 00:00:00,VANI,17.25
1996-10-31 00:00:00,VANI,17.5
1996-11-01 00:00:00,VANI,18
1996-11-04 00:00:00,VANI,19
1996-11-05 00:00:00,VANI,19.75
1996-11-06 00:00:00,VANI,19.5
1996-11-07 00:00:00,VANI,18.5
1996-11-08 00:00:00,VANI,19
1996-11-11 00:00:00,VANI,19.25
1996-11-12 00:00:00,VANI,19
1996-11-13 00:00:00,VANI,19.5
1996-11-14 00:00:00,VANI,20.25
1996-11-15 00:00:00,VANI,19
1996-11-18 00:00:00,VANI,19
1996-11-19 00:00:00,VANI,18
1996-11-20 00:00:00,VANI,17.75
1996-11-21 00:00:00,VANI,18
1996-11-22 00:00:00,VANI,17.5
1996-11-25 00:00:00,VANI,17
1996-11-26 00:00:00,VANI,15.75
1996-11-27 00:00:00,VANI,16.25
1996-11-28 00:00:00,VANI,16.5
1996-11-29 00:00:00,VANI,16.5
1996-12-02 00:00:00,VANI,17
1996-12-03 00:00:00,VANI,16.5
1996-12-04 00:00:00,VANI,16
1996-12-05 00:00:00,VANI,16
1996-12-06 00:00:00,VANI,16.25
1996-12-09 00:00:00,VANI,16.5
1996-12-10 00:00:00,VANI,16.5
1996-12-11 00:00:00,VANI,16
1996-12-12 00:00:00,VANI,16.5
1996-12-13 00:00:00,VANI,16.5
1996-12-16 00:00:00,VANI,16.5
1996-12-17 00:00:00,VANI,16.25
1996-12-18 00:00:00,VANI,16.5
1996-12-19 00:00:00,VANI,16.75
1996-12-20 00:00:00,VANI,16.75
1996-12-23 00:00:00,VANI,16.75
1996-12-27 00:00:00,VANI,17
1996-12-30 00:00:00,VANI,17
1996-12-31 00:00:00,VANI,15.5
1996-01-03 00:00:00,VTEX,7.25
1996-01-08 00:00:00,VTEX,7
1996-01-09 00:00:00,VTEX,7
1996-01-10 00:00:00,VTEX,7.25
SECURITY_DA,COMP,CLOSE_PRICE
-----------,----,-----------
1996-01-11 00:00:00,VTEX,7.25
1996-01-12 00:00:00,VTEX,7.5
1996-01-17 00:00:00,VTEX,7.25
1996-01-18 00:00:00,VTEX,7.25
1996-01-19 00:00:00,VTEX,7
1996-01-22 00:00:00,VTEX,7
1996-01-23 00:00:00,VTEX,7
1996-01-24 00:00:00,VTEX,7
1996-01-25 00:00:00,VTEX,7
1996-01-30 00:00:00,VTEX,7
1996-02-02 00:00:00,VTEX,6
1996-02-06 00:00:00,VTEX,5.75
1996-02-07 00:00:00,VTEX,5.75
1996-02-08 00:00:00,VTEX,6
1996-02-09 00:00:00,VTEX,5.5
1996-02-12 00:00:00,VTEX,5.75
1996-02-13 00:00:00,VTEX,5.75
1996-02-14 00:00:00,VTEX,6
1996-02-15 00:00:00,VTEX,6
1996-02-16 00:00:00,VTEX,6
1996-02-19 00:00:00,VTEX,6.5
SECURITY_DA,COMP,CLOSE_PRICE
-----------,----,-----------
1996-02-21 00:00:00,VTEX,5.75
1996-02-22 00:00:00,VTEX,5.75
1996-02-26 00:00:00,VTEX,5.75
1996-02-27 00:00:00,VTEX,5.5
1996-02-28 00:00:00,VTEX,5.5
1996-02-29 00:00:00,VTEX,5
1996-03-01 00:00:00,VTEX,5
1996-03-05 00:00:00,VTEX,5.75
1996-03-06 00:00:00,VTEX,6
1996-03-07 00:00:00,VTEX,6.5
1996-03-08 00:00:00,VTEX,7.25
1996-03-11 00:00:00,VTEX,7.25
1996-03-12 00:00:00,VTEX,6
1996-03-13 00:00:00,VTEX,6.5
1996-03-14 00:00:00,VTEX,6.5
1996-03-15 00:00:00,VTEX,6
1996-03-18 00:00:00,VTEX,6.75
1996-03-19 00:00:00,VTEX,6
1996-03-20 00:00:00,VTEX,5.75
1996-03-21 00:00:00,VTEX,5.5
1996-03-22 00:00:00,VTEX,5
SECURITY_DA,COMP,CLOSE_PRICE
-----------,----,-----------
1996-03-25 00:00:00,VTEX,5.25
1996-03-26 00:00:00,VTEX,5
1996-03-27 00:00:00,VTEX,5
1996-03-28 00:00:00,VTEX,5.25
1996-03-29 00:00:00,VTEX,5.25
1996-04-01 00:00:00,VTEX,5.25
1996-04-02 00:00:00,VTEX,5.25
1996-04-04 00:00:00,VTEX,5.25
1996-04-08 00:00:00,VTEX,5.25
1996-04-09 00:00:00,VTEX,5.25
1996-04-10 00:00:00,VTEX,5.5
1996-04-15 00:00:00,VTEX,5.5
1996-04-16 00:00:00,VTEX,5.5
1996-04-17 00:00:00,VTEX,5.25
1996-04-18 00:00:00,VTEX,5.25
1996-04-19 00:00:00,VTEX,5.25
1996-04-22 00:00:00,VTEX,5.25
1996-04-23 00:00:00,VTEX,5.25
1996-04-24 00:00:00,VTEX,5.25
1996-04-25 00:00:00,VTEX,5.25
1996-04-26 00:00:00,VTEX,5.25
SECURITY_DA,COMP,CLOSE_PRICE
-----------,----,-----------
1996-04-29 00:00:00,VTEX,5.25
1996-04-30 00:00:00,VTEX,5.25
1996-05-07 00:00:00,VTEX,5
1996-05-08 00:00:00,VTEX,5.5
1996-05-09 00:00:00,VTEX,5.5
1996-05-10 00:00:00,VTEX,5.25
1996-05-13 00:00:00,VTEX,5.25
1996-05-14 00:00:00,VTEX,5.25
1996-05-15 00:00:00,VTEX,5.25
1996-05-16 00:00:00,VTEX,5.25
1996-05-17 00:00:00,VTEX,5.25
1996-05-20 00:00:00,VTEX,5.25
1996-05-21 00:00:00,VTEX,5.25
1996-05-22 00:00:00,VTEX,5.25
1996-05-24 00:00:00,VTEX,5
1996-05-27 00:00:00,VTEX,5
1996-05-28 00:00:00,VTEX,4.75
1996-05-29 00:00:00,VTEX,4.75
1996-05-30 00:00:00,VTEX,4.5
1996-06-04 00:00:00,VTEX,4.75
1996-06-05 00:00:00,VTEX,5
SECURITY_DA,COMP,CLOSE_PRICE
-----------,----,-----------
1996-06-06 00:00:00,VTEX,4.25
1996-06-07 00:00:00,VTEX,4.5
1996-06-10 00:00:00,VTEX,4.25
1996-06-11 00:00:00,VTEX,4
1996-06-12 00:00:00,VTEX,4
1996-06-13 00:00:00,VTEX,3.5
1996-06-17 00:00:00,VTEX,3.75
1996-06-18 00:00:00,VTEX,3.75
1996-06-19 00:00:00,VTEX,4
1996-06-20 00:00:00,VTEX,3.75
1996-06-21 00:00:00,VTEX,4
1996-06-24 00:00:00,VTEX,3.75
1996-06-25 00:00:00,VTEX,3.75
1996-06-26 00:00:00,VTEX,3.75
1996-06-27 00:00:00,VTEX,3.75
1996-06-28 00:00:00,VTEX,3.5
1996-07-01 00:00:00,VTEX,3.5
1996-07-02 00:00:00,VTEX,3.5
1996-07-03 00:00:00,VTEX,3.5
1996-07-04 00:00:00,VTEX,3.5
1996-07-05 00:00:00,VTEX,3.5
SECURITY_DA,COMP,CLOSE_PRICE
-----------,----,-----------
1996-07-08 00:00:00,VTEX,3.5
1996-07-09 00:00:00,VTEX,3.5
1996-07-10 00:00:00,VTEX,3.25
1996-07-11 00:00:00,VTEX,3
1996-07-12 00:00:00,VTEX,3
1996-07-16 00:00:00,VTEX,3
1996-07-17 00:00:00,VTEX,3
1996-07-18 00:00:00,VTEX,3
1996-07-19 00:00:00,VTEX,3
1996-07-22 00:00:00,VTEX,3
1996-07-23 00:00:00,VTEX,3.5
1996-07-24 00:00:00,VTEX,4
1996-07-25 00:00:00,VTEX,4
1996-07-26 00:00:00,VTEX,4
1996-08-05 00:00:00,VTEX,4
1996-08-06 00:00:00,VTEX,4
1996-08-07 00:00:00,VTEX,4.25
1996-08-08 00:00:00,VTEX,4
1996-08-09 00:00:00,VTEX,4
1996-08-12 00:00:00,VTEX,4
1996-08-13 00:00:00,VTEX,4
SECURITY_DA,COMP,CLOSE_PRICE
-----------,----,-----------
1996-08-14 00:00:00,VTEX,4
1996-08-15 00:00:00,VTEX,4.25
1996-08-16 00:00:00,VTEX,4.25
1996-08-20 00:00:00,VTEX,4.25
1996-08-21 00:00:00,VTEX,4
1996-08-22 00:00:00,VTEX,4
1996-08-23 00:00:00,VTEX,4
1996-08-26 00:00:00,VTEX,4
1996-08-27 00:00:00,VTEX,4.25
1996-08-30 00:00:00,VTEX,4
1996-09-02 00:00:00,VTEX,3.75
1996-09-03 00:00:00,VTEX,4
1996-09-04 00:00:00,VTEX,3.75
1996-09-05 00:00:00,VTEX,3.75
1996-09-10 00:00:00,VTEX,3.75
1996-09-11 00:00:00,VTEX,3.75
1996-09-12 00:00:00,VTEX,3.75
1996-09-16 00:00:00,VTEX,3.75
1996-09-17 00:00:00,VTEX,3.75
1996-09-18 00:00:00,VTEX,4
1996-09-19 00:00:00,VTEX,3.75
SECURITY_DA,COMP,CLOSE_PRICE
-----------,----,-----------
1996-09-20 00:00:00,VTEX,4
1996-09-23 00:00:00,VTEX,3.75
1996-09-24 00:00:00,VTEX,3.75
1996-09-25 00:00:00,VTEX,3.75
1996-09-27 00:00:00,VTEX,3.75
1996-09-30 00:00:00,VTEX,3.75
1996-10-01 00:00:00,VTEX,3.75
1996-10-04 00:00:00,VTEX,3.75
1996-10-07 00:00:00,VTEX,3.75
1996-10-08 00:00:00,VTEX,3.75
1996-10-09 00:00:00,VTEX,3.75
1996-10-11 00:00:00,VTEX,3.5
1996-10-14 00:00:00,VTEX,3.5
1996-10-15 00:00:00,VTEX,3.5
1996-10-16 00:00:00,VTEX,3.75
1996-10-17 00:00:00,VTEX,3.5
1996-10-18 00:00:00,VTEX,3.75
1996-10-21 00:00:00,VTEX,3.5
1996-10-22 00:00:00,VTEX,3.5
1996-10-23 00:00:00,VTEX,3.5
1996-10-24 00:00:00,VTEX,3.5
SECURITY_DA,COMP,CLOSE_PRICE
-----------,----,-----------
1996-10-25 00:00:00,VTEX,3.75
1996-10-28 00:00:00,VTEX,3.5
1996-10-29 00:00:00,VTEX,3.25
1996-10-30 00:00:00,VTEX,3.25
1996-10-31 00:00:00,VTEX,3.5
1996-11-01 00:00:00,VTEX,3.5
1996-11-04 00:00:00,VTEX,3.5
1996-11-05 00:00:00,VTEX,3.5
1996-11-06 00:00:00,VTEX,3.5
1996-11-07 00:00:00,VTEX,3.5
1996-11-08 00:00:00,VTEX,3.75
1996-11-11 00:00:00,VTEX,4
1996-11-12 00:00:00,VTEX,4.25
1996-11-13 00:00:00,VTEX,4
1996-11-14 00:00:00,VTEX,4.25
1996-11-15 00:00:00,VTEX,4.25
1996-11-18 00:00:00,VTEX,4.25
1996-11-19 00:00:00,VTEX,4
1996-11-20 00:00:00,VTEX,4
1996-11-21 00:00:00,VTEX,3.75
1996-11-22 00:00:00,VTEX,3.75
SECURITY_DA,COMP,CLOSE_PRICE
-----------,----,-----------
1996-11-25 00:00:00,VTEX,3.75
1996-11-26 00:00:00,VTEX,3.5
1996-11-27 00:00:00,VTEX,3.75
1996-11-28 00:00:00,VTEX,3.75
1996-11-29 00:00:00,VTEX,3.5
1996-12-02 00:00:00,VTEX,3.5
1996-12-03 00:00:00,VTEX,4
1996-12-04 00:00:00,VTEX,4
1996-12-05 00:00:00,VTEX,4
1996-12-06 00:00:00,VTEX,4
1996-12-09 00:00:00,VTEX,4
1996-12-10 00:00:00,VTEX,3.75
1996-12-11 00:00:00,VTEX,3.75
1996-12-13 00:00:00,VTEX,3.75
1996-12-19 00:00:00,VTEX,3.75
1996-12-30 00:00:00,VTEX,3.75
1996-12-31 00:00:00,VTEX,4
1996-01-10 00:00:00,WALK,39
1996-04-04 00:00:00,WALK,35.5
1996-05-07 00:00:00,WALK,25
1996-05-16 00:00:00,WALK,25
SECURITY_DA,COMP,CLOSE_PRICE
-----------,----,-----------
1996-06-28 00:00:00,WALK,22.5
1996-07-11 00:00:00,WALK,21.25
1996-08-05 00:00:00,WALK,20
1996-08-09 00:00:00,WALK,20
1996-09-11 00:00:00,WALK,20
1996-09-12 00:00:00,WALK,20
1996-09-13 00:00:00,WALK,19.25
1996-09-25 00:00:00,WALK,19
1996-10-02 00:00:00,WALK,19
1996-10-07 00:00:00,WALK,0
1996-11-01 00:00:00,WALK,20
1996-11-05 00:00:00,WALK,19.25
1996-11-06 00:00:00,WALK,19.25
1996-11-07 00:00:00,WALK,19
1996-11-12 00:00:00,WALK,19
1996-11-22 00:00:00,WALK,19
1996-11-27 00:00:00,WALK,18.5
1996-12-13 00:00:00,WALK,13.25
1996-12-16 00:00:00,WALK,12.75
1996-12-17 00:00:00,WALK,12
1996-12-18 00:00:00,WALK,11
SECURITY_DA,COMP,CLOSE_PRICE
-----------,----,-----------
1996-12-19 00:00:00,WALK,10.75
1996-12-20 00:00:00,WALK,11.75
1996-12-23 00:00:00,WALK,11.75
1996-12-27 00:00:00,WALK,11.75
1996-12-30 00:00:00,WALK,12
1996-12-31 00:00:00,WALK,12.25
1996-01-02 00:00:00,WMM,19
1996-01-03 00:00:00,WMM,19.25
1996-01-08 00:00:00,WMM,19
1996-01-17 00:00:00,WMM,19
1996-01-18 00:00:00,WMM,19
1996-01-25 00:00:00,WMM,19
1996-01-30 00:00:00,WMM,18.5
1996-01-31 00:00:00,WMM,18
1996-02-06 00:00:00,WMM,19
1996-02-07 00:00:00,WMM,19
1996-02-08 00:00:00,WMM,19
1996-02-19 00:00:00,WMM,19
1996-02-22 00:00:00,WMM,19
1996-02-23 00:00:00,WMM,19
1996-02-27 00:00:00,WMM,19
SECURITY_DA,COMP,CLOSE_PRICE
-----------,----,-----------
1996-02-28 00:00:00,WMM,19
1996-03-01 00:00:00,WMM,19
1996-03-06 00:00:00,WMM,0
1996-03-07 00:00:00,WMM,0
1996-03-12 00:00:00,WMM,18.75
1996-03-14 00:00:00,WMM,18
1996-03-19 00:00:00,WMM,19
1996-03-21 00:00:00,WMM,18.5
1996-03-26 00:00:00,WMM,18.5
1996-03-27 00:00:00,WMM,18.5
1996-03-29 00:00:00,WMM,18.5
1996-04-04 00:00:00,WMM,18
1996-04-08 00:00:00,WMM,18
1996-04-09 00:00:00,WMM,17
1996-04-10 00:00:00,WMM,18
1996-04-17 00:00:00,WMM,18
1996-04-19 00:00:00,WMM,18
1996-04-22 00:00:00,WMM,18
1996-04-29 00:00:00,WMM,17.5
1996-05-13 00:00:00,WMM,16
1996-05-14 00:00:00,WMM,15
SECURITY_DA,COMP,CLOSE_PRICE
-----------,----,-----------
1996-05-15 00:00:00,WMM,15
1996-05-17 00:00:00,WMM,15
1996-05-21 00:00:00,WMM,15
1996-05-22 00:00:00,WMM,15
1996-05-27 00:00:00,WMM,15
1996-05-28 00:00:00,WMM,15
1996-05-29 00:00:00,WMM,15
1996-06-06 00:00:00,WMM,14.5
1996-06-10 00:00:00,WMM,15
1996-06-11 00:00:00,WMM,15
1996-06-12 00:00:00,WMM,15
1996-06-18 00:00:00,WMM,15
1996-06-19 00:00:00,WMM,15
1996-06-21 00:00:00,WMM,15
1996-06-24 00:00:00,WMM,15
1996-06-25 00:00:00,WMM,15
1996-06-26 00:00:00,WMM,15
1996-06-28 00:00:00,WMM,15
1996-07-02 00:00:00,WMM,14.25
1996-07-03 00:00:00,WMM,14.25
1996-07-04 00:00:00,WMM,14.25
SECURITY_DA,COMP,CLOSE_PRICE
-----------,----,-----------
1996-07-12 00:00:00,WMM,14
1996-07-15 00:00:00,WMM,14
1996-07-17 00:00:00,WMM,14
1996-07-22 00:00:00,WMM,13.75
1996-07-24 00:00:00,WMM,13.75
1996-07-31 00:00:00,WMM,13.75
1996-08-01 00:00:00,WMM,13.25
1996-08-02 00:00:00,WMM,13.75
1996-08-05 00:00:00,WMM,13.75
1996-08-06 00:00:00,WMM,13.75
1996-08-07 00:00:00,WMM,13
1996-08-09 00:00:00,WMM,13
1996-08-14 00:00:00,WMM,13
1996-08-15 00:00:00,WMM,13
1996-08-16 00:00:00,WMM,12
1996-08-20 00:00:00,WMM,12.5
1996-08-21 00:00:00,WMM,12.5
1996-08-22 00:00:00,WMM,12.5
1996-08-26 00:00:00,WMM,12.5
1996-08-27 00:00:00,WMM,12.5
1996-09-13 00:00:00,WMM,12
SECURITY_DA,COMP,CLOSE_PRICE
-----------,----,-----------
1996-09-18 00:00:00,WMM,12
1996-09-27 00:00:00,WMM,12
1996-09-30 00:00:00,WMM,11
1996-10-09 00:00:00,WMM,10.5
1996-10-15 00:00:00,WMM,10.5
1996-10-17 00:00:00,WMM,10.5
1996-10-18 00:00:00,WMM,10.5
1996-10-22 00:00:00,WMM,10.75
1996-10-28 00:00:00,WMM,10.25
1996-10-30 00:00:00,WMM,10.25
1996-11-05 00:00:00,WMM,10.75
1996-11-06 00:00:00,WMM,10.75
1996-11-07 00:00:00,WMM,10.75
1996-11-08 00:00:00,WMM,11
1996-11-13 00:00:00,WMM,11
1996-11-14 00:00:00,WMM,11.25
1996-11-21 00:00:00,WMM,10.25
1996-11-22 00:00:00,WMM,11
1996-11-26 00:00:00,WMM,10
1996-11-27 00:00:00,WMM,10
1996-12-04 00:00:00,WMM,10
SECURITY_DA,COMP,CLOSE_PRICE
-----------,----,-----------
1996-12-09 00:00:00,WMM,10
1996-12-10 00:00:00,WMM,10
1996-12-12 00:00:00,WMM,10
1996-12-17 00:00:00,WMM,10.25
1996-12-18 00:00:00,WMM,10.5
1996-12-30 00:00:00,WMM,10.5
1996-12-31 00:00:00,WMM,10.25
1996-01-08 00:00:00,YORK,6.5
1996-01-10 00:00:00,YORK,6.25
1996-01-17 00:00:00,YORK,6.25
1996-01-18 00:00:00,YORK,6.25
1996-01-19 00:00:00,YORK,6
1996-01-22 00:00:00,YORK,6
1996-01-23 00:00:00,YORK,6
1996-01-26 00:00:00,YORK,6.5
1996-02-09 00:00:00,YORK,6.25
1996-02-16 00:00:00,YORK,6.25
1996-02-23 00:00:00,YORK,6
1996-02-28 00:00:00,YORK,6
1996-02-29 00:00:00,YORK,6
1996-03-01 00:00:00,YORK,6.25
SECURITY_DA,COMP,CLOSE_PRICE
-----------,----,-----------
1996-03-07 00:00:00,YORK,6.25
1996-03-08 00:00:00,YORK,6.5
1996-03-11 00:00:00,YORK,6.25
1996-03-15 00:00:00,YORK,6.25
1996-03-19 00:00:00,YORK,6.25
1996-03-20 00:00:00,YORK,6.25
1996-03-21 00:00:00,YORK,6.25
1996-03-25 00:00:00,YORK,6.25
1996-04-04 00:00:00,YORK,6.25
1996-04-08 00:00:00,YORK,6
1996-04-09 00:00:00,YORK,0
1996-04-15 00:00:00,YORK,6
1996-04-19 00:00:00,YORK,6
1996-04-22 00:00:00,YORK,6
1996-04-24 00:00:00,YORK,6.25
1996-04-26 00:00:00,YORK,6.25
1996-05-09 00:00:00,YORK,6.5
1996-05-10 00:00:00,YORK,6
1996-05-15 00:00:00,YORK,6.25
1996-05-17 00:00:00,YORK,6.75
1996-06-06 00:00:00,YORK,0
SECURITY_DA,COMP,CLOSE_PRICE
-----------,----,-----------
1996-06-10 00:00:00,YORK,6.75
1996-06-14 00:00:00,YORK,7
1996-06-20 00:00:00,YORK,7
1996-06-21 00:00:00,YORK,7.25
1996-06-25 00:00:00,YORK,7
1996-06-27 00:00:00,YORK,7
1996-07-01 00:00:00,YORK,7
1996-07-02 00:00:00,YORK,7
1996-07-03 00:00:00,YORK,7
1996-07-12 00:00:00,YORK,6.75
1996-07-17 00:00:00,YORK,6.75
1996-07-18 00:00:00,YORK,6.5
1996-07-22 00:00:00,YORK,6.25
1996-07-24 00:00:00,YORK,7
1996-07-26 00:00:00,YORK,6.75
1996-07-31 00:00:00,YORK,7
1996-08-01 00:00:00,YORK,6.75
1996-08-02 00:00:00,YORK,7
1996-08-06 00:00:00,YORK,7
1996-08-07 00:00:00,YORK,7.25
1996-08-08 00:00:00,YORK,7.25
SECURITY_DA,COMP,CLOSE_PRICE
-----------,----,-----------
1996-08-09 00:00:00,YORK,7.25
1996-08-14 00:00:00,YORK,7.25
1996-08-15 00:00:00,YORK,7.25
1996-08-16 00:00:00,YORK,7.5
1996-08-19 00:00:00,YORK,7.75
1996-08-21 00:00:00,YORK,6.75
1996-08-27 00:00:00,YORK,6.5
1996-09-09 00:00:00,YORK,6.5
1996-09-10 00:00:00,YORK,6.5
1996-09-11 00:00:00,YORK,6.5
1996-09-16 00:00:00,YORK,6.25
1996-09-17 00:00:00,YORK,6.5
1996-09-27 00:00:00,YORK,6.5
1996-09-30 00:00:00,YORK,6.5
1996-10-14 00:00:00,YORK,6.5
1996-10-17 00:00:00,YORK,6.5
1996-10-31 00:00:00,YORK,6.75
1996-11-08 00:00:00,YORK,6.75
1996-11-12 00:00:00,YORK,6.75
1996-11-20 00:00:00,YORK,6.75
1996-11-21 00:00:00,YORK,6.75
SECURITY_DA,COMP,CLOSE_PRICE
-----------,----,-----------
1996-11-22 00:00:00,YORK,6.75
1996-11-25 00:00:00,YORK,6.75
1996-12-04 00:00:00,YORK,6.75
1996-12-11 00:00:00,YORK,6.75
1996-12-31 00:00:00,YORK,6.75
16553,rows,selected.
SQL>,SPOOL,OFF
