,SECURITY_DA,PRICE
1998-01-30 00:00:00,ABAN,28
1998-02-12 00:00:00,ABAN,30
1998-03-16 00:00:00,ABAN,30
1998-03-20 00:00:00,ABAN,30
1998-03-27 00:00:00,ABAN,30
1998-03-30 00:00:00,ABAN,30
1998-04-02 00:00:00,ABAN,30
1998-04-03 00:00:00,ABAN,30
1998-05-08 00:00:00,ABAN,30
1998-06-25 00:00:00,ABAN,30
1998-07-01 00:00:00,ABAN,30
1998-08-12 00:00:00,ABAN,30
1998-08-14 00:00:00,ABAN,30.5
1998-08-18 00:00:00,ABAN,30
1998-08-19 00:00:00,ABAN,30
1998-08-20 00:00:00,ABAN,25
1998-09-02 00:00:00,ABAN,25
1998-09-11 00:00:00,ABAN,25
1998-09-14 00:00:00,ABAN,25
1998-09-18 00:00:00,ABAN,25.25
1998-10-23 00:00:00,ABAN,25
1998-10-28 00:00:00,ABAN,25
1998-12-17 00:00:00,ABAN,27
1998-12-18 00:00:00,ABAN,25
1998-12-22 00:00:00,ABAN,26
1998-12-23 00:00:00,ABAN,25.5
1998-12-28 00:00:00,ABAN,26
1998-12-30 00:00:00,ABAN,20
1998-01-02 00:00:00,ACAP,8.75
1998-01-05 00:00:00,ACAP,8.75
1998-01-06 00:00:00,ACAP,8.75
1998-01-07 00:00:00,ACAP,8.5
1998-01-08 00:00:00,ACAP,8.5
1998-01-09 00:00:00,ACAP,8.75
1998-01-13 00:00:00,ACAP,9
1998-01-15 00:00:00,ACAP,9
1998-01-16 00:00:00,ACAP,8.75
1998-01-19 00:00:00,ACAP,8.75
1998-01-20 00:00:00,ACAP,8.75
1998-01-21 00:00:00,ACAP,8.75
1998-01-22 00:00:00,ACAP,8.75
1998-01-23 00:00:00,ACAP,9
1998-01-26 00:00:00,ACAP,8.5
1998-01-27 00:00:00,ACAP,8.25
1998-01-28 00:00:00,ACAP,8.5
1998-01-29 00:00:00,ACAP,9
1998-01-30 00:00:00,ACAP,9
1998-02-02 00:00:00,ACAP,9.25
1998-02-03 00:00:00,ACAP,9.25
1998-02-06 00:00:00,ACAP,8.75
1998-02-09 00:00:00,ACAP,8.75
1998-02-11 00:00:00,ACAP,9
1998-02-12 00:00:00,ACAP,9.25
1998-02-13 00:00:00,ACAP,10
1998-02-16 00:00:00,ACAP,9.75
1998-02-17 00:00:00,ACAP,10
1998-02-18 00:00:00,ACAP,10.5
1998-02-19 00:00:00,ACAP,10.5
1998-02-20 00:00:00,ACAP,10.5
1998-02-23 00:00:00,ACAP,10.25
1998-02-24 00:00:00,ACAP,10.25
1998-02-25 00:00:00,ACAP,10.25
1998-02-26 00:00:00,ACAP,10.25
1998-02-27 00:00:00,ACAP,10.75
1998-03-02 00:00:00,ACAP,10.5
1998-03-03 00:00:00,ACAP,10.25
1998-03-04 00:00:00,ACAP,10.5
1998-03-05 00:00:00,ACAP,10.25
1998-03-06 00:00:00,ACAP,10.25
1998-03-09 00:00:00,ACAP,10.25
1998-03-10 00:00:00,ACAP,10.25
1998-03-11 00:00:00,ACAP,10.25
1998-03-13 00:00:00,ACAP,10.25
1998-03-16 00:00:00,ACAP,10.25
1998-03-17 00:00:00,ACAP,10
1998-03-18 00:00:00,ACAP,9.75
1998-03-19 00:00:00,ACAP,10
1998-03-20 00:00:00,ACAP,10.25
1998-03-23 00:00:00,ACAP,10
1998-03-24 00:00:00,ACAP,10
1998-03-25 00:00:00,ACAP,10
1998-03-26 00:00:00,ACAP,10
1998-03-27 00:00:00,ACAP,10
1998-03-30 00:00:00,ACAP,10
1998-03-31 00:00:00,ACAP,10
1998-04-01 00:00:00,ACAP,10
1998-04-02 00:00:00,ACAP,9.75
1998-04-03 00:00:00,ACAP,9.75
1998-04-06 00:00:00,ACAP,10
1998-04-07 00:00:00,ACAP,10
1998-04-08 00:00:00,ACAP,9.75
1998-04-09 00:00:00,ACAP,10.25
1998-04-15 00:00:00,ACAP,10
1998-04-16 00:00:00,ACAP,10
1998-04-17 00:00:00,ACAP,9.75
1998-04-20 00:00:00,ACAP,9.75
1998-04-21 00:00:00,ACAP,9.75
1998-04-22 00:00:00,ACAP,10.5
1998-04-23 00:00:00,ACAP,9.75
1998-04-24 00:00:00,ACAP,10
1998-04-27 00:00:00,ACAP,9.75
1998-04-28 00:00:00,ACAP,10
1998-04-29 00:00:00,ACAP,9.75
1998-04-30 00:00:00,ACAP,10
1998-05-04 00:00:00,ACAP,10
1998-05-05 00:00:00,ACAP,10
1998-05-06 00:00:00,ACAP,9.75
1998-05-07 00:00:00,ACAP,9.75
1998-05-08 00:00:00,ACAP,9.75
1998-05-13 00:00:00,ACAP,9.75
1998-05-14 00:00:00,ACAP,9.75
1998-05-15 00:00:00,ACAP,9.5
1998-05-18 00:00:00,ACAP,9.75
1998-05-19 00:00:00,ACAP,9.5
1998-05-20 00:00:00,ACAP,9.5
1998-05-21 00:00:00,ACAP,9
1998-05-22 00:00:00,ACAP,9
1998-05-25 00:00:00,ACAP,9
1998-05-26 00:00:00,ACAP,9
1998-05-27 00:00:00,ACAP,9
1998-05-28 00:00:00,ACAP,9
1998-05-29 00:00:00,ACAP,8.75
1998-06-01 00:00:00,ACAP,8.5
1998-06-02 00:00:00,ACAP,8.5
1998-06-03 00:00:00,ACAP,9
1998-06-04 00:00:00,ACAP,9
1998-06-05 00:00:00,ACAP,8.75
1998-06-08 00:00:00,ACAP,8.25
1998-06-10 00:00:00,ACAP,8.5
1998-06-11 00:00:00,ACAP,8
1998-06-12 00:00:00,ACAP,8
1998-06-15 00:00:00,ACAP,7.25
1998-06-16 00:00:00,ACAP,7.75
1998-06-17 00:00:00,ACAP,8
1998-06-18 00:00:00,ACAP,8
1998-06-19 00:00:00,ACAP,8
1998-06-22 00:00:00,ACAP,8
1998-06-23 00:00:00,ACAP,8
1998-06-24 00:00:00,ACAP,7.5
1998-06-25 00:00:00,ACAP,7.5
1998-06-26 00:00:00,ACAP,8
1998-06-29 00:00:00,ACAP,8
1998-06-30 00:00:00,ACAP,7.75
1998-07-01 00:00:00,ACAP,7.75
1998-07-02 00:00:00,ACAP,8
1998-07-03 00:00:00,ACAP,8
1998-07-06 00:00:00,ACAP,8
1998-07-08 00:00:00,ACAP,8.5
1998-07-10 00:00:00,ACAP,8.25
1998-07-13 00:00:00,ACAP,8.25
1998-07-14 00:00:00,ACAP,8.5
1998-07-15 00:00:00,ACAP,8.5
1998-07-16 00:00:00,ACAP,8.25
1998-07-17 00:00:00,ACAP,8.5
1998-07-20 00:00:00,ACAP,8.5
1998-07-21 00:00:00,ACAP,8.25
1998-07-22 00:00:00,ACAP,8.25
1998-07-23 00:00:00,ACAP,8.5
1998-07-24 00:00:00,ACAP,8.25
1998-07-27 00:00:00,ACAP,8.5
1998-07-28 00:00:00,ACAP,8.5
1998-07-29 00:00:00,ACAP,8.75
1998-07-30 00:00:00,ACAP,9
1998-07-31 00:00:00,ACAP,9
1998-08-03 00:00:00,ACAP,9
1998-08-04 00:00:00,ACAP,8.75
1998-08-05 00:00:00,ACAP,8.5
1998-08-06 00:00:00,ACAP,8.75
1998-08-10 00:00:00,ACAP,8.5
1998-08-11 00:00:00,ACAP,8.5
1998-08-12 00:00:00,ACAP,8.5
1998-08-13 00:00:00,ACAP,8.25
1998-08-14 00:00:00,ACAP,8.25
1998-08-17 00:00:00,ACAP,8.25
1998-08-18 00:00:00,ACAP,8.25
1998-08-19 00:00:00,ACAP,8.25
1998-08-20 00:00:00,ACAP,8.25
1998-08-21 00:00:00,ACAP,8.25
1998-08-24 00:00:00,ACAP,7
1998-08-25 00:00:00,ACAP,7
1998-08-26 00:00:00,ACAP,7
1998-08-27 00:00:00,ACAP,7
1998-08-28 00:00:00,ACAP,6.75
1998-08-31 00:00:00,ACAP,6.5
1998-09-01 00:00:00,ACAP,6.5
1998-09-02 00:00:00,ACAP,6.25
1998-09-03 00:00:00,ACAP,5.75
1998-09-04 00:00:00,ACAP,6.25
1998-09-07 00:00:00,ACAP,6.75
SECURITY_DA,COMP,CLOSE_PRICE
-----------,----,-----------
1998-09-08 00:00:00,ACAP,6
1998-09-09 00:00:00,ACAP,6
1998-09-11 00:00:00,ACAP,6.25
1998-09-14 00:00:00,ACAP,6.25
1998-09-15 00:00:00,ACAP,6.25
1998-09-16 00:00:00,ACAP,6.75
1998-09-17 00:00:00,ACAP,6.75
1998-09-18 00:00:00,ACAP,6.5
1998-09-21 00:00:00,ACAP,6.5
1998-09-24 00:00:00,ACAP,6.75
1998-09-25 00:00:00,ACAP,7
1998-09-28 00:00:00,ACAP,7
1998-09-29 00:00:00,ACAP,7
1998-09-30 00:00:00,ACAP,6.75
1998-10-01 00:00:00,ACAP,6.75
1998-10-02 00:00:00,ACAP,6.75
1998-10-06 00:00:00,ACAP,6.75
1998-10-07 00:00:00,ACAP,6.5
1998-10-08 00:00:00,ACAP,6.25
1998-10-09 00:00:00,ACAP,6.25
1998-10-12 00:00:00,ACAP,6
1998-10-13 00:00:00,ACAP,6
1998-10-14 00:00:00,ACAP,6
1998-10-15 00:00:00,ACAP,6.25
1998-10-16 00:00:00,ACAP,6.5
1998-10-20 00:00:00,ACAP,6
1998-10-21 00:00:00,ACAP,6
1998-10-22 00:00:00,ACAP,6
1998-10-23 00:00:00,ACAP,4
1998-10-26 00:00:00,ACAP,5.5
1998-10-27 00:00:00,ACAP,5.5
1998-10-28 00:00:00,ACAP,5.25
1998-10-29 00:00:00,ACAP,5.75
1998-10-30 00:00:00,ACAP,5.5
1998-11-02 00:00:00,ACAP,5.5
1998-11-04 00:00:00,ACAP,5.5
1998-11-05 00:00:00,ACAP,6
1998-11-06 00:00:00,ACAP,5.75
1998-11-09 00:00:00,ACAP,5.5
1998-11-10 00:00:00,ACAP,5.5
1998-11-11 00:00:00,ACAP,5.75
1998-11-12 00:00:00,ACAP,5.75
1998-11-13 00:00:00,ACAP,5.75
1998-11-16 00:00:00,ACAP,5.75
1998-11-17 00:00:00,ACAP,6
1998-11-18 00:00:00,ACAP,5.75
1998-11-19 00:00:00,ACAP,5.5
1998-11-20 00:00:00,ACAP,6
1998-11-23 00:00:00,ACAP,6.25
1998-11-24 00:00:00,ACAP,6.5
1998-11-25 00:00:00,ACAP,6.5
1998-11-26 00:00:00,ACAP,6.5
1998-11-27 00:00:00,ACAP,6.5
1998-11-30 00:00:00,ACAP,6
1998-12-01 00:00:00,ACAP,6.25
1998-12-02 00:00:00,ACAP,6
1998-12-04 00:00:00,ACAP,6.25
1998-12-07 00:00:00,ACAP,6
1998-12-08 00:00:00,ACAP,6.25
1998-12-09 00:00:00,ACAP,6
1998-12-10 00:00:00,ACAP,6
1998-12-11 00:00:00,ACAP,6
1998-12-14 00:00:00,ACAP,5.75
1998-12-15 00:00:00,ACAP,5.75
1998-12-16 00:00:00,ACAP,5.75
1998-12-18 00:00:00,ACAP,5.75
1998-12-21 00:00:00,ACAP,6
1998-12-22 00:00:00,ACAP,6
1998-12-23 00:00:00,ACAP,6
1998-12-24 00:00:00,ACAP,6
1998-12-28 00:00:00,ACAP,5.75
1998-12-29 00:00:00,ACAP,5.75
1998-12-30 00:00:00,ACAP,6
1998-12-31 00:00:00,ACAP,6.25
1998-01-05 00:00:00,ACL,68.5
1998-01-07 00:00:00,ACL,69
1998-01-08 00:00:00,ACL,69
1998-01-09 00:00:00,ACL,74.5
1998-02-09 00:00:00,ACL,50
1998-02-11 00:00:00,ACL,50
1998-02-16 00:00:00,ACL,48.75
1998-02-18 00:00:00,ACL,48
1998-02-20 00:00:00,ACL,48
1998-03-09 00:00:00,ACL,50
1998-03-11 00:00:00,ACL,53
1998-03-13 00:00:00,ACL,55
1998-03-16 00:00:00,ACL,53
1998-03-17 00:00:00,ACL,53
1998-03-19 00:00:00,ACL,51
1998-03-27 00:00:00,ACL,48
1998-03-30 00:00:00,ACL,48
1998-03-31 00:00:00,ACL,48
1998-04-01 00:00:00,ACL,47
1998-04-07 00:00:00,ACL,48
1998-04-16 00:00:00,ACL,48
1998-04-22 00:00:00,ACL,52
1998-04-23 00:00:00,ACL,55
1998-04-24 00:00:00,ACL,55
1998-04-27 00:00:00,ACL,59.75
1998-04-28 00:00:00,ACL,55
1998-04-29 00:00:00,ACL,58
1998-05-04 00:00:00,ACL,58
1998-05-05 00:00:00,ACL,56
1998-05-06 00:00:00,ACL,56
1998-05-07 00:00:00,ACL,55.25
1998-05-08 00:00:00,ACL,55
1998-05-13 00:00:00,ACL,55
1998-05-14 00:00:00,ACL,55
1998-05-18 00:00:00,ACL,52
1998-05-20 00:00:00,ACL,55
1998-05-22 00:00:00,ACL,54
1998-05-26 00:00:00,ACL,50
1998-05-27 00:00:00,ACL,50
1998-05-28 00:00:00,ACL,48
1998-06-02 00:00:00,ACL,48
1998-06-03 00:00:00,ACL,45
1998-06-05 00:00:00,ACL,45
1998-06-08 00:00:00,ACL,45
1998-06-11 00:00:00,ACL,46
1998-06-15 00:00:00,ACL,46
1998-06-16 00:00:00,ACL,47
1998-06-17 00:00:00,ACL,45
1998-06-19 00:00:00,ACL,47
1998-06-22 00:00:00,ACL,50
1998-06-24 00:00:00,ACL,50.25
1998-06-25 00:00:00,ACL,48
1998-06-30 00:00:00,ACL,47
1998-07-10 00:00:00,ACL,50
1998-07-13 00:00:00,ACL,50
1998-07-15 00:00:00,ACL,49.75
1998-07-20 00:00:00,ACL,47
1998-07-21 00:00:00,ACL,49
1998-07-22 00:00:00,ACL,47.25
1998-07-23 00:00:00,ACL,48.25
1998-07-27 00:00:00,ACL,48.25
1998-07-28 00:00:00,ACL,48
1998-07-29 00:00:00,ACL,48
1998-07-30 00:00:00,ACL,48
1998-07-31 00:00:00,ACL,48
1998-08-03 00:00:00,ACL,53
1998-08-04 00:00:00,ACL,51
1998-08-05 00:00:00,ACL,48.5
1998-08-31 00:00:00,ACL,45
1998-09-04 00:00:00,ACL,43
1998-09-14 00:00:00,ACL,43.25
1998-09-15 00:00:00,ACL,47
1998-09-17 00:00:00,ACL,43
1998-09-18 00:00:00,ACL,44
1998-09-22 00:00:00,ACL,44.25
1998-10-08 00:00:00,ACL,40
1998-10-09 00:00:00,ACL,41
1998-10-12 00:00:00,ACL,41
1998-10-13 00:00:00,ACL,41
1998-10-27 00:00:00,ACL,40.25
1998-11-11 00:00:00,ACL,44
1998-11-12 00:00:00,ACL,44.25
1998-11-13 00:00:00,ACL,46
1998-11-18 00:00:00,ACL,46
1998-11-24 00:00:00,ACL,55
1998-11-25 00:00:00,ACL,65
1998-11-26 00:00:00,ACL,61.5
1998-11-27 00:00:00,ACL,66
1998-11-30 00:00:00,ACL,70
1998-12-01 00:00:00,ACL,69.5
1998-12-02 00:00:00,ACL,68
1998-12-04 00:00:00,ACL,65
1998-12-07 00:00:00,ACL,66
1998-12-08 00:00:00,ACL,64
1998-12-11 00:00:00,ACL,63
1998-12-15 00:00:00,ACL,65
1998-12-17 00:00:00,ACL,66
1998-12-21 00:00:00,ACL,70
1998-12-22 00:00:00,ACL,72
1998-12-23 00:00:00,ACL,72
1998-12-28 00:00:00,ACL,75.75
1998-12-29 00:00:00,ACL,76
1998-01-02 00:00:00,ACME,10.25
1998-01-05 00:00:00,ACME,10.25
1998-01-06 00:00:00,ACME,10.25
1998-01-07 00:00:00,ACME,10
1998-01-08 00:00:00,ACME,10
1998-01-13 00:00:00,ACME,10
1998-01-15 00:00:00,ACME,9.75
1998-01-16 00:00:00,ACME,9.75
1998-01-19 00:00:00,ACME,9.75
1998-01-21 00:00:00,ACME,9.25
1998-01-22 00:00:00,ACME,9.25
1998-01-23 00:00:00,ACME,9.25
1998-01-26 00:00:00,ACME,9.5
1998-01-27 00:00:00,ACME,9.5
1998-01-28 00:00:00,ACME,9.75
1998-01-30 00:00:00,ACME,9.75
1998-02-03 00:00:00,ACME,9.75
1998-02-09 00:00:00,ACME,10
1998-02-13 00:00:00,ACME,10.25
1998-02-16 00:00:00,ACME,12
1998-02-17 00:00:00,ACME,10.5
1998-02-20 00:00:00,ACME,10.5
1998-02-23 00:00:00,ACME,10.5
1998-02-24 00:00:00,ACME,10.5
1998-02-26 00:00:00,ACME,10.25
1998-03-03 00:00:00,ACME,11
1998-03-05 00:00:00,ACME,9.25
1998-03-06 00:00:00,ACME,9.25
1998-03-10 00:00:00,ACME,9.75
1998-03-11 00:00:00,ACME,9.75
1998-03-13 00:00:00,ACME,9.75
1998-03-16 00:00:00,ACME,10
1998-03-17 00:00:00,ACME,9.75
1998-03-24 00:00:00,ACME,9.75
1998-03-30 00:00:00,ACME,10
1998-04-02 00:00:00,ACME,10
1998-04-03 00:00:00,ACME,10
1998-04-06 00:00:00,ACME,10
1998-04-07 00:00:00,ACME,10
1998-04-09 00:00:00,ACME,10
1998-04-17 00:00:00,ACME,10
1998-04-20 00:00:00,ACME,10.5
1998-04-21 00:00:00,ACME,10.5
1998-04-23 00:00:00,ACME,11
1998-04-24 00:00:00,ACME,11.5
1998-04-27 00:00:00,ACME,11.5
1998-04-28 00:00:00,ACME,11.5
1998-04-30 00:00:00,ACME,10
1998-05-04 00:00:00,ACME,10
1998-05-05 00:00:00,ACME,11
1998-05-06 00:00:00,ACME,10.5
1998-05-07 00:00:00,ACME,10.25
1998-05-08 00:00:00,ACME,10.25
1998-05-13 00:00:00,ACME,10.25
1998-05-14 00:00:00,ACME,10
1998-05-15 00:00:00,ACME,10.25
1998-05-19 00:00:00,ACME,10
1998-05-20 00:00:00,ACME,9.5
1998-05-21 00:00:00,ACME,9
1998-05-22 00:00:00,ACME,9
1998-05-25 00:00:00,ACME,9
1998-05-26 00:00:00,ACME,9
1998-05-27 00:00:00,ACME,9
1998-05-28 00:00:00,ACME,9
1998-05-29 00:00:00,ACME,9
1998-06-04 00:00:00,ACME,9
1998-06-05 00:00:00,ACME,8
1998-06-10 00:00:00,ACME,8
1998-06-11 00:00:00,ACME,7.25
1998-06-12 00:00:00,ACME,7.5
1998-06-15 00:00:00,ACME,7.25
1998-06-16 00:00:00,ACME,7.5
1998-06-22 00:00:00,ACME,8
1998-06-24 00:00:00,ACME,7.75
1998-06-25 00:00:00,ACME,7.5
1998-07-03 00:00:00,ACME,7
1998-07-06 00:00:00,ACME,7
1998-07-10 00:00:00,ACME,7
1998-07-16 00:00:00,ACME,7.25
1998-08-03 00:00:00,ACME,8.25
1998-08-05 00:00:00,ACME,8
1998-08-06 00:00:00,ACME,8
1998-08-10 00:00:00,ACME,8.25
1998-08-11 00:00:00,ACME,8.25
1998-08-12 00:00:00,ACME,8
1998-08-19 00:00:00,ACME,8
1998-08-24 00:00:00,ACME,7.75
1998-08-25 00:00:00,ACME,7
1998-08-26 00:00:00,ACME,7
1998-08-28 00:00:00,ACME,7
1998-09-14 00:00:00,ACME,7
1998-09-15 00:00:00,ACME,7.5
1998-09-25 00:00:00,ACME,7
1998-10-20 00:00:00,ACME,6.5
1998-10-21 00:00:00,ACME,6.25
1998-10-22 00:00:00,ACME,6.25
1998-10-23 00:00:00,ACME,6
1998-10-28 00:00:00,ACME,7
1998-11-02 00:00:00,ACME,6.75
1998-11-09 00:00:00,ACME,6
1998-11-12 00:00:00,ACME,6.25
1998-11-13 00:00:00,ACME,6.25
1998-11-19 00:00:00,ACME,6.5
1998-11-20 00:00:00,ACME,8
1998-11-23 00:00:00,ACME,7
1998-11-24 00:00:00,ACME,7
1998-11-30 00:00:00,ACME,7.25
1998-12-01 00:00:00,ACME,7.75
1998-12-02 00:00:00,ACME,8
1998-12-07 00:00:00,ACME,8.25
1998-12-08 00:00:00,ACME,8.25
1998-12-09 00:00:00,ACME,7.25
1998-12-10 00:00:00,ACME,8
1998-12-14 00:00:00,ACME,8
1998-12-15 00:00:00,ACME,7.75
1998-12-16 00:00:00,ACME,7
1998-12-23 00:00:00,ACME,7.25
1998-12-24 00:00:00,ACME,7.75
1998-12-29 00:00:00,ACME,8
1998-12-30 00:00:00,ACME,8
1998-06-12 00:00:00,AEC,40
1998-06-23 00:00:00,AEC,38
1998-06-24 00:00:00,AEC,38
1998-07-03 00:00:00,AEC,32
1998-08-24 00:00:00,AEC,30
1998-08-25 00:00:00,AEC,30
1998-08-28 00:00:00,AEC,25
1998-09-02 00:00:00,AEC,25
1998-09-07 00:00:00,AEC,25
1998-09-15 00:00:00,AEC,25
1998-09-23 00:00:00,AEC,30
1998-09-24 00:00:00,AEC,30
1998-09-25 00:00:00,AEC,30
1998-10-02 00:00:00,AEC,30
1998-10-08 00:00:00,AEC,30
1998-10-20 00:00:00,AEC,25
1998-10-27 00:00:00,AEC,25.25
1998-11-18 00:00:00,AEC,30
1998-11-19 00:00:00,AEC,30
1998-11-25 00:00:00,AEC,35
1998-12-09 00:00:00,AEC,35
1998-12-10 00:00:00,AEC,30
1998-12-15 00:00:00,AEC,30
1998-12-16 00:00:00,AEC,36
1998-12-17 00:00:00,AEC,36.5
1998-12-18 00:00:00,AEC,36.75
1998-12-21 00:00:00,AEC,36.75
1998-12-28 00:00:00,AEC,35
1998-12-29 00:00:00,AEC,35
1998-12-31 00:00:00,AEC,39.5
1998-02-23 00:00:00,AGAL,31.5
1998-03-02 00:00:00,AGAL,30
1998-03-05 00:00:00,AGAL,30
1998-03-24 00:00:00,AGAL,29
1998-03-30 00:00:00,AGAL,30
1998-04-20 00:00:00,AGAL,28.75
1998-04-22 00:00:00,AGAL,30
1998-04-23 00:00:00,AGAL,30
1998-04-24 00:00:00,AGAL,29
1998-04-27 00:00:00,AGAL,28.75
1998-04-28 00:00:00,AGAL,28
1998-04-29 00:00:00,AGAL,29.5
1998-04-30 00:00:00,AGAL,29.75
1998-05-04 00:00:00,AGAL,29.5
1998-05-05 00:00:00,AGAL,31
1998-05-06 00:00:00,AGAL,30
1998-05-07 00:00:00,AGAL,30
1998-05-08 00:00:00,AGAL,30
1998-05-13 00:00:00,AGAL,32
1998-05-14 00:00:00,AGAL,30.75
1998-05-15 00:00:00,AGAL,29.5
1998-05-18 00:00:00,AGAL,28.5
1998-05-19 00:00:00,AGAL,28.75
1998-05-20 00:00:00,AGAL,28
1998-05-21 00:00:00,AGAL,28
1998-05-25 00:00:00,AGAL,26
1998-05-26 00:00:00,AGAL,25.75
1998-05-27 00:00:00,AGAL,25
1998-05-28 00:00:00,AGAL,23.75
1998-06-01 00:00:00,AGAL,23.25
1998-06-02 00:00:00,AGAL,23.25
1998-06-03 00:00:00,AGAL,23
1998-06-04 00:00:00,AGAL,22
1998-06-05 00:00:00,AGAL,22
1998-06-08 00:00:00,AGAL,20
1998-06-10 00:00:00,AGAL,20
1998-06-11 00:00:00,AGAL,19
1998-06-12 00:00:00,AGAL,19
1998-06-15 00:00:00,AGAL,16.25
1998-06-16 00:00:00,AGAL,17
1998-06-17 00:00:00,AGAL,17
1998-06-18 00:00:00,AGAL,20
1998-06-19 00:00:00,AGAL,19
1998-06-22 00:00:00,AGAL,18.75
1998-06-23 00:00:00,AGAL,17
1998-06-24 00:00:00,AGAL,15.5
1998-06-25 00:00:00,AGAL,16.25
1998-06-26 00:00:00,AGAL,17.25
1998-06-29 00:00:00,AGAL,17
1998-06-30 00:00:00,AGAL,17
1998-07-01 00:00:00,AGAL,16.5
1998-07-02 00:00:00,AGAL,17.5
1998-07-03 00:00:00,AGAL,18
1998-07-06 00:00:00,AGAL,17
1998-07-10 00:00:00,AGAL,17
1998-07-13 00:00:00,AGAL,18
1998-07-14 00:00:00,AGAL,16.5
1998-07-15 00:00:00,AGAL,16.5
1998-07-16 00:00:00,AGAL,16
1998-07-20 00:00:00,AGAL,16
1998-07-21 00:00:00,AGAL,15.75
1998-07-22 00:00:00,AGAL,16
1998-07-23 00:00:00,AGAL,16
1998-07-24 00:00:00,AGAL,16
1998-07-28 00:00:00,AGAL,16.5
1998-07-29 00:00:00,AGAL,16
1998-07-30 00:00:00,AGAL,16
1998-07-31 00:00:00,AGAL,16.5
1998-08-03 00:00:00,AGAL,16.5
1998-08-06 00:00:00,AGAL,16.25
1998-08-10 00:00:00,AGAL,16
1998-08-11 00:00:00,AGAL,16
1998-08-12 00:00:00,AGAL,15.75
1998-08-13 00:00:00,AGAL,15.5
1998-08-18 00:00:00,AGAL,15
1998-08-19 00:00:00,AGAL,14.5
1998-08-20 00:00:00,AGAL,12
1998-08-21 00:00:00,AGAL,11.5
1998-08-24 00:00:00,AGAL,10.25
1998-08-25 00:00:00,AGAL,10.25
1998-08-27 00:00:00,AGAL,12
1998-08-28 00:00:00,AGAL,11
1998-08-31 00:00:00,AGAL,10.5
1998-09-02 00:00:00,AGAL,10
1998-09-03 00:00:00,AGAL,10.75
1998-09-04 00:00:00,AGAL,10
1998-09-08 00:00:00,AGAL,10.75
1998-09-09 00:00:00,AGAL,10.75
1998-09-10 00:00:00,AGAL,10.75
1998-09-11 00:00:00,AGAL,10.75
1998-09-14 00:00:00,AGAL,10.75
1998-09-15 00:00:00,AGAL,11
1998-09-16 00:00:00,AGAL,12
1998-09-17 00:00:00,AGAL,11.75
1998-09-18 00:00:00,AGAL,11.25
1998-09-24 00:00:00,AGAL,12.5
1998-09-25 00:00:00,AGAL,12.5
1998-09-28 00:00:00,AGAL,12
1998-09-29 00:00:00,AGAL,12
1998-09-30 00:00:00,AGAL,11.5
1998-10-01 00:00:00,AGAL,11.5
1998-10-02 00:00:00,AGAL,12
1998-10-09 00:00:00,AGAL,11.25
1998-10-12 00:00:00,AGAL,11.25
1998-10-13 00:00:00,AGAL,11
1998-10-15 00:00:00,AGAL,10.5
1998-10-16 00:00:00,AGAL,10.5
1998-10-20 00:00:00,AGAL,10.25
1998-10-21 00:00:00,AGAL,10.25
1998-10-26 00:00:00,AGAL,10.25
1998-10-28 00:00:00,AGAL,10
1998-10-29 00:00:00,AGAL,10
1998-11-06 00:00:00,AGAL,10
1998-11-09 00:00:00,AGAL,9.75
1998-11-11 00:00:00,AGAL,9
1998-11-12 00:00:00,AGAL,9
1998-11-16 00:00:00,AGAL,9
1998-11-17 00:00:00,AGAL,9
1998-11-18 00:00:00,AGAL,9
1998-11-19 00:00:00,AGAL,9
1998-11-23 00:00:00,AGAL,9
1998-11-24 00:00:00,AGAL,9
1998-11-25 00:00:00,AGAL,10
1998-12-02 00:00:00,AGAL,9.5
1998-12-04 00:00:00,AGAL,9
1998-12-07 00:00:00,AGAL,9
1998-12-09 00:00:00,AGAL,8.5
1998-12-10 00:00:00,AGAL,8.25
1998-12-15 00:00:00,AGAL,8.25
1998-12-17 00:00:00,AGAL,8.25
1998-01-02 00:00:00,AHCL,15
1998-01-28 00:00:00,AHCL,15
1998-03-09 00:00:00,AHCL,20
1998-03-13 00:00:00,AHCL,25
1998-03-18 00:00:00,AHCL,27
1998-03-25 00:00:00,AHCL,30
1998-01-02 00:00:00,AHOT,7.75
1998-01-05 00:00:00,AHOT,7.75
1998-01-06 00:00:00,AHOT,7.5
1998-01-07 00:00:00,AHOT,8
1998-01-08 00:00:00,AHOT,7.5
1998-01-09 00:00:00,AHOT,7.25
1998-01-13 00:00:00,AHOT,7
1998-01-15 00:00:00,AHOT,6.5
1998-01-16 00:00:00,AHOT,6.5
1998-01-19 00:00:00,AHOT,6.25
1998-01-20 00:00:00,AHOT,6.5
1998-01-21 00:00:00,AHOT,6.25
1998-01-22 00:00:00,AHOT,6
1998-01-23 00:00:00,AHOT,6
1998-01-26 00:00:00,AHOT,5.5
1998-01-27 00:00:00,AHOT,6
1998-01-28 00:00:00,AHOT,6.5
1998-01-29 00:00:00,AHOT,6.25
1998-01-30 00:00:00,AHOT,6.25
1998-02-02 00:00:00,AHOT,6.5
1998-02-03 00:00:00,AHOT,7
1998-02-06 00:00:00,AHOT,7
1998-02-09 00:00:00,AHOT,7
1998-02-11 00:00:00,AHOT,7
1998-02-12 00:00:00,AHOT,7
1998-02-13 00:00:00,AHOT,7.25
1998-02-16 00:00:00,AHOT,7
1998-02-17 00:00:00,AHOT,7.25
1998-02-18 00:00:00,AHOT,6.75
1998-02-19 00:00:00,AHOT,7.25
1998-02-20 00:00:00,AHOT,7
1998-02-23 00:00:00,AHOT,7
1998-02-24 00:00:00,AHOT,7
1998-02-25 00:00:00,AHOT,6.75
1998-02-26 00:00:00,AHOT,7
1998-02-27 00:00:00,AHOT,7
1998-03-02 00:00:00,AHOT,7
1998-03-03 00:00:00,AHOT,7
1998-03-04 00:00:00,AHOT,7
1998-03-05 00:00:00,AHOT,7
1998-03-06 00:00:00,AHOT,6.75
1998-03-09 00:00:00,AHOT,6.75
1998-03-10 00:00:00,AHOT,6.5
1998-03-11 00:00:00,AHOT,6.5
1998-03-13 00:00:00,AHOT,6.5
1998-03-16 00:00:00,AHOT,6.5
1998-03-17 00:00:00,AHOT,6.5
1998-03-18 00:00:00,AHOT,6.5
1998-03-19 00:00:00,AHOT,6.75
1998-03-20 00:00:00,AHOT,7
1998-03-23 00:00:00,AHOT,6.75
1998-03-24 00:00:00,AHOT,6.75
1998-03-25 00:00:00,AHOT,6.75
1998-03-26 00:00:00,AHOT,7
1998-03-27 00:00:00,AHOT,7
1998-03-30 00:00:00,AHOT,7
1998-03-31 00:00:00,AHOT,7
1998-04-01 00:00:00,AHOT,7
1998-04-02 00:00:00,AHOT,7
1998-04-03 00:00:00,AHOT,7.25
1998-04-06 00:00:00,AHOT,7
1998-04-07 00:00:00,AHOT,6.5
1998-04-08 00:00:00,AHOT,7
1998-04-09 00:00:00,AHOT,7
1998-04-15 00:00:00,AHOT,6.75
1998-04-16 00:00:00,AHOT,6.75
1998-04-20 00:00:00,AHOT,7
1998-04-21 00:00:00,AHOT,7
1998-04-22 00:00:00,AHOT,7
1998-04-23 00:00:00,AHOT,7
1998-04-24 00:00:00,AHOT,7
1998-04-27 00:00:00,AHOT,7
1998-04-28 00:00:00,AHOT,7.25
1998-04-29 00:00:00,AHOT,7.25
1998-04-30 00:00:00,AHOT,7
1998-05-04 00:00:00,AHOT,7
1998-05-05 00:00:00,AHOT,6.75
1998-05-06 00:00:00,AHOT,6.75
1998-05-07 00:00:00,AHOT,7
1998-05-08 00:00:00,AHOT,7
1998-05-13 00:00:00,AHOT,6.75
1998-05-14 00:00:00,AHOT,6.75
1998-05-15 00:00:00,AHOT,7
1998-05-18 00:00:00,AHOT,6.5
1998-05-19 00:00:00,AHOT,6.5
1998-05-20 00:00:00,AHOT,6
1998-05-21 00:00:00,AHOT,6
1998-05-22 00:00:00,AHOT,6.5
1998-05-25 00:00:00,AHOT,6.5
1998-05-26 00:00:00,AHOT,6.5
1998-05-27 00:00:00,AHOT,6.5
1998-05-28 00:00:00,AHOT,6.5
1998-05-29 00:00:00,AHOT,6.5
1998-06-01 00:00:00,AHOT,6
1998-06-02 00:00:00,AHOT,6.5
1998-06-03 00:00:00,AHOT,6.5
1998-06-04 00:00:00,AHOT,6.5
1998-06-05 00:00:00,AHOT,6.5
1998-06-08 00:00:00,AHOT,6.75
1998-06-10 00:00:00,AHOT,6.5
1998-06-11 00:00:00,AHOT,6
1998-06-15 00:00:00,AHOT,6
1998-06-16 00:00:00,AHOT,5.75
1998-06-17 00:00:00,AHOT,6
1998-06-18 00:00:00,AHOT,5.75
1998-06-19 00:00:00,AHOT,6
1998-06-22 00:00:00,AHOT,6
1998-06-23 00:00:00,AHOT,6
1998-06-24 00:00:00,AHOT,5.75
1998-06-25 00:00:00,AHOT,5.5
1998-06-26 00:00:00,AHOT,5.25
1998-06-29 00:00:00,AHOT,5
1998-06-30 00:00:00,AHOT,4.75
1998-07-01 00:00:00,AHOT,5
1998-07-02 00:00:00,AHOT,4.75
1998-07-03 00:00:00,AHOT,5.25
1998-07-06 00:00:00,AHOT,5.25
1998-07-08 00:00:00,AHOT,5
1998-07-10 00:00:00,AHOT,5.25
1998-07-13 00:00:00,AHOT,5.25
1998-07-14 00:00:00,AHOT,5.25
1998-07-15 00:00:00,AHOT,5
1998-07-16 00:00:00,AHOT,5
1998-07-17 00:00:00,AHOT,5
1998-07-20 00:00:00,AHOT,5.25
1998-07-21 00:00:00,AHOT,5.25
1998-07-22 00:00:00,AHOT,5.25
1998-07-23 00:00:00,AHOT,5
1998-07-24 00:00:00,AHOT,5
1998-07-27 00:00:00,AHOT,5
1998-07-28 00:00:00,AHOT,5
1998-07-29 00:00:00,AHOT,5
1998-07-30 00:00:00,AHOT,5
1998-07-31 00:00:00,AHOT,4.75
1998-08-03 00:00:00,AHOT,5
1998-08-04 00:00:00,AHOT,4.75
1998-08-05 00:00:00,AHOT,5
1998-08-06 00:00:00,AHOT,5
1998-08-10 00:00:00,AHOT,5
1998-08-11 00:00:00,AHOT,4.75
1998-08-14 00:00:00,AHOT,4.75
1998-08-17 00:00:00,AHOT,4.75
1998-08-18 00:00:00,AHOT,4.25
1998-08-19 00:00:00,AHOT,4.25
1998-08-20 00:00:00,AHOT,4.25
1998-08-21 00:00:00,AHOT,4
1998-08-24 00:00:00,AHOT,4
1998-08-25 00:00:00,AHOT,3.75
1998-08-26 00:00:00,AHOT,3.75
1998-08-27 00:00:00,AHOT,3.75
1998-08-28 00:00:00,AHOT,4
1998-08-31 00:00:00,AHOT,3.5
1998-09-01 00:00:00,AHOT,3
1998-09-02 00:00:00,AHOT,3.25
1998-09-03 00:00:00,AHOT,3.5
1998-09-04 00:00:00,AHOT,3.5
1998-09-07 00:00:00,AHOT,3.75
1998-09-08 00:00:00,AHOT,3.5
1998-09-10 00:00:00,AHOT,4
1998-09-11 00:00:00,AHOT,4
1998-09-14 00:00:00,AHOT,4
1998-09-15 00:00:00,AHOT,4
1998-09-16 00:00:00,AHOT,4
1998-09-17 00:00:00,AHOT,4
1998-09-18 00:00:00,AHOT,4
1998-09-22 00:00:00,AHOT,4.25
1998-09-23 00:00:00,AHOT,4.25
1998-09-24 00:00:00,AHOT,4.25
1998-09-29 00:00:00,AHOT,4
1998-09-30 00:00:00,AHOT,4
1998-10-01 00:00:00,AHOT,4
1998-10-02 00:00:00,AHOT,4
1998-10-06 00:00:00,AHOT,3.75
1998-10-08 00:00:00,AHOT,4
1998-10-09 00:00:00,AHOT,3.75
1998-10-12 00:00:00,AHOT,4
1998-10-13 00:00:00,AHOT,4
1998-10-14 00:00:00,AHOT,4.25
1998-10-15 00:00:00,AHOT,4.5
1998-10-16 00:00:00,AHOT,4.5
1998-10-19 00:00:00,AHOT,4.25
1998-10-21 00:00:00,AHOT,4.75
1998-10-22 00:00:00,AHOT,4.5
1998-10-23 00:00:00,AHOT,5
1998-10-26 00:00:00,AHOT,5
1998-10-27 00:00:00,AHOT,5
1998-10-28 00:00:00,AHOT,5
1998-10-29 00:00:00,AHOT,5
1998-10-30 00:00:00,AHOT,5
1998-11-02 00:00:00,AHOT,5
1998-11-04 00:00:00,AHOT,5.25
1998-11-05 00:00:00,AHOT,5.25
1998-11-06 00:00:00,AHOT,5
1998-11-09 00:00:00,AHOT,5
1998-11-10 00:00:00,AHOT,5.75
1998-11-11 00:00:00,AHOT,5.75
1998-11-12 00:00:00,AHOT,5.75
1998-11-13 00:00:00,AHOT,5.75
1998-11-16 00:00:00,AHOT,6
1998-11-17 00:00:00,AHOT,6
1998-11-18 00:00:00,AHOT,6.5
1998-11-19 00:00:00,AHOT,6.5
1998-11-20 00:00:00,AHOT,6.5
1998-11-23 00:00:00,AHOT,6.75
1998-11-24 00:00:00,AHOT,6.75
1998-11-25 00:00:00,AHOT,7
1998-11-26 00:00:00,AHOT,6.75
1998-11-27 00:00:00,AHOT,6.5
1998-11-30 00:00:00,AHOT,6.5
1998-12-01 00:00:00,AHOT,6.5
1998-12-02 00:00:00,AHOT,6.5
1998-12-04 00:00:00,AHOT,6.5
1998-12-07 00:00:00,AHOT,6.25
1998-12-08 00:00:00,AHOT,6.5
1998-12-09 00:00:00,AHOT,6.25
1998-12-10 00:00:00,AHOT,6.25
1998-12-11 00:00:00,AHOT,6.25
1998-12-15 00:00:00,AHOT,6.25
1998-12-16 00:00:00,AHOT,6
1998-12-17 00:00:00,AHOT,6
1998-12-18 00:00:00,AHOT,6.5
1998-12-21 00:00:00,AHOT,6.5
1998-12-22 00:00:00,AHOT,6.5
1998-12-23 00:00:00,AHOT,6.5
1998-12-28 00:00:00,AHOT,6.75
1998-12-29 00:00:00,AHOT,6.5
1998-12-30 00:00:00,AHOT,6.5
1998-12-31 00:00:00,AHOT,7.25
1998-01-06 00:00:00,AHUN,50
1998-01-08 00:00:00,AHUN,51
1998-01-09 00:00:00,AHUN,51
1998-01-13 00:00:00,AHUN,51
1998-01-15 00:00:00,AHUN,51
1998-01-16 00:00:00,AHUN,51
1998-01-19 00:00:00,AHUN,50.5
1998-01-23 00:00:00,AHUN,51
1998-01-28 00:00:00,AHUN,49
1998-01-29 00:00:00,AHUN,50
1998-01-30 00:00:00,AHUN,51
1998-02-03 00:00:00,AHUN,51
1998-02-06 00:00:00,AHUN,51
1998-02-11 00:00:00,AHUN,50
1998-02-18 00:00:00,AHUN,52.25
1998-02-19 00:00:00,AHUN,52
1998-02-20 00:00:00,AHUN,52
1998-02-23 00:00:00,AHUN,52
1998-02-24 00:00:00,AHUN,51.5
1998-02-25 00:00:00,AHUN,49.75
1998-02-26 00:00:00,AHUN,50
1998-02-27 00:00:00,AHUN,50
1998-03-03 00:00:00,AHUN,50
1998-03-04 00:00:00,AHUN,50
1998-03-05 00:00:00,AHUN,49
1998-03-09 00:00:00,AHUN,48
1998-03-23 00:00:00,AHUN,48
1998-03-26 00:00:00,AHUN,47
1998-03-27 00:00:00,AHUN,47
1998-04-02 00:00:00,AHUN,47.5
1998-04-03 00:00:00,AHUN,47
1998-04-16 00:00:00,AHUN,47
1998-04-17 00:00:00,AHUN,45
1998-04-22 00:00:00,AHUN,47
1998-04-24 00:00:00,AHUN,48
1998-04-27 00:00:00,AHUN,48
1998-04-29 00:00:00,AHUN,48
1998-04-30 00:00:00,AHUN,52
1998-05-04 00:00:00,AHUN,54.75
1998-05-05 00:00:00,AHUN,53.75
1998-05-06 00:00:00,AHUN,55
1998-05-07 00:00:00,AHUN,55.5
1998-05-08 00:00:00,AHUN,55.75
1998-05-13 00:00:00,AHUN,57
1998-05-14 00:00:00,AHUN,57
1998-05-15 00:00:00,AHUN,53.5
1998-05-21 00:00:00,AHUN,48.75
1998-05-25 00:00:00,AHUN,55
1998-05-26 00:00:00,AHUN,53
1998-05-28 00:00:00,AHUN,48
1998-06-01 00:00:00,AHUN,45
1998-06-02 00:00:00,AHUN,45
1998-06-04 00:00:00,AHUN,46
1998-06-10 00:00:00,AHUN,48
1998-06-12 00:00:00,AHUN,46
1998-06-15 00:00:00,AHUN,46
1998-06-19 00:00:00,AHUN,46
1998-06-24 00:00:00,AHUN,46
1998-06-25 00:00:00,AHUN,45
1998-06-26 00:00:00,AHUN,46
1998-06-30 00:00:00,AHUN,46
1998-07-01 00:00:00,AHUN,45
1998-07-02 00:00:00,AHUN,45
1998-07-17 00:00:00,AHUN,46
1998-07-20 00:00:00,AHUN,45.5
1998-07-21 00:00:00,AHUN,45.5
1998-07-22 00:00:00,AHUN,45.5
1998-07-23 00:00:00,AHUN,44
1998-08-04 00:00:00,AHUN,36.5
1998-08-10 00:00:00,AHUN,37
1998-08-11 00:00:00,AHUN,38
1998-08-12 00:00:00,AHUN,38
1998-08-18 00:00:00,AHUN,37.25
1998-08-19 00:00:00,AHUN,37
1998-08-20 00:00:00,AHUN,32
1998-08-21 00:00:00,AHUN,30
1998-08-24 00:00:00,AHUN,28
1998-08-25 00:00:00,AHUN,24
1998-08-26 00:00:00,AHUN,21.25
1998-08-27 00:00:00,AHUN,28
1998-08-28 00:00:00,AHUN,26
1998-08-31 00:00:00,AHUN,25
1998-09-01 00:00:00,AHUN,24
1998-09-03 00:00:00,AHUN,24
1998-09-08 00:00:00,AHUN,25
1998-09-09 00:00:00,AHUN,25.5
1998-09-10 00:00:00,AHUN,30
1998-09-11 00:00:00,AHUN,25.5
1998-09-15 00:00:00,AHUN,26.25
1998-09-16 00:00:00,AHUN,29
1998-09-17 00:00:00,AHUN,29
1998-09-22 00:00:00,AHUN,28
1998-09-23 00:00:00,AHUN,29
1998-09-24 00:00:00,AHUN,30
1998-09-29 00:00:00,AHUN,30
1998-09-30 00:00:00,AHUN,29
1998-10-02 00:00:00,AHUN,29.5
1998-10-07 00:00:00,AHUN,30
1998-10-08 00:00:00,AHUN,29.25
1998-10-09 00:00:00,AHUN,29
1998-10-13 00:00:00,AHUN,29.25
1998-10-14 00:00:00,AHUN,29.25
1998-10-15 00:00:00,AHUN,29
1998-10-16 00:00:00,AHUN,29.5
1998-10-20 00:00:00,AHUN,30
1998-11-05 00:00:00,AHUN,30
1998-11-10 00:00:00,AHUN,30
1998-11-11 00:00:00,AHUN,30
1998-11-12 00:00:00,AHUN,30
1998-11-13 00:00:00,AHUN,31
1998-11-19 00:00:00,AHUN,33
1998-11-20 00:00:00,AHUN,31
1998-11-24 00:00:00,AHUN,33
1998-11-26 00:00:00,AHUN,33
1998-11-27 00:00:00,AHUN,33
1998-11-30 00:00:00,AHUN,31.25
1998-12-01 00:00:00,AHUN,31
1998-12-04 00:00:00,AHUN,31
1998-12-07 00:00:00,AHUN,30.25
1998-12-08 00:00:00,AHUN,30
1998-12-09 00:00:00,AHUN,29.25
1998-12-10 00:00:00,AHUN,29
1998-12-15 00:00:00,AHUN,30
1998-12-18 00:00:00,AHUN,30.5
1998-12-29 00:00:00,AHUN,35
1998-12-30 00:00:00,AHUN,36
1998-12-31 00:00:00,AHUN,38
1998-01-05 00:00:00,ALLI,32
1998-03-10 00:00:00,ALLI,32
1998-03-17 00:00:00,ALLI,30
1998-05-07 00:00:00,ALLI,30
1998-05-25 00:00:00,ALLI,30
1998-05-29 00:00:00,ALLI,30
1998-06-12 00:00:00,ALLI,30
1998-07-28 00:00:00,ALLI,30
1998-08-04 00:00:00,ALLI,31
1998-08-11 00:00:00,ALLI,30
1998-08-21 00:00:00,ALLI,29.5
1998-08-24 00:00:00,ALLI,29.5
1998-08-27 00:00:00,ALLI,30
1998-09-03 00:00:00,ALLI,30
1998-09-04 00:00:00,ALLI,29
1998-10-01 00:00:00,ALLI,30
1998-10-02 00:00:00,ALLI,30
1998-10-14 00:00:00,ALLI,29
1998-10-29 00:00:00,ALLI,29
1998-10-30 00:00:00,ALLI,28.5
1998-11-06 00:00:00,ALLI,28.5
1998-11-11 00:00:00,ALLI,29
1998-11-19 00:00:00,ALLI,29
1998-12-09 00:00:00,ALLI,28
1998-12-18 00:00:00,ALLI,26
1998-07-22 00:00:00,ALUF,6
1998-08-14 00:00:00,ALUF,5.75
1998-08-24 00:00:00,ALUF,5.75
1998-11-12 00:00:00,ALUF,5.75
1998-12-08 00:00:00,ALUF,5.5
1998-12-11 00:00:00,ALUF,5
1998-12-29 00:00:00,ALUF,5.75
1998-01-02 00:00:00,AMW,40
1998-01-05 00:00:00,AMW,35
1998-01-06 00:00:00,AMW,35.25
1998-01-16 00:00:00,AMW,37
1998-01-19 00:00:00,AMW,36
1998-01-20 00:00:00,AMW,35
1998-01-21 00:00:00,AMW,34
1998-01-26 00:00:00,AMW,35.25
1998-01-27 00:00:00,AMW,35
1998-02-11 00:00:00,AMW,35
1998-02-24 00:00:00,AMW,32.5
1998-02-25 00:00:00,AMW,32.5
1998-03-02 00:00:00,AMW,34.5
1998-03-03 00:00:00,AMW,34.5
1998-03-06 00:00:00,AMW,35
1998-03-09 00:00:00,AMW,33
1998-03-10 00:00:00,AMW,33
1998-03-11 00:00:00,AMW,33
1998-03-13 00:00:00,AMW,34.75
1998-03-18 00:00:00,AMW,35.5
1998-03-19 00:00:00,AMW,33.25
1998-03-20 00:00:00,AMW,35.5
1998-03-23 00:00:00,AMW,35.5
1998-03-27 00:00:00,AMW,33.5
1998-03-31 00:00:00,AMW,35
1998-04-01 00:00:00,AMW,35
1998-04-02 00:00:00,AMW,36
1998-04-07 00:00:00,AMW,36.75
1998-04-20 00:00:00,AMW,38
1998-04-22 00:00:00,AMW,38
1998-04-24 00:00:00,AMW,40
1998-04-28 00:00:00,AMW,41
1998-04-29 00:00:00,AMW,42
1998-04-30 00:00:00,AMW,43
1998-05-04 00:00:00,AMW,43.5
1998-05-05 00:00:00,AMW,43.5
1998-05-06 00:00:00,AMW,44
1998-05-08 00:00:00,AMW,44
1998-05-13 00:00:00,AMW,44.25
1998-05-14 00:00:00,AMW,44
1998-05-15 00:00:00,AMW,44
1998-05-18 00:00:00,AMW,41.25
1998-05-19 00:00:00,AMW,41
1998-05-20 00:00:00,AMW,40
1998-05-21 00:00:00,AMW,40
1998-05-26 00:00:00,AMW,40.25
1998-05-27 00:00:00,AMW,42.5
1998-05-28 00:00:00,AMW,42
1998-05-29 00:00:00,AMW,40
1998-06-02 00:00:00,AMW,40
1998-06-08 00:00:00,AMW,40
1998-06-15 00:00:00,AMW,42
1998-06-18 00:00:00,AMW,40
1998-06-19 00:00:00,AMW,40
1998-06-26 00:00:00,AMW,40
1998-07-01 00:00:00,AMW,38
1998-07-03 00:00:00,AMW,42
1998-07-10 00:00:00,AMW,38.5
1998-07-16 00:00:00,AMW,41
1998-07-17 00:00:00,AMW,41
1998-07-29 00:00:00,AMW,41
1998-08-11 00:00:00,AMW,36
1998-08-12 00:00:00,AMW,38
1998-08-13 00:00:00,AMW,39
1998-09-01 00:00:00,AMW,25.25
1998-09-07 00:00:00,AMW,25.25
1998-09-10 00:00:00,AMW,26
1998-09-17 00:00:00,AMW,29.25
1998-09-21 00:00:00,AMW,29.5
1998-09-23 00:00:00,AMW,40
1998-09-24 00:00:00,AMW,35
1998-09-25 00:00:00,AMW,33
1998-09-29 00:00:00,AMW,35
1998-09-30 00:00:00,AMW,33
1998-10-06 00:00:00,AMW,33
1998-10-08 00:00:00,AMW,33
1998-10-13 00:00:00,AMW,33
1998-10-14 00:00:00,AMW,30.25
1998-10-15 00:00:00,AMW,40
1998-10-30 00:00:00,AMW,39
1998-11-04 00:00:00,AMW,39
1998-11-06 00:00:00,AMW,40
1998-11-11 00:00:00,AMW,44.5
1998-11-12 00:00:00,AMW,44
1998-11-13 00:00:00,AMW,41
1998-11-16 00:00:00,AMW,41.5
1998-11-17 00:00:00,AMW,45
1998-11-18 00:00:00,AMW,50
1998-11-19 00:00:00,AMW,48
1998-11-20 00:00:00,AMW,48
1998-11-23 00:00:00,AMW,47
1998-11-24 00:00:00,AMW,47
1998-11-25 00:00:00,AMW,48
1998-11-26 00:00:00,AMW,48
1998-12-01 00:00:00,AMW,48
1998-12-02 00:00:00,AMW,48
1998-12-04 00:00:00,AMW,47
1998-12-09 00:00:00,AMW,46
1998-12-14 00:00:00,AMW,46
1998-12-15 00:00:00,AMW,42
1998-12-16 00:00:00,AMW,42
1998-12-17 00:00:00,AMW,42.5
1998-12-23 00:00:00,AMW,43
1998-12-28 00:00:00,AMW,43
1998-12-29 00:00:00,AMW,43
1998-12-30 00:00:00,AMW,46
1998-02-06 00:00:00,APDL,8.25
1998-02-12 00:00:00,APDL,8.25
1998-02-18 00:00:00,APDL,8.25
1998-02-19 00:00:00,APDL,9
1998-02-25 00:00:00,APDL,9
1998-03-10 00:00:00,APDL,8.5
1998-03-18 00:00:00,APDL,8.5
1998-03-27 00:00:00,APDL,8
1998-04-06 00:00:00,APDL,8.25
1998-04-08 00:00:00,APDL,8.5
1998-04-27 00:00:00,APDL,8.5
1998-05-06 00:00:00,APDL,8
1998-05-07 00:00:00,APDL,8
1998-05-08 00:00:00,APDL,8
1998-05-13 00:00:00,APDL,8
1998-05-14 00:00:00,APDL,8
1998-05-15 00:00:00,APDL,8
1998-05-26 00:00:00,APDL,8
1998-05-27 00:00:00,APDL,8
1998-05-28 00:00:00,APDL,8
1998-05-29 00:00:00,APDL,8
1998-06-01 00:00:00,APDL,8
1998-06-10 00:00:00,APDL,8
1998-06-15 00:00:00,APDL,7.75
1998-06-16 00:00:00,APDL,7.75
1998-06-17 00:00:00,APDL,7.5
1998-06-18 00:00:00,APDL,8
1998-06-25 00:00:00,APDL,8
1998-07-13 00:00:00,APDL,8.25
1998-07-15 00:00:00,APDL,8.25
1998-07-20 00:00:00,APDL,8.25
1998-09-08 00:00:00,APDL,9
1998-09-10 00:00:00,APDL,9
1998-09-14 00:00:00,APDL,9
1998-09-15 00:00:00,APDL,9
1998-09-21 00:00:00,APDL,9
1998-10-01 00:00:00,APDL,10
1998-10-06 00:00:00,APDL,8
1998-10-08 00:00:00,APDL,8
1998-10-13 00:00:00,APDL,8
1998-10-21 00:00:00,APDL,7.75
1998-10-22 00:00:00,APDL,7.75
1998-10-23 00:00:00,APDL,7.75
1998-10-29 00:00:00,APDL,8
1998-11-04 00:00:00,APDL,8
1998-11-05 00:00:00,APDL,8
1998-11-06 00:00:00,APDL,8.5
1998-11-10 00:00:00,APDL,8.5
1998-11-12 00:00:00,APDL,8.5
1998-12-02 00:00:00,APDL,8.5
1998-12-04 00:00:00,APDL,8.5
1998-12-07 00:00:00,APDL,8.5
1998-12-10 00:00:00,APDL,8.5
1998-12-15 00:00:00,APDL,8.5
1998-12-16 00:00:00,APDL,8.5
1998-12-28 00:00:00,APDL,8.5
1998-01-02 00:00:00,APLA,28.25
1998-01-05 00:00:00,APLA,31.75
1998-01-06 00:00:00,APLA,38
1998-02-02 00:00:00,APLA,30
1998-02-03 00:00:00,APLA,30
1998-02-16 00:00:00,APLA,28
1998-02-17 00:00:00,APLA,28
1998-02-23 00:00:00,APLA,28
1998-03-10 00:00:00,APLA,30
1998-03-13 00:00:00,APLA,29
1998-03-18 00:00:00,APLA,29
1998-03-20 00:00:00,APLA,29.5
1998-03-26 00:00:00,APLA,29
1998-04-01 00:00:00,APLA,29
1998-04-24 00:00:00,APLA,33
1998-04-28 00:00:00,APLA,35
1998-04-30 00:00:00,APLA,35
1998-05-05 00:00:00,APLA,30
1998-05-06 00:00:00,APLA,30
1998-05-07 00:00:00,APLA,30
1998-05-08 00:00:00,APLA,30
1998-05-13 00:00:00,APLA,30
1998-05-18 00:00:00,APLA,30
1998-05-19 00:00:00,APLA,30
1998-05-20 00:00:00,APLA,29.5
1998-05-26 00:00:00,APLA,29
1998-05-28 00:00:00,APLA,29
1998-06-02 00:00:00,APLA,27
1998-06-08 00:00:00,APLA,29
1998-06-15 00:00:00,APLA,24
1998-06-16 00:00:00,APLA,24
1998-07-03 00:00:00,APLA,26
1998-07-13 00:00:00,APLA,24
1998-07-14 00:00:00,APLA,24.5
1998-08-03 00:00:00,APLA,26
1998-08-10 00:00:00,APLA,25
1998-08-11 00:00:00,APLA,26
1998-08-12 00:00:00,APLA,26
1998-08-13 00:00:00,APLA,25
1998-08-14 00:00:00,APLA,25.25
1998-08-18 00:00:00,APLA,25
1998-08-19 00:00:00,APLA,24.5
1998-08-20 00:00:00,APLA,24.5
1998-08-21 00:00:00,APLA,23.25
1998-08-24 00:00:00,APLA,19.75
1998-08-25 00:00:00,APLA,19
1998-09-01 00:00:00,APLA,20
1998-09-02 00:00:00,APLA,19
1998-09-04 00:00:00,APLA,19
1998-09-07 00:00:00,APLA,19
1998-09-08 00:00:00,APLA,19
1998-09-09 00:00:00,APLA,19
1998-10-09 00:00:00,APLA,18
1998-10-30 00:00:00,APLA,20
1998-11-27 00:00:00,APLA,30
1998-11-30 00:00:00,APLA,36
1998-12-01 00:00:00,APLA,36.25
1998-12-02 00:00:00,APLA,40
1998-12-07 00:00:00,APLA,36.25
1998-12-08 00:00:00,APLA,35.75
1998-12-09 00:00:00,APLA,34
1998-12-10 00:00:00,APLA,33
1998-12-15 00:00:00,APLA,33
1998-12-22 00:00:00,APLA,34.75
1998-12-28 00:00:00,APLA,35
1998-12-29 00:00:00,APLA,37
1998-12-30 00:00:00,APLA,37.5
1998-12-31 00:00:00,APLA,38.5
1998-02-25 00:00:00,ARPI,71
1998-03-20 00:00:00,ARPI,68
1998-08-18 00:00:00,ARPI,68
1998-08-21 00:00:00,ARPI,44
1998-08-26 00:00:00,ARPI,44
1998-10-02 00:00:00,ARPI,22
1998-10-06 00:00:00,ARPI,19
1998-10-07 00:00:00,ARPI,19
1998-10-09 00:00:00,ARPI,19
1998-10-14 00:00:00,ARPI,19
1998-10-15 00:00:00,ARPI,17
1998-10-16 00:00:00,ARPI,16
1998-10-20 00:00:00,ARPI,17
1998-10-22 00:00:00,ARPI,17
1998-10-27 00:00:00,ARPI,16
1998-11-12 00:00:00,ARPI,16
1998-11-13 00:00:00,ARPI,16
1998-12-09 00:00:00,ARPI,17
1998-12-16 00:00:00,ARPI,16.5
1998-12-31 00:00:00,ARPI,16
1998-01-06 00:00:00,ASCO,5
1998-01-07 00:00:00,ASCO,5
1998-01-08 00:00:00,ASCO,5
1998-01-09 00:00:00,ASCO,5
1998-01-13 00:00:00,ASCO,5
1998-01-16 00:00:00,ASCO,5
1998-01-21 00:00:00,ASCO,5
1998-01-23 00:00:00,ASCO,5
1998-01-27 00:00:00,ASCO,5
1998-01-30 00:00:00,ASCO,5
1998-02-02 00:00:00,ASCO,5
1998-02-06 00:00:00,ASCO,5
1998-02-09 00:00:00,ASCO,5
1998-02-16 00:00:00,ASCO,5
1998-02-19 00:00:00,ASCO,5
1998-02-20 00:00:00,ASCO,5
1998-02-23 00:00:00,ASCO,5
1998-02-24 00:00:00,ASCO,5
1998-02-26 00:00:00,ASCO,5.5
1998-02-27 00:00:00,ASCO,5
1998-03-02 00:00:00,ASCO,5.5
1998-03-03 00:00:00,ASCO,5.5
1998-03-05 00:00:00,ASCO,5.25
1998-03-06 00:00:00,ASCO,5.25
1998-03-24 00:00:00,ASCO,5
1998-03-25 00:00:00,ASCO,5
1998-03-31 00:00:00,ASCO,5
1998-04-01 00:00:00,ASCO,5
1998-04-03 00:00:00,ASCO,5.25
1998-04-09 00:00:00,ASCO,5
1998-04-16 00:00:00,ASCO,5.25
1998-04-23 00:00:00,ASCO,5
1998-04-24 00:00:00,ASCO,5
1998-04-28 00:00:00,ASCO,5.25
1998-05-07 00:00:00,ASCO,5
1998-05-08 00:00:00,ASCO,5
1998-05-13 00:00:00,ASCO,5
1998-05-14 00:00:00,ASCO,5
1998-05-15 00:00:00,ASCO,5
1998-05-18 00:00:00,ASCO,5
1998-05-19 00:00:00,ASCO,5
1998-05-27 00:00:00,ASCO,5
1998-06-04 00:00:00,ASCO,5
1998-06-08 00:00:00,ASCO,4.25
1998-06-11 00:00:00,ASCO,4.5
1998-06-15 00:00:00,ASCO,4
1998-06-22 00:00:00,ASCO,3.5
1998-06-24 00:00:00,ASCO,3.75
1998-06-25 00:00:00,ASCO,3.75
1998-06-26 00:00:00,ASCO,3.25
1998-07-01 00:00:00,ASCO,3.25
1998-07-10 00:00:00,ASCO,3.25
1998-07-15 00:00:00,ASCO,3.25
1998-07-20 00:00:00,ASCO,3
1998-07-22 00:00:00,ASCO,3.5
1998-08-11 00:00:00,ASCO,3.25
1998-08-20 00:00:00,ASCO,3.25
1998-09-07 00:00:00,ASCO,3.5
1998-09-08 00:00:00,ASCO,3.5
1998-09-11 00:00:00,ASCO,3.25
1998-09-14 00:00:00,ASCO,3.25
1998-09-16 00:00:00,ASCO,3.25
1998-09-21 00:00:00,ASCO,3
1998-09-25 00:00:00,ASCO,3
1998-10-06 00:00:00,ASCO,2.5
1998-10-13 00:00:00,ASCO,2.5
1998-10-14 00:00:00,ASCO,2.5
1998-10-15 00:00:00,ASCO,2.5
1998-10-21 00:00:00,ASCO,2.5
1998-10-22 00:00:00,ASCO,2.5
1998-10-26 00:00:00,ASCO,2.25
1998-11-04 00:00:00,ASCO,2.5
1998-11-06 00:00:00,ASCO,2.5
1998-11-13 00:00:00,ASCO,3
1998-11-16 00:00:00,ASCO,3
1998-11-19 00:00:00,ASCO,3.5
1998-11-20 00:00:00,ASCO,3.5
1998-11-25 00:00:00,ASCO,3
1998-11-26 00:00:00,ASCO,3
1998-11-27 00:00:00,ASCO,3.25
1998-12-08 00:00:00,ASCO,3
1998-12-09 00:00:00,ASCO,3
1998-12-15 00:00:00,ASCO,3
1998-12-17 00:00:00,ASCO,3
1998-12-18 00:00:00,ASCO,3
1998-12-21 00:00:00,ASCO,3
1998-01-15 00:00:00,ASHL,30
1998-01-20 00:00:00,ASHL,30
1998-01-21 00:00:00,ASHL,20
1998-01-27 00:00:00,ASHL,25
1998-01-28 00:00:00,ASHL,25
1998-01-29 00:00:00,ASHL,24
1998-02-24 00:00:00,ASHL,24.5
1998-03-18 00:00:00,ASHL,25.25
1998-03-20 00:00:00,ASHL,25.25
1998-04-01 00:00:00,ASHL,33
1998-04-06 00:00:00,ASHL,35.5
1998-04-07 00:00:00,ASHL,35
1998-04-20 00:00:00,ASHL,35
1998-04-21 00:00:00,ASHL,35
1998-04-23 00:00:00,ASHL,36
1998-04-28 00:00:00,ASHL,36
1998-05-07 00:00:00,ASHL,32
1998-05-14 00:00:00,ASHL,32.25
1998-05-15 00:00:00,ASHL,32.5
1998-05-21 00:00:00,ASHL,32.5
1998-05-22 00:00:00,ASHL,32
1998-05-26 00:00:00,ASHL,30
1998-06-01 00:00:00,ASHL,29.25
1998-06-08 00:00:00,ASHL,28.25
1998-06-12 00:00:00,ASHL,28
1998-06-19 00:00:00,ASHL,28.5
1998-06-22 00:00:00,ASHL,28
1998-07-14 00:00:00,ASHL,28
1998-07-16 00:00:00,ASHL,28
1998-07-20 00:00:00,ASHL,25
1998-07-27 00:00:00,ASHL,27
1998-07-28 00:00:00,ASHL,27
1998-07-31 00:00:00,ASHL,28.75
1998-08-03 00:00:00,ASHL,28.75
1998-08-04 00:00:00,ASHL,28.5
1998-08-06 00:00:00,ASHL,28
1998-08-10 00:00:00,ASHL,27.5
1998-08-11 00:00:00,ASHL,25
1998-08-14 00:00:00,ASHL,28
1998-08-20 00:00:00,ASHL,25.5
1998-08-26 00:00:00,ASHL,24
1998-08-28 00:00:00,ASHL,24
1998-09-02 00:00:00,ASHL,24
1998-09-04 00:00:00,ASHL,24.5
1998-09-14 00:00:00,ASHL,25
1998-09-22 00:00:00,ASHL,25.5
1998-10-14 00:00:00,ASHL,25.5
1998-10-22 00:00:00,ASHL,25.5
1998-01-30 00:00:00,ASHO,30
1998-02-02 00:00:00,ASHO,30
1998-02-03 00:00:00,ASHO,25
1998-02-06 00:00:00,ASHO,22
1998-02-23 00:00:00,ASHO,22.25
1998-03-10 00:00:00,ASHO,23
1998-03-17 00:00:00,ASHO,23
1998-03-20 00:00:00,ASHO,22
1998-08-28 00:00:00,ASHO,15
1998-09-15 00:00:00,ASHO,13
1998-09-21 00:00:00,ASHO,13
1998-09-22 00:00:00,ASHO,13
1998-09-28 00:00:00,ASHO,13
1998-10-02 00:00:00,ASHO,13
1998-11-05 00:00:00,ASHO,13
1998-11-10 00:00:00,ASHO,13
1998-12-16 00:00:00,ASHO,10
1998-12-17 00:00:00,ASHO,10
1998-01-06 00:00:00,ASIR,29
1998-01-07 00:00:00,ASIR,29
1998-01-08 00:00:00,ASIR,29
1998-01-13 00:00:00,ASIR,29
1998-01-15 00:00:00,ASIR,29
1998-01-19 00:00:00,ASIR,29
1998-01-20 00:00:00,ASIR,29
1998-01-21 00:00:00,ASIR,28
1998-01-22 00:00:00,ASIR,28
1998-01-23 00:00:00,ASIR,29
1998-01-27 00:00:00,ASIR,29
1998-01-29 00:00:00,ASIR,29
1998-02-02 00:00:00,ASIR,29.25
1998-02-03 00:00:00,ASIR,29
1998-02-09 00:00:00,ASIR,29.75
1998-02-13 00:00:00,ASIR,29
1998-02-17 00:00:00,ASIR,30
1998-02-19 00:00:00,ASIR,29.25
1998-02-20 00:00:00,ASIR,29.25
1998-02-23 00:00:00,ASIR,29.5
1998-02-24 00:00:00,ASIR,29.5
1998-02-25 00:00:00,ASIR,30
1998-02-26 00:00:00,ASIR,29.5
1998-03-02 00:00:00,ASIR,30
1998-03-04 00:00:00,ASIR,30
1998-03-06 00:00:00,ASIR,30.25
1998-03-10 00:00:00,ASIR,31
1998-03-11 00:00:00,ASIR,31.25
1998-03-13 00:00:00,ASIR,32
1998-03-16 00:00:00,ASIR,33
1998-03-17 00:00:00,ASIR,33
1998-03-18 00:00:00,ASIR,33.5
1998-03-19 00:00:00,ASIR,33.5
1998-03-20 00:00:00,ASIR,33.5
1998-03-23 00:00:00,ASIR,33
1998-03-24 00:00:00,ASIR,33.5
1998-04-01 00:00:00,ASIR,32.5
1998-04-03 00:00:00,ASIR,31.5
1998-04-07 00:00:00,ASIR,32
1998-04-16 00:00:00,ASIR,32.25
1998-04-17 00:00:00,ASIR,32.5
1998-04-20 00:00:00,ASIR,32.25
1998-04-21 00:00:00,ASIR,32.25
1998-04-22 00:00:00,ASIR,30
1998-04-23 00:00:00,ASIR,30.5
1998-04-24 00:00:00,ASIR,30.5
1998-04-27 00:00:00,ASIR,30
1998-04-28 00:00:00,ASIR,30.5
1998-04-29 00:00:00,ASIR,30
1998-04-30 00:00:00,ASIR,30
1998-05-04 00:00:00,ASIR,30
1998-05-06 00:00:00,ASIR,30
1998-05-07 00:00:00,ASIR,29.75
1998-05-08 00:00:00,ASIR,29.5
1998-05-15 00:00:00,ASIR,29.75
1998-05-18 00:00:00,ASIR,29.25
1998-05-19 00:00:00,ASIR,29.75
1998-05-20 00:00:00,ASIR,29.75
1998-05-21 00:00:00,ASIR,28.5
1998-05-26 00:00:00,ASIR,28.5
1998-05-27 00:00:00,ASIR,28.75
1998-05-28 00:00:00,ASIR,28.75
1998-05-29 00:00:00,ASIR,28.5
1998-06-03 00:00:00,ASIR,29
1998-06-04 00:00:00,ASIR,30
1998-06-05 00:00:00,ASIR,30
1998-06-08 00:00:00,ASIR,29.25
1998-06-10 00:00:00,ASIR,29.25
1998-06-12 00:00:00,ASIR,29.25
1998-06-15 00:00:00,ASIR,29
1998-06-16 00:00:00,ASIR,29.25
1998-06-17 00:00:00,ASIR,29.5
1998-06-19 00:00:00,ASIR,29.75
1998-06-22 00:00:00,ASIR,29.5
1998-06-24 00:00:00,ASIR,29.5
1998-06-29 00:00:00,ASIR,29.5
1998-06-30 00:00:00,ASIR,27.5
1998-07-01 00:00:00,ASIR,28
1998-07-03 00:00:00,ASIR,29.5
1998-07-14 00:00:00,ASIR,29.5
1998-07-15 00:00:00,ASIR,29
1998-07-20 00:00:00,ASIR,27.25
1998-07-21 00:00:00,ASIR,27.5
1998-07-23 00:00:00,ASIR,27.5
1998-07-28 00:00:00,ASIR,27
1998-07-31 00:00:00,ASIR,28
1998-08-10 00:00:00,ASIR,28
1998-08-11 00:00:00,ASIR,28
1998-08-13 00:00:00,ASIR,29
1998-08-18 00:00:00,ASIR,29
1998-08-19 00:00:00,ASIR,28
1998-08-20 00:00:00,ASIR,28
1998-08-21 00:00:00,ASIR,28.25
1998-08-24 00:00:00,ASIR,27.5
1998-08-25 00:00:00,ASIR,25
1998-08-26 00:00:00,ASIR,25
1998-08-27 00:00:00,ASIR,25.75
1998-08-28 00:00:00,ASIR,26
1998-08-31 00:00:00,ASIR,26.25
1998-09-02 00:00:00,ASIR,26
1998-09-04 00:00:00,ASIR,27
1998-09-17 00:00:00,ASIR,29.5
1998-09-18 00:00:00,ASIR,29.5
1998-09-21 00:00:00,ASIR,28
1998-09-22 00:00:00,ASIR,28
1998-09-23 00:00:00,ASIR,27
1998-09-25 00:00:00,ASIR,27.75
1998-09-28 00:00:00,ASIR,27
1998-09-29 00:00:00,ASIR,27
1998-09-30 00:00:00,ASIR,26.75
1998-10-06 00:00:00,ASIR,26.75
1998-10-07 00:00:00,ASIR,27.25
1998-10-08 00:00:00,ASIR,26.75
1998-10-09 00:00:00,ASIR,27
1998-10-12 00:00:00,ASIR,26.5
1998-10-15 00:00:00,ASIR,27
1998-10-16 00:00:00,ASIR,27
1998-10-19 00:00:00,ASIR,27
1998-10-20 00:00:00,ASIR,29
1998-10-21 00:00:00,ASIR,29
1998-10-22 00:00:00,ASIR,29
1998-10-26 00:00:00,ASIR,30
1998-10-27 00:00:00,ASIR,29
1998-10-28 00:00:00,ASIR,30
1998-10-29 00:00:00,ASIR,30
1998-10-30 00:00:00,ASIR,30
1998-11-02 00:00:00,ASIR,31
1998-11-04 00:00:00,ASIR,31
1998-11-05 00:00:00,ASIR,32
1998-11-06 00:00:00,ASIR,32.5
1998-11-10 00:00:00,ASIR,32.5
1998-11-11 00:00:00,ASIR,32.25
1998-11-13 00:00:00,ASIR,32.25
1998-11-16 00:00:00,ASIR,31
1998-11-17 00:00:00,ASIR,29
1998-11-18 00:00:00,ASIR,29
1998-11-19 00:00:00,ASIR,29.25
1998-11-20 00:00:00,ASIR,29.5
1998-11-23 00:00:00,ASIR,29.5
1998-11-24 00:00:00,ASIR,29.25
1998-11-25 00:00:00,ASIR,30
1998-11-26 00:00:00,ASIR,30
1998-11-27 00:00:00,ASIR,30
1998-11-30 00:00:00,ASIR,31
1998-12-01 00:00:00,ASIR,31
1998-12-04 00:00:00,ASIR,30
1998-12-07 00:00:00,ASIR,30
1998-12-08 00:00:00,ASIR,29
1998-12-09 00:00:00,ASIR,30
1998-12-10 00:00:00,ASIR,30
1998-12-11 00:00:00,ASIR,30.5
1998-12-14 00:00:00,ASIR,31
1998-12-15 00:00:00,ASIR,31
1998-12-16 00:00:00,ASIR,30
1998-12-17 00:00:00,ASIR,30.25
1998-12-21 00:00:00,ASIR,31
1998-12-23 00:00:00,ASIR,31
1998-12-29 00:00:00,ASIR,31.25
1998-12-30 00:00:00,ASIR,31.25
1998-02-25 00:00:00,ASPH,51
1998-03-18 00:00:00,ASPH,50.25
1998-05-07 00:00:00,ASPH,50.5
1998-05-22 00:00:00,ASPH,50.5
1998-05-25 00:00:00,ASPH,50
1998-05-28 00:00:00,ASPH,50
1998-07-17 00:00:00,ASPH,50
1998-07-21 00:00:00,ASPH,51
1998-12-18 00:00:00,AUTO,180
1998-12-23 00:00:00,AUTO,185
1998-12-29 00:00:00,AUTO,185
1998-06-03 00:00:00,BALA,64
1998-06-04 00:00:00,BALA,55
1998-06-05 00:00:00,BALA,54.75
1998-06-08 00:00:00,BALA,54
1998-06-10 00:00:00,BALA,53.75
1998-06-11 00:00:00,BALA,50
1998-06-12 00:00:00,BALA,43.75
1998-06-15 00:00:00,BALA,35.25
1998-06-16 00:00:00,BALA,39
1998-06-17 00:00:00,BALA,38.75
1998-06-18 00:00:00,BALA,42
1998-06-19 00:00:00,BALA,40.5
1998-06-22 00:00:00,BALA,38.5
1998-06-23 00:00:00,BALA,37.5
1998-06-24 00:00:00,BALA,35
1998-06-25 00:00:00,BALA,33
1998-06-26 00:00:00,BALA,35.5
1998-06-29 00:00:00,BALA,36
1998-06-30 00:00:00,BALA,36.5
1998-07-01 00:00:00,BALA,39
1998-07-02 00:00:00,BALA,41
1998-07-03 00:00:00,BALA,40
1998-07-06 00:00:00,BALA,38.5
1998-07-08 00:00:00,BALA,37.5
1998-07-10 00:00:00,BALA,39.5
1998-07-13 00:00:00,BALA,39.5
1998-07-14 00:00:00,BALA,39.25
1998-07-15 00:00:00,BALA,39
1998-07-16 00:00:00,BALA,38
1998-07-17 00:00:00,BALA,37.25
1998-07-20 00:00:00,BALA,36.75
1998-07-21 00:00:00,BALA,37
1998-07-22 00:00:00,BALA,37.5
1998-07-23 00:00:00,BALA,37.75
1998-07-24 00:00:00,BALA,37.5
1998-07-27 00:00:00,BALA,37.5
1998-07-28 00:00:00,BALA,37
1998-07-29 00:00:00,BALA,38
1998-07-30 00:00:00,BALA,39.75
1998-07-31 00:00:00,BALA,39.25
1998-08-03 00:00:00,BALA,38.75
1998-08-04 00:00:00,BALA,38.5
1998-08-05 00:00:00,BALA,38
1998-08-06 00:00:00,BALA,38.5
1998-08-10 00:00:00,BALA,38.5
1998-08-11 00:00:00,BALA,38.5
1998-08-12 00:00:00,BALA,40.25
1998-08-13 00:00:00,BALA,39.5
1998-08-14 00:00:00,BALA,38.5
1998-08-17 00:00:00,BALA,38
1998-08-18 00:00:00,BALA,40
1998-08-19 00:00:00,BALA,40.5
1998-08-20 00:00:00,BALA,37.25
1998-08-21 00:00:00,BALA,36.5
1998-08-24 00:00:00,BALA,35.75
1998-08-25 00:00:00,BALA,36
1998-08-26 00:00:00,BALA,37.5
1998-08-27 00:00:00,BALA,38
1998-08-28 00:00:00,BALA,36.25
1998-08-31 00:00:00,BALA,35.5
1998-09-01 00:00:00,BALA,29.75
1998-09-02 00:00:00,BALA,26.5
1998-09-03 00:00:00,BALA,24
1998-09-04 00:00:00,BALA,24.75
1998-09-07 00:00:00,BALA,24.75
1998-09-08 00:00:00,BALA,25.75
1998-09-09 00:00:00,BALA,25
1998-09-10 00:00:00,BALA,24.75
1998-09-11 00:00:00,BALA,25.25
1998-09-14 00:00:00,BALA,25.5
1998-09-15 00:00:00,BALA,30
1998-09-16 00:00:00,BALA,29.5
1998-09-17 00:00:00,BALA,27.5
1998-09-18 00:00:00,BALA,27
1998-09-21 00:00:00,BALA,27.5
1998-09-22 00:00:00,BALA,27.75
1998-09-23 00:00:00,BALA,28.5
1998-09-24 00:00:00,BALA,29
1998-09-25 00:00:00,BALA,29
1998-09-28 00:00:00,BALA,28
1998-09-29 00:00:00,BALA,27.25
1998-09-30 00:00:00,BALA,27
1998-10-01 00:00:00,BALA,27
1998-10-02 00:00:00,BALA,26
1998-10-06 00:00:00,BALA,25.5
1998-10-07 00:00:00,BALA,25.5
1998-10-08 00:00:00,BALA,25.25
1998-10-09 00:00:00,BALA,25
1998-10-12 00:00:00,BALA,25
1998-10-13 00:00:00,BALA,24
1998-10-14 00:00:00,BALA,21.5
1998-10-15 00:00:00,BALA,23
1998-10-16 00:00:00,BALA,23.25
1998-10-19 00:00:00,BALA,25
1998-10-20 00:00:00,BALA,24.5
1998-10-21 00:00:00,BALA,23.25
1998-10-22 00:00:00,BALA,23.25
1998-10-23 00:00:00,BALA,23.5
1998-10-26 00:00:00,BALA,24.25
1998-10-27 00:00:00,BALA,24.25
1998-10-28 00:00:00,BALA,24.25
1998-10-29 00:00:00,BALA,24.5
1998-10-30 00:00:00,BALA,24.75
1998-11-02 00:00:00,BALA,24.25
1998-11-04 00:00:00,BALA,24.75
1998-11-05 00:00:00,BALA,25
1998-11-06 00:00:00,BALA,24.5
1998-11-09 00:00:00,BALA,23.5
1998-11-10 00:00:00,BALA,22.5
1998-11-11 00:00:00,BALA,22.5
1998-11-12 00:00:00,BALA,23.5
1998-11-13 00:00:00,BALA,24
1998-11-16 00:00:00,BALA,24.75
1998-11-17 00:00:00,BALA,24.5
1998-11-18 00:00:00,BALA,24.25
1998-11-19 00:00:00,BALA,23.25
1998-11-20 00:00:00,BALA,23.5
1998-11-23 00:00:00,BALA,23.25
1998-11-24 00:00:00,BALA,23
1998-11-25 00:00:00,BALA,26
1998-11-26 00:00:00,BALA,27
1998-11-27 00:00:00,BALA,25.5
1998-11-30 00:00:00,BALA,27
1998-12-01 00:00:00,BALA,26.5
1998-12-02 00:00:00,BALA,25
1998-12-04 00:00:00,BALA,24.5
1998-12-07 00:00:00,BALA,24
1998-12-08 00:00:00,BALA,23.25
1998-12-09 00:00:00,BALA,24.25
1998-12-10 00:00:00,BALA,25.25
1998-12-11 00:00:00,BALA,25.5
1998-12-14 00:00:00,BALA,26
1998-12-15 00:00:00,BALA,25.5
1998-12-16 00:00:00,BALA,25
1998-12-17 00:00:00,BALA,24.25
1998-12-18 00:00:00,BALA,25
1998-12-21 00:00:00,BALA,24.5
1998-12-22 00:00:00,BALA,25
1998-12-23 00:00:00,BALA,25.5
1998-12-24 00:00:00,BALA,25.5
1998-12-28 00:00:00,BALA,26
1998-12-29 00:00:00,BALA,25.75
1998-12-30 00:00:00,BALA,26
1998-12-31 00:00:00,BALA,26
1998-01-08 00:00:00,BATA,24.75
1998-01-09 00:00:00,BATA,24.75
1998-01-19 00:00:00,BATA,20.25
1998-01-22 00:00:00,BATA,20.5
1998-01-27 00:00:00,BATA,20.5
1998-01-29 00:00:00,BATA,20.5
1998-01-30 00:00:00,BATA,20
1998-02-02 00:00:00,BATA,20
1998-02-03 00:00:00,BATA,20
1998-02-06 00:00:00,BATA,20
1998-02-09 00:00:00,BATA,20
1998-02-11 00:00:00,BATA,20
1998-02-12 00:00:00,BATA,20.25
1998-02-13 00:00:00,BATA,20
1998-02-17 00:00:00,BATA,20
1998-02-18 00:00:00,BATA,22.5
1998-02-19 00:00:00,BATA,21.5
1998-02-23 00:00:00,BATA,21.75
1998-02-24 00:00:00,BATA,21.75
1998-02-25 00:00:00,BATA,21.75
1998-03-02 00:00:00,BATA,24
1998-03-03 00:00:00,BATA,24
1998-03-04 00:00:00,BATA,23.75
1998-03-05 00:00:00,BATA,23
1998-03-06 00:00:00,BATA,21.5
1998-03-09 00:00:00,BATA,22.25
1998-03-10 00:00:00,BATA,23
1998-03-11 00:00:00,BATA,23
1998-03-13 00:00:00,BATA,23.25
1998-03-16 00:00:00,BATA,22.5
1998-03-17 00:00:00,BATA,23
1998-03-18 00:00:00,BATA,23
1998-03-19 00:00:00,BATA,22.75
1998-03-23 00:00:00,BATA,22.5
1998-03-24 00:00:00,BATA,22.5
1998-03-25 00:00:00,BATA,22.25
1998-03-31 00:00:00,BATA,22.5
1998-04-01 00:00:00,BATA,23
1998-04-03 00:00:00,BATA,23
1998-04-15 00:00:00,BATA,21
1998-04-16 00:00:00,BATA,21.5
1998-04-17 00:00:00,BATA,22
1998-04-21 00:00:00,BATA,23
1998-04-22 00:00:00,BATA,22
1998-04-23 00:00:00,BATA,23
1998-04-24 00:00:00,BATA,23.25
1998-04-27 00:00:00,BATA,22
1998-04-28 00:00:00,BATA,21
1998-04-29 00:00:00,BATA,21.5
1998-04-30 00:00:00,BATA,21
1998-05-04 00:00:00,BATA,21
1998-05-05 00:00:00,BATA,21
1998-05-06 00:00:00,BATA,21
1998-05-07 00:00:00,BATA,20
1998-05-08 00:00:00,BATA,20.25
1998-05-13 00:00:00,BATA,20
1998-05-14 00:00:00,BATA,20.25
1998-05-15 00:00:00,BATA,20
1998-05-18 00:00:00,BATA,20.25
1998-05-20 00:00:00,BATA,20
1998-05-25 00:00:00,BATA,20.25
1998-05-26 00:00:00,BATA,20
1998-05-28 00:00:00,BATA,20
1998-06-01 00:00:00,BATA,20
1998-06-02 00:00:00,BATA,20
1998-06-04 00:00:00,BATA,19
1998-06-05 00:00:00,BATA,19.25
1998-06-08 00:00:00,BATA,18.5
1998-06-10 00:00:00,BATA,18
1998-06-11 00:00:00,BATA,18
1998-06-12 00:00:00,BATA,18.5
1998-06-15 00:00:00,BATA,17
1998-06-16 00:00:00,BATA,20.75
1998-06-17 00:00:00,BATA,19
1998-06-18 00:00:00,BATA,18.75
1998-06-22 00:00:00,BATA,18.75
1998-06-23 00:00:00,BATA,18.75
1998-06-24 00:00:00,BATA,18
1998-06-25 00:00:00,BATA,17.5
1998-06-26 00:00:00,BATA,18
1998-07-02 00:00:00,BATA,20
1998-07-15 00:00:00,BATA,20
1998-07-17 00:00:00,BATA,20
1998-07-20 00:00:00,BATA,20
1998-07-21 00:00:00,BATA,20
1998-07-23 00:00:00,BATA,20.75
1998-07-24 00:00:00,BATA,22.75
1998-07-27 00:00:00,BATA,22
1998-07-30 00:00:00,BATA,22
1998-08-05 00:00:00,BATA,21
1998-08-06 00:00:00,BATA,22
1998-08-11 00:00:00,BATA,22
1998-08-12 00:00:00,BATA,21.25
1998-08-14 00:00:00,BATA,21.25
1998-08-17 00:00:00,BATA,21
1998-08-21 00:00:00,BATA,20
1998-08-24 00:00:00,BATA,18
1998-08-25 00:00:00,BATA,18
1998-08-26 00:00:00,BATA,18
1998-08-27 00:00:00,BATA,18
1998-08-31 00:00:00,BATA,18
1998-09-01 00:00:00,BATA,17
1998-09-02 00:00:00,BATA,17
1998-09-03 00:00:00,BATA,17
1998-09-07 00:00:00,BATA,17.5
1998-09-10 00:00:00,BATA,20
1998-09-11 00:00:00,BATA,20
1998-09-14 00:00:00,BATA,20.5
1998-09-15 00:00:00,BATA,20.5
1998-09-17 00:00:00,BATA,20.5
1998-09-18 00:00:00,BATA,20
1998-09-23 00:00:00,BATA,20
1998-09-24 00:00:00,BATA,20
1998-09-25 00:00:00,BATA,20.5
1998-09-28 00:00:00,BATA,20.5
1998-09-30 00:00:00,BATA,20
1998-10-06 00:00:00,BATA,20.75
1998-10-07 00:00:00,BATA,20.5
1998-10-08 00:00:00,BATA,20.5
1998-10-12 00:00:00,BATA,20.5
1998-10-16 00:00:00,BATA,20.25
1998-10-20 00:00:00,BATA,21
1998-10-21 00:00:00,BATA,21
1998-10-23 00:00:00,BATA,21
1998-10-26 00:00:00,BATA,21
1998-10-27 00:00:00,BATA,20.75
1998-10-28 00:00:00,BATA,21
1998-10-30 00:00:00,BATA,21
1998-11-05 00:00:00,BATA,21.5
1998-11-09 00:00:00,BATA,22
1998-11-10 00:00:00,BATA,22
1998-11-13 00:00:00,BATA,22
1998-11-16 00:00:00,BATA,22
1998-11-17 00:00:00,BATA,22
1998-11-18 00:00:00,BATA,22
1998-11-19 00:00:00,BATA,21
1998-11-20 00:00:00,BATA,21
1998-11-23 00:00:00,BATA,23
1998-11-24 00:00:00,BATA,23.5
1998-11-25 00:00:00,BATA,24
1998-11-26 00:00:00,BATA,24
1998-11-30 00:00:00,BATA,27
1998-12-01 00:00:00,BATA,25
1998-12-02 00:00:00,BATA,26
1998-12-07 00:00:00,BATA,26.5
1998-12-08 00:00:00,BATA,26
1998-12-09 00:00:00,BATA,25
1998-12-10 00:00:00,BATA,25
1998-12-15 00:00:00,BATA,23.25
1998-12-16 00:00:00,BATA,23.25
1998-12-22 00:00:00,BATA,24
1998-12-28 00:00:00,BATA,24
1998-12-29 00:00:00,BATA,24
1998-12-30 00:00:00,BATA,24.5
1998-01-02 00:00:00,BBH,7.25
1998-01-13 00:00:00,BBH,6.75
1998-01-16 00:00:00,BBH,7
1998-01-19 00:00:00,BBH,6.5
1998-01-21 00:00:00,BBH,7.75
1998-01-22 00:00:00,BBH,8
1998-01-27 00:00:00,BBH,8
1998-01-29 00:00:00,BBH,9
1998-02-06 00:00:00,BBH,6.25
1998-02-18 00:00:00,BBH,7.25
1998-02-20 00:00:00,BBH,7.75
1998-02-23 00:00:00,BBH,6.5
1998-02-24 00:00:00,BBH,6.25
1998-03-16 00:00:00,BBH,6
1998-03-27 00:00:00,BBH,6
1998-04-06 00:00:00,BBH,6
1998-04-24 00:00:00,BBH,5
1998-04-27 00:00:00,BBH,5
1998-04-28 00:00:00,BBH,5
1998-04-29 00:00:00,BBH,6
1998-04-30 00:00:00,BBH,5.75
1998-05-05 00:00:00,BBH,5
1998-05-08 00:00:00,BBH,5
1998-05-15 00:00:00,BBH,5
1998-05-19 00:00:00,BBH,5
1998-05-21 00:00:00,BBH,5.25
1998-05-22 00:00:00,BBH,5.25
1998-05-25 00:00:00,BBH,5.25
1998-05-26 00:00:00,BBH,5.25
1998-05-27 00:00:00,BBH,6
1998-05-29 00:00:00,BBH,5.5
1998-06-10 00:00:00,BBH,5.5
1998-06-22 00:00:00,BBH,5.75
1998-06-30 00:00:00,BBH,5.5
1998-07-17 00:00:00,BBH,5
1998-07-24 00:00:00,BBH,5
1998-07-28 00:00:00,BBH,5.25
1998-07-29 00:00:00,BBH,5.5
1998-07-30 00:00:00,BBH,5.5
1998-07-31 00:00:00,BBH,5.5
1998-08-05 00:00:00,BBH,6.5
1998-08-31 00:00:00,BBH,5
1998-09-04 00:00:00,BBH,5
1998-09-10 00:00:00,BBH,5.5
1998-09-29 00:00:00,BBH,5.25
1998-10-01 00:00:00,BBH,5.25
1998-10-08 00:00:00,BBH,5.25
1998-10-19 00:00:00,BBH,5
1998-10-23 00:00:00,BBH,5.5
1998-11-17 00:00:00,BBH,5.75
1998-11-19 00:00:00,BBH,5.75
1998-11-20 00:00:00,BBH,5.75
1998-11-23 00:00:00,BBH,5.75
1998-12-07 00:00:00,BBH,5.75
1998-12-11 00:00:00,BBH,5.75
1998-12-30 00:00:00,BBH,5.75
1998-01-02 00:00:00,BFL,17.25
1998-01-05 00:00:00,BFL,17.25
1998-01-06 00:00:00,BFL,17
1998-01-07 00:00:00,BFL,16.5
1998-01-08 00:00:00,BFL,16
1998-01-09 00:00:00,BFL,15.5
1998-01-13 00:00:00,BFL,15
1998-01-15 00:00:00,BFL,15
1998-01-16 00:00:00,BFL,15
1998-01-20 00:00:00,BFL,14.75
1998-01-21 00:00:00,BFL,14.75
1998-01-22 00:00:00,BFL,14.75
1998-01-23 00:00:00,BFL,14.75
1998-01-26 00:00:00,BFL,14
1998-01-27 00:00:00,BFL,14.25
1998-01-28 00:00:00,BFL,14.25
1998-01-29 00:00:00,BFL,14.5
1998-01-30 00:00:00,BFL,14.25
1998-02-02 00:00:00,BFL,14.75
1998-02-03 00:00:00,BFL,14.75
1998-02-06 00:00:00,BFL,14.5
1998-02-09 00:00:00,BFL,14.5
1998-02-11 00:00:00,BFL,14.5
1998-02-12 00:00:00,BFL,14.25
1998-02-13 00:00:00,BFL,14.5
1998-02-16 00:00:00,BFL,16
1998-02-17 00:00:00,BFL,16
1998-02-18 00:00:00,BFL,16
1998-02-19 00:00:00,BFL,17
1998-02-20 00:00:00,BFL,16.75
1998-02-23 00:00:00,BFL,16.5
1998-02-24 00:00:00,BFL,16
1998-02-25 00:00:00,BFL,16
1998-02-26 00:00:00,BFL,16.5
1998-02-27 00:00:00,BFL,16
1998-03-02 00:00:00,BFL,16
1998-03-03 00:00:00,BFL,16
1998-03-04 00:00:00,BFL,15.5
1998-03-06 00:00:00,BFL,15.5
1998-03-09 00:00:00,BFL,15.75
1998-03-10 00:00:00,BFL,16.25
1998-03-11 00:00:00,BFL,15.5
1998-03-13 00:00:00,BFL,16
1998-03-16 00:00:00,BFL,15.5
1998-03-17 00:00:00,BFL,15.5
1998-03-18 00:00:00,BFL,15.75
1998-03-19 00:00:00,BFL,16
1998-03-20 00:00:00,BFL,15.75
1998-03-23 00:00:00,BFL,15.75
1998-03-24 00:00:00,BFL,15.75
1998-03-25 00:00:00,BFL,15.5
1998-03-26 00:00:00,BFL,15.5
1998-03-27 00:00:00,BFL,15.5
1998-03-30 00:00:00,BFL,15.25
1998-03-31 00:00:00,BFL,15.5
1998-04-01 00:00:00,BFL,15
1998-04-02 00:00:00,BFL,15
1998-04-03 00:00:00,BFL,15.25
1998-04-06 00:00:00,BFL,15
1998-04-09 00:00:00,BFL,15
1998-04-15 00:00:00,BFL,15
1998-04-16 00:00:00,BFL,15.25
1998-04-17 00:00:00,BFL,15.75
1998-04-20 00:00:00,BFL,16.25
1998-04-21 00:00:00,BFL,16
1998-04-22 00:00:00,BFL,17
1998-04-23 00:00:00,BFL,17.5
1998-04-24 00:00:00,BFL,17
1998-04-27 00:00:00,BFL,16.75
1998-04-28 00:00:00,BFL,16.5
1998-04-29 00:00:00,BFL,16.5
1998-04-30 00:00:00,BFL,16.75
1998-05-04 00:00:00,BFL,16.5
SECURITY_DA,COMP,CLOSE_PRICE
-----------,----,-----------
1998-05-05 00:00:00,BFL,16.25
1998-05-06 00:00:00,BFL,15.75
1998-05-07 00:00:00,BFL,15.75
1998-05-08 00:00:00,BFL,16.25
1998-05-13 00:00:00,BFL,16
1998-05-14 00:00:00,BFL,15.75
1998-05-15 00:00:00,BFL,15
1998-05-18 00:00:00,BFL,15.5
1998-05-19 00:00:00,BFL,15.5
1998-05-20 00:00:00,BFL,15
1998-05-21 00:00:00,BFL,15
1998-05-22 00:00:00,BFL,15.25
1998-05-25 00:00:00,BFL,15
1998-05-26 00:00:00,BFL,15
1998-05-27 00:00:00,BFL,14.5
1998-05-28 00:00:00,BFL,14
1998-05-29 00:00:00,BFL,14
1998-06-01 00:00:00,BFL,13.5
1998-06-02 00:00:00,BFL,13.5
1998-06-03 00:00:00,BFL,13.5
1998-06-05 00:00:00,BFL,13
SECURITY_DA,COMP,CLOSE_PRICE
-----------,----,-----------
1998-06-08 00:00:00,BFL,12
1998-06-10 00:00:00,BFL,12.75
1998-06-11 00:00:00,BFL,12.75
1998-06-12 00:00:00,BFL,11.5
1998-06-15 00:00:00,BFL,11.5
1998-06-16 00:00:00,BFL,10.5
1998-06-17 00:00:00,BFL,11
1998-06-18 00:00:00,BFL,12.5
1998-06-19 00:00:00,BFL,11.75
1998-06-22 00:00:00,BFL,11.5
1998-06-23 00:00:00,BFL,11
1998-06-24 00:00:00,BFL,11
1998-06-25 00:00:00,BFL,10.5
1998-06-26 00:00:00,BFL,10.75
1998-06-29 00:00:00,BFL,11
1998-06-30 00:00:00,BFL,10.5
1998-07-01 00:00:00,BFL,10.5
1998-07-02 00:00:00,BFL,11.5
1998-07-03 00:00:00,BFL,11.5
1998-07-06 00:00:00,BFL,11
1998-07-08 00:00:00,BFL,11
SECURITY_DA,COMP,CLOSE_PRICE
-----------,----,-----------
1998-07-10 00:00:00,BFL,11
1998-07-13 00:00:00,BFL,11
1998-07-14 00:00:00,BFL,11
1998-07-15 00:00:00,BFL,10.75
1998-07-16 00:00:00,BFL,11
1998-07-17 00:00:00,BFL,11
1998-07-20 00:00:00,BFL,10.75
1998-07-21 00:00:00,BFL,11
1998-07-22 00:00:00,BFL,11
1998-07-23 00:00:00,BFL,11.5
1998-07-24 00:00:00,BFL,12.75
1998-07-27 00:00:00,BFL,12
1998-07-28 00:00:00,BFL,11
1998-07-29 00:00:00,BFL,11
1998-07-30 00:00:00,BFL,11
1998-07-31 00:00:00,BFL,11
1998-08-03 00:00:00,BFL,11
1998-08-04 00:00:00,BFL,11
1998-08-06 00:00:00,BFL,11
1998-08-10 00:00:00,BFL,11
1998-08-11 00:00:00,BFL,11.5
SECURITY_DA,COMP,CLOSE_PRICE
-----------,----,-----------
1998-08-12 00:00:00,BFL,11.25
1998-08-13 00:00:00,BFL,11
1998-08-14 00:00:00,BFL,10.5
1998-08-17 00:00:00,BFL,10.5
1998-08-18 00:00:00,BFL,10.5
1998-08-19 00:00:00,BFL,10.5
1998-08-20 00:00:00,BFL,11
1998-08-21 00:00:00,BFL,10
1998-08-24 00:00:00,BFL,10
1998-08-25 00:00:00,BFL,9.5
1998-08-26 00:00:00,BFL,9.25
1998-08-27 00:00:00,BFL,9.5
1998-08-28 00:00:00,BFL,9.5
1998-08-31 00:00:00,BFL,10
1998-09-01 00:00:00,BFL,9
1998-09-02 00:00:00,BFL,9
1998-09-03 00:00:00,BFL,8.25
1998-09-04 00:00:00,BFL,8.25
1998-09-07 00:00:00,BFL,8.25
1998-09-08 00:00:00,BFL,8.75
1998-09-09 00:00:00,BFL,8.75
SECURITY_DA,COMP,CLOSE_PRICE
-----------,----,-----------
1998-09-10 00:00:00,BFL,9
1998-09-11 00:00:00,BFL,9
1998-09-14 00:00:00,BFL,9
1998-09-15 00:00:00,BFL,9
1998-09-16 00:00:00,BFL,9.5
1998-09-18 00:00:00,BFL,8.75
1998-09-21 00:00:00,BFL,9.5
1998-09-22 00:00:00,BFL,9.25
1998-09-24 00:00:00,BFL,8.75
1998-09-25 00:00:00,BFL,9
1998-09-28 00:00:00,BFL,9.25
1998-09-29 00:00:00,BFL,9
1998-09-30 00:00:00,BFL,8.75
1998-10-01 00:00:00,BFL,8.75
1998-10-02 00:00:00,BFL,9
1998-10-07 00:00:00,BFL,8.75
1998-10-08 00:00:00,BFL,9
1998-10-09 00:00:00,BFL,9
1998-10-12 00:00:00,BFL,9
1998-10-13 00:00:00,BFL,9
1998-10-15 00:00:00,BFL,8.75
SECURITY_DA,COMP,CLOSE_PRICE
-----------,----,-----------
1998-10-16 00:00:00,BFL,8.75
1998-10-19 00:00:00,BFL,9
1998-10-20 00:00:00,BFL,8.5
1998-10-22 00:00:00,BFL,8.5
1998-10-26 00:00:00,BFL,9
1998-10-27 00:00:00,BFL,9
1998-10-28 00:00:00,BFL,9
1998-10-29 00:00:00,BFL,9.25
1998-10-30 00:00:00,BFL,9.25
1998-11-02 00:00:00,BFL,9
1998-11-05 00:00:00,BFL,9.5
1998-11-06 00:00:00,BFL,9.25
1998-11-09 00:00:00,BFL,9.25
1998-11-10 00:00:00,BFL,9.25
1998-11-11 00:00:00,BFL,9.5
1998-11-12 00:00:00,BFL,9.75
1998-11-13 00:00:00,BFL,10
1998-11-16 00:00:00,BFL,10.75
1998-11-17 00:00:00,BFL,11
1998-11-18 00:00:00,BFL,12
1998-11-19 00:00:00,BFL,12.25
SECURITY_DA,COMP,CLOSE_PRICE
-----------,----,-----------
1998-11-20 00:00:00,BFL,12
1998-11-23 00:00:00,BFL,12.5
1998-11-24 00:00:00,BFL,14
1998-11-25 00:00:00,BFL,13.5
1998-11-26 00:00:00,BFL,14
1998-11-27 00:00:00,BFL,13.75
1998-11-30 00:00:00,BFL,13.5
1998-12-01 00:00:00,BFL,13.75
1998-12-02 00:00:00,BFL,13.5
1998-12-04 00:00:00,BFL,13.25
1998-12-07 00:00:00,BFL,12
1998-12-08 00:00:00,BFL,12.75
1998-12-09 00:00:00,BFL,12.75
1998-12-10 00:00:00,BFL,12.75
1998-12-11 00:00:00,BFL,12.75
1998-12-14 00:00:00,BFL,12.75
1998-12-15 00:00:00,BFL,12.75
1998-12-16 00:00:00,BFL,12.5
1998-12-17 00:00:00,BFL,12.25
1998-12-18 00:00:00,BFL,12.5
1998-12-21 00:00:00,BFL,12.5
SECURITY_DA,COMP,CLOSE_PRICE
-----------,----,-----------
1998-12-22 00:00:00,BFL,12.75
1998-12-24 00:00:00,BFL,14
1998-12-29 00:00:00,BFL,13.25
1998-12-30 00:00:00,BFL,13.25
1998-12-31 00:00:00,BFL,14
1998-01-02 00:00:00,BHR,21
1998-01-06 00:00:00,BHR,20.5
1998-01-08 00:00:00,BHR,20.5
1998-01-09 00:00:00,BHR,20
1998-01-15 00:00:00,BHR,20
1998-01-16 00:00:00,BHR,20.5
1998-01-20 00:00:00,BHR,20
1998-01-21 00:00:00,BHR,18.5
1998-01-22 00:00:00,BHR,19
1998-01-26 00:00:00,BHR,18.75
1998-02-03 00:00:00,BHR,19
1998-02-06 00:00:00,BHR,18.75
1998-02-09 00:00:00,BHR,18.75
1998-02-11 00:00:00,BHR,18.75
1998-02-18 00:00:00,BHR,19
1998-02-19 00:00:00,BHR,18.75
SECURITY_DA,COMP,CLOSE_PRICE
-----------,----,-----------
1998-02-20 00:00:00,BHR,19
1998-02-23 00:00:00,BHR,19
1998-02-24 00:00:00,BHR,19
1998-02-25 00:00:00,BHR,19
1998-02-26 00:00:00,BHR,19
1998-02-27 00:00:00,BHR,20
1998-03-03 00:00:00,BHR,21
1998-03-04 00:00:00,BHR,20.5
1998-03-05 00:00:00,BHR,21
1998-03-06 00:00:00,BHR,21
1998-03-09 00:00:00,BHR,20.5
1998-03-10 00:00:00,BHR,20.5
1998-03-11 00:00:00,BHR,20
1998-03-13 00:00:00,BHR,20.5
1998-03-16 00:00:00,BHR,21
1998-03-17 00:00:00,BHR,21
1998-03-18 00:00:00,BHR,21
1998-03-19 00:00:00,BHR,21
1998-03-20 00:00:00,BHR,21
1998-03-23 00:00:00,BHR,20.75
1998-03-24 00:00:00,BHR,21.25
SECURITY_DA,COMP,CLOSE_PRICE
-----------,----,-----------
1998-03-27 00:00:00,BHR,25
1998-03-30 00:00:00,BHR,23.5
1998-04-01 00:00:00,BHR,21
1998-04-02 00:00:00,BHR,21
1998-04-03 00:00:00,BHR,21.25
1998-04-06 00:00:00,BHR,22
1998-04-07 00:00:00,BHR,21.5
1998-04-08 00:00:00,BHR,21
1998-04-09 00:00:00,BHR,20
1998-04-16 00:00:00,BHR,18
1998-04-17 00:00:00,BHR,14.25
1998-04-28 00:00:00,BHR,15.5
1998-04-29 00:00:00,BHR,15.5
1998-04-30 00:00:00,BHR,15
1998-05-04 00:00:00,BHR,15
1998-05-05 00:00:00,BHR,15.5
1998-05-06 00:00:00,BHR,15.75
1998-05-07 00:00:00,BHR,16.5
1998-05-08 00:00:00,BHR,16.5
1998-05-15 00:00:00,BHR,16.5
1998-05-18 00:00:00,BHR,17
SECURITY_DA,COMP,CLOSE_PRICE
-----------,----,-----------
1998-05-19 00:00:00,BHR,16.5
1998-05-20 00:00:00,BHR,17
1998-05-21 00:00:00,BHR,19.75
1998-05-26 00:00:00,BHR,18.75
1998-05-28 00:00:00,BHR,16.5
1998-05-29 00:00:00,BHR,17
1998-06-02 00:00:00,BHR,18.5
1998-06-05 00:00:00,BHR,16.5
1998-06-18 00:00:00,BHR,16
1998-06-19 00:00:00,BHR,16
1998-06-22 00:00:00,BHR,16
1998-06-24 00:00:00,BHR,16.5
1998-06-30 00:00:00,BHR,15.75
1998-07-02 00:00:00,BHR,15.5
1998-07-03 00:00:00,BHR,15.5
1998-07-06 00:00:00,BHR,15.5
1998-07-13 00:00:00,BHR,15.75
1998-07-14 00:00:00,BHR,15.5
1998-07-15 00:00:00,BHR,15.75
1998-07-16 00:00:00,BHR,15.75
1998-07-20 00:00:00,BHR,16
SECURITY_DA,COMP,CLOSE_PRICE
-----------,----,-----------
1998-07-21 00:00:00,BHR,17
1998-07-23 00:00:00,BHR,17
1998-07-27 00:00:00,BHR,16.5
1998-07-28 00:00:00,BHR,16.25
1998-08-05 00:00:00,BHR,15
1998-08-06 00:00:00,BHR,15
1998-08-10 00:00:00,BHR,14
1998-08-11 00:00:00,BHR,15
1998-08-12 00:00:00,BHR,15
1998-08-13 00:00:00,BHR,15
1998-08-14 00:00:00,BHR,15.25
1998-08-17 00:00:00,BHR,15.25
1998-08-18 00:00:00,BHR,15.25
1998-08-19 00:00:00,BHR,15.25
1998-08-20 00:00:00,BHR,15
1998-08-21 00:00:00,BHR,15
1998-08-25 00:00:00,BHR,15
1998-08-26 00:00:00,BHR,14
1998-08-31 00:00:00,BHR,12.5
1998-09-01 00:00:00,BHR,12
1998-09-02 00:00:00,BHR,10
SECURITY_DA,COMP,CLOSE_PRICE
-----------,----,-----------
1998-09-10 00:00:00,BHR,10.5
1998-09-15 00:00:00,BHR,10.75
1998-09-17 00:00:00,BHR,10.5
1998-10-07 00:00:00,BHR,13.25
1998-10-09 00:00:00,BHR,13.25
1998-10-15 00:00:00,BHR,13
1998-10-21 00:00:00,BHR,11.5
1998-11-05 00:00:00,BHR,12.25
1998-11-09 00:00:00,BHR,12.25
1998-11-13 00:00:00,BHR,13.25
1998-11-16 00:00:00,BHR,13
1998-11-17 00:00:00,BHR,13
1998-11-18 00:00:00,BHR,13.5
1998-11-19 00:00:00,BHR,13.5
1998-11-20 00:00:00,BHR,13.25
1998-12-02 00:00:00,BHR,13.5
1998-12-08 00:00:00,BHR,13
1998-12-10 00:00:00,BHR,12.5
1998-12-11 00:00:00,BHR,12.5
1998-12-22 00:00:00,BHR,15
1998-12-30 00:00:00,BHR,15
1998-02-27 00:00:00,BINN,40
1998-03-02 00:00:00,BINN,36
1998-03-05 00:00:00,BINN,40
1998-03-06 00:00:00,BINN,40
1998-03-13 00:00:00,BINN,40.5
1998-03-16 00:00:00,BINN,40.25
1998-03-27 00:00:00,BINN,40
1998-04-03 00:00:00,BINN,35.25
1998-05-07 00:00:00,BINN,40
1998-06-02 00:00:00,BINN,30
1998-06-03 00:00:00,BINN,28
1998-06-12 00:00:00,BINN,29
1998-07-03 00:00:00,BINN,29
1998-09-18 00:00:00,BINN,29
1998-09-28 00:00:00,BINN,29
1998-10-09 00:00:00,BINN,25
1998-10-13 00:00:00,BINN,25
1998-10-27 00:00:00,BINN,20
1998-12-11 00:00:00,BINN,20
1998-01-02 00:00:00,BLUE,5.5
1998-01-05 00:00:00,BLUE,5.75
1998-01-06 00:00:00,BLUE,5.5
1998-01-07 00:00:00,BLUE,5.5
1998-01-08 00:00:00,BLUE,5
1998-01-09 00:00:00,BLUE,5
1998-01-13 00:00:00,BLUE,5
1998-01-15 00:00:00,BLUE,5
1998-01-16 00:00:00,BLUE,4.75
1998-01-19 00:00:00,BLUE,4.75
1998-01-20 00:00:00,BLUE,4.5
1998-01-21 00:00:00,BLUE,4.25
1998-01-22 00:00:00,BLUE,4.25
1998-01-23 00:00:00,BLUE,4.5
1998-01-26 00:00:00,BLUE,4.25
1998-01-27 00:00:00,BLUE,4.5
1998-01-28 00:00:00,BLUE,4.25
1998-01-29 00:00:00,BLUE,4.25
1998-01-30 00:00:00,BLUE,4.5
1998-02-02 00:00:00,BLUE,4.5
1998-02-03 00:00:00,BLUE,4.5
1998-02-06 00:00:00,BLUE,4.5
1998-02-09 00:00:00,BLUE,4.5
1998-02-11 00:00:00,BLUE,4.5
1998-02-12 00:00:00,BLUE,4.75
1998-02-13 00:00:00,BLUE,4.25
1998-02-16 00:00:00,BLUE,4.25
1998-02-17 00:00:00,BLUE,4.25
1998-02-18 00:00:00,BLUE,4.5
1998-02-19 00:00:00,BLUE,4.5
1998-02-20 00:00:00,BLUE,4.25
1998-02-23 00:00:00,BLUE,4.25
1998-02-24 00:00:00,BLUE,4
1998-02-25 00:00:00,BLUE,4
1998-02-26 00:00:00,BLUE,4
1998-02-27 00:00:00,BLUE,3.75
1998-03-02 00:00:00,BLUE,4
1998-03-03 00:00:00,BLUE,3.75
1998-03-04 00:00:00,BLUE,3.75
1998-03-05 00:00:00,BLUE,4
1998-03-06 00:00:00,BLUE,3.75
1998-03-09 00:00:00,BLUE,3.75
1998-03-10 00:00:00,BLUE,3.75
1998-03-11 00:00:00,BLUE,3.75
1998-03-13 00:00:00,BLUE,3.75
1998-03-16 00:00:00,BLUE,3.5
1998-03-17 00:00:00,BLUE,3.5
1998-03-18 00:00:00,BLUE,3.5
1998-03-19 00:00:00,BLUE,3.5
1998-03-20 00:00:00,BLUE,3.5
1998-03-23 00:00:00,BLUE,3.5
1998-03-24 00:00:00,BLUE,3.5
1998-03-25 00:00:00,BLUE,3.5
1998-03-26 00:00:00,BLUE,3.5
1998-03-27 00:00:00,BLUE,3.5
1998-03-30 00:00:00,BLUE,3.5
1998-03-31 00:00:00,BLUE,3.5
1998-04-01 00:00:00,BLUE,3.25
1998-04-02 00:00:00,BLUE,3.5
1998-04-03 00:00:00,BLUE,3.5
1998-04-06 00:00:00,BLUE,3.25
1998-04-07 00:00:00,BLUE,3.25
1998-04-08 00:00:00,BLUE,3.25
1998-04-09 00:00:00,BLUE,3.25
1998-04-15 00:00:00,BLUE,3.25
1998-04-16 00:00:00,BLUE,2.75
1998-04-17 00:00:00,BLUE,3
1998-04-20 00:00:00,BLUE,3
1998-04-21 00:00:00,BLUE,3.25
1998-04-22 00:00:00,BLUE,3
1998-04-23 00:00:00,BLUE,3
1998-04-24 00:00:00,BLUE,3
1998-04-27 00:00:00,BLUE,3
1998-04-28 00:00:00,BLUE,3
1998-04-29 00:00:00,BLUE,3
1998-04-30 00:00:00,BLUE,3.25
1998-05-04 00:00:00,BLUE,3
1998-05-05 00:00:00,BLUE,3
1998-05-06 00:00:00,BLUE,3
1998-05-07 00:00:00,BLUE,2.75
1998-05-08 00:00:00,BLUE,3
1998-05-13 00:00:00,BLUE,2.75
1998-05-14 00:00:00,BLUE,2.75
1998-05-15 00:00:00,BLUE,2.75
1998-05-18 00:00:00,BLUE,2.75
1998-05-19 00:00:00,BLUE,2.75
1998-05-20 00:00:00,BLUE,2
1998-05-21 00:00:00,BLUE,2.5
1998-05-22 00:00:00,BLUE,2.5
1998-05-25 00:00:00,BLUE,2.5
1998-05-26 00:00:00,BLUE,2.5
1998-05-27 00:00:00,BLUE,2.5
1998-05-28 00:00:00,BLUE,1.75
1998-05-29 00:00:00,BLUE,2.25
1998-06-01 00:00:00,BLUE,2
1998-06-02 00:00:00,BLUE,2
1998-06-03 00:00:00,BLUE,2.25
1998-06-04 00:00:00,BLUE,2
1998-06-05 00:00:00,BLUE,2
1998-06-08 00:00:00,BLUE,2
1998-06-10 00:00:00,BLUE,2
1998-06-11 00:00:00,BLUE,2
1998-06-12 00:00:00,BLUE,1.75
1998-06-15 00:00:00,BLUE,2
1998-06-16 00:00:00,BLUE,1.75
1998-06-17 00:00:00,BLUE,1.75
1998-06-18 00:00:00,BLUE,1.75
1998-06-19 00:00:00,BLUE,1.75
1998-06-22 00:00:00,BLUE,1.75
1998-06-23 00:00:00,BLUE,1.75
1998-06-24 00:00:00,BLUE,1.75
1998-06-25 00:00:00,BLUE,1.75
1998-06-26 00:00:00,BLUE,1.75
1998-06-29 00:00:00,BLUE,1.75
1998-06-30 00:00:00,BLUE,2
1998-07-01 00:00:00,BLUE,1.75
1998-07-02 00:00:00,BLUE,2
1998-07-03 00:00:00,BLUE,2
1998-07-06 00:00:00,BLUE,2.25
1998-07-08 00:00:00,BLUE,2
1998-07-10 00:00:00,BLUE,2.25
1998-07-13 00:00:00,BLUE,2.25
1998-07-14 00:00:00,BLUE,2.25
1998-07-15 00:00:00,BLUE,2
1998-07-16 00:00:00,BLUE,2.25
1998-07-17 00:00:00,BLUE,2.25
1998-07-20 00:00:00,BLUE,2.5
1998-07-21 00:00:00,BLUE,2.25
1998-07-22 00:00:00,BLUE,2.5
1998-07-23 00:00:00,BLUE,2.5
1998-07-24 00:00:00,BLUE,2.25
1998-07-28 00:00:00,BLUE,2.5
1998-07-29 00:00:00,BLUE,2.25
1998-07-30 00:00:00,BLUE,2.25
1998-07-31 00:00:00,BLUE,2.25
1998-08-03 00:00:00,BLUE,2.25
1998-08-04 00:00:00,BLUE,2.25
1998-08-05 00:00:00,BLUE,2.5
1998-08-10 00:00:00,BLUE,2.25
1998-08-11 00:00:00,BLUE,2.25
1998-08-12 00:00:00,BLUE,2.25
1998-08-13 00:00:00,BLUE,2.25
1998-08-14 00:00:00,BLUE,2
1998-08-17 00:00:00,BLUE,2.25
1998-08-18 00:00:00,BLUE,2.25
1998-08-19 00:00:00,BLUE,2.25
1998-08-20 00:00:00,BLUE,2
1998-08-21 00:00:00,BLUE,2
1998-08-24 00:00:00,BLUE,1.75
1998-08-25 00:00:00,BLUE,1.75
1998-08-26 00:00:00,BLUE,2
1998-08-27 00:00:00,BLUE,2
1998-08-28 00:00:00,BLUE,1.75
1998-08-31 00:00:00,BLUE,1.5
1998-09-01 00:00:00,BLUE,1.5
1998-09-02 00:00:00,BLUE,1.75
1998-09-03 00:00:00,BLUE,1.5
1998-09-04 00:00:00,BLUE,1.5
1998-09-07 00:00:00,BLUE,1.5
1998-09-08 00:00:00,BLUE,1.5
1998-09-09 00:00:00,BLUE,1.75
1998-09-10 00:00:00,BLUE,2
1998-09-11 00:00:00,BLUE,2
1998-09-14 00:00:00,BLUE,1.75
1998-09-15 00:00:00,BLUE,1.75
1998-09-16 00:00:00,BLUE,2
1998-09-17 00:00:00,BLUE,1.75
1998-09-18 00:00:00,BLUE,1.5
1998-09-21 00:00:00,BLUE,1.75
1998-09-22 00:00:00,BLUE,1.75
1998-09-23 00:00:00,BLUE,1.75
1998-09-24 00:00:00,BLUE,2
1998-09-25 00:00:00,BLUE,2
1998-09-28 00:00:00,BLUE,2
1998-09-29 00:00:00,BLUE,2
1998-09-30 00:00:00,BLUE,1.75
1998-10-01 00:00:00,BLUE,1.75
1998-10-02 00:00:00,BLUE,1.75
1998-10-06 00:00:00,BLUE,1.75
1998-10-07 00:00:00,BLUE,1.75
1998-10-08 00:00:00,BLUE,1.75
1998-10-09 00:00:00,BLUE,1.75
1998-10-12 00:00:00,BLUE,1.75
1998-10-13 00:00:00,BLUE,1.75
1998-10-14 00:00:00,BLUE,1.75
1998-10-15 00:00:00,BLUE,1.5
1998-10-16 00:00:00,BLUE,1.75
1998-10-19 00:00:00,BLUE,1.75
1998-10-20 00:00:00,BLUE,1.75
1998-10-21 00:00:00,BLUE,1.75
1998-10-22 00:00:00,BLUE,1.5
1998-10-23 00:00:00,BLUE,1.75
1998-10-26 00:00:00,BLUE,1.75
1998-10-27 00:00:00,BLUE,1.5
1998-11-23 00:00:00,BLUE,1.75
1998-11-24 00:00:00,BLUE,1.5
1998-11-25 00:00:00,BLUE,1.75
1998-11-26 00:00:00,BLUE,1.75
1998-11-27 00:00:00,BLUE,1.5
1998-11-30 00:00:00,BLUE,1.5
1998-12-01 00:00:00,BLUE,1.5
1998-12-02 00:00:00,BLUE,1.5
1998-12-04 00:00:00,BLUE,1.5
1998-12-07 00:00:00,BLUE,1.75
1998-12-08 00:00:00,BLUE,1.5
1998-12-09 00:00:00,BLUE,1.5
1998-12-10 00:00:00,BLUE,1.5
1998-12-11 00:00:00,BLUE,1.5
1998-12-14 00:00:00,BLUE,1.5
1998-12-15 00:00:00,BLUE,1.5
1998-12-16 00:00:00,BLUE,1.75
1998-12-17 00:00:00,BLUE,1.75
1998-12-18 00:00:00,BLUE,1.75
1998-12-21 00:00:00,BLUE,1.75
1998-12-22 00:00:00,BLUE,1.5
1998-12-23 00:00:00,BLUE,1.75
1998-12-24 00:00:00,BLUE,1.5
1998-12-28 00:00:00,BLUE,1.75
1998-12-29 00:00:00,BLUE,1.75
1998-12-30 00:00:00,BLUE,1.75
1998-12-31 00:00:00,BLUE,1.5
1998-01-02 00:00:00,BOGA,5.25
1998-01-05 00:00:00,BOGA,5.25
1998-01-06 00:00:00,BOGA,5.25
1998-01-07 00:00:00,BOGA,5.25
1998-01-08 00:00:00,BOGA,5.25
1998-01-09 00:00:00,BOGA,5
1998-01-13 00:00:00,BOGA,5.25
1998-01-15 00:00:00,BOGA,5
1998-01-16 00:00:00,BOGA,5
1998-01-19 00:00:00,BOGA,5
1998-01-20 00:00:00,BOGA,5
1998-01-21 00:00:00,BOGA,5
1998-01-22 00:00:00,BOGA,5
1998-01-23 00:00:00,BOGA,5
1998-01-26 00:00:00,BOGA,5.25
1998-01-27 00:00:00,BOGA,5
1998-01-28 00:00:00,BOGA,5
1998-01-29 00:00:00,BOGA,5
1998-01-30 00:00:00,BOGA,5
1998-02-02 00:00:00,BOGA,5
1998-02-03 00:00:00,BOGA,5
1998-02-06 00:00:00,BOGA,5
1998-02-09 00:00:00,BOGA,5.25
1998-02-11 00:00:00,BOGA,5.25
1998-02-12 00:00:00,BOGA,5.5
1998-02-13 00:00:00,BOGA,5.25
1998-02-16 00:00:00,BOGA,5.25
1998-02-17 00:00:00,BOGA,5.25
1998-02-18 00:00:00,BOGA,5.25
1998-02-19 00:00:00,BOGA,5.25
1998-02-20 00:00:00,BOGA,5.25
1998-02-23 00:00:00,BOGA,5.25
1998-02-24 00:00:00,BOGA,5.25
1998-02-25 00:00:00,BOGA,5.25
1998-02-26 00:00:00,BOGA,5.25
1998-02-27 00:00:00,BOGA,5.75
1998-03-02 00:00:00,BOGA,5.5
1998-03-03 00:00:00,BOGA,5.75
1998-03-04 00:00:00,BOGA,5.75
1998-03-05 00:00:00,BOGA,5.75
1998-03-06 00:00:00,BOGA,5.75
1998-03-09 00:00:00,BOGA,5.75
1998-03-10 00:00:00,BOGA,5.75
1998-03-11 00:00:00,BOGA,5.75
1998-03-13 00:00:00,BOGA,5.75
1998-03-16 00:00:00,BOGA,5.75
1998-03-17 00:00:00,BOGA,5.75
1998-03-18 00:00:00,BOGA,5.75
1998-03-19 00:00:00,BOGA,5.75
1998-03-20 00:00:00,BOGA,6
1998-03-24 00:00:00,BOGA,5.75
1998-03-25 00:00:00,BOGA,5.75
1998-03-26 00:00:00,BOGA,6
1998-03-27 00:00:00,BOGA,5.75
SECURITY_DA,COMP,CLOSE_PRICE
-----------,----,-----------
1998-03-31 00:00:00,BOGA,5.75
1998-04-01 00:00:00,BOGA,5.75
1998-04-02 00:00:00,BOGA,6
1998-04-03 00:00:00,BOGA,6
1998-04-06 00:00:00,BOGA,6
1998-04-07 00:00:00,BOGA,6
1998-04-08 00:00:00,BOGA,6
1998-04-09 00:00:00,BOGA,6
1998-04-15 00:00:00,BOGA,6.25
1998-04-16 00:00:00,BOGA,6.5
1998-04-17 00:00:00,BOGA,6.5
1998-04-20 00:00:00,BOGA,6.75
1998-04-21 00:00:00,BOGA,7
1998-04-22 00:00:00,BOGA,7.25
1998-04-23 00:00:00,BOGA,8.5
1998-04-24 00:00:00,BOGA,8.5
1998-04-27 00:00:00,BOGA,8.5
1998-04-28 00:00:00,BOGA,8.5
1998-04-29 00:00:00,BOGA,8.25
1998-04-30 00:00:00,BOGA,8.25
1998-05-04 00:00:00,BOGA,8.25
SECURITY_DA,COMP,CLOSE_PRICE
-----------,----,-----------
1998-05-05 00:00:00,BOGA,8.25
1998-05-06 00:00:00,BOGA,8.25
1998-05-07 00:00:00,BOGA,8
1998-05-08 00:00:00,BOGA,10
1998-05-13 00:00:00,BOGA,9
1998-05-14 00:00:00,BOGA,8.75
1998-05-15 00:00:00,BOGA,8.5
1998-05-18 00:00:00,BOGA,9
1998-05-19 00:00:00,BOGA,9
1998-05-20 00:00:00,BOGA,8.25
1998-05-21 00:00:00,BOGA,8.25
1998-05-22 00:00:00,BOGA,8.25
1998-05-25 00:00:00,BOGA,8
1998-05-26 00:00:00,BOGA,7.75
1998-05-27 00:00:00,BOGA,7.75
1998-05-28 00:00:00,BOGA,7.5
1998-05-29 00:00:00,BOGA,6.75
1998-06-02 00:00:00,BOGA,7
1998-06-03 00:00:00,BOGA,7.25
1998-06-04 00:00:00,BOGA,6.75
1998-06-08 00:00:00,BOGA,7
SECURITY_DA,COMP,CLOSE_PRICE
-----------,----,-----------
1998-06-10 00:00:00,BOGA,6.75
1998-06-11 00:00:00,BOGA,6.5
1998-06-12 00:00:00,BOGA,6.5
1998-06-15 00:00:00,BOGA,6
1998-06-16 00:00:00,BOGA,6.25
1998-06-17 00:00:00,BOGA,6.75
1998-06-18 00:00:00,BOGA,6.5
1998-06-19 00:00:00,BOGA,7
1998-06-22 00:00:00,BOGA,7
1998-06-23 00:00:00,BOGA,6.75
1998-06-24 00:00:00,BOGA,6.5
1998-06-25 00:00:00,BOGA,7
1998-06-26 00:00:00,BOGA,6.75
1998-06-29 00:00:00,BOGA,7
1998-06-30 00:00:00,BOGA,6.75
1998-07-01 00:00:00,BOGA,7
1998-07-02 00:00:00,BOGA,7
1998-07-03 00:00:00,BOGA,7
1998-07-06 00:00:00,BOGA,6.75
1998-07-10 00:00:00,BOGA,7
1998-07-13 00:00:00,BOGA,6.75
SECURITY_DA,COMP,CLOSE_PRICE
-----------,----,-----------
1998-07-14 00:00:00,BOGA,7
1998-07-15 00:00:00,BOGA,7
1998-07-16 00:00:00,BOGA,7
1998-07-21 00:00:00,BOGA,6.75
1998-07-22 00:00:00,BOGA,6.75
1998-07-23 00:00:00,BOGA,7
1998-07-24 00:00:00,BOGA,7
1998-07-28 00:00:00,BOGA,6.75
1998-07-29 00:00:00,BOGA,7
1998-07-30 00:00:00,BOGA,6.75
1998-07-31 00:00:00,BOGA,7
1998-08-03 00:00:00,BOGA,7
1998-08-04 00:00:00,BOGA,7
1998-08-05 00:00:00,BOGA,7.25
1998-08-06 00:00:00,BOGA,7.25
1998-08-10 00:00:00,BOGA,7.25
1998-08-11 00:00:00,BOGA,7.75
1998-08-12 00:00:00,BOGA,9
1998-08-13 00:00:00,BOGA,9
1998-08-14 00:00:00,BOGA,8.5
1998-08-17 00:00:00,BOGA,8
SECURITY_DA,COMP,CLOSE_PRICE
-----------,----,-----------
1998-08-18 00:00:00,BOGA,7.5
1998-08-19 00:00:00,BOGA,7.5
1998-08-20 00:00:00,BOGA,7.75
1998-08-21 00:00:00,BOGA,8.5
1998-08-24 00:00:00,BOGA,8.5
1998-08-25 00:00:00,BOGA,8
1998-08-26 00:00:00,BOGA,8
1998-08-27 00:00:00,BOGA,8.5
1998-08-28 00:00:00,BOGA,9
1998-08-31 00:00:00,BOGA,9
1998-09-01 00:00:00,BOGA,9
1998-09-02 00:00:00,BOGA,9
1998-09-03 00:00:00,BOGA,8.5
1998-09-04 00:00:00,BOGA,8.5
1998-09-07 00:00:00,BOGA,8.5
1998-09-08 00:00:00,BOGA,9
1998-09-09 00:00:00,BOGA,9
1998-09-10 00:00:00,BOGA,8.5
1998-09-11 00:00:00,BOGA,9
1998-09-14 00:00:00,BOGA,8.5
1998-09-15 00:00:00,BOGA,9
SECURITY_DA,COMP,CLOSE_PRICE
-----------,----,-----------
1998-09-16 00:00:00,BOGA,8.75
1998-09-17 00:00:00,BOGA,8.75
1998-09-18 00:00:00,BOGA,8.75
1998-09-21 00:00:00,BOGA,8.5
1998-09-22 00:00:00,BOGA,8.25
1998-09-23 00:00:00,BOGA,8.75
1998-09-24 00:00:00,BOGA,8.75
1998-09-25 00:00:00,BOGA,8.5
1998-09-29 00:00:00,BOGA,8.5
1998-09-30 00:00:00,BOGA,8.5
1998-10-01 00:00:00,BOGA,8.5
1998-10-02 00:00:00,BOGA,8.25
1998-10-06 00:00:00,BOGA,8
1998-10-07 00:00:00,BOGA,8
1998-10-08 00:00:00,BOGA,8
1998-10-09 00:00:00,BOGA,8
1998-10-12 00:00:00,BOGA,8
1998-10-13 00:00:00,BOGA,8
1998-10-14 00:00:00,BOGA,8
1998-10-15 00:00:00,BOGA,9.25
1998-10-16 00:00:00,BOGA,9
SECURITY_DA,COMP,CLOSE_PRICE
-----------,----,-----------
1998-10-19 00:00:00,BOGA,9
1998-10-20 00:00:00,BOGA,9
1998-10-21 00:00:00,BOGA,9.25
1998-10-22 00:00:00,BOGA,9
1998-10-23 00:00:00,BOGA,8.75
1998-10-26 00:00:00,BOGA,8.75
1998-10-27 00:00:00,BOGA,8.75
1998-10-28 00:00:00,BOGA,8.75
1998-10-29 00:00:00,BOGA,8.75
1998-10-30 00:00:00,BOGA,8.75
1998-11-02 00:00:00,BOGA,8.75
1998-11-04 00:00:00,BOGA,8.75
1998-11-06 00:00:00,BOGA,8.75
1998-11-09 00:00:00,BOGA,8.75
1998-11-11 00:00:00,BOGA,8.5
1998-11-12 00:00:00,BOGA,8.5
1998-11-13 00:00:00,BOGA,8.5
1998-11-16 00:00:00,BOGA,8.5
1998-11-17 00:00:00,BOGA,8.5
1998-11-18 00:00:00,BOGA,8.5
1998-11-19 00:00:00,BOGA,8.5
SECURITY_DA,COMP,CLOSE_PRICE
-----------,----,-----------
1998-11-20 00:00:00,BOGA,8.5
1998-11-23 00:00:00,BOGA,7
1998-11-24 00:00:00,BOGA,7.25
1998-11-25 00:00:00,BOGA,7.5
1998-11-26 00:00:00,BOGA,7.5
1998-11-27 00:00:00,BOGA,7.25
1998-11-30 00:00:00,BOGA,7.25
1998-12-01 00:00:00,BOGA,7
1998-12-02 00:00:00,BOGA,7
1998-12-04 00:00:00,BOGA,8
1998-12-07 00:00:00,BOGA,8
1998-12-08 00:00:00,BOGA,8
1998-12-09 00:00:00,BOGA,7.75
1998-12-10 00:00:00,BOGA,8
1998-12-14 00:00:00,BOGA,8
1998-12-15 00:00:00,BOGA,8
1998-12-16 00:00:00,BOGA,8
1998-12-17 00:00:00,BOGA,8
1998-12-18 00:00:00,BOGA,8
1998-12-21 00:00:00,BOGA,8
1998-12-23 00:00:00,BOGA,8
SECURITY_DA,COMP,CLOSE_PRICE
-----------,----,-----------
1998-12-28 00:00:00,BOGA,8
1998-12-29 00:00:00,BOGA,8
1998-12-30 00:00:00,BOGA,8.25
1998-12-31 00:00:00,BOGA,8.5
1998-01-07 00:00:00,BOPL,51
1998-01-27 00:00:00,BOPL,49
1998-02-19 00:00:00,BOPL,49.5
1998-02-27 00:00:00,BOPL,50
1998-03-03 00:00:00,BOPL,58
1998-03-04 00:00:00,BOPL,58
1998-03-05 00:00:00,BOPL,57
1998-03-26 00:00:00,BOPL,55
1998-04-02 00:00:00,BOPL,50.5
1998-04-03 00:00:00,BOPL,50
1998-04-06 00:00:00,BOPL,50.5
1998-04-09 00:00:00,BOPL,52
1998-04-15 00:00:00,BOPL,52
1998-04-23 00:00:00,BOPL,58
1998-04-24 00:00:00,BOPL,60.25
1998-04-27 00:00:00,BOPL,59.75
1998-04-28 00:00:00,BOPL,59
SECURITY_DA,COMP,CLOSE_PRICE
-----------,----,-----------
1998-04-29 00:00:00,BOPL,60.5
1998-04-30 00:00:00,BOPL,65
1998-05-04 00:00:00,BOPL,72
1998-05-05 00:00:00,BOPL,77
1998-05-06 00:00:00,BOPL,69.75
1998-05-08 00:00:00,BOPL,70
1998-05-13 00:00:00,BOPL,70
1998-05-14 00:00:00,BOPL,66
1998-05-15 00:00:00,BOPL,65
1998-05-18 00:00:00,BOPL,64
1998-05-19 00:00:00,BOPL,65
1998-05-20 00:00:00,BOPL,60
1998-05-21 00:00:00,BOPL,60.5
1998-05-22 00:00:00,BOPL,61
1998-05-25 00:00:00,BOPL,62.5
1998-05-26 00:00:00,BOPL,69
1998-05-27 00:00:00,BOPL,62.5
1998-05-28 00:00:00,BOPL,57
1998-05-29 00:00:00,BOPL,55
1998-06-01 00:00:00,BOPL,50.75
1998-06-02 00:00:00,BOPL,59
SECURITY_DA,COMP,CLOSE_PRICE
-----------,----,-----------
1998-06-03 00:00:00,BOPL,56
1998-06-04 00:00:00,BOPL,55
1998-06-05 00:00:00,BOPL,51.5
1998-06-08 00:00:00,BOPL,51.25
1998-06-10 00:00:00,BOPL,51
1998-06-11 00:00:00,BOPL,49
1998-06-12 00:00:00,BOPL,40.5
1998-06-15 00:00:00,BOPL,40
1998-06-16 00:00:00,BOPL,42
1998-06-17 00:00:00,BOPL,41
1998-06-18 00:00:00,BOPL,41.25
1998-06-19 00:00:00,BOPL,41.75
1998-06-22 00:00:00,BOPL,40.5
1998-06-23 00:00:00,BOPL,39.25
1998-06-24 00:00:00,BOPL,35
1998-06-25 00:00:00,BOPL,30.5
1998-06-26 00:00:00,BOPL,35
1998-06-29 00:00:00,BOPL,35.5
1998-06-30 00:00:00,BOPL,40
1998-07-01 00:00:00,BOPL,45
1998-07-02 00:00:00,BOPL,43
SECURITY_DA,COMP,CLOSE_PRICE
-----------,----,-----------
1998-07-03 00:00:00,BOPL,43
1998-07-06 00:00:00,BOPL,40.75
1998-07-08 00:00:00,BOPL,40.75
1998-07-10 00:00:00,BOPL,41.5
1998-07-13 00:00:00,BOPL,41
1998-07-14 00:00:00,BOPL,40.5
1998-07-15 00:00:00,BOPL,38
1998-07-16 00:00:00,BOPL,37.75
1998-07-17 00:00:00,BOPL,38.75
1998-07-20 00:00:00,BOPL,38
1998-07-21 00:00:00,BOPL,37.5
1998-07-22 00:00:00,BOPL,38
1998-07-23 00:00:00,BOPL,37.75
1998-07-24 00:00:00,BOPL,38.25
1998-07-27 00:00:00,BOPL,38
1998-07-28 00:00:00,BOPL,38.25
1998-07-29 00:00:00,BOPL,37.75
1998-07-30 00:00:00,BOPL,37.75
1998-07-31 00:00:00,BOPL,38.5
1998-08-03 00:00:00,BOPL,38
1998-08-04 00:00:00,BOPL,37
SECURITY_DA,COMP,CLOSE_PRICE
-----------,----,-----------
1998-08-05 00:00:00,BOPL,36.5
1998-08-06 00:00:00,BOPL,37.25
1998-08-10 00:00:00,BOPL,37
1998-08-11 00:00:00,BOPL,36.75
1998-08-12 00:00:00,BOPL,37
1998-08-13 00:00:00,BOPL,37
1998-08-14 00:00:00,BOPL,35.5
1998-08-17 00:00:00,BOPL,35.25
1998-08-18 00:00:00,BOPL,34
1998-08-19 00:00:00,BOPL,32.25
1998-08-20 00:00:00,BOPL,30
1998-08-21 00:00:00,BOPL,28.5
1998-08-24 00:00:00,BOPL,25.5
1998-08-25 00:00:00,BOPL,24.5
1998-08-26 00:00:00,BOPL,24.5
1998-08-27 00:00:00,BOPL,23.5
1998-08-28 00:00:00,BOPL,25
1998-08-31 00:00:00,BOPL,25
1998-09-01 00:00:00,BOPL,21
1998-09-02 00:00:00,BOPL,21.75
1998-09-03 00:00:00,BOPL,21
SECURITY_DA,COMP,CLOSE_PRICE
-----------,----,-----------
1998-09-04 00:00:00,BOPL,23
1998-09-07 00:00:00,BOPL,23
1998-09-08 00:00:00,BOPL,21.75
1998-09-09 00:00:00,BOPL,21.5
1998-09-10 00:00:00,BOPL,21.5
1998-09-11 00:00:00,BOPL,21.75
1998-09-14 00:00:00,BOPL,22
1998-09-15 00:00:00,BOPL,21
1998-09-16 00:00:00,BOPL,21
1998-09-17 00:00:00,BOPL,21.25
1998-09-18 00:00:00,BOPL,20
1998-09-21 00:00:00,BOPL,21.5
1998-09-22 00:00:00,BOPL,21.5
1998-09-23 00:00:00,BOPL,21
1998-09-24 00:00:00,BOPL,21.5
1998-09-25 00:00:00,BOPL,21.5
1998-09-28 00:00:00,BOPL,20.5
1998-09-29 00:00:00,BOPL,20
1998-09-30 00:00:00,BOPL,19.5
1998-10-01 00:00:00,BOPL,19.5
1998-10-02 00:00:00,BOPL,19.25
SECURITY_DA,COMP,CLOSE_PRICE
-----------,----,-----------
1998-10-06 00:00:00,BOPL,19
1998-10-07 00:00:00,BOPL,18.5
1998-10-08 00:00:00,BOPL,18.5
1998-10-09 00:00:00,BOPL,18
1998-10-12 00:00:00,BOPL,18
1998-10-13 00:00:00,BOPL,17
1998-10-14 00:00:00,BOPL,15.5
1998-10-15 00:00:00,BOPL,15.25
1998-10-16 00:00:00,BOPL,16
1998-10-19 00:00:00,BOPL,17
1998-10-20 00:00:00,BOPL,16.5
1998-10-21 00:00:00,BOPL,15.5
1998-10-22 00:00:00,BOPL,15.25
1998-10-23 00:00:00,BOPL,15.5
1998-10-26 00:00:00,BOPL,15.5
1998-10-27 00:00:00,BOPL,15.75
1998-10-28 00:00:00,BOPL,16
1998-10-29 00:00:00,BOPL,15.75
1998-10-30 00:00:00,BOPL,15.5
1998-11-02 00:00:00,BOPL,15.75
1998-11-04 00:00:00,BOPL,16
SECURITY_DA,COMP,CLOSE_PRICE
-----------,----,-----------
1998-11-05 00:00:00,BOPL,16
1998-11-06 00:00:00,BOPL,15.75
1998-11-09 00:00:00,BOPL,15.75
1998-11-10 00:00:00,BOPL,15
1998-11-11 00:00:00,BOPL,15.5
1998-11-12 00:00:00,BOPL,15.75
1998-11-13 00:00:00,BOPL,15.75
1998-11-16 00:00:00,BOPL,16.25
1998-11-17 00:00:00,BOPL,16
1998-11-18 00:00:00,BOPL,16.25
1998-11-19 00:00:00,BOPL,15.5
1998-11-20 00:00:00,BOPL,15
1998-11-23 00:00:00,BOPL,15.25
1998-11-24 00:00:00,BOPL,15
1998-11-25 00:00:00,BOPL,17
1998-11-26 00:00:00,BOPL,16.25
1998-11-27 00:00:00,BOPL,16.5
1998-11-30 00:00:00,BOPL,16
1998-12-01 00:00:00,BOPL,16
1998-12-02 00:00:00,BOPL,15.25
1998-12-04 00:00:00,BOPL,15.5
1998-12-07 00:00:00,BOPL,15.5
1998-12-08 00:00:00,BOPL,14.75
1998-12-09 00:00:00,BOPL,14.5
1998-12-10 00:00:00,BOPL,14.5
1998-12-11 00:00:00,BOPL,14.5
1998-12-14 00:00:00,BOPL,14.5
1998-12-15 00:00:00,BOPL,14.5
1998-12-16 00:00:00,BOPL,14.5
1998-12-17 00:00:00,BOPL,14.25
1998-12-18 00:00:00,BOPL,14.5
1998-12-21 00:00:00,BOPL,14
1998-12-22 00:00:00,BOPL,14
1998-12-23 00:00:00,BOPL,14
1998-12-24 00:00:00,BOPL,14
1998-12-28 00:00:00,BOPL,14.25
1998-12-29 00:00:00,BOPL,15.25
1998-12-30 00:00:00,BOPL,17.5
1998-12-31 00:00:00,BOPL,22
1998-01-15 00:00:00,BREW,60
1998-01-16 00:00:00,BREW,60
1998-01-20 00:00:00,BREW,60
1998-01-21 00:00:00,BREW,48.5
1998-01-26 00:00:00,BREW,49
1998-02-03 00:00:00,BREW,50
1998-02-06 00:00:00,BREW,52.5
1998-02-12 00:00:00,BREW,58
1998-02-13 00:00:00,BREW,58
1998-02-16 00:00:00,BREW,58
1998-02-17 00:00:00,BREW,58
1998-02-19 00:00:00,BREW,55
1998-02-20 00:00:00,BREW,55
1998-02-23 00:00:00,BREW,58
1998-02-25 00:00:00,BREW,56.25
1998-02-26 00:00:00,BREW,56
1998-03-04 00:00:00,BREW,56
1998-03-05 00:00:00,BREW,56
1998-03-09 00:00:00,BREW,55
1998-03-10 00:00:00,BREW,56
1998-03-13 00:00:00,BREW,56
1998-03-17 00:00:00,BREW,57.25
1998-03-18 00:00:00,BREW,58
1998-03-19 00:00:00,BREW,65
1998-03-20 00:00:00,BREW,70
1998-03-23 00:00:00,BREW,67
1998-03-24 00:00:00,BREW,65
1998-03-25 00:00:00,BREW,65.25
1998-03-26 00:00:00,BREW,65.25
1998-03-27 00:00:00,BREW,70
1998-03-31 00:00:00,BREW,70
1998-04-01 00:00:00,BREW,70
1998-04-02 00:00:00,BREW,70
1998-04-03 00:00:00,BREW,69.5
1998-04-06 00:00:00,BREW,67
1998-04-07 00:00:00,BREW,67
1998-04-08 00:00:00,BREW,67
1998-04-09 00:00:00,BREW,66
1998-04-15 00:00:00,BREW,66.25
1998-04-16 00:00:00,BREW,66.25
1998-04-17 00:00:00,BREW,67
1998-04-20 00:00:00,BREW,69.75
1998-04-21 00:00:00,BREW,70.25
1998-04-22 00:00:00,BREW,71
1998-04-23 00:00:00,BREW,74
1998-04-24 00:00:00,BREW,72.5
1998-04-27 00:00:00,BREW,73.5
1998-04-29 00:00:00,BREW,74
1998-04-30 00:00:00,BREW,74
1998-05-05 00:00:00,BREW,70
1998-05-07 00:00:00,BREW,71
1998-05-08 00:00:00,BREW,70
1998-05-13 00:00:00,BREW,70
1998-05-14 00:00:00,BREW,69
1998-05-15 00:00:00,BREW,69
1998-05-18 00:00:00,BREW,67
1998-05-19 00:00:00,BREW,67
1998-05-21 00:00:00,BREW,67
1998-05-25 00:00:00,BREW,67
1998-05-26 00:00:00,BREW,67
1998-05-28 00:00:00,BREW,65
1998-05-29 00:00:00,BREW,65
1998-06-02 00:00:00,BREW,60
1998-06-04 00:00:00,BREW,58
1998-06-11 00:00:00,BREW,58
1998-06-15 00:00:00,BREW,50
1998-06-17 00:00:00,BREW,50
1998-06-18 00:00:00,BREW,50
1998-06-19 00:00:00,BREW,50
1998-06-22 00:00:00,BREW,50
1998-06-23 00:00:00,BREW,50
1998-06-24 00:00:00,BREW,47
1998-06-26 00:00:00,BREW,47
1998-06-30 00:00:00,BREW,51
1998-07-03 00:00:00,BREW,50
1998-07-06 00:00:00,BREW,48
1998-08-20 00:00:00,BREW,45
1998-08-21 00:00:00,BREW,45
1998-08-24 00:00:00,BREW,43.5
1998-08-26 00:00:00,BREW,43
1998-08-28 00:00:00,BREW,42
1998-08-31 00:00:00,BREW,37.75
1998-09-07 00:00:00,BREW,37
1998-09-08 00:00:00,BREW,35
1998-09-10 00:00:00,BREW,37
1998-09-11 00:00:00,BREW,37
1998-09-15 00:00:00,BREW,37
1998-09-16 00:00:00,BREW,37
1998-09-17 00:00:00,BREW,37
1998-09-18 00:00:00,BREW,37
1998-09-22 00:00:00,BREW,37
1998-09-25 00:00:00,BREW,38
1998-09-28 00:00:00,BREW,40
1998-09-29 00:00:00,BREW,40
1998-10-02 00:00:00,BREW,41
1998-10-09 00:00:00,BREW,39.25
1998-10-12 00:00:00,BREW,38
1998-10-13 00:00:00,BREW,37.5
1998-10-14 00:00:00,BREW,37
1998-10-15 00:00:00,BREW,37
1998-10-30 00:00:00,BREW,38
1998-11-02 00:00:00,BREW,38
1998-11-05 00:00:00,BREW,41
1998-11-09 00:00:00,BREW,41
1998-11-10 00:00:00,BREW,41
1998-11-11 00:00:00,BREW,40
1998-11-13 00:00:00,BREW,40
1998-11-16 00:00:00,BREW,43.5
1998-11-17 00:00:00,BREW,43.5
1998-11-18 00:00:00,BREW,42
1998-11-19 00:00:00,BREW,42.5
1998-11-20 00:00:00,BREW,43
1998-11-23 00:00:00,BREW,45
1998-11-24 00:00:00,BREW,45
1998-11-25 00:00:00,BREW,50
1998-11-26 00:00:00,BREW,53
1998-11-27 00:00:00,BREW,59
1998-11-30 00:00:00,BREW,64
1998-12-01 00:00:00,BREW,60
1998-12-02 00:00:00,BREW,60
1998-12-04 00:00:00,BREW,58
1998-12-14 00:00:00,BREW,58
1998-12-17 00:00:00,BREW,52
1998-12-18 00:00:00,BREW,52
1998-12-21 00:00:00,BREW,52.25
1998-12-22 00:00:00,BREW,53
1998-12-23 00:00:00,BREW,53
1998-12-24 00:00:00,BREW,53.5
1998-12-29 00:00:00,BREW,56.5
1998-12-30 00:00:00,BREW,58
1998-12-31 00:00:00,BREW,64
1998-01-27 00:00:00,BRWN,300
1998-03-03 00:00:00,BRWN,260
1998-03-04 00:00:00,BRWN,250
1998-03-17 00:00:00,BRWN,230
1998-03-19 00:00:00,BRWN,200
1998-03-20 00:00:00,BRWN,195
1998-03-23 00:00:00,BRWN,195
1998-03-24 00:00:00,BRWN,195
1998-03-25 00:00:00,BRWN,200
1998-03-27 00:00:00,BRWN,195
1998-04-02 00:00:00,BRWN,195
1998-04-08 00:00:00,BRWN,190
1998-06-01 00:00:00,BRWN,190
1998-06-18 00:00:00,BRWN,101
1998-07-24 00:00:00,BRWN,101
1998-08-11 00:00:00,BRWN,101
1998-08-13 00:00:00,BRWN,100
1998-10-14 00:00:00,BRWN,100
1998-10-16 00:00:00,BRWN,100
SECURITY_DA,COMP,CLOSE_PRICE
-----------,----,-----------
1998-10-19 00:00:00,BRWN,100
1998-10-20 00:00:00,BRWN,100
1998-10-21 00:00:00,BRWN,100
1998-10-22 00:00:00,BRWN,100
1998-10-23 00:00:00,BRWN,100
1998-10-26 00:00:00,BRWN,100
1998-10-27 00:00:00,BRWN,100
1998-10-29 00:00:00,BRWN,100
1998-11-04 00:00:00,BRWN,95.25
1998-11-18 00:00:00,BRWN,95
1998-12-11 00:00:00,BRWN,95
1998-02-17 00:00:00,CABO,10
1998-03-10 00:00:00,CABO,8
1998-03-20 00:00:00,CABO,8
1998-04-02 00:00:00,CABO,8.5
1998-04-03 00:00:00,CABO,10
1998-06-03 00:00:00,CARE,47
1998-06-04 00:00:00,CARE,48
1998-08-31 00:00:00,CARE,50
1998-12-18 00:00:00,CARE,45
1998-12-31 00:00:00,CARE,60
SECURITY_DA,COMP,CLOSE_PRICE
-----------,----,-----------
1998-01-08 00:00:00,CARG,50
1998-01-09 00:00:00,CARG,50
1998-02-26 00:00:00,CARG,50
1998-03-06 00:00:00,CARG,50
1998-03-10 00:00:00,CARG,50
1998-03-13 00:00:00,CARG,50
1998-03-23 00:00:00,CARG,50
1998-04-22 00:00:00,CARG,50
1998-06-01 00:00:00,CARG,55
1998-06-11 00:00:00,CARG,55
1998-06-19 00:00:00,CARG,55
1998-06-24 00:00:00,CARG,55
1998-06-25 00:00:00,CARG,55
1998-06-26 00:00:00,CARG,55
1998-07-15 00:00:00,CARG,55
1998-07-20 00:00:00,CARG,55
1998-08-19 00:00:00,CARG,70
1998-08-25 00:00:00,CARG,65
1998-09-03 00:00:00,CARG,65
1998-09-10 00:00:00,CARG,65
1998-09-14 00:00:00,CARG,70
SECURITY_DA,COMP,CLOSE_PRICE
-----------,----,-----------
1998-09-18 00:00:00,CARG,51
1998-09-23 00:00:00,CARG,65
1998-09-25 00:00:00,CARG,70
1998-09-30 00:00:00,CARG,70.25
1998-10-01 00:00:00,CARG,70.25
1998-10-16 00:00:00,CARG,70.5
1998-11-12 00:00:00,CARG,90
1998-11-13 00:00:00,CARG,90
1998-11-16 00:00:00,CARG,90
1998-11-17 00:00:00,CARG,72
1998-11-18 00:00:00,CARG,70
1998-11-23 00:00:00,CARG,50
1998-11-24 00:00:00,CARG,50
1998-11-25 00:00:00,CARG,50
1998-12-21 00:00:00,CARG,50
1998-01-05 00:00:00,CARS,1000
1998-01-08 00:00:00,CARS,1000.5
1998-02-25 00:00:00,CARS,1000.5
1998-05-05 00:00:00,CARS,1000.5
1998-08-14 00:00:00,CARS,1200
1998-09-25 00:00:00,CARS,1200
1998-01-02 00:00:00,CCS,111
1998-01-05 00:00:00,CCS,111
1998-01-06 00:00:00,CCS,115
1998-01-07 00:00:00,CCS,111
1998-01-08 00:00:00,CCS,110
1998-01-09 00:00:00,CCS,110
1998-01-20 00:00:00,CCS,104
1998-01-22 00:00:00,CCS,103
1998-01-23 00:00:00,CCS,103.5
1998-01-26 00:00:00,CCS,101.5
1998-01-28 00:00:00,CCS,101
1998-01-30 00:00:00,CCS,101.5
1998-02-02 00:00:00,CCS,105
1998-02-03 00:00:00,CCS,110
1998-02-06 00:00:00,CCS,107.5
1998-02-09 00:00:00,CCS,110
1998-02-11 00:00:00,CCS,110
1998-02-12 00:00:00,CCS,111
1998-02-13 00:00:00,CCS,110.25
1998-02-16 00:00:00,CCS,110.25
1998-02-17 00:00:00,CCS,112
1998-02-18 00:00:00,CCS,112
1998-02-19 00:00:00,CCS,122
1998-02-20 00:00:00,CCS,126.25
1998-02-23 00:00:00,CCS,125.5
1998-02-24 00:00:00,CCS,125
1998-02-25 00:00:00,CCS,122
1998-02-26 00:00:00,CCS,163
1998-02-27 00:00:00,CCS,163
1998-03-02 00:00:00,CCS,160.25
1998-03-03 00:00:00,CCS,161.75
1998-03-04 00:00:00,CCS,160.5
1998-03-05 00:00:00,CCS,162
1998-03-06 00:00:00,CCS,161
1998-03-09 00:00:00,CCS,160
1998-03-10 00:00:00,CCS,161
1998-03-11 00:00:00,CCS,158
1998-03-13 00:00:00,CCS,160
1998-03-16 00:00:00,CCS,160
1998-03-17 00:00:00,CCS,159
1998-03-18 00:00:00,CCS,160
1998-03-19 00:00:00,CCS,159
1998-03-20 00:00:00,CCS,159
1998-03-24 00:00:00,CCS,158
1998-03-25 00:00:00,CCS,159
1998-03-26 00:00:00,CCS,159
1998-03-27 00:00:00,CCS,158
1998-03-30 00:00:00,CCS,158
1998-03-31 00:00:00,CCS,158
1998-04-01 00:00:00,CCS,160
1998-04-02 00:00:00,CCS,159.25
1998-04-03 00:00:00,CCS,159
1998-04-06 00:00:00,CCS,159
1998-04-07 00:00:00,CCS,159
1998-04-08 00:00:00,CCS,160
1998-04-09 00:00:00,CCS,160.5
1998-04-15 00:00:00,CCS,161
1998-04-16 00:00:00,CCS,163
1998-04-17 00:00:00,CCS,167.5
1998-04-20 00:00:00,CCS,171
1998-04-21 00:00:00,CCS,177
1998-04-22 00:00:00,CCS,196
1998-04-23 00:00:00,CCS,195
1998-04-24 00:00:00,CCS,195
1998-04-27 00:00:00,CCS,190
1998-04-28 00:00:00,CCS,189.75
1998-04-29 00:00:00,CCS,189
1998-04-30 00:00:00,CCS,190
1998-05-04 00:00:00,CCS,189
1998-05-05 00:00:00,CCS,189
1998-05-06 00:00:00,CCS,190
1998-05-07 00:00:00,CCS,185.5
1998-05-08 00:00:00,CCS,185.5
1998-05-13 00:00:00,CCS,185.5
1998-05-14 00:00:00,CCS,185
1998-05-15 00:00:00,CCS,175
1998-05-18 00:00:00,CCS,178.25
1998-05-19 00:00:00,CCS,185
1998-05-20 00:00:00,CCS,179
1998-05-21 00:00:00,CCS,181
1998-05-22 00:00:00,CCS,95
1998-05-25 00:00:00,CCS,96
1998-05-26 00:00:00,CCS,100
1998-05-27 00:00:00,CCS,98
1998-05-28 00:00:00,CCS,95
1998-05-29 00:00:00,CCS,95
1998-06-02 00:00:00,CCS,90
1998-06-03 00:00:00,CCS,90
1998-06-04 00:00:00,CCS,89
1998-06-05 00:00:00,CCS,80
1998-06-08 00:00:00,CCS,79
1998-06-10 00:00:00,CCS,80
1998-06-11 00:00:00,CCS,80.75
1998-06-12 00:00:00,CCS,85
1998-06-15 00:00:00,CCS,77.25
1998-06-16 00:00:00,CCS,80
1998-06-17 00:00:00,CCS,80
1998-06-18 00:00:00,CCS,81
1998-06-19 00:00:00,CCS,85
1998-06-22 00:00:00,CCS,85
1998-06-23 00:00:00,CCS,84.75
1998-06-24 00:00:00,CCS,80
1998-06-25 00:00:00,CCS,80
1998-06-26 00:00:00,CCS,80.5
1998-06-29 00:00:00,CCS,80.75
1998-06-30 00:00:00,CCS,81
1998-07-01 00:00:00,CCS,80
1998-07-02 00:00:00,CCS,78
1998-07-03 00:00:00,CCS,78.5
1998-07-06 00:00:00,CCS,79
1998-07-08 00:00:00,CCS,80
1998-07-10 00:00:00,CCS,78
1998-07-13 00:00:00,CCS,78
1998-07-14 00:00:00,CCS,80
1998-07-15 00:00:00,CCS,78.5
1998-07-16 00:00:00,CCS,78
1998-07-17 00:00:00,CCS,77.75
1998-07-21 00:00:00,CCS,75
1998-07-22 00:00:00,CCS,74.75
1998-07-23 00:00:00,CCS,70
1998-07-24 00:00:00,CCS,77.5
1998-07-27 00:00:00,CCS,70
1998-07-28 00:00:00,CCS,70
1998-07-29 00:00:00,CCS,70
1998-07-30 00:00:00,CCS,70
1998-07-31 00:00:00,CCS,69
1998-08-03 00:00:00,CCS,68.5
1998-08-04 00:00:00,CCS,65.75
1998-08-05 00:00:00,CCS,68.25
1998-08-06 00:00:00,CCS,68.5
1998-08-10 00:00:00,CCS,68.75
1998-08-11 00:00:00,CCS,68
1998-08-12 00:00:00,CCS,67.25
1998-08-13 00:00:00,CCS,67
1998-08-14 00:00:00,CCS,65.5
1998-08-17 00:00:00,CCS,65.5
1998-08-18 00:00:00,CCS,65.25
1998-08-20 00:00:00,CCS,64
1998-08-21 00:00:00,CCS,60.5
1998-08-24 00:00:00,CCS,55
1998-08-25 00:00:00,CCS,55.5
1998-08-26 00:00:00,CCS,60
1998-08-27 00:00:00,CCS,57.5
1998-08-28 00:00:00,CCS,60
1998-08-31 00:00:00,CCS,58
1998-09-01 00:00:00,CCS,54
1998-09-02 00:00:00,CCS,49.75
1998-09-03 00:00:00,CCS,50
1998-09-07 00:00:00,CCS,50
1998-09-08 00:00:00,CCS,51.5
1998-09-09 00:00:00,CCS,58
1998-09-10 00:00:00,CCS,60
1998-09-11 00:00:00,CCS,58.5
1998-09-14 00:00:00,CCS,61.5
1998-09-15 00:00:00,CCS,62
1998-09-16 00:00:00,CCS,63.25
1998-09-17 00:00:00,CCS,60.5
1998-09-18 00:00:00,CCS,60
1998-09-21 00:00:00,CCS,60
1998-09-22 00:00:00,CCS,62
1998-09-23 00:00:00,CCS,62
1998-09-24 00:00:00,CCS,62.5
1998-09-25 00:00:00,CCS,70
1998-09-28 00:00:00,CCS,70
1998-09-29 00:00:00,CCS,68
1998-09-30 00:00:00,CCS,67
1998-10-01 00:00:00,CCS,68
1998-10-02 00:00:00,CCS,68
1998-10-06 00:00:00,CCS,67
1998-10-07 00:00:00,CCS,67
1998-10-08 00:00:00,CCS,68
1998-10-09 00:00:00,CCS,67
1998-10-12 00:00:00,CCS,67
1998-10-13 00:00:00,CCS,66
1998-10-14 00:00:00,CCS,64.25
1998-10-15 00:00:00,CCS,65
1998-10-16 00:00:00,CCS,66
1998-10-19 00:00:00,CCS,68
1998-10-20 00:00:00,CCS,70
1998-10-22 00:00:00,CCS,66
1998-10-23 00:00:00,CCS,66
1998-10-26 00:00:00,CCS,66
1998-10-27 00:00:00,CCS,69.75
1998-10-28 00:00:00,CCS,69
1998-10-29 00:00:00,CCS,69
1998-10-30 00:00:00,CCS,69
1998-11-02 00:00:00,CCS,69.5
1998-11-04 00:00:00,CCS,70
1998-11-05 00:00:00,CCS,75
1998-11-06 00:00:00,CCS,71
1998-11-09 00:00:00,CCS,72
1998-11-10 00:00:00,CCS,74.5
1998-11-11 00:00:00,CCS,75
1998-11-12 00:00:00,CCS,75
1998-11-13 00:00:00,CCS,78
1998-11-16 00:00:00,CCS,81
1998-11-17 00:00:00,CCS,82.25
1998-11-18 00:00:00,CCS,85
1998-11-19 00:00:00,CCS,85
1998-11-20 00:00:00,CCS,82
1998-11-23 00:00:00,CCS,83
1998-11-24 00:00:00,CCS,82
1998-11-25 00:00:00,CCS,85
1998-11-26 00:00:00,CCS,85
1998-11-27 00:00:00,CCS,83
1998-11-30 00:00:00,CCS,85
1998-12-01 00:00:00,CCS,85
1998-12-02 00:00:00,CCS,83
1998-12-04 00:00:00,CCS,83
1998-12-07 00:00:00,CCS,83
1998-12-08 00:00:00,CCS,80
1998-12-09 00:00:00,CCS,80
1998-12-10 00:00:00,CCS,81
1998-12-14 00:00:00,CCS,81
1998-12-15 00:00:00,CCS,80.5
1998-12-16 00:00:00,CCS,82
1998-12-17 00:00:00,CCS,80.5
1998-12-18 00:00:00,CCS,81
1998-12-21 00:00:00,CCS,86
1998-12-22 00:00:00,CCS,86
1998-12-23 00:00:00,CCS,86
1998-12-24 00:00:00,CCS,86.75
1998-12-28 00:00:00,CCS,89.75
1998-12-29 00:00:00,CCS,88
1998-12-30 00:00:00,CCS,88.5
1998-12-31 00:00:00,CCS,89
1998-01-06 00:00:00,CDIC,22
1998-01-07 00:00:00,CDIC,25
1998-01-08 00:00:00,CDIC,25
1998-01-09 00:00:00,CDIC,23
1998-01-15 00:00:00,CDIC,25
1998-01-16 00:00:00,CDIC,24
1998-01-19 00:00:00,CDIC,25
1998-01-21 00:00:00,CDIC,25
1998-04-01 00:00:00,CDIC,32
1998-05-19 00:00:00,CDIC,32
1998-08-24 00:00:00,CDIC,32
1998-01-05 00:00:00,CERA,27
1998-01-06 00:00:00,CERA,27.25
1998-01-07 00:00:00,CERA,27.5
1998-01-08 00:00:00,CERA,27.5
1998-01-09 00:00:00,CERA,27.75
1998-01-13 00:00:00,CERA,25
1998-01-15 00:00:00,CERA,26
1998-01-16 00:00:00,CERA,25.25
1998-01-19 00:00:00,CERA,25
1998-01-20 00:00:00,CERA,25
1998-01-21 00:00:00,CERA,25
1998-01-22 00:00:00,CERA,25
1998-01-23 00:00:00,CERA,25
1998-01-26 00:00:00,CERA,25
1998-01-27 00:00:00,CERA,25
1998-01-28 00:00:00,CERA,25.25
1998-01-29 00:00:00,CERA,25
1998-02-02 00:00:00,CERA,25
1998-02-06 00:00:00,CERA,26
1998-02-09 00:00:00,CERA,25
1998-02-11 00:00:00,CERA,25.25
1998-02-12 00:00:00,CERA,26
1998-02-13 00:00:00,CERA,26
1998-02-16 00:00:00,CERA,25.5
1998-02-17 00:00:00,CERA,25.25
1998-02-18 00:00:00,CERA,25.25
1998-02-19 00:00:00,CERA,25.5
1998-02-20 00:00:00,CERA,25.5
1998-02-23 00:00:00,CERA,25.25
1998-02-24 00:00:00,CERA,25
1998-02-25 00:00:00,CERA,25
1998-02-26 00:00:00,CERA,25.5
1998-02-27 00:00:00,CERA,25
1998-03-02 00:00:00,CERA,25
1998-03-03 00:00:00,CERA,25
1998-03-04 00:00:00,CERA,25.5
1998-03-05 00:00:00,CERA,25
1998-03-06 00:00:00,CERA,25
1998-03-09 00:00:00,CERA,25
1998-03-10 00:00:00,CERA,25.25
1998-03-11 00:00:00,CERA,25.25
1998-03-13 00:00:00,CERA,25
1998-03-16 00:00:00,CERA,25
1998-03-17 00:00:00,CERA,25.25
1998-03-18 00:00:00,CERA,25.25
1998-03-19 00:00:00,CERA,25.25
1998-03-23 00:00:00,CERA,25
1998-03-24 00:00:00,CERA,25.25
1998-03-25 00:00:00,CERA,25.5
1998-03-26 00:00:00,CERA,25.5
1998-03-27 00:00:00,CERA,25
1998-03-30 00:00:00,CERA,25
1998-03-31 00:00:00,CERA,28
1998-04-01 00:00:00,CERA,25
1998-04-02 00:00:00,CERA,25
1998-04-03 00:00:00,CERA,25
1998-04-06 00:00:00,CERA,25
1998-04-07 00:00:00,CERA,25
1998-04-09 00:00:00,CERA,25.25
1998-04-16 00:00:00,CERA,26
1998-04-17 00:00:00,CERA,26
1998-04-20 00:00:00,CERA,26
1998-04-21 00:00:00,CERA,25.25
1998-04-22 00:00:00,CERA,26.5
1998-04-23 00:00:00,CERA,25
1998-04-24 00:00:00,CERA,25.25
1998-04-27 00:00:00,CERA,25.5
1998-04-28 00:00:00,CERA,25.75
1998-04-29 00:00:00,CERA,25.5
1998-04-30 00:00:00,CERA,26
1998-05-04 00:00:00,CERA,25.5
1998-05-05 00:00:00,CERA,25.5
1998-05-06 00:00:00,CERA,25.5
1998-05-07 00:00:00,CERA,24.5
1998-05-08 00:00:00,CERA,25
1998-05-13 00:00:00,CERA,25
1998-05-14 00:00:00,CERA,25
1998-05-15 00:00:00,CERA,25
1998-05-18 00:00:00,CERA,25
1998-05-19 00:00:00,CERA,25
1998-05-20 00:00:00,CERA,25
1998-05-21 00:00:00,CERA,25
1998-05-22 00:00:00,CERA,25
1998-05-25 00:00:00,CERA,25
1998-05-26 00:00:00,CERA,25
1998-05-27 00:00:00,CERA,25
1998-05-28 00:00:00,CERA,25
1998-05-29 00:00:00,CERA,25
1998-06-02 00:00:00,CERA,25
1998-06-04 00:00:00,CERA,25
1998-06-08 00:00:00,CERA,24
1998-06-10 00:00:00,CERA,24
1998-06-12 00:00:00,CERA,24
1998-06-15 00:00:00,CERA,25
1998-06-16 00:00:00,CERA,24
1998-06-17 00:00:00,CERA,24.5
1998-06-18 00:00:00,CERA,24
1998-06-19 00:00:00,CERA,24
1998-06-22 00:00:00,CERA,24
1998-06-23 00:00:00,CERA,24.25
1998-06-24 00:00:00,CERA,24
1998-06-25 00:00:00,CERA,24
1998-06-26 00:00:00,CERA,24
1998-06-29 00:00:00,CERA,24
1998-06-30 00:00:00,CERA,24
1998-07-01 00:00:00,CERA,24
1998-07-02 00:00:00,CERA,24
1998-07-03 00:00:00,CERA,24
1998-07-06 00:00:00,CERA,24
1998-07-08 00:00:00,CERA,24
1998-07-10 00:00:00,CERA,24
1998-07-13 00:00:00,CERA,24
1998-07-14 00:00:00,CERA,24
1998-07-15 00:00:00,CERA,24
1998-07-16 00:00:00,CERA,24
1998-07-17 00:00:00,CERA,24
1998-07-20 00:00:00,CERA,24
1998-07-21 00:00:00,CERA,24
1998-07-22 00:00:00,CERA,24
1998-07-23 00:00:00,CERA,24
1998-07-24 00:00:00,CERA,24
1998-07-27 00:00:00,CERA,24
1998-07-28 00:00:00,CERA,24
1998-07-29 00:00:00,CERA,24
1998-07-30 00:00:00,CERA,24
1998-07-31 00:00:00,CERA,24
1998-08-03 00:00:00,CERA,24
1998-08-04 00:00:00,CERA,24
1998-08-05 00:00:00,CERA,24
1998-08-06 00:00:00,CERA,24
1998-08-10 00:00:00,CERA,23
1998-08-11 00:00:00,CERA,23
1998-08-14 00:00:00,CERA,23
1998-08-17 00:00:00,CERA,23
1998-08-18 00:00:00,CERA,22.5
1998-08-20 00:00:00,CERA,20
1998-08-21 00:00:00,CERA,20
1998-08-24 00:00:00,CERA,20
1998-08-25 00:00:00,CERA,20
1998-08-26 00:00:00,CERA,20
1998-08-27 00:00:00,CERA,20
1998-08-28 00:00:00,CERA,20
1998-08-31 00:00:00,CERA,20
1998-09-01 00:00:00,CERA,19
1998-09-02 00:00:00,CERA,19
1998-09-03 00:00:00,CERA,19
1998-09-04 00:00:00,CERA,19
1998-09-07 00:00:00,CERA,19
1998-09-08 00:00:00,CERA,19.25
1998-09-09 00:00:00,CERA,19
1998-09-10 00:00:00,CERA,19
1998-09-14 00:00:00,CERA,19
1998-09-15 00:00:00,CERA,19
1998-09-16 00:00:00,CERA,19
1998-09-17 00:00:00,CERA,19.25
1998-09-18 00:00:00,CERA,19
1998-09-21 00:00:00,CERA,19
1998-09-23 00:00:00,CERA,19
1998-09-25 00:00:00,CERA,19
1998-09-29 00:00:00,CERA,19
1998-09-30 00:00:00,CERA,19.5
1998-10-01 00:00:00,CERA,21
1998-10-02 00:00:00,CERA,23
1998-10-08 00:00:00,CERA,19
1998-10-09 00:00:00,CERA,19.25
1998-10-12 00:00:00,CERA,19
1998-10-13 00:00:00,CERA,19
1998-10-14 00:00:00,CERA,19
1998-10-15 00:00:00,CERA,19.5
1998-10-16 00:00:00,CERA,19.25
1998-10-21 00:00:00,CERA,19
1998-10-22 00:00:00,CERA,19
1998-10-23 00:00:00,CERA,19
1998-10-28 00:00:00,CERA,19
1998-10-30 00:00:00,CERA,19
1998-11-02 00:00:00,CERA,19
1998-11-04 00:00:00,CERA,19
1998-11-06 00:00:00,CERA,19
1998-11-09 00:00:00,CERA,18.5
1998-11-12 00:00:00,CERA,15
1998-11-18 00:00:00,CERA,16.5
1998-11-19 00:00:00,CERA,16.5
1998-11-20 00:00:00,CERA,16.25
1998-11-23 00:00:00,CERA,16
1998-11-25 00:00:00,CERA,16
1998-11-27 00:00:00,CERA,17
1998-11-30 00:00:00,CERA,17
1998-12-01 00:00:00,CERA,17.5
1998-12-04 00:00:00,CERA,17.5
1998-12-07 00:00:00,CERA,17.5
1998-12-08 00:00:00,CERA,18.5
1998-12-11 00:00:00,CERA,16.75
1998-12-14 00:00:00,CERA,16.75
1998-12-15 00:00:00,CERA,13
1998-12-16 00:00:00,CERA,15
1998-12-22 00:00:00,CERA,14.5
1998-12-23 00:00:00,CERA,16
1998-12-28 00:00:00,CERA,14.5
1998-12-30 00:00:00,CERA,14.5
1998-01-16 00:00:00,CFI,8
1998-01-26 00:00:00,CFI,7.5
1998-01-27 00:00:00,CFI,7.5
1998-01-28 00:00:00,CFI,7.5
1998-01-29 00:00:00,CFI,7.5
1998-01-30 00:00:00,CFI,7
1998-02-03 00:00:00,CFI,6.75
1998-02-09 00:00:00,CFI,7.5
1998-02-11 00:00:00,CFI,7.5
1998-02-12 00:00:00,CFI,7.5
1998-02-25 00:00:00,CFI,7.75
1998-03-20 00:00:00,CFI,7
1998-04-24 00:00:00,CFI,7
1998-04-30 00:00:00,CFI,7
1998-05-07 00:00:00,CFI,7
1998-05-13 00:00:00,CFI,7
1998-05-15 00:00:00,CFI,7
1998-05-20 00:00:00,CFI,6
1998-07-08 00:00:00,CFI,5.5
1998-07-16 00:00:00,CFI,5.75
1998-08-21 00:00:00,CFI,5
1998-08-25 00:00:00,CFI,5
1998-09-01 00:00:00,CFI,5
1998-09-03 00:00:00,CFI,4.5
1998-10-30 00:00:00,CFI,5
1998-11-10 00:00:00,CFI,5.25
1998-11-11 00:00:00,CFI,5.25
1998-11-24 00:00:00,CFI,6
1998-11-30 00:00:00,CFI,6
1998-12-07 00:00:00,CFI,5.25
1998-12-08 00:00:00,CFI,5.5
1998-12-10 00:00:00,CFI,5.5
1998-01-05 00:00:00,CFIN,420
1998-01-06 00:00:00,CFIN,420
1998-01-07 00:00:00,CFIN,420
1998-01-08 00:00:00,CFIN,415
1998-01-09 00:00:00,CFIN,415
1998-01-13 00:00:00,CFIN,410
1998-01-15 00:00:00,CFIN,410.25
1998-01-20 00:00:00,CFIN,400
1998-01-21 00:00:00,CFIN,400
1998-01-23 00:00:00,CFIN,397
1998-01-26 00:00:00,CFIN,395
1998-01-27 00:00:00,CFIN,400
1998-01-28 00:00:00,CFIN,400
1998-01-29 00:00:00,CFIN,397
1998-01-30 00:00:00,CFIN,400
1998-02-02 00:00:00,CFIN,400
1998-02-03 00:00:00,CFIN,205
1998-02-06 00:00:00,CFIN,209
1998-02-09 00:00:00,CFIN,199
1998-02-11 00:00:00,CFIN,199
1998-02-13 00:00:00,CFIN,198
1998-02-16 00:00:00,CFIN,190.25
1998-02-18 00:00:00,CFIN,200
1998-02-19 00:00:00,CFIN,199
1998-02-20 00:00:00,CFIN,200
1998-02-23 00:00:00,CFIN,199
1998-02-24 00:00:00,CFIN,190
1998-02-25 00:00:00,CFIN,190.5
1998-02-26 00:00:00,CFIN,191
1998-02-27 00:00:00,CFIN,198.5
1998-03-02 00:00:00,CFIN,198
1998-03-03 00:00:00,CFIN,198
1998-03-04 00:00:00,CFIN,197.5
1998-03-06 00:00:00,CFIN,195
1998-03-09 00:00:00,CFIN,194.75
1998-03-10 00:00:00,CFIN,191
1998-03-11 00:00:00,CFIN,190
1998-03-13 00:00:00,CFIN,190
1998-03-16 00:00:00,CFIN,193.75
1998-03-17 00:00:00,CFIN,193
1998-03-18 00:00:00,CFIN,190.5
1998-03-19 00:00:00,CFIN,190
1998-03-20 00:00:00,CFIN,189.75
1998-03-26 00:00:00,CFIN,189.75
1998-03-27 00:00:00,CFIN,190
1998-03-30 00:00:00,CFIN,185
1998-03-31 00:00:00,CFIN,185
1998-04-02 00:00:00,CFIN,180.5
1998-04-03 00:00:00,CFIN,180.5
1998-04-06 00:00:00,CFIN,180.5
1998-04-07 00:00:00,CFIN,180
1998-04-09 00:00:00,CFIN,180.25
1998-04-15 00:00:00,CFIN,180.25
1998-04-16 00:00:00,CFIN,182
1998-04-17 00:00:00,CFIN,185.5
1998-04-20 00:00:00,CFIN,190
1998-04-21 00:00:00,CFIN,194.5
1998-04-22 00:00:00,CFIN,199
1998-04-23 00:00:00,CFIN,197
1998-04-24 00:00:00,CFIN,197
1998-04-27 00:00:00,CFIN,197
1998-04-28 00:00:00,CFIN,197
1998-04-29 00:00:00,CFIN,195
1998-05-04 00:00:00,CFIN,197
1998-05-05 00:00:00,CFIN,197.25
1998-05-06 00:00:00,CFIN,197.5
1998-05-07 00:00:00,CFIN,197.5
1998-05-08 00:00:00,CFIN,197.5
1998-05-13 00:00:00,CFIN,195
1998-05-14 00:00:00,CFIN,194
1998-05-15 00:00:00,CFIN,190
1998-05-19 00:00:00,CFIN,190
1998-05-20 00:00:00,CFIN,185
1998-05-22 00:00:00,CFIN,180
1998-05-25 00:00:00,CFIN,180
1998-05-28 00:00:00,CFIN,180.5
1998-05-29 00:00:00,CFIN,175
1998-06-02 00:00:00,CFIN,175
1998-06-03 00:00:00,CFIN,195
1998-06-04 00:00:00,CFIN,175.25
1998-06-11 00:00:00,CFIN,176.25
1998-06-12 00:00:00,CFIN,170
1998-06-15 00:00:00,CFIN,170
1998-06-16 00:00:00,CFIN,170
1998-06-17 00:00:00,CFIN,174.75
1998-06-18 00:00:00,CFIN,175
1998-06-19 00:00:00,CFIN,175
1998-06-22 00:00:00,CFIN,175
1998-06-23 00:00:00,CFIN,175
1998-06-24 00:00:00,CFIN,174.75
1998-06-25 00:00:00,CFIN,172
1998-06-26 00:00:00,CFIN,172
1998-06-29 00:00:00,CFIN,172
1998-06-30 00:00:00,CFIN,172
1998-07-01 00:00:00,CFIN,172
1998-07-02 00:00:00,CFIN,172
1998-07-03 00:00:00,CFIN,174
1998-07-06 00:00:00,CFIN,170
1998-07-08 00:00:00,CFIN,170
1998-07-10 00:00:00,CFIN,175
1998-07-13 00:00:00,CFIN,174
1998-07-15 00:00:00,CFIN,170
1998-07-17 00:00:00,CFIN,170
1998-07-20 00:00:00,CFIN,170
1998-07-22 00:00:00,CFIN,169.75
1998-07-23 00:00:00,CFIN,169.75
1998-07-24 00:00:00,CFIN,170
1998-07-28 00:00:00,CFIN,164
1998-07-29 00:00:00,CFIN,164
1998-07-31 00:00:00,CFIN,163
1998-08-03 00:00:00,CFIN,163
1998-08-05 00:00:00,CFIN,161
1998-08-06 00:00:00,CFIN,169.75
1998-08-10 00:00:00,CFIN,167.5
1998-08-11 00:00:00,CFIN,167.25
1998-08-12 00:00:00,CFIN,164
1998-08-13 00:00:00,CFIN,162
1998-08-14 00:00:00,CFIN,158
1998-08-17 00:00:00,CFIN,156.75
1998-08-18 00:00:00,CFIN,156.5
1998-08-20 00:00:00,CFIN,145
1998-08-21 00:00:00,CFIN,150
1998-08-24 00:00:00,CFIN,145
1998-08-25 00:00:00,CFIN,150
1998-08-26 00:00:00,CFIN,150
1998-08-27 00:00:00,CFIN,149.75
1998-08-28 00:00:00,CFIN,149.75
1998-08-31 00:00:00,CFIN,150
1998-09-01 00:00:00,CFIN,140.25
1998-09-02 00:00:00,CFIN,145
1998-09-03 00:00:00,CFIN,145
1998-09-04 00:00:00,CFIN,145
1998-09-07 00:00:00,CFIN,145
1998-09-08 00:00:00,CFIN,145
1998-09-09 00:00:00,CFIN,130
1998-09-10 00:00:00,CFIN,137.5
1998-09-11 00:00:00,CFIN,150
1998-09-14 00:00:00,CFIN,137.5
1998-09-15 00:00:00,CFIN,140
1998-09-16 00:00:00,CFIN,139
1998-09-17 00:00:00,CFIN,140
1998-09-18 00:00:00,CFIN,140
1998-09-22 00:00:00,CFIN,139
1998-09-23 00:00:00,CFIN,139
1998-09-24 00:00:00,CFIN,139.5
1998-09-25 00:00:00,CFIN,139.5
1998-09-28 00:00:00,CFIN,139.5
1998-09-29 00:00:00,CFIN,139.5
1998-09-30 00:00:00,CFIN,138.5
1998-10-01 00:00:00,CFIN,139
1998-10-02 00:00:00,CFIN,145
1998-10-07 00:00:00,CFIN,145
1998-10-08 00:00:00,CFIN,145
1998-10-09 00:00:00,CFIN,145
1998-10-12 00:00:00,CFIN,145
1998-10-13 00:00:00,CFIN,145
1998-10-14 00:00:00,CFIN,145
1998-10-15 00:00:00,CFIN,144.75
1998-10-16 00:00:00,CFIN,144.75
1998-10-19 00:00:00,CFIN,144.75
1998-10-20 00:00:00,CFIN,150
1998-10-21 00:00:00,CFIN,155
1998-10-22 00:00:00,CFIN,155
1998-10-23 00:00:00,CFIN,158
1998-10-26 00:00:00,CFIN,154
1998-10-27 00:00:00,CFIN,154
1998-10-28 00:00:00,CFIN,154.75
1998-10-29 00:00:00,CFIN,154.75
1998-10-30 00:00:00,CFIN,154.75
1998-11-02 00:00:00,CFIN,154.75
1998-11-04 00:00:00,CFIN,154.75
1998-11-05 00:00:00,CFIN,154.75
1998-11-06 00:00:00,CFIN,154.75
1998-11-09 00:00:00,CFIN,154
1998-11-10 00:00:00,CFIN,154.75
1998-11-11 00:00:00,CFIN,156
1998-11-13 00:00:00,CFIN,162
1998-11-17 00:00:00,CFIN,170
1998-11-18 00:00:00,CFIN,175
1998-11-19 00:00:00,CFIN,175.5
1998-11-20 00:00:00,CFIN,177
1998-11-23 00:00:00,CFIN,175
1998-11-24 00:00:00,CFIN,180
1998-11-25 00:00:00,CFIN,180
1998-11-26 00:00:00,CFIN,180
1998-11-27 00:00:00,CFIN,179.75
1998-12-01 00:00:00,CFIN,179
1998-12-02 00:00:00,CFIN,179.25
1998-12-04 00:00:00,CFIN,179.25
1998-12-07 00:00:00,CFIN,178.5
1998-12-08 00:00:00,CFIN,178.75
1998-12-09 00:00:00,CFIN,170
1998-12-10 00:00:00,CFIN,170
1998-12-11 00:00:00,CFIN,170
1998-12-14 00:00:00,CFIN,170
1998-12-16 00:00:00,CFIN,170
1998-12-17 00:00:00,CFIN,170
1998-12-18 00:00:00,CFIN,170
1998-12-21 00:00:00,CFIN,170
1998-12-22 00:00:00,CFIN,170
1998-12-23 00:00:00,CFIN,170
1998-12-24 00:00:00,CFIN,170
1998-12-28 00:00:00,CFIN,170
1998-12-29 00:00:00,CFIN,176
1998-12-30 00:00:00,CFIN,177
1998-12-31 00:00:00,CFIN,177
1998-01-02 00:00:00,CFLB,6.5
1998-01-05 00:00:00,CFLB,6.75
1998-01-06 00:00:00,CFLB,6.5
1998-01-07 00:00:00,CFLB,6.25
1998-01-08 00:00:00,CFLB,6.5
1998-01-09 00:00:00,CFLB,6.5
1998-01-13 00:00:00,CFLB,6.25
1998-01-15 00:00:00,CFLB,6.25
1998-01-16 00:00:00,CFLB,6
1998-01-29 00:00:00,CFLB,6
1998-02-03 00:00:00,CFLB,5.75
1998-02-06 00:00:00,CFLB,5.75
1998-02-09 00:00:00,CFLB,6
1998-02-11 00:00:00,CFLB,6
1998-02-18 00:00:00,CFLB,5.5
1998-02-23 00:00:00,CFLB,6
1998-02-24 00:00:00,CFLB,6
1998-02-26 00:00:00,CFLB,5.75
1998-03-02 00:00:00,CFLB,6
1998-03-03 00:00:00,CFLB,6
1998-03-04 00:00:00,CFLB,5.75
1998-03-05 00:00:00,CFLB,6
1998-03-09 00:00:00,CFLB,6
1998-03-10 00:00:00,CFLB,5.75
1998-03-11 00:00:00,CFLB,5.75
1998-03-13 00:00:00,CFLB,6
1998-03-17 00:00:00,CFLB,5.75
1998-03-19 00:00:00,CFLB,5.75
1998-03-23 00:00:00,CFLB,5.75
1998-03-24 00:00:00,CFLB,5.5
1998-03-26 00:00:00,CFLB,5.5
1998-03-27 00:00:00,CFLB,5.5
1998-03-30 00:00:00,CFLB,5.5
1998-03-31 00:00:00,CFLB,5.5
1998-04-01 00:00:00,CFLB,5.5
1998-04-02 00:00:00,CFLB,5.5
1998-04-03 00:00:00,CFLB,5.5
1998-04-06 00:00:00,CFLB,5.5
1998-04-09 00:00:00,CFLB,6
1998-04-15 00:00:00,CFLB,6
SECURITY_DA,COMP,CLOSE_PRICE
-----------,----,-----------
1998-04-16 00:00:00,CFLB,6.25
1998-04-17 00:00:00,CFLB,6.5
1998-04-22 00:00:00,CFLB,6.75
1998-04-24 00:00:00,CFLB,6.75
1998-04-30 00:00:00,CFLB,6
1998-05-04 00:00:00,CFLB,6
1998-05-05 00:00:00,CFLB,6.25
1998-05-06 00:00:00,CFLB,6.25
1998-05-08 00:00:00,CFLB,6
1998-05-13 00:00:00,CFLB,6
1998-05-14 00:00:00,CFLB,5.75
1998-05-15 00:00:00,CFLB,5.75
1998-05-18 00:00:00,CFLB,5.5
1998-05-19 00:00:00,CFLB,5.5
1998-05-20 00:00:00,CFLB,5.5
1998-05-21 00:00:00,CFLB,5.5
1998-05-25 00:00:00,CFLB,5.5
1998-05-27 00:00:00,CFLB,5.5
1998-05-28 00:00:00,CFLB,5.5
1998-06-01 00:00:00,CFLB,5.5
1998-06-04 00:00:00,CFLB,5.5
SECURITY_DA,COMP,CLOSE_PRICE
-----------,----,-----------
1998-06-05 00:00:00,CFLB,5.5
1998-06-10 00:00:00,CFLB,5.25
1998-06-11 00:00:00,CFLB,5.25
1998-06-12 00:00:00,CFLB,5
1998-06-15 00:00:00,CFLB,5
1998-06-16 00:00:00,CFLB,5
1998-06-17 00:00:00,CFLB,5
1998-06-22 00:00:00,CFLB,5
1998-06-24 00:00:00,CFLB,5
1998-06-25 00:00:00,CFLB,4.5
1998-06-26 00:00:00,CFLB,4.75
1998-06-29 00:00:00,CFLB,4.75
1998-07-01 00:00:00,CFLB,5
1998-07-08 00:00:00,CFLB,5
1998-07-10 00:00:00,CFLB,5
1998-07-13 00:00:00,CFLB,4.75
1998-07-14 00:00:00,CFLB,4.75
1998-07-15 00:00:00,CFLB,4.5
1998-07-16 00:00:00,CFLB,4.75
1998-07-27 00:00:00,CFLB,4.5
1998-07-28 00:00:00,CFLB,4.5
SECURITY_DA,COMP,CLOSE_PRICE
-----------,----,-----------
1998-07-30 00:00:00,CFLB,4.5
1998-07-31 00:00:00,CFLB,5
1998-08-14 00:00:00,CFLB,4.5
1998-08-20 00:00:00,CFLB,4.5
1998-08-25 00:00:00,CFLB,4.5
1998-08-26 00:00:00,CFLB,4.5
1998-08-27 00:00:00,CFLB,4.5
1998-08-31 00:00:00,CFLB,4.25
1998-09-01 00:00:00,CFLB,4.5
1998-09-02 00:00:00,CFLB,4.5
1998-09-03 00:00:00,CFLB,4.25
1998-09-04 00:00:00,CFLB,4.25
1998-09-07 00:00:00,CFLB,4.5
1998-09-08 00:00:00,CFLB,4.5
1998-09-09 00:00:00,CFLB,4.5
1998-09-17 00:00:00,CFLB,4
1998-09-18 00:00:00,CFLB,4.25
1998-09-24 00:00:00,CFLB,4
1998-09-25 00:00:00,CFLB,4
1998-09-30 00:00:00,CFLB,4.25
1998-10-01 00:00:00,CFLB,4.25
SECURITY_DA,COMP,CLOSE_PRICE
-----------,----,-----------
1998-10-02 00:00:00,CFLB,4.5
1998-10-06 00:00:00,CFLB,4
1998-10-07 00:00:00,CFLB,4.25
1998-10-08 00:00:00,CFLB,4.25
1998-10-09 00:00:00,CFLB,4
1998-10-12 00:00:00,CFLB,4
1998-10-14 00:00:00,CFLB,4
1998-10-16 00:00:00,CFLB,4
1998-10-20 00:00:00,CFLB,4
1998-10-22 00:00:00,CFLB,4
1998-10-23 00:00:00,CFLB,3.25
1998-10-26 00:00:00,CFLB,3.25
1998-10-27 00:00:00,CFLB,3.25
1998-10-29 00:00:00,CFLB,3.25
1998-10-30 00:00:00,CFLB,3.25
1998-11-02 00:00:00,CFLB,3.25
1998-11-04 00:00:00,CFLB,3.25
1998-11-05 00:00:00,CFLB,3.25
1998-11-06 00:00:00,CFLB,3.25
1998-11-09 00:00:00,CFLB,3.5
1998-11-10 00:00:00,CFLB,3.25
SECURITY_DA,COMP,CLOSE_PRICE
-----------,----,-----------
1998-11-11 00:00:00,CFLB,3.25
1998-11-12 00:00:00,CFLB,3.25
1998-11-13 00:00:00,CFLB,3.5
1998-11-16 00:00:00,CFLB,3.5
1998-11-17 00:00:00,CFLB,3.5
1998-11-18 00:00:00,CFLB,3.5
1998-11-19 00:00:00,CFLB,3.25
1998-11-23 00:00:00,CFLB,3.5
1998-11-24 00:00:00,CFLB,3.5
1998-11-25 00:00:00,CFLB,3.25
1998-11-27 00:00:00,CFLB,3.25
1998-12-04 00:00:00,CFLB,3.5
1998-12-07 00:00:00,CFLB,3.25
1998-12-08 00:00:00,CFLB,3.25
1998-12-09 00:00:00,CFLB,3.25
1998-12-14 00:00:00,CFLB,3.25
1998-12-15 00:00:00,CFLB,3.25
1998-12-17 00:00:00,CFLB,3.25
1998-12-23 00:00:00,CFLB,3.25
1998-12-24 00:00:00,CFLB,3.25
1998-03-23 00:00:00,CFT,32.5
SECURITY_DA,COMP,CLOSE_PRICE
-----------,----,-----------
1998-10-20 00:00:00,CFT,33
1998-01-02 00:00:00,CFVF,7.25
1998-01-05 00:00:00,CFVF,7.25
1998-01-06 00:00:00,CFVF,7.25
1998-01-07 00:00:00,CFVF,7.25
1998-01-08 00:00:00,CFVF,7
1998-01-09 00:00:00,CFVF,7
1998-01-13 00:00:00,CFVF,6.75
1998-01-15 00:00:00,CFVF,6.5
1998-01-16 00:00:00,CFVF,6.5
1998-01-20 00:00:00,CFVF,6.5
1998-01-21 00:00:00,CFVF,6.5
1998-01-26 00:00:00,CFVF,6.25
1998-01-27 00:00:00,CFVF,6
1998-01-28 00:00:00,CFVF,6.25
1998-01-29 00:00:00,CFVF,6.25
1998-01-30 00:00:00,CFVF,6.25
1998-02-02 00:00:00,CFVF,6
1998-02-03 00:00:00,CFVF,6
1998-02-06 00:00:00,CFVF,6
1998-02-09 00:00:00,CFVF,6
SECURITY_DA,COMP,CLOSE_PRICE
-----------,----,-----------
1998-02-11 00:00:00,CFVF,6
1998-02-12 00:00:00,CFVF,6
1998-02-13 00:00:00,CFVF,6
1998-02-17 00:00:00,CFVF,6.5
1998-02-18 00:00:00,CFVF,6
1998-02-19 00:00:00,CFVF,6
1998-02-20 00:00:00,CFVF,6
1998-02-24 00:00:00,CFVF,6.25
1998-02-25 00:00:00,CFVF,6
1998-02-26 00:00:00,CFVF,6
1998-02-27 00:00:00,CFVF,6
1998-03-03 00:00:00,CFVF,5.75
1998-03-04 00:00:00,CFVF,5.75
1998-03-05 00:00:00,CFVF,5.75
1998-03-06 00:00:00,CFVF,5.75
1998-03-09 00:00:00,CFVF,6
1998-03-10 00:00:00,CFVF,5.75
1998-03-11 00:00:00,CFVF,5.75
1998-03-13 00:00:00,CFVF,5.5
1998-03-16 00:00:00,CFVF,5.25
1998-03-17 00:00:00,CFVF,5.5
SECURITY_DA,COMP,CLOSE_PRICE
-----------,----,-----------
1998-03-18 00:00:00,CFVF,5.25
1998-03-19 00:00:00,CFVF,5.25
1998-03-20 00:00:00,CFVF,5.25
1998-03-23 00:00:00,CFVF,5.5
1998-03-24 00:00:00,CFVF,5.25
1998-03-26 00:00:00,CFVF,5.5
1998-03-27 00:00:00,CFVF,5.25
1998-03-31 00:00:00,CFVF,5.25
1998-04-02 00:00:00,CFVF,4.5
1998-04-03 00:00:00,CFVF,5
1998-04-06 00:00:00,CFVF,4.5
1998-04-07 00:00:00,CFVF,4.5
1998-04-08 00:00:00,CFVF,4.75
1998-04-09 00:00:00,CFVF,5
1998-04-15 00:00:00,CFVF,5
1998-04-17 00:00:00,CFVF,5
1998-04-20 00:00:00,CFVF,5
1998-04-22 00:00:00,CFVF,4.75
1998-04-23 00:00:00,CFVF,4.75
1998-04-24 00:00:00,CFVF,4.75
1998-04-27 00:00:00,CFVF,4.75
SECURITY_DA,COMP,CLOSE_PRICE
-----------,----,-----------
1998-04-28 00:00:00,CFVF,4.5
1998-04-29 00:00:00,CFVF,4.25
1998-04-30 00:00:00,CFVF,4.25
1998-05-05 00:00:00,CFVF,4.25
1998-05-06 00:00:00,CFVF,4.25
1998-05-07 00:00:00,CFVF,4
1998-05-08 00:00:00,CFVF,4
1998-05-13 00:00:00,CFVF,4
1998-05-14 00:00:00,CFVF,4
1998-05-15 00:00:00,CFVF,4
1998-05-18 00:00:00,CFVF,3.75
1998-05-19 00:00:00,CFVF,4.25
1998-05-20 00:00:00,CFVF,4
1998-05-21 00:00:00,CFVF,4.5
1998-05-22 00:00:00,CFVF,4.5
1998-05-25 00:00:00,CFVF,4.5
1998-05-26 00:00:00,CFVF,4
1998-05-27 00:00:00,CFVF,4
1998-05-28 00:00:00,CFVF,4
1998-05-29 00:00:00,CFVF,4
1998-06-01 00:00:00,CFVF,4
SECURITY_DA,COMP,CLOSE_PRICE
-----------,----,-----------
1998-06-02 00:00:00,CFVF,4
1998-06-03 00:00:00,CFVF,4
1998-06-04 00:00:00,CFVF,4.5
1998-06-05 00:00:00,CFVF,4.75
1998-06-10 00:00:00,CFVF,5
1998-06-11 00:00:00,CFVF,5
1998-06-12 00:00:00,CFVF,4.75
1998-06-15 00:00:00,CFVF,4.75
1998-06-16 00:00:00,CFVF,5.25
1998-06-17 00:00:00,CFVF,5
1998-06-18 00:00:00,CFVF,4.75
1998-06-19 00:00:00,CFVF,5.25
1998-06-24 00:00:00,CFVF,4.75
1998-06-25 00:00:00,CFVF,4.75
1998-06-26 00:00:00,CFVF,4.75
1998-06-29 00:00:00,CFVF,4.75
1998-07-01 00:00:00,CFVF,4.75
1998-07-02 00:00:00,CFVF,5
1998-07-03 00:00:00,CFVF,5
1998-07-06 00:00:00,CFVF,4.75
1998-07-08 00:00:00,CFVF,5
SECURITY_DA,COMP,CLOSE_PRICE
-----------,----,-----------
1998-07-13 00:00:00,CFVF,5
1998-07-14 00:00:00,CFVF,5
1998-07-15 00:00:00,CFVF,5
1998-07-16 00:00:00,CFVF,5
1998-07-17 00:00:00,CFVF,5
1998-07-20 00:00:00,CFVF,5
1998-07-22 00:00:00,CFVF,5
1998-07-23 00:00:00,CFVF,5
1998-07-24 00:00:00,CFVF,5.25
1998-07-27 00:00:00,CFVF,5.25
1998-07-28 00:00:00,CFVF,6.5
1998-08-06 00:00:00,CFVF,5.5
1998-08-10 00:00:00,CFVF,5.5
1998-08-11 00:00:00,CFVF,5.75
1998-08-12 00:00:00,CFVF,5.75
1998-08-14 00:00:00,CFVF,5.75
1998-08-17 00:00:00,CFVF,5.5
1998-08-18 00:00:00,CFVF,6
1998-08-19 00:00:00,CFVF,5.75
1998-08-20 00:00:00,CFVF,5.75
1998-08-21 00:00:00,CFVF,5.75
SECURITY_DA,COMP,CLOSE_PRICE
-----------,----,-----------
1998-08-24 00:00:00,CFVF,5.75
1998-08-25 00:00:00,CFVF,5.5
1998-08-26 00:00:00,CFVF,5.75
1998-08-27 00:00:00,CFVF,5.75
1998-08-28 00:00:00,CFVF,5.75
1998-08-31 00:00:00,CFVF,5.75
1998-09-01 00:00:00,CFVF,5.5
1998-09-02 00:00:00,CFVF,5.25
1998-09-10 00:00:00,CFVF,4.75
1998-09-14 00:00:00,CFVF,4.75
1998-09-18 00:00:00,CFVF,4.5
1998-09-22 00:00:00,CFVF,4.75
1998-09-23 00:00:00,CFVF,4.75
1998-09-25 00:00:00,CFVF,4.75
1998-09-29 00:00:00,CFVF,4.75
1998-10-02 00:00:00,CFVF,4.5
1998-10-07 00:00:00,CFVF,4.5
1998-10-09 00:00:00,CFVF,4.5
1998-10-13 00:00:00,CFVF,4.5
1998-10-14 00:00:00,CFVF,4.25
1998-10-19 00:00:00,CFVF,4.25
SECURITY_DA,COMP,CLOSE_PRICE
-----------,----,-----------
1998-10-20 00:00:00,CFVF,4.25
1998-10-21 00:00:00,CFVF,4.25
1998-10-22 00:00:00,CFVF,4.5
1998-10-23 00:00:00,CFVF,4.25
1998-10-27 00:00:00,CFVF,4.5
1998-10-29 00:00:00,CFVF,4
1998-10-30 00:00:00,CFVF,4.5
1998-11-06 00:00:00,CFVF,4.5
1998-11-11 00:00:00,CFVF,4.25
1998-11-12 00:00:00,CFVF,4
1998-11-13 00:00:00,CFVF,4
1998-11-16 00:00:00,CFVF,4
1998-11-17 00:00:00,CFVF,4
1998-11-18 00:00:00,CFVF,3.75
1998-11-19 00:00:00,CFVF,3.75
1998-11-20 00:00:00,CFVF,4
1998-11-23 00:00:00,CFVF,4
1998-11-24 00:00:00,CFVF,4
1998-11-25 00:00:00,CFVF,4
1998-11-26 00:00:00,CFVF,4.25
1998-11-27 00:00:00,CFVF,4
SECURITY_DA,COMP,CLOSE_PRICE
-----------,----,-----------
1998-11-30 00:00:00,CFVF,4
1998-12-02 00:00:00,CFVF,4
1998-12-04 00:00:00,CFVF,4
1998-12-11 00:00:00,CFVF,3.75
1998-12-14 00:00:00,CFVF,4
1998-12-15 00:00:00,CFVF,3.75
1998-12-16 00:00:00,CFVF,3.75
1998-12-24 00:00:00,CFVF,3.75
1998-12-28 00:00:00,CFVF,3.75
1998-12-30 00:00:00,CFVF,4
1998-12-31 00:00:00,CFVF,4
1998-01-06 00:00:00,CHMX,48
1998-01-16 00:00:00,CHMX,46.25
1998-01-23 00:00:00,CHMX,46.25
1998-02-11 00:00:00,CHMX,46.25
1998-02-16 00:00:00,CHMX,46
1998-02-18 00:00:00,CHMX,46
1998-02-19 00:00:00,CHMX,46
1998-02-23 00:00:00,CHMX,41
1998-02-24 00:00:00,CHMX,41
1998-03-05 00:00:00,CHMX,40
SECURITY_DA,COMP,CLOSE_PRICE
-----------,----,-----------
1998-03-09 00:00:00,CHMX,40
1998-03-10 00:00:00,CHMX,40.25
1998-03-11 00:00:00,CHMX,40.25
1998-03-16 00:00:00,CHMX,40
1998-03-17 00:00:00,CHMX,40.25
1998-03-20 00:00:00,CHMX,41.5
1998-03-30 00:00:00,CHMX,41.5
1998-03-31 00:00:00,CHMX,41.5
1998-04-01 00:00:00,CHMX,40
1998-04-03 00:00:00,CHMX,40
1998-04-07 00:00:00,CHMX,40
1998-04-08 00:00:00,CHMX,40
1998-04-16 00:00:00,CHMX,40
1998-04-22 00:00:00,CHMX,40
1998-04-23 00:00:00,CHMX,40.25
1998-04-28 00:00:00,CHMX,43
1998-05-25 00:00:00,CHMX,42.75
1998-06-01 00:00:00,CHMX,38
1998-06-02 00:00:00,CHMX,38
1998-06-03 00:00:00,CHMX,38.5
1998-06-04 00:00:00,CHMX,38
SECURITY_DA,COMP,CLOSE_PRICE
-----------,----,-----------
1998-06-05 00:00:00,CHMX,39
1998-06-10 00:00:00,CHMX,39.25
1998-06-11 00:00:00,CHMX,40
1998-06-15 00:00:00,CHMX,40
1998-06-16 00:00:00,CHMX,40
1998-06-18 00:00:00,CHMX,41
1998-06-22 00:00:00,CHMX,44
1998-06-25 00:00:00,CHMX,43
1998-06-30 00:00:00,CHMX,40
1998-07-01 00:00:00,CHMX,40
1998-07-02 00:00:00,CHMX,40.25
1998-07-03 00:00:00,CHMX,42
1998-07-14 00:00:00,CHMX,40
1998-07-15 00:00:00,CHMX,40
1998-07-16 00:00:00,CHMX,39.5
1998-07-24 00:00:00,CHMX,39
1998-07-27 00:00:00,CHMX,40
1998-07-28 00:00:00,CHMX,40
1998-07-29 00:00:00,CHMX,40
1998-07-30 00:00:00,CHMX,40
1998-08-28 00:00:00,CHMX,34.75
SECURITY_DA,COMP,CLOSE_PRICE
-----------,----,-----------
1998-08-31 00:00:00,CHMX,30
1998-09-01 00:00:00,CHMX,30
1998-09-02 00:00:00,CHMX,26.5
1998-09-04 00:00:00,CHMX,28
1998-09-10 00:00:00,CHMX,33
1998-09-15 00:00:00,CHMX,33
1998-09-17 00:00:00,CHMX,30
1998-10-09 00:00:00,CHMX,28
1998-10-13 00:00:00,CHMX,28
1998-10-14 00:00:00,CHMX,28.25
1998-10-19 00:00:00,CHMX,28.5
1998-10-22 00:00:00,CHMX,28.5
1998-10-23 00:00:00,CHMX,28
1998-10-26 00:00:00,CHMX,28
1998-10-30 00:00:00,CHMX,28.25
1998-11-12 00:00:00,CHMX,28
1998-11-13 00:00:00,CHMX,27.75
1998-11-18 00:00:00,CHMX,28.25
1998-11-27 00:00:00,CHMX,28.5
1998-11-30 00:00:00,CHMX,29
1998-12-01 00:00:00,CHMX,29.5
SECURITY_DA,COMP,CLOSE_PRICE
-----------,----,-----------
1998-12-04 00:00:00,CHMX,29.5
1998-12-08 00:00:00,CHMX,29.25
1998-12-14 00:00:00,CHMX,29.25
1998-12-24 00:00:00,CHMX,30
1998-12-29 00:00:00,CHMX,30
1998-12-31 00:00:00,CHMX,31
1998-01-05 00:00:00,CHOT,90
1998-01-06 00:00:00,CHOT,90
1998-01-13 00:00:00,CHOT,90
1998-01-15 00:00:00,CHOT,90
1998-01-16 00:00:00,CHOT,90
1998-01-19 00:00:00,CHOT,90
1998-01-21 00:00:00,CHOT,85
1998-02-03 00:00:00,CHOT,80
1998-02-06 00:00:00,CHOT,80
1998-02-11 00:00:00,CHOT,80
1998-02-17 00:00:00,CHOT,75
1998-02-19 00:00:00,CHOT,70
1998-03-04 00:00:00,CHOT,70
1998-03-05 00:00:00,CHOT,70
1998-03-09 00:00:00,CHOT,70
SECURITY_DA,COMP,CLOSE_PRICE
-----------,----,-----------
1998-03-16 00:00:00,CHOT,65
1998-03-17 00:00:00,CHOT,65
1998-03-18 00:00:00,CHOT,66
1998-03-20 00:00:00,CHOT,66.25
1998-03-24 00:00:00,CHOT,67
1998-03-26 00:00:00,CHOT,67
1998-04-07 00:00:00,CHOT,67
1998-04-21 00:00:00,CHOT,65
1998-04-23 00:00:00,CHOT,67
1998-04-28 00:00:00,CHOT,67.5
1998-04-29 00:00:00,CHOT,67
1998-05-14 00:00:00,CHOT,67
1998-05-18 00:00:00,CHOT,67
1998-05-19 00:00:00,CHOT,68
1998-05-21 00:00:00,CHOT,69
1998-06-10 00:00:00,CHOT,69
1998-06-11 00:00:00,CHOT,65
1998-06-16 00:00:00,CHOT,65
1998-06-23 00:00:00,CHOT,65
1998-06-24 00:00:00,CHOT,65.5
1998-06-29 00:00:00,CHOT,65
SECURITY_DA,COMP,CLOSE_PRICE
-----------,----,-----------
1998-07-01 00:00:00,CHOT,65
1998-07-03 00:00:00,CHOT,65
1998-07-08 00:00:00,CHOT,70
1998-07-14 00:00:00,CHOT,75
1998-07-27 00:00:00,CHOT,80
1998-07-28 00:00:00,CHOT,80
1998-07-29 00:00:00,CHOT,80
1998-08-04 00:00:00,CHOT,97
1998-08-05 00:00:00,CHOT,97
1998-08-10 00:00:00,CHOT,105
1998-08-13 00:00:00,CHOT,100
1998-08-14 00:00:00,CHOT,100
1998-08-17 00:00:00,CHOT,105
1998-08-24 00:00:00,CHOT,100
1998-08-26 00:00:00,CHOT,90
1998-08-28 00:00:00,CHOT,85
1998-09-01 00:00:00,CHOT,75
1998-09-03 00:00:00,CHOT,70
1998-09-04 00:00:00,CHOT,65
1998-09-07 00:00:00,CHOT,60
1998-09-30 00:00:00,CHOT,70
SECURITY_DA,COMP,CLOSE_PRICE
-----------,----,-----------
1998-10-06 00:00:00,CHOT,70
1998-10-08 00:00:00,CHOT,70
1998-10-13 00:00:00,CHOT,70
1998-10-20 00:00:00,CHOT,71
1998-11-11 00:00:00,CHOT,74.5
1998-11-12 00:00:00,CHOT,100
1998-11-16 00:00:00,CHOT,100
1998-11-17 00:00:00,CHOT,100
1998-11-18 00:00:00,CHOT,95
1998-11-19 00:00:00,CHOT,95
1998-11-24 00:00:00,CHOT,95
1998-11-30 00:00:00,CHOT,95
1998-12-09 00:00:00,CHOT,90
1998-12-15 00:00:00,CHOT,85
1998-12-21 00:00:00,CHOT,85
1998-01-13 00:00:00,CHOU,9
1998-02-06 00:00:00,CHOU,9
1998-02-24 00:00:00,CHOU,9
1998-02-25 00:00:00,CHOU,8.5
1998-03-06 00:00:00,CHOU,8.5
1998-03-10 00:00:00,CHOU,8.5
SECURITY_DA,COMP,CLOSE_PRICE
-----------,----,-----------
1998-03-16 00:00:00,CHOU,8.5
1998-03-23 00:00:00,CHOU,7.75
1998-03-27 00:00:00,CHOU,7.75
1998-04-03 00:00:00,CHOU,7.5
1998-05-27 00:00:00,CHOU,7
1998-05-28 00:00:00,CHOU,7
1998-06-03 00:00:00,CHOU,7
1998-06-15 00:00:00,CHOU,7
1998-06-17 00:00:00,CHOU,6.75
1998-06-18 00:00:00,CHOU,6.5
1998-06-30 00:00:00,CHOU,6.5
1998-08-05 00:00:00,CHOU,7
1998-08-10 00:00:00,CHOU,7
1998-08-14 00:00:00,CHOU,7
1998-08-27 00:00:00,CHOU,7
1998-08-31 00:00:00,CHOU,6.25
1998-09-01 00:00:00,CHOU,6
1998-09-02 00:00:00,CHOU,6
1998-09-17 00:00:00,CHOU,9
1998-09-18 00:00:00,CHOU,9
1998-10-01 00:00:00,CHOU,8.75
SECURITY_DA,COMP,CLOSE_PRICE
-----------,----,-----------
1998-10-02 00:00:00,CHOU,9
1998-10-07 00:00:00,CHOU,9
1998-10-14 00:00:00,CHOU,9.5
1998-10-15 00:00:00,CHOU,9.5
1998-10-21 00:00:00,CHOU,9.5
1998-10-26 00:00:00,CHOU,9.5
1998-10-28 00:00:00,CHOU,9.5
1998-10-29 00:00:00,CHOU,9.5
1998-10-30 00:00:00,CHOU,9.5
1998-11-04 00:00:00,CHOU,7.75
1998-11-06 00:00:00,CHOU,8
1998-11-09 00:00:00,CHOU,8
1998-11-11 00:00:00,CHOU,7.75
1998-11-12 00:00:00,CHOU,7.75
1998-11-13 00:00:00,CHOU,7.75
1998-11-18 00:00:00,CHOU,7.75
1998-11-25 00:00:00,CHOU,7.5
1998-12-10 00:00:00,CHOU,7.5
1998-12-15 00:00:00,CHOU,6.5
1998-12-17 00:00:00,CHOU,6.5
1998-12-21 00:00:00,CHOU,7.25
SECURITY_DA,COMP,CLOSE_PRICE
-----------,----,-----------
1998-12-22 00:00:00,CHOU,7.25
1998-12-23 00:00:00,CHOU,7.5
1998-12-29 00:00:00,CHOU,7.25
1998-01-19 00:00:00,CHR,30
1998-01-30 00:00:00,CHR,30
1998-03-06 00:00:00,CHR,30
1998-03-11 00:00:00,CHR,32
1998-03-13 00:00:00,CHR,35
1998-03-16 00:00:00,CHR,30
1998-03-18 00:00:00,CHR,32
1998-03-19 00:00:00,CHR,33
1998-03-30 00:00:00,CHR,35.75
1998-04-03 00:00:00,CHR,30
1998-04-08 00:00:00,CHR,28
1998-04-23 00:00:00,CHR,29
1998-04-27 00:00:00,CHR,30
1998-04-29 00:00:00,CHR,35
1998-05-06 00:00:00,CHR,35
1998-05-26 00:00:00,CHR,35
1998-05-29 00:00:00,CHR,32
1998-06-05 00:00:00,CHR,30
SECURITY_DA,COMP,CLOSE_PRICE
-----------,----,-----------
1998-06-11 00:00:00,CHR,28
1998-06-16 00:00:00,CHR,26
1998-06-17 00:00:00,CHR,26
1998-06-19 00:00:00,CHR,26
1998-07-14 00:00:00,CHR,26
1998-07-22 00:00:00,CHR,28
1998-07-28 00:00:00,CHR,28
1998-08-06 00:00:00,CHR,28
1998-08-21 00:00:00,CHR,28
1998-09-18 00:00:00,CHR,28
1998-11-17 00:00:00,CHR,23
1998-11-19 00:00:00,CHR,25
1998-11-27 00:00:00,CHR,23
1998-01-05 00:00:00,CIC,40
1998-01-07 00:00:00,CIC,38.25
1998-01-20 00:00:00,CIC,36.25
1998-01-23 00:00:00,CIC,35.5
1998-01-26 00:00:00,CIC,35.5
1998-02-06 00:00:00,CIC,35.5
1998-02-09 00:00:00,CIC,36
1998-02-11 00:00:00,CIC,36
SECURITY_DA,COMP,CLOSE_PRICE
-----------,----,-----------
1998-02-26 00:00:00,CIC,36
1998-03-02 00:00:00,CIC,45
1998-03-13 00:00:00,CIC,38
1998-03-16 00:00:00,CIC,37.5
1998-03-18 00:00:00,CIC,37.5
1998-03-19 00:00:00,CIC,37.5
1998-03-26 00:00:00,CIC,37.5
1998-03-27 00:00:00,CIC,37.5
1998-04-02 00:00:00,CIC,40
1998-04-15 00:00:00,CIC,41
1998-04-16 00:00:00,CIC,41
1998-04-22 00:00:00,CIC,41
1998-04-24 00:00:00,CIC,41
1998-04-30 00:00:00,CIC,40
1998-05-06 00:00:00,CIC,40
1998-06-16 00:00:00,CIC,35.25
1998-06-17 00:00:00,CIC,35
1998-06-22 00:00:00,CIC,35
1998-06-24 00:00:00,CIC,35
1998-06-25 00:00:00,CIC,35
1998-06-29 00:00:00,CIC,40
SECURITY_DA,COMP,CLOSE_PRICE
-----------,----,-----------
1998-07-10 00:00:00,CIC,37
1998-07-13 00:00:00,CIC,40
1998-07-14 00:00:00,CIC,40
1998-07-17 00:00:00,CIC,40
1998-07-23 00:00:00,CIC,36.5
1998-08-18 00:00:00,CIC,35.5
1998-08-20 00:00:00,CIC,35.25
1998-08-24 00:00:00,CIC,35
1998-08-25 00:00:00,CIC,35
1998-08-31 00:00:00,CIC,35
1998-09-01 00:00:00,CIC,33
1998-09-02 00:00:00,CIC,33.5
1998-09-03 00:00:00,CIC,33.25
1998-09-14 00:00:00,CIC,33
1998-09-15 00:00:00,CIC,33.25
1998-09-22 00:00:00,CIC,35
1998-09-23 00:00:00,CIC,35
1998-09-30 00:00:00,CIC,35.25
1998-10-02 00:00:00,CIC,35
1998-10-06 00:00:00,CIC,35
1998-10-13 00:00:00,CIC,34
SECURITY_DA,COMP,CLOSE_PRICE
-----------,----,-----------
1998-10-14 00:00:00,CIC,34
1998-10-22 00:00:00,CIC,33.75
1998-10-23 00:00:00,CIC,33
1998-10-27 00:00:00,CIC,32
1998-10-28 00:00:00,CIC,32
1998-10-29 00:00:00,CIC,32.25
1998-11-09 00:00:00,CIC,33
1998-11-30 00:00:00,CIC,33
1998-12-15 00:00:00,CIC,34
1998-12-17 00:00:00,CIC,35
1998-12-24 00:00:00,CIC,35
1998-01-05 00:00:00,CIND,72
1998-01-06 00:00:00,CIND,73.5
1998-01-20 00:00:00,CIND,70
1998-04-08 00:00:00,CIND,49
1998-04-09 00:00:00,CIND,39
1998-05-25 00:00:00,CIND,39
1998-05-29 00:00:00,CIND,20
1998-06-01 00:00:00,CIND,20
1998-06-02 00:00:00,CIND,20
1998-06-03 00:00:00,CIND,20
SECURITY_DA,COMP,CLOSE_PRICE
-----------,----,-----------
1998-06-17 00:00:00,CIND,18
1998-06-18 00:00:00,CIND,16
1998-06-19 00:00:00,CIND,16
1998-06-23 00:00:00,CIND,15
1998-06-30 00:00:00,CIND,15
1998-07-01 00:00:00,CIND,15
1998-07-02 00:00:00,CIND,15
1998-07-06 00:00:00,CIND,15
1998-07-08 00:00:00,CIND,15
1998-07-10 00:00:00,CIND,15
1998-07-13 00:00:00,CIND,15
1998-07-16 00:00:00,CIND,15.25
1998-07-17 00:00:00,CIND,15
1998-07-21 00:00:00,CIND,15
1998-07-23 00:00:00,CIND,15
1998-07-27 00:00:00,CIND,15
1998-08-04 00:00:00,CIND,15
1998-08-06 00:00:00,CIND,16
1998-08-10 00:00:00,CIND,16
1998-08-14 00:00:00,CIND,16
1998-08-19 00:00:00,CIND,15
SECURITY_DA,COMP,CLOSE_PRICE
-----------,----,-----------
1998-08-26 00:00:00,CIND,15
1998-08-28 00:00:00,CIND,14.75
1998-09-01 00:00:00,CIND,14
1998-09-02 00:00:00,CIND,14
1998-09-15 00:00:00,CIND,17
1998-10-06 00:00:00,CIND,16
1998-10-07 00:00:00,CIND,15
1998-10-09 00:00:00,CIND,14.5
1998-10-13 00:00:00,CIND,14.5
1998-10-15 00:00:00,CIND,14.5
1998-10-20 00:00:00,CIND,15
1998-10-21 00:00:00,CIND,14.5
1998-10-27 00:00:00,CIND,15
1998-10-28 00:00:00,CIND,14.5
1998-11-09 00:00:00,CIND,14
1998-11-10 00:00:00,CIND,14
1998-11-11 00:00:00,CIND,14
1998-11-18 00:00:00,CIND,14
1998-11-30 00:00:00,CIND,15
1998-12-01 00:00:00,CIND,15.25
1998-12-02 00:00:00,CIND,16.5
SECURITY_DA,COMP,CLOSE_PRICE
-----------,----,-----------
1998-12-08 00:00:00,CIND,15.5
1998-12-15 00:00:00,CIND,15
1998-12-30 00:00:00,CIND,15
1998-01-05 00:00:00,CINS,20
1998-01-06 00:00:00,CINS,20
1998-01-08 00:00:00,CINS,19
1998-01-09 00:00:00,CINS,18
1998-01-13 00:00:00,CINS,16.5
1998-01-15 00:00:00,CINS,17
1998-01-16 00:00:00,CINS,17
1998-01-19 00:00:00,CINS,17
1998-01-21 00:00:00,CINS,17.25
1998-01-22 00:00:00,CINS,17
1998-01-23 00:00:00,CINS,17.25
1998-01-26 00:00:00,CINS,17.25
1998-01-27 00:00:00,CINS,17.5
1998-01-28 00:00:00,CINS,17.75
1998-01-29 00:00:00,CINS,17.75
1998-02-03 00:00:00,CINS,19
1998-02-06 00:00:00,CINS,18.5
1998-02-09 00:00:00,CINS,20
SECURITY_DA,COMP,CLOSE_PRICE
-----------,----,-----------
1998-02-11 00:00:00,CINS,18.75
1998-02-12 00:00:00,CINS,19
1998-02-13 00:00:00,CINS,19
1998-02-17 00:00:00,CINS,19.5
1998-02-18 00:00:00,CINS,20
1998-02-19 00:00:00,CINS,20
1998-02-23 00:00:00,CINS,19.75
1998-02-24 00:00:00,CINS,19
1998-02-25 00:00:00,CINS,19
1998-02-26 00:00:00,CINS,19
1998-02-27 00:00:00,CINS,19.25
1998-03-02 00:00:00,CINS,19
1998-03-03 00:00:00,CINS,19
1998-03-04 00:00:00,CINS,19.25
1998-03-05 00:00:00,CINS,19.5
1998-03-06 00:00:00,CINS,18
1998-03-09 00:00:00,CINS,18
1998-03-10 00:00:00,CINS,18
1998-03-11 00:00:00,CINS,18
1998-03-13 00:00:00,CINS,17.75
1998-03-16 00:00:00,CINS,17.5
SECURITY_DA,COMP,CLOSE_PRICE
-----------,----,-----------
1998-03-17 00:00:00,CINS,17.5
1998-03-18 00:00:00,CINS,17
1998-03-19 00:00:00,CINS,17
1998-03-24 00:00:00,CINS,17
1998-03-27 00:00:00,CINS,17.25
1998-03-30 00:00:00,CINS,17.25
1998-03-31 00:00:00,CINS,18.5
1998-04-01 00:00:00,CINS,18.5
1998-04-03 00:00:00,CINS,18
1998-04-06 00:00:00,CINS,17
1998-04-16 00:00:00,CINS,18
1998-04-17 00:00:00,CINS,18
1998-04-20 00:00:00,CINS,18.75
1998-04-21 00:00:00,CINS,19
1998-04-22 00:00:00,CINS,19
1998-04-24 00:00:00,CINS,19
1998-04-27 00:00:00,CINS,18.75
1998-04-28 00:00:00,CINS,18.5
1998-04-29 00:00:00,CINS,18.5
1998-04-30 00:00:00,CINS,19
1998-05-04 00:00:00,CINS,19.25
SECURITY_DA,COMP,CLOSE_PRICE
-----------,----,-----------
1998-05-05 00:00:00,CINS,19.25
1998-05-06 00:00:00,CINS,19.25
1998-05-07 00:00:00,CINS,19.5
1998-05-08 00:00:00,CINS,19.5
1998-05-13 00:00:00,CINS,19.75
1998-05-14 00:00:00,CINS,19.5
1998-05-18 00:00:00,CINS,19.5
1998-05-19 00:00:00,CINS,19.5
1998-05-20 00:00:00,CINS,19
1998-05-22 00:00:00,CINS,19.5
1998-05-25 00:00:00,CINS,19.25
1998-05-26 00:00:00,CINS,19.25
1998-05-27 00:00:00,CINS,19.25
1998-05-28 00:00:00,CINS,19.25
1998-05-29 00:00:00,CINS,19
1998-06-02 00:00:00,CINS,18.5
1998-06-05 00:00:00,CINS,18.5
1998-06-11 00:00:00,CINS,18.5
1998-06-12 00:00:00,CINS,18
1998-06-15 00:00:00,CINS,17.5
1998-06-16 00:00:00,CINS,17.5
SECURITY_DA,COMP,CLOSE_PRICE
-----------,----,-----------
1998-06-25 00:00:00,CINS,17.25
1998-06-29 00:00:00,CINS,17.25
1998-07-01 00:00:00,CINS,17.5
1998-07-14 00:00:00,CINS,17
1998-07-15 00:00:00,CINS,17.25
1998-07-16 00:00:00,CINS,17
1998-07-21 00:00:00,CINS,17.25
1998-07-31 00:00:00,CINS,17.5
1998-08-03 00:00:00,CINS,17.25
1998-08-14 00:00:00,CINS,15
1998-08-17 00:00:00,CINS,15
1998-08-19 00:00:00,CINS,15
1998-08-20 00:00:00,CINS,15
1998-08-21 00:00:00,CINS,15
1998-09-01 00:00:00,CINS,14
1998-09-02 00:00:00,CINS,14
1998-09-04 00:00:00,CINS,12.75
1998-09-08 00:00:00,CINS,13
1998-09-10 00:00:00,CINS,13
1998-09-14 00:00:00,CINS,13.5
1998-09-15 00:00:00,CINS,15
SECURITY_DA,COMP,CLOSE_PRICE
-----------,----,-----------
1998-09-16 00:00:00,CINS,16
1998-09-17 00:00:00,CINS,15
1998-09-18 00:00:00,CINS,15
1998-09-22 00:00:00,CINS,15
1998-09-30 00:00:00,CINS,16
1998-10-06 00:00:00,CINS,15
1998-10-13 00:00:00,CINS,15
1998-10-14 00:00:00,CINS,15
1998-10-15 00:00:00,CINS,15
1998-10-19 00:00:00,CINS,15
1998-10-20 00:00:00,CINS,15
1998-10-22 00:00:00,CINS,15.5
1998-11-10 00:00:00,CINS,18
1998-11-12 00:00:00,CINS,17
1998-11-13 00:00:00,CINS,17
1998-11-16 00:00:00,CINS,17
1998-11-17 00:00:00,CINS,17
1998-11-18 00:00:00,CINS,17
1998-11-23 00:00:00,CINS,16
1998-11-24 00:00:00,CINS,16.25
1998-11-25 00:00:00,CINS,16.25
SECURITY_DA,COMP,CLOSE_PRICE
-----------,----,-----------
1998-11-26 00:00:00,CINS,16
1998-11-27 00:00:00,CINS,16.25
1998-11-30 00:00:00,CINS,16.25
1998-12-01 00:00:00,CINS,16.25
1998-12-02 00:00:00,CINS,17
1998-12-04 00:00:00,CINS,17
1998-12-08 00:00:00,CINS,15
1998-12-09 00:00:00,CINS,15.25
1998-12-10 00:00:00,CINS,15.25
1998-12-11 00:00:00,CINS,15.25
1998-12-15 00:00:00,CINS,15.5
1998-12-16 00:00:00,CINS,15.5
1998-12-18 00:00:00,CINS,16
1998-12-29 00:00:00,CINS,18
1998-12-31 00:00:00,CINS,18
1998-01-06 00:00:00,CINV,121
1998-01-07 00:00:00,CINV,122
1998-01-09 00:00:00,CINV,122
1998-01-13 00:00:00,CINV,121
1998-01-19 00:00:00,CINV,120
1998-02-12 00:00:00,CINV,120
SECURITY_DA,COMP,CLOSE_PRICE
-----------,----,-----------
1998-02-13 00:00:00,CINV,120
1998-02-16 00:00:00,CINV,115
1998-02-18 00:00:00,CINV,115
1998-02-19 00:00:00,CINV,120
1998-02-23 00:00:00,CINV,125
1998-02-25 00:00:00,CINV,125
1998-03-04 00:00:00,CINV,150
1998-03-16 00:00:00,CINV,150
1998-03-17 00:00:00,CINV,150
1998-03-24 00:00:00,CINV,150
1998-03-30 00:00:00,CINV,150
1998-04-27 00:00:00,CINV,144
1998-04-29 00:00:00,CINV,135
1998-05-07 00:00:00,CINV,135
1998-05-14 00:00:00,CINV,125
1998-05-21 00:00:00,CINV,120
1998-05-27 00:00:00,CINV,116
1998-05-28 00:00:00,CINV,110
1998-05-29 00:00:00,CINV,95
1998-06-01 00:00:00,CINV,105
1998-06-02 00:00:00,CINV,105
SECURITY_DA,COMP,CLOSE_PRICE
-----------,----,-----------
1998-06-04 00:00:00,CINV,95.25
1998-06-05 00:00:00,CINV,96
1998-06-10 00:00:00,CINV,96
1998-06-11 00:00:00,CINV,96
1998-06-12 00:00:00,CINV,90
1998-06-15 00:00:00,CINV,90
1998-06-17 00:00:00,CINV,90
1998-06-19 00:00:00,CINV,90
1998-06-29 00:00:00,CINV,85
1998-07-14 00:00:00,CINV,90
1998-07-16 00:00:00,CINV,90
1998-07-17 00:00:00,CINV,85
1998-07-29 00:00:00,CINV,93
1998-07-30 00:00:00,CINV,93
1998-08-14 00:00:00,CINV,90
1998-08-31 00:00:00,CINV,90
1998-09-22 00:00:00,CINV,89.75
1998-09-24 00:00:00,CINV,89.75
1998-10-01 00:00:00,CINV,89.75
1998-10-02 00:00:00,CINV,89.75
1998-10-07 00:00:00,CINV,89.75
SECURITY_DA,COMP,CLOSE_PRICE
-----------,----,-----------
1998-10-09 00:00:00,CINV,90
1998-10-13 00:00:00,CINV,70
1998-10-14 00:00:00,CINV,70
1998-10-29 00:00:00,CINV,71.25
1998-11-04 00:00:00,CINV,72.25
1998-11-05 00:00:00,CINV,73
1998-11-06 00:00:00,CINV,72
1998-11-09 00:00:00,CINV,72
1998-11-10 00:00:00,CINV,72.25
1998-11-27 00:00:00,CINV,73
1998-12-01 00:00:00,CINV,82
1998-12-02 00:00:00,CINV,83
1998-12-08 00:00:00,CINV,83
1998-12-09 00:00:00,CINV,90
1998-12-17 00:00:00,CINV,90
1998-12-21 00:00:00,CINV,90
1998-12-24 00:00:00,CINV,110
1998-12-28 00:00:00,CINV,90
1998-12-30 00:00:00,CINV,80
1998-01-05 00:00:00,CIT,8
1998-01-28 00:00:00,CIT,7
SECURITY_DA,COMP,CLOSE_PRICE
-----------,----,-----------
1998-01-29 00:00:00,CIT,7.5
1998-02-06 00:00:00,CIT,7.5
1998-02-09 00:00:00,CIT,7.5
1998-02-25 00:00:00,CIT,7.75
1998-03-13 00:00:00,CIT,7
1998-03-18 00:00:00,CIT,7
1998-03-19 00:00:00,CIT,6
1998-03-20 00:00:00,CIT,6
1998-04-30 00:00:00,CIT,6
1998-05-13 00:00:00,CIT,6
1998-05-15 00:00:00,CIT,6
1998-05-20 00:00:00,CIT,5.75
1998-06-01 00:00:00,CIT,5.5
1998-07-31 00:00:00,CIT,5.75
1998-10-27 00:00:00,CIT,5
1998-11-12 00:00:00,CIT,5
1998-11-24 00:00:00,CIT,6
1998-11-30 00:00:00,CIT,6
1998-12-15 00:00:00,CIT,5
1998-12-22 00:00:00,CIT,5
1998-01-15 00:00:00,CLND,16
SECURITY_DA,COMP,CLOSE_PRICE
-----------,----,-----------
1998-01-19 00:00:00,CLND,16
1998-01-20 00:00:00,CLND,16
1998-01-21 00:00:00,CLND,16
1998-01-22 00:00:00,CLND,15.5
1998-01-23 00:00:00,CLND,16
1998-01-27 00:00:00,CLND,15.5
1998-01-29 00:00:00,CLND,16
1998-02-02 00:00:00,CLND,15.5
1998-02-09 00:00:00,CLND,15.5
1998-02-12 00:00:00,CLND,15.25
1998-02-13 00:00:00,CLND,15.25
1998-02-16 00:00:00,CLND,15.25
1998-02-17 00:00:00,CLND,15.5
1998-02-19 00:00:00,CLND,15.5
1998-02-20 00:00:00,CLND,16
1998-02-23 00:00:00,CLND,16
1998-03-04 00:00:00,CLND,16.5
1998-03-11 00:00:00,CLND,16.5
1998-03-18 00:00:00,CLND,16.5
1998-03-20 00:00:00,CLND,16.5
1998-03-27 00:00:00,CLND,16.5
SECURITY_DA,COMP,CLOSE_PRICE
-----------,----,-----------
1998-03-30 00:00:00,CLND,16.5
1998-03-31 00:00:00,CLND,16.25
1998-04-03 00:00:00,CLND,15
1998-04-06 00:00:00,CLND,15
1998-04-07 00:00:00,CLND,15
1998-04-21 00:00:00,CLND,15.25
1998-04-22 00:00:00,CLND,15.5
1998-04-23 00:00:00,CLND,16
1998-04-24 00:00:00,CLND,16
1998-04-27 00:00:00,CLND,16
1998-04-29 00:00:00,CLND,15.5
1998-05-05 00:00:00,CLND,16
1998-05-13 00:00:00,CLND,16
1998-05-14 00:00:00,CLND,15.5
1998-05-15 00:00:00,CLND,15
1998-05-18 00:00:00,CLND,16
1998-05-19 00:00:00,CLND,15
1998-05-20 00:00:00,CLND,15
1998-05-26 00:00:00,CLND,15
1998-05-27 00:00:00,CLND,15
1998-05-29 00:00:00,CLND,15
SECURITY_DA,COMP,CLOSE_PRICE
-----------,----,-----------
1998-06-01 00:00:00,CLND,15.25
1998-06-12 00:00:00,CLND,16
1998-06-16 00:00:00,CLND,15.75
1998-06-17 00:00:00,CLND,15.5
1998-06-22 00:00:00,CLND,15.75
1998-07-02 00:00:00,CLND,15
1998-07-13 00:00:00,CLND,15.5
1998-07-17 00:00:00,CLND,15.75
1998-07-23 00:00:00,CLND,16
1998-07-27 00:00:00,CLND,16
1998-08-14 00:00:00,CLND,16
1998-08-21 00:00:00,CLND,14.25
1998-08-25 00:00:00,CLND,12
1998-08-26 00:00:00,CLND,10
1998-08-27 00:00:00,CLND,12
1998-08-28 00:00:00,CLND,15
1998-08-31 00:00:00,CLND,14.5
1998-09-02 00:00:00,CLND,12
1998-09-10 00:00:00,CLND,12.25
1998-09-11 00:00:00,CLND,13
1998-09-16 00:00:00,CLND,17
SECURITY_DA,COMP,CLOSE_PRICE
-----------,----,-----------
1998-09-17 00:00:00,CLND,12
1998-09-18 00:00:00,CLND,11
1998-09-22 00:00:00,CLND,12.5
1998-10-13 00:00:00,CLND,12.5
1998-10-21 00:00:00,CLND,13.5
1998-10-30 00:00:00,CLND,12.75
1998-11-06 00:00:00,CLND,15.5
1998-11-10 00:00:00,CLND,12.75
1998-11-11 00:00:00,CLND,13
1998-11-12 00:00:00,CLND,13
1998-11-17 00:00:00,CLND,13
1998-11-19 00:00:00,CLND,13
1998-11-20 00:00:00,CLND,15
1998-11-25 00:00:00,CLND,16
1998-11-26 00:00:00,CLND,15
1998-12-01 00:00:00,CLND,15
1998-12-02 00:00:00,CLND,15
1998-12-09 00:00:00,CLND,15.25
1998-12-15 00:00:00,CLND,13
1998-12-23 00:00:00,CLND,14.5
1998-12-24 00:00:00,CLND,14.5
SECURITY_DA,COMP,CLOSE_PRICE
-----------,----,-----------
1998-12-28 00:00:00,CLND,16.75
1998-12-30 00:00:00,CLND,16.75
1998-01-02 00:00:00,COCO,21
1998-01-07 00:00:00,COCO,21
1998-01-08 00:00:00,COCO,20
1998-01-15 00:00:00,COCO,20
1998-01-16 00:00:00,COCO,19.75
1998-01-20 00:00:00,COCO,20
1998-01-21 00:00:00,COCO,18.25
1998-01-26 00:00:00,COCO,19
1998-01-27 00:00:00,COCO,19
1998-01-29 00:00:00,COCO,20
1998-01-30 00:00:00,COCO,20
1998-02-02 00:00:00,COCO,20
1998-02-03 00:00:00,COCO,19.5
1998-02-11 00:00:00,COCO,19
1998-02-12 00:00:00,COCO,18.5
1998-02-13 00:00:00,COCO,19
1998-02-16 00:00:00,COCO,18
1998-02-17 00:00:00,COCO,18
1998-02-19 00:00:00,COCO,18.5
SECURITY_DA,COMP,CLOSE_PRICE
-----------,----,-----------
1998-02-23 00:00:00,COCO,18.5
1998-02-24 00:00:00,COCO,18.5
1998-02-25 00:00:00,COCO,18.5
1998-02-27 00:00:00,COCO,20
1998-03-02 00:00:00,COCO,18.75
1998-03-03 00:00:00,COCO,18.75
1998-03-04 00:00:00,COCO,18.5
1998-03-05 00:00:00,COCO,19
1998-03-06 00:00:00,COCO,19
1998-03-10 00:00:00,COCO,19.5
1998-03-11 00:00:00,COCO,19.25
1998-03-17 00:00:00,COCO,19.5
1998-03-19 00:00:00,COCO,20
1998-03-20 00:00:00,COCO,20
1998-03-23 00:00:00,COCO,20.25
1998-03-24 00:00:00,COCO,20.25
1998-03-25 00:00:00,COCO,20
1998-03-26 00:00:00,COCO,20
1998-03-31 00:00:00,COCO,20
1998-04-01 00:00:00,COCO,20
1998-04-02 00:00:00,COCO,20
SECURITY_DA,COMP,CLOSE_PRICE
-----------,----,-----------
1998-04-03 00:00:00,COCO,20
1998-04-06 00:00:00,COCO,20
1998-04-08 00:00:00,COCO,20
1998-04-09 00:00:00,COCO,20
1998-04-16 00:00:00,COCO,20
1998-04-21 00:00:00,COCO,20
1998-04-22 00:00:00,COCO,20
1998-04-24 00:00:00,COCO,20
1998-05-06 00:00:00,COCO,18
1998-05-07 00:00:00,COCO,18
1998-05-08 00:00:00,COCO,18
1998-05-13 00:00:00,COCO,18
1998-05-14 00:00:00,COCO,18
1998-05-15 00:00:00,COCO,18.25
1998-05-18 00:00:00,COCO,18
1998-05-19 00:00:00,COCO,18.25
1998-05-22 00:00:00,COCO,18
1998-05-25 00:00:00,COCO,18.25
1998-05-26 00:00:00,COCO,18
1998-06-02 00:00:00,COCO,16.25
1998-06-05 00:00:00,COCO,16.25
SECURITY_DA,COMP,CLOSE_PRICE
-----------,----,-----------
1998-06-11 00:00:00,COCO,16.25
1998-06-12 00:00:00,COCO,16
1998-06-15 00:00:00,COCO,11
1998-06-16 00:00:00,COCO,12.25
1998-06-17 00:00:00,COCO,14
1998-06-22 00:00:00,COCO,14
1998-06-24 00:00:00,COCO,14.5
1998-06-25 00:00:00,COCO,13
1998-06-29 00:00:00,COCO,14
1998-07-02 00:00:00,COCO,14
1998-07-03 00:00:00,COCO,15
1998-07-08 00:00:00,COCO,16
1998-07-10 00:00:00,COCO,15.5
1998-07-13 00:00:00,COCO,15.75
1998-07-14 00:00:00,COCO,16
1998-07-16 00:00:00,COCO,15
1998-07-21 00:00:00,COCO,16
1998-07-22 00:00:00,COCO,14
1998-07-23 00:00:00,COCO,14.5
1998-07-24 00:00:00,COCO,16
1998-07-27 00:00:00,COCO,16
SECURITY_DA,COMP,CLOSE_PRICE
-----------,----,-----------
1998-07-28 00:00:00,COCO,16
1998-07-31 00:00:00,COCO,16.5
1998-08-03 00:00:00,COCO,17
1998-08-06 00:00:00,COCO,16.5
1998-08-10 00:00:00,COCO,16.5
1998-08-11 00:00:00,COCO,16.75
1998-08-12 00:00:00,COCO,17
1998-08-14 00:00:00,COCO,16.75
1998-08-17 00:00:00,COCO,16
1998-08-19 00:00:00,COCO,16
1998-08-20 00:00:00,COCO,15.5
1998-08-24 00:00:00,COCO,15
1998-08-25 00:00:00,COCO,14
1998-08-26 00:00:00,COCO,16
1998-08-28 00:00:00,COCO,13.5
1998-08-31 00:00:00,COCO,13.5
1998-09-01 00:00:00,COCO,13.5
1998-09-02 00:00:00,COCO,13
1998-09-03 00:00:00,COCO,13
1998-09-04 00:00:00,COCO,13
1998-09-07 00:00:00,COCO,13
SECURITY_DA,COMP,CLOSE_PRICE
-----------,----,-----------
1998-09-08 00:00:00,COCO,13
1998-09-09 00:00:00,COCO,13
1998-09-10 00:00:00,COCO,12.5
1998-09-11 00:00:00,COCO,12.5
1998-09-14 00:00:00,COCO,13
1998-09-15 00:00:00,COCO,13.5
1998-09-16 00:00:00,COCO,14.25
1998-09-17 00:00:00,COCO,14.25
1998-09-18 00:00:00,COCO,13.5
1998-09-21 00:00:00,COCO,13.25
1998-09-22 00:00:00,COCO,13.5
1998-09-23 00:00:00,COCO,14.5
1998-09-25 00:00:00,COCO,15.5
1998-09-28 00:00:00,COCO,15
1998-09-29 00:00:00,COCO,14.25
1998-09-30 00:00:00,COCO,14
1998-10-02 00:00:00,COCO,14
1998-10-07 00:00:00,COCO,14.25
1998-10-09 00:00:00,COCO,14.25
1998-10-12 00:00:00,COCO,14
1998-10-13 00:00:00,COCO,14.25
SECURITY_DA,COMP,CLOSE_PRICE
-----------,----,-----------
1998-10-14 00:00:00,COCO,15
1998-10-15 00:00:00,COCO,15
1998-10-16 00:00:00,COCO,15
1998-10-20 00:00:00,COCO,15
1998-10-21 00:00:00,COCO,16.25
1998-10-22 00:00:00,COCO,16.25
1998-10-23 00:00:00,COCO,16.25
1998-10-26 00:00:00,COCO,16.25
1998-10-27 00:00:00,COCO,16.25
1998-10-28 00:00:00,COCO,16.25
1998-10-29 00:00:00,COCO,15.5
1998-10-30 00:00:00,COCO,15.5
1998-11-02 00:00:00,COCO,14.25
1998-11-04 00:00:00,COCO,14
1998-11-06 00:00:00,COCO,13.5
1998-11-10 00:00:00,COCO,13.5
1998-11-11 00:00:00,COCO,14
1998-11-16 00:00:00,COCO,14
1998-11-18 00:00:00,COCO,14
1998-11-20 00:00:00,COCO,13.75
1998-11-23 00:00:00,COCO,14
SECURITY_DA,COMP,CLOSE_PRICE
-----------,----,-----------
1998-11-24 00:00:00,COCO,14
1998-11-26 00:00:00,COCO,14
1998-12-01 00:00:00,COCO,14
1998-12-02 00:00:00,COCO,14
1998-12-04 00:00:00,COCO,14
1998-12-07 00:00:00,COCO,14
1998-12-08 00:00:00,COCO,14
1998-12-09 00:00:00,COCO,14
1998-12-10 00:00:00,COCO,14
1998-12-11 00:00:00,COCO,14
1998-12-14 00:00:00,COCO,14
1998-12-15 00:00:00,COCO,12.5
1998-12-24 00:00:00,COCO,13
1998-12-31 00:00:00,COCO,13
1998-07-23 00:00:00,COLL,175
1998-07-30 00:00:00,COLL,175
1998-10-29 00:00:00,COLL,175
1998-02-11 00:00:00,COLO,8
1998-02-23 00:00:00,COLO,7
1998-02-25 00:00:00,COLO,7
1998-03-04 00:00:00,COLO,7
SECURITY_DA,COMP,CLOSE_PRICE
-----------,----,-----------
1998-03-09 00:00:00,COLO,6
1998-03-17 00:00:00,COLO,5
1998-04-24 00:00:00,COLO,5
1998-05-18 00:00:00,COLO,5
1998-05-21 00:00:00,COLO,5
1998-06-10 00:00:00,COLO,4.5
1998-06-15 00:00:00,COLO,4.5
1998-06-18 00:00:00,COLO,4.25
1998-06-19 00:00:00,COLO,4.25
1998-06-25 00:00:00,COLO,4.75
1998-06-26 00:00:00,COLO,4.75
1998-06-30 00:00:00,COLO,4.25
1998-07-20 00:00:00,COLO,4.25
1998-07-22 00:00:00,COLO,5
1998-07-24 00:00:00,COLO,5
1998-08-14 00:00:00,COLO,4.25
1998-08-17 00:00:00,COLO,5
1998-08-18 00:00:00,COLO,5
1998-08-19 00:00:00,COLO,5
1998-09-09 00:00:00,COLO,5.25
1998-09-15 00:00:00,COLO,5.5
SECURITY_DA,COMP,CLOSE_PRICE
-----------,----,-----------
1998-09-18 00:00:00,COLO,5.5
1998-10-13 00:00:00,COLO,5
1998-10-14 00:00:00,COLO,5
1998-11-18 00:00:00,COLO,5.25
1998-11-23 00:00:00,COLO,5.25
1998-01-02 00:00:00,COMB,150
1998-01-05 00:00:00,COMB,155
1998-01-06 00:00:00,COMB,155
1998-01-07 00:00:00,COMB,150
1998-01-08 00:00:00,COMB,150
1998-01-09 00:00:00,COMB,149
1998-01-13 00:00:00,COMB,150
1998-01-15 00:00:00,COMB,150
1998-01-16 00:00:00,COMB,150
1998-01-19 00:00:00,COMB,145
1998-01-20 00:00:00,COMB,149
1998-01-21 00:00:00,COMB,145
1998-01-22 00:00:00,COMB,144
1998-01-23 00:00:00,COMB,138.25
1998-01-26 00:00:00,COMB,137
1998-01-27 00:00:00,COMB,138
SECURITY_DA,COMP,CLOSE_PRICE
-----------,----,-----------
1998-01-28 00:00:00,COMB,138
1998-01-30 00:00:00,COMB,139.5
1998-02-03 00:00:00,COMB,139
1998-02-06 00:00:00,COMB,139
1998-02-11 00:00:00,COMB,140
1998-02-12 00:00:00,COMB,140.75
1998-02-13 00:00:00,COMB,159.75
1998-02-16 00:00:00,COMB,160
1998-02-17 00:00:00,COMB,160
1998-02-18 00:00:00,COMB,163
1998-02-19 00:00:00,COMB,164.5
1998-02-20 00:00:00,COMB,164.5
1998-02-23 00:00:00,COMB,165
1998-02-24 00:00:00,COMB,165
1998-02-25 00:00:00,COMB,160
1998-02-26 00:00:00,COMB,160
1998-02-27 00:00:00,COMB,165
1998-03-02 00:00:00,COMB,167
1998-03-03 00:00:00,COMB,170
1998-03-04 00:00:00,COMB,171
1998-03-05 00:00:00,COMB,171
SECURITY_DA,COMP,CLOSE_PRICE
-----------,----,-----------
1998-03-06 00:00:00,COMB,169
1998-03-09 00:00:00,COMB,165
1998-03-10 00:00:00,COMB,162
1998-03-11 00:00:00,COMB,158
1998-03-13 00:00:00,COMB,156.75
1998-03-16 00:00:00,COMB,156.25
1998-03-17 00:00:00,COMB,156.25
1998-03-18 00:00:00,COMB,156
1998-03-19 00:00:00,COMB,156
1998-03-20 00:00:00,COMB,160
1998-03-23 00:00:00,COMB,164
1998-03-24 00:00:00,COMB,164
1998-03-25 00:00:00,COMB,163
1998-03-26 00:00:00,COMB,163
1998-03-27 00:00:00,COMB,168
1998-03-30 00:00:00,COMB,170
1998-03-31 00:00:00,COMB,168
1998-04-01 00:00:00,COMB,166
1998-04-02 00:00:00,COMB,164
1998-04-03 00:00:00,COMB,162
1998-04-06 00:00:00,COMB,160.5
SECURITY_DA,COMP,CLOSE_PRICE
-----------,----,-----------
1998-04-07 00:00:00,COMB,162
1998-04-08 00:00:00,COMB,163
1998-04-09 00:00:00,COMB,163.5
1998-04-15 00:00:00,COMB,163
1998-04-16 00:00:00,COMB,168
1998-04-17 00:00:00,COMB,170
1998-04-20 00:00:00,COMB,170
1998-04-21 00:00:00,COMB,174
1998-04-22 00:00:00,COMB,175
1998-04-23 00:00:00,COMB,179
1998-04-24 00:00:00,COMB,179
1998-04-27 00:00:00,COMB,179
1998-04-28 00:00:00,COMB,176
1998-04-29 00:00:00,COMB,176
1998-04-30 00:00:00,COMB,179
1998-05-04 00:00:00,COMB,179
1998-05-05 00:00:00,COMB,179
1998-05-06 00:00:00,COMB,178
1998-05-07 00:00:00,COMB,173
1998-05-08 00:00:00,COMB,174
1998-05-13 00:00:00,COMB,177
SECURITY_DA,COMP,CLOSE_PRICE
-----------,----,-----------
1998-05-14 00:00:00,COMB,170
1998-05-15 00:00:00,COMB,166
1998-05-18 00:00:00,COMB,172.25
1998-05-19 00:00:00,COMB,168.5
1998-05-20 00:00:00,COMB,160
1998-05-21 00:00:00,COMB,162
1998-05-22 00:00:00,COMB,169.5
1998-05-25 00:00:00,COMB,168
1998-05-26 00:00:00,COMB,167
1998-05-27 00:00:00,COMB,162.5
1998-05-28 00:00:00,COMB,165
1998-05-29 00:00:00,COMB,117.25
1998-06-01 00:00:00,COMB,115
1998-06-02 00:00:00,COMB,120
1998-06-03 00:00:00,COMB,125
1998-06-04 00:00:00,COMB,125
1998-06-05 00:00:00,COMB,116
1998-06-08 00:00:00,COMB,120
1998-06-10 00:00:00,COMB,120
1998-06-11 00:00:00,COMB,118
1998-06-12 00:00:00,COMB,115
SECURITY_DA,COMP,CLOSE_PRICE
-----------,----,-----------
1998-06-15 00:00:00,COMB,110
1998-06-16 00:00:00,COMB,115.25
1998-06-17 00:00:00,COMB,115
1998-06-19 00:00:00,COMB,117
1998-06-22 00:00:00,COMB,117
1998-06-23 00:00:00,COMB,116
1998-06-24 00:00:00,COMB,106
1998-06-25 00:00:00,COMB,100.25
1998-06-26 00:00:00,COMB,112
1998-06-29 00:00:00,COMB,112.5
1998-06-30 00:00:00,COMB,111
1998-07-01 00:00:00,COMB,117
1998-07-02 00:00:00,COMB,119.75
1998-07-03 00:00:00,COMB,123
1998-07-06 00:00:00,COMB,125
1998-07-08 00:00:00,COMB,123
1998-07-10 00:00:00,COMB,124
1998-07-13 00:00:00,COMB,125
1998-07-14 00:00:00,COMB,125
1998-07-15 00:00:00,COMB,124
1998-07-16 00:00:00,COMB,120
SECURITY_DA,COMP,CLOSE_PRICE
-----------,----,-----------
1998-07-17 00:00:00,COMB,120
1998-07-20 00:00:00,COMB,120
1998-07-21 00:00:00,COMB,117
1998-07-22 00:00:00,COMB,115
1998-07-23 00:00:00,COMB,110.25
1998-07-24 00:00:00,COMB,115
1998-07-27 00:00:00,COMB,113
1998-07-28 00:00:00,COMB,114
1998-07-29 00:00:00,COMB,115.25
1998-07-30 00:00:00,COMB,119
1998-07-31 00:00:00,COMB,119
1998-08-03 00:00:00,COMB,118
1998-08-04 00:00:00,COMB,115.5
1998-08-05 00:00:00,COMB,116
1998-08-06 00:00:00,COMB,117
1998-08-10 00:00:00,COMB,115
1998-08-11 00:00:00,COMB,115
1998-08-12 00:00:00,COMB,114
1998-08-13 00:00:00,COMB,110.5
1998-08-14 00:00:00,COMB,102
1998-08-17 00:00:00,COMB,105.5
SECURITY_DA,COMP,CLOSE_PRICE
-----------,----,-----------
1998-08-18 00:00:00,COMB,103
1998-08-19 00:00:00,COMB,103
1998-08-20 00:00:00,COMB,101
1998-08-21 00:00:00,COMB,101.5
1998-08-24 00:00:00,COMB,100
1998-08-25 00:00:00,COMB,98
1998-08-26 00:00:00,COMB,105
1998-08-27 00:00:00,COMB,105
1998-08-28 00:00:00,COMB,100
1998-08-31 00:00:00,COMB,95
1998-09-01 00:00:00,COMB,95
1998-09-02 00:00:00,COMB,89.75
1998-09-03 00:00:00,COMB,86
1998-09-04 00:00:00,COMB,90
1998-09-07 00:00:00,COMB,90.5
1998-09-08 00:00:00,COMB,95
1998-09-09 00:00:00,COMB,92.5
1998-09-10 00:00:00,COMB,95
1998-09-11 00:00:00,COMB,95.5
1998-09-14 00:00:00,COMB,98
1998-09-15 00:00:00,COMB,100
SECURITY_DA,COMP,CLOSE_PRICE
-----------,----,-----------
1998-09-16 00:00:00,COMB,104.5
1998-09-17 00:00:00,COMB,100
1998-09-18 00:00:00,COMB,95
1998-09-21 00:00:00,COMB,95.25
1998-09-23 00:00:00,COMB,99
1998-09-24 00:00:00,COMB,99
1998-09-25 00:00:00,COMB,99
1998-09-28 00:00:00,COMB,99.5
1998-09-29 00:00:00,COMB,98
1998-09-30 00:00:00,COMB,94
1998-10-01 00:00:00,COMB,93
1998-10-02 00:00:00,COMB,94
1998-10-06 00:00:00,COMB,94
1998-10-07 00:00:00,COMB,93
1998-10-08 00:00:00,COMB,92
1998-10-09 00:00:00,COMB,91
1998-10-12 00:00:00,COMB,90
1998-10-13 00:00:00,COMB,90
1998-10-14 00:00:00,COMB,90.25
1998-10-15 00:00:00,COMB,90
1998-10-16 00:00:00,COMB,90
SECURITY_DA,COMP,CLOSE_PRICE
-----------,----,-----------
1998-10-19 00:00:00,COMB,92
1998-10-20 00:00:00,COMB,94
1998-10-21 00:00:00,COMB,92
1998-10-22 00:00:00,COMB,92
1998-10-23 00:00:00,COMB,91
1998-10-26 00:00:00,COMB,91
1998-10-27 00:00:00,COMB,93.75
1998-10-28 00:00:00,COMB,93.75
1998-10-29 00:00:00,COMB,92.25
1998-10-30 00:00:00,COMB,93.5
1998-11-02 00:00:00,COMB,93
1998-11-04 00:00:00,COMB,95
1998-11-05 00:00:00,COMB,94.25
1998-11-06 00:00:00,COMB,93.75
1998-11-09 00:00:00,COMB,95.75
1998-11-10 00:00:00,COMB,94
1998-11-11 00:00:00,COMB,96
1998-11-12 00:00:00,COMB,95
1998-11-13 00:00:00,COMB,95.25
1998-11-16 00:00:00,COMB,100
1998-11-17 00:00:00,COMB,99
SECURITY_DA,COMP,CLOSE_PRICE
-----------,----,-----------
1998-11-18 00:00:00,COMB,105
1998-11-19 00:00:00,COMB,102
1998-11-20 00:00:00,COMB,100.25
1998-11-23 00:00:00,COMB,104.5
1998-11-24 00:00:00,COMB,105
1998-11-25 00:00:00,COMB,105.5
1998-11-26 00:00:00,COMB,105
1998-11-27 00:00:00,COMB,105
1998-11-30 00:00:00,COMB,107
1998-12-01 00:00:00,COMB,105
1998-12-02 00:00:00,COMB,104
1998-12-04 00:00:00,COMB,103
1998-12-07 00:00:00,COMB,100
1998-12-08 00:00:00,COMB,100
1998-12-09 00:00:00,COMB,100
1998-12-10 00:00:00,COMB,100
1998-12-11 00:00:00,COMB,100
1998-12-14 00:00:00,COMB,102
1998-12-15 00:00:00,COMB,100
1998-12-16 00:00:00,COMB,100
1998-12-17 00:00:00,COMB,103
SECURITY_DA,COMP,CLOSE_PRICE
-----------,----,-----------
1998-12-18 00:00:00,COMB,102.75
1998-12-21 00:00:00,COMB,105
1998-12-22 00:00:00,COMB,105
1998-12-23 00:00:00,COMB,104.75
1998-12-24 00:00:00,COMB,109
1998-12-28 00:00:00,COMB,108
1998-12-29 00:00:00,COMB,109
1998-12-30 00:00:00,COMB,109
1998-12-31 00:00:00,COMB,120
1998-01-23 00:00:00,COMD,15
1998-02-17 00:00:00,COMD,15
1998-02-24 00:00:00,COMD,15
1998-04-01 00:00:00,COMD,15
1998-04-03 00:00:00,COMD,15
1998-04-06 00:00:00,COMD,15
1998-04-16 00:00:00,COMD,15
1998-04-21 00:00:00,COMD,15
1998-04-28 00:00:00,COMD,15
1998-05-15 00:00:00,COMD,15
1998-06-03 00:00:00,COMD,13
1998-06-18 00:00:00,COMD,12
SECURITY_DA,COMP,CLOSE_PRICE
-----------,----,-----------
1998-06-22 00:00:00,COMD,13
1998-06-25 00:00:00,COMD,13.5
1998-08-18 00:00:00,COMD,16
1998-08-21 00:00:00,COMD,16
1998-08-27 00:00:00,COMD,13.5
1998-09-01 00:00:00,COMD,10
1998-09-02 00:00:00,COMD,10
1998-09-03 00:00:00,COMD,10
1998-09-04 00:00:00,COMD,10
1998-09-17 00:00:00,COMD,12
1998-09-28 00:00:00,COMD,12
1998-09-29 00:00:00,COMD,12
1998-10-01 00:00:00,COMD,12
1998-10-02 00:00:00,COMD,12
1998-10-30 00:00:00,COMD,11.5
1998-11-05 00:00:00,COMD,12
1998-12-04 00:00:00,COMD,12
1998-12-08 00:00:00,COMD,12
1998-01-06 00:00:00,COML,40.25
1998-02-12 00:00:00,COML,40
1998-03-06 00:00:00,COML,40
SECURITY_DA,COMP,CLOSE_PRICE
-----------,----,-----------
1998-04-24 00:00:00,COML,40
1998-04-29 00:00:00,COML,40
1998-05-15 00:00:00,COML,40
1998-05-21 00:00:00,COML,40
1998-05-22 00:00:00,COML,40
1998-05-28 00:00:00,COML,40
1998-05-29 00:00:00,COML,38
1998-06-30 00:00:00,COML,36
1998-07-08 00:00:00,COML,36
1998-07-17 00:00:00,COML,35
1998-08-11 00:00:00,COML,30
1998-10-28 00:00:00,COML,26
1998-11-13 00:00:00,COML,20
1998-11-26 00:00:00,COML,25
1998-11-30 00:00:00,COML,25
1998-12-01 00:00:00,COML,25
1998-12-04 00:00:00,COML,25
1998-12-30 00:00:00,COML,25
1998-01-16 00:00:00,CONN,9.5
1998-01-21 00:00:00,CONN,10
1998-01-30 00:00:00,CONN,10
SECURITY_DA,COMP,CLOSE_PRICE
-----------,----,-----------
1998-02-02 00:00:00,CONN,10
1998-02-06 00:00:00,CONN,10
1998-02-11 00:00:00,CONN,10
1998-02-13 00:00:00,CONN,10
1998-02-16 00:00:00,CONN,10
1998-02-18 00:00:00,CONN,10
1998-02-20 00:00:00,CONN,10
1998-02-24 00:00:00,CONN,10
1998-03-10 00:00:00,CONN,10
1998-03-20 00:00:00,CONN,10
1998-04-09 00:00:00,CONN,10.5
1998-04-15 00:00:00,CONN,10.5
1998-04-21 00:00:00,CONN,9
1998-05-08 00:00:00,CONN,13.5
1998-05-14 00:00:00,CONN,9
1998-05-19 00:00:00,CONN,9
1998-05-29 00:00:00,CONN,8
1998-06-05 00:00:00,CONN,7.5
1998-06-19 00:00:00,CONN,8
1998-06-25 00:00:00,CONN,7.5
1998-06-30 00:00:00,CONN,7
SECURITY_DA,COMP,CLOSE_PRICE
-----------,----,-----------
1998-07-06 00:00:00,CONN,8
1998-07-08 00:00:00,CONN,7
1998-07-14 00:00:00,CONN,8
1998-07-15 00:00:00,CONN,8
1998-07-22 00:00:00,CONN,8
1998-07-23 00:00:00,CONN,8
1998-07-29 00:00:00,CONN,8
1998-08-03 00:00:00,CONN,8
1998-08-06 00:00:00,CONN,8
1998-08-14 00:00:00,CONN,8
1998-08-17 00:00:00,CONN,8
1998-08-24 00:00:00,CONN,8
1998-08-28 00:00:00,CONN,10
1998-09-01 00:00:00,CONN,8
1998-09-03 00:00:00,CONN,8
1998-09-04 00:00:00,CONN,8
1998-09-08 00:00:00,CONN,8
1998-09-09 00:00:00,CONN,8
1998-09-10 00:00:00,CONN,8
1998-09-15 00:00:00,CONN,8
1998-09-17 00:00:00,CONN,8
SECURITY_DA,COMP,CLOSE_PRICE
-----------,----,-----------
1998-09-22 00:00:00,CONN,8
1998-10-07 00:00:00,CONN,7.5
1998-11-10 00:00:00,CONN,7
1998-11-23 00:00:00,CONN,7
1998-12-04 00:00:00,CONN,7
1998-12-07 00:00:00,CONN,7
1998-12-08 00:00:00,CONN,7
1998-12-14 00:00:00,CONN,7
1998-12-16 00:00:00,CONN,7
1998-12-23 00:00:00,CONN,8
1998-12-30 00:00:00,CONN,7
1998-12-31 00:00:00,CONN,7
1998-01-08 00:00:00,COXY,62
1998-01-20 00:00:00,COXY,60
1998-01-27 00:00:00,COXY,55
1998-02-11 00:00:00,COXY,55
1998-02-12 00:00:00,COXY,51.5
1998-02-17 00:00:00,COXY,58
1998-02-19 00:00:00,COXY,55
1998-02-23 00:00:00,COXY,51.75
1998-02-24 00:00:00,COXY,53
SECURITY_DA,COMP,CLOSE_PRICE
-----------,----,-----------
1998-02-26 00:00:00,COXY,53
1998-02-27 00:00:00,COXY,53
1998-03-03 00:00:00,COXY,53
1998-03-04 00:00:00,COXY,53
1998-03-05 00:00:00,COXY,53
1998-03-06 00:00:00,COXY,52
1998-03-10 00:00:00,COXY,51
1998-03-13 00:00:00,COXY,51
1998-03-16 00:00:00,COXY,48.5
1998-03-18 00:00:00,COXY,49.75
1998-03-19 00:00:00,COXY,51
1998-03-23 00:00:00,COXY,51
1998-03-24 00:00:00,COXY,51
1998-03-25 00:00:00,COXY,53
1998-03-27 00:00:00,COXY,52
1998-03-30 00:00:00,COXY,52.5
1998-03-31 00:00:00,COXY,52.25
1998-04-01 00:00:00,COXY,52
1998-04-03 00:00:00,COXY,52
1998-04-07 00:00:00,COXY,52
1998-04-09 00:00:00,COXY,55
SECURITY_DA,COMP,CLOSE_PRICE
-----------,----,-----------
1998-04-16 00:00:00,COXY,55
1998-04-21 00:00:00,COXY,53.25
1998-04-22 00:00:00,COXY,55
1998-04-23 00:00:00,COXY,55
1998-04-24 00:00:00,COXY,54
1998-04-28 00:00:00,COXY,54
1998-04-30 00:00:00,COXY,50
1998-05-05 00:00:00,COXY,50
1998-05-06 00:00:00,COXY,50
1998-05-07 00:00:00,COXY,50
1998-05-08 00:00:00,COXY,50
1998-05-13 00:00:00,COXY,50
1998-05-14 00:00:00,COXY,50
1998-05-15 00:00:00,COXY,50
1998-05-21 00:00:00,COXY,50.25
1998-05-25 00:00:00,COXY,50
1998-05-27 00:00:00,COXY,50
1998-06-25 00:00:00,COXY,40
1998-06-30 00:00:00,COXY,40
1998-07-03 00:00:00,COXY,40
1998-07-20 00:00:00,COXY,40
SECURITY_DA,COMP,CLOSE_PRICE
-----------,----,-----------
1998-07-22 00:00:00,COXY,40
1998-07-29 00:00:00,COXY,35
1998-08-05 00:00:00,COXY,35.25
1998-08-06 00:00:00,COXY,40
1998-08-10 00:00:00,COXY,38
1998-08-11 00:00:00,COXY,38.5
1998-08-12 00:00:00,COXY,38.5
1998-08-13 00:00:00,COXY,32
1998-08-19 00:00:00,COXY,36
1998-08-20 00:00:00,COXY,36
1998-08-21 00:00:00,COXY,35.25
1998-08-24 00:00:00,COXY,30
1998-09-04 00:00:00,COXY,28
1998-09-15 00:00:00,COXY,28.5
1998-09-16 00:00:00,COXY,29.75
1998-09-23 00:00:00,COXY,29
1998-09-24 00:00:00,COXY,29
1998-09-25 00:00:00,COXY,29
1998-10-06 00:00:00,COXY,35
1998-10-13 00:00:00,COXY,30
1998-10-20 00:00:00,COXY,32
SECURITY_DA,COMP,CLOSE_PRICE
-----------,----,-----------
1998-10-22 00:00:00,COXY,31.25
1998-10-26 00:00:00,COXY,31.5
1998-10-29 00:00:00,COXY,31
1998-11-02 00:00:00,COXY,34
1998-11-06 00:00:00,COXY,34
1998-11-10 00:00:00,COXY,34
1998-11-13 00:00:00,COXY,34
1998-11-16 00:00:00,COXY,36
1998-11-17 00:00:00,COXY,35
1998-11-18 00:00:00,COXY,36
1998-11-20 00:00:00,COXY,36
1998-11-23 00:00:00,COXY,40
1998-11-25 00:00:00,COXY,38
1998-12-01 00:00:00,COXY,38
1998-12-07 00:00:00,COXY,39
1998-12-08 00:00:00,COXY,39
1998-12-11 00:00:00,COXY,37
1998-12-15 00:00:00,COXY,37
1998-12-21 00:00:00,COXY,36.25
1998-12-22 00:00:00,COXY,35
1998-12-24 00:00:00,COXY,35.75
SECURITY_DA,COMP,CLOSE_PRICE
-----------,----,-----------
1998-12-28 00:00:00,COXY,35.75
1998-12-29 00:00:00,COXY,36.25
1998-12-31 00:00:00,COXY,40
1998-01-02 00:00:00,CSD,4.5
1998-01-05 00:00:00,CSD,4.5
1998-01-06 00:00:00,CSD,4.75
1998-01-07 00:00:00,CSD,4.75
1998-01-08 00:00:00,CSD,4.5
1998-01-09 00:00:00,CSD,4.5
1998-01-13 00:00:00,CSD,4.5
1998-01-15 00:00:00,CSD,4.5
1998-01-16 00:00:00,CSD,4.5
1998-01-19 00:00:00,CSD,4.5
1998-01-20 00:00:00,CSD,4.5
1998-01-22 00:00:00,CSD,4.5
1998-01-23 00:00:00,CSD,4.25
1998-01-26 00:00:00,CSD,4.25
1998-01-27 00:00:00,CSD,4.25
1998-01-28 00:00:00,CSD,4.25
1998-01-30 00:00:00,CSD,4.25
1998-02-02 00:00:00,CSD,4.25
SECURITY_DA,COMP,CLOSE_PRICE
-----------,----,-----------
1998-02-06 00:00:00,CSD,4.25
1998-02-17 00:00:00,CSD,4.5
1998-02-18 00:00:00,CSD,4.75
1998-02-20 00:00:00,CSD,4.5
1998-02-23 00:00:00,CSD,4.5
1998-02-24 00:00:00,CSD,4.25
1998-02-25 00:00:00,CSD,4.5
1998-02-26 00:00:00,CSD,4.5
1998-02-27 00:00:00,CSD,4.5
1998-03-02 00:00:00,CSD,4.5
1998-03-03 00:00:00,CSD,4.5
1998-03-05 00:00:00,CSD,4.5
1998-03-06 00:00:00,CSD,4.25
1998-03-09 00:00:00,CSD,4.25
1998-03-11 00:00:00,CSD,4.5
1998-03-13 00:00:00,CSD,4.25
1998-03-16 00:00:00,CSD,4.5
1998-03-17 00:00:00,CSD,4.25
1998-03-18 00:00:00,CSD,4.25
1998-03-20 00:00:00,CSD,4.25
1998-03-23 00:00:00,CSD,4.25
SECURITY_DA,COMP,CLOSE_PRICE
-----------,----,-----------
1998-03-24 00:00:00,CSD,4.25
1998-03-27 00:00:00,CSD,4.25
1998-03-31 00:00:00,CSD,4.25
1998-04-03 00:00:00,CSD,4.25
1998-04-07 00:00:00,CSD,4.25
1998-04-08 00:00:00,CSD,4.25
1998-04-09 00:00:00,CSD,4.25
1998-04-15 00:00:00,CSD,4.25
1998-04-17 00:00:00,CSD,4.25
1998-04-21 00:00:00,CSD,4.25
1998-04-22 00:00:00,CSD,4.75
1998-04-23 00:00:00,CSD,4.5
1998-04-24 00:00:00,CSD,4.25
1998-04-29 00:00:00,CSD,4.25
1998-04-30 00:00:00,CSD,4.25
1998-05-04 00:00:00,CSD,4.25
1998-05-05 00:00:00,CSD,4.25
1998-05-06 00:00:00,CSD,4.25
1998-05-07 00:00:00,CSD,4.75
1998-05-08 00:00:00,CSD,4.5
1998-05-13 00:00:00,CSD,4.25
SECURITY_DA,COMP,CLOSE_PRICE
-----------,----,-----------
1998-05-14 00:00:00,CSD,4.25
1998-05-15 00:00:00,CSD,4
1998-05-18 00:00:00,CSD,4.25
1998-05-19 00:00:00,CSD,4.5
1998-05-20 00:00:00,CSD,4
1998-05-21 00:00:00,CSD,4.25
1998-05-22 00:00:00,CSD,4
1998-05-25 00:00:00,CSD,4
1998-05-26 00:00:00,CSD,4
1998-05-27 00:00:00,CSD,4.25
1998-05-28 00:00:00,CSD,4
1998-05-29 00:00:00,CSD,4
1998-06-01 00:00:00,CSD,4
1998-06-02 00:00:00,CSD,4.5
1998-06-04 00:00:00,CSD,4
1998-06-05 00:00:00,CSD,4
1998-06-08 00:00:00,CSD,4
1998-06-10 00:00:00,CSD,4
1998-06-11 00:00:00,CSD,4
1998-06-12 00:00:00,CSD,4
1998-06-15 00:00:00,CSD,3.75
SECURITY_DA,COMP,CLOSE_PRICE
-----------,----,-----------
1998-06-16 00:00:00,CSD,4
1998-06-17 00:00:00,CSD,4
1998-06-18 00:00:00,CSD,4
1998-06-19 00:00:00,CSD,4
1998-06-22 00:00:00,CSD,3.75
1998-06-23 00:00:00,CSD,4.25
1998-06-24 00:00:00,CSD,4
1998-06-25 00:00:00,CSD,4
1998-06-26 00:00:00,CSD,4
1998-06-29 00:00:00,CSD,4
1998-06-30 00:00:00,CSD,4
1998-07-01 00:00:00,CSD,4
1998-07-02 00:00:00,CSD,4
1998-07-08 00:00:00,CSD,4
1998-07-10 00:00:00,CSD,4
1998-07-14 00:00:00,CSD,4
1998-07-15 00:00:00,CSD,4
1998-07-17 00:00:00,CSD,4.25
1998-07-20 00:00:00,CSD,4.25
1998-07-21 00:00:00,CSD,4
1998-07-22 00:00:00,CSD,4.25
SECURITY_DA,COMP,CLOSE_PRICE
-----------,----,-----------
1998-07-23 00:00:00,CSD,4.25
1998-07-24 00:00:00,CSD,4.25
1998-07-27 00:00:00,CSD,4.25
1998-07-28 00:00:00,CSD,4.5
1998-07-29 00:00:00,CSD,4.25
1998-07-31 00:00:00,CSD,4.5
1998-08-03 00:00:00,CSD,4.25
1998-08-04 00:00:00,CSD,4.25
1998-08-06 00:00:00,CSD,4.5
1998-08-11 00:00:00,CSD,4.25
1998-08-12 00:00:00,CSD,4.25
1998-08-13 00:00:00,CSD,4.5
1998-08-14 00:00:00,CSD,4.25
1998-08-17 00:00:00,CSD,4.25
1998-08-18 00:00:00,CSD,4.25
1998-08-19 00:00:00,CSD,4.25
1998-08-21 00:00:00,CSD,4.25
1998-08-24 00:00:00,CSD,4.25
1998-08-25 00:00:00,CSD,4.25
1998-08-26 00:00:00,CSD,4.25
1998-08-27 00:00:00,CSD,4
SECURITY_DA,COMP,CLOSE_PRICE
-----------,----,-----------
1998-08-28 00:00:00,CSD,3.75
1998-08-31 00:00:00,CSD,3.75
1998-09-01 00:00:00,CSD,3.25
1998-09-02 00:00:00,CSD,3.25
1998-09-03 00:00:00,CSD,3.25
1998-09-04 00:00:00,CSD,3.5
1998-09-07 00:00:00,CSD,3.5
1998-09-08 00:00:00,CSD,3.5
1998-09-10 00:00:00,CSD,3.5
1998-09-14 00:00:00,CSD,3.75
1998-09-15 00:00:00,CSD,3.75
1998-09-16 00:00:00,CSD,3.75
1998-09-17 00:00:00,CSD,4
1998-09-18 00:00:00,CSD,4
1998-09-21 00:00:00,CSD,4.25
1998-09-22 00:00:00,CSD,4.25
1998-09-23 00:00:00,CSD,4
1998-09-24 00:00:00,CSD,4.25
1998-09-25 00:00:00,CSD,4.25
1998-09-28 00:00:00,CSD,4.25
1998-09-29 00:00:00,CSD,4.5
SECURITY_DA,COMP,CLOSE_PRICE
-----------,----,-----------
1998-09-30 00:00:00,CSD,4.25
1998-10-01 00:00:00,CSD,4.25
1998-10-02 00:00:00,CSD,4.25
1998-10-06 00:00:00,CSD,4
1998-10-07 00:00:00,CSD,4
1998-10-09 00:00:00,CSD,4
1998-10-13 00:00:00,CSD,4.25
1998-10-14 00:00:00,CSD,4.25
1998-10-16 00:00:00,CSD,4.25
1998-10-22 00:00:00,CSD,4.25
1998-10-27 00:00:00,CSD,4
1998-10-28 00:00:00,CSD,4.25
1998-10-29 00:00:00,CSD,4.25
1998-10-30 00:00:00,CSD,4.25
1998-11-02 00:00:00,CSD,4.25
1998-11-05 00:00:00,CSD,4
1998-11-09 00:00:00,CSD,4
1998-11-10 00:00:00,CSD,4.25
1998-11-13 00:00:00,CSD,4
1998-11-17 00:00:00,CSD,4
1998-11-19 00:00:00,CSD,4.25
SECURITY_DA,COMP,CLOSE_PRICE
-----------,----,-----------
1998-11-20 00:00:00,CSD,4
1998-11-23 00:00:00,CSD,4.25
1998-11-24 00:00:00,CSD,4.25
1998-11-26 00:00:00,CSD,4
1998-11-27 00:00:00,CSD,4
1998-12-01 00:00:00,CSD,4
1998-12-02 00:00:00,CSD,4
1998-12-04 00:00:00,CSD,4
1998-12-08 00:00:00,CSD,4
1998-12-10 00:00:00,CSD,4
1998-12-11 00:00:00,CSD,3.75
1998-12-14 00:00:00,CSD,4
1998-12-16 00:00:00,CSD,4
1998-12-22 00:00:00,CSD,3.75
1998-12-23 00:00:00,CSD,4
1998-12-29 00:00:00,CSD,4
1998-12-31 00:00:00,CSD,4
1998-01-02 00:00:00,CSEC,16.75
1998-01-05 00:00:00,CSEC,18
1998-01-06 00:00:00,CSEC,17.5
1998-01-07 00:00:00,CSEC,18
SECURITY_DA,COMP,CLOSE_PRICE
-----------,----,-----------
1998-01-08 00:00:00,CSEC,17.5
1998-01-09 00:00:00,CSEC,17.5
1998-01-13 00:00:00,CSEC,16
1998-01-19 00:00:00,CSEC,15.5
1998-01-20 00:00:00,CSEC,15.5
1998-01-21 00:00:00,CSEC,15.25
1998-01-22 00:00:00,CSEC,16
1998-01-23 00:00:00,CSEC,14.75
1998-01-27 00:00:00,CSEC,14.5
1998-01-28 00:00:00,CSEC,14
1998-01-29 00:00:00,CSEC,14
1998-01-30 00:00:00,CSEC,16.5
1998-02-03 00:00:00,CSEC,14
1998-02-06 00:00:00,CSEC,14.75
1998-02-09 00:00:00,CSEC,14.5
1998-02-11 00:00:00,CSEC,14.5
1998-02-12 00:00:00,CSEC,15
1998-02-13 00:00:00,CSEC,15
1998-02-16 00:00:00,CSEC,15
1998-02-17 00:00:00,CSEC,15.5
1998-02-19 00:00:00,CSEC,16
SECURITY_DA,COMP,CLOSE_PRICE
-----------,----,-----------
1998-02-20 00:00:00,CSEC,16
1998-02-23 00:00:00,CSEC,15.5
1998-02-24 00:00:00,CSEC,15.5
1998-02-25 00:00:00,CSEC,15
1998-03-02 00:00:00,CSEC,15
1998-03-04 00:00:00,CSEC,15
1998-03-06 00:00:00,CSEC,15
1998-03-10 00:00:00,CSEC,15
1998-03-11 00:00:00,CSEC,15
1998-03-16 00:00:00,CSEC,14.75
1998-03-17 00:00:00,CSEC,14.75
1998-03-19 00:00:00,CSEC,14.5
1998-03-24 00:00:00,CSEC,14
1998-03-26 00:00:00,CSEC,14
1998-04-02 00:00:00,CSEC,14.75
1998-04-03 00:00:00,CSEC,14.75
1998-04-06 00:00:00,CSEC,14.75
1998-04-07 00:00:00,CSEC,14.75
1998-04-08 00:00:00,CSEC,14.75
1998-04-09 00:00:00,CSEC,14.25
1998-04-17 00:00:00,CSEC,14.5
SECURITY_DA,COMP,CLOSE_PRICE
-----------,----,-----------
1998-04-21 00:00:00,CSEC,14.5
1998-04-22 00:00:00,CSEC,14.5
1998-04-23 00:00:00,CSEC,16
1998-04-24 00:00:00,CSEC,15.5
1998-04-27 00:00:00,CSEC,15.5
1998-04-28 00:00:00,CSEC,15.5
1998-04-29 00:00:00,CSEC,15
1998-04-30 00:00:00,CSEC,15.75
1998-05-05 00:00:00,CSEC,14.5
1998-05-06 00:00:00,CSEC,14.75
1998-05-07 00:00:00,CSEC,14.75
1998-05-08 00:00:00,CSEC,14.75
1998-05-13 00:00:00,CSEC,14.25
1998-05-18 00:00:00,CSEC,14.25
1998-05-19 00:00:00,CSEC,14.25
1998-05-20 00:00:00,CSEC,14
1998-05-21 00:00:00,CSEC,14
1998-05-22 00:00:00,CSEC,14
1998-05-25 00:00:00,CSEC,14
1998-05-26 00:00:00,CSEC,14
1998-05-27 00:00:00,CSEC,12.5
SECURITY_DA,COMP,CLOSE_PRICE
-----------,----,-----------
1998-05-28 00:00:00,CSEC,12.75
1998-05-29 00:00:00,CSEC,12.5
1998-06-01 00:00:00,CSEC,12.5
1998-06-04 00:00:00,CSEC,11.5
1998-06-05 00:00:00,CSEC,11.5
1998-06-08 00:00:00,CSEC,10
1998-06-10 00:00:00,CSEC,10
1998-06-11 00:00:00,CSEC,9.75
1998-06-17 00:00:00,CSEC,9
1998-06-19 00:00:00,CSEC,9.25
1998-06-22 00:00:00,CSEC,9.5
1998-06-23 00:00:00,CSEC,9.75
1998-06-24 00:00:00,CSEC,9.25
1998-06-25 00:00:00,CSEC,9
1998-06-26 00:00:00,CSEC,7
1998-06-29 00:00:00,CSEC,10
1998-06-30 00:00:00,CSEC,10
1998-07-01 00:00:00,CSEC,10.5
1998-07-02 00:00:00,CSEC,9.75
1998-07-03 00:00:00,CSEC,9.75
1998-07-06 00:00:00,CSEC,9.5
SECURITY_DA,COMP,CLOSE_PRICE
-----------,----,-----------
1998-07-08 00:00:00,CSEC,10.5
1998-07-10 00:00:00,CSEC,10.5
1998-07-13 00:00:00,CSEC,10.5
1998-07-14 00:00:00,CSEC,10.25
1998-07-16 00:00:00,CSEC,9.5
1998-07-17 00:00:00,CSEC,10
1998-07-21 00:00:00,CSEC,9.5
1998-07-30 00:00:00,CSEC,10
1998-07-31 00:00:00,CSEC,10.5
1998-08-03 00:00:00,CSEC,10.5
1998-08-04 00:00:00,CSEC,10.5
1998-08-05 00:00:00,CSEC,10
1998-08-12 00:00:00,CSEC,10
1998-08-14 00:00:00,CSEC,10
1998-08-17 00:00:00,CSEC,10.25
1998-08-18 00:00:00,CSEC,11
1998-08-19 00:00:00,CSEC,10.5
1998-08-20 00:00:00,CSEC,10.75
1998-08-21 00:00:00,CSEC,10.5
1998-08-24 00:00:00,CSEC,10
1998-08-25 00:00:00,CSEC,10
SECURITY_DA,COMP,CLOSE_PRICE
-----------,----,-----------
1998-08-27 00:00:00,CSEC,9
1998-08-28 00:00:00,CSEC,8.5
1998-08-31 00:00:00,CSEC,8
1998-09-01 00:00:00,CSEC,7.25
1998-09-02 00:00:00,CSEC,7
1998-09-03 00:00:00,CSEC,7
1998-09-08 00:00:00,CSEC,6.5
1998-09-10 00:00:00,CSEC,7
1998-09-11 00:00:00,CSEC,6.75
1998-09-15 00:00:00,CSEC,6.75
1998-09-17 00:00:00,CSEC,7
1998-09-18 00:00:00,CSEC,7.5
1998-10-06 00:00:00,CSEC,7.5
1998-10-21 00:00:00,CSEC,7.5
1998-10-27 00:00:00,CSEC,7.5
1998-10-29 00:00:00,CSEC,7.5
1998-10-30 00:00:00,CSEC,7.5
1998-11-10 00:00:00,CSEC,7.75
1998-11-11 00:00:00,CSEC,8.5
1998-11-12 00:00:00,CSEC,7.5
1998-11-13 00:00:00,CSEC,7.5
SECURITY_DA,COMP,CLOSE_PRICE
-----------,----,-----------
1998-11-16 00:00:00,CSEC,7.5
1998-11-19 00:00:00,CSEC,8.5
1998-11-25 00:00:00,CSEC,8.25
1998-11-26 00:00:00,CSEC,8.5
1998-11-27 00:00:00,CSEC,8.5
1998-12-04 00:00:00,CSEC,8.25
1998-12-08 00:00:00,CSEC,7.5
1998-12-09 00:00:00,CSEC,7.25
1998-12-10 00:00:00,CSEC,7
1998-12-11 00:00:00,CSEC,7
1998-12-14 00:00:00,CSEC,7
1998-12-15 00:00:00,CSEC,7
1998-12-16 00:00:00,CSEC,7
1998-12-17 00:00:00,CSEC,6.5
1998-12-23 00:00:00,CSEC,6.75
1998-12-28 00:00:00,CSEC,6.5
1998-12-29 00:00:00,CSEC,6
1998-12-30 00:00:00,CSEC,6.25
1998-12-31 00:00:00,CSEC,6
1998-01-02 00:00:00,CSF,7.5
1998-01-05 00:00:00,CSF,7.25
SECURITY_DA,COMP,CLOSE_PRICE
-----------,----,-----------
1998-01-06 00:00:00,CSF,7.5
1998-01-07 00:00:00,CSF,7.25
1998-01-08 00:00:00,CSF,7.25
1998-01-09 00:00:00,CSF,7.25
1998-01-13 00:00:00,CSF,7
1998-01-15 00:00:00,CSF,6.75
1998-01-16 00:00:00,CSF,6.5
1998-01-19 00:00:00,CSF,6.5
1998-01-20 00:00:00,CSF,6.75
1998-01-21 00:00:00,CSF,6.5
1998-01-22 00:00:00,CSF,6.5
1998-01-23 00:00:00,CSF,6
1998-01-26 00:00:00,CSF,6.25
1998-01-27 00:00:00,CSF,6.25
1998-01-28 00:00:00,CSF,6.25
1998-01-29 00:00:00,CSF,6.25
1998-01-30 00:00:00,CSF,6.25
1998-02-02 00:00:00,CSF,6.25
1998-02-03 00:00:00,CSF,6.5
1998-02-06 00:00:00,CSF,6.5
1998-02-09 00:00:00,CSF,6.5
SECURITY_DA,COMP,CLOSE_PRICE
-----------,----,-----------
1998-02-11 00:00:00,CSF,6.5
1998-02-12 00:00:00,CSF,6.25
1998-02-13 00:00:00,CSF,6.5
1998-02-16 00:00:00,CSF,6.5
1998-02-17 00:00:00,CSF,6.5
1998-02-18 00:00:00,CSF,6.5
1998-02-19 00:00:00,CSF,6.5
1998-02-20 00:00:00,CSF,6.25
1998-02-23 00:00:00,CSF,6.25
1998-02-24 00:00:00,CSF,6.25
1998-02-25 00:00:00,CSF,6.25
1998-02-26 00:00:00,CSF,6.25
1998-02-27 00:00:00,CSF,6.25
1998-03-02 00:00:00,CSF,6.25
1998-03-03 00:00:00,CSF,5.75
1998-03-04 00:00:00,CSF,6
1998-03-05 00:00:00,CSF,6
1998-03-06 00:00:00,CSF,5.75
1998-03-09 00:00:00,CSF,6
1998-03-10 00:00:00,CSF,6
1998-03-11 00:00:00,CSF,6
SECURITY_DA,COMP,CLOSE_PRICE
-----------,----,-----------
1998-03-13 00:00:00,CSF,5.75
1998-03-16 00:00:00,CSF,6
1998-03-17 00:00:00,CSF,6
1998-03-18 00:00:00,CSF,6
1998-03-19 00:00:00,CSF,6
1998-03-20 00:00:00,CSF,5.75
1998-03-23 00:00:00,CSF,6
1998-03-24 00:00:00,CSF,6
1998-03-27 00:00:00,CSF,5.75
1998-03-30 00:00:00,CSF,5.75
1998-03-31 00:00:00,CSF,5.75
1998-04-01 00:00:00,CSF,5.75
1998-04-02 00:00:00,CSF,5.5
1998-04-03 00:00:00,CSF,5.5
1998-04-06 00:00:00,CSF,5.5
1998-04-07 00:00:00,CSF,5.25
1998-04-08 00:00:00,CSF,5.25
1998-04-09 00:00:00,CSF,5.5
1998-04-15 00:00:00,CSF,6
1998-04-16 00:00:00,CSF,6
1998-04-17 00:00:00,CSF,6
SECURITY_DA,COMP,CLOSE_PRICE
-----------,----,-----------
1998-04-20 00:00:00,CSF,6
1998-04-21 00:00:00,CSF,6
1998-04-22 00:00:00,CSF,5.75
1998-04-23 00:00:00,CSF,5.75
1998-04-24 00:00:00,CSF,5.5
1998-04-28 00:00:00,CSF,5.75
1998-04-29 00:00:00,CSF,5.25
1998-04-30 00:00:00,CSF,5.25
1998-05-04 00:00:00,CSF,5.25
1998-05-05 00:00:00,CSF,5.25
1998-05-06 00:00:00,CSF,5
1998-05-07 00:00:00,CSF,4.75
1998-05-08 00:00:00,CSF,4.75
1998-05-13 00:00:00,CSF,4.75
1998-05-14 00:00:00,CSF,4.75
1998-05-15 00:00:00,CSF,4.75
1998-05-18 00:00:00,CSF,4.5
1998-05-19 00:00:00,CSF,4.5
1998-05-20 00:00:00,CSF,4.5
1998-05-21 00:00:00,CSF,4.5
1998-05-22 00:00:00,CSF,4.5
SECURITY_DA,COMP,CLOSE_PRICE
-----------,----,-----------
1998-05-26 00:00:00,CSF,4.5
1998-05-27 00:00:00,CSF,4.5
1998-05-29 00:00:00,CSF,4
1998-06-01 00:00:00,CSF,4
1998-06-02 00:00:00,CSF,3.5
1998-06-03 00:00:00,CSF,4.25
1998-06-04 00:00:00,CSF,4.25
1998-06-05 00:00:00,CSF,4
1998-06-08 00:00:00,CSF,4
1998-06-10 00:00:00,CSF,4
1998-06-11 00:00:00,CSF,3.75
1998-06-12 00:00:00,CSF,3.5
1998-06-15 00:00:00,CSF,3
1998-06-16 00:00:00,CSF,3
1998-06-18 00:00:00,CSF,3
1998-06-19 00:00:00,CSF,3.5
1998-06-22 00:00:00,CSF,3.25
1998-06-24 00:00:00,CSF,3.25
1998-06-25 00:00:00,CSF,3.25
1998-06-26 00:00:00,CSF,3.5
1998-06-29 00:00:00,CSF,3
SECURITY_DA,COMP,CLOSE_PRICE
-----------,----,-----------
1998-06-30 00:00:00,CSF,3.25
1998-07-01 00:00:00,CSF,3.25
1998-07-02 00:00:00,CSF,4
1998-07-03 00:00:00,CSF,4
1998-07-06 00:00:00,CSF,4.25
1998-07-08 00:00:00,CSF,3.75
1998-07-10 00:00:00,CSF,3.75
1998-07-13 00:00:00,CSF,4
1998-07-14 00:00:00,CSF,4
1998-07-15 00:00:00,CSF,4
1998-07-16 00:00:00,CSF,4
1998-07-17 00:00:00,CSF,4.25
1998-07-20 00:00:00,CSF,4
1998-07-21 00:00:00,CSF,4
1998-07-22 00:00:00,CSF,4
1998-07-23 00:00:00,CSF,4
1998-07-24 00:00:00,CSF,4
1998-07-27 00:00:00,CSF,4
1998-07-28 00:00:00,CSF,4
1998-07-30 00:00:00,CSF,4.5
1998-07-31 00:00:00,CSF,4.5
SECURITY_DA,COMP,CLOSE_PRICE
-----------,----,-----------
1998-08-03 00:00:00,CSF,4.5
1998-08-04 00:00:00,CSF,4.25
1998-08-05 00:00:00,CSF,4.25
1998-08-06 00:00:00,CSF,4.25
1998-08-10 00:00:00,CSF,4.25
1998-08-11 00:00:00,CSF,4.25
1998-08-12 00:00:00,CSF,4
1998-08-13 00:00:00,CSF,4.25
1998-08-14 00:00:00,CSF,4
1998-08-17 00:00:00,CSF,4
1998-08-18 00:00:00,CSF,4
1998-08-19 00:00:00,CSF,4
1998-08-20 00:00:00,CSF,4
1998-08-21 00:00:00,CSF,4
1998-08-24 00:00:00,CSF,3.75
1998-08-25 00:00:00,CSF,3.75
1998-08-26 00:00:00,CSF,4
1998-08-27 00:00:00,CSF,4
1998-08-28 00:00:00,CSF,3.75
1998-08-31 00:00:00,CSF,3.5
1998-09-01 00:00:00,CSF,3.25
SECURITY_DA,COMP,CLOSE_PRICE
-----------,----,-----------
1998-09-02 00:00:00,CSF,3
1998-09-03 00:00:00,CSF,3
1998-09-04 00:00:00,CSF,3
1998-09-08 00:00:00,CSF,3.5
1998-09-09 00:00:00,CSF,3.5
1998-09-10 00:00:00,CSF,3.75
1998-09-11 00:00:00,CSF,3.5
1998-09-14 00:00:00,CSF,3.5
1998-09-15 00:00:00,CSF,3.75
1998-09-16 00:00:00,CSF,3.75
1998-09-17 00:00:00,CSF,3.75
1998-09-18 00:00:00,CSF,3.5
1998-09-21 00:00:00,CSF,3.75
1998-09-24 00:00:00,CSF,4
1998-09-28 00:00:00,CSF,3.75
1998-09-30 00:00:00,CSF,3.75
1998-10-01 00:00:00,CSF,4
1998-10-02 00:00:00,CSF,3.75
1998-10-06 00:00:00,CSF,3.75
1998-10-07 00:00:00,CSF,3.75
1998-10-08 00:00:00,CSF,3.75
SECURITY_DA,COMP,CLOSE_PRICE
-----------,----,-----------
1998-10-09 00:00:00,CSF,3.75
1998-10-12 00:00:00,CSF,3.5
1998-10-13 00:00:00,CSF,3.5
1998-10-14 00:00:00,CSF,3.75
1998-10-15 00:00:00,CSF,3.5
1998-10-16 00:00:00,CSF,3.75
1998-10-19 00:00:00,CSF,3.5
1998-10-21 00:00:00,CSF,3.75
1998-10-22 00:00:00,CSF,3.5
1998-10-23 00:00:00,CSF,3.75
1998-10-26 00:00:00,CSF,3.75
1998-10-27 00:00:00,CSF,3.75
1998-10-29 00:00:00,CSF,3.5
1998-11-02 00:00:00,CSF,3.75
1998-11-05 00:00:00,CSF,3.5
1998-11-09 00:00:00,CSF,3.5
1998-11-11 00:00:00,CSF,3.5
1998-11-12 00:00:00,CSF,3.5
1998-11-13 00:00:00,CSF,3.5
1998-11-16 00:00:00,CSF,3.5
1998-11-17 00:00:00,CSF,3.25
SECURITY_DA,COMP,CLOSE_PRICE
-----------,----,-----------
1998-11-18 00:00:00,CSF,3.5
1998-11-19 00:00:00,CSF,3.75
1998-11-20 00:00:00,CSF,3.5
1998-11-23 00:00:00,CSF,3.5
1998-11-24 00:00:00,CSF,3.5
1998-11-26 00:00:00,CSF,3.5
1998-11-27 00:00:00,CSF,3.5
1998-11-30 00:00:00,CSF,3.75
1998-12-01 00:00:00,CSF,3.5
1998-12-02 00:00:00,CSF,3.75
1998-12-04 00:00:00,CSF,3.5
1998-12-07 00:00:00,CSF,3.5
1998-12-08 00:00:00,CSF,3.5
1998-12-09 00:00:00,CSF,3.75
1998-12-10 00:00:00,CSF,3.75
1998-12-11 00:00:00,CSF,3.5
1998-12-14 00:00:00,CSF,3.25
1998-12-15 00:00:00,CSF,3.5
1998-12-16 00:00:00,CSF,3.5
1998-12-17 00:00:00,CSF,3.25
1998-12-21 00:00:00,CSF,3.5
1998-12-22 00:00:00,CSF,3.25
1998-12-23 00:00:00,CSF,3.25
1998-12-24 00:00:00,CSF,3.25
1998-12-28 00:00:00,CSF,3.25
1998-12-29 00:00:00,CSF,3.5
1998-12-30 00:00:00,CSF,3.25
1998-12-31 00:00:00,CSF,3.5
1998-03-02 00:00:00,CSYN,3.5
1998-03-10 00:00:00,CSYN,3.5
1998-03-11 00:00:00,CSYN,4
1998-01-05 00:00:00,CTC,33.25
1998-01-06 00:00:00,CTC,35.75
1998-01-07 00:00:00,CTC,34
1998-01-08 00:00:00,CTC,33.25
1998-01-13 00:00:00,CTC,33.25
1998-01-15 00:00:00,CTC,33.25
1998-01-16 00:00:00,CTC,33
1998-01-19 00:00:00,CTC,33
1998-01-21 00:00:00,CTC,32.5
1998-01-22 00:00:00,CTC,33
1998-01-23 00:00:00,CTC,32.5
1998-01-26 00:00:00,CTC,32.5
1998-01-27 00:00:00,CTC,32.75
1998-01-28 00:00:00,CTC,32.75
1998-01-29 00:00:00,CTC,32.5
1998-01-30 00:00:00,CTC,32.5
1998-02-06 00:00:00,CTC,33.25
1998-02-09 00:00:00,CTC,33.5
1998-02-12 00:00:00,CTC,33.25
1998-02-13 00:00:00,CTC,33.5
1998-02-16 00:00:00,CTC,33.5
1998-02-17 00:00:00,CTC,33.5
1998-02-18 00:00:00,CTC,34
1998-02-19 00:00:00,CTC,35
1998-02-20 00:00:00,CTC,37
1998-02-23 00:00:00,CTC,35
1998-02-26 00:00:00,CTC,34.75
1998-02-27 00:00:00,CTC,34.5
1998-03-02 00:00:00,CTC,34.5
1998-03-03 00:00:00,CTC,34.5
1998-03-04 00:00:00,CTC,34.5
1998-03-05 00:00:00,CTC,36
1998-03-06 00:00:00,CTC,36
1998-03-09 00:00:00,CTC,36
1998-03-10 00:00:00,CTC,37
1998-03-11 00:00:00,CTC,38
1998-03-13 00:00:00,CTC,38
1998-03-16 00:00:00,CTC,39.5
1998-03-17 00:00:00,CTC,38
1998-03-18 00:00:00,CTC,37
1998-03-19 00:00:00,CTC,36.75
1998-03-23 00:00:00,CTC,35
1998-03-24 00:00:00,CTC,35
1998-03-25 00:00:00,CTC,35
1998-03-26 00:00:00,CTC,35
1998-03-31 00:00:00,CTC,34
1998-04-01 00:00:00,CTC,34
1998-04-02 00:00:00,CTC,34
1998-04-06 00:00:00,CTC,34
1998-04-07 00:00:00,CTC,34
1998-04-09 00:00:00,CTC,34.25
1998-04-16 00:00:00,CTC,34.25
1998-04-17 00:00:00,CTC,35
1998-04-20 00:00:00,CTC,35
1998-04-22 00:00:00,CTC,35
1998-04-23 00:00:00,CTC,35.75
1998-04-24 00:00:00,CTC,35
1998-04-27 00:00:00,CTC,35
1998-04-28 00:00:00,CTC,35
1998-05-04 00:00:00,CTC,34
1998-05-05 00:00:00,CTC,32
1998-05-06 00:00:00,CTC,34
1998-05-07 00:00:00,CTC,35
1998-05-08 00:00:00,CTC,35
1998-05-13 00:00:00,CTC,34
1998-05-14 00:00:00,CTC,34
1998-05-15 00:00:00,CTC,34
1998-05-18 00:00:00,CTC,33.75
1998-05-19 00:00:00,CTC,34
1998-05-20 00:00:00,CTC,33.5
1998-05-21 00:00:00,CTC,33.75
1998-05-22 00:00:00,CTC,33.75
1998-05-25 00:00:00,CTC,33
1998-05-28 00:00:00,CTC,33.5
1998-06-01 00:00:00,CTC,32
1998-06-02 00:00:00,CTC,33
1998-06-03 00:00:00,CTC,33
1998-06-04 00:00:00,CTC,32.25
1998-06-05 00:00:00,CTC,32.25
1998-06-08 00:00:00,CTC,32.25
1998-06-11 00:00:00,CTC,32.25
1998-06-12 00:00:00,CTC,31.5
1998-06-15 00:00:00,CTC,30.5
1998-06-16 00:00:00,CTC,31
1998-06-17 00:00:00,CTC,31
1998-06-18 00:00:00,CTC,33
1998-06-19 00:00:00,CTC,34.75
1998-06-24 00:00:00,CTC,33
1998-06-25 00:00:00,CTC,33
1998-06-26 00:00:00,CTC,33
1998-06-30 00:00:00,CTC,31.5
1998-07-01 00:00:00,CTC,31.5
1998-07-03 00:00:00,CTC,33
1998-07-06 00:00:00,CTC,32
1998-07-08 00:00:00,CTC,31
1998-07-13 00:00:00,CTC,31
1998-07-14 00:00:00,CTC,31
1998-07-15 00:00:00,CTC,31
1998-07-16 00:00:00,CTC,31
1998-07-17 00:00:00,CTC,31
1998-07-20 00:00:00,CTC,30.75
1998-07-21 00:00:00,CTC,30
1998-07-22 00:00:00,CTC,28.75
1998-07-23 00:00:00,CTC,29
1998-07-24 00:00:00,CTC,30
1998-07-27 00:00:00,CTC,30
1998-07-28 00:00:00,CTC,30
1998-07-29 00:00:00,CTC,30
1998-08-05 00:00:00,CTC,31
1998-08-06 00:00:00,CTC,31
1998-08-12 00:00:00,CTC,31.75
1998-08-13 00:00:00,CTC,31
1998-08-14 00:00:00,CTC,30
1998-08-17 00:00:00,CTC,30.5
1998-08-18 00:00:00,CTC,30
1998-08-20 00:00:00,CTC,27
1998-08-24 00:00:00,CTC,27.75
1998-08-25 00:00:00,CTC,27
1998-08-26 00:00:00,CTC,25
1998-08-27 00:00:00,CTC,27
1998-08-28 00:00:00,CTC,26
1998-08-31 00:00:00,CTC,27
1998-09-01 00:00:00,CTC,25
1998-09-02 00:00:00,CTC,25
1998-09-03 00:00:00,CTC,25
1998-09-04 00:00:00,CTC,25
1998-09-09 00:00:00,CTC,26
1998-09-10 00:00:00,CTC,26
1998-09-11 00:00:00,CTC,27
1998-09-14 00:00:00,CTC,25
1998-09-15 00:00:00,CTC,28.25
1998-09-16 00:00:00,CTC,28.5
1998-09-17 00:00:00,CTC,28
1998-09-21 00:00:00,CTC,28
1998-09-22 00:00:00,CTC,28
1998-09-23 00:00:00,CTC,28.5
1998-09-24 00:00:00,CTC,29
1998-09-25 00:00:00,CTC,30
1998-09-28 00:00:00,CTC,30.5
1998-09-29 00:00:00,CTC,30
1998-09-30 00:00:00,CTC,30
1998-10-02 00:00:00,CTC,31
1998-10-07 00:00:00,CTC,31
1998-10-08 00:00:00,CTC,31
1998-10-09 00:00:00,CTC,31.25
1998-10-12 00:00:00,CTC,31
1998-10-13 00:00:00,CTC,31
1998-10-14 00:00:00,CTC,31
1998-10-15 00:00:00,CTC,32
1998-10-16 00:00:00,CTC,32
1998-10-20 00:00:00,CTC,33
1998-10-22 00:00:00,CTC,34
1998-10-23 00:00:00,CTC,30
1998-10-26 00:00:00,CTC,34
1998-10-27 00:00:00,CTC,34
1998-11-02 00:00:00,CTC,33
1998-11-05 00:00:00,CTC,33
1998-11-06 00:00:00,CTC,33
1998-11-09 00:00:00,CTC,33
1998-11-10 00:00:00,CTC,35
1998-11-11 00:00:00,CTC,34
1998-11-12 00:00:00,CTC,32.75
1998-11-16 00:00:00,CTC,34
1998-11-17 00:00:00,CTC,33.25
1998-11-18 00:00:00,CTC,35
1998-11-19 00:00:00,CTC,34
1998-11-20 00:00:00,CTC,34
1998-11-23 00:00:00,CTC,34
1998-11-24 00:00:00,CTC,33.5
1998-11-25 00:00:00,CTC,34
1998-11-26 00:00:00,CTC,34
1998-11-27 00:00:00,CTC,33.5
1998-12-02 00:00:00,CTC,33.25
1998-12-08 00:00:00,CTC,32.5
1998-12-09 00:00:00,CTC,32.5
1998-12-10 00:00:00,CTC,32.5
1998-12-11 00:00:00,CTC,32
1998-12-14 00:00:00,CTC,32.25
1998-12-15 00:00:00,CTC,32
1998-12-16 00:00:00,CTC,32
1998-12-17 00:00:00,CTC,32
1998-12-18 00:00:00,CTC,31.5
1998-12-21 00:00:00,CTC,31
1998-12-22 00:00:00,CTC,31
1998-12-23 00:00:00,CTC,33.75
1998-12-30 00:00:00,CTC,33.5
1998-12-31 00:00:00,CTC,33.5
1998-01-02 00:00:00,CTCE,50
1998-01-07 00:00:00,CTCE,50.25
1998-01-08 00:00:00,CTCE,51
1998-01-13 00:00:00,CTCE,50.25
1998-01-15 00:00:00,CTCE,50.5
1998-01-19 00:00:00,CTCE,50.5
1998-01-20 00:00:00,CTCE,50.5
1998-01-22 00:00:00,CTCE,50
1998-01-23 00:00:00,CTCE,50
1998-01-26 00:00:00,CTCE,49
1998-01-27 00:00:00,CTCE,49
1998-02-02 00:00:00,CTCE,49.5
1998-02-13 00:00:00,CTCE,50.25
1998-02-16 00:00:00,CTCE,51.75
1998-02-17 00:00:00,CTCE,51.75
1998-02-18 00:00:00,CTCE,52.5
1998-02-19 00:00:00,CTCE,56
1998-02-20 00:00:00,CTCE,53
1998-02-23 00:00:00,CTCE,57
1998-02-24 00:00:00,CTCE,54
1998-02-27 00:00:00,CTCE,57.75
1998-03-09 00:00:00,CTCE,57.75
1998-03-11 00:00:00,CTCE,54
1998-03-13 00:00:00,CTCE,54
1998-03-18 00:00:00,CTCE,52.25
1998-03-19 00:00:00,CTCE,52.25
1998-03-20 00:00:00,CTCE,53
1998-03-23 00:00:00,CTCE,52.25
1998-03-24 00:00:00,CTCE,52.25
1998-03-27 00:00:00,CTCE,53
1998-03-31 00:00:00,CTCE,55.5
1998-04-02 00:00:00,CTCE,55
1998-04-07 00:00:00,CTCE,53
1998-04-16 00:00:00,CTCE,53
1998-04-17 00:00:00,CTCE,55
1998-04-23 00:00:00,CTCE,55
1998-04-28 00:00:00,CTCE,53
1998-05-07 00:00:00,CTCE,50
1998-05-13 00:00:00,CTCE,50
1998-05-14 00:00:00,CTCE,50
1998-05-15 00:00:00,CTCE,50
1998-05-21 00:00:00,CTCE,50
1998-05-22 00:00:00,CTCE,50
1998-06-12 00:00:00,CTCE,47
1998-06-15 00:00:00,CTCE,45
1998-06-23 00:00:00,CTCE,41
1998-07-15 00:00:00,CTCE,38.5
1998-07-21 00:00:00,CTCE,36.5
1998-07-24 00:00:00,CTCE,38
1998-07-27 00:00:00,CTCE,38.25
1998-07-29 00:00:00,CTCE,38
1998-07-30 00:00:00,CTCE,38
1998-07-31 00:00:00,CTCE,38
1998-08-14 00:00:00,CTCE,37.5
1998-08-17 00:00:00,CTCE,37.75
SECURITY_DA,COMP,CLOSE_PRICE
-----------,----,-----------
1998-08-21 00:00:00,CTCE,38
1998-08-24 00:00:00,CTCE,37.5
1998-08-25 00:00:00,CTCE,37.5
1998-08-31 00:00:00,CTCE,37.5
1998-09-01 00:00:00,CTCE,37
1998-09-09 00:00:00,CTCE,32.25
1998-09-11 00:00:00,CTCE,32.25
1998-09-17 00:00:00,CTCE,32.75
1998-09-30 00:00:00,CTCE,32
1998-10-01 00:00:00,CTCE,34.5
1998-10-08 00:00:00,CTCE,32.5
1998-10-14 00:00:00,CTCE,32
1998-10-15 00:00:00,CTCE,34
1998-10-22 00:00:00,CTCE,34
1998-11-12 00:00:00,CTCE,35
1998-11-17 00:00:00,CTCE,38
1998-11-24 00:00:00,CTCE,34
1998-12-02 00:00:00,CTCE,35
1998-12-04 00:00:00,CTCE,38
1998-12-08 00:00:00,CTCE,35.5
1998-12-14 00:00:00,CTCE,35
SECURITY_DA,COMP,CLOSE_PRICE
-----------,----,-----------
1998-12-15 00:00:00,CTCE,35
1998-12-31 00:00:00,CTCE,35
1998-03-16 00:00:00,CTEA,150
1998-03-17 00:00:00,CTEA,150
1998-07-02 00:00:00,CTEA,160
1998-07-14 00:00:00,CTEA,80
1998-07-15 00:00:00,CTEA,80
1998-07-16 00:00:00,CTEA,80
1998-07-28 00:00:00,CTEA,100
1998-07-30 00:00:00,CTEA,135
1998-07-31 00:00:00,CTEA,135
1998-08-06 00:00:00,CTEA,135
1998-09-10 00:00:00,CTEA,135
1998-08-14 00:00:00,CTHR,200
1998-09-07 00:00:00,CTHR,210
1998-09-08 00:00:00,CTHR,200
1998-09-09 00:00:00,CTHR,210
1998-09-14 00:00:00,CTHR,200
1998-09-15 00:00:00,CTHR,200
1998-09-16 00:00:00,CTHR,200
1998-09-18 00:00:00,CTHR,201
SECURITY_DA,COMP,CLOSE_PRICE
-----------,----,-----------
1998-09-29 00:00:00,CTHR,200
1998-01-02 00:00:00,CTLD,9.75
1998-01-06 00:00:00,CTLD,9.75
1998-01-07 00:00:00,CTLD,10
1998-01-08 00:00:00,CTLD,9.5
1998-01-09 00:00:00,CTLD,9
1998-01-13 00:00:00,CTLD,9
1998-01-15 00:00:00,CTLD,8.75
1998-01-16 00:00:00,CTLD,8.75
1998-01-19 00:00:00,CTLD,8.5
1998-01-20 00:00:00,CTLD,8.25
1998-01-21 00:00:00,CTLD,8.25
1998-01-26 00:00:00,CTLD,8.25
1998-01-27 00:00:00,CTLD,8.5
1998-01-28 00:00:00,CTLD,8.5
1998-01-29 00:00:00,CTLD,8.25
1998-02-03 00:00:00,CTLD,8.25
1998-02-06 00:00:00,CTLD,8.25
1998-02-09 00:00:00,CTLD,8.25
1998-02-12 00:00:00,CTLD,8.25
1998-02-17 00:00:00,CTLD,8.5
SECURITY_DA,COMP,CLOSE_PRICE
-----------,----,-----------
1998-02-20 00:00:00,CTLD,9
1998-02-23 00:00:00,CTLD,9
1998-02-26 00:00:00,CTLD,8.5
1998-02-27 00:00:00,CTLD,8.5
1998-03-02 00:00:00,CTLD,8.5
1998-03-03 00:00:00,CTLD,8.75
1998-03-04 00:00:00,CTLD,9
1998-03-05 00:00:00,CTLD,9
1998-03-09 00:00:00,CTLD,8.75
1998-03-10 00:00:00,CTLD,8.75
1998-03-11 00:00:00,CTLD,8.75
1998-03-13 00:00:00,CTLD,8.75
1998-03-16 00:00:00,CTLD,8.75
1998-03-17 00:00:00,CTLD,8.75
1998-03-19 00:00:00,CTLD,8.75
1998-03-20 00:00:00,CTLD,8.75
1998-03-23 00:00:00,CTLD,8.5
1998-03-24 00:00:00,CTLD,8.5
1998-03-26 00:00:00,CTLD,8.5
1998-03-27 00:00:00,CTLD,8.5
1998-03-30 00:00:00,CTLD,8.5
SECURITY_DA,COMP,CLOSE_PRICE
-----------,----,-----------
1998-03-31 00:00:00,CTLD,8.5
1998-04-01 00:00:00,CTLD,8.5
1998-04-02 00:00:00,CTLD,8.5
1998-04-03 00:00:00,CTLD,8.5
1998-04-06 00:00:00,CTLD,8.25
1998-04-08 00:00:00,CTLD,8.25
1998-04-17 00:00:00,CTLD,8.25
1998-04-20 00:00:00,CTLD,8
1998-04-21 00:00:00,CTLD,8.25
1998-04-23 00:00:00,CTLD,8.25
1998-04-24 00:00:00,CTLD,8.5
1998-04-27 00:00:00,CTLD,8.25
1998-04-28 00:00:00,CTLD,8.25
1998-04-29 00:00:00,CTLD,8.25
1998-04-30 00:00:00,CTLD,8.25
1998-05-04 00:00:00,CTLD,8.25
1998-05-05 00:00:00,CTLD,8.25
1998-05-06 00:00:00,CTLD,8.25
1998-05-07 00:00:00,CTLD,8.25
1998-05-08 00:00:00,CTLD,8.25
1998-05-14 00:00:00,CTLD,8
SECURITY_DA,COMP,CLOSE_PRICE
-----------,----,-----------
1998-05-15 00:00:00,CTLD,7.75
1998-05-18 00:00:00,CTLD,7.5
1998-05-20 00:00:00,CTLD,7.75
1998-05-21 00:00:00,CTLD,7.75
1998-05-22 00:00:00,CTLD,7.75
1998-05-25 00:00:00,CTLD,7.75
1998-05-27 00:00:00,CTLD,8
1998-05-28 00:00:00,CTLD,7.75
1998-05-29 00:00:00,CTLD,7.75
1998-06-01 00:00:00,CTLD,7.75
1998-06-02 00:00:00,CTLD,7
1998-06-04 00:00:00,CTLD,7.25
1998-06-05 00:00:00,CTLD,7.25
1998-06-08 00:00:00,CTLD,7.25
1998-06-12 00:00:00,CTLD,7.5
1998-06-16 00:00:00,CTLD,7.25
1998-06-17 00:00:00,CTLD,7.25
1998-06-19 00:00:00,CTLD,7.25
1998-06-26 00:00:00,CTLD,7.5
1998-06-29 00:00:00,CTLD,7.5
1998-06-30 00:00:00,CTLD,7.5
SECURITY_DA,COMP,CLOSE_PRICE
-----------,----,-----------
1998-07-01 00:00:00,CTLD,7.25
1998-07-02 00:00:00,CTLD,7.5
1998-07-10 00:00:00,CTLD,7.5
1998-07-13 00:00:00,CTLD,7.25
1998-07-14 00:00:00,CTLD,7.25
1998-07-16 00:00:00,CTLD,7.75
1998-07-17 00:00:00,CTLD,7.5
1998-07-21 00:00:00,CTLD,7.5
1998-07-23 00:00:00,CTLD,7.5
1998-07-24 00:00:00,CTLD,7.5
1998-07-27 00:00:00,CTLD,7.5
1998-07-28 00:00:00,CTLD,7.5
1998-07-30 00:00:00,CTLD,7.5
1998-07-31 00:00:00,CTLD,7.5
1998-08-03 00:00:00,CTLD,7.5
1998-08-04 00:00:00,CTLD,7.5
1998-08-10 00:00:00,CTLD,7.75
1998-08-12 00:00:00,CTLD,7.75
1998-08-13 00:00:00,CTLD,7.75
1998-08-14 00:00:00,CTLD,7.75
1998-08-17 00:00:00,CTLD,9.5
SECURITY_DA,COMP,CLOSE_PRICE
-----------,----,-----------
1998-08-18 00:00:00,CTLD,9.75
1998-08-19 00:00:00,CTLD,9.75
1998-08-20 00:00:00,CTLD,9.75
1998-08-21 00:00:00,CTLD,9.75
1998-08-24 00:00:00,CTLD,10
1998-08-25 00:00:00,CTLD,9.5
1998-08-26 00:00:00,CTLD,9.75
1998-08-27 00:00:00,CTLD,9.75
1998-08-28 00:00:00,CTLD,9.75
1998-08-31 00:00:00,CTLD,9.75
1998-09-01 00:00:00,CTLD,9.5
1998-09-02 00:00:00,CTLD,9.5
1998-09-03 00:00:00,CTLD,9.75
1998-09-04 00:00:00,CTLD,10.25
1998-09-07 00:00:00,CTLD,10.25
1998-09-08 00:00:00,CTLD,10.25
1998-09-09 00:00:00,CTLD,10.75
1998-09-10 00:00:00,CTLD,10.75
1998-09-11 00:00:00,CTLD,10.5
1998-09-14 00:00:00,CTLD,10.5
1998-09-15 00:00:00,CTLD,10.5
SECURITY_DA,COMP,CLOSE_PRICE
-----------,----,-----------
1998-09-16 00:00:00,CTLD,10.5
1998-09-17 00:00:00,CTLD,10.25
1998-09-18 00:00:00,CTLD,10
1998-09-21 00:00:00,CTLD,10.5
1998-09-22 00:00:00,CTLD,10.5
1998-09-23 00:00:00,CTLD,10.25
1998-09-24 00:00:00,CTLD,10.25
1998-09-25 00:00:00,CTLD,10
1998-09-28 00:00:00,CTLD,10.25
1998-09-29 00:00:00,CTLD,10
1998-09-30 00:00:00,CTLD,10
1998-10-01 00:00:00,CTLD,10
1998-10-02 00:00:00,CTLD,10
1998-10-06 00:00:00,CTLD,10.25
1998-10-07 00:00:00,CTLD,9.5
1998-10-08 00:00:00,CTLD,9.5
1998-10-09 00:00:00,CTLD,10
1998-10-12 00:00:00,CTLD,9.75
1998-10-13 00:00:00,CTLD,9.75
1998-10-14 00:00:00,CTLD,9.75
1998-10-15 00:00:00,CTLD,10
SECURITY_DA,COMP,CLOSE_PRICE
-----------,----,-----------
1998-10-20 00:00:00,CTLD,10
1998-10-21 00:00:00,CTLD,9.75
1998-10-23 00:00:00,CTLD,10
1998-10-26 00:00:00,CTLD,9.75
1998-10-29 00:00:00,CTLD,10
1998-10-30 00:00:00,CTLD,10.25
1998-11-02 00:00:00,CTLD,10.75
1998-11-04 00:00:00,CTLD,11.25
1998-11-05 00:00:00,CTLD,11.25
1998-11-06 00:00:00,CTLD,11.25
1998-11-09 00:00:00,CTLD,11.5
1998-11-10 00:00:00,CTLD,11.75
1998-11-11 00:00:00,CTLD,11.75
1998-11-12 00:00:00,CTLD,11.5
1998-11-13 00:00:00,CTLD,11.5
1998-11-17 00:00:00,CTLD,7
1998-11-18 00:00:00,CTLD,7.25
1998-11-19 00:00:00,CTLD,7
1998-11-23 00:00:00,CTLD,7.25
1998-11-24 00:00:00,CTLD,7.25
1998-11-25 00:00:00,CTLD,7
SECURITY_DA,COMP,CLOSE_PRICE
-----------,----,-----------
1998-11-26 00:00:00,CTLD,7
1998-11-27 00:00:00,CTLD,7
1998-12-01 00:00:00,CTLD,7
1998-12-04 00:00:00,CTLD,7
1998-12-07 00:00:00,CTLD,7
1998-12-08 00:00:00,CTLD,6.75
1998-12-09 00:00:00,CTLD,6.75
1998-12-10 00:00:00,CTLD,6.75
1998-12-11 00:00:00,CTLD,6.75
1998-12-14 00:00:00,CTLD,7
1998-12-15 00:00:00,CTLD,6.75
1998-12-16 00:00:00,CTLD,6.75
1998-12-17 00:00:00,CTLD,6.75
1998-12-18 00:00:00,CTLD,6.75
1998-12-21 00:00:00,CTLD,6.75
1998-12-23 00:00:00,CTLD,6.75
1998-12-29 00:00:00,CTLD,6.75
1998-12-30 00:00:00,CTLD,6.75
1998-12-31 00:00:00,CTLD,6.75
1998-01-05 00:00:00,CWM,13.5
1998-01-06 00:00:00,CWM,13.5
SECURITY_DA,COMP,CLOSE_PRICE
-----------,----,-----------
1998-01-08 00:00:00,CWM,13.25
1998-01-15 00:00:00,CWM,13
1998-01-20 00:00:00,CWM,10.25
1998-01-21 00:00:00,CWM,10.25
1998-01-22 00:00:00,CWM,10.25
1998-01-23 00:00:00,CWM,11
1998-01-27 00:00:00,CWM,11
1998-01-28 00:00:00,CWM,11
1998-02-12 00:00:00,CWM,10.25
1998-02-24 00:00:00,CWM,10.5
1998-03-03 00:00:00,CWM,10.5
1998-03-04 00:00:00,CWM,10.5
1998-03-06 00:00:00,CWM,10.5
1998-03-09 00:00:00,CWM,10
1998-03-10 00:00:00,CWM,10.5
1998-03-16 00:00:00,CWM,10
1998-03-17 00:00:00,CWM,10
1998-03-19 00:00:00,CWM,10
1998-03-20 00:00:00,CWM,10
1998-03-23 00:00:00,CWM,10
1998-03-25 00:00:00,CWM,9.5
SECURITY_DA,COMP,CLOSE_PRICE
-----------,----,-----------
1998-03-26 00:00:00,CWM,9.75
1998-03-27 00:00:00,CWM,9.75
1998-03-30 00:00:00,CWM,10
1998-03-31 00:00:00,CWM,9.75
1998-04-01 00:00:00,CWM,9.75
1998-04-03 00:00:00,CWM,9.75
1998-04-08 00:00:00,CWM,9.75
1998-04-09 00:00:00,CWM,10
1998-04-20 00:00:00,CWM,9
1998-04-21 00:00:00,CWM,9
1998-04-22 00:00:00,CWM,10
1998-04-23 00:00:00,CWM,9.5
1998-04-24 00:00:00,CWM,10
1998-04-27 00:00:00,CWM,10
1998-04-28 00:00:00,CWM,10
1998-05-06 00:00:00,CWM,9.5
1998-05-08 00:00:00,CWM,9
1998-05-13 00:00:00,CWM,9
1998-05-14 00:00:00,CWM,8
1998-05-15 00:00:00,CWM,8
1998-05-18 00:00:00,CWM,7
SECURITY_DA,COMP,CLOSE_PRICE
-----------,----,-----------
1998-05-21 00:00:00,CWM,8
1998-05-22 00:00:00,CWM,8
1998-05-28 00:00:00,CWM,7
1998-05-29 00:00:00,CWM,7.25
1998-06-02 00:00:00,CWM,7.75
1998-06-04 00:00:00,CWM,7
1998-06-05 00:00:00,CWM,7.25
1998-06-08 00:00:00,CWM,7
1998-06-11 00:00:00,CWM,7
1998-06-12 00:00:00,CWM,7
1998-06-15 00:00:00,CWM,7
1998-06-23 00:00:00,CWM,7.25
1998-06-24 00:00:00,CWM,7
1998-06-25 00:00:00,CWM,6.75
1998-06-26 00:00:00,CWM,6.5
1998-06-29 00:00:00,CWM,7
1998-06-30 00:00:00,CWM,7
1998-07-01 00:00:00,CWM,7
1998-07-02 00:00:00,CWM,7
1998-07-14 00:00:00,CWM,7.25
1998-07-15 00:00:00,CWM,7
SECURITY_DA,COMP,CLOSE_PRICE
-----------,----,-----------
1998-07-16 00:00:00,CWM,7.25
1998-07-20 00:00:00,CWM,7
1998-07-21 00:00:00,CWM,7
1998-07-23 00:00:00,CWM,7
1998-08-10 00:00:00,CWM,7
1998-08-11 00:00:00,CWM,7
1998-08-14 00:00:00,CWM,7.25
1998-08-17 00:00:00,CWM,7
1998-08-20 00:00:00,CWM,7
1998-08-21 00:00:00,CWM,6.75
1998-08-24 00:00:00,CWM,7
1998-08-26 00:00:00,CWM,6.75
1998-08-27 00:00:00,CWM,6.75
1998-08-28 00:00:00,CWM,6.75
1998-09-01 00:00:00,CWM,6
1998-09-02 00:00:00,CWM,6
1998-09-08 00:00:00,CWM,5
1998-09-09 00:00:00,CWM,5
1998-09-10 00:00:00,CWM,5.25
1998-09-16 00:00:00,CWM,6
1998-09-18 00:00:00,CWM,5
SECURITY_DA,COMP,CLOSE_PRICE
-----------,----,-----------
1998-09-22 00:00:00,CWM,6
1998-09-24 00:00:00,CWM,6
1998-09-25 00:00:00,CWM,6
1998-09-29 00:00:00,CWM,6
1998-10-06 00:00:00,CWM,5
1998-10-07 00:00:00,CWM,5
1998-10-09 00:00:00,CWM,4.75
1998-10-13 00:00:00,CWM,5
1998-10-19 00:00:00,CWM,5
1998-10-20 00:00:00,CWM,5
1998-10-23 00:00:00,CWM,5
1998-10-29 00:00:00,CWM,4
1998-11-05 00:00:00,CWM,4.25
1998-11-06 00:00:00,CWM,4.25
1998-11-10 00:00:00,CWM,4.5
1998-11-11 00:00:00,CWM,4.5
1998-11-16 00:00:00,CWM,6
1998-11-17 00:00:00,CWM,8
1998-11-18 00:00:00,CWM,8
1998-11-19 00:00:00,CWM,8.25
1998-11-20 00:00:00,CWM,8
SECURITY_DA,COMP,CLOSE_PRICE
-----------,----,-----------
1998-11-24 00:00:00,CWM,8.25
1998-11-25 00:00:00,CWM,8.5
1998-11-26 00:00:00,CWM,8.25
1998-11-27 00:00:00,CWM,8.5
1998-12-01 00:00:00,CWM,8.25
1998-12-04 00:00:00,CWM,8.25
1998-12-07 00:00:00,CWM,8
1998-12-08 00:00:00,CWM,8
1998-12-11 00:00:00,CWM,8
1998-12-14 00:00:00,CWM,8
1998-12-15 00:00:00,CWM,8
1998-12-21 00:00:00,CWM,8.5
1998-12-28 00:00:00,CWM,8
1998-12-29 00:00:00,CWM,8
1998-12-31 00:00:00,CWM,8.5
1998-01-02 00:00:00,DFCC,240
1998-01-05 00:00:00,DFCC,245
1998-01-06 00:00:00,DFCC,250
1998-01-07 00:00:00,DFCC,250
1998-01-08 00:00:00,DFCC,250
1998-01-09 00:00:00,DFCC,250
1998-01-15 00:00:00,DFCC,239
1998-01-16 00:00:00,DFCC,225
1998-01-19 00:00:00,DFCC,220.25
1998-01-20 00:00:00,DFCC,220
1998-01-21 00:00:00,DFCC,220
1998-01-26 00:00:00,DFCC,208
1998-01-27 00:00:00,DFCC,210
1998-01-28 00:00:00,DFCC,208.5
1998-01-30 00:00:00,DFCC,210
1998-02-06 00:00:00,DFCC,210
1998-02-09 00:00:00,DFCC,210
1998-02-11 00:00:00,DFCC,200
1998-02-12 00:00:00,DFCC,200
1998-02-13 00:00:00,DFCC,200
1998-02-16 00:00:00,DFCC,200
1998-02-17 00:00:00,DFCC,210
1998-02-18 00:00:00,DFCC,217.75
1998-02-19 00:00:00,DFCC,218
1998-02-20 00:00:00,DFCC,220
1998-02-23 00:00:00,DFCC,222
1998-02-24 00:00:00,DFCC,218
1998-02-25 00:00:00,DFCC,215
1998-02-27 00:00:00,DFCC,212
1998-03-02 00:00:00,DFCC,220
1998-03-03 00:00:00,DFCC,223
1998-03-04 00:00:00,DFCC,225
1998-03-05 00:00:00,DFCC,235
1998-03-06 00:00:00,DFCC,235
1998-03-09 00:00:00,DFCC,239
1998-03-10 00:00:00,DFCC,245.25
1998-03-11 00:00:00,DFCC,250
1998-03-13 00:00:00,DFCC,250
1998-03-16 00:00:00,DFCC,250
1998-03-17 00:00:00,DFCC,250.25
1998-03-18 00:00:00,DFCC,253
1998-03-19 00:00:00,DFCC,255
1998-03-20 00:00:00,DFCC,255
1998-03-23 00:00:00,DFCC,255
1998-03-24 00:00:00,DFCC,255
1998-03-25 00:00:00,DFCC,252
1998-03-26 00:00:00,DFCC,250
1998-03-27 00:00:00,DFCC,250
1998-03-30 00:00:00,DFCC,254.75
1998-03-31 00:00:00,DFCC,253
1998-04-01 00:00:00,DFCC,250
1998-04-02 00:00:00,DFCC,250
1998-04-03 00:00:00,DFCC,250
1998-04-06 00:00:00,DFCC,250
1998-04-08 00:00:00,DFCC,242
1998-04-16 00:00:00,DFCC,253
1998-04-17 00:00:00,DFCC,255
1998-04-20 00:00:00,DFCC,255
1998-04-21 00:00:00,DFCC,255
1998-04-22 00:00:00,DFCC,260
1998-04-23 00:00:00,DFCC,280
1998-04-24 00:00:00,DFCC,280
1998-04-27 00:00:00,DFCC,279
1998-04-28 00:00:00,DFCC,283
1998-04-29 00:00:00,DFCC,283.25
1998-04-30 00:00:00,DFCC,305
1998-05-04 00:00:00,DFCC,305
1998-05-05 00:00:00,DFCC,303
1998-05-06 00:00:00,DFCC,290
1998-05-08 00:00:00,DFCC,293
1998-05-13 00:00:00,DFCC,292.25
1998-05-14 00:00:00,DFCC,275
1998-05-15 00:00:00,DFCC,267.75
1998-05-18 00:00:00,DFCC,280
1998-05-19 00:00:00,DFCC,270
1998-05-20 00:00:00,DFCC,260
1998-05-21 00:00:00,DFCC,255
1998-05-22 00:00:00,DFCC,255
1998-05-25 00:00:00,DFCC,255
1998-05-26 00:00:00,DFCC,254.75
1998-05-27 00:00:00,DFCC,252
1998-05-28 00:00:00,DFCC,248
1998-05-29 00:00:00,DFCC,248
1998-06-01 00:00:00,DFCC,244
1998-06-02 00:00:00,DFCC,245.5
1998-06-03 00:00:00,DFCC,246
1998-06-04 00:00:00,DFCC,240
1998-06-05 00:00:00,DFCC,239.75
1998-06-08 00:00:00,DFCC,242
1998-06-10 00:00:00,DFCC,240
1998-06-11 00:00:00,DFCC,240
1998-06-12 00:00:00,DFCC,236
1998-06-15 00:00:00,DFCC,220
1998-06-16 00:00:00,DFCC,220
1998-06-17 00:00:00,DFCC,200
1998-06-18 00:00:00,DFCC,170
1998-06-19 00:00:00,DFCC,165
1998-06-22 00:00:00,DFCC,160
1998-06-23 00:00:00,DFCC,157.5
1998-06-24 00:00:00,DFCC,157.5
1998-06-25 00:00:00,DFCC,150
1998-06-26 00:00:00,DFCC,135.25
1998-06-29 00:00:00,DFCC,135
1998-06-30 00:00:00,DFCC,135
1998-07-01 00:00:00,DFCC,141.25
1998-07-02 00:00:00,DFCC,135
1998-07-03 00:00:00,DFCC,145
1998-07-06 00:00:00,DFCC,150
1998-07-08 00:00:00,DFCC,150
1998-07-10 00:00:00,DFCC,150
1998-07-13 00:00:00,DFCC,148
1998-07-14 00:00:00,DFCC,146.25
1998-07-15 00:00:00,DFCC,145
1998-07-16 00:00:00,DFCC,145
1998-07-17 00:00:00,DFCC,145
1998-07-20 00:00:00,DFCC,140
1998-07-21 00:00:00,DFCC,140
1998-07-22 00:00:00,DFCC,140
1998-07-23 00:00:00,DFCC,138
1998-07-24 00:00:00,DFCC,138
1998-07-27 00:00:00,DFCC,138
1998-07-28 00:00:00,DFCC,138
1998-07-29 00:00:00,DFCC,138
1998-07-30 00:00:00,DFCC,138
1998-07-31 00:00:00,DFCC,139.75
1998-08-03 00:00:00,DFCC,136
1998-08-04 00:00:00,DFCC,136
1998-08-05 00:00:00,DFCC,135
1998-08-06 00:00:00,DFCC,135
1998-08-10 00:00:00,DFCC,135
1998-08-11 00:00:00,DFCC,130
1998-08-12 00:00:00,DFCC,130
1998-08-13 00:00:00,DFCC,125
1998-08-14 00:00:00,DFCC,118
1998-08-17 00:00:00,DFCC,118.25
1998-08-18 00:00:00,DFCC,105
1998-08-19 00:00:00,DFCC,105
1998-08-20 00:00:00,DFCC,100.25
1998-08-21 00:00:00,DFCC,104
1998-08-24 00:00:00,DFCC,98
1998-08-25 00:00:00,DFCC,103
1998-08-26 00:00:00,DFCC,110
1998-08-27 00:00:00,DFCC,110
1998-08-28 00:00:00,DFCC,104.5
1998-08-31 00:00:00,DFCC,102
1998-09-01 00:00:00,DFCC,96
1998-09-02 00:00:00,DFCC,89
1998-09-03 00:00:00,DFCC,100
1998-09-04 00:00:00,DFCC,90
1998-09-07 00:00:00,DFCC,92.5
1998-09-08 00:00:00,DFCC,94
1998-09-09 00:00:00,DFCC,93
1998-09-10 00:00:00,DFCC,95
1998-09-11 00:00:00,DFCC,94.5
1998-09-14 00:00:00,DFCC,97.25
1998-09-15 00:00:00,DFCC,100
1998-09-16 00:00:00,DFCC,100.5
1998-09-17 00:00:00,DFCC,98
1998-09-18 00:00:00,DFCC,95.5
1998-09-21 00:00:00,DFCC,96
1998-09-22 00:00:00,DFCC,96
1998-09-23 00:00:00,DFCC,97.25
1998-09-24 00:00:00,DFCC,100
1998-09-25 00:00:00,DFCC,100
1998-09-28 00:00:00,DFCC,99
1998-09-29 00:00:00,DFCC,98
1998-09-30 00:00:00,DFCC,96
1998-10-01 00:00:00,DFCC,96.25
1998-10-02 00:00:00,DFCC,95
1998-10-06 00:00:00,DFCC,94
1998-10-07 00:00:00,DFCC,95
1998-10-08 00:00:00,DFCC,96
1998-10-09 00:00:00,DFCC,95.25
1998-10-12 00:00:00,DFCC,95.25
1998-10-13 00:00:00,DFCC,96
1998-10-14 00:00:00,DFCC,96
1998-10-15 00:00:00,DFCC,96
1998-10-16 00:00:00,DFCC,96
1998-10-19 00:00:00,DFCC,96
1998-10-20 00:00:00,DFCC,100
1998-10-21 00:00:00,DFCC,97
1998-10-22 00:00:00,DFCC,96.5
1998-10-23 00:00:00,DFCC,93
1998-10-26 00:00:00,DFCC,92
1998-10-27 00:00:00,DFCC,93
1998-10-28 00:00:00,DFCC,96
1998-10-29 00:00:00,DFCC,95
1998-10-30 00:00:00,DFCC,96
1998-11-04 00:00:00,DFCC,99
1998-11-05 00:00:00,DFCC,100
1998-11-09 00:00:00,DFCC,97.25
1998-11-10 00:00:00,DFCC,98
1998-11-11 00:00:00,DFCC,100
1998-11-12 00:00:00,DFCC,100.25
1998-11-13 00:00:00,DFCC,103
1998-11-16 00:00:00,DFCC,105.5
1998-11-17 00:00:00,DFCC,110.25
1998-11-18 00:00:00,DFCC,120
1998-11-19 00:00:00,DFCC,114
1998-11-20 00:00:00,DFCC,113
1998-11-23 00:00:00,DFCC,116.75
1998-11-24 00:00:00,DFCC,119
1998-11-25 00:00:00,DFCC,120
1998-11-26 00:00:00,DFCC,118
1998-11-27 00:00:00,DFCC,122
1998-11-30 00:00:00,DFCC,125
1998-12-01 00:00:00,DFCC,126.5
1998-12-02 00:00:00,DFCC,123
1998-12-04 00:00:00,DFCC,123
1998-12-07 00:00:00,DFCC,124
1998-12-08 00:00:00,DFCC,118
1998-12-09 00:00:00,DFCC,120
1998-12-10 00:00:00,DFCC,119
1998-12-11 00:00:00,DFCC,118.5
1998-12-14 00:00:00,DFCC,121
1998-12-15 00:00:00,DFCC,119.25
1998-12-16 00:00:00,DFCC,123
1998-12-17 00:00:00,DFCC,121
1998-12-18 00:00:00,DFCC,124
1998-12-21 00:00:00,DFCC,124
1998-12-22 00:00:00,DFCC,125
1998-12-23 00:00:00,DFCC,126
1998-12-24 00:00:00,DFCC,129.5
1998-12-28 00:00:00,DFCC,135
1998-12-29 00:00:00,DFCC,138
1998-12-30 00:00:00,DFCC,139.5
1998-12-31 00:00:00,DFCC,148
1998-01-19 00:00:00,DIMO,49.5
1998-01-21 00:00:00,DIMO,49
1998-01-27 00:00:00,DIMO,49
1998-02-06 00:00:00,DIMO,49
1998-02-23 00:00:00,DIMO,50
1998-03-03 00:00:00,DIMO,50
1998-03-06 00:00:00,DIMO,50
1998-03-10 00:00:00,DIMO,49
1998-03-16 00:00:00,DIMO,50
1998-03-17 00:00:00,DIMO,50
SECURITY_DA,COMP,CLOSE_PRICE
-----------,----,-----------
1998-03-20 00:00:00,DIMO,50
1998-03-25 00:00:00,DIMO,50
1998-04-03 00:00:00,DIMO,48
1998-04-06 00:00:00,DIMO,48
1998-04-07 00:00:00,DIMO,48
1998-04-15 00:00:00,DIMO,48
1998-04-23 00:00:00,DIMO,48
1998-05-04 00:00:00,DIMO,48
1998-05-06 00:00:00,DIMO,50
1998-05-08 00:00:00,DIMO,50
1998-05-25 00:00:00,DIMO,48
1998-05-27 00:00:00,DIMO,48
1998-07-16 00:00:00,DIMO,48
1998-08-14 00:00:00,DIMO,48
1998-08-31 00:00:00,DIMO,40
1998-09-04 00:00:00,DIMO,45
1998-09-14 00:00:00,DIMO,44
1998-09-15 00:00:00,DIMO,43
1998-09-30 00:00:00,DIMO,40.25
1998-10-01 00:00:00,DIMO,40
1998-10-02 00:00:00,DIMO,40
SECURITY_DA,COMP,CLOSE_PRICE
-----------,----,-----------
1998-10-06 00:00:00,DIMO,40
1998-10-07 00:00:00,DIMO,40
1998-10-09 00:00:00,DIMO,40
1998-10-12 00:00:00,DIMO,40
1998-10-19 00:00:00,DIMO,40
1998-10-26 00:00:00,DIMO,40
1998-10-28 00:00:00,DIMO,40
1998-11-16 00:00:00,DIMO,43
1998-12-15 00:00:00,DIMO,36
1998-12-16 00:00:00,DIMO,38
1998-12-17 00:00:00,DIMO,35.5
1998-01-02 00:00:00,DIPD,115
1998-01-05 00:00:00,DIPD,116
1998-01-06 00:00:00,DIPD,117.5
1998-01-07 00:00:00,DIPD,116
1998-01-08 00:00:00,DIPD,115
1998-01-09 00:00:00,DIPD,115
1998-01-13 00:00:00,DIPD,115
1998-01-15 00:00:00,DIPD,112
1998-01-16 00:00:00,DIPD,112
1998-01-19 00:00:00,DIPD,112
SECURITY_DA,COMP,CLOSE_PRICE
-----------,----,-----------
1998-01-20 00:00:00,DIPD,112
1998-01-21 00:00:00,DIPD,106
1998-01-22 00:00:00,DIPD,105
1998-01-27 00:00:00,DIPD,105
1998-01-28 00:00:00,DIPD,105
1998-01-29 00:00:00,DIPD,105
1998-01-30 00:00:00,DIPD,105
1998-02-02 00:00:00,DIPD,105
1998-02-03 00:00:00,DIPD,105.5
1998-02-06 00:00:00,DIPD,105.25
1998-02-09 00:00:00,DIPD,105.5
1998-02-11 00:00:00,DIPD,106
1998-02-12 00:00:00,DIPD,106
1998-02-13 00:00:00,DIPD,110
1998-02-16 00:00:00,DIPD,108
1998-02-17 00:00:00,DIPD,110
1998-02-18 00:00:00,DIPD,110
1998-02-19 00:00:00,DIPD,111
1998-02-20 00:00:00,DIPD,110
1998-02-23 00:00:00,DIPD,110
1998-02-24 00:00:00,DIPD,111
SECURITY_DA,COMP,CLOSE_PRICE
-----------,----,-----------
1998-02-25 00:00:00,DIPD,110
1998-02-26 00:00:00,DIPD,110
1998-02-27 00:00:00,DIPD,106
1998-03-02 00:00:00,DIPD,107
1998-03-03 00:00:00,DIPD,110
1998-03-04 00:00:00,DIPD,108
1998-03-05 00:00:00,DIPD,108
1998-03-06 00:00:00,DIPD,110
1998-03-09 00:00:00,DIPD,110
1998-03-10 00:00:00,DIPD,108
1998-03-11 00:00:00,DIPD,108
1998-03-13 00:00:00,DIPD,108
1998-03-16 00:00:00,DIPD,108
1998-03-17 00:00:00,DIPD,108
1998-03-19 00:00:00,DIPD,108
1998-03-20 00:00:00,DIPD,110
1998-03-23 00:00:00,DIPD,108
1998-03-24 00:00:00,DIPD,110
1998-03-25 00:00:00,DIPD,110
1998-03-27 00:00:00,DIPD,110
1998-03-30 00:00:00,DIPD,110
SECURITY_DA,COMP,CLOSE_PRICE
-----------,----,-----------
1998-03-31 00:00:00,DIPD,110
1998-04-01 00:00:00,DIPD,110
1998-04-02 00:00:00,DIPD,111
1998-04-03 00:00:00,DIPD,111
1998-04-06 00:00:00,DIPD,111
1998-04-08 00:00:00,DIPD,111
1998-04-09 00:00:00,DIPD,115
1998-04-15 00:00:00,DIPD,115
1998-04-20 00:00:00,DIPD,115
1998-04-21 00:00:00,DIPD,115
1998-04-22 00:00:00,DIPD,115
1998-04-23 00:00:00,DIPD,115.5
1998-04-24 00:00:00,DIPD,125
1998-04-27 00:00:00,DIPD,122
1998-04-28 00:00:00,DIPD,122
1998-04-29 00:00:00,DIPD,125
1998-04-30 00:00:00,DIPD,125
1998-05-04 00:00:00,DIPD,125
1998-05-05 00:00:00,DIPD,125
1998-05-06 00:00:00,DIPD,121
1998-05-08 00:00:00,DIPD,121.25
SECURITY_DA,COMP,CLOSE_PRICE
-----------,----,-----------
1998-05-14 00:00:00,DIPD,121.5
1998-05-15 00:00:00,DIPD,115
1998-05-18 00:00:00,DIPD,115
1998-05-19 00:00:00,DIPD,115
1998-05-20 00:00:00,DIPD,110
1998-05-21 00:00:00,DIPD,105
1998-05-22 00:00:00,DIPD,110
1998-05-25 00:00:00,DIPD,115
1998-05-26 00:00:00,DIPD,112
1998-05-27 00:00:00,DIPD,110
1998-05-28 00:00:00,DIPD,110
1998-06-03 00:00:00,DIPD,105
1998-06-04 00:00:00,DIPD,105
1998-06-05 00:00:00,DIPD,103
1998-06-08 00:00:00,DIPD,103
1998-06-12 00:00:00,DIPD,100.25
1998-06-15 00:00:00,DIPD,100
1998-06-16 00:00:00,DIPD,92
1998-06-17 00:00:00,DIPD,90
1998-06-18 00:00:00,DIPD,90
1998-06-19 00:00:00,DIPD,89.5
SECURITY_DA,COMP,CLOSE_PRICE
-----------,----,-----------
1998-06-22 00:00:00,DIPD,89
1998-06-23 00:00:00,DIPD,89
1998-06-25 00:00:00,DIPD,89
1998-06-26 00:00:00,DIPD,90
1998-06-29 00:00:00,DIPD,90
1998-06-30 00:00:00,DIPD,90
1998-07-01 00:00:00,DIPD,90
1998-07-02 00:00:00,DIPD,90
1998-07-03 00:00:00,DIPD,90
1998-07-06 00:00:00,DIPD,90
1998-07-10 00:00:00,DIPD,93
1998-07-13 00:00:00,DIPD,93
1998-07-14 00:00:00,DIPD,90
1998-07-16 00:00:00,DIPD,93
1998-07-17 00:00:00,DIPD,93
1998-07-22 00:00:00,DIPD,94
1998-07-23 00:00:00,DIPD,93
1998-07-27 00:00:00,DIPD,93
1998-07-30 00:00:00,DIPD,94
1998-08-04 00:00:00,DIPD,94.5
1998-08-06 00:00:00,DIPD,99
SECURITY_DA,COMP,CLOSE_PRICE
-----------,----,-----------
1998-08-10 00:00:00,DIPD,99
1998-08-12 00:00:00,DIPD,95
1998-08-13 00:00:00,DIPD,95
1998-08-14 00:00:00,DIPD,100
1998-08-20 00:00:00,DIPD,94
1998-08-24 00:00:00,DIPD,90
1998-08-25 00:00:00,DIPD,83
1998-08-26 00:00:00,DIPD,88
1998-08-27 00:00:00,DIPD,89
1998-08-28 00:00:00,DIPD,88
1998-08-31 00:00:00,DIPD,86.75
1998-09-01 00:00:00,DIPD,83.25
1998-09-02 00:00:00,DIPD,83
1998-09-03 00:00:00,DIPD,80
1998-09-04 00:00:00,DIPD,80
1998-09-07 00:00:00,DIPD,80
1998-09-09 00:00:00,DIPD,72
1998-09-10 00:00:00,DIPD,70
1998-09-14 00:00:00,DIPD,66
1998-09-16 00:00:00,DIPD,70
1998-09-17 00:00:00,DIPD,65
SECURITY_DA,COMP,CLOSE_PRICE
-----------,----,-----------
1998-09-21 00:00:00,DIPD,65
1998-09-22 00:00:00,DIPD,65
1998-09-24 00:00:00,DIPD,65.25
1998-09-28 00:00:00,DIPD,66
1998-09-30 00:00:00,DIPD,65.25
1998-10-07 00:00:00,DIPD,65.25
1998-10-09 00:00:00,DIPD,65.25
1998-10-12 00:00:00,DIPD,60
1998-10-14 00:00:00,DIPD,56
1998-10-16 00:00:00,DIPD,55.25
1998-10-20 00:00:00,DIPD,58
1998-10-22 00:00:00,DIPD,57
1998-10-30 00:00:00,DIPD,59
1998-11-02 00:00:00,DIPD,56.25
1998-11-04 00:00:00,DIPD,60
1998-11-09 00:00:00,DIPD,60
1998-11-10 00:00:00,DIPD,57.5
1998-11-11 00:00:00,DIPD,60
1998-11-13 00:00:00,DIPD,60
1998-11-16 00:00:00,DIPD,61
1998-11-17 00:00:00,DIPD,63
SECURITY_DA,COMP,CLOSE_PRICE
-----------,----,-----------
1998-11-18 00:00:00,DIPD,63
1998-11-19 00:00:00,DIPD,63
1998-11-24 00:00:00,DIPD,63
1998-11-25 00:00:00,DIPD,62
1998-11-26 00:00:00,DIPD,63
1998-11-27 00:00:00,DIPD,61
1998-11-30 00:00:00,DIPD,62
1998-12-01 00:00:00,DIPD,60
1998-12-07 00:00:00,DIPD,60.5
1998-12-08 00:00:00,DIPD,59.5
1998-12-10 00:00:00,DIPD,59.75
1998-12-14 00:00:00,DIPD,57.5
1998-12-15 00:00:00,DIPD,57.5
1998-12-18 00:00:00,DIPD,58
1998-12-21 00:00:00,DIPD,58.25
1998-12-23 00:00:00,DIPD,58.25
1998-12-24 00:00:00,DIPD,57
1998-12-31 00:00:00,DIPD,60
1998-01-02 00:00:00,DIST,7
1998-01-05 00:00:00,DIST,7
1998-01-06 00:00:00,DIST,6.75
1998-01-07 00:00:00,DIST,7
1998-01-08 00:00:00,DIST,6.75
1998-01-09 00:00:00,DIST,6.75
1998-01-13 00:00:00,DIST,6
1998-01-15 00:00:00,DIST,6.25
1998-01-16 00:00:00,DIST,6.25
1998-01-19 00:00:00,DIST,6.25
1998-01-20 00:00:00,DIST,6.25
1998-01-21 00:00:00,DIST,6
1998-01-22 00:00:00,DIST,6
1998-01-23 00:00:00,DIST,6
1998-01-26 00:00:00,DIST,6
1998-01-27 00:00:00,DIST,6.25
1998-01-28 00:00:00,DIST,6
1998-01-29 00:00:00,DIST,6.25
1998-01-30 00:00:00,DIST,6.25
1998-02-02 00:00:00,DIST,6.25
1998-02-03 00:00:00,DIST,6.25
1998-02-06 00:00:00,DIST,6.25
1998-02-09 00:00:00,DIST,6.25
1998-02-11 00:00:00,DIST,6.25
1998-02-12 00:00:00,DIST,6.25
1998-02-13 00:00:00,DIST,6
1998-02-16 00:00:00,DIST,6.25
1998-02-17 00:00:00,DIST,6.25
1998-02-18 00:00:00,DIST,6.25
1998-02-19 00:00:00,DIST,6.25
1998-02-20 00:00:00,DIST,6.25
1998-02-23 00:00:00,DIST,6.25
1998-02-24 00:00:00,DIST,6.25
1998-02-25 00:00:00,DIST,6
1998-02-26 00:00:00,DIST,6
1998-03-02 00:00:00,DIST,6.25
1998-03-03 00:00:00,DIST,6.25
1998-03-04 00:00:00,DIST,6
1998-03-05 00:00:00,DIST,6.25
1998-03-06 00:00:00,DIST,6.25
1998-03-09 00:00:00,DIST,6
1998-03-10 00:00:00,DIST,6.25
1998-03-11 00:00:00,DIST,6.25
1998-03-13 00:00:00,DIST,6
1998-03-16 00:00:00,DIST,6.25
1998-03-17 00:00:00,DIST,7
1998-03-18 00:00:00,DIST,6.75
1998-03-19 00:00:00,DIST,6.75
1998-03-20 00:00:00,DIST,6.5
1998-03-23 00:00:00,DIST,6.5
1998-03-24 00:00:00,DIST,6.75
1998-03-25 00:00:00,DIST,6.75
1998-03-26 00:00:00,DIST,6.75
1998-03-27 00:00:00,DIST,6.5
1998-03-30 00:00:00,DIST,6.5
1998-03-31 00:00:00,DIST,6.5
1998-04-01 00:00:00,DIST,6.5
1998-04-02 00:00:00,DIST,6.5
1998-04-03 00:00:00,DIST,6.5
1998-04-06 00:00:00,DIST,6.5
1998-04-07 00:00:00,DIST,6.5
1998-04-08 00:00:00,DIST,6.5
1998-04-09 00:00:00,DIST,6.5
1998-04-15 00:00:00,DIST,6.5
1998-04-16 00:00:00,DIST,6.5
1998-04-17 00:00:00,DIST,6.5
1998-04-20 00:00:00,DIST,6.75
1998-04-21 00:00:00,DIST,7
1998-04-22 00:00:00,DIST,7.5
1998-04-23 00:00:00,DIST,8
1998-04-24 00:00:00,DIST,7.75
1998-04-27 00:00:00,DIST,7.75
1998-04-28 00:00:00,DIST,7.5
1998-04-29 00:00:00,DIST,8
1998-04-30 00:00:00,DIST,8.25
1998-05-04 00:00:00,DIST,7.75
1998-05-05 00:00:00,DIST,8
1998-05-06 00:00:00,DIST,8
1998-05-07 00:00:00,DIST,7.75
1998-05-08 00:00:00,DIST,7.75
1998-05-13 00:00:00,DIST,8
1998-05-14 00:00:00,DIST,7.75
1998-05-15 00:00:00,DIST,7.5
1998-05-18 00:00:00,DIST,8
1998-05-19 00:00:00,DIST,7.25
1998-05-20 00:00:00,DIST,7.5
1998-05-21 00:00:00,DIST,7.5
1998-05-22 00:00:00,DIST,7.5
1998-05-25 00:00:00,DIST,7.75
1998-05-26 00:00:00,DIST,7.5
1998-05-27 00:00:00,DIST,7.5
1998-05-28 00:00:00,DIST,7.5
1998-05-29 00:00:00,DIST,7
1998-06-01 00:00:00,DIST,6.75
1998-06-02 00:00:00,DIST,7.5
1998-06-03 00:00:00,DIST,7
1998-06-04 00:00:00,DIST,7
1998-06-05 00:00:00,DIST,6.5
1998-06-08 00:00:00,DIST,6.5
1998-06-10 00:00:00,DIST,6.5
1998-06-11 00:00:00,DIST,6.75
1998-06-12 00:00:00,DIST,6.25
1998-06-15 00:00:00,DIST,6
1998-06-16 00:00:00,DIST,6
1998-06-17 00:00:00,DIST,6
1998-06-18 00:00:00,DIST,6
1998-06-19 00:00:00,DIST,6.25
1998-06-22 00:00:00,DIST,6.25
1998-06-23 00:00:00,DIST,6
1998-06-24 00:00:00,DIST,6
1998-06-25 00:00:00,DIST,5.5
1998-06-26 00:00:00,DIST,5.5
1998-06-29 00:00:00,DIST,5.5
1998-06-30 00:00:00,DIST,5.5
1998-07-01 00:00:00,DIST,5.5
1998-07-02 00:00:00,DIST,5.75
1998-07-03 00:00:00,DIST,5.75
1998-07-06 00:00:00,DIST,5.5
1998-07-08 00:00:00,DIST,5.75
1998-07-10 00:00:00,DIST,5.75
1998-07-13 00:00:00,DIST,5.5
1998-07-14 00:00:00,DIST,5.5
1998-07-15 00:00:00,DIST,5.5
1998-07-16 00:00:00,DIST,5.5
1998-07-17 00:00:00,DIST,5.5
1998-07-20 00:00:00,DIST,5.5
1998-07-21 00:00:00,DIST,5.5
1998-07-22 00:00:00,DIST,5.25
1998-07-23 00:00:00,DIST,5.25
1998-07-24 00:00:00,DIST,5.5
1998-07-27 00:00:00,DIST,5.25
1998-07-28 00:00:00,DIST,5.5
1998-07-29 00:00:00,DIST,5.25
1998-07-30 00:00:00,DIST,5.25
1998-07-31 00:00:00,DIST,5.25
1998-08-03 00:00:00,DIST,5.25
1998-08-04 00:00:00,DIST,5.25
1998-08-05 00:00:00,DIST,5.5
1998-08-06 00:00:00,DIST,5.25
1998-08-10 00:00:00,DIST,5.25
1998-08-11 00:00:00,DIST,5.5
1998-08-12 00:00:00,DIST,5.25
1998-08-13 00:00:00,DIST,5.25
1998-08-14 00:00:00,DIST,5.25
1998-08-17 00:00:00,DIST,5.25
1998-08-18 00:00:00,DIST,5.25
1998-08-19 00:00:00,DIST,5
1998-08-20 00:00:00,DIST,5
1998-08-21 00:00:00,DIST,5.25
1998-08-24 00:00:00,DIST,4.75
1998-08-25 00:00:00,DIST,4.75
1998-08-26 00:00:00,DIST,4.75
1998-08-27 00:00:00,DIST,4.75
1998-08-28 00:00:00,DIST,4.75
1998-08-31 00:00:00,DIST,4.5
1998-09-01 00:00:00,DIST,4.25
1998-09-02 00:00:00,DIST,4.25
1998-09-03 00:00:00,DIST,4.25
1998-09-04 00:00:00,DIST,4.5
1998-09-07 00:00:00,DIST,4.25
1998-09-08 00:00:00,DIST,4.75
1998-09-09 00:00:00,DIST,4.75
1998-09-10 00:00:00,DIST,4.75
1998-09-11 00:00:00,DIST,4.5
1998-09-14 00:00:00,DIST,4.75
1998-09-15 00:00:00,DIST,4.75
1998-09-16 00:00:00,DIST,4.75
1998-09-17 00:00:00,DIST,4.75
1998-09-18 00:00:00,DIST,4.75
1998-09-21 00:00:00,DIST,4.5
1998-09-22 00:00:00,DIST,4.5
1998-09-23 00:00:00,DIST,4.5
1998-09-24 00:00:00,DIST,4.75
1998-09-25 00:00:00,DIST,5
1998-09-28 00:00:00,DIST,5
1998-09-29 00:00:00,DIST,4.75
1998-09-30 00:00:00,DIST,4.75
1998-10-01 00:00:00,DIST,4.75
1998-10-02 00:00:00,DIST,4.5
1998-10-06 00:00:00,DIST,4.5
1998-10-07 00:00:00,DIST,5
1998-10-08 00:00:00,DIST,4.75
1998-10-09 00:00:00,DIST,4.75
1998-10-12 00:00:00,DIST,4.75
1998-10-13 00:00:00,DIST,4.5
1998-10-14 00:00:00,DIST,4.75
1998-10-15 00:00:00,DIST,4.75
1998-10-16 00:00:00,DIST,5
1998-10-19 00:00:00,DIST,5
1998-10-20 00:00:00,DIST,5
1998-10-21 00:00:00,DIST,4.75
1998-10-22 00:00:00,DIST,4.75
1998-10-23 00:00:00,DIST,4.75
1998-10-26 00:00:00,DIST,4.5
1998-10-27 00:00:00,DIST,4.5
1998-10-29 00:00:00,DIST,4.75
1998-10-30 00:00:00,DIST,4.5
1998-11-02 00:00:00,DIST,4.5
1998-11-04 00:00:00,DIST,4.5
1998-11-05 00:00:00,DIST,4.5
1998-11-06 00:00:00,DIST,4.75
1998-11-09 00:00:00,DIST,4.5
1998-11-10 00:00:00,DIST,4.5
1998-11-11 00:00:00,DIST,4.5
1998-11-12 00:00:00,DIST,4.5
1998-11-13 00:00:00,DIST,4.5
1998-11-16 00:00:00,DIST,4.5
1998-11-17 00:00:00,DIST,4.5
1998-11-18 00:00:00,DIST,4.5
1998-11-19 00:00:00,DIST,4.5
1998-11-20 00:00:00,DIST,4.5
1998-11-23 00:00:00,DIST,4.5
1998-11-24 00:00:00,DIST,4.5
1998-11-25 00:00:00,DIST,4.5
1998-11-26 00:00:00,DIST,4.5
1998-11-27 00:00:00,DIST,4.5
1998-11-30 00:00:00,DIST,4.75
1998-12-01 00:00:00,DIST,4.75
1998-12-02 00:00:00,DIST,4.75
1998-12-04 00:00:00,DIST,4.5
1998-12-07 00:00:00,DIST,4.5
1998-12-08 00:00:00,DIST,4.5
1998-12-09 00:00:00,DIST,4.25
1998-12-10 00:00:00,DIST,4.25
1998-12-11 00:00:00,DIST,4.25
1998-12-14 00:00:00,DIST,4.25
1998-12-15 00:00:00,DIST,4.25
1998-12-16 00:00:00,DIST,4.25
1998-12-17 00:00:00,DIST,4.25
1998-12-21 00:00:00,DIST,4.25
1998-12-22 00:00:00,DIST,4.25
1998-12-23 00:00:00,DIST,4.5
1998-12-24 00:00:00,DIST,4.25
1998-12-28 00:00:00,DIST,4.25
1998-12-29 00:00:00,DIST,4.25
1998-12-30 00:00:00,DIST,4.25
1998-12-31 00:00:00,DIST,4.5
1998-01-02 00:00:00,DOCK,15.75
1998-01-05 00:00:00,DOCK,16.25
1998-01-06 00:00:00,DOCK,16
1998-01-07 00:00:00,DOCK,16
1998-01-08 00:00:00,DOCK,15.75
1998-01-09 00:00:00,DOCK,15.5
1998-01-13 00:00:00,DOCK,14.75
1998-01-15 00:00:00,DOCK,15
1998-01-16 00:00:00,DOCK,14.75
1998-01-19 00:00:00,DOCK,14.5
1998-01-20 00:00:00,DOCK,14.5
1998-01-21 00:00:00,DOCK,14.5
1998-01-22 00:00:00,DOCK,14.5
1998-01-23 00:00:00,DOCK,13.75
1998-01-26 00:00:00,DOCK,13.5
1998-01-27 00:00:00,DOCK,13.75
1998-01-28 00:00:00,DOCK,13.75
1998-01-29 00:00:00,DOCK,14
1998-01-30 00:00:00,DOCK,14.5
1998-02-02 00:00:00,DOCK,14.25
1998-02-03 00:00:00,DOCK,14.25
1998-02-06 00:00:00,DOCK,14
1998-02-09 00:00:00,DOCK,14.5
1998-02-11 00:00:00,DOCK,14.5
1998-02-12 00:00:00,DOCK,14.5
1998-02-13 00:00:00,DOCK,14.5
1998-02-16 00:00:00,DOCK,15
1998-02-17 00:00:00,DOCK,14.75
1998-02-18 00:00:00,DOCK,14.75
1998-02-19 00:00:00,DOCK,15
1998-02-20 00:00:00,DOCK,15.25
1998-02-23 00:00:00,DOCK,15.25
1998-02-24 00:00:00,DOCK,14.75
1998-02-25 00:00:00,DOCK,14.5
1998-02-26 00:00:00,DOCK,14.5
1998-02-27 00:00:00,DOCK,16.25
1998-03-02 00:00:00,DOCK,15.75
1998-03-03 00:00:00,DOCK,16
1998-03-04 00:00:00,DOCK,16
1998-03-05 00:00:00,DOCK,16
1998-03-06 00:00:00,DOCK,16
1998-03-09 00:00:00,DOCK,15.75
1998-03-10 00:00:00,DOCK,16.25
1998-03-11 00:00:00,DOCK,16
1998-03-13 00:00:00,DOCK,15.75
1998-03-16 00:00:00,DOCK,16
1998-03-17 00:00:00,DOCK,16.25
1998-03-18 00:00:00,DOCK,16
1998-03-19 00:00:00,DOCK,16.5
1998-03-20 00:00:00,DOCK,16.25
1998-03-23 00:00:00,DOCK,16
1998-03-24 00:00:00,DOCK,16
1998-03-25 00:00:00,DOCK,16.25
1998-03-26 00:00:00,DOCK,16
1998-03-27 00:00:00,DOCK,16.25
1998-03-30 00:00:00,DOCK,16
1998-03-31 00:00:00,DOCK,16
1998-04-01 00:00:00,DOCK,16
1998-04-02 00:00:00,DOCK,15
1998-04-03 00:00:00,DOCK,15
1998-04-06 00:00:00,DOCK,15
1998-04-07 00:00:00,DOCK,15
1998-04-08 00:00:00,DOCK,15.25
1998-04-09 00:00:00,DOCK,15.5
1998-04-15 00:00:00,DOCK,15.75
1998-04-16 00:00:00,DOCK,16.5
1998-04-17 00:00:00,DOCK,17
1998-04-20 00:00:00,DOCK,17
1998-04-21 00:00:00,DOCK,17.25
1998-04-22 00:00:00,DOCK,18
1998-04-23 00:00:00,DOCK,18.5
1998-04-24 00:00:00,DOCK,18.5
1998-04-27 00:00:00,DOCK,18
1998-04-28 00:00:00,DOCK,17.75
1998-04-29 00:00:00,DOCK,18.5
1998-04-30 00:00:00,DOCK,19
1998-05-04 00:00:00,DOCK,19.5
1998-05-05 00:00:00,DOCK,19.25
1998-05-06 00:00:00,DOCK,18.5
1998-05-07 00:00:00,DOCK,18.5
1998-05-08 00:00:00,DOCK,18.75
1998-05-13 00:00:00,DOCK,19
1998-05-14 00:00:00,DOCK,18.25
1998-05-15 00:00:00,DOCK,17.75
1998-05-18 00:00:00,DOCK,17.5
1998-05-19 00:00:00,DOCK,17.25
1998-05-20 00:00:00,DOCK,17
1998-05-21 00:00:00,DOCK,16.5
1998-05-22 00:00:00,DOCK,17.25
1998-05-25 00:00:00,DOCK,17.25
1998-05-26 00:00:00,DOCK,17.25
1998-05-27 00:00:00,DOCK,17
1998-05-28 00:00:00,DOCK,16.5
1998-05-29 00:00:00,DOCK,17
1998-06-01 00:00:00,DOCK,16.25
1998-06-02 00:00:00,DOCK,17.5
1998-06-03 00:00:00,DOCK,16.75
1998-06-04 00:00:00,DOCK,16.5
1998-06-05 00:00:00,DOCK,16.25
1998-06-08 00:00:00,DOCK,16.5
1998-06-10 00:00:00,DOCK,16.5
1998-06-11 00:00:00,DOCK,16
1998-06-12 00:00:00,DOCK,15.5
1998-06-15 00:00:00,DOCK,14.75
1998-06-16 00:00:00,DOCK,14.5
1998-06-17 00:00:00,DOCK,14.5
1998-06-18 00:00:00,DOCK,15.5
1998-06-19 00:00:00,DOCK,15
1998-06-22 00:00:00,DOCK,14.75
1998-06-23 00:00:00,DOCK,14.75
1998-06-24 00:00:00,DOCK,14.25
1998-06-25 00:00:00,DOCK,14
1998-06-26 00:00:00,DOCK,14.5
1998-06-29 00:00:00,DOCK,14.5
1998-06-30 00:00:00,DOCK,14.75
1998-07-01 00:00:00,DOCK,14.75
1998-07-02 00:00:00,DOCK,15
1998-07-03 00:00:00,DOCK,15.5
1998-07-06 00:00:00,DOCK,15.25
1998-07-08 00:00:00,DOCK,15.25
1998-07-10 00:00:00,DOCK,15.75
1998-07-13 00:00:00,DOCK,15.75
1998-07-14 00:00:00,DOCK,15.75
1998-07-15 00:00:00,DOCK,15
1998-07-16 00:00:00,DOCK,15.75
1998-07-17 00:00:00,DOCK,15.5
1998-07-20 00:00:00,DOCK,15
1998-07-21 00:00:00,DOCK,15
1998-07-22 00:00:00,DOCK,15.25
1998-07-24 00:00:00,DOCK,15.5
1998-07-27 00:00:00,DOCK,15.5
1998-07-28 00:00:00,DOCK,15.5
1998-07-29 00:00:00,DOCK,15.5
1998-07-30 00:00:00,DOCK,15.75
1998-07-31 00:00:00,DOCK,15.75
1998-08-03 00:00:00,DOCK,15.75
1998-08-04 00:00:00,DOCK,15.5
1998-08-05 00:00:00,DOCK,15.5
1998-08-06 00:00:00,DOCK,15.5
1998-08-10 00:00:00,DOCK,15.75
1998-08-11 00:00:00,DOCK,15.5
1998-08-12 00:00:00,DOCK,15.25
1998-08-13 00:00:00,DOCK,15
1998-08-14 00:00:00,DOCK,15
1998-08-17 00:00:00,DOCK,15
1998-08-18 00:00:00,DOCK,14.75
1998-08-19 00:00:00,DOCK,14.75
1998-08-20 00:00:00,DOCK,15
1998-08-21 00:00:00,DOCK,14.5
1998-08-24 00:00:00,DOCK,14.25
1998-08-25 00:00:00,DOCK,14.25
1998-08-26 00:00:00,DOCK,14.5
1998-08-27 00:00:00,DOCK,14.5
1998-08-28 00:00:00,DOCK,14.25
1998-08-31 00:00:00,DOCK,14.25
1998-09-01 00:00:00,DOCK,14.25
1998-09-02 00:00:00,DOCK,13
1998-09-03 00:00:00,DOCK,13.75
1998-09-04 00:00:00,DOCK,14
1998-09-07 00:00:00,DOCK,14.5
1998-09-08 00:00:00,DOCK,15
1998-09-09 00:00:00,DOCK,14.75
1998-09-10 00:00:00,DOCK,15
1998-09-11 00:00:00,DOCK,15
1998-09-14 00:00:00,DOCK,15
1998-09-15 00:00:00,DOCK,15.25
1998-09-16 00:00:00,DOCK,15.5
1998-09-17 00:00:00,DOCK,15
1998-09-18 00:00:00,DOCK,14.5
1998-09-21 00:00:00,DOCK,15
1998-09-22 00:00:00,DOCK,15
1998-09-23 00:00:00,DOCK,15
1998-09-24 00:00:00,DOCK,15.25
1998-09-25 00:00:00,DOCK,15.5
1998-09-28 00:00:00,DOCK,15.5
1998-09-29 00:00:00,DOCK,15
1998-09-30 00:00:00,DOCK,15
1998-10-01 00:00:00,DOCK,15
1998-10-02 00:00:00,DOCK,14.75
1998-10-06 00:00:00,DOCK,14.5
1998-10-07 00:00:00,DOCK,14.5
1998-10-08 00:00:00,DOCK,14.75
1998-10-09 00:00:00,DOCK,14.75
1998-10-12 00:00:00,DOCK,14.75
1998-10-13 00:00:00,DOCK,14.75
1998-10-14 00:00:00,DOCK,14.75
1998-10-15 00:00:00,DOCK,14.75
1998-10-16 00:00:00,DOCK,14.75
1998-10-19 00:00:00,DOCK,14.75
1998-10-20 00:00:00,DOCK,15
1998-10-21 00:00:00,DOCK,15
1998-10-22 00:00:00,DOCK,14.75
1998-10-23 00:00:00,DOCK,15
1998-10-26 00:00:00,DOCK,15.25
1998-10-27 00:00:00,DOCK,15
1998-10-28 00:00:00,DOCK,15.25
1998-10-29 00:00:00,DOCK,15.25
1998-10-30 00:00:00,DOCK,15.25
1998-11-02 00:00:00,DOCK,15.25
1998-11-04 00:00:00,DOCK,15.25
1998-11-05 00:00:00,DOCK,15.5
1998-11-06 00:00:00,DOCK,15.75
1998-11-09 00:00:00,DOCK,15.75
1998-11-10 00:00:00,DOCK,15.75
1998-11-11 00:00:00,DOCK,15.75
1998-11-12 00:00:00,DOCK,15.75
1998-11-13 00:00:00,DOCK,16.25
1998-11-16 00:00:00,DOCK,16.75
1998-11-17 00:00:00,DOCK,17
1998-11-18 00:00:00,DOCK,17.5
1998-11-19 00:00:00,DOCK,16.75
1998-11-20 00:00:00,DOCK,16.5
1998-11-23 00:00:00,DOCK,17
1998-11-24 00:00:00,DOCK,17.25
1998-11-25 00:00:00,DOCK,17.75
1998-11-26 00:00:00,DOCK,17.75
1998-11-27 00:00:00,DOCK,17.5
1998-11-30 00:00:00,DOCK,18.75
1998-12-01 00:00:00,DOCK,19.5
1998-12-02 00:00:00,DOCK,19
1998-12-04 00:00:00,DOCK,18.5
1998-12-07 00:00:00,DOCK,17.75
1998-12-08 00:00:00,DOCK,17.75
1998-12-09 00:00:00,DOCK,18
1998-12-10 00:00:00,DOCK,18.25
1998-12-11 00:00:00,DOCK,18.5
1998-12-14 00:00:00,DOCK,18.5
1998-12-15 00:00:00,DOCK,18
1998-12-16 00:00:00,DOCK,18
1998-12-17 00:00:00,DOCK,17.5
1998-12-18 00:00:00,DOCK,18.25
1998-12-21 00:00:00,DOCK,18.25
1998-12-22 00:00:00,DOCK,18.5
1998-12-23 00:00:00,DOCK,19
1998-12-24 00:00:00,DOCK,19
1998-12-28 00:00:00,DOCK,19.25
1998-12-29 00:00:00,DOCK,19.5
1998-12-30 00:00:00,DOCK,19.25
1998-12-31 00:00:00,DOCK,19.5
1998-01-02 00:00:00,DPL,22
1998-01-05 00:00:00,DPL,21.75
1998-01-06 00:00:00,DPL,22.25
1998-01-07 00:00:00,DPL,22
1998-01-08 00:00:00,DPL,20.25
1998-01-09 00:00:00,DPL,20
1998-01-15 00:00:00,DPL,20.5
1998-01-16 00:00:00,DPL,20.5
1998-01-19 00:00:00,DPL,20.25
1998-01-20 00:00:00,DPL,20
1998-01-21 00:00:00,DPL,20
1998-01-22 00:00:00,DPL,19
1998-01-23 00:00:00,DPL,19
1998-01-28 00:00:00,DPL,19
1998-01-30 00:00:00,DPL,18.25
1998-02-03 00:00:00,DPL,18.5
1998-02-09 00:00:00,DPL,18.5
1998-02-13 00:00:00,DPL,22
1998-02-16 00:00:00,DPL,20
1998-02-18 00:00:00,DPL,21.25
1998-02-19 00:00:00,DPL,23
1998-02-20 00:00:00,DPL,22.5
1998-02-23 00:00:00,DPL,21.5
1998-02-24 00:00:00,DPL,20.5
1998-02-25 00:00:00,DPL,20.5
1998-02-26 00:00:00,DPL,20
1998-03-02 00:00:00,DPL,20
1998-03-03 00:00:00,DPL,20
1998-03-04 00:00:00,DPL,19.25
1998-03-05 00:00:00,DPL,19.5
1998-03-06 00:00:00,DPL,19.5
SECURITY_DA,COMP,CLOSE_PRICE
-----------,----,-----------
1998-03-09 00:00:00,DPL,19
1998-03-10 00:00:00,DPL,19
1998-03-11 00:00:00,DPL,19
1998-03-13 00:00:00,DPL,19
1998-03-16 00:00:00,DPL,19
1998-03-17 00:00:00,DPL,19
1998-03-18 00:00:00,DPL,18.5
1998-03-19 00:00:00,DPL,19
1998-03-20 00:00:00,DPL,18.75
1998-03-23 00:00:00,DPL,18.75
1998-03-24 00:00:00,DPL,19
1998-03-25 00:00:00,DPL,19
1998-03-26 00:00:00,DPL,19
1998-03-27 00:00:00,DPL,19
1998-03-30 00:00:00,DPL,20
1998-03-31 00:00:00,DPL,20
1998-04-01 00:00:00,DPL,19.5
1998-04-02 00:00:00,DPL,19.5
1998-04-03 00:00:00,DPL,19.25
1998-04-06 00:00:00,DPL,19
1998-04-07 00:00:00,DPL,19
SECURITY_DA,COMP,CLOSE_PRICE
-----------,----,-----------
1998-04-08 00:00:00,DPL,20.5
1998-04-09 00:00:00,DPL,23
1998-04-16 00:00:00,DPL,23
1998-04-21 00:00:00,DPL,20.25
1998-04-22 00:00:00,DPL,22
1998-04-23 00:00:00,DPL,22.5
1998-04-24 00:00:00,DPL,22.5
1998-04-27 00:00:00,DPL,22
1998-04-28 00:00:00,DPL,23
1998-04-29 00:00:00,DPL,23
1998-04-30 00:00:00,DPL,23.5
1998-05-04 00:00:00,DPL,22.75
1998-05-05 00:00:00,DPL,22.75
1998-05-08 00:00:00,DPL,22.75
1998-05-13 00:00:00,DPL,20
1998-05-14 00:00:00,DPL,21
1998-05-15 00:00:00,DPL,20
1998-05-18 00:00:00,DPL,20.5
1998-05-19 00:00:00,DPL,20
1998-05-20 00:00:00,DPL,19
1998-05-22 00:00:00,DPL,18.75
SECURITY_DA,COMP,CLOSE_PRICE
-----------,----,-----------
1998-05-25 00:00:00,DPL,18.75
1998-05-26 00:00:00,DPL,18.75
1998-05-28 00:00:00,DPL,18.75
1998-05-29 00:00:00,DPL,17.75
1998-06-01 00:00:00,DPL,18
1998-06-02 00:00:00,DPL,18
1998-06-05 00:00:00,DPL,18
1998-06-08 00:00:00,DPL,18.5
1998-06-10 00:00:00,DPL,17
1998-06-11 00:00:00,DPL,17
1998-06-12 00:00:00,DPL,16
1998-06-15 00:00:00,DPL,16
1998-06-16 00:00:00,DPL,15
1998-06-17 00:00:00,DPL,17
1998-06-19 00:00:00,DPL,17.25
1998-06-24 00:00:00,DPL,16
1998-06-25 00:00:00,DPL,15
1998-06-26 00:00:00,DPL,15.5
1998-07-06 00:00:00,DPL,16
1998-07-10 00:00:00,DPL,16.25
1998-07-13 00:00:00,DPL,16.5
SECURITY_DA,COMP,CLOSE_PRICE
-----------,----,-----------
1998-07-14 00:00:00,DPL,16.5
1998-07-15 00:00:00,DPL,16.5
1998-07-16 00:00:00,DPL,16.25
1998-07-20 00:00:00,DPL,17
1998-07-21 00:00:00,DPL,17
1998-07-22 00:00:00,DPL,20
1998-07-27 00:00:00,DPL,17
1998-07-29 00:00:00,DPL,18
1998-07-30 00:00:00,DPL,18.5
1998-07-31 00:00:00,DPL,18
1998-08-03 00:00:00,DPL,18
1998-08-05 00:00:00,DPL,18
1998-08-06 00:00:00,DPL,17.5
1998-08-12 00:00:00,DPL,17
1998-08-17 00:00:00,DPL,16.5
1998-08-18 00:00:00,DPL,16.5
1998-08-21 00:00:00,DPL,16.5
1998-08-24 00:00:00,DPL,16.5
1998-08-26 00:00:00,DPL,16
1998-08-27 00:00:00,DPL,14.25
1998-08-28 00:00:00,DPL,14.25
SECURITY_DA,COMP,CLOSE_PRICE
-----------,----,-----------
1998-08-31 00:00:00,DPL,13.5
1998-09-01 00:00:00,DPL,10
1998-09-02 00:00:00,DPL,10
1998-09-03 00:00:00,DPL,10.25
1998-09-04 00:00:00,DPL,12.5
1998-09-07 00:00:00,DPL,11
1998-09-08 00:00:00,DPL,12.5
1998-09-09 00:00:00,DPL,13.25
1998-09-10 00:00:00,DPL,13
1998-09-11 00:00:00,DPL,13
1998-09-14 00:00:00,DPL,13.5
1998-09-16 00:00:00,DPL,15
1998-09-17 00:00:00,DPL,14.75
1998-09-18 00:00:00,DPL,14.25
1998-09-21 00:00:00,DPL,14
1998-09-22 00:00:00,DPL,14
1998-09-23 00:00:00,DPL,14
1998-09-24 00:00:00,DPL,14
1998-09-28 00:00:00,DPL,14
1998-09-30 00:00:00,DPL,14
1998-10-01 00:00:00,DPL,13.5
SECURITY_DA,COMP,CLOSE_PRICE
-----------,----,-----------
1998-10-02 00:00:00,DPL,14
1998-10-07 00:00:00,DPL,12
1998-10-09 00:00:00,DPL,12
1998-10-12 00:00:00,DPL,12.5
1998-10-14 00:00:00,DPL,15
1998-10-15 00:00:00,DPL,12.5
1998-10-21 00:00:00,DPL,12.75
1998-10-22 00:00:00,DPL,12.75
1998-10-28 00:00:00,DPL,13
1998-10-29 00:00:00,DPL,13.25
1998-10-30 00:00:00,DPL,14
1998-11-05 00:00:00,DPL,13.5
1998-11-06 00:00:00,DPL,14
1998-11-10 00:00:00,DPL,13.5
1998-11-11 00:00:00,DPL,13.5
1998-11-12 00:00:00,DPL,14
1998-11-13 00:00:00,DPL,14.5
1998-11-16 00:00:00,DPL,14.5
1998-11-18 00:00:00,DPL,14.5
1998-11-19 00:00:00,DPL,15.5
1998-11-20 00:00:00,DPL,15.5
SECURITY_DA,COMP,CLOSE_PRICE
-----------,----,-----------
1998-11-23 00:00:00,DPL,16.25
1998-11-24 00:00:00,DPL,16.5
1998-11-25 00:00:00,DPL,17
1998-11-26 00:00:00,DPL,17
1998-11-27 00:00:00,DPL,17.25
1998-11-30 00:00:00,DPL,17.5
1998-12-01 00:00:00,DPL,17
1998-12-02 00:00:00,DPL,17
1998-12-04 00:00:00,DPL,16.5
1998-12-07 00:00:00,DPL,17
1998-12-08 00:00:00,DPL,16
1998-12-09 00:00:00,DPL,16
1998-12-10 00:00:00,DPL,17.5
1998-12-14 00:00:00,DPL,16.5
1998-12-15 00:00:00,DPL,15.5
1998-12-16 00:00:00,DPL,16
1998-12-17 00:00:00,DPL,16
1998-12-22 00:00:00,DPL,16
1998-12-23 00:00:00,DPL,16
1998-12-28 00:00:00,DPL,16.25
1998-12-29 00:00:00,DPL,16.25
SECURITY_DA,COMP,CLOSE_PRICE
-----------,----,-----------
1998-12-30 00:00:00,DPL,16
1998-02-26 00:00:00,EAST,4.75
1998-03-02 00:00:00,EAST,5
1998-03-03 00:00:00,EAST,4.75
1998-03-20 00:00:00,EAST,4.5
1998-03-23 00:00:00,EAST,4.75
1998-04-22 00:00:00,EAST,3
1998-04-28 00:00:00,EAST,4
1998-04-29 00:00:00,EAST,4
1998-04-30 00:00:00,EAST,4
1998-06-11 00:00:00,EAST,4
1998-06-12 00:00:00,EAST,6
1998-07-13 00:00:00,EAST,4
1998-07-15 00:00:00,EAST,3.75
1998-07-22 00:00:00,EAST,4
1998-08-11 00:00:00,EAST,3.5
1998-08-19 00:00:00,EAST,3.5
1998-09-09 00:00:00,EAST,5
1998-09-10 00:00:00,EAST,6
1998-09-14 00:00:00,EAST,6.5
1998-09-16 00:00:00,EAST,6.5
SECURITY_DA,COMP,CLOSE_PRICE
-----------,----,-----------
1998-09-21 00:00:00,EAST,6
1998-10-08 00:00:00,EAST,5.75
1998-10-26 00:00:00,EAST,5
1998-11-17 00:00:00,EAST,4
1998-11-20 00:00:00,EAST,3.5
1998-11-23 00:00:00,EAST,3.5
1998-11-26 00:00:00,EAST,4
1998-12-01 00:00:00,EAST,4
1998-12-02 00:00:00,EAST,4.5
1998-12-04 00:00:00,EAST,4.5
1998-12-07 00:00:00,EAST,4.25
1998-12-11 00:00:00,EAST,4.5
1998-12-14 00:00:00,EAST,4.25
1998-12-15 00:00:00,EAST,4.25
1998-12-17 00:00:00,EAST,4.5
1998-12-18 00:00:00,EAST,4.5
1998-12-21 00:00:00,EAST,4.5
1998-12-22 00:00:00,EAST,4.25
1998-12-29 00:00:00,EAST,4.5
1998-01-02 00:00:00,EBCR,95
1998-01-06 00:00:00,EBCR,95
SECURITY_DA,COMP,CLOSE_PRICE
-----------,----,-----------
1998-01-19 00:00:00,EBCR,95
1998-01-28 00:00:00,EBCR,90
1998-01-29 00:00:00,EBCR,100
1998-01-30 00:00:00,EBCR,90
1998-02-25 00:00:00,EBCR,95
1998-03-05 00:00:00,EBCR,95
1998-03-06 00:00:00,EBCR,95
1998-03-16 00:00:00,EBCR,90.25
1998-03-19 00:00:00,EBCR,90
1998-03-24 00:00:00,EBCR,95
1998-04-01 00:00:00,EBCR,90
1998-04-23 00:00:00,EBCR,91.25
1998-04-24 00:00:00,EBCR,91.25
1998-04-28 00:00:00,EBCR,91.5
1998-04-29 00:00:00,EBCR,91.5
1998-04-30 00:00:00,EBCR,91.5
1998-05-06 00:00:00,EBCR,100
1998-05-13 00:00:00,EBCR,100
1998-05-19 00:00:00,EBCR,93
1998-05-20 00:00:00,EBCR,93
1998-05-26 00:00:00,EBCR,85
SECURITY_DA,COMP,CLOSE_PRICE
-----------,----,-----------
1998-05-27 00:00:00,EBCR,85.75
1998-06-04 00:00:00,EBCR,80
1998-06-30 00:00:00,EBCR,53.5
1998-08-21 00:00:00,EBCR,45
1998-08-27 00:00:00,EBCR,46
1998-08-28 00:00:00,EBCR,45
1998-08-31 00:00:00,EBCR,41
1998-09-09 00:00:00,EBCR,52
1998-09-17 00:00:00,EBCR,50
1998-09-30 00:00:00,EBCR,50
1998-10-12 00:00:00,EBCR,48
1998-10-13 00:00:00,EBCR,48
1998-11-19 00:00:00,EBCR,49
1998-11-23 00:00:00,EBCR,49
1998-11-26 00:00:00,EBCR,48
1998-11-30 00:00:00,EBCR,48
1998-01-02 00:00:00,EDEN,7.75
1998-01-05 00:00:00,EDEN,7.75
1998-01-07 00:00:00,EDEN,8
1998-01-08 00:00:00,EDEN,7.25
1998-01-09 00:00:00,EDEN,7.25
SECURITY_DA,COMP,CLOSE_PRICE
-----------,----,-----------
1998-01-13 00:00:00,EDEN,7.25
1998-01-15 00:00:00,EDEN,7
1998-01-16 00:00:00,EDEN,6.75
1998-01-19 00:00:00,EDEN,6.75
1998-01-20 00:00:00,EDEN,6.25
1998-01-21 00:00:00,EDEN,6.25
1998-01-22 00:00:00,EDEN,6.5
1998-01-23 00:00:00,EDEN,6.5
1998-01-26 00:00:00,EDEN,6.25
1998-01-27 00:00:00,EDEN,6.5
1998-01-28 00:00:00,EDEN,8
1998-01-29 00:00:00,EDEN,7.5
1998-01-30 00:00:00,EDEN,7
1998-02-03 00:00:00,EDEN,6.25
1998-02-09 00:00:00,EDEN,6.5
1998-02-11 00:00:00,EDEN,6.5
1998-02-12 00:00:00,EDEN,6.5
1998-02-13 00:00:00,EDEN,6.75
1998-02-16 00:00:00,EDEN,6.75
1998-02-17 00:00:00,EDEN,6.75
1998-02-18 00:00:00,EDEN,6.75
SECURITY_DA,COMP,CLOSE_PRICE
-----------,----,-----------
1998-02-19 00:00:00,EDEN,6.75
1998-02-20 00:00:00,EDEN,6.75
1998-02-23 00:00:00,EDEN,6.75
1998-02-24 00:00:00,EDEN,6.75
1998-02-25 00:00:00,EDEN,6.5
1998-02-26 00:00:00,EDEN,6.5
1998-02-27 00:00:00,EDEN,6
1998-03-02 00:00:00,EDEN,6.25
1998-03-03 00:00:00,EDEN,6.5
1998-03-04 00:00:00,EDEN,6.25
1998-03-05 00:00:00,EDEN,6.5
1998-03-06 00:00:00,EDEN,6.5
1998-03-09 00:00:00,EDEN,6.25
1998-03-10 00:00:00,EDEN,6
1998-03-11 00:00:00,EDEN,6
1998-03-13 00:00:00,EDEN,6
1998-03-16 00:00:00,EDEN,6
1998-03-17 00:00:00,EDEN,6
1998-03-18 00:00:00,EDEN,6.25
1998-03-19 00:00:00,EDEN,6.25
1998-03-20 00:00:00,EDEN,6.25
SECURITY_DA,COMP,CLOSE_PRICE
-----------,----,-----------
1998-03-23 00:00:00,EDEN,6
1998-03-24 00:00:00,EDEN,6.25
1998-03-25 00:00:00,EDEN,6.5
1998-03-27 00:00:00,EDEN,6.25
1998-03-30 00:00:00,EDEN,6.25
1998-03-31 00:00:00,EDEN,6.25
1998-04-01 00:00:00,EDEN,6.5
1998-04-02 00:00:00,EDEN,6.5
1998-04-03 00:00:00,EDEN,6.5
1998-04-08 00:00:00,EDEN,6.25
1998-04-09 00:00:00,EDEN,6.25
1998-04-15 00:00:00,EDEN,6.25
1998-04-16 00:00:00,EDEN,6.25
1998-04-17 00:00:00,EDEN,6.25
1998-04-20 00:00:00,EDEN,6.25
1998-04-21 00:00:00,EDEN,6.25
1998-04-22 00:00:00,EDEN,6.25
1998-04-23 00:00:00,EDEN,6.25
1998-04-24 00:00:00,EDEN,6.5
1998-04-28 00:00:00,EDEN,6.25
1998-04-29 00:00:00,EDEN,6.25
SECURITY_DA,COMP,CLOSE_PRICE
-----------,----,-----------
1998-04-30 00:00:00,EDEN,6.25
1998-05-04 00:00:00,EDEN,6.5
1998-05-05 00:00:00,EDEN,6.25
1998-05-06 00:00:00,EDEN,6.25
1998-05-07 00:00:00,EDEN,6.25
1998-05-08 00:00:00,EDEN,6.25
1998-05-13 00:00:00,EDEN,6.25
1998-05-14 00:00:00,EDEN,6.25
1998-05-18 00:00:00,EDEN,6
1998-05-19 00:00:00,EDEN,6
1998-05-20 00:00:00,EDEN,6
1998-05-21 00:00:00,EDEN,6
1998-05-22 00:00:00,EDEN,6
1998-05-26 00:00:00,EDEN,6
1998-05-28 00:00:00,EDEN,5.75
1998-05-29 00:00:00,EDEN,5.75
1998-06-01 00:00:00,EDEN,5.75
1998-06-02 00:00:00,EDEN,5.75
1998-06-03 00:00:00,EDEN,5.75
1998-06-04 00:00:00,EDEN,5.5
1998-06-05 00:00:00,EDEN,5.5
SECURITY_DA,COMP,CLOSE_PRICE
-----------,----,-----------
1998-06-11 00:00:00,EDEN,5
1998-06-12 00:00:00,EDEN,5.25
1998-06-15 00:00:00,EDEN,5.25
1998-06-16 00:00:00,EDEN,5.25
1998-06-17 00:00:00,EDEN,5.25
1998-06-18 00:00:00,EDEN,5.5
1998-06-19 00:00:00,EDEN,5.5
1998-06-22 00:00:00,EDEN,5.5
1998-06-23 00:00:00,EDEN,5.5
1998-06-24 00:00:00,EDEN,5.25
1998-06-25 00:00:00,EDEN,5.25
1998-06-26 00:00:00,EDEN,5.5
1998-06-29 00:00:00,EDEN,5.25
1998-06-30 00:00:00,EDEN,5.25
1998-07-01 00:00:00,EDEN,5.25
1998-07-06 00:00:00,EDEN,5
1998-07-10 00:00:00,EDEN,5.25
1998-07-13 00:00:00,EDEN,5.5
1998-07-14 00:00:00,EDEN,5.5
1998-07-15 00:00:00,EDEN,5.25
1998-07-16 00:00:00,EDEN,5
SECURITY_DA,COMP,CLOSE_PRICE
-----------,----,-----------
1998-07-17 00:00:00,EDEN,5
1998-07-20 00:00:00,EDEN,5
1998-07-21 00:00:00,EDEN,5
1998-07-22 00:00:00,EDEN,4.75
1998-07-24 00:00:00,EDEN,4.75
1998-07-27 00:00:00,EDEN,5
1998-07-28 00:00:00,EDEN,4.75
1998-07-29 00:00:00,EDEN,4.75
1998-07-30 00:00:00,EDEN,5
1998-07-31 00:00:00,EDEN,4.75
1998-08-03 00:00:00,EDEN,4.5
1998-08-04 00:00:00,EDEN,5
1998-08-05 00:00:00,EDEN,5
1998-08-06 00:00:00,EDEN,5
1998-08-10 00:00:00,EDEN,5
1998-08-14 00:00:00,EDEN,4.75
1998-08-17 00:00:00,EDEN,4.75
1998-08-18 00:00:00,EDEN,4.75
1998-08-19 00:00:00,EDEN,4.75
1998-08-20 00:00:00,EDEN,4.75
1998-08-24 00:00:00,EDEN,4.5
SECURITY_DA,COMP,CLOSE_PRICE
-----------,----,-----------
1998-08-25 00:00:00,EDEN,4
1998-08-26 00:00:00,EDEN,5
1998-08-27 00:00:00,EDEN,4
1998-08-28 00:00:00,EDEN,4.25
1998-08-31 00:00:00,EDEN,4.25
1998-09-01 00:00:00,EDEN,4
1998-09-02 00:00:00,EDEN,4
1998-09-03 00:00:00,EDEN,4
1998-09-04 00:00:00,EDEN,4
1998-09-07 00:00:00,EDEN,4
1998-09-08 00:00:00,EDEN,4
1998-09-09 00:00:00,EDEN,4.25
1998-09-10 00:00:00,EDEN,6
1998-09-14 00:00:00,EDEN,4.25
1998-09-15 00:00:00,EDEN,4.5
1998-09-16 00:00:00,EDEN,4.5
1998-09-17 00:00:00,EDEN,4.5
1998-09-18 00:00:00,EDEN,4.25
1998-09-21 00:00:00,EDEN,4.25
1998-09-22 00:00:00,EDEN,4.5
1998-09-23 00:00:00,EDEN,4.5
SECURITY_DA,COMP,CLOSE_PRICE
-----------,----,-----------
1998-09-24 00:00:00,EDEN,4.5
1998-09-25 00:00:00,EDEN,6
1998-09-28 00:00:00,EDEN,6
1998-09-29 00:00:00,EDEN,5.5
1998-09-30 00:00:00,EDEN,5
1998-10-01 00:00:00,EDEN,5
1998-10-02 00:00:00,EDEN,5
1998-10-07 00:00:00,EDEN,5.5
1998-10-08 00:00:00,EDEN,5.5
1998-10-09 00:00:00,EDEN,5.5
1998-10-13 00:00:00,EDEN,5.5
1998-10-14 00:00:00,EDEN,5
1998-10-15 00:00:00,EDEN,5
1998-10-19 00:00:00,EDEN,5
1998-10-20 00:00:00,EDEN,5.25
1998-10-23 00:00:00,EDEN,5.25
1998-10-26 00:00:00,EDEN,5.25
1998-10-27 00:00:00,EDEN,5.25
1998-10-29 00:00:00,EDEN,5.25
1998-10-30 00:00:00,EDEN,5.25
1998-11-02 00:00:00,EDEN,5.25
SECURITY_DA,COMP,CLOSE_PRICE
-----------,----,-----------
1998-11-04 00:00:00,EDEN,5.5
1998-11-05 00:00:00,EDEN,5.5
1998-11-09 00:00:00,EDEN,5.5
1998-11-10 00:00:00,EDEN,5.5
1998-11-11 00:00:00,EDEN,5.5
1998-11-12 00:00:00,EDEN,6
1998-11-13 00:00:00,EDEN,6
1998-11-16 00:00:00,EDEN,6.25
1998-11-17 00:00:00,EDEN,6.25
1998-11-18 00:00:00,EDEN,6
1998-11-19 00:00:00,EDEN,6
1998-11-20 00:00:00,EDEN,6
1998-11-23 00:00:00,EDEN,6
1998-11-24 00:00:00,EDEN,6
1998-11-25 00:00:00,EDEN,6
1998-11-27 00:00:00,EDEN,6.25
1998-11-30 00:00:00,EDEN,6.25
1998-12-01 00:00:00,EDEN,6.75
1998-12-02 00:00:00,EDEN,6.5
1998-12-04 00:00:00,EDEN,6.5
1998-12-07 00:00:00,EDEN,6.25
SECURITY_DA,COMP,CLOSE_PRICE
-----------,----,-----------
1998-12-08 00:00:00,EDEN,6.25
1998-12-10 00:00:00,EDEN,6.5
1998-12-11 00:00:00,EDEN,6.25
1998-12-14 00:00:00,EDEN,6.5
1998-12-15 00:00:00,EDEN,6.5
1998-12-16 00:00:00,EDEN,6.25
1998-12-17 00:00:00,EDEN,6.25
1998-12-18 00:00:00,EDEN,6
1998-12-22 00:00:00,EDEN,6
1998-12-23 00:00:00,EDEN,6
1998-12-29 00:00:00,EDEN,6.25
1998-12-30 00:00:00,EDEN,6
1998-12-31 00:00:00,EDEN,6.5
1998-01-13 00:00:00,ELAS,27
1998-01-15 00:00:00,ELAS,27
1998-01-19 00:00:00,ELAS,27
1998-01-20 00:00:00,ELAS,26
1998-02-06 00:00:00,ELAS,27
1998-02-13 00:00:00,ELAS,25
1998-02-18 00:00:00,ELAS,25
1998-02-25 00:00:00,ELAS,25.5
SECURITY_DA,COMP,CLOSE_PRICE
-----------,----,-----------
1998-03-05 00:00:00,ELAS,30
1998-03-06 00:00:00,ELAS,35
1998-03-09 00:00:00,ELAS,35
1998-03-10 00:00:00,ELAS,33
1998-03-11 00:00:00,ELAS,26.75
1998-03-13 00:00:00,ELAS,27
1998-03-18 00:00:00,ELAS,30
1998-03-30 00:00:00,ELAS,30
1998-04-01 00:00:00,ELAS,30
1998-04-08 00:00:00,ELAS,34
1998-04-23 00:00:00,ELAS,34
1998-04-24 00:00:00,ELAS,37.25
1998-04-27 00:00:00,ELAS,30
1998-04-28 00:00:00,ELAS,30
1998-04-29 00:00:00,ELAS,29.5
1998-05-05 00:00:00,ELAS,31
1998-05-06 00:00:00,ELAS,30
1998-05-08 00:00:00,ELAS,30
1998-05-13 00:00:00,ELAS,31
1998-05-20 00:00:00,ELAS,30.5
1998-05-21 00:00:00,ELAS,30.5
SECURITY_DA,COMP,CLOSE_PRICE
-----------,----,-----------
1998-05-26 00:00:00,ELAS,30
1998-05-27 00:00:00,ELAS,31
1998-05-28 00:00:00,ELAS,31
1998-06-03 00:00:00,ELAS,31
1998-06-04 00:00:00,ELAS,31
1998-06-05 00:00:00,ELAS,31
1998-06-12 00:00:00,ELAS,30
1998-06-15 00:00:00,ELAS,30
1998-06-17 00:00:00,ELAS,30
1998-06-18 00:00:00,ELAS,31
1998-06-23 00:00:00,ELAS,30
1998-06-30 00:00:00,ELAS,31.5
1998-07-01 00:00:00,ELAS,33
1998-07-03 00:00:00,ELAS,30.5
1998-07-17 00:00:00,ELAS,37.75
1998-07-20 00:00:00,ELAS,37.75
1998-07-22 00:00:00,ELAS,38
1998-07-24 00:00:00,ELAS,38
1998-07-28 00:00:00,ELAS,38
1998-08-04 00:00:00,ELAS,38
1998-08-05 00:00:00,ELAS,38
SECURITY_DA,COMP,CLOSE_PRICE
-----------,----,-----------
1998-08-10 00:00:00,ELAS,38
1998-08-11 00:00:00,ELAS,38
1998-08-12 00:00:00,ELAS,38
1998-08-14 00:00:00,ELAS,38
1998-08-17 00:00:00,ELAS,38
1998-08-25 00:00:00,ELAS,38
1998-09-15 00:00:00,ELAS,37
1998-12-24 00:00:00,ELAS,36
1998-12-31 00:00:00,ELAS,36
1998-02-09 00:00:00,EMER,97.5
1998-02-13 00:00:00,EMER,105
1998-03-20 00:00:00,EMER,100
1998-02-13 00:00:00,EQIT,10.25
1998-02-20 00:00:00,EQIT,15.25
1998-03-05 00:00:00,EQIT,12.5
1998-03-13 00:00:00,EQIT,10
1998-03-17 00:00:00,EQIT,10.5
1998-04-02 00:00:00,EQIT,10
1998-04-03 00:00:00,EQIT,10
1998-04-06 00:00:00,EQIT,10
1998-04-21 00:00:00,EQIT,10.5
SECURITY_DA,COMP,CLOSE_PRICE
-----------,----,-----------
1998-04-22 00:00:00,EQIT,10.5
1998-04-30 00:00:00,EQIT,11
1998-05-13 00:00:00,EQIT,11
1998-05-20 00:00:00,EQIT,10
1998-05-25 00:00:00,EQIT,10
1998-06-10 00:00:00,EQIT,10.25
1998-06-11 00:00:00,EQIT,10.25
1998-06-12 00:00:00,EQIT,10.25
1998-06-15 00:00:00,EQIT,10.25
1998-06-25 00:00:00,EQIT,10
1998-08-04 00:00:00,EQIT,14
1998-12-15 00:00:00,EQIT,10.5
1998-12-29 00:00:00,EQIT,10.5
1998-12-30 00:00:00,EQIT,10.5
1998-12-31 00:00:00,EQIT,11
1998-01-06 00:00:00,ETWO,6
1998-01-13 00:00:00,ETWO,6
1998-01-19 00:00:00,ETWO,5.5
1998-01-20 00:00:00,ETWO,5.5
1998-01-21 00:00:00,ETWO,5.5
1998-01-26 00:00:00,ETWO,5.5
SECURITY_DA,COMP,CLOSE_PRICE
-----------,----,-----------
1998-01-27 00:00:00,ETWO,5.5
1998-01-30 00:00:00,ETWO,5.75
1998-02-02 00:00:00,ETWO,5.5
1998-02-03 00:00:00,ETWO,5.5
1998-02-11 00:00:00,ETWO,4.5
1998-02-12 00:00:00,ETWO,4.75
1998-02-13 00:00:00,ETWO,5.25
1998-02-16 00:00:00,ETWO,5.25
1998-02-17 00:00:00,ETWO,5
1998-02-18 00:00:00,ETWO,5
1998-02-19 00:00:00,ETWO,4.5
1998-02-20 00:00:00,ETWO,4.5
1998-02-25 00:00:00,ETWO,4.5
1998-02-26 00:00:00,ETWO,4.5
1998-03-04 00:00:00,ETWO,5
1998-03-09 00:00:00,ETWO,4.5
1998-03-10 00:00:00,ETWO,4.5
1998-03-11 00:00:00,ETWO,4.5
1998-03-16 00:00:00,ETWO,4.75
1998-03-17 00:00:00,ETWO,4.75
1998-03-18 00:00:00,ETWO,4.75
SECURITY_DA,COMP,CLOSE_PRICE
-----------,----,-----------
1998-03-19 00:00:00,ETWO,4.75
1998-03-25 00:00:00,ETWO,5.25
1998-03-26 00:00:00,ETWO,5
1998-03-27 00:00:00,ETWO,5
1998-03-31 00:00:00,ETWO,4.75
1998-04-01 00:00:00,ETWO,4.5
1998-04-09 00:00:00,ETWO,4.5
1998-04-16 00:00:00,ETWO,4.75
1998-04-17 00:00:00,ETWO,4.75
1998-04-21 00:00:00,ETWO,4.75
1998-04-23 00:00:00,ETWO,4.75
1998-04-24 00:00:00,ETWO,4.75
1998-04-27 00:00:00,ETWO,4.75
1998-05-06 00:00:00,ETWO,4.5
1998-05-07 00:00:00,ETWO,4
1998-05-08 00:00:00,ETWO,4
1998-05-13 00:00:00,ETWO,4
1998-05-15 00:00:00,ETWO,4.25
1998-05-18 00:00:00,ETWO,4
1998-05-19 00:00:00,ETWO,4
1998-05-20 00:00:00,ETWO,4
SECURITY_DA,COMP,CLOSE_PRICE
-----------,----,-----------
1998-05-21 00:00:00,ETWO,3.75
1998-05-22 00:00:00,ETWO,3.75
1998-05-25 00:00:00,ETWO,4
1998-05-26 00:00:00,ETWO,4
1998-05-27 00:00:00,ETWO,4
1998-06-01 00:00:00,ETWO,4
1998-06-03 00:00:00,ETWO,4
1998-06-04 00:00:00,ETWO,4
1998-06-05 00:00:00,ETWO,3.75
1998-06-10 00:00:00,ETWO,4
1998-06-18 00:00:00,ETWO,4
1998-06-23 00:00:00,ETWO,4
1998-06-25 00:00:00,ETWO,4
1998-07-08 00:00:00,ETWO,4.25
1998-07-14 00:00:00,ETWO,4
1998-07-15 00:00:00,ETWO,4
1998-07-16 00:00:00,ETWO,4
1998-07-22 00:00:00,ETWO,4
1998-07-23 00:00:00,ETWO,4
1998-08-04 00:00:00,ETWO,4.25
1998-08-05 00:00:00,ETWO,4.25
SECURITY_DA,COMP,CLOSE_PRICE
-----------,----,-----------
1998-08-06 00:00:00,ETWO,4.5
1998-08-12 00:00:00,ETWO,4.25
1998-08-18 00:00:00,ETWO,4.25
1998-08-25 00:00:00,ETWO,4.25
1998-08-27 00:00:00,ETWO,4.5
1998-08-31 00:00:00,ETWO,4.25
1998-09-16 00:00:00,ETWO,4.5
1998-09-18 00:00:00,ETWO,4.25
1998-09-25 00:00:00,ETWO,4.25
1998-10-08 00:00:00,ETWO,4.25
1998-10-13 00:00:00,ETWO,4.25
1998-10-14 00:00:00,ETWO,4.5
1998-10-19 00:00:00,ETWO,4.25
1998-10-20 00:00:00,ETWO,4.5
1998-11-17 00:00:00,ETWO,4
1998-11-19 00:00:00,ETWO,4
1998-11-23 00:00:00,ETWO,4
1998-11-30 00:00:00,ETWO,4
1998-12-07 00:00:00,ETWO,4.25
1998-12-08 00:00:00,ETWO,4
1998-12-11 00:00:00,ETWO,4.25
SECURITY_DA,COMP,CLOSE_PRICE
-----------,----,-----------
1998-12-15 00:00:00,ETWO,4.25
1998-12-16 00:00:00,ETWO,4
1998-12-21 00:00:00,ETWO,4
1998-12-24 00:00:00,ETWO,4
1998-12-28 00:00:00,ETWO,4
1998-12-30 00:00:00,ETWO,4
1998-01-02 00:00:00,FERN,7.75
1998-01-06 00:00:00,FERN,7.75
1998-01-09 00:00:00,FERN,8
1998-01-13 00:00:00,FERN,8
1998-01-15 00:00:00,FERN,8
1998-01-16 00:00:00,FERN,8.25
1998-01-20 00:00:00,FERN,8.25
1998-01-28 00:00:00,FERN,8
1998-02-02 00:00:00,FERN,8
1998-02-06 00:00:00,FERN,8
1998-02-09 00:00:00,FERN,8
1998-02-13 00:00:00,FERN,9
1998-02-17 00:00:00,FERN,8
1998-02-18 00:00:00,FERN,10
1998-02-20 00:00:00,FERN,10
SECURITY_DA,COMP,CLOSE_PRICE
-----------,----,-----------
1998-03-04 00:00:00,FERN,8
1998-03-06 00:00:00,FERN,8.25
1998-03-09 00:00:00,FERN,8.25
1998-03-10 00:00:00,FERN,8.75
1998-03-16 00:00:00,FERN,9
1998-03-17 00:00:00,FERN,8.5
1998-03-19 00:00:00,FERN,9.75
1998-03-20 00:00:00,FERN,9.5
1998-03-23 00:00:00,FERN,8.25
1998-03-24 00:00:00,FERN,8.25
1998-03-25 00:00:00,FERN,8.5
1998-03-31 00:00:00,FERN,8
1998-04-21 00:00:00,FERN,8.25
1998-04-22 00:00:00,FERN,8
1998-04-24 00:00:00,FERN,8.25
1998-04-28 00:00:00,FERN,8
1998-04-29 00:00:00,FERN,8
1998-04-30 00:00:00,FERN,7.5
1998-05-04 00:00:00,FERN,7.5
1998-05-05 00:00:00,FERN,7.5
1998-05-06 00:00:00,FERN,7.5
SECURITY_DA,COMP,CLOSE_PRICE
-----------,----,-----------
1998-05-07 00:00:00,FERN,7.5
1998-05-14 00:00:00,FERN,7
1998-05-15 00:00:00,FERN,7
1998-05-18 00:00:00,FERN,7
1998-05-19 00:00:00,FERN,6.5
1998-05-20 00:00:00,FERN,6.5
1998-05-21 00:00:00,FERN,7
1998-05-25 00:00:00,FERN,6
1998-05-26 00:00:00,FERN,6
1998-05-27 00:00:00,FERN,6.5
1998-05-29 00:00:00,FERN,6
1998-06-05 00:00:00,FERN,5.5
1998-06-08 00:00:00,FERN,5.5
1998-06-12 00:00:00,FERN,5.5
1998-06-15 00:00:00,FERN,5.5
1998-06-23 00:00:00,FERN,5.5
1998-06-26 00:00:00,FERN,5.5
1998-07-13 00:00:00,FERN,6
1998-07-17 00:00:00,FERN,6
1998-07-20 00:00:00,FERN,6.25
1998-07-23 00:00:00,FERN,6
SECURITY_DA,COMP,CLOSE_PRICE
-----------,----,-----------
1998-07-30 00:00:00,FERN,6.75
1998-08-05 00:00:00,FERN,6.5
1998-08-12 00:00:00,FERN,6.5
1998-08-18 00:00:00,FERN,7
1998-08-20 00:00:00,FERN,7
1998-08-21 00:00:00,FERN,6.5
1998-08-26 00:00:00,FERN,6.5
1998-08-28 00:00:00,FERN,6
1998-08-31 00:00:00,FERN,6
1998-09-17 00:00:00,FERN,6
1998-09-18 00:00:00,FERN,5.5
1998-09-23 00:00:00,FERN,5.75
1998-09-25 00:00:00,FERN,7
1998-10-01 00:00:00,FERN,4.25
1998-10-08 00:00:00,FERN,4.75
1998-10-09 00:00:00,FERN,4.75
1998-10-13 00:00:00,FERN,4.75
1998-10-20 00:00:00,FERN,5.25
1998-10-30 00:00:00,FERN,4.75
1998-11-06 00:00:00,FERN,5.5
1998-11-13 00:00:00,FERN,5.5
SECURITY_DA,COMP,CLOSE_PRICE
-----------,----,-----------
1998-11-19 00:00:00,FERN,5.5
1998-11-25 00:00:00,FERN,5.75
1998-12-02 00:00:00,FERN,5.75
1998-12-10 00:00:00,FERN,5.5
1998-12-15 00:00:00,FERN,5.5
1998-12-16 00:00:00,FERN,5.75
1998-12-17 00:00:00,FERN,6
1998-12-24 00:00:00,FERN,5.75
1998-12-28 00:00:00,FERN,6.25
1998-12-30 00:00:00,FERN,6.75
1998-12-31 00:00:00,FERN,6.75
1998-01-05 00:00:00,GEST,85
1998-03-06 00:00:00,GEST,82
1998-03-31 00:00:00,GEST,80
1998-04-03 00:00:00,GEST,78
1998-05-26 00:00:00,GEST,80
1998-06-16 00:00:00,GEST,75
1998-10-01 00:00:00,GEST,95
1998-01-05 00:00:00,GHLL,3
1998-01-06 00:00:00,GHLL,3
1998-01-07 00:00:00,GHLL,3
SECURITY_DA,COMP,CLOSE_PRICE
-----------,----,-----------
1998-01-08 00:00:00,GHLL,3
1998-01-09 00:00:00,GHLL,3
1998-01-13 00:00:00,GHLL,3
1998-01-16 00:00:00,GHLL,3
1998-01-19 00:00:00,GHLL,2.75
1998-01-20 00:00:00,GHLL,2.75
1998-01-23 00:00:00,GHLL,2.75
1998-01-27 00:00:00,GHLL,2.75
1998-01-28 00:00:00,GHLL,2.75
1998-01-29 00:00:00,GHLL,3
1998-01-30 00:00:00,GHLL,3
1998-02-06 00:00:00,GHLL,2.75
1998-02-17 00:00:00,GHLL,2.75
1998-02-19 00:00:00,GHLL,3
1998-02-20 00:00:00,GHLL,3
1998-02-23 00:00:00,GHLL,3
1998-02-24 00:00:00,GHLL,3
1998-02-25 00:00:00,GHLL,3
1998-02-26 00:00:00,GHLL,3
1998-02-27 00:00:00,GHLL,3
1998-03-04 00:00:00,GHLL,3
SECURITY_DA,COMP,CLOSE_PRICE
-----------,----,-----------
1998-03-05 00:00:00,GHLL,3
1998-03-09 00:00:00,GHLL,3
1998-03-10 00:00:00,GHLL,3
1998-03-11 00:00:00,GHLL,3
1998-03-13 00:00:00,GHLL,3
1998-03-17 00:00:00,GHLL,3
1998-03-19 00:00:00,GHLL,3
1998-03-20 00:00:00,GHLL,3.25
1998-03-25 00:00:00,GHLL,3.25
1998-03-26 00:00:00,GHLL,3
1998-03-27 00:00:00,GHLL,3
1998-03-30 00:00:00,GHLL,3.25
1998-03-31 00:00:00,GHLL,3
1998-04-02 00:00:00,GHLL,3
1998-04-08 00:00:00,GHLL,3
1998-04-15 00:00:00,GHLL,3
1998-04-17 00:00:00,GHLL,3
1998-04-20 00:00:00,GHLL,3
1998-04-21 00:00:00,GHLL,3
1998-04-22 00:00:00,GHLL,3.25
1998-04-23 00:00:00,GHLL,3.5
SECURITY_DA,COMP,CLOSE_PRICE
-----------,----,-----------
1998-04-24 00:00:00,GHLL,3.25
1998-04-27 00:00:00,GHLL,3.25
1998-04-28 00:00:00,GHLL,3.25
1998-04-29 00:00:00,GHLL,3
1998-04-30 00:00:00,GHLL,3
1998-05-04 00:00:00,GHLL,3
1998-05-05 00:00:00,GHLL,3.25
1998-05-06 00:00:00,GHLL,3
1998-05-07 00:00:00,GHLL,3
1998-05-08 00:00:00,GHLL,3
1998-05-13 00:00:00,GHLL,3
1998-05-14 00:00:00,GHLL,3
1998-05-15 00:00:00,GHLL,3
1998-05-18 00:00:00,GHLL,3
1998-05-20 00:00:00,GHLL,3
1998-05-25 00:00:00,GHLL,3
1998-05-26 00:00:00,GHLL,3
1998-05-28 00:00:00,GHLL,2.75
1998-05-29 00:00:00,GHLL,2.75
1998-06-02 00:00:00,GHLL,2.75
1998-06-05 00:00:00,GHLL,2.75
SECURITY_DA,COMP,CLOSE_PRICE
-----------,----,-----------
1998-06-10 00:00:00,GHLL,2.75
1998-06-15 00:00:00,GHLL,2.25
1998-06-16 00:00:00,GHLL,2.5
1998-06-17 00:00:00,GHLL,2.5
1998-06-18 00:00:00,GHLL,2.75
1998-06-19 00:00:00,GHLL,2.75
1998-06-25 00:00:00,GHLL,2.75
1998-06-26 00:00:00,GHLL,2.75
1998-06-29 00:00:00,GHLL,2.5
1998-06-30 00:00:00,GHLL,2.75
1998-07-06 00:00:00,GHLL,2.75
1998-07-14 00:00:00,GHLL,2.75
1998-07-16 00:00:00,GHLL,2.5
1998-07-20 00:00:00,GHLL,2.5
1998-07-21 00:00:00,GHLL,2.75
1998-07-22 00:00:00,GHLL,2.5
1998-07-23 00:00:00,GHLL,2.75
1998-07-24 00:00:00,GHLL,2.5
1998-07-27 00:00:00,GHLL,2.5
1998-07-29 00:00:00,GHLL,3
1998-07-30 00:00:00,GHLL,2.75
SECURITY_DA,COMP,CLOSE_PRICE
-----------,----,-----------
1998-08-03 00:00:00,GHLL,2.5
1998-08-06 00:00:00,GHLL,2.75
1998-08-10 00:00:00,GHLL,2.75
1998-08-14 00:00:00,GHLL,2.75
1998-08-17 00:00:00,GHLL,2.5
1998-08-18 00:00:00,GHLL,2.5
1998-08-19 00:00:00,GHLL,2.5
1998-08-21 00:00:00,GHLL,2.5
1998-08-24 00:00:00,GHLL,2.5
1998-08-26 00:00:00,GHLL,2.25
1998-08-27 00:00:00,GHLL,2.25
1998-08-31 00:00:00,GHLL,2.25
1998-09-01 00:00:00,GHLL,2
1998-09-02 00:00:00,GHLL,2
1998-09-03 00:00:00,GHLL,2.25
1998-09-04 00:00:00,GHLL,2.25
1998-09-08 00:00:00,GHLL,2.5
1998-09-10 00:00:00,GHLL,2.25
1998-09-11 00:00:00,GHLL,2.5
1998-09-16 00:00:00,GHLL,2.5
1998-09-18 00:00:00,GHLL,2.25
SECURITY_DA,COMP,CLOSE_PRICE
-----------,----,-----------
1998-09-22 00:00:00,GHLL,2
1998-09-23 00:00:00,GHLL,2.25
1998-09-30 00:00:00,GHLL,2.25
1998-10-01 00:00:00,GHLL,2.25
1998-10-02 00:00:00,GHLL,2.25
1998-10-06 00:00:00,GHLL,2.25
1998-10-08 00:00:00,GHLL,2.25
1998-10-09 00:00:00,GHLL,2.25
1998-10-13 00:00:00,GHLL,2.5
1998-10-14 00:00:00,GHLL,2.25
1998-10-15 00:00:00,GHLL,2.5
1998-10-19 00:00:00,GHLL,2.25
1998-10-20 00:00:00,GHLL,2.25
1998-10-22 00:00:00,GHLL,2.5
1998-10-26 00:00:00,GHLL,2.5
1998-10-28 00:00:00,GHLL,2.5
1998-10-29 00:00:00,GHLL,2.5
1998-11-04 00:00:00,GHLL,2.25
1998-11-05 00:00:00,GHLL,2.5
1998-11-06 00:00:00,GHLL,2.5
1998-11-09 00:00:00,GHLL,2.5
SECURITY_DA,COMP,CLOSE_PRICE
-----------,----,-----------
1998-11-10 00:00:00,GHLL,2.5
1998-11-12 00:00:00,GHLL,2.25
1998-11-13 00:00:00,GHLL,2.5
1998-11-16 00:00:00,GHLL,2.5
1998-11-17 00:00:00,GHLL,2.5
1998-11-18 00:00:00,GHLL,2.5
1998-11-19 00:00:00,GHLL,2.5
1998-11-20 00:00:00,GHLL,2.5
1998-11-23 00:00:00,GHLL,2.5
1998-11-24 00:00:00,GHLL,2.75
1998-11-25 00:00:00,GHLL,2.5
1998-11-27 00:00:00,GHLL,2.75
1998-11-30 00:00:00,GHLL,2.75
1998-12-01 00:00:00,GHLL,2.75
1998-12-02 00:00:00,GHLL,2.75
1998-12-04 00:00:00,GHLL,2.75
1998-12-07 00:00:00,GHLL,2.75
1998-12-08 00:00:00,GHLL,2.75
1998-12-09 00:00:00,GHLL,3
1998-12-10 00:00:00,GHLL,2.75
1998-12-14 00:00:00,GHLL,2.75
SECURITY_DA,COMP,CLOSE_PRICE
-----------,----,-----------
1998-12-15 00:00:00,GHLL,2.75
1998-12-17 00:00:00,GHLL,2.75
1998-12-18 00:00:00,GHLL,2.75
1998-12-21 00:00:00,GHLL,2.75
1998-12-23 00:00:00,GHLL,3
1998-12-28 00:00:00,GHLL,3
1998-12-29 00:00:00,GHLL,3
1998-12-31 00:00:00,GHLL,2.75
1998-01-02 00:00:00,GLAS,17.25
1998-01-05 00:00:00,GLAS,17.5
1998-01-06 00:00:00,GLAS,17
1998-01-07 00:00:00,GLAS,17
1998-01-08 00:00:00,GLAS,17
1998-01-09 00:00:00,GLAS,17.25
1998-01-13 00:00:00,GLAS,17
1998-01-15 00:00:00,GLAS,16.25
1998-01-16 00:00:00,GLAS,16.5
1998-01-19 00:00:00,GLAS,16.25
1998-01-20 00:00:00,GLAS,16
1998-01-21 00:00:00,GLAS,16
1998-01-22 00:00:00,GLAS,16
SECURITY_DA,COMP,CLOSE_PRICE
-----------,----,-----------
1998-01-23 00:00:00,GLAS,16
1998-01-26 00:00:00,GLAS,16
1998-01-27 00:00:00,GLAS,16
1998-01-28 00:00:00,GLAS,16
1998-01-30 00:00:00,GLAS,16
1998-02-02 00:00:00,GLAS,16
1998-02-03 00:00:00,GLAS,16
1998-02-06 00:00:00,GLAS,16
1998-02-11 00:00:00,GLAS,16
1998-02-12 00:00:00,GLAS,16
1998-02-13 00:00:00,GLAS,16
1998-02-16 00:00:00,GLAS,16
1998-02-17 00:00:00,GLAS,15.5
1998-02-18 00:00:00,GLAS,15.5
1998-02-19 00:00:00,GLAS,15.75
1998-02-23 00:00:00,GLAS,16
1998-02-24 00:00:00,GLAS,15.75
1998-02-25 00:00:00,GLAS,16
1998-02-27 00:00:00,GLAS,16
1998-03-04 00:00:00,GLAS,15.5
1998-03-05 00:00:00,GLAS,16
SECURITY_DA,COMP,CLOSE_PRICE
-----------,----,-----------
1998-03-06 00:00:00,GLAS,19.75
1998-03-09 00:00:00,GLAS,18
1998-03-10 00:00:00,GLAS,17.75
1998-03-11 00:00:00,GLAS,17.5
1998-03-13 00:00:00,GLAS,17
1998-03-16 00:00:00,GLAS,17
1998-03-17 00:00:00,GLAS,16.75
1998-03-18 00:00:00,GLAS,16.5
1998-03-19 00:00:00,GLAS,16.75
1998-03-20 00:00:00,GLAS,16.5
1998-03-23 00:00:00,GLAS,16.5
1998-03-24 00:00:00,GLAS,16.5
1998-03-25 00:00:00,GLAS,16.75
1998-03-26 00:00:00,GLAS,16.5
1998-03-27 00:00:00,GLAS,16
1998-03-30 00:00:00,GLAS,16
1998-03-31 00:00:00,GLAS,16
1998-04-01 00:00:00,GLAS,16
1998-04-02 00:00:00,GLAS,16
1998-04-03 00:00:00,GLAS,16
1998-04-06 00:00:00,GLAS,16
SECURITY_DA,COMP,CLOSE_PRICE
-----------,----,-----------
1998-04-07 00:00:00,GLAS,16.5
1998-04-08 00:00:00,GLAS,16.5
1998-04-09 00:00:00,GLAS,16.5
1998-04-15 00:00:00,GLAS,16.75
1998-04-16 00:00:00,GLAS,16.75
1998-04-17 00:00:00,GLAS,16.75
1998-04-20 00:00:00,GLAS,17
1998-04-21 00:00:00,GLAS,19
1998-04-22 00:00:00,GLAS,20
1998-04-23 00:00:00,GLAS,18.75
1998-04-24 00:00:00,GLAS,18.5
1998-04-27 00:00:00,GLAS,18.5
1998-04-28 00:00:00,GLAS,18
1998-04-29 00:00:00,GLAS,18.5
1998-04-30 00:00:00,GLAS,18
1998-05-04 00:00:00,GLAS,18.5
1998-05-05 00:00:00,GLAS,18
1998-05-06 00:00:00,GLAS,18
1998-05-07 00:00:00,GLAS,16.75
1998-05-08 00:00:00,GLAS,17
1998-05-13 00:00:00,GLAS,17
SECURITY_DA,COMP,CLOSE_PRICE
-----------,----,-----------
1998-05-14 00:00:00,GLAS,17
1998-05-15 00:00:00,GLAS,16.75
1998-05-18 00:00:00,GLAS,16.5
1998-05-19 00:00:00,GLAS,16.25
1998-05-20 00:00:00,GLAS,16
1998-05-21 00:00:00,GLAS,16
1998-05-22 00:00:00,GLAS,17
1998-05-25 00:00:00,GLAS,17
1998-05-26 00:00:00,GLAS,16.5
1998-05-27 00:00:00,GLAS,16.25
1998-05-28 00:00:00,GLAS,16.25
1998-05-29 00:00:00,GLAS,16
1998-06-01 00:00:00,GLAS,15.5
1998-06-02 00:00:00,GLAS,15.5
1998-06-03 00:00:00,GLAS,15.5
1998-06-04 00:00:00,GLAS,15.25
1998-06-05 00:00:00,GLAS,15
1998-06-08 00:00:00,GLAS,15
1998-06-10 00:00:00,GLAS,15
1998-06-11 00:00:00,GLAS,15.5
1998-06-12 00:00:00,GLAS,14
SECURITY_DA,COMP,CLOSE_PRICE
-----------,----,-----------
1998-06-15 00:00:00,GLAS,12
1998-06-16 00:00:00,GLAS,12.5
1998-06-17 00:00:00,GLAS,12.75
1998-06-18 00:00:00,GLAS,12.75
1998-06-19 00:00:00,GLAS,13.5
1998-06-22 00:00:00,GLAS,13
1998-06-23 00:00:00,GLAS,13
1998-06-24 00:00:00,GLAS,13
1998-06-25 00:00:00,GLAS,12.75
1998-06-29 00:00:00,GLAS,12.5
1998-06-30 00:00:00,GLAS,12.75
1998-07-01 00:00:00,GLAS,12.75
1998-07-03 00:00:00,GLAS,12.5
1998-07-06 00:00:00,GLAS,12.25
1998-07-13 00:00:00,GLAS,12.5
1998-07-14 00:00:00,GLAS,12.5
1998-07-15 00:00:00,GLAS,11.75
1998-07-16 00:00:00,GLAS,11.5
1998-07-20 00:00:00,GLAS,11
1998-07-21 00:00:00,GLAS,11
1998-07-22 00:00:00,GLAS,11.25
SECURITY_DA,COMP,CLOSE_PRICE
-----------,----,-----------
1998-07-24 00:00:00,GLAS,11
1998-07-27 00:00:00,GLAS,11
1998-07-28 00:00:00,GLAS,11
1998-07-29 00:00:00,GLAS,11
1998-07-30 00:00:00,GLAS,12
1998-07-31 00:00:00,GLAS,12.5
1998-08-03 00:00:00,GLAS,11.5
1998-08-04 00:00:00,GLAS,11.5
1998-08-05 00:00:00,GLAS,12
1998-08-06 00:00:00,GLAS,12
1998-08-11 00:00:00,GLAS,12
1998-08-12 00:00:00,GLAS,12.25
1998-08-13 00:00:00,GLAS,12
1998-08-14 00:00:00,GLAS,11.75
1998-08-20 00:00:00,GLAS,11.5
1998-08-21 00:00:00,GLAS,10
1998-08-24 00:00:00,GLAS,9.25
1998-08-25 00:00:00,GLAS,9.25
1998-08-27 00:00:00,GLAS,9.75
1998-08-28 00:00:00,GLAS,9.75
1998-08-31 00:00:00,GLAS,9.75
SECURITY_DA,COMP,CLOSE_PRICE
-----------,----,-----------
1998-09-01 00:00:00,GLAS,9
1998-09-02 00:00:00,GLAS,8.5
1998-09-04 00:00:00,GLAS,8.75
1998-09-07 00:00:00,GLAS,8.75
1998-09-08 00:00:00,GLAS,10
1998-09-09 00:00:00,GLAS,10.5
1998-09-10 00:00:00,GLAS,11.5
1998-09-11 00:00:00,GLAS,11.5
1998-09-14 00:00:00,GLAS,11.5
1998-09-15 00:00:00,GLAS,11.5
1998-09-16 00:00:00,GLAS,12
1998-09-17 00:00:00,GLAS,12.5
1998-09-18 00:00:00,GLAS,12.25
1998-09-21 00:00:00,GLAS,12
1998-09-22 00:00:00,GLAS,12.5
1998-09-23 00:00:00,GLAS,12.5
1998-09-24 00:00:00,GLAS,12.75
1998-09-25 00:00:00,GLAS,13
1998-09-28 00:00:00,GLAS,13
1998-09-30 00:00:00,GLAS,12.5
1998-10-01 00:00:00,GLAS,12.75
SECURITY_DA,COMP,CLOSE_PRICE
-----------,----,-----------
1998-10-02 00:00:00,GLAS,12.25
1998-10-06 00:00:00,GLAS,12.25
1998-10-07 00:00:00,GLAS,12.5
1998-10-08 00:00:00,GLAS,12.25
1998-10-09 00:00:00,GLAS,12
1998-10-12 00:00:00,GLAS,12.25
1998-10-13 00:00:00,GLAS,12
1998-10-14 00:00:00,GLAS,12
1998-10-15 00:00:00,GLAS,13.25
1998-10-16 00:00:00,GLAS,13.25
1998-10-19 00:00:00,GLAS,12
1998-10-20 00:00:00,GLAS,13
1998-10-21 00:00:00,GLAS,12
1998-10-22 00:00:00,GLAS,12.25
1998-10-23 00:00:00,GLAS,12
1998-10-26 00:00:00,GLAS,12.5
1998-10-27 00:00:00,GLAS,12.5
1998-10-28 00:00:00,GLAS,12.25
1998-10-29 00:00:00,GLAS,12
1998-10-30 00:00:00,GLAS,11.75
1998-11-04 00:00:00,GLAS,12.25
SECURITY_DA,COMP,CLOSE_PRICE
-----------,----,-----------
1998-11-05 00:00:00,GLAS,12.5
1998-11-09 00:00:00,GLAS,12.5
1998-11-10 00:00:00,GLAS,12.5
1998-11-11 00:00:00,GLAS,12.5
1998-11-12 00:00:00,GLAS,11.5
1998-11-16 00:00:00,GLAS,12
1998-11-17 00:00:00,GLAS,11.5
1998-11-18 00:00:00,GLAS,11.5
1998-11-20 00:00:00,GLAS,11.5
1998-11-24 00:00:00,GLAS,11.25
1998-11-25 00:00:00,GLAS,11.75
1998-11-26 00:00:00,GLAS,11.75
1998-11-27 00:00:00,GLAS,11.5
1998-11-30 00:00:00,GLAS,11.75
1998-12-01 00:00:00,GLAS,11.75
1998-12-02 00:00:00,GLAS,11.5
1998-12-04 00:00:00,GLAS,11.5
1998-12-07 00:00:00,GLAS,11.5
1998-12-08 00:00:00,GLAS,11.75
1998-12-10 00:00:00,GLAS,11.25
1998-12-11 00:00:00,GLAS,11.25
SECURITY_DA,COMP,CLOSE_PRICE
-----------,----,-----------
1998-12-14 00:00:00,GLAS,11
1998-12-15 00:00:00,GLAS,11.25
1998-12-16 00:00:00,GLAS,10.25
1998-12-17 00:00:00,GLAS,10.25
1998-12-18 00:00:00,GLAS,11
1998-12-21 00:00:00,GLAS,11
1998-12-22 00:00:00,GLAS,11
1998-12-23 00:00:00,GLAS,11
1998-12-28 00:00:00,GLAS,11
1998-12-29 00:00:00,GLAS,11
1998-12-30 00:00:00,GLAS,11
1998-12-31 00:00:00,GLAS,11.5
1998-01-05 00:00:00,GLAX,33.25
1998-01-06 00:00:00,GLAX,33.25
1998-01-07 00:00:00,GLAX,34.25
1998-01-19 00:00:00,GLAX,34.25
1998-01-20 00:00:00,GLAX,32
1998-01-22 00:00:00,GLAX,32.5
1998-01-26 00:00:00,GLAX,32
1998-01-27 00:00:00,GLAX,32
1998-01-29 00:00:00,GLAX,32
SECURITY_DA,COMP,CLOSE_PRICE
-----------,----,-----------
1998-01-30 00:00:00,GLAX,32
1998-02-03 00:00:00,GLAX,33.5
1998-02-09 00:00:00,GLAX,33.75
1998-02-16 00:00:00,GLAX,34
1998-02-17 00:00:00,GLAX,34.25
1998-02-18 00:00:00,GLAX,34.25
1998-02-24 00:00:00,GLAX,35
1998-03-11 00:00:00,GLAX,36
1998-03-24 00:00:00,GLAX,36
1998-03-31 00:00:00,GLAX,36
1998-04-01 00:00:00,GLAX,36.25
1998-04-06 00:00:00,GLAX,38
1998-04-07 00:00:00,GLAX,38
1998-04-21 00:00:00,GLAX,38
1998-04-22 00:00:00,GLAX,35.5
1998-04-30 00:00:00,GLAX,35
1998-05-05 00:00:00,GLAX,36
1998-05-07 00:00:00,GLAX,36.5
1998-05-13 00:00:00,GLAX,39.5
1998-05-14 00:00:00,GLAX,37.5
1998-05-15 00:00:00,GLAX,37.5
SECURITY_DA,COMP,CLOSE_PRICE
-----------,----,-----------
1998-05-18 00:00:00,GLAX,40.5
1998-05-19 00:00:00,GLAX,39.5
1998-05-20 00:00:00,GLAX,39
1998-05-21 00:00:00,GLAX,39
1998-05-25 00:00:00,GLAX,40
1998-05-28 00:00:00,GLAX,40
1998-05-29 00:00:00,GLAX,39
1998-06-04 00:00:00,GLAX,35
1998-06-05 00:00:00,GLAX,34
1998-06-10 00:00:00,GLAX,34
1998-06-11 00:00:00,GLAX,31.5
1998-06-12 00:00:00,GLAX,30
1998-06-16 00:00:00,GLAX,30
1998-06-18 00:00:00,GLAX,31
1998-06-25 00:00:00,GLAX,31
1998-08-13 00:00:00,GLAX,31
1998-08-14 00:00:00,GLAX,31
1998-08-17 00:00:00,GLAX,31
1998-08-20 00:00:00,GLAX,31
1998-08-24 00:00:00,GLAX,30
1998-08-25 00:00:00,GLAX,30
SECURITY_DA,COMP,CLOSE_PRICE
-----------,----,-----------
1998-08-26 00:00:00,GLAX,30
1998-08-28 00:00:00,GLAX,30
1998-08-31 00:00:00,GLAX,28
1998-09-04 00:00:00,GLAX,30
1998-09-09 00:00:00,GLAX,30
1998-09-11 00:00:00,GLAX,30
1998-10-19 00:00:00,GLAX,44
1998-10-20 00:00:00,GLAX,42.75
1998-10-23 00:00:00,GLAX,43
1998-10-26 00:00:00,GLAX,40.5
1998-10-28 00:00:00,GLAX,40.25
1998-11-04 00:00:00,GLAX,42
1998-11-05 00:00:00,GLAX,43
1998-11-06 00:00:00,GLAX,43
1998-11-09 00:00:00,GLAX,43
1998-11-10 00:00:00,GLAX,44
1998-11-11 00:00:00,GLAX,44
1998-11-12 00:00:00,GLAX,45
1998-11-13 00:00:00,GLAX,45
1998-11-16 00:00:00,GLAX,46
1998-11-17 00:00:00,GLAX,47.5
SECURITY_DA,COMP,CLOSE_PRICE
-----------,----,-----------
1998-11-18 00:00:00,GLAX,45.25
1998-11-20 00:00:00,GLAX,46
1998-11-23 00:00:00,GLAX,35
1998-11-24 00:00:00,GLAX,34
1998-11-25 00:00:00,GLAX,34
1998-11-26 00:00:00,GLAX,34
1998-11-27 00:00:00,GLAX,34
1998-11-30 00:00:00,GLAX,34
1998-12-01 00:00:00,GLAX,33
1998-12-04 00:00:00,GLAX,33
1998-12-07 00:00:00,GLAX,33
1998-12-08 00:00:00,GLAX,33.5
1998-12-09 00:00:00,GLAX,33.25
1998-12-15 00:00:00,GLAX,27.5
1998-12-22 00:00:00,GLAX,34
1998-12-29 00:00:00,GLAX,33.5
1998-12-30 00:00:00,GLAX,33.5
1998-01-13 00:00:00,GOOD,190
1998-10-28 00:00:00,GOOD,190
1998-01-02 00:00:00,GRAN,33.25
1998-01-05 00:00:00,GRAN,34
1998-01-06 00:00:00,GRAN,33.25
1998-01-07 00:00:00,GRAN,33
1998-01-08 00:00:00,GRAN,31
1998-01-09 00:00:00,GRAN,32
1998-01-13 00:00:00,GRAN,30.5
1998-01-15 00:00:00,GRAN,31
1998-01-16 00:00:00,GRAN,30.5
1998-01-19 00:00:00,GRAN,30
1998-01-20 00:00:00,GRAN,30
1998-01-21 00:00:00,GRAN,30
1998-01-22 00:00:00,GRAN,30
1998-01-23 00:00:00,GRAN,29.75
1998-01-26 00:00:00,GRAN,28.75
1998-01-27 00:00:00,GRAN,28.75
1998-01-28 00:00:00,GRAN,29
1998-01-29 00:00:00,GRAN,30
1998-01-30 00:00:00,GRAN,30
1998-02-02 00:00:00,GRAN,30.5
1998-02-03 00:00:00,GRAN,30.5
1998-02-06 00:00:00,GRAN,31
1998-02-09 00:00:00,GRAN,32
1998-02-11 00:00:00,GRAN,32
1998-02-12 00:00:00,GRAN,32.5
1998-02-13 00:00:00,GRAN,32.75
1998-02-16 00:00:00,GRAN,34
1998-02-17 00:00:00,GRAN,33.75
1998-02-18 00:00:00,GRAN,34
1998-02-19 00:00:00,GRAN,34.25
1998-02-20 00:00:00,GRAN,34.25
1998-02-23 00:00:00,GRAN,34
1998-02-24 00:00:00,GRAN,33.75
1998-02-25 00:00:00,GRAN,33.25
1998-02-26 00:00:00,GRAN,34
1998-02-27 00:00:00,GRAN,34.25
1998-03-02 00:00:00,GRAN,34.25
1998-03-03 00:00:00,GRAN,34.25
1998-03-04 00:00:00,GRAN,35
1998-03-05 00:00:00,GRAN,35.5
1998-03-06 00:00:00,GRAN,36
1998-03-09 00:00:00,GRAN,35
1998-03-10 00:00:00,GRAN,35.25
1998-03-11 00:00:00,GRAN,36
1998-03-13 00:00:00,GRAN,36.5
1998-03-16 00:00:00,GRAN,36
1998-03-17 00:00:00,GRAN,35.5
1998-03-18 00:00:00,GRAN,35.75
1998-03-19 00:00:00,GRAN,35.75
1998-03-20 00:00:00,GRAN,36
1998-03-23 00:00:00,GRAN,36
1998-03-24 00:00:00,GRAN,37
1998-03-25 00:00:00,GRAN,36.75
1998-03-26 00:00:00,GRAN,37.75
1998-03-27 00:00:00,GRAN,38.25
1998-03-30 00:00:00,GRAN,38.25
1998-03-31 00:00:00,GRAN,38
1998-04-01 00:00:00,GRAN,36.75
1998-04-02 00:00:00,GRAN,37
1998-04-03 00:00:00,GRAN,37.25
1998-04-06 00:00:00,GRAN,37
1998-04-07 00:00:00,GRAN,37.75
1998-04-08 00:00:00,GRAN,37.75
1998-04-09 00:00:00,GRAN,38
1998-04-15 00:00:00,GRAN,38.5
1998-04-16 00:00:00,GRAN,39
1998-04-17 00:00:00,GRAN,40.5
1998-04-20 00:00:00,GRAN,40.5
1998-04-21 00:00:00,GRAN,41
1998-04-22 00:00:00,GRAN,42.5
1998-04-23 00:00:00,GRAN,42
1998-04-24 00:00:00,GRAN,41.75
1998-04-27 00:00:00,GRAN,41.75
1998-04-28 00:00:00,GRAN,42
1998-04-29 00:00:00,GRAN,41.75
1998-04-30 00:00:00,GRAN,44
1998-05-04 00:00:00,GRAN,44
1998-05-05 00:00:00,GRAN,44
1998-05-06 00:00:00,GRAN,42.75
1998-05-07 00:00:00,GRAN,43
1998-05-08 00:00:00,GRAN,44.25
1998-05-13 00:00:00,GRAN,44
1998-05-14 00:00:00,GRAN,42
1998-05-15 00:00:00,GRAN,40
1998-05-18 00:00:00,GRAN,40
1998-05-19 00:00:00,GRAN,39.25
1998-05-20 00:00:00,GRAN,38.25
1998-05-21 00:00:00,GRAN,39.5
1998-05-22 00:00:00,GRAN,40
1998-05-25 00:00:00,GRAN,39.75
1998-05-26 00:00:00,GRAN,39
1998-05-27 00:00:00,GRAN,39
1998-05-28 00:00:00,GRAN,38
1998-05-29 00:00:00,GRAN,36.75
1998-06-01 00:00:00,GRAN,34.75
1998-06-02 00:00:00,GRAN,36
1998-06-03 00:00:00,GRAN,36.5
1998-06-04 00:00:00,GRAN,35
1998-06-05 00:00:00,GRAN,34
1998-06-08 00:00:00,GRAN,34.25
1998-06-10 00:00:00,GRAN,34.5
1998-06-11 00:00:00,GRAN,33
1998-06-12 00:00:00,GRAN,31
1998-06-15 00:00:00,GRAN,29
1998-06-16 00:00:00,GRAN,30
1998-06-17 00:00:00,GRAN,29
1998-06-18 00:00:00,GRAN,31.5
1998-06-19 00:00:00,GRAN,32
1998-06-22 00:00:00,GRAN,30
1998-06-23 00:00:00,GRAN,29
1998-06-24 00:00:00,GRAN,28.25
1998-06-25 00:00:00,GRAN,27
1998-06-26 00:00:00,GRAN,28.25
1998-06-29 00:00:00,GRAN,28.25
1998-06-30 00:00:00,GRAN,28.25
1998-07-01 00:00:00,GRAN,28.5
1998-07-02 00:00:00,GRAN,29
1998-07-03 00:00:00,GRAN,30
1998-07-06 00:00:00,GRAN,29
1998-07-08 00:00:00,GRAN,29
1998-07-10 00:00:00,GRAN,29.5
1998-07-13 00:00:00,GRAN,29.75
1998-07-14 00:00:00,GRAN,29.75
1998-07-15 00:00:00,GRAN,28.5
1998-07-16 00:00:00,GRAN,28.25
1998-07-17 00:00:00,GRAN,31
1998-07-20 00:00:00,GRAN,28.25
1998-07-21 00:00:00,GRAN,30
1998-07-22 00:00:00,GRAN,29.5
1998-08-10 00:00:00,GRAN,18.75
1998-08-11 00:00:00,GRAN,20
1998-08-12 00:00:00,GRAN,20.25
1998-08-13 00:00:00,GRAN,19
1998-08-14 00:00:00,GRAN,18
1998-08-17 00:00:00,GRAN,18
1998-08-18 00:00:00,GRAN,17.75
1998-08-19 00:00:00,GRAN,17
1998-08-20 00:00:00,GRAN,15.5
1998-08-21 00:00:00,GRAN,15.25
1998-08-24 00:00:00,GRAN,14
1998-08-25 00:00:00,GRAN,14
1998-08-26 00:00:00,GRAN,15.5
1998-08-27 00:00:00,GRAN,15.25
1998-08-28 00:00:00,GRAN,14.5
1998-08-31 00:00:00,GRAN,14.25
1998-09-01 00:00:00,GRAN,13.5
1998-09-02 00:00:00,GRAN,13
1998-09-03 00:00:00,GRAN,13
1998-09-04 00:00:00,GRAN,13
1998-09-07 00:00:00,GRAN,13
1998-09-08 00:00:00,GRAN,13.5
1998-09-09 00:00:00,GRAN,14.25
1998-09-10 00:00:00,GRAN,14
1998-09-11 00:00:00,GRAN,14
1998-09-14 00:00:00,GRAN,14
1998-09-15 00:00:00,GRAN,14.75
1998-09-16 00:00:00,GRAN,15
1998-09-17 00:00:00,GRAN,14
1998-09-18 00:00:00,GRAN,14
1998-09-21 00:00:00,GRAN,14.25
1998-09-22 00:00:00,GRAN,14.25
1998-09-23 00:00:00,GRAN,14.5
1998-09-24 00:00:00,GRAN,15.5
1998-09-25 00:00:00,GRAN,17
1998-09-28 00:00:00,GRAN,17
1998-09-29 00:00:00,GRAN,16.25
1998-09-30 00:00:00,GRAN,16
1998-10-01 00:00:00,GRAN,17
1998-10-02 00:00:00,GRAN,16.25
1998-10-06 00:00:00,GRAN,16.25
1998-10-07 00:00:00,GRAN,16.5
1998-10-08 00:00:00,GRAN,16.25
1998-10-09 00:00:00,GRAN,16.5
1998-10-12 00:00:00,GRAN,16.25
1998-10-13 00:00:00,GRAN,16.25
1998-10-14 00:00:00,GRAN,16
1998-10-15 00:00:00,GRAN,16
1998-10-16 00:00:00,GRAN,16.75
1998-10-19 00:00:00,GRAN,16.5
1998-10-20 00:00:00,GRAN,17
1998-10-21 00:00:00,GRAN,17
1998-10-22 00:00:00,GRAN,17
1998-10-23 00:00:00,GRAN,17
1998-10-26 00:00:00,GRAN,17
1998-10-27 00:00:00,GRAN,17.5
1998-10-28 00:00:00,GRAN,17.5
1998-10-29 00:00:00,GRAN,18.25
1998-10-30 00:00:00,GRAN,19
1998-11-02 00:00:00,GRAN,19
1998-11-04 00:00:00,GRAN,18.75
1998-11-05 00:00:00,GRAN,19
1998-11-06 00:00:00,GRAN,18.75
1998-11-09 00:00:00,GRAN,18.75
1998-11-10 00:00:00,GRAN,18.5
1998-11-11 00:00:00,GRAN,19
1998-11-12 00:00:00,GRAN,19.5
1998-11-13 00:00:00,GRAN,20.5
1998-11-16 00:00:00,GRAN,23
1998-11-17 00:00:00,GRAN,25
1998-11-18 00:00:00,GRAN,26.5
1998-11-19 00:00:00,GRAN,25.25
1998-11-20 00:00:00,GRAN,26
1998-11-23 00:00:00,GRAN,29
1998-11-24 00:00:00,GRAN,34
1998-11-25 00:00:00,GRAN,35.5
1998-11-26 00:00:00,GRAN,35.5
1998-11-27 00:00:00,GRAN,35
1998-11-30 00:00:00,GRAN,32.75
1998-12-01 00:00:00,GRAN,33
1998-12-02 00:00:00,GRAN,33.75
1998-12-04 00:00:00,GRAN,33.5
1998-12-07 00:00:00,GRAN,32
1998-12-08 00:00:00,GRAN,31
1998-12-09 00:00:00,GRAN,32.5
1998-12-10 00:00:00,GRAN,33
1998-12-11 00:00:00,GRAN,32.5
1998-12-14 00:00:00,GRAN,32.75
1998-12-15 00:00:00,GRAN,31.75
1998-12-16 00:00:00,GRAN,31.5
1998-12-17 00:00:00,GRAN,30.5
1998-12-18 00:00:00,GRAN,31.75
1998-12-21 00:00:00,GRAN,32
1998-12-22 00:00:00,GRAN,33
1998-12-23 00:00:00,GRAN,33.5
1998-12-24 00:00:00,GRAN,33.5
1998-12-28 00:00:00,GRAN,33.5
1998-12-29 00:00:00,GRAN,33.75
1998-12-30 00:00:00,GRAN,35
1998-12-31 00:00:00,GRAN,33.75
1998-12-10 00:00:00,GREG,16
1998-12-11 00:00:00,GREG,18
1998-12-14 00:00:00,GREG,18
1998-12-15 00:00:00,GREG,18
SECURITY_DA,COMP,CLOSE_PRICE
-----------,----,-----------
1998-12-16 00:00:00,GREG,18
1998-12-17 00:00:00,GREG,17.5
1998-12-18 00:00:00,GREG,17
1998-12-22 00:00:00,GREG,16
1998-12-23 00:00:00,GREG,15
1998-12-24 00:00:00,GREG,18
1998-12-29 00:00:00,GREG,16.5
1998-12-30 00:00:00,GREG,18
1998-01-06 00:00:00,GUAR,150
1998-02-11 00:00:00,GUAR,145
1998-02-12 00:00:00,GUAR,145
1998-02-13 00:00:00,GUAR,145
1998-02-16 00:00:00,GUAR,145
1998-02-17 00:00:00,GUAR,145
1998-02-18 00:00:00,GUAR,145
1998-03-03 00:00:00,GUAR,145
1998-03-11 00:00:00,GUAR,145
1998-03-23 00:00:00,GUAR,145
1998-03-27 00:00:00,GUAR,145
1998-03-30 00:00:00,GUAR,145
1998-04-30 00:00:00,GUAR,145
SECURITY_DA,COMP,CLOSE_PRICE
-----------,----,-----------
1998-05-04 00:00:00,GUAR,145
1998-05-14 00:00:00,GUAR,130.25
1998-05-21 00:00:00,GUAR,128
1998-05-27 00:00:00,GUAR,115
1998-05-28 00:00:00,GUAR,110
1998-05-29 00:00:00,GUAR,95
1998-06-01 00:00:00,GUAR,105
1998-06-02 00:00:00,GUAR,105
1998-06-03 00:00:00,GUAR,105
1998-06-04 00:00:00,GUAR,105
1998-06-05 00:00:00,GUAR,96.25
1998-06-11 00:00:00,GUAR,96
1998-06-12 00:00:00,GUAR,96
1998-06-15 00:00:00,GUAR,95
1998-06-17 00:00:00,GUAR,90
1998-06-18 00:00:00,GUAR,91
1998-06-19 00:00:00,GUAR,90.25
1998-06-25 00:00:00,GUAR,85
1998-07-16 00:00:00,GUAR,100
1998-07-20 00:00:00,GUAR,105
1998-07-23 00:00:00,GUAR,100
SECURITY_DA,COMP,CLOSE_PRICE
-----------,----,-----------
1998-08-14 00:00:00,GUAR,90
1998-08-26 00:00:00,GUAR,90
1998-09-01 00:00:00,GUAR,70
1998-09-08 00:00:00,GUAR,75
1998-09-17 00:00:00,GUAR,90
1998-09-28 00:00:00,GUAR,75.25
1998-09-29 00:00:00,GUAR,80.25
1998-10-09 00:00:00,GUAR,90
1998-10-12 00:00:00,GUAR,85.25
1998-10-14 00:00:00,GUAR,90
1998-11-06 00:00:00,GUAR,90
1998-11-18 00:00:00,GUAR,90.25
1998-11-26 00:00:00,GUAR,110
1998-12-02 00:00:00,GUAR,105
1998-12-04 00:00:00,GUAR,110
1998-12-08 00:00:00,GUAR,109
1998-12-16 00:00:00,GUAR,110
1998-12-17 00:00:00,GUAR,100
1998-12-18 00:00:00,GUAR,129
1998-12-28 00:00:00,GUAR,106
1998-12-30 00:00:00,GUAR,110
SECURITY_DA,COMP,CLOSE_PRICE
-----------,----,-----------
1998-03-25 00:00:00,HAPU,28.5
1998-03-26 00:00:00,HAPU,28.25
1998-03-27 00:00:00,HAPU,27.25
1998-03-30 00:00:00,HAPU,25.75
1998-03-31 00:00:00,HAPU,24
1998-04-01 00:00:00,HAPU,25.5
1998-04-02 00:00:00,HAPU,25.25
1998-04-03 00:00:00,HAPU,25.5
1998-04-06 00:00:00,HAPU,25.25
1998-04-07 00:00:00,HAPU,27
1998-04-08 00:00:00,HAPU,28.25
1998-04-09 00:00:00,HAPU,29
1998-04-15 00:00:00,HAPU,29.5
1998-04-16 00:00:00,HAPU,29.25
1998-04-17 00:00:00,HAPU,30
1998-04-20 00:00:00,HAPU,30.25
1998-04-21 00:00:00,HAPU,30.75
1998-04-22 00:00:00,HAPU,31.5
1998-04-23 00:00:00,HAPU,31
1998-04-24 00:00:00,HAPU,31.5
1998-04-27 00:00:00,HAPU,30.25
SECURITY_DA,COMP,CLOSE_PRICE
-----------,----,-----------
1998-04-28 00:00:00,HAPU,31
1998-04-29 00:00:00,HAPU,34
1998-04-30 00:00:00,HAPU,37
1998-05-04 00:00:00,HAPU,44
1998-05-05 00:00:00,HAPU,44.75
1998-05-06 00:00:00,HAPU,44
1998-05-07 00:00:00,HAPU,45.75
1998-05-08 00:00:00,HAPU,46.5
1998-05-13 00:00:00,HAPU,49.25
1998-05-14 00:00:00,HAPU,48
1998-05-15 00:00:00,HAPU,48
1998-05-18 00:00:00,HAPU,48
1998-05-19 00:00:00,HAPU,44
1998-05-20 00:00:00,HAPU,41
1998-05-21 00:00:00,HAPU,39.5
1998-05-22 00:00:00,HAPU,43.5
1998-05-25 00:00:00,HAPU,43.5
1998-05-26 00:00:00,HAPU,42.75
1998-05-27 00:00:00,HAPU,41.25
1998-05-28 00:00:00,HAPU,41.75
1998-05-29 00:00:00,HAPU,40
SECURITY_DA,COMP,CLOSE_PRICE
-----------,----,-----------
1998-06-01 00:00:00,HAPU,38
1998-06-02 00:00:00,HAPU,41.25
1998-06-03 00:00:00,HAPU,39
1998-06-04 00:00:00,HAPU,37
1998-06-05 00:00:00,HAPU,35
1998-06-08 00:00:00,HAPU,35.5
1998-06-10 00:00:00,HAPU,34.25
1998-06-11 00:00:00,HAPU,31
1998-06-12 00:00:00,HAPU,27.5
1998-06-15 00:00:00,HAPU,26
1998-06-16 00:00:00,HAPU,26.25
1998-06-17 00:00:00,HAPU,26
1998-06-18 00:00:00,HAPU,29
1998-06-19 00:00:00,HAPU,27.5
1998-06-22 00:00:00,HAPU,26
1998-06-23 00:00:00,HAPU,26
1998-06-24 00:00:00,HAPU,24.5
1998-06-25 00:00:00,HAPU,25
1998-06-26 00:00:00,HAPU,26
1998-06-29 00:00:00,HAPU,26.75
1998-06-30 00:00:00,HAPU,27.25
SECURITY_DA,COMP,CLOSE_PRICE
-----------,----,-----------
1998-07-01 00:00:00,HAPU,28
1998-07-02 00:00:00,HAPU,30
1998-07-03 00:00:00,HAPU,30
1998-07-06 00:00:00,HAPU,29
1998-07-08 00:00:00,HAPU,28.75
1998-07-10 00:00:00,HAPU,30
1998-07-13 00:00:00,HAPU,28.5
1998-07-14 00:00:00,HAPU,27
1998-07-15 00:00:00,HAPU,26.5
1998-07-16 00:00:00,HAPU,27
1998-07-17 00:00:00,HAPU,27
1998-07-20 00:00:00,HAPU,26.5
1998-07-21 00:00:00,HAPU,26.5
1998-07-22 00:00:00,HAPU,28.75
1998-07-23 00:00:00,HAPU,26.75
1998-07-24 00:00:00,HAPU,28
1998-07-27 00:00:00,HAPU,27.5
1998-07-28 00:00:00,HAPU,29
1998-07-29 00:00:00,HAPU,29
1998-07-30 00:00:00,HAPU,30.5
1998-07-31 00:00:00,HAPU,29.25
SECURITY_DA,COMP,CLOSE_PRICE
-----------,----,-----------
1998-08-03 00:00:00,HAPU,28.5
1998-08-04 00:00:00,HAPU,28
1998-08-05 00:00:00,HAPU,27.75
1998-08-06 00:00:00,HAPU,28.5
1998-08-10 00:00:00,HAPU,29
1998-08-11 00:00:00,HAPU,31.75
1998-08-12 00:00:00,HAPU,30.75
1998-08-13 00:00:00,HAPU,29.75
1998-08-14 00:00:00,HAPU,28.75
1998-08-17 00:00:00,HAPU,28
1998-08-18 00:00:00,HAPU,27.5
1998-08-19 00:00:00,HAPU,28.5
1998-08-20 00:00:00,HAPU,27.25
1998-08-21 00:00:00,HAPU,27
1998-08-24 00:00:00,HAPU,26.5
1998-08-25 00:00:00,HAPU,25.5
1998-08-26 00:00:00,HAPU,25.5
1998-08-27 00:00:00,HAPU,25.25
1998-08-28 00:00:00,HAPU,24
1998-08-31 00:00:00,HAPU,20
1998-09-01 00:00:00,HAPU,18
SECURITY_DA,COMP,CLOSE_PRICE
-----------,----,-----------
1998-09-02 00:00:00,HAPU,17.5
1998-09-03 00:00:00,HAPU,16.75
1998-09-04 00:00:00,HAPU,18
1998-09-07 00:00:00,HAPU,19
1998-09-08 00:00:00,HAPU,19.5
1998-09-09 00:00:00,HAPU,19
1998-09-10 00:00:00,HAPU,18.75
1998-09-11 00:00:00,HAPU,19.5
1998-09-14 00:00:00,HAPU,18
1998-09-15 00:00:00,HAPU,20
1998-09-16 00:00:00,HAPU,21.5
1998-09-17 00:00:00,HAPU,19
1998-09-18 00:00:00,HAPU,19.5
1998-09-21 00:00:00,HAPU,20.5
1998-09-22 00:00:00,HAPU,21.5
1998-09-23 00:00:00,HAPU,22
1998-09-24 00:00:00,HAPU,21.5
1998-09-25 00:00:00,HAPU,22
1998-09-28 00:00:00,HAPU,20.5
1998-09-29 00:00:00,HAPU,19.5
1998-09-30 00:00:00,HAPU,19.75
SECURITY_DA,COMP,CLOSE_PRICE
-----------,----,-----------
1998-10-01 00:00:00,HAPU,19.75
1998-10-02 00:00:00,HAPU,19
1998-10-06 00:00:00,HAPU,18
1998-10-07 00:00:00,HAPU,19
1998-10-08 00:00:00,HAPU,18
1998-10-09 00:00:00,HAPU,17.75
1998-10-12 00:00:00,HAPU,17.5
1998-10-13 00:00:00,HAPU,16
1998-10-14 00:00:00,HAPU,15
1998-10-15 00:00:00,HAPU,15.25
1998-10-16 00:00:00,HAPU,15.75
1998-10-19 00:00:00,HAPU,17
1998-10-20 00:00:00,HAPU,16.75
1998-10-21 00:00:00,HAPU,16
1998-10-22 00:00:00,HAPU,15.5
1998-10-23 00:00:00,HAPU,15.5
1998-10-26 00:00:00,HAPU,15.25
1998-10-27 00:00:00,HAPU,15.5
1998-10-28 00:00:00,HAPU,15.5
1998-10-29 00:00:00,HAPU,15.75
1998-10-30 00:00:00,HAPU,15.5
SECURITY_DA,COMP,CLOSE_PRICE
-----------,----,-----------
1998-11-02 00:00:00,HAPU,15
1998-11-04 00:00:00,HAPU,15.5
1998-11-05 00:00:00,HAPU,15.5
1998-11-06 00:00:00,HAPU,15.5
1998-11-09 00:00:00,HAPU,15
1998-11-10 00:00:00,HAPU,15
1998-11-11 00:00:00,HAPU,15
1998-11-12 00:00:00,HAPU,15.25
1998-11-13 00:00:00,HAPU,15
1998-11-16 00:00:00,HAPU,15.5
1998-11-17 00:00:00,HAPU,15
1998-11-18 00:00:00,HAPU,15.25
1998-11-19 00:00:00,HAPU,15
1998-11-20 00:00:00,HAPU,15
1998-11-23 00:00:00,HAPU,14.75
1998-11-24 00:00:00,HAPU,14.75
1998-11-25 00:00:00,HAPU,16
1998-11-26 00:00:00,HAPU,16
1998-11-27 00:00:00,HAPU,16
1998-11-30 00:00:00,HAPU,16.5
1998-12-01 00:00:00,HAPU,17
SECURITY_DA,COMP,CLOSE_PRICE
-----------,----,-----------
1998-12-02 00:00:00,HAPU,16.25
1998-12-04 00:00:00,HAPU,15.5
1998-12-07 00:00:00,HAPU,15.25
1998-12-08 00:00:00,HAPU,15
1998-12-09 00:00:00,HAPU,15.5
1998-12-10 00:00:00,HAPU,15.75
1998-12-11 00:00:00,HAPU,16.5
1998-12-14 00:00:00,HAPU,16.75
1998-12-15 00:00:00,HAPU,16.75
1998-12-16 00:00:00,HAPU,16.5
1998-12-17 00:00:00,HAPU,15.75
1998-12-18 00:00:00,HAPU,15.25
1998-12-21 00:00:00,HAPU,15
1998-12-22 00:00:00,HAPU,15
1998-12-23 00:00:00,HAPU,15
1998-12-24 00:00:00,HAPU,15.5
1998-12-28 00:00:00,HAPU,16
1998-12-29 00:00:00,HAPU,15.75
1998-12-30 00:00:00,HAPU,15.5
1998-12-31 00:00:00,HAPU,15.5
1998-02-18 00:00:00,HARI,125.5
1998-02-24 00:00:00,HARI,125.5
1998-03-18 00:00:00,HARI,125
1998-10-29 00:00:00,HARI,125
1998-01-05 00:00:00,HAYC,55.25
1998-01-06 00:00:00,HAYC,55.25
1998-01-07 00:00:00,HAYC,55
1998-01-09 00:00:00,HAYC,53
1998-01-13 00:00:00,HAYC,53
1998-01-16 00:00:00,HAYC,53
1998-01-19 00:00:00,HAYC,52.5
1998-01-20 00:00:00,HAYC,53
1998-01-21 00:00:00,HAYC,52
1998-01-23 00:00:00,HAYC,50.25
1998-01-27 00:00:00,HAYC,50
1998-01-28 00:00:00,HAYC,51
1998-02-03 00:00:00,HAYC,51
1998-02-06 00:00:00,HAYC,51
1998-02-09 00:00:00,HAYC,52
1998-02-11 00:00:00,HAYC,52
1998-02-12 00:00:00,HAYC,53
1998-02-13 00:00:00,HAYC,53
1998-02-17 00:00:00,HAYC,54
1998-02-18 00:00:00,HAYC,52
1998-02-19 00:00:00,HAYC,52
1998-02-20 00:00:00,HAYC,52
1998-02-23 00:00:00,HAYC,52
1998-02-24 00:00:00,HAYC,52
1998-02-25 00:00:00,HAYC,52
1998-02-26 00:00:00,HAYC,53
1998-02-27 00:00:00,HAYC,52
1998-03-03 00:00:00,HAYC,50
1998-03-04 00:00:00,HAYC,49
1998-03-05 00:00:00,HAYC,49.25
1998-03-09 00:00:00,HAYC,49
1998-03-10 00:00:00,HAYC,49
1998-03-13 00:00:00,HAYC,49
1998-03-16 00:00:00,HAYC,48
1998-03-17 00:00:00,HAYC,47
1998-03-18 00:00:00,HAYC,48
1998-03-20 00:00:00,HAYC,48
1998-03-23 00:00:00,HAYC,48
1998-03-25 00:00:00,HAYC,48
1998-03-30 00:00:00,HAYC,46.75
1998-03-31 00:00:00,HAYC,47.5
1998-04-01 00:00:00,HAYC,47.5
1998-04-02 00:00:00,HAYC,47.5
1998-04-03 00:00:00,HAYC,47.5
1998-04-06 00:00:00,HAYC,47.5
1998-04-08 00:00:00,HAYC,47
1998-04-09 00:00:00,HAYC,47.5
1998-04-16 00:00:00,HAYC,48
1998-04-20 00:00:00,HAYC,48
1998-04-21 00:00:00,HAYC,48
1998-04-22 00:00:00,HAYC,50
1998-04-23 00:00:00,HAYC,51
1998-04-24 00:00:00,HAYC,51
1998-04-29 00:00:00,HAYC,48
1998-04-30 00:00:00,HAYC,47
1998-05-04 00:00:00,HAYC,48
1998-05-05 00:00:00,HAYC,47
1998-05-06 00:00:00,HAYC,47.25
1998-05-07 00:00:00,HAYC,47.5
1998-05-08 00:00:00,HAYC,48
1998-05-13 00:00:00,HAYC,48
1998-05-14 00:00:00,HAYC,48
1998-05-15 00:00:00,HAYC,47
1998-05-18 00:00:00,HAYC,47
1998-05-20 00:00:00,HAYC,46
1998-05-21 00:00:00,HAYC,45.5
1998-05-22 00:00:00,HAYC,46
1998-05-27 00:00:00,HAYC,47.25
1998-05-28 00:00:00,HAYC,47
1998-06-01 00:00:00,HAYC,43.25
1998-06-05 00:00:00,HAYC,44
1998-06-10 00:00:00,HAYC,42.5
1998-06-12 00:00:00,HAYC,42
1998-06-15 00:00:00,HAYC,42
1998-06-18 00:00:00,HAYC,42
1998-06-19 00:00:00,HAYC,42
1998-06-22 00:00:00,HAYC,41
1998-06-24 00:00:00,HAYC,41
1998-06-25 00:00:00,HAYC,41
1998-06-26 00:00:00,HAYC,42
1998-06-29 00:00:00,HAYC,43
1998-06-30 00:00:00,HAYC,42
1998-07-01 00:00:00,HAYC,44
1998-07-02 00:00:00,HAYC,45
1998-07-03 00:00:00,HAYC,46
1998-07-06 00:00:00,HAYC,46
1998-07-10 00:00:00,HAYC,46
1998-07-14 00:00:00,HAYC,46
1998-07-16 00:00:00,HAYC,45
1998-07-17 00:00:00,HAYC,45
1998-07-20 00:00:00,HAYC,45
1998-07-21 00:00:00,HAYC,45
1998-07-22 00:00:00,HAYC,45
1998-07-23 00:00:00,HAYC,42.5
1998-07-27 00:00:00,HAYC,42.75
1998-07-30 00:00:00,HAYC,45
1998-07-31 00:00:00,HAYC,45
1998-08-03 00:00:00,HAYC,45
1998-08-05 00:00:00,HAYC,45
1998-08-10 00:00:00,HAYC,44.25
1998-08-11 00:00:00,HAYC,44
1998-08-12 00:00:00,HAYC,44
1998-08-13 00:00:00,HAYC,45
1998-08-14 00:00:00,HAYC,45
1998-08-24 00:00:00,HAYC,44
1998-08-26 00:00:00,HAYC,39.5
1998-08-27 00:00:00,HAYC,38
1998-08-28 00:00:00,HAYC,37.75
1998-08-31 00:00:00,HAYC,35
1998-09-01 00:00:00,HAYC,33
1998-09-02 00:00:00,HAYC,33.75
1998-09-03 00:00:00,HAYC,33
1998-09-08 00:00:00,HAYC,33.75
1998-09-11 00:00:00,HAYC,34
1998-09-14 00:00:00,HAYC,36
1998-09-16 00:00:00,HAYC,37.5
1998-09-17 00:00:00,HAYC,37
1998-09-18 00:00:00,HAYC,35
1998-09-21 00:00:00,HAYC,37
1998-09-23 00:00:00,HAYC,36.5
1998-09-24 00:00:00,HAYC,37
1998-09-25 00:00:00,HAYC,37
1998-09-29 00:00:00,HAYC,32
1998-09-30 00:00:00,HAYC,30
1998-10-01 00:00:00,HAYC,30
1998-10-02 00:00:00,HAYC,30
1998-10-07 00:00:00,HAYC,30
1998-10-08 00:00:00,HAYC,30.5
1998-10-09 00:00:00,HAYC,31
1998-10-13 00:00:00,HAYC,30.5
1998-10-14 00:00:00,HAYC,30.25
1998-10-15 00:00:00,HAYC,30.5
1998-10-16 00:00:00,HAYC,30.5
1998-10-20 00:00:00,HAYC,31
1998-10-21 00:00:00,HAYC,31
1998-10-23 00:00:00,HAYC,32
1998-10-26 00:00:00,HAYC,31
1998-10-27 00:00:00,HAYC,32
1998-10-29 00:00:00,HAYC,31.25
1998-10-30 00:00:00,HAYC,31
1998-11-04 00:00:00,HAYC,32
1998-11-09 00:00:00,HAYC,32
1998-11-10 00:00:00,HAYC,32
1998-11-11 00:00:00,HAYC,32
1998-11-12 00:00:00,HAYC,32
1998-11-13 00:00:00,HAYC,31
1998-11-16 00:00:00,HAYC,31
1998-11-17 00:00:00,HAYC,31
1998-11-18 00:00:00,HAYC,31
1998-11-23 00:00:00,HAYC,32
1998-11-24 00:00:00,HAYC,31
1998-11-25 00:00:00,HAYC,32
1998-11-26 00:00:00,HAYC,32
1998-11-27 00:00:00,HAYC,31
1998-11-30 00:00:00,HAYC,33.5
1998-12-01 00:00:00,HAYC,33.5
1998-12-02 00:00:00,HAYC,33
1998-12-07 00:00:00,HAYC,33.5
1998-12-08 00:00:00,HAYC,32.5
1998-12-15 00:00:00,HAYC,31.25
1998-12-17 00:00:00,HAYC,31
1998-12-22 00:00:00,HAYC,30
1998-12-29 00:00:00,HAYC,33
1998-12-30 00:00:00,HAYC,34.75
1998-12-31 00:00:00,HAYC,33
1998-01-02 00:00:00,HAYL,215.5
1998-01-05 00:00:00,HAYL,220
1998-01-06 00:00:00,HAYL,224
1998-01-08 00:00:00,HAYL,215
1998-01-09 00:00:00,HAYL,216
1998-01-13 00:00:00,HAYL,215.5
1998-01-15 00:00:00,HAYL,215
1998-01-16 00:00:00,HAYL,208
1998-01-19 00:00:00,HAYL,205.5
1998-01-20 00:00:00,HAYL,215
1998-01-21 00:00:00,HAYL,215
1998-01-22 00:00:00,HAYL,215
1998-01-23 00:00:00,HAYL,215
1998-01-27 00:00:00,HAYL,210
1998-01-28 00:00:00,HAYL,210
1998-01-29 00:00:00,HAYL,215
1998-01-30 00:00:00,HAYL,210
1998-02-11 00:00:00,HAYL,210
1998-02-13 00:00:00,HAYL,215
1998-02-16 00:00:00,HAYL,220
1998-02-18 00:00:00,HAYL,225
1998-02-19 00:00:00,HAYL,225
1998-02-20 00:00:00,HAYL,225
1998-02-23 00:00:00,HAYL,225
1998-02-25 00:00:00,HAYL,220
1998-02-26 00:00:00,HAYL,223
1998-02-27 00:00:00,HAYL,220
1998-03-03 00:00:00,HAYL,215.25
1998-03-04 00:00:00,HAYL,212.5
1998-03-10 00:00:00,HAYL,216
1998-03-11 00:00:00,HAYL,217
1998-03-13 00:00:00,HAYL,216
1998-03-16 00:00:00,HAYL,216
1998-03-17 00:00:00,HAYL,212
1998-03-19 00:00:00,HAYL,214.75
1998-03-20 00:00:00,HAYL,214.75
1998-03-23 00:00:00,HAYL,212.5
1998-03-24 00:00:00,HAYL,214.75
1998-03-25 00:00:00,HAYL,214
1998-03-26 00:00:00,HAYL,214
1998-03-31 00:00:00,HAYL,215
1998-04-02 00:00:00,HAYL,215
1998-04-03 00:00:00,HAYL,220
1998-04-06 00:00:00,HAYL,220
1998-04-07 00:00:00,HAYL,220
1998-04-08 00:00:00,HAYL,220
1998-04-09 00:00:00,HAYL,223
1998-04-15 00:00:00,HAYL,220
1998-04-16 00:00:00,HAYL,220
1998-04-17 00:00:00,HAYL,220
1998-04-20 00:00:00,HAYL,227
1998-04-23 00:00:00,HAYL,227
1998-04-24 00:00:00,HAYL,235
1998-04-27 00:00:00,HAYL,237
1998-04-28 00:00:00,HAYL,235
1998-04-29 00:00:00,HAYL,231
1998-05-04 00:00:00,HAYL,227
1998-05-05 00:00:00,HAYL,235
1998-05-06 00:00:00,HAYL,240
1998-05-07 00:00:00,HAYL,240
1998-05-08 00:00:00,HAYL,240
1998-05-13 00:00:00,HAYL,240
1998-05-14 00:00:00,HAYL,230
1998-05-15 00:00:00,HAYL,230
1998-05-19 00:00:00,HAYL,215
1998-05-20 00:00:00,HAYL,199.75
1998-05-21 00:00:00,HAYL,202
1998-05-22 00:00:00,HAYL,205
1998-05-25 00:00:00,HAYL,210
1998-05-26 00:00:00,HAYL,215
1998-05-27 00:00:00,HAYL,215
1998-05-28 00:00:00,HAYL,205
1998-05-29 00:00:00,HAYL,200
1998-06-01 00:00:00,HAYL,198
1998-06-02 00:00:00,HAYL,200
1998-06-03 00:00:00,HAYL,200
1998-06-04 00:00:00,HAYL,205
1998-06-05 00:00:00,HAYL,193
1998-06-10 00:00:00,HAYL,195.25
1998-06-11 00:00:00,HAYL,194
1998-06-12 00:00:00,HAYL,190
1998-06-15 00:00:00,HAYL,187.5
1998-06-16 00:00:00,HAYL,190
1998-06-17 00:00:00,HAYL,188
1998-06-18 00:00:00,HAYL,188
1998-06-19 00:00:00,HAYL,180
1998-06-22 00:00:00,HAYL,180
1998-06-23 00:00:00,HAYL,180
1998-06-24 00:00:00,HAYL,170
1998-06-25 00:00:00,HAYL,161
1998-06-26 00:00:00,HAYL,170
1998-06-29 00:00:00,HAYL,180
1998-06-30 00:00:00,HAYL,172.5
1998-07-01 00:00:00,HAYL,169
1998-07-02 00:00:00,HAYL,167
1998-07-03 00:00:00,HAYL,170
1998-07-06 00:00:00,HAYL,170
1998-07-08 00:00:00,HAYL,175
1998-07-10 00:00:00,HAYL,180
1998-07-13 00:00:00,HAYL,181
1998-07-14 00:00:00,HAYL,180
1998-07-15 00:00:00,HAYL,180
1998-07-16 00:00:00,HAYL,180
1998-07-20 00:00:00,HAYL,180
1998-07-21 00:00:00,HAYL,178
1998-07-22 00:00:00,HAYL,175
1998-07-27 00:00:00,HAYL,180
1998-07-28 00:00:00,HAYL,180
1998-07-30 00:00:00,HAYL,184.5
1998-07-31 00:00:00,HAYL,182
1998-08-03 00:00:00,HAYL,180
1998-08-04 00:00:00,HAYL,180
1998-08-05 00:00:00,HAYL,180
1998-08-06 00:00:00,HAYL,180
1998-08-10 00:00:00,HAYL,180
1998-08-11 00:00:00,HAYL,180
1998-08-12 00:00:00,HAYL,180
1998-08-13 00:00:00,HAYL,175
1998-08-14 00:00:00,HAYL,165
1998-08-17 00:00:00,HAYL,165.25
1998-08-18 00:00:00,HAYL,165.75
1998-08-20 00:00:00,HAYL,166
1998-08-21 00:00:00,HAYL,165
1998-08-24 00:00:00,HAYL,154
1998-08-25 00:00:00,HAYL,140
1998-08-26 00:00:00,HAYL,155
1998-08-27 00:00:00,HAYL,156
1998-08-28 00:00:00,HAYL,145
1998-08-31 00:00:00,HAYL,145
1998-09-01 00:00:00,HAYL,140.25
1998-09-02 00:00:00,HAYL,140
1998-09-03 00:00:00,HAYL,135.25
1998-09-04 00:00:00,HAYL,140
1998-09-07 00:00:00,HAYL,140
1998-09-10 00:00:00,HAYL,143.25
1998-09-11 00:00:00,HAYL,143.5
1998-09-14 00:00:00,HAYL,143.25
1998-09-15 00:00:00,HAYL,147
1998-09-16 00:00:00,HAYL,143
1998-09-17 00:00:00,HAYL,147
1998-09-18 00:00:00,HAYL,143
1998-09-21 00:00:00,HAYL,140.25
1998-09-23 00:00:00,HAYL,144.25
1998-09-25 00:00:00,HAYL,151
1998-09-28 00:00:00,HAYL,152
1998-09-29 00:00:00,HAYL,150
1998-09-30 00:00:00,HAYL,145
1998-10-01 00:00:00,HAYL,145.25
1998-10-02 00:00:00,HAYL,149.5
1998-10-06 00:00:00,HAYL,145
1998-10-07 00:00:00,HAYL,145
1998-10-08 00:00:00,HAYL,145
1998-10-09 00:00:00,HAYL,143
1998-10-12 00:00:00,HAYL,143
1998-10-13 00:00:00,HAYL,145
1998-10-14 00:00:00,HAYL,140
1998-10-15 00:00:00,HAYL,140
1998-10-16 00:00:00,HAYL,140
1998-10-19 00:00:00,HAYL,140
1998-10-20 00:00:00,HAYL,140
1998-10-21 00:00:00,HAYL,140
1998-10-23 00:00:00,HAYL,139.5
1998-10-26 00:00:00,HAYL,139.25
1998-10-27 00:00:00,HAYL,138
1998-10-28 00:00:00,HAYL,121
1998-10-29 00:00:00,HAYL,120
1998-10-30 00:00:00,HAYL,120
1998-11-02 00:00:00,HAYL,120
1998-11-04 00:00:00,HAYL,121
1998-11-06 00:00:00,HAYL,122
1998-11-09 00:00:00,HAYL,122
1998-11-10 00:00:00,HAYL,125
1998-11-12 00:00:00,HAYL,125
1998-11-13 00:00:00,HAYL,125
1998-11-16 00:00:00,HAYL,128
1998-11-17 00:00:00,HAYL,125.5
1998-11-18 00:00:00,HAYL,130
1998-11-19 00:00:00,HAYL,126.5
1998-11-20 00:00:00,HAYL,125
1998-11-23 00:00:00,HAYL,126.5
1998-11-24 00:00:00,HAYL,127.5
1998-11-25 00:00:00,HAYL,135
1998-11-26 00:00:00,HAYL,128
1998-11-27 00:00:00,HAYL,128
1998-11-30 00:00:00,HAYL,128
1998-12-01 00:00:00,HAYL,129
1998-12-02 00:00:00,HAYL,129
1998-12-04 00:00:00,HAYL,129
1998-12-07 00:00:00,HAYL,128
1998-12-08 00:00:00,HAYL,128
1998-12-09 00:00:00,HAYL,128.5
1998-12-10 00:00:00,HAYL,129
1998-12-11 00:00:00,HAYL,128.5
1998-12-15 00:00:00,HAYL,129
1998-12-16 00:00:00,HAYL,129
1998-12-17 00:00:00,HAYL,130
1998-12-18 00:00:00,HAYL,130
1998-12-21 00:00:00,HAYL,134.75
1998-12-22 00:00:00,HAYL,135
1998-12-23 00:00:00,HAYL,134.5
1998-12-24 00:00:00,HAYL,134.5
1998-12-28 00:00:00,HAYL,134
1998-12-29 00:00:00,HAYL,134
1998-12-30 00:00:00,HAYL,140
1998-12-31 00:00:00,HAYL,148
1998-01-07 00:00:00,HDEV,8.25
1998-01-15 00:00:00,HDEV,9
1998-01-21 00:00:00,HDEV,8
1998-01-26 00:00:00,HDEV,7.5
1998-01-27 00:00:00,HDEV,7.5
SECURITY_DA,COMP,CLOSE_PRICE
-----------,----,-----------
1998-03-06 00:00:00,HDEV,7.5
1998-03-10 00:00:00,HDEV,7.5
1998-03-11 00:00:00,HDEV,7
1998-03-13 00:00:00,HDEV,7
1998-03-19 00:00:00,HDEV,7
1998-03-20 00:00:00,HDEV,7
1998-03-23 00:00:00,HDEV,5.5
1998-04-03 00:00:00,HDEV,5.5
1998-04-08 00:00:00,HDEV,6
1998-04-15 00:00:00,HDEV,6
1998-04-16 00:00:00,HDEV,8
1998-05-27 00:00:00,HDEV,7
1998-06-10 00:00:00,HDEV,7
1998-06-17 00:00:00,HDEV,7
1998-06-18 00:00:00,HDEV,7
1998-07-02 00:00:00,HDEV,5
1998-01-02 00:00:00,HEXP,41.5
1998-01-06 00:00:00,HEXP,41.75
1998-01-07 00:00:00,HEXP,41.75
1998-01-08 00:00:00,HEXP,41.75
1998-01-09 00:00:00,HEXP,41.5
SECURITY_DA,COMP,CLOSE_PRICE
-----------,----,-----------
1998-01-13 00:00:00,HEXP,41.5
1998-01-15 00:00:00,HEXP,41
1998-01-16 00:00:00,HEXP,40
1998-01-20 00:00:00,HEXP,40.25
1998-01-22 00:00:00,HEXP,40.5
1998-01-23 00:00:00,HEXP,40
1998-01-26 00:00:00,HEXP,40
1998-01-27 00:00:00,HEXP,40
1998-02-02 00:00:00,HEXP,40
1998-02-03 00:00:00,HEXP,40
1998-02-06 00:00:00,HEXP,41
1998-02-11 00:00:00,HEXP,42.25
1998-02-13 00:00:00,HEXP,42.25
1998-02-17 00:00:00,HEXP,42.25
1998-02-18 00:00:00,HEXP,42.25
1998-02-20 00:00:00,HEXP,40
1998-02-23 00:00:00,HEXP,40
1998-02-24 00:00:00,HEXP,38
1998-02-25 00:00:00,HEXP,38
1998-02-27 00:00:00,HEXP,38
1998-03-02 00:00:00,HEXP,38
SECURITY_DA,COMP,CLOSE_PRICE
-----------,----,-----------
1998-03-03 00:00:00,HEXP,38
1998-03-06 00:00:00,HEXP,38.5
1998-03-09 00:00:00,HEXP,38.5
1998-03-13 00:00:00,HEXP,39
1998-03-16 00:00:00,HEXP,39
1998-03-17 00:00:00,HEXP,39
1998-03-18 00:00:00,HEXP,39.25
1998-03-20 00:00:00,HEXP,39.25
1998-03-24 00:00:00,HEXP,39.25
1998-03-25 00:00:00,HEXP,39.25
1998-03-27 00:00:00,HEXP,39.25
1998-04-02 00:00:00,HEXP,39.25
1998-04-03 00:00:00,HEXP,35
1998-04-06 00:00:00,HEXP,35.25
1998-04-15 00:00:00,HEXP,36
1998-04-16 00:00:00,HEXP,35.75
1998-04-22 00:00:00,HEXP,38.5
1998-04-23 00:00:00,HEXP,38
1998-04-24 00:00:00,HEXP,38
1998-04-27 00:00:00,HEXP,38
1998-04-29 00:00:00,HEXP,38
SECURITY_DA,COMP,CLOSE_PRICE
-----------,----,-----------
1998-05-04 00:00:00,HEXP,38
1998-05-05 00:00:00,HEXP,40
1998-05-06 00:00:00,HEXP,40
1998-05-08 00:00:00,HEXP,42
1998-05-13 00:00:00,HEXP,44
1998-05-14 00:00:00,HEXP,44
1998-05-15 00:00:00,HEXP,43
1998-05-19 00:00:00,HEXP,44
1998-05-20 00:00:00,HEXP,44
1998-05-21 00:00:00,HEXP,47
1998-05-26 00:00:00,HEXP,47
1998-05-27 00:00:00,HEXP,45.25
1998-05-29 00:00:00,HEXP,46
1998-06-01 00:00:00,HEXP,50.5
1998-06-02 00:00:00,HEXP,46
1998-06-03 00:00:00,HEXP,45.25
1998-06-11 00:00:00,HEXP,41.25
1998-06-12 00:00:00,HEXP,40
1998-06-15 00:00:00,HEXP,40
1998-06-16 00:00:00,HEXP,40
1998-06-17 00:00:00,HEXP,40.5
SECURITY_DA,COMP,CLOSE_PRICE
-----------,----,-----------
1998-06-18 00:00:00,HEXP,42
1998-06-19 00:00:00,HEXP,42
1998-06-25 00:00:00,HEXP,39
1998-07-01 00:00:00,HEXP,39.25
1998-07-02 00:00:00,HEXP,40
1998-07-03 00:00:00,HEXP,41
1998-07-06 00:00:00,HEXP,40.25
1998-07-15 00:00:00,HEXP,42
1998-07-17 00:00:00,HEXP,42
1998-07-20 00:00:00,HEXP,44
1998-07-23 00:00:00,HEXP,42.5
1998-07-30 00:00:00,HEXP,43.5
1998-08-03 00:00:00,HEXP,46
1998-08-04 00:00:00,HEXP,46
1998-08-10 00:00:00,HEXP,45.75
1998-08-17 00:00:00,HEXP,45
1998-08-18 00:00:00,HEXP,41.25
1998-08-20 00:00:00,HEXP,41
1998-08-21 00:00:00,HEXP,40
1998-08-24 00:00:00,HEXP,40
1998-08-26 00:00:00,HEXP,34
SECURITY_DA,COMP,CLOSE_PRICE
-----------,----,-----------
1998-08-27 00:00:00,HEXP,30
1998-08-28 00:00:00,HEXP,33
1998-08-31 00:00:00,HEXP,29.5
1998-09-01 00:00:00,HEXP,30
1998-09-02 00:00:00,HEXP,30
1998-09-17 00:00:00,HEXP,33
1998-09-24 00:00:00,HEXP,33
1998-09-29 00:00:00,HEXP,33
1998-09-30 00:00:00,HEXP,33
1998-10-06 00:00:00,HEXP,33
1998-10-07 00:00:00,HEXP,30.25
1998-10-12 00:00:00,HEXP,30
1998-10-14 00:00:00,HEXP,30.25
1998-10-16 00:00:00,HEXP,30.25
1998-10-20 00:00:00,HEXP,31
1998-10-28 00:00:00,HEXP,31
1998-10-29 00:00:00,HEXP,30.5
1998-10-30 00:00:00,HEXP,30.5
1998-11-04 00:00:00,HEXP,31
1998-11-10 00:00:00,HEXP,31
1998-11-13 00:00:00,HEXP,31
SECURITY_DA,COMP,CLOSE_PRICE
-----------,----,-----------
1998-11-16 00:00:00,HEXP,32.5
1998-11-18 00:00:00,HEXP,31.25
1998-11-19 00:00:00,HEXP,31.25
1998-11-25 00:00:00,HEXP,36
1998-11-27 00:00:00,HEXP,36
1998-11-30 00:00:00,HEXP,36
1998-12-04 00:00:00,HEXP,35
1998-12-07 00:00:00,HEXP,36.5
1998-12-08 00:00:00,HEXP,35
1998-12-10 00:00:00,HEXP,34
1998-12-11 00:00:00,HEXP,34
1998-12-15 00:00:00,HEXP,33.25
1998-12-16 00:00:00,HEXP,35
1998-12-28 00:00:00,HEXP,40
1998-12-29 00:00:00,HEXP,40
1998-12-30 00:00:00,HEXP,38
1998-12-31 00:00:00,HEXP,35.25
1998-01-02 00:00:00,HINN,30
1998-01-22 00:00:00,HINN,26
1998-01-23 00:00:00,HINN,28.25
1998-01-30 00:00:00,HINN,28.25
SECURITY_DA,COMP,CLOSE_PRICE
-----------,----,-----------
1998-02-03 00:00:00,HINN,28
1998-02-12 00:00:00,HINN,29
1998-02-18 00:00:00,HINN,29
1998-02-19 00:00:00,HINN,29
1998-03-02 00:00:00,HINN,30.25
1998-03-05 00:00:00,HINN,33
1998-03-10 00:00:00,HINN,34
1998-03-18 00:00:00,HINN,34
1998-03-27 00:00:00,HINN,30
1998-04-03 00:00:00,HINN,30
1998-04-22 00:00:00,HINN,35
1998-04-29 00:00:00,HINN,35
1998-05-07 00:00:00,HINN,38.5
1998-05-14 00:00:00,HINN,42
1998-05-15 00:00:00,HINN,46
1998-05-28 00:00:00,HINN,50.25
1998-06-10 00:00:00,HINN,45
1998-06-17 00:00:00,HINN,42
1998-06-18 00:00:00,HINN,42
1998-06-25 00:00:00,HINN,30.5
1998-08-04 00:00:00,HINN,30
SECURITY_DA,COMP,CLOSE_PRICE
-----------,----,-----------
1998-08-21 00:00:00,HINN,30
1998-08-26 00:00:00,HINN,30
1998-11-19 00:00:00,HINN,35
1998-12-01 00:00:00,HINN,50
1998-12-04 00:00:00,HINN,44
1998-12-07 00:00:00,HINN,43
1998-12-08 00:00:00,HINN,43
1998-12-09 00:00:00,HINN,43
1998-12-18 00:00:00,HINN,43
1998-12-23 00:00:00,HINN,50
1998-12-28 00:00:00,HINN,55
1998-01-05 00:00:00,HLOG,30
1998-01-23 00:00:00,HLOG,25.5
1998-01-27 00:00:00,HLOG,28
1998-01-29 00:00:00,HLOG,28
1998-01-30 00:00:00,HLOG,28
1998-02-02 00:00:00,HLOG,28
1998-02-11 00:00:00,HLOG,25
1998-02-17 00:00:00,HLOG,25
1998-02-19 00:00:00,HLOG,28
1998-03-02 00:00:00,HLOG,28
SECURITY_DA,COMP,CLOSE_PRICE
-----------,----,-----------
1998-03-03 00:00:00,HLOG,29
1998-03-05 00:00:00,HLOG,29
1998-03-09 00:00:00,HLOG,29
1998-03-10 00:00:00,HLOG,29
1998-03-24 00:00:00,HLOG,29
1998-04-29 00:00:00,HLOG,29
1998-05-19 00:00:00,HLOG,29
1998-06-03 00:00:00,HLOG,24
1998-06-11 00:00:00,HLOG,24
1998-06-16 00:00:00,HLOG,23
1998-07-23 00:00:00,HLOG,23
1998-07-24 00:00:00,HLOG,25
1998-08-11 00:00:00,HLOG,26
1998-09-02 00:00:00,HLOG,15
1998-09-03 00:00:00,HLOG,15
1998-10-12 00:00:00,HLOG,15.5
1998-10-19 00:00:00,HLOG,16.5
1998-10-28 00:00:00,HLOG,17
1998-11-23 00:00:00,HLOG,21
1998-12-08 00:00:00,HLOG,21
1998-12-14 00:00:00,HLOG,25
SECURITY_DA,COMP,CLOSE_PRICE
-----------,----,-----------
1998-12-21 00:00:00,HLOG,25
1998-12-23 00:00:00,HLOG,25
1998-12-24 00:00:00,HLOG,25
1998-12-30 00:00:00,HLOG,25
1998-12-31 00:00:00,HLOG,25
1998-01-05 00:00:00,HNB,230
1998-01-06 00:00:00,HNB,229
1998-01-07 00:00:00,HNB,229
1998-01-08 00:00:00,HNB,229
1998-01-09 00:00:00,HNB,280
1998-01-13 00:00:00,HNB,280
1998-01-15 00:00:00,HNB,280
1998-01-16 00:00:00,HNB,275
1998-01-19 00:00:00,HNB,275
1998-01-20 00:00:00,HNB,273.5
1998-01-21 00:00:00,HNB,270
1998-01-22 00:00:00,HNB,265.5
1998-01-23 00:00:00,HNB,260
1998-01-26 00:00:00,HNB,260
1998-01-27 00:00:00,HNB,252.25
1998-01-28 00:00:00,HNB,259.75
1998-01-29 00:00:00,HNB,260
1998-01-30 00:00:00,HNB,260
1998-02-02 00:00:00,HNB,265
1998-02-03 00:00:00,HNB,265
1998-02-06 00:00:00,HNB,265
1998-02-09 00:00:00,HNB,265
1998-02-11 00:00:00,HNB,266
1998-02-12 00:00:00,HNB,270
1998-02-13 00:00:00,HNB,270
1998-02-16 00:00:00,HNB,270
1998-02-17 00:00:00,HNB,270
1998-02-18 00:00:00,HNB,280
1998-02-19 00:00:00,HNB,280
1998-02-20 00:00:00,HNB,280
1998-02-23 00:00:00,HNB,280
1998-02-24 00:00:00,HNB,280
1998-02-25 00:00:00,HNB,280
1998-02-26 00:00:00,HNB,280
1998-02-27 00:00:00,HNB,280
1998-03-02 00:00:00,HNB,280
1998-03-03 00:00:00,HNB,279.75
1998-03-04 00:00:00,HNB,280
1998-03-05 00:00:00,HNB,279.75
1998-03-06 00:00:00,HNB,280
1998-03-09 00:00:00,HNB,280
1998-03-10 00:00:00,HNB,280
1998-03-11 00:00:00,HNB,280
1998-03-13 00:00:00,HNB,185
1998-03-16 00:00:00,HNB,185
1998-03-17 00:00:00,HNB,183
1998-03-18 00:00:00,HNB,176
1998-03-19 00:00:00,HNB,172.25
1998-03-20 00:00:00,HNB,175
1998-03-24 00:00:00,HNB,181.5
1998-03-26 00:00:00,HNB,183
1998-03-27 00:00:00,HNB,183
1998-03-30 00:00:00,HNB,183
1998-03-31 00:00:00,HNB,181.5
1998-04-01 00:00:00,HNB,180
1998-04-02 00:00:00,HNB,175.25
1998-04-03 00:00:00,HNB,180
1998-04-06 00:00:00,HNB,180
1998-04-07 00:00:00,HNB,175
1998-04-08 00:00:00,HNB,175
1998-04-09 00:00:00,HNB,176
1998-04-15 00:00:00,HNB,177
1998-04-16 00:00:00,HNB,180
1998-04-17 00:00:00,HNB,178
1998-04-20 00:00:00,HNB,180
1998-04-21 00:00:00,HNB,182
1998-04-23 00:00:00,HNB,188
1998-04-24 00:00:00,HNB,196
1998-04-27 00:00:00,HNB,190.5
1998-04-28 00:00:00,HNB,195
1998-04-29 00:00:00,HNB,195
1998-04-30 00:00:00,HNB,196
1998-05-04 00:00:00,HNB,195.5
1998-05-05 00:00:00,HNB,196
1998-05-06 00:00:00,HNB,195.5
1998-05-07 00:00:00,HNB,195
1998-05-08 00:00:00,HNB,192.5
1998-05-13 00:00:00,HNB,195
1998-05-14 00:00:00,HNB,189
1998-05-15 00:00:00,HNB,190
1998-05-18 00:00:00,HNB,190
1998-05-19 00:00:00,HNB,190
1998-05-20 00:00:00,HNB,171
1998-05-21 00:00:00,HNB,180
1998-05-22 00:00:00,HNB,182
1998-05-25 00:00:00,HNB,182
1998-05-26 00:00:00,HNB,182
1998-05-27 00:00:00,HNB,183
1998-05-28 00:00:00,HNB,175.25
1998-05-29 00:00:00,HNB,175.25
1998-06-01 00:00:00,HNB,170
1998-06-02 00:00:00,HNB,175
1998-06-04 00:00:00,HNB,175
1998-06-05 00:00:00,HNB,174
1998-06-08 00:00:00,HNB,170
1998-06-10 00:00:00,HNB,175
1998-06-11 00:00:00,HNB,173
1998-06-12 00:00:00,HNB,170
1998-06-15 00:00:00,HNB,155
1998-06-17 00:00:00,HNB,160.5
1998-06-18 00:00:00,HNB,164
1998-06-19 00:00:00,HNB,164
1998-06-22 00:00:00,HNB,161
1998-06-23 00:00:00,HNB,160
1998-06-24 00:00:00,HNB,160
1998-06-25 00:00:00,HNB,155
1998-06-26 00:00:00,HNB,155.25
1998-06-30 00:00:00,HNB,161
1998-07-01 00:00:00,HNB,155
1998-07-02 00:00:00,HNB,161
1998-07-06 00:00:00,HNB,156
1998-07-08 00:00:00,HNB,160
1998-07-10 00:00:00,HNB,156
1998-07-13 00:00:00,HNB,156.25
1998-07-14 00:00:00,HNB,157
1998-07-15 00:00:00,HNB,156.5
1998-07-16 00:00:00,HNB,156.5
1998-07-17 00:00:00,HNB,156.5
1998-07-20 00:00:00,HNB,156.25
1998-07-21 00:00:00,HNB,156
1998-07-22 00:00:00,HNB,156
1998-07-23 00:00:00,HNB,156
1998-07-24 00:00:00,HNB,156
1998-07-27 00:00:00,HNB,156
1998-07-28 00:00:00,HNB,155
1998-07-29 00:00:00,HNB,155
1998-07-30 00:00:00,HNB,155
1998-07-31 00:00:00,HNB,155
1998-08-03 00:00:00,HNB,150.25
1998-08-04 00:00:00,HNB,150.25
1998-08-05 00:00:00,HNB,151.25
1998-08-06 00:00:00,HNB,151.5
1998-08-10 00:00:00,HNB,151
1998-08-11 00:00:00,HNB,150.5
1998-08-12 00:00:00,HNB,150
1998-08-13 00:00:00,HNB,151.75
1998-08-14 00:00:00,HNB,150
1998-08-17 00:00:00,HNB,150
1998-08-18 00:00:00,HNB,150
1998-08-19 00:00:00,HNB,150
1998-08-20 00:00:00,HNB,146
1998-08-21 00:00:00,HNB,145
1998-08-24 00:00:00,HNB,140
1998-08-25 00:00:00,HNB,136.75
1998-08-26 00:00:00,HNB,140
1998-08-27 00:00:00,HNB,145
1998-08-28 00:00:00,HNB,144
1998-08-31 00:00:00,HNB,140
1998-09-01 00:00:00,HNB,136
1998-09-02 00:00:00,HNB,133.75
1998-09-04 00:00:00,HNB,125.25
1998-09-08 00:00:00,HNB,132
1998-09-09 00:00:00,HNB,135
1998-09-10 00:00:00,HNB,140
1998-09-11 00:00:00,HNB,162
1998-09-16 00:00:00,HNB,160
1998-09-17 00:00:00,HNB,160
1998-09-18 00:00:00,HNB,155
1998-09-21 00:00:00,HNB,154.75
1998-09-23 00:00:00,HNB,150
1998-09-24 00:00:00,HNB,150
1998-09-25 00:00:00,HNB,160
1998-09-28 00:00:00,HNB,159.75
1998-09-29 00:00:00,HNB,150
1998-09-30 00:00:00,HNB,147
1998-10-01 00:00:00,HNB,145
1998-10-02 00:00:00,HNB,140
1998-10-06 00:00:00,HNB,140
1998-10-07 00:00:00,HNB,140
1998-10-08 00:00:00,HNB,138
1998-10-09 00:00:00,HNB,138
1998-10-12 00:00:00,HNB,136.25
1998-10-13 00:00:00,HNB,137.5
1998-10-14 00:00:00,HNB,135
1998-10-15 00:00:00,HNB,135
1998-10-19 00:00:00,HNB,138
1998-10-22 00:00:00,HNB,135.5
1998-10-23 00:00:00,HNB,135
1998-10-26 00:00:00,HNB,135
1998-10-27 00:00:00,HNB,135
1998-10-28 00:00:00,HNB,134
1998-10-29 00:00:00,HNB,134
1998-11-04 00:00:00,HNB,135
1998-11-10 00:00:00,HNB,140
1998-11-11 00:00:00,HNB,135.5
1998-11-12 00:00:00,HNB,136
1998-11-13 00:00:00,HNB,142
1998-11-16 00:00:00,HNB,145
1998-11-17 00:00:00,HNB,149.5
1998-11-18 00:00:00,HNB,147
1998-11-19 00:00:00,HNB,142
1998-11-20 00:00:00,HNB,142
1998-11-23 00:00:00,HNB,145.5
1998-11-24 00:00:00,HNB,145
1998-11-25 00:00:00,HNB,149
1998-11-26 00:00:00,HNB,145
1998-11-27 00:00:00,HNB,147
1998-11-30 00:00:00,HNB,147
1998-12-01 00:00:00,HNB,145
1998-12-02 00:00:00,HNB,145.25
1998-12-07 00:00:00,HNB,145.5
1998-12-08 00:00:00,HNB,146
1998-12-09 00:00:00,HNB,142.25
1998-12-11 00:00:00,HNB,144
1998-12-14 00:00:00,HNB,144
1998-12-16 00:00:00,HNB,145
1998-12-17 00:00:00,HNB,142.25
1998-12-18 00:00:00,HNB,142.5
1998-12-21 00:00:00,HNB,141.5
1998-12-22 00:00:00,HNB,150
1998-12-24 00:00:00,HNB,157
1998-12-28 00:00:00,HNB,148.25
1998-12-29 00:00:00,HNB,168
1998-12-30 00:00:00,HNB,167.75
1998-12-31 00:00:00,HNB,174
1998-01-09 00:00:00,HOPL,25
1998-01-29 00:00:00,HOPL,21.5
1998-01-30 00:00:00,HOPL,21
1998-02-06 00:00:00,HOPL,21.5
1998-02-13 00:00:00,HOPL,21.5
1998-02-20 00:00:00,HOPL,23
1998-03-02 00:00:00,HOPL,24
1998-03-05 00:00:00,HOPL,24
1998-03-06 00:00:00,HOPL,24
1998-03-16 00:00:00,HOPL,22.25
1998-03-19 00:00:00,HOPL,22.25
SECURITY_DA,COMP,CLOSE_PRICE
-----------,----,-----------
1998-03-20 00:00:00,HOPL,22.5
1998-03-31 00:00:00,HOPL,22
1998-04-01 00:00:00,HOPL,22
1998-04-03 00:00:00,HOPL,23
1998-04-06 00:00:00,HOPL,23
1998-04-07 00:00:00,HOPL,23
1998-04-08 00:00:00,HOPL,23
1998-04-15 00:00:00,HOPL,23
1998-04-17 00:00:00,HOPL,25
1998-04-20 00:00:00,HOPL,26
1998-04-21 00:00:00,HOPL,26
1998-04-22 00:00:00,HOPL,29
1998-04-23 00:00:00,HOPL,27.5
1998-04-24 00:00:00,HOPL,27.25
1998-04-28 00:00:00,HOPL,23.75
1998-04-29 00:00:00,HOPL,28
1998-04-30 00:00:00,HOPL,28.5
1998-05-04 00:00:00,HOPL,31
1998-05-05 00:00:00,HOPL,32.5
1998-05-06 00:00:00,HOPL,32
1998-05-07 00:00:00,HOPL,31.5
SECURITY_DA,COMP,CLOSE_PRICE
-----------,----,-----------
1998-05-08 00:00:00,HOPL,31
1998-05-13 00:00:00,HOPL,31
1998-05-14 00:00:00,HOPL,30
1998-05-15 00:00:00,HOPL,30
1998-05-18 00:00:00,HOPL,29
1998-05-19 00:00:00,HOPL,28.5
1998-05-20 00:00:00,HOPL,27
1998-05-21 00:00:00,HOPL,27
1998-05-22 00:00:00,HOPL,26
1998-05-25 00:00:00,HOPL,27
1998-05-26 00:00:00,HOPL,25.25
1998-05-27 00:00:00,HOPL,25.25
1998-05-28 00:00:00,HOPL,22.25
1998-05-29 00:00:00,HOPL,22.25
1998-06-01 00:00:00,HOPL,20
1998-06-02 00:00:00,HOPL,24.25
1998-06-03 00:00:00,HOPL,24.5
1998-06-04 00:00:00,HOPL,24
1998-06-05 00:00:00,HOPL,22
1998-06-08 00:00:00,HOPL,23
1998-06-10 00:00:00,HOPL,22.75
SECURITY_DA,COMP,CLOSE_PRICE
-----------,----,-----------
1998-06-11 00:00:00,HOPL,22
1998-06-12 00:00:00,HOPL,20
1998-06-15 00:00:00,HOPL,18
1998-06-16 00:00:00,HOPL,18
1998-06-17 00:00:00,HOPL,18.25
1998-06-18 00:00:00,HOPL,20
1998-06-19 00:00:00,HOPL,18.25
1998-06-22 00:00:00,HOPL,18
1998-06-23 00:00:00,HOPL,18
1998-06-24 00:00:00,HOPL,17
1998-06-25 00:00:00,HOPL,17.5
1998-06-26 00:00:00,HOPL,17
1998-06-29 00:00:00,HOPL,17
1998-06-30 00:00:00,HOPL,17.5
1998-07-01 00:00:00,HOPL,17.25
1998-07-02 00:00:00,HOPL,17.75
1998-07-06 00:00:00,HOPL,18.25
1998-07-08 00:00:00,HOPL,18
1998-07-10 00:00:00,HOPL,18
1998-07-13 00:00:00,HOPL,18
1998-07-14 00:00:00,HOPL,17.5
SECURITY_DA,COMP,CLOSE_PRICE
-----------,----,-----------
1998-07-15 00:00:00,HOPL,15.5
1998-07-16 00:00:00,HOPL,16.25
1998-07-17 00:00:00,HOPL,16.25
1998-07-20 00:00:00,HOPL,16.25
1998-07-21 00:00:00,HOPL,16.25
1998-07-22 00:00:00,HOPL,15.75
1998-07-23 00:00:00,HOPL,16.5
1998-07-24 00:00:00,HOPL,17
1998-07-27 00:00:00,HOPL,18.5
1998-07-28 00:00:00,HOPL,18.5
1998-07-29 00:00:00,HOPL,18.75
1998-07-30 00:00:00,HOPL,18.75
1998-07-31 00:00:00,HOPL,19
1998-08-03 00:00:00,HOPL,19.25
1998-08-04 00:00:00,HOPL,16.75
1998-08-05 00:00:00,HOPL,15.75
1998-08-06 00:00:00,HOPL,16
1998-08-10 00:00:00,HOPL,16.25
1998-08-11 00:00:00,HOPL,16
1998-08-12 00:00:00,HOPL,16
1998-08-13 00:00:00,HOPL,16
SECURITY_DA,COMP,CLOSE_PRICE
-----------,----,-----------
1998-08-14 00:00:00,HOPL,16
1998-08-17 00:00:00,HOPL,15.5
1998-08-18 00:00:00,HOPL,15
1998-08-19 00:00:00,HOPL,14
1998-08-20 00:00:00,HOPL,14
1998-08-21 00:00:00,HOPL,13.75
1998-08-24 00:00:00,HOPL,13.75
1998-08-25 00:00:00,HOPL,12.5
1998-08-26 00:00:00,HOPL,12.5
1998-08-27 00:00:00,HOPL,13
1998-08-28 00:00:00,HOPL,12.25
1998-08-31 00:00:00,HOPL,12.25
1998-09-01 00:00:00,HOPL,13
1998-09-02 00:00:00,HOPL,12
1998-09-03 00:00:00,HOPL,10.25
1998-09-04 00:00:00,HOPL,10.5
1998-09-07 00:00:00,HOPL,10.25
1998-09-08 00:00:00,HOPL,11.75
1998-09-09 00:00:00,HOPL,11
1998-09-10 00:00:00,HOPL,10.5
1998-09-11 00:00:00,HOPL,11
SECURITY_DA,COMP,CLOSE_PRICE
-----------,----,-----------
1998-09-14 00:00:00,HOPL,11.25
1998-09-15 00:00:00,HOPL,11
1998-09-16 00:00:00,HOPL,11.25
1998-09-17 00:00:00,HOPL,11.25
1998-09-18 00:00:00,HOPL,11.25
1998-09-21 00:00:00,HOPL,11.5
1998-09-22 00:00:00,HOPL,12
1998-09-23 00:00:00,HOPL,11.75
1998-09-24 00:00:00,HOPL,12.5
1998-09-25 00:00:00,HOPL,11.75
1998-09-28 00:00:00,HOPL,11.75
1998-09-29 00:00:00,HOPL,11.25
1998-09-30 00:00:00,HOPL,11
1998-10-01 00:00:00,HOPL,11.25
1998-10-02 00:00:00,HOPL,11.25
1998-10-06 00:00:00,HOPL,11
1998-10-07 00:00:00,HOPL,10.25
1998-10-08 00:00:00,HOPL,10.5
1998-10-09 00:00:00,HOPL,10.25
1998-10-12 00:00:00,HOPL,10.25
1998-10-13 00:00:00,HOPL,9.75
SECURITY_DA,COMP,CLOSE_PRICE
-----------,----,-----------
1998-10-14 00:00:00,HOPL,9.5
1998-10-15 00:00:00,HOPL,9.5
1998-10-16 00:00:00,HOPL,10
1998-10-19 00:00:00,HOPL,10.25
1998-10-20 00:00:00,HOPL,10.25
1998-10-21 00:00:00,HOPL,10.25
1998-10-22 00:00:00,HOPL,9.75
1998-10-23 00:00:00,HOPL,10
1998-10-26 00:00:00,HOPL,10
1998-10-27 00:00:00,HOPL,10
1998-10-28 00:00:00,HOPL,9.75
1998-10-29 00:00:00,HOPL,9.75
1998-10-30 00:00:00,HOPL,9.75
1998-11-02 00:00:00,HOPL,9.75
1998-11-04 00:00:00,HOPL,10
1998-11-05 00:00:00,HOPL,9.75
1998-11-06 00:00:00,HOPL,9.75
1998-11-09 00:00:00,HOPL,9.5
1998-11-10 00:00:00,HOPL,9.5
1998-11-12 00:00:00,HOPL,9.25
1998-11-13 00:00:00,HOPL,9.25
SECURITY_DA,COMP,CLOSE_PRICE
-----------,----,-----------
1998-11-16 00:00:00,HOPL,9.5
1998-11-17 00:00:00,HOPL,9
1998-11-18 00:00:00,HOPL,9
1998-11-19 00:00:00,HOPL,9
1998-11-20 00:00:00,HOPL,9
1998-11-23 00:00:00,HOPL,9
1998-11-24 00:00:00,HOPL,8.25
1998-11-25 00:00:00,HOPL,10
1998-11-26 00:00:00,HOPL,9
1998-11-27 00:00:00,HOPL,9.5
1998-11-30 00:00:00,HOPL,9
1998-12-01 00:00:00,HOPL,9.25
1998-12-02 00:00:00,HOPL,9.25
1998-12-04 00:00:00,HOPL,9
1998-12-07 00:00:00,HOPL,8.25
1998-12-08 00:00:00,HOPL,8
1998-12-09 00:00:00,HOPL,8
1998-12-10 00:00:00,HOPL,8.25
1998-12-11 00:00:00,HOPL,8.25
1998-12-14 00:00:00,HOPL,8.25
1998-12-15 00:00:00,HOPL,8.5
SECURITY_DA,COMP,CLOSE_PRICE
-----------,----,-----------
1998-12-16 00:00:00,HOPL,8.5
1998-12-17 00:00:00,HOPL,8.25
1998-12-18 00:00:00,HOPL,8.25
1998-12-21 00:00:00,HOPL,8.25
1998-12-23 00:00:00,HOPL,8
1998-12-29 00:00:00,HOPL,8.25
1998-12-30 00:00:00,HOPL,8.25
1998-12-31 00:00:00,HOPL,8.5
1998-01-05 00:00:00,HPP,19
1998-01-07 00:00:00,HPP,18.5
1998-01-08 00:00:00,HPP,18.5
1998-01-09 00:00:00,HPP,17.5
1998-01-13 00:00:00,HPP,17.25
1998-01-16 00:00:00,HPP,17.25
1998-01-20 00:00:00,HPP,16.75
1998-01-22 00:00:00,HPP,17
1998-01-23 00:00:00,HPP,17
1998-01-26 00:00:00,HPP,15.5
1998-01-27 00:00:00,HPP,15
1998-01-29 00:00:00,HPP,15.25
1998-02-03 00:00:00,HPP,15.75
SECURITY_DA,COMP,CLOSE_PRICE
-----------,----,-----------
1998-02-06 00:00:00,HPP,17
1998-02-11 00:00:00,HPP,18
1998-02-12 00:00:00,HPP,18
1998-02-13 00:00:00,HPP,18.25
1998-02-17 00:00:00,HPP,19
1998-02-18 00:00:00,HPP,19
1998-02-19 00:00:00,HPP,18.5
1998-02-20 00:00:00,HPP,18.5
1998-02-24 00:00:00,HPP,17.5
1998-03-04 00:00:00,HPP,18.5
1998-03-05 00:00:00,HPP,18.5
1998-03-06 00:00:00,HPP,18
1998-03-09 00:00:00,HPP,18
1998-03-10 00:00:00,HPP,18.5
1998-03-11 00:00:00,HPP,18.5
1998-03-13 00:00:00,HPP,18.5
1998-03-16 00:00:00,HPP,18.5
1998-03-17 00:00:00,HPP,18.5
1998-03-20 00:00:00,HPP,18.5
1998-04-01 00:00:00,HPP,17.5
1998-04-02 00:00:00,HPP,17.5
SECURITY_DA,COMP,CLOSE_PRICE
-----------,----,-----------
1998-04-06 00:00:00,HPP,18
1998-04-08 00:00:00,HPP,18
1998-04-20 00:00:00,HPP,18
1998-04-21 00:00:00,HPP,18.25
1998-04-22 00:00:00,HPP,19
1998-04-23 00:00:00,HPP,19.5
1998-04-24 00:00:00,HPP,20
1998-04-28 00:00:00,HPP,20.5
1998-04-29 00:00:00,HPP,18
1998-04-30 00:00:00,HPP,24
1998-05-04 00:00:00,HPP,24
1998-05-05 00:00:00,HPP,23.5
1998-05-06 00:00:00,HPP,23
1998-05-07 00:00:00,HPP,23
1998-05-08 00:00:00,HPP,23
1998-05-13 00:00:00,HPP,23
1998-05-15 00:00:00,HPP,21
1998-05-18 00:00:00,HPP,20
1998-05-19 00:00:00,HPP,19
1998-05-26 00:00:00,HPP,19
1998-05-29 00:00:00,HPP,21
SECURITY_DA,COMP,CLOSE_PRICE
-----------,----,-----------
1998-06-01 00:00:00,HPP,20.25
1998-06-02 00:00:00,HPP,22.5
1998-06-03 00:00:00,HPP,22.25
1998-06-04 00:00:00,HPP,20.5
1998-06-08 00:00:00,HPP,20
1998-06-11 00:00:00,HPP,20
1998-06-12 00:00:00,HPP,20
1998-06-15 00:00:00,HPP,19
1998-06-16 00:00:00,HPP,18
1998-06-17 00:00:00,HPP,20
1998-06-18 00:00:00,HPP,21
1998-06-22 00:00:00,HPP,20.25
1998-06-23 00:00:00,HPP,20
1998-06-24 00:00:00,HPP,19
1998-06-26 00:00:00,HPP,19
1998-07-02 00:00:00,HPP,20
1998-07-06 00:00:00,HPP,20.25
1998-07-08 00:00:00,HPP,20.25
1998-07-13 00:00:00,HPP,18.25
1998-07-14 00:00:00,HPP,18.75
1998-07-20 00:00:00,HPP,19
SECURITY_DA,COMP,CLOSE_PRICE
-----------,----,-----------
1998-07-27 00:00:00,HPP,19.5
1998-07-28 00:00:00,HPP,20
1998-07-29 00:00:00,HPP,20
1998-07-30 00:00:00,HPP,20
1998-07-31 00:00:00,HPP,20
1998-08-04 00:00:00,HPP,19
1998-08-05 00:00:00,HPP,19
1998-08-19 00:00:00,HPP,19
1998-08-21 00:00:00,HPP,18
1998-08-25 00:00:00,HPP,17
1998-08-26 00:00:00,HPP,17
1998-08-27 00:00:00,HPP,18
1998-08-31 00:00:00,HPP,18
1998-09-01 00:00:00,HPP,16
1998-09-02 00:00:00,HPP,16
1998-09-14 00:00:00,HPP,17
1998-09-17 00:00:00,HPP,17.5
1998-09-25 00:00:00,HPP,17.5
1998-09-30 00:00:00,HPP,18
1998-10-12 00:00:00,HPP,18.75
1998-10-13 00:00:00,HPP,18.5
SECURITY_DA,COMP,CLOSE_PRICE
-----------,----,-----------
1998-10-15 00:00:00,HPP,18.75
1998-10-16 00:00:00,HPP,19
1998-10-22 00:00:00,HPP,18.5
1998-10-26 00:00:00,HPP,19
1998-10-29 00:00:00,HPP,19
1998-10-30 00:00:00,HPP,19
1998-11-02 00:00:00,HPP,19
1998-11-05 00:00:00,HPP,20
1998-11-06 00:00:00,HPP,22
1998-11-09 00:00:00,HPP,22
1998-11-10 00:00:00,HPP,22
1998-11-16 00:00:00,HPP,22
1998-11-17 00:00:00,HPP,22.5
1998-11-18 00:00:00,HPP,22
1998-11-20 00:00:00,HPP,22
1998-12-01 00:00:00,HPP,20.25
1998-12-02 00:00:00,HPP,22
1998-12-08 00:00:00,HPP,21.75
1998-12-09 00:00:00,HPP,22
1998-12-15 00:00:00,HPP,22
1998-12-17 00:00:00,HPP,21
SECURITY_DA,COMP,CLOSE_PRICE
-----------,----,-----------
1998-12-18 00:00:00,HPP,21
1998-12-21 00:00:00,HPP,21
1998-12-22 00:00:00,HPP,20.5
1998-12-24 00:00:00,HPP,20.5
1998-11-12 00:00:00,HSIG,13
1998-11-13 00:00:00,HSIG,13
1998-11-16 00:00:00,HSIG,13
1998-12-10 00:00:00,HSIG,10
1998-12-11 00:00:00,HSIG,10
1998-02-20 00:00:00,HTEC,21
1998-03-19 00:00:00,HTEC,20
1998-03-23 00:00:00,HTEC,19
1998-03-24 00:00:00,HTEC,19
1998-03-25 00:00:00,HTEC,19
1998-03-27 00:00:00,HTEC,19
1998-08-28 00:00:00,HTEC,19
1998-08-31 00:00:00,HTEC,19
1998-11-09 00:00:00,HTEC,19
1998-11-13 00:00:00,HTEC,19
1998-11-17 00:00:00,HTEC,19
1998-11-18 00:00:00,HTEC,18
SECURITY_DA,COMP,CLOSE_PRICE
-----------,----,-----------
1998-11-26 00:00:00,HTEC,18
1998-12-11 00:00:00,HTEC,17
1998-12-16 00:00:00,HTEC,15
1998-12-17 00:00:00,HTEC,15
1998-03-20 00:00:00,HUEJ,35
1998-03-23 00:00:00,HUEJ,25
1998-03-24 00:00:00,HUEJ,25
1998-01-02 00:00:00,HUNA,9
1998-01-05 00:00:00,HUNA,9
1998-01-06 00:00:00,HUNA,9
1998-01-09 00:00:00,HUNA,9
1998-01-13 00:00:00,HUNA,8.5
1998-01-15 00:00:00,HUNA,8
1998-01-16 00:00:00,HUNA,8.25
1998-01-20 00:00:00,HUNA,7.5
1998-01-21 00:00:00,HUNA,7.5
1998-01-23 00:00:00,HUNA,7.5
1998-01-26 00:00:00,HUNA,7.25
1998-01-27 00:00:00,HUNA,7
1998-01-28 00:00:00,HUNA,6.25
1998-01-29 00:00:00,HUNA,6.5
SECURITY_DA,COMP,CLOSE_PRICE
-----------,----,-----------
1998-01-30 00:00:00,HUNA,6.5
1998-02-02 00:00:00,HUNA,6.5
1998-02-06 00:00:00,HUNA,7
1998-02-09 00:00:00,HUNA,7
1998-02-11 00:00:00,HUNA,7
1998-02-13 00:00:00,HUNA,7
1998-02-17 00:00:00,HUNA,7
1998-02-19 00:00:00,HUNA,7
1998-02-20 00:00:00,HUNA,7.25
1998-02-23 00:00:00,HUNA,7.25
1998-02-25 00:00:00,HUNA,7
1998-02-26 00:00:00,HUNA,7
1998-02-27 00:00:00,HUNA,7.25
1998-03-02 00:00:00,HUNA,7.25
1998-03-05 00:00:00,HUNA,7.25
1998-03-10 00:00:00,HUNA,7.5
1998-03-16 00:00:00,HUNA,7.5
1998-03-17 00:00:00,HUNA,7.5
1998-03-23 00:00:00,HUNA,7.5
1998-03-24 00:00:00,HUNA,7.5
1998-03-25 00:00:00,HUNA,7.5
SECURITY_DA,COMP,CLOSE_PRICE
-----------,----,-----------
1998-03-26 00:00:00,HUNA,7.5
1998-03-30 00:00:00,HUNA,7.5
1998-04-01 00:00:00,HUNA,7.5
1998-04-15 00:00:00,HUNA,6.25
1998-04-22 00:00:00,HUNA,6.5
1998-04-23 00:00:00,HUNA,6.25
1998-04-24 00:00:00,HUNA,6.5
1998-04-28 00:00:00,HUNA,6.75
1998-04-29 00:00:00,HUNA,6.5
1998-05-05 00:00:00,HUNA,6
1998-05-06 00:00:00,HUNA,7
1998-05-07 00:00:00,HUNA,6.5
1998-05-08 00:00:00,HUNA,7
1998-05-18 00:00:00,HUNA,7.5
1998-05-19 00:00:00,HUNA,6.75
1998-05-20 00:00:00,HUNA,6.5
1998-05-21 00:00:00,HUNA,6.75
1998-05-22 00:00:00,HUNA,6
1998-05-25 00:00:00,HUNA,6
1998-05-26 00:00:00,HUNA,6
1998-05-27 00:00:00,HUNA,6.5
SECURITY_DA,COMP,CLOSE_PRICE
-----------,----,-----------
1998-05-28 00:00:00,HUNA,6.25
1998-05-29 00:00:00,HUNA,6
1998-06-01 00:00:00,HUNA,6
1998-06-03 00:00:00,HUNA,6
1998-06-05 00:00:00,HUNA,6
1998-06-10 00:00:00,HUNA,6
1998-06-15 00:00:00,HUNA,6.5
1998-06-16 00:00:00,HUNA,6.5
1998-06-17 00:00:00,HUNA,6
1998-06-19 00:00:00,HUNA,6
1998-06-22 00:00:00,HUNA,6
1998-06-26 00:00:00,HUNA,6.75
1998-06-30 00:00:00,HUNA,6.5
1998-07-01 00:00:00,HUNA,6.5
1998-07-06 00:00:00,HUNA,6.5
1998-07-08 00:00:00,HUNA,6.5
1998-07-10 00:00:00,HUNA,7
1998-07-13 00:00:00,HUNA,6.5
1998-07-14 00:00:00,HUNA,7
1998-07-15 00:00:00,HUNA,6.5
1998-07-16 00:00:00,HUNA,6.75
SECURITY_DA,COMP,CLOSE_PRICE
-----------,----,-----------
1998-07-17 00:00:00,HUNA,6.75
1998-07-20 00:00:00,HUNA,6.5
1998-07-21 00:00:00,HUNA,6.5
1998-07-22 00:00:00,HUNA,6.5
1998-07-23 00:00:00,HUNA,7
1998-07-27 00:00:00,HUNA,7
1998-07-29 00:00:00,HUNA,7.25
1998-08-14 00:00:00,HUNA,6.75
1998-08-20 00:00:00,HUNA,6.5
1998-08-21 00:00:00,HUNA,6.5
1998-08-31 00:00:00,HUNA,7
1998-09-02 00:00:00,HUNA,6.75
1998-09-09 00:00:00,HUNA,6.75
1998-09-10 00:00:00,HUNA,6
1998-09-16 00:00:00,HUNA,6.75
1998-09-18 00:00:00,HUNA,6
1998-09-22 00:00:00,HUNA,6.25
1998-09-23 00:00:00,HUNA,6.25
1998-09-24 00:00:00,HUNA,6
1998-09-28 00:00:00,HUNA,6.25
1998-10-07 00:00:00,HUNA,6.25
SECURITY_DA,COMP,CLOSE_PRICE
-----------,----,-----------
1998-10-09 00:00:00,HUNA,6.25
1998-10-26 00:00:00,HUNA,6
1998-10-30 00:00:00,HUNA,6
1998-11-05 00:00:00,HUNA,7
1998-11-06 00:00:00,HUNA,7
1998-11-10 00:00:00,HUNA,6.75
1998-11-11 00:00:00,HUNA,6.75
1998-11-12 00:00:00,HUNA,6
1998-11-13 00:00:00,HUNA,7.5
1998-11-16 00:00:00,HUNA,7.5
1998-11-17 00:00:00,HUNA,7.5
1998-11-18 00:00:00,HUNA,7.5
1998-11-19 00:00:00,HUNA,7.5
1998-11-20 00:00:00,HUNA,8
1998-11-23 00:00:00,HUNA,7.5
1998-11-26 00:00:00,HUNA,7.75
1998-12-04 00:00:00,HUNA,7.75
1998-12-07 00:00:00,HUNA,8.25
1998-12-15 00:00:00,HUNA,6
1998-12-23 00:00:00,HUNA,6.25
1998-12-30 00:00:00,HUNA,6.25
SECURITY_DA,COMP,CLOSE_PRICE
-----------,----,-----------
1998-02-02 00:00:00,HUNT,10
1998-03-23 00:00:00,HUNT,9.5
1998-11-18 00:00:00,HUNT,7.5
1998-11-19 00:00:00,HUNT,6
1998-11-24 00:00:00,HUNT,6
1998-11-25 00:00:00,HUNT,6
1998-11-26 00:00:00,HUNT,7.5
1998-11-30 00:00:00,HUNT,8.75
1998-12-04 00:00:00,HUNT,10
1998-12-07 00:00:00,HUNT,9
1998-12-14 00:00:00,HUNT,8
1998-12-15 00:00:00,HUNT,5
1998-01-05 00:00:00,ITH,13
1998-01-08 00:00:00,ITH,13.25
1998-01-20 00:00:00,ITH,14
1998-01-26 00:00:00,ITH,13.5
1998-01-27 00:00:00,ITH,13.5
1998-02-19 00:00:00,ITH,14.75
1998-02-27 00:00:00,ITH,15
1998-03-02 00:00:00,ITH,15
1998-03-03 00:00:00,ITH,15.5
SECURITY_DA,COMP,CLOSE_PRICE
-----------,----,-----------
1998-03-04 00:00:00,ITH,15.5
1998-03-05 00:00:00,ITH,16
1998-03-06 00:00:00,ITH,16
1998-03-09 00:00:00,ITH,16
1998-03-10 00:00:00,ITH,16
1998-03-11 00:00:00,ITH,16
1998-03-13 00:00:00,ITH,16
1998-03-16 00:00:00,ITH,15.5
1998-03-19 00:00:00,ITH,16
1998-03-23 00:00:00,ITH,16
1998-03-27 00:00:00,ITH,16
1998-04-09 00:00:00,ITH,16
1998-04-20 00:00:00,ITH,16
1998-04-22 00:00:00,ITH,19
1998-04-27 00:00:00,ITH,17
1998-05-05 00:00:00,ITH,16.25
1998-05-06 00:00:00,ITH,16.25
1998-05-07 00:00:00,ITH,16.5
1998-05-08 00:00:00,ITH,16.75
1998-05-14 00:00:00,ITH,16
1998-05-20 00:00:00,ITH,15.5
SECURITY_DA,COMP,CLOSE_PRICE
-----------,----,-----------
1998-05-21 00:00:00,ITH,15.5
1998-05-22 00:00:00,ITH,15.5
1998-05-25 00:00:00,ITH,15.5
1998-05-26 00:00:00,ITH,15.5
1998-05-29 00:00:00,ITH,14
1998-06-01 00:00:00,ITH,14
1998-06-02 00:00:00,ITH,14
1998-06-03 00:00:00,ITH,14
1998-06-05 00:00:00,ITH,13.5
1998-06-08 00:00:00,ITH,13.25
1998-06-15 00:00:00,ITH,13
1998-06-16 00:00:00,ITH,13
1998-06-17 00:00:00,ITH,13
1998-06-18 00:00:00,ITH,13
1998-06-19 00:00:00,ITH,13.5
1998-06-22 00:00:00,ITH,13
1998-06-23 00:00:00,ITH,13
1998-07-13 00:00:00,ITH,13
1998-07-30 00:00:00,ITH,13
1998-07-31 00:00:00,ITH,13
1998-08-05 00:00:00,ITH,13
SECURITY_DA,COMP,CLOSE_PRICE
-----------,----,-----------
1998-08-11 00:00:00,ITH,13
1998-08-13 00:00:00,ITH,13
1998-08-14 00:00:00,ITH,13.5
1998-08-17 00:00:00,ITH,16
1998-08-18 00:00:00,ITH,13.25
1998-08-19 00:00:00,ITH,13.25
1998-08-20 00:00:00,ITH,13.25
1998-08-21 00:00:00,ITH,13.25
1998-08-25 00:00:00,ITH,13.25
1998-08-26 00:00:00,ITH,13.25
1998-08-31 00:00:00,ITH,13.25
1998-09-01 00:00:00,ITH,13.5
1998-09-02 00:00:00,ITH,13
1998-09-03 00:00:00,ITH,13
1998-09-10 00:00:00,ITH,13.5
1998-09-11 00:00:00,ITH,13.25
1998-09-14 00:00:00,ITH,13.25
1998-09-17 00:00:00,ITH,13.25
1998-09-18 00:00:00,ITH,14.25
1998-09-21 00:00:00,ITH,13.25
1998-09-29 00:00:00,ITH,13
SECURITY_DA,COMP,CLOSE_PRICE
-----------,----,-----------
1998-10-09 00:00:00,ITH,13
1998-10-12 00:00:00,ITH,13
1998-10-13 00:00:00,ITH,13.25
1998-10-19 00:00:00,ITH,13
1998-10-20 00:00:00,ITH,14
1998-10-22 00:00:00,ITH,14
1998-10-30 00:00:00,ITH,13.25
1998-11-13 00:00:00,ITH,13.25
1998-11-16 00:00:00,ITH,13
1998-11-17 00:00:00,ITH,13.25
1998-11-19 00:00:00,ITH,13.5
1998-11-30 00:00:00,ITH,13.25
1998-12-01 00:00:00,ITH,13.5
1998-12-08 00:00:00,ITH,13.5
1998-12-10 00:00:00,ITH,13.25
1998-12-15 00:00:00,ITH,13.25
1998-12-16 00:00:00,ITH,13
1998-12-21 00:00:00,ITH,13.25
1998-01-06 00:00:00,JFIN,55
1998-01-07 00:00:00,JFIN,64.75
1998-01-20 00:00:00,JFIN,51
SECURITY_DA,COMP,CLOSE_PRICE
-----------,----,-----------
1998-02-17 00:00:00,JFIN,51
1998-03-09 00:00:00,JFIN,51
1998-03-10 00:00:00,JFIN,55
1998-03-31 00:00:00,JFIN,55
1998-04-03 00:00:00,JFIN,55
1998-04-06 00:00:00,JFIN,60
1998-04-08 00:00:00,JFIN,75
1998-04-15 00:00:00,JFIN,75
1998-04-16 00:00:00,JFIN,75
1998-04-20 00:00:00,JFIN,73.75
1998-04-23 00:00:00,JFIN,74
1998-05-04 00:00:00,JFIN,80
1998-05-06 00:00:00,JFIN,75
1998-05-14 00:00:00,JFIN,76
1998-05-21 00:00:00,JFIN,74
1998-05-22 00:00:00,JFIN,74
1998-05-29 00:00:00,JFIN,75
1998-06-02 00:00:00,JFIN,76
1998-06-10 00:00:00,JFIN,70
1998-06-11 00:00:00,JFIN,70
1998-06-12 00:00:00,JFIN,65
SECURITY_DA,COMP,CLOSE_PRICE
-----------,----,-----------
1998-06-16 00:00:00,JFIN,65
1998-06-17 00:00:00,JFIN,60
1998-06-18 00:00:00,JFIN,63
1998-06-19 00:00:00,JFIN,60.5
1998-06-22 00:00:00,JFIN,60
1998-06-23 00:00:00,JFIN,60
1998-06-24 00:00:00,JFIN,60
1998-06-25 00:00:00,JFIN,60
1998-06-26 00:00:00,JFIN,60
1998-06-29 00:00:00,JFIN,60
1998-07-01 00:00:00,JFIN,60
1998-07-06 00:00:00,JFIN,60
1998-07-10 00:00:00,JFIN,60
1998-08-05 00:00:00,JFIN,67
1998-08-06 00:00:00,JFIN,66.25
1998-08-11 00:00:00,JFIN,62
1998-08-28 00:00:00,JFIN,55
1998-09-01 00:00:00,JFIN,50
1998-09-11 00:00:00,JFIN,52
1998-09-14 00:00:00,JFIN,50
1998-09-15 00:00:00,JFIN,50
1998-09-16 00:00:00,JFIN,50
1998-09-17 00:00:00,JFIN,50
1998-09-18 00:00:00,JFIN,49
1998-10-20 00:00:00,JFIN,41
1998-10-22 00:00:00,JFIN,42.25
1998-12-01 00:00:00,JFIN,45
1998-12-15 00:00:00,JFIN,45
1998-12-31 00:00:00,JFIN,48
1998-01-02 00:00:00,JKH,350.25
1998-01-05 00:00:00,JKH,360
1998-01-06 00:00:00,JKH,350.25
1998-01-07 00:00:00,JKH,350
1998-01-08 00:00:00,JKH,340
1998-01-09 00:00:00,JKH,275
1998-01-13 00:00:00,JKH,275
1998-01-15 00:00:00,JKH,272
1998-01-16 00:00:00,JKH,272
1998-01-19 00:00:00,JKH,269
1998-01-20 00:00:00,JKH,260
1998-01-21 00:00:00,JKH,260
1998-01-22 00:00:00,JKH,260
1998-01-23 00:00:00,JKH,260
1998-01-26 00:00:00,JKH,270
1998-01-27 00:00:00,JKH,270
1998-01-28 00:00:00,JKH,270
1998-01-29 00:00:00,JKH,265
1998-01-30 00:00:00,JKH,264.75
1998-02-02 00:00:00,JKH,270
1998-02-03 00:00:00,JKH,270
1998-02-06 00:00:00,JKH,270
1998-02-09 00:00:00,JKH,275
1998-02-11 00:00:00,JKH,276.5
1998-02-12 00:00:00,JKH,280
1998-02-13 00:00:00,JKH,279.75
1998-02-16 00:00:00,JKH,278
1998-02-17 00:00:00,JKH,273
1998-02-18 00:00:00,JKH,273
1998-02-19 00:00:00,JKH,283
1998-02-20 00:00:00,JKH,283
1998-02-23 00:00:00,JKH,283
1998-02-25 00:00:00,JKH,275
1998-02-26 00:00:00,JKH,276
1998-02-27 00:00:00,JKH,279
1998-03-02 00:00:00,JKH,280
1998-03-03 00:00:00,JKH,280
1998-03-04 00:00:00,JKH,280
1998-03-05 00:00:00,JKH,279.75
1998-03-06 00:00:00,JKH,280.75
1998-03-09 00:00:00,JKH,279
1998-03-10 00:00:00,JKH,280.25
1998-03-11 00:00:00,JKH,285
1998-03-13 00:00:00,JKH,285
1998-03-16 00:00:00,JKH,280
1998-03-17 00:00:00,JKH,284.75
1998-03-18 00:00:00,JKH,277.25
1998-03-19 00:00:00,JKH,284
1998-03-20 00:00:00,JKH,285
1998-03-23 00:00:00,JKH,282
1998-03-24 00:00:00,JKH,280.25
1998-03-25 00:00:00,JKH,282.5
1998-03-26 00:00:00,JKH,282.5
1998-03-27 00:00:00,JKH,282.75
1998-03-30 00:00:00,JKH,282.5
1998-03-31 00:00:00,JKH,282.5
1998-04-02 00:00:00,JKH,282.5
1998-04-03 00:00:00,JKH,280
1998-04-06 00:00:00,JKH,280
1998-04-07 00:00:00,JKH,285
1998-04-08 00:00:00,JKH,285
1998-04-09 00:00:00,JKH,285
1998-04-16 00:00:00,JKH,300
1998-04-17 00:00:00,JKH,300.75
1998-04-20 00:00:00,JKH,308
1998-04-21 00:00:00,JKH,315.25
1998-04-22 00:00:00,JKH,335
1998-04-23 00:00:00,JKH,347
1998-04-24 00:00:00,JKH,345
1998-04-27 00:00:00,JKH,340
1998-04-28 00:00:00,JKH,335
1998-04-29 00:00:00,JKH,335
1998-04-30 00:00:00,JKH,335
1998-05-04 00:00:00,JKH,334.75
1998-05-05 00:00:00,JKH,330
1998-05-06 00:00:00,JKH,320
1998-05-07 00:00:00,JKH,300
1998-05-08 00:00:00,JKH,325
1998-05-13 00:00:00,JKH,325
1998-05-14 00:00:00,JKH,305
1998-05-15 00:00:00,JKH,300.25
1998-05-18 00:00:00,JKH,308
1998-05-19 00:00:00,JKH,299.75
1998-05-20 00:00:00,JKH,295.25
1998-05-21 00:00:00,JKH,299
1998-05-22 00:00:00,JKH,300
1998-05-25 00:00:00,JKH,300
1998-05-26 00:00:00,JKH,300
1998-05-27 00:00:00,JKH,296
1998-05-28 00:00:00,JKH,270
1998-05-29 00:00:00,JKH,250.25
1998-06-01 00:00:00,JKH,250
1998-06-02 00:00:00,JKH,255.25
1998-06-03 00:00:00,JKH,258
1998-06-04 00:00:00,JKH,257
1998-06-05 00:00:00,JKH,255
1998-06-08 00:00:00,JKH,256
1998-06-10 00:00:00,JKH,260
1998-06-11 00:00:00,JKH,256
1998-06-12 00:00:00,JKH,245
1998-06-15 00:00:00,JKH,225
1998-06-16 00:00:00,JKH,225
1998-06-17 00:00:00,JKH,218
1998-06-18 00:00:00,JKH,224.5
1998-06-19 00:00:00,JKH,224
1998-06-22 00:00:00,JKH,212
1998-06-23 00:00:00,JKH,209.75
1998-06-24 00:00:00,JKH,195
1998-06-25 00:00:00,JKH,184
1998-06-26 00:00:00,JKH,195
1998-06-29 00:00:00,JKH,190
1998-06-30 00:00:00,JKH,190
1998-07-01 00:00:00,JKH,185
1998-07-02 00:00:00,JKH,186.5
1998-07-03 00:00:00,JKH,197.5
1998-07-06 00:00:00,JKH,200.75
1998-07-08 00:00:00,JKH,215
1998-07-10 00:00:00,JKH,230
1998-07-13 00:00:00,JKH,230
1998-07-14 00:00:00,JKH,224.75
1998-07-15 00:00:00,JKH,220
1998-07-16 00:00:00,JKH,220
1998-07-17 00:00:00,JKH,216
1998-07-20 00:00:00,JKH,220
1998-07-21 00:00:00,JKH,216
1998-07-22 00:00:00,JKH,216
1998-07-23 00:00:00,JKH,215
1998-07-24 00:00:00,JKH,220
1998-07-27 00:00:00,JKH,227
1998-07-28 00:00:00,JKH,230
1998-07-29 00:00:00,JKH,230
1998-07-30 00:00:00,JKH,235
1998-07-31 00:00:00,JKH,225
1998-08-03 00:00:00,JKH,221.25
1998-08-04 00:00:00,JKH,220
1998-08-05 00:00:00,JKH,219
1998-08-06 00:00:00,JKH,220
1998-08-10 00:00:00,JKH,220
1998-08-11 00:00:00,JKH,220
1998-08-12 00:00:00,JKH,215
1998-08-13 00:00:00,JKH,215
1998-08-14 00:00:00,JKH,205
1998-08-17 00:00:00,JKH,199
1998-08-18 00:00:00,JKH,196
1998-08-19 00:00:00,JKH,195
1998-08-20 00:00:00,JKH,190
1998-08-21 00:00:00,JKH,180
1998-08-24 00:00:00,JKH,173
1998-08-25 00:00:00,JKH,165
1998-08-26 00:00:00,JKH,170
1998-08-27 00:00:00,JKH,172
1998-08-28 00:00:00,JKH,170
1998-08-31 00:00:00,JKH,165
1998-09-01 00:00:00,JKH,158
1998-09-02 00:00:00,JKH,145
1998-09-03 00:00:00,JKH,146
1998-09-04 00:00:00,JKH,146.5
1998-09-07 00:00:00,JKH,150
1998-09-08 00:00:00,JKH,156
1998-09-09 00:00:00,JKH,154
1998-09-10 00:00:00,JKH,160
1998-09-11 00:00:00,JKH,161.5
1998-09-14 00:00:00,JKH,166.5
1998-09-15 00:00:00,JKH,170
1998-09-16 00:00:00,JKH,170
1998-09-17 00:00:00,JKH,166
1998-09-18 00:00:00,JKH,160.25
1998-09-21 00:00:00,JKH,160.5
1998-09-22 00:00:00,JKH,164.75
1998-09-23 00:00:00,JKH,165.5
1998-09-24 00:00:00,JKH,170
1998-09-25 00:00:00,JKH,170.5
1998-09-28 00:00:00,JKH,170.5
1998-09-29 00:00:00,JKH,170.25
1998-09-30 00:00:00,JKH,171
1998-10-02 00:00:00,JKH,166.5
1998-10-07 00:00:00,JKH,170
1998-10-08 00:00:00,JKH,170
1998-10-09 00:00:00,JKH,170
1998-10-12 00:00:00,JKH,169.25
1998-10-13 00:00:00,JKH,169
1998-10-14 00:00:00,JKH,168
1998-10-15 00:00:00,JKH,168
1998-10-16 00:00:00,JKH,175
1998-10-19 00:00:00,JKH,175
1998-10-20 00:00:00,JKH,183
1998-10-21 00:00:00,JKH,180.25
1998-10-22 00:00:00,JKH,175.25
1998-10-23 00:00:00,JKH,180
1998-10-26 00:00:00,JKH,190
1998-10-27 00:00:00,JKH,190
1998-10-28 00:00:00,JKH,192
1998-10-29 00:00:00,JKH,190.25
1998-10-30 00:00:00,JKH,190
1998-11-02 00:00:00,JKH,192
1998-11-04 00:00:00,JKH,199.25
1998-11-06 00:00:00,JKH,195.5
1998-11-09 00:00:00,JKH,200
1998-11-10 00:00:00,JKH,200
1998-11-11 00:00:00,JKH,200
1998-11-12 00:00:00,JKH,196.5
1998-11-13 00:00:00,JKH,196.5
1998-11-16 00:00:00,JKH,201.5
1998-11-17 00:00:00,JKH,214
1998-11-18 00:00:00,JKH,225
1998-11-19 00:00:00,JKH,219.75
1998-11-20 00:00:00,JKH,214.75
1998-11-23 00:00:00,JKH,215.5
1998-11-24 00:00:00,JKH,220
1998-11-25 00:00:00,JKH,228
1998-11-26 00:00:00,JKH,225
1998-11-27 00:00:00,JKH,225
1998-11-30 00:00:00,JKH,225.25
1998-12-01 00:00:00,JKH,220.5
1998-12-02 00:00:00,JKH,220
1998-12-04 00:00:00,JKH,220
1998-12-07 00:00:00,JKH,216
1998-12-08 00:00:00,JKH,210
1998-12-09 00:00:00,JKH,210.25
1998-12-10 00:00:00,JKH,214.75
1998-12-11 00:00:00,JKH,214.75
1998-12-14 00:00:00,JKH,220
1998-12-15 00:00:00,JKH,215
1998-12-16 00:00:00,JKH,215
1998-12-17 00:00:00,JKH,215
1998-12-18 00:00:00,JKH,220
1998-12-21 00:00:00,JKH,220
1998-12-22 00:00:00,JKH,220
1998-12-24 00:00:00,JKH,224.5
1998-12-29 00:00:00,JKH,225
1998-12-30 00:00:00,JKH,223.5
1998-12-31 00:00:00,JKH,223
1998-01-02 00:00:00,JKL,66
1998-01-09 00:00:00,JKL,66
1998-02-03 00:00:00,JKL,70
1998-02-09 00:00:00,JKL,76.75
1998-02-17 00:00:00,JKL,71
1998-02-24 00:00:00,JKL,71.5
1998-02-26 00:00:00,JKL,96.75
1998-02-27 00:00:00,JKL,97
1998-03-02 00:00:00,JKL,100
1998-03-03 00:00:00,JKL,99
1998-03-04 00:00:00,JKL,100
1998-03-05 00:00:00,JKL,100
1998-03-06 00:00:00,JKL,100
1998-03-09 00:00:00,JKL,100
1998-03-10 00:00:00,JKL,99
1998-03-11 00:00:00,JKL,98
1998-03-13 00:00:00,JKL,98
1998-03-18 00:00:00,JKL,99
1998-03-19 00:00:00,JKL,98
1998-03-20 00:00:00,JKL,98
1998-03-27 00:00:00,JKL,98
1998-03-31 00:00:00,JKL,98
1998-04-07 00:00:00,JKL,98
1998-04-09 00:00:00,JKL,98
1998-04-17 00:00:00,JKL,100
1998-04-20 00:00:00,JKL,100
1998-04-22 00:00:00,JKL,115
1998-04-23 00:00:00,JKL,120
1998-04-24 00:00:00,JKL,130
1998-04-27 00:00:00,JKL,130
1998-04-28 00:00:00,JKL,125
1998-04-29 00:00:00,JKL,130
1998-04-30 00:00:00,JKL,135
1998-05-04 00:00:00,JKL,130
1998-05-05 00:00:00,JKL,130
1998-05-06 00:00:00,JKL,130
1998-05-07 00:00:00,JKL,130
1998-05-15 00:00:00,JKL,68
1998-05-18 00:00:00,JKL,68
1998-05-19 00:00:00,JKL,70
1998-05-20 00:00:00,JKL,65
1998-05-21 00:00:00,JKL,65
1998-05-22 00:00:00,JKL,70
1998-05-25 00:00:00,JKL,70
1998-05-26 00:00:00,JKL,60
1998-05-28 00:00:00,JKL,59
1998-05-29 00:00:00,JKL,57
1998-06-01 00:00:00,JKL,57
1998-06-03 00:00:00,JKL,55
1998-06-05 00:00:00,JKL,55
1998-06-08 00:00:00,JKL,50
1998-06-11 00:00:00,JKL,52
1998-06-12 00:00:00,JKL,45
1998-06-22 00:00:00,JKL,52
1998-06-23 00:00:00,JKL,52
1998-06-24 00:00:00,JKL,52
1998-06-25 00:00:00,JKL,48
1998-07-01 00:00:00,JKL,48.5
1998-07-02 00:00:00,JKL,49
1998-07-06 00:00:00,JKL,48
1998-07-08 00:00:00,JKL,48
1998-07-13 00:00:00,JKL,45.25
1998-07-16 00:00:00,JKL,45
1998-07-20 00:00:00,JKL,44.25
1998-07-22 00:00:00,JKL,44.5
1998-07-24 00:00:00,JKL,45
1998-07-30 00:00:00,JKL,45
1998-08-03 00:00:00,JKL,45
1998-08-05 00:00:00,JKL,46
1998-08-10 00:00:00,JKL,46
1998-08-11 00:00:00,JKL,47.75
1998-08-12 00:00:00,JKL,48
1998-08-13 00:00:00,JKL,48
1998-08-18 00:00:00,JKL,46
1998-08-19 00:00:00,JKL,42.25
1998-08-24 00:00:00,JKL,42
1998-08-27 00:00:00,JKL,45
1998-08-31 00:00:00,JKL,45
1998-09-07 00:00:00,JKL,40
1998-09-08 00:00:00,JKL,45
1998-09-09 00:00:00,JKL,45
1998-09-10 00:00:00,JKL,45
1998-09-11 00:00:00,JKL,45
1998-09-15 00:00:00,JKL,46
1998-09-16 00:00:00,JKL,48
1998-09-21 00:00:00,JKL,45
1998-09-22 00:00:00,JKL,45
1998-09-25 00:00:00,JKL,46
1998-09-29 00:00:00,JKL,45
1998-10-09 00:00:00,JKL,42
1998-10-15 00:00:00,JKL,42
1998-10-22 00:00:00,JKL,42
1998-10-23 00:00:00,JKL,42.5
1998-11-02 00:00:00,JKL,42.5
1998-11-10 00:00:00,JKL,42.75
1998-11-13 00:00:00,JKL,43
1998-11-16 00:00:00,JKL,42.75
1998-11-17 00:00:00,JKL,43.5
1998-11-18 00:00:00,JKL,43.5
1998-11-19 00:00:00,JKL,43.5
1998-11-23 00:00:00,JKL,43.5
1998-11-24 00:00:00,JKL,43.5
1998-11-25 00:00:00,JKL,44.5
1998-11-26 00:00:00,JKL,44.25
1998-11-27 00:00:00,JKL,45
1998-11-30 00:00:00,JKL,47
1998-12-08 00:00:00,JKL,45
1998-12-09 00:00:00,JKL,45
1998-12-11 00:00:00,JKL,45
1998-12-15 00:00:00,JKL,44.25
1998-12-17 00:00:00,JKL,43.75
1998-12-18 00:00:00,JKL,45
1998-12-23 00:00:00,JKL,48
1998-12-28 00:00:00,JKL,51
1998-12-29 00:00:00,JKL,52
1998-12-30 00:00:00,JKL,52
1998-12-31 00:00:00,JKL,53
1998-12-02 00:00:00,KAHA,10.5
1998-12-04 00:00:00,KAHA,10
1998-12-07 00:00:00,KAHA,9.5
1998-12-08 00:00:00,KAHA,8.75
1998-12-09 00:00:00,KAHA,8.75
1998-12-10 00:00:00,KAHA,8.5
1998-12-11 00:00:00,KAHA,9
1998-12-14 00:00:00,KAHA,9
1998-12-15 00:00:00,KAHA,9
1998-12-16 00:00:00,KAHA,8.75
1998-12-17 00:00:00,KAHA,8.5
1998-12-18 00:00:00,KAHA,8.75
1998-12-21 00:00:00,KAHA,8.75
1998-12-22 00:00:00,KAHA,8.75
1998-12-23 00:00:00,KAHA,8.75
1998-12-24 00:00:00,KAHA,8.5
1998-12-28 00:00:00,KAHA,8.5
1998-12-29 00:00:00,KAHA,8.5
1998-12-30 00:00:00,KAHA,8.5
1998-12-31 00:00:00,KAHA,8.5
1998-01-02 00:00:00,KAPI,8.5
SECURITY_DA,COMP,CLOSE_PRICE
-----------,----,-----------
1998-01-06 00:00:00,KAPI,9
1998-01-08 00:00:00,KAPI,10
1998-01-09 00:00:00,KAPI,10.5
1998-01-13 00:00:00,KAPI,10.5
1998-01-15 00:00:00,KAPI,9
1998-01-16 00:00:00,KAPI,9.5
1998-01-19 00:00:00,KAPI,9
1998-01-20 00:00:00,KAPI,9.5
1998-01-21 00:00:00,KAPI,9.5
1998-01-22 00:00:00,KAPI,9.75
1998-01-23 00:00:00,KAPI,9.25
1998-01-27 00:00:00,KAPI,10
1998-01-28 00:00:00,KAPI,10
1998-01-29 00:00:00,KAPI,10
1998-02-18 00:00:00,KAPI,8
1998-02-20 00:00:00,KAPI,9.5
1998-02-23 00:00:00,KAPI,8.5
1998-02-26 00:00:00,KAPI,8.25
1998-02-27 00:00:00,KAPI,8.25
1998-03-11 00:00:00,KAPI,8.5
1998-03-16 00:00:00,KAPI,9
SECURITY_DA,COMP,CLOSE_PRICE
-----------,----,-----------
1998-03-18 00:00:00,KAPI,9.5
1998-03-19 00:00:00,KAPI,9.5
1998-03-20 00:00:00,KAPI,9
1998-03-23 00:00:00,KAPI,9
1998-03-31 00:00:00,KAPI,9
1998-04-03 00:00:00,KAPI,9
1998-04-23 00:00:00,KAPI,8.25
1998-04-27 00:00:00,KAPI,8
1998-04-28 00:00:00,KAPI,8
1998-04-29 00:00:00,KAPI,8
1998-05-08 00:00:00,KAPI,8
1998-06-02 00:00:00,KAPI,8
1998-06-04 00:00:00,KAPI,8
1998-06-05 00:00:00,KAPI,8
1998-06-10 00:00:00,KAPI,8
1998-06-12 00:00:00,KAPI,8
1998-06-15 00:00:00,KAPI,8
1998-06-16 00:00:00,KAPI,8
1998-11-05 00:00:00,KAPI,11.5
1998-11-06 00:00:00,KAPI,12.25
1998-11-09 00:00:00,KAPI,15
SECURITY_DA,COMP,CLOSE_PRICE
-----------,----,-----------
1998-11-10 00:00:00,KAPI,20
1998-11-11 00:00:00,KAPI,19.5
1998-11-12 00:00:00,KAPI,20
1998-11-13 00:00:00,KAPI,20.25
1998-11-16 00:00:00,KAPI,20.25
1998-11-17 00:00:00,KAPI,21.75
1998-11-18 00:00:00,KAPI,20.25
1998-11-19 00:00:00,KAPI,20.25
1998-11-20 00:00:00,KAPI,20
1998-11-23 00:00:00,KAPI,18.5
1998-11-24 00:00:00,KAPI,20
1998-11-25 00:00:00,KAPI,20
1998-11-26 00:00:00,KAPI,20
1998-11-27 00:00:00,KAPI,19.5
1998-11-30 00:00:00,KAPI,20
1998-12-01 00:00:00,KAPI,19.75
1998-12-02 00:00:00,KAPI,18
1998-12-04 00:00:00,KAPI,18
1998-12-07 00:00:00,KAPI,18
1998-12-08 00:00:00,KAPI,16.25
1998-12-09 00:00:00,KAPI,17
SECURITY_DA,COMP,CLOSE_PRICE
-----------,----,-----------
1998-12-10 00:00:00,KAPI,18
1998-12-11 00:00:00,KAPI,18.5
1998-12-15 00:00:00,KAPI,18
1998-12-16 00:00:00,KAPI,18
1998-12-17 00:00:00,KAPI,18
1998-12-21 00:00:00,KAPI,18.5
1998-12-22 00:00:00,KAPI,18.75
1998-12-23 00:00:00,KAPI,19.5
1998-12-24 00:00:00,KAPI,21.25
1998-12-28 00:00:00,KAPI,20
1998-12-29 00:00:00,KAPI,20
1998-12-30 00:00:00,KAPI,21
1998-12-31 00:00:00,KAPI,21
1998-01-05 00:00:00,KCAB,33
1998-01-08 00:00:00,KCAB,35
1998-02-06 00:00:00,KCAB,35
1998-02-16 00:00:00,KCAB,30
1998-02-18 00:00:00,KCAB,30
1998-02-24 00:00:00,KCAB,30
1998-03-02 00:00:00,KCAB,32
1998-03-09 00:00:00,KCAB,32
SECURITY_DA,COMP,CLOSE_PRICE
-----------,----,-----------
1998-03-13 00:00:00,KCAB,31.5
1998-03-18 00:00:00,KCAB,31.25
1998-03-20 00:00:00,KCAB,32
1998-03-25 00:00:00,KCAB,32
1998-03-31 00:00:00,KCAB,31
1998-04-24 00:00:00,KCAB,35
1998-05-14 00:00:00,KCAB,25
1998-06-11 00:00:00,KCAB,27
1998-07-20 00:00:00,KCAB,28
1998-07-22 00:00:00,KCAB,28
1998-07-28 00:00:00,KCAB,28
1998-08-17 00:00:00,KCAB,26.25
1998-08-27 00:00:00,KCAB,26
1998-09-07 00:00:00,KCAB,22
1998-09-08 00:00:00,KCAB,21
1998-09-14 00:00:00,KCAB,21
1998-10-27 00:00:00,KCAB,20.75
1998-11-09 00:00:00,KCAB,20.25
1998-11-11 00:00:00,KCAB,25
1998-11-17 00:00:00,KCAB,28
1998-11-18 00:00:00,KCAB,25
SECURITY_DA,COMP,CLOSE_PRICE
-----------,----,-----------
1998-11-23 00:00:00,KCAB,25
1998-11-24 00:00:00,KCAB,25.75
1998-11-25 00:00:00,KCAB,25
1998-11-26 00:00:00,KCAB,25.25
1998-11-27 00:00:00,KCAB,25.25
1998-11-30 00:00:00,KCAB,27.25
1998-12-01 00:00:00,KCAB,35.5
1998-12-02 00:00:00,KCAB,36.5
1998-12-04 00:00:00,KCAB,35.5
1998-12-08 00:00:00,KCAB,33
1998-12-10 00:00:00,KCAB,32.5
1998-12-14 00:00:00,KCAB,33
1998-12-15 00:00:00,KCAB,33
1998-12-16 00:00:00,KCAB,33
1998-12-22 00:00:00,KCAB,34
1998-12-23 00:00:00,KCAB,35
1998-12-24 00:00:00,KCAB,38.5
1998-12-28 00:00:00,KCAB,45
1998-12-29 00:00:00,KCAB,45
1998-01-05 00:00:00,KDL,5
1998-01-06 00:00:00,KDL,6
SECURITY_DA,COMP,CLOSE_PRICE
-----------,----,-----------
1998-01-16 00:00:00,KDL,6
1998-01-20 00:00:00,KDL,5
1998-01-22 00:00:00,KDL,5
1998-01-26 00:00:00,KDL,5
1998-01-27 00:00:00,KDL,5
1998-01-28 00:00:00,KDL,5
1998-02-09 00:00:00,KDL,5
1998-02-17 00:00:00,KDL,5
1998-02-20 00:00:00,KDL,4.75
1998-02-23 00:00:00,KDL,4.75
1998-02-24 00:00:00,KDL,4.75
1998-03-02 00:00:00,KDL,4.5
1998-03-05 00:00:00,KDL,4.25
1998-03-06 00:00:00,KDL,4.25
1998-03-09 00:00:00,KDL,4
1998-03-10 00:00:00,KDL,4
1998-03-11 00:00:00,KDL,4
1998-03-16 00:00:00,KDL,4
1998-03-17 00:00:00,KDL,4
1998-03-18 00:00:00,KDL,4
1998-03-20 00:00:00,KDL,3.75
SECURITY_DA,COMP,CLOSE_PRICE
-----------,----,-----------
1998-03-24 00:00:00,KDL,4
1998-03-27 00:00:00,KDL,4
1998-04-02 00:00:00,KDL,3.75
1998-04-03 00:00:00,KDL,3.75
1998-04-16 00:00:00,KDL,3.75
1998-04-17 00:00:00,KDL,3.75
1998-04-20 00:00:00,KDL,3.75
1998-04-27 00:00:00,KDL,3.5
1998-04-28 00:00:00,KDL,3.5
1998-04-29 00:00:00,KDL,3.5
1998-04-30 00:00:00,KDL,3.5
1998-05-06 00:00:00,KDL,3.75
1998-05-08 00:00:00,KDL,3.5
1998-05-13 00:00:00,KDL,4.25
1998-05-14 00:00:00,KDL,3.5
1998-05-18 00:00:00,KDL,3.5
1998-05-19 00:00:00,KDL,3.5
1998-05-20 00:00:00,KDL,3.75
1998-05-21 00:00:00,KDL,3.75
1998-05-25 00:00:00,KDL,3.5
1998-05-29 00:00:00,KDL,3.5
SECURITY_DA,COMP,CLOSE_PRICE
-----------,----,-----------
1998-06-04 00:00:00,KDL,3.5
1998-06-05 00:00:00,KDL,3.5
1998-06-08 00:00:00,KDL,3.75
1998-06-10 00:00:00,KDL,3.75
1998-06-11 00:00:00,KDL,3.75
1998-06-17 00:00:00,KDL,4
1998-06-19 00:00:00,KDL,4
1998-06-22 00:00:00,KDL,4.25
1998-06-23 00:00:00,KDL,4.25
1998-06-24 00:00:00,KDL,4.5
1998-06-25 00:00:00,KDL,4
1998-06-29 00:00:00,KDL,4.5
1998-06-30 00:00:00,KDL,4.25
1998-07-01 00:00:00,KDL,5
1998-07-06 00:00:00,KDL,5.5
1998-07-08 00:00:00,KDL,5
1998-07-10 00:00:00,KDL,4.5
1998-07-13 00:00:00,KDL,4.5
1998-07-14 00:00:00,KDL,4.5
1998-07-15 00:00:00,KDL,4.5
1998-07-16 00:00:00,KDL,4.5
SECURITY_DA,COMP,CLOSE_PRICE
-----------,----,-----------
1998-07-17 00:00:00,KDL,4.5
1998-07-20 00:00:00,KDL,4.5
1998-07-23 00:00:00,KDL,4.75
1998-07-24 00:00:00,KDL,4.5
1998-07-27 00:00:00,KDL,4.75
1998-07-28 00:00:00,KDL,4.75
1998-07-29 00:00:00,KDL,4.75
1998-07-30 00:00:00,KDL,5
1998-08-05 00:00:00,KDL,5.5
1998-08-06 00:00:00,KDL,6
1998-08-10 00:00:00,KDL,6
1998-08-11 00:00:00,KDL,6
1998-08-14 00:00:00,KDL,5.5
1998-08-21 00:00:00,KDL,5
1998-08-25 00:00:00,KDL,4.5
1998-08-27 00:00:00,KDL,4.5
1998-08-28 00:00:00,KDL,4.5
1998-09-02 00:00:00,KDL,3.5
1998-09-03 00:00:00,KDL,3.5
1998-09-09 00:00:00,KDL,3.5
1998-09-14 00:00:00,KDL,3.75
SECURITY_DA,COMP,CLOSE_PRICE
-----------,----,-----------
1998-09-15 00:00:00,KDL,4
1998-09-17 00:00:00,KDL,4
1998-09-24 00:00:00,KDL,4.5
1998-09-25 00:00:00,KDL,4.5
1998-10-01 00:00:00,KDL,5
1998-10-02 00:00:00,KDL,5
1998-10-07 00:00:00,KDL,5
1998-10-08 00:00:00,KDL,5
1998-10-12 00:00:00,KDL,5
1998-10-16 00:00:00,KDL,5
1998-10-19 00:00:00,KDL,5
1998-10-20 00:00:00,KDL,5.5
1998-10-23 00:00:00,KDL,5.25
1998-10-26 00:00:00,KDL,5.25
1998-10-28 00:00:00,KDL,5.5
1998-11-04 00:00:00,KDL,5.75
1998-11-05 00:00:00,KDL,6
1998-11-06 00:00:00,KDL,6.25
1998-11-10 00:00:00,KDL,6.25
1998-11-11 00:00:00,KDL,6
1998-11-12 00:00:00,KDL,6.25
SECURITY_DA,COMP,CLOSE_PRICE
-----------,----,-----------
1998-11-16 00:00:00,KDL,7
1998-11-23 00:00:00,KDL,7
1998-11-26 00:00:00,KDL,6.75
1998-12-01 00:00:00,KDL,7.25
1998-12-02 00:00:00,KDL,6.5
1998-12-07 00:00:00,KDL,6
1998-12-08 00:00:00,KDL,5.5
1998-12-09 00:00:00,KDL,6
1998-12-10 00:00:00,KDL,6
1998-12-14 00:00:00,KDL,6
1998-12-15 00:00:00,KDL,5.5
1998-12-22 00:00:00,KDL,5.5
1998-12-23 00:00:00,KDL,6.75
1998-12-24 00:00:00,KDL,7.5
1998-12-28 00:00:00,KDL,6.5
1998-12-30 00:00:00,KDL,6.75
1998-12-31 00:00:00,KDL,6.75
1998-01-09 00:00:00,KFP,16.25
1998-01-13 00:00:00,KFP,15
1998-01-19 00:00:00,KFP,13
1998-01-28 00:00:00,KFP,10
SECURITY_DA,COMP,CLOSE_PRICE
-----------,----,-----------
1998-02-06 00:00:00,KFP,13
1998-02-17 00:00:00,KFP,13
1998-03-20 00:00:00,KFP,12
1998-03-23 00:00:00,KFP,12
1998-03-24 00:00:00,KFP,12
1998-03-27 00:00:00,KFP,12
1998-03-30 00:00:00,KFP,12
1998-04-01 00:00:00,KFP,11.5
1998-04-03 00:00:00,KFP,10
1998-04-06 00:00:00,KFP,10
1998-04-16 00:00:00,KFP,10
1998-04-21 00:00:00,KFP,12
1998-04-22 00:00:00,KFP,12
1998-04-23 00:00:00,KFP,10.25
1998-04-24 00:00:00,KFP,13
1998-04-27 00:00:00,KFP,11.25
1998-04-28 00:00:00,KFP,14.5
1998-04-30 00:00:00,KFP,14.25
1998-05-04 00:00:00,KFP,14.5
1998-05-06 00:00:00,KFP,14
1998-05-08 00:00:00,KFP,14.5
SECURITY_DA,COMP,CLOSE_PRICE
-----------,----,-----------
1998-05-13 00:00:00,KFP,12.5
1998-05-14 00:00:00,KFP,12.5
1998-05-15 00:00:00,KFP,12.5
1998-05-18 00:00:00,KFP,12
1998-05-19 00:00:00,KFP,12
1998-05-20 00:00:00,KFP,11.5
1998-05-25 00:00:00,KFP,11
1998-05-27 00:00:00,KFP,11
1998-05-28 00:00:00,KFP,11
1998-05-29 00:00:00,KFP,10
1998-06-02 00:00:00,KFP,10
1998-06-10 00:00:00,KFP,10.5
1998-06-11 00:00:00,KFP,10.5
1998-06-12 00:00:00,KFP,10.5
1998-06-15 00:00:00,KFP,10.5
1998-06-16 00:00:00,KFP,10
1998-06-25 00:00:00,KFP,10
1998-07-16 00:00:00,KFP,10
1998-07-17 00:00:00,KFP,10
1998-07-29 00:00:00,KFP,8
1998-08-04 00:00:00,KFP,9.75
SECURITY_DA,COMP,CLOSE_PRICE
-----------,----,-----------
1998-08-06 00:00:00,KFP,10.5
1998-10-13 00:00:00,KFP,10
1998-10-16 00:00:00,KFP,10
1998-10-19 00:00:00,KFP,11.5
1998-10-20 00:00:00,KFP,12.5
1998-10-22 00:00:00,KFP,12.25
1998-10-26 00:00:00,KFP,12
1998-10-28 00:00:00,KFP,12.5
1998-10-29 00:00:00,KFP,12
1998-11-11 00:00:00,KFP,12
1998-11-16 00:00:00,KFP,14
1998-11-17 00:00:00,KFP,13.75
1998-11-19 00:00:00,KFP,14
1998-11-20 00:00:00,KFP,13.5
1998-11-27 00:00:00,KFP,14
1998-11-30 00:00:00,KFP,14
1998-12-01 00:00:00,KFP,13.5
1998-12-07 00:00:00,KFP,13.75
1998-12-08 00:00:00,KFP,13.75
1998-12-14 00:00:00,KFP,13.75
1998-12-17 00:00:00,KFP,13
SECURITY_DA,COMP,CLOSE_PRICE
-----------,----,-----------
1998-12-29 00:00:00,KFP,14.5
1998-12-30 00:00:00,KFP,14.5
1998-01-02 00:00:00,KGAL,31.5
1998-01-05 00:00:00,KGAL,31.75
1998-01-06 00:00:00,KGAL,31.5
1998-01-08 00:00:00,KGAL,30.5
1998-01-15 00:00:00,KGAL,27.5
1998-01-16 00:00:00,KGAL,27
1998-01-19 00:00:00,KGAL,27
1998-01-20 00:00:00,KGAL,27
1998-01-21 00:00:00,KGAL,26.5
1998-01-22 00:00:00,KGAL,26.25
1998-01-23 00:00:00,KGAL,26
1998-01-26 00:00:00,KGAL,26
1998-01-29 00:00:00,KGAL,25.5
1998-01-30 00:00:00,KGAL,26
1998-02-02 00:00:00,KGAL,25
1998-02-06 00:00:00,KGAL,26
1998-02-09 00:00:00,KGAL,26.25
1998-02-11 00:00:00,KGAL,26.25
1998-02-12 00:00:00,KGAL,26.5
SECURITY_DA,COMP,CLOSE_PRICE
-----------,----,-----------
1998-02-13 00:00:00,KGAL,26.75
1998-02-16 00:00:00,KGAL,27
1998-02-18 00:00:00,KGAL,29
1998-02-19 00:00:00,KGAL,30
1998-02-24 00:00:00,KGAL,28
1998-02-25 00:00:00,KGAL,27.25
1998-02-26 00:00:00,KGAL,27.25
1998-02-27 00:00:00,KGAL,27
1998-03-02 00:00:00,KGAL,27.5
1998-03-03 00:00:00,KGAL,27.75
1998-03-04 00:00:00,KGAL,28.25
1998-03-05 00:00:00,KGAL,29
1998-03-06 00:00:00,KGAL,29
1998-03-09 00:00:00,KGAL,28.5
1998-03-10 00:00:00,KGAL,28.25
1998-03-13 00:00:00,KGAL,28.75
1998-03-16 00:00:00,KGAL,28.75
1998-03-17 00:00:00,KGAL,29
1998-03-18 00:00:00,KGAL,29.5
1998-03-19 00:00:00,KGAL,31.75
1998-03-20 00:00:00,KGAL,31.25
SECURITY_DA,COMP,CLOSE_PRICE
-----------,----,-----------
1998-03-23 00:00:00,KGAL,33
1998-03-24 00:00:00,KGAL,32
1998-03-25 00:00:00,KGAL,31
1998-03-27 00:00:00,KGAL,32
1998-03-30 00:00:00,KGAL,32
1998-03-31 00:00:00,KGAL,33
1998-04-01 00:00:00,KGAL,33
1998-04-02 00:00:00,KGAL,32
1998-04-06 00:00:00,KGAL,33
1998-04-07 00:00:00,KGAL,33
1998-04-08 00:00:00,KGAL,33.5
1998-04-09 00:00:00,KGAL,35
1998-04-15 00:00:00,KGAL,36
1998-04-16 00:00:00,KGAL,36
1998-04-17 00:00:00,KGAL,36.75
1998-04-20 00:00:00,KGAL,37
1998-04-21 00:00:00,KGAL,36.75
1998-04-22 00:00:00,KGAL,37.5
1998-04-23 00:00:00,KGAL,38
1998-04-24 00:00:00,KGAL,38
1998-04-27 00:00:00,KGAL,38
SECURITY_DA,COMP,CLOSE_PRICE
-----------,----,-----------
1998-04-28 00:00:00,KGAL,39
1998-04-29 00:00:00,KGAL,41.25
1998-04-30 00:00:00,KGAL,45
1998-05-04 00:00:00,KGAL,49
1998-05-05 00:00:00,KGAL,48
1998-05-06 00:00:00,KGAL,45
1998-05-07 00:00:00,KGAL,46
1998-05-08 00:00:00,KGAL,48
1998-05-13 00:00:00,KGAL,47
1998-05-14 00:00:00,KGAL,45.25
1998-05-15 00:00:00,KGAL,44
1998-05-18 00:00:00,KGAL,44.5
1998-05-19 00:00:00,KGAL,42.25
1998-05-20 00:00:00,KGAL,41
1998-05-21 00:00:00,KGAL,41.25
1998-05-22 00:00:00,KGAL,44.25
1998-05-25 00:00:00,KGAL,44
1998-05-26 00:00:00,KGAL,42.5
1998-05-27 00:00:00,KGAL,40
1998-05-28 00:00:00,KGAL,39
1998-05-29 00:00:00,KGAL,38
SECURITY_DA,COMP,CLOSE_PRICE
-----------,----,-----------
1998-06-01 00:00:00,KGAL,37
1998-06-02 00:00:00,KGAL,39.5
1998-06-03 00:00:00,KGAL,38.75
1998-06-04 00:00:00,KGAL,37
1998-06-05 00:00:00,KGAL,38
1998-06-08 00:00:00,KGAL,38
1998-06-10 00:00:00,KGAL,37
1998-06-11 00:00:00,KGAL,35.25
1998-06-12 00:00:00,KGAL,30
1998-06-15 00:00:00,KGAL,27
1998-06-16 00:00:00,KGAL,27.25
1998-06-17 00:00:00,KGAL,27
1998-06-18 00:00:00,KGAL,28
1998-06-19 00:00:00,KGAL,27
1998-06-22 00:00:00,KGAL,26.5
1998-06-23 00:00:00,KGAL,26
1998-06-24 00:00:00,KGAL,23.5
1998-06-25 00:00:00,KGAL,23
1998-06-26 00:00:00,KGAL,25.5
1998-06-29 00:00:00,KGAL,25.5
1998-06-30 00:00:00,KGAL,25.25
SECURITY_DA,COMP,CLOSE_PRICE
-----------,----,-----------
1998-07-01 00:00:00,KGAL,27
1998-07-02 00:00:00,KGAL,28.5
1998-07-03 00:00:00,KGAL,30
1998-07-06 00:00:00,KGAL,28
1998-07-08 00:00:00,KGAL,28
1998-07-10 00:00:00,KGAL,30
1998-07-13 00:00:00,KGAL,30
1998-07-14 00:00:00,KGAL,29
1998-07-15 00:00:00,KGAL,28.5
1998-07-16 00:00:00,KGAL,27.5
1998-07-17 00:00:00,KGAL,26.5
1998-07-20 00:00:00,KGAL,27
1998-07-21 00:00:00,KGAL,27
1998-07-22 00:00:00,KGAL,27.5
1998-07-23 00:00:00,KGAL,27
1998-07-24 00:00:00,KGAL,30
1998-07-27 00:00:00,KGAL,27
1998-07-28 00:00:00,KGAL,28
1998-07-30 00:00:00,KGAL,28.25
1998-07-31 00:00:00,KGAL,28.25
1998-08-03 00:00:00,KGAL,28
SECURITY_DA,COMP,CLOSE_PRICE
-----------,----,-----------
1998-08-04 00:00:00,KGAL,26.75
1998-08-05 00:00:00,KGAL,26.5
1998-08-06 00:00:00,KGAL,26.5
1998-08-10 00:00:00,KGAL,26.5
1998-08-11 00:00:00,KGAL,26.25
1998-08-12 00:00:00,KGAL,26.25
1998-08-13 00:00:00,KGAL,26.5
1998-08-14 00:00:00,KGAL,26
1998-08-17 00:00:00,KGAL,25.25
1998-08-18 00:00:00,KGAL,23.75
1998-08-19 00:00:00,KGAL,24
1998-08-20 00:00:00,KGAL,24
1998-08-21 00:00:00,KGAL,22
1998-08-24 00:00:00,KGAL,22
1998-08-25 00:00:00,KGAL,18
1998-08-26 00:00:00,KGAL,20
1998-08-27 00:00:00,KGAL,20
1998-08-28 00:00:00,KGAL,19
1998-08-31 00:00:00,KGAL,17
1998-09-01 00:00:00,KGAL,18
1998-09-02 00:00:00,KGAL,15
SECURITY_DA,COMP,CLOSE_PRICE
-----------,----,-----------
1998-09-03 00:00:00,KGAL,15.25
1998-09-04 00:00:00,KGAL,15.25
1998-09-07 00:00:00,KGAL,15.25
1998-09-08 00:00:00,KGAL,16.75
1998-09-09 00:00:00,KGAL,15.5
1998-09-10 00:00:00,KGAL,16.75
1998-09-11 00:00:00,KGAL,16.75
1998-09-15 00:00:00,KGAL,17
1998-09-16 00:00:00,KGAL,20
1998-09-17 00:00:00,KGAL,18
1998-09-18 00:00:00,KGAL,17
1998-09-22 00:00:00,KGAL,17.5
1998-09-23 00:00:00,KGAL,17.5
1998-09-24 00:00:00,KGAL,18.5
1998-09-25 00:00:00,KGAL,19
1998-09-28 00:00:00,KGAL,19
1998-09-29 00:00:00,KGAL,18
1998-09-30 00:00:00,KGAL,17.5
1998-10-01 00:00:00,KGAL,17.5
1998-10-02 00:00:00,KGAL,17.25
1998-10-06 00:00:00,KGAL,16.75
SECURITY_DA,COMP,CLOSE_PRICE
-----------,----,-----------
1998-10-07 00:00:00,KGAL,16
1998-10-08 00:00:00,KGAL,16.75
1998-10-09 00:00:00,KGAL,16.75
1998-10-12 00:00:00,KGAL,16.5
1998-10-13 00:00:00,KGAL,15.75
1998-10-14 00:00:00,KGAL,15
1998-10-15 00:00:00,KGAL,13.75
1998-10-16 00:00:00,KGAL,15
1998-10-19 00:00:00,KGAL,16.5
1998-10-20 00:00:00,KGAL,16.5
1998-10-21 00:00:00,KGAL,16
1998-10-23 00:00:00,KGAL,15
1998-10-26 00:00:00,KGAL,15
1998-10-27 00:00:00,KGAL,15
1998-10-28 00:00:00,KGAL,15.25
1998-10-29 00:00:00,KGAL,15
1998-10-30 00:00:00,KGAL,15
1998-11-02 00:00:00,KGAL,15
1998-11-04 00:00:00,KGAL,14.5
1998-11-05 00:00:00,KGAL,14.25
1998-11-06 00:00:00,KGAL,14.25
SECURITY_DA,COMP,CLOSE_PRICE
-----------,----,-----------
1998-11-09 00:00:00,KGAL,14.5
1998-11-10 00:00:00,KGAL,14
1998-11-11 00:00:00,KGAL,13.5
1998-11-12 00:00:00,KGAL,13.5
1998-11-13 00:00:00,KGAL,13.5
1998-11-16 00:00:00,KGAL,13.75
1998-11-17 00:00:00,KGAL,13.75
1998-11-19 00:00:00,KGAL,13.5
1998-11-20 00:00:00,KGAL,13
1998-11-23 00:00:00,KGAL,13
1998-11-24 00:00:00,KGAL,12.5
1998-11-25 00:00:00,KGAL,14.5
1998-11-26 00:00:00,KGAL,14
1998-11-27 00:00:00,KGAL,14.25
1998-11-30 00:00:00,KGAL,14.5
1998-12-01 00:00:00,KGAL,14.25
1998-12-02 00:00:00,KGAL,14
1998-12-04 00:00:00,KGAL,13.5
1998-12-07 00:00:00,KGAL,14.5
1998-12-08 00:00:00,KGAL,13.5
1998-12-09 00:00:00,KGAL,13.5
SECURITY_DA,COMP,CLOSE_PRICE
-----------,----,-----------
1998-12-10 00:00:00,KGAL,13.25
1998-12-11 00:00:00,KGAL,13.25
1998-12-14 00:00:00,KGAL,13.25
1998-12-15 00:00:00,KGAL,13.25
1998-12-17 00:00:00,KGAL,13
1998-12-22 00:00:00,KGAL,12
1998-12-23 00:00:00,KGAL,14
1998-12-28 00:00:00,KGAL,13.5
1998-12-29 00:00:00,KGAL,12
1998-12-31 00:00:00,KGAL,12.75
1998-01-23 00:00:00,KHC,20
1998-01-27 00:00:00,KHC,19
1998-01-29 00:00:00,KHC,19
1998-02-03 00:00:00,KHC,19
1998-02-11 00:00:00,KHC,20
1998-02-18 00:00:00,KHC,20
1998-02-19 00:00:00,KHC,20
1998-03-05 00:00:00,KHC,20
1998-03-11 00:00:00,KHC,20.5
1998-03-16 00:00:00,KHC,21
1998-04-03 00:00:00,KHC,20
SECURITY_DA,COMP,CLOSE_PRICE
-----------,----,-----------
1998-04-23 00:00:00,KHC,20
1998-04-24 00:00:00,KHC,21
1998-07-16 00:00:00,KHC,23
1998-07-21 00:00:00,KHC,22
1998-08-25 00:00:00,KHC,30
1998-09-11 00:00:00,KHC,32
1998-01-05 00:00:00,KINN,26.25
1998-01-23 00:00:00,KINN,40
1998-01-26 00:00:00,KINN,38
1998-01-27 00:00:00,KINN,38
1998-01-28 00:00:00,KINN,28
1998-02-03 00:00:00,KINN,25
1998-02-11 00:00:00,KINN,25
1998-02-18 00:00:00,KINN,25
1998-02-20 00:00:00,KINN,25
1998-02-24 00:00:00,KINN,25.25
1998-02-26 00:00:00,KINN,26
1998-03-02 00:00:00,KINN,26
1998-03-04 00:00:00,KINN,26
1998-03-05 00:00:00,KINN,26
1998-03-11 00:00:00,KINN,26
SECURITY_DA,COMP,CLOSE_PRICE
-----------,----,-----------
1998-03-18 00:00:00,KINN,26
1998-03-19 00:00:00,KINN,26
1998-03-24 00:00:00,KINN,27
1998-03-27 00:00:00,KINN,26
1998-04-02 00:00:00,KINN,29.5
1998-04-21 00:00:00,KINN,29.5
1998-04-23 00:00:00,KINN,30
1998-04-29 00:00:00,KINN,31
1998-05-21 00:00:00,KINN,31
1998-05-29 00:00:00,KINN,25
1998-06-05 00:00:00,KINN,24.5
1998-06-11 00:00:00,KINN,24
1998-06-12 00:00:00,KINN,22
1998-07-15 00:00:00,KINN,21
1998-07-24 00:00:00,KINN,25
1998-08-13 00:00:00,KINN,25
1998-08-14 00:00:00,KINN,25
1998-08-18 00:00:00,KINN,20
1998-09-11 00:00:00,KINN,21
1998-09-15 00:00:00,KINN,21
1998-12-08 00:00:00,KINN,21
SECURITY_DA,COMP,CLOSE_PRICE
-----------,----,-----------
1998-12-10 00:00:00,KINN,21
1998-12-11 00:00:00,KINN,20
1998-12-29 00:00:00,KINN,21
1998-01-02 00:00:00,KOTA,30.5
1998-01-05 00:00:00,KOTA,32
1998-01-06 00:00:00,KOTA,32
1998-01-16 00:00:00,KOTA,29
1998-01-23 00:00:00,KOTA,29
1998-01-30 00:00:00,KOTA,29
1998-02-13 00:00:00,KOTA,29
1998-02-16 00:00:00,KOTA,29
1998-02-17 00:00:00,KOTA,31.5
1998-02-18 00:00:00,KOTA,31.25
1998-02-19 00:00:00,KOTA,31.5
1998-02-20 00:00:00,KOTA,31.5
1998-02-24 00:00:00,KOTA,31
1998-03-05 00:00:00,KOTA,28
1998-03-09 00:00:00,KOTA,30
1998-03-10 00:00:00,KOTA,30
1998-03-11 00:00:00,KOTA,30
1998-03-13 00:00:00,KOTA,30
SECURITY_DA,COMP,CLOSE_PRICE
-----------,----,-----------
1998-03-17 00:00:00,KOTA,30
1998-03-19 00:00:00,KOTA,30
1998-03-20 00:00:00,KOTA,30
1998-03-23 00:00:00,KOTA,33
1998-03-24 00:00:00,KOTA,32.5
1998-03-27 00:00:00,KOTA,30
1998-04-01 00:00:00,KOTA,30
1998-04-02 00:00:00,KOTA,28
1998-04-03 00:00:00,KOTA,26
1998-04-06 00:00:00,KOTA,25
1998-04-07 00:00:00,KOTA,29.25
1998-04-08 00:00:00,KOTA,28
1998-04-09 00:00:00,KOTA,28.5
1998-04-15 00:00:00,KOTA,29
1998-04-16 00:00:00,KOTA,29
1998-04-17 00:00:00,KOTA,30
1998-04-20 00:00:00,KOTA,30
1998-04-21 00:00:00,KOTA,30.5
1998-04-22 00:00:00,KOTA,32.5
1998-04-23 00:00:00,KOTA,33
1998-04-24 00:00:00,KOTA,34
SECURITY_DA,COMP,CLOSE_PRICE
-----------,----,-----------
1998-04-27 00:00:00,KOTA,33.75
1998-04-28 00:00:00,KOTA,37
1998-04-29 00:00:00,KOTA,37.75
1998-04-30 00:00:00,KOTA,39.25
1998-05-04 00:00:00,KOTA,42.25
1998-05-05 00:00:00,KOTA,45
1998-05-06 00:00:00,KOTA,46.25
1998-05-07 00:00:00,KOTA,45.75
1998-05-08 00:00:00,KOTA,47
1998-05-13 00:00:00,KOTA,45
1998-05-14 00:00:00,KOTA,44.5
1998-05-15 00:00:00,KOTA,44
1998-05-18 00:00:00,KOTA,43
1998-05-19 00:00:00,KOTA,42
1998-05-20 00:00:00,KOTA,40
1998-05-21 00:00:00,KOTA,40
1998-05-22 00:00:00,KOTA,43
1998-05-25 00:00:00,KOTA,44
1998-05-26 00:00:00,KOTA,42.5
1998-05-27 00:00:00,KOTA,40
1998-05-28 00:00:00,KOTA,38.25
SECURITY_DA,COMP,CLOSE_PRICE
-----------,----,-----------
1998-05-29 00:00:00,KOTA,41
1998-06-01 00:00:00,KOTA,34
1998-06-02 00:00:00,KOTA,38
1998-06-03 00:00:00,KOTA,36.5
1998-06-04 00:00:00,KOTA,33.25
1998-06-05 00:00:00,KOTA,33
1998-06-08 00:00:00,KOTA,37
1998-06-10 00:00:00,KOTA,36
1998-06-11 00:00:00,KOTA,33
1998-06-12 00:00:00,KOTA,29.25
1998-06-15 00:00:00,KOTA,26
1998-06-16 00:00:00,KOTA,28
1998-06-17 00:00:00,KOTA,26
1998-06-18 00:00:00,KOTA,28
1998-06-19 00:00:00,KOTA,28.25
1998-06-22 00:00:00,KOTA,28.5
1998-06-23 00:00:00,KOTA,25
1998-06-24 00:00:00,KOTA,24
1998-06-25 00:00:00,KOTA,22
1998-06-26 00:00:00,KOTA,25
1998-06-29 00:00:00,KOTA,25
SECURITY_DA,COMP,CLOSE_PRICE
-----------,----,-----------
1998-06-30 00:00:00,KOTA,26
1998-07-01 00:00:00,KOTA,27
1998-07-02 00:00:00,KOTA,29.5
1998-07-03 00:00:00,KOTA,29
1998-07-08 00:00:00,KOTA,28.5
1998-07-10 00:00:00,KOTA,29.5
1998-07-13 00:00:00,KOTA,29
1998-07-14 00:00:00,KOTA,29
1998-07-15 00:00:00,KOTA,26
1998-07-16 00:00:00,KOTA,29
1998-07-17 00:00:00,KOTA,28.75
1998-07-20 00:00:00,KOTA,26
1998-07-21 00:00:00,KOTA,26
1998-07-22 00:00:00,KOTA,26.5
1998-07-23 00:00:00,KOTA,26.5
1998-07-24 00:00:00,KOTA,26.5
1998-07-27 00:00:00,KOTA,26
1998-07-28 00:00:00,KOTA,26
1998-07-29 00:00:00,KOTA,26
1998-07-30 00:00:00,KOTA,26
1998-07-31 00:00:00,KOTA,26.25
SECURITY_DA,COMP,CLOSE_PRICE
-----------,----,-----------
1998-08-03 00:00:00,KOTA,26
1998-08-04 00:00:00,KOTA,25.5
1998-08-05 00:00:00,KOTA,25.75
1998-08-06 00:00:00,KOTA,26.5
1998-08-11 00:00:00,KOTA,25.5
1998-08-12 00:00:00,KOTA,25.75
1998-08-13 00:00:00,KOTA,25.5
1998-08-14 00:00:00,KOTA,23
1998-08-17 00:00:00,KOTA,25
1998-08-18 00:00:00,KOTA,24.5
1998-08-19 00:00:00,KOTA,23
1998-08-21 00:00:00,KOTA,24.5
1998-08-24 00:00:00,KOTA,20.75
1998-08-25 00:00:00,KOTA,18.5
1998-08-26 00:00:00,KOTA,19.5
1998-08-27 00:00:00,KOTA,20.5
1998-08-28 00:00:00,KOTA,18
1998-08-31 00:00:00,KOTA,15
1998-09-01 00:00:00,KOTA,14
1998-09-02 00:00:00,KOTA,13.25
1998-09-03 00:00:00,KOTA,13.5
SECURITY_DA,COMP,CLOSE_PRICE
-----------,----,-----------
1998-09-04 00:00:00,KOTA,14
1998-09-07 00:00:00,KOTA,14
1998-09-08 00:00:00,KOTA,16
1998-09-09 00:00:00,KOTA,15
1998-09-10 00:00:00,KOTA,15.75
1998-09-14 00:00:00,KOTA,14.5
1998-09-15 00:00:00,KOTA,15.5
1998-09-16 00:00:00,KOTA,16.5
1998-09-17 00:00:00,KOTA,16.5
1998-09-18 00:00:00,KOTA,15.5
1998-09-21 00:00:00,KOTA,16.5
1998-09-22 00:00:00,KOTA,16.75
1998-09-23 00:00:00,KOTA,16.75
1998-09-24 00:00:00,KOTA,17
1998-09-25 00:00:00,KOTA,17.25
1998-09-28 00:00:00,KOTA,17
1998-09-29 00:00:00,KOTA,16
1998-09-30 00:00:00,KOTA,16.25
1998-10-02 00:00:00,KOTA,15.25
1998-10-07 00:00:00,KOTA,15
1998-10-08 00:00:00,KOTA,15
SECURITY_DA,COMP,CLOSE_PRICE
-----------,----,-----------
1998-10-09 00:00:00,KOTA,14.25
1998-10-12 00:00:00,KOTA,14.25
1998-10-13 00:00:00,KOTA,14.25
1998-10-14 00:00:00,KOTA,14
1998-10-15 00:00:00,KOTA,14
1998-10-16 00:00:00,KOTA,15
1998-10-20 00:00:00,KOTA,14
1998-10-21 00:00:00,KOTA,14
1998-10-22 00:00:00,KOTA,14
1998-10-23 00:00:00,KOTA,14
1998-10-26 00:00:00,KOTA,14
1998-10-27 00:00:00,KOTA,15
1998-10-29 00:00:00,KOTA,14
1998-10-30 00:00:00,KOTA,14
1998-11-02 00:00:00,KOTA,13.25
1998-11-04 00:00:00,KOTA,13.25
1998-11-05 00:00:00,KOTA,14
1998-11-06 00:00:00,KOTA,13.75
1998-11-09 00:00:00,KOTA,13.75
1998-11-10 00:00:00,KOTA,13
1998-11-11 00:00:00,KOTA,13
SECURITY_DA,COMP,CLOSE_PRICE
-----------,----,-----------
1998-11-12 00:00:00,KOTA,12.5
1998-11-13 00:00:00,KOTA,12.75
1998-11-16 00:00:00,KOTA,13
1998-11-17 00:00:00,KOTA,13
1998-11-18 00:00:00,KOTA,12.5
1998-11-19 00:00:00,KOTA,13
1998-11-20 00:00:00,KOTA,12.75
1998-11-23 00:00:00,KOTA,11.75
1998-11-24 00:00:00,KOTA,12.5
1998-11-25 00:00:00,KOTA,13.5
1998-11-26 00:00:00,KOTA,12.5
1998-11-27 00:00:00,KOTA,11.75
1998-11-30 00:00:00,KOTA,11.75
1998-12-01 00:00:00,KOTA,11.5
1998-12-02 00:00:00,KOTA,11.25
1998-12-04 00:00:00,KOTA,11
1998-12-07 00:00:00,KOTA,11.25
1998-12-08 00:00:00,KOTA,11
1998-12-09 00:00:00,KOTA,10
1998-12-10 00:00:00,KOTA,10
1998-12-11 00:00:00,KOTA,10
SECURITY_DA,COMP,CLOSE_PRICE
-----------,----,-----------
1998-12-14 00:00:00,KOTA,10
1998-12-15 00:00:00,KOTA,10
1998-12-16 00:00:00,KOTA,10
1998-12-17 00:00:00,KOTA,9.75
1998-12-18 00:00:00,KOTA,10
1998-12-21 00:00:00,KOTA,9.75
1998-12-22 00:00:00,KOTA,9.75
1998-12-23 00:00:00,KOTA,9.75
1998-12-28 00:00:00,KOTA,9.5
1998-12-30 00:00:00,KOTA,9.75
1998-12-31 00:00:00,KOTA,11.5
1998-01-05 00:00:00,KREA,9
1998-01-06 00:00:00,KREA,9
1998-01-07 00:00:00,KREA,8.75
1998-01-08 00:00:00,KREA,8.25
1998-01-09 00:00:00,KREA,8.25
1998-01-15 00:00:00,KREA,7.25
1998-01-20 00:00:00,KREA,7
1998-01-21 00:00:00,KREA,7
1998-01-22 00:00:00,KREA,7
1998-01-23 00:00:00,KREA,7
SECURITY_DA,COMP,CLOSE_PRICE
-----------,----,-----------
1998-01-26 00:00:00,KREA,5.75
1998-01-27 00:00:00,KREA,5.75
1998-01-28 00:00:00,KREA,5.75
1998-01-29 00:00:00,KREA,5.75
1998-01-30 00:00:00,KREA,5.75
1998-02-02 00:00:00,KREA,5.75
1998-02-03 00:00:00,KREA,5.75
1998-02-12 00:00:00,KREA,7
1998-02-13 00:00:00,KREA,7
1998-02-16 00:00:00,KREA,6.75
1998-02-17 00:00:00,KREA,6.75
1998-02-18 00:00:00,KREA,6.75
1998-02-19 00:00:00,KREA,6
1998-02-20 00:00:00,KREA,6.25
1998-02-23 00:00:00,KREA,6.25
1998-02-24 00:00:00,KREA,6
1998-02-25 00:00:00,KREA,5.75
1998-02-26 00:00:00,KREA,6
1998-03-03 00:00:00,KREA,6.5
1998-03-04 00:00:00,KREA,6.25
1998-03-06 00:00:00,KREA,6.25
SECURITY_DA,COMP,CLOSE_PRICE
-----------,----,-----------
1998-03-09 00:00:00,KREA,6.25
1998-03-10 00:00:00,KREA,6.25
1998-03-13 00:00:00,KREA,6.5
1998-03-17 00:00:00,KREA,6.25
1998-03-18 00:00:00,KREA,5.75
1998-03-19 00:00:00,KREA,6
1998-03-23 00:00:00,KREA,6
1998-03-25 00:00:00,KREA,6
1998-03-26 00:00:00,KREA,6
1998-03-27 00:00:00,KREA,6.25
1998-03-30 00:00:00,KREA,6
1998-04-01 00:00:00,KREA,5.75
1998-04-03 00:00:00,KREA,5.75
1998-04-06 00:00:00,KREA,5.5
1998-04-15 00:00:00,KREA,5.5
1998-04-16 00:00:00,KREA,5.5
1998-04-17 00:00:00,KREA,6
1998-04-20 00:00:00,KREA,5.75
1998-04-21 00:00:00,KREA,5.75
1998-04-22 00:00:00,KREA,6
1998-04-23 00:00:00,KREA,6
SECURITY_DA,COMP,CLOSE_PRICE
-----------,----,-----------
1998-04-24 00:00:00,KREA,6
1998-04-27 00:00:00,KREA,6
1998-04-28 00:00:00,KREA,6
1998-04-29 00:00:00,KREA,6
1998-04-30 00:00:00,KREA,5.5
1998-05-04 00:00:00,KREA,5.5
1998-05-05 00:00:00,KREA,5.5
1998-05-13 00:00:00,KREA,5
1998-05-14 00:00:00,KREA,5.5
1998-05-15 00:00:00,KREA,5
1998-05-18 00:00:00,KREA,5
1998-05-19 00:00:00,KREA,5
1998-05-20 00:00:00,KREA,5
1998-05-21 00:00:00,KREA,5
1998-05-22 00:00:00,KREA,4.5
1998-05-25 00:00:00,KREA,4.75
1998-05-27 00:00:00,KREA,4.5
1998-05-28 00:00:00,KREA,4.5
1998-05-29 00:00:00,KREA,4.5
1998-06-01 00:00:00,KREA,4
1998-06-02 00:00:00,KREA,4
SECURITY_DA,COMP,CLOSE_PRICE
-----------,----,-----------
1998-06-03 00:00:00,KREA,4
1998-06-04 00:00:00,KREA,3.75
1998-06-12 00:00:00,KREA,4
1998-06-16 00:00:00,KREA,2.75
1998-06-18 00:00:00,KREA,3
1998-06-19 00:00:00,KREA,4
1998-06-22 00:00:00,KREA,4
1998-06-24 00:00:00,KREA,3
1998-06-26 00:00:00,KREA,3
1998-06-30 00:00:00,KREA,3.25
1998-07-01 00:00:00,KREA,3
1998-07-02 00:00:00,KREA,3
1998-07-03 00:00:00,KREA,3
1998-07-06 00:00:00,KREA,3
1998-07-08 00:00:00,KREA,3
1998-07-10 00:00:00,KREA,3
1998-07-14 00:00:00,KREA,3
1998-07-15 00:00:00,KREA,3
1998-07-16 00:00:00,KREA,2.75
1998-07-17 00:00:00,KREA,2.75
1998-07-20 00:00:00,KREA,2.75
SECURITY_DA,COMP,CLOSE_PRICE
-----------,----,-----------
1998-07-21 00:00:00,KREA,2.75
1998-07-23 00:00:00,KREA,2.5
1998-07-24 00:00:00,KREA,2.5
1998-07-27 00:00:00,KREA,2.75
1998-07-28 00:00:00,KREA,2.75
1998-07-30 00:00:00,KREA,3.25
1998-07-31 00:00:00,KREA,3.25
1998-08-03 00:00:00,KREA,3.25
1998-08-04 00:00:00,KREA,3
1998-08-05 00:00:00,KREA,3.25
1998-08-06 00:00:00,KREA,3.5
1998-08-10 00:00:00,KREA,3.75
1998-08-11 00:00:00,KREA,3.75
1998-08-12 00:00:00,KREA,3.5
1998-08-13 00:00:00,KREA,3
1998-08-14 00:00:00,KREA,3
1998-08-18 00:00:00,KREA,3
1998-08-20 00:00:00,KREA,3.25
1998-08-24 00:00:00,KREA,2.75
1998-08-25 00:00:00,KREA,2.5
1998-08-26 00:00:00,KREA,2.75
SECURITY_DA,COMP,CLOSE_PRICE
-----------,----,-----------
1998-08-27 00:00:00,KREA,3.75
1998-08-28 00:00:00,KREA,4.5
1998-08-31 00:00:00,KREA,3.5
1998-09-01 00:00:00,KREA,3
1998-09-02 00:00:00,KREA,3.25
1998-09-03 00:00:00,KREA,3.25
1998-09-04 00:00:00,KREA,3.25
1998-09-07 00:00:00,KREA,3
1998-09-08 00:00:00,KREA,3.25
1998-09-09 00:00:00,KREA,3
1998-09-10 00:00:00,KREA,3
1998-09-14 00:00:00,KREA,3.25
1998-09-15 00:00:00,KREA,3.5
1998-09-16 00:00:00,KREA,3.25
1998-09-17 00:00:00,KREA,3.25
1998-09-18 00:00:00,KREA,3.25
1998-09-21 00:00:00,KREA,3.25
1998-09-22 00:00:00,KREA,3.25
1998-09-23 00:00:00,KREA,3.25
1998-09-25 00:00:00,KREA,3.5
1998-09-28 00:00:00,KREA,3.25
SECURITY_DA,COMP,CLOSE_PRICE
-----------,----,-----------
1998-09-29 00:00:00,KREA,3.25
1998-09-30 00:00:00,KREA,1.75
1998-10-01 00:00:00,KREA,2.75
1998-10-02 00:00:00,KREA,2.75
1998-12-11 00:00:00,KREA,3.75
1998-12-14 00:00:00,KREA,3.5
1998-12-15 00:00:00,KREA,3.5
1998-12-17 00:00:00,KREA,3.5
1998-12-18 00:00:00,KREA,4
1998-12-21 00:00:00,KREA,4
1998-12-22 00:00:00,KREA,4
1998-12-23 00:00:00,KREA,3.75
1998-12-28 00:00:00,KREA,4
1998-12-29 00:00:00,KREA,4
1998-12-30 00:00:00,KREA,4
1998-12-31 00:00:00,KREA,3.75
1998-02-16 00:00:00,KURU,5
1998-02-25 00:00:00,KURU,5.25
1998-03-10 00:00:00,KURU,7.5
1998-03-16 00:00:00,KURU,7.5
1998-03-18 00:00:00,KURU,7.5
1998-04-03 00:00:00,KURU,7.5
1998-04-16 00:00:00,KURU,7.5
1998-04-23 00:00:00,KURU,7.5
1998-04-28 00:00:00,KURU,8
1998-04-30 00:00:00,KURU,10
1998-05-04 00:00:00,KURU,11
1998-05-14 00:00:00,KURU,12
1998-05-18 00:00:00,KURU,12
1998-05-25 00:00:00,KURU,13
1998-07-13 00:00:00,KURU,7
1998-10-07 00:00:00,KURU,6
1998-10-20 00:00:00,KURU,4
1998-10-21 00:00:00,KURU,4.5
1998-10-23 00:00:00,KURU,5
1998-10-27 00:00:00,KURU,5
1998-11-05 00:00:00,KURU,5.5
1998-11-20 00:00:00,KURU,4.75
1998-11-26 00:00:00,KURU,5.5
1998-12-18 00:00:00,KURU,6.25
1998-01-02 00:00:00,KVAL,31.25
1998-01-05 00:00:00,KVAL,31.5
1998-01-08 00:00:00,KVAL,31.5
1998-01-09 00:00:00,KVAL,31.75
1998-01-13 00:00:00,KVAL,31
1998-01-20 00:00:00,KVAL,30
1998-01-26 00:00:00,KVAL,30
1998-01-27 00:00:00,KVAL,30
1998-02-09 00:00:00,KVAL,30
1998-02-11 00:00:00,KVAL,30
1998-02-13 00:00:00,KVAL,30
1998-02-16 00:00:00,KVAL,31
1998-02-17 00:00:00,KVAL,31
1998-02-18 00:00:00,KVAL,31.25
1998-02-20 00:00:00,KVAL,30
1998-02-23 00:00:00,KVAL,31.25
1998-02-27 00:00:00,KVAL,30.75
1998-03-02 00:00:00,KVAL,31
1998-03-04 00:00:00,KVAL,33
1998-03-05 00:00:00,KVAL,33.75
1998-03-09 00:00:00,KVAL,32.75
1998-03-11 00:00:00,KVAL,32.75
1998-03-18 00:00:00,KVAL,32
1998-03-19 00:00:00,KVAL,32.75
1998-03-20 00:00:00,KVAL,31.25
1998-03-23 00:00:00,KVAL,33
1998-03-24 00:00:00,KVAL,33
1998-03-25 00:00:00,KVAL,33
1998-03-26 00:00:00,KVAL,33
1998-03-27 00:00:00,KVAL,33
1998-03-30 00:00:00,KVAL,33
1998-03-31 00:00:00,KVAL,33
1998-04-03 00:00:00,KVAL,32
1998-04-06 00:00:00,KVAL,31
1998-04-08 00:00:00,KVAL,32
1998-04-09 00:00:00,KVAL,33.25
1998-04-15 00:00:00,KVAL,36.5
1998-04-16 00:00:00,KVAL,36.5
1998-04-17 00:00:00,KVAL,36.25
1998-04-20 00:00:00,KVAL,36
1998-04-21 00:00:00,KVAL,36
1998-04-22 00:00:00,KVAL,36
1998-04-23 00:00:00,KVAL,36.25
1998-04-24 00:00:00,KVAL,36.25
1998-04-27 00:00:00,KVAL,35
1998-04-28 00:00:00,KVAL,35.75
1998-04-29 00:00:00,KVAL,37
1998-04-30 00:00:00,KVAL,37
1998-05-04 00:00:00,KVAL,44
1998-05-05 00:00:00,KVAL,42.5
1998-05-06 00:00:00,KVAL,39
1998-05-07 00:00:00,KVAL,42.5
1998-05-08 00:00:00,KVAL,43.5
1998-05-13 00:00:00,KVAL,43.5
1998-05-14 00:00:00,KVAL,41.5
1998-05-15 00:00:00,KVAL,40
1998-05-18 00:00:00,KVAL,40
1998-05-19 00:00:00,KVAL,37.25
1998-05-20 00:00:00,KVAL,35
1998-05-21 00:00:00,KVAL,35.75
1998-05-22 00:00:00,KVAL,39
1998-05-25 00:00:00,KVAL,40
1998-05-26 00:00:00,KVAL,39.25
1998-05-27 00:00:00,KVAL,37
1998-05-28 00:00:00,KVAL,37.5
1998-05-29 00:00:00,KVAL,36.5
1998-06-01 00:00:00,KVAL,34
1998-06-02 00:00:00,KVAL,37
1998-06-03 00:00:00,KVAL,36.75
1998-06-04 00:00:00,KVAL,35
1998-06-05 00:00:00,KVAL,34
1998-06-08 00:00:00,KVAL,35.5
1998-06-10 00:00:00,KVAL,36
1998-06-11 00:00:00,KVAL,33
1998-06-12 00:00:00,KVAL,30
1998-06-15 00:00:00,KVAL,28
1998-06-16 00:00:00,KVAL,27
1998-06-17 00:00:00,KVAL,26.75
1998-06-18 00:00:00,KVAL,28.5
1998-06-19 00:00:00,KVAL,27.5
1998-06-22 00:00:00,KVAL,26.25
1998-06-23 00:00:00,KVAL,25.75
1998-06-24 00:00:00,KVAL,24.75
1998-06-25 00:00:00,KVAL,25
1998-06-26 00:00:00,KVAL,26
1998-06-29 00:00:00,KVAL,26.5
1998-06-30 00:00:00,KVAL,26.25
1998-07-01 00:00:00,KVAL,28
1998-07-02 00:00:00,KVAL,29.75
1998-07-03 00:00:00,KVAL,29.25
1998-07-06 00:00:00,KVAL,28
1998-07-08 00:00:00,KVAL,28
1998-07-10 00:00:00,KVAL,28
1998-07-13 00:00:00,KVAL,28
1998-07-14 00:00:00,KVAL,27
1998-07-15 00:00:00,KVAL,26.75
1998-07-16 00:00:00,KVAL,27
1998-07-17 00:00:00,KVAL,27.5
1998-07-20 00:00:00,KVAL,26.5
1998-07-21 00:00:00,KVAL,26
1998-07-22 00:00:00,KVAL,27.5
1998-07-23 00:00:00,KVAL,27.25
1998-07-24 00:00:00,KVAL,28
1998-07-27 00:00:00,KVAL,26.75
1998-07-28 00:00:00,KVAL,27.25
1998-07-29 00:00:00,KVAL,27.75
1998-07-30 00:00:00,KVAL,27.5
1998-07-31 00:00:00,KVAL,28
1998-08-03 00:00:00,KVAL,27.5
1998-08-04 00:00:00,KVAL,27.75
1998-08-05 00:00:00,KVAL,27.25
1998-08-06 00:00:00,KVAL,27.25
1998-08-10 00:00:00,KVAL,27
1998-08-11 00:00:00,KVAL,26
1998-08-12 00:00:00,KVAL,26
1998-08-13 00:00:00,KVAL,26
1998-08-14 00:00:00,KVAL,25.5
1998-08-17 00:00:00,KVAL,24.75
1998-08-18 00:00:00,KVAL,24.25
1998-08-19 00:00:00,KVAL,23.75
1998-08-20 00:00:00,KVAL,22.25
1998-08-21 00:00:00,KVAL,22.25
1998-08-24 00:00:00,KVAL,20.25
1998-08-25 00:00:00,KVAL,18.5
1998-08-26 00:00:00,KVAL,20
1998-08-27 00:00:00,KVAL,21
1998-08-28 00:00:00,KVAL,19
1998-08-31 00:00:00,KVAL,16.25
1998-09-01 00:00:00,KVAL,14.5
1998-09-02 00:00:00,KVAL,14.75
1998-09-03 00:00:00,KVAL,14
1998-09-04 00:00:00,KVAL,15.25
1998-09-07 00:00:00,KVAL,15
1998-09-08 00:00:00,KVAL,15.25
1998-09-09 00:00:00,KVAL,15
1998-09-10 00:00:00,KVAL,15
1998-09-11 00:00:00,KVAL,15
1998-09-14 00:00:00,KVAL,15.25
1998-09-15 00:00:00,KVAL,17.5
1998-09-16 00:00:00,KVAL,18.5
1998-09-17 00:00:00,KVAL,16.5
1998-09-18 00:00:00,KVAL,16
1998-09-21 00:00:00,KVAL,17.5
1998-09-22 00:00:00,KVAL,17.25
1998-09-23 00:00:00,KVAL,17.75
1998-09-24 00:00:00,KVAL,18.5
1998-09-25 00:00:00,KVAL,18.75
1998-09-28 00:00:00,KVAL,18.25
1998-09-29 00:00:00,KVAL,16.5
1998-09-30 00:00:00,KVAL,17.25
1998-10-01 00:00:00,KVAL,17.5
1998-10-02 00:00:00,KVAL,16.5
1998-10-06 00:00:00,KVAL,16.5
1998-10-07 00:00:00,KVAL,17
1998-10-08 00:00:00,KVAL,17
1998-10-09 00:00:00,KVAL,16.75
1998-10-12 00:00:00,KVAL,16.5
1998-10-13 00:00:00,KVAL,16.75
1998-10-14 00:00:00,KVAL,16
1998-10-15 00:00:00,KVAL,16.25
1998-10-16 00:00:00,KVAL,16.75
1998-10-19 00:00:00,KVAL,17.25
1998-10-20 00:00:00,KVAL,17.25
1998-10-21 00:00:00,KVAL,16.5
1998-10-22 00:00:00,KVAL,16.5
1998-10-23 00:00:00,KVAL,16.25
1998-10-26 00:00:00,KVAL,16.5
1998-10-27 00:00:00,KVAL,16.5
1998-10-28 00:00:00,KVAL,16.5
1998-10-29 00:00:00,KVAL,16.75
1998-10-30 00:00:00,KVAL,16.75
1998-11-02 00:00:00,KVAL,16.5
1998-11-04 00:00:00,KVAL,16.75
1998-11-05 00:00:00,KVAL,16.75
1998-11-06 00:00:00,KVAL,16.25
1998-11-09 00:00:00,KVAL,15.75
1998-11-10 00:00:00,KVAL,15.25
1998-11-11 00:00:00,KVAL,15.5
1998-11-12 00:00:00,KVAL,15.5
1998-11-13 00:00:00,KVAL,15.5
1998-11-16 00:00:00,KVAL,16.5
1998-11-17 00:00:00,KVAL,16
1998-11-18 00:00:00,KVAL,16.25
1998-11-19 00:00:00,KVAL,16.75
1998-11-20 00:00:00,KVAL,15
1998-11-23 00:00:00,KVAL,14.75
1998-11-24 00:00:00,KVAL,15.25
1998-11-25 00:00:00,KVAL,16.5
1998-11-26 00:00:00,KVAL,16.5
1998-11-27 00:00:00,KVAL,16.5
1998-11-30 00:00:00,KVAL,16.25
1998-12-01 00:00:00,KVAL,16
1998-12-02 00:00:00,KVAL,16
1998-12-04 00:00:00,KVAL,15.5
1998-12-07 00:00:00,KVAL,15
1998-12-08 00:00:00,KVAL,14.75
1998-12-09 00:00:00,KVAL,15
1998-12-10 00:00:00,KVAL,15
1998-12-11 00:00:00,KVAL,15.25
1998-12-14 00:00:00,KVAL,15.25
1998-12-15 00:00:00,KVAL,15.25
1998-12-16 00:00:00,KVAL,15
1998-12-17 00:00:00,KVAL,14.75
1998-12-18 00:00:00,KVAL,14.75
1998-12-21 00:00:00,KVAL,14.75
1998-12-22 00:00:00,KVAL,14.5
1998-12-23 00:00:00,KVAL,14.5
1998-12-24 00:00:00,KVAL,15
1998-12-28 00:00:00,KVAL,15
1998-12-29 00:00:00,KVAL,15
1998-12-30 00:00:00,KVAL,15
1998-12-31 00:00:00,KVAL,16
1998-01-05 00:00:00,LALU,6.5
1998-01-07 00:00:00,LALU,6.5
1998-01-08 00:00:00,LALU,6.5
1998-01-13 00:00:00,LALU,6
1998-01-22 00:00:00,LALU,6.25
1998-01-26 00:00:00,LALU,6.25
1998-01-27 00:00:00,LALU,6.25
1998-01-28 00:00:00,LALU,6.25
1998-02-06 00:00:00,LALU,6.25
1998-02-09 00:00:00,LALU,6.25
1998-02-11 00:00:00,LALU,6.5
1998-02-12 00:00:00,LALU,6.25
1998-02-13 00:00:00,LALU,6.25
1998-02-17 00:00:00,LALU,6.5
1998-02-19 00:00:00,LALU,6.5
1998-02-27 00:00:00,LALU,6
1998-03-03 00:00:00,LALU,6
1998-03-04 00:00:00,LALU,6
1998-03-09 00:00:00,LALU,6.25
1998-03-10 00:00:00,LALU,6
1998-03-16 00:00:00,LALU,6.5
1998-03-17 00:00:00,LALU,6.5
1998-03-20 00:00:00,LALU,6
1998-03-24 00:00:00,LALU,6.25
1998-03-27 00:00:00,LALU,6
1998-03-31 00:00:00,LALU,6.5
1998-04-01 00:00:00,LALU,6
1998-04-02 00:00:00,LALU,6
1998-04-03 00:00:00,LALU,6.25
1998-04-09 00:00:00,LALU,6.5
1998-04-15 00:00:00,LALU,6
1998-04-16 00:00:00,LALU,6
1998-04-17 00:00:00,LALU,6
1998-04-21 00:00:00,LALU,6
1998-04-22 00:00:00,LALU,6.5
1998-04-24 00:00:00,LALU,6.5
1998-04-29 00:00:00,LALU,7
1998-04-30 00:00:00,LALU,7
1998-05-18 00:00:00,LALU,6
1998-05-19 00:00:00,LALU,6.5
1998-05-21 00:00:00,LALU,6.25
1998-05-28 00:00:00,LALU,6.25
SECURITY_DA,COMP,CLOSE_PRICE
-----------,----,-----------
1998-05-29 00:00:00,LALU,5.75
1998-06-01 00:00:00,LALU,4.5
1998-06-02 00:00:00,LALU,6
1998-06-05 00:00:00,LALU,4.25
1998-06-08 00:00:00,LALU,4.25
1998-06-10 00:00:00,LALU,4.5
1998-06-11 00:00:00,LALU,5
1998-06-15 00:00:00,LALU,4.5
1998-06-17 00:00:00,LALU,4.5
1998-06-18 00:00:00,LALU,4.5
1998-06-22 00:00:00,LALU,4.75
1998-06-25 00:00:00,LALU,4.75
1998-06-26 00:00:00,LALU,4.75
1998-07-03 00:00:00,LALU,5
1998-07-13 00:00:00,LALU,5.25
1998-07-14 00:00:00,LALU,5.5
1998-07-16 00:00:00,LALU,5.5
1998-07-21 00:00:00,LALU,5.5
1998-07-30 00:00:00,LALU,7.75
1998-07-31 00:00:00,LALU,7.5
1998-08-03 00:00:00,LALU,8
SECURITY_DA,COMP,CLOSE_PRICE
-----------,----,-----------
1998-08-04 00:00:00,LALU,7.5
1998-08-05 00:00:00,LALU,7.75
1998-08-06 00:00:00,LALU,8
1998-08-10 00:00:00,LALU,7
1998-08-12 00:00:00,LALU,7
1998-08-14 00:00:00,LALU,6.75
1998-08-18 00:00:00,LALU,5.5
1998-08-21 00:00:00,LALU,5.75
1998-08-26 00:00:00,LALU,5.25
1998-08-27 00:00:00,LALU,5.5
1998-08-31 00:00:00,LALU,5.25
1998-09-01 00:00:00,LALU,4.75
1998-09-02 00:00:00,LALU,4.75
1998-09-04 00:00:00,LALU,5
1998-09-07 00:00:00,LALU,5.25
1998-09-08 00:00:00,LALU,5
1998-09-16 00:00:00,LALU,5.25
1998-09-17 00:00:00,LALU,5.5
1998-09-18 00:00:00,LALU,5.75
1998-09-21 00:00:00,LALU,6
1998-09-24 00:00:00,LALU,6
SECURITY_DA,COMP,CLOSE_PRICE
-----------,----,-----------
1998-09-29 00:00:00,LALU,6
1998-09-30 00:00:00,LALU,6
1998-10-01 00:00:00,LALU,6
1998-10-02 00:00:00,LALU,6
1998-10-06 00:00:00,LALU,6
1998-10-09 00:00:00,LALU,7
1998-10-19 00:00:00,LALU,6.25
1998-10-20 00:00:00,LALU,6.5
1998-10-21 00:00:00,LALU,7
1998-10-22 00:00:00,LALU,7
1998-10-26 00:00:00,LALU,7
1998-10-27 00:00:00,LALU,7
1998-10-28 00:00:00,LALU,7.25
1998-10-29 00:00:00,LALU,7
1998-10-30 00:00:00,LALU,6.75
1998-11-05 00:00:00,LALU,6.75
1998-11-06 00:00:00,LALU,7
1998-11-10 00:00:00,LALU,7.5
1998-11-12 00:00:00,LALU,7.5
1998-11-16 00:00:00,LALU,7.5
1998-11-17 00:00:00,LALU,7.5
SECURITY_DA,COMP,CLOSE_PRICE
-----------,----,-----------
1998-11-18 00:00:00,LALU,7.5
1998-11-19 00:00:00,LALU,7
1998-11-23 00:00:00,LALU,7
1998-11-24 00:00:00,LALU,7
1998-11-27 00:00:00,LALU,7.25
1998-11-30 00:00:00,LALU,7.5
1998-12-04 00:00:00,LALU,9
1998-12-07 00:00:00,LALU,9
1998-12-08 00:00:00,LALU,9
1998-12-15 00:00:00,LALU,7.5
1998-12-17 00:00:00,LALU,7.5
1998-12-22 00:00:00,LALU,7.5
1998-12-29 00:00:00,LALU,7.5
1998-12-30 00:00:00,LALU,7.5
1998-12-31 00:00:00,LALU,7.5
1998-05-26 00:00:00,LAMB,6.25
1998-06-22 00:00:00,LAMB,6
1998-07-20 00:00:00,LAMB,5.25
1998-08-14 00:00:00,LAMB,5
1998-09-11 00:00:00,LAMB,5.25
1998-01-05 00:00:00,LCEM,5
SECURITY_DA,COMP,CLOSE_PRICE
-----------,----,-----------
1998-01-07 00:00:00,LCEM,5
1998-01-16 00:00:00,LCEM,4
1998-01-19 00:00:00,LCEM,4
1998-01-30 00:00:00,LCEM,4
1998-02-18 00:00:00,LCEM,4.75
1998-02-23 00:00:00,LCEM,4.5
1998-02-25 00:00:00,LCEM,4.25
1998-03-05 00:00:00,LCEM,4.25
1998-03-10 00:00:00,LCEM,4
1998-03-11 00:00:00,LCEM,4.5
1998-03-13 00:00:00,LCEM,4.25
1998-03-18 00:00:00,LCEM,4.25
1998-03-19 00:00:00,LCEM,4
1998-03-27 00:00:00,LCEM,4
1998-03-30 00:00:00,LCEM,4
1998-04-01 00:00:00,LCEM,4
1998-04-08 00:00:00,LCEM,4
1998-04-15 00:00:00,LCEM,4
1998-04-16 00:00:00,LCEM,4
1998-04-20 00:00:00,LCEM,4
1998-04-21 00:00:00,LCEM,4
SECURITY_DA,COMP,CLOSE_PRICE
-----------,----,-----------
1998-04-23 00:00:00,LCEM,4
1998-04-27 00:00:00,LCEM,4
1998-05-05 00:00:00,LCEM,4
1998-05-08 00:00:00,LCEM,4
1998-05-13 00:00:00,LCEM,4
1998-05-22 00:00:00,LCEM,4
1998-06-04 00:00:00,LCEM,4
1998-06-05 00:00:00,LCEM,4
1998-06-15 00:00:00,LCEM,4
1998-06-26 00:00:00,LCEM,4
1998-07-21 00:00:00,LCEM,3.5
1998-07-22 00:00:00,LCEM,3.5
1998-07-23 00:00:00,LCEM,3
1998-07-24 00:00:00,LCEM,4.5
1998-08-14 00:00:00,LCEM,3.25
1998-08-19 00:00:00,LCEM,3.25
1998-08-21 00:00:00,LCEM,3
1998-08-28 00:00:00,LCEM,2.5
1998-09-10 00:00:00,LCEM,2.5
1998-09-23 00:00:00,LCEM,2.75
1998-10-21 00:00:00,LCEM,3
SECURITY_DA,COMP,CLOSE_PRICE
-----------,----,-----------
1998-10-26 00:00:00,LCEM,3
1998-10-29 00:00:00,LCEM,3.5
1998-11-05 00:00:00,LCEM,3.75
1998-11-06 00:00:00,LCEM,4.25
1998-11-10 00:00:00,LCEM,3.75
1998-11-11 00:00:00,LCEM,3.75
1998-11-20 00:00:00,LCEM,3.75
1998-12-02 00:00:00,LCEM,3.5
1998-12-23 00:00:00,LCEM,3.5
1998-12-31 00:00:00,LCEM,3.5
1998-01-02 00:00:00,LCEY,23
1998-01-05 00:00:00,LCEY,20.25
1998-01-07 00:00:00,LCEY,18
1998-01-08 00:00:00,LCEY,19.75
1998-01-13 00:00:00,LCEY,18.25
1998-01-15 00:00:00,LCEY,18
1998-01-16 00:00:00,LCEY,16
1998-01-19 00:00:00,LCEY,16
1998-01-20 00:00:00,LCEY,15.25
1998-01-21 00:00:00,LCEY,15.5
1998-01-22 00:00:00,LCEY,16.25
SECURITY_DA,COMP,CLOSE_PRICE
-----------,----,-----------
1998-01-23 00:00:00,LCEY,15
1998-01-26 00:00:00,LCEY,15
1998-02-03 00:00:00,LCEY,15.5
1998-02-09 00:00:00,LCEY,15.5
1998-02-13 00:00:00,LCEY,15.5
1998-02-16 00:00:00,LCEY,15.5
1998-02-17 00:00:00,LCEY,15.5
1998-02-18 00:00:00,LCEY,15.5
1998-02-19 00:00:00,LCEY,15.5
1998-02-20 00:00:00,LCEY,15.5
1998-02-23 00:00:00,LCEY,15.75
1998-02-26 00:00:00,LCEY,16.75
1998-02-27 00:00:00,LCEY,20
1998-03-02 00:00:00,LCEY,20.5
1998-03-03 00:00:00,LCEY,20.5
1998-03-04 00:00:00,LCEY,20
1998-03-05 00:00:00,LCEY,19
1998-03-10 00:00:00,LCEY,19.5
1998-03-11 00:00:00,LCEY,18.75
1998-03-13 00:00:00,LCEY,20
1998-03-16 00:00:00,LCEY,21
SECURITY_DA,COMP,CLOSE_PRICE
-----------,----,-----------
1998-03-17 00:00:00,LCEY,20.5
1998-03-18 00:00:00,LCEY,20.5
1998-03-19 00:00:00,LCEY,20.5
1998-03-24 00:00:00,LCEY,20
1998-03-31 00:00:00,LCEY,22
1998-04-01 00:00:00,LCEY,20
1998-04-07 00:00:00,LCEY,20
1998-04-08 00:00:00,LCEY,20
1998-04-09 00:00:00,LCEY,20.25
1998-04-16 00:00:00,LCEY,20
1998-04-17 00:00:00,LCEY,22
1998-04-20 00:00:00,LCEY,22.25
1998-04-21 00:00:00,LCEY,23
1998-04-22 00:00:00,LCEY,23
1998-04-23 00:00:00,LCEY,24
1998-04-24 00:00:00,LCEY,23
1998-04-27 00:00:00,LCEY,24
1998-04-28 00:00:00,LCEY,24
1998-04-29 00:00:00,LCEY,26.25
1998-04-30 00:00:00,LCEY,30
1998-05-04 00:00:00,LCEY,40
SECURITY_DA,COMP,CLOSE_PRICE
-----------,----,-----------
1998-05-05 00:00:00,LCEY,35
1998-05-06 00:00:00,LCEY,34
1998-05-07 00:00:00,LCEY,34
1998-05-08 00:00:00,LCEY,33.25
1998-05-13 00:00:00,LCEY,34
1998-05-14 00:00:00,LCEY,31
1998-05-15 00:00:00,LCEY,29
1998-05-18 00:00:00,LCEY,28
1998-05-19 00:00:00,LCEY,28
1998-05-20 00:00:00,LCEY,26
1998-05-22 00:00:00,LCEY,28
1998-05-25 00:00:00,LCEY,28
1998-05-26 00:00:00,LCEY,28
1998-05-27 00:00:00,LCEY,26
1998-05-28 00:00:00,LCEY,26
1998-05-29 00:00:00,LCEY,25
1998-06-01 00:00:00,LCEY,24
1998-06-02 00:00:00,LCEY,24
1998-06-03 00:00:00,LCEY,24
1998-06-04 00:00:00,LCEY,24
1998-06-05 00:00:00,LCEY,22
SECURITY_DA,COMP,CLOSE_PRICE
-----------,----,-----------
1998-06-08 00:00:00,LCEY,22
1998-06-10 00:00:00,LCEY,22
1998-06-11 00:00:00,LCEY,22.5
1998-06-12 00:00:00,LCEY,21
1998-06-15 00:00:00,LCEY,20
1998-06-18 00:00:00,LCEY,20
1998-06-24 00:00:00,LCEY,18
1998-06-25 00:00:00,LCEY,17
1998-06-26 00:00:00,LCEY,20
1998-06-30 00:00:00,LCEY,16
1998-07-01 00:00:00,LCEY,16.75
1998-07-02 00:00:00,LCEY,17.5
1998-07-03 00:00:00,LCEY,17.25
1998-07-06 00:00:00,LCEY,17.75
1998-07-08 00:00:00,LCEY,17.25
1998-07-10 00:00:00,LCEY,20
1998-07-13 00:00:00,LCEY,18
1998-07-14 00:00:00,LCEY,18
1998-07-15 00:00:00,LCEY,18
1998-07-17 00:00:00,LCEY,18.5
1998-07-20 00:00:00,LCEY,18.5
SECURITY_DA,COMP,CLOSE_PRICE
-----------,----,-----------
1998-07-22 00:00:00,LCEY,17
1998-07-27 00:00:00,LCEY,16.25
1998-07-29 00:00:00,LCEY,16
1998-07-30 00:00:00,LCEY,16.25
1998-07-31 00:00:00,LCEY,17.25
1998-08-03 00:00:00,LCEY,17.25
1998-08-04 00:00:00,LCEY,17.25
1998-08-05 00:00:00,LCEY,16.5
1998-08-10 00:00:00,LCEY,16.75
1998-08-11 00:00:00,LCEY,17
1998-08-12 00:00:00,LCEY,16.5
1998-08-14 00:00:00,LCEY,16.5
1998-08-18 00:00:00,LCEY,15.5
1998-08-19 00:00:00,LCEY,15.25
1998-08-28 00:00:00,LCEY,14.5
1998-09-01 00:00:00,LCEY,12
1998-09-02 00:00:00,LCEY,10.5
1998-09-03 00:00:00,LCEY,10.25
1998-09-04 00:00:00,LCEY,11
1998-09-07 00:00:00,LCEY,11.25
1998-09-09 00:00:00,LCEY,11.5
SECURITY_DA,COMP,CLOSE_PRICE
-----------,----,-----------
1998-09-14 00:00:00,LCEY,11.5
1998-09-15 00:00:00,LCEY,11.5
1998-09-17 00:00:00,LCEY,11.75
1998-09-18 00:00:00,LCEY,11.5
1998-09-21 00:00:00,LCEY,17
1998-09-22 00:00:00,LCEY,15.5
1998-09-23 00:00:00,LCEY,15.5
1998-09-24 00:00:00,LCEY,16.75
1998-09-25 00:00:00,LCEY,17.5
1998-09-28 00:00:00,LCEY,17.5
1998-09-29 00:00:00,LCEY,17
1998-09-30 00:00:00,LCEY,16.5
1998-10-01 00:00:00,LCEY,17
1998-10-06 00:00:00,LCEY,16.75
1998-10-07 00:00:00,LCEY,15.5
1998-10-08 00:00:00,LCEY,13
1998-10-09 00:00:00,LCEY,12.75
1998-10-12 00:00:00,LCEY,12
1998-10-13 00:00:00,LCEY,12
1998-10-14 00:00:00,LCEY,12
1998-10-16 00:00:00,LCEY,12.5
SECURITY_DA,COMP,CLOSE_PRICE
-----------,----,-----------
1998-10-20 00:00:00,LCEY,12.5
1998-10-21 00:00:00,LCEY,12.5
1998-10-22 00:00:00,LCEY,12
1998-10-26 00:00:00,LCEY,12.25
1998-10-27 00:00:00,LCEY,11.5
1998-10-28 00:00:00,LCEY,11.5
1998-10-29 00:00:00,LCEY,11.5
1998-10-30 00:00:00,LCEY,12
1998-11-05 00:00:00,LCEY,12
1998-11-06 00:00:00,LCEY,12
1998-11-09 00:00:00,LCEY,12
1998-11-10 00:00:00,LCEY,12
1998-11-11 00:00:00,LCEY,12.5
1998-11-13 00:00:00,LCEY,12.25
1998-11-16 00:00:00,LCEY,12.5
1998-11-17 00:00:00,LCEY,12.25
1998-11-18 00:00:00,LCEY,11.25
1998-11-19 00:00:00,LCEY,11.5
1998-11-20 00:00:00,LCEY,11.5
1998-11-23 00:00:00,LCEY,11.5
1998-11-24 00:00:00,LCEY,11.5
SECURITY_DA,COMP,CLOSE_PRICE
-----------,----,-----------
1998-11-25 00:00:00,LCEY,11.75
1998-11-26 00:00:00,LCEY,11.25
1998-11-27 00:00:00,LCEY,11
1998-11-30 00:00:00,LCEY,11
1998-12-01 00:00:00,LCEY,10.75
1998-12-02 00:00:00,LCEY,10
1998-12-04 00:00:00,LCEY,10
1998-12-07 00:00:00,LCEY,10
1998-12-08 00:00:00,LCEY,10
1998-12-09 00:00:00,LCEY,10
1998-12-10 00:00:00,LCEY,10
1998-12-14 00:00:00,LCEY,10.25
1998-12-15 00:00:00,LCEY,10.25
1998-12-16 00:00:00,LCEY,10
1998-12-17 00:00:00,LCEY,8.25
1998-12-18 00:00:00,LCEY,10.5
1998-12-21 00:00:00,LCEY,10
1998-12-23 00:00:00,LCEY,10
1998-12-24 00:00:00,LCEY,10.25
1998-12-28 00:00:00,LCEY,10
1998-12-29 00:00:00,LCEY,10
SECURITY_DA,COMP,CLOSE_PRICE
-----------,----,-----------
1998-12-30 00:00:00,LCEY,10
1998-12-31 00:00:00,LCEY,10
1998-01-08 00:00:00,LDEV,12.75
1998-01-13 00:00:00,LDEV,12.75
1998-01-21 00:00:00,LDEV,12.5
1998-02-06 00:00:00,LDEV,12.5
1998-03-18 00:00:00,LDEV,12
1998-03-19 00:00:00,LDEV,12
1998-03-24 00:00:00,LDEV,11.75
1998-04-06 00:00:00,LDEV,11.5
1998-07-02 00:00:00,LDEV,11.5
1998-09-11 00:00:00,LDEV,9
1998-09-14 00:00:00,LDEV,9
1998-09-15 00:00:00,LDEV,9.25
1998-09-16 00:00:00,LDEV,9
1998-09-17 00:00:00,LDEV,9
1998-09-18 00:00:00,LDEV,9
1998-09-24 00:00:00,LDEV,9
1998-09-28 00:00:00,LDEV,9
1998-10-01 00:00:00,LDEV,9
1998-11-16 00:00:00,LDEV,9.25
SECURITY_DA,COMP,CLOSE_PRICE
-----------,----,-----------
1998-11-20 00:00:00,LDEV,9.5
1998-01-23 00:00:00,LFIN,9.5
1998-02-11 00:00:00,LFIN,9
1998-02-12 00:00:00,LFIN,10
1998-02-13 00:00:00,LFIN,10
1998-03-05 00:00:00,LFIN,12
1998-03-06 00:00:00,LFIN,12
1998-03-09 00:00:00,LFIN,14
1998-03-10 00:00:00,LFIN,14.25
1998-03-11 00:00:00,LFIN,14.25
1998-03-13 00:00:00,LFIN,14.25
1998-03-17 00:00:00,LFIN,14
1998-03-18 00:00:00,LFIN,14
1998-03-19 00:00:00,LFIN,14
1998-03-23 00:00:00,LFIN,13.75
1998-03-24 00:00:00,LFIN,13.5
1998-03-27 00:00:00,LFIN,13.5
1998-03-31 00:00:00,LFIN,9
1998-04-20 00:00:00,LFIN,10.5
1998-04-28 00:00:00,LFIN,11
1998-04-29 00:00:00,LFIN,11
SECURITY_DA,COMP,CLOSE_PRICE
-----------,----,-----------
1998-05-05 00:00:00,LFIN,11
1998-05-07 00:00:00,LFIN,11
1998-05-14 00:00:00,LFIN,11
1998-05-15 00:00:00,LFIN,11
1998-05-18 00:00:00,LFIN,10
1998-06-02 00:00:00,LFIN,10.75
1998-06-12 00:00:00,LFIN,10
1998-06-19 00:00:00,LFIN,10
1998-06-22 00:00:00,LFIN,10
1998-06-23 00:00:00,LFIN,10
1998-06-24 00:00:00,LFIN,10
1998-06-25 00:00:00,LFIN,10
1998-06-29 00:00:00,LFIN,11
1998-07-03 00:00:00,LFIN,11
1998-07-06 00:00:00,LFIN,11
1998-07-14 00:00:00,LFIN,10
1998-07-15 00:00:00,LFIN,10.25
1998-07-22 00:00:00,LFIN,11
1998-07-28 00:00:00,LFIN,10
1998-07-30 00:00:00,LFIN,10
1998-07-31 00:00:00,LFIN,10
SECURITY_DA,COMP,CLOSE_PRICE
-----------,----,-----------
1998-08-03 00:00:00,LFIN,10
1998-08-04 00:00:00,LFIN,10
1998-08-20 00:00:00,LFIN,10
1998-08-21 00:00:00,LFIN,10.25
1998-08-25 00:00:00,LFIN,10
1998-09-07 00:00:00,LFIN,10
1998-09-25 00:00:00,LFIN,10
1998-10-02 00:00:00,LFIN,10
1998-10-08 00:00:00,LFIN,10
1998-10-12 00:00:00,LFIN,10
1998-10-21 00:00:00,LFIN,10
1998-10-26 00:00:00,LFIN,10
1998-10-29 00:00:00,LFIN,10
1998-11-10 00:00:00,LFIN,10
1998-11-12 00:00:00,LFIN,10
1998-11-13 00:00:00,LFIN,10
1998-11-18 00:00:00,LFIN,10
1998-11-20 00:00:00,LFIN,10.25
1998-11-26 00:00:00,LFIN,10
1998-11-27 00:00:00,LFIN,11
1998-12-01 00:00:00,LFIN,10
SECURITY_DA,COMP,CLOSE_PRICE
-----------,----,-----------
1998-12-02 00:00:00,LFIN,10
1998-12-16 00:00:00,LFIN,10
1998-12-29 00:00:00,LFIN,10
1998-12-30 00:00:00,LFIN,10
1998-01-02 00:00:00,LHL,9
1998-01-16 00:00:00,LHL,8
1998-01-19 00:00:00,LHL,9
1998-01-22 00:00:00,LHL,8
1998-01-23 00:00:00,LHL,9
1998-01-26 00:00:00,LHL,9
1998-01-27 00:00:00,LHL,8
1998-01-28 00:00:00,LHL,9
1998-02-03 00:00:00,LHL,8.25
1998-02-06 00:00:00,LHL,9
1998-02-13 00:00:00,LHL,9
1998-02-19 00:00:00,LHL,9
1998-02-20 00:00:00,LHL,9
1998-02-23 00:00:00,LHL,9
1998-02-26 00:00:00,LHL,9
1998-03-11 00:00:00,LHL,9
1998-03-16 00:00:00,LHL,8
SECURITY_DA,COMP,CLOSE_PRICE
-----------,----,-----------
1998-03-17 00:00:00,LHL,9
1998-04-03 00:00:00,LHL,9
1998-04-06 00:00:00,LHL,8.5
1998-04-07 00:00:00,LHL,9
1998-04-08 00:00:00,LHL,9
1998-04-22 00:00:00,LHL,9
1998-04-30 00:00:00,LHL,8.5
1998-05-04 00:00:00,LHL,9
1998-05-05 00:00:00,LHL,9
1998-05-13 00:00:00,LHL,9
1998-05-14 00:00:00,LHL,9
1998-05-18 00:00:00,LHL,9
1998-05-20 00:00:00,LHL,9
1998-05-25 00:00:00,LHL,9
1998-05-28 00:00:00,LHL,9
1998-05-29 00:00:00,LHL,9
1998-06-02 00:00:00,LHL,8.75
1998-06-10 00:00:00,LHL,8.5
1998-06-11 00:00:00,LHL,9
1998-06-12 00:00:00,LHL,7.5
1998-06-15 00:00:00,LHL,9
SECURITY_DA,COMP,CLOSE_PRICE
-----------,----,-----------
1998-06-17 00:00:00,LHL,8.5
1998-06-18 00:00:00,LHL,8.5
1998-06-19 00:00:00,LHL,8.75
1998-06-22 00:00:00,LHL,8.5
1998-06-23 00:00:00,LHL,7.5
1998-06-24 00:00:00,LHL,8.5
1998-06-29 00:00:00,LHL,7.5
1998-06-30 00:00:00,LHL,7.5
1998-07-01 00:00:00,LHL,8.5
1998-07-03 00:00:00,LHL,8.75
1998-07-10 00:00:00,LHL,8.5
1998-07-13 00:00:00,LHL,9
1998-07-14 00:00:00,LHL,8.25
1998-07-15 00:00:00,LHL,8
1998-07-16 00:00:00,LHL,8
1998-07-17 00:00:00,LHL,7.5
1998-07-20 00:00:00,LHL,8.25
1998-07-21 00:00:00,LHL,8
1998-07-22 00:00:00,LHL,8.5
1998-07-24 00:00:00,LHL,8.5
1998-07-28 00:00:00,LHL,8.25
SECURITY_DA,COMP,CLOSE_PRICE
-----------,----,-----------
1998-08-03 00:00:00,LHL,8.25
1998-08-04 00:00:00,LHL,8.5
1998-08-17 00:00:00,LHL,7
1998-08-18 00:00:00,LHL,8.25
1998-08-20 00:00:00,LHL,9
1998-08-21 00:00:00,LHL,8.25
1998-08-24 00:00:00,LHL,7
1998-08-25 00:00:00,LHL,8.25
1998-08-27 00:00:00,LHL,8.5
1998-09-03 00:00:00,LHL,6.25
1998-09-04 00:00:00,LHL,8
1998-09-07 00:00:00,LHL,8
1998-09-08 00:00:00,LHL,7.75
1998-09-11 00:00:00,LHL,8
1998-09-14 00:00:00,LHL,8
1998-09-17 00:00:00,LHL,7.5
1998-09-18 00:00:00,LHL,7.5
1998-09-21 00:00:00,LHL,7.5
1998-09-23 00:00:00,LHL,7.5
1998-09-24 00:00:00,LHL,7.25
1998-09-25 00:00:00,LHL,7
SECURITY_DA,COMP,CLOSE_PRICE
-----------,----,-----------
1998-09-29 00:00:00,LHL,7.5
1998-09-30 00:00:00,LHL,7.5
1998-10-01 00:00:00,LHL,7
1998-10-02 00:00:00,LHL,7
1998-10-06 00:00:00,LHL,7
1998-10-08 00:00:00,LHL,7
1998-10-12 00:00:00,LHL,6.75
1998-10-13 00:00:00,LHL,6.5
1998-10-16 00:00:00,LHL,6.5
1998-10-21 00:00:00,LHL,7.25
1998-10-22 00:00:00,LHL,7
1998-10-23 00:00:00,LHL,6.75
1998-10-29 00:00:00,LHL,6.5
1998-10-30 00:00:00,LHL,6.75
1998-11-09 00:00:00,LHL,6.75
1998-11-10 00:00:00,LHL,6.5
1998-11-11 00:00:00,LHL,6.75
1998-11-12 00:00:00,LHL,6.75
1998-11-13 00:00:00,LHL,6.5
1998-11-16 00:00:00,LHL,6.5
1998-11-17 00:00:00,LHL,6.5
SECURITY_DA,COMP,CLOSE_PRICE
-----------,----,-----------
1998-11-20 00:00:00,LHL,7
1998-11-23 00:00:00,LHL,6.75
1998-11-25 00:00:00,LHL,6.75
1998-11-27 00:00:00,LHL,6.5
1998-11-30 00:00:00,LHL,6.5
1998-12-04 00:00:00,LHL,6
1998-12-07 00:00:00,LHL,6.5
1998-12-08 00:00:00,LHL,6.25
1998-12-09 00:00:00,LHL,6.5
1998-12-10 00:00:00,LHL,6.75
1998-12-11 00:00:00,LHL,6.75
1998-12-14 00:00:00,LHL,6.75
1998-12-16 00:00:00,LHL,6.25
1998-12-17 00:00:00,LHL,6.5
1998-12-22 00:00:00,LHL,6
1998-12-29 00:00:00,LHL,7
1998-12-30 00:00:00,LHL,7
1998-12-31 00:00:00,LHL,9
1998-01-08 00:00:00,LINV,21
1998-09-08 00:00:00,LINV,21
1998-01-02 00:00:00,LION,51
1998-01-06 00:00:00,LION,51.25
1998-01-07 00:00:00,LION,49
1998-01-08 00:00:00,LION,49.25
1998-01-09 00:00:00,LION,49.25
1998-01-13 00:00:00,LION,49
1998-01-15 00:00:00,LION,49.25
1998-01-20 00:00:00,LION,48.5
1998-01-21 00:00:00,LION,48
1998-01-26 00:00:00,LION,44
1998-01-27 00:00:00,LION,44
1998-01-29 00:00:00,LION,44
1998-01-30 00:00:00,LION,45.5
1998-02-02 00:00:00,LION,48
1998-02-06 00:00:00,LION,48
1998-02-13 00:00:00,LION,48
1998-02-16 00:00:00,LION,49
1998-02-19 00:00:00,LION,50
1998-02-20 00:00:00,LION,50
1998-02-23 00:00:00,LION,51
1998-02-24 00:00:00,LION,51.25
1998-02-25 00:00:00,LION,50.5
1998-02-27 00:00:00,LION,50
1998-03-03 00:00:00,LION,50
1998-03-04 00:00:00,LION,50
1998-03-05 00:00:00,LION,50
1998-03-06 00:00:00,LION,49.75
1998-03-09 00:00:00,LION,50
1998-03-13 00:00:00,LION,50
1998-03-16 00:00:00,LION,55
1998-03-17 00:00:00,LION,58
1998-03-18 00:00:00,LION,57.75
1998-03-19 00:00:00,LION,61
1998-03-20 00:00:00,LION,62
1998-03-23 00:00:00,LION,60
1998-03-24 00:00:00,LION,58
1998-03-25 00:00:00,LION,58.5
1998-03-26 00:00:00,LION,60
1998-03-27 00:00:00,LION,58.75
1998-03-31 00:00:00,LION,57
1998-04-01 00:00:00,LION,56
1998-04-02 00:00:00,LION,54.25
1998-04-03 00:00:00,LION,54.5
1998-04-06 00:00:00,LION,54
1998-04-07 00:00:00,LION,54
1998-04-08 00:00:00,LION,54.25
1998-04-09 00:00:00,LION,54.5
1998-04-16 00:00:00,LION,56
1998-04-17 00:00:00,LION,56.5
1998-04-20 00:00:00,LION,57.5
1998-04-21 00:00:00,LION,60
1998-04-22 00:00:00,LION,68
1998-04-23 00:00:00,LION,67
1998-04-24 00:00:00,LION,66
1998-04-27 00:00:00,LION,64
1998-04-28 00:00:00,LION,65
1998-04-29 00:00:00,LION,65
1998-04-30 00:00:00,LION,66
1998-05-04 00:00:00,LION,65
1998-05-06 00:00:00,LION,59
1998-05-07 00:00:00,LION,60
1998-05-08 00:00:00,LION,60
1998-05-13 00:00:00,LION,60
1998-05-14 00:00:00,LION,56
1998-05-15 00:00:00,LION,53
1998-05-18 00:00:00,LION,52
1998-05-19 00:00:00,LION,53
1998-05-20 00:00:00,LION,52.5
1998-05-22 00:00:00,LION,52
1998-05-25 00:00:00,LION,53
1998-05-26 00:00:00,LION,52
1998-05-28 00:00:00,LION,52
1998-05-29 00:00:00,LION,50
1998-06-01 00:00:00,LION,50.25
1998-06-02 00:00:00,LION,52
1998-06-03 00:00:00,LION,51
1998-06-04 00:00:00,LION,50
1998-06-05 00:00:00,LION,50
1998-06-11 00:00:00,LION,48
1998-06-12 00:00:00,LION,46
1998-06-15 00:00:00,LION,30
1998-06-16 00:00:00,LION,41
1998-06-18 00:00:00,LION,45
1998-06-19 00:00:00,LION,45
1998-06-22 00:00:00,LION,44
1998-06-23 00:00:00,LION,41
1998-06-24 00:00:00,LION,40
1998-06-25 00:00:00,LION,40
1998-06-26 00:00:00,LION,39
1998-06-30 00:00:00,LION,40
1998-07-01 00:00:00,LION,40
1998-07-02 00:00:00,LION,40
1998-07-03 00:00:00,LION,38
1998-07-06 00:00:00,LION,40
1998-07-10 00:00:00,LION,40
1998-07-13 00:00:00,LION,40
1998-07-14 00:00:00,LION,40
1998-07-15 00:00:00,LION,39
1998-07-16 00:00:00,LION,35
1998-07-17 00:00:00,LION,35
1998-07-20 00:00:00,LION,35
1998-07-21 00:00:00,LION,34.25
1998-07-22 00:00:00,LION,34
1998-07-23 00:00:00,LION,34
1998-07-24 00:00:00,LION,33.5
1998-07-27 00:00:00,LION,34
1998-07-29 00:00:00,LION,34
1998-07-30 00:00:00,LION,34
1998-07-31 00:00:00,LION,33
1998-08-03 00:00:00,LION,34
1998-08-04 00:00:00,LION,34
1998-08-05 00:00:00,LION,33.25
1998-08-06 00:00:00,LION,33.25
1998-08-10 00:00:00,LION,33
1998-08-14 00:00:00,LION,31
1998-08-20 00:00:00,LION,29.75
1998-08-21 00:00:00,LION,26
1998-08-25 00:00:00,LION,25
1998-08-31 00:00:00,LION,25.5
1998-09-01 00:00:00,LION,25
1998-09-02 00:00:00,LION,22.75
1998-09-03 00:00:00,LION,22
1998-09-04 00:00:00,LION,22
1998-09-07 00:00:00,LION,25
1998-09-08 00:00:00,LION,28
1998-09-09 00:00:00,LION,28.25
1998-09-10 00:00:00,LION,28.5
1998-09-11 00:00:00,LION,28
1998-09-14 00:00:00,LION,28.5
1998-09-15 00:00:00,LION,30
1998-09-16 00:00:00,LION,29
1998-09-17 00:00:00,LION,29
1998-09-18 00:00:00,LION,28.5
1998-09-22 00:00:00,LION,29
1998-09-23 00:00:00,LION,29
1998-09-24 00:00:00,LION,29.5
1998-09-25 00:00:00,LION,30
1998-09-28 00:00:00,LION,30
1998-09-29 00:00:00,LION,28
1998-09-30 00:00:00,LION,28
1998-10-01 00:00:00,LION,28
1998-10-07 00:00:00,LION,29
1998-10-08 00:00:00,LION,28
1998-10-09 00:00:00,LION,28
1998-10-14 00:00:00,LION,28
1998-10-15 00:00:00,LION,28
1998-10-16 00:00:00,LION,28
1998-10-21 00:00:00,LION,28
1998-10-22 00:00:00,LION,28
1998-10-26 00:00:00,LION,28
1998-10-28 00:00:00,LION,28
1998-10-29 00:00:00,LION,28
1998-10-30 00:00:00,LION,27
1998-11-04 00:00:00,LION,27.5
1998-11-05 00:00:00,LION,27
1998-11-06 00:00:00,LION,27
1998-11-09 00:00:00,LION,27
1998-11-10 00:00:00,LION,27
1998-11-11 00:00:00,LION,27
1998-11-13 00:00:00,LION,27
1998-11-16 00:00:00,LION,32
1998-11-17 00:00:00,LION,29
1998-11-18 00:00:00,LION,29
1998-11-19 00:00:00,LION,28.25
1998-11-20 00:00:00,LION,28.25
1998-11-23 00:00:00,LION,28
1998-11-24 00:00:00,LION,32
1998-11-25 00:00:00,LION,33
1998-11-26 00:00:00,LION,32
1998-11-27 00:00:00,LION,34
1998-11-30 00:00:00,LION,36
1998-12-01 00:00:00,LION,40
1998-12-02 00:00:00,LION,37
1998-12-04 00:00:00,LION,36
1998-12-07 00:00:00,LION,36
1998-12-08 00:00:00,LION,34.5
1998-12-09 00:00:00,LION,34.5
1998-12-10 00:00:00,LION,34
1998-12-11 00:00:00,LION,35.25
1998-12-14 00:00:00,LION,38
1998-12-15 00:00:00,LION,36
1998-12-16 00:00:00,LION,36
1998-12-18 00:00:00,LION,34.25
1998-12-22 00:00:00,LION,35.5
1998-12-23 00:00:00,LION,37.5
1998-12-24 00:00:00,LION,36
1998-12-28 00:00:00,LION,37.25
1998-12-29 00:00:00,LION,37.25
1998-12-30 00:00:00,LION,36.5
1998-12-31 00:00:00,LION,37.5
1998-01-02 00:00:00,LITE,4
1998-01-07 00:00:00,LITE,4.5
1998-01-13 00:00:00,LITE,3.75
1998-01-21 00:00:00,LITE,3.75
1998-01-26 00:00:00,LITE,3.25
1998-02-11 00:00:00,LITE,3.75
1998-03-11 00:00:00,LITE,3.75
1998-03-18 00:00:00,LITE,3.75
1998-03-23 00:00:00,LITE,3.75
1998-03-31 00:00:00,LITE,3.75
1998-04-01 00:00:00,LITE,3.75
1998-04-03 00:00:00,LITE,3.75
1998-04-16 00:00:00,LITE,3.75
1998-04-22 00:00:00,LITE,3.75
1998-05-15 00:00:00,LITE,3.5
1998-05-18 00:00:00,LITE,3.25
1998-06-04 00:00:00,LITE,3.75
1998-07-23 00:00:00,LITE,3
1998-07-29 00:00:00,LITE,2
1998-08-03 00:00:00,LITE,2.25
1998-10-01 00:00:00,LITE,1.75
SECURITY_DA,COMP,CLOSE_PRICE
-----------,----,-----------
1998-10-19 00:00:00,LITE,2.25
1998-10-20 00:00:00,LITE,1.75
1998-10-21 00:00:00,LITE,1.75
1998-10-26 00:00:00,LITE,2
1998-10-27 00:00:00,LITE,2.25
1998-10-28 00:00:00,LITE,2.25
1998-11-05 00:00:00,LITE,2.5
1998-11-06 00:00:00,LITE,2.75
1998-11-09 00:00:00,LITE,2.75
1998-11-10 00:00:00,LITE,2.75
1998-11-18 00:00:00,LITE,2.75
1998-11-19 00:00:00,LITE,2.5
1998-11-20 00:00:00,LITE,2.5
1998-11-24 00:00:00,LITE,2.75
1998-12-01 00:00:00,LITE,2.25
1998-12-07 00:00:00,LITE,2.25
1998-12-08 00:00:00,LITE,2.25
1998-01-02 00:00:00,LLUB,48
1998-01-05 00:00:00,LLUB,48
1998-01-06 00:00:00,LLUB,48
1998-01-08 00:00:00,LLUB,47
1998-01-09 00:00:00,LLUB,46.5
1998-01-13 00:00:00,LLUB,46.5
1998-01-15 00:00:00,LLUB,46
1998-01-16 00:00:00,LLUB,44.5
1998-01-20 00:00:00,LLUB,44.5
1998-01-21 00:00:00,LLUB,44.5
1998-01-22 00:00:00,LLUB,44.25
1998-01-23 00:00:00,LLUB,44.25
1998-01-26 00:00:00,LLUB,44.5
1998-01-27 00:00:00,LLUB,44.5
1998-01-30 00:00:00,LLUB,45
1998-02-03 00:00:00,LLUB,45
1998-02-06 00:00:00,LLUB,45
1998-02-09 00:00:00,LLUB,45
1998-02-11 00:00:00,LLUB,46
1998-02-13 00:00:00,LLUB,48
1998-02-16 00:00:00,LLUB,48
1998-02-17 00:00:00,LLUB,49
1998-02-18 00:00:00,LLUB,53
1998-02-19 00:00:00,LLUB,52
1998-02-20 00:00:00,LLUB,52
1998-02-23 00:00:00,LLUB,52
1998-02-24 00:00:00,LLUB,52
1998-02-25 00:00:00,LLUB,52
1998-02-26 00:00:00,LLUB,52
1998-02-27 00:00:00,LLUB,52
1998-03-02 00:00:00,LLUB,53
1998-03-03 00:00:00,LLUB,53
1998-03-04 00:00:00,LLUB,53
1998-03-05 00:00:00,LLUB,53
1998-03-06 00:00:00,LLUB,53.5
1998-03-09 00:00:00,LLUB,53.5
1998-03-10 00:00:00,LLUB,55
1998-03-11 00:00:00,LLUB,55.5
1998-03-13 00:00:00,LLUB,56
1998-03-16 00:00:00,LLUB,60
1998-03-17 00:00:00,LLUB,59
1998-03-18 00:00:00,LLUB,59
1998-03-19 00:00:00,LLUB,59
1998-03-20 00:00:00,LLUB,56
1998-03-23 00:00:00,LLUB,57
1998-03-24 00:00:00,LLUB,57.5
1998-03-25 00:00:00,LLUB,57.75
1998-03-26 00:00:00,LLUB,57.5
1998-03-27 00:00:00,LLUB,57.75
1998-03-30 00:00:00,LLUB,58
1998-03-31 00:00:00,LLUB,57.5
1998-04-01 00:00:00,LLUB,57.5
1998-04-02 00:00:00,LLUB,57.5
1998-04-03 00:00:00,LLUB,56
1998-04-06 00:00:00,LLUB,56
1998-04-07 00:00:00,LLUB,56
1998-04-08 00:00:00,LLUB,55.25
1998-04-09 00:00:00,LLUB,56
1998-04-16 00:00:00,LLUB,56
1998-04-17 00:00:00,LLUB,57.5
1998-04-20 00:00:00,LLUB,56.75
1998-04-21 00:00:00,LLUB,57.25
1998-04-22 00:00:00,LLUB,58.5
1998-04-23 00:00:00,LLUB,58
1998-04-24 00:00:00,LLUB,59
1998-04-27 00:00:00,LLUB,60
1998-04-28 00:00:00,LLUB,60.25
1998-04-29 00:00:00,LLUB,60
1998-04-30 00:00:00,LLUB,60
1998-05-04 00:00:00,LLUB,60.5
1998-05-05 00:00:00,LLUB,60
1998-05-06 00:00:00,LLUB,60
1998-05-07 00:00:00,LLUB,59
1998-05-08 00:00:00,LLUB,57
1998-05-13 00:00:00,LLUB,57
1998-05-14 00:00:00,LLUB,58
1998-05-15 00:00:00,LLUB,55
1998-05-18 00:00:00,LLUB,56
1998-05-19 00:00:00,LLUB,57
1998-05-20 00:00:00,LLUB,56
1998-05-21 00:00:00,LLUB,57
1998-05-25 00:00:00,LLUB,58
1998-05-27 00:00:00,LLUB,57.5
1998-05-28 00:00:00,LLUB,57.5
1998-05-29 00:00:00,LLUB,55
1998-06-02 00:00:00,LLUB,55
1998-06-08 00:00:00,LLUB,54
1998-06-10 00:00:00,LLUB,54
1998-06-11 00:00:00,LLUB,54
1998-06-12 00:00:00,LLUB,50
1998-06-15 00:00:00,LLUB,43
1998-06-16 00:00:00,LLUB,45
1998-06-17 00:00:00,LLUB,47.5
1998-06-18 00:00:00,LLUB,50
1998-06-22 00:00:00,LLUB,51.25
1998-06-23 00:00:00,LLUB,51
1998-06-24 00:00:00,LLUB,49.75
1998-06-25 00:00:00,LLUB,47.5
1998-06-26 00:00:00,LLUB,49.75
1998-06-29 00:00:00,LLUB,54
1998-06-30 00:00:00,LLUB,50
1998-07-01 00:00:00,LLUB,49
1998-07-02 00:00:00,LLUB,50
1998-07-03 00:00:00,LLUB,50
1998-07-08 00:00:00,LLUB,51
1998-07-13 00:00:00,LLUB,50
1998-07-14 00:00:00,LLUB,50
1998-07-15 00:00:00,LLUB,50
1998-07-16 00:00:00,LLUB,51
1998-07-17 00:00:00,LLUB,50
1998-07-21 00:00:00,LLUB,50
1998-07-23 00:00:00,LLUB,47
1998-07-24 00:00:00,LLUB,46
1998-07-27 00:00:00,LLUB,48
1998-07-28 00:00:00,LLUB,46
1998-07-29 00:00:00,LLUB,45
1998-07-30 00:00:00,LLUB,45.25
1998-07-31 00:00:00,LLUB,45
1998-08-03 00:00:00,LLUB,45
1998-08-04 00:00:00,LLUB,45.25
1998-08-05 00:00:00,LLUB,45.25
1998-08-06 00:00:00,LLUB,45.25
1998-08-10 00:00:00,LLUB,45
1998-08-11 00:00:00,LLUB,45
1998-08-12 00:00:00,LLUB,45
1998-08-14 00:00:00,LLUB,43
1998-08-17 00:00:00,LLUB,43
1998-08-18 00:00:00,LLUB,43
1998-08-19 00:00:00,LLUB,42
1998-08-20 00:00:00,LLUB,44.75
1998-08-21 00:00:00,LLUB,42
1998-08-24 00:00:00,LLUB,41
1998-08-25 00:00:00,LLUB,40
1998-08-26 00:00:00,LLUB,39
1998-08-27 00:00:00,LLUB,40
1998-08-28 00:00:00,LLUB,39
1998-08-31 00:00:00,LLUB,40
1998-09-01 00:00:00,LLUB,39.5
1998-09-02 00:00:00,LLUB,38.5
1998-09-03 00:00:00,LLUB,40
1998-09-04 00:00:00,LLUB,40
1998-09-08 00:00:00,LLUB,40
1998-09-09 00:00:00,LLUB,41.5
1998-09-10 00:00:00,LLUB,41
1998-09-11 00:00:00,LLUB,41.25
1998-09-16 00:00:00,LLUB,43
1998-09-17 00:00:00,LLUB,42
1998-09-18 00:00:00,LLUB,42.25
1998-09-21 00:00:00,LLUB,43
1998-09-22 00:00:00,LLUB,45
1998-09-23 00:00:00,LLUB,44
1998-09-24 00:00:00,LLUB,43.5
1998-09-25 00:00:00,LLUB,44
1998-09-28 00:00:00,LLUB,44
1998-09-29 00:00:00,LLUB,42.5
1998-09-30 00:00:00,LLUB,40
1998-10-08 00:00:00,LLUB,41
1998-10-09 00:00:00,LLUB,41.5
1998-10-12 00:00:00,LLUB,42.25
1998-10-13 00:00:00,LLUB,43.25
1998-10-14 00:00:00,LLUB,45.25
1998-10-15 00:00:00,LLUB,46
1998-10-16 00:00:00,LLUB,46
1998-10-19 00:00:00,LLUB,49
1998-10-20 00:00:00,LLUB,51
1998-10-21 00:00:00,LLUB,49
1998-10-22 00:00:00,LLUB,48
1998-10-23 00:00:00,LLUB,47.75
1998-10-26 00:00:00,LLUB,47
1998-10-27 00:00:00,LLUB,48
1998-10-28 00:00:00,LLUB,48
1998-10-29 00:00:00,LLUB,48
1998-10-30 00:00:00,LLUB,48
1998-11-02 00:00:00,LLUB,48
1998-11-04 00:00:00,LLUB,49
1998-11-05 00:00:00,LLUB,49
1998-11-06 00:00:00,LLUB,49.25
1998-11-09 00:00:00,LLUB,50
1998-11-10 00:00:00,LLUB,50
1998-11-11 00:00:00,LLUB,50
1998-11-12 00:00:00,LLUB,50
1998-11-13 00:00:00,LLUB,51
1998-11-16 00:00:00,LLUB,50
1998-11-17 00:00:00,LLUB,52
1998-11-18 00:00:00,LLUB,54.5
1998-11-19 00:00:00,LLUB,53.75
1998-11-20 00:00:00,LLUB,56.75
1998-11-23 00:00:00,LLUB,56
1998-11-24 00:00:00,LLUB,56.5
1998-11-25 00:00:00,LLUB,57
1998-11-26 00:00:00,LLUB,59
1998-11-27 00:00:00,LLUB,57.5
1998-11-30 00:00:00,LLUB,60.5
1998-12-01 00:00:00,LLUB,60
1998-12-02 00:00:00,LLUB,58.5
1998-12-04 00:00:00,LLUB,57.5
1998-12-07 00:00:00,LLUB,57.5
1998-12-08 00:00:00,LLUB,57
1998-12-09 00:00:00,LLUB,57.75
1998-12-10 00:00:00,LLUB,58
1998-12-11 00:00:00,LLUB,59.75
1998-12-14 00:00:00,LLUB,60
1998-12-15 00:00:00,LLUB,60
1998-12-16 00:00:00,LLUB,60
1998-12-17 00:00:00,LLUB,60
1998-12-18 00:00:00,LLUB,61
1998-12-21 00:00:00,LLUB,60
1998-12-22 00:00:00,LLUB,63.75
1998-12-23 00:00:00,LLUB,65.75
1998-12-24 00:00:00,LLUB,66.5
1998-12-28 00:00:00,LLUB,68
1998-12-29 00:00:00,LLUB,67.5
1998-12-30 00:00:00,LLUB,63.75
1998-12-31 00:00:00,LLUB,62.75
1998-01-02 00:00:00,LMF,6.25
1998-01-05 00:00:00,LMF,6
1998-01-07 00:00:00,LMF,6.25
1998-01-08 00:00:00,LMF,6
1998-01-09 00:00:00,LMF,6
1998-01-13 00:00:00,LMF,6
1998-01-15 00:00:00,LMF,6
1998-01-16 00:00:00,LMF,5.75
1998-01-19 00:00:00,LMF,5.75
1998-01-20 00:00:00,LMF,5
1998-01-21 00:00:00,LMF,5
1998-01-23 00:00:00,LMF,4.75
1998-01-26 00:00:00,LMF,4.5
1998-01-27 00:00:00,LMF,4.75
1998-01-28 00:00:00,LMF,4.75
1998-01-29 00:00:00,LMF,4.5
1998-01-30 00:00:00,LMF,5
1998-02-02 00:00:00,LMF,5
1998-02-06 00:00:00,LMF,4.75
1998-02-09 00:00:00,LMF,4.75
1998-02-11 00:00:00,LMF,4.75
SECURITY_DA,COMP,CLOSE_PRICE
-----------,----,-----------
1998-02-13 00:00:00,LMF,4.75
1998-02-16 00:00:00,LMF,4.75
1998-02-17 00:00:00,LMF,4.75
1998-02-19 00:00:00,LMF,4.75
1998-02-20 00:00:00,LMF,4.75
1998-02-24 00:00:00,LMF,4.75
1998-02-25 00:00:00,LMF,4.75
1998-02-26 00:00:00,LMF,4.75
1998-02-27 00:00:00,LMF,4.75
1998-03-02 00:00:00,LMF,4.75
1998-03-03 00:00:00,LMF,4.75
1998-03-04 00:00:00,LMF,4.5
1998-03-05 00:00:00,LMF,4.5
1998-03-06 00:00:00,LMF,4.5
1998-03-09 00:00:00,LMF,4.25
1998-03-10 00:00:00,LMF,4
1998-03-11 00:00:00,LMF,4.25
1998-03-13 00:00:00,LMF,4.25
1998-03-17 00:00:00,LMF,4.25
1998-03-18 00:00:00,LMF,4.25
1998-03-19 00:00:00,LMF,4.5
SECURITY_DA,COMP,CLOSE_PRICE
-----------,----,-----------
1998-03-20 00:00:00,LMF,4.25
1998-03-24 00:00:00,LMF,4.25
1998-03-26 00:00:00,LMF,4.25
1998-03-27 00:00:00,LMF,4.25
1998-03-30 00:00:00,LMF,4.25
1998-04-01 00:00:00,LMF,4.25
1998-04-02 00:00:00,LMF,4.25
1998-04-03 00:00:00,LMF,4.25
1998-04-07 00:00:00,LMF,4.25
1998-04-08 00:00:00,LMF,4.25
1998-04-16 00:00:00,LMF,4.25
1998-04-17 00:00:00,LMF,4.25
1998-04-20 00:00:00,LMF,4
1998-04-21 00:00:00,LMF,4.25
1998-04-23 00:00:00,LMF,4.25
1998-04-24 00:00:00,LMF,4.5
1998-04-27 00:00:00,LMF,4.5
1998-04-28 00:00:00,LMF,4.5
1998-04-29 00:00:00,LMF,4.5
1998-04-30 00:00:00,LMF,4.5
1998-05-05 00:00:00,LMF,4.5
SECURITY_DA,COMP,CLOSE_PRICE
-----------,----,-----------
1998-05-06 00:00:00,LMF,4.25
1998-05-07 00:00:00,LMF,4
1998-05-08 00:00:00,LMF,4
1998-05-13 00:00:00,LMF,4.5
1998-05-15 00:00:00,LMF,4
1998-05-18 00:00:00,LMF,4
1998-05-19 00:00:00,LMF,4
1998-05-21 00:00:00,LMF,4.25
1998-05-22 00:00:00,LMF,4
1998-05-25 00:00:00,LMF,4
1998-05-26 00:00:00,LMF,4
1998-05-27 00:00:00,LMF,4
1998-05-28 00:00:00,LMF,3.75
1998-06-01 00:00:00,LMF,3.5
1998-06-02 00:00:00,LMF,2.75
1998-06-03 00:00:00,LMF,2.75
1998-06-04 00:00:00,LMF,3
1998-06-05 00:00:00,LMF,2.75
1998-06-08 00:00:00,LMF,3
1998-06-10 00:00:00,LMF,3
1998-06-11 00:00:00,LMF,3
SECURITY_DA,COMP,CLOSE_PRICE
-----------,----,-----------
1998-06-12 00:00:00,LMF,3.25
1998-06-15 00:00:00,LMF,3.25
1998-06-16 00:00:00,LMF,3
1998-06-17 00:00:00,LMF,3.5
1998-06-18 00:00:00,LMF,3.25
1998-06-19 00:00:00,LMF,3.5
1998-06-22 00:00:00,LMF,3.25
1998-06-23 00:00:00,LMF,3
1998-06-24 00:00:00,LMF,3.25
1998-06-25 00:00:00,LMF,3
1998-06-26 00:00:00,LMF,3
1998-06-30 00:00:00,LMF,3.25
1998-07-02 00:00:00,LMF,3.25
1998-07-03 00:00:00,LMF,3.25
1998-07-10 00:00:00,LMF,3.5
1998-07-14 00:00:00,LMF,3.5
1998-07-15 00:00:00,LMF,3.75
1998-07-16 00:00:00,LMF,3.75
1998-07-17 00:00:00,LMF,4.5
1998-07-20 00:00:00,LMF,4.25
1998-07-21 00:00:00,LMF,4
SECURITY_DA,COMP,CLOSE_PRICE
-----------,----,-----------
1998-07-22 00:00:00,LMF,4
1998-07-23 00:00:00,LMF,4.25
1998-07-24 00:00:00,LMF,4.25
1998-07-28 00:00:00,LMF,4
1998-07-29 00:00:00,LMF,4
1998-07-30 00:00:00,LMF,4
1998-07-31 00:00:00,LMF,4
1998-08-03 00:00:00,LMF,3.75
1998-08-06 00:00:00,LMF,4
1998-08-11 00:00:00,LMF,4
1998-08-12 00:00:00,LMF,3.25
1998-08-13 00:00:00,LMF,3.25
1998-08-14 00:00:00,LMF,3.25
1998-08-17 00:00:00,LMF,3
1998-08-18 00:00:00,LMF,3.25
1998-08-19 00:00:00,LMF,3
1998-08-20 00:00:00,LMF,3.25
1998-08-21 00:00:00,LMF,3.25
1998-08-24 00:00:00,LMF,3
1998-08-25 00:00:00,LMF,3
1998-08-26 00:00:00,LMF,2.75
SECURITY_DA,COMP,CLOSE_PRICE
-----------,----,-----------
1998-08-27 00:00:00,LMF,3
1998-08-28 00:00:00,LMF,3
1998-08-31 00:00:00,LMF,3
1998-09-01 00:00:00,LMF,2.75
1998-09-02 00:00:00,LMF,3
1998-09-03 00:00:00,LMF,3
1998-09-04 00:00:00,LMF,3
1998-09-07 00:00:00,LMF,3
1998-09-09 00:00:00,LMF,3
1998-09-10 00:00:00,LMF,3
1998-09-11 00:00:00,LMF,3.25
1998-09-14 00:00:00,LMF,3
1998-09-16 00:00:00,LMF,3.5
1998-09-17 00:00:00,LMF,3.25
1998-09-18 00:00:00,LMF,3.25
1998-09-21 00:00:00,LMF,3.25
1998-09-22 00:00:00,LMF,3.25
1998-09-23 00:00:00,LMF,3.25
1998-09-24 00:00:00,LMF,3.25
1998-09-28 00:00:00,LMF,3.5
1998-09-29 00:00:00,LMF,3.25
SECURITY_DA,COMP,CLOSE_PRICE
-----------,----,-----------
1998-09-30 00:00:00,LMF,3.25
1998-10-02 00:00:00,LMF,3.25
1998-10-06 00:00:00,LMF,3.25
1998-10-07 00:00:00,LMF,3.5
1998-10-08 00:00:00,LMF,3.25
1998-10-13 00:00:00,LMF,3.25
1998-10-14 00:00:00,LMF,3.25
1998-10-15 00:00:00,LMF,3.75
1998-10-16 00:00:00,LMF,4
1998-10-19 00:00:00,LMF,3.5
1998-10-20 00:00:00,LMF,3.75
1998-10-21 00:00:00,LMF,3.75
1998-10-22 00:00:00,LMF,3.75
1998-10-23 00:00:00,LMF,3.75
1998-10-26 00:00:00,LMF,3.75
1998-10-27 00:00:00,LMF,3.75
1998-10-28 00:00:00,LMF,3.75
1998-10-29 00:00:00,LMF,3.75
1998-10-30 00:00:00,LMF,3.75
1998-11-02 00:00:00,LMF,3.75
1998-11-04 00:00:00,LMF,3.75
SECURITY_DA,COMP,CLOSE_PRICE
-----------,----,-----------
1998-11-05 00:00:00,LMF,4
1998-11-06 00:00:00,LMF,3.75
1998-11-09 00:00:00,LMF,3.75
1998-11-10 00:00:00,LMF,3.75
1998-11-11 00:00:00,LMF,3.75
1998-11-12 00:00:00,LMF,3.5
1998-11-13 00:00:00,LMF,3.75
1998-11-16 00:00:00,LMF,3.75
1998-11-17 00:00:00,LMF,3.75
1998-11-18 00:00:00,LMF,3.75
1998-11-19 00:00:00,LMF,3.75
1998-11-20 00:00:00,LMF,3.75
1998-11-23 00:00:00,LMF,4
1998-11-24 00:00:00,LMF,3.75
1998-11-25 00:00:00,LMF,4
1998-11-26 00:00:00,LMF,4
1998-11-27 00:00:00,LMF,4
1998-11-30 00:00:00,LMF,4.75
1998-12-01 00:00:00,LMF,5.25
1998-12-02 00:00:00,LMF,5
1998-12-04 00:00:00,LMF,5
SECURITY_DA,COMP,CLOSE_PRICE
-----------,----,-----------
1998-12-07 00:00:00,LMF,4.75
1998-12-08 00:00:00,LMF,4.75
1998-12-09 00:00:00,LMF,5
1998-12-10 00:00:00,LMF,5
1998-12-11 00:00:00,LMF,5.25
1998-12-14 00:00:00,LMF,5.25
1998-12-15 00:00:00,LMF,5
1998-12-16 00:00:00,LMF,5.25
1998-12-17 00:00:00,LMF,5
1998-12-18 00:00:00,LMF,5
1998-12-21 00:00:00,LMF,5
1998-12-22 00:00:00,LMF,5
1998-12-23 00:00:00,LMF,5.25
1998-12-24 00:00:00,LMF,5.25
1998-12-28 00:00:00,LMF,5.5
1998-12-29 00:00:00,LMF,5.25
1998-12-30 00:00:00,LMF,5.5
1998-12-31 00:00:00,LMF,5.25
1998-01-05 00:00:00,LOLC,130
1998-01-06 00:00:00,LOLC,140
1998-01-07 00:00:00,LOLC,140
1998-01-08 00:00:00,LOLC,130
1998-01-13 00:00:00,LOLC,130
1998-02-18 00:00:00,LOLC,110
1998-02-19 00:00:00,LOLC,120
1998-02-20 00:00:00,LOLC,120
1998-02-23 00:00:00,LOLC,110
1998-02-24 00:00:00,LOLC,110
1998-02-26 00:00:00,LOLC,110
1998-03-03 00:00:00,LOLC,110.5
1998-03-05 00:00:00,LOLC,110.5
1998-03-06 00:00:00,LOLC,111
1998-03-10 00:00:00,LOLC,111
1998-03-11 00:00:00,LOLC,110
1998-03-17 00:00:00,LOLC,110
1998-03-23 00:00:00,LOLC,108
1998-03-24 00:00:00,LOLC,100
1998-03-31 00:00:00,LOLC,110
1998-04-02 00:00:00,LOLC,102
1998-04-08 00:00:00,LOLC,95
1998-04-09 00:00:00,LOLC,90
1998-04-17 00:00:00,LOLC,90.75
1998-04-21 00:00:00,LOLC,100
1998-04-22 00:00:00,LOLC,100
1998-04-23 00:00:00,LOLC,100
1998-04-27 00:00:00,LOLC,110
1998-04-28 00:00:00,LOLC,100
1998-05-04 00:00:00,LOLC,95
1998-05-06 00:00:00,LOLC,95
1998-05-07 00:00:00,LOLC,95
1998-05-13 00:00:00,LOLC,95
1998-05-14 00:00:00,LOLC,90
1998-05-18 00:00:00,LOLC,90
1998-05-19 00:00:00,LOLC,90
1998-05-29 00:00:00,LOLC,80
1998-06-01 00:00:00,LOLC,80
1998-06-02 00:00:00,LOLC,80
1998-06-03 00:00:00,LOLC,80
1998-06-04 00:00:00,LOLC,80
1998-06-05 00:00:00,LOLC,80
1998-06-11 00:00:00,LOLC,80
1998-06-15 00:00:00,LOLC,76
1998-06-19 00:00:00,LOLC,76
1998-06-22 00:00:00,LOLC,70
1998-06-24 00:00:00,LOLC,65
1998-06-25 00:00:00,LOLC,65.5
1998-06-26 00:00:00,LOLC,65.5
1998-06-29 00:00:00,LOLC,63.25
1998-06-30 00:00:00,LOLC,63.5
1998-07-01 00:00:00,LOLC,70
1998-07-02 00:00:00,LOLC,70
1998-07-03 00:00:00,LOLC,76
1998-07-06 00:00:00,LOLC,74
1998-07-08 00:00:00,LOLC,74
1998-07-10 00:00:00,LOLC,90
1998-07-20 00:00:00,LOLC,86
1998-07-24 00:00:00,LOLC,80
1998-07-28 00:00:00,LOLC,75
1998-07-30 00:00:00,LOLC,75
1998-07-31 00:00:00,LOLC,75
1998-08-03 00:00:00,LOLC,75
1998-08-04 00:00:00,LOLC,55
1998-08-05 00:00:00,LOLC,64.75
1998-08-06 00:00:00,LOLC,69
1998-08-10 00:00:00,LOLC,65
1998-08-11 00:00:00,LOLC,62
1998-08-12 00:00:00,LOLC,60
1998-08-14 00:00:00,LOLC,57
1998-08-18 00:00:00,LOLC,55
1998-08-19 00:00:00,LOLC,55
1998-08-20 00:00:00,LOLC,55
1998-08-21 00:00:00,LOLC,54.75
1998-08-24 00:00:00,LOLC,50
1998-08-25 00:00:00,LOLC,50
1998-08-26 00:00:00,LOLC,50
1998-08-27 00:00:00,LOLC,50
1998-08-31 00:00:00,LOLC,48
1998-09-01 00:00:00,LOLC,36
1998-09-03 00:00:00,LOLC,38
1998-09-04 00:00:00,LOLC,40
1998-09-07 00:00:00,LOLC,40
1998-09-08 00:00:00,LOLC,45
1998-09-09 00:00:00,LOLC,45
1998-09-10 00:00:00,LOLC,45
1998-09-15 00:00:00,LOLC,45.75
1998-09-16 00:00:00,LOLC,50
1998-09-17 00:00:00,LOLC,47
1998-09-18 00:00:00,LOLC,45
1998-09-25 00:00:00,LOLC,52
1998-09-29 00:00:00,LOLC,50
1998-09-30 00:00:00,LOLC,49.75
1998-10-01 00:00:00,LOLC,47.5
1998-10-02 00:00:00,LOLC,45
1998-10-12 00:00:00,LOLC,43
1998-10-20 00:00:00,LOLC,45
1998-10-22 00:00:00,LOLC,45
1998-10-26 00:00:00,LOLC,47.5
1998-10-27 00:00:00,LOLC,45.25
1998-10-29 00:00:00,LOLC,47
1998-10-30 00:00:00,LOLC,47
1998-11-06 00:00:00,LOLC,45.75
1998-11-17 00:00:00,LOLC,50
1998-11-18 00:00:00,LOLC,50
1998-11-19 00:00:00,LOLC,50
1998-11-20 00:00:00,LOLC,50
1998-11-23 00:00:00,LOLC,50
1998-11-24 00:00:00,LOLC,55
1998-11-25 00:00:00,LOLC,56.5
1998-11-26 00:00:00,LOLC,56
1998-11-27 00:00:00,LOLC,58
1998-11-30 00:00:00,LOLC,60
1998-12-01 00:00:00,LOLC,60
1998-12-08 00:00:00,LOLC,56
1998-12-10 00:00:00,LOLC,55
1998-12-15 00:00:00,LOLC,52.5
1998-12-17 00:00:00,LOLC,52.5
1998-12-18 00:00:00,LOLC,50
1998-12-21 00:00:00,LOLC,50
1998-12-22 00:00:00,LOLC,50.5
1998-12-28 00:00:00,LOLC,54
1998-12-29 00:00:00,LOLC,57
1998-12-31 00:00:00,LOLC,59
1998-07-10 00:00:00,LPRT,16
1998-07-13 00:00:00,LPRT,16
1998-07-14 00:00:00,LPRT,16
1998-09-17 00:00:00,LPRT,15
1998-09-30 00:00:00,LPRT,15
SECURITY_DA,COMP,CLOSE_PRICE
-----------,----,-----------
1998-10-06 00:00:00,LPRT,15
1998-01-02 00:00:00,LVEN,5.75
1998-01-08 00:00:00,LVEN,4
1998-01-13 00:00:00,LVEN,4.25
1998-01-21 00:00:00,LVEN,4.25
1998-01-26 00:00:00,LVEN,4.75
1998-01-28 00:00:00,LVEN,4.5
1998-01-29 00:00:00,LVEN,5
1998-01-30 00:00:00,LVEN,5
1998-02-03 00:00:00,LVEN,4.75
1998-02-06 00:00:00,LVEN,4.75
1998-02-09 00:00:00,LVEN,5
1998-02-13 00:00:00,LVEN,5
1998-02-16 00:00:00,LVEN,4.75
1998-02-17 00:00:00,LVEN,4.5
1998-03-11 00:00:00,LVEN,4.25
1998-03-13 00:00:00,LVEN,4.25
1998-03-16 00:00:00,LVEN,4.25
1998-03-17 00:00:00,LVEN,4.25
1998-03-18 00:00:00,LVEN,4.25
1998-03-19 00:00:00,LVEN,4.25
SECURITY_DA,COMP,CLOSE_PRICE
-----------,----,-----------
1998-03-20 00:00:00,LVEN,4.5
1998-03-23 00:00:00,LVEN,4.25
1998-03-24 00:00:00,LVEN,4.25
1998-03-26 00:00:00,LVEN,4.25
1998-03-27 00:00:00,LVEN,4.25
1998-04-01 00:00:00,LVEN,4
1998-04-02 00:00:00,LVEN,4.25
1998-04-03 00:00:00,LVEN,3
1998-04-06 00:00:00,LVEN,3.5
1998-04-07 00:00:00,LVEN,3.25
1998-04-08 00:00:00,LVEN,3.25
1998-04-09 00:00:00,LVEN,3.25
1998-04-15 00:00:00,LVEN,3.25
1998-04-16 00:00:00,LVEN,3.5
1998-04-17 00:00:00,LVEN,3.75
1998-04-20 00:00:00,LVEN,3.75
1998-04-21 00:00:00,LVEN,3.75
1998-04-22 00:00:00,LVEN,3.75
1998-04-23 00:00:00,LVEN,4
1998-04-24 00:00:00,LVEN,4
1998-04-27 00:00:00,LVEN,3.75
SECURITY_DA,COMP,CLOSE_PRICE
-----------,----,-----------
1998-04-28 00:00:00,LVEN,3.75
1998-04-29 00:00:00,LVEN,3.75
1998-04-30 00:00:00,LVEN,3.75
1998-05-04 00:00:00,LVEN,3.75
1998-05-05 00:00:00,LVEN,3.5
1998-05-07 00:00:00,LVEN,3.5
1998-05-08 00:00:00,LVEN,3.75
1998-05-13 00:00:00,LVEN,3.5
1998-05-14 00:00:00,LVEN,3.5
1998-05-15 00:00:00,LVEN,3.5
1998-05-18 00:00:00,LVEN,3.5
1998-05-19 00:00:00,LVEN,3.5
1998-05-21 00:00:00,LVEN,3.5
1998-05-22 00:00:00,LVEN,3.5
1998-05-25 00:00:00,LVEN,3.5
1998-05-26 00:00:00,LVEN,3.25
1998-05-27 00:00:00,LVEN,3.5
1998-05-28 00:00:00,LVEN,3.25
1998-05-29 00:00:00,LVEN,3.25
1998-06-02 00:00:00,LVEN,3.25
1998-06-03 00:00:00,LVEN,3
SECURITY_DA,COMP,CLOSE_PRICE
-----------,----,-----------
1998-06-04 00:00:00,LVEN,3
1998-06-05 00:00:00,LVEN,3
1998-06-10 00:00:00,LVEN,3.25
1998-06-11 00:00:00,LVEN,4
1998-06-12 00:00:00,LVEN,4
1998-06-15 00:00:00,LVEN,3.75
1998-06-16 00:00:00,LVEN,3.75
1998-06-17 00:00:00,LVEN,4
1998-06-18 00:00:00,LVEN,3.75
1998-06-22 00:00:00,LVEN,4
1998-06-23 00:00:00,LVEN,4
1998-06-24 00:00:00,LVEN,3.75
1998-06-25 00:00:00,LVEN,3.5
1998-06-26 00:00:00,LVEN,3.75
1998-06-29 00:00:00,LVEN,3.75
1998-07-02 00:00:00,LVEN,4
1998-07-13 00:00:00,LVEN,4
1998-07-22 00:00:00,LVEN,3.75
1998-07-27 00:00:00,LVEN,4
1998-07-28 00:00:00,LVEN,4
1998-07-30 00:00:00,LVEN,4
SECURITY_DA,COMP,CLOSE_PRICE
-----------,----,-----------
1998-08-03 00:00:00,LVEN,4
1998-08-05 00:00:00,LVEN,4
1998-08-10 00:00:00,LVEN,4
1998-08-11 00:00:00,LVEN,4
1998-08-14 00:00:00,LVEN,3.75
1998-08-17 00:00:00,LVEN,3.75
1998-08-18 00:00:00,LVEN,3.75
1998-08-21 00:00:00,LVEN,3.75
1998-08-25 00:00:00,LVEN,3.5
1998-08-27 00:00:00,LVEN,3.75
1998-08-31 00:00:00,LVEN,3.5
1998-09-02 00:00:00,LVEN,3.5
1998-09-03 00:00:00,LVEN,3.5
1998-09-07 00:00:00,LVEN,3.5
1998-09-08 00:00:00,LVEN,3.75
1998-09-09 00:00:00,LVEN,3.75
1998-09-11 00:00:00,LVEN,4
1998-09-16 00:00:00,LVEN,4
1998-09-17 00:00:00,LVEN,4
1998-09-23 00:00:00,LVEN,4
1998-09-24 00:00:00,LVEN,3.75
SECURITY_DA,COMP,CLOSE_PRICE
-----------,----,-----------
1998-09-25 00:00:00,LVEN,3.75
1998-09-29 00:00:00,LVEN,3.75
1998-10-13 00:00:00,LVEN,3.75
1998-10-15 00:00:00,LVEN,3.75
1998-10-26 00:00:00,LVEN,3.25
1998-10-28 00:00:00,LVEN,3.5
1998-10-29 00:00:00,LVEN,3.5
1998-10-30 00:00:00,LVEN,4
1998-11-02 00:00:00,LVEN,4
1998-11-05 00:00:00,LVEN,3.75
1998-11-10 00:00:00,LVEN,4
1998-11-16 00:00:00,LVEN,4
1998-11-17 00:00:00,LVEN,4
1998-11-18 00:00:00,LVEN,4
1998-11-19 00:00:00,LVEN,4
1998-11-20 00:00:00,LVEN,4
1998-11-23 00:00:00,LVEN,4
1998-11-25 00:00:00,LVEN,4
1998-11-30 00:00:00,LVEN,4
1998-12-02 00:00:00,LVEN,4
1998-12-04 00:00:00,LVEN,4
1998-12-07 00:00:00,LVEN,4
1998-12-08 00:00:00,LVEN,4
1998-12-09 00:00:00,LVEN,4
1998-12-11 00:00:00,LVEN,4
1998-12-14 00:00:00,LVEN,4
1998-12-16 00:00:00,LVEN,4.25
1998-12-17 00:00:00,LVEN,4.25
1998-12-18 00:00:00,LVEN,4.25
1998-12-23 00:00:00,LVEN,4.25
1998-12-29 00:00:00,LVEN,4.5
1998-12-30 00:00:00,LVEN,5
1998-12-31 00:00:00,LVEN,5
1998-01-05 00:00:00,LWL,19
1998-01-06 00:00:00,LWL,18.75
1998-01-07 00:00:00,LWL,18.25
1998-01-08 00:00:00,LWL,18
1998-01-09 00:00:00,LWL,18
1998-01-13 00:00:00,LWL,18
1998-01-15 00:00:00,LWL,17.5
1998-01-16 00:00:00,LWL,17.5
1998-01-19 00:00:00,LWL,17.5
1998-01-20 00:00:00,LWL,17.5
1998-01-21 00:00:00,LWL,17.5
1998-01-22 00:00:00,LWL,16.5
1998-01-26 00:00:00,LWL,15
1998-01-27 00:00:00,LWL,15
1998-01-28 00:00:00,LWL,15
1998-01-29 00:00:00,LWL,16
1998-01-30 00:00:00,LWL,15.25
1998-02-03 00:00:00,LWL,14.25
1998-02-06 00:00:00,LWL,16
1998-02-09 00:00:00,LWL,15
1998-02-11 00:00:00,LWL,15
1998-02-12 00:00:00,LWL,15
1998-02-13 00:00:00,LWL,16
1998-02-16 00:00:00,LWL,15
1998-02-17 00:00:00,LWL,16
1998-02-18 00:00:00,LWL,16
1998-02-19 00:00:00,LWL,16.5
1998-02-20 00:00:00,LWL,16
1998-02-23 00:00:00,LWL,16.5
1998-02-24 00:00:00,LWL,15
1998-02-25 00:00:00,LWL,15.5
1998-02-26 00:00:00,LWL,15.5
1998-02-27 00:00:00,LWL,15.5
1998-03-03 00:00:00,LWL,15.25
1998-03-04 00:00:00,LWL,15
1998-03-05 00:00:00,LWL,15
1998-03-06 00:00:00,LWL,15
1998-03-09 00:00:00,LWL,15
1998-03-11 00:00:00,LWL,15
1998-03-13 00:00:00,LWL,15
1998-03-16 00:00:00,LWL,15
1998-03-17 00:00:00,LWL,15
1998-03-19 00:00:00,LWL,14.5
1998-03-20 00:00:00,LWL,14.5
1998-03-23 00:00:00,LWL,14.5
1998-03-24 00:00:00,LWL,15
1998-03-25 00:00:00,LWL,15
1998-03-26 00:00:00,LWL,15
1998-03-27 00:00:00,LWL,15
1998-03-30 00:00:00,LWL,15
1998-03-31 00:00:00,LWL,14.75
1998-04-01 00:00:00,LWL,15.5
1998-04-02 00:00:00,LWL,14.25
1998-04-06 00:00:00,LWL,14.25
1998-04-07 00:00:00,LWL,14.25
1998-04-08 00:00:00,LWL,14.5
1998-04-09 00:00:00,LWL,15
1998-04-15 00:00:00,LWL,15
1998-04-16 00:00:00,LWL,14.5
1998-04-17 00:00:00,LWL,15
1998-04-20 00:00:00,LWL,14.25
1998-04-21 00:00:00,LWL,14.25
1998-04-22 00:00:00,LWL,15.5
1998-04-23 00:00:00,LWL,15.5
1998-04-24 00:00:00,LWL,15.5
1998-04-27 00:00:00,LWL,15.5
1998-04-28 00:00:00,LWL,15.25
1998-04-29 00:00:00,LWL,15.25
1998-04-30 00:00:00,LWL,15.25
1998-05-04 00:00:00,LWL,15.25
1998-05-05 00:00:00,LWL,15.25
1998-05-06 00:00:00,LWL,14
1998-05-07 00:00:00,LWL,14.25
1998-05-08 00:00:00,LWL,14.25
1998-05-13 00:00:00,LWL,14
1998-05-14 00:00:00,LWL,13.5
1998-05-15 00:00:00,LWL,12.5
1998-05-18 00:00:00,LWL,12.5
1998-05-19 00:00:00,LWL,12.5
1998-05-20 00:00:00,LWL,12
1998-05-21 00:00:00,LWL,11.5
1998-05-22 00:00:00,LWL,12
1998-05-25 00:00:00,LWL,11.75
1998-05-26 00:00:00,LWL,11.5
1998-05-27 00:00:00,LWL,11.5
1998-05-28 00:00:00,LWL,12
1998-05-29 00:00:00,LWL,12.25
1998-06-01 00:00:00,LWL,11.5
1998-06-02 00:00:00,LWL,11.25
1998-06-03 00:00:00,LWL,11.25
1998-06-04 00:00:00,LWL,11.5
1998-06-05 00:00:00,LWL,11.25
1998-06-08 00:00:00,LWL,11.25
1998-06-10 00:00:00,LWL,11.25
1998-06-11 00:00:00,LWL,11
1998-06-12 00:00:00,LWL,11
1998-06-15 00:00:00,LWL,10
1998-06-16 00:00:00,LWL,10.5
1998-06-17 00:00:00,LWL,10.5
1998-06-18 00:00:00,LWL,10.5
1998-06-19 00:00:00,LWL,10.75
1998-06-22 00:00:00,LWL,10.5
1998-06-23 00:00:00,LWL,10.5
1998-06-25 00:00:00,LWL,10.5
1998-06-26 00:00:00,LWL,10.5
1998-06-30 00:00:00,LWL,10.5
1998-07-01 00:00:00,LWL,10
1998-07-02 00:00:00,LWL,10.5
1998-07-03 00:00:00,LWL,10.5
1998-07-08 00:00:00,LWL,11
1998-07-10 00:00:00,LWL,11
1998-07-13 00:00:00,LWL,11.5
1998-07-14 00:00:00,LWL,11.5
1998-07-15 00:00:00,LWL,11.25
1998-07-16 00:00:00,LWL,10.25
1998-07-20 00:00:00,LWL,10.25
1998-07-21 00:00:00,LWL,10.5
1998-07-22 00:00:00,LWL,10.5
1998-07-23 00:00:00,LWL,10.25
1998-07-24 00:00:00,LWL,10.5
1998-07-27 00:00:00,LWL,10.25
1998-07-28 00:00:00,LWL,10.5
1998-07-30 00:00:00,LWL,10.75
1998-08-03 00:00:00,LWL,10.25
1998-08-04 00:00:00,LWL,10
1998-08-05 00:00:00,LWL,9.75
1998-08-06 00:00:00,LWL,9.75
1998-08-10 00:00:00,LWL,9.75
1998-08-11 00:00:00,LWL,9.75
1998-08-12 00:00:00,LWL,9.75
1998-08-13 00:00:00,LWL,9.75
1998-08-14 00:00:00,LWL,9.75
1998-08-17 00:00:00,LWL,9.5
1998-08-18 00:00:00,LWL,9.5
1998-08-20 00:00:00,LWL,8
1998-08-24 00:00:00,LWL,8
1998-08-25 00:00:00,LWL,8
1998-08-26 00:00:00,LWL,9.25
1998-08-27 00:00:00,LWL,9
1998-08-28 00:00:00,LWL,8.25
1998-08-31 00:00:00,LWL,8
1998-09-01 00:00:00,LWL,8
1998-09-02 00:00:00,LWL,7.5
1998-09-03 00:00:00,LWL,8
1998-09-04 00:00:00,LWL,8
1998-09-07 00:00:00,LWL,8.25
1998-09-08 00:00:00,LWL,8.5
1998-09-10 00:00:00,LWL,8
1998-09-11 00:00:00,LWL,8.25
1998-09-14 00:00:00,LWL,8.5
1998-09-15 00:00:00,LWL,8.5
1998-09-16 00:00:00,LWL,8.25
1998-09-17 00:00:00,LWL,8.5
1998-09-18 00:00:00,LWL,8.25
1998-09-21 00:00:00,LWL,8.25
1998-09-23 00:00:00,LWL,8
1998-09-24 00:00:00,LWL,8
1998-09-25 00:00:00,LWL,8
1998-09-28 00:00:00,LWL,7.75
1998-09-29 00:00:00,LWL,8.25
1998-09-30 00:00:00,LWL,7.5
1998-10-01 00:00:00,LWL,8
1998-10-02 00:00:00,LWL,7.25
1998-10-06 00:00:00,LWL,7.25
1998-10-07 00:00:00,LWL,7.25
1998-10-08 00:00:00,LWL,7.5
1998-10-09 00:00:00,LWL,7.25
1998-10-12 00:00:00,LWL,7.25
1998-10-13 00:00:00,LWL,7
1998-10-14 00:00:00,LWL,7
1998-10-15 00:00:00,LWL,6.75
1998-10-16 00:00:00,LWL,6.5
1998-10-20 00:00:00,LWL,6.75
1998-10-21 00:00:00,LWL,6.75
1998-10-22 00:00:00,LWL,7
1998-10-23 00:00:00,LWL,7
1998-10-26 00:00:00,LWL,7.5
1998-10-27 00:00:00,LWL,7.25
1998-10-28 00:00:00,LWL,7.25
1998-10-29 00:00:00,LWL,7
1998-10-30 00:00:00,LWL,7
1998-11-02 00:00:00,LWL,7
1998-11-04 00:00:00,LWL,7
1998-11-05 00:00:00,LWL,7
1998-11-06 00:00:00,LWL,7
1998-11-09 00:00:00,LWL,7
1998-11-10 00:00:00,LWL,7.25
1998-11-11 00:00:00,LWL,7
1998-11-12 00:00:00,LWL,7
1998-11-13 00:00:00,LWL,7.75
1998-11-16 00:00:00,LWL,7
1998-11-17 00:00:00,LWL,7
1998-11-18 00:00:00,LWL,7.5
1998-11-19 00:00:00,LWL,7.25
1998-11-20 00:00:00,LWL,7
1998-11-23 00:00:00,LWL,7
1998-11-24 00:00:00,LWL,7
1998-11-25 00:00:00,LWL,7.5
1998-11-26 00:00:00,LWL,7.25
1998-11-27 00:00:00,LWL,7
1998-11-30 00:00:00,LWL,7
1998-12-01 00:00:00,LWL,7.25
1998-12-02 00:00:00,LWL,7
1998-12-04 00:00:00,LWL,7
1998-12-07 00:00:00,LWL,6.75
1998-12-08 00:00:00,LWL,6.5
1998-12-09 00:00:00,LWL,7
1998-12-10 00:00:00,LWL,6.75
1998-12-11 00:00:00,LWL,6.75
1998-12-14 00:00:00,LWL,7
1998-12-15 00:00:00,LWL,6.75
1998-12-16 00:00:00,LWL,6.75
1998-12-17 00:00:00,LWL,6.75
1998-12-18 00:00:00,LWL,6.75
1998-12-21 00:00:00,LWL,6.5
1998-12-22 00:00:00,LWL,6.5
1998-12-23 00:00:00,LWL,6.5
1998-12-24 00:00:00,LWL,6.75
1998-12-28 00:00:00,LWL,7
1998-12-29 00:00:00,LWL,6.5
1998-12-30 00:00:00,LWL,6.75
1998-12-31 00:00:00,LWL,6.75
1998-07-06 00:00:00,MADU,27.5
1998-07-08 00:00:00,MADU,26.75
1998-07-10 00:00:00,MADU,32
1998-07-13 00:00:00,MADU,32.75
1998-07-14 00:00:00,MADU,32
1998-07-15 00:00:00,MADU,31.5
1998-07-16 00:00:00,MADU,31
1998-07-17 00:00:00,MADU,32
1998-07-20 00:00:00,MADU,31
1998-07-21 00:00:00,MADU,32
1998-07-22 00:00:00,MADU,32.75
1998-07-23 00:00:00,MADU,32.5
1998-07-24 00:00:00,MADU,32.5
1998-07-27 00:00:00,MADU,34
1998-07-28 00:00:00,MADU,33.25
1998-07-29 00:00:00,MADU,33.75
1998-07-30 00:00:00,MADU,34
1998-07-31 00:00:00,MADU,33.75
1998-08-03 00:00:00,MADU,33.75
1998-08-04 00:00:00,MADU,33.5
1998-08-05 00:00:00,MADU,34.5
1998-08-06 00:00:00,MADU,34.5
1998-08-10 00:00:00,MADU,34.5
1998-08-11 00:00:00,MADU,34.25
1998-08-12 00:00:00,MADU,34
1998-08-13 00:00:00,MADU,33.75
1998-08-14 00:00:00,MADU,33
1998-08-17 00:00:00,MADU,33
1998-08-18 00:00:00,MADU,32.5
1998-08-19 00:00:00,MADU,32.5
1998-08-20 00:00:00,MADU,32.25
1998-08-21 00:00:00,MADU,33
1998-08-24 00:00:00,MADU,32.25
1998-08-25 00:00:00,MADU,32
1998-08-26 00:00:00,MADU,32.25
1998-08-27 00:00:00,MADU,32
1998-08-28 00:00:00,MADU,31
1998-08-31 00:00:00,MADU,31.75
1998-09-01 00:00:00,MADU,22.5
1998-09-02 00:00:00,MADU,22.5
1998-09-03 00:00:00,MADU,20
1998-09-04 00:00:00,MADU,22.5
1998-09-07 00:00:00,MADU,21.25
1998-09-08 00:00:00,MADU,22
1998-09-09 00:00:00,MADU,21.75
1998-09-10 00:00:00,MADU,21.5
1998-09-11 00:00:00,MADU,21.5
1998-09-14 00:00:00,MADU,23.75
1998-09-15 00:00:00,MADU,23.5
1998-09-16 00:00:00,MADU,24
1998-09-17 00:00:00,MADU,22.75
1998-09-18 00:00:00,MADU,21.5
1998-09-21 00:00:00,MADU,22.5
1998-09-22 00:00:00,MADU,22.25
1998-09-23 00:00:00,MADU,22.75
1998-09-24 00:00:00,MADU,23
1998-09-25 00:00:00,MADU,22.75
1998-09-28 00:00:00,MADU,22
1998-09-29 00:00:00,MADU,21
1998-09-30 00:00:00,MADU,21
1998-10-01 00:00:00,MADU,21
1998-10-02 00:00:00,MADU,20
1998-10-06 00:00:00,MADU,19
1998-10-07 00:00:00,MADU,19
1998-10-08 00:00:00,MADU,19.25
1998-10-09 00:00:00,MADU,18.75
1998-10-12 00:00:00,MADU,18.25
1998-10-13 00:00:00,MADU,17.5
1998-10-14 00:00:00,MADU,16
1998-10-15 00:00:00,MADU,17
1998-10-16 00:00:00,MADU,18
1998-10-19 00:00:00,MADU,20
1998-10-20 00:00:00,MADU,18.5
1998-10-21 00:00:00,MADU,18.25
1998-10-22 00:00:00,MADU,17.25
1998-10-23 00:00:00,MADU,17.25
1998-10-26 00:00:00,MADU,17.5
1998-10-27 00:00:00,MADU,17.5
1998-10-28 00:00:00,MADU,17.75
1998-10-29 00:00:00,MADU,18
1998-10-30 00:00:00,MADU,17.75
1998-11-02 00:00:00,MADU,17.5
1998-11-04 00:00:00,MADU,18
1998-11-05 00:00:00,MADU,17.75
1998-11-06 00:00:00,MADU,17.5
1998-11-09 00:00:00,MADU,16.75
1998-11-10 00:00:00,MADU,16.5
1998-11-11 00:00:00,MADU,16.5
1998-11-12 00:00:00,MADU,16.75
1998-11-13 00:00:00,MADU,16.75
1998-11-16 00:00:00,MADU,17.25
1998-11-17 00:00:00,MADU,16.25
1998-11-18 00:00:00,MADU,16.25
1998-11-19 00:00:00,MADU,16
1998-11-20 00:00:00,MADU,16.25
1998-11-23 00:00:00,MADU,16
1998-11-24 00:00:00,MADU,16.5
1998-11-25 00:00:00,MADU,18
1998-11-26 00:00:00,MADU,18
1998-11-27 00:00:00,MADU,18
1998-11-30 00:00:00,MADU,18.75
1998-12-01 00:00:00,MADU,19
1998-12-02 00:00:00,MADU,17.75
1998-12-04 00:00:00,MADU,17.5
1998-12-07 00:00:00,MADU,16.75
1998-12-08 00:00:00,MADU,16.75
1998-12-09 00:00:00,MADU,17
1998-12-10 00:00:00,MADU,17.5
1998-12-11 00:00:00,MADU,17.75
1998-12-14 00:00:00,MADU,18
1998-12-15 00:00:00,MADU,18
1998-12-16 00:00:00,MADU,17.5
1998-12-17 00:00:00,MADU,17.25
1998-12-18 00:00:00,MADU,17.25
1998-12-21 00:00:00,MADU,17.5
1998-12-22 00:00:00,MADU,17.25
1998-12-23 00:00:00,MADU,17.25
1998-12-24 00:00:00,MADU,17.5
1998-12-28 00:00:00,MADU,17.5
1998-12-29 00:00:00,MADU,17.25
1998-12-30 00:00:00,MADU,17.5
1998-12-31 00:00:00,MADU,17.5
1998-01-05 00:00:00,MARA,6
1998-01-06 00:00:00,MARA,5
1998-01-15 00:00:00,MARA,5
1998-01-29 00:00:00,MARA,5
1998-01-30 00:00:00,MARA,4
1998-02-06 00:00:00,MARA,4
1998-02-25 00:00:00,MARA,4
1998-03-03 00:00:00,MARA,4
1998-03-04 00:00:00,MARA,4
1998-03-05 00:00:00,MARA,4
1998-03-06 00:00:00,MARA,4
1998-03-09 00:00:00,MARA,4
1998-03-11 00:00:00,MARA,4
1998-03-13 00:00:00,MARA,4
1998-03-20 00:00:00,MARA,3
1998-03-23 00:00:00,MARA,3
1998-03-24 00:00:00,MARA,3
1998-03-26 00:00:00,MARA,3
1998-03-27 00:00:00,MARA,3
1998-03-30 00:00:00,MARA,3
1998-04-02 00:00:00,MARA,3
1998-04-09 00:00:00,MARA,3
SECURITY_DA,COMP,CLOSE_PRICE
-----------,----,-----------
1998-04-16 00:00:00,MARA,3
1998-04-17 00:00:00,MARA,3
1998-04-28 00:00:00,MARA,3.25
1998-05-04 00:00:00,MARA,3.5
1998-05-15 00:00:00,MARA,3.5
1998-05-18 00:00:00,MARA,3.5
1998-05-20 00:00:00,MARA,4
1998-05-21 00:00:00,MARA,4
1998-05-25 00:00:00,MARA,4.5
1998-05-28 00:00:00,MARA,4.75
1998-06-12 00:00:00,MARA,3.75
1998-07-14 00:00:00,MARA,3.75
1998-07-21 00:00:00,MARA,2.75
1998-07-24 00:00:00,MARA,3
1998-07-28 00:00:00,MARA,3
1998-07-29 00:00:00,MARA,3
1998-08-18 00:00:00,MARA,3
1998-11-10 00:00:00,MARA,3.5
1998-11-13 00:00:00,MARA,3.5
1998-11-16 00:00:00,MARA,3.5
1998-11-17 00:00:00,MARA,3.5
1998-11-23 00:00:00,MARA,3.5
1998-11-25 00:00:00,MARA,3
1998-11-27 00:00:00,MARA,4.25
1998-11-30 00:00:00,MARA,3.5
1998-12-02 00:00:00,MARA,3.5
1998-12-04 00:00:00,MARA,3.5
1998-12-08 00:00:00,MARA,3.5
1998-12-11 00:00:00,MARA,3.5
1998-12-14 00:00:00,MARA,4
1998-12-15 00:00:00,MARA,3.5
1998-12-16 00:00:00,MARA,3.75
1998-12-17 00:00:00,MARA,3.75
1998-12-21 00:00:00,MARA,3.75
1998-12-22 00:00:00,MARA,3.75
1998-12-23 00:00:00,MARA,3.75
1998-12-28 00:00:00,MARA,3.75
1998-12-29 00:00:00,MARA,3.75
1998-01-02 00:00:00,MASK,46.25
1998-01-05 00:00:00,MASK,46.5
1998-01-06 00:00:00,MASK,45.75
1998-01-07 00:00:00,MASK,43.75
1998-01-08 00:00:00,MASK,43
1998-01-09 00:00:00,MASK,42.75
1998-01-13 00:00:00,MASK,42.75
1998-01-15 00:00:00,MASK,41
1998-01-16 00:00:00,MASK,39
1998-01-19 00:00:00,MASK,37.5
1998-01-20 00:00:00,MASK,38.25
1998-01-21 00:00:00,MASK,38.25
1998-01-22 00:00:00,MASK,38.5
1998-01-23 00:00:00,MASK,39
1998-01-26 00:00:00,MASK,37.5
1998-01-27 00:00:00,MASK,38.5
1998-01-28 00:00:00,MASK,39
1998-01-29 00:00:00,MASK,38.5
1998-01-30 00:00:00,MASK,39
1998-02-02 00:00:00,MASK,41.5
1998-02-03 00:00:00,MASK,41
1998-02-06 00:00:00,MASK,40.5
1998-02-09 00:00:00,MASK,41.25
1998-02-11 00:00:00,MASK,41
1998-02-12 00:00:00,MASK,40
1998-02-13 00:00:00,MASK,42.5
1998-02-16 00:00:00,MASK,42.5
1998-02-17 00:00:00,MASK,43.25
1998-02-18 00:00:00,MASK,45
1998-02-19 00:00:00,MASK,45.5
1998-02-20 00:00:00,MASK,45.5
1998-02-23 00:00:00,MASK,45.5
1998-02-24 00:00:00,MASK,45
1998-02-25 00:00:00,MASK,45
1998-02-26 00:00:00,MASK,44.5
1998-02-27 00:00:00,MASK,45
1998-03-02 00:00:00,MASK,44.25
1998-03-03 00:00:00,MASK,44.75
1998-03-04 00:00:00,MASK,45
1998-03-05 00:00:00,MASK,45
1998-03-06 00:00:00,MASK,45.25
1998-03-09 00:00:00,MASK,45
1998-03-10 00:00:00,MASK,45
1998-03-11 00:00:00,MASK,45
1998-03-13 00:00:00,MASK,45
1998-03-16 00:00:00,MASK,44.5
1998-03-17 00:00:00,MASK,45
1998-03-18 00:00:00,MASK,45
1998-03-19 00:00:00,MASK,45.25
1998-03-20 00:00:00,MASK,45.25
1998-03-23 00:00:00,MASK,45.75
1998-03-24 00:00:00,MASK,45.25
1998-03-25 00:00:00,MASK,50
1998-03-26 00:00:00,MASK,48.25
1998-03-27 00:00:00,MASK,49.75
1998-03-30 00:00:00,MASK,47
1998-03-31 00:00:00,MASK,48
1998-04-01 00:00:00,MASK,48
1998-04-02 00:00:00,MASK,47.5
1998-04-03 00:00:00,MASK,46
1998-04-06 00:00:00,MASK,46.5
1998-04-07 00:00:00,MASK,50.5
1998-04-08 00:00:00,MASK,50
1998-04-09 00:00:00,MASK,55
1998-04-15 00:00:00,MASK,55
1998-04-16 00:00:00,MASK,55.25
1998-04-17 00:00:00,MASK,58
1998-04-20 00:00:00,MASK,58.5
1998-04-21 00:00:00,MASK,58.5
1998-04-22 00:00:00,MASK,59.5
1998-04-23 00:00:00,MASK,65.25
1998-04-24 00:00:00,MASK,63
1998-04-27 00:00:00,MASK,62.25
1998-04-28 00:00:00,MASK,66
1998-04-29 00:00:00,MASK,65.25
1998-04-30 00:00:00,MASK,65.75
1998-05-04 00:00:00,MASK,70.25
1998-05-05 00:00:00,MASK,72
1998-05-06 00:00:00,MASK,69
1998-05-07 00:00:00,MASK,70
1998-05-08 00:00:00,MASK,69.25
1998-05-13 00:00:00,MASK,69
1998-05-14 00:00:00,MASK,66.5
1998-05-15 00:00:00,MASK,65
1998-05-18 00:00:00,MASK,65.25
1998-05-19 00:00:00,MASK,63
1998-05-20 00:00:00,MASK,62
1998-05-21 00:00:00,MASK,61.5
1998-05-22 00:00:00,MASK,66.75
1998-05-25 00:00:00,MASK,69
1998-05-26 00:00:00,MASK,70.5
1998-05-27 00:00:00,MASK,67.25
1998-05-28 00:00:00,MASK,64
1998-05-29 00:00:00,MASK,62
1998-06-01 00:00:00,MASK,58.5
1998-06-02 00:00:00,MASK,64
1998-06-03 00:00:00,MASK,61.5
1998-06-04 00:00:00,MASK,60
1998-06-05 00:00:00,MASK,59.5
1998-06-08 00:00:00,MASK,60
1998-06-10 00:00:00,MASK,60.5
1998-06-11 00:00:00,MASK,53
1998-06-12 00:00:00,MASK,45.25
1998-06-15 00:00:00,MASK,43
1998-06-16 00:00:00,MASK,41.25
1998-06-17 00:00:00,MASK,40
1998-06-18 00:00:00,MASK,43
1998-06-19 00:00:00,MASK,41.5
1998-06-22 00:00:00,MASK,39.5
1998-06-23 00:00:00,MASK,38
1998-06-24 00:00:00,MASK,39.5
1998-06-25 00:00:00,MASK,36.75
1998-06-26 00:00:00,MASK,37.75
1998-06-29 00:00:00,MASK,37.75
1998-06-30 00:00:00,MASK,37.75
1998-07-01 00:00:00,MASK,41
1998-07-02 00:00:00,MASK,43
1998-07-03 00:00:00,MASK,41.5
1998-07-06 00:00:00,MASK,40.25
1998-07-08 00:00:00,MASK,41
1998-07-10 00:00:00,MASK,40
1998-07-13 00:00:00,MASK,40
1998-07-14 00:00:00,MASK,38
1998-07-15 00:00:00,MASK,37
1998-07-16 00:00:00,MASK,37.5
1998-07-17 00:00:00,MASK,38.5
1998-07-20 00:00:00,MASK,38.5
1998-07-21 00:00:00,MASK,37.25
1998-07-22 00:00:00,MASK,38.5
1998-07-23 00:00:00,MASK,38.75
1998-07-24 00:00:00,MASK,38.75
1998-07-27 00:00:00,MASK,38.5
1998-07-28 00:00:00,MASK,39
1998-07-29 00:00:00,MASK,39.75
1998-07-30 00:00:00,MASK,41
1998-07-31 00:00:00,MASK,42.5
1998-08-03 00:00:00,MASK,41.5
1998-08-04 00:00:00,MASK,40
1998-08-05 00:00:00,MASK,40
1998-08-06 00:00:00,MASK,39
1998-08-10 00:00:00,MASK,38.25
1998-08-11 00:00:00,MASK,39
1998-08-12 00:00:00,MASK,39.75
1998-08-13 00:00:00,MASK,38.25
1998-08-14 00:00:00,MASK,37.75
1998-08-17 00:00:00,MASK,37.25
1998-08-18 00:00:00,MASK,37
1998-08-19 00:00:00,MASK,37
1998-08-20 00:00:00,MASK,36.5
1998-08-21 00:00:00,MASK,35
1998-08-24 00:00:00,MASK,33
1998-08-25 00:00:00,MASK,31
1998-08-26 00:00:00,MASK,33
1998-08-27 00:00:00,MASK,31.25
1998-08-28 00:00:00,MASK,29.5
1998-08-31 00:00:00,MASK,25.5
1998-09-01 00:00:00,MASK,21
1998-09-02 00:00:00,MASK,21.75
1998-09-03 00:00:00,MASK,22
1998-09-04 00:00:00,MASK,22.5
1998-09-07 00:00:00,MASK,24
1998-09-08 00:00:00,MASK,23
1998-09-09 00:00:00,MASK,22
1998-09-10 00:00:00,MASK,22
1998-09-11 00:00:00,MASK,22
1998-09-14 00:00:00,MASK,22
1998-09-15 00:00:00,MASK,24.5
1998-09-16 00:00:00,MASK,26
1998-09-17 00:00:00,MASK,24
1998-09-18 00:00:00,MASK,24
1998-09-21 00:00:00,MASK,25.5
1998-09-22 00:00:00,MASK,25.25
1998-09-23 00:00:00,MASK,26
1998-09-24 00:00:00,MASK,26.5
1998-09-25 00:00:00,MASK,26.75
1998-09-28 00:00:00,MASK,26
1998-09-29 00:00:00,MASK,25
1998-09-30 00:00:00,MASK,24.75
1998-10-01 00:00:00,MASK,24.75
1998-10-02 00:00:00,MASK,24
1998-10-06 00:00:00,MASK,23.5
1998-10-07 00:00:00,MASK,23.5
1998-10-08 00:00:00,MASK,23.75
1998-10-09 00:00:00,MASK,23.5
1998-10-12 00:00:00,MASK,23.75
1998-10-13 00:00:00,MASK,23
1998-10-14 00:00:00,MASK,21.75
1998-10-15 00:00:00,MASK,22.5
1998-10-16 00:00:00,MASK,23.5
1998-10-19 00:00:00,MASK,24.5
1998-10-20 00:00:00,MASK,24.25
1998-10-21 00:00:00,MASK,23
1998-10-22 00:00:00,MASK,23
1998-10-23 00:00:00,MASK,23.25
1998-10-26 00:00:00,MASK,23.5
1998-10-27 00:00:00,MASK,24
1998-10-28 00:00:00,MASK,24
1998-10-29 00:00:00,MASK,23.75
1998-10-30 00:00:00,MASK,23.75
1998-11-02 00:00:00,MASK,23.75
1998-11-04 00:00:00,MASK,23.75
1998-11-05 00:00:00,MASK,24.5
1998-11-06 00:00:00,MASK,24
1998-11-09 00:00:00,MASK,22.5
1998-11-10 00:00:00,MASK,21.5
1998-11-11 00:00:00,MASK,21.5
1998-11-12 00:00:00,MASK,22.5
1998-11-13 00:00:00,MASK,23
1998-11-16 00:00:00,MASK,23.5
1998-11-17 00:00:00,MASK,23
1998-11-18 00:00:00,MASK,23
1998-11-19 00:00:00,MASK,22.75
1998-11-20 00:00:00,MASK,22.75
1998-11-23 00:00:00,MASK,22.75
1998-11-24 00:00:00,MASK,23.25
1998-11-25 00:00:00,MASK,27.5
1998-11-26 00:00:00,MASK,26.5
1998-11-27 00:00:00,MASK,26.5
1998-11-30 00:00:00,MASK,26.5
1998-12-01 00:00:00,MASK,26.5
1998-12-02 00:00:00,MASK,25.5
1998-12-04 00:00:00,MASK,24
1998-12-07 00:00:00,MASK,23.75
1998-12-08 00:00:00,MASK,23
1998-12-09 00:00:00,MASK,24
1998-12-10 00:00:00,MASK,23.75
1998-12-11 00:00:00,MASK,24
1998-12-14 00:00:00,MASK,24.25
1998-12-15 00:00:00,MASK,24.25
1998-12-16 00:00:00,MASK,25
1998-12-17 00:00:00,MASK,24.25
1998-12-18 00:00:00,MASK,24.5
1998-12-21 00:00:00,MASK,24.5
1998-12-22 00:00:00,MASK,24.25
1998-12-23 00:00:00,MASK,24.25
1998-12-24 00:00:00,MASK,24.25
1998-12-28 00:00:00,MASK,24.75
1998-12-29 00:00:00,MASK,26.25
1998-12-30 00:00:00,MASK,25
1998-12-31 00:00:00,MASK,25
1998-01-02 00:00:00,MBSL,9
1998-01-05 00:00:00,MBSL,9
1998-01-06 00:00:00,MBSL,9
1998-01-07 00:00:00,MBSL,8.75
1998-01-08 00:00:00,MBSL,8.75
1998-01-09 00:00:00,MBSL,8.5
1998-01-13 00:00:00,MBSL,8.5
1998-01-15 00:00:00,MBSL,8.5
1998-01-16 00:00:00,MBSL,8
1998-01-19 00:00:00,MBSL,8
1998-01-20 00:00:00,MBSL,8
1998-01-21 00:00:00,MBSL,8
1998-01-22 00:00:00,MBSL,7.75
1998-01-23 00:00:00,MBSL,7.5
1998-01-26 00:00:00,MBSL,7.5
1998-01-27 00:00:00,MBSL,7.25
SECURITY_DA,COMP,CLOSE_PRICE
-----------,----,-----------
1998-01-28 00:00:00,MBSL,7
1998-01-29 00:00:00,MBSL,7
1998-01-30 00:00:00,MBSL,7
1998-02-02 00:00:00,MBSL,7
1998-02-03 00:00:00,MBSL,7.25
1998-02-06 00:00:00,MBSL,7.25
1998-02-09 00:00:00,MBSL,7.5
1998-02-11 00:00:00,MBSL,7.25
1998-02-12 00:00:00,MBSL,8
1998-02-13 00:00:00,MBSL,8
1998-02-16 00:00:00,MBSL,8
1998-02-17 00:00:00,MBSL,7.75
1998-02-18 00:00:00,MBSL,7.5
1998-02-19 00:00:00,MBSL,7.75
1998-02-20 00:00:00,MBSL,7.75
1998-02-23 00:00:00,MBSL,7.75
1998-02-24 00:00:00,MBSL,7
1998-02-25 00:00:00,MBSL,7
1998-02-26 00:00:00,MBSL,8.25
1998-03-04 00:00:00,MBSL,9.25
1998-03-05 00:00:00,MBSL,9
SECURITY_DA,COMP,CLOSE_PRICE
-----------,----,-----------
1998-03-06 00:00:00,MBSL,9
1998-03-09 00:00:00,MBSL,9
1998-03-10 00:00:00,MBSL,8.25
1998-03-11 00:00:00,MBSL,8.5
1998-03-13 00:00:00,MBSL,8.5
1998-03-16 00:00:00,MBSL,8
1998-03-17 00:00:00,MBSL,7.75
1998-03-18 00:00:00,MBSL,7.75
1998-03-19 00:00:00,MBSL,7.75
1998-03-20 00:00:00,MBSL,7.75
1998-03-23 00:00:00,MBSL,7.5
1998-03-24 00:00:00,MBSL,7.5
1998-03-25 00:00:00,MBSL,7.5
1998-03-26 00:00:00,MBSL,7.5
1998-03-27 00:00:00,MBSL,7
1998-03-30 00:00:00,MBSL,7
1998-03-31 00:00:00,MBSL,6.75
1998-04-01 00:00:00,MBSL,6.75
1998-04-02 00:00:00,MBSL,6.5
1998-04-03 00:00:00,MBSL,6.25
1998-04-06 00:00:00,MBSL,6.25
SECURITY_DA,COMP,CLOSE_PRICE
-----------,----,-----------
1998-04-07 00:00:00,MBSL,7.25
1998-04-08 00:00:00,MBSL,8.25
1998-04-09 00:00:00,MBSL,8.5
1998-04-15 00:00:00,MBSL,8.5
1998-04-16 00:00:00,MBSL,8.25
1998-04-17 00:00:00,MBSL,8.25
1998-04-20 00:00:00,MBSL,8.5
1998-04-21 00:00:00,MBSL,9
1998-04-22 00:00:00,MBSL,9.25
1998-04-23 00:00:00,MBSL,10
1998-04-24 00:00:00,MBSL,9.5
1998-04-27 00:00:00,MBSL,10.5
1998-04-28 00:00:00,MBSL,9.75
1998-04-29 00:00:00,MBSL,10.25
1998-04-30 00:00:00,MBSL,9.75
1998-05-04 00:00:00,MBSL,9.5
1998-05-05 00:00:00,MBSL,9.5
1998-05-06 00:00:00,MBSL,9.25
1998-05-07 00:00:00,MBSL,9.5
1998-05-08 00:00:00,MBSL,9.75
1998-05-13 00:00:00,MBSL,9.5
SECURITY_DA,COMP,CLOSE_PRICE
-----------,----,-----------
1998-05-14 00:00:00,MBSL,9
1998-05-15 00:00:00,MBSL,8.5
1998-05-18 00:00:00,MBSL,8
1998-05-19 00:00:00,MBSL,8.25
1998-05-20 00:00:00,MBSL,7.25
1998-05-21 00:00:00,MBSL,8
1998-05-22 00:00:00,MBSL,8
1998-05-25 00:00:00,MBSL,8
1998-05-26 00:00:00,MBSL,8
1998-05-27 00:00:00,MBSL,8
1998-05-28 00:00:00,MBSL,8.25
1998-05-29 00:00:00,MBSL,8.25
1998-06-01 00:00:00,MBSL,8
1998-06-02 00:00:00,MBSL,8
1998-06-03 00:00:00,MBSL,8
1998-06-04 00:00:00,MBSL,8
1998-06-05 00:00:00,MBSL,8
1998-06-08 00:00:00,MBSL,8
1998-06-10 00:00:00,MBSL,7.5
1998-06-11 00:00:00,MBSL,7.5
1998-06-12 00:00:00,MBSL,7.25
SECURITY_DA,COMP,CLOSE_PRICE
-----------,----,-----------
1998-06-15 00:00:00,MBSL,7
1998-06-16 00:00:00,MBSL,6.5
1998-06-17 00:00:00,MBSL,7
1998-06-18 00:00:00,MBSL,7
1998-06-19 00:00:00,MBSL,7.25
1998-06-23 00:00:00,MBSL,7
1998-06-24 00:00:00,MBSL,6.75
1998-06-25 00:00:00,MBSL,6.75
1998-06-26 00:00:00,MBSL,7
1998-06-29 00:00:00,MBSL,7
1998-06-30 00:00:00,MBSL,7
1998-07-01 00:00:00,MBSL,7
1998-07-02 00:00:00,MBSL,7
1998-07-03 00:00:00,MBSL,6.75
1998-07-06 00:00:00,MBSL,6.75
1998-07-08 00:00:00,MBSL,6.75
1998-07-10 00:00:00,MBSL,6.75
1998-07-13 00:00:00,MBSL,6.75
1998-07-14 00:00:00,MBSL,6.75
1998-07-15 00:00:00,MBSL,6.75
1998-07-16 00:00:00,MBSL,6.75
SECURITY_DA,COMP,CLOSE_PRICE
-----------,----,-----------
1998-07-17 00:00:00,MBSL,6.75
1998-07-20 00:00:00,MBSL,6.75
1998-07-21 00:00:00,MBSL,6.75
1998-07-22 00:00:00,MBSL,6.5
1998-07-23 00:00:00,MBSL,6.5
1998-07-24 00:00:00,MBSL,6
1998-07-27 00:00:00,MBSL,6.25
1998-07-29 00:00:00,MBSL,6.5
1998-07-30 00:00:00,MBSL,6.5
1998-07-31 00:00:00,MBSL,7
1998-08-03 00:00:00,MBSL,7
1998-08-04 00:00:00,MBSL,6.75
1998-08-05 00:00:00,MBSL,6.5
1998-08-06 00:00:00,MBSL,6.75
1998-08-10 00:00:00,MBSL,6.25
1998-08-11 00:00:00,MBSL,6.25
1998-08-12 00:00:00,MBSL,6.25
1998-08-13 00:00:00,MBSL,6
1998-08-14 00:00:00,MBSL,5.75
1998-08-17 00:00:00,MBSL,5.5
1998-08-18 00:00:00,MBSL,5.5
SECURITY_DA,COMP,CLOSE_PRICE
-----------,----,-----------
1998-08-19 00:00:00,MBSL,5.5
1998-08-20 00:00:00,MBSL,5.5
1998-08-21 00:00:00,MBSL,5
1998-08-24 00:00:00,MBSL,5
1998-08-25 00:00:00,MBSL,4.75
1998-08-26 00:00:00,MBSL,4.5
1998-08-27 00:00:00,MBSL,5.25
1998-08-28 00:00:00,MBSL,5.25
1998-08-31 00:00:00,MBSL,5
1998-09-01 00:00:00,MBSL,4.75
1998-09-02 00:00:00,MBSL,5
1998-09-03 00:00:00,MBSL,5
1998-09-04 00:00:00,MBSL,4.75
1998-09-07 00:00:00,MBSL,4.75
1998-09-08 00:00:00,MBSL,5
1998-09-09 00:00:00,MBSL,5
1998-09-10 00:00:00,MBSL,4.25
1998-09-11 00:00:00,MBSL,4.25
1998-09-14 00:00:00,MBSL,4.25
1998-09-15 00:00:00,MBSL,4.75
1998-09-16 00:00:00,MBSL,4.5
SECURITY_DA,COMP,CLOSE_PRICE
-----------,----,-----------
1998-09-17 00:00:00,MBSL,4.5
1998-09-18 00:00:00,MBSL,4.25
1998-09-21 00:00:00,MBSL,4.5
1998-09-22 00:00:00,MBSL,4.75
1998-09-23 00:00:00,MBSL,4.5
1998-09-24 00:00:00,MBSL,4.75
1998-09-25 00:00:00,MBSL,4.75
1998-09-28 00:00:00,MBSL,4.5
1998-09-29 00:00:00,MBSL,4.5
1998-09-30 00:00:00,MBSL,4.25
1998-10-01 00:00:00,MBSL,4.5
1998-10-02 00:00:00,MBSL,4.5
1998-10-06 00:00:00,MBSL,4.5
1998-10-07 00:00:00,MBSL,4.5
1998-10-08 00:00:00,MBSL,4.5
1998-10-09 00:00:00,MBSL,4.5
1998-10-12 00:00:00,MBSL,4.5
1998-10-13 00:00:00,MBSL,4.5
1998-10-14 00:00:00,MBSL,4.5
1998-10-15 00:00:00,MBSL,4.5
1998-10-16 00:00:00,MBSL,4.5
SECURITY_DA,COMP,CLOSE_PRICE
-----------,----,-----------
1998-10-19 00:00:00,MBSL,4.5
1998-10-20 00:00:00,MBSL,4.5
1998-10-21 00:00:00,MBSL,4.5
1998-10-22 00:00:00,MBSL,4.25
1998-10-23 00:00:00,MBSL,4.5
1998-10-26 00:00:00,MBSL,4.5
1998-10-27 00:00:00,MBSL,4.5
1998-10-28 00:00:00,MBSL,4.25
1998-10-29 00:00:00,MBSL,4.25
1998-11-02 00:00:00,MBSL,4.5
1998-11-04 00:00:00,MBSL,4.25
1998-11-05 00:00:00,MBSL,4.5
1998-11-06 00:00:00,MBSL,4.5
1998-11-09 00:00:00,MBSL,4.25
1998-11-10 00:00:00,MBSL,4.5
1998-11-11 00:00:00,MBSL,4.5
1998-11-12 00:00:00,MBSL,4.5
1998-11-13 00:00:00,MBSL,4.25
1998-11-16 00:00:00,MBSL,4.25
1998-11-17 00:00:00,MBSL,4.5
1998-11-18 00:00:00,MBSL,4.5
SECURITY_DA,COMP,CLOSE_PRICE
-----------,----,-----------
1998-11-19 00:00:00,MBSL,4.5
1998-11-20 00:00:00,MBSL,4.25
1998-11-23 00:00:00,MBSL,4.5
1998-11-24 00:00:00,MBSL,4.5
1998-11-25 00:00:00,MBSL,4.75
1998-11-26 00:00:00,MBSL,4.5
1998-11-27 00:00:00,MBSL,4.5
1998-11-30 00:00:00,MBSL,4.75
1998-12-01 00:00:00,MBSL,4.5
1998-12-02 00:00:00,MBSL,4.5
1998-12-04 00:00:00,MBSL,4.5
1998-12-07 00:00:00,MBSL,4.75
1998-12-08 00:00:00,MBSL,4.25
1998-12-09 00:00:00,MBSL,4.25
1998-12-10 00:00:00,MBSL,4.5
1998-12-11 00:00:00,MBSL,4.5
1998-12-15 00:00:00,MBSL,4
1998-12-16 00:00:00,MBSL,4
1998-12-17 00:00:00,MBSL,4
1998-12-18 00:00:00,MBSL,4.25
1998-12-21 00:00:00,MBSL,4.25
SECURITY_DA,COMP,CLOSE_PRICE
-----------,----,-----------
1998-12-22 00:00:00,MBSL,4.25
1998-12-23 00:00:00,MBSL,4.25
1998-12-24 00:00:00,MBSL,4
1998-12-29 00:00:00,MBSL,4
1998-12-30 00:00:00,MBSL,4
1998-12-31 00:00:00,MBSL,4
1998-08-05 00:00:00,MENG,60
1998-03-13 00:00:00,MIKE,22
1998-05-08 00:00:00,MIKE,20
1998-05-25 00:00:00,MIKE,20
1998-05-26 00:00:00,MIKE,20
1998-06-01 00:00:00,MIKE,18
1998-01-08 00:00:00,MILL,190
1998-04-08 00:00:00,MILL,160
1998-06-11 00:00:00,MILL,160
1998-06-16 00:00:00,MILL,160
1998-06-18 00:00:00,MILL,160
1998-09-18 00:00:00,MILL,171
1998-09-29 00:00:00,MILL,180.25
1998-11-19 00:00:00,MILL,180.25
1998-11-27 00:00:00,MILL,190.25
SECURITY_DA,COMP,CLOSE_PRICE
-----------,----,-----------
1998-12-01 00:00:00,MILL,195.25
1998-12-11 00:00:00,MILL,250
1998-12-14 00:00:00,MILL,292
1998-12-15 00:00:00,MILL,298
1998-12-16 00:00:00,MILL,400
1998-12-18 00:00:00,MILL,70
1998-12-23 00:00:00,MILL,80
1998-12-24 00:00:00,MILL,90
1998-12-28 00:00:00,MILL,90
1998-12-30 00:00:00,MILL,91
1998-12-31 00:00:00,MILL,91
1998-02-24 00:00:00,MIRA,10
1998-01-02 00:00:00,MLL,34
1998-01-05 00:00:00,MLL,34.5
1998-01-06 00:00:00,MLL,34.5
1998-01-07 00:00:00,MLL,34
1998-01-08 00:00:00,MLL,33.5
1998-01-09 00:00:00,MLL,32.5
1998-01-13 00:00:00,MLL,32.5
1998-01-16 00:00:00,MLL,32.5
1998-01-19 00:00:00,MLL,32.5
SECURITY_DA,COMP,CLOSE_PRICE
-----------,----,-----------
1998-01-20 00:00:00,MLL,32.5
1998-01-21 00:00:00,MLL,32
1998-01-23 00:00:00,MLL,31
1998-01-26 00:00:00,MLL,31
1998-01-27 00:00:00,MLL,30.75
1998-01-30 00:00:00,MLL,31.5
1998-02-06 00:00:00,MLL,31.5
1998-02-09 00:00:00,MLL,32
1998-02-11 00:00:00,MLL,32
1998-02-12 00:00:00,MLL,33
1998-02-13 00:00:00,MLL,32.5
1998-02-16 00:00:00,MLL,32.5
1998-02-17 00:00:00,MLL,33
1998-02-18 00:00:00,MLL,33
1998-02-19 00:00:00,MLL,33
1998-02-20 00:00:00,MLL,34
1998-02-23 00:00:00,MLL,35
1998-02-24 00:00:00,MLL,36.25
1998-02-25 00:00:00,MLL,35
1998-02-26 00:00:00,MLL,36
1998-02-27 00:00:00,MLL,36
SECURITY_DA,COMP,CLOSE_PRICE
-----------,----,-----------
1998-03-02 00:00:00,MLL,36
1998-03-03 00:00:00,MLL,36
1998-03-04 00:00:00,MLL,36.25
1998-03-05 00:00:00,MLL,36.5
1998-03-09 00:00:00,MLL,36.5
1998-03-10 00:00:00,MLL,36.5
1998-03-11 00:00:00,MLL,36
1998-03-13 00:00:00,MLL,36
1998-03-16 00:00:00,MLL,35.5
1998-03-17 00:00:00,MLL,33.75
1998-03-20 00:00:00,MLL,36.75
1998-03-26 00:00:00,MLL,36.5
1998-03-27 00:00:00,MLL,36
1998-03-31 00:00:00,MLL,35.75
1998-04-03 00:00:00,MLL,35.5
1998-04-06 00:00:00,MLL,35.25
1998-04-17 00:00:00,MLL,35
1998-04-21 00:00:00,MLL,35
1998-04-22 00:00:00,MLL,35
1998-04-23 00:00:00,MLL,35
1998-04-24 00:00:00,MLL,35
SECURITY_DA,COMP,CLOSE_PRICE
-----------,----,-----------
1998-04-27 00:00:00,MLL,35
1998-04-28 00:00:00,MLL,35
1998-04-30 00:00:00,MLL,36.5
1998-05-04 00:00:00,MLL,36
1998-05-05 00:00:00,MLL,37
1998-05-07 00:00:00,MLL,35.25
1998-05-08 00:00:00,MLL,35
1998-05-14 00:00:00,MLL,35
1998-05-15 00:00:00,MLL,34
1998-05-18 00:00:00,MLL,33
1998-05-19 00:00:00,MLL,33
1998-05-20 00:00:00,MLL,33.5
1998-05-22 00:00:00,MLL,33
1998-05-27 00:00:00,MLL,32
1998-05-28 00:00:00,MLL,30
1998-05-29 00:00:00,MLL,29
1998-06-04 00:00:00,MLL,30
1998-06-05 00:00:00,MLL,30
1998-06-10 00:00:00,MLL,28
1998-06-12 00:00:00,MLL,25
1998-06-15 00:00:00,MLL,20
SECURITY_DA,COMP,CLOSE_PRICE
-----------,----,-----------
1998-06-16 00:00:00,MLL,26
1998-06-17 00:00:00,MLL,28
1998-06-18 00:00:00,MLL,25.5
1998-06-22 00:00:00,MLL,26
1998-06-23 00:00:00,MLL,26.25
1998-06-24 00:00:00,MLL,26
1998-06-25 00:00:00,MLL,26
1998-06-26 00:00:00,MLL,25
1998-06-30 00:00:00,MLL,25
1998-07-13 00:00:00,MLL,28
1998-07-14 00:00:00,MLL,28
1998-07-15 00:00:00,MLL,25.5
1998-07-16 00:00:00,MLL,24
1998-07-21 00:00:00,MLL,24
1998-07-22 00:00:00,MLL,28
1998-07-23 00:00:00,MLL,28
1998-07-27 00:00:00,MLL,24
1998-07-28 00:00:00,MLL,26
1998-07-29 00:00:00,MLL,21
1998-07-30 00:00:00,MLL,21
1998-07-31 00:00:00,MLL,23
SECURITY_DA,COMP,CLOSE_PRICE
-----------,----,-----------
1998-08-03 00:00:00,MLL,22.5
1998-08-05 00:00:00,MLL,24
1998-08-06 00:00:00,MLL,22.5
1998-08-10 00:00:00,MLL,21
1998-08-11 00:00:00,MLL,22
1998-08-12 00:00:00,MLL,23
1998-08-13 00:00:00,MLL,23.25
1998-08-14 00:00:00,MLL,23
1998-08-17 00:00:00,MLL,23
1998-08-18 00:00:00,MLL,23
1998-08-19 00:00:00,MLL,22
1998-08-20 00:00:00,MLL,24
1998-08-21 00:00:00,MLL,20.25
1998-08-25 00:00:00,MLL,19
1998-08-27 00:00:00,MLL,19
1998-08-31 00:00:00,MLL,21.75
1998-09-01 00:00:00,MLL,21.25
1998-09-02 00:00:00,MLL,19
1998-09-03 00:00:00,MLL,17
1998-09-04 00:00:00,MLL,17
1998-09-08 00:00:00,MLL,18.5
SECURITY_DA,COMP,CLOSE_PRICE
-----------,----,-----------
1998-09-14 00:00:00,MLL,23
1998-09-15 00:00:00,MLL,23
1998-09-16 00:00:00,MLL,24
1998-09-18 00:00:00,MLL,20
1998-12-04 00:00:00,MLL,24.5
1998-12-08 00:00:00,MLL,22
1998-12-09 00:00:00,MLL,21.75
1998-12-10 00:00:00,MLL,22.25
1998-12-11 00:00:00,MLL,22
1998-12-14 00:00:00,MLL,22.25
1998-12-15 00:00:00,MLL,21.25
1998-12-16 00:00:00,MLL,21.75
1998-12-17 00:00:00,MLL,20.75
1998-12-18 00:00:00,MLL,21.25
1998-12-21 00:00:00,MLL,21
1998-12-22 00:00:00,MLL,22
1998-12-23 00:00:00,MLL,22
1998-12-24 00:00:00,MLL,22
1998-12-28 00:00:00,MLL,21
1998-12-29 00:00:00,MLL,21.75
1998-12-30 00:00:00,MLL,23
SECURITY_DA,COMP,CLOSE_PRICE
-----------,----,-----------
1998-12-31 00:00:00,MLL,23.5
1998-01-23 00:00:00,MORI,150
1998-02-23 00:00:00,MORI,150
1998-03-10 00:00:00,MORI,150
1998-03-17 00:00:00,MORI,150
1998-03-18 00:00:00,MORI,175
1998-09-21 00:00:00,MORI,125
1998-12-18 00:00:00,MORI,125
1998-12-21 00:00:00,MORI,125
1998-03-23 00:00:00,MPAC,30
1998-08-14 00:00:00,MPAC,29
1998-10-30 00:00:00,MPAC,30
1998-11-18 00:00:00,MPAC,30
1998-01-02 00:00:00,MRH,11.5
1998-01-06 00:00:00,MRH,11
1998-01-09 00:00:00,MRH,11.75
1998-01-13 00:00:00,MRH,10.5
1998-01-20 00:00:00,MRH,11
1998-01-23 00:00:00,MRH,10
1998-02-13 00:00:00,MRH,11
1998-02-19 00:00:00,MRH,11
SECURITY_DA,COMP,CLOSE_PRICE
-----------,----,-----------
1998-02-20 00:00:00,MRH,11
1998-02-26 00:00:00,MRH,11
1998-03-03 00:00:00,MRH,11
1998-03-04 00:00:00,MRH,11
1998-03-05 00:00:00,MRH,10.75
1998-03-09 00:00:00,MRH,10.5
1998-03-10 00:00:00,MRH,10.5
1998-03-11 00:00:00,MRH,10
1998-03-16 00:00:00,MRH,9.5
1998-03-20 00:00:00,MRH,12
1998-03-23 00:00:00,MRH,10
1998-04-15 00:00:00,MRH,10
1998-04-30 00:00:00,MRH,8
1998-05-13 00:00:00,MRH,7.5
1998-05-15 00:00:00,MRH,7.5
1998-05-18 00:00:00,MRH,7.25
1998-05-19 00:00:00,MRH,7.5
1998-05-20 00:00:00,MRH,7.5
1998-05-21 00:00:00,MRH,7.25
1998-05-27 00:00:00,MRH,7.25
1998-06-16 00:00:00,MRH,7.5
SECURITY_DA,COMP,CLOSE_PRICE
-----------,----,-----------
1998-06-23 00:00:00,MRH,7
1998-07-01 00:00:00,MRH,7
1998-07-10 00:00:00,MRH,6.5
1998-07-14 00:00:00,MRH,6
1998-07-20 00:00:00,MRH,7
1998-07-27 00:00:00,MRH,7
1998-08-04 00:00:00,MRH,7.25
1998-08-06 00:00:00,MRH,8
1998-08-17 00:00:00,MRH,8
1998-08-26 00:00:00,MRH,5.5
1998-08-28 00:00:00,MRH,6
1998-08-31 00:00:00,MRH,7.5
1998-09-01 00:00:00,MRH,7
1998-09-23 00:00:00,MRH,7
1998-09-28 00:00:00,MRH,7
1998-10-01 00:00:00,MRH,6.25
1998-10-02 00:00:00,MRH,6
1998-10-08 00:00:00,MRH,6
1998-10-16 00:00:00,MRH,6
1998-10-29 00:00:00,MRH,5
1998-11-09 00:00:00,MRH,6
SECURITY_DA,COMP,CLOSE_PRICE
-----------,----,-----------
1998-11-20 00:00:00,MRH,6.5
1998-11-25 00:00:00,MRH,6.5
1998-12-15 00:00:00,MRH,6.5
1998-12-16 00:00:00,MRH,6.25
1998-12-17 00:00:00,MRH,6.25
1998-12-28 00:00:00,MRH,6.25
1998-12-29 00:00:00,MRH,6.25
1998-12-30 00:00:00,MRH,6.25
1998-12-31 00:00:00,MRH,6.25
1998-01-08 00:00:00,MRL,45
1998-03-10 00:00:00,MRL,40
1998-03-20 00:00:00,MRL,25.75
1998-03-25 00:00:00,MRL,38
1998-05-28 00:00:00,MRL,19
1998-06-10 00:00:00,MRL,18.5
1998-03-20 00:00:00,MSL,48
1998-06-10 00:00:00,MSL,30
1998-06-17 00:00:00,MSL,30
1998-10-20 00:00:00,MSL,30
1998-10-22 00:00:00,MSL,30.25
1998-10-26 00:00:00,MSL,30.25
SECURITY_DA,COMP,CLOSE_PRICE
-----------,----,-----------
1998-11-04 00:00:00,MSL,31
1998-11-05 00:00:00,MSL,31
1998-11-18 00:00:00,MSL,31.5
1998-12-02 00:00:00,MSL,32
1998-02-13 00:00:00,MULL,7
1998-02-18 00:00:00,MULL,7
1998-02-19 00:00:00,MULL,7
1998-02-20 00:00:00,MULL,7
1998-03-19 00:00:00,MULL,7
1998-08-14 00:00:00,MULL,6.5
1998-08-17 00:00:00,MULL,6
1998-09-04 00:00:00,MULL,6
1998-09-07 00:00:00,MULL,6
1998-10-20 00:00:00,MULL,5.5
1998-11-11 00:00:00,MULL,5
1998-11-12 00:00:00,MULL,5
1998-11-13 00:00:00,MULL,5
1998-11-18 00:00:00,MULL,4.5
1998-11-19 00:00:00,MULL,4
1998-11-20 00:00:00,MULL,4
1998-12-10 00:00:00,MULL,5
SECURITY_DA,COMP,CLOSE_PRICE
-----------,----,-----------
1998-12-31 00:00:00,MULL,5.5
1998-01-02 00:00:00,NDB,227.5
1998-01-05 00:00:00,NDB,228
1998-01-06 00:00:00,NDB,227.75
1998-01-07 00:00:00,NDB,227.75
1998-01-08 00:00:00,NDB,227.25
1998-01-09 00:00:00,NDB,225
1998-01-13 00:00:00,NDB,220
1998-01-15 00:00:00,NDB,217
1998-01-16 00:00:00,NDB,216.25
1998-01-19 00:00:00,NDB,215
1998-01-20 00:00:00,NDB,213.25
1998-01-21 00:00:00,NDB,210
1998-01-22 00:00:00,NDB,205
1998-01-23 00:00:00,NDB,199.75
1998-01-26 00:00:00,NDB,190.75
1998-01-27 00:00:00,NDB,190
1998-01-28 00:00:00,NDB,188
1998-01-29 00:00:00,NDB,200
1998-01-30 00:00:00,NDB,200
1998-02-02 00:00:00,NDB,200
1998-02-03 00:00:00,NDB,200
1998-02-06 00:00:00,NDB,200
1998-02-09 00:00:00,NDB,200.5
1998-02-11 00:00:00,NDB,200
1998-02-12 00:00:00,NDB,203
1998-02-13 00:00:00,NDB,210
1998-02-16 00:00:00,NDB,211
1998-02-17 00:00:00,NDB,215
1998-02-18 00:00:00,NDB,215
1998-02-19 00:00:00,NDB,219.75
1998-02-20 00:00:00,NDB,220
1998-02-23 00:00:00,NDB,218
1998-02-24 00:00:00,NDB,215.25
1998-02-25 00:00:00,NDB,218
1998-02-26 00:00:00,NDB,215
1998-02-27 00:00:00,NDB,215
1998-03-02 00:00:00,NDB,215
1998-03-03 00:00:00,NDB,218
1998-03-04 00:00:00,NDB,218
1998-03-05 00:00:00,NDB,219
1998-03-06 00:00:00,NDB,220
1998-03-09 00:00:00,NDB,220
1998-03-10 00:00:00,NDB,220.5
1998-03-11 00:00:00,NDB,221.25
1998-03-13 00:00:00,NDB,223.5
1998-03-17 00:00:00,NDB,225
1998-03-18 00:00:00,NDB,228
1998-03-19 00:00:00,NDB,250
1998-03-20 00:00:00,NDB,247.5
1998-03-23 00:00:00,NDB,240
1998-03-24 00:00:00,NDB,240
1998-03-25 00:00:00,NDB,235.25
1998-03-26 00:00:00,NDB,235
1998-03-27 00:00:00,NDB,235
1998-03-30 00:00:00,NDB,235
1998-03-31 00:00:00,NDB,225.25
1998-04-01 00:00:00,NDB,228
1998-04-02 00:00:00,NDB,228
1998-04-03 00:00:00,NDB,225
1998-04-06 00:00:00,NDB,222.5
1998-04-07 00:00:00,NDB,223
1998-04-09 00:00:00,NDB,225
1998-04-15 00:00:00,NDB,225
1998-04-16 00:00:00,NDB,235
1998-04-17 00:00:00,NDB,235
1998-04-20 00:00:00,NDB,235
1998-04-21 00:00:00,NDB,237
1998-04-22 00:00:00,NDB,245
1998-04-23 00:00:00,NDB,240
1998-04-24 00:00:00,NDB,245
1998-04-27 00:00:00,NDB,238
1998-04-28 00:00:00,NDB,238.5
1998-04-29 00:00:00,NDB,240
1998-04-30 00:00:00,NDB,235
1998-05-04 00:00:00,NDB,238
1998-05-05 00:00:00,NDB,238
1998-05-06 00:00:00,NDB,235
1998-05-07 00:00:00,NDB,230
1998-05-08 00:00:00,NDB,220
1998-05-13 00:00:00,NDB,221
1998-05-14 00:00:00,NDB,208
1998-05-15 00:00:00,NDB,205.25
1998-05-18 00:00:00,NDB,205
1998-05-19 00:00:00,NDB,202
1998-05-20 00:00:00,NDB,199
1998-05-21 00:00:00,NDB,200
1998-05-22 00:00:00,NDB,199
1998-05-25 00:00:00,NDB,195
1998-05-26 00:00:00,NDB,190
1998-05-27 00:00:00,NDB,190
1998-05-28 00:00:00,NDB,188
1998-05-29 00:00:00,NDB,173
1998-06-01 00:00:00,NDB,170
1998-06-02 00:00:00,NDB,170
1998-06-03 00:00:00,NDB,169
1998-06-04 00:00:00,NDB,169
1998-06-05 00:00:00,NDB,169
1998-06-08 00:00:00,NDB,168
1998-06-10 00:00:00,NDB,169
1998-06-11 00:00:00,NDB,168
1998-06-12 00:00:00,NDB,165
1998-06-15 00:00:00,NDB,150
1998-06-16 00:00:00,NDB,150
1998-06-17 00:00:00,NDB,150
1998-06-18 00:00:00,NDB,150
1998-06-19 00:00:00,NDB,145
1998-06-22 00:00:00,NDB,135
1998-06-23 00:00:00,NDB,135
1998-06-24 00:00:00,NDB,120
1998-06-25 00:00:00,NDB,115
1998-06-26 00:00:00,NDB,123.5
1998-06-29 00:00:00,NDB,125
1998-06-30 00:00:00,NDB,125
1998-07-01 00:00:00,NDB,130
1998-07-02 00:00:00,NDB,134
1998-07-03 00:00:00,NDB,140
1998-07-06 00:00:00,NDB,140
1998-07-08 00:00:00,NDB,154
1998-07-10 00:00:00,NDB,154
1998-07-13 00:00:00,NDB,150
1998-07-14 00:00:00,NDB,146
1998-07-15 00:00:00,NDB,145
1998-07-16 00:00:00,NDB,140
1998-07-17 00:00:00,NDB,137
1998-07-20 00:00:00,NDB,137
1998-07-21 00:00:00,NDB,135
1998-07-22 00:00:00,NDB,130
1998-07-23 00:00:00,NDB,125
1998-07-24 00:00:00,NDB,130
1998-07-27 00:00:00,NDB,134.5
1998-07-29 00:00:00,NDB,137
1998-07-30 00:00:00,NDB,140
1998-07-31 00:00:00,NDB,139
1998-08-03 00:00:00,NDB,136
1998-08-04 00:00:00,NDB,136
1998-08-05 00:00:00,NDB,135
1998-08-06 00:00:00,NDB,135
1998-08-10 00:00:00,NDB,134
1998-08-11 00:00:00,NDB,130
1998-08-12 00:00:00,NDB,127
1998-08-13 00:00:00,NDB,126
1998-08-14 00:00:00,NDB,120
1998-08-17 00:00:00,NDB,118.25
1998-08-18 00:00:00,NDB,118
1998-08-19 00:00:00,NDB,116.5
1998-08-20 00:00:00,NDB,110
1998-08-21 00:00:00,NDB,106
1998-08-24 00:00:00,NDB,98
1998-08-25 00:00:00,NDB,97
1998-08-26 00:00:00,NDB,105
1998-08-27 00:00:00,NDB,108
1998-08-28 00:00:00,NDB,100
1998-08-31 00:00:00,NDB,96.25
1998-09-01 00:00:00,NDB,90
1998-09-02 00:00:00,NDB,87.5
1998-09-03 00:00:00,NDB,75
1998-09-04 00:00:00,NDB,74.75
1998-09-07 00:00:00,NDB,74.75
1998-09-08 00:00:00,NDB,74.75
1998-09-09 00:00:00,NDB,74.75
1998-09-10 00:00:00,NDB,72
1998-09-11 00:00:00,NDB,74
1998-09-14 00:00:00,NDB,75
1998-09-15 00:00:00,NDB,79.25
1998-09-16 00:00:00,NDB,79
1998-09-17 00:00:00,NDB,75
1998-09-18 00:00:00,NDB,75
1998-09-21 00:00:00,NDB,77
1998-09-22 00:00:00,NDB,78
1998-09-23 00:00:00,NDB,80
1998-09-24 00:00:00,NDB,81
1998-09-25 00:00:00,NDB,80.25
1998-09-28 00:00:00,NDB,81
1998-09-29 00:00:00,NDB,80
1998-09-30 00:00:00,NDB,79.25
1998-10-01 00:00:00,NDB,79.5
1998-10-02 00:00:00,NDB,78
1998-10-06 00:00:00,NDB,76
1998-10-07 00:00:00,NDB,75.25
1998-10-08 00:00:00,NDB,75
1998-10-09 00:00:00,NDB,73.5
1998-10-12 00:00:00,NDB,75
1998-10-13 00:00:00,NDB,75
1998-10-14 00:00:00,NDB,75
1998-10-15 00:00:00,NDB,75
1998-10-16 00:00:00,NDB,76
1998-10-19 00:00:00,NDB,80
1998-10-20 00:00:00,NDB,80
1998-10-21 00:00:00,NDB,77
1998-10-22 00:00:00,NDB,77
1998-10-23 00:00:00,NDB,77
1998-10-26 00:00:00,NDB,75
1998-10-27 00:00:00,NDB,76
1998-10-28 00:00:00,NDB,76.25
1998-10-29 00:00:00,NDB,77
1998-10-30 00:00:00,NDB,77.5
1998-11-02 00:00:00,NDB,80
1998-11-04 00:00:00,NDB,85
1998-11-05 00:00:00,NDB,85.25
1998-11-06 00:00:00,NDB,87
1998-11-09 00:00:00,NDB,90
1998-11-10 00:00:00,NDB,91
1998-11-11 00:00:00,NDB,90
1998-11-12 00:00:00,NDB,88
1998-11-13 00:00:00,NDB,90
1998-11-16 00:00:00,NDB,95
1998-11-17 00:00:00,NDB,99
1998-11-18 00:00:00,NDB,115.5
1998-11-19 00:00:00,NDB,110
1998-11-20 00:00:00,NDB,114
1998-11-23 00:00:00,NDB,116
1998-11-24 00:00:00,NDB,117
1998-11-25 00:00:00,NDB,120
1998-11-26 00:00:00,NDB,120
1998-11-27 00:00:00,NDB,123
1998-11-30 00:00:00,NDB,125.25
1998-12-01 00:00:00,NDB,125
1998-12-02 00:00:00,NDB,123
1998-12-04 00:00:00,NDB,123
1998-12-07 00:00:00,NDB,118
1998-12-08 00:00:00,NDB,118
1998-12-09 00:00:00,NDB,113.5
1998-12-10 00:00:00,NDB,115
1998-12-11 00:00:00,NDB,115
1998-12-14 00:00:00,NDB,119.75
1998-12-15 00:00:00,NDB,117
1998-12-16 00:00:00,NDB,117
1998-12-17 00:00:00,NDB,115
1998-12-18 00:00:00,NDB,116
1998-12-21 00:00:00,NDB,116
1998-12-22 00:00:00,NDB,118
1998-12-23 00:00:00,NDB,120
1998-12-24 00:00:00,NDB,124.25
1998-12-28 00:00:00,NDB,129
1998-12-29 00:00:00,NDB,130
1998-12-30 00:00:00,NDB,128.5
1998-12-31 00:00:00,NDB,128
1998-01-26 00:00:00,NEH,260
1998-07-20 00:00:00,NEH,133
1998-07-21 00:00:00,NEH,145
1998-07-27 00:00:00,NEH,155.5
1998-08-18 00:00:00,NEH,155.5
1998-08-31 00:00:00,NEH,160.25
1998-09-01 00:00:00,NEH,160.5
1998-09-04 00:00:00,NEH,160
1998-09-10 00:00:00,NEH,160.25
1998-10-01 00:00:00,NEH,168
1998-10-06 00:00:00,NEH,175
1998-11-05 00:00:00,NEH,190
1998-11-06 00:00:00,NEH,199.5
1998-11-09 00:00:00,NEH,200
1998-11-19 00:00:00,NEH,190
1998-11-23 00:00:00,NEH,200
1998-12-01 00:00:00,NEH,190
1998-12-14 00:00:00,NEH,180.5
1998-12-23 00:00:00,NEH,200
1998-01-02 00:00:00,NEST,38
1998-01-05 00:00:00,NEST,37
1998-01-06 00:00:00,NEST,36
1998-01-08 00:00:00,NEST,35
1998-01-09 00:00:00,NEST,35
1998-01-16 00:00:00,NEST,34
1998-01-19 00:00:00,NEST,35
1998-01-20 00:00:00,NEST,33
1998-01-21 00:00:00,NEST,32
1998-01-22 00:00:00,NEST,32.5
1998-01-26 00:00:00,NEST,32
1998-01-27 00:00:00,NEST,31
1998-01-29 00:00:00,NEST,35
1998-01-30 00:00:00,NEST,35
1998-02-03 00:00:00,NEST,35
1998-02-13 00:00:00,NEST,33.25
1998-02-16 00:00:00,NEST,32
1998-02-17 00:00:00,NEST,32.5
1998-02-18 00:00:00,NEST,33
1998-02-19 00:00:00,NEST,32.75
1998-02-20 00:00:00,NEST,33
1998-02-23 00:00:00,NEST,33.5
1998-02-24 00:00:00,NEST,35
1998-02-25 00:00:00,NEST,37.5
1998-02-26 00:00:00,NEST,37.5
1998-02-27 00:00:00,NEST,37.5
1998-03-02 00:00:00,NEST,35.25
1998-03-03 00:00:00,NEST,36
1998-03-04 00:00:00,NEST,36.75
1998-03-05 00:00:00,NEST,36.75
1998-03-06 00:00:00,NEST,36.5
1998-03-09 00:00:00,NEST,36.75
1998-03-10 00:00:00,NEST,37
1998-03-11 00:00:00,NEST,40
1998-03-13 00:00:00,NEST,41
1998-03-16 00:00:00,NEST,42.25
1998-03-17 00:00:00,NEST,42.25
1998-03-18 00:00:00,NEST,42
1998-03-19 00:00:00,NEST,42.5
1998-03-20 00:00:00,NEST,41.25
1998-03-23 00:00:00,NEST,41.5
1998-03-24 00:00:00,NEST,42.5
1998-03-25 00:00:00,NEST,42.25
1998-03-26 00:00:00,NEST,42.5
1998-03-27 00:00:00,NEST,42.5
1998-03-31 00:00:00,NEST,42
1998-04-01 00:00:00,NEST,42
1998-04-02 00:00:00,NEST,42
1998-04-03 00:00:00,NEST,42
1998-04-06 00:00:00,NEST,42
1998-04-07 00:00:00,NEST,42.5
1998-04-09 00:00:00,NEST,42.5
1998-04-15 00:00:00,NEST,42
1998-04-16 00:00:00,NEST,43.25
1998-04-17 00:00:00,NEST,44.5
1998-04-20 00:00:00,NEST,44
1998-04-21 00:00:00,NEST,44
1998-04-22 00:00:00,NEST,44
1998-04-23 00:00:00,NEST,45
1998-04-24 00:00:00,NEST,44
1998-04-27 00:00:00,NEST,44
1998-04-28 00:00:00,NEST,39
1998-04-29 00:00:00,NEST,39
1998-04-30 00:00:00,NEST,39
1998-05-05 00:00:00,NEST,38.5
1998-05-07 00:00:00,NEST,37
1998-05-08 00:00:00,NEST,37
1998-05-13 00:00:00,NEST,37
1998-05-14 00:00:00,NEST,36.5
1998-05-18 00:00:00,NEST,36.5
1998-05-19 00:00:00,NEST,36
1998-05-21 00:00:00,NEST,36.5
1998-05-22 00:00:00,NEST,36
1998-05-26 00:00:00,NEST,37
1998-05-27 00:00:00,NEST,37
1998-05-28 00:00:00,NEST,35
1998-05-29 00:00:00,NEST,36
1998-06-03 00:00:00,NEST,36
1998-06-04 00:00:00,NEST,34
1998-06-05 00:00:00,NEST,34
1998-06-10 00:00:00,NEST,32
1998-06-12 00:00:00,NEST,33
1998-06-15 00:00:00,NEST,31.75
1998-06-16 00:00:00,NEST,32.5
1998-06-18 00:00:00,NEST,34
1998-06-24 00:00:00,NEST,34.75
1998-06-25 00:00:00,NEST,34
1998-07-01 00:00:00,NEST,34.5
1998-07-02 00:00:00,NEST,35
1998-07-03 00:00:00,NEST,35.5
1998-07-13 00:00:00,NEST,37
1998-07-15 00:00:00,NEST,37
1998-07-16 00:00:00,NEST,36
1998-07-21 00:00:00,NEST,37
1998-07-23 00:00:00,NEST,37
1998-07-27 00:00:00,NEST,37
1998-07-28 00:00:00,NEST,38
1998-07-29 00:00:00,NEST,37.5
1998-08-03 00:00:00,NEST,37.5
1998-08-04 00:00:00,NEST,39
1998-08-05 00:00:00,NEST,38.5
1998-08-06 00:00:00,NEST,37.5
1998-08-11 00:00:00,NEST,38.5
1998-08-12 00:00:00,NEST,37.5
1998-08-13 00:00:00,NEST,37.5
1998-08-14 00:00:00,NEST,37.75
1998-08-17 00:00:00,NEST,37.75
1998-08-18 00:00:00,NEST,37.5
1998-08-19 00:00:00,NEST,37.75
1998-08-20 00:00:00,NEST,37.75
1998-08-21 00:00:00,NEST,37.75
1998-08-24 00:00:00,NEST,37
1998-08-25 00:00:00,NEST,33
1998-08-26 00:00:00,NEST,36.5
1998-08-27 00:00:00,NEST,36
1998-08-31 00:00:00,NEST,36
1998-09-02 00:00:00,NEST,36
1998-09-03 00:00:00,NEST,34
1998-09-04 00:00:00,NEST,34.25
1998-09-10 00:00:00,NEST,37
1998-09-11 00:00:00,NEST,37
1998-09-14 00:00:00,NEST,38
1998-09-15 00:00:00,NEST,38.25
1998-09-16 00:00:00,NEST,38
1998-09-17 00:00:00,NEST,37
1998-09-22 00:00:00,NEST,38
1998-09-24 00:00:00,NEST,38.5
1998-09-28 00:00:00,NEST,40
1998-09-29 00:00:00,NEST,38.25
1998-09-30 00:00:00,NEST,39
1998-10-08 00:00:00,NEST,39
1998-10-09 00:00:00,NEST,39
1998-10-13 00:00:00,NEST,39
1998-10-15 00:00:00,NEST,39.5
1998-10-16 00:00:00,NEST,41
1998-10-20 00:00:00,NEST,41
1998-10-22 00:00:00,NEST,41
1998-10-23 00:00:00,NEST,42
1998-10-26 00:00:00,NEST,42
1998-10-27 00:00:00,NEST,42
1998-10-28 00:00:00,NEST,42
1998-10-29 00:00:00,NEST,42.25
1998-11-05 00:00:00,NEST,42.75
1998-11-06 00:00:00,NEST,42.75
1998-11-10 00:00:00,NEST,43.25
1998-11-11 00:00:00,NEST,45
1998-11-12 00:00:00,NEST,46
1998-11-13 00:00:00,NEST,46
1998-11-16 00:00:00,NEST,46
1998-11-17 00:00:00,NEST,46.5
1998-11-18 00:00:00,NEST,48.5
1998-11-19 00:00:00,NEST,50
1998-11-20 00:00:00,NEST,50
1998-11-23 00:00:00,NEST,54.75
1998-11-24 00:00:00,NEST,58
1998-11-25 00:00:00,NEST,57
1998-11-26 00:00:00,NEST,56.5
1998-11-27 00:00:00,NEST,56.75
1998-11-30 00:00:00,NEST,55
1998-12-01 00:00:00,NEST,57.5
1998-12-02 00:00:00,NEST,57
1998-12-04 00:00:00,NEST,56
1998-12-07 00:00:00,NEST,55.25
1998-12-08 00:00:00,NEST,55
1998-12-09 00:00:00,NEST,55
1998-12-10 00:00:00,NEST,55
1998-12-11 00:00:00,NEST,55
1998-12-14 00:00:00,NEST,55
1998-12-15 00:00:00,NEST,53
1998-12-16 00:00:00,NEST,52
1998-12-17 00:00:00,NEST,53.5
1998-12-21 00:00:00,NEST,53.5
1998-12-23 00:00:00,NEST,55
1998-12-24 00:00:00,NEST,55.25
1998-12-29 00:00:00,NEST,57.75
1998-12-31 00:00:00,NEST,55.5
1998-01-27 00:00:00,ONAL,9.75
1998-02-24 00:00:00,ONAL,10.25
1998-02-26 00:00:00,ONAL,10.25
1998-02-27 00:00:00,ONAL,10.25
1998-03-02 00:00:00,ONAL,10.25
1998-03-03 00:00:00,ONAL,10.25
1998-03-09 00:00:00,ONAL,10.25
1998-03-13 00:00:00,ONAL,10
SECURITY_DA,COMP,CLOSE_PRICE
-----------,----,-----------
1998-03-27 00:00:00,ONAL,10
1998-03-30 00:00:00,ONAL,10
1998-04-20 00:00:00,ONAL,10
1998-05-14 00:00:00,ONAL,10
1998-05-18 00:00:00,ONAL,10
1998-05-22 00:00:00,ONAL,10
1998-05-26 00:00:00,ONAL,10
1998-05-27 00:00:00,ONAL,10
1998-05-28 00:00:00,ONAL,10.25
1998-06-03 00:00:00,ONAL,10
1998-06-04 00:00:00,ONAL,10
1998-06-05 00:00:00,ONAL,10
1998-06-08 00:00:00,ONAL,10
1998-06-10 00:00:00,ONAL,10
1998-06-11 00:00:00,ONAL,10
1998-06-18 00:00:00,ONAL,9.75
1998-06-19 00:00:00,ONAL,10
1998-06-24 00:00:00,ONAL,10
1998-06-25 00:00:00,ONAL,10
1998-08-11 00:00:00,ONAL,10
1998-08-14 00:00:00,ONAL,10
SECURITY_DA,COMP,CLOSE_PRICE
-----------,----,-----------
1998-08-18 00:00:00,ONAL,10
1998-08-21 00:00:00,ONAL,10
1998-08-26 00:00:00,ONAL,10
1998-09-01 00:00:00,ONAL,10
1998-09-02 00:00:00,ONAL,10
1998-09-10 00:00:00,ONAL,10
1998-09-11 00:00:00,ONAL,10
1998-09-14 00:00:00,ONAL,10
1998-09-16 00:00:00,ONAL,10
1998-09-18 00:00:00,ONAL,9
1998-09-24 00:00:00,ONAL,10
1998-10-20 00:00:00,ONAL,9
1998-10-21 00:00:00,ONAL,9
1998-10-27 00:00:00,ONAL,9
1998-10-29 00:00:00,ONAL,9.25
1998-11-16 00:00:00,ONAL,9
1998-12-09 00:00:00,ONAL,9.25
1998-12-15 00:00:00,ONAL,8.75
1998-01-16 00:00:00,OSEA,6.5
1998-01-27 00:00:00,OSEA,6.5
1998-01-29 00:00:00,OSEA,6.5
SECURITY_DA,COMP,CLOSE_PRICE
-----------,----,-----------
1998-02-13 00:00:00,OSEA,6.5
1998-03-13 00:00:00,OSEA,6
1998-03-19 00:00:00,OSEA,5
1998-03-20 00:00:00,OSEA,5
1998-03-25 00:00:00,OSEA,5.25
1998-03-27 00:00:00,OSEA,5
1998-04-03 00:00:00,OSEA,5
1998-04-09 00:00:00,OSEA,5
1998-04-15 00:00:00,OSEA,5
1998-04-16 00:00:00,OSEA,5
1998-04-17 00:00:00,OSEA,5
1998-04-21 00:00:00,OSEA,5
1998-04-22 00:00:00,OSEA,5
1998-04-23 00:00:00,OSEA,5
1998-04-24 00:00:00,OSEA,5
1998-04-27 00:00:00,OSEA,4.75
1998-04-30 00:00:00,OSEA,5
1998-05-22 00:00:00,OSEA,5
1998-05-25 00:00:00,OSEA,5
1998-05-27 00:00:00,OSEA,5
1998-05-29 00:00:00,OSEA,5
SECURITY_DA,COMP,CLOSE_PRICE
-----------,----,-----------
1998-06-02 00:00:00,OSEA,5
1998-06-04 00:00:00,OSEA,5
1998-06-08 00:00:00,OSEA,5
1998-06-10 00:00:00,OSEA,5
1998-06-11 00:00:00,OSEA,4.75
1998-06-16 00:00:00,OSEA,5
1998-06-18 00:00:00,OSEA,5
1998-06-19 00:00:00,OSEA,5
1998-07-01 00:00:00,OSEA,5
1998-07-13 00:00:00,OSEA,4.75
1998-07-15 00:00:00,OSEA,5
1998-07-17 00:00:00,OSEA,4.75
1998-07-24 00:00:00,OSEA,4.75
1998-07-27 00:00:00,OSEA,4.75
1998-08-06 00:00:00,OSEA,4
1998-08-12 00:00:00,OSEA,4
1998-08-14 00:00:00,OSEA,4
1998-08-25 00:00:00,OSEA,4.5
1998-08-31 00:00:00,OSEA,3
1998-09-01 00:00:00,OSEA,3
1998-09-02 00:00:00,OSEA,3
SECURITY_DA,COMP,CLOSE_PRICE
-----------,----,-----------
1998-09-03 00:00:00,OSEA,3
1998-09-04 00:00:00,OSEA,3
1998-09-10 00:00:00,OSEA,3
1998-09-14 00:00:00,OSEA,4.25
1998-09-16 00:00:00,OSEA,4.25
1998-09-21 00:00:00,OSEA,4
1998-09-22 00:00:00,OSEA,4.5
1998-10-19 00:00:00,OSEA,4.5
1998-10-21 00:00:00,OSEA,4.25
1998-10-26 00:00:00,OSEA,4.25
1998-10-28 00:00:00,OSEA,4
1998-11-04 00:00:00,OSEA,4
1998-11-16 00:00:00,OSEA,4.25
1998-11-18 00:00:00,OSEA,4.25
1998-11-24 00:00:00,OSEA,4
1998-11-27 00:00:00,OSEA,4
1998-12-16 00:00:00,OSEA,3.5
1998-12-29 00:00:00,OSEA,3.25
1998-01-13 00:00:00,OVL,6.5
1998-01-15 00:00:00,OVL,6.5
1998-01-16 00:00:00,OVL,6.75
SECURITY_DA,COMP,CLOSE_PRICE
-----------,----,-----------
1998-01-20 00:00:00,OVL,6.75
1998-01-29 00:00:00,OVL,6
1998-01-30 00:00:00,OVL,6.5
1998-02-06 00:00:00,OVL,6.25
1998-02-09 00:00:00,OVL,6.25
1998-02-11 00:00:00,OVL,6.5
1998-02-16 00:00:00,OVL,6.25
1998-02-17 00:00:00,OVL,6.25
1998-02-18 00:00:00,OVL,6
1998-02-20 00:00:00,OVL,6
1998-03-03 00:00:00,OVL,6.25
1998-03-04 00:00:00,OVL,6.25
1998-03-06 00:00:00,OVL,7.5
1998-03-10 00:00:00,OVL,7
1998-03-17 00:00:00,OVL,6.25
1998-04-03 00:00:00,OVL,5.5
1998-04-24 00:00:00,OVL,5.5
1998-04-28 00:00:00,OVL,5.5
1998-04-29 00:00:00,OVL,5.5
1998-05-13 00:00:00,OVL,5.5
1998-05-21 00:00:00,OVL,5
SECURITY_DA,COMP,CLOSE_PRICE
-----------,----,-----------
1998-05-26 00:00:00,OVL,5.5
1998-06-12 00:00:00,OVL,5.5
1998-06-23 00:00:00,OVL,5
1998-06-29 00:00:00,OVL,5
1998-07-08 00:00:00,OVL,6
1998-07-10 00:00:00,OVL,5
1998-07-15 00:00:00,OVL,5.25
1998-08-03 00:00:00,OVL,7.75
1998-08-04 00:00:00,OVL,6.5
1998-08-05 00:00:00,OVL,7.5
1998-08-19 00:00:00,OVL,6.75
1998-08-24 00:00:00,OVL,6.5
1998-08-25 00:00:00,OVL,7
1998-08-26 00:00:00,OVL,7.25
1998-08-28 00:00:00,OVL,6.5
1998-08-31 00:00:00,OVL,6
1998-09-09 00:00:00,OVL,6
1998-09-14 00:00:00,OVL,8
1998-09-18 00:00:00,OVL,5.5
1998-10-01 00:00:00,OVL,6.5
1998-10-09 00:00:00,OVL,6
SECURITY_DA,COMP,CLOSE_PRICE
-----------,----,-----------
1998-10-14 00:00:00,OVL,6
1998-10-19 00:00:00,OVL,6
1998-10-21 00:00:00,OVL,5.5
1998-10-26 00:00:00,OVL,6
1998-11-06 00:00:00,OVL,7
1998-11-20 00:00:00,OVL,7.25
1998-11-23 00:00:00,OVL,8
1998-11-24 00:00:00,OVL,7.25
1998-12-08 00:00:00,OVL,7.25
1998-12-09 00:00:00,OVL,7.75
1998-12-10 00:00:00,OVL,8
1998-12-15 00:00:00,OVL,7.5
1998-01-07 00:00:00,PALM,22.5
1998-01-08 00:00:00,PALM,23
1998-01-09 00:00:00,PALM,23
1998-01-13 00:00:00,PALM,25
1998-01-15 00:00:00,PALM,25
1998-01-16 00:00:00,PALM,23
1998-01-19 00:00:00,PALM,23
1998-01-21 00:00:00,PALM,25
1998-01-22 00:00:00,PALM,24.75
SECURITY_DA,COMP,CLOSE_PRICE
-----------,----,-----------
1998-01-26 00:00:00,PALM,24
1998-01-28 00:00:00,PALM,22.5
1998-01-29 00:00:00,PALM,22.75
1998-02-03 00:00:00,PALM,23.75
1998-02-06 00:00:00,PALM,24
1998-02-09 00:00:00,PALM,24
1998-02-11 00:00:00,PALM,25
1998-02-12 00:00:00,PALM,25
1998-02-13 00:00:00,PALM,25
1998-02-17 00:00:00,PALM,25
1998-02-18 00:00:00,PALM,25
1998-02-19 00:00:00,PALM,25
1998-03-02 00:00:00,PALM,24
1998-03-03 00:00:00,PALM,24
1998-03-04 00:00:00,PALM,23
1998-03-05 00:00:00,PALM,23
1998-03-06 00:00:00,PALM,23
1998-03-09 00:00:00,PALM,23
1998-03-10 00:00:00,PALM,23
1998-03-11 00:00:00,PALM,23
1998-03-13 00:00:00,PALM,23
SECURITY_DA,COMP,CLOSE_PRICE
-----------,----,-----------
1998-03-16 00:00:00,PALM,23
1998-03-19 00:00:00,PALM,23
1998-03-24 00:00:00,PALM,24
1998-03-30 00:00:00,PALM,24
1998-03-31 00:00:00,PALM,23.75
1998-04-01 00:00:00,PALM,24
1998-04-08 00:00:00,PALM,24
1998-04-09 00:00:00,PALM,23.5
1998-04-21 00:00:00,PALM,23.25
1998-04-22 00:00:00,PALM,24
1998-04-23 00:00:00,PALM,27.5
1998-04-24 00:00:00,PALM,26
1998-04-28 00:00:00,PALM,25
1998-04-29 00:00:00,PALM,28
1998-05-05 00:00:00,PALM,26
1998-05-06 00:00:00,PALM,24
1998-05-07 00:00:00,PALM,24
1998-05-08 00:00:00,PALM,24
1998-05-13 00:00:00,PALM,23
1998-05-15 00:00:00,PALM,23
1998-05-18 00:00:00,PALM,23
SECURITY_DA,COMP,CLOSE_PRICE
-----------,----,-----------
1998-05-19 00:00:00,PALM,23.25
1998-05-20 00:00:00,PALM,23.25
1998-05-21 00:00:00,PALM,23
1998-05-22 00:00:00,PALM,23
1998-05-25 00:00:00,PALM,23
1998-05-27 00:00:00,PALM,23.25
1998-05-28 00:00:00,PALM,23.25
1998-05-29 00:00:00,PALM,23.25
1998-06-02 00:00:00,PALM,23
1998-06-08 00:00:00,PALM,23
1998-06-11 00:00:00,PALM,23
1998-06-12 00:00:00,PALM,23.5
1998-06-15 00:00:00,PALM,23
1998-06-16 00:00:00,PALM,23
1998-06-19 00:00:00,PALM,23.5
1998-06-23 00:00:00,PALM,24
1998-06-24 00:00:00,PALM,23.25
1998-06-25 00:00:00,PALM,23.25
1998-06-26 00:00:00,PALM,23.5
1998-06-29 00:00:00,PALM,23.5
1998-07-01 00:00:00,PALM,23.5
SECURITY_DA,COMP,CLOSE_PRICE
-----------,----,-----------
1998-07-03 00:00:00,PALM,23.5
1998-07-06 00:00:00,PALM,24
1998-07-14 00:00:00,PALM,23.75
1998-07-15 00:00:00,PALM,24
1998-07-23 00:00:00,PALM,23.5
1998-07-30 00:00:00,PALM,23.5
1998-07-31 00:00:00,PALM,23.5
1998-08-03 00:00:00,PALM,23.5
1998-08-04 00:00:00,PALM,23.5
1998-08-11 00:00:00,PALM,23.5
1998-08-12 00:00:00,PALM,23.5
1998-08-14 00:00:00,PALM,23.5
1998-08-17 00:00:00,PALM,23.75
1998-08-19 00:00:00,PALM,23.5
1998-08-20 00:00:00,PALM,23.5
1998-08-21 00:00:00,PALM,23.5
1998-08-24 00:00:00,PALM,23.5
1998-08-25 00:00:00,PALM,23.5
1998-08-26 00:00:00,PALM,23.5
1998-08-31 00:00:00,PALM,23
1998-09-01 00:00:00,PALM,23
SECURITY_DA,COMP,CLOSE_PRICE
-----------,----,-----------
1998-09-02 00:00:00,PALM,23
1998-09-03 00:00:00,PALM,23
1998-09-07 00:00:00,PALM,23.5
1998-09-10 00:00:00,PALM,23
1998-09-11 00:00:00,PALM,23
1998-09-15 00:00:00,PALM,23.25
1998-09-16 00:00:00,PALM,23.25
1998-09-17 00:00:00,PALM,23.25
1998-09-18 00:00:00,PALM,23
1998-09-23 00:00:00,PALM,23
1998-09-29 00:00:00,PALM,22
1998-09-30 00:00:00,PALM,22.5
1998-10-01 00:00:00,PALM,22.5
1998-10-02 00:00:00,PALM,22.5
1998-10-13 00:00:00,PALM,21.75
1998-10-14 00:00:00,PALM,21.25
1998-10-16 00:00:00,PALM,21.5
1998-10-19 00:00:00,PALM,21
1998-10-20 00:00:00,PALM,21.5
1998-10-21 00:00:00,PALM,22
1998-10-22 00:00:00,PALM,21.25
SECURITY_DA,COMP,CLOSE_PRICE
-----------,----,-----------
1998-10-26 00:00:00,PALM,22
1998-10-27 00:00:00,PALM,21.75
1998-10-28 00:00:00,PALM,22
1998-10-29 00:00:00,PALM,21.75
1998-11-02 00:00:00,PALM,21.75
1998-11-04 00:00:00,PALM,21.75
1998-11-05 00:00:00,PALM,22
1998-11-11 00:00:00,PALM,21.75
1998-11-16 00:00:00,PALM,22
1998-11-18 00:00:00,PALM,21
1998-11-20 00:00:00,PALM,21.25
1998-11-23 00:00:00,PALM,22
1998-12-01 00:00:00,PALM,21.25
1998-12-07 00:00:00,PALM,21.75
1998-12-09 00:00:00,PALM,20
1998-12-10 00:00:00,PALM,20
1998-12-15 00:00:00,PALM,20.5
1998-12-17 00:00:00,PALM,20.5
1998-12-31 00:00:00,PALM,21
1998-07-30 00:00:00,PARA,42
1998-08-14 00:00:00,PARQ,6.75
SECURITY_DA,COMP,CLOSE_PRICE
-----------,----,-----------
1998-10-07 00:00:00,PARQ,1
1998-10-12 00:00:00,PARQ,1.25
1998-10-29 00:00:00,PARQ,1.75
1998-10-30 00:00:00,PARQ,2.5
1998-11-02 00:00:00,PARQ,3
1998-11-05 00:00:00,PARQ,3
1998-11-11 00:00:00,PARQ,3
1998-11-12 00:00:00,PARQ,3
1998-11-13 00:00:00,PARQ,4
1998-11-17 00:00:00,PARQ,4
1998-11-20 00:00:00,PARQ,3.25
1998-11-23 00:00:00,PARQ,3.25
1998-11-24 00:00:00,PARQ,4
1998-11-25 00:00:00,PARQ,5
1998-11-26 00:00:00,PARQ,5.25
1998-11-27 00:00:00,PARQ,6
1998-11-30 00:00:00,PARQ,6
1998-12-01 00:00:00,PARQ,6
1998-12-04 00:00:00,PARQ,5.5
1998-12-24 00:00:00,PARQ,4
1998-12-29 00:00:00,PARQ,4
SECURITY_DA,COMP,CLOSE_PRICE
-----------,----,-----------
1998-01-15 00:00:00,PDL,17.5
1998-01-16 00:00:00,PDL,17.5
1998-01-20 00:00:00,PDL,17.5
1998-01-22 00:00:00,PDL,17.5
1998-01-28 00:00:00,PDL,17.5
1998-02-03 00:00:00,PDL,17.75
1998-02-12 00:00:00,PDL,17.5
1998-02-13 00:00:00,PDL,17.5
1998-02-16 00:00:00,PDL,18
1998-02-18 00:00:00,PDL,17.5
1998-02-23 00:00:00,PDL,17.5
1998-03-05 00:00:00,PDL,17.5
1998-03-09 00:00:00,PDL,17.5
1998-03-11 00:00:00,PDL,17.5
1998-03-13 00:00:00,PDL,17.5
1998-04-01 00:00:00,PDL,17.5
1998-04-20 00:00:00,PDL,17.5
1998-04-21 00:00:00,PDL,17.75
1998-04-27 00:00:00,PDL,17.5
1998-05-13 00:00:00,PDL,17.5
1998-05-14 00:00:00,PDL,17.75
SECURITY_DA,COMP,CLOSE_PRICE
-----------,----,-----------
1998-05-18 00:00:00,PDL,17.5
1998-05-19 00:00:00,PDL,17.5
1998-05-25 00:00:00,PDL,17.5
1998-05-26 00:00:00,PDL,17.75
1998-05-27 00:00:00,PDL,17.5
1998-05-28 00:00:00,PDL,17.5
1998-06-02 00:00:00,PDL,18
1998-06-03 00:00:00,PDL,17.5
1998-06-05 00:00:00,PDL,17.5
1998-06-08 00:00:00,PDL,17.5
1998-06-18 00:00:00,PDL,18
1998-06-24 00:00:00,PDL,17.5
1998-06-25 00:00:00,PDL,17.5
1998-06-29 00:00:00,PDL,17.5
1998-07-27 00:00:00,PDL,17.75
1998-07-30 00:00:00,PDL,17.75
1998-08-03 00:00:00,PDL,18.25
1998-08-12 00:00:00,PDL,17.75
1998-08-14 00:00:00,PDL,17.75
1998-08-19 00:00:00,PDL,17.75
1998-08-21 00:00:00,PDL,17.5
SECURITY_DA,COMP,CLOSE_PRICE
-----------,----,-----------
1998-08-26 00:00:00,PDL,17.5
1998-09-01 00:00:00,PDL,17.5
1998-09-03 00:00:00,PDL,17.5
1998-09-10 00:00:00,PDL,17.5
1998-09-14 00:00:00,PDL,17.5
1998-09-18 00:00:00,PDL,17.75
1998-10-08 00:00:00,PDL,17.5
1998-10-09 00:00:00,PDL,17.5
1998-10-13 00:00:00,PDL,17.5
1998-10-14 00:00:00,PDL,17.5
1998-10-15 00:00:00,PDL,17.75
1998-10-16 00:00:00,PDL,17.5
1998-10-20 00:00:00,PDL,17.75
1998-10-23 00:00:00,PDL,17.5
1998-11-06 00:00:00,PDL,18.5
1998-11-19 00:00:00,PDL,17.75
1998-12-09 00:00:00,PDL,17.5
1998-12-10 00:00:00,PDL,17.5
1998-12-11 00:00:00,PDL,17.5
1998-12-14 00:00:00,PDL,17.5
1998-12-15 00:00:00,PDL,17.5
SECURITY_DA,COMP,CLOSE_PRICE
-----------,----,-----------
1998-12-16 00:00:00,PDL,17.5
1998-12-28 00:00:00,PDL,17.5
1998-05-26 00:00:00,PEG,13
1998-07-14 00:00:00,PEG,12
1998-09-18 00:00:00,PEG,8
1998-11-11 00:00:00,PEG,8
1998-12-14 00:00:00,PEG,8
1998-06-01 00:00:00,PHAR,200
1998-01-05 00:00:00,PMB,12.5
1998-01-06 00:00:00,PMB,12.5
1998-01-07 00:00:00,PMB,12.25
1998-01-08 00:00:00,PMB,12.25
1998-01-09 00:00:00,PMB,12
1998-01-13 00:00:00,PMB,11.75
1998-01-15 00:00:00,PMB,11.75
1998-01-16 00:00:00,PMB,12
1998-01-19 00:00:00,PMB,11.75
1998-01-20 00:00:00,PMB,11.5
1998-01-21 00:00:00,PMB,11.25
1998-01-22 00:00:00,PMB,11
1998-01-26 00:00:00,PMB,10
SECURITY_DA,COMP,CLOSE_PRICE
-----------,----,-----------
1998-01-27 00:00:00,PMB,10
1998-01-28 00:00:00,PMB,10
1998-01-29 00:00:00,PMB,10
1998-01-30 00:00:00,PMB,10.5
1998-02-02 00:00:00,PMB,10.5
1998-02-03 00:00:00,PMB,10.5
1998-02-06 00:00:00,PMB,10.5
1998-02-09 00:00:00,PMB,10.25
1998-02-11 00:00:00,PMB,10.5
1998-02-12 00:00:00,PMB,10.5
1998-02-13 00:00:00,PMB,10.75
1998-02-16 00:00:00,PMB,10.5
1998-02-17 00:00:00,PMB,10
1998-02-18 00:00:00,PMB,10.75
1998-02-19 00:00:00,PMB,10.75
1998-02-20 00:00:00,PMB,11
1998-02-23 00:00:00,PMB,11
1998-02-24 00:00:00,PMB,11
1998-02-25 00:00:00,PMB,11
1998-02-26 00:00:00,PMB,11
1998-02-27 00:00:00,PMB,10.75
SECURITY_DA,COMP,CLOSE_PRICE
-----------,----,-----------
1998-03-02 00:00:00,PMB,10.75
1998-03-03 00:00:00,PMB,10.75
1998-03-04 00:00:00,PMB,10.5
1998-03-06 00:00:00,PMB,10.5
1998-03-09 00:00:00,PMB,10.25
1998-03-10 00:00:00,PMB,10.5
1998-03-11 00:00:00,PMB,10
1998-03-13 00:00:00,PMB,10
1998-03-16 00:00:00,PMB,10
1998-03-17 00:00:00,PMB,10
1998-03-18 00:00:00,PMB,10
1998-03-19 00:00:00,PMB,10.25
1998-03-20 00:00:00,PMB,10.25
1998-03-23 00:00:00,PMB,10
1998-03-24 00:00:00,PMB,10
1998-03-25 00:00:00,PMB,10
1998-03-26 00:00:00,PMB,10
1998-03-30 00:00:00,PMB,10
1998-03-31 00:00:00,PMB,10
1998-04-01 00:00:00,PMB,9.75
1998-04-02 00:00:00,PMB,10
SECURITY_DA,COMP,CLOSE_PRICE
-----------,----,-----------
1998-04-03 00:00:00,PMB,10
1998-04-06 00:00:00,PMB,10
1998-04-07 00:00:00,PMB,10
1998-04-08 00:00:00,PMB,10
1998-04-09 00:00:00,PMB,10
1998-04-16 00:00:00,PMB,10
1998-04-17 00:00:00,PMB,10
1998-04-20 00:00:00,PMB,10.25
1998-04-21 00:00:00,PMB,10.25
1998-04-22 00:00:00,PMB,10.25
1998-04-23 00:00:00,PMB,10.5
1998-04-24 00:00:00,PMB,10.5
1998-04-27 00:00:00,PMB,10.5
1998-04-28 00:00:00,PMB,10.5
1998-04-29 00:00:00,PMB,10.5
1998-04-30 00:00:00,PMB,10.5
1998-05-04 00:00:00,PMB,10.5
1998-05-05 00:00:00,PMB,11
1998-05-06 00:00:00,PMB,10.25
1998-05-07 00:00:00,PMB,10
1998-05-08 00:00:00,PMB,10
SECURITY_DA,COMP,CLOSE_PRICE
-----------,----,-----------
1998-05-13 00:00:00,PMB,9.75
1998-05-14 00:00:00,PMB,9.75
1998-05-15 00:00:00,PMB,9.75
1998-05-18 00:00:00,PMB,10
1998-05-19 00:00:00,PMB,10
1998-05-20 00:00:00,PMB,10
1998-05-21 00:00:00,PMB,9.75
1998-05-22 00:00:00,PMB,10
1998-05-25 00:00:00,PMB,10
1998-05-26 00:00:00,PMB,10
1998-05-28 00:00:00,PMB,9.5
1998-05-29 00:00:00,PMB,9
1998-06-01 00:00:00,PMB,8.25
1998-06-02 00:00:00,PMB,8.5
1998-06-03 00:00:00,PMB,8.5
1998-06-04 00:00:00,PMB,8.5
1998-06-05 00:00:00,PMB,8
1998-06-08 00:00:00,PMB,8
1998-06-11 00:00:00,PMB,8.25
1998-06-12 00:00:00,PMB,8.25
1998-06-15 00:00:00,PMB,8.25
SECURITY_DA,COMP,CLOSE_PRICE
-----------,----,-----------
1998-06-16 00:00:00,PMB,8
1998-06-17 00:00:00,PMB,8
1998-06-19 00:00:00,PMB,8
1998-06-23 00:00:00,PMB,8.25
1998-06-24 00:00:00,PMB,8.25
1998-06-25 00:00:00,PMB,8.25
1998-06-26 00:00:00,PMB,8.25
1998-06-29 00:00:00,PMB,8.25
1998-07-01 00:00:00,PMB,8.5
1998-07-02 00:00:00,PMB,8.5
1998-07-03 00:00:00,PMB,8.5
1998-07-06 00:00:00,PMB,8.25
1998-07-13 00:00:00,PMB,8.5
1998-07-14 00:00:00,PMB,8.5
1998-07-15 00:00:00,PMB,8.25
1998-07-16 00:00:00,PMB,8.5
1998-07-17 00:00:00,PMB,8.5
1998-07-20 00:00:00,PMB,9
1998-07-21 00:00:00,PMB,8.5
1998-07-22 00:00:00,PMB,8.5
1998-07-23 00:00:00,PMB,8.5
SECURITY_DA,COMP,CLOSE_PRICE
-----------,----,-----------
1998-07-24 00:00:00,PMB,8.75
1998-07-27 00:00:00,PMB,8.75
1998-07-28 00:00:00,PMB,8.75
1998-07-29 00:00:00,PMB,8.75
1998-07-30 00:00:00,PMB,8.75
1998-07-31 00:00:00,PMB,8.75
1998-08-03 00:00:00,PMB,8.75
1998-08-04 00:00:00,PMB,8.25
1998-08-06 00:00:00,PMB,8.25
1998-08-10 00:00:00,PMB,8.5
1998-08-11 00:00:00,PMB,8.5
1998-08-12 00:00:00,PMB,8.25
1998-08-13 00:00:00,PMB,8.25
1998-08-14 00:00:00,PMB,8
1998-08-17 00:00:00,PMB,8
1998-08-18 00:00:00,PMB,7.75
1998-08-19 00:00:00,PMB,7
1998-08-20 00:00:00,PMB,7.75
1998-08-21 00:00:00,PMB,8
1998-08-24 00:00:00,PMB,8
1998-08-25 00:00:00,PMB,9
SECURITY_DA,COMP,CLOSE_PRICE
-----------,----,-----------
1998-08-26 00:00:00,PMB,9
1998-08-27 00:00:00,PMB,9
1998-08-28 00:00:00,PMB,9
1998-08-31 00:00:00,PMB,9
1998-09-01 00:00:00,PMB,8.75
1998-09-02 00:00:00,PMB,8.5
1998-09-03 00:00:00,PMB,7.75
1998-09-04 00:00:00,PMB,8
1998-09-07 00:00:00,PMB,8.25
1998-09-08 00:00:00,PMB,8.5
1998-09-09 00:00:00,PMB,8.75
1998-09-10 00:00:00,PMB,9
1998-09-11 00:00:00,PMB,9
1998-09-14 00:00:00,PMB,8.5
1998-09-16 00:00:00,PMB,8.25
1998-09-17 00:00:00,PMB,8
1998-09-18 00:00:00,PMB,8
1998-09-21 00:00:00,PMB,8
1998-09-24 00:00:00,PMB,8.25
1998-09-25 00:00:00,PMB,8
1998-09-28 00:00:00,PMB,8
SECURITY_DA,COMP,CLOSE_PRICE
-----------,----,-----------
1998-09-29 00:00:00,PMB,7.5
1998-09-30 00:00:00,PMB,8
1998-10-01 00:00:00,PMB,8
1998-10-06 00:00:00,PMB,8
1998-10-07 00:00:00,PMB,8.25
1998-10-08 00:00:00,PMB,8.25
1998-10-09 00:00:00,PMB,8
1998-10-12 00:00:00,PMB,8
1998-10-14 00:00:00,PMB,8.25
1998-10-16 00:00:00,PMB,8
1998-10-19 00:00:00,PMB,8
1998-10-20 00:00:00,PMB,8
1998-10-21 00:00:00,PMB,8
1998-10-22 00:00:00,PMB,8
1998-10-23 00:00:00,PMB,8
1998-10-27 00:00:00,PMB,8.25
1998-10-29 00:00:00,PMB,8.25
1998-10-30 00:00:00,PMB,8
1998-11-02 00:00:00,PMB,8.25
1998-11-05 00:00:00,PMB,8
1998-11-06 00:00:00,PMB,8.25
SECURITY_DA,COMP,CLOSE_PRICE
-----------,----,-----------
1998-11-10 00:00:00,PMB,8.25
1998-11-13 00:00:00,PMB,8.25
1998-11-16 00:00:00,PMB,8.25
1998-11-17 00:00:00,PMB,8.25
1998-11-20 00:00:00,PMB,8.25
1998-11-23 00:00:00,PMB,8.5
1998-11-25 00:00:00,PMB,8.5
1998-11-26 00:00:00,PMB,8.5
1998-11-27 00:00:00,PMB,8.5
1998-11-30 00:00:00,PMB,8.25
1998-12-10 00:00:00,PMB,8.25
1998-12-15 00:00:00,PMB,8
1998-12-16 00:00:00,PMB,8
1998-12-17 00:00:00,PMB,7.25
1998-12-21 00:00:00,PMB,7.25
1998-12-22 00:00:00,PMB,7.25
1998-12-24 00:00:00,PMB,7.25
1998-12-28 00:00:00,PMB,7.25
1998-12-29 00:00:00,PMB,7.25
1998-01-05 00:00:00,PURE,12
1998-01-06 00:00:00,PURE,12
SECURITY_DA,COMP,CLOSE_PRICE
-----------,----,-----------
1998-01-07 00:00:00,PURE,12
1998-01-08 00:00:00,PURE,12.25
1998-01-13 00:00:00,PURE,12.5
1998-01-16 00:00:00,PURE,11.75
1998-01-22 00:00:00,PURE,11.75
1998-01-26 00:00:00,PURE,11.75
1998-01-27 00:00:00,PURE,11.5
1998-01-29 00:00:00,PURE,11.5
1998-01-30 00:00:00,PURE,11.5
1998-02-09 00:00:00,PURE,12
1998-02-11 00:00:00,PURE,12.5
1998-02-13 00:00:00,PURE,12.5
1998-02-16 00:00:00,PURE,12.75
1998-02-17 00:00:00,PURE,12.75
1998-02-19 00:00:00,PURE,12.5
1998-02-20 00:00:00,PURE,12.75
1998-02-23 00:00:00,PURE,12.75
1998-02-24 00:00:00,PURE,12.5
1998-02-26 00:00:00,PURE,12.5
1998-02-27 00:00:00,PURE,12.5
1998-03-02 00:00:00,PURE,14.25
SECURITY_DA,COMP,CLOSE_PRICE
-----------,----,-----------
1998-03-03 00:00:00,PURE,15.25
1998-03-04 00:00:00,PURE,16.5
1998-03-05 00:00:00,PURE,16.25
1998-03-06 00:00:00,PURE,16
1998-03-09 00:00:00,PURE,16
1998-03-10 00:00:00,PURE,15.25
1998-03-16 00:00:00,PURE,14.5
1998-03-18 00:00:00,PURE,13.25
1998-03-20 00:00:00,PURE,13.25
1998-03-23 00:00:00,PURE,13.25
1998-03-24 00:00:00,PURE,14
1998-03-25 00:00:00,PURE,13.25
1998-03-26 00:00:00,PURE,13.25
1998-03-27 00:00:00,PURE,13.25
1998-03-30 00:00:00,PURE,13.5
1998-03-31 00:00:00,PURE,14.75
1998-04-02 00:00:00,PURE,14.25
1998-04-03 00:00:00,PURE,13.5
1998-04-06 00:00:00,PURE,13.25
1998-04-07 00:00:00,PURE,13
1998-04-15 00:00:00,PURE,13.75
SECURITY_DA,COMP,CLOSE_PRICE
-----------,----,-----------
1998-04-16 00:00:00,PURE,14.75
1998-04-17 00:00:00,PURE,16.5
1998-04-20 00:00:00,PURE,16
1998-04-21 00:00:00,PURE,21
1998-04-22 00:00:00,PURE,27
1998-04-23 00:00:00,PURE,29
1998-04-24 00:00:00,PURE,29.75
1998-04-27 00:00:00,PURE,27.5
1998-04-28 00:00:00,PURE,21
1998-04-29 00:00:00,PURE,25
1998-04-30 00:00:00,PURE,27
1998-05-04 00:00:00,PURE,26
1998-05-05 00:00:00,PURE,24
1998-05-06 00:00:00,PURE,24
1998-05-07 00:00:00,PURE,27
1998-05-08 00:00:00,PURE,25
1998-05-14 00:00:00,PURE,24
1998-05-15 00:00:00,PURE,24
1998-05-18 00:00:00,PURE,23.75
1998-05-19 00:00:00,PURE,21
1998-05-20 00:00:00,PURE,20
SECURITY_DA,COMP,CLOSE_PRICE
-----------,----,-----------
1998-05-21 00:00:00,PURE,20
1998-05-22 00:00:00,PURE,21.5
1998-05-25 00:00:00,PURE,23
1998-05-26 00:00:00,PURE,23
1998-05-27 00:00:00,PURE,22
1998-05-28 00:00:00,PURE,23
1998-05-29 00:00:00,PURE,20.25
1998-06-04 00:00:00,PURE,20
1998-06-05 00:00:00,PURE,21
1998-06-08 00:00:00,PURE,21
1998-06-10 00:00:00,PURE,21
1998-06-11 00:00:00,PURE,21
1998-06-12 00:00:00,PURE,17
1998-06-15 00:00:00,PURE,20
1998-06-16 00:00:00,PURE,21
1998-06-17 00:00:00,PURE,19
1998-06-18 00:00:00,PURE,20
1998-06-19 00:00:00,PURE,25
1998-06-22 00:00:00,PURE,22
1998-06-24 00:00:00,PURE,22.25
1998-06-25 00:00:00,PURE,22
SECURITY_DA,COMP,CLOSE_PRICE
-----------,----,-----------
1998-06-26 00:00:00,PURE,22.5
1998-06-29 00:00:00,PURE,23.5
1998-06-30 00:00:00,PURE,24
1998-07-01 00:00:00,PURE,21.5
1998-07-02 00:00:00,PURE,22
1998-07-06 00:00:00,PURE,22.25
1998-07-08 00:00:00,PURE,21
1998-07-15 00:00:00,PURE,24
1998-07-16 00:00:00,PURE,23
1998-07-17 00:00:00,PURE,23.5
1998-07-21 00:00:00,PURE,23
1998-07-22 00:00:00,PURE,23
1998-07-23 00:00:00,PURE,23
1998-07-24 00:00:00,PURE,23
1998-07-27 00:00:00,PURE,23
1998-07-28 00:00:00,PURE,23
1998-07-29 00:00:00,PURE,23
1998-07-31 00:00:00,PURE,23
1998-08-03 00:00:00,PURE,23.5
1998-08-05 00:00:00,PURE,23
1998-08-06 00:00:00,PURE,23
SECURITY_DA,COMP,CLOSE_PRICE
-----------,----,-----------
1998-08-10 00:00:00,PURE,23
1998-08-11 00:00:00,PURE,23.25
1998-08-12 00:00:00,PURE,23
1998-08-13 00:00:00,PURE,23
1998-08-17 00:00:00,PURE,23
1998-08-18 00:00:00,PURE,23.25
1998-08-19 00:00:00,PURE,23.5
1998-08-20 00:00:00,PURE,23.5
1998-08-21 00:00:00,PURE,23.5
1998-08-25 00:00:00,PURE,24
1998-08-26 00:00:00,PURE,24
1998-08-27 00:00:00,PURE,24
1998-08-31 00:00:00,PURE,23.25
1998-09-01 00:00:00,PURE,23
1998-09-02 00:00:00,PURE,23.5
1998-09-07 00:00:00,PURE,23
1998-09-08 00:00:00,PURE,23
1998-09-11 00:00:00,PURE,23.5
1998-09-14 00:00:00,PURE,23.5
1998-09-15 00:00:00,PURE,23.5
1998-09-17 00:00:00,PURE,23.5
SECURITY_DA,COMP,CLOSE_PRICE
-----------,----,-----------
1998-09-22 00:00:00,PURE,28
1998-09-23 00:00:00,PURE,23.75
1998-09-24 00:00:00,PURE,25
1998-10-06 00:00:00,PURE,25
1998-10-14 00:00:00,PURE,21
1998-10-23 00:00:00,PURE,23
1998-11-04 00:00:00,PURE,25
1998-11-12 00:00:00,PURE,25.25
1998-11-17 00:00:00,PURE,26
1998-11-18 00:00:00,PURE,26
1998-11-19 00:00:00,PURE,26
1998-11-20 00:00:00,PURE,26.25
1998-11-24 00:00:00,PURE,27
1998-11-25 00:00:00,PURE,37
1998-11-26 00:00:00,PURE,40
1998-11-27 00:00:00,PURE,40
1998-11-30 00:00:00,PURE,40.25
1998-12-01 00:00:00,PURE,36
1998-12-02 00:00:00,PURE,36.25
1998-12-04 00:00:00,PURE,36
1998-12-07 00:00:00,PURE,36
1998-12-08 00:00:00,PURE,36
1998-12-09 00:00:00,PURE,35.5
1998-12-10 00:00:00,PURE,35.25
1998-12-11 00:00:00,PURE,35.5
1998-12-14 00:00:00,PURE,35
1998-12-15 00:00:00,PURE,34.5
1998-12-16 00:00:00,PURE,35
1998-12-17 00:00:00,PURE,34.5
1998-12-18 00:00:00,PURE,35.25
1998-12-21 00:00:00,PURE,35
1998-12-22 00:00:00,PURE,34.75
1998-12-24 00:00:00,PURE,35
1998-12-28 00:00:00,PURE,35
1998-12-30 00:00:00,PURE,35
1998-12-31 00:00:00,PURE,35
1998-01-02 00:00:00,RCL,22
1998-01-05 00:00:00,RCL,22
1998-01-06 00:00:00,RCL,21.5
1998-01-07 00:00:00,RCL,20.25
1998-01-08 00:00:00,RCL,19.5
1998-01-09 00:00:00,RCL,19
1998-01-13 00:00:00,RCL,19
1998-01-15 00:00:00,RCL,19
1998-01-16 00:00:00,RCL,19
1998-01-19 00:00:00,RCL,18.25
1998-01-20 00:00:00,RCL,18.25
1998-01-21 00:00:00,RCL,17.75
1998-01-22 00:00:00,RCL,18
1998-01-23 00:00:00,RCL,18
1998-01-26 00:00:00,RCL,17.75
1998-01-27 00:00:00,RCL,18
1998-01-28 00:00:00,RCL,18
1998-01-29 00:00:00,RCL,18
1998-01-30 00:00:00,RCL,18.25
1998-02-02 00:00:00,RCL,18.5
1998-02-03 00:00:00,RCL,19
1998-02-06 00:00:00,RCL,18
1998-02-09 00:00:00,RCL,18.25
1998-02-11 00:00:00,RCL,19.25
1998-02-12 00:00:00,RCL,19
1998-02-13 00:00:00,RCL,19.5
1998-02-16 00:00:00,RCL,19.75
1998-02-17 00:00:00,RCL,20.25
1998-02-18 00:00:00,RCL,19.75
1998-02-19 00:00:00,RCL,20
1998-02-20 00:00:00,RCL,20
1998-02-23 00:00:00,RCL,19.75
1998-02-24 00:00:00,RCL,18
1998-02-25 00:00:00,RCL,17.5
1998-02-26 00:00:00,RCL,17.5
1998-02-27 00:00:00,RCL,18
1998-03-02 00:00:00,RCL,17.75
1998-03-03 00:00:00,RCL,17.75
1998-03-04 00:00:00,RCL,17.75
1998-03-05 00:00:00,RCL,17.75
1998-03-06 00:00:00,RCL,18
1998-03-09 00:00:00,RCL,18
1998-03-10 00:00:00,RCL,18
1998-03-11 00:00:00,RCL,18
1998-03-13 00:00:00,RCL,18
1998-03-16 00:00:00,RCL,17.75
1998-03-17 00:00:00,RCL,18
1998-03-18 00:00:00,RCL,17.75
1998-03-19 00:00:00,RCL,18
1998-03-20 00:00:00,RCL,17.75
1998-03-23 00:00:00,RCL,17.75
1998-03-24 00:00:00,RCL,17.75
1998-03-25 00:00:00,RCL,17.75
1998-03-26 00:00:00,RCL,17.75
1998-03-27 00:00:00,RCL,17.75
1998-03-30 00:00:00,RCL,17.75
1998-03-31 00:00:00,RCL,17
1998-04-02 00:00:00,RCL,17.25
1998-04-03 00:00:00,RCL,17.25
1998-04-06 00:00:00,RCL,17.5
1998-04-07 00:00:00,RCL,17
1998-04-08 00:00:00,RCL,17
1998-04-09 00:00:00,RCL,17
1998-04-15 00:00:00,RCL,17.5
1998-04-16 00:00:00,RCL,17.25
1998-04-17 00:00:00,RCL,17.25
1998-04-20 00:00:00,RCL,17.5
1998-04-21 00:00:00,RCL,17
1998-04-22 00:00:00,RCL,17
1998-04-23 00:00:00,RCL,18
1998-04-24 00:00:00,RCL,18
1998-04-27 00:00:00,RCL,17.5
1998-04-28 00:00:00,RCL,17.5
1998-04-29 00:00:00,RCL,18
1998-04-30 00:00:00,RCL,18
1998-05-04 00:00:00,RCL,18
1998-05-05 00:00:00,RCL,18
1998-05-06 00:00:00,RCL,17.75
1998-05-07 00:00:00,RCL,17.5
1998-05-08 00:00:00,RCL,17
1998-05-13 00:00:00,RCL,17.5
1998-05-14 00:00:00,RCL,17
1998-05-15 00:00:00,RCL,17
1998-05-18 00:00:00,RCL,17
1998-05-19 00:00:00,RCL,16.5
1998-05-20 00:00:00,RCL,15.5
1998-05-21 00:00:00,RCL,15.75
1998-05-22 00:00:00,RCL,14.75
1998-05-25 00:00:00,RCL,16
1998-05-26 00:00:00,RCL,15.75
1998-05-27 00:00:00,RCL,15.5
1998-05-28 00:00:00,RCL,14.5
1998-05-29 00:00:00,RCL,14.5
1998-06-01 00:00:00,RCL,14.5
1998-06-02 00:00:00,RCL,14.75
1998-06-03 00:00:00,RCL,14.75
1998-06-04 00:00:00,RCL,14.5
1998-06-05 00:00:00,RCL,14.5
1998-06-08 00:00:00,RCL,14.5
1998-06-10 00:00:00,RCL,14.25
1998-06-11 00:00:00,RCL,14
1998-06-12 00:00:00,RCL,13.75
1998-06-15 00:00:00,RCL,13
1998-06-16 00:00:00,RCL,13
1998-06-17 00:00:00,RCL,13.25
1998-06-18 00:00:00,RCL,13.75
1998-06-19 00:00:00,RCL,13.5
1998-06-22 00:00:00,RCL,13.5
1998-06-23 00:00:00,RCL,13.25
1998-06-24 00:00:00,RCL,13.25
1998-06-25 00:00:00,RCL,12.75
1998-06-26 00:00:00,RCL,13
1998-06-29 00:00:00,RCL,13.25
1998-06-30 00:00:00,RCL,13.5
1998-07-01 00:00:00,RCL,13.5
1998-07-02 00:00:00,RCL,13.5
1998-07-03 00:00:00,RCL,12.75
1998-07-10 00:00:00,RCL,13.75
1998-07-13 00:00:00,RCL,14
1998-07-14 00:00:00,RCL,13.5
1998-07-15 00:00:00,RCL,13.75
1998-07-16 00:00:00,RCL,13.5
1998-07-17 00:00:00,RCL,13.5
1998-07-20 00:00:00,RCL,14
1998-07-21 00:00:00,RCL,13.75
1998-07-22 00:00:00,RCL,13.75
1998-07-23 00:00:00,RCL,13.5
1998-07-24 00:00:00,RCL,13.5
1998-07-27 00:00:00,RCL,13.25
1998-07-28 00:00:00,RCL,12.75
1998-07-29 00:00:00,RCL,12.75
1998-07-30 00:00:00,RCL,12.25
1998-07-31 00:00:00,RCL,12
1998-08-03 00:00:00,RCL,12.25
1998-08-04 00:00:00,RCL,12
1998-08-05 00:00:00,RCL,12
1998-08-06 00:00:00,RCL,12
1998-08-10 00:00:00,RCL,12.25
1998-08-11 00:00:00,RCL,12.75
1998-08-12 00:00:00,RCL,12.5
1998-08-13 00:00:00,RCL,12.5
1998-08-14 00:00:00,RCL,12.25
1998-08-17 00:00:00,RCL,12.5
1998-08-18 00:00:00,RCL,12.25
1998-08-19 00:00:00,RCL,11.5
1998-08-20 00:00:00,RCL,11
1998-08-21 00:00:00,RCL,11.25
1998-08-24 00:00:00,RCL,10.75
1998-08-25 00:00:00,RCL,10
1998-08-26 00:00:00,RCL,10.5
1998-08-27 00:00:00,RCL,10
1998-08-28 00:00:00,RCL,10
1998-08-31 00:00:00,RCL,9.75
1998-09-01 00:00:00,RCL,9.5
1998-09-02 00:00:00,RCL,10
1998-09-03 00:00:00,RCL,10
1998-09-04 00:00:00,RCL,10
1998-09-07 00:00:00,RCL,10.5
1998-09-08 00:00:00,RCL,11
1998-09-09 00:00:00,RCL,11
1998-09-10 00:00:00,RCL,11
1998-09-11 00:00:00,RCL,12
1998-09-14 00:00:00,RCL,11.5
1998-09-15 00:00:00,RCL,11.5
1998-09-16 00:00:00,RCL,11.5
1998-09-17 00:00:00,RCL,11.5
1998-09-18 00:00:00,RCL,11.75
1998-09-21 00:00:00,RCL,11.75
1998-09-22 00:00:00,RCL,12
1998-09-23 00:00:00,RCL,12.5
1998-09-24 00:00:00,RCL,13
1998-09-25 00:00:00,RCL,12.5
1998-09-28 00:00:00,RCL,12
1998-09-29 00:00:00,RCL,11.5
1998-09-30 00:00:00,RCL,11.5
1998-10-01 00:00:00,RCL,12
1998-10-02 00:00:00,RCL,11.75
1998-10-06 00:00:00,RCL,11.75
1998-10-07 00:00:00,RCL,12
1998-10-09 00:00:00,RCL,11.75
1998-10-12 00:00:00,RCL,11.5
1998-10-14 00:00:00,RCL,11.5
1998-10-15 00:00:00,RCL,11.5
1998-10-16 00:00:00,RCL,11.5
1998-10-19 00:00:00,RCL,11.5
1998-10-20 00:00:00,RCL,12.75
1998-10-21 00:00:00,RCL,12.5
1998-10-22 00:00:00,RCL,12.25
1998-10-23 00:00:00,RCL,12.5
1998-10-26 00:00:00,RCL,13
1998-10-27 00:00:00,RCL,13
1998-10-28 00:00:00,RCL,12.75
1998-10-29 00:00:00,RCL,11.75
1998-11-02 00:00:00,RCL,14
1998-11-04 00:00:00,RCL,13
1998-11-05 00:00:00,RCL,13.75
1998-11-06 00:00:00,RCL,13
1998-11-09 00:00:00,RCL,13
1998-11-10 00:00:00,RCL,13
1998-11-11 00:00:00,RCL,13
1998-11-12 00:00:00,RCL,13
1998-11-13 00:00:00,RCL,13
1998-11-16 00:00:00,RCL,13
1998-11-17 00:00:00,RCL,13.25
1998-11-18 00:00:00,RCL,13.75
1998-11-19 00:00:00,RCL,13.25
1998-11-20 00:00:00,RCL,13.5
1998-11-23 00:00:00,RCL,13.75
1998-11-24 00:00:00,RCL,13.75
1998-11-25 00:00:00,RCL,14.5
1998-11-26 00:00:00,RCL,14.25
1998-11-27 00:00:00,RCL,14.5
1998-11-30 00:00:00,RCL,14.5
1998-12-01 00:00:00,RCL,14
1998-12-02 00:00:00,RCL,14
1998-12-07 00:00:00,RCL,13.75
1998-12-08 00:00:00,RCL,13
1998-12-09 00:00:00,RCL,13
1998-12-10 00:00:00,RCL,13
1998-12-11 00:00:00,RCL,13
1998-12-14 00:00:00,RCL,13
1998-12-15 00:00:00,RCL,13.5
1998-12-18 00:00:00,RCL,13.5
1998-12-21 00:00:00,RCL,13.25
1998-12-22 00:00:00,RCL,13.5
1998-12-23 00:00:00,RCL,13.25
1998-12-28 00:00:00,RCL,13.5
1998-12-30 00:00:00,RCL,14
1998-12-31 00:00:00,RCL,14
1998-01-06 00:00:00,RECK,40
1998-01-16 00:00:00,RECK,38.5
1998-01-19 00:00:00,RECK,38.5
1998-01-20 00:00:00,RECK,40
1998-01-21 00:00:00,RECK,40
1998-01-22 00:00:00,RECK,39.5
1998-01-26 00:00:00,RECK,40
1998-01-27 00:00:00,RECK,40.25
1998-01-28 00:00:00,RECK,43.25
1998-01-29 00:00:00,RECK,43.25
1998-01-30 00:00:00,RECK,43
1998-02-11 00:00:00,RECK,41.5
1998-02-12 00:00:00,RECK,45
1998-02-16 00:00:00,RECK,45
1998-02-18 00:00:00,RECK,45
1998-02-20 00:00:00,RECK,45
1998-02-23 00:00:00,RECK,41.5
1998-02-25 00:00:00,RECK,41.25
1998-03-05 00:00:00,RECK,45
1998-03-06 00:00:00,RECK,45
1998-03-09 00:00:00,RECK,42.25
1998-03-11 00:00:00,RECK,42.25
1998-03-20 00:00:00,RECK,47.5
1998-03-27 00:00:00,RECK,50
1998-03-30 00:00:00,RECK,50
1998-04-02 00:00:00,RECK,55
1998-04-06 00:00:00,RECK,55
1998-04-08 00:00:00,RECK,55
1998-04-09 00:00:00,RECK,50
SECURITY_DA,COMP,CLOSE_PRICE
-----------,----,-----------
1998-04-22 00:00:00,RECK,50
1998-04-23 00:00:00,RECK,50
1998-04-24 00:00:00,RECK,55
1998-04-27 00:00:00,RECK,55
1998-04-28 00:00:00,RECK,55
1998-05-04 00:00:00,RECK,60
1998-05-05 00:00:00,RECK,56
1998-05-14 00:00:00,RECK,56
1998-05-15 00:00:00,RECK,55
1998-05-18 00:00:00,RECK,56
1998-05-20 00:00:00,RECK,55
1998-05-21 00:00:00,RECK,58
1998-05-25 00:00:00,RECK,55
1998-05-26 00:00:00,RECK,50
1998-05-27 00:00:00,RECK,50
1998-05-28 00:00:00,RECK,44
1998-06-01 00:00:00,RECK,45
1998-06-03 00:00:00,RECK,45.25
1998-06-05 00:00:00,RECK,40
1998-06-08 00:00:00,RECK,40
1998-06-10 00:00:00,RECK,40
SECURITY_DA,COMP,CLOSE_PRICE
-----------,----,-----------
1998-06-15 00:00:00,RECK,40
1998-06-17 00:00:00,RECK,40
1998-06-18 00:00:00,RECK,40
1998-06-19 00:00:00,RECK,45
1998-06-22 00:00:00,RECK,43
1998-06-25 00:00:00,RECK,41
1998-06-29 00:00:00,RECK,40
1998-06-30 00:00:00,RECK,40
1998-07-01 00:00:00,RECK,40
1998-07-06 00:00:00,RECK,42
1998-07-14 00:00:00,RECK,42
1998-07-20 00:00:00,RECK,42
1998-07-22 00:00:00,RECK,42
1998-07-24 00:00:00,RECK,42
1998-08-11 00:00:00,RECK,47
1998-08-12 00:00:00,RECK,50
1998-08-25 00:00:00,RECK,40
1998-08-26 00:00:00,RECK,40
1998-08-27 00:00:00,RECK,43
1998-08-31 00:00:00,RECK,41
1998-09-02 00:00:00,RECK,38
SECURITY_DA,COMP,CLOSE_PRICE
-----------,----,-----------
1998-09-04 00:00:00,RECK,39
1998-09-10 00:00:00,RECK,38
1998-09-30 00:00:00,RECK,38
1998-10-22 00:00:00,RECK,38
1998-10-23 00:00:00,RECK,38
1998-10-27 00:00:00,RECK,39
1998-10-29 00:00:00,RECK,39.25
1998-11-02 00:00:00,RECK,38
1998-11-04 00:00:00,RECK,39
1998-11-11 00:00:00,RECK,44
1998-11-17 00:00:00,RECK,43.5
1998-11-19 00:00:00,RECK,44
1998-11-23 00:00:00,RECK,45
1998-12-07 00:00:00,RECK,45
1998-12-09 00:00:00,RECK,43
1998-12-10 00:00:00,RECK,45
1998-01-05 00:00:00,REG,20
1998-01-06 00:00:00,REG,20
1998-01-16 00:00:00,REG,18.5
1998-01-19 00:00:00,REG,18.5
1998-01-21 00:00:00,REG,19
SECURITY_DA,COMP,CLOSE_PRICE
-----------,----,-----------
1998-01-27 00:00:00,REG,19
1998-01-28 00:00:00,REG,17.5
1998-01-30 00:00:00,REG,20
1998-02-12 00:00:00,REG,20
1998-02-13 00:00:00,REG,19
1998-02-24 00:00:00,REG,22
1998-02-25 00:00:00,REG,21
1998-03-10 00:00:00,REG,20
1998-03-18 00:00:00,REG,22
1998-03-19 00:00:00,REG,22.5
1998-03-20 00:00:00,REG,22.5
1998-03-24 00:00:00,REG,22.5
1998-03-27 00:00:00,REG,22
1998-03-30 00:00:00,REG,22
1998-04-01 00:00:00,REG,22
1998-04-02 00:00:00,REG,22
1998-04-03 00:00:00,REG,22
1998-04-06 00:00:00,REG,22
1998-04-07 00:00:00,REG,22
1998-04-20 00:00:00,REG,24
1998-06-01 00:00:00,REG,20
SECURITY_DA,COMP,CLOSE_PRICE
-----------,----,-----------
1998-06-11 00:00:00,REG,20
1998-06-15 00:00:00,REG,20
1998-06-18 00:00:00,REG,20
1998-06-22 00:00:00,REG,20
1998-06-23 00:00:00,REG,20
1998-06-24 00:00:00,REG,20
1998-06-26 00:00:00,REG,20
1998-06-29 00:00:00,REG,20
1998-07-01 00:00:00,REG,20.5
1998-07-14 00:00:00,REG,20.25
1998-07-16 00:00:00,REG,20.25
1998-07-22 00:00:00,REG,20.5
1998-07-29 00:00:00,REG,21
1998-08-03 00:00:00,REG,21
1998-08-04 00:00:00,REG,21
1998-08-05 00:00:00,REG,21
1998-08-14 00:00:00,REG,21.25
1998-08-17 00:00:00,REG,21
1998-08-18 00:00:00,REG,20
1998-08-19 00:00:00,REG,20
1998-08-21 00:00:00,REG,20
SECURITY_DA,COMP,CLOSE_PRICE
-----------,----,-----------
1998-08-25 00:00:00,REG,19
1998-08-31 00:00:00,REG,19
1998-09-02 00:00:00,REG,15.5
1998-09-03 00:00:00,REG,16
1998-09-07 00:00:00,REG,17
1998-09-15 00:00:00,REG,19
1998-09-17 00:00:00,REG,18
1998-09-22 00:00:00,REG,17
1998-09-23 00:00:00,REG,17
1998-09-24 00:00:00,REG,16.75
1998-09-25 00:00:00,REG,16
1998-09-28 00:00:00,REG,16
1998-09-29 00:00:00,REG,16
1998-09-30 00:00:00,REG,16
1998-10-01 00:00:00,REG,15.5
1998-10-09 00:00:00,REG,17.75
1998-10-13 00:00:00,REG,15.75
1998-10-23 00:00:00,REG,16.5
1998-10-29 00:00:00,REG,17.5
1998-10-30 00:00:00,REG,18.5
1998-11-02 00:00:00,REG,18
SECURITY_DA,COMP,CLOSE_PRICE
-----------,----,-----------
1998-11-04 00:00:00,REG,18.5
1998-11-05 00:00:00,REG,18.5
1998-11-06 00:00:00,REG,20
1998-11-09 00:00:00,REG,19.5
1998-11-11 00:00:00,REG,18.25
1998-11-12 00:00:00,REG,18.5
1998-11-13 00:00:00,REG,19.5
1998-11-17 00:00:00,REG,18.5
1998-11-18 00:00:00,REG,18
1998-11-20 00:00:00,REG,18
1998-11-23 00:00:00,REG,19
1998-11-24 00:00:00,REG,20
1998-11-25 00:00:00,REG,19
1998-12-01 00:00:00,REG,19.25
1998-12-04 00:00:00,REG,19.25
1998-12-07 00:00:00,REG,19.5
1998-12-08 00:00:00,REG,19.5
1998-12-09 00:00:00,REG,19
1998-12-10 00:00:00,REG,19
1998-12-15 00:00:00,REG,19
1998-12-16 00:00:00,REG,18.75
SECURITY_DA,COMP,CLOSE_PRICE
-----------,----,-----------
1998-12-22 00:00:00,REG,19.25
1998-12-23 00:00:00,REG,18.5
1998-12-24 00:00:00,REG,19.25
1998-12-29 00:00:00,REG,19
1998-03-27 00:00:00,RENU,27
1998-04-21 00:00:00,RENU,27
1998-04-24 00:00:00,RENU,27
1998-04-29 00:00:00,RENU,27
1998-04-30 00:00:00,RENU,27
1998-05-18 00:00:00,RENU,27
1998-05-20 00:00:00,RENU,24
1998-05-25 00:00:00,RENU,27
1998-05-27 00:00:00,RENU,27
1998-05-28 00:00:00,RENU,24
1998-06-03 00:00:00,RENU,27
1998-06-18 00:00:00,RENU,26
1998-06-19 00:00:00,RENU,25
1998-06-25 00:00:00,RENU,20
1998-06-30 00:00:00,RENU,20
1998-07-02 00:00:00,RENU,21
1998-07-10 00:00:00,RENU,24
SECURITY_DA,COMP,CLOSE_PRICE
-----------,----,-----------
1998-07-16 00:00:00,RENU,24
1998-07-23 00:00:00,RENU,23
1998-07-24 00:00:00,RENU,23
1998-07-31 00:00:00,RENU,22.5
1998-08-03 00:00:00,RENU,22.5
1998-08-04 00:00:00,RENU,22.25
1998-08-14 00:00:00,RENU,22.25
1998-08-25 00:00:00,RENU,21.25
1998-09-03 00:00:00,RENU,18
1998-09-04 00:00:00,RENU,18
1998-09-08 00:00:00,RENU,18
1998-09-09 00:00:00,RENU,18
1998-09-10 00:00:00,RENU,18
1998-09-17 00:00:00,RENU,17.5
1998-10-06 00:00:00,RENU,18.5
1998-10-09 00:00:00,RENU,18.5
1998-10-16 00:00:00,RENU,20
1998-10-28 00:00:00,RENU,18.25
1998-10-29 00:00:00,RENU,17.5
1998-11-06 00:00:00,RENU,18
1998-12-01 00:00:00,RENU,18.5
SECURITY_DA,COMP,CLOSE_PRICE
-----------,----,-----------
1998-12-10 00:00:00,RENU,21
1998-12-11 00:00:00,RENU,21
1998-01-06 00:00:00,REXP,38
1998-01-07 00:00:00,REXP,38
1998-01-08 00:00:00,REXP,38
1998-01-09 00:00:00,REXP,38
1998-01-13 00:00:00,REXP,37.75
1998-01-22 00:00:00,REXP,39
1998-01-26 00:00:00,REXP,39
1998-01-29 00:00:00,REXP,39
1998-02-06 00:00:00,REXP,35
1998-02-11 00:00:00,REXP,35
1998-02-12 00:00:00,REXP,34
1998-02-17 00:00:00,REXP,39
1998-02-25 00:00:00,REXP,39
1998-02-26 00:00:00,REXP,39
1998-03-02 00:00:00,REXP,35
1998-03-05 00:00:00,REXP,35.5
1998-03-11 00:00:00,REXP,36.5
1998-03-13 00:00:00,REXP,35.5
1998-03-16 00:00:00,REXP,36
SECURITY_DA,COMP,CLOSE_PRICE
-----------,----,-----------
1998-03-18 00:00:00,REXP,36.25
1998-03-20 00:00:00,REXP,36
1998-03-25 00:00:00,REXP,36
1998-03-31 00:00:00,REXP,39
1998-04-06 00:00:00,REXP,38
1998-04-07 00:00:00,REXP,38
1998-04-16 00:00:00,REXP,39
1998-04-20 00:00:00,REXP,35
1998-04-21 00:00:00,REXP,35.25
1998-04-22 00:00:00,REXP,35.5
1998-04-23 00:00:00,REXP,35.5
1998-04-24 00:00:00,REXP,38.5
1998-05-04 00:00:00,REXP,37.75
1998-05-05 00:00:00,REXP,38.25
1998-05-06 00:00:00,REXP,40
1998-05-07 00:00:00,REXP,40.5
1998-05-08 00:00:00,REXP,38.5
1998-05-15 00:00:00,REXP,38.5
1998-05-18 00:00:00,REXP,38.5
1998-05-19 00:00:00,REXP,40
1998-05-25 00:00:00,REXP,39.5
SECURITY_DA,COMP,CLOSE_PRICE
-----------,----,-----------
1998-05-27 00:00:00,REXP,38
1998-05-28 00:00:00,REXP,37
1998-05-29 00:00:00,REXP,38.5
1998-06-01 00:00:00,REXP,35.25
1998-06-03 00:00:00,REXP,38
1998-06-04 00:00:00,REXP,35
1998-06-05 00:00:00,REXP,35
1998-06-10 00:00:00,REXP,35
1998-06-11 00:00:00,REXP,34
1998-06-12 00:00:00,REXP,34
1998-06-15 00:00:00,REXP,34
1998-06-16 00:00:00,REXP,35
1998-06-17 00:00:00,REXP,32
1998-06-18 00:00:00,REXP,34
1998-06-19 00:00:00,REXP,33.5
1998-06-22 00:00:00,REXP,33.5
1998-06-23 00:00:00,REXP,33
1998-06-24 00:00:00,REXP,33
1998-06-25 00:00:00,REXP,32
1998-06-26 00:00:00,REXP,32.25
1998-06-30 00:00:00,REXP,42
SECURITY_DA,COMP,CLOSE_PRICE
-----------,----,-----------
1998-07-03 00:00:00,REXP,38
1998-07-06 00:00:00,REXP,34
1998-07-08 00:00:00,REXP,34.25
1998-07-13 00:00:00,REXP,34
1998-07-14 00:00:00,REXP,38
1998-07-17 00:00:00,REXP,34
1998-07-20 00:00:00,REXP,34
1998-07-22 00:00:00,REXP,34
1998-07-28 00:00:00,REXP,35
1998-07-30 00:00:00,REXP,34
1998-08-05 00:00:00,REXP,34
1998-08-06 00:00:00,REXP,33
1998-08-14 00:00:00,REXP,33
1998-08-18 00:00:00,REXP,38
1998-08-19 00:00:00,REXP,34
1998-08-24 00:00:00,REXP,33
1998-08-31 00:00:00,REXP,29
1998-09-01 00:00:00,REXP,30
1998-09-08 00:00:00,REXP,29
1998-09-09 00:00:00,REXP,28
1998-09-10 00:00:00,REXP,26.25
SECURITY_DA,COMP,CLOSE_PRICE
-----------,----,-----------
1998-09-11 00:00:00,REXP,28
1998-09-14 00:00:00,REXP,27.5
1998-09-15 00:00:00,REXP,30
1998-09-16 00:00:00,REXP,32
1998-09-17 00:00:00,REXP,28
1998-09-18 00:00:00,REXP,28.25
1998-09-21 00:00:00,REXP,30
1998-09-22 00:00:00,REXP,32
1998-09-23 00:00:00,REXP,32.5
1998-09-24 00:00:00,REXP,34
1998-09-25 00:00:00,REXP,34.5
1998-09-28 00:00:00,REXP,35.5
1998-09-29 00:00:00,REXP,34.5
1998-09-30 00:00:00,REXP,32
1998-10-02 00:00:00,REXP,30
1998-10-07 00:00:00,REXP,30
1998-10-12 00:00:00,REXP,27.25
1998-10-14 00:00:00,REXP,27.75
1998-10-20 00:00:00,REXP,30
1998-10-21 00:00:00,REXP,28
1998-10-22 00:00:00,REXP,27.75
1998-10-27 00:00:00,REXP,31
1998-10-29 00:00:00,REXP,28
1998-10-30 00:00:00,REXP,28
1998-11-02 00:00:00,REXP,30
1998-11-05 00:00:00,REXP,30
1998-11-06 00:00:00,REXP,30.5
1998-11-09 00:00:00,REXP,30.5
1998-11-12 00:00:00,REXP,32
1998-11-13 00:00:00,REXP,32
1998-11-16 00:00:00,REXP,33
1998-11-17 00:00:00,REXP,34.5
1998-11-18 00:00:00,REXP,35
1998-11-20 00:00:00,REXP,33
1998-11-23 00:00:00,REXP,34.75
1998-11-24 00:00:00,REXP,34.5
1998-11-25 00:00:00,REXP,35
1998-11-26 00:00:00,REXP,34.5
1998-11-27 00:00:00,REXP,34
1998-12-01 00:00:00,REXP,33
1998-12-02 00:00:00,REXP,33.25
1998-12-07 00:00:00,REXP,34.75
1998-12-08 00:00:00,REXP,32.75
1998-12-10 00:00:00,REXP,32.5
1998-12-15 00:00:00,REXP,30.25
1998-12-17 00:00:00,REXP,30.5
1998-12-21 00:00:00,REXP,31
1998-12-23 00:00:00,REXP,32.5
1998-12-28 00:00:00,REXP,32.5
1998-12-29 00:00:00,REXP,33
1998-12-30 00:00:00,REXP,38.25
1998-12-31 00:00:00,REXP,38
1998-01-02 00:00:00,RICH,125
1998-01-05 00:00:00,RICH,125
1998-01-06 00:00:00,RICH,125
1998-01-09 00:00:00,RICH,120
1998-01-13 00:00:00,RICH,118
1998-01-15 00:00:00,RICH,120
1998-01-16 00:00:00,RICH,118
1998-01-19 00:00:00,RICH,118
1998-01-20 00:00:00,RICH,120
1998-01-21 00:00:00,RICH,120
1998-01-26 00:00:00,RICH,118
1998-01-27 00:00:00,RICH,118
1998-01-28 00:00:00,RICH,120.25
1998-01-29 00:00:00,RICH,130
1998-02-03 00:00:00,RICH,129
1998-02-06 00:00:00,RICH,120
1998-02-12 00:00:00,RICH,125
1998-02-16 00:00:00,RICH,128
1998-02-17 00:00:00,RICH,130
1998-02-18 00:00:00,RICH,130
1998-02-19 00:00:00,RICH,130
1998-02-20 00:00:00,RICH,129.75
1998-02-23 00:00:00,RICH,139.75
1998-02-24 00:00:00,RICH,135
1998-02-25 00:00:00,RICH,130
1998-02-26 00:00:00,RICH,130
1998-02-27 00:00:00,RICH,125
1998-03-02 00:00:00,RICH,125
1998-03-03 00:00:00,RICH,125
1998-03-04 00:00:00,RICH,124.5
1998-03-05 00:00:00,RICH,120
1998-03-06 00:00:00,RICH,120
1998-03-09 00:00:00,RICH,120
1998-03-10 00:00:00,RICH,120
1998-03-11 00:00:00,RICH,118
1998-03-13 00:00:00,RICH,118
1998-03-16 00:00:00,RICH,118
1998-03-17 00:00:00,RICH,117
1998-03-18 00:00:00,RICH,115
1998-03-19 00:00:00,RICH,114
1998-03-20 00:00:00,RICH,114
1998-03-23 00:00:00,RICH,112
1998-03-24 00:00:00,RICH,114
1998-03-25 00:00:00,RICH,112
1998-03-26 00:00:00,RICH,113
1998-03-27 00:00:00,RICH,112
1998-03-30 00:00:00,RICH,110.25
1998-03-31 00:00:00,RICH,112
1998-04-01 00:00:00,RICH,112
1998-04-02 00:00:00,RICH,111
1998-04-03 00:00:00,RICH,110
1998-04-06 00:00:00,RICH,107.5
1998-04-07 00:00:00,RICH,104
1998-04-08 00:00:00,RICH,105
1998-04-09 00:00:00,RICH,105
1998-04-15 00:00:00,RICH,104
1998-04-16 00:00:00,RICH,106
1998-04-17 00:00:00,RICH,108
1998-04-20 00:00:00,RICH,114
1998-04-21 00:00:00,RICH,116
1998-04-22 00:00:00,RICH,122
1998-04-23 00:00:00,RICH,130
1998-04-24 00:00:00,RICH,129.5
1998-04-27 00:00:00,RICH,127
1998-04-28 00:00:00,RICH,129
1998-04-29 00:00:00,RICH,130.5
1998-04-30 00:00:00,RICH,131
1998-05-04 00:00:00,RICH,130
1998-05-05 00:00:00,RICH,132
1998-05-06 00:00:00,RICH,135
1998-05-07 00:00:00,RICH,137
1998-05-08 00:00:00,RICH,137
1998-05-13 00:00:00,RICH,139
1998-05-14 00:00:00,RICH,137
1998-05-15 00:00:00,RICH,130
1998-05-18 00:00:00,RICH,130
1998-05-19 00:00:00,RICH,130
1998-05-20 00:00:00,RICH,125
1998-05-22 00:00:00,RICH,129
1998-05-25 00:00:00,RICH,129
1998-05-26 00:00:00,RICH,129.5
1998-05-27 00:00:00,RICH,125
1998-05-28 00:00:00,RICH,105
1998-05-29 00:00:00,RICH,95
1998-06-01 00:00:00,RICH,95.25
1998-06-02 00:00:00,RICH,105
1998-06-03 00:00:00,RICH,104
1998-06-04 00:00:00,RICH,105
1998-06-05 00:00:00,RICH,100
1998-06-11 00:00:00,RICH,100
1998-06-12 00:00:00,RICH,100
1998-06-15 00:00:00,RICH,99.75
1998-06-16 00:00:00,RICH,94
1998-06-17 00:00:00,RICH,90
1998-06-19 00:00:00,RICH,95
1998-06-23 00:00:00,RICH,90
1998-06-24 00:00:00,RICH,84.5
1998-06-25 00:00:00,RICH,89
1998-06-26 00:00:00,RICH,92
1998-06-29 00:00:00,RICH,90
1998-06-30 00:00:00,RICH,90
1998-07-01 00:00:00,RICH,90
1998-07-02 00:00:00,RICH,95
1998-07-03 00:00:00,RICH,98
1998-07-06 00:00:00,RICH,95
1998-07-08 00:00:00,RICH,100
1998-07-10 00:00:00,RICH,100
1998-07-13 00:00:00,RICH,100
1998-07-14 00:00:00,RICH,99
1998-07-15 00:00:00,RICH,99
1998-07-16 00:00:00,RICH,95.25
1998-07-17 00:00:00,RICH,95
1998-07-20 00:00:00,RICH,95
1998-07-21 00:00:00,RICH,95
1998-07-23 00:00:00,RICH,94
1998-07-29 00:00:00,RICH,95.5
1998-07-31 00:00:00,RICH,96
1998-08-05 00:00:00,RICH,95
1998-08-06 00:00:00,RICH,95
1998-08-11 00:00:00,RICH,88
1998-08-12 00:00:00,RICH,88.25
1998-08-13 00:00:00,RICH,85
1998-08-14 00:00:00,RICH,80
1998-08-17 00:00:00,RICH,81.25
1998-08-18 00:00:00,RICH,84
1998-08-19 00:00:00,RICH,85
1998-08-20 00:00:00,RICH,90
1998-08-21 00:00:00,RICH,81
1998-08-24 00:00:00,RICH,80
1998-08-25 00:00:00,RICH,80
1998-08-26 00:00:00,RICH,83
1998-08-27 00:00:00,RICH,82
1998-08-28 00:00:00,RICH,79
1998-08-31 00:00:00,RICH,73.5
1998-09-01 00:00:00,RICH,65.25
1998-09-02 00:00:00,RICH,65.25
1998-09-09 00:00:00,RICH,70
1998-09-11 00:00:00,RICH,70
1998-09-14 00:00:00,RICH,71
1998-09-16 00:00:00,RICH,76.75
1998-09-17 00:00:00,RICH,75
1998-09-21 00:00:00,RICH,75
1998-09-22 00:00:00,RICH,75
1998-09-25 00:00:00,RICH,79
1998-09-28 00:00:00,RICH,78
1998-09-29 00:00:00,RICH,78
1998-09-30 00:00:00,RICH,79.75
1998-10-01 00:00:00,RICH,80
1998-10-06 00:00:00,RICH,75
1998-10-07 00:00:00,RICH,75
1998-10-08 00:00:00,RICH,75
1998-10-13 00:00:00,RICH,72
1998-10-14 00:00:00,RICH,72.25
1998-10-15 00:00:00,RICH,72
1998-10-16 00:00:00,RICH,72
1998-10-19 00:00:00,RICH,72
1998-10-20 00:00:00,RICH,75
1998-10-21 00:00:00,RICH,72
1998-10-22 00:00:00,RICH,72.25
1998-10-27 00:00:00,RICH,72
1998-10-28 00:00:00,RICH,72
1998-10-29 00:00:00,RICH,72.25
1998-10-30 00:00:00,RICH,75
1998-11-02 00:00:00,RICH,75
1998-11-04 00:00:00,RICH,72.25
1998-11-05 00:00:00,RICH,72
1998-11-06 00:00:00,RICH,72
1998-11-09 00:00:00,RICH,74.5
1998-11-10 00:00:00,RICH,74
1998-11-12 00:00:00,RICH,75
1998-11-13 00:00:00,RICH,75
1998-11-16 00:00:00,RICH,78
1998-11-17 00:00:00,RICH,78
1998-11-18 00:00:00,RICH,84
1998-11-19 00:00:00,RICH,80
1998-11-20 00:00:00,RICH,75.25
1998-11-24 00:00:00,RICH,77
1998-11-25 00:00:00,RICH,80
1998-11-26 00:00:00,RICH,79
1998-11-27 00:00:00,RICH,80
1998-11-30 00:00:00,RICH,82
1998-12-01 00:00:00,RICH,80
1998-12-04 00:00:00,RICH,78
1998-12-09 00:00:00,RICH,77
1998-12-10 00:00:00,RICH,77
1998-12-11 00:00:00,RICH,79.75
1998-12-14 00:00:00,RICH,78.25
1998-12-15 00:00:00,RICH,78
1998-12-16 00:00:00,RICH,79.75
1998-12-17 00:00:00,RICH,79.75
1998-12-18 00:00:00,RICH,78
1998-12-21 00:00:00,RICH,79.75
1998-12-28 00:00:00,RICH,80
1998-12-29 00:00:00,RICH,80
1998-12-30 00:00:00,RICH,80
1998-12-31 00:00:00,RICH,83
1998-06-15 00:00:00,RPBH,12
1998-06-16 00:00:00,RPBH,12
1998-06-18 00:00:00,RPBH,9
1998-06-19 00:00:00,RPBH,9
1998-06-22 00:00:00,RPBH,8.5
1998-06-23 00:00:00,RPBH,8
1998-06-24 00:00:00,RPBH,7.5
1998-06-25 00:00:00,RPBH,8
1998-06-29 00:00:00,RPBH,7.5
1998-06-30 00:00:00,RPBH,7.5
1998-07-02 00:00:00,RPBH,7.75
1998-07-03 00:00:00,RPBH,7
1998-07-08 00:00:00,RPBH,6.75
1998-07-13 00:00:00,RPBH,10
1998-07-14 00:00:00,RPBH,8
1998-07-15 00:00:00,RPBH,8
1998-07-16 00:00:00,RPBH,8
1998-07-17 00:00:00,RPBH,8
1998-07-20 00:00:00,RPBH,8
1998-07-22 00:00:00,RPBH,8.5
1998-07-23 00:00:00,RPBH,8
1998-07-24 00:00:00,RPBH,8
1998-07-27 00:00:00,RPBH,8
1998-07-28 00:00:00,RPBH,8
1998-07-29 00:00:00,RPBH,8
1998-07-30 00:00:00,RPBH,8
1998-07-31 00:00:00,RPBH,8
1998-08-03 00:00:00,RPBH,8
1998-08-05 00:00:00,RPBH,7.75
1998-08-10 00:00:00,RPBH,7.75
1998-08-11 00:00:00,RPBH,7.75
1998-08-12 00:00:00,RPBH,7.75
1998-08-14 00:00:00,RPBH,7.75
1998-08-17 00:00:00,RPBH,7
1998-08-18 00:00:00,RPBH,7
1998-08-19 00:00:00,RPBH,7.5
1998-08-20 00:00:00,RPBH,10
1998-08-21 00:00:00,RPBH,9.25
1998-08-24 00:00:00,RPBH,9.25
1998-08-25 00:00:00,RPBH,8
1998-08-28 00:00:00,RPBH,8
1998-08-31 00:00:00,RPBH,7
1998-09-01 00:00:00,RPBH,7
1998-09-02 00:00:00,RPBH,7
1998-09-03 00:00:00,RPBH,7
1998-09-04 00:00:00,RPBH,8
1998-09-21 00:00:00,RPBH,7
1998-09-22 00:00:00,RPBH,7
1998-09-28 00:00:00,RPBH,7
1998-09-29 00:00:00,RPBH,7
1998-09-30 00:00:00,RPBH,7
1998-10-01 00:00:00,RPBH,7
1998-10-02 00:00:00,RPBH,7
1998-10-06 00:00:00,RPBH,7.5
1998-10-07 00:00:00,RPBH,8
1998-10-08 00:00:00,RPBH,8
1998-10-09 00:00:00,RPBH,8
1998-10-12 00:00:00,RPBH,8
1998-10-13 00:00:00,RPBH,7.75
1998-10-16 00:00:00,RPBH,7.25
1998-10-21 00:00:00,RPBH,7.25
1998-10-29 00:00:00,RPBH,7.25
1998-10-30 00:00:00,RPBH,8
1998-11-04 00:00:00,RPBH,7
1998-11-05 00:00:00,RPBH,7
1998-11-09 00:00:00,RPBH,7.75
1998-11-12 00:00:00,RPBH,7
1998-11-13 00:00:00,RPBH,7.5
1998-11-16 00:00:00,RPBH,7.75
1998-11-17 00:00:00,RPBH,7.5
1998-11-19 00:00:00,RPBH,7.25
1998-11-25 00:00:00,RPBH,7.5
1998-11-26 00:00:00,RPBH,7.5
1998-11-30 00:00:00,RPBH,7.5
1998-12-01 00:00:00,RPBH,7.5
1998-12-02 00:00:00,RPBH,7.25
1998-12-04 00:00:00,RPBH,7.25
1998-12-07 00:00:00,RPBH,7
1998-12-09 00:00:00,RPBH,6.75
1998-12-10 00:00:00,RPBH,7
1998-12-11 00:00:00,RPBH,7.5
1998-12-16 00:00:00,RPBH,7.25
1998-12-24 00:00:00,RPBH,8
1998-12-29 00:00:00,RPBH,7.5
1998-12-30 00:00:00,RPBH,7.5
1998-12-31 00:00:00,RPBH,7.75
1998-01-02 00:00:00,SAMP,62
1998-01-05 00:00:00,SAMP,63
1998-01-06 00:00:00,SAMP,63
1998-01-07 00:00:00,SAMP,63
1998-01-08 00:00:00,SAMP,61
1998-01-09 00:00:00,SAMP,61
1998-01-13 00:00:00,SAMP,60.25
1998-01-15 00:00:00,SAMP,59.5
1998-01-16 00:00:00,SAMP,58
1998-01-19 00:00:00,SAMP,58
1998-01-20 00:00:00,SAMP,58
1998-01-21 00:00:00,SAMP,57
1998-01-22 00:00:00,SAMP,55
1998-01-23 00:00:00,SAMP,55.5
1998-01-26 00:00:00,SAMP,55
1998-01-27 00:00:00,SAMP,55.25
1998-01-28 00:00:00,SAMP,56.5
1998-01-29 00:00:00,SAMP,57
1998-01-30 00:00:00,SAMP,57.25
1998-02-02 00:00:00,SAMP,58
1998-02-03 00:00:00,SAMP,58
1998-02-06 00:00:00,SAMP,58.5
1998-02-09 00:00:00,SAMP,59
1998-02-11 00:00:00,SAMP,59
1998-02-12 00:00:00,SAMP,59
1998-02-13 00:00:00,SAMP,60
1998-02-16 00:00:00,SAMP,60
1998-02-17 00:00:00,SAMP,60
1998-02-18 00:00:00,SAMP,61.75
1998-02-19 00:00:00,SAMP,62
1998-02-20 00:00:00,SAMP,64.25
1998-02-23 00:00:00,SAMP,63.75
1998-02-24 00:00:00,SAMP,63
1998-02-25 00:00:00,SAMP,61
1998-02-26 00:00:00,SAMP,60
1998-02-27 00:00:00,SAMP,60.25
1998-03-02 00:00:00,SAMP,60.5
1998-03-03 00:00:00,SAMP,61
1998-03-04 00:00:00,SAMP,60.75
1998-03-05 00:00:00,SAMP,61
1998-03-06 00:00:00,SAMP,61.25
1998-03-09 00:00:00,SAMP,60
1998-03-10 00:00:00,SAMP,60
1998-03-11 00:00:00,SAMP,60
1998-03-13 00:00:00,SAMP,60.5
1998-03-16 00:00:00,SAMP,60.25
1998-03-17 00:00:00,SAMP,60.25
1998-03-18 00:00:00,SAMP,60.5
1998-03-19 00:00:00,SAMP,61.75
1998-03-20 00:00:00,SAMP,62
1998-03-23 00:00:00,SAMP,62.25
1998-03-24 00:00:00,SAMP,62.75
1998-03-25 00:00:00,SAMP,62.5
1998-03-26 00:00:00,SAMP,63
1998-03-27 00:00:00,SAMP,62.75
1998-03-30 00:00:00,SAMP,62.5
1998-03-31 00:00:00,SAMP,62.75
1998-04-01 00:00:00,SAMP,62.5
1998-04-02 00:00:00,SAMP,64
1998-04-03 00:00:00,SAMP,64
1998-04-06 00:00:00,SAMP,65
1998-04-07 00:00:00,SAMP,63
1998-04-08 00:00:00,SAMP,65
1998-04-09 00:00:00,SAMP,64.75
1998-04-15 00:00:00,SAMP,65.5
1998-04-16 00:00:00,SAMP,67
1998-04-17 00:00:00,SAMP,69
1998-04-20 00:00:00,SAMP,68
1998-04-21 00:00:00,SAMP,69
1998-04-22 00:00:00,SAMP,69
1998-04-23 00:00:00,SAMP,69
1998-04-24 00:00:00,SAMP,69
1998-04-27 00:00:00,SAMP,69
1998-04-28 00:00:00,SAMP,68
1998-04-29 00:00:00,SAMP,68.25
1998-04-30 00:00:00,SAMP,68.25
1998-05-04 00:00:00,SAMP,69
1998-05-05 00:00:00,SAMP,69
1998-05-06 00:00:00,SAMP,67.5
1998-05-07 00:00:00,SAMP,68.75
1998-05-08 00:00:00,SAMP,68
1998-05-13 00:00:00,SAMP,67
1998-05-14 00:00:00,SAMP,64
1998-05-15 00:00:00,SAMP,62.5
1998-05-18 00:00:00,SAMP,64
1998-05-19 00:00:00,SAMP,63.25
1998-05-20 00:00:00,SAMP,62.5
1998-05-21 00:00:00,SAMP,63
1998-05-22 00:00:00,SAMP,62.5
1998-05-25 00:00:00,SAMP,64
1998-05-26 00:00:00,SAMP,63
1998-05-27 00:00:00,SAMP,62
1998-05-28 00:00:00,SAMP,58
1998-05-29 00:00:00,SAMP,58.75
1998-06-01 00:00:00,SAMP,57.75
1998-06-02 00:00:00,SAMP,58.5
1998-06-03 00:00:00,SAMP,57.75
1998-06-04 00:00:00,SAMP,57.75
1998-06-05 00:00:00,SAMP,57.5
1998-06-08 00:00:00,SAMP,57
1998-06-10 00:00:00,SAMP,56
1998-06-11 00:00:00,SAMP,55
1998-06-12 00:00:00,SAMP,55
1998-06-15 00:00:00,SAMP,48
1998-06-16 00:00:00,SAMP,50
1998-06-17 00:00:00,SAMP,50
1998-06-18 00:00:00,SAMP,52.5
1998-06-19 00:00:00,SAMP,55
1998-06-22 00:00:00,SAMP,52
1998-06-23 00:00:00,SAMP,51
1998-06-24 00:00:00,SAMP,50.25
1998-06-25 00:00:00,SAMP,48
1998-06-26 00:00:00,SAMP,49
1998-06-29 00:00:00,SAMP,50.25
1998-06-30 00:00:00,SAMP,51
1998-07-01 00:00:00,SAMP,51
1998-07-02 00:00:00,SAMP,53
1998-07-03 00:00:00,SAMP,53
1998-07-06 00:00:00,SAMP,53
1998-07-08 00:00:00,SAMP,53
1998-07-10 00:00:00,SAMP,54
1998-07-13 00:00:00,SAMP,54
1998-07-14 00:00:00,SAMP,53.25
1998-07-15 00:00:00,SAMP,53
1998-07-16 00:00:00,SAMP,52
1998-07-20 00:00:00,SAMP,52
1998-07-21 00:00:00,SAMP,52
1998-07-22 00:00:00,SAMP,51
1998-07-23 00:00:00,SAMP,51
1998-07-24 00:00:00,SAMP,50
1998-07-27 00:00:00,SAMP,50.5
1998-07-28 00:00:00,SAMP,50.5
1998-07-29 00:00:00,SAMP,51
1998-07-30 00:00:00,SAMP,51
1998-07-31 00:00:00,SAMP,51
1998-08-03 00:00:00,SAMP,51
1998-08-04 00:00:00,SAMP,50
1998-08-05 00:00:00,SAMP,50.75
1998-08-06 00:00:00,SAMP,50
1998-08-10 00:00:00,SAMP,50
1998-08-11 00:00:00,SAMP,50
1998-08-12 00:00:00,SAMP,48.5
1998-08-13 00:00:00,SAMP,45
1998-08-14 00:00:00,SAMP,44.25
1998-08-17 00:00:00,SAMP,44.25
1998-08-18 00:00:00,SAMP,44.25
1998-08-19 00:00:00,SAMP,44.25
1998-08-20 00:00:00,SAMP,42
1998-08-21 00:00:00,SAMP,43
1998-08-24 00:00:00,SAMP,43.5
1998-08-25 00:00:00,SAMP,37
1998-08-26 00:00:00,SAMP,40
1998-08-27 00:00:00,SAMP,39
1998-08-28 00:00:00,SAMP,37.5
1998-08-31 00:00:00,SAMP,36.5
1998-09-01 00:00:00,SAMP,35
1998-09-02 00:00:00,SAMP,32.5
1998-09-03 00:00:00,SAMP,33.5
1998-09-04 00:00:00,SAMP,35
1998-09-07 00:00:00,SAMP,35
1998-09-08 00:00:00,SAMP,36
1998-09-09 00:00:00,SAMP,35.75
1998-09-10 00:00:00,SAMP,36
1998-09-11 00:00:00,SAMP,37
1998-09-14 00:00:00,SAMP,37.75
1998-09-15 00:00:00,SAMP,40
1998-09-16 00:00:00,SAMP,41.75
1998-09-17 00:00:00,SAMP,39
1998-09-18 00:00:00,SAMP,38
1998-09-21 00:00:00,SAMP,40
1998-09-22 00:00:00,SAMP,40.5
1998-09-23 00:00:00,SAMP,41
1998-09-24 00:00:00,SAMP,41
1998-09-25 00:00:00,SAMP,40
1998-09-28 00:00:00,SAMP,41
1998-09-29 00:00:00,SAMP,40
1998-09-30 00:00:00,SAMP,39
1998-10-01 00:00:00,SAMP,40
1998-10-02 00:00:00,SAMP,39.5
1998-10-06 00:00:00,SAMP,39
1998-10-07 00:00:00,SAMP,40
1998-10-08 00:00:00,SAMP,39
1998-10-09 00:00:00,SAMP,38.75
1998-10-12 00:00:00,SAMP,38.25
1998-10-13 00:00:00,SAMP,37.75
1998-10-14 00:00:00,SAMP,37.5
1998-10-15 00:00:00,SAMP,37.75
1998-10-16 00:00:00,SAMP,38.5
1998-10-19 00:00:00,SAMP,39
1998-10-20 00:00:00,SAMP,39.5
1998-10-21 00:00:00,SAMP,39
1998-10-22 00:00:00,SAMP,39
1998-10-23 00:00:00,SAMP,39
1998-10-26 00:00:00,SAMP,39.25
1998-10-27 00:00:00,SAMP,39.5
1998-10-28 00:00:00,SAMP,39.5
1998-10-29 00:00:00,SAMP,38.5
1998-10-30 00:00:00,SAMP,38
1998-11-02 00:00:00,SAMP,39
1998-11-04 00:00:00,SAMP,39.25
1998-11-05 00:00:00,SAMP,40.25
1998-11-06 00:00:00,SAMP,40.25
1998-11-09 00:00:00,SAMP,40.75
1998-11-10 00:00:00,SAMP,41
1998-11-11 00:00:00,SAMP,41.5
1998-11-12 00:00:00,SAMP,40.75
1998-11-13 00:00:00,SAMP,42
1998-11-16 00:00:00,SAMP,44
1998-11-17 00:00:00,SAMP,44
1998-11-18 00:00:00,SAMP,46.5
1998-11-19 00:00:00,SAMP,45
1998-11-20 00:00:00,SAMP,44
1998-11-23 00:00:00,SAMP,45.75
1998-11-24 00:00:00,SAMP,45.75
1998-11-25 00:00:00,SAMP,47
1998-11-26 00:00:00,SAMP,47
1998-11-27 00:00:00,SAMP,47
1998-11-30 00:00:00,SAMP,47.5
1998-12-01 00:00:00,SAMP,47.75
1998-12-02 00:00:00,SAMP,47
1998-12-04 00:00:00,SAMP,46.5
1998-12-07 00:00:00,SAMP,45.5
1998-12-08 00:00:00,SAMP,44.5
1998-12-09 00:00:00,SAMP,44.5
1998-12-10 00:00:00,SAMP,44.5
1998-12-11 00:00:00,SAMP,44.75
1998-12-14 00:00:00,SAMP,46
1998-12-15 00:00:00,SAMP,45.75
1998-12-16 00:00:00,SAMP,46.25
1998-12-17 00:00:00,SAMP,45.5
1998-12-18 00:00:00,SAMP,46.25
1998-12-21 00:00:00,SAMP,46.75
1998-12-22 00:00:00,SAMP,45
1998-12-23 00:00:00,SAMP,46
1998-12-24 00:00:00,SAMP,46.5
1998-12-28 00:00:00,SAMP,47.25
1998-12-29 00:00:00,SAMP,49
1998-12-30 00:00:00,SAMP,49.25
1998-12-31 00:00:00,SAMP,49.25
1998-03-17 00:00:00,SAMS,10
1998-03-18 00:00:00,SAMS,10
1998-03-19 00:00:00,SAMS,10
1998-03-20 00:00:00,SAMS,10
1998-03-25 00:00:00,SAMS,10.5
1998-04-24 00:00:00,SAMS,10.5
1998-04-29 00:00:00,SAMS,10.75
1998-05-04 00:00:00,SAMS,10.75
1998-05-14 00:00:00,SAMS,10.75
1998-05-18 00:00:00,SAMS,12
1998-05-22 00:00:00,SAMS,11.5
1998-05-26 00:00:00,SAMS,12
1998-06-15 00:00:00,SAMS,10
1998-06-16 00:00:00,SAMS,9
1998-08-11 00:00:00,SAMS,11
1998-08-14 00:00:00,SAMS,10
1998-09-08 00:00:00,SAMS,9.5
1998-09-30 00:00:00,SAMS,10
1998-10-19 00:00:00,SAMS,10
1998-10-22 00:00:00,SAMS,11
1998-11-02 00:00:00,SAMS,10
1998-11-24 00:00:00,SAMS,11
1998-11-25 00:00:00,SAMS,11.25
1998-12-11 00:00:00,SAMS,11.25
1998-12-16 00:00:00,SAMS,13.75
1998-12-17 00:00:00,SAMS,13.75
1998-12-22 00:00:00,SAMS,14
1998-12-30 00:00:00,SAMS,13.75
1998-01-08 00:00:00,SELI,190
1998-02-25 00:00:00,SELI,190
1998-03-13 00:00:00,SELI,150
1998-01-02 00:00:00,SEMB,4.25
1998-01-06 00:00:00,SEMB,4.25
1998-01-07 00:00:00,SEMB,4.25
1998-01-08 00:00:00,SEMB,4.25
1998-01-09 00:00:00,SEMB,4.25
1998-01-13 00:00:00,SEMB,4.25
1998-01-15 00:00:00,SEMB,3.5
1998-01-16 00:00:00,SEMB,3.75
1998-01-19 00:00:00,SEMB,3.75
1998-01-20 00:00:00,SEMB,3.75
1998-01-21 00:00:00,SEMB,3.75
1998-01-22 00:00:00,SEMB,3.75
1998-01-23 00:00:00,SEMB,3.75
1998-01-26 00:00:00,SEMB,3.75
1998-01-27 00:00:00,SEMB,3.75
1998-01-28 00:00:00,SEMB,3.75
1998-01-29 00:00:00,SEMB,3.75
1998-01-30 00:00:00,SEMB,3.75
1998-02-06 00:00:00,SEMB,3.75
1998-02-09 00:00:00,SEMB,3.75
1998-02-11 00:00:00,SEMB,3.75
1998-02-12 00:00:00,SEMB,3.75
1998-02-13 00:00:00,SEMB,4
1998-02-16 00:00:00,SEMB,3.75
1998-02-18 00:00:00,SEMB,3.75
1998-02-19 00:00:00,SEMB,3.75
1998-02-24 00:00:00,SEMB,3.75
1998-02-27 00:00:00,SEMB,4.5
1998-03-02 00:00:00,SEMB,4.75
1998-03-03 00:00:00,SEMB,4.75
1998-03-04 00:00:00,SEMB,4.25
1998-03-05 00:00:00,SEMB,4.25
1998-03-06 00:00:00,SEMB,4.25
1998-03-09 00:00:00,SEMB,4.25
1998-03-10 00:00:00,SEMB,4.25
1998-03-11 00:00:00,SEMB,4.25
1998-03-13 00:00:00,SEMB,4.25
1998-03-16 00:00:00,SEMB,4.25
1998-03-17 00:00:00,SEMB,4.5
1998-03-18 00:00:00,SEMB,4.25
1998-03-19 00:00:00,SEMB,4.25
1998-03-20 00:00:00,SEMB,4.25
1998-03-23 00:00:00,SEMB,4.25
1998-03-24 00:00:00,SEMB,4.5
1998-03-25 00:00:00,SEMB,4.5
1998-03-27 00:00:00,SEMB,4.25
1998-03-31 00:00:00,SEMB,4
1998-04-01 00:00:00,SEMB,4
1998-04-02 00:00:00,SEMB,4
1998-04-03 00:00:00,SEMB,4.25
1998-04-06 00:00:00,SEMB,4
1998-04-07 00:00:00,SEMB,4
1998-04-08 00:00:00,SEMB,4
1998-04-09 00:00:00,SEMB,4
1998-04-15 00:00:00,SEMB,4
1998-04-17 00:00:00,SEMB,4.25
1998-04-20 00:00:00,SEMB,4
1998-04-21 00:00:00,SEMB,4.25
1998-04-22 00:00:00,SEMB,4
1998-04-23 00:00:00,SEMB,4.25
1998-04-24 00:00:00,SEMB,4.25
1998-04-28 00:00:00,SEMB,4
1998-04-29 00:00:00,SEMB,4
1998-04-30 00:00:00,SEMB,4
1998-05-04 00:00:00,SEMB,4
1998-05-05 00:00:00,SEMB,4
1998-05-06 00:00:00,SEMB,4
1998-05-07 00:00:00,SEMB,4
1998-05-08 00:00:00,SEMB,4
1998-05-13 00:00:00,SEMB,4
1998-05-14 00:00:00,SEMB,4
1998-05-15 00:00:00,SEMB,4
1998-05-18 00:00:00,SEMB,4
1998-05-19 00:00:00,SEMB,3.75
1998-05-20 00:00:00,SEMB,4
1998-05-21 00:00:00,SEMB,4.25
1998-05-25 00:00:00,SEMB,4
1998-05-26 00:00:00,SEMB,4.25
1998-05-27 00:00:00,SEMB,4.25
1998-05-29 00:00:00,SEMB,4
1998-06-01 00:00:00,SEMB,4
1998-06-02 00:00:00,SEMB,4
1998-06-05 00:00:00,SEMB,4
1998-06-08 00:00:00,SEMB,4
1998-06-11 00:00:00,SEMB,4
1998-06-12 00:00:00,SEMB,4
1998-06-15 00:00:00,SEMB,4
1998-06-16 00:00:00,SEMB,4
1998-06-17 00:00:00,SEMB,4.25
1998-06-18 00:00:00,SEMB,4
1998-06-24 00:00:00,SEMB,4
1998-06-25 00:00:00,SEMB,4
1998-06-29 00:00:00,SEMB,4
1998-07-02 00:00:00,SEMB,4
1998-07-03 00:00:00,SEMB,4
1998-07-08 00:00:00,SEMB,4
1998-07-10 00:00:00,SEMB,3.75
1998-07-13 00:00:00,SEMB,3.5
1998-07-14 00:00:00,SEMB,4
1998-07-15 00:00:00,SEMB,4
1998-07-16 00:00:00,SEMB,4
1998-07-17 00:00:00,SEMB,4
1998-07-20 00:00:00,SEMB,4
1998-07-21 00:00:00,SEMB,4
1998-07-22 00:00:00,SEMB,4
1998-07-23 00:00:00,SEMB,4
1998-07-24 00:00:00,SEMB,4
1998-07-28 00:00:00,SEMB,4
1998-07-30 00:00:00,SEMB,4
1998-08-04 00:00:00,SEMB,4
1998-08-05 00:00:00,SEMB,4
1998-08-06 00:00:00,SEMB,4
1998-08-10 00:00:00,SEMB,4
1998-08-11 00:00:00,SEMB,4
1998-08-12 00:00:00,SEMB,4
1998-08-13 00:00:00,SEMB,4
1998-08-14 00:00:00,SEMB,4.25
1998-08-18 00:00:00,SEMB,4.25
1998-08-19 00:00:00,SEMB,4
1998-08-20 00:00:00,SEMB,4.25
1998-08-21 00:00:00,SEMB,4
1998-08-24 00:00:00,SEMB,3.75
1998-08-25 00:00:00,SEMB,3.75
1998-08-28 00:00:00,SEMB,3.75
1998-08-31 00:00:00,SEMB,3.5
1998-09-01 00:00:00,SEMB,3.5
1998-09-02 00:00:00,SEMB,3
1998-09-03 00:00:00,SEMB,3
1998-09-08 00:00:00,SEMB,3
1998-09-09 00:00:00,SEMB,3
1998-09-14 00:00:00,SEMB,3.25
1998-09-15 00:00:00,SEMB,3.25
1998-09-16 00:00:00,SEMB,3.25
1998-09-18 00:00:00,SEMB,3.25
1998-09-24 00:00:00,SEMB,3.25
1998-09-25 00:00:00,SEMB,3.25
1998-09-28 00:00:00,SEMB,3
1998-09-29 00:00:00,SEMB,3
1998-10-02 00:00:00,SEMB,3
1998-10-06 00:00:00,SEMB,3
1998-10-07 00:00:00,SEMB,3
1998-10-09 00:00:00,SEMB,3.25
1998-10-13 00:00:00,SEMB,3.25
1998-10-14 00:00:00,SEMB,3.25
1998-10-15 00:00:00,SEMB,3
1998-10-16 00:00:00,SEMB,3
1998-10-19 00:00:00,SEMB,3
1998-10-20 00:00:00,SEMB,3
1998-10-21 00:00:00,SEMB,3
1998-10-22 00:00:00,SEMB,3
1998-10-26 00:00:00,SEMB,3
1998-10-27 00:00:00,SEMB,3
1998-10-29 00:00:00,SEMB,3.25
1998-11-02 00:00:00,SEMB,3
1998-11-04 00:00:00,SEMB,3.25
1998-11-05 00:00:00,SEMB,3.25
1998-11-06 00:00:00,SEMB,3
1998-11-10 00:00:00,SEMB,3
1998-11-12 00:00:00,SEMB,3
1998-11-13 00:00:00,SEMB,3
1998-11-17 00:00:00,SEMB,3
1998-11-18 00:00:00,SEMB,3
1998-11-19 00:00:00,SEMB,3.25
1998-11-20 00:00:00,SEMB,3
1998-11-23 00:00:00,SEMB,3
1998-11-24 00:00:00,SEMB,3
1998-11-26 00:00:00,SEMB,3
1998-11-27 00:00:00,SEMB,3
1998-11-30 00:00:00,SEMB,3.5
1998-12-01 00:00:00,SEMB,3.25
1998-12-04 00:00:00,SEMB,3
1998-12-07 00:00:00,SEMB,3.25
1998-12-08 00:00:00,SEMB,3
1998-12-09 00:00:00,SEMB,3
1998-12-10 00:00:00,SEMB,3
1998-12-11 00:00:00,SEMB,3
1998-12-14 00:00:00,SEMB,3
1998-12-15 00:00:00,SEMB,2.75
1998-12-18 00:00:00,SEMB,3
1998-12-24 00:00:00,SEMB,3
1998-12-28 00:00:00,SEMB,2.75
1998-12-29 00:00:00,SEMB,2.75
1998-12-30 00:00:00,SEMB,2.75
1998-01-21 00:00:00,SERV,7.5
1998-01-27 00:00:00,SERV,7.75
1998-02-18 00:00:00,SERV,7.75
1998-03-03 00:00:00,SERV,7.75
1998-03-05 00:00:00,SERV,7.75
1998-03-13 00:00:00,SERV,7.5
1998-03-19 00:00:00,SERV,7.5
1998-03-20 00:00:00,SERV,7.5
1998-05-06 00:00:00,SERV,7.5
1998-05-08 00:00:00,SERV,6.5
1998-05-14 00:00:00,SERV,7
1998-05-19 00:00:00,SERV,7
1998-05-22 00:00:00,SERV,7
1998-05-27 00:00:00,SERV,7
1998-06-05 00:00:00,SERV,7
1998-06-11 00:00:00,SERV,7
1998-06-15 00:00:00,SERV,6
1998-06-16 00:00:00,SERV,6.25
1998-07-20 00:00:00,SERV,6.25
1998-07-27 00:00:00,SERV,6.5
1998-08-18 00:00:00,SERV,6.5
1998-08-26 00:00:00,SERV,6
1998-09-01 00:00:00,SERV,6
1998-09-02 00:00:00,SERV,6
1998-09-07 00:00:00,SERV,5
1998-09-10 00:00:00,SERV,7
1998-09-21 00:00:00,SERV,7.5
1998-09-29 00:00:00,SERV,7
1998-09-30 00:00:00,SERV,7
1998-10-06 00:00:00,SERV,7.5
1998-10-15 00:00:00,SERV,8
1998-10-16 00:00:00,SERV,9
1998-10-19 00:00:00,SERV,7.75
1998-10-20 00:00:00,SERV,8
1998-10-21 00:00:00,SERV,9
1998-10-23 00:00:00,SERV,9.25
1998-10-26 00:00:00,SERV,9.25
1998-11-11 00:00:00,SERV,9
1998-11-12 00:00:00,SERV,9
1998-11-16 00:00:00,SERV,9.5
1998-11-17 00:00:00,SERV,9.5
1998-11-18 00:00:00,SERV,10
1998-11-24 00:00:00,SERV,10
1998-11-26 00:00:00,SERV,10
1998-12-02 00:00:00,SERV,10
1998-12-07 00:00:00,SERV,10
1998-12-08 00:00:00,SERV,10
1998-12-15 00:00:00,SERV,10
1998-12-23 00:00:00,SERV,10.5
1998-12-31 00:00:00,SERV,10
1998-01-02 00:00:00,SEYB,24
1998-01-05 00:00:00,SEYB,24
1998-01-06 00:00:00,SEYB,23.75
1998-01-07 00:00:00,SEYB,24
1998-01-08 00:00:00,SEYB,24
1998-01-09 00:00:00,SEYB,23
1998-01-13 00:00:00,SEYB,23
1998-01-15 00:00:00,SEYB,22.75
1998-01-16 00:00:00,SEYB,22.75
1998-01-19 00:00:00,SEYB,22.25
1998-01-20 00:00:00,SEYB,22
1998-01-21 00:00:00,SEYB,22
1998-01-22 00:00:00,SEYB,21.75
1998-01-23 00:00:00,SEYB,21.5
1998-01-26 00:00:00,SEYB,20
1998-01-27 00:00:00,SEYB,20.25
1998-01-29 00:00:00,SEYB,21
1998-01-30 00:00:00,SEYB,21
1998-02-02 00:00:00,SEYB,21
1998-02-03 00:00:00,SEYB,21.5
1998-02-06 00:00:00,SEYB,21.75
1998-02-09 00:00:00,SEYB,21.25
1998-02-11 00:00:00,SEYB,21.25
1998-02-12 00:00:00,SEYB,21.25
1998-02-13 00:00:00,SEYB,21.25
1998-02-16 00:00:00,SEYB,21.25
1998-02-17 00:00:00,SEYB,21.75
1998-02-18 00:00:00,SEYB,21.75
1998-02-19 00:00:00,SEYB,21.5
1998-02-20 00:00:00,SEYB,21.5
1998-02-23 00:00:00,SEYB,21
1998-02-24 00:00:00,SEYB,21
1998-02-25 00:00:00,SEYB,20.75
1998-02-26 00:00:00,SEYB,21
1998-02-27 00:00:00,SEYB,20.75
1998-03-02 00:00:00,SEYB,21
1998-03-03 00:00:00,SEYB,20.5
1998-03-04 00:00:00,SEYB,20.75
1998-03-05 00:00:00,SEYB,20.75
1998-03-06 00:00:00,SEYB,21
1998-03-09 00:00:00,SEYB,20.5
1998-03-10 00:00:00,SEYB,20.25
1998-03-11 00:00:00,SEYB,20.5
1998-03-13 00:00:00,SEYB,20.5
1998-03-16 00:00:00,SEYB,21
1998-03-17 00:00:00,SEYB,20.75
1998-03-18 00:00:00,SEYB,21
1998-03-19 00:00:00,SEYB,20.75
1998-03-20 00:00:00,SEYB,20.5
1998-03-23 00:00:00,SEYB,21
1998-03-24 00:00:00,SEYB,20.25
1998-03-25 00:00:00,SEYB,20.75
1998-03-26 00:00:00,SEYB,20.5
1998-03-27 00:00:00,SEYB,20
1998-03-30 00:00:00,SEYB,20
1998-03-31 00:00:00,SEYB,20
1998-04-01 00:00:00,SEYB,20.25
1998-04-02 00:00:00,SEYB,20
1998-04-03 00:00:00,SEYB,19.75
1998-04-06 00:00:00,SEYB,20
1998-04-07 00:00:00,SEYB,20.25
1998-04-08 00:00:00,SEYB,20.5
1998-04-09 00:00:00,SEYB,20.75
1998-04-15 00:00:00,SEYB,20.75
1998-04-16 00:00:00,SEYB,20.75
1998-04-17 00:00:00,SEYB,22
1998-04-20 00:00:00,SEYB,21.75
1998-04-21 00:00:00,SEYB,21.5
1998-04-22 00:00:00,SEYB,22
1998-04-23 00:00:00,SEYB,22.25
1998-04-24 00:00:00,SEYB,22
1998-04-27 00:00:00,SEYB,21.75
1998-04-28 00:00:00,SEYB,22
1998-04-29 00:00:00,SEYB,21.75
1998-04-30 00:00:00,SEYB,21.75
1998-05-04 00:00:00,SEYB,21.75
1998-05-05 00:00:00,SEYB,21.5
1998-05-06 00:00:00,SEYB,21.25
1998-05-07 00:00:00,SEYB,21.75
1998-05-08 00:00:00,SEYB,22
1998-05-13 00:00:00,SEYB,22
1998-05-14 00:00:00,SEYB,21.5
1998-05-15 00:00:00,SEYB,20
1998-05-18 00:00:00,SEYB,20.25
1998-05-19 00:00:00,SEYB,20.25
1998-05-20 00:00:00,SEYB,19
1998-05-21 00:00:00,SEYB,19
1998-05-22 00:00:00,SEYB,19.25
1998-05-25 00:00:00,SEYB,19.5
1998-05-26 00:00:00,SEYB,19
1998-05-27 00:00:00,SEYB,18.75
1998-05-28 00:00:00,SEYB,18.75
1998-05-29 00:00:00,SEYB,18.5
1998-06-01 00:00:00,SEYB,18.5
1998-06-02 00:00:00,SEYB,18.5
1998-06-03 00:00:00,SEYB,18
1998-06-04 00:00:00,SEYB,18
1998-06-05 00:00:00,SEYB,18
1998-06-08 00:00:00,SEYB,18
1998-06-10 00:00:00,SEYB,18
1998-06-11 00:00:00,SEYB,18
1998-06-12 00:00:00,SEYB,17.75
1998-06-15 00:00:00,SEYB,17.25
1998-06-16 00:00:00,SEYB,17
1998-06-17 00:00:00,SEYB,17
1998-06-19 00:00:00,SEYB,17.75
1998-06-22 00:00:00,SEYB,17
1998-06-23 00:00:00,SEYB,17
1998-06-24 00:00:00,SEYB,17
1998-06-25 00:00:00,SEYB,17.75
1998-06-26 00:00:00,SEYB,17
1998-06-29 00:00:00,SEYB,17.25
1998-06-30 00:00:00,SEYB,17.25
1998-07-01 00:00:00,SEYB,17
1998-07-02 00:00:00,SEYB,17
1998-07-03 00:00:00,SEYB,16
1998-07-06 00:00:00,SEYB,16.25
1998-07-10 00:00:00,SEYB,17
1998-07-13 00:00:00,SEYB,16.25
1998-07-14 00:00:00,SEYB,17.25
1998-07-15 00:00:00,SEYB,17
1998-07-16 00:00:00,SEYB,17.5
1998-07-17 00:00:00,SEYB,18
1998-07-20 00:00:00,SEYB,19.75
1998-07-21 00:00:00,SEYB,19
1998-07-22 00:00:00,SEYB,18.5
1998-07-23 00:00:00,SEYB,18.5
1998-07-24 00:00:00,SEYB,18.5
1998-07-27 00:00:00,SEYB,18.5
1998-07-28 00:00:00,SEYB,18.5
1998-07-29 00:00:00,SEYB,18
1998-07-30 00:00:00,SEYB,18.25
1998-07-31 00:00:00,SEYB,18.5
1998-08-03 00:00:00,SEYB,18
1998-08-04 00:00:00,SEYB,17.5
1998-08-05 00:00:00,SEYB,18
1998-08-06 00:00:00,SEYB,17.5
1998-08-10 00:00:00,SEYB,17.5
1998-08-11 00:00:00,SEYB,17.25
1998-08-12 00:00:00,SEYB,17
1998-08-13 00:00:00,SEYB,18
1998-08-14 00:00:00,SEYB,16
1998-08-17 00:00:00,SEYB,16.5
1998-08-18 00:00:00,SEYB,16.5
1998-08-19 00:00:00,SEYB,16
1998-08-20 00:00:00,SEYB,16.25
1998-08-21 00:00:00,SEYB,16.25
1998-08-24 00:00:00,SEYB,15.5
1998-08-25 00:00:00,SEYB,14.5
1998-08-26 00:00:00,SEYB,14.5
1998-08-27 00:00:00,SEYB,15
1998-08-28 00:00:00,SEYB,14.75
1998-08-31 00:00:00,SEYB,14.5
1998-09-01 00:00:00,SEYB,14.25
1998-09-02 00:00:00,SEYB,14
1998-09-03 00:00:00,SEYB,13.75
1998-09-04 00:00:00,SEYB,14.5
1998-09-07 00:00:00,SEYB,14.5
1998-09-08 00:00:00,SEYB,14.5
1998-09-09 00:00:00,SEYB,15.25
1998-09-10 00:00:00,SEYB,16
1998-09-11 00:00:00,SEYB,16.25
1998-09-14 00:00:00,SEYB,16.75
1998-09-15 00:00:00,SEYB,17.5
1998-09-16 00:00:00,SEYB,18
1998-09-17 00:00:00,SEYB,17
1998-09-18 00:00:00,SEYB,16.5
1998-09-21 00:00:00,SEYB,16.5
1998-09-22 00:00:00,SEYB,16.75
1998-09-23 00:00:00,SEYB,17
1998-09-24 00:00:00,SEYB,18
1998-09-25 00:00:00,SEYB,17.5
1998-09-28 00:00:00,SEYB,17.5
1998-09-29 00:00:00,SEYB,17.5
1998-09-30 00:00:00,SEYB,17
1998-10-01 00:00:00,SEYB,17
1998-10-02 00:00:00,SEYB,17.25
1998-10-06 00:00:00,SEYB,17
1998-10-07 00:00:00,SEYB,17
1998-10-08 00:00:00,SEYB,17
1998-10-09 00:00:00,SEYB,16.5
1998-10-12 00:00:00,SEYB,16.5
1998-10-13 00:00:00,SEYB,16.5
1998-10-14 00:00:00,SEYB,16.25
1998-10-15 00:00:00,SEYB,16
1998-10-16 00:00:00,SEYB,16.25
1998-10-19 00:00:00,SEYB,16.25
1998-10-20 00:00:00,SEYB,17
1998-10-21 00:00:00,SEYB,16.75
1998-10-22 00:00:00,SEYB,16.25
1998-10-23 00:00:00,SEYB,16.25
1998-10-26 00:00:00,SEYB,16
1998-10-27 00:00:00,SEYB,16.5
1998-10-28 00:00:00,SEYB,16
1998-10-30 00:00:00,SEYB,16
1998-11-02 00:00:00,SEYB,15.75
1998-11-04 00:00:00,SEYB,15.75
1998-11-05 00:00:00,SEYB,15.75
1998-11-06 00:00:00,SEYB,16
1998-11-09 00:00:00,SEYB,16
1998-11-10 00:00:00,SEYB,15.5
1998-11-11 00:00:00,SEYB,15.75
1998-11-12 00:00:00,SEYB,16
1998-11-13 00:00:00,SEYB,16
1998-11-16 00:00:00,SEYB,16.5
1998-11-17 00:00:00,SEYB,16
1998-11-18 00:00:00,SEYB,15.5
1998-11-19 00:00:00,SEYB,15.5
1998-11-20 00:00:00,SEYB,15.25
1998-11-23 00:00:00,SEYB,15.5
1998-11-24 00:00:00,SEYB,15
1998-11-25 00:00:00,SEYB,15.5
1998-11-26 00:00:00,SEYB,15.25
1998-11-27 00:00:00,SEYB,15.5
1998-11-30 00:00:00,SEYB,15.75
1998-12-01 00:00:00,SEYB,15.75
1998-12-02 00:00:00,SEYB,15.25
1998-12-04 00:00:00,SEYB,15.5
1998-12-07 00:00:00,SEYB,15.25
1998-12-08 00:00:00,SEYB,15
1998-12-09 00:00:00,SEYB,15
1998-12-10 00:00:00,SEYB,14.25
1998-12-11 00:00:00,SEYB,14.5
1998-12-14 00:00:00,SEYB,15
1998-12-15 00:00:00,SEYB,15
1998-12-16 00:00:00,SEYB,15
1998-12-17 00:00:00,SEYB,15
1998-12-18 00:00:00,SEYB,15
1998-12-21 00:00:00,SEYB,15
1998-12-22 00:00:00,SEYB,15
1998-12-23 00:00:00,SEYB,15.25
1998-12-24 00:00:00,SEYB,15
1998-12-28 00:00:00,SEYB,15.25
1998-12-29 00:00:00,SEYB,15
1998-12-30 00:00:00,SEYB,15
1998-12-31 00:00:00,SEYB,15.25
1998-01-05 00:00:00,SHAW,31
1998-01-08 00:00:00,SHAW,26
1998-01-13 00:00:00,SHAW,26
1998-02-06 00:00:00,SHAW,23
1998-02-12 00:00:00,SHAW,23
1998-02-17 00:00:00,SHAW,28
1998-02-23 00:00:00,SHAW,28
1998-02-24 00:00:00,SHAW,30
1998-02-25 00:00:00,SHAW,28.5
1998-03-02 00:00:00,SHAW,30
1998-03-05 00:00:00,SHAW,30
1998-03-09 00:00:00,SHAW,29
1998-03-10 00:00:00,SHAW,29
1998-03-17 00:00:00,SHAW,29
1998-03-18 00:00:00,SHAW,29
1998-03-19 00:00:00,SHAW,29
1998-03-23 00:00:00,SHAW,29
1998-03-30 00:00:00,SHAW,29
1998-04-01 00:00:00,SHAW,29.25
1998-04-02 00:00:00,SHAW,29
1998-04-06 00:00:00,SHAW,29
1998-04-07 00:00:00,SHAW,29.25
1998-04-15 00:00:00,SHAW,29.5
1998-04-17 00:00:00,SHAW,29.5
1998-04-20 00:00:00,SHAW,30
1998-04-21 00:00:00,SHAW,30.5
1998-04-22 00:00:00,SHAW,30
1998-04-23 00:00:00,SHAW,30
1998-04-24 00:00:00,SHAW,29.5
1998-04-27 00:00:00,SHAW,30
1998-04-30 00:00:00,SHAW,29
1998-05-04 00:00:00,SHAW,29
1998-05-05 00:00:00,SHAW,29.5
1998-05-06 00:00:00,SHAW,30
1998-05-07 00:00:00,SHAW,30.5
1998-05-08 00:00:00,SHAW,30
1998-05-14 00:00:00,SHAW,29.5
1998-05-19 00:00:00,SHAW,30
1998-05-20 00:00:00,SHAW,30.75
1998-05-22 00:00:00,SHAW,30.25
1998-05-25 00:00:00,SHAW,31
1998-05-26 00:00:00,SHAW,31
1998-05-27 00:00:00,SHAW,30
1998-05-29 00:00:00,SHAW,30
1998-06-02 00:00:00,SHAW,30
1998-06-04 00:00:00,SHAW,29.5
1998-06-05 00:00:00,SHAW,28
1998-06-08 00:00:00,SHAW,25
1998-06-12 00:00:00,SHAW,26
1998-06-15 00:00:00,SHAW,25.5
1998-06-16 00:00:00,SHAW,24.5
1998-06-17 00:00:00,SHAW,25
1998-06-19 00:00:00,SHAW,25.25
1998-06-24 00:00:00,SHAW,25
1998-06-25 00:00:00,SHAW,24
1998-07-03 00:00:00,SHAW,24
1998-07-28 00:00:00,SHAW,24.25
1998-08-21 00:00:00,SHAW,23.75
1998-08-28 00:00:00,SHAW,23.75
1998-08-31 00:00:00,SHAW,22
1998-09-08 00:00:00,SHAW,22
1998-09-10 00:00:00,SHAW,19.5
1998-09-11 00:00:00,SHAW,19.75
1998-09-15 00:00:00,SHAW,19.75
1998-09-16 00:00:00,SHAW,19.75
1998-09-18 00:00:00,SHAW,19.75
1998-09-25 00:00:00,SHAW,21
1998-09-29 00:00:00,SHAW,21
1998-09-30 00:00:00,SHAW,21.5
1998-10-01 00:00:00,SHAW,28
1998-10-02 00:00:00,SHAW,25
1998-10-06 00:00:00,SHAW,25.25
1998-10-07 00:00:00,SHAW,26
1998-10-23 00:00:00,SHAW,27
1998-10-30 00:00:00,SHAW,26
1998-11-04 00:00:00,SHAW,26
1998-11-06 00:00:00,SHAW,25
1998-11-11 00:00:00,SHAW,25
1998-11-17 00:00:00,SHAW,25
1998-11-18 00:00:00,SHAW,25
1998-11-23 00:00:00,SHAW,26
1998-11-24 00:00:00,SHAW,24.75
1998-11-25 00:00:00,SHAW,24.5
1998-11-27 00:00:00,SHAW,26
1998-11-30 00:00:00,SHAW,25
1998-12-01 00:00:00,SHAW,26
1998-12-07 00:00:00,SHAW,25.5
1998-12-08 00:00:00,SHAW,25
1998-12-09 00:00:00,SHAW,24.75
1998-12-17 00:00:00,SHAW,24.75
1998-12-21 00:00:00,SHAW,24.75
1998-12-22 00:00:00,SHAW,25
1998-12-23 00:00:00,SHAW,26
1998-12-31 00:00:00,SHAW,29.5
1998-03-11 00:00:00,SHOT,16.25
1998-03-17 00:00:00,SHOT,16.25
1998-03-23 00:00:00,SHOT,16.25
1998-04-03 00:00:00,SHOT,16.25
1998-04-07 00:00:00,SHOT,16.25
1998-04-17 00:00:00,SHOT,16.25
1998-04-23 00:00:00,SHOT,16.25
1998-05-28 00:00:00,SHOT,16
1998-06-02 00:00:00,SHOT,15.5
1998-06-03 00:00:00,SHOT,15.75
1998-06-04 00:00:00,SHOT,16
1998-06-11 00:00:00,SHOT,16
1998-07-20 00:00:00,SHOT,15
1998-07-24 00:00:00,SHOT,15
1998-07-31 00:00:00,SHOT,15
1998-08-14 00:00:00,SHOT,14
1998-09-14 00:00:00,SHOT,14
1998-09-15 00:00:00,SHOT,15
1998-09-17 00:00:00,SHOT,15
1998-09-29 00:00:00,SHOT,14.5
1998-10-07 00:00:00,SHOT,15
1998-10-09 00:00:00,SHOT,15.25
1998-10-21 00:00:00,SHOT,15.5
1998-10-26 00:00:00,SHOT,16
1998-12-15 00:00:00,SHOT,16.5
1998-03-23 00:00:00,SIDL,6
1998-04-24 00:00:00,SIDL,6
1998-05-08 00:00:00,SIDL,5.5
1998-05-26 00:00:00,SIDL,5.25
1998-03-20 00:00:00,SIGV,67
1998-01-08 00:00:00,SIL,35
1998-01-20 00:00:00,SIL,34
1998-01-21 00:00:00,SIL,34
1998-01-22 00:00:00,SIL,33
1998-01-23 00:00:00,SIL,32
1998-01-27 00:00:00,SIL,30
1998-02-11 00:00:00,SIL,30
1998-04-22 00:00:00,SIL,30
1998-04-27 00:00:00,SIL,30
1998-04-28 00:00:00,SIL,29
1998-05-25 00:00:00,SIL,29
1998-06-03 00:00:00,SIL,28
1998-06-10 00:00:00,SIL,28
1998-08-05 00:00:00,SIL,22
1998-08-25 00:00:00,SIL,22
1998-10-06 00:00:00,SIL,15
1998-10-07 00:00:00,SIL,15
1998-10-27 00:00:00,SIL,13
1998-10-28 00:00:00,SIL,13
1998-11-09 00:00:00,SIL,13
1998-11-18 00:00:00,SIL,13
1998-11-26 00:00:00,SIL,13.25
1998-01-08 00:00:00,SING,12
1998-01-21 00:00:00,SING,12
1998-03-20 00:00:00,SING,12
1998-07-15 00:00:00,SING,6
1998-09-08 00:00:00,SING,6
1998-12-01 00:00:00,SING,5
1998-12-23 00:00:00,SING,5
1998-01-05 00:00:00,SINI,21.5
1998-01-13 00:00:00,SINI,21.25
1998-01-23 00:00:00,SINI,21.25
1998-01-26 00:00:00,SINI,21
1998-01-27 00:00:00,SINI,20
1998-01-30 00:00:00,SINI,20
1998-02-02 00:00:00,SINI,21
1998-02-12 00:00:00,SINI,20.5
1998-02-16 00:00:00,SINI,21
1998-02-23 00:00:00,SINI,21
1998-02-24 00:00:00,SINI,21
1998-03-09 00:00:00,SINI,21
1998-03-17 00:00:00,SINI,21
1998-03-23 00:00:00,SINI,21.5
1998-04-02 00:00:00,SINI,21
1998-04-03 00:00:00,SINI,20.5
1998-04-07 00:00:00,SINI,21.5
1998-04-27 00:00:00,SINI,21.5
1998-06-05 00:00:00,SINI,20.25
1998-07-01 00:00:00,SINI,20
1998-07-10 00:00:00,SINI,20.5
1998-07-28 00:00:00,SINI,20
1998-07-29 00:00:00,SINI,20
1998-08-12 00:00:00,SINI,20
1998-08-13 00:00:00,SINI,20
1998-08-14 00:00:00,SINI,18.25
1998-08-25 00:00:00,SINI,19
1998-09-01 00:00:00,SINI,19.25
1998-09-15 00:00:00,SINI,19.25
1998-09-16 00:00:00,SINI,19
1998-09-17 00:00:00,SINI,18
1998-09-21 00:00:00,SINI,19
1998-10-16 00:00:00,SINI,19
1998-10-28 00:00:00,SINI,19
1998-12-15 00:00:00,SINI,19.5
1998-12-22 00:00:00,SINI,19.5
1998-02-25 00:00:00,SINN,9.75
1998-03-20 00:00:00,SINN,9.75
1998-06-17 00:00:00,SINN,9.75
1998-01-02 00:00:00,SINS,51.25
1998-01-05 00:00:00,SINS,51.5
1998-01-07 00:00:00,SINS,52
1998-01-08 00:00:00,SINS,53
1998-01-09 00:00:00,SINS,53
1998-01-13 00:00:00,SINS,52
1998-01-15 00:00:00,SINS,52
1998-01-16 00:00:00,SINS,52
1998-01-19 00:00:00,SINS,52
1998-01-20 00:00:00,SINS,51
1998-01-22 00:00:00,SINS,51
1998-01-26 00:00:00,SINS,50
1998-01-28 00:00:00,SINS,50
1998-01-29 00:00:00,SINS,49.5
1998-02-06 00:00:00,SINS,49
1998-02-12 00:00:00,SINS,49
1998-02-13 00:00:00,SINS,49
1998-02-16 00:00:00,SINS,49
1998-02-19 00:00:00,SINS,50
1998-02-23 00:00:00,SINS,50.25
1998-02-25 00:00:00,SINS,50
1998-03-02 00:00:00,SINS,50.5
1998-03-10 00:00:00,SINS,50
1998-03-11 00:00:00,SINS,50
1998-03-13 00:00:00,SINS,50
1998-03-17 00:00:00,SINS,50
1998-03-18 00:00:00,SINS,50
1998-03-19 00:00:00,SINS,50
1998-03-20 00:00:00,SINS,50
1998-03-23 00:00:00,SINS,50
1998-03-27 00:00:00,SINS,50
1998-03-30 00:00:00,SINS,50
1998-04-01 00:00:00,SINS,50
1998-04-03 00:00:00,SINS,49.75
1998-04-06 00:00:00,SINS,50
1998-04-15 00:00:00,SINS,49
1998-04-17 00:00:00,SINS,49
1998-04-20 00:00:00,SINS,49
1998-04-22 00:00:00,SINS,49.25
1998-04-23 00:00:00,SINS,50
1998-04-24 00:00:00,SINS,52.75
1998-05-06 00:00:00,SINS,52
1998-05-18 00:00:00,SINS,50
1998-05-19 00:00:00,SINS,45
1998-05-20 00:00:00,SINS,45
1998-05-27 00:00:00,SINS,45
1998-05-28 00:00:00,SINS,45
1998-05-29 00:00:00,SINS,45
1998-06-01 00:00:00,SINS,40
1998-06-02 00:00:00,SINS,45
1998-06-03 00:00:00,SINS,45
1998-06-04 00:00:00,SINS,45
1998-06-10 00:00:00,SINS,42.5
1998-06-15 00:00:00,SINS,40
1998-06-16 00:00:00,SINS,40
1998-06-17 00:00:00,SINS,40
1998-06-18 00:00:00,SINS,40
1998-06-19 00:00:00,SINS,40
1998-06-22 00:00:00,SINS,40
1998-06-23 00:00:00,SINS,40
1998-06-24 00:00:00,SINS,40
1998-06-26 00:00:00,SINS,40
1998-06-29 00:00:00,SINS,40.25
1998-07-01 00:00:00,SINS,39
1998-07-06 00:00:00,SINS,40
1998-07-13 00:00:00,SINS,40
1998-07-14 00:00:00,SINS,40
1998-07-17 00:00:00,SINS,40.5
1998-07-23 00:00:00,SINS,41
1998-07-24 00:00:00,SINS,40
1998-07-30 00:00:00,SINS,48.5
1998-07-31 00:00:00,SINS,49
1998-08-03 00:00:00,SINS,48
1998-08-04 00:00:00,SINS,47
1998-08-05 00:00:00,SINS,47.5
1998-08-10 00:00:00,SINS,48
1998-08-12 00:00:00,SINS,47.5
1998-08-20 00:00:00,SINS,45
1998-08-21 00:00:00,SINS,45
1998-08-24 00:00:00,SINS,44
1998-08-25 00:00:00,SINS,35
1998-08-26 00:00:00,SINS,41
1998-08-27 00:00:00,SINS,43.25
1998-08-28 00:00:00,SINS,42
1998-08-31 00:00:00,SINS,42
1998-09-01 00:00:00,SINS,41.25
1998-09-02 00:00:00,SINS,40
1998-09-03 00:00:00,SINS,41.25
1998-09-07 00:00:00,SINS,42
1998-09-08 00:00:00,SINS,44
1998-09-09 00:00:00,SINS,47
1998-09-10 00:00:00,SINS,47.5
1998-09-14 00:00:00,SINS,48
1998-09-15 00:00:00,SINS,47.5
1998-09-16 00:00:00,SINS,47.5
1998-09-17 00:00:00,SINS,47.5
1998-09-18 00:00:00,SINS,47
1998-09-21 00:00:00,SINS,45.5
1998-09-25 00:00:00,SINS,46
1998-09-28 00:00:00,SINS,48
1998-09-29 00:00:00,SINS,48
1998-09-30 00:00:00,SINS,48
1998-10-01 00:00:00,SINS,48
1998-10-02 00:00:00,SINS,48
1998-10-06 00:00:00,SINS,48
1998-10-07 00:00:00,SINS,48
1998-10-08 00:00:00,SINS,48
1998-10-09 00:00:00,SINS,48.25
1998-10-12 00:00:00,SINS,41
1998-10-15 00:00:00,SINS,37
1998-10-27 00:00:00,SINS,37.25
1998-10-28 00:00:00,SINS,37.25
1998-11-04 00:00:00,SINS,39
1998-11-06 00:00:00,SINS,42
1998-11-09 00:00:00,SINS,42
1998-11-10 00:00:00,SINS,42
1998-11-11 00:00:00,SINS,42
1998-11-12 00:00:00,SINS,42.5
1998-11-13 00:00:00,SINS,43
1998-11-17 00:00:00,SINS,43
1998-11-18 00:00:00,SINS,44
1998-11-19 00:00:00,SINS,43.25
1998-11-23 00:00:00,SINS,46
1998-11-25 00:00:00,SINS,46
1998-11-27 00:00:00,SINS,45.5
1998-12-01 00:00:00,SINS,45
1998-12-02 00:00:00,SINS,45
1998-12-07 00:00:00,SINS,45.5
1998-12-08 00:00:00,SINS,45
1998-12-10 00:00:00,SINS,44
1998-12-11 00:00:00,SINS,41.25
1998-12-14 00:00:00,SINS,43
1998-12-15 00:00:00,SINS,43.25
1998-12-16 00:00:00,SINS,43.5
1998-12-18 00:00:00,SINS,43.5
1998-12-21 00:00:00,SINS,43.75
1998-12-22 00:00:00,SINS,44
1998-12-23 00:00:00,SINS,44.25
1998-12-28 00:00:00,SINS,44.5
1998-02-16 00:00:00,SLND,90
1998-02-17 00:00:00,SLND,90
1998-03-06 00:00:00,SLND,90
1998-03-11 00:00:00,SLND,90
1998-03-19 00:00:00,SLND,90
1998-01-08 00:00:00,SMOT,48
1998-01-13 00:00:00,SMOT,47
1998-01-22 00:00:00,SMOT,46
1998-01-27 00:00:00,SMOT,46
1998-02-02 00:00:00,SMOT,35
1998-02-03 00:00:00,SMOT,35.5
1998-02-06 00:00:00,SMOT,37
1998-02-09 00:00:00,SMOT,38
1998-02-11 00:00:00,SMOT,37.25
1998-02-13 00:00:00,SMOT,40
1998-02-17 00:00:00,SMOT,42
1998-02-18 00:00:00,SMOT,42
1998-02-19 00:00:00,SMOT,42
1998-02-20 00:00:00,SMOT,45
1998-02-23 00:00:00,SMOT,42
1998-02-24 00:00:00,SMOT,46
1998-02-25 00:00:00,SMOT,46
1998-02-26 00:00:00,SMOT,46
1998-03-03 00:00:00,SMOT,46
1998-03-04 00:00:00,SMOT,43
1998-03-11 00:00:00,SMOT,40
1998-03-16 00:00:00,SMOT,40
1998-03-31 00:00:00,SMOT,44
1998-04-01 00:00:00,SMOT,43
1998-04-17 00:00:00,SMOT,46
1998-04-21 00:00:00,SMOT,48
1998-04-22 00:00:00,SMOT,48
1998-04-23 00:00:00,SMOT,51
1998-04-24 00:00:00,SMOT,51
1998-04-27 00:00:00,SMOT,48.25
1998-04-28 00:00:00,SMOT,48.25
1998-04-30 00:00:00,SMOT,48.25
1998-05-05 00:00:00,SMOT,47.5
1998-05-06 00:00:00,SMOT,47
1998-05-14 00:00:00,SMOT,45
1998-05-15 00:00:00,SMOT,45
1998-05-26 00:00:00,SMOT,44
1998-05-27 00:00:00,SMOT,44
1998-05-28 00:00:00,SMOT,44
1998-05-29 00:00:00,SMOT,38
1998-06-08 00:00:00,SMOT,41
1998-06-10 00:00:00,SMOT,41
1998-06-11 00:00:00,SMOT,41
1998-06-16 00:00:00,SMOT,40
1998-06-19 00:00:00,SMOT,37
1998-06-25 00:00:00,SMOT,37
1998-07-01 00:00:00,SMOT,38
1998-07-03 00:00:00,SMOT,37.75
1998-07-13 00:00:00,SMOT,38
1998-07-14 00:00:00,SMOT,38
1998-07-16 00:00:00,SMOT,38
1998-07-17 00:00:00,SMOT,38
1998-07-21 00:00:00,SMOT,37
1998-07-28 00:00:00,SMOT,36.25
1998-07-30 00:00:00,SMOT,37
1998-08-05 00:00:00,SMOT,35
1998-08-06 00:00:00,SMOT,35
1998-08-10 00:00:00,SMOT,34
1998-08-12 00:00:00,SMOT,34
1998-08-14 00:00:00,SMOT,34
1998-08-18 00:00:00,SMOT,30.25
1998-08-20 00:00:00,SMOT,30.25
1998-08-21 00:00:00,SMOT,31
1998-08-27 00:00:00,SMOT,32
1998-08-28 00:00:00,SMOT,30
1998-08-31 00:00:00,SMOT,30
1998-09-01 00:00:00,SMOT,30
1998-09-03 00:00:00,SMOT,30
1998-09-04 00:00:00,SMOT,30
1998-09-07 00:00:00,SMOT,30
1998-09-09 00:00:00,SMOT,30
1998-09-10 00:00:00,SMOT,30
1998-09-11 00:00:00,SMOT,30
1998-09-14 00:00:00,SMOT,30.25
1998-09-17 00:00:00,SMOT,36.5
1998-09-18 00:00:00,SMOT,40
1998-09-22 00:00:00,SMOT,39
1998-09-23 00:00:00,SMOT,39
1998-09-24 00:00:00,SMOT,40
1998-09-25 00:00:00,SMOT,41
1998-09-28 00:00:00,SMOT,42
1998-09-29 00:00:00,SMOT,42
1998-09-30 00:00:00,SMOT,41.5
1998-10-01 00:00:00,SMOT,42
1998-10-02 00:00:00,SMOT,39
1998-10-06 00:00:00,SMOT,33.5
1998-10-07 00:00:00,SMOT,35
1998-10-09 00:00:00,SMOT,35
1998-10-14 00:00:00,SMOT,37
1998-10-15 00:00:00,SMOT,35
1998-10-16 00:00:00,SMOT,37
1998-10-19 00:00:00,SMOT,39
1998-10-20 00:00:00,SMOT,41
1998-10-23 00:00:00,SMOT,41
1998-10-27 00:00:00,SMOT,42
1998-10-29 00:00:00,SMOT,42
1998-11-02 00:00:00,SMOT,42
1998-11-04 00:00:00,SMOT,43
1998-11-05 00:00:00,SMOT,42
1998-11-06 00:00:00,SMOT,44
1998-11-09 00:00:00,SMOT,46
1998-11-10 00:00:00,SMOT,44
1998-11-11 00:00:00,SMOT,44.5
1998-11-12 00:00:00,SMOT,44.5
1998-11-13 00:00:00,SMOT,44
1998-11-16 00:00:00,SMOT,46
1998-11-17 00:00:00,SMOT,48
1998-11-18 00:00:00,SMOT,48.5
1998-11-19 00:00:00,SMOT,49.5
1998-11-20 00:00:00,SMOT,53
1998-11-23 00:00:00,SMOT,53.25
1998-11-24 00:00:00,SMOT,55.25
1998-11-25 00:00:00,SMOT,58
1998-11-26 00:00:00,SMOT,55.5
1998-11-27 00:00:00,SMOT,55
1998-11-30 00:00:00,SMOT,60
1998-12-01 00:00:00,SMOT,64
1998-12-02 00:00:00,SMOT,67.5
1998-12-04 00:00:00,SMOT,65
1998-12-07 00:00:00,SMOT,67.5
1998-12-11 00:00:00,SMOT,60
1998-12-15 00:00:00,SMOT,60
1998-12-16 00:00:00,SMOT,60
1998-12-17 00:00:00,SMOT,60
1998-12-18 00:00:00,SMOT,61
1998-12-23 00:00:00,SMOT,65
1998-12-29 00:00:00,SMOT,64
1998-01-08 00:00:00,SOY,8
1998-01-09 00:00:00,SOY,8
1998-02-03 00:00:00,SOY,8
1998-02-13 00:00:00,SOY,8
1998-02-19 00:00:00,SOY,7.5
1998-02-24 00:00:00,SOY,7
1998-02-27 00:00:00,SOY,7
1998-03-03 00:00:00,SOY,7.5
1998-03-04 00:00:00,SOY,7.5
1998-03-05 00:00:00,SOY,7.5
1998-03-06 00:00:00,SOY,7.5
1998-03-10 00:00:00,SOY,7.5
1998-03-11 00:00:00,SOY,7.5
1998-03-13 00:00:00,SOY,6
1998-03-16 00:00:00,SOY,7.5
1998-03-19 00:00:00,SOY,7.5
1998-04-03 00:00:00,SOY,6.5
1998-04-07 00:00:00,SOY,6.5
1998-04-20 00:00:00,SOY,6.25
1998-04-21 00:00:00,SOY,6
1998-04-23 00:00:00,SOY,6.75
1998-04-24 00:00:00,SOY,7
1998-04-29 00:00:00,SOY,7
1998-05-04 00:00:00,SOY,6.5
1998-05-07 00:00:00,SOY,6.5
1998-05-13 00:00:00,SOY,6.5
1998-05-14 00:00:00,SOY,6.5
1998-05-19 00:00:00,SOY,6.5
1998-05-20 00:00:00,SOY,6.5
1998-05-21 00:00:00,SOY,7
1998-05-22 00:00:00,SOY,7
1998-05-27 00:00:00,SOY,7.5
1998-05-28 00:00:00,SOY,6.5
1998-05-29 00:00:00,SOY,6.5
1998-06-10 00:00:00,SOY,7.5
1998-06-15 00:00:00,SOY,7
1998-06-16 00:00:00,SOY,6.5
1998-06-22 00:00:00,SOY,6.5
1998-06-25 00:00:00,SOY,6.5
1998-07-01 00:00:00,SOY,7.25
1998-07-02 00:00:00,SOY,7.75
1998-07-16 00:00:00,SOY,7.5
1998-07-20 00:00:00,SOY,7.75
1998-07-24 00:00:00,SOY,8
1998-08-04 00:00:00,SOY,7.75
1998-08-24 00:00:00,SOY,6.5
1998-08-27 00:00:00,SOY,6.5
1998-09-09 00:00:00,SOY,6
1998-09-14 00:00:00,SOY,6
1998-09-15 00:00:00,SOY,6
1998-09-16 00:00:00,SOY,6
1998-09-17 00:00:00,SOY,6
1998-09-18 00:00:00,SOY,6
1998-09-22 00:00:00,SOY,5
1998-09-23 00:00:00,SOY,6
1998-09-24 00:00:00,SOY,6.25
1998-09-29 00:00:00,SOY,6
1998-09-30 00:00:00,SOY,6
1998-10-01 00:00:00,SOY,6.5
1998-10-06 00:00:00,SOY,6
1998-10-14 00:00:00,SOY,6
1998-10-22 00:00:00,SOY,6.25
1998-10-27 00:00:00,SOY,6.25
1998-11-11 00:00:00,SOY,6.25
1998-11-19 00:00:00,SOY,8
1998-11-23 00:00:00,SOY,8
1998-11-24 00:00:00,SOY,7.75
1998-11-30 00:00:00,SOY,6.25
1998-12-01 00:00:00,SOY,6.25
1998-12-02 00:00:00,SOY,7.75
1998-12-04 00:00:00,SOY,8
1998-12-07 00:00:00,SOY,8
1998-12-14 00:00:00,SOY,8
1998-12-15 00:00:00,SOY,7
1998-12-16 00:00:00,SOY,6.75
1998-12-23 00:00:00,SOY,6.5
1998-12-24 00:00:00,SOY,6.75
1998-12-28 00:00:00,SOY,6.75
1998-12-31 00:00:00,SOY,6.75
1998-01-02 00:00:00,SPEN,140
1998-01-05 00:00:00,SPEN,145
1998-01-06 00:00:00,SPEN,150
1998-01-07 00:00:00,SPEN,145
1998-01-08 00:00:00,SPEN,145
1998-01-13 00:00:00,SPEN,145
1998-01-15 00:00:00,SPEN,140
1998-01-21 00:00:00,SPEN,135
1998-01-22 00:00:00,SPEN,132
1998-01-23 00:00:00,SPEN,140
1998-01-27 00:00:00,SPEN,140
1998-01-28 00:00:00,SPEN,140
1998-02-02 00:00:00,SPEN,140.5
1998-02-06 00:00:00,SPEN,150
1998-02-11 00:00:00,SPEN,150.25
1998-02-12 00:00:00,SPEN,155
1998-02-13 00:00:00,SPEN,155
1998-02-16 00:00:00,SPEN,155
1998-02-17 00:00:00,SPEN,160
1998-02-18 00:00:00,SPEN,160
1998-02-19 00:00:00,SPEN,165
1998-02-20 00:00:00,SPEN,170
1998-02-23 00:00:00,SPEN,170
1998-02-24 00:00:00,SPEN,170
1998-02-25 00:00:00,SPEN,160
1998-02-26 00:00:00,SPEN,162.5
1998-02-27 00:00:00,SPEN,162.5
1998-03-02 00:00:00,SPEN,162.5
1998-03-04 00:00:00,SPEN,166
1998-03-09 00:00:00,SPEN,166.25
1998-03-10 00:00:00,SPEN,166
1998-03-13 00:00:00,SPEN,176
1998-03-16 00:00:00,SPEN,175
1998-03-17 00:00:00,SPEN,195
1998-03-18 00:00:00,SPEN,195
1998-03-19 00:00:00,SPEN,194.75
1998-03-20 00:00:00,SPEN,190
1998-03-24 00:00:00,SPEN,190
1998-03-25 00:00:00,SPEN,189.75
1998-04-01 00:00:00,SPEN,185
1998-04-02 00:00:00,SPEN,181
1998-04-03 00:00:00,SPEN,185
1998-04-07 00:00:00,SPEN,180
1998-04-08 00:00:00,SPEN,180
1998-04-09 00:00:00,SPEN,185
1998-04-15 00:00:00,SPEN,180.5
1998-04-16 00:00:00,SPEN,189
1998-04-17 00:00:00,SPEN,190
1998-04-20 00:00:00,SPEN,190.25
1998-04-21 00:00:00,SPEN,198
1998-04-22 00:00:00,SPEN,200
1998-04-23 00:00:00,SPEN,198.5
1998-04-24 00:00:00,SPEN,199
1998-04-27 00:00:00,SPEN,198
1998-04-28 00:00:00,SPEN,190
1998-04-29 00:00:00,SPEN,190.25
1998-04-30 00:00:00,SPEN,195
1998-05-04 00:00:00,SPEN,195
1998-05-05 00:00:00,SPEN,198.75
1998-05-08 00:00:00,SPEN,195
1998-05-14 00:00:00,SPEN,180
1998-05-15 00:00:00,SPEN,175
1998-05-18 00:00:00,SPEN,178
1998-05-19 00:00:00,SPEN,180
1998-05-20 00:00:00,SPEN,136
1998-05-21 00:00:00,SPEN,136
1998-05-22 00:00:00,SPEN,136
1998-05-27 00:00:00,SPEN,135
1998-05-28 00:00:00,SPEN,128.25
1998-05-29 00:00:00,SPEN,126
1998-06-01 00:00:00,SPEN,120
1998-06-02 00:00:00,SPEN,125
1998-06-04 00:00:00,SPEN,121
1998-06-08 00:00:00,SPEN,120
1998-06-12 00:00:00,SPEN,121
1998-06-15 00:00:00,SPEN,120
1998-06-16 00:00:00,SPEN,120
1998-06-17 00:00:00,SPEN,115.25
1998-06-22 00:00:00,SPEN,115
1998-06-23 00:00:00,SPEN,115
1998-06-24 00:00:00,SPEN,110
1998-06-25 00:00:00,SPEN,104
1998-06-26 00:00:00,SPEN,100
1998-06-29 00:00:00,SPEN,95
1998-06-30 00:00:00,SPEN,95
1998-07-01 00:00:00,SPEN,100
1998-07-02 00:00:00,SPEN,100
1998-07-03 00:00:00,SPEN,105
1998-07-06 00:00:00,SPEN,112
1998-07-08 00:00:00,SPEN,114
1998-07-10 00:00:00,SPEN,125
1998-07-13 00:00:00,SPEN,124.5
1998-07-14 00:00:00,SPEN,120
1998-07-15 00:00:00,SPEN,118
1998-07-16 00:00:00,SPEN,110
1998-07-17 00:00:00,SPEN,112
1998-07-20 00:00:00,SPEN,110
1998-07-21 00:00:00,SPEN,107.5
1998-07-22 00:00:00,SPEN,108
1998-07-23 00:00:00,SPEN,105
1998-07-24 00:00:00,SPEN,110
1998-07-27 00:00:00,SPEN,109.75
1998-07-28 00:00:00,SPEN,110
1998-07-29 00:00:00,SPEN,110
1998-07-30 00:00:00,SPEN,114
1998-07-31 00:00:00,SPEN,115
1998-08-03 00:00:00,SPEN,115.25
1998-08-04 00:00:00,SPEN,115
1998-08-05 00:00:00,SPEN,115
1998-08-06 00:00:00,SPEN,115
1998-08-10 00:00:00,SPEN,115
1998-08-11 00:00:00,SPEN,115
1998-08-12 00:00:00,SPEN,114.75
1998-08-13 00:00:00,SPEN,105
1998-08-14 00:00:00,SPEN,95
1998-08-17 00:00:00,SPEN,100
1998-08-18 00:00:00,SPEN,100
1998-08-19 00:00:00,SPEN,100
1998-08-20 00:00:00,SPEN,98
1998-08-21 00:00:00,SPEN,97
1998-08-24 00:00:00,SPEN,97
1998-08-25 00:00:00,SPEN,95
1998-08-26 00:00:00,SPEN,95
1998-08-27 00:00:00,SPEN,95
1998-08-28 00:00:00,SPEN,94.5
1998-08-31 00:00:00,SPEN,94
1998-09-02 00:00:00,SPEN,80
1998-09-03 00:00:00,SPEN,78
1998-09-04 00:00:00,SPEN,80
1998-09-09 00:00:00,SPEN,85
1998-09-10 00:00:00,SPEN,86.25
1998-09-11 00:00:00,SPEN,86
1998-09-15 00:00:00,SPEN,85.5
1998-09-16 00:00:00,SPEN,90
1998-09-17 00:00:00,SPEN,90
1998-09-18 00:00:00,SPEN,86.5
1998-09-21 00:00:00,SPEN,88
1998-09-22 00:00:00,SPEN,88
1998-09-23 00:00:00,SPEN,90
1998-09-28 00:00:00,SPEN,91
1998-09-29 00:00:00,SPEN,88.5
1998-09-30 00:00:00,SPEN,88.5
1998-10-01 00:00:00,SPEN,88
1998-10-07 00:00:00,SPEN,88
1998-10-08 00:00:00,SPEN,85
1998-10-09 00:00:00,SPEN,84
1998-10-12 00:00:00,SPEN,85
1998-10-14 00:00:00,SPEN,83
1998-10-15 00:00:00,SPEN,83
1998-10-16 00:00:00,SPEN,83
1998-10-20 00:00:00,SPEN,90
1998-10-21 00:00:00,SPEN,86
1998-10-23 00:00:00,SPEN,83
1998-10-30 00:00:00,SPEN,84
1998-11-02 00:00:00,SPEN,85
1998-11-04 00:00:00,SPEN,87
1998-11-05 00:00:00,SPEN,90
1998-11-06 00:00:00,SPEN,90
1998-11-09 00:00:00,SPEN,90
1998-11-10 00:00:00,SPEN,90.75
1998-11-11 00:00:00,SPEN,90.25
1998-11-12 00:00:00,SPEN,90
1998-11-13 00:00:00,SPEN,90
1998-11-16 00:00:00,SPEN,91
1998-11-17 00:00:00,SPEN,95
1998-11-18 00:00:00,SPEN,108
1998-11-19 00:00:00,SPEN,105
1998-11-20 00:00:00,SPEN,100
1998-11-23 00:00:00,SPEN,100.25
1998-11-24 00:00:00,SPEN,103
1998-11-25 00:00:00,SPEN,110
1998-11-26 00:00:00,SPEN,108
1998-11-27 00:00:00,SPEN,107
1998-11-30 00:00:00,SPEN,105
1998-12-01 00:00:00,SPEN,104
1998-12-02 00:00:00,SPEN,105
1998-12-04 00:00:00,SPEN,101
1998-12-07 00:00:00,SPEN,101
1998-12-08 00:00:00,SPEN,100
1998-12-09 00:00:00,SPEN,100
1998-12-10 00:00:00,SPEN,98.25
1998-12-11 00:00:00,SPEN,98
1998-12-14 00:00:00,SPEN,98.25
1998-12-15 00:00:00,SPEN,100
1998-12-16 00:00:00,SPEN,100
1998-12-17 00:00:00,SPEN,102
1998-12-18 00:00:00,SPEN,102
1998-12-21 00:00:00,SPEN,105
1998-12-22 00:00:00,SPEN,106
1998-12-23 00:00:00,SPEN,107
1998-12-24 00:00:00,SPEN,109
1998-12-28 00:00:00,SPEN,107
1998-12-29 00:00:00,SPEN,107
1998-12-30 00:00:00,SPEN,105.5
1998-12-31 00:00:00,SPEN,106.5
1998-01-06 00:00:00,STAF,4.25
1998-01-13 00:00:00,STAF,4
1998-01-20 00:00:00,STAF,4
1998-01-26 00:00:00,STAF,3.5
1998-02-06 00:00:00,STAF,3.5
1998-02-09 00:00:00,STAF,3.5
1998-02-12 00:00:00,STAF,4
1998-02-24 00:00:00,STAF,3.5
1998-02-25 00:00:00,STAF,3.5
1998-02-26 00:00:00,STAF,3.75
1998-03-02 00:00:00,STAF,3.75
1998-03-04 00:00:00,STAF,4
1998-03-06 00:00:00,STAF,4
1998-03-10 00:00:00,STAF,4
1998-03-11 00:00:00,STAF,4
1998-03-19 00:00:00,STAF,3.5
1998-03-24 00:00:00,STAF,3.5
1998-03-31 00:00:00,STAF,3.25
1998-04-01 00:00:00,STAF,3.25
1998-04-02 00:00:00,STAF,3
1998-04-03 00:00:00,STAF,3
1998-04-20 00:00:00,STAF,3
1998-04-21 00:00:00,STAF,2.75
1998-04-27 00:00:00,STAF,3
1998-04-29 00:00:00,STAF,3.5
1998-04-30 00:00:00,STAF,3.5
1998-05-04 00:00:00,STAF,3.25
1998-05-05 00:00:00,STAF,3.25
1998-05-07 00:00:00,STAF,3.5
1998-05-08 00:00:00,STAF,3.5
1998-05-21 00:00:00,STAF,3.5
1998-05-25 00:00:00,STAF,3.5
1998-05-26 00:00:00,STAF,3
1998-06-02 00:00:00,STAF,3
1998-06-05 00:00:00,STAF,3.25
1998-06-08 00:00:00,STAF,3
1998-06-12 00:00:00,STAF,2.5
1998-06-17 00:00:00,STAF,2.5
1998-06-18 00:00:00,STAF,3.5
1998-06-22 00:00:00,STAF,3
1998-06-26 00:00:00,STAF,3
1998-06-29 00:00:00,STAF,3
1998-06-30 00:00:00,STAF,3
1998-07-01 00:00:00,STAF,3
1998-07-02 00:00:00,STAF,3
1998-07-03 00:00:00,STAF,3
1998-07-06 00:00:00,STAF,3
1998-07-08 00:00:00,STAF,3
1998-07-14 00:00:00,STAF,3
1998-07-16 00:00:00,STAF,3
1998-07-21 00:00:00,STAF,2.75
1998-07-22 00:00:00,STAF,2.75
1998-07-24 00:00:00,STAF,2.75
1998-08-05 00:00:00,STAF,3
1998-08-06 00:00:00,STAF,3
1998-08-11 00:00:00,STAF,3
1998-08-13 00:00:00,STAF,3
1998-08-14 00:00:00,STAF,2.75
1998-08-18 00:00:00,STAF,2.75
1998-08-27 00:00:00,STAF,3
1998-08-28 00:00:00,STAF,3
1998-08-31 00:00:00,STAF,3
1998-09-01 00:00:00,STAF,3
1998-09-02 00:00:00,STAF,3
1998-09-03 00:00:00,STAF,2.75
1998-09-04 00:00:00,STAF,3
1998-09-09 00:00:00,STAF,2.75
1998-09-15 00:00:00,STAF,2.5
1998-09-17 00:00:00,STAF,2.75
1998-09-22 00:00:00,STAF,3
1998-09-28 00:00:00,STAF,3
1998-09-29 00:00:00,STAF,3
1998-10-01 00:00:00,STAF,3
1998-10-09 00:00:00,STAF,3.25
1998-10-12 00:00:00,STAF,3
1998-10-15 00:00:00,STAF,3
1998-10-16 00:00:00,STAF,3.5
1998-10-19 00:00:00,STAF,3.5
1998-10-26 00:00:00,STAF,3.75
1998-10-27 00:00:00,STAF,3.75
1998-10-28 00:00:00,STAF,3.5
1998-10-29 00:00:00,STAF,3.5
1998-11-05 00:00:00,STAF,4
1998-11-10 00:00:00,STAF,3.5
1998-11-11 00:00:00,STAF,3.75
1998-11-19 00:00:00,STAF,4
1998-11-20 00:00:00,STAF,4.75
1998-11-23 00:00:00,STAF,4.75
1998-11-24 00:00:00,STAF,5
1998-11-26 00:00:00,STAF,4.75
1998-11-27 00:00:00,STAF,4.75
1998-11-30 00:00:00,STAF,4.75
1998-12-07 00:00:00,STAF,4.5
1998-12-08 00:00:00,STAF,4.25
1998-12-09 00:00:00,STAF,4.25
1998-12-10 00:00:00,STAF,4.5
1998-12-15 00:00:00,STAF,3
1998-12-23 00:00:00,STAF,3.5
1998-12-30 00:00:00,STAF,3.75
1998-12-31 00:00:00,STAF,5
1998-05-13 00:00:00,STAT,35
1998-06-25 00:00:00,STAT,25
1998-11-17 00:00:00,STAT,20
1998-01-02 00:00:00,SUGA,12.25
1998-01-05 00:00:00,SUGA,12
1998-01-06 00:00:00,SUGA,12
1998-01-07 00:00:00,SUGA,12
1998-01-09 00:00:00,SUGA,10.25
1998-01-13 00:00:00,SUGA,11.25
1998-01-16 00:00:00,SUGA,10.5
1998-01-19 00:00:00,SUGA,10.25
1998-01-20 00:00:00,SUGA,10.5
1998-01-21 00:00:00,SUGA,10.25
1998-01-22 00:00:00,SUGA,10.25
1998-01-23 00:00:00,SUGA,10
1998-01-26 00:00:00,SUGA,9.75
1998-01-27 00:00:00,SUGA,10
1998-01-28 00:00:00,SUGA,10.5
1998-01-29 00:00:00,SUGA,10
1998-01-30 00:00:00,SUGA,10.5
1998-02-03 00:00:00,SUGA,10.25
1998-02-06 00:00:00,SUGA,10
1998-02-09 00:00:00,SUGA,10
1998-02-11 00:00:00,SUGA,10
1998-02-12 00:00:00,SUGA,10
1998-02-13 00:00:00,SUGA,10
1998-02-16 00:00:00,SUGA,10
1998-02-17 00:00:00,SUGA,10
1998-02-18 00:00:00,SUGA,9.5
1998-02-19 00:00:00,SUGA,10
1998-02-20 00:00:00,SUGA,10
1998-02-23 00:00:00,SUGA,10
1998-02-24 00:00:00,SUGA,9.75
1998-02-25 00:00:00,SUGA,9.75
1998-02-27 00:00:00,SUGA,9.75
1998-03-03 00:00:00,SUGA,10
1998-03-04 00:00:00,SUGA,10
1998-03-05 00:00:00,SUGA,10.25
1998-03-06 00:00:00,SUGA,10
1998-03-09 00:00:00,SUGA,10.25
1998-03-10 00:00:00,SUGA,10
1998-03-11 00:00:00,SUGA,10
1998-03-13 00:00:00,SUGA,10
1998-03-16 00:00:00,SUGA,10
1998-03-17 00:00:00,SUGA,10
1998-03-18 00:00:00,SUGA,10
1998-03-19 00:00:00,SUGA,9.75
1998-03-24 00:00:00,SUGA,9.5
1998-03-25 00:00:00,SUGA,9.75
1998-03-26 00:00:00,SUGA,9.75
1998-03-27 00:00:00,SUGA,9.75
1998-03-30 00:00:00,SUGA,9.5
1998-03-31 00:00:00,SUGA,9
1998-04-01 00:00:00,SUGA,9
1998-04-02 00:00:00,SUGA,9
1998-04-03 00:00:00,SUGA,9
1998-04-06 00:00:00,SUGA,9
1998-04-07 00:00:00,SUGA,9.25
1998-04-08 00:00:00,SUGA,9.25
1998-04-09 00:00:00,SUGA,9
1998-04-15 00:00:00,SUGA,9
1998-04-16 00:00:00,SUGA,9
1998-04-17 00:00:00,SUGA,8.75
1998-04-20 00:00:00,SUGA,9
1998-04-21 00:00:00,SUGA,9
1998-04-22 00:00:00,SUGA,9
1998-04-23 00:00:00,SUGA,9
1998-04-24 00:00:00,SUGA,8.75
1998-04-27 00:00:00,SUGA,8.75
1998-04-28 00:00:00,SUGA,8.75
1998-04-29 00:00:00,SUGA,8.75
1998-04-30 00:00:00,SUGA,8.75
1998-05-04 00:00:00,SUGA,8.75
1998-05-05 00:00:00,SUGA,8.75
1998-05-06 00:00:00,SUGA,8.5
1998-05-07 00:00:00,SUGA,8.5
1998-05-08 00:00:00,SUGA,8
1998-05-13 00:00:00,SUGA,8.25
1998-05-14 00:00:00,SUGA,8.75
1998-05-15 00:00:00,SUGA,8.25
1998-05-18 00:00:00,SUGA,8.5
1998-05-19 00:00:00,SUGA,8.5
1998-05-20 00:00:00,SUGA,8.25
1998-05-21 00:00:00,SUGA,8.25
1998-05-22 00:00:00,SUGA,8
1998-05-26 00:00:00,SUGA,8
1998-05-27 00:00:00,SUGA,8
1998-05-28 00:00:00,SUGA,7.75
1998-05-29 00:00:00,SUGA,7.5
1998-06-01 00:00:00,SUGA,8
1998-06-02 00:00:00,SUGA,8
1998-06-03 00:00:00,SUGA,7.5
1998-06-04 00:00:00,SUGA,7.25
1998-06-05 00:00:00,SUGA,7.25
1998-06-08 00:00:00,SUGA,7.25
1998-06-10 00:00:00,SUGA,7.75
1998-06-11 00:00:00,SUGA,7.75
1998-06-12 00:00:00,SUGA,7.25
1998-06-15 00:00:00,SUGA,5
1998-06-16 00:00:00,SUGA,7
1998-06-17 00:00:00,SUGA,7
1998-06-18 00:00:00,SUGA,7
1998-06-19 00:00:00,SUGA,7.25
1998-06-22 00:00:00,SUGA,7.25
1998-06-23 00:00:00,SUGA,7
1998-06-24 00:00:00,SUGA,7
1998-06-25 00:00:00,SUGA,6.5
1998-06-26 00:00:00,SUGA,7
1998-06-29 00:00:00,SUGA,7
1998-06-30 00:00:00,SUGA,6.75
1998-07-01 00:00:00,SUGA,7
1998-07-02 00:00:00,SUGA,7.5
1998-07-03 00:00:00,SUGA,7
1998-07-10 00:00:00,SUGA,7
1998-07-13 00:00:00,SUGA,7.25
1998-07-14 00:00:00,SUGA,7
1998-07-15 00:00:00,SUGA,7
1998-07-16 00:00:00,SUGA,7
1998-07-17 00:00:00,SUGA,7
1998-07-20 00:00:00,SUGA,7
1998-07-21 00:00:00,SUGA,7.5
1998-07-22 00:00:00,SUGA,7.5
1998-07-23 00:00:00,SUGA,7.25
1998-07-24 00:00:00,SUGA,7.5
1998-07-28 00:00:00,SUGA,7.25
1998-07-31 00:00:00,SUGA,7.25
1998-08-03 00:00:00,SUGA,7.25
1998-08-04 00:00:00,SUGA,7.5
1998-08-05 00:00:00,SUGA,7.25
1998-08-06 00:00:00,SUGA,7.25
1998-08-10 00:00:00,SUGA,7
1998-08-11 00:00:00,SUGA,7.25
1998-08-12 00:00:00,SUGA,7
1998-08-13 00:00:00,SUGA,7
1998-08-14 00:00:00,SUGA,7
1998-08-17 00:00:00,SUGA,7
1998-08-18 00:00:00,SUGA,7
1998-08-19 00:00:00,SUGA,7
1998-08-20 00:00:00,SUGA,6.75
1998-08-24 00:00:00,SUGA,6.75
1998-08-25 00:00:00,SUGA,6.75
1998-08-26 00:00:00,SUGA,6.5
1998-08-27 00:00:00,SUGA,6.5
1998-08-28 00:00:00,SUGA,6.25
1998-08-31 00:00:00,SUGA,6
1998-09-01 00:00:00,SUGA,5.75
1998-09-02 00:00:00,SUGA,5.5
1998-09-03 00:00:00,SUGA,5.5
1998-09-04 00:00:00,SUGA,5.75
1998-09-07 00:00:00,SUGA,6.25
1998-09-08 00:00:00,SUGA,6.5
1998-09-09 00:00:00,SUGA,7
1998-09-10 00:00:00,SUGA,7
1998-09-11 00:00:00,SUGA,7
1998-09-14 00:00:00,SUGA,7
1998-09-15 00:00:00,SUGA,7.25
1998-09-16 00:00:00,SUGA,7.25
1998-09-17 00:00:00,SUGA,7.25
1998-09-18 00:00:00,SUGA,7.25
1998-09-21 00:00:00,SUGA,7
1998-09-23 00:00:00,SUGA,7.5
1998-09-24 00:00:00,SUGA,7.25
1998-09-25 00:00:00,SUGA,7.25
1998-09-28 00:00:00,SUGA,7.25
1998-09-29 00:00:00,SUGA,7
1998-09-30 00:00:00,SUGA,6.5
1998-10-02 00:00:00,SUGA,6.5
1998-10-06 00:00:00,SUGA,6
1998-10-07 00:00:00,SUGA,6.25
1998-10-08 00:00:00,SUGA,6.25
1998-10-09 00:00:00,SUGA,6
1998-10-12 00:00:00,SUGA,6
1998-10-13 00:00:00,SUGA,6
1998-10-14 00:00:00,SUGA,5.75
1998-10-15 00:00:00,SUGA,5.5
1998-10-16 00:00:00,SUGA,6
1998-10-19 00:00:00,SUGA,6
1998-10-20 00:00:00,SUGA,6.25
1998-10-21 00:00:00,SUGA,6.25
1998-10-22 00:00:00,SUGA,6.25
1998-10-23 00:00:00,SUGA,6
1998-10-26 00:00:00,SUGA,6
1998-10-27 00:00:00,SUGA,5.75
1998-10-28 00:00:00,SUGA,6
1998-10-30 00:00:00,SUGA,5.75
1998-11-02 00:00:00,SUGA,6
1998-11-04 00:00:00,SUGA,5.75
1998-11-05 00:00:00,SUGA,6
1998-11-06 00:00:00,SUGA,5.75
1998-11-09 00:00:00,SUGA,5.75
1998-11-10 00:00:00,SUGA,6
1998-11-11 00:00:00,SUGA,6
1998-11-13 00:00:00,SUGA,5.75
1998-11-16 00:00:00,SUGA,6
1998-11-17 00:00:00,SUGA,6
1998-11-18 00:00:00,SUGA,6
1998-11-19 00:00:00,SUGA,6
1998-11-20 00:00:00,SUGA,6
1998-11-23 00:00:00,SUGA,5.75
1998-11-24 00:00:00,SUGA,5.75
1998-11-25 00:00:00,SUGA,6
1998-11-26 00:00:00,SUGA,6
1998-11-27 00:00:00,SUGA,6
1998-11-30 00:00:00,SUGA,6
1998-12-02 00:00:00,SUGA,6
1998-12-04 00:00:00,SUGA,6
1998-12-07 00:00:00,SUGA,6.25
1998-12-08 00:00:00,SUGA,6.25
1998-12-09 00:00:00,SUGA,6.5
1998-12-10 00:00:00,SUGA,6.25
1998-12-11 00:00:00,SUGA,6.25
1998-12-14 00:00:00,SUGA,6.5
1998-12-15 00:00:00,SUGA,6.25
1998-12-16 00:00:00,SUGA,6.5
1998-12-17 00:00:00,SUGA,6.5
1998-12-18 00:00:00,SUGA,6.5
1998-12-22 00:00:00,SUGA,6.5
1998-12-23 00:00:00,SUGA,6.75
1998-12-28 00:00:00,SUGA,7
1998-12-29 00:00:00,SUGA,7.5
1998-12-30 00:00:00,SUGA,7.5
1998-12-31 00:00:00,SUGA,7.25
1998-03-10 00:00:00,SUN,10
1998-03-11 00:00:00,SUN,10
1998-03-13 00:00:00,SUN,10
1998-03-16 00:00:00,SUN,10.5
1998-03-18 00:00:00,SUN,13
1998-03-19 00:00:00,SUN,13
1998-03-26 00:00:00,SUN,11
1998-04-03 00:00:00,SUN,11.25
1998-04-06 00:00:00,SUN,11.25
1998-08-25 00:00:00,SUN,9
1998-08-26 00:00:00,SUN,9
1998-09-16 00:00:00,SUN,9
1998-06-02 00:00:00,SWAD,3600
1998-01-05 00:00:00,TAFL,42
1998-02-16 00:00:00,TAFL,42
1998-03-30 00:00:00,TAFL,48
1998-03-31 00:00:00,TAFL,47.5
1998-04-01 00:00:00,TAFL,42
1998-04-06 00:00:00,TAFL,41.75
1998-04-20 00:00:00,TAFL,42
1998-04-23 00:00:00,TAFL,42
1998-05-06 00:00:00,TAFL,40
1998-05-26 00:00:00,TAFL,30
1998-06-10 00:00:00,TAFL,30
1998-06-15 00:00:00,TAFL,28
1998-06-16 00:00:00,TAFL,28
1998-06-19 00:00:00,TAFL,28
1998-06-29 00:00:00,TAFL,28
1998-07-13 00:00:00,TAFL,28.25
1998-09-07 00:00:00,TAFL,28
1998-10-22 00:00:00,TAFL,25
1998-10-28 00:00:00,TAFL,25
1998-10-29 00:00:00,TAFL,25.25
1998-11-02 00:00:00,TAFL,25
1998-11-05 00:00:00,TAFL,30
1998-11-11 00:00:00,TAFL,30
1998-11-20 00:00:00,TAFL,30
1998-11-25 00:00:00,TAFL,35
1998-11-26 00:00:00,TAFL,35
1998-12-01 00:00:00,TAFL,34.5
1998-12-02 00:00:00,TAFL,32
1998-12-07 00:00:00,TAFL,35
1998-12-08 00:00:00,TAFL,33
1998-12-10 00:00:00,TAFL,37
1998-12-11 00:00:00,TAFL,38
1998-12-15 00:00:00,TAFL,32.5
1998-12-21 00:00:00,TAFL,33
1998-12-30 00:00:00,TAFL,35.25
1998-12-31 00:00:00,TAFL,40
1998-01-02 00:00:00,TAJ,5.5
1998-01-05 00:00:00,TAJ,5.5
1998-01-06 00:00:00,TAJ,5.5
1998-01-07 00:00:00,TAJ,5.25
1998-01-08 00:00:00,TAJ,5
1998-01-09 00:00:00,TAJ,5
1998-01-13 00:00:00,TAJ,5
1998-01-15 00:00:00,TAJ,4.75
1998-01-16 00:00:00,TAJ,5
1998-01-19 00:00:00,TAJ,4.75
1998-01-20 00:00:00,TAJ,4.75
1998-01-21 00:00:00,TAJ,4.5
1998-01-26 00:00:00,TAJ,4.5
1998-01-27 00:00:00,TAJ,4.5
1998-01-28 00:00:00,TAJ,4.5
1998-01-29 00:00:00,TAJ,4.5
1998-01-30 00:00:00,TAJ,4.5
1998-02-02 00:00:00,TAJ,4.5
1998-02-03 00:00:00,TAJ,4.5
1998-02-06 00:00:00,TAJ,4.75
1998-02-12 00:00:00,TAJ,4.5
1998-02-13 00:00:00,TAJ,4.5
1998-02-16 00:00:00,TAJ,4.5
1998-02-17 00:00:00,TAJ,4.5
1998-02-18 00:00:00,TAJ,4.25
1998-02-19 00:00:00,TAJ,4
1998-02-25 00:00:00,TAJ,4.25
1998-02-26 00:00:00,TAJ,4.25
1998-02-27 00:00:00,TAJ,4.25
1998-03-03 00:00:00,TAJ,5
1998-03-04 00:00:00,TAJ,4.5
1998-03-05 00:00:00,TAJ,4.5
1998-03-06 00:00:00,TAJ,4.75
1998-03-09 00:00:00,TAJ,4.5
1998-03-10 00:00:00,TAJ,4.25
1998-03-18 00:00:00,TAJ,4.25
1998-03-19 00:00:00,TAJ,4.25
1998-03-20 00:00:00,TAJ,4.25
1998-03-30 00:00:00,TAJ,4
1998-03-31 00:00:00,TAJ,4.25
1998-04-01 00:00:00,TAJ,4.25
1998-04-03 00:00:00,TAJ,4.25
1998-04-07 00:00:00,TAJ,4.5
1998-04-08 00:00:00,TAJ,4.5
1998-04-09 00:00:00,TAJ,4.5
1998-04-15 00:00:00,TAJ,4.5
1998-04-16 00:00:00,TAJ,4.5
1998-04-17 00:00:00,TAJ,4.5
1998-04-21 00:00:00,TAJ,4.5
1998-04-22 00:00:00,TAJ,4.5
1998-04-23 00:00:00,TAJ,4.5
1998-04-24 00:00:00,TAJ,4.25
1998-04-27 00:00:00,TAJ,4.25
1998-04-28 00:00:00,TAJ,4
1998-04-30 00:00:00,TAJ,4.25
1998-05-06 00:00:00,TAJ,4.25
1998-05-07 00:00:00,TAJ,4.25
1998-05-08 00:00:00,TAJ,4.25
1998-05-13 00:00:00,TAJ,4
1998-05-14 00:00:00,TAJ,4
1998-05-15 00:00:00,TAJ,4
1998-05-18 00:00:00,TAJ,4
1998-05-20 00:00:00,TAJ,4.25
1998-05-21 00:00:00,TAJ,4.25
1998-05-22 00:00:00,TAJ,4.5
1998-05-25 00:00:00,TAJ,4.5
1998-05-26 00:00:00,TAJ,4.5
1998-05-27 00:00:00,TAJ,4.25
1998-05-28 00:00:00,TAJ,4.25
1998-05-29 00:00:00,TAJ,4
1998-06-01 00:00:00,TAJ,3
1998-06-02 00:00:00,TAJ,4
1998-06-04 00:00:00,TAJ,4
1998-06-05 00:00:00,TAJ,4
1998-06-10 00:00:00,TAJ,4
1998-06-11 00:00:00,TAJ,4
1998-06-12 00:00:00,TAJ,3.5
1998-06-15 00:00:00,TAJ,3.5
1998-06-16 00:00:00,TAJ,3.5
1998-06-17 00:00:00,TAJ,3.5
1998-06-18 00:00:00,TAJ,3.5
1998-06-19 00:00:00,TAJ,4
1998-06-22 00:00:00,TAJ,3.5
1998-06-23 00:00:00,TAJ,3.5
1998-06-24 00:00:00,TAJ,3.75
1998-06-25 00:00:00,TAJ,3.5
1998-06-29 00:00:00,TAJ,4
1998-06-30 00:00:00,TAJ,4
1998-07-01 00:00:00,TAJ,4
1998-07-02 00:00:00,TAJ,4
1998-07-03 00:00:00,TAJ,4
1998-07-06 00:00:00,TAJ,4
1998-07-08 00:00:00,TAJ,4
1998-07-10 00:00:00,TAJ,4
1998-07-16 00:00:00,TAJ,4
1998-07-17 00:00:00,TAJ,4
1998-07-20 00:00:00,TAJ,4
1998-07-21 00:00:00,TAJ,4
1998-07-22 00:00:00,TAJ,4.25
1998-07-23 00:00:00,TAJ,4
1998-07-24 00:00:00,TAJ,4
1998-07-27 00:00:00,TAJ,4
1998-07-28 00:00:00,TAJ,4
1998-07-29 00:00:00,TAJ,4
1998-07-30 00:00:00,TAJ,4
1998-07-31 00:00:00,TAJ,4
1998-08-03 00:00:00,TAJ,4
1998-08-04 00:00:00,TAJ,4
1998-08-05 00:00:00,TAJ,4
1998-08-06 00:00:00,TAJ,4.25
1998-08-13 00:00:00,TAJ,4
1998-08-14 00:00:00,TAJ,4
1998-08-17 00:00:00,TAJ,4.25
1998-08-19 00:00:00,TAJ,3.75
1998-08-20 00:00:00,TAJ,3.75
1998-08-21 00:00:00,TAJ,3.75
1998-08-24 00:00:00,TAJ,4
1998-08-25 00:00:00,TAJ,4
1998-08-26 00:00:00,TAJ,3.75
1998-08-27 00:00:00,TAJ,3.75
1998-08-31 00:00:00,TAJ,3.75
1998-09-03 00:00:00,TAJ,3.75
1998-09-04 00:00:00,TAJ,3.75
1998-09-07 00:00:00,TAJ,3.75
1998-09-08 00:00:00,TAJ,3.75
1998-09-09 00:00:00,TAJ,3.75
1998-09-10 00:00:00,TAJ,3.75
1998-09-11 00:00:00,TAJ,3.75
1998-09-14 00:00:00,TAJ,3.75
1998-09-15 00:00:00,TAJ,4
1998-09-17 00:00:00,TAJ,3.75
1998-09-18 00:00:00,TAJ,3.75
1998-09-21 00:00:00,TAJ,3.75
1998-09-22 00:00:00,TAJ,3.75
1998-09-23 00:00:00,TAJ,3.75
1998-09-25 00:00:00,TAJ,3.75
1998-09-30 00:00:00,TAJ,3.75
1998-10-01 00:00:00,TAJ,3.75
1998-10-02 00:00:00,TAJ,3
1998-10-06 00:00:00,TAJ,3.25
1998-10-07 00:00:00,TAJ,3.5
1998-10-08 00:00:00,TAJ,3.25
1998-10-09 00:00:00,TAJ,3.5
1998-10-12 00:00:00,TAJ,3.25
1998-10-13 00:00:00,TAJ,3.25
1998-10-14 00:00:00,TAJ,3.25
1998-10-15 00:00:00,TAJ,3.75
1998-10-16 00:00:00,TAJ,3.5
1998-10-19 00:00:00,TAJ,3.5
1998-10-20 00:00:00,TAJ,3.5
1998-10-22 00:00:00,TAJ,3.75
1998-10-23 00:00:00,TAJ,3.75
1998-10-26 00:00:00,TAJ,3.75
1998-10-27 00:00:00,TAJ,3.75
1998-10-28 00:00:00,TAJ,3.75
1998-10-29 00:00:00,TAJ,3.75
1998-10-30 00:00:00,TAJ,3.75
1998-11-04 00:00:00,TAJ,3.75
1998-11-05 00:00:00,TAJ,4
1998-11-06 00:00:00,TAJ,4
1998-11-09 00:00:00,TAJ,3.75
1998-11-16 00:00:00,TAJ,4
1998-11-17 00:00:00,TAJ,3.75
1998-11-18 00:00:00,TAJ,4
1998-11-19 00:00:00,TAJ,3.75
1998-11-20 00:00:00,TAJ,4
1998-11-23 00:00:00,TAJ,4
1998-11-24 00:00:00,TAJ,4
1998-11-25 00:00:00,TAJ,4
1998-11-26 00:00:00,TAJ,4
1998-11-27 00:00:00,TAJ,3.75
1998-11-30 00:00:00,TAJ,3.75
1998-12-01 00:00:00,TAJ,3.75
1998-12-02 00:00:00,TAJ,4
1998-12-04 00:00:00,TAJ,4
1998-12-08 00:00:00,TAJ,4
1998-12-09 00:00:00,TAJ,3.75
1998-12-10 00:00:00,TAJ,4
1998-12-11 00:00:00,TAJ,4
1998-12-14 00:00:00,TAJ,3.75
1998-12-15 00:00:00,TAJ,3.5
1998-12-17 00:00:00,TAJ,3.5
1998-12-18 00:00:00,TAJ,3.75
1998-12-21 00:00:00,TAJ,3.75
1998-12-22 00:00:00,TAJ,3.75
1998-12-23 00:00:00,TAJ,4
1998-12-24 00:00:00,TAJ,4
1998-12-28 00:00:00,TAJ,3.75
1998-12-30 00:00:00,TAJ,3.75
1998-01-05 00:00:00,TANG,50
1998-01-07 00:00:00,TANG,50
1998-01-08 00:00:00,TANG,45
1998-01-13 00:00:00,TANG,40.25
1998-01-30 00:00:00,TANG,35
1998-02-02 00:00:00,TANG,32
1998-02-06 00:00:00,TANG,28
1998-02-09 00:00:00,TANG,32
1998-02-11 00:00:00,TANG,31
1998-02-19 00:00:00,TANG,30
1998-03-10 00:00:00,TANG,35
1998-03-11 00:00:00,TANG,35
1998-03-16 00:00:00,TANG,34.75
1998-03-17 00:00:00,TANG,35
1998-03-18 00:00:00,TANG,35
1998-03-19 00:00:00,TANG,35
1998-03-20 00:00:00,TANG,35
1998-04-17 00:00:00,TANG,32
1998-04-24 00:00:00,TANG,32
1998-05-06 00:00:00,TANG,32
1998-06-29 00:00:00,TANG,32
1998-07-31 00:00:00,TANG,29
1998-08-14 00:00:00,TANG,32
1998-08-20 00:00:00,TANG,16.5
1998-08-21 00:00:00,TANG,18
1998-08-24 00:00:00,TANG,18
1998-08-25 00:00:00,TANG,20
1998-08-27 00:00:00,TANG,19.5
1998-09-03 00:00:00,TANG,20
1998-09-11 00:00:00,TANG,20
1998-09-16 00:00:00,TANG,20.5
1998-09-30 00:00:00,TANG,20.5
1998-10-06 00:00:00,TANG,22
1998-10-07 00:00:00,TANG,22.25
1998-10-08 00:00:00,TANG,22
1998-10-13 00:00:00,TANG,23
1998-10-20 00:00:00,TANG,22.75
1998-10-21 00:00:00,TANG,23
1998-11-02 00:00:00,TANG,21.5
1998-11-11 00:00:00,TANG,21.25
1998-11-12 00:00:00,TANG,21.5
1998-11-16 00:00:00,TANG,17
1998-11-19 00:00:00,TANG,18
1998-11-26 00:00:00,TANG,23
1998-12-01 00:00:00,TANG,24
1998-12-04 00:00:00,TANG,24
1998-12-09 00:00:00,TANG,21
1998-12-17 00:00:00,TANG,24
1998-01-02 00:00:00,TFC,26
1998-01-05 00:00:00,TFC,26
1998-01-06 00:00:00,TFC,26
1998-01-07 00:00:00,TFC,25.5
1998-01-08 00:00:00,TFC,26
1998-01-09 00:00:00,TFC,25.25
1998-01-13 00:00:00,TFC,25
1998-01-15 00:00:00,TFC,25
1998-01-16 00:00:00,TFC,24.25
1998-01-19 00:00:00,TFC,24.25
1998-01-20 00:00:00,TFC,23.5
1998-01-21 00:00:00,TFC,23.75
1998-01-23 00:00:00,TFC,23.5
1998-01-27 00:00:00,TFC,23.5
1998-01-28 00:00:00,TFC,23.5
1998-01-29 00:00:00,TFC,23.5
1998-01-30 00:00:00,TFC,24
1998-02-02 00:00:00,TFC,24
1998-02-03 00:00:00,TFC,24
1998-02-06 00:00:00,TFC,24
1998-02-09 00:00:00,TFC,23
1998-02-11 00:00:00,TFC,23.25
1998-02-12 00:00:00,TFC,23
1998-02-13 00:00:00,TFC,23.5
1998-02-16 00:00:00,TFC,23
1998-02-17 00:00:00,TFC,23
1998-02-18 00:00:00,TFC,23.5
1998-02-19 00:00:00,TFC,23.5
1998-02-23 00:00:00,TFC,23.5
1998-02-24 00:00:00,TFC,23.5
1998-02-25 00:00:00,TFC,23
1998-02-27 00:00:00,TFC,23
1998-03-02 00:00:00,TFC,23
1998-03-03 00:00:00,TFC,23.5
1998-03-04 00:00:00,TFC,23.5
1998-03-05 00:00:00,TFC,23.5
1998-03-09 00:00:00,TFC,23.25
1998-03-10 00:00:00,TFC,23
1998-03-11 00:00:00,TFC,23
1998-03-16 00:00:00,TFC,22.75
1998-03-17 00:00:00,TFC,22
1998-03-18 00:00:00,TFC,23
1998-03-19 00:00:00,TFC,22.75
1998-03-20 00:00:00,TFC,23
1998-03-23 00:00:00,TFC,22.75
1998-03-24 00:00:00,TFC,22.75
1998-03-25 00:00:00,TFC,22.75
1998-03-26 00:00:00,TFC,22.75
1998-03-27 00:00:00,TFC,21
1998-03-30 00:00:00,TFC,22
1998-03-31 00:00:00,TFC,22
1998-04-01 00:00:00,TFC,21
1998-04-02 00:00:00,TFC,20.5
1998-04-03 00:00:00,TFC,20.5
1998-04-06 00:00:00,TFC,20.5
1998-04-07 00:00:00,TFC,20.25
1998-04-08 00:00:00,TFC,20
1998-04-09 00:00:00,TFC,20
1998-04-15 00:00:00,TFC,19
1998-04-16 00:00:00,TFC,20.5
1998-04-17 00:00:00,TFC,20.5
1998-04-20 00:00:00,TFC,21
1998-04-21 00:00:00,TFC,21.25
1998-04-22 00:00:00,TFC,22
1998-04-23 00:00:00,TFC,22
1998-04-24 00:00:00,TFC,22
1998-04-27 00:00:00,TFC,21.5
1998-04-28 00:00:00,TFC,22.25
1998-04-29 00:00:00,TFC,22.5
1998-04-30 00:00:00,TFC,22
1998-05-05 00:00:00,TFC,22
1998-05-06 00:00:00,TFC,21
1998-05-07 00:00:00,TFC,20.5
1998-05-08 00:00:00,TFC,20.75
1998-05-13 00:00:00,TFC,21
1998-05-14 00:00:00,TFC,20.5
1998-05-15 00:00:00,TFC,20
1998-05-18 00:00:00,TFC,20
1998-05-19 00:00:00,TFC,20
1998-05-20 00:00:00,TFC,20
1998-05-21 00:00:00,TFC,19.5
1998-05-22 00:00:00,TFC,20
1998-05-25 00:00:00,TFC,20.25
1998-05-27 00:00:00,TFC,20
1998-05-28 00:00:00,TFC,20
1998-05-29 00:00:00,TFC,19.75
1998-06-02 00:00:00,TFC,19
1998-06-04 00:00:00,TFC,18.5
1998-06-05 00:00:00,TFC,18.5
1998-06-08 00:00:00,TFC,18.5
1998-06-11 00:00:00,TFC,18
1998-06-12 00:00:00,TFC,17
1998-06-15 00:00:00,TFC,15
1998-06-16 00:00:00,TFC,17
1998-06-17 00:00:00,TFC,16.5
1998-06-18 00:00:00,TFC,16.5
1998-06-19 00:00:00,TFC,17
1998-06-22 00:00:00,TFC,17
1998-06-23 00:00:00,TFC,18
1998-06-24 00:00:00,TFC,17
1998-06-25 00:00:00,TFC,16
1998-06-26 00:00:00,TFC,16.5
1998-06-29 00:00:00,TFC,16.5
1998-06-30 00:00:00,TFC,16
1998-07-01 00:00:00,TFC,16
1998-07-02 00:00:00,TFC,16
1998-07-03 00:00:00,TFC,16
1998-07-08 00:00:00,TFC,15.75
1998-07-10 00:00:00,TFC,16.75
1998-07-13 00:00:00,TFC,16.5
1998-07-14 00:00:00,TFC,16.5
1998-07-15 00:00:00,TFC,17
1998-07-16 00:00:00,TFC,16.5
1998-07-17 00:00:00,TFC,17.5
1998-07-20 00:00:00,TFC,17
1998-07-21 00:00:00,TFC,17.25
1998-07-22 00:00:00,TFC,17
1998-07-23 00:00:00,TFC,17
1998-07-27 00:00:00,TFC,17
1998-07-28 00:00:00,TFC,17.5
1998-07-30 00:00:00,TFC,17.5
1998-07-31 00:00:00,TFC,19
1998-08-03 00:00:00,TFC,17.5
1998-08-04 00:00:00,TFC,17.75
1998-08-05 00:00:00,TFC,17.25
1998-08-06 00:00:00,TFC,17.5
1998-08-10 00:00:00,TFC,17.75
1998-08-11 00:00:00,TFC,18
1998-08-12 00:00:00,TFC,17.5
1998-08-13 00:00:00,TFC,17.5
1998-08-14 00:00:00,TFC,17
1998-08-17 00:00:00,TFC,18
1998-08-19 00:00:00,TFC,19.5
1998-08-20 00:00:00,TFC,18.5
1998-08-21 00:00:00,TFC,18
1998-08-24 00:00:00,TFC,17.5
1998-08-25 00:00:00,TFC,17.25
1998-08-26 00:00:00,TFC,17
1998-08-27 00:00:00,TFC,17.5
1998-08-28 00:00:00,TFC,17.5
1998-08-31 00:00:00,TFC,16
1998-09-01 00:00:00,TFC,17
1998-09-02 00:00:00,TFC,16.25
1998-09-03 00:00:00,TFC,16.5
1998-09-04 00:00:00,TFC,17
1998-09-07 00:00:00,TFC,17
1998-09-08 00:00:00,TFC,17.25
1998-09-09 00:00:00,TFC,17.5
1998-09-10 00:00:00,TFC,17.5
1998-09-11 00:00:00,TFC,17.25
1998-09-14 00:00:00,TFC,17.5
1998-09-15 00:00:00,TFC,17.75
1998-09-16 00:00:00,TFC,18
1998-09-17 00:00:00,TFC,17.25
1998-09-18 00:00:00,TFC,17
1998-09-21 00:00:00,TFC,17.25
1998-09-23 00:00:00,TFC,17.25
1998-09-24 00:00:00,TFC,17.5
1998-09-25 00:00:00,TFC,17.5
1998-09-29 00:00:00,TFC,18
1998-09-30 00:00:00,TFC,17.75
1998-10-01 00:00:00,TFC,17.5
1998-10-02 00:00:00,TFC,17.25
1998-10-06 00:00:00,TFC,17.5
1998-10-07 00:00:00,TFC,17.5
1998-10-09 00:00:00,TFC,17.25
1998-10-12 00:00:00,TFC,17.5
1998-10-13 00:00:00,TFC,17.25
1998-10-14 00:00:00,TFC,17.25
1998-10-15 00:00:00,TFC,17.75
1998-10-16 00:00:00,TFC,17.75
1998-10-19 00:00:00,TFC,17.75
1998-10-21 00:00:00,TFC,17.75
1998-10-22 00:00:00,TFC,17.75
1998-10-26 00:00:00,TFC,18
1998-10-27 00:00:00,TFC,18.25
1998-10-28 00:00:00,TFC,18.5
1998-10-30 00:00:00,TFC,18.75
1998-11-02 00:00:00,TFC,18.5
1998-11-05 00:00:00,TFC,19
1998-11-06 00:00:00,TFC,19.25
1998-11-09 00:00:00,TFC,17
1998-11-10 00:00:00,TFC,16.75
1998-11-11 00:00:00,TFC,16.5
1998-11-12 00:00:00,TFC,17
1998-11-13 00:00:00,TFC,16.75
1998-11-17 00:00:00,TFC,16
1998-11-18 00:00:00,TFC,16
1998-11-19 00:00:00,TFC,16.75
1998-11-20 00:00:00,TFC,16.75
1998-11-24 00:00:00,TFC,16
1998-11-25 00:00:00,TFC,16.5
1998-11-26 00:00:00,TFC,16.75
1998-11-27 00:00:00,TFC,16.5
1998-11-30 00:00:00,TFC,17
1998-12-01 00:00:00,TFC,16.75
1998-12-04 00:00:00,TFC,16.75
1998-12-07 00:00:00,TFC,17
1998-12-08 00:00:00,TFC,16.5
1998-12-09 00:00:00,TFC,16
1998-12-10 00:00:00,TFC,16
1998-12-11 00:00:00,TFC,15.5
1998-12-14 00:00:00,TFC,15.5
1998-12-15 00:00:00,TFC,15.5
1998-12-16 00:00:00,TFC,15.5
1998-12-17 00:00:00,TFC,15
1998-12-18 00:00:00,TFC,15.5
1998-12-21 00:00:00,TFC,15.75
1998-12-22 00:00:00,TFC,16.25
1998-12-23 00:00:00,TFC,15.5
1998-12-30 00:00:00,TFC,16.25
1998-01-07 00:00:00,TILE,18
1998-01-08 00:00:00,TILE,18
1998-01-13 00:00:00,TILE,18
1998-01-20 00:00:00,TILE,17.5
1998-01-21 00:00:00,TILE,16.5
1998-01-27 00:00:00,TILE,16.25
1998-02-06 00:00:00,TILE,19.75
1998-02-11 00:00:00,TILE,19
1998-02-12 00:00:00,TILE,19
1998-02-13 00:00:00,TILE,19
1998-02-16 00:00:00,TILE,19.25
1998-02-17 00:00:00,TILE,19
1998-02-18 00:00:00,TILE,19
1998-02-19 00:00:00,TILE,19
1998-02-20 00:00:00,TILE,18.75
1998-02-23 00:00:00,TILE,18.75
1998-02-24 00:00:00,TILE,17
1998-02-25 00:00:00,TILE,17
1998-02-26 00:00:00,TILE,16
1998-02-27 00:00:00,TILE,17
1998-03-03 00:00:00,TILE,17.25
1998-03-09 00:00:00,TILE,17.5
1998-03-10 00:00:00,TILE,17.5
1998-03-11 00:00:00,TILE,17.5
1998-03-13 00:00:00,TILE,17.5
1998-03-19 00:00:00,TILE,17.5
1998-03-20 00:00:00,TILE,17.5
1998-03-23 00:00:00,TILE,17.5
1998-03-25 00:00:00,TILE,17.75
1998-03-26 00:00:00,TILE,17.75
1998-03-27 00:00:00,TILE,17.75
1998-03-30 00:00:00,TILE,17.5
1998-04-02 00:00:00,TILE,17
1998-04-03 00:00:00,TILE,15.5
1998-04-08 00:00:00,TILE,17.5
1998-04-20 00:00:00,TILE,18
1998-04-21 00:00:00,TILE,18
1998-04-22 00:00:00,TILE,17
1998-04-23 00:00:00,TILE,17
1998-04-24 00:00:00,TILE,17
1998-04-27 00:00:00,TILE,17
1998-04-29 00:00:00,TILE,17
1998-04-30 00:00:00,TILE,17
1998-05-04 00:00:00,TILE,17
1998-05-06 00:00:00,TILE,16.5
1998-05-07 00:00:00,TILE,16
1998-05-08 00:00:00,TILE,16
1998-05-13 00:00:00,TILE,16.5
1998-05-14 00:00:00,TILE,16
1998-05-15 00:00:00,TILE,16
1998-05-18 00:00:00,TILE,15
1998-05-19 00:00:00,TILE,15
1998-05-20 00:00:00,TILE,14.5
1998-05-21 00:00:00,TILE,15.5
1998-05-22 00:00:00,TILE,15.5
1998-05-26 00:00:00,TILE,15
1998-05-29 00:00:00,TILE,14
1998-06-01 00:00:00,TILE,13
1998-06-02 00:00:00,TILE,13.5
1998-06-08 00:00:00,TILE,13.5
1998-06-10 00:00:00,TILE,13.5
1998-06-11 00:00:00,TILE,13.5
1998-06-12 00:00:00,TILE,13.5
1998-06-15 00:00:00,TILE,13.5
1998-06-16 00:00:00,TILE,13.25
1998-06-17 00:00:00,TILE,14
1998-06-18 00:00:00,TILE,14
1998-06-22 00:00:00,TILE,13
1998-06-23 00:00:00,TILE,13
1998-06-24 00:00:00,TILE,13
1998-06-25 00:00:00,TILE,13
1998-06-30 00:00:00,TILE,13
1998-07-01 00:00:00,TILE,13
1998-07-02 00:00:00,TILE,13
1998-07-03 00:00:00,TILE,12.75
1998-07-06 00:00:00,TILE,13
1998-07-08 00:00:00,TILE,13
1998-07-13 00:00:00,TILE,13.5
1998-07-16 00:00:00,TILE,13.25
1998-07-20 00:00:00,TILE,13.25
1998-07-28 00:00:00,TILE,13.25
1998-07-30 00:00:00,TILE,13.25
1998-07-31 00:00:00,TILE,13.25
1998-08-03 00:00:00,TILE,13
1998-08-04 00:00:00,TILE,13
1998-08-11 00:00:00,TILE,12
1998-08-12 00:00:00,TILE,12
1998-08-17 00:00:00,TILE,10.5
1998-08-18 00:00:00,TILE,10.5
1998-08-21 00:00:00,TILE,10.25
1998-08-24 00:00:00,TILE,10.25
1998-08-25 00:00:00,TILE,10
1998-08-26 00:00:00,TILE,9.5
1998-08-27 00:00:00,TILE,9.5
1998-08-28 00:00:00,TILE,9.5
1998-08-31 00:00:00,TILE,9.25
1998-09-01 00:00:00,TILE,9
1998-09-02 00:00:00,TILE,10
1998-09-03 00:00:00,TILE,9
1998-09-07 00:00:00,TILE,9.25
1998-09-08 00:00:00,TILE,10
1998-09-09 00:00:00,TILE,10
1998-09-10 00:00:00,TILE,10
1998-09-14 00:00:00,TILE,10
1998-09-15 00:00:00,TILE,10
1998-09-17 00:00:00,TILE,10.5
1998-09-21 00:00:00,TILE,10.5
1998-09-22 00:00:00,TILE,10.5
1998-09-23 00:00:00,TILE,10
1998-09-24 00:00:00,TILE,10
1998-09-28 00:00:00,TILE,10
1998-09-29 00:00:00,TILE,10
1998-10-02 00:00:00,TILE,9
1998-10-06 00:00:00,TILE,9
1998-10-09 00:00:00,TILE,9.75
1998-10-12 00:00:00,TILE,9.25
1998-10-14 00:00:00,TILE,9.5
1998-10-15 00:00:00,TILE,9.5
1998-10-19 00:00:00,TILE,9.75
1998-10-20 00:00:00,TILE,10
1998-10-21 00:00:00,TILE,10.25
1998-10-22 00:00:00,TILE,10.25
1998-10-23 00:00:00,TILE,10
1998-10-26 00:00:00,TILE,9
1998-10-27 00:00:00,TILE,8
1998-10-28 00:00:00,TILE,8.5
1998-10-29 00:00:00,TILE,8.75
1998-10-30 00:00:00,TILE,8.75
1998-11-02 00:00:00,TILE,8.75
1998-11-04 00:00:00,TILE,9
1998-11-05 00:00:00,TILE,9.5
1998-11-06 00:00:00,TILE,9.25
1998-11-10 00:00:00,TILE,9
1998-11-12 00:00:00,TILE,9.25
1998-11-13 00:00:00,TILE,9.25
1998-11-17 00:00:00,TILE,9.25
1998-11-18 00:00:00,TILE,9.25
1998-11-19 00:00:00,TILE,9.25
1998-11-20 00:00:00,TILE,9.25
1998-11-23 00:00:00,TILE,9.5
1998-11-24 00:00:00,TILE,9.5
1998-11-25 00:00:00,TILE,9.5
1998-11-26 00:00:00,TILE,9.5
1998-11-30 00:00:00,TILE,9.25
1998-12-01 00:00:00,TILE,9.75
1998-12-02 00:00:00,TILE,9.25
1998-12-08 00:00:00,TILE,9.25
1998-12-09 00:00:00,TILE,9
1998-12-14 00:00:00,TILE,9
1998-12-15 00:00:00,TILE,8.5
1998-12-18 00:00:00,TILE,9
1998-12-21 00:00:00,TILE,9
1998-12-29 00:00:00,TILE,8.25
1998-12-31 00:00:00,TILE,9.25
1998-01-02 00:00:00,TKYO,59
1998-01-05 00:00:00,TKYO,59
1998-01-06 00:00:00,TKYO,59
1998-01-08 00:00:00,TKYO,58
1998-01-09 00:00:00,TKYO,59
1998-01-13 00:00:00,TKYO,56
1998-01-15 00:00:00,TKYO,56
1998-01-16 00:00:00,TKYO,56
1998-01-19 00:00:00,TKYO,55.5
1998-01-21 00:00:00,TKYO,54
1998-01-28 00:00:00,TKYO,53
1998-01-29 00:00:00,TKYO,52
1998-01-30 00:00:00,TKYO,53
1998-02-11 00:00:00,TKYO,57
1998-02-13 00:00:00,TKYO,57
1998-02-16 00:00:00,TKYO,59.75
1998-02-18 00:00:00,TKYO,59.75
1998-02-19 00:00:00,TKYO,62.5
1998-02-20 00:00:00,TKYO,62
1998-02-23 00:00:00,TKYO,60
1998-02-24 00:00:00,TKYO,60
1998-02-25 00:00:00,TKYO,60
1998-02-26 00:00:00,TKYO,61
1998-02-27 00:00:00,TKYO,60
1998-03-02 00:00:00,TKYO,62
1998-03-03 00:00:00,TKYO,63
1998-03-04 00:00:00,TKYO,63
1998-03-05 00:00:00,TKYO,63
1998-03-06 00:00:00,TKYO,62
1998-03-10 00:00:00,TKYO,61
1998-03-11 00:00:00,TKYO,61
1998-03-13 00:00:00,TKYO,61
1998-03-16 00:00:00,TKYO,62
1998-03-17 00:00:00,TKYO,62
1998-03-18 00:00:00,TKYO,60.5
1998-03-19 00:00:00,TKYO,62.5
1998-03-20 00:00:00,TKYO,63
1998-03-23 00:00:00,TKYO,63
1998-03-24 00:00:00,TKYO,64
1998-03-25 00:00:00,TKYO,64
1998-03-26 00:00:00,TKYO,64
1998-03-27 00:00:00,TKYO,64
1998-03-30 00:00:00,TKYO,64.75
1998-03-31 00:00:00,TKYO,64
1998-04-01 00:00:00,TKYO,64.75
1998-04-03 00:00:00,TKYO,64.5
1998-04-06 00:00:00,TKYO,64.5
1998-04-09 00:00:00,TKYO,64.25
1998-04-15 00:00:00,TKYO,64.5
1998-04-16 00:00:00,TKYO,64
1998-04-17 00:00:00,TKYO,66.5
1998-04-20 00:00:00,TKYO,68
1998-04-21 00:00:00,TKYO,68
1998-04-22 00:00:00,TKYO,70
1998-04-23 00:00:00,TKYO,70
1998-04-24 00:00:00,TKYO,69
1998-04-27 00:00:00,TKYO,68
1998-04-28 00:00:00,TKYO,68
1998-04-29 00:00:00,TKYO,74
1998-04-30 00:00:00,TKYO,73.5
1998-05-04 00:00:00,TKYO,71
1998-05-05 00:00:00,TKYO,72
1998-05-06 00:00:00,TKYO,69.75
1998-05-07 00:00:00,TKYO,69
1998-05-08 00:00:00,TKYO,69
1998-05-13 00:00:00,TKYO,69
1998-05-14 00:00:00,TKYO,68
1998-05-15 00:00:00,TKYO,61
1998-05-18 00:00:00,TKYO,65
1998-05-20 00:00:00,TKYO,65
1998-05-21 00:00:00,TKYO,63.75
1998-05-22 00:00:00,TKYO,65.5
1998-05-25 00:00:00,TKYO,65
1998-05-26 00:00:00,TKYO,64.5
1998-05-29 00:00:00,TKYO,54
1998-06-01 00:00:00,TKYO,54
1998-06-03 00:00:00,TKYO,56.5
1998-06-04 00:00:00,TKYO,56.5
1998-06-05 00:00:00,TKYO,56
1998-06-08 00:00:00,TKYO,56
1998-06-10 00:00:00,TKYO,56
1998-06-11 00:00:00,TKYO,55.5
1998-06-12 00:00:00,TKYO,52
1998-06-15 00:00:00,TKYO,49
1998-06-16 00:00:00,TKYO,49
1998-06-17 00:00:00,TKYO,50
1998-06-19 00:00:00,TKYO,51
1998-06-22 00:00:00,TKYO,52
1998-06-23 00:00:00,TKYO,52.75
1998-06-24 00:00:00,TKYO,51
1998-06-25 00:00:00,TKYO,50
1998-06-26 00:00:00,TKYO,52.5
1998-07-02 00:00:00,TKYO,55
1998-07-03 00:00:00,TKYO,55
1998-07-08 00:00:00,TKYO,56
1998-07-13 00:00:00,TKYO,55
1998-07-14 00:00:00,TKYO,56
1998-07-16 00:00:00,TKYO,56
1998-07-20 00:00:00,TKYO,56
1998-07-22 00:00:00,TKYO,52
1998-07-23 00:00:00,TKYO,52
1998-07-24 00:00:00,TKYO,52
1998-07-27 00:00:00,TKYO,52
1998-07-28 00:00:00,TKYO,52.25
1998-07-29 00:00:00,TKYO,52.25
1998-07-30 00:00:00,TKYO,52.25
1998-07-31 00:00:00,TKYO,51
1998-08-04 00:00:00,TKYO,52
1998-08-05 00:00:00,TKYO,52
1998-08-10 00:00:00,TKYO,52
1998-08-11 00:00:00,TKYO,51
1998-08-13 00:00:00,TKYO,50
1998-08-14 00:00:00,TKYO,50
1998-08-19 00:00:00,TKYO,49
1998-08-20 00:00:00,TKYO,48.5
1998-08-25 00:00:00,TKYO,45
1998-08-27 00:00:00,TKYO,42
1998-08-28 00:00:00,TKYO,42.5
1998-08-31 00:00:00,TKYO,42
1998-09-01 00:00:00,TKYO,41
1998-09-02 00:00:00,TKYO,40
1998-09-03 00:00:00,TKYO,40
1998-09-04 00:00:00,TKYO,40
1998-09-07 00:00:00,TKYO,40
1998-09-08 00:00:00,TKYO,45
1998-09-09 00:00:00,TKYO,45
1998-09-10 00:00:00,TKYO,45
1998-09-11 00:00:00,TKYO,45
1998-09-14 00:00:00,TKYO,48
1998-09-15 00:00:00,TKYO,48
1998-09-16 00:00:00,TKYO,52
1998-09-17 00:00:00,TKYO,50
1998-09-18 00:00:00,TKYO,48
1998-09-21 00:00:00,TKYO,50
1998-09-22 00:00:00,TKYO,50.5
1998-09-23 00:00:00,TKYO,52
1998-09-24 00:00:00,TKYO,52
1998-09-28 00:00:00,TKYO,52
1998-09-29 00:00:00,TKYO,49
1998-10-01 00:00:00,TKYO,45.5
1998-10-02 00:00:00,TKYO,48.5
1998-10-07 00:00:00,TKYO,50
1998-10-08 00:00:00,TKYO,47.5
1998-10-09 00:00:00,TKYO,46.75
1998-10-12 00:00:00,TKYO,46.5
1998-10-13 00:00:00,TKYO,46.5
1998-10-14 00:00:00,TKYO,46
1998-10-20 00:00:00,TKYO,48
1998-10-27 00:00:00,TKYO,49.5
1998-10-30 00:00:00,TKYO,51
1998-11-02 00:00:00,TKYO,51
1998-11-04 00:00:00,TKYO,51
1998-11-05 00:00:00,TKYO,52
1998-11-09 00:00:00,TKYO,50
1998-11-10 00:00:00,TKYO,52
1998-11-11 00:00:00,TKYO,52
1998-11-12 00:00:00,TKYO,52
1998-11-13 00:00:00,TKYO,54
1998-11-16 00:00:00,TKYO,58
1998-11-17 00:00:00,TKYO,57.5
1998-11-18 00:00:00,TKYO,57
1998-11-19 00:00:00,TKYO,55
1998-11-20 00:00:00,TKYO,55
1998-11-23 00:00:00,TKYO,56.5
1998-11-24 00:00:00,TKYO,57
1998-11-25 00:00:00,TKYO,60
1998-11-26 00:00:00,TKYO,58
1998-11-27 00:00:00,TKYO,58
1998-11-30 00:00:00,TKYO,59
1998-12-01 00:00:00,TKYO,63.25
1998-12-02 00:00:00,TKYO,62.5
1998-12-04 00:00:00,TKYO,59
1998-12-07 00:00:00,TKYO,61.75
1998-12-08 00:00:00,TKYO,62
1998-12-09 00:00:00,TKYO,60
1998-12-10 00:00:00,TKYO,61
1998-12-11 00:00:00,TKYO,61.5
1998-12-14 00:00:00,TKYO,63
1998-12-15 00:00:00,TKYO,61.5
1998-12-17 00:00:00,TKYO,60
1998-12-18 00:00:00,TKYO,59.75
1998-12-21 00:00:00,TKYO,63
1998-12-22 00:00:00,TKYO,62
1998-12-23 00:00:00,TKYO,63
1998-12-24 00:00:00,TKYO,67.75
1998-12-28 00:00:00,TKYO,67.75
1998-12-29 00:00:00,TKYO,67.75
1998-12-30 00:00:00,TKYO,65.75
1998-12-31 00:00:00,TKYO,65.5
1998-01-02 00:00:00,TRAN,34
1998-01-05 00:00:00,TRAN,35.5
1998-01-06 00:00:00,TRAN,35.5
1998-01-07 00:00:00,TRAN,36
1998-01-08 00:00:00,TRAN,33.5
1998-01-13 00:00:00,TRAN,32.5
1998-01-16 00:00:00,TRAN,33
1998-01-19 00:00:00,TRAN,32.5
1998-01-20 00:00:00,TRAN,32.25
1998-01-23 00:00:00,TRAN,33
1998-01-26 00:00:00,TRAN,32.5
1998-01-27 00:00:00,TRAN,32
1998-01-28 00:00:00,TRAN,33.5
1998-01-29 00:00:00,TRAN,32
1998-02-03 00:00:00,TRAN,32.5
1998-02-06 00:00:00,TRAN,32.5
1998-02-09 00:00:00,TRAN,32.5
1998-02-11 00:00:00,TRAN,32.5
1998-02-12 00:00:00,TRAN,32
1998-02-13 00:00:00,TRAN,33
1998-02-16 00:00:00,TRAN,33
1998-02-17 00:00:00,TRAN,33.5
1998-02-18 00:00:00,TRAN,33.5
1998-02-19 00:00:00,TRAN,35
1998-02-20 00:00:00,TRAN,35
1998-02-23 00:00:00,TRAN,35
1998-02-24 00:00:00,TRAN,34.5
1998-02-25 00:00:00,TRAN,34
1998-02-26 00:00:00,TRAN,34.5
1998-02-27 00:00:00,TRAN,35
1998-03-02 00:00:00,TRAN,34.5
1998-03-03 00:00:00,TRAN,34.5
1998-03-04 00:00:00,TRAN,34
1998-03-05 00:00:00,TRAN,34
1998-03-06 00:00:00,TRAN,34
1998-03-09 00:00:00,TRAN,33.25
1998-03-10 00:00:00,TRAN,34
1998-03-13 00:00:00,TRAN,34
1998-03-16 00:00:00,TRAN,33
1998-03-18 00:00:00,TRAN,35
1998-03-19 00:00:00,TRAN,35
1998-03-20 00:00:00,TRAN,36
1998-03-23 00:00:00,TRAN,35.75
1998-03-24 00:00:00,TRAN,35.75
1998-03-27 00:00:00,TRAN,34.25
1998-03-31 00:00:00,TRAN,33.75
1998-04-01 00:00:00,TRAN,34
1998-04-02 00:00:00,TRAN,34
1998-04-09 00:00:00,TRAN,34.25
1998-04-15 00:00:00,TRAN,34.5
1998-04-17 00:00:00,TRAN,35
1998-04-20 00:00:00,TRAN,35.25
1998-04-21 00:00:00,TRAN,35
1998-04-22 00:00:00,TRAN,35
1998-04-23 00:00:00,TRAN,36.5
1998-04-24 00:00:00,TRAN,35
1998-04-27 00:00:00,TRAN,34.5
1998-04-28 00:00:00,TRAN,35
1998-04-29 00:00:00,TRAN,35.5
1998-04-30 00:00:00,TRAN,36
1998-05-05 00:00:00,TRAN,35
1998-05-06 00:00:00,TRAN,35
1998-05-08 00:00:00,TRAN,36.5
1998-05-13 00:00:00,TRAN,36
1998-05-14 00:00:00,TRAN,34.5
1998-05-19 00:00:00,TRAN,36
1998-05-21 00:00:00,TRAN,32.25
1998-05-22 00:00:00,TRAN,33.5
1998-05-25 00:00:00,TRAN,34
1998-05-26 00:00:00,TRAN,33.5
1998-05-28 00:00:00,TRAN,32.25
1998-05-29 00:00:00,TRAN,32.25
1998-06-01 00:00:00,TRAN,30
1998-06-03 00:00:00,TRAN,30.25
1998-06-04 00:00:00,TRAN,30
1998-06-05 00:00:00,TRAN,29.5
1998-06-08 00:00:00,TRAN,30
1998-06-10 00:00:00,TRAN,30
1998-06-11 00:00:00,TRAN,30
1998-06-12 00:00:00,TRAN,29
1998-06-15 00:00:00,TRAN,28
1998-06-16 00:00:00,TRAN,26.25
1998-06-17 00:00:00,TRAN,28
1998-06-19 00:00:00,TRAN,30
1998-06-22 00:00:00,TRAN,29
1998-06-24 00:00:00,TRAN,29
1998-07-02 00:00:00,TRAN,26.25
1998-07-03 00:00:00,TRAN,27
1998-07-10 00:00:00,TRAN,27
1998-07-13 00:00:00,TRAN,27
1998-07-14 00:00:00,TRAN,27
1998-07-16 00:00:00,TRAN,27
1998-07-20 00:00:00,TRAN,27
1998-07-23 00:00:00,TRAN,25
1998-07-24 00:00:00,TRAN,25
1998-07-28 00:00:00,TRAN,25
1998-07-29 00:00:00,TRAN,24
1998-08-03 00:00:00,TRAN,25
1998-08-04 00:00:00,TRAN,25
1998-08-05 00:00:00,TRAN,25
1998-08-06 00:00:00,TRAN,25
1998-08-11 00:00:00,TRAN,25
1998-08-12 00:00:00,TRAN,25.25
1998-08-13 00:00:00,TRAN,25.25
1998-08-14 00:00:00,TRAN,23.75
1998-08-17 00:00:00,TRAN,20.25
1998-08-18 00:00:00,TRAN,21.5
1998-08-20 00:00:00,TRAN,20
1998-08-21 00:00:00,TRAN,20
1998-08-24 00:00:00,TRAN,20
1998-08-25 00:00:00,TRAN,19
1998-08-26 00:00:00,TRAN,22.75
1998-08-27 00:00:00,TRAN,20
1998-08-28 00:00:00,TRAN,19
1998-08-31 00:00:00,TRAN,20
1998-09-01 00:00:00,TRAN,20
1998-09-11 00:00:00,TRAN,20
1998-09-16 00:00:00,TRAN,21
1998-09-17 00:00:00,TRAN,21
1998-09-18 00:00:00,TRAN,20
1998-09-29 00:00:00,TRAN,18.25
1998-10-01 00:00:00,TRAN,19
1998-10-02 00:00:00,TRAN,18
1998-10-07 00:00:00,TRAN,18
1998-10-14 00:00:00,TRAN,18
1998-10-16 00:00:00,TRAN,18
1998-10-19 00:00:00,TRAN,18
1998-10-20 00:00:00,TRAN,18
1998-10-22 00:00:00,TRAN,18
1998-10-27 00:00:00,TRAN,18
1998-10-28 00:00:00,TRAN,18
1998-10-29 00:00:00,TRAN,18
1998-10-30 00:00:00,TRAN,18
1998-11-11 00:00:00,TRAN,18
1998-11-13 00:00:00,TRAN,18
1998-11-16 00:00:00,TRAN,18.5
1998-11-17 00:00:00,TRAN,20
1998-11-18 00:00:00,TRAN,20
1998-11-19 00:00:00,TRAN,19
1998-11-20 00:00:00,TRAN,22
1998-11-24 00:00:00,TRAN,22
1998-11-25 00:00:00,TRAN,22
1998-11-26 00:00:00,TRAN,22
1998-11-27 00:00:00,TRAN,22
1998-11-30 00:00:00,TRAN,21
1998-12-02 00:00:00,TRAN,21
1998-12-08 00:00:00,TRAN,21.25
1998-12-11 00:00:00,TRAN,22
1998-12-14 00:00:00,TRAN,22
1998-12-15 00:00:00,TRAN,20.5
1998-12-24 00:00:00,TRAN,21
1998-12-29 00:00:00,TRAN,24
1998-12-30 00:00:00,TRAN,23.75
1998-12-31 00:00:00,TRAN,23.5
1998-01-05 00:00:00,TSML,55.25
1998-01-06 00:00:00,TSML,55.5
1998-01-07 00:00:00,TSML,55.5
1998-01-08 00:00:00,TSML,55
1998-01-09 00:00:00,TSML,55
1998-01-15 00:00:00,TSML,51
1998-01-16 00:00:00,TSML,48.5
1998-01-19 00:00:00,TSML,49
1998-01-20 00:00:00,TSML,50
1998-01-21 00:00:00,TSML,50
1998-01-22 00:00:00,TSML,48
1998-01-23 00:00:00,TSML,48
1998-01-26 00:00:00,TSML,47.25
1998-01-27 00:00:00,TSML,48
1998-01-28 00:00:00,TSML,47.25
1998-01-29 00:00:00,TSML,47.25
1998-01-30 00:00:00,TSML,47.5
1998-02-02 00:00:00,TSML,47.5
1998-02-03 00:00:00,TSML,47.5
1998-02-09 00:00:00,TSML,47
1998-02-11 00:00:00,TSML,47
1998-02-12 00:00:00,TSML,47.5
1998-02-13 00:00:00,TSML,48
1998-02-17 00:00:00,TSML,51
1998-02-18 00:00:00,TSML,52.5
1998-02-19 00:00:00,TSML,53
1998-02-20 00:00:00,TSML,53
1998-02-23 00:00:00,TSML,53.25
1998-02-24 00:00:00,TSML,53
1998-02-25 00:00:00,TSML,51
1998-02-27 00:00:00,TSML,51
1998-03-02 00:00:00,TSML,51
1998-03-03 00:00:00,TSML,51
1998-03-04 00:00:00,TSML,50.25
1998-03-05 00:00:00,TSML,50.25
1998-03-06 00:00:00,TSML,50
1998-03-09 00:00:00,TSML,50.25
1998-03-10 00:00:00,TSML,50
1998-03-11 00:00:00,TSML,50
1998-03-13 00:00:00,TSML,50
1998-03-16 00:00:00,TSML,50
1998-03-17 00:00:00,TSML,50
1998-03-18 00:00:00,TSML,51.25
1998-03-19 00:00:00,TSML,51.75
1998-03-20 00:00:00,TSML,58
1998-03-23 00:00:00,TSML,58
1998-03-24 00:00:00,TSML,60
1998-03-25 00:00:00,TSML,60
1998-03-26 00:00:00,TSML,60
1998-03-27 00:00:00,TSML,60
1998-03-30 00:00:00,TSML,55.25
1998-04-01 00:00:00,TSML,57
1998-04-03 00:00:00,TSML,55.5
1998-04-06 00:00:00,TSML,55.5
1998-04-07 00:00:00,TSML,56
1998-04-08 00:00:00,TSML,56.25
1998-04-09 00:00:00,TSML,58.5
1998-04-15 00:00:00,TSML,58.5
1998-04-16 00:00:00,TSML,58.5
1998-04-17 00:00:00,TSML,63
1998-04-20 00:00:00,TSML,62
1998-04-21 00:00:00,TSML,63
1998-04-22 00:00:00,TSML,64
1998-04-23 00:00:00,TSML,67
1998-04-24 00:00:00,TSML,66
1998-04-27 00:00:00,TSML,63.5
1998-04-28 00:00:00,TSML,65
1998-04-29 00:00:00,TSML,65.5
1998-04-30 00:00:00,TSML,67.5
1998-05-04 00:00:00,TSML,69
1998-05-05 00:00:00,TSML,69
1998-05-06 00:00:00,TSML,69.5
1998-05-07 00:00:00,TSML,65
1998-05-13 00:00:00,TSML,69
1998-05-15 00:00:00,TSML,60
1998-05-18 00:00:00,TSML,65
1998-05-19 00:00:00,TSML,67
1998-05-20 00:00:00,TSML,57.25
1998-05-21 00:00:00,TSML,62
1998-05-22 00:00:00,TSML,62.5
1998-05-25 00:00:00,TSML,62
1998-05-26 00:00:00,TSML,60
1998-05-27 00:00:00,TSML,55
1998-05-28 00:00:00,TSML,54
1998-05-29 00:00:00,TSML,54
1998-06-01 00:00:00,TSML,49.25
1998-06-02 00:00:00,TSML,55
1998-06-03 00:00:00,TSML,54
1998-06-04 00:00:00,TSML,50
1998-06-05 00:00:00,TSML,51
1998-06-08 00:00:00,TSML,49
1998-06-11 00:00:00,TSML,50
1998-06-12 00:00:00,TSML,49
1998-06-15 00:00:00,TSML,43
1998-06-16 00:00:00,TSML,43
1998-06-17 00:00:00,TSML,46
1998-06-18 00:00:00,TSML,47
1998-06-19 00:00:00,TSML,48.25
1998-06-22 00:00:00,TSML,48.5
1998-06-24 00:00:00,TSML,45
1998-06-25 00:00:00,TSML,40
1998-06-26 00:00:00,TSML,42
1998-06-29 00:00:00,TSML,44
1998-06-30 00:00:00,TSML,44
1998-07-01 00:00:00,TSML,45
1998-07-03 00:00:00,TSML,47
1998-07-06 00:00:00,TSML,47
1998-07-08 00:00:00,TSML,46
1998-07-10 00:00:00,TSML,46
1998-07-13 00:00:00,TSML,46
1998-07-14 00:00:00,TSML,46
1998-07-15 00:00:00,TSML,45
1998-07-16 00:00:00,TSML,42.75
1998-07-20 00:00:00,TSML,40
1998-07-21 00:00:00,TSML,41
1998-07-22 00:00:00,TSML,44
1998-07-23 00:00:00,TSML,43.25
1998-07-24 00:00:00,TSML,44.75
1998-07-27 00:00:00,TSML,45
1998-07-28 00:00:00,TSML,44
1998-07-29 00:00:00,TSML,45
1998-07-30 00:00:00,TSML,46
1998-07-31 00:00:00,TSML,46
1998-08-03 00:00:00,TSML,45.25
1998-08-04 00:00:00,TSML,45
1998-08-05 00:00:00,TSML,43.5
1998-08-06 00:00:00,TSML,43.25
1998-08-10 00:00:00,TSML,42
1998-08-11 00:00:00,TSML,42
1998-08-12 00:00:00,TSML,42
1998-08-14 00:00:00,TSML,40
1998-08-19 00:00:00,TSML,40.25
1998-08-20 00:00:00,TSML,40
1998-08-21 00:00:00,TSML,40
1998-08-24 00:00:00,TSML,38
1998-08-25 00:00:00,TSML,38
1998-08-26 00:00:00,TSML,35
1998-08-27 00:00:00,TSML,37
1998-08-28 00:00:00,TSML,36
1998-08-31 00:00:00,TSML,35
1998-09-01 00:00:00,TSML,33
1998-09-02 00:00:00,TSML,33.5
1998-09-03 00:00:00,TSML,31
1998-09-04 00:00:00,TSML,32
1998-09-08 00:00:00,TSML,31.25
1998-09-09 00:00:00,TSML,32.5
1998-09-10 00:00:00,TSML,33
1998-09-11 00:00:00,TSML,35
1998-09-14 00:00:00,TSML,35
1998-09-15 00:00:00,TSML,35.25
1998-09-16 00:00:00,TSML,36.5
1998-09-17 00:00:00,TSML,35
1998-09-21 00:00:00,TSML,32
1998-09-22 00:00:00,TSML,35
1998-09-23 00:00:00,TSML,35
1998-09-24 00:00:00,TSML,35.25
1998-09-25 00:00:00,TSML,37
1998-09-28 00:00:00,TSML,36
1998-09-29 00:00:00,TSML,35.25
1998-09-30 00:00:00,TSML,35
1998-10-02 00:00:00,TSML,34.25
1998-10-07 00:00:00,TSML,33
1998-10-09 00:00:00,TSML,33
1998-10-12 00:00:00,TSML,33
1998-10-13 00:00:00,TSML,33
1998-10-14 00:00:00,TSML,33
1998-10-15 00:00:00,TSML,33
1998-10-16 00:00:00,TSML,33
1998-10-19 00:00:00,TSML,33
1998-10-21 00:00:00,TSML,33.25
1998-10-22 00:00:00,TSML,33.25
1998-10-29 00:00:00,TSML,33.75
1998-10-30 00:00:00,TSML,33
1998-11-02 00:00:00,TSML,33
1998-11-04 00:00:00,TSML,33
1998-11-05 00:00:00,TSML,33.5
1998-11-06 00:00:00,TSML,33
1998-11-09 00:00:00,TSML,33.25
1998-11-10 00:00:00,TSML,33
1998-11-11 00:00:00,TSML,33
1998-11-12 00:00:00,TSML,33
1998-11-13 00:00:00,TSML,33
1998-11-17 00:00:00,TSML,33.25
1998-11-18 00:00:00,TSML,34
1998-11-19 00:00:00,TSML,33.25
1998-11-23 00:00:00,TSML,33.5
1998-11-24 00:00:00,TSML,33.5
1998-11-25 00:00:00,TSML,34
1998-11-27 00:00:00,TSML,34.5
1998-12-08 00:00:00,TSML,34.5
1998-12-11 00:00:00,TSML,34
1998-12-14 00:00:00,TSML,34
1998-12-16 00:00:00,TSML,34
1998-12-17 00:00:00,TSML,33
1998-12-18 00:00:00,TSML,33.25
1998-12-29 00:00:00,TSML,34
1998-12-31 00:00:00,TSML,36
1998-01-02 00:00:00,TYRE,14.5
1998-01-05 00:00:00,TYRE,14.75
1998-01-06 00:00:00,TYRE,14.25
1998-01-07 00:00:00,TYRE,13.75
1998-01-08 00:00:00,TYRE,12.75
1998-01-09 00:00:00,TYRE,12.75
1998-01-13 00:00:00,TYRE,12.5
1998-01-15 00:00:00,TYRE,12
1998-01-16 00:00:00,TYRE,12
1998-01-19 00:00:00,TYRE,11.5
1998-01-20 00:00:00,TYRE,11.5
1998-01-21 00:00:00,TYRE,11
1998-01-22 00:00:00,TYRE,10.75
1998-01-23 00:00:00,TYRE,10.25
1998-01-26 00:00:00,TYRE,10
1998-01-27 00:00:00,TYRE,11.25
1998-01-28 00:00:00,TYRE,11
1998-01-29 00:00:00,TYRE,11
1998-01-30 00:00:00,TYRE,11
1998-02-02 00:00:00,TYRE,11
1998-02-03 00:00:00,TYRE,11
1998-02-06 00:00:00,TYRE,11.25
1998-02-09 00:00:00,TYRE,11.25
1998-02-11 00:00:00,TYRE,11
1998-02-12 00:00:00,TYRE,10.75
1998-02-13 00:00:00,TYRE,11
1998-02-16 00:00:00,TYRE,10.75
1998-02-17 00:00:00,TYRE,10.5
1998-02-18 00:00:00,TYRE,10.75
1998-02-19 00:00:00,TYRE,11.25
1998-02-20 00:00:00,TYRE,12.75
1998-02-23 00:00:00,TYRE,12
1998-02-24 00:00:00,TYRE,11.5
1998-02-25 00:00:00,TYRE,11.25
1998-02-26 00:00:00,TYRE,11.5
1998-02-27 00:00:00,TYRE,11.5
1998-03-02 00:00:00,TYRE,11.5
1998-03-03 00:00:00,TYRE,11.75
1998-03-04 00:00:00,TYRE,11.5
1998-03-05 00:00:00,TYRE,11.75
1998-03-06 00:00:00,TYRE,11.5
1998-03-09 00:00:00,TYRE,11.25
1998-03-10 00:00:00,TYRE,11.25
1998-03-11 00:00:00,TYRE,11.25
1998-03-13 00:00:00,TYRE,11.5
1998-03-16 00:00:00,TYRE,12
1998-03-17 00:00:00,TYRE,12
1998-03-18 00:00:00,TYRE,12.5
1998-03-19 00:00:00,TYRE,12.5
1998-03-20 00:00:00,TYRE,12.75
1998-03-23 00:00:00,TYRE,12.5
1998-03-24 00:00:00,TYRE,12.5
1998-03-25 00:00:00,TYRE,12.5
1998-03-26 00:00:00,TYRE,12.25
1998-03-27 00:00:00,TYRE,12
1998-03-30 00:00:00,TYRE,11.75
1998-03-31 00:00:00,TYRE,11.5
1998-04-01 00:00:00,TYRE,11.5
1998-04-02 00:00:00,TYRE,11.5
1998-04-03 00:00:00,TYRE,11.25
1998-04-06 00:00:00,TYRE,12.25
1998-04-07 00:00:00,TYRE,12.25
1998-04-08 00:00:00,TYRE,12.25
1998-04-09 00:00:00,TYRE,11.75
1998-04-15 00:00:00,TYRE,11.75
1998-04-16 00:00:00,TYRE,12
1998-04-17 00:00:00,TYRE,12
1998-04-20 00:00:00,TYRE,12
1998-04-21 00:00:00,TYRE,12.25
1998-04-22 00:00:00,TYRE,12
1998-04-23 00:00:00,TYRE,12
1998-04-24 00:00:00,TYRE,12.5
1998-04-27 00:00:00,TYRE,12
1998-04-28 00:00:00,TYRE,13.5
1998-04-29 00:00:00,TYRE,13
1998-04-30 00:00:00,TYRE,13
1998-05-04 00:00:00,TYRE,13
1998-05-05 00:00:00,TYRE,13
1998-05-06 00:00:00,TYRE,13
1998-05-07 00:00:00,TYRE,13.25
1998-05-08 00:00:00,TYRE,13.25
1998-05-13 00:00:00,TYRE,13
1998-05-14 00:00:00,TYRE,12.75
1998-05-15 00:00:00,TYRE,12
1998-05-18 00:00:00,TYRE,12
1998-05-19 00:00:00,TYRE,11.25
1998-05-20 00:00:00,TYRE,11
1998-05-21 00:00:00,TYRE,11.25
1998-05-22 00:00:00,TYRE,11.25
1998-05-25 00:00:00,TYRE,11
1998-05-26 00:00:00,TYRE,11
1998-05-27 00:00:00,TYRE,10.5
1998-05-28 00:00:00,TYRE,11
1998-05-29 00:00:00,TYRE,10.25
1998-06-01 00:00:00,TYRE,10
1998-06-02 00:00:00,TYRE,10
1998-06-03 00:00:00,TYRE,10
1998-06-04 00:00:00,TYRE,10
1998-06-05 00:00:00,TYRE,9.25
1998-06-08 00:00:00,TYRE,9
1998-06-10 00:00:00,TYRE,9.75
1998-06-11 00:00:00,TYRE,8.75
1998-06-12 00:00:00,TYRE,9
1998-06-15 00:00:00,TYRE,8
1998-06-16 00:00:00,TYRE,8.25
1998-06-17 00:00:00,TYRE,8.5
1998-06-18 00:00:00,TYRE,8.75
1998-06-19 00:00:00,TYRE,9
1998-06-22 00:00:00,TYRE,9
1998-06-23 00:00:00,TYRE,8.75
1998-06-24 00:00:00,TYRE,8.5
1998-06-25 00:00:00,TYRE,8.5
1998-06-26 00:00:00,TYRE,9
1998-06-29 00:00:00,TYRE,9
1998-06-30 00:00:00,TYRE,8.75
1998-07-01 00:00:00,TYRE,9
1998-07-02 00:00:00,TYRE,9
1998-07-03 00:00:00,TYRE,9
1998-07-06 00:00:00,TYRE,9
1998-07-08 00:00:00,TYRE,9
1998-07-10 00:00:00,TYRE,9
1998-07-14 00:00:00,TYRE,8.75
1998-07-15 00:00:00,TYRE,8.75
1998-07-16 00:00:00,TYRE,8.5
1998-07-17 00:00:00,TYRE,8.5
1998-07-20 00:00:00,TYRE,8.5
1998-07-21 00:00:00,TYRE,9
1998-07-22 00:00:00,TYRE,12
1998-07-23 00:00:00,TYRE,10
1998-07-24 00:00:00,TYRE,10
1998-07-27 00:00:00,TYRE,10
1998-07-28 00:00:00,TYRE,10.25
1998-07-29 00:00:00,TYRE,10.5
1998-07-30 00:00:00,TYRE,10.5
1998-07-31 00:00:00,TYRE,10
1998-08-03 00:00:00,TYRE,10.25
1998-08-04 00:00:00,TYRE,10.25
1998-08-05 00:00:00,TYRE,10.25
1998-08-06 00:00:00,TYRE,10.25
1998-08-10 00:00:00,TYRE,10.5
1998-08-11 00:00:00,TYRE,10.25
1998-08-12 00:00:00,TYRE,10.25
1998-08-13 00:00:00,TYRE,10
1998-08-14 00:00:00,TYRE,10
1998-08-17 00:00:00,TYRE,9.75
1998-08-18 00:00:00,TYRE,9.5
1998-08-19 00:00:00,TYRE,9.5
1998-08-20 00:00:00,TYRE,10
1998-08-21 00:00:00,TYRE,9.5
1998-08-24 00:00:00,TYRE,8.25
1998-08-25 00:00:00,TYRE,8.75
1998-08-26 00:00:00,TYRE,9
1998-08-27 00:00:00,TYRE,9
1998-08-28 00:00:00,TYRE,9
1998-08-31 00:00:00,TYRE,8.5
1998-09-01 00:00:00,TYRE,7.75
1998-09-02 00:00:00,TYRE,7.5
1998-09-03 00:00:00,TYRE,8
1998-09-04 00:00:00,TYRE,8
1998-09-07 00:00:00,TYRE,8
1998-09-08 00:00:00,TYRE,8.25
1998-09-09 00:00:00,TYRE,8.5
1998-09-10 00:00:00,TYRE,8.5
1998-09-11 00:00:00,TYRE,9
1998-09-14 00:00:00,TYRE,9
1998-09-15 00:00:00,TYRE,8.75
1998-09-16 00:00:00,TYRE,9
1998-09-17 00:00:00,TYRE,8.75
1998-09-18 00:00:00,TYRE,8.5
1998-09-21 00:00:00,TYRE,11.5
1998-09-22 00:00:00,TYRE,12.75
1998-09-23 00:00:00,TYRE,11.5
1998-09-24 00:00:00,TYRE,10.5
1998-09-25 00:00:00,TYRE,10.5
1998-09-28 00:00:00,TYRE,11.75
1998-09-29 00:00:00,TYRE,10.75
1998-09-30 00:00:00,TYRE,10.5
1998-10-01 00:00:00,TYRE,10.5
1998-10-02 00:00:00,TYRE,10.5
1998-10-06 00:00:00,TYRE,10
1998-10-07 00:00:00,TYRE,10
1998-10-08 00:00:00,TYRE,9.75
1998-10-09 00:00:00,TYRE,9.75
1998-10-12 00:00:00,TYRE,9.75
1998-10-13 00:00:00,TYRE,9.75
1998-10-14 00:00:00,TYRE,9.5
1998-10-15 00:00:00,TYRE,9.5
1998-10-16 00:00:00,TYRE,9.5
1998-10-19 00:00:00,TYRE,9.75
1998-10-20 00:00:00,TYRE,10.25
1998-10-22 00:00:00,TYRE,9.75
1998-10-23 00:00:00,TYRE,9.75
1998-10-26 00:00:00,TYRE,9.75
1998-10-27 00:00:00,TYRE,10
1998-10-28 00:00:00,TYRE,9.75
1998-10-29 00:00:00,TYRE,9.75
1998-10-30 00:00:00,TYRE,10
1998-11-02 00:00:00,TYRE,10.25
1998-11-04 00:00:00,TYRE,11
1998-11-05 00:00:00,TYRE,11.5
1998-11-06 00:00:00,TYRE,10.75
1998-11-09 00:00:00,TYRE,10.5
1998-11-10 00:00:00,TYRE,10.5
1998-11-11 00:00:00,TYRE,10.5
1998-11-12 00:00:00,TYRE,10.5
1998-11-13 00:00:00,TYRE,10.75
1998-11-16 00:00:00,TYRE,11.5
1998-11-17 00:00:00,TYRE,11
1998-11-18 00:00:00,TYRE,10.75
1998-11-19 00:00:00,TYRE,10.5
1998-11-20 00:00:00,TYRE,10.75
1998-11-23 00:00:00,TYRE,10.5
1998-11-24 00:00:00,TYRE,10.5
1998-11-25 00:00:00,TYRE,10.75
1998-11-26 00:00:00,TYRE,10.75
1998-11-27 00:00:00,TYRE,11.25
1998-11-30 00:00:00,TYRE,11.5
1998-12-01 00:00:00,TYRE,11.5
1998-12-02 00:00:00,TYRE,11.5
1998-12-04 00:00:00,TYRE,11
1998-12-07 00:00:00,TYRE,11.5
1998-12-08 00:00:00,TYRE,12
1998-12-09 00:00:00,TYRE,12.5
1998-12-10 00:00:00,TYRE,12.5
1998-12-11 00:00:00,TYRE,12.25
1998-12-14 00:00:00,TYRE,12.25
1998-12-15 00:00:00,TYRE,11.5
1998-12-16 00:00:00,TYRE,11.75
1998-12-17 00:00:00,TYRE,11.5
1998-12-18 00:00:00,TYRE,11.5
1998-12-21 00:00:00,TYRE,11.75
1998-12-22 00:00:00,TYRE,11.75
1998-12-23 00:00:00,TYRE,11.75
1998-12-24 00:00:00,TYRE,11.75
1998-12-28 00:00:00,TYRE,12
1998-12-29 00:00:00,TYRE,12
1998-12-30 00:00:00,TYRE,12
1998-12-31 00:00:00,TYRE,12.5
1998-01-02 00:00:00,UAL,42
1998-01-05 00:00:00,UAL,40.25
1998-01-08 00:00:00,UAL,40.25
1998-01-09 00:00:00,UAL,40.25
1998-01-15 00:00:00,UAL,40
1998-01-21 00:00:00,UAL,39
1998-01-30 00:00:00,UAL,35
1998-02-13 00:00:00,UAL,36
1998-02-17 00:00:00,UAL,35
1998-02-26 00:00:00,UAL,36.25
1998-03-05 00:00:00,UAL,36.25
1998-03-10 00:00:00,UAL,36
1998-03-11 00:00:00,UAL,36.25
1998-03-13 00:00:00,UAL,36
1998-03-17 00:00:00,UAL,36
1998-03-20 00:00:00,UAL,39
1998-03-23 00:00:00,UAL,40
1998-03-25 00:00:00,UAL,39
1998-03-26 00:00:00,UAL,39.5
1998-04-01 00:00:00,UAL,39.5
1998-04-16 00:00:00,UAL,43
1998-04-17 00:00:00,UAL,44
1998-04-21 00:00:00,UAL,43
1998-04-22 00:00:00,UAL,45
1998-04-28 00:00:00,UAL,43
1998-04-30 00:00:00,UAL,40
1998-06-08 00:00:00,UAL,40.5
1998-06-12 00:00:00,UAL,35
1998-06-15 00:00:00,UAL,35
1998-06-16 00:00:00,UAL,35
1998-06-24 00:00:00,UAL,30
1998-06-25 00:00:00,UAL,26
1998-06-26 00:00:00,UAL,26
1998-06-29 00:00:00,UAL,30
1998-06-30 00:00:00,UAL,30
1998-07-01 00:00:00,UAL,30
1998-07-02 00:00:00,UAL,30
1998-07-08 00:00:00,UAL,30
1998-07-13 00:00:00,UAL,32.75
1998-07-15 00:00:00,UAL,30
1998-07-17 00:00:00,UAL,28
1998-07-20 00:00:00,UAL,28
1998-07-21 00:00:00,UAL,28
1998-07-22 00:00:00,UAL,26
1998-07-24 00:00:00,UAL,26
1998-07-29 00:00:00,UAL,26.25
1998-08-11 00:00:00,UAL,26.25
1998-08-12 00:00:00,UAL,26.25
1998-08-13 00:00:00,UAL,26
1998-08-17 00:00:00,UAL,25
1998-08-26 00:00:00,UAL,25
1998-09-01 00:00:00,UAL,25
1998-09-02 00:00:00,UAL,21.75
1998-09-03 00:00:00,UAL,20
1998-09-04 00:00:00,UAL,20
1998-09-07 00:00:00,UAL,20.25
1998-09-10 00:00:00,UAL,22
1998-09-11 00:00:00,UAL,25
1998-09-15 00:00:00,UAL,26
1998-09-16 00:00:00,UAL,26
1998-09-17 00:00:00,UAL,27.5
1998-09-18 00:00:00,UAL,24
1998-09-24 00:00:00,UAL,24.5
1998-10-01 00:00:00,UAL,24.5
1998-10-06 00:00:00,UAL,24.5
1998-10-08 00:00:00,UAL,24.5
1998-10-09 00:00:00,UAL,25
1998-10-12 00:00:00,UAL,25
1998-10-13 00:00:00,UAL,25
1998-10-14 00:00:00,UAL,25.25
1998-10-15 00:00:00,UAL,30
1998-10-16 00:00:00,UAL,27
1998-10-22 00:00:00,UAL,25.5
1998-10-26 00:00:00,UAL,25.5
1998-10-27 00:00:00,UAL,25.25
1998-10-29 00:00:00,UAL,25
1998-11-02 00:00:00,UAL,25
1998-11-11 00:00:00,UAL,24
1998-11-12 00:00:00,UAL,24
1998-11-16 00:00:00,UAL,25.5
1998-11-17 00:00:00,UAL,25.5
1998-11-19 00:00:00,UAL,30
1998-11-24 00:00:00,UAL,26.75
1998-11-25 00:00:00,UAL,30
1998-11-26 00:00:00,UAL,28.25
1998-11-27 00:00:00,UAL,28.5
1998-12-02 00:00:00,UAL,29
1998-12-04 00:00:00,UAL,29
1998-12-07 00:00:00,UAL,30
1998-12-08 00:00:00,UAL,29
1998-12-10 00:00:00,UAL,28.5
1998-12-14 00:00:00,UAL,27.25
1998-12-15 00:00:00,UAL,27.25
1998-12-16 00:00:00,UAL,27.25
1998-12-17 00:00:00,UAL,27.25
1998-12-18 00:00:00,UAL,27
1998-12-29 00:00:00,UAL,29
1998-12-31 00:00:00,UAL,29
1998-01-29 00:00:00,UCAR,22
1998-02-25 00:00:00,UCAR,25
1998-03-02 00:00:00,UCAR,27
1998-03-16 00:00:00,UCAR,26
1998-04-24 00:00:00,UCAR,24
1998-05-08 00:00:00,UCAR,23
1998-05-22 00:00:00,UCAR,23
1998-05-25 00:00:00,UCAR,25
1998-05-26 00:00:00,UCAR,27.25
1998-06-18 00:00:00,UCAR,21
1998-06-19 00:00:00,UCAR,20
1998-06-26 00:00:00,UCAR,19
1998-07-21 00:00:00,UCAR,20
1998-07-27 00:00:00,UCAR,19
1998-07-28 00:00:00,UCAR,19
1998-07-29 00:00:00,UCAR,19
1998-08-14 00:00:00,UCAR,18
1998-10-07 00:00:00,UCAR,18.25
1998-10-08 00:00:00,UCAR,18.25
1998-10-20 00:00:00,UCAR,15
1998-11-06 00:00:00,UCAR,14.25
1998-11-27 00:00:00,UCAR,15.25
1998-11-30 00:00:00,UCAR,16
1998-12-04 00:00:00,UCAR,19.5
1998-05-04 00:00:00,UDPL,59.5
1998-05-05 00:00:00,UDPL,59.5
1998-05-06 00:00:00,UDPL,58.5
1998-05-07 00:00:00,UDPL,59
1998-05-08 00:00:00,UDPL,61
1998-05-13 00:00:00,UDPL,63
1998-05-14 00:00:00,UDPL,63
1998-05-15 00:00:00,UDPL,61.5
1998-05-18 00:00:00,UDPL,60.75
1998-05-19 00:00:00,UDPL,60
1998-05-20 00:00:00,UDPL,58
1998-05-21 00:00:00,UDPL,60
1998-05-22 00:00:00,UDPL,63.5
1998-05-25 00:00:00,UDPL,64
1998-05-26 00:00:00,UDPL,62.75
1998-05-27 00:00:00,UDPL,61
1998-05-28 00:00:00,UDPL,60.25
1998-05-29 00:00:00,UDPL,60.25
1998-06-01 00:00:00,UDPL,58.25
1998-06-02 00:00:00,UDPL,60
1998-06-03 00:00:00,UDPL,58
1998-06-04 00:00:00,UDPL,55.5
1998-06-05 00:00:00,UDPL,53.5
1998-06-08 00:00:00,UDPL,55
1998-06-10 00:00:00,UDPL,55
1998-06-11 00:00:00,UDPL,50.25
1998-06-12 00:00:00,UDPL,50
1998-06-15 00:00:00,UDPL,39
1998-06-16 00:00:00,UDPL,39.75
1998-06-17 00:00:00,UDPL,39
1998-06-18 00:00:00,UDPL,42
1998-06-19 00:00:00,UDPL,43
1998-06-22 00:00:00,UDPL,40
1998-06-23 00:00:00,UDPL,39.25
1998-06-24 00:00:00,UDPL,37.5
1998-06-25 00:00:00,UDPL,38.5
1998-06-26 00:00:00,UDPL,41
1998-06-29 00:00:00,UDPL,45
1998-06-30 00:00:00,UDPL,46
1998-07-01 00:00:00,UDPL,48
1998-07-02 00:00:00,UDPL,50
1998-07-03 00:00:00,UDPL,52
1998-07-06 00:00:00,UDPL,51
1998-07-08 00:00:00,UDPL,50
1998-07-10 00:00:00,UDPL,51
1998-07-13 00:00:00,UDPL,49
1998-07-14 00:00:00,UDPL,47.25
1998-07-15 00:00:00,UDPL,46
1998-07-16 00:00:00,UDPL,49.5
1998-07-17 00:00:00,UDPL,49.75
1998-07-20 00:00:00,UDPL,52.75
1998-07-21 00:00:00,UDPL,52
1998-07-22 00:00:00,UDPL,53
1998-07-23 00:00:00,UDPL,53
1998-07-24 00:00:00,UDPL,53
1998-07-27 00:00:00,UDPL,52
1998-07-28 00:00:00,UDPL,52
1998-07-29 00:00:00,UDPL,52
1998-07-30 00:00:00,UDPL,50.5
1998-07-31 00:00:00,UDPL,51.75
1998-08-03 00:00:00,UDPL,52.25
1998-08-04 00:00:00,UDPL,51.75
1998-08-05 00:00:00,UDPL,54.5
1998-08-06 00:00:00,UDPL,54
1998-08-10 00:00:00,UDPL,56
1998-08-11 00:00:00,UDPL,56.25
1998-08-12 00:00:00,UDPL,60
1998-08-13 00:00:00,UDPL,59.75
1998-08-14 00:00:00,UDPL,59.5
1998-08-17 00:00:00,UDPL,56.75
1998-08-18 00:00:00,UDPL,57.75
1998-08-19 00:00:00,UDPL,56.75
1998-08-20 00:00:00,UDPL,58
1998-08-21 00:00:00,UDPL,57.5
1998-08-24 00:00:00,UDPL,57
1998-08-25 00:00:00,UDPL,57.5
1998-08-26 00:00:00,UDPL,57
1998-08-27 00:00:00,UDPL,57
1998-08-28 00:00:00,UDPL,53
1998-08-31 00:00:00,UDPL,53
1998-09-01 00:00:00,UDPL,47
1998-09-02 00:00:00,UDPL,45
1998-09-03 00:00:00,UDPL,45
1998-09-04 00:00:00,UDPL,45
1998-09-07 00:00:00,UDPL,42.75
1998-09-08 00:00:00,UDPL,43
1998-09-09 00:00:00,UDPL,44
1998-09-10 00:00:00,UDPL,41
1998-09-11 00:00:00,UDPL,41.5
1998-09-14 00:00:00,UDPL,39.5
1998-09-15 00:00:00,UDPL,43.5
1998-09-16 00:00:00,UDPL,44.25
1998-09-17 00:00:00,UDPL,44
1998-09-18 00:00:00,UDPL,42.5
1998-09-21 00:00:00,UDPL,43
1998-09-22 00:00:00,UDPL,43
1998-09-23 00:00:00,UDPL,42
1998-09-24 00:00:00,UDPL,42
1998-09-25 00:00:00,UDPL,41
1998-09-28 00:00:00,UDPL,41
1998-09-29 00:00:00,UDPL,39.5
1998-09-30 00:00:00,UDPL,39
1998-10-01 00:00:00,UDPL,38
1998-10-02 00:00:00,UDPL,37.5
1998-10-06 00:00:00,UDPL,35
1998-10-07 00:00:00,UDPL,35
1998-10-08 00:00:00,UDPL,33
1998-10-09 00:00:00,UDPL,31
1998-10-12 00:00:00,UDPL,30.25
1998-10-13 00:00:00,UDPL,29
1998-10-14 00:00:00,UDPL,27
1998-10-15 00:00:00,UDPL,25.25
1998-10-16 00:00:00,UDPL,25.75
1998-10-19 00:00:00,UDPL,26.75
1998-10-20 00:00:00,UDPL,28.5
1998-10-21 00:00:00,UDPL,27.5
1998-10-22 00:00:00,UDPL,27
1998-10-23 00:00:00,UDPL,27
1998-10-26 00:00:00,UDPL,27.25
1998-10-27 00:00:00,UDPL,27
1998-10-28 00:00:00,UDPL,27.25
1998-10-29 00:00:00,UDPL,27.25
1998-10-30 00:00:00,UDPL,26.5
1998-11-02 00:00:00,UDPL,26.75
1998-11-04 00:00:00,UDPL,26.5
1998-11-05 00:00:00,UDPL,26.5
1998-11-06 00:00:00,UDPL,26.25
1998-11-09 00:00:00,UDPL,26
1998-11-10 00:00:00,UDPL,24.75
1998-11-11 00:00:00,UDPL,23
1998-11-12 00:00:00,UDPL,24
1998-11-13 00:00:00,UDPL,25.75
1998-11-16 00:00:00,UDPL,26
1998-11-17 00:00:00,UDPL,27.75
1998-11-18 00:00:00,UDPL,27.75
1998-11-19 00:00:00,UDPL,26.25
1998-11-20 00:00:00,UDPL,26
1998-11-23 00:00:00,UDPL,24.5
1998-11-24 00:00:00,UDPL,27
1998-11-25 00:00:00,UDPL,27.5
1998-11-26 00:00:00,UDPL,27
1998-11-27 00:00:00,UDPL,27
1998-11-30 00:00:00,UDPL,26.5
1998-12-01 00:00:00,UDPL,27.75
1998-12-02 00:00:00,UDPL,26
1998-12-04 00:00:00,UDPL,26
1998-12-07 00:00:00,UDPL,26
1998-12-08 00:00:00,UDPL,25
1998-12-09 00:00:00,UDPL,24.5
1998-12-10 00:00:00,UDPL,25.75
1998-12-11 00:00:00,UDPL,26.25
1998-12-14 00:00:00,UDPL,26
1998-12-15 00:00:00,UDPL,26
1998-12-16 00:00:00,UDPL,26.25
1998-12-17 00:00:00,UDPL,25.75
1998-12-18 00:00:00,UDPL,25.5
1998-12-21 00:00:00,UDPL,25
1998-12-22 00:00:00,UDPL,25
1998-12-23 00:00:00,UDPL,25
1998-12-24 00:00:00,UDPL,25.25
1998-12-28 00:00:00,UDPL,25
1998-12-29 00:00:00,UDPL,25
1998-12-30 00:00:00,UDPL,25
1998-12-31 00:00:00,UDPL,25.5
1998-01-05 00:00:00,UML,47
1998-01-06 00:00:00,UML,47
1998-01-07 00:00:00,UML,47
1998-01-08 00:00:00,UML,48
1998-01-13 00:00:00,UML,45
1998-01-15 00:00:00,UML,45
1998-01-16 00:00:00,UML,45
1998-01-22 00:00:00,UML,45
1998-01-23 00:00:00,UML,44
1998-02-16 00:00:00,UML,44
1998-02-18 00:00:00,UML,43
1998-02-19 00:00:00,UML,43
1998-02-23 00:00:00,UML,43.75
1998-02-25 00:00:00,UML,44
1998-02-26 00:00:00,UML,43
1998-02-27 00:00:00,UML,43
1998-03-02 00:00:00,UML,43
1998-03-03 00:00:00,UML,43
1998-03-05 00:00:00,UML,43
1998-03-06 00:00:00,UML,40.25
1998-03-09 00:00:00,UML,41
1998-03-10 00:00:00,UML,41
1998-03-11 00:00:00,UML,41.25
1998-03-13 00:00:00,UML,41
1998-03-17 00:00:00,UML,41
1998-03-19 00:00:00,UML,42
1998-03-20 00:00:00,UML,42.75
1998-03-23 00:00:00,UML,42.5
1998-03-24 00:00:00,UML,43.25
1998-03-25 00:00:00,UML,43
1998-03-26 00:00:00,UML,43
1998-03-27 00:00:00,UML,43
1998-03-30 00:00:00,UML,43
1998-03-31 00:00:00,UML,41.5
1998-04-01 00:00:00,UML,41
1998-04-02 00:00:00,UML,40
1998-04-03 00:00:00,UML,41
1998-04-09 00:00:00,UML,42
1998-04-16 00:00:00,UML,42
1998-04-17 00:00:00,UML,43
1998-04-20 00:00:00,UML,43
1998-04-21 00:00:00,UML,43.25
1998-04-22 00:00:00,UML,44
1998-04-27 00:00:00,UML,43
1998-04-29 00:00:00,UML,43
1998-04-30 00:00:00,UML,42
1998-05-04 00:00:00,UML,42.5
1998-05-05 00:00:00,UML,43
1998-05-06 00:00:00,UML,42
1998-05-13 00:00:00,UML,40
1998-05-18 00:00:00,UML,39
1998-05-21 00:00:00,UML,39
1998-05-22 00:00:00,UML,39.5
1998-05-25 00:00:00,UML,39.5
1998-05-28 00:00:00,UML,38
1998-05-29 00:00:00,UML,37.75
1998-06-02 00:00:00,UML,37
1998-06-04 00:00:00,UML,35
1998-06-05 00:00:00,UML,38
1998-06-15 00:00:00,UML,35
1998-06-17 00:00:00,UML,34.5
1998-06-18 00:00:00,UML,34.5
1998-06-19 00:00:00,UML,34
1998-06-22 00:00:00,UML,34
1998-06-24 00:00:00,UML,32
1998-06-25 00:00:00,UML,30
1998-06-26 00:00:00,UML,30
1998-07-02 00:00:00,UML,32
1998-07-06 00:00:00,UML,33
1998-07-10 00:00:00,UML,35
1998-07-13 00:00:00,UML,35
1998-07-14 00:00:00,UML,36
1998-07-16 00:00:00,UML,35
1998-07-20 00:00:00,UML,32
1998-07-21 00:00:00,UML,32
1998-07-22 00:00:00,UML,33
1998-07-24 00:00:00,UML,32
1998-07-27 00:00:00,UML,32
1998-07-31 00:00:00,UML,34
1998-08-04 00:00:00,UML,35
1998-08-05 00:00:00,UML,32.5
1998-08-06 00:00:00,UML,32.5
1998-08-20 00:00:00,UML,30.25
1998-08-21 00:00:00,UML,30
1998-08-26 00:00:00,UML,26
1998-08-27 00:00:00,UML,26
1998-08-28 00:00:00,UML,28.25
1998-08-31 00:00:00,UML,28.25
1998-09-01 00:00:00,UML,27
1998-09-02 00:00:00,UML,26
1998-09-03 00:00:00,UML,26
1998-09-04 00:00:00,UML,26
1998-09-07 00:00:00,UML,26
1998-09-08 00:00:00,UML,26
1998-09-11 00:00:00,UML,26
1998-09-16 00:00:00,UML,27
1998-09-17 00:00:00,UML,28
1998-09-18 00:00:00,UML,28
1998-09-28 00:00:00,UML,30
1998-09-29 00:00:00,UML,30.75
1998-09-30 00:00:00,UML,30.5
1998-10-06 00:00:00,UML,30.75
1998-10-07 00:00:00,UML,30.75
1998-10-08 00:00:00,UML,30.25
1998-10-14 00:00:00,UML,30
1998-10-16 00:00:00,UML,30
1998-10-22 00:00:00,UML,30
1998-10-23 00:00:00,UML,30
1998-10-29 00:00:00,UML,29.25
1998-11-04 00:00:00,UML,30
1998-11-05 00:00:00,UML,30
1998-11-06 00:00:00,UML,33
1998-11-10 00:00:00,UML,33
1998-11-11 00:00:00,UML,33
1998-11-12 00:00:00,UML,33
1998-11-13 00:00:00,UML,34
1998-11-17 00:00:00,UML,30
1998-11-18 00:00:00,UML,32.5
1998-11-19 00:00:00,UML,32
1998-11-20 00:00:00,UML,32
1998-11-23 00:00:00,UML,32
1998-11-24 00:00:00,UML,32
1998-11-25 00:00:00,UML,32.75
1998-11-26 00:00:00,UML,33
1998-11-27 00:00:00,UML,32
1998-11-30 00:00:00,UML,32.25
1998-12-01 00:00:00,UML,32.75
1998-12-02 00:00:00,UML,32.5
1998-12-04 00:00:00,UML,32.5
1998-12-07 00:00:00,UML,32.25
1998-12-08 00:00:00,UML,32
1998-12-09 00:00:00,UML,32
1998-12-10 00:00:00,UML,30.25
1998-12-14 00:00:00,UML,30.25
1998-12-18 00:00:00,UML,31.5
1998-12-22 00:00:00,UML,30
1998-12-23 00:00:00,UML,31
1998-12-24 00:00:00,UML,31
1998-12-28 00:00:00,UML,31.5
1998-12-29 00:00:00,UML,32.5
1998-12-30 00:00:00,UML,32
1998-12-31 00:00:00,UML,32.5
1998-01-02 00:00:00,VANI,13.5
1998-01-05 00:00:00,VANI,13.75
1998-01-06 00:00:00,VANI,13.25
1998-01-07 00:00:00,VANI,13.5
1998-01-08 00:00:00,VANI,13
1998-01-09 00:00:00,VANI,12.75
1998-01-13 00:00:00,VANI,12.5
1998-01-15 00:00:00,VANI,12
1998-01-16 00:00:00,VANI,11.75
1998-01-19 00:00:00,VANI,11
1998-01-20 00:00:00,VANI,11.5
1998-01-21 00:00:00,VANI,11.25
1998-01-22 00:00:00,VANI,11
1998-01-23 00:00:00,VANI,10.75
1998-01-26 00:00:00,VANI,10.75
1998-01-27 00:00:00,VANI,10.5
1998-01-28 00:00:00,VANI,10.5
1998-01-29 00:00:00,VANI,10.5
1998-01-30 00:00:00,VANI,11
1998-02-02 00:00:00,VANI,11
1998-02-03 00:00:00,VANI,11
1998-02-06 00:00:00,VANI,11
1998-02-09 00:00:00,VANI,11.25
1998-02-11 00:00:00,VANI,11.25
1998-02-12 00:00:00,VANI,11
1998-02-13 00:00:00,VANI,11.25
1998-02-16 00:00:00,VANI,11.25
1998-02-17 00:00:00,VANI,11
1998-02-18 00:00:00,VANI,11.25
1998-02-19 00:00:00,VANI,11.5
1998-02-20 00:00:00,VANI,11.75
1998-02-23 00:00:00,VANI,11.25
1998-02-24 00:00:00,VANI,11
1998-02-25 00:00:00,VANI,11
1998-02-26 00:00:00,VANI,11
1998-02-27 00:00:00,VANI,10.75
1998-03-02 00:00:00,VANI,10.75
1998-03-03 00:00:00,VANI,10.25
1998-03-04 00:00:00,VANI,10.5
1998-03-05 00:00:00,VANI,10.25
1998-03-06 00:00:00,VANI,10
1998-03-09 00:00:00,VANI,10
1998-03-10 00:00:00,VANI,9.75
1998-03-11 00:00:00,VANI,10
1998-03-13 00:00:00,VANI,9.75
1998-03-16 00:00:00,VANI,10
1998-03-17 00:00:00,VANI,10
1998-03-18 00:00:00,VANI,10.25
1998-03-19 00:00:00,VANI,10
1998-03-20 00:00:00,VANI,10
1998-03-23 00:00:00,VANI,10
1998-03-24 00:00:00,VANI,10
1998-03-25 00:00:00,VANI,10
1998-03-26 00:00:00,VANI,10
1998-03-27 00:00:00,VANI,10
1998-03-30 00:00:00,VANI,10
1998-03-31 00:00:00,VANI,10
1998-04-01 00:00:00,VANI,9.75
1998-04-02 00:00:00,VANI,9.5
1998-04-03 00:00:00,VANI,9.25
1998-04-06 00:00:00,VANI,9.25
1998-04-07 00:00:00,VANI,9.5
1998-04-08 00:00:00,VANI,9.75
1998-04-09 00:00:00,VANI,9.5
1998-04-15 00:00:00,VANI,9
1998-04-16 00:00:00,VANI,9.5
1998-04-17 00:00:00,VANI,9.25
1998-04-20 00:00:00,VANI,9.25
1998-04-21 00:00:00,VANI,9.25
1998-04-22 00:00:00,VANI,9
1998-04-23 00:00:00,VANI,9.5
1998-04-24 00:00:00,VANI,10
1998-04-27 00:00:00,VANI,9.5
1998-04-28 00:00:00,VANI,9.5
1998-04-29 00:00:00,VANI,9.25
1998-04-30 00:00:00,VANI,9.5
1998-05-04 00:00:00,VANI,9.5
1998-05-05 00:00:00,VANI,9.5
1998-05-06 00:00:00,VANI,10
1998-05-07 00:00:00,VANI,10.5
1998-05-08 00:00:00,VANI,12.25
1998-05-13 00:00:00,VANI,11.75
1998-05-14 00:00:00,VANI,11.25
1998-05-15 00:00:00,VANI,11
1998-05-18 00:00:00,VANI,11.75
1998-05-19 00:00:00,VANI,11.25
1998-05-20 00:00:00,VANI,10.25
1998-05-21 00:00:00,VANI,10.75
1998-05-22 00:00:00,VANI,10.75
1998-05-25 00:00:00,VANI,10.5
1998-05-26 00:00:00,VANI,10.5
1998-05-27 00:00:00,VANI,10.5
1998-05-28 00:00:00,VANI,10.25
1998-05-29 00:00:00,VANI,10
1998-06-01 00:00:00,VANI,9.75
1998-06-02 00:00:00,VANI,9.75
1998-06-03 00:00:00,VANI,9.75
1998-06-04 00:00:00,VANI,9.5
1998-06-05 00:00:00,VANI,9
1998-06-08 00:00:00,VANI,9.25
1998-06-10 00:00:00,VANI,8.75
1998-06-11 00:00:00,VANI,8.75
1998-06-12 00:00:00,VANI,8.75
1998-06-15 00:00:00,VANI,7.75
1998-06-16 00:00:00,VANI,7.75
1998-06-17 00:00:00,VANI,7.25
1998-06-18 00:00:00,VANI,8.25
1998-06-19 00:00:00,VANI,8.25
1998-06-22 00:00:00,VANI,7.75
1998-06-23 00:00:00,VANI,8
1998-06-24 00:00:00,VANI,7.5
1998-06-25 00:00:00,VANI,7
1998-06-26 00:00:00,VANI,7.75
1998-06-29 00:00:00,VANI,8
1998-06-30 00:00:00,VANI,8.25
1998-07-01 00:00:00,VANI,8.25
1998-07-02 00:00:00,VANI,8
1998-07-03 00:00:00,VANI,8.25
1998-07-06 00:00:00,VANI,8.5
1998-07-08 00:00:00,VANI,8
1998-07-10 00:00:00,VANI,8.75
1998-07-13 00:00:00,VANI,8.25
1998-07-14 00:00:00,VANI,8.25
1998-07-15 00:00:00,VANI,8
1998-07-16 00:00:00,VANI,8.5
1998-07-17 00:00:00,VANI,8.25
1998-07-20 00:00:00,VANI,8.25
1998-07-21 00:00:00,VANI,8.25
1998-07-22 00:00:00,VANI,8.25
1998-07-23 00:00:00,VANI,8.25
1998-07-24 00:00:00,VANI,8.5
1998-07-27 00:00:00,VANI,8.25
1998-07-28 00:00:00,VANI,8.5
1998-07-29 00:00:00,VANI,8.25
1998-07-30 00:00:00,VANI,8.25
1998-07-31 00:00:00,VANI,8.25
1998-08-03 00:00:00,VANI,8
1998-08-04 00:00:00,VANI,7.75
1998-08-05 00:00:00,VANI,7.75
1998-08-06 00:00:00,VANI,8
1998-08-10 00:00:00,VANI,8
1998-08-11 00:00:00,VANI,8.25
1998-08-12 00:00:00,VANI,8
1998-08-13 00:00:00,VANI,8
1998-08-14 00:00:00,VANI,7.75
1998-08-17 00:00:00,VANI,7.75
1998-08-18 00:00:00,VANI,7.75
1998-08-19 00:00:00,VANI,7.5
1998-08-20 00:00:00,VANI,7.25
1998-08-21 00:00:00,VANI,7.5
1998-08-24 00:00:00,VANI,7
1998-08-25 00:00:00,VANI,6.75
1998-08-26 00:00:00,VANI,7
1998-08-27 00:00:00,VANI,7
1998-08-28 00:00:00,VANI,6.75
1998-08-31 00:00:00,VANI,6
1998-09-01 00:00:00,VANI,5.25
1998-09-02 00:00:00,VANI,5.5
1998-09-03 00:00:00,VANI,5.5
1998-09-04 00:00:00,VANI,5.75
1998-09-07 00:00:00,VANI,5.75
1998-09-08 00:00:00,VANI,6
1998-09-09 00:00:00,VANI,6
1998-09-10 00:00:00,VANI,6
1998-09-11 00:00:00,VANI,6
1998-09-14 00:00:00,VANI,6.25
1998-09-15 00:00:00,VANI,6.5
1998-09-16 00:00:00,VANI,7
1998-09-17 00:00:00,VANI,6.75
1998-09-18 00:00:00,VANI,6.5
1998-09-21 00:00:00,VANI,6.75
1998-09-22 00:00:00,VANI,6.75
1998-09-23 00:00:00,VANI,7
1998-09-24 00:00:00,VANI,7
1998-09-25 00:00:00,VANI,7.25
1998-09-28 00:00:00,VANI,7
1998-09-29 00:00:00,VANI,6.75
1998-09-30 00:00:00,VANI,6.75
1998-10-01 00:00:00,VANI,6.75
1998-10-02 00:00:00,VANI,6.75
1998-10-06 00:00:00,VANI,6.5
1998-10-07 00:00:00,VANI,6.5
1998-10-08 00:00:00,VANI,6.5
1998-10-09 00:00:00,VANI,6.5
1998-10-12 00:00:00,VANI,6.5
1998-10-13 00:00:00,VANI,6.25
1998-10-14 00:00:00,VANI,6
1998-10-15 00:00:00,VANI,6.25
1998-10-16 00:00:00,VANI,6.25
1998-10-19 00:00:00,VANI,6.25
1998-10-20 00:00:00,VANI,6.5
1998-10-21 00:00:00,VANI,6.5
1998-10-22 00:00:00,VANI,6.25
1998-10-23 00:00:00,VANI,6.25
1998-10-26 00:00:00,VANI,6.25
1998-10-27 00:00:00,VANI,6.25
1998-10-28 00:00:00,VANI,6.25
1998-10-29 00:00:00,VANI,6.25
1998-10-30 00:00:00,VANI,6.25
1998-11-02 00:00:00,VANI,6.5
1998-11-04 00:00:00,VANI,6.75
1998-11-05 00:00:00,VANI,6.75
1998-11-06 00:00:00,VANI,7
1998-11-09 00:00:00,VANI,7
1998-11-10 00:00:00,VANI,7
1998-11-11 00:00:00,VANI,7
1998-11-12 00:00:00,VANI,7
1998-11-13 00:00:00,VANI,7.25
1998-11-16 00:00:00,VANI,7
1998-11-17 00:00:00,VANI,7.25
1998-11-18 00:00:00,VANI,7.5
1998-11-19 00:00:00,VANI,7.5
1998-11-20 00:00:00,VANI,7.75
1998-11-23 00:00:00,VANI,8.25
1998-11-24 00:00:00,VANI,8.75
1998-11-25 00:00:00,VANI,9.5
1998-11-26 00:00:00,VANI,9
1998-11-27 00:00:00,VANI,8.5
1998-11-30 00:00:00,VANI,8.25
1998-12-01 00:00:00,VANI,8
1998-12-02 00:00:00,VANI,8.5
1998-12-04 00:00:00,VANI,8.25
1998-12-07 00:00:00,VANI,8
1998-12-08 00:00:00,VANI,7.75
1998-12-09 00:00:00,VANI,8
1998-12-10 00:00:00,VANI,7.75
1998-12-11 00:00:00,VANI,8
1998-12-14 00:00:00,VANI,8
1998-12-15 00:00:00,VANI,7.75
1998-12-16 00:00:00,VANI,7.75
1998-12-17 00:00:00,VANI,7.75
1998-12-18 00:00:00,VANI,7.75
1998-12-21 00:00:00,VANI,8
1998-12-22 00:00:00,VANI,7.75
1998-12-23 00:00:00,VANI,7.75
1998-12-24 00:00:00,VANI,7.75
1998-12-28 00:00:00,VANI,8
1998-12-29 00:00:00,VANI,7.75
1998-12-30 00:00:00,VANI,7.75
1998-12-31 00:00:00,VANI,8
1998-01-02 00:00:00,VTEX,4
1998-01-05 00:00:00,VTEX,3.5
1998-01-06 00:00:00,VTEX,3.75
1998-01-07 00:00:00,VTEX,3.75
1998-01-08 00:00:00,VTEX,3.5
1998-01-09 00:00:00,VTEX,3.5
1998-01-13 00:00:00,VTEX,3.25
1998-01-15 00:00:00,VTEX,3.5
1998-01-16 00:00:00,VTEX,3.25
1998-01-19 00:00:00,VTEX,3
1998-01-20 00:00:00,VTEX,3
1998-01-21 00:00:00,VTEX,3
1998-01-22 00:00:00,VTEX,2.75
1998-01-26 00:00:00,VTEX,2.75
1998-01-27 00:00:00,VTEX,2.75
1998-02-02 00:00:00,VTEX,2.75
1998-02-03 00:00:00,VTEX,2.75
1998-02-09 00:00:00,VTEX,2.75
1998-02-11 00:00:00,VTEX,3
1998-02-12 00:00:00,VTEX,3
1998-02-13 00:00:00,VTEX,3.25
1998-02-17 00:00:00,VTEX,3.25
1998-02-18 00:00:00,VTEX,3.25
1998-02-19 00:00:00,VTEX,3.25
1998-02-23 00:00:00,VTEX,3.5
1998-02-24 00:00:00,VTEX,3.25
1998-02-25 00:00:00,VTEX,3
1998-02-26 00:00:00,VTEX,3.75
1998-02-27 00:00:00,VTEX,4
1998-03-02 00:00:00,VTEX,4.75
1998-03-03 00:00:00,VTEX,4.25
1998-03-04 00:00:00,VTEX,4.25
1998-03-05 00:00:00,VTEX,4.5
1998-03-06 00:00:00,VTEX,4.25
1998-03-09 00:00:00,VTEX,4.25
1998-03-10 00:00:00,VTEX,4.5
1998-03-11 00:00:00,VTEX,4.5
1998-03-13 00:00:00,VTEX,4.5
1998-03-16 00:00:00,VTEX,4.25
1998-03-17 00:00:00,VTEX,4
1998-03-18 00:00:00,VTEX,4
1998-03-19 00:00:00,VTEX,4
1998-03-20 00:00:00,VTEX,4
1998-03-23 00:00:00,VTEX,4
1998-03-24 00:00:00,VTEX,4
1998-03-27 00:00:00,VTEX,3.75
1998-03-30 00:00:00,VTEX,3.75
1998-03-31 00:00:00,VTEX,3.75
1998-04-01 00:00:00,VTEX,3.5
1998-04-02 00:00:00,VTEX,3.75
1998-04-03 00:00:00,VTEX,3.5
1998-04-08 00:00:00,VTEX,3.75
1998-04-15 00:00:00,VTEX,3.5
1998-04-17 00:00:00,VTEX,3.5
1998-04-20 00:00:00,VTEX,3.25
1998-04-21 00:00:00,VTEX,3.25
1998-04-22 00:00:00,VTEX,3.5
1998-04-23 00:00:00,VTEX,3.5
1998-04-24 00:00:00,VTEX,3.5
1998-04-27 00:00:00,VTEX,3.5
1998-04-28 00:00:00,VTEX,3.5
1998-04-29 00:00:00,VTEX,3.25
1998-04-30 00:00:00,VTEX,2.75
1998-05-04 00:00:00,VTEX,3.25
1998-05-05 00:00:00,VTEX,2.75
1998-05-06 00:00:00,VTEX,3
1998-05-07 00:00:00,VTEX,2.5
1998-05-08 00:00:00,VTEX,3
1998-05-13 00:00:00,VTEX,2.75
1998-05-14 00:00:00,VTEX,2.75
1998-05-15 00:00:00,VTEX,2.75
1998-05-18 00:00:00,VTEX,2.75
1998-05-19 00:00:00,VTEX,2.75
1998-05-20 00:00:00,VTEX,2.5
1998-05-21 00:00:00,VTEX,2.5
1998-05-22 00:00:00,VTEX,2.5
1998-05-26 00:00:00,VTEX,2.25
1998-05-27 00:00:00,VTEX,2.25
1998-05-28 00:00:00,VTEX,2.25
1998-05-29 00:00:00,VTEX,2.25
1998-06-01 00:00:00,VTEX,2.25
1998-06-02 00:00:00,VTEX,2.5
1998-06-03 00:00:00,VTEX,2.5
1998-06-04 00:00:00,VTEX,2.5
1998-06-05 00:00:00,VTEX,2.5
1998-06-08 00:00:00,VTEX,2.25
1998-06-10 00:00:00,VTEX,2.25
1998-06-11 00:00:00,VTEX,2.25
1998-06-12 00:00:00,VTEX,2.25
1998-06-15 00:00:00,VTEX,2.25
1998-06-16 00:00:00,VTEX,2
1998-06-17 00:00:00,VTEX,1.75
1998-06-22 00:00:00,VTEX,1.75
1998-06-23 00:00:00,VTEX,1.5
1998-06-24 00:00:00,VTEX,1.5
1998-06-25 00:00:00,VTEX,1.5
1998-06-29 00:00:00,VTEX,1.5
1998-06-30 00:00:00,VTEX,1.75
1998-07-01 00:00:00,VTEX,1.5
1998-07-02 00:00:00,VTEX,1.5
1998-07-03 00:00:00,VTEX,1.75
1998-07-06 00:00:00,VTEX,1.5
1998-07-08 00:00:00,VTEX,1.5
1998-07-10 00:00:00,VTEX,1.5
1998-07-13 00:00:00,VTEX,1.5
1998-07-14 00:00:00,VTEX,1.5
1998-07-16 00:00:00,VTEX,1.5
1998-07-17 00:00:00,VTEX,1.5
1998-07-20 00:00:00,VTEX,1.5
1998-07-21 00:00:00,VTEX,1.5
1998-07-22 00:00:00,VTEX,1.5
1998-07-23 00:00:00,VTEX,1.5
1998-07-24 00:00:00,VTEX,1.5
1998-07-27 00:00:00,VTEX,1.5
1998-07-28 00:00:00,VTEX,1.5
1998-07-29 00:00:00,VTEX,1.5
1998-07-30 00:00:00,VTEX,1.5
1998-07-31 00:00:00,VTEX,1.5
1998-08-03 00:00:00,VTEX,1.25
1998-08-04 00:00:00,VTEX,1.25
1998-08-05 00:00:00,VTEX,1.25
1998-08-10 00:00:00,VTEX,1.25
1998-08-11 00:00:00,VTEX,1.25
1998-08-12 00:00:00,VTEX,1.25
1998-08-13 00:00:00,VTEX,1.25
1998-08-14 00:00:00,VTEX,1.25
1998-08-17 00:00:00,VTEX,1.25
1998-08-18 00:00:00,VTEX,1.25
1998-08-19 00:00:00,VTEX,1.25
1998-08-20 00:00:00,VTEX,1.25
1998-08-24 00:00:00,VTEX,1
1998-08-27 00:00:00,VTEX,1
1998-08-28 00:00:00,VTEX,1
1998-08-31 00:00:00,VTEX,1
1998-09-01 00:00:00,VTEX,1
1998-09-02 00:00:00,VTEX,0.7
1998-09-03 00:00:00,VTEX,0.8
1998-09-07 00:00:00,VTEX,0.9
1998-09-08 00:00:00,VTEX,1
1998-09-09 00:00:00,VTEX,1
1998-09-10 00:00:00,VTEX,1
1998-09-11 00:00:00,VTEX,1
1998-09-14 00:00:00,VTEX,1
1998-09-15 00:00:00,VTEX,1
1998-09-16 00:00:00,VTEX,1
1998-09-17 00:00:00,VTEX,1
1998-09-18 00:00:00,VTEX,1
1998-09-21 00:00:00,VTEX,1
1998-09-22 00:00:00,VTEX,1
1998-09-23 00:00:00,VTEX,1
1998-09-24 00:00:00,VTEX,1
1998-09-25 00:00:00,VTEX,1
1998-09-28 00:00:00,VTEX,1.25
1998-09-29 00:00:00,VTEX,1
1998-10-01 00:00:00,VTEX,1
1998-10-02 00:00:00,VTEX,0.7
1998-10-06 00:00:00,VTEX,0.8
1998-10-07 00:00:00,VTEX,0.8
1998-10-08 00:00:00,VTEX,0.8
1998-10-09 00:00:00,VTEX,0.8
1998-10-12 00:00:00,VTEX,0.8
1998-10-13 00:00:00,VTEX,0.8
1998-10-14 00:00:00,VTEX,0.7
1998-10-15 00:00:00,VTEX,0.8
1998-10-16 00:00:00,VTEX,0.8
1998-10-19 00:00:00,VTEX,0.8
1998-10-20 00:00:00,VTEX,0.8
1998-10-21 00:00:00,VTEX,0.8
1998-10-22 00:00:00,VTEX,0.8
1998-10-23 00:00:00,VTEX,0.8
1998-10-26 00:00:00,VTEX,0.9
1998-10-27 00:00:00,VTEX,0.8
1998-10-30 00:00:00,VTEX,0.8
1998-11-02 00:00:00,VTEX,1
1998-11-04 00:00:00,VTEX,1
1998-11-05 00:00:00,VTEX,1.5
1998-11-06 00:00:00,VTEX,2
1998-11-09 00:00:00,VTEX,1.5
1998-11-10 00:00:00,VTEX,1.5
1998-11-11 00:00:00,VTEX,1.75
1998-11-12 00:00:00,VTEX,1.75
1998-11-13 00:00:00,VTEX,1.75
1998-11-16 00:00:00,VTEX,2
1998-11-17 00:00:00,VTEX,2
1998-11-18 00:00:00,VTEX,1.75
1998-11-19 00:00:00,VTEX,1.75
1998-11-20 00:00:00,VTEX,1.75
1998-11-23 00:00:00,VTEX,1.75
1998-11-24 00:00:00,VTEX,1.75
1998-11-25 00:00:00,VTEX,1.75
1998-11-26 00:00:00,VTEX,1.5
1998-11-27 00:00:00,VTEX,1.75
1998-11-30 00:00:00,VTEX,1.5
1998-12-01 00:00:00,VTEX,1.5
1998-12-02 00:00:00,VTEX,1.25
1998-12-04 00:00:00,VTEX,1
1998-12-07 00:00:00,VTEX,1
1998-12-08 00:00:00,VTEX,1
1998-12-09 00:00:00,VTEX,1
1998-12-10 00:00:00,VTEX,1.25
1998-12-11 00:00:00,VTEX,1.25
1998-12-14 00:00:00,VTEX,1.25
1998-12-15 00:00:00,VTEX,1.25
1998-12-16 00:00:00,VTEX,1.25
1998-12-17 00:00:00,VTEX,1.25
1998-12-18 00:00:00,VTEX,1.25
1998-12-21 00:00:00,VTEX,1
1998-12-22 00:00:00,VTEX,1.25
1998-12-23 00:00:00,VTEX,1.25
1998-12-24 00:00:00,VTEX,1
1998-12-28 00:00:00,VTEX,1
1998-12-29 00:00:00,VTEX,1.25
1998-12-30 00:00:00,VTEX,1
1998-12-31 00:00:00,VTEX,1
1998-01-05 00:00:00,WALK,22.75
1998-01-06 00:00:00,WALK,22.75
1998-01-09 00:00:00,WALK,21.25
1998-01-13 00:00:00,WALK,20
1998-01-19 00:00:00,WALK,20.25
1998-01-20 00:00:00,WALK,20
1998-01-21 00:00:00,WALK,18.5
1998-01-23 00:00:00,WALK,22
1998-01-30 00:00:00,WALK,22
1998-02-03 00:00:00,WALK,24
1998-02-06 00:00:00,WALK,24
1998-02-13 00:00:00,WALK,24
1998-02-16 00:00:00,WALK,24
1998-02-17 00:00:00,WALK,26
1998-02-18 00:00:00,WALK,27
1998-02-19 00:00:00,WALK,28
1998-02-20 00:00:00,WALK,28
1998-02-23 00:00:00,WALK,28
1998-02-24 00:00:00,WALK,27
1998-02-26 00:00:00,WALK,28
1998-02-27 00:00:00,WALK,28.5
1998-03-03 00:00:00,WALK,29
1998-03-04 00:00:00,WALK,30
1998-03-05 00:00:00,WALK,30.25
1998-03-06 00:00:00,WALK,30
1998-03-09 00:00:00,WALK,29
1998-03-10 00:00:00,WALK,29
1998-03-11 00:00:00,WALK,29
1998-03-17 00:00:00,WALK,28.25
1998-03-19 00:00:00,WALK,30
1998-03-24 00:00:00,WALK,29.5
1998-03-27 00:00:00,WALK,29.25
1998-03-31 00:00:00,WALK,29.25
1998-04-02 00:00:00,WALK,29
1998-04-07 00:00:00,WALK,29
1998-04-08 00:00:00,WALK,25.25
1998-04-16 00:00:00,WALK,32
1998-04-17 00:00:00,WALK,32
1998-04-20 00:00:00,WALK,31.75
1998-04-21 00:00:00,WALK,34
1998-04-22 00:00:00,WALK,36
1998-04-23 00:00:00,WALK,37
1998-04-24 00:00:00,WALK,36.5
1998-04-27 00:00:00,WALK,36
1998-04-28 00:00:00,WALK,35.75
1998-04-30 00:00:00,WALK,40
1998-05-04 00:00:00,WALK,45
1998-05-05 00:00:00,WALK,42
1998-05-06 00:00:00,WALK,40
1998-05-07 00:00:00,WALK,45
1998-05-08 00:00:00,WALK,45
1998-05-13 00:00:00,WALK,45
1998-05-14 00:00:00,WALK,42.25
1998-05-15 00:00:00,WALK,41.25
1998-05-18 00:00:00,WALK,43.5
1998-05-19 00:00:00,WALK,42
1998-05-20 00:00:00,WALK,39.75
1998-05-21 00:00:00,WALK,40
1998-05-25 00:00:00,WALK,41
1998-05-26 00:00:00,WALK,41
1998-05-28 00:00:00,WALK,40.25
1998-05-29 00:00:00,WALK,41
1998-06-01 00:00:00,WALK,40
1998-06-02 00:00:00,WALK,40
1998-06-03 00:00:00,WALK,40
1998-06-04 00:00:00,WALK,40
1998-06-05 00:00:00,WALK,38.5
1998-06-10 00:00:00,WALK,40
1998-06-11 00:00:00,WALK,44
1998-06-12 00:00:00,WALK,37.75
1998-06-15 00:00:00,WALK,35
1998-06-18 00:00:00,WALK,30.25
1998-06-19 00:00:00,WALK,30.5
1998-06-23 00:00:00,WALK,30.75
1998-07-01 00:00:00,WALK,30.75
1998-07-02 00:00:00,WALK,31
1998-07-06 00:00:00,WALK,31
1998-07-08 00:00:00,WALK,30.25
1998-07-13 00:00:00,WALK,30
1998-07-14 00:00:00,WALK,30
1998-07-24 00:00:00,WALK,35
1998-07-29 00:00:00,WALK,32
1998-08-05 00:00:00,WALK,34
1998-08-06 00:00:00,WALK,35
1998-08-19 00:00:00,WALK,35
1998-09-30 00:00:00,WALK,30
1998-10-02 00:00:00,WALK,30
1998-10-28 00:00:00,WALK,30
1998-11-11 00:00:00,WALK,36.5
1998-11-13 00:00:00,WALK,39
1998-11-16 00:00:00,WALK,42
1998-11-17 00:00:00,WALK,43
1998-11-18 00:00:00,WALK,45
1998-11-19 00:00:00,WALK,45
1998-11-23 00:00:00,WALK,45.5
1998-11-24 00:00:00,WALK,46
1998-11-26 00:00:00,WALK,46
1998-11-30 00:00:00,WALK,46
1998-12-01 00:00:00,WALK,46
1998-12-02 00:00:00,WALK,46
1998-12-04 00:00:00,WALK,46
1998-12-09 00:00:00,WALK,46.5
1998-12-11 00:00:00,WALK,46.5
1998-12-14 00:00:00,WALK,47
1998-12-15 00:00:00,WALK,46
1998-12-16 00:00:00,WALK,46.25
1998-12-22 00:00:00,WALK,50
1998-12-23 00:00:00,WALK,55
1998-12-24 00:00:00,WALK,55
1998-12-28 00:00:00,WALK,60
1998-12-29 00:00:00,WALK,65
1998-12-30 00:00:00,WALK,63
1998-01-02 00:00:00,WATA,35.25
1998-01-05 00:00:00,WATA,35.5
1998-01-06 00:00:00,WATA,34.5
1998-01-07 00:00:00,WATA,33.75
1998-01-08 00:00:00,WATA,33.25
1998-01-09 00:00:00,WATA,33.5
1998-01-13 00:00:00,WATA,32.5
1998-01-15 00:00:00,WATA,32
1998-01-16 00:00:00,WATA,30.75
1998-01-19 00:00:00,WATA,30.25
1998-01-20 00:00:00,WATA,30.25
1998-01-21 00:00:00,WATA,30.25
1998-01-22 00:00:00,WATA,30.5
1998-01-23 00:00:00,WATA,31
1998-01-26 00:00:00,WATA,30
1998-01-27 00:00:00,WATA,30.25
1998-01-28 00:00:00,WATA,29.75
1998-01-29 00:00:00,WATA,29.5
1998-01-30 00:00:00,WATA,29.75
1998-02-02 00:00:00,WATA,29.25
1998-02-03 00:00:00,WATA,29.5
1998-02-06 00:00:00,WATA,29.5
1998-02-09 00:00:00,WATA,29.25
1998-02-11 00:00:00,WATA,29
1998-02-12 00:00:00,WATA,29.25
1998-02-13 00:00:00,WATA,31
1998-02-16 00:00:00,WATA,31
1998-02-17 00:00:00,WATA,31
1998-02-18 00:00:00,WATA,33.5
1998-02-19 00:00:00,WATA,33.5
1998-02-20 00:00:00,WATA,33.25
1998-02-23 00:00:00,WATA,33.25
1998-02-24 00:00:00,WATA,35
1998-02-25 00:00:00,WATA,34.75
1998-02-26 00:00:00,WATA,36.5
1998-02-27 00:00:00,WATA,35.75
1998-03-02 00:00:00,WATA,35.25
1998-03-03 00:00:00,WATA,35.5
1998-03-04 00:00:00,WATA,35.5
1998-03-05 00:00:00,WATA,35.5
1998-03-06 00:00:00,WATA,35.5
1998-03-09 00:00:00,WATA,35.5
1998-03-10 00:00:00,WATA,35.5
1998-03-11 00:00:00,WATA,36
1998-03-13 00:00:00,WATA,36.25
1998-03-16 00:00:00,WATA,37
1998-03-17 00:00:00,WATA,36.75
1998-03-18 00:00:00,WATA,36.5
1998-03-19 00:00:00,WATA,36.5
1998-03-20 00:00:00,WATA,37.25
1998-03-23 00:00:00,WATA,37
1998-03-24 00:00:00,WATA,38.5
1998-03-25 00:00:00,WATA,40
1998-03-26 00:00:00,WATA,38
1998-03-27 00:00:00,WATA,38
1998-03-30 00:00:00,WATA,37
1998-03-31 00:00:00,WATA,38
1998-04-01 00:00:00,WATA,36.5
1998-04-02 00:00:00,WATA,36.5
1998-04-03 00:00:00,WATA,36
1998-04-06 00:00:00,WATA,36.25
1998-04-07 00:00:00,WATA,38
1998-04-08 00:00:00,WATA,38
1998-04-09 00:00:00,WATA,39
1998-04-15 00:00:00,WATA,39.5
1998-04-16 00:00:00,WATA,39.75
1998-04-17 00:00:00,WATA,40.25
1998-04-20 00:00:00,WATA,42
1998-04-21 00:00:00,WATA,41.5
1998-04-22 00:00:00,WATA,42.5
1998-04-23 00:00:00,WATA,44
1998-04-24 00:00:00,WATA,46
1998-04-27 00:00:00,WATA,46
1998-04-28 00:00:00,WATA,49.5
1998-04-29 00:00:00,WATA,53
1998-04-30 00:00:00,WATA,57
1998-05-04 00:00:00,WATA,59.5
1998-05-05 00:00:00,WATA,62.5
1998-05-06 00:00:00,WATA,60
1998-05-07 00:00:00,WATA,61.5
1998-05-08 00:00:00,WATA,63
1998-05-13 00:00:00,WATA,63
1998-05-14 00:00:00,WATA,61.5
1998-05-15 00:00:00,WATA,60
1998-05-18 00:00:00,WATA,60
1998-05-19 00:00:00,WATA,57.5
1998-05-20 00:00:00,WATA,57
1998-05-21 00:00:00,WATA,59
1998-05-22 00:00:00,WATA,60
1998-05-25 00:00:00,WATA,62
1998-05-26 00:00:00,WATA,60
1998-05-27 00:00:00,WATA,60
1998-05-28 00:00:00,WATA,57
1998-05-29 00:00:00,WATA,56
1998-06-01 00:00:00,WATA,50.5
1998-06-02 00:00:00,WATA,55
1998-06-03 00:00:00,WATA,57
1998-06-04 00:00:00,WATA,53.5
1998-06-05 00:00:00,WATA,52
1998-06-08 00:00:00,WATA,53.75
1998-06-10 00:00:00,WATA,53
1998-06-11 00:00:00,WATA,50.25
1998-06-12 00:00:00,WATA,44
1998-06-15 00:00:00,WATA,37.5
1998-06-16 00:00:00,WATA,40
1998-06-17 00:00:00,WATA,40
1998-06-18 00:00:00,WATA,42
1998-06-19 00:00:00,WATA,41
1998-06-22 00:00:00,WATA,39.25
1998-06-23 00:00:00,WATA,38
1998-06-24 00:00:00,WATA,35.25
1998-06-25 00:00:00,WATA,34.75
1998-06-26 00:00:00,WATA,38
1998-06-29 00:00:00,WATA,39
1998-06-30 00:00:00,WATA,40
1998-07-01 00:00:00,WATA,42
1998-07-02 00:00:00,WATA,42.5
1998-07-03 00:00:00,WATA,43
1998-07-06 00:00:00,WATA,42.5
1998-07-08 00:00:00,WATA,42
1998-07-10 00:00:00,WATA,36
1998-07-13 00:00:00,WATA,37.75
1998-07-14 00:00:00,WATA,37.5
1998-07-15 00:00:00,WATA,36
1998-07-16 00:00:00,WATA,36.25
1998-07-17 00:00:00,WATA,36
1998-07-20 00:00:00,WATA,34.75
1998-07-21 00:00:00,WATA,35
1998-07-22 00:00:00,WATA,34.5
1998-07-23 00:00:00,WATA,34.5
1998-07-24 00:00:00,WATA,34.5
1998-07-27 00:00:00,WATA,32.5
1998-07-28 00:00:00,WATA,32
1998-07-29 00:00:00,WATA,31.5
1998-07-30 00:00:00,WATA,33.25
1998-07-31 00:00:00,WATA,34
1998-08-03 00:00:00,WATA,33.25
1998-08-04 00:00:00,WATA,33
1998-08-05 00:00:00,WATA,33
1998-08-06 00:00:00,WATA,32.5
1998-08-10 00:00:00,WATA,31.75
1998-08-11 00:00:00,WATA,31.75
1998-08-12 00:00:00,WATA,32
1998-08-13 00:00:00,WATA,31.75
1998-08-14 00:00:00,WATA,31.25
1998-08-17 00:00:00,WATA,30
1998-08-18 00:00:00,WATA,29.5
1998-08-19 00:00:00,WATA,27.75
1998-08-20 00:00:00,WATA,27.25
1998-08-21 00:00:00,WATA,26.5
1998-08-24 00:00:00,WATA,25.25
1998-08-25 00:00:00,WATA,23.25
1998-08-26 00:00:00,WATA,25
1998-08-27 00:00:00,WATA,24.25
1998-08-28 00:00:00,WATA,20
1998-08-31 00:00:00,WATA,18.25
1998-09-01 00:00:00,WATA,18
1998-09-02 00:00:00,WATA,18.25
1998-09-03 00:00:00,WATA,18
1998-09-04 00:00:00,WATA,19
1998-09-07 00:00:00,WATA,19.5
1998-09-08 00:00:00,WATA,19.5
1998-09-09 00:00:00,WATA,20
1998-09-10 00:00:00,WATA,19.75
1998-09-11 00:00:00,WATA,20
1998-09-14 00:00:00,WATA,20.5
1998-09-15 00:00:00,WATA,21
1998-09-16 00:00:00,WATA,22
1998-09-17 00:00:00,WATA,21
1998-09-18 00:00:00,WATA,20
1998-09-21 00:00:00,WATA,22
1998-09-22 00:00:00,WATA,22
1998-09-23 00:00:00,WATA,21.5
1998-09-24 00:00:00,WATA,22.25
1998-09-25 00:00:00,WATA,22.5
1998-09-28 00:00:00,WATA,22.25
1998-09-29 00:00:00,WATA,21
1998-09-30 00:00:00,WATA,20.25
1998-10-01 00:00:00,WATA,20.25
1998-10-02 00:00:00,WATA,20.5
1998-10-06 00:00:00,WATA,19
1998-10-07 00:00:00,WATA,19.5
1998-10-08 00:00:00,WATA,18.75
1998-10-09 00:00:00,WATA,19
1998-10-12 00:00:00,WATA,18.75
1998-10-13 00:00:00,WATA,17.5
1998-10-14 00:00:00,WATA,16.5
1998-10-15 00:00:00,WATA,16.5
1998-10-16 00:00:00,WATA,17
1998-10-19 00:00:00,WATA,18.5
1998-10-20 00:00:00,WATA,18.5
1998-10-21 00:00:00,WATA,17.5
1998-10-22 00:00:00,WATA,17
1998-10-23 00:00:00,WATA,17
1998-10-26 00:00:00,WATA,17.25
1998-10-27 00:00:00,WATA,17.75
1998-10-28 00:00:00,WATA,18
1998-10-29 00:00:00,WATA,17.75
1998-10-30 00:00:00,WATA,17.5
1998-11-02 00:00:00,WATA,17.25
1998-11-04 00:00:00,WATA,17.25
1998-11-05 00:00:00,WATA,17.75
1998-11-06 00:00:00,WATA,17.5
1998-11-09 00:00:00,WATA,17
1998-11-10 00:00:00,WATA,16.5
1998-11-11 00:00:00,WATA,16.25
1998-11-12 00:00:00,WATA,17
1998-11-13 00:00:00,WATA,17
1998-11-16 00:00:00,WATA,17
1998-11-17 00:00:00,WATA,17
1998-11-18 00:00:00,WATA,16.75
1998-11-19 00:00:00,WATA,16.5
1998-11-20 00:00:00,WATA,16.25
1998-11-23 00:00:00,WATA,15.75
1998-11-24 00:00:00,WATA,15.75
1998-11-25 00:00:00,WATA,18
1998-11-26 00:00:00,WATA,18.5
1998-11-27 00:00:00,WATA,18
1998-11-30 00:00:00,WATA,17.75
1998-12-01 00:00:00,WATA,17.5
1998-12-02 00:00:00,WATA,17.25
1998-12-04 00:00:00,WATA,17.25
1998-12-07 00:00:00,WATA,17.5
1998-12-08 00:00:00,WATA,16.75
1998-12-09 00:00:00,WATA,17.5
1998-12-10 00:00:00,WATA,17.25
1998-12-11 00:00:00,WATA,17.5
1998-12-14 00:00:00,WATA,17.5
1998-12-15 00:00:00,WATA,17.5
1998-12-16 00:00:00,WATA,17.5
1998-12-17 00:00:00,WATA,17
1998-12-18 00:00:00,WATA,17
1998-12-21 00:00:00,WATA,16.5
1998-12-22 00:00:00,WATA,17
1998-12-23 00:00:00,WATA,16.75
1998-12-24 00:00:00,WATA,16.75
1998-12-28 00:00:00,WATA,17.25
1998-12-29 00:00:00,WATA,17
1998-12-30 00:00:00,WATA,16.75
1998-12-31 00:00:00,WATA,17.25
1998-01-02 00:00:00,WMM,10.5
1998-01-05 00:00:00,WMM,10.5
1998-01-06 00:00:00,WMM,10.5
1998-01-08 00:00:00,WMM,10.5
1998-01-15 00:00:00,WMM,10.5
1998-01-16 00:00:00,WMM,10
1998-01-20 00:00:00,WMM,10
1998-01-26 00:00:00,WMM,10
1998-01-27 00:00:00,WMM,10
1998-02-02 00:00:00,WMM,10
1998-02-11 00:00:00,WMM,9
1998-02-12 00:00:00,WMM,9
1998-02-13 00:00:00,WMM,10
1998-02-16 00:00:00,WMM,10
1998-02-17 00:00:00,WMM,10
1998-03-03 00:00:00,WMM,10
1998-03-04 00:00:00,WMM,10
1998-03-06 00:00:00,WMM,10
1998-03-11 00:00:00,WMM,9
1998-03-13 00:00:00,WMM,9
1998-03-18 00:00:00,WMM,8.25
1998-03-19 00:00:00,WMM,10
1998-03-20 00:00:00,WMM,12
1998-03-23 00:00:00,WMM,13
1998-03-24 00:00:00,WMM,10
1998-04-02 00:00:00,WMM,9
1998-04-03 00:00:00,WMM,10
1998-04-08 00:00:00,WMM,9
1998-04-15 00:00:00,WMM,9
1998-04-16 00:00:00,WMM,9.75
1998-04-17 00:00:00,WMM,9.75
1998-04-20 00:00:00,WMM,9.75
1998-04-21 00:00:00,WMM,10
1998-04-22 00:00:00,WMM,9.5
1998-04-24 00:00:00,WMM,10
1998-04-29 00:00:00,WMM,10
1998-04-30 00:00:00,WMM,10
1998-05-05 00:00:00,WMM,10
1998-05-13 00:00:00,WMM,10
1998-05-20 00:00:00,WMM,8
1998-05-21 00:00:00,WMM,8
1998-05-22 00:00:00,WMM,8
1998-05-26 00:00:00,WMM,8
1998-05-27 00:00:00,WMM,8
1998-05-28 00:00:00,WMM,7.75
1998-05-29 00:00:00,WMM,7.75
1998-06-01 00:00:00,WMM,7.75
1998-06-02 00:00:00,WMM,7.75
1998-06-05 00:00:00,WMM,7
1998-06-15 00:00:00,WMM,7
1998-06-16 00:00:00,WMM,7
1998-06-17 00:00:00,WMM,7
1998-06-23 00:00:00,WMM,6
1998-07-14 00:00:00,WMM,5.5
1998-07-15 00:00:00,WMM,5.5
1998-07-22 00:00:00,WMM,5.5
1998-08-06 00:00:00,WMM,5.5
1998-08-18 00:00:00,WMM,8.25
1998-08-19 00:00:00,WMM,8.25
1998-08-20 00:00:00,WMM,7.75
1998-08-21 00:00:00,WMM,7.5
1998-08-24 00:00:00,WMM,7.75
1998-08-25 00:00:00,WMM,7.5
1998-08-28 00:00:00,WMM,7.5
1998-08-31 00:00:00,WMM,7.5
1998-09-01 00:00:00,WMM,7.5
1998-09-03 00:00:00,WMM,7.5
1998-09-10 00:00:00,WMM,6.25
1998-09-14 00:00:00,WMM,6.75
1998-09-17 00:00:00,WMM,8.5
1998-09-24 00:00:00,WMM,9
1998-09-25 00:00:00,WMM,8.75
1998-09-29 00:00:00,WMM,8.75
1998-10-07 00:00:00,WMM,7
1998-10-08 00:00:00,WMM,7.25
1998-10-09 00:00:00,WMM,7
1998-10-13 00:00:00,WMM,7.25
1998-10-14 00:00:00,WMM,7.25
1998-10-19 00:00:00,WMM,7.5
1998-10-20 00:00:00,WMM,7.75
1998-10-21 00:00:00,WMM,9.75
1998-10-22 00:00:00,WMM,8.25
1998-10-26 00:00:00,WMM,8
1998-11-02 00:00:00,WMM,9.5
1998-11-04 00:00:00,WMM,10
1998-11-05 00:00:00,WMM,10
1998-11-09 00:00:00,WMM,10
1998-11-11 00:00:00,WMM,9.75
1998-11-16 00:00:00,WMM,7
1998-11-17 00:00:00,WMM,7.5
1998-11-18 00:00:00,WMM,7.5
1998-11-26 00:00:00,WMM,7.75
1998-11-27 00:00:00,WMM,8.25
1998-12-02 00:00:00,WMM,8.25
1998-12-09 00:00:00,WMM,7.5
1998-12-10 00:00:00,WMM,7.25
1998-12-11 00:00:00,WMM,7.5
1998-12-15 00:00:00,WMM,7.5
1998-12-16 00:00:00,WMM,7.75
1998-12-17 00:00:00,WMM,7.75
1998-12-18 00:00:00,WMM,7.5
1998-12-21 00:00:00,WMM,7.75
1998-12-24 00:00:00,WMM,7.25
1998-12-28 00:00:00,WMM,8
1998-12-29 00:00:00,WMM,8.5
1998-12-30 00:00:00,WMM,8.25
1998-12-31 00:00:00,WMM,8.5
1998-01-05 00:00:00,YORK,7.75
1998-01-09 00:00:00,YORK,7.75
1998-01-13 00:00:00,YORK,7.25
1998-01-15 00:00:00,YORK,7.5
1998-01-16 00:00:00,YORK,7.25
1998-01-26 00:00:00,YORK,7.25
1998-01-29 00:00:00,YORK,7.25
1998-03-16 00:00:00,YORK,7
1998-03-23 00:00:00,YORK,7
1998-03-31 00:00:00,YORK,7.25
1998-04-02 00:00:00,YORK,7.25
1998-04-03 00:00:00,YORK,7.25
1998-04-06 00:00:00,YORK,7
1998-04-15 00:00:00,YORK,7
1998-04-16 00:00:00,YORK,7
1998-04-20 00:00:00,YORK,7
1998-05-05 00:00:00,YORK,7.25
1998-05-07 00:00:00,YORK,7.25
1998-05-08 00:00:00,YORK,7.25
1998-05-18 00:00:00,YORK,8.25
1998-05-19 00:00:00,YORK,9
1998-05-20 00:00:00,YORK,8.5
1998-05-21 00:00:00,YORK,8.5
1998-05-22 00:00:00,YORK,8.5
1998-05-27 00:00:00,YORK,8.5
1998-05-28 00:00:00,YORK,8.5
1998-06-01 00:00:00,YORK,8
1998-06-10 00:00:00,YORK,8.25
1998-06-11 00:00:00,YORK,8.25
1998-06-15 00:00:00,YORK,8.25
1998-06-16 00:00:00,YORK,7.5
1998-06-18 00:00:00,YORK,7.5
1998-06-19 00:00:00,YORK,7.5
1998-06-22 00:00:00,YORK,7.5
1998-06-26 00:00:00,YORK,7.5
1998-06-30 00:00:00,YORK,7.5
1998-07-27 00:00:00,YORK,7.25
1998-07-29 00:00:00,YORK,7.5
1998-07-31 00:00:00,YORK,7.5
1998-08-14 00:00:00,YORK,7.75
1998-08-19 00:00:00,YORK,7.5
1998-08-20 00:00:00,YORK,7.5
1998-08-25 00:00:00,YORK,7.25
1998-08-26 00:00:00,YORK,7
1998-08-31 00:00:00,YORK,6.75
1998-09-10 00:00:00,YORK,6.75
1998-09-11 00:00:00,YORK,6.25
1998-09-14 00:00:00,YORK,6.5
1998-09-15 00:00:00,YORK,6.75
1998-09-16 00:00:00,YORK,6.75
1998-09-17 00:00:00,YORK,6.25
1998-09-22 00:00:00,YORK,6.25
1998-09-25 00:00:00,YORK,6
1998-09-30 00:00:00,YORK,6
1998-10-01 00:00:00,YORK,6.25
1998-10-02 00:00:00,YORK,6.25
1998-10-06 00:00:00,YORK,6.75
1998-10-08 00:00:00,YORK,6.75
1998-10-13 00:00:00,YORK,6.5
1998-10-14 00:00:00,YORK,6.5
1998-10-21 00:00:00,YORK,6.5
1998-10-22 00:00:00,YORK,6
1998-10-23 00:00:00,YORK,6.5
1998-10-27 00:00:00,YORK,6.25
1998-10-28 00:00:00,YORK,6.5
1998-11-11 00:00:00,YORK,6.5
1998-11-12 00:00:00,YORK,6.5
1998-11-13 00:00:00,YORK,6.5
1998-11-17 00:00:00,YORK,6.5
1998-11-20 00:00:00,YORK,6.5
1998-11-23 00:00:00,YORK,7
1998-11-24 00:00:00,YORK,6.75
1998-11-26 00:00:00,YORK,6.5
1998-12-02 00:00:00,YORK,6.5
1998-12-07 00:00:00,YORK,6.75
1998-12-08 00:00:00,YORK,6.75
1998-12-11 00:00:00,YORK,6.5
1998-12-14 00:00:00,YORK,6.75
1998-12-15 00:00:00,YORK,6.5
