,SECURITY_DA,PRICE
-----------,----,-----------
1999-01-13 00:00:00,ABAN,27
1999-01-18 00:00:00,ABAN,28
1999-02-08 00:00:00,ABAN,28
1999-02-22 00:00:00,ABAN,25
1999-03-04 00:00:00,ABAN,26
1999-03-09 00:00:00,ABAN,26
1999-05-12 00:00:00,ABAN,26
1999-06-02 00:00:00,ABAN,25
1999-06-22 00:00:00,ABAN,24.5
1999-06-23 00:00:00,ABAN,24
1999-07-06 00:00:00,ABAN,23
1999-07-09 00:00:00,ABAN,23
1999-08-03 00:00:00,ABAN,23
1999-08-18 00:00:00,ABAN,23.25
1999-08-31 00:00:00,ABAN,23.25
1999-09-17 00:00:00,ABAN,24
1999-09-20 00:00:00,ABAN,22
1999-09-21 00:00:00,ABAN,23.25
1999-09-22 00:00:00,ABAN,23.25
1999-09-23 00:00:00,ABAN,24.5
1999-09-24 00:00:00,ABAN,25.5
1999-10-08 00:00:00,ABAN,25.5
1999-10-12 00:00:00,ABAN,20
1999-11-03 00:00:00,ABAN,22
1999-11-17 00:00:00,ABAN,22
1999-01-04 00:00:00,ACAP,6.5
1999-01-05 00:00:00,ACAP,6
1999-01-06 00:00:00,ACAP,6
1999-01-07 00:00:00,ACAP,6
1999-01-08 00:00:00,ACAP,6.25
1999-01-11 00:00:00,ACAP,6.25
1999-01-12 00:00:00,ACAP,6.25
1999-01-13 00:00:00,ACAP,6.25
1999-01-14 00:00:00,ACAP,6.25
1999-01-18 00:00:00,ACAP,6
1999-01-19 00:00:00,ACAP,6
1999-01-20 00:00:00,ACAP,6
1999-01-21 00:00:00,ACAP,6.5
1999-01-22 00:00:00,ACAP,6.75
1999-01-25 00:00:00,ACAP,7
1999-01-26 00:00:00,ACAP,6.25
1999-01-27 00:00:00,ACAP,6.5
SECURITY_DA,COMP,CLOSE_PRICE
-----------,----,-----------
1999-01-28 00:00:00,ACAP,6.25
1999-01-29 00:00:00,ACAP,6.5
1999-02-01 00:00:00,ACAP,6.25
1999-02-02 00:00:00,ACAP,6.25
1999-02-03 00:00:00,ACAP,6.75
1999-02-05 00:00:00,ACAP,6.75
1999-02-08 00:00:00,ACAP,6.5
1999-02-09 00:00:00,ACAP,6.25
1999-02-10 00:00:00,ACAP,6.5
1999-02-11 00:00:00,ACAP,6.5
1999-02-12 00:00:00,ACAP,7
1999-02-15 00:00:00,ACAP,6.75
1999-02-16 00:00:00,ACAP,6.75
1999-02-17 00:00:00,ACAP,6.75
1999-02-18 00:00:00,ACAP,6.75
1999-02-19 00:00:00,ACAP,7
1999-02-22 00:00:00,ACAP,6.75
1999-02-23 00:00:00,ACAP,6.75
1999-02-24 00:00:00,ACAP,6.25
1999-02-25 00:00:00,ACAP,6.5
1999-03-02 00:00:00,ACAP,6.5
SECURITY_DA,COMP,CLOSE_PRICE
-----------,----,-----------
1999-03-04 00:00:00,ACAP,6.25
1999-03-05 00:00:00,ACAP,6
1999-03-08 00:00:00,ACAP,6
1999-03-09 00:00:00,ACAP,6
1999-03-10 00:00:00,ACAP,6
1999-03-11 00:00:00,ACAP,6
1999-03-12 00:00:00,ACAP,6
1999-03-15 00:00:00,ACAP,5.75
1999-03-17 00:00:00,ACAP,5.75
1999-03-18 00:00:00,ACAP,5.75
1999-03-22 00:00:00,ACAP,5.75
1999-03-24 00:00:00,ACAP,5.75
1999-03-25 00:00:00,ACAP,5.75
1999-03-29 00:00:00,ACAP,5.75
1999-03-30 00:00:00,ACAP,5.75
1999-04-01 00:00:00,ACAP,5.75
1999-04-05 00:00:00,ACAP,5.75
1999-04-07 00:00:00,ACAP,5.5
1999-04-08 00:00:00,ACAP,5.75
1999-04-09 00:00:00,ACAP,5.75
1999-04-12 00:00:00,ACAP,5.75
SECURITY_DA,COMP,CLOSE_PRICE
-----------,----,-----------
1999-04-15 00:00:00,ACAP,5.75
1999-04-16 00:00:00,ACAP,5.5
1999-04-19 00:00:00,ACAP,5.5
1999-04-20 00:00:00,ACAP,5.75
1999-04-22 00:00:00,ACAP,5.5
1999-04-23 00:00:00,ACAP,5.75
1999-04-26 00:00:00,ACAP,5.75
1999-04-27 00:00:00,ACAP,5.75
1999-05-03 00:00:00,ACAP,5.75
1999-05-04 00:00:00,ACAP,5.75
1999-05-05 00:00:00,ACAP,5.75
1999-05-06 00:00:00,ACAP,5.75
1999-05-07 00:00:00,ACAP,5.75
1999-05-10 00:00:00,ACAP,5.75
1999-05-11 00:00:00,ACAP,5.75
1999-05-12 00:00:00,ACAP,5.75
1999-05-13 00:00:00,ACAP,5.75
1999-05-14 00:00:00,ACAP,5.75
1999-05-17 00:00:00,ACAP,5.75
1999-05-20 00:00:00,ACAP,5.5
1999-05-21 00:00:00,ACAP,5.5
SECURITY_DA,COMP,CLOSE_PRICE
-----------,----,-----------
1999-05-24 00:00:00,ACAP,5.5
1999-05-25 00:00:00,ACAP,5.5
1999-05-26 00:00:00,ACAP,5.5
1999-05-27 00:00:00,ACAP,5.5
1999-05-28 00:00:00,ACAP,5.5
1999-06-01 00:00:00,ACAP,5.75
1999-06-03 00:00:00,ACAP,5.5
1999-06-04 00:00:00,ACAP,5.5
1999-06-07 00:00:00,ACAP,5.5
1999-06-08 00:00:00,ACAP,5.5
1999-06-09 00:00:00,ACAP,5.75
1999-06-10 00:00:00,ACAP,5.5
1999-06-11 00:00:00,ACAP,5.5
1999-06-14 00:00:00,ACAP,5.5
1999-06-15 00:00:00,ACAP,5.5
1999-06-16 00:00:00,ACAP,5.5
1999-06-17 00:00:00,ACAP,5.5
1999-06-18 00:00:00,ACAP,5.25
1999-06-21 00:00:00,ACAP,5.25
1999-06-22 00:00:00,ACAP,5.25
1999-06-23 00:00:00,ACAP,5
SECURITY_DA,COMP,CLOSE_PRICE
-----------,----,-----------
1999-06-25 00:00:00,ACAP,4.5
1999-06-30 00:00:00,ACAP,4.5
1999-07-01 00:00:00,ACAP,4.75
1999-07-02 00:00:00,ACAP,4.75
1999-07-05 00:00:00,ACAP,4.5
1999-07-06 00:00:00,ACAP,4.5
1999-07-07 00:00:00,ACAP,4.5
1999-07-08 00:00:00,ACAP,4.5
1999-07-09 00:00:00,ACAP,4.5
1999-07-12 00:00:00,ACAP,4.5
1999-07-13 00:00:00,ACAP,4.5
1999-07-14 00:00:00,ACAP,4.5
1999-07-15 00:00:00,ACAP,4.75
1999-07-16 00:00:00,ACAP,4.75
1999-07-20 00:00:00,ACAP,5.25
1999-07-21 00:00:00,ACAP,5
1999-07-22 00:00:00,ACAP,5.25
1999-07-23 00:00:00,ACAP,5.5
1999-07-26 00:00:00,ACAP,5.25
1999-07-27 00:00:00,ACAP,5
1999-07-29 00:00:00,ACAP,5
SECURITY_DA,COMP,CLOSE_PRICE
-----------,----,-----------
1999-07-30 00:00:00,ACAP,5.25
1999-08-02 00:00:00,ACAP,5.25
1999-08-03 00:00:00,ACAP,5.5
1999-08-04 00:00:00,ACAP,5
1999-08-05 00:00:00,ACAP,5.5
1999-08-06 00:00:00,ACAP,5.25
1999-08-09 00:00:00,ACAP,5.25
1999-08-10 00:00:00,ACAP,5.25
1999-08-11 00:00:00,ACAP,5
1999-08-12 00:00:00,ACAP,5.25
1999-08-13 00:00:00,ACAP,5.25
1999-08-16 00:00:00,ACAP,5.25
1999-08-17 00:00:00,ACAP,5.25
1999-08-18 00:00:00,ACAP,5.25
1999-08-19 00:00:00,ACAP,5
1999-08-20 00:00:00,ACAP,5.25
1999-08-23 00:00:00,ACAP,5
1999-08-24 00:00:00,ACAP,5.25
1999-08-25 00:00:00,ACAP,5.25
1999-08-30 00:00:00,ACAP,5.25
1999-08-31 00:00:00,ACAP,5.25
SECURITY_DA,COMP,CLOSE_PRICE
-----------,----,-----------
1999-09-01 00:00:00,ACAP,5.25
1999-09-02 00:00:00,ACAP,5.25
1999-09-03 00:00:00,ACAP,5.25
1999-09-06 00:00:00,ACAP,5.5
1999-09-07 00:00:00,ACAP,5.5
1999-09-08 00:00:00,ACAP,5.25
1999-09-09 00:00:00,ACAP,5.25
1999-09-10 00:00:00,ACAP,5.25
1999-09-13 00:00:00,ACAP,5.25
1999-09-15 00:00:00,ACAP,5.5
1999-09-16 00:00:00,ACAP,5.5
1999-09-17 00:00:00,ACAP,5.25
1999-09-20 00:00:00,ACAP,5.5
1999-09-21 00:00:00,ACAP,5.5
1999-09-22 00:00:00,ACAP,5.5
1999-09-23 00:00:00,ACAP,5.5
1999-09-24 00:00:00,ACAP,5.75
1999-09-27 00:00:00,ACAP,5.5
1999-09-28 00:00:00,ACAP,5.5
1999-09-29 00:00:00,ACAP,5.75
1999-09-30 00:00:00,ACAP,5.75
SECURITY_DA,COMP,CLOSE_PRICE
-----------,----,-----------
1999-10-01 00:00:00,ACAP,5.75
1999-10-04 00:00:00,ACAP,5.75
1999-10-05 00:00:00,ACAP,5.75
1999-10-06 00:00:00,ACAP,5.75
1999-10-07 00:00:00,ACAP,5.75
1999-10-08 00:00:00,ACAP,5.75
1999-10-11 00:00:00,ACAP,5.75
1999-10-12 00:00:00,ACAP,5.75
1999-10-13 00:00:00,ACAP,5.75
1999-10-14 00:00:00,ACAP,5.75
1999-10-15 00:00:00,ACAP,5.75
1999-10-20 00:00:00,ACAP,5.75
1999-10-21 00:00:00,ACAP,5.75
1999-10-22 00:00:00,ACAP,5.75
1999-10-25 00:00:00,ACAP,5.75
1999-10-26 00:00:00,ACAP,5.75
1999-10-27 00:00:00,ACAP,5.5
1999-10-28 00:00:00,ACAP,5.75
1999-10-29 00:00:00,ACAP,5.75
1999-11-01 00:00:00,ACAP,5.5
1999-11-03 00:00:00,ACAP,5.5
SECURITY_DA,COMP,CLOSE_PRICE
-----------,----,-----------
1999-11-04 00:00:00,ACAP,5.75
1999-11-05 00:00:00,ACAP,5.5
1999-11-09 00:00:00,ACAP,5.5
1999-11-10 00:00:00,ACAP,5.75
1999-11-11 00:00:00,ACAP,5.5
1999-11-12 00:00:00,ACAP,5.75
1999-11-15 00:00:00,ACAP,5.5
1999-11-17 00:00:00,ACAP,5.5
1999-11-18 00:00:00,ACAP,5.75
1999-11-19 00:00:00,ACAP,5.75
1999-11-23 00:00:00,ACAP,5.75
1999-11-24 00:00:00,ACAP,6
1999-11-25 00:00:00,ACAP,6
1999-11-26 00:00:00,ACAP,6
1999-11-29 00:00:00,ACAP,6
1999-11-30 00:00:00,ACAP,6
1999-12-01 00:00:00,ACAP,6
1999-12-03 00:00:00,ACAP,6
1999-12-06 00:00:00,ACAP,6
1999-12-07 00:00:00,ACAP,6.25
1999-12-08 00:00:00,ACAP,6.5
SECURITY_DA,COMP,CLOSE_PRICE
-----------,----,-----------
1999-12-09 00:00:00,ACAP,6.5
1999-12-13 00:00:00,ACAP,6.5
1999-12-14 00:00:00,ACAP,6.75
1999-12-15 00:00:00,ACAP,6.5
1999-12-16 00:00:00,ACAP,6.5
1999-12-17 00:00:00,ACAP,6.5
1999-12-20 00:00:00,ACAP,6.5
1999-12-21 00:00:00,ACAP,6.25
1999-12-23 00:00:00,ACAP,5.75
1999-12-27 00:00:00,ACAP,5.75
1999-12-29 00:00:00,ACAP,5.5
1999-12-30 00:00:00,ACAP,5.75
1999-01-04 00:00:00,ACL,75.75
1999-01-05 00:00:00,ACL,74.75
1999-01-06 00:00:00,ACL,75
1999-01-07 00:00:00,ACL,74.75
1999-01-08 00:00:00,ACL,71
1999-01-11 00:00:00,ACL,73
1999-01-13 00:00:00,ACL,70
1999-01-14 00:00:00,ACL,70
1999-01-19 00:00:00,ACL,70
SECURITY_DA,COMP,CLOSE_PRICE
-----------,----,-----------
1999-02-01 00:00:00,ACL,68
1999-02-02 00:00:00,ACL,69.5
1999-02-03 00:00:00,ACL,65
1999-02-05 00:00:00,ACL,70
1999-02-08 00:00:00,ACL,65.25
1999-02-09 00:00:00,ACL,65.25
1999-02-12 00:00:00,ACL,70
1999-02-15 00:00:00,ACL,70
1999-02-16 00:00:00,ACL,69
1999-02-18 00:00:00,ACL,69.75
1999-02-25 00:00:00,ACL,73.75
1999-02-26 00:00:00,ACL,73.75
1999-03-02 00:00:00,ACL,73.5
1999-03-03 00:00:00,ACL,70
1999-03-04 00:00:00,ACL,69
1999-03-08 00:00:00,ACL,65
1999-03-09 00:00:00,ACL,69
1999-03-15 00:00:00,ACL,65
1999-03-16 00:00:00,ACL,65
1999-03-17 00:00:00,ACL,65
1999-03-18 00:00:00,ACL,67
SECURITY_DA,COMP,CLOSE_PRICE
-----------,----,-----------
1999-03-19 00:00:00,ACL,65
1999-03-22 00:00:00,ACL,65.5
1999-03-23 00:00:00,ACL,65
1999-03-24 00:00:00,ACL,65
1999-03-25 00:00:00,ACL,65
1999-03-26 00:00:00,ACL,64
1999-03-29 00:00:00,ACL,62
1999-04-05 00:00:00,ACL,65
1999-04-08 00:00:00,ACL,65
1999-04-15 00:00:00,ACL,65
1999-04-20 00:00:00,ACL,64
1999-04-26 00:00:00,ACL,60
1999-05-03 00:00:00,ACL,61
1999-05-06 00:00:00,ACL,61
1999-05-11 00:00:00,ACL,62.5
1999-05-13 00:00:00,ACL,65
1999-05-14 00:00:00,ACL,63
1999-05-19 00:00:00,ACL,65
1999-05-24 00:00:00,ACL,66
1999-05-25 00:00:00,ACL,64.25
1999-05-26 00:00:00,ACL,64
SECURITY_DA,COMP,CLOSE_PRICE
-----------,----,-----------
1999-05-27 00:00:00,ACL,65
1999-06-02 00:00:00,ACL,63.5
1999-06-03 00:00:00,ACL,64.5
1999-06-04 00:00:00,ACL,64.25
1999-06-07 00:00:00,ACL,63.75
1999-06-11 00:00:00,ACL,65
1999-06-16 00:00:00,ACL,61.5
1999-06-17 00:00:00,ACL,62
1999-06-18 00:00:00,ACL,60
1999-06-23 00:00:00,ACL,60
1999-06-24 00:00:00,ACL,60
1999-06-30 00:00:00,ACL,60.5
1999-07-02 00:00:00,ACL,60
1999-07-13 00:00:00,ACL,60
1999-07-20 00:00:00,ACL,65
1999-07-21 00:00:00,ACL,60
1999-07-22 00:00:00,ACL,60
1999-07-23 00:00:00,ACL,60
1999-07-29 00:00:00,ACL,61
1999-07-30 00:00:00,ACL,58.5
1999-08-03 00:00:00,ACL,59
SECURITY_DA,COMP,CLOSE_PRICE
-----------,----,-----------
1999-08-04 00:00:00,ACL,58
1999-08-05 00:00:00,ACL,55
1999-08-06 00:00:00,ACL,60
1999-08-09 00:00:00,ACL,60
1999-08-10 00:00:00,ACL,57
1999-08-11 00:00:00,ACL,57.25
1999-08-13 00:00:00,ACL,59.75
1999-08-17 00:00:00,ACL,60
1999-08-24 00:00:00,ACL,64
1999-08-25 00:00:00,ACL,62
1999-08-30 00:00:00,ACL,62
1999-08-31 00:00:00,ACL,62
1999-09-01 00:00:00,ACL,62
1999-09-02 00:00:00,ACL,62.5
1999-09-03 00:00:00,ACL,66
1999-09-06 00:00:00,ACL,66
1999-09-07 00:00:00,ACL,65.25
1999-09-08 00:00:00,ACL,65
1999-09-09 00:00:00,ACL,67
1999-09-10 00:00:00,ACL,67
1999-09-30 00:00:00,ACL,67
SECURITY_DA,COMP,CLOSE_PRICE
-----------,----,-----------
1999-10-15 00:00:00,ACL,60
1999-10-19 00:00:00,ACL,60
1999-10-26 00:00:00,ACL,60
1999-10-27 00:00:00,ACL,58
1999-10-28 00:00:00,ACL,55
1999-10-29 00:00:00,ACL,55
1999-11-01 00:00:00,ACL,55
1999-11-02 00:00:00,ACL,55
1999-11-03 00:00:00,ACL,55
1999-11-04 00:00:00,ACL,55
1999-11-12 00:00:00,ACL,60
1999-11-18 00:00:00,ACL,55
1999-11-19 00:00:00,ACL,58
1999-11-30 00:00:00,ACL,58
1999-12-02 00:00:00,ACL,55.5
1999-12-03 00:00:00,ACL,55.5
1999-12-06 00:00:00,ACL,56
1999-12-07 00:00:00,ACL,55.5
1999-12-08 00:00:00,ACL,55.5
1999-12-09 00:00:00,ACL,55
1999-12-10 00:00:00,ACL,53
SECURITY_DA,COMP,CLOSE_PRICE
-----------,----,-----------
1999-12-14 00:00:00,ACL,55.25
1999-12-15 00:00:00,ACL,53
1999-12-17 00:00:00,ACL,53
1999-12-20 00:00:00,ACL,52
1999-12-28 00:00:00,ACL,50.75
1999-12-30 00:00:00,ACL,51
1999-01-05 00:00:00,ACME,7.5
1999-01-08 00:00:00,ACME,7.5
1999-01-11 00:00:00,ACME,7.5
1999-01-13 00:00:00,ACME,7.5
1999-01-27 00:00:00,ACME,7
1999-01-28 00:00:00,ACME,7
1999-02-05 00:00:00,ACME,7
1999-02-08 00:00:00,ACME,7
1999-02-12 00:00:00,ACME,7.25
1999-02-15 00:00:00,ACME,7.25
1999-02-19 00:00:00,ACME,8
1999-02-22 00:00:00,ACME,8
1999-02-23 00:00:00,ACME,8
1999-02-25 00:00:00,ACME,7.75
1999-03-03 00:00:00,ACME,7.75
SECURITY_DA,COMP,CLOSE_PRICE
-----------,----,-----------
1999-03-08 00:00:00,ACME,7.75
1999-03-10 00:00:00,ACME,8
1999-03-17 00:00:00,ACME,7.25
1999-03-29 00:00:00,ACME,7.25
1999-03-30 00:00:00,ACME,7.25
1999-04-08 00:00:00,ACME,7.25
1999-04-16 00:00:00,ACME,7.5
1999-04-26 00:00:00,ACME,7.25
1999-05-05 00:00:00,ACME,8.5
1999-05-06 00:00:00,ACME,8.5
1999-05-07 00:00:00,ACME,8.5
1999-05-10 00:00:00,ACME,8.75
1999-05-12 00:00:00,ACME,8.5
1999-05-18 00:00:00,ACME,8.75
1999-05-20 00:00:00,ACME,9
1999-05-25 00:00:00,ACME,9
1999-05-26 00:00:00,ACME,9
1999-05-27 00:00:00,ACME,9
1999-06-01 00:00:00,ACME,9
1999-06-02 00:00:00,ACME,8.75
1999-06-03 00:00:00,ACME,8.5
SECURITY_DA,COMP,CLOSE_PRICE
-----------,----,-----------
1999-06-04 00:00:00,ACME,8.75
1999-06-07 00:00:00,ACME,8.75
1999-06-08 00:00:00,ACME,8.75
1999-06-15 00:00:00,ACME,8.75
1999-06-17 00:00:00,ACME,8.75
1999-06-21 00:00:00,ACME,8.75
1999-06-22 00:00:00,ACME,8.75
1999-06-25 00:00:00,ACME,8.75
1999-06-30 00:00:00,ACME,8.75
1999-07-01 00:00:00,ACME,8.75
1999-07-15 00:00:00,ACME,7.5
1999-07-16 00:00:00,ACME,7.75
1999-07-22 00:00:00,ACME,8
1999-07-23 00:00:00,ACME,8
1999-07-26 00:00:00,ACME,7.75
1999-07-27 00:00:00,ACME,7.75
1999-08-02 00:00:00,ACME,7.75
1999-08-10 00:00:00,ACME,7.75
1999-08-11 00:00:00,ACME,7.75
1999-08-17 00:00:00,ACME,7.75
1999-08-23 00:00:00,ACME,8
SECURITY_DA,COMP,CLOSE_PRICE
-----------,----,-----------
1999-08-31 00:00:00,ACME,8.25
1999-09-02 00:00:00,ACME,8.25
1999-09-03 00:00:00,ACME,8
1999-09-07 00:00:00,ACME,8.5
1999-09-08 00:00:00,ACME,9
1999-09-09 00:00:00,ACME,8.5
1999-09-10 00:00:00,ACME,8.5
1999-09-13 00:00:00,ACME,8.25
1999-09-24 00:00:00,ACME,8.25
1999-09-28 00:00:00,ACME,8
1999-10-01 00:00:00,ACME,7.75
1999-10-04 00:00:00,ACME,7.5
1999-10-05 00:00:00,ACME,7.5
1999-10-06 00:00:00,ACME,7.5
1999-10-07 00:00:00,ACME,7.5
1999-10-08 00:00:00,ACME,7.25
1999-10-11 00:00:00,ACME,7.25
1999-10-12 00:00:00,ACME,7.25
1999-10-14 00:00:00,ACME,7.25
1999-10-28 00:00:00,ACME,7
1999-11-01 00:00:00,ACME,7.5
SECURITY_DA,COMP,CLOSE_PRICE
-----------,----,-----------
1999-11-10 00:00:00,ACME,7.5
1999-11-11 00:00:00,ACME,7.5
1999-11-24 00:00:00,ACME,7.25
1999-12-02 00:00:00,ACME,7.5
1999-12-07 00:00:00,ACME,7.5
1999-12-08 00:00:00,ACME,7.5
1999-12-09 00:00:00,ACME,8
1999-12-15 00:00:00,ACME,8
1999-01-08 00:00:00,AEC,34
1999-01-14 00:00:00,AEC,37
1999-04-12 00:00:00,AEC,35
1999-04-22 00:00:00,AEC,35.5
1999-05-21 00:00:00,AEC,37
1999-05-25 00:00:00,AEC,37
1999-06-08 00:00:00,AEC,35
1999-06-17 00:00:00,AEC,37
1999-06-18 00:00:00,AEC,35
1999-07-12 00:00:00,AEC,35
1999-07-23 00:00:00,AEC,35
1999-07-26 00:00:00,AEC,35
1999-07-27 00:00:00,AEC,35
SECURITY_DA,COMP,CLOSE_PRICE
-----------,----,-----------
1999-07-30 00:00:00,AEC,35
1999-08-02 00:00:00,AEC,37
1999-08-06 00:00:00,AEC,39
1999-08-16 00:00:00,AEC,36
1999-08-24 00:00:00,AEC,36
1999-09-03 00:00:00,AEC,30
1999-10-12 00:00:00,AEC,30
1999-10-19 00:00:00,AEC,30
1999-10-20 00:00:00,AEC,30
1999-11-11 00:00:00,AEC,32.5
1999-12-08 00:00:00,AEC,32.5
1999-12-09 00:00:00,AEC,32.5
1999-12-10 00:00:00,AEC,32.5
1999-12-15 00:00:00,AEC,33.5
1999-01-05 00:00:00,AGAL,8.75
1999-01-07 00:00:00,AGAL,9.25
1999-01-12 00:00:00,AGAL,9
1999-01-13 00:00:00,AGAL,9
1999-01-14 00:00:00,AGAL,8.75
1999-01-19 00:00:00,AGAL,8.5
1999-01-22 00:00:00,AGAL,8.5
SECURITY_DA,COMP,CLOSE_PRICE
-----------,----,-----------
1999-01-25 00:00:00,AGAL,8.25
1999-01-26 00:00:00,AGAL,8.25
1999-01-27 00:00:00,AGAL,8
1999-01-28 00:00:00,AGAL,8
1999-01-29 00:00:00,AGAL,8
1999-02-05 00:00:00,AGAL,8
1999-02-08 00:00:00,AGAL,8
1999-02-09 00:00:00,AGAL,8.25
1999-02-11 00:00:00,AGAL,8
1999-02-16 00:00:00,AGAL,8
1999-02-17 00:00:00,AGAL,6.75
1999-02-18 00:00:00,AGAL,7
1999-02-19 00:00:00,AGAL,7
1999-02-24 00:00:00,AGAL,7
1999-02-26 00:00:00,AGAL,7
1999-03-02 00:00:00,AGAL,7
1999-03-08 00:00:00,AGAL,7
1999-03-09 00:00:00,AGAL,7
1999-03-10 00:00:00,AGAL,7.25
1999-03-18 00:00:00,AGAL,8.5
1999-03-19 00:00:00,AGAL,9
SECURITY_DA,COMP,CLOSE_PRICE
-----------,----,-----------
1999-03-22 00:00:00,AGAL,8
1999-03-23 00:00:00,AGAL,8.5
1999-03-24 00:00:00,AGAL,9
1999-03-26 00:00:00,AGAL,7.25
1999-03-29 00:00:00,AGAL,9.25
1999-03-30 00:00:00,AGAL,10.5
1999-04-06 00:00:00,AGAL,10.5
1999-04-08 00:00:00,AGAL,10
1999-04-16 00:00:00,AGAL,10
1999-04-28 00:00:00,AGAL,10
1999-05-10 00:00:00,AGAL,9.75
1999-06-01 00:00:00,AGAL,8.75
1999-06-07 00:00:00,AGAL,7
1999-06-14 00:00:00,AGAL,6.25
1999-06-17 00:00:00,AGAL,6.25
1999-06-18 00:00:00,AGAL,6.5
1999-06-22 00:00:00,AGAL,6.75
1999-06-24 00:00:00,AGAL,6.75
1999-07-07 00:00:00,AGAL,7
1999-07-12 00:00:00,AGAL,7
1999-07-20 00:00:00,AGAL,6.25
SECURITY_DA,COMP,CLOSE_PRICE
-----------,----,-----------
1999-07-21 00:00:00,AGAL,7
1999-07-23 00:00:00,AGAL,7.5
1999-07-26 00:00:00,AGAL,7.25
1999-07-27 00:00:00,AGAL,7
1999-07-29 00:00:00,AGAL,7
1999-08-02 00:00:00,AGAL,7
1999-08-03 00:00:00,AGAL,8.5
1999-08-04 00:00:00,AGAL,9
1999-08-05 00:00:00,AGAL,8.75
1999-08-06 00:00:00,AGAL,8.25
1999-08-09 00:00:00,AGAL,8
1999-08-10 00:00:00,AGAL,8.25
1999-08-11 00:00:00,AGAL,8.25
1999-08-12 00:00:00,AGAL,7
1999-08-13 00:00:00,AGAL,8
1999-08-16 00:00:00,AGAL,8
1999-08-18 00:00:00,AGAL,7.75
1999-08-19 00:00:00,AGAL,7.75
1999-08-20 00:00:00,AGAL,8
1999-08-23 00:00:00,AGAL,8
1999-08-24 00:00:00,AGAL,8
SECURITY_DA,COMP,CLOSE_PRICE
-----------,----,-----------
1999-08-31 00:00:00,AGAL,7.5
1999-09-01 00:00:00,AGAL,7.25
1999-09-02 00:00:00,AGAL,7
1999-09-03 00:00:00,AGAL,7.5
1999-09-09 00:00:00,AGAL,7.25
1999-09-10 00:00:00,AGAL,7.5
1999-09-14 00:00:00,AGAL,7
1999-09-15 00:00:00,AGAL,7
1999-09-16 00:00:00,AGAL,7.5
1999-09-17 00:00:00,AGAL,7.5
1999-09-20 00:00:00,AGAL,8
1999-09-21 00:00:00,AGAL,8.75
1999-09-22 00:00:00,AGAL,9
1999-09-23 00:00:00,AGAL,9.25
1999-09-24 00:00:00,AGAL,8.75
1999-09-27 00:00:00,AGAL,9.25
1999-09-28 00:00:00,AGAL,9.5
1999-09-29 00:00:00,AGAL,9
1999-09-30 00:00:00,AGAL,9
1999-10-01 00:00:00,AGAL,9
1999-10-04 00:00:00,AGAL,9.25
SECURITY_DA,COMP,CLOSE_PRICE
-----------,----,-----------
1999-10-05 00:00:00,AGAL,8.75
1999-10-06 00:00:00,AGAL,8.25
1999-10-07 00:00:00,AGAL,8
1999-10-08 00:00:00,AGAL,8.5
1999-10-11 00:00:00,AGAL,8
1999-10-12 00:00:00,AGAL,7.25
1999-10-13 00:00:00,AGAL,7
1999-10-14 00:00:00,AGAL,7
1999-10-15 00:00:00,AGAL,7.25
1999-10-18 00:00:00,AGAL,7.5
1999-10-19 00:00:00,AGAL,7.5
1999-10-20 00:00:00,AGAL,7.25
1999-10-21 00:00:00,AGAL,7
1999-10-22 00:00:00,AGAL,7.25
1999-10-25 00:00:00,AGAL,7.25
1999-10-26 00:00:00,AGAL,7
1999-10-27 00:00:00,AGAL,7
1999-10-28 00:00:00,AGAL,6.75
1999-10-29 00:00:00,AGAL,6.75
1999-11-01 00:00:00,AGAL,6.75
1999-11-02 00:00:00,AGAL,6.75
SECURITY_DA,COMP,CLOSE_PRICE
-----------,----,-----------
1999-11-04 00:00:00,AGAL,7
1999-11-05 00:00:00,AGAL,7
1999-11-09 00:00:00,AGAL,7
1999-11-10 00:00:00,AGAL,6.75
1999-11-11 00:00:00,AGAL,7
1999-11-12 00:00:00,AGAL,7
1999-11-16 00:00:00,AGAL,6
1999-11-17 00:00:00,AGAL,6.5
1999-11-18 00:00:00,AGAL,7
1999-11-19 00:00:00,AGAL,6.75
1999-11-23 00:00:00,AGAL,7
1999-11-24 00:00:00,AGAL,7.25
1999-11-25 00:00:00,AGAL,7.25
1999-11-26 00:00:00,AGAL,7.25
1999-11-29 00:00:00,AGAL,7.5
1999-11-30 00:00:00,AGAL,8
1999-12-01 00:00:00,AGAL,7.75
1999-12-02 00:00:00,AGAL,8
1999-12-03 00:00:00,AGAL,8.25
1999-12-06 00:00:00,AGAL,8.75
1999-12-07 00:00:00,AGAL,9.25
SECURITY_DA,COMP,CLOSE_PRICE
-----------,----,-----------
1999-12-08 00:00:00,AGAL,9.25
1999-12-09 00:00:00,AGAL,9.25
1999-12-10 00:00:00,AGAL,9
1999-12-13 00:00:00,AGAL,9.25
1999-12-14 00:00:00,AGAL,9
1999-12-15 00:00:00,AGAL,8.5
1999-12-16 00:00:00,AGAL,8.75
1999-12-17 00:00:00,AGAL,9
1999-12-20 00:00:00,AGAL,8.75
1999-12-21 00:00:00,AGAL,8.75
1999-12-23 00:00:00,AGAL,8.5
1999-12-27 00:00:00,AGAL,8
1999-12-28 00:00:00,AGAL,8
1999-12-29 00:00:00,AGAL,8.25
1999-12-30 00:00:00,AGAL,8.5
1999-08-03 00:00:00,AHCL,28.5
1999-08-04 00:00:00,AHCL,27
1999-10-19 00:00:00,AHCL,30
1999-01-04 00:00:00,AHOT,6.75
1999-01-05 00:00:00,AHOT,6.5
1999-01-06 00:00:00,AHOT,6.5
1999-01-07 00:00:00,AHOT,6.5
1999-01-08 00:00:00,AHOT,6.5
1999-01-11 00:00:00,AHOT,6.75
1999-01-13 00:00:00,AHOT,6.75
1999-01-18 00:00:00,AHOT,6.75
1999-01-19 00:00:00,AHOT,6.75
1999-01-20 00:00:00,AHOT,6.75
1999-01-21 00:00:00,AHOT,7
1999-01-22 00:00:00,AHOT,7
1999-01-25 00:00:00,AHOT,7
1999-01-26 00:00:00,AHOT,7
1999-01-27 00:00:00,AHOT,6.75
1999-01-28 00:00:00,AHOT,7
1999-01-29 00:00:00,AHOT,7
1999-02-01 00:00:00,AHOT,6.75
1999-02-02 00:00:00,AHOT,6.75
1999-02-03 00:00:00,AHOT,7
1999-02-05 00:00:00,AHOT,6.75
1999-02-09 00:00:00,AHOT,6.75
1999-02-11 00:00:00,AHOT,6.75
1999-02-12 00:00:00,AHOT,6.75
1999-02-15 00:00:00,AHOT,6.5
1999-02-16 00:00:00,AHOT,6.75
1999-02-17 00:00:00,AHOT,6.75
1999-02-18 00:00:00,AHOT,6.75
1999-02-19 00:00:00,AHOT,6.75
1999-02-22 00:00:00,AHOT,6.75
1999-02-23 00:00:00,AHOT,6.75
1999-02-24 00:00:00,AHOT,5
1999-02-26 00:00:00,AHOT,6.5
1999-03-02 00:00:00,AHOT,6
1999-03-05 00:00:00,AHOT,5.75
1999-03-08 00:00:00,AHOT,5.75
1999-03-09 00:00:00,AHOT,6
1999-03-10 00:00:00,AHOT,5.75
1999-03-11 00:00:00,AHOT,6
1999-03-16 00:00:00,AHOT,6
1999-03-19 00:00:00,AHOT,6
1999-03-22 00:00:00,AHOT,6
1999-03-24 00:00:00,AHOT,6
1999-03-25 00:00:00,AHOT,6
1999-03-29 00:00:00,AHOT,6.25
1999-03-30 00:00:00,AHOT,5.75
1999-04-01 00:00:00,AHOT,6.25
1999-04-05 00:00:00,AHOT,6.25
1999-04-06 00:00:00,AHOT,6
1999-04-08 00:00:00,AHOT,6
1999-04-09 00:00:00,AHOT,6.25
1999-04-15 00:00:00,AHOT,6
1999-04-19 00:00:00,AHOT,6
1999-04-20 00:00:00,AHOT,6
1999-04-22 00:00:00,AHOT,6
1999-04-23 00:00:00,AHOT,5.75
1999-04-27 00:00:00,AHOT,6
1999-04-28 00:00:00,AHOT,6.25
1999-05-03 00:00:00,AHOT,6.25
1999-05-04 00:00:00,AHOT,6.25
1999-05-05 00:00:00,AHOT,6.5
1999-05-06 00:00:00,AHOT,6.75
1999-05-07 00:00:00,AHOT,7
1999-05-10 00:00:00,AHOT,7
1999-05-11 00:00:00,AHOT,6.75
1999-05-12 00:00:00,AHOT,6.75
1999-05-13 00:00:00,AHOT,6.75
1999-05-18 00:00:00,AHOT,6.75
1999-05-19 00:00:00,AHOT,6.75
1999-05-20 00:00:00,AHOT,6.5
1999-05-24 00:00:00,AHOT,6.5
1999-05-26 00:00:00,AHOT,6.25
1999-05-27 00:00:00,AHOT,6.25
1999-06-01 00:00:00,AHOT,6
1999-06-03 00:00:00,AHOT,6
1999-06-04 00:00:00,AHOT,6
1999-06-07 00:00:00,AHOT,6
1999-06-08 00:00:00,AHOT,5.75
1999-06-09 00:00:00,AHOT,5.75
1999-06-10 00:00:00,AHOT,5.75
1999-06-15 00:00:00,AHOT,6
1999-06-16 00:00:00,AHOT,5.75
1999-06-17 00:00:00,AHOT,5.75
1999-06-21 00:00:00,AHOT,5.5
1999-06-22 00:00:00,AHOT,5.5
1999-06-23 00:00:00,AHOT,5
1999-06-30 00:00:00,AHOT,5
1999-07-01 00:00:00,AHOT,5
1999-07-02 00:00:00,AHOT,5.25
1999-07-05 00:00:00,AHOT,5.25
1999-07-06 00:00:00,AHOT,5.25
1999-07-07 00:00:00,AHOT,5.25
1999-07-08 00:00:00,AHOT,5.25
1999-07-09 00:00:00,AHOT,5.5
1999-07-12 00:00:00,AHOT,6
1999-07-13 00:00:00,AHOT,5.75
1999-07-14 00:00:00,AHOT,5.75
1999-07-15 00:00:00,AHOT,6.5
1999-07-16 00:00:00,AHOT,6.75
1999-07-19 00:00:00,AHOT,7
1999-07-20 00:00:00,AHOT,7
1999-07-21 00:00:00,AHOT,7
1999-07-22 00:00:00,AHOT,7
1999-07-23 00:00:00,AHOT,7
1999-07-26 00:00:00,AHOT,7
1999-07-27 00:00:00,AHOT,7
1999-07-29 00:00:00,AHOT,7
1999-07-30 00:00:00,AHOT,7
1999-08-02 00:00:00,AHOT,6.75
1999-08-03 00:00:00,AHOT,7
1999-08-04 00:00:00,AHOT,7
1999-08-05 00:00:00,AHOT,7
1999-08-06 00:00:00,AHOT,7
1999-08-09 00:00:00,AHOT,7
1999-08-10 00:00:00,AHOT,7.25
1999-08-11 00:00:00,AHOT,7.5
1999-08-12 00:00:00,AHOT,8
1999-08-13 00:00:00,AHOT,7.5
1999-08-16 00:00:00,AHOT,7
1999-08-17 00:00:00,AHOT,7.25
1999-08-18 00:00:00,AHOT,7.25
1999-08-19 00:00:00,AHOT,7.5
1999-08-20 00:00:00,AHOT,7.25
1999-08-23 00:00:00,AHOT,7.25
1999-08-24 00:00:00,AHOT,7.25
1999-08-25 00:00:00,AHOT,7
1999-08-30 00:00:00,AHOT,7.25
1999-08-31 00:00:00,AHOT,7
1999-09-01 00:00:00,AHOT,6.75
1999-09-02 00:00:00,AHOT,7
1999-09-06 00:00:00,AHOT,6.75
1999-09-07 00:00:00,AHOT,6.75
1999-09-08 00:00:00,AHOT,6.75
1999-09-09 00:00:00,AHOT,6.5
1999-09-10 00:00:00,AHOT,6.75
1999-09-13 00:00:00,AHOT,6.75
1999-09-14 00:00:00,AHOT,6.75
1999-09-15 00:00:00,AHOT,6.5
1999-09-16 00:00:00,AHOT,6.25
1999-09-17 00:00:00,AHOT,6.25
1999-09-20 00:00:00,AHOT,6.5
1999-09-22 00:00:00,AHOT,6.25
1999-09-24 00:00:00,AHOT,6.25
1999-09-27 00:00:00,AHOT,6.25
1999-09-28 00:00:00,AHOT,6.25
1999-09-29 00:00:00,AHOT,6.25
1999-09-30 00:00:00,AHOT,6.25
1999-10-01 00:00:00,AHOT,6.25
1999-10-04 00:00:00,AHOT,6.25
1999-10-05 00:00:00,AHOT,6.25
1999-10-06 00:00:00,AHOT,6.25
1999-10-07 00:00:00,AHOT,6.25
1999-10-08 00:00:00,AHOT,6.25
1999-10-11 00:00:00,AHOT,6.25
1999-10-12 00:00:00,AHOT,6.5
1999-10-14 00:00:00,AHOT,6.25
1999-10-15 00:00:00,AHOT,6
1999-10-19 00:00:00,AHOT,6
1999-10-20 00:00:00,AHOT,6
1999-10-21 00:00:00,AHOT,6
1999-10-26 00:00:00,AHOT,6
1999-10-27 00:00:00,AHOT,6.25
1999-10-28 00:00:00,AHOT,6
1999-10-29 00:00:00,AHOT,6
1999-11-01 00:00:00,AHOT,6.25
1999-11-02 00:00:00,AHOT,6
1999-11-03 00:00:00,AHOT,6.25
1999-11-04 00:00:00,AHOT,6.25
1999-11-05 00:00:00,AHOT,6
1999-11-08 00:00:00,AHOT,6
1999-11-09 00:00:00,AHOT,6.25
1999-11-10 00:00:00,AHOT,6.25
1999-11-11 00:00:00,AHOT,6.25
1999-11-12 00:00:00,AHOT,6
1999-11-15 00:00:00,AHOT,6.25
1999-11-16 00:00:00,AHOT,6.25
1999-11-17 00:00:00,AHOT,6.5
1999-11-18 00:00:00,AHOT,6.5
1999-11-19 00:00:00,AHOT,6.75
1999-11-23 00:00:00,AHOT,6.75
1999-11-24 00:00:00,AHOT,6.75
1999-11-25 00:00:00,AHOT,6.5
1999-11-30 00:00:00,AHOT,6.75
1999-12-01 00:00:00,AHOT,6.75
1999-12-02 00:00:00,AHOT,7
1999-12-03 00:00:00,AHOT,7.25
1999-12-06 00:00:00,AHOT,7.25
1999-12-07 00:00:00,AHOT,7.25
1999-12-08 00:00:00,AHOT,7.25
1999-12-09 00:00:00,AHOT,6.75
1999-12-10 00:00:00,AHOT,7.25
1999-12-13 00:00:00,AHOT,7.25
1999-12-14 00:00:00,AHOT,7.25
1999-12-15 00:00:00,AHOT,7.25
1999-12-16 00:00:00,AHOT,7.25
1999-12-17 00:00:00,AHOT,7.25
1999-12-20 00:00:00,AHOT,7.25
1999-12-21 00:00:00,AHOT,7
1999-12-23 00:00:00,AHOT,6.75
1999-12-27 00:00:00,AHOT,6.75
1999-12-28 00:00:00,AHOT,6.75
1999-12-29 00:00:00,AHOT,6.75
1999-01-04 00:00:00,AHUN,34.5
1999-01-06 00:00:00,AHUN,32
1999-01-07 00:00:00,AHUN,34.25
1999-01-08 00:00:00,AHUN,35
1999-01-11 00:00:00,AHUN,35.5
1999-01-12 00:00:00,AHUN,34.5
1999-01-13 00:00:00,AHUN,35
1999-01-14 00:00:00,AHUN,33
1999-01-19 00:00:00,AHUN,33
1999-01-20 00:00:00,AHUN,35
1999-01-21 00:00:00,AHUN,35
SECURITY_DA,COMP,CLOSE_PRICE
-----------,----,-----------
1999-01-22 00:00:00,AHUN,35
1999-01-27 00:00:00,AHUN,35
1999-02-03 00:00:00,AHUN,35
1999-02-10 00:00:00,AHUN,37.5
1999-02-11 00:00:00,AHUN,37.5
1999-02-12 00:00:00,AHUN,37.75
1999-02-15 00:00:00,AHUN,40
1999-02-16 00:00:00,AHUN,39
1999-02-17 00:00:00,AHUN,39
1999-02-18 00:00:00,AHUN,39
1999-02-19 00:00:00,AHUN,39
1999-02-22 00:00:00,AHUN,39.5
1999-02-24 00:00:00,AHUN,39
1999-02-25 00:00:00,AHUN,43.5
1999-03-03 00:00:00,AHUN,41
1999-03-04 00:00:00,AHUN,40.5
1999-03-05 00:00:00,AHUN,39
1999-03-08 00:00:00,AHUN,38.75
1999-03-15 00:00:00,AHUN,40
1999-03-18 00:00:00,AHUN,43
1999-03-19 00:00:00,AHUN,43
SECURITY_DA,COMP,CLOSE_PRICE
-----------,----,-----------
1999-03-23 00:00:00,AHUN,43
1999-04-01 00:00:00,AHUN,40
1999-04-07 00:00:00,AHUN,40.25
1999-04-09 00:00:00,AHUN,42
1999-04-12 00:00:00,AHUN,40.5
1999-04-22 00:00:00,AHUN,42
1999-04-26 00:00:00,AHUN,44
1999-04-27 00:00:00,AHUN,44.25
1999-05-04 00:00:00,AHUN,44
1999-05-06 00:00:00,AHUN,44
1999-05-07 00:00:00,AHUN,44
1999-05-10 00:00:00,AHUN,47
1999-05-11 00:00:00,AHUN,55
1999-05-12 00:00:00,AHUN,50
1999-05-14 00:00:00,AHUN,50
1999-05-17 00:00:00,AHUN,49.5
1999-05-18 00:00:00,AHUN,50
1999-05-19 00:00:00,AHUN,49
1999-05-20 00:00:00,AHUN,50
1999-05-25 00:00:00,AHUN,50
1999-05-28 00:00:00,AHUN,50
SECURITY_DA,COMP,CLOSE_PRICE
-----------,----,-----------
1999-06-01 00:00:00,AHUN,50
1999-06-02 00:00:00,AHUN,48
1999-06-03 00:00:00,AHUN,48.5
1999-06-04 00:00:00,AHUN,50
1999-06-07 00:00:00,AHUN,50
1999-06-08 00:00:00,AHUN,49
1999-06-09 00:00:00,AHUN,49
1999-06-10 00:00:00,AHUN,50
1999-06-14 00:00:00,AHUN,50
1999-06-15 00:00:00,AHUN,50
1999-06-16 00:00:00,AHUN,50
1999-06-18 00:00:00,AHUN,48
1999-06-21 00:00:00,AHUN,48
1999-06-23 00:00:00,AHUN,48
1999-06-30 00:00:00,AHUN,48
1999-07-01 00:00:00,AHUN,48.5
1999-07-02 00:00:00,AHUN,48.5
1999-07-05 00:00:00,AHUN,48.5
1999-07-06 00:00:00,AHUN,50
1999-07-07 00:00:00,AHUN,50
1999-07-08 00:00:00,AHUN,50
SECURITY_DA,COMP,CLOSE_PRICE
-----------,----,-----------
1999-07-13 00:00:00,AHUN,43.5
1999-07-15 00:00:00,AHUN,43
1999-07-16 00:00:00,AHUN,43.25
1999-07-19 00:00:00,AHUN,45
1999-07-21 00:00:00,AHUN,45
1999-07-22 00:00:00,AHUN,46
1999-07-23 00:00:00,AHUN,47
1999-07-26 00:00:00,AHUN,43.5
1999-07-27 00:00:00,AHUN,44
1999-07-29 00:00:00,AHUN,45
1999-07-30 00:00:00,AHUN,45
1999-08-03 00:00:00,AHUN,47
1999-08-04 00:00:00,AHUN,47
1999-08-05 00:00:00,AHUN,49
1999-08-06 00:00:00,AHUN,52.5
1999-08-09 00:00:00,AHUN,52
1999-08-10 00:00:00,AHUN,52
1999-08-11 00:00:00,AHUN,51.5
1999-08-12 00:00:00,AHUN,52
1999-08-13 00:00:00,AHUN,52
1999-08-16 00:00:00,AHUN,52
SECURITY_DA,COMP,CLOSE_PRICE
-----------,----,-----------
1999-08-17 00:00:00,AHUN,52
1999-08-20 00:00:00,AHUN,50
1999-08-24 00:00:00,AHUN,50
1999-08-25 00:00:00,AHUN,50.25
1999-08-31 00:00:00,AHUN,50.25
1999-09-01 00:00:00,AHUN,50
1999-09-03 00:00:00,AHUN,48
1999-09-06 00:00:00,AHUN,48
1999-09-08 00:00:00,AHUN,48
1999-09-13 00:00:00,AHUN,48.75
1999-09-14 00:00:00,AHUN,48
1999-09-15 00:00:00,AHUN,48
1999-09-17 00:00:00,AHUN,45
1999-09-20 00:00:00,AHUN,44.5
1999-09-21 00:00:00,AHUN,44
1999-09-22 00:00:00,AHUN,44
1999-09-23 00:00:00,AHUN,44
1999-09-24 00:00:00,AHUN,43.25
1999-09-28 00:00:00,AHUN,44
1999-09-29 00:00:00,AHUN,43.25
1999-10-01 00:00:00,AHUN,44
SECURITY_DA,COMP,CLOSE_PRICE
-----------,----,-----------
1999-10-05 00:00:00,AHUN,44
1999-10-06 00:00:00,AHUN,44
1999-10-07 00:00:00,AHUN,44.5
1999-10-08 00:00:00,AHUN,43.5
1999-10-12 00:00:00,AHUN,43.5
1999-10-13 00:00:00,AHUN,43.5
1999-10-14 00:00:00,AHUN,43.5
1999-10-20 00:00:00,AHUN,43.5
1999-10-21 00:00:00,AHUN,44
1999-10-22 00:00:00,AHUN,43
1999-10-25 00:00:00,AHUN,43
1999-10-26 00:00:00,AHUN,43
1999-10-27 00:00:00,AHUN,43
1999-10-28 00:00:00,AHUN,43
1999-11-02 00:00:00,AHUN,43.5
1999-11-03 00:00:00,AHUN,45
1999-11-04 00:00:00,AHUN,44
1999-11-05 00:00:00,AHUN,43.75
1999-11-08 00:00:00,AHUN,44
1999-11-09 00:00:00,AHUN,44
1999-11-12 00:00:00,AHUN,43
SECURITY_DA,COMP,CLOSE_PRICE
-----------,----,-----------
1999-11-15 00:00:00,AHUN,43
1999-11-16 00:00:00,AHUN,43
1999-11-25 00:00:00,AHUN,38.75
1999-11-26 00:00:00,AHUN,39.25
1999-11-29 00:00:00,AHUN,39
1999-11-30 00:00:00,AHUN,39.75
1999-12-03 00:00:00,AHUN,42
1999-12-07 00:00:00,AHUN,42
1999-12-09 00:00:00,AHUN,43.75
1999-12-13 00:00:00,AHUN,44
1999-12-14 00:00:00,AHUN,42
1999-12-16 00:00:00,AHUN,42
1999-12-17 00:00:00,AHUN,42.25
1999-12-23 00:00:00,AHUN,42
1999-12-30 00:00:00,AHUN,42
1999-05-03 00:00:00,ALLI,28
1999-06-16 00:00:00,ALLI,28
1999-06-22 00:00:00,ALLI,28
1999-06-23 00:00:00,ALLI,28
1999-06-25 00:00:00,ALLI,28
1999-07-14 00:00:00,ALLI,27.25
SECURITY_DA,COMP,CLOSE_PRICE
-----------,----,-----------
1999-07-15 00:00:00,ALLI,27.25
1999-08-06 00:00:00,ALLI,28
1999-08-12 00:00:00,ALLI,28
1999-09-07 00:00:00,ALLI,28.25
1999-09-08 00:00:00,ALLI,30
1999-09-09 00:00:00,ALLI,30
1999-09-10 00:00:00,ALLI,30
1999-09-24 00:00:00,ALLI,32.5
1999-10-05 00:00:00,ALLI,32.5
1999-10-12 00:00:00,ALLI,30.5
1999-10-15 00:00:00,ALLI,30
1999-10-27 00:00:00,ALLI,28
1999-11-03 00:00:00,ALLI,29
1999-11-24 00:00:00,ALLI,28
1999-12-01 00:00:00,ALLI,28.5
1999-12-10 00:00:00,ALLI,29.5
1999-12-15 00:00:00,ALLI,29.5
1999-12-16 00:00:00,ALLI,32
1999-01-29 00:00:00,ALUF,5.5
1999-03-29 00:00:00,ALUF,6
1999-05-11 00:00:00,ALUF,5.75
SECURITY_DA,COMP,CLOSE_PRICE
-----------,----,-----------
1999-05-17 00:00:00,ALUF,6
1999-06-18 00:00:00,ALUF,5.5
1999-06-23 00:00:00,ALUF,5.5
1999-08-09 00:00:00,ALUF,5
1999-08-18 00:00:00,ALUF,4.5
1999-09-17 00:00:00,ALUF,4.5
1999-01-04 00:00:00,AMW,43.5
1999-01-05 00:00:00,AMW,43.25
1999-01-07 00:00:00,AMW,43.5
1999-01-08 00:00:00,AMW,47
1999-01-11 00:00:00,AMW,52
1999-01-12 00:00:00,AMW,47.25
1999-01-13 00:00:00,AMW,51.5
1999-01-14 00:00:00,AMW,51
1999-01-19 00:00:00,AMW,49
1999-01-20 00:00:00,AMW,49
1999-01-21 00:00:00,AMW,50
1999-01-22 00:00:00,AMW,50.25
1999-01-25 00:00:00,AMW,50
1999-01-26 00:00:00,AMW,50
1999-01-27 00:00:00,AMW,47.25
SECURITY_DA,COMP,CLOSE_PRICE
-----------,----,-----------
1999-01-28 00:00:00,AMW,48
1999-01-29 00:00:00,AMW,50
1999-02-01 00:00:00,AMW,48.5
1999-02-03 00:00:00,AMW,48.75
1999-02-10 00:00:00,AMW,49
1999-02-11 00:00:00,AMW,49
1999-02-12 00:00:00,AMW,49
1999-02-15 00:00:00,AMW,49.25
1999-02-16 00:00:00,AMW,54
1999-02-17 00:00:00,AMW,55
1999-02-18 00:00:00,AMW,53.75
1999-02-19 00:00:00,AMW,50
1999-02-22 00:00:00,AMW,50
1999-02-23 00:00:00,AMW,50
1999-02-24 00:00:00,AMW,50
1999-02-26 00:00:00,AMW,51
1999-03-15 00:00:00,AMW,50
1999-03-25 00:00:00,AMW,50
1999-03-26 00:00:00,AMW,50
1999-03-30 00:00:00,AMW,50
1999-04-05 00:00:00,AMW,50
SECURITY_DA,COMP,CLOSE_PRICE
-----------,----,-----------
1999-04-07 00:00:00,AMW,50
1999-04-09 00:00:00,AMW,50.25
1999-04-19 00:00:00,AMW,55
1999-04-23 00:00:00,AMW,55
1999-04-26 00:00:00,AMW,55
1999-04-27 00:00:00,AMW,55
1999-04-28 00:00:00,AMW,55.25
1999-05-05 00:00:00,AMW,56
1999-05-12 00:00:00,AMW,57.5
1999-05-14 00:00:00,AMW,56.5
1999-05-17 00:00:00,AMW,57.5
1999-05-18 00:00:00,AMW,57.5
1999-05-19 00:00:00,AMW,58
1999-05-24 00:00:00,AMW,60
1999-05-25 00:00:00,AMW,58.75
1999-05-27 00:00:00,AMW,58.25
1999-05-28 00:00:00,AMW,58.25
1999-06-02 00:00:00,AMW,58.25
1999-06-03 00:00:00,AMW,55.75
1999-06-04 00:00:00,AMW,58
1999-06-08 00:00:00,AMW,58.25
SECURITY_DA,COMP,CLOSE_PRICE
-----------,----,-----------
1999-06-09 00:00:00,AMW,58.25
1999-06-18 00:00:00,AMW,58
1999-06-21 00:00:00,AMW,61.5
1999-06-24 00:00:00,AMW,58
1999-06-25 00:00:00,AMW,58
1999-07-01 00:00:00,AMW,58
1999-07-05 00:00:00,AMW,58
1999-07-06 00:00:00,AMW,58
1999-07-08 00:00:00,AMW,57.5
1999-07-09 00:00:00,AMW,58
1999-07-12 00:00:00,AMW,58
1999-07-15 00:00:00,AMW,57.5
1999-07-19 00:00:00,AMW,55
1999-07-20 00:00:00,AMW,56.5
1999-07-21 00:00:00,AMW,56.75
1999-07-22 00:00:00,AMW,56.75
1999-07-23 00:00:00,AMW,58
1999-07-27 00:00:00,AMW,56
1999-07-30 00:00:00,AMW,56.5
1999-08-03 00:00:00,AMW,58
1999-08-04 00:00:00,AMW,62
SECURITY_DA,COMP,CLOSE_PRICE
-----------,----,-----------
1999-08-05 00:00:00,AMW,62
1999-08-16 00:00:00,AMW,56.75
1999-08-17 00:00:00,AMW,62
1999-08-18 00:00:00,AMW,60
1999-08-23 00:00:00,AMW,61.5
1999-08-24 00:00:00,AMW,61
1999-08-25 00:00:00,AMW,61
1999-08-31 00:00:00,AMW,61
1999-09-03 00:00:00,AMW,61
1999-09-06 00:00:00,AMW,61
1999-09-09 00:00:00,AMW,62
1999-09-10 00:00:00,AMW,60.25
1999-09-15 00:00:00,AMW,61
1999-09-16 00:00:00,AMW,60
1999-09-17 00:00:00,AMW,61.5
1999-09-20 00:00:00,AMW,60
1999-09-22 00:00:00,AMW,61.5
1999-09-27 00:00:00,AMW,62
1999-09-30 00:00:00,AMW,61.75
1999-10-04 00:00:00,AMW,63.75
1999-10-05 00:00:00,AMW,63
SECURITY_DA,COMP,CLOSE_PRICE
-----------,----,-----------
1999-10-11 00:00:00,AMW,63.75
1999-10-15 00:00:00,AMW,63
1999-10-19 00:00:00,AMW,62.5
1999-10-20 00:00:00,AMW,60
1999-10-21 00:00:00,AMW,60
1999-10-22 00:00:00,AMW,59
1999-10-26 00:00:00,AMW,59.25
1999-10-27 00:00:00,AMW,59.25
1999-10-29 00:00:00,AMW,60
1999-11-04 00:00:00,AMW,58
1999-11-05 00:00:00,AMW,60
1999-11-09 00:00:00,AMW,60
1999-11-10 00:00:00,AMW,60
1999-11-11 00:00:00,AMW,60.5
1999-11-12 00:00:00,AMW,60
1999-11-15 00:00:00,AMW,60
1999-11-16 00:00:00,AMW,60.5
1999-11-24 00:00:00,AMW,50
1999-11-26 00:00:00,AMW,50
1999-12-02 00:00:00,AMW,50
1999-12-03 00:00:00,AMW,52
SECURITY_DA,COMP,CLOSE_PRICE
-----------,----,-----------
1999-12-06 00:00:00,AMW,52
1999-12-07 00:00:00,AMW,55
1999-12-08 00:00:00,AMW,59
1999-12-09 00:00:00,AMW,53.25
1999-12-10 00:00:00,AMW,55
1999-12-17 00:00:00,AMW,55
1999-12-21 00:00:00,AMW,55
1999-12-23 00:00:00,AMW,55
1999-12-28 00:00:00,AMW,55
1999-12-29 00:00:00,AMW,55
1999-12-30 00:00:00,AMW,55
1999-01-05 00:00:00,APDL,8.5
1999-01-06 00:00:00,APDL,8.75
1999-01-07 00:00:00,APDL,8.75
1999-01-13 00:00:00,APDL,8.75
1999-01-21 00:00:00,APDL,8.5
1999-02-01 00:00:00,APDL,8.75
1999-02-12 00:00:00,APDL,8.5
1999-02-17 00:00:00,APDL,8.5
1999-02-18 00:00:00,APDL,8.75
1999-02-19 00:00:00,APDL,8.5
SECURITY_DA,COMP,CLOSE_PRICE
-----------,----,-----------
1999-02-22 00:00:00,APDL,8.5
1999-02-25 00:00:00,APDL,8.75
1999-03-04 00:00:00,APDL,8.5
1999-03-08 00:00:00,APDL,8.5
1999-03-11 00:00:00,APDL,8.5
1999-03-15 00:00:00,APDL,8.5
1999-03-29 00:00:00,APDL,8.5
1999-04-01 00:00:00,APDL,8.5
1999-04-15 00:00:00,APDL,8.5
1999-05-05 00:00:00,APDL,8.5
1999-05-18 00:00:00,APDL,8.75
1999-05-27 00:00:00,APDL,8.5
1999-06-09 00:00:00,APDL,7.25
1999-06-10 00:00:00,APDL,7.5
1999-06-14 00:00:00,APDL,7.5
1999-06-15 00:00:00,APDL,7.75
1999-06-18 00:00:00,APDL,7.5
1999-07-02 00:00:00,APDL,8
1999-07-05 00:00:00,APDL,8
1999-07-06 00:00:00,APDL,8
1999-07-13 00:00:00,APDL,7.75
SECURITY_DA,COMP,CLOSE_PRICE
-----------,----,-----------
1999-07-19 00:00:00,APDL,7.75
1999-07-26 00:00:00,APDL,7.75
1999-07-30 00:00:00,APDL,8
1999-08-17 00:00:00,APDL,8
1999-08-18 00:00:00,APDL,8
1999-08-19 00:00:00,APDL,7.75
1999-08-20 00:00:00,APDL,8
1999-08-23 00:00:00,APDL,8.25
1999-08-31 00:00:00,APDL,9
1999-09-02 00:00:00,APDL,9
1999-09-03 00:00:00,APDL,8.5
1999-09-08 00:00:00,APDL,9
1999-09-09 00:00:00,APDL,9
1999-10-26 00:00:00,APDL,9
1999-11-05 00:00:00,APDL,10
1999-11-12 00:00:00,APDL,10
1999-11-19 00:00:00,APDL,10
1999-11-23 00:00:00,APDL,10
1999-11-26 00:00:00,APDL,10
1999-12-01 00:00:00,APDL,10.5
1999-12-02 00:00:00,APDL,10.5
SECURITY_DA,COMP,CLOSE_PRICE
-----------,----,-----------
1999-12-15 00:00:00,APDL,10.5
1999-12-27 00:00:00,APDL,10.5
1999-12-30 00:00:00,APDL,10.5
1999-01-04 00:00:00,APLA,37.5
1999-01-05 00:00:00,APLA,35
1999-01-06 00:00:00,APLA,36.5
1999-01-07 00:00:00,APLA,37
1999-01-13 00:00:00,APLA,36.75
1999-01-14 00:00:00,APLA,36
1999-01-19 00:00:00,APLA,36
1999-01-27 00:00:00,APLA,34.25
1999-02-03 00:00:00,APLA,35
1999-02-08 00:00:00,APLA,35.25
1999-02-11 00:00:00,APLA,36
1999-02-23 00:00:00,APLA,34.75
1999-02-24 00:00:00,APLA,33.5
1999-02-25 00:00:00,APLA,39
1999-02-26 00:00:00,APLA,39
1999-03-03 00:00:00,APLA,37
1999-03-04 00:00:00,APLA,35
1999-03-05 00:00:00,APLA,34.75
SECURITY_DA,COMP,CLOSE_PRICE
-----------,----,-----------
1999-03-08 00:00:00,APLA,34.5
1999-03-09 00:00:00,APLA,36
1999-03-10 00:00:00,APLA,35
1999-03-19 00:00:00,APLA,37
1999-03-23 00:00:00,APLA,40
1999-03-30 00:00:00,APLA,40
1999-04-01 00:00:00,APLA,40
1999-04-06 00:00:00,APLA,40
1999-04-07 00:00:00,APLA,40
1999-04-08 00:00:00,APLA,42
1999-05-03 00:00:00,APLA,40
1999-05-04 00:00:00,APLA,40
1999-05-11 00:00:00,APLA,38
1999-05-17 00:00:00,APLA,37.75
1999-05-19 00:00:00,APLA,33
1999-05-24 00:00:00,APLA,35
1999-05-25 00:00:00,APLA,35
1999-06-24 00:00:00,APLA,34
1999-07-01 00:00:00,APLA,35
1999-07-02 00:00:00,APLA,35
1999-07-05 00:00:00,APLA,35
SECURITY_DA,COMP,CLOSE_PRICE
-----------,----,-----------
1999-07-20 00:00:00,APLA,34.25
1999-07-21 00:00:00,APLA,35
1999-07-23 00:00:00,APLA,39.5
1999-08-03 00:00:00,APLA,39
1999-08-24 00:00:00,APLA,37
1999-08-25 00:00:00,APLA,37
1999-08-31 00:00:00,APLA,37
1999-09-02 00:00:00,APLA,37.75
1999-09-03 00:00:00,APLA,38.25
1999-09-06 00:00:00,APLA,40
1999-09-07 00:00:00,APLA,38
1999-09-08 00:00:00,APLA,37.5
1999-09-09 00:00:00,APLA,37.5
1999-09-10 00:00:00,APLA,38
1999-09-13 00:00:00,APLA,38.25
1999-09-16 00:00:00,APLA,38.25
1999-09-17 00:00:00,APLA,38.25
1999-09-21 00:00:00,APLA,38
1999-09-30 00:00:00,APLA,38
1999-10-04 00:00:00,APLA,38
1999-10-05 00:00:00,APLA,38
SECURITY_DA,COMP,CLOSE_PRICE
-----------,----,-----------
1999-10-11 00:00:00,APLA,38
1999-10-22 00:00:00,APLA,38
1999-10-27 00:00:00,APLA,38
1999-10-28 00:00:00,APLA,38
1999-10-29 00:00:00,APLA,36
1999-11-08 00:00:00,APLA,32.5
1999-11-09 00:00:00,APLA,32.5
1999-01-20 00:00:00,ARPI,16
1999-01-21 00:00:00,ARPI,16
1999-01-22 00:00:00,ARPI,16
1999-01-27 00:00:00,ARPI,15
1999-01-29 00:00:00,ARPI,15.5
1999-02-02 00:00:00,ARPI,19.5
1999-02-05 00:00:00,ARPI,16
1999-02-10 00:00:00,ARPI,16
1999-03-19 00:00:00,ARPI,16
1999-03-23 00:00:00,ARPI,16
1999-03-26 00:00:00,ARPI,16
1999-04-15 00:00:00,ARPI,13
1999-04-22 00:00:00,ARPI,13
1999-04-23 00:00:00,ARPI,16
SECURITY_DA,COMP,CLOSE_PRICE
-----------,----,-----------
1999-05-05 00:00:00,ARPI,16
1999-06-04 00:00:00,ARPI,13.5
1999-06-07 00:00:00,ARPI,13.5
1999-06-11 00:00:00,ARPI,12
1999-06-17 00:00:00,ARPI,12
1999-07-19 00:00:00,ARPI,13.5
1999-08-03 00:00:00,ARPI,13.5
1999-09-13 00:00:00,ARPI,14
1999-09-21 00:00:00,ARPI,14
1999-09-24 00:00:00,ARPI,13.75
1999-09-28 00:00:00,ARPI,14
1999-10-06 00:00:00,ARPI,13.5
1999-10-12 00:00:00,ARPI,13.5
1999-10-14 00:00:00,ARPI,13.25
1999-10-20 00:00:00,ARPI,13
1999-10-26 00:00:00,ARPI,13
1999-10-28 00:00:00,ARPI,12.5
1999-11-16 00:00:00,ARPI,12.5
1999-11-23 00:00:00,ARPI,12.5
1999-11-24 00:00:00,ARPI,12.5
1999-12-17 00:00:00,ARPI,12.5
SECURITY_DA,COMP,CLOSE_PRICE
-----------,----,-----------
1999-01-05 00:00:00,ASCO,3
1999-01-08 00:00:00,ASCO,3
1999-01-12 00:00:00,ASCO,3
1999-01-14 00:00:00,ASCO,3
1999-02-05 00:00:00,ASCO,3
1999-02-08 00:00:00,ASCO,3.25
1999-02-10 00:00:00,ASCO,3
1999-02-11 00:00:00,ASCO,3
1999-02-12 00:00:00,ASCO,3
1999-02-15 00:00:00,ASCO,3
1999-02-22 00:00:00,ASCO,3
1999-03-04 00:00:00,ASCO,2.75
1999-03-08 00:00:00,ASCO,2.75
1999-03-11 00:00:00,ASCO,2.25
1999-03-30 00:00:00,ASCO,2.5
1999-04-01 00:00:00,ASCO,2.5
1999-04-19 00:00:00,ASCO,2.5
1999-04-23 00:00:00,ASCO,2.5
1999-05-11 00:00:00,ASCO,2
1999-05-12 00:00:00,ASCO,2.25
1999-05-13 00:00:00,ASCO,2.25
SECURITY_DA,COMP,CLOSE_PRICE
-----------,----,-----------
1999-05-17 00:00:00,ASCO,2.25
1999-06-07 00:00:00,ASCO,2.25
1999-06-10 00:00:00,ASCO,2.25
1999-06-11 00:00:00,ASCO,2
1999-06-14 00:00:00,ASCO,2
1999-06-16 00:00:00,ASCO,2.25
1999-06-23 00:00:00,ASCO,2.25
1999-07-01 00:00:00,ASCO,2.5
1999-07-06 00:00:00,ASCO,2.5
1999-07-15 00:00:00,ASCO,2.5
1999-07-19 00:00:00,ASCO,2.5
1999-07-21 00:00:00,ASCO,2.5
1999-07-22 00:00:00,ASCO,2.5
1999-07-23 00:00:00,ASCO,2.5
1999-07-26 00:00:00,ASCO,2.5
1999-08-03 00:00:00,ASCO,2.75
1999-08-10 00:00:00,ASCO,2.75
1999-08-12 00:00:00,ASCO,3.25
1999-08-13 00:00:00,ASCO,3
1999-08-16 00:00:00,ASCO,3
1999-08-17 00:00:00,ASCO,2.75
SECURITY_DA,COMP,CLOSE_PRICE
-----------,----,-----------
1999-08-19 00:00:00,ASCO,2.75
1999-08-23 00:00:00,ASCO,3
1999-09-06 00:00:00,ASCO,2.75
1999-09-07 00:00:00,ASCO,2.75
1999-09-13 00:00:00,ASCO,3
1999-09-14 00:00:00,ASCO,3
1999-09-15 00:00:00,ASCO,3
1999-09-16 00:00:00,ASCO,3
1999-09-17 00:00:00,ASCO,3
1999-09-20 00:00:00,ASCO,3
1999-09-21 00:00:00,ASCO,3
1999-09-22 00:00:00,ASCO,3
1999-09-23 00:00:00,ASCO,3
1999-09-27 00:00:00,ASCO,3
1999-09-29 00:00:00,ASCO,3
1999-10-06 00:00:00,ASCO,2.75
1999-10-08 00:00:00,ASCO,2.5
1999-10-12 00:00:00,ASCO,2.75
1999-10-14 00:00:00,ASCO,2.75
1999-10-15 00:00:00,ASCO,3.5
1999-10-18 00:00:00,ASCO,3.25
SECURITY_DA,COMP,CLOSE_PRICE
-----------,----,-----------
1999-10-20 00:00:00,ASCO,3
1999-10-21 00:00:00,ASCO,3
1999-10-22 00:00:00,ASCO,3.5
1999-10-25 00:00:00,ASCO,3.5
1999-10-26 00:00:00,ASCO,3.5
1999-11-01 00:00:00,ASCO,3.5
1999-11-04 00:00:00,ASCO,3.5
1999-11-05 00:00:00,ASCO,3.5
1999-11-09 00:00:00,ASCO,3.5
1999-11-12 00:00:00,ASCO,3.5
1999-11-15 00:00:00,ASCO,3.5
1999-11-23 00:00:00,ASCO,3.5
1999-11-24 00:00:00,ASCO,3.5
1999-11-25 00:00:00,ASCO,3.5
1999-12-06 00:00:00,ASCO,3.5
1999-12-07 00:00:00,ASCO,3.5
1999-12-16 00:00:00,ASCO,3
1999-12-20 00:00:00,ASCO,3
1999-12-27 00:00:00,ASCO,3
1999-12-29 00:00:00,ASCO,3.25
1999-01-14 00:00:00,ASHO,7.5
SECURITY_DA,COMP,CLOSE_PRICE
-----------,----,-----------
1999-01-29 00:00:00,ASHO,6
1999-02-08 00:00:00,ASHO,6.25
1999-02-09 00:00:00,ASHO,6.25
1999-02-11 00:00:00,ASHO,7.5
1999-02-12 00:00:00,ASHO,9.5
1999-02-17 00:00:00,ASHO,8
1999-03-05 00:00:00,ASHO,8.5
1999-03-09 00:00:00,ASHO,7.5
1999-03-11 00:00:00,ASHO,8.5
1999-03-16 00:00:00,ASHO,8.75
1999-03-29 00:00:00,ASHO,9
1999-05-05 00:00:00,ASHO,6
1999-05-20 00:00:00,ASHO,5.75
1999-06-10 00:00:00,ASHO,8.5
1999-06-11 00:00:00,ASHO,7.25
1999-06-14 00:00:00,ASHO,7.25
1999-07-30 00:00:00,ASHO,7
1999-08-31 00:00:00,ASHO,7.5
1999-09-01 00:00:00,ASHO,7.5
1999-09-08 00:00:00,ASHO,7.5
1999-09-09 00:00:00,ASHO,7.25
SECURITY_DA,COMP,CLOSE_PRICE
-----------,----,-----------
1999-09-14 00:00:00,ASHO,7.25
1999-09-15 00:00:00,ASHO,7.25
1999-10-12 00:00:00,ASHO,7.25
1999-10-19 00:00:00,ASHO,7.25
1999-11-01 00:00:00,ASHO,7.25
1999-11-02 00:00:00,ASHO,7.25
1999-11-11 00:00:00,ASHO,7.5
1999-11-18 00:00:00,ASHO,7.25
1999-11-25 00:00:00,ASHO,7.5
1999-11-26 00:00:00,ASHO,7.5
1999-11-30 00:00:00,ASHO,7.25
1999-12-02 00:00:00,ASHO,8.5
1999-12-21 00:00:00,ASHO,8.5
1999-12-29 00:00:00,ASHO,8.5
1999-12-30 00:00:00,ASHO,8.5
1999-01-06 00:00:00,ASIR,30.75
1999-01-07 00:00:00,ASIR,31
1999-01-08 00:00:00,ASIR,32
1999-01-11 00:00:00,ASIR,32
1999-01-12 00:00:00,ASIR,31
1999-01-14 00:00:00,ASIR,31
1999-01-18 00:00:00,ASIR,31
1999-01-19 00:00:00,ASIR,31
1999-01-20 00:00:00,ASIR,31.25
1999-01-22 00:00:00,ASIR,31
1999-01-25 00:00:00,ASIR,31.25
1999-01-26 00:00:00,ASIR,31.25
1999-01-27 00:00:00,ASIR,31.5
1999-01-28 00:00:00,ASIR,31.5
1999-02-03 00:00:00,ASIR,31.75
1999-02-05 00:00:00,ASIR,32
1999-02-08 00:00:00,ASIR,31.5
1999-02-10 00:00:00,ASIR,32
1999-02-11 00:00:00,ASIR,31.75
1999-02-12 00:00:00,ASIR,32
1999-02-15 00:00:00,ASIR,33
1999-02-16 00:00:00,ASIR,33
1999-02-17 00:00:00,ASIR,33
1999-02-18 00:00:00,ASIR,33
1999-02-19 00:00:00,ASIR,32.25
1999-02-22 00:00:00,ASIR,32.5
1999-02-23 00:00:00,ASIR,32.5
1999-02-25 00:00:00,ASIR,33
1999-02-26 00:00:00,ASIR,33
1999-03-03 00:00:00,ASIR,32.5
1999-03-04 00:00:00,ASIR,32.5
1999-03-05 00:00:00,ASIR,32.5
1999-03-08 00:00:00,ASIR,32.25
1999-03-09 00:00:00,ASIR,32.5
1999-03-12 00:00:00,ASIR,32
1999-03-15 00:00:00,ASIR,32.5
1999-03-17 00:00:00,ASIR,32.5
1999-03-18 00:00:00,ASIR,32.5
1999-03-25 00:00:00,ASIR,32.5
1999-03-26 00:00:00,ASIR,32.5
1999-03-29 00:00:00,ASIR,32.5
1999-04-01 00:00:00,ASIR,32.5
1999-04-20 00:00:00,ASIR,32.75
1999-04-22 00:00:00,ASIR,33
1999-04-26 00:00:00,ASIR,33.25
1999-04-27 00:00:00,ASIR,33.25
1999-05-04 00:00:00,ASIR,33
1999-05-05 00:00:00,ASIR,33.5
1999-05-06 00:00:00,ASIR,33
1999-05-11 00:00:00,ASIR,33.5
1999-05-12 00:00:00,ASIR,33.5
1999-05-17 00:00:00,ASIR,33.75
1999-05-18 00:00:00,ASIR,33.75
1999-05-19 00:00:00,ASIR,33.5
1999-05-20 00:00:00,ASIR,33.5
1999-05-21 00:00:00,ASIR,33.75
1999-05-24 00:00:00,ASIR,34
1999-05-25 00:00:00,ASIR,34.5
1999-05-26 00:00:00,ASIR,34.5
1999-05-28 00:00:00,ASIR,35
1999-06-01 00:00:00,ASIR,35
1999-06-02 00:00:00,ASIR,35.25
1999-06-03 00:00:00,ASIR,35
1999-06-04 00:00:00,ASIR,34.75
1999-06-08 00:00:00,ASIR,34.75
1999-06-09 00:00:00,ASIR,34.5
1999-06-10 00:00:00,ASIR,34
1999-06-11 00:00:00,ASIR,33.5
1999-06-16 00:00:00,ASIR,33.5
1999-06-22 00:00:00,ASIR,34
1999-06-23 00:00:00,ASIR,34
1999-06-24 00:00:00,ASIR,34
1999-06-25 00:00:00,ASIR,34
1999-07-01 00:00:00,ASIR,32
1999-07-05 00:00:00,ASIR,34
1999-07-07 00:00:00,ASIR,34
1999-07-08 00:00:00,ASIR,33
1999-07-12 00:00:00,ASIR,33.25
1999-07-13 00:00:00,ASIR,34
1999-07-14 00:00:00,ASIR,34
1999-07-15 00:00:00,ASIR,34
1999-07-16 00:00:00,ASIR,34
1999-07-19 00:00:00,ASIR,33.75
1999-07-20 00:00:00,ASIR,33.75
1999-07-21 00:00:00,ASIR,33.75
1999-07-23 00:00:00,ASIR,33.5
1999-07-26 00:00:00,ASIR,33
1999-07-27 00:00:00,ASIR,34
1999-08-02 00:00:00,ASIR,33.75
1999-08-03 00:00:00,ASIR,34
1999-08-04 00:00:00,ASIR,34
1999-08-05 00:00:00,ASIR,34
1999-08-06 00:00:00,ASIR,33.75
1999-08-10 00:00:00,ASIR,33
1999-08-12 00:00:00,ASIR,34
1999-08-13 00:00:00,ASIR,34
1999-08-16 00:00:00,ASIR,34
1999-08-17 00:00:00,ASIR,34
1999-08-18 00:00:00,ASIR,34
1999-08-19 00:00:00,ASIR,34.25
1999-08-20 00:00:00,ASIR,34.5
1999-08-24 00:00:00,ASIR,34.5
1999-08-25 00:00:00,ASIR,34.5
1999-08-31 00:00:00,ASIR,34.5
1999-09-03 00:00:00,ASIR,34.75
1999-09-06 00:00:00,ASIR,34.5
1999-09-07 00:00:00,ASIR,34.5
1999-09-08 00:00:00,ASIR,34.75
1999-09-09 00:00:00,ASIR,34
1999-09-10 00:00:00,ASIR,34.25
1999-09-14 00:00:00,ASIR,34.5
1999-09-15 00:00:00,ASIR,34.25
1999-09-16 00:00:00,ASIR,34.5
1999-09-17 00:00:00,ASIR,34.5
1999-09-20 00:00:00,ASIR,34.5
1999-09-21 00:00:00,ASIR,34.25
1999-09-23 00:00:00,ASIR,34.25
1999-09-24 00:00:00,ASIR,34.5
1999-09-27 00:00:00,ASIR,34.5
1999-09-30 00:00:00,ASIR,34.5
1999-10-04 00:00:00,ASIR,34.5
1999-10-07 00:00:00,ASIR,34.25
1999-10-08 00:00:00,ASIR,34.5
1999-10-11 00:00:00,ASIR,34.5
1999-10-14 00:00:00,ASIR,34.5
1999-10-18 00:00:00,ASIR,34.75
1999-10-19 00:00:00,ASIR,34.5
1999-10-21 00:00:00,ASIR,33.25
1999-10-22 00:00:00,ASIR,33.5
1999-10-27 00:00:00,ASIR,34
1999-10-29 00:00:00,ASIR,35
1999-11-02 00:00:00,ASIR,35
1999-11-03 00:00:00,ASIR,35
1999-11-04 00:00:00,ASIR,34.75
1999-11-08 00:00:00,ASIR,34.75
1999-11-09 00:00:00,ASIR,34.75
1999-11-10 00:00:00,ASIR,34.75
1999-11-11 00:00:00,ASIR,34.75
1999-11-12 00:00:00,ASIR,34.5
1999-11-15 00:00:00,ASIR,34.5
1999-11-17 00:00:00,ASIR,34.5
1999-11-18 00:00:00,ASIR,34.75
1999-11-23 00:00:00,ASIR,35
1999-11-24 00:00:00,ASIR,35
1999-11-25 00:00:00,ASIR,35
1999-11-26 00:00:00,ASIR,35
1999-11-30 00:00:00,ASIR,35
1999-12-02 00:00:00,ASIR,34.5
1999-12-06 00:00:00,ASIR,34.5
1999-12-08 00:00:00,ASIR,35
1999-12-10 00:00:00,ASIR,34.5
1999-12-13 00:00:00,ASIR,34.5
1999-12-14 00:00:00,ASIR,34.5
1999-12-15 00:00:00,ASIR,34.5
1999-12-16 00:00:00,ASIR,34.5
1999-12-17 00:00:00,ASIR,34.5
1999-12-28 00:00:00,ASIR,34.5
1999-03-19 00:00:00,ASPH,45
1999-03-30 00:00:00,ASPH,40.5
1999-09-27 00:00:00,ASPH,40.5
1999-11-08 00:00:00,ASPH,40.5
1999-11-09 00:00:00,ASPH,40.5
1999-11-15 00:00:00,ASPH,38
1999-01-04 00:00:00,BALA,25.75
1999-01-05 00:00:00,BALA,25.25
1999-01-06 00:00:00,BALA,25.25
1999-01-07 00:00:00,BALA,25.5
1999-01-08 00:00:00,BALA,26
1999-01-11 00:00:00,BALA,25.5
1999-01-12 00:00:00,BALA,25.75
1999-01-13 00:00:00,BALA,26
1999-01-14 00:00:00,BALA,25.75
1999-01-18 00:00:00,BALA,25
1999-01-19 00:00:00,BALA,25
1999-01-20 00:00:00,BALA,25
1999-01-21 00:00:00,BALA,24.75
1999-01-22 00:00:00,BALA,25
1999-01-25 00:00:00,BALA,24.75
1999-01-26 00:00:00,BALA,24.5
1999-01-27 00:00:00,BALA,24
1999-01-28 00:00:00,BALA,23.75
1999-01-29 00:00:00,BALA,24
1999-02-01 00:00:00,BALA,24
1999-02-02 00:00:00,BALA,23
1999-02-03 00:00:00,BALA,23.25
1999-02-05 00:00:00,BALA,23
1999-02-08 00:00:00,BALA,23
1999-02-09 00:00:00,BALA,23
1999-02-10 00:00:00,BALA,23
1999-02-11 00:00:00,BALA,23
1999-02-12 00:00:00,BALA,23
1999-02-15 00:00:00,BALA,23.25
1999-02-16 00:00:00,BALA,23.25
1999-02-17 00:00:00,BALA,23.5
1999-02-18 00:00:00,BALA,23
1999-02-19 00:00:00,BALA,23
1999-02-22 00:00:00,BALA,22
1999-02-23 00:00:00,BALA,20
1999-02-24 00:00:00,BALA,18.25
1999-02-25 00:00:00,BALA,19
1999-02-26 00:00:00,BALA,20.25
1999-03-02 00:00:00,BALA,20.25
1999-03-03 00:00:00,BALA,19
1999-03-04 00:00:00,BALA,19
1999-03-05 00:00:00,BALA,18.75
1999-03-08 00:00:00,BALA,17.25
1999-03-09 00:00:00,BALA,17.75
1999-03-10 00:00:00,BALA,16.75
1999-03-11 00:00:00,BALA,16.5
1999-03-12 00:00:00,BALA,16.25
1999-03-15 00:00:00,BALA,15.25
1999-03-16 00:00:00,BALA,15.75
1999-03-17 00:00:00,BALA,16
1999-03-18 00:00:00,BALA,17
1999-03-19 00:00:00,BALA,17.25
1999-03-22 00:00:00,BALA,18.75
1999-03-23 00:00:00,BALA,19
1999-03-24 00:00:00,BALA,18
1999-03-25 00:00:00,BALA,18
1999-03-26 00:00:00,BALA,17.5
1999-03-29 00:00:00,BALA,17.25
1999-03-30 00:00:00,BALA,17.5
1999-04-01 00:00:00,BALA,17.25
1999-04-05 00:00:00,BALA,16.75
1999-04-06 00:00:00,BALA,17.5
1999-04-07 00:00:00,BALA,17.5
1999-04-08 00:00:00,BALA,19
1999-04-09 00:00:00,BALA,18
1999-04-12 00:00:00,BALA,18.5
1999-04-15 00:00:00,BALA,18.5
1999-04-19 00:00:00,BALA,18.25
1999-04-20 00:00:00,BALA,17.75
1999-04-21 00:00:00,BALA,17.5
1999-04-22 00:00:00,BALA,17
1999-04-23 00:00:00,BALA,17
1999-04-26 00:00:00,BALA,16.75
1999-04-27 00:00:00,BALA,17.5
1999-04-28 00:00:00,BALA,17.5
1999-05-03 00:00:00,BALA,17.25
1999-05-04 00:00:00,BALA,17
1999-05-05 00:00:00,BALA,17.5
1999-05-06 00:00:00,BALA,16.75
1999-05-07 00:00:00,BALA,16.5
1999-05-10 00:00:00,BALA,16.25
1999-05-11 00:00:00,BALA,16
1999-05-12 00:00:00,BALA,15.5
1999-05-13 00:00:00,BALA,15.25
1999-05-14 00:00:00,BALA,15.5
1999-05-17 00:00:00,BALA,15
1999-05-18 00:00:00,BALA,15
1999-05-19 00:00:00,BALA,15.5
1999-05-20 00:00:00,BALA,15.75
1999-05-21 00:00:00,BALA,16.5
1999-05-24 00:00:00,BALA,16.75
1999-05-25 00:00:00,BALA,16
1999-05-26 00:00:00,BALA,16.5
1999-05-27 00:00:00,BALA,16
1999-05-28 00:00:00,BALA,16
1999-06-01 00:00:00,BALA,15.5
1999-06-02 00:00:00,BALA,15.75
1999-06-03 00:00:00,BALA,15.5
1999-06-04 00:00:00,BALA,15.5
1999-06-07 00:00:00,BALA,15.5
1999-06-08 00:00:00,BALA,15.75
1999-06-09 00:00:00,BALA,15.75
1999-06-10 00:00:00,BALA,16
1999-06-11 00:00:00,BALA,16
1999-06-14 00:00:00,BALA,16
1999-06-15 00:00:00,BALA,16
1999-06-16 00:00:00,BALA,16
1999-06-17 00:00:00,BALA,16
1999-06-18 00:00:00,BALA,16.25
1999-06-21 00:00:00,BALA,16
1999-06-22 00:00:00,BALA,16
1999-06-23 00:00:00,BALA,16.5
1999-06-24 00:00:00,BALA,16.75
1999-06-25 00:00:00,BALA,17
1999-06-30 00:00:00,BALA,16.75
1999-07-01 00:00:00,BALA,17
1999-07-02 00:00:00,BALA,17
1999-07-05 00:00:00,BALA,17
1999-07-06 00:00:00,BALA,17.25
1999-07-07 00:00:00,BALA,16.75
1999-07-08 00:00:00,BALA,16.5
1999-07-09 00:00:00,BALA,16.75
1999-07-12 00:00:00,BALA,17
1999-07-13 00:00:00,BALA,17
1999-07-14 00:00:00,BALA,16.5
1999-07-15 00:00:00,BALA,16.5
1999-07-16 00:00:00,BALA,16.75
1999-07-19 00:00:00,BALA,16.75
1999-07-20 00:00:00,BALA,16.75
1999-07-21 00:00:00,BALA,17
1999-07-22 00:00:00,BALA,17.5
1999-07-23 00:00:00,BALA,18
1999-07-26 00:00:00,BALA,17.5
1999-07-27 00:00:00,BALA,17.75
1999-07-29 00:00:00,BALA,17.75
1999-07-30 00:00:00,BALA,17.75
1999-08-02 00:00:00,BALA,22
1999-08-03 00:00:00,BALA,25
1999-08-04 00:00:00,BALA,27
1999-08-05 00:00:00,BALA,25.5
1999-08-06 00:00:00,BALA,23.5
1999-08-09 00:00:00,BALA,25
1999-08-10 00:00:00,BALA,25.75
1999-08-11 00:00:00,BALA,24
1999-08-12 00:00:00,BALA,23.25
1999-08-13 00:00:00,BALA,23.75
1999-08-16 00:00:00,BALA,22.75
1999-08-17 00:00:00,BALA,22.5
1999-08-18 00:00:00,BALA,20.5
1999-08-19 00:00:00,BALA,22.25
1999-08-20 00:00:00,BALA,23.5
1999-08-23 00:00:00,BALA,23.25
1999-08-24 00:00:00,BALA,23
1999-08-25 00:00:00,BALA,23
1999-08-30 00:00:00,BALA,23.25
1999-08-31 00:00:00,BALA,23
1999-09-01 00:00:00,BALA,22.25
1999-09-02 00:00:00,BALA,22
1999-09-03 00:00:00,BALA,22.25
1999-09-06 00:00:00,BALA,23.75
1999-09-07 00:00:00,BALA,23
1999-09-08 00:00:00,BALA,23
1999-09-09 00:00:00,BALA,23.25
1999-09-10 00:00:00,BALA,23
1999-09-13 00:00:00,BALA,23.75
1999-09-14 00:00:00,BALA,23.75
1999-09-15 00:00:00,BALA,24
1999-09-16 00:00:00,BALA,24.5
1999-09-17 00:00:00,BALA,24.5
1999-09-20 00:00:00,BALA,25.25
1999-09-21 00:00:00,BALA,26.75
1999-09-22 00:00:00,BALA,27
1999-09-23 00:00:00,BALA,27
1999-09-24 00:00:00,BALA,28
1999-09-27 00:00:00,BALA,31
1999-09-28 00:00:00,BALA,32
1999-09-29 00:00:00,BALA,30.5
1999-09-30 00:00:00,BALA,30
1999-10-01 00:00:00,BALA,31
1999-10-04 00:00:00,BALA,32
1999-10-05 00:00:00,BALA,30.75
1999-10-06 00:00:00,BALA,30
1999-10-07 00:00:00,BALA,28
1999-10-08 00:00:00,BALA,29.5
1999-10-11 00:00:00,BALA,28
1999-10-12 00:00:00,BALA,27.5
1999-10-13 00:00:00,BALA,26
1999-10-14 00:00:00,BALA,25.5
1999-10-15 00:00:00,BALA,25.5
1999-10-18 00:00:00,BALA,26.5
1999-10-19 00:00:00,BALA,26
1999-10-20 00:00:00,BALA,25
1999-10-21 00:00:00,BALA,23.5
1999-10-22 00:00:00,BALA,24
1999-10-25 00:00:00,BALA,23
1999-10-26 00:00:00,BALA,21.5
1999-10-27 00:00:00,BALA,23
1999-10-28 00:00:00,BALA,21
1999-10-29 00:00:00,BALA,23
1999-11-01 00:00:00,BALA,22
1999-11-02 00:00:00,BALA,21.75
1999-11-03 00:00:00,BALA,23
1999-11-04 00:00:00,BALA,23.5
1999-11-05 00:00:00,BALA,24
1999-11-08 00:00:00,BALA,24
1999-11-09 00:00:00,BALA,24
1999-11-10 00:00:00,BALA,23.5
1999-11-11 00:00:00,BALA,23.5
1999-11-12 00:00:00,BALA,23.75
1999-11-15 00:00:00,BALA,22.5
1999-11-16 00:00:00,BALA,22.5
1999-11-17 00:00:00,BALA,22.5
1999-11-19 00:00:00,BALA,24
1999-11-23 00:00:00,BALA,25
1999-11-24 00:00:00,BALA,24.5
1999-11-25 00:00:00,BALA,24.25
1999-11-26 00:00:00,BALA,24
1999-11-29 00:00:00,BALA,23.75
1999-11-30 00:00:00,BALA,24
1999-12-01 00:00:00,BALA,24
1999-12-02 00:00:00,BALA,24.75
1999-12-03 00:00:00,BALA,25.5
1999-12-06 00:00:00,BALA,26.25
1999-12-07 00:00:00,BALA,27
1999-12-08 00:00:00,BALA,26.75
1999-12-09 00:00:00,BALA,26
1999-12-10 00:00:00,BALA,26
1999-12-13 00:00:00,BALA,27.25
1999-12-14 00:00:00,BALA,26.25
1999-12-15 00:00:00,BALA,26
1999-12-16 00:00:00,BALA,26.25
1999-12-17 00:00:00,BALA,26.25
1999-12-20 00:00:00,BALA,25.25
1999-12-21 00:00:00,BALA,25.75
1999-12-23 00:00:00,BALA,25.5
1999-12-27 00:00:00,BALA,25.25
1999-12-28 00:00:00,BALA,24.5
1999-12-29 00:00:00,BALA,25
1999-12-30 00:00:00,BALA,25
1999-01-06 00:00:00,BATA,25
1999-01-07 00:00:00,BATA,24.75
1999-01-08 00:00:00,BATA,25
SECURITY_DA,COMP,CLOSE_PRICE
-----------,----,-----------
1999-01-11 00:00:00,BATA,25
1999-01-12 00:00:00,BATA,25
1999-01-13 00:00:00,BATA,25
1999-01-19 00:00:00,BATA,24
1999-01-28 00:00:00,BATA,23
1999-02-01 00:00:00,BATA,23
1999-02-03 00:00:00,BATA,23
1999-02-12 00:00:00,BATA,25
1999-02-15 00:00:00,BATA,26
1999-02-17 00:00:00,BATA,25
1999-02-18 00:00:00,BATA,25
1999-02-23 00:00:00,BATA,25
1999-02-24 00:00:00,BATA,25.5
1999-02-25 00:00:00,BATA,25
1999-03-03 00:00:00,BATA,24.5
1999-03-04 00:00:00,BATA,24.5
1999-03-29 00:00:00,BATA,23.25
1999-03-30 00:00:00,BATA,23
1999-04-01 00:00:00,BATA,24
1999-04-06 00:00:00,BATA,24
1999-04-08 00:00:00,BATA,24
SECURITY_DA,COMP,CLOSE_PRICE
-----------,----,-----------
1999-04-16 00:00:00,BATA,26
1999-04-19 00:00:00,BATA,25.25
1999-04-21 00:00:00,BATA,25.25
1999-04-22 00:00:00,BATA,25
1999-04-23 00:00:00,BATA,25
1999-04-26 00:00:00,BATA,25
1999-04-28 00:00:00,BATA,25.25
1999-05-03 00:00:00,BATA,25
1999-05-04 00:00:00,BATA,25
1999-05-05 00:00:00,BATA,24.75
1999-05-06 00:00:00,BATA,24.75
1999-05-07 00:00:00,BATA,24.75
1999-05-11 00:00:00,BATA,24.75
1999-05-12 00:00:00,BATA,24.75
1999-05-14 00:00:00,BATA,24.75
1999-05-18 00:00:00,BATA,24.75
1999-05-28 00:00:00,BATA,23.5
1999-06-02 00:00:00,BATA,23
1999-06-03 00:00:00,BATA,21.25
1999-06-04 00:00:00,BATA,21.25
1999-06-07 00:00:00,BATA,21
SECURITY_DA,COMP,CLOSE_PRICE
-----------,----,-----------
1999-06-08 00:00:00,BATA,21
1999-06-16 00:00:00,BATA,21.25
1999-06-22 00:00:00,BATA,21.5
1999-06-23 00:00:00,BATA,21.25
1999-06-30 00:00:00,BATA,21
1999-07-01 00:00:00,BATA,21
1999-07-02 00:00:00,BATA,21
1999-07-06 00:00:00,BATA,20.75
1999-07-09 00:00:00,BATA,20
1999-07-14 00:00:00,BATA,21
1999-07-15 00:00:00,BATA,21.25
1999-07-16 00:00:00,BATA,21.25
1999-07-20 00:00:00,BATA,21
1999-07-22 00:00:00,BATA,21
1999-07-23 00:00:00,BATA,23
1999-07-26 00:00:00,BATA,23
1999-07-27 00:00:00,BATA,23
1999-07-30 00:00:00,BATA,23
1999-08-03 00:00:00,BATA,22.75
1999-08-06 00:00:00,BATA,22.25
1999-08-16 00:00:00,BATA,22
SECURITY_DA,COMP,CLOSE_PRICE
-----------,----,-----------
1999-08-18 00:00:00,BATA,21.5
1999-08-20 00:00:00,BATA,21.5
1999-08-31 00:00:00,BATA,21.75
1999-09-01 00:00:00,BATA,22
1999-09-03 00:00:00,BATA,22
1999-09-06 00:00:00,BATA,22
1999-09-07 00:00:00,BATA,22
1999-09-16 00:00:00,BATA,22
1999-09-17 00:00:00,BATA,22
1999-09-21 00:00:00,BATA,21.75
1999-09-23 00:00:00,BATA,21.5
1999-09-29 00:00:00,BATA,21
1999-09-30 00:00:00,BATA,21
1999-10-08 00:00:00,BATA,20.5
1999-10-18 00:00:00,BATA,20.25
1999-10-19 00:00:00,BATA,20
1999-10-21 00:00:00,BATA,20
1999-10-29 00:00:00,BATA,19.5
1999-11-05 00:00:00,BATA,19
1999-11-08 00:00:00,BATA,20
1999-11-17 00:00:00,BATA,19
SECURITY_DA,COMP,CLOSE_PRICE
-----------,----,-----------
1999-11-26 00:00:00,BATA,19
1999-12-08 00:00:00,BATA,19
1999-12-09 00:00:00,BATA,19
1999-12-10 00:00:00,BATA,20
1999-12-14 00:00:00,BATA,19
1999-12-15 00:00:00,BATA,19.5
1999-12-16 00:00:00,BATA,19
1999-12-17 00:00:00,BATA,19
1999-12-21 00:00:00,BATA,19
1999-12-27 00:00:00,BATA,19
1999-01-22 00:00:00,BBH,5.75
1999-02-19 00:00:00,BBH,5.75
1999-03-05 00:00:00,BBH,5.75
1999-03-08 00:00:00,BBH,5.75
1999-03-10 00:00:00,BBH,5.5
1999-03-19 00:00:00,BBH,5.5
1999-04-19 00:00:00,BBH,5.5
1999-04-20 00:00:00,BBH,5.5
1999-06-11 00:00:00,BBH,5
1999-06-14 00:00:00,BBH,5
1999-06-21 00:00:00,BBH,5.25
SECURITY_DA,COMP,CLOSE_PRICE
-----------,----,-----------
1999-06-22 00:00:00,BBH,5.25
1999-07-07 00:00:00,BBH,6
1999-07-15 00:00:00,BBH,5.5
1999-07-22 00:00:00,BBH,5.5
1999-09-06 00:00:00,BBH,5.5
1999-10-19 00:00:00,BBH,5
1999-10-22 00:00:00,BBH,5.25
1999-12-14 00:00:00,BBH,7
1999-01-04 00:00:00,BFL,13.25
1999-01-06 00:00:00,BFL,13
1999-01-07 00:00:00,BFL,13.75
1999-01-08 00:00:00,BFL,13
1999-01-11 00:00:00,BFL,12.75
1999-01-12 00:00:00,BFL,13
1999-01-13 00:00:00,BFL,13
1999-01-14 00:00:00,BFL,13
1999-01-18 00:00:00,BFL,13
1999-01-19 00:00:00,BFL,13
1999-01-20 00:00:00,BFL,13
1999-01-21 00:00:00,BFL,13
1999-01-22 00:00:00,BFL,13
SECURITY_DA,COMP,CLOSE_PRICE
-----------,----,-----------
1999-01-25 00:00:00,BFL,13
1999-01-26 00:00:00,BFL,12.75
1999-01-27 00:00:00,BFL,12.5
1999-01-28 00:00:00,BFL,12.5
1999-01-29 00:00:00,BFL,12.5
1999-02-01 00:00:00,BFL,12.5
1999-02-03 00:00:00,BFL,12.75
1999-02-05 00:00:00,BFL,12.5
1999-02-09 00:00:00,BFL,12.75
1999-02-10 00:00:00,BFL,13
1999-02-11 00:00:00,BFL,13.5
1999-02-12 00:00:00,BFL,13.25
1999-02-15 00:00:00,BFL,13.25
1999-02-16 00:00:00,BFL,13.25
1999-02-17 00:00:00,BFL,13
1999-02-18 00:00:00,BFL,13
1999-02-19 00:00:00,BFL,13
1999-02-22 00:00:00,BFL,13
1999-02-23 00:00:00,BFL,13
1999-02-24 00:00:00,BFL,12
1999-02-26 00:00:00,BFL,13
SECURITY_DA,COMP,CLOSE_PRICE
-----------,----,-----------
1999-03-03 00:00:00,BFL,12.25
1999-03-04 00:00:00,BFL,12.25
1999-03-05 00:00:00,BFL,12
1999-03-08 00:00:00,BFL,11.75
1999-03-09 00:00:00,BFL,11.75
1999-03-15 00:00:00,BFL,11.25
1999-03-16 00:00:00,BFL,10.5
1999-03-17 00:00:00,BFL,10.5
1999-03-18 00:00:00,BFL,10.5
1999-03-19 00:00:00,BFL,10.75
1999-03-22 00:00:00,BFL,11
1999-03-23 00:00:00,BFL,11
1999-03-24 00:00:00,BFL,11
1999-03-26 00:00:00,BFL,10.5
1999-03-30 00:00:00,BFL,10.5
1999-04-01 00:00:00,BFL,11
1999-04-05 00:00:00,BFL,11
1999-04-06 00:00:00,BFL,10.5
1999-04-07 00:00:00,BFL,11
1999-04-08 00:00:00,BFL,12
1999-04-09 00:00:00,BFL,12
SECURITY_DA,COMP,CLOSE_PRICE
-----------,----,-----------
1999-04-12 00:00:00,BFL,12
1999-04-15 00:00:00,BFL,12
1999-04-16 00:00:00,BFL,11.5
1999-04-20 00:00:00,BFL,11.5
1999-04-21 00:00:00,BFL,11
1999-04-23 00:00:00,BFL,11
1999-04-27 00:00:00,BFL,11.5
1999-04-28 00:00:00,BFL,11.25
1999-05-03 00:00:00,BFL,11.75
1999-05-04 00:00:00,BFL,11.75
1999-05-05 00:00:00,BFL,12
1999-05-06 00:00:00,BFL,11.75
1999-05-07 00:00:00,BFL,11.75
1999-05-10 00:00:00,BFL,11.5
1999-05-11 00:00:00,BFL,11.5
1999-05-12 00:00:00,BFL,11.5
1999-05-14 00:00:00,BFL,11.5
1999-05-17 00:00:00,BFL,11.5
1999-05-18 00:00:00,BFL,11
1999-05-19 00:00:00,BFL,11
1999-05-20 00:00:00,BFL,11
SECURITY_DA,COMP,CLOSE_PRICE
-----------,----,-----------
1999-05-24 00:00:00,BFL,11.25
1999-05-25 00:00:00,BFL,11
1999-05-26 00:00:00,BFL,10.75
1999-05-27 00:00:00,BFL,10.25
1999-05-28 00:00:00,BFL,10.25
1999-06-01 00:00:00,BFL,10.25
1999-06-02 00:00:00,BFL,10
1999-06-03 00:00:00,BFL,11
1999-06-04 00:00:00,BFL,10.5
1999-06-07 00:00:00,BFL,10
1999-06-08 00:00:00,BFL,10.25
1999-06-09 00:00:00,BFL,10.5
1999-06-10 00:00:00,BFL,10.5
1999-06-11 00:00:00,BFL,10.5
1999-06-14 00:00:00,BFL,10.5
1999-06-15 00:00:00,BFL,10.25
1999-06-16 00:00:00,BFL,10
1999-06-17 00:00:00,BFL,11
1999-06-18 00:00:00,BFL,11.25
1999-06-21 00:00:00,BFL,10.25
1999-06-22 00:00:00,BFL,10.25
SECURITY_DA,COMP,CLOSE_PRICE
-----------,----,-----------
1999-06-23 00:00:00,BFL,10.5
1999-06-24 00:00:00,BFL,10.5
1999-06-30 00:00:00,BFL,10.5
1999-07-01 00:00:00,BFL,11
1999-07-02 00:00:00,BFL,10.5
1999-07-06 00:00:00,BFL,10.5
1999-07-07 00:00:00,BFL,10.5
1999-07-08 00:00:00,BFL,10.5
1999-07-09 00:00:00,BFL,10.75
1999-07-13 00:00:00,BFL,10.5
1999-07-14 00:00:00,BFL,10
1999-07-15 00:00:00,BFL,10.25
1999-07-16 00:00:00,BFL,10.5
1999-07-19 00:00:00,BFL,10
1999-07-20 00:00:00,BFL,10.5
1999-07-21 00:00:00,BFL,10.5
1999-07-22 00:00:00,BFL,10.5
1999-07-23 00:00:00,BFL,10.75
1999-07-27 00:00:00,BFL,10.5
1999-07-29 00:00:00,BFL,10.5
1999-07-30 00:00:00,BFL,10.5
SECURITY_DA,COMP,CLOSE_PRICE
-----------,----,-----------
1999-08-02 00:00:00,BFL,10.5
1999-08-03 00:00:00,BFL,10.5
1999-08-04 00:00:00,BFL,10.5
1999-08-05 00:00:00,BFL,11
1999-08-06 00:00:00,BFL,11
1999-08-09 00:00:00,BFL,10.75
1999-08-10 00:00:00,BFL,10.5
1999-08-11 00:00:00,BFL,10.5
1999-08-12 00:00:00,BFL,10.5
1999-08-13 00:00:00,BFL,10.5
1999-08-16 00:00:00,BFL,10.25
1999-08-17 00:00:00,BFL,10.25
1999-08-18 00:00:00,BFL,10
1999-08-19 00:00:00,BFL,10
1999-08-23 00:00:00,BFL,10
1999-08-24 00:00:00,BFL,10.25
1999-08-25 00:00:00,BFL,10.25
1999-08-30 00:00:00,BFL,10.25
1999-08-31 00:00:00,BFL,10.5
1999-09-01 00:00:00,BFL,10.25
1999-09-02 00:00:00,BFL,10.25
SECURITY_DA,COMP,CLOSE_PRICE
-----------,----,-----------
1999-09-03 00:00:00,BFL,10.25
1999-09-06 00:00:00,BFL,10.25
1999-09-07 00:00:00,BFL,10.75
1999-09-08 00:00:00,BFL,10
1999-09-09 00:00:00,BFL,10.25
1999-09-10 00:00:00,BFL,10.75
1999-09-13 00:00:00,BFL,10.5
1999-09-14 00:00:00,BFL,10.25
1999-09-15 00:00:00,BFL,10.25
1999-09-16 00:00:00,BFL,10.25
1999-09-17 00:00:00,BFL,10.25
1999-09-20 00:00:00,BFL,10.25
1999-09-21 00:00:00,BFL,10
1999-09-23 00:00:00,BFL,10
1999-09-24 00:00:00,BFL,10
1999-09-27 00:00:00,BFL,10
1999-09-28 00:00:00,BFL,10
1999-09-29 00:00:00,BFL,10
1999-09-30 00:00:00,BFL,10
1999-10-04 00:00:00,BFL,10.25
1999-10-05 00:00:00,BFL,10.25
SECURITY_DA,COMP,CLOSE_PRICE
-----------,----,-----------
1999-10-07 00:00:00,BFL,10
1999-10-08 00:00:00,BFL,10
1999-10-11 00:00:00,BFL,10
1999-10-12 00:00:00,BFL,9.75
1999-10-13 00:00:00,BFL,9.5
1999-10-20 00:00:00,BFL,9.5
1999-10-21 00:00:00,BFL,9
1999-10-22 00:00:00,BFL,9
1999-10-26 00:00:00,BFL,8.75
1999-10-28 00:00:00,BFL,8.75
1999-11-01 00:00:00,BFL,8.75
1999-11-04 00:00:00,BFL,9
1999-11-05 00:00:00,BFL,9
1999-11-08 00:00:00,BFL,9.25
1999-11-09 00:00:00,BFL,9.5
1999-11-10 00:00:00,BFL,9.5
1999-11-15 00:00:00,BFL,9.5
1999-11-16 00:00:00,BFL,9.5
1999-11-17 00:00:00,BFL,9.5
1999-11-18 00:00:00,BFL,9.5
1999-11-24 00:00:00,BFL,9
SECURITY_DA,COMP,CLOSE_PRICE
-----------,----,-----------
1999-11-26 00:00:00,BFL,9
1999-11-29 00:00:00,BFL,9.5
1999-11-30 00:00:00,BFL,9.5
1999-12-01 00:00:00,BFL,9.75
1999-12-02 00:00:00,BFL,9.5
1999-12-06 00:00:00,BFL,9.5
1999-12-07 00:00:00,BFL,9.5
1999-12-09 00:00:00,BFL,9.5
1999-12-10 00:00:00,BFL,9.25
1999-12-13 00:00:00,BFL,9.75
1999-12-14 00:00:00,BFL,9.75
1999-12-15 00:00:00,BFL,10.5
1999-12-17 00:00:00,BFL,10
1999-12-20 00:00:00,BFL,9.5
1999-12-21 00:00:00,BFL,9.5
1999-12-23 00:00:00,BFL,9.75
1999-12-29 00:00:00,BFL,8.75
1999-12-30 00:00:00,BFL,9
1999-01-04 00:00:00,BHR,15
1999-01-05 00:00:00,BHR,15.5
1999-01-07 00:00:00,BHR,15.5
SECURITY_DA,COMP,CLOSE_PRICE
-----------,----,-----------
1999-01-12 00:00:00,BHR,15.5
1999-01-14 00:00:00,BHR,15.5
1999-01-20 00:00:00,BHR,15.5
1999-01-21 00:00:00,BHR,14.25
1999-01-22 00:00:00,BHR,15
1999-01-25 00:00:00,BHR,15
1999-01-26 00:00:00,BHR,15.5
1999-01-28 00:00:00,BHR,15
1999-02-01 00:00:00,BHR,15.25
1999-02-03 00:00:00,BHR,15.5
1999-02-09 00:00:00,BHR,16
1999-02-11 00:00:00,BHR,17
1999-02-17 00:00:00,BHR,17.75
1999-02-18 00:00:00,BHR,17.75
1999-02-19 00:00:00,BHR,17.5
1999-02-22 00:00:00,BHR,17.25
1999-02-23 00:00:00,BHR,17.25
1999-04-22 00:00:00,BHR,17.25
1999-04-23 00:00:00,BHR,17.25
1999-04-26 00:00:00,BHR,17.25
1999-04-27 00:00:00,BHR,17.25
SECURITY_DA,COMP,CLOSE_PRICE
-----------,----,-----------
1999-05-24 00:00:00,BHR,17.5
1999-05-27 00:00:00,BHR,17.5
1999-05-28 00:00:00,BHR,18
1999-06-02 00:00:00,BHR,18
1999-06-07 00:00:00,BHR,18
1999-06-23 00:00:00,BHR,18
1999-06-25 00:00:00,BHR,17
1999-07-05 00:00:00,BHR,17.25
1999-07-16 00:00:00,BHR,17
1999-07-20 00:00:00,BHR,17.25
1999-07-22 00:00:00,BHR,17
1999-07-23 00:00:00,BHR,17
1999-07-26 00:00:00,BHR,18
1999-07-29 00:00:00,BHR,17
1999-08-11 00:00:00,BHR,18
1999-08-12 00:00:00,BHR,17.25
1999-08-13 00:00:00,BHR,18
1999-08-18 00:00:00,BHR,18.5
1999-08-19 00:00:00,BHR,18.5
1999-08-20 00:00:00,BHR,18.5
1999-08-23 00:00:00,BHR,18.5
SECURITY_DA,COMP,CLOSE_PRICE
-----------,----,-----------
1999-08-24 00:00:00,BHR,18.5
1999-08-30 00:00:00,BHR,19
1999-09-06 00:00:00,BHR,19
1999-09-13 00:00:00,BHR,20
1999-09-17 00:00:00,BHR,19
1999-09-27 00:00:00,BHR,19
1999-09-28 00:00:00,BHR,19
1999-09-30 00:00:00,BHR,19
1999-10-01 00:00:00,BHR,18.5
1999-10-07 00:00:00,BHR,18.5
1999-10-13 00:00:00,BHR,18.75
1999-10-14 00:00:00,BHR,18.75
1999-10-15 00:00:00,BHR,18.75
1999-10-18 00:00:00,BHR,18.75
1999-10-19 00:00:00,BHR,18.75
1999-10-29 00:00:00,BHR,18
1999-11-01 00:00:00,BHR,19
1999-11-03 00:00:00,BHR,19
1999-11-05 00:00:00,BHR,19
1999-11-08 00:00:00,BHR,18.75
1999-11-17 00:00:00,BHR,18.75
SECURITY_DA,COMP,CLOSE_PRICE
-----------,----,-----------
1999-11-19 00:00:00,BHR,19
1999-11-25 00:00:00,BHR,18
1999-12-01 00:00:00,BHR,18
1999-12-09 00:00:00,BHR,18
1999-12-14 00:00:00,BHR,19
1999-12-15 00:00:00,BHR,19
1999-01-25 00:00:00,BINN,20
1999-01-26 00:00:00,BINN,20
1999-06-21 00:00:00,BINN,20
1999-06-24 00:00:00,BINN,18.5
1999-07-15 00:00:00,BINN,20
1999-07-19 00:00:00,BINN,20
1999-12-30 00:00:00,BINN,20
1999-01-04 00:00:00,BLUE,1.75
1999-01-05 00:00:00,BLUE,1.5
1999-01-06 00:00:00,BLUE,1.5
1999-01-07 00:00:00,BLUE,1.5
1999-01-11 00:00:00,BLUE,1.5
1999-01-12 00:00:00,BLUE,1.5
1999-01-13 00:00:00,BLUE,1.5
1999-01-14 00:00:00,BLUE,1.5
1999-01-18 00:00:00,BLUE,1.5
1999-01-19 00:00:00,BLUE,1.5
1999-01-20 00:00:00,BLUE,1.25
1999-01-21 00:00:00,BLUE,1.5
1999-01-22 00:00:00,BLUE,1.5
1999-01-25 00:00:00,BLUE,1.5
1999-01-26 00:00:00,BLUE,1.5
1999-01-27 00:00:00,BLUE,1.5
1999-01-28 00:00:00,BLUE,1.5
1999-01-29 00:00:00,BLUE,1.5
1999-02-01 00:00:00,BLUE,1.5
1999-02-02 00:00:00,BLUE,1.5
1999-02-03 00:00:00,BLUE,1.25
1999-02-05 00:00:00,BLUE,1.25
1999-02-08 00:00:00,BLUE,1.25
1999-02-09 00:00:00,BLUE,1.25
1999-02-10 00:00:00,BLUE,1.25
1999-02-11 00:00:00,BLUE,1.25
1999-02-12 00:00:00,BLUE,1.25
1999-02-15 00:00:00,BLUE,1.5
1999-02-16 00:00:00,BLUE,1.25
1999-02-17 00:00:00,BLUE,1.25
1999-02-18 00:00:00,BLUE,1.25
1999-02-19 00:00:00,BLUE,1.25
1999-02-22 00:00:00,BLUE,1.25
1999-02-23 00:00:00,BLUE,1.25
1999-02-24 00:00:00,BLUE,1.25
1999-02-25 00:00:00,BLUE,1
1999-02-26 00:00:00,BLUE,1
1999-03-02 00:00:00,BLUE,1
1999-03-03 00:00:00,BLUE,1
1999-03-04 00:00:00,BLUE,1
1999-03-05 00:00:00,BLUE,1
1999-03-08 00:00:00,BLUE,1
1999-03-09 00:00:00,BLUE,1
1999-03-10 00:00:00,BLUE,1
1999-03-11 00:00:00,BLUE,1
1999-03-12 00:00:00,BLUE,1
1999-03-15 00:00:00,BLUE,1
1999-03-16 00:00:00,BLUE,1
1999-03-18 00:00:00,BLUE,1
1999-03-19 00:00:00,BLUE,1
1999-03-23 00:00:00,BLUE,1
1999-03-26 00:00:00,BLUE,1
1999-03-29 00:00:00,BLUE,1.25
1999-03-30 00:00:00,BLUE,1
1999-04-01 00:00:00,BLUE,1
1999-04-05 00:00:00,BLUE,1.25
1999-04-06 00:00:00,BLUE,1.25
1999-04-07 00:00:00,BLUE,1.25
1999-04-08 00:00:00,BLUE,1.25
1999-04-09 00:00:00,BLUE,1.25
1999-04-12 00:00:00,BLUE,1.25
1999-04-15 00:00:00,BLUE,1.25
1999-04-16 00:00:00,BLUE,1.25
1999-04-19 00:00:00,BLUE,1.25
1999-04-20 00:00:00,BLUE,1.25
1999-04-21 00:00:00,BLUE,1.25
1999-04-22 00:00:00,BLUE,1.25
1999-04-23 00:00:00,BLUE,1.25
1999-04-26 00:00:00,BLUE,1.25
1999-04-27 00:00:00,BLUE,1.25
1999-05-04 00:00:00,BLUE,1.25
1999-05-05 00:00:00,BLUE,1.25
1999-05-06 00:00:00,BLUE,1
1999-05-10 00:00:00,BLUE,1.25
1999-05-11 00:00:00,BLUE,1
1999-05-12 00:00:00,BLUE,1.25
1999-05-13 00:00:00,BLUE,1.25
1999-05-14 00:00:00,BLUE,1
1999-05-17 00:00:00,BLUE,1
1999-05-18 00:00:00,BLUE,1
1999-05-19 00:00:00,BLUE,1
1999-05-20 00:00:00,BLUE,1
1999-05-21 00:00:00,BLUE,1
1999-05-24 00:00:00,BLUE,1
1999-05-25 00:00:00,BLUE,1
1999-05-26 00:00:00,BLUE,1
1999-05-27 00:00:00,BLUE,1
1999-05-28 00:00:00,BLUE,1
1999-06-01 00:00:00,BLUE,1
1999-06-02 00:00:00,BLUE,1
1999-06-09 00:00:00,BLUE,0.8
1999-06-10 00:00:00,BLUE,0.8
1999-06-11 00:00:00,BLUE,1
1999-06-14 00:00:00,BLUE,1
1999-06-15 00:00:00,BLUE,0.9
1999-06-16 00:00:00,BLUE,1
1999-06-17 00:00:00,BLUE,0.9
1999-06-18 00:00:00,BLUE,0.8
1999-06-21 00:00:00,BLUE,0.8
1999-06-22 00:00:00,BLUE,0.8
1999-06-23 00:00:00,BLUE,0.8
1999-06-24 00:00:00,BLUE,0.9
1999-07-02 00:00:00,BLUE,0.8
1999-07-05 00:00:00,BLUE,0.8
1999-07-06 00:00:00,BLUE,0.8
1999-07-07 00:00:00,BLUE,0.8
1999-07-08 00:00:00,BLUE,0.8
1999-07-09 00:00:00,BLUE,0.8
1999-07-12 00:00:00,BLUE,0.8
1999-07-13 00:00:00,BLUE,0.8
1999-07-14 00:00:00,BLUE,0.7
1999-07-15 00:00:00,BLUE,0.7
1999-07-16 00:00:00,BLUE,0.7
1999-07-20 00:00:00,BLUE,0.7
1999-07-21 00:00:00,BLUE,0.7
1999-07-22 00:00:00,BLUE,0.8
1999-07-23 00:00:00,BLUE,0.8
1999-07-26 00:00:00,BLUE,0.8
1999-07-27 00:00:00,BLUE,0.8
1999-07-29 00:00:00,BLUE,0.8
1999-07-30 00:00:00,BLUE,0.8
1999-08-02 00:00:00,BLUE,0.8
1999-08-03 00:00:00,BLUE,0.8
1999-08-04 00:00:00,BLUE,0.8
1999-08-05 00:00:00,BLUE,0.7
1999-08-06 00:00:00,BLUE,0.8
1999-08-09 00:00:00,BLUE,0.7
1999-08-10 00:00:00,BLUE,0.8
1999-08-11 00:00:00,BLUE,0.8
1999-08-12 00:00:00,BLUE,0.7
1999-08-16 00:00:00,BLUE,0.7
1999-08-17 00:00:00,BLUE,0.7
1999-08-18 00:00:00,BLUE,0.7
1999-08-19 00:00:00,BLUE,0.7
1999-08-23 00:00:00,BLUE,0.8
1999-08-24 00:00:00,BLUE,0.7
1999-08-25 00:00:00,BLUE,0.7
1999-08-30 00:00:00,BLUE,0.7
1999-08-31 00:00:00,BLUE,0.6
1999-09-01 00:00:00,BLUE,0.7
1999-09-02 00:00:00,BLUE,0.6
1999-09-03 00:00:00,BLUE,0.7
1999-09-07 00:00:00,BLUE,0.7
1999-09-08 00:00:00,BLUE,0.6
1999-09-09 00:00:00,BLUE,0.5
1999-09-10 00:00:00,BLUE,0.5
1999-09-13 00:00:00,BLUE,0.6
1999-09-14 00:00:00,BLUE,0.6
1999-09-15 00:00:00,BLUE,0.6
1999-09-16 00:00:00,BLUE,0.6
1999-09-17 00:00:00,BLUE,0.6
1999-09-20 00:00:00,BLUE,0.6
1999-09-21 00:00:00,BLUE,0.6
1999-09-22 00:00:00,BLUE,0.6
1999-09-23 00:00:00,BLUE,0.6
1999-09-24 00:00:00,BLUE,0.6
1999-09-28 00:00:00,BLUE,0.7
1999-09-29 00:00:00,BLUE,0.7
1999-09-30 00:00:00,BLUE,0.7
1999-10-01 00:00:00,BLUE,0.7
1999-10-05 00:00:00,BLUE,0.7
1999-10-07 00:00:00,BLUE,0.7
1999-10-08 00:00:00,BLUE,0.7
1999-10-12 00:00:00,BLUE,0.7
1999-10-13 00:00:00,BLUE,0.8
1999-10-14 00:00:00,BLUE,0.8
1999-10-15 00:00:00,BLUE,0.7
1999-10-18 00:00:00,BLUE,0.7
1999-10-19 00:00:00,BLUE,0.7
1999-10-20 00:00:00,BLUE,0.8
1999-10-22 00:00:00,BLUE,0.7
1999-10-25 00:00:00,BLUE,0.7
1999-10-26 00:00:00,BLUE,0.7
1999-10-27 00:00:00,BLUE,0.7
1999-10-29 00:00:00,BLUE,0.7
1999-11-01 00:00:00,BLUE,0.7
1999-11-03 00:00:00,BLUE,0.6
1999-11-04 00:00:00,BLUE,0.6
1999-11-05 00:00:00,BLUE,0.8
1999-11-08 00:00:00,BLUE,0.6
1999-11-09 00:00:00,BLUE,0.6
1999-11-10 00:00:00,BLUE,0.7
1999-11-11 00:00:00,BLUE,0.7
1999-11-12 00:00:00,BLUE,0.7
1999-11-15 00:00:00,BLUE,0.7
1999-11-16 00:00:00,BLUE,0.7
1999-11-17 00:00:00,BLUE,0.7
1999-11-18 00:00:00,BLUE,0.8
1999-11-19 00:00:00,BLUE,0.9
1999-11-23 00:00:00,BLUE,0.9
1999-11-24 00:00:00,BLUE,0.9
1999-11-25 00:00:00,BLUE,0.9
1999-11-26 00:00:00,BLUE,0.9
1999-11-29 00:00:00,BLUE,1
1999-11-30 00:00:00,BLUE,1.25
1999-12-01 00:00:00,BLUE,1.25
1999-12-02 00:00:00,BLUE,1.25
1999-01-04 00:00:00,BOGA,8
1999-01-05 00:00:00,BOGA,8
1999-01-06 00:00:00,BOGA,8
1999-01-07 00:00:00,BOGA,8
1999-01-08 00:00:00,BOGA,8
1999-01-11 00:00:00,BOGA,8
1999-01-12 00:00:00,BOGA,8
1999-01-13 00:00:00,BOGA,8
1999-01-18 00:00:00,BOGA,8
1999-01-19 00:00:00,BOGA,8
1999-01-20 00:00:00,BOGA,8
1999-01-21 00:00:00,BOGA,8
1999-01-22 00:00:00,BOGA,8
1999-01-25 00:00:00,BOGA,8
1999-01-26 00:00:00,BOGA,7.5
1999-01-27 00:00:00,BOGA,7.75
1999-01-28 00:00:00,BOGA,7.75
1999-01-29 00:00:00,BOGA,7.5
1999-02-01 00:00:00,BOGA,8
1999-02-02 00:00:00,BOGA,7.75
1999-02-03 00:00:00,BOGA,8
1999-02-05 00:00:00,BOGA,7.5
1999-02-08 00:00:00,BOGA,7.75
1999-02-09 00:00:00,BOGA,7.75
1999-02-10 00:00:00,BOGA,7.75
1999-02-12 00:00:00,BOGA,7.75
1999-02-15 00:00:00,BOGA,7.75
1999-02-16 00:00:00,BOGA,7.75
1999-02-17 00:00:00,BOGA,7.75
1999-02-18 00:00:00,BOGA,7.75
1999-02-19 00:00:00,BOGA,8.25
1999-02-22 00:00:00,BOGA,8
1999-02-23 00:00:00,BOGA,8
1999-02-25 00:00:00,BOGA,7.75
1999-02-26 00:00:00,BOGA,8
1999-03-02 00:00:00,BOGA,7.5
1999-03-03 00:00:00,BOGA,7.5
1999-03-04 00:00:00,BOGA,7.75
1999-03-05 00:00:00,BOGA,7.5
1999-03-08 00:00:00,BOGA,7.75
1999-03-09 00:00:00,BOGA,7.5
1999-03-10 00:00:00,BOGA,7.75
SECURITY_DA,COMP,CLOSE_PRICE
-----------,----,-----------
1999-03-11 00:00:00,BOGA,7.75
1999-03-12 00:00:00,BOGA,7.5
1999-03-15 00:00:00,BOGA,7.5
1999-03-16 00:00:00,BOGA,7.5
1999-03-17 00:00:00,BOGA,7.25
1999-03-22 00:00:00,BOGA,7.25
1999-03-23 00:00:00,BOGA,7.25
1999-03-25 00:00:00,BOGA,7.25
1999-03-29 00:00:00,BOGA,7.25
1999-03-30 00:00:00,BOGA,7.25
1999-04-01 00:00:00,BOGA,7.5
1999-04-07 00:00:00,BOGA,7.5
1999-04-08 00:00:00,BOGA,7.5
1999-04-09 00:00:00,BOGA,7.5
1999-04-15 00:00:00,BOGA,7.5
1999-04-16 00:00:00,BOGA,7.5
1999-04-19 00:00:00,BOGA,7.5
1999-04-20 00:00:00,BOGA,7.5
1999-04-23 00:00:00,BOGA,7.5
1999-04-26 00:00:00,BOGA,7.5
1999-04-27 00:00:00,BOGA,7.5
SECURITY_DA,COMP,CLOSE_PRICE
-----------,----,-----------
1999-04-28 00:00:00,BOGA,7.5
1999-05-03 00:00:00,BOGA,7.5
1999-05-04 00:00:00,BOGA,7.5
1999-05-05 00:00:00,BOGA,7.5
1999-05-06 00:00:00,BOGA,7.5
1999-05-07 00:00:00,BOGA,7.5
1999-05-10 00:00:00,BOGA,7.5
1999-05-11 00:00:00,BOGA,7.5
1999-05-12 00:00:00,BOGA,7.5
1999-05-17 00:00:00,BOGA,7.5
1999-05-18 00:00:00,BOGA,7.5
1999-05-19 00:00:00,BOGA,7.5
1999-05-20 00:00:00,BOGA,7.5
1999-05-21 00:00:00,BOGA,7.5
1999-05-25 00:00:00,BOGA,7.5
1999-05-26 00:00:00,BOGA,7.5
1999-05-27 00:00:00,BOGA,7.5
1999-05-28 00:00:00,BOGA,7.5
1999-06-01 00:00:00,BOGA,7.75
1999-06-02 00:00:00,BOGA,7.5
1999-06-03 00:00:00,BOGA,7.5
SECURITY_DA,COMP,CLOSE_PRICE
-----------,----,-----------
1999-06-08 00:00:00,BOGA,7
1999-06-10 00:00:00,BOGA,6.5
1999-06-11 00:00:00,BOGA,7
1999-06-14 00:00:00,BOGA,7
1999-06-15 00:00:00,BOGA,7.25
1999-06-23 00:00:00,BOGA,6.75
1999-06-25 00:00:00,BOGA,7.5
1999-06-30 00:00:00,BOGA,7.5
1999-07-01 00:00:00,BOGA,7.5
1999-07-06 00:00:00,BOGA,7
1999-07-07 00:00:00,BOGA,7.5
1999-07-08 00:00:00,BOGA,7.5
1999-07-13 00:00:00,BOGA,7.5
1999-07-14 00:00:00,BOGA,7.5
1999-07-16 00:00:00,BOGA,7.25
1999-07-19 00:00:00,BOGA,7.5
1999-07-21 00:00:00,BOGA,7.25
1999-07-22 00:00:00,BOGA,7.25
1999-07-23 00:00:00,BOGA,7.25
1999-07-26 00:00:00,BOGA,7.25
1999-07-27 00:00:00,BOGA,7.25
SECURITY_DA,COMP,CLOSE_PRICE
-----------,----,-----------
1999-07-29 00:00:00,BOGA,7.25
1999-07-30 00:00:00,BOGA,7.25
1999-08-02 00:00:00,BOGA,7.25
1999-08-03 00:00:00,BOGA,7.25
1999-08-04 00:00:00,BOGA,7.25
1999-08-05 00:00:00,BOGA,7.25
1999-08-06 00:00:00,BOGA,7.25
1999-08-09 00:00:00,BOGA,7.25
1999-08-11 00:00:00,BOGA,7.25
1999-08-12 00:00:00,BOGA,7.25
1999-08-13 00:00:00,BOGA,7.25
1999-08-16 00:00:00,BOGA,7.25
1999-08-17 00:00:00,BOGA,7.25
1999-08-18 00:00:00,BOGA,7.25
1999-08-19 00:00:00,BOGA,7.25
1999-08-23 00:00:00,BOGA,7.25
1999-08-24 00:00:00,BOGA,7.25
1999-08-25 00:00:00,BOGA,7.25
1999-08-30 00:00:00,BOGA,7.25
1999-08-31 00:00:00,BOGA,7.25
1999-09-01 00:00:00,BOGA,7.25
SECURITY_DA,COMP,CLOSE_PRICE
-----------,----,-----------
1999-09-02 00:00:00,BOGA,7.25
1999-09-03 00:00:00,BOGA,7.25
1999-09-06 00:00:00,BOGA,7.25
1999-09-07 00:00:00,BOGA,7.25
1999-09-08 00:00:00,BOGA,7.25
1999-09-10 00:00:00,BOGA,7.25
1999-09-13 00:00:00,BOGA,7.25
1999-09-15 00:00:00,BOGA,7.5
1999-09-16 00:00:00,BOGA,7.25
1999-09-17 00:00:00,BOGA,7.25
1999-09-20 00:00:00,BOGA,7.25
1999-09-21 00:00:00,BOGA,7.5
1999-09-22 00:00:00,BOGA,7.25
1999-09-23 00:00:00,BOGA,7.25
1999-09-24 00:00:00,BOGA,7.25
1999-09-28 00:00:00,BOGA,7
1999-09-30 00:00:00,BOGA,7
1999-10-01 00:00:00,BOGA,7
1999-10-04 00:00:00,BOGA,7
1999-10-05 00:00:00,BOGA,7
1999-10-06 00:00:00,BOGA,6.5
SECURITY_DA,COMP,CLOSE_PRICE
-----------,----,-----------
1999-10-07 00:00:00,BOGA,7
1999-10-08 00:00:00,BOGA,7
1999-10-14 00:00:00,BOGA,7
1999-10-15 00:00:00,BOGA,6.75
1999-10-18 00:00:00,BOGA,6.5
1999-10-20 00:00:00,BOGA,6.5
1999-10-22 00:00:00,BOGA,6.5
1999-10-25 00:00:00,BOGA,6.5
1999-10-27 00:00:00,BOGA,6.5
1999-10-28 00:00:00,BOGA,6.5
1999-10-29 00:00:00,BOGA,6.5
1999-11-02 00:00:00,BOGA,6.5
1999-11-03 00:00:00,BOGA,7
1999-11-05 00:00:00,BOGA,7
1999-11-08 00:00:00,BOGA,7
1999-11-09 00:00:00,BOGA,7
1999-11-11 00:00:00,BOGA,7
1999-11-12 00:00:00,BOGA,6
1999-11-15 00:00:00,BOGA,6
1999-11-16 00:00:00,BOGA,7
1999-11-17 00:00:00,BOGA,7.5
SECURITY_DA,COMP,CLOSE_PRICE
-----------,----,-----------
1999-11-18 00:00:00,BOGA,7
1999-11-19 00:00:00,BOGA,7
1999-11-23 00:00:00,BOGA,7
1999-11-24 00:00:00,BOGA,6.75
1999-11-25 00:00:00,BOGA,7
1999-11-26 00:00:00,BOGA,7.75
1999-11-29 00:00:00,BOGA,7.75
1999-11-30 00:00:00,BOGA,8.5
1999-12-01 00:00:00,BOGA,8
1999-12-02 00:00:00,BOGA,8.25
1999-12-03 00:00:00,BOGA,8
1999-12-06 00:00:00,BOGA,8
1999-12-07 00:00:00,BOGA,8
1999-12-10 00:00:00,BOGA,8.25
1999-12-17 00:00:00,BOGA,7.5
1999-01-04 00:00:00,BOPL,17.75
1999-01-05 00:00:00,BOPL,16.5
1999-01-06 00:00:00,BOPL,17.5
1999-01-07 00:00:00,BOPL,16.5
1999-01-08 00:00:00,BOPL,16.5
1999-01-11 00:00:00,BOPL,16.5
SECURITY_DA,COMP,CLOSE_PRICE
-----------,----,-----------
1999-01-12 00:00:00,BOPL,16.5
1999-01-13 00:00:00,BOPL,16.5
1999-01-14 00:00:00,BOPL,16.75
1999-01-18 00:00:00,BOPL,16.75
1999-01-19 00:00:00,BOPL,16.5
1999-01-20 00:00:00,BOPL,16.5
1999-01-21 00:00:00,BOPL,16.75
1999-01-22 00:00:00,BOPL,16.75
1999-01-25 00:00:00,BOPL,17
1999-01-26 00:00:00,BOPL,16.75
1999-01-27 00:00:00,BOPL,16
1999-01-28 00:00:00,BOPL,16
1999-01-29 00:00:00,BOPL,15.75
1999-02-01 00:00:00,BOPL,15
1999-02-02 00:00:00,BOPL,15.5
1999-02-03 00:00:00,BOPL,15
1999-02-05 00:00:00,BOPL,14.5
1999-02-08 00:00:00,BOPL,14.5
1999-02-09 00:00:00,BOPL,14.5
1999-02-10 00:00:00,BOPL,14.25
1999-02-11 00:00:00,BOPL,14.5
SECURITY_DA,COMP,CLOSE_PRICE
-----------,----,-----------
1999-02-12 00:00:00,BOPL,14.5
1999-02-15 00:00:00,BOPL,15
1999-02-16 00:00:00,BOPL,14.75
1999-02-17 00:00:00,BOPL,14.5
1999-02-18 00:00:00,BOPL,14.5
1999-02-19 00:00:00,BOPL,14
1999-02-22 00:00:00,BOPL,14.5
1999-02-23 00:00:00,BOPL,14
1999-02-24 00:00:00,BOPL,13
1999-02-26 00:00:00,BOPL,13.25
1999-03-02 00:00:00,BOPL,13.25
1999-03-03 00:00:00,BOPL,13
1999-03-04 00:00:00,BOPL,13
1999-03-05 00:00:00,BOPL,12
1999-03-08 00:00:00,BOPL,10
1999-03-09 00:00:00,BOPL,10.25
1999-03-10 00:00:00,BOPL,10.25
1999-03-12 00:00:00,BOPL,10.5
1999-03-17 00:00:00,BOPL,10.75
1999-03-22 00:00:00,BOPL,13
1999-03-23 00:00:00,BOPL,13
SECURITY_DA,COMP,CLOSE_PRICE
-----------,----,-----------
1999-03-24 00:00:00,BOPL,12.25
1999-03-25 00:00:00,BOPL,12.5
1999-03-26 00:00:00,BOPL,12.5
1999-03-29 00:00:00,BOPL,12.75
1999-03-30 00:00:00,BOPL,12.25
1999-04-05 00:00:00,BOPL,12
1999-04-06 00:00:00,BOPL,12.5
1999-04-08 00:00:00,BOPL,13
1999-04-09 00:00:00,BOPL,12.75
1999-04-15 00:00:00,BOPL,12.5
1999-04-16 00:00:00,BOPL,12.25
1999-04-19 00:00:00,BOPL,12.25
1999-04-20 00:00:00,BOPL,12.25
1999-04-21 00:00:00,BOPL,12.25
1999-04-23 00:00:00,BOPL,12.25
1999-04-26 00:00:00,BOPL,12.5
1999-04-27 00:00:00,BOPL,12.5
1999-04-28 00:00:00,BOPL,11.5
1999-05-03 00:00:00,BOPL,12
1999-05-05 00:00:00,BOPL,12
1999-05-07 00:00:00,BOPL,12
SECURITY_DA,COMP,CLOSE_PRICE
-----------,----,-----------
1999-05-10 00:00:00,BOPL,12
1999-05-11 00:00:00,BOPL,12
1999-05-12 00:00:00,BOPL,12
1999-05-13 00:00:00,BOPL,12
1999-05-14 00:00:00,BOPL,12
1999-05-18 00:00:00,BOPL,11.5
1999-05-21 00:00:00,BOPL,12
1999-05-25 00:00:00,BOPL,12
1999-05-27 00:00:00,BOPL,12
1999-06-02 00:00:00,BOPL,12
1999-06-03 00:00:00,BOPL,12
1999-06-04 00:00:00,BOPL,11.75
1999-06-07 00:00:00,BOPL,11.25
1999-06-09 00:00:00,BOPL,11
1999-06-10 00:00:00,BOPL,11
1999-06-14 00:00:00,BOPL,11
1999-06-15 00:00:00,BOPL,11
1999-06-16 00:00:00,BOPL,11
1999-06-17 00:00:00,BOPL,11.25
1999-06-18 00:00:00,BOPL,11.25
1999-06-21 00:00:00,BOPL,11
SECURITY_DA,COMP,CLOSE_PRICE
-----------,----,-----------
1999-06-23 00:00:00,BOPL,11
1999-06-30 00:00:00,BOPL,11.25
1999-07-01 00:00:00,BOPL,11.25
1999-07-02 00:00:00,BOPL,11.5
1999-07-06 00:00:00,BOPL,11.5
1999-07-07 00:00:00,BOPL,11.5
1999-07-12 00:00:00,BOPL,11.5
1999-07-13 00:00:00,BOPL,11.25
1999-07-15 00:00:00,BOPL,11.5
1999-07-19 00:00:00,BOPL,11.5
1999-07-20 00:00:00,BOPL,12
1999-07-21 00:00:00,BOPL,12
1999-07-22 00:00:00,BOPL,12
1999-07-23 00:00:00,BOPL,14.5
1999-07-27 00:00:00,BOPL,12
1999-07-29 00:00:00,BOPL,12
1999-07-30 00:00:00,BOPL,12
1999-08-02 00:00:00,BOPL,14
1999-08-03 00:00:00,BOPL,17
1999-08-04 00:00:00,BOPL,17
1999-08-05 00:00:00,BOPL,16
SECURITY_DA,COMP,CLOSE_PRICE
-----------,----,-----------
1999-08-06 00:00:00,BOPL,15
1999-08-09 00:00:00,BOPL,15.25
1999-08-10 00:00:00,BOPL,16.25
1999-08-11 00:00:00,BOPL,15.5
1999-08-12 00:00:00,BOPL,15
1999-08-17 00:00:00,BOPL,14.5
1999-08-18 00:00:00,BOPL,14.25
1999-08-19 00:00:00,BOPL,14.5
1999-08-20 00:00:00,BOPL,15.25
1999-08-23 00:00:00,BOPL,15
1999-08-24 00:00:00,BOPL,14.5
1999-08-25 00:00:00,BOPL,14.5
1999-08-31 00:00:00,BOPL,14.25
1999-09-01 00:00:00,BOPL,14.25
1999-09-02 00:00:00,BOPL,14
1999-09-03 00:00:00,BOPL,15
1999-09-06 00:00:00,BOPL,15.25
1999-09-07 00:00:00,BOPL,14.25
1999-09-08 00:00:00,BOPL,14.75
1999-09-09 00:00:00,BOPL,15
1999-09-13 00:00:00,BOPL,15
SECURITY_DA,COMP,CLOSE_PRICE
-----------,----,-----------
1999-09-14 00:00:00,BOPL,15
1999-09-15 00:00:00,BOPL,15.5
1999-09-16 00:00:00,BOPL,15.5
1999-09-17 00:00:00,BOPL,15.5
1999-09-20 00:00:00,BOPL,16.75
1999-09-21 00:00:00,BOPL,18
1999-09-22 00:00:00,BOPL,18.75
1999-09-23 00:00:00,BOPL,19
1999-09-24 00:00:00,BOPL,19
1999-09-27 00:00:00,BOPL,23
1999-09-28 00:00:00,BOPL,25.5
1999-09-29 00:00:00,BOPL,24
1999-09-30 00:00:00,BOPL,24.25
1999-10-01 00:00:00,BOPL,24.5
1999-10-04 00:00:00,BOPL,25.5
1999-10-05 00:00:00,BOPL,24.5
1999-10-06 00:00:00,BOPL,22.5
1999-10-07 00:00:00,BOPL,21.25
1999-10-08 00:00:00,BOPL,23
1999-10-11 00:00:00,BOPL,21.25
1999-10-12 00:00:00,BOPL,20.25
SECURITY_DA,COMP,CLOSE_PRICE
-----------,----,-----------
1999-10-13 00:00:00,BOPL,19
1999-10-14 00:00:00,BOPL,19
1999-10-15 00:00:00,BOPL,19.5
1999-10-18 00:00:00,BOPL,20.75
1999-10-19 00:00:00,BOPL,19.5
1999-10-20 00:00:00,BOPL,18.75
1999-10-21 00:00:00,BOPL,18
1999-10-22 00:00:00,BOPL,19
1999-10-25 00:00:00,BOPL,19
1999-10-26 00:00:00,BOPL,16.75
1999-10-27 00:00:00,BOPL,17
1999-10-28 00:00:00,BOPL,17
1999-10-29 00:00:00,BOPL,18
1999-11-01 00:00:00,BOPL,17.5
1999-11-02 00:00:00,BOPL,17.25
1999-11-03 00:00:00,BOPL,17
1999-11-04 00:00:00,BOPL,18.5
1999-11-05 00:00:00,BOPL,19.25
1999-11-09 00:00:00,BOPL,18.5
1999-11-10 00:00:00,BOPL,18.5
1999-11-11 00:00:00,BOPL,18.5
SECURITY_DA,COMP,CLOSE_PRICE
-----------,----,-----------
1999-11-12 00:00:00,BOPL,18
1999-11-15 00:00:00,BOPL,18
1999-11-16 00:00:00,BOPL,17.75
1999-11-17 00:00:00,BOPL,17.25
1999-11-19 00:00:00,BOPL,18
1999-11-23 00:00:00,BOPL,19.5
1999-11-24 00:00:00,BOPL,19.25
1999-11-25 00:00:00,BOPL,19
1999-11-26 00:00:00,BOPL,19
1999-11-29 00:00:00,BOPL,18.75
1999-11-30 00:00:00,BOPL,19.75
1999-12-01 00:00:00,BOPL,19.5
1999-12-02 00:00:00,BOPL,20
1999-12-03 00:00:00,BOPL,21
1999-12-06 00:00:00,BOPL,22.5
1999-12-07 00:00:00,BOPL,23.25
1999-12-08 00:00:00,BOPL,22.25
1999-12-09 00:00:00,BOPL,21.75
1999-12-10 00:00:00,BOPL,22.25
1999-12-13 00:00:00,BOPL,23.5
1999-12-14 00:00:00,BOPL,22
SECURITY_DA,COMP,CLOSE_PRICE
-----------,----,-----------
1999-12-15 00:00:00,BOPL,21.75
1999-12-16 00:00:00,BOPL,23
1999-12-17 00:00:00,BOPL,22
1999-12-20 00:00:00,BOPL,22
1999-12-21 00:00:00,BOPL,22
1999-12-23 00:00:00,BOPL,22.5
1999-12-27 00:00:00,BOPL,22
1999-12-28 00:00:00,BOPL,20.5
1999-12-29 00:00:00,BOPL,20.75
1999-12-30 00:00:00,BOPL,21.5
1999-01-06 00:00:00,BREW,62
1999-01-11 00:00:00,BREW,62
1999-01-13 00:00:00,BREW,61
1999-02-02 00:00:00,BREW,55
1999-02-03 00:00:00,BREW,56
1999-02-11 00:00:00,BREW,53.25
1999-02-19 00:00:00,BREW,55
1999-02-23 00:00:00,BREW,53
1999-02-24 00:00:00,BREW,50
1999-02-25 00:00:00,BREW,50
1999-02-26 00:00:00,BREW,50
1999-03-02 00:00:00,BREW,50
1999-03-05 00:00:00,BREW,48
1999-03-09 00:00:00,BREW,43.75
1999-03-11 00:00:00,BREW,43.75
1999-03-15 00:00:00,BREW,40
1999-03-16 00:00:00,BREW,40
1999-03-17 00:00:00,BREW,40.25
1999-03-18 00:00:00,BREW,40
1999-03-19 00:00:00,BREW,37
1999-03-23 00:00:00,BREW,37.5
1999-03-25 00:00:00,BREW,37.5
1999-03-26 00:00:00,BREW,37.5
1999-03-29 00:00:00,BREW,37.75
1999-04-05 00:00:00,BREW,37.5
1999-04-08 00:00:00,BREW,38.5
1999-04-09 00:00:00,BREW,40
1999-04-12 00:00:00,BREW,40
1999-04-15 00:00:00,BREW,40
1999-04-19 00:00:00,BREW,40
1999-04-21 00:00:00,BREW,40
1999-04-23 00:00:00,BREW,40
1999-04-26 00:00:00,BREW,40
1999-04-28 00:00:00,BREW,39
1999-05-04 00:00:00,BREW,39
1999-05-05 00:00:00,BREW,39
1999-05-11 00:00:00,BREW,38.5
1999-05-12 00:00:00,BREW,38.5
1999-05-14 00:00:00,BREW,39
1999-05-18 00:00:00,BREW,38
1999-05-19 00:00:00,BREW,38
1999-05-21 00:00:00,BREW,39
1999-05-27 00:00:00,BREW,39.25
1999-06-01 00:00:00,BREW,39.25
1999-06-02 00:00:00,BREW,38.5
1999-06-03 00:00:00,BREW,38.5
1999-06-08 00:00:00,BREW,37.5
1999-06-09 00:00:00,BREW,38
1999-06-10 00:00:00,BREW,38
1999-06-15 00:00:00,BREW,38
1999-06-17 00:00:00,BREW,37
1999-06-18 00:00:00,BREW,37.5
1999-06-21 00:00:00,BREW,35
1999-07-01 00:00:00,BREW,35
1999-07-02 00:00:00,BREW,35
1999-07-05 00:00:00,BREW,32.75
1999-07-06 00:00:00,BREW,33.5
1999-07-07 00:00:00,BREW,31
1999-07-08 00:00:00,BREW,32
1999-07-09 00:00:00,BREW,31
1999-07-15 00:00:00,BREW,31.5
1999-07-22 00:00:00,BREW,33
1999-07-23 00:00:00,BREW,34
1999-07-26 00:00:00,BREW,34
1999-07-27 00:00:00,BREW,34
1999-07-29 00:00:00,BREW,35
1999-07-30 00:00:00,BREW,38
1999-08-04 00:00:00,BREW,40
1999-08-05 00:00:00,BREW,38
1999-08-09 00:00:00,BREW,38
1999-08-12 00:00:00,BREW,38
1999-08-20 00:00:00,BREW,36
1999-08-31 00:00:00,BREW,34
1999-09-02 00:00:00,BREW,34
1999-09-03 00:00:00,BREW,34
1999-09-14 00:00:00,BREW,34
1999-09-23 00:00:00,BREW,34
1999-10-04 00:00:00,BREW,34
1999-10-06 00:00:00,BREW,34
1999-10-13 00:00:00,BREW,32
1999-10-15 00:00:00,BREW,32
1999-10-20 00:00:00,BREW,32
1999-10-21 00:00:00,BREW,32
1999-10-22 00:00:00,BREW,32.25
1999-10-27 00:00:00,BREW,32.25
1999-10-28 00:00:00,BREW,32
1999-11-02 00:00:00,BREW,32
1999-11-25 00:00:00,BREW,32.25
1999-12-17 00:00:00,BREW,33
1999-12-20 00:00:00,BREW,32.5
1999-12-23 00:00:00,BREW,32.5
1999-12-27 00:00:00,BREW,32.5
1999-12-28 00:00:00,BREW,30
1999-01-20 00:00:00,BRWN,90
1999-01-28 00:00:00,BRWN,90
1999-01-29 00:00:00,BRWN,90
1999-02-10 00:00:00,BRWN,85.25
1999-03-03 00:00:00,BRWN,85
1999-03-05 00:00:00,BRWN,85
1999-03-08 00:00:00,BRWN,77
1999-03-10 00:00:00,BRWN,82
1999-04-16 00:00:00,BRWN,90
1999-06-16 00:00:00,BRWN,90
1999-07-19 00:00:00,BRWN,90
1999-07-27 00:00:00,BRWN,82
1999-08-30 00:00:00,BRWN,80
1999-09-02 00:00:00,BRWN,80
1999-09-15 00:00:00,BRWN,85.25
1999-09-22 00:00:00,BRWN,95
1999-09-24 00:00:00,BRWN,95
1999-09-29 00:00:00,BRWN,90
1999-10-06 00:00:00,BRWN,90
1999-10-07 00:00:00,BRWN,90
1999-10-12 00:00:00,BRWN,90
1999-10-14 00:00:00,BRWN,90
1999-10-20 00:00:00,BRWN,90
SECURITY_DA,COMP,CLOSE_PRICE
-----------,----,-----------
1999-10-26 00:00:00,BRWN,90
1999-10-29 00:00:00,BRWN,90
1999-11-01 00:00:00,BRWN,90
1999-12-02 00:00:00,BRWN,100
1999-12-06 00:00:00,BRWN,100
1999-12-07 00:00:00,BRWN,100
1999-12-09 00:00:00,BRWN,100
1999-12-10 00:00:00,BRWN,109
1999-12-20 00:00:00,BRWN,101
1999-12-30 00:00:00,BRWN,100
1999-01-28 00:00:00,BUKI,300.25
1999-07-29 00:00:00,BUKI,300
1999-07-30 00:00:00,BUKI,450
1999-08-03 00:00:00,BUKI,400
1999-03-24 00:00:00,CABO,10
1999-05-26 00:00:00,CABO,15
1999-07-15 00:00:00,CABO,12
1999-04-12 00:00:00,CARE,50
1999-07-21 00:00:00,CARE,55
1999-01-07 00:00:00,CARG,50
1999-01-14 00:00:00,CARG,50
SECURITY_DA,COMP,CLOSE_PRICE
-----------,----,-----------
1999-01-19 00:00:00,CARG,50
1999-01-20 00:00:00,CARG,50
1999-01-22 00:00:00,CARG,50
1999-01-25 00:00:00,CARG,50
1999-02-09 00:00:00,CARG,45
1999-02-17 00:00:00,CARG,46
1999-02-18 00:00:00,CARG,46
1999-03-09 00:00:00,CARG,45
1999-03-10 00:00:00,CARG,45
1999-03-11 00:00:00,CARG,45
1999-03-12 00:00:00,CARG,45
1999-03-17 00:00:00,CARG,42
1999-03-18 00:00:00,CARG,44
1999-04-06 00:00:00,CARG,40
1999-04-08 00:00:00,CARG,40
1999-04-12 00:00:00,CARG,40
1999-05-18 00:00:00,CARG,41
1999-05-20 00:00:00,CARG,40
1999-06-03 00:00:00,CARG,39
1999-06-08 00:00:00,CARG,40.25
1999-06-09 00:00:00,CARG,40
SECURITY_DA,COMP,CLOSE_PRICE
-----------,----,-----------
1999-06-10 00:00:00,CARG,40
1999-07-27 00:00:00,CARG,40
1999-09-06 00:00:00,CARG,39
1999-09-09 00:00:00,CARG,39
1999-09-15 00:00:00,CARG,39
1999-09-16 00:00:00,CARG,39
1999-09-17 00:00:00,CARG,39
1999-09-22 00:00:00,CARG,40
1999-10-05 00:00:00,CARG,39
1999-10-07 00:00:00,CARG,39
1999-10-08 00:00:00,CARG,39
1999-10-19 00:00:00,CARG,40
1999-10-26 00:00:00,CARG,38
1999-11-16 00:00:00,CARG,38
1999-11-23 00:00:00,CARG,38
1999-11-24 00:00:00,CARG,38
1999-11-25 00:00:00,CARG,38
1999-11-26 00:00:00,CARG,40
1999-11-30 00:00:00,CARG,40
1999-12-03 00:00:00,CARG,39
1999-12-06 00:00:00,CARG,39
SECURITY_DA,COMP,CLOSE_PRICE
-----------,----,-----------
1999-12-07 00:00:00,CARG,39
1999-12-08 00:00:00,CARG,39
1999-12-09 00:00:00,CARG,40
1999-12-10 00:00:00,CARG,43
1999-12-14 00:00:00,CARG,43
1999-12-16 00:00:00,CARG,43
1999-01-19 00:00:00,CARS,1300
1999-03-12 00:00:00,CARS,1300
1999-03-16 00:00:00,CARS,1300
1999-05-20 00:00:00,CARS,1300
1999-10-12 00:00:00,CARS,1300
1999-01-04 00:00:00,CCS,85
1999-01-05 00:00:00,CCS,82.5
1999-01-06 00:00:00,CCS,83.25
1999-01-07 00:00:00,CCS,86
1999-01-08 00:00:00,CCS,85
1999-01-11 00:00:00,CCS,85
1999-01-12 00:00:00,CCS,84
1999-01-13 00:00:00,CCS,85
1999-01-14 00:00:00,CCS,82.5
1999-01-18 00:00:00,CCS,83.25
1999-01-19 00:00:00,CCS,84
1999-01-20 00:00:00,CCS,84.25
1999-01-21 00:00:00,CCS,84
1999-01-22 00:00:00,CCS,84.5
1999-01-25 00:00:00,CCS,84.75
1999-01-26 00:00:00,CCS,83
1999-01-27 00:00:00,CCS,85
1999-01-28 00:00:00,CCS,82.5
1999-01-29 00:00:00,CCS,84.5
1999-02-01 00:00:00,CCS,83
1999-02-02 00:00:00,CCS,83
1999-02-03 00:00:00,CCS,83
1999-02-05 00:00:00,CCS,83
1999-02-08 00:00:00,CCS,83
1999-02-09 00:00:00,CCS,83.25
1999-02-10 00:00:00,CCS,84.5
1999-02-11 00:00:00,CCS,85
1999-02-12 00:00:00,CCS,86.75
1999-02-15 00:00:00,CCS,86.5
1999-02-16 00:00:00,CCS,86.25
1999-02-17 00:00:00,CCS,86.25
1999-02-18 00:00:00,CCS,85
1999-02-19 00:00:00,CCS,85
1999-02-22 00:00:00,CCS,86.25
1999-02-23 00:00:00,CCS,85
1999-02-24 00:00:00,CCS,83
1999-02-25 00:00:00,CCS,83.25
1999-02-26 00:00:00,CCS,83
1999-03-02 00:00:00,CCS,83
1999-03-03 00:00:00,CCS,83
1999-03-04 00:00:00,CCS,83
1999-03-05 00:00:00,CCS,83
1999-03-08 00:00:00,CCS,81
1999-03-09 00:00:00,CCS,83
1999-03-10 00:00:00,CCS,83
1999-03-11 00:00:00,CCS,77.25
1999-03-12 00:00:00,CCS,77
1999-03-15 00:00:00,CCS,76
1999-03-16 00:00:00,CCS,76
1999-03-17 00:00:00,CCS,76.25
1999-03-19 00:00:00,CCS,76.25
1999-03-23 00:00:00,CCS,77
1999-03-24 00:00:00,CCS,77.25
1999-03-25 00:00:00,CCS,77
1999-03-29 00:00:00,CCS,77
1999-04-01 00:00:00,CCS,77
1999-04-05 00:00:00,CCS,77
1999-04-07 00:00:00,CCS,77
1999-04-08 00:00:00,CCS,80
1999-04-09 00:00:00,CCS,80.5
1999-04-12 00:00:00,CCS,79.5
1999-04-15 00:00:00,CCS,79
1999-04-16 00:00:00,CCS,79
1999-04-19 00:00:00,CCS,79
1999-04-20 00:00:00,CCS,78
1999-04-22 00:00:00,CCS,78
1999-04-23 00:00:00,CCS,76
1999-04-26 00:00:00,CCS,80
1999-04-27 00:00:00,CCS,80
1999-04-28 00:00:00,CCS,80
1999-05-03 00:00:00,CCS,80
1999-05-04 00:00:00,CCS,80.75
1999-05-05 00:00:00,CCS,80
1999-05-06 00:00:00,CCS,80
1999-05-07 00:00:00,CCS,80
1999-05-10 00:00:00,CCS,80
1999-05-11 00:00:00,CCS,80
1999-05-12 00:00:00,CCS,80
1999-05-13 00:00:00,CCS,80
1999-05-17 00:00:00,CCS,80
1999-05-19 00:00:00,CCS,80
1999-05-20 00:00:00,CCS,80
1999-05-21 00:00:00,CCS,81
1999-05-24 00:00:00,CCS,82
1999-05-25 00:00:00,CCS,84
1999-05-27 00:00:00,CCS,82
1999-05-28 00:00:00,CCS,80.25
1999-06-01 00:00:00,CCS,80.5
1999-06-02 00:00:00,CCS,80
1999-06-03 00:00:00,CCS,80
1999-06-04 00:00:00,CCS,80
1999-06-08 00:00:00,CCS,81
1999-06-10 00:00:00,CCS,79
1999-06-11 00:00:00,CCS,75
1999-06-14 00:00:00,CCS,75
1999-06-15 00:00:00,CCS,75
1999-06-16 00:00:00,CCS,74
1999-06-17 00:00:00,CCS,73
1999-06-18 00:00:00,CCS,72.5
1999-06-21 00:00:00,CCS,71
1999-06-22 00:00:00,CCS,71.75
1999-06-23 00:00:00,CCS,71
1999-06-24 00:00:00,CCS,71
1999-06-25 00:00:00,CCS,71
1999-06-30 00:00:00,CCS,71.25
1999-07-01 00:00:00,CCS,72
1999-07-02 00:00:00,CCS,72.25
1999-07-06 00:00:00,CCS,72.25
1999-07-07 00:00:00,CCS,73
1999-07-08 00:00:00,CCS,72.75
1999-07-09 00:00:00,CCS,73
1999-07-12 00:00:00,CCS,73
1999-07-14 00:00:00,CCS,73
1999-07-15 00:00:00,CCS,73
1999-07-16 00:00:00,CCS,72.75
1999-07-19 00:00:00,CCS,73
1999-07-20 00:00:00,CCS,73
1999-07-21 00:00:00,CCS,73.75
1999-07-22 00:00:00,CCS,75
1999-07-23 00:00:00,CCS,80
1999-07-26 00:00:00,CCS,79.25
1999-07-27 00:00:00,CCS,75
1999-07-29 00:00:00,CCS,77.75
1999-07-30 00:00:00,CCS,80
1999-08-04 00:00:00,CCS,82
1999-08-05 00:00:00,CCS,80
1999-08-06 00:00:00,CCS,79
1999-08-09 00:00:00,CCS,79
1999-08-10 00:00:00,CCS,78
1999-08-11 00:00:00,CCS,78
1999-08-12 00:00:00,CCS,76
1999-08-13 00:00:00,CCS,75.5
1999-08-16 00:00:00,CCS,70
1999-08-17 00:00:00,CCS,60
1999-08-18 00:00:00,CCS,64
1999-08-19 00:00:00,CCS,66
1999-08-20 00:00:00,CCS,65.5
1999-08-23 00:00:00,CCS,65.25
1999-08-24 00:00:00,CCS,66
1999-08-25 00:00:00,CCS,70
1999-08-31 00:00:00,CCS,67
1999-09-01 00:00:00,CCS,67
1999-09-02 00:00:00,CCS,66.5
1999-09-03 00:00:00,CCS,66.25
1999-09-06 00:00:00,CCS,67
1999-09-07 00:00:00,CCS,67
1999-09-08 00:00:00,CCS,67
1999-09-09 00:00:00,CCS,67.75
1999-09-10 00:00:00,CCS,70
1999-09-13 00:00:00,CCS,70
1999-09-14 00:00:00,CCS,69
1999-09-15 00:00:00,CCS,68
1999-09-17 00:00:00,CCS,68.5
1999-09-20 00:00:00,CCS,68.5
1999-09-21 00:00:00,CCS,68
1999-09-22 00:00:00,CCS,67.75
1999-09-23 00:00:00,CCS,68
1999-09-24 00:00:00,CCS,68
1999-09-27 00:00:00,CCS,67
1999-09-28 00:00:00,CCS,66.5
1999-09-29 00:00:00,CCS,66.25
1999-09-30 00:00:00,CCS,66
1999-10-01 00:00:00,CCS,66.5
1999-10-04 00:00:00,CCS,66.5
1999-10-05 00:00:00,CCS,66.75
1999-10-06 00:00:00,CCS,67
1999-10-07 00:00:00,CCS,67
1999-10-08 00:00:00,CCS,67
1999-10-11 00:00:00,CCS,65.25
1999-10-12 00:00:00,CCS,66
1999-10-14 00:00:00,CCS,64.5
1999-10-15 00:00:00,CCS,64
1999-10-18 00:00:00,CCS,62
1999-10-19 00:00:00,CCS,62
1999-10-20 00:00:00,CCS,61
1999-10-21 00:00:00,CCS,60
1999-10-22 00:00:00,CCS,60
1999-10-26 00:00:00,CCS,59
1999-10-27 00:00:00,CCS,59
1999-10-28 00:00:00,CCS,58
1999-10-29 00:00:00,CCS,60
1999-11-01 00:00:00,CCS,60
1999-11-02 00:00:00,CCS,60
1999-11-03 00:00:00,CCS,59
1999-11-04 00:00:00,CCS,60
1999-11-09 00:00:00,CCS,60
1999-11-10 00:00:00,CCS,60
1999-11-15 00:00:00,CCS,60
1999-11-16 00:00:00,CCS,60.25
1999-11-17 00:00:00,CCS,60
1999-11-18 00:00:00,CCS,60
1999-11-19 00:00:00,CCS,60
1999-11-23 00:00:00,CCS,59
1999-11-24 00:00:00,CCS,61
1999-11-25 00:00:00,CCS,64
1999-11-29 00:00:00,CCS,62
1999-11-30 00:00:00,CCS,64
1999-12-01 00:00:00,CCS,63.5
1999-12-02 00:00:00,CCS,64
1999-12-03 00:00:00,CCS,65
1999-12-07 00:00:00,CCS,66.75
1999-12-08 00:00:00,CCS,70
1999-12-09 00:00:00,CCS,70
1999-12-10 00:00:00,CCS,71.75
1999-12-13 00:00:00,CCS,71.75
1999-12-14 00:00:00,CCS,71
1999-12-15 00:00:00,CCS,70
1999-12-17 00:00:00,CCS,68
1999-12-20 00:00:00,CCS,68
1999-12-21 00:00:00,CCS,70
1999-12-23 00:00:00,CCS,68
1999-12-27 00:00:00,CCS,67
1999-12-30 00:00:00,CCS,65.5
1999-01-22 00:00:00,CDIC,32
1999-02-18 00:00:00,CDIC,32
1999-02-26 00:00:00,CDIC,25
1999-03-17 00:00:00,CDIC,29.75
1999-03-23 00:00:00,CDIC,29
1999-05-25 00:00:00,CDIC,29
1999-06-10 00:00:00,CDIC,29
1999-07-15 00:00:00,CDIC,29
1999-08-06 00:00:00,CDIC,28
1999-01-05 00:00:00,CERA,14.75
1999-01-07 00:00:00,CERA,15
1999-01-11 00:00:00,CERA,15.5
1999-01-14 00:00:00,CERA,14.75
1999-01-18 00:00:00,CERA,14.75
1999-01-19 00:00:00,CERA,14.75
1999-01-20 00:00:00,CERA,14.75
1999-01-26 00:00:00,CERA,15
1999-01-27 00:00:00,CERA,14.75
1999-01-29 00:00:00,CERA,13
1999-02-02 00:00:00,CERA,13.75
1999-02-03 00:00:00,CERA,13.75
1999-02-05 00:00:00,CERA,14
1999-02-09 00:00:00,CERA,14
1999-02-10 00:00:00,CERA,13
1999-02-15 00:00:00,CERA,13.25
1999-02-18 00:00:00,CERA,13.5
1999-02-22 00:00:00,CERA,14
1999-02-23 00:00:00,CERA,14
1999-02-25 00:00:00,CERA,15
1999-03-02 00:00:00,CERA,14
1999-03-04 00:00:00,CERA,14
1999-03-05 00:00:00,CERA,14
1999-03-10 00:00:00,CERA,14
1999-03-11 00:00:00,CERA,14
1999-03-12 00:00:00,CERA,15
1999-03-15 00:00:00,CERA,15.25
1999-03-16 00:00:00,CERA,15
1999-03-17 00:00:00,CERA,15.25
1999-03-18 00:00:00,CERA,21
1999-03-22 00:00:00,CERA,19
1999-03-23 00:00:00,CERA,18.5
1999-03-24 00:00:00,CERA,18
1999-03-26 00:00:00,CERA,19
1999-03-29 00:00:00,CERA,19
1999-04-15 00:00:00,CERA,20
1999-04-19 00:00:00,CERA,18
1999-04-20 00:00:00,CERA,18
1999-04-21 00:00:00,CERA,18
1999-04-23 00:00:00,CERA,18
1999-04-27 00:00:00,CERA,18.5
1999-04-28 00:00:00,CERA,18.5
1999-05-04 00:00:00,CERA,18.5
1999-05-05 00:00:00,CERA,18.5
1999-05-06 00:00:00,CERA,18.5
1999-05-07 00:00:00,CERA,18.5
1999-05-10 00:00:00,CERA,18.25
1999-05-11 00:00:00,CERA,18.5
1999-05-12 00:00:00,CERA,18.5
1999-05-13 00:00:00,CERA,18.5
1999-05-18 00:00:00,CERA,18.25
1999-05-19 00:00:00,CERA,18
1999-05-20 00:00:00,CERA,18.25
1999-05-26 00:00:00,CERA,18.25
1999-05-27 00:00:00,CERA,18.5
1999-05-28 00:00:00,CERA,19.5
1999-06-02 00:00:00,CERA,23
1999-06-03 00:00:00,CERA,18.75
1999-06-07 00:00:00,CERA,19
1999-06-08 00:00:00,CERA,19
1999-06-09 00:00:00,CERA,19
1999-06-10 00:00:00,CERA,18.5
1999-06-15 00:00:00,CERA,18.5
1999-06-16 00:00:00,CERA,18.5
1999-06-17 00:00:00,CERA,18.25
1999-06-18 00:00:00,CERA,18.25
1999-06-21 00:00:00,CERA,18.25
1999-06-24 00:00:00,CERA,18.25
1999-06-25 00:00:00,CERA,18.25
1999-06-30 00:00:00,CERA,18
1999-07-12 00:00:00,CERA,18
1999-07-13 00:00:00,CERA,18
1999-07-14 00:00:00,CERA,18
1999-07-15 00:00:00,CERA,18
1999-07-16 00:00:00,CERA,18
1999-07-19 00:00:00,CERA,18.5
1999-07-20 00:00:00,CERA,18
1999-07-21 00:00:00,CERA,22
1999-07-22 00:00:00,CERA,18
1999-07-23 00:00:00,CERA,18
1999-07-26 00:00:00,CERA,19
1999-07-27 00:00:00,CERA,18.5
1999-07-29 00:00:00,CERA,18.25
1999-08-03 00:00:00,CERA,18.25
1999-08-04 00:00:00,CERA,18.25
1999-08-05 00:00:00,CERA,18.5
1999-08-09 00:00:00,CERA,19
1999-08-10 00:00:00,CERA,18.5
1999-08-11 00:00:00,CERA,18.5
1999-08-12 00:00:00,CERA,18.5
1999-08-16 00:00:00,CERA,18
1999-08-18 00:00:00,CERA,18
1999-08-20 00:00:00,CERA,18.5
1999-08-23 00:00:00,CERA,18
1999-08-24 00:00:00,CERA,17
1999-08-30 00:00:00,CERA,17
1999-08-31 00:00:00,CERA,16
1999-09-01 00:00:00,CERA,16
1999-09-03 00:00:00,CERA,16
1999-09-06 00:00:00,CERA,16
1999-09-07 00:00:00,CERA,16
1999-09-08 00:00:00,CERA,15
1999-09-10 00:00:00,CERA,16
1999-09-13 00:00:00,CERA,17
1999-09-14 00:00:00,CERA,17.25
1999-09-15 00:00:00,CERA,17.25
1999-09-16 00:00:00,CERA,17
1999-09-17 00:00:00,CERA,17
1999-09-20 00:00:00,CERA,17
1999-09-21 00:00:00,CERA,16.5
1999-09-23 00:00:00,CERA,17
1999-09-24 00:00:00,CERA,17
1999-09-27 00:00:00,CERA,17
1999-09-28 00:00:00,CERA,17
1999-09-29 00:00:00,CERA,17
1999-09-30 00:00:00,CERA,17
1999-10-01 00:00:00,CERA,17
1999-10-04 00:00:00,CERA,17
1999-10-05 00:00:00,CERA,17
1999-10-06 00:00:00,CERA,17
1999-10-07 00:00:00,CERA,17
1999-10-08 00:00:00,CERA,17.25
1999-10-11 00:00:00,CERA,18.5
1999-10-12 00:00:00,CERA,19
1999-10-13 00:00:00,CERA,21.5
1999-10-14 00:00:00,CERA,24
1999-10-15 00:00:00,CERA,21.5
1999-10-18 00:00:00,CERA,21.25
1999-10-20 00:00:00,CERA,21.25
1999-10-21 00:00:00,CERA,21
1999-10-25 00:00:00,CERA,21.25
1999-10-26 00:00:00,CERA,21
1999-10-27 00:00:00,CERA,21.5
1999-10-28 00:00:00,CERA,21.5
1999-11-03 00:00:00,CERA,20
1999-11-04 00:00:00,CERA,19.5
1999-11-05 00:00:00,CERA,21
1999-11-08 00:00:00,CERA,21
1999-11-09 00:00:00,CERA,21.25
1999-11-10 00:00:00,CERA,21.25
1999-11-11 00:00:00,CERA,21
1999-11-12 00:00:00,CERA,21
1999-11-15 00:00:00,CERA,21.25
1999-11-16 00:00:00,CERA,21
1999-11-17 00:00:00,CERA,21
1999-11-18 00:00:00,CERA,21
1999-11-23 00:00:00,CERA,21
1999-11-25 00:00:00,CERA,21
1999-11-29 00:00:00,CERA,21
1999-11-30 00:00:00,CERA,21
1999-12-01 00:00:00,CERA,21
1999-12-03 00:00:00,CERA,21
1999-12-06 00:00:00,CERA,20
1999-12-20 00:00:00,CERA,21
1999-01-06 00:00:00,CFI,5
1999-01-21 00:00:00,CFI,5
1999-01-22 00:00:00,CFI,5
1999-01-25 00:00:00,CFI,5
1999-03-17 00:00:00,CFI,4.5
1999-03-29 00:00:00,CFI,5
1999-03-30 00:00:00,CFI,5
1999-05-12 00:00:00,CFI,4
1999-07-06 00:00:00,CFI,4.25
1999-07-07 00:00:00,CFI,4
1999-07-21 00:00:00,CFI,4.25
1999-08-05 00:00:00,CFI,4.25
SECURITY_DA,COMP,CLOSE_PRICE
-----------,----,-----------
1999-08-24 00:00:00,CFI,4.25
1999-09-16 00:00:00,CFI,4
1999-09-24 00:00:00,CFI,4
1999-11-03 00:00:00,CFI,3
1999-11-09 00:00:00,CFI,3
1999-11-29 00:00:00,CFI,3.5
1999-12-14 00:00:00,CFI,4
1999-01-04 00:00:00,CFIN,177
1999-01-05 00:00:00,CFIN,172
1999-01-07 00:00:00,CFIN,167.5
1999-01-11 00:00:00,CFIN,165
1999-01-12 00:00:00,CFIN,165
1999-01-13 00:00:00,CFIN,165
1999-01-18 00:00:00,CFIN,165
1999-01-20 00:00:00,CFIN,162
1999-01-21 00:00:00,CFIN,170
1999-01-22 00:00:00,CFIN,170
1999-01-25 00:00:00,CFIN,169.75
1999-01-26 00:00:00,CFIN,162
1999-01-27 00:00:00,CFIN,160
1999-02-01 00:00:00,CFIN,159
1999-02-03 00:00:00,CFIN,159
1999-02-05 00:00:00,CFIN,160
1999-02-09 00:00:00,CFIN,190
1999-02-10 00:00:00,CFIN,190
1999-02-11 00:00:00,CFIN,190.5
1999-02-12 00:00:00,CFIN,195
1999-02-15 00:00:00,CFIN,196.25
1999-02-16 00:00:00,CFIN,196
1999-02-17 00:00:00,CFIN,195
1999-02-18 00:00:00,CFIN,192
1999-02-19 00:00:00,CFIN,190
1999-02-22 00:00:00,CFIN,187
1999-02-23 00:00:00,CFIN,189
1999-02-24 00:00:00,CFIN,185
1999-02-25 00:00:00,CFIN,180
1999-02-26 00:00:00,CFIN,180.5
1999-03-02 00:00:00,CFIN,180.25
1999-03-03 00:00:00,CFIN,181
1999-03-05 00:00:00,CFIN,181
1999-03-08 00:00:00,CFIN,180
1999-03-09 00:00:00,CFIN,175
1999-03-10 00:00:00,CFIN,175
1999-03-11 00:00:00,CFIN,175
1999-03-12 00:00:00,CFIN,170
1999-03-15 00:00:00,CFIN,168
1999-03-17 00:00:00,CFIN,165
1999-03-19 00:00:00,CFIN,165
1999-03-22 00:00:00,CFIN,164
1999-03-23 00:00:00,CFIN,162
1999-03-24 00:00:00,CFIN,163
1999-03-26 00:00:00,CFIN,163
1999-04-06 00:00:00,CFIN,170
1999-04-07 00:00:00,CFIN,170
1999-04-08 00:00:00,CFIN,173
1999-04-09 00:00:00,CFIN,175
1999-04-12 00:00:00,CFIN,176
1999-04-16 00:00:00,CFIN,179
1999-04-19 00:00:00,CFIN,175
1999-04-20 00:00:00,CFIN,171
1999-04-22 00:00:00,CFIN,170
1999-04-23 00:00:00,CFIN,168
1999-04-26 00:00:00,CFIN,162
1999-04-27 00:00:00,CFIN,165
1999-04-28 00:00:00,CFIN,165
1999-05-05 00:00:00,CFIN,170
1999-05-06 00:00:00,CFIN,170
1999-05-07 00:00:00,CFIN,170
1999-05-11 00:00:00,CFIN,170
1999-05-12 00:00:00,CFIN,170.25
1999-05-14 00:00:00,CFIN,170.25
1999-05-17 00:00:00,CFIN,170.25
1999-05-18 00:00:00,CFIN,170.75
1999-05-20 00:00:00,CFIN,173.25
1999-05-21 00:00:00,CFIN,173.75
1999-05-24 00:00:00,CFIN,174
1999-05-25 00:00:00,CFIN,175
1999-05-26 00:00:00,CFIN,175
1999-06-01 00:00:00,CFIN,173.75
1999-06-03 00:00:00,CFIN,170.25
1999-06-04 00:00:00,CFIN,170.25
1999-06-07 00:00:00,CFIN,170.25
1999-06-08 00:00:00,CFIN,165
1999-06-09 00:00:00,CFIN,171
1999-06-11 00:00:00,CFIN,170
1999-06-14 00:00:00,CFIN,172
1999-06-17 00:00:00,CFIN,169
1999-06-21 00:00:00,CFIN,169
1999-06-25 00:00:00,CFIN,167
1999-07-01 00:00:00,CFIN,166
1999-07-05 00:00:00,CFIN,167
1999-07-06 00:00:00,CFIN,169
1999-07-07 00:00:00,CFIN,170
1999-07-12 00:00:00,CFIN,166.25
1999-07-19 00:00:00,CFIN,166.25
1999-07-20 00:00:00,CFIN,170
1999-07-22 00:00:00,CFIN,170
1999-07-23 00:00:00,CFIN,170
1999-07-26 00:00:00,CFIN,175
1999-08-02 00:00:00,CFIN,170
1999-08-03 00:00:00,CFIN,175
1999-08-04 00:00:00,CFIN,174.75
1999-08-06 00:00:00,CFIN,174
1999-08-09 00:00:00,CFIN,174
1999-08-11 00:00:00,CFIN,173
1999-08-16 00:00:00,CFIN,173
1999-08-17 00:00:00,CFIN,170.25
1999-08-19 00:00:00,CFIN,173.25
1999-08-20 00:00:00,CFIN,171
1999-08-23 00:00:00,CFIN,170
1999-08-24 00:00:00,CFIN,171
1999-08-25 00:00:00,CFIN,166
1999-09-01 00:00:00,CFIN,170.75
1999-09-03 00:00:00,CFIN,169
1999-09-07 00:00:00,CFIN,169.75
1999-09-08 00:00:00,CFIN,169.75
1999-09-09 00:00:00,CFIN,169.5
1999-09-13 00:00:00,CFIN,169.75
1999-09-14 00:00:00,CFIN,170
1999-09-16 00:00:00,CFIN,168
1999-09-17 00:00:00,CFIN,168
1999-09-21 00:00:00,CFIN,168
1999-09-22 00:00:00,CFIN,168
1999-10-04 00:00:00,CFIN,165
1999-10-06 00:00:00,CFIN,160
1999-10-11 00:00:00,CFIN,160
1999-10-13 00:00:00,CFIN,160
1999-10-19 00:00:00,CFIN,156
1999-10-21 00:00:00,CFIN,160
1999-10-25 00:00:00,CFIN,155
1999-10-26 00:00:00,CFIN,150
1999-10-27 00:00:00,CFIN,150
1999-10-28 00:00:00,CFIN,150
1999-10-29 00:00:00,CFIN,150
1999-11-01 00:00:00,CFIN,150
1999-11-02 00:00:00,CFIN,155
1999-11-03 00:00:00,CFIN,160
1999-11-04 00:00:00,CFIN,160
1999-11-05 00:00:00,CFIN,160
1999-11-08 00:00:00,CFIN,152
1999-11-10 00:00:00,CFIN,160
1999-11-11 00:00:00,CFIN,159.75
1999-11-12 00:00:00,CFIN,160
1999-11-15 00:00:00,CFIN,157
1999-11-17 00:00:00,CFIN,157
1999-11-23 00:00:00,CFIN,157.75
1999-11-24 00:00:00,CFIN,158
1999-11-26 00:00:00,CFIN,158
1999-11-30 00:00:00,CFIN,162
1999-12-02 00:00:00,CFIN,168
1999-12-03 00:00:00,CFIN,167.5
1999-12-06 00:00:00,CFIN,163.25
1999-12-07 00:00:00,CFIN,168
1999-12-08 00:00:00,CFIN,167.5
1999-12-10 00:00:00,CFIN,169.75
1999-12-13 00:00:00,CFIN,170
1999-12-14 00:00:00,CFIN,170
1999-12-16 00:00:00,CFIN,170
1999-12-17 00:00:00,CFIN,169
1999-12-30 00:00:00,CFIN,160
1999-01-04 00:00:00,CFLB,3
1999-01-07 00:00:00,CFLB,3.25
1999-01-08 00:00:00,CFLB,3.25
1999-01-12 00:00:00,CFLB,3.5
1999-01-14 00:00:00,CFLB,3.25
1999-01-18 00:00:00,CFLB,3.25
1999-01-19 00:00:00,CFLB,3.5
1999-01-20 00:00:00,CFLB,3.5
SECURITY_DA,COMP,CLOSE_PRICE
-----------,----,-----------
1999-01-21 00:00:00,CFLB,3.5
1999-01-22 00:00:00,CFLB,3.5
1999-01-26 00:00:00,CFLB,3.25
1999-01-27 00:00:00,CFLB,3.25
1999-01-28 00:00:00,CFLB,3.75
1999-01-29 00:00:00,CFLB,3.5
1999-02-03 00:00:00,CFLB,3.5
1999-02-08 00:00:00,CFLB,3.25
1999-02-09 00:00:00,CFLB,3.25
1999-02-10 00:00:00,CFLB,3.25
1999-02-11 00:00:00,CFLB,3.25
1999-02-12 00:00:00,CFLB,3.25
1999-02-16 00:00:00,CFLB,3.25
1999-02-17 00:00:00,CFLB,3.25
1999-02-19 00:00:00,CFLB,3.25
1999-02-22 00:00:00,CFLB,3.25
1999-02-24 00:00:00,CFLB,3.25
1999-02-25 00:00:00,CFLB,3.25
1999-03-04 00:00:00,CFLB,3.5
1999-03-05 00:00:00,CFLB,3.5
1999-03-08 00:00:00,CFLB,3.5
SECURITY_DA,COMP,CLOSE_PRICE
-----------,----,-----------
1999-03-09 00:00:00,CFLB,3.25
1999-03-10 00:00:00,CFLB,3.25
1999-03-12 00:00:00,CFLB,3.5
1999-03-17 00:00:00,CFLB,3
1999-03-18 00:00:00,CFLB,3.25
1999-03-19 00:00:00,CFLB,3.75
1999-03-23 00:00:00,CFLB,3.75
1999-03-24 00:00:00,CFLB,3.75
1999-04-16 00:00:00,CFLB,3.25
1999-04-19 00:00:00,CFLB,3.25
1999-04-20 00:00:00,CFLB,3.25
1999-04-21 00:00:00,CFLB,3.25
1999-04-22 00:00:00,CFLB,3.25
1999-04-23 00:00:00,CFLB,3.25
1999-05-04 00:00:00,CFLB,3.25
1999-05-06 00:00:00,CFLB,3.25
1999-05-10 00:00:00,CFLB,3.25
1999-05-11 00:00:00,CFLB,3.25
1999-05-12 00:00:00,CFLB,3.25
1999-05-14 00:00:00,CFLB,3.25
1999-05-17 00:00:00,CFLB,3.25
SECURITY_DA,COMP,CLOSE_PRICE
-----------,----,-----------
1999-05-18 00:00:00,CFLB,3
1999-05-19 00:00:00,CFLB,3
1999-05-20 00:00:00,CFLB,3
1999-05-21 00:00:00,CFLB,3
1999-05-24 00:00:00,CFLB,3
1999-05-25 00:00:00,CFLB,3
1999-05-26 00:00:00,CFLB,3
1999-05-27 00:00:00,CFLB,3
1999-05-28 00:00:00,CFLB,3
1999-06-01 00:00:00,CFLB,3
1999-06-02 00:00:00,CFLB,2.75
1999-06-03 00:00:00,CFLB,3
1999-06-04 00:00:00,CFLB,2.75
1999-06-07 00:00:00,CFLB,3
1999-06-08 00:00:00,CFLB,3
1999-06-09 00:00:00,CFLB,2.75
1999-06-10 00:00:00,CFLB,2.75
1999-06-11 00:00:00,CFLB,2.75
1999-06-15 00:00:00,CFLB,2.75
1999-06-16 00:00:00,CFLB,2.75
1999-06-17 00:00:00,CFLB,2.75
SECURITY_DA,COMP,CLOSE_PRICE
-----------,----,-----------
1999-06-22 00:00:00,CFLB,2.75
1999-06-23 00:00:00,CFLB,2.5
1999-06-24 00:00:00,CFLB,2.75
1999-07-06 00:00:00,CFLB,2.75
1999-07-07 00:00:00,CFLB,2.75
1999-07-12 00:00:00,CFLB,2.5
1999-07-13 00:00:00,CFLB,2.5
1999-07-14 00:00:00,CFLB,2.75
1999-07-15 00:00:00,CFLB,2.75
1999-07-21 00:00:00,CFLB,2.75
1999-07-22 00:00:00,CFLB,2.75
1999-07-29 00:00:00,CFLB,2.5
1999-08-03 00:00:00,CFLB,2.75
1999-08-06 00:00:00,CFLB,3
1999-08-11 00:00:00,CFLB,2.75
1999-08-13 00:00:00,CFLB,2.75
1999-08-16 00:00:00,CFLB,2.75
1999-08-24 00:00:00,CFLB,2.75
1999-08-25 00:00:00,CFLB,2.5
1999-08-30 00:00:00,CFLB,2.5
1999-08-31 00:00:00,CFLB,2.5
SECURITY_DA,COMP,CLOSE_PRICE
-----------,----,-----------
1999-09-02 00:00:00,CFLB,2.75
1999-09-03 00:00:00,CFLB,2.75
1999-09-07 00:00:00,CFLB,2.5
1999-09-08 00:00:00,CFLB,2.5
1999-09-09 00:00:00,CFLB,2.5
1999-09-10 00:00:00,CFLB,2.5
1999-09-15 00:00:00,CFLB,2.5
1999-09-16 00:00:00,CFLB,2.5
1999-09-17 00:00:00,CFLB,2.5
1999-09-21 00:00:00,CFLB,2.5
1999-09-27 00:00:00,CFLB,2.5
1999-09-28 00:00:00,CFLB,2.75
1999-09-30 00:00:00,CFLB,2.5
1999-10-04 00:00:00,CFLB,2.75
1999-10-05 00:00:00,CFLB,2.5
1999-10-06 00:00:00,CFLB,2.5
1999-10-08 00:00:00,CFLB,2.5
1999-10-12 00:00:00,CFLB,2.5
1999-10-13 00:00:00,CFLB,2.5
1999-10-25 00:00:00,CFLB,2.5
1999-10-26 00:00:00,CFLB,2.5
SECURITY_DA,COMP,CLOSE_PRICE
-----------,----,-----------
1999-10-28 00:00:00,CFLB,2.5
1999-10-29 00:00:00,CFLB,2.5
1999-11-04 00:00:00,CFLB,2.75
1999-11-05 00:00:00,CFLB,3
1999-11-08 00:00:00,CFLB,3
1999-11-15 00:00:00,CFLB,3
1999-11-24 00:00:00,CFLB,2.75
1999-11-26 00:00:00,CFLB,2.75
1999-11-30 00:00:00,CFLB,2.75
1999-12-09 00:00:00,CFLB,2.75
1999-12-14 00:00:00,CFLB,3
1999-12-16 00:00:00,CFLB,3.25
1999-12-17 00:00:00,CFLB,3
1999-12-20 00:00:00,CFLB,3
1999-12-23 00:00:00,CFLB,3
1999-12-27 00:00:00,CFLB,3
1999-12-28 00:00:00,CFLB,2.75
1999-12-29 00:00:00,CFLB,2.75
1999-07-26 00:00:00,CFT,27
1999-08-25 00:00:00,CFT,27.25
1999-08-31 00:00:00,CFT,35
SECURITY_DA,COMP,CLOSE_PRICE
-----------,----,-----------
1999-09-03 00:00:00,CFT,40
1999-09-10 00:00:00,CFT,45.5
1999-09-16 00:00:00,CFT,43
1999-09-21 00:00:00,CFT,45
1999-10-07 00:00:00,CFT,45
1999-10-27 00:00:00,CFT,45
1999-11-01 00:00:00,CFT,40
1999-01-04 00:00:00,CFVF,4
1999-01-06 00:00:00,CFVF,4
1999-01-08 00:00:00,CFVF,3.5
1999-01-11 00:00:00,CFVF,3.5
1999-01-12 00:00:00,CFVF,4
1999-01-13 00:00:00,CFVF,4.25
1999-01-14 00:00:00,CFVF,4
1999-01-18 00:00:00,CFVF,4
1999-01-20 00:00:00,CFVF,4
1999-01-21 00:00:00,CFVF,4
1999-01-22 00:00:00,CFVF,4.25
1999-01-26 00:00:00,CFVF,4.25
1999-01-27 00:00:00,CFVF,4
1999-01-28 00:00:00,CFVF,4
SECURITY_DA,COMP,CLOSE_PRICE
-----------,----,-----------
1999-01-29 00:00:00,CFVF,3.75
1999-02-01 00:00:00,CFVF,3.75
1999-02-02 00:00:00,CFVF,4
1999-02-05 00:00:00,CFVF,4
1999-02-08 00:00:00,CFVF,4
1999-02-10 00:00:00,CFVF,4
1999-02-12 00:00:00,CFVF,4
1999-02-15 00:00:00,CFVF,4
1999-02-17 00:00:00,CFVF,4
1999-02-19 00:00:00,CFVF,4
1999-02-23 00:00:00,CFVF,4
1999-02-24 00:00:00,CFVF,3.75
1999-02-26 00:00:00,CFVF,4
1999-03-02 00:00:00,CFVF,4
1999-03-04 00:00:00,CFVF,4
1999-03-05 00:00:00,CFVF,4
1999-03-08 00:00:00,CFVF,4
1999-03-09 00:00:00,CFVF,4
1999-03-10 00:00:00,CFVF,4
1999-03-12 00:00:00,CFVF,3.75
1999-03-15 00:00:00,CFVF,3.75
SECURITY_DA,COMP,CLOSE_PRICE
-----------,----,-----------
1999-03-16 00:00:00,CFVF,3.75
1999-03-17 00:00:00,CFVF,3.75
1999-03-18 00:00:00,CFVF,3.75
1999-03-22 00:00:00,CFVF,3.75
1999-03-26 00:00:00,CFVF,3.75
1999-04-06 00:00:00,CFVF,3.75
1999-04-07 00:00:00,CFVF,3.75
1999-04-08 00:00:00,CFVF,4
1999-04-09 00:00:00,CFVF,4
1999-04-16 00:00:00,CFVF,4
1999-04-20 00:00:00,CFVF,3.5
1999-04-22 00:00:00,CFVF,3.5
1999-04-23 00:00:00,CFVF,3.75
1999-04-26 00:00:00,CFVF,3.5
1999-04-27 00:00:00,CFVF,3.75
1999-04-28 00:00:00,CFVF,4
1999-05-04 00:00:00,CFVF,3.75
1999-05-05 00:00:00,CFVF,3.75
1999-05-07 00:00:00,CFVF,3.75
1999-05-11 00:00:00,CFVF,3.75
1999-05-12 00:00:00,CFVF,3.75
SECURITY_DA,COMP,CLOSE_PRICE
-----------,----,-----------
1999-05-14 00:00:00,CFVF,3.75
1999-05-17 00:00:00,CFVF,3.5
1999-05-24 00:00:00,CFVF,3.75
1999-05-25 00:00:00,CFVF,3.75
1999-06-01 00:00:00,CFVF,3.75
1999-06-02 00:00:00,CFVF,3.75
1999-06-03 00:00:00,CFVF,3.5
1999-06-04 00:00:00,CFVF,3.5
1999-06-08 00:00:00,CFVF,3.5
1999-06-09 00:00:00,CFVF,3.75
1999-06-10 00:00:00,CFVF,3.75
1999-06-11 00:00:00,CFVF,3.75
1999-06-14 00:00:00,CFVF,3.75
1999-06-15 00:00:00,CFVF,3.75
1999-06-16 00:00:00,CFVF,3.75
1999-06-17 00:00:00,CFVF,3.75
1999-06-18 00:00:00,CFVF,3.5
1999-06-21 00:00:00,CFVF,3.75
1999-06-23 00:00:00,CFVF,3.5
1999-06-24 00:00:00,CFVF,3.75
1999-06-25 00:00:00,CFVF,3.75
SECURITY_DA,COMP,CLOSE_PRICE
-----------,----,-----------
1999-07-01 00:00:00,CFVF,3.75
1999-07-05 00:00:00,CFVF,3.75
1999-07-09 00:00:00,CFVF,3.75
1999-07-13 00:00:00,CFVF,3.75
1999-07-14 00:00:00,CFVF,3.75
1999-07-15 00:00:00,CFVF,3.75
1999-07-16 00:00:00,CFVF,3.75
1999-07-20 00:00:00,CFVF,3.75
1999-07-21 00:00:00,CFVF,3.75
1999-07-22 00:00:00,CFVF,3.75
1999-07-23 00:00:00,CFVF,3.75
1999-07-26 00:00:00,CFVF,3.75
1999-07-29 00:00:00,CFVF,4
1999-08-04 00:00:00,CFVF,4.5
1999-08-05 00:00:00,CFVF,4
1999-08-06 00:00:00,CFVF,4
1999-08-09 00:00:00,CFVF,4
1999-08-10 00:00:00,CFVF,4
1999-08-11 00:00:00,CFVF,3.5
1999-08-12 00:00:00,CFVF,3.75
1999-08-13 00:00:00,CFVF,3.5
SECURITY_DA,COMP,CLOSE_PRICE
-----------,----,-----------
1999-08-17 00:00:00,CFVF,3.75
1999-08-18 00:00:00,CFVF,3.75
1999-08-19 00:00:00,CFVF,3.75
1999-08-20 00:00:00,CFVF,3.75
1999-08-23 00:00:00,CFVF,4
1999-08-31 00:00:00,CFVF,3.75
1999-09-02 00:00:00,CFVF,3.5
1999-09-03 00:00:00,CFVF,3.5
1999-09-06 00:00:00,CFVF,3.75
1999-09-07 00:00:00,CFVF,3.75
1999-09-08 00:00:00,CFVF,3.75
1999-09-09 00:00:00,CFVF,3.5
1999-09-10 00:00:00,CFVF,3.5
1999-09-13 00:00:00,CFVF,4.25
1999-09-15 00:00:00,CFVF,4
1999-09-16 00:00:00,CFVF,3.75
1999-09-20 00:00:00,CFVF,3.75
1999-09-21 00:00:00,CFVF,3.75
1999-09-23 00:00:00,CFVF,4
1999-09-24 00:00:00,CFVF,4
1999-09-27 00:00:00,CFVF,4
SECURITY_DA,COMP,CLOSE_PRICE
-----------,----,-----------
1999-09-28 00:00:00,CFVF,3.75
1999-09-29 00:00:00,CFVF,3.75
1999-09-30 00:00:00,CFVF,3.75
1999-10-01 00:00:00,CFVF,3.75
1999-10-05 00:00:00,CFVF,3.75
1999-10-07 00:00:00,CFVF,3.75
1999-10-08 00:00:00,CFVF,3.75
1999-10-11 00:00:00,CFVF,3.75
1999-10-12 00:00:00,CFVF,3.75
1999-10-13 00:00:00,CFVF,3.75
1999-10-14 00:00:00,CFVF,3.5
1999-10-15 00:00:00,CFVF,3.5
1999-10-19 00:00:00,CFVF,3.5
1999-10-20 00:00:00,CFVF,3.5
1999-10-22 00:00:00,CFVF,3.5
1999-10-26 00:00:00,CFVF,3.5
1999-10-27 00:00:00,CFVF,3.5
1999-10-28 00:00:00,CFVF,3.5
1999-11-08 00:00:00,CFVF,3.75
1999-11-11 00:00:00,CFVF,3.5
1999-11-16 00:00:00,CFVF,3.5
SECURITY_DA,COMP,CLOSE_PRICE
-----------,----,-----------
1999-11-17 00:00:00,CFVF,3.5
1999-11-19 00:00:00,CFVF,3.5
1999-11-23 00:00:00,CFVF,3.5
1999-11-25 00:00:00,CFVF,3.25
1999-11-26 00:00:00,CFVF,3.25
1999-11-29 00:00:00,CFVF,3.25
1999-12-01 00:00:00,CFVF,3.5
1999-12-02 00:00:00,CFVF,3.75
1999-12-06 00:00:00,CFVF,3.75
1999-12-09 00:00:00,CFVF,3.75
1999-12-10 00:00:00,CFVF,4.25
1999-12-13 00:00:00,CFVF,4
1999-12-14 00:00:00,CFVF,3.75
1999-12-15 00:00:00,CFVF,3.5
1999-12-16 00:00:00,CFVF,3.5
1999-12-17 00:00:00,CFVF,3.75
1999-12-20 00:00:00,CFVF,3.75
1999-12-21 00:00:00,CFVF,3.75
1999-12-27 00:00:00,CFVF,3.75
1999-12-28 00:00:00,CFVF,4
1999-01-04 00:00:00,CHMX,30.25
SECURITY_DA,COMP,CLOSE_PRICE
-----------,----,-----------
1999-01-05 00:00:00,CHMX,31
1999-01-06 00:00:00,CHMX,32.5
1999-01-25 00:00:00,CHMX,30
1999-02-10 00:00:00,CHMX,30
1999-02-12 00:00:00,CHMX,30
1999-02-15 00:00:00,CHMX,31
1999-02-19 00:00:00,CHMX,31
1999-02-22 00:00:00,CHMX,31.5
1999-02-23 00:00:00,CHMX,31.5
1999-02-26 00:00:00,CHMX,31.5
1999-03-02 00:00:00,CHMX,31.5
1999-03-04 00:00:00,CHMX,30
1999-03-08 00:00:00,CHMX,30
1999-03-18 00:00:00,CHMX,30
1999-03-19 00:00:00,CHMX,30
1999-03-22 00:00:00,CHMX,30
1999-03-29 00:00:00,CHMX,30
1999-03-30 00:00:00,CHMX,30
1999-04-01 00:00:00,CHMX,30.5
1999-04-08 00:00:00,CHMX,30
1999-04-19 00:00:00,CHMX,30
SECURITY_DA,COMP,CLOSE_PRICE
-----------,----,-----------
1999-04-20 00:00:00,CHMX,30
1999-04-21 00:00:00,CHMX,30
1999-04-23 00:00:00,CHMX,30.5
1999-04-27 00:00:00,CHMX,34.25
1999-05-19 00:00:00,CHMX,31.5
1999-06-11 00:00:00,CHMX,30.75
1999-07-26 00:00:00,CHMX,32.5
1999-08-05 00:00:00,CHMX,30
1999-08-09 00:00:00,CHMX,30
1999-08-10 00:00:00,CHMX,30
1999-08-12 00:00:00,CHMX,30
1999-08-16 00:00:00,CHMX,30
1999-08-17 00:00:00,CHMX,30
1999-08-25 00:00:00,CHMX,30
1999-08-31 00:00:00,CHMX,28.75
1999-09-03 00:00:00,CHMX,30
1999-09-10 00:00:00,CHMX,30
1999-09-13 00:00:00,CHMX,30
1999-09-14 00:00:00,CHMX,30
1999-09-20 00:00:00,CHMX,30
1999-09-21 00:00:00,CHMX,30.25
SECURITY_DA,COMP,CLOSE_PRICE
-----------,----,-----------
1999-09-24 00:00:00,CHMX,30.25
1999-10-07 00:00:00,CHMX,30
1999-10-08 00:00:00,CHMX,29.5
1999-10-11 00:00:00,CHMX,30
1999-10-14 00:00:00,CHMX,29
1999-10-18 00:00:00,CHMX,30
1999-10-19 00:00:00,CHMX,30
1999-10-21 00:00:00,CHMX,28.5
1999-10-26 00:00:00,CHMX,28.75
1999-10-27 00:00:00,CHMX,28.75
1999-11-02 00:00:00,CHMX,28.75
1999-11-10 00:00:00,CHMX,28.5
1999-11-15 00:00:00,CHMX,28.75
1999-12-01 00:00:00,CHMX,31
1999-12-16 00:00:00,CHMX,31
1999-01-13 00:00:00,CHOT,100
1999-01-18 00:00:00,CHOT,100.5
1999-01-19 00:00:00,CHOT,105
1999-01-25 00:00:00,CHOT,100
1999-01-26 00:00:00,CHOT,100
1999-01-27 00:00:00,CHOT,100
SECURITY_DA,COMP,CLOSE_PRICE
-----------,----,-----------
1999-02-05 00:00:00,CHOT,100
1999-02-08 00:00:00,CHOT,100
1999-02-09 00:00:00,CHOT,100
1999-02-11 00:00:00,CHOT,100
1999-02-16 00:00:00,CHOT,70
1999-02-22 00:00:00,CHOT,77.25
1999-03-04 00:00:00,CHOT,77
1999-03-05 00:00:00,CHOT,77
1999-03-09 00:00:00,CHOT,77
1999-03-30 00:00:00,CHOT,80.75
1999-04-01 00:00:00,CHOT,80
1999-04-19 00:00:00,CHOT,84
1999-04-20 00:00:00,CHOT,85
1999-04-21 00:00:00,CHOT,85
1999-04-22 00:00:00,CHOT,84
1999-04-27 00:00:00,CHOT,85
1999-04-28 00:00:00,CHOT,85
1999-05-04 00:00:00,CHOT,85
1999-05-07 00:00:00,CHOT,90
1999-06-01 00:00:00,CHOT,85
1999-06-02 00:00:00,CHOT,85
SECURITY_DA,COMP,CLOSE_PRICE
-----------,----,-----------
1999-06-11 00:00:00,CHOT,80
1999-06-14 00:00:00,CHOT,80
1999-06-16 00:00:00,CHOT,80
1999-06-22 00:00:00,CHOT,75
1999-06-25 00:00:00,CHOT,75
1999-07-23 00:00:00,CHOT,112.5
1999-07-26 00:00:00,CHOT,115
1999-07-27 00:00:00,CHOT,115
1999-07-29 00:00:00,CHOT,115
1999-07-30 00:00:00,CHOT,110
1999-08-05 00:00:00,CHOT,110
1999-08-19 00:00:00,CHOT,90
1999-09-01 00:00:00,CHOT,90
1999-09-08 00:00:00,CHOT,80.25
1999-09-09 00:00:00,CHOT,90
1999-09-13 00:00:00,CHOT,90
1999-09-14 00:00:00,CHOT,95
1999-09-15 00:00:00,CHOT,100
1999-09-16 00:00:00,CHOT,105
1999-09-20 00:00:00,CHOT,105
1999-09-21 00:00:00,CHOT,105
SECURITY_DA,COMP,CLOSE_PRICE
-----------,----,-----------
1999-09-22 00:00:00,CHOT,105.25
1999-09-23 00:00:00,CHOT,105.25
1999-09-24 00:00:00,CHOT,105.25
1999-09-27 00:00:00,CHOT,105
1999-09-29 00:00:00,CHOT,100
1999-09-30 00:00:00,CHOT,100
1999-10-04 00:00:00,CHOT,105
1999-10-05 00:00:00,CHOT,100
1999-10-06 00:00:00,CHOT,100
1999-10-08 00:00:00,CHOT,95
1999-10-20 00:00:00,CHOT,95
1999-10-26 00:00:00,CHOT,100
1999-10-27 00:00:00,CHOT,100
1999-10-28 00:00:00,CHOT,100
1999-11-11 00:00:00,CHOT,100
1999-11-19 00:00:00,CHOT,100
1999-11-30 00:00:00,CHOT,100
1999-12-07 00:00:00,CHOT,100
1999-12-14 00:00:00,CHOT,105
1999-12-16 00:00:00,CHOT,95
1999-12-20 00:00:00,CHOT,95
SECURITY_DA,COMP,CLOSE_PRICE
-----------,----,-----------
1999-12-27 00:00:00,CHOT,100
1999-12-29 00:00:00,CHOT,95
1999-01-05 00:00:00,CHOU,7.25
1999-01-07 00:00:00,CHOU,7.5
1999-01-13 00:00:00,CHOU,8.25
1999-01-14 00:00:00,CHOU,8
1999-01-22 00:00:00,CHOU,8
1999-02-01 00:00:00,CHOU,7.75
1999-02-03 00:00:00,CHOU,7.75
1999-02-08 00:00:00,CHOU,7.75
1999-02-18 00:00:00,CHOU,7.75
1999-02-19 00:00:00,CHOU,7.75
1999-02-23 00:00:00,CHOU,7.75
1999-02-25 00:00:00,CHOU,8
1999-03-03 00:00:00,CHOU,8.75
1999-03-04 00:00:00,CHOU,8.75
1999-03-08 00:00:00,CHOU,8
1999-03-09 00:00:00,CHOU,8.25
1999-03-10 00:00:00,CHOU,8
1999-03-11 00:00:00,CHOU,8
1999-03-17 00:00:00,CHOU,8.25
SECURITY_DA,COMP,CLOSE_PRICE
-----------,----,-----------
1999-03-29 00:00:00,CHOU,8.25
1999-04-22 00:00:00,CHOU,7.75
1999-04-28 00:00:00,CHOU,8.75
1999-05-13 00:00:00,CHOU,8.75
1999-05-24 00:00:00,CHOU,8.75
1999-05-28 00:00:00,CHOU,9.5
1999-06-09 00:00:00,CHOU,9.5
1999-06-25 00:00:00,CHOU,9.5
1999-07-02 00:00:00,CHOU,8.75
1999-07-09 00:00:00,CHOU,8.75
1999-07-14 00:00:00,CHOU,9.25
1999-07-19 00:00:00,CHOU,9.25
1999-07-20 00:00:00,CHOU,9.25
1999-07-21 00:00:00,CHOU,9.5
1999-07-22 00:00:00,CHOU,9.5
1999-07-23 00:00:00,CHOU,10
1999-07-26 00:00:00,CHOU,9
1999-08-02 00:00:00,CHOU,9
1999-08-05 00:00:00,CHOU,9
1999-08-10 00:00:00,CHOU,9.5
1999-08-11 00:00:00,CHOU,12
SECURITY_DA,COMP,CLOSE_PRICE
-----------,----,-----------
1999-08-13 00:00:00,CHOU,11
1999-08-16 00:00:00,CHOU,11
1999-08-18 00:00:00,CHOU,11
1999-09-02 00:00:00,CHOU,11
1999-09-06 00:00:00,CHOU,10.5
1999-09-07 00:00:00,CHOU,10.5
1999-09-09 00:00:00,CHOU,10.5
1999-09-13 00:00:00,CHOU,10.5
1999-09-15 00:00:00,CHOU,10.5
1999-09-17 00:00:00,CHOU,11
1999-09-20 00:00:00,CHOU,11
1999-09-21 00:00:00,CHOU,11
1999-09-27 00:00:00,CHOU,11
1999-09-28 00:00:00,CHOU,10.75
1999-10-04 00:00:00,CHOU,10.75
1999-10-06 00:00:00,CHOU,11
1999-10-07 00:00:00,CHOU,11.25
1999-10-11 00:00:00,CHOU,11
1999-10-12 00:00:00,CHOU,11
1999-10-13 00:00:00,CHOU,11
1999-11-09 00:00:00,CHOU,9
SECURITY_DA,COMP,CLOSE_PRICE
-----------,----,-----------
1999-11-11 00:00:00,CHOU,9
1999-11-18 00:00:00,CHOU,8
1999-12-20 00:00:00,CHOU,8
1999-01-05 00:00:00,CHR,23
1999-02-09 00:00:00,CHR,23
1999-02-15 00:00:00,CHR,23
1999-02-16 00:00:00,CHR,23
1999-02-18 00:00:00,CHR,23
1999-02-22 00:00:00,CHR,23
1999-03-05 00:00:00,CHR,18.25
1999-03-11 00:00:00,CHR,18.25
1999-03-12 00:00:00,CHR,18
1999-03-16 00:00:00,CHR,18
1999-03-18 00:00:00,CHR,18.5
1999-03-23 00:00:00,CHR,18.25
1999-03-29 00:00:00,CHR,19
1999-03-30 00:00:00,CHR,18.75
1999-04-01 00:00:00,CHR,19
1999-04-20 00:00:00,CHR,19
1999-04-22 00:00:00,CHR,19.5
1999-04-26 00:00:00,CHR,20
SECURITY_DA,COMP,CLOSE_PRICE
-----------,----,-----------
1999-05-06 00:00:00,CHR,20
1999-05-11 00:00:00,CHR,20.5
1999-06-11 00:00:00,CHR,20.25
1999-07-15 00:00:00,CHR,23
1999-07-19 00:00:00,CHR,25
1999-07-20 00:00:00,CHR,25.25
1999-07-21 00:00:00,CHR,27
1999-07-22 00:00:00,CHR,27
1999-07-26 00:00:00,CHR,27.75
1999-07-27 00:00:00,CHR,30
1999-07-29 00:00:00,CHR,30
1999-08-04 00:00:00,CHR,35
1999-08-05 00:00:00,CHR,35
1999-08-17 00:00:00,CHR,30
1999-08-25 00:00:00,CHR,27
1999-09-03 00:00:00,CHR,27.75
1999-09-08 00:00:00,CHR,30
1999-09-15 00:00:00,CHR,30.5
1999-09-20 00:00:00,CHR,30
1999-09-27 00:00:00,CHR,30.5
1999-09-29 00:00:00,CHR,31
SECURITY_DA,COMP,CLOSE_PRICE
-----------,----,-----------
1999-10-07 00:00:00,CHR,35
1999-10-12 00:00:00,CHR,34
1999-10-13 00:00:00,CHR,32.5
1999-10-15 00:00:00,CHR,32.25
1999-10-18 00:00:00,CHR,33
1999-10-26 00:00:00,CHR,33.25
1999-10-28 00:00:00,CHR,33.25
1999-11-03 00:00:00,CHR,33
1999-11-09 00:00:00,CHR,33
1999-11-18 00:00:00,CHR,33
1999-11-19 00:00:00,CHR,33
1999-11-29 00:00:00,CHR,33
1999-12-01 00:00:00,CHR,33
1999-12-02 00:00:00,CHR,33
1999-12-03 00:00:00,CHR,34
1999-12-06 00:00:00,CHR,34.5
1999-12-07 00:00:00,CHR,37
1999-12-08 00:00:00,CHR,40
1999-01-06 00:00:00,CIC,40
1999-01-18 00:00:00,CIC,40
1999-01-27 00:00:00,CIC,40
SECURITY_DA,COMP,CLOSE_PRICE
-----------,----,-----------
1999-01-29 00:00:00,CIC,40
1999-02-01 00:00:00,CIC,40
1999-02-08 00:00:00,CIC,40
1999-02-09 00:00:00,CIC,40
1999-02-15 00:00:00,CIC,40
1999-02-19 00:00:00,CIC,40
1999-02-22 00:00:00,CIC,40.5
1999-02-25 00:00:00,CIC,40
1999-03-02 00:00:00,CIC,40
1999-03-04 00:00:00,CIC,41
1999-03-09 00:00:00,CIC,38.5
1999-03-10 00:00:00,CIC,38.25
1999-03-11 00:00:00,CIC,38
1999-03-15 00:00:00,CIC,38.25
1999-03-17 00:00:00,CIC,38.25
1999-03-26 00:00:00,CIC,38
1999-03-29 00:00:00,CIC,36
1999-03-30 00:00:00,CIC,36
1999-04-16 00:00:00,CIC,40
1999-04-21 00:00:00,CIC,43.25
1999-04-22 00:00:00,CIC,50
SECURITY_DA,COMP,CLOSE_PRICE
-----------,----,-----------
1999-04-26 00:00:00,CIC,46.75
1999-04-27 00:00:00,CIC,46.5
1999-05-04 00:00:00,CIC,45
1999-05-05 00:00:00,CIC,45
1999-05-12 00:00:00,CIC,45
1999-05-21 00:00:00,CIC,45
1999-06-02 00:00:00,CIC,40
1999-06-10 00:00:00,CIC,42
1999-06-15 00:00:00,CIC,42
1999-06-22 00:00:00,CIC,31
1999-06-24 00:00:00,CIC,30
1999-07-01 00:00:00,CIC,30
1999-07-02 00:00:00,CIC,30
1999-07-06 00:00:00,CIC,31
1999-07-08 00:00:00,CIC,31
1999-07-26 00:00:00,CIC,30
1999-08-05 00:00:00,CIC,32
1999-08-06 00:00:00,CIC,32
1999-08-09 00:00:00,CIC,32
1999-08-10 00:00:00,CIC,32
1999-08-12 00:00:00,CIC,32
SECURITY_DA,COMP,CLOSE_PRICE
-----------,----,-----------
1999-08-13 00:00:00,CIC,32
1999-08-16 00:00:00,CIC,32
1999-08-17 00:00:00,CIC,33
1999-08-18 00:00:00,CIC,34
1999-08-20 00:00:00,CIC,32.25
1999-08-23 00:00:00,CIC,32
1999-08-30 00:00:00,CIC,32.25
1999-08-31 00:00:00,CIC,32.25
1999-09-06 00:00:00,CIC,32
1999-09-07 00:00:00,CIC,32
1999-09-10 00:00:00,CIC,32
1999-09-14 00:00:00,CIC,32
1999-09-15 00:00:00,CIC,32
1999-09-21 00:00:00,CIC,32
1999-09-30 00:00:00,CIC,32
1999-10-05 00:00:00,CIC,32
1999-10-08 00:00:00,CIC,32
1999-10-21 00:00:00,CIC,31
1999-10-29 00:00:00,CIC,28
1999-11-01 00:00:00,CIC,28.25
1999-11-15 00:00:00,CIC,28.25
SECURITY_DA,COMP,CLOSE_PRICE
-----------,----,-----------
1999-11-26 00:00:00,CIC,28.5
1999-12-07 00:00:00,CIC,30
1999-12-09 00:00:00,CIC,30
1999-12-21 00:00:00,CIC,32
1999-12-23 00:00:00,CIC,30
1999-12-27 00:00:00,CIC,30
1999-01-05 00:00:00,CIND,14
1999-01-06 00:00:00,CIND,14
1999-01-07 00:00:00,CIND,14
1999-01-11 00:00:00,CIND,14
1999-01-12 00:00:00,CIND,14
1999-01-13 00:00:00,CIND,14
1999-01-19 00:00:00,CIND,14
1999-02-11 00:00:00,CIND,13
1999-02-16 00:00:00,CIND,13.5
1999-02-24 00:00:00,CIND,12
1999-02-25 00:00:00,CIND,12
1999-03-02 00:00:00,CIND,12
1999-03-03 00:00:00,CIND,12
1999-03-04 00:00:00,CIND,12
1999-03-05 00:00:00,CIND,12
SECURITY_DA,COMP,CLOSE_PRICE
-----------,----,-----------
1999-03-08 00:00:00,CIND,12
1999-03-09 00:00:00,CIND,14
1999-03-10 00:00:00,CIND,13
1999-03-11 00:00:00,CIND,13.25
1999-03-12 00:00:00,CIND,14
1999-03-15 00:00:00,CIND,13.25
1999-03-16 00:00:00,CIND,14
1999-03-17 00:00:00,CIND,14
1999-03-18 00:00:00,CIND,14
1999-03-19 00:00:00,CIND,15.25
1999-03-30 00:00:00,CIND,15
1999-04-01 00:00:00,CIND,14.75
1999-04-08 00:00:00,CIND,16
1999-04-09 00:00:00,CIND,15
1999-04-15 00:00:00,CIND,15
1999-04-16 00:00:00,CIND,15
1999-04-27 00:00:00,CIND,16
1999-04-28 00:00:00,CIND,15.5
1999-05-03 00:00:00,CIND,16
1999-05-06 00:00:00,CIND,16.25
1999-05-11 00:00:00,CIND,15
SECURITY_DA,COMP,CLOSE_PRICE
-----------,----,-----------
1999-05-25 00:00:00,CIND,16
1999-05-26 00:00:00,CIND,16
1999-06-01 00:00:00,CIND,16.25
1999-06-02 00:00:00,CIND,16.25
1999-06-09 00:00:00,CIND,18
1999-06-10 00:00:00,CIND,17.25
1999-06-15 00:00:00,CIND,17.75
1999-07-01 00:00:00,CIND,25
1999-07-05 00:00:00,CIND,20
1999-07-06 00:00:00,CIND,20
1999-07-07 00:00:00,CIND,20
1999-07-08 00:00:00,CIND,19.5
1999-07-12 00:00:00,CIND,19.5
1999-07-13 00:00:00,CIND,19.5
1999-07-15 00:00:00,CIND,19.5
1999-07-20 00:00:00,CIND,20
1999-07-21 00:00:00,CIND,20
1999-07-29 00:00:00,CIND,20.75
1999-07-30 00:00:00,CIND,21
1999-08-16 00:00:00,CIND,21
1999-08-18 00:00:00,CIND,21
SECURITY_DA,COMP,CLOSE_PRICE
-----------,----,-----------
1999-08-24 00:00:00,CIND,21
1999-08-25 00:00:00,CIND,21
1999-08-30 00:00:00,CIND,21
1999-09-06 00:00:00,CIND,20
1999-09-09 00:00:00,CIND,20
1999-09-13 00:00:00,CIND,20
1999-09-16 00:00:00,CIND,21
1999-09-20 00:00:00,CIND,21
1999-09-24 00:00:00,CIND,20
1999-09-28 00:00:00,CIND,19
1999-10-06 00:00:00,CIND,19
1999-10-07 00:00:00,CIND,19
1999-10-13 00:00:00,CIND,19
1999-10-18 00:00:00,CIND,19
1999-10-19 00:00:00,CIND,19
1999-10-25 00:00:00,CIND,19
1999-11-01 00:00:00,CIND,18
1999-11-08 00:00:00,CIND,18
1999-11-15 00:00:00,CIND,17
1999-12-02 00:00:00,CIND,17
1999-12-14 00:00:00,CIND,17
SECURITY_DA,COMP,CLOSE_PRICE
-----------,----,-----------
1999-12-16 00:00:00,CIND,17
1999-01-11 00:00:00,CINS,15.75
1999-01-12 00:00:00,CINS,15.75
1999-01-13 00:00:00,CINS,17
1999-01-14 00:00:00,CINS,16.5
1999-01-18 00:00:00,CINS,16.75
1999-01-19 00:00:00,CINS,17
1999-01-20 00:00:00,CINS,16.5
1999-01-21 00:00:00,CINS,16.5
1999-01-25 00:00:00,CINS,16.5
1999-01-29 00:00:00,CINS,16.75
1999-02-01 00:00:00,CINS,16.75
1999-02-02 00:00:00,CINS,18
1999-02-03 00:00:00,CINS,16.75
1999-02-09 00:00:00,CINS,18
1999-02-10 00:00:00,CINS,18.5
1999-02-11 00:00:00,CINS,19.75
1999-02-12 00:00:00,CINS,19.75
1999-02-15 00:00:00,CINS,20.75
1999-02-17 00:00:00,CINS,19.5
1999-02-18 00:00:00,CINS,19.5
SECURITY_DA,COMP,CLOSE_PRICE
-----------,----,-----------
1999-02-22 00:00:00,CINS,19.25
1999-02-25 00:00:00,CINS,20
1999-02-26 00:00:00,CINS,22
1999-03-02 00:00:00,CINS,22
1999-03-03 00:00:00,CINS,22
1999-03-04 00:00:00,CINS,21
1999-03-05 00:00:00,CINS,21
1999-03-08 00:00:00,CINS,21
1999-03-09 00:00:00,CINS,22
1999-03-11 00:00:00,CINS,19
1999-03-12 00:00:00,CINS,18.75
1999-03-16 00:00:00,CINS,18.75
1999-03-17 00:00:00,CINS,18.75
1999-03-23 00:00:00,CINS,18.5
1999-03-25 00:00:00,CINS,18.5
1999-03-26 00:00:00,CINS,18.5
1999-03-29 00:00:00,CINS,20
1999-03-30 00:00:00,CINS,20
1999-04-01 00:00:00,CINS,20
1999-04-05 00:00:00,CINS,19.25
1999-04-07 00:00:00,CINS,20
SECURITY_DA,COMP,CLOSE_PRICE
-----------,----,-----------
1999-04-09 00:00:00,CINS,21.5
1999-04-12 00:00:00,CINS,21
1999-04-15 00:00:00,CINS,22
1999-04-16 00:00:00,CINS,23
1999-04-19 00:00:00,CINS,22.5
1999-04-20 00:00:00,CINS,23
1999-04-21 00:00:00,CINS,22.5
1999-04-22 00:00:00,CINS,22
1999-04-23 00:00:00,CINS,23
1999-04-26 00:00:00,CINS,23
1999-04-27 00:00:00,CINS,24
1999-04-28 00:00:00,CINS,25
1999-05-03 00:00:00,CINS,26.5
1999-05-04 00:00:00,CINS,26
1999-05-05 00:00:00,CINS,26
1999-05-06 00:00:00,CINS,27
1999-05-11 00:00:00,CINS,25
1999-05-12 00:00:00,CINS,25
1999-05-13 00:00:00,CINS,25
1999-05-14 00:00:00,CINS,24.75
1999-05-17 00:00:00,CINS,24.75
SECURITY_DA,COMP,CLOSE_PRICE
-----------,----,-----------
1999-05-18 00:00:00,CINS,24
1999-05-19 00:00:00,CINS,24
1999-05-20 00:00:00,CINS,24
1999-05-21 00:00:00,CINS,23.75
1999-05-24 00:00:00,CINS,24.25
1999-05-26 00:00:00,CINS,24.75
1999-05-27 00:00:00,CINS,24.75
1999-06-02 00:00:00,CINS,24.5
1999-06-03 00:00:00,CINS,24.25
1999-06-07 00:00:00,CINS,24.25
1999-06-09 00:00:00,CINS,23.5
1999-06-10 00:00:00,CINS,24
1999-06-11 00:00:00,CINS,24
1999-06-15 00:00:00,CINS,23.5
1999-06-16 00:00:00,CINS,23
1999-06-23 00:00:00,CINS,23
1999-06-24 00:00:00,CINS,23
1999-07-01 00:00:00,CINS,23
1999-07-02 00:00:00,CINS,23
1999-07-06 00:00:00,CINS,23
1999-07-07 00:00:00,CINS,24
SECURITY_DA,COMP,CLOSE_PRICE
-----------,----,-----------
1999-07-08 00:00:00,CINS,23
1999-07-09 00:00:00,CINS,23
1999-07-14 00:00:00,CINS,23
1999-07-15 00:00:00,CINS,22.5
1999-07-19 00:00:00,CINS,22.5
1999-07-20 00:00:00,CINS,22.5
1999-07-21 00:00:00,CINS,22.5
1999-07-22 00:00:00,CINS,22.5
1999-07-26 00:00:00,CINS,22.5
1999-07-27 00:00:00,CINS,23
1999-07-30 00:00:00,CINS,23
1999-08-02 00:00:00,CINS,23.5
1999-08-03 00:00:00,CINS,23.5
1999-08-04 00:00:00,CINS,23.5
1999-08-06 00:00:00,CINS,24
1999-08-09 00:00:00,CINS,23.25
1999-08-12 00:00:00,CINS,23.5
1999-08-13 00:00:00,CINS,23.5
1999-08-16 00:00:00,CINS,23.5
1999-08-17 00:00:00,CINS,23
1999-08-20 00:00:00,CINS,23.25
SECURITY_DA,COMP,CLOSE_PRICE
-----------,----,-----------
1999-08-23 00:00:00,CINS,23.5
1999-08-25 00:00:00,CINS,23.5
1999-08-31 00:00:00,CINS,23.5
1999-09-07 00:00:00,CINS,23.5
1999-09-08 00:00:00,CINS,23.25
1999-09-09 00:00:00,CINS,23.25
1999-09-10 00:00:00,CINS,23.5
1999-09-14 00:00:00,CINS,24
1999-09-15 00:00:00,CINS,24
1999-09-16 00:00:00,CINS,23.5
1999-09-17 00:00:00,CINS,23
1999-09-20 00:00:00,CINS,23
1999-09-22 00:00:00,CINS,23.5
1999-09-23 00:00:00,CINS,23.5
1999-09-27 00:00:00,CINS,24
1999-09-29 00:00:00,CINS,24
1999-10-01 00:00:00,CINS,23.5
1999-10-07 00:00:00,CINS,23.5
1999-10-08 00:00:00,CINS,23.5
1999-10-11 00:00:00,CINS,24
1999-10-15 00:00:00,CINS,23.5
SECURITY_DA,COMP,CLOSE_PRICE
-----------,----,-----------
1999-10-18 00:00:00,CINS,23.75
1999-10-19 00:00:00,CINS,24.5
1999-10-20 00:00:00,CINS,24.5
1999-10-26 00:00:00,CINS,25
1999-10-27 00:00:00,CINS,25
1999-10-28 00:00:00,CINS,25
1999-10-29 00:00:00,CINS,26
1999-11-01 00:00:00,CINS,26
1999-11-02 00:00:00,CINS,25.5
1999-11-03 00:00:00,CINS,25.5
1999-11-04 00:00:00,CINS,26
1999-11-05 00:00:00,CINS,27
1999-11-09 00:00:00,CINS,29
1999-11-10 00:00:00,CINS,27
1999-11-11 00:00:00,CINS,27.5
1999-11-12 00:00:00,CINS,27.25
1999-11-17 00:00:00,CINS,28
1999-11-18 00:00:00,CINS,29
1999-11-19 00:00:00,CINS,29
1999-11-24 00:00:00,CINS,28.5
1999-11-25 00:00:00,CINS,28
SECURITY_DA,COMP,CLOSE_PRICE
-----------,----,-----------
1999-11-30 00:00:00,CINS,28
1999-12-01 00:00:00,CINS,27
1999-12-03 00:00:00,CINS,27
1999-12-06 00:00:00,CINS,28
1999-12-07 00:00:00,CINS,28
1999-12-08 00:00:00,CINS,28
1999-12-09 00:00:00,CINS,28
1999-12-10 00:00:00,CINS,30
1999-12-14 00:00:00,CINS,30
1999-12-16 00:00:00,CINS,28
1999-12-17 00:00:00,CINS,29
1999-12-20 00:00:00,CINS,29
1999-12-21 00:00:00,CINS,29
1999-12-23 00:00:00,CINS,29
1999-01-07 00:00:00,CINV,90
1999-01-12 00:00:00,CINV,80
1999-01-29 00:00:00,CINV,80
1999-02-09 00:00:00,CINV,75
1999-02-12 00:00:00,CINV,85
1999-02-24 00:00:00,CINV,70.25
1999-02-25 00:00:00,CINV,75
SECURITY_DA,COMP,CLOSE_PRICE
-----------,----,-----------
1999-03-08 00:00:00,CINV,71.25
1999-03-11 00:00:00,CINV,70
1999-03-17 00:00:00,CINV,70.25
1999-04-20 00:00:00,CINV,70.25
1999-04-27 00:00:00,CINV,71
1999-05-04 00:00:00,CINV,71.5
1999-05-11 00:00:00,CINV,72
1999-07-02 00:00:00,CINV,72
1999-07-14 00:00:00,CINV,74.5
1999-07-22 00:00:00,CINV,90
1999-07-23 00:00:00,CINV,100
1999-07-26 00:00:00,CINV,100
1999-07-30 00:00:00,CINV,90
1999-08-03 00:00:00,CINV,90.5
1999-08-04 00:00:00,CINV,90.25
1999-08-10 00:00:00,CINV,91
1999-08-11 00:00:00,CINV,91
1999-08-16 00:00:00,CINV,90
1999-08-24 00:00:00,CINV,80.25
1999-10-01 00:00:00,CINV,80.25
1999-10-04 00:00:00,CINV,80.25
SECURITY_DA,COMP,CLOSE_PRICE
-----------,----,-----------
1999-10-05 00:00:00,CINV,80.25
1999-10-11 00:00:00,CINV,79
1999-10-26 00:00:00,CINV,66.5
1999-11-02 00:00:00,CINV,66.75
1999-11-11 00:00:00,CINV,60
1999-11-15 00:00:00,CINV,60
1999-11-17 00:00:00,CINV,60
1999-11-23 00:00:00,CINV,60
1999-11-25 00:00:00,CINV,62
1999-12-07 00:00:00,CINV,60
1999-12-13 00:00:00,CINV,62
1999-01-22 00:00:00,CIT,5
1999-01-29 00:00:00,CIT,4.5
1999-02-16 00:00:00,CIT,4.5
1999-02-23 00:00:00,CIT,4.5
1999-03-11 00:00:00,CIT,4.5
1999-03-17 00:00:00,CIT,4.5
1999-03-30 00:00:00,CIT,5
1999-05-12 00:00:00,CIT,4
1999-07-22 00:00:00,CIT,4
1999-08-05 00:00:00,CIT,4
SECURITY_DA,COMP,CLOSE_PRICE
-----------,----,-----------
1999-09-16 00:00:00,CIT,4
1999-09-17 00:00:00,CIT,4
1999-11-03 00:00:00,CIT,4
1999-11-10 00:00:00,CIT,5
1999-12-10 00:00:00,CIT,4.75
1999-12-14 00:00:00,CIT,6.5
1999-01-11 00:00:00,CLND,16.5
1999-01-22 00:00:00,CLND,15.5
1999-01-27 00:00:00,CLND,15
1999-01-28 00:00:00,CLND,15
1999-01-29 00:00:00,CLND,15
1999-02-01 00:00:00,CLND,15
1999-02-10 00:00:00,CLND,14.75
1999-02-19 00:00:00,CLND,14.5
1999-02-23 00:00:00,CLND,14.5
1999-02-24 00:00:00,CLND,14.5
1999-03-04 00:00:00,CLND,14.5
1999-03-05 00:00:00,CLND,14.25
1999-03-08 00:00:00,CLND,14
1999-03-16 00:00:00,CLND,14
1999-03-18 00:00:00,CLND,14
SECURITY_DA,COMP,CLOSE_PRICE
-----------,----,-----------
1999-03-19 00:00:00,CLND,14
1999-03-22 00:00:00,CLND,13.75
1999-03-25 00:00:00,CLND,14
1999-04-01 00:00:00,CLND,14
1999-04-08 00:00:00,CLND,14
1999-04-12 00:00:00,CLND,14
1999-04-20 00:00:00,CLND,14.25
1999-04-26 00:00:00,CLND,14
1999-05-05 00:00:00,CLND,14.25
1999-05-12 00:00:00,CLND,14.25
1999-05-14 00:00:00,CLND,14.25
1999-05-25 00:00:00,CLND,14.25
1999-05-26 00:00:00,CLND,12.25
1999-06-01 00:00:00,CLND,14.25
1999-06-02 00:00:00,CLND,15
1999-06-08 00:00:00,CLND,17
1999-06-14 00:00:00,CLND,17
1999-06-18 00:00:00,CLND,15
1999-06-21 00:00:00,CLND,14.25
1999-06-23 00:00:00,CLND,14
1999-07-01 00:00:00,CLND,12.75
SECURITY_DA,COMP,CLOSE_PRICE
-----------,----,-----------
1999-07-06 00:00:00,CLND,12.75
1999-07-07 00:00:00,CLND,12.5
1999-07-08 00:00:00,CLND,11.75
1999-07-20 00:00:00,CLND,12.25
1999-07-21 00:00:00,CLND,12
1999-07-22 00:00:00,CLND,12
1999-07-23 00:00:00,CLND,12
1999-08-04 00:00:00,CLND,12
1999-08-05 00:00:00,CLND,12.5
1999-08-20 00:00:00,CLND,11.75
1999-08-24 00:00:00,CLND,12
1999-09-06 00:00:00,CLND,13.5
1999-09-14 00:00:00,CLND,12
1999-09-15 00:00:00,CLND,12.5
1999-09-16 00:00:00,CLND,12
1999-09-17 00:00:00,CLND,12.25
1999-09-27 00:00:00,CLND,12
1999-09-29 00:00:00,CLND,12
1999-10-04 00:00:00,CLND,12
1999-10-05 00:00:00,CLND,12
1999-10-07 00:00:00,CLND,11.75
SECURITY_DA,COMP,CLOSE_PRICE
-----------,----,-----------
1999-10-08 00:00:00,CLND,11.75
1999-10-11 00:00:00,CLND,12
1999-10-14 00:00:00,CLND,11.75
1999-10-20 00:00:00,CLND,12
1999-10-22 00:00:00,CLND,12
1999-10-26 00:00:00,CLND,12
1999-10-27 00:00:00,CLND,12
1999-11-05 00:00:00,CLND,12.25
1999-11-09 00:00:00,CLND,13.5
1999-11-12 00:00:00,CLND,14.25
1999-11-15 00:00:00,CLND,14
1999-11-24 00:00:00,CLND,12.75
1999-11-25 00:00:00,CLND,13
1999-11-30 00:00:00,CLND,12.5
1999-12-02 00:00:00,CLND,12.5
1999-12-14 00:00:00,CLND,14.75
1999-12-16 00:00:00,CLND,13.25
1999-12-21 00:00:00,CLND,13
1999-12-23 00:00:00,CLND,13
1999-01-07 00:00:00,COCO,13
1999-01-08 00:00:00,COCO,13
SECURITY_DA,COMP,CLOSE_PRICE
-----------,----,-----------
1999-01-11 00:00:00,COCO,13
1999-01-12 00:00:00,COCO,13
1999-01-25 00:00:00,COCO,13
1999-01-27 00:00:00,COCO,13
1999-01-28 00:00:00,COCO,14
1999-02-02 00:00:00,COCO,13.5
1999-02-03 00:00:00,COCO,13.5
1999-02-05 00:00:00,COCO,13.25
1999-02-15 00:00:00,COCO,13
1999-02-16 00:00:00,COCO,13
1999-02-17 00:00:00,COCO,13
1999-02-18 00:00:00,COCO,13.25
1999-02-19 00:00:00,COCO,13
1999-02-22 00:00:00,COCO,13.25
1999-02-23 00:00:00,COCO,13.5
1999-02-25 00:00:00,COCO,13.5
1999-03-02 00:00:00,COCO,13
1999-03-03 00:00:00,COCO,13
1999-03-08 00:00:00,COCO,13
1999-03-11 00:00:00,COCO,12.25
1999-03-30 00:00:00,COCO,12
SECURITY_DA,COMP,CLOSE_PRICE
-----------,----,-----------
1999-04-01 00:00:00,COCO,12
1999-04-09 00:00:00,COCO,13
1999-04-16 00:00:00,COCO,13.25
1999-04-19 00:00:00,COCO,13.25
1999-04-22 00:00:00,COCO,13
1999-05-03 00:00:00,COCO,11
1999-05-05 00:00:00,COCO,10.75
1999-05-06 00:00:00,COCO,11.25
1999-05-07 00:00:00,COCO,11
1999-05-11 00:00:00,COCO,12
1999-05-13 00:00:00,COCO,12
1999-05-14 00:00:00,COCO,12
1999-05-17 00:00:00,COCO,12
1999-05-20 00:00:00,COCO,12.5
1999-05-26 00:00:00,COCO,12.5
1999-05-27 00:00:00,COCO,13
1999-05-28 00:00:00,COCO,14
1999-06-01 00:00:00,COCO,14
1999-06-02 00:00:00,COCO,15
1999-06-03 00:00:00,COCO,15
1999-06-04 00:00:00,COCO,15
SECURITY_DA,COMP,CLOSE_PRICE
-----------,----,-----------
1999-06-07 00:00:00,COCO,15.25
1999-06-08 00:00:00,COCO,16
1999-06-09 00:00:00,COCO,17
1999-06-10 00:00:00,COCO,17
1999-06-11 00:00:00,COCO,15.5
1999-06-14 00:00:00,COCO,15.75
1999-06-16 00:00:00,COCO,16.5
1999-06-17 00:00:00,COCO,16
1999-06-18 00:00:00,COCO,16.25
1999-06-21 00:00:00,COCO,16
1999-06-22 00:00:00,COCO,15.25
1999-06-24 00:00:00,COCO,15.75
1999-06-30 00:00:00,COCO,16
1999-07-01 00:00:00,COCO,17.25
1999-07-02 00:00:00,COCO,17
1999-07-05 00:00:00,COCO,17.25
1999-07-06 00:00:00,COCO,17.25
1999-07-08 00:00:00,COCO,17.75
1999-07-13 00:00:00,COCO,17.75
1999-07-14 00:00:00,COCO,17.75
1999-07-15 00:00:00,COCO,17.75
SECURITY_DA,COMP,CLOSE_PRICE
-----------,----,-----------
1999-07-16 00:00:00,COCO,18.25
1999-07-20 00:00:00,COCO,18.5
1999-07-21 00:00:00,COCO,18.5
1999-07-22 00:00:00,COCO,19
1999-07-23 00:00:00,COCO,18.25
1999-07-26 00:00:00,COCO,18
1999-07-27 00:00:00,COCO,18
1999-07-30 00:00:00,COCO,18
1999-08-02 00:00:00,COCO,18
1999-08-03 00:00:00,COCO,18
1999-08-04 00:00:00,COCO,18
1999-08-05 00:00:00,COCO,18
1999-08-06 00:00:00,COCO,18
1999-08-09 00:00:00,COCO,18
1999-08-10 00:00:00,COCO,18.25
1999-08-11 00:00:00,COCO,18.75
1999-08-12 00:00:00,COCO,18.5
1999-08-13 00:00:00,COCO,18.5
1999-08-18 00:00:00,COCO,18.5
1999-08-19 00:00:00,COCO,18.75
1999-08-24 00:00:00,COCO,19
SECURITY_DA,COMP,CLOSE_PRICE
-----------,----,-----------
1999-08-30 00:00:00,COCO,19
1999-08-31 00:00:00,COCO,19
1999-09-01 00:00:00,COCO,19
1999-09-02 00:00:00,COCO,19.25
1999-09-06 00:00:00,COCO,20
1999-09-13 00:00:00,COCO,19.5
1999-09-14 00:00:00,COCO,19.5
1999-09-16 00:00:00,COCO,19.5
1999-09-20 00:00:00,COCO,19.75
1999-09-21 00:00:00,COCO,20.5
1999-09-22 00:00:00,COCO,20
1999-09-23 00:00:00,COCO,20.5
1999-09-24 00:00:00,COCO,20.25
1999-09-27 00:00:00,COCO,20.25
1999-09-28 00:00:00,COCO,20.25
1999-09-29 00:00:00,COCO,20.25
1999-09-30 00:00:00,COCO,20
1999-10-04 00:00:00,COCO,20.25
1999-10-06 00:00:00,COCO,20
1999-10-08 00:00:00,COCO,20.5
1999-10-11 00:00:00,COCO,20.5
SECURITY_DA,COMP,CLOSE_PRICE
-----------,----,-----------
1999-10-12 00:00:00,COCO,20.25
1999-10-14 00:00:00,COCO,20.25
1999-10-20 00:00:00,COCO,21
1999-10-21 00:00:00,COCO,21
1999-10-22 00:00:00,COCO,21.25
1999-10-25 00:00:00,COCO,21
1999-10-26 00:00:00,COCO,21.25
1999-10-27 00:00:00,COCO,21
1999-10-28 00:00:00,COCO,21
1999-11-03 00:00:00,COCO,21
1999-11-04 00:00:00,COCO,22
1999-11-05 00:00:00,COCO,22
1999-11-08 00:00:00,COCO,21
1999-11-09 00:00:00,COCO,17.75
1999-11-10 00:00:00,COCO,18
1999-11-11 00:00:00,COCO,18.5
1999-11-12 00:00:00,COCO,18
1999-11-16 00:00:00,COCO,18
1999-11-17 00:00:00,COCO,18
1999-11-18 00:00:00,COCO,18
1999-11-19 00:00:00,COCO,18
SECURITY_DA,COMP,CLOSE_PRICE
-----------,----,-----------
1999-11-25 00:00:00,COCO,18
1999-11-26 00:00:00,COCO,18
1999-12-03 00:00:00,COCO,18
1999-12-07 00:00:00,COCO,18
1999-12-08 00:00:00,COCO,19
1999-12-10 00:00:00,COCO,19
1999-12-15 00:00:00,COCO,19
1999-12-16 00:00:00,COCO,19
1999-12-17 00:00:00,COCO,19
1999-12-20 00:00:00,COCO,19.25
1999-12-27 00:00:00,COCO,19.25
1999-02-10 00:00:00,COLL,169.75
1999-02-16 00:00:00,COLL,160
1999-01-22 00:00:00,COLO,5.5
1999-01-26 00:00:00,COLO,6
1999-01-28 00:00:00,COLO,6.5
1999-02-02 00:00:00,COLO,6.75
1999-02-03 00:00:00,COLO,6.75
1999-02-05 00:00:00,COLO,7.5
1999-02-08 00:00:00,COLO,7.5
1999-02-09 00:00:00,COLO,7.5
SECURITY_DA,COMP,CLOSE_PRICE
-----------,----,-----------
1999-02-10 00:00:00,COLO,8
1999-02-16 00:00:00,COLO,8
1999-02-17 00:00:00,COLO,8
1999-02-18 00:00:00,COLO,8
1999-02-19 00:00:00,COLO,8
1999-02-22 00:00:00,COLO,8
1999-02-23 00:00:00,COLO,7.5
1999-02-24 00:00:00,COLO,8
1999-02-25 00:00:00,COLO,8
1999-03-02 00:00:00,COLO,8
1999-04-23 00:00:00,COLO,5
1999-06-04 00:00:00,COLO,7.5
1999-06-07 00:00:00,COLO,8
1999-06-10 00:00:00,COLO,8.25
1999-06-15 00:00:00,COLO,7.25
1999-06-17 00:00:00,COLO,7.25
1999-06-18 00:00:00,COLO,7.5
1999-07-01 00:00:00,COLO,7.5
1999-07-15 00:00:00,COLO,8.25
1999-07-16 00:00:00,COLO,8.5
1999-07-19 00:00:00,COLO,8
SECURITY_DA,COMP,CLOSE_PRICE
-----------,----,-----------
1999-07-21 00:00:00,COLO,8
1999-07-22 00:00:00,COLO,8.25
1999-10-15 00:00:00,COLO,8
1999-10-18 00:00:00,COLO,7.5
1999-10-19 00:00:00,COLO,7.5
1999-10-20 00:00:00,COLO,7
1999-10-21 00:00:00,COLO,7
1999-10-25 00:00:00,COLO,7
1999-10-28 00:00:00,COLO,7
1999-11-29 00:00:00,COLO,6.5
1999-12-09 00:00:00,COLO,6
1999-01-04 00:00:00,COMB,110
1999-01-05 00:00:00,COMB,105
1999-01-06 00:00:00,COMB,104.75
1999-01-07 00:00:00,COMB,105.75
1999-01-08 00:00:00,COMB,108.5
1999-01-11 00:00:00,COMB,107.75
1999-01-12 00:00:00,COMB,107.75
1999-01-13 00:00:00,COMB,110
1999-01-14 00:00:00,COMB,109
1999-01-18 00:00:00,COMB,106
SECURITY_DA,COMP,CLOSE_PRICE
-----------,----,-----------
1999-01-19 00:00:00,COMB,107
1999-01-20 00:00:00,COMB,107
1999-01-21 00:00:00,COMB,107.25
1999-01-22 00:00:00,COMB,109.75
1999-01-25 00:00:00,COMB,110
1999-01-26 00:00:00,COMB,109
1999-01-27 00:00:00,COMB,107
1999-01-28 00:00:00,COMB,105
1999-01-29 00:00:00,COMB,105
1999-02-01 00:00:00,COMB,107
1999-02-02 00:00:00,COMB,105
1999-02-03 00:00:00,COMB,103
1999-02-05 00:00:00,COMB,103
1999-02-08 00:00:00,COMB,103
1999-02-09 00:00:00,COMB,103.5
1999-02-10 00:00:00,COMB,103.25
1999-02-11 00:00:00,COMB,104.5
1999-02-12 00:00:00,COMB,104.5
1999-02-15 00:00:00,COMB,105.25
1999-02-16 00:00:00,COMB,105.5
1999-02-17 00:00:00,COMB,105.25
SECURITY_DA,COMP,CLOSE_PRICE
-----------,----,-----------
1999-02-18 00:00:00,COMB,105.5
1999-02-19 00:00:00,COMB,105.25
1999-02-22 00:00:00,COMB,105.5
1999-02-23 00:00:00,COMB,105
1999-02-24 00:00:00,COMB,103
1999-02-25 00:00:00,COMB,103
1999-02-26 00:00:00,COMB,103
1999-03-03 00:00:00,COMB,102.5
1999-03-04 00:00:00,COMB,100
1999-03-05 00:00:00,COMB,98
1999-03-08 00:00:00,COMB,95
1999-03-09 00:00:00,COMB,96
1999-03-10 00:00:00,COMB,95
1999-03-12 00:00:00,COMB,96
1999-03-16 00:00:00,COMB,92.25
1999-03-17 00:00:00,COMB,92
1999-03-18 00:00:00,COMB,92
1999-03-19 00:00:00,COMB,92.25
1999-03-22 00:00:00,COMB,92
1999-03-23 00:00:00,COMB,92
1999-03-25 00:00:00,COMB,90
SECURITY_DA,COMP,CLOSE_PRICE
-----------,----,-----------
1999-03-26 00:00:00,COMB,90
1999-03-29 00:00:00,COMB,90
1999-03-30 00:00:00,COMB,90.25
1999-04-01 00:00:00,COMB,90.5
1999-04-05 00:00:00,COMB,91
1999-04-06 00:00:00,COMB,91.75
1999-04-07 00:00:00,COMB,92
1999-04-08 00:00:00,COMB,95.25
1999-04-09 00:00:00,COMB,95.75
1999-04-12 00:00:00,COMB,90
1999-04-15 00:00:00,COMB,90.25
1999-04-19 00:00:00,COMB,91.25
1999-04-20 00:00:00,COMB,91.25
1999-04-21 00:00:00,COMB,91.5
1999-04-22 00:00:00,COMB,92
1999-04-23 00:00:00,COMB,92.25
1999-04-26 00:00:00,COMB,93
1999-04-27 00:00:00,COMB,93
1999-04-28 00:00:00,COMB,93.25
1999-05-03 00:00:00,COMB,93.75
1999-05-04 00:00:00,COMB,93.75
SECURITY_DA,COMP,CLOSE_PRICE
-----------,----,-----------
1999-05-05 00:00:00,COMB,93.75
1999-05-06 00:00:00,COMB,94
1999-05-07 00:00:00,COMB,94
1999-05-10 00:00:00,COMB,92.5
1999-05-11 00:00:00,COMB,93
1999-05-12 00:00:00,COMB,93
1999-05-13 00:00:00,COMB,95
1999-05-14 00:00:00,COMB,95
1999-05-17 00:00:00,COMB,95
1999-05-18 00:00:00,COMB,95
1999-05-19 00:00:00,COMB,95.75
1999-05-20 00:00:00,COMB,100
1999-05-21 00:00:00,COMB,102
1999-05-24 00:00:00,COMB,101
1999-05-25 00:00:00,COMB,99
1999-05-27 00:00:00,COMB,97
1999-05-28 00:00:00,COMB,97
1999-06-01 00:00:00,COMB,97
1999-06-02 00:00:00,COMB,97.25
1999-06-03 00:00:00,COMB,97
1999-06-04 00:00:00,COMB,97
SECURITY_DA,COMP,CLOSE_PRICE
-----------,----,-----------
1999-06-07 00:00:00,COMB,96
1999-06-08 00:00:00,COMB,95
1999-06-09 00:00:00,COMB,93
1999-06-10 00:00:00,COMB,93.25
1999-06-11 00:00:00,COMB,94
1999-06-15 00:00:00,COMB,93.5
1999-06-16 00:00:00,COMB,94
1999-06-17 00:00:00,COMB,93.5
1999-06-18 00:00:00,COMB,92
1999-06-21 00:00:00,COMB,91
1999-06-22 00:00:00,COMB,90
1999-06-23 00:00:00,COMB,90.25
1999-06-24 00:00:00,COMB,90.5
1999-06-25 00:00:00,COMB,91.5
1999-06-30 00:00:00,COMB,91
1999-07-01 00:00:00,COMB,93
1999-07-02 00:00:00,COMB,92.5
1999-07-05 00:00:00,COMB,93
1999-07-06 00:00:00,COMB,92.5
1999-07-07 00:00:00,COMB,93
1999-07-08 00:00:00,COMB,93
SECURITY_DA,COMP,CLOSE_PRICE
-----------,----,-----------
1999-07-09 00:00:00,COMB,93
1999-07-12 00:00:00,COMB,92.75
1999-07-13 00:00:00,COMB,93
1999-07-14 00:00:00,COMB,93
1999-07-15 00:00:00,COMB,93
1999-07-16 00:00:00,COMB,96
1999-07-19 00:00:00,COMB,97
1999-07-20 00:00:00,COMB,100
1999-07-21 00:00:00,COMB,100
1999-07-22 00:00:00,COMB,107
1999-07-23 00:00:00,COMB,108.25
1999-07-26 00:00:00,COMB,105
1999-07-27 00:00:00,COMB,102
1999-07-29 00:00:00,COMB,105
1999-07-30 00:00:00,COMB,104
1999-08-02 00:00:00,COMB,105
1999-08-03 00:00:00,COMB,106
1999-08-04 00:00:00,COMB,106.5
1999-08-05 00:00:00,COMB,105.5
1999-08-06 00:00:00,COMB,105
1999-08-09 00:00:00,COMB,106
SECURITY_DA,COMP,CLOSE_PRICE
-----------,----,-----------
1999-08-10 00:00:00,COMB,106.25
1999-08-11 00:00:00,COMB,106
1999-08-12 00:00:00,COMB,106
1999-08-13 00:00:00,COMB,106
1999-08-16 00:00:00,COMB,106
1999-08-17 00:00:00,COMB,106
1999-08-18 00:00:00,COMB,103
1999-08-19 00:00:00,COMB,103
1999-08-20 00:00:00,COMB,103
1999-08-23 00:00:00,COMB,104
1999-08-24 00:00:00,COMB,104
1999-08-25 00:00:00,COMB,103.25
1999-08-30 00:00:00,COMB,103.5
1999-08-31 00:00:00,COMB,103.5
1999-09-01 00:00:00,COMB,103.5
1999-09-02 00:00:00,COMB,103.75
1999-09-03 00:00:00,COMB,104
1999-09-06 00:00:00,COMB,105
1999-09-07 00:00:00,COMB,108.25
1999-09-08 00:00:00,COMB,112
1999-09-09 00:00:00,COMB,111
SECURITY_DA,COMP,CLOSE_PRICE
-----------,----,-----------
1999-09-10 00:00:00,COMB,113
1999-09-13 00:00:00,COMB,112.5
1999-09-14 00:00:00,COMB,111
1999-09-15 00:00:00,COMB,109
1999-09-16 00:00:00,COMB,110
1999-09-17 00:00:00,COMB,109.25
1999-09-20 00:00:00,COMB,110
1999-09-21 00:00:00,COMB,110
1999-09-22 00:00:00,COMB,110
1999-09-23 00:00:00,COMB,112
1999-09-24 00:00:00,COMB,110
1999-09-27 00:00:00,COMB,112
1999-09-28 00:00:00,COMB,110
1999-09-29 00:00:00,COMB,109
1999-09-30 00:00:00,COMB,107
1999-10-01 00:00:00,COMB,107
1999-10-04 00:00:00,COMB,106
1999-10-05 00:00:00,COMB,105
1999-10-06 00:00:00,COMB,105
1999-10-07 00:00:00,COMB,105
1999-10-08 00:00:00,COMB,108
SECURITY_DA,COMP,CLOSE_PRICE
-----------,----,-----------
1999-10-11 00:00:00,COMB,106.25
1999-10-12 00:00:00,COMB,106
1999-10-13 00:00:00,COMB,105.5
1999-10-14 00:00:00,COMB,102
1999-10-15 00:00:00,COMB,101.25
1999-10-18 00:00:00,COMB,102.75
1999-10-19 00:00:00,COMB,102
1999-10-20 00:00:00,COMB,102.75
1999-10-21 00:00:00,COMB,102
1999-10-22 00:00:00,COMB,101.5
1999-10-25 00:00:00,COMB,100
1999-10-26 00:00:00,COMB,98.25
1999-10-27 00:00:00,COMB,96
1999-10-28 00:00:00,COMB,95
1999-10-29 00:00:00,COMB,101
1999-11-01 00:00:00,COMB,99.5
1999-11-02 00:00:00,COMB,99.25
1999-11-03 00:00:00,COMB,100
1999-11-04 00:00:00,COMB,101
1999-11-05 00:00:00,COMB,104
1999-11-09 00:00:00,COMB,104
SECURITY_DA,COMP,CLOSE_PRICE
-----------,----,-----------
1999-11-10 00:00:00,COMB,107
1999-11-11 00:00:00,COMB,106
1999-11-12 00:00:00,COMB,107
1999-11-15 00:00:00,COMB,106
1999-11-16 00:00:00,COMB,104
1999-11-17 00:00:00,COMB,103
1999-11-18 00:00:00,COMB,103
1999-11-19 00:00:00,COMB,106
1999-11-23 00:00:00,COMB,106
1999-11-24 00:00:00,COMB,107
1999-11-25 00:00:00,COMB,108
1999-11-26 00:00:00,COMB,107.75
1999-11-29 00:00:00,COMB,107
1999-11-30 00:00:00,COMB,105
1999-12-01 00:00:00,COMB,105
1999-12-02 00:00:00,COMB,105
1999-12-06 00:00:00,COMB,107
1999-12-07 00:00:00,COMB,110
1999-12-08 00:00:00,COMB,112
1999-12-09 00:00:00,COMB,112.75
1999-12-10 00:00:00,COMB,114.5
SECURITY_DA,COMP,CLOSE_PRICE
-----------,----,-----------
1999-12-13 00:00:00,COMB,115
1999-12-14 00:00:00,COMB,117
1999-12-15 00:00:00,COMB,116
1999-12-16 00:00:00,COMB,116.5
1999-12-17 00:00:00,COMB,119.5
1999-12-20 00:00:00,COMB,117
1999-12-21 00:00:00,COMB,121
1999-12-23 00:00:00,COMB,119
1999-12-27 00:00:00,COMB,114
1999-12-28 00:00:00,COMB,114
1999-12-29 00:00:00,COMB,114
1999-12-30 00:00:00,COMB,115
1999-02-03 00:00:00,COMD,12
1999-02-15 00:00:00,COMD,13.5
1999-03-09 00:00:00,COMD,15
1999-03-10 00:00:00,COMD,15
1999-03-17 00:00:00,COMD,13
1999-03-29 00:00:00,COMD,13.75
1999-04-07 00:00:00,COMD,13.5
1999-04-26 00:00:00,COMD,13.5
1999-07-08 00:00:00,COMD,12.5
SECURITY_DA,COMP,CLOSE_PRICE
-----------,----,-----------
1999-07-12 00:00:00,COMD,14
1999-07-19 00:00:00,COMD,14
1999-07-22 00:00:00,COMD,15.5
1999-07-26 00:00:00,COMD,16
1999-07-29 00:00:00,COMD,16
1999-07-30 00:00:00,COMD,16
1999-08-05 00:00:00,COMD,16
1999-08-06 00:00:00,COMD,14.25
1999-08-16 00:00:00,COMD,14.75
1999-08-17 00:00:00,COMD,15
1999-09-01 00:00:00,COMD,15
1999-09-03 00:00:00,COMD,15
1999-09-07 00:00:00,COMD,15
1999-09-20 00:00:00,COMD,15
1999-09-24 00:00:00,COMD,14.5
1999-09-28 00:00:00,COMD,15
1999-10-05 00:00:00,COMD,14
1999-10-20 00:00:00,COMD,14
1999-10-28 00:00:00,COMD,14.25
1999-12-14 00:00:00,COMD,15
1999-01-28 00:00:00,COML,22
SECURITY_DA,COMP,CLOSE_PRICE
-----------,----,-----------
1999-02-11 00:00:00,COML,18.25
1999-02-16 00:00:00,COML,22
1999-02-22 00:00:00,COML,22
1999-04-15 00:00:00,COML,20
1999-04-19 00:00:00,COML,20
1999-04-21 00:00:00,COML,20.5
1999-05-26 00:00:00,COML,17
1999-07-21 00:00:00,COML,16
1999-07-23 00:00:00,COML,16.5
1999-07-26 00:00:00,COML,17
1999-08-06 00:00:00,COML,17
1999-08-09 00:00:00,COML,20
1999-08-11 00:00:00,COML,20
1999-08-18 00:00:00,COML,20
1999-09-07 00:00:00,COML,22
1999-10-13 00:00:00,COML,22
1999-10-20 00:00:00,COML,21
1999-12-20 00:00:00,COML,24
1999-01-08 00:00:00,CONN,7
1999-01-19 00:00:00,CONN,7
1999-01-20 00:00:00,CONN,6.75
SECURITY_DA,COMP,CLOSE_PRICE
-----------,----,-----------
1999-02-08 00:00:00,CONN,8
1999-02-09 00:00:00,CONN,8
1999-02-11 00:00:00,CONN,6.75
1999-03-09 00:00:00,CONN,6
1999-03-22 00:00:00,CONN,6
1999-05-18 00:00:00,CONN,6
1999-06-08 00:00:00,CONN,4.5
1999-06-09 00:00:00,CONN,4.5
1999-06-14 00:00:00,CONN,4.75
1999-06-17 00:00:00,CONN,5
1999-06-21 00:00:00,CONN,5
1999-07-15 00:00:00,CONN,5
1999-07-29 00:00:00,CONN,5
1999-08-24 00:00:00,CONN,6
1999-09-02 00:00:00,CONN,6
1999-09-03 00:00:00,CONN,6.5
1999-09-07 00:00:00,CONN,7.5
1999-09-08 00:00:00,CONN,6.75
1999-09-21 00:00:00,CONN,7.25
1999-09-23 00:00:00,CONN,7.5
1999-09-24 00:00:00,CONN,7.5
SECURITY_DA,COMP,CLOSE_PRICE
-----------,----,-----------
1999-09-28 00:00:00,CONN,7.5
1999-09-30 00:00:00,CONN,7.5
1999-10-14 00:00:00,CONN,7.5
1999-10-15 00:00:00,CONN,7.5
1999-10-26 00:00:00,CONN,6
1999-10-27 00:00:00,CONN,5.5
1999-10-28 00:00:00,CONN,5.5
1999-11-02 00:00:00,CONN,5.5
1999-12-02 00:00:00,CONN,7
1999-12-10 00:00:00,CONN,8
1999-12-14 00:00:00,CONN,8
1999-12-15 00:00:00,CONN,7.75
1999-12-16 00:00:00,CONN,8
1999-12-29 00:00:00,CONN,8
1999-01-04 00:00:00,COXY,40
1999-01-05 00:00:00,COXY,40
1999-01-11 00:00:00,COXY,40
1999-01-18 00:00:00,COXY,37
1999-01-20 00:00:00,COXY,39.75
1999-01-21 00:00:00,COXY,40
1999-01-22 00:00:00,COXY,40
SECURITY_DA,COMP,CLOSE_PRICE
-----------,----,-----------
1999-01-28 00:00:00,COXY,35
1999-02-02 00:00:00,COXY,35
1999-02-03 00:00:00,COXY,35
1999-02-10 00:00:00,COXY,35
1999-02-12 00:00:00,COXY,35.25
1999-02-15 00:00:00,COXY,40
1999-02-16 00:00:00,COXY,40
1999-02-18 00:00:00,COXY,36.5
1999-02-23 00:00:00,COXY,37.5
1999-02-24 00:00:00,COXY,39.75
1999-02-25 00:00:00,COXY,39
1999-02-26 00:00:00,COXY,38
1999-03-03 00:00:00,COXY,38
1999-03-04 00:00:00,COXY,38
1999-03-05 00:00:00,COXY,38
1999-03-08 00:00:00,COXY,38
1999-03-09 00:00:00,COXY,39
1999-03-11 00:00:00,COXY,39
1999-03-12 00:00:00,COXY,35.5
1999-03-16 00:00:00,COXY,35.5
1999-03-17 00:00:00,COXY,35.5
SECURITY_DA,COMP,CLOSE_PRICE
-----------,----,-----------
1999-03-18 00:00:00,COXY,38
1999-03-22 00:00:00,COXY,34
1999-03-23 00:00:00,COXY,34.25
1999-03-24 00:00:00,COXY,34
1999-03-25 00:00:00,COXY,34.5
1999-03-26 00:00:00,COXY,35
1999-03-30 00:00:00,COXY,34.25
1999-04-05 00:00:00,COXY,35
1999-04-08 00:00:00,COXY,34.5
1999-04-09 00:00:00,COXY,34.5
1999-04-19 00:00:00,COXY,36
1999-04-22 00:00:00,COXY,34.5
1999-04-26 00:00:00,COXY,34
1999-04-27 00:00:00,COXY,34.25
1999-05-04 00:00:00,COXY,34.25
1999-05-06 00:00:00,COXY,34
1999-05-10 00:00:00,COXY,34.5
1999-05-11 00:00:00,COXY,34
1999-05-13 00:00:00,COXY,34
1999-05-19 00:00:00,COXY,34
1999-05-25 00:00:00,COXY,34
SECURITY_DA,COMP,CLOSE_PRICE
-----------,----,-----------
1999-05-28 00:00:00,COXY,33
1999-06-14 00:00:00,COXY,33
1999-06-18 00:00:00,COXY,29
1999-06-23 00:00:00,COXY,30
1999-07-01 00:00:00,COXY,31
1999-07-05 00:00:00,COXY,32.5
1999-07-06 00:00:00,COXY,33
1999-07-09 00:00:00,COXY,31
1999-07-19 00:00:00,COXY,31.25
1999-07-20 00:00:00,COXY,31.25
1999-07-21 00:00:00,COXY,31.5
1999-07-23 00:00:00,COXY,31.75
1999-07-27 00:00:00,COXY,31.75
1999-07-29 00:00:00,COXY,31.75
1999-08-04 00:00:00,COXY,32.5
1999-08-05 00:00:00,COXY,33
1999-08-09 00:00:00,COXY,33.25
1999-08-13 00:00:00,COXY,34
1999-08-16 00:00:00,COXY,34.5
1999-08-17 00:00:00,COXY,34.5
1999-08-18 00:00:00,COXY,35
SECURITY_DA,COMP,CLOSE_PRICE
-----------,----,-----------
1999-08-19 00:00:00,COXY,34.75
1999-08-23 00:00:00,COXY,34.75
1999-08-25 00:00:00,COXY,34.75
1999-08-31 00:00:00,COXY,34.5
1999-09-01 00:00:00,COXY,34.75
1999-09-02 00:00:00,COXY,34.5
1999-09-03 00:00:00,COXY,34.75
1999-09-09 00:00:00,COXY,34.75
1999-09-10 00:00:00,COXY,34.75
1999-09-13 00:00:00,COXY,34.75
1999-09-15 00:00:00,COXY,35
1999-09-21 00:00:00,COXY,34.5
1999-09-22 00:00:00,COXY,34.5
1999-09-23 00:00:00,COXY,34.75
1999-09-24 00:00:00,COXY,34.75
1999-09-27 00:00:00,COXY,34
1999-09-28 00:00:00,COXY,34
1999-09-29 00:00:00,COXY,34
1999-10-01 00:00:00,COXY,34
1999-10-04 00:00:00,COXY,34
1999-10-07 00:00:00,COXY,34
SECURITY_DA,COMP,CLOSE_PRICE
-----------,----,-----------
1999-10-12 00:00:00,COXY,34
1999-10-14 00:00:00,COXY,34
1999-10-15 00:00:00,COXY,34
1999-10-21 00:00:00,COXY,34
1999-10-27 00:00:00,COXY,34
1999-11-01 00:00:00,COXY,33
1999-11-09 00:00:00,COXY,33
1999-11-23 00:00:00,COXY,33
1999-11-26 00:00:00,COXY,33
1999-11-30 00:00:00,COXY,33
1999-12-01 00:00:00,COXY,33
1999-12-02 00:00:00,COXY,34
1999-12-08 00:00:00,COXY,35
1999-12-09 00:00:00,COXY,36
1999-12-14 00:00:00,COXY,36
1999-12-15 00:00:00,COXY,35.25
1999-12-21 00:00:00,COXY,35
1999-12-23 00:00:00,COXY,35
1999-12-27 00:00:00,COXY,35
1999-12-30 00:00:00,COXY,35
1999-01-04 00:00:00,CSD,4
SECURITY_DA,COMP,CLOSE_PRICE
-----------,----,-----------
1999-01-05 00:00:00,CSD,4
1999-01-06 00:00:00,CSD,4
1999-01-08 00:00:00,CSD,3.75
1999-01-11 00:00:00,CSD,4
1999-01-13 00:00:00,CSD,3.75
1999-01-18 00:00:00,CSD,3.75
1999-01-22 00:00:00,CSD,4
1999-01-25 00:00:00,CSD,3.75
1999-01-26 00:00:00,CSD,3.75
1999-01-27 00:00:00,CSD,3.75
1999-02-01 00:00:00,CSD,3.75
1999-02-08 00:00:00,CSD,3.75
1999-02-09 00:00:00,CSD,3.75
1999-02-11 00:00:00,CSD,3.75
1999-02-12 00:00:00,CSD,3.75
1999-02-15 00:00:00,CSD,3.75
1999-02-17 00:00:00,CSD,3.75
1999-02-18 00:00:00,CSD,3.75
1999-02-19 00:00:00,CSD,3.75
1999-02-22 00:00:00,CSD,3.75
1999-02-23 00:00:00,CSD,3.75
SECURITY_DA,COMP,CLOSE_PRICE
-----------,----,-----------
1999-02-25 00:00:00,CSD,3.75
1999-03-05 00:00:00,CSD,3.5
1999-03-10 00:00:00,CSD,3
1999-03-11 00:00:00,CSD,3
1999-03-12 00:00:00,CSD,3
1999-03-15 00:00:00,CSD,3
1999-03-23 00:00:00,CSD,3.25
1999-03-26 00:00:00,CSD,3.25
1999-03-30 00:00:00,CSD,3.25
1999-04-01 00:00:00,CSD,3.5
1999-04-09 00:00:00,CSD,3.5
1999-04-12 00:00:00,CSD,3.5
1999-04-15 00:00:00,CSD,3.5
1999-04-20 00:00:00,CSD,3.25
1999-04-22 00:00:00,CSD,3.25
1999-04-23 00:00:00,CSD,3.5
1999-04-27 00:00:00,CSD,3.5
1999-04-28 00:00:00,CSD,3.5
1999-05-05 00:00:00,CSD,3.25
1999-05-06 00:00:00,CSD,3.5
1999-05-10 00:00:00,CSD,3.5
SECURITY_DA,COMP,CLOSE_PRICE
-----------,----,-----------
1999-05-11 00:00:00,CSD,3.5
1999-05-12 00:00:00,CSD,3.5
1999-05-17 00:00:00,CSD,3.5
1999-05-18 00:00:00,CSD,3.25
1999-05-19 00:00:00,CSD,3.25
1999-05-24 00:00:00,CSD,3.25
1999-05-26 00:00:00,CSD,3.25
1999-05-28 00:00:00,CSD,3.25
1999-06-07 00:00:00,CSD,3.25
1999-06-08 00:00:00,CSD,3.25
1999-06-09 00:00:00,CSD,3.25
1999-06-10 00:00:00,CSD,2.75
1999-06-11 00:00:00,CSD,3
1999-06-16 00:00:00,CSD,3.25
1999-06-22 00:00:00,CSD,3
1999-06-24 00:00:00,CSD,3
1999-06-25 00:00:00,CSD,3
1999-07-01 00:00:00,CSD,3
1999-07-02 00:00:00,CSD,3.25
1999-07-05 00:00:00,CSD,3
1999-07-06 00:00:00,CSD,3
SECURITY_DA,COMP,CLOSE_PRICE
-----------,----,-----------
1999-07-07 00:00:00,CSD,3
1999-07-08 00:00:00,CSD,3.25
1999-07-09 00:00:00,CSD,3.25
1999-07-12 00:00:00,CSD,3
1999-07-13 00:00:00,CSD,3
1999-07-14 00:00:00,CSD,3
1999-07-15 00:00:00,CSD,3
1999-07-16 00:00:00,CSD,3
1999-07-19 00:00:00,CSD,3
1999-07-21 00:00:00,CSD,3
1999-07-22 00:00:00,CSD,3
1999-07-23 00:00:00,CSD,3
1999-07-26 00:00:00,CSD,3
1999-07-27 00:00:00,CSD,3
1999-08-03 00:00:00,CSD,3
1999-08-04 00:00:00,CSD,3
1999-08-11 00:00:00,CSD,3
1999-08-12 00:00:00,CSD,3
1999-08-16 00:00:00,CSD,3
1999-08-17 00:00:00,CSD,3
1999-08-18 00:00:00,CSD,3
SECURITY_DA,COMP,CLOSE_PRICE
-----------,----,-----------
1999-08-19 00:00:00,CSD,3
1999-08-23 00:00:00,CSD,3
1999-08-24 00:00:00,CSD,3
1999-08-25 00:00:00,CSD,3
1999-08-30 00:00:00,CSD,3
1999-08-31 00:00:00,CSD,2.75
1999-09-02 00:00:00,CSD,2.75
1999-09-03 00:00:00,CSD,2.75
1999-09-06 00:00:00,CSD,2.5
1999-09-07 00:00:00,CSD,2.5
1999-09-08 00:00:00,CSD,2.75
1999-09-09 00:00:00,CSD,2.75
1999-09-10 00:00:00,CSD,2.75
1999-09-13 00:00:00,CSD,2.75
1999-09-14 00:00:00,CSD,2.75
1999-09-15 00:00:00,CSD,2.75
1999-09-17 00:00:00,CSD,2.75
1999-09-20 00:00:00,CSD,2.75
1999-09-21 00:00:00,CSD,2.75
1999-09-22 00:00:00,CSD,2.75
1999-09-30 00:00:00,CSD,2.75
SECURITY_DA,COMP,CLOSE_PRICE
-----------,----,-----------
1999-10-01 00:00:00,CSD,2.75
1999-10-04 00:00:00,CSD,2.75
1999-10-05 00:00:00,CSD,2.75
1999-10-06 00:00:00,CSD,2.75
1999-10-07 00:00:00,CSD,2.5
1999-10-08 00:00:00,CSD,2.5
1999-10-11 00:00:00,CSD,2.5
1999-10-12 00:00:00,CSD,2.5
1999-10-15 00:00:00,CSD,2.5
1999-10-19 00:00:00,CSD,2.5
1999-10-21 00:00:00,CSD,2.75
1999-10-25 00:00:00,CSD,2.75
1999-10-26 00:00:00,CSD,2.75
1999-10-27 00:00:00,CSD,2.75
1999-10-28 00:00:00,CSD,2.5
1999-11-01 00:00:00,CSD,2.75
1999-11-03 00:00:00,CSD,2.75
1999-11-04 00:00:00,CSD,2.5
1999-11-08 00:00:00,CSD,2.75
1999-11-10 00:00:00,CSD,2.75
1999-11-11 00:00:00,CSD,2.75
SECURITY_DA,COMP,CLOSE_PRICE
-----------,----,-----------
1999-11-12 00:00:00,CSD,2.5
1999-11-15 00:00:00,CSD,2.5
1999-11-16 00:00:00,CSD,2.5
1999-11-18 00:00:00,CSD,2.75
1999-11-19 00:00:00,CSD,2.75
1999-11-23 00:00:00,CSD,2.75
1999-11-24 00:00:00,CSD,2.75
1999-11-25 00:00:00,CSD,3
1999-11-29 00:00:00,CSD,3
1999-11-30 00:00:00,CSD,3
1999-12-01 00:00:00,CSD,3
1999-12-02 00:00:00,CSD,3
1999-12-03 00:00:00,CSD,3
1999-12-06 00:00:00,CSD,3
1999-12-07 00:00:00,CSD,3
1999-12-08 00:00:00,CSD,3
1999-12-13 00:00:00,CSD,3
1999-12-14 00:00:00,CSD,3.5
1999-12-15 00:00:00,CSD,3.25
1999-12-16 00:00:00,CSD,3.25
1999-12-17 00:00:00,CSD,3.25
SECURITY_DA,COMP,CLOSE_PRICE
-----------,----,-----------
1999-12-20 00:00:00,CSD,3.5
1999-12-21 00:00:00,CSD,3.5
1999-12-27 00:00:00,CSD,3.25
1999-12-28 00:00:00,CSD,3.25
1999-12-29 00:00:00,CSD,3.25
1999-01-06 00:00:00,CSEC,6.25
1999-01-08 00:00:00,CSEC,6.5
1999-01-11 00:00:00,CSEC,6.5
1999-01-12 00:00:00,CSEC,6.25
1999-01-13 00:00:00,CSEC,7
1999-01-14 00:00:00,CSEC,7
1999-01-18 00:00:00,CSEC,7
1999-01-20 00:00:00,CSEC,7
1999-01-21 00:00:00,CSEC,7
1999-01-22 00:00:00,CSEC,7
1999-01-25 00:00:00,CSEC,7
1999-01-26 00:00:00,CSEC,7.25
1999-01-28 00:00:00,CSEC,7
1999-02-01 00:00:00,CSEC,7
1999-02-02 00:00:00,CSEC,7
1999-02-03 00:00:00,CSEC,6.75
SECURITY_DA,COMP,CLOSE_PRICE
-----------,----,-----------
1999-02-08 00:00:00,CSEC,6.75
1999-02-09 00:00:00,CSEC,6.75
1999-02-10 00:00:00,CSEC,6.5
1999-02-11 00:00:00,CSEC,6.25
1999-02-12 00:00:00,CSEC,6
1999-02-16 00:00:00,CSEC,7
1999-02-18 00:00:00,CSEC,6.75
1999-02-19 00:00:00,CSEC,6.75
1999-02-22 00:00:00,CSEC,6.75
1999-02-23 00:00:00,CSEC,6.25
1999-02-24 00:00:00,CSEC,6.25
1999-02-26 00:00:00,CSEC,6.5
1999-03-02 00:00:00,CSEC,6.25
1999-03-12 00:00:00,CSEC,6.5
1999-03-19 00:00:00,CSEC,6.25
1999-03-22 00:00:00,CSEC,6.25
1999-03-25 00:00:00,CSEC,6
1999-03-29 00:00:00,CSEC,6
1999-03-30 00:00:00,CSEC,5.75
1999-04-09 00:00:00,CSEC,6
1999-04-12 00:00:00,CSEC,5.75
SECURITY_DA,COMP,CLOSE_PRICE
-----------,----,-----------
1999-04-15 00:00:00,CSEC,6
1999-04-16 00:00:00,CSEC,5.75
1999-04-19 00:00:00,CSEC,5.5
1999-04-22 00:00:00,CSEC,5.5
1999-04-23 00:00:00,CSEC,5.25
1999-04-26 00:00:00,CSEC,5.75
1999-04-28 00:00:00,CSEC,5.75
1999-05-04 00:00:00,CSEC,5.75
1999-05-11 00:00:00,CSEC,5.5
1999-05-12 00:00:00,CSEC,5.5
1999-05-13 00:00:00,CSEC,5.5
1999-05-24 00:00:00,CSEC,5.5
1999-05-27 00:00:00,CSEC,5.5
1999-05-28 00:00:00,CSEC,5.5
1999-06-01 00:00:00,CSEC,5.5
1999-06-04 00:00:00,CSEC,5.25
1999-06-07 00:00:00,CSEC,5.25
1999-06-08 00:00:00,CSEC,5.25
1999-06-14 00:00:00,CSEC,5
1999-06-15 00:00:00,CSEC,5
1999-06-21 00:00:00,CSEC,5
SECURITY_DA,COMP,CLOSE_PRICE
-----------,----,-----------
1999-06-22 00:00:00,CSEC,5
1999-06-23 00:00:00,CSEC,4.75
1999-06-24 00:00:00,CSEC,5
1999-07-01 00:00:00,CSEC,5.5
1999-07-06 00:00:00,CSEC,5.5
1999-07-12 00:00:00,CSEC,5
1999-07-14 00:00:00,CSEC,5
1999-07-21 00:00:00,CSEC,5
1999-07-23 00:00:00,CSEC,5.75
1999-07-26 00:00:00,CSEC,5.5
1999-07-27 00:00:00,CSEC,5.5
1999-07-30 00:00:00,CSEC,5.5
1999-08-03 00:00:00,CSEC,5.75
1999-08-04 00:00:00,CSEC,6
1999-08-05 00:00:00,CSEC,6
1999-08-06 00:00:00,CSEC,6
1999-08-10 00:00:00,CSEC,5.75
1999-08-12 00:00:00,CSEC,5.75
1999-08-16 00:00:00,CSEC,5.75
1999-08-17 00:00:00,CSEC,5.25
1999-08-20 00:00:00,CSEC,5.25
SECURITY_DA,COMP,CLOSE_PRICE
-----------,----,-----------
1999-08-23 00:00:00,CSEC,5.25
1999-08-25 00:00:00,CSEC,5
1999-08-30 00:00:00,CSEC,5
1999-08-31 00:00:00,CSEC,5
1999-09-02 00:00:00,CSEC,5
1999-09-07 00:00:00,CSEC,5
1999-09-15 00:00:00,CSEC,5.25
1999-09-16 00:00:00,CSEC,5.25
1999-09-21 00:00:00,CSEC,5.25
1999-09-30 00:00:00,CSEC,5.25
1999-10-01 00:00:00,CSEC,5.25
1999-10-07 00:00:00,CSEC,5.25
1999-10-13 00:00:00,CSEC,5.25
1999-10-18 00:00:00,CSEC,4.5
1999-10-19 00:00:00,CSEC,4.5
1999-10-20 00:00:00,CSEC,4.5
1999-10-28 00:00:00,CSEC,4.25
1999-10-29 00:00:00,CSEC,4.25
1999-11-01 00:00:00,CSEC,4.5
1999-11-04 00:00:00,CSEC,4
1999-11-05 00:00:00,CSEC,4.25
SECURITY_DA,COMP,CLOSE_PRICE
-----------,----,-----------
1999-11-09 00:00:00,CSEC,4.5
1999-11-10 00:00:00,CSEC,4.5
1999-11-15 00:00:00,CSEC,4.5
1999-11-16 00:00:00,CSEC,4.5
1999-11-25 00:00:00,CSEC,4.75
1999-12-09 00:00:00,CSEC,6.75
1999-12-10 00:00:00,CSEC,7
1999-12-14 00:00:00,CSEC,7
1999-12-16 00:00:00,CSEC,6
1999-12-20 00:00:00,CSEC,6
1999-12-27 00:00:00,CSEC,6
1999-12-30 00:00:00,CSEC,5.25
1999-01-04 00:00:00,CSF,3.5
1999-01-05 00:00:00,CSF,3.25
1999-01-06 00:00:00,CSF,3.25
1999-01-07 00:00:00,CSF,3.25
1999-01-08 00:00:00,CSF,3.25
1999-01-11 00:00:00,CSF,3.5
1999-01-12 00:00:00,CSF,3.25
1999-01-13 00:00:00,CSF,3.5
1999-01-14 00:00:00,CSF,3.5
SECURITY_DA,COMP,CLOSE_PRICE
-----------,----,-----------
1999-01-19 00:00:00,CSF,3.25
1999-01-20 00:00:00,CSF,3.25
1999-01-22 00:00:00,CSF,3.5
1999-01-25 00:00:00,CSF,3.5
1999-01-26 00:00:00,CSF,3.25
1999-01-27 00:00:00,CSF,3.25
1999-01-29 00:00:00,CSF,3.25
1999-02-01 00:00:00,CSF,3.25
1999-02-02 00:00:00,CSF,3.25
1999-02-03 00:00:00,CSF,3.25
1999-02-05 00:00:00,CSF,3
1999-02-08 00:00:00,CSF,3.25
1999-02-09 00:00:00,CSF,3.25
1999-02-10 00:00:00,CSF,3.25
1999-02-11 00:00:00,CSF,3.25
1999-02-12 00:00:00,CSF,3
1999-02-15 00:00:00,CSF,3.25
1999-02-16 00:00:00,CSF,3
1999-02-17 00:00:00,CSF,3.25
1999-02-18 00:00:00,CSF,3.25
1999-02-19 00:00:00,CSF,3
SECURITY_DA,COMP,CLOSE_PRICE
-----------,----,-----------
1999-02-22 00:00:00,CSF,3.25
1999-02-23 00:00:00,CSF,3.25
1999-02-24 00:00:00,CSF,3
1999-02-25 00:00:00,CSF,3.25
1999-02-26 00:00:00,CSF,3.25
1999-03-02 00:00:00,CSF,3
1999-03-04 00:00:00,CSF,3
1999-03-05 00:00:00,CSF,3
1999-03-08 00:00:00,CSF,3
1999-03-09 00:00:00,CSF,3
1999-03-10 00:00:00,CSF,3
1999-03-11 00:00:00,CSF,3
1999-03-12 00:00:00,CSF,3
1999-03-15 00:00:00,CSF,3
1999-03-17 00:00:00,CSF,3
1999-03-18 00:00:00,CSF,3
1999-03-19 00:00:00,CSF,3
1999-03-22 00:00:00,CSF,3
1999-03-23 00:00:00,CSF,3
1999-03-24 00:00:00,CSF,3
1999-03-30 00:00:00,CSF,3
SECURITY_DA,COMP,CLOSE_PRICE
-----------,----,-----------
1999-04-01 00:00:00,CSF,3
1999-04-06 00:00:00,CSF,3
1999-04-07 00:00:00,CSF,3
1999-04-08 00:00:00,CSF,3
1999-04-09 00:00:00,CSF,3
1999-04-12 00:00:00,CSF,3
1999-04-16 00:00:00,CSF,3
1999-04-19 00:00:00,CSF,3
1999-04-20 00:00:00,CSF,3.25
1999-04-21 00:00:00,CSF,3.25
1999-04-22 00:00:00,CSF,3.25
1999-04-23 00:00:00,CSF,3.5
1999-04-26 00:00:00,CSF,3.5
1999-04-27 00:00:00,CSF,3.5
1999-04-28 00:00:00,CSF,3.5
1999-05-03 00:00:00,CSF,3.5
1999-05-04 00:00:00,CSF,3.5
1999-05-05 00:00:00,CSF,3.5
1999-05-06 00:00:00,CSF,3.5
1999-05-07 00:00:00,CSF,3.25
1999-05-10 00:00:00,CSF,3.25
SECURITY_DA,COMP,CLOSE_PRICE
-----------,----,-----------
1999-05-11 00:00:00,CSF,3.25
1999-05-12 00:00:00,CSF,3.25
1999-05-13 00:00:00,CSF,3.25
1999-05-14 00:00:00,CSF,3.25
1999-05-17 00:00:00,CSF,3.25
1999-05-18 00:00:00,CSF,3.25
1999-05-19 00:00:00,CSF,3.25
1999-05-20 00:00:00,CSF,3.5
1999-05-24 00:00:00,CSF,3.25
1999-05-25 00:00:00,CSF,3.25
1999-05-26 00:00:00,CSF,3.25
1999-05-27 00:00:00,CSF,3.25
1999-05-28 00:00:00,CSF,3.5
1999-06-01 00:00:00,CSF,3.5
1999-06-02 00:00:00,CSF,3.25
1999-06-03 00:00:00,CSF,3.5
1999-06-04 00:00:00,CSF,3.5
1999-06-08 00:00:00,CSF,3.25
1999-06-09 00:00:00,CSF,3.25
1999-06-10 00:00:00,CSF,3.5
1999-06-11 00:00:00,CSF,3.25
SECURITY_DA,COMP,CLOSE_PRICE
-----------,----,-----------
1999-06-14 00:00:00,CSF,3.25
1999-06-15 00:00:00,CSF,3.25
1999-06-16 00:00:00,CSF,3.25
1999-06-17 00:00:00,CSF,3.5
1999-06-18 00:00:00,CSF,3.25
1999-06-21 00:00:00,CSF,3.5
1999-06-22 00:00:00,CSF,3
1999-06-23 00:00:00,CSF,3
1999-06-24 00:00:00,CSF,3.5
1999-06-25 00:00:00,CSF,3.25
1999-06-30 00:00:00,CSF,3.25
1999-07-01 00:00:00,CSF,3.5
1999-07-02 00:00:00,CSF,3.25
1999-07-05 00:00:00,CSF,3.25
1999-07-07 00:00:00,CSF,3.25
1999-07-08 00:00:00,CSF,3.25
1999-07-09 00:00:00,CSF,3.25
1999-07-12 00:00:00,CSF,3
1999-07-13 00:00:00,CSF,3
1999-07-14 00:00:00,CSF,3
1999-07-15 00:00:00,CSF,3
SECURITY_DA,COMP,CLOSE_PRICE
-----------,----,-----------
1999-07-19 00:00:00,CSF,3
1999-07-20 00:00:00,CSF,3
1999-07-21 00:00:00,CSF,3.25
1999-07-22 00:00:00,CSF,3
1999-07-23 00:00:00,CSF,3
1999-07-26 00:00:00,CSF,3
1999-07-27 00:00:00,CSF,3
1999-07-29 00:00:00,CSF,3
1999-07-30 00:00:00,CSF,3
1999-08-02 00:00:00,CSF,3
1999-08-03 00:00:00,CSF,3
1999-08-04 00:00:00,CSF,3
1999-08-06 00:00:00,CSF,3
1999-08-09 00:00:00,CSF,2.75
1999-08-10 00:00:00,CSF,3
1999-08-11 00:00:00,CSF,2.75
1999-08-12 00:00:00,CSF,2.75
1999-08-13 00:00:00,CSF,3
1999-08-16 00:00:00,CSF,3.25
1999-08-17 00:00:00,CSF,3
1999-08-18 00:00:00,CSF,3
SECURITY_DA,COMP,CLOSE_PRICE
-----------,----,-----------
1999-08-19 00:00:00,CSF,2.75
1999-08-20 00:00:00,CSF,3
1999-08-23 00:00:00,CSF,3
1999-08-24 00:00:00,CSF,3
1999-08-25 00:00:00,CSF,3
1999-08-30 00:00:00,CSF,3
1999-08-31 00:00:00,CSF,3
1999-09-01 00:00:00,CSF,2.75
1999-09-02 00:00:00,CSF,2.75
1999-09-03 00:00:00,CSF,2.75
1999-09-07 00:00:00,CSF,2.75
1999-09-08 00:00:00,CSF,2.75
1999-09-10 00:00:00,CSF,2.75
1999-09-13 00:00:00,CSF,2.75
1999-09-15 00:00:00,CSF,2.75
1999-09-16 00:00:00,CSF,2.5
1999-09-17 00:00:00,CSF,2.5
1999-09-20 00:00:00,CSF,2.75
1999-09-23 00:00:00,CSF,2.5
1999-09-24 00:00:00,CSF,2.5
1999-09-27 00:00:00,CSF,2.5
SECURITY_DA,COMP,CLOSE_PRICE
-----------,----,-----------
1999-09-28 00:00:00,CSF,2.5
1999-09-29 00:00:00,CSF,2.25
1999-10-01 00:00:00,CSF,2.25
1999-10-04 00:00:00,CSF,2.5
1999-10-05 00:00:00,CSF,2.25
1999-10-06 00:00:00,CSF,2.5
1999-10-07 00:00:00,CSF,2.5
1999-10-08 00:00:00,CSF,2.25
1999-10-11 00:00:00,CSF,2.5
1999-10-13 00:00:00,CSF,2.25
1999-10-14 00:00:00,CSF,2.5
1999-10-15 00:00:00,CSF,2.25
1999-10-19 00:00:00,CSF,2.5
1999-10-20 00:00:00,CSF,2.25
1999-10-21 00:00:00,CSF,2.25
1999-10-22 00:00:00,CSF,2.25
1999-10-25 00:00:00,CSF,2.25
1999-10-26 00:00:00,CSF,2.25
1999-10-27 00:00:00,CSF,2
1999-10-28 00:00:00,CSF,2
1999-11-01 00:00:00,CSF,2
SECURITY_DA,COMP,CLOSE_PRICE
-----------,----,-----------
1999-11-02 00:00:00,CSF,2.25
1999-11-03 00:00:00,CSF,2.25
1999-11-08 00:00:00,CSF,2.25
1999-11-09 00:00:00,CSF,2
1999-11-15 00:00:00,CSF,2.25
1999-11-16 00:00:00,CSF,2
1999-11-17 00:00:00,CSF,2
1999-11-19 00:00:00,CSF,2
1999-11-23 00:00:00,CSF,2
1999-11-24 00:00:00,CSF,2
1999-11-25 00:00:00,CSF,2.25
1999-11-26 00:00:00,CSF,2.25
1999-11-30 00:00:00,CSF,2.25
1999-12-02 00:00:00,CSF,2.25
1999-12-03 00:00:00,CSF,2.5
1999-12-06 00:00:00,CSF,2.5
1999-12-07 00:00:00,CSF,2.75
1999-12-08 00:00:00,CSF,2.75
1999-12-09 00:00:00,CSF,3
1999-12-10 00:00:00,CSF,3.25
1999-12-13 00:00:00,CSF,3.25
SECURITY_DA,COMP,CLOSE_PRICE
-----------,----,-----------
1999-12-14 00:00:00,CSF,3.25
1999-12-15 00:00:00,CSF,3
1999-12-16 00:00:00,CSF,2.75
1999-12-17 00:00:00,CSF,2.75
1999-12-20 00:00:00,CSF,2.75
1999-12-21 00:00:00,CSF,3
1999-12-23 00:00:00,CSF,2.5
1999-12-27 00:00:00,CSF,2.75
1999-12-28 00:00:00,CSF,2.5
1999-12-30 00:00:00,CSF,2.5
1999-02-01 00:00:00,CSYN,2
1999-02-02 00:00:00,CSYN,1
1999-02-09 00:00:00,CSYN,1.75
1999-02-22 00:00:00,CSYN,2.5
1999-02-23 00:00:00,CSYN,2.5
1999-03-03 00:00:00,CSYN,2
1999-03-05 00:00:00,CSYN,2
1999-04-23 00:00:00,CSYN,1.5
1999-04-27 00:00:00,CSYN,1.5
1999-07-08 00:00:00,CSYN,1.5
1999-08-06 00:00:00,CSYN,2.25
SECURITY_DA,COMP,CLOSE_PRICE
-----------,----,-----------
1999-08-11 00:00:00,CSYN,2
1999-08-18 00:00:00,CSYN,1.75
1999-09-03 00:00:00,CSYN,1.75
1999-09-07 00:00:00,CSYN,1.75
1999-09-13 00:00:00,CSYN,1.75
1999-09-20 00:00:00,CSYN,1.75
1999-09-29 00:00:00,CSYN,1.75
1999-01-04 00:00:00,CTC,32.25
1999-01-05 00:00:00,CTC,32
1999-01-06 00:00:00,CTC,32
1999-01-08 00:00:00,CTC,32.25
1999-01-11 00:00:00,CTC,34
1999-01-13 00:00:00,CTC,35
1999-01-14 00:00:00,CTC,35.75
1999-01-18 00:00:00,CTC,35
1999-01-19 00:00:00,CTC,36
1999-01-20 00:00:00,CTC,35.5
1999-01-21 00:00:00,CTC,36
1999-01-22 00:00:00,CTC,36
1999-01-25 00:00:00,CTC,36
1999-01-27 00:00:00,CTC,36
1999-01-28 00:00:00,CTC,37
1999-01-29 00:00:00,CTC,36
1999-02-01 00:00:00,CTC,35
1999-02-03 00:00:00,CTC,34.5
1999-02-09 00:00:00,CTC,36
1999-02-12 00:00:00,CTC,35
1999-02-15 00:00:00,CTC,35
1999-02-16 00:00:00,CTC,38
1999-02-17 00:00:00,CTC,40
1999-02-18 00:00:00,CTC,40
1999-02-19 00:00:00,CTC,41
1999-02-22 00:00:00,CTC,42.75
1999-02-23 00:00:00,CTC,41.75
1999-02-24 00:00:00,CTC,42
1999-02-25 00:00:00,CTC,42
1999-02-26 00:00:00,CTC,42
1999-03-02 00:00:00,CTC,42.25
1999-03-03 00:00:00,CTC,41.5
1999-03-04 00:00:00,CTC,41.5
1999-03-05 00:00:00,CTC,42
1999-03-08 00:00:00,CTC,40.25
1999-03-10 00:00:00,CTC,39.5
1999-03-11 00:00:00,CTC,41
1999-03-12 00:00:00,CTC,41
1999-03-15 00:00:00,CTC,41
1999-03-16 00:00:00,CTC,40.75
1999-03-17 00:00:00,CTC,40.75
1999-03-18 00:00:00,CTC,40
1999-03-19 00:00:00,CTC,40.75
1999-03-22 00:00:00,CTC,41.25
1999-03-23 00:00:00,CTC,42
1999-03-24 00:00:00,CTC,42
1999-03-25 00:00:00,CTC,42.25
1999-03-26 00:00:00,CTC,42
1999-03-29 00:00:00,CTC,42
1999-03-30 00:00:00,CTC,42
1999-04-05 00:00:00,CTC,42
1999-04-06 00:00:00,CTC,42
1999-04-07 00:00:00,CTC,42.5
1999-04-08 00:00:00,CTC,42
1999-04-09 00:00:00,CTC,42
1999-04-12 00:00:00,CTC,43
1999-04-15 00:00:00,CTC,45.5
1999-04-16 00:00:00,CTC,47
1999-04-19 00:00:00,CTC,47
1999-04-20 00:00:00,CTC,47
1999-04-21 00:00:00,CTC,47
1999-04-22 00:00:00,CTC,47
1999-04-23 00:00:00,CTC,46.5
1999-04-27 00:00:00,CTC,46.5
1999-04-28 00:00:00,CTC,48
1999-05-03 00:00:00,CTC,48
1999-05-04 00:00:00,CTC,48
1999-05-05 00:00:00,CTC,48
1999-05-07 00:00:00,CTC,47
1999-05-10 00:00:00,CTC,47
1999-05-11 00:00:00,CTC,47
1999-05-12 00:00:00,CTC,46.75
1999-05-13 00:00:00,CTC,45.25
1999-05-14 00:00:00,CTC,45.25
1999-05-17 00:00:00,CTC,47
1999-05-18 00:00:00,CTC,46.25
1999-05-19 00:00:00,CTC,46.25
1999-05-20 00:00:00,CTC,46.5
1999-05-21 00:00:00,CTC,51
1999-05-24 00:00:00,CTC,53.5
1999-05-25 00:00:00,CTC,51
1999-05-26 00:00:00,CTC,47
1999-05-27 00:00:00,CTC,46.25
1999-05-28 00:00:00,CTC,45
1999-06-01 00:00:00,CTC,44
1999-06-02 00:00:00,CTC,43.75
1999-06-03 00:00:00,CTC,42.75
1999-06-04 00:00:00,CTC,42
1999-06-07 00:00:00,CTC,41.5
1999-06-08 00:00:00,CTC,41.5
1999-06-09 00:00:00,CTC,41.75
1999-06-10 00:00:00,CTC,42
1999-06-11 00:00:00,CTC,42
1999-06-14 00:00:00,CTC,42
1999-06-16 00:00:00,CTC,42
1999-06-17 00:00:00,CTC,41.5
1999-06-18 00:00:00,CTC,41.5
1999-06-21 00:00:00,CTC,40.5
1999-06-23 00:00:00,CTC,40.5
1999-06-24 00:00:00,CTC,40.5
1999-06-25 00:00:00,CTC,40.75
1999-06-30 00:00:00,CTC,42.5
1999-07-01 00:00:00,CTC,43
1999-07-02 00:00:00,CTC,43
1999-07-05 00:00:00,CTC,43
1999-07-06 00:00:00,CTC,43
1999-07-07 00:00:00,CTC,43
1999-07-08 00:00:00,CTC,43
1999-07-09 00:00:00,CTC,42
1999-07-12 00:00:00,CTC,41
1999-07-13 00:00:00,CTC,41
1999-07-14 00:00:00,CTC,41
1999-07-15 00:00:00,CTC,41
1999-07-16 00:00:00,CTC,41
1999-07-19 00:00:00,CTC,41
1999-07-20 00:00:00,CTC,41.25
1999-07-21 00:00:00,CTC,43
1999-07-22 00:00:00,CTC,44.5
1999-07-23 00:00:00,CTC,42
1999-07-26 00:00:00,CTC,42.5
1999-07-27 00:00:00,CTC,43
1999-07-29 00:00:00,CTC,43
1999-07-30 00:00:00,CTC,43
1999-08-02 00:00:00,CTC,43
1999-08-03 00:00:00,CTC,43
1999-08-04 00:00:00,CTC,44.25
1999-08-05 00:00:00,CTC,41.75
1999-08-06 00:00:00,CTC,44.5
1999-08-09 00:00:00,CTC,44
1999-08-10 00:00:00,CTC,43.75
1999-08-11 00:00:00,CTC,43.5
1999-08-12 00:00:00,CTC,44
1999-08-13 00:00:00,CTC,45
1999-08-17 00:00:00,CTC,44
1999-08-18 00:00:00,CTC,44
1999-08-19 00:00:00,CTC,44
1999-08-20 00:00:00,CTC,42.5
1999-08-23 00:00:00,CTC,43
1999-08-24 00:00:00,CTC,44
1999-08-25 00:00:00,CTC,43.75
1999-08-30 00:00:00,CTC,42.5
1999-08-31 00:00:00,CTC,42.5
1999-09-01 00:00:00,CTC,42
1999-09-02 00:00:00,CTC,42.75
1999-09-03 00:00:00,CTC,44
1999-09-06 00:00:00,CTC,44
1999-09-07 00:00:00,CTC,44
1999-09-08 00:00:00,CTC,44
1999-09-09 00:00:00,CTC,42.5
1999-09-10 00:00:00,CTC,43.75
1999-09-13 00:00:00,CTC,44
1999-09-14 00:00:00,CTC,43.5
1999-09-15 00:00:00,CTC,43.5
1999-09-16 00:00:00,CTC,42.75
1999-09-17 00:00:00,CTC,43
1999-09-20 00:00:00,CTC,43
1999-09-21 00:00:00,CTC,43
1999-09-22 00:00:00,CTC,43.5
1999-09-24 00:00:00,CTC,43
1999-09-27 00:00:00,CTC,43
1999-09-28 00:00:00,CTC,43
1999-09-29 00:00:00,CTC,43
1999-09-30 00:00:00,CTC,43
1999-10-01 00:00:00,CTC,43
1999-10-04 00:00:00,CTC,43
1999-10-05 00:00:00,CTC,43.5
1999-10-06 00:00:00,CTC,43.5
1999-10-07 00:00:00,CTC,43
1999-10-08 00:00:00,CTC,42
1999-10-11 00:00:00,CTC,42
1999-10-12 00:00:00,CTC,41
1999-10-13 00:00:00,CTC,38
1999-10-14 00:00:00,CTC,38
1999-10-15 00:00:00,CTC,42
1999-10-19 00:00:00,CTC,42
1999-10-20 00:00:00,CTC,41
1999-10-21 00:00:00,CTC,41
1999-10-22 00:00:00,CTC,41
1999-10-25 00:00:00,CTC,41
1999-10-27 00:00:00,CTC,39.5
1999-10-28 00:00:00,CTC,39
1999-11-01 00:00:00,CTC,40
1999-11-02 00:00:00,CTC,40
1999-11-03 00:00:00,CTC,40
1999-11-05 00:00:00,CTC,41
1999-11-10 00:00:00,CTC,43
1999-11-11 00:00:00,CTC,43
1999-11-15 00:00:00,CTC,43
1999-11-16 00:00:00,CTC,42.5
1999-11-17 00:00:00,CTC,42.5
1999-11-18 00:00:00,CTC,42.5
1999-11-19 00:00:00,CTC,42
1999-11-23 00:00:00,CTC,41
1999-11-25 00:00:00,CTC,41
1999-11-29 00:00:00,CTC,41
1999-11-30 00:00:00,CTC,41
1999-12-01 00:00:00,CTC,38
1999-12-02 00:00:00,CTC,39.75
1999-12-03 00:00:00,CTC,40
1999-12-06 00:00:00,CTC,39.5
1999-12-07 00:00:00,CTC,39.5
1999-12-08 00:00:00,CTC,40.5
1999-12-09 00:00:00,CTC,41
1999-12-10 00:00:00,CTC,40
1999-12-13 00:00:00,CTC,42
1999-12-14 00:00:00,CTC,42
1999-12-15 00:00:00,CTC,42
1999-12-16 00:00:00,CTC,41
1999-12-17 00:00:00,CTC,42
1999-12-20 00:00:00,CTC,40
1999-12-21 00:00:00,CTC,40
1999-12-23 00:00:00,CTC,42
1999-12-27 00:00:00,CTC,39.5
1999-12-28 00:00:00,CTC,39.25
1999-12-29 00:00:00,CTC,39.75
1999-12-30 00:00:00,CTC,39.75
1999-01-07 00:00:00,CTCE,35
1999-01-11 00:00:00,CTCE,35
1999-01-12 00:00:00,CTCE,35
1999-01-14 00:00:00,CTCE,35
1999-01-20 00:00:00,CTCE,35
1999-01-22 00:00:00,CTCE,37
1999-01-27 00:00:00,CTCE,37
1999-01-29 00:00:00,CTCE,37
SECURITY_DA,COMP,CLOSE_PRICE
-----------,----,-----------
1999-02-01 00:00:00,CTCE,37
1999-02-09 00:00:00,CTCE,37.5
1999-02-12 00:00:00,CTCE,37.5
1999-02-15 00:00:00,CTCE,37.5
1999-02-16 00:00:00,CTCE,40
1999-02-17 00:00:00,CTCE,41
1999-02-18 00:00:00,CTCE,41.75
1999-02-22 00:00:00,CTCE,41
1999-03-02 00:00:00,CTCE,41
1999-03-04 00:00:00,CTCE,42
1999-03-05 00:00:00,CTCE,40
1999-03-08 00:00:00,CTCE,39.75
1999-03-10 00:00:00,CTCE,38
1999-03-11 00:00:00,CTCE,39
1999-03-15 00:00:00,CTCE,40
1999-03-17 00:00:00,CTCE,40
1999-03-18 00:00:00,CTCE,40
1999-03-19 00:00:00,CTCE,40
1999-03-22 00:00:00,CTCE,40
1999-03-23 00:00:00,CTCE,40
1999-03-26 00:00:00,CTCE,41.5
SECURITY_DA,COMP,CLOSE_PRICE
-----------,----,-----------
1999-04-06 00:00:00,CTCE,40.5
1999-04-07 00:00:00,CTCE,40.5
1999-04-12 00:00:00,CTCE,40
1999-04-15 00:00:00,CTCE,40.25
1999-04-16 00:00:00,CTCE,40.5
1999-04-19 00:00:00,CTCE,40
1999-04-20 00:00:00,CTCE,40
1999-04-22 00:00:00,CTCE,40.5
1999-05-06 00:00:00,CTCE,41
1999-05-07 00:00:00,CTCE,40
1999-05-10 00:00:00,CTCE,43
1999-05-11 00:00:00,CTCE,40
1999-05-12 00:00:00,CTCE,41
1999-05-19 00:00:00,CTCE,42
1999-05-20 00:00:00,CTCE,42
1999-05-21 00:00:00,CTCE,44
1999-05-25 00:00:00,CTCE,42.5
1999-05-26 00:00:00,CTCE,42.75
1999-06-02 00:00:00,CTCE,43
1999-06-03 00:00:00,CTCE,42.75
1999-06-04 00:00:00,CTCE,41.25
SECURITY_DA,COMP,CLOSE_PRICE
-----------,----,-----------
1999-06-17 00:00:00,CTCE,41.5
1999-06-18 00:00:00,CTCE,41.75
1999-07-05 00:00:00,CTCE,43
1999-07-08 00:00:00,CTCE,43
1999-07-12 00:00:00,CTCE,45
1999-07-14 00:00:00,CTCE,43
1999-07-15 00:00:00,CTCE,43
1999-07-19 00:00:00,CTCE,42
1999-07-23 00:00:00,CTCE,42
1999-07-29 00:00:00,CTCE,39
1999-08-05 00:00:00,CTCE,40
1999-08-06 00:00:00,CTCE,40
1999-08-10 00:00:00,CTCE,40
1999-08-13 00:00:00,CTCE,35
1999-08-20 00:00:00,CTCE,36
1999-08-30 00:00:00,CTCE,36.75
1999-08-31 00:00:00,CTCE,37
1999-09-02 00:00:00,CTCE,37
1999-09-03 00:00:00,CTCE,37
1999-09-07 00:00:00,CTCE,36.5
1999-09-08 00:00:00,CTCE,37
SECURITY_DA,COMP,CLOSE_PRICE
-----------,----,-----------
1999-09-09 00:00:00,CTCE,36.5
1999-09-10 00:00:00,CTCE,36.5
1999-09-13 00:00:00,CTCE,36.25
1999-09-23 00:00:00,CTCE,35.25
1999-09-27 00:00:00,CTCE,35
1999-10-01 00:00:00,CTCE,35
1999-10-05 00:00:00,CTCE,35.25
1999-10-06 00:00:00,CTCE,35
1999-10-18 00:00:00,CTCE,35
1999-11-10 00:00:00,CTCE,35
1999-11-11 00:00:00,CTCE,35.5
1999-11-17 00:00:00,CTCE,35.5
1999-11-30 00:00:00,CTCE,35.75
1999-12-01 00:00:00,CTCE,36
1999-12-02 00:00:00,CTCE,37
1999-12-06 00:00:00,CTCE,37
1999-12-08 00:00:00,CTCE,40
1999-12-09 00:00:00,CTCE,40
1999-12-10 00:00:00,CTCE,39
1999-12-13 00:00:00,CTCE,40
1999-12-14 00:00:00,CTCE,40
SECURITY_DA,COMP,CLOSE_PRICE
-----------,----,-----------
1999-12-15 00:00:00,CTCE,37
1999-12-16 00:00:00,CTCE,35
1999-12-17 00:00:00,CTCE,36
1999-12-23 00:00:00,CTCE,37.5
1999-12-27 00:00:00,CTCE,37
1999-12-28 00:00:00,CTCE,39.5
1999-12-30 00:00:00,CTCE,36
1999-01-04 00:00:00,CTEA,105
1999-01-06 00:00:00,CTEA,105
1999-02-08 00:00:00,CTEA,105
1999-02-25 00:00:00,CTEA,100
1999-04-08 00:00:00,CTEA,105
1999-04-19 00:00:00,CTEA,105
1999-05-19 00:00:00,CTEA,105
1999-06-15 00:00:00,CTEA,105
1999-06-25 00:00:00,CTEA,105
1999-07-05 00:00:00,CTEA,110
1999-07-09 00:00:00,CTEA,100
1999-07-22 00:00:00,CTEA,120
1999-07-27 00:00:00,CTEA,105
1999-07-29 00:00:00,CTEA,101
SECURITY_DA,COMP,CLOSE_PRICE
-----------,----,-----------
1999-08-05 00:00:00,CTEA,101
1999-08-06 00:00:00,CTEA,101.25
1999-08-10 00:00:00,CTEA,101
1999-08-11 00:00:00,CTEA,101
1999-08-23 00:00:00,CTEA,105.25
1999-09-01 00:00:00,CTEA,105
1999-09-06 00:00:00,CTEA,105.25
1999-09-14 00:00:00,CTEA,105
1999-09-27 00:00:00,CTEA,105
1999-10-08 00:00:00,CTEA,105
1999-11-25 00:00:00,CTEA,105
1999-12-13 00:00:00,CTEA,105
1999-12-20 00:00:00,CTEA,105
1999-12-28 00:00:00,CTEA,105
1999-01-19 00:00:00,CTHR,200
1999-02-19 00:00:00,CTHR,200
1999-06-11 00:00:00,CTHR,200
1999-06-15 00:00:00,CTHR,200
1999-08-06 00:00:00,CTHR,200
1999-11-25 00:00:00,CTHR,200
1999-01-05 00:00:00,CTLD,7
SECURITY_DA,COMP,CLOSE_PRICE
-----------,----,-----------
1999-01-06 00:00:00,CTLD,7
1999-01-07 00:00:00,CTLD,6.75
1999-01-08 00:00:00,CTLD,6.75
1999-01-11 00:00:00,CTLD,6.75
1999-01-12 00:00:00,CTLD,6.75
1999-01-13 00:00:00,CTLD,6.5
1999-01-14 00:00:00,CTLD,6.5
1999-01-18 00:00:00,CTLD,6.5
1999-01-19 00:00:00,CTLD,6.75
1999-01-20 00:00:00,CTLD,6.75
1999-01-21 00:00:00,CTLD,6.75
1999-01-22 00:00:00,CTLD,6.75
1999-01-26 00:00:00,CTLD,6.75
1999-01-27 00:00:00,CTLD,6.75
1999-01-28 00:00:00,CTLD,6.75
1999-01-29 00:00:00,CTLD,6.5
1999-02-01 00:00:00,CTLD,6.5
1999-02-02 00:00:00,CTLD,6.25
1999-02-03 00:00:00,CTLD,6
1999-02-05 00:00:00,CTLD,6
1999-02-08 00:00:00,CTLD,6
SECURITY_DA,COMP,CLOSE_PRICE
-----------,----,-----------
1999-02-10 00:00:00,CTLD,6
1999-02-11 00:00:00,CTLD,6
1999-02-12 00:00:00,CTLD,6
1999-02-15 00:00:00,CTLD,6
1999-02-16 00:00:00,CTLD,6
1999-02-17 00:00:00,CTLD,6.5
1999-02-18 00:00:00,CTLD,6.25
1999-02-19 00:00:00,CTLD,6.25
1999-02-23 00:00:00,CTLD,6.25
1999-02-24 00:00:00,CTLD,6.25
1999-02-25 00:00:00,CTLD,6.25
1999-02-26 00:00:00,CTLD,6.25
1999-03-02 00:00:00,CTLD,6.25
1999-03-03 00:00:00,CTLD,6.25
1999-03-04 00:00:00,CTLD,6
1999-03-05 00:00:00,CTLD,6.25
1999-03-08 00:00:00,CTLD,6
1999-03-10 00:00:00,CTLD,6
1999-03-11 00:00:00,CTLD,6
1999-03-12 00:00:00,CTLD,6
1999-03-15 00:00:00,CTLD,6
SECURITY_DA,COMP,CLOSE_PRICE
-----------,----,-----------
1999-03-16 00:00:00,CTLD,6
1999-03-17 00:00:00,CTLD,6.25
1999-03-18 00:00:00,CTLD,6
1999-03-19 00:00:00,CTLD,6
1999-03-22 00:00:00,CTLD,6.25
1999-03-23 00:00:00,CTLD,6.25
1999-03-24 00:00:00,CTLD,6.25
1999-03-29 00:00:00,CTLD,6
1999-03-30 00:00:00,CTLD,6
1999-04-01 00:00:00,CTLD,6
1999-04-05 00:00:00,CTLD,6
1999-04-07 00:00:00,CTLD,6
1999-04-08 00:00:00,CTLD,6.25
1999-04-09 00:00:00,CTLD,6.25
1999-04-16 00:00:00,CTLD,6.25
1999-04-19 00:00:00,CTLD,6.25
1999-04-20 00:00:00,CTLD,6.25
1999-04-21 00:00:00,CTLD,6.25
1999-04-22 00:00:00,CTLD,6.25
1999-04-23 00:00:00,CTLD,6
1999-04-26 00:00:00,CTLD,6
SECURITY_DA,COMP,CLOSE_PRICE
-----------,----,-----------
1999-04-27 00:00:00,CTLD,6.25
1999-04-28 00:00:00,CTLD,6.25
1999-05-04 00:00:00,CTLD,6.25
1999-05-05 00:00:00,CTLD,6.25
1999-05-06 00:00:00,CTLD,6.25
1999-05-07 00:00:00,CTLD,6.5
1999-05-11 00:00:00,CTLD,6.25
1999-05-12 00:00:00,CTLD,6.25
1999-05-13 00:00:00,CTLD,6.25
1999-05-14 00:00:00,CTLD,6.25
1999-05-17 00:00:00,CTLD,6.5
1999-05-18 00:00:00,CTLD,6.5
1999-05-19 00:00:00,CTLD,6.75
1999-05-20 00:00:00,CTLD,6.75
1999-05-21 00:00:00,CTLD,6.75
1999-05-24 00:00:00,CTLD,7
1999-05-25 00:00:00,CTLD,6.75
1999-05-26 00:00:00,CTLD,6.75
1999-05-27 00:00:00,CTLD,6.75
1999-05-28 00:00:00,CTLD,6.75
1999-06-01 00:00:00,CTLD,6.75
SECURITY_DA,COMP,CLOSE_PRICE
-----------,----,-----------
1999-06-02 00:00:00,CTLD,6.5
1999-06-03 00:00:00,CTLD,6.5
1999-06-07 00:00:00,CTLD,6.25
1999-06-09 00:00:00,CTLD,6.5
1999-06-10 00:00:00,CTLD,6.5
1999-06-11 00:00:00,CTLD,6.5
1999-06-14 00:00:00,CTLD,6.5
1999-06-15 00:00:00,CTLD,6.5
1999-06-16 00:00:00,CTLD,6.5
1999-06-18 00:00:00,CTLD,6.5
1999-06-21 00:00:00,CTLD,6.5
1999-06-22 00:00:00,CTLD,6.5
1999-06-23 00:00:00,CTLD,6.5
1999-06-24 00:00:00,CTLD,6.5
1999-07-01 00:00:00,CTLD,6.5
1999-07-02 00:00:00,CTLD,6.5
1999-07-05 00:00:00,CTLD,6.75
1999-07-06 00:00:00,CTLD,7
1999-07-07 00:00:00,CTLD,7.5
1999-07-08 00:00:00,CTLD,7.5
1999-07-09 00:00:00,CTLD,7.5
SECURITY_DA,COMP,CLOSE_PRICE
-----------,----,-----------
1999-07-12 00:00:00,CTLD,7.5
1999-07-13 00:00:00,CTLD,7.5
1999-07-14 00:00:00,CTLD,7.5
1999-07-15 00:00:00,CTLD,7.5
1999-07-16 00:00:00,CTLD,7.75
1999-07-19 00:00:00,CTLD,7.75
1999-07-20 00:00:00,CTLD,7.75
1999-07-21 00:00:00,CTLD,7.75
1999-07-22 00:00:00,CTLD,7.5
1999-07-23 00:00:00,CTLD,7.75
1999-07-26 00:00:00,CTLD,7.5
1999-07-27 00:00:00,CTLD,7.75
1999-07-29 00:00:00,CTLD,7.75
1999-07-30 00:00:00,CTLD,7.5
1999-08-02 00:00:00,CTLD,7.5
1999-08-03 00:00:00,CTLD,7.75
1999-08-04 00:00:00,CTLD,8
1999-08-05 00:00:00,CTLD,6.5
1999-08-06 00:00:00,CTLD,6.75
1999-08-09 00:00:00,CTLD,6.75
1999-08-10 00:00:00,CTLD,6.5
SECURITY_DA,COMP,CLOSE_PRICE
-----------,----,-----------
1999-08-11 00:00:00,CTLD,6.5
1999-08-12 00:00:00,CTLD,6.5
1999-08-13 00:00:00,CTLD,6.25
1999-08-16 00:00:00,CTLD,6.5
1999-08-17 00:00:00,CTLD,6.25
1999-08-18 00:00:00,CTLD,6.5
1999-08-19 00:00:00,CTLD,6.5
1999-08-20 00:00:00,CTLD,6.25
1999-08-23 00:00:00,CTLD,6.25
1999-08-24 00:00:00,CTLD,6.5
1999-08-25 00:00:00,CTLD,6.5
1999-08-30 00:00:00,CTLD,6.5
1999-08-31 00:00:00,CTLD,6.75
1999-09-01 00:00:00,CTLD,6.5
1999-09-02 00:00:00,CTLD,6.5
1999-09-03 00:00:00,CTLD,6.5
1999-09-06 00:00:00,CTLD,6.75
1999-09-07 00:00:00,CTLD,6.75
1999-09-08 00:00:00,CTLD,6.75
1999-09-09 00:00:00,CTLD,6.75
1999-09-10 00:00:00,CTLD,7
SECURITY_DA,COMP,CLOSE_PRICE
-----------,----,-----------
1999-09-13 00:00:00,CTLD,6.75
1999-09-14 00:00:00,CTLD,7
1999-09-15 00:00:00,CTLD,7
1999-09-16 00:00:00,CTLD,7
1999-09-17 00:00:00,CTLD,7
1999-09-20 00:00:00,CTLD,7
1999-09-21 00:00:00,CTLD,7
1999-09-22 00:00:00,CTLD,7
1999-09-23 00:00:00,CTLD,7.25
1999-09-24 00:00:00,CTLD,7.25
1999-09-27 00:00:00,CTLD,7
1999-09-29 00:00:00,CTLD,7.25
1999-09-30 00:00:00,CTLD,7.25
1999-10-01 00:00:00,CTLD,7.25
1999-10-04 00:00:00,CTLD,7.25
1999-10-05 00:00:00,CTLD,7.25
1999-10-06 00:00:00,CTLD,7.5
1999-10-08 00:00:00,CTLD,7.25
1999-10-11 00:00:00,CTLD,7.25
1999-10-12 00:00:00,CTLD,7.25
1999-10-13 00:00:00,CTLD,7.25
SECURITY_DA,COMP,CLOSE_PRICE
-----------,----,-----------
1999-10-14 00:00:00,CTLD,7.25
1999-10-15 00:00:00,CTLD,7.25
1999-10-20 00:00:00,CTLD,7
1999-10-21 00:00:00,CTLD,7.25
1999-10-25 00:00:00,CTLD,7.25
1999-10-26 00:00:00,CTLD,7.25
1999-10-27 00:00:00,CTLD,7.25
1999-10-28 00:00:00,CTLD,7
1999-10-29 00:00:00,CTLD,7
1999-11-01 00:00:00,CTLD,7
1999-11-02 00:00:00,CTLD,7.25
1999-11-03 00:00:00,CTLD,7
1999-11-04 00:00:00,CTLD,7.25
1999-11-05 00:00:00,CTLD,7.25
1999-11-08 00:00:00,CTLD,7.25
1999-11-09 00:00:00,CTLD,7.25
1999-11-10 00:00:00,CTLD,7.25
1999-11-11 00:00:00,CTLD,7.25
1999-11-12 00:00:00,CTLD,7.25
1999-11-16 00:00:00,CTLD,7.25
1999-11-23 00:00:00,CTLD,7.25
SECURITY_DA,COMP,CLOSE_PRICE
-----------,----,-----------
1999-11-25 00:00:00,CTLD,7.25
1999-11-26 00:00:00,CTLD,7.25
1999-11-30 00:00:00,CTLD,7.5
1999-12-02 00:00:00,CTLD,7.5
1999-12-03 00:00:00,CTLD,7.75
1999-12-07 00:00:00,CTLD,7.75
1999-12-08 00:00:00,CTLD,8
1999-12-09 00:00:00,CTLD,7.75
1999-12-10 00:00:00,CTLD,8
1999-12-13 00:00:00,CTLD,8
1999-12-14 00:00:00,CTLD,8
1999-12-15 00:00:00,CTLD,8
1999-12-16 00:00:00,CTLD,7.75
1999-12-17 00:00:00,CTLD,7.75
1999-12-20 00:00:00,CTLD,8
1999-12-21 00:00:00,CTLD,8
1999-12-27 00:00:00,CTLD,7.25
1999-01-05 00:00:00,CWM,8
1999-01-07 00:00:00,CWM,8
1999-01-11 00:00:00,CWM,8
1999-01-20 00:00:00,CWM,8
SECURITY_DA,COMP,CLOSE_PRICE
-----------,----,-----------
1999-01-21 00:00:00,CWM,8
1999-01-22 00:00:00,CWM,8
1999-01-25 00:00:00,CWM,8
1999-01-26 00:00:00,CWM,8
1999-01-27 00:00:00,CWM,8
1999-01-29 00:00:00,CWM,8
1999-02-02 00:00:00,CWM,7.75
1999-02-10 00:00:00,CWM,7.75
1999-02-11 00:00:00,CWM,7.5
1999-02-15 00:00:00,CWM,7.75
1999-02-19 00:00:00,CWM,7.5
1999-02-23 00:00:00,CWM,7.5
1999-02-26 00:00:00,CWM,7.5
1999-03-03 00:00:00,CWM,7.5
1999-03-04 00:00:00,CWM,7.5
1999-03-05 00:00:00,CWM,7.25
1999-03-08 00:00:00,CWM,7.25
1999-03-09 00:00:00,CWM,7.25
1999-03-10 00:00:00,CWM,7
1999-03-15 00:00:00,CWM,7
1999-03-17 00:00:00,CWM,6.5
SECURITY_DA,COMP,CLOSE_PRICE
-----------,----,-----------
1999-03-26 00:00:00,CWM,6
1999-03-29 00:00:00,CWM,6
1999-04-23 00:00:00,CWM,6
1999-05-07 00:00:00,CWM,5.5
1999-05-12 00:00:00,CWM,5.5
1999-05-19 00:00:00,CWM,6.5
1999-06-23 00:00:00,CWM,4.5
1999-06-24 00:00:00,CWM,5
1999-06-25 00:00:00,CWM,4.75
1999-07-07 00:00:00,CWM,6
1999-07-14 00:00:00,CWM,6
1999-07-16 00:00:00,CWM,6
1999-07-21 00:00:00,CWM,5.75
1999-07-23 00:00:00,CWM,5.75
1999-08-03 00:00:00,CWM,5.25
1999-08-04 00:00:00,CWM,5
1999-08-05 00:00:00,CWM,5
1999-08-06 00:00:00,CWM,5.25
1999-08-09 00:00:00,CWM,5
1999-08-10 00:00:00,CWM,5
1999-08-11 00:00:00,CWM,5
SECURITY_DA,COMP,CLOSE_PRICE
-----------,----,-----------
1999-08-12 00:00:00,CWM,5
1999-08-13 00:00:00,CWM,5
1999-08-16 00:00:00,CWM,5
1999-08-17 00:00:00,CWM,5
1999-08-18 00:00:00,CWM,4.75
1999-08-19 00:00:00,CWM,4.75
1999-08-20 00:00:00,CWM,4.5
1999-08-23 00:00:00,CWM,4.5
1999-08-24 00:00:00,CWM,4.25
1999-09-02 00:00:00,CWM,4.5
1999-09-07 00:00:00,CWM,4.5
1999-09-10 00:00:00,CWM,4.25
1999-09-14 00:00:00,CWM,4.25
1999-09-15 00:00:00,CWM,4.25
1999-09-28 00:00:00,CWM,4.25
1999-10-05 00:00:00,CWM,4.25
1999-10-08 00:00:00,CWM,4
1999-10-12 00:00:00,CWM,4
1999-10-15 00:00:00,CWM,4
1999-10-18 00:00:00,CWM,4
1999-10-20 00:00:00,CWM,4
SECURITY_DA,COMP,CLOSE_PRICE
-----------,----,-----------
1999-10-26 00:00:00,CWM,4
1999-10-27 00:00:00,CWM,4
1999-10-28 00:00:00,CWM,4
1999-11-03 00:00:00,CWM,4
1999-11-05 00:00:00,CWM,3.75
1999-11-08 00:00:00,CWM,3.75
1999-11-11 00:00:00,CWM,3.75
1999-11-12 00:00:00,CWM,2.25
1999-11-15 00:00:00,CWM,3
1999-11-17 00:00:00,CWM,3
1999-11-18 00:00:00,CWM,3
1999-11-19 00:00:00,CWM,3
1999-11-24 00:00:00,CWM,3.25
1999-11-25 00:00:00,CWM,3.25
1999-11-26 00:00:00,CWM,3.25
1999-11-29 00:00:00,CWM,3.5
1999-11-30 00:00:00,CWM,3.5
1999-12-01 00:00:00,CWM,3.5
1999-12-02 00:00:00,CWM,3.5
1999-12-03 00:00:00,CWM,3.5
1999-12-06 00:00:00,CWM,3.5
SECURITY_DA,COMP,CLOSE_PRICE
-----------,----,-----------
1999-12-07 00:00:00,CWM,3.5
1999-12-08 00:00:00,CWM,3.75
1999-12-09 00:00:00,CWM,3.75
1999-12-10 00:00:00,CWM,3.75
1999-12-13 00:00:00,CWM,3.5
1999-12-14 00:00:00,CWM,3.5
1999-12-15 00:00:00,CWM,3.5
1999-12-16 00:00:00,CWM,3.25
1999-12-17 00:00:00,CWM,3.5
1999-12-20 00:00:00,CWM,3.5
1999-12-21 00:00:00,CWM,3.5
1999-12-23 00:00:00,CWM,3.5
1999-12-27 00:00:00,CWM,3.25
1999-12-30 00:00:00,CWM,3.25
1999-01-04 00:00:00,DFCC,141
1999-01-05 00:00:00,DFCC,140
1999-01-06 00:00:00,DFCC,139.75
1999-01-07 00:00:00,DFCC,138
1999-01-08 00:00:00,DFCC,138
1999-01-11 00:00:00,DFCC,135
1999-01-12 00:00:00,DFCC,139
1999-01-13 00:00:00,DFCC,135
1999-01-14 00:00:00,DFCC,133
1999-01-18 00:00:00,DFCC,135
1999-01-19 00:00:00,DFCC,136
1999-01-20 00:00:00,DFCC,133
1999-01-21 00:00:00,DFCC,133.25
1999-01-22 00:00:00,DFCC,133.5
1999-01-25 00:00:00,DFCC,135
1999-01-26 00:00:00,DFCC,133
1999-01-27 00:00:00,DFCC,130
1999-01-28 00:00:00,DFCC,130
1999-01-29 00:00:00,DFCC,130
1999-02-01 00:00:00,DFCC,130
1999-02-02 00:00:00,DFCC,130
1999-02-03 00:00:00,DFCC,128.5
1999-02-08 00:00:00,DFCC,128
1999-02-09 00:00:00,DFCC,129
1999-02-10 00:00:00,DFCC,128.5
1999-02-11 00:00:00,DFCC,127
1999-02-12 00:00:00,DFCC,128
1999-02-15 00:00:00,DFCC,126
1999-02-16 00:00:00,DFCC,125
1999-02-17 00:00:00,DFCC,125
1999-02-18 00:00:00,DFCC,125
1999-02-19 00:00:00,DFCC,123.75
1999-02-22 00:00:00,DFCC,123
1999-02-23 00:00:00,DFCC,120
1999-02-24 00:00:00,DFCC,115.25
1999-02-25 00:00:00,DFCC,119.75
1999-02-26 00:00:00,DFCC,116.5
1999-03-02 00:00:00,DFCC,116.25
1999-03-04 00:00:00,DFCC,115
1999-03-05 00:00:00,DFCC,115
1999-03-08 00:00:00,DFCC,115
1999-03-09 00:00:00,DFCC,110
1999-03-10 00:00:00,DFCC,114.75
1999-03-15 00:00:00,DFCC,110
1999-03-17 00:00:00,DFCC,115
1999-03-18 00:00:00,DFCC,110
1999-03-19 00:00:00,DFCC,110
1999-03-24 00:00:00,DFCC,110
1999-03-25 00:00:00,DFCC,107
1999-03-26 00:00:00,DFCC,107.25
1999-03-29 00:00:00,DFCC,107.75
1999-03-30 00:00:00,DFCC,107
1999-04-01 00:00:00,DFCC,108
1999-04-06 00:00:00,DFCC,110
1999-04-07 00:00:00,DFCC,112
1999-04-08 00:00:00,DFCC,119
1999-04-09 00:00:00,DFCC,120
1999-04-12 00:00:00,DFCC,119.5
1999-04-15 00:00:00,DFCC,118
1999-04-16 00:00:00,DFCC,118
1999-04-19 00:00:00,DFCC,115
1999-04-20 00:00:00,DFCC,112
1999-04-21 00:00:00,DFCC,112
1999-04-22 00:00:00,DFCC,112
1999-04-23 00:00:00,DFCC,112
1999-04-26 00:00:00,DFCC,113.5
1999-04-27 00:00:00,DFCC,113.5
1999-04-28 00:00:00,DFCC,113
1999-05-03 00:00:00,DFCC,113
1999-05-04 00:00:00,DFCC,110
1999-05-05 00:00:00,DFCC,112
1999-05-06 00:00:00,DFCC,112
1999-05-07 00:00:00,DFCC,112
1999-05-10 00:00:00,DFCC,110
1999-05-11 00:00:00,DFCC,110
1999-05-12 00:00:00,DFCC,109
1999-05-13 00:00:00,DFCC,109
1999-05-14 00:00:00,DFCC,110
1999-05-17 00:00:00,DFCC,112
1999-05-18 00:00:00,DFCC,114
1999-05-19 00:00:00,DFCC,112
1999-05-20 00:00:00,DFCC,117
1999-05-21 00:00:00,DFCC,118
1999-05-24 00:00:00,DFCC,118
1999-05-25 00:00:00,DFCC,113
1999-05-27 00:00:00,DFCC,110
1999-05-28 00:00:00,DFCC,109
1999-06-01 00:00:00,DFCC,109
1999-06-03 00:00:00,DFCC,107.25
1999-06-04 00:00:00,DFCC,107
1999-06-07 00:00:00,DFCC,102
1999-06-08 00:00:00,DFCC,98
1999-06-09 00:00:00,DFCC,92
1999-06-10 00:00:00,DFCC,93
1999-06-11 00:00:00,DFCC,93.25
1999-06-14 00:00:00,DFCC,93.5
1999-06-15 00:00:00,DFCC,95
1999-06-16 00:00:00,DFCC,94.75
1999-06-17 00:00:00,DFCC,95.25
1999-06-18 00:00:00,DFCC,95.5
1999-06-21 00:00:00,DFCC,96
1999-06-22 00:00:00,DFCC,98
1999-06-23 00:00:00,DFCC,93.25
1999-06-24 00:00:00,DFCC,94
1999-06-25 00:00:00,DFCC,94.25
1999-06-30 00:00:00,DFCC,99
1999-07-01 00:00:00,DFCC,100
1999-07-02 00:00:00,DFCC,100.25
1999-07-05 00:00:00,DFCC,100.25
1999-07-06 00:00:00,DFCC,98
1999-07-07 00:00:00,DFCC,98
1999-07-08 00:00:00,DFCC,97
1999-07-09 00:00:00,DFCC,97
1999-07-12 00:00:00,DFCC,98
1999-07-13 00:00:00,DFCC,98
1999-07-15 00:00:00,DFCC,100
1999-07-16 00:00:00,DFCC,100.5
1999-07-19 00:00:00,DFCC,102
1999-07-20 00:00:00,DFCC,106.75
1999-07-21 00:00:00,DFCC,112
1999-07-22 00:00:00,DFCC,122
1999-07-23 00:00:00,DFCC,132
1999-07-26 00:00:00,DFCC,132.5
1999-07-27 00:00:00,DFCC,135
1999-07-29 00:00:00,DFCC,136.25
1999-07-30 00:00:00,DFCC,137.5
1999-08-02 00:00:00,DFCC,135
1999-08-03 00:00:00,DFCC,132.5
1999-08-04 00:00:00,DFCC,133
1999-08-05 00:00:00,DFCC,130
1999-08-06 00:00:00,DFCC,130
1999-08-09 00:00:00,DFCC,128
1999-08-10 00:00:00,DFCC,128
1999-08-11 00:00:00,DFCC,128
1999-08-12 00:00:00,DFCC,128
1999-08-13 00:00:00,DFCC,128
1999-08-16 00:00:00,DFCC,125
1999-08-17 00:00:00,DFCC,125.25
1999-08-18 00:00:00,DFCC,120
1999-08-19 00:00:00,DFCC,119
1999-08-20 00:00:00,DFCC,120.5
1999-08-23 00:00:00,DFCC,120
1999-08-24 00:00:00,DFCC,121
1999-08-25 00:00:00,DFCC,120
1999-08-30 00:00:00,DFCC,120.25
1999-08-31 00:00:00,DFCC,120.75
1999-09-01 00:00:00,DFCC,119.75
1999-09-02 00:00:00,DFCC,120
1999-09-03 00:00:00,DFCC,120
1999-09-06 00:00:00,DFCC,120
1999-09-08 00:00:00,DFCC,124
1999-09-09 00:00:00,DFCC,125
1999-09-10 00:00:00,DFCC,125
1999-09-13 00:00:00,DFCC,125
1999-09-14 00:00:00,DFCC,124
1999-09-15 00:00:00,DFCC,123.75
1999-09-16 00:00:00,DFCC,123.25
1999-09-17 00:00:00,DFCC,123.75
1999-09-20 00:00:00,DFCC,124
1999-09-21 00:00:00,DFCC,123
1999-09-22 00:00:00,DFCC,125
1999-09-23 00:00:00,DFCC,120
1999-09-24 00:00:00,DFCC,120
1999-09-28 00:00:00,DFCC,119
1999-09-29 00:00:00,DFCC,118
1999-09-30 00:00:00,DFCC,115
1999-10-01 00:00:00,DFCC,115
1999-10-04 00:00:00,DFCC,111.25
1999-10-05 00:00:00,DFCC,110
1999-10-06 00:00:00,DFCC,110.25
1999-10-07 00:00:00,DFCC,110
1999-10-08 00:00:00,DFCC,111
1999-10-11 00:00:00,DFCC,111
1999-10-12 00:00:00,DFCC,112.5
1999-10-13 00:00:00,DFCC,113
1999-10-14 00:00:00,DFCC,112
1999-10-15 00:00:00,DFCC,110
1999-10-20 00:00:00,DFCC,110
1999-10-25 00:00:00,DFCC,105
1999-10-26 00:00:00,DFCC,103.25
1999-10-27 00:00:00,DFCC,103
1999-10-28 00:00:00,DFCC,100
1999-11-01 00:00:00,DFCC,100
1999-11-02 00:00:00,DFCC,100
1999-11-03 00:00:00,DFCC,110
1999-11-04 00:00:00,DFCC,110
1999-11-08 00:00:00,DFCC,111
1999-11-09 00:00:00,DFCC,111.25
1999-11-10 00:00:00,DFCC,112
1999-11-11 00:00:00,DFCC,114.75
1999-11-12 00:00:00,DFCC,114
1999-11-15 00:00:00,DFCC,112.5
1999-11-16 00:00:00,DFCC,110
1999-11-17 00:00:00,DFCC,105.5
1999-11-19 00:00:00,DFCC,107
1999-11-23 00:00:00,DFCC,112.25
1999-11-24 00:00:00,DFCC,115
1999-11-25 00:00:00,DFCC,117
1999-11-26 00:00:00,DFCC,115.25
1999-11-29 00:00:00,DFCC,115
1999-11-30 00:00:00,DFCC,115.5
1999-12-01 00:00:00,DFCC,116
1999-12-02 00:00:00,DFCC,115
1999-12-03 00:00:00,DFCC,116
1999-12-06 00:00:00,DFCC,117
1999-12-07 00:00:00,DFCC,120
1999-12-08 00:00:00,DFCC,125
1999-12-09 00:00:00,DFCC,126
1999-12-10 00:00:00,DFCC,130
1999-12-13 00:00:00,DFCC,137
1999-12-14 00:00:00,DFCC,137
1999-12-15 00:00:00,DFCC,131
1999-12-16 00:00:00,DFCC,132.75
1999-12-17 00:00:00,DFCC,135
1999-12-20 00:00:00,DFCC,131
1999-12-21 00:00:00,DFCC,130
1999-12-23 00:00:00,DFCC,130
1999-12-27 00:00:00,DFCC,123.25
1999-12-28 00:00:00,DFCC,120
1999-12-29 00:00:00,DFCC,119
1999-12-30 00:00:00,DFCC,124
1999-01-05 00:00:00,DIMO,35
1999-01-25 00:00:00,DIMO,35
1999-03-11 00:00:00,DIMO,35
1999-04-20 00:00:00,DIMO,36
1999-04-23 00:00:00,DIMO,35
1999-05-19 00:00:00,DIMO,41
1999-05-26 00:00:00,DIMO,41
1999-05-27 00:00:00,DIMO,41
1999-06-02 00:00:00,DIMO,42
1999-06-03 00:00:00,DIMO,41.5
1999-06-04 00:00:00,DIMO,42.5
1999-06-07 00:00:00,DIMO,42.5
1999-06-09 00:00:00,DIMO,41.5
1999-06-11 00:00:00,DIMO,40
1999-06-17 00:00:00,DIMO,40.5
1999-06-18 00:00:00,DIMO,40
1999-06-21 00:00:00,DIMO,40
SECURITY_DA,COMP,CLOSE_PRICE
-----------,----,-----------
1999-06-24 00:00:00,DIMO,40
1999-06-25 00:00:00,DIMO,40
1999-07-01 00:00:00,DIMO,40.25
1999-07-02 00:00:00,DIMO,40
1999-07-06 00:00:00,DIMO,39.75
1999-07-21 00:00:00,DIMO,40
1999-07-22 00:00:00,DIMO,40
1999-07-23 00:00:00,DIMO,40
1999-07-26 00:00:00,DIMO,40
1999-08-06 00:00:00,DIMO,40
1999-08-16 00:00:00,DIMO,40
1999-08-31 00:00:00,DIMO,40
1999-09-01 00:00:00,DIMO,40.25
1999-09-07 00:00:00,DIMO,40.25
1999-09-09 00:00:00,DIMO,40
1999-09-29 00:00:00,DIMO,40
1999-10-11 00:00:00,DIMO,40
1999-10-28 00:00:00,DIMO,40
1999-11-25 00:00:00,DIMO,42
1999-11-29 00:00:00,DIMO,42
1999-11-30 00:00:00,DIMO,42
SECURITY_DA,COMP,CLOSE_PRICE
-----------,----,-----------
1999-12-01 00:00:00,DIMO,42
1999-12-06 00:00:00,DIMO,42
1999-12-07 00:00:00,DIMO,42
1999-12-08 00:00:00,DIMO,42
1999-12-09 00:00:00,DIMO,42
1999-12-10 00:00:00,DIMO,40
1999-01-07 00:00:00,DIPD,62.5
1999-01-08 00:00:00,DIPD,62.5
1999-01-11 00:00:00,DIPD,63.5
1999-01-12 00:00:00,DIPD,63.75
1999-01-13 00:00:00,DIPD,63.5
1999-01-14 00:00:00,DIPD,63
1999-01-20 00:00:00,DIPD,63
1999-01-21 00:00:00,DIPD,63
1999-01-22 00:00:00,DIPD,63
1999-01-25 00:00:00,DIPD,63
1999-01-26 00:00:00,DIPD,62.75
1999-01-27 00:00:00,DIPD,62
1999-01-28 00:00:00,DIPD,60
1999-02-03 00:00:00,DIPD,60
1999-02-09 00:00:00,DIPD,58
SECURITY_DA,COMP,CLOSE_PRICE
-----------,----,-----------
1999-02-10 00:00:00,DIPD,57
1999-02-11 00:00:00,DIPD,57
1999-02-12 00:00:00,DIPD,57
1999-02-17 00:00:00,DIPD,60
1999-02-18 00:00:00,DIPD,60
1999-02-19 00:00:00,DIPD,60
1999-02-22 00:00:00,DIPD,58.5
1999-02-23 00:00:00,DIPD,59
1999-02-24 00:00:00,DIPD,58.75
1999-02-25 00:00:00,DIPD,59
1999-03-02 00:00:00,DIPD,59
1999-03-03 00:00:00,DIPD,56
1999-03-04 00:00:00,DIPD,56
1999-03-05 00:00:00,DIPD,55
1999-03-08 00:00:00,DIPD,53.25
1999-03-09 00:00:00,DIPD,53.5
1999-03-10 00:00:00,DIPD,53.25
1999-03-12 00:00:00,DIPD,53.5
1999-03-16 00:00:00,DIPD,53
1999-03-17 00:00:00,DIPD,53.5
1999-03-18 00:00:00,DIPD,52.5
SECURITY_DA,COMP,CLOSE_PRICE
-----------,----,-----------
1999-03-19 00:00:00,DIPD,52.25
1999-03-22 00:00:00,DIPD,53
1999-03-23 00:00:00,DIPD,53
1999-03-24 00:00:00,DIPD,52.5
1999-03-25 00:00:00,DIPD,52.5
1999-03-26 00:00:00,DIPD,52.25
1999-03-29 00:00:00,DIPD,52
1999-03-30 00:00:00,DIPD,52
1999-04-01 00:00:00,DIPD,51.25
1999-04-05 00:00:00,DIPD,51
1999-04-08 00:00:00,DIPD,52
1999-04-09 00:00:00,DIPD,52
1999-04-12 00:00:00,DIPD,52
1999-04-19 00:00:00,DIPD,52
1999-04-23 00:00:00,DIPD,52
1999-04-26 00:00:00,DIPD,52
1999-04-27 00:00:00,DIPD,52
1999-04-28 00:00:00,DIPD,52
1999-05-03 00:00:00,DIPD,52
1999-05-04 00:00:00,DIPD,52
1999-05-06 00:00:00,DIPD,52.25
SECURITY_DA,COMP,CLOSE_PRICE
-----------,----,-----------
1999-05-07 00:00:00,DIPD,52.25
1999-05-11 00:00:00,DIPD,52.5
1999-05-14 00:00:00,DIPD,52.75
1999-05-19 00:00:00,DIPD,52.75
1999-05-20 00:00:00,DIPD,52.75
1999-05-21 00:00:00,DIPD,52.75
1999-05-26 00:00:00,DIPD,53
1999-05-27 00:00:00,DIPD,53
1999-05-28 00:00:00,DIPD,54
1999-06-01 00:00:00,DIPD,54.25
1999-06-02 00:00:00,DIPD,54.5
1999-06-03 00:00:00,DIPD,55.25
1999-06-04 00:00:00,DIPD,55
1999-06-07 00:00:00,DIPD,55
1999-06-08 00:00:00,DIPD,55
1999-06-09 00:00:00,DIPD,54.5
1999-06-10 00:00:00,DIPD,54
1999-06-11 00:00:00,DIPD,53.75
1999-06-14 00:00:00,DIPD,53
1999-06-15 00:00:00,DIPD,53.5
1999-06-16 00:00:00,DIPD,53
SECURITY_DA,COMP,CLOSE_PRICE
-----------,----,-----------
1999-06-17 00:00:00,DIPD,53
1999-06-21 00:00:00,DIPD,53
1999-06-22 00:00:00,DIPD,52.5
1999-06-23 00:00:00,DIPD,53
1999-06-24 00:00:00,DIPD,53
1999-06-25 00:00:00,DIPD,54.25
1999-06-30 00:00:00,DIPD,54
1999-07-02 00:00:00,DIPD,54.5
1999-07-05 00:00:00,DIPD,54.75
1999-07-06 00:00:00,DIPD,55.75
1999-07-07 00:00:00,DIPD,55.5
1999-07-08 00:00:00,DIPD,55
1999-07-12 00:00:00,DIPD,55
1999-07-13 00:00:00,DIPD,55.25
1999-07-14 00:00:00,DIPD,57
1999-07-15 00:00:00,DIPD,55.25
1999-07-16 00:00:00,DIPD,55.25
1999-07-19 00:00:00,DIPD,55
1999-07-20 00:00:00,DIPD,55
1999-07-21 00:00:00,DIPD,57
1999-07-22 00:00:00,DIPD,57
SECURITY_DA,COMP,CLOSE_PRICE
-----------,----,-----------
1999-07-23 00:00:00,DIPD,55.25
1999-07-26 00:00:00,DIPD,55.25
1999-07-27 00:00:00,DIPD,55.25
1999-07-29 00:00:00,DIPD,55.25
1999-07-30 00:00:00,DIPD,55.25
1999-08-02 00:00:00,DIPD,56
1999-08-03 00:00:00,DIPD,56
1999-08-04 00:00:00,DIPD,57
1999-08-05 00:00:00,DIPD,58
1999-08-06 00:00:00,DIPD,58.5
1999-08-09 00:00:00,DIPD,58.75
1999-08-10 00:00:00,DIPD,59
1999-08-11 00:00:00,DIPD,61
1999-08-12 00:00:00,DIPD,60
1999-08-13 00:00:00,DIPD,61
1999-08-16 00:00:00,DIPD,61.75
1999-08-17 00:00:00,DIPD,59.25
1999-08-18 00:00:00,DIPD,59
1999-08-19 00:00:00,DIPD,58
1999-08-20 00:00:00,DIPD,58.25
1999-08-23 00:00:00,DIPD,58.5
SECURITY_DA,COMP,CLOSE_PRICE
-----------,----,-----------
1999-08-24 00:00:00,DIPD,54
1999-08-25 00:00:00,DIPD,54
1999-08-30 00:00:00,DIPD,54
1999-08-31 00:00:00,DIPD,54
1999-09-01 00:00:00,DIPD,54
1999-09-02 00:00:00,DIPD,54
1999-09-07 00:00:00,DIPD,55
1999-09-08 00:00:00,DIPD,54
1999-09-09 00:00:00,DIPD,54
1999-09-10 00:00:00,DIPD,54
1999-09-13 00:00:00,DIPD,54
1999-09-15 00:00:00,DIPD,54
1999-09-17 00:00:00,DIPD,53.25
1999-09-20 00:00:00,DIPD,53
1999-09-22 00:00:00,DIPD,55
1999-09-23 00:00:00,DIPD,55
1999-09-28 00:00:00,DIPD,55
1999-09-29 00:00:00,DIPD,55
1999-10-04 00:00:00,DIPD,55.25
1999-10-05 00:00:00,DIPD,55.25
1999-10-06 00:00:00,DIPD,55.25
SECURITY_DA,COMP,CLOSE_PRICE
-----------,----,-----------
1999-10-07 00:00:00,DIPD,58
1999-10-08 00:00:00,DIPD,60
1999-10-13 00:00:00,DIPD,55.5
1999-10-14 00:00:00,DIPD,60
1999-10-15 00:00:00,DIPD,55
1999-10-19 00:00:00,DIPD,60
1999-10-20 00:00:00,DIPD,60
1999-10-21 00:00:00,DIPD,59
1999-10-27 00:00:00,DIPD,56.75
1999-10-28 00:00:00,DIPD,57
1999-10-29 00:00:00,DIPD,57
1999-11-01 00:00:00,DIPD,57
1999-11-02 00:00:00,DIPD,57
1999-11-03 00:00:00,DIPD,57
1999-11-04 00:00:00,DIPD,56.75
1999-11-05 00:00:00,DIPD,57.25
1999-11-08 00:00:00,DIPD,57
1999-11-10 00:00:00,DIPD,57.25
1999-11-11 00:00:00,DIPD,58
1999-11-12 00:00:00,DIPD,58
1999-11-16 00:00:00,DIPD,60.25
SECURITY_DA,COMP,CLOSE_PRICE
-----------,----,-----------
1999-11-17 00:00:00,DIPD,65
1999-11-18 00:00:00,DIPD,64.5
1999-11-19 00:00:00,DIPD,65
1999-11-23 00:00:00,DIPD,65
1999-11-24 00:00:00,DIPD,65
1999-11-26 00:00:00,DIPD,58
1999-11-29 00:00:00,DIPD,60
1999-12-02 00:00:00,DIPD,60
1999-12-03 00:00:00,DIPD,60.75
1999-12-06 00:00:00,DIPD,63
1999-12-07 00:00:00,DIPD,61
1999-12-08 00:00:00,DIPD,61
1999-12-09 00:00:00,DIPD,61
1999-12-13 00:00:00,DIPD,61
1999-12-14 00:00:00,DIPD,63
1999-12-15 00:00:00,DIPD,63
1999-12-20 00:00:00,DIPD,63
1999-12-23 00:00:00,DIPD,59
1999-12-27 00:00:00,DIPD,58
1999-12-30 00:00:00,DIPD,60
1999-01-04 00:00:00,DIST,4.5
1999-01-05 00:00:00,DIST,4.5
1999-01-06 00:00:00,DIST,4.5
1999-01-07 00:00:00,DIST,4.5
1999-01-08 00:00:00,DIST,4.25
1999-01-11 00:00:00,DIST,4.25
1999-01-12 00:00:00,DIST,4.25
1999-01-13 00:00:00,DIST,4.25
1999-01-14 00:00:00,DIST,4.25
1999-01-18 00:00:00,DIST,4.25
1999-01-19 00:00:00,DIST,4.25
1999-01-20 00:00:00,DIST,4.25
1999-01-21 00:00:00,DIST,4.25
1999-01-22 00:00:00,DIST,4.25
1999-01-25 00:00:00,DIST,4.5
1999-01-26 00:00:00,DIST,4.5
1999-01-27 00:00:00,DIST,4.25
1999-01-28 00:00:00,DIST,4.25
1999-01-29 00:00:00,DIST,4.5
1999-02-01 00:00:00,DIST,4.25
1999-02-02 00:00:00,DIST,4.25
1999-02-03 00:00:00,DIST,4.5
1999-02-05 00:00:00,DIST,4.25
1999-02-08 00:00:00,DIST,4.25
1999-02-09 00:00:00,DIST,4.25
1999-02-10 00:00:00,DIST,4.25
1999-02-11 00:00:00,DIST,4.25
1999-02-12 00:00:00,DIST,4.25
1999-02-15 00:00:00,DIST,4.25
1999-02-16 00:00:00,DIST,4.25
1999-02-17 00:00:00,DIST,4.25
1999-02-18 00:00:00,DIST,4.5
1999-02-19 00:00:00,DIST,4.25
1999-02-22 00:00:00,DIST,4.25
1999-02-23 00:00:00,DIST,4.25
1999-02-24 00:00:00,DIST,4.25
1999-02-25 00:00:00,DIST,4.25
1999-02-26 00:00:00,DIST,4.25
1999-03-03 00:00:00,DIST,4
1999-03-04 00:00:00,DIST,4
1999-03-05 00:00:00,DIST,4
1999-03-08 00:00:00,DIST,4
1999-03-09 00:00:00,DIST,4
1999-03-10 00:00:00,DIST,4
1999-03-11 00:00:00,DIST,4
1999-03-12 00:00:00,DIST,4
1999-03-15 00:00:00,DIST,4
1999-03-16 00:00:00,DIST,4
1999-03-17 00:00:00,DIST,4
1999-03-18 00:00:00,DIST,4
1999-03-19 00:00:00,DIST,4.25
1999-03-22 00:00:00,DIST,4
1999-03-23 00:00:00,DIST,4
1999-03-24 00:00:00,DIST,4
1999-03-25 00:00:00,DIST,4
1999-03-26 00:00:00,DIST,4
1999-03-29 00:00:00,DIST,4
1999-03-30 00:00:00,DIST,4
1999-04-01 00:00:00,DIST,4
1999-04-05 00:00:00,DIST,4
1999-04-08 00:00:00,DIST,4.25
1999-04-09 00:00:00,DIST,4
1999-04-12 00:00:00,DIST,4.25
1999-04-15 00:00:00,DIST,4
1999-04-16 00:00:00,DIST,4
1999-04-19 00:00:00,DIST,4
1999-04-20 00:00:00,DIST,4
1999-04-21 00:00:00,DIST,4
1999-04-22 00:00:00,DIST,4
1999-04-23 00:00:00,DIST,4
1999-04-26 00:00:00,DIST,4
1999-04-27 00:00:00,DIST,4.25
1999-04-28 00:00:00,DIST,4
1999-05-04 00:00:00,DIST,4
1999-05-05 00:00:00,DIST,4
1999-05-06 00:00:00,DIST,4
1999-05-07 00:00:00,DIST,4
1999-05-10 00:00:00,DIST,4
1999-05-11 00:00:00,DIST,4
1999-05-12 00:00:00,DIST,4
1999-05-14 00:00:00,DIST,4
1999-05-17 00:00:00,DIST,4
1999-05-18 00:00:00,DIST,4
1999-05-19 00:00:00,DIST,4
1999-05-20 00:00:00,DIST,4
1999-05-21 00:00:00,DIST,4.25
1999-05-24 00:00:00,DIST,4.25
1999-05-26 00:00:00,DIST,4
1999-05-27 00:00:00,DIST,4
1999-06-01 00:00:00,DIST,4
1999-06-02 00:00:00,DIST,4
1999-06-03 00:00:00,DIST,4
1999-06-04 00:00:00,DIST,4
1999-06-07 00:00:00,DIST,4
1999-06-08 00:00:00,DIST,3.75
1999-06-09 00:00:00,DIST,3.75
1999-06-10 00:00:00,DIST,3.75
1999-06-11 00:00:00,DIST,3.75
1999-06-14 00:00:00,DIST,3.75
1999-06-15 00:00:00,DIST,4
1999-06-17 00:00:00,DIST,3.75
1999-06-18 00:00:00,DIST,3.75
1999-06-21 00:00:00,DIST,3.75
1999-06-22 00:00:00,DIST,3.75
1999-06-23 00:00:00,DIST,3.75
1999-06-24 00:00:00,DIST,3.75
1999-06-25 00:00:00,DIST,4
1999-06-30 00:00:00,DIST,4.25
1999-07-01 00:00:00,DIST,4
1999-07-02 00:00:00,DIST,4.25
1999-07-05 00:00:00,DIST,4.25
1999-07-06 00:00:00,DIST,4.25
1999-07-07 00:00:00,DIST,4.25
1999-07-08 00:00:00,DIST,4
1999-07-09 00:00:00,DIST,4.25
1999-07-12 00:00:00,DIST,4
1999-07-13 00:00:00,DIST,4
1999-07-14 00:00:00,DIST,4
1999-07-15 00:00:00,DIST,4.25
1999-07-16 00:00:00,DIST,4.25
1999-07-19 00:00:00,DIST,5
1999-07-20 00:00:00,DIST,4.5
1999-07-21 00:00:00,DIST,4.75
1999-07-22 00:00:00,DIST,4.75
1999-07-23 00:00:00,DIST,5
1999-07-26 00:00:00,DIST,5
1999-07-27 00:00:00,DIST,5
1999-07-29 00:00:00,DIST,4.75
1999-07-30 00:00:00,DIST,5.25
1999-08-02 00:00:00,DIST,5.25
1999-08-03 00:00:00,DIST,5
1999-08-04 00:00:00,DIST,5.25
1999-08-05 00:00:00,DIST,5
1999-08-06 00:00:00,DIST,5
1999-08-09 00:00:00,DIST,5
1999-08-10 00:00:00,DIST,5
1999-08-11 00:00:00,DIST,5
1999-08-12 00:00:00,DIST,5
1999-08-13 00:00:00,DIST,5
1999-08-16 00:00:00,DIST,5
1999-08-17 00:00:00,DIST,5
1999-08-18 00:00:00,DIST,5
1999-08-19 00:00:00,DIST,4.75
1999-08-20 00:00:00,DIST,4.75
1999-08-23 00:00:00,DIST,4.75
1999-08-24 00:00:00,DIST,4.75
1999-08-25 00:00:00,DIST,4.75
1999-08-30 00:00:00,DIST,4.75
1999-08-31 00:00:00,DIST,4.75
1999-09-01 00:00:00,DIST,4.75
1999-09-02 00:00:00,DIST,4.75
1999-09-03 00:00:00,DIST,4.75
1999-09-06 00:00:00,DIST,4.75
1999-09-07 00:00:00,DIST,4.75
1999-09-08 00:00:00,DIST,4.75
1999-09-09 00:00:00,DIST,4.75
1999-09-10 00:00:00,DIST,4.75
1999-09-13 00:00:00,DIST,4.75
1999-09-14 00:00:00,DIST,4.75
1999-09-15 00:00:00,DIST,4.5
1999-09-16 00:00:00,DIST,4.75
1999-09-17 00:00:00,DIST,4.75
1999-09-20 00:00:00,DIST,5
1999-09-21 00:00:00,DIST,4.75
1999-09-22 00:00:00,DIST,4.75
1999-09-23 00:00:00,DIST,4.75
1999-09-24 00:00:00,DIST,4.75
1999-09-27 00:00:00,DIST,4.5
1999-09-28 00:00:00,DIST,4.5
1999-09-29 00:00:00,DIST,4.5
1999-09-30 00:00:00,DIST,4.5
1999-10-01 00:00:00,DIST,4.5
1999-10-04 00:00:00,DIST,4.75
1999-10-05 00:00:00,DIST,4.5
1999-10-06 00:00:00,DIST,4.75
1999-10-07 00:00:00,DIST,4.75
1999-10-08 00:00:00,DIST,4.5
1999-10-11 00:00:00,DIST,4.5
1999-10-12 00:00:00,DIST,4.5
1999-10-13 00:00:00,DIST,4.5
1999-10-14 00:00:00,DIST,4.25
1999-10-15 00:00:00,DIST,3.75
1999-10-18 00:00:00,DIST,4
1999-10-19 00:00:00,DIST,3.75
1999-10-20 00:00:00,DIST,3.75
1999-10-21 00:00:00,DIST,3.75
1999-10-22 00:00:00,DIST,3.75
1999-10-25 00:00:00,DIST,3.75
1999-10-26 00:00:00,DIST,3.75
1999-10-27 00:00:00,DIST,4
1999-10-28 00:00:00,DIST,3.75
1999-10-29 00:00:00,DIST,4
1999-11-01 00:00:00,DIST,4
1999-11-02 00:00:00,DIST,4
1999-11-03 00:00:00,DIST,4
1999-11-04 00:00:00,DIST,4.25
1999-11-05 00:00:00,DIST,4
1999-11-08 00:00:00,DIST,4.25
1999-11-09 00:00:00,DIST,4.25
1999-11-10 00:00:00,DIST,4.25
1999-11-11 00:00:00,DIST,4.25
1999-11-12 00:00:00,DIST,4
1999-11-15 00:00:00,DIST,4.25
1999-11-16 00:00:00,DIST,4.25
1999-11-17 00:00:00,DIST,4
1999-11-18 00:00:00,DIST,4.25
1999-11-19 00:00:00,DIST,4.25
1999-11-24 00:00:00,DIST,4.25
1999-11-25 00:00:00,DIST,4.25
1999-11-26 00:00:00,DIST,4.25
1999-11-29 00:00:00,DIST,4.25
1999-11-30 00:00:00,DIST,4.25
1999-12-01 00:00:00,DIST,4.75
1999-12-02 00:00:00,DIST,4.5
1999-12-03 00:00:00,DIST,4.5
1999-12-06 00:00:00,DIST,4.5
1999-12-07 00:00:00,DIST,5
1999-12-08 00:00:00,DIST,5.25
1999-12-09 00:00:00,DIST,5.25
1999-12-10 00:00:00,DIST,5.25
1999-12-13 00:00:00,DIST,5.5
1999-12-14 00:00:00,DIST,5.5
1999-12-15 00:00:00,DIST,5.5
1999-12-16 00:00:00,DIST,5.75
1999-12-17 00:00:00,DIST,5.5
1999-12-20 00:00:00,DIST,5.5
1999-12-21 00:00:00,DIST,5.5
1999-12-23 00:00:00,DIST,5.25
1999-12-27 00:00:00,DIST,5
1999-12-28 00:00:00,DIST,4.75
1999-12-29 00:00:00,DIST,5
1999-12-30 00:00:00,DIST,5
1999-01-04 00:00:00,DOCK,19.25
1999-01-05 00:00:00,DOCK,19
1999-01-06 00:00:00,DOCK,19.25
1999-01-07 00:00:00,DOCK,19.75
1999-01-08 00:00:00,DOCK,20
1999-01-11 00:00:00,DOCK,19.75
1999-01-12 00:00:00,DOCK,19.75
1999-01-13 00:00:00,DOCK,19.75
1999-01-14 00:00:00,DOCK,19.25
1999-01-18 00:00:00,DOCK,19.25
1999-01-19 00:00:00,DOCK,19.75
1999-01-20 00:00:00,DOCK,19.25
1999-01-21 00:00:00,DOCK,20
1999-01-22 00:00:00,DOCK,19.75
1999-01-25 00:00:00,DOCK,20
1999-01-26 00:00:00,DOCK,20
1999-01-27 00:00:00,DOCK,19
1999-01-28 00:00:00,DOCK,19.25
1999-01-29 00:00:00,DOCK,19.5
1999-02-01 00:00:00,DOCK,19.5
1999-02-02 00:00:00,DOCK,19.5
1999-02-03 00:00:00,DOCK,19.5
1999-02-05 00:00:00,DOCK,19.5
1999-02-08 00:00:00,DOCK,19.5
1999-02-09 00:00:00,DOCK,19.5
1999-02-10 00:00:00,DOCK,19.75
1999-02-11 00:00:00,DOCK,20
1999-02-12 00:00:00,DOCK,20
1999-02-15 00:00:00,DOCK,20
1999-02-16 00:00:00,DOCK,20.75
1999-02-17 00:00:00,DOCK,20.75
1999-02-18 00:00:00,DOCK,20
1999-02-19 00:00:00,DOCK,20
1999-02-22 00:00:00,DOCK,20
1999-02-23 00:00:00,DOCK,19.5
1999-02-24 00:00:00,DOCK,19.25
1999-02-25 00:00:00,DOCK,19.75
1999-02-26 00:00:00,DOCK,19.5
1999-03-02 00:00:00,DOCK,19.75
1999-03-03 00:00:00,DOCK,19.5
1999-03-04 00:00:00,DOCK,19.25
1999-03-05 00:00:00,DOCK,19.5
1999-03-08 00:00:00,DOCK,18.75
1999-03-09 00:00:00,DOCK,19
1999-03-10 00:00:00,DOCK,19
1999-03-11 00:00:00,DOCK,18.75
1999-03-12 00:00:00,DOCK,18.25
1999-03-15 00:00:00,DOCK,18.25
1999-03-16 00:00:00,DOCK,18.25
1999-03-17 00:00:00,DOCK,18.5
1999-03-18 00:00:00,DOCK,18.25
1999-03-19 00:00:00,DOCK,18.5
1999-03-22 00:00:00,DOCK,18.75
1999-03-23 00:00:00,DOCK,18.75
1999-03-24 00:00:00,DOCK,18.75
1999-03-25 00:00:00,DOCK,18.25
1999-03-26 00:00:00,DOCK,18.25
1999-03-29 00:00:00,DOCK,18.25
1999-03-30 00:00:00,DOCK,18.5
1999-04-01 00:00:00,DOCK,18.5
1999-04-05 00:00:00,DOCK,17.25
1999-04-06 00:00:00,DOCK,17.5
1999-04-07 00:00:00,DOCK,18
1999-04-08 00:00:00,DOCK,18
1999-04-09 00:00:00,DOCK,18.25
1999-04-12 00:00:00,DOCK,18.5
1999-04-15 00:00:00,DOCK,18.25
1999-04-16 00:00:00,DOCK,18.25
1999-04-19 00:00:00,DOCK,18.25
1999-04-20 00:00:00,DOCK,18.25
1999-04-21 00:00:00,DOCK,18.5
1999-04-22 00:00:00,DOCK,18
1999-04-23 00:00:00,DOCK,18
1999-04-26 00:00:00,DOCK,18
1999-04-27 00:00:00,DOCK,18
1999-04-28 00:00:00,DOCK,18
1999-05-03 00:00:00,DOCK,18.25
1999-05-04 00:00:00,DOCK,18
1999-05-05 00:00:00,DOCK,18
1999-05-06 00:00:00,DOCK,18
1999-05-07 00:00:00,DOCK,18
1999-05-10 00:00:00,DOCK,18.25
1999-05-12 00:00:00,DOCK,18
1999-05-13 00:00:00,DOCK,18.25
1999-05-14 00:00:00,DOCK,18.25
1999-05-17 00:00:00,DOCK,18
1999-05-18 00:00:00,DOCK,18.25
1999-05-19 00:00:00,DOCK,18
1999-05-20 00:00:00,DOCK,18
1999-05-21 00:00:00,DOCK,19
1999-05-24 00:00:00,DOCK,18.75
1999-05-25 00:00:00,DOCK,18.5
1999-05-26 00:00:00,DOCK,18
1999-05-27 00:00:00,DOCK,18
1999-05-28 00:00:00,DOCK,18
1999-06-01 00:00:00,DOCK,18
1999-06-02 00:00:00,DOCK,17.75
1999-06-03 00:00:00,DOCK,17.5
1999-06-04 00:00:00,DOCK,17.5
1999-06-07 00:00:00,DOCK,17.5
1999-06-08 00:00:00,DOCK,17.5
1999-06-09 00:00:00,DOCK,17.5
1999-06-10 00:00:00,DOCK,17.5
1999-06-11 00:00:00,DOCK,17.25
1999-06-14 00:00:00,DOCK,17.25
1999-06-15 00:00:00,DOCK,17
1999-06-16 00:00:00,DOCK,17
1999-06-17 00:00:00,DOCK,16.75
1999-06-18 00:00:00,DOCK,16
1999-06-21 00:00:00,DOCK,16
1999-06-22 00:00:00,DOCK,16.25
1999-06-23 00:00:00,DOCK,16.25
1999-06-24 00:00:00,DOCK,17
1999-06-25 00:00:00,DOCK,17
1999-06-30 00:00:00,DOCK,17.25
1999-07-01 00:00:00,DOCK,17
1999-07-02 00:00:00,DOCK,17
1999-07-05 00:00:00,DOCK,17.25
1999-07-06 00:00:00,DOCK,17.25
1999-07-07 00:00:00,DOCK,17
1999-07-08 00:00:00,DOCK,17
1999-07-09 00:00:00,DOCK,17
1999-07-12 00:00:00,DOCK,17
1999-07-13 00:00:00,DOCK,17
1999-07-14 00:00:00,DOCK,17
1999-07-15 00:00:00,DOCK,18
1999-07-16 00:00:00,DOCK,18
1999-07-19 00:00:00,DOCK,18
1999-07-20 00:00:00,DOCK,18
1999-07-21 00:00:00,DOCK,18
1999-07-22 00:00:00,DOCK,19.25
1999-07-23 00:00:00,DOCK,19.5
1999-07-26 00:00:00,DOCK,19
1999-07-27 00:00:00,DOCK,18.5
1999-07-29 00:00:00,DOCK,19
1999-07-30 00:00:00,DOCK,18.75
1999-08-02 00:00:00,DOCK,19
1999-08-03 00:00:00,DOCK,19
1999-08-04 00:00:00,DOCK,18.75
1999-08-05 00:00:00,DOCK,19
1999-08-06 00:00:00,DOCK,18.25
1999-08-09 00:00:00,DOCK,18.75
1999-08-10 00:00:00,DOCK,18.75
1999-08-11 00:00:00,DOCK,18.5
1999-08-12 00:00:00,DOCK,18.5
1999-08-13 00:00:00,DOCK,18.5
1999-08-16 00:00:00,DOCK,18.25
1999-08-17 00:00:00,DOCK,17.75
1999-08-18 00:00:00,DOCK,17.75
1999-08-19 00:00:00,DOCK,17.75
1999-08-20 00:00:00,DOCK,18
1999-08-23 00:00:00,DOCK,18
1999-08-24 00:00:00,DOCK,18
1999-08-25 00:00:00,DOCK,17.75
1999-08-31 00:00:00,DOCK,17.5
1999-09-01 00:00:00,DOCK,17.25
1999-09-02 00:00:00,DOCK,17.25
1999-09-03 00:00:00,DOCK,17.25
1999-09-06 00:00:00,DOCK,17.25
1999-09-07 00:00:00,DOCK,17
1999-09-08 00:00:00,DOCK,17
1999-09-09 00:00:00,DOCK,17
1999-09-10 00:00:00,DOCK,17
1999-09-13 00:00:00,DOCK,17
1999-09-14 00:00:00,DOCK,17
1999-09-15 00:00:00,DOCK,17
1999-09-16 00:00:00,DOCK,17
1999-09-17 00:00:00,DOCK,17
1999-09-20 00:00:00,DOCK,17
1999-09-21 00:00:00,DOCK,17
1999-09-22 00:00:00,DOCK,16.75
1999-09-23 00:00:00,DOCK,16.75
1999-09-24 00:00:00,DOCK,16.75
1999-09-27 00:00:00,DOCK,16.5
1999-09-28 00:00:00,DOCK,16.75
1999-09-29 00:00:00,DOCK,16.5
1999-09-30 00:00:00,DOCK,16.25
1999-10-01 00:00:00,DOCK,16
1999-10-04 00:00:00,DOCK,16.25
1999-10-05 00:00:00,DOCK,16.25
1999-10-06 00:00:00,DOCK,16.5
1999-10-07 00:00:00,DOCK,16.5
1999-10-08 00:00:00,DOCK,16.5
1999-10-11 00:00:00,DOCK,16.25
1999-10-12 00:00:00,DOCK,16.25
1999-10-13 00:00:00,DOCK,16.25
1999-10-14 00:00:00,DOCK,16
1999-10-15 00:00:00,DOCK,16.25
1999-10-18 00:00:00,DOCK,16.5
1999-10-19 00:00:00,DOCK,16
1999-10-20 00:00:00,DOCK,16
1999-10-21 00:00:00,DOCK,16.25
1999-10-22 00:00:00,DOCK,16
1999-10-25 00:00:00,DOCK,15.5
1999-10-26 00:00:00,DOCK,15.5
1999-10-27 00:00:00,DOCK,15.25
1999-10-28 00:00:00,DOCK,14.5
1999-10-29 00:00:00,DOCK,14.75
1999-11-01 00:00:00,DOCK,15
1999-11-02 00:00:00,DOCK,15.5
1999-11-03 00:00:00,DOCK,15
1999-11-04 00:00:00,DOCK,15.25
1999-11-05 00:00:00,DOCK,16
1999-11-08 00:00:00,DOCK,15.25
1999-11-09 00:00:00,DOCK,15.5
1999-11-10 00:00:00,DOCK,15.5
1999-11-11 00:00:00,DOCK,15.5
1999-11-12 00:00:00,DOCK,15.75
1999-11-15 00:00:00,DOCK,15
1999-11-16 00:00:00,DOCK,15
1999-11-17 00:00:00,DOCK,15
1999-11-18 00:00:00,DOCK,15.25
1999-11-19 00:00:00,DOCK,15.25
1999-11-23 00:00:00,DOCK,15
1999-11-24 00:00:00,DOCK,15.5
1999-11-25 00:00:00,DOCK,15.25
1999-11-26 00:00:00,DOCK,15.5
1999-11-29 00:00:00,DOCK,15.5
1999-12-01 00:00:00,DOCK,15.5
1999-12-02 00:00:00,DOCK,16
1999-12-03 00:00:00,DOCK,16.5
1999-12-06 00:00:00,DOCK,16.5
1999-12-07 00:00:00,DOCK,16.5
1999-12-08 00:00:00,DOCK,17
1999-12-09 00:00:00,DOCK,16.75
1999-12-10 00:00:00,DOCK,17.5
1999-12-13 00:00:00,DOCK,18
1999-12-14 00:00:00,DOCK,17.5
1999-12-15 00:00:00,DOCK,17.5
1999-12-16 00:00:00,DOCK,17.25
1999-12-17 00:00:00,DOCK,18
1999-12-20 00:00:00,DOCK,17.5
1999-12-21 00:00:00,DOCK,17.75
1999-12-23 00:00:00,DOCK,17.25
1999-12-27 00:00:00,DOCK,16.5
1999-12-28 00:00:00,DOCK,16.25
1999-12-29 00:00:00,DOCK,16.25
1999-12-30 00:00:00,DOCK,16.5
1999-01-05 00:00:00,DPL,15
1999-01-08 00:00:00,DPL,15.5
1999-01-11 00:00:00,DPL,15.25
1999-01-12 00:00:00,DPL,15.25
1999-01-13 00:00:00,DPL,15.5
1999-01-14 00:00:00,DPL,15.5
1999-01-18 00:00:00,DPL,16
1999-01-19 00:00:00,DPL,16
1999-01-20 00:00:00,DPL,16
1999-01-22 00:00:00,DPL,16.25
1999-01-26 00:00:00,DPL,16
1999-01-27 00:00:00,DPL,16
1999-01-28 00:00:00,DPL,16
1999-02-01 00:00:00,DPL,16.5
SECURITY_DA,COMP,CLOSE_PRICE
-----------,----,-----------
1999-02-02 00:00:00,DPL,16.5
1999-02-03 00:00:00,DPL,16
1999-02-05 00:00:00,DPL,16.25
1999-02-08 00:00:00,DPL,17.25
1999-02-15 00:00:00,DPL,17
1999-02-16 00:00:00,DPL,17
1999-02-17 00:00:00,DPL,16.5
1999-02-18 00:00:00,DPL,16.5
1999-02-19 00:00:00,DPL,16.5
1999-02-23 00:00:00,DPL,16.5
1999-02-25 00:00:00,DPL,16.75
1999-03-02 00:00:00,DPL,16.75
1999-03-03 00:00:00,DPL,16.75
1999-03-04 00:00:00,DPL,16.5
1999-03-08 00:00:00,DPL,16
1999-03-10 00:00:00,DPL,16
1999-03-11 00:00:00,DPL,16
1999-03-12 00:00:00,DPL,16.25
1999-03-15 00:00:00,DPL,16
1999-03-16 00:00:00,DPL,16.25
1999-03-17 00:00:00,DPL,16.25
SECURITY_DA,COMP,CLOSE_PRICE
-----------,----,-----------
1999-03-19 00:00:00,DPL,14.5
1999-03-23 00:00:00,DPL,16.25
1999-03-24 00:00:00,DPL,17
1999-04-01 00:00:00,DPL,16.75
1999-04-05 00:00:00,DPL,17
1999-04-15 00:00:00,DPL,16.5
1999-04-19 00:00:00,DPL,16
1999-04-20 00:00:00,DPL,14.75
1999-04-22 00:00:00,DPL,14.75
1999-05-03 00:00:00,DPL,14.75
1999-05-05 00:00:00,DPL,14.75
1999-05-07 00:00:00,DPL,15
1999-05-10 00:00:00,DPL,14.75
1999-05-11 00:00:00,DPL,14.75
1999-05-12 00:00:00,DPL,14.75
1999-05-17 00:00:00,DPL,14
1999-05-20 00:00:00,DPL,14.75
1999-05-24 00:00:00,DPL,14.75
1999-05-25 00:00:00,DPL,14.75
1999-05-27 00:00:00,DPL,14.75
1999-05-28 00:00:00,DPL,14.75
SECURITY_DA,COMP,CLOSE_PRICE
-----------,----,-----------
1999-06-01 00:00:00,DPL,14.75
1999-06-02 00:00:00,DPL,14.75
1999-06-03 00:00:00,DPL,14.75
1999-06-04 00:00:00,DPL,14.75
1999-06-09 00:00:00,DPL,14.75
1999-06-10 00:00:00,DPL,14.5
1999-06-14 00:00:00,DPL,14
1999-06-15 00:00:00,DPL,14
1999-06-16 00:00:00,DPL,13.5
1999-06-18 00:00:00,DPL,13
1999-06-21 00:00:00,DPL,13
1999-06-22 00:00:00,DPL,13.25
1999-06-30 00:00:00,DPL,13
1999-07-01 00:00:00,DPL,13
1999-07-06 00:00:00,DPL,13
1999-07-07 00:00:00,DPL,12
1999-07-12 00:00:00,DPL,12.5
1999-07-13 00:00:00,DPL,12.5
1999-07-14 00:00:00,DPL,12.75
1999-07-15 00:00:00,DPL,12
1999-07-16 00:00:00,DPL,12.25
SECURITY_DA,COMP,CLOSE_PRICE
-----------,----,-----------
1999-07-19 00:00:00,DPL,12.5
1999-07-20 00:00:00,DPL,12.75
1999-07-21 00:00:00,DPL,13.25
1999-07-22 00:00:00,DPL,13.5
1999-07-23 00:00:00,DPL,13.5
1999-07-26 00:00:00,DPL,13.25
1999-07-27 00:00:00,DPL,13.25
1999-07-29 00:00:00,DPL,13.25
1999-07-30 00:00:00,DPL,13
1999-08-02 00:00:00,DPL,14.25
1999-08-03 00:00:00,DPL,15
1999-08-04 00:00:00,DPL,15
1999-08-05 00:00:00,DPL,14.75
1999-08-06 00:00:00,DPL,15
1999-08-09 00:00:00,DPL,14
1999-08-10 00:00:00,DPL,14
1999-08-11 00:00:00,DPL,14
1999-08-12 00:00:00,DPL,14
1999-08-13 00:00:00,DPL,14.5
1999-08-16 00:00:00,DPL,14.5
1999-08-17 00:00:00,DPL,14.25
SECURITY_DA,COMP,CLOSE_PRICE
-----------,----,-----------
1999-08-18 00:00:00,DPL,14.25
1999-08-19 00:00:00,DPL,14.75
1999-08-23 00:00:00,DPL,14.75
1999-08-24 00:00:00,DPL,14.5
1999-08-25 00:00:00,DPL,14.5
1999-08-30 00:00:00,DPL,14.5
1999-08-31 00:00:00,DPL,14.5
1999-09-02 00:00:00,DPL,14.5
1999-09-06 00:00:00,DPL,14.5
1999-09-07 00:00:00,DPL,14.5
1999-09-08 00:00:00,DPL,14.5
1999-09-09 00:00:00,DPL,14.5
1999-09-10 00:00:00,DPL,14.5
1999-09-13 00:00:00,DPL,14.5
1999-09-14 00:00:00,DPL,14.5
1999-09-15 00:00:00,DPL,14
1999-09-16 00:00:00,DPL,15
1999-09-17 00:00:00,DPL,14
1999-09-20 00:00:00,DPL,14.25
1999-09-21 00:00:00,DPL,14.25
1999-09-23 00:00:00,DPL,14.25
SECURITY_DA,COMP,CLOSE_PRICE
-----------,----,-----------
1999-09-24 00:00:00,DPL,14.5
1999-09-28 00:00:00,DPL,14
1999-09-29 00:00:00,DPL,14
1999-10-01 00:00:00,DPL,14
1999-10-04 00:00:00,DPL,13.75
1999-10-07 00:00:00,DPL,13.75
1999-10-08 00:00:00,DPL,13.75
1999-10-12 00:00:00,DPL,14
1999-10-13 00:00:00,DPL,14
1999-10-14 00:00:00,DPL,14
1999-10-15 00:00:00,DPL,14
1999-10-18 00:00:00,DPL,14
1999-10-19 00:00:00,DPL,14
1999-10-20 00:00:00,DPL,13.75
1999-10-21 00:00:00,DPL,13.75
1999-10-22 00:00:00,DPL,13.75
1999-10-26 00:00:00,DPL,13.75
1999-10-27 00:00:00,DPL,13.5
1999-11-03 00:00:00,DPL,13.75
1999-11-04 00:00:00,DPL,13.5
1999-11-05 00:00:00,DPL,13.75
SECURITY_DA,COMP,CLOSE_PRICE
-----------,----,-----------
1999-11-08 00:00:00,DPL,13.75
1999-11-09 00:00:00,DPL,13.75
1999-11-10 00:00:00,DPL,14
1999-11-11 00:00:00,DPL,14
1999-11-12 00:00:00,DPL,14
1999-11-15 00:00:00,DPL,14
1999-11-16 00:00:00,DPL,14
1999-11-17 00:00:00,DPL,14
1999-11-18 00:00:00,DPL,14
1999-11-19 00:00:00,DPL,13.75
1999-11-23 00:00:00,DPL,13.75
1999-11-24 00:00:00,DPL,14
1999-11-25 00:00:00,DPL,14
1999-11-26 00:00:00,DPL,13.5
1999-11-30 00:00:00,DPL,13.5
1999-12-07 00:00:00,DPL,14
1999-12-09 00:00:00,DPL,14
1999-12-10 00:00:00,DPL,14.5
1999-12-13 00:00:00,DPL,14.5
1999-12-14 00:00:00,DPL,14.5
1999-12-15 00:00:00,DPL,14.25
SECURITY_DA,COMP,CLOSE_PRICE
-----------,----,-----------
1999-12-16 00:00:00,DPL,14.25
1999-12-17 00:00:00,DPL,14.5
1999-12-20 00:00:00,DPL,14.5
1999-12-21 00:00:00,DPL,14
1999-12-23 00:00:00,DPL,14
1999-12-27 00:00:00,DPL,14
1999-12-28 00:00:00,DPL,14
1999-12-29 00:00:00,DPL,14
1999-12-30 00:00:00,DPL,13.75
1999-01-06 00:00:00,EAST,4.5
1999-01-07 00:00:00,EAST,4.5
1999-01-20 00:00:00,EAST,4.75
1999-01-22 00:00:00,EAST,5.5
1999-01-25 00:00:00,EAST,5.5
1999-01-26 00:00:00,EAST,5.25
1999-01-27 00:00:00,EAST,5.5
1999-01-28 00:00:00,EAST,5.75
1999-01-29 00:00:00,EAST,5.75
1999-02-02 00:00:00,EAST,5.5
1999-02-03 00:00:00,EAST,5.75
1999-02-08 00:00:00,EAST,5.5
SECURITY_DA,COMP,CLOSE_PRICE
-----------,----,-----------
1999-02-10 00:00:00,EAST,5.5
1999-02-11 00:00:00,EAST,5.25
1999-02-15 00:00:00,EAST,5.25
1999-02-16 00:00:00,EAST,5.25
1999-02-17 00:00:00,EAST,5.25
1999-02-25 00:00:00,EAST,5
1999-02-26 00:00:00,EAST,5
1999-03-03 00:00:00,EAST,5
1999-03-04 00:00:00,EAST,5.25
1999-03-08 00:00:00,EAST,5
1999-03-15 00:00:00,EAST,5
1999-03-17 00:00:00,EAST,5
1999-03-23 00:00:00,EAST,5.25
1999-03-24 00:00:00,EAST,5
1999-03-29 00:00:00,EAST,5
1999-04-08 00:00:00,EAST,5.25
1999-04-20 00:00:00,EAST,4.75
1999-04-23 00:00:00,EAST,4.75
1999-04-26 00:00:00,EAST,4.75
1999-04-27 00:00:00,EAST,4.75
1999-05-03 00:00:00,EAST,4.75
SECURITY_DA,COMP,CLOSE_PRICE
-----------,----,-----------
1999-05-21 00:00:00,EAST,5.25
1999-05-25 00:00:00,EAST,4.75
1999-05-28 00:00:00,EAST,4.75
1999-06-02 00:00:00,EAST,4.75
1999-06-07 00:00:00,EAST,4.75
1999-06-09 00:00:00,EAST,5.5
1999-06-10 00:00:00,EAST,5.25
1999-06-18 00:00:00,EAST,5
1999-06-24 00:00:00,EAST,5.25
1999-07-06 00:00:00,EAST,5
1999-07-09 00:00:00,EAST,5.25
1999-07-15 00:00:00,EAST,5.25
1999-07-16 00:00:00,EAST,5.5
1999-07-22 00:00:00,EAST,5.25
1999-07-23 00:00:00,EAST,5.5
1999-08-04 00:00:00,EAST,5
1999-08-06 00:00:00,EAST,4.5
1999-08-10 00:00:00,EAST,5
1999-08-16 00:00:00,EAST,5
1999-08-17 00:00:00,EAST,5
1999-08-18 00:00:00,EAST,5
SECURITY_DA,COMP,CLOSE_PRICE
-----------,----,-----------
1999-08-20 00:00:00,EAST,5
1999-08-23 00:00:00,EAST,5.25
1999-08-24 00:00:00,EAST,5.25
1999-09-02 00:00:00,EAST,5.25
1999-09-30 00:00:00,EAST,4.75
1999-10-01 00:00:00,EAST,4.75
1999-11-11 00:00:00,EAST,4.75
1999-11-17 00:00:00,EAST,5
1999-11-18 00:00:00,EAST,5
1999-11-24 00:00:00,EAST,5
1999-12-06 00:00:00,EAST,5
1999-12-08 00:00:00,EAST,5
1999-12-10 00:00:00,EAST,5.25
1999-12-14 00:00:00,EAST,5.5
1999-12-16 00:00:00,EAST,5.5
1999-12-21 00:00:00,EAST,5.5
1999-02-01 00:00:00,EBCR,47.75
1999-02-12 00:00:00,EBCR,48
1999-02-19 00:00:00,EBCR,49.75
1999-03-11 00:00:00,EBCR,45
1999-05-14 00:00:00,EBCR,40
SECURITY_DA,COMP,CLOSE_PRICE
-----------,----,-----------
1999-05-19 00:00:00,EBCR,40
1999-05-20 00:00:00,EBCR,40
1999-05-24 00:00:00,EBCR,40
1999-05-25 00:00:00,EBCR,40
1999-10-05 00:00:00,EBCR,35
1999-10-15 00:00:00,EBCR,35
1999-10-18 00:00:00,EBCR,35
1999-10-19 00:00:00,EBCR,35
1999-10-20 00:00:00,EBCR,35
1999-10-21 00:00:00,EBCR,35
1999-10-26 00:00:00,EBCR,35
1999-10-27 00:00:00,EBCR,35
1999-10-29 00:00:00,EBCR,35
1999-11-11 00:00:00,EBCR,35
1999-12-03 00:00:00,EBCR,35
1999-01-05 00:00:00,EDEN,6
1999-01-07 00:00:00,EDEN,6.25
1999-01-08 00:00:00,EDEN,6.25
1999-01-11 00:00:00,EDEN,6
1999-01-12 00:00:00,EDEN,6
1999-01-13 00:00:00,EDEN,6.25
SECURITY_DA,COMP,CLOSE_PRICE
-----------,----,-----------
1999-01-14 00:00:00,EDEN,6.5
1999-01-18 00:00:00,EDEN,6.25
1999-01-21 00:00:00,EDEN,6.25
1999-01-22 00:00:00,EDEN,6.5
1999-01-25 00:00:00,EDEN,6.5
1999-01-26 00:00:00,EDEN,6.5
1999-01-28 00:00:00,EDEN,6.25
1999-02-02 00:00:00,EDEN,6.25
1999-02-03 00:00:00,EDEN,6.25
1999-02-05 00:00:00,EDEN,6.5
1999-02-08 00:00:00,EDEN,6.25
1999-02-09 00:00:00,EDEN,6.5
1999-02-10 00:00:00,EDEN,6.25
1999-02-11 00:00:00,EDEN,6.5
1999-02-12 00:00:00,EDEN,6.5
1999-02-15 00:00:00,EDEN,6.5
1999-02-16 00:00:00,EDEN,6.5
1999-02-17 00:00:00,EDEN,6.5
1999-02-18 00:00:00,EDEN,6.5
1999-02-19 00:00:00,EDEN,6.5
1999-02-22 00:00:00,EDEN,6.5
SECURITY_DA,COMP,CLOSE_PRICE
-----------,----,-----------
1999-02-23 00:00:00,EDEN,6.75
1999-02-24 00:00:00,EDEN,6.25
1999-02-25 00:00:00,EDEN,6.25
1999-02-26 00:00:00,EDEN,6.25
1999-03-02 00:00:00,EDEN,6.5
1999-03-03 00:00:00,EDEN,6.5
1999-03-04 00:00:00,EDEN,6.75
1999-03-05 00:00:00,EDEN,6.5
1999-03-08 00:00:00,EDEN,6.5
1999-03-09 00:00:00,EDEN,6.25
1999-03-10 00:00:00,EDEN,6.25
1999-03-11 00:00:00,EDEN,6.25
1999-03-12 00:00:00,EDEN,6
1999-03-16 00:00:00,EDEN,6
1999-03-19 00:00:00,EDEN,6
1999-03-22 00:00:00,EDEN,6
1999-03-23 00:00:00,EDEN,6
1999-03-24 00:00:00,EDEN,6
1999-03-29 00:00:00,EDEN,6
1999-03-30 00:00:00,EDEN,6
1999-04-01 00:00:00,EDEN,6
SECURITY_DA,COMP,CLOSE_PRICE
-----------,----,-----------
1999-04-07 00:00:00,EDEN,6
1999-04-08 00:00:00,EDEN,6
1999-04-19 00:00:00,EDEN,5.5
1999-04-20 00:00:00,EDEN,5.75
1999-04-22 00:00:00,EDEN,5.5
1999-04-23 00:00:00,EDEN,5.5
1999-04-26 00:00:00,EDEN,5.5
1999-04-27 00:00:00,EDEN,5.5
1999-04-28 00:00:00,EDEN,5.5
1999-05-04 00:00:00,EDEN,5.5
1999-05-05 00:00:00,EDEN,5.5
1999-05-06 00:00:00,EDEN,5.5
1999-05-07 00:00:00,EDEN,5.5
1999-05-10 00:00:00,EDEN,5.25
1999-05-12 00:00:00,EDEN,5.25
1999-05-17 00:00:00,EDEN,5.25
1999-05-18 00:00:00,EDEN,5
1999-05-19 00:00:00,EDEN,5.5
1999-05-20 00:00:00,EDEN,5.5
1999-05-21 00:00:00,EDEN,5.5
1999-05-26 00:00:00,EDEN,5.5
SECURITY_DA,COMP,CLOSE_PRICE
-----------,----,-----------
1999-05-27 00:00:00,EDEN,5.25
1999-05-28 00:00:00,EDEN,5.25
1999-06-01 00:00:00,EDEN,5.25
1999-06-03 00:00:00,EDEN,5.25
1999-06-04 00:00:00,EDEN,5.25
1999-06-07 00:00:00,EDEN,5.25
1999-06-08 00:00:00,EDEN,5.25
1999-06-09 00:00:00,EDEN,5.25
1999-06-11 00:00:00,EDEN,5.25
1999-06-15 00:00:00,EDEN,5.25
1999-06-16 00:00:00,EDEN,5.25
1999-06-18 00:00:00,EDEN,4.75
1999-06-21 00:00:00,EDEN,5
1999-06-24 00:00:00,EDEN,5
1999-07-01 00:00:00,EDEN,5
1999-07-05 00:00:00,EDEN,5.25
1999-07-06 00:00:00,EDEN,5.25
1999-07-07 00:00:00,EDEN,5.5
1999-07-08 00:00:00,EDEN,5
1999-07-09 00:00:00,EDEN,5
1999-07-12 00:00:00,EDEN,5.25
SECURITY_DA,COMP,CLOSE_PRICE
-----------,----,-----------
1999-07-13 00:00:00,EDEN,5
1999-07-14 00:00:00,EDEN,5
1999-07-15 00:00:00,EDEN,5.25
1999-07-16 00:00:00,EDEN,5.5
1999-07-19 00:00:00,EDEN,5.5
1999-07-20 00:00:00,EDEN,5.5
1999-07-21 00:00:00,EDEN,5.5
1999-07-22 00:00:00,EDEN,5.5
1999-07-23 00:00:00,EDEN,5.5
1999-07-26 00:00:00,EDEN,5.5
1999-07-27 00:00:00,EDEN,5.5
1999-07-29 00:00:00,EDEN,5.5
1999-07-30 00:00:00,EDEN,5.5
1999-08-02 00:00:00,EDEN,5.5
1999-08-03 00:00:00,EDEN,5.5
1999-08-04 00:00:00,EDEN,5.75
1999-08-05 00:00:00,EDEN,7.5
1999-08-06 00:00:00,EDEN,6.75
1999-08-09 00:00:00,EDEN,6.25
1999-08-10 00:00:00,EDEN,6.25
1999-08-11 00:00:00,EDEN,6
SECURITY_DA,COMP,CLOSE_PRICE
-----------,----,-----------
1999-08-12 00:00:00,EDEN,5.75
1999-08-13 00:00:00,EDEN,5.75
1999-08-17 00:00:00,EDEN,6
1999-08-19 00:00:00,EDEN,6
1999-08-20 00:00:00,EDEN,5.75
1999-08-23 00:00:00,EDEN,5.75
1999-08-24 00:00:00,EDEN,6
1999-08-25 00:00:00,EDEN,6
1999-08-31 00:00:00,EDEN,5.75
1999-09-01 00:00:00,EDEN,5.75
1999-09-02 00:00:00,EDEN,5.75
1999-09-03 00:00:00,EDEN,5.75
1999-09-06 00:00:00,EDEN,5.75
1999-09-07 00:00:00,EDEN,5.75
1999-09-08 00:00:00,EDEN,5.75
1999-09-10 00:00:00,EDEN,5.75
1999-09-13 00:00:00,EDEN,6
1999-09-14 00:00:00,EDEN,6
1999-09-15 00:00:00,EDEN,5.75
1999-09-16 00:00:00,EDEN,5.75
1999-09-17 00:00:00,EDEN,5.75
SECURITY_DA,COMP,CLOSE_PRICE
-----------,----,-----------
1999-09-20 00:00:00,EDEN,5.75
1999-09-21 00:00:00,EDEN,5.75
1999-09-22 00:00:00,EDEN,5.75
1999-09-23 00:00:00,EDEN,6
1999-09-24 00:00:00,EDEN,6
1999-09-27 00:00:00,EDEN,6
1999-09-28 00:00:00,EDEN,6
1999-09-29 00:00:00,EDEN,6
1999-10-01 00:00:00,EDEN,5.75
1999-10-04 00:00:00,EDEN,6
1999-10-05 00:00:00,EDEN,6
1999-10-06 00:00:00,EDEN,6
1999-10-07 00:00:00,EDEN,6
1999-10-11 00:00:00,EDEN,6
1999-10-12 00:00:00,EDEN,5.75
1999-10-14 00:00:00,EDEN,5.75
1999-10-15 00:00:00,EDEN,5.75
1999-10-19 00:00:00,EDEN,5.75
1999-10-20 00:00:00,EDEN,5.75
1999-10-21 00:00:00,EDEN,5.75
1999-10-22 00:00:00,EDEN,5.75
SECURITY_DA,COMP,CLOSE_PRICE
-----------,----,-----------
1999-10-25 00:00:00,EDEN,5.5
1999-10-27 00:00:00,EDEN,5.25
1999-10-28 00:00:00,EDEN,5.25
1999-10-29 00:00:00,EDEN,5.75
1999-11-01 00:00:00,EDEN,5
1999-11-02 00:00:00,EDEN,5.5
1999-11-03 00:00:00,EDEN,5.25
1999-11-04 00:00:00,EDEN,5.5
1999-11-05 00:00:00,EDEN,5.5
1999-11-08 00:00:00,EDEN,5.5
1999-11-09 00:00:00,EDEN,5.5
1999-11-10 00:00:00,EDEN,5.25
1999-11-11 00:00:00,EDEN,5.25
1999-11-17 00:00:00,EDEN,5.25
1999-11-18 00:00:00,EDEN,5.25
1999-11-19 00:00:00,EDEN,5.25
1999-11-23 00:00:00,EDEN,5.25
1999-11-25 00:00:00,EDEN,5.25
1999-11-30 00:00:00,EDEN,5.5
1999-12-01 00:00:00,EDEN,5.5
1999-12-07 00:00:00,EDEN,5.5
SECURITY_DA,COMP,CLOSE_PRICE
-----------,----,-----------
1999-12-08 00:00:00,EDEN,5.75
1999-12-10 00:00:00,EDEN,6
1999-12-13 00:00:00,EDEN,6
1999-12-14 00:00:00,EDEN,6
1999-12-15 00:00:00,EDEN,5.75
1999-12-17 00:00:00,EDEN,5.5
1999-12-21 00:00:00,EDEN,5.5
1999-12-23 00:00:00,EDEN,5.5
1999-12-27 00:00:00,EDEN,5.75
1999-12-28 00:00:00,EDEN,5.75
1999-01-14 00:00:00,ELAS,35
1999-02-02 00:00:00,ELAS,30
1999-01-04 00:00:00,EQIT,11
1999-01-05 00:00:00,EQIT,11
1999-01-07 00:00:00,EQIT,11
1999-01-08 00:00:00,EQIT,11
1999-01-26 00:00:00,EQIT,12
1999-02-02 00:00:00,EQIT,11
1999-03-03 00:00:00,EQIT,11
1999-03-04 00:00:00,EQIT,11
1999-03-19 00:00:00,EQIT,9
SECURITY_DA,COMP,CLOSE_PRICE
-----------,----,-----------
1999-03-22 00:00:00,EQIT,11
1999-03-23 00:00:00,EQIT,11
1999-03-24 00:00:00,EQIT,11
1999-03-26 00:00:00,EQIT,11
1999-04-01 00:00:00,EQIT,11.5
1999-04-07 00:00:00,EQIT,13.5
1999-04-08 00:00:00,EQIT,13.5
1999-04-09 00:00:00,EQIT,13.5
1999-04-12 00:00:00,EQIT,13.5
1999-04-15 00:00:00,EQIT,11.25
1999-04-28 00:00:00,EQIT,12
1999-05-04 00:00:00,EQIT,12
1999-05-05 00:00:00,EQIT,12
1999-06-03 00:00:00,EQIT,12.5
1999-06-04 00:00:00,EQIT,12.25
1999-06-23 00:00:00,EQIT,12
1999-07-12 00:00:00,EQIT,12
1999-07-15 00:00:00,EQIT,12
1999-07-27 00:00:00,EQIT,12.5
1999-08-05 00:00:00,EQIT,12.5
1999-08-18 00:00:00,EQIT,12.5
SECURITY_DA,COMP,CLOSE_PRICE
-----------,----,-----------
1999-09-02 00:00:00,EQIT,12.5
1999-09-15 00:00:00,EQIT,12
1999-01-05 00:00:00,ETWO,4
1999-01-07 00:00:00,ETWO,4
1999-01-12 00:00:00,ETWO,4
1999-01-13 00:00:00,ETWO,4
1999-01-28 00:00:00,ETWO,3.5
1999-02-01 00:00:00,ETWO,4
1999-02-02 00:00:00,ETWO,4
1999-02-03 00:00:00,ETWO,4
1999-02-10 00:00:00,ETWO,4.25
1999-02-17 00:00:00,ETWO,4.25
1999-02-19 00:00:00,ETWO,4.25
1999-02-24 00:00:00,ETWO,4
1999-03-04 00:00:00,ETWO,4
1999-03-05 00:00:00,ETWO,4
1999-03-29 00:00:00,ETWO,4
1999-04-01 00:00:00,ETWO,4.25
1999-04-05 00:00:00,ETWO,4.25
1999-04-19 00:00:00,ETWO,4.25
1999-04-20 00:00:00,ETWO,4
SECURITY_DA,COMP,CLOSE_PRICE
-----------,----,-----------
1999-04-22 00:00:00,ETWO,4.25
1999-04-26 00:00:00,ETWO,4.75
1999-05-07 00:00:00,ETWO,4.5
1999-05-14 00:00:00,ETWO,4
1999-05-28 00:00:00,ETWO,4.25
1999-06-02 00:00:00,ETWO,5.25
1999-06-03 00:00:00,ETWO,5.25
1999-06-04 00:00:00,ETWO,5.25
1999-06-07 00:00:00,ETWO,5
1999-06-10 00:00:00,ETWO,5
1999-06-15 00:00:00,ETWO,5
1999-06-16 00:00:00,ETWO,5
1999-06-18 00:00:00,ETWO,5.25
1999-06-21 00:00:00,ETWO,5
1999-06-24 00:00:00,ETWO,5.25
1999-06-25 00:00:00,ETWO,5.25
1999-07-01 00:00:00,ETWO,5.5
1999-07-05 00:00:00,ETWO,5
1999-07-06 00:00:00,ETWO,5
1999-07-09 00:00:00,ETWO,5
1999-07-12 00:00:00,ETWO,5.5
SECURITY_DA,COMP,CLOSE_PRICE
-----------,----,-----------
1999-07-13 00:00:00,ETWO,5
1999-07-15 00:00:00,ETWO,5.25
1999-07-16 00:00:00,ETWO,5
1999-07-19 00:00:00,ETWO,5.25
1999-07-21 00:00:00,ETWO,5.25
1999-07-22 00:00:00,ETWO,5.25
1999-07-23 00:00:00,ETWO,5.25
1999-07-26 00:00:00,ETWO,5
1999-07-27 00:00:00,ETWO,5
1999-08-02 00:00:00,ETWO,5
1999-08-06 00:00:00,ETWO,4.75
1999-08-09 00:00:00,ETWO,4.75
1999-08-10 00:00:00,ETWO,4.75
1999-08-11 00:00:00,ETWO,4.75
1999-08-16 00:00:00,ETWO,4.75
1999-08-17 00:00:00,ETWO,4.75
1999-08-18 00:00:00,ETWO,4.75
1999-08-23 00:00:00,ETWO,4
1999-09-02 00:00:00,ETWO,5
1999-09-03 00:00:00,ETWO,5
1999-09-06 00:00:00,ETWO,5
SECURITY_DA,COMP,CLOSE_PRICE
-----------,----,-----------
1999-09-07 00:00:00,ETWO,5
1999-09-08 00:00:00,ETWO,4.75
1999-09-09 00:00:00,ETWO,4.75
1999-09-10 00:00:00,ETWO,4.75
1999-09-13 00:00:00,ETWO,4.75
1999-09-21 00:00:00,ETWO,4.75
1999-09-22 00:00:00,ETWO,4.75
1999-09-23 00:00:00,ETWO,5
1999-09-28 00:00:00,ETWO,4.75
1999-09-30 00:00:00,ETWO,4.75
1999-10-04 00:00:00,ETWO,5
1999-10-05 00:00:00,ETWO,5
1999-10-06 00:00:00,ETWO,5
1999-10-07 00:00:00,ETWO,5
1999-10-08 00:00:00,ETWO,5
1999-10-11 00:00:00,ETWO,5.5
1999-10-12 00:00:00,ETWO,5.25
1999-10-14 00:00:00,ETWO,5
1999-10-19 00:00:00,ETWO,5
1999-10-25 00:00:00,ETWO,5
1999-10-26 00:00:00,ETWO,5
SECURITY_DA,COMP,CLOSE_PRICE
-----------,----,-----------
1999-11-01 00:00:00,ETWO,5.5
1999-11-02 00:00:00,ETWO,5
1999-11-24 00:00:00,ETWO,4.25
1999-12-03 00:00:00,ETWO,5
1999-12-20 00:00:00,ETWO,5
1999-12-28 00:00:00,ETWO,4
1999-01-05 00:00:00,FERN,5.75
1999-01-07 00:00:00,FERN,5.75
1999-01-08 00:00:00,FERN,5.75
1999-01-12 00:00:00,FERN,5.75
1999-01-18 00:00:00,FERN,6
1999-01-20 00:00:00,FERN,5.75
1999-01-22 00:00:00,FERN,6
1999-01-27 00:00:00,FERN,6
1999-01-28 00:00:00,FERN,6
1999-02-01 00:00:00,FERN,6
1999-02-02 00:00:00,FERN,6
1999-02-05 00:00:00,FERN,6
1999-02-17 00:00:00,FERN,6
1999-02-18 00:00:00,FERN,6
1999-02-24 00:00:00,FERN,5.75
SECURITY_DA,COMP,CLOSE_PRICE
-----------,----,-----------
1999-02-25 00:00:00,FERN,6
1999-02-26 00:00:00,FERN,6
1999-03-02 00:00:00,FERN,6
1999-03-04 00:00:00,FERN,6
1999-03-05 00:00:00,FERN,6
1999-03-09 00:00:00,FERN,6
1999-03-12 00:00:00,FERN,6.5
1999-03-18 00:00:00,FERN,6.5
1999-03-26 00:00:00,FERN,7
1999-03-29 00:00:00,FERN,6.5
1999-04-16 00:00:00,FERN,6.5
1999-04-23 00:00:00,FERN,5.75
1999-04-26 00:00:00,FERN,5.75
1999-05-03 00:00:00,FERN,6.75
1999-05-04 00:00:00,FERN,6.75
1999-05-11 00:00:00,FERN,6.75
1999-05-26 00:00:00,FERN,6.25
1999-05-28 00:00:00,FERN,6.5
1999-06-08 00:00:00,FERN,7
1999-06-10 00:00:00,FERN,7
1999-06-11 00:00:00,FERN,7
SECURITY_DA,COMP,CLOSE_PRICE
-----------,----,-----------
1999-06-14 00:00:00,FERN,7
1999-06-16 00:00:00,FERN,7
1999-06-18 00:00:00,FERN,7
1999-06-21 00:00:00,FERN,7
1999-07-01 00:00:00,FERN,7.5
1999-07-02 00:00:00,FERN,7.5
1999-07-05 00:00:00,FERN,7
1999-07-07 00:00:00,FERN,6.75
1999-07-14 00:00:00,FERN,6.75
1999-07-15 00:00:00,FERN,6.5
1999-07-16 00:00:00,FERN,6.75
1999-07-23 00:00:00,FERN,6.75
1999-07-26 00:00:00,FERN,6.5
1999-08-05 00:00:00,FERN,6.75
1999-08-06 00:00:00,FERN,6.75
1999-08-10 00:00:00,FERN,6
1999-08-11 00:00:00,FERN,5.75
1999-08-19 00:00:00,FERN,5.75
1999-08-30 00:00:00,FERN,5.5
1999-09-02 00:00:00,FERN,4.75
1999-09-03 00:00:00,FERN,4.75
SECURITY_DA,COMP,CLOSE_PRICE
-----------,----,-----------
1999-09-07 00:00:00,FERN,5
1999-09-09 00:00:00,FERN,5
1999-09-13 00:00:00,FERN,5.25
1999-09-15 00:00:00,FERN,5.5
1999-09-16 00:00:00,FERN,5.5
1999-09-20 00:00:00,FERN,5.5
1999-09-22 00:00:00,FERN,6
1999-09-23 00:00:00,FERN,6
1999-09-24 00:00:00,FERN,6
1999-09-30 00:00:00,FERN,6
1999-10-01 00:00:00,FERN,6
1999-10-12 00:00:00,FERN,6
1999-10-25 00:00:00,FERN,5.5
1999-10-27 00:00:00,FERN,5
1999-11-02 00:00:00,FERN,5
1999-11-04 00:00:00,FERN,5
1999-11-09 00:00:00,FERN,6
1999-11-11 00:00:00,FERN,6
1999-11-16 00:00:00,FERN,5.5
1999-11-24 00:00:00,FERN,5
1999-12-03 00:00:00,FERN,4.5
SECURITY_DA,COMP,CLOSE_PRICE
-----------,----,-----------
1999-12-10 00:00:00,FERN,6
1999-12-14 00:00:00,FERN,6.75
1999-12-15 00:00:00,FERN,6.75
1999-12-16 00:00:00,FERN,7
1999-12-23 00:00:00,FERN,5
1999-01-05 00:00:00,GHLL,3
1999-01-06 00:00:00,GHLL,3
1999-01-07 00:00:00,GHLL,3
1999-01-08 00:00:00,GHLL,3
1999-01-11 00:00:00,GHLL,2.75
1999-01-12 00:00:00,GHLL,2.75
1999-01-13 00:00:00,GHLL,2.75
1999-01-14 00:00:00,GHLL,2.75
1999-01-20 00:00:00,GHLL,2.75
1999-01-21 00:00:00,GHLL,2.75
1999-01-22 00:00:00,GHLL,3
1999-01-25 00:00:00,GHLL,3
1999-01-28 00:00:00,GHLL,2.75
1999-01-29 00:00:00,GHLL,3
1999-02-12 00:00:00,GHLL,2.5
1999-02-15 00:00:00,GHLL,3
SECURITY_DA,COMP,CLOSE_PRICE
-----------,----,-----------
1999-02-17 00:00:00,GHLL,3
1999-02-18 00:00:00,GHLL,3
1999-02-19 00:00:00,GHLL,3
1999-02-22 00:00:00,GHLL,3
1999-02-23 00:00:00,GHLL,3
1999-02-26 00:00:00,GHLL,3
1999-03-05 00:00:00,GHLL,2.75
1999-03-09 00:00:00,GHLL,2.75
1999-03-10 00:00:00,GHLL,2.75
1999-03-11 00:00:00,GHLL,2.75
1999-03-12 00:00:00,GHLL,2.5
1999-03-15 00:00:00,GHLL,2.75
1999-03-17 00:00:00,GHLL,2.5
1999-03-22 00:00:00,GHLL,2.5
1999-03-23 00:00:00,GHLL,2.75
1999-03-24 00:00:00,GHLL,2.5
1999-03-25 00:00:00,GHLL,2.75
1999-04-01 00:00:00,GHLL,2.75
1999-04-06 00:00:00,GHLL,2.75
1999-04-07 00:00:00,GHLL,2.75
1999-04-09 00:00:00,GHLL,2.5
SECURITY_DA,COMP,CLOSE_PRICE
-----------,----,-----------
1999-04-16 00:00:00,GHLL,2.75
1999-04-21 00:00:00,GHLL,2.5
1999-04-22 00:00:00,GHLL,2.5
1999-04-28 00:00:00,GHLL,2.5
1999-05-03 00:00:00,GHLL,2.5
1999-05-04 00:00:00,GHLL,2.5
1999-05-06 00:00:00,GHLL,2.5
1999-05-11 00:00:00,GHLL,2.5
1999-05-12 00:00:00,GHLL,2.5
1999-05-17 00:00:00,GHLL,2.5
1999-05-20 00:00:00,GHLL,2.5
1999-05-25 00:00:00,GHLL,2.5
1999-05-26 00:00:00,GHLL,2.5
1999-05-27 00:00:00,GHLL,2.5
1999-05-28 00:00:00,GHLL,2.5
1999-06-01 00:00:00,GHLL,2.5
1999-06-03 00:00:00,GHLL,2.5
1999-06-04 00:00:00,GHLL,2.5
1999-06-10 00:00:00,GHLL,2.5
1999-06-11 00:00:00,GHLL,2.5
1999-06-14 00:00:00,GHLL,2.5
SECURITY_DA,COMP,CLOSE_PRICE
-----------,----,-----------
1999-06-15 00:00:00,GHLL,2.5
1999-06-16 00:00:00,GHLL,2.25
1999-06-17 00:00:00,GHLL,2.25
1999-06-21 00:00:00,GHLL,2.5
1999-06-22 00:00:00,GHLL,2.5
1999-06-24 00:00:00,GHLL,2.5
1999-06-30 00:00:00,GHLL,2.25
1999-07-01 00:00:00,GHLL,2.25
1999-07-07 00:00:00,GHLL,2.25
1999-07-15 00:00:00,GHLL,2.25
1999-07-16 00:00:00,GHLL,2.5
1999-07-20 00:00:00,GHLL,2.5
1999-07-21 00:00:00,GHLL,2.5
1999-07-22 00:00:00,GHLL,2.25
1999-07-29 00:00:00,GHLL,2.25
1999-07-30 00:00:00,GHLL,2.5
1999-08-02 00:00:00,GHLL,2.5
1999-08-03 00:00:00,GHLL,2.25
1999-08-05 00:00:00,GHLL,2.5
1999-08-06 00:00:00,GHLL,2.5
1999-08-09 00:00:00,GHLL,2.25
SECURITY_DA,COMP,CLOSE_PRICE
-----------,----,-----------
1999-08-12 00:00:00,GHLL,2.5
1999-08-13 00:00:00,GHLL,2.5
1999-08-16 00:00:00,GHLL,2.5
1999-08-17 00:00:00,GHLL,2.5
1999-08-18 00:00:00,GHLL,2.5
1999-08-19 00:00:00,GHLL,2.5
1999-08-20 00:00:00,GHLL,2.5
1999-08-23 00:00:00,GHLL,2.25
1999-08-24 00:00:00,GHLL,2.5
1999-08-30 00:00:00,GHLL,2.5
1999-08-31 00:00:00,GHLL,2.25
1999-09-01 00:00:00,GHLL,2.5
1999-09-02 00:00:00,GHLL,2.5
1999-09-06 00:00:00,GHLL,2.5
1999-09-13 00:00:00,GHLL,2.5
1999-09-14 00:00:00,GHLL,2.5
1999-09-15 00:00:00,GHLL,2.25
1999-09-16 00:00:00,GHLL,2.5
1999-09-20 00:00:00,GHLL,2.5
1999-09-21 00:00:00,GHLL,2.5
1999-09-22 00:00:00,GHLL,2.5
SECURITY_DA,COMP,CLOSE_PRICE
-----------,----,-----------
1999-09-23 00:00:00,GHLL,2.5
1999-09-28 00:00:00,GHLL,2.25
1999-10-05 00:00:00,GHLL,2.25
1999-10-11 00:00:00,GHLL,2.25
1999-10-12 00:00:00,GHLL,2.25
1999-10-13 00:00:00,GHLL,2.25
1999-10-15 00:00:00,GHLL,2.25
1999-10-18 00:00:00,GHLL,2.25
1999-10-19 00:00:00,GHLL,2.25
1999-10-21 00:00:00,GHLL,2.5
1999-10-27 00:00:00,GHLL,2.5
1999-10-28 00:00:00,GHLL,2.25
1999-10-29 00:00:00,GHLL,2.25
1999-11-01 00:00:00,GHLL,2.25
1999-11-02 00:00:00,GHLL,2
1999-11-03 00:00:00,GHLL,2.5
1999-11-05 00:00:00,GHLL,2.5
1999-11-08 00:00:00,GHLL,2.25
1999-11-10 00:00:00,GHLL,2.25
1999-11-11 00:00:00,GHLL,2.5
1999-11-16 00:00:00,GHLL,2.25
SECURITY_DA,COMP,CLOSE_PRICE
-----------,----,-----------
1999-11-17 00:00:00,GHLL,2.25
1999-11-18 00:00:00,GHLL,2.5
1999-11-19 00:00:00,GHLL,2.5
1999-11-23 00:00:00,GHLL,2.5
1999-11-24 00:00:00,GHLL,2.25
1999-11-26 00:00:00,GHLL,2.25
1999-11-29 00:00:00,GHLL,2.25
1999-12-01 00:00:00,GHLL,2.5
1999-12-02 00:00:00,GHLL,2.25
1999-12-03 00:00:00,GHLL,2.5
1999-12-07 00:00:00,GHLL,2.5
1999-12-08 00:00:00,GHLL,2.5
1999-12-09 00:00:00,GHLL,2.25
1999-12-10 00:00:00,GHLL,2.5
1999-12-14 00:00:00,GHLL,2.5
1999-12-15 00:00:00,GHLL,2.5
1999-12-16 00:00:00,GHLL,2.5
1999-12-20 00:00:00,GHLL,2.5
1999-12-27 00:00:00,GHLL,2.5
1999-12-28 00:00:00,GHLL,2.5
1999-12-30 00:00:00,GHLL,2.75
SECURITY_DA,COMP,CLOSE_PRICE
-----------,----,-----------
1999-01-04 00:00:00,GLAS,11.5
1999-01-05 00:00:00,GLAS,11.5
1999-01-06 00:00:00,GLAS,11.25
1999-01-07 00:00:00,GLAS,10
1999-01-08 00:00:00,GLAS,10.5
1999-01-11 00:00:00,GLAS,10.5
1999-01-12 00:00:00,GLAS,10.5
1999-01-13 00:00:00,GLAS,10.5
1999-01-14 00:00:00,GLAS,10.25
1999-01-19 00:00:00,GLAS,10.25
1999-01-20 00:00:00,GLAS,10.25
1999-01-21 00:00:00,GLAS,10
1999-01-22 00:00:00,GLAS,10.25
1999-01-26 00:00:00,GLAS,10
1999-01-27 00:00:00,GLAS,10.25
1999-01-28 00:00:00,GLAS,9.75
1999-01-29 00:00:00,GLAS,9.75
1999-02-01 00:00:00,GLAS,9.5
1999-02-02 00:00:00,GLAS,9.5
1999-02-03 00:00:00,GLAS,9.5
1999-02-05 00:00:00,GLAS,9.75
SECURITY_DA,COMP,CLOSE_PRICE
-----------,----,-----------
1999-02-08 00:00:00,GLAS,9.75
1999-02-09 00:00:00,GLAS,9.5
1999-02-10 00:00:00,GLAS,9.5
1999-02-11 00:00:00,GLAS,9.75
1999-02-15 00:00:00,GLAS,9.75
1999-02-16 00:00:00,GLAS,9.75
1999-02-17 00:00:00,GLAS,9.75
1999-02-18 00:00:00,GLAS,10
1999-02-19 00:00:00,GLAS,10.25
1999-02-22 00:00:00,GLAS,10.25
1999-02-23 00:00:00,GLAS,10
1999-02-24 00:00:00,GLAS,9.5
1999-02-25 00:00:00,GLAS,9.5
1999-02-26 00:00:00,GLAS,9.5
1999-03-02 00:00:00,GLAS,9.5
1999-03-03 00:00:00,GLAS,9.5
1999-03-04 00:00:00,GLAS,9.5
1999-03-05 00:00:00,GLAS,9.5
1999-03-08 00:00:00,GLAS,9.5
1999-03-09 00:00:00,GLAS,9.5
1999-03-10 00:00:00,GLAS,9.25
SECURITY_DA,COMP,CLOSE_PRICE
-----------,----,-----------
1999-03-12 00:00:00,GLAS,9.25
1999-03-15 00:00:00,GLAS,9
1999-03-16 00:00:00,GLAS,9
1999-03-17 00:00:00,GLAS,9.25
1999-03-19 00:00:00,GLAS,9.25
1999-03-22 00:00:00,GLAS,9.5
1999-03-23 00:00:00,GLAS,9.5
1999-03-24 00:00:00,GLAS,9.25
1999-03-26 00:00:00,GLAS,9.5
1999-03-30 00:00:00,GLAS,9.25
1999-04-07 00:00:00,GLAS,9
1999-04-08 00:00:00,GLAS,9.5
1999-04-09 00:00:00,GLAS,10.5
1999-04-12 00:00:00,GLAS,10
1999-04-15 00:00:00,GLAS,10
1999-04-16 00:00:00,GLAS,10
1999-04-19 00:00:00,GLAS,10
1999-04-20 00:00:00,GLAS,10
1999-04-21 00:00:00,GLAS,10
1999-04-22 00:00:00,GLAS,10
1999-04-23 00:00:00,GLAS,10
SECURITY_DA,COMP,CLOSE_PRICE
-----------,----,-----------
1999-04-26 00:00:00,GLAS,9.25
1999-04-28 00:00:00,GLAS,9.25
1999-05-04 00:00:00,GLAS,9.25
1999-05-05 00:00:00,GLAS,9.25
1999-05-06 00:00:00,GLAS,9.25
1999-05-07 00:00:00,GLAS,9.25
1999-05-10 00:00:00,GLAS,9.25
1999-05-11 00:00:00,GLAS,9.25
1999-05-12 00:00:00,GLAS,9
1999-05-14 00:00:00,GLAS,9
1999-05-17 00:00:00,GLAS,9
1999-05-18 00:00:00,GLAS,9
1999-05-19 00:00:00,GLAS,9
1999-05-20 00:00:00,GLAS,9
1999-05-21 00:00:00,GLAS,8.75
1999-05-25 00:00:00,GLAS,9
1999-05-26 00:00:00,GLAS,8.75
1999-05-28 00:00:00,GLAS,8.75
1999-06-01 00:00:00,GLAS,8.75
1999-06-02 00:00:00,GLAS,9
1999-06-04 00:00:00,GLAS,9
SECURITY_DA,COMP,CLOSE_PRICE
-----------,----,-----------
1999-06-07 00:00:00,GLAS,9.25
1999-06-08 00:00:00,GLAS,9.25
1999-06-09 00:00:00,GLAS,9
1999-06-10 00:00:00,GLAS,9.5
1999-06-14 00:00:00,GLAS,9.25
1999-06-15 00:00:00,GLAS,9.25
1999-06-16 00:00:00,GLAS,9.25
1999-06-17 00:00:00,GLAS,9
1999-06-18 00:00:00,GLAS,9
1999-07-13 00:00:00,GLAS,18.25
1999-07-14 00:00:00,GLAS,18
1999-07-15 00:00:00,GLAS,18
1999-07-16 00:00:00,GLAS,18
1999-07-19 00:00:00,GLAS,18.5
1999-07-20 00:00:00,GLAS,18
1999-07-21 00:00:00,GLAS,18.25
1999-07-22 00:00:00,GLAS,18.25
1999-07-23 00:00:00,GLAS,18.25
1999-07-26 00:00:00,GLAS,18.25
1999-07-27 00:00:00,GLAS,18
1999-07-29 00:00:00,GLAS,18.25
SECURITY_DA,COMP,CLOSE_PRICE
-----------,----,-----------
1999-07-30 00:00:00,GLAS,18.75
1999-08-02 00:00:00,GLAS,19
1999-08-03 00:00:00,GLAS,19.5
1999-08-04 00:00:00,GLAS,19.5
1999-08-05 00:00:00,GLAS,19.5
1999-08-06 00:00:00,GLAS,20.5
1999-08-09 00:00:00,GLAS,19.5
1999-08-10 00:00:00,GLAS,19.25
1999-08-11 00:00:00,GLAS,19.25
1999-08-12 00:00:00,GLAS,19.25
1999-08-13 00:00:00,GLAS,19.5
1999-08-16 00:00:00,GLAS,19.5
1999-08-17 00:00:00,GLAS,19.25
1999-08-18 00:00:00,GLAS,19.5
1999-08-19 00:00:00,GLAS,19.25
1999-08-20 00:00:00,GLAS,19.25
1999-08-23 00:00:00,GLAS,19.25
1999-08-24 00:00:00,GLAS,19.25
1999-08-25 00:00:00,GLAS,19.5
1999-08-30 00:00:00,GLAS,19.75
1999-08-31 00:00:00,GLAS,19.5
SECURITY_DA,COMP,CLOSE_PRICE
-----------,----,-----------
1999-09-01 00:00:00,GLAS,19.5
1999-09-02 00:00:00,GLAS,19.5
1999-09-03 00:00:00,GLAS,19.5
1999-09-06 00:00:00,GLAS,19.5
1999-09-07 00:00:00,GLAS,19.5
1999-09-08 00:00:00,GLAS,19.5
1999-09-09 00:00:00,GLAS,19.75
1999-09-10 00:00:00,GLAS,19.75
1999-09-13 00:00:00,GLAS,19.75
1999-09-14 00:00:00,GLAS,19.5
1999-09-15 00:00:00,GLAS,20
1999-09-16 00:00:00,GLAS,19
1999-09-23 00:00:00,GLAS,15
1999-09-24 00:00:00,GLAS,15.5
1999-09-28 00:00:00,GLAS,15.5
1999-09-30 00:00:00,GLAS,16
1999-10-01 00:00:00,GLAS,16
1999-10-04 00:00:00,GLAS,16
1999-10-05 00:00:00,GLAS,16
1999-10-06 00:00:00,GLAS,16
1999-10-07 00:00:00,GLAS,16
SECURITY_DA,COMP,CLOSE_PRICE
-----------,----,-----------
1999-10-08 00:00:00,GLAS,16
1999-10-11 00:00:00,GLAS,15
1999-10-15 00:00:00,GLAS,14
1999-10-18 00:00:00,GLAS,12
1999-10-19 00:00:00,GLAS,12
1999-10-20 00:00:00,GLAS,12.5
1999-10-25 00:00:00,GLAS,12.75
1999-10-26 00:00:00,GLAS,12.75
1999-11-03 00:00:00,GLAS,12
1999-11-04 00:00:00,GLAS,12
1999-11-05 00:00:00,GLAS,12
1999-11-08 00:00:00,GLAS,12
1999-11-09 00:00:00,GLAS,12
1999-11-11 00:00:00,GLAS,12.25
1999-11-12 00:00:00,GLAS,12.25
1999-11-15 00:00:00,GLAS,13
1999-11-16 00:00:00,GLAS,12.25
1999-11-17 00:00:00,GLAS,12
1999-11-23 00:00:00,GLAS,12
1999-11-24 00:00:00,GLAS,12
1999-11-25 00:00:00,GLAS,12
SECURITY_DA,COMP,CLOSE_PRICE
-----------,----,-----------
1999-11-26 00:00:00,GLAS,11.75
1999-11-29 00:00:00,GLAS,12
1999-11-30 00:00:00,GLAS,12
1999-12-02 00:00:00,GLAS,12
1999-12-06 00:00:00,GLAS,12.5
1999-12-09 00:00:00,GLAS,12
1999-12-10 00:00:00,GLAS,13
1999-12-23 00:00:00,GLAS,12
1999-12-27 00:00:00,GLAS,12
1999-12-28 00:00:00,GLAS,11.5
1999-12-30 00:00:00,GLAS,12
1999-01-19 00:00:00,GLAX,33
1999-01-21 00:00:00,GLAX,33
1999-01-26 00:00:00,GLAX,33
1999-02-01 00:00:00,GLAX,31.25
1999-02-02 00:00:00,GLAX,31.5
1999-02-15 00:00:00,GLAX,31.5
1999-02-17 00:00:00,GLAX,33
1999-02-18 00:00:00,GLAX,34.75
1999-02-19 00:00:00,GLAX,32
1999-03-03 00:00:00,GLAX,34
SECURITY_DA,COMP,CLOSE_PRICE
-----------,----,-----------
1999-03-05 00:00:00,GLAX,34
1999-03-08 00:00:00,GLAX,34
1999-03-09 00:00:00,GLAX,34
1999-03-12 00:00:00,GLAX,34.5
1999-03-17 00:00:00,GLAX,34.5
1999-03-19 00:00:00,GLAX,34
1999-03-22 00:00:00,GLAX,34
1999-03-23 00:00:00,GLAX,35
1999-03-24 00:00:00,GLAX,34.5
1999-03-25 00:00:00,GLAX,34.5
1999-03-29 00:00:00,GLAX,34
1999-04-09 00:00:00,GLAX,35
1999-04-16 00:00:00,GLAX,35
1999-04-19 00:00:00,GLAX,35
1999-04-20 00:00:00,GLAX,35
1999-04-21 00:00:00,GLAX,35.25
1999-04-22 00:00:00,GLAX,35
1999-05-12 00:00:00,GLAX,35
1999-05-24 00:00:00,GLAX,32
1999-06-03 00:00:00,GLAX,32
1999-06-10 00:00:00,GLAX,32
SECURITY_DA,COMP,CLOSE_PRICE
-----------,----,-----------
1999-06-21 00:00:00,GLAX,33
1999-06-25 00:00:00,GLAX,28.75
1999-07-08 00:00:00,GLAX,29.75
1999-07-12 00:00:00,GLAX,30
1999-07-21 00:00:00,GLAX,30.25
1999-07-26 00:00:00,GLAX,30
1999-08-05 00:00:00,GLAX,32
1999-08-06 00:00:00,GLAX,32
1999-08-11 00:00:00,GLAX,32
1999-08-16 00:00:00,GLAX,31.25
1999-08-17 00:00:00,GLAX,31.25
1999-08-18 00:00:00,GLAX,31.25
1999-08-24 00:00:00,GLAX,29
1999-08-30 00:00:00,GLAX,31.5
1999-09-03 00:00:00,GLAX,30.5
1999-09-06 00:00:00,GLAX,30.25
1999-09-09 00:00:00,GLAX,30
1999-09-16 00:00:00,GLAX,31
1999-09-17 00:00:00,GLAX,31
1999-09-29 00:00:00,GLAX,33
1999-10-07 00:00:00,GLAX,32
SECURITY_DA,COMP,CLOSE_PRICE
-----------,----,-----------
1999-10-27 00:00:00,GLAX,30
1999-11-05 00:00:00,GLAX,30
1999-11-09 00:00:00,GLAX,30.25
1999-11-12 00:00:00,GLAX,33
1999-11-17 00:00:00,GLAX,32
1999-12-07 00:00:00,GLAX,35
1999-12-09 00:00:00,GLAX,35.25
1999-12-15 00:00:00,GLAX,35.25
1999-12-16 00:00:00,GLAX,35
1999-12-27 00:00:00,GLAX,35
1999-01-28 00:00:00,GOOD,190
1999-01-04 00:00:00,GRAN,33.25
1999-01-05 00:00:00,GRAN,33.25
1999-01-06 00:00:00,GRAN,33.25
1999-01-07 00:00:00,GRAN,33.5
1999-01-08 00:00:00,GRAN,33.5
1999-01-11 00:00:00,GRAN,33.75
1999-01-12 00:00:00,GRAN,34.75
1999-01-13 00:00:00,GRAN,36
1999-01-14 00:00:00,GRAN,34.25
1999-01-18 00:00:00,GRAN,34
1999-01-19 00:00:00,GRAN,34
1999-01-20 00:00:00,GRAN,34
1999-01-21 00:00:00,GRAN,34.5
1999-01-22 00:00:00,GRAN,35
1999-01-25 00:00:00,GRAN,35
1999-01-26 00:00:00,GRAN,34
1999-01-27 00:00:00,GRAN,33.5
1999-01-28 00:00:00,GRAN,33
1999-01-29 00:00:00,GRAN,33.5
1999-02-01 00:00:00,GRAN,32.5
1999-02-02 00:00:00,GRAN,32.25
1999-02-03 00:00:00,GRAN,32.5
1999-02-05 00:00:00,GRAN,32
1999-02-08 00:00:00,GRAN,32
1999-02-09 00:00:00,GRAN,32
1999-02-10 00:00:00,GRAN,32.25
1999-02-11 00:00:00,GRAN,33.5
1999-02-12 00:00:00,GRAN,34.25
1999-02-15 00:00:00,GRAN,35
1999-02-16 00:00:00,GRAN,35.25
1999-02-17 00:00:00,GRAN,35.5
1999-02-18 00:00:00,GRAN,34.75
1999-02-19 00:00:00,GRAN,34.5
1999-02-22 00:00:00,GRAN,34
1999-02-23 00:00:00,GRAN,33.5
1999-02-24 00:00:00,GRAN,32.5
1999-02-25 00:00:00,GRAN,33.75
1999-02-26 00:00:00,GRAN,34
1999-03-02 00:00:00,GRAN,33
1999-03-03 00:00:00,GRAN,32
1999-03-04 00:00:00,GRAN,32
1999-03-05 00:00:00,GRAN,30.75
1999-03-08 00:00:00,GRAN,29.5
1999-03-09 00:00:00,GRAN,30.5
1999-03-10 00:00:00,GRAN,31
1999-03-11 00:00:00,GRAN,30.5
1999-03-12 00:00:00,GRAN,29
1999-03-15 00:00:00,GRAN,28
1999-03-16 00:00:00,GRAN,28
1999-03-17 00:00:00,GRAN,28.5
1999-03-18 00:00:00,GRAN,28.5
1999-03-19 00:00:00,GRAN,28
1999-03-22 00:00:00,GRAN,28.25
1999-03-24 00:00:00,GRAN,28
1999-03-25 00:00:00,GRAN,28
1999-03-26 00:00:00,GRAN,28
1999-03-29 00:00:00,GRAN,28
1999-03-30 00:00:00,GRAN,28
1999-04-01 00:00:00,GRAN,28.25
1999-04-05 00:00:00,GRAN,28.5
1999-04-06 00:00:00,GRAN,28.5
1999-04-07 00:00:00,GRAN,29.75
1999-04-08 00:00:00,GRAN,29
1999-04-09 00:00:00,GRAN,29.75
1999-04-12 00:00:00,GRAN,29.5
1999-04-15 00:00:00,GRAN,29.25
1999-04-16 00:00:00,GRAN,29
1999-04-19 00:00:00,GRAN,27.5
1999-04-20 00:00:00,GRAN,27.75
1999-04-21 00:00:00,GRAN,27.75
1999-04-22 00:00:00,GRAN,28
1999-04-23 00:00:00,GRAN,27
1999-04-26 00:00:00,GRAN,27
1999-04-27 00:00:00,GRAN,26.75
1999-04-28 00:00:00,GRAN,26.75
1999-05-03 00:00:00,GRAN,26.75
1999-05-04 00:00:00,GRAN,26.75
1999-05-05 00:00:00,GRAN,27
1999-05-06 00:00:00,GRAN,27
1999-05-07 00:00:00,GRAN,27.25
1999-05-10 00:00:00,GRAN,27.5
1999-05-11 00:00:00,GRAN,27.5
1999-05-12 00:00:00,GRAN,28
1999-05-13 00:00:00,GRAN,30
1999-05-14 00:00:00,GRAN,28.5
1999-05-17 00:00:00,GRAN,28.5
1999-05-18 00:00:00,GRAN,31
1999-05-19 00:00:00,GRAN,30.5
1999-05-20 00:00:00,GRAN,32
1999-05-21 00:00:00,GRAN,31
1999-05-24 00:00:00,GRAN,31
1999-05-25 00:00:00,GRAN,30
1999-05-26 00:00:00,GRAN,29.75
1999-05-27 00:00:00,GRAN,28.5
1999-05-28 00:00:00,GRAN,28.5
1999-06-01 00:00:00,GRAN,28.75
1999-06-02 00:00:00,GRAN,28.5
1999-06-03 00:00:00,GRAN,28.25
1999-06-04 00:00:00,GRAN,28.5
1999-06-07 00:00:00,GRAN,28.25
1999-06-08 00:00:00,GRAN,28.25
1999-06-09 00:00:00,GRAN,27.5
1999-06-10 00:00:00,GRAN,28
1999-06-11 00:00:00,GRAN,27.75
1999-06-14 00:00:00,GRAN,27.75
1999-06-15 00:00:00,GRAN,27.75
1999-06-16 00:00:00,GRAN,27.75
1999-06-17 00:00:00,GRAN,27
1999-06-18 00:00:00,GRAN,26
1999-06-21 00:00:00,GRAN,26
1999-06-22 00:00:00,GRAN,25
1999-06-23 00:00:00,GRAN,25
1999-06-24 00:00:00,GRAN,26
1999-06-25 00:00:00,GRAN,25.5
1999-06-30 00:00:00,GRAN,26
1999-07-01 00:00:00,GRAN,27
1999-07-05 00:00:00,GRAN,27
1999-07-06 00:00:00,GRAN,27
1999-07-07 00:00:00,GRAN,27
1999-07-08 00:00:00,GRAN,26.25
1999-07-09 00:00:00,GRAN,26
1999-07-12 00:00:00,GRAN,26
1999-07-13 00:00:00,GRAN,26
1999-07-14 00:00:00,GRAN,25.5
1999-07-15 00:00:00,GRAN,25.5
1999-07-16 00:00:00,GRAN,26.25
1999-07-19 00:00:00,GRAN,26.25
1999-07-20 00:00:00,GRAN,27
1999-07-21 00:00:00,GRAN,26.75
1999-07-22 00:00:00,GRAN,27.5
1999-07-23 00:00:00,GRAN,28.25
1999-07-26 00:00:00,GRAN,27
1999-07-27 00:00:00,GRAN,26
1999-07-29 00:00:00,GRAN,26
1999-07-30 00:00:00,GRAN,26.5
1999-08-02 00:00:00,GRAN,26.75
1999-08-03 00:00:00,GRAN,27.5
1999-08-04 00:00:00,GRAN,27.5
1999-08-05 00:00:00,GRAN,31
1999-08-06 00:00:00,GRAN,29.25
1999-08-09 00:00:00,GRAN,29.25
1999-08-10 00:00:00,GRAN,29
1999-08-11 00:00:00,GRAN,28.75
1999-08-12 00:00:00,GRAN,28
1999-08-13 00:00:00,GRAN,28.5
1999-08-16 00:00:00,GRAN,28.25
1999-08-17 00:00:00,GRAN,27.5
1999-08-18 00:00:00,GRAN,27
1999-08-19 00:00:00,GRAN,27
1999-08-20 00:00:00,GRAN,28
1999-08-23 00:00:00,GRAN,28
1999-08-24 00:00:00,GRAN,28.25
1999-08-25 00:00:00,GRAN,28.75
1999-08-30 00:00:00,GRAN,28
1999-08-31 00:00:00,GRAN,27.75
1999-09-01 00:00:00,GRAN,26
1999-09-02 00:00:00,GRAN,26.5
1999-09-03 00:00:00,GRAN,26.5
1999-09-06 00:00:00,GRAN,27
1999-09-07 00:00:00,GRAN,27.25
1999-09-08 00:00:00,GRAN,27
1999-09-09 00:00:00,GRAN,27
1999-09-10 00:00:00,GRAN,27.5
1999-09-13 00:00:00,GRAN,27
1999-09-14 00:00:00,GRAN,27.5
1999-09-15 00:00:00,GRAN,27.25
1999-09-16 00:00:00,GRAN,27.25
1999-09-17 00:00:00,GRAN,28
1999-09-20 00:00:00,GRAN,27.75
1999-09-21 00:00:00,GRAN,27.75
1999-09-22 00:00:00,GRAN,27.5
1999-09-23 00:00:00,GRAN,27.5
1999-09-24 00:00:00,GRAN,27.25
1999-09-27 00:00:00,GRAN,27.5
1999-09-28 00:00:00,GRAN,26.75
1999-09-29 00:00:00,GRAN,26.75
1999-09-30 00:00:00,GRAN,27
1999-10-01 00:00:00,GRAN,26.75
1999-10-04 00:00:00,GRAN,26.5
1999-10-05 00:00:00,GRAN,26.5
1999-10-06 00:00:00,GRAN,26.5
1999-10-07 00:00:00,GRAN,26.5
1999-10-08 00:00:00,GRAN,26.5
1999-10-11 00:00:00,GRAN,26.25
1999-10-12 00:00:00,GRAN,26
1999-10-13 00:00:00,GRAN,26
1999-10-14 00:00:00,GRAN,25.75
1999-10-15 00:00:00,GRAN,26
1999-10-18 00:00:00,GRAN,25.25
1999-10-19 00:00:00,GRAN,25.25
1999-10-20 00:00:00,GRAN,25
1999-10-21 00:00:00,GRAN,25
1999-10-22 00:00:00,GRAN,25.25
1999-10-25 00:00:00,GRAN,25.25
1999-10-26 00:00:00,GRAN,24.5
1999-10-27 00:00:00,GRAN,24
1999-10-28 00:00:00,GRAN,22
1999-10-29 00:00:00,GRAN,28.5
1999-11-01 00:00:00,GRAN,24.5
1999-11-02 00:00:00,GRAN,25.75
1999-11-03 00:00:00,GRAN,26.75
1999-11-04 00:00:00,GRAN,25
1999-11-05 00:00:00,GRAN,25.5
1999-11-08 00:00:00,GRAN,25.25
1999-11-09 00:00:00,GRAN,24.25
1999-11-10 00:00:00,GRAN,24.25
1999-11-12 00:00:00,GRAN,26
1999-11-15 00:00:00,GRAN,25
1999-11-16 00:00:00,GRAN,24
1999-11-17 00:00:00,GRAN,24
1999-11-18 00:00:00,GRAN,24
1999-11-23 00:00:00,GRAN,24.25
1999-11-24 00:00:00,GRAN,24.75
1999-11-25 00:00:00,GRAN,24.75
1999-11-26 00:00:00,GRAN,24.25
1999-11-29 00:00:00,GRAN,24.5
1999-11-30 00:00:00,GRAN,25
1999-12-01 00:00:00,GRAN,25.5
1999-12-02 00:00:00,GRAN,25.5
1999-12-03 00:00:00,GRAN,27
1999-12-06 00:00:00,GRAN,27
1999-12-07 00:00:00,GRAN,26.5
1999-12-08 00:00:00,GRAN,27
1999-12-09 00:00:00,GRAN,27
1999-12-10 00:00:00,GRAN,28.5
1999-12-13 00:00:00,GRAN,28
1999-12-14 00:00:00,GRAN,28
1999-12-15 00:00:00,GRAN,27.5
1999-12-16 00:00:00,GRAN,28
1999-12-17 00:00:00,GRAN,28.75
1999-12-20 00:00:00,GRAN,27.75
1999-12-21 00:00:00,GRAN,28
1999-12-23 00:00:00,GRAN,27.5
1999-12-28 00:00:00,GRAN,26
1999-12-29 00:00:00,GRAN,26
1999-01-04 00:00:00,GREG,18
1999-01-08 00:00:00,GREG,18
1999-01-12 00:00:00,GREG,18
1999-01-14 00:00:00,GREG,16
1999-01-18 00:00:00,GREG,16
1999-01-20 00:00:00,GREG,16
1999-01-21 00:00:00,GREG,18
1999-01-22 00:00:00,GREG,17
1999-01-25 00:00:00,GREG,16
1999-01-26 00:00:00,GREG,16.5
1999-01-27 00:00:00,GREG,16.5
1999-02-10 00:00:00,GREG,19
1999-02-11 00:00:00,GREG,19
1999-02-15 00:00:00,GREG,20
1999-02-16 00:00:00,GREG,18
1999-02-24 00:00:00,GREG,2.25
1999-02-25 00:00:00,GREG,2.75
1999-03-03 00:00:00,GREG,2.75
1999-03-05 00:00:00,GREG,2.75
1999-03-08 00:00:00,GREG,2.5
1999-03-09 00:00:00,GREG,2.5
1999-03-15 00:00:00,GREG,2.5
1999-03-16 00:00:00,GREG,2.5
1999-03-29 00:00:00,GREG,2.25
1999-03-30 00:00:00,GREG,2.25
1999-04-15 00:00:00,GREG,2.25
1999-04-16 00:00:00,GREG,2.25
SECURITY_DA,COMP,CLOSE_PRICE
-----------,----,-----------
1999-05-11 00:00:00,GREG,2
1999-05-14 00:00:00,GREG,2
1999-05-19 00:00:00,GREG,2.25
1999-05-21 00:00:00,GREG,2.5
1999-05-25 00:00:00,GREG,2.5
1999-06-02 00:00:00,GREG,2.5
1999-06-03 00:00:00,GREG,2.5
1999-06-04 00:00:00,GREG,2.5
1999-06-07 00:00:00,GREG,2.75
1999-06-08 00:00:00,GREG,3
1999-06-11 00:00:00,GREG,2.75
1999-06-15 00:00:00,GREG,2.75
1999-06-16 00:00:00,GREG,2.75
1999-07-07 00:00:00,GREG,2.5
1999-07-13 00:00:00,GREG,2.5
1999-07-16 00:00:00,GREG,2.5
1999-07-22 00:00:00,GREG,2.5
1999-08-03 00:00:00,GREG,2.5
1999-08-18 00:00:00,GREG,2.5
1999-08-19 00:00:00,GREG,2.5
1999-09-01 00:00:00,GREG,2.5
SECURITY_DA,COMP,CLOSE_PRICE
-----------,----,-----------
1999-09-02 00:00:00,GREG,2.5
1999-09-06 00:00:00,GREG,2.5
1999-09-08 00:00:00,GREG,2.5
1999-09-09 00:00:00,GREG,2.5
1999-09-15 00:00:00,GREG,2.5
1999-09-16 00:00:00,GREG,2.5
1999-09-23 00:00:00,GREG,2.5
1999-09-28 00:00:00,GREG,2.5
1999-10-08 00:00:00,GREG,2.5
1999-10-13 00:00:00,GREG,2.5
1999-10-14 00:00:00,GREG,2.5
1999-10-15 00:00:00,GREG,2.5
1999-10-20 00:00:00,GREG,2.5
1999-10-22 00:00:00,GREG,2.5
1999-10-27 00:00:00,GREG,2.5
1999-10-28 00:00:00,GREG,2.75
1999-10-29 00:00:00,GREG,2.5
1999-11-04 00:00:00,GREG,2.5
1999-11-11 00:00:00,GREG,2.5
1999-11-23 00:00:00,GREG,2.5
1999-11-30 00:00:00,GREG,2.75
SECURITY_DA,COMP,CLOSE_PRICE
-----------,----,-----------
1999-12-01 00:00:00,GREG,2.75
1999-12-10 00:00:00,GREG,3
1999-12-21 00:00:00,GREG,3
1999-12-27 00:00:00,GREG,2.75
1999-01-07 00:00:00,GUAR,110
1999-01-25 00:00:00,GUAR,110
1999-01-26 00:00:00,GUAR,110
1999-01-28 00:00:00,GUAR,110
1999-02-01 00:00:00,GUAR,110
1999-02-09 00:00:00,GUAR,90
1999-02-10 00:00:00,GUAR,100
1999-02-12 00:00:00,GUAR,100
1999-02-22 00:00:00,GUAR,100
1999-02-23 00:00:00,GUAR,100
1999-03-12 00:00:00,GUAR,100
1999-03-18 00:00:00,GUAR,90
1999-04-15 00:00:00,GUAR,87.5
1999-05-14 00:00:00,GUAR,85
1999-05-19 00:00:00,GUAR,95
1999-05-20 00:00:00,GUAR,97
1999-05-21 00:00:00,GUAR,90
SECURITY_DA,COMP,CLOSE_PRICE
-----------,----,-----------
1999-05-26 00:00:00,GUAR,90
1999-06-02 00:00:00,GUAR,100
1999-06-03 00:00:00,GUAR,90
1999-06-04 00:00:00,GUAR,90
1999-06-07 00:00:00,GUAR,90
1999-06-16 00:00:00,GUAR,90
1999-06-23 00:00:00,GUAR,90
1999-06-24 00:00:00,GUAR,90.25
1999-06-25 00:00:00,GUAR,90.25
1999-07-05 00:00:00,GUAR,90
1999-07-16 00:00:00,GUAR,90.25
1999-07-26 00:00:00,GUAR,112
1999-07-30 00:00:00,GUAR,110
1999-08-03 00:00:00,GUAR,110
1999-08-04 00:00:00,GUAR,110
1999-08-11 00:00:00,GUAR,120
1999-08-16 00:00:00,GUAR,120
1999-08-23 00:00:00,GUAR,110
1999-08-31 00:00:00,GUAR,110
1999-09-09 00:00:00,GUAR,110
1999-09-10 00:00:00,GUAR,110
SECURITY_DA,COMP,CLOSE_PRICE
-----------,----,-----------
1999-09-17 00:00:00,GUAR,110
1999-10-12 00:00:00,GUAR,80
1999-10-14 00:00:00,GUAR,80
1999-10-18 00:00:00,GUAR,79
1999-10-21 00:00:00,GUAR,78
1999-10-27 00:00:00,GUAR,77
1999-10-28 00:00:00,GUAR,77
1999-11-01 00:00:00,GUAR,78
1999-11-12 00:00:00,GUAR,75
1999-12-15 00:00:00,GUAR,90
1999-12-21 00:00:00,GUAR,90
1999-12-27 00:00:00,GUAR,90
1999-01-04 00:00:00,HAPU,15.5
1999-01-05 00:00:00,HAPU,15.25
1999-01-06 00:00:00,HAPU,15.5
1999-01-07 00:00:00,HAPU,15.25
1999-01-08 00:00:00,HAPU,15
1999-01-11 00:00:00,HAPU,15.25
1999-01-12 00:00:00,HAPU,15.25
1999-01-13 00:00:00,HAPU,15.5
1999-01-14 00:00:00,HAPU,15
SECURITY_DA,COMP,CLOSE_PRICE
-----------,----,-----------
1999-01-18 00:00:00,HAPU,15
1999-01-19 00:00:00,HAPU,14.75
1999-01-20 00:00:00,HAPU,14.75
1999-01-21 00:00:00,HAPU,14.5
1999-01-22 00:00:00,HAPU,14.25
1999-01-25 00:00:00,HAPU,14
1999-01-26 00:00:00,HAPU,14
1999-01-27 00:00:00,HAPU,13.75
1999-01-28 00:00:00,HAPU,13.75
1999-01-29 00:00:00,HAPU,14
1999-02-01 00:00:00,HAPU,13.5
1999-02-02 00:00:00,HAPU,13
1999-02-03 00:00:00,HAPU,13.25
1999-02-05 00:00:00,HAPU,13.25
1999-02-08 00:00:00,HAPU,13.25
1999-02-09 00:00:00,HAPU,13
1999-02-10 00:00:00,HAPU,12.75
1999-02-11 00:00:00,HAPU,12.75
1999-02-12 00:00:00,HAPU,12.75
1999-02-15 00:00:00,HAPU,12.5
1999-02-16 00:00:00,HAPU,12.5
SECURITY_DA,COMP,CLOSE_PRICE
-----------,----,-----------
1999-02-17 00:00:00,HAPU,12.25
1999-02-18 00:00:00,HAPU,11.25
1999-02-19 00:00:00,HAPU,11.25
1999-02-22 00:00:00,HAPU,11
1999-02-23 00:00:00,HAPU,10
1999-02-24 00:00:00,HAPU,10
1999-02-25 00:00:00,HAPU,10.5
1999-02-26 00:00:00,HAPU,11
1999-03-02 00:00:00,HAPU,10.75
1999-03-03 00:00:00,HAPU,10.5
1999-03-04 00:00:00,HAPU,10.5
1999-03-05 00:00:00,HAPU,10.5
1999-03-08 00:00:00,HAPU,10
1999-03-09 00:00:00,HAPU,9
1999-03-10 00:00:00,HAPU,9.25
1999-03-11 00:00:00,HAPU,9.5
1999-03-12 00:00:00,HAPU,9.25
1999-03-15 00:00:00,HAPU,9.25
1999-03-16 00:00:00,HAPU,9.5
1999-03-17 00:00:00,HAPU,9.25
1999-03-18 00:00:00,HAPU,9.5
SECURITY_DA,COMP,CLOSE_PRICE
-----------,----,-----------
1999-03-19 00:00:00,HAPU,10
1999-03-22 00:00:00,HAPU,11
1999-03-23 00:00:00,HAPU,10.75
1999-03-24 00:00:00,HAPU,10.25
1999-03-25 00:00:00,HAPU,10
1999-03-26 00:00:00,HAPU,10
1999-03-29 00:00:00,HAPU,10
1999-03-30 00:00:00,HAPU,10.25
1999-04-06 00:00:00,HAPU,10
1999-04-07 00:00:00,HAPU,10.25
1999-04-08 00:00:00,HAPU,10.5
1999-04-09 00:00:00,HAPU,10.75
1999-04-15 00:00:00,HAPU,10.5
1999-04-16 00:00:00,HAPU,11
1999-04-19 00:00:00,HAPU,10.5
1999-04-20 00:00:00,HAPU,10
1999-04-21 00:00:00,HAPU,10
1999-04-22 00:00:00,HAPU,9.75
1999-04-23 00:00:00,HAPU,9.5
1999-04-26 00:00:00,HAPU,9.25
1999-04-27 00:00:00,HAPU,9.25
SECURITY_DA,COMP,CLOSE_PRICE
-----------,----,-----------
1999-04-28 00:00:00,HAPU,10
1999-05-05 00:00:00,HAPU,9
1999-05-06 00:00:00,HAPU,9.25
1999-05-07 00:00:00,HAPU,9
1999-05-10 00:00:00,HAPU,8.5
1999-05-11 00:00:00,HAPU,8.5
1999-05-12 00:00:00,HAPU,8
1999-05-14 00:00:00,HAPU,8
1999-05-17 00:00:00,HAPU,7.75
1999-05-18 00:00:00,HAPU,7.5
1999-05-19 00:00:00,HAPU,7.25
1999-05-20 00:00:00,HAPU,7.25
1999-05-21 00:00:00,HAPU,8
1999-05-24 00:00:00,HAPU,8
1999-05-25 00:00:00,HAPU,7.5
1999-05-26 00:00:00,HAPU,8
1999-05-27 00:00:00,HAPU,7.75
1999-05-28 00:00:00,HAPU,7.5
1999-06-01 00:00:00,HAPU,7.5
1999-06-02 00:00:00,HAPU,8
1999-06-03 00:00:00,HAPU,7.75
SECURITY_DA,COMP,CLOSE_PRICE
-----------,----,-----------
1999-06-04 00:00:00,HAPU,7.5
1999-06-07 00:00:00,HAPU,7.5
1999-06-08 00:00:00,HAPU,7.5
1999-06-09 00:00:00,HAPU,7.5
1999-06-10 00:00:00,HAPU,7.25
1999-06-11 00:00:00,HAPU,7.25
1999-06-14 00:00:00,HAPU,7.5
1999-06-15 00:00:00,HAPU,7.5
1999-06-16 00:00:00,HAPU,7.5
1999-06-17 00:00:00,HAPU,7.5
1999-06-18 00:00:00,HAPU,7.5
1999-06-21 00:00:00,HAPU,7.5
1999-06-22 00:00:00,HAPU,7.5
1999-06-24 00:00:00,HAPU,8
1999-06-25 00:00:00,HAPU,8.5
1999-06-30 00:00:00,HAPU,8.5
1999-07-01 00:00:00,HAPU,8.5
1999-07-02 00:00:00,HAPU,9.5
1999-07-05 00:00:00,HAPU,9.5
1999-07-06 00:00:00,HAPU,9.5
1999-07-07 00:00:00,HAPU,9
SECURITY_DA,COMP,CLOSE_PRICE
-----------,----,-----------
1999-07-09 00:00:00,HAPU,8.75
1999-07-12 00:00:00,HAPU,8.5
1999-07-13 00:00:00,HAPU,8.25
1999-07-14 00:00:00,HAPU,8.25
1999-07-15 00:00:00,HAPU,8
1999-07-16 00:00:00,HAPU,8.25
1999-07-19 00:00:00,HAPU,8.5
1999-07-20 00:00:00,HAPU,9
1999-07-21 00:00:00,HAPU,9
1999-07-22 00:00:00,HAPU,9
1999-07-23 00:00:00,HAPU,9
1999-07-26 00:00:00,HAPU,8.75
1999-07-27 00:00:00,HAPU,9
1999-07-29 00:00:00,HAPU,8.75
1999-07-30 00:00:00,HAPU,9
1999-08-02 00:00:00,HAPU,11
1999-08-03 00:00:00,HAPU,13.75
1999-08-04 00:00:00,HAPU,14
1999-08-05 00:00:00,HAPU,13
1999-08-06 00:00:00,HAPU,12.5
1999-08-09 00:00:00,HAPU,12.5
SECURITY_DA,COMP,CLOSE_PRICE
-----------,----,-----------
1999-08-10 00:00:00,HAPU,13.25
1999-08-11 00:00:00,HAPU,12.5
1999-08-12 00:00:00,HAPU,12
1999-08-13 00:00:00,HAPU,12.25
1999-08-16 00:00:00,HAPU,12
1999-08-17 00:00:00,HAPU,11.25
1999-08-18 00:00:00,HAPU,10.25
1999-08-19 00:00:00,HAPU,11.75
1999-08-20 00:00:00,HAPU,11.75
1999-08-23 00:00:00,HAPU,11.75
1999-08-24 00:00:00,HAPU,11.5
1999-08-25 00:00:00,HAPU,11.5
1999-08-30 00:00:00,HAPU,11.25
1999-08-31 00:00:00,HAPU,11.25
1999-09-01 00:00:00,HAPU,11.25
1999-09-02 00:00:00,HAPU,11.25
1999-09-03 00:00:00,HAPU,11.25
1999-09-06 00:00:00,HAPU,12
1999-09-07 00:00:00,HAPU,11.75
1999-09-08 00:00:00,HAPU,11.75
1999-09-09 00:00:00,HAPU,11.75
SECURITY_DA,COMP,CLOSE_PRICE
-----------,----,-----------
1999-09-10 00:00:00,HAPU,11.5
1999-09-13 00:00:00,HAPU,11.5
1999-09-14 00:00:00,HAPU,12
1999-09-15 00:00:00,HAPU,12.25
1999-09-16 00:00:00,HAPU,12.5
1999-09-17 00:00:00,HAPU,12.5
1999-09-20 00:00:00,HAPU,13
1999-09-21 00:00:00,HAPU,14.25
1999-09-22 00:00:00,HAPU,14.75
1999-09-23 00:00:00,HAPU,15.25
1999-09-24 00:00:00,HAPU,15.5
1999-09-27 00:00:00,HAPU,18.25
1999-09-28 00:00:00,HAPU,19
1999-09-29 00:00:00,HAPU,18
1999-09-30 00:00:00,HAPU,17.5
1999-10-01 00:00:00,HAPU,17.5
1999-10-04 00:00:00,HAPU,18
1999-10-05 00:00:00,HAPU,16.75
1999-10-06 00:00:00,HAPU,16
1999-10-07 00:00:00,HAPU,15.25
1999-10-08 00:00:00,HAPU,16.25
SECURITY_DA,COMP,CLOSE_PRICE
-----------,----,-----------
1999-10-11 00:00:00,HAPU,15
1999-10-12 00:00:00,HAPU,14
1999-10-13 00:00:00,HAPU,13.75
1999-10-14 00:00:00,HAPU,13.75
1999-10-15 00:00:00,HAPU,14
1999-10-18 00:00:00,HAPU,14.25
1999-10-19 00:00:00,HAPU,13.75
1999-10-20 00:00:00,HAPU,13.5
1999-10-21 00:00:00,HAPU,13
1999-10-22 00:00:00,HAPU,13.5
1999-10-25 00:00:00,HAPU,12.75
1999-10-26 00:00:00,HAPU,12.25
1999-10-27 00:00:00,HAPU,12
1999-10-28 00:00:00,HAPU,11.5
1999-10-29 00:00:00,HAPU,12.75
1999-11-01 00:00:00,HAPU,11.5
1999-11-02 00:00:00,HAPU,11.75
1999-11-03 00:00:00,HAPU,12
1999-11-04 00:00:00,HAPU,13
1999-11-05 00:00:00,HAPU,12.75
1999-11-08 00:00:00,HAPU,12.75
SECURITY_DA,COMP,CLOSE_PRICE
-----------,----,-----------
1999-11-09 00:00:00,HAPU,12.75
1999-11-10 00:00:00,HAPU,12
1999-11-11 00:00:00,HAPU,12.5
1999-11-12 00:00:00,HAPU,12.5
1999-11-15 00:00:00,HAPU,12.25
1999-11-16 00:00:00,HAPU,12
1999-11-17 00:00:00,HAPU,12
1999-11-18 00:00:00,HAPU,12
1999-11-19 00:00:00,HAPU,12.5
1999-11-23 00:00:00,HAPU,13.25
1999-11-24 00:00:00,HAPU,13.5
1999-11-25 00:00:00,HAPU,12.5
1999-11-26 00:00:00,HAPU,12.75
1999-11-30 00:00:00,HAPU,13.25
1999-12-01 00:00:00,HAPU,12.75
1999-12-02 00:00:00,HAPU,13.25
1999-12-03 00:00:00,HAPU,13.75
1999-12-06 00:00:00,HAPU,14.5
1999-12-07 00:00:00,HAPU,15
1999-12-08 00:00:00,HAPU,14.25
1999-12-09 00:00:00,HAPU,14
SECURITY_DA,COMP,CLOSE_PRICE
-----------,----,-----------
1999-12-10 00:00:00,HAPU,14.5
1999-12-13 00:00:00,HAPU,14.5
1999-12-14 00:00:00,HAPU,14.25
1999-12-15 00:00:00,HAPU,13.75
1999-12-16 00:00:00,HAPU,14
1999-12-17 00:00:00,HAPU,14.25
1999-12-20 00:00:00,HAPU,14
1999-12-21 00:00:00,HAPU,14
1999-12-23 00:00:00,HAPU,14
1999-12-27 00:00:00,HAPU,13.25
1999-12-28 00:00:00,HAPU,13
1999-12-29 00:00:00,HAPU,13.5
1999-12-30 00:00:00,HAPU,13.5
1999-02-11 00:00:00,HARI,125
1999-05-17 00:00:00,HARI,125
1999-06-16 00:00:00,HARI,127
1999-01-05 00:00:00,HAYC,32
1999-01-06 00:00:00,HAYC,31.25
1999-01-12 00:00:00,HAYC,33
1999-01-13 00:00:00,HAYC,33
1999-01-14 00:00:00,HAYC,33
1999-01-21 00:00:00,HAYC,32
1999-01-22 00:00:00,HAYC,32.5
1999-01-25 00:00:00,HAYC,32.25
1999-01-27 00:00:00,HAYC,33
1999-01-29 00:00:00,HAYC,32
1999-02-02 00:00:00,HAYC,32
1999-02-03 00:00:00,HAYC,32
1999-02-08 00:00:00,HAYC,32
1999-02-09 00:00:00,HAYC,32
1999-02-10 00:00:00,HAYC,32
1999-02-11 00:00:00,HAYC,32
1999-02-12 00:00:00,HAYC,32
1999-02-15 00:00:00,HAYC,32.25
1999-02-16 00:00:00,HAYC,33
1999-02-17 00:00:00,HAYC,37
1999-02-18 00:00:00,HAYC,37
1999-02-19 00:00:00,HAYC,35
1999-02-22 00:00:00,HAYC,36
1999-02-23 00:00:00,HAYC,36
1999-02-24 00:00:00,HAYC,35.25
1999-02-25 00:00:00,HAYC,35
1999-03-04 00:00:00,HAYC,35.25
1999-03-05 00:00:00,HAYC,35.25
1999-03-08 00:00:00,HAYC,35
1999-03-09 00:00:00,HAYC,30
1999-03-10 00:00:00,HAYC,32
1999-03-11 00:00:00,HAYC,34.5
1999-03-16 00:00:00,HAYC,33
1999-03-17 00:00:00,HAYC,32
1999-03-23 00:00:00,HAYC,33
1999-03-24 00:00:00,HAYC,32.5
1999-03-25 00:00:00,HAYC,32.5
1999-03-26 00:00:00,HAYC,32
1999-03-29 00:00:00,HAYC,31
1999-03-30 00:00:00,HAYC,30
1999-04-01 00:00:00,HAYC,30.5
1999-04-05 00:00:00,HAYC,30.5
1999-04-08 00:00:00,HAYC,31.5
1999-04-09 00:00:00,HAYC,31.5
1999-04-19 00:00:00,HAYC,31
1999-04-20 00:00:00,HAYC,31.25
1999-04-22 00:00:00,HAYC,31.5
1999-04-23 00:00:00,HAYC,31
1999-04-26 00:00:00,HAYC,31.25
1999-04-27 00:00:00,HAYC,31.25
1999-04-28 00:00:00,HAYC,31.25
1999-05-04 00:00:00,HAYC,31.25
1999-05-05 00:00:00,HAYC,31.5
1999-05-06 00:00:00,HAYC,31.25
1999-05-07 00:00:00,HAYC,31
1999-05-10 00:00:00,HAYC,31.25
1999-05-11 00:00:00,HAYC,31.5
1999-05-12 00:00:00,HAYC,31.5
1999-05-18 00:00:00,HAYC,31.5
1999-05-27 00:00:00,HAYC,33
1999-06-01 00:00:00,HAYC,33
1999-06-02 00:00:00,HAYC,33
1999-06-03 00:00:00,HAYC,33
1999-06-04 00:00:00,HAYC,33
1999-06-10 00:00:00,HAYC,33
1999-06-16 00:00:00,HAYC,31
1999-06-17 00:00:00,HAYC,31
1999-06-21 00:00:00,HAYC,30
1999-06-23 00:00:00,HAYC,30
1999-06-24 00:00:00,HAYC,30
1999-06-25 00:00:00,HAYC,30
1999-07-01 00:00:00,HAYC,30.25
1999-07-02 00:00:00,HAYC,30.25
1999-07-05 00:00:00,HAYC,30
1999-07-06 00:00:00,HAYC,29.5
1999-07-08 00:00:00,HAYC,29.5
1999-07-09 00:00:00,HAYC,29.5
1999-07-12 00:00:00,HAYC,31
1999-07-14 00:00:00,HAYC,29.5
1999-07-15 00:00:00,HAYC,29
1999-07-16 00:00:00,HAYC,30
1999-07-20 00:00:00,HAYC,30
1999-07-21 00:00:00,HAYC,30.25
1999-07-23 00:00:00,HAYC,31.5
1999-07-26 00:00:00,HAYC,30.5
1999-07-30 00:00:00,HAYC,31
1999-08-03 00:00:00,HAYC,31
1999-08-05 00:00:00,HAYC,31.25
1999-08-06 00:00:00,HAYC,31.25
1999-08-09 00:00:00,HAYC,31.25
1999-08-10 00:00:00,HAYC,31
1999-08-12 00:00:00,HAYC,31
1999-08-18 00:00:00,HAYC,31
1999-08-19 00:00:00,HAYC,30
1999-08-20 00:00:00,HAYC,29.75
1999-08-23 00:00:00,HAYC,29.75
1999-08-25 00:00:00,HAYC,30
1999-08-30 00:00:00,HAYC,30
1999-08-31 00:00:00,HAYC,30
1999-09-02 00:00:00,HAYC,30
1999-09-06 00:00:00,HAYC,30
1999-09-09 00:00:00,HAYC,30.5
1999-09-10 00:00:00,HAYC,30.25
1999-09-13 00:00:00,HAYC,32.25
1999-09-14 00:00:00,HAYC,30.25
1999-09-21 00:00:00,HAYC,30.75
1999-09-28 00:00:00,HAYC,30.5
1999-09-29 00:00:00,HAYC,30.5
1999-10-01 00:00:00,HAYC,30.25
1999-10-06 00:00:00,HAYC,30.75
1999-10-07 00:00:00,HAYC,30.25
1999-10-13 00:00:00,HAYC,30.5
1999-10-15 00:00:00,HAYC,30.75
1999-10-21 00:00:00,HAYC,30.75
1999-10-22 00:00:00,HAYC,30.25
1999-10-26 00:00:00,HAYC,30
1999-10-27 00:00:00,HAYC,29.5
1999-10-28 00:00:00,HAYC,29
1999-11-02 00:00:00,HAYC,30.5
1999-11-04 00:00:00,HAYC,30
1999-11-05 00:00:00,HAYC,30
1999-11-08 00:00:00,HAYC,30
1999-11-15 00:00:00,HAYC,30
1999-11-16 00:00:00,HAYC,30
1999-11-17 00:00:00,HAYC,30
1999-11-18 00:00:00,HAYC,30
1999-11-24 00:00:00,HAYC,30.25
1999-11-26 00:00:00,HAYC,30.5
1999-11-29 00:00:00,HAYC,31
1999-12-02 00:00:00,HAYC,31
1999-12-09 00:00:00,HAYC,32.5
1999-12-10 00:00:00,HAYC,33
1999-12-14 00:00:00,HAYC,33
1999-12-15 00:00:00,HAYC,33
1999-12-16 00:00:00,HAYC,33
1999-12-17 00:00:00,HAYC,33
1999-12-20 00:00:00,HAYC,33
1999-12-27 00:00:00,HAYC,33
1999-12-29 00:00:00,HAYC,32.5
1999-01-04 00:00:00,HAYL,139.25
1999-01-05 00:00:00,HAYL,141
1999-01-06 00:00:00,HAYL,140
1999-01-07 00:00:00,HAYL,140
1999-01-08 00:00:00,HAYL,140
1999-01-11 00:00:00,HAYL,140
1999-01-13 00:00:00,HAYL,140
1999-01-14 00:00:00,HAYL,132
1999-01-18 00:00:00,HAYL,133.5
1999-01-20 00:00:00,HAYL,136
1999-01-21 00:00:00,HAYL,137
1999-01-22 00:00:00,HAYL,137.5
1999-01-25 00:00:00,HAYL,137.5
1999-01-26 00:00:00,HAYL,137
1999-01-27 00:00:00,HAYL,135
1999-01-28 00:00:00,HAYL,130.25
1999-01-29 00:00:00,HAYL,131
1999-02-01 00:00:00,HAYL,130.25
1999-02-02 00:00:00,HAYL,130
1999-02-03 00:00:00,HAYL,130
1999-02-05 00:00:00,HAYL,130
1999-02-08 00:00:00,HAYL,130
1999-02-09 00:00:00,HAYL,130
1999-02-10 00:00:00,HAYL,130
1999-02-11 00:00:00,HAYL,130
1999-02-15 00:00:00,HAYL,134.75
1999-02-17 00:00:00,HAYL,130
1999-02-18 00:00:00,HAYL,130
1999-02-19 00:00:00,HAYL,130
1999-02-22 00:00:00,HAYL,130
1999-02-23 00:00:00,HAYL,130
1999-02-24 00:00:00,HAYL,129.25
1999-02-26 00:00:00,HAYL,126
1999-03-02 00:00:00,HAYL,129
1999-03-03 00:00:00,HAYL,126
1999-03-04 00:00:00,HAYL,125
1999-03-05 00:00:00,HAYL,123.5
1999-03-08 00:00:00,HAYL,120.25
1999-03-09 00:00:00,HAYL,120.5
1999-03-10 00:00:00,HAYL,120
1999-03-11 00:00:00,HAYL,120
1999-03-12 00:00:00,HAYL,120
1999-03-16 00:00:00,HAYL,120
1999-03-17 00:00:00,HAYL,120.25
1999-03-18 00:00:00,HAYL,120.25
1999-03-19 00:00:00,HAYL,120
1999-03-22 00:00:00,HAYL,120
1999-03-23 00:00:00,HAYL,120
1999-03-24 00:00:00,HAYL,120
1999-03-25 00:00:00,HAYL,120
1999-03-26 00:00:00,HAYL,120
1999-03-29 00:00:00,HAYL,117
1999-03-30 00:00:00,HAYL,117
1999-04-01 00:00:00,HAYL,117.25
1999-04-05 00:00:00,HAYL,117
1999-04-08 00:00:00,HAYL,120
1999-04-09 00:00:00,HAYL,117.25
1999-04-12 00:00:00,HAYL,117
1999-04-15 00:00:00,HAYL,117
1999-04-16 00:00:00,HAYL,117
1999-04-19 00:00:00,HAYL,117
1999-04-20 00:00:00,HAYL,117
1999-04-22 00:00:00,HAYL,117.25
1999-04-23 00:00:00,HAYL,115
1999-04-26 00:00:00,HAYL,115
1999-04-27 00:00:00,HAYL,115
1999-04-28 00:00:00,HAYL,115
1999-05-03 00:00:00,HAYL,115
1999-05-04 00:00:00,HAYL,113
1999-05-10 00:00:00,HAYL,113
1999-05-11 00:00:00,HAYL,112.75
1999-05-12 00:00:00,HAYL,113
1999-05-13 00:00:00,HAYL,113
1999-05-14 00:00:00,HAYL,113
1999-05-17 00:00:00,HAYL,115
1999-05-18 00:00:00,HAYL,115
1999-05-19 00:00:00,HAYL,115
1999-05-20 00:00:00,HAYL,115
1999-05-21 00:00:00,HAYL,117
1999-05-24 00:00:00,HAYL,120
1999-05-25 00:00:00,HAYL,117
1999-05-26 00:00:00,HAYL,115.25
1999-05-27 00:00:00,HAYL,115
1999-05-28 00:00:00,HAYL,116
1999-06-01 00:00:00,HAYL,117
1999-06-03 00:00:00,HAYL,114
1999-06-07 00:00:00,HAYL,113
1999-06-08 00:00:00,HAYL,113
1999-06-09 00:00:00,HAYL,112.75
1999-06-11 00:00:00,HAYL,112
1999-06-14 00:00:00,HAYL,111
1999-06-15 00:00:00,HAYL,111
1999-06-16 00:00:00,HAYL,111
1999-06-18 00:00:00,HAYL,110
1999-06-21 00:00:00,HAYL,109
1999-06-22 00:00:00,HAYL,109
1999-06-24 00:00:00,HAYL,109
1999-06-25 00:00:00,HAYL,111
1999-06-30 00:00:00,HAYL,111
1999-07-01 00:00:00,HAYL,109
1999-07-02 00:00:00,HAYL,108
1999-07-05 00:00:00,HAYL,107.5
1999-07-06 00:00:00,HAYL,105
1999-07-07 00:00:00,HAYL,105
1999-07-08 00:00:00,HAYL,105
1999-07-09 00:00:00,HAYL,104.75
1999-07-12 00:00:00,HAYL,104.75
1999-07-13 00:00:00,HAYL,104
1999-07-14 00:00:00,HAYL,103.75
1999-07-15 00:00:00,HAYL,102
1999-07-16 00:00:00,HAYL,103
1999-07-19 00:00:00,HAYL,102.75
1999-07-20 00:00:00,HAYL,105.25
1999-07-21 00:00:00,HAYL,110
1999-07-22 00:00:00,HAYL,120
1999-07-23 00:00:00,HAYL,120
1999-07-26 00:00:00,HAYL,119
1999-07-27 00:00:00,HAYL,123
1999-07-29 00:00:00,HAYL,123
1999-07-30 00:00:00,HAYL,123
1999-08-02 00:00:00,HAYL,123
1999-08-03 00:00:00,HAYL,123
1999-08-04 00:00:00,HAYL,123
1999-08-05 00:00:00,HAYL,120
1999-08-06 00:00:00,HAYL,120
1999-08-09 00:00:00,HAYL,121.5
1999-08-10 00:00:00,HAYL,122
1999-08-11 00:00:00,HAYL,121.5
1999-08-12 00:00:00,HAYL,120
1999-08-13 00:00:00,HAYL,120
1999-08-16 00:00:00,HAYL,120
1999-08-17 00:00:00,HAYL,120
1999-08-18 00:00:00,HAYL,115
1999-08-20 00:00:00,HAYL,114.75
1999-08-23 00:00:00,HAYL,108.25
1999-08-24 00:00:00,HAYL,100
1999-08-30 00:00:00,HAYL,105.5
1999-08-31 00:00:00,HAYL,106
1999-09-01 00:00:00,HAYL,103.5
1999-09-02 00:00:00,HAYL,104
1999-09-03 00:00:00,HAYL,104
1999-09-06 00:00:00,HAYL,104
1999-09-07 00:00:00,HAYL,104.75
1999-09-08 00:00:00,HAYL,105.25
1999-09-09 00:00:00,HAYL,107
1999-09-10 00:00:00,HAYL,106
1999-09-13 00:00:00,HAYL,106
1999-09-14 00:00:00,HAYL,106
1999-09-16 00:00:00,HAYL,107
1999-09-21 00:00:00,HAYL,107.25
1999-09-22 00:00:00,HAYL,108
1999-09-23 00:00:00,HAYL,108.25
1999-09-24 00:00:00,HAYL,108.25
1999-09-27 00:00:00,HAYL,103
1999-09-28 00:00:00,HAYL,103
1999-09-29 00:00:00,HAYL,103
1999-09-30 00:00:00,HAYL,103
1999-10-01 00:00:00,HAYL,100
1999-10-05 00:00:00,HAYL,105
1999-10-07 00:00:00,HAYL,105
1999-10-11 00:00:00,HAYL,100
1999-10-12 00:00:00,HAYL,100.25
1999-10-13 00:00:00,HAYL,100
1999-10-14 00:00:00,HAYL,100
1999-10-15 00:00:00,HAYL,100
1999-10-19 00:00:00,HAYL,100.25
1999-10-21 00:00:00,HAYL,101
1999-10-25 00:00:00,HAYL,101
1999-10-26 00:00:00,HAYL,100
1999-10-27 00:00:00,HAYL,98
1999-10-28 00:00:00,HAYL,96
1999-10-29 00:00:00,HAYL,100
1999-11-01 00:00:00,HAYL,99.75
1999-11-03 00:00:00,HAYL,99.25
1999-11-04 00:00:00,HAYL,100
1999-11-10 00:00:00,HAYL,101
1999-11-11 00:00:00,HAYL,101.5
1999-11-12 00:00:00,HAYL,101.5
1999-11-15 00:00:00,HAYL,101.75
1999-11-16 00:00:00,HAYL,102
1999-11-17 00:00:00,HAYL,105
1999-11-18 00:00:00,HAYL,104
1999-11-19 00:00:00,HAYL,105
1999-11-23 00:00:00,HAYL,105
1999-11-24 00:00:00,HAYL,104
1999-11-25 00:00:00,HAYL,102
1999-11-26 00:00:00,HAYL,102
1999-11-29 00:00:00,HAYL,105
1999-11-30 00:00:00,HAYL,105
1999-12-01 00:00:00,HAYL,103
1999-12-02 00:00:00,HAYL,105
1999-12-06 00:00:00,HAYL,108
1999-12-07 00:00:00,HAYL,109
1999-12-08 00:00:00,HAYL,112.75
1999-12-09 00:00:00,HAYL,115
1999-12-10 00:00:00,HAYL,115
1999-12-13 00:00:00,HAYL,119
1999-12-14 00:00:00,HAYL,119.75
1999-12-15 00:00:00,HAYL,119
1999-12-17 00:00:00,HAYL,119
1999-12-20 00:00:00,HAYL,119
1999-12-21 00:00:00,HAYL,119
1999-12-23 00:00:00,HAYL,118
1999-12-27 00:00:00,HAYL,118
1999-12-29 00:00:00,HAYL,112
1999-12-30 00:00:00,HAYL,110
1999-01-04 00:00:00,HEXP,36
1999-01-05 00:00:00,HEXP,35.75
1999-01-06 00:00:00,HEXP,38
1999-01-08 00:00:00,HEXP,38
1999-01-14 00:00:00,HEXP,36.5
1999-01-18 00:00:00,HEXP,36.5
1999-01-19 00:00:00,HEXP,36.25
1999-01-21 00:00:00,HEXP,36
1999-02-02 00:00:00,HEXP,31
1999-02-09 00:00:00,HEXP,34
1999-02-11 00:00:00,HEXP,34
1999-02-15 00:00:00,HEXP,35.25
1999-02-17 00:00:00,HEXP,38
1999-02-22 00:00:00,HEXP,39.25
1999-02-23 00:00:00,HEXP,38.5
1999-02-24 00:00:00,HEXP,38.5
1999-02-25 00:00:00,HEXP,38
SECURITY_DA,COMP,CLOSE_PRICE
-----------,----,-----------
1999-03-05 00:00:00,HEXP,35
1999-03-09 00:00:00,HEXP,33.25
1999-03-26 00:00:00,HEXP,33.5
1999-03-29 00:00:00,HEXP,34
1999-04-05 00:00:00,HEXP,34.25
1999-04-19 00:00:00,HEXP,35.25
1999-04-20 00:00:00,HEXP,36
1999-04-22 00:00:00,HEXP,36
1999-04-23 00:00:00,HEXP,36
1999-04-27 00:00:00,HEXP,36
1999-05-04 00:00:00,HEXP,37
1999-05-11 00:00:00,HEXP,37
1999-05-12 00:00:00,HEXP,37
1999-05-17 00:00:00,HEXP,38
1999-05-19 00:00:00,HEXP,38
1999-05-25 00:00:00,HEXP,38.25
1999-05-27 00:00:00,HEXP,38.5
1999-06-01 00:00:00,HEXP,40
1999-06-03 00:00:00,HEXP,37
1999-06-07 00:00:00,HEXP,35
1999-06-10 00:00:00,HEXP,35
SECURITY_DA,COMP,CLOSE_PRICE
-----------,----,-----------
1999-06-15 00:00:00,HEXP,35
1999-06-17 00:00:00,HEXP,39.75
1999-06-18 00:00:00,HEXP,38
1999-06-21 00:00:00,HEXP,38
1999-06-23 00:00:00,HEXP,36.25
1999-06-25 00:00:00,HEXP,37
1999-07-02 00:00:00,HEXP,38
1999-07-06 00:00:00,HEXP,40
1999-07-07 00:00:00,HEXP,39
1999-07-08 00:00:00,HEXP,38
1999-07-09 00:00:00,HEXP,38
1999-07-13 00:00:00,HEXP,37.5
1999-07-16 00:00:00,HEXP,38
1999-07-19 00:00:00,HEXP,38
1999-07-20 00:00:00,HEXP,38
1999-07-23 00:00:00,HEXP,38
1999-07-26 00:00:00,HEXP,38
1999-07-29 00:00:00,HEXP,38
1999-08-02 00:00:00,HEXP,38.5
1999-08-03 00:00:00,HEXP,38
1999-08-09 00:00:00,HEXP,38.5
SECURITY_DA,COMP,CLOSE_PRICE
-----------,----,-----------
1999-08-10 00:00:00,HEXP,38.5
1999-08-12 00:00:00,HEXP,38.5
1999-08-13 00:00:00,HEXP,38.5
1999-08-16 00:00:00,HEXP,38.5
1999-08-17 00:00:00,HEXP,38.75
1999-08-18 00:00:00,HEXP,38.75
1999-08-19 00:00:00,HEXP,36
1999-08-23 00:00:00,HEXP,35.5
1999-08-24 00:00:00,HEXP,35.5
1999-08-31 00:00:00,HEXP,36.5
1999-09-01 00:00:00,HEXP,36
1999-09-06 00:00:00,HEXP,36.25
1999-09-10 00:00:00,HEXP,36.25
1999-09-13 00:00:00,HEXP,34
1999-09-15 00:00:00,HEXP,34
1999-09-22 00:00:00,HEXP,34
1999-09-23 00:00:00,HEXP,35.25
1999-09-29 00:00:00,HEXP,33
1999-09-30 00:00:00,HEXP,32.5
1999-10-01 00:00:00,HEXP,32.5
1999-10-07 00:00:00,HEXP,34
SECURITY_DA,COMP,CLOSE_PRICE
-----------,----,-----------
1999-10-12 00:00:00,HEXP,32.5
1999-10-13 00:00:00,HEXP,32.5
1999-10-14 00:00:00,HEXP,32.5
1999-10-19 00:00:00,HEXP,32.5
1999-10-20 00:00:00,HEXP,33
1999-10-25 00:00:00,HEXP,32.75
1999-10-28 00:00:00,HEXP,32.5
1999-11-05 00:00:00,HEXP,31
1999-11-08 00:00:00,HEXP,32
1999-11-10 00:00:00,HEXP,32
1999-11-12 00:00:00,HEXP,32
1999-11-16 00:00:00,HEXP,32.25
1999-11-17 00:00:00,HEXP,32
1999-11-18 00:00:00,HEXP,32
1999-11-23 00:00:00,HEXP,32
1999-11-24 00:00:00,HEXP,32
1999-11-26 00:00:00,HEXP,32
1999-11-29 00:00:00,HEXP,32
1999-12-06 00:00:00,HEXP,33
1999-12-09 00:00:00,HEXP,32.25
1999-12-13 00:00:00,HEXP,33
SECURITY_DA,COMP,CLOSE_PRICE
-----------,----,-----------
1999-12-15 00:00:00,HEXP,32.5
1999-12-16 00:00:00,HEXP,32.5
1999-12-17 00:00:00,HEXP,32.5
1999-12-20 00:00:00,HEXP,31
1999-12-21 00:00:00,HEXP,31
1999-12-29 00:00:00,HEXP,31
1999-01-04 00:00:00,HINN,62
1999-01-05 00:00:00,HINN,60
1999-01-27 00:00:00,HINN,50
1999-02-09 00:00:00,HINN,50
1999-02-24 00:00:00,HINN,52
1999-03-30 00:00:00,HINN,40
1999-04-01 00:00:00,HINN,40
1999-04-19 00:00:00,HINN,40
1999-04-27 00:00:00,HINN,50
1999-04-28 00:00:00,HINN,50.25
1999-05-20 00:00:00,HINN,52
1999-05-21 00:00:00,HINN,50.5
1999-05-25 00:00:00,HINN,50.5
1999-05-26 00:00:00,HINN,50.5
1999-06-10 00:00:00,HINN,50
SECURITY_DA,COMP,CLOSE_PRICE
-----------,----,-----------
1999-07-02 00:00:00,HINN,50
1999-07-05 00:00:00,HINN,50
1999-07-23 00:00:00,HINN,60
1999-07-26 00:00:00,HINN,60
1999-08-03 00:00:00,HINN,60
1999-08-13 00:00:00,HINN,58
1999-09-28 00:00:00,HINN,57
1999-09-29 00:00:00,HINN,57
1999-10-01 00:00:00,HINN,55
1999-10-13 00:00:00,HINN,54
1999-10-20 00:00:00,HINN,54
1999-10-28 00:00:00,HINN,49
1999-11-01 00:00:00,HINN,49
1999-11-15 00:00:00,HINN,50
1999-11-23 00:00:00,HINN,52.5
1999-11-25 00:00:00,HINN,54
1999-12-09 00:00:00,HINN,55
1999-12-15 00:00:00,HINN,55
1999-12-16 00:00:00,HINN,55
1999-12-17 00:00:00,HINN,55
1999-12-21 00:00:00,HINN,55
SECURITY_DA,COMP,CLOSE_PRICE
-----------,----,-----------
1999-12-27 00:00:00,HINN,55
1999-12-28 00:00:00,HINN,53.25
1999-12-30 00:00:00,HINN,53.25
1999-01-05 00:00:00,HLOG,25
1999-01-06 00:00:00,HLOG,25
1999-01-21 00:00:00,HLOG,20
1999-01-25 00:00:00,HLOG,22
1999-01-26 00:00:00,HLOG,21
1999-02-09 00:00:00,HLOG,22.25
1999-02-11 00:00:00,HLOG,25
1999-02-16 00:00:00,HLOG,23.25
1999-02-19 00:00:00,HLOG,25
1999-03-02 00:00:00,HLOG,26
1999-03-09 00:00:00,HLOG,24.75
1999-03-19 00:00:00,HLOG,24.75
1999-05-12 00:00:00,HLOG,25
1999-05-20 00:00:00,HLOG,25
1999-05-25 00:00:00,HLOG,25
1999-06-01 00:00:00,HLOG,25
1999-06-08 00:00:00,HLOG,25
1999-06-14 00:00:00,HLOG,25
SECURITY_DA,COMP,CLOSE_PRICE
-----------,----,-----------
1999-06-16 00:00:00,HLOG,25
1999-06-21 00:00:00,HLOG,25
1999-07-01 00:00:00,HLOG,25
1999-07-02 00:00:00,HLOG,25
1999-07-05 00:00:00,HLOG,25
1999-07-06 00:00:00,HLOG,25
1999-07-12 00:00:00,HLOG,25
1999-07-15 00:00:00,HLOG,25
1999-07-22 00:00:00,HLOG,26.5
1999-07-23 00:00:00,HLOG,27
1999-07-30 00:00:00,HLOG,27
1999-08-11 00:00:00,HLOG,27.5
1999-08-13 00:00:00,HLOG,28
1999-08-17 00:00:00,HLOG,28
1999-08-18 00:00:00,HLOG,28
1999-08-19 00:00:00,HLOG,28
1999-08-20 00:00:00,HLOG,28
1999-08-30 00:00:00,HLOG,28
1999-09-17 00:00:00,HLOG,28
1999-09-20 00:00:00,HLOG,28
1999-09-30 00:00:00,HLOG,28
SECURITY_DA,COMP,CLOSE_PRICE
-----------,----,-----------
1999-10-05 00:00:00,HLOG,28
1999-10-08 00:00:00,HLOG,28
1999-10-13 00:00:00,HLOG,28
1999-11-02 00:00:00,HLOG,28
1999-11-24 00:00:00,HLOG,27
1999-11-30 00:00:00,HLOG,25
1999-12-08 00:00:00,HLOG,30
1999-12-10 00:00:00,HLOG,29.5
1999-12-13 00:00:00,HLOG,27.5
1999-12-14 00:00:00,HLOG,27.25
1999-12-30 00:00:00,HLOG,27.25
1999-01-04 00:00:00,HNB,160
1999-01-05 00:00:00,HNB,155
1999-01-06 00:00:00,HNB,155
1999-01-07 00:00:00,HNB,158
1999-01-08 00:00:00,HNB,160
1999-01-11 00:00:00,HNB,158
1999-01-12 00:00:00,HNB,156
1999-01-13 00:00:00,HNB,157
1999-01-14 00:00:00,HNB,152
1999-01-18 00:00:00,HNB,153
1999-01-21 00:00:00,HNB,153.25
1999-01-22 00:00:00,HNB,153
1999-01-25 00:00:00,HNB,153
1999-01-26 00:00:00,HNB,153
1999-01-27 00:00:00,HNB,150.25
1999-01-28 00:00:00,HNB,150
1999-01-29 00:00:00,HNB,150
1999-02-01 00:00:00,HNB,150
1999-02-02 00:00:00,HNB,150
1999-02-03 00:00:00,HNB,150
1999-02-05 00:00:00,HNB,150
1999-02-08 00:00:00,HNB,150
1999-02-09 00:00:00,HNB,149
1999-02-10 00:00:00,HNB,148.25
1999-02-11 00:00:00,HNB,150
1999-02-15 00:00:00,HNB,150
1999-02-16 00:00:00,HNB,150
1999-02-18 00:00:00,HNB,149.75
1999-02-19 00:00:00,HNB,149.5
1999-02-22 00:00:00,HNB,149.5
1999-02-23 00:00:00,HNB,149.5
1999-02-24 00:00:00,HNB,148
1999-02-26 00:00:00,HNB,148
1999-03-03 00:00:00,HNB,145
1999-03-05 00:00:00,HNB,140
1999-03-08 00:00:00,HNB,130.25
1999-03-09 00:00:00,HNB,131
1999-03-10 00:00:00,HNB,130
1999-03-15 00:00:00,HNB,130
1999-03-16 00:00:00,HNB,130
1999-03-17 00:00:00,HNB,130.25
1999-03-18 00:00:00,HNB,130
1999-03-22 00:00:00,HNB,130
1999-03-25 00:00:00,HNB,130
1999-03-30 00:00:00,HNB,130.5
1999-04-12 00:00:00,HNB,135.25
1999-04-16 00:00:00,HNB,135.25
1999-04-20 00:00:00,HNB,135
1999-04-21 00:00:00,HNB,135.5
1999-04-23 00:00:00,HNB,137
1999-04-27 00:00:00,HNB,136
1999-05-03 00:00:00,HNB,135
1999-05-04 00:00:00,HNB,135
1999-05-06 00:00:00,HNB,135
1999-05-07 00:00:00,HNB,135
1999-05-10 00:00:00,HNB,135.25
1999-05-11 00:00:00,HNB,135.25
1999-05-12 00:00:00,HNB,135.5
1999-05-13 00:00:00,HNB,135
1999-05-14 00:00:00,HNB,135
1999-05-17 00:00:00,HNB,135
1999-05-18 00:00:00,HNB,135.25
1999-05-19 00:00:00,HNB,135
1999-05-20 00:00:00,HNB,136
1999-05-24 00:00:00,HNB,140
1999-05-25 00:00:00,HNB,136.25
1999-05-26 00:00:00,HNB,136
1999-05-27 00:00:00,HNB,136
1999-05-28 00:00:00,HNB,169.25
1999-06-01 00:00:00,HNB,155
1999-06-02 00:00:00,HNB,158
1999-06-03 00:00:00,HNB,155
1999-06-04 00:00:00,HNB,155
1999-06-07 00:00:00,HNB,155
1999-06-08 00:00:00,HNB,154
1999-06-09 00:00:00,HNB,153
1999-06-10 00:00:00,HNB,150.25
1999-06-11 00:00:00,HNB,150
1999-06-14 00:00:00,HNB,150
1999-06-15 00:00:00,HNB,150
1999-06-16 00:00:00,HNB,149.25
1999-06-17 00:00:00,HNB,150
1999-06-18 00:00:00,HNB,150
1999-06-21 00:00:00,HNB,149
1999-06-22 00:00:00,HNB,150
1999-06-23 00:00:00,HNB,150
1999-06-24 00:00:00,HNB,150
1999-06-25 00:00:00,HNB,149.75
1999-06-30 00:00:00,HNB,150
1999-07-01 00:00:00,HNB,151.5
1999-07-02 00:00:00,HNB,155
1999-07-05 00:00:00,HNB,157
1999-07-06 00:00:00,HNB,162
1999-07-07 00:00:00,HNB,162
1999-07-08 00:00:00,HNB,158.5
1999-07-09 00:00:00,HNB,160
1999-07-12 00:00:00,HNB,160
1999-07-13 00:00:00,HNB,160.25
1999-07-14 00:00:00,HNB,161.5
1999-07-15 00:00:00,HNB,164
1999-07-16 00:00:00,HNB,162
1999-07-19 00:00:00,HNB,163
1999-07-20 00:00:00,HNB,164
1999-07-21 00:00:00,HNB,163.5
1999-07-22 00:00:00,HNB,163.75
1999-07-23 00:00:00,HNB,163.5
1999-07-26 00:00:00,HNB,165
1999-07-27 00:00:00,HNB,100
1999-07-29 00:00:00,HNB,107
1999-07-30 00:00:00,HNB,106
1999-08-02 00:00:00,HNB,103
1999-08-03 00:00:00,HNB,103.25
1999-08-04 00:00:00,HNB,106
1999-08-05 00:00:00,HNB,104.75
1999-08-06 00:00:00,HNB,103
1999-08-09 00:00:00,HNB,105
1999-08-10 00:00:00,HNB,105
1999-08-11 00:00:00,HNB,103.5
1999-08-12 00:00:00,HNB,103
1999-08-13 00:00:00,HNB,104.5
1999-08-16 00:00:00,HNB,104
1999-08-17 00:00:00,HNB,103
1999-08-18 00:00:00,HNB,99
1999-08-19 00:00:00,HNB,101
1999-08-20 00:00:00,HNB,102
1999-08-23 00:00:00,HNB,100.25
1999-08-24 00:00:00,HNB,100
1999-08-25 00:00:00,HNB,100.5
1999-08-31 00:00:00,HNB,99.75
1999-09-01 00:00:00,HNB,98
1999-09-02 00:00:00,HNB,95
1999-09-03 00:00:00,HNB,99
1999-09-06 00:00:00,HNB,98
1999-09-07 00:00:00,HNB,99
1999-09-08 00:00:00,HNB,98
1999-09-09 00:00:00,HNB,97
1999-09-10 00:00:00,HNB,95
1999-09-13 00:00:00,HNB,91
1999-09-14 00:00:00,HNB,89.5
1999-09-15 00:00:00,HNB,89
1999-09-16 00:00:00,HNB,90
1999-09-17 00:00:00,HNB,90
1999-09-20 00:00:00,HNB,90
1999-09-21 00:00:00,HNB,89.75
1999-09-22 00:00:00,HNB,90
1999-09-23 00:00:00,HNB,89
1999-09-24 00:00:00,HNB,89
1999-09-27 00:00:00,HNB,88
1999-09-28 00:00:00,HNB,87
1999-09-29 00:00:00,HNB,82
1999-09-30 00:00:00,HNB,86
1999-10-01 00:00:00,HNB,87
1999-10-04 00:00:00,HNB,87
1999-10-05 00:00:00,HNB,87
1999-10-06 00:00:00,HNB,85.5
1999-10-07 00:00:00,HNB,85.5
1999-10-08 00:00:00,HNB,85
1999-10-11 00:00:00,HNB,84.75
1999-10-12 00:00:00,HNB,84.75
1999-10-13 00:00:00,HNB,82
1999-10-14 00:00:00,HNB,82
1999-10-15 00:00:00,HNB,82
1999-10-18 00:00:00,HNB,82
1999-10-19 00:00:00,HNB,82.25
1999-10-20 00:00:00,HNB,82.25
1999-10-21 00:00:00,HNB,82
1999-10-22 00:00:00,HNB,82
1999-10-25 00:00:00,HNB,82
1999-10-26 00:00:00,HNB,82
1999-10-27 00:00:00,HNB,80
1999-10-28 00:00:00,HNB,79.75
1999-10-29 00:00:00,HNB,79
1999-11-01 00:00:00,HNB,79.25
1999-11-02 00:00:00,HNB,79.75
1999-11-03 00:00:00,HNB,79.5
1999-11-04 00:00:00,HNB,81.25
1999-11-05 00:00:00,HNB,81.25
1999-11-08 00:00:00,HNB,81.25
1999-11-09 00:00:00,HNB,83
1999-11-10 00:00:00,HNB,83
1999-11-11 00:00:00,HNB,83
1999-11-12 00:00:00,HNB,83
1999-11-15 00:00:00,HNB,83
1999-11-16 00:00:00,HNB,82
1999-11-17 00:00:00,HNB,82
1999-11-18 00:00:00,HNB,82
1999-11-19 00:00:00,HNB,82
1999-11-23 00:00:00,HNB,82
1999-11-24 00:00:00,HNB,84
1999-11-25 00:00:00,HNB,83
1999-11-26 00:00:00,HNB,84
1999-11-29 00:00:00,HNB,84
1999-11-30 00:00:00,HNB,84.5
1999-12-01 00:00:00,HNB,84.75
1999-12-02 00:00:00,HNB,84
1999-12-03 00:00:00,HNB,84.5
1999-12-06 00:00:00,HNB,85
1999-12-07 00:00:00,HNB,87
1999-12-08 00:00:00,HNB,90
1999-12-09 00:00:00,HNB,92
1999-12-10 00:00:00,HNB,93
1999-12-13 00:00:00,HNB,95
1999-12-14 00:00:00,HNB,96
1999-12-15 00:00:00,HNB,94
1999-12-16 00:00:00,HNB,93
1999-12-17 00:00:00,HNB,92.5
1999-12-20 00:00:00,HNB,93.75
1999-12-21 00:00:00,HNB,93.75
1999-12-23 00:00:00,HNB,91
1999-12-27 00:00:00,HNB,89.5
1999-12-28 00:00:00,HNB,87
1999-12-29 00:00:00,HNB,87
1999-12-30 00:00:00,HNB,87
1999-01-05 00:00:00,HOPL,8.25
1999-01-06 00:00:00,HOPL,8.25
1999-01-07 00:00:00,HOPL,8
1999-01-08 00:00:00,HOPL,8
1999-01-11 00:00:00,HOPL,8
1999-01-12 00:00:00,HOPL,8
1999-01-13 00:00:00,HOPL,8
SECURITY_DA,COMP,CLOSE_PRICE
-----------,----,-----------
1999-01-14 00:00:00,HOPL,8
1999-01-18 00:00:00,HOPL,8
1999-01-19 00:00:00,HOPL,7.75
1999-01-20 00:00:00,HOPL,7.75
1999-01-21 00:00:00,HOPL,7.75
1999-01-22 00:00:00,HOPL,7.75
1999-01-25 00:00:00,HOPL,8
1999-01-26 00:00:00,HOPL,7.5
1999-01-27 00:00:00,HOPL,7.5
1999-01-29 00:00:00,HOPL,7
1999-02-01 00:00:00,HOPL,7
1999-02-02 00:00:00,HOPL,7
1999-02-03 00:00:00,HOPL,6.5
1999-02-05 00:00:00,HOPL,6.75
1999-02-08 00:00:00,HOPL,6.75
1999-02-09 00:00:00,HOPL,6.5
1999-02-10 00:00:00,HOPL,6.25
1999-02-11 00:00:00,HOPL,6.25
1999-02-12 00:00:00,HOPL,6.25
1999-02-15 00:00:00,HOPL,6.25
1999-02-16 00:00:00,HOPL,7
SECURITY_DA,COMP,CLOSE_PRICE
-----------,----,-----------
1999-02-17 00:00:00,HOPL,7
1999-02-18 00:00:00,HOPL,6.75
1999-02-19 00:00:00,HOPL,6.75
1999-02-22 00:00:00,HOPL,6.25
1999-02-23 00:00:00,HOPL,6.25
1999-02-24 00:00:00,HOPL,6.25
1999-02-25 00:00:00,HOPL,6.25
1999-02-26 00:00:00,HOPL,6.25
1999-03-03 00:00:00,HOPL,6.25
1999-03-04 00:00:00,HOPL,6.25
1999-03-05 00:00:00,HOPL,6
1999-03-08 00:00:00,HOPL,6
1999-03-09 00:00:00,HOPL,5.5
1999-03-10 00:00:00,HOPL,5
1999-03-11 00:00:00,HOPL,5
1999-03-12 00:00:00,HOPL,5
1999-03-15 00:00:00,HOPL,5
1999-03-16 00:00:00,HOPL,5
1999-03-19 00:00:00,HOPL,6
1999-03-22 00:00:00,HOPL,7
1999-03-23 00:00:00,HOPL,7.25
SECURITY_DA,COMP,CLOSE_PRICE
-----------,----,-----------
1999-03-24 00:00:00,HOPL,6.25
1999-03-25 00:00:00,HOPL,6
1999-03-26 00:00:00,HOPL,5.75
1999-03-30 00:00:00,HOPL,6
1999-04-05 00:00:00,HOPL,6.25
1999-04-06 00:00:00,HOPL,6.25
1999-04-08 00:00:00,HOPL,7
1999-04-12 00:00:00,HOPL,6.5
1999-04-15 00:00:00,HOPL,6.5
1999-04-19 00:00:00,HOPL,6.5
1999-04-20 00:00:00,HOPL,5
1999-04-22 00:00:00,HOPL,5.75
1999-04-26 00:00:00,HOPL,5.75
1999-04-27 00:00:00,HOPL,5.75
1999-04-28 00:00:00,HOPL,5.75
1999-05-03 00:00:00,HOPL,5.5
1999-05-05 00:00:00,HOPL,5.5
1999-05-07 00:00:00,HOPL,5.5
1999-05-11 00:00:00,HOPL,5
1999-05-12 00:00:00,HOPL,5.25
1999-05-14 00:00:00,HOPL,5
SECURITY_DA,COMP,CLOSE_PRICE
-----------,----,-----------
1999-05-17 00:00:00,HOPL,5
1999-09-22 00:00:00,HOPL,10
1999-09-23 00:00:00,HOPL,11.25
1999-09-24 00:00:00,HOPL,11.25
1999-09-27 00:00:00,HOPL,13
1999-09-28 00:00:00,HOPL,13.25
1999-09-29 00:00:00,HOPL,12.75
1999-09-30 00:00:00,HOPL,13
1999-10-01 00:00:00,HOPL,12.5
1999-10-04 00:00:00,HOPL,13.5
1999-10-05 00:00:00,HOPL,12.75
1999-10-06 00:00:00,HOPL,12
1999-10-07 00:00:00,HOPL,11
1999-10-08 00:00:00,HOPL,12.25
1999-10-11 00:00:00,HOPL,11.25
1999-10-12 00:00:00,HOPL,11
1999-10-13 00:00:00,HOPL,11
1999-10-14 00:00:00,HOPL,11
1999-10-15 00:00:00,HOPL,11
1999-10-18 00:00:00,HOPL,12
1999-10-19 00:00:00,HOPL,12
SECURITY_DA,COMP,CLOSE_PRICE
-----------,----,-----------
1999-10-20 00:00:00,HOPL,12
1999-10-21 00:00:00,HOPL,11.5
1999-10-22 00:00:00,HOPL,12
1999-10-25 00:00:00,HOPL,12
1999-10-26 00:00:00,HOPL,11.25
1999-10-27 00:00:00,HOPL,11.5
1999-10-28 00:00:00,HOPL,11
1999-11-03 00:00:00,HOPL,11
1999-11-04 00:00:00,HOPL,11.25
1999-11-05 00:00:00,HOPL,10.75
1999-11-08 00:00:00,HOPL,10.5
1999-11-09 00:00:00,HOPL,10.25
1999-11-10 00:00:00,HOPL,10
1999-11-11 00:00:00,HOPL,10
1999-11-15 00:00:00,HOPL,9.75
1999-11-16 00:00:00,HOPL,9.5
1999-11-17 00:00:00,HOPL,9.5
1999-11-19 00:00:00,HOPL,9.5
1999-11-23 00:00:00,HOPL,10.25
1999-11-24 00:00:00,HOPL,10.5
1999-11-25 00:00:00,HOPL,10
SECURITY_DA,COMP,CLOSE_PRICE
-----------,----,-----------
1999-11-26 00:00:00,HOPL,10
1999-12-01 00:00:00,HOPL,10
1999-12-02 00:00:00,HOPL,10.25
1999-12-03 00:00:00,HOPL,10.75
1999-12-06 00:00:00,HOPL,11.5
1999-12-07 00:00:00,HOPL,11.75
1999-12-08 00:00:00,HOPL,11.5
1999-12-09 00:00:00,HOPL,11.25
1999-12-10 00:00:00,HOPL,11.25
1999-12-13 00:00:00,HOPL,11.5
1999-12-14 00:00:00,HOPL,11.25
1999-12-15 00:00:00,HOPL,10.75
1999-12-16 00:00:00,HOPL,10.5
1999-12-17 00:00:00,HOPL,11
1999-12-20 00:00:00,HOPL,10.5
1999-12-21 00:00:00,HOPL,10.75
1999-12-23 00:00:00,HOPL,11
1999-12-27 00:00:00,HOPL,10
1999-12-28 00:00:00,HOPL,10
1999-12-29 00:00:00,HOPL,10.5
1999-12-30 00:00:00,HOPL,10.5
SECURITY_DA,COMP,CLOSE_PRICE
-----------,----,-----------
1999-01-05 00:00:00,HPP,21
1999-01-06 00:00:00,HPP,21
1999-01-08 00:00:00,HPP,22
1999-01-11 00:00:00,HPP,22
1999-01-12 00:00:00,HPP,22
1999-01-13 00:00:00,HPP,22
1999-01-18 00:00:00,HPP,22.25
1999-01-19 00:00:00,HPP,22
1999-01-20 00:00:00,HPP,22
1999-01-21 00:00:00,HPP,20
1999-01-25 00:00:00,HPP,22
1999-02-01 00:00:00,HPP,21
1999-02-03 00:00:00,HPP,21.25
1999-02-08 00:00:00,HPP,22.25
1999-02-11 00:00:00,HPP,23.25
1999-02-15 00:00:00,HPP,21
1999-02-17 00:00:00,HPP,22
1999-02-19 00:00:00,HPP,20
1999-02-23 00:00:00,HPP,20
1999-03-03 00:00:00,HPP,20.25
1999-03-04 00:00:00,HPP,20
SECURITY_DA,COMP,CLOSE_PRICE
-----------,----,-----------
1999-03-08 00:00:00,HPP,20
1999-03-09 00:00:00,HPP,20
1999-03-11 00:00:00,HPP,20
1999-04-05 00:00:00,HPP,19.5
1999-04-09 00:00:00,HPP,20
1999-04-26 00:00:00,HPP,20
1999-05-03 00:00:00,HPP,20.75
1999-05-04 00:00:00,HPP,20.5
1999-05-05 00:00:00,HPP,20.5
1999-05-10 00:00:00,HPP,20.25
1999-05-11 00:00:00,HPP,19
1999-05-12 00:00:00,HPP,19.5
1999-05-14 00:00:00,HPP,19.75
1999-05-17 00:00:00,HPP,20
1999-05-18 00:00:00,HPP,20
1999-05-19 00:00:00,HPP,20
1999-05-20 00:00:00,HPP,19.75
1999-05-27 00:00:00,HPP,20.5
1999-05-28 00:00:00,HPP,21
1999-06-01 00:00:00,HPP,21
1999-06-02 00:00:00,HPP,21
SECURITY_DA,COMP,CLOSE_PRICE
-----------,----,-----------
1999-06-03 00:00:00,HPP,20.75
1999-06-07 00:00:00,HPP,20
1999-06-10 00:00:00,HPP,16.5
1999-06-14 00:00:00,HPP,19.75
1999-06-17 00:00:00,HPP,18.25
1999-06-18 00:00:00,HPP,18
1999-06-22 00:00:00,HPP,18
1999-06-23 00:00:00,HPP,18
1999-06-25 00:00:00,HPP,18.5
1999-07-08 00:00:00,HPP,18
1999-07-22 00:00:00,HPP,18
1999-07-26 00:00:00,HPP,18
1999-08-02 00:00:00,HPP,18.5
1999-08-06 00:00:00,HPP,19
1999-08-10 00:00:00,HPP,19
1999-08-11 00:00:00,HPP,16
1999-08-16 00:00:00,HPP,17
1999-08-18 00:00:00,HPP,16.5
1999-08-19 00:00:00,HPP,16.5
1999-08-24 00:00:00,HPP,16.75
1999-08-31 00:00:00,HPP,16.75
SECURITY_DA,COMP,CLOSE_PRICE
-----------,----,-----------
1999-09-06 00:00:00,HPP,16.75
1999-09-09 00:00:00,HPP,16.75
1999-09-13 00:00:00,HPP,17
1999-09-21 00:00:00,HPP,17
1999-09-28 00:00:00,HPP,16.5
1999-10-14 00:00:00,HPP,16.5
1999-10-19 00:00:00,HPP,16.5
1999-10-20 00:00:00,HPP,16.5
1999-10-21 00:00:00,HPP,16.5
1999-10-22 00:00:00,HPP,16.5
1999-10-27 00:00:00,HPP,16.5
1999-10-28 00:00:00,HPP,16.5
1999-10-29 00:00:00,HPP,16
1999-11-03 00:00:00,HPP,16.25
1999-11-04 00:00:00,HPP,16.25
1999-11-05 00:00:00,HPP,16.25
1999-11-08 00:00:00,HPP,16.25
1999-11-16 00:00:00,HPP,16
1999-11-26 00:00:00,HPP,15.5
1999-12-02 00:00:00,HPP,16.5
1999-12-06 00:00:00,HPP,17
SECURITY_DA,COMP,CLOSE_PRICE
-----------,----,-----------
1999-12-13 00:00:00,HPP,18.25
1999-12-14 00:00:00,HPP,18.25
1999-12-15 00:00:00,HPP,18
1999-12-17 00:00:00,HPP,18
1999-12-27 00:00:00,HPP,17
1999-01-05 00:00:00,HSIG,10.75
1999-01-06 00:00:00,HSIG,12.5
1999-01-21 00:00:00,HSIG,12
1999-01-22 00:00:00,HSIG,12
1999-02-22 00:00:00,HSIG,12
1999-04-08 00:00:00,HSIG,10
1999-04-20 00:00:00,HSIG,10
1999-04-23 00:00:00,HSIG,10
1999-04-26 00:00:00,HSIG,10
1999-06-02 00:00:00,HSIG,10.5
1999-07-13 00:00:00,HSIG,10.5
1999-07-14 00:00:00,HSIG,10.5
1999-07-15 00:00:00,HSIG,11
1999-07-16 00:00:00,HSIG,11
1999-07-19 00:00:00,HSIG,12.25
1999-07-20 00:00:00,HSIG,12
SECURITY_DA,COMP,CLOSE_PRICE
-----------,----,-----------
1999-07-27 00:00:00,HSIG,12
1999-08-02 00:00:00,HSIG,15
1999-08-09 00:00:00,HSIG,15
1999-08-10 00:00:00,HSIG,15
1999-09-07 00:00:00,HSIG,16
1999-09-09 00:00:00,HSIG,13.25
1999-09-10 00:00:00,HSIG,14
1999-10-05 00:00:00,HSIG,12
1999-10-08 00:00:00,HSIG,12
1999-10-11 00:00:00,HSIG,14
1999-10-13 00:00:00,HSIG,12
1999-11-29 00:00:00,HSIG,13
1999-12-27 00:00:00,HSIG,13
1999-01-27 00:00:00,HTEC,10
1999-03-15 00:00:00,HTEC,10
1999-03-16 00:00:00,HTEC,10
1999-05-17 00:00:00,HTEC,10.25
1999-06-15 00:00:00,HTEC,10
1999-06-17 00:00:00,HTEC,12
1999-07-07 00:00:00,HTEC,12
1999-07-19 00:00:00,HTEC,12
SECURITY_DA,COMP,CLOSE_PRICE
-----------,----,-----------
1999-08-12 00:00:00,HTEC,12.5
1999-08-13 00:00:00,HTEC,13
1999-08-17 00:00:00,HTEC,12.5
1999-08-19 00:00:00,HTEC,12.5
1999-08-31 00:00:00,HTEC,12.25
1999-09-03 00:00:00,HTEC,12
1999-09-29 00:00:00,HTEC,10.5
1999-12-09 00:00:00,HTEC,12
1999-01-07 00:00:00,HUNA,6.25
1999-01-12 00:00:00,HUNA,6.25
1999-01-14 00:00:00,HUNA,6.25
1999-01-22 00:00:00,HUNA,6.5
1999-01-25 00:00:00,HUNA,6.5
1999-01-27 00:00:00,HUNA,6.5
1999-02-01 00:00:00,HUNA,6.25
1999-02-03 00:00:00,HUNA,6
1999-02-05 00:00:00,HUNA,6.25
1999-02-08 00:00:00,HUNA,6.5
1999-02-10 00:00:00,HUNA,6.5
1999-02-18 00:00:00,HUNA,6.75
1999-02-19 00:00:00,HUNA,6.5
SECURITY_DA,COMP,CLOSE_PRICE
-----------,----,-----------
1999-02-22 00:00:00,HUNA,6.75
1999-02-23 00:00:00,HUNA,7
1999-02-26 00:00:00,HUNA,7
1999-03-02 00:00:00,HUNA,7
1999-03-03 00:00:00,HUNA,7
1999-03-04 00:00:00,HUNA,6.75
1999-03-08 00:00:00,HUNA,6.75
1999-03-09 00:00:00,HUNA,6.75
1999-03-10 00:00:00,HUNA,6.75
1999-03-12 00:00:00,HUNA,6.75
1999-03-17 00:00:00,HUNA,6.75
1999-03-24 00:00:00,HUNA,6
1999-03-29 00:00:00,HUNA,6.25
1999-04-01 00:00:00,HUNA,6.25
1999-04-07 00:00:00,HUNA,6.25
1999-04-16 00:00:00,HUNA,6.25
1999-04-20 00:00:00,HUNA,6.25
1999-04-27 00:00:00,HUNA,6.25
1999-04-28 00:00:00,HUNA,6.25
1999-05-05 00:00:00,HUNA,6.75
1999-05-06 00:00:00,HUNA,7
SECURITY_DA,COMP,CLOSE_PRICE
-----------,----,-----------
1999-05-07 00:00:00,HUNA,6.75
1999-05-11 00:00:00,HUNA,6.75
1999-05-12 00:00:00,HUNA,6.25
1999-05-13 00:00:00,HUNA,6.5
1999-05-17 00:00:00,HUNA,6.25
1999-05-21 00:00:00,HUNA,7
1999-05-28 00:00:00,HUNA,6
1999-06-03 00:00:00,HUNA,6.25
1999-06-07 00:00:00,HUNA,6.25
1999-06-09 00:00:00,HUNA,6.25
1999-06-11 00:00:00,HUNA,6
1999-06-17 00:00:00,HUNA,6
1999-06-18 00:00:00,HUNA,6
1999-06-22 00:00:00,HUNA,6.25
1999-06-23 00:00:00,HUNA,6
1999-06-24 00:00:00,HUNA,5.25
1999-06-25 00:00:00,HUNA,5.75
1999-07-06 00:00:00,HUNA,5.75
1999-07-07 00:00:00,HUNA,5.75
1999-07-09 00:00:00,HUNA,6
1999-07-14 00:00:00,HUNA,6
SECURITY_DA,COMP,CLOSE_PRICE
-----------,----,-----------
1999-07-15 00:00:00,HUNA,6
1999-07-20 00:00:00,HUNA,6
1999-07-21 00:00:00,HUNA,6.25
1999-07-22 00:00:00,HUNA,5.75
1999-07-23 00:00:00,HUNA,6.25
1999-07-26 00:00:00,HUNA,6
1999-07-27 00:00:00,HUNA,6
1999-07-29 00:00:00,HUNA,6
1999-08-02 00:00:00,HUNA,6
1999-08-04 00:00:00,HUNA,6.5
1999-08-06 00:00:00,HUNA,6.5
1999-08-09 00:00:00,HUNA,6.75
1999-08-10 00:00:00,HUNA,6.75
1999-08-13 00:00:00,HUNA,6.5
1999-08-17 00:00:00,HUNA,6.5
1999-08-18 00:00:00,HUNA,6.5
1999-08-20 00:00:00,HUNA,6.75
1999-08-23 00:00:00,HUNA,6.5
1999-08-24 00:00:00,HUNA,6.5
1999-08-30 00:00:00,HUNA,6.75
1999-08-31 00:00:00,HUNA,6.75
SECURITY_DA,COMP,CLOSE_PRICE
-----------,----,-----------
1999-09-01 00:00:00,HUNA,6.75
1999-09-02 00:00:00,HUNA,6.75
1999-09-03 00:00:00,HUNA,7
1999-09-06 00:00:00,HUNA,7
1999-09-07 00:00:00,HUNA,6.75
1999-09-08 00:00:00,HUNA,6.5
1999-09-10 00:00:00,HUNA,6.5
1999-09-13 00:00:00,HUNA,6.25
1999-09-17 00:00:00,HUNA,6.25
1999-09-28 00:00:00,HUNA,6.25
1999-09-29 00:00:00,HUNA,6.25
1999-10-01 00:00:00,HUNA,6.5
1999-10-04 00:00:00,HUNA,6.25
1999-10-07 00:00:00,HUNA,6.5
1999-10-08 00:00:00,HUNA,6.25
1999-10-12 00:00:00,HUNA,6.25
1999-10-13 00:00:00,HUNA,6.25
1999-10-14 00:00:00,HUNA,6.25
1999-10-18 00:00:00,HUNA,6.25
1999-10-27 00:00:00,HUNA,6.25
1999-10-29 00:00:00,HUNA,6
SECURITY_DA,COMP,CLOSE_PRICE
-----------,----,-----------
1999-11-08 00:00:00,HUNA,6
1999-11-09 00:00:00,HUNA,6
1999-11-10 00:00:00,HUNA,5.5
1999-11-11 00:00:00,HUNA,5.25
1999-11-12 00:00:00,HUNA,5.5
1999-11-16 00:00:00,HUNA,6
1999-11-19 00:00:00,HUNA,5.75
1999-11-23 00:00:00,HUNA,6
1999-11-24 00:00:00,HUNA,6.5
1999-11-30 00:00:00,HUNA,6.5
1999-12-01 00:00:00,HUNA,6.75
1999-12-02 00:00:00,HUNA,6.75
1999-12-06 00:00:00,HUNA,7
1999-12-07 00:00:00,HUNA,7
1999-12-08 00:00:00,HUNA,7
1999-12-10 00:00:00,HUNA,7
1999-12-13 00:00:00,HUNA,7
1999-12-14 00:00:00,HUNA,6.5
1999-12-15 00:00:00,HUNA,6.5
1999-12-17 00:00:00,HUNA,7
1999-12-20 00:00:00,HUNA,7.25
SECURITY_DA,COMP,CLOSE_PRICE
-----------,----,-----------
1999-12-21 00:00:00,HUNA,7
1999-12-23 00:00:00,HUNA,7
1999-01-06 00:00:00,HUNT,5
1999-01-11 00:00:00,HUNT,7
1999-01-28 00:00:00,HUNT,5
1999-01-29 00:00:00,HUNT,5
1999-02-01 00:00:00,HUNT,5.5
1999-02-02 00:00:00,HUNT,5
1999-02-03 00:00:00,HUNT,5
1999-02-09 00:00:00,HUNT,5.75
1999-02-10 00:00:00,HUNT,6.5
1999-02-16 00:00:00,HUNT,5.75
1999-02-17 00:00:00,HUNT,6.5
1999-02-19 00:00:00,HUNT,6.5
1999-02-26 00:00:00,HUNT,6.5
1999-03-03 00:00:00,HUNT,6.5
1999-03-29 00:00:00,HUNT,4
1999-04-01 00:00:00,HUNT,4
1999-04-05 00:00:00,HUNT,4
1999-04-08 00:00:00,HUNT,4.25
1999-04-15 00:00:00,HUNT,4.25
SECURITY_DA,COMP,CLOSE_PRICE
-----------,----,-----------
1999-04-19 00:00:00,HUNT,4.25
1999-04-20 00:00:00,HUNT,4.25
1999-04-22 00:00:00,HUNT,4.75
1999-04-27 00:00:00,HUNT,4.5
1999-05-03 00:00:00,HUNT,4.5
1999-05-05 00:00:00,HUNT,4.5
1999-05-11 00:00:00,HUNT,4
1999-05-13 00:00:00,HUNT,4
1999-05-14 00:00:00,HUNT,4
1999-05-20 00:00:00,HUNT,4
1999-05-21 00:00:00,HUNT,4
1999-05-28 00:00:00,HUNT,4
1999-06-07 00:00:00,HUNT,4
1999-06-11 00:00:00,HUNT,4
1999-06-16 00:00:00,HUNT,3.75
1999-06-17 00:00:00,HUNT,3.75
1999-06-22 00:00:00,HUNT,4
1999-06-24 00:00:00,HUNT,4
1999-06-25 00:00:00,HUNT,4
1999-07-13 00:00:00,HUNT,4.25
1999-07-21 00:00:00,HUNT,3.75
SECURITY_DA,COMP,CLOSE_PRICE
-----------,----,-----------
1999-08-04 00:00:00,HUNT,4
1999-08-11 00:00:00,HUNT,4
1999-08-17 00:00:00,HUNT,4
1999-08-23 00:00:00,HUNT,4
1999-08-24 00:00:00,HUNT,4.25
1999-08-30 00:00:00,HUNT,4
1999-09-02 00:00:00,HUNT,3.5
1999-09-03 00:00:00,HUNT,4
1999-09-07 00:00:00,HUNT,4.5
1999-09-10 00:00:00,HUNT,4
1999-09-13 00:00:00,HUNT,4
1999-09-16 00:00:00,HUNT,3.75
1999-09-30 00:00:00,HUNT,4
1999-10-08 00:00:00,HUNT,4.75
1999-10-20 00:00:00,HUNT,4.5
1999-10-21 00:00:00,HUNT,4.25
1999-10-22 00:00:00,HUNT,4.25
1999-10-25 00:00:00,HUNT,5.75
1999-10-26 00:00:00,HUNT,4.75
1999-10-27 00:00:00,HUNT,4.5
1999-10-29 00:00:00,HUNT,4.75
SECURITY_DA,COMP,CLOSE_PRICE
-----------,----,-----------
1999-11-24 00:00:00,HUNT,4.75
1999-11-29 00:00:00,HUNT,5
1999-12-01 00:00:00,HUNT,5.25
1999-12-06 00:00:00,HUNT,5.5
1999-12-08 00:00:00,HUNT,5
1999-12-10 00:00:00,HUNT,5
1999-12-16 00:00:00,HUNT,5.25
1999-01-28 00:00:00,INDO,320
1999-01-29 00:00:00,INDO,315
1999-02-19 00:00:00,INDO,315
1999-08-13 00:00:00,INDO,315
1999-01-11 00:00:00,ITH,13.25
1999-01-12 00:00:00,ITH,13.25
1999-01-14 00:00:00,ITH,13.25
1999-01-18 00:00:00,ITH,13
1999-02-02 00:00:00,ITH,14.5
1999-02-03 00:00:00,ITH,14.5
1999-02-16 00:00:00,ITH,13
1999-02-18 00:00:00,ITH,13.5
1999-02-19 00:00:00,ITH,13.5
1999-02-22 00:00:00,ITH,13.25
SECURITY_DA,COMP,CLOSE_PRICE
-----------,----,-----------
1999-02-23 00:00:00,ITH,13.25
1999-03-03 00:00:00,ITH,13.25
1999-03-05 00:00:00,ITH,13
1999-03-08 00:00:00,ITH,13
1999-03-09 00:00:00,ITH,13
1999-03-10 00:00:00,ITH,13.25
1999-03-17 00:00:00,ITH,13
1999-03-22 00:00:00,ITH,13
1999-03-23 00:00:00,ITH,13
1999-03-30 00:00:00,ITH,13
1999-04-19 00:00:00,ITH,13.5
1999-04-22 00:00:00,ITH,13.5
1999-04-23 00:00:00,ITH,13.5
1999-05-04 00:00:00,ITH,13.75
1999-05-06 00:00:00,ITH,13.5
1999-05-27 00:00:00,ITH,13.5
1999-05-28 00:00:00,ITH,13.5
1999-06-03 00:00:00,ITH,13.5
1999-06-16 00:00:00,ITH,13.25
1999-06-17 00:00:00,ITH,13.5
1999-06-23 00:00:00,ITH,13
SECURITY_DA,COMP,CLOSE_PRICE
-----------,----,-----------
1999-06-24 00:00:00,ITH,13.25
1999-07-09 00:00:00,ITH,14
1999-07-12 00:00:00,ITH,14
1999-07-13 00:00:00,ITH,14
1999-07-14 00:00:00,ITH,13
1999-07-15 00:00:00,ITH,13.25
1999-07-20 00:00:00,ITH,14
1999-07-22 00:00:00,ITH,14.25
1999-07-29 00:00:00,ITH,15.25
1999-08-16 00:00:00,ITH,15.25
1999-08-17 00:00:00,ITH,15.25
1999-08-20 00:00:00,ITH,15
1999-08-24 00:00:00,ITH,15
1999-08-25 00:00:00,ITH,15.25
1999-09-29 00:00:00,ITH,14.25
1999-10-04 00:00:00,ITH,14
1999-10-05 00:00:00,ITH,14
1999-10-12 00:00:00,ITH,13.25
1999-10-21 00:00:00,ITH,14
1999-10-22 00:00:00,ITH,14
1999-10-28 00:00:00,ITH,13.25
SECURITY_DA,COMP,CLOSE_PRICE
-----------,----,-----------
1999-10-29 00:00:00,ITH,13.5
1999-11-02 00:00:00,ITH,13
1999-11-04 00:00:00,ITH,14
1999-11-16 00:00:00,ITH,14
1999-11-19 00:00:00,ITH,14
1999-12-03 00:00:00,ITH,14
1999-12-13 00:00:00,ITH,15.5
1999-12-15 00:00:00,ITH,15
1999-12-27 00:00:00,ITH,14.5
1999-04-26 00:00:00,JFIN,45
1999-04-27 00:00:00,JFIN,45
1999-04-28 00:00:00,JFIN,45
1999-05-06 00:00:00,JFIN,40
1999-05-07 00:00:00,JFIN,40
1999-06-30 00:00:00,JFIN,40
1999-07-07 00:00:00,JFIN,39.5
1999-07-08 00:00:00,JFIN,36
1999-08-10 00:00:00,JFIN,36
1999-08-11 00:00:00,JFIN,36
1999-08-12 00:00:00,JFIN,36
1999-08-13 00:00:00,JFIN,36
SECURITY_DA,COMP,CLOSE_PRICE
-----------,----,-----------
1999-08-16 00:00:00,JFIN,36
1999-08-19 00:00:00,JFIN,35.5
1999-08-31 00:00:00,JFIN,36
1999-09-01 00:00:00,JFIN,32
1999-09-02 00:00:00,JFIN,32
1999-09-03 00:00:00,JFIN,32
1999-09-10 00:00:00,JFIN,30.5
1999-09-16 00:00:00,JFIN,30.5
1999-09-24 00:00:00,JFIN,30
1999-09-28 00:00:00,JFIN,30
1999-09-29 00:00:00,JFIN,30
1999-09-30 00:00:00,JFIN,30.25
1999-10-01 00:00:00,JFIN,30.5
1999-10-06 00:00:00,JFIN,30.5
1999-10-18 00:00:00,JFIN,30
1999-10-20 00:00:00,JFIN,30
1999-10-22 00:00:00,JFIN,30
1999-10-26 00:00:00,JFIN,30
1999-11-01 00:00:00,JFIN,18.5
1999-11-17 00:00:00,JFIN,20
1999-11-18 00:00:00,JFIN,22.25
1999-11-23 00:00:00,JFIN,24
1999-11-24 00:00:00,JFIN,23
1999-11-25 00:00:00,JFIN,23
1999-12-06 00:00:00,JFIN,26
1999-12-07 00:00:00,JFIN,28.5
1999-12-08 00:00:00,JFIN,30
1999-12-09 00:00:00,JFIN,32
1999-12-10 00:00:00,JFIN,35
1999-12-13 00:00:00,JFIN,35
1999-12-14 00:00:00,JFIN,34.75
1999-12-15 00:00:00,JFIN,35
1999-12-17 00:00:00,JFIN,38
1999-01-04 00:00:00,JKH,220
1999-01-05 00:00:00,JKH,218
1999-01-06 00:00:00,JKH,220
1999-01-07 00:00:00,JKH,220
1999-01-08 00:00:00,JKH,220
1999-01-11 00:00:00,JKH,220
1999-01-12 00:00:00,JKH,220
1999-01-13 00:00:00,JKH,225
1999-01-14 00:00:00,JKH,215.75
1999-01-18 00:00:00,JKH,218
1999-01-19 00:00:00,JKH,223
1999-01-20 00:00:00,JKH,223
1999-01-21 00:00:00,JKH,223.5
1999-01-22 00:00:00,JKH,223.5
1999-01-25 00:00:00,JKH,223
1999-01-26 00:00:00,JKH,215
1999-01-27 00:00:00,JKH,205
1999-01-28 00:00:00,JKH,200
1999-01-29 00:00:00,JKH,200
1999-02-01 00:00:00,JKH,200
1999-02-02 00:00:00,JKH,199.75
1999-02-03 00:00:00,JKH,199
1999-02-05 00:00:00,JKH,199.75
1999-02-08 00:00:00,JKH,200
1999-02-09 00:00:00,JKH,200
1999-02-10 00:00:00,JKH,200.5
1999-02-11 00:00:00,JKH,200.5
1999-02-12 00:00:00,JKH,200
1999-02-15 00:00:00,JKH,200
1999-02-16 00:00:00,JKH,200.25
1999-02-17 00:00:00,JKH,200
1999-02-18 00:00:00,JKH,200
1999-02-19 00:00:00,JKH,200
1999-02-22 00:00:00,JKH,196
1999-02-23 00:00:00,JKH,195
1999-02-24 00:00:00,JKH,194
1999-02-25 00:00:00,JKH,200
1999-03-02 00:00:00,JKH,199
1999-03-03 00:00:00,JKH,195
1999-03-04 00:00:00,JKH,194
1999-03-05 00:00:00,JKH,188
1999-03-08 00:00:00,JKH,180
1999-03-09 00:00:00,JKH,180
1999-03-10 00:00:00,JKH,180
1999-03-11 00:00:00,JKH,185
1999-03-12 00:00:00,JKH,180
1999-03-15 00:00:00,JKH,180
1999-03-16 00:00:00,JKH,185
1999-03-17 00:00:00,JKH,189.75
1999-03-18 00:00:00,JKH,180.25
1999-03-19 00:00:00,JKH,180
1999-03-22 00:00:00,JKH,180.5
1999-03-24 00:00:00,JKH,180
1999-03-25 00:00:00,JKH,180
1999-03-26 00:00:00,JKH,180
1999-03-29 00:00:00,JKH,178.5
1999-03-30 00:00:00,JKH,180
1999-04-01 00:00:00,JKH,180
1999-04-05 00:00:00,JKH,180
1999-04-06 00:00:00,JKH,180
1999-04-07 00:00:00,JKH,182
1999-04-08 00:00:00,JKH,189
1999-04-09 00:00:00,JKH,189
1999-04-12 00:00:00,JKH,189
1999-04-15 00:00:00,JKH,187
1999-04-16 00:00:00,JKH,186.5
1999-04-20 00:00:00,JKH,179
1999-04-21 00:00:00,JKH,176.5
1999-04-22 00:00:00,JKH,171.25
1999-04-23 00:00:00,JKH,172
1999-04-26 00:00:00,JKH,181
1999-04-27 00:00:00,JKH,185
1999-04-28 00:00:00,JKH,192
1999-05-03 00:00:00,JKH,192
1999-05-04 00:00:00,JKH,192
1999-05-05 00:00:00,JKH,192
1999-05-06 00:00:00,JKH,192
1999-05-07 00:00:00,JKH,193
1999-05-10 00:00:00,JKH,193
1999-05-11 00:00:00,JKH,192.25
1999-05-12 00:00:00,JKH,192.5
1999-05-13 00:00:00,JKH,194.5
1999-05-14 00:00:00,JKH,199.75
1999-05-17 00:00:00,JKH,200
1999-05-18 00:00:00,JKH,201.25
1999-05-19 00:00:00,JKH,201
1999-05-20 00:00:00,JKH,207
1999-05-21 00:00:00,JKH,211
1999-05-24 00:00:00,JKH,210
1999-05-25 00:00:00,JKH,207.75
1999-05-26 00:00:00,JKH,204
1999-05-27 00:00:00,JKH,200
1999-05-28 00:00:00,JKH,199.75
1999-06-01 00:00:00,JKH,195
1999-06-02 00:00:00,JKH,195
1999-06-03 00:00:00,JKH,193
1999-06-04 00:00:00,JKH,195
1999-06-07 00:00:00,JKH,196
1999-06-08 00:00:00,JKH,192
1999-06-09 00:00:00,JKH,190
1999-06-10 00:00:00,JKH,188
1999-06-11 00:00:00,JKH,189
1999-06-14 00:00:00,JKH,192.75
1999-06-15 00:00:00,JKH,159
1999-06-16 00:00:00,JKH,155
1999-06-17 00:00:00,JKH,156
1999-06-18 00:00:00,JKH,155.75
1999-06-21 00:00:00,JKH,156
1999-06-22 00:00:00,JKH,155
1999-06-23 00:00:00,JKH,158
1999-06-24 00:00:00,JKH,157.75
1999-06-25 00:00:00,JKH,158
1999-06-30 00:00:00,JKH,156
1999-07-01 00:00:00,JKH,158
1999-07-02 00:00:00,JKH,157
1999-07-05 00:00:00,JKH,156.75
1999-07-06 00:00:00,JKH,156
1999-07-07 00:00:00,JKH,156
1999-07-08 00:00:00,JKH,155
1999-07-09 00:00:00,JKH,155
1999-07-12 00:00:00,JKH,155
1999-07-13 00:00:00,JKH,153
1999-07-14 00:00:00,JKH,155
1999-07-15 00:00:00,JKH,157
1999-07-16 00:00:00,JKH,161
1999-07-19 00:00:00,JKH,160
1999-07-20 00:00:00,JKH,170
1999-07-21 00:00:00,JKH,172
1999-07-22 00:00:00,JKH,182
1999-07-23 00:00:00,JKH,194
1999-07-26 00:00:00,JKH,194
1999-07-27 00:00:00,JKH,194
1999-07-29 00:00:00,JKH,190
1999-07-30 00:00:00,JKH,190
1999-08-02 00:00:00,JKH,186
1999-08-03 00:00:00,JKH,190
1999-08-04 00:00:00,JKH,195
1999-08-05 00:00:00,JKH,195
1999-08-06 00:00:00,JKH,196.5
1999-08-09 00:00:00,JKH,199
1999-08-10 00:00:00,JKH,195
1999-08-11 00:00:00,JKH,193.75
1999-08-12 00:00:00,JKH,188
1999-08-16 00:00:00,JKH,185.5
1999-08-17 00:00:00,JKH,179.75
1999-08-18 00:00:00,JKH,174.75
1999-08-19 00:00:00,JKH,172.25
1999-08-20 00:00:00,JKH,174.5
1999-08-23 00:00:00,JKH,172
1999-08-24 00:00:00,JKH,174
1999-08-25 00:00:00,JKH,174
1999-08-30 00:00:00,JKH,174
1999-08-31 00:00:00,JKH,173
1999-09-01 00:00:00,JKH,173
1999-09-02 00:00:00,JKH,173
1999-09-03 00:00:00,JKH,173
1999-09-06 00:00:00,JKH,173
1999-09-07 00:00:00,JKH,173
1999-09-08 00:00:00,JKH,173
1999-09-09 00:00:00,JKH,175
1999-09-10 00:00:00,JKH,179
1999-09-13 00:00:00,JKH,176.25
1999-09-14 00:00:00,JKH,178.25
1999-09-15 00:00:00,JKH,180
1999-09-16 00:00:00,JKH,180.25
1999-09-17 00:00:00,JKH,188
1999-09-20 00:00:00,JKH,185
1999-09-21 00:00:00,JKH,186
1999-09-22 00:00:00,JKH,186
1999-09-23 00:00:00,JKH,186
1999-09-24 00:00:00,JKH,180.5
1999-09-27 00:00:00,JKH,183
1999-09-28 00:00:00,JKH,185
1999-09-29 00:00:00,JKH,185
1999-09-30 00:00:00,JKH,185
1999-10-01 00:00:00,JKH,185
1999-10-04 00:00:00,JKH,186.5
1999-10-05 00:00:00,JKH,185
1999-10-06 00:00:00,JKH,185
1999-10-07 00:00:00,JKH,179
1999-10-08 00:00:00,JKH,181
1999-10-11 00:00:00,JKH,181
1999-10-12 00:00:00,JKH,180
1999-10-13 00:00:00,JKH,177
1999-10-14 00:00:00,JKH,175
1999-10-15 00:00:00,JKH,175
1999-10-18 00:00:00,JKH,175
1999-10-19 00:00:00,JKH,175
1999-10-20 00:00:00,JKH,175
1999-10-25 00:00:00,JKH,174.25
1999-10-26 00:00:00,JKH,174.5
1999-10-27 00:00:00,JKH,166
1999-10-28 00:00:00,JKH,160.5
1999-10-29 00:00:00,JKH,180
1999-11-01 00:00:00,JKH,179
1999-11-02 00:00:00,JKH,178
1999-11-03 00:00:00,JKH,182
1999-11-04 00:00:00,JKH,184
1999-11-05 00:00:00,JKH,185.25
1999-11-08 00:00:00,JKH,186
1999-11-09 00:00:00,JKH,190
1999-11-10 00:00:00,JKH,195
1999-11-11 00:00:00,JKH,195
1999-11-12 00:00:00,JKH,190
1999-11-15 00:00:00,JKH,186
1999-11-16 00:00:00,JKH,183
1999-11-17 00:00:00,JKH,182.25
1999-11-19 00:00:00,JKH,185
1999-11-24 00:00:00,JKH,190
1999-11-25 00:00:00,JKH,195
1999-11-26 00:00:00,JKH,200
1999-11-29 00:00:00,JKH,199.75
1999-11-30 00:00:00,JKH,198
1999-12-01 00:00:00,JKH,199
1999-12-02 00:00:00,JKH,200
1999-12-03 00:00:00,JKH,199.25
1999-12-06 00:00:00,JKH,199.75
1999-12-07 00:00:00,JKH,200
1999-12-08 00:00:00,JKH,201.25
1999-12-09 00:00:00,JKH,205
1999-12-10 00:00:00,JKH,206
1999-12-13 00:00:00,JKH,215
1999-12-14 00:00:00,JKH,220.25
1999-12-15 00:00:00,JKH,218
1999-12-16 00:00:00,JKH,215.75
1999-12-17 00:00:00,JKH,215
1999-12-20 00:00:00,JKH,210
1999-12-21 00:00:00,JKH,210
1999-12-23 00:00:00,JKH,209
1999-12-27 00:00:00,JKH,205
1999-12-28 00:00:00,JKH,203
1999-12-29 00:00:00,JKH,202
1999-12-30 00:00:00,JKH,203
1999-01-04 00:00:00,JKL,52
1999-01-05 00:00:00,JKL,50.5
1999-01-06 00:00:00,JKL,49.75
1999-01-07 00:00:00,JKL,50
1999-01-08 00:00:00,JKL,50.5
1999-01-11 00:00:00,JKL,50.5
1999-01-12 00:00:00,JKL,50.5
SECURITY_DA,COMP,CLOSE_PRICE
-----------,----,-----------
1999-01-14 00:00:00,JKL,50
1999-01-18 00:00:00,JKL,50
1999-01-19 00:00:00,JKL,50
1999-01-20 00:00:00,JKL,51
1999-01-21 00:00:00,JKL,51
1999-01-25 00:00:00,JKL,50
1999-01-26 00:00:00,JKL,50
1999-02-02 00:00:00,JKL,45
1999-02-03 00:00:00,JKL,45
1999-02-09 00:00:00,JKL,45
1999-02-12 00:00:00,JKL,50
1999-02-15 00:00:00,JKL,50
1999-02-19 00:00:00,JKL,46
1999-02-23 00:00:00,JKL,45
1999-02-24 00:00:00,JKL,43
1999-03-02 00:00:00,JKL,42
1999-03-08 00:00:00,JKL,42
1999-03-22 00:00:00,JKL,39
1999-03-30 00:00:00,JKL,39
1999-04-07 00:00:00,JKL,40
1999-04-08 00:00:00,JKL,40.75
SECURITY_DA,COMP,CLOSE_PRICE
-----------,----,-----------
1999-04-09 00:00:00,JKL,42
1999-04-19 00:00:00,JKL,42
1999-04-22 00:00:00,JKL,40
1999-04-26 00:00:00,JKL,42
1999-04-27 00:00:00,JKL,42
1999-04-28 00:00:00,JKL,42
1999-05-03 00:00:00,JKL,42
1999-05-06 00:00:00,JKL,41
1999-05-12 00:00:00,JKL,41
1999-05-13 00:00:00,JKL,42
1999-05-17 00:00:00,JKL,42
1999-05-19 00:00:00,JKL,41.75
1999-05-20 00:00:00,JKL,41.75
1999-05-21 00:00:00,JKL,42
1999-05-26 00:00:00,JKL,42.5
1999-05-28 00:00:00,JKL,42
1999-06-01 00:00:00,JKL,42
1999-06-07 00:00:00,JKL,39
1999-06-08 00:00:00,JKL,38.5
1999-06-09 00:00:00,JKL,39
1999-06-11 00:00:00,JKL,39.75
SECURITY_DA,COMP,CLOSE_PRICE
-----------,----,-----------
1999-06-14 00:00:00,JKL,40
1999-06-15 00:00:00,JKL,38
1999-06-16 00:00:00,JKL,38
1999-06-17 00:00:00,JKL,35
1999-06-22 00:00:00,JKL,35
1999-06-23 00:00:00,JKL,35
1999-06-25 00:00:00,JKL,34
1999-07-01 00:00:00,JKL,33.25
1999-07-05 00:00:00,JKL,34
1999-07-07 00:00:00,JKL,34
1999-07-08 00:00:00,JKL,33
1999-07-12 00:00:00,JKL,33
1999-07-13 00:00:00,JKL,34
1999-07-14 00:00:00,JKL,34
1999-07-20 00:00:00,JKL,34
1999-07-22 00:00:00,JKL,34.75
1999-07-23 00:00:00,JKL,35.5
1999-07-26 00:00:00,JKL,35
1999-07-27 00:00:00,JKL,35
1999-08-03 00:00:00,JKL,37.5
1999-08-04 00:00:00,JKL,38
SECURITY_DA,COMP,CLOSE_PRICE
-----------,----,-----------
1999-08-05 00:00:00,JKL,38.5
1999-08-06 00:00:00,JKL,37.5
1999-08-09 00:00:00,JKL,39
1999-08-12 00:00:00,JKL,38.5
1999-08-13 00:00:00,JKL,37.5
1999-08-16 00:00:00,JKL,36
1999-09-02 00:00:00,JKL,36
1999-09-03 00:00:00,JKL,36
1999-09-07 00:00:00,JKL,34
1999-09-10 00:00:00,JKL,35
1999-09-17 00:00:00,JKL,35.25
1999-09-20 00:00:00,JKL,34
1999-09-21 00:00:00,JKL,35.25
1999-09-22 00:00:00,JKL,36
1999-09-24 00:00:00,JKL,36
1999-09-27 00:00:00,JKL,36.25
1999-09-28 00:00:00,JKL,36
1999-09-29 00:00:00,JKL,36.25
1999-09-30 00:00:00,JKL,36.25
1999-10-04 00:00:00,JKL,36.25
1999-10-06 00:00:00,JKL,34
SECURITY_DA,COMP,CLOSE_PRICE
-----------,----,-----------
1999-10-07 00:00:00,JKL,34
1999-10-08 00:00:00,JKL,36
1999-10-13 00:00:00,JKL,34
1999-10-21 00:00:00,JKL,32.25
1999-10-27 00:00:00,JKL,32
1999-10-28 00:00:00,JKL,31.5
1999-11-01 00:00:00,JKL,31.75
1999-11-02 00:00:00,JKL,31.75
1999-11-08 00:00:00,JKL,32
1999-11-10 00:00:00,JKL,37
1999-11-16 00:00:00,JKL,35.75
1999-11-23 00:00:00,JKL,33
1999-11-24 00:00:00,JKL,33
1999-11-26 00:00:00,JKL,34
1999-11-29 00:00:00,JKL,34.5
1999-12-14 00:00:00,JKL,35.25
1999-12-15 00:00:00,JKL,35
1999-12-23 00:00:00,JKL,35
1999-12-27 00:00:00,JKL,35
1999-12-30 00:00:00,JKL,34
1999-01-04 00:00:00,KAHA,8.25
SECURITY_DA,COMP,CLOSE_PRICE
-----------,----,-----------
1999-01-05 00:00:00,KAHA,8.5
1999-01-06 00:00:00,KAHA,8.5
1999-01-07 00:00:00,KAHA,8.25
1999-01-08 00:00:00,KAHA,8.5
1999-01-11 00:00:00,KAHA,8.25
1999-01-12 00:00:00,KAHA,8.25
1999-01-13 00:00:00,KAHA,8.25
1999-01-14 00:00:00,KAHA,8
1999-01-18 00:00:00,KAHA,8
1999-01-19 00:00:00,KAHA,8
1999-01-20 00:00:00,KAHA,8
1999-01-21 00:00:00,KAHA,8
1999-01-22 00:00:00,KAHA,8
1999-01-25 00:00:00,KAHA,8
1999-01-26 00:00:00,KAHA,7.75
1999-01-27 00:00:00,KAHA,7.5
1999-01-28 00:00:00,KAHA,7.5
1999-01-29 00:00:00,KAHA,7.5
1999-02-01 00:00:00,KAHA,7.5
1999-02-02 00:00:00,KAHA,7.25
1999-02-03 00:00:00,KAHA,7
SECURITY_DA,COMP,CLOSE_PRICE
-----------,----,-----------
1999-02-05 00:00:00,KAHA,6.75
1999-02-08 00:00:00,KAHA,6.75
1999-02-09 00:00:00,KAHA,6.25
1999-02-10 00:00:00,KAHA,6
1999-02-11 00:00:00,KAHA,6.25
1999-02-12 00:00:00,KAHA,6.25
1999-02-15 00:00:00,KAHA,6.25
1999-02-16 00:00:00,KAHA,6.5
1999-02-17 00:00:00,KAHA,6
1999-02-18 00:00:00,KAHA,6
1999-02-22 00:00:00,KAHA,6
1999-02-23 00:00:00,KAHA,6
1999-02-24 00:00:00,KAHA,5.5
1999-02-25 00:00:00,KAHA,5.5
1999-02-26 00:00:00,KAHA,5.5
1999-03-02 00:00:00,KAHA,5.5
1999-03-03 00:00:00,KAHA,5.5
1999-03-04 00:00:00,KAHA,5.25
1999-03-05 00:00:00,KAHA,5
1999-03-08 00:00:00,KAHA,4.75
1999-03-09 00:00:00,KAHA,4.75
SECURITY_DA,COMP,CLOSE_PRICE
-----------,----,-----------
1999-03-10 00:00:00,KAHA,4.5
1999-03-11 00:00:00,KAHA,4.5
1999-03-12 00:00:00,KAHA,4
1999-03-15 00:00:00,KAHA,4
1999-03-16 00:00:00,KAHA,4
1999-03-17 00:00:00,KAHA,4.25
1999-03-18 00:00:00,KAHA,4.5
1999-03-19 00:00:00,KAHA,5.25
1999-03-22 00:00:00,KAHA,5.5
1999-03-23 00:00:00,KAHA,5.75
1999-03-24 00:00:00,KAHA,5.5
1999-03-25 00:00:00,KAHA,5.5
1999-03-26 00:00:00,KAHA,5.25
1999-03-29 00:00:00,KAHA,5
1999-03-30 00:00:00,KAHA,5
1999-04-01 00:00:00,KAHA,5.25
1999-04-05 00:00:00,KAHA,5.25
1999-04-06 00:00:00,KAHA,5.75
1999-04-07 00:00:00,KAHA,5.75
1999-04-08 00:00:00,KAHA,6.25
1999-04-09 00:00:00,KAHA,6
SECURITY_DA,COMP,CLOSE_PRICE
-----------,----,-----------
1999-04-12 00:00:00,KAHA,6
1999-04-15 00:00:00,KAHA,6
1999-04-16 00:00:00,KAHA,6.25
1999-04-19 00:00:00,KAHA,6
1999-04-20 00:00:00,KAHA,5.75
1999-04-21 00:00:00,KAHA,5.5
1999-04-22 00:00:00,KAHA,5.25
1999-04-23 00:00:00,KAHA,5.25
1999-04-26 00:00:00,KAHA,5.25
1999-04-27 00:00:00,KAHA,5.5
1999-04-28 00:00:00,KAHA,5.5
1999-05-03 00:00:00,KAHA,5.25
1999-05-04 00:00:00,KAHA,5.25
1999-05-05 00:00:00,KAHA,5.5
1999-05-06 00:00:00,KAHA,5.25
1999-05-07 00:00:00,KAHA,5
1999-05-10 00:00:00,KAHA,5
1999-05-11 00:00:00,KAHA,5
1999-05-12 00:00:00,KAHA,5
1999-05-13 00:00:00,KAHA,5
1999-05-14 00:00:00,KAHA,5.5
SECURITY_DA,COMP,CLOSE_PRICE
-----------,----,-----------
1999-05-17 00:00:00,KAHA,5.5
1999-05-18 00:00:00,KAHA,5.5
1999-05-19 00:00:00,KAHA,5.75
1999-05-20 00:00:00,KAHA,6
1999-05-21 00:00:00,KAHA,7
1999-05-24 00:00:00,KAHA,6.75
1999-05-25 00:00:00,KAHA,6.25
1999-05-26 00:00:00,KAHA,6.25
1999-05-27 00:00:00,KAHA,6.25
1999-05-28 00:00:00,KAHA,6
1999-06-01 00:00:00,KAHA,5.75
1999-06-02 00:00:00,KAHA,5.75
1999-06-03 00:00:00,KAHA,6.25
1999-06-04 00:00:00,KAHA,6.5
1999-06-07 00:00:00,KAHA,6.25
1999-06-08 00:00:00,KAHA,6.25
1999-06-09 00:00:00,KAHA,6.25
1999-06-10 00:00:00,KAHA,6.25
1999-06-11 00:00:00,KAHA,6.25
1999-06-14 00:00:00,KAHA,6.25
1999-06-15 00:00:00,KAHA,6.25
SECURITY_DA,COMP,CLOSE_PRICE
-----------,----,-----------
1999-06-16 00:00:00,KAHA,6.25
1999-06-17 00:00:00,KAHA,6.25
1999-06-18 00:00:00,KAHA,6.25
1999-06-21 00:00:00,KAHA,6.25
1999-06-22 00:00:00,KAHA,6.25
1999-06-23 00:00:00,KAHA,6.25
1999-06-24 00:00:00,KAHA,6.5
1999-06-25 00:00:00,KAHA,6.5
1999-06-30 00:00:00,KAHA,6.5
1999-07-01 00:00:00,KAHA,6.5
1999-07-02 00:00:00,KAHA,7
1999-07-05 00:00:00,KAHA,6.75
1999-07-06 00:00:00,KAHA,6.5
1999-07-07 00:00:00,KAHA,6.5
1999-07-08 00:00:00,KAHA,6.5
1999-07-09 00:00:00,KAHA,6.25
1999-07-12 00:00:00,KAHA,6.5
1999-07-13 00:00:00,KAHA,6.5
1999-07-14 00:00:00,KAHA,6.25
1999-07-15 00:00:00,KAHA,6.25
1999-07-16 00:00:00,KAHA,6.25
SECURITY_DA,COMP,CLOSE_PRICE
-----------,----,-----------
1999-07-19 00:00:00,KAHA,6.25
1999-07-20 00:00:00,KAHA,6.5
1999-07-21 00:00:00,KAHA,6.5
1999-07-22 00:00:00,KAHA,7
1999-07-23 00:00:00,KAHA,6.5
1999-07-26 00:00:00,KAHA,6.5
1999-07-27 00:00:00,KAHA,6.5
1999-07-29 00:00:00,KAHA,6.25
1999-07-30 00:00:00,KAHA,6.5
1999-08-02 00:00:00,KAHA,7.75
1999-08-03 00:00:00,KAHA,9.75
1999-08-04 00:00:00,KAHA,10.25
1999-08-05 00:00:00,KAHA,9.5
1999-08-06 00:00:00,KAHA,9
1999-08-09 00:00:00,KAHA,9.25
1999-08-10 00:00:00,KAHA,9.5
1999-08-11 00:00:00,KAHA,9
1999-08-12 00:00:00,KAHA,8.5
1999-08-13 00:00:00,KAHA,9
1999-08-16 00:00:00,KAHA,8.75
1999-08-17 00:00:00,KAHA,8.5
SECURITY_DA,COMP,CLOSE_PRICE
-----------,----,-----------
1999-08-18 00:00:00,KAHA,8
1999-08-19 00:00:00,KAHA,8.75
1999-08-20 00:00:00,KAHA,8.75
1999-08-23 00:00:00,KAHA,8.75
1999-08-24 00:00:00,KAHA,8.5
1999-08-25 00:00:00,KAHA,8.25
1999-08-30 00:00:00,KAHA,8.25
1999-08-31 00:00:00,KAHA,8.25
1999-09-01 00:00:00,KAHA,8.25
1999-09-02 00:00:00,KAHA,8
1999-09-03 00:00:00,KAHA,8
1999-09-06 00:00:00,KAHA,8.5
1999-09-07 00:00:00,KAHA,8.5
1999-09-08 00:00:00,KAHA,8.5
1999-09-09 00:00:00,KAHA,8.75
1999-09-10 00:00:00,KAHA,8.5
1999-09-13 00:00:00,KAHA,8.5
1999-09-14 00:00:00,KAHA,8.75
1999-09-15 00:00:00,KAHA,8.5
1999-09-16 00:00:00,KAHA,9
1999-09-17 00:00:00,KAHA,9
SECURITY_DA,COMP,CLOSE_PRICE
-----------,----,-----------
1999-09-20 00:00:00,KAHA,9.25
1999-09-21 00:00:00,KAHA,9.5
1999-09-22 00:00:00,KAHA,9.25
1999-09-23 00:00:00,KAHA,9.75
1999-09-24 00:00:00,KAHA,9.5
1999-09-27 00:00:00,KAHA,10.75
1999-09-28 00:00:00,KAHA,11.5
1999-09-29 00:00:00,KAHA,10.5
1999-09-30 00:00:00,KAHA,10.5
1999-10-01 00:00:00,KAHA,11
1999-10-04 00:00:00,KAHA,10.75
1999-10-05 00:00:00,KAHA,10.25
1999-10-06 00:00:00,KAHA,9.75
1999-10-07 00:00:00,KAHA,9.5
1999-10-08 00:00:00,KAHA,10
1999-10-11 00:00:00,KAHA,9.25
1999-10-12 00:00:00,KAHA,8.75
1999-10-13 00:00:00,KAHA,8
1999-10-14 00:00:00,KAHA,8.25
1999-10-15 00:00:00,KAHA,8.5
1999-10-18 00:00:00,KAHA,8.75
SECURITY_DA,COMP,CLOSE_PRICE
-----------,----,-----------
1999-10-19 00:00:00,KAHA,8.5
1999-10-20 00:00:00,KAHA,8.25
1999-10-21 00:00:00,KAHA,8
1999-10-22 00:00:00,KAHA,8.5
1999-10-25 00:00:00,KAHA,8
1999-10-26 00:00:00,KAHA,7.75
1999-10-27 00:00:00,KAHA,7.75
1999-10-28 00:00:00,KAHA,7.25
1999-10-29 00:00:00,KAHA,8
1999-11-01 00:00:00,KAHA,8
1999-11-02 00:00:00,KAHA,7.75
1999-11-03 00:00:00,KAHA,8
1999-11-04 00:00:00,KAHA,8.25
1999-11-05 00:00:00,KAHA,8
1999-11-08 00:00:00,KAHA,8
1999-11-09 00:00:00,KAHA,8
1999-11-10 00:00:00,KAHA,8.25
1999-11-11 00:00:00,KAHA,8
1999-11-12 00:00:00,KAHA,8
1999-11-16 00:00:00,KAHA,7.5
1999-11-17 00:00:00,KAHA,7.75
SECURITY_DA,COMP,CLOSE_PRICE
-----------,----,-----------
1999-11-18 00:00:00,KAHA,7.5
1999-11-19 00:00:00,KAHA,7.75
1999-11-23 00:00:00,KAHA,8.25
1999-11-24 00:00:00,KAHA,8.25
1999-11-25 00:00:00,KAHA,8
1999-11-26 00:00:00,KAHA,8
1999-11-29 00:00:00,KAHA,8
1999-11-30 00:00:00,KAHA,8.25
1999-12-01 00:00:00,KAHA,8
1999-12-02 00:00:00,KAHA,8.25
1999-12-03 00:00:00,KAHA,8.5
1999-12-06 00:00:00,KAHA,8.75
1999-12-07 00:00:00,KAHA,9
1999-12-08 00:00:00,KAHA,8.75
1999-12-09 00:00:00,KAHA,8.75
1999-12-10 00:00:00,KAHA,8.75
1999-12-13 00:00:00,KAHA,9.25
1999-12-14 00:00:00,KAHA,8.75
1999-12-15 00:00:00,KAHA,8.75
1999-12-16 00:00:00,KAHA,8.75
1999-12-17 00:00:00,KAHA,8.75
SECURITY_DA,COMP,CLOSE_PRICE
-----------,----,-----------
1999-12-20 00:00:00,KAHA,8.5
1999-12-21 00:00:00,KAHA,9
1999-12-23 00:00:00,KAHA,8.5
1999-12-27 00:00:00,KAHA,8
1999-12-28 00:00:00,KAHA,8
1999-12-29 00:00:00,KAHA,8.25
1999-12-30 00:00:00,KAHA,8.25
1999-01-04 00:00:00,KAPI,20
1999-01-05 00:00:00,KAPI,20
1999-01-07 00:00:00,KAPI,20
1999-01-08 00:00:00,KAPI,20.5
1999-01-12 00:00:00,KAPI,21.25
1999-01-13 00:00:00,KAPI,21.25
1999-01-14 00:00:00,KAPI,21
1999-01-18 00:00:00,KAPI,20
1999-01-20 00:00:00,KAPI,21
1999-01-21 00:00:00,KAPI,21
1999-01-22 00:00:00,KAPI,21
1999-01-25 00:00:00,KAPI,21
1999-01-26 00:00:00,KAPI,20.75
1999-01-28 00:00:00,KAPI,20
SECURITY_DA,COMP,CLOSE_PRICE
-----------,----,-----------
1999-01-29 00:00:00,KAPI,20
1999-02-02 00:00:00,KAPI,19
1999-02-03 00:00:00,KAPI,17.75
1999-02-05 00:00:00,KAPI,18.5
1999-02-09 00:00:00,KAPI,18
1999-02-10 00:00:00,KAPI,17.5
1999-02-12 00:00:00,KAPI,19
1999-02-15 00:00:00,KAPI,18.25
1999-02-16 00:00:00,KAPI,18
1999-02-17 00:00:00,KAPI,18
1999-02-22 00:00:00,KAPI,18
1999-02-23 00:00:00,KAPI,17
1999-02-24 00:00:00,KAPI,13.5
1999-02-25 00:00:00,KAPI,14
1999-02-26 00:00:00,KAPI,16.5
1999-03-02 00:00:00,KAPI,16.5
1999-03-03 00:00:00,KAPI,16
1999-03-04 00:00:00,KAPI,14.75
1999-03-05 00:00:00,KAPI,14.75
1999-03-08 00:00:00,KAPI,14.75
1999-03-09 00:00:00,KAPI,15
SECURITY_DA,COMP,CLOSE_PRICE
-----------,----,-----------
1999-03-11 00:00:00,KAPI,14.5
1999-03-12 00:00:00,KAPI,14.5
1999-03-16 00:00:00,KAPI,15.5
1999-03-17 00:00:00,KAPI,15.5
1999-03-23 00:00:00,KAPI,15.5
1999-03-24 00:00:00,KAPI,14.5
1999-03-26 00:00:00,KAPI,14.75
1999-04-05 00:00:00,KAPI,14.75
1999-04-16 00:00:00,KAPI,15
1999-04-19 00:00:00,KAPI,14
1999-04-20 00:00:00,KAPI,14
1999-04-22 00:00:00,KAPI,14
1999-04-23 00:00:00,KAPI,14
1999-04-26 00:00:00,KAPI,15
1999-04-27 00:00:00,KAPI,15
1999-05-03 00:00:00,KAPI,13.75
1999-05-04 00:00:00,KAPI,13.75
1999-05-05 00:00:00,KAPI,13.75
1999-05-06 00:00:00,KAPI,13.5
1999-05-07 00:00:00,KAPI,13
1999-05-10 00:00:00,KAPI,13.75
SECURITY_DA,COMP,CLOSE_PRICE
-----------,----,-----------
1999-05-11 00:00:00,KAPI,14
1999-05-12 00:00:00,KAPI,13
1999-05-17 00:00:00,KAPI,13
1999-05-18 00:00:00,KAPI,12.5
1999-05-19 00:00:00,KAPI,12.5
1999-05-20 00:00:00,KAPI,12.5
1999-05-24 00:00:00,KAPI,12.25
1999-05-26 00:00:00,KAPI,6.25
1999-05-27 00:00:00,KAPI,6.5
1999-08-23 00:00:00,KAPI,7
1999-08-24 00:00:00,KAPI,7.5
1999-08-25 00:00:00,KAPI,10
1999-08-30 00:00:00,KAPI,15
1999-08-31 00:00:00,KAPI,16
1999-09-01 00:00:00,KAPI,15
1999-09-02 00:00:00,KAPI,12.5
1999-09-03 00:00:00,KAPI,12
1999-09-07 00:00:00,KAPI,12
1999-09-10 00:00:00,KAPI,10.75
1999-09-14 00:00:00,KAPI,8.75
1999-09-15 00:00:00,KAPI,9.5
SECURITY_DA,COMP,CLOSE_PRICE
-----------,----,-----------
1999-09-16 00:00:00,KAPI,9.5
1999-09-21 00:00:00,KAPI,9.75
1999-09-23 00:00:00,KAPI,9.25
1999-09-24 00:00:00,KAPI,8.5
1999-10-18 00:00:00,KAPI,8.5
1999-11-02 00:00:00,KAPI,6
1999-11-03 00:00:00,KAPI,6
1999-11-15 00:00:00,KAPI,5.5
1999-11-16 00:00:00,KAPI,5.5
1999-11-18 00:00:00,KAPI,5.5
1999-11-24 00:00:00,KAPI,5.75
1999-12-02 00:00:00,KAPI,6.5
1999-12-06 00:00:00,KAPI,6.25
1999-12-07 00:00:00,KAPI,6.25
1999-12-10 00:00:00,KAPI,7
1999-12-14 00:00:00,KAPI,6.5
1999-12-15 00:00:00,KAPI,6.5
1999-12-17 00:00:00,KAPI,6.5
1999-12-29 00:00:00,KAPI,6.5
1999-01-06 00:00:00,KCAB,40
1999-01-07 00:00:00,KCAB,36.5
SECURITY_DA,COMP,CLOSE_PRICE
-----------,----,-----------
1999-01-08 00:00:00,KCAB,36.5
1999-01-12 00:00:00,KCAB,36.5
1999-01-14 00:00:00,KCAB,37.5
1999-01-19 00:00:00,KCAB,37.5
1999-01-20 00:00:00,KCAB,37.5
1999-01-21 00:00:00,KCAB,37.25
1999-01-22 00:00:00,KCAB,37.25
1999-01-27 00:00:00,KCAB,35.5
1999-01-29 00:00:00,KCAB,35.5
1999-02-01 00:00:00,KCAB,35
1999-02-09 00:00:00,KCAB,34.75
1999-02-11 00:00:00,KCAB,32
1999-02-12 00:00:00,KCAB,36
1999-02-15 00:00:00,KCAB,35
1999-02-16 00:00:00,KCAB,35.5
1999-02-17 00:00:00,KCAB,38
1999-02-18 00:00:00,KCAB,36
1999-02-19 00:00:00,KCAB,37.75
1999-02-22 00:00:00,KCAB,36
1999-02-24 00:00:00,KCAB,40
1999-02-26 00:00:00,KCAB,40
SECURITY_DA,COMP,CLOSE_PRICE
-----------,----,-----------
1999-03-02 00:00:00,KCAB,43
1999-03-03 00:00:00,KCAB,43
1999-03-05 00:00:00,KCAB,42
1999-03-08 00:00:00,KCAB,37.5
1999-03-09 00:00:00,KCAB,35.5
1999-03-12 00:00:00,KCAB,38
1999-03-15 00:00:00,KCAB,38
1999-03-29 00:00:00,KCAB,38
1999-04-07 00:00:00,KCAB,38
1999-04-08 00:00:00,KCAB,38
1999-04-09 00:00:00,KCAB,38
1999-05-04 00:00:00,KCAB,38
1999-05-07 00:00:00,KCAB,38
1999-05-10 00:00:00,KCAB,36.5
1999-05-11 00:00:00,KCAB,38
1999-05-24 00:00:00,KCAB,39.5
1999-05-25 00:00:00,KCAB,40
1999-05-26 00:00:00,KCAB,42
1999-05-27 00:00:00,KCAB,40
1999-05-28 00:00:00,KCAB,41
1999-06-02 00:00:00,KCAB,40
SECURITY_DA,COMP,CLOSE_PRICE
-----------,----,-----------
1999-06-03 00:00:00,KCAB,38
1999-06-08 00:00:00,KCAB,38
1999-07-06 00:00:00,KCAB,40
1999-07-09 00:00:00,KCAB,40
1999-07-19 00:00:00,KCAB,40
1999-07-23 00:00:00,KCAB,42
1999-07-27 00:00:00,KCAB,41
1999-07-29 00:00:00,KCAB,41
1999-08-02 00:00:00,KCAB,42
1999-08-04 00:00:00,KCAB,42
1999-08-06 00:00:00,KCAB,42
1999-08-09 00:00:00,KCAB,42
1999-08-10 00:00:00,KCAB,43
1999-08-12 00:00:00,KCAB,45
1999-08-13 00:00:00,KCAB,50
1999-08-16 00:00:00,KCAB,43.25
1999-08-17 00:00:00,KCAB,49.75
1999-08-24 00:00:00,KCAB,44.25
1999-10-06 00:00:00,KCAB,42.75
1999-10-08 00:00:00,KCAB,43.25
1999-10-12 00:00:00,KCAB,43.25
SECURITY_DA,COMP,CLOSE_PRICE
-----------,----,-----------
1999-10-13 00:00:00,KCAB,43.25
1999-10-14 00:00:00,KCAB,43
1999-11-01 00:00:00,KCAB,43
1999-11-02 00:00:00,KCAB,43
1999-11-04 00:00:00,KCAB,43
1999-01-04 00:00:00,KDL,7.25
1999-01-05 00:00:00,KDL,7
1999-01-06 00:00:00,KDL,8.5
1999-01-07 00:00:00,KDL,8.5
1999-01-08 00:00:00,KDL,8.5
1999-01-11 00:00:00,KDL,8
1999-01-12 00:00:00,KDL,8.25
1999-01-13 00:00:00,KDL,8
1999-01-21 00:00:00,KDL,7.25
1999-01-22 00:00:00,KDL,7
1999-01-25 00:00:00,KDL,7.25
1999-01-26 00:00:00,KDL,7
1999-01-27 00:00:00,KDL,7
1999-01-28 00:00:00,KDL,7
1999-02-01 00:00:00,KDL,7
1999-02-02 00:00:00,KDL,6.5
SECURITY_DA,COMP,CLOSE_PRICE
-----------,----,-----------
1999-02-03 00:00:00,KDL,6.75
1999-02-05 00:00:00,KDL,7
1999-02-08 00:00:00,KDL,7
1999-02-10 00:00:00,KDL,6.5
1999-02-12 00:00:00,KDL,6.5
1999-02-15 00:00:00,KDL,7
1999-02-17 00:00:00,KDL,7
1999-02-19 00:00:00,KDL,7
1999-02-26 00:00:00,KDL,7
1999-03-03 00:00:00,KDL,7
1999-03-08 00:00:00,KDL,6.25
1999-03-11 00:00:00,KDL,6.25
1999-03-16 00:00:00,KDL,6
1999-03-29 00:00:00,KDL,5.75
1999-04-01 00:00:00,KDL,6
1999-04-08 00:00:00,KDL,6
1999-04-19 00:00:00,KDL,6
1999-04-21 00:00:00,KDL,6
1999-04-26 00:00:00,KDL,9
1999-04-27 00:00:00,KDL,9
1999-04-28 00:00:00,KDL,9
SECURITY_DA,COMP,CLOSE_PRICE
-----------,----,-----------
1999-05-03 00:00:00,KDL,9
1999-05-04 00:00:00,KDL,9
1999-05-05 00:00:00,KDL,9
1999-05-06 00:00:00,KDL,9
1999-05-07 00:00:00,KDL,8.75
1999-05-10 00:00:00,KDL,9
1999-05-11 00:00:00,KDL,9
1999-05-13 00:00:00,KDL,9
1999-05-17 00:00:00,KDL,8.75
1999-05-18 00:00:00,KDL,8.75
1999-05-19 00:00:00,KDL,9
1999-05-21 00:00:00,KDL,9.5
1999-05-24 00:00:00,KDL,10
1999-05-25 00:00:00,KDL,9.75
1999-05-26 00:00:00,KDL,9.75
1999-05-27 00:00:00,KDL,9.75
1999-05-28 00:00:00,KDL,9.75
1999-06-01 00:00:00,KDL,9.75
1999-06-02 00:00:00,KDL,9.75
1999-06-03 00:00:00,KDL,9.75
1999-06-04 00:00:00,KDL,9.75
SECURITY_DA,COMP,CLOSE_PRICE
-----------,----,-----------
1999-06-07 00:00:00,KDL,9.75
1999-06-08 00:00:00,KDL,9.25
1999-06-09 00:00:00,KDL,9.5
1999-06-15 00:00:00,KDL,9.5
1999-06-23 00:00:00,KDL,8.75
1999-06-24 00:00:00,KDL,9.25
1999-07-02 00:00:00,KDL,9.5
1999-07-05 00:00:00,KDL,9.5
1999-07-06 00:00:00,KDL,9.5
1999-07-07 00:00:00,KDL,9.25
1999-07-09 00:00:00,KDL,9.25
1999-07-12 00:00:00,KDL,9.25
1999-07-15 00:00:00,KDL,9.5
1999-07-16 00:00:00,KDL,9.5
1999-07-21 00:00:00,KDL,9.5
1999-07-26 00:00:00,KDL,9.25
1999-07-29 00:00:00,KDL,10
1999-08-02 00:00:00,KDL,9.5
1999-08-05 00:00:00,KDL,9.5
1999-08-10 00:00:00,KDL,9.5
1999-08-11 00:00:00,KDL,9.25
SECURITY_DA,COMP,CLOSE_PRICE
-----------,----,-----------
1999-08-12 00:00:00,KDL,9.5
1999-08-13 00:00:00,KDL,9.25
1999-08-16 00:00:00,KDL,9.5
1999-08-17 00:00:00,KDL,10
1999-08-18 00:00:00,KDL,10
1999-08-20 00:00:00,KDL,10
1999-08-23 00:00:00,KDL,10
1999-08-24 00:00:00,KDL,11
1999-08-25 00:00:00,KDL,10.5
1999-08-30 00:00:00,KDL,10.5
1999-08-31 00:00:00,KDL,10.5
1999-09-01 00:00:00,KDL,10.5
1999-09-02 00:00:00,KDL,10.75
1999-09-03 00:00:00,KDL,8
1999-09-06 00:00:00,KDL,8
1999-09-07 00:00:00,KDL,8.5
1999-09-08 00:00:00,KDL,8.75
1999-09-09 00:00:00,KDL,8.5
1999-09-10 00:00:00,KDL,8
1999-09-13 00:00:00,KDL,8.5
1999-09-14 00:00:00,KDL,8.25
SECURITY_DA,COMP,CLOSE_PRICE
-----------,----,-----------
1999-09-15 00:00:00,KDL,8.25
1999-09-16 00:00:00,KDL,8.25
1999-09-17 00:00:00,KDL,8
1999-09-20 00:00:00,KDL,8.5
1999-09-23 00:00:00,KDL,8
1999-09-24 00:00:00,KDL,7.75
1999-09-27 00:00:00,KDL,8.25
1999-09-28 00:00:00,KDL,7.5
1999-09-30 00:00:00,KDL,7.25
1999-10-01 00:00:00,KDL,7.5
1999-10-04 00:00:00,KDL,7.5
1999-10-08 00:00:00,KDL,7.25
1999-10-11 00:00:00,KDL,7.25
1999-10-14 00:00:00,KDL,7
1999-10-18 00:00:00,KDL,7
1999-10-26 00:00:00,KDL,7
1999-10-29 00:00:00,KDL,7
1999-11-01 00:00:00,KDL,7.5
1999-11-04 00:00:00,KDL,7.25
1999-11-05 00:00:00,KDL,7.25
1999-11-09 00:00:00,KDL,7.5
SECURITY_DA,COMP,CLOSE_PRICE
-----------,----,-----------
1999-11-10 00:00:00,KDL,7.5
1999-11-12 00:00:00,KDL,7.25
1999-11-16 00:00:00,KDL,7.25
1999-11-25 00:00:00,KDL,7.5
1999-11-29 00:00:00,KDL,7.5
1999-12-03 00:00:00,KDL,8.25
1999-12-07 00:00:00,KDL,7.5
1999-12-08 00:00:00,KDL,7.5
1999-12-09 00:00:00,KDL,7.5
1999-12-10 00:00:00,KDL,7.5
1999-12-13 00:00:00,KDL,8.75
1999-12-14 00:00:00,KDL,8.5
1999-12-15 00:00:00,KDL,8
1999-12-16 00:00:00,KDL,8.25
1999-12-17 00:00:00,KDL,8
1999-12-21 00:00:00,KDL,8.25
1999-12-28 00:00:00,KDL,8
1999-12-29 00:00:00,KDL,8
1999-01-04 00:00:00,KFP,13.5
1999-01-08 00:00:00,KFP,14
1999-01-11 00:00:00,KFP,13.5
SECURITY_DA,COMP,CLOSE_PRICE
-----------,----,-----------
1999-01-12 00:00:00,KFP,13.5
1999-01-25 00:00:00,KFP,13.75
1999-01-26 00:00:00,KFP,13.75
1999-01-27 00:00:00,KFP,14
1999-01-28 00:00:00,KFP,14
1999-02-05 00:00:00,KFP,13.5
1999-02-09 00:00:00,KFP,13.5
1999-02-15 00:00:00,KFP,14.5
1999-02-16 00:00:00,KFP,16.5
1999-02-17 00:00:00,KFP,16.5
1999-02-18 00:00:00,KFP,16
1999-02-19 00:00:00,KFP,16
1999-02-22 00:00:00,KFP,16.5
1999-02-24 00:00:00,KFP,16.5
1999-02-25 00:00:00,KFP,17
1999-02-26 00:00:00,KFP,17.5
1999-03-03 00:00:00,KFP,18.5
1999-03-04 00:00:00,KFP,18
1999-03-08 00:00:00,KFP,18
1999-03-09 00:00:00,KFP,18
1999-03-10 00:00:00,KFP,18
SECURITY_DA,COMP,CLOSE_PRICE
-----------,----,-----------
1999-03-11 00:00:00,KFP,18
1999-03-12 00:00:00,KFP,18.25
1999-03-15 00:00:00,KFP,18.5
1999-03-18 00:00:00,KFP,19
1999-04-06 00:00:00,KFP,21.5
1999-04-07 00:00:00,KFP,22
1999-04-08 00:00:00,KFP,22.25
1999-04-09 00:00:00,KFP,24.75
1999-04-12 00:00:00,KFP,27
1999-04-15 00:00:00,KFP,27
1999-04-19 00:00:00,KFP,26
1999-04-20 00:00:00,KFP,25
1999-04-21 00:00:00,KFP,24
1999-04-22 00:00:00,KFP,24.25
1999-04-26 00:00:00,KFP,24.25
1999-04-27 00:00:00,KFP,25
1999-05-06 00:00:00,KFP,25
1999-05-18 00:00:00,KFP,21
1999-05-27 00:00:00,KFP,22
1999-05-28 00:00:00,KFP,22
1999-06-07 00:00:00,KFP,22
SECURITY_DA,COMP,CLOSE_PRICE
-----------,----,-----------
1999-06-08 00:00:00,KFP,22
1999-06-10 00:00:00,KFP,21.5
1999-07-30 00:00:00,KFP,19.5
1999-08-09 00:00:00,KFP,19.5
1999-08-31 00:00:00,KFP,17.5
1999-10-08 00:00:00,KFP,19
1999-10-26 00:00:00,KFP,16.25
1999-10-27 00:00:00,KFP,15
1999-10-28 00:00:00,KFP,15
1999-10-29 00:00:00,KFP,16.25
1999-11-01 00:00:00,KFP,15
1999-11-02 00:00:00,KFP,14.75
1999-11-12 00:00:00,KFP,14.25
1999-11-15 00:00:00,KFP,14
1999-11-16 00:00:00,KFP,13.75
1999-11-17 00:00:00,KFP,14
1999-12-07 00:00:00,KFP,14.25
1999-12-09 00:00:00,KFP,14
1999-12-10 00:00:00,KFP,14
1999-12-13 00:00:00,KFP,14
1999-12-14 00:00:00,KFP,14
SECURITY_DA,COMP,CLOSE_PRICE
-----------,----,-----------
1999-12-17 00:00:00,KFP,14
1999-12-29 00:00:00,KFP,14
1999-12-30 00:00:00,KFP,14
1999-01-04 00:00:00,KGAL,12.5
1999-01-05 00:00:00,KGAL,12.5
1999-01-06 00:00:00,KGAL,12.25
1999-01-07 00:00:00,KGAL,12.25
1999-01-08 00:00:00,KGAL,12.25
1999-01-11 00:00:00,KGAL,12
1999-01-12 00:00:00,KGAL,12.25
1999-01-13 00:00:00,KGAL,12.25
1999-01-14 00:00:00,KGAL,12.5
1999-01-18 00:00:00,KGAL,12
1999-01-19 00:00:00,KGAL,12
1999-01-20 00:00:00,KGAL,12.25
1999-01-21 00:00:00,KGAL,12.5
1999-01-22 00:00:00,KGAL,12.5
1999-01-25 00:00:00,KGAL,12.25
1999-01-26 00:00:00,KGAL,12.25
1999-01-27 00:00:00,KGAL,11.25
1999-01-29 00:00:00,KGAL,11.5
SECURITY_DA,COMP,CLOSE_PRICE
-----------,----,-----------
1999-02-01 00:00:00,KGAL,11
1999-02-02 00:00:00,KGAL,11
1999-02-03 00:00:00,KGAL,10
1999-02-10 00:00:00,KGAL,10.25
1999-02-11 00:00:00,KGAL,10.5
1999-02-12 00:00:00,KGAL,10.25
1999-02-15 00:00:00,KGAL,11
1999-02-17 00:00:00,KGAL,10.25
1999-02-18 00:00:00,KGAL,10.25
1999-02-19 00:00:00,KGAL,10
1999-02-23 00:00:00,KGAL,9.25
1999-02-24 00:00:00,KGAL,9
1999-02-26 00:00:00,KGAL,9
1999-03-02 00:00:00,KGAL,8.5
1999-03-03 00:00:00,KGAL,8.25
1999-03-04 00:00:00,KGAL,8.25
1999-03-05 00:00:00,KGAL,8
1999-03-08 00:00:00,KGAL,8
1999-03-09 00:00:00,KGAL,7.75
1999-03-10 00:00:00,KGAL,7.5
1999-03-11 00:00:00,KGAL,7.5
SECURITY_DA,COMP,CLOSE_PRICE
-----------,----,-----------
1999-03-12 00:00:00,KGAL,7.25
1999-03-15 00:00:00,KGAL,7.25
1999-03-18 00:00:00,KGAL,8
1999-03-19 00:00:00,KGAL,8.5
1999-03-22 00:00:00,KGAL,8.75
1999-03-23 00:00:00,KGAL,9
1999-03-24 00:00:00,KGAL,9
1999-03-25 00:00:00,KGAL,8.5
1999-03-26 00:00:00,KGAL,8.5
1999-03-29 00:00:00,KGAL,8.75
1999-03-30 00:00:00,KGAL,8.75
1999-04-01 00:00:00,KGAL,8.75
1999-04-06 00:00:00,KGAL,9
1999-04-07 00:00:00,KGAL,9.5
1999-04-08 00:00:00,KGAL,9.5
1999-04-09 00:00:00,KGAL,9.25
1999-04-12 00:00:00,KGAL,9.25
1999-04-15 00:00:00,KGAL,9.5
1999-04-19 00:00:00,KGAL,9
1999-04-20 00:00:00,KGAL,9
1999-04-22 00:00:00,KGAL,8
SECURITY_DA,COMP,CLOSE_PRICE
-----------,----,-----------
1999-04-28 00:00:00,KGAL,8.5
1999-05-03 00:00:00,KGAL,9
1999-05-05 00:00:00,KGAL,9
1999-05-06 00:00:00,KGAL,8.5
1999-05-11 00:00:00,KGAL,8.25
1999-05-12 00:00:00,KGAL,8.25
1999-05-14 00:00:00,KGAL,8.25
1999-05-18 00:00:00,KGAL,8.25
1999-05-19 00:00:00,KGAL,8.5
1999-05-20 00:00:00,KGAL,8.25
1999-05-24 00:00:00,KGAL,8.75
1999-05-25 00:00:00,KGAL,8.75
1999-05-27 00:00:00,KGAL,8.75
1999-05-28 00:00:00,KGAL,8.75
1999-06-01 00:00:00,KGAL,8.75
1999-06-02 00:00:00,KGAL,8.75
1999-06-03 00:00:00,KGAL,9.25
1999-06-07 00:00:00,KGAL,8.5
1999-06-08 00:00:00,KGAL,8.25
1999-06-09 00:00:00,KGAL,8.5
1999-06-10 00:00:00,KGAL,8.25
SECURITY_DA,COMP,CLOSE_PRICE
-----------,----,-----------
1999-06-11 00:00:00,KGAL,8.25
1999-06-14 00:00:00,KGAL,8
1999-06-15 00:00:00,KGAL,8
1999-06-16 00:00:00,KGAL,8
1999-06-17 00:00:00,KGAL,8
1999-06-21 00:00:00,KGAL,7.25
1999-06-22 00:00:00,KGAL,7.5
1999-06-23 00:00:00,KGAL,8
1999-06-24 00:00:00,KGAL,8.25
1999-06-25 00:00:00,KGAL,8.25
1999-06-30 00:00:00,KGAL,8
1999-07-01 00:00:00,KGAL,8.25
1999-07-02 00:00:00,KGAL,9
1999-07-05 00:00:00,KGAL,8.25
1999-07-06 00:00:00,KGAL,8.5
1999-07-07 00:00:00,KGAL,8.25
1999-07-08 00:00:00,KGAL,8.25
1999-07-09 00:00:00,KGAL,8.25
1999-07-13 00:00:00,KGAL,8.5
1999-07-14 00:00:00,KGAL,8.5
1999-07-15 00:00:00,KGAL,8.5
SECURITY_DA,COMP,CLOSE_PRICE
-----------,----,-----------
1999-07-16 00:00:00,KGAL,8.5
1999-07-20 00:00:00,KGAL,8.75
1999-07-22 00:00:00,KGAL,8.75
1999-07-23 00:00:00,KGAL,9
1999-07-26 00:00:00,KGAL,8.5
1999-07-27 00:00:00,KGAL,8.5
1999-07-29 00:00:00,KGAL,8.5
1999-07-30 00:00:00,KGAL,8.5
1999-08-02 00:00:00,KGAL,11
1999-08-03 00:00:00,KGAL,13
1999-08-04 00:00:00,KGAL,14.5
1999-08-05 00:00:00,KGAL,12.75
1999-08-06 00:00:00,KGAL,12.75
1999-08-09 00:00:00,KGAL,13
1999-08-10 00:00:00,KGAL,13.5
1999-08-11 00:00:00,KGAL,12.5
1999-08-12 00:00:00,KGAL,12
1999-08-13 00:00:00,KGAL,12.5
1999-08-16 00:00:00,KGAL,12.5
1999-08-17 00:00:00,KGAL,11
1999-08-18 00:00:00,KGAL,10.5
SECURITY_DA,COMP,CLOSE_PRICE
-----------,----,-----------
1999-08-19 00:00:00,KGAL,12.25
1999-08-20 00:00:00,KGAL,12.25
1999-08-23 00:00:00,KGAL,12.5
1999-08-24 00:00:00,KGAL,12.5
1999-08-25 00:00:00,KGAL,12.5
1999-08-31 00:00:00,KGAL,12
1999-09-02 00:00:00,KGAL,11.25
1999-09-03 00:00:00,KGAL,11.75
1999-09-06 00:00:00,KGAL,12.5
1999-09-07 00:00:00,KGAL,12.25
1999-09-08 00:00:00,KGAL,12
1999-09-09 00:00:00,KGAL,12.25
1999-09-10 00:00:00,KGAL,12.5
1999-09-13 00:00:00,KGAL,12.5
1999-09-14 00:00:00,KGAL,13
1999-09-15 00:00:00,KGAL,13
1999-09-17 00:00:00,KGAL,13.25
1999-09-20 00:00:00,KGAL,13.75
1999-09-21 00:00:00,KGAL,14.25
1999-09-22 00:00:00,KGAL,14.5
1999-09-23 00:00:00,KGAL,15
SECURITY_DA,COMP,CLOSE_PRICE
-----------,----,-----------
1999-09-24 00:00:00,KGAL,15.75
1999-09-27 00:00:00,KGAL,17
1999-09-28 00:00:00,KGAL,18
1999-09-29 00:00:00,KGAL,17
1999-09-30 00:00:00,KGAL,17.25
1999-10-01 00:00:00,KGAL,17
1999-10-04 00:00:00,KGAL,17.5
1999-10-05 00:00:00,KGAL,16.25
1999-10-06 00:00:00,KGAL,16
1999-10-07 00:00:00,KGAL,15
1999-10-08 00:00:00,KGAL,16
1999-10-11 00:00:00,KGAL,15
1999-10-12 00:00:00,KGAL,14.5
1999-10-13 00:00:00,KGAL,13.75
1999-10-14 00:00:00,KGAL,13.25
1999-10-15 00:00:00,KGAL,13.5
1999-10-18 00:00:00,KGAL,14
1999-10-19 00:00:00,KGAL,13.75
1999-10-20 00:00:00,KGAL,13
1999-10-21 00:00:00,KGAL,12.75
1999-10-22 00:00:00,KGAL,13
SECURITY_DA,COMP,CLOSE_PRICE
-----------,----,-----------
1999-10-25 00:00:00,KGAL,13
1999-10-26 00:00:00,KGAL,12
1999-10-27 00:00:00,KGAL,12
1999-10-28 00:00:00,KGAL,12
1999-10-29 00:00:00,KGAL,13
1999-11-01 00:00:00,KGAL,12
1999-11-04 00:00:00,KGAL,13.25
1999-11-05 00:00:00,KGAL,13
1999-11-08 00:00:00,KGAL,13
1999-11-09 00:00:00,KGAL,12.5
1999-11-10 00:00:00,KGAL,13.25
1999-11-11 00:00:00,KGAL,12.75
1999-11-15 00:00:00,KGAL,12.5
1999-11-16 00:00:00,KGAL,12
1999-11-17 00:00:00,KGAL,12
1999-11-23 00:00:00,KGAL,13.25
1999-11-24 00:00:00,KGAL,13.5
1999-11-25 00:00:00,KGAL,13.5
1999-11-26 00:00:00,KGAL,13
1999-11-29 00:00:00,KGAL,13
1999-11-30 00:00:00,KGAL,13.5
SECURITY_DA,COMP,CLOSE_PRICE
-----------,----,-----------
1999-12-01 00:00:00,KGAL,14
1999-12-02 00:00:00,KGAL,14.25
1999-12-03 00:00:00,KGAL,15.5
1999-12-06 00:00:00,KGAL,16.25
1999-12-07 00:00:00,KGAL,17.25
1999-12-08 00:00:00,KGAL,17.75
1999-12-09 00:00:00,KGAL,17
1999-12-10 00:00:00,KGAL,16.75
1999-12-13 00:00:00,KGAL,17
1999-12-14 00:00:00,KGAL,16.75
1999-12-15 00:00:00,KGAL,16
1999-12-16 00:00:00,KGAL,16.5
1999-12-17 00:00:00,KGAL,16.5
1999-12-20 00:00:00,KGAL,15.75
1999-12-21 00:00:00,KGAL,16
1999-12-23 00:00:00,KGAL,15.75
1999-12-27 00:00:00,KGAL,15.25
1999-12-28 00:00:00,KGAL,15
1999-12-29 00:00:00,KGAL,15.25
1999-12-30 00:00:00,KGAL,16
1999-06-14 00:00:00,KHC,32
SECURITY_DA,COMP,CLOSE_PRICE
-----------,----,-----------
1999-06-24 00:00:00,KHC,28
1999-09-16 00:00:00,KHC,25
1999-09-17 00:00:00,KHC,25
1999-09-21 00:00:00,KHC,25
1999-09-22 00:00:00,KHC,24.75
1999-09-30 00:00:00,KHC,24.25
1999-10-01 00:00:00,KHC,23.75
1999-10-14 00:00:00,KHC,23.5
1999-10-18 00:00:00,KHC,23.5
1999-02-02 00:00:00,KINN,22
1999-02-08 00:00:00,KINN,22.25
1999-02-10 00:00:00,KINN,23.5
1999-02-12 00:00:00,KINN,22.5
1999-02-26 00:00:00,KINN,26
1999-03-24 00:00:00,KINN,25
1999-06-14 00:00:00,KINN,22.75
1999-06-17 00:00:00,KINN,23
1999-07-01 00:00:00,KINN,23
1999-07-23 00:00:00,KINN,28
1999-08-03 00:00:00,KINN,30
1999-08-16 00:00:00,KINN,30
SECURITY_DA,COMP,CLOSE_PRICE
-----------,----,-----------
1999-08-18 00:00:00,KINN,27.5
1999-09-30 00:00:00,KINN,26.5
1999-10-01 00:00:00,KINN,25
1999-10-20 00:00:00,KINN,23
1999-11-01 00:00:00,KINN,23
1999-11-19 00:00:00,KINN,23
1999-12-09 00:00:00,KINN,24
1999-12-10 00:00:00,KINN,23.75
1999-12-14 00:00:00,KINN,27.5
1999-12-15 00:00:00,KINN,25.25
1999-01-04 00:00:00,KOTA,10
1999-01-05 00:00:00,KOTA,9.75
1999-01-06 00:00:00,KOTA,10
1999-01-07 00:00:00,KOTA,10.75
1999-01-08 00:00:00,KOTA,11
1999-01-11 00:00:00,KOTA,9.75
1999-01-12 00:00:00,KOTA,9.75
1999-01-13 00:00:00,KOTA,10.5
1999-01-19 00:00:00,KOTA,9.75
1999-01-20 00:00:00,KOTA,9.75
1999-01-25 00:00:00,KOTA,9.75
SECURITY_DA,COMP,CLOSE_PRICE
-----------,----,-----------
1999-01-26 00:00:00,KOTA,9.75
1999-01-27 00:00:00,KOTA,9.75
1999-01-29 00:00:00,KOTA,9.75
1999-02-02 00:00:00,KOTA,9
1999-02-03 00:00:00,KOTA,9
1999-02-05 00:00:00,KOTA,9
1999-02-10 00:00:00,KOTA,9
1999-02-11 00:00:00,KOTA,9.25
1999-02-12 00:00:00,KOTA,9
1999-02-15 00:00:00,KOTA,10
1999-02-16 00:00:00,KOTA,9.25
1999-02-17 00:00:00,KOTA,9.25
1999-02-19 00:00:00,KOTA,9.25
1999-02-22 00:00:00,KOTA,9.25
1999-02-23 00:00:00,KOTA,9.25
1999-02-26 00:00:00,KOTA,8
1999-03-05 00:00:00,KOTA,8
1999-03-11 00:00:00,KOTA,8
1999-03-12 00:00:00,KOTA,5.5
1999-03-15 00:00:00,KOTA,5.5
1999-03-16 00:00:00,KOTA,5.75
SECURITY_DA,COMP,CLOSE_PRICE
-----------,----,-----------
1999-03-19 00:00:00,KOTA,6.5
1999-03-22 00:00:00,KOTA,7
1999-03-24 00:00:00,KOTA,7.25
1999-03-26 00:00:00,KOTA,7
1999-03-29 00:00:00,KOTA,8
1999-03-30 00:00:00,KOTA,8.5
1999-04-01 00:00:00,KOTA,8.25
1999-04-08 00:00:00,KOTA,9
1999-04-09 00:00:00,KOTA,9
1999-04-12 00:00:00,KOTA,9
1999-04-19 00:00:00,KOTA,8.25
1999-04-21 00:00:00,KOTA,6.5
1999-04-28 00:00:00,KOTA,7.5
1999-05-05 00:00:00,KOTA,7.25
1999-05-10 00:00:00,KOTA,7.25
1999-05-11 00:00:00,KOTA,7
1999-05-17 00:00:00,KOTA,6.5
1999-05-18 00:00:00,KOTA,6.5
1999-05-24 00:00:00,KOTA,6.5
1999-05-25 00:00:00,KOTA,6.5
1999-05-26 00:00:00,KOTA,6.25
SECURITY_DA,COMP,CLOSE_PRICE
-----------,----,-----------
1999-06-01 00:00:00,KOTA,6.25
1999-06-04 00:00:00,KOTA,6
1999-06-09 00:00:00,KOTA,6
1999-06-11 00:00:00,KOTA,6
1999-06-15 00:00:00,KOTA,5.5
1999-06-16 00:00:00,KOTA,5.75
1999-06-22 00:00:00,KOTA,5.5
1999-06-25 00:00:00,KOTA,6.75
1999-07-02 00:00:00,KOTA,7.5
1999-07-05 00:00:00,KOTA,7.25
1999-07-07 00:00:00,KOTA,7.25
1999-07-08 00:00:00,KOTA,7.25
1999-07-12 00:00:00,KOTA,6.25
1999-07-14 00:00:00,KOTA,7
1999-07-15 00:00:00,KOTA,6.5
1999-07-16 00:00:00,KOTA,6.5
1999-07-22 00:00:00,KOTA,6.25
1999-07-23 00:00:00,KOTA,6
1999-07-26 00:00:00,KOTA,6
1999-07-29 00:00:00,KOTA,6
1999-07-30 00:00:00,KOTA,6.5
SECURITY_DA,COMP,CLOSE_PRICE
-----------,----,-----------
1999-08-02 00:00:00,KOTA,8
1999-08-03 00:00:00,KOTA,9.75
1999-08-04 00:00:00,KOTA,10
1999-08-05 00:00:00,KOTA,10
1999-08-06 00:00:00,KOTA,9
1999-08-09 00:00:00,KOTA,9.5
1999-08-10 00:00:00,KOTA,9.75
1999-08-11 00:00:00,KOTA,9.5
1999-08-12 00:00:00,KOTA,8.5
1999-08-13 00:00:00,KOTA,9.5
1999-08-16 00:00:00,KOTA,8.25
1999-08-17 00:00:00,KOTA,7.75
1999-08-18 00:00:00,KOTA,7.75
1999-08-19 00:00:00,KOTA,7.75
1999-08-20 00:00:00,KOTA,8.25
1999-08-23 00:00:00,KOTA,7.75
1999-08-24 00:00:00,KOTA,8
1999-08-25 00:00:00,KOTA,8.25
1999-08-30 00:00:00,KOTA,7.75
1999-08-31 00:00:00,KOTA,7.75
1999-09-01 00:00:00,KOTA,7
SECURITY_DA,COMP,CLOSE_PRICE
-----------,----,-----------
1999-09-02 00:00:00,KOTA,7.25
1999-09-03 00:00:00,KOTA,7
1999-09-06 00:00:00,KOTA,7.5
1999-09-07 00:00:00,KOTA,7.5
1999-09-08 00:00:00,KOTA,7.25
1999-09-09 00:00:00,KOTA,7.25
1999-09-13 00:00:00,KOTA,7.5
1999-09-14 00:00:00,KOTA,7.75
1999-09-15 00:00:00,KOTA,7.25
1999-09-16 00:00:00,KOTA,8
1999-09-17 00:00:00,KOTA,7
1999-09-20 00:00:00,KOTA,8
1999-09-21 00:00:00,KOTA,8.75
1999-09-22 00:00:00,KOTA,9
1999-09-23 00:00:00,KOTA,9
1999-09-24 00:00:00,KOTA,9
1999-09-27 00:00:00,KOTA,11.5
1999-09-28 00:00:00,KOTA,13
1999-09-29 00:00:00,KOTA,12.25
1999-09-30 00:00:00,KOTA,12
1999-10-04 00:00:00,KOTA,13
SECURITY_DA,COMP,CLOSE_PRICE
-----------,----,-----------
1999-10-05 00:00:00,KOTA,12.5
1999-10-06 00:00:00,KOTA,11.75
1999-10-07 00:00:00,KOTA,11
1999-10-08 00:00:00,KOTA,12
1999-10-11 00:00:00,KOTA,11.25
1999-10-12 00:00:00,KOTA,10.25
1999-10-13 00:00:00,KOTA,10.25
1999-10-14 00:00:00,KOTA,10
1999-10-15 00:00:00,KOTA,10.25
1999-10-18 00:00:00,KOTA,10.75
1999-10-19 00:00:00,KOTA,10
1999-10-20 00:00:00,KOTA,10
1999-10-21 00:00:00,KOTA,9.5
1999-10-22 00:00:00,KOTA,10.25
1999-10-25 00:00:00,KOTA,10
1999-10-26 00:00:00,KOTA,9.25
1999-10-27 00:00:00,KOTA,9.25
1999-10-28 00:00:00,KOTA,9.25
1999-10-29 00:00:00,KOTA,9.5
1999-11-01 00:00:00,KOTA,9.5
1999-11-02 00:00:00,KOTA,9.25
SECURITY_DA,COMP,CLOSE_PRICE
-----------,----,-----------
1999-11-03 00:00:00,KOTA,9.5
1999-11-04 00:00:00,KOTA,9.75
1999-11-05 00:00:00,KOTA,9.75
1999-11-08 00:00:00,KOTA,9.75
1999-11-09 00:00:00,KOTA,9.5
1999-11-10 00:00:00,KOTA,9.5
1999-11-11 00:00:00,KOTA,9.25
1999-11-12 00:00:00,KOTA,9.5
1999-11-16 00:00:00,KOTA,9
1999-11-17 00:00:00,KOTA,9.25
1999-11-18 00:00:00,KOTA,9.5
1999-11-19 00:00:00,KOTA,9.5
1999-11-23 00:00:00,KOTA,10
1999-11-24 00:00:00,KOTA,10.25
1999-11-25 00:00:00,KOTA,9.5
1999-11-26 00:00:00,KOTA,9.5
1999-11-29 00:00:00,KOTA,9.5
1999-11-30 00:00:00,KOTA,10
1999-12-01 00:00:00,KOTA,10.25
1999-12-02 00:00:00,KOTA,10.25
1999-12-03 00:00:00,KOTA,10.75
SECURITY_DA,COMP,CLOSE_PRICE
-----------,----,-----------
1999-12-06 00:00:00,KOTA,11.25
1999-12-07 00:00:00,KOTA,11.5
1999-12-08 00:00:00,KOTA,11.5
1999-12-09 00:00:00,KOTA,11.25
1999-12-10 00:00:00,KOTA,11.75
1999-12-13 00:00:00,KOTA,11.75
1999-12-14 00:00:00,KOTA,11.25
1999-12-15 00:00:00,KOTA,11.5
1999-12-16 00:00:00,KOTA,12
1999-12-17 00:00:00,KOTA,12.75
1999-12-20 00:00:00,KOTA,12.5
1999-12-21 00:00:00,KOTA,12.5
1999-12-23 00:00:00,KOTA,12.5
1999-12-27 00:00:00,KOTA,11
1999-12-28 00:00:00,KOTA,11.25
1999-12-29 00:00:00,KOTA,11.75
1999-12-30 00:00:00,KOTA,11.75
1999-01-04 00:00:00,KREA,3.75
1999-01-05 00:00:00,KREA,3.5
1999-01-06 00:00:00,KREA,3.75
1999-01-07 00:00:00,KREA,3.75
SECURITY_DA,COMP,CLOSE_PRICE
-----------,----,-----------
1999-01-08 00:00:00,KREA,3.75
1999-01-11 00:00:00,KREA,4.5
1999-01-12 00:00:00,KREA,5
1999-01-13 00:00:00,KREA,5.25
1999-01-14 00:00:00,KREA,5.25
1999-01-18 00:00:00,KREA,4.75
1999-01-19 00:00:00,KREA,5
1999-01-20 00:00:00,KREA,4.75
1999-01-21 00:00:00,KREA,4.75
1999-01-22 00:00:00,KREA,4.75
1999-01-25 00:00:00,KREA,4.75
1999-01-26 00:00:00,KREA,4.75
1999-01-27 00:00:00,KREA,4.5
1999-01-28 00:00:00,KREA,4.25
1999-01-29 00:00:00,KREA,4.25
1999-02-01 00:00:00,KREA,4.5
1999-02-02 00:00:00,KREA,4.5
1999-02-03 00:00:00,KREA,4.5
1999-02-05 00:00:00,KREA,4.25
1999-02-08 00:00:00,KREA,4.25
1999-02-09 00:00:00,KREA,4.25
SECURITY_DA,COMP,CLOSE_PRICE
-----------,----,-----------
1999-02-10 00:00:00,KREA,3.5
1999-02-11 00:00:00,KREA,2.25
1999-02-12 00:00:00,KREA,2.25
1999-02-15 00:00:00,KREA,2.25
1999-02-16 00:00:00,KREA,2.25
1999-02-17 00:00:00,KREA,2.25
1999-02-18 00:00:00,KREA,2.25
1999-02-19 00:00:00,KREA,2.25
1999-02-22 00:00:00,KREA,2.25
1999-02-23 00:00:00,KREA,2
1999-02-24 00:00:00,KREA,2
1999-02-26 00:00:00,KREA,2
1999-03-02 00:00:00,KREA,2.25
1999-03-03 00:00:00,KREA,2
1999-03-04 00:00:00,KREA,2
1999-03-05 00:00:00,KREA,2.25
1999-03-08 00:00:00,KREA,2
1999-03-09 00:00:00,KREA,2
1999-03-10 00:00:00,KREA,2
1999-03-11 00:00:00,KREA,2
1999-03-12 00:00:00,KREA,2
SECURITY_DA,COMP,CLOSE_PRICE
-----------,----,-----------
1999-03-16 00:00:00,KREA,2
1999-03-17 00:00:00,KREA,2
1999-03-19 00:00:00,KREA,2
1999-03-22 00:00:00,KREA,2
1999-04-12 00:00:00,KREA,2
1999-04-20 00:00:00,KREA,1.75
1999-04-21 00:00:00,KREA,1.75
1999-04-22 00:00:00,KREA,1.75
1999-04-23 00:00:00,KREA,1.75
1999-04-26 00:00:00,KREA,1.75
1999-04-27 00:00:00,KREA,1.5
1999-04-28 00:00:00,KREA,1.5
1999-05-03 00:00:00,KREA,1.5
1999-05-04 00:00:00,KREA,1.5
1999-05-06 00:00:00,KREA,1.5
1999-05-07 00:00:00,KREA,1.5
1999-05-10 00:00:00,KREA,1.5
1999-05-11 00:00:00,KREA,1.5
1999-05-12 00:00:00,KREA,1.5
1999-05-17 00:00:00,KREA,1
1999-05-18 00:00:00,KREA,1
SECURITY_DA,COMP,CLOSE_PRICE
-----------,----,-----------
1999-05-19 00:00:00,KREA,0.9
1999-05-20 00:00:00,KREA,1
1999-05-21 00:00:00,KREA,1
1999-05-26 00:00:00,KREA,1
1999-05-28 00:00:00,KREA,0.9
1999-06-04 00:00:00,KREA,1
1999-06-07 00:00:00,KREA,1
1999-06-08 00:00:00,KREA,1
1999-06-09 00:00:00,KREA,0.9
1999-06-10 00:00:00,KREA,0.9
1999-06-11 00:00:00,KREA,0.9
1999-06-14 00:00:00,KREA,0.9
1999-06-15 00:00:00,KREA,0.9
1999-06-16 00:00:00,KREA,0.9
1999-06-18 00:00:00,KREA,0.9
1999-06-21 00:00:00,KREA,0.9
1999-06-23 00:00:00,KREA,0.9
1999-06-24 00:00:00,KREA,1
1999-06-25 00:00:00,KREA,1
1999-07-01 00:00:00,KREA,1
1999-07-02 00:00:00,KREA,1
SECURITY_DA,COMP,CLOSE_PRICE
-----------,----,-----------
1999-07-07 00:00:00,KREA,0.8
1999-07-08 00:00:00,KREA,0.9
1999-07-09 00:00:00,KREA,0.9
1999-07-12 00:00:00,KREA,0.9
1999-07-13 00:00:00,KREA,0.9
1999-07-14 00:00:00,KREA,0.9
1999-07-16 00:00:00,KREA,0.9
1999-07-19 00:00:00,KREA,0.9
1999-07-20 00:00:00,KREA,0.9
1999-07-21 00:00:00,KREA,0.8
1999-07-22 00:00:00,KREA,0.9
1999-07-23 00:00:00,KREA,0.8
1999-07-26 00:00:00,KREA,0.9
1999-07-27 00:00:00,KREA,0.9
1999-07-29 00:00:00,KREA,0.8
1999-07-30 00:00:00,KREA,0.9
1999-08-02 00:00:00,KREA,0.9
1999-08-03 00:00:00,KREA,0.8
1999-08-04 00:00:00,KREA,0.8
1999-08-05 00:00:00,KREA,0.8
1999-08-06 00:00:00,KREA,0.9
SECURITY_DA,COMP,CLOSE_PRICE
-----------,----,-----------
1999-08-09 00:00:00,KREA,0.9
1999-08-10 00:00:00,KREA,0.8
1999-08-16 00:00:00,KREA,0.8
1999-08-18 00:00:00,KREA,0.8
1999-08-19 00:00:00,KREA,0.8
1999-08-20 00:00:00,KREA,0.9
1999-08-23 00:00:00,KREA,0.8
1999-09-01 00:00:00,KREA,0.8
1999-09-02 00:00:00,KREA,0.8
1999-09-06 00:00:00,KREA,0.8
1999-09-07 00:00:00,KREA,0.8
1999-09-08 00:00:00,KREA,0.8
1999-09-09 00:00:00,KREA,0.8
1999-09-13 00:00:00,KREA,1
1999-09-14 00:00:00,KREA,1
1999-09-16 00:00:00,KREA,1
1999-09-17 00:00:00,KREA,1
1999-09-20 00:00:00,KREA,1
1999-09-22 00:00:00,KREA,1.25
1999-09-23 00:00:00,KREA,1.5
1999-09-27 00:00:00,KREA,1.25
SECURITY_DA,COMP,CLOSE_PRICE
-----------,----,-----------
1999-09-28 00:00:00,KREA,1.25
1999-09-29 00:00:00,KREA,1.25
1999-09-30 00:00:00,KREA,1.25
1999-10-05 00:00:00,KREA,1.25
1999-10-06 00:00:00,KREA,1.25
1999-10-07 00:00:00,KREA,1
1999-10-12 00:00:00,KREA,1
1999-10-14 00:00:00,KREA,1
1999-10-18 00:00:00,KREA,1
1999-10-19 00:00:00,KREA,1
1999-10-20 00:00:00,KREA,1
1999-10-21 00:00:00,KREA,1
1999-10-22 00:00:00,KREA,1
1999-10-25 00:00:00,KREA,1
1999-10-26 00:00:00,KREA,1
1999-10-27 00:00:00,KREA,1
1999-10-28 00:00:00,KREA,1
1999-10-29 00:00:00,KREA,1
1999-11-01 00:00:00,KREA,1
1999-11-02 00:00:00,KREA,1
1999-11-03 00:00:00,KREA,1
SECURITY_DA,COMP,CLOSE_PRICE
-----------,----,-----------
1999-11-05 00:00:00,KREA,1
1999-11-11 00:00:00,KREA,1
1999-11-12 00:00:00,KREA,1
1999-11-15 00:00:00,KREA,1
1999-11-16 00:00:00,KREA,1
1999-11-19 00:00:00,KREA,1.25
1999-11-26 00:00:00,KREA,1.25
1999-11-29 00:00:00,KREA,1.5
1999-11-30 00:00:00,KREA,1.5
1999-12-01 00:00:00,KREA,1.75
1999-12-02 00:00:00,KREA,1.5
1999-12-03 00:00:00,KREA,1.5
1999-12-06 00:00:00,KREA,1.5
1999-12-07 00:00:00,KREA,1.5
1999-12-08 00:00:00,KREA,2
1999-12-09 00:00:00,KREA,2
1999-12-10 00:00:00,KREA,2
1999-12-13 00:00:00,KREA,2.5
1999-12-14 00:00:00,KREA,2
1999-12-15 00:00:00,KREA,2.25
1999-12-16 00:00:00,KREA,2.25
SECURITY_DA,COMP,CLOSE_PRICE
-----------,----,-----------
1999-12-17 00:00:00,KREA,2
1999-12-20 00:00:00,KREA,2.25
1999-12-21 00:00:00,KREA,2.25
1999-12-23 00:00:00,KREA,1.75
1999-12-27 00:00:00,KREA,1.75
1999-12-28 00:00:00,KREA,1.75
1999-12-29 00:00:00,KREA,1.75
1999-12-30 00:00:00,KREA,1.75
1999-01-07 00:00:00,KTEX,1.5
1999-06-21 00:00:00,KTEX,1.5
1999-07-19 00:00:00,KTEX,1.5
1999-07-22 00:00:00,KTEX,1.25
1999-07-30 00:00:00,KTEX,1
1999-09-09 00:00:00,KTEX,0.5
1999-09-16 00:00:00,KTEX,0.5
1999-09-24 00:00:00,KTEX,0.5
1999-01-04 00:00:00,KURU,6.25
1999-01-07 00:00:00,KURU,7
1999-01-08 00:00:00,KURU,8
1999-01-12 00:00:00,KURU,8
1999-01-13 00:00:00,KURU,7.5
SECURITY_DA,COMP,CLOSE_PRICE
-----------,----,-----------
1999-02-03 00:00:00,KURU,7
1999-02-17 00:00:00,KURU,7.5
1999-02-18 00:00:00,KURU,7
1999-02-23 00:00:00,KURU,6.75
1999-02-25 00:00:00,KURU,7
1999-03-08 00:00:00,KURU,6
1999-03-09 00:00:00,KURU,6.5
1999-03-10 00:00:00,KURU,6
1999-03-30 00:00:00,KURU,7
1999-04-23 00:00:00,KURU,7.5
1999-04-28 00:00:00,KURU,8.5
1999-05-10 00:00:00,KURU,8.25
1999-05-17 00:00:00,KURU,6
1999-05-18 00:00:00,KURU,7.5
1999-05-21 00:00:00,KURU,8
1999-05-24 00:00:00,KURU,8
1999-06-10 00:00:00,KURU,8.75
1999-06-11 00:00:00,KURU,8
1999-08-13 00:00:00,KURU,5
1999-08-18 00:00:00,KURU,6
1999-08-24 00:00:00,KURU,7
1999-08-25 00:00:00,KURU,7.5
1999-12-14 00:00:00,KURU,7.5
1999-01-04 00:00:00,KVAL,15.25
1999-01-05 00:00:00,KVAL,15
1999-01-06 00:00:00,KVAL,15.25
1999-01-07 00:00:00,KVAL,15
1999-01-08 00:00:00,KVAL,15
1999-01-11 00:00:00,KVAL,15
1999-01-12 00:00:00,KVAL,14.75
1999-01-13 00:00:00,KVAL,15
1999-01-14 00:00:00,KVAL,14.75
1999-01-18 00:00:00,KVAL,14.5
1999-01-19 00:00:00,KVAL,14.5
1999-01-20 00:00:00,KVAL,14.5
1999-01-21 00:00:00,KVAL,14.5
1999-01-22 00:00:00,KVAL,14.5
1999-01-25 00:00:00,KVAL,14.75
1999-01-26 00:00:00,KVAL,14.5
1999-01-27 00:00:00,KVAL,14
1999-01-28 00:00:00,KVAL,13.5
1999-01-29 00:00:00,KVAL,14.25
1999-02-01 00:00:00,KVAL,13.75
1999-02-02 00:00:00,KVAL,13.5
1999-02-03 00:00:00,KVAL,13.5
1999-02-05 00:00:00,KVAL,13.25
1999-02-08 00:00:00,KVAL,13.25
1999-02-09 00:00:00,KVAL,13
1999-02-10 00:00:00,KVAL,12.75
1999-02-11 00:00:00,KVAL,13
1999-02-12 00:00:00,KVAL,12.75
1999-02-15 00:00:00,KVAL,12.75
1999-02-16 00:00:00,KVAL,12.75
1999-02-17 00:00:00,KVAL,12
1999-02-18 00:00:00,KVAL,11.75
1999-02-19 00:00:00,KVAL,11.75
1999-02-22 00:00:00,KVAL,11.75
1999-02-23 00:00:00,KVAL,11
1999-02-24 00:00:00,KVAL,10.5
1999-02-25 00:00:00,KVAL,11
1999-02-26 00:00:00,KVAL,11.75
1999-03-02 00:00:00,KVAL,11.5
1999-03-03 00:00:00,KVAL,11.25
1999-03-04 00:00:00,KVAL,11
1999-03-05 00:00:00,KVAL,11
1999-03-08 00:00:00,KVAL,9
1999-03-09 00:00:00,KVAL,9.25
1999-03-10 00:00:00,KVAL,9
1999-03-11 00:00:00,KVAL,9.5
1999-03-12 00:00:00,KVAL,9.25
1999-03-15 00:00:00,KVAL,9
1999-03-16 00:00:00,KVAL,9.25
1999-03-17 00:00:00,KVAL,10
1999-03-18 00:00:00,KVAL,10.5
1999-03-19 00:00:00,KVAL,11
1999-03-22 00:00:00,KVAL,11
1999-03-23 00:00:00,KVAL,11.25
1999-03-24 00:00:00,KVAL,10.75
1999-03-25 00:00:00,KVAL,10.5
1999-03-26 00:00:00,KVAL,10.5
1999-03-30 00:00:00,KVAL,10.5
1999-04-01 00:00:00,KVAL,10.5
1999-04-05 00:00:00,KVAL,10
1999-04-06 00:00:00,KVAL,10.25
1999-04-07 00:00:00,KVAL,10.5
1999-04-08 00:00:00,KVAL,10.25
1999-04-09 00:00:00,KVAL,10.5
1999-04-12 00:00:00,KVAL,10.25
1999-04-15 00:00:00,KVAL,10
1999-04-16 00:00:00,KVAL,10
1999-04-19 00:00:00,KVAL,10
1999-04-20 00:00:00,KVAL,9.75
1999-04-21 00:00:00,KVAL,10
1999-04-22 00:00:00,KVAL,9.75
1999-04-23 00:00:00,KVAL,9.75
1999-04-26 00:00:00,KVAL,9.5
1999-04-27 00:00:00,KVAL,9.75
1999-04-28 00:00:00,KVAL,9.5
1999-05-03 00:00:00,KVAL,9.5
1999-05-04 00:00:00,KVAL,9.5
1999-05-05 00:00:00,KVAL,9.5
1999-05-06 00:00:00,KVAL,9.25
1999-05-07 00:00:00,KVAL,9
1999-05-10 00:00:00,KVAL,9
1999-05-11 00:00:00,KVAL,9
1999-05-12 00:00:00,KVAL,8.5
1999-05-14 00:00:00,KVAL,8.5
1999-05-17 00:00:00,KVAL,8.5
1999-05-18 00:00:00,KVAL,8.5
1999-05-19 00:00:00,KVAL,8.25
1999-05-20 00:00:00,KVAL,8.5
1999-05-21 00:00:00,KVAL,9
1999-05-24 00:00:00,KVAL,9.5
1999-05-25 00:00:00,KVAL,9.25
1999-05-26 00:00:00,KVAL,9
1999-05-27 00:00:00,KVAL,8.75
1999-05-28 00:00:00,KVAL,8.75
1999-06-01 00:00:00,KVAL,8.75
1999-06-02 00:00:00,KVAL,8.75
1999-06-03 00:00:00,KVAL,8.5
1999-06-04 00:00:00,KVAL,8.5
1999-06-07 00:00:00,KVAL,8.5
1999-06-08 00:00:00,KVAL,8.25
1999-06-09 00:00:00,KVAL,8.5
1999-06-10 00:00:00,KVAL,8.25
1999-06-11 00:00:00,KVAL,8.25
1999-06-14 00:00:00,KVAL,8.5
1999-06-15 00:00:00,KVAL,8.25
1999-06-16 00:00:00,KVAL,8.25
1999-06-17 00:00:00,KVAL,8
1999-06-18 00:00:00,KVAL,8
1999-06-21 00:00:00,KVAL,8
1999-06-22 00:00:00,KVAL,8.25
1999-06-23 00:00:00,KVAL,8.25
1999-06-24 00:00:00,KVAL,9
1999-06-25 00:00:00,KVAL,9.5
1999-06-30 00:00:00,KVAL,9.5
1999-07-01 00:00:00,KVAL,9.5
1999-07-02 00:00:00,KVAL,10.25
1999-07-05 00:00:00,KVAL,10
1999-07-07 00:00:00,KVAL,9.25
1999-07-08 00:00:00,KVAL,9.5
1999-07-09 00:00:00,KVAL,9.5
1999-07-12 00:00:00,KVAL,9.5
1999-07-13 00:00:00,KVAL,9.5
1999-07-14 00:00:00,KVAL,9
1999-07-15 00:00:00,KVAL,9.5
1999-07-16 00:00:00,KVAL,9.5
1999-07-19 00:00:00,KVAL,9.75
1999-07-20 00:00:00,KVAL,10
1999-07-21 00:00:00,KVAL,10
1999-07-22 00:00:00,KVAL,10.5
1999-07-23 00:00:00,KVAL,10.25
1999-07-26 00:00:00,KVAL,10
1999-07-27 00:00:00,KVAL,10
1999-07-29 00:00:00,KVAL,10
1999-07-30 00:00:00,KVAL,10
1999-08-02 00:00:00,KVAL,12.25
1999-08-03 00:00:00,KVAL,15
1999-08-04 00:00:00,KVAL,16.5
1999-08-05 00:00:00,KVAL,16
1999-08-06 00:00:00,KVAL,15.25
1999-08-09 00:00:00,KVAL,15.5
1999-08-10 00:00:00,KVAL,15.75
1999-08-11 00:00:00,KVAL,15.25
1999-08-12 00:00:00,KVAL,14.5
1999-08-13 00:00:00,KVAL,14.75
1999-08-16 00:00:00,KVAL,14.25
1999-08-17 00:00:00,KVAL,14
1999-08-18 00:00:00,KVAL,12
1999-08-19 00:00:00,KVAL,13.25
1999-08-20 00:00:00,KVAL,13.25
1999-08-23 00:00:00,KVAL,13.75
1999-08-24 00:00:00,KVAL,13.75
1999-08-25 00:00:00,KVAL,13.75
1999-08-30 00:00:00,KVAL,13.5
1999-08-31 00:00:00,KVAL,13.5
1999-09-01 00:00:00,KVAL,13
1999-09-02 00:00:00,KVAL,12.5
1999-09-03 00:00:00,KVAL,12.75
1999-09-06 00:00:00,KVAL,13.25
1999-09-07 00:00:00,KVAL,13.75
1999-09-08 00:00:00,KVAL,13.75
1999-09-09 00:00:00,KVAL,13.75
1999-09-10 00:00:00,KVAL,13.5
1999-09-13 00:00:00,KVAL,13.5
1999-09-14 00:00:00,KVAL,13.75
1999-09-15 00:00:00,KVAL,14
1999-09-16 00:00:00,KVAL,14.5
1999-09-17 00:00:00,KVAL,14.25
1999-09-20 00:00:00,KVAL,15
1999-09-21 00:00:00,KVAL,15.75
1999-09-22 00:00:00,KVAL,16
1999-09-23 00:00:00,KVAL,16.25
1999-09-24 00:00:00,KVAL,16.25
1999-09-27 00:00:00,KVAL,18
1999-09-28 00:00:00,KVAL,18.5
1999-09-29 00:00:00,KVAL,17.75
1999-09-30 00:00:00,KVAL,17.5
1999-10-01 00:00:00,KVAL,17.75
1999-10-04 00:00:00,KVAL,18
1999-10-05 00:00:00,KVAL,17
1999-10-06 00:00:00,KVAL,16.25
1999-10-07 00:00:00,KVAL,16
1999-10-08 00:00:00,KVAL,16
1999-10-11 00:00:00,KVAL,15.25
1999-10-12 00:00:00,KVAL,14.25
1999-10-13 00:00:00,KVAL,13.75
1999-10-14 00:00:00,KVAL,13.25
1999-10-15 00:00:00,KVAL,14
1999-10-18 00:00:00,KVAL,14.5
1999-10-19 00:00:00,KVAL,14
1999-10-20 00:00:00,KVAL,13.75
1999-10-21 00:00:00,KVAL,13
1999-10-22 00:00:00,KVAL,13.5
1999-10-25 00:00:00,KVAL,13
1999-10-26 00:00:00,KVAL,12.5
1999-10-27 00:00:00,KVAL,12.25
1999-10-28 00:00:00,KVAL,12
1999-10-29 00:00:00,KVAL,13.25
1999-11-01 00:00:00,KVAL,13
1999-11-02 00:00:00,KVAL,12
1999-11-03 00:00:00,KVAL,12.5
1999-11-04 00:00:00,KVAL,13
1999-11-05 00:00:00,KVAL,12.75
1999-11-08 00:00:00,KVAL,12.75
1999-11-09 00:00:00,KVAL,12.5
1999-11-10 00:00:00,KVAL,12.5
1999-11-11 00:00:00,KVAL,12.5
1999-11-12 00:00:00,KVAL,12.25
1999-11-15 00:00:00,KVAL,12.25
1999-11-16 00:00:00,KVAL,12
1999-11-17 00:00:00,KVAL,12.25
1999-11-18 00:00:00,KVAL,12.5
1999-11-19 00:00:00,KVAL,12.5
1999-11-23 00:00:00,KVAL,13.5
1999-11-24 00:00:00,KVAL,13.5
1999-11-25 00:00:00,KVAL,12.75
1999-11-26 00:00:00,KVAL,12.75
1999-11-29 00:00:00,KVAL,13
1999-11-30 00:00:00,KVAL,13.5
1999-12-01 00:00:00,KVAL,13.75
1999-12-02 00:00:00,KVAL,14.25
1999-12-03 00:00:00,KVAL,15.5
1999-12-06 00:00:00,KVAL,16.75
1999-12-07 00:00:00,KVAL,17.25
1999-12-08 00:00:00,KVAL,16.75
1999-12-09 00:00:00,KVAL,16.75
1999-12-10 00:00:00,KVAL,16.75
1999-12-13 00:00:00,KVAL,17
1999-12-14 00:00:00,KVAL,17
1999-12-15 00:00:00,KVAL,16.5
1999-12-16 00:00:00,KVAL,16.75
1999-12-17 00:00:00,KVAL,16.75
1999-12-20 00:00:00,KVAL,16
1999-12-21 00:00:00,KVAL,16.75
1999-12-23 00:00:00,KVAL,16
1999-12-27 00:00:00,KVAL,15.25
1999-12-28 00:00:00,KVAL,15
1999-12-29 00:00:00,KVAL,15
1999-12-30 00:00:00,KVAL,15.5
1999-01-07 00:00:00,LALU,7.5
1999-01-12 00:00:00,LALU,7.75
1999-01-13 00:00:00,LALU,7.75
1999-01-14 00:00:00,LALU,7.5
1999-01-19 00:00:00,LALU,7
1999-01-20 00:00:00,LALU,7
1999-01-21 00:00:00,LALU,7
1999-01-22 00:00:00,LALU,7.25
1999-01-26 00:00:00,LALU,7.25
1999-01-28 00:00:00,LALU,7.25
1999-01-29 00:00:00,LALU,7.5
1999-02-03 00:00:00,LALU,7
1999-02-11 00:00:00,LALU,7
1999-02-12 00:00:00,LALU,7
1999-02-17 00:00:00,LALU,7.25
1999-02-18 00:00:00,LALU,9
1999-02-19 00:00:00,LALU,9
1999-02-23 00:00:00,LALU,8.5
1999-02-24 00:00:00,LALU,8.5
1999-02-25 00:00:00,LALU,8.25
1999-02-26 00:00:00,LALU,9.5
1999-03-02 00:00:00,LALU,9
1999-03-03 00:00:00,LALU,8.5
1999-03-08 00:00:00,LALU,8.5
1999-03-09 00:00:00,LALU,8.5
1999-03-10 00:00:00,LALU,8.5
1999-03-12 00:00:00,LALU,8.5
1999-03-15 00:00:00,LALU,8.5
1999-03-16 00:00:00,LALU,8.5
1999-03-23 00:00:00,LALU,8.5
1999-03-29 00:00:00,LALU,8.25
1999-04-01 00:00:00,LALU,8.5
1999-04-05 00:00:00,LALU,8.25
1999-04-15 00:00:00,LALU,10
1999-04-16 00:00:00,LALU,10
1999-04-19 00:00:00,LALU,10
1999-04-20 00:00:00,LALU,10
1999-04-21 00:00:00,LALU,10.5
1999-04-22 00:00:00,LALU,10.5
1999-04-23 00:00:00,LALU,10
1999-04-26 00:00:00,LALU,10
1999-04-27 00:00:00,LALU,11
1999-04-28 00:00:00,LALU,11
1999-05-03 00:00:00,LALU,11
1999-05-05 00:00:00,LALU,11
1999-05-06 00:00:00,LALU,11
1999-05-18 00:00:00,LALU,11
1999-05-21 00:00:00,LALU,11
1999-06-02 00:00:00,LALU,11
1999-06-03 00:00:00,LALU,11.5
1999-06-08 00:00:00,LALU,11
1999-06-16 00:00:00,LALU,11
1999-06-17 00:00:00,LALU,11
1999-06-18 00:00:00,LALU,10
1999-06-21 00:00:00,LALU,9.75
1999-06-22 00:00:00,LALU,9.5
1999-07-01 00:00:00,LALU,10
1999-07-02 00:00:00,LALU,10
1999-07-05 00:00:00,LALU,9.75
1999-07-06 00:00:00,LALU,9.75
1999-07-12 00:00:00,LALU,10
1999-07-15 00:00:00,LALU,9.5
1999-07-19 00:00:00,LALU,9.5
1999-07-20 00:00:00,LALU,9.5
1999-07-21 00:00:00,LALU,10
1999-07-26 00:00:00,LALU,9.75
1999-07-27 00:00:00,LALU,9.75
1999-07-29 00:00:00,LALU,9.5
1999-07-30 00:00:00,LALU,9.5
1999-08-02 00:00:00,LALU,9.75
1999-08-03 00:00:00,LALU,10
1999-08-04 00:00:00,LALU,10
1999-08-05 00:00:00,LALU,9.25
1999-08-06 00:00:00,LALU,10.75
1999-08-10 00:00:00,LALU,10
1999-08-16 00:00:00,LALU,10
1999-08-18 00:00:00,LALU,10.25
1999-08-19 00:00:00,LALU,10
1999-08-20 00:00:00,LALU,11
1999-08-23 00:00:00,LALU,10
1999-08-24 00:00:00,LALU,10.5
1999-08-25 00:00:00,LALU,10.25
1999-08-30 00:00:00,LALU,10.25
1999-08-31 00:00:00,LALU,10.25
1999-09-01 00:00:00,LALU,10.25
1999-09-02 00:00:00,LALU,9
1999-09-03 00:00:00,LALU,9.25
1999-09-06 00:00:00,LALU,9.5
1999-09-07 00:00:00,LALU,9.25
1999-09-14 00:00:00,LALU,9
1999-09-15 00:00:00,LALU,9
1999-09-16 00:00:00,LALU,9
1999-09-17 00:00:00,LALU,9
1999-09-21 00:00:00,LALU,9
1999-09-22 00:00:00,LALU,9
1999-09-23 00:00:00,LALU,9.75
1999-09-27 00:00:00,LALU,9.25
1999-09-28 00:00:00,LALU,9.25
1999-09-29 00:00:00,LALU,9.25
1999-10-08 00:00:00,LALU,9.5
1999-10-11 00:00:00,LALU,9.25
1999-10-12 00:00:00,LALU,9
1999-10-14 00:00:00,LALU,9
1999-10-15 00:00:00,LALU,9
1999-10-19 00:00:00,LALU,9
1999-10-21 00:00:00,LALU,8.75
1999-10-26 00:00:00,LALU,9.25
1999-10-29 00:00:00,LALU,9
1999-11-01 00:00:00,LALU,9
1999-11-04 00:00:00,LALU,9
1999-11-09 00:00:00,LALU,9.25
1999-11-10 00:00:00,LALU,9.25
1999-11-17 00:00:00,LALU,9
1999-11-19 00:00:00,LALU,10.25
1999-11-23 00:00:00,LALU,10.5
1999-11-24 00:00:00,LALU,10
1999-11-26 00:00:00,LALU,10.25
1999-11-30 00:00:00,LALU,10.25
1999-12-02 00:00:00,LALU,10.25
1999-12-03 00:00:00,LALU,10.5
1999-12-06 00:00:00,LALU,11
1999-12-07 00:00:00,LALU,11.25
1999-12-08 00:00:00,LALU,11.25
1999-12-09 00:00:00,LALU,11
1999-12-10 00:00:00,LALU,11
1999-12-13 00:00:00,LALU,11.25
1999-12-15 00:00:00,LALU,11
1999-12-21 00:00:00,LALU,11
1999-12-29 00:00:00,LALU,9.75
1999-12-17 00:00:00,LAMB,5.5
1999-01-07 00:00:00,LCEM,3.5
1999-01-08 00:00:00,LCEM,3.5
1999-01-12 00:00:00,LCEM,3.75
1999-01-13 00:00:00,LCEM,3.75
1999-01-21 00:00:00,LCEM,3.5
1999-01-22 00:00:00,LCEM,3.75
1999-01-27 00:00:00,LCEM,3.5
1999-01-29 00:00:00,LCEM,3.5
SECURITY_DA,COMP,CLOSE_PRICE
-----------,----,-----------
1999-02-02 00:00:00,LCEM,3.5
1999-02-03 00:00:00,LCEM,3.75
1999-02-12 00:00:00,LCEM,3.75
1999-02-15 00:00:00,LCEM,4
1999-02-17 00:00:00,LCEM,4
1999-02-18 00:00:00,LCEM,3.75
1999-02-24 00:00:00,LCEM,3.5
1999-03-12 00:00:00,LCEM,3.5
1999-04-23 00:00:00,LCEM,3.5
1999-05-12 00:00:00,LCEM,3
1999-05-14 00:00:00,LCEM,3
1999-05-20 00:00:00,LCEM,3
1999-05-24 00:00:00,LCEM,4
1999-05-27 00:00:00,LCEM,3
1999-06-02 00:00:00,LCEM,3
1999-06-04 00:00:00,LCEM,3
1999-06-07 00:00:00,LCEM,3
1999-06-09 00:00:00,LCEM,3
1999-07-16 00:00:00,LCEM,3.5
1999-08-18 00:00:00,LCEM,3
1999-08-19 00:00:00,LCEM,3
SECURITY_DA,COMP,CLOSE_PRICE
-----------,----,-----------
1999-08-23 00:00:00,LCEM,2.75
1999-09-02 00:00:00,LCEM,3
1999-09-16 00:00:00,LCEM,3
1999-09-20 00:00:00,LCEM,3
1999-10-18 00:00:00,LCEM,3
1999-10-27 00:00:00,LCEM,3
1999-11-16 00:00:00,LCEM,3
1999-11-18 00:00:00,LCEM,3
1999-01-04 00:00:00,LCEY,10
1999-01-06 00:00:00,LCEY,10
1999-01-07 00:00:00,LCEY,10
1999-01-08 00:00:00,LCEY,10
1999-01-11 00:00:00,LCEY,10
1999-01-13 00:00:00,LCEY,10
1999-01-14 00:00:00,LCEY,10
1999-01-18 00:00:00,LCEY,10
1999-01-19 00:00:00,LCEY,10
1999-01-21 00:00:00,LCEY,10
1999-01-22 00:00:00,LCEY,10
1999-01-25 00:00:00,LCEY,10
1999-01-26 00:00:00,LCEY,10
SECURITY_DA,COMP,CLOSE_PRICE
-----------,----,-----------
1999-01-28 00:00:00,LCEY,9
1999-02-01 00:00:00,LCEY,9
1999-02-02 00:00:00,LCEY,8.25
1999-02-08 00:00:00,LCEY,8.75
1999-02-09 00:00:00,LCEY,8.5
1999-02-11 00:00:00,LCEY,8.5
1999-02-12 00:00:00,LCEY,8.5
1999-02-15 00:00:00,LCEY,8.25
1999-02-16 00:00:00,LCEY,8.25
1999-02-19 00:00:00,LCEY,8.5
1999-02-22 00:00:00,LCEY,8.25
1999-02-23 00:00:00,LCEY,8
1999-02-24 00:00:00,LCEY,8.25
1999-02-25 00:00:00,LCEY,7.75
1999-02-26 00:00:00,LCEY,7.75
1999-03-03 00:00:00,LCEY,7.5
1999-03-04 00:00:00,LCEY,7.5
1999-03-05 00:00:00,LCEY,7.25
1999-03-08 00:00:00,LCEY,6.75
1999-03-09 00:00:00,LCEY,6.5
1999-03-10 00:00:00,LCEY,6.25
SECURITY_DA,COMP,CLOSE_PRICE
-----------,----,-----------
1999-03-11 00:00:00,LCEY,6.25
1999-03-12 00:00:00,LCEY,6
1999-03-16 00:00:00,LCEY,6.25
1999-03-23 00:00:00,LCEY,6.5
1999-03-24 00:00:00,LCEY,6.5
1999-03-26 00:00:00,LCEY,6.5
1999-04-07 00:00:00,LCEY,9
1999-04-12 00:00:00,LCEY,7.5
1999-04-15 00:00:00,LCEY,8.5
1999-04-16 00:00:00,LCEY,7.5
1999-04-19 00:00:00,LCEY,7.5
1999-04-20 00:00:00,LCEY,7.5
1999-04-23 00:00:00,LCEY,8
1999-04-26 00:00:00,LCEY,7.5
1999-04-27 00:00:00,LCEY,8
1999-04-28 00:00:00,LCEY,8.25
1999-05-04 00:00:00,LCEY,7.5
1999-05-05 00:00:00,LCEY,7.5
1999-05-06 00:00:00,LCEY,7.5
1999-05-07 00:00:00,LCEY,7.5
1999-05-10 00:00:00,LCEY,7.5
SECURITY_DA,COMP,CLOSE_PRICE
-----------,----,-----------
1999-05-11 00:00:00,LCEY,7
1999-05-14 00:00:00,LCEY,7
1999-05-18 00:00:00,LCEY,6.75
1999-05-19 00:00:00,LCEY,7
1999-05-20 00:00:00,LCEY,7
1999-05-24 00:00:00,LCEY,7
1999-05-26 00:00:00,LCEY,6.5
1999-05-28 00:00:00,LCEY,6.75
1999-06-01 00:00:00,LCEY,6.5
1999-06-03 00:00:00,LCEY,6.25
1999-06-07 00:00:00,LCEY,6.25
1999-06-15 00:00:00,LCEY,6.25
1999-06-16 00:00:00,LCEY,6
1999-06-22 00:00:00,LCEY,6.25
1999-06-23 00:00:00,LCEY,7
1999-06-25 00:00:00,LCEY,6.75
1999-06-30 00:00:00,LCEY,6.25
1999-07-01 00:00:00,LCEY,6.25
1999-07-05 00:00:00,LCEY,6.5
1999-07-08 00:00:00,LCEY,6.25
1999-07-12 00:00:00,LCEY,6.25
SECURITY_DA,COMP,CLOSE_PRICE
-----------,----,-----------
1999-07-14 00:00:00,LCEY,6.25
1999-07-15 00:00:00,LCEY,6.5
1999-07-16 00:00:00,LCEY,6.25
1999-07-21 00:00:00,LCEY,6.5
1999-07-22 00:00:00,LCEY,6.25
1999-07-23 00:00:00,LCEY,6.5
1999-07-30 00:00:00,LCEY,7
1999-08-03 00:00:00,LCEY,7
1999-08-04 00:00:00,LCEY,9
1999-08-06 00:00:00,LCEY,8.25
1999-08-09 00:00:00,LCEY,8
1999-08-10 00:00:00,LCEY,7.25
1999-08-12 00:00:00,LCEY,7
1999-08-13 00:00:00,LCEY,7.25
1999-08-17 00:00:00,LCEY,7.5
1999-08-23 00:00:00,LCEY,7.5
1999-09-07 00:00:00,LCEY,6
1999-09-08 00:00:00,LCEY,6.25
1999-09-09 00:00:00,LCEY,6.25
1999-09-13 00:00:00,LCEY,6.5
1999-09-14 00:00:00,LCEY,7
SECURITY_DA,COMP,CLOSE_PRICE
-----------,----,-----------
1999-09-15 00:00:00,LCEY,7
1999-09-20 00:00:00,LCEY,6.5
1999-09-21 00:00:00,LCEY,6.5
1999-09-22 00:00:00,LCEY,7.5
1999-09-23 00:00:00,LCEY,7.5
1999-09-24 00:00:00,LCEY,7.5
1999-09-27 00:00:00,LCEY,8.25
1999-09-28 00:00:00,LCEY,10
1999-09-29 00:00:00,LCEY,8
1999-09-30 00:00:00,LCEY,7.5
1999-10-01 00:00:00,LCEY,8.5
1999-10-04 00:00:00,LCEY,8.75
1999-10-05 00:00:00,LCEY,8.5
1999-10-06 00:00:00,LCEY,8.5
1999-10-07 00:00:00,LCEY,8
1999-10-08 00:00:00,LCEY,8
1999-10-12 00:00:00,LCEY,7.5
1999-10-15 00:00:00,LCEY,7.25
1999-10-27 00:00:00,LCEY,7
1999-10-28 00:00:00,LCEY,7
1999-10-29 00:00:00,LCEY,8.5
SECURITY_DA,COMP,CLOSE_PRICE
-----------,----,-----------
1999-11-03 00:00:00,LCEY,6.75
1999-11-04 00:00:00,LCEY,7.5
1999-11-05 00:00:00,LCEY,8.25
1999-11-10 00:00:00,LCEY,7.25
1999-11-11 00:00:00,LCEY,7.25
1999-11-16 00:00:00,LCEY,7.25
1999-11-18 00:00:00,LCEY,6.75
1999-11-23 00:00:00,LCEY,7.25
1999-11-29 00:00:00,LCEY,7.25
1999-11-30 00:00:00,LCEY,7.5
1999-12-01 00:00:00,LCEY,7.25
1999-12-06 00:00:00,LCEY,8
1999-12-09 00:00:00,LCEY,7.25
1999-12-10 00:00:00,LCEY,7.5
1999-12-14 00:00:00,LCEY,7.5
1999-12-15 00:00:00,LCEY,8
1999-12-16 00:00:00,LCEY,9.5
1999-12-17 00:00:00,LCEY,10
1999-12-20 00:00:00,LCEY,10.5
1999-12-21 00:00:00,LCEY,10.5
1999-12-23 00:00:00,LCEY,10.5
SECURITY_DA,COMP,CLOSE_PRICE
-----------,----,-----------
1999-12-27 00:00:00,LCEY,10
1999-12-28 00:00:00,LCEY,9.5
1999-12-29 00:00:00,LCEY,9.5
1999-12-30 00:00:00,LCEY,9.25
1999-03-18 00:00:00,LDEV,6
1999-03-24 00:00:00,LDEV,6
1999-06-23 00:00:00,LDEV,6
1999-12-10 00:00:00,LDEV,8
1999-01-06 00:00:00,LFIN,10
1999-01-11 00:00:00,LFIN,10
1999-01-12 00:00:00,LFIN,10
1999-01-13 00:00:00,LFIN,10
1999-02-03 00:00:00,LFIN,10
1999-04-05 00:00:00,LFIN,10
1999-05-28 00:00:00,LFIN,9
1999-06-02 00:00:00,LFIN,9
1999-06-03 00:00:00,LFIN,10.5
1999-06-04 00:00:00,LFIN,9
1999-06-10 00:00:00,LFIN,9
1999-06-23 00:00:00,LFIN,9
1999-06-24 00:00:00,LFIN,6.75
SECURITY_DA,COMP,CLOSE_PRICE
-----------,----,-----------
1999-06-25 00:00:00,LFIN,6.25
1999-06-30 00:00:00,LFIN,6.25
1999-07-01 00:00:00,LFIN,6
1999-07-02 00:00:00,LFIN,6
1999-07-06 00:00:00,LFIN,4.75
1999-07-12 00:00:00,LFIN,4.75
1999-07-16 00:00:00,LFIN,5.5
1999-07-21 00:00:00,LFIN,5.5
1999-07-22 00:00:00,LFIN,5
1999-07-23 00:00:00,LFIN,5.25
1999-07-26 00:00:00,LFIN,5
1999-07-29 00:00:00,LFIN,5.5
1999-08-02 00:00:00,LFIN,5.5
1999-08-04 00:00:00,LFIN,5.75
1999-08-05 00:00:00,LFIN,5.75
1999-08-06 00:00:00,LFIN,5.5
1999-09-01 00:00:00,LFIN,5
1999-09-02 00:00:00,LFIN,5
1999-09-03 00:00:00,LFIN,5
1999-09-06 00:00:00,LFIN,5
1999-09-09 00:00:00,LFIN,5
SECURITY_DA,COMP,CLOSE_PRICE
-----------,----,-----------
1999-09-13 00:00:00,LFIN,5
1999-09-21 00:00:00,LFIN,5
1999-09-22 00:00:00,LFIN,5
1999-09-24 00:00:00,LFIN,5
1999-09-27 00:00:00,LFIN,5
1999-09-28 00:00:00,LFIN,4.75
1999-09-30 00:00:00,LFIN,4.75
1999-10-04 00:00:00,LFIN,4.75
1999-10-07 00:00:00,LFIN,4.75
1999-10-08 00:00:00,LFIN,4.5
1999-10-11 00:00:00,LFIN,4.75
1999-10-13 00:00:00,LFIN,4.75
1999-10-15 00:00:00,LFIN,4.75
1999-10-19 00:00:00,LFIN,4.75
1999-10-20 00:00:00,LFIN,4.75
1999-10-26 00:00:00,LFIN,4.75
1999-10-28 00:00:00,LFIN,3
1999-11-03 00:00:00,LFIN,4.5
1999-11-10 00:00:00,LFIN,4.5
1999-11-25 00:00:00,LFIN,4.5
1999-11-29 00:00:00,LFIN,4.5
SECURITY_DA,COMP,CLOSE_PRICE
-----------,----,-----------
1999-11-30 00:00:00,LFIN,4.5
1999-12-08 00:00:00,LFIN,4.75
1999-12-10 00:00:00,LFIN,4.75
1999-12-15 00:00:00,LFIN,4.5
1999-12-20 00:00:00,LFIN,4.25
1999-12-21 00:00:00,LFIN,4.25
1999-12-27 00:00:00,LFIN,4.25
1999-12-28 00:00:00,LFIN,4.25
1999-12-29 00:00:00,LFIN,4.25
1999-01-04 00:00:00,LHL,7
1999-01-05 00:00:00,LHL,6.5
1999-01-06 00:00:00,LHL,7
1999-01-07 00:00:00,LHL,7
1999-01-08 00:00:00,LHL,7
1999-01-11 00:00:00,LHL,8
1999-01-12 00:00:00,LHL,8
1999-01-13 00:00:00,LHL,7.75
1999-01-14 00:00:00,LHL,8
1999-01-21 00:00:00,LHL,7.75
1999-01-22 00:00:00,LHL,7.75
1999-01-27 00:00:00,LHL,8
SECURITY_DA,COMP,CLOSE_PRICE
-----------,----,-----------
1999-01-28 00:00:00,LHL,8
1999-02-02 00:00:00,LHL,7.75
1999-02-08 00:00:00,LHL,7.75
1999-02-09 00:00:00,LHL,7.75
1999-02-10 00:00:00,LHL,7.75
1999-02-11 00:00:00,LHL,7.75
1999-02-12 00:00:00,LHL,8
1999-02-16 00:00:00,LHL,8
1999-02-17 00:00:00,LHL,9
1999-02-22 00:00:00,LHL,8.5
1999-02-23 00:00:00,LHL,8.75
1999-02-24 00:00:00,LHL,8.75
1999-02-25 00:00:00,LHL,9
1999-02-26 00:00:00,LHL,8.75
1999-03-03 00:00:00,LHL,8.75
1999-03-05 00:00:00,LHL,8.25
1999-03-08 00:00:00,LHL,8.25
1999-03-09 00:00:00,LHL,8.25
1999-03-10 00:00:00,LHL,8.25
1999-03-11 00:00:00,LHL,8
1999-03-12 00:00:00,LHL,7.5
SECURITY_DA,COMP,CLOSE_PRICE
-----------,----,-----------
1999-03-15 00:00:00,LHL,7.5
1999-03-16 00:00:00,LHL,7.25
1999-03-17 00:00:00,LHL,7
1999-03-18 00:00:00,LHL,7
1999-03-19 00:00:00,LHL,7.25
1999-03-23 00:00:00,LHL,7.5
1999-03-24 00:00:00,LHL,7
1999-04-05 00:00:00,LHL,6.75
1999-04-06 00:00:00,LHL,6.75
1999-04-23 00:00:00,LHL,7
1999-04-27 00:00:00,LHL,7.5
1999-05-13 00:00:00,LHL,8.25
1999-05-17 00:00:00,LHL,8.25
1999-05-18 00:00:00,LHL,8.5
1999-05-19 00:00:00,LHL,8.5
1999-05-20 00:00:00,LHL,8.5
1999-05-21 00:00:00,LHL,9
1999-05-25 00:00:00,LHL,9
1999-05-28 00:00:00,LHL,8.5
1999-06-02 00:00:00,LHL,8.5
1999-06-07 00:00:00,LHL,8.25
SECURITY_DA,COMP,CLOSE_PRICE
-----------,----,-----------
1999-06-10 00:00:00,LHL,8.25
1999-06-14 00:00:00,LHL,8.25
1999-06-15 00:00:00,LHL,8.25
1999-06-24 00:00:00,LHL,8
1999-06-30 00:00:00,LHL,8
1999-07-01 00:00:00,LHL,8
1999-07-02 00:00:00,LHL,8
1999-07-05 00:00:00,LHL,8
1999-07-06 00:00:00,LHL,8
1999-07-09 00:00:00,LHL,8
1999-07-12 00:00:00,LHL,8
1999-07-13 00:00:00,LHL,8
1999-07-14 00:00:00,LHL,8
1999-07-15 00:00:00,LHL,8.25
1999-07-16 00:00:00,LHL,8.25
1999-07-19 00:00:00,LHL,8
1999-07-20 00:00:00,LHL,8
1999-07-21 00:00:00,LHL,8.25
1999-07-22 00:00:00,LHL,8
1999-07-23 00:00:00,LHL,8.5
1999-07-26 00:00:00,LHL,9
SECURITY_DA,COMP,CLOSE_PRICE
-----------,----,-----------
1999-07-29 00:00:00,LHL,8.5
1999-07-30 00:00:00,LHL,8.75
1999-08-02 00:00:00,LHL,8.5
1999-08-03 00:00:00,LHL,8
1999-08-04 00:00:00,LHL,8.5
1999-08-05 00:00:00,LHL,8.5
1999-08-06 00:00:00,LHL,8.5
1999-08-09 00:00:00,LHL,8.5
1999-08-10 00:00:00,LHL,8.25
1999-08-11 00:00:00,LHL,8.25
1999-08-12 00:00:00,LHL,8.25
1999-08-16 00:00:00,LHL,8.5
1999-08-20 00:00:00,LHL,8.25
1999-08-24 00:00:00,LHL,8.25
1999-08-31 00:00:00,LHL,8
1999-09-01 00:00:00,LHL,8
1999-09-02 00:00:00,LHL,8
1999-09-03 00:00:00,LHL,8.25
1999-09-06 00:00:00,LHL,8
1999-09-07 00:00:00,LHL,8
1999-09-10 00:00:00,LHL,8.25
SECURITY_DA,COMP,CLOSE_PRICE
-----------,----,-----------
1999-09-13 00:00:00,LHL,8
1999-09-14 00:00:00,LHL,8
1999-09-16 00:00:00,LHL,8
1999-09-17 00:00:00,LHL,7.75
1999-09-20 00:00:00,LHL,8
1999-09-21 00:00:00,LHL,8
1999-09-22 00:00:00,LHL,7.5
1999-09-23 00:00:00,LHL,7.5
1999-09-24 00:00:00,LHL,7.5
1999-09-27 00:00:00,LHL,8
1999-09-28 00:00:00,LHL,8
1999-09-30 00:00:00,LHL,8
1999-10-04 00:00:00,LHL,7.75
1999-10-14 00:00:00,LHL,7.25
1999-10-19 00:00:00,LHL,7.5
1999-10-20 00:00:00,LHL,7.5
1999-10-21 00:00:00,LHL,7.25
1999-10-22 00:00:00,LHL,7.25
1999-10-26 00:00:00,LHL,7
1999-10-29 00:00:00,LHL,7.25
1999-11-01 00:00:00,LHL,7.25
SECURITY_DA,COMP,CLOSE_PRICE
-----------,----,-----------
1999-11-03 00:00:00,LHL,7.25
1999-11-04 00:00:00,LHL,7.5
1999-11-09 00:00:00,LHL,7.5
1999-11-11 00:00:00,LHL,7.25
1999-11-17 00:00:00,LHL,7.25
1999-11-23 00:00:00,LHL,7.5
1999-11-29 00:00:00,LHL,8
1999-11-30 00:00:00,LHL,8
1999-12-01 00:00:00,LHL,8
1999-12-02 00:00:00,LHL,8
1999-12-03 00:00:00,LHL,8
1999-12-08 00:00:00,LHL,8.25
1999-12-09 00:00:00,LHL,8.5
1999-12-10 00:00:00,LHL,8.25
1999-12-15 00:00:00,LHL,8.25
1999-12-16 00:00:00,LHL,8.25
1999-12-17 00:00:00,LHL,8.25
1999-12-27 00:00:00,LHL,8
1999-12-28 00:00:00,LHL,8
1999-12-29 00:00:00,LHL,8
1999-12-30 00:00:00,LHL,8
1999-01-08 00:00:00,LINV,21
1999-01-13 00:00:00,LINV,21
1999-01-04 00:00:00,LION,36
1999-01-05 00:00:00,LION,35
1999-01-06 00:00:00,LION,36.5
1999-01-07 00:00:00,LION,36.5
1999-01-11 00:00:00,LION,36
1999-01-13 00:00:00,LION,36
1999-01-14 00:00:00,LION,35
1999-01-22 00:00:00,LION,35
1999-01-25 00:00:00,LION,35
1999-01-28 00:00:00,LION,32
1999-02-01 00:00:00,LION,32.25
1999-02-02 00:00:00,LION,32
1999-02-03 00:00:00,LION,32
1999-02-05 00:00:00,LION,32
1999-02-09 00:00:00,LION,32
1999-02-12 00:00:00,LION,32.25
1999-02-16 00:00:00,LION,33
1999-02-17 00:00:00,LION,32.5
1999-02-18 00:00:00,LION,32.5
1999-02-23 00:00:00,LION,32.5
1999-02-24 00:00:00,LION,32.25
1999-02-25 00:00:00,LION,31.75
1999-03-02 00:00:00,LION,30
1999-03-03 00:00:00,LION,28.5
1999-03-04 00:00:00,LION,28.5
1999-03-05 00:00:00,LION,28.5
1999-03-08 00:00:00,LION,26
1999-03-09 00:00:00,LION,26
1999-03-10 00:00:00,LION,26
1999-03-11 00:00:00,LION,26
1999-03-12 00:00:00,LION,25
1999-03-15 00:00:00,LION,26.5
1999-03-16 00:00:00,LION,26.25
1999-03-17 00:00:00,LION,27
1999-03-18 00:00:00,LION,26.25
1999-03-25 00:00:00,LION,26.5
1999-04-08 00:00:00,LION,28
1999-04-09 00:00:00,LION,28.25
1999-04-12 00:00:00,LION,28
1999-04-15 00:00:00,LION,27.25
1999-04-16 00:00:00,LION,27.5
1999-04-19 00:00:00,LION,26.25
1999-04-20 00:00:00,LION,26
1999-04-22 00:00:00,LION,27.75
1999-04-23 00:00:00,LION,27
1999-04-26 00:00:00,LION,27
1999-04-27 00:00:00,LION,26.5
1999-04-28 00:00:00,LION,26
1999-05-04 00:00:00,LION,26
1999-05-06 00:00:00,LION,25
1999-05-07 00:00:00,LION,25
1999-05-10 00:00:00,LION,25
1999-05-11 00:00:00,LION,25
1999-05-12 00:00:00,LION,25
1999-05-14 00:00:00,LION,26
1999-05-18 00:00:00,LION,25
1999-05-19 00:00:00,LION,25
1999-05-20 00:00:00,LION,25
1999-05-21 00:00:00,LION,26
1999-05-24 00:00:00,LION,26
1999-05-25 00:00:00,LION,25
1999-05-27 00:00:00,LION,25
1999-05-28 00:00:00,LION,25
1999-06-01 00:00:00,LION,25
1999-06-03 00:00:00,LION,25
1999-06-04 00:00:00,LION,25.5
1999-06-07 00:00:00,LION,25
1999-06-08 00:00:00,LION,24
1999-06-10 00:00:00,LION,24
1999-06-11 00:00:00,LION,25
1999-06-14 00:00:00,LION,25
1999-06-15 00:00:00,LION,25
1999-06-18 00:00:00,LION,24.5
1999-06-21 00:00:00,LION,25
1999-06-22 00:00:00,LION,24.5
1999-06-30 00:00:00,LION,23.5
1999-07-02 00:00:00,LION,23.5
1999-07-05 00:00:00,LION,23.5
1999-07-07 00:00:00,LION,23.5
1999-07-08 00:00:00,LION,24.5
1999-07-12 00:00:00,LION,24.5
1999-07-13 00:00:00,LION,24
1999-07-16 00:00:00,LION,23.75
1999-07-19 00:00:00,LION,23.75
1999-07-22 00:00:00,LION,24
1999-07-23 00:00:00,LION,24
1999-07-26 00:00:00,LION,24
1999-07-27 00:00:00,LION,24.25
1999-07-29 00:00:00,LION,25
1999-07-30 00:00:00,LION,26
1999-08-03 00:00:00,LION,25
1999-08-05 00:00:00,LION,25.5
1999-08-09 00:00:00,LION,25.25
1999-08-10 00:00:00,LION,25.25
1999-08-11 00:00:00,LION,26
1999-08-23 00:00:00,LION,26
1999-08-24 00:00:00,LION,26.5
1999-08-25 00:00:00,LION,26
1999-09-01 00:00:00,LION,25
1999-09-02 00:00:00,LION,25
1999-09-03 00:00:00,LION,24
1999-10-01 00:00:00,LION,24
1999-10-08 00:00:00,LION,23
1999-10-18 00:00:00,LION,20
1999-10-19 00:00:00,LION,20
1999-10-28 00:00:00,LION,20
1999-11-09 00:00:00,LION,20
1999-11-15 00:00:00,LION,20
1999-11-25 00:00:00,LION,20
1999-11-29 00:00:00,LION,20
1999-11-30 00:00:00,LION,20
1999-12-01 00:00:00,LION,19
1999-12-06 00:00:00,LION,20
1999-12-08 00:00:00,LION,22
1999-12-09 00:00:00,LION,21.5
1999-12-10 00:00:00,LION,21
1999-12-14 00:00:00,LION,21
1999-12-16 00:00:00,LION,21
1999-12-20 00:00:00,LION,21
1999-12-23 00:00:00,LION,21
1999-12-27 00:00:00,LION,21.5
1999-12-28 00:00:00,LION,21
1999-12-30 00:00:00,LION,20
1999-01-13 00:00:00,LITE,2
1999-01-27 00:00:00,LITE,1.75
1999-02-12 00:00:00,LITE,1.5
1999-02-22 00:00:00,LITE,1.75
1999-02-24 00:00:00,LITE,1.75
1999-04-16 00:00:00,LITE,1.75
1999-04-19 00:00:00,LITE,1.75
1999-05-24 00:00:00,LITE,2.25
1999-07-22 00:00:00,LITE,2.25
1999-07-29 00:00:00,LITE,2.25
1999-08-16 00:00:00,LITE,1.75
1999-10-18 00:00:00,LITE,2.25
1999-10-28 00:00:00,LITE,2
1999-01-04 00:00:00,LLUB,62
1999-01-05 00:00:00,LLUB,62
1999-01-06 00:00:00,LLUB,64
1999-01-07 00:00:00,LLUB,65
1999-01-08 00:00:00,LLUB,65.5
1999-01-11 00:00:00,LLUB,64.5
1999-01-12 00:00:00,LLUB,64.5
1999-01-13 00:00:00,LLUB,64.5
1999-01-14 00:00:00,LLUB,63.5
1999-01-18 00:00:00,LLUB,63
1999-01-20 00:00:00,LLUB,63.75
1999-01-21 00:00:00,LLUB,64
1999-01-22 00:00:00,LLUB,64.5
1999-01-25 00:00:00,LLUB,64.75
1999-01-26 00:00:00,LLUB,62
1999-01-27 00:00:00,LLUB,62
1999-01-28 00:00:00,LLUB,62
1999-01-29 00:00:00,LLUB,62
1999-02-01 00:00:00,LLUB,62.25
1999-02-02 00:00:00,LLUB,61
1999-02-03 00:00:00,LLUB,62
1999-02-05 00:00:00,LLUB,61
1999-02-08 00:00:00,LLUB,61
1999-02-09 00:00:00,LLUB,62
1999-02-10 00:00:00,LLUB,62.5
1999-02-11 00:00:00,LLUB,64
1999-02-12 00:00:00,LLUB,64.5
1999-02-15 00:00:00,LLUB,65.5
1999-02-16 00:00:00,LLUB,66
1999-02-17 00:00:00,LLUB,66
1999-02-18 00:00:00,LLUB,65.75
1999-02-19 00:00:00,LLUB,65.5
1999-02-22 00:00:00,LLUB,66
1999-02-23 00:00:00,LLUB,65
1999-02-24 00:00:00,LLUB,62.5
1999-02-25 00:00:00,LLUB,63
1999-02-26 00:00:00,LLUB,64.5
1999-03-02 00:00:00,LLUB,66
1999-03-03 00:00:00,LLUB,64.75
1999-03-04 00:00:00,LLUB,64.25
1999-03-05 00:00:00,LLUB,64
1999-03-08 00:00:00,LLUB,61
1999-03-09 00:00:00,LLUB,62.5
1999-03-10 00:00:00,LLUB,62.25
1999-03-11 00:00:00,LLUB,62.5
1999-03-12 00:00:00,LLUB,62.25
1999-03-15 00:00:00,LLUB,62.25
1999-03-16 00:00:00,LLUB,62.5
1999-03-17 00:00:00,LLUB,62.25
1999-03-18 00:00:00,LLUB,62
1999-03-19 00:00:00,LLUB,62.75
1999-03-22 00:00:00,LLUB,63
1999-03-23 00:00:00,LLUB,63
1999-03-24 00:00:00,LLUB,62.75
1999-03-25 00:00:00,LLUB,62
1999-03-26 00:00:00,LLUB,58
1999-03-29 00:00:00,LLUB,60
1999-03-30 00:00:00,LLUB,60.75
1999-04-01 00:00:00,LLUB,60
1999-04-05 00:00:00,LLUB,60.5
1999-04-06 00:00:00,LLUB,61
1999-04-07 00:00:00,LLUB,62.5
1999-04-08 00:00:00,LLUB,64
1999-04-09 00:00:00,LLUB,64
1999-04-12 00:00:00,LLUB,63.5
1999-04-15 00:00:00,LLUB,63
1999-04-16 00:00:00,LLUB,62
1999-04-19 00:00:00,LLUB,62
1999-04-20 00:00:00,LLUB,61
1999-04-21 00:00:00,LLUB,61
1999-04-22 00:00:00,LLUB,62
1999-04-23 00:00:00,LLUB,61.25
1999-04-26 00:00:00,LLUB,61.25
1999-04-27 00:00:00,LLUB,60.25
1999-04-28 00:00:00,LLUB,62
1999-05-03 00:00:00,LLUB,63
1999-05-04 00:00:00,LLUB,63
1999-05-05 00:00:00,LLUB,61
1999-05-06 00:00:00,LLUB,60.75
1999-05-07 00:00:00,LLUB,60.75
1999-05-10 00:00:00,LLUB,60.5
1999-05-12 00:00:00,LLUB,60.25
1999-05-13 00:00:00,LLUB,60.5
1999-05-14 00:00:00,LLUB,60.25
1999-05-17 00:00:00,LLUB,60.25
1999-05-18 00:00:00,LLUB,60
1999-05-19 00:00:00,LLUB,60
1999-05-20 00:00:00,LLUB,60
1999-05-21 00:00:00,LLUB,59.75
1999-05-24 00:00:00,LLUB,60
1999-05-25 00:00:00,LLUB,60
1999-05-26 00:00:00,LLUB,59.5
1999-05-27 00:00:00,LLUB,59.5
1999-05-28 00:00:00,LLUB,60
1999-06-01 00:00:00,LLUB,59.5
1999-06-02 00:00:00,LLUB,59.5
1999-06-03 00:00:00,LLUB,60
1999-06-04 00:00:00,LLUB,59
1999-06-07 00:00:00,LLUB,59.25
1999-06-08 00:00:00,LLUB,59
1999-06-09 00:00:00,LLUB,59
1999-06-10 00:00:00,LLUB,58.5
1999-06-14 00:00:00,LLUB,59
1999-06-15 00:00:00,LLUB,58.5
1999-06-16 00:00:00,LLUB,58.5
1999-06-17 00:00:00,LLUB,57.5
1999-06-18 00:00:00,LLUB,56.5
1999-06-21 00:00:00,LLUB,56
1999-06-22 00:00:00,LLUB,56.5
1999-06-23 00:00:00,LLUB,57
1999-06-24 00:00:00,LLUB,58
1999-06-25 00:00:00,LLUB,58
1999-06-30 00:00:00,LLUB,58
1999-07-01 00:00:00,LLUB,58
1999-07-02 00:00:00,LLUB,58
1999-07-05 00:00:00,LLUB,58
1999-07-06 00:00:00,LLUB,58
1999-07-07 00:00:00,LLUB,58
1999-07-08 00:00:00,LLUB,57
1999-07-09 00:00:00,LLUB,58
1999-07-12 00:00:00,LLUB,59
1999-07-13 00:00:00,LLUB,59
1999-07-14 00:00:00,LLUB,59.75
1999-07-15 00:00:00,LLUB,59
1999-07-16 00:00:00,LLUB,58
1999-07-19 00:00:00,LLUB,58
1999-07-20 00:00:00,LLUB,58
1999-07-21 00:00:00,LLUB,57.75
1999-07-22 00:00:00,LLUB,59.5
1999-07-23 00:00:00,LLUB,63
1999-07-26 00:00:00,LLUB,62
1999-07-27 00:00:00,LLUB,64
1999-07-29 00:00:00,LLUB,63.5
1999-07-30 00:00:00,LLUB,63.5
1999-08-02 00:00:00,LLUB,63.5
1999-08-03 00:00:00,LLUB,64.5
1999-08-04 00:00:00,LLUB,63
1999-08-05 00:00:00,LLUB,63
1999-08-06 00:00:00,LLUB,62
1999-08-09 00:00:00,LLUB,63
1999-08-10 00:00:00,LLUB,63.5
1999-08-11 00:00:00,LLUB,62.5
1999-08-12 00:00:00,LLUB,61.5
1999-08-16 00:00:00,LLUB,60.25
1999-08-17 00:00:00,LLUB,60
1999-08-18 00:00:00,LLUB,60
1999-08-19 00:00:00,LLUB,60
1999-08-23 00:00:00,LLUB,63.25
1999-08-24 00:00:00,LLUB,65
1999-08-25 00:00:00,LLUB,65
1999-08-30 00:00:00,LLUB,65
1999-08-31 00:00:00,LLUB,64
1999-09-01 00:00:00,LLUB,64
1999-09-02 00:00:00,LLUB,65.25
1999-09-03 00:00:00,LLUB,65
1999-09-06 00:00:00,LLUB,65.25
1999-09-07 00:00:00,LLUB,65
1999-09-08 00:00:00,LLUB,65
1999-09-09 00:00:00,LLUB,67.5
1999-09-10 00:00:00,LLUB,65.75
1999-09-13 00:00:00,LLUB,67
1999-09-14 00:00:00,LLUB,68
1999-09-15 00:00:00,LLUB,68
1999-09-16 00:00:00,LLUB,67.75
1999-09-17 00:00:00,LLUB,68
1999-09-20 00:00:00,LLUB,67.75
1999-09-22 00:00:00,LLUB,66.25
1999-09-23 00:00:00,LLUB,68
1999-09-24 00:00:00,LLUB,67.25
1999-09-27 00:00:00,LLUB,67
1999-09-28 00:00:00,LLUB,67.25
1999-09-29 00:00:00,LLUB,67
1999-09-30 00:00:00,LLUB,68
1999-10-01 00:00:00,LLUB,69
1999-10-04 00:00:00,LLUB,69.5
1999-10-05 00:00:00,LLUB,69
1999-10-06 00:00:00,LLUB,69
1999-10-07 00:00:00,LLUB,68
1999-10-08 00:00:00,LLUB,69
1999-10-11 00:00:00,LLUB,68
1999-10-12 00:00:00,LLUB,68
1999-10-13 00:00:00,LLUB,65
1999-10-14 00:00:00,LLUB,66
1999-10-15 00:00:00,LLUB,66.75
1999-10-19 00:00:00,LLUB,66.5
1999-10-20 00:00:00,LLUB,66.5
1999-10-21 00:00:00,LLUB,64
1999-10-22 00:00:00,LLUB,63.5
1999-10-25 00:00:00,LLUB,64
1999-10-26 00:00:00,LLUB,63.25
1999-10-27 00:00:00,LLUB,63
1999-10-28 00:00:00,LLUB,62
1999-10-29 00:00:00,LLUB,62.5
1999-11-02 00:00:00,LLUB,62.5
1999-11-03 00:00:00,LLUB,62.5
1999-11-04 00:00:00,LLUB,63
1999-11-05 00:00:00,LLUB,63.5
1999-11-09 00:00:00,LLUB,64.25
1999-11-10 00:00:00,LLUB,64.25
1999-11-11 00:00:00,LLUB,64.75
1999-11-12 00:00:00,LLUB,64.75
1999-11-15 00:00:00,LLUB,64.5
1999-11-16 00:00:00,LLUB,64.5
1999-11-17 00:00:00,LLUB,64
1999-11-18 00:00:00,LLUB,64
1999-11-19 00:00:00,LLUB,64
1999-11-23 00:00:00,LLUB,64
1999-11-24 00:00:00,LLUB,64
1999-11-26 00:00:00,LLUB,66
1999-11-29 00:00:00,LLUB,66
1999-11-30 00:00:00,LLUB,67
1999-12-01 00:00:00,LLUB,68
1999-12-02 00:00:00,LLUB,68.5
1999-12-03 00:00:00,LLUB,68.75
1999-12-06 00:00:00,LLUB,68.5
1999-12-07 00:00:00,LLUB,68.5
1999-12-08 00:00:00,LLUB,70
1999-12-09 00:00:00,LLUB,70
1999-12-10 00:00:00,LLUB,70
1999-12-13 00:00:00,LLUB,70
1999-12-14 00:00:00,LLUB,70.5
1999-12-15 00:00:00,LLUB,73.5
1999-12-16 00:00:00,LLUB,73.5
1999-12-17 00:00:00,LLUB,73
1999-12-20 00:00:00,LLUB,73
1999-12-21 00:00:00,LLUB,74
1999-12-23 00:00:00,LLUB,73.75
1999-12-27 00:00:00,LLUB,68
1999-12-28 00:00:00,LLUB,67
1999-12-29 00:00:00,LLUB,65
1999-12-30 00:00:00,LLUB,66
1999-01-04 00:00:00,LMF,5.25
1999-01-05 00:00:00,LMF,5.25
1999-01-06 00:00:00,LMF,5.5
1999-01-07 00:00:00,LMF,5.75
1999-01-08 00:00:00,LMF,7
1999-01-11 00:00:00,LMF,7.5
1999-01-12 00:00:00,LMF,7
1999-01-13 00:00:00,LMF,7.25
1999-01-14 00:00:00,LMF,7
1999-01-18 00:00:00,LMF,6.75
1999-01-19 00:00:00,LMF,7
1999-01-20 00:00:00,LMF,7
1999-01-21 00:00:00,LMF,7
1999-01-22 00:00:00,LMF,7.25
1999-01-25 00:00:00,LMF,7.5
1999-01-26 00:00:00,LMF,7.25
1999-01-27 00:00:00,LMF,7
1999-01-28 00:00:00,LMF,7
1999-01-29 00:00:00,LMF,7
1999-02-01 00:00:00,LMF,7
1999-02-02 00:00:00,LMF,6.75
1999-02-03 00:00:00,LMF,6.75
1999-02-05 00:00:00,LMF,6.5
1999-02-08 00:00:00,LMF,6.5
1999-02-09 00:00:00,LMF,6.5
1999-02-10 00:00:00,LMF,6.5
1999-02-11 00:00:00,LMF,6.75
1999-02-12 00:00:00,LMF,6.75
1999-02-15 00:00:00,LMF,6.75
1999-02-16 00:00:00,LMF,6.75
SECURITY_DA,COMP,CLOSE_PRICE
-----------,----,-----------
1999-02-17 00:00:00,LMF,6.75
1999-02-18 00:00:00,LMF,6.75
1999-02-19 00:00:00,LMF,6.75
1999-02-22 00:00:00,LMF,6.75
1999-02-23 00:00:00,LMF,6.5
1999-02-24 00:00:00,LMF,6.25
1999-02-25 00:00:00,LMF,6.25
1999-02-26 00:00:00,LMF,7
1999-03-02 00:00:00,LMF,6.75
1999-03-03 00:00:00,LMF,6.75
1999-03-04 00:00:00,LMF,6.5
1999-03-05 00:00:00,LMF,6.5
1999-03-08 00:00:00,LMF,6
1999-03-09 00:00:00,LMF,6.25
1999-03-10 00:00:00,LMF,6.25
1999-03-11 00:00:00,LMF,6
1999-03-12 00:00:00,LMF,6.25
1999-03-15 00:00:00,LMF,6
1999-03-16 00:00:00,LMF,6.25
1999-03-17 00:00:00,LMF,6.25
1999-03-18 00:00:00,LMF,6.25
SECURITY_DA,COMP,CLOSE_PRICE
-----------,----,-----------
1999-03-19 00:00:00,LMF,6.25
1999-03-22 00:00:00,LMF,6.25
1999-03-23 00:00:00,LMF,6.25
1999-03-24 00:00:00,LMF,6.75
1999-03-25 00:00:00,LMF,6.5
1999-03-26 00:00:00,LMF,6.25
1999-03-30 00:00:00,LMF,6.25
1999-04-01 00:00:00,LMF,6.5
1999-04-05 00:00:00,LMF,6.5
1999-04-06 00:00:00,LMF,6.5
1999-04-07 00:00:00,LMF,6.5
1999-04-08 00:00:00,LMF,6.75
1999-04-09 00:00:00,LMF,6.75
1999-04-12 00:00:00,LMF,6.75
1999-04-15 00:00:00,LMF,6.5
1999-04-16 00:00:00,LMF,6.5
1999-04-19 00:00:00,LMF,6.5
1999-04-20 00:00:00,LMF,6.75
1999-04-21 00:00:00,LMF,6.75
1999-04-22 00:00:00,LMF,7
1999-04-23 00:00:00,LMF,6.75
SECURITY_DA,COMP,CLOSE_PRICE
-----------,----,-----------
1999-04-26 00:00:00,LMF,6.75
1999-04-27 00:00:00,LMF,6.75
1999-04-28 00:00:00,LMF,6.75
1999-05-03 00:00:00,LMF,6.75
1999-05-04 00:00:00,LMF,7
1999-05-05 00:00:00,LMF,7
1999-05-06 00:00:00,LMF,7.25
1999-05-07 00:00:00,LMF,7
1999-05-10 00:00:00,LMF,7
1999-05-11 00:00:00,LMF,7
1999-05-12 00:00:00,LMF,7
1999-05-13 00:00:00,LMF,7
1999-05-14 00:00:00,LMF,6.75
1999-05-17 00:00:00,LMF,6.75
1999-05-18 00:00:00,LMF,6.75
1999-05-19 00:00:00,LMF,6.75
1999-05-20 00:00:00,LMF,6.75
1999-05-21 00:00:00,LMF,7
1999-05-24 00:00:00,LMF,7
1999-05-25 00:00:00,LMF,7
1999-05-27 00:00:00,LMF,6.75
SECURITY_DA,COMP,CLOSE_PRICE
-----------,----,-----------
1999-05-28 00:00:00,LMF,6.5
1999-06-01 00:00:00,LMF,6.5
1999-06-02 00:00:00,LMF,6.25
1999-06-03 00:00:00,LMF,6.25
1999-06-04 00:00:00,LMF,6.25
1999-06-07 00:00:00,LMF,6.25
1999-06-08 00:00:00,LMF,6.25
1999-06-09 00:00:00,LMF,6
1999-06-10 00:00:00,LMF,6.25
1999-06-11 00:00:00,LMF,6.25
1999-06-14 00:00:00,LMF,6.25
1999-06-15 00:00:00,LMF,6.25
1999-06-16 00:00:00,LMF,6.25
1999-06-17 00:00:00,LMF,6.5
1999-06-18 00:00:00,LMF,6.25
1999-06-21 00:00:00,LMF,6.5
1999-06-22 00:00:00,LMF,6.25
1999-06-23 00:00:00,LMF,6.25
1999-06-25 00:00:00,LMF,6.25
1999-06-30 00:00:00,LMF,6.5
1999-07-01 00:00:00,LMF,6.5
SECURITY_DA,COMP,CLOSE_PRICE
-----------,----,-----------
1999-07-02 00:00:00,LMF,6.5
1999-07-05 00:00:00,LMF,6.5
1999-07-06 00:00:00,LMF,6.75
1999-07-07 00:00:00,LMF,6.5
1999-07-08 00:00:00,LMF,6.5
1999-07-09 00:00:00,LMF,6.5
1999-07-12 00:00:00,LMF,6.5
1999-07-13 00:00:00,LMF,6.5
1999-07-14 00:00:00,LMF,6.5
1999-07-15 00:00:00,LMF,6.5
1999-07-16 00:00:00,LMF,6.5
1999-07-19 00:00:00,LMF,6.75
1999-07-20 00:00:00,LMF,7
1999-07-21 00:00:00,LMF,7
1999-07-22 00:00:00,LMF,7
1999-07-23 00:00:00,LMF,7.25
1999-07-26 00:00:00,LMF,7
1999-07-27 00:00:00,LMF,7
1999-07-29 00:00:00,LMF,7
1999-07-30 00:00:00,LMF,7
1999-08-02 00:00:00,LMF,7
SECURITY_DA,COMP,CLOSE_PRICE
-----------,----,-----------
1999-08-03 00:00:00,LMF,7
1999-08-04 00:00:00,LMF,8.25
1999-08-05 00:00:00,LMF,8
1999-08-06 00:00:00,LMF,8
1999-08-09 00:00:00,LMF,7.75
1999-08-10 00:00:00,LMF,8
1999-08-11 00:00:00,LMF,8
1999-08-12 00:00:00,LMF,8.5
1999-08-13 00:00:00,LMF,9.25
1999-08-16 00:00:00,LMF,9.25
1999-08-17 00:00:00,LMF,9.25
1999-08-18 00:00:00,LMF,8.75
1999-08-19 00:00:00,LMF,9
1999-08-20 00:00:00,LMF,9.25
1999-08-23 00:00:00,LMF,9.25
1999-08-24 00:00:00,LMF,9
1999-08-25 00:00:00,LMF,9.5
1999-08-30 00:00:00,LMF,9.5
1999-08-31 00:00:00,LMF,9
1999-09-01 00:00:00,LMF,9.25
1999-09-02 00:00:00,LMF,9.25
SECURITY_DA,COMP,CLOSE_PRICE
-----------,----,-----------
1999-09-03 00:00:00,LMF,9.25
1999-09-06 00:00:00,LMF,9.25
1999-09-07 00:00:00,LMF,9
1999-09-08 00:00:00,LMF,8.75
1999-09-09 00:00:00,LMF,9
1999-09-10 00:00:00,LMF,9
1999-09-13 00:00:00,LMF,8.75
1999-09-14 00:00:00,LMF,8.75
1999-09-15 00:00:00,LMF,9
1999-09-16 00:00:00,LMF,9
1999-09-17 00:00:00,LMF,9
1999-09-20 00:00:00,LMF,8.75
1999-09-21 00:00:00,LMF,9
1999-09-22 00:00:00,LMF,9
1999-09-23 00:00:00,LMF,8.5
1999-09-24 00:00:00,LMF,8.25
1999-09-27 00:00:00,LMF,8
1999-09-28 00:00:00,LMF,7.75
1999-09-29 00:00:00,LMF,7.75
1999-09-30 00:00:00,LMF,7.75
1999-10-04 00:00:00,LMF,7.75
SECURITY_DA,COMP,CLOSE_PRICE
-----------,----,-----------
1999-10-05 00:00:00,LMF,7.75
1999-10-06 00:00:00,LMF,7.75
1999-10-07 00:00:00,LMF,7.25
1999-10-08 00:00:00,LMF,7
1999-10-11 00:00:00,LMF,7
1999-10-12 00:00:00,LMF,6.75
1999-10-13 00:00:00,LMF,6.75
1999-10-14 00:00:00,LMF,6.75
1999-10-15 00:00:00,LMF,6.5
1999-10-18 00:00:00,LMF,6.5
1999-10-19 00:00:00,LMF,6.25
1999-10-21 00:00:00,LMF,6.25
1999-10-22 00:00:00,LMF,6.75
1999-10-25 00:00:00,LMF,6.5
1999-10-26 00:00:00,LMF,6.5
1999-10-27 00:00:00,LMF,6.5
1999-10-28 00:00:00,LMF,6
1999-10-29 00:00:00,LMF,6.75
1999-11-02 00:00:00,LMF,6
1999-11-03 00:00:00,LMF,6
1999-11-04 00:00:00,LMF,6.25
SECURITY_DA,COMP,CLOSE_PRICE
-----------,----,-----------
1999-11-05 00:00:00,LMF,6.25
1999-11-08 00:00:00,LMF,6.25
1999-11-09 00:00:00,LMF,6.25
1999-11-10 00:00:00,LMF,6.25
1999-11-11 00:00:00,LMF,6.25
1999-11-12 00:00:00,LMF,6.25
1999-11-15 00:00:00,LMF,6.25
1999-11-16 00:00:00,LMF,6.25
1999-11-17 00:00:00,LMF,6.25
1999-11-18 00:00:00,LMF,6.25
1999-11-19 00:00:00,LMF,6.25
1999-11-24 00:00:00,LMF,6.25
1999-11-25 00:00:00,LMF,6.5
1999-11-26 00:00:00,LMF,7
1999-11-29 00:00:00,LMF,7.25
1999-12-01 00:00:00,LMF,7.75
1999-12-02 00:00:00,LMF,8.25
1999-12-03 00:00:00,LMF,8.25
1999-12-06 00:00:00,LMF,8.25
1999-12-07 00:00:00,LMF,8
1999-12-08 00:00:00,LMF,8.25
SECURITY_DA,COMP,CLOSE_PRICE
-----------,----,-----------
1999-12-09 00:00:00,LMF,8
1999-12-10 00:00:00,LMF,8.25
1999-12-13 00:00:00,LMF,8.25
1999-12-14 00:00:00,LMF,8
1999-12-15 00:00:00,LMF,8
1999-12-16 00:00:00,LMF,8
1999-12-17 00:00:00,LMF,8
1999-12-20 00:00:00,LMF,8
1999-12-21 00:00:00,LMF,8
1999-12-23 00:00:00,LMF,7.5
1999-12-27 00:00:00,LMF,7.5
1999-12-28 00:00:00,LMF,7.5
1999-12-29 00:00:00,LMF,7.5
1999-12-30 00:00:00,LMF,7.5
1999-01-05 00:00:00,LOLC,55
1999-01-06 00:00:00,LOLC,54.75
1999-01-07 00:00:00,LOLC,55
1999-01-08 00:00:00,LOLC,55
1999-01-11 00:00:00,LOLC,55
1999-01-12 00:00:00,LOLC,55
1999-01-13 00:00:00,LOLC,55
1999-01-14 00:00:00,LOLC,55
1999-01-18 00:00:00,LOLC,54
1999-01-22 00:00:00,LOLC,55
1999-01-25 00:00:00,LOLC,55
1999-01-27 00:00:00,LOLC,54
1999-01-29 00:00:00,LOLC,55
1999-02-01 00:00:00,LOLC,53
1999-02-02 00:00:00,LOLC,53
1999-02-05 00:00:00,LOLC,53
1999-02-10 00:00:00,LOLC,51
1999-02-11 00:00:00,LOLC,51
1999-02-12 00:00:00,LOLC,53
1999-02-16 00:00:00,LOLC,53
1999-02-17 00:00:00,LOLC,53
1999-02-18 00:00:00,LOLC,53
1999-02-19 00:00:00,LOLC,53
1999-02-23 00:00:00,LOLC,51
1999-02-25 00:00:00,LOLC,50
1999-02-26 00:00:00,LOLC,50
1999-03-04 00:00:00,LOLC,50
1999-03-09 00:00:00,LOLC,49.5
1999-03-10 00:00:00,LOLC,49
1999-04-08 00:00:00,LOLC,51
1999-04-09 00:00:00,LOLC,50
1999-04-15 00:00:00,LOLC,48
1999-04-27 00:00:00,LOLC,45
1999-05-04 00:00:00,LOLC,45
1999-05-06 00:00:00,LOLC,35
1999-05-07 00:00:00,LOLC,38.75
1999-05-10 00:00:00,LOLC,39
1999-05-14 00:00:00,LOLC,39.5
1999-05-18 00:00:00,LOLC,45
1999-05-19 00:00:00,LOLC,40.75
1999-05-24 00:00:00,LOLC,40.75
1999-05-28 00:00:00,LOLC,40.25
1999-06-03 00:00:00,LOLC,40
1999-06-11 00:00:00,LOLC,40
1999-06-16 00:00:00,LOLC,40
1999-06-17 00:00:00,LOLC,39.5
1999-06-23 00:00:00,LOLC,39
1999-06-25 00:00:00,LOLC,40
1999-07-07 00:00:00,LOLC,40.25
1999-07-09 00:00:00,LOLC,41
1999-07-16 00:00:00,LOLC,41
1999-07-19 00:00:00,LOLC,41
1999-07-20 00:00:00,LOLC,41
1999-07-21 00:00:00,LOLC,41
1999-07-22 00:00:00,LOLC,41.5
1999-07-23 00:00:00,LOLC,44.75
1999-07-26 00:00:00,LOLC,42.25
1999-07-27 00:00:00,LOLC,42.25
1999-07-29 00:00:00,LOLC,42.25
1999-07-30 00:00:00,LOLC,40
1999-08-03 00:00:00,LOLC,42.5
1999-08-04 00:00:00,LOLC,40
1999-08-05 00:00:00,LOLC,38
1999-08-06 00:00:00,LOLC,40
1999-08-10 00:00:00,LOLC,40
1999-08-11 00:00:00,LOLC,40
1999-08-12 00:00:00,LOLC,39
1999-08-13 00:00:00,LOLC,38.75
1999-08-17 00:00:00,LOLC,38
1999-08-18 00:00:00,LOLC,38
1999-08-19 00:00:00,LOLC,38
1999-08-20 00:00:00,LOLC,38
1999-08-23 00:00:00,LOLC,38
1999-08-24 00:00:00,LOLC,38
1999-08-25 00:00:00,LOLC,39
1999-08-30 00:00:00,LOLC,38
1999-08-31 00:00:00,LOLC,37.5
1999-09-01 00:00:00,LOLC,36.5
1999-09-02 00:00:00,LOLC,36.5
1999-09-07 00:00:00,LOLC,39.75
1999-09-08 00:00:00,LOLC,38.5
1999-09-09 00:00:00,LOLC,37.25
1999-09-10 00:00:00,LOLC,37.5
1999-09-13 00:00:00,LOLC,37.75
1999-09-14 00:00:00,LOLC,37.5
1999-09-16 00:00:00,LOLC,37.5
1999-09-17 00:00:00,LOLC,37.5
1999-09-21 00:00:00,LOLC,37.5
1999-09-22 00:00:00,LOLC,37.5
1999-09-23 00:00:00,LOLC,37
1999-09-24 00:00:00,LOLC,36.5
1999-09-27 00:00:00,LOLC,36
1999-09-28 00:00:00,LOLC,36
1999-09-30 00:00:00,LOLC,34
1999-10-08 00:00:00,LOLC,30.25
1999-10-12 00:00:00,LOLC,30
1999-10-14 00:00:00,LOLC,30
1999-10-18 00:00:00,LOLC,30
1999-10-27 00:00:00,LOLC,30
1999-10-28 00:00:00,LOLC,29
1999-11-01 00:00:00,LOLC,29.25
1999-11-02 00:00:00,LOLC,30
1999-11-09 00:00:00,LOLC,29
1999-11-12 00:00:00,LOLC,29
1999-11-15 00:00:00,LOLC,29
1999-11-24 00:00:00,LOLC,29.75
1999-12-02 00:00:00,LOLC,30.25
1999-12-07 00:00:00,LOLC,35
1999-12-08 00:00:00,LOLC,36.25
1999-12-09 00:00:00,LOLC,35
1999-12-10 00:00:00,LOLC,35
1999-12-13 00:00:00,LOLC,36
1999-12-15 00:00:00,LOLC,35
1999-12-16 00:00:00,LOLC,34.5
1999-12-17 00:00:00,LOLC,34.5
1999-12-20 00:00:00,LOLC,36.25
1999-12-21 00:00:00,LOLC,38
1999-06-30 00:00:00,LPRT,15
1999-07-01 00:00:00,LPRT,15.25
1999-01-04 00:00:00,LVEN,5.25
1999-01-05 00:00:00,LVEN,5
1999-01-06 00:00:00,LVEN,5.5
1999-01-07 00:00:00,LVEN,5.75
1999-01-08 00:00:00,LVEN,6
1999-01-11 00:00:00,LVEN,6
1999-01-12 00:00:00,LVEN,6.5
1999-01-13 00:00:00,LVEN,6.25
1999-01-14 00:00:00,LVEN,5.75
1999-01-18 00:00:00,LVEN,6
1999-01-19 00:00:00,LVEN,6
1999-01-20 00:00:00,LVEN,6
1999-01-21 00:00:00,LVEN,6.25
1999-01-22 00:00:00,LVEN,7
1999-01-25 00:00:00,LVEN,7
1999-01-26 00:00:00,LVEN,7.25
1999-01-27 00:00:00,LVEN,7
1999-01-28 00:00:00,LVEN,7.25
1999-01-29 00:00:00,LVEN,7
1999-02-01 00:00:00,LVEN,7
1999-02-02 00:00:00,LVEN,7.25
1999-02-03 00:00:00,LVEN,7
1999-02-05 00:00:00,LVEN,7
1999-02-08 00:00:00,LVEN,7
1999-02-09 00:00:00,LVEN,7
1999-02-10 00:00:00,LVEN,7
1999-02-11 00:00:00,LVEN,7
1999-02-12 00:00:00,LVEN,7
1999-02-18 00:00:00,LVEN,6.5
1999-02-19 00:00:00,LVEN,6.75
1999-02-23 00:00:00,LVEN,6.5
1999-02-24 00:00:00,LVEN,6.5
1999-02-25 00:00:00,LVEN,5.75
1999-03-05 00:00:00,LVEN,6
1999-03-09 00:00:00,LVEN,6
SECURITY_DA,COMP,CLOSE_PRICE
-----------,----,-----------
1999-03-10 00:00:00,LVEN,6
1999-03-12 00:00:00,LVEN,5.75
1999-03-15 00:00:00,LVEN,5.75
1999-03-17 00:00:00,LVEN,5
1999-03-24 00:00:00,LVEN,4.25
1999-03-26 00:00:00,LVEN,5
1999-03-30 00:00:00,LVEN,5.25
1999-04-01 00:00:00,LVEN,6
1999-04-08 00:00:00,LVEN,6
1999-04-09 00:00:00,LVEN,6
1999-05-11 00:00:00,LVEN,6
1999-05-14 00:00:00,LVEN,4
1999-05-28 00:00:00,LVEN,5
1999-06-03 00:00:00,LVEN,5
1999-06-11 00:00:00,LVEN,5.75
1999-06-14 00:00:00,LVEN,5.75
1999-06-15 00:00:00,LVEN,5.75
1999-06-17 00:00:00,LVEN,5.75
1999-06-21 00:00:00,LVEN,5.25
1999-07-02 00:00:00,LVEN,5.25
1999-07-09 00:00:00,LVEN,5
SECURITY_DA,COMP,CLOSE_PRICE
-----------,----,-----------
1999-07-16 00:00:00,LVEN,5.25
1999-07-21 00:00:00,LVEN,5.5
1999-07-22 00:00:00,LVEN,5.5
1999-07-26 00:00:00,LVEN,5.5
1999-07-30 00:00:00,LVEN,5.5
1999-08-02 00:00:00,LVEN,5.5
1999-08-06 00:00:00,LVEN,5.5
1999-08-12 00:00:00,LVEN,5.75
1999-08-13 00:00:00,LVEN,5.75
1999-08-16 00:00:00,LVEN,5.75
1999-08-17 00:00:00,LVEN,5.75
1999-08-18 00:00:00,LVEN,5.5
1999-08-19 00:00:00,LVEN,5.5
1999-08-24 00:00:00,LVEN,5.5
1999-08-25 00:00:00,LVEN,5.75
1999-09-06 00:00:00,LVEN,5.75
1999-09-07 00:00:00,LVEN,5.75
1999-09-13 00:00:00,LVEN,5.75
1999-09-17 00:00:00,LVEN,5.75
1999-09-20 00:00:00,LVEN,5.75
1999-09-21 00:00:00,LVEN,5.75
SECURITY_DA,COMP,CLOSE_PRICE
-----------,----,-----------
1999-09-22 00:00:00,LVEN,5.75
1999-09-27 00:00:00,LVEN,5.75
1999-09-29 00:00:00,LVEN,5.75
1999-10-04 00:00:00,LVEN,5.75
1999-10-11 00:00:00,LVEN,5.75
1999-10-19 00:00:00,LVEN,5.5
1999-10-29 00:00:00,LVEN,5.75
1999-11-03 00:00:00,LVEN,5.25
1999-11-16 00:00:00,LVEN,6
1999-11-23 00:00:00,LVEN,6
1999-11-24 00:00:00,LVEN,6
1999-11-25 00:00:00,LVEN,6
1999-11-29 00:00:00,LVEN,6
1999-11-30 00:00:00,LVEN,6
1999-12-06 00:00:00,LVEN,6
1999-12-08 00:00:00,LVEN,6.5
1999-12-10 00:00:00,LVEN,6.5
1999-12-15 00:00:00,LVEN,6
1999-12-16 00:00:00,LVEN,5.5
1999-12-30 00:00:00,LVEN,6
1999-01-04 00:00:00,LWL,6.5
1999-01-05 00:00:00,LWL,6.5
1999-01-06 00:00:00,LWL,6.25
1999-01-07 00:00:00,LWL,6.5
1999-01-08 00:00:00,LWL,6.5
1999-01-11 00:00:00,LWL,6.5
1999-01-12 00:00:00,LWL,6.25
1999-01-13 00:00:00,LWL,6.75
1999-01-14 00:00:00,LWL,6.5
1999-01-18 00:00:00,LWL,6.75
1999-01-19 00:00:00,LWL,6.75
1999-01-20 00:00:00,LWL,6.75
1999-01-21 00:00:00,LWL,6.75
1999-01-22 00:00:00,LWL,7
1999-01-25 00:00:00,LWL,7.5
1999-01-26 00:00:00,LWL,7
1999-01-27 00:00:00,LWL,7
1999-01-28 00:00:00,LWL,7
1999-01-29 00:00:00,LWL,7
1999-02-01 00:00:00,LWL,7
1999-02-02 00:00:00,LWL,7
1999-02-03 00:00:00,LWL,6.75
1999-02-05 00:00:00,LWL,6.75
1999-02-08 00:00:00,LWL,6.75
1999-02-09 00:00:00,LWL,6.75
1999-02-10 00:00:00,LWL,6.5
1999-02-11 00:00:00,LWL,6.75
1999-02-12 00:00:00,LWL,6.75
1999-02-15 00:00:00,LWL,6.75
1999-02-16 00:00:00,LWL,6.75
1999-02-17 00:00:00,LWL,6.5
1999-02-18 00:00:00,LWL,6.75
1999-02-19 00:00:00,LWL,6.75
1999-02-22 00:00:00,LWL,6.75
1999-02-23 00:00:00,LWL,6.75
1999-02-24 00:00:00,LWL,7
1999-02-25 00:00:00,LWL,6.75
1999-03-02 00:00:00,LWL,7
1999-03-03 00:00:00,LWL,6.75
1999-03-04 00:00:00,LWL,6.75
1999-03-05 00:00:00,LWL,6.75
1999-03-08 00:00:00,LWL,6.75
1999-03-09 00:00:00,LWL,6.5
1999-03-10 00:00:00,LWL,6.5
1999-03-11 00:00:00,LWL,6.5
1999-03-12 00:00:00,LWL,6
1999-03-15 00:00:00,LWL,6.25
1999-03-16 00:00:00,LWL,6
1999-03-17 00:00:00,LWL,5.75
1999-03-18 00:00:00,LWL,6.25
1999-03-19 00:00:00,LWL,6
1999-03-22 00:00:00,LWL,6
1999-03-23 00:00:00,LWL,5.75
1999-03-24 00:00:00,LWL,6
1999-03-25 00:00:00,LWL,6
1999-03-26 00:00:00,LWL,6
1999-03-29 00:00:00,LWL,5.75
1999-03-30 00:00:00,LWL,5.75
1999-04-01 00:00:00,LWL,6
1999-04-05 00:00:00,LWL,6.25
1999-04-06 00:00:00,LWL,6.25
1999-04-07 00:00:00,LWL,6.25
1999-04-08 00:00:00,LWL,6.25
1999-04-09 00:00:00,LWL,6.25
1999-04-15 00:00:00,LWL,6.25
1999-04-16 00:00:00,LWL,6.25
1999-04-19 00:00:00,LWL,6.5
1999-04-20 00:00:00,LWL,6.25
1999-04-21 00:00:00,LWL,6.25
1999-04-22 00:00:00,LWL,6.25
1999-04-23 00:00:00,LWL,6.25
1999-04-26 00:00:00,LWL,6.25
1999-04-27 00:00:00,LWL,6.25
1999-04-28 00:00:00,LWL,6.25
1999-05-03 00:00:00,LWL,6
1999-05-04 00:00:00,LWL,6
1999-05-05 00:00:00,LWL,6
1999-05-07 00:00:00,LWL,6.25
1999-05-10 00:00:00,LWL,6.25
1999-05-11 00:00:00,LWL,6.25
1999-05-12 00:00:00,LWL,6.25
1999-05-17 00:00:00,LWL,6.25
1999-05-18 00:00:00,LWL,6.25
1999-05-19 00:00:00,LWL,6.25
1999-05-20 00:00:00,LWL,6
1999-05-21 00:00:00,LWL,6.25
1999-05-24 00:00:00,LWL,6
1999-05-25 00:00:00,LWL,6.25
1999-05-26 00:00:00,LWL,6
1999-05-27 00:00:00,LWL,6
1999-05-28 00:00:00,LWL,6
1999-06-01 00:00:00,LWL,6
1999-06-02 00:00:00,LWL,6
1999-06-03 00:00:00,LWL,5.75
1999-06-04 00:00:00,LWL,5.75
1999-06-08 00:00:00,LWL,5.75
1999-06-09 00:00:00,LWL,5.75
1999-06-10 00:00:00,LWL,6
1999-06-11 00:00:00,LWL,6
1999-06-14 00:00:00,LWL,6
1999-06-15 00:00:00,LWL,5.75
1999-06-16 00:00:00,LWL,6
1999-06-17 00:00:00,LWL,5.75
1999-06-18 00:00:00,LWL,5.75
1999-06-21 00:00:00,LWL,5.75
1999-06-22 00:00:00,LWL,5.5
1999-06-23 00:00:00,LWL,5.75
1999-06-24 00:00:00,LWL,5.75
1999-06-25 00:00:00,LWL,5.75
1999-06-30 00:00:00,LWL,5.75
1999-07-01 00:00:00,LWL,5.75
1999-07-02 00:00:00,LWL,5.75
1999-07-05 00:00:00,LWL,6
1999-07-06 00:00:00,LWL,6
1999-07-07 00:00:00,LWL,6
1999-07-08 00:00:00,LWL,5.75
1999-07-09 00:00:00,LWL,5.75
1999-07-12 00:00:00,LWL,5.75
1999-07-13 00:00:00,LWL,5.5
1999-07-14 00:00:00,LWL,5.5
1999-07-15 00:00:00,LWL,5.75
1999-07-16 00:00:00,LWL,5.75
1999-07-19 00:00:00,LWL,5.75
1999-07-20 00:00:00,LWL,5.75
1999-07-21 00:00:00,LWL,5.75
1999-07-22 00:00:00,LWL,5.75
1999-07-23 00:00:00,LWL,5.75
1999-07-26 00:00:00,LWL,5.75
1999-07-27 00:00:00,LWL,5.75
1999-07-29 00:00:00,LWL,5.75
1999-08-02 00:00:00,LWL,6
1999-08-03 00:00:00,LWL,6
1999-08-04 00:00:00,LWL,6
1999-08-05 00:00:00,LWL,6
1999-08-06 00:00:00,LWL,6.25
1999-08-09 00:00:00,LWL,6
1999-08-10 00:00:00,LWL,6.25
1999-08-11 00:00:00,LWL,6
1999-08-12 00:00:00,LWL,6.25
1999-08-13 00:00:00,LWL,6.25
1999-08-16 00:00:00,LWL,6.5
1999-08-17 00:00:00,LWL,6.25
1999-08-18 00:00:00,LWL,6.25
1999-08-19 00:00:00,LWL,6.5
1999-08-20 00:00:00,LWL,6.5
1999-08-23 00:00:00,LWL,6.75
1999-08-24 00:00:00,LWL,6.5
1999-08-25 00:00:00,LWL,6.5
1999-08-30 00:00:00,LWL,6.5
1999-08-31 00:00:00,LWL,6.5
1999-09-01 00:00:00,LWL,6.5
1999-09-02 00:00:00,LWL,6.5
1999-09-03 00:00:00,LWL,6.5
1999-09-06 00:00:00,LWL,6.5
1999-09-07 00:00:00,LWL,6.25
1999-09-08 00:00:00,LWL,6.25
1999-09-09 00:00:00,LWL,6.25
1999-09-10 00:00:00,LWL,6.25
1999-09-13 00:00:00,LWL,6.25
1999-09-14 00:00:00,LWL,6.25
1999-09-15 00:00:00,LWL,6.25
1999-09-16 00:00:00,LWL,6.25
1999-09-20 00:00:00,LWL,6.25
1999-09-21 00:00:00,LWL,6.25
1999-09-22 00:00:00,LWL,6.5
1999-09-23 00:00:00,LWL,6.5
1999-09-24 00:00:00,LWL,6.25
1999-09-29 00:00:00,LWL,6.5
1999-10-01 00:00:00,LWL,6.25
1999-10-04 00:00:00,LWL,6.25
1999-10-05 00:00:00,LWL,6.25
1999-10-06 00:00:00,LWL,6.25
1999-10-07 00:00:00,LWL,6
1999-10-08 00:00:00,LWL,6
1999-10-12 00:00:00,LWL,6.25
1999-10-13 00:00:00,LWL,6.25
1999-10-14 00:00:00,LWL,6.25
1999-10-15 00:00:00,LWL,6.25
1999-10-18 00:00:00,LWL,6.5
1999-10-19 00:00:00,LWL,6.75
1999-10-20 00:00:00,LWL,6.75
1999-10-21 00:00:00,LWL,6.75
1999-10-22 00:00:00,LWL,7.25
1999-10-25 00:00:00,LWL,7.25
1999-10-26 00:00:00,LWL,7.25
1999-10-27 00:00:00,LWL,7.25
1999-10-28 00:00:00,LWL,6
1999-11-03 00:00:00,LWL,7
1999-11-04 00:00:00,LWL,6.75
1999-11-05 00:00:00,LWL,6.75
1999-11-08 00:00:00,LWL,6.75
1999-11-09 00:00:00,LWL,6.75
1999-11-10 00:00:00,LWL,6.75
1999-11-11 00:00:00,LWL,6.75
1999-11-12 00:00:00,LWL,7
1999-11-15 00:00:00,LWL,7
1999-11-16 00:00:00,LWL,6.75
1999-11-17 00:00:00,LWL,6.75
1999-11-18 00:00:00,LWL,6.75
1999-11-19 00:00:00,LWL,7
1999-11-23 00:00:00,LWL,7
1999-11-24 00:00:00,LWL,7
1999-11-25 00:00:00,LWL,7
1999-11-26 00:00:00,LWL,6.75
1999-11-30 00:00:00,LWL,6.75
1999-12-01 00:00:00,LWL,8
1999-12-02 00:00:00,LWL,8
1999-12-03 00:00:00,LWL,8.25
1999-12-06 00:00:00,LWL,9
1999-12-07 00:00:00,LWL,8.75
1999-12-08 00:00:00,LWL,9
1999-12-09 00:00:00,LWL,8.75
1999-12-10 00:00:00,LWL,8.75
1999-12-13 00:00:00,LWL,9.25
1999-12-14 00:00:00,LWL,8.75
1999-12-15 00:00:00,LWL,8.5
1999-12-16 00:00:00,LWL,8.5
1999-12-17 00:00:00,LWL,8.5
1999-12-20 00:00:00,LWL,8.25
1999-12-21 00:00:00,LWL,8.5
1999-12-23 00:00:00,LWL,8.25
1999-12-27 00:00:00,LWL,7.75
1999-12-28 00:00:00,LWL,7.5
1999-12-29 00:00:00,LWL,7.75
1999-12-30 00:00:00,LWL,7.75
1999-01-04 00:00:00,MADU,17
1999-01-05 00:00:00,MADU,17.25
1999-01-06 00:00:00,MADU,17.5
1999-01-07 00:00:00,MADU,17.25
1999-01-08 00:00:00,MADU,17.25
1999-01-11 00:00:00,MADU,17.25
1999-01-12 00:00:00,MADU,16.75
1999-01-13 00:00:00,MADU,17.25
1999-01-14 00:00:00,MADU,16.75
1999-01-18 00:00:00,MADU,17
1999-01-19 00:00:00,MADU,16.75
1999-01-20 00:00:00,MADU,16.75
1999-01-21 00:00:00,MADU,16.5
1999-01-22 00:00:00,MADU,16
1999-01-25 00:00:00,MADU,16.25
1999-01-26 00:00:00,MADU,15.75
1999-01-27 00:00:00,MADU,15.25
1999-01-28 00:00:00,MADU,15.25
1999-01-29 00:00:00,MADU,16
1999-02-01 00:00:00,MADU,15.5
1999-02-02 00:00:00,MADU,15
1999-02-03 00:00:00,MADU,15
1999-02-05 00:00:00,MADU,15
1999-02-08 00:00:00,MADU,14.75
1999-02-09 00:00:00,MADU,14.75
1999-02-10 00:00:00,MADU,14.75
1999-02-11 00:00:00,MADU,14.75
1999-02-12 00:00:00,MADU,15
1999-02-15 00:00:00,MADU,14.75
1999-02-16 00:00:00,MADU,15
1999-02-17 00:00:00,MADU,14.75
1999-02-18 00:00:00,MADU,14.75
1999-02-19 00:00:00,MADU,14
1999-02-22 00:00:00,MADU,14
1999-02-23 00:00:00,MADU,12.5
1999-02-24 00:00:00,MADU,12.75
1999-02-25 00:00:00,MADU,12.25
1999-02-26 00:00:00,MADU,13.75
1999-03-02 00:00:00,MADU,12.5
1999-03-03 00:00:00,MADU,12.25
1999-03-04 00:00:00,MADU,12.5
1999-03-05 00:00:00,MADU,12.25
1999-03-08 00:00:00,MADU,10.5
1999-03-09 00:00:00,MADU,11
1999-03-10 00:00:00,MADU,10.5
1999-03-11 00:00:00,MADU,10.75
1999-03-12 00:00:00,MADU,10.5
1999-03-15 00:00:00,MADU,10.5
1999-03-16 00:00:00,MADU,10.5
1999-03-17 00:00:00,MADU,11
1999-03-18 00:00:00,MADU,12
1999-03-19 00:00:00,MADU,12.5
1999-03-22 00:00:00,MADU,13
1999-03-23 00:00:00,MADU,13
1999-03-24 00:00:00,MADU,12
1999-03-25 00:00:00,MADU,12
1999-03-26 00:00:00,MADU,12
1999-03-29 00:00:00,MADU,11.75
1999-03-30 00:00:00,MADU,12
1999-04-01 00:00:00,MADU,11.75
1999-04-05 00:00:00,MADU,11.75
1999-04-06 00:00:00,MADU,12
1999-04-07 00:00:00,MADU,12
1999-04-08 00:00:00,MADU,12.5
1999-04-09 00:00:00,MADU,12.25
1999-04-12 00:00:00,MADU,12.5
1999-04-15 00:00:00,MADU,12.5
1999-04-16 00:00:00,MADU,12.5
1999-04-19 00:00:00,MADU,12.25
1999-04-20 00:00:00,MADU,12.25
1999-04-22 00:00:00,MADU,12
1999-04-23 00:00:00,MADU,11.75
1999-04-26 00:00:00,MADU,11.5
1999-04-27 00:00:00,MADU,12.25
1999-04-28 00:00:00,MADU,12.25
1999-05-03 00:00:00,MADU,12
1999-05-04 00:00:00,MADU,12
1999-05-05 00:00:00,MADU,12
1999-05-07 00:00:00,MADU,11.5
1999-05-10 00:00:00,MADU,11
1999-05-11 00:00:00,MADU,11
1999-05-12 00:00:00,MADU,10
1999-05-13 00:00:00,MADU,10
1999-05-14 00:00:00,MADU,10.25
1999-05-17 00:00:00,MADU,10
1999-05-18 00:00:00,MADU,10
1999-05-19 00:00:00,MADU,9.5
1999-05-20 00:00:00,MADU,10.25
1999-05-21 00:00:00,MADU,11.5
1999-05-24 00:00:00,MADU,12.25
1999-05-25 00:00:00,MADU,12
1999-05-26 00:00:00,MADU,11.75
1999-05-27 00:00:00,MADU,11
1999-05-28 00:00:00,MADU,10.75
1999-06-01 00:00:00,MADU,10.5
1999-06-02 00:00:00,MADU,10
1999-06-03 00:00:00,MADU,10.25
1999-06-04 00:00:00,MADU,10
1999-06-07 00:00:00,MADU,10.25
1999-06-08 00:00:00,MADU,10
1999-06-09 00:00:00,MADU,10
1999-06-10 00:00:00,MADU,10
1999-06-11 00:00:00,MADU,10
1999-06-14 00:00:00,MADU,9.5
1999-06-15 00:00:00,MADU,9.5
1999-06-16 00:00:00,MADU,9
1999-06-17 00:00:00,MADU,9
1999-06-18 00:00:00,MADU,9
1999-06-21 00:00:00,MADU,9
1999-06-22 00:00:00,MADU,9
1999-06-23 00:00:00,MADU,9.5
1999-06-24 00:00:00,MADU,10
1999-06-25 00:00:00,MADU,10.25
1999-06-30 00:00:00,MADU,9.5
1999-07-01 00:00:00,MADU,10
1999-07-02 00:00:00,MADU,11
1999-07-05 00:00:00,MADU,10.25
1999-07-06 00:00:00,MADU,10.25
1999-07-07 00:00:00,MADU,10.25
1999-07-08 00:00:00,MADU,10
1999-07-09 00:00:00,MADU,10
1999-07-12 00:00:00,MADU,10.25
1999-07-13 00:00:00,MADU,9.75
1999-07-14 00:00:00,MADU,9.75
1999-07-15 00:00:00,MADU,9.75
1999-07-16 00:00:00,MADU,10
1999-07-19 00:00:00,MADU,9.75
1999-07-20 00:00:00,MADU,10.5
1999-07-21 00:00:00,MADU,10.5
1999-07-22 00:00:00,MADU,10.5
1999-07-23 00:00:00,MADU,11
1999-07-26 00:00:00,MADU,10.75
1999-07-27 00:00:00,MADU,10.25
1999-07-29 00:00:00,MADU,10.25
1999-07-30 00:00:00,MADU,11
1999-08-02 00:00:00,MADU,13
1999-08-03 00:00:00,MADU,15
1999-08-04 00:00:00,MADU,16.75
1999-08-05 00:00:00,MADU,15.5
1999-08-06 00:00:00,MADU,14.5
1999-08-09 00:00:00,MADU,15.5
1999-08-10 00:00:00,MADU,15.5
1999-08-11 00:00:00,MADU,15
1999-08-12 00:00:00,MADU,13.75
1999-08-13 00:00:00,MADU,14.75
1999-08-16 00:00:00,MADU,13.75
1999-08-17 00:00:00,MADU,13.75
1999-08-18 00:00:00,MADU,12.5
1999-08-19 00:00:00,MADU,14
1999-08-20 00:00:00,MADU,14.25
1999-08-23 00:00:00,MADU,14.25
1999-08-24 00:00:00,MADU,14.25
1999-08-25 00:00:00,MADU,14
1999-08-30 00:00:00,MADU,14
1999-08-31 00:00:00,MADU,13.75
1999-09-01 00:00:00,MADU,13.75
1999-09-02 00:00:00,MADU,13.5
1999-09-03 00:00:00,MADU,14
1999-09-06 00:00:00,MADU,14.5
1999-09-07 00:00:00,MADU,14
1999-09-08 00:00:00,MADU,14.25
1999-09-09 00:00:00,MADU,14.25
1999-09-10 00:00:00,MADU,14.25
1999-09-13 00:00:00,MADU,14.5
1999-09-14 00:00:00,MADU,14.5
1999-09-15 00:00:00,MADU,14.75
1999-09-16 00:00:00,MADU,15.5
1999-09-17 00:00:00,MADU,15.5
1999-09-20 00:00:00,MADU,16.25
1999-09-21 00:00:00,MADU,16.75
1999-09-22 00:00:00,MADU,17.25
1999-09-23 00:00:00,MADU,17.25
1999-09-24 00:00:00,MADU,17.25
1999-09-27 00:00:00,MADU,20
1999-09-28 00:00:00,MADU,22
1999-09-29 00:00:00,MADU,20.5
1999-09-30 00:00:00,MADU,20.5
1999-10-01 00:00:00,MADU,20.75
1999-10-04 00:00:00,MADU,21
1999-10-05 00:00:00,MADU,20.25
1999-10-06 00:00:00,MADU,19.25
1999-10-07 00:00:00,MADU,18
1999-10-08 00:00:00,MADU,19.25
1999-10-11 00:00:00,MADU,18
1999-10-12 00:00:00,MADU,17
1999-10-13 00:00:00,MADU,15.75
1999-10-14 00:00:00,MADU,15.25
1999-10-15 00:00:00,MADU,15.5
1999-10-18 00:00:00,MADU,15.75
1999-10-19 00:00:00,MADU,15.25
1999-10-20 00:00:00,MADU,15
1999-10-21 00:00:00,MADU,14
1999-10-22 00:00:00,MADU,14.75
1999-10-25 00:00:00,MADU,14
1999-10-26 00:00:00,MADU,13
1999-10-27 00:00:00,MADU,13.5
1999-10-28 00:00:00,MADU,13.25
1999-10-29 00:00:00,MADU,14
1999-11-01 00:00:00,MADU,13.75
1999-11-02 00:00:00,MADU,13.5
1999-11-03 00:00:00,MADU,13.75
1999-11-04 00:00:00,MADU,14.25
1999-11-05 00:00:00,MADU,14
1999-11-08 00:00:00,MADU,14.5
1999-11-09 00:00:00,MADU,14
1999-11-10 00:00:00,MADU,14
1999-11-11 00:00:00,MADU,14.25
1999-11-12 00:00:00,MADU,14.25
1999-11-15 00:00:00,MADU,14
1999-11-16 00:00:00,MADU,13.75
1999-11-17 00:00:00,MADU,14
1999-11-19 00:00:00,MADU,14
1999-11-23 00:00:00,MADU,15
1999-11-24 00:00:00,MADU,15
1999-11-25 00:00:00,MADU,14.25
1999-11-26 00:00:00,MADU,14
1999-11-29 00:00:00,MADU,14.25
1999-11-30 00:00:00,MADU,14.5
1999-12-01 00:00:00,MADU,14.25
1999-12-02 00:00:00,MADU,14.75
1999-12-03 00:00:00,MADU,15.75
1999-12-06 00:00:00,MADU,16.25
1999-12-07 00:00:00,MADU,16.5
1999-12-08 00:00:00,MADU,16.25
1999-12-09 00:00:00,MADU,15.75
1999-12-10 00:00:00,MADU,16
1999-12-13 00:00:00,MADU,16.75
1999-12-14 00:00:00,MADU,16.5
1999-12-15 00:00:00,MADU,15.75
1999-12-16 00:00:00,MADU,16.5
1999-12-17 00:00:00,MADU,16
1999-12-20 00:00:00,MADU,16
1999-12-21 00:00:00,MADU,16
1999-12-23 00:00:00,MADU,15.5
1999-12-27 00:00:00,MADU,15
1999-12-28 00:00:00,MADU,14.5
1999-12-29 00:00:00,MADU,15
1999-12-30 00:00:00,MADU,15.5
1999-01-06 00:00:00,MARA,3.5
1999-01-07 00:00:00,MARA,3.75
1999-01-14 00:00:00,MARA,3.5
1999-01-19 00:00:00,MARA,3.75
1999-01-21 00:00:00,MARA,3.75
1999-01-27 00:00:00,MARA,3.5
1999-01-29 00:00:00,MARA,3.25
1999-02-03 00:00:00,MARA,3
1999-02-19 00:00:00,MARA,3.25
1999-02-23 00:00:00,MARA,3.25
1999-02-24 00:00:00,MARA,3
1999-03-09 00:00:00,MARA,3.5
1999-03-17 00:00:00,MARA,3.5
1999-03-19 00:00:00,MARA,3.5
1999-03-30 00:00:00,MARA,3.5
1999-04-09 00:00:00,MARA,3.5
1999-06-02 00:00:00,MARA,3.75
1999-06-10 00:00:00,MARA,3.75
1999-06-30 00:00:00,MARA,3.75
1999-07-22 00:00:00,MARA,4
1999-09-03 00:00:00,MARA,3.75
1999-09-17 00:00:00,MARA,3.75
1999-09-29 00:00:00,MARA,3.75
1999-10-13 00:00:00,MARA,3.75
1999-10-19 00:00:00,MARA,4
1999-10-20 00:00:00,MARA,4
1999-10-21 00:00:00,MARA,4
1999-10-22 00:00:00,MARA,4
1999-11-02 00:00:00,MARA,4
1999-11-04 00:00:00,MARA,4
1999-11-05 00:00:00,MARA,4
1999-11-08 00:00:00,MARA,3.75
1999-11-11 00:00:00,MARA,4
1999-11-15 00:00:00,MARA,3.75
1999-12-14 00:00:00,MARA,4.5
1999-12-16 00:00:00,MARA,4.25
1999-12-27 00:00:00,MARA,3.75
1999-12-28 00:00:00,MARA,3.75
1999-01-04 00:00:00,MASK,25.25
1999-01-05 00:00:00,MASK,25
1999-01-06 00:00:00,MASK,25.5
1999-01-07 00:00:00,MASK,25.5
1999-01-08 00:00:00,MASK,25.75
1999-01-11 00:00:00,MASK,25.5
1999-01-12 00:00:00,MASK,25.5
1999-01-13 00:00:00,MASK,26.25
1999-01-14 00:00:00,MASK,26
1999-01-18 00:00:00,MASK,25.25
1999-01-19 00:00:00,MASK,25.5
1999-01-20 00:00:00,MASK,25.5
1999-01-21 00:00:00,MASK,25.5
1999-01-22 00:00:00,MASK,26
1999-01-25 00:00:00,MASK,26
1999-01-26 00:00:00,MASK,25.75
1999-01-27 00:00:00,MASK,26
1999-01-28 00:00:00,MASK,25.5
1999-01-29 00:00:00,MASK,26
1999-02-01 00:00:00,MASK,25
1999-02-02 00:00:00,MASK,25
1999-02-03 00:00:00,MASK,26
1999-02-05 00:00:00,MASK,26
1999-02-08 00:00:00,MASK,26
1999-02-09 00:00:00,MASK,26
1999-02-10 00:00:00,MASK,25.5
1999-02-11 00:00:00,MASK,25.75
1999-02-12 00:00:00,MASK,26
1999-02-15 00:00:00,MASK,24.5
1999-02-16 00:00:00,MASK,24.5
1999-02-17 00:00:00,MASK,23.5
1999-02-18 00:00:00,MASK,23.25
1999-02-19 00:00:00,MASK,23
1999-02-22 00:00:00,MASK,22.25
1999-02-23 00:00:00,MASK,22
1999-02-24 00:00:00,MASK,20.25
1999-02-25 00:00:00,MASK,20.25
1999-02-26 00:00:00,MASK,21.5
1999-03-02 00:00:00,MASK,21.25
1999-03-03 00:00:00,MASK,20.25
1999-03-04 00:00:00,MASK,20.25
1999-03-05 00:00:00,MASK,20.25
1999-03-08 00:00:00,MASK,18
1999-03-09 00:00:00,MASK,18
1999-03-10 00:00:00,MASK,18.25
1999-03-11 00:00:00,MASK,18.5
1999-03-12 00:00:00,MASK,18
1999-03-15 00:00:00,MASK,18.5
1999-03-16 00:00:00,MASK,18.5
1999-03-18 00:00:00,MASK,20
1999-03-19 00:00:00,MASK,21
1999-03-22 00:00:00,MASK,20.75
1999-03-23 00:00:00,MASK,21.25
1999-03-24 00:00:00,MASK,21.75
1999-03-25 00:00:00,MASK,21.75
1999-03-26 00:00:00,MASK,21.75
1999-03-29 00:00:00,MASK,21.75
1999-03-30 00:00:00,MASK,21.5
1999-04-01 00:00:00,MASK,21.5
1999-04-05 00:00:00,MASK,21.5
1999-04-06 00:00:00,MASK,21
1999-04-07 00:00:00,MASK,21
1999-04-08 00:00:00,MASK,21
1999-04-09 00:00:00,MASK,21
1999-04-12 00:00:00,MASK,21.5
1999-04-16 00:00:00,MASK,21.25
1999-04-19 00:00:00,MASK,20.5
1999-04-20 00:00:00,MASK,20
1999-04-21 00:00:00,MASK,20
1999-04-22 00:00:00,MASK,20
1999-04-23 00:00:00,MASK,20
1999-04-26 00:00:00,MASK,20.5
1999-04-27 00:00:00,MASK,22.5
1999-04-28 00:00:00,MASK,22.25
1999-05-03 00:00:00,MASK,22
1999-05-04 00:00:00,MASK,22.25
1999-05-05 00:00:00,MASK,22
1999-05-06 00:00:00,MASK,22
1999-05-07 00:00:00,MASK,21
1999-05-10 00:00:00,MASK,20.5
1999-05-11 00:00:00,MASK,20.5
1999-05-12 00:00:00,MASK,21
1999-05-13 00:00:00,MASK,21
1999-05-14 00:00:00,MASK,21
1999-05-17 00:00:00,MASK,20.75
1999-05-18 00:00:00,MASK,20.75
1999-05-19 00:00:00,MASK,21
1999-05-20 00:00:00,MASK,21.25
1999-05-21 00:00:00,MASK,22.5
1999-05-24 00:00:00,MASK,23.25
1999-05-25 00:00:00,MASK,22.5
1999-05-26 00:00:00,MASK,22
1999-05-27 00:00:00,MASK,22
1999-05-28 00:00:00,MASK,22
1999-06-01 00:00:00,MASK,22.25
1999-06-02 00:00:00,MASK,22
1999-06-03 00:00:00,MASK,21.75
1999-06-04 00:00:00,MASK,22.25
1999-06-07 00:00:00,MASK,19.5
1999-06-08 00:00:00,MASK,20
1999-06-09 00:00:00,MASK,19.5
1999-06-10 00:00:00,MASK,19.5
1999-06-11 00:00:00,MASK,20
1999-06-14 00:00:00,MASK,19.5
1999-06-15 00:00:00,MASK,19.25
1999-06-16 00:00:00,MASK,19
1999-06-17 00:00:00,MASK,18.75
1999-06-18 00:00:00,MASK,18
1999-06-21 00:00:00,MASK,18
1999-06-22 00:00:00,MASK,18.25
1999-06-23 00:00:00,MASK,18.5
1999-06-24 00:00:00,MASK,19
1999-06-25 00:00:00,MASK,20.25
1999-06-30 00:00:00,MASK,20
1999-07-01 00:00:00,MASK,20
1999-07-02 00:00:00,MASK,20.25
1999-07-05 00:00:00,MASK,20.5
1999-07-06 00:00:00,MASK,20
1999-07-07 00:00:00,MASK,20
1999-07-08 00:00:00,MASK,20
1999-07-09 00:00:00,MASK,20
1999-07-12 00:00:00,MASK,20.5
1999-07-13 00:00:00,MASK,20.5
1999-07-14 00:00:00,MASK,20.5
1999-07-15 00:00:00,MASK,21
1999-07-16 00:00:00,MASK,21
1999-07-19 00:00:00,MASK,21.25
1999-07-20 00:00:00,MASK,21.75
1999-07-21 00:00:00,MASK,22.25
1999-07-22 00:00:00,MASK,23.5
1999-07-23 00:00:00,MASK,23.75
1999-07-26 00:00:00,MASK,23
1999-07-27 00:00:00,MASK,23.25
1999-07-29 00:00:00,MASK,23.5
1999-07-30 00:00:00,MASK,23
1999-08-02 00:00:00,MASK,26
1999-08-03 00:00:00,MASK,31
1999-08-04 00:00:00,MASK,31
1999-08-05 00:00:00,MASK,30.25
1999-08-06 00:00:00,MASK,29.5
1999-08-09 00:00:00,MASK,29.75
1999-08-10 00:00:00,MASK,30
1999-08-11 00:00:00,MASK,29.75
1999-08-12 00:00:00,MASK,28.5
1999-08-13 00:00:00,MASK,28
1999-08-16 00:00:00,MASK,27.5
1999-08-17 00:00:00,MASK,26
1999-08-18 00:00:00,MASK,24.5
1999-08-19 00:00:00,MASK,27
1999-08-20 00:00:00,MASK,27.75
1999-08-23 00:00:00,MASK,27.25
1999-08-24 00:00:00,MASK,27
1999-08-25 00:00:00,MASK,26.25
1999-08-30 00:00:00,MASK,27
1999-08-31 00:00:00,MASK,27
1999-09-01 00:00:00,MASK,26.25
1999-09-02 00:00:00,MASK,26.25
1999-09-03 00:00:00,MASK,26.25
1999-09-06 00:00:00,MASK,27.5
1999-09-07 00:00:00,MASK,27.5
1999-09-08 00:00:00,MASK,26.75
1999-09-09 00:00:00,MASK,27
1999-09-10 00:00:00,MASK,27.5
1999-09-13 00:00:00,MASK,27.5
1999-09-14 00:00:00,MASK,28.25
1999-09-15 00:00:00,MASK,28.25
1999-09-16 00:00:00,MASK,29.25
1999-09-17 00:00:00,MASK,29
1999-09-20 00:00:00,MASK,30.25
1999-09-21 00:00:00,MASK,31.5
1999-09-22 00:00:00,MASK,31.75
1999-09-23 00:00:00,MASK,32.5
1999-09-24 00:00:00,MASK,33
1999-09-27 00:00:00,MASK,36.5
1999-09-28 00:00:00,MASK,37
1999-09-29 00:00:00,MASK,36
1999-09-30 00:00:00,MASK,35.5
1999-10-01 00:00:00,MASK,36.75
1999-10-04 00:00:00,MASK,37
1999-10-05 00:00:00,MASK,36
1999-10-06 00:00:00,MASK,35
1999-10-07 00:00:00,MASK,33.25
1999-10-08 00:00:00,MASK,35
1999-10-11 00:00:00,MASK,33.5
1999-10-12 00:00:00,MASK,30.5
1999-10-13 00:00:00,MASK,29.75
1999-10-14 00:00:00,MASK,30
1999-10-15 00:00:00,MASK,29.75
1999-10-18 00:00:00,MASK,30.5
1999-10-19 00:00:00,MASK,30.5
1999-10-20 00:00:00,MASK,29
1999-10-21 00:00:00,MASK,28.5
1999-10-22 00:00:00,MASK,29
1999-10-25 00:00:00,MASK,28.5
1999-10-26 00:00:00,MASK,27
1999-10-27 00:00:00,MASK,27
1999-10-28 00:00:00,MASK,26.5
1999-10-29 00:00:00,MASK,26.5
1999-11-01 00:00:00,MASK,27
1999-11-02 00:00:00,MASK,27
1999-11-03 00:00:00,MASK,27.5
1999-11-04 00:00:00,MASK,28.25
1999-11-05 00:00:00,MASK,29
1999-11-08 00:00:00,MASK,29
1999-11-09 00:00:00,MASK,29
1999-11-10 00:00:00,MASK,28.5
1999-11-12 00:00:00,MASK,28
1999-11-15 00:00:00,MASK,27
1999-11-16 00:00:00,MASK,26.75
1999-11-17 00:00:00,MASK,27.25
1999-11-18 00:00:00,MASK,27.5
1999-11-19 00:00:00,MASK,27.5
1999-11-23 00:00:00,MASK,29.75
1999-11-24 00:00:00,MASK,29
1999-11-25 00:00:00,MASK,28
1999-11-26 00:00:00,MASK,28.5
1999-11-29 00:00:00,MASK,28
1999-11-30 00:00:00,MASK,28.25
1999-12-01 00:00:00,MASK,28.5
1999-12-02 00:00:00,MASK,29.5
1999-12-03 00:00:00,MASK,30
1999-12-06 00:00:00,MASK,31.25
1999-12-07 00:00:00,MASK,32.25
1999-12-08 00:00:00,MASK,32.5
1999-12-09 00:00:00,MASK,32
1999-12-10 00:00:00,MASK,32
1999-12-13 00:00:00,MASK,32
1999-12-14 00:00:00,MASK,31.5
1999-12-15 00:00:00,MASK,31.5
1999-12-16 00:00:00,MASK,32
1999-12-17 00:00:00,MASK,31.75
1999-12-20 00:00:00,MASK,31.5
1999-12-21 00:00:00,MASK,32
1999-12-23 00:00:00,MASK,31.5
1999-12-27 00:00:00,MASK,31
1999-12-28 00:00:00,MASK,29.5
1999-12-29 00:00:00,MASK,29.75
1999-12-30 00:00:00,MASK,30
1999-01-04 00:00:00,MBSL,4
1999-01-05 00:00:00,MBSL,4.25
1999-01-06 00:00:00,MBSL,4.25
1999-01-07 00:00:00,MBSL,4.25
1999-01-08 00:00:00,MBSL,4.25
1999-01-11 00:00:00,MBSL,4.25
1999-01-12 00:00:00,MBSL,4
1999-01-13 00:00:00,MBSL,4.25
1999-01-14 00:00:00,MBSL,4.25
1999-01-18 00:00:00,MBSL,5.25
1999-01-19 00:00:00,MBSL,5.25
1999-01-20 00:00:00,MBSL,5.25
1999-01-21 00:00:00,MBSL,5.25
1999-01-22 00:00:00,MBSL,5.25
1999-01-25 00:00:00,MBSL,5.25
1999-01-26 00:00:00,MBSL,5
1999-01-27 00:00:00,MBSL,4.75
1999-01-28 00:00:00,MBSL,4.75
SECURITY_DA,COMP,CLOSE_PRICE
-----------,----,-----------
1999-01-29 00:00:00,MBSL,5
1999-02-01 00:00:00,MBSL,5
1999-02-02 00:00:00,MBSL,4.75
1999-02-03 00:00:00,MBSL,4.75
1999-02-05 00:00:00,MBSL,4.5
1999-02-08 00:00:00,MBSL,4.5
1999-02-09 00:00:00,MBSL,4.5
1999-02-10 00:00:00,MBSL,4.5
1999-02-11 00:00:00,MBSL,4.75
1999-02-12 00:00:00,MBSL,5
1999-02-15 00:00:00,MBSL,5
1999-02-16 00:00:00,MBSL,5
1999-02-17 00:00:00,MBSL,4.75
1999-02-18 00:00:00,MBSL,4.75
1999-02-19 00:00:00,MBSL,4.5
1999-02-22 00:00:00,MBSL,4.5
1999-02-23 00:00:00,MBSL,4.5
1999-02-24 00:00:00,MBSL,4.5
1999-02-25 00:00:00,MBSL,4.5
1999-02-26 00:00:00,MBSL,4.5
1999-03-03 00:00:00,MBSL,4.5
SECURITY_DA,COMP,CLOSE_PRICE
-----------,----,-----------
1999-03-05 00:00:00,MBSL,4.25
1999-03-08 00:00:00,MBSL,4
1999-03-09 00:00:00,MBSL,4.25
1999-03-10 00:00:00,MBSL,4
1999-03-11 00:00:00,MBSL,4.25
1999-03-12 00:00:00,MBSL,4.25
1999-03-15 00:00:00,MBSL,4
1999-03-16 00:00:00,MBSL,4.25
1999-03-17 00:00:00,MBSL,4
1999-03-18 00:00:00,MBSL,4.25
1999-03-19 00:00:00,MBSL,4.25
1999-03-23 00:00:00,MBSL,4.25
1999-03-24 00:00:00,MBSL,4.25
1999-03-25 00:00:00,MBSL,4.25
1999-03-26 00:00:00,MBSL,4.25
1999-03-29 00:00:00,MBSL,4.25
1999-03-30 00:00:00,MBSL,4.25
1999-04-01 00:00:00,MBSL,4.25
1999-04-06 00:00:00,MBSL,4.5
1999-04-07 00:00:00,MBSL,4.25
1999-04-08 00:00:00,MBSL,4.25
SECURITY_DA,COMP,CLOSE_PRICE
-----------,----,-----------
1999-04-09 00:00:00,MBSL,4.25
1999-04-12 00:00:00,MBSL,4.25
1999-04-15 00:00:00,MBSL,4.25
1999-04-16 00:00:00,MBSL,4.25
1999-04-19 00:00:00,MBSL,4.25
1999-04-20 00:00:00,MBSL,4.25
1999-04-21 00:00:00,MBSL,4.25
1999-04-22 00:00:00,MBSL,4.25
1999-04-23 00:00:00,MBSL,4.25
1999-04-26 00:00:00,MBSL,4.25
1999-04-27 00:00:00,MBSL,4.25
1999-04-28 00:00:00,MBSL,4.25
1999-05-03 00:00:00,MBSL,4.25
1999-05-04 00:00:00,MBSL,4.25
1999-05-05 00:00:00,MBSL,4.25
1999-05-06 00:00:00,MBSL,4.25
1999-05-07 00:00:00,MBSL,4.25
1999-05-10 00:00:00,MBSL,4.25
1999-05-11 00:00:00,MBSL,4.25
1999-05-13 00:00:00,MBSL,4.25
1999-05-14 00:00:00,MBSL,4.25
SECURITY_DA,COMP,CLOSE_PRICE
-----------,----,-----------
1999-05-18 00:00:00,MBSL,4.25
1999-05-19 00:00:00,MBSL,4.25
1999-05-20 00:00:00,MBSL,4.25
1999-05-24 00:00:00,MBSL,4
1999-05-25 00:00:00,MBSL,4
1999-05-27 00:00:00,MBSL,4
1999-05-28 00:00:00,MBSL,4
1999-06-01 00:00:00,MBSL,4.25
1999-06-02 00:00:00,MBSL,4
1999-06-03 00:00:00,MBSL,3.75
1999-06-07 00:00:00,MBSL,4
1999-06-08 00:00:00,MBSL,4
1999-06-09 00:00:00,MBSL,4
1999-06-10 00:00:00,MBSL,4
1999-06-14 00:00:00,MBSL,4
1999-06-15 00:00:00,MBSL,4
1999-06-16 00:00:00,MBSL,4
1999-06-17 00:00:00,MBSL,3.75
1999-06-18 00:00:00,MBSL,3.75
1999-06-21 00:00:00,MBSL,3.75
1999-06-22 00:00:00,MBSL,3.75
SECURITY_DA,COMP,CLOSE_PRICE
-----------,----,-----------
1999-06-23 00:00:00,MBSL,3.75
1999-06-25 00:00:00,MBSL,3.75
1999-06-30 00:00:00,MBSL,3.75
1999-07-01 00:00:00,MBSL,4
1999-07-02 00:00:00,MBSL,4
1999-07-05 00:00:00,MBSL,4
1999-07-06 00:00:00,MBSL,4
1999-07-07 00:00:00,MBSL,3.75
1999-07-08 00:00:00,MBSL,3.75
1999-07-09 00:00:00,MBSL,4
1999-07-12 00:00:00,MBSL,3.75
1999-07-13 00:00:00,MBSL,3.75
1999-07-14 00:00:00,MBSL,4
1999-07-15 00:00:00,MBSL,3.75
1999-07-19 00:00:00,MBSL,4
1999-07-20 00:00:00,MBSL,4
1999-07-22 00:00:00,MBSL,4
1999-07-23 00:00:00,MBSL,3.75
1999-07-26 00:00:00,MBSL,3.75
1999-07-27 00:00:00,MBSL,4.25
1999-07-29 00:00:00,MBSL,4.25
SECURITY_DA,COMP,CLOSE_PRICE
-----------,----,-----------
1999-08-02 00:00:00,MBSL,4
1999-08-03 00:00:00,MBSL,4.25
1999-08-04 00:00:00,MBSL,4.25
1999-08-05 00:00:00,MBSL,4
1999-08-06 00:00:00,MBSL,4
1999-08-10 00:00:00,MBSL,4
1999-08-11 00:00:00,MBSL,4
1999-08-13 00:00:00,MBSL,4.25
1999-08-16 00:00:00,MBSL,4
1999-08-17 00:00:00,MBSL,4.25
1999-08-18 00:00:00,MBSL,4
1999-08-19 00:00:00,MBSL,4
1999-08-20 00:00:00,MBSL,4.25
1999-08-23 00:00:00,MBSL,4.25
1999-08-25 00:00:00,MBSL,4
1999-08-30 00:00:00,MBSL,4
1999-09-01 00:00:00,MBSL,4
1999-09-02 00:00:00,MBSL,4.25
1999-09-03 00:00:00,MBSL,4
1999-09-06 00:00:00,MBSL,4.25
1999-09-07 00:00:00,MBSL,4.25
SECURITY_DA,COMP,CLOSE_PRICE
-----------,----,-----------
1999-09-08 00:00:00,MBSL,4.25
1999-09-09 00:00:00,MBSL,4
1999-09-10 00:00:00,MBSL,4
1999-09-13 00:00:00,MBSL,4
1999-09-14 00:00:00,MBSL,4.25
1999-09-15 00:00:00,MBSL,4
1999-09-16 00:00:00,MBSL,4
1999-09-17 00:00:00,MBSL,4
1999-09-20 00:00:00,MBSL,4.25
1999-09-21 00:00:00,MBSL,4.25
1999-09-22 00:00:00,MBSL,4
1999-09-23 00:00:00,MBSL,4
1999-09-24 00:00:00,MBSL,4
1999-09-28 00:00:00,MBSL,4
1999-09-30 00:00:00,MBSL,4
1999-10-01 00:00:00,MBSL,4
1999-10-04 00:00:00,MBSL,4.25
1999-10-05 00:00:00,MBSL,4.25
1999-10-06 00:00:00,MBSL,4.25
1999-10-07 00:00:00,MBSL,4.25
1999-10-08 00:00:00,MBSL,4.25
SECURITY_DA,COMP,CLOSE_PRICE
-----------,----,-----------
1999-10-11 00:00:00,MBSL,4.25
1999-10-12 00:00:00,MBSL,4.25
1999-10-13 00:00:00,MBSL,4.25
1999-10-14 00:00:00,MBSL,4.25
1999-10-15 00:00:00,MBSL,4.25
1999-10-18 00:00:00,MBSL,4.25
1999-10-19 00:00:00,MBSL,4.25
1999-10-20 00:00:00,MBSL,4.5
1999-10-21 00:00:00,MBSL,4.25
1999-10-22 00:00:00,MBSL,4.25
1999-10-26 00:00:00,MBSL,4.25
1999-10-27 00:00:00,MBSL,4.25
1999-10-28 00:00:00,MBSL,4
1999-11-01 00:00:00,MBSL,4
1999-11-02 00:00:00,MBSL,4
1999-11-03 00:00:00,MBSL,4
1999-11-04 00:00:00,MBSL,4
1999-11-08 00:00:00,MBSL,4
1999-11-09 00:00:00,MBSL,4
1999-11-10 00:00:00,MBSL,3.75
1999-11-11 00:00:00,MBSL,4
SECURITY_DA,COMP,CLOSE_PRICE
-----------,----,-----------
1999-11-12 00:00:00,MBSL,4
1999-11-15 00:00:00,MBSL,4
1999-11-16 00:00:00,MBSL,4
1999-11-17 00:00:00,MBSL,4
1999-11-18 00:00:00,MBSL,4
1999-11-23 00:00:00,MBSL,4
1999-11-24 00:00:00,MBSL,4
1999-11-25 00:00:00,MBSL,4
1999-11-30 00:00:00,MBSL,4
1999-12-01 00:00:00,MBSL,4.25
1999-12-02 00:00:00,MBSL,4.25
1999-12-03 00:00:00,MBSL,4.25
1999-12-06 00:00:00,MBSL,4.25
1999-12-07 00:00:00,MBSL,4.25
1999-12-08 00:00:00,MBSL,4.5
1999-12-09 00:00:00,MBSL,4.75
1999-12-10 00:00:00,MBSL,4.75
1999-12-13 00:00:00,MBSL,5
1999-12-14 00:00:00,MBSL,5
1999-12-15 00:00:00,MBSL,5
1999-12-16 00:00:00,MBSL,4.5
SECURITY_DA,COMP,CLOSE_PRICE
-----------,----,-----------
1999-12-17 00:00:00,MBSL,5
1999-12-20 00:00:00,MBSL,4.75
1999-12-21 00:00:00,MBSL,5
1999-12-23 00:00:00,MBSL,4.5
1999-12-27 00:00:00,MBSL,4.5
1999-12-28 00:00:00,MBSL,4.5
1999-12-29 00:00:00,MBSL,4.5
1999-12-30 00:00:00,MBSL,4.5
1999-02-26 00:00:00,MIKE,22
1999-08-18 00:00:00,MIKE,21
1999-01-06 00:00:00,MILL,125
1999-01-12 00:00:00,MILL,125
1999-02-03 00:00:00,MILL,90
1999-02-05 00:00:00,MILL,90
1999-02-08 00:00:00,MILL,85
1999-02-09 00:00:00,MILL,80
1999-02-10 00:00:00,MILL,81
1999-02-12 00:00:00,MILL,81.5
1999-02-16 00:00:00,MILL,84
1999-02-17 00:00:00,MILL,100
1999-02-19 00:00:00,MILL,95
SECURITY_DA,COMP,CLOSE_PRICE
-----------,----,-----------
1999-02-22 00:00:00,MILL,90
1999-02-24 00:00:00,MILL,86
1999-02-26 00:00:00,MILL,86
1999-03-04 00:00:00,MILL,85
1999-03-10 00:00:00,MILL,85
1999-03-11 00:00:00,MILL,85
1999-06-10 00:00:00,MILL,85
1999-06-16 00:00:00,MILL,85
1999-06-17 00:00:00,MILL,85
1999-06-18 00:00:00,MILL,89
1999-06-21 00:00:00,MILL,86
1999-06-22 00:00:00,MILL,86
1999-06-25 00:00:00,MILL,86
1999-07-02 00:00:00,MILL,87
1999-07-07 00:00:00,MILL,91
1999-07-19 00:00:00,MILL,91
1999-09-03 00:00:00,MILL,91
1999-09-06 00:00:00,MILL,91
1999-09-07 00:00:00,MILL,90
1999-09-20 00:00:00,MILL,90
1999-09-22 00:00:00,MILL,90
SECURITY_DA,COMP,CLOSE_PRICE
-----------,----,-----------
1999-09-24 00:00:00,MILL,90
1999-09-29 00:00:00,MILL,100
1999-09-30 00:00:00,MILL,100
1999-10-11 00:00:00,MILL,102
1999-10-12 00:00:00,MILL,115
1999-10-13 00:00:00,MILL,115
1999-10-15 00:00:00,MILL,110
1999-11-17 00:00:00,MILL,110
1999-11-23 00:00:00,MILL,110
1999-12-03 00:00:00,MILL,110
1999-12-15 00:00:00,MILL,100
1999-12-20 00:00:00,MILL,95
1999-01-04 00:00:00,MLL,21.75
1999-01-05 00:00:00,MLL,21.25
1999-01-06 00:00:00,MLL,21.25
1999-01-07 00:00:00,MLL,21.5
1999-01-11 00:00:00,MLL,21.5
1999-01-12 00:00:00,MLL,21.5
1999-01-13 00:00:00,MLL,21.25
1999-01-14 00:00:00,MLL,21.25
1999-01-20 00:00:00,MLL,20.5
SECURITY_DA,COMP,CLOSE_PRICE
-----------,----,-----------
1999-01-21 00:00:00,MLL,20
1999-01-22 00:00:00,MLL,20.5
1999-01-25 00:00:00,MLL,20.5
1999-01-26 00:00:00,MLL,20
1999-01-27 00:00:00,MLL,20
1999-01-29 00:00:00,MLL,20
1999-02-01 00:00:00,MLL,20
1999-02-02 00:00:00,MLL,20
1999-02-03 00:00:00,MLL,19.75
1999-02-05 00:00:00,MLL,19.5
1999-02-10 00:00:00,MLL,21
1999-02-11 00:00:00,MLL,20.5
1999-02-16 00:00:00,MLL,20.5
1999-02-17 00:00:00,MLL,20
1999-02-19 00:00:00,MLL,20.5
1999-02-24 00:00:00,MLL,20.25
1999-03-03 00:00:00,MLL,18
1999-03-04 00:00:00,MLL,17.75
1999-03-05 00:00:00,MLL,17.5
1999-03-08 00:00:00,MLL,17.5
1999-03-10 00:00:00,MLL,16.75
SECURITY_DA,COMP,CLOSE_PRICE
-----------,----,-----------
1999-03-11 00:00:00,MLL,17
1999-03-12 00:00:00,MLL,15
1999-03-17 00:00:00,MLL,15
1999-03-19 00:00:00,MLL,15.5
1999-03-25 00:00:00,MLL,15.75
1999-03-29 00:00:00,MLL,15.5
1999-03-30 00:00:00,MLL,14.25
1999-04-08 00:00:00,MLL,15
1999-04-09 00:00:00,MLL,15
1999-04-16 00:00:00,MLL,15
1999-04-20 00:00:00,MLL,15
1999-04-21 00:00:00,MLL,15
1999-04-23 00:00:00,MLL,16
1999-04-26 00:00:00,MLL,16
1999-04-27 00:00:00,MLL,16
1999-04-28 00:00:00,MLL,17.5
1999-05-07 00:00:00,MLL,15.5
1999-05-11 00:00:00,MLL,15.5
1999-05-12 00:00:00,MLL,15.25
1999-05-13 00:00:00,MLL,15.5
1999-05-17 00:00:00,MLL,15.25
SECURITY_DA,COMP,CLOSE_PRICE
-----------,----,-----------
1999-05-20 00:00:00,MLL,15.5
1999-05-21 00:00:00,MLL,15.5
1999-05-24 00:00:00,MLL,15
1999-05-27 00:00:00,MLL,14.5
1999-05-28 00:00:00,MLL,16.5
1999-06-01 00:00:00,MLL,16
1999-06-02 00:00:00,MLL,16
1999-06-03 00:00:00,MLL,16.25
1999-06-04 00:00:00,MLL,16
1999-06-07 00:00:00,MLL,16
1999-06-08 00:00:00,MLL,15.75
1999-06-09 00:00:00,MLL,16
1999-06-10 00:00:00,MLL,16
1999-06-11 00:00:00,MLL,16
1999-06-15 00:00:00,MLL,16
1999-06-16 00:00:00,MLL,15
1999-06-18 00:00:00,MLL,15.5
1999-06-21 00:00:00,MLL,16
1999-06-22 00:00:00,MLL,15.75
1999-06-23 00:00:00,MLL,15.5
1999-06-24 00:00:00,MLL,15.5
SECURITY_DA,COMP,CLOSE_PRICE
-----------,----,-----------
1999-07-01 00:00:00,MLL,16
1999-07-02 00:00:00,MLL,16.25
1999-07-05 00:00:00,MLL,16
1999-07-06 00:00:00,MLL,16
1999-07-07 00:00:00,MLL,16.25
1999-07-08 00:00:00,MLL,16
1999-07-09 00:00:00,MLL,15.75
1999-07-12 00:00:00,MLL,15.75
1999-07-13 00:00:00,MLL,15.5
1999-07-14 00:00:00,MLL,15.75
1999-07-15 00:00:00,MLL,15.75
1999-07-16 00:00:00,MLL,16
1999-07-19 00:00:00,MLL,15.5
1999-07-20 00:00:00,MLL,16
1999-07-21 00:00:00,MLL,16
1999-07-22 00:00:00,MLL,17.5
1999-07-23 00:00:00,MLL,17.5
1999-07-26 00:00:00,MLL,17
1999-07-29 00:00:00,MLL,17
1999-07-30 00:00:00,MLL,17
1999-08-02 00:00:00,MLL,17.25
SECURITY_DA,COMP,CLOSE_PRICE
-----------,----,-----------
1999-08-03 00:00:00,MLL,18
1999-08-04 00:00:00,MLL,18
1999-08-05 00:00:00,MLL,18.5
1999-08-06 00:00:00,MLL,17.5
1999-08-09 00:00:00,MLL,16
1999-08-10 00:00:00,MLL,16.25
1999-08-12 00:00:00,MLL,16
1999-08-13 00:00:00,MLL,16.5
1999-08-16 00:00:00,MLL,16
1999-08-17 00:00:00,MLL,15.5
1999-08-18 00:00:00,MLL,14.5
1999-08-19 00:00:00,MLL,15.5
1999-08-20 00:00:00,MLL,16
1999-08-24 00:00:00,MLL,16
1999-08-25 00:00:00,MLL,15.75
1999-08-30 00:00:00,MLL,15.5
1999-08-31 00:00:00,MLL,15.5
1999-09-01 00:00:00,MLL,16
1999-09-02 00:00:00,MLL,15.75
1999-09-06 00:00:00,MLL,15.75
1999-09-07 00:00:00,MLL,15.75
SECURITY_DA,COMP,CLOSE_PRICE
-----------,----,-----------
1999-09-08 00:00:00,MLL,15.75
1999-09-09 00:00:00,MLL,15.75
1999-09-10 00:00:00,MLL,15.75
1999-09-13 00:00:00,MLL,16
1999-09-14 00:00:00,MLL,16
1999-09-15 00:00:00,MLL,16
1999-09-16 00:00:00,MLL,16
1999-09-17 00:00:00,MLL,16
1999-09-21 00:00:00,MLL,15.75
1999-09-22 00:00:00,MLL,15.75
1999-09-24 00:00:00,MLL,16
1999-09-28 00:00:00,MLL,15.5
1999-09-29 00:00:00,MLL,15
1999-10-05 00:00:00,MLL,15.5
1999-10-06 00:00:00,MLL,15.5
1999-10-07 00:00:00,MLL,15.25
1999-10-14 00:00:00,MLL,15.5
1999-10-15 00:00:00,MLL,15
1999-10-21 00:00:00,MLL,15
1999-10-22 00:00:00,MLL,15.75
1999-10-25 00:00:00,MLL,15.5
SECURITY_DA,COMP,CLOSE_PRICE
-----------,----,-----------
1999-10-26 00:00:00,MLL,15.5
1999-10-27 00:00:00,MLL,15.5
1999-10-28 00:00:00,MLL,15.5
1999-10-29 00:00:00,MLL,15.5
1999-11-01 00:00:00,MLL,15.5
1999-11-02 00:00:00,MLL,15
1999-11-03 00:00:00,MLL,15.5
1999-11-04 00:00:00,MLL,15.5
1999-11-05 00:00:00,MLL,15.5
1999-11-11 00:00:00,MLL,16.5
1999-11-16 00:00:00,MLL,15.75
1999-11-23 00:00:00,MLL,16
1999-11-25 00:00:00,MLL,16
1999-11-26 00:00:00,MLL,16.5
1999-12-01 00:00:00,MLL,16.5
1999-12-02 00:00:00,MLL,16.5
1999-12-03 00:00:00,MLL,16.5
1999-12-07 00:00:00,MLL,16.5
1999-12-08 00:00:00,MLL,16.5
1999-12-09 00:00:00,MLL,16.5
1999-12-10 00:00:00,MLL,16.75
SECURITY_DA,COMP,CLOSE_PRICE
-----------,----,-----------
1999-12-13 00:00:00,MLL,17
1999-12-14 00:00:00,MLL,17
1999-12-15 00:00:00,MLL,16.75
1999-12-17 00:00:00,MLL,17
1999-12-20 00:00:00,MLL,16.5
1999-12-21 00:00:00,MLL,17.25
1999-12-23 00:00:00,MLL,17
1999-12-28 00:00:00,MLL,16
1999-12-29 00:00:00,MLL,15.75
1999-12-30 00:00:00,MLL,15.75
1999-07-09 00:00:00,MORI,125
1999-07-21 00:00:00,MORI,125
1999-08-10 00:00:00,MORI,128
1999-08-11 00:00:00,MORI,128
1999-08-12 00:00:00,MORI,128
1999-10-08 00:00:00,MORI,128
1999-11-23 00:00:00,MORI,128
1999-11-24 00:00:00,MORI,128
1999-12-29 00:00:00,MORI,125
1999-01-11 00:00:00,MPAC,20
1999-01-12 00:00:00,MPAC,16
SECURITY_DA,COMP,CLOSE_PRICE
-----------,----,-----------
1999-01-14 00:00:00,MPAC,12
1999-01-22 00:00:00,MPAC,13
1999-02-01 00:00:00,MPAC,13
1999-02-03 00:00:00,MPAC,13
1999-04-19 00:00:00,MPAC,13
1999-05-12 00:00:00,MPRH,25
1999-12-30 00:00:00,MPRH,25
1999-01-14 00:00:00,MRH,6
1999-01-20 00:00:00,MRH,6
1999-01-21 00:00:00,MRH,5.5
1999-01-22 00:00:00,MRH,5.5
1999-01-25 00:00:00,MRH,5.25
1999-02-03 00:00:00,MRH,5.25
1999-02-05 00:00:00,MRH,5.25
1999-02-08 00:00:00,MRH,5.25
1999-02-19 00:00:00,MRH,5
1999-02-22 00:00:00,MRH,5
1999-02-23 00:00:00,MRH,5
1999-02-25 00:00:00,MRH,5
1999-02-26 00:00:00,MRH,4.5
1999-03-03 00:00:00,MRH,5
SECURITY_DA,COMP,CLOSE_PRICE
-----------,----,-----------
1999-03-04 00:00:00,MRH,5
1999-03-05 00:00:00,MRH,5
1999-03-08 00:00:00,MRH,5
1999-03-10 00:00:00,MRH,5
1999-03-11 00:00:00,MRH,5
1999-03-12 00:00:00,MRH,5
1999-03-23 00:00:00,MRH,5
1999-03-24 00:00:00,MRH,5
1999-03-30 00:00:00,MRH,5
1999-04-20 00:00:00,MRH,5
1999-04-21 00:00:00,MRH,5
1999-04-23 00:00:00,MRH,5
1999-04-26 00:00:00,MRH,5
1999-05-05 00:00:00,MRH,4
1999-05-10 00:00:00,MRH,4.5
1999-05-12 00:00:00,MRH,4.5
1999-05-25 00:00:00,MRH,5.5
1999-05-27 00:00:00,MRH,5.75
1999-06-01 00:00:00,MRH,4.75
1999-06-03 00:00:00,MRH,5
1999-06-09 00:00:00,MRH,4.75
SECURITY_DA,COMP,CLOSE_PRICE
-----------,----,-----------
1999-06-11 00:00:00,MRH,4.5
1999-06-15 00:00:00,MRH,5.75
1999-07-12 00:00:00,MRH,5.5
1999-07-15 00:00:00,MRH,5
1999-07-26 00:00:00,MRH,4.5
1999-08-02 00:00:00,MRH,4.75
1999-08-23 00:00:00,MRH,4.75
1999-08-31 00:00:00,MRH,4.5
1999-09-01 00:00:00,MRH,5
1999-09-02 00:00:00,MRH,5
1999-09-03 00:00:00,MRH,4.5
1999-09-07 00:00:00,MRH,4.5
1999-09-13 00:00:00,MRH,5
1999-09-14 00:00:00,MRH,5
1999-09-15 00:00:00,MRH,5
1999-09-16 00:00:00,MRH,5
1999-09-21 00:00:00,MRH,4.5
1999-10-01 00:00:00,MRH,4.5
1999-10-20 00:00:00,MRH,4.5
1999-10-21 00:00:00,MRH,4.75
1999-10-22 00:00:00,MRH,4.75
SECURITY_DA,COMP,CLOSE_PRICE
-----------,----,-----------
1999-10-27 00:00:00,MRH,4.75
1999-10-29 00:00:00,MRH,5
1999-11-03 00:00:00,MRH,6.5
1999-11-05 00:00:00,MRH,5
1999-11-11 00:00:00,MRH,5
1999-12-08 00:00:00,MRH,5
1999-12-09 00:00:00,MRH,5.25
1999-12-10 00:00:00,MRH,5.5
1999-12-14 00:00:00,MRH,6
1999-12-15 00:00:00,MRH,5
1999-12-17 00:00:00,MRH,5.5
1999-12-21 00:00:00,MRH,5.5
1999-12-27 00:00:00,MRH,5
1999-12-29 00:00:00,MRH,5
1999-06-25 00:00:00,MRL,15
1999-10-13 00:00:00,MRL,12
1999-01-05 00:00:00,MSL,32.5
1999-01-06 00:00:00,MSL,32.5
1999-03-03 00:00:00,MSL,36
1999-03-10 00:00:00,MSL,35
1999-07-15 00:00:00,MSL,35
SECURITY_DA,COMP,CLOSE_PRICE
-----------,----,-----------
1999-01-11 00:00:00,MULL,4
1999-02-08 00:00:00,MULL,4
1999-10-11 00:00:00,MULL,4
1999-10-20 00:00:00,MULL,4
1999-11-12 00:00:00,MULL,4
1999-12-14 00:00:00,MULL,5
1999-12-15 00:00:00,MULL,4
1999-03-10 00:00:00,NAMU,8.25
1999-03-11 00:00:00,NAMU,8
1999-03-12 00:00:00,NAMU,7.25
1999-03-15 00:00:00,NAMU,6.75
1999-03-16 00:00:00,NAMU,6.75
1999-03-17 00:00:00,NAMU,7
1999-03-18 00:00:00,NAMU,7.5
1999-03-19 00:00:00,NAMU,8
1999-03-22 00:00:00,NAMU,8.25
1999-03-23 00:00:00,NAMU,8.5
1999-03-24 00:00:00,NAMU,8.25
1999-03-25 00:00:00,NAMU,8
1999-03-26 00:00:00,NAMU,7.5
1999-03-29 00:00:00,NAMU,7.75
SECURITY_DA,COMP,CLOSE_PRICE
-----------,----,-----------
1999-03-30 00:00:00,NAMU,7.25
1999-04-05 00:00:00,NAMU,7.5
1999-04-06 00:00:00,NAMU,8
1999-04-07 00:00:00,NAMU,9
1999-04-08 00:00:00,NAMU,9
1999-04-09 00:00:00,NAMU,9
1999-04-12 00:00:00,NAMU,9
1999-04-15 00:00:00,NAMU,9.25
1999-04-16 00:00:00,NAMU,9.25
1999-04-19 00:00:00,NAMU,9
1999-04-20 00:00:00,NAMU,8.75
1999-04-21 00:00:00,NAMU,8.5
1999-04-22 00:00:00,NAMU,8.5
1999-04-23 00:00:00,NAMU,9
1999-04-27 00:00:00,NAMU,9
1999-04-28 00:00:00,NAMU,9
1999-05-03 00:00:00,NAMU,8.75
1999-05-04 00:00:00,NAMU,8.5
1999-05-05 00:00:00,NAMU,8
1999-05-06 00:00:00,NAMU,8
1999-05-07 00:00:00,NAMU,7.75
SECURITY_DA,COMP,CLOSE_PRICE
-----------,----,-----------
1999-05-10 00:00:00,NAMU,7.75
1999-05-11 00:00:00,NAMU,7.5
1999-05-12 00:00:00,NAMU,7
1999-05-13 00:00:00,NAMU,6
1999-05-17 00:00:00,NAMU,6.5
1999-05-18 00:00:00,NAMU,6.75
1999-05-19 00:00:00,NAMU,7.5
1999-05-20 00:00:00,NAMU,7.75
1999-05-21 00:00:00,NAMU,7.75
1999-05-24 00:00:00,NAMU,8
1999-05-25 00:00:00,NAMU,8
1999-05-26 00:00:00,NAMU,8
1999-05-27 00:00:00,NAMU,7.5
1999-05-28 00:00:00,NAMU,7.5
1999-06-01 00:00:00,NAMU,7.5
1999-06-02 00:00:00,NAMU,7.5
1999-06-03 00:00:00,NAMU,7.25
1999-06-04 00:00:00,NAMU,7.25
1999-06-07 00:00:00,NAMU,7.5
1999-06-08 00:00:00,NAMU,7.5
1999-06-09 00:00:00,NAMU,7
SECURITY_DA,COMP,CLOSE_PRICE
-----------,----,-----------
1999-06-10 00:00:00,NAMU,7.25
1999-06-11 00:00:00,NAMU,8.5
1999-06-14 00:00:00,NAMU,7.25
1999-06-15 00:00:00,NAMU,7.25
1999-06-16 00:00:00,NAMU,7.25
1999-06-17 00:00:00,NAMU,7.25
1999-06-18 00:00:00,NAMU,7
1999-06-21 00:00:00,NAMU,7
1999-06-22 00:00:00,NAMU,7
1999-06-23 00:00:00,NAMU,7.5
1999-06-25 00:00:00,NAMU,7.25
1999-06-30 00:00:00,NAMU,7.25
1999-07-01 00:00:00,NAMU,7.5
1999-07-02 00:00:00,NAMU,7.75
1999-07-05 00:00:00,NAMU,7.75
1999-07-06 00:00:00,NAMU,7.5
1999-07-07 00:00:00,NAMU,7.5
1999-07-08 00:00:00,NAMU,7.25
1999-07-09 00:00:00,NAMU,7
1999-07-12 00:00:00,NAMU,7
1999-07-13 00:00:00,NAMU,7.25
SECURITY_DA,COMP,CLOSE_PRICE
-----------,----,-----------
1999-07-14 00:00:00,NAMU,7
1999-07-15 00:00:00,NAMU,7
1999-07-19 00:00:00,NAMU,7.5
1999-07-20 00:00:00,NAMU,7.25
1999-07-21 00:00:00,NAMU,7.25
1999-07-22 00:00:00,NAMU,7
1999-07-23 00:00:00,NAMU,7.25
1999-07-26 00:00:00,NAMU,7.5
1999-07-27 00:00:00,NAMU,7
1999-07-30 00:00:00,NAMU,7.25
1999-08-02 00:00:00,NAMU,8.25
1999-08-03 00:00:00,NAMU,12.25
1999-08-04 00:00:00,NAMU,14
1999-08-05 00:00:00,NAMU,12.25
1999-08-06 00:00:00,NAMU,11
1999-08-09 00:00:00,NAMU,12
1999-08-10 00:00:00,NAMU,12.75
1999-08-11 00:00:00,NAMU,12
1999-08-12 00:00:00,NAMU,11
1999-08-13 00:00:00,NAMU,11.75
1999-08-16 00:00:00,NAMU,11.25
SECURITY_DA,COMP,CLOSE_PRICE
-----------,----,-----------
1999-08-17 00:00:00,NAMU,11.25
1999-08-18 00:00:00,NAMU,10.5
1999-08-19 00:00:00,NAMU,11.75
1999-08-20 00:00:00,NAMU,11.5
1999-08-23 00:00:00,NAMU,11.75
1999-08-24 00:00:00,NAMU,11.5
1999-08-25 00:00:00,NAMU,11.5
1999-08-30 00:00:00,NAMU,11.5
1999-08-31 00:00:00,NAMU,11.25
1999-09-01 00:00:00,NAMU,11.25
1999-09-02 00:00:00,NAMU,10.5
1999-09-03 00:00:00,NAMU,11.25
1999-09-06 00:00:00,NAMU,11.75
1999-09-07 00:00:00,NAMU,11.75
1999-09-08 00:00:00,NAMU,11.5
1999-09-09 00:00:00,NAMU,12
1999-09-10 00:00:00,NAMU,12
1999-09-13 00:00:00,NAMU,12
1999-09-14 00:00:00,NAMU,12.5
1999-09-15 00:00:00,NAMU,12.5
1999-09-16 00:00:00,NAMU,12.75
SECURITY_DA,COMP,CLOSE_PRICE
-----------,----,-----------
1999-09-17 00:00:00,NAMU,12.5
1999-09-20 00:00:00,NAMU,13.25
1999-09-21 00:00:00,NAMU,14.25
1999-09-22 00:00:00,NAMU,14.5
1999-09-23 00:00:00,NAMU,15
1999-09-24 00:00:00,NAMU,15.5
1999-09-27 00:00:00,NAMU,17.75
1999-09-28 00:00:00,NAMU,19.25
1999-09-29 00:00:00,NAMU,18
1999-09-30 00:00:00,NAMU,17.75
1999-10-01 00:00:00,NAMU,18
1999-10-04 00:00:00,NAMU,18.5
1999-10-05 00:00:00,NAMU,17.5
1999-10-06 00:00:00,NAMU,16.75
1999-10-07 00:00:00,NAMU,16.25
1999-10-08 00:00:00,NAMU,16.5
1999-10-11 00:00:00,NAMU,16
1999-10-12 00:00:00,NAMU,14.25
1999-10-13 00:00:00,NAMU,14
1999-10-14 00:00:00,NAMU,14
1999-10-15 00:00:00,NAMU,14.5
SECURITY_DA,COMP,CLOSE_PRICE
-----------,----,-----------
1999-10-18 00:00:00,NAMU,15.25
1999-10-19 00:00:00,NAMU,15
1999-10-20 00:00:00,NAMU,14.75
1999-10-21 00:00:00,NAMU,13.5
1999-10-22 00:00:00,NAMU,14.25
1999-10-25 00:00:00,NAMU,13.75
1999-10-26 00:00:00,NAMU,13
1999-10-27 00:00:00,NAMU,13.25
1999-10-28 00:00:00,NAMU,12.5
1999-10-29 00:00:00,NAMU,13.5
1999-11-01 00:00:00,NAMU,13
1999-11-02 00:00:00,NAMU,12.75
1999-11-03 00:00:00,NAMU,13.25
1999-11-04 00:00:00,NAMU,14
1999-11-05 00:00:00,NAMU,13.75
1999-11-08 00:00:00,NAMU,13.75
1999-11-09 00:00:00,NAMU,13.75
1999-11-10 00:00:00,NAMU,13.75
1999-11-11 00:00:00,NAMU,13.5
1999-11-12 00:00:00,NAMU,14
1999-11-15 00:00:00,NAMU,13.75
SECURITY_DA,COMP,CLOSE_PRICE
-----------,----,-----------
1999-11-16 00:00:00,NAMU,13
1999-11-17 00:00:00,NAMU,13.5
1999-11-18 00:00:00,NAMU,13
1999-11-19 00:00:00,NAMU,13.75
1999-11-23 00:00:00,NAMU,14.5
1999-11-24 00:00:00,NAMU,14.5
1999-11-26 00:00:00,NAMU,13
1999-11-30 00:00:00,NAMU,13.75
1999-12-01 00:00:00,NAMU,14
1999-12-02 00:00:00,NAMU,14.25
1999-12-03 00:00:00,NAMU,15
1999-12-06 00:00:00,NAMU,16
1999-12-07 00:00:00,NAMU,16.5
1999-12-08 00:00:00,NAMU,15.75
1999-12-09 00:00:00,NAMU,15.5
1999-12-10 00:00:00,NAMU,15.5
1999-12-13 00:00:00,NAMU,16.5
1999-12-14 00:00:00,NAMU,16
1999-12-15 00:00:00,NAMU,15
1999-12-16 00:00:00,NAMU,15.75
1999-12-17 00:00:00,NAMU,16
SECURITY_DA,COMP,CLOSE_PRICE
-----------,----,-----------
1999-12-20 00:00:00,NAMU,16
1999-12-21 00:00:00,NAMU,16.5
1999-12-23 00:00:00,NAMU,15.5
1999-12-27 00:00:00,NAMU,15
1999-12-28 00:00:00,NAMU,14
1999-12-29 00:00:00,NAMU,15
1999-12-30 00:00:00,NAMU,15.5
1999-01-04 00:00:00,NDB,124.75
1999-01-05 00:00:00,NDB,124
1999-01-06 00:00:00,NDB,124
1999-01-07 00:00:00,NDB,124
1999-01-08 00:00:00,NDB,123
1999-01-11 00:00:00,NDB,122
1999-01-12 00:00:00,NDB,123.25
1999-01-13 00:00:00,NDB,125.5
1999-01-14 00:00:00,NDB,124
1999-01-18 00:00:00,NDB,120.5
1999-01-19 00:00:00,NDB,124
1999-01-20 00:00:00,NDB,123
1999-01-21 00:00:00,NDB,124.5
1999-01-22 00:00:00,NDB,125
1999-01-25 00:00:00,NDB,126
1999-01-26 00:00:00,NDB,125
1999-01-27 00:00:00,NDB,123
1999-01-28 00:00:00,NDB,120
1999-01-29 00:00:00,NDB,124
1999-02-01 00:00:00,NDB,128.5
1999-02-02 00:00:00,NDB,126
1999-02-03 00:00:00,NDB,127
1999-02-05 00:00:00,NDB,126.5
1999-02-08 00:00:00,NDB,126
1999-02-09 00:00:00,NDB,126
1999-02-10 00:00:00,NDB,126.25
1999-02-11 00:00:00,NDB,128
1999-02-12 00:00:00,NDB,128
1999-02-15 00:00:00,NDB,128
1999-02-16 00:00:00,NDB,128.75
1999-02-17 00:00:00,NDB,128
1999-02-18 00:00:00,NDB,127
1999-02-19 00:00:00,NDB,126.5
1999-02-22 00:00:00,NDB,124.5
1999-02-23 00:00:00,NDB,122
1999-02-24 00:00:00,NDB,115.25
1999-02-25 00:00:00,NDB,116
1999-02-26 00:00:00,NDB,122
1999-03-02 00:00:00,NDB,122
1999-03-03 00:00:00,NDB,120
1999-03-04 00:00:00,NDB,119.5
1999-03-05 00:00:00,NDB,118.25
1999-03-08 00:00:00,NDB,111
1999-03-09 00:00:00,NDB,115
1999-03-10 00:00:00,NDB,115
1999-03-11 00:00:00,NDB,114.25
1999-03-12 00:00:00,NDB,114
1999-03-15 00:00:00,NDB,112.5
1999-03-16 00:00:00,NDB,110
1999-03-17 00:00:00,NDB,113
1999-03-18 00:00:00,NDB,110
1999-03-19 00:00:00,NDB,112
1999-03-22 00:00:00,NDB,113.25
1999-03-23 00:00:00,NDB,105.5
1999-03-24 00:00:00,NDB,105.5
1999-03-25 00:00:00,NDB,103
1999-03-26 00:00:00,NDB,100.5
1999-03-29 00:00:00,NDB,101
1999-03-30 00:00:00,NDB,102
1999-04-01 00:00:00,NDB,103
1999-04-05 00:00:00,NDB,105.25
1999-04-07 00:00:00,NDB,110
1999-04-08 00:00:00,NDB,114.75
1999-04-09 00:00:00,NDB,117
1999-04-12 00:00:00,NDB,116.75
1999-04-15 00:00:00,NDB,114
1999-04-16 00:00:00,NDB,113
1999-04-19 00:00:00,NDB,110.25
1999-04-20 00:00:00,NDB,108
1999-04-21 00:00:00,NDB,108.5
1999-04-22 00:00:00,NDB,108
1999-04-23 00:00:00,NDB,108
1999-04-26 00:00:00,NDB,108
1999-04-27 00:00:00,NDB,108
1999-04-28 00:00:00,NDB,105.75
1999-05-03 00:00:00,NDB,106
1999-05-04 00:00:00,NDB,102
1999-05-05 00:00:00,NDB,100
1999-05-06 00:00:00,NDB,101
1999-05-07 00:00:00,NDB,101.25
1999-05-10 00:00:00,NDB,100
1999-05-11 00:00:00,NDB,100.5
1999-05-12 00:00:00,NDB,100.5
1999-05-13 00:00:00,NDB,100
1999-05-14 00:00:00,NDB,100
1999-05-17 00:00:00,NDB,105
1999-05-18 00:00:00,NDB,104
1999-05-19 00:00:00,NDB,98.25
1999-05-20 00:00:00,NDB,103
1999-05-21 00:00:00,NDB,102
1999-05-24 00:00:00,NDB,103
1999-05-25 00:00:00,NDB,102.75
1999-05-26 00:00:00,NDB,100
1999-05-27 00:00:00,NDB,98
1999-05-28 00:00:00,NDB,99.5
1999-06-01 00:00:00,NDB,98
1999-06-02 00:00:00,NDB,100
1999-06-03 00:00:00,NDB,97.5
1999-06-04 00:00:00,NDB,96.75
1999-06-07 00:00:00,NDB,97
1999-06-08 00:00:00,NDB,90
1999-06-09 00:00:00,NDB,92
1999-06-10 00:00:00,NDB,92
1999-06-11 00:00:00,NDB,93
1999-06-14 00:00:00,NDB,90.75
1999-06-15 00:00:00,NDB,90.5
1999-06-16 00:00:00,NDB,89.5
1999-06-17 00:00:00,NDB,86.25
1999-06-18 00:00:00,NDB,83
1999-06-21 00:00:00,NDB,83.25
1999-06-22 00:00:00,NDB,84
1999-06-23 00:00:00,NDB,85.25
1999-06-24 00:00:00,NDB,84
1999-06-25 00:00:00,NDB,85
1999-06-30 00:00:00,NDB,87
1999-07-01 00:00:00,NDB,90
1999-07-02 00:00:00,NDB,89.5
1999-07-05 00:00:00,NDB,89.5
1999-07-06 00:00:00,NDB,89
1999-07-07 00:00:00,NDB,89
1999-07-08 00:00:00,NDB,88
1999-07-09 00:00:00,NDB,90
1999-07-12 00:00:00,NDB,90
1999-07-13 00:00:00,NDB,90
1999-07-14 00:00:00,NDB,90
1999-07-15 00:00:00,NDB,91
1999-07-16 00:00:00,NDB,95
1999-07-19 00:00:00,NDB,96.5
1999-07-20 00:00:00,NDB,104
1999-07-21 00:00:00,NDB,105
1999-07-22 00:00:00,NDB,116
1999-07-23 00:00:00,NDB,125
1999-07-26 00:00:00,NDB,124
1999-07-27 00:00:00,NDB,120
1999-07-29 00:00:00,NDB,120
1999-07-30 00:00:00,NDB,122
1999-08-02 00:00:00,NDB,123
1999-08-03 00:00:00,NDB,125
1999-08-04 00:00:00,NDB,125
1999-08-05 00:00:00,NDB,125
1999-08-06 00:00:00,NDB,124
1999-08-09 00:00:00,NDB,124
1999-08-10 00:00:00,NDB,122.25
1999-08-11 00:00:00,NDB,122
1999-08-12 00:00:00,NDB,121
1999-08-13 00:00:00,NDB,121
1999-08-16 00:00:00,NDB,120
1999-08-17 00:00:00,NDB,118
1999-08-18 00:00:00,NDB,115
1999-08-19 00:00:00,NDB,115
1999-08-20 00:00:00,NDB,120.5
1999-08-23 00:00:00,NDB,119
1999-08-24 00:00:00,NDB,120
1999-08-25 00:00:00,NDB,120.25
1999-08-30 00:00:00,NDB,120.25
1999-08-31 00:00:00,NDB,120.5
1999-09-01 00:00:00,NDB,120
1999-09-02 00:00:00,NDB,120
1999-09-03 00:00:00,NDB,120
1999-09-06 00:00:00,NDB,119.25
1999-09-07 00:00:00,NDB,120
1999-09-08 00:00:00,NDB,120
1999-09-09 00:00:00,NDB,118
1999-09-10 00:00:00,NDB,119
1999-09-13 00:00:00,NDB,116.25
1999-09-14 00:00:00,NDB,115.25
1999-09-15 00:00:00,NDB,115.5
1999-09-16 00:00:00,NDB,115.75
1999-09-17 00:00:00,NDB,116
1999-09-20 00:00:00,NDB,116.25
1999-09-21 00:00:00,NDB,117.25
1999-09-22 00:00:00,NDB,118
1999-09-23 00:00:00,NDB,118
1999-09-24 00:00:00,NDB,117
1999-09-27 00:00:00,NDB,116
1999-09-28 00:00:00,NDB,116.25
1999-09-29 00:00:00,NDB,116
1999-10-01 00:00:00,NDB,116
1999-10-04 00:00:00,NDB,115
1999-10-05 00:00:00,NDB,113
1999-10-06 00:00:00,NDB,110
1999-10-07 00:00:00,NDB,110
1999-10-08 00:00:00,NDB,110
1999-10-11 00:00:00,NDB,110.25
1999-10-12 00:00:00,NDB,111
1999-10-13 00:00:00,NDB,108
1999-10-14 00:00:00,NDB,105
1999-10-15 00:00:00,NDB,102
1999-10-18 00:00:00,NDB,103
1999-10-19 00:00:00,NDB,102
1999-10-20 00:00:00,NDB,103
1999-10-21 00:00:00,NDB,103
1999-10-22 00:00:00,NDB,102.5
1999-10-25 00:00:00,NDB,100
1999-10-26 00:00:00,NDB,100
1999-10-27 00:00:00,NDB,98.75
1999-10-28 00:00:00,NDB,95
1999-10-29 00:00:00,NDB,95.5
1999-11-01 00:00:00,NDB,97
1999-11-02 00:00:00,NDB,95
1999-11-03 00:00:00,NDB,95
1999-11-04 00:00:00,NDB,97.25
1999-11-05 00:00:00,NDB,100
1999-11-08 00:00:00,NDB,100.5
1999-11-09 00:00:00,NDB,102
1999-11-10 00:00:00,NDB,105
1999-11-12 00:00:00,NDB,107
1999-11-15 00:00:00,NDB,104.75
1999-11-16 00:00:00,NDB,102
1999-11-17 00:00:00,NDB,101.25
1999-11-18 00:00:00,NDB,101.5
1999-11-19 00:00:00,NDB,102
1999-11-23 00:00:00,NDB,104
1999-11-25 00:00:00,NDB,107
1999-11-26 00:00:00,NDB,107
1999-11-29 00:00:00,NDB,105
1999-11-30 00:00:00,NDB,105
1999-12-01 00:00:00,NDB,105
1999-12-02 00:00:00,NDB,107
1999-12-03 00:00:00,NDB,110
1999-12-06 00:00:00,NDB,110.25
1999-12-07 00:00:00,NDB,113
1999-12-08 00:00:00,NDB,118.25
1999-12-09 00:00:00,NDB,119
1999-12-10 00:00:00,NDB,119
1999-12-13 00:00:00,NDB,135
1999-12-14 00:00:00,NDB,133.5
1999-12-15 00:00:00,NDB,127
1999-12-16 00:00:00,NDB,125.5
1999-12-17 00:00:00,NDB,129
1999-12-20 00:00:00,NDB,127
1999-12-21 00:00:00,NDB,130
1999-12-23 00:00:00,NDB,124.75
1999-12-27 00:00:00,NDB,120
1999-12-28 00:00:00,NDB,117
1999-12-29 00:00:00,NDB,114
1999-12-30 00:00:00,NDB,115
1999-03-30 00:00:00,NEH,200
1999-04-09 00:00:00,NEH,200
1999-07-23 00:00:00,NEH,250
1999-08-09 00:00:00,NEH,260
1999-08-10 00:00:00,NEH,270
1999-08-11 00:00:00,NEH,280
1999-08-30 00:00:00,NEH,290
1999-09-08 00:00:00,NEH,220
1999-09-15 00:00:00,NEH,310
1999-12-17 00:00:00,NEH,350
1999-12-29 00:00:00,NEH,300
1999-01-05 00:00:00,NEST,55
1999-01-06 00:00:00,NEST,57
1999-01-07 00:00:00,NEST,58
1999-01-08 00:00:00,NEST,58
1999-01-11 00:00:00,NEST,58.5
1999-01-12 00:00:00,NEST,57
1999-01-13 00:00:00,NEST,58.5
1999-01-14 00:00:00,NEST,57
1999-01-18 00:00:00,NEST,57.5
1999-01-19 00:00:00,NEST,57.5
1999-01-20 00:00:00,NEST,57.75
1999-01-21 00:00:00,NEST,57
1999-01-25 00:00:00,NEST,58
1999-01-26 00:00:00,NEST,58
1999-01-27 00:00:00,NEST,58
1999-01-28 00:00:00,NEST,60
1999-01-29 00:00:00,NEST,59
1999-02-01 00:00:00,NEST,59
1999-02-02 00:00:00,NEST,60
1999-02-03 00:00:00,NEST,59
1999-02-05 00:00:00,NEST,59
1999-02-08 00:00:00,NEST,59
1999-02-09 00:00:00,NEST,59
1999-02-11 00:00:00,NEST,62
1999-02-12 00:00:00,NEST,63
1999-02-16 00:00:00,NEST,62.5
1999-02-17 00:00:00,NEST,63
1999-02-18 00:00:00,NEST,64.5
1999-02-19 00:00:00,NEST,63
1999-02-22 00:00:00,NEST,63.5
1999-02-23 00:00:00,NEST,63.5
1999-02-24 00:00:00,NEST,63
1999-02-25 00:00:00,NEST,62.25
1999-02-26 00:00:00,NEST,62
1999-03-02 00:00:00,NEST,60
1999-03-03 00:00:00,NEST,60
1999-03-04 00:00:00,NEST,58.5
1999-03-05 00:00:00,NEST,58.25
1999-03-08 00:00:00,NEST,58
1999-03-09 00:00:00,NEST,56.25
1999-03-10 00:00:00,NEST,56.75
1999-03-11 00:00:00,NEST,58
1999-03-12 00:00:00,NEST,58
1999-03-16 00:00:00,NEST,58
1999-03-17 00:00:00,NEST,58.25
1999-03-18 00:00:00,NEST,58.5
1999-03-19 00:00:00,NEST,58.5
1999-03-23 00:00:00,NEST,58.5
1999-03-24 00:00:00,NEST,58.5
1999-03-26 00:00:00,NEST,57.5
1999-03-30 00:00:00,NEST,58.5
1999-04-05 00:00:00,NEST,57
1999-04-08 00:00:00,NEST,58.75
1999-04-09 00:00:00,NEST,59
1999-04-15 00:00:00,NEST,59
1999-04-16 00:00:00,NEST,59
1999-04-19 00:00:00,NEST,59.25
1999-04-20 00:00:00,NEST,59.5
1999-04-21 00:00:00,NEST,59.5
1999-04-22 00:00:00,NEST,59.5
1999-04-23 00:00:00,NEST,60
1999-04-26 00:00:00,NEST,61.5
1999-04-27 00:00:00,NEST,63
1999-04-28 00:00:00,NEST,63
1999-05-03 00:00:00,NEST,63.5
1999-05-04 00:00:00,NEST,63
1999-05-05 00:00:00,NEST,63
1999-05-06 00:00:00,NEST,62.5
1999-05-07 00:00:00,NEST,61
1999-05-10 00:00:00,NEST,62
1999-05-11 00:00:00,NEST,62.25
1999-05-12 00:00:00,NEST,62.5
1999-05-13 00:00:00,NEST,63
1999-05-14 00:00:00,NEST,63
1999-05-17 00:00:00,NEST,62.5
1999-05-18 00:00:00,NEST,62.5
1999-05-19 00:00:00,NEST,62.5
1999-05-20 00:00:00,NEST,62.25
1999-05-24 00:00:00,NEST,64
1999-05-25 00:00:00,NEST,62.5
1999-05-26 00:00:00,NEST,57
1999-05-27 00:00:00,NEST,56
1999-05-28 00:00:00,NEST,55
1999-06-02 00:00:00,NEST,55
1999-06-03 00:00:00,NEST,55
1999-06-10 00:00:00,NEST,50
1999-06-11 00:00:00,NEST,52
1999-06-14 00:00:00,NEST,52
1999-06-15 00:00:00,NEST,52
1999-06-16 00:00:00,NEST,52
1999-06-17 00:00:00,NEST,51.5
1999-06-22 00:00:00,NEST,51
1999-06-23 00:00:00,NEST,50
1999-06-24 00:00:00,NEST,50
1999-06-25 00:00:00,NEST,50
1999-06-30 00:00:00,NEST,51.5
1999-07-02 00:00:00,NEST,52
1999-07-05 00:00:00,NEST,55
1999-07-06 00:00:00,NEST,53
1999-07-07 00:00:00,NEST,53.75
1999-07-08 00:00:00,NEST,53.75
1999-07-09 00:00:00,NEST,53.75
1999-07-12 00:00:00,NEST,53.75
1999-07-13 00:00:00,NEST,53.75
1999-07-14 00:00:00,NEST,53.75
1999-07-19 00:00:00,NEST,53.75
1999-07-20 00:00:00,NEST,55
1999-07-21 00:00:00,NEST,55.75
1999-07-22 00:00:00,NEST,55
1999-07-23 00:00:00,NEST,55
1999-07-26 00:00:00,NEST,55
1999-07-29 00:00:00,NEST,55
1999-08-03 00:00:00,NEST,55
1999-08-06 00:00:00,NEST,55.25
1999-08-09 00:00:00,NEST,55
1999-08-10 00:00:00,NEST,56
1999-08-11 00:00:00,NEST,55.25
1999-08-12 00:00:00,NEST,55.25
1999-08-17 00:00:00,NEST,55.25
1999-08-18 00:00:00,NEST,55
1999-08-23 00:00:00,NEST,55
1999-08-24 00:00:00,NEST,57
1999-08-31 00:00:00,NEST,55.25
1999-09-01 00:00:00,NEST,55.5
1999-09-03 00:00:00,NEST,55.25
1999-09-06 00:00:00,NEST,55
1999-09-07 00:00:00,NEST,55
1999-09-08 00:00:00,NEST,55
1999-09-10 00:00:00,NEST,57
1999-09-13 00:00:00,NEST,56.5
1999-09-22 00:00:00,NEST,56
1999-09-24 00:00:00,NEST,56
1999-09-28 00:00:00,NEST,56
1999-10-01 00:00:00,NEST,56
1999-10-05 00:00:00,NEST,56
1999-10-06 00:00:00,NEST,56
1999-10-07 00:00:00,NEST,56
1999-10-11 00:00:00,NEST,56.25
1999-10-12 00:00:00,NEST,56.25
1999-10-14 00:00:00,NEST,56
1999-10-18 00:00:00,NEST,56
1999-10-19 00:00:00,NEST,55
1999-10-20 00:00:00,NEST,56
1999-10-21 00:00:00,NEST,56
1999-10-22 00:00:00,NEST,56
1999-10-27 00:00:00,NEST,56
1999-11-01 00:00:00,NEST,56
1999-11-02 00:00:00,NEST,53
1999-11-03 00:00:00,NEST,53
1999-11-04 00:00:00,NEST,54
1999-11-05 00:00:00,NEST,54
1999-11-08 00:00:00,NEST,53
1999-11-12 00:00:00,NEST,58
1999-11-16 00:00:00,NEST,58
1999-11-17 00:00:00,NEST,58
1999-11-18 00:00:00,NEST,58
1999-11-23 00:00:00,NEST,58
1999-11-25 00:00:00,NEST,60
1999-11-26 00:00:00,NEST,60
1999-11-29 00:00:00,NEST,60
1999-11-30 00:00:00,NEST,60
1999-12-01 00:00:00,NEST,60
1999-12-02 00:00:00,NEST,60
1999-12-03 00:00:00,NEST,60
1999-12-06 00:00:00,NEST,58
1999-12-07 00:00:00,NEST,58
1999-12-09 00:00:00,NEST,58
1999-12-10 00:00:00,NEST,58
1999-12-13 00:00:00,NEST,58
1999-12-14 00:00:00,NEST,58
1999-12-15 00:00:00,NEST,58
1999-12-20 00:00:00,NEST,58.25
1999-12-21 00:00:00,NEST,60
1999-12-23 00:00:00,NEST,59
1999-12-27 00:00:00,NEST,59
1999-12-28 00:00:00,NEST,59
1999-12-29 00:00:00,NEST,60
1999-05-05 00:00:00,NTB,15
1999-05-06 00:00:00,NTB,15
1999-05-07 00:00:00,NTB,13.75
1999-05-10 00:00:00,NTB,14
1999-05-11 00:00:00,NTB,14
1999-05-12 00:00:00,NTB,13.75
1999-05-13 00:00:00,NTB,14
1999-05-14 00:00:00,NTB,14.25
1999-05-17 00:00:00,NTB,14.25
1999-05-18 00:00:00,NTB,14.5
1999-05-19 00:00:00,NTB,14.5
1999-05-20 00:00:00,NTB,14.5
1999-05-21 00:00:00,NTB,14.5
1999-05-24 00:00:00,NTB,14.5
1999-05-25 00:00:00,NTB,14.5
1999-05-26 00:00:00,NTB,14.25
1999-05-27 00:00:00,NTB,14
1999-05-28 00:00:00,NTB,14
1999-06-01 00:00:00,NTB,14
1999-06-02 00:00:00,NTB,14
1999-06-03 00:00:00,NTB,13.75
1999-06-04 00:00:00,NTB,13.75
1999-06-07 00:00:00,NTB,13.75
1999-06-08 00:00:00,NTB,13.75
1999-06-09 00:00:00,NTB,13.5
1999-06-10 00:00:00,NTB,13.5
1999-06-11 00:00:00,NTB,13.5
1999-06-14 00:00:00,NTB,13.5
1999-06-15 00:00:00,NTB,13.25
1999-06-16 00:00:00,NTB,13
1999-06-17 00:00:00,NTB,13
1999-06-18 00:00:00,NTB,12.75
1999-06-21 00:00:00,NTB,12
1999-06-22 00:00:00,NTB,12
1999-06-23 00:00:00,NTB,12
1999-06-24 00:00:00,NTB,12.25
1999-06-25 00:00:00,NTB,12.5
1999-06-30 00:00:00,NTB,12.75
1999-07-01 00:00:00,NTB,13
1999-07-02 00:00:00,NTB,13.25
1999-07-05 00:00:00,NTB,13.25
1999-07-06 00:00:00,NTB,13
1999-07-07 00:00:00,NTB,12.75
1999-07-08 00:00:00,NTB,12.75
1999-07-09 00:00:00,NTB,13
1999-07-12 00:00:00,NTB,13
1999-07-13 00:00:00,NTB,12.75
1999-07-14 00:00:00,NTB,12.75
1999-07-15 00:00:00,NTB,13
1999-07-16 00:00:00,NTB,13
1999-07-19 00:00:00,NTB,13
1999-07-20 00:00:00,NTB,13
1999-07-21 00:00:00,NTB,13
1999-07-22 00:00:00,NTB,13.25
1999-07-23 00:00:00,NTB,13.25
1999-07-26 00:00:00,NTB,13.25
1999-07-27 00:00:00,NTB,13
1999-07-29 00:00:00,NTB,13
1999-07-30 00:00:00,NTB,13.25
1999-08-02 00:00:00,NTB,13.25
1999-08-03 00:00:00,NTB,13.75
1999-08-04 00:00:00,NTB,13.5
1999-08-05 00:00:00,NTB,13.5
1999-08-06 00:00:00,NTB,13.5
1999-08-09 00:00:00,NTB,13.5
1999-08-10 00:00:00,NTB,13.5
1999-08-11 00:00:00,NTB,13.5
1999-08-12 00:00:00,NTB,13.5
1999-08-13 00:00:00,NTB,13.5
1999-08-16 00:00:00,NTB,13.5
1999-08-17 00:00:00,NTB,13.75
1999-08-18 00:00:00,NTB,13.75
1999-08-19 00:00:00,NTB,13.5
1999-08-20 00:00:00,NTB,13.75
1999-08-23 00:00:00,NTB,13.75
1999-08-24 00:00:00,NTB,13.75
1999-08-25 00:00:00,NTB,13.75
1999-08-30 00:00:00,NTB,14
1999-08-31 00:00:00,NTB,14
1999-09-01 00:00:00,NTB,14.25
1999-09-02 00:00:00,NTB,14
1999-09-03 00:00:00,NTB,14
1999-09-06 00:00:00,NTB,14
1999-09-07 00:00:00,NTB,14
1999-09-08 00:00:00,NTB,14
1999-09-09 00:00:00,NTB,14.25
1999-09-10 00:00:00,NTB,14.25
1999-09-13 00:00:00,NTB,14.25
1999-09-14 00:00:00,NTB,14.25
1999-09-15 00:00:00,NTB,14.5
1999-09-16 00:00:00,NTB,14.25
1999-09-17 00:00:00,NTB,14.5
1999-09-20 00:00:00,NTB,14.5
1999-09-21 00:00:00,NTB,14.5
1999-09-22 00:00:00,NTB,14.5
1999-09-23 00:00:00,NTB,14.5
1999-09-24 00:00:00,NTB,14.75
1999-09-27 00:00:00,NTB,14.5
1999-09-28 00:00:00,NTB,14.75
1999-09-29 00:00:00,NTB,14.5
1999-09-30 00:00:00,NTB,14.75
1999-10-01 00:00:00,NTB,14.75
1999-10-04 00:00:00,NTB,14.75
1999-10-05 00:00:00,NTB,14.75
1999-10-06 00:00:00,NTB,14.75
1999-10-07 00:00:00,NTB,14.75
1999-10-08 00:00:00,NTB,14.75
1999-10-11 00:00:00,NTB,14.5
1999-10-12 00:00:00,NTB,14.75
1999-10-13 00:00:00,NTB,14.5
1999-10-14 00:00:00,NTB,14
1999-10-15 00:00:00,NTB,14.25
1999-10-18 00:00:00,NTB,14
1999-10-19 00:00:00,NTB,14.25
1999-10-20 00:00:00,NTB,14.25
1999-10-21 00:00:00,NTB,14.25
1999-10-22 00:00:00,NTB,14.25
1999-10-25 00:00:00,NTB,14.25
1999-10-26 00:00:00,NTB,14
1999-10-27 00:00:00,NTB,13.75
1999-10-28 00:00:00,NTB,13
1999-10-29 00:00:00,NTB,13.25
1999-11-01 00:00:00,NTB,13.25
1999-11-02 00:00:00,NTB,13.25
1999-11-03 00:00:00,NTB,13.5
1999-11-04 00:00:00,NTB,13.75
1999-11-05 00:00:00,NTB,13.75
1999-11-08 00:00:00,NTB,14
1999-11-09 00:00:00,NTB,14
1999-11-10 00:00:00,NTB,14
1999-11-11 00:00:00,NTB,14
1999-11-12 00:00:00,NTB,14
1999-11-15 00:00:00,NTB,13.75
1999-11-16 00:00:00,NTB,13.75
1999-11-17 00:00:00,NTB,13.75
1999-11-18 00:00:00,NTB,13.5
1999-11-19 00:00:00,NTB,13.25
1999-11-23 00:00:00,NTB,13.75
1999-11-24 00:00:00,NTB,13.75
1999-11-25 00:00:00,NTB,13.75
1999-11-26 00:00:00,NTB,13.5
1999-11-29 00:00:00,NTB,13.75
1999-11-30 00:00:00,NTB,13.75
1999-12-01 00:00:00,NTB,13.75
1999-12-02 00:00:00,NTB,14.25
1999-12-03 00:00:00,NTB,14.25
1999-12-06 00:00:00,NTB,14.25
1999-12-07 00:00:00,NTB,14
1999-12-08 00:00:00,NTB,14.5
1999-12-09 00:00:00,NTB,14.5
1999-12-10 00:00:00,NTB,15
1999-12-13 00:00:00,NTB,15
1999-12-14 00:00:00,NTB,15
1999-12-15 00:00:00,NTB,15
1999-12-16 00:00:00,NTB,14.75
1999-12-17 00:00:00,NTB,14.5
1999-12-20 00:00:00,NTB,14.75
1999-12-21 00:00:00,NTB,15
1999-12-23 00:00:00,NTB,14.75
1999-12-27 00:00:00,NTB,14.25
1999-12-28 00:00:00,NTB,14
1999-12-29 00:00:00,NTB,13.75
1999-12-30 00:00:00,NTB,14
1999-01-13 00:00:00,ONAL,9
1999-01-20 00:00:00,ONAL,9
1999-01-22 00:00:00,ONAL,9
1999-02-03 00:00:00,ONAL,8.75
1999-02-19 00:00:00,ONAL,8.75
1999-03-08 00:00:00,ONAL,8.5
1999-03-11 00:00:00,ONAL,8.75
1999-04-15 00:00:00,ONAL,9
1999-04-19 00:00:00,ONAL,9
1999-05-05 00:00:00,ONAL,8.5
1999-05-07 00:00:00,ONAL,9
1999-07-01 00:00:00,ONAL,9
1999-07-05 00:00:00,ONAL,9
1999-07-12 00:00:00,ONAL,10
SECURITY_DA,COMP,CLOSE_PRICE
-----------,----,-----------
1999-07-13 00:00:00,ONAL,10
1999-07-14 00:00:00,ONAL,10
1999-07-16 00:00:00,ONAL,10.5
1999-07-22 00:00:00,ONAL,10
1999-07-23 00:00:00,ONAL,10
1999-07-26 00:00:00,ONAL,9
1999-07-27 00:00:00,ONAL,9
1999-07-29 00:00:00,ONAL,8.75
1999-08-02 00:00:00,ONAL,8.75
1999-08-12 00:00:00,ONAL,9
1999-08-13 00:00:00,ONAL,9
1999-09-03 00:00:00,ONAL,9
1999-09-07 00:00:00,ONAL,9
1999-09-09 00:00:00,ONAL,9
1999-09-13 00:00:00,ONAL,9
1999-09-27 00:00:00,ONAL,8.75
1999-09-29 00:00:00,ONAL,8.75
1999-11-05 00:00:00,ONAL,8.75
1999-11-09 00:00:00,ONAL,8.75
1999-12-21 00:00:00,ONAL,9.75
1999-01-04 00:00:00,OSEA,3.5
SECURITY_DA,COMP,CLOSE_PRICE
-----------,----,-----------
1999-01-06 00:00:00,OSEA,3.5
1999-01-08 00:00:00,OSEA,3.75
1999-01-12 00:00:00,OSEA,3.75
1999-01-14 00:00:00,OSEA,3.75
1999-01-21 00:00:00,OSEA,3.5
1999-01-22 00:00:00,OSEA,3.25
1999-01-27 00:00:00,OSEA,3
1999-02-08 00:00:00,OSEA,3.5
1999-02-11 00:00:00,OSEA,3.75
1999-02-12 00:00:00,OSEA,3.5
1999-02-18 00:00:00,OSEA,3.5
1999-03-17 00:00:00,OSEA,3.25
1999-03-18 00:00:00,OSEA,3.25
1999-03-19 00:00:00,OSEA,3.25
1999-04-08 00:00:00,OSEA,3
1999-05-05 00:00:00,OSEA,3
1999-05-06 00:00:00,OSEA,3
1999-05-07 00:00:00,OSEA,3
1999-05-11 00:00:00,OSEA,2.75
1999-05-12 00:00:00,OSEA,2.75
1999-05-13 00:00:00,OSEA,2.75
SECURITY_DA,COMP,CLOSE_PRICE
-----------,----,-----------
1999-05-14 00:00:00,OSEA,2.75
1999-05-26 00:00:00,OSEA,2.5
1999-06-11 00:00:00,OSEA,2.5
1999-06-21 00:00:00,OSEA,2.75
1999-06-30 00:00:00,OSEA,2.75
1999-07-01 00:00:00,OSEA,3
1999-07-09 00:00:00,OSEA,2.75
1999-07-21 00:00:00,OSEA,3
1999-07-23 00:00:00,OSEA,3
1999-07-27 00:00:00,OSEA,3
1999-07-30 00:00:00,OSEA,3.25
1999-08-10 00:00:00,OSEA,3.25
1999-08-30 00:00:00,OSEA,3.25
1999-09-02 00:00:00,OSEA,3
1999-09-03 00:00:00,OSEA,3
1999-09-07 00:00:00,OSEA,3
1999-09-08 00:00:00,OSEA,2.5
1999-09-09 00:00:00,OSEA,2.5
1999-09-13 00:00:00,OSEA,3
1999-09-17 00:00:00,OSEA,3
1999-09-24 00:00:00,OSEA,2.5
SECURITY_DA,COMP,CLOSE_PRICE
-----------,----,-----------
1999-10-05 00:00:00,OSEA,2.5
1999-10-20 00:00:00,OSEA,2.5
1999-10-27 00:00:00,OSEA,2.75
1999-10-29 00:00:00,OSEA,2.75
1999-11-02 00:00:00,OSEA,2.25
1999-11-03 00:00:00,OSEA,2.25
1999-11-17 00:00:00,OSEA,2.5
1999-11-18 00:00:00,OSEA,3
1999-11-29 00:00:00,OSEA,3
1999-12-01 00:00:00,OSEA,3
1999-12-09 00:00:00,OSEA,3
1999-12-14 00:00:00,OSEA,3.25
1999-12-15 00:00:00,OSEA,3.25
1999-12-16 00:00:00,OSEA,3.25
1999-12-21 00:00:00,OSEA,3
1999-01-11 00:00:00,OVL,8.25
1999-01-13 00:00:00,OVL,8.25
1999-02-22 00:00:00,OVL,7.25
1999-02-24 00:00:00,OVL,8
1999-02-26 00:00:00,OVL,7.25
1999-03-29 00:00:00,OVL,7
SECURITY_DA,COMP,CLOSE_PRICE
-----------,----,-----------
1999-04-20 00:00:00,OVL,7
1999-05-11 00:00:00,OVL,6.75
1999-05-18 00:00:00,OVL,6.75
1999-05-19 00:00:00,OVL,10
1999-05-20 00:00:00,OVL,7
1999-05-24 00:00:00,OVL,7
1999-06-15 00:00:00,OVL,7
1999-06-23 00:00:00,OVL,6
1999-07-08 00:00:00,OVL,7.5
1999-07-09 00:00:00,OVL,7.5
1999-07-14 00:00:00,OVL,7.75
1999-07-15 00:00:00,OVL,8
1999-07-16 00:00:00,OVL,8
1999-07-20 00:00:00,OVL,8
1999-07-27 00:00:00,OVL,8.25
1999-07-30 00:00:00,OVL,8
1999-08-02 00:00:00,OVL,8.5
1999-08-05 00:00:00,OVL,7.75
1999-08-10 00:00:00,OVL,8
1999-08-11 00:00:00,OVL,8.25
1999-08-18 00:00:00,OVL,8.5
SECURITY_DA,COMP,CLOSE_PRICE
-----------,----,-----------
1999-08-20 00:00:00,OVL,8.5
1999-08-23 00:00:00,OVL,8
1999-08-30 00:00:00,OVL,8
1999-09-01 00:00:00,OVL,8.25
1999-09-02 00:00:00,OVL,8
1999-09-07 00:00:00,OVL,8
1999-09-08 00:00:00,OVL,8
1999-09-10 00:00:00,OVL,8.5
1999-09-15 00:00:00,OVL,8.25
1999-09-16 00:00:00,OVL,9
1999-09-21 00:00:00,OVL,8.5
1999-09-22 00:00:00,OVL,8.5
1999-10-08 00:00:00,OVL,9
1999-10-11 00:00:00,OVL,9
1999-10-12 00:00:00,OVL,8.25
1999-10-22 00:00:00,OVL,8
1999-11-03 00:00:00,OVL,10
1999-11-05 00:00:00,OVL,9
1999-11-11 00:00:00,OVL,8.5
1999-11-19 00:00:00,OVL,8.5
1999-11-30 00:00:00,OVL,7.25
SECURITY_DA,COMP,CLOSE_PRICE
-----------,----,-----------
1999-12-01 00:00:00,OVL,7.25
1999-12-08 00:00:00,OVL,7.5
1999-01-06 00:00:00,PALM,22
1999-01-07 00:00:00,PALM,21
1999-01-13 00:00:00,PALM,22
1999-01-20 00:00:00,PALM,22
1999-02-09 00:00:00,PALM,23
1999-02-11 00:00:00,PALM,23
1999-02-12 00:00:00,PALM,27.5
1999-02-17 00:00:00,PALM,27
1999-02-18 00:00:00,PALM,26
1999-02-19 00:00:00,PALM,26
1999-02-23 00:00:00,PALM,27.25
1999-02-25 00:00:00,PALM,27.5
1999-02-26 00:00:00,PALM,28
1999-03-05 00:00:00,PALM,27.25
1999-03-11 00:00:00,PALM,27
1999-03-12 00:00:00,PALM,27
1999-03-15 00:00:00,PALM,27
1999-03-16 00:00:00,PALM,27
1999-03-17 00:00:00,PALM,27
SECURITY_DA,COMP,CLOSE_PRICE
-----------,----,-----------
1999-03-19 00:00:00,PALM,27
1999-03-23 00:00:00,PALM,28.25
1999-03-25 00:00:00,PALM,27
1999-03-26 00:00:00,PALM,28.75
1999-04-01 00:00:00,PALM,27.25
1999-04-16 00:00:00,PALM,27.25
1999-04-19 00:00:00,PALM,27.25
1999-04-20 00:00:00,PALM,27
1999-04-22 00:00:00,PALM,27
1999-04-26 00:00:00,PALM,26
1999-04-27 00:00:00,PALM,27
1999-05-05 00:00:00,PALM,27
1999-05-14 00:00:00,PALM,28
1999-05-17 00:00:00,PALM,28
1999-05-20 00:00:00,PALM,32
1999-05-24 00:00:00,PALM,30
1999-05-25 00:00:00,PALM,32
1999-05-28 00:00:00,PALM,31.5
1999-06-01 00:00:00,PALM,31.75
1999-06-02 00:00:00,PALM,31
1999-06-03 00:00:00,PALM,27.25
SECURITY_DA,COMP,CLOSE_PRICE
-----------,----,-----------
1999-06-07 00:00:00,PALM,30
1999-06-16 00:00:00,PALM,30.75
1999-07-05 00:00:00,PALM,30
1999-07-13 00:00:00,PALM,29
1999-07-14 00:00:00,PALM,29
1999-07-15 00:00:00,PALM,28.5
1999-07-16 00:00:00,PALM,28.5
1999-07-19 00:00:00,PALM,28.5
1999-07-20 00:00:00,PALM,29
1999-07-21 00:00:00,PALM,29
1999-07-23 00:00:00,PALM,31.5
1999-07-29 00:00:00,PALM,30
1999-07-30 00:00:00,PALM,30
1999-08-02 00:00:00,PALM,30
1999-08-05 00:00:00,PALM,30.25
1999-08-09 00:00:00,PALM,32
1999-08-11 00:00:00,PALM,32
1999-08-18 00:00:00,PALM,30
1999-08-19 00:00:00,PALM,30
1999-08-20 00:00:00,PALM,30
1999-08-23 00:00:00,PALM,30
SECURITY_DA,COMP,CLOSE_PRICE
-----------,----,-----------
1999-08-31 00:00:00,PALM,30.5
1999-09-03 00:00:00,PALM,30.5
1999-09-10 00:00:00,PALM,32
1999-09-17 00:00:00,PALM,32
1999-09-21 00:00:00,PALM,30.5
1999-09-23 00:00:00,PALM,30
1999-09-24 00:00:00,PALM,29.25
1999-09-28 00:00:00,PALM,31
1999-09-29 00:00:00,PALM,30
1999-10-05 00:00:00,PALM,30
1999-10-07 00:00:00,PALM,30
1999-10-11 00:00:00,PALM,30
1999-10-12 00:00:00,PALM,30
1999-10-13 00:00:00,PALM,30
1999-10-14 00:00:00,PALM,30
1999-10-20 00:00:00,PALM,30
1999-10-21 00:00:00,PALM,30
1999-10-26 00:00:00,PALM,27.75
1999-10-29 00:00:00,PALM,28
1999-11-02 00:00:00,PALM,28.5
1999-11-10 00:00:00,PALM,28.5
SECURITY_DA,COMP,CLOSE_PRICE
-----------,----,-----------
1999-11-24 00:00:00,PALM,29
1999-11-26 00:00:00,PALM,28
1999-11-30 00:00:00,PALM,28
1999-12-03 00:00:00,PALM,28
1999-12-06 00:00:00,PALM,28.5
1999-12-10 00:00:00,PALM,28.75
1999-09-09 00:00:00,PARA,42
1999-01-04 00:00:00,PARQ,4
1999-01-05 00:00:00,PARQ,4
1999-01-07 00:00:00,PARQ,4
1999-01-08 00:00:00,PARQ,4
1999-01-11 00:00:00,PARQ,5
1999-01-18 00:00:00,PARQ,4.5
1999-01-21 00:00:00,PARQ,4
1999-01-22 00:00:00,PARQ,4
1999-01-25 00:00:00,PARQ,4.5
1999-01-26 00:00:00,PARQ,4.5
1999-01-27 00:00:00,PARQ,4.75
1999-02-02 00:00:00,PARQ,4.75
1999-02-03 00:00:00,PARQ,4.75
1999-02-11 00:00:00,PARQ,4.5
SECURITY_DA,COMP,CLOSE_PRICE
-----------,----,-----------
1999-02-15 00:00:00,PARQ,4.5
1999-02-16 00:00:00,PARQ,4.75
1999-03-02 00:00:00,PARQ,4.5
1999-03-08 00:00:00,PARQ,4.75
1999-03-11 00:00:00,PARQ,4.5
1999-03-17 00:00:00,PARQ,4.75
1999-03-18 00:00:00,PARQ,4.5
1999-03-26 00:00:00,PARQ,5
1999-03-29 00:00:00,PARQ,5
1999-04-06 00:00:00,PARQ,5.5
1999-04-12 00:00:00,PARQ,5
1999-04-16 00:00:00,PARQ,5.5
1999-05-27 00:00:00,PARQ,4.5
1999-05-28 00:00:00,PARQ,4.75
1999-06-10 00:00:00,PARQ,4.5
1999-06-15 00:00:00,PARQ,4.5
1999-06-16 00:00:00,PARQ,4.5
1999-06-17 00:00:00,PARQ,4.75
1999-06-18 00:00:00,PARQ,4.5
1999-06-23 00:00:00,PARQ,4.5
1999-06-25 00:00:00,PARQ,4.75
SECURITY_DA,COMP,CLOSE_PRICE
-----------,----,-----------
1999-07-02 00:00:00,PARQ,4.75
1999-07-21 00:00:00,PARQ,4.5
1999-07-22 00:00:00,PARQ,4.5
1999-07-27 00:00:00,PARQ,4.5
1999-08-13 00:00:00,PARQ,4.5
1999-09-02 00:00:00,PARQ,4.5
1999-09-03 00:00:00,PARQ,4.5
1999-09-14 00:00:00,PARQ,4.5
1999-09-16 00:00:00,PARQ,4.5
1999-10-06 00:00:00,PARQ,4.5
1999-10-20 00:00:00,PARQ,4.5
1999-10-28 00:00:00,PARQ,4.5
1999-11-08 00:00:00,PARQ,4.5
1999-12-01 00:00:00,PARQ,4.5
1999-12-02 00:00:00,PARQ,4.5
1999-12-07 00:00:00,PARQ,4.5
1999-12-10 00:00:00,PARQ,6
1999-01-08 00:00:00,PDL,17.5
1999-01-11 00:00:00,PDL,17.5
1999-01-20 00:00:00,PDL,17.5
1999-01-27 00:00:00,PDL,17.5
SECURITY_DA,COMP,CLOSE_PRICE
-----------,----,-----------
1999-02-02 00:00:00,PDL,17.5
1999-02-03 00:00:00,PDL,17.5
1999-02-10 00:00:00,PDL,17.5
1999-02-18 00:00:00,PDL,17.5
1999-02-24 00:00:00,PDL,17.5
1999-03-09 00:00:00,PDL,17.5
1999-03-11 00:00:00,PDL,17
1999-03-15 00:00:00,PDL,16
1999-03-18 00:00:00,PDL,17
1999-03-19 00:00:00,PDL,17
1999-03-26 00:00:00,PDL,17
1999-04-19 00:00:00,PDL,17
1999-04-20 00:00:00,PDL,17
1999-04-23 00:00:00,PDL,17
1999-04-28 00:00:00,PDL,17
1999-05-06 00:00:00,PDL,17
1999-05-19 00:00:00,PDL,17
1999-05-27 00:00:00,PDL,18
1999-06-02 00:00:00,PDL,18
1999-06-03 00:00:00,PDL,18
1999-06-04 00:00:00,PDL,17
SECURITY_DA,COMP,CLOSE_PRICE
-----------,----,-----------
1999-06-16 00:00:00,PDL,17
1999-06-23 00:00:00,PDL,17.5
1999-07-07 00:00:00,PDL,17.5
1999-07-22 00:00:00,PDL,17
1999-07-23 00:00:00,PDL,17.25
1999-07-27 00:00:00,PDL,17.5
1999-08-02 00:00:00,PDL,17.5
1999-08-10 00:00:00,PDL,16
1999-08-11 00:00:00,PDL,16.25
1999-08-13 00:00:00,PDL,18
1999-08-23 00:00:00,PDL,17.5
1999-08-31 00:00:00,PDL,17.5
1999-09-13 00:00:00,PDL,17
1999-09-14 00:00:00,PDL,16
1999-09-15 00:00:00,PDL,17
1999-09-17 00:00:00,PDL,17
1999-09-30 00:00:00,PDL,16.5
1999-10-01 00:00:00,PDL,16.5
1999-10-11 00:00:00,PDL,16
1999-10-21 00:00:00,PDL,16.5
1999-10-22 00:00:00,PDL,16.5
SECURITY_DA,COMP,CLOSE_PRICE
-----------,----,-----------
1999-10-28 00:00:00,PDL,17
1999-11-01 00:00:00,PDL,16.5
1999-11-05 00:00:00,PDL,16.75
1999-11-12 00:00:00,PDL,16.75
1999-11-30 00:00:00,PDL,16.75
1999-12-06 00:00:00,PDL,16.75
1999-12-09 00:00:00,PDL,16.75
1999-12-16 00:00:00,PDL,17
1999-03-19 00:00:00,PEG,8
1999-06-09 00:00:00,PEG,8.25
1999-06-15 00:00:00,PEG,8.25
1999-06-24 00:00:00,PEG,8.25
1999-07-13 00:00:00,PEG,8
1999-07-27 00:00:00,PEG,8.5
1999-08-12 00:00:00,PEG,7.75
1999-08-18 00:00:00,PEG,7.75
1999-08-23 00:00:00,PEG,7.75
1999-08-31 00:00:00,PEG,7.75
1999-09-02 00:00:00,PEG,7
1999-09-09 00:00:00,PEG,7
1999-10-05 00:00:00,PEG,8
SECURITY_DA,COMP,CLOSE_PRICE
-----------,----,-----------
1999-10-25 00:00:00,PEG,8
1999-11-02 00:00:00,PEG,8
1999-11-03 00:00:00,PEG,7
1999-11-19 00:00:00,PEG,8
1999-12-01 00:00:00,PEG,8.25
1999-12-02 00:00:00,PEG,8.25
1999-12-03 00:00:00,PEG,8.25
1999-12-14 00:00:00,PEG,8.25
1999-05-13 00:00:00,PHAR,200
1999-01-04 00:00:00,PMB,7.5
1999-01-05 00:00:00,PMB,7.25
1999-01-07 00:00:00,PMB,7
1999-01-08 00:00:00,PMB,7
1999-01-11 00:00:00,PMB,8.75
1999-01-12 00:00:00,PMB,7.25
1999-01-14 00:00:00,PMB,7.25
1999-01-20 00:00:00,PMB,7.25
1999-01-21 00:00:00,PMB,7.25
1999-01-22 00:00:00,PMB,7.25
1999-01-25 00:00:00,PMB,7.25
1999-01-26 00:00:00,PMB,7.25
SECURITY_DA,COMP,CLOSE_PRICE
-----------,----,-----------
1999-01-27 00:00:00,PMB,7.25
1999-01-28 00:00:00,PMB,7
1999-02-01 00:00:00,PMB,7.25
1999-02-02 00:00:00,PMB,7.5
1999-02-05 00:00:00,PMB,7.25
1999-02-08 00:00:00,PMB,7
1999-02-09 00:00:00,PMB,6.75
1999-02-10 00:00:00,PMB,6.5
1999-02-11 00:00:00,PMB,6.5
1999-02-12 00:00:00,PMB,6.5
1999-02-15 00:00:00,PMB,7
1999-02-16 00:00:00,PMB,6.5
1999-02-17 00:00:00,PMB,6.75
1999-02-18 00:00:00,PMB,6.5
1999-02-22 00:00:00,PMB,6.75
1999-02-23 00:00:00,PMB,6.75
1999-02-24 00:00:00,PMB,6.75
1999-03-02 00:00:00,PMB,6.75
1999-03-03 00:00:00,PMB,6.75
1999-03-04 00:00:00,PMB,6.75
1999-03-05 00:00:00,PMB,6.75
SECURITY_DA,COMP,CLOSE_PRICE
-----------,----,-----------
1999-03-08 00:00:00,PMB,7
1999-03-10 00:00:00,PMB,6.75
1999-03-11 00:00:00,PMB,6.75
1999-03-12 00:00:00,PMB,7
1999-03-17 00:00:00,PMB,6.75
1999-03-18 00:00:00,PMB,6.75
1999-03-23 00:00:00,PMB,7
1999-03-24 00:00:00,PMB,7
1999-03-26 00:00:00,PMB,7
1999-03-30 00:00:00,PMB,6.25
1999-04-01 00:00:00,PMB,6.25
1999-04-06 00:00:00,PMB,6.25
1999-04-07 00:00:00,PMB,6.25
1999-04-08 00:00:00,PMB,6.5
1999-04-19 00:00:00,PMB,6.75
1999-04-20 00:00:00,PMB,6.25
1999-04-22 00:00:00,PMB,6.5
1999-04-23 00:00:00,PMB,6.5
1999-04-28 00:00:00,PMB,6.5
1999-05-04 00:00:00,PMB,6.5
1999-05-05 00:00:00,PMB,6.5
SECURITY_DA,COMP,CLOSE_PRICE
-----------,----,-----------
1999-05-07 00:00:00,PMB,6.5
1999-05-10 00:00:00,PMB,7
1999-05-11 00:00:00,PMB,6.75
1999-05-12 00:00:00,PMB,6.75
1999-05-13 00:00:00,PMB,6.5
1999-05-14 00:00:00,PMB,6.5
1999-05-17 00:00:00,PMB,6.5
1999-05-18 00:00:00,PMB,6.5
1999-05-19 00:00:00,PMB,6.5
1999-05-20 00:00:00,PMB,6
1999-05-24 00:00:00,PMB,6
1999-05-25 00:00:00,PMB,6.25
1999-05-27 00:00:00,PMB,6.25
1999-05-28 00:00:00,PMB,6.25
1999-06-02 00:00:00,PMB,6.25
1999-06-03 00:00:00,PMB,6.25
1999-06-09 00:00:00,PMB,6.25
1999-06-10 00:00:00,PMB,6.25
1999-06-11 00:00:00,PMB,6.25
1999-06-14 00:00:00,PMB,6.25
1999-06-15 00:00:00,PMB,6.5
SECURITY_DA,COMP,CLOSE_PRICE
-----------,----,-----------
1999-06-17 00:00:00,PMB,6.25
1999-06-18 00:00:00,PMB,6.25
1999-06-21 00:00:00,PMB,6.5
1999-06-23 00:00:00,PMB,6.5
1999-06-25 00:00:00,PMB,6.5
1999-06-30 00:00:00,PMB,6.25
1999-07-01 00:00:00,PMB,6.5
1999-07-06 00:00:00,PMB,6.5
1999-07-07 00:00:00,PMB,6.5
1999-07-09 00:00:00,PMB,6.5
1999-07-14 00:00:00,PMB,6.5
1999-07-15 00:00:00,PMB,6.5
1999-07-16 00:00:00,PMB,6.75
1999-07-19 00:00:00,PMB,7.5
1999-07-20 00:00:00,PMB,7
1999-07-22 00:00:00,PMB,7
1999-07-23 00:00:00,PMB,7.25
1999-07-26 00:00:00,PMB,7
1999-07-27 00:00:00,PMB,7
1999-07-29 00:00:00,PMB,7
1999-07-30 00:00:00,PMB,7.25
SECURITY_DA,COMP,CLOSE_PRICE
-----------,----,-----------
1999-08-02 00:00:00,PMB,7
1999-08-04 00:00:00,PMB,7.25
1999-08-05 00:00:00,PMB,7.25
1999-08-06 00:00:00,PMB,7.5
1999-08-09 00:00:00,PMB,7.25
1999-08-10 00:00:00,PMB,7.25
1999-08-13 00:00:00,PMB,7.5
1999-08-16 00:00:00,PMB,7.75
1999-08-17 00:00:00,PMB,7.5
1999-08-18 00:00:00,PMB,7.25
1999-08-19 00:00:00,PMB,6.25
1999-08-20 00:00:00,PMB,6.25
1999-08-23 00:00:00,PMB,6.25
1999-08-24 00:00:00,PMB,6.25
1999-08-25 00:00:00,PMB,6.25
1999-08-30 00:00:00,PMB,6.25
1999-08-31 00:00:00,PMB,6
1999-09-01 00:00:00,PMB,6
1999-09-02 00:00:00,PMB,6.25
1999-09-03 00:00:00,PMB,6.25
1999-09-06 00:00:00,PMB,6.25
SECURITY_DA,COMP,CLOSE_PRICE
-----------,----,-----------
1999-09-07 00:00:00,PMB,6.25
1999-09-08 00:00:00,PMB,6
1999-09-09 00:00:00,PMB,6
1999-09-10 00:00:00,PMB,6
1999-09-13 00:00:00,PMB,6.25
1999-09-14 00:00:00,PMB,6.25
1999-09-16 00:00:00,PMB,6.25
1999-09-17 00:00:00,PMB,6.25
1999-09-20 00:00:00,PMB,6
1999-09-22 00:00:00,PMB,6
1999-09-23 00:00:00,PMB,6
1999-09-24 00:00:00,PMB,6.25
1999-09-27 00:00:00,PMB,6.25
1999-09-28 00:00:00,PMB,6.25
1999-09-29 00:00:00,PMB,6.25
1999-09-30 00:00:00,PMB,6.25
1999-10-05 00:00:00,PMB,6.75
1999-10-07 00:00:00,PMB,6
1999-10-08 00:00:00,PMB,6.25
1999-10-11 00:00:00,PMB,6
1999-10-12 00:00:00,PMB,6
SECURITY_DA,COMP,CLOSE_PRICE
-----------,----,-----------
1999-10-15 00:00:00,PMB,6
1999-10-22 00:00:00,PMB,6
1999-10-25 00:00:00,PMB,6.25
1999-10-26 00:00:00,PMB,6
1999-10-27 00:00:00,PMB,6
1999-10-28 00:00:00,PMB,6
1999-10-29 00:00:00,PMB,6.25
1999-11-01 00:00:00,PMB,6
1999-11-02 00:00:00,PMB,6
1999-11-03 00:00:00,PMB,6
1999-11-04 00:00:00,PMB,6.25
1999-11-08 00:00:00,PMB,6.75
1999-11-09 00:00:00,PMB,6.5
1999-11-10 00:00:00,PMB,6.75
1999-11-12 00:00:00,PMB,6.25
1999-11-15 00:00:00,PMB,6.25
1999-11-16 00:00:00,PMB,6
1999-11-25 00:00:00,PMB,5.75
1999-12-02 00:00:00,PMB,6.5
1999-12-03 00:00:00,PMB,6
1999-12-06 00:00:00,PMB,6.5
SECURITY_DA,COMP,CLOSE_PRICE
-----------,----,-----------
1999-12-07 00:00:00,PMB,6.25
1999-12-08 00:00:00,PMB,6.5
1999-12-09 00:00:00,PMB,6.25
1999-12-10 00:00:00,PMB,6.5
1999-12-13 00:00:00,PMB,6.5
1999-12-14 00:00:00,PMB,7
1999-12-16 00:00:00,PMB,6.5
1999-12-17 00:00:00,PMB,6.5
1999-12-27 00:00:00,PMB,6.5
1999-01-04 00:00:00,PURE,35
1999-01-05 00:00:00,PURE,35.25
1999-01-06 00:00:00,PURE,35
1999-01-07 00:00:00,PURE,35
1999-01-13 00:00:00,PURE,35
1999-01-14 00:00:00,PURE,33
1999-01-20 00:00:00,PURE,33
1999-01-21 00:00:00,PURE,33.25
1999-01-25 00:00:00,PURE,34
1999-01-26 00:00:00,PURE,33.75
1999-01-28 00:00:00,PURE,33.75
1999-01-29 00:00:00,PURE,33.75
SECURITY_DA,COMP,CLOSE_PRICE
-----------,----,-----------
1999-02-01 00:00:00,PURE,33.5
1999-02-02 00:00:00,PURE,33.5
1999-02-03 00:00:00,PURE,33
1999-02-09 00:00:00,PURE,33.5
1999-02-10 00:00:00,PURE,34
1999-02-11 00:00:00,PURE,33.5
1999-02-23 00:00:00,PURE,33.5
1999-02-24 00:00:00,PURE,33.5
1999-02-26 00:00:00,PURE,33.5
1999-03-02 00:00:00,PURE,33
1999-03-03 00:00:00,PURE,33
1999-03-16 00:00:00,PURE,32
1999-03-19 00:00:00,PURE,32.75
1999-03-25 00:00:00,PURE,33
1999-03-29 00:00:00,PURE,42
1999-03-30 00:00:00,PURE,41.5
1999-05-07 00:00:00,PURE,35
1999-05-11 00:00:00,PURE,36
1999-05-14 00:00:00,PURE,35.25
1999-05-17 00:00:00,PURE,35.25
1999-05-21 00:00:00,PURE,35
SECURITY_DA,COMP,CLOSE_PRICE
-----------,----,-----------
1999-05-24 00:00:00,PURE,35
1999-05-25 00:00:00,PURE,33
1999-05-26 00:00:00,PURE,33
1999-05-28 00:00:00,PURE,33
1999-06-01 00:00:00,PURE,33
1999-06-02 00:00:00,PURE,33
1999-06-09 00:00:00,PURE,34
1999-06-10 00:00:00,PURE,35
1999-06-11 00:00:00,PURE,35
1999-06-14 00:00:00,PURE,36
1999-06-15 00:00:00,PURE,36
1999-06-16 00:00:00,PURE,36
1999-06-17 00:00:00,PURE,36
1999-06-18 00:00:00,PURE,36
1999-06-24 00:00:00,PURE,38
1999-07-02 00:00:00,PURE,38
1999-07-05 00:00:00,PURE,38
1999-07-06 00:00:00,PURE,37.75
1999-07-08 00:00:00,PURE,38
1999-07-09 00:00:00,PURE,38
1999-07-12 00:00:00,PURE,38.25
SECURITY_DA,COMP,CLOSE_PRICE
-----------,----,-----------
1999-07-13 00:00:00,PURE,38
1999-07-14 00:00:00,PURE,38
1999-07-23 00:00:00,PURE,36
1999-07-26 00:00:00,PURE,36
1999-07-27 00:00:00,PURE,34.25
1999-07-30 00:00:00,PURE,34
1999-08-04 00:00:00,PURE,34
1999-08-05 00:00:00,PURE,34
1999-08-06 00:00:00,PURE,34
1999-08-10 00:00:00,PURE,34
1999-08-11 00:00:00,PURE,34
1999-08-16 00:00:00,PURE,31
1999-08-19 00:00:00,PURE,31
1999-08-30 00:00:00,PURE,30
1999-09-03 00:00:00,PURE,30
1999-09-23 00:00:00,PURE,30
1999-09-24 00:00:00,PURE,30
1999-10-01 00:00:00,PURE,30
1999-10-04 00:00:00,PURE,30
1999-10-21 00:00:00,PURE,30
1999-10-28 00:00:00,PURE,30
1999-11-25 00:00:00,PURE,30
1999-01-04 00:00:00,RCL,13.75
1999-01-06 00:00:00,RCL,13.5
1999-01-07 00:00:00,RCL,13.5
1999-01-08 00:00:00,RCL,13.5
1999-01-11 00:00:00,RCL,13.25
1999-01-12 00:00:00,RCL,13.25
1999-01-13 00:00:00,RCL,13.5
1999-01-14 00:00:00,RCL,13.25
1999-01-18 00:00:00,RCL,13.25
1999-01-19 00:00:00,RCL,13.5
1999-01-20 00:00:00,RCL,13.25
1999-01-21 00:00:00,RCL,13.5
1999-01-22 00:00:00,RCL,13.5
1999-01-25 00:00:00,RCL,13.5
1999-01-26 00:00:00,RCL,13.5
1999-01-27 00:00:00,RCL,13.5
1999-01-28 00:00:00,RCL,13.5
1999-01-29 00:00:00,RCL,13.25
1999-02-01 00:00:00,RCL,13.5
1999-02-02 00:00:00,RCL,13.25
1999-02-03 00:00:00,RCL,13.5
1999-02-05 00:00:00,RCL,13.5
1999-02-08 00:00:00,RCL,13.5
1999-02-09 00:00:00,RCL,13.25
1999-02-10 00:00:00,RCL,13.25
1999-02-11 00:00:00,RCL,13.75
1999-02-12 00:00:00,RCL,14
1999-02-15 00:00:00,RCL,13.75
1999-02-16 00:00:00,RCL,14
1999-02-17 00:00:00,RCL,14.25
1999-02-18 00:00:00,RCL,14.25
1999-02-19 00:00:00,RCL,14.25
1999-02-23 00:00:00,RCL,14.25
1999-02-24 00:00:00,RCL,14
1999-02-25 00:00:00,RCL,14.25
1999-02-26 00:00:00,RCL,14.5
1999-03-02 00:00:00,RCL,14.25
1999-03-03 00:00:00,RCL,15
1999-03-04 00:00:00,RCL,14.25
1999-03-05 00:00:00,RCL,14
1999-03-08 00:00:00,RCL,14
1999-03-09 00:00:00,RCL,13.75
1999-03-10 00:00:00,RCL,14
1999-03-11 00:00:00,RCL,13.75
1999-03-12 00:00:00,RCL,13.75
1999-03-15 00:00:00,RCL,13
1999-03-16 00:00:00,RCL,13.5
1999-03-17 00:00:00,RCL,14
1999-03-19 00:00:00,RCL,14
1999-03-22 00:00:00,RCL,14
1999-03-23 00:00:00,RCL,14.5
1999-03-25 00:00:00,RCL,14.25
1999-03-26 00:00:00,RCL,14.25
1999-03-29 00:00:00,RCL,14.5
1999-03-30 00:00:00,RCL,14.5
1999-04-01 00:00:00,RCL,14.5
1999-04-09 00:00:00,RCL,14.5
1999-04-12 00:00:00,RCL,14.5
1999-04-15 00:00:00,RCL,14.5
1999-04-16 00:00:00,RCL,14.5
1999-04-19 00:00:00,RCL,14.5
1999-04-20 00:00:00,RCL,15
1999-04-21 00:00:00,RCL,15
1999-04-22 00:00:00,RCL,14.5
1999-04-23 00:00:00,RCL,15
1999-04-26 00:00:00,RCL,15.5
1999-04-27 00:00:00,RCL,15.75
1999-04-28 00:00:00,RCL,15.75
1999-05-04 00:00:00,RCL,15
1999-05-06 00:00:00,RCL,15
1999-05-07 00:00:00,RCL,15
1999-05-10 00:00:00,RCL,15.5
1999-05-11 00:00:00,RCL,15.5
1999-05-12 00:00:00,RCL,15.5
1999-05-13 00:00:00,RCL,15.5
1999-05-17 00:00:00,RCL,15
1999-05-18 00:00:00,RCL,15
1999-05-19 00:00:00,RCL,15.25
1999-05-20 00:00:00,RCL,15.25
1999-05-21 00:00:00,RCL,15
1999-05-24 00:00:00,RCL,15.25
1999-05-25 00:00:00,RCL,15
1999-05-26 00:00:00,RCL,15
1999-05-27 00:00:00,RCL,15
1999-05-28 00:00:00,RCL,15
1999-06-01 00:00:00,RCL,15
1999-06-02 00:00:00,RCL,14.75
1999-06-04 00:00:00,RCL,15
1999-06-07 00:00:00,RCL,14.75
1999-06-08 00:00:00,RCL,14.5
1999-06-09 00:00:00,RCL,14.5
1999-06-10 00:00:00,RCL,14.5
1999-06-11 00:00:00,RCL,14.5
1999-06-14 00:00:00,RCL,14.5
1999-06-15 00:00:00,RCL,14.5
1999-06-16 00:00:00,RCL,14.5
1999-06-17 00:00:00,RCL,14.25
1999-06-18 00:00:00,RCL,14.25
1999-06-21 00:00:00,RCL,14.25
1999-06-22 00:00:00,RCL,14.25
1999-06-23 00:00:00,RCL,14.25
1999-07-01 00:00:00,RCL,14.75
1999-07-02 00:00:00,RCL,14.75
1999-07-05 00:00:00,RCL,15
1999-07-06 00:00:00,RCL,15
1999-07-07 00:00:00,RCL,15.5
1999-07-08 00:00:00,RCL,14.75
1999-07-09 00:00:00,RCL,14.75
1999-07-12 00:00:00,RCL,14.75
1999-07-13 00:00:00,RCL,15
1999-07-14 00:00:00,RCL,14.75
1999-07-15 00:00:00,RCL,14.5
1999-07-19 00:00:00,RCL,15
1999-07-20 00:00:00,RCL,14.75
1999-07-21 00:00:00,RCL,14.75
1999-07-22 00:00:00,RCL,15.25
1999-07-23 00:00:00,RCL,15
1999-07-26 00:00:00,RCL,14.75
1999-07-27 00:00:00,RCL,15
1999-07-29 00:00:00,RCL,15
1999-08-02 00:00:00,RCL,15.5
1999-08-03 00:00:00,RCL,14.5
1999-08-04 00:00:00,RCL,14.75
1999-08-05 00:00:00,RCL,15
1999-08-06 00:00:00,RCL,15
1999-08-09 00:00:00,RCL,15.5
1999-08-10 00:00:00,RCL,15.5
1999-08-11 00:00:00,RCL,16
1999-08-12 00:00:00,RCL,16.75
1999-08-13 00:00:00,RCL,16.75
1999-08-16 00:00:00,RCL,16.5
1999-08-17 00:00:00,RCL,16.25
1999-08-18 00:00:00,RCL,16
1999-08-19 00:00:00,RCL,16.25
1999-08-20 00:00:00,RCL,16.25
1999-08-23 00:00:00,RCL,16.5
1999-08-24 00:00:00,RCL,16.5
1999-08-25 00:00:00,RCL,16.75
1999-08-30 00:00:00,RCL,16.75
1999-08-31 00:00:00,RCL,16.5
1999-09-01 00:00:00,RCL,16.5
1999-09-02 00:00:00,RCL,16.75
1999-09-03 00:00:00,RCL,16.75
1999-09-06 00:00:00,RCL,14
1999-09-07 00:00:00,RCL,14
1999-09-08 00:00:00,RCL,14
1999-09-09 00:00:00,RCL,14
1999-09-13 00:00:00,RCL,14
1999-09-14 00:00:00,RCL,14
1999-09-15 00:00:00,RCL,14
1999-09-16 00:00:00,RCL,14
1999-09-17 00:00:00,RCL,14
1999-09-20 00:00:00,RCL,14
1999-09-21 00:00:00,RCL,14
1999-09-22 00:00:00,RCL,14
1999-09-23 00:00:00,RCL,14
1999-09-24 00:00:00,RCL,14
1999-09-27 00:00:00,RCL,14.25
1999-09-28 00:00:00,RCL,14
1999-09-29 00:00:00,RCL,14.25
1999-09-30 00:00:00,RCL,14.25
1999-10-01 00:00:00,RCL,14.25
1999-10-04 00:00:00,RCL,14.25
1999-10-05 00:00:00,RCL,14.25
1999-10-06 00:00:00,RCL,14.25
1999-10-08 00:00:00,RCL,14.25
1999-10-12 00:00:00,RCL,14.5
1999-10-13 00:00:00,RCL,14.25
1999-10-14 00:00:00,RCL,14.25
1999-10-15 00:00:00,RCL,14
1999-10-18 00:00:00,RCL,14
1999-10-19 00:00:00,RCL,14.25
1999-10-20 00:00:00,RCL,14.75
1999-10-21 00:00:00,RCL,14.25
1999-10-22 00:00:00,RCL,14.5
1999-10-25 00:00:00,RCL,14.25
1999-10-26 00:00:00,RCL,14
1999-10-27 00:00:00,RCL,14
1999-10-28 00:00:00,RCL,13.5
1999-10-29 00:00:00,RCL,13.75
1999-11-02 00:00:00,RCL,14
1999-11-03 00:00:00,RCL,14.25
1999-11-04 00:00:00,RCL,14
1999-11-05 00:00:00,RCL,14.5
1999-11-08 00:00:00,RCL,14.5
1999-11-09 00:00:00,RCL,14.5
1999-11-10 00:00:00,RCL,14.75
1999-11-12 00:00:00,RCL,14.5
1999-11-15 00:00:00,RCL,14.75
1999-11-16 00:00:00,RCL,14.75
1999-11-17 00:00:00,RCL,15
1999-11-18 00:00:00,RCL,14.75
1999-11-19 00:00:00,RCL,14.75
1999-11-23 00:00:00,RCL,14.5
1999-11-24 00:00:00,RCL,15
1999-11-25 00:00:00,RCL,15
1999-11-26 00:00:00,RCL,15.25
1999-11-29 00:00:00,RCL,15
1999-11-30 00:00:00,RCL,15.25
1999-12-01 00:00:00,RCL,15.25
1999-12-02 00:00:00,RCL,15.25
1999-12-03 00:00:00,RCL,15.5
1999-12-06 00:00:00,RCL,15.75
1999-12-07 00:00:00,RCL,15.75
1999-12-08 00:00:00,RCL,16
1999-12-09 00:00:00,RCL,16
1999-12-10 00:00:00,RCL,16
1999-12-13 00:00:00,RCL,16.25
1999-12-14 00:00:00,RCL,16.25
1999-12-15 00:00:00,RCL,16
1999-12-16 00:00:00,RCL,15.75
1999-12-17 00:00:00,RCL,16
1999-12-21 00:00:00,RCL,16
1999-12-23 00:00:00,RCL,15.5
1999-12-27 00:00:00,RCL,15.5
1999-12-28 00:00:00,RCL,14.5
1999-12-29 00:00:00,RCL,14.5
1999-12-30 00:00:00,RCL,14.5
1999-01-11 00:00:00,RECK,52
1999-01-13 00:00:00,RECK,52
1999-01-14 00:00:00,RECK,52
1999-01-19 00:00:00,RECK,53
1999-01-21 00:00:00,RECK,53
1999-01-25 00:00:00,RECK,53
1999-01-26 00:00:00,RECK,53
1999-01-27 00:00:00,RECK,51
1999-01-28 00:00:00,RECK,50
1999-02-02 00:00:00,RECK,50
1999-02-03 00:00:00,RECK,50
1999-02-05 00:00:00,RECK,51
SECURITY_DA,COMP,CLOSE_PRICE
-----------,----,-----------
1999-02-10 00:00:00,RECK,51.5
1999-02-12 00:00:00,RECK,51.75
1999-02-17 00:00:00,RECK,53.5
1999-02-18 00:00:00,RECK,53
1999-02-23 00:00:00,RECK,50.5
1999-03-02 00:00:00,RECK,45
1999-03-04 00:00:00,RECK,45
1999-03-11 00:00:00,RECK,45.25
1999-03-12 00:00:00,RECK,45.5
1999-03-15 00:00:00,RECK,45.5
1999-03-16 00:00:00,RECK,46
1999-03-22 00:00:00,RECK,50
1999-03-24 00:00:00,RECK,70
1999-03-25 00:00:00,RECK,70
1999-03-26 00:00:00,RECK,70
1999-03-29 00:00:00,RECK,70
1999-03-30 00:00:00,RECK,70
1999-04-01 00:00:00,RECK,70
1999-04-06 00:00:00,RECK,73.5
1999-04-07 00:00:00,RECK,73
1999-04-08 00:00:00,RECK,76
SECURITY_DA,COMP,CLOSE_PRICE
-----------,----,-----------
1999-04-09 00:00:00,RECK,73
1999-04-12 00:00:00,RECK,77
1999-04-15 00:00:00,RECK,79.5
1999-04-16 00:00:00,RECK,80
1999-04-19 00:00:00,RECK,80
1999-04-20 00:00:00,RECK,80
1999-04-21 00:00:00,RECK,80.5
1999-04-22 00:00:00,RECK,78
1999-04-23 00:00:00,RECK,39
1999-04-28 00:00:00,RECK,38
1999-05-03 00:00:00,RECK,38
1999-05-04 00:00:00,RECK,38
1999-05-05 00:00:00,RECK,39
1999-05-07 00:00:00,RECK,39
1999-05-10 00:00:00,RECK,39
1999-05-11 00:00:00,RECK,39
1999-05-12 00:00:00,RECK,39
1999-05-17 00:00:00,RECK,39
1999-05-18 00:00:00,RECK,39
1999-05-19 00:00:00,RECK,39
1999-05-20 00:00:00,RECK,39
SECURITY_DA,COMP,CLOSE_PRICE
-----------,----,-----------
1999-05-24 00:00:00,RECK,39
1999-05-25 00:00:00,RECK,39
1999-05-26 00:00:00,RECK,39.25
1999-05-27 00:00:00,RECK,39
1999-05-28 00:00:00,RECK,39.25
1999-06-01 00:00:00,RECK,39.25
1999-06-02 00:00:00,RECK,39.25
1999-06-03 00:00:00,RECK,39
1999-06-04 00:00:00,RECK,39
1999-06-08 00:00:00,RECK,39
1999-06-10 00:00:00,RECK,38
1999-06-16 00:00:00,RECK,37
1999-06-18 00:00:00,RECK,35
1999-06-21 00:00:00,RECK,33
1999-06-22 00:00:00,RECK,32
1999-06-23 00:00:00,RECK,30
1999-06-24 00:00:00,RECK,30
1999-06-25 00:00:00,RECK,31
1999-07-01 00:00:00,RECK,30.5
1999-07-02 00:00:00,RECK,31
1999-07-06 00:00:00,RECK,32
SECURITY_DA,COMP,CLOSE_PRICE
-----------,----,-----------
1999-07-07 00:00:00,RECK,32
1999-07-08 00:00:00,RECK,32
1999-07-12 00:00:00,RECK,33
1999-07-22 00:00:00,RECK,33
1999-07-23 00:00:00,RECK,33
1999-07-26 00:00:00,RECK,33
1999-07-27 00:00:00,RECK,33
1999-07-30 00:00:00,RECK,33
1999-08-04 00:00:00,RECK,33
1999-08-05 00:00:00,RECK,34.5
1999-08-09 00:00:00,RECK,34.5
1999-08-10 00:00:00,RECK,34.5
1999-08-11 00:00:00,RECK,34.5
1999-08-12 00:00:00,RECK,35
1999-08-18 00:00:00,RECK,35
1999-08-19 00:00:00,RECK,34
1999-09-01 00:00:00,RECK,34
1999-09-02 00:00:00,RECK,33
1999-09-03 00:00:00,RECK,33
1999-09-06 00:00:00,RECK,31
1999-09-08 00:00:00,RECK,31.5
SECURITY_DA,COMP,CLOSE_PRICE
-----------,----,-----------
1999-09-09 00:00:00,RECK,31.5
1999-09-21 00:00:00,RECK,31.75
1999-09-22 00:00:00,RECK,31.75
1999-09-27 00:00:00,RECK,32
1999-10-04 00:00:00,RECK,32
1999-10-05 00:00:00,RECK,32.25
1999-10-08 00:00:00,RECK,32
1999-10-12 00:00:00,RECK,32
1999-10-19 00:00:00,RECK,32
1999-10-28 00:00:00,RECK,32
1999-11-01 00:00:00,RECK,32
1999-11-02 00:00:00,RECK,31.5
1999-11-04 00:00:00,RECK,31.5
1999-11-09 00:00:00,RECK,32
1999-11-10 00:00:00,RECK,32
1999-11-26 00:00:00,RECK,33
1999-11-29 00:00:00,RECK,33
1999-11-30 00:00:00,RECK,33
1999-12-01 00:00:00,RECK,33
1999-12-14 00:00:00,RECK,33.25
1999-12-15 00:00:00,RECK,33
SECURITY_DA,COMP,CLOSE_PRICE
-----------,----,-----------
1999-12-16 00:00:00,RECK,33
1999-12-21 00:00:00,RECK,33
1999-03-23 00:00:00,REEF,10
1999-05-11 00:00:00,REEF,6.5
1999-05-28 00:00:00,REEF,7.75
1999-08-12 00:00:00,REEF,7
1999-09-10 00:00:00,REEF,10
1999-09-30 00:00:00,REEF,10
1999-10-07 00:00:00,REEF,6
1999-10-12 00:00:00,REEF,9
1999-10-13 00:00:00,REEF,6.25
1999-10-14 00:00:00,REEF,10
1999-10-21 00:00:00,REEF,10
1999-10-29 00:00:00,REEF,6
1999-11-03 00:00:00,REEF,9.5
1999-01-05 00:00:00,REG,19.5
1999-01-06 00:00:00,REG,20
1999-01-07 00:00:00,REG,20
1999-01-12 00:00:00,REG,20
1999-01-13 00:00:00,REG,20
1999-01-21 00:00:00,REG,20.5
SECURITY_DA,COMP,CLOSE_PRICE
-----------,----,-----------
1999-01-22 00:00:00,REG,20.5
1999-01-25 00:00:00,REG,21
1999-01-26 00:00:00,REG,21
1999-01-27 00:00:00,REG,21.25
1999-01-28 00:00:00,REG,21
1999-01-29 00:00:00,REG,21
1999-02-02 00:00:00,REG,21
1999-02-08 00:00:00,REG,20.5
1999-02-09 00:00:00,REG,20.75
1999-02-17 00:00:00,REG,21
1999-02-18 00:00:00,REG,21
1999-02-19 00:00:00,REG,20.5
1999-02-22 00:00:00,REG,21.5
1999-03-02 00:00:00,REG,21.5
1999-03-03 00:00:00,REG,22
1999-03-04 00:00:00,REG,21.5
1999-03-08 00:00:00,REG,22.5
1999-03-09 00:00:00,REG,23
1999-03-12 00:00:00,REG,21.75
1999-03-18 00:00:00,REG,21.75
1999-03-22 00:00:00,REG,23
SECURITY_DA,COMP,CLOSE_PRICE
-----------,----,-----------
1999-03-23 00:00:00,REG,23
1999-03-29 00:00:00,REG,23
1999-03-30 00:00:00,REG,24
1999-04-01 00:00:00,REG,24.25
1999-04-16 00:00:00,REG,24.5
1999-04-20 00:00:00,REG,24.75
1999-04-22 00:00:00,REG,24.75
1999-04-23 00:00:00,REG,25.5
1999-05-03 00:00:00,REG,25
1999-05-06 00:00:00,REG,25
1999-05-07 00:00:00,REG,24.75
1999-05-11 00:00:00,REG,25
1999-05-12 00:00:00,REG,25
1999-05-13 00:00:00,REG,25
1999-05-14 00:00:00,REG,25
1999-05-17 00:00:00,REG,25
1999-05-21 00:00:00,REG,25
1999-05-26 00:00:00,REG,25
1999-05-28 00:00:00,REG,25
1999-06-02 00:00:00,REG,25
1999-06-04 00:00:00,REG,25
SECURITY_DA,COMP,CLOSE_PRICE
-----------,----,-----------
1999-06-08 00:00:00,REG,25.25
1999-06-09 00:00:00,REG,25
1999-06-10 00:00:00,REG,25
1999-06-11 00:00:00,REG,25.25
1999-06-14 00:00:00,REG,25
1999-06-17 00:00:00,REG,23.75
1999-06-18 00:00:00,REG,23.5
1999-06-22 00:00:00,REG,24
1999-06-23 00:00:00,REG,23.75
1999-06-24 00:00:00,REG,23.75
1999-06-25 00:00:00,REG,25
1999-07-02 00:00:00,REG,25
1999-07-05 00:00:00,REG,25
1999-07-06 00:00:00,REG,25
1999-07-09 00:00:00,REG,23.5
1999-07-22 00:00:00,REG,25
1999-07-23 00:00:00,REG,25
1999-08-03 00:00:00,REG,26
1999-08-04 00:00:00,REG,27
1999-08-09 00:00:00,REG,27
1999-08-10 00:00:00,REG,25
SECURITY_DA,COMP,CLOSE_PRICE
-----------,----,-----------
1999-08-12 00:00:00,REG,25
1999-08-13 00:00:00,REG,25
1999-08-19 00:00:00,REG,25
1999-08-24 00:00:00,REG,25
1999-08-31 00:00:00,REG,25
1999-09-01 00:00:00,REG,25
1999-09-02 00:00:00,REG,25
1999-09-03 00:00:00,REG,26
1999-09-06 00:00:00,REG,26.25
1999-09-07 00:00:00,REG,26
1999-09-08 00:00:00,REG,26
1999-09-09 00:00:00,REG,26
1999-09-14 00:00:00,REG,25.5
1999-09-16 00:00:00,REG,25
1999-09-20 00:00:00,REG,25
1999-09-21 00:00:00,REG,25
1999-09-22 00:00:00,REG,25
1999-09-23 00:00:00,REG,25
1999-09-24 00:00:00,REG,25
1999-10-06 00:00:00,REG,25
1999-10-07 00:00:00,REG,24
SECURITY_DA,COMP,CLOSE_PRICE
-----------,----,-----------
1999-10-08 00:00:00,REG,25.5
1999-10-11 00:00:00,REG,25.5
1999-10-12 00:00:00,REG,25
1999-10-14 00:00:00,REG,25
1999-10-15 00:00:00,REG,25.5
1999-10-19 00:00:00,REG,25
1999-10-20 00:00:00,REG,25
1999-10-29 00:00:00,REG,25
1999-11-02 00:00:00,REG,24
1999-11-10 00:00:00,REG,25.5
1999-11-11 00:00:00,REG,25
1999-11-12 00:00:00,REG,26
1999-11-17 00:00:00,REG,25
1999-12-06 00:00:00,REG,25.25
1999-12-09 00:00:00,REG,25
1999-12-15 00:00:00,REG,25
1999-12-16 00:00:00,REG,24.5
1999-12-17 00:00:00,REG,24.75
1999-12-23 00:00:00,REG,26
1999-01-05 00:00:00,RENU,21.75
1999-01-14 00:00:00,RENU,21.75
SECURITY_DA,COMP,CLOSE_PRICE
-----------,----,-----------
1999-02-02 00:00:00,RENU,21.75
1999-02-05 00:00:00,RENU,21.75
1999-02-08 00:00:00,RENU,22
1999-02-15 00:00:00,RENU,22.5
1999-02-22 00:00:00,RENU,22.5
1999-02-23 00:00:00,RENU,22.5
1999-03-04 00:00:00,RENU,23
1999-03-08 00:00:00,RENU,23
1999-03-09 00:00:00,RENU,25
1999-03-10 00:00:00,RENU,24.25
1999-03-25 00:00:00,RENU,24
1999-05-10 00:00:00,RENU,23.5
1999-06-03 00:00:00,RENU,23.75
1999-06-08 00:00:00,RENU,23.75
1999-06-16 00:00:00,RENU,24.5
1999-06-22 00:00:00,RENU,24.5
1999-06-25 00:00:00,RENU,24.25
1999-07-05 00:00:00,RENU,25
1999-07-08 00:00:00,RENU,25
1999-07-14 00:00:00,RENU,25.25
1999-07-15 00:00:00,RENU,27
SECURITY_DA,COMP,CLOSE_PRICE
-----------,----,-----------
1999-07-16 00:00:00,RENU,27
1999-07-19 00:00:00,RENU,27
1999-07-26 00:00:00,RENU,22
1999-08-16 00:00:00,RENU,26
1999-09-08 00:00:00,RENU,26.25
1999-09-13 00:00:00,RENU,27
1999-09-16 00:00:00,RENU,27
1999-10-08 00:00:00,RENU,30
1999-10-18 00:00:00,RENU,30
1999-10-20 00:00:00,RENU,30
1999-11-01 00:00:00,RENU,30
1999-11-03 00:00:00,RENU,30
1999-11-16 00:00:00,RENU,30
1999-12-23 00:00:00,RENU,30.5
1999-01-05 00:00:00,REXP,35
1999-01-06 00:00:00,REXP,35
1999-01-08 00:00:00,REXP,32
1999-01-11 00:00:00,REXP,32.5
1999-01-12 00:00:00,REXP,33
1999-01-14 00:00:00,REXP,33
1999-01-19 00:00:00,REXP,33
SECURITY_DA,COMP,CLOSE_PRICE
-----------,----,-----------
1999-01-22 00:00:00,REXP,33
1999-01-29 00:00:00,REXP,34.5
1999-02-01 00:00:00,REXP,34.5
1999-02-02 00:00:00,REXP,33
1999-02-03 00:00:00,REXP,34
1999-02-08 00:00:00,REXP,34.25
1999-02-10 00:00:00,REXP,34
1999-02-22 00:00:00,REXP,35.25
1999-02-23 00:00:00,REXP,35.25
1999-02-25 00:00:00,REXP,35
1999-04-01 00:00:00,REXP,35
1999-04-22 00:00:00,REXP,34
1999-04-27 00:00:00,REXP,32
1999-04-28 00:00:00,REXP,32
1999-05-03 00:00:00,REXP,32
1999-05-06 00:00:00,REXP,31
1999-05-10 00:00:00,REXP,32
1999-05-11 00:00:00,REXP,31.75
1999-05-12 00:00:00,REXP,31.75
1999-05-13 00:00:00,REXP,31.75
1999-05-14 00:00:00,REXP,31.75
SECURITY_DA,COMP,CLOSE_PRICE
-----------,----,-----------
1999-05-19 00:00:00,REXP,31.75
1999-05-24 00:00:00,REXP,32
1999-05-26 00:00:00,REXP,32
1999-05-27 00:00:00,REXP,32
1999-05-28 00:00:00,REXP,31.75
1999-06-02 00:00:00,REXP,31.25
1999-06-10 00:00:00,REXP,32
1999-06-14 00:00:00,REXP,32
1999-06-15 00:00:00,REXP,32
1999-06-16 00:00:00,REXP,30.5
1999-06-18 00:00:00,REXP,30
1999-06-24 00:00:00,REXP,29
1999-07-02 00:00:00,REXP,30
1999-07-06 00:00:00,REXP,30.25
1999-07-13 00:00:00,REXP,30.5
1999-07-15 00:00:00,REXP,30.25
1999-07-16 00:00:00,REXP,30
1999-07-22 00:00:00,REXP,30
1999-07-23 00:00:00,REXP,30
1999-07-26 00:00:00,REXP,30
1999-07-27 00:00:00,REXP,30
SECURITY_DA,COMP,CLOSE_PRICE
-----------,----,-----------
1999-08-03 00:00:00,REXP,31
1999-08-04 00:00:00,REXP,31
1999-08-05 00:00:00,REXP,31
1999-08-06 00:00:00,REXP,30
1999-08-10 00:00:00,REXP,30
1999-08-11 00:00:00,REXP,29.5
1999-08-12 00:00:00,REXP,29
1999-08-16 00:00:00,REXP,29
1999-08-17 00:00:00,REXP,28.75
1999-08-20 00:00:00,REXP,28
1999-08-24 00:00:00,REXP,27.5
1999-08-31 00:00:00,REXP,28
1999-09-09 00:00:00,REXP,27.25
1999-09-10 00:00:00,REXP,27.5
1999-09-13 00:00:00,REXP,27.25
1999-09-16 00:00:00,REXP,26.25
1999-09-22 00:00:00,REXP,26.25
1999-09-24 00:00:00,REXP,26.25
1999-09-28 00:00:00,REXP,26
1999-09-29 00:00:00,REXP,26
1999-09-30 00:00:00,REXP,25
SECURITY_DA,COMP,CLOSE_PRICE
-----------,----,-----------
1999-10-01 00:00:00,REXP,26
1999-10-13 00:00:00,REXP,26
1999-10-27 00:00:00,REXP,26
1999-10-28 00:00:00,REXP,23.25
1999-11-02 00:00:00,REXP,22
1999-11-05 00:00:00,REXP,23
1999-11-09 00:00:00,REXP,25.75
1999-11-23 00:00:00,REXP,24.5
1999-11-24 00:00:00,REXP,25.75
1999-12-08 00:00:00,REXP,26
1999-12-09 00:00:00,REXP,25.75
1999-12-10 00:00:00,REXP,26.5
1999-12-13 00:00:00,REXP,27
1999-12-14 00:00:00,REXP,27
1999-12-15 00:00:00,REXP,26.5
1999-12-23 00:00:00,REXP,26
1999-12-27 00:00:00,REXP,23
1999-02-15 00:00:00,RGEM,6
1999-02-16 00:00:00,RGEM,6
1999-08-23 00:00:00,RGEM,5
1999-09-07 00:00:00,RGEM,4.75
1999-03-30 00:00:00,RHTL,11
1999-05-06 00:00:00,RHTL,11.5
1999-06-10 00:00:00,RHTL,10
1999-10-08 00:00:00,RHTL,9.5
1999-10-12 00:00:00,RHTL,9.5
1999-01-04 00:00:00,RICH,82
1999-01-07 00:00:00,RICH,81.75
1999-01-08 00:00:00,RICH,80
1999-01-11 00:00:00,RICH,81
1999-01-12 00:00:00,RICH,81
1999-01-13 00:00:00,RICH,80.25
1999-01-14 00:00:00,RICH,79
1999-01-20 00:00:00,RICH,78.75
1999-01-21 00:00:00,RICH,78.75
1999-01-25 00:00:00,RICH,78.75
1999-01-26 00:00:00,RICH,78
1999-01-27 00:00:00,RICH,78
1999-01-28 00:00:00,RICH,77
1999-01-29 00:00:00,RICH,78
1999-02-01 00:00:00,RICH,75
1999-02-05 00:00:00,RICH,75
1999-02-10 00:00:00,RICH,74
1999-02-22 00:00:00,RICH,72.5
1999-02-24 00:00:00,RICH,72.5
1999-02-25 00:00:00,RICH,71
1999-02-26 00:00:00,RICH,72.5
1999-03-02 00:00:00,RICH,72.5
1999-03-03 00:00:00,RICH,72
1999-03-04 00:00:00,RICH,72
1999-03-05 00:00:00,RICH,72
1999-03-08 00:00:00,RICH,70
1999-03-15 00:00:00,RICH,65
1999-03-16 00:00:00,RICH,65
1999-03-17 00:00:00,RICH,65
1999-03-18 00:00:00,RICH,65.25
1999-03-19 00:00:00,RICH,65
1999-03-29 00:00:00,RICH,65
1999-03-30 00:00:00,RICH,67
1999-04-05 00:00:00,RICH,65
1999-04-08 00:00:00,RICH,69
1999-04-09 00:00:00,RICH,69
1999-04-16 00:00:00,RICH,69
1999-04-20 00:00:00,RICH,65
1999-04-26 00:00:00,RICH,65.25
1999-04-28 00:00:00,RICH,65.5
1999-05-10 00:00:00,RICH,67
1999-05-11 00:00:00,RICH,65.5
1999-05-17 00:00:00,RICH,67
1999-05-18 00:00:00,RICH,67
1999-05-19 00:00:00,RICH,67
1999-05-20 00:00:00,RICH,68
1999-05-21 00:00:00,RICH,69
1999-05-24 00:00:00,RICH,70
1999-05-26 00:00:00,RICH,71
1999-05-28 00:00:00,RICH,69
1999-06-01 00:00:00,RICH,69
1999-06-02 00:00:00,RICH,69
1999-06-07 00:00:00,RICH,66
1999-06-08 00:00:00,RICH,65
1999-06-09 00:00:00,RICH,63
1999-06-11 00:00:00,RICH,63
1999-06-15 00:00:00,RICH,63
1999-06-16 00:00:00,RICH,61
1999-06-17 00:00:00,RICH,60
1999-06-18 00:00:00,RICH,60
1999-06-21 00:00:00,RICH,60
1999-06-22 00:00:00,RICH,60
1999-06-23 00:00:00,RICH,58.5
1999-06-24 00:00:00,RICH,57.5
1999-06-30 00:00:00,RICH,57.5
1999-07-01 00:00:00,RICH,57.75
1999-07-02 00:00:00,RICH,58
1999-07-05 00:00:00,RICH,59
1999-07-06 00:00:00,RICH,58.5
1999-07-07 00:00:00,RICH,58.25
1999-07-12 00:00:00,RICH,58
1999-07-13 00:00:00,RICH,58
1999-07-15 00:00:00,RICH,58.25
1999-07-22 00:00:00,RICH,68
1999-07-23 00:00:00,RICH,70
1999-07-26 00:00:00,RICH,69.5
1999-07-27 00:00:00,RICH,69
1999-07-30 00:00:00,RICH,66
1999-08-03 00:00:00,RICH,70
1999-08-04 00:00:00,RICH,70
1999-08-05 00:00:00,RICH,70
1999-08-06 00:00:00,RICH,70
1999-08-09 00:00:00,RICH,68
1999-08-10 00:00:00,RICH,69
1999-08-12 00:00:00,RICH,68.5
1999-08-13 00:00:00,RICH,69
1999-08-17 00:00:00,RICH,66
1999-08-18 00:00:00,RICH,63
1999-08-19 00:00:00,RICH,63
1999-08-25 00:00:00,RICH,63
1999-09-01 00:00:00,RICH,60
1999-09-09 00:00:00,RICH,62
1999-09-10 00:00:00,RICH,61
1999-09-14 00:00:00,RICH,60.5
1999-09-15 00:00:00,RICH,62
1999-09-16 00:00:00,RICH,61
1999-09-20 00:00:00,RICH,61.5
1999-09-21 00:00:00,RICH,63.5
1999-09-22 00:00:00,RICH,64.75
1999-09-23 00:00:00,RICH,65
1999-09-28 00:00:00,RICH,65
1999-09-29 00:00:00,RICH,66
1999-09-30 00:00:00,RICH,66
1999-10-06 00:00:00,RICH,65
1999-10-08 00:00:00,RICH,67.5
1999-10-13 00:00:00,RICH,65
1999-10-21 00:00:00,RICH,61
1999-10-25 00:00:00,RICH,60
1999-10-26 00:00:00,RICH,61
1999-10-27 00:00:00,RICH,57
1999-10-28 00:00:00,RICH,57
1999-11-09 00:00:00,RICH,57.75
1999-11-10 00:00:00,RICH,59
1999-11-11 00:00:00,RICH,60
1999-11-15 00:00:00,RICH,60
1999-11-17 00:00:00,RICH,59
1999-11-24 00:00:00,RICH,60
1999-11-25 00:00:00,RICH,60
1999-11-29 00:00:00,RICH,60
1999-12-03 00:00:00,RICH,62
1999-12-07 00:00:00,RICH,62.25
1999-12-08 00:00:00,RICH,69
1999-12-09 00:00:00,RICH,65.25
1999-12-10 00:00:00,RICH,67
1999-12-13 00:00:00,RICH,70
1999-12-14 00:00:00,RICH,72
1999-12-15 00:00:00,RICH,72
1999-12-17 00:00:00,RICH,73
1999-12-20 00:00:00,RICH,68
1999-12-21 00:00:00,RICH,68
1999-12-23 00:00:00,RICH,66
1999-12-27 00:00:00,RICH,63
1999-12-28 00:00:00,RICH,63
1999-12-29 00:00:00,RICH,62
1999-12-30 00:00:00,RICH,60
1999-01-04 00:00:00,RPBH,6.5
1999-01-05 00:00:00,RPBH,7
1999-01-06 00:00:00,RPBH,8
1999-01-07 00:00:00,RPBH,8
1999-01-08 00:00:00,RPBH,8.5
1999-01-13 00:00:00,RPBH,8
1999-01-18 00:00:00,RPBH,8.5
SECURITY_DA,COMP,CLOSE_PRICE
-----------,----,-----------
1999-01-19 00:00:00,RPBH,8.5
1999-01-20 00:00:00,RPBH,7.5
1999-01-25 00:00:00,RPBH,7.75
1999-01-27 00:00:00,RPBH,7.5
1999-01-28 00:00:00,RPBH,7.75
1999-02-01 00:00:00,RPBH,7.25
1999-02-02 00:00:00,RPBH,7.25
1999-02-03 00:00:00,RPBH,7.5
1999-02-08 00:00:00,RPBH,7
1999-02-10 00:00:00,RPBH,7.25
1999-02-11 00:00:00,RPBH,7
1999-02-12 00:00:00,RPBH,8
1999-02-15 00:00:00,RPBH,8
1999-02-16 00:00:00,RPBH,8
1999-02-17 00:00:00,RPBH,8.5
1999-02-18 00:00:00,RPBH,8.5
1999-02-22 00:00:00,RPBH,9
1999-02-23 00:00:00,RPBH,9
1999-02-25 00:00:00,RPBH,9
1999-03-03 00:00:00,RPBH,8.5
1999-03-08 00:00:00,RPBH,9
SECURITY_DA,COMP,CLOSE_PRICE
-----------,----,-----------
1999-03-09 00:00:00,RPBH,8.5
1999-03-10 00:00:00,RPBH,8.5
1999-03-11 00:00:00,RPBH,8.5
1999-03-16 00:00:00,RPBH,8.5
1999-03-17 00:00:00,RPBH,8.5
1999-03-18 00:00:00,RPBH,8.5
1999-03-23 00:00:00,RPBH,9
1999-03-24 00:00:00,RPBH,9.5
1999-03-25 00:00:00,RPBH,10
1999-03-26 00:00:00,RPBH,10
1999-03-29 00:00:00,RPBH,10
1999-03-30 00:00:00,RPBH,10
1999-04-01 00:00:00,RPBH,10
1999-04-06 00:00:00,RPBH,10.5
1999-04-07 00:00:00,RPBH,10
1999-04-08 00:00:00,RPBH,10.75
1999-04-09 00:00:00,RPBH,10
1999-04-23 00:00:00,RPBH,9.5
1999-04-26 00:00:00,RPBH,9.5
1999-04-27 00:00:00,RPBH,9.5
1999-04-28 00:00:00,RPBH,9.5
SECURITY_DA,COMP,CLOSE_PRICE
-----------,----,-----------
1999-05-04 00:00:00,RPBH,9.5
1999-05-10 00:00:00,RPBH,9.5
1999-05-11 00:00:00,RPBH,10
1999-05-20 00:00:00,RPBH,8.75
1999-05-21 00:00:00,RPBH,10.25
1999-05-25 00:00:00,RPBH,10
1999-06-07 00:00:00,RPBH,8
1999-06-23 00:00:00,RPBH,9.5
1999-06-24 00:00:00,RPBH,10
1999-06-25 00:00:00,RPBH,10
1999-06-30 00:00:00,RPBH,10.5
1999-07-01 00:00:00,RPBH,10.5
1999-07-02 00:00:00,RPBH,10.5
1999-07-05 00:00:00,RPBH,10.5
1999-07-06 00:00:00,RPBH,10.25
1999-07-09 00:00:00,RPBH,10.5
1999-07-12 00:00:00,RPBH,10.5
1999-07-13 00:00:00,RPBH,10.5
1999-07-14 00:00:00,RPBH,10.5
1999-07-15 00:00:00,RPBH,10.25
1999-07-16 00:00:00,RPBH,10
SECURITY_DA,COMP,CLOSE_PRICE
-----------,----,-----------
1999-07-19 00:00:00,RPBH,10
1999-07-20 00:00:00,RPBH,10
1999-07-21 00:00:00,RPBH,10
1999-07-22 00:00:00,RPBH,10
1999-07-23 00:00:00,RPBH,10.5
1999-07-26 00:00:00,RPBH,10.5
1999-07-27 00:00:00,RPBH,10.25
1999-07-29 00:00:00,RPBH,10.5
1999-07-30 00:00:00,RPBH,10.25
1999-08-02 00:00:00,RPBH,10.25
1999-08-03 00:00:00,RPBH,10.5
1999-08-04 00:00:00,RPBH,10.75
1999-08-05 00:00:00,RPBH,10.5
1999-08-06 00:00:00,RPBH,11
1999-08-09 00:00:00,RPBH,12
1999-08-10 00:00:00,RPBH,11.25
1999-08-11 00:00:00,RPBH,11
1999-08-12 00:00:00,RPBH,10.75
1999-08-13 00:00:00,RPBH,10.75
1999-08-16 00:00:00,RPBH,11.5
1999-08-17 00:00:00,RPBH,11.5
SECURITY_DA,COMP,CLOSE_PRICE
-----------,----,-----------
1999-08-18 00:00:00,RPBH,10.75
1999-08-19 00:00:00,RPBH,11
1999-08-23 00:00:00,RPBH,10.75
1999-08-24 00:00:00,RPBH,10.75
1999-09-01 00:00:00,RPBH,10.75
1999-09-02 00:00:00,RPBH,10.75
1999-09-03 00:00:00,RPBH,11
1999-09-06 00:00:00,RPBH,11
1999-09-07 00:00:00,RPBH,11
1999-09-08 00:00:00,RPBH,10.75
1999-09-09 00:00:00,RPBH,10.75
1999-09-10 00:00:00,RPBH,10.75
1999-09-13 00:00:00,RPBH,10.75
1999-09-14 00:00:00,RPBH,10.25
1999-09-16 00:00:00,RPBH,10.5
1999-09-17 00:00:00,RPBH,10.5
1999-09-22 00:00:00,RPBH,10.75
1999-09-24 00:00:00,RPBH,10.5
1999-09-27 00:00:00,RPBH,10.25
1999-09-28 00:00:00,RPBH,10
1999-09-29 00:00:00,RPBH,9.5
SECURITY_DA,COMP,CLOSE_PRICE
-----------,----,-----------
1999-09-30 00:00:00,RPBH,9.5
1999-10-01 00:00:00,RPBH,9.75
1999-10-05 00:00:00,RPBH,10.75
1999-10-12 00:00:00,RPBH,10.75
1999-10-13 00:00:00,RPBH,10
1999-10-14 00:00:00,RPBH,10.75
1999-10-18 00:00:00,RPBH,10.25
1999-10-19 00:00:00,RPBH,10
1999-10-21 00:00:00,RPBH,10
1999-10-22 00:00:00,RPBH,10
1999-10-26 00:00:00,RPBH,10
1999-10-27 00:00:00,RPBH,10
1999-10-29 00:00:00,RPBH,10
1999-11-02 00:00:00,RPBH,10.5
1999-11-03 00:00:00,RPBH,10.5
1999-11-05 00:00:00,RPBH,10.5
1999-11-08 00:00:00,RPBH,10.5
1999-11-09 00:00:00,RPBH,10
1999-11-12 00:00:00,RPBH,10.5
1999-11-16 00:00:00,RPBH,10.5
1999-11-17 00:00:00,RPBH,10.75
SECURITY_DA,COMP,CLOSE_PRICE
-----------,----,-----------
1999-11-19 00:00:00,RPBH,10.5
1999-11-24 00:00:00,RPBH,10.25
1999-11-30 00:00:00,RPBH,10.25
1999-12-01 00:00:00,RPBH,10.5
1999-12-02 00:00:00,RPBH,10.25
1999-12-03 00:00:00,RPBH,10.25
1999-12-06 00:00:00,RPBH,10.25
1999-12-07 00:00:00,RPBH,10.25
1999-12-08 00:00:00,RPBH,10.5
1999-12-09 00:00:00,RPBH,10.75
1999-12-10 00:00:00,RPBH,11
1999-12-14 00:00:00,RPBH,10.75
1999-12-16 00:00:00,RPBH,10.75
1999-12-17 00:00:00,RPBH,11
1999-12-23 00:00:00,RPBH,10.5
1999-12-27 00:00:00,RPBH,10
1999-12-28 00:00:00,RPBH,10
1999-12-29 00:00:00,RPBH,10
1999-01-04 00:00:00,SAMP,48
1999-01-05 00:00:00,SAMP,47.5
1999-01-06 00:00:00,SAMP,47.5
1999-01-07 00:00:00,SAMP,49.5
1999-01-08 00:00:00,SAMP,49.5
1999-01-11 00:00:00,SAMP,49
1999-01-12 00:00:00,SAMP,49
1999-01-13 00:00:00,SAMP,49.25
1999-01-14 00:00:00,SAMP,49
1999-01-18 00:00:00,SAMP,49
1999-01-19 00:00:00,SAMP,49
1999-01-20 00:00:00,SAMP,49
1999-01-21 00:00:00,SAMP,49.75
1999-01-22 00:00:00,SAMP,49.75
1999-01-25 00:00:00,SAMP,50
1999-01-26 00:00:00,SAMP,49.75
1999-01-27 00:00:00,SAMP,49
1999-01-28 00:00:00,SAMP,48
1999-01-29 00:00:00,SAMP,48.5
1999-02-01 00:00:00,SAMP,49
1999-02-02 00:00:00,SAMP,46.5
1999-02-03 00:00:00,SAMP,47
1999-02-05 00:00:00,SAMP,47
1999-02-08 00:00:00,SAMP,47
1999-02-09 00:00:00,SAMP,46.75
1999-02-10 00:00:00,SAMP,46.75
1999-02-11 00:00:00,SAMP,47
1999-02-12 00:00:00,SAMP,47.25
1999-02-15 00:00:00,SAMP,47.75
1999-02-16 00:00:00,SAMP,48
1999-02-17 00:00:00,SAMP,48
1999-02-18 00:00:00,SAMP,48
1999-02-19 00:00:00,SAMP,48
1999-02-22 00:00:00,SAMP,47.25
1999-02-23 00:00:00,SAMP,47
1999-02-24 00:00:00,SAMP,46.25
1999-02-25 00:00:00,SAMP,46
1999-02-26 00:00:00,SAMP,47
1999-03-02 00:00:00,SAMP,46
1999-03-03 00:00:00,SAMP,46.25
1999-03-04 00:00:00,SAMP,45.25
1999-03-05 00:00:00,SAMP,45
1999-03-08 00:00:00,SAMP,44
1999-03-09 00:00:00,SAMP,44.25
1999-03-10 00:00:00,SAMP,44.5
1999-03-11 00:00:00,SAMP,44.25
1999-03-12 00:00:00,SAMP,44
1999-03-15 00:00:00,SAMP,43.25
1999-03-16 00:00:00,SAMP,43.5
1999-03-17 00:00:00,SAMP,43
1999-03-18 00:00:00,SAMP,42
1999-03-19 00:00:00,SAMP,43
1999-03-22 00:00:00,SAMP,44
1999-03-23 00:00:00,SAMP,43.25
1999-03-24 00:00:00,SAMP,43.5
1999-03-25 00:00:00,SAMP,43.5
1999-03-26 00:00:00,SAMP,43
1999-03-29 00:00:00,SAMP,43.75
1999-03-30 00:00:00,SAMP,44
1999-04-01 00:00:00,SAMP,43.25
1999-04-05 00:00:00,SAMP,43.25
1999-04-07 00:00:00,SAMP,44
1999-04-08 00:00:00,SAMP,45.5
1999-04-09 00:00:00,SAMP,46
1999-04-12 00:00:00,SAMP,46
1999-04-15 00:00:00,SAMP,46.5
1999-04-16 00:00:00,SAMP,45.75
1999-04-19 00:00:00,SAMP,45
1999-04-20 00:00:00,SAMP,44.5
1999-04-21 00:00:00,SAMP,44.25
1999-04-22 00:00:00,SAMP,44.25
1999-04-26 00:00:00,SAMP,44.25
1999-04-27 00:00:00,SAMP,44.75
1999-04-28 00:00:00,SAMP,44.5
1999-05-03 00:00:00,SAMP,44.5
1999-05-04 00:00:00,SAMP,44.5
1999-05-05 00:00:00,SAMP,44
1999-05-06 00:00:00,SAMP,43.5
1999-05-07 00:00:00,SAMP,43.5
1999-05-10 00:00:00,SAMP,43.5
1999-05-11 00:00:00,SAMP,43
1999-05-12 00:00:00,SAMP,43.5
1999-05-13 00:00:00,SAMP,43.5
1999-05-14 00:00:00,SAMP,44.5
1999-05-17 00:00:00,SAMP,46
1999-05-18 00:00:00,SAMP,46
1999-05-19 00:00:00,SAMP,47.25
1999-05-20 00:00:00,SAMP,47
1999-05-21 00:00:00,SAMP,47
1999-05-24 00:00:00,SAMP,46
1999-05-25 00:00:00,SAMP,44.75
1999-05-27 00:00:00,SAMP,44.5
1999-05-28 00:00:00,SAMP,45
1999-06-01 00:00:00,SAMP,45.5
1999-06-02 00:00:00,SAMP,45
1999-06-03 00:00:00,SAMP,43.5
1999-06-04 00:00:00,SAMP,42.5
1999-06-07 00:00:00,SAMP,42.5
1999-06-08 00:00:00,SAMP,42.25
1999-06-09 00:00:00,SAMP,42.5
1999-06-10 00:00:00,SAMP,42.5
1999-06-11 00:00:00,SAMP,42
1999-06-14 00:00:00,SAMP,42.25
1999-06-15 00:00:00,SAMP,42.25
1999-06-16 00:00:00,SAMP,42
1999-06-17 00:00:00,SAMP,42
1999-06-18 00:00:00,SAMP,41
1999-06-21 00:00:00,SAMP,40
1999-06-22 00:00:00,SAMP,40.5
1999-06-23 00:00:00,SAMP,40.25
1999-06-24 00:00:00,SAMP,40
1999-06-25 00:00:00,SAMP,40
1999-06-30 00:00:00,SAMP,39.5
1999-07-01 00:00:00,SAMP,40
1999-07-02 00:00:00,SAMP,39.5
1999-07-05 00:00:00,SAMP,40
1999-07-06 00:00:00,SAMP,40
1999-07-07 00:00:00,SAMP,40.25
1999-07-08 00:00:00,SAMP,40
1999-07-09 00:00:00,SAMP,40.5
1999-07-12 00:00:00,SAMP,41
1999-07-13 00:00:00,SAMP,41.5
1999-07-14 00:00:00,SAMP,41
1999-07-15 00:00:00,SAMP,40.5
1999-07-16 00:00:00,SAMP,41
1999-07-19 00:00:00,SAMP,41
1999-07-20 00:00:00,SAMP,42.5
1999-07-21 00:00:00,SAMP,41.5
1999-07-22 00:00:00,SAMP,43.25
1999-07-23 00:00:00,SAMP,46
1999-07-26 00:00:00,SAMP,44
1999-07-27 00:00:00,SAMP,44
1999-07-29 00:00:00,SAMP,47
1999-07-30 00:00:00,SAMP,45
1999-08-02 00:00:00,SAMP,46.5
1999-08-03 00:00:00,SAMP,46
1999-08-04 00:00:00,SAMP,46
1999-08-05 00:00:00,SAMP,45.5
1999-08-06 00:00:00,SAMP,45.5
1999-08-09 00:00:00,SAMP,45.75
1999-08-10 00:00:00,SAMP,45.5
1999-08-11 00:00:00,SAMP,46
1999-08-12 00:00:00,SAMP,44
1999-08-13 00:00:00,SAMP,46
1999-08-16 00:00:00,SAMP,45
1999-08-17 00:00:00,SAMP,45
1999-08-18 00:00:00,SAMP,43.25
1999-08-19 00:00:00,SAMP,43.5
1999-08-23 00:00:00,SAMP,43.25
1999-08-24 00:00:00,SAMP,44
1999-08-25 00:00:00,SAMP,44
1999-08-30 00:00:00,SAMP,43.5
1999-08-31 00:00:00,SAMP,43.5
1999-09-01 00:00:00,SAMP,43.25
1999-09-02 00:00:00,SAMP,43
1999-09-03 00:00:00,SAMP,43
1999-09-06 00:00:00,SAMP,43.25
1999-09-07 00:00:00,SAMP,43
1999-09-08 00:00:00,SAMP,43
1999-09-09 00:00:00,SAMP,43
1999-09-10 00:00:00,SAMP,43
1999-09-13 00:00:00,SAMP,43
1999-09-14 00:00:00,SAMP,43
1999-09-15 00:00:00,SAMP,43
1999-09-16 00:00:00,SAMP,42.75
1999-09-17 00:00:00,SAMP,43
1999-09-20 00:00:00,SAMP,43
1999-09-21 00:00:00,SAMP,42.75
1999-09-22 00:00:00,SAMP,42
1999-09-23 00:00:00,SAMP,42
1999-09-24 00:00:00,SAMP,42.5
1999-09-27 00:00:00,SAMP,42
1999-09-28 00:00:00,SAMP,41.75
1999-09-29 00:00:00,SAMP,41.25
1999-09-30 00:00:00,SAMP,41.5
1999-10-01 00:00:00,SAMP,41.25
1999-10-04 00:00:00,SAMP,41.25
1999-10-05 00:00:00,SAMP,41.25
1999-10-06 00:00:00,SAMP,41
1999-10-07 00:00:00,SAMP,41
1999-10-08 00:00:00,SAMP,41.5
1999-10-11 00:00:00,SAMP,41.5
1999-10-12 00:00:00,SAMP,40.75
1999-10-13 00:00:00,SAMP,40.5
1999-10-14 00:00:00,SAMP,40
1999-10-15 00:00:00,SAMP,39
1999-10-18 00:00:00,SAMP,39
1999-10-19 00:00:00,SAMP,39
1999-10-20 00:00:00,SAMP,39
1999-10-21 00:00:00,SAMP,39
1999-10-22 00:00:00,SAMP,39.5
1999-10-25 00:00:00,SAMP,39.5
1999-10-26 00:00:00,SAMP,38.75
1999-10-27 00:00:00,SAMP,36.5
1999-10-28 00:00:00,SAMP,37
1999-10-29 00:00:00,SAMP,37
1999-11-01 00:00:00,SAMP,37
1999-11-02 00:00:00,SAMP,37.5
1999-11-03 00:00:00,SAMP,37.25
1999-11-04 00:00:00,SAMP,38.5
1999-11-05 00:00:00,SAMP,38.75
1999-11-08 00:00:00,SAMP,38
1999-11-09 00:00:00,SAMP,38
1999-11-10 00:00:00,SAMP,39.5
1999-11-11 00:00:00,SAMP,39.5
1999-11-12 00:00:00,SAMP,39.25
1999-11-15 00:00:00,SAMP,39
1999-11-16 00:00:00,SAMP,39
1999-11-17 00:00:00,SAMP,38
1999-11-18 00:00:00,SAMP,38
1999-11-19 00:00:00,SAMP,38
1999-11-23 00:00:00,SAMP,38.5
1999-11-24 00:00:00,SAMP,39.5
1999-11-25 00:00:00,SAMP,39.25
1999-11-26 00:00:00,SAMP,39.25
1999-11-29 00:00:00,SAMP,41
1999-11-30 00:00:00,SAMP,41
1999-12-01 00:00:00,SAMP,42
1999-12-02 00:00:00,SAMP,42.25
1999-12-03 00:00:00,SAMP,43
1999-12-06 00:00:00,SAMP,42
1999-12-07 00:00:00,SAMP,42.75
1999-12-08 00:00:00,SAMP,43
1999-12-09 00:00:00,SAMP,44
1999-12-10 00:00:00,SAMP,45
1999-12-13 00:00:00,SAMP,46.5
1999-12-14 00:00:00,SAMP,51
1999-12-15 00:00:00,SAMP,50
1999-12-16 00:00:00,SAMP,50
1999-12-17 00:00:00,SAMP,50.5
1999-12-20 00:00:00,SAMP,50
1999-12-21 00:00:00,SAMP,51
1999-12-23 00:00:00,SAMP,48.25
1999-12-27 00:00:00,SAMP,47
1999-12-28 00:00:00,SAMP,45.5
1999-12-29 00:00:00,SAMP,44
1999-12-30 00:00:00,SAMP,45
1999-01-11 00:00:00,SAMS,12
1999-01-20 00:00:00,SAMS,12
1999-01-26 00:00:00,SAMS,12
1999-02-03 00:00:00,SAMS,12.25
1999-02-08 00:00:00,SAMS,12.5
1999-02-09 00:00:00,SAMS,13
1999-02-12 00:00:00,SAMS,12.5
1999-02-15 00:00:00,SAMS,12.75
1999-02-19 00:00:00,SAMS,13
1999-04-01 00:00:00,SAMS,12.5
1999-04-19 00:00:00,SAMS,12.5
1999-04-20 00:00:00,SAMS,12.5
1999-05-11 00:00:00,SAMS,13.5
1999-05-27 00:00:00,SAMS,13.5
1999-06-16 00:00:00,SAMS,13.5
1999-06-18 00:00:00,SAMS,13.5
1999-06-23 00:00:00,SAMS,13.75
1999-07-14 00:00:00,SAMS,13.75
SECURITY_DA,COMP,CLOSE_PRICE
-----------,----,-----------
1999-07-20 00:00:00,SAMS,13
1999-08-05 00:00:00,SAMS,13
1999-08-16 00:00:00,SAMS,11.5
1999-08-17 00:00:00,SAMS,11.5
1999-08-20 00:00:00,SAMS,11.5
1999-09-03 00:00:00,SAMS,11.5
1999-09-06 00:00:00,SAMS,11.5
1999-10-19 00:00:00,SAMS,11.5
1999-10-20 00:00:00,SAMS,11
1999-11-02 00:00:00,SAMS,11
1999-11-05 00:00:00,SAMS,10
1999-12-01 00:00:00,SAMS,10.5
1999-12-10 00:00:00,SAMS,11
1999-01-28 00:00:00,SELI,150
1999-03-23 00:00:00,SELI,157
1999-08-13 00:00:00,SELI,165
1999-10-22 00:00:00,SELI,160
1999-01-04 00:00:00,SEMB,3
1999-01-05 00:00:00,SEMB,2.75
1999-01-07 00:00:00,SEMB,2.75
1999-01-11 00:00:00,SEMB,2.75
SECURITY_DA,COMP,CLOSE_PRICE
-----------,----,-----------
1999-01-12 00:00:00,SEMB,3
1999-01-20 00:00:00,SEMB,2.75
1999-01-21 00:00:00,SEMB,2.75
1999-01-22 00:00:00,SEMB,2.75
1999-01-25 00:00:00,SEMB,2.75
1999-01-26 00:00:00,SEMB,2.75
1999-01-27 00:00:00,SEMB,2.75
1999-01-28 00:00:00,SEMB,2.75
1999-02-02 00:00:00,SEMB,2.75
1999-02-03 00:00:00,SEMB,3
1999-02-08 00:00:00,SEMB,2.75
1999-02-09 00:00:00,SEMB,2.75
1999-02-10 00:00:00,SEMB,2.75
1999-02-11 00:00:00,SEMB,2.75
1999-02-12 00:00:00,SEMB,2.75
1999-02-16 00:00:00,SEMB,2.75
1999-02-17 00:00:00,SEMB,2.75
1999-02-18 00:00:00,SEMB,3
1999-02-19 00:00:00,SEMB,2.75
1999-02-23 00:00:00,SEMB,2.75
1999-02-24 00:00:00,SEMB,2.75
SECURITY_DA,COMP,CLOSE_PRICE
-----------,----,-----------
1999-02-25 00:00:00,SEMB,2.75
1999-02-26 00:00:00,SEMB,2.75
1999-03-03 00:00:00,SEMB,2.75
1999-03-04 00:00:00,SEMB,2.75
1999-03-05 00:00:00,SEMB,2.5
1999-03-08 00:00:00,SEMB,2.5
1999-03-10 00:00:00,SEMB,2.25
1999-03-11 00:00:00,SEMB,2.5
1999-03-16 00:00:00,SEMB,2.5
1999-03-17 00:00:00,SEMB,2.75
1999-03-24 00:00:00,SEMB,2.5
1999-03-29 00:00:00,SEMB,2.25
1999-04-08 00:00:00,SEMB,2.5
1999-04-15 00:00:00,SEMB,2.5
1999-04-19 00:00:00,SEMB,2.5
1999-04-20 00:00:00,SEMB,2.25
1999-04-22 00:00:00,SEMB,2.25
1999-04-23 00:00:00,SEMB,2.25
1999-04-27 00:00:00,SEMB,3
1999-04-28 00:00:00,SEMB,2.75
1999-05-03 00:00:00,SEMB,2.75
SECURITY_DA,COMP,CLOSE_PRICE
-----------,----,-----------
1999-05-04 00:00:00,SEMB,2.75
1999-05-06 00:00:00,SEMB,2.5
1999-05-07 00:00:00,SEMB,2.5
1999-05-10 00:00:00,SEMB,2.5
1999-05-11 00:00:00,SEMB,2.25
1999-05-12 00:00:00,SEMB,2.25
1999-05-17 00:00:00,SEMB,2.25
1999-05-19 00:00:00,SEMB,2.25
1999-05-21 00:00:00,SEMB,2.25
1999-05-25 00:00:00,SEMB,2.25
1999-05-26 00:00:00,SEMB,2.25
1999-05-27 00:00:00,SEMB,2.25
1999-05-28 00:00:00,SEMB,2.25
1999-06-01 00:00:00,SEMB,2.25
1999-06-02 00:00:00,SEMB,2.25
1999-06-04 00:00:00,SEMB,2
1999-06-09 00:00:00,SEMB,2
1999-06-11 00:00:00,SEMB,2
1999-06-15 00:00:00,SEMB,2.25
1999-06-18 00:00:00,SEMB,2.25
1999-06-22 00:00:00,SEMB,2
SECURITY_DA,COMP,CLOSE_PRICE
-----------,----,-----------
1999-06-23 00:00:00,SEMB,2
1999-06-24 00:00:00,SEMB,2
1999-06-30 00:00:00,SEMB,2
1999-07-01 00:00:00,SEMB,2
1999-07-02 00:00:00,SEMB,2
1999-07-05 00:00:00,SEMB,2
1999-07-06 00:00:00,SEMB,2
1999-07-07 00:00:00,SEMB,1.75
1999-07-09 00:00:00,SEMB,1.75
1999-07-12 00:00:00,SEMB,2
1999-07-13 00:00:00,SEMB,2
1999-07-14 00:00:00,SEMB,2
1999-07-15 00:00:00,SEMB,2
1999-07-16 00:00:00,SEMB,2
1999-07-19 00:00:00,SEMB,2
1999-07-21 00:00:00,SEMB,1.75
1999-07-22 00:00:00,SEMB,2
1999-07-23 00:00:00,SEMB,2
1999-07-26 00:00:00,SEMB,1.75
1999-07-27 00:00:00,SEMB,1.75
1999-07-29 00:00:00,SEMB,1.75
SECURITY_DA,COMP,CLOSE_PRICE
-----------,----,-----------
1999-07-30 00:00:00,SEMB,1.75
1999-08-02 00:00:00,SEMB,1.75
1999-08-03 00:00:00,SEMB,1.75
1999-08-05 00:00:00,SEMB,2
1999-08-06 00:00:00,SEMB,1.75
1999-08-09 00:00:00,SEMB,2
1999-08-11 00:00:00,SEMB,1.75
1999-08-16 00:00:00,SEMB,1.75
1999-08-17 00:00:00,SEMB,1.75
1999-08-18 00:00:00,SEMB,1.75
1999-08-19 00:00:00,SEMB,2
1999-08-23 00:00:00,SEMB,2
1999-08-24 00:00:00,SEMB,1.75
1999-08-31 00:00:00,SEMB,1.75
1999-09-02 00:00:00,SEMB,1.75
1999-09-03 00:00:00,SEMB,2
1999-09-06 00:00:00,SEMB,1.5
1999-09-07 00:00:00,SEMB,1.5
1999-09-08 00:00:00,SEMB,1.5
1999-09-13 00:00:00,SEMB,1.75
1999-09-15 00:00:00,SEMB,1.5
SECURITY_DA,COMP,CLOSE_PRICE
-----------,----,-----------
1999-09-16 00:00:00,SEMB,1.5
1999-09-17 00:00:00,SEMB,1.5
1999-09-20 00:00:00,SEMB,1.5
1999-09-22 00:00:00,SEMB,1.5
1999-09-27 00:00:00,SEMB,1.5
1999-09-28 00:00:00,SEMB,1.5
1999-09-29 00:00:00,SEMB,1.5
1999-10-06 00:00:00,SEMB,1.5
1999-10-13 00:00:00,SEMB,1.5
1999-10-18 00:00:00,SEMB,1.75
1999-10-19 00:00:00,SEMB,1.75
1999-10-22 00:00:00,SEMB,1.75
1999-10-26 00:00:00,SEMB,1.5
1999-11-01 00:00:00,SEMB,2
1999-11-04 00:00:00,SEMB,1.5
1999-11-05 00:00:00,SEMB,1.75
1999-11-10 00:00:00,SEMB,1.5
1999-11-11 00:00:00,SEMB,1.5
1999-11-12 00:00:00,SEMB,1.5
1999-11-16 00:00:00,SEMB,1.5
1999-11-17 00:00:00,SEMB,1.5
SECURITY_DA,COMP,CLOSE_PRICE
-----------,----,-----------
1999-11-23 00:00:00,SEMB,1.75
1999-11-24 00:00:00,SEMB,1.75
1999-11-25 00:00:00,SEMB,1.75
1999-11-30 00:00:00,SEMB,2
1999-12-01 00:00:00,SEMB,2.25
1999-12-02 00:00:00,SEMB,2
1999-12-03 00:00:00,SEMB,2
1999-12-06 00:00:00,SEMB,2
1999-12-07 00:00:00,SEMB,2
1999-12-08 00:00:00,SEMB,2
1999-12-09 00:00:00,SEMB,2.25
1999-12-10 00:00:00,SEMB,2.75
1999-12-13 00:00:00,SEMB,2.25
1999-12-14 00:00:00,SEMB,2.5
1999-12-15 00:00:00,SEMB,2.5
1999-12-16 00:00:00,SEMB,2.5
1999-12-20 00:00:00,SEMB,2.5
1999-12-21 00:00:00,SEMB,2.75
1999-12-23 00:00:00,SEMB,2.5
1999-12-27 00:00:00,SEMB,2.25
1999-12-28 00:00:00,SEMB,2.25
SECURITY_DA,COMP,CLOSE_PRICE
-----------,----,-----------
1999-12-29 00:00:00,SEMB,2.25
1999-01-08 00:00:00,SERV,10.5
1999-01-13 00:00:00,SERV,10.75
1999-01-14 00:00:00,SERV,11.25
1999-01-19 00:00:00,SERV,11.75
1999-01-20 00:00:00,SERV,16
1999-01-21 00:00:00,SERV,15
1999-02-03 00:00:00,SERV,14
1999-02-18 00:00:00,SERV,12
1999-02-19 00:00:00,SERV,12
1999-02-23 00:00:00,SERV,12
1999-02-24 00:00:00,SERV,14
1999-02-25 00:00:00,SERV,12.5
1999-03-03 00:00:00,SERV,12.5
1999-03-05 00:00:00,SERV,12.5
1999-03-09 00:00:00,SERV,12.5
1999-03-11 00:00:00,SERV,12.5
1999-03-16 00:00:00,SERV,11.5
1999-03-23 00:00:00,SERV,11.25
1999-03-29 00:00:00,SERV,12
1999-04-20 00:00:00,SERV,12
SECURITY_DA,COMP,CLOSE_PRICE
-----------,----,-----------
1999-04-27 00:00:00,SERV,12.25
1999-06-09 00:00:00,SERV,10
1999-06-11 00:00:00,SERV,10
1999-06-21 00:00:00,SERV,10
1999-06-22 00:00:00,SERV,9
1999-06-23 00:00:00,SERV,10
1999-07-09 00:00:00,SERV,12
1999-07-12 00:00:00,SERV,13.75
1999-07-13 00:00:00,SERV,14
1999-07-14 00:00:00,SERV,14.5
1999-07-15 00:00:00,SERV,19
1999-07-20 00:00:00,SERV,25.5
1999-07-21 00:00:00,SERV,26
1999-07-22 00:00:00,SERV,26
1999-07-23 00:00:00,SERV,26
1999-07-26 00:00:00,SERV,26
1999-07-27 00:00:00,SERV,25
1999-07-29 00:00:00,SERV,26
1999-07-30 00:00:00,SERV,26
1999-08-03 00:00:00,SERV,26
1999-08-04 00:00:00,SERV,26
SECURITY_DA,COMP,CLOSE_PRICE
-----------,----,-----------
1999-08-05 00:00:00,SERV,26
1999-08-06 00:00:00,SERV,26
1999-08-09 00:00:00,SERV,26
1999-08-10 00:00:00,SERV,26
1999-08-11 00:00:00,SERV,26
1999-08-12 00:00:00,SERV,25
1999-08-13 00:00:00,SERV,26
1999-08-16 00:00:00,SERV,26
1999-08-17 00:00:00,SERV,26
1999-08-18 00:00:00,SERV,26
1999-08-19 00:00:00,SERV,26
1999-08-20 00:00:00,SERV,26
1999-08-23 00:00:00,SERV,25
1999-08-24 00:00:00,SERV,26
1999-08-25 00:00:00,SERV,26
1999-09-01 00:00:00,SERV,26
1999-09-02 00:00:00,SERV,26
1999-09-03 00:00:00,SERV,26
1999-09-06 00:00:00,SERV,26
1999-09-13 00:00:00,SERV,26
1999-01-04 00:00:00,SEYB,15.25
1999-01-05 00:00:00,SEYB,15.25
1999-01-06 00:00:00,SEYB,15.25
1999-01-07 00:00:00,SEYB,15.25
1999-01-08 00:00:00,SEYB,15
1999-01-11 00:00:00,SEYB,15.25
1999-01-12 00:00:00,SEYB,15
1999-01-13 00:00:00,SEYB,15.5
1999-01-14 00:00:00,SEYB,15
1999-01-18 00:00:00,SEYB,14.75
1999-01-19 00:00:00,SEYB,15
1999-01-20 00:00:00,SEYB,15
1999-01-21 00:00:00,SEYB,15
1999-01-22 00:00:00,SEYB,15.25
1999-01-25 00:00:00,SEYB,15.25
1999-01-26 00:00:00,SEYB,15
1999-01-27 00:00:00,SEYB,15.5
1999-01-28 00:00:00,SEYB,15.25
1999-01-29 00:00:00,SEYB,15.25
1999-02-01 00:00:00,SEYB,15
1999-02-02 00:00:00,SEYB,15
1999-02-03 00:00:00,SEYB,15
1999-02-05 00:00:00,SEYB,15
1999-02-08 00:00:00,SEYB,15.25
1999-02-09 00:00:00,SEYB,15.25
1999-02-10 00:00:00,SEYB,16.5
1999-02-11 00:00:00,SEYB,16.5
1999-02-12 00:00:00,SEYB,16.5
1999-02-15 00:00:00,SEYB,16.5
1999-02-16 00:00:00,SEYB,16
1999-02-17 00:00:00,SEYB,16
1999-02-18 00:00:00,SEYB,16.5
1999-02-19 00:00:00,SEYB,16.75
1999-02-22 00:00:00,SEYB,16.75
1999-02-23 00:00:00,SEYB,16.5
1999-02-24 00:00:00,SEYB,16.25
1999-02-25 00:00:00,SEYB,16.25
1999-02-26 00:00:00,SEYB,16.5
1999-03-02 00:00:00,SEYB,16.75
1999-03-03 00:00:00,SEYB,16.25
1999-03-04 00:00:00,SEYB,16
1999-03-05 00:00:00,SEYB,15.5
1999-03-08 00:00:00,SEYB,15
1999-03-09 00:00:00,SEYB,15.25
1999-03-10 00:00:00,SEYB,15.25
1999-03-11 00:00:00,SEYB,15.25
1999-03-12 00:00:00,SEYB,15
1999-03-16 00:00:00,SEYB,15.25
1999-03-17 00:00:00,SEYB,15.5
1999-03-18 00:00:00,SEYB,15.5
1999-03-19 00:00:00,SEYB,15.5
1999-03-22 00:00:00,SEYB,15.25
1999-03-23 00:00:00,SEYB,15.5
1999-03-24 00:00:00,SEYB,15.25
1999-03-26 00:00:00,SEYB,15.5
1999-03-30 00:00:00,SEYB,15.25
1999-04-01 00:00:00,SEYB,15.25
1999-04-05 00:00:00,SEYB,15.5
1999-04-07 00:00:00,SEYB,16.75
1999-04-08 00:00:00,SEYB,16.25
1999-04-09 00:00:00,SEYB,16
1999-04-12 00:00:00,SEYB,15.75
1999-04-15 00:00:00,SEYB,15.75
1999-04-16 00:00:00,SEYB,15.75
1999-04-19 00:00:00,SEYB,15.75
1999-04-20 00:00:00,SEYB,16
1999-04-21 00:00:00,SEYB,16
1999-04-22 00:00:00,SEYB,16.5
1999-04-23 00:00:00,SEYB,16.25
1999-04-26 00:00:00,SEYB,16.5
1999-04-27 00:00:00,SEYB,17
1999-04-28 00:00:00,SEYB,17.25
1999-05-03 00:00:00,SEYB,17.5
1999-05-04 00:00:00,SEYB,17.5
1999-05-05 00:00:00,SEYB,17
1999-05-06 00:00:00,SEYB,17
1999-05-07 00:00:00,SEYB,16.5
1999-05-10 00:00:00,SEYB,16
1999-05-11 00:00:00,SEYB,16
1999-05-12 00:00:00,SEYB,16
1999-05-14 00:00:00,SEYB,16.25
1999-05-18 00:00:00,SEYB,16.25
1999-05-19 00:00:00,SEYB,16.5
1999-05-20 00:00:00,SEYB,16.5
1999-05-21 00:00:00,SEYB,16.75
1999-05-24 00:00:00,SEYB,16.5
1999-05-25 00:00:00,SEYB,16.5
1999-05-26 00:00:00,SEYB,16.75
1999-05-27 00:00:00,SEYB,16.5
1999-05-28 00:00:00,SEYB,16.25
1999-06-01 00:00:00,SEYB,16
1999-06-02 00:00:00,SEYB,16
1999-06-03 00:00:00,SEYB,16
1999-06-04 00:00:00,SEYB,16
1999-06-07 00:00:00,SEYB,16
1999-06-08 00:00:00,SEYB,16
1999-06-09 00:00:00,SEYB,16
1999-06-10 00:00:00,SEYB,15.75
1999-06-14 00:00:00,SEYB,16
1999-06-16 00:00:00,SEYB,15.75
1999-06-17 00:00:00,SEYB,16
1999-06-18 00:00:00,SEYB,16
1999-06-21 00:00:00,SEYB,16
1999-06-22 00:00:00,SEYB,15.75
1999-06-23 00:00:00,SEYB,15.75
1999-06-24 00:00:00,SEYB,16
1999-06-25 00:00:00,SEYB,16
1999-06-30 00:00:00,SEYB,16
1999-07-01 00:00:00,SEYB,16
1999-07-02 00:00:00,SEYB,16
1999-07-05 00:00:00,SEYB,15.75
1999-07-07 00:00:00,SEYB,15.75
1999-07-08 00:00:00,SEYB,15.75
1999-07-09 00:00:00,SEYB,15.75
1999-07-12 00:00:00,SEYB,16
1999-07-13 00:00:00,SEYB,15.75
1999-07-14 00:00:00,SEYB,15.5
1999-07-15 00:00:00,SEYB,15.5
1999-07-16 00:00:00,SEYB,16
1999-07-19 00:00:00,SEYB,15.5
1999-07-20 00:00:00,SEYB,15.5
1999-07-21 00:00:00,SEYB,15.5
1999-07-22 00:00:00,SEYB,16.25
1999-07-23 00:00:00,SEYB,16.25
1999-07-26 00:00:00,SEYB,16.25
1999-07-27 00:00:00,SEYB,16
1999-07-29 00:00:00,SEYB,16
1999-07-30 00:00:00,SEYB,16
1999-08-02 00:00:00,SEYB,16
1999-08-03 00:00:00,SEYB,16
1999-08-04 00:00:00,SEYB,16.5
1999-08-05 00:00:00,SEYB,16.5
1999-08-06 00:00:00,SEYB,16.75
1999-08-09 00:00:00,SEYB,17
1999-08-10 00:00:00,SEYB,17
1999-08-11 00:00:00,SEYB,16.75
1999-08-12 00:00:00,SEYB,16.75
1999-08-13 00:00:00,SEYB,16.75
1999-08-16 00:00:00,SEYB,17
1999-08-17 00:00:00,SEYB,17
1999-08-18 00:00:00,SEYB,16.75
1999-08-19 00:00:00,SEYB,16.75
1999-08-20 00:00:00,SEYB,17
1999-08-25 00:00:00,SEYB,16.75
1999-08-30 00:00:00,SEYB,16.75
1999-08-31 00:00:00,SEYB,16.75
1999-09-01 00:00:00,SEYB,16.75
1999-09-02 00:00:00,SEYB,16.5
1999-09-03 00:00:00,SEYB,16.25
1999-09-06 00:00:00,SEYB,16.25
1999-09-07 00:00:00,SEYB,16.25
1999-09-08 00:00:00,SEYB,16.25
1999-09-09 00:00:00,SEYB,16.25
1999-09-10 00:00:00,SEYB,16.25
1999-09-13 00:00:00,SEYB,16.25
1999-09-14 00:00:00,SEYB,16.25
1999-09-15 00:00:00,SEYB,16.25
1999-09-16 00:00:00,SEYB,16.25
1999-09-20 00:00:00,SEYB,16
1999-09-22 00:00:00,SEYB,15.75
1999-09-23 00:00:00,SEYB,15.75
1999-09-24 00:00:00,SEYB,15.5
1999-09-27 00:00:00,SEYB,15
1999-09-28 00:00:00,SEYB,15.25
1999-09-29 00:00:00,SEYB,15.25
1999-09-30 00:00:00,SEYB,15.25
1999-10-01 00:00:00,SEYB,15.25
1999-10-04 00:00:00,SEYB,15.5
1999-10-05 00:00:00,SEYB,15.5
1999-10-06 00:00:00,SEYB,15.25
1999-10-07 00:00:00,SEYB,15
1999-10-08 00:00:00,SEYB,15.25
1999-10-11 00:00:00,SEYB,15.25
1999-10-12 00:00:00,SEYB,15.25
1999-10-13 00:00:00,SEYB,15
1999-10-14 00:00:00,SEYB,15
1999-10-15 00:00:00,SEYB,15
1999-10-18 00:00:00,SEYB,15
1999-10-19 00:00:00,SEYB,14.5
1999-10-20 00:00:00,SEYB,14.5
1999-10-21 00:00:00,SEYB,14.25
1999-10-25 00:00:00,SEYB,14.5
1999-10-26 00:00:00,SEYB,14.25
1999-10-28 00:00:00,SEYB,14.25
1999-10-29 00:00:00,SEYB,14
1999-11-01 00:00:00,SEYB,14.25
1999-11-02 00:00:00,SEYB,14
1999-11-05 00:00:00,SEYB,14.5
1999-11-08 00:00:00,SEYB,14.5
1999-11-09 00:00:00,SEYB,14.5
1999-11-10 00:00:00,SEYB,14.5
1999-11-11 00:00:00,SEYB,14.75
1999-11-12 00:00:00,SEYB,15.25
1999-11-15 00:00:00,SEYB,15
1999-11-16 00:00:00,SEYB,15
1999-11-17 00:00:00,SEYB,15
1999-11-18 00:00:00,SEYB,15
1999-11-19 00:00:00,SEYB,15
1999-11-23 00:00:00,SEYB,15
1999-11-24 00:00:00,SEYB,15
1999-11-25 00:00:00,SEYB,15.25
1999-11-26 00:00:00,SEYB,15
1999-11-29 00:00:00,SEYB,15
1999-11-30 00:00:00,SEYB,15
1999-12-01 00:00:00,SEYB,15
1999-12-02 00:00:00,SEYB,15.5
1999-12-03 00:00:00,SEYB,15.5
1999-12-06 00:00:00,SEYB,15.5
1999-12-07 00:00:00,SEYB,15.75
1999-12-08 00:00:00,SEYB,16.25
1999-12-09 00:00:00,SEYB,16
1999-12-10 00:00:00,SEYB,16.5
1999-12-13 00:00:00,SEYB,17
1999-12-14 00:00:00,SEYB,17
1999-12-15 00:00:00,SEYB,16.5
1999-12-16 00:00:00,SEYB,16.25
1999-12-17 00:00:00,SEYB,17
1999-12-20 00:00:00,SEYB,17
1999-12-21 00:00:00,SEYB,17.25
1999-12-23 00:00:00,SEYB,15.75
1999-12-27 00:00:00,SEYB,15.5
1999-12-28 00:00:00,SEYB,15.25
1999-12-29 00:00:00,SEYB,15.25
1999-12-30 00:00:00,SEYB,15.75
1999-01-04 00:00:00,SHAW,30
1999-01-06 00:00:00,SHAW,30
1999-01-19 00:00:00,SHAW,30
1999-02-01 00:00:00,SHAW,27.5
1999-02-19 00:00:00,SHAW,25
1999-03-02 00:00:00,SHAW,25
1999-03-04 00:00:00,SHAW,25
1999-03-23 00:00:00,SHAW,24
1999-03-29 00:00:00,SHAW,24
1999-04-20 00:00:00,SHAW,24.5
1999-05-06 00:00:00,SHAW,25
1999-05-12 00:00:00,SHAW,25
1999-06-11 00:00:00,SHAW,25
1999-06-17 00:00:00,SHAW,30
1999-07-05 00:00:00,SHAW,26
1999-07-06 00:00:00,SHAW,26
1999-07-19 00:00:00,SHAW,26
1999-07-21 00:00:00,SHAW,26
1999-07-23 00:00:00,SHAW,28
1999-07-26 00:00:00,SHAW,28
1999-08-02 00:00:00,SHAW,28
1999-08-04 00:00:00,SHAW,32
1999-08-06 00:00:00,SHAW,33
1999-08-11 00:00:00,SHAW,35
1999-08-12 00:00:00,SHAW,35
1999-08-13 00:00:00,SHAW,35
1999-08-18 00:00:00,SHAW,35
1999-08-23 00:00:00,SHAW,33
1999-09-02 00:00:00,SHAW,33
SECURITY_DA,COMP,CLOSE_PRICE
-----------,----,-----------
1999-09-03 00:00:00,SHAW,32
1999-09-06 00:00:00,SHAW,32
1999-09-08 00:00:00,SHAW,30.5
1999-09-10 00:00:00,SHAW,30.5
1999-09-16 00:00:00,SHAW,31.75
1999-09-17 00:00:00,SHAW,32
1999-09-22 00:00:00,SHAW,32
1999-09-23 00:00:00,SHAW,32
1999-09-24 00:00:00,SHAW,30
1999-09-27 00:00:00,SHAW,33
1999-09-28 00:00:00,SHAW,33
1999-10-14 00:00:00,SHAW,32
1999-10-20 00:00:00,SHAW,32
1999-10-21 00:00:00,SHAW,30.5
1999-10-28 00:00:00,SHAW,31.25
1999-10-29 00:00:00,SHAW,32.5
1999-11-02 00:00:00,SHAW,33.5
1999-11-11 00:00:00,SHAW,34.5
1999-12-01 00:00:00,SHAW,34
1999-12-08 00:00:00,SHAW,34
1999-12-15 00:00:00,SHAW,34
SECURITY_DA,COMP,CLOSE_PRICE
-----------,----,-----------
1999-01-11 00:00:00,SHOT,18
1999-01-14 00:00:00,SHOT,18
1999-01-25 00:00:00,SHOT,18.5
1999-01-27 00:00:00,SHOT,18.5
1999-02-10 00:00:00,SHOT,20
1999-02-11 00:00:00,SHOT,24
1999-02-12 00:00:00,SHOT,21.5
1999-02-17 00:00:00,SHOT,30
1999-02-19 00:00:00,SHOT,30
1999-03-10 00:00:00,SHOT,30
1999-03-23 00:00:00,SHOT,30
1999-03-24 00:00:00,SHOT,30
1999-03-26 00:00:00,SHOT,30
1999-03-29 00:00:00,SHOT,30
1999-03-30 00:00:00,SHOT,30
1999-04-08 00:00:00,SHOT,30
1999-04-22 00:00:00,SHOT,28
1999-05-04 00:00:00,SHOT,30
1999-05-06 00:00:00,SHOT,30
1999-05-07 00:00:00,SHOT,30
1999-05-11 00:00:00,SHOT,30
SECURITY_DA,COMP,CLOSE_PRICE
-----------,----,-----------
1999-05-13 00:00:00,SHOT,30
1999-05-19 00:00:00,SHOT,30
1999-05-20 00:00:00,SHOT,30
1999-06-03 00:00:00,SHOT,25
1999-06-11 00:00:00,SHOT,25
1999-06-17 00:00:00,SHOT,25
1999-07-08 00:00:00,SHOT,26
1999-07-09 00:00:00,SHOT,26.25
1999-07-12 00:00:00,SHOT,30
1999-07-14 00:00:00,SHOT,30
1999-07-15 00:00:00,SHOT,30
1999-07-16 00:00:00,SHOT,30
1999-07-19 00:00:00,SHOT,30
1999-07-20 00:00:00,SHOT,30
1999-07-21 00:00:00,SHOT,27.25
1999-07-23 00:00:00,SHOT,30
1999-07-26 00:00:00,SHOT,29.5
1999-07-27 00:00:00,SHOT,30
1999-08-04 00:00:00,SHOT,30
1999-08-10 00:00:00,SHOT,35
1999-08-11 00:00:00,SHOT,36
SECURITY_DA,COMP,CLOSE_PRICE
-----------,----,-----------
1999-09-02 00:00:00,SHOT,32
1999-09-09 00:00:00,SHOT,32
1999-09-14 00:00:00,SHOT,32
1999-09-15 00:00:00,SHOT,32
1999-09-17 00:00:00,SHOT,31
1999-10-01 00:00:00,SHOT,30
1999-10-11 00:00:00,SHOT,31
1999-10-21 00:00:00,SHOT,30
1999-11-03 00:00:00,SHOT,30
1999-11-11 00:00:00,SHOT,28
1999-12-15 00:00:00,SHOT,32
1999-05-20 00:00:00,SIGV,60
1999-06-01 00:00:00,SIGV,60
1999-11-03 00:00:00,SIGV,58
1999-01-05 00:00:00,SIL,15
1999-01-06 00:00:00,SIL,16.25
1999-01-19 00:00:00,SIL,15
1999-01-20 00:00:00,SIL,15
1999-01-27 00:00:00,SIL,13.5
1999-02-02 00:00:00,SIL,13.5
1999-02-09 00:00:00,SIL,13.5
SECURITY_DA,COMP,CLOSE_PRICE
-----------,----,-----------
1999-02-17 00:00:00,SIL,13.25
1999-02-22 00:00:00,SIL,15.5
1999-02-23 00:00:00,SIL,14.5
1999-02-24 00:00:00,SIL,14
1999-02-26 00:00:00,SIL,14
1999-03-10 00:00:00,SIL,13.5
1999-03-11 00:00:00,SIL,13.5
1999-03-12 00:00:00,SIL,13.75
1999-03-15 00:00:00,SIL,13.25
1999-03-18 00:00:00,SIL,15
1999-03-22 00:00:00,SIL,13.75
1999-03-26 00:00:00,SIL,14.25
1999-04-05 00:00:00,SIL,15.75
1999-04-16 00:00:00,SIL,15
1999-04-20 00:00:00,SIL,15.5
1999-04-21 00:00:00,SIL,16.25
1999-04-28 00:00:00,SIL,16.75
1999-05-05 00:00:00,SIL,17
1999-05-14 00:00:00,SIL,18
1999-05-20 00:00:00,SIL,19
1999-05-21 00:00:00,SIL,20
SECURITY_DA,COMP,CLOSE_PRICE
-----------,----,-----------
1999-05-27 00:00:00,SIL,22
1999-06-01 00:00:00,SIL,19
1999-06-03 00:00:00,SIL,19
1999-06-04 00:00:00,SIL,19
1999-06-10 00:00:00,SIL,17.5
1999-07-05 00:00:00,SIL,18
1999-07-07 00:00:00,SIL,18
1999-07-15 00:00:00,SIL,16
1999-07-19 00:00:00,SIL,17
1999-07-21 00:00:00,SIL,18
1999-07-23 00:00:00,SIL,18.5
1999-08-03 00:00:00,SIL,16.75
1999-08-10 00:00:00,SIL,15
1999-08-11 00:00:00,SIL,15.5
1999-08-12 00:00:00,SIL,15.25
1999-08-13 00:00:00,SIL,15.5
1999-08-16 00:00:00,SIL,18
1999-09-01 00:00:00,SIL,15
1999-09-08 00:00:00,SIL,15
1999-09-24 00:00:00,SIL,18
1999-11-08 00:00:00,SIL,15
SECURITY_DA,COMP,CLOSE_PRICE
-----------,----,-----------
1999-11-11 00:00:00,SIL,16
1999-11-12 00:00:00,SIL,16
1999-11-15 00:00:00,SIL,15
1999-11-16 00:00:00,SIL,14.5
1999-11-17 00:00:00,SIL,15
1999-11-18 00:00:00,SIL,16
1999-11-29 00:00:00,SIL,16
1999-11-30 00:00:00,SIL,15
1999-12-01 00:00:00,SIL,16
1999-12-02 00:00:00,SIL,16
1999-12-10 00:00:00,SIL,16
1999-12-14 00:00:00,SIL,16
1999-12-15 00:00:00,SIL,16
1999-12-30 00:00:00,SIL,15.5
1999-02-08 00:00:00,SING,4.5
1999-05-18 00:00:00,SING,4.25
1999-05-20 00:00:00,SING,4
1999-08-23 00:00:00,SING,3.5
1999-02-03 00:00:00,SINI,21
1999-02-16 00:00:00,SINI,21
1999-02-17 00:00:00,SINI,21
SECURITY_DA,COMP,CLOSE_PRICE
-----------,----,-----------
1999-02-18 00:00:00,SINI,20
1999-03-08 00:00:00,SINI,21
1999-03-24 00:00:00,SINI,21
1999-04-26 00:00:00,SINI,22
1999-05-05 00:00:00,SINI,22
1999-05-10 00:00:00,SINI,22.5
1999-05-11 00:00:00,SINI,22.5
1999-05-17 00:00:00,SINI,23
1999-05-19 00:00:00,SINI,23
1999-06-01 00:00:00,SINI,23
1999-06-17 00:00:00,SINI,22
1999-06-18 00:00:00,SINI,22.5
1999-06-22 00:00:00,SINI,22.5
1999-07-02 00:00:00,SINI,22.75
1999-07-06 00:00:00,SINI,23
1999-07-23 00:00:00,SINI,23
1999-08-04 00:00:00,SINI,25
1999-08-06 00:00:00,SINI,25
1999-08-09 00:00:00,SINI,25
1999-08-19 00:00:00,SINI,25
1999-09-07 00:00:00,SINI,26
SECURITY_DA,COMP,CLOSE_PRICE
-----------,----,-----------
1999-09-14 00:00:00,SINI,26.25
1999-09-17 00:00:00,SINI,25
1999-09-29 00:00:00,SINI,26
1999-09-30 00:00:00,SINI,26
1999-10-06 00:00:00,SINI,26
1999-10-07 00:00:00,SINI,26
1999-10-08 00:00:00,SINI,26
1999-10-13 00:00:00,SINI,26
1999-11-05 00:00:00,SINI,26
1999-11-09 00:00:00,SINI,26
1999-11-23 00:00:00,SINI,27
1999-11-26 00:00:00,SINI,27
1999-12-01 00:00:00,SINI,27
1999-12-17 00:00:00,SINI,28
1999-01-04 00:00:00,SINS,46
1999-01-05 00:00:00,SINS,46
1999-01-07 00:00:00,SINS,47
1999-01-08 00:00:00,SINS,48
1999-01-12 00:00:00,SINS,48
1999-01-14 00:00:00,SINS,47
1999-01-19 00:00:00,SINS,47
SECURITY_DA,COMP,CLOSE_PRICE
-----------,----,-----------
1999-01-21 00:00:00,SINS,47
1999-01-25 00:00:00,SINS,47
1999-01-26 00:00:00,SINS,47
1999-01-27 00:00:00,SINS,45
1999-01-29 00:00:00,SINS,45
1999-02-02 00:00:00,SINS,45.25
1999-02-03 00:00:00,SINS,45.75
1999-02-05 00:00:00,SINS,46
1999-02-08 00:00:00,SINS,46
1999-02-09 00:00:00,SINS,46
1999-02-11 00:00:00,SINS,46
1999-02-15 00:00:00,SINS,46
1999-02-16 00:00:00,SINS,46
1999-02-19 00:00:00,SINS,46.5
1999-02-22 00:00:00,SINS,46
1999-02-23 00:00:00,SINS,46
1999-03-05 00:00:00,SINS,43.5
1999-03-08 00:00:00,SINS,47
1999-03-09 00:00:00,SINS,46
1999-03-11 00:00:00,SINS,46
1999-03-17 00:00:00,SINS,46
SECURITY_DA,COMP,CLOSE_PRICE
-----------,----,-----------
1999-03-18 00:00:00,SINS,45
1999-03-23 00:00:00,SINS,46
1999-03-25 00:00:00,SINS,45.5
1999-03-26 00:00:00,SINS,46
1999-03-29 00:00:00,SINS,46
1999-03-30 00:00:00,SINS,45.5
1999-04-01 00:00:00,SINS,45.5
1999-04-05 00:00:00,SINS,45
1999-04-07 00:00:00,SINS,46.5
1999-04-08 00:00:00,SINS,46.5
1999-04-15 00:00:00,SINS,46.25
1999-04-16 00:00:00,SINS,46
1999-04-20 00:00:00,SINS,46.25
1999-04-22 00:00:00,SINS,46.25
1999-04-23 00:00:00,SINS,46.5
1999-04-26 00:00:00,SINS,46.5
1999-05-03 00:00:00,SINS,50
1999-05-04 00:00:00,SINS,49
1999-05-11 00:00:00,SINS,49
1999-05-12 00:00:00,SINS,49.75
1999-05-14 00:00:00,SINS,50
SECURITY_DA,COMP,CLOSE_PRICE
-----------,----,-----------
1999-05-17 00:00:00,SINS,49
1999-05-18 00:00:00,SINS,49
1999-05-19 00:00:00,SINS,49
1999-05-20 00:00:00,SINS,49.5
1999-05-21 00:00:00,SINS,51
1999-05-24 00:00:00,SINS,51
1999-05-25 00:00:00,SINS,50
1999-05-26 00:00:00,SINS,50
1999-05-27 00:00:00,SINS,49.5
1999-05-28 00:00:00,SINS,49.5
1999-06-01 00:00:00,SINS,49.5
1999-06-02 00:00:00,SINS,49.5
1999-06-04 00:00:00,SINS,49.5
1999-06-11 00:00:00,SINS,49.5
1999-06-15 00:00:00,SINS,48
1999-06-16 00:00:00,SINS,48
1999-06-18 00:00:00,SINS,46.5
1999-06-21 00:00:00,SINS,46
1999-06-22 00:00:00,SINS,46
1999-06-23 00:00:00,SINS,47
1999-07-06 00:00:00,SINS,47
SECURITY_DA,COMP,CLOSE_PRICE
-----------,----,-----------
1999-07-08 00:00:00,SINS,47
1999-07-09 00:00:00,SINS,46
1999-07-12 00:00:00,SINS,47
1999-07-13 00:00:00,SINS,47
1999-07-14 00:00:00,SINS,46
1999-07-15 00:00:00,SINS,47
1999-07-19 00:00:00,SINS,46.5
1999-07-20 00:00:00,SINS,46.25
1999-07-22 00:00:00,SINS,47
1999-07-23 00:00:00,SINS,47.5
1999-07-26 00:00:00,SINS,47.5
1999-07-27 00:00:00,SINS,48
1999-07-29 00:00:00,SINS,47.25
1999-07-30 00:00:00,SINS,47.5
1999-08-02 00:00:00,SINS,47.5
1999-08-03 00:00:00,SINS,47.5
1999-08-04 00:00:00,SINS,46
1999-08-05 00:00:00,SINS,48
1999-08-09 00:00:00,SINS,47
1999-08-11 00:00:00,SINS,46.5
1999-08-12 00:00:00,SINS,46.5
SECURITY_DA,COMP,CLOSE_PRICE
-----------,----,-----------
1999-08-13 00:00:00,SINS,47
1999-08-16 00:00:00,SINS,47
1999-08-17 00:00:00,SINS,47
1999-08-18 00:00:00,SINS,46.5
1999-08-19 00:00:00,SINS,47
1999-08-20 00:00:00,SINS,46.5
1999-08-23 00:00:00,SINS,46.5
1999-08-24 00:00:00,SINS,48.5
1999-08-25 00:00:00,SINS,48.5
1999-08-30 00:00:00,SINS,47
1999-08-31 00:00:00,SINS,47
1999-09-01 00:00:00,SINS,47
1999-09-02 00:00:00,SINS,47
1999-09-03 00:00:00,SINS,47.25
1999-09-06 00:00:00,SINS,50
1999-09-07 00:00:00,SINS,47.25
1999-09-08 00:00:00,SINS,47
1999-09-09 00:00:00,SINS,48
1999-09-16 00:00:00,SINS,40.5
1999-09-17 00:00:00,SINS,45
1999-09-20 00:00:00,SINS,45
SECURITY_DA,COMP,CLOSE_PRICE
-----------,----,-----------
1999-09-21 00:00:00,SINS,46
1999-09-22 00:00:00,SINS,45
1999-09-23 00:00:00,SINS,45
1999-09-24 00:00:00,SINS,45
1999-09-27 00:00:00,SINS,46
1999-09-30 00:00:00,SINS,46
1999-10-05 00:00:00,SINS,45
1999-10-06 00:00:00,SINS,45
1999-10-07 00:00:00,SINS,45
1999-10-08 00:00:00,SINS,45
1999-10-12 00:00:00,SINS,44.5
1999-10-13 00:00:00,SINS,44.5
1999-10-14 00:00:00,SINS,44.5
1999-10-15 00:00:00,SINS,44.5
1999-10-18 00:00:00,SINS,44.5
1999-10-19 00:00:00,SINS,44
1999-10-21 00:00:00,SINS,43
1999-10-22 00:00:00,SINS,43
1999-10-26 00:00:00,SINS,42.5
1999-10-27 00:00:00,SINS,42.5
1999-10-28 00:00:00,SINS,43
SECURITY_DA,COMP,CLOSE_PRICE
-----------,----,-----------
1999-11-01 00:00:00,SINS,45
1999-11-03 00:00:00,SINS,43
1999-11-08 00:00:00,SINS,45
1999-11-09 00:00:00,SINS,45
1999-11-10 00:00:00,SINS,45
1999-11-17 00:00:00,SINS,43
1999-11-18 00:00:00,SINS,43
1999-11-24 00:00:00,SINS,43
1999-11-25 00:00:00,SINS,43
1999-11-26 00:00:00,SINS,43
1999-11-29 00:00:00,SINS,45
1999-11-30 00:00:00,SINS,45
1999-12-02 00:00:00,SINS,45
1999-12-03 00:00:00,SINS,45
1999-12-06 00:00:00,SINS,45
1999-12-07 00:00:00,SINS,45
1999-12-08 00:00:00,SINS,45
1999-12-09 00:00:00,SINS,45.5
1999-12-13 00:00:00,SINS,45
1999-12-14 00:00:00,SINS,45.25
1999-12-17 00:00:00,SINS,46
SECURITY_DA,COMP,CLOSE_PRICE
-----------,----,-----------
1999-12-23 00:00:00,SINS,45.25
1999-12-27 00:00:00,SINS,45
1999-12-28 00:00:00,SINS,45
1999-12-29 00:00:00,SINS,44
1999-07-20 00:00:00,SLND,75
1999-08-18 00:00:00,SLND,65
1999-11-11 00:00:00,SLND,60
1999-11-17 00:00:00,SLND,60
1999-01-04 00:00:00,SMOT,63
1999-01-05 00:00:00,SMOT,63
1999-01-06 00:00:00,SMOT,62.5
1999-01-12 00:00:00,SMOT,60
1999-01-13 00:00:00,SMOT,60.25
1999-01-14 00:00:00,SMOT,60
1999-01-26 00:00:00,SMOT,61
1999-01-27 00:00:00,SMOT,60
1999-01-29 00:00:00,SMOT,62.5
1999-02-02 00:00:00,SMOT,60
1999-02-03 00:00:00,SMOT,60.25
1999-02-08 00:00:00,SMOT,61
1999-02-10 00:00:00,SMOT,62
SECURITY_DA,COMP,CLOSE_PRICE
-----------,----,-----------
1999-02-11 00:00:00,SMOT,61
1999-02-15 00:00:00,SMOT,62
1999-02-16 00:00:00,SMOT,63
1999-02-17 00:00:00,SMOT,70
1999-02-18 00:00:00,SMOT,65
1999-02-19 00:00:00,SMOT,65
1999-02-23 00:00:00,SMOT,70
1999-02-24 00:00:00,SMOT,66
1999-02-26 00:00:00,SMOT,68
1999-03-19 00:00:00,SMOT,58
1999-03-24 00:00:00,SMOT,60
1999-03-29 00:00:00,SMOT,60
1999-04-19 00:00:00,SMOT,65
1999-04-23 00:00:00,SMOT,65
1999-04-26 00:00:00,SMOT,65
1999-05-03 00:00:00,SMOT,65
1999-05-28 00:00:00,SMOT,55.5
1999-06-03 00:00:00,SMOT,57
1999-06-07 00:00:00,SMOT,56
1999-06-08 00:00:00,SMOT,57
1999-06-09 00:00:00,SMOT,55
SECURITY_DA,COMP,CLOSE_PRICE
-----------,----,-----------
1999-06-11 00:00:00,SMOT,55
1999-06-14 00:00:00,SMOT,53
1999-06-15 00:00:00,SMOT,52
1999-06-16 00:00:00,SMOT,51
1999-06-18 00:00:00,SMOT,50
1999-06-23 00:00:00,SMOT,49.5
1999-07-06 00:00:00,SMOT,49
1999-07-23 00:00:00,SMOT,51
1999-08-03 00:00:00,SMOT,54
1999-08-05 00:00:00,SMOT,53
1999-08-06 00:00:00,SMOT,53
1999-08-09 00:00:00,SMOT,53.5
1999-08-10 00:00:00,SMOT,53.25
1999-08-17 00:00:00,SMOT,53
1999-08-19 00:00:00,SMOT,51.5
1999-08-23 00:00:00,SMOT,53
1999-08-31 00:00:00,SMOT,47
1999-09-03 00:00:00,SMOT,47.25
1999-09-06 00:00:00,SMOT,47.5
1999-09-07 00:00:00,SMOT,47.5
1999-09-09 00:00:00,SMOT,47.5
SECURITY_DA,COMP,CLOSE_PRICE
-----------,----,-----------
1999-09-10 00:00:00,SMOT,47.5
1999-09-16 00:00:00,SMOT,48.75
1999-09-20 00:00:00,SMOT,49.25
1999-09-22 00:00:00,SMOT,48.5
1999-09-23 00:00:00,SMOT,48.5
1999-09-24 00:00:00,SMOT,48.5
1999-09-27 00:00:00,SMOT,48.5
1999-09-28 00:00:00,SMOT,48.5
1999-09-29 00:00:00,SMOT,48.5
1999-10-01 00:00:00,SMOT,66
1999-10-04 00:00:00,SMOT,63
1999-10-05 00:00:00,SMOT,62.25
1999-10-06 00:00:00,SMOT,62.25
1999-10-07 00:00:00,SMOT,65
1999-10-08 00:00:00,SMOT,65
1999-10-11 00:00:00,SMOT,65
1999-10-12 00:00:00,SMOT,65
1999-10-13 00:00:00,SMOT,65
1999-10-14 00:00:00,SMOT,64.5
1999-10-15 00:00:00,SMOT,64
1999-10-18 00:00:00,SMOT,64.5
SECURITY_DA,COMP,CLOSE_PRICE
-----------,----,-----------
1999-10-19 00:00:00,SMOT,63.25
1999-10-20 00:00:00,SMOT,64
1999-10-21 00:00:00,SMOT,64
1999-10-22 00:00:00,SMOT,64
1999-10-25 00:00:00,SMOT,64
1999-10-26 00:00:00,SMOT,63
1999-10-27 00:00:00,SMOT,63
1999-10-28 00:00:00,SMOT,62
1999-10-29 00:00:00,SMOT,62
1999-11-01 00:00:00,SMOT,62
1999-11-02 00:00:00,SMOT,63
1999-11-04 00:00:00,SMOT,62.5
1999-11-05 00:00:00,SMOT,62.5
1999-11-08 00:00:00,SMOT,65
1999-11-09 00:00:00,SMOT,65
1999-11-10 00:00:00,SMOT,65
1999-11-11 00:00:00,SMOT,63
1999-11-12 00:00:00,SMOT,65
1999-11-15 00:00:00,SMOT,66
1999-11-16 00:00:00,SMOT,33
1999-11-17 00:00:00,SMOT,31
SECURITY_DA,COMP,CLOSE_PRICE
-----------,----,-----------
1999-11-18 00:00:00,SMOT,31
1999-11-19 00:00:00,SMOT,31
1999-11-23 00:00:00,SMOT,31
1999-11-24 00:00:00,SMOT,31
1999-11-25 00:00:00,SMOT,30.25
1999-11-26 00:00:00,SMOT,30.25
1999-11-29 00:00:00,SMOT,30
1999-11-30 00:00:00,SMOT,30
1999-12-01 00:00:00,SMOT,31
1999-12-02 00:00:00,SMOT,31
1999-12-03 00:00:00,SMOT,30
1999-12-06 00:00:00,SMOT,30
1999-12-07 00:00:00,SMOT,30
1999-12-08 00:00:00,SMOT,29.75
1999-12-09 00:00:00,SMOT,29.5
1999-12-10 00:00:00,SMOT,29
1999-12-13 00:00:00,SMOT,29
1999-12-14 00:00:00,SMOT,30
1999-12-15 00:00:00,SMOT,29.5
1999-12-17 00:00:00,SMOT,30
1999-12-27 00:00:00,SMOT,30
SECURITY_DA,COMP,CLOSE_PRICE
-----------,----,-----------
1999-12-28 00:00:00,SMOT,29
1999-12-30 00:00:00,SMOT,29.75
1999-01-07 00:00:00,SOY,6.75
1999-01-08 00:00:00,SOY,6.75
1999-01-11 00:00:00,SOY,6.75
1999-01-12 00:00:00,SOY,7
1999-01-13 00:00:00,SOY,7
1999-02-10 00:00:00,SOY,6.75
1999-02-15 00:00:00,SOY,6.5
1999-02-16 00:00:00,SOY,7
1999-02-19 00:00:00,SOY,6.75
1999-02-22 00:00:00,SOY,7
1999-02-24 00:00:00,SOY,6.75
1999-02-25 00:00:00,SOY,6.75
1999-03-03 00:00:00,SOY,6.75
1999-03-05 00:00:00,SOY,6.75
1999-03-09 00:00:00,SOY,6.75
1999-03-22 00:00:00,SOY,6.5
1999-04-06 00:00:00,SOY,7
1999-04-09 00:00:00,SOY,6.5
1999-04-15 00:00:00,SOY,7
SECURITY_DA,COMP,CLOSE_PRICE
-----------,----,-----------
1999-04-21 00:00:00,SOY,7
1999-04-22 00:00:00,SOY,7
1999-04-26 00:00:00,SOY,7
1999-05-05 00:00:00,SOY,7
1999-05-06 00:00:00,SOY,7
1999-05-07 00:00:00,SOY,7
1999-05-12 00:00:00,SOY,7.5
1999-07-14 00:00:00,SOY,7
1999-08-02 00:00:00,SOY,5.5
1999-08-16 00:00:00,SOY,5.5
1999-08-19 00:00:00,SOY,5
1999-08-24 00:00:00,SOY,5
1999-08-31 00:00:00,SOY,5.25
1999-09-02 00:00:00,SOY,5.25
1999-09-06 00:00:00,SOY,5.25
1999-09-07 00:00:00,SOY,5.5
1999-09-08 00:00:00,SOY,5.5
1999-09-09 00:00:00,SOY,5
1999-09-15 00:00:00,SOY,5
1999-09-21 00:00:00,SOY,6
1999-09-23 00:00:00,SOY,6
SECURITY_DA,COMP,CLOSE_PRICE
-----------,----,-----------
1999-09-28 00:00:00,SOY,6.75
1999-09-30 00:00:00,SOY,6
1999-10-05 00:00:00,SOY,6
1999-10-06 00:00:00,SOY,6.75
1999-10-12 00:00:00,SOY,6
1999-10-18 00:00:00,SOY,6
1999-10-19 00:00:00,SOY,6
1999-10-22 00:00:00,SOY,6
1999-11-05 00:00:00,SOY,6
1999-11-12 00:00:00,SOY,6.75
1999-11-15 00:00:00,SOY,6.75
1999-11-25 00:00:00,SOY,5.5
1999-12-09 00:00:00,SOY,5.5
1999-12-15 00:00:00,SOY,5.5
1999-12-17 00:00:00,SOY,5.5
1999-01-04 00:00:00,SPEN,105
1999-01-05 00:00:00,SPEN,101
1999-01-06 00:00:00,SPEN,106.75
1999-01-07 00:00:00,SPEN,107.5
1999-01-08 00:00:00,SPEN,107
1999-01-11 00:00:00,SPEN,106.5
SECURITY_DA,COMP,CLOSE_PRICE
-----------,----,-----------
1999-01-12 00:00:00,SPEN,106.25
1999-01-13 00:00:00,SPEN,107
1999-01-14 00:00:00,SPEN,101.75
1999-01-18 00:00:00,SPEN,105
1999-01-20 00:00:00,SPEN,106.5
1999-01-21 00:00:00,SPEN,106
1999-01-22 00:00:00,SPEN,106.75
1999-01-25 00:00:00,SPEN,105.25
1999-01-26 00:00:00,SPEN,103
1999-01-27 00:00:00,SPEN,100
1999-01-28 00:00:00,SPEN,95.25
1999-01-29 00:00:00,SPEN,100
1999-02-01 00:00:00,SPEN,99.75
1999-02-02 00:00:00,SPEN,97.5
1999-02-05 00:00:00,SPEN,95.5
1999-02-08 00:00:00,SPEN,96
1999-02-10 00:00:00,SPEN,96.25
1999-02-12 00:00:00,SPEN,99
1999-02-15 00:00:00,SPEN,101
1999-02-16 00:00:00,SPEN,102
1999-02-17 00:00:00,SPEN,102
SECURITY_DA,COMP,CLOSE_PRICE
-----------,----,-----------
1999-02-18 00:00:00,SPEN,101
1999-02-19 00:00:00,SPEN,100
1999-02-22 00:00:00,SPEN,100
1999-02-23 00:00:00,SPEN,97
1999-02-24 00:00:00,SPEN,98
1999-02-26 00:00:00,SPEN,99
1999-03-02 00:00:00,SPEN,99
1999-03-03 00:00:00,SPEN,98.5
1999-03-04 00:00:00,SPEN,98.5
1999-03-05 00:00:00,SPEN,96
1999-03-08 00:00:00,SPEN,91
1999-03-09 00:00:00,SPEN,95
1999-03-10 00:00:00,SPEN,95
1999-03-11 00:00:00,SPEN,92
1999-03-16 00:00:00,SPEN,94
1999-03-18 00:00:00,SPEN,90.25
1999-03-19 00:00:00,SPEN,90
1999-03-22 00:00:00,SPEN,90.25
1999-03-23 00:00:00,SPEN,90.25
1999-03-25 00:00:00,SPEN,90
1999-03-30 00:00:00,SPEN,90
SECURITY_DA,COMP,CLOSE_PRICE
-----------,----,-----------
1999-04-01 00:00:00,SPEN,90
1999-04-06 00:00:00,SPEN,90.25
1999-04-07 00:00:00,SPEN,90
1999-04-08 00:00:00,SPEN,90
1999-04-09 00:00:00,SPEN,90
1999-04-12 00:00:00,SPEN,90
1999-04-15 00:00:00,SPEN,90
1999-04-19 00:00:00,SPEN,90.25
1999-04-20 00:00:00,SPEN,90.25
1999-04-21 00:00:00,SPEN,90.75
1999-04-22 00:00:00,SPEN,91.25
1999-04-23 00:00:00,SPEN,93
1999-04-26 00:00:00,SPEN,92.75
1999-04-27 00:00:00,SPEN,91
1999-04-28 00:00:00,SPEN,92.75
1999-05-03 00:00:00,SPEN,92.75
1999-05-05 00:00:00,SPEN,90.25
1999-05-06 00:00:00,SPEN,92.75
1999-05-07 00:00:00,SPEN,93
1999-05-10 00:00:00,SPEN,95
1999-05-11 00:00:00,SPEN,95.5
SECURITY_DA,COMP,CLOSE_PRICE
-----------,----,-----------
1999-05-12 00:00:00,SPEN,95.5
1999-05-13 00:00:00,SPEN,96.5
1999-05-14 00:00:00,SPEN,100
1999-05-17 00:00:00,SPEN,98
1999-05-19 00:00:00,SPEN,102
1999-05-20 00:00:00,SPEN,105
1999-05-21 00:00:00,SPEN,106
1999-05-24 00:00:00,SPEN,105
1999-05-25 00:00:00,SPEN,103.5
1999-05-26 00:00:00,SPEN,100
1999-05-27 00:00:00,SPEN,100
1999-05-28 00:00:00,SPEN,100
1999-06-01 00:00:00,SPEN,100
1999-06-02 00:00:00,SPEN,98
1999-06-03 00:00:00,SPEN,97
1999-06-04 00:00:00,SPEN,97.25
1999-06-08 00:00:00,SPEN,97.25
1999-06-09 00:00:00,SPEN,97.25
1999-06-10 00:00:00,SPEN,97
1999-06-11 00:00:00,SPEN,97
1999-06-14 00:00:00,SPEN,97.25
SECURITY_DA,COMP,CLOSE_PRICE
-----------,----,-----------
1999-06-15 00:00:00,SPEN,97
1999-06-16 00:00:00,SPEN,97
1999-06-17 00:00:00,SPEN,95.25
1999-06-18 00:00:00,SPEN,95
1999-06-21 00:00:00,SPEN,95
1999-06-22 00:00:00,SPEN,95
1999-06-23 00:00:00,SPEN,95.25
1999-06-24 00:00:00,SPEN,95.25
1999-06-25 00:00:00,SPEN,95
1999-06-30 00:00:00,SPEN,97
1999-07-01 00:00:00,SPEN,97.75
1999-07-02 00:00:00,SPEN,97.75
1999-07-05 00:00:00,SPEN,98
1999-07-06 00:00:00,SPEN,98
1999-07-07 00:00:00,SPEN,98.25
1999-07-08 00:00:00,SPEN,98
1999-07-09 00:00:00,SPEN,97.75
1999-07-12 00:00:00,SPEN,98
1999-07-13 00:00:00,SPEN,100
1999-07-14 00:00:00,SPEN,100
1999-07-15 00:00:00,SPEN,110
SECURITY_DA,COMP,CLOSE_PRICE
-----------,----,-----------
1999-07-16 00:00:00,SPEN,115
1999-07-19 00:00:00,SPEN,110
1999-07-20 00:00:00,SPEN,107.5
1999-07-21 00:00:00,SPEN,110.25
1999-07-22 00:00:00,SPEN,116
1999-07-23 00:00:00,SPEN,124
1999-07-26 00:00:00,SPEN,125.5
1999-07-27 00:00:00,SPEN,128
1999-07-29 00:00:00,SPEN,124.25
1999-07-30 00:00:00,SPEN,125.5
1999-08-02 00:00:00,SPEN,126
1999-08-03 00:00:00,SPEN,128
1999-08-04 00:00:00,SPEN,128
1999-08-05 00:00:00,SPEN,128.25
1999-08-06 00:00:00,SPEN,130
1999-08-12 00:00:00,SPEN,127
1999-08-13 00:00:00,SPEN,127
1999-08-16 00:00:00,SPEN,126
1999-08-17 00:00:00,SPEN,115
1999-08-18 00:00:00,SPEN,110
1999-08-23 00:00:00,SPEN,110.25
SECURITY_DA,COMP,CLOSE_PRICE
-----------,----,-----------
1999-08-24 00:00:00,SPEN,115.25
1999-08-31 00:00:00,SPEN,118
1999-09-01 00:00:00,SPEN,118
1999-09-02 00:00:00,SPEN,118
1999-09-03 00:00:00,SPEN,120
1999-09-06 00:00:00,SPEN,120
1999-09-07 00:00:00,SPEN,120
1999-09-08 00:00:00,SPEN,120.25
1999-09-09 00:00:00,SPEN,122
1999-09-10 00:00:00,SPEN,123
1999-09-13 00:00:00,SPEN,123.25
1999-09-14 00:00:00,SPEN,124
1999-09-15 00:00:00,SPEN,125
1999-09-16 00:00:00,SPEN,125
1999-09-17 00:00:00,SPEN,126
1999-09-20 00:00:00,SPEN,125.25
1999-09-21 00:00:00,SPEN,125
1999-09-22 00:00:00,SPEN,125.25
1999-09-23 00:00:00,SPEN,125
1999-09-24 00:00:00,SPEN,125
1999-09-27 00:00:00,SPEN,125
SECURITY_DA,COMP,CLOSE_PRICE
-----------,----,-----------
1999-09-28 00:00:00,SPEN,125
1999-09-29 00:00:00,SPEN,125
1999-09-30 00:00:00,SPEN,125
1999-10-01 00:00:00,SPEN,125
1999-10-05 00:00:00,SPEN,125
1999-10-06 00:00:00,SPEN,125
1999-10-08 00:00:00,SPEN,125
1999-10-11 00:00:00,SPEN,125
1999-10-12 00:00:00,SPEN,125
1999-10-15 00:00:00,SPEN,120
1999-10-20 00:00:00,SPEN,120
1999-10-21 00:00:00,SPEN,120
1999-10-22 00:00:00,SPEN,120
1999-10-26 00:00:00,SPEN,120
1999-10-27 00:00:00,SPEN,120
1999-10-28 00:00:00,SPEN,120
1999-10-29 00:00:00,SPEN,120
1999-11-01 00:00:00,SPEN,120
1999-11-03 00:00:00,SPEN,122
1999-11-04 00:00:00,SPEN,120
1999-11-08 00:00:00,SPEN,125
SECURITY_DA,COMP,CLOSE_PRICE
-----------,----,-----------
1999-11-09 00:00:00,SPEN,130
1999-11-11 00:00:00,SPEN,127
1999-11-12 00:00:00,SPEN,125
1999-11-15 00:00:00,SPEN,120
1999-11-17 00:00:00,SPEN,120.25
1999-11-18 00:00:00,SPEN,120.25
1999-11-23 00:00:00,SPEN,122
1999-11-24 00:00:00,SPEN,123
1999-11-25 00:00:00,SPEN,124
1999-11-29 00:00:00,SPEN,122.25
1999-12-01 00:00:00,SPEN,122.5
1999-12-02 00:00:00,SPEN,122.5
1999-12-06 00:00:00,SPEN,122.5
1999-12-07 00:00:00,SPEN,125
1999-12-08 00:00:00,SPEN,128.25
1999-12-09 00:00:00,SPEN,131
1999-12-10 00:00:00,SPEN,130
1999-12-13 00:00:00,SPEN,140
1999-12-14 00:00:00,SPEN,140
1999-12-15 00:00:00,SPEN,138
1999-12-16 00:00:00,SPEN,138
SECURITY_DA,COMP,CLOSE_PRICE
-----------,----,-----------
1999-12-17 00:00:00,SPEN,138
1999-12-21 00:00:00,SPEN,135
1999-12-23 00:00:00,SPEN,130
1999-12-27 00:00:00,SPEN,130.25
1999-12-28 00:00:00,SPEN,130
1999-12-29 00:00:00,SPEN,130
1999-12-30 00:00:00,SPEN,130
1999-01-05 00:00:00,STAF,4.5
1999-01-06 00:00:00,STAF,4.75
1999-01-11 00:00:00,STAF,3.75
1999-01-13 00:00:00,STAF,5
1999-01-14 00:00:00,STAF,4.5
1999-01-22 00:00:00,STAF,4.5
1999-01-28 00:00:00,STAF,4.5
1999-02-02 00:00:00,STAF,4.5
1999-02-05 00:00:00,STAF,4.5
1999-02-08 00:00:00,STAF,5
1999-02-09 00:00:00,STAF,5
1999-02-10 00:00:00,STAF,5
1999-02-11 00:00:00,STAF,5
1999-02-12 00:00:00,STAF,4.75
SECURITY_DA,COMP,CLOSE_PRICE
-----------,----,-----------
1999-02-15 00:00:00,STAF,5
1999-02-16 00:00:00,STAF,5
1999-02-18 00:00:00,STAF,5
1999-02-19 00:00:00,STAF,5
1999-02-22 00:00:00,STAF,4.75
1999-02-23 00:00:00,STAF,5
1999-02-24 00:00:00,STAF,4.75
1999-02-25 00:00:00,STAF,5
1999-03-02 00:00:00,STAF,4.75
1999-03-05 00:00:00,STAF,4
1999-03-10 00:00:00,STAF,5
1999-03-19 00:00:00,STAF,5
1999-04-08 00:00:00,STAF,5.25
1999-04-09 00:00:00,STAF,5
1999-04-12 00:00:00,STAF,5.25
1999-04-19 00:00:00,STAF,5
1999-04-20 00:00:00,STAF,5
1999-04-26 00:00:00,STAF,5
1999-04-27 00:00:00,STAF,5
1999-05-04 00:00:00,STAF,5.25
1999-05-06 00:00:00,STAF,5
SECURITY_DA,COMP,CLOSE_PRICE
-----------,----,-----------
1999-05-10 00:00:00,STAF,5
1999-05-11 00:00:00,STAF,5
1999-05-12 00:00:00,STAF,5
1999-05-14 00:00:00,STAF,5
1999-05-19 00:00:00,STAF,5
1999-05-20 00:00:00,STAF,5
1999-05-26 00:00:00,STAF,5
1999-05-27 00:00:00,STAF,5
1999-06-03 00:00:00,STAF,5
1999-06-04 00:00:00,STAF,5
1999-06-07 00:00:00,STAF,5
1999-06-08 00:00:00,STAF,5.5
1999-06-09 00:00:00,STAF,5.5
1999-06-10 00:00:00,STAF,5
1999-06-14 00:00:00,STAF,5
1999-06-15 00:00:00,STAF,5
1999-06-16 00:00:00,STAF,5
1999-06-18 00:00:00,STAF,5
1999-06-22 00:00:00,STAF,5
1999-06-23 00:00:00,STAF,5
1999-06-24 00:00:00,STAF,5
SECURITY_DA,COMP,CLOSE_PRICE
-----------,----,-----------
1999-06-30 00:00:00,STAF,5
1999-07-01 00:00:00,STAF,5.25
1999-07-02 00:00:00,STAF,5
1999-07-05 00:00:00,STAF,5
1999-07-06 00:00:00,STAF,5
1999-07-07 00:00:00,STAF,5
1999-07-08 00:00:00,STAF,5
1999-07-13 00:00:00,STAF,5
1999-07-15 00:00:00,STAF,5
1999-07-16 00:00:00,STAF,5
1999-07-20 00:00:00,STAF,5
1999-07-21 00:00:00,STAF,5
1999-07-22 00:00:00,STAF,5
1999-07-26 00:00:00,STAF,5.25
1999-08-02 00:00:00,STAF,5.5
1999-08-03 00:00:00,STAF,6
1999-08-04 00:00:00,STAF,5.5
1999-08-05 00:00:00,STAF,5.5
1999-08-10 00:00:00,STAF,6.25
1999-08-11 00:00:00,STAF,6
1999-08-12 00:00:00,STAF,6
SECURITY_DA,COMP,CLOSE_PRICE
-----------,----,-----------
1999-08-13 00:00:00,STAF,6.5
1999-08-16 00:00:00,STAF,6
1999-08-17 00:00:00,STAF,6
1999-08-18 00:00:00,STAF,6.5
1999-09-02 00:00:00,STAF,6.5
1999-09-08 00:00:00,STAF,6
1999-09-09 00:00:00,STAF,6.5
1999-09-10 00:00:00,STAF,6.5
1999-09-13 00:00:00,STAF,6.5
1999-09-15 00:00:00,STAF,6.5
1999-09-16 00:00:00,STAF,6.5
1999-09-21 00:00:00,STAF,6.5
1999-09-24 00:00:00,STAF,6.5
1999-09-28 00:00:00,STAF,6.5
1999-09-29 00:00:00,STAF,7
1999-09-30 00:00:00,STAF,7
1999-10-01 00:00:00,STAF,6.5
1999-10-05 00:00:00,STAF,6.5
1999-10-06 00:00:00,STAF,6.25
1999-10-07 00:00:00,STAF,6.25
1999-10-08 00:00:00,STAF,6.25
SECURITY_DA,COMP,CLOSE_PRICE
-----------,----,-----------
1999-10-15 00:00:00,STAF,6.25
1999-10-20 00:00:00,STAF,6
1999-10-21 00:00:00,STAF,6
1999-10-22 00:00:00,STAF,6
1999-10-27 00:00:00,STAF,6
1999-12-01 00:00:00,STAF,6
1999-12-02 00:00:00,STAF,5.75
1999-12-06 00:00:00,STAF,6
1999-12-16 00:00:00,STAF,6
1999-12-27 00:00:00,STAF,6
1999-12-29 00:00:00,STAF,6
1999-02-15 00:00:00,STAT,18
1999-07-06 00:00:00,STAT,18
1999-01-04 00:00:00,SUGA,7
1999-01-05 00:00:00,SUGA,7
1999-01-06 00:00:00,SUGA,7
1999-01-07 00:00:00,SUGA,7
1999-01-08 00:00:00,SUGA,7
1999-01-11 00:00:00,SUGA,7
1999-01-12 00:00:00,SUGA,6.75
1999-01-13 00:00:00,SUGA,7
SECURITY_DA,COMP,CLOSE_PRICE
-----------,----,-----------
1999-01-14 00:00:00,SUGA,6.75
1999-01-18 00:00:00,SUGA,6.5
1999-01-19 00:00:00,SUGA,6.5
1999-01-20 00:00:00,SUGA,6.75
1999-01-21 00:00:00,SUGA,7
1999-01-22 00:00:00,SUGA,7
1999-01-25 00:00:00,SUGA,6.75
1999-01-26 00:00:00,SUGA,6.75
1999-01-27 00:00:00,SUGA,6.75
1999-01-28 00:00:00,SUGA,6.5
1999-01-29 00:00:00,SUGA,6.75
1999-02-01 00:00:00,SUGA,6.25
1999-02-02 00:00:00,SUGA,6.25
1999-02-03 00:00:00,SUGA,6.25
1999-02-05 00:00:00,SUGA,6
1999-02-08 00:00:00,SUGA,6.25
1999-02-09 00:00:00,SUGA,6.25
1999-02-10 00:00:00,SUGA,7
1999-02-11 00:00:00,SUGA,7
1999-02-12 00:00:00,SUGA,7.5
1999-02-15 00:00:00,SUGA,7.75
SECURITY_DA,COMP,CLOSE_PRICE
-----------,----,-----------
1999-02-16 00:00:00,SUGA,7.75
1999-02-17 00:00:00,SUGA,7.5
1999-02-18 00:00:00,SUGA,7.5
1999-02-19 00:00:00,SUGA,7.25
1999-02-22 00:00:00,SUGA,7
1999-02-23 00:00:00,SUGA,7
1999-02-24 00:00:00,SUGA,7
1999-02-25 00:00:00,SUGA,7
1999-02-26 00:00:00,SUGA,7.25
1999-03-02 00:00:00,SUGA,7
1999-03-03 00:00:00,SUGA,7.25
1999-03-04 00:00:00,SUGA,7
1999-03-05 00:00:00,SUGA,6.75
1999-03-08 00:00:00,SUGA,6.5
1999-03-09 00:00:00,SUGA,6.5
1999-03-10 00:00:00,SUGA,6.75
1999-03-11 00:00:00,SUGA,6.75
1999-03-12 00:00:00,SUGA,6.5
1999-03-15 00:00:00,SUGA,6.5
1999-03-16 00:00:00,SUGA,6.5
1999-03-17 00:00:00,SUGA,6.5
SECURITY_DA,COMP,CLOSE_PRICE
-----------,----,-----------
1999-03-18 00:00:00,SUGA,6.5
1999-03-19 00:00:00,SUGA,6.75
1999-03-22 00:00:00,SUGA,6.75
1999-03-23 00:00:00,SUGA,6.75
1999-03-24 00:00:00,SUGA,6.5
1999-03-29 00:00:00,SUGA,6.75
1999-03-30 00:00:00,SUGA,6.75
1999-04-01 00:00:00,SUGA,6.75
1999-04-05 00:00:00,SUGA,6.5
1999-04-09 00:00:00,SUGA,6.75
1999-04-16 00:00:00,SUGA,6.5
1999-04-19 00:00:00,SUGA,6.5
1999-04-20 00:00:00,SUGA,6.5
1999-04-22 00:00:00,SUGA,6.75
1999-04-23 00:00:00,SUGA,6.5
1999-04-27 00:00:00,SUGA,6.5
1999-04-28 00:00:00,SUGA,6.75
1999-05-03 00:00:00,SUGA,6.5
1999-05-04 00:00:00,SUGA,6.5
1999-05-05 00:00:00,SUGA,6.5
1999-05-06 00:00:00,SUGA,6.5
SECURITY_DA,COMP,CLOSE_PRICE
-----------,----,-----------
1999-05-07 00:00:00,SUGA,6.5
1999-05-10 00:00:00,SUGA,6.25
1999-05-11 00:00:00,SUGA,6.25
1999-05-12 00:00:00,SUGA,6.25
1999-05-13 00:00:00,SUGA,6
1999-05-14 00:00:00,SUGA,6
1999-05-18 00:00:00,SUGA,6.25
1999-05-19 00:00:00,SUGA,6.25
1999-05-20 00:00:00,SUGA,6
1999-05-21 00:00:00,SUGA,6.25
1999-05-25 00:00:00,SUGA,6.25
1999-05-26 00:00:00,SUGA,6.25
1999-05-27 00:00:00,SUGA,6.5
1999-05-28 00:00:00,SUGA,6
1999-06-01 00:00:00,SUGA,6.25
1999-06-02 00:00:00,SUGA,6.25
1999-06-03 00:00:00,SUGA,6.25
1999-06-04 00:00:00,SUGA,6.25
1999-06-07 00:00:00,SUGA,6.25
1999-06-08 00:00:00,SUGA,6
1999-06-09 00:00:00,SUGA,6.25
SECURITY_DA,COMP,CLOSE_PRICE
-----------,----,-----------
1999-06-10 00:00:00,SUGA,6
1999-06-11 00:00:00,SUGA,6
1999-06-14 00:00:00,SUGA,6.25
1999-06-15 00:00:00,SUGA,6
1999-06-16 00:00:00,SUGA,6.25
1999-06-18 00:00:00,SUGA,6
1999-06-21 00:00:00,SUGA,6
1999-06-22 00:00:00,SUGA,6
1999-06-23 00:00:00,SUGA,6
1999-06-24 00:00:00,SUGA,6
1999-06-25 00:00:00,SUGA,6
1999-07-01 00:00:00,SUGA,6
1999-07-05 00:00:00,SUGA,6.25
1999-07-06 00:00:00,SUGA,6.25
1999-07-07 00:00:00,SUGA,5.5
1999-07-08 00:00:00,SUGA,5.75
1999-07-09 00:00:00,SUGA,5.75
1999-07-12 00:00:00,SUGA,5.75
1999-07-13 00:00:00,SUGA,5.75
1999-07-14 00:00:00,SUGA,5.75
1999-07-16 00:00:00,SUGA,5.75
SECURITY_DA,COMP,CLOSE_PRICE
-----------,----,-----------
1999-07-19 00:00:00,SUGA,5.75
1999-07-20 00:00:00,SUGA,5.75
1999-07-21 00:00:00,SUGA,5.75
1999-07-22 00:00:00,SUGA,6
1999-07-23 00:00:00,SUGA,5.5
1999-07-26 00:00:00,SUGA,5.5
1999-07-27 00:00:00,SUGA,5.75
1999-07-29 00:00:00,SUGA,5.75
1999-07-30 00:00:00,SUGA,5.75
1999-08-02 00:00:00,SUGA,6.25
1999-08-04 00:00:00,SUGA,6
1999-08-05 00:00:00,SUGA,6.25
1999-08-06 00:00:00,SUGA,6
1999-08-09 00:00:00,SUGA,5.75
1999-08-11 00:00:00,SUGA,5.75
1999-08-12 00:00:00,SUGA,5.75
1999-08-13 00:00:00,SUGA,5.75
1999-08-16 00:00:00,SUGA,5.75
1999-08-17 00:00:00,SUGA,5.75
1999-08-18 00:00:00,SUGA,5.5
1999-08-19 00:00:00,SUGA,5.75
SECURITY_DA,COMP,CLOSE_PRICE
-----------,----,-----------
1999-08-23 00:00:00,SUGA,5.5
1999-08-24 00:00:00,SUGA,6
1999-08-30 00:00:00,SUGA,5.75
1999-08-31 00:00:00,SUGA,5.5
1999-09-01 00:00:00,SUGA,5.75
1999-09-02 00:00:00,SUGA,6.75
1999-09-03 00:00:00,SUGA,6.25
1999-09-06 00:00:00,SUGA,6
1999-09-07 00:00:00,SUGA,6
1999-09-08 00:00:00,SUGA,6
1999-09-09 00:00:00,SUGA,6.25
1999-09-10 00:00:00,SUGA,6.25
1999-09-13 00:00:00,SUGA,6.25
1999-09-14 00:00:00,SUGA,6.5
1999-09-15 00:00:00,SUGA,6.25
1999-09-16 00:00:00,SUGA,6.25
1999-09-21 00:00:00,SUGA,6
1999-09-22 00:00:00,SUGA,6
1999-09-23 00:00:00,SUGA,6
1999-09-24 00:00:00,SUGA,6
1999-09-27 00:00:00,SUGA,6
SECURITY_DA,COMP,CLOSE_PRICE
-----------,----,-----------
1999-09-29 00:00:00,SUGA,5.75
1999-09-30 00:00:00,SUGA,5.75
1999-10-01 00:00:00,SUGA,5.5
1999-10-04 00:00:00,SUGA,5.5
1999-10-05 00:00:00,SUGA,5.75
1999-10-06 00:00:00,SUGA,6
1999-10-07 00:00:00,SUGA,6
1999-10-08 00:00:00,SUGA,5.75
1999-10-11 00:00:00,SUGA,6
1999-10-12 00:00:00,SUGA,6
1999-10-13 00:00:00,SUGA,5.75
1999-10-14 00:00:00,SUGA,5.75
1999-10-18 00:00:00,SUGA,5.5
1999-10-19 00:00:00,SUGA,5.5
1999-10-20 00:00:00,SUGA,5.5
1999-10-21 00:00:00,SUGA,5.5
1999-10-22 00:00:00,SUGA,5.5
1999-10-26 00:00:00,SUGA,5.5
1999-10-27 00:00:00,SUGA,5.5
1999-10-28 00:00:00,SUGA,5
1999-10-29 00:00:00,SUGA,5.25
SECURITY_DA,COMP,CLOSE_PRICE
-----------,----,-----------
1999-11-01 00:00:00,SUGA,5.25
1999-11-02 00:00:00,SUGA,5
1999-11-03 00:00:00,SUGA,5
1999-11-04 00:00:00,SUGA,5
1999-11-05 00:00:00,SUGA,5
1999-11-08 00:00:00,SUGA,5
1999-11-10 00:00:00,SUGA,5
1999-11-11 00:00:00,SUGA,5
1999-11-12 00:00:00,SUGA,5
1999-11-15 00:00:00,SUGA,5
1999-11-16 00:00:00,SUGA,5
1999-11-17 00:00:00,SUGA,5
1999-11-18 00:00:00,SUGA,5
1999-11-19 00:00:00,SUGA,5
1999-11-23 00:00:00,SUGA,5
1999-11-24 00:00:00,SUGA,5.25
1999-11-25 00:00:00,SUGA,5
1999-11-26 00:00:00,SUGA,5
1999-11-29 00:00:00,SUGA,5
1999-12-01 00:00:00,SUGA,5.25
1999-12-02 00:00:00,SUGA,5
SECURITY_DA,COMP,CLOSE_PRICE
-----------,----,-----------
1999-12-03 00:00:00,SUGA,5
1999-12-06 00:00:00,SUGA,5
1999-12-07 00:00:00,SUGA,5
1999-12-08 00:00:00,SUGA,5
1999-12-09 00:00:00,SUGA,5
1999-12-10 00:00:00,SUGA,5
1999-12-13 00:00:00,SUGA,5
1999-12-14 00:00:00,SUGA,5
1999-12-15 00:00:00,SUGA,5.25
1999-12-16 00:00:00,SUGA,5
1999-12-17 00:00:00,SUGA,5
1999-12-20 00:00:00,SUGA,5.25
1999-12-21 00:00:00,SUGA,5.25
1999-12-23 00:00:00,SUGA,5.25
1999-12-27 00:00:00,SUGA,5
1999-12-28 00:00:00,SUGA,5
1999-12-29 00:00:00,SUGA,5
1999-12-30 00:00:00,SUGA,5
1999-09-15 00:00:00,SUN,10
1999-11-10 00:00:00,SUN,10.5
1999-01-18 00:00:00,SWAD,1850
SECURITY_DA,COMP,CLOSE_PRICE
-----------,----,-----------
1999-02-19 00:00:00,SWAD,2775
1999-02-24 00:00:00,SWAD,2501
1999-03-15 00:00:00,SWAD,2600
1999-03-17 00:00:00,SWAD,2700
1999-06-15 00:00:00,SWAD,2800
1999-06-18 00:00:00,SWAD,2800
1999-07-23 00:00:00,SWAD,2800
1999-07-26 00:00:00,SWAD,2800
1999-08-31 00:00:00,SWAD,2800
1999-11-02 00:00:00,SWAD,2700
1999-03-08 00:00:00,TAFL,30
1999-03-17 00:00:00,TAFL,25
1999-05-21 00:00:00,TAFL,24
1999-06-17 00:00:00,TAFL,24
1999-07-07 00:00:00,TAFL,24
1999-07-12 00:00:00,TAFL,24
1999-07-14 00:00:00,TAFL,24.25
1999-07-22 00:00:00,TAFL,24
1999-07-29 00:00:00,TAFL,22
1999-08-09 00:00:00,TAFL,22
1999-08-17 00:00:00,TAFL,24
SECURITY_DA,COMP,CLOSE_PRICE
-----------,----,-----------
1999-09-01 00:00:00,TAFL,24
1999-09-06 00:00:00,TAFL,24
1999-09-08 00:00:00,TAFL,26
1999-09-09 00:00:00,TAFL,28
1999-09-10 00:00:00,TAFL,29
1999-09-13 00:00:00,TAFL,28.25
1999-09-20 00:00:00,TAFL,27.75
1999-09-22 00:00:00,TAFL,26
1999-09-28 00:00:00,TAFL,26
1999-09-29 00:00:00,TAFL,25.75
1999-10-06 00:00:00,TAFL,25.75
1999-10-07 00:00:00,TAFL,24.25
1999-10-12 00:00:00,TAFL,24
1999-10-19 00:00:00,TAFL,21.5
1999-10-21 00:00:00,TAFL,20
1999-10-22 00:00:00,TAFL,21
1999-10-26 00:00:00,TAFL,21
1999-11-01 00:00:00,TAFL,20
1999-11-03 00:00:00,TAFL,20
1999-11-05 00:00:00,TAFL,20
1999-11-12 00:00:00,TAFL,20
SECURITY_DA,COMP,CLOSE_PRICE
-----------,----,-----------
1999-11-15 00:00:00,TAFL,19.75
1999-11-18 00:00:00,TAFL,21
1999-11-19 00:00:00,TAFL,22
1999-11-23 00:00:00,TAFL,21.5
1999-11-24 00:00:00,TAFL,22
1999-11-30 00:00:00,TAFL,22.5
1999-12-01 00:00:00,TAFL,22
1999-12-07 00:00:00,TAFL,22.5
1999-12-08 00:00:00,TAFL,23.75
1999-12-09 00:00:00,TAFL,22.75
1999-12-13 00:00:00,TAFL,24.5
1999-12-14 00:00:00,TAFL,24.5
1999-12-15 00:00:00,TAFL,23
1999-12-17 00:00:00,TAFL,23
1999-12-21 00:00:00,TAFL,25
1999-01-05 00:00:00,TAJ,3.75
1999-01-06 00:00:00,TAJ,3.75
1999-01-07 00:00:00,TAJ,4
1999-01-08 00:00:00,TAJ,3.75
1999-01-12 00:00:00,TAJ,4
1999-01-13 00:00:00,TAJ,4
SECURITY_DA,COMP,CLOSE_PRICE
-----------,----,-----------
1999-01-21 00:00:00,TAJ,4
1999-01-22 00:00:00,TAJ,4
1999-01-25 00:00:00,TAJ,4
1999-01-26 00:00:00,TAJ,4
1999-01-27 00:00:00,TAJ,4
1999-01-29 00:00:00,TAJ,3.75
1999-02-01 00:00:00,TAJ,4
1999-02-02 00:00:00,TAJ,4
1999-02-08 00:00:00,TAJ,3.75
1999-02-09 00:00:00,TAJ,3.75
1999-02-10 00:00:00,TAJ,4
1999-02-12 00:00:00,TAJ,3.75
1999-02-15 00:00:00,TAJ,4
1999-02-16 00:00:00,TAJ,4
1999-02-17 00:00:00,TAJ,4
1999-02-18 00:00:00,TAJ,4
1999-02-19 00:00:00,TAJ,4
1999-02-22 00:00:00,TAJ,4
1999-02-23 00:00:00,TAJ,4
1999-02-24 00:00:00,TAJ,3.75
1999-02-26 00:00:00,TAJ,4
SECURITY_DA,COMP,CLOSE_PRICE
-----------,----,-----------
1999-03-02 00:00:00,TAJ,4
1999-03-03 00:00:00,TAJ,4.25
1999-03-04 00:00:00,TAJ,4
1999-03-05 00:00:00,TAJ,4
1999-03-08 00:00:00,TAJ,4
1999-03-09 00:00:00,TAJ,4
1999-03-10 00:00:00,TAJ,3.75
1999-03-11 00:00:00,TAJ,3.5
1999-03-19 00:00:00,TAJ,3.75
1999-03-23 00:00:00,TAJ,3.75
1999-03-25 00:00:00,TAJ,3.75
1999-03-26 00:00:00,TAJ,4
1999-03-30 00:00:00,TAJ,4
1999-04-01 00:00:00,TAJ,3.75
1999-04-05 00:00:00,TAJ,4.25
1999-04-06 00:00:00,TAJ,4
1999-04-08 00:00:00,TAJ,4
1999-04-12 00:00:00,TAJ,4
1999-04-20 00:00:00,TAJ,4
1999-04-21 00:00:00,TAJ,4
1999-04-22 00:00:00,TAJ,4
SECURITY_DA,COMP,CLOSE_PRICE
-----------,----,-----------
1999-04-23 00:00:00,TAJ,4
1999-04-27 00:00:00,TAJ,4
1999-04-28 00:00:00,TAJ,3.75
1999-05-03 00:00:00,TAJ,4
1999-05-04 00:00:00,TAJ,3.75
1999-05-05 00:00:00,TAJ,3.75
1999-05-06 00:00:00,TAJ,4
1999-05-07 00:00:00,TAJ,4
1999-05-11 00:00:00,TAJ,3.75
1999-05-12 00:00:00,TAJ,3.75
1999-05-14 00:00:00,TAJ,3.75
1999-05-17 00:00:00,TAJ,4
1999-05-18 00:00:00,TAJ,3.75
1999-05-25 00:00:00,TAJ,3.75
1999-05-28 00:00:00,TAJ,3.75
1999-06-01 00:00:00,TAJ,4
1999-06-02 00:00:00,TAJ,3.75
1999-06-07 00:00:00,TAJ,3.75
1999-06-08 00:00:00,TAJ,4
1999-06-09 00:00:00,TAJ,4
1999-06-11 00:00:00,TAJ,4
SECURITY_DA,COMP,CLOSE_PRICE
-----------,----,-----------
1999-06-14 00:00:00,TAJ,4
1999-06-15 00:00:00,TAJ,4
1999-06-16 00:00:00,TAJ,4
1999-06-17 00:00:00,TAJ,3.75
1999-06-18 00:00:00,TAJ,4
1999-06-22 00:00:00,TAJ,4
1999-06-23 00:00:00,TAJ,4
1999-06-24 00:00:00,TAJ,3.75
1999-06-25 00:00:00,TAJ,3.75
1999-06-30 00:00:00,TAJ,3.75
1999-07-01 00:00:00,TAJ,4
1999-07-02 00:00:00,TAJ,4
1999-07-05 00:00:00,TAJ,3.75
1999-07-06 00:00:00,TAJ,4
1999-07-08 00:00:00,TAJ,3.75
1999-07-09 00:00:00,TAJ,4
1999-07-12 00:00:00,TAJ,4
1999-07-13 00:00:00,TAJ,4
1999-07-14 00:00:00,TAJ,4
1999-07-15 00:00:00,TAJ,4
1999-07-16 00:00:00,TAJ,4
SECURITY_DA,COMP,CLOSE_PRICE
-----------,----,-----------
1999-07-19 00:00:00,TAJ,3.75
1999-07-20 00:00:00,TAJ,3.75
1999-07-21 00:00:00,TAJ,3.75
1999-07-23 00:00:00,TAJ,3.75
1999-07-26 00:00:00,TAJ,3.75
1999-07-27 00:00:00,TAJ,4
1999-07-30 00:00:00,TAJ,4
1999-08-02 00:00:00,TAJ,4
1999-08-03 00:00:00,TAJ,4
1999-08-04 00:00:00,TAJ,4
1999-08-05 00:00:00,TAJ,4
1999-08-06 00:00:00,TAJ,4
1999-08-09 00:00:00,TAJ,4
1999-08-10 00:00:00,TAJ,4
1999-08-11 00:00:00,TAJ,4
1999-08-12 00:00:00,TAJ,3.75
1999-08-16 00:00:00,TAJ,4
1999-08-17 00:00:00,TAJ,3.75
1999-08-18 00:00:00,TAJ,4
1999-08-19 00:00:00,TAJ,3.75
1999-08-20 00:00:00,TAJ,4
SECURITY_DA,COMP,CLOSE_PRICE
-----------,----,-----------
1999-08-23 00:00:00,TAJ,4
1999-08-24 00:00:00,TAJ,3.75
1999-08-25 00:00:00,TAJ,4
1999-08-30 00:00:00,TAJ,3.75
1999-08-31 00:00:00,TAJ,3.75
1999-09-01 00:00:00,TAJ,3.75
1999-09-02 00:00:00,TAJ,3.75
1999-09-03 00:00:00,TAJ,3.75
1999-09-06 00:00:00,TAJ,3.75
1999-09-07 00:00:00,TAJ,4
1999-09-08 00:00:00,TAJ,4
1999-09-09 00:00:00,TAJ,4
1999-09-10 00:00:00,TAJ,4
1999-09-13 00:00:00,TAJ,4
1999-09-14 00:00:00,TAJ,4
1999-09-15 00:00:00,TAJ,4
1999-09-16 00:00:00,TAJ,4
1999-09-17 00:00:00,TAJ,4
1999-09-20 00:00:00,TAJ,4
1999-09-21 00:00:00,TAJ,4
1999-09-22 00:00:00,TAJ,4
SECURITY_DA,COMP,CLOSE_PRICE
-----------,----,-----------
1999-09-23 00:00:00,TAJ,4
1999-09-27 00:00:00,TAJ,4
1999-09-28 00:00:00,TAJ,3.75
1999-09-29 00:00:00,TAJ,3.75
1999-09-30 00:00:00,TAJ,4
1999-10-01 00:00:00,TAJ,4
1999-10-04 00:00:00,TAJ,4
1999-10-05 00:00:00,TAJ,4
1999-10-06 00:00:00,TAJ,4
1999-10-07 00:00:00,TAJ,3.75
1999-10-08 00:00:00,TAJ,4
1999-10-11 00:00:00,TAJ,3.5
1999-10-13 00:00:00,TAJ,4
1999-10-14 00:00:00,TAJ,4
1999-10-15 00:00:00,TAJ,3.75
1999-10-18 00:00:00,TAJ,3.75
1999-10-19 00:00:00,TAJ,3.75
1999-10-20 00:00:00,TAJ,3.75
1999-10-21 00:00:00,TAJ,4
1999-10-22 00:00:00,TAJ,3.75
1999-10-25 00:00:00,TAJ,3.75
SECURITY_DA,COMP,CLOSE_PRICE
-----------,----,-----------
1999-10-26 00:00:00,TAJ,3.75
1999-10-27 00:00:00,TAJ,3.75
1999-10-28 00:00:00,TAJ,3.75
1999-10-29 00:00:00,TAJ,4
1999-11-01 00:00:00,TAJ,4
1999-11-02 00:00:00,TAJ,4
1999-11-03 00:00:00,TAJ,3.75
1999-11-04 00:00:00,TAJ,4
1999-11-05 00:00:00,TAJ,4
1999-11-08 00:00:00,TAJ,4
1999-11-09 00:00:00,TAJ,4
1999-11-10 00:00:00,TAJ,4
1999-11-11 00:00:00,TAJ,4
1999-11-17 00:00:00,TAJ,3.75
1999-11-18 00:00:00,TAJ,3.75
1999-11-19 00:00:00,TAJ,3.75
1999-11-23 00:00:00,TAJ,3.5
1999-11-24 00:00:00,TAJ,3.75
1999-11-25 00:00:00,TAJ,3.75
1999-11-29 00:00:00,TAJ,3.75
1999-11-30 00:00:00,TAJ,3.75
SECURITY_DA,COMP,CLOSE_PRICE
-----------,----,-----------
1999-12-01 00:00:00,TAJ,3.75
1999-12-02 00:00:00,TAJ,3.75
1999-12-06 00:00:00,TAJ,3.75
1999-12-07 00:00:00,TAJ,3.75
1999-12-08 00:00:00,TAJ,3.75
1999-12-09 00:00:00,TAJ,3.75
1999-12-10 00:00:00,TAJ,3.75
1999-12-14 00:00:00,TAJ,3.75
1999-12-15 00:00:00,TAJ,3.5
1999-12-16 00:00:00,TAJ,3.75
1999-12-17 00:00:00,TAJ,3.75
1999-12-20 00:00:00,TAJ,3.75
1999-12-28 00:00:00,TAJ,3.75
1999-12-29 00:00:00,TAJ,3.75
1999-12-30 00:00:00,TAJ,3.75
1999-01-04 00:00:00,TANG,24
1999-01-20 00:00:00,TANG,24
1999-01-29 00:00:00,TANG,23
1999-02-03 00:00:00,TANG,23
1999-02-17 00:00:00,TANG,23.5
1999-02-18 00:00:00,TANG,25
SECURITY_DA,COMP,CLOSE_PRICE
-----------,----,-----------
1999-03-15 00:00:00,TANG,26.75
1999-03-23 00:00:00,TANG,28
1999-03-24 00:00:00,TANG,29
1999-03-29 00:00:00,TANG,30
1999-03-30 00:00:00,TANG,30
1999-04-01 00:00:00,TANG,30
1999-04-21 00:00:00,TANG,30
1999-04-22 00:00:00,TANG,30
1999-06-03 00:00:00,TANG,29
1999-06-14 00:00:00,TANG,29
1999-06-22 00:00:00,TANG,29
1999-06-24 00:00:00,TANG,29
1999-06-25 00:00:00,TANG,29
1999-06-30 00:00:00,TANG,29
1999-07-05 00:00:00,TANG,28.75
1999-07-19 00:00:00,TANG,27
1999-07-20 00:00:00,TANG,27
1999-07-21 00:00:00,TANG,27
1999-07-22 00:00:00,TANG,26.75
1999-07-26 00:00:00,TANG,26.75
1999-08-02 00:00:00,TANG,26.75
SECURITY_DA,COMP,CLOSE_PRICE
-----------,----,-----------
1999-08-04 00:00:00,TANG,25.5
1999-08-10 00:00:00,TANG,27
1999-08-11 00:00:00,TANG,25.5
1999-08-13 00:00:00,TANG,25.5
1999-08-16 00:00:00,TANG,25.5
1999-08-17 00:00:00,TANG,25
1999-08-18 00:00:00,TANG,25.5
1999-08-23 00:00:00,TANG,25.5
1999-08-24 00:00:00,TANG,24.5
1999-08-31 00:00:00,TANG,24.5
1999-09-03 00:00:00,TANG,24.5
1999-09-06 00:00:00,TANG,24
1999-09-08 00:00:00,TANG,24.5
1999-09-09 00:00:00,TANG,24.25
1999-10-06 00:00:00,TANG,25.25
1999-10-13 00:00:00,TANG,25.25
1999-10-14 00:00:00,TANG,25.75
1999-10-27 00:00:00,TANG,24
1999-11-01 00:00:00,TANG,24
1999-11-02 00:00:00,TANG,24
1999-11-08 00:00:00,TANG,24
SECURITY_DA,COMP,CLOSE_PRICE
-----------,----,-----------
1999-11-12 00:00:00,TANG,25.75
1999-11-29 00:00:00,TANG,23
1999-12-01 00:00:00,TANG,23
1999-12-03 00:00:00,TANG,23
1999-12-14 00:00:00,TANG,23
1999-12-15 00:00:00,TANG,23
1999-12-16 00:00:00,TANG,23.5
1999-01-04 00:00:00,TFC,16.25
1999-01-05 00:00:00,TFC,15.75
1999-01-07 00:00:00,TFC,15.5
1999-01-08 00:00:00,TFC,15.5
1999-01-11 00:00:00,TFC,15.5
1999-01-12 00:00:00,TFC,15.5
1999-01-13 00:00:00,TFC,15
1999-01-14 00:00:00,TFC,15.25
1999-01-18 00:00:00,TFC,15.5
1999-01-19 00:00:00,TFC,15.25
1999-01-20 00:00:00,TFC,15.5
1999-01-21 00:00:00,TFC,15.5
1999-01-22 00:00:00,TFC,15.5
1999-01-25 00:00:00,TFC,15.5
SECURITY_DA,COMP,CLOSE_PRICE
-----------,----,-----------
1999-01-27 00:00:00,TFC,15.25
1999-01-29 00:00:00,TFC,15.5
1999-02-01 00:00:00,TFC,15
1999-02-02 00:00:00,TFC,15
1999-02-03 00:00:00,TFC,15
1999-02-05 00:00:00,TFC,15
1999-02-08 00:00:00,TFC,15.25
1999-02-10 00:00:00,TFC,15
1999-02-12 00:00:00,TFC,15.5
1999-02-15 00:00:00,TFC,15
1999-02-16 00:00:00,TFC,15
1999-02-17 00:00:00,TFC,15.5
1999-02-18 00:00:00,TFC,15.5
1999-02-19 00:00:00,TFC,15
1999-02-22 00:00:00,TFC,15
1999-02-23 00:00:00,TFC,15.25
1999-02-24 00:00:00,TFC,15
1999-03-04 00:00:00,TFC,15.5
1999-03-08 00:00:00,TFC,15
1999-03-09 00:00:00,TFC,15
1999-03-10 00:00:00,TFC,15
SECURITY_DA,COMP,CLOSE_PRICE
-----------,----,-----------
1999-03-11 00:00:00,TFC,15.25
1999-03-15 00:00:00,TFC,15
1999-03-17 00:00:00,TFC,15.25
1999-03-18 00:00:00,TFC,15.25
1999-03-22 00:00:00,TFC,15
1999-03-24 00:00:00,TFC,15.25
1999-03-25 00:00:00,TFC,15
1999-03-30 00:00:00,TFC,15
1999-04-01 00:00:00,TFC,15
1999-04-09 00:00:00,TFC,15
1999-04-15 00:00:00,TFC,15.5
1999-04-16 00:00:00,TFC,15.5
1999-04-20 00:00:00,TFC,15
1999-04-21 00:00:00,TFC,15
1999-04-22 00:00:00,TFC,15
1999-04-23 00:00:00,TFC,15.5
1999-05-04 00:00:00,TFC,15.25
1999-05-05 00:00:00,TFC,15
1999-05-06 00:00:00,TFC,15.25
1999-05-10 00:00:00,TFC,15.75
1999-05-11 00:00:00,TFC,15
SECURITY_DA,COMP,CLOSE_PRICE
-----------,----,-----------
1999-05-12 00:00:00,TFC,15
1999-05-17 00:00:00,TFC,15.25
1999-05-18 00:00:00,TFC,15.25
1999-05-19 00:00:00,TFC,15.25
1999-05-21 00:00:00,TFC,15.75
1999-05-24 00:00:00,TFC,16
1999-05-25 00:00:00,TFC,15.75
1999-05-28 00:00:00,TFC,15.25
1999-06-01 00:00:00,TFC,15.25
1999-06-02 00:00:00,TFC,15.25
1999-06-03 00:00:00,TFC,15
1999-06-04 00:00:00,TFC,15
1999-06-07 00:00:00,TFC,15
1999-06-08 00:00:00,TFC,15
1999-06-09 00:00:00,TFC,15
1999-06-10 00:00:00,TFC,15
1999-06-11 00:00:00,TFC,15
1999-06-15 00:00:00,TFC,15
1999-06-16 00:00:00,TFC,15
1999-06-17 00:00:00,TFC,15
1999-06-18 00:00:00,TFC,15
SECURITY_DA,COMP,CLOSE_PRICE
-----------,----,-----------
1999-06-22 00:00:00,TFC,15
1999-06-23 00:00:00,TFC,14
1999-06-24 00:00:00,TFC,14.5
1999-06-30 00:00:00,TFC,14.5
1999-07-01 00:00:00,TFC,14.75
1999-07-05 00:00:00,TFC,14.75
1999-07-06 00:00:00,TFC,14.75
1999-07-07 00:00:00,TFC,14.75
1999-07-09 00:00:00,TFC,14.75
1999-07-12 00:00:00,TFC,14.75
1999-07-13 00:00:00,TFC,14.75
1999-07-14 00:00:00,TFC,14.75
1999-07-15 00:00:00,TFC,15.5
1999-07-19 00:00:00,TFC,15
1999-07-20 00:00:00,TFC,15
1999-07-21 00:00:00,TFC,16
1999-07-22 00:00:00,TFC,16
1999-07-26 00:00:00,TFC,15
1999-07-27 00:00:00,TFC,15.25
1999-07-29 00:00:00,TFC,15.25
1999-08-02 00:00:00,TFC,15.25
SECURITY_DA,COMP,CLOSE_PRICE
-----------,----,-----------
1999-08-03 00:00:00,TFC,17
1999-08-04 00:00:00,TFC,17
1999-08-05 00:00:00,TFC,16
1999-08-06 00:00:00,TFC,16
1999-08-09 00:00:00,TFC,15.5
1999-08-11 00:00:00,TFC,16
1999-08-12 00:00:00,TFC,16.5
1999-08-13 00:00:00,TFC,16.75
1999-08-16 00:00:00,TFC,16.25
1999-08-17 00:00:00,TFC,16.25
1999-08-18 00:00:00,TFC,16.5
1999-08-19 00:00:00,TFC,16.5
1999-08-20 00:00:00,TFC,16.75
1999-08-23 00:00:00,TFC,16.75
1999-08-24 00:00:00,TFC,16.75
1999-08-25 00:00:00,TFC,16.75
1999-08-30 00:00:00,TFC,17
1999-08-31 00:00:00,TFC,17
1999-09-01 00:00:00,TFC,17
1999-09-02 00:00:00,TFC,17.25
1999-09-03 00:00:00,TFC,17.25
SECURITY_DA,COMP,CLOSE_PRICE
-----------,----,-----------
1999-09-06 00:00:00,TFC,17.5
1999-09-07 00:00:00,TFC,17.5
1999-09-08 00:00:00,TFC,17.5
1999-09-09 00:00:00,TFC,17.5
1999-09-10 00:00:00,TFC,17.5
1999-09-13 00:00:00,TFC,17.5
1999-09-14 00:00:00,TFC,17
1999-09-16 00:00:00,TFC,17
1999-09-17 00:00:00,TFC,17.5
1999-09-20 00:00:00,TFC,17
1999-09-22 00:00:00,TFC,17.25
1999-09-24 00:00:00,TFC,17
1999-09-28 00:00:00,TFC,17
1999-09-30 00:00:00,TFC,16.5
1999-10-01 00:00:00,TFC,16.5
1999-10-07 00:00:00,TFC,16.5
1999-10-08 00:00:00,TFC,17
1999-10-11 00:00:00,TFC,17
1999-10-13 00:00:00,TFC,17
1999-10-14 00:00:00,TFC,17.25
1999-10-15 00:00:00,TFC,17
SECURITY_DA,COMP,CLOSE_PRICE
-----------,----,-----------
1999-10-18 00:00:00,TFC,14.5
1999-10-19 00:00:00,TFC,14.5
1999-10-20 00:00:00,TFC,14.25
1999-10-21 00:00:00,TFC,14
1999-10-22 00:00:00,TFC,14
1999-10-25 00:00:00,TFC,14
1999-10-26 00:00:00,TFC,13.75
1999-10-27 00:00:00,TFC,13.75
1999-10-28 00:00:00,TFC,13.75
1999-10-29 00:00:00,TFC,13.75
1999-11-01 00:00:00,TFC,13.5
1999-11-02 00:00:00,TFC,13.5
1999-11-03 00:00:00,TFC,13.25
1999-11-05 00:00:00,TFC,14
1999-11-10 00:00:00,TFC,14
1999-11-11 00:00:00,TFC,14.25
1999-11-15 00:00:00,TFC,14
1999-11-17 00:00:00,TFC,14
1999-11-18 00:00:00,TFC,14.25
1999-11-19 00:00:00,TFC,14
1999-11-23 00:00:00,TFC,14
SECURITY_DA,COMP,CLOSE_PRICE
-----------,----,-----------
1999-11-24 00:00:00,TFC,14.25
1999-11-25 00:00:00,TFC,14.25
1999-11-29 00:00:00,TFC,14.25
1999-11-30 00:00:00,TFC,14.5
1999-12-02 00:00:00,TFC,14.5
1999-12-03 00:00:00,TFC,14.25
1999-12-09 00:00:00,TFC,14.5
1999-12-13 00:00:00,TFC,16
1999-12-14 00:00:00,TFC,16
1999-12-15 00:00:00,TFC,16
1999-12-16 00:00:00,TFC,16
1999-12-17 00:00:00,TFC,16.5
1999-12-20 00:00:00,TFC,16.5
1999-12-21 00:00:00,TFC,17
1999-12-23 00:00:00,TFC,16
1999-12-27 00:00:00,TFC,15.75
1999-12-30 00:00:00,TFC,15.5
1999-01-04 00:00:00,TILE,9
1999-01-05 00:00:00,TILE,9
1999-01-06 00:00:00,TILE,9
1999-01-07 00:00:00,TILE,9.5
1999-01-11 00:00:00,TILE,9.75
1999-01-12 00:00:00,TILE,9.5
1999-01-13 00:00:00,TILE,10
1999-01-14 00:00:00,TILE,9.75
1999-01-18 00:00:00,TILE,10
1999-01-19 00:00:00,TILE,10.5
1999-01-20 00:00:00,TILE,11
1999-01-21 00:00:00,TILE,10.75
1999-01-22 00:00:00,TILE,11
1999-01-25 00:00:00,TILE,10.75
1999-01-26 00:00:00,TILE,10.75
1999-01-27 00:00:00,TILE,10.5
1999-01-28 00:00:00,TILE,9.5
1999-02-02 00:00:00,TILE,10.5
1999-02-03 00:00:00,TILE,10
1999-02-05 00:00:00,TILE,10
1999-02-08 00:00:00,TILE,10
1999-02-09 00:00:00,TILE,10
1999-02-10 00:00:00,TILE,10
1999-02-11 00:00:00,TILE,10.25
1999-02-12 00:00:00,TILE,10.25
1999-02-15 00:00:00,TILE,10.5
1999-02-16 00:00:00,TILE,10.25
1999-02-17 00:00:00,TILE,10.25
1999-02-18 00:00:00,TILE,10
1999-02-19 00:00:00,TILE,10
1999-02-22 00:00:00,TILE,10
1999-02-23 00:00:00,TILE,10
1999-02-24 00:00:00,TILE,9.75
1999-02-25 00:00:00,TILE,9.75
1999-02-26 00:00:00,TILE,10.5
1999-03-08 00:00:00,TILE,9
1999-03-10 00:00:00,TILE,10
1999-03-11 00:00:00,TILE,10
1999-03-15 00:00:00,TILE,10
1999-03-16 00:00:00,TILE,9.75
1999-03-17 00:00:00,TILE,9.5
1999-03-18 00:00:00,TILE,9.75
1999-03-23 00:00:00,TILE,10
1999-03-24 00:00:00,TILE,9.75
1999-03-26 00:00:00,TILE,10.5
1999-03-29 00:00:00,TILE,10.75
1999-03-30 00:00:00,TILE,10.75
1999-04-01 00:00:00,TILE,10.75
1999-04-05 00:00:00,TILE,11
1999-04-06 00:00:00,TILE,11
1999-04-07 00:00:00,TILE,11
1999-04-08 00:00:00,TILE,11
1999-04-09 00:00:00,TILE,11
1999-04-15 00:00:00,TILE,10.75
1999-04-16 00:00:00,TILE,11
1999-04-19 00:00:00,TILE,11
1999-04-20 00:00:00,TILE,11
1999-04-21 00:00:00,TILE,10.75
1999-04-22 00:00:00,TILE,10.5
1999-04-23 00:00:00,TILE,10.75
1999-04-26 00:00:00,TILE,10.5
1999-04-27 00:00:00,TILE,11
1999-04-28 00:00:00,TILE,11
1999-05-03 00:00:00,TILE,10.75
1999-05-04 00:00:00,TILE,10.75
1999-05-05 00:00:00,TILE,10.5
1999-05-06 00:00:00,TILE,10.5
1999-05-07 00:00:00,TILE,10.5
1999-05-10 00:00:00,TILE,10.5
1999-05-11 00:00:00,TILE,10.5
1999-05-12 00:00:00,TILE,10
1999-05-13 00:00:00,TILE,10
1999-05-14 00:00:00,TILE,9.75
1999-05-17 00:00:00,TILE,9.5
1999-05-18 00:00:00,TILE,10
1999-05-19 00:00:00,TILE,10
1999-05-20 00:00:00,TILE,10
1999-05-21 00:00:00,TILE,10.5
1999-05-24 00:00:00,TILE,10.75
1999-05-25 00:00:00,TILE,10.5
1999-05-26 00:00:00,TILE,10
1999-05-27 00:00:00,TILE,10
1999-05-28 00:00:00,TILE,10.5
1999-06-01 00:00:00,TILE,10.25
1999-06-02 00:00:00,TILE,10.25
1999-06-03 00:00:00,TILE,10.25
1999-06-04 00:00:00,TILE,10.5
1999-06-07 00:00:00,TILE,10.5
1999-06-08 00:00:00,TILE,10.5
1999-06-09 00:00:00,TILE,10.25
1999-06-10 00:00:00,TILE,10.25
1999-06-11 00:00:00,TILE,10.5
1999-06-14 00:00:00,TILE,10.5
1999-06-15 00:00:00,TILE,10.5
1999-06-16 00:00:00,TILE,8.75
1999-06-17 00:00:00,TILE,8.5
1999-06-21 00:00:00,TILE,8.5
1999-06-22 00:00:00,TILE,8.25
1999-06-23 00:00:00,TILE,8.25
1999-06-24 00:00:00,TILE,8.25
1999-06-25 00:00:00,TILE,8.25
1999-06-30 00:00:00,TILE,8.25
1999-07-02 00:00:00,TILE,8.25
1999-07-06 00:00:00,TILE,8.25
1999-07-07 00:00:00,TILE,8.25
1999-07-09 00:00:00,TILE,8.25
1999-07-12 00:00:00,TILE,8.5
1999-07-13 00:00:00,TILE,8.5
1999-07-14 00:00:00,TILE,8.5
1999-07-15 00:00:00,TILE,8.5
1999-07-19 00:00:00,TILE,8.75
1999-07-20 00:00:00,TILE,8.75
1999-07-21 00:00:00,TILE,8.75
1999-07-22 00:00:00,TILE,9
1999-07-23 00:00:00,TILE,9.25
1999-07-26 00:00:00,TILE,9.25
1999-07-27 00:00:00,TILE,9.25
1999-07-29 00:00:00,TILE,8.75
1999-07-30 00:00:00,TILE,8.75
1999-08-02 00:00:00,TILE,9.25
1999-08-03 00:00:00,TILE,10
1999-08-04 00:00:00,TILE,10.25
1999-08-05 00:00:00,TILE,10.25
1999-08-06 00:00:00,TILE,10
1999-08-09 00:00:00,TILE,10.25
1999-08-10 00:00:00,TILE,11
1999-08-11 00:00:00,TILE,10.5
1999-08-12 00:00:00,TILE,10.5
1999-08-13 00:00:00,TILE,10.5
1999-08-16 00:00:00,TILE,10.5
1999-08-17 00:00:00,TILE,10.25
1999-08-18 00:00:00,TILE,10.25
1999-08-19 00:00:00,TILE,10.25
1999-08-20 00:00:00,TILE,10.25
1999-08-23 00:00:00,TILE,10.25
1999-08-24 00:00:00,TILE,10.5
1999-08-30 00:00:00,TILE,10.5
1999-08-31 00:00:00,TILE,10.5
1999-09-01 00:00:00,TILE,10.5
1999-09-02 00:00:00,TILE,10.5
1999-09-03 00:00:00,TILE,10.25
1999-09-06 00:00:00,TILE,10.5
1999-09-07 00:00:00,TILE,10.25
1999-09-08 00:00:00,TILE,10.25
1999-09-09 00:00:00,TILE,10.25
1999-09-10 00:00:00,TILE,10.25
1999-09-13 00:00:00,TILE,10.25
1999-09-14 00:00:00,TILE,10.25
1999-09-15 00:00:00,TILE,10.25
1999-09-16 00:00:00,TILE,10
1999-09-17 00:00:00,TILE,10
1999-09-20 00:00:00,TILE,10
1999-09-21 00:00:00,TILE,10.25
1999-09-22 00:00:00,TILE,10.5
1999-09-23 00:00:00,TILE,10.5
1999-09-27 00:00:00,TILE,10.25
1999-09-28 00:00:00,TILE,10.5
1999-09-29 00:00:00,TILE,10.5
1999-09-30 00:00:00,TILE,10.5
1999-10-01 00:00:00,TILE,10.5
1999-10-04 00:00:00,TILE,10.5
1999-10-05 00:00:00,TILE,10.5
1999-10-06 00:00:00,TILE,9.75
1999-10-07 00:00:00,TILE,9.75
1999-10-08 00:00:00,TILE,10
1999-10-11 00:00:00,TILE,9.75
1999-10-12 00:00:00,TILE,10
1999-10-13 00:00:00,TILE,10
1999-10-15 00:00:00,TILE,10
1999-10-18 00:00:00,TILE,10
1999-10-19 00:00:00,TILE,10
1999-10-20 00:00:00,TILE,9.75
1999-10-21 00:00:00,TILE,9.75
1999-10-22 00:00:00,TILE,9.75
1999-10-27 00:00:00,TILE,9.25
1999-10-29 00:00:00,TILE,9.25
1999-11-02 00:00:00,TILE,9.5
1999-11-03 00:00:00,TILE,10
1999-11-04 00:00:00,TILE,10.25
1999-11-05 00:00:00,TILE,10.5
1999-11-08 00:00:00,TILE,10.5
1999-11-09 00:00:00,TILE,10.5
1999-11-10 00:00:00,TILE,10.5
1999-11-11 00:00:00,TILE,10.5
1999-11-12 00:00:00,TILE,10.75
1999-11-15 00:00:00,TILE,10.5
1999-11-16 00:00:00,TILE,10.5
1999-11-17 00:00:00,TILE,10.5
1999-11-18 00:00:00,TILE,10.5
1999-11-19 00:00:00,TILE,10.25
1999-11-24 00:00:00,TILE,10.5
1999-11-25 00:00:00,TILE,10.75
1999-11-26 00:00:00,TILE,10.75
1999-11-29 00:00:00,TILE,11
1999-11-30 00:00:00,TILE,11
1999-12-01 00:00:00,TILE,11.25
1999-12-02 00:00:00,TILE,11.75
1999-12-03 00:00:00,TILE,12
1999-12-06 00:00:00,TILE,12
1999-12-07 00:00:00,TILE,12.5
1999-12-08 00:00:00,TILE,13.25
1999-12-09 00:00:00,TILE,13
1999-12-10 00:00:00,TILE,12.75
1999-12-13 00:00:00,TILE,13.25
1999-12-14 00:00:00,TILE,13.25
1999-12-15 00:00:00,TILE,12.75
1999-12-16 00:00:00,TILE,12.75
1999-12-17 00:00:00,TILE,12.75
1999-12-20 00:00:00,TILE,12.75
1999-12-21 00:00:00,TILE,13.25
1999-12-23 00:00:00,TILE,12.5
1999-12-27 00:00:00,TILE,12.5
1999-12-28 00:00:00,TILE,12.25
1999-12-29 00:00:00,TILE,12
1999-12-30 00:00:00,TILE,12
1999-01-04 00:00:00,TKYO,64.75
1999-01-05 00:00:00,TKYO,64.5
1999-01-06 00:00:00,TKYO,64.5
1999-01-07 00:00:00,TKYO,64.5
1999-01-11 00:00:00,TKYO,64.5
1999-01-12 00:00:00,TKYO,64.25
1999-01-13 00:00:00,TKYO,64
1999-01-14 00:00:00,TKYO,64
1999-01-18 00:00:00,TKYO,60
1999-01-19 00:00:00,TKYO,63
1999-01-20 00:00:00,TKYO,62
1999-01-21 00:00:00,TKYO,62
1999-01-22 00:00:00,TKYO,62
1999-01-25 00:00:00,TKYO,61.5
1999-01-26 00:00:00,TKYO,61.5
1999-01-27 00:00:00,TKYO,60
1999-01-28 00:00:00,TKYO,60
1999-01-29 00:00:00,TKYO,60
1999-02-01 00:00:00,TKYO,60
1999-02-03 00:00:00,TKYO,60
SECURITY_DA,COMP,CLOSE_PRICE
-----------,----,-----------
1999-02-05 00:00:00,TKYO,64
1999-02-09 00:00:00,TKYO,60.5
1999-02-10 00:00:00,TKYO,60.25
1999-02-11 00:00:00,TKYO,61
1999-02-12 00:00:00,TKYO,61.5
1999-02-15 00:00:00,TKYO,62
1999-02-16 00:00:00,TKYO,62
1999-02-17 00:00:00,TKYO,61.25
1999-02-22 00:00:00,TKYO,60
1999-02-24 00:00:00,TKYO,58.25
1999-02-25 00:00:00,TKYO,58.5
1999-02-26 00:00:00,TKYO,60
1999-03-02 00:00:00,TKYO,60
1999-03-03 00:00:00,TKYO,59
1999-03-04 00:00:00,TKYO,58
1999-03-05 00:00:00,TKYO,57
1999-03-08 00:00:00,TKYO,56.5
1999-03-09 00:00:00,TKYO,56
1999-03-10 00:00:00,TKYO,56.5
1999-03-11 00:00:00,TKYO,56.5
1999-03-12 00:00:00,TKYO,55.5
SECURITY_DA,COMP,CLOSE_PRICE
-----------,----,-----------
1999-03-15 00:00:00,TKYO,55
1999-03-16 00:00:00,TKYO,56
1999-03-17 00:00:00,TKYO,55.75
1999-03-18 00:00:00,TKYO,55
1999-03-19 00:00:00,TKYO,54
1999-03-23 00:00:00,TKYO,52.25
1999-03-25 00:00:00,TKYO,52
1999-03-26 00:00:00,TKYO,52
1999-03-29 00:00:00,TKYO,53
1999-03-30 00:00:00,TKYO,52.75
1999-04-08 00:00:00,TKYO,58
1999-04-09 00:00:00,TKYO,55
1999-04-16 00:00:00,TKYO,55
1999-04-19 00:00:00,TKYO,55.25
1999-04-20 00:00:00,TKYO,55
1999-04-22 00:00:00,TKYO,56
1999-04-23 00:00:00,TKYO,55
1999-04-27 00:00:00,TKYO,55
1999-04-28 00:00:00,TKYO,55
1999-05-03 00:00:00,TKYO,54
1999-05-04 00:00:00,TKYO,55
SECURITY_DA,COMP,CLOSE_PRICE
-----------,----,-----------
1999-05-05 00:00:00,TKYO,54
1999-05-06 00:00:00,TKYO,53.25
1999-05-11 00:00:00,TKYO,53.5
1999-05-12 00:00:00,TKYO,54
1999-05-13 00:00:00,TKYO,53.5
1999-05-14 00:00:00,TKYO,54
1999-05-17 00:00:00,TKYO,54
1999-05-18 00:00:00,TKYO,53
1999-05-19 00:00:00,TKYO,54
1999-05-20 00:00:00,TKYO,54
1999-05-21 00:00:00,TKYO,54
1999-05-24 00:00:00,TKYO,53.75
1999-05-25 00:00:00,TKYO,53
1999-05-28 00:00:00,TKYO,51
1999-06-01 00:00:00,TKYO,53.5
1999-06-02 00:00:00,TKYO,54
1999-06-03 00:00:00,TKYO,55.75
1999-06-07 00:00:00,TKYO,55.25
1999-06-10 00:00:00,TKYO,54
1999-06-11 00:00:00,TKYO,54
1999-06-14 00:00:00,TKYO,54
SECURITY_DA,COMP,CLOSE_PRICE
-----------,----,-----------
1999-06-15 00:00:00,TKYO,54
1999-06-16 00:00:00,TKYO,55
1999-06-17 00:00:00,TKYO,55
1999-06-18 00:00:00,TKYO,54
1999-06-21 00:00:00,TKYO,55
1999-06-23 00:00:00,TKYO,55
1999-06-24 00:00:00,TKYO,55
1999-06-25 00:00:00,TKYO,55
1999-06-30 00:00:00,TKYO,55
1999-07-01 00:00:00,TKYO,55
1999-07-02 00:00:00,TKYO,55
1999-07-05 00:00:00,TKYO,55
1999-07-06 00:00:00,TKYO,55
1999-07-09 00:00:00,TKYO,55
1999-07-12 00:00:00,TKYO,54.75
1999-07-14 00:00:00,TKYO,54.5
1999-07-15 00:00:00,TKYO,53.75
1999-07-16 00:00:00,TKYO,55
1999-07-19 00:00:00,TKYO,55
1999-07-20 00:00:00,TKYO,54.5
1999-07-21 00:00:00,TKYO,54.5
SECURITY_DA,COMP,CLOSE_PRICE
-----------,----,-----------
1999-07-22 00:00:00,TKYO,54.25
1999-07-23 00:00:00,TKYO,56.5
1999-07-26 00:00:00,TKYO,55
1999-07-27 00:00:00,TKYO,55.5
1999-07-29 00:00:00,TKYO,56
1999-07-30 00:00:00,TKYO,55.5
1999-08-02 00:00:00,TKYO,56
1999-08-03 00:00:00,TKYO,56
1999-08-04 00:00:00,TKYO,55.5
1999-08-06 00:00:00,TKYO,56.5
1999-08-09 00:00:00,TKYO,55.5
1999-08-10 00:00:00,TKYO,56
1999-08-11 00:00:00,TKYO,56
1999-08-12 00:00:00,TKYO,57
1999-08-13 00:00:00,TKYO,57
1999-08-16 00:00:00,TKYO,58
1999-08-17 00:00:00,TKYO,57.5
1999-08-18 00:00:00,TKYO,57.5
1999-08-19 00:00:00,TKYO,58
1999-08-20 00:00:00,TKYO,58
1999-08-23 00:00:00,TKYO,58.75
SECURITY_DA,COMP,CLOSE_PRICE
-----------,----,-----------
1999-08-24 00:00:00,TKYO,56
1999-08-25 00:00:00,TKYO,56
1999-08-30 00:00:00,TKYO,56
1999-08-31 00:00:00,TKYO,56.25
1999-09-02 00:00:00,TKYO,59
1999-09-03 00:00:00,TKYO,58
1999-09-06 00:00:00,TKYO,57.25
1999-09-07 00:00:00,TKYO,58.5
1999-09-08 00:00:00,TKYO,59.5
1999-09-09 00:00:00,TKYO,59.5
1999-09-10 00:00:00,TKYO,59.25
1999-09-13 00:00:00,TKYO,59.25
1999-09-14 00:00:00,TKYO,59
1999-09-15 00:00:00,TKYO,59.5
1999-09-16 00:00:00,TKYO,59
1999-09-17 00:00:00,TKYO,58.75
1999-09-20 00:00:00,TKYO,58.5
1999-09-21 00:00:00,TKYO,60
1999-09-22 00:00:00,TKYO,60
1999-09-23 00:00:00,TKYO,62
1999-09-27 00:00:00,TKYO,58.5
SECURITY_DA,COMP,CLOSE_PRICE
-----------,----,-----------
1999-09-28 00:00:00,TKYO,58.5
1999-09-30 00:00:00,TKYO,58.75
1999-10-01 00:00:00,TKYO,58.5
1999-10-04 00:00:00,TKYO,58
1999-10-05 00:00:00,TKYO,58.5
1999-10-06 00:00:00,TKYO,57.5
1999-10-07 00:00:00,TKYO,57
1999-10-11 00:00:00,TKYO,57
1999-10-13 00:00:00,TKYO,57
1999-10-14 00:00:00,TKYO,56
1999-10-20 00:00:00,TKYO,56.5
1999-10-21 00:00:00,TKYO,56.25
1999-10-22 00:00:00,TKYO,56
1999-10-25 00:00:00,TKYO,54
1999-10-26 00:00:00,TKYO,54.25
1999-10-27 00:00:00,TKYO,54
1999-10-28 00:00:00,TKYO,54
1999-10-29 00:00:00,TKYO,53
1999-11-01 00:00:00,TKYO,53
1999-11-04 00:00:00,TKYO,54
1999-11-10 00:00:00,TKYO,55
SECURITY_DA,COMP,CLOSE_PRICE
-----------,----,-----------
1999-11-12 00:00:00,TKYO,55
1999-11-16 00:00:00,TKYO,54.5
1999-11-18 00:00:00,TKYO,55
1999-11-24 00:00:00,TKYO,56.75
1999-11-29 00:00:00,TKYO,58
1999-12-01 00:00:00,TKYO,58
1999-12-02 00:00:00,TKYO,59
1999-12-06 00:00:00,TKYO,60
1999-12-07 00:00:00,TKYO,61
1999-12-08 00:00:00,TKYO,61.5
1999-12-09 00:00:00,TKYO,60
1999-12-10 00:00:00,TKYO,60
1999-12-13 00:00:00,TKYO,63
1999-12-14 00:00:00,TKYO,63
1999-12-16 00:00:00,TKYO,62.25
1999-12-17 00:00:00,TKYO,62.25
1999-12-20 00:00:00,TKYO,60
1999-12-23 00:00:00,TKYO,60
1999-12-27 00:00:00,TKYO,60
1999-12-28 00:00:00,TKYO,59
1999-12-29 00:00:00,TKYO,59
1999-12-30 00:00:00,TKYO,59
1999-01-04 00:00:00,TRAN,22
1999-01-06 00:00:00,TRAN,21
1999-01-07 00:00:00,TRAN,21
1999-01-11 00:00:00,TRAN,21
1999-01-12 00:00:00,TRAN,21
1999-01-14 00:00:00,TRAN,21
1999-01-18 00:00:00,TRAN,21
1999-01-19 00:00:00,TRAN,21
1999-01-21 00:00:00,TRAN,22
1999-01-22 00:00:00,TRAN,21
1999-01-25 00:00:00,TRAN,21
1999-01-27 00:00:00,TRAN,21
1999-01-29 00:00:00,TRAN,21.25
1999-02-01 00:00:00,TRAN,21
1999-02-02 00:00:00,TRAN,21
1999-02-03 00:00:00,TRAN,21
1999-02-05 00:00:00,TRAN,20.5
1999-02-11 00:00:00,TRAN,20.5
1999-02-12 00:00:00,TRAN,20.5
1999-02-15 00:00:00,TRAN,21
1999-02-16 00:00:00,TRAN,21
1999-02-17 00:00:00,TRAN,21
1999-02-19 00:00:00,TRAN,20.5
1999-02-22 00:00:00,TRAN,20.5
1999-02-23 00:00:00,TRAN,20.25
1999-02-24 00:00:00,TRAN,20
1999-02-25 00:00:00,TRAN,19.5
1999-02-26 00:00:00,TRAN,19
1999-03-02 00:00:00,TRAN,19.25
1999-03-04 00:00:00,TRAN,19
1999-03-08 00:00:00,TRAN,17.75
1999-03-09 00:00:00,TRAN,17.5
1999-03-10 00:00:00,TRAN,17.25
1999-03-11 00:00:00,TRAN,17
1999-03-12 00:00:00,TRAN,17
1999-03-17 00:00:00,TRAN,17.5
1999-03-19 00:00:00,TRAN,18
1999-03-23 00:00:00,TRAN,18
1999-03-30 00:00:00,TRAN,17.5
1999-04-01 00:00:00,TRAN,17.5
1999-04-08 00:00:00,TRAN,17.5
1999-04-15 00:00:00,TRAN,17.75
1999-04-20 00:00:00,TRAN,18.25
1999-04-22 00:00:00,TRAN,18.5
1999-04-26 00:00:00,TRAN,19
1999-04-27 00:00:00,TRAN,20
1999-04-28 00:00:00,TRAN,19.5
1999-05-03 00:00:00,TRAN,20
1999-05-04 00:00:00,TRAN,20
1999-05-05 00:00:00,TRAN,20
1999-05-06 00:00:00,TRAN,20
1999-05-07 00:00:00,TRAN,19.75
1999-05-10 00:00:00,TRAN,19.25
1999-05-11 00:00:00,TRAN,19.5
1999-05-12 00:00:00,TRAN,20
1999-05-17 00:00:00,TRAN,21
1999-05-18 00:00:00,TRAN,21
1999-05-20 00:00:00,TRAN,21
1999-05-21 00:00:00,TRAN,22.25
1999-05-25 00:00:00,TRAN,21.5
1999-05-26 00:00:00,TRAN,22
1999-06-01 00:00:00,TRAN,20.75
1999-06-02 00:00:00,TRAN,21
1999-06-03 00:00:00,TRAN,20.25
1999-06-08 00:00:00,TRAN,20.5
1999-06-09 00:00:00,TRAN,20.5
1999-06-11 00:00:00,TRAN,20.5
1999-06-15 00:00:00,TRAN,21
1999-06-16 00:00:00,TRAN,20.5
1999-06-18 00:00:00,TRAN,20.75
1999-06-21 00:00:00,TRAN,20.5
1999-06-22 00:00:00,TRAN,20
1999-06-23 00:00:00,TRAN,20.5
1999-06-24 00:00:00,TRAN,21
1999-06-25 00:00:00,TRAN,21
1999-07-09 00:00:00,TRAN,23.5
1999-07-12 00:00:00,TRAN,23
1999-07-13 00:00:00,TRAN,23
1999-07-14 00:00:00,TRAN,25
1999-07-15 00:00:00,TRAN,28
1999-07-16 00:00:00,TRAN,27.75
1999-07-19 00:00:00,TRAN,27.25
1999-07-20 00:00:00,TRAN,27.25
1999-07-21 00:00:00,TRAN,26.75
1999-07-22 00:00:00,TRAN,26.5
1999-07-23 00:00:00,TRAN,26.5
1999-07-26 00:00:00,TRAN,26.25
1999-07-27 00:00:00,TRAN,25.25
1999-07-29 00:00:00,TRAN,25.5
1999-07-30 00:00:00,TRAN,25.5
1999-08-02 00:00:00,TRAN,28
1999-08-03 00:00:00,TRAN,28.25
1999-08-04 00:00:00,TRAN,28.25
1999-08-05 00:00:00,TRAN,30.25
1999-08-06 00:00:00,TRAN,31.25
1999-08-09 00:00:00,TRAN,29
1999-08-10 00:00:00,TRAN,29
1999-08-11 00:00:00,TRAN,34.5
1999-08-12 00:00:00,TRAN,33.25
1999-08-13 00:00:00,TRAN,33
1999-08-16 00:00:00,TRAN,33
1999-08-17 00:00:00,TRAN,31.5
1999-08-18 00:00:00,TRAN,30
1999-08-19 00:00:00,TRAN,31
1999-08-20 00:00:00,TRAN,31
1999-08-23 00:00:00,TRAN,30.75
1999-08-24 00:00:00,TRAN,32
1999-08-25 00:00:00,TRAN,32
1999-08-30 00:00:00,TRAN,31.75
1999-08-31 00:00:00,TRAN,31.75
1999-09-01 00:00:00,TRAN,31
1999-09-03 00:00:00,TRAN,29.5
1999-09-06 00:00:00,TRAN,29.25
1999-09-08 00:00:00,TRAN,30
1999-09-09 00:00:00,TRAN,28.25
1999-09-13 00:00:00,TRAN,32
1999-09-14 00:00:00,TRAN,31.75
1999-09-15 00:00:00,TRAN,31.75
1999-09-16 00:00:00,TRAN,31
1999-09-20 00:00:00,TRAN,33.5
1999-09-21 00:00:00,TRAN,33.75
1999-09-22 00:00:00,TRAN,34
1999-09-23 00:00:00,TRAN,34
1999-09-24 00:00:00,TRAN,34
1999-09-27 00:00:00,TRAN,34
1999-09-28 00:00:00,TRAN,34
1999-09-29 00:00:00,TRAN,34
1999-09-30 00:00:00,TRAN,33.75
1999-10-01 00:00:00,TRAN,32
1999-10-04 00:00:00,TRAN,30
1999-10-05 00:00:00,TRAN,30
1999-10-07 00:00:00,TRAN,28
1999-10-11 00:00:00,TRAN,28
1999-10-12 00:00:00,TRAN,28
1999-10-13 00:00:00,TRAN,28
1999-10-14 00:00:00,TRAN,27
1999-10-15 00:00:00,TRAN,26.75
1999-10-20 00:00:00,TRAN,27.25
1999-10-21 00:00:00,TRAN,26.75
1999-10-22 00:00:00,TRAN,27.25
1999-10-25 00:00:00,TRAN,26.75
1999-10-26 00:00:00,TRAN,26.75
1999-10-27 00:00:00,TRAN,26.25
1999-10-28 00:00:00,TRAN,25
1999-10-29 00:00:00,TRAN,25
1999-11-01 00:00:00,TRAN,25
1999-11-02 00:00:00,TRAN,25
1999-11-03 00:00:00,TRAN,25
1999-11-05 00:00:00,TRAN,25.25
1999-11-08 00:00:00,TRAN,25
1999-11-12 00:00:00,TRAN,27
1999-11-17 00:00:00,TRAN,28
1999-11-18 00:00:00,TRAN,27.25
1999-11-19 00:00:00,TRAN,31.5
1999-11-23 00:00:00,TRAN,32
1999-11-24 00:00:00,TRAN,31.5
1999-11-25 00:00:00,TRAN,31.5
1999-11-26 00:00:00,TRAN,32
1999-11-29 00:00:00,TRAN,31
1999-11-30 00:00:00,TRAN,32
1999-12-02 00:00:00,TRAN,26.75
1999-12-03 00:00:00,TRAN,28
1999-12-06 00:00:00,TRAN,28.5
1999-12-07 00:00:00,TRAN,28.5
1999-12-08 00:00:00,TRAN,29
1999-12-09 00:00:00,TRAN,28.5
1999-12-10 00:00:00,TRAN,29
1999-12-13 00:00:00,TRAN,29
1999-12-14 00:00:00,TRAN,29.25
1999-12-15 00:00:00,TRAN,29
1999-12-21 00:00:00,TRAN,29
1999-12-23 00:00:00,TRAN,28.5
1999-12-28 00:00:00,TRAN,28.5
1999-12-29 00:00:00,TRAN,28
1999-01-07 00:00:00,TSML,35
1999-01-08 00:00:00,TSML,35
1999-01-11 00:00:00,TSML,33
1999-01-13 00:00:00,TSML,30
1999-01-14 00:00:00,TSML,32.5
1999-01-18 00:00:00,TSML,31.5
1999-01-19 00:00:00,TSML,33
1999-01-21 00:00:00,TSML,33
1999-01-22 00:00:00,TSML,33.5
1999-01-25 00:00:00,TSML,33.5
1999-01-26 00:00:00,TSML,33.25
1999-01-27 00:00:00,TSML,33
1999-02-01 00:00:00,TSML,34
1999-02-02 00:00:00,TSML,34
1999-02-03 00:00:00,TSML,34
1999-02-05 00:00:00,TSML,34.25
1999-02-08 00:00:00,TSML,34
1999-02-09 00:00:00,TSML,35
1999-02-15 00:00:00,TSML,32.5
1999-02-17 00:00:00,TSML,32
1999-02-18 00:00:00,TSML,32.5
1999-02-22 00:00:00,TSML,32.5
1999-02-23 00:00:00,TSML,32
1999-02-24 00:00:00,TSML,30
1999-02-25 00:00:00,TSML,30
1999-02-26 00:00:00,TSML,30
1999-03-02 00:00:00,TSML,30
1999-03-04 00:00:00,TSML,29
1999-03-09 00:00:00,TSML,27
1999-03-11 00:00:00,TSML,27
1999-03-15 00:00:00,TSML,27
1999-03-17 00:00:00,TSML,25
1999-03-22 00:00:00,TSML,25.25
1999-03-23 00:00:00,TSML,25
1999-03-24 00:00:00,TSML,25
SECURITY_DA,COMP,CLOSE_PRICE
-----------,----,-----------
1999-04-01 00:00:00,TSML,24
1999-04-23 00:00:00,TSML,23
1999-04-26 00:00:00,TSML,23
1999-04-27 00:00:00,TSML,23
1999-05-03 00:00:00,TSML,23
1999-05-05 00:00:00,TSML,23
1999-05-06 00:00:00,TSML,23
1999-05-10 00:00:00,TSML,23
1999-05-12 00:00:00,TSML,23
1999-05-17 00:00:00,TSML,23
1999-05-18 00:00:00,TSML,23
1999-05-19 00:00:00,TSML,24
1999-05-20 00:00:00,TSML,23.25
1999-05-21 00:00:00,TSML,24
1999-05-24 00:00:00,TSML,25
1999-05-26 00:00:00,TSML,25
1999-05-27 00:00:00,TSML,25.25
1999-06-01 00:00:00,TSML,25.25
1999-06-04 00:00:00,TSML,25
1999-06-07 00:00:00,TSML,24
1999-06-08 00:00:00,TSML,26
SECURITY_DA,COMP,CLOSE_PRICE
-----------,----,-----------
1999-06-15 00:00:00,TSML,25
1999-06-16 00:00:00,TSML,25
1999-06-18 00:00:00,TSML,24
1999-06-23 00:00:00,TSML,23.5
1999-06-24 00:00:00,TSML,23.5
1999-06-30 00:00:00,TSML,24.25
1999-07-01 00:00:00,TSML,24
1999-07-05 00:00:00,TSML,24
1999-07-06 00:00:00,TSML,24.25
1999-07-07 00:00:00,TSML,24
1999-07-08 00:00:00,TSML,24
1999-07-09 00:00:00,TSML,24.25
1999-07-16 00:00:00,TSML,25
1999-07-19 00:00:00,TSML,25.5
1999-07-20 00:00:00,TSML,25.75
1999-07-21 00:00:00,TSML,26
1999-07-22 00:00:00,TSML,28
1999-07-23 00:00:00,TSML,26
1999-07-26 00:00:00,TSML,26.25
1999-07-29 00:00:00,TSML,25.25
1999-07-30 00:00:00,TSML,26.75
SECURITY_DA,COMP,CLOSE_PRICE
-----------,----,-----------
1999-08-02 00:00:00,TSML,30
1999-08-03 00:00:00,TSML,30
1999-08-04 00:00:00,TSML,31.5
1999-08-05 00:00:00,TSML,30
1999-08-06 00:00:00,TSML,29
1999-08-09 00:00:00,TSML,29
1999-08-10 00:00:00,TSML,30.5
1999-08-11 00:00:00,TSML,29.75
1999-08-12 00:00:00,TSML,29
1999-08-13 00:00:00,TSML,29
1999-08-16 00:00:00,TSML,28
1999-08-17 00:00:00,TSML,26
1999-08-18 00:00:00,TSML,26
1999-08-19 00:00:00,TSML,26.75
1999-08-20 00:00:00,TSML,27.5
1999-08-23 00:00:00,TSML,27
1999-08-25 00:00:00,TSML,27.25
1999-08-30 00:00:00,TSML,27
1999-08-31 00:00:00,TSML,27
1999-09-01 00:00:00,TSML,27
1999-09-03 00:00:00,TSML,27.25
SECURITY_DA,COMP,CLOSE_PRICE
-----------,----,-----------
1999-09-09 00:00:00,TSML,27
1999-09-10 00:00:00,TSML,27
1999-09-13 00:00:00,TSML,27.25
1999-09-14 00:00:00,TSML,27
1999-09-15 00:00:00,TSML,27.25
1999-09-16 00:00:00,TSML,27.5
1999-09-20 00:00:00,TSML,28.5
1999-09-21 00:00:00,TSML,29.5
1999-09-22 00:00:00,TSML,30
1999-09-23 00:00:00,TSML,31
1999-09-24 00:00:00,TSML,30.5
1999-09-27 00:00:00,TSML,32
1999-09-28 00:00:00,TSML,32.5
1999-09-29 00:00:00,TSML,31
1999-09-30 00:00:00,TSML,31
1999-10-04 00:00:00,TSML,31.75
1999-10-05 00:00:00,TSML,31.5
1999-10-06 00:00:00,TSML,30
1999-10-07 00:00:00,TSML,29
1999-10-08 00:00:00,TSML,30
1999-10-11 00:00:00,TSML,30
SECURITY_DA,COMP,CLOSE_PRICE
-----------,----,-----------
1999-10-12 00:00:00,TSML,29
1999-10-13 00:00:00,TSML,29
1999-10-14 00:00:00,TSML,27
1999-10-20 00:00:00,TSML,26.5
1999-10-21 00:00:00,TSML,26
1999-10-26 00:00:00,TSML,26
1999-10-27 00:00:00,TSML,26
1999-10-29 00:00:00,TSML,27
1999-11-01 00:00:00,TSML,26
1999-11-02 00:00:00,TSML,26
1999-11-08 00:00:00,TSML,25.5
1999-11-09 00:00:00,TSML,25.5
1999-11-11 00:00:00,TSML,26
1999-11-12 00:00:00,TSML,26
1999-11-16 00:00:00,TSML,25.75
1999-11-18 00:00:00,TSML,26
1999-11-24 00:00:00,TSML,26
1999-11-25 00:00:00,TSML,26.25
1999-12-03 00:00:00,TSML,28
1999-12-06 00:00:00,TSML,28
1999-12-07 00:00:00,TSML,29
SECURITY_DA,COMP,CLOSE_PRICE
-----------,----,-----------
1999-12-08 00:00:00,TSML,29
1999-12-10 00:00:00,TSML,29
1999-12-14 00:00:00,TSML,28.75
1999-12-15 00:00:00,TSML,28
1999-12-17 00:00:00,TSML,28
1999-12-20 00:00:00,TSML,27
1999-12-21 00:00:00,TSML,27
1999-12-23 00:00:00,TSML,27.5
1999-12-28 00:00:00,TSML,27
1999-01-04 00:00:00,TYRE,12
1999-01-05 00:00:00,TYRE,12
1999-01-06 00:00:00,TYRE,14
1999-01-07 00:00:00,TYRE,16
1999-01-08 00:00:00,TYRE,16.75
1999-01-11 00:00:00,TYRE,16
1999-01-12 00:00:00,TYRE,15
1999-01-13 00:00:00,TYRE,14.5
1999-01-14 00:00:00,TYRE,14
1999-01-18 00:00:00,TYRE,14.75
1999-01-19 00:00:00,TYRE,14.75
1999-01-20 00:00:00,TYRE,14.5
SECURITY_DA,COMP,CLOSE_PRICE
-----------,----,-----------
1999-01-21 00:00:00,TYRE,14.25
1999-01-22 00:00:00,TYRE,14.25
1999-01-25 00:00:00,TYRE,14.25
1999-01-26 00:00:00,TYRE,14.25
1999-01-27 00:00:00,TYRE,14
1999-01-28 00:00:00,TYRE,13.75
1999-01-29 00:00:00,TYRE,13.75
1999-02-01 00:00:00,TYRE,13.25
1999-02-02 00:00:00,TYRE,13
1999-02-03 00:00:00,TYRE,12.75
1999-02-05 00:00:00,TYRE,13.25
1999-02-08 00:00:00,TYRE,13.5
1999-02-09 00:00:00,TYRE,14
1999-02-10 00:00:00,TYRE,14
1999-02-11 00:00:00,TYRE,14.75
1999-02-12 00:00:00,TYRE,14.5
1999-02-15 00:00:00,TYRE,14.5
1999-02-16 00:00:00,TYRE,15
1999-02-17 00:00:00,TYRE,15.75
1999-02-18 00:00:00,TYRE,15
1999-02-19 00:00:00,TYRE,15
SECURITY_DA,COMP,CLOSE_PRICE
-----------,----,-----------
1999-02-22 00:00:00,TYRE,15
1999-02-23 00:00:00,TYRE,14.75
1999-02-24 00:00:00,TYRE,14.5
1999-02-25 00:00:00,TYRE,14.25
1999-02-26 00:00:00,TYRE,14.25
1999-03-02 00:00:00,TYRE,14.25
1999-03-03 00:00:00,TYRE,14.5
1999-03-04 00:00:00,TYRE,14.5
1999-03-05 00:00:00,TYRE,14.5
1999-03-08 00:00:00,TYRE,13.75
1999-03-09 00:00:00,TYRE,13.5
1999-03-10 00:00:00,TYRE,13.5
1999-03-11 00:00:00,TYRE,13.5
1999-03-12 00:00:00,TYRE,13.5
1999-03-15 00:00:00,TYRE,13.5
1999-03-16 00:00:00,TYRE,13
1999-03-17 00:00:00,TYRE,13
1999-03-18 00:00:00,TYRE,13.25
1999-03-19 00:00:00,TYRE,13.25
1999-03-22 00:00:00,TYRE,13.25
1999-03-23 00:00:00,TYRE,13.75
SECURITY_DA,COMP,CLOSE_PRICE
-----------,----,-----------
1999-03-24 00:00:00,TYRE,13.75
1999-03-25 00:00:00,TYRE,13.25
1999-03-26 00:00:00,TYRE,13
1999-03-29 00:00:00,TYRE,13.25
1999-03-30 00:00:00,TYRE,13
1999-04-01 00:00:00,TYRE,13.25
1999-04-05 00:00:00,TYRE,13.25
1999-04-06 00:00:00,TYRE,13.25
1999-04-08 00:00:00,TYRE,14
1999-04-09 00:00:00,TYRE,13.75
1999-04-12 00:00:00,TYRE,13.75
1999-04-15 00:00:00,TYRE,13.5
1999-04-16 00:00:00,TYRE,13.5
1999-04-19 00:00:00,TYRE,13.5
1999-04-20 00:00:00,TYRE,13.5
1999-04-21 00:00:00,TYRE,13.5
1999-04-22 00:00:00,TYRE,13.5
1999-04-23 00:00:00,TYRE,13.25
1999-04-26 00:00:00,TYRE,13.25
1999-04-27 00:00:00,TYRE,13
1999-04-28 00:00:00,TYRE,13
SECURITY_DA,COMP,CLOSE_PRICE
-----------,----,-----------
1999-05-04 00:00:00,TYRE,13
1999-05-05 00:00:00,TYRE,12.75
1999-05-06 00:00:00,TYRE,13
1999-05-07 00:00:00,TYRE,13
1999-05-10 00:00:00,TYRE,12.5
1999-05-11 00:00:00,TYRE,12.75
1999-05-12 00:00:00,TYRE,12.5
1999-05-13 00:00:00,TYRE,12.5
1999-05-14 00:00:00,TYRE,12.25
1999-05-17 00:00:00,TYRE,12.25
1999-05-18 00:00:00,TYRE,12
1999-05-19 00:00:00,TYRE,12
1999-05-20 00:00:00,TYRE,11.75
1999-05-21 00:00:00,TYRE,11.75
1999-05-24 00:00:00,TYRE,11.75
1999-05-25 00:00:00,TYRE,11.5
1999-05-26 00:00:00,TYRE,11.25
1999-05-27 00:00:00,TYRE,11.25
1999-05-28 00:00:00,TYRE,11.25
1999-06-01 00:00:00,TYRE,11
1999-06-02 00:00:00,TYRE,11
SECURITY_DA,COMP,CLOSE_PRICE
-----------,----,-----------
1999-06-03 00:00:00,TYRE,10.75
1999-06-04 00:00:00,TYRE,10.5
1999-06-07 00:00:00,TYRE,10.75
1999-06-08 00:00:00,TYRE,10
1999-06-09 00:00:00,TYRE,10.25
1999-06-10 00:00:00,TYRE,10.25
1999-06-11 00:00:00,TYRE,10.5
1999-06-15 00:00:00,TYRE,10.25
1999-06-16 00:00:00,TYRE,10
1999-06-17 00:00:00,TYRE,9.75
1999-06-18 00:00:00,TYRE,9.5
1999-06-21 00:00:00,TYRE,9.25
1999-06-22 00:00:00,TYRE,9
1999-06-23 00:00:00,TYRE,9.25
1999-06-25 00:00:00,TYRE,9.75
1999-06-30 00:00:00,TYRE,9.75
1999-07-01 00:00:00,TYRE,10.5
1999-07-02 00:00:00,TYRE,10.25
1999-07-05 00:00:00,TYRE,10.75
1999-07-06 00:00:00,TYRE,10
1999-07-07 00:00:00,TYRE,10
SECURITY_DA,COMP,CLOSE_PRICE
-----------,----,-----------
1999-07-08 00:00:00,TYRE,10.5
1999-07-09 00:00:00,TYRE,10.75
1999-07-12 00:00:00,TYRE,10.75
1999-07-13 00:00:00,TYRE,10.5
1999-07-14 00:00:00,TYRE,10.75
1999-07-15 00:00:00,TYRE,10.75
1999-07-16 00:00:00,TYRE,10.5
1999-07-19 00:00:00,TYRE,10.5
1999-07-20 00:00:00,TYRE,10.5
1999-07-21 00:00:00,TYRE,11.5
1999-07-22 00:00:00,TYRE,11.5
1999-07-23 00:00:00,TYRE,11.75
1999-07-26 00:00:00,TYRE,11.25
1999-07-27 00:00:00,TYRE,11.25
1999-07-29 00:00:00,TYRE,11.75
1999-07-30 00:00:00,TYRE,11.75
1999-08-02 00:00:00,TYRE,12
1999-08-03 00:00:00,TYRE,13
1999-08-04 00:00:00,TYRE,12.25
1999-08-05 00:00:00,TYRE,12.5
1999-08-06 00:00:00,TYRE,12
SECURITY_DA,COMP,CLOSE_PRICE
-----------,----,-----------
1999-08-09 00:00:00,TYRE,11.75
1999-08-10 00:00:00,TYRE,11.75
1999-08-11 00:00:00,TYRE,11.75
1999-08-12 00:00:00,TYRE,11.75
1999-08-13 00:00:00,TYRE,12
1999-08-16 00:00:00,TYRE,12
1999-08-17 00:00:00,TYRE,11.75
1999-08-18 00:00:00,TYRE,11.5
1999-08-19 00:00:00,TYRE,11.5
1999-08-20 00:00:00,TYRE,12
1999-08-24 00:00:00,TYRE,12
1999-08-25 00:00:00,TYRE,12
1999-08-30 00:00:00,TYRE,12
1999-08-31 00:00:00,TYRE,11.75
1999-09-01 00:00:00,TYRE,11.75
1999-09-02 00:00:00,TYRE,11.75
1999-09-03 00:00:00,TYRE,11.75
1999-09-06 00:00:00,TYRE,11.5
1999-09-07 00:00:00,TYRE,11.25
1999-09-08 00:00:00,TYRE,11.25
1999-09-09 00:00:00,TYRE,11.25
SECURITY_DA,COMP,CLOSE_PRICE
-----------,----,-----------
1999-09-10 00:00:00,TYRE,11.25
1999-09-13 00:00:00,TYRE,11.25
1999-09-14 00:00:00,TYRE,11
1999-09-15 00:00:00,TYRE,11.25
1999-09-16 00:00:00,TYRE,11.25
1999-09-17 00:00:00,TYRE,11.25
1999-09-20 00:00:00,TYRE,11.25
1999-09-21 00:00:00,TYRE,11
1999-09-22 00:00:00,TYRE,11
1999-09-23 00:00:00,TYRE,11
1999-09-24 00:00:00,TYRE,11
1999-09-27 00:00:00,TYRE,10.75
1999-09-28 00:00:00,TYRE,10.75
1999-09-29 00:00:00,TYRE,10.5
1999-09-30 00:00:00,TYRE,10.5
1999-10-01 00:00:00,TYRE,10.5
1999-10-04 00:00:00,TYRE,10.5
1999-10-05 00:00:00,TYRE,10.5
1999-10-06 00:00:00,TYRE,10.25
1999-10-07 00:00:00,TYRE,10
1999-10-08 00:00:00,TYRE,10
SECURITY_DA,COMP,CLOSE_PRICE
-----------,----,-----------
1999-10-11 00:00:00,TYRE,10.25
1999-10-12 00:00:00,TYRE,10
1999-10-13 00:00:00,TYRE,10
1999-10-14 00:00:00,TYRE,9.75
1999-10-15 00:00:00,TYRE,10
1999-10-18 00:00:00,TYRE,9.75
1999-10-19 00:00:00,TYRE,10
1999-10-20 00:00:00,TYRE,9.75
1999-10-21 00:00:00,TYRE,9.5
1999-10-22 00:00:00,TYRE,9.5
1999-10-26 00:00:00,TYRE,9
1999-10-27 00:00:00,TYRE,9
1999-10-28 00:00:00,TYRE,8.75
1999-10-29 00:00:00,TYRE,9
1999-11-01 00:00:00,TYRE,9
1999-11-02 00:00:00,TYRE,8.25
1999-11-03 00:00:00,TYRE,8.5
1999-11-05 00:00:00,TYRE,9
1999-11-08 00:00:00,TYRE,9.25
1999-11-09 00:00:00,TYRE,9.25
1999-11-10 00:00:00,TYRE,9.25
SECURITY_DA,COMP,CLOSE_PRICE
-----------,----,-----------
1999-11-11 00:00:00,TYRE,9.25
1999-11-12 00:00:00,TYRE,9.25
1999-11-15 00:00:00,TYRE,9
1999-11-16 00:00:00,TYRE,9
1999-11-17 00:00:00,TYRE,8.75
1999-11-18 00:00:00,TYRE,9
1999-11-19 00:00:00,TYRE,9.25
1999-11-23 00:00:00,TYRE,9.5
1999-11-24 00:00:00,TYRE,9.5
1999-11-25 00:00:00,TYRE,10.5
1999-11-26 00:00:00,TYRE,10.75
1999-11-29 00:00:00,TYRE,10.5
1999-11-30 00:00:00,TYRE,10.25
1999-12-01 00:00:00,TYRE,10.5
1999-12-02 00:00:00,TYRE,10.5
1999-12-03 00:00:00,TYRE,10.5
1999-12-06 00:00:00,TYRE,10.75
1999-12-07 00:00:00,TYRE,10.5
1999-12-08 00:00:00,TYRE,11
1999-12-09 00:00:00,TYRE,11
1999-12-10 00:00:00,TYRE,11
SECURITY_DA,COMP,CLOSE_PRICE
-----------,----,-----------
1999-12-13 00:00:00,TYRE,11.25
1999-12-14 00:00:00,TYRE,11
1999-12-15 00:00:00,TYRE,10.75
1999-12-16 00:00:00,TYRE,11
1999-12-17 00:00:00,TYRE,11
1999-12-20 00:00:00,TYRE,11.25
1999-12-21 00:00:00,TYRE,11.5
1999-12-23 00:00:00,TYRE,11
1999-12-27 00:00:00,TYRE,10.25
1999-12-28 00:00:00,TYRE,10
1999-12-29 00:00:00,TYRE,10
1999-12-30 00:00:00,TYRE,10
1999-01-06 00:00:00,UAL,29
1999-01-07 00:00:00,UAL,25.25
1999-01-12 00:00:00,UAL,26.5
1999-01-13 00:00:00,UAL,27
1999-01-18 00:00:00,UAL,29
1999-01-19 00:00:00,UAL,27
1999-01-21 00:00:00,UAL,27
1999-01-29 00:00:00,UAL,28.5
1999-02-02 00:00:00,UAL,30
SECURITY_DA,COMP,CLOSE_PRICE
-----------,----,-----------
1999-02-03 00:00:00,UAL,32
1999-02-05 00:00:00,UAL,32.75
1999-02-08 00:00:00,UAL,30
1999-02-10 00:00:00,UAL,31
1999-02-11 00:00:00,UAL,30
1999-02-15 00:00:00,UAL,30.25
1999-02-16 00:00:00,UAL,31
1999-02-18 00:00:00,UAL,30.5
1999-02-22 00:00:00,UAL,32
1999-02-23 00:00:00,UAL,32.25
1999-02-24 00:00:00,UAL,32.25
1999-02-25 00:00:00,UAL,43
1999-02-26 00:00:00,UAL,44.75
1999-03-02 00:00:00,UAL,42.5
1999-03-03 00:00:00,UAL,42
1999-03-04 00:00:00,UAL,41.5
1999-03-08 00:00:00,UAL,41.75
1999-03-09 00:00:00,UAL,42
1999-03-10 00:00:00,UAL,41.75
1999-03-11 00:00:00,UAL,42
1999-03-12 00:00:00,UAL,41.75
SECURITY_DA,COMP,CLOSE_PRICE
-----------,----,-----------
1999-03-15 00:00:00,UAL,41.75
1999-03-16 00:00:00,UAL,42
1999-03-17 00:00:00,UAL,42
1999-03-18 00:00:00,UAL,42
1999-03-19 00:00:00,UAL,42
1999-03-22 00:00:00,UAL,41
1999-03-23 00:00:00,UAL,41
1999-03-24 00:00:00,UAL,42
1999-03-25 00:00:00,UAL,41
1999-03-30 00:00:00,UAL,40.25
1999-04-01 00:00:00,UAL,41
1999-04-08 00:00:00,UAL,42.25
1999-04-09 00:00:00,UAL,42.5
1999-04-12 00:00:00,UAL,42.5
1999-04-15 00:00:00,UAL,43.5
1999-04-16 00:00:00,UAL,43.5
1999-04-19 00:00:00,UAL,43.5
1999-04-20 00:00:00,UAL,46.5
1999-04-22 00:00:00,UAL,46.5
1999-04-23 00:00:00,UAL,45
1999-04-26 00:00:00,UAL,46
SECURITY_DA,COMP,CLOSE_PRICE
-----------,----,-----------
1999-04-27 00:00:00,UAL,46
1999-04-28 00:00:00,UAL,46
1999-05-03 00:00:00,UAL,46.5
1999-05-04 00:00:00,UAL,44
1999-05-05 00:00:00,UAL,46
1999-05-06 00:00:00,UAL,28
1999-05-07 00:00:00,UAL,30.25
1999-05-10 00:00:00,UAL,31
1999-05-11 00:00:00,UAL,30.25
1999-05-14 00:00:00,UAL,30.25
1999-05-17 00:00:00,UAL,30.25
1999-05-18 00:00:00,UAL,30.25
1999-05-20 00:00:00,UAL,30
1999-05-21 00:00:00,UAL,30.5
1999-05-24 00:00:00,UAL,31
1999-05-25 00:00:00,UAL,30.5
1999-05-27 00:00:00,UAL,30.5
1999-06-01 00:00:00,UAL,30.5
1999-06-04 00:00:00,UAL,30.5
1999-06-07 00:00:00,UAL,30.5
1999-06-08 00:00:00,UAL,30.5
SECURITY_DA,COMP,CLOSE_PRICE
-----------,----,-----------
1999-06-09 00:00:00,UAL,30.5
1999-06-10 00:00:00,UAL,30.5
1999-06-11 00:00:00,UAL,30
1999-06-17 00:00:00,UAL,29
1999-06-21 00:00:00,UAL,29
1999-07-05 00:00:00,UAL,29
1999-07-07 00:00:00,UAL,29.25
1999-07-08 00:00:00,UAL,28.75
1999-07-13 00:00:00,UAL,29
1999-07-14 00:00:00,UAL,29
1999-07-15 00:00:00,UAL,28.5
1999-07-16 00:00:00,UAL,28.5
1999-07-19 00:00:00,UAL,28.5
1999-07-26 00:00:00,UAL,28.25
1999-07-27 00:00:00,UAL,28
1999-07-29 00:00:00,UAL,27
1999-08-03 00:00:00,UAL,27.5
1999-08-04 00:00:00,UAL,28
1999-08-06 00:00:00,UAL,28
1999-08-10 00:00:00,UAL,28
1999-08-11 00:00:00,UAL,28
SECURITY_DA,COMP,CLOSE_PRICE
-----------,----,-----------
1999-08-12 00:00:00,UAL,28
1999-08-16 00:00:00,UAL,28
1999-08-31 00:00:00,UAL,28
1999-09-02 00:00:00,UAL,28
1999-09-06 00:00:00,UAL,28
1999-09-07 00:00:00,UAL,28
1999-09-08 00:00:00,UAL,27.5
1999-09-09 00:00:00,UAL,27.5
1999-09-10 00:00:00,UAL,28
1999-09-13 00:00:00,UAL,28
1999-09-14 00:00:00,UAL,28.25
1999-09-15 00:00:00,UAL,28
1999-09-20 00:00:00,UAL,28
1999-09-21 00:00:00,UAL,28
1999-09-22 00:00:00,UAL,28
1999-09-29 00:00:00,UAL,28.25
1999-09-30 00:00:00,UAL,28.25
1999-10-05 00:00:00,UAL,28.25
1999-10-06 00:00:00,UAL,28.25
1999-10-07 00:00:00,UAL,28
1999-10-11 00:00:00,UAL,28
SECURITY_DA,COMP,CLOSE_PRICE
-----------,----,-----------
1999-10-12 00:00:00,UAL,28
1999-10-19 00:00:00,UAL,27
1999-10-21 00:00:00,UAL,26.5
1999-10-25 00:00:00,UAL,26.75
1999-10-26 00:00:00,UAL,28.25
1999-10-27 00:00:00,UAL,28.25
1999-10-28 00:00:00,UAL,28.25
1999-10-29 00:00:00,UAL,28.25
1999-11-05 00:00:00,UAL,29
1999-11-11 00:00:00,UAL,30
1999-11-12 00:00:00,UAL,30
1999-11-16 00:00:00,UAL,30
1999-11-19 00:00:00,UAL,29.75
1999-11-24 00:00:00,UAL,29
1999-11-25 00:00:00,UAL,29
1999-11-26 00:00:00,UAL,29
1999-11-29 00:00:00,UAL,29
1999-11-30 00:00:00,UAL,29.25
1999-12-01 00:00:00,UAL,30
1999-12-02 00:00:00,UAL,30
1999-12-03 00:00:00,UAL,30
SECURITY_DA,COMP,CLOSE_PRICE
-----------,----,-----------
1999-12-07 00:00:00,UAL,30
1999-12-08 00:00:00,UAL,30
1999-12-10 00:00:00,UAL,30
1999-12-15 00:00:00,UAL,29.25
1999-12-16 00:00:00,UAL,30
1999-12-17 00:00:00,UAL,30.75
1999-12-21 00:00:00,UAL,31
1999-12-23 00:00:00,UAL,30
1999-12-28 00:00:00,UAL,30
1999-12-30 00:00:00,UAL,30
1999-01-07 00:00:00,UCAR,9.75
1999-01-28 00:00:00,UCAR,14.5
1999-02-01 00:00:00,UCAR,15
1999-02-18 00:00:00,UCAR,16
1999-03-08 00:00:00,UCAR,17.5
1999-03-30 00:00:00,UCAR,17.5
1999-04-01 00:00:00,UCAR,20
1999-04-12 00:00:00,UCAR,22
1999-04-15 00:00:00,UCAR,23
1999-04-20 00:00:00,UCAR,25
1999-04-22 00:00:00,UCAR,27.5
SECURITY_DA,COMP,CLOSE_PRICE
-----------,----,-----------
1999-05-28 00:00:00,UCAR,21
1999-06-04 00:00:00,UCAR,21
1999-06-09 00:00:00,UCAR,20
1999-06-15 00:00:00,UCAR,20
1999-06-16 00:00:00,UCAR,20
1999-06-18 00:00:00,UCAR,20
1999-07-08 00:00:00,UCAR,19
1999-07-12 00:00:00,UCAR,20
1999-07-13 00:00:00,UCAR,19
1999-07-19 00:00:00,UCAR,19
1999-07-21 00:00:00,UCAR,19.25
1999-07-22 00:00:00,UCAR,20
1999-08-03 00:00:00,UCAR,20
1999-08-10 00:00:00,UCAR,21
1999-08-11 00:00:00,UCAR,23
1999-08-12 00:00:00,UCAR,23.5
1999-08-20 00:00:00,UCAR,24.5
1999-08-23 00:00:00,UCAR,25
1999-08-24 00:00:00,UCAR,25
1999-09-01 00:00:00,UCAR,22
1999-09-02 00:00:00,UCAR,22
SECURITY_DA,COMP,CLOSE_PRICE
-----------,----,-----------
1999-09-08 00:00:00,UCAR,23
1999-09-13 00:00:00,UCAR,23
1999-09-29 00:00:00,UCAR,23
1999-10-11 00:00:00,UCAR,21
1999-10-12 00:00:00,UCAR,19
1999-10-14 00:00:00,UCAR,20.25
1999-10-19 00:00:00,UCAR,20.25
1999-10-20 00:00:00,UCAR,21.5
1999-10-21 00:00:00,UCAR,20.25
1999-10-22 00:00:00,UCAR,21.5
1999-10-28 00:00:00,UCAR,20
1999-11-02 00:00:00,UCAR,20.5
1999-11-16 00:00:00,UCAR,19.25
1999-12-01 00:00:00,UCAR,20
1999-01-04 00:00:00,UDPL,25
1999-01-05 00:00:00,UDPL,25
1999-01-06 00:00:00,UDPL,25
1999-01-07 00:00:00,UDPL,25.25
1999-01-08 00:00:00,UDPL,25
1999-01-11 00:00:00,UDPL,24.5
1999-01-12 00:00:00,UDPL,24.5
SECURITY_DA,COMP,CLOSE_PRICE
-----------,----,-----------
1999-01-13 00:00:00,UDPL,24.5
1999-01-19 00:00:00,UDPL,24.5
1999-01-20 00:00:00,UDPL,24.5
1999-01-21 00:00:00,UDPL,24
1999-01-22 00:00:00,UDPL,23.5
1999-01-25 00:00:00,UDPL,23.25
1999-01-26 00:00:00,UDPL,23
1999-01-27 00:00:00,UDPL,22.5
1999-01-28 00:00:00,UDPL,23
1999-01-29 00:00:00,UDPL,22.5
1999-02-01 00:00:00,UDPL,20.5
1999-02-02 00:00:00,UDPL,20.5
1999-02-03 00:00:00,UDPL,20.5
1999-02-05 00:00:00,UDPL,20
1999-02-08 00:00:00,UDPL,20
1999-02-09 00:00:00,UDPL,18.75
1999-02-10 00:00:00,UDPL,19.25
1999-02-11 00:00:00,UDPL,18.25
1999-02-12 00:00:00,UDPL,18.75
1999-02-15 00:00:00,UDPL,19.5
1999-02-16 00:00:00,UDPL,19
SECURITY_DA,COMP,CLOSE_PRICE
-----------,----,-----------
1999-02-17 00:00:00,UDPL,18.25
1999-02-18 00:00:00,UDPL,18
1999-02-19 00:00:00,UDPL,17.5
1999-02-22 00:00:00,UDPL,17
1999-02-23 00:00:00,UDPL,16
1999-02-24 00:00:00,UDPL,17
1999-02-25 00:00:00,UDPL,16
1999-02-26 00:00:00,UDPL,17
1999-03-02 00:00:00,UDPL,16.5
1999-03-03 00:00:00,UDPL,16
1999-03-04 00:00:00,UDPL,16
1999-03-05 00:00:00,UDPL,15
1999-03-08 00:00:00,UDPL,12.5
1999-03-09 00:00:00,UDPL,12.5
1999-03-10 00:00:00,UDPL,12.25
1999-03-12 00:00:00,UDPL,12.25
1999-03-15 00:00:00,UDPL,12.25
1999-03-16 00:00:00,UDPL,12
1999-03-17 00:00:00,UDPL,12.25
1999-03-18 00:00:00,UDPL,12.25
1999-03-19 00:00:00,UDPL,13
SECURITY_DA,COMP,CLOSE_PRICE
-----------,----,-----------
1999-03-22 00:00:00,UDPL,15
1999-03-23 00:00:00,UDPL,14.5
1999-03-24 00:00:00,UDPL,12.25
1999-03-25 00:00:00,UDPL,12.5
1999-03-26 00:00:00,UDPL,12.5
1999-03-29 00:00:00,UDPL,12.25
1999-04-01 00:00:00,UDPL,12.5
1999-04-05 00:00:00,UDPL,12.5
1999-04-08 00:00:00,UDPL,13
1999-04-09 00:00:00,UDPL,13.5
1999-04-12 00:00:00,UDPL,13
1999-04-16 00:00:00,UDPL,13
1999-04-19 00:00:00,UDPL,12.5
1999-04-20 00:00:00,UDPL,12.5
1999-04-21 00:00:00,UDPL,12.25
1999-04-22 00:00:00,UDPL,12.5
1999-04-23 00:00:00,UDPL,12.5
1999-04-26 00:00:00,UDPL,12.25
1999-04-27 00:00:00,UDPL,12
1999-04-28 00:00:00,UDPL,12.25
1999-05-03 00:00:00,UDPL,12.25
SECURITY_DA,COMP,CLOSE_PRICE
-----------,----,-----------
1999-05-04 00:00:00,UDPL,11.75
1999-05-05 00:00:00,UDPL,12.5
1999-05-06 00:00:00,UDPL,11.75
1999-05-07 00:00:00,UDPL,11.75
1999-05-10 00:00:00,UDPL,11
1999-05-11 00:00:00,UDPL,11
1999-05-12 00:00:00,UDPL,10
1999-05-13 00:00:00,UDPL,10
1999-05-17 00:00:00,UDPL,9
1999-05-18 00:00:00,UDPL,9
1999-05-19 00:00:00,UDPL,9.25
1999-05-20 00:00:00,UDPL,10
1999-05-21 00:00:00,UDPL,10.5
1999-05-24 00:00:00,UDPL,11.25
1999-05-25 00:00:00,UDPL,11
1999-05-26 00:00:00,UDPL,10.5
1999-05-27 00:00:00,UDPL,10
1999-05-28 00:00:00,UDPL,10
1999-06-02 00:00:00,UDPL,10
1999-06-03 00:00:00,UDPL,9.75
1999-06-04 00:00:00,UDPL,10
SECURITY_DA,COMP,CLOSE_PRICE
-----------,----,-----------
1999-06-07 00:00:00,UDPL,9.25
1999-06-08 00:00:00,UDPL,9.25
1999-06-09 00:00:00,UDPL,9.25
1999-06-10 00:00:00,UDPL,9.5
1999-06-14 00:00:00,UDPL,9.75
1999-06-15 00:00:00,UDPL,9.25
1999-06-16 00:00:00,UDPL,9
1999-06-17 00:00:00,UDPL,9
1999-06-18 00:00:00,UDPL,9.25
1999-06-21 00:00:00,UDPL,9
1999-06-22 00:00:00,UDPL,9
1999-06-23 00:00:00,UDPL,9.75
1999-06-24 00:00:00,UDPL,10
1999-06-25 00:00:00,UDPL,10.5
1999-06-30 00:00:00,UDPL,10.5
1999-07-02 00:00:00,UDPL,11.5
1999-07-05 00:00:00,UDPL,11
1999-07-06 00:00:00,UDPL,11
1999-07-07 00:00:00,UDPL,10.25
1999-07-08 00:00:00,UDPL,11
1999-07-12 00:00:00,UDPL,11
SECURITY_DA,COMP,CLOSE_PRICE
-----------,----,-----------
1999-07-15 00:00:00,UDPL,10.5
1999-07-16 00:00:00,UDPL,10.5
1999-07-19 00:00:00,UDPL,10.5
1999-07-20 00:00:00,UDPL,10.5
1999-07-21 00:00:00,UDPL,10.5
1999-07-22 00:00:00,UDPL,10.75
1999-07-23 00:00:00,UDPL,11
1999-07-26 00:00:00,UDPL,11
1999-07-27 00:00:00,UDPL,10.75
1999-07-29 00:00:00,UDPL,10.5
1999-07-30 00:00:00,UDPL,10.75
1999-08-02 00:00:00,UDPL,13
1999-08-03 00:00:00,UDPL,17.25
1999-08-04 00:00:00,UDPL,18
1999-08-05 00:00:00,UDPL,16.5
1999-08-06 00:00:00,UDPL,16
1999-08-09 00:00:00,UDPL,15.75
1999-08-10 00:00:00,UDPL,16.25
1999-08-11 00:00:00,UDPL,16.25
1999-08-12 00:00:00,UDPL,15
1999-08-13 00:00:00,UDPL,16.5
SECURITY_DA,COMP,CLOSE_PRICE
-----------,----,-----------
1999-08-16 00:00:00,UDPL,16
1999-08-17 00:00:00,UDPL,15.5
1999-08-18 00:00:00,UDPL,14.25
1999-08-19 00:00:00,UDPL,15.75
1999-08-20 00:00:00,UDPL,16.25
1999-08-23 00:00:00,UDPL,15.25
1999-08-24 00:00:00,UDPL,15.75
1999-08-25 00:00:00,UDPL,15.75
1999-08-30 00:00:00,UDPL,15.5
1999-08-31 00:00:00,UDPL,15.25
1999-09-01 00:00:00,UDPL,15
1999-09-02 00:00:00,UDPL,15
1999-09-03 00:00:00,UDPL,15
1999-09-06 00:00:00,UDPL,16
1999-09-07 00:00:00,UDPL,16
1999-09-08 00:00:00,UDPL,15.25
1999-09-13 00:00:00,UDPL,15.5
1999-09-14 00:00:00,UDPL,16
1999-09-15 00:00:00,UDPL,16
1999-09-16 00:00:00,UDPL,16.5
1999-09-17 00:00:00,UDPL,16.5
SECURITY_DA,COMP,CLOSE_PRICE
-----------,----,-----------
1999-09-20 00:00:00,UDPL,17
1999-09-21 00:00:00,UDPL,18.25
1999-09-22 00:00:00,UDPL,19.25
1999-09-23 00:00:00,UDPL,21
1999-09-24 00:00:00,UDPL,23
1999-09-27 00:00:00,UDPL,29
1999-09-28 00:00:00,UDPL,30
1999-09-29 00:00:00,UDPL,31
1999-09-30 00:00:00,UDPL,30.25
1999-10-01 00:00:00,UDPL,31.5
1999-10-04 00:00:00,UDPL,32.5
1999-10-05 00:00:00,UDPL,32
1999-10-06 00:00:00,UDPL,29.25
1999-10-07 00:00:00,UDPL,29
1999-10-08 00:00:00,UDPL,30.75
1999-10-11 00:00:00,UDPL,30
1999-10-12 00:00:00,UDPL,27
1999-10-13 00:00:00,UDPL,26
1999-10-14 00:00:00,UDPL,25.5
1999-10-15 00:00:00,UDPL,25.5
1999-10-18 00:00:00,UDPL,27
SECURITY_DA,COMP,CLOSE_PRICE
-----------,----,-----------
1999-10-19 00:00:00,UDPL,26.25
1999-10-20 00:00:00,UDPL,24.75
1999-10-21 00:00:00,UDPL,23.25
1999-10-22 00:00:00,UDPL,23.5
1999-10-25 00:00:00,UDPL,23.25
1999-10-26 00:00:00,UDPL,22.5
1999-10-27 00:00:00,UDPL,21.75
1999-10-28 00:00:00,UDPL,20
1999-10-29 00:00:00,UDPL,22.75
1999-11-01 00:00:00,UDPL,22
1999-11-02 00:00:00,UDPL,21.5
1999-11-03 00:00:00,UDPL,22
1999-11-04 00:00:00,UDPL,22
1999-11-05 00:00:00,UDPL,23
1999-11-08 00:00:00,UDPL,22.5
1999-11-09 00:00:00,UDPL,22.25
1999-11-10 00:00:00,UDPL,22.25
1999-11-11 00:00:00,UDPL,22.5
1999-11-12 00:00:00,UDPL,22
1999-11-15 00:00:00,UDPL,21
1999-11-16 00:00:00,UDPL,20.5
SECURITY_DA,COMP,CLOSE_PRICE
-----------,----,-----------
1999-11-17 00:00:00,UDPL,21
1999-11-18 00:00:00,UDPL,21.5
1999-11-19 00:00:00,UDPL,21.5
1999-11-23 00:00:00,UDPL,23
1999-11-24 00:00:00,UDPL,22.5
1999-11-25 00:00:00,UDPL,22.25
1999-11-26 00:00:00,UDPL,22.25
1999-11-30 00:00:00,UDPL,22.5
1999-12-01 00:00:00,UDPL,22
1999-12-02 00:00:00,UDPL,22.5
1999-12-03 00:00:00,UDPL,23.25
1999-12-06 00:00:00,UDPL,24.75
1999-12-07 00:00:00,UDPL,26
1999-12-08 00:00:00,UDPL,24.25
1999-12-09 00:00:00,UDPL,24.25
1999-12-10 00:00:00,UDPL,24.5
1999-12-13 00:00:00,UDPL,25.75
1999-12-14 00:00:00,UDPL,25
1999-12-15 00:00:00,UDPL,23.5
1999-12-16 00:00:00,UDPL,23.75
1999-12-17 00:00:00,UDPL,23.5
1999-12-20 00:00:00,UDPL,23.5
1999-12-21 00:00:00,UDPL,24.75
1999-12-23 00:00:00,UDPL,23.25
1999-12-27 00:00:00,UDPL,22.25
1999-12-28 00:00:00,UDPL,22
1999-12-29 00:00:00,UDPL,23
1999-12-30 00:00:00,UDPL,23.5
1999-01-04 00:00:00,UML,32.5
1999-01-05 00:00:00,UML,32.5
1999-01-06 00:00:00,UML,32.5
1999-01-07 00:00:00,UML,32.5
1999-01-08 00:00:00,UML,32.5
1999-01-11 00:00:00,UML,32
1999-01-12 00:00:00,UML,32
1999-01-13 00:00:00,UML,32
1999-01-19 00:00:00,UML,32.5
1999-01-20 00:00:00,UML,32
1999-01-21 00:00:00,UML,32
1999-01-22 00:00:00,UML,32.25
1999-01-25 00:00:00,UML,33
1999-01-26 00:00:00,UML,32
1999-01-28 00:00:00,UML,32
1999-01-29 00:00:00,UML,32
1999-02-01 00:00:00,UML,32
1999-02-02 00:00:00,UML,32
1999-02-03 00:00:00,UML,32
1999-02-05 00:00:00,UML,31
1999-02-08 00:00:00,UML,31
1999-02-09 00:00:00,UML,31.5
1999-02-10 00:00:00,UML,31.25
1999-02-11 00:00:00,UML,31.25
1999-02-12 00:00:00,UML,31.25
1999-02-15 00:00:00,UML,32.5
1999-02-16 00:00:00,UML,33
1999-02-17 00:00:00,UML,32.25
1999-02-18 00:00:00,UML,32.5
1999-02-23 00:00:00,UML,32.5
1999-02-24 00:00:00,UML,32
1999-03-04 00:00:00,UML,31
1999-03-05 00:00:00,UML,31.25
1999-03-08 00:00:00,UML,30
1999-03-11 00:00:00,UML,30
1999-03-12 00:00:00,UML,30
1999-03-16 00:00:00,UML,30
1999-03-17 00:00:00,UML,30
1999-03-22 00:00:00,UML,32
1999-03-25 00:00:00,UML,32.75
1999-03-26 00:00:00,UML,32
1999-03-30 00:00:00,UML,32.5
1999-04-08 00:00:00,UML,31.5
1999-04-09 00:00:00,UML,32
1999-04-15 00:00:00,UML,32.75
1999-04-16 00:00:00,UML,32.25
1999-04-19 00:00:00,UML,32.75
1999-04-20 00:00:00,UML,33
1999-04-21 00:00:00,UML,32.5
1999-04-22 00:00:00,UML,32.5
1999-04-23 00:00:00,UML,32.75
1999-04-26 00:00:00,UML,32.75
1999-04-28 00:00:00,UML,32
1999-05-04 00:00:00,UML,33
1999-05-05 00:00:00,UML,32.5
1999-05-07 00:00:00,UML,32.5
1999-05-10 00:00:00,UML,32.75
1999-05-11 00:00:00,UML,33
1999-05-12 00:00:00,UML,32.75
1999-05-13 00:00:00,UML,32.75
1999-05-14 00:00:00,UML,34
1999-05-17 00:00:00,UML,34
1999-05-19 00:00:00,UML,35
1999-05-20 00:00:00,UML,34.25
1999-05-24 00:00:00,UML,34.75
1999-05-26 00:00:00,UML,34.25
1999-05-27 00:00:00,UML,34
1999-05-28 00:00:00,UML,33.75
1999-06-02 00:00:00,UML,32
1999-06-07 00:00:00,UML,30
1999-06-08 00:00:00,UML,30
1999-06-09 00:00:00,UML,30
1999-06-10 00:00:00,UML,30
1999-06-11 00:00:00,UML,30
1999-06-14 00:00:00,UML,30
1999-06-15 00:00:00,UML,30.25
1999-06-16 00:00:00,UML,30.25
1999-06-17 00:00:00,UML,30.5
1999-06-18 00:00:00,UML,30.5
1999-06-21 00:00:00,UML,30.25
1999-06-22 00:00:00,UML,30.5
1999-07-02 00:00:00,UML,31
1999-07-05 00:00:00,UML,32
1999-07-06 00:00:00,UML,32
1999-07-09 00:00:00,UML,31.5
1999-07-14 00:00:00,UML,31.5
1999-07-15 00:00:00,UML,31.25
1999-07-16 00:00:00,UML,31.75
1999-07-19 00:00:00,UML,31.75
1999-07-21 00:00:00,UML,31.75
1999-07-22 00:00:00,UML,31.75
1999-07-23 00:00:00,UML,31.75
1999-07-26 00:00:00,UML,32
1999-07-27 00:00:00,UML,31.75
1999-07-29 00:00:00,UML,31.5
1999-07-30 00:00:00,UML,32
1999-08-02 00:00:00,UML,32
1999-08-03 00:00:00,UML,34
1999-08-09 00:00:00,UML,33
1999-08-11 00:00:00,UML,32
1999-08-12 00:00:00,UML,32
1999-08-18 00:00:00,UML,32.25
1999-08-19 00:00:00,UML,32.25
1999-08-24 00:00:00,UML,32.25
1999-08-25 00:00:00,UML,33.5
1999-08-31 00:00:00,UML,32.5
1999-09-01 00:00:00,UML,33.25
1999-09-02 00:00:00,UML,33
1999-09-03 00:00:00,UML,32.5
1999-09-06 00:00:00,UML,32.5
1999-09-07 00:00:00,UML,32.5
1999-09-10 00:00:00,UML,32.25
1999-09-13 00:00:00,UML,32.25
1999-09-14 00:00:00,UML,32.25
1999-09-15 00:00:00,UML,33
1999-09-16 00:00:00,UML,33.5
1999-09-20 00:00:00,UML,33
1999-09-21 00:00:00,UML,33
1999-09-22 00:00:00,UML,33
1999-09-23 00:00:00,UML,33
1999-09-24 00:00:00,UML,33
1999-09-27 00:00:00,UML,32.25
1999-10-01 00:00:00,UML,33.5
1999-10-05 00:00:00,UML,33.25
1999-10-06 00:00:00,UML,31
1999-10-11 00:00:00,UML,31.25
1999-10-14 00:00:00,UML,31.5
1999-10-15 00:00:00,UML,31
1999-10-18 00:00:00,UML,30.25
1999-10-19 00:00:00,UML,31.5
1999-10-27 00:00:00,UML,38.75
1999-10-28 00:00:00,UML,38.75
1999-10-29 00:00:00,UML,38
1999-11-01 00:00:00,UML,35.75
1999-11-04 00:00:00,UML,36
1999-11-05 00:00:00,UML,40
1999-11-08 00:00:00,UML,45
1999-11-09 00:00:00,UML,45
1999-11-10 00:00:00,UML,45
1999-11-12 00:00:00,UML,42.5
1999-11-18 00:00:00,UML,45
1999-11-19 00:00:00,UML,45
1999-11-25 00:00:00,UML,42.75
1999-12-06 00:00:00,UML,43
1999-12-07 00:00:00,UML,43
1999-12-10 00:00:00,UML,43
1999-12-13 00:00:00,UML,43
1999-12-16 00:00:00,UML,43
1999-12-17 00:00:00,UML,43
1999-12-21 00:00:00,UML,43
1999-01-20 00:00:00,UPEN,75
1999-08-24 00:00:00,UPEN,70
1999-01-04 00:00:00,VANI,7.75
1999-01-05 00:00:00,VANI,7.75
1999-01-06 00:00:00,VANI,8
1999-01-07 00:00:00,VANI,7.75
1999-01-08 00:00:00,VANI,7.75
1999-01-11 00:00:00,VANI,7.75
1999-01-12 00:00:00,VANI,8
1999-01-13 00:00:00,VANI,8
1999-01-14 00:00:00,VANI,8
1999-01-18 00:00:00,VANI,7.75
1999-01-19 00:00:00,VANI,7.75
1999-01-20 00:00:00,VANI,8
1999-01-21 00:00:00,VANI,8
1999-01-22 00:00:00,VANI,7.75
1999-01-25 00:00:00,VANI,8
1999-01-26 00:00:00,VANI,7.75
1999-01-27 00:00:00,VANI,7.75
1999-01-28 00:00:00,VANI,7.75
1999-01-29 00:00:00,VANI,7.75
1999-02-01 00:00:00,VANI,7.75
1999-02-02 00:00:00,VANI,7.75
1999-02-03 00:00:00,VANI,7.75
1999-02-05 00:00:00,VANI,7.75
1999-02-08 00:00:00,VANI,7.75
1999-02-09 00:00:00,VANI,7.75
1999-02-10 00:00:00,VANI,7.75
1999-02-11 00:00:00,VANI,7.75
1999-02-12 00:00:00,VANI,7.5
1999-02-15 00:00:00,VANI,7.5
1999-02-16 00:00:00,VANI,7.5
1999-02-17 00:00:00,VANI,7.5
1999-02-18 00:00:00,VANI,7
1999-02-19 00:00:00,VANI,7.25
1999-02-22 00:00:00,VANI,7.25
1999-02-23 00:00:00,VANI,7
1999-02-24 00:00:00,VANI,6.75
1999-02-25 00:00:00,VANI,6.5
1999-02-26 00:00:00,VANI,6.75
1999-03-02 00:00:00,VANI,6.75
1999-03-03 00:00:00,VANI,6.5
1999-03-04 00:00:00,VANI,6.25
1999-03-05 00:00:00,VANI,5.75
1999-03-08 00:00:00,VANI,5.5
1999-03-09 00:00:00,VANI,5.5
1999-03-10 00:00:00,VANI,5.5
1999-03-11 00:00:00,VANI,5.5
1999-03-12 00:00:00,VANI,5.5
1999-03-15 00:00:00,VANI,5.5
1999-03-16 00:00:00,VANI,5.5
1999-03-17 00:00:00,VANI,5.75
1999-03-18 00:00:00,VANI,5.5
1999-03-19 00:00:00,VANI,5.25
1999-03-22 00:00:00,VANI,5.5
1999-03-23 00:00:00,VANI,5.5
1999-03-24 00:00:00,VANI,5.5
1999-03-26 00:00:00,VANI,5.25
1999-03-29 00:00:00,VANI,5.25
1999-03-30 00:00:00,VANI,5.25
1999-04-01 00:00:00,VANI,5.25
1999-04-05 00:00:00,VANI,5.5
1999-04-06 00:00:00,VANI,5.5
1999-04-07 00:00:00,VANI,5.75
1999-04-08 00:00:00,VANI,5.75
1999-04-09 00:00:00,VANI,5.5
1999-04-12 00:00:00,VANI,5.5
1999-04-15 00:00:00,VANI,5.5
1999-04-16 00:00:00,VANI,5.5
1999-04-19 00:00:00,VANI,5.5
1999-04-20 00:00:00,VANI,5.5
1999-04-21 00:00:00,VANI,5.5
1999-04-22 00:00:00,VANI,5.5
1999-04-23 00:00:00,VANI,5.5
1999-04-26 00:00:00,VANI,5.75
1999-04-27 00:00:00,VANI,5.5
1999-04-28 00:00:00,VANI,5.5
1999-05-03 00:00:00,VANI,5.5
1999-05-04 00:00:00,VANI,5.25
1999-05-05 00:00:00,VANI,5
1999-05-06 00:00:00,VANI,4.75
1999-05-07 00:00:00,VANI,4.75
1999-05-10 00:00:00,VANI,4.5
1999-05-11 00:00:00,VANI,4.25
1999-05-12 00:00:00,VANI,4
1999-05-13 00:00:00,VANI,4.25
1999-05-14 00:00:00,VANI,4.5
1999-05-17 00:00:00,VANI,4.5
1999-05-18 00:00:00,VANI,4.25
1999-05-19 00:00:00,VANI,3.5
1999-05-20 00:00:00,VANI,3.75
1999-05-21 00:00:00,VANI,4
1999-05-24 00:00:00,VANI,4
1999-05-25 00:00:00,VANI,4.25
1999-05-26 00:00:00,VANI,5
1999-05-27 00:00:00,VANI,5
1999-05-28 00:00:00,VANI,5
1999-06-01 00:00:00,VANI,4.5
1999-06-02 00:00:00,VANI,4.5
1999-06-03 00:00:00,VANI,4.5
1999-06-04 00:00:00,VANI,4.5
1999-06-07 00:00:00,VANI,4.5
1999-06-08 00:00:00,VANI,4.5
1999-06-09 00:00:00,VANI,4.25
1999-06-10 00:00:00,VANI,4.25
1999-06-14 00:00:00,VANI,4.5
1999-06-15 00:00:00,VANI,4
1999-06-16 00:00:00,VANI,4.25
1999-06-17 00:00:00,VANI,4
1999-06-18 00:00:00,VANI,4
1999-06-21 00:00:00,VANI,4
1999-06-22 00:00:00,VANI,3.75
1999-06-23 00:00:00,VANI,3.75
1999-06-24 00:00:00,VANI,4
1999-06-25 00:00:00,VANI,3.75
1999-06-30 00:00:00,VANI,4
1999-07-01 00:00:00,VANI,4
1999-07-02 00:00:00,VANI,4
1999-07-05 00:00:00,VANI,3.75
1999-07-06 00:00:00,VANI,3.75
1999-07-07 00:00:00,VANI,3.5
1999-07-08 00:00:00,VANI,3.5
1999-07-09 00:00:00,VANI,3.75
1999-07-12 00:00:00,VANI,3.75
1999-07-13 00:00:00,VANI,3.75
1999-07-14 00:00:00,VANI,3.5
1999-07-15 00:00:00,VANI,3.5
1999-07-16 00:00:00,VANI,3.5
1999-07-19 00:00:00,VANI,3.5
1999-07-20 00:00:00,VANI,3.75
1999-07-21 00:00:00,VANI,3.75
1999-07-22 00:00:00,VANI,3.75
1999-07-23 00:00:00,VANI,3.75
1999-07-26 00:00:00,VANI,4
1999-07-27 00:00:00,VANI,3.75
1999-07-29 00:00:00,VANI,3.75
1999-07-30 00:00:00,VANI,3.5
1999-08-02 00:00:00,VANI,3.75
1999-08-03 00:00:00,VANI,3.75
1999-08-04 00:00:00,VANI,3.75
1999-08-05 00:00:00,VANI,3.75
1999-08-06 00:00:00,VANI,3.75
1999-08-09 00:00:00,VANI,3.75
1999-08-10 00:00:00,VANI,3.75
1999-08-11 00:00:00,VANI,3.5
1999-08-12 00:00:00,VANI,3.5
1999-08-13 00:00:00,VANI,4
1999-08-16 00:00:00,VANI,4.25
1999-08-17 00:00:00,VANI,4.25
1999-08-18 00:00:00,VANI,3.75
1999-08-19 00:00:00,VANI,4
1999-08-20 00:00:00,VANI,4.5
1999-08-23 00:00:00,VANI,4.25
1999-08-24 00:00:00,VANI,4
1999-08-25 00:00:00,VANI,4
1999-08-30 00:00:00,VANI,4
1999-08-31 00:00:00,VANI,3.75
1999-09-01 00:00:00,VANI,3.75
1999-09-02 00:00:00,VANI,4
1999-09-03 00:00:00,VANI,4
1999-09-06 00:00:00,VANI,4
1999-09-07 00:00:00,VANI,3.75
1999-09-08 00:00:00,VANI,4
1999-09-09 00:00:00,VANI,3.75
1999-09-10 00:00:00,VANI,4
1999-09-13 00:00:00,VANI,4
1999-09-14 00:00:00,VANI,3.75
1999-09-15 00:00:00,VANI,4
1999-09-16 00:00:00,VANI,3.75
1999-09-17 00:00:00,VANI,4
1999-09-21 00:00:00,VANI,4
1999-09-22 00:00:00,VANI,4
1999-09-23 00:00:00,VANI,3.75
1999-09-24 00:00:00,VANI,3.75
1999-09-27 00:00:00,VANI,3.75
1999-09-28 00:00:00,VANI,4
1999-09-29 00:00:00,VANI,3.75
1999-09-30 00:00:00,VANI,3.75
1999-10-01 00:00:00,VANI,3.75
1999-10-04 00:00:00,VANI,3.75
1999-10-05 00:00:00,VANI,3.75
1999-10-06 00:00:00,VANI,3.75
1999-10-07 00:00:00,VANI,3.75
1999-10-08 00:00:00,VANI,3.75
1999-10-11 00:00:00,VANI,3.75
1999-10-12 00:00:00,VANI,3.75
1999-10-13 00:00:00,VANI,3.75
1999-10-14 00:00:00,VANI,3.5
1999-10-15 00:00:00,VANI,3.5
1999-10-18 00:00:00,VANI,3.5
1999-10-19 00:00:00,VANI,3.5
1999-10-20 00:00:00,VANI,3.5
1999-10-21 00:00:00,VANI,3.5
1999-10-22 00:00:00,VANI,3.5
1999-10-26 00:00:00,VANI,3
1999-10-27 00:00:00,VANI,3
1999-10-28 00:00:00,VANI,3
1999-10-29 00:00:00,VANI,3
1999-11-01 00:00:00,VANI,3.25
1999-11-02 00:00:00,VANI,3.5
SECURITY_DA,COMP,CLOSE_PRICE
-----------,----,-----------
1999-11-03 00:00:00,VANI,3.75
1999-11-04 00:00:00,VANI,3.75
1999-11-05 00:00:00,VANI,3.75
1999-11-08 00:00:00,VANI,3.5
1999-11-09 00:00:00,VANI,3
1999-11-10 00:00:00,VANI,3.25
1999-11-11 00:00:00,VANI,3.5
1999-11-12 00:00:00,VANI,3.5
1999-11-15 00:00:00,VANI,3.75
1999-11-16 00:00:00,VANI,3.5
1999-11-17 00:00:00,VANI,3.75
1999-11-19 00:00:00,VANI,3.75
1999-11-23 00:00:00,VANI,3.5
1999-11-24 00:00:00,VANI,3.5
1999-11-26 00:00:00,VANI,3.5
1999-11-29 00:00:00,VANI,3.5
1999-11-30 00:00:00,VANI,3.75
1999-12-01 00:00:00,VANI,3.5
1999-12-02 00:00:00,VANI,3.75
1999-12-03 00:00:00,VANI,3.75
1999-12-06 00:00:00,VANI,3.75
SECURITY_DA,COMP,CLOSE_PRICE
-----------,----,-----------
1999-12-07 00:00:00,VANI,3.75
1999-12-08 00:00:00,VANI,3.75
1999-12-09 00:00:00,VANI,3.75
1999-12-10 00:00:00,VANI,3.75
1999-12-13 00:00:00,VANI,4
1999-12-14 00:00:00,VANI,4
1999-12-15 00:00:00,VANI,4
1999-12-16 00:00:00,VANI,4
1999-12-17 00:00:00,VANI,4
1999-12-20 00:00:00,VANI,4
1999-12-21 00:00:00,VANI,4
1999-12-23 00:00:00,VANI,3.75
1999-12-27 00:00:00,VANI,3.75
1999-12-29 00:00:00,VANI,3.75
1999-12-30 00:00:00,VANI,3.75
1999-01-05 00:00:00,VTEX,1
1999-01-06 00:00:00,VTEX,1
1999-01-07 00:00:00,VTEX,1
1999-01-08 00:00:00,VTEX,1
1999-01-11 00:00:00,VTEX,1
1999-01-12 00:00:00,VTEX,1
SECURITY_DA,COMP,CLOSE_PRICE
-----------,----,-----------
1999-01-13 00:00:00,VTEX,1
1999-01-14 00:00:00,VTEX,1
1999-01-18 00:00:00,VTEX,1
1999-01-20 00:00:00,VTEX,1
1999-01-21 00:00:00,VTEX,1
1999-01-22 00:00:00,VTEX,1
1999-01-25 00:00:00,VTEX,1
1999-01-04 00:00:00,WALK,63
1999-01-05 00:00:00,WALK,61.75
1999-01-07 00:00:00,WALK,60
1999-01-08 00:00:00,WALK,60
1999-01-11 00:00:00,WALK,60
1999-01-12 00:00:00,WALK,60
1999-01-14 00:00:00,WALK,58
1999-01-18 00:00:00,WALK,58.25
1999-01-19 00:00:00,WALK,62
1999-01-22 00:00:00,WALK,61
1999-01-27 00:00:00,WALK,61
1999-01-29 00:00:00,WALK,60
1999-02-01 00:00:00,WALK,60
1999-02-03 00:00:00,WALK,60.5
SECURITY_DA,COMP,CLOSE_PRICE
-----------,----,-----------
1999-02-05 00:00:00,WALK,60.5
1999-02-09 00:00:00,WALK,56
1999-02-10 00:00:00,WALK,60
1999-02-11 00:00:00,WALK,60
1999-02-19 00:00:00,WALK,61.75
1999-02-22 00:00:00,WALK,62
1999-02-23 00:00:00,WALK,60
1999-03-03 00:00:00,WALK,61
1999-03-04 00:00:00,WALK,60
1999-03-15 00:00:00,WALK,57.25
1999-03-18 00:00:00,WALK,57.5
1999-03-25 00:00:00,WALK,57
1999-04-01 00:00:00,WALK,57
1999-04-22 00:00:00,WALK,62
1999-04-23 00:00:00,WALK,62
1999-04-26 00:00:00,WALK,64.5
1999-04-28 00:00:00,WALK,65
1999-05-05 00:00:00,WALK,65
1999-05-10 00:00:00,WALK,65
1999-05-12 00:00:00,WALK,65
1999-05-14 00:00:00,WALK,65
SECURITY_DA,COMP,CLOSE_PRICE
-----------,----,-----------
1999-05-17 00:00:00,WALK,63
1999-05-18 00:00:00,WALK,63
1999-06-02 00:00:00,WALK,60.5
1999-06-03 00:00:00,WALK,60.25
1999-06-11 00:00:00,WALK,61
1999-06-14 00:00:00,WALK,60.25
1999-06-15 00:00:00,WALK,60
1999-06-16 00:00:00,WALK,60
1999-06-17 00:00:00,WALK,60
1999-06-18 00:00:00,WALK,59.5
1999-06-30 00:00:00,WALK,49
1999-07-01 00:00:00,WALK,49
1999-07-02 00:00:00,WALK,49.5
1999-07-05 00:00:00,WALK,50
1999-07-06 00:00:00,WALK,50
1999-07-07 00:00:00,WALK,50
1999-07-16 00:00:00,WALK,50
1999-08-04 00:00:00,WALK,55
1999-08-05 00:00:00,WALK,55
1999-08-06 00:00:00,WALK,55
1999-08-09 00:00:00,WALK,56
SECURITY_DA,COMP,CLOSE_PRICE
-----------,----,-----------
1999-08-10 00:00:00,WALK,54.25
1999-08-12 00:00:00,WALK,55
1999-08-13 00:00:00,WALK,56
1999-08-16 00:00:00,WALK,56
1999-08-17 00:00:00,WALK,55
1999-08-18 00:00:00,WALK,55
1999-08-23 00:00:00,WALK,59.75
1999-09-02 00:00:00,WALK,58.75
1999-09-06 00:00:00,WALK,59.5
1999-09-16 00:00:00,WALK,58.5
1999-10-08 00:00:00,WALK,56
1999-10-12 00:00:00,WALK,56
1999-10-21 00:00:00,WALK,54.25
1999-10-25 00:00:00,WALK,52
1999-10-26 00:00:00,WALK,52
1999-10-27 00:00:00,WALK,52
1999-10-28 00:00:00,WALK,53
1999-10-29 00:00:00,WALK,53
1999-11-04 00:00:00,WALK,53.5
1999-11-11 00:00:00,WALK,57
1999-11-16 00:00:00,WALK,57
1999-11-24 00:00:00,WALK,56.25
1999-11-29 00:00:00,WALK,57
1999-12-01 00:00:00,WALK,58
1999-12-03 00:00:00,WALK,61
1999-12-14 00:00:00,WALK,61
1999-01-04 00:00:00,WATA,17
1999-01-05 00:00:00,WATA,17
1999-01-06 00:00:00,WATA,17.25
1999-01-07 00:00:00,WATA,17.25
1999-01-08 00:00:00,WATA,17.25
1999-01-11 00:00:00,WATA,17
1999-01-12 00:00:00,WATA,17
1999-01-13 00:00:00,WATA,17.25
1999-01-14 00:00:00,WATA,17
1999-01-18 00:00:00,WATA,17
1999-01-19 00:00:00,WATA,16.5
1999-01-20 00:00:00,WATA,16.75
1999-01-21 00:00:00,WATA,16.5
1999-01-22 00:00:00,WATA,16.25
1999-01-25 00:00:00,WATA,16.5
1999-01-26 00:00:00,WATA,16.25
1999-01-27 00:00:00,WATA,16.5
1999-01-28 00:00:00,WATA,16.25
1999-01-29 00:00:00,WATA,16.5
1999-02-01 00:00:00,WATA,16
1999-02-02 00:00:00,WATA,16
1999-02-03 00:00:00,WATA,15.5
1999-02-05 00:00:00,WATA,15
1999-02-08 00:00:00,WATA,15
1999-02-09 00:00:00,WATA,15
1999-02-10 00:00:00,WATA,15
1999-02-11 00:00:00,WATA,15.25
1999-02-12 00:00:00,WATA,15.25
1999-02-15 00:00:00,WATA,15
1999-02-16 00:00:00,WATA,15
1999-02-17 00:00:00,WATA,15
1999-02-18 00:00:00,WATA,15
1999-02-19 00:00:00,WATA,15
1999-02-22 00:00:00,WATA,15
1999-02-23 00:00:00,WATA,13.5
1999-02-24 00:00:00,WATA,13.75
1999-02-25 00:00:00,WATA,13.75
1999-02-26 00:00:00,WATA,15
1999-03-02 00:00:00,WATA,14.25
1999-03-03 00:00:00,WATA,14
1999-03-04 00:00:00,WATA,13.75
1999-03-05 00:00:00,WATA,13.5
1999-03-08 00:00:00,WATA,13
1999-03-09 00:00:00,WATA,12.5
1999-03-10 00:00:00,WATA,12
1999-03-11 00:00:00,WATA,11.5
1999-03-12 00:00:00,WATA,11
1999-03-15 00:00:00,WATA,10.5
1999-03-16 00:00:00,WATA,11.5
1999-03-17 00:00:00,WATA,12
1999-03-18 00:00:00,WATA,12.5
1999-03-19 00:00:00,WATA,12
1999-03-22 00:00:00,WATA,13
1999-03-23 00:00:00,WATA,14
1999-03-24 00:00:00,WATA,13.5
1999-03-26 00:00:00,WATA,13
1999-03-29 00:00:00,WATA,13
1999-03-30 00:00:00,WATA,13
1999-04-01 00:00:00,WATA,13
1999-04-05 00:00:00,WATA,12.75
1999-04-06 00:00:00,WATA,13
1999-04-07 00:00:00,WATA,12
1999-04-08 00:00:00,WATA,13.5
1999-04-09 00:00:00,WATA,13.25
1999-04-16 00:00:00,WATA,13.5
1999-04-19 00:00:00,WATA,13
1999-04-20 00:00:00,WATA,12.5
1999-04-22 00:00:00,WATA,12.25
1999-04-23 00:00:00,WATA,12.5
1999-04-26 00:00:00,WATA,12
1999-04-27 00:00:00,WATA,12
1999-04-28 00:00:00,WATA,12
1999-05-03 00:00:00,WATA,12
1999-05-04 00:00:00,WATA,12
1999-05-05 00:00:00,WATA,12
1999-05-06 00:00:00,WATA,12
1999-05-07 00:00:00,WATA,11
1999-05-10 00:00:00,WATA,11
1999-05-11 00:00:00,WATA,10.25
1999-05-12 00:00:00,WATA,10.25
1999-05-13 00:00:00,WATA,10.25
1999-05-14 00:00:00,WATA,10
1999-05-18 00:00:00,WATA,10
1999-05-19 00:00:00,WATA,10
1999-05-20 00:00:00,WATA,10
1999-05-21 00:00:00,WATA,11
1999-05-24 00:00:00,WATA,11.5
1999-05-25 00:00:00,WATA,10.75
1999-05-26 00:00:00,WATA,10.5
1999-05-27 00:00:00,WATA,10.5
1999-05-28 00:00:00,WATA,10.75
1999-06-01 00:00:00,WATA,10.5
1999-06-02 00:00:00,WATA,10.25
1999-06-03 00:00:00,WATA,10
1999-06-04 00:00:00,WATA,10.5
1999-06-07 00:00:00,WATA,10
1999-06-08 00:00:00,WATA,10.5
1999-06-09 00:00:00,WATA,10.25
1999-06-10 00:00:00,WATA,10
1999-06-11 00:00:00,WATA,10.5
1999-06-14 00:00:00,WATA,10.5
1999-06-15 00:00:00,WATA,10
1999-06-16 00:00:00,WATA,10
1999-06-17 00:00:00,WATA,10
1999-06-18 00:00:00,WATA,10
1999-06-21 00:00:00,WATA,10
1999-06-22 00:00:00,WATA,10
1999-06-23 00:00:00,WATA,10
1999-06-24 00:00:00,WATA,10
1999-06-25 00:00:00,WATA,10.25
1999-07-01 00:00:00,WATA,10.75
1999-07-02 00:00:00,WATA,11.5
1999-07-05 00:00:00,WATA,11.5
1999-07-06 00:00:00,WATA,11.25
1999-07-07 00:00:00,WATA,10.75
1999-07-08 00:00:00,WATA,10.75
1999-07-09 00:00:00,WATA,10.75
1999-07-13 00:00:00,WATA,10.5
1999-07-15 00:00:00,WATA,10.5
1999-07-16 00:00:00,WATA,11
1999-07-20 00:00:00,WATA,11
1999-07-21 00:00:00,WATA,11
1999-07-22 00:00:00,WATA,11
1999-07-23 00:00:00,WATA,11
1999-07-26 00:00:00,WATA,10.75
1999-07-27 00:00:00,WATA,10.5
1999-07-29 00:00:00,WATA,10.5
1999-07-30 00:00:00,WATA,11
1999-08-02 00:00:00,WATA,13.5
1999-08-03 00:00:00,WATA,18
1999-08-04 00:00:00,WATA,18.5
1999-08-05 00:00:00,WATA,17
1999-08-06 00:00:00,WATA,15.75
1999-08-09 00:00:00,WATA,15.75
1999-08-10 00:00:00,WATA,17
1999-08-11 00:00:00,WATA,15.75
1999-08-12 00:00:00,WATA,15.5
1999-08-13 00:00:00,WATA,15.5
1999-08-16 00:00:00,WATA,15
1999-08-17 00:00:00,WATA,14.25
1999-08-18 00:00:00,WATA,13
1999-08-19 00:00:00,WATA,15
1999-08-20 00:00:00,WATA,14.5
1999-08-23 00:00:00,WATA,15
1999-08-24 00:00:00,WATA,14.75
1999-08-25 00:00:00,WATA,14.75
1999-08-31 00:00:00,WATA,14.25
1999-09-01 00:00:00,WATA,13.75
1999-09-02 00:00:00,WATA,13.75
1999-09-03 00:00:00,WATA,14
1999-09-06 00:00:00,WATA,14.75
1999-09-07 00:00:00,WATA,15
1999-09-08 00:00:00,WATA,14.75
1999-09-09 00:00:00,WATA,14.75
1999-09-10 00:00:00,WATA,15
1999-09-13 00:00:00,WATA,15
1999-09-14 00:00:00,WATA,15
1999-09-15 00:00:00,WATA,15.5
1999-09-16 00:00:00,WATA,15.75
1999-09-17 00:00:00,WATA,15.75
1999-09-20 00:00:00,WATA,16.5
1999-09-21 00:00:00,WATA,17.75
1999-09-22 00:00:00,WATA,19
1999-09-23 00:00:00,WATA,19.25
1999-09-24 00:00:00,WATA,19.75
1999-09-27 00:00:00,WATA,24
1999-09-28 00:00:00,WATA,25.25
1999-09-29 00:00:00,WATA,23.75
1999-09-30 00:00:00,WATA,24.25
1999-10-01 00:00:00,WATA,24.5
1999-10-04 00:00:00,WATA,25.5
1999-10-05 00:00:00,WATA,24
1999-10-06 00:00:00,WATA,22.25
1999-10-07 00:00:00,WATA,21.25
1999-10-08 00:00:00,WATA,23
1999-10-11 00:00:00,WATA,21.5
1999-10-12 00:00:00,WATA,19.25
1999-10-13 00:00:00,WATA,18.25
1999-10-14 00:00:00,WATA,17.5
1999-10-15 00:00:00,WATA,18
1999-10-18 00:00:00,WATA,19
1999-10-19 00:00:00,WATA,18.5
1999-10-20 00:00:00,WATA,17.5
1999-10-21 00:00:00,WATA,16.75
1999-10-22 00:00:00,WATA,17.5
1999-10-25 00:00:00,WATA,17
1999-10-26 00:00:00,WATA,16
1999-10-27 00:00:00,WATA,16
1999-10-28 00:00:00,WATA,15
1999-10-29 00:00:00,WATA,16.5
1999-11-01 00:00:00,WATA,16.25
1999-11-02 00:00:00,WATA,15.5
1999-11-03 00:00:00,WATA,16
1999-11-04 00:00:00,WATA,16.75
1999-11-05 00:00:00,WATA,16.75
1999-11-08 00:00:00,WATA,16.75
1999-11-09 00:00:00,WATA,16.75
1999-11-10 00:00:00,WATA,16.25
1999-11-11 00:00:00,WATA,16.5
1999-11-12 00:00:00,WATA,16.5
1999-11-15 00:00:00,WATA,16
1999-11-16 00:00:00,WATA,15.75
1999-11-17 00:00:00,WATA,16.25
1999-11-18 00:00:00,WATA,16.25
1999-11-23 00:00:00,WATA,18
1999-11-24 00:00:00,WATA,18
1999-11-25 00:00:00,WATA,17.5
1999-11-29 00:00:00,WATA,17.5
1999-11-30 00:00:00,WATA,18
1999-12-01 00:00:00,WATA,18
1999-12-02 00:00:00,WATA,18.25
1999-12-03 00:00:00,WATA,19
1999-12-06 00:00:00,WATA,19.5
1999-12-07 00:00:00,WATA,20.25
1999-12-08 00:00:00,WATA,19.25
1999-12-09 00:00:00,WATA,19.25
1999-12-10 00:00:00,WATA,19.5
1999-12-13 00:00:00,WATA,20
1999-12-14 00:00:00,WATA,19
1999-12-15 00:00:00,WATA,18.75
1999-12-16 00:00:00,WATA,18.75
1999-12-17 00:00:00,WATA,19
1999-12-20 00:00:00,WATA,18.5
1999-12-21 00:00:00,WATA,18.75
1999-12-23 00:00:00,WATA,18.5
1999-12-27 00:00:00,WATA,18
1999-12-28 00:00:00,WATA,17.75
1999-12-29 00:00:00,WATA,18
1999-12-30 00:00:00,WATA,18
1999-01-05 00:00:00,WMM,8.25
1999-01-07 00:00:00,WMM,8.5
1999-01-12 00:00:00,WMM,12
1999-01-22 00:00:00,WMM,9
1999-02-02 00:00:00,WMM,9
1999-02-10 00:00:00,WMM,7
1999-02-11 00:00:00,WMM,7.25
1999-02-12 00:00:00,WMM,7.25
1999-02-16 00:00:00,WMM,8
1999-02-18 00:00:00,WMM,8
1999-02-19 00:00:00,WMM,8
1999-02-23 00:00:00,WMM,12
1999-02-24 00:00:00,WMM,12
1999-02-25 00:00:00,WMM,12
1999-03-03 00:00:00,WMM,12
1999-03-04 00:00:00,WMM,12
1999-03-08 00:00:00,WMM,12
1999-03-09 00:00:00,WMM,11.5
SECURITY_DA,COMP,CLOSE_PRICE
-----------,----,-----------
1999-03-10 00:00:00,WMM,12
1999-03-11 00:00:00,WMM,12
1999-03-12 00:00:00,WMM,12
1999-03-15 00:00:00,WMM,12
1999-03-16 00:00:00,WMM,12
1999-03-22 00:00:00,WMM,12
1999-03-30 00:00:00,WMM,12
1999-04-05 00:00:00,WMM,12
1999-04-07 00:00:00,WMM,12
1999-04-19 00:00:00,WMM,12
1999-04-20 00:00:00,WMM,12
1999-04-21 00:00:00,WMM,12
1999-04-26 00:00:00,WMM,12
1999-04-27 00:00:00,WMM,12
1999-05-04 00:00:00,WMM,12
1999-05-05 00:00:00,WMM,12
1999-05-06 00:00:00,WMM,12
1999-05-07 00:00:00,WMM,12
1999-05-12 00:00:00,WMM,12
1999-05-17 00:00:00,WMM,12
1999-05-24 00:00:00,WMM,10
SECURITY_DA,COMP,CLOSE_PRICE
-----------,----,-----------
1999-06-09 00:00:00,WMM,10
1999-06-21 00:00:00,WMM,9
1999-06-23 00:00:00,WMM,10
1999-07-07 00:00:00,WMM,10
1999-07-14 00:00:00,WMM,12
1999-07-15 00:00:00,WMM,12
1999-07-20 00:00:00,WMM,12
1999-07-21 00:00:00,WMM,12
1999-07-22 00:00:00,WMM,12
1999-07-23 00:00:00,WMM,12
1999-07-26 00:00:00,WMM,12
1999-07-30 00:00:00,WMM,12
1999-08-03 00:00:00,WMM,12
1999-08-05 00:00:00,WMM,12
1999-08-06 00:00:00,WMM,12
1999-08-09 00:00:00,WMM,12
1999-08-11 00:00:00,WMM,12
1999-08-12 00:00:00,WMM,12
1999-08-16 00:00:00,WMM,12
1999-08-17 00:00:00,WMM,12
1999-08-18 00:00:00,WMM,12
SECURITY_DA,COMP,CLOSE_PRICE
-----------,----,-----------
1999-08-24 00:00:00,WMM,12
1999-08-25 00:00:00,WMM,12
1999-08-30 00:00:00,WMM,12
1999-08-31 00:00:00,WMM,12
1999-09-01 00:00:00,WMM,12
1999-09-02 00:00:00,WMM,12
1999-09-07 00:00:00,WMM,12.5
1999-09-08 00:00:00,WMM,12.5
1999-09-10 00:00:00,WMM,12
1999-09-13 00:00:00,WMM,12
1999-09-21 00:00:00,WMM,12
1999-09-24 00:00:00,WMM,12
1999-09-28 00:00:00,WMM,12
1999-09-30 00:00:00,WMM,12
1999-10-04 00:00:00,WMM,12
1999-10-07 00:00:00,WMM,12
1999-10-08 00:00:00,WMM,12
1999-10-15 00:00:00,WMM,12
1999-10-22 00:00:00,WMM,12
1999-10-27 00:00:00,WMM,12
1999-10-28 00:00:00,WMM,12
SECURITY_DA,COMP,CLOSE_PRICE
-----------,----,-----------
1999-11-02 00:00:00,WMM,12
1999-11-25 00:00:00,WMM,12
1999-11-30 00:00:00,WMM,12
1999-12-08 00:00:00,WMM,12.25
1999-12-17 00:00:00,WMM,13
1999-12-29 00:00:00,WMM,12
1999-01-13 00:00:00,YORK,6
1999-01-14 00:00:00,YORK,6.5
1999-01-18 00:00:00,YORK,6.5
1999-01-19 00:00:00,YORK,6.5
1999-01-20 00:00:00,YORK,6.5
1999-01-21 00:00:00,YORK,6.5
1999-01-22 00:00:00,YORK,6.25
1999-01-26 00:00:00,YORK,6.75
1999-01-28 00:00:00,YORK,6.25
1999-02-03 00:00:00,YORK,6.25
1999-02-09 00:00:00,YORK,6.5
1999-02-11 00:00:00,YORK,6.25
1999-02-12 00:00:00,YORK,6.5
1999-02-15 00:00:00,YORK,6.5
1999-02-18 00:00:00,YORK,6.5
SECURITY_DA,COMP,CLOSE_PRICE
-----------,----,-----------
1999-02-19 00:00:00,YORK,6.75
1999-02-22 00:00:00,YORK,7
1999-02-23 00:00:00,YORK,6.75
1999-02-25 00:00:00,YORK,6.75
1999-03-03 00:00:00,YORK,7
1999-03-04 00:00:00,YORK,7
1999-03-08 00:00:00,YORK,7
1999-03-10 00:00:00,YORK,7
1999-03-11 00:00:00,YORK,7
1999-03-12 00:00:00,YORK,7
1999-03-16 00:00:00,YORK,7
1999-03-17 00:00:00,YORK,7
1999-03-22 00:00:00,YORK,7
1999-03-25 00:00:00,YORK,7
1999-03-30 00:00:00,YORK,7
1999-04-01 00:00:00,YORK,7
1999-04-06 00:00:00,YORK,7
1999-04-12 00:00:00,YORK,7
1999-04-15 00:00:00,YORK,7
1999-04-19 00:00:00,YORK,7
1999-04-20 00:00:00,YORK,7
SECURITY_DA,COMP,CLOSE_PRICE
-----------,----,-----------
1999-04-26 00:00:00,YORK,7
1999-04-28 00:00:00,YORK,7
1999-05-05 00:00:00,YORK,7
1999-05-07 00:00:00,YORK,7.5
1999-05-11 00:00:00,YORK,8
1999-05-12 00:00:00,YORK,7.75
1999-05-14 00:00:00,YORK,7.5
1999-05-20 00:00:00,YORK,7.5
1999-05-24 00:00:00,YORK,7.5
1999-05-27 00:00:00,YORK,7.5
1999-05-28 00:00:00,YORK,7.5
1999-06-01 00:00:00,YORK,7.5
1999-06-02 00:00:00,YORK,7.5
1999-06-03 00:00:00,YORK,7.5
1999-06-09 00:00:00,YORK,7.5
1999-06-10 00:00:00,YORK,7.5
1999-06-23 00:00:00,YORK,6.5
1999-07-06 00:00:00,YORK,6.75
1999-07-19 00:00:00,YORK,6.75
1999-07-22 00:00:00,YORK,6.75
1999-07-23 00:00:00,YORK,6.75
SECURITY_DA,COMP,CLOSE_PRICE
-----------,----,-----------
1999-07-26 00:00:00,YORK,6.75
1999-07-30 00:00:00,YORK,6.75
1999-08-05 00:00:00,YORK,6.75
1999-08-06 00:00:00,YORK,6.75
1999-08-10 00:00:00,YORK,6.75
1999-08-12 00:00:00,YORK,6.75
1999-08-13 00:00:00,YORK,7
1999-08-31 00:00:00,YORK,6.75
1999-09-01 00:00:00,YORK,7
1999-09-02 00:00:00,YORK,7
1999-09-06 00:00:00,YORK,7.25
1999-10-20 00:00:00,YORK,6.5
1999-10-26 00:00:00,YORK,7
1999-10-27 00:00:00,YORK,6.75
1999-11-01 00:00:00,YORK,6.75
1999-11-09 00:00:00,YORK,6
1999-11-26 00:00:00,YORK,6.25
1999-12-02 00:00:00,YORK,6.5
21354 rows,select,ed.
SQL> SPOOL,OFF,
