source_path,source_type,sheet_name,output_csv,rows,columns,column_names,non_empty_columns,numeric_columns,date_ranges,symbol_like_columns,status,error
30Daily Shares Price List - 1991-2000/32Daily Shares Price List - 1991-2000/1991-1993 data.xls,xls,Sheet1,csv/30Daily Shares Price List - 1991-2000/32Daily Shares Price List - 1991-2000/1991-1993_data__Sheet1.csv,2283,3,"[""column_1"", ""column_2"", ""column_3""]",3,"[""column_3""]","{""column_1"": {""max"": ""2001-04-19"", ""min"": ""1991-08-27"", ""valid_rows"": ""2282""}}","[""column_2""]",converted,
30Daily Shares Price List - 1991-2000/32Daily Shares Price List - 1991-2000/1991-1993 data.xls,xls,9093,csv/30Daily Shares Price List - 1991-2000/32Daily Shares Price List - 1991-2000/1991-1993_data__9093.csv,38957,4,"[""column_1"", ""column_2"", ""column_3"", ""column_8""]",4,"[""column_3""]","{""column_1"": {""max"": ""1993-12-31"", ""min"": ""1990-01-12"", ""valid_rows"": ""36162""}}","[""column_2""]",converted,
30Daily Shares Price List - 1991-2000/32Daily Shares Price List - 1991-2000/1994 data.xls,xls,94,csv/30Daily Shares Price List - 1991-2000/32Daily Shares Price List - 1991-2000/1994_data__94.csv,25578,3,"[""column_1"", ""column_2"", ""column_3""]",3,"[""column_3""]","{""column_1"": {""max"": ""1994-12-30"", ""min"": ""1994-01-03"", ""valid_rows"": ""23724""}}","[""column_2""]",converted,
30Daily Shares Price List - 1991-2000/32Daily Shares Price List - 1991-2000/1995 data.xls,xls,1995,csv/30Daily Shares Price List - 1991-2000/32Daily Shares Price List - 1991-2000/1995_data__1995.csv,21088,3,"[""column_1"", ""column_2"", ""column_3""]",3,"[""column_3""]","{""column_1"": {""max"": ""1995-12-29"", ""min"": ""1995-01-02"", ""valid_rows"": ""19692""}}","[""column_2""]",converted,
30Daily Shares Price List - 1991-2000/32Daily Shares Price List - 1991-2000/1996 data.xls,xls,1996,csv/30Daily Shares Price List - 1991-2000/32Daily Shares Price List - 1991-2000/1996_data__1996.csv,17600,3,"[""column_1"", ""column_2"", ""column_3""]",3,"[""column_3""]","{""column_1"": {""max"": ""1996-12-31"", ""min"": ""1996-01-02"", ""valid_rows"": ""16542""}}","[""column_2""]",converted,
30Daily Shares Price List - 1991-2000/32Daily Shares Price List - 1991-2000/1997 data.xls,xls,1997,csv/30Daily Shares Price List - 1991-2000/32Daily Shares Price List - 1991-2000/1997_data__1997.csv,23407,3,"[""column_1"", ""column_2"", ""column_3""]",3,"[""column_3""]","{""column_1"": {""max"": ""1997-12-31"", ""min"": ""1997-01-02"", ""valid_rows"": ""21953""}}","[""column_2""]",converted,
30Daily Shares Price List - 1991-2000/32Daily Shares Price List - 1991-2000/1998 data.xls,xls,1998,csv/30Daily Shares Price List - 1991-2000/32Daily Shares Price List - 1991-2000/1998_data__1998.csv,22365,3,"[""column_1"", ""column_2"", ""column_3""]",3,"[""column_3""]","{""column_1"": {""max"": ""1998-12-31"", ""min"": ""1998-01-02"", ""valid_rows"": ""21508""}}","[""column_2""]",converted,
30Daily Shares Price List - 1991-2000/32Daily Shares Price List - 1991-2000/1999 data.xls,xls,1999,csv/30Daily Shares Price List - 1991-2000/32Daily Shares Price List - 1991-2000/1999_data__1999.csv,22658,3,"[""column_1"", ""column_2"", ""column_3""]",3,"[""column_3""]","{""column_1"": {""max"": ""1999-12-30"", ""min"": ""1999-01-04"", ""valid_rows"": ""21354""}}","[""column_2""]",converted,
30Daily Shares Price List - 1991-2000/32Daily Shares Price List - 1991-2000/2000 data.xls,xls,2000 data,csv/30Daily Shares Price List - 1991-2000/32Daily Shares Price List - 1991-2000/2000_data__2000_data.csv,20380,3,"[""column_1"", ""column_2"", ""column_3""]",3,"[""column_3""]","{""column_1"": {""max"": ""2000-12-29"", ""min"": ""2000-01-03"", ""valid_rows"": ""19254""}}","[""column_2""]",converted,
31Daily Shares Price List -2001-2010/2001 data.xls,xls,Cloprc,csv/31Daily Shares Price List -2001-2010/2001_data__Cloprc.csv,21182,7,"[""column_1"", ""column_2"", ""column_3"", ""column_4"", ""column_11"", ""column_12"", ""column_13""]",7,"[""column_3"", ""column_4"", ""column_13""]","{""column_1"": {""max"": ""2002-02-11"", ""min"": ""2001-01-02"", ""valid_rows"": ""21173""}, ""column_11"": {""max"": ""2002-02-11"", ""min"": ""2001-01-02"", ""valid_rows"": ""497""}}","[""column_2""]",converted,
31Daily Shares Price List -2001-2010/2002 data.xls,xls,hi-all,csv/31Daily Shares Price List -2001-2010/2002_data__hi-all.csv,30290,11,"[""column_1"", ""column_2"", ""column_3"", ""column_4"", ""column_5"", ""column_6"", ""column_7"", ""column_8"", ""column_9"", ""column_10"", ""column_11""]",11,"[""column_3"", ""column_5"", ""column_6"", ""column_7"", ""column_8"", ""column_9"", ""column_11""]","{""column_1"": {""max"": ""2002-12-31"", ""min"": ""2002-01-02"", ""valid_rows"": ""26159""}, ""column_10"": {""max"": ""2003-01-09"", ""min"": ""2002-01-02"", ""valid_rows"": ""26522""}, ""column_2"": {""max"": ""2002-12-31"", ""min"": ""2002-01-02"", ""valid_rows"": ""26159""}, ""column_4"": {""max"": ""2002-12-31"", ""min"": ""2002-01-02"", ""valid_rows"": ""26159""}, ""column_8"": {""max"": ""2002-01-09"", ""min"": ""2002-01-09"", ""valid_rows"": ""363""}}","[""column_1"", ""column_3""]",converted,
31Daily Shares Price List -2001-2010/2003 data.xls,xls,hi-low-a,csv/31Daily Shares Price List -2001-2010/2003_data__hi-low-a.csv,30744,11,"[""column_1"", ""column_2"", ""column_3"", ""column_4"", ""column_5"", ""column_6"", ""column_7"", ""column_8"", ""column_9"", ""column_10"", ""column_11""]",11,"[""column_3"", ""column_5"", ""column_6"", ""column_7"", ""column_8"", ""column_9"", ""column_11""]","{""column_1"": {""max"": ""2003-12-31"", ""min"": ""2003-01-02"", ""valid_rows"": ""29308""}, ""column_10"": {""max"": ""2003-12-31"", ""min"": ""2003-01-02"", ""valid_rows"": ""29308""}, ""column_2"": {""max"": ""2003-12-31"", ""min"": ""2003-01-02"", ""valid_rows"": ""29308""}, ""column_4"": {""max"": ""2003-12-31"", ""min"": ""2003-01-02"", ""valid_rows"": ""29308""}}","[""column_1"", ""column_3""]",converted,
31Daily Shares Price List -2001-2010/2004 data.xls,xls,HIGHLOW_ALL_COMP,csv/31Daily Shares Price List -2001-2010/2004_data__HIGHLOW_ALL_COMP.csv,33660,11,"[""column_1"", ""column_2"", ""column_3"", ""column_4"", ""column_5"", ""column_6"", ""column_7"", ""column_8"", ""column_9"", ""column_10"", ""column_11""]",11,"[""column_3"", ""column_5"", ""column_6"", ""column_7"", ""column_8"", ""column_9"", ""column_11""]","{""column_1"": {""max"": ""2004-12-31"", ""min"": ""2004-01-02"", ""valid_rows"": ""32762""}, ""column_10"": {""max"": ""2004-12-31"", ""min"": ""2004-01-02"", ""valid_rows"": ""32762""}, ""column_2"": {""max"": ""2004-12-31"", ""min"": ""2004-01-02"", ""valid_rows"": ""32762""}, ""column_4"": {""max"": ""2004-12-31"", ""min"": ""2004-01-02"", ""valid_rows"": ""32762""}}","[""column_1"", ""column_3""]",converted,
31Daily Shares Price List -2001-2010/2005 data.xls,xls,hl-all-year,csv/31Daily Shares Price List -2001-2010/2005_data__hl-all-year.csv,39356,11,"[""column_1"", ""column_2"", ""column_3"", ""column_4"", ""column_5"", ""column_6"", ""column_7"", ""column_8"", ""column_9"", ""column_10"", ""column_11""]",11,"[""column_3"", ""column_5"", ""column_6"", ""column_7"", ""column_8"", ""column_9"", ""column_11""]","{""column_1"": {""max"": ""2005-12-30"", ""min"": ""2005-01-03"", ""valid_rows"": ""38449""}, ""column_10"": {""max"": ""2005-12-30"", ""min"": ""2005-01-03"", ""valid_rows"": ""38449""}, ""column_2"": {""max"": ""2005-12-30"", ""min"": ""2005-01-03"", ""valid_rows"": ""38449""}, ""column_4"": {""max"": ""2005-12-30"", ""min"": ""2005-01-03"", ""valid_rows"": ""38449""}}","[""column_1"", ""column_3""]",converted,
31Daily Shares Price List -2001-2010/2006 Data.xls,xls,hi-low-2006,csv/31Daily Shares Price List -2001-2010/2006_Data__hi-low-2006.csv,44975,11,"[""column_1"", ""column_2"", ""column_3"", ""column_4"", ""column_5"", ""column_6"", ""column_7"", ""column_8"", ""column_9"", ""column_10"", ""column_11""]",11,"[""column_3"", ""column_5"", ""column_6"", ""column_7"", ""column_8"", ""column_9"", ""column_11""]","{""column_1"": {""max"": ""2006-12-29"", ""min"": ""2006-01-02"", ""valid_rows"": ""37814""}, ""column_10"": {""max"": ""2007-11-23"", ""min"": ""2006-01-02"", ""valid_rows"": ""38560""}, ""column_2"": {""max"": ""2006-12-29"", ""min"": ""2006-01-02"", ""valid_rows"": ""37814""}, ""column_4"": {""max"": ""2006-12-29"", ""min"": ""2006-01-02"", ""valid_rows"": ""37814""}}","[""column_1"", ""column_3""]",converted,
31Daily Shares Price List -2001-2010/2007 Data.xls,xls,hl-daily jan-Dec07,csv/31Daily Shares Price List -2001-2010/2007_Data__hl-daily_jan-Dec07.csv,44226,11,"[""column_1"", ""column_2"", ""column_3"", ""column_4"", ""column_5"", ""column_6"", ""column_7"", ""column_8"", ""column_9"", ""column_10"", ""column_11""]",11,"[""column_3"", ""column_5"", ""column_6"", ""column_7"", ""column_8"", ""column_9"", ""column_11""]","{""column_1"": {""max"": ""2007-12-31"", ""min"": ""2007-01-02"", ""valid_rows"": ""37186""}, ""column_10"": {""max"": ""2008-01-11"", ""min"": ""2007-01-02"", ""valid_rows"": ""37919""}, ""column_2"": {""max"": ""2007-12-31"", ""min"": ""2007-01-02"", ""valid_rows"": ""37186""}, ""column_4"": {""max"": ""2007-12-31"", ""min"": ""2007-01-02"", ""valid_rows"": ""37186""}}","[""column_1"", ""column_3""]",converted,
31Daily Shares Price List -2001-2010/2008 Data.xls,xls,HL-ALL-08 - Daily,csv/31Daily Shares Price List -2001-2010/2008_Data__HL-ALL-08_-_Daily.csv,46304,11,"[""column_1"", ""column_2"", ""column_3"", ""column_4"", ""column_5"", ""column_6"", ""column_7"", ""column_8"", ""column_9"", ""column_10"", ""column_11""]",11,"[""column_3"", ""column_5"", ""column_6"", ""column_7"", ""column_8"", ""column_9"", ""column_11""]","{""column_1"": {""max"": ""2008-12-31"", ""min"": ""2008-01-02"", ""valid_rows"": ""39018""}, ""column_10"": {""max"": ""2009-01-12"", ""min"": ""2008-01-02"", ""valid_rows"": ""39785""}, ""column_2"": {""max"": ""2008-12-31"", ""min"": ""2008-01-02"", ""valid_rows"": ""39018""}, ""column_4"": {""max"": ""2008-12-31"", ""min"": ""2008-01-02"", ""valid_rows"": ""39018""}}","[""column_1"", ""column_3""]",converted,
31Daily Shares Price List -2001-2010/2009 Data.xls,xls,HL-DAILY2,csv/31Daily Shares Price List -2001-2010/2009_Data__HL-DAILY2.csv,48261,11,"[""column_1"", ""column_2"", ""column_3"", ""column_4"", ""column_5"", ""column_6"", ""column_7"", ""column_8"", ""column_9"", ""column_10"", ""column_11""]",11,"[""column_3"", ""column_5"", ""column_6"", ""column_7"", ""column_8"", ""column_9"", ""column_11""]","{""column_1"": {""max"": ""2009-12-30"", ""min"": ""2009-01-02"", ""valid_rows"": ""40717""}, ""column_10"": {""max"": ""2010-01-20"", ""min"": ""2009-01-02"", ""valid_rows"": ""41516""}, ""column_2"": {""max"": ""2009-12-30"", ""min"": ""2009-01-02"", ""valid_rows"": ""40717""}, ""column_4"": {""max"": ""2009-12-30"", ""min"": ""2009-01-02"", ""valid_rows"": ""40717""}}",[],converted,
31Daily Shares Price List -2001-2010/2010 Data.xls,xls,hi-low-all-daily,csv/31Daily Shares Price List -2001-2010/2010_Data__hi-low-all-daily.csv,49446,11,"[""column_1"", ""column_2"", ""column_3"", ""column_4"", ""column_5"", ""column_6"", ""column_7"", ""column_8"", ""column_9"", ""column_10"", ""column_11""]",11,"[""column_3"", ""column_5"", ""column_6"", ""column_7"", ""column_8"", ""column_9"", ""column_11""]","{""column_1"": {""max"": ""2010-12-31"", ""min"": ""2010-01-04"", ""valid_rows"": ""48541""}, ""column_10"": {""max"": ""2010-12-31"", ""min"": ""2010-01-04"", ""valid_rows"": ""48541""}, ""column_2"": {""max"": ""2010-12-31"", ""min"": ""2010-01-04"", ""valid_rows"": ""48541""}, ""column_4"": {""max"": ""2010-12-31"", ""min"": ""2010-01-04"", ""valid_rows"": ""48541""}}","[""column_1"", ""column_3""]",converted,
historical_policy_interest_rates/20250522_historical_policy_interest_rates.xlsx,xlsx,OPR,csv/historical_policy_interest_rates/20250522_historical_policy_interest_rates__OPR.csv,8,2,"[""column_2"", ""column_3""]",2,[],{},[],converted,
historical_policy_interest_rates/20250522_historical_policy_interest_rates.xlsx,xlsx,SRR,csv/historical_policy_interest_rates/20250522_historical_policy_interest_rates__SRR.csv,19,3,"[""column_1"", ""column_2"", ""column_3""]",3,"[""column_3""]",{},[],converted,
historical_policy_interest_rates/20250522_historical_policy_interest_rates.xlsx,xlsx,Historical Policy Rates,csv/historical_policy_interest_rates/20250522_historical_policy_interest_rates__Historical_Policy_Rates.csv,109,4,"[""column_2"", ""column_3"", ""column_4"", ""column_5""]",4,"[""column_3"", ""column_4""]",{},[],converted,
historical_policy_interest_rates/exchange_rates.csv,csv,,csv/historical_policy_interest_rates/exchange_rates.csv,4266,2,"[""column_1"", ""column_2""]",2,"[""column_2""]","{""column_1"": {""max"": ""2026-12-03"", ""min"": ""2010-01-02"", ""valid_rows"": ""1685""}}",[],converted,
stock_data/01Dividends.xls,xls,2025,csv/stock_data/01Dividends__2025.csv,243,9,"[""column_1"", ""column_2"", ""column_3"", ""column_4"", ""column_5"", ""column_6"", ""column_7"", ""column_8"", ""column_9""]",9,"[""column_4"", ""column_8"", ""column_9""]","{""column_1"": {""max"": ""2025-12-01"", ""min"": ""2024-12-06"", ""valid_rows"": ""241""}, ""column_6"": {""max"": ""2025-12-11"", ""min"": ""2024-12-17"", ""valid_rows"": ""241""}, ""column_7"": {""max"": ""2025-12-31"", ""min"": ""2025-01-06"", ""valid_rows"": ""241""}}","[""column_2"", ""column_3""]",converted,
stock_data/01Dividends.xls,xls,2024,csv/stock_data/01Dividends__2024.csv,219,9,"[""column_1"", ""column_2"", ""column_3"", ""column_4"", ""column_5"", ""column_6"", ""column_7"", ""column_8"", ""column_9""]",9,"[""column_4"", ""column_8"", ""column_9""]","{""column_1"": {""max"": ""2024-12-05"", ""min"": ""2023-11-30"", ""valid_rows"": ""217""}, ""column_6"": {""max"": ""2024-12-16"", ""min"": ""2023-12-11"", ""valid_rows"": ""217""}, ""column_7"": {""max"": ""2024-12-31"", ""min"": ""2024-01-03"", ""valid_rows"": ""217""}}","[""column_2"", ""column_3""]",converted,
stock_data/01Dividends.xls,xls,2023,csv/stock_data/01Dividends__2023.csv,180,9,"[""column_1"", ""column_2"", ""column_3"", ""column_4"", ""column_5"", ""column_6"", ""column_7"", ""column_8"", ""column_9""]",9,"[""column_4"", ""column_8"", ""column_9""]","{""column_1"": {""max"": ""2023-11-24"", ""min"": ""2022-12-13"", ""valid_rows"": ""178""}, ""column_6"": {""max"": ""2023-12-05"", ""min"": ""2022-12-22"", ""valid_rows"": ""178""}, ""column_7"": {""max"": ""2023-12-27"", ""min"": ""2023-01-13"", ""valid_rows"": ""178""}}","[""column_2"", ""column_3""]",converted,
stock_data/01Dividends.xls,xls,2022,csv/stock_data/01Dividends__2022.csv,219,9,"[""column_1"", ""column_2"", ""column_3"", ""column_4"", ""column_5"", ""column_6"", ""column_7"", ""column_8"", ""column_9""]",9,"[""column_4"", ""column_8"", ""column_9""]","{""column_1"": {""max"": ""2022-12-08"", ""min"": ""2021-12-06"", ""valid_rows"": ""217""}, ""column_6"": {""max"": ""2022-12-19"", ""min"": ""2021-12-15"", ""valid_rows"": ""217""}, ""column_7"": {""max"": ""2022-12-30"", ""min"": ""2022-01-04"", ""valid_rows"": ""217""}}","[""column_2"", ""column_3""]",converted,
stock_data/01Dividends.xls,xls,2021,csv/stock_data/01Dividends__2021.csv,212,9,"[""column_1"", ""column_2"", ""column_3"", ""column_4"", ""column_5"", ""column_6"", ""column_7"", ""column_8"", ""column_9""]",9,"[""column_4"", ""column_8"", ""column_9""]","{""column_1"": {""max"": ""2021-12-02"", ""min"": ""2020-10-05"", ""valid_rows"": ""210""}, ""column_6"": {""max"": ""2021-12-13"", ""min"": ""2020-12-15"", ""valid_rows"": ""210""}, ""column_7"": {""max"": ""2021-12-31"", ""min"": ""2021-01-06"", ""valid_rows"": ""210""}}","[""column_2"", ""column_3""]",converted,
stock_data/01Dividends.xls,xls,2020,csv/stock_data/01Dividends__2020.csv,162,9,"[""column_1"", ""column_2"", ""column_3"", ""column_4"", ""column_5"", ""column_6"", ""column_7"", ""column_8"", ""column_9""]",9,"[""column_4"", ""column_8"", ""column_9""]","{""column_1"": {""max"": ""2020-11-30"", ""min"": ""2019-12-31"", ""valid_rows"": ""160""}, ""column_6"": {""max"": ""2020-12-21"", ""min"": ""2020-01-13"", ""valid_rows"": ""160""}, ""column_7"": {""max"": ""2021-01-12"", ""min"": ""2020-01-21"", ""valid_rows"": ""160""}}","[""column_2"", ""column_3""]",converted,
stock_data/01Dividends.xls,xls,2019,csv/stock_data/01Dividends__2019.csv,204,9,"[""column_1"", ""column_2"", ""column_3"", ""column_4"", ""column_5"", ""column_6"", ""column_7"", ""column_8"", ""column_9""]",9,"[""column_4"", ""column_8"", ""column_9""]","{""column_1"": {""max"": ""2019-11-22"", ""min"": ""2018-12-12"", ""valid_rows"": ""202""}, ""column_6"": {""max"": ""2019-12-03"", ""min"": ""2018-12-21"", ""valid_rows"": ""202""}, ""column_7"": {""max"": ""2019-12-13"", ""min"": ""2019-01-02"", ""valid_rows"": ""202""}}","[""column_2"", ""column_3""]",converted,
stock_data/01Dividends.xls,xls,2018 ,csv/stock_data/01Dividends__2018.csv,241,9,"[""column_1"", ""column_2"", ""column_3"", ""column_4"", ""column_5"", ""column_6"", ""column_7"", ""column_8"", ""column_9""]",9,"[""column_4"", ""column_8"", ""column_9""]","{""column_1"": {""max"": ""2018-11-30"", ""min"": ""2017-12-18"", ""valid_rows"": ""239""}, ""column_6"": {""max"": ""2018-12-13"", ""min"": ""2017-12-28"", ""valid_rows"": ""239""}, ""column_7"": {""max"": ""2018-12-21"", ""min"": ""2018-01-09"", ""valid_rows"": ""239""}}","[""column_2"", ""column_3""]",converted,
stock_data/01Dividends.xls,xls,2017,csv/stock_data/01Dividends__2017.csv,261,9,"[""column_1"", ""column_2"", ""column_3"", ""column_4"", ""column_5"", ""column_6"", ""column_7"", ""column_8"", ""column_9""]",9,"[""column_4"", ""column_8"", ""column_9""]","{""column_1"": {""max"": ""2017-12-05"", ""min"": ""2016-12-14"", ""valid_rows"": ""259""}, ""column_6"": {""max"": ""2017-12-14"", ""min"": ""2016-12-23"", ""valid_rows"": ""259""}, ""column_7"": {""max"": ""2017-12-26"", ""min"": ""2017-01-04"", ""valid_rows"": ""259""}}","[""column_2"", ""column_3""]",converted,
stock_data/01Dividends.xls,xls,2016,csv/stock_data/01Dividends__2016.csv,250,11,"[""column_1"", ""column_2"", ""column_3"", ""column_4"", ""column_5"", ""column_6"", ""column_7"", ""column_8"", ""column_9"", ""column_10"", ""column_11""]",11,"[""column_4"", ""column_8"", ""column_9""]","{""column_1"": {""max"": ""2016-12-08"", ""min"": ""2015-12-14"", ""valid_rows"": ""248""}, ""column_6"": {""max"": ""2016-12-21"", ""min"": ""2015-12-23"", ""valid_rows"": ""248""}, ""column_7"": {""max"": ""2016-12-30"", ""min"": ""2016-01-05"", ""valid_rows"": ""248""}}","[""column_2"", ""column_3""]",converted,
stock_data/01Dividends.xls,xls,2015,csv/stock_data/01Dividends__2015.csv,172,8,"[""column_1"", ""column_2"", ""column_3"", ""column_4"", ""column_5"", ""column_6"", ""column_7"", ""column_8""]",8,"[""column_7"", ""column_8""]","{""column_1"": {""max"": ""2015-12-11"", ""min"": ""2014-12-12"", ""valid_rows"": ""170""}, ""column_5"": {""max"": ""2015-12-22"", ""min"": ""2014-12-23"", ""valid_rows"": ""170""}, ""column_6"": {""max"": ""2015-12-31"", ""min"": ""2015-01-06"", ""valid_rows"": ""170""}}","[""column_2"", ""column_3""]",converted,
stock_data/01Dividends.xls,xls,2014,csv/stock_data/01Dividends__2014.csv,253,9,"[""column_1"", ""column_2"", ""column_3"", ""column_4"", ""column_5"", ""column_6"", ""column_7"", ""column_8"", ""column_9""]",9,"[""column_8"", ""column_9""]","{""column_1"": {""max"": ""2014-12-09"", ""min"": ""2013-12-11"", ""valid_rows"": ""251""}, ""column_6"": {""max"": ""2014-12-18"", ""min"": ""2013-12-23"", ""valid_rows"": ""251""}, ""column_7"": {""max"": ""2014-12-30"", ""min"": ""2014-01-03"", ""valid_rows"": ""251""}}","[""column_2"", ""column_3""]",converted,
stock_data/01Dividends.xls,xls,2013,csv/stock_data/01Dividends__2013.csv,236,9,"[""column_1"", ""column_2"", ""column_3"", ""column_4"", ""column_5"", ""column_6"", ""column_7"", ""column_8"", ""column_9""]",9,"[""column_8"", ""column_9""]","{""column_1"": {""max"": ""2013-12-10"", ""min"": ""2012-12-17"", ""valid_rows"": ""234""}, ""column_6"": {""max"": ""2013-12-20"", ""min"": ""2012-12-28"", ""valid_rows"": ""234""}, ""column_7"": {""max"": ""2013-12-30"", ""min"": ""2013-01-09"", ""valid_rows"": ""234""}}","[""column_2"", ""column_3""]",converted,
stock_data/01Dividends.xls,xls,2012,csv/stock_data/01Dividends__2012.csv,248,8,"[""column_1"", ""column_2"", ""column_3"", ""column_4"", ""column_5"", ""column_6"", ""column_7"", ""column_8""]",8,"[""column_7"", ""column_8""]","{""column_1"": {""max"": ""2012-12-06"", ""min"": ""2011-12-14"", ""valid_rows"": ""246""}, ""column_5"": {""max"": ""2012-12-17"", ""min"": ""2011-12-23"", ""valid_rows"": ""246""}, ""column_6"": {""max"": ""2012-12-26"", ""min"": ""2012-01-04"", ""valid_rows"": ""246""}}","[""column_2"", ""column_3""]",converted,
stock_data/01Dividends.xls,xls,2011,csv/stock_data/01Dividends__2011.csv,218,8,"[""column_1"", ""column_2"", ""column_3"", ""column_4"", ""column_5"", ""column_6"", ""column_7"", ""column_9""]",8,"[""column_6"", ""column_7""]","{""column_1"": {""max"": ""2011-12-09"", ""min"": ""2010-12-14"", ""valid_rows"": ""216""}, ""column_4"": {""max"": ""2011-12-20"", ""min"": ""2010-12-24"", ""valid_rows"": ""216""}, ""column_5"": {""max"": ""2011-12-30"", ""min"": ""2011-01-04"", ""valid_rows"": ""216""}}","[""column_2""]",converted,
stock_data/01Dividends.xls,xls,2010,csv/stock_data/01Dividends__2010.csv,204,7,"[""column_1"", ""column_2"", ""column_3"", ""column_4"", ""column_5"", ""column_6"", ""column_7""]",7,"[""column_6"", ""column_7""]","{""column_1"": {""max"": ""2010-12-08"", ""min"": ""2009-12-10"", ""valid_rows"": ""202""}, ""column_4"": {""max"": ""2010-12-17"", ""min"": ""2009-12-30"", ""valid_rows"": ""202""}, ""column_5"": {""max"": ""2010-12-28"", ""min"": ""2010-01-12"", ""valid_rows"": ""202""}}","[""column_2""]",converted,
stock_data/01Dividends.xls,xls,2009,csv/stock_data/01Dividends__2009.csv,168,8,"[""column_1"", ""column_2"", ""column_3"", ""column_4"", ""column_5"", ""column_6"", ""column_7"", ""column_8""]",8,"[""column_7"", ""column_8""]","{""column_1"": {""max"": ""2009-12-11"", ""min"": ""2008-12-16"", ""valid_rows"": ""166""}, ""column_5"": {""max"": ""2009-12-22"", ""min"": ""2008-12-23"", ""valid_rows"": ""166""}, ""column_6"": {""max"": ""2009-12-30"", ""min"": ""2009-01-06"", ""valid_rows"": ""166""}}","[""column_2"", ""column_3""]",converted,
stock_data/01Dividends.xls,xls,2008,csv/stock_data/01Dividends__2008.csv,220,7,"[""column_1"", ""column_2"", ""column_3"", ""column_4"", ""column_5"", ""column_6"", ""column_7""]",7,"[""column_6"", ""column_7""]","{""column_3"": {""max"": ""2008-12-17"", ""min"": ""2007-12-03"", ""valid_rows"": ""218""}, ""column_4"": {""max"": ""2008-12-19"", ""min"": ""2007-12-20"", ""valid_rows"": ""218""}, ""column_5"": {""max"": ""2008-12-31"", ""min"": ""2008-01-03"", ""valid_rows"": ""218""}}","[""column_1""]",converted,
stock_data/01Dividends.xls,xls,2007,csv/stock_data/01Dividends__2007.csv,207,7,"[""column_1"", ""column_2"", ""column_3"", ""column_4"", ""column_5"", ""column_6"", ""column_7""]",7,"[""column_6"", ""column_7""]","{""column_3"": {""max"": ""2007-12-06"", ""min"": ""2006-12-19"", ""valid_rows"": ""205""}, ""column_4"": {""max"": ""2007-12-17"", ""min"": ""2006-12-26"", ""valid_rows"": ""205""}, ""column_5"": {""max"": ""2007-12-28"", ""min"": ""2007-01-05"", ""valid_rows"": ""205""}}","[""column_1""]",converted,
stock_data/01Dividends.xls,xls,2006,csv/stock_data/01Dividends__2006.csv,215,7,"[""column_1"", ""column_2"", ""column_3"", ""column_4"", ""column_5"", ""column_6"", ""column_7""]",7,"[""column_6"", ""column_7""]","{""column_3"": {""max"": ""2006-12-06"", ""min"": ""2005-12-02"", ""valid_rows"": ""213""}, ""column_4"": {""max"": ""2006-12-18"", ""min"": ""2005-12-30"", ""valid_rows"": ""213""}, ""column_5"": {""max"": ""2006-12-29"", ""min"": ""2006-01-12"", ""valid_rows"": ""213""}}","[""column_1""]",converted,
stock_data/01Dividends.xls,xls,2005,csv/stock_data/01Dividends__2005.csv,212,7,"[""column_1"", ""column_2"", ""column_3"", ""column_4"", ""column_5"", ""column_6"", ""column_7""]",7,"[""column_6"", ""column_7""]","{""column_3"": {""max"": ""2005-12-16"", ""min"": ""2004-12-16"", ""valid_rows"": ""210""}, ""column_4"": {""max"": ""2005-12-19"", ""min"": ""2004-12-27"", ""valid_rows"": ""210""}, ""column_5"": {""max"": ""2005-12-30"", ""min"": ""2005-01-06"", ""valid_rows"": ""210""}}","[""column_1""]",converted,
stock_data/01Dividends.xls,xls,2004,csv/stock_data/01Dividends__2004.csv,220,7,"[""column_1"", ""column_2"", ""column_3"", ""column_4"", ""column_5"", ""column_6"", ""column_7""]",7,"[""column_6"", ""column_7""]","{""column_3"": {""max"": ""2004-12-15"", ""min"": ""2003-12-19"", ""valid_rows"": ""218""}, ""column_4"": {""max"": ""2004-12-20"", ""min"": ""2003-12-29"", ""valid_rows"": ""218""}, ""column_5"": {""max"": ""2004-12-31"", ""min"": ""2004-01-14"", ""valid_rows"": ""218""}}","[""column_1""]",converted,
stock_data/01Dividends.xls,xls,2003,csv/stock_data/01Dividends__2003.csv,187,7,"[""column_1"", ""column_2"", ""column_3"", ""column_4"", ""column_5"", ""column_6"", ""column_7""]",7,"[""column_6"", ""column_7""]","{""column_3"": {""max"": ""2003-12-16"", ""min"": ""2002-12-20"", ""valid_rows"": ""185""}, ""column_4"": {""max"": ""2003-12-18"", ""min"": ""2002-12-24"", ""valid_rows"": ""185""}, ""column_5"": {""max"": ""2003-12-31"", ""min"": ""2003-01-07"", ""valid_rows"": ""185""}}","[""column_1""]",converted,
stock_data/01Dividends.xls,xls,2002,csv/stock_data/01Dividends__2002.csv,170,7,"[""column_1"", ""column_2"", ""column_3"", ""column_4"", ""column_5"", ""column_6"", ""column_7""]",7,"[""column_6"", ""column_7""]","{""column_3"": {""max"": ""2002-12-16"", ""min"": ""2001-12-17"", ""valid_rows"": ""168""}, ""column_4"": {""max"": ""2002-12-17"", ""min"": ""2001-12-20"", ""valid_rows"": ""168""}, ""column_5"": {""max"": ""2002-12-31"", ""min"": ""2002-01-07"", ""valid_rows"": ""168""}}","[""column_1""]",converted,
stock_data/01Dividends.xls,xls,2001,csv/stock_data/01Dividends__2001.csv,184,8,"[""column_1"", ""column_2"", ""column_3"", ""column_4"", ""column_5"", ""column_6"", ""column_7"", ""column_8""]",8,"[""column_7"", ""column_8""]","{""column_4"": {""max"": ""2001-12-13"", ""min"": ""2000-12-20"", ""valid_rows"": ""182""}, ""column_5"": {""max"": ""2001-12-28"", ""min"": ""2001-01-03"", ""valid_rows"": ""182""}}","[""column_1"", ""column_3""]",converted,
stock_data/01Dividends.xls,xls,2000,csv/stock_data/01Dividends__2000.csv,190,9,"[""column_1"", ""column_2"", ""column_3"", ""column_4"", ""column_5"", ""column_6"", ""column_7"", ""column_8"", ""column_9""]",9,"[""column_6"", ""column_8"", ""column_9""]","{""column_4"": {""max"": ""2000-12-15"", ""min"": ""1999-12-27"", ""valid_rows"": ""188""}, ""column_5"": {""max"": ""2000-12-29"", ""min"": ""2000-01-07"", ""valid_rows"": ""188""}}","[""column_1"", ""column_3""]",converted,
stock_data/01Dividends.xls,xls,1999,csv/stock_data/01Dividends__1999.csv,204,9,"[""column_1"", ""column_2"", ""column_3"", ""column_4"", ""column_5"", ""column_6"", ""column_7"", ""column_8"", ""column_9""]",9,"[""column_6"", ""column_8"", ""column_9""]","{""column_4"": {""max"": ""1999-12-28"", ""min"": ""1998-12-30"", ""valid_rows"": ""202""}, ""column_5"": {""max"": ""1999-12-30"", ""min"": ""1999-01-12"", ""valid_rows"": ""202""}}","[""column_1""]",converted,
stock_data/01Dividends.xls,xls,1998,csv/stock_data/01Dividends__1998.csv,209,9,"[""column_1"", ""column_2"", ""column_3"", ""column_4"", ""column_5"", ""column_6"", ""column_7"", ""column_8"", ""column_9""]",9,"[""column_6"", ""column_8"", ""column_9""]","{""column_4"": {""max"": ""1998-12-23"", ""min"": ""1998-01-14"", ""valid_rows"": ""207""}, ""column_5"": {""max"": ""1998-12-31"", ""min"": ""1998-01-26"", ""valid_rows"": ""207""}}","[""column_1""]",converted,
stock_data/01Dividends.xls,xls,1997,csv/stock_data/01Dividends__1997.csv,181,9,"[""column_1"", ""column_2"", ""column_3"", ""column_4"", ""column_5"", ""column_6"", ""column_7"", ""column_8"", ""column_9""]",9,"[""column_6"", ""column_8"", ""column_9""]","{""column_4"": {""max"": ""1997-12-17"", ""min"": ""1996-12-19"", ""valid_rows"": ""179""}, ""column_5"": {""max"": ""1997-12-31"", ""min"": ""1997-01-07"", ""valid_rows"": ""179""}}","[""column_1""]",converted,
stock_data/01Dividends.xls,xls,1996,csv/stock_data/01Dividends__1996.csv,180,9,"[""column_1"", ""column_2"", ""column_3"", ""column_4"", ""column_5"", ""column_6"", ""column_7"", ""column_8"", ""column_9""]",9,"[""column_6"", ""column_8"", ""column_9""]","{""column_4"": {""max"": ""1996-12-20"", ""min"": ""1995-12-05"", ""valid_rows"": ""178""}, ""column_5"": {""max"": ""1996-12-31"", ""min"": ""1996-01-02"", ""valid_rows"": ""178""}}","[""column_1""]",converted,
stock_data/01Dividends.xls,xls,1995,csv/stock_data/01Dividends__1995.csv,201,9,"[""column_1"", ""column_2"", ""column_3"", ""column_4"", ""column_5"", ""column_6"", ""column_7"", ""column_8"", ""column_9""]",9,"[""column_6"", ""column_8"", ""column_9""]","{""column_4"": {""max"": ""1995-12-15"", ""min"": ""1994-12-15"", ""valid_rows"": ""199""}, ""column_5"": {""max"": ""1995-12-29"", ""min"": ""1995-01-09"", ""valid_rows"": ""199""}}","[""column_1""]",converted,
stock_data/01Dividends.xls,xls,1994,csv/stock_data/01Dividends__1994.csv,174,9,"[""column_1"", ""column_2"", ""column_3"", ""column_4"", ""column_5"", ""column_6"", ""column_7"", ""column_8"", ""column_9""]",9,"[""column_6"", ""column_8"", ""column_9""]","{""column_4"": {""max"": ""1994-12-12"", ""min"": ""1993-12-10"", ""valid_rows"": ""172""}, ""column_5"": {""max"": ""1994-12-30"", ""min"": ""1994-01-08"", ""valid_rows"": ""172""}}","[""column_1""]",converted,
stock_data/01Dividends.xls,xls,1993,csv/stock_data/01Dividends__1993.csv,171,9,"[""column_1"", ""column_2"", ""column_3"", ""column_4"", ""column_5"", ""column_6"", ""column_7"", ""column_8"", ""column_9""]",9,"[""column_6"", ""column_8"", ""column_9""]","{""column_4"": {""max"": ""1993-12-13"", ""min"": ""1992-12-03"", ""valid_rows"": ""169""}, ""column_5"": {""max"": ""1993-12-31"", ""min"": ""1993-01-05"", ""valid_rows"": ""169""}}","[""column_1""]",converted,
stock_data/01Dividends.xls,xls,1992,csv/stock_data/01Dividends__1992.csv,164,9,"[""column_1"", ""column_2"", ""column_3"", ""column_4"", ""column_5"", ""column_6"", ""column_7"", ""column_8"", ""column_9""]",9,"[""column_6"", ""column_8"", ""column_9""]","{""column_4"": {""max"": ""1992-12-23"", ""min"": ""1991-11-12"", ""valid_rows"": ""162""}, ""column_5"": {""max"": ""1992-12-31"", ""min"": ""1992-01-06"", ""valid_rows"": ""162""}}","[""column_1""]",converted,
stock_data/01Dividends.xls,xls,1991,csv/stock_data/01Dividends__1991.csv,58,9,"[""column_1"", ""column_2"", ""column_3"", ""column_4"", ""column_5"", ""column_6"", ""column_7"", ""column_8"", ""column_9""]",9,"[""column_6"", ""column_8"", ""column_9""]","{""column_4"": {""max"": ""1991-12-06"", ""min"": ""1991-07-25"", ""valid_rows"": ""56""}, ""column_5"": {""max"": ""1991-12-31"", ""min"": ""1991-09-20"", ""valid_rows"": ""56""}}","[""column_1""]",converted,
stock_data/02Scrip Dividends.xls,xls,2025,csv/stock_data/02Scrip_Dividends__2025.csv,20,8,"[""column_1"", ""column_2"", ""column_3"", ""column_4"", ""column_5"", ""column_6"", ""column_7"", ""column_8""]",8,"[""column_1"", ""column_5"", ""column_6"", ""column_7""]","{""column_4"": {""max"": ""2025-09-30"", ""min"": ""2025-03-03"", ""valid_rows"": ""11""}, ""column_8"": {""max"": ""2025-10-10"", ""min"": ""2025-03-19"", ""valid_rows"": ""11""}}","[""column_3""]",converted,
stock_data/02Scrip Dividends.xls,xls,2024,csv/stock_data/02Scrip_Dividends__2024.csv,20,8,"[""column_1"", ""column_2"", ""column_3"", ""column_4"", ""column_5"", ""column_6"", ""column_7"", ""column_8""]",8,"[""column_1"", ""column_5"", ""column_6"", ""column_7""]","{""column_4"": {""max"": ""2024-11-13"", ""min"": ""2024-01-08"", ""valid_rows"": ""18""}, ""column_8"": {""max"": ""2024-11-29"", ""min"": ""2024-01-23"", ""valid_rows"": ""18""}}","[""column_3""]",converted,
stock_data/02Scrip Dividends.xls,xls,2023,csv/stock_data/02Scrip_Dividends__2023.csv,28,8,"[""column_1"", ""column_2"", ""column_3"", ""column_4"", ""column_5"", ""column_6"", ""column_7"", ""column_8""]",8,"[""column_1"", ""column_5"", ""column_6"", ""column_7""]","{""column_4"": {""max"": ""2023-09-08"", ""min"": ""2023-02-28"", ""valid_rows"": ""26""}, ""column_8"": {""max"": ""2023-09-21"", ""min"": ""2023-03-17"", ""valid_rows"": ""26""}}","[""column_3""]",converted,
stock_data/02Scrip Dividends.xls,xls,2022,csv/stock_data/02Scrip_Dividends__2022.csv,22,8,"[""column_1"", ""column_2"", ""column_3"", ""column_4"", ""column_5"", ""column_6"", ""column_7"", ""column_8""]",8,"[""column_1"", ""column_5"", ""column_6"", ""column_7""]","{""column_4"": {""max"": ""2022-11-17"", ""min"": ""2021-12-31"", ""valid_rows"": ""20""}, ""column_8"": {""max"": ""2022-11-29"", ""min"": ""2022-01-12"", ""valid_rows"": ""20""}}","[""column_3""]",converted,
stock_data/02Scrip Dividends.xls,xls,2021,csv/stock_data/02Scrip_Dividends__2021.csv,18,8,"[""column_1"", ""column_2"", ""column_3"", ""column_4"", ""column_5"", ""column_6"", ""column_7"", ""column_8""]",8,"[""column_1"", ""column_5"", ""column_6"", ""column_7""]","{""column_4"": {""max"": ""2022-01-04"", ""min"": ""2021-02-25"", ""valid_rows"": ""16""}, ""column_8"": {""max"": ""2021-10-15"", ""min"": ""2021-03-10"", ""valid_rows"": ""15""}}","[""column_3""]",converted,
stock_data/02Scrip Dividends.xls,xls, 2020,csv/stock_data/02Scrip_Dividends__2020.csv,21,8,"[""column_1"", ""column_2"", ""column_3"", ""column_4"", ""column_5"", ""column_6"", ""column_7"", ""column_8""]",8,"[""column_1"", ""column_5"", ""column_6"", ""column_7""]","{""column_4"": {""max"": ""2020-12-14"", ""min"": ""2020-02-27"", ""valid_rows"": ""15""}, ""column_8"": {""max"": ""2020-12-24"", ""min"": ""2020-03-11"", ""valid_rows"": ""15""}}","[""column_3""]",converted,
stock_data/02Scrip Dividends.xls,xls,2019,csv/stock_data/02Scrip_Dividends__2019.csv,22,8,"[""column_1"", ""column_2"", ""column_3"", ""column_4"", ""column_5"", ""column_6"", ""column_7"", ""column_8""]",8,"[""column_1"", ""column_5"", ""column_6"", ""column_7""]","{""column_2"": {""max"": ""2019-03-07"", ""min"": ""2019-02-15"", ""valid_rows"": ""8""}, ""column_4"": {""max"": ""2019-09-26"", ""min"": ""2019-03-05"", ""valid_rows"": ""15""}, ""column_8"": {""max"": ""2019-10-09"", ""min"": ""2019-03-15"", ""valid_rows"": ""19""}}","[""column_3""]",converted,
stock_data/02Scrip Dividends.xls,xls,2018 ,csv/stock_data/02Scrip_Dividends__2018.csv,18,8,"[""column_1"", ""column_2"", ""column_3"", ""column_4"", ""column_5"", ""column_6"", ""column_7"", ""column_8""]",8,"[""column_1"", ""column_5"", ""column_6"", ""column_7""]","{""column_2"": {""max"": ""2018-08-02"", ""min"": ""2018-02-16"", ""valid_rows"": ""12""}, ""column_4"": {""max"": ""2018-08-31"", ""min"": ""2018-03-02"", ""valid_rows"": ""12""}, ""column_8"": {""max"": ""2018-09-13"", ""min"": ""2018-03-14"", ""valid_rows"": ""13""}}","[""column_3""]",converted,
stock_data/02Scrip Dividends.xls,xls,2017,csv/stock_data/02Scrip_Dividends__2017.csv,15,8,"[""column_1"", ""column_2"", ""column_3"", ""column_4"", ""column_5"", ""column_6"", ""column_7"", ""column_8""]",8,"[""column_1"", ""column_5"", ""column_6"", ""column_7""]","{""column_2"": {""max"": ""2017-06-29"", ""min"": ""2017-02-03"", ""valid_rows"": ""13""}, ""column_4"": {""max"": ""2017-09-27"", ""min"": ""2017-03-01"", ""valid_rows"": ""10""}, ""column_8"": {""max"": ""2017-10-06"", ""min"": ""2017-03-09"", ""valid_rows"": ""13""}}","[""column_3""]",converted,
stock_data/02Scrip Dividends.xls,xls,2016,csv/stock_data/02Scrip_Dividends__2016.csv,9,8,"[""column_1"", ""column_2"", ""column_3"", ""column_4"", ""column_5"", ""column_6"", ""column_7"", ""column_8""]",8,"[""column_5"", ""column_6"", ""column_7""]","{""column_2"": {""max"": ""2016-05-13"", ""min"": ""2016-02-17"", ""valid_rows"": ""5""}, ""column_4"": {""max"": ""2016-06-23"", ""min"": ""2016-03-31"", ""valid_rows"": ""7""}, ""column_8"": {""max"": ""2016-07-05"", ""min"": ""2015-04-08"", ""valid_rows"": ""7""}}","[""column_3""]",converted,
stock_data/02Scrip Dividends.xls,xls,2015,csv/stock_data/02Scrip_Dividends__2015.csv,10,8,"[""column_1"", ""column_2"", ""column_3"", ""column_4"", ""column_5"", ""column_6"", ""column_7"", ""column_8""]",8,"[""column_1"", ""column_5"", ""column_6"", ""column_7""]","{""column_2"": {""max"": ""2015-05-28"", ""min"": ""2015-01-06"", ""valid_rows"": ""6""}, ""column_4"": {""max"": ""2015-08-12"", ""min"": ""2015-01-28"", ""valid_rows"": ""8""}, ""column_8"": {""max"": ""2015-08-20"", ""min"": ""2015-02-09"", ""valid_rows"": ""8""}}","[""column_3""]",converted,
stock_data/02Scrip Dividends.xls,xls,2014,csv/stock_data/02Scrip_Dividends__2014.csv,4,8,"[""column_1"", ""column_2"", ""column_3"", ""column_4"", ""column_5"", ""column_6"", ""column_7"", ""column_8""]",8,[],{},"[""column_3""]",converted,
stock_data/02Scrip Dividends.xls,xls,2013,csv/stock_data/02Scrip_Dividends__2013.csv,9,8,"[""column_1"", ""column_2"", ""column_3"", ""column_4"", ""column_5"", ""column_6"", ""column_7"", ""column_8""]",8,"[""column_5"", ""column_7""]","{""column_2"": {""max"": ""2013-09-09"", ""min"": ""2012-08-22"", ""valid_rows"": ""5""}, ""column_4"": {""max"": ""2013-09-26"", ""min"": ""2013-01-08"", ""valid_rows"": ""5""}, ""column_8"": {""max"": ""2013-10-09"", ""min"": ""2013-01-21"", ""valid_rows"": ""7""}}","[""column_3""]",converted,
stock_data/02Scrip Dividends.xls,xls,2012,csv/stock_data/02Scrip_Dividends__2012.csv,8,8,"[""column_1"", ""column_2"", ""column_3"", ""column_4"", ""column_5"", ""column_6"", ""column_7"", ""column_8""]",8,"[""column_7""]","{""column_2"": {""max"": ""2012-05-30"", ""min"": ""2012-02-09"", ""valid_rows"": ""4""}, ""column_4"": {""max"": ""2012-06-29"", ""min"": ""2012-03-30"", ""valid_rows"": ""4""}, ""column_8"": {""max"": ""2012-07-10"", ""min"": ""2012-04-09"", ""valid_rows"": ""4""}}","[""column_3""]",converted,
stock_data/02Scrip Dividends.xls,xls,2011,csv/stock_data/02Scrip_Dividends__2011.csv,8,8,"[""column_1"", ""column_2"", ""column_3"", ""column_4"", ""column_5"", ""column_6"", ""column_7"", ""column_8""]",8,"[""column_6"", ""column_7""]","{""column_2"": {""max"": ""2011-09-09"", ""min"": ""2011-01-27"", ""valid_rows"": ""4""}, ""column_4"": {""max"": ""2011-09-28"", ""min"": ""2011-03-30"", ""valid_rows"": ""5""}, ""column_8"": {""max"": ""2011-10-10"", ""min"": ""2011-04-01"", ""valid_rows"": ""4""}}","[""column_3""]",converted,
stock_data/02Scrip Dividends.xls,xls,2010,csv/stock_data/02Scrip_Dividends__2010.csv,4,8,"[""column_1"", ""column_2"", ""column_3"", ""column_4"", ""column_5"", ""column_6"", ""column_7"", ""column_8""]",8,[],{},"[""column_3""]",converted,
stock_data/03Capitalization of Reserves (Bonus Issues).xls,xls,2025,csv/stock_data/03Capitalization_of_Reserves__Bonus_Issues__2025.csv,2,1,"[""column_1""]",1,[],{},[],converted,
stock_data/03Capitalization of Reserves (Bonus Issues).xls,xls,2024,csv/stock_data/03Capitalization_of_Reserves__Bonus_Issues__2024.csv,2,1,"[""column_1""]",1,[],{},[],converted,
stock_data/03Capitalization of Reserves (Bonus Issues).xls,xls,2023,csv/stock_data/03Capitalization_of_Reserves__Bonus_Issues__2023.csv,4,7,"[""column_1"", ""column_2"", ""column_3"", ""column_4"", ""column_5"", ""column_6"", ""column_7""]",7,[],{},"[""column_2""]",converted,
stock_data/03Capitalization of Reserves (Bonus Issues).xls,xls,2022,csv/stock_data/03Capitalization_of_Reserves__Bonus_Issues__2022.csv,4,7,"[""column_1"", ""column_2"", ""column_3"", ""column_4"", ""column_5"", ""column_6"", ""column_7""]",7,[],{},"[""column_2""]",converted,
stock_data/03Capitalization of Reserves (Bonus Issues).xls,xls,2021,csv/stock_data/03Capitalization_of_Reserves__Bonus_Issues__2021.csv,3,7,"[""column_1"", ""column_2"", ""column_3"", ""column_4"", ""column_5"", ""column_6"", ""column_7""]",7,[],{},"[""column_3""]",converted,
stock_data/03Capitalization of Reserves (Bonus Issues).xls,xls, 2020,csv/stock_data/03Capitalization_of_Reserves__Bonus_Issues__2020.csv,9,7,"[""column_1"", ""column_2"", ""column_3"", ""column_4"", ""column_5"", ""column_6"", ""column_7""]",7,[],{},"[""column_3""]",converted,
stock_data/03Capitalization of Reserves (Bonus Issues).xls,xls,2019,csv/stock_data/03Capitalization_of_Reserves__Bonus_Issues__2019.csv,9,7,"[""column_1"", ""column_2"", ""column_3"", ""column_4"", ""column_5"", ""column_6"", ""column_7""]",7,[],{},"[""column_3""]",converted,
stock_data/03Capitalization of Reserves (Bonus Issues).xls,xls,2018 ,csv/stock_data/03Capitalization_of_Reserves__Bonus_Issues__2018.csv,12,7,"[""column_1"", ""column_2"", ""column_3"", ""column_4"", ""column_5"", ""column_6"", ""column_7""]",7,"[""column_4""]","{""column_2"": {""max"": ""2018-08-08"", ""min"": ""2018-01-30"", ""valid_rows"": ""4""}, ""column_5"": {""max"": ""2018-09-11"", ""min"": ""2018-03-20"", ""valid_rows"": ""4""}, ""column_7"": {""max"": ""2018-09-20"", ""min"": ""2018-03-28"", ""valid_rows"": ""4""}}","[""column_3""]",converted,
stock_data/03Capitalization of Reserves (Bonus Issues).xls,xls,2017,csv/stock_data/03Capitalization_of_Reserves__Bonus_Issues__2017.csv,13,7,"[""column_1"", ""column_2"", ""column_3"", ""column_4"", ""column_5"", ""column_6"", ""column_7""]",7,"[""column_4""]","{""column_2"": {""max"": ""2017-09-15"", ""min"": ""2017-01-11"", ""valid_rows"": ""4""}, ""column_5"": {""max"": ""2017-11-14"", ""min"": ""2017-05-31"", ""valid_rows"": ""4""}, ""column_7"": {""max"": ""2017-11-22"", ""min"": ""2017-06-09"", ""valid_rows"": ""4""}}","[""column_3""]",converted,
stock_data/03Capitalization of Reserves (Bonus Issues).xls,xls,2016,csv/stock_data/03Capitalization_of_Reserves__Bonus_Issues__2016.csv,9,7,"[""column_1"", ""column_2"", ""column_3"", ""column_4"", ""column_5"", ""column_6"", ""column_7""]",7,[],"{""column_2"": {""max"": ""2016-08-10"", ""min"": ""2016-01-28"", ""valid_rows"": ""3""}, ""column_5"": {""max"": ""2016-11-21"", ""min"": ""2016-03-10"", ""valid_rows"": ""3""}, ""column_7"": {""max"": ""2016-11-25"", ""min"": ""2016-03-18"", ""valid_rows"": ""3""}}","[""column_3""]",converted,
stock_data/03Capitalization of Reserves (Bonus Issues).xls,xls,2015,csv/stock_data/03Capitalization_of_Reserves__Bonus_Issues__2015.csv,6,7,"[""column_1"", ""column_2"", ""column_3"", ""column_4"", ""column_5"", ""column_6"", ""column_7""]",7,[],{},"[""column_3""]",converted,
stock_data/03Capitalization of Reserves (Bonus Issues).xls,xls,2014,csv/stock_data/03Capitalization_of_Reserves__Bonus_Issues__2014.csv,9,6,"[""column_1"", ""column_2"", ""column_3"", ""column_4"", ""column_5"", ""column_6""]",6,[],{},"[""column_2""]",converted,
stock_data/03Capitalization of Reserves (Bonus Issues).xls,xls,2013,csv/stock_data/03Capitalization_of_Reserves__Bonus_Issues__2013.csv,12,6,"[""column_1"", ""column_2"", ""column_3"", ""column_4"", ""column_5"", ""column_6""]",6,"[""column_3""]","{""column_4"": {""max"": ""2013-09-24"", ""min"": ""2013-03-27"", ""valid_rows"": ""4""}, ""column_6"": {""max"": ""2013-10-04"", ""min"": ""2013-04-08"", ""valid_rows"": ""4""}}","[""column_2""]",converted,
stock_data/03Capitalization of Reserves (Bonus Issues).xls,xls,2012,csv/stock_data/03Capitalization_of_Reserves__Bonus_Issues__2012.csv,9,5,"[""column_1"", ""column_2"", ""column_3"", ""column_4"", ""column_5""]",5,[],{},"[""column_1""]",converted,
stock_data/03Capitalization of Reserves (Bonus Issues).xls,xls,2011,csv/stock_data/03Capitalization_of_Reserves__Bonus_Issues__2011.csv,15,4,"[""column_1"", ""column_2"", ""column_3"", ""column_4""]",4,"[""column_3""]","{""column_4"": {""max"": ""2011-10-04"", ""min"": ""2011-01-10"", ""valid_rows"": ""7""}}","[""column_1""]",converted,
stock_data/03Capitalization of Reserves (Bonus Issues).xls,xls,2010,csv/stock_data/03Capitalization_of_Reserves__Bonus_Issues__2010.csv,20,4,"[""column_1"", ""column_2"", ""column_3"", ""column_4""]",4,[],"{""column_4"": {""max"": ""2010-12-23"", ""min"": ""2010-06-24"", ""valid_rows"": ""12""}}","[""column_1""]",converted,
stock_data/03Capitalization of Reserves (Bonus Issues).xls,xls,2009,csv/stock_data/03Capitalization_of_Reserves__Bonus_Issues__2009.csv,1,1,"[""column_1""]",1,[],{},[],converted,
stock_data/03Capitalization of Reserves (Bonus Issues).xls,xls,2008,csv/stock_data/03Capitalization_of_Reserves__Bonus_Issues__2008.csv,13,6,"[""column_1"", ""column_2"", ""column_3"", ""column_4"", ""column_5"", ""column_6""]",6,"[""column_5""]","{""column_2"": {""max"": ""2008-09-09"", ""min"": ""2008-03-19"", ""valid_rows"": ""4""}, ""column_6"": {""max"": ""2008-09-09"", ""min"": ""2008-03-19"", ""valid_rows"": ""4""}}","[""column_1""]",converted,
stock_data/03Capitalization of Reserves (Bonus Issues).xls,xls,2007,csv/stock_data/03Capitalization_of_Reserves__Bonus_Issues__2007.csv,36,5,"[""column_1"", ""column_2"", ""column_3"", ""column_4"", ""column_5""]",5,"[""column_3""]","{""column_4"": {""max"": ""2007-06-18"", ""min"": ""2007-01-31"", ""valid_rows"": ""15""}}","[""column_1""]",converted,
stock_data/03Capitalization of Reserves (Bonus Issues).xls,xls,2006,csv/stock_data/03Capitalization_of_Reserves__Bonus_Issues__2006.csv,38,5,"[""column_1"", ""column_2"", ""column_3"", ""column_4"", ""column_5""]",5,"[""column_3"", ""column_5""]","{""column_4"": {""max"": ""2006-12-12"", ""min"": ""2006-02-16"", ""valid_rows"": ""21""}}","[""column_1""]",converted,
stock_data/03Capitalization of Reserves (Bonus Issues).xls,xls,2005,csv/stock_data/03Capitalization_of_Reserves__Bonus_Issues__2005.csv,48,5,"[""column_1"", ""column_2"", ""column_3"", ""column_4"", ""column_5""]",5,"[""column_3"", ""column_4""]","{""column_5"": {""max"": ""2005-12-30"", ""min"": ""2005-01-31"", ""valid_rows"": ""28""}}","[""column_1""]",converted,
stock_data/03Capitalization of Reserves (Bonus Issues).xls,xls,2004,csv/stock_data/03Capitalization_of_Reserves__Bonus_Issues__2004.csv,42,5,"[""column_2"", ""column_3"", ""column_4"", ""column_5"", ""column_6""]",5,"[""column_4"", ""column_5""]","{""column_6"": {""max"": ""2004-12-14"", ""min"": ""2004-02-09"", ""valid_rows"": ""25""}}","[""column_2""]",converted,
stock_data/03Capitalization of Reserves (Bonus Issues).xls,xls,2003,csv/stock_data/03Capitalization_of_Reserves__Bonus_Issues__2003.csv,29,5,"[""column_2"", ""column_3"", ""column_4"", ""column_5"", ""column_6""]",5,"[""column_4"", ""column_5""]","{""column_6"": {""max"": ""2003-09-22"", ""min"": ""2003-05-29"", ""valid_rows"": ""15""}}","[""column_2""]",converted,
stock_data/03Capitalization of Reserves (Bonus Issues).xls,xls,2002,csv/stock_data/03Capitalization_of_Reserves__Bonus_Issues__2002.csv,32,6,"[""column_2"", ""column_3"", ""column_4"", ""column_5"", ""column_6"", ""column_13""]",6,"[""column_4"", ""column_5"", ""column_13""]","{""column_6"": {""max"": ""2002-10-14"", ""min"": ""2002-01-29"", ""valid_rows"": ""18""}}","[""column_2""]",converted,
stock_data/03Capitalization of Reserves (Bonus Issues).xls,xls,2001,csv/stock_data/03Capitalization_of_Reserves__Bonus_Issues__2001.csv,12,5,"[""column_2"", ""column_3"", ""column_4"", ""column_5"", ""column_6""]",5,"[""column_4"", ""column_5""]","{""column_6"": {""max"": ""2001-08-31"", ""min"": ""2001-04-16"", ""valid_rows"": ""8""}}","[""column_2""]",converted,
stock_data/03Capitalization of Reserves (Bonus Issues).xls,xls,2000,csv/stock_data/03Capitalization_of_Reserves__Bonus_Issues__2000.csv,30,5,"[""column_2"", ""column_3"", ""column_4"", ""column_5"", ""column_6""]",5,"[""column_4"", ""column_5""]","{""column_6"": {""max"": ""2000-11-09"", ""min"": ""2000-01-17"", ""valid_rows"": ""15""}}","[""column_2""]",converted,
stock_data/03Capitalization of Reserves (Bonus Issues).xls,xls,1999,csv/stock_data/03Capitalization_of_Reserves__Bonus_Issues__1999.csv,37,4,"[""column_2"", ""column_3"", ""column_4"", ""column_5""]",4,"[""column_4"", ""column_5""]",{},"[""column_2""]",converted,
stock_data/03Capitalization of Reserves (Bonus Issues).xls,xls,1998,csv/stock_data/03Capitalization_of_Reserves__Bonus_Issues__1998.csv,47,4,"[""column_2"", ""column_3"", ""column_4"", ""column_5""]",4,"[""column_4"", ""column_5""]",{},"[""column_2""]",converted,
stock_data/03Capitalization of Reserves (Bonus Issues).xls,xls,1997,csv/stock_data/03Capitalization_of_Reserves__Bonus_Issues__1997.csv,40,4,"[""column_2"", ""column_3"", ""column_4"", ""column_5""]",4,"[""column_4"", ""column_5""]",{},"[""column_2""]",converted,
stock_data/03Capitalization of Reserves (Bonus Issues).xls,xls,1996,csv/stock_data/03Capitalization_of_Reserves__Bonus_Issues__1996.csv,47,4,"[""column_2"", ""column_3"", ""column_4"", ""column_5""]",4,"[""column_4"", ""column_5""]",{},"[""column_2""]",converted,
stock_data/03Capitalization of Reserves (Bonus Issues).xls,xls,1995,csv/stock_data/03Capitalization_of_Reserves__Bonus_Issues__1995.csv,34,4,"[""column_2"", ""column_3"", ""column_4"", ""column_5""]",4,"[""column_5""]",{},"[""column_2""]",converted,
stock_data/03Capitalization of Reserves (Bonus Issues).xls,xls,1994,csv/stock_data/03Capitalization_of_Reserves__Bonus_Issues__1994.csv,54,4,"[""column_2"", ""column_3"", ""column_4"", ""column_5""]",4,"[""column_5""]",{},"[""column_2""]",converted,
stock_data/03Capitalization of Reserves (Bonus Issues).xls,xls,1993,csv/stock_data/03Capitalization_of_Reserves__Bonus_Issues__1993.csv,37,4,"[""column_2"", ""column_3"", ""column_4"", ""column_5""]",4,"[""column_5""]",{},"[""column_2""]",converted,
stock_data/03Capitalization of Reserves (Bonus Issues).xls,xls,1992,csv/stock_data/03Capitalization_of_Reserves__Bonus_Issues__1992.csv,34,4,"[""column_2"", ""column_3"", ""column_4"", ""column_5""]",4,"[""column_5""]",{},"[""column_2""]",converted,
stock_data/03Capitalization of Reserves (Bonus Issues).xls,xls,1991,csv/stock_data/03Capitalization_of_Reserves__Bonus_Issues__1991.csv,22,4,"[""column_2"", ""column_3"", ""column_4"", ""column_5""]",4,"[""column_5""]",{},"[""column_2""]",converted,
stock_data/03Capitalization of Reserves (Bonus Issues).xls,xls,1990,csv/stock_data/03Capitalization_of_Reserves__Bonus_Issues__1990.csv,25,4,"[""column_2"", ""column_3"", ""column_4"", ""column_5""]",4,"[""column_5""]",{},"[""column_2""]",converted,
stock_data/04Rights Issues.xls,xls,2025,csv/stock_data/04Rights_Issues__2025.csv,15,11,"[""column_1"", ""column_2"", ""column_3"", ""column_4"", ""column_5"", ""column_6"", ""column_7"", ""column_8"", ""column_9"", ""column_10"", ""column_11""]",11,"[""column_1"", ""column_5"", ""column_6"", ""column_7"", ""column_8"", ""column_9""]","{""column_11"": {""max"": ""2025-12-23"", ""min"": ""2025-04-01"", ""valid_rows"": ""7""}, ""column_2"": {""max"": ""2020-01-19"", ""min"": ""2019-01-07"", ""valid_rows"": ""3""}, ""column_4"": {""max"": ""2025-11-13"", ""min"": ""2025-02-27"", ""valid_rows"": ""7""}}","[""column_3""]",converted,
stock_data/04Rights Issues.xls,xls,2024,csv/stock_data/04Rights_Issues__2024.csv,25,11,"[""column_1"", ""column_2"", ""column_3"", ""column_4"", ""column_5"", ""column_6"", ""column_7"", ""column_8"", ""column_9"", ""column_10"", ""column_11""]",11,"[""column_1"", ""column_5"", ""column_6"", ""column_7"", ""column_8"", ""column_9""]","{""column_11"": {""max"": ""2024-09-30"", ""min"": ""2024-02-16"", ""valid_rows"": ""20""}, ""column_2"": {""max"": ""2020-06-23"", ""min"": ""2019-01-07"", ""valid_rows"": ""8""}, ""column_4"": {""max"": ""2024-09-11"", ""min"": ""2024-01-03"", ""valid_rows"": ""22""}}","[""column_3""]",converted,
stock_data/04Rights Issues.xls,xls,2023,csv/stock_data/04Rights_Issues__2023.csv,17,11,"[""column_1"", ""column_2"", ""column_3"", ""column_4"", ""column_5"", ""column_6"", ""column_7"", ""column_8"", ""column_9"", ""column_10"", ""column_11""]",11,"[""column_1"", ""column_5"", ""column_6"", ""column_7"", ""column_8"", ""column_9""]","{""column_11"": {""max"": ""2023-11-23"", ""min"": ""2023-01-10"", ""valid_rows"": ""13""}, ""column_2"": {""max"": ""2020-06-23"", ""min"": ""2019-01-07"", ""valid_rows"": ""8""}, ""column_4"": {""max"": ""2023-12-20"", ""min"": ""2022-11-25"", ""valid_rows"": ""13""}}","[""column_3""]",converted,
stock_data/04Rights Issues.xls,xls,2022,csv/stock_data/04Rights_Issues__2022.csv,18,11,"[""column_1"", ""column_2"", ""column_3"", ""column_4"", ""column_5"", ""column_6"", ""column_7"", ""column_8"", ""column_9"", ""column_10"", ""column_11""]",11,"[""column_1"", ""column_5"", ""column_6"", ""column_7"", ""column_8"", ""column_9""]","{""column_11"": {""max"": ""2022-12-12"", ""min"": ""2022-03-04"", ""valid_rows"": ""15""}, ""column_2"": {""max"": ""2020-06-23"", ""min"": ""2019-01-07"", ""valid_rows"": ""8""}, ""column_4"": {""max"": ""2022-10-27"", ""min"": ""2022-01-20"", ""valid_rows"": ""15""}}","[""column_3""]",converted,
stock_data/04Rights Issues.xls,xls,2021,csv/stock_data/04Rights_Issues__2021.csv,19,11,"[""column_1"", ""column_2"", ""column_3"", ""column_4"", ""column_5"", ""column_6"", ""column_7"", ""column_8"", ""column_9"", ""column_10"", ""column_11""]",11,"[""column_1"", ""column_5"", ""column_6"", ""column_7"", ""column_8"", ""column_9""]","{""column_11"": {""max"": ""2021-12-28"", ""min"": ""2021-01-07"", ""valid_rows"": ""17""}, ""column_2"": {""max"": ""2020-06-23"", ""min"": ""2020-01-07"", ""valid_rows"": ""5""}, ""column_4"": {""max"": ""2021-11-15"", ""min"": ""2020-11-26"", ""valid_rows"": ""17""}}","[""column_3""]",converted,
stock_data/04Rights Issues.xls,xls,2020,csv/stock_data/04Rights_Issues__2020.csv,19,11,"[""column_1"", ""column_2"", ""column_3"", ""column_4"", ""column_5"", ""column_6"", ""column_7"", ""column_8"", ""column_9"", ""column_10"", ""column_11""]",11,"[""column_1"", ""column_5"", ""column_6"", ""column_7"", ""column_8"", ""column_9""]","{""column_11"": {""max"": ""2020-12-31"", ""min"": ""2020-01-31"", ""valid_rows"": ""15""}, ""column_2"": {""max"": ""2020-06-23"", ""min"": ""2019-01-07"", ""valid_rows"": ""8""}, ""column_4"": {""max"": ""2020-11-30"", ""min"": ""2019-05-21"", ""valid_rows"": ""16""}}","[""column_3""]",converted,
stock_data/04Rights Issues.xls,xls,2019,csv/stock_data/04Rights_Issues__2019.csv,24,11,"[""column_1"", ""column_2"", ""column_3"", ""column_4"", ""column_5"", ""column_6"", ""column_7"", ""column_8"", ""column_9"", ""column_10"", ""column_11""]",11,"[""column_1"", ""column_5"", ""column_6"", ""column_7"", ""column_8"", ""column_9""]","{""column_11"": {""max"": ""2019-12-20"", ""min"": ""2019-03-26"", ""valid_rows"": ""20""}, ""column_2"": {""max"": ""2019-09-05"", ""min"": ""2018-10-26"", ""valid_rows"": ""18""}, ""column_4"": {""max"": ""2019-11-14"", ""min"": ""2019-02-13"", ""valid_rows"": ""18""}}","[""column_3""]",converted,
stock_data/04Rights Issues.xls,xls,2018,csv/stock_data/04Rights_Issues__2018.csv,22,11,"[""column_1"", ""column_2"", ""column_3"", ""column_4"", ""column_5"", ""column_6"", ""column_7"", ""column_8"", ""column_9"", ""column_10"", ""column_11""]",11,"[""column_1"", ""column_5"", ""column_6"", ""column_7"", ""column_8"", ""column_9""]","{""column_11"": {""max"": ""2018-10-25"", ""min"": ""2018-01-17"", ""valid_rows"": ""16""}, ""column_2"": {""max"": ""2018-06-29"", ""min"": ""2017-03-17"", ""valid_rows"": ""16""}, ""column_4"": {""max"": ""2018-09-12"", ""min"": ""2017-12-08"", ""valid_rows"": ""16""}}","[""column_3""]",converted,
stock_data/04Rights Issues.xls,xls,2017,csv/stock_data/04Rights_Issues__2017.csv,27,11,"[""column_1"", ""column_2"", ""column_3"", ""column_4"", ""column_5"", ""column_6"", ""column_7"", ""column_8"", ""column_9"", ""column_10"", ""column_11""]",11,"[""column_1"", ""column_5"", ""column_6"", ""column_7"", ""column_8"", ""column_9""]","{""column_11"": {""max"": ""2017-12-29"", ""min"": ""2017-01-09"", ""valid_rows"": ""17""}, ""column_2"": {""max"": ""2017-09-11"", ""min"": ""2016-08-10"", ""valid_rows"": ""16""}, ""column_4"": {""max"": ""2017-11-22"", ""min"": ""2016-11-29"", ""valid_rows"": ""15""}}","[""column_3""]",converted,
stock_data/04Rights Issues.xls,xls,2016,csv/stock_data/04Rights_Issues__2016.csv,13,11,"[""column_1"", ""column_2"", ""column_3"", ""column_4"", ""column_5"", ""column_6"", ""column_7"", ""column_8"", ""column_9"", ""column_10"", ""column_11""]",11,"[""column_1"", ""column_5"", ""column_6"", ""column_7"", ""column_8"", ""column_9""]","{""column_11"": {""max"": ""2016-08-03"", ""min"": ""2016-01-06"", ""valid_rows"": ""6""}, ""column_2"": {""max"": ""2016-04-25"", ""min"": ""2015-07-03"", ""valid_rows"": ""5""}, ""column_4"": {""max"": ""2016-06-24"", ""min"": ""2015-11-30"", ""valid_rows"": ""6""}}","[""column_3""]",converted,
stock_data/04Rights Issues.xls,xls,2015,csv/stock_data/04Rights_Issues__2015.csv,32,11,"[""column_1"", ""column_2"", ""column_3"", ""column_4"", ""column_5"", ""column_6"", ""column_7"", ""column_8"", ""column_9"", ""column_10"", ""column_11""]",11,"[""column_1"", ""column_5"", ""column_6"", ""column_7"", ""column_8"", ""column_9""]","{""column_11"": {""max"": ""2015-12-15"", ""min"": ""2015-01-27"", ""valid_rows"": ""15""}, ""column_2"": {""max"": ""2015-10-13"", ""min"": ""2014-08-13"", ""valid_rows"": ""16""}, ""column_4"": {""max"": ""2015-12-11"", ""min"": ""2014-12-10"", ""valid_rows"": ""16""}}","[""column_3""]",converted,
stock_data/04Rights Issues.xls,xls,2014,csv/stock_data/04Rights_Issues__2014.csv,21,10,"[""column_1"", ""column_2"", ""column_3"", ""column_4"", ""column_5"", ""column_6"", ""column_7"", ""column_8"", ""column_9"", ""column_10""]",10,"[""column_1"", ""column_4"", ""column_5"", ""column_6"", ""column_7"", ""column_8""]","{""column_10"": {""max"": ""2014-12-30"", ""min"": ""2014-03-31"", ""valid_rows"": ""11""}, ""column_3"": {""max"": ""2014-11-18"", ""min"": ""2014-02-26"", ""valid_rows"": ""11""}}","[""column_2""]",converted,
stock_data/04Rights Issues.xls,xls,2013,csv/stock_data/04Rights_Issues__2013.csv,21,10,"[""column_1"", ""column_2"", ""column_3"", ""column_4"", ""column_5"", ""column_6"", ""column_7"", ""column_8"", ""column_9"", ""column_10""]",10,"[""column_1"", ""column_4"", ""column_5"", ""column_6"", ""column_7"", ""column_8""]","{""column_10"": {""max"": ""2013-12-24"", ""min"": ""2013-04-18"", ""valid_rows"": ""9""}, ""column_3"": {""max"": ""2013-11-22"", ""min"": ""2013-03-05"", ""valid_rows"": ""9""}}","[""column_2""]",converted,
stock_data/04Rights Issues.xls,xls,2012,csv/stock_data/04Rights_Issues__2012.csv,37,7,"[""column_1"", ""column_2"", ""column_3"", ""column_4"", ""column_5"", ""column_6"", ""column_7""]",7,"[""column_3"", ""column_4"", ""column_5"", ""column_6""]","{""column_7"": {""max"": ""2012-12-19"", ""min"": ""2012-01-05"", ""valid_rows"": ""20""}}","[""column_1""]",converted,
stock_data/04Rights Issues.xls,xls,2011,csv/stock_data/04Rights_Issues__2011.csv,43,7,"[""column_1"", ""column_2"", ""column_3"", ""column_4"", ""column_5"", ""column_6"", ""column_7""]",7,"[""column_3"", ""column_4"", ""column_5"", ""column_6""]","{""column_7"": {""max"": ""2011-10-10"", ""min"": ""2011-01-11"", ""valid_rows"": ""27""}}","[""column_1""]",converted,
stock_data/04Rights Issues.xls,xls,2010,csv/stock_data/04Rights_Issues__2010.csv,48,8,"[""column_1"", ""column_2"", ""column_3"", ""column_4"", ""column_5"", ""column_6"", ""column_7"", ""column_8""]",8,"[""column_3"", ""column_4"", ""column_5"", ""column_6""]","{""column_8"": {""max"": ""2010-12-30"", ""min"": ""2010-01-25"", ""valid_rows"": ""31""}}","[""column_1""]",converted,
stock_data/04Rights Issues.xls,xls,2009,csv/stock_data/04Rights_Issues__2009.csv,27,8,"[""column_1"", ""column_2"", ""column_3"", ""column_4"", ""column_5"", ""column_6"", ""column_7"", ""column_8""]",8,"[""column_3"", ""column_4"", ""column_5"", ""column_6""]","{""column_8"": {""max"": ""2009-12-03"", ""min"": ""2009-02-11"", ""valid_rows"": ""14""}}","[""column_1""]",converted,
stock_data/04Rights Issues.xls,xls,2008,csv/stock_data/04Rights_Issues__2008.csv,19,8,"[""column_1"", ""column_2"", ""column_3"", ""column_4"", ""column_5"", ""column_6"", ""column_7"", ""column_8""]",8,"[""column_3"", ""column_4"", ""column_5"", ""column_6""]","{""column_8"": {""max"": ""2008-11-03"", ""min"": ""2008-01-17"", ""valid_rows"": ""9""}}","[""column_1""]",converted,
stock_data/04Rights Issues.xls,xls,2007,csv/stock_data/04Rights_Issues__2007.csv,39,8,"[""column_1"", ""column_2"", ""column_3"", ""column_4"", ""column_5"", ""column_6"", ""column_7"", ""column_8""]",8,"[""column_3"", ""column_4"", ""column_5"", ""column_7""]","{""column_8"": {""max"": ""2007-12-31"", ""min"": ""2007-02-06"", ""valid_rows"": ""22""}}","[""column_1""]",converted,
stock_data/04Rights Issues.xls,xls,2006 ,csv/stock_data/04Rights_Issues__2006.csv,33,8,"[""column_1"", ""column_2"", ""column_3"", ""column_4"", ""column_5"", ""column_6"", ""column_7"", ""column_8""]",8,"[""column_3"", ""column_4"", ""column_5"", ""column_7""]","{""column_8"": {""max"": ""2006-11-20"", ""min"": ""2006-01-04"", ""valid_rows"": ""16""}}","[""column_1""]",converted,
stock_data/04Rights Issues.xls,xls,2005,csv/stock_data/04Rights_Issues__2005.csv,36,8,"[""column_1"", ""column_2"", ""column_3"", ""column_4"", ""column_5"", ""column_6"", ""column_7"", ""column_8""]",8,"[""column_3"", ""column_4"", ""column_5"", ""column_7""]","{""column_8"": {""max"": ""2005-12-06"", ""min"": ""2005-02-11"", ""valid_rows"": ""18""}}","[""column_1""]",converted,
stock_data/04Rights Issues.xls,xls,2004,csv/stock_data/04Rights_Issues__2004.csv,43,7,"[""column_1"", ""column_2"", ""column_3"", ""column_4"", ""column_5"", ""column_6"", ""column_7""]",7,"[""column_3"", ""column_5""]","{""column_7"": {""max"": ""2004-12-29"", ""min"": ""2004-01-26"", ""valid_rows"": ""25""}}","[""column_1""]",converted,
stock_data/04Rights Issues.xls,xls,2003,csv/stock_data/04Rights_Issues__2003.csv,36,7,"[""column_2"", ""column_3"", ""column_4"", ""column_5"", ""column_6"", ""column_7"", ""column_8""]",7,"[""column_4"", ""column_5"", ""column_6""]","{""column_8"": {""max"": ""2003-12-18"", ""min"": ""2003-01-21"", ""valid_rows"": ""19""}}","[""column_2""]",converted,
stock_data/04Rights Issues.xls,xls,2002,csv/stock_data/04Rights_Issues__2002.csv,22,8,"[""column_2"", ""column_3"", ""column_4"", ""column_5"", ""column_6"", ""column_7"", ""column_8"", ""column_9""]",8,"[""column_4"", ""column_5"", ""column_6"", ""column_8""]","{""column_9"": {""max"": ""2002-12-24"", ""min"": ""2002-01-03"", ""valid_rows"": ""9""}}","[""column_2""]",converted,
stock_data/04Rights Issues.xls,xls,2001,csv/stock_data/04Rights_Issues__2001.csv,8,7,"[""column_2"", ""column_3"", ""column_4"", ""column_5"", ""column_6"", ""column_7"", ""column_8""]",7,[],"{""column_8"": {""max"": ""2001-08-06"", ""min"": ""2001-03-29"", ""valid_rows"": ""5""}}","[""column_2""]",converted,
stock_data/04Rights Issues.xls,xls,2000,csv/stock_data/04Rights_Issues__2000.csv,20,7,"[""column_2"", ""column_3"", ""column_4"", ""column_5"", ""column_6"", ""column_7"", ""column_8""]",7,"[""column_4"", ""column_5"", ""column_6""]","{""column_8"": {""max"": ""2000-10-23"", ""min"": ""2000-02-07"", ""valid_rows"": ""9""}}","[""column_2""]",converted,
stock_data/04Rights Issues.xls,xls,1999,csv/stock_data/04Rights_Issues__1999.csv,19,6,"[""column_2"", ""column_3"", ""column_4"", ""column_5"", ""column_6"", ""column_7""]",6,"[""column_4"", ""column_5""]","{""column_7"": {""max"": ""1999-11-08"", ""min"": ""1999-01-11"", ""valid_rows"": ""6""}}","[""column_2""]",converted,
stock_data/04Rights Issues.xls,xls,1998,csv/stock_data/04Rights_Issues__1998.csv,23,5,"[""column_2"", ""column_3"", ""column_4"", ""column_5"", ""column_6""]",5,"[""column_4"", ""column_5""]",{},"[""column_2""]",converted,
stock_data/04Rights Issues.xls,xls,1997,csv/stock_data/04Rights_Issues__1997.csv,27,5,"[""column_2"", ""column_3"", ""column_4"", ""column_5"", ""column_6""]",5,"[""column_4"", ""column_5""]",{},"[""column_2""]",converted,
stock_data/04Rights Issues.xls,xls,1996,csv/stock_data/04Rights_Issues__1996.csv,36,5,"[""column_2"", ""column_3"", ""column_4"", ""column_5"", ""column_6""]",5,"[""column_4"", ""column_5"", ""column_6""]",{},"[""column_2""]",converted,
stock_data/04Rights Issues.xls,xls,1995,csv/stock_data/04Rights_Issues__1995.csv,34,5,"[""column_2"", ""column_3"", ""column_4"", ""column_5"", ""column_6""]",5,"[""column_4"", ""column_5""]",{},"[""column_2""]",converted,
stock_data/04Rights Issues.xls,xls,1994,csv/stock_data/04Rights_Issues__1994.csv,47,5,"[""column_2"", ""column_3"", ""column_4"", ""column_5"", ""column_6""]",5,"[""column_4"", ""column_5""]",{},"[""column_2""]",converted,
stock_data/04Rights Issues.xls,xls,1993,csv/stock_data/04Rights_Issues__1993.csv,51,5,"[""column_2"", ""column_3"", ""column_4"", ""column_5"", ""column_6""]",5,"[""column_5"", ""column_6""]",{},"[""column_2""]",converted,
stock_data/04Rights Issues.xls,xls,1992,csv/stock_data/04Rights_Issues__1992.csv,34,6,"[""column_2"", ""column_3"", ""column_4"", ""column_5"", ""column_6"", ""column_7""]",6,[],{},"[""column_2""]",converted,
stock_data/04Rights Issues.xls,xls,1991,csv/stock_data/04Rights_Issues__1991.csv,34,6,"[""column_2"", ""column_3"", ""column_4"", ""column_5"", ""column_6"", ""column_7""]",6,[],{},"[""column_2""]",converted,
stock_data/04Rights Issues.xls,xls,1990,csv/stock_data/04Rights_Issues__1990.csv,29,6,"[""column_2"", ""column_3"", ""column_4"", ""column_5"", ""column_6"", ""column_7""]",6,[],{},"[""column_2""]",converted,
stock_data/05Sub Division (Share Splits).xls,xls,2025,csv/stock_data/05Sub_Division__Share_Splits__2025.csv,7,7,"[""column_1"", ""column_2"", ""column_3"", ""column_4"", ""column_5"", ""column_6"", ""column_7""]",7,"[""column_1"", ""column_5"", ""column_6""]","{""column_7"": {""max"": ""2025-10-21"", ""min"": ""2025-02-18"", ""valid_rows"": ""5""}}","[""column_3"", ""column_4""]",converted,
stock_data/05Sub Division (Share Splits).xls,xls,2024,csv/stock_data/05Sub_Division__Share_Splits__2024.csv,5,7,"[""column_1"", ""column_2"", ""column_3"", ""column_4"", ""column_5"", ""column_6"", ""column_7""]",7,"[""column_1"", ""column_5"", ""column_6""]","{""column_7"": {""max"": ""2024-11-05"", ""min"": ""2024-01-16"", ""valid_rows"": ""3""}}","[""column_3"", ""column_4""]",converted,
stock_data/05Sub Division (Share Splits).xls,xls,2023,csv/stock_data/05Sub_Division__Share_Splits__2023.csv,3,7,"[""column_1"", ""column_2"", ""column_3"", ""column_4"", ""column_5"", ""column_6"", ""column_7""]",7,[],{},"[""column_3"", ""column_4""]",converted,
stock_data/05Sub Division (Share Splits).xls,xls,2022,csv/stock_data/05Sub_Division__Share_Splits__2022.csv,7,7,"[""column_1"", ""column_2"", ""column_3"", ""column_4"", ""column_5"", ""column_6"", ""column_7""]",7,"[""column_1"", ""column_5"", ""column_6""]","{""column_7"": {""max"": ""2022-05-04"", ""min"": ""2022-03-03"", ""valid_rows"": ""5""}}","[""column_3"", ""column_4""]",converted,
stock_data/05Sub Division (Share Splits).xls,xls,2021,csv/stock_data/05Sub_Division__Share_Splits__2021.csv,30,7,"[""column_1"", ""column_2"", ""column_3"", ""column_4"", ""column_5"", ""column_6"", ""column_7""]",7,"[""column_1"", ""column_5"", ""column_6""]","{""column_7"": {""max"": ""2021-10-08"", ""min"": ""2021-01-11"", ""valid_rows"": ""28""}}","[""column_3"", ""column_4""]",converted,
stock_data/05Sub Division (Share Splits).xls,xls,2020,csv/stock_data/05Sub_Division__Share_Splits__2020.csv,4,8,"[""column_1"", ""column_2"", ""column_3"", ""column_4"", ""column_5"", ""column_6"", ""column_7"", ""column_8""]",8,[],{},"[""column_3"", ""column_4"", ""column_5""]",converted,
stock_data/05Sub Division (Share Splits).xls,xls,2019,csv/stock_data/05Sub_Division__Share_Splits__2019.csv,3,8,"[""column_1"", ""column_2"", ""column_3"", ""column_4"", ""column_5"", ""column_6"", ""column_7"", ""column_8""]",8,[],{},"[""column_3"", ""column_4"", ""column_5""]",converted,
stock_data/05Sub Division (Share Splits).xls,xls,2018 ,csv/stock_data/05Sub_Division__Share_Splits__2018.csv,4,8,"[""column_1"", ""column_2"", ""column_3"", ""column_4"", ""column_5"", ""column_6"", ""column_7"", ""column_8""]",8,[],{},"[""column_3"", ""column_4"", ""column_5""]",converted,
stock_data/05Sub Division (Share Splits).xls,xls,2017,csv/stock_data/05Sub_Division__Share_Splits__2017.csv,6,8,"[""column_1"", ""column_2"", ""column_3"", ""column_4"", ""column_5"", ""column_6"", ""column_7"", ""column_8""]",8,"[""column_1"", ""column_6"", ""column_7""]","{""column_2"": {""max"": ""2017-09-07"", ""min"": ""2016-06-20"", ""valid_rows"": ""4""}, ""column_8"": {""max"": ""2017-07-13"", ""min"": ""2017-01-16"", ""valid_rows"": ""4""}}","[""column_3"", ""column_4"", ""column_5""]",converted,
stock_data/05Sub Division (Share Splits).xls,xls,2016,csv/stock_data/05Sub_Division__Share_Splits__2016.csv,13,7,"[""column_1"", ""column_2"", ""column_3"", ""column_4"", ""column_5"", ""column_6"", ""column_7""]",7,"[""column_5"", ""column_6""]","{""column_1"": {""max"": ""2016-08-10"", ""min"": ""2015-12-28"", ""valid_rows"": ""10""}, ""column_7"": {""max"": ""2016-11-21"", ""min"": ""2016-02-25"", ""valid_rows"": ""10""}}","[""column_2"", ""column_3"", ""column_4""]",converted,
stock_data/05Sub Division (Share Splits).xls,xls,2015,csv/stock_data/05Sub_Division__Share_Splits__2015.csv,11,7,"[""column_1"", ""column_2"", ""column_3"", ""column_4"", ""column_5"", ""column_6"", ""column_7""]",7,"[""column_5"", ""column_6""]","{""column_1"": {""max"": ""2015-09-17"", ""min"": ""2014-10-30"", ""valid_rows"": ""9""}, ""column_7"": {""max"": ""2015-11-11"", ""min"": ""2015-01-19"", ""valid_rows"": ""9""}}","[""column_2"", ""column_3"", ""column_4""]",converted,
stock_data/05Sub Division (Share Splits).xls,xls,2014,csv/stock_data/05Sub_Division__Share_Splits__2014.csv,3,6,"[""column_1"", ""column_2"", ""column_3"", ""column_4"", ""column_5"", ""column_6""]",6,[],{},"[""column_1"", ""column_2"", ""column_3""]",converted,
stock_data/05Sub Division (Share Splits).xls,xls,2013,csv/stock_data/05Sub_Division__Share_Splits__2013.csv,5,6,"[""column_1"", ""column_2"", ""column_3"", ""column_4"", ""column_5"", ""column_6""]",6,"[""column_4"", ""column_5""]","{""column_6"": {""max"": ""2013-02-18"", ""min"": ""2013-01-09"", ""valid_rows"": ""3""}}","[""column_1"", ""column_2"", ""column_3""]",converted,
stock_data/05Sub Division (Share Splits).xls,xls,2012,csv/stock_data/05Sub_Division__Share_Splits__2012.csv,6,6,"[""column_1"", ""column_2"", ""column_3"", ""column_4"", ""column_5"", ""column_6""]",6,"[""column_4"", ""column_5""]","{""column_6"": {""max"": ""2012-04-04"", ""min"": ""2012-01-17"", ""valid_rows"": ""4""}}","[""column_1"", ""column_2"", ""column_3""]",converted,
stock_data/05Sub Division (Share Splits).xls,xls,2011,csv/stock_data/05Sub_Division__Share_Splits__2011.csv,29,6,"[""column_1"", ""column_2"", ""column_3"", ""column_4"", ""column_5"", ""column_6""]",6,"[""column_4"", ""column_5""]","{""column_6"": {""max"": ""2011-12-28"", ""min"": ""2011-02-08"", ""valid_rows"": ""27""}}","[""column_1"", ""column_2"", ""column_3""]",converted,
stock_data/05Sub Division (Share Splits).xls,xls,2010,csv/stock_data/05Sub_Division__Share_Splits__2010.csv,32,5,"[""column_1"", ""column_2"", ""column_3"", ""column_4"", ""column_5""]",5,"[""column_3"", ""column_4""]","{""column_5"": {""max"": ""2010-11-29"", ""min"": ""2010-01-26"", ""valid_rows"": ""30""}}","[""column_1"", ""column_2""]",converted,
stock_data/05Sub Division (Share Splits).xls,xls,2009,csv/stock_data/05Sub_Division__Share_Splits__2009.csv,5,5,"[""column_1"", ""column_2"", ""column_3"", ""column_4"", ""column_5""]",5,"[""column_3"", ""column_4""]","{""column_5"": {""max"": ""2009-12-18"", ""min"": ""2009-05-11"", ""valid_rows"": ""3""}}","[""column_1"", ""column_2""]",converted,
stock_data/06New Listings & De-listings.xls,xls,2025,csv/stock_data/06New_Listings___De-listings__2025.csv,87,11,"[""column_1"", ""column_2"", ""column_3"", ""column_4"", ""column_5"", ""column_6"", ""column_7"", ""column_8"", ""column_9"", ""column_10"", ""column_11""]",11,"[""column_1"", ""column_4"", ""column_6"", ""column_8"", ""column_11""]","{""column_10"": {""max"": ""2025-12-19"", ""min"": ""2025-10-08"", ""valid_rows"": ""21""}, ""column_9"": {""max"": ""2025-11-19"", ""min"": ""2025-01-02"", ""valid_rows"": ""36""}}","[""column_3""]",converted,
stock_data/06New Listings & De-listings.xls,xls,2024,csv/stock_data/06New_Listings___De-listings__2024.csv,60,11,"[""column_1"", ""column_2"", ""column_3"", ""column_4"", ""column_5"", ""column_6"", ""column_7"", ""column_8"", ""column_9"", ""column_10"", ""column_11""]",11,"[""column_1"", ""column_6"", ""column_7"", ""column_8"", ""column_10"", ""column_11""]","{""column_4"": {""max"": ""2024-10-08"", ""min"": ""2024-01-16"", ""valid_rows"": ""10""}, ""column_9"": {""max"": ""2024-12-18"", ""min"": ""2024-01-09"", ""valid_rows"": ""32""}}","[""column_3""]",converted,
stock_data/06New Listings & De-listings.xls,xls,2023,csv/stock_data/06New_Listings___De-listings__2023.csv,31,12,"[""column_1"", ""column_2"", ""column_3"", ""column_4"", ""column_5"", ""column_6"", ""column_7"", ""column_8"", ""column_9"", ""column_10"", ""column_11"", ""column_12""]",12,"[""column_6"", ""column_7"", ""column_8"", ""column_10"", ""column_11""]","{""column_9"": {""max"": ""2023-12-29"", ""min"": ""2023-02-15"", ""valid_rows"": ""17""}}","[""column_3""]",converted,
stock_data/06New Listings & De-listings.xls,xls,2022,csv/stock_data/06New_Listings___De-listings__2022.csv,47,12,"[""column_1"", ""column_2"", ""column_3"", ""column_4"", ""column_5"", ""column_6"", ""column_7"", ""column_8"", ""column_9"", ""column_10"", ""column_11"", ""column_12""]",12,"[""column_1"", ""column_7"", ""column_8"", ""column_10"", ""column_11""]","{""column_2"": {""max"": ""2020-09-04"", ""min"": ""2020-01-17"", ""valid_rows"": ""9""}, ""column_4"": {""max"": ""2022-12-01"", ""min"": ""2022-03-23"", ""valid_rows"": ""11""}, ""column_9"": {""max"": ""2022-12-16"", ""min"": ""2022-01-07"", ""valid_rows"": ""14""}}","[""column_3""]",converted,
stock_data/06New Listings & De-listings.xls,xls,2021,csv/stock_data/06New_Listings___De-listings__2021.csv,61,12,"[""column_1"", ""column_2"", ""column_3"", ""column_4"", ""column_5"", ""column_6"", ""column_7"", ""column_8"", ""column_9"", ""column_10"", ""column_11"", ""column_12""]",12,"[""column_1"", ""column_6"", ""column_7"", ""column_8"", ""column_11""]","{""column_2"": {""max"": ""2020-09-24"", ""min"": ""2020-01-17"", ""valid_rows"": ""10""}, ""column_4"": {""max"": ""2021-09-06"", ""min"": ""2021-03-18"", ""valid_rows"": ""3""}, ""column_9"": {""max"": ""2021-12-31"", ""min"": ""2021-02-15"", ""valid_rows"": ""42""}}","[""column_3""]",converted,
stock_data/06New Listings & De-listings.xls,xls,2020,csv/stock_data/06New_Listings___De-listings__2020.csv,37,12,"[""column_1"", ""column_2"", ""column_3"", ""column_4"", ""column_5"", ""column_6"", ""column_7"", ""column_8"", ""column_9"", ""column_10"", ""column_11"", ""column_12""]",12,"[""column_6"", ""column_8"", ""column_10"", ""column_12""]","{""column_2"": {""max"": ""2020-09-29"", ""min"": ""2020-01-17"", ""valid_rows"": ""14""}, ""column_4"": {""max"": ""2020-12-28"", ""min"": ""2020-01-30"", ""valid_rows"": ""7""}, ""column_9"": {""max"": ""2020-10-29"", ""min"": ""2020-01-08"", ""valid_rows"": ""9""}}","[""column_3""]",converted,
stock_data/06New Listings & De-listings.xls,xls,2019,csv/stock_data/06New_Listings___De-listings__2019.csv,55,12,"[""column_1"", ""column_2"", ""column_3"", ""column_4"", ""column_5"", ""column_6"", ""column_7"", ""column_8"", ""column_9"", ""column_10"", ""column_11"", ""column_12""]",12,"[""column_4"", ""column_6"", ""column_7"", ""column_8"", ""column_10"", ""column_11"", ""column_12""]","{""column_2"": {""max"": ""2019-12-10"", ""min"": ""2018-11-30"", ""valid_rows"": ""27""}, ""column_9"": {""max"": ""2019-12-30"", ""min"": ""2019-02-11"", ""valid_rows"": ""18""}}","[""column_3""]",converted,
stock_data/06New Listings & De-listings.xls,xls,2018 ,csv/stock_data/06New_Listings___De-listings__2018.csv,38,12,"[""column_1"", ""column_2"", ""column_3"", ""column_4"", ""column_5"", ""column_6"", ""column_7"", ""column_8"", ""column_9"", ""column_10"", ""column_11"", ""column_12""]",12,"[""column_4"", ""column_6"", ""column_7"", ""column_8"", ""column_10"", ""column_11"", ""column_12""]","{""column_2"": {""max"": ""2018-09-20"", ""min"": ""2017-11-17"", ""valid_rows"": ""16""}, ""column_9"": {""max"": ""2018-10-08"", ""min"": ""2018-01-05"", ""valid_rows"": ""13""}}","[""column_3""]",converted,
stock_data/06New Listings & De-listings.xls,xls,2017,csv/stock_data/06New_Listings___De-listings__2017.csv,35,12,"[""column_1"", ""column_2"", ""column_3"", ""column_4"", ""column_5"", ""column_6"", ""column_7"", ""column_8"", ""column_9"", ""column_10"", ""column_11"", ""column_12""]",12,"[""column_6"", ""column_7"", ""column_8"", ""column_10"", ""column_11"", ""column_12""]","{""column_2"": {""max"": ""2017-12-11"", ""min"": ""2016-12-19"", ""valid_rows"": ""11""}, ""column_9"": {""max"": ""2017-12-28"", ""min"": ""2017-01-19"", ""valid_rows"": ""15""}}","[""column_3""]",converted,
stock_data/06New Listings & De-listings.xls,xls,2016,csv/stock_data/06New_Listings___De-listings__2016.csv,60,12,"[""column_1"", ""column_2"", ""column_3"", ""column_4"", ""column_5"", ""column_6"", ""column_7"", ""column_8"", ""column_9"", ""column_10"", ""column_11"", ""column_12""]",12,"[""column_1"", ""column_4"", ""column_6"", ""column_8"", ""column_10"", ""column_11"", ""column_12""]","{""column_2"": {""max"": ""2016-12-27"", ""min"": ""2015-11-20"", ""valid_rows"": ""23""}, ""column_9"": {""max"": ""2016-11-23"", ""min"": ""2016-01-11"", ""valid_rows"": ""42""}}","[""column_3""]",converted,
stock_data/06New Listings & De-listings.xls,xls,2015,csv/stock_data/06New_Listings___De-listings__2015.csv,78,12,"[""column_1"", ""column_2"", ""column_3"", ""column_4"", ""column_5"", ""column_6"", ""column_7"", ""column_8"", ""column_9"", ""column_10"", ""column_11"", ""column_12""]",12,"[""column_1"", ""column_4"", ""column_5"", ""column_7"", ""column_9"", ""column_10"", ""column_11""]","{""column_2"": {""max"": ""2015-11-12"", ""min"": ""2014-11-28"", ""valid_rows"": ""27""}, ""column_4"": {""max"": ""2015-10-01"", ""min"": ""2015-01-26"", ""valid_rows"": ""3""}, ""column_8"": {""max"": ""2015-12-18"", ""min"": ""2015-01-06"", ""valid_rows"": ""55""}, ""column_9"": {""max"": ""2015-12-01"", ""min"": ""2015-01-16"", ""valid_rows"": ""3""}}","[""column_3""]",converted,
stock_data/06New Listings & De-listings.xls,xls,2014,csv/stock_data/06New_Listings___De-listings__2014.csv,78,10,"[""column_1"", ""column_2"", ""column_3"", ""column_4"", ""column_5"", ""column_6"", ""column_7"", ""column_8"", ""column_9"", ""column_10""]",10,"[""column_1"", ""column_4"", ""column_6"", ""column_9"", ""column_10""]","{""column_3"": {""max"": ""2014-10-30"", ""min"": ""2014-09-23"", ""valid_rows"": ""3""}, ""column_7"": {""max"": ""2014-12-31"", ""min"": ""2014-03-05"", ""valid_rows"": ""45""}, ""column_8"": {""max"": ""2014-07-30"", ""min"": ""2014-01-29"", ""valid_rows"": ""6""}}","[""column_2""]",converted,
stock_data/06New Listings & De-listings.xls,xls,2013,csv/stock_data/06New_Listings___De-listings__2013.csv,120,10,"[""column_1"", ""column_2"", ""column_3"", ""column_4"", ""column_5"", ""column_6"", ""column_7"", ""column_8"", ""column_9"", ""column_10""]",10,"[""column_1"", ""column_3"", ""column_4"", ""column_6"", ""column_8"", ""column_9"", ""column_10""]","{""column_5"": {""max"": ""2013-11-21"", ""min"": ""2013-02-27"", ""valid_rows"": ""14""}, ""column_7"": {""max"": ""2013-12-27"", ""min"": ""2013-03-06"", ""valid_rows"": ""84""}}","[""column_2""]",converted,
stock_data/06New Listings & De-listings.xls,xls,2012,csv/stock_data/06New_Listings___De-listings__2012.csv,61,10,"[""column_1"", ""column_2"", ""column_3"", ""column_4"", ""column_5"", ""column_6"", ""column_7"", ""column_8"", ""column_9"", ""column_10""]",10,"[""column_2"", ""column_5"", ""column_8"", ""column_9""]","{""column_10"": {""max"": ""2012-12-17"", ""min"": ""2012-01-03"", ""valid_rows"": ""6""}, ""column_4"": {""max"": ""2012-12-28"", ""min"": ""2012-01-18"", ""valid_rows"": ""19""}, ""column_6"": {""max"": ""2012-12-26"", ""min"": ""2012-01-03"", ""valid_rows"": ""9""}}","[""column_1"", ""column_3""]",converted,
stock_data/06New Listings & De-listings.xls,xls,2011,csv/stock_data/06New_Listings___De-listings__2011.csv,51,9,"[""column_2"", ""column_3"", ""column_4"", ""column_5"", ""column_6"", ""column_7"", ""column_8"", ""column_9"", ""column_10""]",9,"[""column_3"", ""column_4"", ""column_6"", ""column_7"", ""column_9""]","{""column_10"": {""max"": ""2011-11-24"", ""min"": ""2011-01-07"", ""valid_rows"": ""13""}, ""column_5"": {""max"": ""2011-11-29"", ""min"": ""2011-03-22"", ""valid_rows"": ""19""}}","[""column_2""]",converted,
stock_data/06New Listings & De-listings.xls,xls,2010,csv/stock_data/06New_Listings___De-listings__2010.csv,32,10,"[""column_1"", ""column_2"", ""column_3"", ""column_4"", ""column_5"", ""column_6"", ""column_7"", ""column_8"", ""column_9"", ""column_10""]",10,"[""column_4"", ""column_6"", ""column_7"", ""column_9""]","{""column_10"": {""max"": ""2010-12-09"", ""min"": ""2010-01-04"", ""valid_rows"": ""9""}}","[""column_2""]",converted,
stock_data/06New Listings & De-listings.xls,xls,2009,csv/stock_data/06New_Listings___De-listings__2009.csv,27,10,"[""column_1"", ""column_2"", ""column_3"", ""column_4"", ""column_5"", ""column_6"", ""column_7"", ""column_8"", ""column_9"", ""column_10""]",10,[],"{""column_3"": {""max"": ""2009-09-28"", ""min"": ""2009-02-27"", ""valid_rows"": ""6""}}","[""column_2""]",converted,
stock_data/06New Listings & De-listings.xls,xls,2008,csv/stock_data/06New_Listings___De-listings__2008.csv,24,10,"[""column_1"", ""column_2"", ""column_3"", ""column_4"", ""column_5"", ""column_6"", ""column_7"", ""column_8"", ""column_9"", ""column_10""]",10,[],{},"[""column_2""]",converted,
stock_data/06New Listings & De-listings.xls,xls,2007,csv/stock_data/06New_Listings___De-listings__2007.csv,4,2,"[""column_2"", ""column_3""]",2,[],{},"[""column_2""]",converted,
stock_data/06New Listings & De-listings.xls,xls,2006,csv/stock_data/06New_Listings___De-listings__2006.csv,27,8,"[""column_1"", ""column_2"", ""column_3"", ""column_4"", ""column_5"", ""column_6"", ""column_7"", ""column_8""]",8,[],"{""column_3"": {""max"": ""2006-03-23"", ""min"": ""2006-01-04"", ""valid_rows"": ""4""}}","[""column_2""]",converted,
stock_data/06New Listings & De-listings.xls,xls,2005,csv/stock_data/06New_Listings___De-listings__2005.csv,42,8,"[""column_1"", ""column_2"", ""column_3"", ""column_4"", ""column_5"", ""column_6"", ""column_7"", ""column_8""]",8,[],"{""column_3"": {""max"": ""2005-09-12"", ""min"": ""2005-01-10"", ""valid_rows"": ""9""}, ""column_5"": {""max"": ""2005-12-05"", ""min"": ""2005-04-05"", ""valid_rows"": ""4""}, ""column_8"": {""max"": ""2005-11-22"", ""min"": ""2005-07-28"", ""valid_rows"": ""3""}}","[""column_2""]",converted,
stock_data/06New Listings & De-listings.xls,xls,2004,csv/stock_data/06New_Listings___De-listings__2004.csv,34,7,"[""column_2"", ""column_3"", ""column_4"", ""column_5"", ""column_6"", ""column_7"", ""column_8""]",7,[],"{""column_3"": {""max"": ""2004-07-01"", ""min"": ""2004-02-10"", ""valid_rows"": ""7""}, ""column_5"": {""max"": ""2004-11-12"", ""min"": ""2004-01-30"", ""valid_rows"": ""4""}}","[""column_2""]",converted,
stock_data/06New Listings & De-listings.xls,xls,2003,csv/stock_data/06New_Listings___De-listings__2003.csv,32,7,"[""column_2"", ""column_3"", ""column_4"", ""column_5"", ""column_6"", ""column_7"", ""column_8""]",7,"[""column_7""]","{""column_5"": {""max"": ""2003-11-12"", ""min"": ""2003-03-05"", ""valid_rows"": ""3""}, ""column_8"": {""max"": ""2003-11-28"", ""min"": ""2003-01-10"", ""valid_rows"": ""6""}}","[""column_2""]",converted,
stock_data/06New Listings & De-listings.xls,xls,2002,csv/stock_data/06New_Listings___De-listings__2002.csv,38,7,"[""column_2"", ""column_3"", ""column_4"", ""column_5"", ""column_6"", ""column_7"", ""column_8""]",7,"[""column_7""]","{""column_3"": {""max"": ""2002-12-27"", ""min"": ""2002-01-24"", ""valid_rows"": ""9""}, ""column_5"": {""max"": ""2002-08-23"", ""min"": ""2002-01-10"", ""valid_rows"": ""4""}, ""column_8"": {""max"": ""2002-12-31"", ""min"": ""2002-05-21"", ""valid_rows"": ""3""}}","[""column_2""]",converted,
stock_data/06New Listings & De-listings.xls,xls,2001,csv/stock_data/06New_Listings___De-listings__2001.csv,15,6,"[""column_2"", ""column_3"", ""column_4"", ""column_5"", ""column_6"", ""column_7""]",6,[],"{""column_3"": {""max"": ""2001-04-30"", ""min"": ""2001-02-21"", ""valid_rows"": ""3""}}","[""column_2""]",converted,
stock_data/06New Listings & De-listings.xls,xls,2000,csv/stock_data/06New_Listings___De-listings__2000.csv,28,6,"[""column_2"", ""column_3"", ""column_4"", ""column_5"", ""column_6"", ""column_7""]",6,[],"{""column_3"": {""max"": ""2000-09-14"", ""min"": ""2000-03-01"", ""valid_rows"": ""3""}, ""column_7"": {""max"": ""2000-12-08"", ""min"": ""2000-01-11"", ""valid_rows"": ""4""}}","[""column_2""]",converted,
stock_data/06New Listings & De-listings.xls,xls,1999,csv/stock_data/06New_Listings___De-listings__1999.csv,32,6,"[""column_2"", ""column_3"", ""column_4"", ""column_5"", ""column_6"", ""column_7""]",6,[],"{""column_3"": {""max"": ""1999-12-28"", ""min"": ""1999-02-02"", ""valid_rows"": ""7""}, ""column_7"": {""max"": ""1999-05-12"", ""min"": ""1999-03-03"", ""valid_rows"": ""4""}}","[""column_2""]",converted,
stock_data/06New Listings & De-listings.xls,xls,1998,csv/stock_data/06New_Listings___De-listings__1998.csv,33,6,"[""column_2"", ""column_3"", ""column_4"", ""column_5"", ""column_6"", ""column_7""]",6,[],"{""column_3"": {""max"": ""1998-12-23"", ""min"": ""1998-09-30"", ""valid_rows"": ""5""}, ""column_7"": {""max"": ""1998-12-02"", ""min"": ""1998-03-25"", ""valid_rows"": ""6""}}","[""column_2""]",converted,
stock_data/06New Listings & De-listings.xls,xls,1997,csv/stock_data/06New_Listings___De-listings__1997.csv,30,6,"[""column_2"", ""column_3"", ""column_4"", ""column_5"", ""column_6"", ""column_7""]",6,[],"{""column_7"": {""max"": ""1997-12-30"", ""min"": ""1997-01-22"", ""valid_rows"": ""6""}}","[""column_2""]",converted,
stock_data/06New Listings & De-listings.xls,xls,1996,csv/stock_data/06New_Listings___De-listings__1996.csv,31,6,"[""column_2"", ""column_3"", ""column_4"", ""column_5"", ""column_6"", ""column_7""]",6,"[""column_3"", ""column_4"", ""column_5""]","{""column_7"": {""max"": ""1996-10-14"", ""min"": ""1996-01-08"", ""valid_rows"": ""9""}}","[""column_2""]",converted,
stock_data/06New Listings & De-listings.xls,xls,1995,csv/stock_data/06New_Listings___De-listings__1995.csv,36,6,"[""column_2"", ""column_3"", ""column_4"", ""column_5"", ""column_6"", ""column_7""]",6,"[""column_3"", ""column_4"", ""column_5""]","{""column_3"": {""max"": ""1995-06-07"", ""min"": ""1995-04-03"", ""valid_rows"": ""3""}, ""column_7"": {""max"": ""1995-12-12"", ""min"": ""1995-01-09"", ""valid_rows"": ""14""}}","[""column_2""]",converted,
stock_data/06New Listings & De-listings.xls,xls,1994,csv/stock_data/06New_Listings___De-listings__1994.csv,33,6,"[""column_2"", ""column_3"", ""column_4"", ""column_5"", ""column_6"", ""column_7""]",6,"[""column_3"", ""column_4"", ""column_5""]","{""column_7"": {""max"": ""1994-12-07"", ""min"": ""1994-01-28"", ""valid_rows"": ""15""}}","[""column_2""]",converted,
stock_data/06New Listings & De-listings.xls,xls,1993,csv/stock_data/06New_Listings___De-listings__1993.csv,30,6,"[""column_2"", ""column_3"", ""column_4"", ""column_5"", ""column_6"", ""column_7""]",6,"[""column_3"", ""column_4"", ""column_5""]","{""column_7"": {""max"": ""1993-12-20"", ""min"": ""1993-01-25"", ""valid_rows"": ""12""}}","[""column_2""]",converted,
stock_data/06New Listings & De-listings.xls,xls,1992,csv/stock_data/06New_Listings___De-listings__1992.csv,29,6,"[""column_2"", ""column_3"", ""column_4"", ""column_5"", ""column_6"", ""column_7""]",6,"[""column_3"", ""column_4"", ""column_5""]","{""column_7"": {""max"": ""1992-10-19"", ""min"": ""1992-01-11"", ""valid_rows"": ""12""}}","[""column_2""]",converted,
stock_data/06New Listings & De-listings.xls,xls,1991,csv/stock_data/06New_Listings___De-listings__1991.csv,21,6,"[""column_2"", ""column_3"", ""column_4"", ""column_5"", ""column_6"", ""column_7""]",6,"[""column_3"", ""column_4"", ""column_5""]","{""column_7"": {""max"": ""1991-11-20"", ""min"": ""1991-01-04"", ""valid_rows"": ""6""}}","[""column_2""]",converted,
stock_data/06New Listings & De-listings.xls,xls,1990,csv/stock_data/06New_Listings___De-listings__1990.csv,12,6,"[""column_2"", ""column_3"", ""column_4"", ""column_5"", ""column_6"", ""column_7""]",6,[],{},"[""column_2""]",converted,
stock_data/06New Listings & De-listings.xls,xls,1989,csv/stock_data/06New_Listings___De-listings__1989.csv,18,6,"[""column_2"", ""column_3"", ""column_4"", ""column_5"", ""column_6"", ""column_7""]",6,[],{},"[""column_2""]",converted,
stock_data/06New Listings & De-listings.xls,xls,1988,csv/stock_data/06New_Listings___De-listings__1988.csv,21,6,"[""column_2"", ""column_3"", ""column_4"", ""column_5"", ""column_6"", ""column_7""]",6,[],"{""column_7"": {""max"": ""1988-12-13"", ""min"": ""1988-02-23"", ""valid_rows"": ""8""}}","[""column_2""]",converted,
stock_data/06New Listings & De-listings.xls,xls,Compatibility Report,csv/stock_data/06New_Listings___De-listings__Compatibility_Report.csv,5,3,"[""column_2"", ""column_5"", ""column_6""]",3,[],{},[],converted,
stock_data/07Market Indices - Daily.xls,xls,Index,csv/stock_data/07Market_Indices_-_Daily__Index.csv,9778,25,"[""column_1"", ""column_2"", ""column_3"", ""column_4"", ""column_5"", ""column_6"", ""column_7"", ""column_8"", ""column_9"", ""column_10"", ""column_11"", ""column_12"", ""column_13"", ""column_14"", ""column_15"", ""column_16"", ""column_17"", ""column_18"", ""column_19"", ""column_20"", ""column_21"", ""column_22"", ""column_23"", ""column_24"", ""column_25""]",25,"[""column_2"", ""column_3"", ""column_4"", ""column_5"", ""column_6"", ""column_7"", ""column_8"", ""column_9"", ""column_10"", ""column_11"", ""column_12"", ""column_13"", ""column_14"", ""column_15"", ""column_16"", ""column_17"", ""column_18"", ""column_19"", ""column_20"", ""column_21"", ""column_22"", ""column_23"", ""column_24"", ""column_25""]","{""column_1"": {""max"": ""2025-12-31"", ""min"": ""1985-01-02"", ""valid_rows"": ""9773""}}",[],converted,
stock_data/08Market Indices - Monthly.xls,xls,Indices,csv/stock_data/08Market_Indices_-_Monthly__Indices.csv,387,29,"[""column_1"", ""column_2"", ""column_3"", ""column_4"", ""column_5"", ""column_6"", ""column_7"", ""column_8"", ""column_9"", ""column_10"", ""column_11"", ""column_12"", ""column_13"", ""column_14"", ""column_15"", ""column_16"", ""column_17"", ""column_18"", ""column_19"", ""column_20"", ""column_21"", ""column_22"", ""column_23"", ""column_24"", ""column_25"", ""column_26"", ""column_27"", ""column_28"", ""column_29""]",29,"[""column_2"", ""column_3"", ""column_4"", ""column_5"", ""column_6"", ""column_7"", ""column_8"", ""column_9"", ""column_10"", ""column_11"", ""column_12"", ""column_13"", ""column_14"", ""column_15"", ""column_16"", ""column_17"", ""column_18"", ""column_19"", ""column_20"", ""column_21"", ""column_22"", ""column_23"", ""column_24"", ""column_25"", ""column_26"", ""column_27"", ""column_28"", ""column_29""]","{""column_1"": {""max"": ""2015-12-25"", ""min"": ""1994-01-31"", ""valid_rows"": ""264""}}",[],converted,
stock_data/08Market Indices - Monthly.xls,xls,GICS Index Summary,csv/stock_data/08Market_Indices_-_Monthly__GICS_Index_Summary.csv,21,4,"[""column_1"", ""column_2"", ""column_3"", ""column_4""]",4,"[""column_2""]",{},"[""column_3"", ""column_4""]",converted,
stock_data/09Total Returns Indices - Daily.xls,xls,TRI,csv/stock_data/09Total_Returns_Indices_-_Daily__TRI.csv,5242,25,"[""column_1"", ""column_2"", ""column_3"", ""column_4"", ""column_5"", ""column_6"", ""column_7"", ""column_8"", ""column_9"", ""column_10"", ""column_11"", ""column_12"", ""column_13"", ""column_14"", ""column_15"", ""column_16"", ""column_17"", ""column_18"", ""column_19"", ""column_20"", ""column_21"", ""column_22"", ""column_23"", ""column_24"", ""column_25""]",25,"[""column_2"", ""column_4"", ""column_5"", ""column_6"", ""column_7"", ""column_8"", ""column_9"", ""column_10"", ""column_11"", ""column_12"", ""column_13"", ""column_14"", ""column_15"", ""column_16"", ""column_17"", ""column_18"", ""column_19"", ""column_20"", ""column_21"", ""column_22"", ""column_23"", ""column_24"", ""column_25""]","{""column_1"": {""max"": ""2025-12-31"", ""min"": ""2004-01-02"", ""valid_rows"": ""5238""}}",[],converted,
stock_data/09Total Returns Indices - Daily.xls,xls,Sheet1,csv/stock_data/09Total_Returns_Indices_-_Daily__Sheet1.csv,1241,4,"[""column_1"", ""column_2"", ""column_3"", ""column_4""]",4,"[""column_4""]","{""column_1"": {""max"": ""2024-12-31"", ""min"": ""2024-10-01"", ""valid_rows"": ""1240""}}",[],converted,
stock_data/10Market Ratios - Daily.xls,xls,MPER,csv/stock_data/10Market_Ratios_-_Daily__MPER.csv,7168,4,"[""column_1"", ""column_2"", ""column_3"", ""column_4""]",4,"[""column_2"", ""column_3"", ""column_4""]","{""column_1"": {""max"": ""2025-12-31"", ""min"": ""1996-01-02"", ""valid_rows"": ""7165""}}",[],converted,
stock_data/11Market Statistics-Daily.xls,xls,stats,csv/stock_data/11Market_Statistics-Daily__stats.csv,7638,11,"[""column_1"", ""column_2"", ""column_3"", ""column_4"", ""column_5"", ""column_6"", ""column_7"", ""column_8"", ""column_9"", ""column_10"", ""column_11""]",11,"[""column_2"", ""column_3"", ""column_4"", ""column_5"", ""column_6"", ""column_8"", ""column_9"", ""column_10"", ""column_11""]","{""column_1"": {""max"": ""2025-12-31"", ""min"": ""1994-01-03"", ""valid_rows"": ""7635""}}",[],converted,
stock_data/11Market Statistics-Daily.xls,xls,Sheet1,csv/stock_data/11Market_Statistics-Daily__Sheet1.csv,0,0,[],0,[],{},[],converted,
stock_data/12Market Statistics - Monthly.xlsx,xlsx,Sheet1,csv/stock_data/12Market_Statistics_-_Monthly__Sheet1.csv,31,397,"[""column_1"", ""column_2"", ""column_3"", ""column_4"", ""column_5"", ""column_6"", ""column_7"", ""column_8"", ""column_9"", ""column_10"", ""column_11"", ""column_12"", ""column_13"", ""column_14"", ""column_15"", ""column_16"", ""column_17"", ""column_18"", ""column_19"", ""column_20"", ""column_21"", ""column_22"", ""column_23"", ""column_24"", ""column_25"", ""column_26"", ""column_27"", ""column_28"", ""column_29"", ""column_30"", ""column_31"", ""column_32"", ""column_33"", ""column_34"", ""column_35"", ""column_36"", ""column_37"", ""column_38"", ""column_39"", ""column_40"", ""column_41"", ""column_42"", ""column_43"", ""column_44"", ""column_45"", ""column_46"", ""column_47"", ""column_48"", ""column_49"", ""column_50"", ""column_51"", ""column_52"", ""column_53"", ""column_54"", ""column_55"", ""column_56"", ""column_57"", ""column_58"", ""column_59"", ""column_60"", ""column_61"", ""column_62"", ""column_63"", ""column_64"", ""column_65"", ""column_66"", ""column_67"", ""column_68"", ""column_69"", ""column_70"", ""column_71"", ""column_72"", ""column_73"", ""column_74"", ""column_75"", ""column_76"", ""column_77"", ""column_78"", ""column_79"", ""column_80"", ""column_81"", ""column_82"", ""column_83"", ""column_84"", ""column_85"", ""column_86"", ""column_87"", ""column_88"", ""column_89"", ""column_90"", ""column_91"", ""column_92"", ""column_93"", ""column_94"", ""column_95"", ""column_96"", ""column_97"", ""column_98"", ""column_99"", ""column_100"", ""column_101"", ""column_102"", ""column_103"", ""column_104"", ""column_105"", ""column_106"", ""column_107"", ""column_108"", ""column_109"", ""column_110"", ""column_111"", ""column_112"", ""column_113"", ""column_114"", ""column_115"", ""column_116"", ""column_117"", ""column_118"", ""column_119"", ""column_120"", ""column_121"", ""column_122"", ""column_123"", ""column_124"", ""column_125"", ""column_126"", ""column_127"", ""column_128"", ""column_129"", ""column_130"", ""column_131"", ""column_132"", ""column_133"", ""column_134"", ""column_135"", ""column_136"", ""column_137"", ""column_138"", ""column_139"", ""column_140"", ""column_141"", ""column_142"", ""column_143"", ""column_144"", ""column_145"", ""column_146"", ""column_147"", ""column_148"", ""column_149"", ""column_150"", ""column_151"", ""column_152"", ""column_153"", ""column_154"", ""column_155"", ""column_156"", ""column_157"", ""column_158"", ""column_159"", ""column_160"", ""column_161"", ""column_162"", ""column_163"", ""column_164"", ""column_165"", ""column_166"", ""column_167"", ""column_168"", ""column_169"", ""column_170"", ""column_171"", ""column_172"", ""column_173"", ""column_174"", ""column_175"", ""column_176"", ""column_177"", ""column_178"", ""column_179"", ""column_180"", ""column_181"", ""column_182"", ""column_183"", ""column_184"", ""column_185"", ""column_186"", ""column_187"", ""column_188"", ""column_189"", ""column_190"", ""column_191"", ""column_192"", ""column_193"", ""column_194"", ""column_195"", ""column_196"", ""column_197"", ""column_198"", ""column_199"", ""column_200"", ""column_201"", ""column_202"", ""column_203"", ""column_204"", ""column_205"", ""column_206"", ""column_207"", ""column_208"", ""column_209"", ""column_210"", ""column_211"", ""column_212"", ""column_213"", ""column_214"", ""column_215"", ""column_216"", ""column_217"", ""column_218"", ""column_219"", ""column_220"", ""column_221"", ""column_222"", ""column_223"", ""column_224"", ""column_225"", ""column_226"", ""column_227"", ""column_228"", ""column_229"", ""column_230"", ""column_231"", ""column_232"", ""column_233"", ""column_234"", ""column_235"", ""column_236"", ""column_237"", ""column_238"", ""column_239"", ""column_240"", ""column_241"", ""column_242"", ""column_243"", ""column_244"", ""column_245"", ""column_246"", ""column_247"", ""column_248"", ""column_249"", ""column_250"", ""column_251"", ""column_252"", ""column_253"", ""column_254"", ""column_255"", ""column_256"", ""column_257"", ""column_258"", ""column_259"", ""column_260"", ""column_261"", ""column_262"", ""column_263"", ""column_264"", ""column_265"", ""column_266"", ""column_267"", ""column_268"", ""column_269"", ""column_270"", ""column_271"", ""column_272"", ""column_273"", ""column_274"", ""column_275"", ""column_276"", ""column_277"", ""column_278"", ""column_279"", ""column_280"", ""column_281"", ""column_282"", ""column_283"", ""column_284"", ""column_285"", ""column_286"", ""column_287"", ""column_288"", ""column_289"", ""column_290"", ""column_291"", ""column_292"", ""column_293"", ""column_294"", ""column_295"", ""column_296"", ""column_297"", ""column_298"", ""column_299"", ""column_300"", ""column_301"", ""column_302"", ""column_303"", ""column_304"", ""column_305"", ""column_306"", ""column_307"", ""column_308"", ""column_309"", ""column_310"", ""column_311"", ""column_312"", ""column_313"", ""column_314"", ""column_315"", ""column_316"", ""column_317"", ""column_318"", ""column_319"", ""column_320"", ""column_321"", ""column_322"", ""column_323"", ""column_324"", ""column_325"", ""column_326"", ""column_327"", ""column_328"", ""column_329"", ""column_330"", ""column_331"", ""column_332"", ""column_333"", ""column_334"", ""column_335"", ""column_336"", ""column_337"", ""column_338"", ""column_339"", ""column_340"", ""column_341"", ""column_342"", ""column_343"", ""column_344"", ""column_345"", ""column_346"", ""column_347"", ""column_348"", ""column_349"", ""column_350"", ""column_351"", ""column_352"", ""column_353"", ""column_354"", ""column_355"", ""column_356"", ""column_357"", ""column_358"", ""column_359"", ""column_360"", ""column_361"", ""column_362"", ""column_363"", ""column_364"", ""column_365"", ""column_366"", ""column_367"", ""column_368"", ""column_369"", ""column_370"", ""column_371"", ""column_372"", ""column_373"", ""column_374"", ""column_375"", ""column_376"", ""column_377"", ""column_378"", ""column_379"", ""column_380"", ""column_381"", ""column_382"", ""column_383"", ""column_384"", ""column_385"", ""column_386"", ""column_387"", ""column_388"", ""column_389"", ""column_390"", ""column_391"", ""column_392"", ""column_393"", ""column_394"", ""column_395"", ""column_396"", ""column_397""]",397,"[""column_2"", ""column_3"", ""column_4"", ""column_5"", ""column_6"", ""column_7"", ""column_8"", ""column_9"", ""column_10"", ""column_11"", ""column_12"", ""column_13"", ""column_14"", ""column_15"", ""column_16"", ""column_17"", ""column_18"", ""column_19"", ""column_20"", ""column_21"", ""column_22"", ""column_23"", ""column_24"", ""column_25"", ""column_26"", ""column_27"", ""column_28"", ""column_29"", ""column_30"", ""column_31"", ""column_32"", ""column_33"", ""column_34"", ""column_35"", ""column_36"", ""column_37"", ""column_38"", ""column_39"", ""column_40"", ""column_41"", ""column_42"", ""column_43"", ""column_44"", ""column_45"", ""column_46"", ""column_47"", ""column_48"", ""column_49"", ""column_50"", ""column_51"", ""column_52"", ""column_53"", ""column_54"", ""column_55"", ""column_56"", ""column_57"", ""column_58"", ""column_59"", ""column_60"", ""column_61"", ""column_62"", ""column_63"", ""column_64"", ""column_65"", ""column_66"", ""column_67"", ""column_68"", ""column_69"", ""column_70"", ""column_71"", ""column_72"", ""column_73"", ""column_74"", ""column_75"", ""column_76"", ""column_77"", ""column_78"", ""column_79"", ""column_80"", ""column_81"", ""column_82"", ""column_83"", ""column_84"", ""column_85"", ""column_86"", ""column_87"", ""column_88"", ""column_89"", ""column_90"", ""column_91"", ""column_92"", ""column_93"", ""column_94"", ""column_95"", ""column_96"", ""column_97"", ""column_98"", ""column_99"", ""column_100"", ""column_101"", ""column_102"", ""column_103"", ""column_104"", ""column_105"", ""column_106"", ""column_107"", ""column_108"", ""column_109"", ""column_110"", ""column_111"", ""column_112"", ""column_113"", ""column_114"", ""column_115"", ""column_116"", ""column_117"", ""column_118"", ""column_119"", ""column_120"", ""column_121"", ""column_122"", ""column_123"", ""column_124"", ""column_125"", ""column_126"", ""column_127"", ""column_128"", ""column_129"", ""column_130"", ""column_131"", ""column_132"", ""column_133"", ""column_134"", ""column_135"", ""column_136"", ""column_137"", ""column_138"", ""column_139"", ""column_140"", ""column_141"", ""column_142"", ""column_143"", ""column_144"", ""column_145"", ""column_146"", ""column_147"", ""column_148"", ""column_149"", ""column_150"", ""column_151"", ""column_152"", ""column_153"", ""column_154"", ""column_155"", ""column_156"", ""column_157"", ""column_158"", ""column_159"", ""column_160"", ""column_161"", ""column_162"", ""column_163"", ""column_164"", ""column_165"", ""column_166"", ""column_167"", ""column_168"", ""column_169"", ""column_170"", ""column_171"", ""column_172"", ""column_173"", ""column_174"", ""column_175"", ""column_176"", ""column_177"", ""column_178"", ""column_179"", ""column_180"", ""column_181"", ""column_182"", ""column_183"", ""column_184"", ""column_185"", ""column_186"", ""column_187"", ""column_188"", ""column_189"", ""column_190"", ""column_191"", ""column_192"", ""column_193"", ""column_194"", ""column_195"", ""column_196"", ""column_197"", ""column_198"", ""column_199"", ""column_200"", ""column_201"", ""column_202"", ""column_203"", ""column_204"", ""column_205"", ""column_206"", ""column_207"", ""column_208"", ""column_209"", ""column_210"", ""column_211"", ""column_212"", ""column_213"", ""column_214"", ""column_215"", ""column_216"", ""column_217"", ""column_218"", ""column_219"", ""column_220"", ""column_221"", ""column_222"", ""column_223"", ""column_224"", ""column_225"", ""column_226"", ""column_227"", ""column_228"", ""column_229"", ""column_230"", ""column_231"", ""column_232"", ""column_233"", ""column_234"", ""column_235"", ""column_236"", ""column_237"", ""column_238"", ""column_239"", ""column_240"", ""column_241"", ""column_242"", ""column_243"", ""column_244"", ""column_245"", ""column_246"", ""column_247"", ""column_248"", ""column_249"", ""column_250"", ""column_251"", ""column_252"", ""column_253"", ""column_254"", ""column_255"", ""column_256"", ""column_257"", ""column_258"", ""column_259"", ""column_260"", ""column_261"", ""column_262"", ""column_263"", ""column_264"", ""column_265"", ""column_266"", ""column_267"", ""column_268"", ""column_269"", ""column_270"", ""column_271"", ""column_272"", ""column_273"", ""column_274"", ""column_275"", ""column_276"", ""column_277"", ""column_278"", ""column_279"", ""column_280"", ""column_281"", ""column_282"", ""column_283"", ""column_284"", ""column_285"", ""column_286"", ""column_287"", ""column_288"", ""column_289"", ""column_290"", ""column_291"", ""column_292"", ""column_293"", ""column_294"", ""column_295"", ""column_296"", ""column_297"", ""column_298"", ""column_299"", ""column_300"", ""column_301"", ""column_302"", ""column_303"", ""column_304"", ""column_305"", ""column_306"", ""column_307"", ""column_308"", ""column_309"", ""column_310"", ""column_311"", ""column_312"", ""column_313"", ""column_314"", ""column_315"", ""column_316"", ""column_317"", ""column_318"", ""column_319"", ""column_320"", ""column_321"", ""column_322"", ""column_323"", ""column_324"", ""column_325"", ""column_326"", ""column_327"", ""column_328"", ""column_330"", ""column_331"", ""column_332"", ""column_333"", ""column_334"", ""column_335"", ""column_336"", ""column_337"", ""column_338"", ""column_339"", ""column_340"", ""column_341"", ""column_342"", ""column_343"", ""column_344"", ""column_345"", ""column_346"", ""column_347"", ""column_348"", ""column_349"", ""column_350"", ""column_351"", ""column_352"", ""column_353"", ""column_354"", ""column_355"", ""column_356"", ""column_357"", ""column_358"", ""column_359"", ""column_360"", ""column_361"", ""column_362"", ""column_363"", ""column_364"", ""column_365"", ""column_366"", ""column_367"", ""column_368"", ""column_369"", ""column_370"", ""column_371"", ""column_372"", ""column_373"", ""column_374"", ""column_375"", ""column_376"", ""column_377"", ""column_378"", ""column_379"", ""column_380"", ""column_381"", ""column_382"", ""column_383"", ""column_384"", ""column_385"", ""column_386"", ""column_387"", ""column_388"", ""column_389"", ""column_390"", ""column_391"", ""column_392"", ""column_393"", ""column_394"", ""column_395"", ""column_396"", ""column_397""]",{},[],converted,
stock_data/13 Market Statistics - Annual.xls,xls,Sheet1,csv/stock_data/13_Market_Statistics_-_Annual__Sheet1.csv,59,37,"[""column_1"", ""column_2"", ""column_3"", ""column_4"", ""column_5"", ""column_6"", ""column_7"", ""column_8"", ""column_9"", ""column_10"", ""column_11"", ""column_12"", ""column_13"", ""column_14"", ""column_15"", ""column_16"", ""column_17"", ""column_18"", ""column_19"", ""column_20"", ""column_21"", ""column_22"", ""column_23"", ""column_24"", ""column_25"", ""column_26"", ""column_27"", ""column_28"", ""column_29"", ""column_30"", ""column_31"", ""column_32"", ""column_33"", ""column_34"", ""column_35"", ""column_36"", ""column_37""]",37,"[""column_4"", ""column_5"", ""column_6"", ""column_7"", ""column_8"", ""column_9"", ""column_10"", ""column_11"", ""column_12"", ""column_13"", ""column_14"", ""column_15"", ""column_16"", ""column_17"", ""column_18"", ""column_19"", ""column_20"", ""column_21"", ""column_22"", ""column_23"", ""column_24"", ""column_25"", ""column_26"", ""column_27"", ""column_28"", ""column_29"", ""column_30"", ""column_31"", ""column_32"", ""column_33"", ""column_34"", ""column_35"", ""column_36"", ""column_37""]",{},[],converted,
stock_data/14CDS Activities - Monthly.xlsx,xlsx,Sheet1,csv/stock_data/14CDS_Activities_-_Monthly__Sheet1.csv,28,385,"[""column_2"", ""column_3"", ""column_4"", ""column_5"", ""column_6"", ""column_7"", ""column_8"", ""column_9"", ""column_10"", ""column_11"", ""column_12"", ""column_13"", ""column_14"", ""column_15"", ""column_16"", ""column_17"", ""column_18"", ""column_19"", ""column_20"", ""column_21"", ""column_22"", ""column_23"", ""column_24"", ""column_25"", ""column_26"", ""column_27"", ""column_28"", ""column_29"", ""column_30"", ""column_31"", ""column_32"", ""column_33"", ""column_34"", ""column_35"", ""column_36"", ""column_37"", ""column_38"", ""column_39"", ""column_40"", ""column_41"", ""column_42"", ""column_43"", ""column_44"", ""column_45"", ""column_46"", ""column_47"", ""column_48"", ""column_49"", ""column_50"", ""column_51"", ""column_52"", ""column_53"", ""column_54"", ""column_55"", ""column_56"", ""column_57"", ""column_58"", ""column_59"", ""column_60"", ""column_61"", ""column_62"", ""column_63"", ""column_64"", ""column_65"", ""column_66"", ""column_67"", ""column_68"", ""column_69"", ""column_70"", ""column_71"", ""column_72"", ""column_73"", ""column_74"", ""column_75"", ""column_76"", ""column_77"", ""column_78"", ""column_79"", ""column_80"", ""column_81"", ""column_82"", ""column_83"", ""column_84"", ""column_85"", ""column_86"", ""column_87"", ""column_88"", ""column_89"", ""column_90"", ""column_91"", ""column_92"", ""column_93"", ""column_94"", ""column_95"", ""column_96"", ""column_97"", ""column_98"", ""column_99"", ""column_100"", ""column_101"", ""column_102"", ""column_103"", ""column_104"", ""column_105"", ""column_106"", ""column_107"", ""column_108"", ""column_109"", ""column_110"", ""column_111"", ""column_112"", ""column_113"", ""column_114"", ""column_115"", ""column_116"", ""column_117"", ""column_118"", ""column_119"", ""column_120"", ""column_121"", ""column_122"", ""column_123"", ""column_124"", ""column_125"", ""column_126"", ""column_127"", ""column_128"", ""column_129"", ""column_130"", ""column_131"", ""column_132"", ""column_133"", ""column_134"", ""column_135"", ""column_136"", ""column_137"", ""column_138"", ""column_139"", ""column_140"", ""column_141"", ""column_142"", ""column_143"", ""column_144"", ""column_145"", ""column_146"", ""column_147"", ""column_148"", ""column_149"", ""column_150"", ""column_151"", ""column_152"", ""column_153"", ""column_154"", ""column_155"", ""column_156"", ""column_157"", ""column_158"", ""column_159"", ""column_160"", ""column_161"", ""column_162"", ""column_163"", ""column_164"", ""column_165"", ""column_166"", ""column_167"", ""column_168"", ""column_169"", ""column_170"", ""column_171"", ""column_172"", ""column_173"", ""column_174"", ""column_175"", ""column_176"", ""column_177"", ""column_178"", ""column_179"", ""column_180"", ""column_181"", ""column_182"", ""column_183"", ""column_184"", ""column_185"", ""column_186"", ""column_187"", ""column_188"", ""column_189"", ""column_190"", ""column_191"", ""column_192"", ""column_193"", ""column_194"", ""column_195"", ""column_196"", ""column_197"", ""column_198"", ""column_199"", ""column_200"", ""column_201"", ""column_202"", ""column_203"", ""column_204"", ""column_205"", ""column_206"", ""column_207"", ""column_208"", ""column_209"", ""column_210"", ""column_211"", ""column_212"", ""column_213"", ""column_214"", ""column_215"", ""column_216"", ""column_217"", ""column_218"", ""column_219"", ""column_220"", ""column_221"", ""column_222"", ""column_223"", ""column_224"", ""column_225"", ""column_226"", ""column_227"", ""column_228"", ""column_229"", ""column_230"", ""column_231"", ""column_232"", ""column_233"", ""column_234"", ""column_235"", ""column_236"", ""column_237"", ""column_238"", ""column_239"", ""column_240"", ""column_241"", ""column_242"", ""column_243"", ""column_244"", ""column_245"", ""column_246"", ""column_247"", ""column_248"", ""column_249"", ""column_250"", ""column_251"", ""column_252"", ""column_253"", ""column_254"", ""column_255"", ""column_256"", ""column_257"", ""column_258"", ""column_259"", ""column_260"", ""column_261"", ""column_262"", ""column_263"", ""column_264"", ""column_265"", ""column_266"", ""column_267"", ""column_268"", ""column_269"", ""column_270"", ""column_271"", ""column_272"", ""column_273"", ""column_274"", ""column_275"", ""column_276"", ""column_277"", ""column_278"", ""column_279"", ""column_280"", ""column_281"", ""column_282"", ""column_283"", ""column_284"", ""column_285"", ""column_286"", ""column_287"", ""column_288"", ""column_289"", ""column_290"", ""column_291"", ""column_292"", ""column_293"", ""column_294"", ""column_295"", ""column_296"", ""column_297"", ""column_298"", ""column_299"", ""column_300"", ""column_301"", ""column_302"", ""column_303"", ""column_304"", ""column_305"", ""column_306"", ""column_307"", ""column_308"", ""column_309"", ""column_310"", ""column_311"", ""column_312"", ""column_313"", ""column_314"", ""column_315"", ""column_316"", ""column_317"", ""column_318"", ""column_319"", ""column_320"", ""column_321"", ""column_322"", ""column_323"", ""column_324"", ""column_325"", ""column_326"", ""column_327"", ""column_328"", ""column_329"", ""column_330"", ""column_331"", ""column_332"", ""column_333"", ""column_334"", ""column_335"", ""column_336"", ""column_337"", ""column_338"", ""column_339"", ""column_340"", ""column_341"", ""column_342"", ""column_343"", ""column_344"", ""column_345"", ""column_346"", ""column_347"", ""column_348"", ""column_349"", ""column_350"", ""column_351"", ""column_352"", ""column_353"", ""column_354"", ""column_355"", ""column_356"", ""column_357"", ""column_358"", ""column_359"", ""column_360"", ""column_361"", ""column_362"", ""column_363"", ""column_364"", ""column_365"", ""column_366"", ""column_367"", ""column_368"", ""column_369"", ""column_370"", ""column_371"", ""column_372"", ""column_373"", ""column_374"", ""column_375"", ""column_376"", ""column_377"", ""column_378"", ""column_379"", ""column_380"", ""column_381"", ""column_382"", ""column_383"", ""column_384"", ""column_385"", ""column_386""]",385,"[""column_3"", ""column_4"", ""column_5"", ""column_6"", ""column_7"", ""column_8"", ""column_9"", ""column_10"", ""column_11"", ""column_12"", ""column_13"", ""column_14"", ""column_15"", ""column_16"", ""column_17"", ""column_18"", ""column_19"", ""column_20"", ""column_21"", ""column_22"", ""column_23"", ""column_24"", ""column_25"", ""column_26"", ""column_27"", ""column_28"", ""column_29"", ""column_30"", ""column_31"", ""column_32"", ""column_33"", ""column_34"", ""column_35"", ""column_36"", ""column_37"", ""column_38"", ""column_39"", ""column_40"", ""column_41"", ""column_42"", ""column_43"", ""column_44"", ""column_45"", ""column_46"", ""column_47"", ""column_48"", ""column_49"", ""column_50"", ""column_51"", ""column_52"", ""column_53"", ""column_54"", ""column_55"", ""column_56"", ""column_57"", ""column_58"", ""column_59"", ""column_60"", ""column_61"", ""column_62"", ""column_63"", ""column_64"", ""column_65"", ""column_66"", ""column_67"", ""column_68"", ""column_69"", ""column_70"", ""column_71"", ""column_72"", ""column_73"", ""column_74"", ""column_75"", ""column_76"", ""column_77"", ""column_78"", ""column_79"", ""column_80"", ""column_81"", ""column_82"", ""column_83"", ""column_84"", ""column_85"", ""column_86"", ""column_87"", ""column_88"", ""column_89"", ""column_90"", ""column_91"", ""column_92"", ""column_93"", ""column_94"", ""column_95"", ""column_96"", ""column_97"", ""column_98"", ""column_99"", ""column_100"", ""column_101"", ""column_102"", ""column_103"", ""column_104"", ""column_105"", ""column_106"", ""column_107"", ""column_108"", ""column_109"", ""column_110"", ""column_111"", ""column_112"", ""column_113"", ""column_114"", ""column_115"", ""column_116"", ""column_117"", ""column_118"", ""column_119"", ""column_120"", ""column_121"", ""column_122"", ""column_123"", ""column_124"", ""column_125"", ""column_126"", ""column_127"", ""column_128"", ""column_129"", ""column_130"", ""column_131"", ""column_132"", ""column_133"", ""column_134"", ""column_135"", ""column_136"", ""column_137"", ""column_138"", ""column_139"", ""column_140"", ""column_141"", ""column_142"", ""column_143"", ""column_144"", ""column_145"", ""column_146"", ""column_147"", ""column_148"", ""column_149"", ""column_150"", ""column_151"", ""column_152"", ""column_153"", ""column_154"", ""column_155"", ""column_156"", ""column_157"", ""column_158"", ""column_159"", ""column_160"", ""column_161"", ""column_162"", ""column_163"", ""column_164"", ""column_165"", ""column_166"", ""column_167"", ""column_168"", ""column_169"", ""column_170"", ""column_171"", ""column_172"", ""column_173"", ""column_174"", ""column_175"", ""column_176"", ""column_177"", ""column_178"", ""column_179"", ""column_180"", ""column_181"", ""column_182"", ""column_183"", ""column_184"", ""column_185"", ""column_186"", ""column_187"", ""column_188"", ""column_189"", ""column_190"", ""column_191"", ""column_192"", ""column_193"", ""column_194"", ""column_195"", ""column_196"", ""column_197"", ""column_198"", ""column_199"", ""column_200"", ""column_201"", ""column_202"", ""column_203"", ""column_204"", ""column_205"", ""column_206"", ""column_207"", ""column_208"", ""column_209"", ""column_210"", ""column_211"", ""column_212"", ""column_213"", ""column_214"", ""column_215"", ""column_216"", ""column_217"", ""column_218"", ""column_219"", ""column_220"", ""column_221"", ""column_222"", ""column_223"", ""column_224"", ""column_225"", ""column_226"", ""column_227"", ""column_228"", ""column_229"", ""column_230"", ""column_231"", ""column_232"", ""column_233"", ""column_234"", ""column_235"", ""column_236"", ""column_237"", ""column_238"", ""column_239"", ""column_240"", ""column_241"", ""column_242"", ""column_243"", ""column_244"", ""column_245"", ""column_246"", ""column_247"", ""column_248"", ""column_249"", ""column_250"", ""column_251"", ""column_252"", ""column_253"", ""column_254"", ""column_255"", ""column_256"", ""column_257"", ""column_258"", ""column_259"", ""column_260"", ""column_261"", ""column_262"", ""column_263"", ""column_264"", ""column_265"", ""column_266"", ""column_267"", ""column_268"", ""column_269"", ""column_270"", ""column_271"", ""column_272"", ""column_273"", ""column_274"", ""column_275"", ""column_276"", ""column_277"", ""column_278"", ""column_279"", ""column_280"", ""column_281"", ""column_282"", ""column_283"", ""column_284"", ""column_285"", ""column_286"", ""column_287"", ""column_288"", ""column_289"", ""column_290"", ""column_291"", ""column_292"", ""column_293"", ""column_294"", ""column_295"", ""column_296"", ""column_297"", ""column_298"", ""column_299"", ""column_300"", ""column_301"", ""column_302"", ""column_303"", ""column_304"", ""column_305"", ""column_306"", ""column_307"", ""column_308"", ""column_309"", ""column_310"", ""column_311"", ""column_312"", ""column_313"", ""column_314"", ""column_315"", ""column_316"", ""column_317"", ""column_319"", ""column_320"", ""column_321"", ""column_322"", ""column_323"", ""column_324"", ""column_325"", ""column_326"", ""column_327"", ""column_328"", ""column_329"", ""column_330"", ""column_331"", ""column_332"", ""column_333"", ""column_334"", ""column_335"", ""column_336"", ""column_337"", ""column_338"", ""column_339"", ""column_340"", ""column_341"", ""column_342"", ""column_343"", ""column_344"", ""column_345"", ""column_346"", ""column_347"", ""column_348"", ""column_349"", ""column_350"", ""column_351"", ""column_352"", ""column_353"", ""column_354"", ""column_355"", ""column_356"", ""column_357"", ""column_358"", ""column_359"", ""column_360"", ""column_361"", ""column_362"", ""column_363"", ""column_364"", ""column_365"", ""column_366"", ""column_367"", ""column_368"", ""column_369"", ""column_370"", ""column_371"", ""column_372"", ""column_373"", ""column_374"", ""column_375"", ""column_376"", ""column_377"", ""column_378"", ""column_379"", ""column_380"", ""column_381"", ""column_382"", ""column_383"", ""column_384"", ""column_385"", ""column_386""]",{},[],converted,
stock_data/15CDS Activities - Annual.xls,xls,Sheet1,csv/stock_data/15CDS_Activities_-_Annual__Sheet1.csv,28,37,"[""column_2"", ""column_3"", ""column_4"", ""column_5"", ""column_6"", ""column_7"", ""column_8"", ""column_9"", ""column_10"", ""column_11"", ""column_12"", ""column_13"", ""column_14"", ""column_15"", ""column_16"", ""column_17"", ""column_18"", ""column_19"", ""column_20"", ""column_21"", ""column_22"", ""column_23"", ""column_24"", ""column_25"", ""column_26"", ""column_27"", ""column_28"", ""column_29"", ""column_30"", ""column_31"", ""column_32"", ""column_33"", ""column_34"", ""column_35"", ""column_36"", ""column_37"", ""column_38""]",37,"[""column_3"", ""column_4"", ""column_5"", ""column_6"", ""column_7"", ""column_8"", ""column_9"", ""column_10"", ""column_11"", ""column_12"", ""column_13"", ""column_14"", ""column_15"", ""column_16"", ""column_17"", ""column_18"", ""column_19"", ""column_20"", ""column_21"", ""column_22"", ""column_23"", ""column_24"", ""column_25"", ""column_26"", ""column_27"", ""column_28"", ""column_29"", ""column_30"", ""column_31"", ""column_32"", ""column_33"", ""column_34"", ""column_35"", ""column_36"", ""column_37"", ""column_38""]",{},[],converted,
stock_data/16 List of Quoted Securities And Issued Quantity.xls,xls,2025,csv/stock_data/16_List_of_Quoted_Securities_And_Issued_Quantity__2025.csv,458,4,"[""column_1"", ""column_2"", ""column_3"", ""column_4""]",4,"[""column_3""]",{},"[""column_1"", ""column_2"", ""column_4""]",converted,
stock_data/16 List of Quoted Securities And Issued Quantity.xls,xls,2024,csv/stock_data/16_List_of_Quoted_Securities_And_Issued_Quantity__2024.csv,417,4,"[""column_1"", ""column_2"", ""column_3"", ""column_4""]",4,"[""column_3""]",{},"[""column_1"", ""column_2"", ""column_4""]",converted,
stock_data/16 List of Quoted Securities And Issued Quantity.xls,xls,2023,csv/stock_data/16_List_of_Quoted_Securities_And_Issued_Quantity__2023.csv,427,4,"[""column_1"", ""column_2"", ""column_3"", ""column_4""]",4,"[""column_3""]",{},"[""column_1"", ""column_2"", ""column_4""]",converted,
stock_data/16 List of Quoted Securities And Issued Quantity.xls,xls,2022,csv/stock_data/16_List_of_Quoted_Securities_And_Issued_Quantity__2022.csv,444,4,"[""column_1"", ""column_2"", ""column_3"", ""column_4""]",4,"[""column_3""]",{},"[""column_1"", ""column_2"", ""column_4""]",converted,
stock_data/16 List of Quoted Securities And Issued Quantity.xls,xls,2021,csv/stock_data/16_List_of_Quoted_Securities_And_Issued_Quantity__2021.csv,466,4,"[""column_1"", ""column_2"", ""column_3"", ""column_4""]",4,"[""column_3""]",{},"[""column_1"", ""column_2"", ""column_4""]",converted,
stock_data/16 List of Quoted Securities And Issued Quantity.xls,xls,2020,csv/stock_data/16_List_of_Quoted_Securities_And_Issued_Quantity__2020.csv,437,4,"[""column_1"", ""column_2"", ""column_3"", ""column_4""]",4,"[""column_3""]",{},"[""column_1"", ""column_2"", ""column_4""]",converted,
stock_data/16 List of Quoted Securities And Issued Quantity.xls,xls, 2019 ,csv/stock_data/16_List_of_Quoted_Securities_And_Issued_Quantity__2019.csv,466,4,"[""column_1"", ""column_2"", ""column_3"", ""column_4""]",4,"[""column_3""]",{},"[""column_1"", ""column_2"", ""column_4""]",converted,
stock_data/16 List of Quoted Securities And Issued Quantity.xls,xls,2018,csv/stock_data/16_List_of_Quoted_Securities_And_Issued_Quantity__2018.csv,487,4,"[""column_1"", ""column_2"", ""column_3"", ""column_4""]",4,"[""column_3""]",{},"[""column_1"", ""column_2"", ""column_4""]",converted,
stock_data/16 List of Quoted Securities And Issued Quantity.xls,xls,2017,csv/stock_data/16_List_of_Quoted_Securities_And_Issued_Quantity__2017.csv,521,4,"[""column_1"", ""column_2"", ""column_3"", ""column_4""]",4,"[""column_3""]",{},"[""column_1"", ""column_2"", ""column_4""]",converted,
stock_data/16 List of Quoted Securities And Issued Quantity.xls,xls,2016,csv/stock_data/16_List_of_Quoted_Securities_And_Issued_Quantity__2016.csv,548,4,"[""column_1"", ""column_2"", ""column_3"", ""column_4""]",4,"[""column_3""]",{},"[""column_1"", ""column_2"", ""column_4""]",converted,
stock_data/16 List of Quoted Securities And Issued Quantity.xls,xls,2015,csv/stock_data/16_List_of_Quoted_Securities_And_Issued_Quantity__2015.csv,542,4,"[""column_1"", ""column_2"", ""column_3"", ""column_4""]",4,"[""column_3""]",{},"[""column_1"", ""column_2"", ""column_4""]",converted,
stock_data/16 List of Quoted Securities And Issued Quantity.xls,xls,2014,csv/stock_data/16_List_of_Quoted_Securities_And_Issued_Quantity__2014.csv,634,6,"[""column_1"", ""column_2"", ""column_3"", ""column_5"", ""column_6"", ""column_7""]",6,"[""column_3""]",{},"[""column_1"", ""column_2"", ""column_5"", ""column_6"", ""column_7""]",converted,
stock_data/16 List of Quoted Securities And Issued Quantity.xls,xls,2013,csv/stock_data/16_List_of_Quoted_Securities_And_Issued_Quantity__2013.csv,689,6,"[""column_1"", ""column_2"", ""column_3"", ""column_5"", ""column_6"", ""column_7""]",6,"[""column_3""]",{},"[""column_1"", ""column_2"", ""column_5"", ""column_6"", ""column_7""]",converted,
stock_data/16 List of Quoted Securities And Issued Quantity.xls,xls,2012,csv/stock_data/16_List_of_Quoted_Securities_And_Issued_Quantity__2012.csv,744,6,"[""column_1"", ""column_2"", ""column_3"", ""column_5"", ""column_6"", ""column_7""]",6,"[""column_3""]",{},"[""column_1"", ""column_2"", ""column_5"", ""column_6"", ""column_7""]",converted,
stock_data/16 List of Quoted Securities And Issued Quantity.xls,xls,2011,csv/stock_data/16_List_of_Quoted_Securities_And_Issued_Quantity__2011.csv,664,6,"[""column_1"", ""column_2"", ""column_3"", ""column_5"", ""column_6"", ""column_7""]",6,"[""column_3""]",{},"[""column_1"", ""column_2"", ""column_5"", ""column_6"", ""column_7""]",converted,
stock_data/16 List of Quoted Securities And Issued Quantity.xls,xls,2010,csv/stock_data/16_List_of_Quoted_Securities_And_Issued_Quantity__2010.csv,623,6,"[""column_1"", ""column_2"", ""column_3"", ""column_5"", ""column_6"", ""column_7""]",6,"[""column_3""]",{},"[""column_1"", ""column_2"", ""column_5"", ""column_6"", ""column_7""]",converted,
stock_data/16 List of Quoted Securities And Issued Quantity.xls,xls,2009,csv/stock_data/16_List_of_Quoted_Securities_And_Issued_Quantity__2009.csv,593,6,"[""column_1"", ""column_2"", ""column_3"", ""column_5"", ""column_6"", ""column_7""]",6,"[""column_3""]",{},"[""column_1"", ""column_2"", ""column_5"", ""column_6"", ""column_7""]",converted,
stock_data/16 List of Quoted Securities And Issued Quantity.xls,xls,2008,csv/stock_data/16_List_of_Quoted_Securities_And_Issued_Quantity__2008.csv,597,6,"[""column_1"", ""column_2"", ""column_3"", ""column_5"", ""column_6"", ""column_7""]",6,"[""column_3""]",{},"[""column_1"", ""column_2"", ""column_5"", ""column_6"", ""column_7""]",converted,
stock_data/16 List of Quoted Securities And Issued Quantity.xls,xls,2007,csv/stock_data/16_List_of_Quoted_Securities_And_Issued_Quantity__2007.csv,642,6,"[""column_1"", ""column_2"", ""column_3"", ""column_5"", ""column_6"", ""column_7""]",6,"[""column_3""]",{},"[""column_1"", ""column_2"", ""column_5"", ""column_6"", ""column_7""]",converted,
stock_data/16 List of Quoted Securities And Issued Quantity.xls,xls,2006,csv/stock_data/16_List_of_Quoted_Securities_And_Issued_Quantity__2006.csv,608,6,"[""column_1"", ""column_2"", ""column_3"", ""column_5"", ""column_6"", ""column_7""]",6,"[""column_3""]",{},"[""column_1"", ""column_2"", ""column_5"", ""column_6"", ""column_7""]",converted,
stock_data/16 List of Quoted Securities And Issued Quantity.xls,xls,2005,csv/stock_data/16_List_of_Quoted_Securities_And_Issued_Quantity__2005.csv,583,6,"[""column_1"", ""column_2"", ""column_3"", ""column_5"", ""column_6"", ""column_7""]",6,"[""column_3""]",{},"[""column_1"", ""column_2"", ""column_5"", ""column_6"", ""column_7""]",converted,
stock_data/17 Public Holding-Quarterly/Public Holding 2012.xlsx,xlsx,2012 Q4,csv/stock_data/17 Public Holding-Quarterly/Public_Holding_2012__2012_Q4.csv,314,4,"[""column_1"", ""column_2"", ""column_3"", ""column_4""]",4,"[""column_4""]",{},"[""column_2"", ""column_3""]",converted,
stock_data/17 Public Holding-Quarterly/Public Holding 2012.xlsx,xlsx,2012 Q3,csv/stock_data/17 Public Holding-Quarterly/Public_Holding_2012__2012_Q3.csv,313,4,"[""column_1"", ""column_2"", ""column_3"", ""column_4""]",4,"[""column_4""]",{},"[""column_2"", ""column_3""]",converted,
stock_data/17 Public Holding-Quarterly/Public Holding 2012.xlsx,xlsx,2012 Q2,csv/stock_data/17 Public Holding-Quarterly/Public_Holding_2012__2012_Q2.csv,310,4,"[""column_1"", ""column_2"", ""column_3"", ""column_4""]",4,"[""column_4""]",{},"[""column_2"", ""column_3""]",converted,
stock_data/17 Public Holding-Quarterly/Public Holding 2012.xlsx,xlsx,2012 Q1,csv/stock_data/17 Public Holding-Quarterly/Public_Holding_2012__2012_Q1.csv,303,4,"[""column_1"", ""column_2"", ""column_3"", ""column_4""]",4,"[""column_4""]",{},"[""column_2"", ""column_3""]",converted,
stock_data/17 Public Holding-Quarterly/Public Holding 2013.xlsx,xlsx,2013 Q1,csv/stock_data/17 Public Holding-Quarterly/Public_Holding_2013__2013_Q1.csv,313,4,"[""column_1"", ""column_2"", ""column_3"", ""column_4""]",4,"[""column_4""]",{},"[""column_2"", ""column_3""]",converted,
stock_data/17 Public Holding-Quarterly/Public Holding 2013.xlsx,xlsx,2013 Q2,csv/stock_data/17 Public Holding-Quarterly/Public_Holding_2013__2013_Q2.csv,314,4,"[""column_1"", ""column_2"", ""column_3"", ""column_4""]",4,"[""column_4""]",{},"[""column_2"", ""column_3""]",converted,
stock_data/17 Public Holding-Quarterly/Public Holding 2013.xlsx,xlsx,2013 Q3,csv/stock_data/17 Public Holding-Quarterly/Public_Holding_2013__2013_Q3.csv,314,4,"[""column_1"", ""column_2"", ""column_3"", ""column_4""]",4,"[""column_4""]",{},"[""column_2"", ""column_3""]",converted,
stock_data/17 Public Holding-Quarterly/Public Holding 2013.xlsx,xlsx,2013 Q4,csv/stock_data/17 Public Holding-Quarterly/Public_Holding_2013__2013_Q4.csv,314,4,"[""column_1"", ""column_2"", ""column_3"", ""column_4""]",4,"[""column_4""]",{},"[""column_2"", ""column_3""]",converted,
stock_data/17 Public Holding-Quarterly/Public Holding 2014.xlsx,xlsx,2014 Q1,csv/stock_data/17 Public Holding-Quarterly/Public_Holding_2014__2014_Q1.csv,316,4,"[""column_1"", ""column_2"", ""column_3"", ""column_4""]",4,"[""column_4""]",{},"[""column_2"", ""column_3""]",converted,
stock_data/17 Public Holding-Quarterly/Public Holding 2014.xlsx,xlsx,2014 Q2,csv/stock_data/17 Public Holding-Quarterly/Public_Holding_2014__2014_Q2.csv,319,4,"[""column_1"", ""column_2"", ""column_3"", ""column_4""]",4,"[""column_4""]",{},"[""column_2"", ""column_3""]",converted,
stock_data/17 Public Holding-Quarterly/Public Holding 2014.xlsx,xlsx,2014 Q3,csv/stock_data/17 Public Holding-Quarterly/Public_Holding_2014__2014_Q3.csv,321,4,"[""column_1"", ""column_2"", ""column_3"", ""column_4""]",4,"[""column_4""]",{},"[""column_2"", ""column_3""]",converted,
stock_data/17 Public Holding-Quarterly/Public Holding 2014.xlsx,xlsx,2014 Q4,csv/stock_data/17 Public Holding-Quarterly/Public_Holding_2014__2014_Q4.csv,321,4,"[""column_1"", ""column_2"", ""column_3"", ""column_4""]",4,"[""column_4""]",{},"[""column_2"", ""column_3""]",converted,
stock_data/17 Public Holding-Quarterly/Public Holding 2015.xlsx,xlsx,2015 Q4,csv/stock_data/17 Public Holding-Quarterly/Public_Holding_2015__2015_Q4.csv,324,4,"[""column_1"", ""column_2"", ""column_3"", ""column_4""]",4,"[""column_4""]",{},"[""column_2"", ""column_3""]",converted,
stock_data/17 Public Holding-Quarterly/Public Holding 2015.xlsx,xlsx,2015 Q3,csv/stock_data/17 Public Holding-Quarterly/Public_Holding_2015__2015_Q3.csv,324,4,"[""column_1"", ""column_2"", ""column_3"", ""column_4""]",4,"[""column_4""]",{},"[""column_2"", ""column_3""]",converted,
stock_data/17 Public Holding-Quarterly/Public Holding 2015.xlsx,xlsx,2015 Q2,csv/stock_data/17 Public Holding-Quarterly/Public_Holding_2015__2015_Q2.csv,323,4,"[""column_1"", ""column_2"", ""column_3"", ""column_4""]",4,"[""column_4""]",{},"[""column_2"", ""column_3""]",converted,
stock_data/17 Public Holding-Quarterly/Public Holding 2015.xlsx,xlsx,2015 Q1,csv/stock_data/17 Public Holding-Quarterly/Public_Holding_2015__2015_Q1.csv,323,4,"[""column_1"", ""column_2"", ""column_3"", ""column_4""]",4,"[""column_4""]",{},"[""column_2"", ""column_3""]",converted,
stock_data/17 Public Holding-Quarterly/Public Holding 2016.xlsx,xlsx,2016 Q4,csv/stock_data/17 Public Holding-Quarterly/Public_Holding_2016__2016_Q4.csv,326,4,"[""column_1"", ""column_2"", ""column_3"", ""column_4""]",4,[],{},"[""column_2"", ""column_3""]",converted,
stock_data/17 Public Holding-Quarterly/Public Holding 2016.xlsx,xlsx,2016 Q3,csv/stock_data/17 Public Holding-Quarterly/Public_Holding_2016__2016_Q3.csv,326,4,"[""column_1"", ""column_2"", ""column_3"", ""column_4""]",4,"[""column_4""]",{},"[""column_2"", ""column_3""]",converted,
stock_data/17 Public Holding-Quarterly/Public Holding 2016.xlsx,xlsx,2016 Q2,csv/stock_data/17 Public Holding-Quarterly/Public_Holding_2016__2016_Q2.csv,325,4,"[""column_1"", ""column_2"", ""column_3"", ""column_4""]",4,"[""column_4""]",{},"[""column_2"", ""column_3""]",converted,
stock_data/17 Public Holding-Quarterly/Public Holding 2016.xlsx,xlsx,2016 Q1,csv/stock_data/17 Public Holding-Quarterly/Public_Holding_2016__2016_Q1.csv,325,4,"[""column_1"", ""column_2"", ""column_3"", ""column_4""]",4,"[""column_4""]",{},"[""column_2"", ""column_3""]",converted,
stock_data/17 Public Holding-Quarterly/Public Holding 2017.xlsx,xlsx,2017_Q4,csv/stock_data/17 Public Holding-Quarterly/Public_Holding_2017__2017_Q4.csv,327,4,"[""column_1"", ""column_2"", ""column_3"", ""column_4""]",4,[],{},"[""column_2"", ""column_3""]",converted,
stock_data/17 Public Holding-Quarterly/Public Holding 2017.xlsx,xlsx,2017_Q3,csv/stock_data/17 Public Holding-Quarterly/Public_Holding_2017__2017_Q3.csv,327,4,"[""column_1"", ""column_2"", ""column_3"", ""column_4""]",4,[],{},"[""column_2"", ""column_3""]",converted,
stock_data/17 Public Holding-Quarterly/Public Holding 2017.xlsx,xlsx,2017_Q2,csv/stock_data/17 Public Holding-Quarterly/Public_Holding_2017__2017_Q2.csv,309,4,"[""column_1"", ""column_2"", ""column_3"", ""column_4""]",4,[],{},"[""column_2"", ""column_3""]",converted,
stock_data/17 Public Holding-Quarterly/Public Holding 2017.xlsx,xlsx,2017_Q1,csv/stock_data/17 Public Holding-Quarterly/Public_Holding_2017__2017_Q1.csv,311,4,"[""column_1"", ""column_2"", ""column_3"", ""column_4""]",4,[],{},"[""column_2"", ""column_3""]",converted,
stock_data/17 Public Holding-Quarterly/Public Holding 2018.xlsx,xlsx,2018_Q1,csv/stock_data/17 Public Holding-Quarterly/Public_Holding_2018__2018_Q1.csv,330,4,"[""column_1"", ""column_2"", ""column_3"", ""column_4""]",4,[],{},"[""column_2"", ""column_3""]",converted,
stock_data/17 Public Holding-Quarterly/Public Holding 2018.xlsx,xlsx,2018_Q2,csv/stock_data/17 Public Holding-Quarterly/Public_Holding_2018__2018_Q2.csv,309,4,"[""column_1"", ""column_2"", ""column_3"", ""column_4""]",4,[],{},"[""column_2"", ""column_3""]",converted,
stock_data/17 Public Holding-Quarterly/Public Holding 2018.xlsx,xlsx,2018_Q3,csv/stock_data/17 Public Holding-Quarterly/Public_Holding_2018__2018_Q3.csv,341,4,"[""column_1"", ""column_2"", ""column_3"", ""column_4""]",4,"[""column_4""]",{},"[""column_2"", ""column_3""]",converted,
stock_data/17 Public Holding-Quarterly/Public Holding 2018.xlsx,xlsx,2018_Q4,csv/stock_data/17 Public Holding-Quarterly/Public_Holding_2018__2018_Q4.csv,341,4,"[""column_1"", ""column_2"", ""column_3"", ""column_4""]",4,[],{},"[""column_2"", ""column_3""]",converted,
stock_data/17 Public Holding-Quarterly/Public Holding 2019.xlsx,xlsx,2019_Q1,csv/stock_data/17 Public Holding-Quarterly/Public_Holding_2019__2019_Q1.csv,318,4,"[""column_1"", ""column_2"", ""column_3"", ""column_4""]",4,[],{},"[""column_2"", ""column_3""]",converted,
stock_data/17 Public Holding-Quarterly/Public Holding 2019.xlsx,xlsx,2019_Q2,csv/stock_data/17 Public Holding-Quarterly/Public_Holding_2019__2019_Q2.csv,318,4,"[""column_1"", ""column_2"", ""column_3"", ""column_4""]",4,[],{},"[""column_2"", ""column_3""]",converted,
stock_data/17 Public Holding-Quarterly/Public Holding 2019.xlsx,xlsx,2019_Q3,csv/stock_data/17 Public Holding-Quarterly/Public_Holding_2019__2019_Q3.csv,314,4,"[""column_1"", ""column_2"", ""column_3"", ""column_4""]",4,[],{},"[""column_2"", ""column_3""]",converted,
stock_data/17 Public Holding-Quarterly/Public Holding 2019.xlsx,xlsx,2019_Q4,csv/stock_data/17 Public Holding-Quarterly/Public_Holding_2019__2019_Q4.csv,318,4,"[""column_1"", ""column_2"", ""column_3"", ""column_4""]",4,[],{},"[""column_2"", ""column_3""]",converted,
stock_data/17 Public Holding-Quarterly/Public Holding 2020.xlsx,xlsx,2020_Q1,csv/stock_data/17 Public Holding-Quarterly/Public_Holding_2020__2020_Q1.csv,3,4,"[""column_1"", ""column_2"", ""column_3"", ""column_4""]",4,[],{},"[""column_2"", ""column_3""]",converted,
stock_data/17 Public Holding-Quarterly/Public Holding 2020.xlsx,xlsx,2020_Q2,csv/stock_data/17 Public Holding-Quarterly/Public_Holding_2020__2020_Q2.csv,343,4,"[""column_1"", ""column_2"", ""column_3"", ""column_4""]",4,[],{},"[""column_2"", ""column_3""]",converted,
stock_data/17 Public Holding-Quarterly/Public Holding 2020.xlsx,xlsx,2020_Q3,csv/stock_data/17 Public Holding-Quarterly/Public_Holding_2020__2020_Q3.csv,343,4,"[""column_1"", ""column_2"", ""column_3"", ""column_4""]",4,"[""column_4""]",{},"[""column_2"", ""column_3""]",converted,
stock_data/17 Public Holding-Quarterly/Public Holding 2020.xlsx,xlsx,2020_Q4,csv/stock_data/17 Public Holding-Quarterly/Public_Holding_2020__2020_Q4.csv,344,4,"[""column_1"", ""column_2"", ""column_3"", ""column_4""]",4,[],{},"[""column_2"", ""column_3""]",converted,
stock_data/17 Public Holding-Quarterly/Public Holding 2021.xlsx,xlsx,1-2021,csv/stock_data/17 Public Holding-Quarterly/Public_Holding_2021__1-2021.csv,344,4,"[""column_1"", ""column_2"", ""column_3"", ""column_4""]",4,[],{},"[""column_2"", ""column_3""]",converted,
stock_data/17 Public Holding-Quarterly/Public Holding 2021.xlsx,xlsx,2-2021,csv/stock_data/17 Public Holding-Quarterly/Public_Holding_2021__2-2021.csv,319,4,"[""column_1"", ""column_2"", ""column_3"", ""column_4""]",4,[],{},"[""column_2"", ""column_3""]",converted,
stock_data/17 Public Holding-Quarterly/Public Holding 2021.xlsx,xlsx,3-2021,csv/stock_data/17 Public Holding-Quarterly/Public_Holding_2021__3-2021.csv,344,4,"[""column_1"", ""column_2"", ""column_3"", ""column_4""]",4,[],{},"[""column_2"", ""column_3""]",converted,
stock_data/17 Public Holding-Quarterly/Public Holding 2021.xlsx,xlsx,4-2021,csv/stock_data/17 Public Holding-Quarterly/Public_Holding_2021__4-2021.csv,344,4,"[""column_1"", ""column_2"", ""column_3"", ""column_4""]",4,[],{},"[""column_2"", ""column_3""]",converted,
stock_data/17 Public Holding-Quarterly/Public Holding 2022.xlsx,xlsx,1-2022,csv/stock_data/17 Public Holding-Quarterly/Public_Holding_2022__1-2022.csv,353,4,"[""column_1"", ""column_2"", ""column_3"", ""column_4""]",4,[],{},"[""column_2"", ""column_3""]",converted,
stock_data/17 Public Holding-Quarterly/Public Holding 2022.xlsx,xlsx,2-2022,csv/stock_data/17 Public Holding-Quarterly/Public_Holding_2022__2-2022.csv,334,4,"[""column_1"", ""column_2"", ""column_3"", ""column_4""]",4,[],{},"[""column_2"", ""column_3""]",converted,
stock_data/17 Public Holding-Quarterly/Public Holding 2022.xlsx,xlsx,3-2022,csv/stock_data/17 Public Holding-Quarterly/Public_Holding_2022__3-2022.csv,334,4,"[""column_1"", ""column_2"", ""column_3"", ""column_4""]",4,"[""column_4""]",{},"[""column_2"", ""column_3""]",converted,
stock_data/17 Public Holding-Quarterly/Public Holding 2022.xlsx,xlsx,4-2022,csv/stock_data/17 Public Holding-Quarterly/Public_Holding_2022__4-2022.csv,335,4,"[""column_1"", ""column_2"", ""column_3"", ""column_4""]",4,[],{},"[""column_2"", ""column_3""]",converted,
stock_data/17 Public Holding-Quarterly/Public Holding 2023.xlsx,xlsx,1-2023,csv/stock_data/17 Public Holding-Quarterly/Public_Holding_2023__1-2023.csv,336,4,"[""column_1"", ""column_2"", ""column_3"", ""column_4""]",4,[],{},"[""column_2"", ""column_3""]",converted,
stock_data/17 Public Holding-Quarterly/Public Holding 2023.xlsx,xlsx,2-2023,csv/stock_data/17 Public Holding-Quarterly/Public_Holding_2023__2-2023.csv,337,4,"[""column_1"", ""column_2"", ""column_3"", ""column_4""]",4,[],{},"[""column_2"", ""column_3""]",converted,
stock_data/17 Public Holding-Quarterly/Public Holding 2023.xlsx,xlsx,3-2023,csv/stock_data/17 Public Holding-Quarterly/Public_Holding_2023__3-2023.csv,337,4,"[""column_1"", ""column_2"", ""column_3"", ""column_4""]",4,[],{},"[""column_2"", ""column_3""]",converted,
stock_data/17 Public Holding-Quarterly/Public Holding 2023.xlsx,xlsx,4-2023,csv/stock_data/17 Public Holding-Quarterly/Public_Holding_2023__4-2023.csv,364,4,"[""column_1"", ""column_2"", ""column_3"", ""column_4""]",4,[],{},"[""column_2"", ""column_3""]",converted,
stock_data/17 Public Holding-Quarterly/Public Holding 2024.xlsx,xlsx,1-2024,csv/stock_data/17 Public Holding-Quarterly/Public_Holding_2024__1-2024.csv,341,4,"[""column_1"", ""column_2"", ""column_3"", ""column_4""]",4,[],{},"[""column_2"", ""column_3""]",converted,
stock_data/17 Public Holding-Quarterly/Public Holding 2024.xlsx,xlsx,2-2024,csv/stock_data/17 Public Holding-Quarterly/Public_Holding_2024__2-2024.csv,348,4,"[""column_1"", ""column_2"", ""column_3"", ""column_4""]",4,[],{},"[""column_2"", ""column_3""]",converted,
stock_data/17 Public Holding-Quarterly/Public Holding 2024.xlsx,xlsx,3-2024,csv/stock_data/17 Public Holding-Quarterly/Public_Holding_2024__3-2024.csv,359,4,"[""column_1"", ""column_2"", ""column_3"", ""column_4""]",4,[],{},"[""column_2"", ""column_3""]",converted,
stock_data/17 Public Holding-Quarterly/Public Holding 2024.xlsx,xlsx,4-2024,csv/stock_data/17 Public Holding-Quarterly/Public_Holding_2024__4-2024.csv,345,4,"[""column_1"", ""column_2"", ""column_3"", ""column_4""]",4,[],{},"[""column_2"", ""column_3""]",converted,
stock_data/17 Public Holding-Quarterly/Public Holding 2025.xlsx,xlsx,1-2025,csv/stock_data/17 Public Holding-Quarterly/Public_Holding_2025__1-2025.csv,345,4,"[""column_1"", ""column_2"", ""column_3"", ""column_4""]",4,[],{},"[""column_2"", ""column_3""]",converted,
stock_data/17 Public Holding-Quarterly/Public Holding 2025.xlsx,xlsx,2-2025,csv/stock_data/17 Public Holding-Quarterly/Public_Holding_2025__2-2025.csv,347,4,"[""column_1"", ""column_2"", ""column_3"", ""column_4""]",4,[],{},"[""column_2"", ""column_3""]",converted,
stock_data/17 Public Holding-Quarterly/Public Holding 2025.xlsx,xlsx,3-2025,csv/stock_data/17 Public Holding-Quarterly/Public_Holding_2025__3-2025.csv,347,4,"[""column_1"", ""column_2"", ""column_3"", ""column_4""]",4,[],{},"[""column_2"", ""column_3""]",converted,
stock_data/17 Public Holding-Quarterly/Public Holding 2025.xlsx,xlsx,4-2025,csv/stock_data/17 Public Holding-Quarterly/Public_Holding_2025__4-2025.csv,347,4,"[""column_1"", ""column_2"", ""column_3"", ""column_4""]",4,[],{},"[""column_2"", ""column_3""]",converted,
stock_data/18 Debt Trading Statistics - Monthly.xlsx,xlsx,Sheet1,csv/stock_data/18_Debt_Trading_Statistics_-_Monthly__Sheet1.csv,17,349,"[""column_1"", ""column_2"", ""column_3"", ""column_4"", ""column_5"", ""column_6"", ""column_7"", ""column_8"", ""column_9"", ""column_10"", ""column_11"", ""column_12"", ""column_13"", ""column_14"", ""column_15"", ""column_16"", ""column_17"", ""column_18"", ""column_19"", ""column_20"", ""column_21"", ""column_22"", ""column_23"", ""column_24"", ""column_25"", ""column_26"", ""column_27"", ""column_28"", ""column_29"", ""column_30"", ""column_31"", ""column_32"", ""column_33"", ""column_34"", ""column_35"", ""column_36"", ""column_37"", ""column_38"", ""column_39"", ""column_40"", ""column_41"", ""column_42"", ""column_43"", ""column_44"", ""column_45"", ""column_46"", ""column_47"", ""column_48"", ""column_49"", ""column_50"", ""column_51"", ""column_52"", ""column_53"", ""column_54"", ""column_55"", ""column_56"", ""column_57"", ""column_58"", ""column_59"", ""column_60"", ""column_61"", ""column_62"", ""column_63"", ""column_64"", ""column_65"", ""column_66"", ""column_67"", ""column_68"", ""column_69"", ""column_70"", ""column_71"", ""column_72"", ""column_73"", ""column_74"", ""column_75"", ""column_76"", ""column_77"", ""column_78"", ""column_79"", ""column_80"", ""column_81"", ""column_82"", ""column_83"", ""column_84"", ""column_85"", ""column_86"", ""column_87"", ""column_88"", ""column_89"", ""column_90"", ""column_91"", ""column_92"", ""column_93"", ""column_94"", ""column_95"", ""column_96"", ""column_97"", ""column_98"", ""column_99"", ""column_100"", ""column_101"", ""column_102"", ""column_103"", ""column_104"", ""column_105"", ""column_106"", ""column_107"", ""column_108"", ""column_109"", ""column_110"", ""column_111"", ""column_112"", ""column_113"", ""column_114"", ""column_115"", ""column_116"", ""column_117"", ""column_118"", ""column_119"", ""column_120"", ""column_121"", ""column_122"", ""column_123"", ""column_124"", ""column_125"", ""column_126"", ""column_127"", ""column_128"", ""column_129"", ""column_130"", ""column_131"", ""column_132"", ""column_133"", ""column_134"", ""column_135"", ""column_136"", ""column_137"", ""column_138"", ""column_139"", ""column_140"", ""column_141"", ""column_142"", ""column_143"", ""column_144"", ""column_145"", ""column_146"", ""column_147"", ""column_148"", ""column_149"", ""column_150"", ""column_151"", ""column_152"", ""column_153"", ""column_154"", ""column_155"", ""column_156"", ""column_157"", ""column_158"", ""column_159"", ""column_160"", ""column_161"", ""column_162"", ""column_163"", ""column_164"", ""column_165"", ""column_166"", ""column_167"", ""column_168"", ""column_169"", ""column_170"", ""column_171"", ""column_172"", ""column_173"", ""column_174"", ""column_175"", ""column_176"", ""column_177"", ""column_178"", ""column_179"", ""column_180"", ""column_181"", ""column_182"", ""column_183"", ""column_184"", ""column_185"", ""column_186"", ""column_187"", ""column_188"", ""column_189"", ""column_190"", ""column_191"", ""column_192"", ""column_193"", ""column_194"", ""column_195"", ""column_196"", ""column_197"", ""column_198"", ""column_199"", ""column_200"", ""column_201"", ""column_202"", ""column_203"", ""column_204"", ""column_205"", ""column_206"", ""column_207"", ""column_208"", ""column_209"", ""column_210"", ""column_211"", ""column_212"", ""column_213"", ""column_214"", ""column_215"", ""column_216"", ""column_217"", ""column_218"", ""column_219"", ""column_220"", ""column_221"", ""column_222"", ""column_223"", ""column_224"", ""column_225"", ""column_226"", ""column_227"", ""column_228"", ""column_229"", ""column_230"", ""column_231"", ""column_232"", ""column_233"", ""column_234"", ""column_235"", ""column_236"", ""column_237"", ""column_238"", ""column_239"", ""column_240"", ""column_241"", ""column_242"", ""column_243"", ""column_244"", ""column_245"", ""column_246"", ""column_247"", ""column_248"", ""column_249"", ""column_250"", ""column_251"", ""column_252"", ""column_253"", ""column_254"", ""column_255"", ""column_256"", ""column_257"", ""column_258"", ""column_259"", ""column_260"", ""column_261"", ""column_262"", ""column_263"", ""column_264"", ""column_265"", ""column_266"", ""column_267"", ""column_268"", ""column_269"", ""column_270"", ""column_271"", ""column_272"", ""column_273"", ""column_274"", ""column_275"", ""column_276"", ""column_277"", ""column_278"", ""column_279"", ""column_280"", ""column_281"", ""column_282"", ""column_283"", ""column_284"", ""column_285"", ""column_286"", ""column_287"", ""column_288"", ""column_289"", ""column_290"", ""column_291"", ""column_292"", ""column_293"", ""column_294"", ""column_295"", ""column_296"", ""column_297"", ""column_298"", ""column_299"", ""column_300"", ""column_301"", ""column_302"", ""column_303"", ""column_304"", ""column_305"", ""column_306"", ""column_307"", ""column_308"", ""column_309"", ""column_310"", ""column_311"", ""column_312"", ""column_313"", ""column_314"", ""column_315"", ""column_316"", ""column_317"", ""column_318"", ""column_319"", ""column_320"", ""column_321"", ""column_322"", ""column_323"", ""column_324"", ""column_325"", ""column_326"", ""column_327"", ""column_328"", ""column_329"", ""column_330"", ""column_331"", ""column_332"", ""column_333"", ""column_334"", ""column_335"", ""column_336"", ""column_337"", ""column_338"", ""column_339"", ""column_340"", ""column_341"", ""column_342"", ""column_343"", ""column_344"", ""column_345"", ""column_346"", ""column_347"", ""column_348"", ""column_349""]",349,"[""column_2"", ""column_3"", ""column_4"", ""column_5"", ""column_6"", ""column_7"", ""column_8"", ""column_9"", ""column_10"", ""column_11"", ""column_12"", ""column_13"", ""column_14"", ""column_15"", ""column_16"", ""column_17"", ""column_18"", ""column_19"", ""column_20"", ""column_21"", ""column_22"", ""column_23"", ""column_24"", ""column_25"", ""column_26"", ""column_27"", ""column_28"", ""column_29"", ""column_30"", ""column_31"", ""column_32"", ""column_33"", ""column_34"", ""column_35"", ""column_36"", ""column_37"", ""column_38"", ""column_39"", ""column_40"", ""column_41"", ""column_42"", ""column_43"", ""column_44"", ""column_45"", ""column_46"", ""column_47"", ""column_48"", ""column_49"", ""column_50"", ""column_51"", ""column_52"", ""column_53"", ""column_54"", ""column_55"", ""column_56"", ""column_57"", ""column_58"", ""column_59"", ""column_60"", ""column_61"", ""column_62"", ""column_63"", ""column_64"", ""column_65"", ""column_66"", ""column_67"", ""column_68"", ""column_69"", ""column_70"", ""column_71"", ""column_72"", ""column_73"", ""column_74"", ""column_75"", ""column_76"", ""column_77"", ""column_78"", ""column_79"", ""column_80"", ""column_81"", ""column_82"", ""column_83"", ""column_84"", ""column_85"", ""column_86"", ""column_87"", ""column_88"", ""column_89"", ""column_90"", ""column_91"", ""column_92"", ""column_93"", ""column_94"", ""column_95"", ""column_96"", ""column_97"", ""column_98"", ""column_99"", ""column_100"", ""column_101"", ""column_102"", ""column_103"", ""column_104"", ""column_105"", ""column_106"", ""column_107"", ""column_108"", ""column_109"", ""column_110"", ""column_111"", ""column_112"", ""column_113"", ""column_114"", ""column_115"", ""column_116"", ""column_117"", ""column_118"", ""column_119"", ""column_120"", ""column_121"", ""column_122"", ""column_123"", ""column_124"", ""column_125"", ""column_126"", ""column_127"", ""column_128"", ""column_129"", ""column_130"", ""column_131"", ""column_132"", ""column_133"", ""column_134"", ""column_135"", ""column_136"", ""column_137"", ""column_138"", ""column_139"", ""column_140"", ""column_141"", ""column_142"", ""column_143"", ""column_144"", ""column_145"", ""column_146"", ""column_147"", ""column_148"", ""column_149"", ""column_150"", ""column_151"", ""column_152"", ""column_153"", ""column_154"", ""column_155"", ""column_156"", ""column_157"", ""column_158"", ""column_159"", ""column_160"", ""column_161"", ""column_162"", ""column_163"", ""column_164"", ""column_165"", ""column_166"", ""column_167"", ""column_168"", ""column_169"", ""column_170"", ""column_171"", ""column_172"", ""column_173"", ""column_174"", ""column_175"", ""column_176"", ""column_177"", ""column_178"", ""column_179"", ""column_180"", ""column_181"", ""column_182"", ""column_183"", ""column_184"", ""column_185"", ""column_186"", ""column_187"", ""column_188"", ""column_189"", ""column_190"", ""column_191"", ""column_192"", ""column_193"", ""column_194"", ""column_195"", ""column_196"", ""column_197"", ""column_198"", ""column_199"", ""column_200"", ""column_201"", ""column_202"", ""column_203"", ""column_204"", ""column_205"", ""column_206"", ""column_207"", ""column_208"", ""column_209"", ""column_210"", ""column_211"", ""column_212"", ""column_213"", ""column_214"", ""column_215"", ""column_216"", ""column_217"", ""column_218"", ""column_219"", ""column_220"", ""column_221"", ""column_222"", ""column_223"", ""column_224"", ""column_225"", ""column_226"", ""column_227"", ""column_228"", ""column_229"", ""column_230"", ""column_231"", ""column_232"", ""column_233"", ""column_234"", ""column_235"", ""column_236"", ""column_237"", ""column_238"", ""column_239"", ""column_240"", ""column_241"", ""column_242"", ""column_243"", ""column_244"", ""column_245"", ""column_246"", ""column_247"", ""column_248"", ""column_249"", ""column_250"", ""column_251"", ""column_252"", ""column_253"", ""column_254"", ""column_255"", ""column_256"", ""column_257"", ""column_258"", ""column_259"", ""column_260"", ""column_261"", ""column_262"", ""column_263"", ""column_264"", ""column_265"", ""column_266"", ""column_267"", ""column_268"", ""column_269"", ""column_270"", ""column_271"", ""column_272"", ""column_273"", ""column_274"", ""column_275"", ""column_276"", ""column_277"", ""column_278"", ""column_279"", ""column_280"", ""column_282"", ""column_283"", ""column_284"", ""column_285"", ""column_287"", ""column_288"", ""column_289"", ""column_290"", ""column_291"", ""column_292"", ""column_293"", ""column_294"", ""column_295"", ""column_296"", ""column_297"", ""column_298"", ""column_299"", ""column_300"", ""column_301"", ""column_302"", ""column_303"", ""column_304"", ""column_305"", ""column_306"", ""column_307"", ""column_308"", ""column_309"", ""column_310"", ""column_311"", ""column_312"", ""column_313"", ""column_314"", ""column_315"", ""column_316"", ""column_317"", ""column_318"", ""column_319"", ""column_320"", ""column_321"", ""column_322"", ""column_323"", ""column_324"", ""column_325"", ""column_326"", ""column_327"", ""column_328"", ""column_329"", ""column_330"", ""column_331"", ""column_332"", ""column_333"", ""column_334"", ""column_335"", ""column_336"", ""column_337"", ""column_338"", ""column_339"", ""column_340"", ""column_341"", ""column_342"", ""column_343"", ""column_344"", ""column_345"", ""column_346"", ""column_347"", ""column_348"", ""column_349""]",{},[],converted,
"stock_data/19Corporate Debt Monthly Highest, Lowest & Closing Prices.xls",xls,Debt Hi_Low,csv/stock_data/19Corporate_Debt_Monthly_Highest__Lowest___Closing_Prices__Debt_Hi_Low.csv,1896,8,"[""column_1"", ""column_2"", ""column_3"", ""column_4"", ""column_5"", ""column_6"", ""column_7"", ""column_8""]",8,"[""column_4"", ""column_5"", ""column_6"", ""column_7"", ""column_8""]",{},"[""column_1""]",converted,
stock_data/20Foreign Activity - Monthly.xlsx,xlsx,Sheet1,csv/stock_data/20Foreign_Activity_-_Monthly__Sheet1.csv,19,409,"[""column_1"", ""column_2"", ""column_3"", ""column_4"", ""column_5"", ""column_6"", ""column_7"", ""column_8"", ""column_9"", ""column_10"", ""column_11"", ""column_12"", ""column_13"", ""column_14"", ""column_15"", ""column_16"", ""column_17"", ""column_18"", ""column_19"", ""column_20"", ""column_21"", ""column_22"", ""column_23"", ""column_24"", ""column_25"", ""column_26"", ""column_27"", ""column_28"", ""column_29"", ""column_30"", ""column_31"", ""column_32"", ""column_33"", ""column_34"", ""column_35"", ""column_36"", ""column_37"", ""column_38"", ""column_39"", ""column_40"", ""column_41"", ""column_42"", ""column_43"", ""column_44"", ""column_45"", ""column_46"", ""column_47"", ""column_48"", ""column_49"", ""column_50"", ""column_51"", ""column_52"", ""column_53"", ""column_54"", ""column_55"", ""column_56"", ""column_57"", ""column_58"", ""column_59"", ""column_60"", ""column_61"", ""column_62"", ""column_63"", ""column_64"", ""column_65"", ""column_66"", ""column_67"", ""column_68"", ""column_69"", ""column_70"", ""column_71"", ""column_72"", ""column_73"", ""column_74"", ""column_75"", ""column_76"", ""column_77"", ""column_78"", ""column_79"", ""column_80"", ""column_81"", ""column_82"", ""column_83"", ""column_84"", ""column_85"", ""column_86"", ""column_87"", ""column_88"", ""column_89"", ""column_90"", ""column_91"", ""column_92"", ""column_93"", ""column_94"", ""column_95"", ""column_96"", ""column_97"", ""column_98"", ""column_99"", ""column_100"", ""column_101"", ""column_102"", ""column_103"", ""column_104"", ""column_105"", ""column_106"", ""column_107"", ""column_108"", ""column_109"", ""column_110"", ""column_111"", ""column_112"", ""column_113"", ""column_114"", ""column_115"", ""column_116"", ""column_117"", ""column_118"", ""column_119"", ""column_120"", ""column_121"", ""column_122"", ""column_123"", ""column_124"", ""column_125"", ""column_126"", ""column_127"", ""column_128"", ""column_129"", ""column_130"", ""column_131"", ""column_132"", ""column_133"", ""column_134"", ""column_135"", ""column_136"", ""column_137"", ""column_138"", ""column_139"", ""column_140"", ""column_141"", ""column_142"", ""column_143"", ""column_144"", ""column_145"", ""column_146"", ""column_147"", ""column_148"", ""column_149"", ""column_150"", ""column_151"", ""column_152"", ""column_153"", ""column_154"", ""column_155"", ""column_156"", ""column_157"", ""column_158"", ""column_159"", ""column_160"", ""column_161"", ""column_162"", ""column_163"", ""column_164"", ""column_165"", ""column_166"", ""column_167"", ""column_168"", ""column_169"", ""column_170"", ""column_171"", ""column_172"", ""column_173"", ""column_174"", ""column_175"", ""column_176"", ""column_177"", ""column_178"", ""column_179"", ""column_180"", ""column_181"", ""column_182"", ""column_183"", ""column_184"", ""column_185"", ""column_186"", ""column_187"", ""column_188"", ""column_189"", ""column_190"", ""column_191"", ""column_192"", ""column_193"", ""column_194"", ""column_195"", ""column_196"", ""column_197"", ""column_198"", ""column_199"", ""column_200"", ""column_201"", ""column_202"", ""column_203"", ""column_204"", ""column_205"", ""column_206"", ""column_207"", ""column_208"", ""column_209"", ""column_210"", ""column_211"", ""column_212"", ""column_213"", ""column_214"", ""column_215"", ""column_216"", ""column_217"", ""column_218"", ""column_219"", ""column_220"", ""column_221"", ""column_222"", ""column_223"", ""column_224"", ""column_225"", ""column_226"", ""column_227"", ""column_228"", ""column_229"", ""column_230"", ""column_231"", ""column_232"", ""column_233"", ""column_234"", ""column_235"", ""column_236"", ""column_237"", ""column_238"", ""column_239"", ""column_240"", ""column_241"", ""column_242"", ""column_243"", ""column_244"", ""column_245"", ""column_246"", ""column_247"", ""column_248"", ""column_249"", ""column_250"", ""column_251"", ""column_252"", ""column_253"", ""column_254"", ""column_255"", ""column_256"", ""column_257"", ""column_258"", ""column_259"", ""column_260"", ""column_261"", ""column_262"", ""column_263"", ""column_264"", ""column_265"", ""column_266"", ""column_267"", ""column_268"", ""column_269"", ""column_270"", ""column_271"", ""column_272"", ""column_273"", ""column_274"", ""column_275"", ""column_276"", ""column_277"", ""column_278"", ""column_279"", ""column_280"", ""column_281"", ""column_282"", ""column_283"", ""column_284"", ""column_285"", ""column_286"", ""column_287"", ""column_288"", ""column_289"", ""column_290"", ""column_291"", ""column_292"", ""column_293"", ""column_294"", ""column_295"", ""column_296"", ""column_297"", ""column_298"", ""column_299"", ""column_300"", ""column_301"", ""column_302"", ""column_303"", ""column_304"", ""column_305"", ""column_306"", ""column_307"", ""column_308"", ""column_309"", ""column_310"", ""column_311"", ""column_312"", ""column_313"", ""column_314"", ""column_315"", ""column_316"", ""column_317"", ""column_318"", ""column_319"", ""column_320"", ""column_321"", ""column_322"", ""column_323"", ""column_324"", ""column_325"", ""column_326"", ""column_327"", ""column_328"", ""column_329"", ""column_330"", ""column_331"", ""column_332"", ""column_333"", ""column_334"", ""column_335"", ""column_336"", ""column_337"", ""column_338"", ""column_339"", ""column_340"", ""column_341"", ""column_342"", ""column_343"", ""column_344"", ""column_345"", ""column_346"", ""column_347"", ""column_348"", ""column_349"", ""column_350"", ""column_351"", ""column_352"", ""column_353"", ""column_354"", ""column_355"", ""column_356"", ""column_357"", ""column_358"", ""column_359"", ""column_360"", ""column_361"", ""column_362"", ""column_363"", ""column_364"", ""column_365"", ""column_366"", ""column_367"", ""column_368"", ""column_369"", ""column_370"", ""column_371"", ""column_372"", ""column_373"", ""column_374"", ""column_375"", ""column_376"", ""column_377"", ""column_378"", ""column_379"", ""column_380"", ""column_381"", ""column_382"", ""column_383"", ""column_384"", ""column_385"", ""column_386"", ""column_387"", ""column_388"", ""column_389"", ""column_390"", ""column_391"", ""column_392"", ""column_393"", ""column_394"", ""column_395"", ""column_396"", ""column_397"", ""column_398"", ""column_399"", ""column_400"", ""column_401"", ""column_402"", ""column_403"", ""column_404"", ""column_405"", ""column_406"", ""column_407"", ""column_408"", ""column_409""]",409,"[""column_2"", ""column_3"", ""column_4"", ""column_5"", ""column_6"", ""column_7"", ""column_8"", ""column_9"", ""column_10"", ""column_11"", ""column_12"", ""column_13"", ""column_14"", ""column_15"", ""column_16"", ""column_17"", ""column_18"", ""column_19"", ""column_20"", ""column_21"", ""column_22"", ""column_23"", ""column_24"", ""column_25"", ""column_26"", ""column_27"", ""column_28"", ""column_29"", ""column_30"", ""column_31"", ""column_32"", ""column_33"", ""column_34"", ""column_35"", ""column_36"", ""column_37"", ""column_38"", ""column_39"", ""column_40"", ""column_41"", ""column_42"", ""column_43"", ""column_44"", ""column_45"", ""column_46"", ""column_47"", ""column_48"", ""column_49"", ""column_50"", ""column_51"", ""column_52"", ""column_53"", ""column_54"", ""column_55"", ""column_56"", ""column_57"", ""column_58"", ""column_59"", ""column_60"", ""column_61"", ""column_62"", ""column_63"", ""column_64"", ""column_65"", ""column_66"", ""column_67"", ""column_68"", ""column_69"", ""column_70"", ""column_71"", ""column_72"", ""column_73"", ""column_74"", ""column_75"", ""column_76"", ""column_77"", ""column_78"", ""column_79"", ""column_80"", ""column_81"", ""column_82"", ""column_83"", ""column_84"", ""column_85"", ""column_86"", ""column_87"", ""column_88"", ""column_89"", ""column_90"", ""column_91"", ""column_92"", ""column_93"", ""column_94"", ""column_95"", ""column_96"", ""column_97"", ""column_98"", ""column_99"", ""column_100"", ""column_101"", ""column_102"", ""column_103"", ""column_104"", ""column_105"", ""column_106"", ""column_107"", ""column_108"", ""column_109"", ""column_110"", ""column_111"", ""column_112"", ""column_113"", ""column_114"", ""column_115"", ""column_116"", ""column_117"", ""column_118"", ""column_119"", ""column_120"", ""column_121"", ""column_122"", ""column_123"", ""column_124"", ""column_125"", ""column_126"", ""column_127"", ""column_128"", ""column_129"", ""column_130"", ""column_131"", ""column_132"", ""column_133"", ""column_134"", ""column_135"", ""column_136"", ""column_137"", ""column_138"", ""column_139"", ""column_140"", ""column_141"", ""column_142"", ""column_143"", ""column_144"", ""column_145"", ""column_146"", ""column_147"", ""column_148"", ""column_149"", ""column_150"", ""column_151"", ""column_152"", ""column_153"", ""column_154"", ""column_155"", ""column_156"", ""column_157"", ""column_158"", ""column_159"", ""column_160"", ""column_161"", ""column_162"", ""column_163"", ""column_164"", ""column_165"", ""column_166"", ""column_167"", ""column_168"", ""column_169"", ""column_170"", ""column_171"", ""column_172"", ""column_173"", ""column_174"", ""column_175"", ""column_176"", ""column_177"", ""column_178"", ""column_179"", ""column_180"", ""column_181"", ""column_182"", ""column_183"", ""column_184"", ""column_185"", ""column_186"", ""column_187"", ""column_188"", ""column_189"", ""column_190"", ""column_191"", ""column_192"", ""column_193"", ""column_194"", ""column_195"", ""column_196"", ""column_197"", ""column_198"", ""column_199"", ""column_200"", ""column_201"", ""column_202"", ""column_203"", ""column_204"", ""column_205"", ""column_206"", ""column_207"", ""column_208"", ""column_209"", ""column_210"", ""column_211"", ""column_212"", ""column_213"", ""column_214"", ""column_215"", ""column_216"", ""column_217"", ""column_218"", ""column_219"", ""column_220"", ""column_221"", ""column_222"", ""column_223"", ""column_224"", ""column_225"", ""column_226"", ""column_227"", ""column_228"", ""column_229"", ""column_230"", ""column_231"", ""column_232"", ""column_233"", ""column_234"", ""column_235"", ""column_236"", ""column_237"", ""column_238"", ""column_239"", ""column_240"", ""column_241"", ""column_242"", ""column_243"", ""column_244"", ""column_245"", ""column_246"", ""column_247"", ""column_248"", ""column_249"", ""column_250"", ""column_251"", ""column_252"", ""column_253"", ""column_254"", ""column_255"", ""column_256"", ""column_257"", ""column_258"", ""column_259"", ""column_260"", ""column_261"", ""column_262"", ""column_263"", ""column_264"", ""column_265"", ""column_266"", ""column_267"", ""column_268"", ""column_269"", ""column_270"", ""column_271"", ""column_272"", ""column_273"", ""column_274"", ""column_275"", ""column_276"", ""column_277"", ""column_278"", ""column_279"", ""column_280"", ""column_281"", ""column_282"", ""column_283"", ""column_284"", ""column_285"", ""column_286"", ""column_287"", ""column_288"", ""column_289"", ""column_290"", ""column_291"", ""column_292"", ""column_293"", ""column_294"", ""column_295"", ""column_296"", ""column_297"", ""column_298"", ""column_299"", ""column_300"", ""column_301"", ""column_302"", ""column_303"", ""column_304"", ""column_305"", ""column_306"", ""column_307"", ""column_308"", ""column_309"", ""column_310"", ""column_311"", ""column_312"", ""column_313"", ""column_314"", ""column_315"", ""column_316"", ""column_317"", ""column_318"", ""column_319"", ""column_320"", ""column_321"", ""column_322"", ""column_323"", ""column_324"", ""column_325"", ""column_326"", ""column_327"", ""column_328"", ""column_329"", ""column_330"", ""column_331"", ""column_332"", ""column_333"", ""column_334"", ""column_335"", ""column_336"", ""column_337"", ""column_338"", ""column_339"", ""column_340"", ""column_342"", ""column_343"", ""column_344"", ""column_345"", ""column_346"", ""column_347"", ""column_348"", ""column_349"", ""column_350"", ""column_351"", ""column_352"", ""column_353"", ""column_354"", ""column_355"", ""column_356"", ""column_357"", ""column_358"", ""column_359"", ""column_360"", ""column_361"", ""column_362"", ""column_363"", ""column_364"", ""column_365"", ""column_366"", ""column_367"", ""column_368"", ""column_369"", ""column_370"", ""column_371"", ""column_372"", ""column_373"", ""column_374"", ""column_375"", ""column_376"", ""column_377"", ""column_378"", ""column_379"", ""column_380"", ""column_381"", ""column_382"", ""column_383"", ""column_384"", ""column_385"", ""column_386"", ""column_387"", ""column_388"", ""column_389"", ""column_390"", ""column_391"", ""column_392"", ""column_393"", ""column_394"", ""column_395"", ""column_396"", ""column_397"", ""column_398"", ""column_399"", ""column_400"", ""column_401"", ""column_402"", ""column_403"", ""column_404"", ""column_405"", ""column_406"", ""column_407"", ""column_408"", ""column_409""]",{},[],converted,
stock_data/21Market Capitalisation of Listed Companies.xls,xls,2025,csv/stock_data/21Market_Capitalisation_of_Listed_Companies__2025.csv,303,6,"[""column_1"", ""column_2"", ""column_3"", ""column_4"", ""column_5"", ""column_6""]",6,"[""column_4"", ""column_5"", ""column_6""]",{},"[""column_1"", ""column_2"", ""column_3""]",converted,
stock_data/21Market Capitalisation of Listed Companies.xls,xls,2024,csv/stock_data/21Market_Capitalisation_of_Listed_Companies__2024.csv,302,6,"[""column_1"", ""column_2"", ""column_3"", ""column_4"", ""column_5"", ""column_6""]",6,"[""column_4"", ""column_5"", ""column_6""]",{},"[""column_1"", ""column_2"", ""column_3""]",converted,
stock_data/21Market Capitalisation of Listed Companies.xls,xls,2023,csv/stock_data/21Market_Capitalisation_of_Listed_Companies__2023.csv,308,6,"[""column_1"", ""column_2"", ""column_3"", ""column_4"", ""column_5"", ""column_6""]",6,"[""column_4"", ""column_5"", ""column_6""]",{},"[""column_1"", ""column_2"", ""column_3""]",converted,
stock_data/21Market Capitalisation of Listed Companies.xls,xls,2022,csv/stock_data/21Market_Capitalisation_of_Listed_Companies__2022.csv,307,6,"[""column_1"", ""column_2"", ""column_3"", ""column_4"", ""column_5"", ""column_6""]",6,"[""column_4"", ""column_5"", ""column_6""]",{},"[""column_1"", ""column_2"", ""column_3""]",converted,
stock_data/21Market Capitalisation of Listed Companies.xls,xls,2021,csv/stock_data/21Market_Capitalisation_of_Listed_Companies__2021.csv,314,6,"[""column_1"", ""column_2"", ""column_3"", ""column_4"", ""column_5"", ""column_6""]",6,"[""column_4"", ""column_5"", ""column_6""]",{},"[""column_1"", ""column_2"", ""column_3""]",converted,
stock_data/21Market Capitalisation of Listed Companies.xls,xls,2020,csv/stock_data/21Market_Capitalisation_of_Listed_Companies__2020.csv,302,6,"[""column_1"", ""column_2"", ""column_3"", ""column_4"", ""column_5"", ""column_6""]",6,"[""column_4"", ""column_5"", ""column_6""]",{},"[""column_1"", ""column_2"", ""column_3""]",converted,
stock_data/21Market Capitalisation of Listed Companies.xls,xls,2019,csv/stock_data/21Market_Capitalisation_of_Listed_Companies__2019.csv,308,6,"[""column_1"", ""column_2"", ""column_3"", ""column_4"", ""column_5"", ""column_6""]",6,"[""column_4"", ""column_5"", ""column_6""]",{},"[""column_1"", ""column_2"", ""column_3""]",converted,
stock_data/21Market Capitalisation of Listed Companies.xls,xls,2018 ,csv/stock_data/21Market_Capitalisation_of_Listed_Companies__2018.csv,315,6,"[""column_1"", ""column_2"", ""column_3"", ""column_4"", ""column_5"", ""column_6""]",6,"[""column_4"", ""column_5"", ""column_6""]",{},"[""column_1"", ""column_2"", ""column_3""]",converted,
stock_data/21Market Capitalisation of Listed Companies.xls,xls,2017,csv/stock_data/21Market_Capitalisation_of_Listed_Companies__2017.csv,313,6,"[""column_1"", ""column_2"", ""column_3"", ""column_4"", ""column_5"", ""column_6""]",6,"[""column_4"", ""column_5"", ""column_6""]",{},"[""column_1"", ""column_2"", ""column_3""]",converted,
stock_data/21Market Capitalisation of Listed Companies.xls,xls,2016,csv/stock_data/21Market_Capitalisation_of_Listed_Companies__2016.csv,290,5,"[""column_1"", ""column_2"", ""column_3"", ""column_4"", ""column_5""]",5,"[""column_3"", ""column_4"", ""column_5""]",{},"[""column_1"", ""column_2""]",converted,
stock_data/21Market Capitalisation of Listed Companies.xls,xls,2015,csv/stock_data/21Market_Capitalisation_of_Listed_Companies__2015.csv,289,5,"[""column_1"", ""column_2"", ""column_3"", ""column_4"", ""column_5""]",5,"[""column_3"", ""column_4"", ""column_5""]",{},"[""column_1"", ""column_2""]",converted,
stock_data/21Market Capitalisation of Listed Companies.xls,xls,2014,csv/stock_data/21Market_Capitalisation_of_Listed_Companies__2014.csv,289,5,"[""column_1"", ""column_2"", ""column_3"", ""column_4"", ""column_5""]",5,"[""column_3"", ""column_4"", ""column_5""]",{},"[""column_1"", ""column_2""]",converted,
stock_data/21Market Capitalisation of Listed Companies.xls,xls,2013,csv/stock_data/21Market_Capitalisation_of_Listed_Companies__2013.csv,286,5,"[""column_1"", ""column_2"", ""column_3"", ""column_4"", ""column_5""]",5,"[""column_3"", ""column_4"", ""column_5""]",{},"[""column_1"", ""column_2""]",converted,
stock_data/21Market Capitalisation of Listed Companies.xls,xls,2012,csv/stock_data/21Market_Capitalisation_of_Listed_Companies__2012.csv,284,5,"[""column_1"", ""column_2"", ""column_3"", ""column_4"", ""column_5""]",5,"[""column_3"", ""column_4"", ""column_5""]",{},"[""column_1"", ""column_2""]",converted,
stock_data/21Market Capitalisation of Listed Companies.xls,xls,2011,csv/stock_data/21Market_Capitalisation_of_Listed_Companies__2011.csv,268,5,"[""column_1"", ""column_2"", ""column_3"", ""column_4"", ""column_5""]",5,"[""column_3"", ""column_4"", ""column_5""]",{},"[""column_1"", ""column_2""]",converted,
stock_data/21Market Capitalisation of Listed Companies.xls,xls,2010,csv/stock_data/21Market_Capitalisation_of_Listed_Companies__2010.csv,241,5,"[""column_1"", ""column_2"", ""column_3"", ""column_4"", ""column_5""]",5,"[""column_3"", ""column_4"", ""column_5""]",{},"[""column_1"", ""column_2""]",converted,
stock_data/21Market Capitalisation of Listed Companies.xls,xls,2009,csv/stock_data/21Market_Capitalisation_of_Listed_Companies__2009.csv,232,6,"[""column_1"", ""column_2"", ""column_3"", ""column_4"", ""column_5"", ""column_6""]",6,"[""column_4"", ""column_5"", ""column_6""]","{""column_3"": {""max"": ""2009-12-30"", ""min"": ""2004-09-13"", ""valid_rows"": ""230""}}","[""column_1"", ""column_2""]",converted,
stock_data/21Market Capitalisation of Listed Companies.xls,xls,2008,csv/stock_data/21Market_Capitalisation_of_Listed_Companies__2008.csv,234,6,"[""column_1"", ""column_2"", ""column_3"", ""column_4"", ""column_5"", ""column_6""]",6,"[""column_4"", ""column_5"", ""column_6""]","{""column_3"": {""max"": ""2008-12-31"", ""min"": ""2004-09-13"", ""valid_rows"": ""232""}}","[""column_1"", ""column_2""]",converted,
stock_data/21Market Capitalisation of Listed Companies.xls,xls,2007,csv/stock_data/21Market_Capitalisation_of_Listed_Companies__2007.csv,234,6,"[""column_1"", ""column_2"", ""column_3"", ""column_4"", ""column_5"", ""column_6""]",6,"[""column_4"", ""column_5"", ""column_6""]","{""column_3"": {""max"": ""2007-12-31"", ""min"": ""2004-09-13"", ""valid_rows"": ""232""}}","[""column_1"", ""column_2""]",converted,
stock_data/21Market Capitalisation of Listed Companies.xls,xls,2006,csv/stock_data/21Market_Capitalisation_of_Listed_Companies__2006.csv,236,6,"[""column_1"", ""column_2"", ""column_3"", ""column_4"", ""column_5"", ""column_6""]",6,"[""column_4"", ""column_5"", ""column_6""]","{""column_3"": {""max"": ""2006-12-29"", ""min"": ""2004-09-13"", ""valid_rows"": ""234""}}","[""column_1"", ""column_2""]",converted,
stock_data/21Market Capitalisation of Listed Companies.xls,xls,2005,csv/stock_data/21Market_Capitalisation_of_Listed_Companies__2005.csv,236,6,"[""column_1"", ""column_2"", ""column_3"", ""column_4"", ""column_5"", ""column_6""]",6,"[""column_4"", ""column_5"", ""column_6""]","{""column_3"": {""max"": ""2005-12-30"", ""min"": ""2004-09-13"", ""valid_rows"": ""234""}}","[""column_1"", ""column_2""]",converted,
stock_data/21Market Capitalisation of Listed Companies.xls,xls,2004,csv/stock_data/21Market_Capitalisation_of_Listed_Companies__2004.csv,241,6,"[""column_1"", ""column_2"", ""column_3"", ""column_4"", ""column_5"", ""column_6""]",6,"[""column_4"", ""column_5"", ""column_6""]","{""column_3"": {""max"": ""2004-12-31"", ""min"": ""2003-08-20"", ""valid_rows"": ""239""}}","[""column_1"", ""column_2""]",converted,
stock_data/21Market Capitalisation of Listed Companies.xls,xls,2003,csv/stock_data/21Market_Capitalisation_of_Listed_Companies__2003.csv,241,6,"[""column_1"", ""column_2"", ""column_3"", ""column_4"", ""column_5"", ""column_6""]",6,"[""column_4"", ""column_5"", ""column_6""]","{""column_3"": {""max"": ""2003-12-31"", ""min"": ""1997-04-30"", ""valid_rows"": ""239""}}","[""column_1"", ""column_2""]",converted,
stock_data/21Market Capitalisation of Listed Companies.xls,xls,2002,csv/stock_data/21Market_Capitalisation_of_Listed_Companies__2002.csv,234,6,"[""column_1"", ""column_2"", ""column_3"", ""column_4"", ""column_5"", ""column_6""]",6,"[""column_4"", ""column_5"", ""column_6""]","{""column_3"": {""max"": ""2002-12-31"", ""min"": ""1997-04-30"", ""valid_rows"": ""232""}}","[""column_1"", ""column_2""]",converted,
stock_data/21Market Capitalisation of Listed Companies.xls,xls,2001,csv/stock_data/21Market_Capitalisation_of_Listed_Companies__2001.csv,236,6,"[""column_1"", ""column_2"", ""column_3"", ""column_4"", ""column_5"", ""column_6""]",6,"[""column_4"", ""column_5"", ""column_6""]","{""column_3"": {""max"": ""2001-12-31"", ""min"": ""1997-04-30"", ""valid_rows"": ""234""}}","[""column_1"", ""column_2""]",converted,
stock_data/21Market Capitalisation of Listed Companies.xls,xls,2000,csv/stock_data/21Market_Capitalisation_of_Listed_Companies__2000.csv,239,6,"[""column_1"", ""column_2"", ""column_3"", ""column_4"", ""column_5"", ""column_6""]",6,"[""column_4"", ""column_5"", ""column_6""]","{""column_3"": {""max"": ""2000-12-29"", ""min"": ""1997-04-30"", ""valid_rows"": ""237""}}","[""column_1"", ""column_2""]",converted,
stock_data/21Market Capitalisation of Listed Companies.xls,xls,1999,csv/stock_data/21Market_Capitalisation_of_Listed_Companies__1999.csv,237,6,"[""column_1"", ""column_2"", ""column_3"", ""column_4"", ""column_5"", ""column_6""]",6,"[""column_4"", ""column_5"", ""column_6""]","{""column_3"": {""max"": ""1999-12-30"", ""min"": ""1997-04-30"", ""valid_rows"": ""235""}}","[""column_1"", ""column_2""]",converted,
stock_data/22Sector Market Capitalisation.xls,xls,2025,csv/stock_data/22Sector_Market_Capitalisation__2025.csv,22,16,"[""column_2"", ""column_3"", ""column_4"", ""column_5"", ""column_6"", ""column_7"", ""column_8"", ""column_9"", ""column_10"", ""column_11"", ""column_12"", ""column_13"", ""column_14"", ""column_15"", ""column_16"", ""column_17""]",16,"[""column_3"", ""column_4"", ""column_5"", ""column_6"", ""column_7"", ""column_8"", ""column_9"", ""column_10"", ""column_11"", ""column_15"", ""column_16"", ""column_17""]",{},[],converted,
stock_data/22Sector Market Capitalisation.xls,xls,2024,csv/stock_data/22Sector_Market_Capitalisation__2024.csv,22,13,"[""column_2"", ""column_3"", ""column_4"", ""column_5"", ""column_6"", ""column_7"", ""column_8"", ""column_9"", ""column_10"", ""column_11"", ""column_12"", ""column_13"", ""column_14""]",13,"[""column_3"", ""column_4"", ""column_5"", ""column_6"", ""column_7"", ""column_8"", ""column_9"", ""column_10"", ""column_11"", ""column_12"", ""column_13"", ""column_14""]",{},[],converted,
stock_data/22Sector Market Capitalisation.xls,xls,2023,csv/stock_data/22Sector_Market_Capitalisation__2023.csv,22,13,"[""column_2"", ""column_3"", ""column_4"", ""column_5"", ""column_6"", ""column_7"", ""column_8"", ""column_9"", ""column_10"", ""column_11"", ""column_12"", ""column_13"", ""column_14""]",13,"[""column_3"", ""column_4"", ""column_5"", ""column_6"", ""column_7"", ""column_8"", ""column_9"", ""column_10"", ""column_11"", ""column_12"", ""column_13"", ""column_14""]",{},[],converted,
stock_data/22Sector Market Capitalisation.xls,xls,2022,csv/stock_data/22Sector_Market_Capitalisation__2022.csv,22,13,"[""column_2"", ""column_3"", ""column_4"", ""column_5"", ""column_6"", ""column_7"", ""column_8"", ""column_9"", ""column_10"", ""column_11"", ""column_12"", ""column_13"", ""column_14""]",13,"[""column_3"", ""column_4"", ""column_5"", ""column_6"", ""column_7"", ""column_8"", ""column_9"", ""column_10"", ""column_11"", ""column_12"", ""column_13"", ""column_14""]",{},[],converted,
stock_data/22Sector Market Capitalisation.xls,xls,2021,csv/stock_data/22Sector_Market_Capitalisation__2021.csv,23,13,"[""column_2"", ""column_3"", ""column_4"", ""column_5"", ""column_6"", ""column_7"", ""column_8"", ""column_9"", ""column_10"", ""column_11"", ""column_12"", ""column_13"", ""column_14""]",13,"[""column_3"", ""column_4"", ""column_5"", ""column_6"", ""column_7"", ""column_8"", ""column_9"", ""column_10"", ""column_11"", ""column_12"", ""column_13"", ""column_14""]",{},[],converted,
stock_data/22Sector Market Capitalisation.xls,xls,2020,csv/stock_data/22Sector_Market_Capitalisation__2020.csv,22,13,"[""column_1"", ""column_2"", ""column_3"", ""column_4"", ""column_5"", ""column_6"", ""column_7"", ""column_8"", ""column_9"", ""column_10"", ""column_11"", ""column_12"", ""column_13""]",13,"[""column_2"", ""column_3"", ""column_4"", ""column_6"", ""column_7"", ""column_8"", ""column_9"", ""column_10"", ""column_11"", ""column_12"", ""column_13""]",{},[],converted,
stock_data/22Sector Market Capitalisation.xls,xls,2019,csv/stock_data/22Sector_Market_Capitalisation__2019.csv,24,13,"[""column_2"", ""column_3"", ""column_4"", ""column_5"", ""column_6"", ""column_7"", ""column_8"", ""column_9"", ""column_10"", ""column_11"", ""column_12"", ""column_13"", ""column_14""]",13,"[""column_3"", ""column_4"", ""column_5"", ""column_6"", ""column_7"", ""column_8"", ""column_9"", ""column_10"", ""column_11"", ""column_12"", ""column_13"", ""column_14""]",{},[],converted,
stock_data/22Sector Market Capitalisation.xls,xls,2018,csv/stock_data/22Sector_Market_Capitalisation__2018.csv,24,37,"[""column_2"", ""column_3"", ""column_4"", ""column_5"", ""column_6"", ""column_7"", ""column_8"", ""column_9"", ""column_10"", ""column_11"", ""column_12"", ""column_13"", ""column_14"", ""column_15"", ""column_16"", ""column_17"", ""column_18"", ""column_19"", ""column_20"", ""column_21"", ""column_22"", ""column_23"", ""column_24"", ""column_25"", ""column_26"", ""column_27"", ""column_28"", ""column_29"", ""column_30"", ""column_31"", ""column_32"", ""column_33"", ""column_34"", ""column_35"", ""column_36"", ""column_37"", ""column_38""]",37,"[""column_3"", ""column_4"", ""column_5"", ""column_6"", ""column_7"", ""column_8"", ""column_27"", ""column_28"", ""column_29"", ""column_30"", ""column_31"", ""column_32"", ""column_33"", ""column_34"", ""column_35"", ""column_36"", ""column_37"", ""column_38""]",{},[],converted,
stock_data/22Sector Market Capitalisation.xls,xls,2017,csv/stock_data/22Sector_Market_Capitalisation__2017.csv,24,22,"[""column_1"", ""column_2"", ""column_3"", ""column_4"", ""column_5"", ""column_6"", ""column_7"", ""column_8"", ""column_9"", ""column_10"", ""column_11"", ""column_12"", ""column_13"", ""column_14"", ""column_15"", ""column_16"", ""column_17"", ""column_18"", ""column_19"", ""column_20"", ""column_21"", ""column_22""]",22,"[""column_2"", ""column_3"", ""column_4"", ""column_14"", ""column_15"", ""column_16"", ""column_17"", ""column_18"", ""column_19"", ""column_20"", ""column_21"", ""column_22""]",{},[],converted,
stock_data/22Sector Market Capitalisation.xls,xls,2016,csv/stock_data/22Sector_Market_Capitalisation__2016.csv,24,22,"[""column_1"", ""column_2"", ""column_3"", ""column_4"", ""column_5"", ""column_6"", ""column_7"", ""column_8"", ""column_9"", ""column_10"", ""column_11"", ""column_12"", ""column_13"", ""column_14"", ""column_15"", ""column_16"", ""column_17"", ""column_18"", ""column_19"", ""column_20"", ""column_21"", ""column_22""]",22,"[""column_2"", ""column_3"", ""column_4"", ""column_14"", ""column_15"", ""column_16"", ""column_17"", ""column_18"", ""column_19"", ""column_20"", ""column_21"", ""column_22""]",{},[],converted,
stock_data/22Sector Market Capitalisation.xls,xls,2015,csv/stock_data/22Sector_Market_Capitalisation__2015.csv,24,13,"[""column_1"", ""column_2"", ""column_3"", ""column_4"", ""column_5"", ""column_6"", ""column_7"", ""column_8"", ""column_9"", ""column_10"", ""column_11"", ""column_12"", ""column_13""]",13,"[""column_2"", ""column_3"", ""column_4"", ""column_5"", ""column_6"", ""column_7"", ""column_8"", ""column_9"", ""column_10"", ""column_11"", ""column_12"", ""column_13""]",{},[],converted,
stock_data/22Sector Market Capitalisation.xls,xls,2014,csv/stock_data/22Sector_Market_Capitalisation__2014.csv,24,13,"[""column_1"", ""column_2"", ""column_3"", ""column_4"", ""column_5"", ""column_6"", ""column_7"", ""column_8"", ""column_9"", ""column_10"", ""column_11"", ""column_12"", ""column_13""]",13,"[""column_2"", ""column_3"", ""column_4"", ""column_5"", ""column_6"", ""column_7"", ""column_8"", ""column_9"", ""column_10"", ""column_11"", ""column_12"", ""column_13""]",{},[],converted,
stock_data/22Sector Market Capitalisation.xls,xls,2013,csv/stock_data/22Sector_Market_Capitalisation__2013.csv,24,13,"[""column_1"", ""column_2"", ""column_3"", ""column_4"", ""column_5"", ""column_6"", ""column_7"", ""column_8"", ""column_9"", ""column_10"", ""column_11"", ""column_12"", ""column_13""]",13,"[""column_2"", ""column_3"", ""column_4"", ""column_5"", ""column_6"", ""column_7"", ""column_8"", ""column_9"", ""column_10"", ""column_11"", ""column_12"", ""column_13""]",{},[],converted,
stock_data/22Sector Market Capitalisation.xls,xls,2012,csv/stock_data/22Sector_Market_Capitalisation__2012.csv,25,13,"[""column_1"", ""column_2"", ""column_3"", ""column_4"", ""column_5"", ""column_6"", ""column_7"", ""column_8"", ""column_9"", ""column_10"", ""column_11"", ""column_12"", ""column_13""]",13,"[""column_2"", ""column_3"", ""column_4"", ""column_5"", ""column_6"", ""column_7"", ""column_8"", ""column_9"", ""column_10"", ""column_11"", ""column_12"", ""column_13""]",{},[],converted,
stock_data/22Sector Market Capitalisation.xls,xls,2011,csv/stock_data/22Sector_Market_Capitalisation__2011.csv,24,13,"[""column_1"", ""column_2"", ""column_3"", ""column_4"", ""column_5"", ""column_6"", ""column_7"", ""column_8"", ""column_9"", ""column_10"", ""column_11"", ""column_12"", ""column_13""]",13,"[""column_2"", ""column_3"", ""column_4"", ""column_5"", ""column_6"", ""column_7"", ""column_8"", ""column_9"", ""column_10"", ""column_11"", ""column_12"", ""column_13""]",{},[],converted,
stock_data/22Sector Market Capitalisation.xls,xls,2010,csv/stock_data/22Sector_Market_Capitalisation__2010.csv,24,13,"[""column_1"", ""column_2"", ""column_3"", ""column_4"", ""column_5"", ""column_6"", ""column_7"", ""column_8"", ""column_9"", ""column_10"", ""column_11"", ""column_12"", ""column_13""]",13,"[""column_2"", ""column_3"", ""column_4"", ""column_5"", ""column_6"", ""column_7"", ""column_8"", ""column_9"", ""column_10"", ""column_11"", ""column_12"", ""column_13""]",{},[],converted,
stock_data/22Sector Market Capitalisation.xls,xls,2009,csv/stock_data/22Sector_Market_Capitalisation__2009.csv,24,13,"[""column_1"", ""column_2"", ""column_3"", ""column_4"", ""column_5"", ""column_6"", ""column_7"", ""column_8"", ""column_9"", ""column_10"", ""column_11"", ""column_12"", ""column_13""]",13,"[""column_2"", ""column_3"", ""column_4"", ""column_5"", ""column_6"", ""column_7"", ""column_8"", ""column_9"", ""column_10"", ""column_11"", ""column_12"", ""column_13""]",{},[],converted,
stock_data/22Sector Market Capitalisation.xls,xls,2008,csv/stock_data/22Sector_Market_Capitalisation__2008.csv,24,13,"[""column_1"", ""column_2"", ""column_3"", ""column_4"", ""column_5"", ""column_6"", ""column_7"", ""column_8"", ""column_9"", ""column_10"", ""column_11"", ""column_12"", ""column_13""]",13,"[""column_2"", ""column_3"", ""column_4"", ""column_5"", ""column_6"", ""column_7"", ""column_8"", ""column_9"", ""column_10"", ""column_11"", ""column_12"", ""column_13""]",{},[],converted,
stock_data/22Sector Market Capitalisation.xls,xls,2007,csv/stock_data/22Sector_Market_Capitalisation__2007.csv,24,13,"[""column_1"", ""column_2"", ""column_3"", ""column_4"", ""column_5"", ""column_6"", ""column_7"", ""column_8"", ""column_9"", ""column_10"", ""column_11"", ""column_12"", ""column_13""]",13,"[""column_2"", ""column_3"", ""column_4"", ""column_5"", ""column_6"", ""column_7"", ""column_8"", ""column_9"", ""column_10"", ""column_11"", ""column_12"", ""column_13""]",{},[],converted,
stock_data/22Sector Market Capitalisation.xls,xls,2006,csv/stock_data/22Sector_Market_Capitalisation__2006.csv,24,13,"[""column_1"", ""column_2"", ""column_3"", ""column_4"", ""column_5"", ""column_6"", ""column_7"", ""column_8"", ""column_9"", ""column_10"", ""column_11"", ""column_12"", ""column_13""]",13,"[""column_2"", ""column_3"", ""column_4"", ""column_5"", ""column_6"", ""column_7"", ""column_8"", ""column_9"", ""column_10"", ""column_11"", ""column_12"", ""column_13""]",{},[],converted,
stock_data/22Sector Market Capitalisation.xls,xls,2005,csv/stock_data/22Sector_Market_Capitalisation__2005.csv,24,13,"[""column_1"", ""column_2"", ""column_3"", ""column_4"", ""column_5"", ""column_6"", ""column_7"", ""column_8"", ""column_9"", ""column_10"", ""column_11"", ""column_12"", ""column_13""]",13,"[""column_2"", ""column_3"", ""column_4"", ""column_5"", ""column_6"", ""column_7"", ""column_8"", ""column_9"", ""column_10"", ""column_11"", ""column_12"", ""column_13""]",{},[],converted,
stock_data/23Sector Trading Statistics - Monthly.xls,xls,2025,csv/stock_data/23Sector_Trading_Statistics_-_Monthly__2025.csv,24,61,"[""column_1"", ""column_2"", ""column_3"", ""column_4"", ""column_5"", ""column_6"", ""column_8"", ""column_9"", ""column_10"", ""column_11"", ""column_12"", ""column_14"", ""column_15"", ""column_16"", ""column_17"", ""column_18"", ""column_19"", ""column_20"", ""column_21"", ""column_22"", ""column_23"", ""column_25"", ""column_26"", ""column_27"", ""column_28"", ""column_29"", ""column_31"", ""column_32"", ""column_33"", ""column_34"", ""column_35"", ""column_36"", ""column_37"", ""column_38"", ""column_39"", ""column_40"", ""column_42"", ""column_43"", ""column_44"", ""column_45"", ""column_46"", ""column_48"", ""column_49"", ""column_50"", ""column_51"", ""column_52"", ""column_54"", ""column_55"", ""column_56"", ""column_57"", ""column_58"", ""column_60"", ""column_61"", ""column_62"", ""column_63"", ""column_64"", ""column_66"", ""column_67"", ""column_68"", ""column_69"", ""column_70""]",61,"[""column_2"", ""column_3"", ""column_4"", ""column_5"", ""column_6"", ""column_8"", ""column_9"", ""column_10"", ""column_11"", ""column_12"", ""column_14"", ""column_15"", ""column_16"", ""column_17"", ""column_18"", ""column_19"", ""column_20"", ""column_21"", ""column_22"", ""column_23"", ""column_25"", ""column_26"", ""column_27"", ""column_28"", ""column_29"", ""column_31"", ""column_32"", ""column_33"", ""column_34"", ""column_35"", ""column_36"", ""column_37"", ""column_38"", ""column_39"", ""column_40"", ""column_42"", ""column_43"", ""column_44"", ""column_45"", ""column_46"", ""column_48"", ""column_49"", ""column_50"", ""column_51"", ""column_52"", ""column_54"", ""column_55"", ""column_56"", ""column_57"", ""column_58"", ""column_60"", ""column_61"", ""column_62"", ""column_63"", ""column_64"", ""column_66"", ""column_67"", ""column_68"", ""column_69"", ""column_70""]",{},[],converted,
stock_data/23Sector Trading Statistics - Monthly.xls,xls,2024,csv/stock_data/23Sector_Trading_Statistics_-_Monthly__2024.csv,24,61,"[""column_1"", ""column_2"", ""column_3"", ""column_4"", ""column_5"", ""column_6"", ""column_7"", ""column_8"", ""column_9"", ""column_10"", ""column_11"", ""column_12"", ""column_13"", ""column_14"", ""column_15"", ""column_16"", ""column_17"", ""column_18"", ""column_19"", ""column_20"", ""column_21"", ""column_22"", ""column_23"", ""column_24"", ""column_25"", ""column_26"", ""column_27"", ""column_28"", ""column_29"", ""column_30"", ""column_31"", ""column_32"", ""column_33"", ""column_34"", ""column_35"", ""column_36"", ""column_37"", ""column_38"", ""column_39"", ""column_40"", ""column_41"", ""column_42"", ""column_43"", ""column_44"", ""column_45"", ""column_46"", ""column_47"", ""column_48"", ""column_49"", ""column_50"", ""column_51"", ""column_52"", ""column_53"", ""column_54"", ""column_55"", ""column_56"", ""column_57"", ""column_58"", ""column_59"", ""column_60"", ""column_61""]",61,"[""column_2"", ""column_3"", ""column_4"", ""column_5"", ""column_6"", ""column_7"", ""column_8"", ""column_9"", ""column_10"", ""column_11"", ""column_12"", ""column_13"", ""column_14"", ""column_15"", ""column_16"", ""column_17"", ""column_18"", ""column_19"", ""column_20"", ""column_21"", ""column_22"", ""column_23"", ""column_24"", ""column_25"", ""column_26"", ""column_27"", ""column_28"", ""column_29"", ""column_30"", ""column_31"", ""column_32"", ""column_33"", ""column_34"", ""column_35"", ""column_36"", ""column_37"", ""column_38"", ""column_39"", ""column_40"", ""column_41"", ""column_42"", ""column_43"", ""column_44"", ""column_45"", ""column_46"", ""column_47"", ""column_48"", ""column_49"", ""column_50"", ""column_51"", ""column_52"", ""column_53"", ""column_54"", ""column_55"", ""column_56"", ""column_57"", ""column_58"", ""column_59"", ""column_60"", ""column_61""]",{},[],converted,
stock_data/23Sector Trading Statistics - Monthly.xls,xls,2023,csv/stock_data/23Sector_Trading_Statistics_-_Monthly__2023.csv,24,61,"[""column_1"", ""column_2"", ""column_3"", ""column_4"", ""column_5"", ""column_6"", ""column_7"", ""column_8"", ""column_9"", ""column_10"", ""column_11"", ""column_12"", ""column_13"", ""column_14"", ""column_15"", ""column_16"", ""column_17"", ""column_18"", ""column_19"", ""column_20"", ""column_21"", ""column_22"", ""column_23"", ""column_24"", ""column_25"", ""column_26"", ""column_27"", ""column_28"", ""column_29"", ""column_30"", ""column_31"", ""column_32"", ""column_33"", ""column_34"", ""column_35"", ""column_36"", ""column_37"", ""column_38"", ""column_39"", ""column_40"", ""column_41"", ""column_42"", ""column_43"", ""column_44"", ""column_45"", ""column_46"", ""column_47"", ""column_48"", ""column_49"", ""column_50"", ""column_51"", ""column_52"", ""column_53"", ""column_54"", ""column_55"", ""column_56"", ""column_57"", ""column_58"", ""column_59"", ""column_60"", ""column_61""]",61,"[""column_2"", ""column_3"", ""column_4"", ""column_5"", ""column_6"", ""column_7"", ""column_8"", ""column_9"", ""column_10"", ""column_11"", ""column_12"", ""column_13"", ""column_14"", ""column_15"", ""column_16"", ""column_17"", ""column_18"", ""column_19"", ""column_20"", ""column_21"", ""column_22"", ""column_23"", ""column_24"", ""column_25"", ""column_26"", ""column_27"", ""column_28"", ""column_29"", ""column_30"", ""column_31"", ""column_32"", ""column_33"", ""column_34"", ""column_35"", ""column_36"", ""column_37"", ""column_38"", ""column_39"", ""column_40"", ""column_41"", ""column_42"", ""column_43"", ""column_44"", ""column_45"", ""column_46"", ""column_47"", ""column_48"", ""column_49"", ""column_50"", ""column_51"", ""column_52"", ""column_53"", ""column_54"", ""column_55"", ""column_56"", ""column_57"", ""column_58"", ""column_59"", ""column_60"", ""column_61""]",{},[],converted,
stock_data/23Sector Trading Statistics - Monthly.xls,xls,2022,csv/stock_data/23Sector_Trading_Statistics_-_Monthly__2022.csv,24,61,"[""column_1"", ""column_2"", ""column_3"", ""column_4"", ""column_5"", ""column_6"", ""column_7"", ""column_8"", ""column_9"", ""column_10"", ""column_11"", ""column_12"", ""column_13"", ""column_14"", ""column_15"", ""column_16"", ""column_17"", ""column_18"", ""column_19"", ""column_20"", ""column_21"", ""column_22"", ""column_23"", ""column_24"", ""column_25"", ""column_26"", ""column_27"", ""column_28"", ""column_29"", ""column_30"", ""column_31"", ""column_32"", ""column_33"", ""column_34"", ""column_35"", ""column_36"", ""column_37"", ""column_38"", ""column_39"", ""column_40"", ""column_41"", ""column_42"", ""column_43"", ""column_44"", ""column_45"", ""column_46"", ""column_47"", ""column_48"", ""column_49"", ""column_50"", ""column_51"", ""column_52"", ""column_53"", ""column_54"", ""column_55"", ""column_56"", ""column_57"", ""column_58"", ""column_59"", ""column_60"", ""column_61""]",61,"[""column_2"", ""column_3"", ""column_4"", ""column_5"", ""column_6"", ""column_7"", ""column_8"", ""column_9"", ""column_10"", ""column_11"", ""column_12"", ""column_13"", ""column_14"", ""column_15"", ""column_16"", ""column_17"", ""column_18"", ""column_19"", ""column_20"", ""column_21"", ""column_22"", ""column_23"", ""column_24"", ""column_25"", ""column_26"", ""column_27"", ""column_28"", ""column_29"", ""column_30"", ""column_31"", ""column_32"", ""column_33"", ""column_34"", ""column_35"", ""column_36"", ""column_37"", ""column_38"", ""column_39"", ""column_40"", ""column_41"", ""column_42"", ""column_43"", ""column_44"", ""column_45"", ""column_46"", ""column_47"", ""column_48"", ""column_49"", ""column_50"", ""column_51"", ""column_52"", ""column_53"", ""column_54"", ""column_55"", ""column_56"", ""column_57"", ""column_58"", ""column_59"", ""column_60"", ""column_61""]",{},[],converted,
stock_data/23Sector Trading Statistics - Monthly.xls,xls,2021,csv/stock_data/23Sector_Trading_Statistics_-_Monthly__2021.csv,24,61,"[""column_1"", ""column_2"", ""column_3"", ""column_4"", ""column_5"", ""column_6"", ""column_7"", ""column_8"", ""column_9"", ""column_10"", ""column_11"", ""column_12"", ""column_13"", ""column_14"", ""column_15"", ""column_16"", ""column_17"", ""column_18"", ""column_19"", ""column_20"", ""column_21"", ""column_22"", ""column_23"", ""column_24"", ""column_25"", ""column_26"", ""column_27"", ""column_28"", ""column_29"", ""column_30"", ""column_31"", ""column_32"", ""column_33"", ""column_34"", ""column_35"", ""column_36"", ""column_37"", ""column_38"", ""column_39"", ""column_40"", ""column_41"", ""column_42"", ""column_43"", ""column_44"", ""column_45"", ""column_46"", ""column_47"", ""column_48"", ""column_49"", ""column_50"", ""column_51"", ""column_52"", ""column_53"", ""column_54"", ""column_55"", ""column_56"", ""column_57"", ""column_58"", ""column_59"", ""column_60"", ""column_61""]",61,"[""column_2"", ""column_3"", ""column_4"", ""column_5"", ""column_6"", ""column_7"", ""column_8"", ""column_9"", ""column_10"", ""column_11"", ""column_12"", ""column_13"", ""column_14"", ""column_15"", ""column_16"", ""column_17"", ""column_18"", ""column_19"", ""column_20"", ""column_21"", ""column_22"", ""column_23"", ""column_24"", ""column_25"", ""column_26"", ""column_27"", ""column_28"", ""column_29"", ""column_30"", ""column_31"", ""column_32"", ""column_33"", ""column_34"", ""column_35"", ""column_36"", ""column_37"", ""column_38"", ""column_39"", ""column_40"", ""column_41"", ""column_42"", ""column_43"", ""column_44"", ""column_45"", ""column_46"", ""column_47"", ""column_48"", ""column_49"", ""column_50"", ""column_51"", ""column_52"", ""column_53"", ""column_54"", ""column_55"", ""column_56"", ""column_57"", ""column_58"", ""column_59"", ""column_60"", ""column_61""]",{},[],converted,
stock_data/23Sector Trading Statistics - Monthly.xls,xls,2020,csv/stock_data/23Sector_Trading_Statistics_-_Monthly__2020.csv,24,61,"[""column_1"", ""column_2"", ""column_3"", ""column_4"", ""column_5"", ""column_6"", ""column_7"", ""column_8"", ""column_9"", ""column_10"", ""column_11"", ""column_12"", ""column_13"", ""column_14"", ""column_15"", ""column_16"", ""column_17"", ""column_18"", ""column_19"", ""column_20"", ""column_21"", ""column_22"", ""column_23"", ""column_24"", ""column_25"", ""column_26"", ""column_27"", ""column_28"", ""column_29"", ""column_30"", ""column_31"", ""column_32"", ""column_33"", ""column_34"", ""column_35"", ""column_36"", ""column_37"", ""column_38"", ""column_39"", ""column_40"", ""column_41"", ""column_42"", ""column_43"", ""column_44"", ""column_45"", ""column_46"", ""column_47"", ""column_48"", ""column_49"", ""column_50"", ""column_51"", ""column_52"", ""column_53"", ""column_54"", ""column_55"", ""column_56"", ""column_57"", ""column_58"", ""column_59"", ""column_60"", ""column_61""]",61,"[""column_2"", ""column_3"", ""column_4"", ""column_5"", ""column_6"", ""column_7"", ""column_8"", ""column_9"", ""column_10"", ""column_11"", ""column_12"", ""column_13"", ""column_14"", ""column_15"", ""column_16"", ""column_22"", ""column_23"", ""column_24"", ""column_25"", ""column_26"", ""column_27"", ""column_28"", ""column_29"", ""column_30"", ""column_31"", ""column_32"", ""column_33"", ""column_34"", ""column_35"", ""column_36"", ""column_37"", ""column_38"", ""column_39"", ""column_40"", ""column_41"", ""column_42"", ""column_43"", ""column_44"", ""column_45"", ""column_46"", ""column_47"", ""column_48"", ""column_49"", ""column_50"", ""column_51"", ""column_52"", ""column_53"", ""column_54"", ""column_55"", ""column_56"", ""column_57"", ""column_58"", ""column_59"", ""column_60"", ""column_61""]",{},[],converted,
stock_data/23Sector Trading Statistics - Monthly.xls,xls,2019,csv/stock_data/23Sector_Trading_Statistics_-_Monthly__2019.csv,24,166,"[""column_1"", ""column_2"", ""column_3"", ""column_4"", ""column_5"", ""column_6"", ""column_7"", ""column_8"", ""column_9"", ""column_10"", ""column_11"", ""column_12"", ""column_13"", ""column_14"", ""column_15"", ""column_16"", ""column_17"", ""column_18"", ""column_19"", ""column_20"", ""column_21"", ""column_22"", ""column_23"", ""column_24"", ""column_25"", ""column_26"", ""column_27"", ""column_28"", ""column_29"", ""column_30"", ""column_31"", ""column_32"", ""column_33"", ""column_34"", ""column_35"", ""column_36"", ""column_37"", ""column_38"", ""column_39"", ""column_40"", ""column_41"", ""column_42"", ""column_43"", ""column_44"", ""column_45"", ""column_46"", ""column_47"", ""column_48"", ""column_49"", ""column_50"", ""column_51"", ""column_52"", ""column_53"", ""column_54"", ""column_55"", ""column_56"", ""column_57"", ""column_58"", ""column_59"", ""column_60"", ""column_61"", ""column_62"", ""column_63"", ""column_64"", ""column_65"", ""column_66"", ""column_67"", ""column_68"", ""column_69"", ""column_70"", ""column_71"", ""column_72"", ""column_73"", ""column_74"", ""column_75"", ""column_76"", ""column_77"", ""column_78"", ""column_79"", ""column_80"", ""column_81"", ""column_82"", ""column_83"", ""column_84"", ""column_85"", ""column_86"", ""column_87"", ""column_88"", ""column_89"", ""column_90"", ""column_91"", ""column_92"", ""column_93"", ""column_94"", ""column_95"", ""column_96"", ""column_97"", ""column_98"", ""column_99"", ""column_100"", ""column_101"", ""column_102"", ""column_103"", ""column_104"", ""column_105"", ""column_106"", ""column_107"", ""column_108"", ""column_109"", ""column_110"", ""column_111"", ""column_112"", ""column_113"", ""column_114"", ""column_115"", ""column_116"", ""column_117"", ""column_118"", ""column_119"", ""column_120"", ""column_121"", ""column_122"", ""column_123"", ""column_124"", ""column_125"", ""column_126"", ""column_127"", ""column_128"", ""column_129"", ""column_130"", ""column_131"", ""column_132"", ""column_133"", ""column_134"", ""column_135"", ""column_136"", ""column_137"", ""column_138"", ""column_139"", ""column_140"", ""column_141"", ""column_142"", ""column_143"", ""column_144"", ""column_145"", ""column_146"", ""column_147"", ""column_148"", ""column_149"", ""column_150"", ""column_151"", ""column_152"", ""column_153"", ""column_154"", ""column_155"", ""column_156"", ""column_157"", ""column_158"", ""column_159"", ""column_160"", ""column_161"", ""column_162"", ""column_163"", ""column_164"", ""column_165"", ""column_166""]",166,"[""column_2"", ""column_3"", ""column_4"", ""column_5"", ""column_6"", ""column_7"", ""column_8"", ""column_9"", ""column_10"", ""column_11"", ""column_12"", ""column_13"", ""column_14"", ""column_15"", ""column_16"", ""column_122"", ""column_123"", ""column_124"", ""column_125"", ""column_126"", ""column_127"", ""column_128"", ""column_129"", ""column_130"", ""column_131"", ""column_132"", ""column_133"", ""column_134"", ""column_135"", ""column_136"", ""column_137"", ""column_138"", ""column_139"", ""column_140"", ""column_141"", ""column_142"", ""column_143"", ""column_144"", ""column_145"", ""column_146"", ""column_147"", ""column_148"", ""column_149"", ""column_150"", ""column_151"", ""column_152"", ""column_153"", ""column_154"", ""column_155"", ""column_156"", ""column_157"", ""column_158"", ""column_159"", ""column_160"", ""column_161"", ""column_162"", ""column_163"", ""column_164"", ""column_165"", ""column_166""]",{},[],converted,
stock_data/23Sector Trading Statistics - Monthly.xls,xls,2018,csv/stock_data/23Sector_Trading_Statistics_-_Monthly__2018.csv,24,121,"[""column_1"", ""column_2"", ""column_3"", ""column_4"", ""column_5"", ""column_6"", ""column_7"", ""column_8"", ""column_9"", ""column_10"", ""column_11"", ""column_12"", ""column_13"", ""column_14"", ""column_15"", ""column_16"", ""column_17"", ""column_18"", ""column_19"", ""column_20"", ""column_21"", ""column_22"", ""column_23"", ""column_24"", ""column_25"", ""column_26"", ""column_27"", ""column_28"", ""column_29"", ""column_30"", ""column_31"", ""column_32"", ""column_33"", ""column_34"", ""column_35"", ""column_36"", ""column_37"", ""column_38"", ""column_39"", ""column_40"", ""column_41"", ""column_42"", ""column_43"", ""column_44"", ""column_45"", ""column_46"", ""column_47"", ""column_48"", ""column_49"", ""column_50"", ""column_51"", ""column_52"", ""column_53"", ""column_54"", ""column_55"", ""column_56"", ""column_57"", ""column_58"", ""column_59"", ""column_60"", ""column_61"", ""column_62"", ""column_63"", ""column_64"", ""column_65"", ""column_66"", ""column_67"", ""column_68"", ""column_69"", ""column_70"", ""column_71"", ""column_72"", ""column_73"", ""column_74"", ""column_75"", ""column_76"", ""column_77"", ""column_78"", ""column_79"", ""column_80"", ""column_81"", ""column_82"", ""column_83"", ""column_84"", ""column_85"", ""column_86"", ""column_87"", ""column_88"", ""column_89"", ""column_90"", ""column_91"", ""column_92"", ""column_93"", ""column_94"", ""column_95"", ""column_96"", ""column_97"", ""column_98"", ""column_99"", ""column_100"", ""column_101"", ""column_102"", ""column_103"", ""column_104"", ""column_105"", ""column_106"", ""column_107"", ""column_108"", ""column_109"", ""column_110"", ""column_111"", ""column_112"", ""column_113"", ""column_114"", ""column_115"", ""column_116"", ""column_117"", ""column_118"", ""column_119"", ""column_120"", ""column_121""]",121,"[""column_2"", ""column_3"", ""column_4"", ""column_5"", ""column_6"", ""column_7"", ""column_8"", ""column_9"", ""column_10"", ""column_11"", ""column_12"", ""column_13"", ""column_14"", ""column_15"", ""column_16"", ""column_17"", ""column_18"", ""column_19"", ""column_20"", ""column_21"", ""column_22"", ""column_23"", ""column_24"", ""column_25"", ""column_26"", ""column_27"", ""column_28"", ""column_29"", ""column_30"", ""column_31"", ""column_92"", ""column_93"", ""column_94"", ""column_95"", ""column_96"", ""column_97"", ""column_98"", ""column_99"", ""column_100"", ""column_101"", ""column_102"", ""column_103"", ""column_104"", ""column_105"", ""column_106"", ""column_107"", ""column_108"", ""column_109"", ""column_110"", ""column_111"", ""column_112"", ""column_113"", ""column_114"", ""column_115"", ""column_116"", ""column_117"", ""column_118"", ""column_119"", ""column_120"", ""column_121""]",{},[],converted,
stock_data/23Sector Trading Statistics - Monthly.xls,xls,2017,csv/stock_data/23Sector_Trading_Statistics_-_Monthly__2017.csv,24,91,"[""column_1"", ""column_2"", ""column_3"", ""column_4"", ""column_5"", ""column_6"", ""column_7"", ""column_8"", ""column_9"", ""column_10"", ""column_11"", ""column_12"", ""column_13"", ""column_14"", ""column_15"", ""column_16"", ""column_17"", ""column_18"", ""column_19"", ""column_20"", ""column_21"", ""column_22"", ""column_23"", ""column_24"", ""column_25"", ""column_26"", ""column_27"", ""column_28"", ""column_29"", ""column_30"", ""column_31"", ""column_32"", ""column_33"", ""column_34"", ""column_35"", ""column_36"", ""column_37"", ""column_38"", ""column_39"", ""column_40"", ""column_41"", ""column_42"", ""column_43"", ""column_44"", ""column_45"", ""column_46"", ""column_47"", ""column_48"", ""column_49"", ""column_50"", ""column_51"", ""column_52"", ""column_53"", ""column_54"", ""column_55"", ""column_56"", ""column_57"", ""column_58"", ""column_59"", ""column_60"", ""column_61"", ""column_62"", ""column_63"", ""column_64"", ""column_65"", ""column_66"", ""column_67"", ""column_68"", ""column_69"", ""column_70"", ""column_71"", ""column_72"", ""column_73"", ""column_74"", ""column_75"", ""column_76"", ""column_77"", ""column_78"", ""column_79"", ""column_80"", ""column_81"", ""column_82"", ""column_83"", ""column_84"", ""column_85"", ""column_86"", ""column_87"", ""column_88"", ""column_89"", ""column_90"", ""column_91""]",91,"[""column_2"", ""column_3"", ""column_4"", ""column_5"", ""column_6"", ""column_7"", ""column_8"", ""column_9"", ""column_10"", ""column_11"", ""column_12"", ""column_13"", ""column_14"", ""column_15"", ""column_16"", ""column_17"", ""column_18"", ""column_19"", ""column_20"", ""column_21"", ""column_22"", ""column_23"", ""column_24"", ""column_25"", ""column_26"", ""column_27"", ""column_28"", ""column_29"", ""column_30"", ""column_31"", ""column_62"", ""column_63"", ""column_64"", ""column_65"", ""column_66"", ""column_67"", ""column_68"", ""column_69"", ""column_70"", ""column_71"", ""column_72"", ""column_73"", ""column_74"", ""column_75"", ""column_76"", ""column_77"", ""column_78"", ""column_79"", ""column_80"", ""column_81"", ""column_82"", ""column_83"", ""column_84"", ""column_85"", ""column_86"", ""column_87"", ""column_88"", ""column_89"", ""column_90"", ""column_91""]",{},[],converted,
stock_data/23Sector Trading Statistics - Monthly.xls,xls,2016,csv/stock_data/23Sector_Trading_Statistics_-_Monthly__2016.csv,24,91,"[""column_1"", ""column_2"", ""column_3"", ""column_4"", ""column_5"", ""column_6"", ""column_7"", ""column_8"", ""column_9"", ""column_10"", ""column_11"", ""column_12"", ""column_13"", ""column_14"", ""column_15"", ""column_16"", ""column_17"", ""column_18"", ""column_19"", ""column_20"", ""column_21"", ""column_22"", ""column_23"", ""column_24"", ""column_25"", ""column_26"", ""column_27"", ""column_28"", ""column_29"", ""column_30"", ""column_31"", ""column_32"", ""column_33"", ""column_34"", ""column_35"", ""column_36"", ""column_37"", ""column_38"", ""column_39"", ""column_40"", ""column_41"", ""column_42"", ""column_43"", ""column_44"", ""column_45"", ""column_46"", ""column_47"", ""column_48"", ""column_49"", ""column_50"", ""column_51"", ""column_52"", ""column_53"", ""column_54"", ""column_55"", ""column_56"", ""column_57"", ""column_58"", ""column_59"", ""column_60"", ""column_61"", ""column_62"", ""column_63"", ""column_64"", ""column_65"", ""column_66"", ""column_67"", ""column_68"", ""column_69"", ""column_70"", ""column_71"", ""column_72"", ""column_73"", ""column_74"", ""column_75"", ""column_76"", ""column_77"", ""column_78"", ""column_79"", ""column_80"", ""column_81"", ""column_82"", ""column_83"", ""column_84"", ""column_85"", ""column_86"", ""column_87"", ""column_88"", ""column_89"", ""column_90"", ""column_91""]",91,"[""column_2"", ""column_3"", ""column_4"", ""column_5"", ""column_6"", ""column_7"", ""column_8"", ""column_9"", ""column_10"", ""column_11"", ""column_12"", ""column_13"", ""column_14"", ""column_15"", ""column_16"", ""column_17"", ""column_18"", ""column_19"", ""column_20"", ""column_21"", ""column_22"", ""column_23"", ""column_24"", ""column_25"", ""column_26"", ""column_27"", ""column_28"", ""column_29"", ""column_30"", ""column_31"", ""column_62"", ""column_63"", ""column_64"", ""column_65"", ""column_66"", ""column_67"", ""column_68"", ""column_69"", ""column_70"", ""column_71"", ""column_72"", ""column_73"", ""column_74"", ""column_75"", ""column_76"", ""column_77"", ""column_78"", ""column_79"", ""column_80"", ""column_81"", ""column_82"", ""column_83"", ""column_84"", ""column_85"", ""column_86"", ""column_87"", ""column_88"", ""column_89"", ""column_90"", ""column_91""]",{},[],converted,
stock_data/23Sector Trading Statistics - Monthly.xls,xls,2015,csv/stock_data/23Sector_Trading_Statistics_-_Monthly__2015.csv,24,61,"[""column_1"", ""column_2"", ""column_3"", ""column_4"", ""column_5"", ""column_6"", ""column_7"", ""column_8"", ""column_9"", ""column_10"", ""column_11"", ""column_12"", ""column_13"", ""column_14"", ""column_15"", ""column_16"", ""column_17"", ""column_18"", ""column_19"", ""column_20"", ""column_21"", ""column_22"", ""column_23"", ""column_24"", ""column_25"", ""column_26"", ""column_27"", ""column_28"", ""column_29"", ""column_30"", ""column_31"", ""column_32"", ""column_33"", ""column_34"", ""column_35"", ""column_36"", ""column_37"", ""column_38"", ""column_39"", ""column_40"", ""column_41"", ""column_42"", ""column_43"", ""column_44"", ""column_45"", ""column_46"", ""column_47"", ""column_48"", ""column_49"", ""column_50"", ""column_51"", ""column_52"", ""column_53"", ""column_54"", ""column_55"", ""column_56"", ""column_57"", ""column_58"", ""column_59"", ""column_60"", ""column_61""]",61,"[""column_2"", ""column_3"", ""column_4"", ""column_5"", ""column_6"", ""column_7"", ""column_8"", ""column_9"", ""column_10"", ""column_11"", ""column_12"", ""column_13"", ""column_14"", ""column_15"", ""column_16"", ""column_17"", ""column_18"", ""column_19"", ""column_20"", ""column_21"", ""column_22"", ""column_23"", ""column_24"", ""column_25"", ""column_26"", ""column_27"", ""column_28"", ""column_29"", ""column_30"", ""column_31"", ""column_32"", ""column_33"", ""column_34"", ""column_35"", ""column_36"", ""column_37"", ""column_38"", ""column_39"", ""column_40"", ""column_41"", ""column_42"", ""column_43"", ""column_44"", ""column_45"", ""column_46"", ""column_47"", ""column_48"", ""column_49"", ""column_50"", ""column_51"", ""column_52"", ""column_53"", ""column_54"", ""column_55"", ""column_56"", ""column_57"", ""column_58"", ""column_59"", ""column_60"", ""column_61""]",{},[],converted,
stock_data/23Sector Trading Statistics - Monthly.xls,xls,2014,csv/stock_data/23Sector_Trading_Statistics_-_Monthly__2014.csv,24,61,"[""column_1"", ""column_2"", ""column_3"", ""column_4"", ""column_5"", ""column_6"", ""column_7"", ""column_8"", ""column_9"", ""column_10"", ""column_11"", ""column_12"", ""column_13"", ""column_14"", ""column_15"", ""column_16"", ""column_17"", ""column_18"", ""column_19"", ""column_20"", ""column_21"", ""column_22"", ""column_23"", ""column_24"", ""column_25"", ""column_26"", ""column_27"", ""column_28"", ""column_29"", ""column_30"", ""column_31"", ""column_32"", ""column_33"", ""column_34"", ""column_35"", ""column_36"", ""column_37"", ""column_38"", ""column_39"", ""column_40"", ""column_41"", ""column_42"", ""column_43"", ""column_44"", ""column_45"", ""column_46"", ""column_47"", ""column_48"", ""column_49"", ""column_50"", ""column_51"", ""column_52"", ""column_53"", ""column_54"", ""column_55"", ""column_56"", ""column_57"", ""column_58"", ""column_59"", ""column_60"", ""column_61""]",61,"[""column_2"", ""column_3"", ""column_4"", ""column_5"", ""column_6"", ""column_7"", ""column_8"", ""column_9"", ""column_10"", ""column_11"", ""column_12"", ""column_13"", ""column_14"", ""column_15"", ""column_16"", ""column_17"", ""column_18"", ""column_19"", ""column_20"", ""column_21"", ""column_22"", ""column_23"", ""column_24"", ""column_25"", ""column_26"", ""column_27"", ""column_28"", ""column_29"", ""column_30"", ""column_31"", ""column_32"", ""column_33"", ""column_34"", ""column_35"", ""column_36"", ""column_37"", ""column_38"", ""column_39"", ""column_40"", ""column_41"", ""column_42"", ""column_43"", ""column_44"", ""column_45"", ""column_46"", ""column_47"", ""column_48"", ""column_49"", ""column_50"", ""column_51"", ""column_52"", ""column_53"", ""column_54"", ""column_55"", ""column_56"", ""column_57"", ""column_58"", ""column_59"", ""column_60"", ""column_61""]",{},[],converted,
stock_data/23Sector Trading Statistics - Monthly.xls,xls,2013,csv/stock_data/23Sector_Trading_Statistics_-_Monthly__2013.csv,24,61,"[""column_1"", ""column_2"", ""column_3"", ""column_4"", ""column_5"", ""column_6"", ""column_7"", ""column_8"", ""column_9"", ""column_10"", ""column_11"", ""column_12"", ""column_13"", ""column_14"", ""column_15"", ""column_16"", ""column_17"", ""column_18"", ""column_19"", ""column_20"", ""column_21"", ""column_22"", ""column_23"", ""column_24"", ""column_25"", ""column_26"", ""column_27"", ""column_28"", ""column_29"", ""column_30"", ""column_31"", ""column_32"", ""column_33"", ""column_34"", ""column_35"", ""column_36"", ""column_37"", ""column_38"", ""column_39"", ""column_40"", ""column_41"", ""column_42"", ""column_43"", ""column_44"", ""column_45"", ""column_46"", ""column_47"", ""column_48"", ""column_49"", ""column_50"", ""column_51"", ""column_52"", ""column_53"", ""column_54"", ""column_55"", ""column_56"", ""column_57"", ""column_58"", ""column_59"", ""column_60"", ""column_61""]",61,"[""column_2"", ""column_3"", ""column_4"", ""column_5"", ""column_6"", ""column_7"", ""column_8"", ""column_9"", ""column_10"", ""column_11"", ""column_12"", ""column_13"", ""column_14"", ""column_15"", ""column_16"", ""column_17"", ""column_18"", ""column_19"", ""column_20"", ""column_21"", ""column_22"", ""column_23"", ""column_24"", ""column_25"", ""column_26"", ""column_27"", ""column_28"", ""column_29"", ""column_30"", ""column_31"", ""column_32"", ""column_33"", ""column_34"", ""column_35"", ""column_36"", ""column_37"", ""column_38"", ""column_39"", ""column_40"", ""column_41"", ""column_42"", ""column_43"", ""column_44"", ""column_45"", ""column_46"", ""column_47"", ""column_48"", ""column_49"", ""column_50"", ""column_51"", ""column_52"", ""column_53"", ""column_54"", ""column_55"", ""column_56"", ""column_57"", ""column_58"", ""column_59"", ""column_60"", ""column_61""]",{},[],converted,
stock_data/23Sector Trading Statistics - Monthly.xls,xls,2012,csv/stock_data/23Sector_Trading_Statistics_-_Monthly__2012.csv,24,61,"[""column_1"", ""column_2"", ""column_3"", ""column_4"", ""column_5"", ""column_6"", ""column_7"", ""column_8"", ""column_9"", ""column_10"", ""column_11"", ""column_12"", ""column_13"", ""column_14"", ""column_15"", ""column_16"", ""column_17"", ""column_18"", ""column_19"", ""column_20"", ""column_21"", ""column_22"", ""column_23"", ""column_24"", ""column_25"", ""column_26"", ""column_27"", ""column_28"", ""column_29"", ""column_30"", ""column_31"", ""column_32"", ""column_33"", ""column_34"", ""column_35"", ""column_36"", ""column_37"", ""column_38"", ""column_39"", ""column_40"", ""column_41"", ""column_42"", ""column_43"", ""column_44"", ""column_45"", ""column_46"", ""column_47"", ""column_48"", ""column_49"", ""column_50"", ""column_51"", ""column_52"", ""column_53"", ""column_54"", ""column_55"", ""column_56"", ""column_57"", ""column_58"", ""column_59"", ""column_60"", ""column_61""]",61,"[""column_2"", ""column_3"", ""column_4"", ""column_5"", ""column_6"", ""column_7"", ""column_8"", ""column_9"", ""column_10"", ""column_11"", ""column_12"", ""column_13"", ""column_14"", ""column_15"", ""column_16"", ""column_17"", ""column_18"", ""column_19"", ""column_20"", ""column_21"", ""column_22"", ""column_23"", ""column_24"", ""column_25"", ""column_26"", ""column_27"", ""column_28"", ""column_29"", ""column_30"", ""column_31"", ""column_32"", ""column_33"", ""column_34"", ""column_35"", ""column_36"", ""column_37"", ""column_38"", ""column_39"", ""column_40"", ""column_41"", ""column_42"", ""column_43"", ""column_44"", ""column_45"", ""column_46"", ""column_47"", ""column_48"", ""column_49"", ""column_50"", ""column_51"", ""column_52"", ""column_53"", ""column_54"", ""column_55"", ""column_56"", ""column_57"", ""column_58"", ""column_59"", ""column_60"", ""column_61""]",{},[],converted,
stock_data/23Sector Trading Statistics - Monthly.xls,xls,2011,csv/stock_data/23Sector_Trading_Statistics_-_Monthly__2011.csv,24,61,"[""column_1"", ""column_2"", ""column_3"", ""column_4"", ""column_5"", ""column_6"", ""column_7"", ""column_8"", ""column_9"", ""column_10"", ""column_11"", ""column_12"", ""column_13"", ""column_14"", ""column_15"", ""column_16"", ""column_17"", ""column_18"", ""column_19"", ""column_20"", ""column_21"", ""column_22"", ""column_23"", ""column_24"", ""column_25"", ""column_26"", ""column_27"", ""column_28"", ""column_29"", ""column_30"", ""column_31"", ""column_32"", ""column_33"", ""column_34"", ""column_35"", ""column_36"", ""column_37"", ""column_38"", ""column_39"", ""column_40"", ""column_41"", ""column_42"", ""column_43"", ""column_44"", ""column_45"", ""column_46"", ""column_47"", ""column_48"", ""column_49"", ""column_50"", ""column_51"", ""column_52"", ""column_53"", ""column_54"", ""column_55"", ""column_56"", ""column_57"", ""column_58"", ""column_59"", ""column_60"", ""column_61""]",61,"[""column_2"", ""column_3"", ""column_4"", ""column_5"", ""column_6"", ""column_7"", ""column_8"", ""column_9"", ""column_10"", ""column_11"", ""column_12"", ""column_13"", ""column_14"", ""column_15"", ""column_16"", ""column_17"", ""column_18"", ""column_19"", ""column_20"", ""column_21"", ""column_22"", ""column_23"", ""column_24"", ""column_25"", ""column_26"", ""column_27"", ""column_28"", ""column_29"", ""column_30"", ""column_31"", ""column_32"", ""column_33"", ""column_34"", ""column_35"", ""column_36"", ""column_37"", ""column_38"", ""column_39"", ""column_40"", ""column_41"", ""column_42"", ""column_43"", ""column_44"", ""column_45"", ""column_46"", ""column_47"", ""column_48"", ""column_49"", ""column_50"", ""column_51"", ""column_52"", ""column_53"", ""column_54"", ""column_55"", ""column_56"", ""column_57"", ""column_58"", ""column_59"", ""column_60"", ""column_61""]",{},[],converted,
stock_data/23Sector Trading Statistics - Monthly.xls,xls,2010,csv/stock_data/23Sector_Trading_Statistics_-_Monthly__2010.csv,24,61,"[""column_1"", ""column_2"", ""column_3"", ""column_4"", ""column_5"", ""column_6"", ""column_7"", ""column_8"", ""column_9"", ""column_10"", ""column_11"", ""column_12"", ""column_13"", ""column_14"", ""column_15"", ""column_16"", ""column_17"", ""column_18"", ""column_19"", ""column_20"", ""column_21"", ""column_22"", ""column_23"", ""column_24"", ""column_25"", ""column_26"", ""column_27"", ""column_28"", ""column_29"", ""column_30"", ""column_31"", ""column_32"", ""column_33"", ""column_34"", ""column_35"", ""column_36"", ""column_37"", ""column_38"", ""column_39"", ""column_40"", ""column_41"", ""column_42"", ""column_43"", ""column_44"", ""column_45"", ""column_46"", ""column_47"", ""column_48"", ""column_49"", ""column_50"", ""column_51"", ""column_52"", ""column_53"", ""column_54"", ""column_55"", ""column_56"", ""column_57"", ""column_58"", ""column_59"", ""column_60"", ""column_61""]",61,"[""column_2"", ""column_3"", ""column_4"", ""column_5"", ""column_6"", ""column_7"", ""column_8"", ""column_9"", ""column_10"", ""column_11"", ""column_12"", ""column_13"", ""column_14"", ""column_15"", ""column_16"", ""column_17"", ""column_18"", ""column_19"", ""column_20"", ""column_21"", ""column_22"", ""column_23"", ""column_24"", ""column_25"", ""column_26"", ""column_27"", ""column_28"", ""column_29"", ""column_30"", ""column_31"", ""column_32"", ""column_33"", ""column_34"", ""column_35"", ""column_36"", ""column_37"", ""column_38"", ""column_39"", ""column_40"", ""column_41"", ""column_42"", ""column_43"", ""column_44"", ""column_45"", ""column_46"", ""column_47"", ""column_48"", ""column_49"", ""column_50"", ""column_51"", ""column_52"", ""column_53"", ""column_54"", ""column_55"", ""column_56"", ""column_57"", ""column_58"", ""column_59"", ""column_60"", ""column_61""]",{},[],converted,
stock_data/23Sector Trading Statistics - Monthly.xls,xls,2009,csv/stock_data/23Sector_Trading_Statistics_-_Monthly__2009.csv,24,61,"[""column_1"", ""column_2"", ""column_3"", ""column_4"", ""column_5"", ""column_6"", ""column_7"", ""column_8"", ""column_9"", ""column_10"", ""column_11"", ""column_12"", ""column_13"", ""column_14"", ""column_15"", ""column_16"", ""column_17"", ""column_18"", ""column_19"", ""column_20"", ""column_21"", ""column_22"", ""column_23"", ""column_24"", ""column_25"", ""column_26"", ""column_27"", ""column_28"", ""column_29"", ""column_30"", ""column_31"", ""column_32"", ""column_33"", ""column_34"", ""column_35"", ""column_36"", ""column_37"", ""column_38"", ""column_39"", ""column_40"", ""column_41"", ""column_42"", ""column_43"", ""column_44"", ""column_45"", ""column_46"", ""column_47"", ""column_48"", ""column_49"", ""column_50"", ""column_51"", ""column_52"", ""column_53"", ""column_54"", ""column_55"", ""column_56"", ""column_57"", ""column_58"", ""column_59"", ""column_60"", ""column_61""]",61,"[""column_2"", ""column_3"", ""column_4"", ""column_5"", ""column_6"", ""column_7"", ""column_8"", ""column_9"", ""column_10"", ""column_11"", ""column_12"", ""column_13"", ""column_14"", ""column_15"", ""column_16"", ""column_17"", ""column_18"", ""column_19"", ""column_20"", ""column_21"", ""column_22"", ""column_23"", ""column_24"", ""column_25"", ""column_26"", ""column_27"", ""column_28"", ""column_29"", ""column_30"", ""column_31"", ""column_32"", ""column_33"", ""column_34"", ""column_35"", ""column_36"", ""column_37"", ""column_38"", ""column_39"", ""column_40"", ""column_41"", ""column_42"", ""column_43"", ""column_44"", ""column_45"", ""column_46"", ""column_47"", ""column_48"", ""column_49"", ""column_50"", ""column_51"", ""column_52"", ""column_53"", ""column_54"", ""column_55"", ""column_56"", ""column_57"", ""column_58"", ""column_59"", ""column_60"", ""column_61""]",{},[],converted,
stock_data/23Sector Trading Statistics - Monthly.xls,xls,2008,csv/stock_data/23Sector_Trading_Statistics_-_Monthly__2008.csv,23,61,"[""column_1"", ""column_2"", ""column_3"", ""column_4"", ""column_5"", ""column_6"", ""column_7"", ""column_8"", ""column_9"", ""column_10"", ""column_11"", ""column_12"", ""column_13"", ""column_14"", ""column_15"", ""column_16"", ""column_17"", ""column_18"", ""column_19"", ""column_20"", ""column_21"", ""column_22"", ""column_23"", ""column_24"", ""column_25"", ""column_26"", ""column_27"", ""column_28"", ""column_29"", ""column_30"", ""column_31"", ""column_32"", ""column_33"", ""column_34"", ""column_35"", ""column_36"", ""column_37"", ""column_38"", ""column_39"", ""column_40"", ""column_41"", ""column_42"", ""column_43"", ""column_44"", ""column_45"", ""column_46"", ""column_47"", ""column_48"", ""column_49"", ""column_50"", ""column_51"", ""column_52"", ""column_53"", ""column_54"", ""column_55"", ""column_56"", ""column_57"", ""column_58"", ""column_59"", ""column_60"", ""column_61""]",61,"[""column_2"", ""column_3"", ""column_4"", ""column_5"", ""column_6"", ""column_7"", ""column_8"", ""column_9"", ""column_10"", ""column_11"", ""column_12"", ""column_13"", ""column_14"", ""column_15"", ""column_16"", ""column_17"", ""column_18"", ""column_19"", ""column_20"", ""column_21"", ""column_22"", ""column_23"", ""column_24"", ""column_25"", ""column_26"", ""column_27"", ""column_28"", ""column_29"", ""column_30"", ""column_31"", ""column_32"", ""column_33"", ""column_34"", ""column_35"", ""column_36"", ""column_37"", ""column_38"", ""column_39"", ""column_40"", ""column_41"", ""column_42"", ""column_43"", ""column_44"", ""column_45"", ""column_46"", ""column_47"", ""column_48"", ""column_49"", ""column_50"", ""column_51"", ""column_52"", ""column_53"", ""column_54"", ""column_55"", ""column_56"", ""column_57"", ""column_58"", ""column_59"", ""column_60"", ""column_61""]",{},[],converted,
stock_data/23Sector Trading Statistics - Monthly.xls,xls,2007,csv/stock_data/23Sector_Trading_Statistics_-_Monthly__2007.csv,23,61,"[""column_1"", ""column_2"", ""column_3"", ""column_4"", ""column_5"", ""column_6"", ""column_7"", ""column_8"", ""column_9"", ""column_10"", ""column_11"", ""column_12"", ""column_13"", ""column_14"", ""column_15"", ""column_16"", ""column_17"", ""column_18"", ""column_19"", ""column_20"", ""column_21"", ""column_22"", ""column_23"", ""column_24"", ""column_25"", ""column_26"", ""column_27"", ""column_28"", ""column_29"", ""column_30"", ""column_31"", ""column_32"", ""column_33"", ""column_34"", ""column_35"", ""column_36"", ""column_37"", ""column_38"", ""column_39"", ""column_40"", ""column_41"", ""column_42"", ""column_43"", ""column_44"", ""column_45"", ""column_46"", ""column_47"", ""column_48"", ""column_49"", ""column_50"", ""column_51"", ""column_52"", ""column_53"", ""column_54"", ""column_55"", ""column_56"", ""column_57"", ""column_58"", ""column_59"", ""column_60"", ""column_61""]",61,"[""column_2"", ""column_3"", ""column_4"", ""column_5"", ""column_6"", ""column_7"", ""column_8"", ""column_9"", ""column_10"", ""column_11"", ""column_12"", ""column_13"", ""column_14"", ""column_15"", ""column_16"", ""column_17"", ""column_18"", ""column_19"", ""column_20"", ""column_21"", ""column_22"", ""column_23"", ""column_24"", ""column_25"", ""column_26"", ""column_27"", ""column_28"", ""column_29"", ""column_30"", ""column_31"", ""column_32"", ""column_33"", ""column_34"", ""column_35"", ""column_36"", ""column_37"", ""column_38"", ""column_39"", ""column_40"", ""column_41"", ""column_42"", ""column_43"", ""column_44"", ""column_45"", ""column_46"", ""column_47"", ""column_48"", ""column_49"", ""column_50"", ""column_51"", ""column_52"", ""column_53"", ""column_54"", ""column_55"", ""column_56"", ""column_57"", ""column_58"", ""column_59"", ""column_60"", ""column_61""]",{},[],converted,
stock_data/23Sector Trading Statistics - Monthly.xls,xls,2006,csv/stock_data/23Sector_Trading_Statistics_-_Monthly__2006.csv,23,61,"[""column_1"", ""column_2"", ""column_3"", ""column_4"", ""column_5"", ""column_6"", ""column_7"", ""column_8"", ""column_9"", ""column_10"", ""column_11"", ""column_12"", ""column_13"", ""column_14"", ""column_15"", ""column_16"", ""column_17"", ""column_18"", ""column_19"", ""column_20"", ""column_21"", ""column_22"", ""column_23"", ""column_24"", ""column_25"", ""column_26"", ""column_27"", ""column_28"", ""column_29"", ""column_30"", ""column_31"", ""column_32"", ""column_33"", ""column_34"", ""column_35"", ""column_36"", ""column_37"", ""column_38"", ""column_39"", ""column_40"", ""column_41"", ""column_42"", ""column_43"", ""column_44"", ""column_45"", ""column_46"", ""column_47"", ""column_48"", ""column_49"", ""column_50"", ""column_51"", ""column_52"", ""column_53"", ""column_54"", ""column_55"", ""column_56"", ""column_57"", ""column_58"", ""column_59"", ""column_60"", ""column_61""]",61,"[""column_2"", ""column_3"", ""column_4"", ""column_5"", ""column_6"", ""column_7"", ""column_8"", ""column_9"", ""column_10"", ""column_11"", ""column_12"", ""column_13"", ""column_14"", ""column_15"", ""column_16"", ""column_17"", ""column_18"", ""column_19"", ""column_20"", ""column_21"", ""column_22"", ""column_23"", ""column_24"", ""column_25"", ""column_26"", ""column_27"", ""column_28"", ""column_29"", ""column_30"", ""column_31"", ""column_32"", ""column_33"", ""column_34"", ""column_35"", ""column_36"", ""column_37"", ""column_38"", ""column_39"", ""column_40"", ""column_41"", ""column_42"", ""column_43"", ""column_44"", ""column_45"", ""column_46"", ""column_47"", ""column_48"", ""column_49"", ""column_50"", ""column_51"", ""column_52"", ""column_53"", ""column_54"", ""column_55"", ""column_56"", ""column_57"", ""column_58"", ""column_59"", ""column_60"", ""column_61""]",{},[],converted,
stock_data/23Sector Trading Statistics - Monthly.xls,xls,2005,csv/stock_data/23Sector_Trading_Statistics_-_Monthly__2005.csv,23,61,"[""column_1"", ""column_2"", ""column_3"", ""column_4"", ""column_5"", ""column_6"", ""column_7"", ""column_8"", ""column_9"", ""column_10"", ""column_11"", ""column_12"", ""column_13"", ""column_14"", ""column_15"", ""column_16"", ""column_17"", ""column_18"", ""column_19"", ""column_20"", ""column_21"", ""column_22"", ""column_23"", ""column_24"", ""column_25"", ""column_26"", ""column_27"", ""column_28"", ""column_29"", ""column_30"", ""column_31"", ""column_32"", ""column_33"", ""column_34"", ""column_35"", ""column_36"", ""column_37"", ""column_38"", ""column_39"", ""column_40"", ""column_41"", ""column_42"", ""column_43"", ""column_44"", ""column_45"", ""column_46"", ""column_47"", ""column_48"", ""column_49"", ""column_50"", ""column_51"", ""column_52"", ""column_53"", ""column_54"", ""column_55"", ""column_56"", ""column_57"", ""column_58"", ""column_59"", ""column_60"", ""column_61""]",61,"[""column_2"", ""column_3"", ""column_4"", ""column_5"", ""column_6"", ""column_7"", ""column_8"", ""column_9"", ""column_10"", ""column_11"", ""column_12"", ""column_13"", ""column_14"", ""column_15"", ""column_16"", ""column_17"", ""column_18"", ""column_19"", ""column_20"", ""column_21"", ""column_22"", ""column_23"", ""column_24"", ""column_25"", ""column_26"", ""column_27"", ""column_28"", ""column_29"", ""column_30"", ""column_31"", ""column_32"", ""column_33"", ""column_34"", ""column_35"", ""column_36"", ""column_37"", ""column_38"", ""column_39"", ""column_40"", ""column_41"", ""column_42"", ""column_43"", ""column_44"", ""column_45"", ""column_46"", ""column_47"", ""column_48"", ""column_49"", ""column_50"", ""column_51"", ""column_52"", ""column_53"", ""column_54"", ""column_55"", ""column_56"", ""column_57"", ""column_58"", ""column_59"", ""column_60"", ""column_61""]",{},[],converted,
stock_data/24Sector Trading Statistics - Annual.xls,xls,2025,csv/stock_data/24Sector_Trading_Statistics_-_Annual__2025.csv,22,6,"[""column_1"", ""column_2"", ""column_3"", ""column_4"", ""column_5"", ""column_6""]",6,"[""column_2"", ""column_3"", ""column_4"", ""column_5"", ""column_6""]",{},[],converted,
stock_data/24Sector Trading Statistics - Annual.xls,xls,2024,csv/stock_data/24Sector_Trading_Statistics_-_Annual__2024.csv,22,6,"[""column_1"", ""column_2"", ""column_3"", ""column_4"", ""column_5"", ""column_6""]",6,"[""column_2"", ""column_3"", ""column_4"", ""column_5"", ""column_6""]",{},[],converted,
stock_data/24Sector Trading Statistics - Annual.xls,xls,2023,csv/stock_data/24Sector_Trading_Statistics_-_Annual__2023.csv,22,6,"[""column_1"", ""column_2"", ""column_3"", ""column_4"", ""column_5"", ""column_6""]",6,"[""column_2"", ""column_3"", ""column_4"", ""column_5"", ""column_6""]",{},[],converted,
stock_data/24Sector Trading Statistics - Annual.xls,xls,2022,csv/stock_data/24Sector_Trading_Statistics_-_Annual__2022.csv,22,6,"[""column_1"", ""column_2"", ""column_3"", ""column_4"", ""column_5"", ""column_6""]",6,"[""column_2"", ""column_3"", ""column_4"", ""column_5"", ""column_6""]",{},[],converted,
stock_data/24Sector Trading Statistics - Annual.xls,xls,2021,csv/stock_data/24Sector_Trading_Statistics_-_Annual__2021.csv,22,6,"[""column_1"", ""column_2"", ""column_3"", ""column_4"", ""column_5"", ""column_6""]",6,"[""column_2"", ""column_3"", ""column_4"", ""column_5"", ""column_6""]",{},[],converted,
stock_data/24Sector Trading Statistics - Annual.xls,xls,2020,csv/stock_data/24Sector_Trading_Statistics_-_Annual__2020.csv,21,6,"[""column_1"", ""column_2"", ""column_3"", ""column_4"", ""column_5"", ""column_6""]",6,"[""column_2"", ""column_3"", ""column_4"", ""column_5"", ""column_6""]",{},[],converted,
stock_data/24Sector Trading Statistics - Annual.xls,xls,2019,csv/stock_data/24Sector_Trading_Statistics_-_Annual__2019.csv,22,6,"[""column_1"", ""column_2"", ""column_3"", ""column_4"", ""column_5"", ""column_6""]",6,"[""column_2"", ""column_3"", ""column_4"", ""column_5"", ""column_6""]",{},[],converted,
stock_data/24Sector Trading Statistics - Annual.xls,xls,2018,csv/stock_data/24Sector_Trading_Statistics_-_Annual__2018.csv,22,6,"[""column_1"", ""column_2"", ""column_3"", ""column_4"", ""column_5"", ""column_6""]",6,"[""column_2"", ""column_3"", ""column_4"", ""column_5"", ""column_6""]",{},[],converted,
stock_data/24Sector Trading Statistics - Annual.xls,xls,2017,csv/stock_data/24Sector_Trading_Statistics_-_Annual__2017.csv,22,6,"[""column_1"", ""column_2"", ""column_3"", ""column_4"", ""column_5"", ""column_6""]",6,"[""column_2"", ""column_3"", ""column_4"", ""column_5"", ""column_6""]",{},[],converted,
stock_data/24Sector Trading Statistics - Annual.xls,xls,2016,csv/stock_data/24Sector_Trading_Statistics_-_Annual__2016.csv,22,6,"[""column_1"", ""column_2"", ""column_3"", ""column_4"", ""column_5"", ""column_6""]",6,"[""column_2"", ""column_3"", ""column_4"", ""column_5"", ""column_6""]",{},[],converted,
stock_data/24Sector Trading Statistics - Annual.xls,xls,2015,csv/stock_data/24Sector_Trading_Statistics_-_Annual__2015.csv,22,6,"[""column_1"", ""column_2"", ""column_3"", ""column_4"", ""column_5"", ""column_6""]",6,"[""column_2"", ""column_3"", ""column_4"", ""column_5"", ""column_6""]",{},[],converted,
stock_data/24Sector Trading Statistics - Annual.xls,xls,2014,csv/stock_data/24Sector_Trading_Statistics_-_Annual__2014.csv,22,6,"[""column_1"", ""column_2"", ""column_3"", ""column_4"", ""column_5"", ""column_6""]",6,"[""column_2"", ""column_3"", ""column_4"", ""column_5"", ""column_6""]",{},[],converted,
stock_data/24Sector Trading Statistics - Annual.xls,xls,2013,csv/stock_data/24Sector_Trading_Statistics_-_Annual__2013.csv,22,6,"[""column_1"", ""column_2"", ""column_3"", ""column_4"", ""column_5"", ""column_6""]",6,"[""column_2"", ""column_3"", ""column_4"", ""column_5"", ""column_6""]",{},[],converted,
stock_data/24Sector Trading Statistics - Annual.xls,xls,2012,csv/stock_data/24Sector_Trading_Statistics_-_Annual__2012.csv,22,6,"[""column_1"", ""column_2"", ""column_3"", ""column_4"", ""column_5"", ""column_6""]",6,"[""column_2"", ""column_3"", ""column_4"", ""column_5"", ""column_6""]",{},[],converted,
stock_data/24Sector Trading Statistics - Annual.xls,xls,2011,csv/stock_data/24Sector_Trading_Statistics_-_Annual__2011.csv,22,6,"[""column_1"", ""column_2"", ""column_3"", ""column_4"", ""column_5"", ""column_6""]",6,"[""column_2"", ""column_3"", ""column_4"", ""column_5"", ""column_6""]",{},[],converted,
stock_data/24Sector Trading Statistics - Annual.xls,xls,2010,csv/stock_data/24Sector_Trading_Statistics_-_Annual__2010.csv,22,6,"[""column_1"", ""column_2"", ""column_3"", ""column_4"", ""column_5"", ""column_6""]",6,"[""column_2"", ""column_3"", ""column_4"", ""column_5"", ""column_6""]",{},[],converted,
stock_data/24Sector Trading Statistics - Annual.xls,xls,2009,csv/stock_data/24Sector_Trading_Statistics_-_Annual__2009.csv,22,6,"[""column_1"", ""column_2"", ""column_3"", ""column_4"", ""column_5"", ""column_6""]",6,"[""column_2"", ""column_3"", ""column_4"", ""column_5"", ""column_6""]",{},[],converted,
stock_data/24Sector Trading Statistics - Annual.xls,xls,2008,csv/stock_data/24Sector_Trading_Statistics_-_Annual__2008.csv,22,6,"[""column_1"", ""column_2"", ""column_3"", ""column_4"", ""column_5"", ""column_6""]",6,"[""column_2"", ""column_3"", ""column_4"", ""column_5"", ""column_6""]",{},[],converted,
stock_data/24Sector Trading Statistics - Annual.xls,xls,2007,csv/stock_data/24Sector_Trading_Statistics_-_Annual__2007.csv,22,6,"[""column_1"", ""column_2"", ""column_3"", ""column_4"", ""column_5"", ""column_6""]",6,"[""column_2"", ""column_3"", ""column_4"", ""column_5"", ""column_6""]",{},[],converted,
stock_data/24Sector Trading Statistics - Annual.xls,xls,2006,csv/stock_data/24Sector_Trading_Statistics_-_Annual__2006.csv,24,6,"[""column_1"", ""column_2"", ""column_3"", ""column_4"", ""column_5"", ""column_6""]",6,"[""column_2"", ""column_3"", ""column_4"", ""column_5"", ""column_6""]",{},[],converted,
stock_data/24Sector Trading Statistics - Annual.xls,xls,2005,csv/stock_data/24Sector_Trading_Statistics_-_Annual__2005.csv,24,6,"[""column_1"", ""column_2"", ""column_3"", ""column_4"", ""column_5"", ""column_6""]",6,"[""column_2"", ""column_3"", ""column_4"", ""column_5"", ""column_6""]",{},[],converted,
stock_data/24Sector Trading Statistics - Annual.xls,xls,2004,csv/stock_data/24Sector_Trading_Statistics_-_Annual__2004.csv,24,6,"[""column_1"", ""column_2"", ""column_3"", ""column_4"", ""column_5"", ""column_6""]",6,"[""column_2"", ""column_3"", ""column_4"", ""column_5"", ""column_6""]",{},[],converted,
stock_data/24Sector Trading Statistics - Annual.xls,xls,2003,csv/stock_data/24Sector_Trading_Statistics_-_Annual__2003.csv,24,6,"[""column_1"", ""column_2"", ""column_3"", ""column_4"", ""column_5"", ""column_6""]",6,"[""column_2"", ""column_3"", ""column_4"", ""column_5"", ""column_6""]",{},[],converted,
stock_data/24Sector Trading Statistics - Annual.xls,xls,2002,csv/stock_data/24Sector_Trading_Statistics_-_Annual__2002.csv,24,6,"[""column_1"", ""column_2"", ""column_3"", ""column_4"", ""column_5"", ""column_6""]",6,"[""column_2"", ""column_3"", ""column_4"", ""column_5"", ""column_6""]",{},[],converted,
stock_data/24Sector Trading Statistics - Annual.xls,xls,2001,csv/stock_data/24Sector_Trading_Statistics_-_Annual__2001.csv,24,6,"[""column_1"", ""column_2"", ""column_3"", ""column_4"", ""column_5"", ""column_6""]",6,"[""column_2"", ""column_3"", ""column_4"", ""column_5"", ""column_6""]",{},[],converted,
stock_data/24Sector Trading Statistics - Annual.xls,xls,2000,csv/stock_data/24Sector_Trading_Statistics_-_Annual__2000.csv,24,6,"[""column_1"", ""column_2"", ""column_3"", ""column_4"", ""column_5"", ""column_6""]",6,"[""column_2"", ""column_3"", ""column_4"", ""column_5"", ""column_6""]",{},[],converted,
stock_data/24Sector Trading Statistics - Annual.xls,xls,1999,csv/stock_data/24Sector_Trading_Statistics_-_Annual__1999.csv,24,6,"[""column_1"", ""column_2"", ""column_3"", ""column_4"", ""column_5"", ""column_6""]",6,"[""column_2"", ""column_3"", ""column_4"", ""column_5"", ""column_6""]",{},[],converted,
stock_data/24Sector Trading Statistics - Annual.xls,xls,1998,csv/stock_data/24Sector_Trading_Statistics_-_Annual__1998.csv,24,6,"[""column_1"", ""column_2"", ""column_3"", ""column_4"", ""column_5"", ""column_6""]",6,"[""column_2"", ""column_3"", ""column_4"", ""column_5"", ""column_6""]",{},[],converted,
stock_data/24Sector Trading Statistics - Annual.xls,xls,1997,csv/stock_data/24Sector_Trading_Statistics_-_Annual__1997.csv,24,6,"[""column_1"", ""column_2"", ""column_3"", ""column_4"", ""column_5"", ""column_6""]",6,"[""column_2"", ""column_3"", ""column_4"", ""column_5"", ""column_6""]",{},[],converted,
stock_data/24Sector Trading Statistics - Annual.xls,xls,1996,csv/stock_data/24Sector_Trading_Statistics_-_Annual__1996.csv,24,6,"[""column_1"", ""column_2"", ""column_3"", ""column_4"", ""column_5"", ""column_6""]",6,"[""column_2"", ""column_3"", ""column_4"", ""column_5"", ""column_6""]",{},[],converted,
stock_data/24Sector Trading Statistics - Annual.xls,xls,1995,csv/stock_data/24Sector_Trading_Statistics_-_Annual__1995.csv,24,6,"[""column_1"", ""column_2"", ""column_3"", ""column_4"", ""column_5"", ""column_6""]",6,"[""column_2"", ""column_3"", ""column_4"", ""column_5"", ""column_6""]",{},[],converted,
stock_data/24Sector Trading Statistics - Annual.xls,xls,1994,csv/stock_data/24Sector_Trading_Statistics_-_Annual__1994.csv,24,6,"[""column_1"", ""column_2"", ""column_3"", ""column_4"", ""column_5"", ""column_6""]",6,"[""column_2"", ""column_3"", ""column_4"", ""column_5"", ""column_6""]",{},[],converted,
stock_data/24Sector Trading Statistics - Annual.xls,xls,1993,csv/stock_data/24Sector_Trading_Statistics_-_Annual__1993.csv,24,6,"[""column_1"", ""column_2"", ""column_3"", ""column_4"", ""column_5"", ""column_6""]",6,"[""column_2"", ""column_3"", ""column_4"", ""column_5"", ""column_6""]",{},[],converted,
stock_data/24Sector Trading Statistics - Annual.xls,xls,1992,csv/stock_data/24Sector_Trading_Statistics_-_Annual__1992.csv,24,6,"[""column_1"", ""column_2"", ""column_3"", ""column_4"", ""column_5"", ""column_6""]",6,"[""column_2"", ""column_3"", ""column_4"", ""column_5"", ""column_6""]",{},[],converted,
stock_data/24Sector Trading Statistics - Annual.xls,xls,1991,csv/stock_data/24Sector_Trading_Statistics_-_Annual__1991.csv,24,6,"[""column_1"", ""column_2"", ""column_3"", ""column_4"", ""column_5"", ""column_6""]",6,"[""column_2"", ""column_3"", ""column_4"", ""column_5"", ""column_6""]",{},[],converted,
stock_data/25Sector Ratios.xls,xls,2025,csv/stock_data/25Sector_Ratios__2025.csv,25,46,"[""column_1"", ""column_2"", ""column_3"", ""column_4"", ""column_5"", ""column_6"", ""column_7"", ""column_8"", ""column_9"", ""column_10"", ""column_11"", ""column_12"", ""column_13"", ""column_14"", ""column_15"", ""column_16"", ""column_17"", ""column_18"", ""column_19"", ""column_20"", ""column_21"", ""column_22"", ""column_23"", ""column_24"", ""column_25"", ""column_26"", ""column_27"", ""column_28"", ""column_29"", ""column_30"", ""column_31"", ""column_32"", ""column_33"", ""column_34"", ""column_35"", ""column_36"", ""column_37"", ""column_38"", ""column_39"", ""column_40"", ""column_41"", ""column_42"", ""column_43"", ""column_44"", ""column_45"", ""column_46""]",46,"[""column_2"", ""column_3"", ""column_4"", ""column_5"", ""column_6"", ""column_7"", ""column_8"", ""column_9"", ""column_10"", ""column_11"", ""column_12"", ""column_13"", ""column_14"", ""column_15"", ""column_16"", ""column_17"", ""column_18"", ""column_19"", ""column_20"", ""column_21"", ""column_22"", ""column_23"", ""column_24"", ""column_25"", ""column_26"", ""column_27"", ""column_28"", ""column_38"", ""column_39"", ""column_40"", ""column_41"", ""column_42"", ""column_43"", ""column_44"", ""column_45"", ""column_46""]",{},[],converted,
stock_data/25Sector Ratios.xls,xls,2024,csv/stock_data/25Sector_Ratios__2024.csv,25,37,"[""column_1"", ""column_2"", ""column_3"", ""column_4"", ""column_5"", ""column_6"", ""column_7"", ""column_8"", ""column_9"", ""column_10"", ""column_11"", ""column_12"", ""column_13"", ""column_14"", ""column_15"", ""column_16"", ""column_17"", ""column_18"", ""column_19"", ""column_20"", ""column_21"", ""column_22"", ""column_23"", ""column_24"", ""column_25"", ""column_26"", ""column_27"", ""column_28"", ""column_29"", ""column_30"", ""column_31"", ""column_32"", ""column_33"", ""column_34"", ""column_35"", ""column_36"", ""column_37""]",37,"[""column_2"", ""column_3"", ""column_4"", ""column_5"", ""column_6"", ""column_7"", ""column_8"", ""column_9"", ""column_10"", ""column_11"", ""column_12"", ""column_13"", ""column_14"", ""column_15"", ""column_16"", ""column_17"", ""column_18"", ""column_19"", ""column_20"", ""column_21"", ""column_22"", ""column_23"", ""column_24"", ""column_25"", ""column_26"", ""column_27"", ""column_28"", ""column_29"", ""column_30"", ""column_31"", ""column_32"", ""column_33"", ""column_34"", ""column_35"", ""column_36"", ""column_37""]",{},[],converted,
stock_data/25Sector Ratios.xls,xls,2023,csv/stock_data/25Sector_Ratios__2023.csv,25,37,"[""column_1"", ""column_2"", ""column_3"", ""column_4"", ""column_5"", ""column_6"", ""column_7"", ""column_8"", ""column_9"", ""column_10"", ""column_11"", ""column_12"", ""column_13"", ""column_14"", ""column_15"", ""column_16"", ""column_17"", ""column_18"", ""column_19"", ""column_20"", ""column_21"", ""column_22"", ""column_23"", ""column_24"", ""column_25"", ""column_26"", ""column_27"", ""column_28"", ""column_29"", ""column_30"", ""column_31"", ""column_32"", ""column_33"", ""column_34"", ""column_35"", ""column_36"", ""column_37""]",37,"[""column_2"", ""column_3"", ""column_4"", ""column_5"", ""column_6"", ""column_7"", ""column_8"", ""column_9"", ""column_10"", ""column_11"", ""column_12"", ""column_13"", ""column_14"", ""column_15"", ""column_16"", ""column_17"", ""column_18"", ""column_19"", ""column_20"", ""column_21"", ""column_22"", ""column_23"", ""column_24"", ""column_25"", ""column_26"", ""column_27"", ""column_28""]",{},[],converted,
stock_data/25Sector Ratios.xls,xls,2022,csv/stock_data/25Sector_Ratios__2022.csv,25,37,"[""column_1"", ""column_2"", ""column_3"", ""column_4"", ""column_5"", ""column_6"", ""column_7"", ""column_8"", ""column_9"", ""column_10"", ""column_11"", ""column_12"", ""column_13"", ""column_14"", ""column_15"", ""column_16"", ""column_17"", ""column_18"", ""column_19"", ""column_20"", ""column_21"", ""column_22"", ""column_23"", ""column_24"", ""column_25"", ""column_26"", ""column_27"", ""column_28"", ""column_29"", ""column_30"", ""column_31"", ""column_32"", ""column_33"", ""column_34"", ""column_35"", ""column_36"", ""column_37""]",37,"[""column_2"", ""column_3"", ""column_4"", ""column_5"", ""column_6"", ""column_7"", ""column_8"", ""column_9"", ""column_10"", ""column_11"", ""column_12"", ""column_13"", ""column_14"", ""column_15"", ""column_16"", ""column_17"", ""column_18"", ""column_19"", ""column_20"", ""column_21"", ""column_22"", ""column_23"", ""column_24"", ""column_25"", ""column_26"", ""column_27"", ""column_28"", ""column_29"", ""column_30"", ""column_31"", ""column_32"", ""column_33"", ""column_34"", ""column_35"", ""column_36"", ""column_37""]",{},[],converted,
stock_data/25Sector Ratios.xls,xls,2021,csv/stock_data/25Sector_Ratios__2021.csv,25,37,"[""column_1"", ""column_2"", ""column_3"", ""column_4"", ""column_5"", ""column_6"", ""column_7"", ""column_8"", ""column_9"", ""column_10"", ""column_11"", ""column_12"", ""column_13"", ""column_14"", ""column_15"", ""column_16"", ""column_17"", ""column_18"", ""column_19"", ""column_20"", ""column_21"", ""column_22"", ""column_23"", ""column_24"", ""column_25"", ""column_26"", ""column_27"", ""column_28"", ""column_29"", ""column_30"", ""column_31"", ""column_32"", ""column_33"", ""column_34"", ""column_35"", ""column_36"", ""column_37""]",37,"[""column_2"", ""column_3"", ""column_4"", ""column_5"", ""column_6"", ""column_7"", ""column_8"", ""column_9"", ""column_10"", ""column_11"", ""column_12"", ""column_13"", ""column_14"", ""column_15"", ""column_16"", ""column_17"", ""column_18"", ""column_19"", ""column_20"", ""column_21"", ""column_22"", ""column_23"", ""column_24"", ""column_25"", ""column_26"", ""column_27"", ""column_28"", ""column_29"", ""column_30"", ""column_31"", ""column_32"", ""column_33"", ""column_34"", ""column_35"", ""column_36"", ""column_37""]",{},[],converted,
stock_data/25Sector Ratios.xls,xls,2020,csv/stock_data/25Sector_Ratios__2020.csv,25,91,"[""column_1"", ""column_2"", ""column_3"", ""column_4"", ""column_5"", ""column_6"", ""column_7"", ""column_8"", ""column_9"", ""column_10"", ""column_11"", ""column_12"", ""column_13"", ""column_14"", ""column_15"", ""column_16"", ""column_17"", ""column_18"", ""column_19"", ""column_20"", ""column_21"", ""column_22"", ""column_23"", ""column_24"", ""column_25"", ""column_26"", ""column_27"", ""column_28"", ""column_29"", ""column_30"", ""column_31"", ""column_32"", ""column_33"", ""column_34"", ""column_35"", ""column_36"", ""column_37"", ""column_38"", ""column_39"", ""column_40"", ""column_41"", ""column_42"", ""column_43"", ""column_44"", ""column_45"", ""column_46"", ""column_47"", ""column_48"", ""column_49"", ""column_50"", ""column_51"", ""column_52"", ""column_53"", ""column_54"", ""column_55"", ""column_56"", ""column_57"", ""column_58"", ""column_59"", ""column_60"", ""column_61"", ""column_62"", ""column_63"", ""column_64"", ""column_65"", ""column_66"", ""column_67"", ""column_68"", ""column_69"", ""column_70"", ""column_71"", ""column_72"", ""column_73"", ""column_74"", ""column_75"", ""column_76"", ""column_77"", ""column_78"", ""column_79"", ""column_80"", ""column_81"", ""column_82"", ""column_84"", ""column_85"", ""column_86"", ""column_87"", ""column_88"", ""column_89"", ""column_90"", ""column_91"", ""column_92""]",91,"[""column_2"", ""column_3"", ""column_4"", ""column_5"", ""column_6"", ""column_7"", ""column_8"", ""column_9"", ""column_10"", ""column_14"", ""column_15"", ""column_16"", ""column_17"", ""column_18"", ""column_19"", ""column_20"", ""column_21"", ""column_22"", ""column_23"", ""column_24"", ""column_25"", ""column_26"", ""column_27"", ""column_28"", ""column_84"", ""column_85"", ""column_86"", ""column_87"", ""column_88"", ""column_89"", ""column_90"", ""column_91"", ""column_92""]",{},[],converted,
stock_data/25Sector Ratios.xls,xls,2019,csv/stock_data/25Sector_Ratios__2019.csv,25,82,"[""column_1"", ""column_2"", ""column_3"", ""column_4"", ""column_5"", ""column_6"", ""column_7"", ""column_8"", ""column_9"", ""column_10"", ""column_11"", ""column_12"", ""column_13"", ""column_14"", ""column_15"", ""column_16"", ""column_17"", ""column_18"", ""column_19"", ""column_20"", ""column_21"", ""column_22"", ""column_23"", ""column_24"", ""column_25"", ""column_26"", ""column_27"", ""column_28"", ""column_29"", ""column_30"", ""column_31"", ""column_32"", ""column_33"", ""column_34"", ""column_35"", ""column_36"", ""column_37"", ""column_38"", ""column_39"", ""column_40"", ""column_41"", ""column_42"", ""column_43"", ""column_44"", ""column_45"", ""column_46"", ""column_47"", ""column_48"", ""column_49"", ""column_50"", ""column_51"", ""column_52"", ""column_53"", ""column_54"", ""column_55"", ""column_56"", ""column_57"", ""column_58"", ""column_59"", ""column_60"", ""column_61"", ""column_62"", ""column_63"", ""column_64"", ""column_65"", ""column_66"", ""column_67"", ""column_68"", ""column_69"", ""column_70"", ""column_71"", ""column_72"", ""column_73"", ""column_74"", ""column_75"", ""column_76"", ""column_77"", ""column_78"", ""column_79"", ""column_80"", ""column_81"", ""column_82""]",82,"[""column_2"", ""column_3"", ""column_4"", ""column_5"", ""column_6"", ""column_7"", ""column_8"", ""column_9"", ""column_10"", ""column_56"", ""column_57"", ""column_58"", ""column_59"", ""column_60"", ""column_61"", ""column_62"", ""column_63"", ""column_64"", ""column_65"", ""column_66"", ""column_67"", ""column_68"", ""column_69"", ""column_70"", ""column_71"", ""column_72"", ""column_73"", ""column_74"", ""column_75"", ""column_76"", ""column_77"", ""column_78"", ""column_79"", ""column_80"", ""column_81"", ""column_82""]",{},[],converted,
stock_data/25Sector Ratios.xls,xls,2018,csv/stock_data/25Sector_Ratios__2018.csv,25,55,"[""column_1"", ""column_2"", ""column_3"", ""column_4"", ""column_5"", ""column_6"", ""column_7"", ""column_8"", ""column_9"", ""column_10"", ""column_11"", ""column_12"", ""column_13"", ""column_14"", ""column_15"", ""column_16"", ""column_17"", ""column_18"", ""column_19"", ""column_20"", ""column_21"", ""column_22"", ""column_23"", ""column_24"", ""column_25"", ""column_26"", ""column_27"", ""column_28"", ""column_29"", ""column_30"", ""column_31"", ""column_32"", ""column_33"", ""column_34"", ""column_35"", ""column_36"", ""column_37"", ""column_38"", ""column_39"", ""column_40"", ""column_41"", ""column_42"", ""column_43"", ""column_44"", ""column_45"", ""column_46"", ""column_47"", ""column_48"", ""column_49"", ""column_50"", ""column_51"", ""column_52"", ""column_53"", ""column_54"", ""column_55""]",55,"[""column_2"", ""column_3"", ""column_4"", ""column_5"", ""column_6"", ""column_7"", ""column_8"", ""column_9"", ""column_10"", ""column_11"", ""column_12"", ""column_13"", ""column_14"", ""column_15"", ""column_16"", ""column_17"", ""column_18"", ""column_19"", ""column_38"", ""column_39"", ""column_40"", ""column_41"", ""column_42"", ""column_43"", ""column_44"", ""column_45"", ""column_46"", ""column_47"", ""column_48"", ""column_49"", ""column_50"", ""column_51"", ""column_52"", ""column_53"", ""column_54"", ""column_55""]",{},[],converted,
stock_data/25Sector Ratios.xls,xls,2017,csv/stock_data/25Sector_Ratios__2017.csv,24,37,"[""column_1"", ""column_2"", ""column_3"", ""column_4"", ""column_5"", ""column_6"", ""column_7"", ""column_8"", ""column_9"", ""column_10"", ""column_11"", ""column_12"", ""column_13"", ""column_14"", ""column_15"", ""column_16"", ""column_17"", ""column_18"", ""column_19"", ""column_20"", ""column_21"", ""column_22"", ""column_23"", ""column_24"", ""column_25"", ""column_26"", ""column_27"", ""column_28"", ""column_29"", ""column_30"", ""column_31"", ""column_32"", ""column_33"", ""column_34"", ""column_35"", ""column_36"", ""column_37""]",37,"[""column_2"", ""column_3"", ""column_4"", ""column_5"", ""column_6"", ""column_7"", ""column_8"", ""column_9"", ""column_10"", ""column_11"", ""column_12"", ""column_13"", ""column_14"", ""column_15"", ""column_16"", ""column_17"", ""column_18"", ""column_19"", ""column_20"", ""column_21"", ""column_22"", ""column_23"", ""column_24"", ""column_25"", ""column_26"", ""column_27"", ""column_28"", ""column_29"", ""column_30"", ""column_31"", ""column_32"", ""column_33"", ""column_34"", ""column_35"", ""column_36"", ""column_37""]",{},[],converted,
stock_data/25Sector Ratios.xls,xls,2016,csv/stock_data/25Sector_Ratios__2016.csv,24,37,"[""column_1"", ""column_2"", ""column_3"", ""column_4"", ""column_5"", ""column_6"", ""column_7"", ""column_8"", ""column_9"", ""column_10"", ""column_11"", ""column_12"", ""column_13"", ""column_14"", ""column_15"", ""column_16"", ""column_17"", ""column_18"", ""column_19"", ""column_20"", ""column_21"", ""column_22"", ""column_23"", ""column_24"", ""column_25"", ""column_26"", ""column_27"", ""column_28"", ""column_29"", ""column_30"", ""column_31"", ""column_32"", ""column_33"", ""column_34"", ""column_35"", ""column_36"", ""column_37""]",37,"[""column_2"", ""column_3"", ""column_4"", ""column_5"", ""column_6"", ""column_7"", ""column_8"", ""column_9"", ""column_10"", ""column_11"", ""column_12"", ""column_13"", ""column_14"", ""column_15"", ""column_16"", ""column_17"", ""column_18"", ""column_19"", ""column_20"", ""column_21"", ""column_22"", ""column_23"", ""column_24"", ""column_25"", ""column_26"", ""column_27"", ""column_28"", ""column_29"", ""column_30"", ""column_31"", ""column_32"", ""column_33"", ""column_34"", ""column_35"", ""column_36"", ""column_37""]",{},[],converted,
stock_data/25Sector Ratios.xls,xls,2015,csv/stock_data/25Sector_Ratios__2015.csv,24,37,"[""column_1"", ""column_2"", ""column_3"", ""column_4"", ""column_5"", ""column_6"", ""column_7"", ""column_8"", ""column_9"", ""column_10"", ""column_11"", ""column_12"", ""column_13"", ""column_14"", ""column_15"", ""column_16"", ""column_17"", ""column_18"", ""column_19"", ""column_20"", ""column_21"", ""column_22"", ""column_23"", ""column_24"", ""column_25"", ""column_26"", ""column_27"", ""column_28"", ""column_29"", ""column_30"", ""column_31"", ""column_32"", ""column_33"", ""column_34"", ""column_35"", ""column_36"", ""column_37""]",37,"[""column_2"", ""column_3"", ""column_4"", ""column_5"", ""column_6"", ""column_7"", ""column_8"", ""column_9"", ""column_10"", ""column_11"", ""column_12"", ""column_13"", ""column_14"", ""column_15"", ""column_16"", ""column_17"", ""column_18"", ""column_19"", ""column_20"", ""column_21"", ""column_22"", ""column_23"", ""column_24"", ""column_25"", ""column_26"", ""column_27"", ""column_28"", ""column_29"", ""column_30"", ""column_31"", ""column_32"", ""column_33"", ""column_34"", ""column_35"", ""column_36"", ""column_37""]",{},[],converted,
stock_data/25Sector Ratios.xls,xls,2014,csv/stock_data/25Sector_Ratios__2014.csv,24,37,"[""column_1"", ""column_2"", ""column_3"", ""column_4"", ""column_5"", ""column_6"", ""column_7"", ""column_8"", ""column_9"", ""column_10"", ""column_11"", ""column_12"", ""column_13"", ""column_14"", ""column_15"", ""column_16"", ""column_17"", ""column_18"", ""column_19"", ""column_20"", ""column_21"", ""column_22"", ""column_23"", ""column_24"", ""column_25"", ""column_26"", ""column_27"", ""column_28"", ""column_29"", ""column_30"", ""column_31"", ""column_32"", ""column_33"", ""column_34"", ""column_35"", ""column_36"", ""column_37""]",37,"[""column_2"", ""column_3"", ""column_4"", ""column_5"", ""column_6"", ""column_7"", ""column_8"", ""column_9"", ""column_10"", ""column_11"", ""column_12"", ""column_13"", ""column_14"", ""column_15"", ""column_16"", ""column_17"", ""column_18"", ""column_19"", ""column_20"", ""column_21"", ""column_22"", ""column_23"", ""column_24"", ""column_25"", ""column_26"", ""column_27"", ""column_28"", ""column_29"", ""column_30"", ""column_31"", ""column_32"", ""column_33"", ""column_34"", ""column_35"", ""column_36"", ""column_37""]",{},[],converted,
stock_data/25Sector Ratios.xls,xls,2013,csv/stock_data/25Sector_Ratios__2013.csv,24,37,"[""column_1"", ""column_2"", ""column_3"", ""column_4"", ""column_5"", ""column_6"", ""column_7"", ""column_8"", ""column_9"", ""column_10"", ""column_11"", ""column_12"", ""column_13"", ""column_14"", ""column_15"", ""column_16"", ""column_17"", ""column_18"", ""column_19"", ""column_20"", ""column_21"", ""column_22"", ""column_23"", ""column_24"", ""column_25"", ""column_26"", ""column_27"", ""column_28"", ""column_29"", ""column_30"", ""column_31"", ""column_32"", ""column_33"", ""column_34"", ""column_35"", ""column_36"", ""column_37""]",37,"[""column_2"", ""column_3"", ""column_4"", ""column_5"", ""column_6"", ""column_7"", ""column_8"", ""column_9"", ""column_10"", ""column_11"", ""column_12"", ""column_13"", ""column_14"", ""column_15"", ""column_16"", ""column_17"", ""column_18"", ""column_19"", ""column_20"", ""column_21"", ""column_22"", ""column_23"", ""column_24"", ""column_25"", ""column_26"", ""column_27"", ""column_28"", ""column_29"", ""column_30"", ""column_31"", ""column_32"", ""column_33"", ""column_34"", ""column_35"", ""column_36"", ""column_37""]",{},[],converted,
stock_data/25Sector Ratios.xls,xls,2012,csv/stock_data/25Sector_Ratios__2012.csv,24,37,"[""column_1"", ""column_2"", ""column_3"", ""column_4"", ""column_5"", ""column_6"", ""column_7"", ""column_8"", ""column_9"", ""column_10"", ""column_11"", ""column_12"", ""column_13"", ""column_14"", ""column_15"", ""column_16"", ""column_17"", ""column_18"", ""column_19"", ""column_20"", ""column_21"", ""column_22"", ""column_23"", ""column_24"", ""column_25"", ""column_26"", ""column_27"", ""column_28"", ""column_29"", ""column_30"", ""column_31"", ""column_32"", ""column_33"", ""column_34"", ""column_35"", ""column_36"", ""column_37""]",37,"[""column_2"", ""column_3"", ""column_4"", ""column_5"", ""column_6"", ""column_7"", ""column_8"", ""column_9"", ""column_10"", ""column_11"", ""column_12"", ""column_13"", ""column_14"", ""column_15"", ""column_16"", ""column_17"", ""column_18"", ""column_19"", ""column_20"", ""column_21"", ""column_22"", ""column_23"", ""column_24"", ""column_25"", ""column_26"", ""column_27"", ""column_28"", ""column_29"", ""column_30"", ""column_31"", ""column_32"", ""column_33"", ""column_34"", ""column_35"", ""column_36"", ""column_37""]",{},[],converted,
stock_data/25Sector Ratios.xls,xls,2011,csv/stock_data/25Sector_Ratios__2011.csv,24,37,"[""column_1"", ""column_2"", ""column_3"", ""column_4"", ""column_5"", ""column_6"", ""column_7"", ""column_8"", ""column_9"", ""column_10"", ""column_11"", ""column_12"", ""column_13"", ""column_14"", ""column_15"", ""column_16"", ""column_17"", ""column_18"", ""column_19"", ""column_20"", ""column_21"", ""column_22"", ""column_23"", ""column_24"", ""column_25"", ""column_26"", ""column_27"", ""column_28"", ""column_29"", ""column_30"", ""column_31"", ""column_32"", ""column_33"", ""column_34"", ""column_35"", ""column_36"", ""column_37""]",37,"[""column_2"", ""column_3"", ""column_4"", ""column_5"", ""column_6"", ""column_7"", ""column_8"", ""column_9"", ""column_10"", ""column_11"", ""column_12"", ""column_13"", ""column_14"", ""column_15"", ""column_16"", ""column_17"", ""column_18"", ""column_19"", ""column_20"", ""column_21"", ""column_22"", ""column_23"", ""column_24"", ""column_25"", ""column_26"", ""column_27"", ""column_28"", ""column_29"", ""column_30"", ""column_31"", ""column_32"", ""column_33"", ""column_34"", ""column_35"", ""column_36"", ""column_37""]",{},[],converted,
stock_data/25Sector Ratios.xls,xls,2010,csv/stock_data/25Sector_Ratios__2010.csv,24,37,"[""column_1"", ""column_2"", ""column_3"", ""column_4"", ""column_5"", ""column_6"", ""column_7"", ""column_8"", ""column_9"", ""column_10"", ""column_11"", ""column_12"", ""column_13"", ""column_14"", ""column_15"", ""column_16"", ""column_17"", ""column_18"", ""column_19"", ""column_20"", ""column_21"", ""column_22"", ""column_23"", ""column_24"", ""column_25"", ""column_26"", ""column_27"", ""column_28"", ""column_29"", ""column_30"", ""column_31"", ""column_32"", ""column_33"", ""column_34"", ""column_35"", ""column_36"", ""column_37""]",37,"[""column_5"", ""column_6"", ""column_7"", ""column_8"", ""column_9"", ""column_10"", ""column_11"", ""column_12"", ""column_13"", ""column_14"", ""column_15"", ""column_16"", ""column_17"", ""column_18"", ""column_19"", ""column_23"", ""column_24"", ""column_25"", ""column_26"", ""column_27"", ""column_28"", ""column_29"", ""column_30"", ""column_31"", ""column_32"", ""column_33"", ""column_34"", ""column_35"", ""column_36"", ""column_37""]",{},[],converted,
stock_data/25Sector Ratios.xls,xls,2009,csv/stock_data/25Sector_Ratios__2009.csv,24,37,"[""column_1"", ""column_2"", ""column_3"", ""column_4"", ""column_5"", ""column_6"", ""column_7"", ""column_8"", ""column_9"", ""column_10"", ""column_11"", ""column_12"", ""column_13"", ""column_14"", ""column_15"", ""column_16"", ""column_17"", ""column_18"", ""column_19"", ""column_20"", ""column_21"", ""column_22"", ""column_23"", ""column_24"", ""column_25"", ""column_26"", ""column_27"", ""column_28"", ""column_29"", ""column_30"", ""column_31"", ""column_32"", ""column_33"", ""column_34"", ""column_35"", ""column_36"", ""column_37""]",37,"[""column_2"", ""column_3"", ""column_4"", ""column_5"", ""column_6"", ""column_7"", ""column_8"", ""column_9"", ""column_10"", ""column_11"", ""column_12"", ""column_13"", ""column_14"", ""column_15"", ""column_16"", ""column_17"", ""column_18"", ""column_19"", ""column_20"", ""column_21"", ""column_22"", ""column_23"", ""column_24"", ""column_25"", ""column_26"", ""column_27"", ""column_28"", ""column_29"", ""column_30"", ""column_31"", ""column_32"", ""column_33"", ""column_34"", ""column_35"", ""column_36"", ""column_37""]",{},[],converted,
stock_data/25Sector Ratios.xls,xls,2008,csv/stock_data/25Sector_Ratios__2008.csv,24,37,"[""column_1"", ""column_2"", ""column_3"", ""column_4"", ""column_5"", ""column_6"", ""column_7"", ""column_8"", ""column_9"", ""column_10"", ""column_11"", ""column_12"", ""column_13"", ""column_14"", ""column_15"", ""column_16"", ""column_17"", ""column_18"", ""column_19"", ""column_20"", ""column_21"", ""column_22"", ""column_23"", ""column_24"", ""column_25"", ""column_26"", ""column_27"", ""column_28"", ""column_29"", ""column_30"", ""column_31"", ""column_32"", ""column_33"", ""column_34"", ""column_35"", ""column_36"", ""column_37""]",37,"[""column_2"", ""column_3"", ""column_4"", ""column_5"", ""column_6"", ""column_7"", ""column_8"", ""column_9"", ""column_10"", ""column_11"", ""column_12"", ""column_13"", ""column_14"", ""column_15"", ""column_16"", ""column_17"", ""column_18"", ""column_19"", ""column_20"", ""column_21"", ""column_22"", ""column_23"", ""column_24"", ""column_25"", ""column_26"", ""column_27"", ""column_28"", ""column_29"", ""column_30"", ""column_31"", ""column_32"", ""column_33"", ""column_34"", ""column_35"", ""column_36"", ""column_37""]",{},[],converted,
stock_data/25Sector Ratios.xls,xls,2007,csv/stock_data/25Sector_Ratios__2007.csv,24,37,"[""column_1"", ""column_2"", ""column_3"", ""column_4"", ""column_5"", ""column_6"", ""column_7"", ""column_8"", ""column_9"", ""column_10"", ""column_11"", ""column_12"", ""column_13"", ""column_14"", ""column_15"", ""column_16"", ""column_17"", ""column_18"", ""column_19"", ""column_20"", ""column_21"", ""column_22"", ""column_23"", ""column_24"", ""column_25"", ""column_26"", ""column_27"", ""column_28"", ""column_29"", ""column_30"", ""column_31"", ""column_32"", ""column_33"", ""column_34"", ""column_35"", ""column_36"", ""column_37""]",37,"[""column_2"", ""column_3"", ""column_4"", ""column_5"", ""column_6"", ""column_7"", ""column_8"", ""column_9"", ""column_10"", ""column_11"", ""column_12"", ""column_13"", ""column_14"", ""column_15"", ""column_16"", ""column_17"", ""column_18"", ""column_19"", ""column_20"", ""column_21"", ""column_22"", ""column_23"", ""column_24"", ""column_25"", ""column_26"", ""column_27"", ""column_28"", ""column_29"", ""column_30"", ""column_31"", ""column_32"", ""column_33"", ""column_34"", ""column_35"", ""column_36"", ""column_37""]",{},[],converted,
stock_data/25Sector Ratios.xls,xls,2006,csv/stock_data/25Sector_Ratios__2006.csv,23,37,"[""column_1"", ""column_2"", ""column_3"", ""column_4"", ""column_5"", ""column_6"", ""column_7"", ""column_8"", ""column_9"", ""column_10"", ""column_11"", ""column_12"", ""column_13"", ""column_14"", ""column_15"", ""column_16"", ""column_17"", ""column_18"", ""column_19"", ""column_20"", ""column_21"", ""column_22"", ""column_23"", ""column_24"", ""column_25"", ""column_26"", ""column_27"", ""column_28"", ""column_29"", ""column_30"", ""column_31"", ""column_32"", ""column_33"", ""column_34"", ""column_35"", ""column_36"", ""column_37""]",37,"[""column_2"", ""column_3"", ""column_4"", ""column_5"", ""column_6"", ""column_7"", ""column_8"", ""column_9"", ""column_10"", ""column_11"", ""column_12"", ""column_13"", ""column_14"", ""column_15"", ""column_16"", ""column_17"", ""column_18"", ""column_19"", ""column_20"", ""column_21"", ""column_22"", ""column_23"", ""column_24"", ""column_25"", ""column_26"", ""column_27"", ""column_28"", ""column_29"", ""column_30"", ""column_31"", ""column_32"", ""column_33"", ""column_34"", ""column_35"", ""column_36"", ""column_37""]",{},[],converted,
stock_data/26Sector Domestic & Foreign Analysis.xls,xls,2025,csv/stock_data/26Sector_Domestic___Foreign_Analysis__2025.csv,23,7,"[""column_1"", ""column_2"", ""column_3"", ""column_4"", ""column_5"", ""column_6"", ""column_7""]",7,"[""column_2"", ""column_3"", ""column_4"", ""column_5"", ""column_6"", ""column_7""]",{},[],converted,
stock_data/26Sector Domestic & Foreign Analysis.xls,xls,2024,csv/stock_data/26Sector_Domestic___Foreign_Analysis__2024.csv,23,7,"[""column_1"", ""column_2"", ""column_3"", ""column_4"", ""column_5"", ""column_6"", ""column_7""]",7,"[""column_2"", ""column_3"", ""column_4"", ""column_5"", ""column_6"", ""column_7""]",{},[],converted,
stock_data/26Sector Domestic & Foreign Analysis.xls,xls,2023,csv/stock_data/26Sector_Domestic___Foreign_Analysis__2023.csv,23,7,"[""column_1"", ""column_2"", ""column_3"", ""column_4"", ""column_5"", ""column_6"", ""column_7""]",7,"[""column_2"", ""column_3"", ""column_4"", ""column_5"", ""column_6"", ""column_7""]",{},[],converted,
stock_data/26Sector Domestic & Foreign Analysis.xls,xls,2022,csv/stock_data/26Sector_Domestic___Foreign_Analysis__2022.csv,23,7,"[""column_1"", ""column_2"", ""column_3"", ""column_4"", ""column_5"", ""column_6"", ""column_7""]",7,"[""column_2"", ""column_3"", ""column_4"", ""column_5"", ""column_6"", ""column_7""]",{},[],converted,
stock_data/26Sector Domestic & Foreign Analysis.xls,xls,2021,csv/stock_data/26Sector_Domestic___Foreign_Analysis__2021.csv,23,7,"[""column_1"", ""column_2"", ""column_3"", ""column_4"", ""column_5"", ""column_6"", ""column_7""]",7,"[""column_2"", ""column_3"", ""column_4"", ""column_5"", ""column_6"", ""column_7""]",{},[],converted,
stock_data/26Sector Domestic & Foreign Analysis.xls,xls,2020,csv/stock_data/26Sector_Domestic___Foreign_Analysis__2020.csv,22,7,"[""column_1"", ""column_2"", ""column_3"", ""column_4"", ""column_5"", ""column_6"", ""column_7""]",7,"[""column_2"", ""column_3"", ""column_4"", ""column_5"", ""column_6"", ""column_7""]",{},[],converted,
stock_data/26Sector Domestic & Foreign Analysis.xls,xls,2019,csv/stock_data/26Sector_Domestic___Foreign_Analysis__2019.csv,23,7,"[""column_1"", ""column_2"", ""column_3"", ""column_4"", ""column_5"", ""column_6"", ""column_7""]",7,"[""column_2"", ""column_3"", ""column_4"", ""column_5"", ""column_6"", ""column_7""]",{},[],converted,
stock_data/26Sector Domestic & Foreign Analysis.xls,xls,2018,csv/stock_data/26Sector_Domestic___Foreign_Analysis__2018.csv,23,7,"[""column_1"", ""column_2"", ""column_3"", ""column_4"", ""column_5"", ""column_6"", ""column_7""]",7,"[""column_2"", ""column_3"", ""column_4"", ""column_5"", ""column_6"", ""column_7""]",{},[],converted,
stock_data/26Sector Domestic & Foreign Analysis.xls,xls,2017,csv/stock_data/26Sector_Domestic___Foreign_Analysis__2017.csv,23,7,"[""column_1"", ""column_2"", ""column_3"", ""column_4"", ""column_5"", ""column_6"", ""column_7""]",7,"[""column_2"", ""column_3"", ""column_4"", ""column_5"", ""column_6"", ""column_7""]",{},[],converted,
stock_data/26Sector Domestic & Foreign Analysis.xls,xls,2016,csv/stock_data/26Sector_Domestic___Foreign_Analysis__2016.csv,23,7,"[""column_1"", ""column_2"", ""column_3"", ""column_4"", ""column_5"", ""column_6"", ""column_7""]",7,"[""column_2"", ""column_3"", ""column_4"", ""column_5"", ""column_6"", ""column_7""]",{},[],converted,
stock_data/26Sector Domestic & Foreign Analysis.xls,xls,2015,csv/stock_data/26Sector_Domestic___Foreign_Analysis__2015.csv,23,7,"[""column_1"", ""column_2"", ""column_3"", ""column_4"", ""column_5"", ""column_6"", ""column_7""]",7,"[""column_2"", ""column_3"", ""column_4"", ""column_5"", ""column_6"", ""column_7""]",{},[],converted,
stock_data/26Sector Domestic & Foreign Analysis.xls,xls,2014,csv/stock_data/26Sector_Domestic___Foreign_Analysis__2014.csv,23,7,"[""column_1"", ""column_2"", ""column_3"", ""column_4"", ""column_5"", ""column_6"", ""column_7""]",7,"[""column_2"", ""column_3"", ""column_4"", ""column_5"", ""column_6"", ""column_7""]",{},[],converted,
stock_data/26Sector Domestic & Foreign Analysis.xls,xls,2013,csv/stock_data/26Sector_Domestic___Foreign_Analysis__2013.csv,23,7,"[""column_1"", ""column_2"", ""column_3"", ""column_4"", ""column_5"", ""column_6"", ""column_7""]",7,"[""column_2"", ""column_3"", ""column_4"", ""column_5"", ""column_6"", ""column_7""]",{},[],converted,
stock_data/26Sector Domestic & Foreign Analysis.xls,xls,2012,csv/stock_data/26Sector_Domestic___Foreign_Analysis__2012.csv,23,7,"[""column_1"", ""column_2"", ""column_3"", ""column_4"", ""column_5"", ""column_6"", ""column_7""]",7,"[""column_2"", ""column_3"", ""column_4"", ""column_5"", ""column_6"", ""column_7""]",{},[],converted,
stock_data/26Sector Domestic & Foreign Analysis.xls,xls,2011,csv/stock_data/26Sector_Domestic___Foreign_Analysis__2011.csv,23,7,"[""column_1"", ""column_2"", ""column_3"", ""column_4"", ""column_5"", ""column_6"", ""column_7""]",7,"[""column_2"", ""column_3"", ""column_4"", ""column_5"", ""column_6"", ""column_7""]",{},[],converted,
stock_data/26Sector Domestic & Foreign Analysis.xls,xls,2010,csv/stock_data/26Sector_Domestic___Foreign_Analysis__2010.csv,23,7,"[""column_1"", ""column_2"", ""column_3"", ""column_4"", ""column_5"", ""column_6"", ""column_7""]",7,"[""column_2"", ""column_3"", ""column_4"", ""column_5"", ""column_6"", ""column_7""]",{},[],converted,
stock_data/26Sector Domestic & Foreign Analysis.xls,xls,2009,csv/stock_data/26Sector_Domestic___Foreign_Analysis__2009.csv,23,7,"[""column_1"", ""column_2"", ""column_3"", ""column_4"", ""column_5"", ""column_6"", ""column_7""]",7,"[""column_2"", ""column_3"", ""column_4"", ""column_5"", ""column_6"", ""column_7""]",{},[],converted,
stock_data/26Sector Domestic & Foreign Analysis.xls,xls,2008,csv/stock_data/26Sector_Domestic___Foreign_Analysis__2008.csv,23,7,"[""column_1"", ""column_2"", ""column_3"", ""column_4"", ""column_5"", ""column_6"", ""column_7""]",7,"[""column_2"", ""column_3"", ""column_4"", ""column_5"", ""column_6"", ""column_7""]",{},[],converted,
stock_data/26Sector Domestic & Foreign Analysis.xls,xls,2007,csv/stock_data/26Sector_Domestic___Foreign_Analysis__2007.csv,24,7,"[""column_1"", ""column_2"", ""column_3"", ""column_4"", ""column_5"", ""column_6"", ""column_7""]",7,"[""column_2"", ""column_3"", ""column_4"", ""column_5"", ""column_6"", ""column_7""]",{},[],converted,
stock_data/26Sector Domestic & Foreign Analysis.xls,xls,2006,csv/stock_data/26Sector_Domestic___Foreign_Analysis__2006.csv,24,7,"[""column_1"", ""column_2"", ""column_3"", ""column_4"", ""column_5"", ""column_6"", ""column_7""]",7,"[""column_2"", ""column_3"", ""column_4"", ""column_5"", ""column_6"", ""column_7""]",{},[],converted,
stock_data/26Sector Domestic & Foreign Analysis.xls,xls,2005,csv/stock_data/26Sector_Domestic___Foreign_Analysis__2005.csv,23,7,"[""column_1"", ""column_2"", ""column_3"", ""column_4"", ""column_5"", ""column_6"", ""column_7""]",7,"[""column_2"", ""column_3"", ""column_4"", ""column_5"", ""column_6"", ""column_7""]",{},[],converted,
stock_data/26Sector Domestic & Foreign Analysis.xls,xls,2004,csv/stock_data/26Sector_Domestic___Foreign_Analysis__2004.csv,24,7,"[""column_1"", ""column_2"", ""column_3"", ""column_4"", ""column_5"", ""column_6"", ""column_7""]",7,"[""column_2"", ""column_3"", ""column_4"", ""column_5"", ""column_6"", ""column_7""]",{},[],converted,
stock_data/26Sector Domestic & Foreign Analysis.xls,xls,2003,csv/stock_data/26Sector_Domestic___Foreign_Analysis__2003.csv,23,7,"[""column_1"", ""column_2"", ""column_3"", ""column_4"", ""column_5"", ""column_6"", ""column_7""]",7,"[""column_2"", ""column_3"", ""column_4"", ""column_5"", ""column_6"", ""column_7""]",{},[],converted,
stock_data/26Sector Domestic & Foreign Analysis.xls,xls,2002,csv/stock_data/26Sector_Domestic___Foreign_Analysis__2002.csv,23,7,"[""column_1"", ""column_2"", ""column_3"", ""column_4"", ""column_5"", ""column_6"", ""column_7""]",7,"[""column_2"", ""column_3"", ""column_4"", ""column_5"", ""column_6"", ""column_7""]",{},[],converted,
stock_data/26Sector Domestic & Foreign Analysis.xls,xls,2001,csv/stock_data/26Sector_Domestic___Foreign_Analysis__2001.csv,23,7,"[""column_1"", ""column_2"", ""column_3"", ""column_4"", ""column_5"", ""column_6"", ""column_7""]",7,"[""column_2"", ""column_3"", ""column_4"", ""column_5"", ""column_6"", ""column_7""]",{},[],converted,
stock_data/26Sector Domestic & Foreign Analysis.xls,xls,2000,csv/stock_data/26Sector_Domestic___Foreign_Analysis__2000.csv,23,7,"[""column_1"", ""column_2"", ""column_3"", ""column_4"", ""column_5"", ""column_6"", ""column_7""]",7,"[""column_2"", ""column_3"", ""column_4"", ""column_5"", ""column_6"", ""column_7""]",{},[],converted,
stock_data/26Sector Domestic & Foreign Analysis.xls,xls,1999,csv/stock_data/26Sector_Domestic___Foreign_Analysis__1999.csv,22,7,"[""column_1"", ""column_2"", ""column_3"", ""column_4"", ""column_5"", ""column_6"", ""column_7""]",7,"[""column_2"", ""column_3"", ""column_4"", ""column_5"", ""column_6"", ""column_7""]",{},[],converted,
stock_data/26Sector Domestic & Foreign Analysis.xls,xls,1998,csv/stock_data/26Sector_Domestic___Foreign_Analysis__1998.csv,22,7,"[""column_1"", ""column_2"", ""column_3"", ""column_4"", ""column_5"", ""column_6"", ""column_7""]",7,"[""column_2"", ""column_3"", ""column_4"", ""column_5"", ""column_6"", ""column_7""]",{},[],converted,
stock_data/26Sector Domestic & Foreign Analysis.xls,xls,1997,csv/stock_data/26Sector_Domestic___Foreign_Analysis__1997.csv,22,7,"[""column_1"", ""column_2"", ""column_3"", ""column_4"", ""column_5"", ""column_6"", ""column_7""]",7,"[""column_2"", ""column_3"", ""column_4"", ""column_5"", ""column_6"", ""column_7""]",{},[],converted,
stock_data/26Sector Domestic & Foreign Analysis.xls,xls,1996,csv/stock_data/26Sector_Domestic___Foreign_Analysis__1996.csv,22,7,"[""column_1"", ""column_2"", ""column_3"", ""column_4"", ""column_5"", ""column_6"", ""column_7""]",7,"[""column_2"", ""column_3"", ""column_4"", ""column_5"", ""column_6"", ""column_7""]",{},[],converted,
stock_data/26Sector Domestic & Foreign Analysis.xls,xls,1995,csv/stock_data/26Sector_Domestic___Foreign_Analysis__1995.csv,22,7,"[""column_1"", ""column_2"", ""column_3"", ""column_4"", ""column_5"", ""column_6"", ""column_7""]",7,"[""column_2"", ""column_3"", ""column_4"", ""column_5"", ""column_6"", ""column_7""]",{},[],converted,
stock_data/26Sector Domestic & Foreign Analysis.xls,xls,1994,csv/stock_data/26Sector_Domestic___Foreign_Analysis__1994.csv,22,7,"[""column_1"", ""column_2"", ""column_3"", ""column_4"", ""column_5"", ""column_6"", ""column_7""]",7,"[""column_2"", ""column_3"", ""column_4"", ""column_5"", ""column_6"", ""column_7""]",{},[],converted,
stock_data/26Sector Domestic & Foreign Analysis.xls,xls,1993,csv/stock_data/26Sector_Domestic___Foreign_Analysis__1993.csv,22,7,"[""column_1"", ""column_2"", ""column_3"", ""column_4"", ""column_5"", ""column_6"", ""column_7""]",7,"[""column_2"", ""column_3"", ""column_4"", ""column_5"", ""column_6"", ""column_7""]",{},[],converted,
stock_data/26Sector Domestic & Foreign Analysis.xls,xls,1992,csv/stock_data/26Sector_Domestic___Foreign_Analysis__1992.csv,22,7,"[""column_1"", ""column_2"", ""column_3"", ""column_4"", ""column_5"", ""column_6"", ""column_7""]",7,"[""column_2"", ""column_3"", ""column_4"", ""column_5"", ""column_6"", ""column_7""]",{},[],converted,
stock_data/26Sector Domestic & Foreign Analysis.xls,xls,1991,csv/stock_data/26Sector_Domestic___Foreign_Analysis__1991.csv,22,7,"[""column_1"", ""column_2"", ""column_3"", ""column_4"", ""column_5"", ""column_6"", ""column_7""]",7,"[""column_2"", ""column_3"", ""column_4"", ""column_5"", ""column_6"", ""column_7""]",{},[],converted,
stock_data/27Sector Foreign Purchases & Sales - Monthly.xlsx,xlsx,SEC WISE FOREIGN P_S ,csv/stock_data/27Sector_Foreign_Purchases___Sales_-_Monthly__SEC_WISE_FOREIGN_P_S.csv,52,402,"[""column_1"", ""column_2"", ""column_3"", ""column_4"", ""column_5"", ""column_6"", ""column_7"", ""column_8"", ""column_9"", ""column_10"", ""column_11"", ""column_12"", ""column_13"", ""column_14"", ""column_15"", ""column_16"", ""column_17"", ""column_18"", ""column_19"", ""column_20"", ""column_21"", ""column_22"", ""column_23"", ""column_24"", ""column_25"", ""column_26"", ""column_27"", ""column_28"", ""column_29"", ""column_30"", ""column_31"", ""column_32"", ""column_33"", ""column_34"", ""column_35"", ""column_36"", ""column_37"", ""column_38"", ""column_39"", ""column_40"", ""column_41"", ""column_42"", ""column_43"", ""column_44"", ""column_45"", ""column_46"", ""column_47"", ""column_48"", ""column_49"", ""column_50"", ""column_51"", ""column_52"", ""column_53"", ""column_54"", ""column_55"", ""column_56"", ""column_57"", ""column_58"", ""column_59"", ""column_60"", ""column_61"", ""column_62"", ""column_63"", ""column_64"", ""column_65"", ""column_66"", ""column_67"", ""column_68"", ""column_69"", ""column_70"", ""column_71"", ""column_72"", ""column_73"", ""column_74"", ""column_75"", ""column_76"", ""column_77"", ""column_78"", ""column_79"", ""column_80"", ""column_81"", ""column_82"", ""column_83"", ""column_84"", ""column_85"", ""column_86"", ""column_87"", ""column_88"", ""column_89"", ""column_90"", ""column_91"", ""column_92"", ""column_93"", ""column_94"", ""column_95"", ""column_96"", ""column_97"", ""column_98"", ""column_99"", ""column_100"", ""column_101"", ""column_102"", ""column_103"", ""column_104"", ""column_105"", ""column_106"", ""column_107"", ""column_108"", ""column_109"", ""column_110"", ""column_111"", ""column_112"", ""column_113"", ""column_114"", ""column_115"", ""column_116"", ""column_117"", ""column_118"", ""column_119"", ""column_120"", ""column_121"", ""column_122"", ""column_123"", ""column_124"", ""column_125"", ""column_126"", ""column_127"", ""column_128"", ""column_129"", ""column_130"", ""column_131"", ""column_132"", ""column_133"", ""column_134"", ""column_135"", ""column_136"", ""column_137"", ""column_138"", ""column_139"", ""column_140"", ""column_141"", ""column_142"", ""column_143"", ""column_144"", ""column_145"", ""column_146"", ""column_147"", ""column_148"", ""column_149"", ""column_150"", ""column_151"", ""column_152"", ""column_153"", ""column_154"", ""column_155"", ""column_156"", ""column_157"", ""column_158"", ""column_159"", ""column_160"", ""column_161"", ""column_162"", ""column_163"", ""column_164"", ""column_165"", ""column_166"", ""column_167"", ""column_168"", ""column_169"", ""column_170"", ""column_171"", ""column_172"", ""column_173"", ""column_174"", ""column_175"", ""column_176"", ""column_177"", ""column_178"", ""column_179"", ""column_180"", ""column_181"", ""column_182"", ""column_183"", ""column_184"", ""column_185"", ""column_186"", ""column_187"", ""column_188"", ""column_189"", ""column_190"", ""column_191"", ""column_192"", ""column_193"", ""column_194"", ""column_195"", ""column_196"", ""column_197"", ""column_198"", ""column_199"", ""column_200"", ""column_201"", ""column_202"", ""column_203"", ""column_204"", ""column_205"", ""column_206"", ""column_207"", ""column_208"", ""column_209"", ""column_210"", ""column_211"", ""column_212"", ""column_213"", ""column_214"", ""column_215"", ""column_216"", ""column_217"", ""column_218"", ""column_219"", ""column_220"", ""column_221"", ""column_222"", ""column_223"", ""column_224"", ""column_225"", ""column_226"", ""column_227"", ""column_228"", ""column_229"", ""column_230"", ""column_231"", ""column_232"", ""column_233"", ""column_234"", ""column_235"", ""column_236"", ""column_237"", ""column_238"", ""column_239"", ""column_240"", ""column_241"", ""column_242"", ""column_243"", ""column_244"", ""column_245"", ""column_246"", ""column_247"", ""column_248"", ""column_249"", ""column_250"", ""column_251"", ""column_252"", ""column_253"", ""column_254"", ""column_255"", ""column_256"", ""column_257"", ""column_258"", ""column_259"", ""column_260"", ""column_261"", ""column_262"", ""column_263"", ""column_264"", ""column_265"", ""column_266"", ""column_267"", ""column_268"", ""column_269"", ""column_270"", ""column_271"", ""column_272"", ""column_273"", ""column_274"", ""column_275"", ""column_276"", ""column_277"", ""column_278"", ""column_279"", ""column_280"", ""column_281"", ""column_282"", ""column_283"", ""column_284"", ""column_285"", ""column_286"", ""column_287"", ""column_288"", ""column_289"", ""column_290"", ""column_291"", ""column_292"", ""column_293"", ""column_294"", ""column_295"", ""column_296"", ""column_297"", ""column_298"", ""column_299"", ""column_300"", ""column_301"", ""column_302"", ""column_303"", ""column_304"", ""column_305"", ""column_306"", ""column_307"", ""column_308"", ""column_309"", ""column_310"", ""column_311"", ""column_312"", ""column_313"", ""column_314"", ""column_315"", ""column_316"", ""column_317"", ""column_318"", ""column_319"", ""column_320"", ""column_321"", ""column_322"", ""column_323"", ""column_324"", ""column_325"", ""column_326"", ""column_327"", ""column_328"", ""column_329"", ""column_330"", ""column_331"", ""column_332"", ""column_333"", ""column_334"", ""column_335"", ""column_336"", ""column_337"", ""column_338"", ""column_339"", ""column_340"", ""column_341"", ""column_342"", ""column_343"", ""column_344"", ""column_345"", ""column_346"", ""column_347"", ""column_348"", ""column_349"", ""column_350"", ""column_351"", ""column_352"", ""column_353"", ""column_354"", ""column_355"", ""column_356"", ""column_357"", ""column_358"", ""column_359"", ""column_360"", ""column_361"", ""column_362"", ""column_363"", ""column_364"", ""column_365"", ""column_366"", ""column_367"", ""column_368"", ""column_369"", ""column_370"", ""column_371"", ""column_372"", ""column_373"", ""column_374"", ""column_375"", ""column_376"", ""column_377"", ""column_378"", ""column_379"", ""column_380"", ""column_381"", ""column_382"", ""column_383"", ""column_384"", ""column_385"", ""column_386"", ""column_387"", ""column_388"", ""column_389"", ""column_390"", ""column_391"", ""column_392"", ""column_393"", ""column_394"", ""column_395"", ""column_396"", ""column_397"", ""column_398"", ""column_399"", ""column_400"", ""column_401"", ""column_402""]",402,"[""column_2"", ""column_3"", ""column_4"", ""column_5"", ""column_6"", ""column_7"", ""column_8"", ""column_9"", ""column_10"", ""column_11"", ""column_12"", ""column_13"", ""column_14"", ""column_15"", ""column_16"", ""column_17"", ""column_18"", ""column_19"", ""column_20"", ""column_21"", ""column_22"", ""column_23"", ""column_24"", ""column_25"", ""column_26"", ""column_27"", ""column_28"", ""column_29"", ""column_30"", ""column_31"", ""column_32"", ""column_33"", ""column_34"", ""column_35"", ""column_36"", ""column_37"", ""column_38"", ""column_39"", ""column_40"", ""column_41"", ""column_42"", ""column_43"", ""column_44"", ""column_45"", ""column_46"", ""column_47"", ""column_48"", ""column_49"", ""column_50"", ""column_51"", ""column_52"", ""column_53"", ""column_54"", ""column_55"", ""column_56"", ""column_57"", ""column_58"", ""column_59"", ""column_60"", ""column_61"", ""column_62"", ""column_63"", ""column_64"", ""column_65"", ""column_66"", ""column_67"", ""column_68"", ""column_69"", ""column_70"", ""column_71"", ""column_72"", ""column_73"", ""column_74"", ""column_75"", ""column_76"", ""column_77"", ""column_78"", ""column_79"", ""column_80"", ""column_81"", ""column_82"", ""column_83"", ""column_84"", ""column_85"", ""column_86"", ""column_87"", ""column_88"", ""column_89"", ""column_90"", ""column_91"", ""column_92"", ""column_93"", ""column_94"", ""column_95"", ""column_96"", ""column_97"", ""column_98"", ""column_99"", ""column_100"", ""column_101"", ""column_102"", ""column_103"", ""column_104"", ""column_105"", ""column_106"", ""column_107"", ""column_108"", ""column_109"", ""column_110"", ""column_111"", ""column_112"", ""column_113"", ""column_114"", ""column_115"", ""column_116"", ""column_117"", ""column_118"", ""column_119"", ""column_120"", ""column_121"", ""column_122"", ""column_123"", ""column_124"", ""column_125"", ""column_126"", ""column_127"", ""column_128"", ""column_129"", ""column_130"", ""column_131"", ""column_132"", ""column_133"", ""column_134"", ""column_135"", ""column_136"", ""column_137"", ""column_138"", ""column_139"", ""column_140"", ""column_141"", ""column_142"", ""column_143"", ""column_144"", ""column_145"", ""column_146"", ""column_147"", ""column_148"", ""column_149"", ""column_150"", ""column_151"", ""column_152"", ""column_153"", ""column_154"", ""column_155"", ""column_156"", ""column_157"", ""column_158"", ""column_159"", ""column_160"", ""column_161"", ""column_162"", ""column_163"", ""column_164"", ""column_165"", ""column_166"", ""column_167"", ""column_168"", ""column_169"", ""column_170"", ""column_171"", ""column_172"", ""column_173"", ""column_174"", ""column_175"", ""column_176"", ""column_177"", ""column_178"", ""column_179"", ""column_180"", ""column_181"", ""column_182"", ""column_183"", ""column_184"", ""column_185"", ""column_186"", ""column_187"", ""column_188"", ""column_189"", ""column_190"", ""column_191"", ""column_192"", ""column_193"", ""column_194"", ""column_195"", ""column_196"", ""column_197"", ""column_198"", ""column_199"", ""column_200"", ""column_201"", ""column_202"", ""column_203"", ""column_204"", ""column_205"", ""column_206"", ""column_207"", ""column_208"", ""column_209"", ""column_210"", ""column_211"", ""column_212"", ""column_213"", ""column_214"", ""column_215"", ""column_216"", ""column_217"", ""column_218"", ""column_219"", ""column_220"", ""column_221"", ""column_222"", ""column_223"", ""column_224"", ""column_225"", ""column_226"", ""column_227"", ""column_228"", ""column_229"", ""column_230"", ""column_231"", ""column_232"", ""column_233"", ""column_234"", ""column_235"", ""column_236"", ""column_237"", ""column_238"", ""column_239"", ""column_240"", ""column_241"", ""column_242"", ""column_243"", ""column_244"", ""column_245"", ""column_246"", ""column_247"", ""column_248"", ""column_249"", ""column_250"", ""column_251"", ""column_252"", ""column_253"", ""column_254"", ""column_255"", ""column_256"", ""column_257"", ""column_258"", ""column_259"", ""column_260"", ""column_261"", ""column_262"", ""column_263"", ""column_264"", ""column_265"", ""column_266"", ""column_267"", ""column_268"", ""column_269"", ""column_270"", ""column_271"", ""column_272"", ""column_273"", ""column_274"", ""column_275"", ""column_276"", ""column_277"", ""column_278"", ""column_279"", ""column_280"", ""column_281"", ""column_282"", ""column_283"", ""column_284"", ""column_285"", ""column_286"", ""column_287"", ""column_288"", ""column_289"", ""column_290"", ""column_291"", ""column_292"", ""column_293"", ""column_294"", ""column_295"", ""column_296"", ""column_297"", ""column_298"", ""column_299"", ""column_300"", ""column_301"", ""column_302"", ""column_303"", ""column_304"", ""column_305"", ""column_306"", ""column_307"", ""column_308"", ""column_309"", ""column_310"", ""column_311"", ""column_312"", ""column_313"", ""column_314"", ""column_315"", ""column_316"", ""column_317"", ""column_318"", ""column_319"", ""column_320"", ""column_321"", ""column_322"", ""column_323"", ""column_324"", ""column_325"", ""column_326"", ""column_327"", ""column_328"", ""column_329"", ""column_330"", ""column_331"", ""column_332"", ""column_333"", ""column_334"", ""column_335"", ""column_336"", ""column_337"", ""column_338"", ""column_339"", ""column_340"", ""column_341"", ""column_343"", ""column_344"", ""column_345"", ""column_347"", ""column_348"", ""column_349"", ""column_350"", ""column_351"", ""column_352"", ""column_353"", ""column_354"", ""column_355"", ""column_356"", ""column_357"", ""column_358"", ""column_359"", ""column_360"", ""column_361"", ""column_362"", ""column_363"", ""column_364"", ""column_365"", ""column_366"", ""column_367"", ""column_368"", ""column_369"", ""column_370"", ""column_371"", ""column_372"", ""column_373"", ""column_374"", ""column_375"", ""column_376"", ""column_377"", ""column_378"", ""column_379"", ""column_380"", ""column_381"", ""column_382"", ""column_383"", ""column_384"", ""column_385"", ""column_386"", ""column_387"", ""column_388"", ""column_389"", ""column_390"", ""column_391"", ""column_392"", ""column_393"", ""column_394"", ""column_395"", ""column_396"", ""column_397"", ""column_398"", ""column_399"", ""column_400"", ""column_401"", ""column_402""]",{},[],converted,
stock_data/27Sector Foreign Purchases & Sales - Monthly.xlsx,xlsx,Sheet2,csv/stock_data/27Sector_Foreign_Purchases___Sales_-_Monthly__Sheet2.csv,0,0,[],0,[],{},[],converted,
stock_data/27Sector Foreign Purchases & Sales - Monthly.xlsx,xlsx,Sheet3,csv/stock_data/27Sector_Foreign_Purchases___Sales_-_Monthly__Sheet3.csv,0,0,[],0,[],{},[],converted,
stock_data/27Sector Foreign Purchases & Sales - Monthly.xlsx,xlsx,Sheet4,csv/stock_data/27Sector_Foreign_Purchases___Sales_-_Monthly__Sheet4.csv,0,0,[],0,[],{},[],converted,
stock_data/27Sector Foreign Purchases & Sales - Monthly.xlsx,xlsx,Sheet5,csv/stock_data/27Sector_Foreign_Purchases___Sales_-_Monthly__Sheet5.csv,0,0,[],0,[],{},[],converted,
stock_data/29 Beta Value.xls,xls,2009_Q1,csv/stock_data/29_Beta_Value__2009_Q1.csv,231,4,"[""column_1"", ""column_2"", ""column_4"", ""column_5""]",4,"[""column_2"", ""column_5""]",{},"[""column_1"", ""column_4""]",converted,
stock_data/29 Beta Value.xls,xls,2009_Q2,csv/stock_data/29_Beta_Value__2009_Q2.csv,229,4,"[""column_1"", ""column_2"", ""column_4"", ""column_5""]",4,"[""column_2"", ""column_5""]",{},"[""column_1"", ""column_4""]",converted,
stock_data/29 Beta Value.xls,xls,2009_Q3,csv/stock_data/29_Beta_Value__2009_Q3.csv,229,4,"[""column_1"", ""column_2"", ""column_4"", ""column_5""]",4,"[""column_2"", ""column_5""]",{},"[""column_1"", ""column_4""]",converted,
stock_data/29 Beta Value.xls,xls,2009_Q4,csv/stock_data/29_Beta_Value__2009_Q4.csv,230,4,"[""column_1"", ""column_2"", ""column_4"", ""column_5""]",4,"[""column_2"", ""column_5""]",{},"[""column_1"", ""column_4""]",converted,
stock_data/29 Beta Value.xls,xls,2010_Q1,csv/stock_data/29_Beta_Value__2010_Q1.csv,230,4,"[""column_1"", ""column_2"", ""column_4"", ""column_5""]",4,"[""column_2"", ""column_5""]",{},"[""column_1"", ""column_4""]",converted,
stock_data/29 Beta Value.xls,xls,2010_Q2,csv/stock_data/29_Beta_Value__2010_Q2.csv,234,4,"[""column_1"", ""column_2"", ""column_4"", ""column_5""]",4,"[""column_2"", ""column_5""]",{},"[""column_1"", ""column_4""]",converted,
stock_data/29 Beta Value.xls,xls,2010_Q3,csv/stock_data/29_Beta_Value__2010_Q3.csv,236,4,"[""column_1"", ""column_2"", ""column_4"", ""column_5""]",4,"[""column_2"", ""column_5""]",{},"[""column_1"", ""column_4""]",converted,
stock_data/29 Beta Value.xls,xls,2010_Q4,csv/stock_data/29_Beta_Value__2010_Q4.csv,240,4,"[""column_1"", ""column_2"", ""column_4"", ""column_5""]",4,"[""column_2"", ""column_5""]",{},"[""column_1"", ""column_4""]",converted,
stock_data/29 Beta Value.xls,xls,2011_Q1,csv/stock_data/29_Beta_Value__2011_Q1.csv,243,4,"[""column_1"", ""column_2"", ""column_4"", ""column_5""]",4,"[""column_2"", ""column_5""]",{},"[""column_1"", ""column_4""]",converted,
stock_data/29 Beta Value.xls,xls,2011_Q2,csv/stock_data/29_Beta_Value__2011_Q2.csv,258,4,"[""column_1"", ""column_2"", ""column_4"", ""column_5""]",4,"[""column_2"", ""column_5""]",{},"[""column_1"", ""column_4""]",converted,
stock_data/29 Beta Value.xls,xls,2011_Q3,csv/stock_data/29_Beta_Value__2011_Q3.csv,265,4,"[""column_1"", ""column_2"", ""column_4"", ""column_5""]",4,"[""column_2"", ""column_5""]",{},"[""column_1"", ""column_4""]",converted,
stock_data/29 Beta Value.xls,xls,2011_Q4,csv/stock_data/29_Beta_Value__2011_Q4.csv,268,4,"[""column_1"", ""column_2"", ""column_4"", ""column_5""]",4,"[""column_2"", ""column_5""]",{},"[""column_1"", ""column_4""]",converted,
stock_data/29 Beta Value.xls,xls,2012_Q1,csv/stock_data/29_Beta_Value__2012_Q1.csv,280,4,"[""column_1"", ""column_2"", ""column_4"", ""column_5""]",4,"[""column_2"", ""column_5""]",{},"[""column_1"", ""column_4""]",converted,
stock_data/29 Beta Value.xls,xls,2012Q2,csv/stock_data/29_Beta_Value__2012Q2.csv,280,4,"[""column_1"", ""column_2"", ""column_4"", ""column_5""]",4,"[""column_2"", ""column_5""]",{},"[""column_1"", ""column_4""]",converted,
stock_data/29 Beta Value.xls,xls,2012Q3,csv/stock_data/29_Beta_Value__2012Q3.csv,281,4,"[""column_1"", ""column_2"", ""column_4"", ""column_5""]",4,"[""column_2"", ""column_5""]",{},"[""column_1"", ""column_4""]",converted,
stock_data/29 Beta Value.xls,xls,2012Q4,csv/stock_data/29_Beta_Value__2012Q4.csv,282,4,"[""column_1"", ""column_2"", ""column_4"", ""column_5""]",4,"[""column_2"", ""column_5""]",{},"[""column_1"", ""column_4""]",converted,
stock_data/29 Beta Value.xls,xls,2013Q1,csv/stock_data/29_Beta_Value__2013Q1.csv,282,4,"[""column_1"", ""column_2"", ""column_4"", ""column_5""]",4,"[""column_2"", ""column_5""]",{},"[""column_1"", ""column_4""]",converted,
stock_data/29 Beta Value.xls,xls,2013Q2,csv/stock_data/29_Beta_Value__2013Q2.csv,282,4,"[""column_1"", ""column_2"", ""column_4"", ""column_5""]",4,"[""column_2"", ""column_5""]",{},"[""column_1"", ""column_4""]",converted,
stock_data/29 Beta Value.xls,xls,2013Q3,csv/stock_data/29_Beta_Value__2013Q3.csv,283,4,"[""column_1"", ""column_2"", ""column_4"", ""column_5""]",4,"[""column_2"", ""column_5""]",{},"[""column_1"", ""column_4""]",converted,
stock_data/29 Beta Value.xls,xls,2013Q4,csv/stock_data/29_Beta_Value__2013Q4.csv,284,4,"[""column_2"", ""column_3"", ""column_5"", ""column_6""]",4,"[""column_3"", ""column_6""]",{},"[""column_2"", ""column_5""]",converted,
stock_data/29 Beta Value.xls,xls,2014Q1,csv/stock_data/29_Beta_Value__2014Q1.csv,282,4,"[""column_3"", ""column_4"", ""column_6"", ""column_7""]",4,"[""column_4"", ""column_7""]",{},"[""column_3"", ""column_6""]",converted,
stock_data/29 Beta Value.xls,xls,2014Q2,csv/stock_data/29_Beta_Value__2014Q2.csv,285,4,"[""column_1"", ""column_2"", ""column_4"", ""column_5""]",4,"[""column_2"", ""column_5""]",{},"[""column_1"", ""column_4""]",converted,
stock_data/29 Beta Value.xls,xls,2014Q3,csv/stock_data/29_Beta_Value__2014Q3.csv,285,4,"[""column_1"", ""column_2"", ""column_4"", ""column_5""]",4,"[""column_2"", ""column_5""]",{},"[""column_1"", ""column_4""]",converted,
stock_data/29 Beta Value.xls,xls,2014Q4,csv/stock_data/29_Beta_Value__2014Q4.csv,282,4,"[""column_1"", ""column_2"", ""column_4"", ""column_5""]",4,"[""column_2"", ""column_5""]",{},"[""column_1"", ""column_4""]",converted,
stock_data/29 Beta Value.xls,xls,2015Q1,csv/stock_data/29_Beta_Value__2015Q1.csv,281,4,"[""column_1"", ""column_2"", ""column_4"", ""column_5""]",4,"[""column_2"", ""column_5""]",{},"[""column_1"", ""column_4""]",converted,
stock_data/29 Beta Value.xls,xls,2015Q2,csv/stock_data/29_Beta_Value__2015Q2.csv,281,4,"[""column_2"", ""column_3"", ""column_5"", ""column_6""]",4,"[""column_3"", ""column_6""]",{},"[""column_2"", ""column_5""]",converted,
stock_data/29 Beta Value.xls,xls,2015Q3,csv/stock_data/29_Beta_Value__2015Q3.csv,281,4,"[""column_2"", ""column_3"", ""column_5"", ""column_6""]",4,"[""column_3"", ""column_6""]",{},"[""column_2"", ""column_5""]",converted,
stock_data/29 Beta Value.xls,xls,2015Q4,csv/stock_data/29_Beta_Value__2015Q4.csv,277,4,"[""column_2"", ""column_3"", ""column_5"", ""column_6""]",4,"[""column_3"", ""column_6""]",{},"[""column_2"", ""column_5""]",converted,
stock_data/29 Beta Value.xls,xls,2016Q1,csv/stock_data/29_Beta_Value__2016Q1.csv,276,4,"[""column_1"", ""column_2"", ""column_5"", ""column_6""]",4,"[""column_2"", ""column_6""]",{},"[""column_1"", ""column_5""]",converted,
stock_data/29 Beta Value.xls,xls,2016 Q2,csv/stock_data/29_Beta_Value__2016_Q2.csv,276,4,"[""column_1"", ""column_2"", ""column_4"", ""column_5""]",4,"[""column_2"", ""column_5""]",{},"[""column_1"", ""column_4""]",converted,
stock_data/29 Beta Value.xls,xls,2016 Q3,csv/stock_data/29_Beta_Value__2016_Q3.csv,276,4,"[""column_1"", ""column_2"", ""column_4"", ""column_5""]",4,"[""column_2"", ""column_5""]",{},"[""column_1"", ""column_4""]",converted,
stock_data/29 Beta Value.xls,xls,2016 Q4,csv/stock_data/29_Beta_Value__2016_Q4.csv,279,4,"[""column_1"", ""column_2"", ""column_4"", ""column_5""]",4,"[""column_2"", ""column_5""]",{},"[""column_1"", ""column_4""]",converted,
stock_data/29 Beta Value.xls,xls,2017 Q1,csv/stock_data/29_Beta_Value__2017_Q1.csv,282,4,"[""column_1"", ""column_2"", ""column_4"", ""column_5""]",4,"[""column_2"", ""column_5""]",{},"[""column_1"", ""column_4""]",converted,
stock_data/29 Beta Value.xls,xls,2017 Q2,csv/stock_data/29_Beta_Value__2017_Q2.csv,281,4,"[""column_1"", ""column_2"", ""column_4"", ""column_5""]",4,"[""column_2"", ""column_5""]",{},"[""column_1"", ""column_4""]",converted,
stock_data/29 Beta Value.xls,xls,2017 Q3,csv/stock_data/29_Beta_Value__2017_Q3.csv,281,4,"[""column_1"", ""column_2"", ""column_4"", ""column_5""]",4,"[""column_2"", ""column_5""]",{},"[""column_1"", ""column_4""]",converted,
stock_data/29 Beta Value.xls,xls,2017 Q4,csv/stock_data/29_Beta_Value__2017_Q4.csv,283,4,"[""column_1"", ""column_2"", ""column_4"", ""column_5""]",4,"[""column_2"", ""column_5""]",{},"[""column_1"", ""column_4""]",converted,
stock_data/29 Beta Value.xls,xls,2018 Q1,csv/stock_data/29_Beta_Value__2018_Q1.csv,281,4,"[""column_1"", ""column_2"", ""column_4"", ""column_5""]",4,"[""column_2"", ""column_5""]",{},"[""column_1"", ""column_4""]",converted,
stock_data/29 Beta Value.xls,xls,2018 Q2,csv/stock_data/29_Beta_Value__2018_Q2.csv,268,4,"[""column_1"", ""column_2"", ""column_4"", ""column_5""]",4,"[""column_2"", ""column_5""]",{},"[""column_1"", ""column_4""]",converted,
stock_data/29 Beta Value.xls,xls,2018 Q3,csv/stock_data/29_Beta_Value__2018_Q3.csv,279,4,"[""column_1"", ""column_2"", ""column_4"", ""column_5""]",4,"[""column_2"", ""column_5""]",{},"[""column_1"", ""column_4""]",converted,
stock_data/29 Beta Value.xls,xls,2018 Q4,csv/stock_data/29_Beta_Value__2018_Q4.csv,274,4,"[""column_1"", ""column_2"", ""column_4"", ""column_5""]",4,"[""column_2"", ""column_5""]",{},"[""column_1"", ""column_4""]",converted,
stock_data/29 Beta Value.xls,xls,2019 Q1,csv/stock_data/29_Beta_Value__2019_Q1.csv,271,4,"[""column_1"", ""column_2"", ""column_4"", ""column_5""]",4,"[""column_2"", ""column_5""]",{},"[""column_1"", ""column_4""]",converted,
stock_data/29 Beta Value.xls,xls,2019 Q2,csv/stock_data/29_Beta_Value__2019_Q2.csv,271,4,"[""column_1"", ""column_2"", ""column_4"", ""column_5""]",4,"[""column_2"", ""column_5""]",{},"[""column_1"", ""column_4""]",converted,
stock_data/29 Beta Value.xls,xls,2019 Q3,csv/stock_data/29_Beta_Value__2019_Q3.csv,255,4,"[""column_1"", ""column_2"", ""column_4"", ""column_5""]",4,"[""column_2"", ""column_5""]",{},"[""column_1"", ""column_4""]",converted,
stock_data/29 Beta Value.xls,xls,2019 Q4,csv/stock_data/29_Beta_Value__2019_Q4.csv,267,4,"[""column_1"", ""column_2"", ""column_4"", ""column_5""]",4,"[""column_2"", ""column_5""]",{},"[""column_1"", ""column_4""]",converted,
stock_data/29 Beta Value.xls,xls,2020 Q1,csv/stock_data/29_Beta_Value__2020_Q1.csv,268,4,"[""column_1"", ""column_2"", ""column_4"", ""column_5""]",4,"[""column_2"", ""column_5""]",{},"[""column_1"", ""column_4""]",converted,
stock_data/29 Beta Value.xls,xls,2020 Q2,csv/stock_data/29_Beta_Value__2020_Q2.csv,268,4,"[""column_1"", ""column_2"", ""column_4"", ""column_5""]",4,"[""column_2"", ""column_5""]",{},"[""column_1"", ""column_4""]",converted,
stock_data/29 Beta Value.xls,xls,2020 Q3,csv/stock_data/29_Beta_Value__2020_Q3.csv,270,4,"[""column_1"", ""column_2"", ""column_4"", ""column_5""]",4,"[""column_2"", ""column_5""]",{},"[""column_1"", ""column_4""]",converted,
stock_data/29 Beta Value.xls,xls,2020 Q4,csv/stock_data/29_Beta_Value__2020_Q4.csv,271,4,"[""column_1"", ""column_2"", ""column_4"", ""column_5""]",4,"[""column_2"", ""column_5""]",{},"[""column_1"", ""column_4""]",converted,
stock_data/29 Beta Value.xls,xls,2021 Q1,csv/stock_data/29_Beta_Value__2021_Q1.csv,267,4,"[""column_1"", ""column_2"", ""column_4"", ""column_5""]",4,"[""column_2"", ""column_5""]",{},"[""column_1"", ""column_4""]",converted,
stock_data/29 Beta Value.xls,xls,2021 Q2,csv/stock_data/29_Beta_Value__2021_Q2.csv,271,4,"[""column_1"", ""column_2"", ""column_4"", ""column_5""]",4,"[""column_2"", ""column_5""]",{},"[""column_1"", ""column_4""]",converted,
stock_data/29 Beta Value.xls,xls,2021 Q3,csv/stock_data/29_Beta_Value__2021_Q3.csv,270,4,"[""column_1"", ""column_2"", ""column_4"", ""column_5""]",4,"[""column_2"", ""column_5""]",{},"[""column_1"", ""column_4""]",converted,
stock_data/29 Beta Value.xls,xls,2021 Q4,csv/stock_data/29_Beta_Value__2021_Q4.csv,278,4,"[""column_1"", ""column_2"", ""column_4"", ""column_5""]",4,"[""column_2"", ""column_5""]",{},"[""column_1"", ""column_4""]",converted,
stock_data/29 Beta Value.xls,xls,2022 Q1,csv/stock_data/29_Beta_Value__2022_Q1.csv,278,4,"[""column_1"", ""column_2"", ""column_4"", ""column_5""]",4,"[""column_2"", ""column_5""]",{},"[""column_1"", ""column_4""]",converted,
stock_data/29 Beta Value.xls,xls,2022 Q2,csv/stock_data/29_Beta_Value__2022_Q2.csv,278,4,"[""column_1"", ""column_2"", ""column_4"", ""column_5""]",4,"[""column_2"", ""column_5""]",{},"[""column_1"", ""column_4""]",converted,
stock_data/29 Beta Value.xls,xls,2022Q3,csv/stock_data/29_Beta_Value__2022Q3.csv,280,4,"[""column_1"", ""column_2"", ""column_4"", ""column_5""]",4,"[""column_2"", ""column_5""]",{},"[""column_1"", ""column_4""]",converted,
stock_data/29 Beta Value.xls,xls,2022Q4,csv/stock_data/29_Beta_Value__2022Q4.csv,274,4,"[""column_1"", ""column_2"", ""column_4"", ""column_5""]",4,"[""column_2"", ""column_5""]",{},"[""column_1"", ""column_4""]",converted,
stock_data/29 Beta Value.xls,xls,2023Q1,csv/stock_data/29_Beta_Value__2023Q1.csv,275,4,"[""column_1"", ""column_2"", ""column_4"", ""column_5""]",4,"[""column_2"", ""column_5""]",{},"[""column_1"", ""column_4""]",converted,
stock_data/29 Beta Value.xls,xls,2023Q2,csv/stock_data/29_Beta_Value__2023Q2.csv,270,4,"[""column_1"", ""column_2"", ""column_4"", ""column_5""]",4,"[""column_2"", ""column_5""]",{},"[""column_1"", ""column_4""]",converted,
stock_data/29 Beta Value.xls,xls,2023Q3,csv/stock_data/29_Beta_Value__2023Q3.csv,272,4,"[""column_1"", ""column_2"", ""column_4"", ""column_5""]",4,"[""column_2"", ""column_5""]",{},"[""column_1"", ""column_4""]",converted,
stock_data/29 Beta Value.xls,xls,2023Q4,csv/stock_data/29_Beta_Value__2023Q4.csv,269,4,"[""column_1"", ""column_2"", ""column_4"", ""column_5""]",4,"[""column_2"", ""column_5""]",{},"[""column_1"", ""column_4""]",converted,
stock_data/29 Beta Value.xls,xls,2024Q1,csv/stock_data/29_Beta_Value__2024Q1.csv,273,4,"[""column_1"", ""column_2"", ""column_4"", ""column_5""]",4,"[""column_2"", ""column_5""]",{},"[""column_1"", ""column_4""]",converted,
stock_data/29 Beta Value.xls,xls,2024Q2,csv/stock_data/29_Beta_Value__2024Q2.csv,273,4,"[""column_1"", ""column_2"", ""column_4"", ""column_5""]",4,"[""column_2"", ""column_5""]",{},"[""column_1"", ""column_4""]",converted,
stock_data/29 Beta Value.xls,xls,2024Q3,csv/stock_data/29_Beta_Value__2024Q3.csv,275,4,"[""column_1"", ""column_2"", ""column_4"", ""column_5""]",4,"[""column_2"", ""column_5""]",{},"[""column_1"", ""column_4""]",converted,
stock_data/29 Beta Value.xls,xls,2024Q4,csv/stock_data/29_Beta_Value__2024Q4.csv,272,4,"[""column_1"", ""column_2"", ""column_4"", ""column_5""]",4,"[""column_2"", ""column_5""]",{},"[""column_1"", ""column_4""]",converted,
stock_data/29 Beta Value.xls,xls,2025Q1,csv/stock_data/29_Beta_Value__2025Q1.csv,273,4,"[""column_1"", ""column_2"", ""column_4"", ""column_5""]",4,"[""column_2"", ""column_5""]",{},"[""column_1"", ""column_4""]",converted,
stock_data/29 Beta Value.xls,xls,2025Q2,csv/stock_data/29_Beta_Value__2025Q2.csv,274,4,"[""column_1"", ""column_2"", ""column_4"", ""column_5""]",4,"[""column_2"", ""column_5""]",{},"[""column_1"", ""column_4""]",converted,
stock_data/29 Beta Value.xls,xls,2025Q3,csv/stock_data/29_Beta_Value__2025Q3.csv,275,4,"[""column_1"", ""column_2"", ""column_4"", ""column_5""]",4,"[""column_2"", ""column_5""]",{},"[""column_1"", ""column_4""]",converted,
stock_data/29 Beta Value.xls,xls,2025Q4,csv/stock_data/29_Beta_Value__2025Q4.csv,274,4,"[""column_1"", ""column_2"", ""column_4"", ""column_5""]",4,"[""column_2"", ""column_5""]",{},"[""column_1"", ""column_4""]",converted,
stock_data/32Daily Shares Price List -2011-2020/2011 Data.xls,xls,hl,csv/stock_data/32Daily Shares Price List -2011-2020/2011_Data__hl.csv,58573,11,"[""column_1"", ""column_2"", ""column_3"", ""column_4"", ""column_5"", ""column_6"", ""column_7"", ""column_8"", ""column_9"", ""column_10"", ""column_11""]",11,"[""column_3"", ""column_5"", ""column_6"", ""column_7"", ""column_8"", ""column_9"", ""column_11""]","{""column_1"": {""max"": ""2011-12-30"", ""min"": ""2011-01-03"", ""valid_rows"": ""57605""}, ""column_10"": {""max"": ""2011-12-30"", ""min"": ""2011-01-03"", ""valid_rows"": ""57605""}, ""column_2"": {""max"": ""2011-12-30"", ""min"": ""2011-01-03"", ""valid_rows"": ""57605""}, ""column_4"": {""max"": ""2011-12-30"", ""min"": ""2011-01-03"", ""valid_rows"": ""57605""}}","[""column_1"", ""column_3""]",converted,
stock_data/32Daily Shares Price List -2011-2020/2012 Data.xls,xls,Sheet1,csv/stock_data/32Daily Shares Price List -2011-2020/2012_Data__Sheet1.csv,62209,11,"[""column_1"", ""column_2"", ""column_3"", ""column_4"", ""column_5"", ""column_6"", ""column_7"", ""column_8"", ""column_9"", ""column_10"", ""column_11""]",11,"[""column_3"", ""column_5"", ""column_6"", ""column_7"", ""column_8"", ""column_9"", ""column_11""]","{""column_1"": {""max"": ""2012-12-31"", ""min"": ""2012-01-02"", ""valid_rows"": ""61223""}, ""column_10"": {""max"": ""2012-12-31"", ""min"": ""2012-01-02"", ""valid_rows"": ""61223""}, ""column_2"": {""max"": ""2012-12-31"", ""min"": ""2012-01-02"", ""valid_rows"": ""61223""}, ""column_4"": {""max"": ""2012-12-31"", ""min"": ""2012-01-02"", ""valid_rows"": ""61223""}}","[""column_1"", ""column_3""]",converted,
stock_data/32Daily Shares Price List -2011-2020/2012 Data.xls,xls,Sheet2,csv/stock_data/32Daily Shares Price List -2011-2020/2012_Data__Sheet2.csv,0,0,[],0,[],{},[],converted,
stock_data/32Daily Shares Price List -2011-2020/2012 Data.xls,xls,Sheet3,csv/stock_data/32Daily Shares Price List -2011-2020/2012_Data__Sheet3.csv,0,0,[],0,[],{},[],converted,
stock_data/32Daily Shares Price List -2011-2020/2013 Data.xls,xls,Sheet1,csv/stock_data/32Daily Shares Price List -2011-2020/2013_Data__Sheet1.csv,61996,11,"[""column_1"", ""column_2"", ""column_3"", ""column_4"", ""column_5"", ""column_6"", ""column_7"", ""column_8"", ""column_9"", ""column_10"", ""column_11""]",11,"[""column_3"", ""column_5"", ""column_6"", ""column_7"", ""column_8"", ""column_9"", ""column_11""]","{""column_1"": {""max"": ""2013-12-31"", ""min"": ""2013-01-02"", ""valid_rows"": ""61155""}, ""column_10"": {""max"": ""2013-12-31"", ""min"": ""2013-01-02"", ""valid_rows"": ""61155""}, ""column_2"": {""max"": ""2013-12-31"", ""min"": ""2013-01-02"", ""valid_rows"": ""61155""}, ""column_4"": {""max"": ""2013-12-31"", ""min"": ""2013-01-02"", ""valid_rows"": ""61155""}}","[""column_1"", ""column_3""]",converted,
stock_data/32Daily Shares Price List -2011-2020/2013 Data.xls,xls,Sheet2,csv/stock_data/32Daily Shares Price List -2011-2020/2013_Data__Sheet2.csv,0,0,[],0,[],{},[],converted,
stock_data/32Daily Shares Price List -2011-2020/2013 Data.xls,xls,Sheet3,csv/stock_data/32Daily Shares Price List -2011-2020/2013_Data__Sheet3.csv,0,0,[],0,[],{},[],converted,
stock_data/32Daily Shares Price List -2011-2020/2014 Data.xls,xls,Sheet1,csv/stock_data/32Daily Shares Price List -2011-2020/2014_Data__Sheet1.csv,64144,11,"[""column_1"", ""column_2"", ""column_3"", ""column_4"", ""column_5"", ""column_6"", ""column_7"", ""column_8"", ""column_9"", ""column_10"", ""column_11""]",11,"[""column_3"", ""column_5"", ""column_6"", ""column_7"", ""column_8"", ""column_9"", ""column_11""]","{""column_1"": {""max"": ""2014-12-31"", ""min"": ""2014-01-02"", ""valid_rows"": ""62969""}, ""column_10"": {""max"": ""2014-12-31"", ""min"": ""2014-01-02"", ""valid_rows"": ""62969""}, ""column_2"": {""max"": ""2014-12-31"", ""min"": ""2014-01-02"", ""valid_rows"": ""62969""}, ""column_4"": {""max"": ""2014-12-31"", ""min"": ""2014-01-02"", ""valid_rows"": ""62969""}}","[""column_1"", ""column_3""]",converted,
stock_data/32Daily Shares Price List -2011-2020/2015 Data.xls,xls,Sheet1,csv/stock_data/32Daily Shares Price List -2011-2020/2015_Data__Sheet1.csv,59703,11,"[""column_1"", ""column_2"", ""column_3"", ""column_4"", ""column_5"", ""column_6"", ""column_7"", ""column_8"", ""column_9"", ""column_10"", ""column_11""]",11,"[""column_3"", ""column_5"", ""column_6"", ""column_7"", ""column_8"", ""column_9"", ""column_11""]","{""column_1"": {""max"": ""2015-12-31"", ""min"": ""2015-01-02"", ""valid_rows"": ""58392""}, ""column_10"": {""max"": ""2016-01-06"", ""min"": ""2015-01-02"", ""valid_rows"": ""58394""}, ""column_2"": {""max"": ""2015-12-31"", ""min"": ""2015-01-02"", ""valid_rows"": ""58392""}, ""column_4"": {""max"": ""2015-12-31"", ""min"": ""2015-01-02"", ""valid_rows"": ""58392""}}","[""column_1"", ""column_3""]",converted,
stock_data/32Daily Shares Price List -2011-2020/2015 Data.xls,xls,Sheet2,csv/stock_data/32Daily Shares Price List -2011-2020/2015_Data__Sheet2.csv,0,0,[],0,[],{},[],converted,
stock_data/32Daily Shares Price List -2011-2020/2015 Data.xls,xls,Sheet3,csv/stock_data/32Daily Shares Price List -2011-2020/2015_Data__Sheet3.csv,0,0,[],0,[],{},[],converted,
stock_data/32Daily Shares Price List -2011-2020/2016 Data.xls,xls,HIGHLOW_ALL_COMP-01JAN2016-31DE,csv/stock_data/32Daily Shares Price List -2011-2020/2016_Data__HIGHLOW_ALL_COMP-01JAN2016-31DE.csv,55159,11,"[""column_1"", ""column_2"", ""column_3"", ""column_4"", ""column_5"", ""column_6"", ""column_7"", ""column_8"", ""column_9"", ""column_10"", ""column_11""]",11,"[""column_3"", ""column_6"", ""column_7"", ""column_8"", ""column_9"", ""column_10"", ""column_11""]","{""column_5"": {""max"": ""2016-12-30"", ""min"": ""2016-01-04"", ""valid_rows"": ""54849""}}","[""column_1"", ""column_4""]",converted,
stock_data/32Daily Shares Price List -2011-2020/2017 Data.xls,xls,2017,csv/stock_data/32Daily Shares Price List -2011-2020/2017_Data__2017.csv,56254,12,"[""column_1"", ""column_2"", ""column_3"", ""column_4"", ""column_5"", ""column_6"", ""column_7"", ""column_8"", ""column_9"", ""column_10"", ""column_11"", ""column_12""]",12,"[""column_3"", ""column_6"", ""column_7"", ""column_8"", ""column_9"", ""column_10"", ""column_11"", ""column_12""]","{""column_5"": {""max"": ""2017-12-29"", ""min"": ""2017-01-02"", ""valid_rows"": ""56252""}}","[""column_1"", ""column_4""]",converted,
stock_data/32Daily Shares Price List -2011-2020/2018 Data.xls,xls,2018 ,csv/stock_data/32Daily Shares Price List -2011-2020/2018_Data__2018.csv,53923,12,"[""column_1"", ""column_2"", ""column_3"", ""column_4"", ""column_5"", ""column_6"", ""column_7"", ""column_8"", ""column_9"", ""column_10"", ""column_11"", ""column_12""]",12,"[""column_3"", ""column_6"", ""column_7"", ""column_8"", ""column_9"", ""column_10"", ""column_11"", ""column_12""]","{""column_5"": {""max"": ""2018-12-31"", ""min"": ""2018-01-02"", ""valid_rows"": ""53921""}}","[""column_1"", ""column_4""]",converted,
stock_data/32Daily Shares Price List -2011-2020/2019 Data.xls,xls,2019,csv/stock_data/32Daily Shares Price List -2011-2020/2019_Data__2019.csv,52948,12,"[""column_1"", ""column_2"", ""column_3"", ""column_4"", ""column_5"", ""column_6"", ""column_7"", ""column_8"", ""column_9"", ""column_10"", ""column_11"", ""column_12""]",12,"[""column_3"", ""column_6"", ""column_7"", ""column_8"", ""column_9"", ""column_10"", ""column_11"", ""column_12""]","{""column_5"": {""max"": ""2019-12-31"", ""min"": ""2019-01-02"", ""valid_rows"": ""52946""}}","[""column_1"", ""column_4""]",converted,
stock_data/32Daily Shares Price List -2011-2020/2020 Data.xls,xls,Hign_low_01-Jan-2020_to_31-de,csv/stock_data/32Daily Shares Price List -2011-2020/2020_Data__Hign_low_01-Jan-2020_to_31-de.csv,50927,12,"[""column_1"", ""column_2"", ""column_3"", ""column_4"", ""column_5"", ""column_6"", ""column_7"", ""column_8"", ""column_9"", ""column_10"", ""column_11"", ""column_12""]",12,"[""column_3"", ""column_6"", ""column_7"", ""column_8"", ""column_9"", ""column_10"", ""column_11"", ""column_12""]","{""column_5"": {""max"": ""2020-12-31"", ""min"": ""2020-01-02"", ""valid_rows"": ""50925""}}","[""column_1"", ""column_4""]",converted,
stock_data/33Daily Shares Price List -2021-2025/2021 Data.xls,xls,Daily Share Price Q1,csv/stock_data/33Daily Shares Price List -2021-2025/2021_Data__Daily_Share_Price_Q1.csv,15125,12,"[""column_1"", ""column_2"", ""column_3"", ""column_4"", ""column_5"", ""column_6"", ""column_7"", ""column_8"", ""column_9"", ""column_10"", ""column_11"", ""column_12""]",12,"[""column_3"", ""column_6"", ""column_7"", ""column_8"", ""column_9"", ""column_10"", ""column_11"", ""column_12""]","{""column_5"": {""max"": ""2021-03-31"", ""min"": ""2021-01-04"", ""valid_rows"": ""15123""}}","[""column_1"", ""column_4""]",converted,
stock_data/33Daily Shares Price List -2021-2025/2021 Data.xls,xls,Daily Share Price Q2,csv/stock_data/33Daily Shares Price List -2021-2025/2021_Data__Daily_Share_Price_Q2.csv,14318,12,"[""column_1"", ""column_2"", ""column_3"", ""column_4"", ""column_5"", ""column_6"", ""column_7"", ""column_8"", ""column_9"", ""column_10"", ""column_11"", ""column_12""]",12,"[""column_3"", ""column_6"", ""column_7"", ""column_8"", ""column_9"", ""column_10"", ""column_11"", ""column_12""]","{""column_5"": {""max"": ""2021-06-30"", ""min"": ""2021-04-01"", ""valid_rows"": ""14316""}}","[""column_1"", ""column_4""]",converted,
stock_data/33Daily Shares Price List -2021-2025/2021 Data.xls,xls,Daily Share Prices Q3,csv/stock_data/33Daily Shares Price List -2021-2025/2021_Data__Daily_Share_Prices_Q3.csv,16819,12,"[""column_1"", ""column_2"", ""column_3"", ""column_4"", ""column_5"", ""column_6"", ""column_7"", ""column_8"", ""column_9"", ""column_10"", ""column_11"", ""column_12""]",12,"[""column_3"", ""column_6"", ""column_7"", ""column_8"", ""column_9"", ""column_10"", ""column_11"", ""column_12""]","{""column_5"": {""max"": ""2021-09-30"", ""min"": ""2021-07-01"", ""valid_rows"": ""16817""}}","[""column_1"", ""column_4""]",converted,
stock_data/33Daily Shares Price List -2021-2025/2021 Data.xls,xls,Daily Share Prices Q4,csv/stock_data/33Daily Shares Price List -2021-2025/2021_Data__Daily_Share_Prices_Q4.csv,16917,12,"[""column_1"", ""column_2"", ""column_3"", ""column_4"", ""column_5"", ""column_6"", ""column_7"", ""column_8"", ""column_9"", ""column_10"", ""column_11"", ""column_12""]",12,"[""column_3"", ""column_6"", ""column_7"", ""column_8"", ""column_9"", ""column_10"", ""column_11"", ""column_12""]","{""column_5"": {""max"": ""2021-12-31"", ""min"": ""2021-10-01"", ""valid_rows"": ""16915""}}","[""column_1"", ""column_4""]",converted,
stock_data/33Daily Shares Price List -2021-2025/2022 Data.xls,xls,Daily Share Prices Q1,csv/stock_data/33Daily Shares Price List -2021-2025/2022_Data__Daily_Share_Prices_Q1.csv,16189,12,"[""column_1"", ""column_2"", ""column_3"", ""column_4"", ""column_5"", ""column_6"", ""column_7"", ""column_8"", ""column_9"", ""column_10"", ""column_11"", ""column_12""]",12,"[""column_3"", ""column_6"", ""column_7"", ""column_8"", ""column_9"", ""column_10"", ""column_11"", ""column_12""]","{""column_5"": {""max"": ""2022-03-31"", ""min"": ""2022-01-03"", ""valid_rows"": ""16187""}}","[""column_1"", ""column_4""]",converted,
stock_data/33Daily Shares Price List -2021-2025/2022 Data.xls,xls,Daily Share Prices Q2,csv/stock_data/33Daily Shares Price List -2021-2025/2022_Data__Daily_Share_Prices_Q2.csv,12281,12,"[""column_1"", ""column_2"", ""column_3"", ""column_4"", ""column_5"", ""column_6"", ""column_7"", ""column_8"", ""column_9"", ""column_10"", ""column_11"", ""column_12""]",12,"[""column_3"", ""column_6"", ""column_7"", ""column_8"", ""column_9"", ""column_10"", ""column_11"", ""column_12""]","{""column_5"": {""max"": ""2022-06-30"", ""min"": ""2022-04-01"", ""valid_rows"": ""12279""}}","[""column_1"", ""column_4""]",converted,
stock_data/33Daily Shares Price List -2021-2025/2022 Data.xls,xls,Daily Share Prices Q3,csv/stock_data/33Daily Shares Price List -2021-2025/2022_Data__Daily_Share_Prices_Q3.csv,17099,12,"[""column_1"", ""column_2"", ""column_3"", ""column_4"", ""column_5"", ""column_6"", ""column_7"", ""column_8"", ""column_9"", ""column_10"", ""column_11"", ""column_12""]",12,"[""column_3"", ""column_6"", ""column_7"", ""column_8"", ""column_9"", ""column_10"", ""column_11"", ""column_12""]","{""column_5"": {""max"": ""2022-09-30"", ""min"": ""2022-07-01"", ""valid_rows"": ""17097""}}","[""column_1"", ""column_4""]",converted,
stock_data/33Daily Shares Price List -2021-2025/2022 Data.xls,xls,Daily Share Prices Q4,csv/stock_data/33Daily Shares Price List -2021-2025/2022_Data__Daily_Share_Prices_Q4.csv,15532,12,"[""column_1"", ""column_2"", ""column_3"", ""column_4"", ""column_5"", ""column_6"", ""column_7"", ""column_8"", ""column_9"", ""column_10"", ""column_11"", ""column_12""]",12,"[""column_3"", ""column_6"", ""column_7"", ""column_8"", ""column_9"", ""column_10"", ""column_11"", ""column_12""]","{""column_5"": {""max"": ""2022-12-30"", ""min"": ""2022-10-03"", ""valid_rows"": ""15530""}}","[""column_1"", ""column_4""]",converted,
stock_data/33Daily Shares Price List -2021-2025/2023 Data.csv,csv,,csv/stock_data/33Daily Shares Price List -2021-2025/2023_Data.csv,62503,16,"[""column_1"", ""column_2"", ""column_3"", ""column_4"", ""column_5"", ""column_6"", ""column_7"", ""column_8"", ""column_9"", ""column_10"", ""column_11"", ""column_12"", ""column_13"", ""column_14"", ""column_15"", ""column_16""]",16,"[""column_3"", ""column_6"", ""column_7"", ""column_8"", ""column_9"", ""column_10"", ""column_11"", ""column_12"", ""column_13"", ""column_14"", ""column_15"", ""column_16""]","{""column_5"": {""max"": ""2023-12-29"", ""min"": ""2023-01-02"", ""valid_rows"": ""62501""}}","[""column_1"", ""column_4""]",converted,
stock_data/33Daily Shares Price List -2021-2025/2024 Data.xls,xls,2024_Q4,csv/stock_data/33Daily Shares Price List -2021-2025/2024_Data__2024_Q4.csv,63334,12,"[""column_1"", ""column_2"", ""column_3"", ""column_4"", ""column_5"", ""column_6"", ""column_7"", ""column_8"", ""column_9"", ""column_10"", ""column_11"", ""column_12""]",12,"[""column_3"", ""column_6"", ""column_7"", ""column_8"", ""column_9"", ""column_10"", ""column_11"", ""column_12""]","{""column_5"": {""max"": ""2024-12-31"", ""min"": ""2024-01-02"", ""valid_rows"": ""63332""}}","[""column_1"", ""column_4""]",converted,
stock_data/33Daily Shares Price List -2021-2025/2025 Data.xlsx,xlsx,HighLow,csv/stock_data/33Daily Shares Price List -2021-2025/2025_Data__HighLow.csv,67846,12,"[""column_1"", ""column_2"", ""column_3"", ""column_4"", ""column_5"", ""column_6"", ""column_7"", ""column_8"", ""column_9"", ""column_10"", ""column_11"", ""column_12""]",12,"[""column_3"", ""column_6"", ""column_7"", ""column_8"", ""column_9"", ""column_10"", ""column_11"", ""column_12""]","{""column_5"": {""max"": ""2025-12-31"", ""min"": ""2025-01-02"", ""valid_rows"": ""67541""}}","[""column_1"", ""column_4""]",converted,
stock_data/37Block Trades (Crossings)-Quarterly.xlsx,xlsx,2025,csv/stock_data/37Block_Trades__Crossings_-Quarterly__2025.csv,7086,7,"[""column_1"", ""column_2"", ""column_3"", ""column_4"", ""column_5"", ""column_6"", ""column_7""]",7,"[""column_5"", ""column_6"", ""column_7""]","{""column_2"": {""max"": ""2025-12-31"", ""min"": ""2025-01-02"", ""valid_rows"": ""7084""}}","[""column_3"", ""column_4""]",converted,
stock_data/37Block Trades (Crossings)-Quarterly.xlsx,xlsx,2024,csv/stock_data/37Block_Trades__Crossings_-Quarterly__2024.csv,1535,7,"[""column_1"", ""column_2"", ""column_3"", ""column_4"", ""column_5"", ""column_6"", ""column_7""]",7,"[""column_5"", ""column_6"", ""column_7""]","{""column_2"": {""max"": ""2024-12-31"", ""min"": ""2024-01-03"", ""valid_rows"": ""1533""}}","[""column_3"", ""column_4""]",converted,
stock_data/37Block Trades (Crossings)-Quarterly.xlsx,xlsx,2023,csv/stock_data/37Block_Trades__Crossings_-Quarterly__2023.csv,1085,7,"[""column_1"", ""column_2"", ""column_3"", ""column_4"", ""column_5"", ""column_6"", ""column_7""]",7,"[""column_5"", ""column_6"", ""column_7""]","{""column_2"": {""max"": ""2023-12-28"", ""min"": ""2023-01-02"", ""valid_rows"": ""1083""}}","[""column_3"", ""column_4""]",converted,
stock_data/37Block Trades (Crossings)-Quarterly.xlsx,xlsx,2022,csv/stock_data/37Block_Trades__Crossings_-Quarterly__2022.csv,1273,7,"[""column_1"", ""column_2"", ""column_3"", ""column_4"", ""column_5"", ""column_6"", ""column_7""]",7,"[""column_5"", ""column_6"", ""column_7""]","{""column_2"": {""max"": ""2022-12-30"", ""min"": ""2022-01-03"", ""valid_rows"": ""1271""}}","[""column_3"", ""column_4""]",converted,
stock_data/37Block Trades (Crossings)-Quarterly.xlsx,xlsx,2021,csv/stock_data/37Block_Trades__Crossings_-Quarterly__2021.csv,1204,7,"[""column_1"", ""column_2"", ""column_3"", ""column_4"", ""column_5"", ""column_6"", ""column_7""]",7,"[""column_5"", ""column_6"", ""column_7""]","{""column_2"": {""max"": ""2021-12-31"", ""min"": ""2021-01-04"", ""valid_rows"": ""1202""}}","[""column_3"", ""column_4""]",converted,
stock_data/37Block Trades (Crossings)-Quarterly.xlsx,xlsx,2020,csv/stock_data/37Block_Trades__Crossings_-Quarterly__2020.csv,849,7,"[""column_1"", ""column_2"", ""column_3"", ""column_4"", ""column_5"", ""column_6"", ""column_7""]",7,"[""column_5"", ""column_6"", ""column_7""]","{""column_2"": {""max"": ""2020-12-31"", ""min"": ""2020-01-06"", ""valid_rows"": ""847""}}","[""column_3"", ""column_4""]",converted,
stock_data/37Block Trades (Crossings)-Quarterly.xlsx,xlsx,2019,csv/stock_data/37Block_Trades__Crossings_-Quarterly__2019.csv,618,7,"[""column_1"", ""column_2"", ""column_3"", ""column_4"", ""column_5"", ""column_6"", ""column_7""]",7,"[""column_5"", ""column_6"", ""column_7""]","{""column_2"": {""max"": ""2019-12-31"", ""min"": ""2019-01-02"", ""valid_rows"": ""495""}}","[""column_3"", ""column_4""]",converted,
stock_data/37Block Trades (Crossings)-Quarterly.xlsx,xlsx,2018,csv/stock_data/37Block_Trades__Crossings_-Quarterly__2018.csv,1004,7,"[""column_1"", ""column_2"", ""column_3"", ""column_4"", ""column_5"", ""column_6"", ""column_7""]",7,"[""column_5"", ""column_6"", ""column_7""]","{""column_2"": {""max"": ""2018-12-31"", ""min"": ""2018-01-02"", ""valid_rows"": ""1002""}}","[""column_3"", ""column_4""]",converted,
stock_data/37Block Trades (Crossings)-Quarterly.xlsx,xlsx,2017,csv/stock_data/37Block_Trades__Crossings_-Quarterly__2017.csv,1023,7,"[""column_1"", ""column_2"", ""column_3"", ""column_4"", ""column_5"", ""column_6"", ""column_7""]",7,"[""column_5"", ""column_6"", ""column_7""]","{""column_2"": {""max"": ""2017-12-29"", ""min"": ""2017-01-02"", ""valid_rows"": ""653""}}","[""column_3"", ""column_4""]",converted,
stock_data/37Block Trades (Crossings)-Quarterly.xlsx,xlsx,2016,csv/stock_data/37Block_Trades__Crossings_-Quarterly__2016.csv,767,7,"[""column_1"", ""column_2"", ""column_3"", ""column_4"", ""column_5"", ""column_6"", ""column_7""]",7,"[""column_5"", ""column_6"", ""column_7""]","{""column_2"": {""max"": ""2016-12-29"", ""min"": ""2016-01-04"", ""valid_rows"": ""765""}}","[""column_3"", ""column_4""]",converted,
stock_data/37Block Trades (Crossings)-Quarterly.xlsx,xlsx,2015,csv/stock_data/37Block_Trades__Crossings_-Quarterly__2015.csv,1080,7,"[""column_1"", ""column_2"", ""column_3"", ""column_4"", ""column_5"", ""column_6"", ""column_7""]",7,"[""column_5"", ""column_6"", ""column_7""]","{""column_2"": {""max"": ""2015-12-11"", ""min"": ""2015-01-04"", ""valid_rows"": ""455""}}","[""column_3"", ""column_4""]",converted,
stock_data/37Block Trades (Crossings)-Quarterly.xlsx,xlsx,2014,csv/stock_data/37Block_Trades__Crossings_-Quarterly__2014.csv,1409,7,"[""column_1"", ""column_2"", ""column_3"", ""column_4"", ""column_5"", ""column_6"", ""column_7""]",7,"[""column_5"", ""column_6"", ""column_7""]","{""column_2"": {""max"": ""2014-12-12"", ""min"": ""2014-01-04"", ""valid_rows"": ""571""}}","[""column_3"", ""column_4""]",converted,
stock_data/37Block Trades (Crossings)-Quarterly.xlsx,xlsx,2013,csv/stock_data/37Block_Trades__Crossings_-Quarterly__2013.csv,1036,7,"[""column_1"", ""column_2"", ""column_3"", ""column_4"", ""column_5"", ""column_6"", ""column_7""]",7,"[""column_5"", ""column_6"", ""column_7""]","{""column_2"": {""max"": ""2013-12-11"", ""min"": ""2013-01-02"", ""valid_rows"": ""386""}}","[""column_3"", ""column_4""]",converted,
stock_data/37Block Trades (Crossings)-Quarterly.xlsx,xlsx,2012 ,csv/stock_data/37Block_Trades__Crossings_-Quarterly__2012.csv,736,7,"[""column_1"", ""column_2"", ""column_3"", ""column_4"", ""column_5"", ""column_6"", ""column_7""]",7,"[""column_5"", ""column_6"", ""column_7""]","{""column_2"": {""max"": ""2012-12-12"", ""min"": ""2012-01-02"", ""valid_rows"": ""240""}}","[""column_3"", ""column_4""]",converted,
stock_data/37Block Trades (Crossings)-Quarterly.xlsx,xlsx,2011,csv/stock_data/37Block_Trades__Crossings_-Quarterly__2011.csv,1177,7,"[""column_1"", ""column_2"", ""column_3"", ""column_4"", ""column_5"", ""column_6"", ""column_7""]",7,"[""column_5"", ""column_6"", ""column_7""]","{""column_2"": {""max"": ""2011-12-30"", ""min"": ""2011-01-03"", ""valid_rows"": ""1175""}}","[""column_3"", ""column_4""]",converted,
stock_data/38Foreign Holding-Annual.xlsx,xlsx,2025,csv/stock_data/38Foreign_Holding-Annual__2025.csv,303,5,"[""column_1"", ""column_2"", ""column_3"", ""column_4"", ""column_5""]",5,"[""column_3"", ""column_5""]",{},"[""column_1"", ""column_4""]",converted,
stock_data/38Foreign Holding-Annual.xlsx,xlsx,2024,csv/stock_data/38Foreign_Holding-Annual__2024.csv,299,5,"[""column_1"", ""column_2"", ""column_3"", ""column_4"", ""column_5""]",5,"[""column_3"", ""column_5""]",{},"[""column_1"", ""column_4""]",converted,
stock_data/38Foreign Holding-Annual.xlsx,xlsx,2023,csv/stock_data/38Foreign_Holding-Annual__2023.csv,302,5,"[""column_1"", ""column_2"", ""column_3"", ""column_4"", ""column_5""]",5,"[""column_3"", ""column_5""]",{},"[""column_1"", ""column_4""]",converted,
stock_data/38Foreign Holding-Annual.xlsx,xlsx,2022,csv/stock_data/38Foreign_Holding-Annual__2022.csv,309,5,"[""column_1"", ""column_2"", ""column_3"", ""column_4"", ""column_5""]",5,"[""column_3"", ""column_5""]",{},"[""column_1"", ""column_4""]",converted,
stock_data/38Foreign Holding-Annual.xlsx,xlsx,2021,csv/stock_data/38Foreign_Holding-Annual__2021.csv,315,5,"[""column_1"", ""column_2"", ""column_3"", ""column_4"", ""column_5""]",5,"[""column_3"", ""column_5""]",{},"[""column_1"", ""column_4""]",converted,
stock_data/38Foreign Holding-Annual.xlsx,xlsx,2020,csv/stock_data/38Foreign_Holding-Annual__2020.csv,302,5,"[""column_1"", ""column_2"", ""column_3"", ""column_4"", ""column_5""]",5,"[""column_3"", ""column_5""]",{},"[""column_1"", ""column_4""]",converted,
stock_data/38Foreign Holding-Annual.xlsx,xlsx,2019 ,csv/stock_data/38Foreign_Holding-Annual__2019.csv,308,5,"[""column_1"", ""column_2"", ""column_3"", ""column_4"", ""column_5""]",5,"[""column_3"", ""column_5""]",{},"[""column_1"", ""column_4""]",converted,
stock_data/38Foreign Holding-Annual.xlsx,xlsx,2018,csv/stock_data/38Foreign_Holding-Annual__2018.csv,318,5,"[""column_1"", ""column_2"", ""column_3"", ""column_4"", ""column_5""]",5,"[""column_3"", ""column_5""]",{},"[""column_1"", ""column_4""]",converted,
stock_data/38Foreign Holding-Annual.xlsx,xlsx,2017,csv/stock_data/38Foreign_Holding-Annual__2017.csv,313,6,"[""column_1"", ""column_2"", ""column_3"", ""column_4"", ""column_5"", ""column_6""]",6,"[""column_1"", ""column_4"", ""column_6""]",{},"[""column_2"", ""column_5""]",converted,
stock_data/38Foreign Holding-Annual.xlsx,xlsx,2016,csv/stock_data/38Foreign_Holding-Annual__2016.csv,312,6,"[""column_1"", ""column_2"", ""column_3"", ""column_4"", ""column_5"", ""column_6""]",6,"[""column_1"", ""column_4"", ""column_6""]",{},"[""column_2"", ""column_5""]",converted,
stock_data/38Foreign Holding-Annual.xlsx,xlsx,2015,csv/stock_data/38Foreign_Holding-Annual__2015.csv,620,6,"[""column_1"", ""column_2"", ""column_3"", ""column_4"", ""column_5"", ""column_6""]",6,"[""column_1"", ""column_4"", ""column_6""]",{},"[""column_2"", ""column_5""]",converted,
stock_data/38Foreign Holding-Annual.xlsx,xlsx,2014,csv/stock_data/38Foreign_Holding-Annual__2014.csv,611,6,"[""column_1"", ""column_2"", ""column_3"", ""column_4"", ""column_5"", ""column_6""]",6,"[""column_1"", ""column_4"", ""column_6""]",{},"[""column_2"", ""column_5""]",converted,
stock_data/38Foreign Holding-Annual.xlsx,xlsx,2013,csv/stock_data/38Foreign_Holding-Annual__2013.csv,596,6,"[""column_1"", ""column_2"", ""column_3"", ""column_4"", ""column_5"", ""column_6""]",6,"[""column_1"", ""column_4"", ""column_6""]",{},"[""column_2"", ""column_5""]",converted,
stock_data/38Foreign Holding-Annual.xlsx,xlsx,2012,csv/stock_data/38Foreign_Holding-Annual__2012.csv,584,6,"[""column_1"", ""column_2"", ""column_3"", ""column_4"", ""column_5"", ""column_6""]",6,"[""column_1"", ""column_4"", ""column_6""]",{},"[""column_2"", ""column_5""]",converted,
stock_data/38Foreign Holding-Annual.xlsx,xlsx,2011,csv/stock_data/38Foreign_Holding-Annual__2011.csv,559,6,"[""column_1"", ""column_2"", ""column_3"", ""column_4"", ""column_5"", ""column_6""]",6,"[""column_1"", ""column_4"", ""column_6""]",{},"[""column_2"", ""column_5""]",converted,
stock_data/38Foreign Holding-Annual.xlsx,xlsx,2010,csv/stock_data/38Foreign_Holding-Annual__2010.csv,519,6,"[""column_1"", ""column_2"", ""column_3"", ""column_4"", ""column_5"", ""column_6""]",6,"[""column_1"", ""column_4"", ""column_6""]",{},"[""column_2"", ""column_5""]",converted,
stock_data/38Foreign Holding-Annual.xlsx,xlsx,2009,csv/stock_data/38Foreign_Holding-Annual__2009.csv,483,6,"[""column_1"", ""column_2"", ""column_3"", ""column_4"", ""column_5"", ""column_6""]",6,"[""column_1"", ""column_4"", ""column_6""]",{},"[""column_2"", ""column_5""]",converted,
stock_data/38Foreign Holding-Annual.xlsx,xlsx,2008,csv/stock_data/38Foreign_Holding-Annual__2008.csv,473,6,"[""column_1"", ""column_2"", ""column_3"", ""column_4"", ""column_5"", ""column_6""]",6,"[""column_1"", ""column_4"", ""column_6""]",{},"[""column_2"", ""column_5""]",converted,
stock_data/38Foreign Holding-Annual.xlsx,xlsx,2007,csv/stock_data/38Foreign_Holding-Annual__2007.csv,467,6,"[""column_1"", ""column_2"", ""column_3"", ""column_4"", ""column_5"", ""column_6""]",6,"[""column_1"", ""column_4"", ""column_6""]",{},"[""column_2"", ""column_5""]",converted,
stock_data/38Foreign Holding-Annual.xlsx,xlsx,2006,csv/stock_data/38Foreign_Holding-Annual__2006.csv,460,6,"[""column_1"", ""column_2"", ""column_3"", ""column_4"", ""column_5"", ""column_6""]",6,"[""column_1"", ""column_4"", ""column_6""]",{},"[""column_2"", ""column_5""]",converted,
stock_data/39GICS-Daily.xlsx,xlsx,Sectors Index,csv/stock_data/39GICS-Daily__Sectors_Index.csv,2307,22,"[""column_1"", ""column_2"", ""column_3"", ""column_4"", ""column_5"", ""column_6"", ""column_7"", ""column_8"", ""column_9"", ""column_10"", ""column_11"", ""column_12"", ""column_13"", ""column_14"", ""column_15"", ""column_16"", ""column_17"", ""column_18"", ""column_19"", ""column_20"", ""column_21"", ""column_22""]",22,"[""column_2"", ""column_3"", ""column_4"", ""column_5"", ""column_6"", ""column_7"", ""column_8"", ""column_9"", ""column_10"", ""column_11"", ""column_12"", ""column_13"", ""column_14"", ""column_15"", ""column_16"", ""column_17"", ""column_18"", ""column_19"", ""column_20"", ""column_21"", ""column_22""]","{""column_1"": {""max"": ""2025-12-31"", ""min"": ""2016-04-05"", ""valid_rows"": ""2305""}}",[],converted,
stock_data/39GICS-Daily.xlsx,xlsx,PER,csv/stock_data/39GICS-Daily__PER.csv,2247,23,"[""column_1"", ""column_2"", ""column_3"", ""column_4"", ""column_5"", ""column_6"", ""column_7"", ""column_8"", ""column_9"", ""column_10"", ""column_11"", ""column_12"", ""column_13"", ""column_14"", ""column_15"", ""column_16"", ""column_17"", ""column_18"", ""column_19"", ""column_20"", ""column_21"", ""column_22"", ""column_23""]",23,"[""column_2"", ""column_3"", ""column_4"", ""column_5"", ""column_6"", ""column_7"", ""column_8"", ""column_9"", ""column_10"", ""column_11"", ""column_12"", ""column_13"", ""column_14"", ""column_15"", ""column_16"", ""column_17"", ""column_18"", ""column_20"", ""column_21"", ""column_22"", ""column_23""]","{""column_1"": {""max"": ""2025-12-31"", ""min"": ""2016-04-05"", ""valid_rows"": ""2244""}}",[],converted,
stock_data/39GICS-Daily.xlsx,xlsx,PBV,csv/stock_data/39GICS-Daily__PBV.csv,2247,23,"[""column_1"", ""column_2"", ""column_3"", ""column_4"", ""column_5"", ""column_6"", ""column_7"", ""column_8"", ""column_9"", ""column_10"", ""column_11"", ""column_12"", ""column_13"", ""column_14"", ""column_15"", ""column_16"", ""column_17"", ""column_18"", ""column_19"", ""column_20"", ""column_21"", ""column_22"", ""column_23""]",23,"[""column_2"", ""column_3"", ""column_4"", ""column_5"", ""column_6"", ""column_7"", ""column_8"", ""column_9"", ""column_10"", ""column_11"", ""column_12"", ""column_13"", ""column_14"", ""column_15"", ""column_16"", ""column_17"", ""column_18"", ""column_19"", ""column_20"", ""column_21"", ""column_22"", ""column_23""]","{""column_1"": {""max"": ""2025-12-31"", ""min"": ""2016-04-05"", ""valid_rows"": ""2244""}}",[],converted,
stock_data/39GICS-Daily.xlsx,xlsx,DY,csv/stock_data/39GICS-Daily__DY.csv,2246,23,"[""column_1"", ""column_2"", ""column_3"", ""column_4"", ""column_5"", ""column_6"", ""column_7"", ""column_8"", ""column_9"", ""column_10"", ""column_11"", ""column_12"", ""column_13"", ""column_14"", ""column_15"", ""column_16"", ""column_17"", ""column_18"", ""column_19"", ""column_20"", ""column_21"", ""column_22"", ""column_23""]",23,"[""column_2"", ""column_3"", ""column_4"", ""column_5"", ""column_6"", ""column_7"", ""column_8"", ""column_9"", ""column_10"", ""column_11"", ""column_12"", ""column_13"", ""column_14"", ""column_15"", ""column_16"", ""column_17"", ""column_18"", ""column_19"", ""column_20"", ""column_21"", ""column_22"", ""column_23""]","{""column_1"": {""max"": ""2025-12-31"", ""min"": ""2016-04-05"", ""valid_rows"": ""2244""}}",[],converted,
stock_data/39GICS-Daily.xlsx,xlsx,Market Cap,csv/stock_data/39GICS-Daily__Market_Cap.csv,2307,23,"[""column_1"", ""column_2"", ""column_3"", ""column_4"", ""column_5"", ""column_6"", ""column_7"", ""column_8"", ""column_9"", ""column_10"", ""column_11"", ""column_12"", ""column_13"", ""column_14"", ""column_15"", ""column_16"", ""column_17"", ""column_18"", ""column_19"", ""column_20"", ""column_21"", ""column_22"", ""column_23""]",23,"[""column_2"", ""column_3"", ""column_4"", ""column_5"", ""column_6"", ""column_7"", ""column_8"", ""column_9"", ""column_10"", ""column_11"", ""column_12"", ""column_13"", ""column_14"", ""column_15"", ""column_16"", ""column_17"", ""column_18"", ""column_19"", ""column_20"", ""column_21"", ""column_22"", ""column_23""]","{""column_1"": {""max"": ""2025-12-31"", ""min"": ""2016-04-05"", ""valid_rows"": ""2305""}}",[],converted,
