,CLOSING PRICE & SHARE VOLUME OF ALL SECURITIES BETWEEN  01-JAN-2001 AND 11-FEB-2002,,,2001-01-18 00:00:00,HNB-D-0014,87
,,,,2001-02-06 00:00:00,HNB-D-0014,85
Date,Security ID,Closing Price,Share Volume,2001-03-06 00:00:00,HNB-D-0014,82
,,,,2001-03-08 00:00:00,HNB-D-0014,82
2001-03-21 00:00:00,ABAN-N-000,25.5,100,2001-03-29 00:00:00,HNB-D-0014,82.5
2001-03-26 00:00:00,ABAN-N-000,25.5,100,2001-04-02 00:00:00,HNB-D-0014,80.25
2001-05-11 00:00:00,ABAN-N-000,26,100,2001-04-04 00:00:00,HNB-D-0014,87
2001-05-29 00:00:00,ABAN-N-000,26,500,2001-04-09 00:00:00,HNB-D-0014,85
2001-06-06 00:00:00,ABAN-N-000,25.5,100,2001-04-10 00:00:00,HNB-D-0014,83
2001-06-25 00:00:00,ABAN-N-000,27,100,2001-05-31 00:00:00,HNB-D-0014,83
2001-06-28 00:00:00,ABAN-N-000,27,100,2001-06-11 00:00:00,HNB-D-0014,84.5
2001-07-02 00:00:00,ABAN-N-000,28,100,2001-06-28 00:00:00,HNB-D-0014,85
2001-07-04 00:00:00,ABAN-N-000,28,100,2001-07-04 00:00:00,HNB-D-0014,85
2001-07-11 00:00:00,ABAN-N-000,28,300,2001-07-06 00:00:00,HNB-D-0014,85
2001-07-13 00:00:00,ABAN-N-000,28.25,100,2001-07-13 00:00:00,HNB-D-0014,85
2001-08-01 00:00:00,ABAN-N-000,28.5,300,2001-07-20 00:00:00,HNB-D-0014,84
2001-08-15 00:00:00,ABAN-N-000,27,100,2001-08-10 00:00:00,HNB-D-0014,85
2001-09-24 00:00:00,ABAN-N-000,27,300,2001-08-16 00:00:00,HNB-D-0014,86
2001-10-19 00:00:00,ABAN-N-000,30,400,2001-08-21 00:00:00,HNB-D-0014,86
2001-10-23 00:00:00,ABAN-N-000,30,1400,2001-10-24 00:00:00,HNB-D-0014,86
2001-10-24 00:00:00,ABAN-N-000,30,100,2001-11-01 00:00:00,HNB-D-0014,87
2001-10-25 00:00:00,ABAN-N-000,30,1900,2001-11-05 00:00:00,HNB-D-0014,87.25
2001-10-29 00:00:00,ABAN-N-000,30,700,2001-11-12 00:00:00,HNB-D-0014,90
2001-10-30 00:00:00,ABAN-N-000,30,100,2001-11-13 00:00:00,HNB-D-0014,94
2001-11-05 00:00:00,ABAN-N-000,30,1000,2001-11-14 00:00:00,HNB-D-0014,95
2001-11-06 00:00:00,ABAN-N-000,30,800,2001-11-15 00:00:00,HNB-D-0014,95
2001-12-11 00:00:00,ABAN-N-000,30,300,2001-11-29 00:00:00,HNB-D-0014,93
2001-12-12 00:00:00,ABAN-N-000,30,500,2001-12-03 00:00:00,HNB-D-0014,93
2001-12-31 00:00:00,ABAN-N-000,34,100,2001-12-04 00:00:00,HNB-D-0014,93
2002-01-04 00:00:00,ABAN-N-000,34.25,100,2002-01-03 00:00:00,HNB-D-0014,94
2002-01-08 00:00:00,ABAN-N-000,34.25,100,2002-01-04 00:00:00,HNB-D-0014,94
2002-01-16 00:00:00,ABAN-N-000,29.5,1000,2002-01-07 00:00:00,HNB-D-0014,95
,,,,2002-01-09 00:00:00,HNB-D-0014,96
2001-01-02 00:00:00,ACL-N-0000,30,100,2002-01-10 00:00:00,HNB-D-0014,94
2001-01-03 00:00:00,ACL-N-0000,30,600,2002-01-15 00:00:00,HNB-D-0014,94
2001-01-05 00:00:00,ACL-N-0000,30,1300,2002-01-18 00:00:00,HNB-D-0014,94
2001-01-17 00:00:00,ACL-N-0000,30,400,2002-01-21 00:00:00,HNB-D-0014,94.5
2001-01-22 00:00:00,ACL-N-0000,28.25,300,2002-01-22 00:00:00,HNB-D-0014,94.75
2001-01-23 00:00:00,ACL-N-0000,27,200,2002-01-23 00:00:00,HNB-D-0014,94.75
2001-02-21 00:00:00,ACL-N-0000,27,100,2002-01-24 00:00:00,HNB-D-0014,94
2001-03-02 00:00:00,ACL-N-0000,30,100,2002-01-30 00:00:00,HNB-D-0014,94.25
2001-03-07 00:00:00,ACL-N-0000,26.25,200,2002-02-01 00:00:00,HNB-D-0014,96.5
2001-03-13 00:00:00,ACL-N-0000,26.25,100,2002-02-06 00:00:00,HNB-D-0014,96.5
2001-03-14 00:00:00,ACL-N-0000,25,500,2001-01-02 00:00:00,HNB-D-0015,85
2001-03-22 00:00:00,ACL-N-0000,26,900,2001-01-04 00:00:00,HNB-D-0015,83.25
2001-03-23 00:00:00,ACL-N-0000,25.5,1800,2001-01-08 00:00:00,HNB-D-0015,85
2001-03-26 00:00:00,ACL-N-0000,25.75,100,2001-01-10 00:00:00,HNB-D-0015,86
2001-03-28 00:00:00,ACL-N-0000,25,2600,2001-01-16 00:00:00,HNB-D-0015,87
2001-04-04 00:00:00,ACL-N-0000,25,100,2001-01-23 00:00:00,HNB-D-0015,84
2001-04-18 00:00:00,ACL-N-0000,24.5,1300,2001-01-31 00:00:00,HNB-D-0015,86
2001-04-25 00:00:00,ACL-N-0000,24.5,300,2001-02-27 00:00:00,HNB-D-0015,80
2001-05-02 00:00:00,ACL-N-0000,24.25,2000,2001-02-28 00:00:00,HNB-D-0015,82
2001-05-15 00:00:00,ACL-N-0000,23.75,700,2001-03-06 00:00:00,HNB-D-0015,80
2001-05-23 00:00:00,ACL-N-0000,24.25,500,2001-03-20 00:00:00,HNB-D-0015,87
2001-05-25 00:00:00,ACL-N-0000,23.25,400,2001-04-18 00:00:00,HNB-D-0015,85
2001-05-29 00:00:00,ACL-N-0000,23,200,2001-04-30 00:00:00,HNB-D-0015,83
2001-05-31 00:00:00,ACL-N-0000,23,200,2001-05-09 00:00:00,HNB-D-0015,83
2001-06-06 00:00:00,ACL-N-0000,23,100,2001-05-14 00:00:00,HNB-D-0015,83
2001-06-07 00:00:00,ACL-N-0000,23,500,2001-05-15 00:00:00,HNB-D-0015,83
2001-06-08 00:00:00,ACL-N-0000,23,100,2001-05-29 00:00:00,HNB-D-0015,83
2001-06-11 00:00:00,ACL-N-0000,23,400,2001-06-04 00:00:00,HNB-D-0015,83
2001-06-20 00:00:00,ACL-N-0000,23,1000,2001-06-08 00:00:00,HNB-D-0015,84
2001-06-21 00:00:00,ACL-N-0000,23.5,1000,2001-06-25 00:00:00,HNB-D-0015,81
2001-06-28 00:00:00,ACL-N-0000,23.25,500,2001-06-28 00:00:00,HNB-D-0015,81
2001-07-02 00:00:00,ACL-N-0000,23.5,1700,2001-07-02 00:00:00,HNB-D-0015,85
2001-07-13 00:00:00,ACL-N-0000,23.75,500,2001-07-06 00:00:00,HNB-D-0015,85
2001-07-17 00:00:00,ACL-N-0000,23.75,700,2001-07-12 00:00:00,HNB-D-0015,83
2001-07-18 00:00:00,ACL-N-0000,23.75,100,2001-07-18 00:00:00,HNB-D-0015,85
2001-07-19 00:00:00,ACL-N-0000,23.75,600,2001-07-23 00:00:00,HNB-D-0015,85
2001-07-20 00:00:00,ACL-N-0000,23.75,400,2001-07-25 00:00:00,HNB-D-0015,85
2001-07-24 00:00:00,ACL-N-0000,23,500,2001-07-26 00:00:00,HNB-D-0015,85
2001-07-26 00:00:00,ACL-N-0000,23,500,2001-08-06 00:00:00,HNB-D-0015,85
2001-07-30 00:00:00,ACL-N-0000,23,900,2001-08-08 00:00:00,HNB-D-0015,85
2001-08-02 00:00:00,ACL-N-0000,23.25,200,2001-08-10 00:00:00,HNB-D-0015,87
2001-08-23 00:00:00,ACL-N-0000,24,200,2001-08-16 00:00:00,HNB-D-0015,86
2001-08-29 00:00:00,ACL-N-0000,20,300,2001-08-21 00:00:00,HNB-D-0015,86
2001-09-03 00:00:00,ACL-N-0000,24.5,100,2001-08-22 00:00:00,HNB-D-0015,86.5
2001-09-21 00:00:00,ACL-N-0000,24.25,200,2001-08-28 00:00:00,HNB-D-0015,87
2001-10-11 00:00:00,ACL-N-0000,26,500,2001-08-31 00:00:00,HNB-D-0015,91
2001-10-15 00:00:00,ACL-N-0000,26,200,2001-10-01 00:00:00,HNB-D-0015,90
2001-10-16 00:00:00,ACL-N-0000,26.5,1000,2001-10-03 00:00:00,HNB-D-0015,90
2001-10-23 00:00:00,ACL-N-0000,26.5,2000,2001-10-04 00:00:00,HNB-D-0015,92
2001-10-26 00:00:00,ACL-N-0000,25,700,2001-10-22 00:00:00,HNB-D-0015,92
2001-10-30 00:00:00,ACL-N-0000,25.25,600,2001-10-29 00:00:00,HNB-D-0015,93
2001-11-02 00:00:00,ACL-N-0000,25.25,100,2001-10-30 00:00:00,HNB-D-0015,92.25
2001-11-05 00:00:00,ACL-N-0000,26.5,100,2001-11-05 00:00:00,HNB-D-0015,87.25
2001-11-06 00:00:00,ACL-N-0000,25,6300,2001-11-08 00:00:00,HNB-D-0015,93
2001-11-13 00:00:00,ACL-N-0000,25,100,2001-11-13 00:00:00,HNB-D-0015,93
2001-11-16 00:00:00,ACL-N-0000,26,10000,2001-12-04 00:00:00,HNB-D-0015,92
2001-11-19 00:00:00,ACL-N-0000,26.5,32300,2001-12-31 00:00:00,HNB-D-0015,92.5
2001-11-20 00:00:00,ACL-N-0000,28,10700,2002-01-02 00:00:00,HNB-D-0015,93
2001-11-21 00:00:00,ACL-N-0000,28,12200,2002-01-16 00:00:00,HNB-D-0015,94
2001-11-22 00:00:00,ACL-N-0000,34.5,55000,2002-01-17 00:00:00,HNB-D-0015,94.25
2001-11-23 00:00:00,ACL-N-0000,28.25,20100,2002-01-18 00:00:00,HNB-D-0015,94.25
2001-11-26 00:00:00,ACL-N-0000,30,4500,2002-01-30 00:00:00,HNB-D-0015,94.5
2001-11-28 00:00:00,ACL-N-0000,30,1700,2002-01-31 00:00:00,HNB-D-0015,95.5
2001-11-29 00:00:00,ACL-N-0000,32,6000,2002-02-01 00:00:00,HNB-D-0015,95.25
2001-12-03 00:00:00,ACL-N-0000,30,1100,2002-02-05 00:00:00,HNB-D-0015,96.5
2001-12-04 00:00:00,ACL-N-0000,30,9200,2002-02-07 00:00:00,HNB-D-0015,96.5
2001-12-05 00:00:00,ACL-N-0000,30,11000,2002-02-11 00:00:00,HNB-D-0015,95.25
2001-12-07 00:00:00,ACL-N-0000,39,1400,2001-01-05 00:00:00,HNB-N-0000,48
2001-12-10 00:00:00,ACL-N-0000,40,8000,2001-01-10 00:00:00,HNB-N-0000,48.75
2001-12-11 00:00:00,ACL-N-0000,38,1500,2001-01-11 00:00:00,HNB-N-0000,49
2001-12-13 00:00:00,ACL-N-0000,33,2100,2001-01-12 00:00:00,HNB-N-0000,49
2001-12-17 00:00:00,ACL-N-0000,34,4800,2001-01-16 00:00:00,HNB-N-0000,48
2001-12-18 00:00:00,ACL-N-0000,32,3200,2001-01-18 00:00:00,HNB-N-0000,48.5
2002-01-07 00:00:00,ACL-N-0000,32,200,2001-01-22 00:00:00,HNB-N-0000,48.75
2002-01-11 00:00:00,ACL-N-0000,32,200,2001-01-23 00:00:00,HNB-N-0000,48
2002-01-16 00:00:00,ACL-N-0000,30,1000,2001-01-24 00:00:00,HNB-N-0000,48
2002-01-24 00:00:00,ACL-N-0000,34,200,2001-01-25 00:00:00,HNB-N-0000,45
2002-02-08 00:00:00,ACL-N-0000,30,200,2001-01-26 00:00:00,HNB-N-0000,44.75
2002-02-11 00:00:00,ACL-N-0000,30,100,2001-01-29 00:00:00,HNB-N-0000,44
,,,,2001-01-30 00:00:00,HNB-N-0000,44
2001-01-25 00:00:00,APLA-N-000,12,100,2001-01-31 00:00:00,HNB-N-0000,44
2001-02-19 00:00:00,APLA-N-000,12,200,2001-02-01 00:00:00,HNB-N-0000,45
2001-04-04 00:00:00,APLA-N-000,10,100,2001-02-08 00:00:00,HNB-N-0000,45
2001-04-18 00:00:00,APLA-N-000,10,1600,2001-02-12 00:00:00,HNB-N-0000,44
2001-04-20 00:00:00,APLA-N-000,9.25,1400,2001-02-13 00:00:00,HNB-N-0000,45
2001-04-30 00:00:00,APLA-N-000,9.5,100,2001-02-14 00:00:00,HNB-N-0000,45
2001-05-24 00:00:00,APLA-N-000,9.5,100,2001-02-15 00:00:00,HNB-N-0000,44
2001-06-01 00:00:00,APLA-N-000,9,7500,2001-02-16 00:00:00,HNB-N-0000,44
2001-06-13 00:00:00,APLA-N-000,9.25,400,2001-02-19 00:00:00,HNB-N-0000,41.5
2001-07-09 00:00:00,APLA-N-000,9.25,100,2001-02-21 00:00:00,HNB-N-0000,42
2001-07-16 00:00:00,APLA-N-000,9.25,100,2001-02-22 00:00:00,HNB-N-0000,42
2001-07-17 00:00:00,APLA-N-000,9.25,100,2001-02-23 00:00:00,HNB-N-0000,44
2001-08-28 00:00:00,APLA-N-000,10,100,2001-02-28 00:00:00,HNB-N-0000,43
2001-09-11 00:00:00,APLA-N-000,10,500,2001-03-02 00:00:00,HNB-N-0000,43
2001-09-18 00:00:00,APLA-N-000,10.5,3600,2001-03-05 00:00:00,HNB-N-0000,43.5
2001-09-27 00:00:00,APLA-N-000,11,100,2001-03-06 00:00:00,HNB-N-0000,43.75
2001-10-08 00:00:00,APLA-N-000,11,100,2001-03-07 00:00:00,HNB-N-0000,41
2001-10-11 00:00:00,APLA-N-000,13,300,2001-03-13 00:00:00,HNB-N-0000,40.5
2001-10-16 00:00:00,APLA-N-000,13,200,2001-03-14 00:00:00,HNB-N-0000,41.5
2001-10-17 00:00:00,APLA-N-000,13,400,2001-03-15 00:00:00,HNB-N-0000,42
2001-10-18 00:00:00,APLA-N-000,13,100,2001-03-16 00:00:00,HNB-N-0000,42
2001-10-22 00:00:00,APLA-N-000,13.25,400,2001-03-20 00:00:00,HNB-N-0000,42
2001-10-24 00:00:00,APLA-N-000,13.25,1000,2001-03-21 00:00:00,HNB-N-0000,42
2001-10-26 00:00:00,APLA-N-000,13.25,800,2001-03-23 00:00:00,HNB-N-0000,41.5
2001-11-06 00:00:00,APLA-N-000,13,3000,2001-03-27 00:00:00,HNB-N-0000,39.75
2001-11-08 00:00:00,APLA-N-000,12.5,500,2001-03-28 00:00:00,HNB-N-0000,39
2001-11-09 00:00:00,APLA-N-000,13,1200,2001-03-29 00:00:00,HNB-N-0000,40
2001-11-21 00:00:00,APLA-N-000,15,200,2001-03-30 00:00:00,HNB-N-0000,40
2001-11-22 00:00:00,APLA-N-000,17.75,500,2001-04-02 00:00:00,HNB-N-0000,40.25
2001-11-23 00:00:00,APLA-N-000,16,300,2001-04-03 00:00:00,HNB-N-0000,40.25
2001-11-27 00:00:00,APLA-N-000,16,2100,2001-04-04 00:00:00,HNB-N-0000,40.25
2001-12-05 00:00:00,APLA-N-000,17,3000,2001-04-05 00:00:00,HNB-N-0000,40.75
2001-12-07 00:00:00,APLA-N-000,18,200,2001-04-06 00:00:00,HNB-N-0000,40
2001-12-10 00:00:00,APLA-N-000,20,3700,2001-04-09 00:00:00,HNB-N-0000,40
2001-12-11 00:00:00,APLA-N-000,19,1600,2001-04-10 00:00:00,HNB-N-0000,40.25
2001-12-12 00:00:00,APLA-N-000,20,3000,2001-04-16 00:00:00,HNB-N-0000,40
2001-12-13 00:00:00,APLA-N-000,20,2100,2001-04-18 00:00:00,HNB-N-0000,41
2001-12-14 00:00:00,APLA-N-000,20,500,2001-04-19 00:00:00,HNB-N-0000,41
2001-12-17 00:00:00,APLA-N-000,20,100,2001-04-20 00:00:00,HNB-N-0000,40
2001-12-20 00:00:00,APLA-N-000,20,1000,2001-04-23 00:00:00,HNB-N-0000,41
2002-01-02 00:00:00,APLA-N-000,20,1200,2001-04-24 00:00:00,HNB-N-0000,40
,,,,2001-04-26 00:00:00,HNB-N-0000,40
2001-01-04 00:00:00,ACME-N-000,5.5,100,2001-04-27 00:00:00,HNB-N-0000,40
2001-02-16 00:00:00,ACME-N-000,5,2300,2001-04-30 00:00:00,HNB-N-0000,40
2001-02-28 00:00:00,ACME-N-000,4.25,1300,2001-05-03 00:00:00,HNB-N-0000,40.5
2001-03-02 00:00:00,ACME-N-000,4.25,4000,2001-05-04 00:00:00,HNB-N-0000,38
2001-03-15 00:00:00,ACME-N-000,4.25,1000,2001-05-14 00:00:00,HNB-N-0000,39
2001-03-22 00:00:00,ACME-N-000,4.25,100,2001-05-16 00:00:00,HNB-N-0000,40
2001-03-23 00:00:00,ACME-N-000,4.25,6300,2001-05-21 00:00:00,HNB-N-0000,39
2001-03-29 00:00:00,ACME-N-000,4.25,100,2001-05-23 00:00:00,HNB-N-0000,39
2001-03-30 00:00:00,ACME-N-000,5,300,2001-05-24 00:00:00,HNB-N-0000,39
2001-04-05 00:00:00,ACME-N-000,4.5,200,2001-05-28 00:00:00,HNB-N-0000,39
2001-04-06 00:00:00,ACME-N-000,4.5,300,2001-05-29 00:00:00,HNB-N-0000,39
2001-04-27 00:00:00,ACME-N-000,4.5,400,2001-05-30 00:00:00,HNB-N-0000,39
2001-05-15 00:00:00,ACME-N-000,4.5,400,2001-05-31 00:00:00,HNB-N-0000,38.5
2001-05-16 00:00:00,ACME-N-000,5.5,900,2001-06-06 00:00:00,HNB-N-0000,38.5
2001-05-18 00:00:00,ACME-N-000,5,1000,2001-06-08 00:00:00,HNB-N-0000,38.5
2001-05-28 00:00:00,ACME-N-000,5.5,100,2001-06-11 00:00:00,HNB-N-0000,38.25
2001-05-30 00:00:00,ACME-N-000,5.75,4000,2001-06-12 00:00:00,HNB-N-0000,38.25
2001-05-31 00:00:00,ACME-N-000,5.75,800,2001-06-14 00:00:00,HNB-N-0000,38.5
2001-06-04 00:00:00,ACME-N-000,5,2100,2001-06-15 00:00:00,HNB-N-0000,38.5
2001-06-06 00:00:00,ACME-N-000,5.25,5500,2001-06-21 00:00:00,HNB-N-0000,38.5
2001-06-07 00:00:00,ACME-N-000,5.25,8000,2001-06-22 00:00:00,HNB-N-0000,38.5
2001-06-21 00:00:00,ACME-N-000,5.5,500,2001-06-25 00:00:00,HNB-N-0000,38
2001-07-11 00:00:00,ACME-N-000,5.25,1700,2001-06-26 00:00:00,HNB-N-0000,38.5
2001-07-24 00:00:00,ACME-N-000,5,2100,2001-06-27 00:00:00,HNB-N-0000,39
2001-07-30 00:00:00,ACME-N-000,5,1600,2001-07-02 00:00:00,HNB-N-0000,39
2001-08-06 00:00:00,ACME-N-000,5,2000,2001-07-04 00:00:00,HNB-N-0000,38.25
2001-08-07 00:00:00,ACME-N-000,4.75,100,2001-07-06 00:00:00,HNB-N-0000,38
2001-08-08 00:00:00,ACME-N-000,4.75,300,2001-07-09 00:00:00,HNB-N-0000,37.5
2001-08-14 00:00:00,ACME-N-000,4.75,1400,2001-07-10 00:00:00,HNB-N-0000,37
2001-08-16 00:00:00,ACME-N-000,4.5,100,2001-07-11 00:00:00,HNB-N-0000,35.5
2001-08-22 00:00:00,ACME-N-000,4.5,1200,2001-07-12 00:00:00,HNB-N-0000,36
2001-08-27 00:00:00,ACME-N-000,4.5,1300,2001-07-13 00:00:00,HNB-N-0000,36
2001-09-03 00:00:00,ACME-N-000,4.5,1200,2001-07-16 00:00:00,HNB-N-0000,36
2001-09-05 00:00:00,ACME-N-000,4.5,100,2001-07-17 00:00:00,HNB-N-0000,36
2001-09-07 00:00:00,ACME-N-000,4.5,3400,2001-07-18 00:00:00,HNB-N-0000,36
2001-09-10 00:00:00,ACME-N-000,4.5,1200,2001-07-19 00:00:00,HNB-N-0000,36
2001-09-17 00:00:00,ACME-N-000,4.5,1200,2001-07-23 00:00:00,HNB-N-0000,36
2001-09-18 00:00:00,ACME-N-000,4.75,4600,2001-07-24 00:00:00,HNB-N-0000,35.5
2001-09-19 00:00:00,ACME-N-000,5,8000,2001-07-25 00:00:00,HNB-N-0000,35.75
2001-09-20 00:00:00,ACME-N-000,6,200,2001-07-26 00:00:00,HNB-N-0000,36.5
2001-09-21 00:00:00,ACME-N-000,6,300,2001-08-01 00:00:00,HNB-N-0000,36.5
2001-09-24 00:00:00,ACME-N-000,5,1100,2001-08-02 00:00:00,HNB-N-0000,36.5
2001-09-26 00:00:00,ACME-N-000,5.25,100,2001-08-06 00:00:00,HNB-N-0000,36
2001-09-27 00:00:00,ACME-N-000,5.25,400,2001-08-07 00:00:00,HNB-N-0000,35
2001-09-28 00:00:00,ACME-N-000,6,8200,2001-08-08 00:00:00,HNB-N-0000,35
2001-10-01 00:00:00,ACME-N-000,5.25,1000,2001-08-09 00:00:00,HNB-N-0000,35
2001-10-08 00:00:00,ACME-N-000,5.5,1000,2001-08-10 00:00:00,HNB-N-0000,35
2001-10-09 00:00:00,ACME-N-000,6,15100,2001-08-13 00:00:00,HNB-N-0000,35
2001-10-11 00:00:00,ACME-N-000,7,2500,2001-08-14 00:00:00,HNB-N-0000,33
2001-10-12 00:00:00,ACME-N-000,7.5,6100,2001-08-15 00:00:00,HNB-N-0000,32
2001-10-15 00:00:00,ACME-N-000,7.5,5900,2001-08-17 00:00:00,HNB-N-0000,34
2001-10-16 00:00:00,ACME-N-000,7.5,3100,2001-08-20 00:00:00,HNB-N-0000,34
2001-10-17 00:00:00,ACME-N-000,7.5,1700,2001-08-21 00:00:00,HNB-N-0000,34
2001-10-18 00:00:00,ACME-N-000,7.5,9300,2001-08-24 00:00:00,HNB-N-0000,34
2001-10-22 00:00:00,ACME-N-000,7.5,1100,2001-08-27 00:00:00,HNB-N-0000,35
2001-11-02 00:00:00,ACME-N-000,6,2000,2001-09-03 00:00:00,HNB-N-0000,35.25
2001-11-05 00:00:00,ACME-N-000,5.75,13600,2001-09-04 00:00:00,HNB-N-0000,35
2001-11-06 00:00:00,ACME-N-000,6,1300,2001-09-06 00:00:00,HNB-N-0000,35
2001-11-07 00:00:00,ACME-N-000,6,1000,2001-09-12 00:00:00,HNB-N-0000,35
2001-11-12 00:00:00,ACME-N-000,6,900,2001-09-19 00:00:00,HNB-N-0000,32.5
2001-11-13 00:00:00,ACME-N-000,6,2600,2001-09-20 00:00:00,HNB-N-0000,32
2001-11-14 00:00:00,ACME-N-000,6,2000,2001-09-21 00:00:00,HNB-N-0000,32.5
2001-11-15 00:00:00,ACME-N-000,7,13800,2001-09-25 00:00:00,HNB-N-0000,32.5
2001-11-16 00:00:00,ACME-N-000,7.5,17100,2001-09-27 00:00:00,HNB-N-0000,32.5
2001-11-19 00:00:00,ACME-N-000,6.75,1900,2001-09-28 00:00:00,HNB-N-0000,33
2001-11-20 00:00:00,ACME-N-000,6.75,700,2001-10-08 00:00:00,HNB-N-0000,33
2001-11-21 00:00:00,ACME-N-000,7.5,5000,2001-10-09 00:00:00,HNB-N-0000,35
2001-11-22 00:00:00,ACME-N-000,9,3900,2001-10-10 00:00:00,HNB-N-0000,38.75
2001-11-23 00:00:00,ACME-N-000,7.75,7500,2001-10-11 00:00:00,HNB-N-0000,42
2001-11-26 00:00:00,ACME-N-000,8.25,7400,2001-10-12 00:00:00,HNB-N-0000,41
2001-11-27 00:00:00,ACME-N-000,8.25,700,2001-10-15 00:00:00,HNB-N-0000,41
2001-11-28 00:00:00,ACME-N-000,8.5,5000,2001-10-16 00:00:00,HNB-N-0000,39
2001-11-29 00:00:00,ACME-N-000,8.25,8200,2001-10-17 00:00:00,HNB-N-0000,39.75
2001-12-03 00:00:00,ACME-N-000,8.25,800,2001-10-18 00:00:00,HNB-N-0000,40
2001-12-05 00:00:00,ACME-N-000,7.75,2500,2001-10-19 00:00:00,HNB-N-0000,40
2001-12-07 00:00:00,ACME-N-000,9,6800,2001-10-22 00:00:00,HNB-N-0000,40
2001-12-10 00:00:00,ACME-N-000,9.25,15600,2001-10-23 00:00:00,HNB-N-0000,41.25
2001-12-11 00:00:00,ACME-N-000,9.25,3600,2001-10-24 00:00:00,HNB-N-0000,42
2001-12-12 00:00:00,ACME-N-000,8.25,200,2001-10-25 00:00:00,HNB-N-0000,42.25
2001-12-13 00:00:00,ACME-N-000,8.25,2800,2001-10-26 00:00:00,HNB-N-0000,42
2001-12-21 00:00:00,ACME-N-000,7,22500,2001-10-29 00:00:00,HNB-N-0000,41.5
2001-12-31 00:00:00,ACME-N-000,7,800,2001-10-30 00:00:00,HNB-N-0000,41
2002-01-03 00:00:00,ACME-N-000,7,500,2001-11-01 00:00:00,HNB-N-0000,40.5
2002-01-04 00:00:00,ACME-N-000,7,1000,2001-11-02 00:00:00,HNB-N-0000,39.25
2002-01-07 00:00:00,ACME-N-000,7,800,2001-11-05 00:00:00,HNB-N-0000,39.5
,,,,2001-11-06 00:00:00,HNB-N-0000,39
2001-01-02 00:00:00,AGAL-N-000,6.75,2100,2001-11-07 00:00:00,HNB-N-0000,39
2001-01-10 00:00:00,AGAL-N-000,6.75,500,2001-11-08 00:00:00,HNB-N-0000,39.5
2001-01-12 00:00:00,AGAL-N-000,6.75,4700,2001-11-09 00:00:00,HNB-N-0000,42
2001-01-16 00:00:00,AGAL-N-000,6.5,200,2001-11-12 00:00:00,HNB-N-0000,40
2001-01-17 00:00:00,AGAL-N-000,6.5,300,2001-11-13 00:00:00,HNB-N-0000,39.75
2001-01-18 00:00:00,AGAL-N-000,6.25,200,2001-11-14 00:00:00,HNB-N-0000,40
2001-01-19 00:00:00,AGAL-N-000,6.25,2800,2001-11-15 00:00:00,HNB-N-0000,40
2001-01-23 00:00:00,AGAL-N-000,6.25,700,2001-11-16 00:00:00,HNB-N-0000,42
2001-01-24 00:00:00,AGAL-N-000,6.5,4500,2001-11-19 00:00:00,HNB-N-0000,43
2001-01-25 00:00:00,AGAL-N-000,6.5,2300,2001-11-20 00:00:00,HNB-N-0000,43.5
2001-01-30 00:00:00,AGAL-N-000,6.25,500,2001-11-21 00:00:00,HNB-N-0000,43
2001-01-31 00:00:00,AGAL-N-000,6,200,2001-11-22 00:00:00,HNB-N-0000,42
2001-02-08 00:00:00,AGAL-N-000,6,2100,2001-11-23 00:00:00,HNB-N-0000,43
2001-02-15 00:00:00,AGAL-N-000,6.25,2400,2001-11-26 00:00:00,HNB-N-0000,42.5
2001-02-20 00:00:00,AGAL-N-000,6,100,2001-11-27 00:00:00,HNB-N-0000,42.5
2001-03-02 00:00:00,AGAL-N-000,6.25,1000,2001-11-28 00:00:00,HNB-N-0000,42.5
2001-03-06 00:00:00,AGAL-N-000,6.5,1100,2001-11-29 00:00:00,HNB-N-0000,43
2001-03-08 00:00:00,AGAL-N-000,6.5,2000,2001-12-03 00:00:00,HNB-N-0000,41.75
2001-03-12 00:00:00,AGAL-N-000,6.25,22600,2001-12-04 00:00:00,HNB-N-0000,42
2001-03-13 00:00:00,AGAL-N-000,6,500,2001-12-05 00:00:00,HNB-N-0000,41.75
2001-03-14 00:00:00,AGAL-N-000,6,19500,2001-12-07 00:00:00,HNB-N-0000,57.25
2001-03-16 00:00:00,AGAL-N-000,6.5,1700,2001-12-10 00:00:00,HNB-N-0000,63
2001-03-19 00:00:00,AGAL-N-000,6.75,15300,2001-12-11 00:00:00,HNB-N-0000,60
2001-03-20 00:00:00,AGAL-N-000,6.5,20400,2001-12-12 00:00:00,HNB-N-0000,56.5
2001-03-21 00:00:00,AGAL-N-000,6.5,6200,2001-12-13 00:00:00,HNB-N-0000,51.5
2001-03-22 00:00:00,AGAL-N-000,6.5,15900,2001-12-14 00:00:00,HNB-N-0000,53.5
2001-03-23 00:00:00,AGAL-N-000,6.25,25200,2001-12-17 00:00:00,HNB-N-0000,53.75
2001-03-26 00:00:00,AGAL-N-000,6.25,3000,2001-12-18 00:00:00,HNB-N-0000,50
2001-03-27 00:00:00,AGAL-N-000,6,3000,2001-12-19 00:00:00,HNB-N-0000,48
2001-03-30 00:00:00,AGAL-N-000,6,1800,2001-12-20 00:00:00,HNB-N-0000,49
2001-04-03 00:00:00,AGAL-N-000,6,20100,2001-12-21 00:00:00,HNB-N-0000,49.5
2001-04-04 00:00:00,AGAL-N-000,6,14700,2001-12-27 00:00:00,HNB-N-0000,50
2001-04-05 00:00:00,AGAL-N-000,6.25,2100,2001-12-28 00:00:00,HNB-N-0000,51
2001-04-06 00:00:00,AGAL-N-000,6.5,3500,2001-12-31 00:00:00,HNB-N-0000,52
2001-04-10 00:00:00,AGAL-N-000,6,100,2002-01-02 00:00:00,HNB-N-0000,50.5
2001-04-17 00:00:00,AGAL-N-000,6.25,100,2002-01-03 00:00:00,HNB-N-0000,50
2001-04-18 00:00:00,AGAL-N-000,6.25,400,2002-01-04 00:00:00,HNB-N-0000,52
2001-04-19 00:00:00,AGAL-N-000,6.5,1000,2002-01-07 00:00:00,HNB-N-0000,50
2001-04-20 00:00:00,AGAL-N-000,6.25,30000,2002-01-08 00:00:00,HNB-N-0000,49
2001-04-24 00:00:00,AGAL-N-000,6.25,5000,2002-01-09 00:00:00,HNB-N-0000,48.25
2001-04-25 00:00:00,AGAL-N-000,6.25,500,2002-01-10 00:00:00,HNB-N-0000,48.5
2001-04-26 00:00:00,AGAL-N-000,6.25,5000,2002-01-15 00:00:00,HNB-N-0000,47
2001-04-27 00:00:00,AGAL-N-000,5.75,1100,2002-01-16 00:00:00,HNB-N-0000,46
2001-04-30 00:00:00,AGAL-N-000,5.5,1000,2002-01-17 00:00:00,HNB-N-0000,44
2001-05-02 00:00:00,AGAL-N-000,5.5,100,2002-01-18 00:00:00,HNB-N-0000,46
2001-05-04 00:00:00,AGAL-N-000,5.25,900,2002-01-21 00:00:00,HNB-N-0000,46
2001-05-10 00:00:00,AGAL-N-000,5.25,5000,2002-01-22 00:00:00,HNB-N-0000,44
2001-05-11 00:00:00,AGAL-N-000,5.25,300,2002-01-23 00:00:00,HNB-N-0000,44
2001-05-15 00:00:00,AGAL-N-000,5.25,20300,2002-01-24 00:00:00,HNB-N-0000,45
2001-05-17 00:00:00,AGAL-N-000,5.5,8700,2002-01-25 00:00:00,HNB-N-0000,45.25
2001-05-18 00:00:00,AGAL-N-000,5.5,16100,2002-01-31 00:00:00,HNB-N-0000,44
2001-05-28 00:00:00,AGAL-N-000,5.5,3500,2002-02-01 00:00:00,HNB-N-0000,43
2001-05-29 00:00:00,AGAL-N-000,5.5,1500,2002-02-05 00:00:00,HNB-N-0000,43
2001-05-31 00:00:00,AGAL-N-000,5.5,2000,2002-02-06 00:00:00,HNB-N-0000,42
2001-06-04 00:00:00,AGAL-N-000,5.5,3300,2002-02-07 00:00:00,HNB-N-0000,42
2001-06-06 00:00:00,AGAL-N-000,5.5,1000,2002-02-08 00:00:00,HNB-N-0000,42
2001-06-07 00:00:00,AGAL-N-000,5.5,2000,2002-02-11 00:00:00,HNB-N-0000,42.25
2001-06-08 00:00:00,AGAL-N-000,5.25,1000,2001-01-02 00:00:00,HNB-X-0000,36.25
2001-06-12 00:00:00,AGAL-N-000,5.25,3200,2001-01-03 00:00:00,HNB-X-0000,36.75
2001-06-13 00:00:00,AGAL-N-000,5.25,800,2001-01-05 00:00:00,HNB-X-0000,36.75
2001-06-15 00:00:00,AGAL-N-000,5.25,800,2001-01-10 00:00:00,HNB-X-0000,35.5
2001-06-18 00:00:00,AGAL-N-000,5.25,2000,2001-01-11 00:00:00,HNB-X-0000,36.5
2001-06-19 00:00:00,AGAL-N-000,5.25,1100,2001-01-12 00:00:00,HNB-X-0000,37
2001-06-20 00:00:00,AGAL-N-000,5.5,3500,2001-01-16 00:00:00,HNB-X-0000,37
2001-06-21 00:00:00,AGAL-N-000,5.75,24300,2001-01-19 00:00:00,HNB-X-0000,37.25
2001-06-22 00:00:00,AGAL-N-000,6,25500,2001-01-23 00:00:00,HNB-X-0000,38
2001-06-25 00:00:00,AGAL-N-000,6,5000,2001-01-25 00:00:00,HNB-X-0000,37.5
2001-06-26 00:00:00,AGAL-N-000,5.75,1000,2001-01-26 00:00:00,HNB-X-0000,37
2001-06-27 00:00:00,AGAL-N-000,5.75,1000,2001-01-31 00:00:00,HNB-X-0000,35.25
2001-06-28 00:00:00,AGAL-N-000,5.5,15100,2001-02-02 00:00:00,HNB-X-0000,35.25
2001-06-29 00:00:00,AGAL-N-000,5.75,900,2001-02-12 00:00:00,HNB-X-0000,35.25
2001-07-02 00:00:00,AGAL-N-000,5.5,11400,2001-02-13 00:00:00,HNB-X-0000,35.25
2001-07-04 00:00:00,AGAL-N-000,5.5,1000,2001-02-15 00:00:00,HNB-X-0000,35.25
2001-07-06 00:00:00,AGAL-N-000,5.5,900,2001-02-16 00:00:00,HNB-X-0000,35.25
2001-07-10 00:00:00,AGAL-N-000,5.75,1000,2001-02-19 00:00:00,HNB-X-0000,35.25
2001-07-12 00:00:00,AGAL-N-000,5.5,1000,2001-02-20 00:00:00,HNB-X-0000,35.25
2001-07-13 00:00:00,AGAL-N-000,5.5,2000,2001-02-21 00:00:00,HNB-X-0000,35.25
2001-07-17 00:00:00,AGAL-N-000,5.5,1000,2001-02-22 00:00:00,HNB-X-0000,35.25
2001-07-23 00:00:00,AGAL-N-000,5.5,2000,2001-02-23 00:00:00,HNB-X-0000,35.75
2001-07-24 00:00:00,AGAL-N-000,5.75,1000,2001-02-26 00:00:00,HNB-X-0000,35.75
2001-07-26 00:00:00,AGAL-N-000,5.75,100,2001-02-27 00:00:00,HNB-X-0000,35.75
2001-07-31 00:00:00,AGAL-N-000,5.25,900,2001-02-28 00:00:00,HNB-X-0000,35.75
2001-08-02 00:00:00,AGAL-N-000,5.75,1000,2001-03-01 00:00:00,HNB-X-0000,35.75
2001-08-06 00:00:00,AGAL-N-000,5.5,1000,2001-03-02 00:00:00,HNB-X-0000,35.75
2001-08-07 00:00:00,AGAL-N-000,5.25,1100,2001-03-06 00:00:00,HNB-X-0000,35.75
2001-08-08 00:00:00,AGAL-N-000,5.5,10000,2001-03-07 00:00:00,HNB-X-0000,35.25
2001-08-09 00:00:00,AGAL-N-000,5.5,200,2001-03-12 00:00:00,HNB-X-0000,35.25
2001-08-10 00:00:00,AGAL-N-000,5.25,5000,2001-03-13 00:00:00,HNB-X-0000,35.25
2001-08-14 00:00:00,AGAL-N-000,5,8700,2001-03-19 00:00:00,HNB-X-0000,35.25
2001-08-15 00:00:00,AGAL-N-000,4.75,7100,2001-03-20 00:00:00,HNB-X-0000,35.25
2001-08-16 00:00:00,AGAL-N-000,4.75,100,2001-03-21 00:00:00,HNB-X-0000,35.25
2001-08-21 00:00:00,AGAL-N-000,5.25,4600,2001-03-23 00:00:00,HNB-X-0000,35.25
2001-08-22 00:00:00,AGAL-N-000,5,5000,2001-03-26 00:00:00,HNB-X-0000,35
2001-08-23 00:00:00,AGAL-N-000,5,1000,2001-03-29 00:00:00,HNB-X-0000,34
2001-08-27 00:00:00,AGAL-N-000,5,3300,2001-04-02 00:00:00,HNB-X-0000,34
2001-08-29 00:00:00,AGAL-N-000,5.25,5000,2001-04-03 00:00:00,HNB-X-0000,33
2001-08-30 00:00:00,AGAL-N-000,4.75,3700,2001-04-04 00:00:00,HNB-X-0000,34
2001-08-31 00:00:00,AGAL-N-000,5,2000,2001-04-09 00:00:00,HNB-X-0000,32.5
2001-09-04 00:00:00,AGAL-N-000,5,100,2001-04-10 00:00:00,HNB-X-0000,32.5
2001-09-05 00:00:00,AGAL-N-000,4.75,4200,2001-04-11 00:00:00,HNB-X-0000,32
2001-09-12 00:00:00,AGAL-N-000,4.75,100,2001-04-17 00:00:00,HNB-X-0000,32
2001-09-13 00:00:00,AGAL-N-000,5,500,2001-04-18 00:00:00,HNB-X-0000,30
2001-09-14 00:00:00,AGAL-N-000,5,500,2001-04-20 00:00:00,HNB-X-0000,29.75
2001-09-18 00:00:00,AGAL-N-000,5,100,2001-04-23 00:00:00,HNB-X-0000,30
2001-09-20 00:00:00,AGAL-N-000,5,6000,2001-04-25 00:00:00,HNB-X-0000,29.5
2001-09-21 00:00:00,AGAL-N-000,4.75,1000,2001-04-26 00:00:00,HNB-X-0000,29.5
2001-09-26 00:00:00,AGAL-N-000,4.75,1500,2001-04-27 00:00:00,HNB-X-0000,29.5
2001-10-03 00:00:00,AGAL-N-000,4.75,100,2001-04-30 00:00:00,HNB-X-0000,29.25
2001-10-05 00:00:00,AGAL-N-000,5,1000,2001-05-10 00:00:00,HNB-X-0000,29
2001-10-08 00:00:00,AGAL-N-000,5,900,2001-05-11 00:00:00,HNB-X-0000,29
2001-10-09 00:00:00,AGAL-N-000,5,10300,2001-05-14 00:00:00,HNB-X-0000,28.5
2001-10-10 00:00:00,AGAL-N-000,5.5,1000,2001-05-15 00:00:00,HNB-X-0000,28.5
2001-10-11 00:00:00,AGAL-N-000,5.5,1900,2001-05-17 00:00:00,HNB-X-0000,28
2001-10-12 00:00:00,AGAL-N-000,5.5,5000,2001-05-18 00:00:00,HNB-X-0000,28.25
2001-10-15 00:00:00,AGAL-N-000,5.5,7000,2001-05-22 00:00:00,HNB-X-0000,28
2001-10-16 00:00:00,AGAL-N-000,5,8100,2001-05-23 00:00:00,HNB-X-0000,27.5
2001-10-17 00:00:00,AGAL-N-000,5.5,2000,2001-05-24 00:00:00,HNB-X-0000,28
2001-10-18 00:00:00,AGAL-N-000,5.5,3600,2001-05-28 00:00:00,HNB-X-0000,28
2001-10-19 00:00:00,AGAL-N-000,5.5,300,2001-05-29 00:00:00,HNB-X-0000,27
2001-10-22 00:00:00,AGAL-N-000,5.5,11000,2001-05-30 00:00:00,HNB-X-0000,27.5
2001-10-23 00:00:00,AGAL-N-000,6,11000,2001-05-31 00:00:00,HNB-X-0000,27.5
2001-10-24 00:00:00,AGAL-N-000,6,8600,2001-06-01 00:00:00,HNB-X-0000,27.5
2001-10-25 00:00:00,AGAL-N-000,6,1200,2001-06-04 00:00:00,HNB-X-0000,27.5
2001-10-26 00:00:00,AGAL-N-000,5.75,5000,2001-06-06 00:00:00,HNB-X-0000,27
2001-10-30 00:00:00,AGAL-N-000,5.5,2000,2001-06-11 00:00:00,HNB-X-0000,26
2001-11-02 00:00:00,AGAL-N-000,5.25,9200,2001-06-12 00:00:00,HNB-X-0000,26.5
2001-11-06 00:00:00,AGAL-N-000,5.25,1600,2001-06-13 00:00:00,HNB-X-0000,26.5
2001-11-07 00:00:00,AGAL-N-000,5.25,3800,2001-06-15 00:00:00,HNB-X-0000,26.5
2001-11-08 00:00:00,AGAL-N-000,5.25,1600,2001-06-18 00:00:00,HNB-X-0000,26.5
2001-11-12 00:00:00,AGAL-N-000,5.5,2100,2001-06-19 00:00:00,HNB-X-0000,26.5
2001-11-14 00:00:00,AGAL-N-000,6.25,8500,2001-06-20 00:00:00,HNB-X-0000,26
2001-11-16 00:00:00,AGAL-N-000,6.5,15500,2001-06-21 00:00:00,HNB-X-0000,26.5
2001-11-19 00:00:00,AGAL-N-000,6.75,5400,2001-06-25 00:00:00,HNB-X-0000,28
2001-11-20 00:00:00,AGAL-N-000,6.5,31600,2001-06-27 00:00:00,HNB-X-0000,26.5
2001-11-21 00:00:00,AGAL-N-000,6.75,3500,2001-06-28 00:00:00,HNB-X-0000,26.25
2001-11-22 00:00:00,AGAL-N-000,8,1659700,2001-07-02 00:00:00,HNB-X-0000,26.5
2001-11-23 00:00:00,AGAL-N-000,8,46700,2001-07-03 00:00:00,HNB-X-0000,26.75
2001-11-26 00:00:00,AGAL-N-000,7.5,6400,2001-07-04 00:00:00,HNB-X-0000,28
2001-11-27 00:00:00,AGAL-N-000,7.25,5300,2001-07-06 00:00:00,HNB-X-0000,26.75
2001-11-28 00:00:00,AGAL-N-000,8,39500,2001-07-09 00:00:00,HNB-X-0000,27
2001-11-29 00:00:00,AGAL-N-000,7.75,47400,2001-07-10 00:00:00,HNB-X-0000,26.5
2001-12-03 00:00:00,AGAL-N-000,7.5,9100,2001-07-11 00:00:00,HNB-X-0000,26.5
2001-12-04 00:00:00,AGAL-N-000,7.25,4000,2001-07-12 00:00:00,HNB-X-0000,26
2001-12-05 00:00:00,AGAL-N-000,7.5,14000,2001-07-17 00:00:00,HNB-X-0000,26
2001-12-07 00:00:00,AGAL-N-000,10,1755300,2001-07-18 00:00:00,HNB-X-0000,26
2001-12-10 00:00:00,AGAL-N-000,10,639000,2001-07-23 00:00:00,HNB-X-0000,26
2001-12-11 00:00:00,AGAL-N-000,9.75,248800,2001-07-24 00:00:00,HNB-X-0000,26
2001-12-12 00:00:00,AGAL-N-000,9.25,56900,2001-07-30 00:00:00,HNB-X-0000,27.5
2001-12-13 00:00:00,AGAL-N-000,8.25,54700,2001-07-31 00:00:00,HNB-X-0000,26
2001-12-14 00:00:00,AGAL-N-000,8.5,32600,2001-08-02 00:00:00,HNB-X-0000,26
2001-12-17 00:00:00,AGAL-N-000,9.25,92500,2001-08-06 00:00:00,HNB-X-0000,26
2001-12-18 00:00:00,AGAL-N-000,8.5,6500,2001-08-07 00:00:00,HNB-X-0000,25.5
2001-12-19 00:00:00,AGAL-N-000,7.75,26900,2001-08-08 00:00:00,HNB-X-0000,24
2001-12-20 00:00:00,AGAL-N-000,8.75,7400,2001-08-09 00:00:00,HNB-X-0000,25
2001-12-28 00:00:00,AGAL-N-000,8.5,4500,2001-08-10 00:00:00,HNB-X-0000,25
2001-12-31 00:00:00,AGAL-N-000,8,24300,2001-08-13 00:00:00,HNB-X-0000,25
2002-01-02 00:00:00,AGAL-N-000,7.75,34000,2001-08-14 00:00:00,HNB-X-0000,24.75
2002-01-03 00:00:00,AGAL-N-000,7.75,1500,2001-08-15 00:00:00,HNB-X-0000,24
2002-01-04 00:00:00,AGAL-N-000,8,57500,2001-08-16 00:00:00,HNB-X-0000,24.25
2002-01-07 00:00:00,AGAL-N-000,9,98700,2001-08-17 00:00:00,HNB-X-0000,24
2002-01-09 00:00:00,AGAL-N-000,8.5,36100,2001-08-21 00:00:00,HNB-X-0000,25
2002-01-10 00:00:00,AGAL-N-000,8.5,200,2001-08-24 00:00:00,HNB-X-0000,24
2002-01-11 00:00:00,AGAL-N-000,8.75,500,2001-08-27 00:00:00,HNB-X-0000,24.25
2002-01-15 00:00:00,AGAL-N-000,7.75,10000,2001-08-28 00:00:00,HNB-X-0000,24.25
2002-01-16 00:00:00,AGAL-N-000,7.25,200,2001-08-29 00:00:00,HNB-X-0000,25
2002-01-17 00:00:00,AGAL-N-000,7.25,12800,2001-08-30 00:00:00,HNB-X-0000,25
2002-01-18 00:00:00,AGAL-N-000,8,5500,2001-08-31 00:00:00,HNB-X-0000,24
2002-01-21 00:00:00,AGAL-N-000,8.5,51200,2001-09-03 00:00:00,HNB-X-0000,24
2002-01-22 00:00:00,AGAL-N-000,7.75,2000,2001-09-04 00:00:00,HNB-X-0000,24
2002-01-23 00:00:00,AGAL-N-000,8.25,15000,2001-09-05 00:00:00,HNB-X-0000,24
2002-01-24 00:00:00,AGAL-N-000,8.25,34000,2001-09-06 00:00:00,HNB-X-0000,24
2002-01-25 00:00:00,AGAL-N-000,8.25,15500,2001-09-12 00:00:00,HNB-X-0000,24.5
2002-01-30 00:00:00,AGAL-N-000,8.25,500,2001-09-18 00:00:00,HNB-X-0000,24.5
2002-01-31 00:00:00,AGAL-N-000,8,200,2001-09-19 00:00:00,HNB-X-0000,24.25
2002-02-01 00:00:00,AGAL-N-000,7.75,7900,2001-09-21 00:00:00,HNB-X-0000,24.25
2002-02-05 00:00:00,AGAL-N-000,8,1500,2001-09-25 00:00:00,HNB-X-0000,24.25
2002-02-06 00:00:00,AGAL-N-000,7.75,5500,2001-09-27 00:00:00,HNB-X-0000,24.25
2002-02-11 00:00:00,AGAL-N-000,8,1000,2001-09-28 00:00:00,HNB-X-0000,24.5
,,,,2001-10-04 00:00:00,HNB-X-0000,24.5
2001-01-08 00:00:00,SPEN-N-000,85.25,9800,2001-10-08 00:00:00,HNB-X-0000,24
2001-01-17 00:00:00,SPEN-N-000,85.5,100,2001-10-09 00:00:00,HNB-X-0000,24.5
2001-02-02 00:00:00,SPEN-N-000,86,48000,2001-10-10 00:00:00,HNB-X-0000,25
2001-02-09 00:00:00,SPEN-N-000,85.5,100,2001-10-11 00:00:00,HNB-X-0000,27.5
2001-02-21 00:00:00,SPEN-N-000,85.5,100,2001-10-12 00:00:00,HNB-X-0000,28.25
2001-03-05 00:00:00,SPEN-N-000,80,52900,2001-10-15 00:00:00,HNB-X-0000,27.25
2001-03-07 00:00:00,SPEN-N-000,80,101900,2001-10-16 00:00:00,HNB-X-0000,26
2001-03-08 00:00:00,SPEN-N-000,80,44900,2001-10-17 00:00:00,HNB-X-0000,26
2001-03-14 00:00:00,SPEN-N-000,78,35500,2001-10-18 00:00:00,HNB-X-0000,26.25
2001-03-16 00:00:00,SPEN-N-000,78.5,300,2001-10-19 00:00:00,HNB-X-0000,28.25
2001-03-19 00:00:00,SPEN-N-000,78,2500,2001-10-22 00:00:00,HNB-X-0000,29.25
2001-03-21 00:00:00,SPEN-N-000,78.25,43600,2001-10-23 00:00:00,HNB-X-0000,30
2001-03-23 00:00:00,SPEN-N-000,78.25,8000,2001-10-24 00:00:00,HNB-X-0000,28.5
2001-04-02 00:00:00,SPEN-N-000,78,300,2001-10-25 00:00:00,HNB-X-0000,28
2001-04-04 00:00:00,SPEN-N-000,78,34800,2001-10-26 00:00:00,HNB-X-0000,28
2001-04-06 00:00:00,SPEN-N-000,78.25,100,2001-10-29 00:00:00,HNB-X-0000,29
2001-04-11 00:00:00,SPEN-N-000,78,700,2001-10-30 00:00:00,HNB-X-0000,29
2001-04-17 00:00:00,SPEN-N-000,78,2000,2001-11-01 00:00:00,HNB-X-0000,28
2001-04-19 00:00:00,SPEN-N-000,78,300,2001-11-02 00:00:00,HNB-X-0000,27.5
2001-04-24 00:00:00,SPEN-N-000,78,400,2001-11-05 00:00:00,HNB-X-0000,28
2001-05-02 00:00:00,SPEN-N-000,78,100,2001-11-06 00:00:00,HNB-X-0000,27.5
2001-05-10 00:00:00,SPEN-N-000,78.5,100,2001-11-07 00:00:00,HNB-X-0000,27.5
2001-05-14 00:00:00,SPEN-N-000,78,27900,2001-11-08 00:00:00,HNB-X-0000,28.5
2001-05-21 00:00:00,SPEN-N-000,78,100,2001-11-09 00:00:00,HNB-X-0000,30
2001-05-31 00:00:00,SPEN-N-000,78,66800,2001-11-12 00:00:00,HNB-X-0000,28
2001-06-01 00:00:00,SPEN-N-000,78,44600,2001-11-13 00:00:00,HNB-X-0000,28
2001-06-04 00:00:00,SPEN-N-000,78,400,2001-11-14 00:00:00,HNB-X-0000,29
2001-06-06 00:00:00,SPEN-N-000,78,100,2001-11-15 00:00:00,HNB-X-0000,29
2001-06-08 00:00:00,SPEN-N-000,78,200,2001-11-16 00:00:00,HNB-X-0000,30
2001-06-19 00:00:00,SPEN-N-000,78,7200,2001-11-19 00:00:00,HNB-X-0000,30
2001-06-25 00:00:00,SPEN-N-000,78.25,200,2001-11-20 00:00:00,HNB-X-0000,30
2001-06-29 00:00:00,SPEN-N-000,80,3400,2001-11-21 00:00:00,HNB-X-0000,30
2001-07-02 00:00:00,SPEN-N-000,80,4700,2001-11-26 00:00:00,HNB-X-0000,30
2001-07-23 00:00:00,SPEN-N-000,80,1100,2001-11-27 00:00:00,HNB-X-0000,29.75
2001-08-09 00:00:00,SPEN-N-000,79,100,2001-11-28 00:00:00,HNB-X-0000,31
2001-08-13 00:00:00,SPEN-N-000,79,2000,2001-11-29 00:00:00,HNB-X-0000,31.25
2001-08-17 00:00:00,SPEN-N-000,79,91300,2001-12-03 00:00:00,HNB-X-0000,31.25
2001-09-11 00:00:00,SPEN-N-000,80,17900,2001-12-04 00:00:00,HNB-X-0000,31.25
2001-09-17 00:00:00,SPEN-N-000,80,59700,2001-12-05 00:00:00,HNB-X-0000,31.25
2001-09-20 00:00:00,SPEN-N-000,80,100,2001-12-07 00:00:00,HNB-X-0000,37.5
2001-09-21 00:00:00,SPEN-N-000,80,2000,2001-12-10 00:00:00,HNB-X-0000,40
2001-09-25 00:00:00,SPEN-N-000,80,100,2001-12-11 00:00:00,HNB-X-0000,40
2001-09-26 00:00:00,SPEN-N-000,82.5,1000,2001-12-12 00:00:00,HNB-X-0000,38
2001-10-11 00:00:00,SPEN-N-000,82.5,32600,2001-12-13 00:00:00,HNB-X-0000,35
2001-10-12 00:00:00,SPEN-N-000,88,10000,2001-12-14 00:00:00,HNB-X-0000,37
2001-10-16 00:00:00,SPEN-N-000,85,197500,2001-12-17 00:00:00,HNB-X-0000,36
2001-10-17 00:00:00,SPEN-N-000,88,200,2001-12-18 00:00:00,HNB-X-0000,35
2001-10-22 00:00:00,SPEN-N-000,89,600,2001-12-19 00:00:00,HNB-X-0000,34
2001-10-23 00:00:00,SPEN-N-000,94,10000,2001-12-20 00:00:00,HNB-X-0000,32
2001-10-24 00:00:00,SPEN-N-000,95,10000,2001-12-21 00:00:00,HNB-X-0000,33.75
2001-10-25 00:00:00,SPEN-N-000,95,100,2001-12-27 00:00:00,HNB-X-0000,34.75
2001-10-26 00:00:00,SPEN-N-000,100,2700,2001-12-28 00:00:00,HNB-X-0000,34.75
2001-11-01 00:00:00,SPEN-N-000,93,25200,2001-12-31 00:00:00,HNB-X-0000,36
2001-11-02 00:00:00,SPEN-N-000,91.75,178500,2002-01-02 00:00:00,HNB-X-0000,34.25
2001-11-05 00:00:00,SPEN-N-000,91.5,100,2002-01-03 00:00:00,HNB-X-0000,35
2001-11-07 00:00:00,SPEN-N-000,90.25,100,2002-01-04 00:00:00,HNB-X-0000,34.25
2001-11-12 00:00:00,SPEN-N-000,90.25,300,2002-01-07 00:00:00,HNB-X-0000,34
2001-11-15 00:00:00,SPEN-N-000,92,15700,2002-01-08 00:00:00,HNB-X-0000,34
2001-11-16 00:00:00,SPEN-N-000,90,7500,2002-01-09 00:00:00,HNB-X-0000,34
2001-11-19 00:00:00,SPEN-N-000,92,700,2002-01-10 00:00:00,HNB-X-0000,34
2001-11-20 00:00:00,SPEN-N-000,92,600,2002-01-11 00:00:00,HNB-X-0000,33
2001-11-21 00:00:00,SPEN-N-000,92.25,500,2002-01-15 00:00:00,HNB-X-0000,32
2001-11-26 00:00:00,SPEN-N-000,95,20000,2002-01-16 00:00:00,HNB-X-0000,30
2001-11-29 00:00:00,SPEN-N-000,95,300,2002-01-17 00:00:00,HNB-X-0000,29
2001-12-03 00:00:00,SPEN-N-000,93,800,2002-01-18 00:00:00,HNB-X-0000,28.5
2001-12-04 00:00:00,SPEN-N-000,92,10200,2002-01-21 00:00:00,HNB-X-0000,30
2001-12-05 00:00:00,SPEN-N-000,92,200,2002-01-22 00:00:00,HNB-X-0000,31
2001-12-07 00:00:00,SPEN-N-000,110,6500,2002-01-23 00:00:00,HNB-X-0000,30
2001-12-10 00:00:00,SPEN-N-000,120,800,2002-01-24 00:00:00,HNB-X-0000,30
2001-12-11 00:00:00,SPEN-N-000,115,3000,2002-01-25 00:00:00,HNB-X-0000,30
2001-12-12 00:00:00,SPEN-N-000,110,8400,2002-01-30 00:00:00,HNB-X-0000,29.5
2001-12-13 00:00:00,SPEN-N-000,105,100,2002-01-31 00:00:00,HNB-X-0000,28.75
2001-12-14 00:00:00,SPEN-N-000,110,400,2002-02-05 00:00:00,HNB-X-0000,28.75
2001-12-19 00:00:00,SPEN-N-000,105,1000,2002-02-06 00:00:00,HNB-X-0000,28.75
2001-12-28 00:00:00,SPEN-N-000,105,20000,2002-02-07 00:00:00,HNB-X-0000,28.75
2001-12-31 00:00:00,SPEN-N-000,105,100,2002-02-08 00:00:00,HNB-X-0000,28.75
2002-01-02 00:00:00,SPEN-N-000,105,200,2002-02-11 00:00:00,HNB-X-0000,28.5
2002-01-11 00:00:00,SPEN-N-000,90,1000000,,,
2002-01-15 00:00:00,SPEN-N-000,90,3800,,,
2002-01-16 00:00:00,SPEN-N-000,90,100,,,
2002-01-21 00:00:00,SPEN-N-000,90,100,,,
2002-01-22 00:00:00,SPEN-N-000,90,100,,,
2002-01-23 00:00:00,SPEN-N-000,88,700,,,
2002-01-25 00:00:00,SPEN-N-000,88,50000,,,
2002-02-01 00:00:00,SPEN-N-000,85,50000,,,
2002-02-05 00:00:00,SPEN-N-000,85,200,,,
2002-02-06 00:00:00,SPEN-N-000,85,1000,,,
2002-02-07 00:00:00,SPEN-N-000,81.5,130100,,,
2002-02-11 00:00:00,SPEN-N-000,82,300,,,
2001-01-04 00:00:00,AHUN-N-000,23,400,,,
2001-01-10 00:00:00,AHUN-N-000,23,900,,,
2001-01-12 00:00:00,AHUN-N-000,23,1000,,,
2001-01-16 00:00:00,AHUN-N-000,23,1100,,,
2001-01-18 00:00:00,AHUN-N-000,22,400,,,
2001-01-19 00:00:00,AHUN-N-000,22,2400,,,
2001-01-23 00:00:00,AHUN-N-000,22.5,100,,,
2001-01-24 00:00:00,AHUN-N-000,22.25,1000,,,
2001-01-25 00:00:00,AHUN-N-000,22,6200,,,
2001-01-29 00:00:00,AHUN-N-000,22,100,,,
2001-01-30 00:00:00,AHUN-N-000,22,100,,,
2001-02-02 00:00:00,AHUN-N-000,22,1000,,,
2001-02-09 00:00:00,AHUN-N-000,22,100,,,
2001-02-12 00:00:00,AHUN-N-000,22,100,,,
2001-02-13 00:00:00,AHUN-N-000,21.25,1100,,,
2001-02-20 00:00:00,AHUN-N-000,21.25,200,,,
2001-02-27 00:00:00,AHUN-N-000,20.25,100,,,
2001-03-01 00:00:00,AHUN-N-000,20.5,200,,,
2001-03-06 00:00:00,AHUN-N-000,20.5,400,,,
2001-03-12 00:00:00,AHUN-N-000,20,100,,,
2001-03-27 00:00:00,AHUN-N-000,20,100,,,
2001-03-28 00:00:00,AHUN-N-000,19.25,300,,,
2001-03-30 00:00:00,AHUN-N-000,18.5,2800,,,
2001-04-02 00:00:00,AHUN-N-000,18.5,500,,,
2001-04-03 00:00:00,AHUN-N-000,17.5,1100,,,
2001-04-09 00:00:00,AHUN-N-000,20,200,,,
2001-04-19 00:00:00,AHUN-N-000,19,300,,,
2001-04-26 00:00:00,AHUN-N-000,19,1000,,,
2001-04-27 00:00:00,AHUN-N-000,17.75,1500,,,
2001-05-14 00:00:00,AHUN-N-000,17.25,300,,,
2001-06-01 00:00:00,AHUN-N-000,18,1100,,,
2001-06-04 00:00:00,AHUN-N-000,17.5,300,,,
2001-06-07 00:00:00,AHUN-N-000,17.5,1700,,,
2001-06-14 00:00:00,AHUN-N-000,18,1400,,,
2001-06-19 00:00:00,AHUN-N-000,18,700,,,
2001-06-21 00:00:00,AHUN-N-000,18,300,,,
2001-06-26 00:00:00,AHUN-N-000,18,1100,,,
2001-06-27 00:00:00,AHUN-N-000,18,4300,,,
2001-06-29 00:00:00,AHUN-N-000,20,600,,,
2001-07-02 00:00:00,AHUN-N-000,20,100,,,
2001-07-03 00:00:00,AHUN-N-000,19,100,,,
2001-07-06 00:00:00,AHUN-N-000,20,100,,,
2001-07-09 00:00:00,AHUN-N-000,20,1300,,,
2001-07-10 00:00:00,AHUN-N-000,20.5,200,,,
2001-07-11 00:00:00,AHUN-N-000,19.5,7300,,,
2001-07-12 00:00:00,AHUN-N-000,19.75,500,,,
2001-07-13 00:00:00,AHUN-N-000,20,1000,,,
2001-07-16 00:00:00,AHUN-N-000,20,71200,,,
2001-08-02 00:00:00,AHUN-N-000,20,100,,,
2001-08-06 00:00:00,AHUN-N-000,20,200,,,
2001-08-07 00:00:00,AHUN-N-000,19,1000,,,
2001-08-08 00:00:00,AHUN-N-000,19,2000,,,
2001-08-09 00:00:00,AHUN-N-000,19,200,,,
2001-08-10 00:00:00,AHUN-N-000,18.75,2800,,,
2001-08-14 00:00:00,AHUN-N-000,18,200,,,
2001-08-16 00:00:00,AHUN-N-000,17,4100,,,
2001-08-20 00:00:00,AHUN-N-000,15,600,,,
2001-08-28 00:00:00,AHUN-N-000,16.5,100,,,
2001-08-30 00:00:00,AHUN-N-000,16.5,500,,,
2001-09-05 00:00:00,AHUN-N-000,17,900,,,
2001-10-05 00:00:00,AHUN-N-000,17,400,,,
2001-10-08 00:00:00,AHUN-N-000,17,100,,,
2001-10-09 00:00:00,AHUN-N-000,17,100,,,
2001-10-10 00:00:00,AHUN-N-000,17,2800,,,
2001-10-11 00:00:00,AHUN-N-000,19,600,,,
2001-10-12 00:00:00,AHUN-N-000,20,3700,,,
2001-10-15 00:00:00,AHUN-N-000,20,6500,,,
2001-10-16 00:00:00,AHUN-N-000,20,100,,,
2001-10-18 00:00:00,AHUN-N-000,20,4200,,,
2001-10-22 00:00:00,AHUN-N-000,20,600,,,
2001-10-23 00:00:00,AHUN-N-000,20,1800,,,
2001-10-24 00:00:00,AHUN-N-000,20,1500,,,
2001-10-26 00:00:00,AHUN-N-000,20,19800,,,
2001-10-29 00:00:00,AHUN-N-000,20,800,,,
2001-10-30 00:00:00,AHUN-N-000,20,1600,,,
2001-11-01 00:00:00,AHUN-N-000,21,500,,,
2001-11-05 00:00:00,AHUN-N-000,20,500,,,
2001-11-06 00:00:00,AHUN-N-000,20,1000,,,
2001-11-07 00:00:00,AHUN-N-000,19,600,,,
2001-11-08 00:00:00,AHUN-N-000,19,1000,,,
2001-11-09 00:00:00,AHUN-N-000,19,3500,,,
2001-11-12 00:00:00,AHUN-N-000,20,1100,,,
2001-11-13 00:00:00,AHUN-N-000,19,2200,,,
2001-11-14 00:00:00,AHUN-N-000,19,500,,,
2001-11-15 00:00:00,AHUN-N-000,19,700,,,
2001-11-16 00:00:00,AHUN-N-000,19,1100,,,
2001-11-19 00:00:00,AHUN-N-000,20,1000,,,
2001-11-20 00:00:00,AHUN-N-000,20,300,,,
2001-11-22 00:00:00,AHUN-N-000,20,5500,,,
2001-11-23 00:00:00,AHUN-N-000,20,1500,,,
2001-11-27 00:00:00,AHUN-N-000,19.75,500,,,
2001-11-28 00:00:00,AHUN-N-000,19.5,200,,,
2001-11-29 00:00:00,AHUN-N-000,19,1300,,,
2001-12-03 00:00:00,AHUN-N-000,18.75,800,,,
2001-12-04 00:00:00,AHUN-N-000,19,1000,,,
2001-12-05 00:00:00,AHUN-N-000,19,100,,,
2001-12-07 00:00:00,AHUN-N-000,21,100,,,
2001-12-10 00:00:00,AHUN-N-000,24,5000,,,
2001-12-11 00:00:00,AHUN-N-000,23,30200,,,
2001-12-12 00:00:00,AHUN-N-000,24,3600,,,
2001-12-13 00:00:00,AHUN-N-000,23.75,500,,,
2001-12-17 00:00:00,AHUN-N-000,22,3100,,,
2001-12-19 00:00:00,AHUN-N-000,20.25,500,,,
2001-12-20 00:00:00,AHUN-N-000,21,800,,,
2001-12-21 00:00:00,AHUN-N-000,22,3000,,,
2001-12-27 00:00:00,AHUN-N-000,22,3000,,,
2001-12-28 00:00:00,AHUN-N-000,19,800,,,
2001-12-31 00:00:00,AHUN-N-000,22,1500,,,
2002-01-02 00:00:00,AHUN-N-000,22.5,11300,,,
2002-01-03 00:00:00,AHUN-N-000,23,200,,,
2002-01-04 00:00:00,AHUN-N-000,22.25,2300,,,
2002-01-07 00:00:00,AHUN-N-000,22,5900,,,
2002-01-08 00:00:00,AHUN-N-000,20,500,,,
2002-01-09 00:00:00,AHUN-N-000,20,2700,,,
2002-01-10 00:00:00,AHUN-N-000,20,2000,,,
2002-01-11 00:00:00,AHUN-N-000,20,1000,,,
2002-01-16 00:00:00,AHUN-N-000,19.5,200,,,
2002-01-17 00:00:00,AHUN-N-000,20,200,,,
2002-01-21 00:00:00,AHUN-N-000,20,200,,,
2002-01-23 00:00:00,AHUN-N-000,20,100,,,
2002-01-25 00:00:00,AHUN-N-000,20,300,,,
2002-01-30 00:00:00,AHUN-N-000,19.75,100,,,
2002-02-01 00:00:00,AHUN-N-000,20,500,,,
2002-02-05 00:00:00,AHUN-N-000,20,100,,,
2001-01-12 00:00:00,ALLI-N-000,23,300,,,
2001-01-24 00:00:00,ALLI-N-000,23.25,200,,,
2001-01-25 00:00:00,ALLI-N-000,23.25,100,,,
2001-02-09 00:00:00,ALLI-N-000,24,200,,,
2001-02-23 00:00:00,ALLI-N-000,24,900,,,
2001-02-26 00:00:00,ALLI-N-000,24,100,,,
2001-03-02 00:00:00,ALLI-N-000,24,100,,,
2001-03-08 00:00:00,ALLI-N-000,25,1000,,,
2001-03-13 00:00:00,ALLI-N-000,24.25,100,,,
2001-03-15 00:00:00,ALLI-N-000,24,900,,,
2001-03-21 00:00:00,ALLI-N-000,24.5,100,,,
2001-03-29 00:00:00,ALLI-N-000,24,300,,,
2001-04-23 00:00:00,ALLI-N-000,24.25,100,,,
2001-04-24 00:00:00,ALLI-N-000,24.5,200,,,
2001-04-27 00:00:00,ALLI-N-000,25,600,,,
2001-05-14 00:00:00,ALLI-N-000,25,200,,,
2001-05-25 00:00:00,ALLI-N-000,25,2400,,,
2001-06-20 00:00:00,ALLI-N-000,26,200,,,
2001-08-16 00:00:00,ALLI-N-000,25.5,200,,,
2001-08-17 00:00:00,ALLI-N-000,25,600,,,
2001-08-20 00:00:00,ALLI-N-000,24,500,,,
2001-09-19 00:00:00,ALLI-N-000,24.5,100,,,
2001-10-04 00:00:00,ALLI-N-000,24.25,100,,,
2001-10-05 00:00:00,ALLI-N-000,24,900,,,
2001-11-21 00:00:00,ALLI-N-000,26,300,,,
2001-12-11 00:00:00,ALLI-N-000,32,300,,,
2001-12-14 00:00:00,ALLI-N-000,32,600,,,
2001-12-21 00:00:00,ALLI-N-000,31,9600,,,
2002-01-08 00:00:00,ALLI-N-000,31,100,,,
2002-01-24 00:00:00,ALLI-N-000,30,300,,,
2001-03-21 00:00:00,ALUF-N-000,5,100,,,
2001-04-18 00:00:00,ALUF-N-000,5,100,,,
2001-05-10 00:00:00,ALUF-N-000,5,2900,,,
2001-09-07 00:00:00,ALUF-N-000,6.25,100,,,
2001-03-23 00:00:00,ARPI-N-000,7,1500,,,
2001-04-09 00:00:00,ARPI-N-000,7,100,,,
2001-04-17 00:00:00,ARPI-N-000,7,300,,,
2001-05-16 00:00:00,ARPI-N-000,7.25,7800,,,
2001-05-17 00:00:00,ARPI-N-000,7.25,2000,,,
2001-05-18 00:00:00,ARPI-N-000,7.25,2700,,,
2001-05-23 00:00:00,ARPI-N-000,7.25,300,,,
2001-05-24 00:00:00,ARPI-N-000,7,10000,,,
2001-06-11 00:00:00,ARPI-N-000,3.75,66100,,,
2001-06-19 00:00:00,ARPI-N-000,4.5,1000,,,
2001-06-22 00:00:00,ARPI-N-000,5,16100,,,
2001-07-02 00:00:00,ARPI-N-000,5.5,5000,,,
2001-07-03 00:00:00,ARPI-N-000,6,17000,,,
2001-07-04 00:00:00,ARPI-N-000,6.5,34200,,,
2001-07-06 00:00:00,ARPI-N-000,6.75,15300,,,
2001-07-10 00:00:00,ARPI-N-000,6.75,35000,,,
2001-07-11 00:00:00,ARPI-N-000,7,15800,,,
2001-07-12 00:00:00,ARPI-N-000,7,1000,,,
2001-07-23 00:00:00,ARPI-N-000,7,200,,,
2001-07-24 00:00:00,ARPI-N-000,6.5,100,,,
2001-07-31 00:00:00,ARPI-N-000,6.75,7700,,,
2001-08-08 00:00:00,ARPI-N-000,7,2300,,,
2001-08-09 00:00:00,ARPI-N-000,7,3000,,,
2001-08-17 00:00:00,ARPI-N-000,7,400,,,
2001-08-20 00:00:00,ARPI-N-000,7.25,100,,,
2001-08-21 00:00:00,ARPI-N-000,7.25,600,,,
2001-10-24 00:00:00,ARPI-N-000,8.5,500,,,
2001-10-25 00:00:00,ARPI-N-000,8.5,100,,,
2001-11-02 00:00:00,ARPI-N-000,8.75,100,,,
2001-11-21 00:00:00,ARPI-N-000,8.75,100,,,
2001-11-22 00:00:00,ARPI-N-000,9,200,,,
2001-11-23 00:00:00,ARPI-N-000,9,300,,,
2001-11-26 00:00:00,ARPI-N-000,9,600,,,
2001-11-27 00:00:00,ARPI-N-000,9,400,,,
2001-11-28 00:00:00,ARPI-N-000,9.25,700,,,
2001-12-03 00:00:00,ARPI-N-000,9.25,3300,,,
2001-12-04 00:00:00,ARPI-N-000,9.25,2000,,,
2001-12-07 00:00:00,ARPI-N-000,10.25,500,,,
2001-12-10 00:00:00,ARPI-N-000,10.5,1000,,,
2001-12-11 00:00:00,ARPI-N-000,11,2000,,,
2001-12-14 00:00:00,ARPI-N-000,10,1500,,,
2001-12-17 00:00:00,ARPI-N-000,10,1000,,,
2001-12-28 00:00:00,ARPI-N-000,10,500,,,
2002-01-03 00:00:00,ARPI-N-000,10,200,,,
2002-01-31 00:00:00,ARPI-N-000,10,200,,,
2002-02-05 00:00:00,ARPI-N-000,11,100,,,
2002-02-07 00:00:00,ARPI-N-000,11,300,,,
2002-02-08 00:00:00,ARPI-N-000,11.25,100,,,
2001-01-03 00:00:00,ACAP-N-000,4.75,4700,,,
2001-01-04 00:00:00,ACAP-N-000,5,4500,,,
2001-01-05 00:00:00,ACAP-N-000,4.75,13700,,,
2001-01-08 00:00:00,ACAP-N-000,4.75,54600,,,
2001-01-10 00:00:00,ACAP-N-000,4.75,100,,,
2001-01-12 00:00:00,ACAP-N-000,4.75,400,,,
2001-01-16 00:00:00,ACAP-N-000,4.75,7100,,,
2001-01-17 00:00:00,ACAP-N-000,4.75,1100,,,
2001-01-18 00:00:00,ACAP-N-000,4.75,200,,,
2001-01-19 00:00:00,ACAP-N-000,4.75,2500,,,
2001-01-22 00:00:00,ACAP-N-000,4.75,1500,,,
2001-01-23 00:00:00,ACAP-N-000,4.75,700,,,
2001-01-24 00:00:00,ACAP-N-000,4.75,2700,,,
2001-01-26 00:00:00,ACAP-N-000,4.75,1000,,,
2001-01-29 00:00:00,ACAP-N-000,4.75,4300,,,
2001-02-01 00:00:00,ACAP-N-000,4.75,10200,,,
2001-02-02 00:00:00,ACAP-N-000,4.75,5400,,,
2001-02-08 00:00:00,ACAP-N-000,4.5,2000,,,
2001-02-12 00:00:00,ACAP-N-000,4.5,1500,,,
2001-02-13 00:00:00,ACAP-N-000,4.5,1800,,,
2001-02-14 00:00:00,ACAP-N-000,4.5,100,,,
2001-02-15 00:00:00,ACAP-N-000,4.5,11700,,,
2001-02-16 00:00:00,ACAP-N-000,4.5,5000,,,
2001-02-20 00:00:00,ACAP-N-000,4.25,14500,,,
2001-02-21 00:00:00,ACAP-N-000,4.25,300,,,
2001-02-22 00:00:00,ACAP-N-000,4.25,2400,,,
2001-02-26 00:00:00,ACAP-N-000,4.25,200,,,
2001-02-27 00:00:00,ACAP-N-000,4.25,500,,,
2001-02-28 00:00:00,ACAP-N-000,4.25,6000,,,
2001-03-01 00:00:00,ACAP-N-000,4.25,18500,,,
2001-03-02 00:00:00,ACAP-N-000,4.75,600,,,
2001-03-05 00:00:00,ACAP-N-000,4.25,300,,,
2001-03-06 00:00:00,ACAP-N-000,4.25,1000,,,
2001-03-07 00:00:00,ACAP-N-000,4.25,900,,,
2001-03-08 00:00:00,ACAP-N-000,4.25,200,,,
2001-03-13 00:00:00,ACAP-N-000,4.25,2100,,,
2001-03-14 00:00:00,ACAP-N-000,4.25,8900,,,
2001-03-15 00:00:00,ACAP-N-000,4.25,1100,,,
2001-03-16 00:00:00,ACAP-N-000,3.75,258700,,,
2001-03-19 00:00:00,ACAP-N-000,3.75,200,,,
2001-03-21 00:00:00,ACAP-N-000,4,100,,,
2001-03-22 00:00:00,ACAP-N-000,3.75,100,,,
2001-03-23 00:00:00,ACAP-N-000,3.75,2200,,,
2001-03-26 00:00:00,ACAP-N-000,3.75,2000,,,
2001-03-27 00:00:00,ACAP-N-000,3.5,700,,,
2001-03-28 00:00:00,ACAP-N-000,3.75,22000,,,
2001-03-29 00:00:00,ACAP-N-000,3.75,100,,,
2001-04-02 00:00:00,ACAP-N-000,3.75,1000,,,
2001-04-04 00:00:00,ACAP-N-000,3.75,100,,,
2001-04-05 00:00:00,ACAP-N-000,3.75,13700,,,
2001-04-11 00:00:00,ACAP-N-000,3.75,500,,,
2001-04-17 00:00:00,ACAP-N-000,3.75,11000,,,
2001-04-18 00:00:00,ACAP-N-000,3.75,600,,,
2001-04-19 00:00:00,ACAP-N-000,3.5,500000,,,
2001-04-23 00:00:00,ACAP-N-000,3.5,700300,,,
2001-04-24 00:00:00,ACAP-N-000,3.5,300,,,
2001-04-26 00:00:00,ACAP-N-000,3.75,5500,,,
2001-04-30 00:00:00,ACAP-N-000,3.75,5000,,,
2001-05-04 00:00:00,ACAP-N-000,3.75,1400,,,
2001-05-09 00:00:00,ACAP-N-000,3.75,1866800,,,
2001-05-15 00:00:00,ACAP-N-000,3.75,4000,,,
2001-05-16 00:00:00,ACAP-N-000,3.75,1400,,,
2001-05-21 00:00:00,ACAP-N-000,3.5,100,,,
2001-05-25 00:00:00,ACAP-N-000,3.5,400,,,
2001-05-30 00:00:00,ACAP-N-000,3.5,1100,,,
2001-05-31 00:00:00,ACAP-N-000,3.75,600,,,
2001-06-01 00:00:00,ACAP-N-000,3.5,100,,,
2001-06-07 00:00:00,ACAP-N-000,3.5,6500,,,
2001-06-11 00:00:00,ACAP-N-000,3.25,200,,,
2001-06-13 00:00:00,ACAP-N-000,3.25,200,,,
2001-06-14 00:00:00,ACAP-N-000,3.5,6823500,,,
2001-06-15 00:00:00,ACAP-N-000,3.75,9400,,,
2001-06-21 00:00:00,ACAP-N-000,4.25,69500,,,
2001-06-22 00:00:00,ACAP-N-000,4.25,5000,,,
2001-06-25 00:00:00,ACAP-N-000,4,2600,,,
2001-06-29 00:00:00,ACAP-N-000,4.25,16100,,,
2001-07-10 00:00:00,ACAP-N-000,4.25,1200,,,
2001-07-12 00:00:00,ACAP-N-000,3.75,2300,,,
2001-07-13 00:00:00,ACAP-N-000,3.75,2500,,,
2001-07-16 00:00:00,ACAP-N-000,3.75,100,,,
2001-07-19 00:00:00,ACAP-N-000,4,1100,,,
2001-07-24 00:00:00,ACAP-N-000,3.5,200,,,
2001-07-25 00:00:00,ACAP-N-000,3.5,1000,,,
2001-07-26 00:00:00,ACAP-N-000,3.75,1200,,,
2001-07-27 00:00:00,ACAP-N-000,3.75,1100,,,
2001-07-31 00:00:00,ACAP-N-000,3.75,500,,,
2001-08-01 00:00:00,ACAP-N-000,3.75,1000,,,
2001-08-02 00:00:00,ACAP-N-000,4,79900,,,
2001-08-06 00:00:00,ACAP-N-000,4,1014500,,,
2001-08-07 00:00:00,ACAP-N-000,3.75,3500,,,
2001-08-10 00:00:00,ACAP-N-000,3.75,200,,,
2001-08-13 00:00:00,ACAP-N-000,3.75,3300,,,
2001-08-14 00:00:00,ACAP-N-000,3.75,5200,,,
2001-08-15 00:00:00,ACAP-N-000,3.75,1500,,,
2001-08-16 00:00:00,ACAP-N-000,3.5,3900,,,
2001-08-21 00:00:00,ACAP-N-000,3.5,1100,,,
2001-08-29 00:00:00,ACAP-N-000,3.5,1500,,,
2001-08-30 00:00:00,ACAP-N-000,3.5,1500,,,
2001-08-31 00:00:00,ACAP-N-000,3.75,100,,,
2001-09-03 00:00:00,ACAP-N-000,3.75,3900,,,
2001-09-04 00:00:00,ACAP-N-000,3.75,600,,,
2001-09-05 00:00:00,ACAP-N-000,3.75,1600,,,
2001-09-06 00:00:00,ACAP-N-000,3.75,6500,,,
2001-09-10 00:00:00,ACAP-N-000,3.75,1900,,,
2001-09-12 00:00:00,ACAP-N-000,3.75,18000,,,
2001-09-18 00:00:00,ACAP-N-000,3.5,600,,,
2001-09-20 00:00:00,ACAP-N-000,3.75,23000,,,
2001-09-21 00:00:00,ACAP-N-000,3.75,2000,,,
2001-09-24 00:00:00,ACAP-N-000,3.75,2600,,,
2001-09-25 00:00:00,ACAP-N-000,3.75,100,,,
2001-09-28 00:00:00,ACAP-N-000,3.75,2670000,,,
2001-10-01 00:00:00,ACAP-N-000,3.75,1382000,,,
2001-10-03 00:00:00,ACAP-N-000,3.75,100,,,
2001-10-04 00:00:00,ACAP-N-000,3.75,100,,,
2001-10-05 00:00:00,ACAP-N-000,3.75,600,,,
2001-10-09 00:00:00,ACAP-N-000,3.75,100,,,
2001-10-10 00:00:00,ACAP-N-000,4,2600,,,
2001-10-11 00:00:00,ACAP-N-000,5.5,158900,,,
2001-10-12 00:00:00,ACAP-N-000,6,33000,,,
2001-10-15 00:00:00,ACAP-N-000,5.5,692700,,,
2001-10-16 00:00:00,ACAP-N-000,5.25,2600,,,
2001-10-17 00:00:00,ACAP-N-000,5.5,12300,,,
2001-10-18 00:00:00,ACAP-N-000,5.5,1300,,,
2001-10-19 00:00:00,ACAP-N-000,5.5,2000,,,
2001-10-22 00:00:00,ACAP-N-000,5.5,9300,,,
2001-10-23 00:00:00,ACAP-N-000,5.75,19300,,,
2001-10-24 00:00:00,ACAP-N-000,5.5,43400,,,
2001-10-25 00:00:00,ACAP-N-000,6,33100,,,
2001-10-26 00:00:00,ACAP-N-000,6,31500,,,
2001-10-29 00:00:00,ACAP-N-000,6.75,362100,,,
2001-10-30 00:00:00,ACAP-N-000,6.5,30900,,,
2001-11-01 00:00:00,ACAP-N-000,6,19600,,,
2001-11-02 00:00:00,ACAP-N-000,5.5,59300,,,
2001-11-05 00:00:00,ACAP-N-000,6,4900,,,
2001-11-06 00:00:00,ACAP-N-000,6,26000,,,
2001-11-07 00:00:00,ACAP-N-000,6,23100,,,
2001-11-08 00:00:00,ACAP-N-000,6.25,2200,,,
2001-11-09 00:00:00,ACAP-N-000,6.5,63400,,,
2001-11-13 00:00:00,ACAP-N-000,6.25,2100,,,
2001-11-14 00:00:00,ACAP-N-000,6.75,47400,,,
2001-11-15 00:00:00,ACAP-N-000,7,128800,,,
2001-11-16 00:00:00,ACAP-N-000,8,504500,,,
2001-11-19 00:00:00,ACAP-N-000,9.5,489300,,,
2001-11-20 00:00:00,ACAP-N-000,9.25,1215000,,,
2001-11-21 00:00:00,ACAP-N-000,9,266100,,,
2001-11-22 00:00:00,ACAP-N-000,8.75,376100,,,
2001-11-23 00:00:00,ACAP-N-000,8,635000,,,
2001-11-26 00:00:00,ACAP-N-000,7.25,304400,,,
2001-11-27 00:00:00,ACAP-N-000,7.5,476900,,,
2001-11-28 00:00:00,ACAP-N-000,7.75,468900,,,
2001-11-29 00:00:00,ACAP-N-000,7.5,21783700,,,
2001-12-03 00:00:00,ACAP-N-000,7.25,1467400,,,
2001-12-04 00:00:00,ACAP-N-000,7,281700,,,
2001-12-05 00:00:00,ACAP-N-000,7.25,351900,,,
2001-12-07 00:00:00,ACAP-N-000,9.5,2843300,,,
2001-12-10 00:00:00,ACAP-N-000,10.75,2663800,,,
2001-12-11 00:00:00,ACAP-N-000,10.25,1753600,,,
2001-12-12 00:00:00,ACAP-N-000,9,1026200,,,
2001-12-13 00:00:00,ACAP-N-000,8.5,880400,,,
2001-12-14 00:00:00,ACAP-N-000,8.5,815700,,,
2001-12-17 00:00:00,ACAP-N-000,8.5,539200,,,
2001-12-18 00:00:00,ACAP-N-000,8.25,262400,,,
2001-12-19 00:00:00,ACAP-N-000,7.75,178000,,,
2001-12-20 00:00:00,ACAP-N-000,7.75,545100,,,
2001-12-21 00:00:00,ACAP-N-000,7.25,1133500,,,
2001-12-27 00:00:00,ACAP-N-000,7.75,4533300,,,
2001-12-28 00:00:00,ACAP-N-000,8.25,571800,,,
2001-12-31 00:00:00,ACAP-N-000,8.5,487600,,,
2002-01-02 00:00:00,ACAP-N-000,8.25,361700,,,
2002-01-03 00:00:00,ACAP-N-000,8.5,145200,,,
2002-01-04 00:00:00,ACAP-N-000,8.25,77100,,,
2002-01-07 00:00:00,ACAP-N-000,8,150100,,,
2002-01-08 00:00:00,ACAP-N-000,8,3700,,,
2002-01-09 00:00:00,ACAP-N-000,7.75,47000,,,
2002-01-10 00:00:00,ACAP-N-000,7.75,570700,,,
2002-01-11 00:00:00,ACAP-N-000,7.5,2369000,,,
2002-01-15 00:00:00,ACAP-N-000,7.25,632100,,,
2002-01-16 00:00:00,ACAP-N-000,7,1440200,,,
2002-01-17 00:00:00,ACAP-N-000,6.75,58400,,,
2002-01-18 00:00:00,ACAP-N-000,7.5,276300,,,
2002-01-21 00:00:00,ACAP-N-000,7.25,264800,,,
2002-01-22 00:00:00,ACAP-N-000,7,278900,,,
2002-01-23 00:00:00,ACAP-N-000,7,37100,,,
2002-01-24 00:00:00,ACAP-N-000,7.25,86900,,,
2002-01-25 00:00:00,ACAP-N-000,7,20500,,,
2002-01-29 00:00:00,ACAP-N-000,6.75,47300,,,
2002-01-30 00:00:00,ACAP-N-000,7,17800,,,
2002-01-31 00:00:00,ACAP-N-000,7,256800,,,
2002-02-01 00:00:00,ACAP-N-000,7.25,110400,,,
2002-02-05 00:00:00,ACAP-N-000,7.25,13400,,,
2002-02-06 00:00:00,ACAP-N-000,7.25,30900,,,
2002-02-07 00:00:00,ACAP-N-000,7,32000,,,
2002-02-08 00:00:00,ACAP-N-000,7.25,134500,,,
2002-02-11 00:00:00,ACAP-N-000,7.25,69900,,,
2001-01-08 00:00:00,AAIC-N-000,10,100,,,
2001-01-10 00:00:00,AAIC-N-000,10,400,,,
2001-01-12 00:00:00,AAIC-N-000,10,200,,,
2001-01-24 00:00:00,AAIC-N-000,10,1000,,,
2001-01-29 00:00:00,AAIC-N-000,10,100,,,
2001-02-06 00:00:00,AAIC-N-000,10,300,,,
2001-02-13 00:00:00,AAIC-N-000,10,300,,,
2001-02-16 00:00:00,AAIC-N-000,10.25,500,,,
2001-02-19 00:00:00,AAIC-N-000,10.5,500,,,
2001-02-20 00:00:00,AAIC-N-000,10.5,500,,,
2001-02-21 00:00:00,AAIC-N-000,10,2900,,,
2001-02-22 00:00:00,AAIC-N-000,10.5,200,,,
2001-02-26 00:00:00,AAIC-N-000,11,300,,,
2001-02-27 00:00:00,AAIC-N-000,11,1000,,,
2001-03-07 00:00:00,AAIC-N-000,11.5,300,,,
2001-03-23 00:00:00,AAIC-N-000,12.5,100,,,
2001-03-28 00:00:00,AAIC-N-000,11,200,,,
2001-03-30 00:00:00,AAIC-N-000,11,2500,,,
2001-04-09 00:00:00,AAIC-N-000,10,2000,,,
2001-04-11 00:00:00,AAIC-N-000,10,1000,,,
2001-04-16 00:00:00,AAIC-N-000,10,2700,,,
2001-05-15 00:00:00,AAIC-N-000,10,2000500,,,
2001-06-15 00:00:00,AAIC-N-000,9,1100,,,
2001-06-18 00:00:00,AAIC-N-000,9,600,,,
2001-06-19 00:00:00,AAIC-N-000,10,5000,,,
2001-07-06 00:00:00,AAIC-N-000,9.75,100,,,
2001-07-11 00:00:00,AAIC-N-000,9.5,3000,,,
2001-07-30 00:00:00,AAIC-N-000,9.5,200,,,
2001-07-31 00:00:00,AAIC-N-000,9.5,100,,,
2001-08-02 00:00:00,AAIC-N-000,9.5,200,,,
2001-08-08 00:00:00,AAIC-N-000,9.5,600,,,
2001-08-09 00:00:00,AAIC-N-000,9,1000,,,
2001-08-10 00:00:00,AAIC-N-000,9,1400,,,
2001-08-14 00:00:00,AAIC-N-000,10,1000,,,
2001-09-20 00:00:00,AAIC-N-000,10,100,,,
2001-11-02 00:00:00,AAIC-N-000,10,500,,,
2001-11-06 00:00:00,AAIC-N-000,10,200,,,
2001-11-13 00:00:00,AAIC-N-000,10.5,1000,,,
2001-11-16 00:00:00,AAIC-N-000,10.5,2000,,,
2001-11-29 00:00:00,AAIC-N-000,10.5,4800,,,
2001-12-10 00:00:00,AAIC-N-000,14,13200,,,
2001-12-12 00:00:00,AAIC-N-000,13,500,,,
2001-12-17 00:00:00,AAIC-N-000,12,500,,,
2001-12-19 00:00:00,AAIC-N-000,12,1000,,,
2001-12-27 00:00:00,AAIC-N-000,11,1000,,,
2001-12-31 00:00:00,AAIC-N-000,11,100,,,
2002-01-03 00:00:00,AAIC-N-000,11,2000,,,
2002-01-07 00:00:00,AAIC-N-000,10.75,1600,,,
2002-01-10 00:00:00,AAIC-N-000,10.75,1100,,,
2001-01-08 00:00:00,ASCO-N-000,3,100,,,
2001-01-17 00:00:00,ASCO-N-000,3,100,,,
2001-01-22 00:00:00,ASCO-N-000,3,200,,,
2001-01-23 00:00:00,ASCO-N-000,3,500,,,
2001-02-21 00:00:00,ASCO-N-000,3,1900,,,
2001-02-23 00:00:00,ASCO-N-000,3,1800,,,
2001-03-08 00:00:00,ASCO-N-000,2.75,1900,,,
2001-03-21 00:00:00,ASCO-N-000,3,300,,,
2001-04-04 00:00:00,ASCO-N-000,2.75,100,,,
2001-04-05 00:00:00,ASCO-N-000,2.75,5400,,,
2001-04-18 00:00:00,ASCO-N-000,2.75,100,,,
2001-04-19 00:00:00,ASCO-N-000,3,500,,,
2001-04-20 00:00:00,ASCO-N-000,2.75,1000,,,
2001-05-18 00:00:00,ASCO-N-000,2.5,173700,,,
2001-05-21 00:00:00,ASCO-N-000,2.5,500,,,
2001-06-01 00:00:00,ASCO-N-000,2.25,100,,,
2001-06-11 00:00:00,ASCO-N-000,2.25,2300,,,
2001-07-11 00:00:00,ASCO-N-000,2.25,1500,,,
2001-07-13 00:00:00,ASCO-N-000,2.25,500,,,
2001-08-15 00:00:00,ASCO-N-000,2.5,500,,,
2001-08-20 00:00:00,ASCO-N-000,2.25,832100,,,
2001-08-21 00:00:00,ASCO-N-000,2.5,2500,,,
2001-09-25 00:00:00,ASCO-N-000,2.25,500,,,
2001-09-28 00:00:00,ASCO-N-000,2.5,200,,,
2001-10-17 00:00:00,ASCO-N-000,2,6600,,,
2001-10-25 00:00:00,ASCO-N-000,2,1000,,,
2001-10-30 00:00:00,ASCO-N-000,2.25,1000,,,
2001-11-08 00:00:00,ASCO-N-000,2.25,1500,,,
2001-11-20 00:00:00,ASCO-N-000,2.25,100,,,
2001-11-21 00:00:00,ASCO-N-000,2.25,100,,,
2001-11-22 00:00:00,ASCO-N-000,2.5,2400,,,
2001-11-26 00:00:00,ASCO-N-000,2.5,900,,,
2001-11-27 00:00:00,ASCO-N-000,2.75,1200,,,
2001-11-29 00:00:00,ASCO-N-000,2.5,100,,,
2001-12-03 00:00:00,ASCO-N-000,2.5,800,,,
2001-12-04 00:00:00,ASCO-N-000,2.5,1100,,,
2001-12-07 00:00:00,ASCO-N-000,3,1500,,,
2001-12-10 00:00:00,ASCO-N-000,4.5,1200,,,
2001-12-11 00:00:00,ASCO-N-000,4,6500,,,
2001-12-12 00:00:00,ASCO-N-000,3.5,3500,,,
2001-12-13 00:00:00,ASCO-N-000,3,200,,,
2002-01-10 00:00:00,ASCO-N-000,3,2400,,,
2002-01-11 00:00:00,ASCO-N-000,3.75,3100,,,
2002-02-05 00:00:00,ASCO-N-000,2.75,2800,,,
2001-01-02 00:00:00,AHOT-N-000,4,300,,,
2001-01-04 00:00:00,AHOT-N-000,4,319200,,,
2001-01-05 00:00:00,AHOT-N-000,4,800,,,
2001-01-08 00:00:00,AHOT-N-000,3.75,9200,,,
2001-01-10 00:00:00,AHOT-N-000,3.75,1300,,,
2001-01-12 00:00:00,AHOT-N-000,4,69100,,,
2001-01-16 00:00:00,AHOT-N-000,4,49000,,,
2001-01-17 00:00:00,AHOT-N-000,4,2500,,,
2001-01-18 00:00:00,AHOT-N-000,4,1600,,,
2001-01-19 00:00:00,AHOT-N-000,4,55900,,,
2001-01-22 00:00:00,AHOT-N-000,4,2500,,,
2001-01-24 00:00:00,AHOT-N-000,4,100,,,
2001-01-25 00:00:00,AHOT-N-000,4,10000,,,
2001-01-26 00:00:00,AHOT-N-000,3.75,34900,,,
2001-01-29 00:00:00,AHOT-N-000,3.75,500,,,
2001-01-30 00:00:00,AHOT-N-000,4,15800,,,
2001-02-02 00:00:00,AHOT-N-000,3.75,10000,,,
2001-02-09 00:00:00,AHOT-N-000,4.25,1148000,,,
2001-02-12 00:00:00,AHOT-N-000,4,1700,,,
2001-02-13 00:00:00,AHOT-N-000,4,25300,,,
2001-02-14 00:00:00,AHOT-N-000,4,15300,,,
2001-02-19 00:00:00,AHOT-N-000,3.75,300,,,
2001-02-20 00:00:00,AHOT-N-000,4,1000,,,
2001-02-21 00:00:00,AHOT-N-000,3.75,400,,,
2001-02-22 00:00:00,AHOT-N-000,3.75,200,,,
2001-02-26 00:00:00,AHOT-N-000,3.75,19900,,,
2001-02-27 00:00:00,AHOT-N-000,3.75,1000,,,
2001-02-28 00:00:00,AHOT-N-000,4,1000,,,
2001-03-01 00:00:00,AHOT-N-000,3.75,7100,,,
2001-03-02 00:00:00,AHOT-N-000,3.75,4500,,,
2001-03-05 00:00:00,AHOT-N-000,3.75,8200,,,
2001-03-06 00:00:00,AHOT-N-000,3.75,1500,,,
2001-03-07 00:00:00,AHOT-N-000,3.75,700,,,
2001-03-08 00:00:00,AHOT-N-000,3.75,50000,,,
2001-03-12 00:00:00,AHOT-N-000,3.75,10000,,,
2001-03-14 00:00:00,AHOT-N-000,3.75,13600,,,
2001-03-19 00:00:00,AHOT-N-000,3.75,14000,,,
2001-03-20 00:00:00,AHOT-N-000,3.75,500,,,
2001-03-21 00:00:00,AHOT-N-000,3.75,100,,,
2001-03-23 00:00:00,AHOT-N-000,4,500,,,
2001-03-26 00:00:00,AHOT-N-000,4,50100,,,
2001-03-27 00:00:00,AHOT-N-000,4,35600,,,
2001-03-28 00:00:00,AHOT-N-000,4,1000,,,
2001-03-29 00:00:00,AHOT-N-000,3.75,50500,,,
2001-03-30 00:00:00,AHOT-N-000,3.75,1000,,,
2001-04-03 00:00:00,AHOT-N-000,3.5,1000,,,
2001-04-04 00:00:00,AHOT-N-000,3.75,100,,,
2001-04-05 00:00:00,AHOT-N-000,3.75,600,,,
2001-04-06 00:00:00,AHOT-N-000,3.5,76700,,,
2001-04-09 00:00:00,AHOT-N-000,3.75,1000,,,
2001-04-16 00:00:00,AHOT-N-000,4,88800,,,
2001-04-17 00:00:00,AHOT-N-000,3.75,55000,,,
2001-04-18 00:00:00,AHOT-N-000,4.25,9751100,,,
2001-04-19 00:00:00,AHOT-N-000,3.75,211000,,,
2001-04-20 00:00:00,AHOT-N-000,3.75,11800,,,
2001-04-23 00:00:00,AHOT-N-000,3.75,225300,,,
2001-04-24 00:00:00,AHOT-N-000,3.75,100,,,
2001-04-25 00:00:00,AHOT-N-000,3.5,5400,,,
2001-04-26 00:00:00,AHOT-N-000,3.5,2200,,,
2001-04-27 00:00:00,AHOT-N-000,3.5,15000,,,
2001-05-02 00:00:00,AHOT-N-000,3.5,17000,,,
2001-05-03 00:00:00,AHOT-N-000,3.5,23100,,,
2001-05-04 00:00:00,AHOT-N-000,3.5,8500,,,
2001-05-09 00:00:00,AHOT-N-000,3.5,4000,,,
2001-05-10 00:00:00,AHOT-N-000,3.5,2700,,,
2001-05-11 00:00:00,AHOT-N-000,3.5,9000,,,
2001-05-14 00:00:00,AHOT-N-000,3.5,2000,,,
2001-05-15 00:00:00,AHOT-N-000,3.5,5000,,,
2001-05-17 00:00:00,AHOT-N-000,3.5,23200,,,
2001-05-18 00:00:00,AHOT-N-000,3.5,13700,,,
2001-05-23 00:00:00,AHOT-N-000,3.5,100,,,
2001-05-24 00:00:00,AHOT-N-000,3.75,5500,,,
2001-05-25 00:00:00,AHOT-N-000,3.5,12100,,,
2001-05-31 00:00:00,AHOT-N-000,3,500400,,,
2001-06-01 00:00:00,AHOT-N-000,2.75,1625200,,,
2001-06-04 00:00:00,AHOT-N-000,3,16000,,,
2001-06-06 00:00:00,AHOT-N-000,3,11800,,,
2001-06-07 00:00:00,AHOT-N-000,3,6100,,,
2001-06-11 00:00:00,AHOT-N-000,3,19500,,,
2001-06-12 00:00:00,AHOT-N-000,3,1400,,,
2001-06-14 00:00:00,AHOT-N-000,2.75,137400,,,
2001-06-15 00:00:00,AHOT-N-000,3,5000,,,
2001-06-18 00:00:00,AHOT-N-000,2.75,50000,,,
2001-06-21 00:00:00,AHOT-N-000,3,271200,,,
2001-06-22 00:00:00,AHOT-N-000,3,10000,,,
2001-06-25 00:00:00,AHOT-N-000,2.75,110400,,,
2001-06-26 00:00:00,AHOT-N-000,2.5,10182200,,,
2001-06-27 00:00:00,AHOT-N-000,2.5,216500,,,
2001-06-28 00:00:00,AHOT-N-000,2.5,4068900,,,
2001-06-29 00:00:00,AHOT-N-000,2.75,2000,,,
2001-07-02 00:00:00,AHOT-N-000,2.5,500,,,
2001-07-03 00:00:00,AHOT-N-000,2.75,10100,,,
2001-07-04 00:00:00,AHOT-N-000,2.5,5100,,,
2001-07-06 00:00:00,AHOT-N-000,2.5,524500,,,
2001-07-09 00:00:00,AHOT-N-000,2.5,232300,,,
2001-07-10 00:00:00,AHOT-N-000,2.5,12000,,,
2001-07-11 00:00:00,AHOT-N-000,2.5,91600,,,
2001-07-12 00:00:00,AHOT-N-000,2.5,32400,,,
2001-07-13 00:00:00,AHOT-N-000,2.5,100300,,,
2001-07-16 00:00:00,AHOT-N-000,2.5,1000,,,
2001-07-17 00:00:00,AHOT-N-000,2.5,1500,,,
2001-07-18 00:00:00,AHOT-N-000,2.5,3000,,,
2001-07-19 00:00:00,AHOT-N-000,2.5,359300,,,
2001-07-20 00:00:00,AHOT-N-000,2.5,280300,,,
2001-07-23 00:00:00,AHOT-N-000,2.25,15000,,,
2001-07-24 00:00:00,AHOT-N-000,2.25,121400,,,
2001-07-25 00:00:00,AHOT-N-000,2.25,10000,,,
2001-07-26 00:00:00,AHOT-N-000,2.25,1700,,,
2001-07-27 00:00:00,AHOT-N-000,2.25,94000,,,
2001-07-30 00:00:00,AHOT-N-000,2.5,1000,,,
2001-07-31 00:00:00,AHOT-N-000,2.25,9000,,,
2001-08-01 00:00:00,AHOT-N-000,2.5,231000,,,
2001-08-02 00:00:00,AHOT-N-000,2.5,474700,,,
2001-08-06 00:00:00,AHOT-N-000,2.5,9000,,,
2001-08-07 00:00:00,AHOT-N-000,2.25,10100,,,
2001-08-08 00:00:00,AHOT-N-000,2.5,2400,,,
2001-08-10 00:00:00,AHOT-N-000,2.5,2664400,,,
2001-08-13 00:00:00,AHOT-N-000,2.5,11000,,,
2001-08-14 00:00:00,AHOT-N-000,2.25,59800,,,
2001-08-15 00:00:00,AHOT-N-000,2.25,150000,,,
2001-08-16 00:00:00,AHOT-N-000,2.25,30300,,,
2001-08-17 00:00:00,AHOT-N-000,2.25,81500,,,
2001-08-20 00:00:00,AHOT-N-000,2.25,500,,,
2001-08-21 00:00:00,AHOT-N-000,2.5,3528700,,,
2001-08-22 00:00:00,AHOT-N-000,2.5,4885000,,,
2001-08-23 00:00:00,AHOT-N-000,2.5,44000,,,
2001-08-24 00:00:00,AHOT-N-000,2.5,7300,,,
2001-08-27 00:00:00,AHOT-N-000,2.5,8000,,,
2001-08-28 00:00:00,AHOT-N-000,2.75,62200,,,
2001-08-29 00:00:00,AHOT-N-000,2.5,2000,,,
2001-08-30 00:00:00,AHOT-N-000,2.5,2000,,,
2001-08-31 00:00:00,AHOT-N-000,3,45053500,,,
2001-09-03 00:00:00,AHOT-N-000,2.75,32000,,,
2001-09-04 00:00:00,AHOT-N-000,2.75,58500,,,
2001-09-06 00:00:00,AHOT-N-000,2.75,106000,,,
2001-09-07 00:00:00,AHOT-N-000,3,3500,,,
2001-09-11 00:00:00,AHOT-N-000,2.75,53000,,,
2001-09-12 00:00:00,AHOT-N-000,2.75,22900,,,
2001-09-13 00:00:00,AHOT-N-000,2.75,23000,,,
2001-09-14 00:00:00,AHOT-N-000,2.75,4500,,,
2001-09-17 00:00:00,AHOT-N-000,3,28400,,,
2001-09-18 00:00:00,AHOT-N-000,2.75,403200,,,
2001-09-19 00:00:00,AHOT-N-000,2.75,13000,,,
2001-09-20 00:00:00,AHOT-N-000,2.75,8000,,,
2001-09-21 00:00:00,AHOT-N-000,2.75,37000,,,
2001-09-24 00:00:00,AHOT-N-000,3,5500,,,
2001-09-25 00:00:00,AHOT-N-000,2.75,14000,,,
2001-09-26 00:00:00,AHOT-N-000,2.75,1000,,,
2001-09-28 00:00:00,AHOT-N-000,2.75,20100,,,
2001-10-01 00:00:00,AHOT-N-000,2.75,1200,,,
2001-10-04 00:00:00,AHOT-N-000,2.75,13000,,,
2001-10-05 00:00:00,AHOT-N-000,3,450400,,,
2001-10-08 00:00:00,AHOT-N-000,3.5,590400,,,
2001-10-09 00:00:00,AHOT-N-000,3.75,468900,,,
2001-10-10 00:00:00,AHOT-N-000,4,406800,,,
2001-10-11 00:00:00,AHOT-N-000,4.25,547100,,,
2001-10-12 00:00:00,AHOT-N-000,4,523900,,,
2001-10-15 00:00:00,AHOT-N-000,4,47600,,,
2001-10-16 00:00:00,AHOT-N-000,3.75,184200,,,
2001-10-17 00:00:00,AHOT-N-000,3.75,65000,,,
2001-10-18 00:00:00,AHOT-N-000,3.75,12300,,,
2001-10-19 00:00:00,AHOT-N-000,3.75,6200,,,
2001-10-22 00:00:00,AHOT-N-000,3.75,23900,,,
2001-10-23 00:00:00,AHOT-N-000,3.75,53300,,,
2001-10-24 00:00:00,AHOT-N-000,3.75,23200,,,
2001-10-25 00:00:00,AHOT-N-000,3.75,25300,,,
2001-10-26 00:00:00,AHOT-N-000,3.75,4500,,,
2001-10-29 00:00:00,AHOT-N-000,3.75,4600,,,
2001-10-30 00:00:00,AHOT-N-000,3.75,21900,,,
2001-11-01 00:00:00,AHOT-N-000,3.75,130800,,,
2001-11-02 00:00:00,AHOT-N-000,4,83400,,,
2001-11-05 00:00:00,AHOT-N-000,3.75,121400,,,
2001-11-06 00:00:00,AHOT-N-000,3.75,2500,,,
2001-11-07 00:00:00,AHOT-N-000,3.75,30500,,,
2001-11-08 00:00:00,AHOT-N-000,4,1500,,,
2001-11-09 00:00:00,AHOT-N-000,4,11000,,,
2001-11-12 00:00:00,AHOT-N-000,4,2000,,,
2001-11-13 00:00:00,AHOT-N-000,4,2100,,,
2001-11-15 00:00:00,AHOT-N-000,4,281600,,,
2001-11-16 00:00:00,AHOT-N-000,4,397200,,,
2001-11-19 00:00:00,AHOT-N-000,4.25,200800,,,
2001-11-20 00:00:00,AHOT-N-000,4,331100,,,
2001-11-21 00:00:00,AHOT-N-000,4.5,271100,,,
2001-11-22 00:00:00,AHOT-N-000,4.75,474800,,,
2001-11-23 00:00:00,AHOT-N-000,4.25,834100,,,
2001-11-26 00:00:00,AHOT-N-000,4.5,591200,,,
2001-11-27 00:00:00,AHOT-N-000,4.5,213600,,,
2001-11-28 00:00:00,AHOT-N-000,4.75,558000,,,
2001-11-29 00:00:00,AHOT-N-000,5,3626000,,,
2001-12-03 00:00:00,AHOT-N-000,5,757000,,,
2001-12-04 00:00:00,AHOT-N-000,5,308500,,,
2001-12-05 00:00:00,AHOT-N-000,5,808700,,,
2001-12-07 00:00:00,AHOT-N-000,6.5,1200100,,,
2001-12-10 00:00:00,AHOT-N-000,6.5,1392800,,,
2001-12-11 00:00:00,AHOT-N-000,6.25,202500,,,
2001-12-12 00:00:00,AHOT-N-000,6,304900,,,
2001-12-13 00:00:00,AHOT-N-000,5.5,107600,,,
2001-12-14 00:00:00,AHOT-N-000,5.5,147500,,,
2001-12-17 00:00:00,AHOT-N-000,5.75,82700,,,
2001-12-18 00:00:00,AHOT-N-000,5.75,1044600,,,
2001-12-19 00:00:00,AHOT-N-000,5.25,160200,,,
2001-12-20 00:00:00,AHOT-N-000,5.5,28800,,,
2001-12-21 00:00:00,AHOT-N-000,5.75,64600,,,
2001-12-27 00:00:00,AHOT-N-000,6,324600,,,
2001-12-28 00:00:00,AHOT-N-000,6,363500,,,
2001-12-31 00:00:00,AHOT-N-000,6,324300,,,
2002-01-02 00:00:00,AHOT-N-000,6,38300,,,
2002-01-03 00:00:00,AHOT-N-000,5.75,32200,,,
2002-01-04 00:00:00,AHOT-N-000,5.75,218300,,,
2002-01-07 00:00:00,AHOT-N-000,5.5,135200,,,
2002-01-08 00:00:00,AHOT-N-000,5.25,424400,,,
2002-01-09 00:00:00,AHOT-N-000,5.25,71700,,,
2002-01-10 00:00:00,AHOT-N-000,5,731100,,,
2002-01-11 00:00:00,AHOT-N-000,5,284000,,,
2002-01-15 00:00:00,AHOT-N-000,5,426700,,,
2002-01-16 00:00:00,AHOT-N-000,5,373000,,,
2002-01-17 00:00:00,AHOT-N-000,5,98600,,,
2002-01-18 00:00:00,AHOT-N-000,5.25,76000,,,
2002-01-21 00:00:00,AHOT-N-000,5.25,14700,,,
2002-01-22 00:00:00,AHOT-N-000,5,15200,,,
2002-01-23 00:00:00,AHOT-N-000,5,215000,,,
2002-01-24 00:00:00,AHOT-N-000,5.25,38400,,,
2002-01-25 00:00:00,AHOT-N-000,5.25,111000,,,
2002-01-29 00:00:00,AHOT-N-000,5.25,93400,,,
2002-01-30 00:00:00,AHOT-N-000,5.25,35100,,,
2002-01-31 00:00:00,AHOT-N-000,5.25,34100,,,
2002-02-01 00:00:00,AHOT-N-000,5.5,722900,,,
2002-02-05 00:00:00,AHOT-N-000,5.5,86900,,,
2002-02-06 00:00:00,AHOT-N-000,6,2649600,,,
2002-02-07 00:00:00,AHOT-N-000,6.25,1467100,,,
2002-02-08 00:00:00,AHOT-N-000,6.25,95500,,,
2002-02-11 00:00:00,AHOT-N-000,6,60800,,,
2001-01-02 00:00:00,ASIR-N-000,31.5,100,,,
2001-01-03 00:00:00,ASIR-N-000,31.5,100,,,
2001-01-04 00:00:00,ASIR-N-000,33.75,200,,,
2001-01-05 00:00:00,ASIR-N-000,33,100,,,
2001-01-08 00:00:00,ASIR-N-000,30,6900,,,
2001-01-16 00:00:00,ASIR-N-000,31.25,100,,,
2001-01-17 00:00:00,ASIR-N-000,30,58000,,,
2001-01-26 00:00:00,ASIR-N-000,32.5,50000,,,
2001-02-01 00:00:00,ASIR-N-000,33,1000,,,
2001-02-02 00:00:00,ASIR-N-000,33,1000,,,
2001-02-06 00:00:00,ASIR-N-000,33.5,300,,,
2001-02-09 00:00:00,ASIR-N-000,35,500,,,
2001-02-13 00:00:00,ASIR-N-000,34,200,,,
2001-02-14 00:00:00,ASIR-N-000,33.5,100,,,
2001-02-15 00:00:00,ASIR-N-000,34,3600,,,
2001-02-16 00:00:00,ASIR-N-000,35,1453200,,,
2001-02-19 00:00:00,ASIR-N-000,40,863500,,,
2001-02-21 00:00:00,ASIR-N-000,50.5,65700,,,
2001-02-22 00:00:00,ASIR-N-000,53.5,20400,,,
2001-02-23 00:00:00,ASIR-N-000,55,877500,,,
2001-02-26 00:00:00,ASIR-N-000,55,126800,,,
2001-02-27 00:00:00,ASIR-N-000,55,20900,,,
2001-03-01 00:00:00,ASIR-N-000,55,4600,,,
2001-03-02 00:00:00,ASIR-N-000,52.25,1800,,,
2001-03-05 00:00:00,ASIR-N-000,51.5,2800,,,
2001-03-06 00:00:00,ASIR-N-000,55,77200,,,
2001-03-07 00:00:00,ASIR-N-000,52.25,1500,,,
2001-03-08 00:00:00,ASIR-N-000,52,3600,,,
2001-03-12 00:00:00,ASIR-N-000,52,1200,,,
2001-03-13 00:00:00,ASIR-N-000,52.5,1000,,,
2001-03-14 00:00:00,ASIR-N-000,52,500,,,
2001-03-15 00:00:00,ASIR-N-000,52.25,500,,,
2001-03-16 00:00:00,ASIR-N-000,52.25,900,,,
2001-03-19 00:00:00,ASIR-N-000,58.5,319300,,,
2001-03-23 00:00:00,ASIR-N-000,55,3500,,,
2001-03-26 00:00:00,ASIR-N-000,55,100,,,
2001-03-27 00:00:00,ASIR-N-000,54.5,100,,,
2001-03-28 00:00:00,ASIR-N-000,55,3800,,,
2001-03-29 00:00:00,ASIR-N-000,55,1400,,,
2001-03-30 00:00:00,ASIR-N-000,57,100,,,
2001-04-02 00:00:00,ASIR-N-000,58,600,,,
2001-04-03 00:00:00,ASIR-N-000,58,42800,,,
2001-04-04 00:00:00,ASIR-N-000,58,100,,,
2001-04-05 00:00:00,ASIR-N-000,57.25,1200,,,
2001-04-06 00:00:00,ASIR-N-000,30,100,,,
2001-04-09 00:00:00,ASIR-N-000,24,1200,,,
2001-04-10 00:00:00,ASIR-N-000,24,300,,,
2001-04-11 00:00:00,ASIR-N-000,23.5,600,,,
2001-04-16 00:00:00,ASIR-N-000,23.5,100,,,
2001-04-18 00:00:00,ASIR-N-000,23.5,1300,,,
2001-04-19 00:00:00,ASIR-N-000,23.5,1700,,,
2001-04-23 00:00:00,ASIR-N-000,24,200,,,
2001-04-24 00:00:00,ASIR-N-000,24,300,,,
2001-04-25 00:00:00,ASIR-N-000,24,600,,,
2001-04-26 00:00:00,ASIR-N-000,23.75,200,,,
2001-04-27 00:00:00,ASIR-N-000,24,2800,,,
2001-04-30 00:00:00,ASIR-N-000,24,300,,,
2001-05-02 00:00:00,ASIR-N-000,23.5,3400,,,
2001-05-03 00:00:00,ASIR-N-000,23.25,1400,,,
2001-05-04 00:00:00,ASIR-N-000,24,100,,,
2001-05-14 00:00:00,ASIR-N-000,23.5,100,,,
2001-05-16 00:00:00,ASIR-N-000,23.5,400,,,
2001-05-17 00:00:00,ASIR-N-000,23.75,100,,,
2001-05-18 00:00:00,ASIR-N-000,24,500,,,
2001-05-21 00:00:00,ASIR-N-000,24,100,,,
2001-05-22 00:00:00,ASIR-N-000,24,800,,,
2001-05-24 00:00:00,ASIR-N-000,25,1500,,,
2001-05-25 00:00:00,ASIR-N-000,25,1800,,,
2001-05-28 00:00:00,ASIR-N-000,25,1200,,,
2001-05-29 00:00:00,ASIR-N-000,25,2400,,,
2001-05-30 00:00:00,ASIR-N-000,25.25,500,,,
2001-05-31 00:00:00,ASIR-N-000,26,500,,,
2001-06-01 00:00:00,ASIR-N-000,25.75,300,,,
2001-06-04 00:00:00,ASIR-N-000,26,1200,,,
2001-06-06 00:00:00,ASIR-N-000,26,200,,,
2001-06-07 00:00:00,ASIR-N-000,25.5,2400,,,
2001-06-08 00:00:00,ASIR-N-000,25,100,,,
2001-06-11 00:00:00,ASIR-N-000,25,1200,,,
2001-06-12 00:00:00,ASIR-N-000,25,600,,,
2001-06-13 00:00:00,ASIR-N-000,25,500,,,
2001-06-14 00:00:00,ASIR-N-000,25,1500,,,
2001-06-15 00:00:00,ASIR-N-000,25,600,,,
2001-06-18 00:00:00,ASIR-N-000,25,2100,,,
2001-06-19 00:00:00,ASIR-N-000,25.25,100,,,
2001-06-20 00:00:00,ASIR-N-000,25.5,500,,,
2001-06-21 00:00:00,ASIR-N-000,26,6000,,,
2001-06-22 00:00:00,ASIR-N-000,26.25,800,,,
2001-06-25 00:00:00,ASIR-N-000,27,700,,,
2001-06-26 00:00:00,ASIR-N-000,26.5,300,,,
2001-06-27 00:00:00,ASIR-N-000,26.5,200,,,
2001-06-28 00:00:00,ASIR-N-000,26,800,,,
2001-06-29 00:00:00,ASIR-N-000,26.25,5000,,,
2001-07-03 00:00:00,ASIR-N-000,25.75,2000,,,
2001-07-04 00:00:00,ASIR-N-000,26.5,100,,,
2001-07-06 00:00:00,ASIR-N-000,26.5,100,,,
2001-07-09 00:00:00,ASIR-N-000,26,3000,,,
2001-07-10 00:00:00,ASIR-N-000,26,100,,,
2001-07-11 00:00:00,ASIR-N-000,26.5,600,,,
2001-07-12 00:00:00,ASIR-N-000,26,4500,,,
2001-07-13 00:00:00,ASIR-N-000,26,200,,,
2001-07-16 00:00:00,ASIR-N-000,25.25,100,,,
2001-07-17 00:00:00,ASIR-N-000,25.25,2200,,,
2001-07-18 00:00:00,ASIR-N-000,25.5,1000,,,
2001-07-19 00:00:00,ASIR-N-000,25.5,500,,,
2001-07-23 00:00:00,ASIR-N-000,25,1500,,,
2001-07-24 00:00:00,ASIR-N-000,25,100,,,
2001-07-25 00:00:00,ASIR-N-000,24,400,,,
2001-07-26 00:00:00,ASIR-N-000,24,100,,,
2001-07-27 00:00:00,ASIR-N-000,24.25,3400,,,
2001-07-30 00:00:00,ASIR-N-000,23.75,2400,,,
2001-07-31 00:00:00,ASIR-N-000,24,100,,,
2001-08-02 00:00:00,ASIR-N-000,23,2500,,,
2001-08-07 00:00:00,ASIR-N-000,22,100,,,
2001-08-08 00:00:00,ASIR-N-000,22.75,500,,,
2001-08-09 00:00:00,ASIR-N-000,22.5,2000,,,
2001-08-10 00:00:00,ASIR-N-000,22.5,2000,,,
2001-08-13 00:00:00,ASIR-N-000,18,4945000,,,
2001-08-14 00:00:00,ASIR-N-000,18,53300,,,
2001-08-15 00:00:00,ASIR-N-000,18,16100,,,
2001-08-16 00:00:00,ASIR-N-000,18,3500,,,
2001-08-17 00:00:00,ASIR-N-000,18,115300,,,
2001-08-20 00:00:00,ASIR-N-000,18.5,1000,,,
2001-08-21 00:00:00,ASIR-N-000,18,30500,,,
2001-08-22 00:00:00,ASIR-N-000,18,15500,,,
2001-08-23 00:00:00,ASIR-N-000,18,13200,,,
2001-08-24 00:00:00,ASIR-N-000,18,4800,,,
2001-08-27 00:00:00,ASIR-N-000,18,5600,,,
2001-08-28 00:00:00,ASIR-N-000,18,66200,,,
2001-08-29 00:00:00,ASIR-N-000,18,9200,,,
2001-08-30 00:00:00,ASIR-N-000,18,16400,,,
2001-08-31 00:00:00,ASIR-N-000,18,14000,,,
2001-09-03 00:00:00,ASIR-N-000,17.75,300,,,
2001-09-04 00:00:00,ASIR-N-000,18,9000,,,
2001-09-05 00:00:00,ASIR-N-000,18,7600,,,
2001-09-06 00:00:00,ASIR-N-000,18,1700,,,
2001-09-07 00:00:00,ASIR-N-000,18,7700,,,
2001-09-10 00:00:00,ASIR-N-000,17.75,3800,,,
2001-09-11 00:00:00,ASIR-N-000,17.5,1200,,,
2001-09-13 00:00:00,ASIR-N-000,17.5,200,,,
2001-09-14 00:00:00,ASIR-N-000,17.75,600,,,
2001-09-17 00:00:00,ASIR-N-000,17.75,700,,,
2001-09-18 00:00:00,ASIR-N-000,17.5,3100,,,
2001-09-19 00:00:00,ASIR-N-000,17.5,2000,,,
2001-09-20 00:00:00,ASIR-N-000,17.25,800,,,
2001-09-21 00:00:00,ASIR-N-000,17.5,300,,,
2001-09-25 00:00:00,ASIR-N-000,17.25,128000,,,
2001-09-26 00:00:00,ASIR-N-000,17.25,6400,,,
2001-09-27 00:00:00,ASIR-N-000,17,63400,,,
2001-09-28 00:00:00,ASIR-N-000,17,14500,,,
2001-10-01 00:00:00,ASIR-N-000,17,100,,,
2001-10-03 00:00:00,ASIR-N-000,17,10700,,,
2001-10-04 00:00:00,ASIR-N-000,17,5500,,,
2001-10-05 00:00:00,ASIR-N-000,17,9000,,,
2001-10-08 00:00:00,ASIR-N-000,17,2100,,,
2001-10-09 00:00:00,ASIR-N-000,17,24800,,,
2001-10-10 00:00:00,ASIR-N-000,17,48600,,,
2001-10-11 00:00:00,ASIR-N-000,17,733400,,,
2001-10-12 00:00:00,ASIR-N-000,17,1034800,,,
2001-10-15 00:00:00,ASIR-N-000,18,88400,,,
2001-10-16 00:00:00,ASIR-N-000,17.5,29600,,,
2001-10-17 00:00:00,ASIR-N-000,17.5,5600,,,
2001-10-18 00:00:00,ASIR-N-000,17.5,2200,,,
2001-10-19 00:00:00,ASIR-N-000,17.25,10800,,,
2001-10-22 00:00:00,ASIR-N-000,17.5,14500,,,
2001-10-23 00:00:00,ASIR-N-000,17,36400,,,
2001-10-24 00:00:00,ASIR-N-000,17.25,23100,,,
2001-10-25 00:00:00,ASIR-N-000,17.25,19400,,,
2001-10-26 00:00:00,ASIR-N-000,17.25,28000,,,
2001-10-29 00:00:00,ASIR-N-000,17.25,4300,,,
2001-10-30 00:00:00,ASIR-N-000,17.5,32000,,,
2001-11-01 00:00:00,ASIR-N-000,17.5,30600,,,
2001-11-02 00:00:00,ASIR-N-000,17.5,7700,,,
2001-11-05 00:00:00,ASIR-N-000,17.5,12500,,,
2001-11-06 00:00:00,ASIR-N-000,17.25,21400,,,
2001-11-07 00:00:00,ASIR-N-000,17.25,9200,,,
2001-11-08 00:00:00,ASIR-N-000,17.5,1300,,,
2001-11-09 00:00:00,ASIR-N-000,17.5,10100,,,
2001-11-12 00:00:00,ASIR-N-000,17.5,2400,,,
2001-11-13 00:00:00,ASIR-N-000,17.5,1100,,,
2001-11-14 00:00:00,ASIR-N-000,17.5,100,,,
2001-11-15 00:00:00,ASIR-N-000,17.5,2200,,,
2001-11-16 00:00:00,ASIR-N-000,18.5,7500,,,
2001-11-19 00:00:00,ASIR-N-000,20,6800,,,
2001-11-20 00:00:00,ASIR-N-000,19.5,12100,,,
2001-11-21 00:00:00,ASIR-N-000,20,147300,,,
2001-11-22 00:00:00,ASIR-N-000,20.25,6200,,,
2001-11-23 00:00:00,ASIR-N-000,20.75,17700,,,
2001-11-26 00:00:00,ASIR-N-000,20,23900,,,
2001-11-27 00:00:00,ASIR-N-000,20,8700,,,
2001-11-28 00:00:00,ASIR-N-000,20,14400,,,
2001-11-29 00:00:00,ASIR-N-000,20.25,10700,,,
2001-12-03 00:00:00,ASIR-N-000,20,14500,,,
2001-12-04 00:00:00,ASIR-N-000,20,4300,,,
2001-12-05 00:00:00,ASIR-N-000,20.25,41300,,,
2001-12-07 00:00:00,ASIR-N-000,25,10400,,,
2001-12-10 00:00:00,ASIR-N-000,26,67600,,,
2001-12-11 00:00:00,ASIR-N-000,25.75,20700,,,
2001-12-12 00:00:00,ASIR-N-000,25,8600,,,
2001-12-13 00:00:00,ASIR-N-000,22.25,7400,,,
2001-12-14 00:00:00,ASIR-N-000,23.25,2900,,,
2001-12-17 00:00:00,ASIR-N-000,23.25,2600,,,
2001-12-18 00:00:00,ASIR-N-000,22,11100,,,
2001-12-19 00:00:00,ASIR-N-000,18.75,5800,,,
2001-12-20 00:00:00,ASIR-N-000,20.5,1900,,,
2001-12-21 00:00:00,ASIR-N-000,20,30800,,,
2001-12-27 00:00:00,ASIR-N-000,22,5100,,,
2001-12-28 00:00:00,ASIR-N-000,22,6000,,,
2001-12-31 00:00:00,ASIR-N-000,22.25,10600,,,
2002-01-02 00:00:00,ASIR-N-000,20.75,11400,,,
2002-01-04 00:00:00,ASIR-N-000,21.5,1100,,,
2002-01-07 00:00:00,ASIR-N-000,22,5600,,,
2002-01-08 00:00:00,ASIR-N-000,20.25,11200,,,
2002-01-09 00:00:00,ASIR-N-000,20,10700,,,
2002-01-10 00:00:00,ASIR-N-000,20.25,1000,,,
2002-01-11 00:00:00,ASIR-N-000,20.5,7900,,,
2002-01-15 00:00:00,ASIR-N-000,20,1900,,,
2002-01-16 00:00:00,ASIR-N-000,20,4200,,,
2002-01-18 00:00:00,ASIR-N-000,20,3600,,,
2002-01-21 00:00:00,ASIR-N-000,20.5,1100,,,
2002-01-22 00:00:00,ASIR-N-000,19.75,2100,,,
2002-01-23 00:00:00,ASIR-N-000,20,6900,,,
2002-01-24 00:00:00,ASIR-N-000,20.5,600,,,
2002-01-25 00:00:00,ASIR-N-000,20.5,100,,,
2002-01-29 00:00:00,ASIR-N-000,20.25,300,,,
2002-01-30 00:00:00,ASIR-N-000,20.25,100,,,
2002-01-31 00:00:00,ASIR-N-000,19.5,3500,,,
2002-02-05 00:00:00,ASIR-N-000,20,100,,,
2002-02-06 00:00:00,ASIR-N-000,20.25,300,,,
2002-02-07 00:00:00,ASIR-N-000,20,2100,,,
2002-02-08 00:00:00,ASIR-N-000,20,2100,,,
2002-02-11 00:00:00,ASIR-N-000,21,500,,,
2001-02-14 00:00:00,AHCL-N-000,32,100,,,
2001-06-22 00:00:00,AHCL-N-000,32,42200,,,
2001-06-25 00:00:00,AHCL-N-000,32,200,,,
2001-09-28 00:00:00,AHCL-N-000,16,100,,,
2001-10-05 00:00:00,AHCL-N-000,12.5,100,,,
2001-10-08 00:00:00,AHCL-N-000,12.75,300000,,,
2001-10-11 00:00:00,AHCL-N-000,13,100000,,,
2001-12-27 00:00:00,AHCL-N-000,13,200,,,
2001-12-28 00:00:00,AHCL-N-000,13,100,,,
2002-01-23 00:00:00,AHCL-N-000,13,100,,,
2001-01-02 00:00:00,AEC-N-0000,30,600,,,
2001-01-08 00:00:00,AEC-N-0000,30.25,1000,,,
2001-02-01 00:00:00,AEC-N-0000,29,2000,,,
2001-03-28 00:00:00,AEC-N-0000,29,2500,,,
2001-04-17 00:00:00,AEC-N-0000,28,100,,,
2001-04-18 00:00:00,AEC-N-0000,27,200,,,
2001-04-19 00:00:00,AEC-N-0000,26,1000,,,
2001-05-16 00:00:00,AEC-N-0000,24,1300,,,
2001-05-25 00:00:00,AEC-N-0000,22,2500,,,
2001-05-31 00:00:00,AEC-N-0000,20,1100,,,
2001-07-16 00:00:00,AEC-N-0000,21.5,100,,,
2001-07-19 00:00:00,AEC-N-0000,22,100,,,
2001-07-24 00:00:00,AEC-N-0000,24,100,,,
2001-07-26 00:00:00,AEC-N-0000,23,201200,,,
2001-07-27 00:00:00,AEC-N-0000,27,400,,,
2001-08-17 00:00:00,AEC-N-0000,29,19100,,,
2001-08-20 00:00:00,AEC-N-0000,29,600,,,
2001-08-21 00:00:00,AEC-N-0000,29,7100,,,
2001-08-22 00:00:00,AEC-N-0000,29,100,,,
2001-08-23 00:00:00,AEC-N-0000,29,200,,,
2001-08-24 00:00:00,AEC-N-0000,29,2500,,,
2001-08-28 00:00:00,AEC-N-0000,29,3200,,,
2001-08-29 00:00:00,AEC-N-0000,29,18400,,,
2001-08-31 00:00:00,AEC-N-0000,29,300,,,
2001-09-03 00:00:00,AEC-N-0000,29,1100,,,
2001-09-07 00:00:00,AEC-N-0000,35,100,,,
2001-09-11 00:00:00,AEC-N-0000,32,700,,,
2001-09-18 00:00:00,AEC-N-0000,29,2300,,,
2001-09-25 00:00:00,AEC-N-0000,29,100,,,
2001-10-16 00:00:00,AEC-N-0000,43.5,100,,,
2001-10-18 00:00:00,AEC-N-0000,49,100,,,
2001-10-24 00:00:00,AEC-N-0000,60,100,,,
2002-01-09 00:00:00,AEC-N-0000,30,1000,,,
2002-01-10 00:00:00,AEC-N-0000,30,2100,,,
2002-01-21 00:00:00,AEC-N-0000,30,4900,,,
2002-01-23 00:00:00,AEC-N-0000,29,109200,,,
2002-01-25 00:00:00,AEC-N-0000,40,100,,,
2001-01-02 00:00:00,AMW-N-0000,32,700,,,
2001-01-16 00:00:00,AMW-N-0000,32,100,,,
2001-01-25 00:00:00,AMW-N-0000,31,400,,,
2001-01-26 00:00:00,AMW-N-0000,32,400,,,
2001-02-13 00:00:00,AMW-N-0000,31,600,,,
2001-02-14 00:00:00,AMW-N-0000,31,100,,,
2001-02-16 00:00:00,AMW-N-0000,31,200,,,
2001-02-27 00:00:00,AMW-N-0000,31,100,,,
2001-02-28 00:00:00,AMW-N-0000,30.5,400,,,
2001-03-05 00:00:00,AMW-N-0000,30.5,800,,,
2001-03-08 00:00:00,AMW-N-0000,30.5,400,,,
2001-03-12 00:00:00,AMW-N-0000,30,1700,,,
2001-03-14 00:00:00,AMW-N-0000,30.5,100,,,
2001-03-16 00:00:00,AMW-N-0000,30.5,300,,,
2001-03-20 00:00:00,AMW-N-0000,30,200,,,
2001-03-23 00:00:00,AMW-N-0000,30,300,,,
2001-03-27 00:00:00,AMW-N-0000,29.5,1000,,,
2001-03-29 00:00:00,AMW-N-0000,29,100,,,
2001-04-24 00:00:00,AMW-N-0000,28,100,,,
2001-05-02 00:00:00,AMW-N-0000,28,200,,,
2001-05-03 00:00:00,AMW-N-0000,28,700,,,
2001-05-10 00:00:00,AMW-N-0000,26.5,1300,,,
2001-05-14 00:00:00,AMW-N-0000,26.5,200,,,
2001-05-15 00:00:00,AMW-N-0000,26,100,,,
2001-05-17 00:00:00,AMW-N-0000,26,1200,,,
2001-05-18 00:00:00,AMW-N-0000,26,100,,,
2001-05-21 00:00:00,AMW-N-0000,26.5,1400,,,
2001-05-24 00:00:00,AMW-N-0000,26.5,800,,,
2001-05-29 00:00:00,AMW-N-0000,26.5,500,,,
2001-05-30 00:00:00,AMW-N-0000,25,1900,,,
2001-06-06 00:00:00,AMW-N-0000,25.25,2000,,,
2001-06-11 00:00:00,AMW-N-0000,25.25,200,,,
2001-06-12 00:00:00,AMW-N-0000,25,1400,,,
2001-06-18 00:00:00,AMW-N-0000,25,200,,,
2001-06-22 00:00:00,AMW-N-0000,25,100,,,
2001-06-25 00:00:00,AMW-N-0000,25,200,,,
2001-07-02 00:00:00,AMW-N-0000,25,100,,,
2001-07-03 00:00:00,AMW-N-0000,24.5,200,,,
2001-07-04 00:00:00,AMW-N-0000,25,100,,,
2001-07-10 00:00:00,AMW-N-0000,25,2900,,,
2001-07-16 00:00:00,AMW-N-0000,25,200,,,
2001-07-26 00:00:00,AMW-N-0000,26.5,419800,,,
2001-09-12 00:00:00,AMW-N-0000,26.5,200,,,
2001-09-13 00:00:00,AMW-N-0000,26.5,300,,,
2001-09-17 00:00:00,AMW-N-0000,27,200,,,
2001-10-10 00:00:00,AMW-N-0000,27,1400,,,
2001-10-15 00:00:00,AMW-N-0000,27.75,300,,,
2001-10-25 00:00:00,AMW-N-0000,26,500,,,
2001-10-26 00:00:00,AMW-N-0000,25,600,,,
2001-10-29 00:00:00,AMW-N-0000,25.5,1100,,,
2001-11-06 00:00:00,AMW-N-0000,26,2500,,,
2001-11-08 00:00:00,AMW-N-0000,26,1000,,,
2001-11-09 00:00:00,AMW-N-0000,26,1100,,,
2001-11-12 00:00:00,AMW-N-0000,27.75,300,,,
2001-11-14 00:00:00,AMW-N-0000,27.5,2800,,,
2001-11-15 00:00:00,AMW-N-0000,28,13300,,,
2001-11-16 00:00:00,AMW-N-0000,29,1100,,,
2001-11-19 00:00:00,AMW-N-0000,29,1000,,,
2001-11-20 00:00:00,AMW-N-0000,30,5100,,,
2001-11-26 00:00:00,AMW-N-0000,30,400,,,
2001-11-27 00:00:00,AMW-N-0000,30,100,,,
2001-11-28 00:00:00,AMW-N-0000,30,1100,,,
2001-11-29 00:00:00,AMW-N-0000,29,1700,,,
2001-12-04 00:00:00,AMW-N-0000,27.5,1200,,,
2001-12-07 00:00:00,AMW-N-0000,30,422000,,,
2001-12-10 00:00:00,AMW-N-0000,35,12600,,,
2001-12-11 00:00:00,AMW-N-0000,33,7000,,,
2001-12-12 00:00:00,AMW-N-0000,33.5,3700,,,
2001-12-13 00:00:00,AMW-N-0000,32,1500,,,
2001-12-17 00:00:00,AMW-N-0000,31,2000,,,
2001-12-18 00:00:00,AMW-N-0000,31,100,,,
2001-12-19 00:00:00,AMW-N-0000,30,1200,,,
2001-12-31 00:00:00,AMW-N-0000,30,400,,,
2002-01-02 00:00:00,AMW-N-0000,31,500,,,
2002-01-03 00:00:00,AMW-N-0000,30.25,1200,,,
2002-01-04 00:00:00,AMW-N-0000,30.25,1200,,,
2002-01-07 00:00:00,AMW-N-0000,30,2700,,,
2002-01-08 00:00:00,AMW-N-0000,30,1600,,,
2002-01-09 00:00:00,AMW-N-0000,30,2000,,,
2002-01-10 00:00:00,AMW-N-0000,30,100,,,
2002-01-11 00:00:00,AMW-N-0000,30,600,,,
2002-01-15 00:00:00,AMW-N-0000,30,1100,,,
2002-01-17 00:00:00,AMW-N-0000,30,1900,,,
2001-03-01 00:00:00,APDL-N-000,10.5,100,,,
2001-03-20 00:00:00,APDL-N-000,10.5,100,,,
2001-04-18 00:00:00,APDL-N-000,10.5,100,,,
2001-04-23 00:00:00,APDL-N-000,10.5,3000,,,
2001-05-21 00:00:00,APDL-N-000,10.5,2000,,,
2001-06-14 00:00:00,APDL-N-000,10.5,1900,,,
2001-07-18 00:00:00,APDL-N-000,10.75,200,,,
2001-08-17 00:00:00,APDL-N-000,10.5,1900,,,
2001-08-20 00:00:00,APDL-N-000,10.5,200,,,
2001-09-26 00:00:00,APDL-N-000,12,100,,,
2001-10-08 00:00:00,APDL-N-000,12,900,,,
2001-10-15 00:00:00,APDL-N-000,12.25,200,,,
2001-12-13 00:00:00,APDL-N-000,10.75,200,,,
2001-12-14 00:00:00,APDL-N-000,10.75,3000,,,
2001-12-18 00:00:00,APDL-N-000,10.25,200,,,
2001-12-20 00:00:00,APDL-N-000,10.5,300,,,
2002-01-04 00:00:00,APDL-N-000,10.25,100,,,
2002-01-08 00:00:00,APDL-N-000,10.75,10900,,,
2002-01-09 00:00:00,APDL-N-000,11,23800,,,
2002-02-05 00:00:00,APDL-N-000,11,1000,,,
2001-03-29 00:00:00,AUTO-N-000,195,100,,,
2001-10-04 00:00:00,AUTO-N-000,195,100,,,
2001-11-21 00:00:00,AUTO-N-000,215,100,,,
2001-01-02 00:00:00,BFL-N-0000,6,500,,,
2001-01-03 00:00:00,BFL-N-0000,6,900,,,
2001-01-04 00:00:00,BFL-N-0000,6,1900,,,
2001-01-08 00:00:00,BFL-N-0000,6,600,,,
2001-01-10 00:00:00,BFL-N-0000,6,500,,,
2001-01-11 00:00:00,BFL-N-0000,6,800,,,
2001-01-16 00:00:00,BFL-N-0000,6.25,400,,,
2001-01-18 00:00:00,BFL-N-0000,6.25,1500,,,
2001-01-19 00:00:00,BFL-N-0000,6,1300,,,
2001-01-22 00:00:00,BFL-N-0000,6,1000,,,
2001-01-23 00:00:00,BFL-N-0000,6,1000,,,
2001-01-24 00:00:00,BFL-N-0000,6,1900,,,
2001-01-25 00:00:00,BFL-N-0000,6,600,,,
2001-01-26 00:00:00,BFL-N-0000,6,600,,,
2001-01-29 00:00:00,BFL-N-0000,6,1100,,,
2001-01-31 00:00:00,BFL-N-0000,5.75,300,,,
2001-02-01 00:00:00,BFL-N-0000,5.75,900,,,
2001-02-13 00:00:00,BFL-N-0000,6,3200,,,
2001-02-16 00:00:00,BFL-N-0000,6,3600,,,
2001-02-19 00:00:00,BFL-N-0000,6,500,,,
2001-02-20 00:00:00,BFL-N-0000,6,3200,,,
2001-02-21 00:00:00,BFL-N-0000,6,400,,,
2001-02-22 00:00:00,BFL-N-0000,6,1500,,,
2001-02-23 00:00:00,BFL-N-0000,6.25,800,,,
2001-02-27 00:00:00,BFL-N-0000,6.25,1200,,,
2001-02-28 00:00:00,BFL-N-0000,6.25,300,,,
2001-03-01 00:00:00,BFL-N-0000,6.75,6000,,,
2001-03-05 00:00:00,BFL-N-0000,6.5,1400,,,
2001-03-06 00:00:00,BFL-N-0000,6.5,3400,,,
2001-03-07 00:00:00,BFL-N-0000,6.5,3100,,,
2001-03-08 00:00:00,BFL-N-0000,6.75,1000,,,
2001-03-13 00:00:00,BFL-N-0000,6.5,2500,,,
2001-03-14 00:00:00,BFL-N-0000,6.5,2500,,,
2001-03-16 00:00:00,BFL-N-0000,6.25,2100,,,
2001-03-19 00:00:00,BFL-N-0000,6.25,1000,,,
2001-03-21 00:00:00,BFL-N-0000,6.25,1500,,,
2001-03-23 00:00:00,BFL-N-0000,6.5,300,,,
2001-03-26 00:00:00,BFL-N-0000,6.25,1800,,,
2001-03-29 00:00:00,BFL-N-0000,6,1200,,,
2001-03-30 00:00:00,BFL-N-0000,6,2100,,,
2001-04-03 00:00:00,BFL-N-0000,6.75,600,,,
2001-04-11 00:00:00,BFL-N-0000,6.25,100,,,
2001-04-16 00:00:00,BFL-N-0000,7,2000,,,
2001-04-18 00:00:00,BFL-N-0000,6.25,15000,,,
2001-04-20 00:00:00,BFL-N-0000,6.75,1500,,,
2001-04-24 00:00:00,BFL-N-0000,6.25,100,,,
2001-04-25 00:00:00,BFL-N-0000,6.75,200,,,
2001-04-26 00:00:00,BFL-N-0000,6.5,2000,,,
2001-04-27 00:00:00,BFL-N-0000,6.75,400,,,
2001-05-03 00:00:00,BFL-N-0000,6.25,1400,,,
2001-05-15 00:00:00,BFL-N-0000,6.5,1200,,,
2001-05-16 00:00:00,BFL-N-0000,6.5,7700,,,
2001-05-18 00:00:00,BFL-N-0000,6.5,4000,,,
2001-05-21 00:00:00,BFL-N-0000,6.5,2000,,,
2001-05-22 00:00:00,BFL-N-0000,6.5,400,,,
2001-05-23 00:00:00,BFL-N-0000,6.25,5500,,,
2001-05-24 00:00:00,BFL-N-0000,6.25,4900,,,
2001-05-25 00:00:00,BFL-N-0000,6,20900,,,
2001-05-28 00:00:00,BFL-N-0000,6.25,5500,,,
2001-05-30 00:00:00,BFL-N-0000,6.5,12900,,,
2001-06-01 00:00:00,BFL-N-0000,6,200,,,
2001-06-04 00:00:00,BFL-N-0000,5.5,100,,,
2001-06-06 00:00:00,BFL-N-0000,6.25,100,,,
2001-06-11 00:00:00,BFL-N-0000,6,100,,,
2001-06-12 00:00:00,BFL-N-0000,5.75,49000,,,
2001-06-13 00:00:00,BFL-N-0000,6,45000,,,
2001-06-14 00:00:00,BFL-N-0000,6,5000,,,
2001-06-15 00:00:00,BFL-N-0000,6,19400,,,
2001-06-18 00:00:00,BFL-N-0000,6,400,,,
2001-06-20 00:00:00,BFL-N-0000,6,700,,,
2001-06-21 00:00:00,BFL-N-0000,6.25,2200,,,
2001-06-22 00:00:00,BFL-N-0000,6.5,6800,,,
2001-06-25 00:00:00,BFL-N-0000,6.25,4600,,,
2001-06-28 00:00:00,BFL-N-0000,6.25,1000,,,
2001-07-03 00:00:00,BFL-N-0000,6,500,,,
2001-07-04 00:00:00,BFL-N-0000,6,600,,,
2001-07-10 00:00:00,BFL-N-0000,6,200,,,
2001-07-11 00:00:00,BFL-N-0000,6,300,,,
2001-07-17 00:00:00,BFL-N-0000,6,100,,,
2001-07-18 00:00:00,BFL-N-0000,6,200,,,
2001-07-20 00:00:00,BFL-N-0000,6,3700,,,
2001-07-23 00:00:00,BFL-N-0000,6.25,2500,,,
2001-07-24 00:00:00,BFL-N-0000,6,2000,,,
2001-07-25 00:00:00,BFL-N-0000,6,1100,,,
2001-07-27 00:00:00,BFL-N-0000,6,1500,,,
2001-07-30 00:00:00,BFL-N-0000,5.75,1100,,,
2001-08-01 00:00:00,BFL-N-0000,5.75,2000,,,
2001-08-02 00:00:00,BFL-N-0000,6.25,100,,,
2001-08-09 00:00:00,BFL-N-0000,6,2700,,,
2001-08-10 00:00:00,BFL-N-0000,5.75,1600,,,
2001-08-14 00:00:00,BFL-N-0000,5.75,1000,,,
2001-08-16 00:00:00,BFL-N-0000,5,1400,,,
2001-08-20 00:00:00,BFL-N-0000,5.75,300,,,
2001-08-23 00:00:00,BFL-N-0000,5.75,1000,,,
2001-08-27 00:00:00,BFL-N-0000,5.5,500,,,
2001-08-28 00:00:00,BFL-N-0000,5.75,200,,,
2001-08-29 00:00:00,BFL-N-0000,6.25,200,,,
2001-08-31 00:00:00,BFL-N-0000,5.5,11700,,,
2001-09-03 00:00:00,BFL-N-0000,5.25,6300,,,
2001-09-04 00:00:00,BFL-N-0000,5,8200,,,
2001-09-07 00:00:00,BFL-N-0000,5,4800,,,
2001-09-10 00:00:00,BFL-N-0000,5.5,200,,,
2001-09-12 00:00:00,BFL-N-0000,5.75,1900,,,
2001-09-13 00:00:00,BFL-N-0000,5.75,2000,,,
2001-09-14 00:00:00,BFL-N-0000,6,9300,,,
2001-09-17 00:00:00,BFL-N-0000,6,400,,,
2001-09-20 00:00:00,BFL-N-0000,6.25,2200,,,
2001-09-21 00:00:00,BFL-N-0000,6,2000,,,
2001-09-24 00:00:00,BFL-N-0000,6,900,,,
2001-09-25 00:00:00,BFL-N-0000,6.25,200,,,
2001-09-26 00:00:00,BFL-N-0000,6,1100,,,
2001-09-27 00:00:00,BFL-N-0000,6,200,,,
2001-10-01 00:00:00,BFL-N-0000,6,200,,,
2001-10-04 00:00:00,BFL-N-0000,5.75,15600,,,
2001-10-05 00:00:00,BFL-N-0000,5.75,200,,,
2001-10-08 00:00:00,BFL-N-0000,5.75,300,,,
2001-10-09 00:00:00,BFL-N-0000,6,10700,,,
2001-10-10 00:00:00,BFL-N-0000,7,38100,,,
2001-10-11 00:00:00,BFL-N-0000,7,51600,,,
2001-10-12 00:00:00,BFL-N-0000,7,80600,,,
2001-10-15 00:00:00,BFL-N-0000,7,8900,,,
2001-10-16 00:00:00,BFL-N-0000,6.5,22100,,,
2001-10-18 00:00:00,BFL-N-0000,7,13200,,,
2001-10-22 00:00:00,BFL-N-0000,7.75,24000,,,
2001-10-23 00:00:00,BFL-N-0000,8.25,45200,,,
2001-10-26 00:00:00,BFL-N-0000,7.75,1400,,,
2001-10-29 00:00:00,BFL-N-0000,8,100,,,
2001-10-30 00:00:00,BFL-N-0000,8,100,,,
2001-11-05 00:00:00,BFL-N-0000,7.75,1100,,,
2001-11-06 00:00:00,BFL-N-0000,7.5,900,,,
2001-11-07 00:00:00,BFL-N-0000,7.5,100,,,
2001-11-12 00:00:00,BFL-N-0000,7.25,8600,,,
2001-11-13 00:00:00,BFL-N-0000,7.5,3400,,,
2001-11-15 00:00:00,BFL-N-0000,9,101500,,,
2001-11-16 00:00:00,BFL-N-0000,10,123500,,,
2001-11-19 00:00:00,BFL-N-0000,10.75,63200,,,
2001-11-20 00:00:00,BFL-N-0000,10,64100,,,
2001-11-21 00:00:00,BFL-N-0000,11,20700,,,
2001-11-22 00:00:00,BFL-N-0000,10.75,61100,,,
2001-11-23 00:00:00,BFL-N-0000,9.75,14500,,,
2001-11-26 00:00:00,BFL-N-0000,9.5,29300,,,
2001-11-27 00:00:00,BFL-N-0000,9.5,47200,,,
2001-11-28 00:00:00,BFL-N-0000,9.75,24400,,,
2001-11-29 00:00:00,BFL-N-0000,9,21300,,,
2001-12-03 00:00:00,BFL-N-0000,8.25,88000,,,
2001-12-04 00:00:00,BFL-N-0000,8.25,44200,,,
2001-12-05 00:00:00,BFL-N-0000,8.5,42700,,,
2001-12-07 00:00:00,BFL-N-0000,12,282300,,,
2001-12-10 00:00:00,BFL-N-0000,11.5,205600,,,
2001-12-11 00:00:00,BFL-N-0000,11,55300,,,
2001-12-12 00:00:00,BFL-N-0000,9.75,23500,,,
2001-12-13 00:00:00,BFL-N-0000,9.75,39500,,,
2001-12-14 00:00:00,BFL-N-0000,10,12800,,,
2001-12-17 00:00:00,BFL-N-0000,10.25,22300,,,
2001-12-18 00:00:00,BFL-N-0000,9.5,23100,,,
2001-12-19 00:00:00,BFL-N-0000,9,14300,,,
2001-12-20 00:00:00,BFL-N-0000,9,9700,,,
2001-12-21 00:00:00,BFL-N-0000,9,5000,,,
2001-12-27 00:00:00,BFL-N-0000,9.25,100,,,
2001-12-28 00:00:00,BFL-N-0000,9.75,6600,,,
2001-12-31 00:00:00,BFL-N-0000,9.5,17300,,,
2002-01-02 00:00:00,BFL-N-0000,9.5,4300,,,
2002-01-03 00:00:00,BFL-N-0000,9.25,2400,,,
2002-01-04 00:00:00,BFL-N-0000,9.25,2500,,,
2002-01-07 00:00:00,BFL-N-0000,9,11400,,,
2002-01-08 00:00:00,BFL-N-0000,8.5,11100,,,
2002-01-10 00:00:00,BFL-N-0000,8.5,2100,,,
2002-01-11 00:00:00,BFL-N-0000,8.5,5000,,,
2002-01-15 00:00:00,BFL-N-0000,8.25,5500,,,
2002-01-16 00:00:00,BFL-N-0000,8.25,18200,,,
2002-01-17 00:00:00,BFL-N-0000,8,5100,,,
2002-01-18 00:00:00,BFL-N-0000,8,14900,,,
2002-01-21 00:00:00,BFL-N-0000,8.5,1500,,,
2002-01-22 00:00:00,BFL-N-0000,8,4500,,,
2002-01-24 00:00:00,BFL-N-0000,8.75,16500,,,
2002-01-25 00:00:00,BFL-N-0000,9.75,61700,,,
2002-01-29 00:00:00,BFL-N-0000,9.25,3500,,,
2002-01-30 00:00:00,BFL-N-0000,9,300,,,
2002-01-31 00:00:00,BFL-N-0000,8.75,1500,,,
2002-02-05 00:00:00,BFL-N-0000,8.75,100,,,
2002-02-06 00:00:00,BFL-N-0000,8.5,2000,,,
2002-02-08 00:00:00,BFL-N-0000,8.5,3600,,,
2001-01-02 00:00:00,BALA-N-000,22.75,200,,,
2001-01-03 00:00:00,BALA-N-000,22.25,1900,,,
2001-01-04 00:00:00,BALA-N-000,22.25,1800,,,
2001-01-05 00:00:00,BALA-N-000,22.25,1000,,,
2001-01-10 00:00:00,BALA-N-000,22,1100,,,
2001-01-11 00:00:00,BALA-N-000,22,3100,,,
2001-01-12 00:00:00,BALA-N-000,22,200,,,
2001-01-16 00:00:00,BALA-N-000,22.5,500,,,
2001-01-17 00:00:00,BALA-N-000,22.5,200,,,
2001-01-18 00:00:00,BALA-N-000,22.5,4100,,,
2001-01-19 00:00:00,BALA-N-000,21.5,2700,,,
2001-01-22 00:00:00,BALA-N-000,21.5,1400,,,
2001-01-23 00:00:00,BALA-N-000,21.75,4700,,,
2001-01-24 00:00:00,BALA-N-000,21.75,1800,,,
2001-01-25 00:00:00,BALA-N-000,21.5,1700,,,
2001-01-26 00:00:00,BALA-N-000,21.5,4700,,,
2001-01-29 00:00:00,BALA-N-000,21.5,4200,,,
2001-01-30 00:00:00,BALA-N-000,21,600,,,
2001-01-31 00:00:00,BALA-N-000,20.75,400,,,
2001-02-01 00:00:00,BALA-N-000,21,400,,,
2001-02-02 00:00:00,BALA-N-000,21,300,,,
2001-02-08 00:00:00,BALA-N-000,21,1300,,,
2001-02-09 00:00:00,BALA-N-000,21,1000,,,
2001-02-12 00:00:00,BALA-N-000,20.5,100,,,
2001-02-13 00:00:00,BALA-N-000,20.5,200,,,
2001-02-14 00:00:00,BALA-N-000,20.5,300,,,
2001-02-15 00:00:00,BALA-N-000,20.5,300,,,
2001-02-16 00:00:00,BALA-N-000,20.5,3700,,,
2001-02-19 00:00:00,BALA-N-000,20.5,5100,,,
2001-02-20 00:00:00,BALA-N-000,20.5,300,,,
2001-02-21 00:00:00,BALA-N-000,20.5,200,,,
2001-02-22 00:00:00,BALA-N-000,20.5,100,,,
2001-02-23 00:00:00,BALA-N-000,20.5,600,,,
2001-02-26 00:00:00,BALA-N-000,20.5,300,,,
2001-02-27 00:00:00,BALA-N-000,20,2600,,,
2001-02-28 00:00:00,BALA-N-000,20.5,300,,,
2001-03-01 00:00:00,BALA-N-000,21,400,,,
2001-03-02 00:00:00,BALA-N-000,20.5,1700,,,
2001-03-06 00:00:00,BALA-N-000,20.5,600,,,
2001-03-07 00:00:00,BALA-N-000,20.5,2500,,,
2001-03-08 00:00:00,BALA-N-000,21,3700,,,
2001-03-12 00:00:00,BALA-N-000,19.75,1400,,,
2001-03-13 00:00:00,BALA-N-000,19.5,2900,,,
2001-03-14 00:00:00,BALA-N-000,19.75,500,,,
2001-03-16 00:00:00,BALA-N-000,20.5,1900,,,
2001-03-19 00:00:00,BALA-N-000,20.5,3700,,,
2001-03-20 00:00:00,BALA-N-000,20,100,,,
2001-03-21 00:00:00,BALA-N-000,20,1100,,,
2001-03-22 00:00:00,BALA-N-000,19.5,1100,,,
2001-03-23 00:00:00,BALA-N-000,19,500,,,
2001-03-26 00:00:00,BALA-N-000,19,600,,,
2001-03-27 00:00:00,BALA-N-000,18.5,1000,,,
2001-03-28 00:00:00,BALA-N-000,18.5,600,,,
2001-03-29 00:00:00,BALA-N-000,18.25,300,,,
2001-03-30 00:00:00,BALA-N-000,18.5,2500,,,
2001-04-02 00:00:00,BALA-N-000,18.5,400,,,
2001-04-03 00:00:00,BALA-N-000,18,6100,,,
2001-04-04 00:00:00,BALA-N-000,17.75,500,,,
2001-04-06 00:00:00,BALA-N-000,18,500,,,
2001-04-09 00:00:00,BALA-N-000,17.25,7100,,,
2001-04-18 00:00:00,BALA-N-000,17.75,200,,,
2001-04-19 00:00:00,BALA-N-000,17.5,13100,,,
2001-04-20 00:00:00,BALA-N-000,17.25,800,,,
2001-04-23 00:00:00,BALA-N-000,17.25,900,,,
2001-04-24 00:00:00,BALA-N-000,17.5,100,,,
2001-04-25 00:00:00,BALA-N-000,17.5,100,,,
2001-04-26 00:00:00,BALA-N-000,17.75,1000,,,
2001-04-27 00:00:00,BALA-N-000,17.75,200,,,
2001-05-02 00:00:00,BALA-N-000,17.75,500,,,
2001-05-04 00:00:00,BALA-N-000,18.75,11100,,,
2001-05-09 00:00:00,BALA-N-000,18.75,2100,,,
2001-05-11 00:00:00,BALA-N-000,18.75,700,,,
2001-05-14 00:00:00,BALA-N-000,18.75,300,,,
2001-05-15 00:00:00,BALA-N-000,18.75,600,,,
2001-05-16 00:00:00,BALA-N-000,18.75,200,,,
2001-05-17 00:00:00,BALA-N-000,18.75,11600,,,
2001-05-18 00:00:00,BALA-N-000,18.75,500,,,
2001-05-21 00:00:00,BALA-N-000,18.75,1800,,,
2001-05-22 00:00:00,BALA-N-000,18.75,4200,,,
2001-05-23 00:00:00,BALA-N-000,18.75,33200,,,
2001-05-24 00:00:00,BALA-N-000,18.75,100,,,
2001-05-25 00:00:00,BALA-N-000,18.75,1700,,,
2001-05-28 00:00:00,BALA-N-000,18.75,100,,,
2001-05-30 00:00:00,BALA-N-000,18.5,11700,,,
2001-05-31 00:00:00,BALA-N-000,18.25,2600,,,
2001-06-01 00:00:00,BALA-N-000,17.75,1600,,,
2001-06-04 00:00:00,BALA-N-000,17.75,700,,,
2001-06-06 00:00:00,BALA-N-000,17.75,100,,,
2001-06-07 00:00:00,BALA-N-000,17.75,100,,,
2001-06-08 00:00:00,BALA-N-000,17.75,200,,,
2001-06-11 00:00:00,BALA-N-000,17.75,2100,,,
2001-06-12 00:00:00,BALA-N-000,17.5,1500,,,
2001-06-13 00:00:00,BALA-N-000,17.5,1600,,,
2001-06-14 00:00:00,BALA-N-000,17.75,4100,,,
2001-06-15 00:00:00,BALA-N-000,17.75,100,,,
2001-06-18 00:00:00,BALA-N-000,17.75,2000,,,
2001-06-19 00:00:00,BALA-N-000,17.75,600,,,
2001-06-20 00:00:00,BALA-N-000,18.5,5700,,,
2001-06-22 00:00:00,BALA-N-000,19.25,2900,,,
2001-06-25 00:00:00,BALA-N-000,18.75,1600,,,
2001-06-27 00:00:00,BALA-N-000,17.75,900,,,
2001-06-28 00:00:00,BALA-N-000,17.75,4200,,,
2001-06-29 00:00:00,BALA-N-000,17.75,1800,,,
2001-07-02 00:00:00,BALA-N-000,17.75,900,,,
2001-07-03 00:00:00,BALA-N-000,18,2300,,,
2001-07-04 00:00:00,BALA-N-000,18,1200,,,
2001-07-06 00:00:00,BALA-N-000,18,1800,,,
2001-07-09 00:00:00,BALA-N-000,18.25,2200,,,
2001-07-10 00:00:00,BALA-N-000,18.25,1200,,,
2001-07-11 00:00:00,BALA-N-000,17.75,5900,,,
2001-07-12 00:00:00,BALA-N-000,17.75,10300,,,
2001-07-13 00:00:00,BALA-N-000,18,1000,,,
2001-07-17 00:00:00,BALA-N-000,17.75,2900,,,
2001-07-18 00:00:00,BALA-N-000,17.75,1100,,,
2001-07-19 00:00:00,BALA-N-000,17.75,100,,,
2001-07-20 00:00:00,BALA-N-000,18,500,,,
2001-07-23 00:00:00,BALA-N-000,18.5,3900,,,
2001-07-24 00:00:00,BALA-N-000,18,3100,,,
2001-07-25 00:00:00,BALA-N-000,18.25,28800,,,
2001-07-26 00:00:00,BALA-N-000,18,500,,,
2001-07-27 00:00:00,BALA-N-000,18.25,700,,,
2001-07-31 00:00:00,BALA-N-000,18.5,700,,,
2001-08-01 00:00:00,BALA-N-000,18.5,3600,,,
2001-08-02 00:00:00,BALA-N-000,18.5,13400,,,
2001-08-06 00:00:00,BALA-N-000,18.5,1200,,,
2001-08-07 00:00:00,BALA-N-000,18.5,1600,,,
2001-08-08 00:00:00,BALA-N-000,18.5,500,,,
2001-08-09 00:00:00,BALA-N-000,18,14600,,,
2001-08-10 00:00:00,BALA-N-000,17.75,1700,,,
2001-08-13 00:00:00,BALA-N-000,17.75,1000,,,
2001-08-14 00:00:00,BALA-N-000,17.25,2300,,,
2001-08-15 00:00:00,BALA-N-000,17,1000,,,
2001-08-16 00:00:00,BALA-N-000,16.75,5000,,,
2001-08-17 00:00:00,BALA-N-000,17,3200,,,
2001-08-20 00:00:00,BALA-N-000,16,100,,,
2001-08-21 00:00:00,BALA-N-000,15,2000,,,
2001-08-22 00:00:00,BALA-N-000,15,100,,,
2001-08-23 00:00:00,BALA-N-000,15,500,,,
2001-08-24 00:00:00,BALA-N-000,14.75,300,,,
2001-08-27 00:00:00,BALA-N-000,14.75,200,,,
2001-08-28 00:00:00,BALA-N-000,15,2600,,,
2001-08-29 00:00:00,BALA-N-000,15,2000,,,
2001-08-30 00:00:00,BALA-N-000,15.25,300,,,
2001-08-31 00:00:00,BALA-N-000,16,1700,,,
2001-09-04 00:00:00,BALA-N-000,14.5,1400,,,
2001-09-05 00:00:00,BALA-N-000,15,100,,,
2001-09-06 00:00:00,BALA-N-000,15.5,1100,,,
2001-09-07 00:00:00,BALA-N-000,15.25,500,,,
2001-09-11 00:00:00,BALA-N-000,15,1000,,,
2001-09-12 00:00:00,BALA-N-000,15,700,,,
2001-09-13 00:00:00,BALA-N-000,14.5,1000,,,
2001-09-18 00:00:00,BALA-N-000,14.5,3400,,,
2001-09-19 00:00:00,BALA-N-000,14.5,3600,,,
2001-09-20 00:00:00,BALA-N-000,14.5,300,,,
2001-09-21 00:00:00,BALA-N-000,14.5,300,,,
2001-09-26 00:00:00,BALA-N-000,14.5,500,,,
2001-09-27 00:00:00,BALA-N-000,14.25,1200,,,
2001-09-28 00:00:00,BALA-N-000,14.25,3600,,,
2001-10-03 00:00:00,BALA-N-000,14.25,100,,,
2001-10-10 00:00:00,BALA-N-000,17,18300,,,
2001-10-11 00:00:00,BALA-N-000,18.5,22200,,,
2001-10-12 00:00:00,BALA-N-000,19.5,10200,,,
2001-10-15 00:00:00,BALA-N-000,18,18300,,,
2001-10-16 00:00:00,BALA-N-000,17.5,6500,,,
2001-10-17 00:00:00,BALA-N-000,18,800,,,
2001-10-18 00:00:00,BALA-N-000,17.75,1000,,,
2001-10-19 00:00:00,BALA-N-000,17.75,400,,,
2001-10-22 00:00:00,BALA-N-000,18,6400,,,
2001-10-23 00:00:00,BALA-N-000,18.5,74000,,,
2001-10-24 00:00:00,BALA-N-000,19.25,28000,,,
2001-10-25 00:00:00,BALA-N-000,18.75,25100,,,
2001-10-26 00:00:00,BALA-N-000,18,137000,,,
2001-10-29 00:00:00,BALA-N-000,18.5,7500,,,
2001-10-30 00:00:00,BALA-N-000,18.5,37700,,,
2001-11-01 00:00:00,BALA-N-000,18.5,27600,,,
2001-11-02 00:00:00,BALA-N-000,18,4400,,,
2001-11-05 00:00:00,BALA-N-000,18.25,3000,,,
2001-11-06 00:00:00,BALA-N-000,18,1100,,,
2001-11-07 00:00:00,BALA-N-000,18.25,2700,,,
2001-11-08 00:00:00,BALA-N-000,18.5,1200,,,
2001-11-09 00:00:00,BALA-N-000,18.5,2200,,,
2001-11-12 00:00:00,BALA-N-000,18.5,10300,,,
2001-11-13 00:00:00,BALA-N-000,18.75,5100,,,
2001-11-14 00:00:00,BALA-N-000,19.5,19000,,,
2001-11-15 00:00:00,BALA-N-000,20,11000,,,
2001-11-16 00:00:00,BALA-N-000,22,87500,,,
2001-11-19 00:00:00,BALA-N-000,21.75,36500,,,
2001-11-20 00:00:00,BALA-N-000,21,48000,,,
2001-11-21 00:00:00,BALA-N-000,21.75,10700,,,
2001-11-22 00:00:00,BALA-N-000,22.75,15200,,,
2001-11-23 00:00:00,BALA-N-000,22,11300,,,
2001-11-26 00:00:00,BALA-N-000,21,1300,,,
2001-11-27 00:00:00,BALA-N-000,20.5,2500,,,
2001-11-28 00:00:00,BALA-N-000,22.25,10600,,,
2001-11-29 00:00:00,BALA-N-000,22,8600,,,
2001-12-03 00:00:00,BALA-N-000,21.25,14500,,,
2001-12-04 00:00:00,BALA-N-000,20.75,8100,,,
2001-12-05 00:00:00,BALA-N-000,20.5,14800,,,
2001-12-07 00:00:00,BALA-N-000,26,33600,,,
2001-12-10 00:00:00,BALA-N-000,27,47100,,,
2001-12-11 00:00:00,BALA-N-000,25,23400,,,
2001-12-12 00:00:00,BALA-N-000,24.25,21600,,,
2001-12-13 00:00:00,BALA-N-000,22.25,4400,,,
2001-12-14 00:00:00,BALA-N-000,23.25,6700,,,
2001-12-17 00:00:00,BALA-N-000,23.5,1600,,,
2001-12-19 00:00:00,BALA-N-000,21,8400,,,
2001-12-20 00:00:00,BALA-N-000,21,3000,,,
2001-12-21 00:00:00,BALA-N-000,21,4100,,,
2001-12-27 00:00:00,BALA-N-000,23,2700,,,
2001-12-28 00:00:00,BALA-N-000,23.5,5800,,,
2001-12-31 00:00:00,BALA-N-000,23.5,30800,,,
2002-01-02 00:00:00,BALA-N-000,22,4700,,,
2002-01-03 00:00:00,BALA-N-000,22.5,4400,,,
2002-01-04 00:00:00,BALA-N-000,22,100,,,
2002-01-07 00:00:00,BALA-N-000,21,11600,,,
2002-01-08 00:00:00,BALA-N-000,21.5,6300,,,
2002-01-10 00:00:00,BALA-N-000,21,200,,,
2002-01-11 00:00:00,BALA-N-000,20,2100,,,
2002-01-15 00:00:00,BALA-N-000,20,6800,,,
2002-01-16 00:00:00,BALA-N-000,19.75,3100,,,
2002-01-17 00:00:00,BALA-N-000,19,2100,,,
2002-01-18 00:00:00,BALA-N-000,24,7700,,,
2002-01-21 00:00:00,BALA-N-000,24,600,,,
2002-01-23 00:00:00,BALA-N-000,22,100,,,
2002-01-24 00:00:00,BALA-N-000,21,500,,,
2002-01-25 00:00:00,BALA-N-000,22,3000,,,
2002-01-30 00:00:00,BALA-N-000,21,3100,,,
2002-01-31 00:00:00,BALA-N-000,20.5,800,,,
2002-02-01 00:00:00,BALA-N-000,20.75,100,,,
2002-02-05 00:00:00,BALA-N-000,21,200,,,
2002-02-07 00:00:00,BALA-N-000,21,200,,,
2002-02-08 00:00:00,BALA-N-000,21,1500,,,
2002-02-11 00:00:00,BALA-N-000,20,100,,,
2001-01-02 00:00:00,BATA-N-000,8,500,,,
2001-01-04 00:00:00,BATA-N-000,8,1000,,,
2001-01-12 00:00:00,BATA-N-000,8,200,,,
2001-01-19 00:00:00,BATA-N-000,8,100,,,
2001-01-23 00:00:00,BATA-N-000,8,300,,,
2001-01-24 00:00:00,BATA-N-000,8.5,3100,,,
2001-01-30 00:00:00,BATA-N-000,7,38400,,,
2001-02-02 00:00:00,BATA-N-000,7,14500,,,
2001-02-14 00:00:00,BATA-N-000,7.25,500,,,
2001-02-16 00:00:00,BATA-N-000,6.75,600,,,
2001-02-20 00:00:00,BATA-N-000,7,1100,,,
2001-02-23 00:00:00,BATA-N-000,7.5,500,,,
2001-03-08 00:00:00,BATA-N-000,7,1000,,,
2001-03-13 00:00:00,BATA-N-000,7,800,,,
2001-03-20 00:00:00,BATA-N-000,7,1000,,,
2001-03-21 00:00:00,BATA-N-000,6.75,300,,,
2001-03-22 00:00:00,BATA-N-000,6.75,1400,,,
2001-03-27 00:00:00,BATA-N-000,6.75,2800,,,
2001-03-28 00:00:00,BATA-N-000,6.75,500,,,
2001-04-18 00:00:00,BATA-N-000,7,100,,,
2001-04-20 00:00:00,BATA-N-000,7,200,,,
2001-04-24 00:00:00,BATA-N-000,6.75,5000,,,
2001-04-26 00:00:00,BATA-N-000,6.75,400,,,
2001-05-02 00:00:00,BATA-N-000,6.5,10000,,,
2001-05-03 00:00:00,BATA-N-000,6.75,300,,,
2001-05-04 00:00:00,BATA-N-000,6.5,100,,,
2001-05-09 00:00:00,BATA-N-000,6.5,700,,,
2001-05-10 00:00:00,BATA-N-000,6.25,200,,,
2001-05-16 00:00:00,BATA-N-000,6.5,100,,,
2001-05-17 00:00:00,BATA-N-000,6.5,3600,,,
2001-05-18 00:00:00,BATA-N-000,6.5,100,,,
2001-05-22 00:00:00,BATA-N-000,6.5,1000,,,
2001-05-25 00:00:00,BATA-N-000,6.5,2000,,,
2001-05-30 00:00:00,BATA-N-000,6.5,5000,,,
2001-06-01 00:00:00,BATA-N-000,6.5,700,,,
2001-06-04 00:00:00,BATA-N-000,6.25,100,,,
2001-06-06 00:00:00,BATA-N-000,6.5,100,,,
2001-06-07 00:00:00,BATA-N-000,6,21200,,,
2001-06-11 00:00:00,BATA-N-000,5.75,100,,,
2001-06-15 00:00:00,BATA-N-000,6,900,,,
2001-06-18 00:00:00,BATA-N-000,6,4100,,,
2001-06-20 00:00:00,BATA-N-000,6,2100,,,
2001-06-21 00:00:00,BATA-N-000,6.25,4700,,,
2001-06-22 00:00:00,BATA-N-000,6.25,200,,,
2001-06-25 00:00:00,BATA-N-000,6.5,3200,,,
2001-06-27 00:00:00,BATA-N-000,6.5,1000,,,
2001-06-28 00:00:00,BATA-N-000,6,9200,,,
2001-06-29 00:00:00,BATA-N-000,6.5,3300,,,
2001-07-02 00:00:00,BATA-N-000,6.5,400,,,
2001-07-03 00:00:00,BATA-N-000,6.5,300,,,
2001-07-04 00:00:00,BATA-N-000,6.5,3000,,,
2001-07-10 00:00:00,BATA-N-000,6.5,2500,,,
2001-07-11 00:00:00,BATA-N-000,6.5,2000,,,
2001-07-13 00:00:00,BATA-N-000,6.25,1000,,,
2001-07-16 00:00:00,BATA-N-000,6.25,800,,,
2001-07-19 00:00:00,BATA-N-000,6.25,700,,,
2001-07-20 00:00:00,BATA-N-000,6,1000,,,
2001-07-24 00:00:00,BATA-N-000,6,1200,,,
2001-07-30 00:00:00,BATA-N-000,6,900,,,
2001-08-06 00:00:00,BATA-N-000,6,900,,,
2001-08-09 00:00:00,BATA-N-000,6.25,700,,,
2001-08-13 00:00:00,BATA-N-000,6.25,100,,,
2001-08-14 00:00:00,BATA-N-000,6.25,9300,,,
2001-08-15 00:00:00,BATA-N-000,6,400,,,
2001-08-16 00:00:00,BATA-N-000,6,2700,,,
2001-08-22 00:00:00,BATA-N-000,6,900,,,
2001-08-23 00:00:00,BATA-N-000,6.25,1000,,,
2001-08-27 00:00:00,BATA-N-000,6.25,800,,,
2001-09-03 00:00:00,BATA-N-000,6.25,800,,,
2001-09-04 00:00:00,BATA-N-000,6.25,600,,,
2001-09-11 00:00:00,BATA-N-000,6,2500,,,
2001-09-13 00:00:00,BATA-N-000,6,200,,,
2001-09-17 00:00:00,BATA-N-000,6,900,,,
2001-09-21 00:00:00,BATA-N-000,6,200,,,
2001-09-25 00:00:00,BATA-N-000,6,1700,,,
2001-10-15 00:00:00,BATA-N-000,6.25,1400,,,
2001-10-16 00:00:00,BATA-N-000,6,45200,,,
2001-10-19 00:00:00,BATA-N-000,6,5200,,,
2001-10-23 00:00:00,BATA-N-000,6,700,,,
2001-10-24 00:00:00,BATA-N-000,6.5,4100,,,
2001-10-25 00:00:00,BATA-N-000,6.5,1000,,,
2001-10-29 00:00:00,BATA-N-000,6.5,1800,,,
2001-10-30 00:00:00,BATA-N-000,6.75,800,,,
2001-11-01 00:00:00,BATA-N-000,6.75,400,,,
2001-11-05 00:00:00,BATA-N-000,6.75,2700,,,
2001-11-06 00:00:00,BATA-N-000,6.75,100,,,
2001-11-07 00:00:00,BATA-N-000,6.75,200,,,
2001-11-16 00:00:00,BATA-N-000,7,2600,,,
2001-11-19 00:00:00,BATA-N-000,7,1500,,,
2001-11-20 00:00:00,BATA-N-000,7.25,3500,,,
2001-11-21 00:00:00,BATA-N-000,9,3400,,,
2001-11-22 00:00:00,BATA-N-000,9.5,4300,,,
2001-11-26 00:00:00,BATA-N-000,9,800,,,
2001-11-27 00:00:00,BATA-N-000,8,200,,,
2001-11-29 00:00:00,BATA-N-000,8,500,,,
2001-12-03 00:00:00,BATA-N-000,7.75,600,,,
2001-12-05 00:00:00,BATA-N-000,7.75,200,,,
2001-12-07 00:00:00,BATA-N-000,9,1100,,,
2001-12-10 00:00:00,BATA-N-000,9.5,13300,,,
2001-12-11 00:00:00,BATA-N-000,9.75,7400,,,
2001-12-12 00:00:00,BATA-N-000,9,7600,,,
2001-12-13 00:00:00,BATA-N-000,8.5,4700,,,
2001-12-17 00:00:00,BATA-N-000,8.5,1200,,,
2001-12-18 00:00:00,BATA-N-000,8.5,1400,,,
2001-12-21 00:00:00,BATA-N-000,8.5,1100,,,
2001-12-27 00:00:00,BATA-N-000,9.25,900,,,
2001-12-28 00:00:00,BATA-N-000,9.25,500,,,
2001-12-31 00:00:00,BATA-N-000,9.5,4900,,,
2002-01-02 00:00:00,BATA-N-000,9,1700,,,
2002-01-03 00:00:00,BATA-N-000,9,400,,,
2002-01-08 00:00:00,BATA-N-000,9.25,300,,,
2002-01-09 00:00:00,BATA-N-000,9.25,700,,,
2002-01-11 00:00:00,BATA-N-000,9,1000,,,
2002-01-17 00:00:00,BATA-N-000,8.75,3200,,,
2002-01-21 00:00:00,BATA-N-000,8.75,800,,,
2002-01-23 00:00:00,BATA-N-000,8.5,200,,,
2002-01-25 00:00:00,BATA-N-000,8.75,400,,,
2002-01-30 00:00:00,BATA-N-000,8.5,3000,,,
2002-02-01 00:00:00,BATA-N-000,8.5,800,,,
2002-02-05 00:00:00,BATA-N-000,8.5,1000,,,
2002-02-07 00:00:00,BATA-N-000,8,3200,,,
2002-02-08 00:00:00,BATA-N-000,7.75,300,,,
2002-02-11 00:00:00,BATA-N-000,8,2300,,,
2001-03-13 00:00:00,BINN-N-000,25,100,,,
2002-01-29 00:00:00,BINN-N-000,25,100,,,
2002-02-06 00:00:00,BINN-N-000,23,4800,,,
2001-01-02 00:00:00,BLUE-N-000,4,2900,,,
2001-01-03 00:00:00,BLUE-N-000,4,3500,,,
2001-01-04 00:00:00,BLUE-N-000,3.75,50600,,,
2001-01-05 00:00:00,BLUE-N-000,3.75,14700,,,
2001-01-08 00:00:00,BLUE-N-000,3.5,96300,,,
2001-01-10 00:00:00,BLUE-N-000,3.5,3600,,,
2001-01-11 00:00:00,BLUE-N-000,3.5,8600,,,
2001-01-12 00:00:00,BLUE-N-000,3.5,700,,,
2001-01-16 00:00:00,BLUE-N-000,3.5,200,,,
2001-01-17 00:00:00,BLUE-N-000,3.5,5900,,,
2001-01-19 00:00:00,BLUE-N-000,3.5,5900,,,
2001-01-22 00:00:00,BLUE-N-000,3.5,17700,,,
2001-01-23 00:00:00,BLUE-N-000,3.5,4000,,,
2001-01-24 00:00:00,BLUE-N-000,3.75,43600,,,
2001-01-25 00:00:00,BLUE-N-000,3.75,6400,,,
2001-01-26 00:00:00,BLUE-N-000,3.5,10000,,,
2001-01-29 00:00:00,BLUE-N-000,3.5,12600,,,
2001-01-30 00:00:00,BLUE-N-000,3.5,9500,,,
2001-01-31 00:00:00,BLUE-N-000,3.5,76700,,,
2001-02-06 00:00:00,BLUE-N-000,3.25,2000,,,
2001-02-08 00:00:00,BLUE-N-000,3.25,3100,,,
2001-02-12 00:00:00,BLUE-N-000,3.25,3100,,,
2001-02-13 00:00:00,BLUE-N-000,3.25,41300,,,
2001-02-14 00:00:00,BLUE-N-000,3.25,10200,,,
2001-02-15 00:00:00,BLUE-N-000,3.25,1900,,,
2001-02-16 00:00:00,BLUE-N-000,3,15300,,,
2001-02-19 00:00:00,BLUE-N-000,3,3000,,,
2001-02-20 00:00:00,BLUE-N-000,3,3300,,,
2001-02-21 00:00:00,BLUE-N-000,3.25,500,,,
2001-02-22 00:00:00,BLUE-N-000,3,6000,,,
2001-02-23 00:00:00,BLUE-N-000,3,5400,,,
2001-03-01 00:00:00,BLUE-N-000,3,9500,,,
2001-03-07 00:00:00,BLUE-N-000,2.75,20000,,,
2001-03-08 00:00:00,BLUE-N-000,2.75,1300,,,
2001-03-12 00:00:00,BLUE-N-000,2.75,7000,,,
2001-03-13 00:00:00,BLUE-N-000,2.5,4200,,,
2001-03-14 00:00:00,BLUE-N-000,2.5,1000,,,
2001-03-15 00:00:00,BLUE-N-000,2.5,7600,,,
2001-03-16 00:00:00,BLUE-N-000,2.5,4000,,,
2001-03-19 00:00:00,BLUE-N-000,2.75,17700,,,
2001-03-20 00:00:00,BLUE-N-000,2.75,800,,,
2001-03-21 00:00:00,BLUE-N-000,2.5,15200,,,
2001-03-22 00:00:00,BLUE-N-000,2.5,28400,,,
2001-03-23 00:00:00,BLUE-N-000,2.5,12500,,,
2001-03-26 00:00:00,BLUE-N-000,2.25,25000,,,
2001-03-29 00:00:00,BLUE-N-000,2.25,100,,,
2001-04-03 00:00:00,BLUE-N-000,2.25,200,,,
2001-04-05 00:00:00,BLUE-N-000,2,11700,,,
2001-04-06 00:00:00,BLUE-N-000,2.25,8200,,,
2001-04-09 00:00:00,BLUE-N-000,2.25,2600,,,
2001-04-16 00:00:00,BLUE-N-000,2.25,2500,,,
2001-04-17 00:00:00,BLUE-N-000,2.25,500,,,
2001-04-18 00:00:00,BLUE-N-000,2.25,500,,,
2001-04-19 00:00:00,BLUE-N-000,2.25,6000,,,
2001-04-20 00:00:00,BLUE-N-000,2.25,7800,,,
2001-04-23 00:00:00,BLUE-N-000,2,7000,,,
2001-04-24 00:00:00,BLUE-N-000,2,31000,,,
2001-04-25 00:00:00,BLUE-N-000,2,7300,,,
2001-04-26 00:00:00,BLUE-N-000,2,500,,,
2001-04-30 00:00:00,BLUE-N-000,2,6200,,,
2001-05-10 00:00:00,BLUE-N-000,1.75,11400,,,
2001-05-11 00:00:00,BLUE-N-000,2,12500,,,
2001-05-15 00:00:00,BLUE-N-000,2,20000,,,
2001-05-16 00:00:00,BLUE-N-000,1.75,16500,,,
2001-05-17 00:00:00,BLUE-N-000,1.75,5000,,,
2001-05-18 00:00:00,BLUE-N-000,1.75,100,,,
2001-05-21 00:00:00,BLUE-N-000,2,1000,,,
2001-05-22 00:00:00,BLUE-N-000,2,5200,,,
2001-05-24 00:00:00,BLUE-N-000,2,10500,,,
2001-05-25 00:00:00,BLUE-N-000,2,2000,,,
2001-05-28 00:00:00,BLUE-N-000,2,10500,,,
2001-05-29 00:00:00,BLUE-N-000,2,5500,,,
2001-06-07 00:00:00,BLUE-N-000,1.75,43500,,,
2001-06-08 00:00:00,BLUE-N-000,1.75,27900,,,
2001-06-11 00:00:00,BLUE-N-000,1.75,5100,,,
2001-06-12 00:00:00,BLUE-N-000,1.75,12100,,,
2001-06-13 00:00:00,BLUE-N-000,1.75,7100,,,
2001-06-14 00:00:00,BLUE-N-000,2,52500,,,
2001-06-15 00:00:00,BLUE-N-000,2,10500,,,
2001-06-18 00:00:00,BLUE-N-000,2,20600,,,
2001-06-19 00:00:00,BLUE-N-000,2.75,129100,,,
2001-06-20 00:00:00,BLUE-N-000,2.75,135200,,,
2001-06-21 00:00:00,BLUE-N-000,3,110800,,,
2001-06-22 00:00:00,BLUE-N-000,3,30700,,,
2001-06-25 00:00:00,BLUE-N-000,2.75,22500,,,
2001-06-26 00:00:00,BLUE-N-000,2.75,6100,,,
2001-06-27 00:00:00,BLUE-N-000,2.5,32000,,,
2001-06-29 00:00:00,BLUE-N-000,2.75,19600,,,
2001-07-03 00:00:00,BLUE-N-000,2.5,1100,,,
2001-07-04 00:00:00,BLUE-N-000,2.75,53900,,,
2001-07-09 00:00:00,BLUE-N-000,2.5,5000,,,
2001-07-10 00:00:00,BLUE-N-000,2.5,3300,,,
2001-07-11 00:00:00,BLUE-N-000,2.25,34700,,,
2001-07-12 00:00:00,BLUE-N-000,2.25,1000,,,
2001-07-13 00:00:00,BLUE-N-000,2.5,20300,,,
2001-07-17 00:00:00,BLUE-N-000,2.5,100,,,
2001-07-19 00:00:00,BLUE-N-000,2.5,4000,,,
2001-07-20 00:00:00,BLUE-N-000,2.5,4700,,,
2001-07-24 00:00:00,BLUE-N-000,2.25,14000,,,
2001-07-25 00:00:00,BLUE-N-000,2.25,4800,,,
2001-07-26 00:00:00,BLUE-N-000,2.25,2200,,,
2001-07-27 00:00:00,BLUE-N-000,2.25,1000,,,
2001-07-30 00:00:00,BLUE-N-000,2.5,7700,,,
2001-07-31 00:00:00,BLUE-N-000,2.5,500,,,
2001-08-01 00:00:00,BLUE-N-000,2.25,100,,,
2001-08-02 00:00:00,BLUE-N-000,2.25,5900,,,
2001-08-06 00:00:00,BLUE-N-000,2.25,100,,,
2001-08-07 00:00:00,BLUE-N-000,2.25,13400,,,
2001-08-08 00:00:00,BLUE-N-000,2.5,118300,,,
2001-08-09 00:00:00,BLUE-N-000,2.25,11100,,,
2001-08-10 00:00:00,BLUE-N-000,2.25,15400,,,
2001-08-13 00:00:00,BLUE-N-000,2.25,12900,,,
2001-08-14 00:00:00,BLUE-N-000,2.25,35200,,,
2001-08-15 00:00:00,BLUE-N-000,2,11600,,,
2001-08-16 00:00:00,BLUE-N-000,2,14600,,,
2001-08-17 00:00:00,BLUE-N-000,2,15600,,,
2001-08-20 00:00:00,BLUE-N-000,2.25,10000,,,
2001-08-21 00:00:00,BLUE-N-000,2.25,5700,,,
2001-08-23 00:00:00,BLUE-N-000,2,1900,,,
2001-08-27 00:00:00,BLUE-N-000,2.5,5500,,,
2001-08-29 00:00:00,BLUE-N-000,2.5,36000,,,
2001-08-30 00:00:00,BLUE-N-000,2.5,4100,,,
2001-08-31 00:00:00,BLUE-N-000,2.5,2000,,,
2001-09-03 00:00:00,BLUE-N-000,2,27700,,,
2001-09-05 00:00:00,BLUE-N-000,2.25,7100,,,
2001-09-06 00:00:00,BLUE-N-000,2.25,20300,,,
2001-09-11 00:00:00,BLUE-N-000,2.25,14700,,,
2001-09-12 00:00:00,BLUE-N-000,2.25,28000,,,
2001-09-13 00:00:00,BLUE-N-000,2.25,8000,,,
2001-09-14 00:00:00,BLUE-N-000,2.25,600,,,
2001-09-17 00:00:00,BLUE-N-000,2.25,100,,,
2001-09-21 00:00:00,BLUE-N-000,2,400,,,
2001-09-25 00:00:00,BLUE-N-000,2,1000,,,
2001-09-28 00:00:00,BLUE-N-000,2,23000,,,
2001-10-03 00:00:00,BLUE-N-000,2,300,,,
2001-10-04 00:00:00,BLUE-N-000,2,3000,,,
2001-10-08 00:00:00,BLUE-N-000,2,1000,,,
2001-10-09 00:00:00,BLUE-N-000,2.25,96000,,,
2001-10-10 00:00:00,BLUE-N-000,3,606100,,,
2001-10-11 00:00:00,BLUE-N-000,3.5,391200,,,
2001-10-12 00:00:00,BLUE-N-000,3.5,48100,,,
2001-10-15 00:00:00,BLUE-N-000,3,126900,,,
2001-10-16 00:00:00,BLUE-N-000,3,79900,,,
2001-10-17 00:00:00,BLUE-N-000,3,21200,,,
2001-10-18 00:00:00,BLUE-N-000,3.25,15900,,,
2001-10-19 00:00:00,BLUE-N-000,3.25,63000,,,
2001-10-22 00:00:00,BLUE-N-000,3.25,37800,,,
2001-10-24 00:00:00,BLUE-N-000,3.25,10000,,,
2001-10-25 00:00:00,BLUE-N-000,3,2900,,,
2001-10-26 00:00:00,BLUE-N-000,3,40700,,,
2001-10-29 00:00:00,BLUE-N-000,3,3200,,,
2001-10-30 00:00:00,BLUE-N-000,3.25,22400,,,
2001-11-01 00:00:00,BLUE-N-000,3,55700,,,
2001-11-05 00:00:00,BLUE-N-000,3,2500,,,
2001-11-06 00:00:00,BLUE-N-000,3,1500,,,
2001-11-07 00:00:00,BLUE-N-000,2.75,8500,,,
2001-11-08 00:00:00,BLUE-N-000,2.75,1500,,,
2001-11-09 00:00:00,BLUE-N-000,3,17000,,,
2001-11-12 00:00:00,BLUE-N-000,3,84700,,,
2001-11-13 00:00:00,BLUE-N-000,2.75,400,,,
2001-11-14 00:00:00,BLUE-N-000,3.25,220400,,,
2001-11-15 00:00:00,BLUE-N-000,3.5,221700,,,
2001-11-16 00:00:00,BLUE-N-000,3.75,546800,,,
2001-11-19 00:00:00,BLUE-N-000,4.5,597100,,,
2001-11-20 00:00:00,BLUE-N-000,4.25,361600,,,
2001-11-21 00:00:00,BLUE-N-000,4.25,96600,,,
2001-11-23 00:00:00,BLUE-N-000,4,267400,,,
2001-11-26 00:00:00,BLUE-N-000,4,58600,,,
2001-11-27 00:00:00,BLUE-N-000,4,277300,,,
2001-11-28 00:00:00,BLUE-N-000,4.25,275000,,,
2001-11-29 00:00:00,BLUE-N-000,4,111500,,,
2001-12-03 00:00:00,BLUE-N-000,4,323000,,,
2001-12-04 00:00:00,BLUE-N-000,4,113500,,,
2001-12-05 00:00:00,BLUE-N-000,4,51300,,,
2001-12-07 00:00:00,BLUE-N-000,5.75,588600,,,
2001-12-10 00:00:00,BLUE-N-000,6,771000,,,
2001-12-11 00:00:00,BLUE-N-000,5.25,386500,,,
2001-12-13 00:00:00,BLUE-N-000,4,452700,,,
2001-12-14 00:00:00,BLUE-N-000,4.25,338600,,,
2001-12-17 00:00:00,BLUE-N-000,4.5,157400,,,
2001-12-18 00:00:00,BLUE-N-000,4,154900,,,
2001-12-19 00:00:00,BLUE-N-000,3.75,97700,,,
2001-12-20 00:00:00,BLUE-N-000,4.25,125300,,,
2001-12-27 00:00:00,BLUE-N-000,4.25,149200,,,
2001-12-28 00:00:00,BLUE-N-000,4.5,583300,,,
2001-12-31 00:00:00,BLUE-N-000,4.5,265300,,,
2002-01-02 00:00:00,BLUE-N-000,4,151100,,,
2002-01-03 00:00:00,BLUE-N-000,4.25,68100,,,
2002-01-04 00:00:00,BLUE-N-000,4.25,42500,,,
2002-01-07 00:00:00,BLUE-N-000,4.25,25100,,,
2002-01-08 00:00:00,BLUE-N-000,4,100800,,,
2002-01-09 00:00:00,BLUE-N-000,3.75,26700,,,
2002-01-10 00:00:00,BLUE-N-000,4,400,,,
2002-01-11 00:00:00,BLUE-N-000,3.75,113000,,,
2002-01-15 00:00:00,BLUE-N-000,3.75,140500,,,
2002-01-16 00:00:00,BLUE-N-000,3.5,217300,,,
2002-01-17 00:00:00,BLUE-N-000,3.25,18000,,,
2002-01-18 00:00:00,BLUE-N-000,3.5,225500,,,
2002-01-21 00:00:00,BLUE-N-000,3.5,157400,,,
2002-01-22 00:00:00,BLUE-N-000,3.25,43000,,,
2002-01-23 00:00:00,BLUE-N-000,3.25,10600,,,
2002-01-24 00:00:00,BLUE-N-000,3.5,22000,,,
2002-01-25 00:00:00,BLUE-N-000,3.5,59200,,,
2002-01-29 00:00:00,BLUE-N-000,3.25,1500,,,
2002-01-30 00:00:00,BLUE-N-000,3.25,52200,,,
2002-01-31 00:00:00,BLUE-N-000,3,200,,,
2002-02-01 00:00:00,BLUE-N-000,3.25,16900,,,
2002-02-05 00:00:00,BLUE-N-000,3.25,24700,,,
2002-02-06 00:00:00,BLUE-N-000,3.25,49500,,,
2002-02-07 00:00:00,BLUE-N-000,3.25,24500,,,
2002-02-08 00:00:00,BLUE-N-000,3,4100,,,
2002-02-11 00:00:00,BLUE-N-000,3.25,53600,,,
2001-01-02 00:00:00,BOGA-N-000,6,1000,,,
2001-01-04 00:00:00,BOGA-N-000,7,6800,,,
2001-01-18 00:00:00,BOGA-N-000,7,1000,,,
2001-01-23 00:00:00,BOGA-N-000,7,1200,,,
2001-01-25 00:00:00,BOGA-N-000,7,100,,,
2001-01-26 00:00:00,BOGA-N-000,7,2000,,,
2001-02-06 00:00:00,BOGA-N-000,7.25,100,,,
2001-02-08 00:00:00,BOGA-N-000,7,800,,,
2001-02-09 00:00:00,BOGA-N-000,7,1800,,,
2001-02-19 00:00:00,BOGA-N-000,7,4600,,,
2001-02-20 00:00:00,BOGA-N-000,7,22500,,,
2001-02-21 00:00:00,BOGA-N-000,7.25,400,,,
2001-02-26 00:00:00,BOGA-N-000,7,21000,,,
2001-02-28 00:00:00,BOGA-N-000,7,2100,,,
2001-03-05 00:00:00,BOGA-N-000,7,5600,,,
2001-03-12 00:00:00,BOGA-N-000,7,400,,,
2001-03-14 00:00:00,BOGA-N-000,6,700,,,
2001-03-20 00:00:00,BOGA-N-000,6,100,,,
2001-03-21 00:00:00,BOGA-N-000,6,2000,,,
2001-03-23 00:00:00,BOGA-N-000,6.25,900,,,
2001-03-26 00:00:00,BOGA-N-000,6.25,100,,,
2001-03-28 00:00:00,BOGA-N-000,6.25,400,,,
2001-04-06 00:00:00,BOGA-N-000,6.5,200,,,
2001-04-18 00:00:00,BOGA-N-000,6.25,100,,,
2001-04-20 00:00:00,BOGA-N-000,6.25,400,,,
2001-04-24 00:00:00,BOGA-N-000,6.25,1300,,,
2001-05-04 00:00:00,BOGA-N-000,6,1000,,,
2001-05-10 00:00:00,BOGA-N-000,6,200,,,
2001-05-14 00:00:00,BOGA-N-000,6.25,500,,,
2001-05-30 00:00:00,BOGA-N-000,6,400,,,
2001-05-31 00:00:00,BOGA-N-000,6,44300,,,
2001-06-12 00:00:00,BOGA-N-000,5.5,2100,,,
2001-06-14 00:00:00,BOGA-N-000,5.5,500,,,
2001-06-15 00:00:00,BOGA-N-000,5.5,1000,,,
2001-06-20 00:00:00,BOGA-N-000,5.5,1000,,,
2001-06-22 00:00:00,BOGA-N-000,5.5,200,,,
2001-06-29 00:00:00,BOGA-N-000,5.5,100,,,
2001-07-03 00:00:00,BOGA-N-000,5.5,500,,,
2001-07-06 00:00:00,BOGA-N-000,5.5,100,,,
2001-07-10 00:00:00,BOGA-N-000,5,100,,,
2001-07-11 00:00:00,BOGA-N-000,5,500,,,
2001-07-13 00:00:00,BOGA-N-000,5,100,,,
2001-07-18 00:00:00,BOGA-N-000,5,1500,,,
2001-07-20 00:00:00,BOGA-N-000,5,400,,,
2001-07-23 00:00:00,BOGA-N-000,5,4000,,,
2001-07-24 00:00:00,BOGA-N-000,5,300,,,
2001-07-31 00:00:00,BOGA-N-000,5.25,900,,,
2001-08-09 00:00:00,BOGA-N-000,5,200,,,
2001-08-10 00:00:00,BOGA-N-000,5,200,,,
2001-08-22 00:00:00,BOGA-N-000,5,500,,,
2001-09-11 00:00:00,BOGA-N-000,4.75,1000,,,
2001-09-14 00:00:00,BOGA-N-000,4,200,,,
2001-09-19 00:00:00,BOGA-N-000,4.25,1000,,,
2001-09-26 00:00:00,BOGA-N-000,4.25,1000,,,
2001-10-15 00:00:00,BOGA-N-000,5.5,3300,,,
2001-10-16 00:00:00,BOGA-N-000,5.5,1700,,,
2001-10-23 00:00:00,BOGA-N-000,6,200,,,
2001-10-29 00:00:00,BOGA-N-000,6,1500,,,
2001-11-01 00:00:00,BOGA-N-000,6.5,1200,,,
2001-11-02 00:00:00,BOGA-N-000,5.75,200,,,
2001-11-06 00:00:00,BOGA-N-000,5.75,800,,,
2001-11-09 00:00:00,BOGA-N-000,5,6200,,,
2001-11-13 00:00:00,BOGA-N-000,5.25,300,,,
2001-11-15 00:00:00,BOGA-N-000,5.25,200,,,
2001-11-16 00:00:00,BOGA-N-000,5.75,200,,,
2001-11-19 00:00:00,BOGA-N-000,6.5,3300,,,
2001-11-20 00:00:00,BOGA-N-000,6.25,500,,,
2001-11-21 00:00:00,BOGA-N-000,6.25,1200,,,
2001-11-22 00:00:00,BOGA-N-000,6.25,200,,,
2001-11-23 00:00:00,BOGA-N-000,6.5,500,,,
2001-11-28 00:00:00,BOGA-N-000,6.5,100,,,
2001-11-29 00:00:00,BOGA-N-000,6.5,2800,,,
2001-12-10 00:00:00,BOGA-N-000,6.5,100,,,
2001-12-11 00:00:00,BOGA-N-000,7.5,1100,,,
2001-12-12 00:00:00,BOGA-N-000,6.5,1100,,,
2001-12-13 00:00:00,BOGA-N-000,6.75,200,,,
2001-12-14 00:00:00,BOGA-N-000,7.5,5000,,,
2001-12-17 00:00:00,BOGA-N-000,7.5,3100,,,
2001-12-18 00:00:00,BOGA-N-000,7,100,,,
2001-12-20 00:00:00,BOGA-N-000,7,700,,,
2001-12-21 00:00:00,BOGA-N-000,7,500,,,
2001-12-28 00:00:00,BOGA-N-000,7,1300,,,
2001-12-31 00:00:00,BOGA-N-000,6.75,600,,,
2002-01-02 00:00:00,BOGA-N-000,6.5,500,,,
2002-01-07 00:00:00,BOGA-N-000,6.5,3400,,,
2002-01-08 00:00:00,BOGA-N-000,6.25,200,,,
2002-01-11 00:00:00,BOGA-N-000,5.5,1600,,,
2002-01-15 00:00:00,BOGA-N-000,4.5,200,,,
2002-01-16 00:00:00,BOGA-N-000,4.5,1000,,,
2002-01-21 00:00:00,BOGA-N-000,5,700,,,
2002-01-22 00:00:00,BOGA-N-000,5.25,1100,,,
2002-01-23 00:00:00,BOGA-N-000,5.25,500,,,
2002-01-24 00:00:00,BOGA-N-000,5.5,1000,,,
2002-01-30 00:00:00,BOGA-N-000,5,500,,,
2002-01-31 00:00:00,BOGA-N-000,5,100,,,
2002-02-05 00:00:00,BOGA-N-000,5,6000,,,
2002-02-11 00:00:00,BOGA-N-000,6,500,,,
2001-01-04 00:00:00,BOPL-N-000,17,100,,,
2001-01-08 00:00:00,BOPL-N-000,16,2200,,,
2001-01-10 00:00:00,BOPL-N-000,16.25,800,,,
2001-01-11 00:00:00,BOPL-N-000,16.25,100,,,
2001-01-12 00:00:00,BOPL-N-000,16.25,5400,,,
2001-01-16 00:00:00,BOPL-N-000,16,11700,,,
2001-01-17 00:00:00,BOPL-N-000,16,1400,,,
2001-01-18 00:00:00,BOPL-N-000,16,7200,,,
2001-01-19 00:00:00,BOPL-N-000,16,1800,,,
2001-01-22 00:00:00,BOPL-N-000,16,2200,,,
2001-01-25 00:00:00,BOPL-N-000,16,500,,,
2001-01-26 00:00:00,BOPL-N-000,16,800,,,
2001-01-30 00:00:00,BOPL-N-000,15.75,3400,,,
2001-01-31 00:00:00,BOPL-N-000,15.75,200,,,
2001-02-01 00:00:00,BOPL-N-000,15.75,500,,,
2001-02-02 00:00:00,BOPL-N-000,15.75,1000,,,
2001-02-09 00:00:00,BOPL-N-000,15.5,500,,,
2001-02-19 00:00:00,BOPL-N-000,15.5,4100,,,
2001-02-23 00:00:00,BOPL-N-000,16,1000,,,
2001-02-26 00:00:00,BOPL-N-000,16.25,800,,,
2001-02-27 00:00:00,BOPL-N-000,16.25,600,,,
2001-02-28 00:00:00,BOPL-N-000,16.25,14500,,,
2001-03-01 00:00:00,BOPL-N-000,16.75,1700,,,
2001-03-05 00:00:00,BOPL-N-000,16.5,12300,,,
2001-03-07 00:00:00,BOPL-N-000,16.5,3000,,,
2001-03-08 00:00:00,BOPL-N-000,15.5,5000,,,
2001-03-12 00:00:00,BOPL-N-000,15.5,1100,,,
2001-03-13 00:00:00,BOPL-N-000,15.5,4800,,,
2001-03-15 00:00:00,BOPL-N-000,15.5,400,,,
2001-03-16 00:00:00,BOPL-N-000,16,5300,,,
2001-03-19 00:00:00,BOPL-N-000,16,600,,,
2001-03-21 00:00:00,BOPL-N-000,15.75,4300,,,
2001-03-22 00:00:00,BOPL-N-000,15.25,2100,,,
2001-03-23 00:00:00,BOPL-N-000,15,1200,,,
2001-04-02 00:00:00,BOPL-N-000,15,100,,,
2001-04-03 00:00:00,BOPL-N-000,14.5,1100,,,
2001-04-04 00:00:00,BOPL-N-000,14.5,400,,,
2001-04-05 00:00:00,BOPL-N-000,14,300,,,
2001-04-09 00:00:00,BOPL-N-000,14,1000,,,
2001-04-18 00:00:00,BOPL-N-000,14.5,300,,,
2001-04-20 00:00:00,BOPL-N-000,14,5100,,,
2001-04-23 00:00:00,BOPL-N-000,14.5,100,,,
2001-04-24 00:00:00,BOPL-N-000,14.5,600,,,
2001-04-26 00:00:00,BOPL-N-000,13.75,300,,,
2001-04-27 00:00:00,BOPL-N-000,14,5000,,,
2001-05-04 00:00:00,BOPL-N-000,14.75,100,,,
2001-05-09 00:00:00,BOPL-N-000,14.75,4400,,,
2001-05-11 00:00:00,BOPL-N-000,14.75,600,,,
2001-05-14 00:00:00,BOPL-N-000,14.75,200,,,
2001-05-17 00:00:00,BOPL-N-000,15,200,,,
2001-05-21 00:00:00,BOPL-N-000,15,1600,,,
2001-05-22 00:00:00,BOPL-N-000,15.25,500,,,
2001-05-23 00:00:00,BOPL-N-000,14.75,500,,,
2001-05-25 00:00:00,BOPL-N-000,15,100,,,
2001-05-28 00:00:00,BOPL-N-000,14.75,200,,,
2001-05-29 00:00:00,BOPL-N-000,14.75,800,,,
2001-06-01 00:00:00,BOPL-N-000,14.5,200,,,
2001-06-06 00:00:00,BOPL-N-000,14.25,100,,,
2001-06-08 00:00:00,BOPL-N-000,14.25,500,,,
2001-06-11 00:00:00,BOPL-N-000,14,300,,,
2001-06-18 00:00:00,BOPL-N-000,14,1300,,,
2001-06-19 00:00:00,BOPL-N-000,14,1500,,,
2001-06-21 00:00:00,BOPL-N-000,15.75,4100,,,
2001-06-22 00:00:00,BOPL-N-000,16,800,,,
2001-06-25 00:00:00,BOPL-N-000,15.75,1500,,,
2001-06-29 00:00:00,BOPL-N-000,14.75,2000,,,
2001-07-06 00:00:00,BOPL-N-000,15.5,13600,,,
2001-07-09 00:00:00,BOPL-N-000,15.5,100,,,
2001-07-11 00:00:00,BOPL-N-000,15,400,,,
2001-07-12 00:00:00,BOPL-N-000,15,1300,,,
2001-07-13 00:00:00,BOPL-N-000,15.5,5000,,,
2001-07-16 00:00:00,BOPL-N-000,14.25,6100,,,
2001-07-19 00:00:00,BOPL-N-000,13.5,700,,,
2001-07-23 00:00:00,BOPL-N-000,13,1700,,,
2001-07-24 00:00:00,BOPL-N-000,15.25,10900,,,
2001-07-25 00:00:00,BOPL-N-000,13.75,4300,,,
2001-07-27 00:00:00,BOPL-N-000,14,40700,,,
2001-07-30 00:00:00,BOPL-N-000,14.25,1300,,,
2001-07-31 00:00:00,BOPL-N-000,14,500,,,
2001-08-01 00:00:00,BOPL-N-000,14.25,300,,,
2001-08-10 00:00:00,BOPL-N-000,13.75,100,,,
2001-08-13 00:00:00,BOPL-N-000,13.75,100,,,
2001-08-14 00:00:00,BOPL-N-000,13,3200,,,
2001-08-15 00:00:00,BOPL-N-000,12.75,3200,,,
2001-08-16 00:00:00,BOPL-N-000,12.25,700,,,
2001-08-17 00:00:00,BOPL-N-000,12.25,500,,,
2001-08-20 00:00:00,BOPL-N-000,12.25,2000,,,
2001-08-21 00:00:00,BOPL-N-000,12.75,900,,,
2001-09-04 00:00:00,BOPL-N-000,12.75,200,,,
2001-09-13 00:00:00,BOPL-N-000,12.5,200,,,
2001-09-14 00:00:00,BOPL-N-000,13,100,,,
2001-09-18 00:00:00,BOPL-N-000,13,300,,,
2001-09-19 00:00:00,BOPL-N-000,13,3700,,,
2001-09-24 00:00:00,BOPL-N-000,13,7500,,,
2001-09-25 00:00:00,BOPL-N-000,13,2000,,,
2001-09-26 00:00:00,BOPL-N-000,13.5,31600,,,
2001-10-10 00:00:00,BOPL-N-000,14.5,2400,,,
2001-10-11 00:00:00,BOPL-N-000,15,2900,,,
2001-10-12 00:00:00,BOPL-N-000,16.25,4500,,,
2001-10-15 00:00:00,BOPL-N-000,16,1000,,,
2001-10-16 00:00:00,BOPL-N-000,13.75,300,,,
2001-10-17 00:00:00,BOPL-N-000,16,2689000,,,
2001-10-18 00:00:00,BOPL-N-000,16,2000,,,
2001-10-19 00:00:00,BOPL-N-000,16,6300,,,
2001-10-22 00:00:00,BOPL-N-000,16,19700,,,
2001-10-23 00:00:00,BOPL-N-000,16,2500,,,
2001-10-24 00:00:00,BOPL-N-000,16,600,,,
2001-10-25 00:00:00,BOPL-N-000,16,22100,,,
2001-10-26 00:00:00,BOPL-N-000,16.5,3200,,,
2001-10-29 00:00:00,BOPL-N-000,16.5,3000,,,
2001-11-02 00:00:00,BOPL-N-000,15.75,3000,,,
2001-11-06 00:00:00,BOPL-N-000,16,1000,,,
2001-11-07 00:00:00,BOPL-N-000,15.75,2100,,,
2001-11-08 00:00:00,BOPL-N-000,16,300,,,
2001-11-13 00:00:00,BOPL-N-000,16,1000,,,
2001-11-14 00:00:00,BOPL-N-000,16.25,4300,,,
2001-11-15 00:00:00,BOPL-N-000,16.75,100,,,
2001-11-16 00:00:00,BOPL-N-000,17.5,5500,,,
2001-11-19 00:00:00,BOPL-N-000,18,1900,,,
2001-11-20 00:00:00,BOPL-N-000,18.75,5500,,,
2001-11-21 00:00:00,BOPL-N-000,18.75,600,,,
2001-11-22 00:00:00,BOPL-N-000,19,5900,,,
2001-11-23 00:00:00,BOPL-N-000,19,1500,,,
2001-11-26 00:00:00,BOPL-N-000,18.75,6500,,,
2001-11-27 00:00:00,BOPL-N-000,18,1000,,,
2001-11-28 00:00:00,BOPL-N-000,18.75,1200,,,
2001-11-29 00:00:00,BOPL-N-000,18.75,13800,,,
2001-12-03 00:00:00,BOPL-N-000,18.75,17500,,,
2001-12-04 00:00:00,BOPL-N-000,18.5,2000,,,
2001-12-05 00:00:00,BOPL-N-000,18.75,400,,,
2001-12-07 00:00:00,BOPL-N-000,23,43000,,,
2001-12-10 00:00:00,BOPL-N-000,24,27000,,,
2001-12-11 00:00:00,BOPL-N-000,23,5600,,,
2001-12-12 00:00:00,BOPL-N-000,23,4000,,,
2001-12-13 00:00:00,BOPL-N-000,20,3100,,,
2001-12-14 00:00:00,BOPL-N-000,20,100,,,
2001-12-17 00:00:00,BOPL-N-000,20,900,,,
2001-12-18 00:00:00,BOPL-N-000,18,500,,,
2001-12-19 00:00:00,BOPL-N-000,18,2400,,,
2001-12-20 00:00:00,BOPL-N-000,18,200,,,
2001-12-28 00:00:00,BOPL-N-000,19.5,1500,,,
2001-12-31 00:00:00,BOPL-N-000,19.5,100,,,
2002-01-07 00:00:00,BOPL-N-000,18.5,3000,,,
2002-01-10 00:00:00,BOPL-N-000,17.25,3100,,,
2002-01-15 00:00:00,BOPL-N-000,16.5,11000,,,
2002-01-17 00:00:00,BOPL-N-000,16.25,1300,,,
2002-01-22 00:00:00,BOPL-N-000,16,100,,,
2002-01-23 00:00:00,BOPL-N-000,16.25,2000,,,
2002-01-30 00:00:00,BOPL-N-000,17.75,1000,,,
2002-02-07 00:00:00,BOPL-N-000,17,500,,,
2002-02-08 00:00:00,BOPL-N-000,17,100,,,
2001-01-25 00:00:00,BRWN-N-000,74,400,,,
2001-03-05 00:00:00,BRWN-N-000,75,200,,,
2001-03-22 00:00:00,BRWN-N-000,70,200,,,
2001-04-04 00:00:00,BRWN-N-000,65,200,,,
2001-05-22 00:00:00,BRWN-N-000,70,100,,,
2001-06-14 00:00:00,BRWN-N-000,60,100,,,
2001-06-15 00:00:00,BRWN-N-000,50,500,,,
2001-06-22 00:00:00,BRWN-N-000,55,200,,,
2001-07-02 00:00:00,BRWN-N-000,60,100,,,
2001-07-04 00:00:00,BRWN-N-000,60,100,,,
2001-07-11 00:00:00,BRWN-N-000,56,100,,,
2001-07-16 00:00:00,BRWN-N-000,55,100,,,
2001-08-16 00:00:00,BRWN-N-000,40,100,,,
2001-09-17 00:00:00,BRWN-N-000,38,100,,,
2001-09-20 00:00:00,BRWN-N-000,35,100,,,
2001-09-21 00:00:00,BRWN-N-000,30,3100,,,
2001-12-07 00:00:00,BRWN-N-000,42.5,100,,,
2001-12-10 00:00:00,BRWN-N-000,42,600,,,
2001-12-11 00:00:00,BRWN-N-000,42.5,500,,,
2001-12-12 00:00:00,BRWN-N-000,42.5,100,,,
2001-12-18 00:00:00,BRWN-N-000,42,100,,,
2002-01-09 00:00:00,BRWN-N-000,40,100,,,
2001-01-24 00:00:00,BBH-N-0000,5,1000,,,
2001-01-29 00:00:00,BBH-N-0000,5.25,300,,,
2001-02-01 00:00:00,BBH-N-0000,5.25,100,,,
2001-02-27 00:00:00,BBH-N-0000,5,300,,,
2001-03-21 00:00:00,BBH-N-0000,5,100,,,
2001-03-28 00:00:00,BBH-N-0000,5,200,,,
2001-04-24 00:00:00,BBH-N-0000,5,100,,,
2001-04-25 00:00:00,BBH-N-0000,5,1900,,,
2001-05-10 00:00:00,BBH-N-0000,5,400,,,
2001-06-06 00:00:00,BBH-N-0000,5,500,,,
2001-06-07 00:00:00,BBH-N-0000,5,500,,,
2001-06-13 00:00:00,BBH-N-0000,5.5,300,,,
2001-06-28 00:00:00,BBH-N-0000,5.5,100,,,
2001-07-02 00:00:00,BBH-N-0000,5.5,4000,,,
2001-07-10 00:00:00,BBH-N-0000,5.5,5700,,,
2001-07-16 00:00:00,BBH-N-0000,5,500,,,
2001-07-31 00:00:00,BBH-N-0000,5,100,,,
2001-08-01 00:00:00,BBH-N-0000,5,100,,,
2001-08-02 00:00:00,BBH-N-0000,4.5,2000,,,
2001-09-19 00:00:00,BBH-N-0000,4,100,,,
2001-09-24 00:00:00,BBH-N-0000,5.25,100,,,
2001-09-26 00:00:00,BBH-N-0000,5.25,200,,,
2001-09-27 00:00:00,BBH-N-0000,5,200,,,
2001-09-28 00:00:00,BBH-N-0000,5,400,,,
2001-10-01 00:00:00,BBH-N-0000,5,100,,,
2001-10-08 00:00:00,BBH-N-0000,5,500,,,
2001-10-11 00:00:00,BBH-N-0000,5.5,100,,,
2001-10-12 00:00:00,BBH-N-0000,5,1600,,,
2001-10-15 00:00:00,BBH-N-0000,5,900,,,
2001-11-12 00:00:00,BBH-N-0000,5.5,600,,,
2001-11-13 00:00:00,BBH-N-0000,5.5,100,,,
2001-11-16 00:00:00,BBH-N-0000,5.5,700,,,
2001-11-27 00:00:00,BBH-N-0000,5,800,,,
2001-11-29 00:00:00,BBH-N-0000,4.75,100,,,
2001-12-03 00:00:00,BBH-N-0000,4.75,700,,,
2001-12-04 00:00:00,BBH-N-0000,4.75,500,,,
2001-12-19 00:00:00,BBH-N-0000,4.75,600,,,
2002-01-03 00:00:00,BBH-N-0000,5,500,,,
2002-02-11 00:00:00,BBH-N-0000,5,100,,,
2001-07-09 00:00:00,BUKI-N-000,380,100,,,
2001-08-02 00:00:00,BUKI-N-000,380,100,,,
2001-11-09 00:00:00,BUKI-N-000,360,26000,,,
2001-12-12 00:00:00,BUKI-N-000,375,6400,,,
2001-12-18 00:00:00,BUKI-N-000,375.25,500,,,
2002-01-16 00:00:00,BUKI-N-000,425,100,,,
2001-01-02 00:00:00,CTLD-N-000,7,700,,,
2001-01-03 00:00:00,CTLD-N-000,7,3100,,,
2001-01-04 00:00:00,CTLD-N-000,7,23900,,,
2001-01-11 00:00:00,CTLD-N-000,6.75,1000,,,
2001-01-12 00:00:00,CTLD-N-000,6.75,3600,,,
2001-01-16 00:00:00,CTLD-N-000,6.5,1200,,,
2001-01-17 00:00:00,CTLD-N-000,6.5,6000,,,
2001-01-22 00:00:00,CTLD-N-000,6.25,2500,,,
2001-01-23 00:00:00,CTLD-N-000,6.5,300,,,
2001-01-24 00:00:00,CTLD-N-000,6.5,1800,,,
2001-01-26 00:00:00,CTLD-N-000,6.25,100,,,
2001-01-29 00:00:00,CTLD-N-000,6.25,12700,,,
2001-01-30 00:00:00,CTLD-N-000,6.25,51300,,,
2001-01-31 00:00:00,CTLD-N-000,6.25,32000,,,
2001-02-01 00:00:00,CTLD-N-000,6.25,100,,,
2001-02-02 00:00:00,CTLD-N-000,6.25,30000,,,
2001-02-13 00:00:00,CTLD-N-000,6.5,1900,,,
2001-02-15 00:00:00,CTLD-N-000,6.5,2500,,,
2001-02-16 00:00:00,CTLD-N-000,6.5,200,,,
2001-02-19 00:00:00,CTLD-N-000,6.5,2800,,,
2001-02-23 00:00:00,CTLD-N-000,6.25,4200,,,
2001-02-26 00:00:00,CTLD-N-000,6.5,3000,,,
2001-03-01 00:00:00,CTLD-N-000,6.5,3200,,,
2001-03-05 00:00:00,CTLD-N-000,6.5,700,,,
2001-03-06 00:00:00,CTLD-N-000,6.25,7100,,,
2001-03-07 00:00:00,CTLD-N-000,6.25,300,,,
2001-03-12 00:00:00,CTLD-N-000,6.5,1000,,,
2001-03-14 00:00:00,CTLD-N-000,6.25,1100,,,
2001-03-15 00:00:00,CTLD-N-000,6.25,1000,,,
2001-03-16 00:00:00,CTLD-N-000,6.25,400,,,
2001-03-20 00:00:00,CTLD-N-000,6.5,2000,,,
2001-03-21 00:00:00,CTLD-N-000,6.5,900,,,
2001-03-22 00:00:00,CTLD-N-000,6.25,100,,,
2001-03-23 00:00:00,CTLD-N-000,6.5,1400,,,
2001-03-26 00:00:00,CTLD-N-000,6.5,200,,,
2001-03-27 00:00:00,CTLD-N-000,6.5,1800,,,
2001-03-30 00:00:00,CTLD-N-000,6.25,5000,,,
2001-04-03 00:00:00,CTLD-N-000,6.5,100,,,
2001-04-04 00:00:00,CTLD-N-000,6.25,200,,,
2001-04-05 00:00:00,CTLD-N-000,6.5,4000,,,
2001-04-06 00:00:00,CTLD-N-000,6.5,300,,,
2001-04-09 00:00:00,CTLD-N-000,6.5,900,,,
2001-04-10 00:00:00,CTLD-N-000,6.5,1500,,,
2001-04-11 00:00:00,CTLD-N-000,6.5,1200,,,
2001-04-17 00:00:00,CTLD-N-000,6.75,10000,,,
2001-04-18 00:00:00,CTLD-N-000,6.5,600,,,
2001-04-19 00:00:00,CTLD-N-000,6.5,13600,,,
2001-04-20 00:00:00,CTLD-N-000,6.5,4100,,,
2001-04-23 00:00:00,CTLD-N-000,6.25,32000,,,
2001-04-27 00:00:00,CTLD-N-000,6.25,500,,,
2001-04-30 00:00:00,CTLD-N-000,6.25,17000,,,
2001-05-02 00:00:00,CTLD-N-000,6,400,,,
2001-05-03 00:00:00,CTLD-N-000,6,3500,,,
2001-05-04 00:00:00,CTLD-N-000,6,500,,,
2001-05-09 00:00:00,CTLD-N-000,6,15800,,,
2001-05-10 00:00:00,CTLD-N-000,6,6600,,,
2001-05-11 00:00:00,CTLD-N-000,6,1700,,,
2001-05-15 00:00:00,CTLD-N-000,6.5,2500,,,
2001-05-16 00:00:00,CTLD-N-000,6.25,3700,,,
2001-05-17 00:00:00,CTLD-N-000,6.5,4500,,,
2001-05-18 00:00:00,CTLD-N-000,6.5,1500,,,
2001-05-21 00:00:00,CTLD-N-000,6.5,500,,,
2001-05-22 00:00:00,CTLD-N-000,6.5,800,,,
2001-05-23 00:00:00,CTLD-N-000,6.5,3300,,,
2001-05-24 00:00:00,CTLD-N-000,6.5,2000,,,
2001-05-25 00:00:00,CTLD-N-000,6.25,200,,,
2001-05-29 00:00:00,CTLD-N-000,6.5,21000,,,
2001-05-31 00:00:00,CTLD-N-000,6.5,1000,,,
2001-06-01 00:00:00,CTLD-N-000,6.75,3300,,,
2001-06-06 00:00:00,CTLD-N-000,6.5,3000,,,
2001-06-12 00:00:00,CTLD-N-000,6.5,300,,,
2001-06-13 00:00:00,CTLD-N-000,6.5,400,,,
2001-06-14 00:00:00,CTLD-N-000,6.5,5800,,,
2001-06-15 00:00:00,CTLD-N-000,6.5,5900,,,
2001-06-18 00:00:00,CTLD-N-000,6.5,10000,,,
2001-06-19 00:00:00,CTLD-N-000,6.5,3000,,,
2001-06-21 00:00:00,CTLD-N-000,7,12500,,,
2001-06-22 00:00:00,CTLD-N-000,7,1000,,,
2001-06-25 00:00:00,CTLD-N-000,6.5,100,,,
2001-06-26 00:00:00,CTLD-N-000,6.5,5000,,,
2001-06-28 00:00:00,CTLD-N-000,6.5,6100,,,
2001-07-02 00:00:00,CTLD-N-000,6.5,9000,,,
2001-07-04 00:00:00,CTLD-N-000,6,351000,,,
2001-07-06 00:00:00,CTLD-N-000,6.25,2000,,,
2001-07-09 00:00:00,CTLD-N-000,6.5,5100,,,
2001-07-10 00:00:00,CTLD-N-000,6.5,8700,,,
2001-07-11 00:00:00,CTLD-N-000,6.25,1000,,,
2001-07-12 00:00:00,CTLD-N-000,6.5,26100,,,
2001-07-13 00:00:00,CTLD-N-000,6.5,171100,,,
2001-07-16 00:00:00,CTLD-N-000,6.5,17000,,,
2001-07-17 00:00:00,CTLD-N-000,6.5,17000,,,
2001-07-18 00:00:00,CTLD-N-000,6.5,11100,,,
2001-07-19 00:00:00,CTLD-N-000,6.5,1000,,,
2001-07-20 00:00:00,CTLD-N-000,6.75,77400,,,
2001-07-23 00:00:00,CTLD-N-000,6.75,11500,,,
2001-07-24 00:00:00,CTLD-N-000,6.5,37300,,,
2001-07-25 00:00:00,CTLD-N-000,6.75,1000,,,
2001-07-30 00:00:00,CTLD-N-000,6.75,500,,,
2001-07-31 00:00:00,CTLD-N-000,6.75,15100,,,
2001-08-01 00:00:00,CTLD-N-000,6.75,24600,,,
2001-08-02 00:00:00,CTLD-N-000,6.75,8800,,,
2001-08-06 00:00:00,CTLD-N-000,6.5,15700,,,
2001-08-10 00:00:00,CTLD-N-000,6.75,500,,,
2001-08-13 00:00:00,CTLD-N-000,6.5,25900,,,
2001-08-14 00:00:00,CTLD-N-000,6.5,10400,,,
2001-08-15 00:00:00,CTLD-N-000,6.25,2200,,,
2001-08-16 00:00:00,CTLD-N-000,6.25,1600,,,
2001-08-20 00:00:00,CTLD-N-000,6.5,10900,,,
2001-08-21 00:00:00,CTLD-N-000,6.25,100,,,
2001-08-22 00:00:00,CTLD-N-000,6.5,17700,,,
2001-08-29 00:00:00,CTLD-N-000,6.75,10500,,,
2001-08-30 00:00:00,CTLD-N-000,6.75,200,,,
2001-08-31 00:00:00,CTLD-N-000,6.75,8800,,,
2001-09-03 00:00:00,CTLD-N-000,6.75,3700,,,
2001-09-04 00:00:00,CTLD-N-000,6.75,7000,,,
2001-09-05 00:00:00,CTLD-N-000,6.75,9000,,,
2001-09-06 00:00:00,CTLD-N-000,6,24800,,,
2001-09-07 00:00:00,CTLD-N-000,6,3500,,,
2001-09-12 00:00:00,CTLD-N-000,6,1900,,,
2001-09-13 00:00:00,CTLD-N-000,5.75,700,,,
2001-09-14 00:00:00,CTLD-N-000,5.75,21900,,,
2001-09-17 00:00:00,CTLD-N-000,5.75,500,,,
2001-09-18 00:00:00,CTLD-N-000,5.75,500,,,
2001-09-19 00:00:00,CTLD-N-000,5.5,39500,,,
2001-09-20 00:00:00,CTLD-N-000,5.5,1000,,,
2001-09-21 00:00:00,CTLD-N-000,5.75,1000,,,
2001-09-24 00:00:00,CTLD-N-000,5.75,2500,,,
2001-09-25 00:00:00,CTLD-N-000,5.75,100,,,
2001-09-26 00:00:00,CTLD-N-000,5.5,4200,,,
2001-09-27 00:00:00,CTLD-N-000,5.5,20500,,,
2001-09-28 00:00:00,CTLD-N-000,5.75,2000,,,
2001-10-01 00:00:00,CTLD-N-000,5.75,23600,,,
2001-10-03 00:00:00,CTLD-N-000,6,18500,,,
2001-10-05 00:00:00,CTLD-N-000,6,100,,,
2001-10-09 00:00:00,CTLD-N-000,6.25,51000,,,
2001-10-10 00:00:00,CTLD-N-000,6.5,51700,,,
2001-10-11 00:00:00,CTLD-N-000,6.5,112000,,,
2001-10-12 00:00:00,CTLD-N-000,6.5,28500,,,
2001-10-15 00:00:00,CTLD-N-000,6.5,37700,,,
2001-10-16 00:00:00,CTLD-N-000,6.5,26500,,,
2001-10-17 00:00:00,CTLD-N-000,6.5,18200,,,
2001-10-18 00:00:00,CTLD-N-000,6.5,1000,,,
2001-10-19 00:00:00,CTLD-N-000,6.5,1500,,,
2001-10-22 00:00:00,CTLD-N-000,6.5,16800,,,
2001-10-23 00:00:00,CTLD-N-000,6.5,55600,,,
2001-10-24 00:00:00,CTLD-N-000,6.25,19200,,,
2001-10-26 00:00:00,CTLD-N-000,6.5,500,,,
2001-10-29 00:00:00,CTLD-N-000,6.5,19400,,,
2001-11-01 00:00:00,CTLD-N-000,6.25,5000,,,
2001-11-02 00:00:00,CTLD-N-000,6.25,4500,,,
2001-11-05 00:00:00,CTLD-N-000,6.25,300,,,
2001-11-06 00:00:00,CTLD-N-000,6.25,7600,,,
2001-11-07 00:00:00,CTLD-N-000,6.25,5000,,,
2001-11-08 00:00:00,CTLD-N-000,6.25,5200,,,
2001-11-09 00:00:00,CTLD-N-000,6.25,6300,,,
2001-11-12 00:00:00,CTLD-N-000,6.5,3000,,,
2001-11-13 00:00:00,CTLD-N-000,6.25,10000,,,
2001-11-14 00:00:00,CTLD-N-000,6.25,200,,,
2001-11-15 00:00:00,CTLD-N-000,6.5,52400,,,
2001-11-16 00:00:00,CTLD-N-000,6.75,68100,,,
2001-11-19 00:00:00,CTLD-N-000,6.75,19500,,,
2001-11-20 00:00:00,CTLD-N-000,7,222900,,,
2001-11-21 00:00:00,CTLD-N-000,7,1300,,,
2001-11-22 00:00:00,CTLD-N-000,6.75,24600,,,
2001-11-23 00:00:00,CTLD-N-000,6.75,108800,,,
2001-11-26 00:00:00,CTLD-N-000,6.75,9400,,,
2001-11-27 00:00:00,CTLD-N-000,6.75,2900,,,
2001-11-28 00:00:00,CTLD-N-000,6.75,15900,,,
2001-11-29 00:00:00,CTLD-N-000,6.75,89500,,,
2001-12-03 00:00:00,CTLD-N-000,6.75,107100,,,
2001-12-04 00:00:00,CTLD-N-000,6.75,34200,,,
2001-12-05 00:00:00,CTLD-N-000,6.75,4000,,,
2001-12-07 00:00:00,CTLD-N-000,7.25,263600,,,
2001-12-10 00:00:00,CTLD-N-000,8.5,169100,,,
2001-12-11 00:00:00,CTLD-N-000,8.5,122900,,,
2001-12-12 00:00:00,CTLD-N-000,7.5,35300,,,
2001-12-13 00:00:00,CTLD-N-000,7.5,7700,,,
2001-12-14 00:00:00,CTLD-N-000,7.25,12700,,,
2001-12-17 00:00:00,CTLD-N-000,7.5,11400,,,
2001-12-18 00:00:00,CTLD-N-000,7.25,11700,,,
2001-12-19 00:00:00,CTLD-N-000,7,33300,,,
2001-12-20 00:00:00,CTLD-N-000,7.5,10400,,,
2001-12-21 00:00:00,CTLD-N-000,7.25,20900,,,
2001-12-27 00:00:00,CTLD-N-000,7.5,200,,,
2001-12-28 00:00:00,CTLD-N-000,7.5,2700,,,
2001-12-31 00:00:00,CTLD-N-000,7.5,15200,,,
2002-01-02 00:00:00,CTLD-N-000,7.25,5700,,,
2002-01-03 00:00:00,CTLD-N-000,7.5,2000,,,
2002-01-07 00:00:00,CTLD-N-000,7.25,17100,,,
2002-01-08 00:00:00,CTLD-N-000,7,3000,,,
2002-01-09 00:00:00,CTLD-N-000,7,6500,,,
2002-01-10 00:00:00,CTLD-N-000,7.25,4200,,,
2002-01-11 00:00:00,CTLD-N-000,7,7000,,,
2002-01-15 00:00:00,CTLD-N-000,6.5,7300,,,
2002-01-16 00:00:00,CTLD-N-000,6.5,1000,,,
2002-01-17 00:00:00,CTLD-N-000,6.5,14000,,,
2002-01-18 00:00:00,CTLD-N-000,6.75,43700,,,
2002-01-21 00:00:00,CTLD-N-000,6.75,100,,,
2002-01-22 00:00:00,CTLD-N-000,6.75,10900,,,
2002-01-23 00:00:00,CTLD-N-000,6.75,15000,,,
2002-01-25 00:00:00,CTLD-N-000,7,600,,,
2002-01-29 00:00:00,CTLD-N-000,7.25,200,,,
2002-01-30 00:00:00,CTLD-N-000,7,1400,,,
2002-01-31 00:00:00,CTLD-N-000,6.75,600,,,
2002-02-01 00:00:00,CTLD-N-000,6.75,10300,,,
2002-02-05 00:00:00,CTLD-N-000,6.5,2500,,,
2002-02-07 00:00:00,CTLD-N-000,6.75,6500,,,
2002-02-08 00:00:00,CTLD-N-000,6.75,3500,,,
2002-02-11 00:00:00,CTLD-N-000,7,2500,,,
2001-01-03 00:00:00,CWM-N-0000,3,300,,,
2001-01-04 00:00:00,CWM-N-0000,3,3000,,,
2001-01-10 00:00:00,CWM-N-0000,3,100,,,
2001-01-11 00:00:00,CWM-N-0000,3,500,,,
2001-01-17 00:00:00,CWM-N-0000,3,2100,,,
2001-01-19 00:00:00,CWM-N-0000,3,1000,,,
2001-01-22 00:00:00,CWM-N-0000,2.75,2400,,,
2001-01-24 00:00:00,CWM-N-0000,3,2000,,,
2001-01-25 00:00:00,CWM-N-0000,3,300,,,
2001-01-26 00:00:00,CWM-N-0000,3,1000,,,
2001-01-29 00:00:00,CWM-N-0000,3,1000,,,
2001-01-30 00:00:00,CWM-N-0000,3,400,,,
2001-01-31 00:00:00,CWM-N-0000,3,3900,,,
2001-02-14 00:00:00,CWM-N-0000,3,2000,,,
2001-02-19 00:00:00,CWM-N-0000,3,100,,,
2001-02-20 00:00:00,CWM-N-0000,2.75,1100,,,
2001-02-22 00:00:00,CWM-N-0000,3,900,,,
2001-02-23 00:00:00,CWM-N-0000,3,1300,,,
2001-02-28 00:00:00,CWM-N-0000,2.75,1400,,,
2001-03-01 00:00:00,CWM-N-0000,2.75,3600,,,
2001-03-07 00:00:00,CWM-N-0000,2.5,5000,,,
2001-03-13 00:00:00,CWM-N-0000,2.5,1500,,,
2001-03-14 00:00:00,CWM-N-0000,2.75,200,,,
2001-03-15 00:00:00,CWM-N-0000,2.75,100,,,
2001-03-16 00:00:00,CWM-N-0000,2.75,3200,,,
2001-03-20 00:00:00,CWM-N-0000,2.75,5500,,,
2001-04-04 00:00:00,CWM-N-0000,2.5,200,,,
2001-04-10 00:00:00,CWM-N-0000,2.75,300,,,
2001-04-16 00:00:00,CWM-N-0000,2.5,2800,,,
2001-04-17 00:00:00,CWM-N-0000,2.25,3200,,,
2001-04-20 00:00:00,CWM-N-0000,2.5,900,,,
2001-04-23 00:00:00,CWM-N-0000,2.5,6400,,,
2001-04-24 00:00:00,CWM-N-0000,2.5,3000,,,
2001-04-25 00:00:00,CWM-N-0000,2.5,1000,,,
2001-04-27 00:00:00,CWM-N-0000,2.5,5300,,,
2001-05-03 00:00:00,CWM-N-0000,2,400,,,
2001-05-04 00:00:00,CWM-N-0000,2.25,200,,,
2001-05-11 00:00:00,CWM-N-0000,2.25,3000,,,
2001-05-14 00:00:00,CWM-N-0000,2.5,4300,,,
2001-05-16 00:00:00,CWM-N-0000,2.5,300,,,
2001-05-17 00:00:00,CWM-N-0000,2.5,500,,,
2001-05-18 00:00:00,CWM-N-0000,2.5,3500,,,
2001-05-21 00:00:00,CWM-N-0000,2.5,5000,,,
2001-05-22 00:00:00,CWM-N-0000,2.5,17000,,,
2001-05-24 00:00:00,CWM-N-0000,2.5,5100,,,
2001-05-30 00:00:00,CWM-N-0000,2.5,7000,,,
2001-05-31 00:00:00,CWM-N-0000,2.5,10000,,,
2001-06-01 00:00:00,CWM-N-0000,2.5,6100,,,
2001-06-04 00:00:00,CWM-N-0000,2.5,11100,,,
2001-06-07 00:00:00,CWM-N-0000,2.5,1000,,,
2001-06-08 00:00:00,CWM-N-0000,2.5,200,,,
2001-06-12 00:00:00,CWM-N-0000,2.5,23000,,,
2001-06-15 00:00:00,CWM-N-0000,2.5,300,,,
2001-06-21 00:00:00,CWM-N-0000,2.75,15700,,,
2001-06-25 00:00:00,CWM-N-0000,3,47200,,,
2001-06-26 00:00:00,CWM-N-0000,2.75,29000,,,
2001-06-27 00:00:00,CWM-N-0000,3.25,44400,,,
2001-06-28 00:00:00,CWM-N-0000,2.75,33000,,,
2001-07-02 00:00:00,CWM-N-0000,2.5,11200,,,
2001-07-04 00:00:00,CWM-N-0000,2.75,500,,,
2001-07-06 00:00:00,CWM-N-0000,2.75,2000,,,
2001-07-09 00:00:00,CWM-N-0000,2.5,7200,,,
2001-07-11 00:00:00,CWM-N-0000,2.25,28200,,,
2001-07-12 00:00:00,CWM-N-0000,2.5,3100,,,
2001-07-16 00:00:00,CWM-N-0000,2.5,1200,,,
2001-07-18 00:00:00,CWM-N-0000,2.5,200,,,
2001-07-19 00:00:00,CWM-N-0000,2.25,36000,,,
2001-07-20 00:00:00,CWM-N-0000,2.25,25300,,,
2001-07-23 00:00:00,CWM-N-0000,2.5,500,,,
2001-07-30 00:00:00,CWM-N-0000,2.5,100,,,
2001-08-06 00:00:00,CWM-N-0000,2.5,300,,,
2001-08-07 00:00:00,CWM-N-0000,2.5,100,,,
2001-08-08 00:00:00,CWM-N-0000,2.25,400,,,
2001-08-10 00:00:00,CWM-N-0000,2.25,800,,,
2001-08-13 00:00:00,CWM-N-0000,2.25,600,,,
2001-08-14 00:00:00,CWM-N-0000,2,16000,,,
2001-08-20 00:00:00,CWM-N-0000,2,700,,,
2001-08-24 00:00:00,CWM-N-0000,2.25,2000,,,
2001-09-12 00:00:00,CWM-N-0000,2,1000,,,
2001-09-14 00:00:00,CWM-N-0000,2,400,,,
2001-09-19 00:00:00,CWM-N-0000,2,100,,,
2001-09-24 00:00:00,CWM-N-0000,2,400,,,
2001-09-25 00:00:00,CWM-N-0000,2,4700,,,
2001-09-26 00:00:00,CWM-N-0000,2,4000,,,
2001-10-10 00:00:00,CWM-N-0000,2.25,8000,,,
2001-10-11 00:00:00,CWM-N-0000,2.25,21100,,,
2001-10-15 00:00:00,CWM-N-0000,2.5,62800,,,
2001-10-16 00:00:00,CWM-N-0000,2.5,12200,,,
2001-10-17 00:00:00,CWM-N-0000,2.75,9000,,,
2001-10-19 00:00:00,CWM-N-0000,2.5,3500,,,
2001-10-22 00:00:00,CWM-N-0000,3,100,,,
2001-10-24 00:00:00,CWM-N-0000,2.5,4000,,,
2001-10-25 00:00:00,CWM-N-0000,2.5,7000,,,
2001-10-26 00:00:00,CWM-N-0000,2.5,200,,,
2001-11-01 00:00:00,CWM-N-0000,2.5,1000,,,
2001-11-02 00:00:00,CWM-N-0000,2.5,14800,,,
2001-11-05 00:00:00,CWM-N-0000,2.75,200,,,
2001-11-16 00:00:00,CWM-N-0000,3,4100,,,
2001-11-19 00:00:00,CWM-N-0000,3,11800,,,
2001-11-20 00:00:00,CWM-N-0000,3,26200,,,
2001-11-21 00:00:00,CWM-N-0000,3,18400,,,
2001-11-22 00:00:00,CWM-N-0000,3.5,69500,,,
2001-11-23 00:00:00,CWM-N-0000,3.5,18700,,,
2001-11-26 00:00:00,CWM-N-0000,3.25,10000,,,
2001-11-28 00:00:00,CWM-N-0000,3.5,47000,,,
2001-11-29 00:00:00,CWM-N-0000,3.25,20000,,,
2001-12-03 00:00:00,CWM-N-0000,3.25,17000,,,
2001-12-04 00:00:00,CWM-N-0000,3,25700,,,
2001-12-05 00:00:00,CWM-N-0000,3.25,7000,,,
2001-12-07 00:00:00,CWM-N-0000,4.75,54400,,,
2001-12-10 00:00:00,CWM-N-0000,4.75,132500,,,
2001-12-11 00:00:00,CWM-N-0000,5,94400,,,
2001-12-12 00:00:00,CWM-N-0000,4.5,61400,,,
2001-12-13 00:00:00,CWM-N-0000,4.25,22000,,,
2001-12-14 00:00:00,CWM-N-0000,5,69500,,,
2001-12-17 00:00:00,CWM-N-0000,4.25,23200,,,
2001-12-18 00:00:00,CWM-N-0000,4,26500,,,
2001-12-19 00:00:00,CWM-N-0000,3.25,29400,,,
2001-12-20 00:00:00,CWM-N-0000,3.75,20000,,,
2001-12-21 00:00:00,CWM-N-0000,3.75,2200,,,
2001-12-27 00:00:00,CWM-N-0000,4,30100,,,
2001-12-28 00:00:00,CWM-N-0000,4.25,5000,,,
2001-12-31 00:00:00,CWM-N-0000,4.25,22000,,,
2002-01-02 00:00:00,CWM-N-0000,4,27400,,,
2002-01-03 00:00:00,CWM-N-0000,3.75,10200,,,
2002-01-04 00:00:00,CWM-N-0000,3.75,10000,,,
2002-01-07 00:00:00,CWM-N-0000,3.75,600,,,
2002-01-09 00:00:00,CWM-N-0000,3.75,14800,,,
2002-01-11 00:00:00,CWM-N-0000,3.75,20200,,,
2002-01-15 00:00:00,CWM-N-0000,3.25,10000,,,
2002-01-17 00:00:00,CWM-N-0000,3.25,3400,,,
2002-01-18 00:00:00,CWM-N-0000,3.25,100,,,
2002-01-21 00:00:00,CWM-N-0000,3.5,2400,,,
2002-01-24 00:00:00,CWM-N-0000,3.5,2500,,,
2002-01-25 00:00:00,CWM-N-0000,3.5,7700,,,
2002-01-29 00:00:00,CWM-N-0000,3.5,1000,,,
2002-02-01 00:00:00,CWM-N-0000,3.5,10000,,,
2002-02-08 00:00:00,CWM-N-0000,3.5,3000,,,
2001-01-02 00:00:00,LLUB-N-000,50,14300,,,
2001-01-03 00:00:00,LLUB-N-000,45.75,1100,,,
2001-01-04 00:00:00,LLUB-N-000,45,3100,,,
2001-01-05 00:00:00,LLUB-N-000,45,2000,,,
2001-01-08 00:00:00,LLUB-N-000,45.25,3000,,,
2001-01-10 00:00:00,LLUB-N-000,45.5,1900,,,
2001-01-11 00:00:00,LLUB-N-000,45.5,400,,,
2001-01-12 00:00:00,LLUB-N-000,45.25,500,,,
2001-01-16 00:00:00,LLUB-N-000,45.75,4900,,,
2001-01-17 00:00:00,LLUB-N-000,45.5,3200,,,
2001-01-18 00:00:00,LLUB-N-000,46,152800,,,
2001-01-19 00:00:00,LLUB-N-000,46,26400,,,
2001-01-22 00:00:00,LLUB-N-000,46,3000,,,
2001-01-24 00:00:00,LLUB-N-000,46,4700,,,
2001-01-25 00:00:00,LLUB-N-000,44.25,6900,,,
2001-01-26 00:00:00,LLUB-N-000,44.25,800,,,
2001-01-29 00:00:00,LLUB-N-000,44.5,600,,,
2001-01-30 00:00:00,LLUB-N-000,44.5,4200,,,
2001-02-02 00:00:00,LLUB-N-000,44.5,3500,,,
2001-02-06 00:00:00,LLUB-N-000,44.5,1200,,,
2001-02-08 00:00:00,LLUB-N-000,45,700,,,
2001-02-09 00:00:00,LLUB-N-000,45,700,,,
2001-02-12 00:00:00,LLUB-N-000,45,100,,,
2001-02-13 00:00:00,LLUB-N-000,45,1000,,,
2001-02-14 00:00:00,LLUB-N-000,45,200,,,
2001-02-15 00:00:00,LLUB-N-000,45,500,,,
2001-02-16 00:00:00,LLUB-N-000,45,8400,,,
2001-02-19 00:00:00,LLUB-N-000,45,7300,,,
2001-02-20 00:00:00,LLUB-N-000,45,100,,,
2001-02-21 00:00:00,LLUB-N-000,45,100,,,
2001-02-22 00:00:00,LLUB-N-000,45,2100,,,
2001-02-23 00:00:00,LLUB-N-000,45,900,,,
2001-03-01 00:00:00,LLUB-N-000,45.25,100,,,
2001-03-02 00:00:00,LLUB-N-000,45.5,11000,,,
2001-03-05 00:00:00,LLUB-N-000,46,2200,,,
2001-03-06 00:00:00,LLUB-N-000,46,200,,,
2001-03-07 00:00:00,LLUB-N-000,46,300,,,
2001-03-08 00:00:00,LLUB-N-000,46.75,1000,,,
2001-03-12 00:00:00,LLUB-N-000,46.75,300,,,
2001-03-13 00:00:00,LLUB-N-000,46,1200,,,
2001-03-14 00:00:00,LLUB-N-000,46,3900,,,
2001-03-15 00:00:00,LLUB-N-000,46.5,5100,,,
2001-03-16 00:00:00,LLUB-N-000,46,200,,,
2001-03-19 00:00:00,LLUB-N-000,46,3300,,,
2001-03-20 00:00:00,LLUB-N-000,46,7000,,,
2001-03-21 00:00:00,LLUB-N-000,46,2400,,,
2001-03-22 00:00:00,LLUB-N-000,45.25,2500,,,
2001-03-26 00:00:00,LLUB-N-000,47,500,,,
2001-03-27 00:00:00,LLUB-N-000,47,3400,,,
2001-03-28 00:00:00,LLUB-N-000,47,2900,,,
2001-03-29 00:00:00,LLUB-N-000,46,200,,,
2001-04-02 00:00:00,LLUB-N-000,46,400,,,
2001-04-03 00:00:00,LLUB-N-000,46,700,,,
2001-04-06 00:00:00,LLUB-N-000,46.5,200,,,
2001-04-09 00:00:00,LLUB-N-000,46,1800,,,
2001-04-17 00:00:00,LLUB-N-000,46.25,1000,,,
2001-04-19 00:00:00,LLUB-N-000,46.5,1000,,,
2001-04-20 00:00:00,LLUB-N-000,46.75,600,,,
2001-04-23 00:00:00,LLUB-N-000,47,100,,,
2001-04-24 00:00:00,LLUB-N-000,47.5,2300,,,
2001-04-25 00:00:00,LLUB-N-000,47.5,400,,,
2001-04-27 00:00:00,LLUB-N-000,47,47700,,,
2001-04-30 00:00:00,LLUB-N-000,47,3800,,,
2001-05-04 00:00:00,LLUB-N-000,47.5,1300,,,
2001-05-09 00:00:00,LLUB-N-000,47,60100,,,
2001-05-10 00:00:00,LLUB-N-000,48,1800,,,
2001-05-14 00:00:00,LLUB-N-000,48,1700,,,
2001-05-17 00:00:00,LLUB-N-000,48.25,300,,,
2001-05-18 00:00:00,LLUB-N-000,49,100,,,
2001-05-21 00:00:00,LLUB-N-000,49,600,,,
2001-05-24 00:00:00,LLUB-N-000,49,900,,,
2001-05-25 00:00:00,LLUB-N-000,50.5,166300,,,
2001-05-29 00:00:00,LLUB-N-000,50,200,,,
2001-05-30 00:00:00,LLUB-N-000,50,500,,,
2001-05-31 00:00:00,LLUB-N-000,51,1900,,,
2001-06-01 00:00:00,LLUB-N-000,51,600,,,
2001-06-04 00:00:00,LLUB-N-000,48,300,,,
2001-06-07 00:00:00,LLUB-N-000,48.5,300,,,
2001-06-12 00:00:00,LLUB-N-000,48.5,1200,,,
2001-06-13 00:00:00,LLUB-N-000,49,100,,,
2001-06-15 00:00:00,LLUB-N-000,49,5000,,,
2001-06-19 00:00:00,LLUB-N-000,49,1600,,,
2001-06-20 00:00:00,LLUB-N-000,49.5,200,,,
2001-06-21 00:00:00,LLUB-N-000,51,143500,,,
2001-06-22 00:00:00,LLUB-N-000,50,3300,,,
2001-06-25 00:00:00,LLUB-N-000,50.5,500,,,
2001-06-28 00:00:00,LLUB-N-000,50.5,1000,,,
2001-06-29 00:00:00,LLUB-N-000,51,100,,,
2001-07-04 00:00:00,LLUB-N-000,52,300,,,
2001-07-09 00:00:00,LLUB-N-000,53,2100,,,
2001-07-10 00:00:00,LLUB-N-000,54,100,,,
2001-07-11 00:00:00,LLUB-N-000,51,900,,,
2001-07-17 00:00:00,LLUB-N-000,51,500,,,
2001-07-18 00:00:00,LLUB-N-000,50.25,100,,,
2001-07-20 00:00:00,LLUB-N-000,50,100,,,
2001-07-23 00:00:00,LLUB-N-000,50,2200,,,
2001-07-24 00:00:00,LLUB-N-000,50,1100,,,
2001-07-25 00:00:00,LLUB-N-000,50,700,,,
2001-07-27 00:00:00,LLUB-N-000,50,1000,,,
2001-07-30 00:00:00,LLUB-N-000,50,2100,,,
2001-08-02 00:00:00,LLUB-N-000,51,1000,,,
2001-08-06 00:00:00,LLUB-N-000,50.5,600,,,
2001-08-07 00:00:00,LLUB-N-000,50.5,3000,,,
2001-08-08 00:00:00,LLUB-N-000,50.5,500,,,
2001-08-13 00:00:00,LLUB-N-000,49,49300,,,
2001-08-14 00:00:00,LLUB-N-000,50,12600,,,
2001-08-15 00:00:00,LLUB-N-000,48,43100,,,
2001-08-16 00:00:00,LLUB-N-000,47.5,1800,,,
2001-08-17 00:00:00,LLUB-N-000,48,500,,,
2001-08-20 00:00:00,LLUB-N-000,48,500,,,
2001-08-21 00:00:00,LLUB-N-000,50,63500,,,
2001-08-22 00:00:00,LLUB-N-000,50,1000,,,
2001-08-23 00:00:00,LLUB-N-000,50.25,800,,,
2001-08-28 00:00:00,LLUB-N-000,51.5,900,,,
2001-08-29 00:00:00,LLUB-N-000,51.5,8200,,,
2001-09-04 00:00:00,LLUB-N-000,51.5,1700,,,
2001-09-05 00:00:00,LLUB-N-000,51.75,3500,,,
2001-09-07 00:00:00,LLUB-N-000,54.5,4800,,,
2001-09-10 00:00:00,LLUB-N-000,55,800,,,
2001-09-11 00:00:00,LLUB-N-000,55,1000,,,
2001-09-13 00:00:00,LLUB-N-000,55,300,,,
2001-09-14 00:00:00,LLUB-N-000,55,1700,,,
2001-09-18 00:00:00,LLUB-N-000,55,300,,,
2001-09-19 00:00:00,LLUB-N-000,55,500,,,
2001-09-20 00:00:00,LLUB-N-000,50.25,121300,,,
2001-09-24 00:00:00,LLUB-N-000,53,3000,,,
2001-09-25 00:00:00,LLUB-N-000,53.5,25000,,,
2001-09-26 00:00:00,LLUB-N-000,53.5,3200,,,
2001-09-28 00:00:00,LLUB-N-000,54.5,46100,,,
2001-10-01 00:00:00,LLUB-N-000,54.5,18800,,,
2001-10-05 00:00:00,LLUB-N-000,55,3100,,,
2001-10-08 00:00:00,LLUB-N-000,55,100,,,
2001-10-10 00:00:00,LLUB-N-000,60,9000,,,
2001-10-11 00:00:00,LLUB-N-000,60,53100,,,
2001-10-12 00:00:00,LLUB-N-000,63,88000,,,
2001-10-15 00:00:00,LLUB-N-000,64,30600,,,
2001-10-16 00:00:00,LLUB-N-000,61,35600,,,
2001-10-17 00:00:00,LLUB-N-000,61.5,1900,,,
2001-10-18 00:00:00,LLUB-N-000,63,9800,,,
2001-10-19 00:00:00,LLUB-N-000,64,3300,,,
2001-10-22 00:00:00,LLUB-N-000,65,3400,,,
2001-10-23 00:00:00,LLUB-N-000,65.25,17100,,,
2001-10-24 00:00:00,LLUB-N-000,65,1200,,,
2001-10-25 00:00:00,LLUB-N-000,65,14000,,,
2001-10-26 00:00:00,LLUB-N-000,65,18200,,,
2001-10-29 00:00:00,LLUB-N-000,65,1600,,,
2001-10-30 00:00:00,LLUB-N-000,65,1300,,,
2001-11-01 00:00:00,LLUB-N-000,65,400,,,
2001-11-02 00:00:00,LLUB-N-000,62,30700,,,
2001-11-05 00:00:00,LLUB-N-000,62,10600,,,
2001-11-06 00:00:00,LLUB-N-000,62,28900,,,
2001-11-08 00:00:00,LLUB-N-000,62,40200,,,
2001-11-09 00:00:00,LLUB-N-000,62,26500,,,
2001-11-12 00:00:00,LLUB-N-000,62,30000,,,
2001-11-13 00:00:00,LLUB-N-000,62,30800,,,
2001-11-14 00:00:00,LLUB-N-000,63,11700,,,
2001-11-15 00:00:00,LLUB-N-000,63,65200,,,
2001-11-16 00:00:00,LLUB-N-000,63.75,47700,,,
2001-11-19 00:00:00,LLUB-N-000,65,2300,,,
2001-11-20 00:00:00,LLUB-N-000,65,1000,,,
2001-11-21 00:00:00,LLUB-N-000,65,7700,,,
2001-11-22 00:00:00,LLUB-N-000,65,100,,,
2001-11-23 00:00:00,LLUB-N-000,66,37300,,,
2001-11-26 00:00:00,LLUB-N-000,65,6500,,,
2001-11-27 00:00:00,LLUB-N-000,63.5,61500,,,
2001-11-28 00:00:00,LLUB-N-000,65,25200,,,
2001-11-29 00:00:00,LLUB-N-000,67,36500,,,
2001-12-03 00:00:00,LLUB-N-000,67,28700,,,
2001-12-04 00:00:00,LLUB-N-000,66.5,5500,,,
2001-12-05 00:00:00,LLUB-N-000,67.5,43100,,,
2001-12-07 00:00:00,LLUB-N-000,78,116800,,,
2001-12-10 00:00:00,LLUB-N-000,88,48200,,,
2001-12-11 00:00:00,LLUB-N-000,80,31200,,,
2001-12-12 00:00:00,LLUB-N-000,78,19900,,,
2001-12-13 00:00:00,LLUB-N-000,75,55000,,,
2001-12-14 00:00:00,LLUB-N-000,78,6900,,,
2001-12-17 00:00:00,LLUB-N-000,78,22000,,,
2001-12-18 00:00:00,LLUB-N-000,77,27700,,,
2001-12-19 00:00:00,LLUB-N-000,75,12500,,,
2001-12-20 00:00:00,LLUB-N-000,72.5,378900,,,
2001-12-21 00:00:00,LLUB-N-000,75,205300,,,
2001-12-27 00:00:00,LLUB-N-000,78,26900,,,
2001-12-28 00:00:00,LLUB-N-000,74,53000,,,
2001-12-31 00:00:00,LLUB-N-000,75,6900,,,
2002-01-02 00:00:00,LLUB-N-000,74,15000,,,
2002-01-03 00:00:00,LLUB-N-000,75,62500,,,
2002-01-04 00:00:00,LLUB-N-000,75,8100,,,
2002-01-07 00:00:00,LLUB-N-000,75,15500,,,
2002-01-08 00:00:00,LLUB-N-000,75,56500,,,
2002-01-09 00:00:00,LLUB-N-000,75,11800,,,
2002-01-10 00:00:00,LLUB-N-000,75,600,,,
2002-01-11 00:00:00,LLUB-N-000,74,12000,,,
2002-01-15 00:00:00,LLUB-N-000,73,2400,,,
2002-01-16 00:00:00,LLUB-N-000,73,900,,,
2002-01-17 00:00:00,LLUB-N-000,72,12600,,,
2002-01-18 00:00:00,LLUB-N-000,74,3300,,,
2002-01-21 00:00:00,LLUB-N-000,74,1500,,,
2002-01-22 00:00:00,LLUB-N-000,72.25,4600,,,
2002-01-24 00:00:00,LLUB-N-000,72.25,7400,,,
2002-01-25 00:00:00,LLUB-N-000,73,12900,,,
2002-01-29 00:00:00,LLUB-N-000,72,7500,,,
2002-01-30 00:00:00,LLUB-N-000,72,5400,,,
2002-01-31 00:00:00,LLUB-N-000,73,51600,,,
2002-02-01 00:00:00,LLUB-N-000,73,81000,,,
2002-02-05 00:00:00,LLUB-N-000,73,20500,,,
2002-02-06 00:00:00,LLUB-N-000,73,198900,,,
2002-02-08 00:00:00,LLUB-N-000,73,2400,,,
2002-02-11 00:00:00,LLUB-N-000,73.5,12000,,,
2001-05-28 00:00:00,CDIC-N-000,28,100,,,
2001-09-20 00:00:00,CDIC-N-000,25,100,,,
2001-09-21 00:00:00,CDIC-N-000,25,700,,,
2001-09-24 00:00:00,CDIC-N-000,26,100,,,
2001-10-10 00:00:00,CDIC-N-000,28,100,,,
2001-10-12 00:00:00,CDIC-N-000,30,100,,,
2001-10-25 00:00:00,CDIC-N-000,31,400,,,
2001-12-18 00:00:00,CDIC-N-000,28.5,4500,,,
2001-12-31 00:00:00,CDIC-N-000,35,100,,,
2001-01-03 00:00:00,CARG-N-000,36,100,,,
2001-01-11 00:00:00,CARG-N-000,35,100,,,
2001-01-17 00:00:00,CARG-N-000,35,500,,,
2001-02-06 00:00:00,CARG-N-000,34.5,100,,,
2001-02-13 00:00:00,CARG-N-000,35,1100,,,
2001-02-14 00:00:00,CARG-N-000,35,400,,,
2001-02-15 00:00:00,CARG-N-000,35,100,,,
2001-02-16 00:00:00,CARG-N-000,34,300,,,
2001-02-28 00:00:00,CARG-N-000,34,800,,,
2001-03-07 00:00:00,CARG-N-000,34.25,100,,,
2001-03-13 00:00:00,CARG-N-000,34.5,100,,,
2001-03-14 00:00:00,CARG-N-000,34.5,100,,,
2001-03-20 00:00:00,CARG-N-000,34.5,200,,,
2001-03-22 00:00:00,CARG-N-000,34.5,1600,,,
2001-03-23 00:00:00,CARG-N-000,34.5,100,,,
2001-03-30 00:00:00,CARG-N-000,35,1700,,,
2001-04-16 00:00:00,CARG-N-000,37,100,,,
2001-04-17 00:00:00,CARG-N-000,37,200,,,
2001-04-23 00:00:00,CARG-N-000,36.5,700,,,
2001-04-24 00:00:00,CARG-N-000,36.5,300,,,
2001-05-16 00:00:00,CARG-N-000,35,200,,,
2001-06-06 00:00:00,CARG-N-000,39.5,100,,,
2001-06-14 00:00:00,CARG-N-000,39.75,100,,,
2001-06-15 00:00:00,CARG-N-000,39.75,100,,,
2001-06-19 00:00:00,CARG-N-000,39.75,700,,,
2001-06-20 00:00:00,CARG-N-000,41,100,,,
2001-06-21 00:00:00,CARG-N-000,42,200,,,
2001-06-27 00:00:00,CARG-N-000,37.5,700,,,
2001-07-04 00:00:00,CARG-N-000,39.75,100,,,
2001-07-09 00:00:00,CARG-N-000,40,400,,,
2001-07-10 00:00:00,CARG-N-000,40,400,,,
2001-07-13 00:00:00,CARG-N-000,40.25,100,,,
2001-07-16 00:00:00,CARG-N-000,41.75,100,,,
2001-07-20 00:00:00,CARG-N-000,41.25,100,,,
2001-07-24 00:00:00,CARG-N-000,40,100,,,
2001-08-07 00:00:00,CARG-N-000,42,100,,,
2001-08-08 00:00:00,CARG-N-000,43,100,,,
2001-08-15 00:00:00,CARG-N-000,44,300,,,
2001-08-16 00:00:00,CARG-N-000,43,700,,,
2001-08-21 00:00:00,CARG-N-000,40,100,,,
2001-09-11 00:00:00,CARG-N-000,40,1900,,,
2001-09-12 00:00:00,CARG-N-000,40,800,,,
2001-09-17 00:00:00,CARG-N-000,43,100,,,
2001-09-20 00:00:00,CARG-N-000,44.75,100,,,
2001-10-12 00:00:00,CARG-N-000,50,200,,,
2001-10-18 00:00:00,CARG-N-000,45,500,,,
2001-10-25 00:00:00,CARG-N-000,46,100,,,
2001-11-02 00:00:00,CARG-N-000,46,100,,,
2001-11-14 00:00:00,CARG-N-000,47,100,,,
2001-11-19 00:00:00,CARG-N-000,50,500,,,
2001-11-23 00:00:00,CARG-N-000,50,200,,,
2001-11-26 00:00:00,CARG-N-000,50,100,,,
2001-11-27 00:00:00,CARG-N-000,50,100,,,
2001-12-04 00:00:00,CARG-N-000,50,100,,,
2001-12-05 00:00:00,CARG-N-000,55,100,,,
2001-12-12 00:00:00,CARG-N-000,55,100,,,
2001-12-14 00:00:00,CARG-N-000,50,3300,,,
2001-12-20 00:00:00,CARG-N-000,51,600,,,
2001-12-21 00:00:00,CARG-N-000,51,500,,,
2001-12-28 00:00:00,CARG-N-000,60,100,,,
2002-01-15 00:00:00,CARG-N-000,55,100,,,
2002-01-16 00:00:00,CARG-N-000,51.5,400,,,
2002-01-17 00:00:00,CARG-N-000,50,700,,,
2002-01-21 00:00:00,CARG-N-000,50.25,500,,,
2002-01-22 00:00:00,CARG-N-000,58,100,,,
2002-01-23 00:00:00,CARG-N-000,55,900,,,
2002-01-24 00:00:00,CARG-N-000,55,400,,,
2002-01-25 00:00:00,CARG-N-000,55,100,,,
2002-01-30 00:00:00,CARG-N-000,56,100,,,
2002-01-31 00:00:00,CARG-N-000,56,200,,,
2002-02-01 00:00:00,CARG-N-000,55,1300,,,
2002-02-07 00:00:00,CARG-N-000,55,100,,,
2002-02-11 00:00:00,CARG-N-000,56,200,,,
2001-05-15 00:00:00,CABO-N-000,10,2800,,,
2001-06-01 00:00:00,CABO-N-000,10,600,,,
2001-06-04 00:00:00,CABO-N-000,10,500,,,
2001-06-08 00:00:00,CABO-N-000,10,1000,,,
2001-06-18 00:00:00,CABO-N-000,10,400,,,
2001-08-20 00:00:00,CABO-N-000,10.5,500,,,
2001-09-26 00:00:00,CABO-N-000,12,200,,,
2001-10-01 00:00:00,CABO-N-000,12,100,,,
2001-10-03 00:00:00,CABO-N-000,12,100,,,
2001-10-23 00:00:00,CABO-N-000,12,4500,,,
2001-10-24 00:00:00,CABO-N-000,13,2500,,,
2001-10-25 00:00:00,CABO-N-000,13.5,300,,,
2001-01-11 00:00:00,CARS-N-000,1200,79000,,,
2001-01-18 00:00:00,CARS-N-000,1200,200,,,
2001-01-19 00:00:00,CARS-N-000,1200,500,,,
2001-03-30 00:00:00,CARS-N-000,1200,500,,,
2001-08-02 00:00:00,CARS-N-000,1200,100,,,
2001-08-16 00:00:00,CARS-N-000,1200,100,,,
2001-08-21 00:00:00,CARS-N-000,1200,200,,,
2001-10-10 00:00:00,CARS-N-000,1200,100,,,
2001-11-20 00:00:00,CARS-N-000,1200,100,,,
2001-12-11 00:00:00,CARS-N-000,1260,14100,,,
2001-12-13 00:00:00,CARS-N-000,1300,28700,,,
2001-01-03 00:00:00,CFIN-N-000,37,200,,,
2001-01-04 00:00:00,CFIN-N-000,36,1200,,,
2001-01-05 00:00:00,CFIN-N-000,35.25,76500,,,
2001-01-08 00:00:00,CFIN-N-000,36,100,,,
2001-01-10 00:00:00,CFIN-N-000,36,500,,,
2001-01-16 00:00:00,CFIN-N-000,36.25,1100,,,
2001-01-18 00:00:00,CFIN-N-000,37,200,,,
2001-01-22 00:00:00,CFIN-N-000,36,2100,,,
2001-01-23 00:00:00,CFIN-N-000,35,3300,,,
2001-01-29 00:00:00,CFIN-N-000,35,200,,,
2001-01-30 00:00:00,CFIN-N-000,35,400,,,
2001-02-02 00:00:00,CFIN-N-000,35,200,,,
2001-02-06 00:00:00,CFIN-N-000,35,100,,,
2001-02-08 00:00:00,CFIN-N-000,35,500,,,
2001-02-14 00:00:00,CFIN-N-000,35,100,,,
2001-02-23 00:00:00,CFIN-N-000,34.5,100,,,
2001-02-28 00:00:00,CFIN-N-000,32,2000,,,
2001-03-01 00:00:00,CFIN-N-000,32,1200,,,
2001-03-02 00:00:00,CFIN-N-000,32,400,,,
2001-03-06 00:00:00,CFIN-N-000,32.25,800,,,
2001-03-08 00:00:00,CFIN-N-000,33,12700,,,
2001-03-14 00:00:00,CFIN-N-000,32,1000,,,
2001-03-16 00:00:00,CFIN-N-000,32,300,,,
2001-03-23 00:00:00,CFIN-N-000,31,1900,,,
2001-03-26 00:00:00,CFIN-N-000,31.25,200,,,
2001-03-27 00:00:00,CFIN-N-000,31,100,,,
2001-04-02 00:00:00,CFIN-N-000,30.25,400,,,
2001-04-03 00:00:00,CFIN-N-000,30,1300,,,
2001-04-04 00:00:00,CFIN-N-000,30,1000,,,
2001-04-05 00:00:00,CFIN-N-000,30,1000,,,
2001-04-09 00:00:00,CFIN-N-000,30,1800,,,
2001-04-10 00:00:00,CFIN-N-000,30.5,5400,,,
2001-04-11 00:00:00,CFIN-N-000,30.5,1000,,,
2001-04-18 00:00:00,CFIN-N-000,30.5,200,,,
2001-04-19 00:00:00,CFIN-N-000,30.5,1000,,,
2001-04-20 00:00:00,CFIN-N-000,30,1100,,,
2001-04-24 00:00:00,CFIN-N-000,30.25,800,,,
2001-04-26 00:00:00,CFIN-N-000,30.5,400,,,
2001-04-27 00:00:00,CFIN-N-000,30.5,1700,,,
2001-04-30 00:00:00,CFIN-N-000,30,60000,,,
2001-05-02 00:00:00,CFIN-N-000,30.5,1000,,,
2001-05-03 00:00:00,CFIN-N-000,30.5,1200,,,
2001-05-04 00:00:00,CFIN-N-000,30.5,600,,,
2001-05-09 00:00:00,CFIN-N-000,30.5,400,,,
2001-05-10 00:00:00,CFIN-N-000,30,1100,,,
2001-05-11 00:00:00,CFIN-N-000,30,600,,,
2001-05-15 00:00:00,CFIN-N-000,30,6000,,,
2001-05-16 00:00:00,CFIN-N-000,30,1100,,,
2001-05-17 00:00:00,CFIN-N-000,30,100,,,
2001-05-18 00:00:00,CFIN-N-000,30,1200,,,
2001-05-21 00:00:00,CFIN-N-000,30.5,400,,,
2001-05-22 00:00:00,CFIN-N-000,30,1400,,,
2001-05-23 00:00:00,CFIN-N-000,30.5,200,,,
2001-05-28 00:00:00,CFIN-N-000,30.5,900,,,
2001-05-30 00:00:00,CFIN-N-000,29.75,400,,,
2001-06-06 00:00:00,CFIN-N-000,29.75,1000,,,
2001-06-07 00:00:00,CFIN-N-000,29.75,700,,,
2001-06-12 00:00:00,CFIN-N-000,27,400,,,
2001-06-13 00:00:00,CFIN-N-000,27,1100,,,
2001-06-14 00:00:00,CFIN-N-000,27,1800,,,
2001-06-18 00:00:00,CFIN-N-000,27.25,200,,,
2001-06-20 00:00:00,CFIN-N-000,30,100,,,
2001-06-21 00:00:00,CFIN-N-000,31,1600,,,
2001-06-22 00:00:00,CFIN-N-000,32,7100,,,
2001-06-25 00:00:00,CFIN-N-000,31.5,5400,,,
2001-06-29 00:00:00,CFIN-N-000,30,2500,,,
2001-07-02 00:00:00,CFIN-N-000,30,6000,,,
2001-07-04 00:00:00,CFIN-N-000,30,400,,,
2001-07-06 00:00:00,CFIN-N-000,30,1000,,,
2001-07-10 00:00:00,CFIN-N-000,30,2100,,,
2001-07-11 00:00:00,CFIN-N-000,28.5,600,,,
2001-07-12 00:00:00,CFIN-N-000,28,100,,,
2001-07-16 00:00:00,CFIN-N-000,28.25,300,,,
2001-07-17 00:00:00,CFIN-N-000,30,1000,,,
2001-07-23 00:00:00,CFIN-N-000,28.5,900,,,
2001-07-24 00:00:00,CFIN-N-000,27.5,1600,,,
2001-07-26 00:00:00,CFIN-N-000,27.5,2600,,,
2001-07-30 00:00:00,CFIN-N-000,27.5,300,,,
2001-07-31 00:00:00,CFIN-N-000,27.5,200,,,
2001-08-02 00:00:00,CFIN-N-000,27.75,500,,,
2001-08-06 00:00:00,CFIN-N-000,26.5,1000,,,
2001-08-08 00:00:00,CFIN-N-000,26.5,200,,,
2001-08-09 00:00:00,CFIN-N-000,27.5,100,,,
2001-08-10 00:00:00,CFIN-N-000,26,1100,,,
2001-08-13 00:00:00,CFIN-N-000,25,3300,,,
2001-08-14 00:00:00,CFIN-N-000,20,60800,,,
2001-08-15 00:00:00,CFIN-N-000,21.75,500,,,
2001-08-17 00:00:00,CFIN-N-000,21,46700,,,
2001-08-20 00:00:00,CFIN-N-000,23,1300,,,
2001-08-21 00:00:00,CFIN-N-000,22.75,300,,,
2001-08-22 00:00:00,CFIN-N-000,23,1300,,,
2001-08-24 00:00:00,CFIN-N-000,24,400,,,
2001-08-27 00:00:00,CFIN-N-000,23.75,2900,,,
2001-08-28 00:00:00,CFIN-N-000,24,2200,,,
2001-08-29 00:00:00,CFIN-N-000,25.25,3500,,,
2001-08-30 00:00:00,CFIN-N-000,25.5,2000,,,
2001-08-31 00:00:00,CFIN-N-000,25.5,1000,,,
2001-09-03 00:00:00,CFIN-N-000,25,2200,,,
2001-09-04 00:00:00,CFIN-N-000,25,800,,,
2001-09-05 00:00:00,CFIN-N-000,25.5,900,,,
2001-09-06 00:00:00,CFIN-N-000,27.5,250500,,,
2001-09-07 00:00:00,CFIN-N-000,27.5,100,,,
2001-09-10 00:00:00,CFIN-N-000,25.5,400,,,
2001-09-11 00:00:00,CFIN-N-000,27,5500,,,
2001-09-14 00:00:00,CFIN-N-000,27,8600,,,
2001-09-17 00:00:00,CFIN-N-000,26.5,2100,,,
2001-09-18 00:00:00,CFIN-N-000,26.5,1500,,,
2001-09-19 00:00:00,CFIN-N-000,26.5,900,,,
2001-09-24 00:00:00,CFIN-N-000,26.5,200,,,
2001-09-25 00:00:00,CFIN-N-000,26.25,6400,,,
2001-09-26 00:00:00,CFIN-N-000,26,300,,,
2001-09-28 00:00:00,CFIN-N-000,26,600,,,
2001-10-01 00:00:00,CFIN-N-000,26,400,,,
2001-10-04 00:00:00,CFIN-N-000,26,1900,,,
2001-10-08 00:00:00,CFIN-N-000,26,1800,,,
2001-10-09 00:00:00,CFIN-N-000,26.5,13600,,,
2001-10-10 00:00:00,CFIN-N-000,29,6700,,,
2001-10-11 00:00:00,CFIN-N-000,34,6500,,,
2001-10-12 00:00:00,CFIN-N-000,39,29400,,,
2001-10-15 00:00:00,CFIN-N-000,35.25,15000,,,
2001-10-16 00:00:00,CFIN-N-000,35,7600,,,
2001-10-17 00:00:00,CFIN-N-000,35.5,100,,,
2001-10-18 00:00:00,CFIN-N-000,37,2100,,,
2001-10-19 00:00:00,CFIN-N-000,40,8500,,,
2001-10-22 00:00:00,CFIN-N-000,43,26100,,,
2001-10-23 00:00:00,CFIN-N-000,44.25,13500,,,
2001-10-24 00:00:00,CFIN-N-000,44.5,23300,,,
2001-10-25 00:00:00,CFIN-N-000,45,4100,,,
2001-10-26 00:00:00,CFIN-N-000,44,700,,,
2001-10-29 00:00:00,CFIN-N-000,44,2700,,,
2001-10-30 00:00:00,CFIN-N-000,43,1300,,,
2001-11-01 00:00:00,CFIN-N-000,40,6200,,,
2001-11-02 00:00:00,CFIN-N-000,38,4400,,,
2001-11-05 00:00:00,CFIN-N-000,37.5,2500,,,
2001-11-06 00:00:00,CFIN-N-000,38.25,13100,,,
2001-11-07 00:00:00,CFIN-N-000,38.25,6600,,,
2001-11-08 00:00:00,CFIN-N-000,39.5,3000,,,
2001-11-09 00:00:00,CFIN-N-000,42,7400,,,
2001-11-12 00:00:00,CFIN-N-000,42,10800,,,
2001-11-13 00:00:00,CFIN-N-000,41,1000,,,
2001-11-14 00:00:00,CFIN-N-000,41.5,2500,,,
2001-11-15 00:00:00,CFIN-N-000,42,3300,,,
2001-11-16 00:00:00,CFIN-N-000,44,9900,,,
2001-11-19 00:00:00,CFIN-N-000,44,20300,,,
2001-11-20 00:00:00,CFIN-N-000,44.25,24700,,,
2001-11-22 00:00:00,CFIN-N-000,45,5100,,,
2001-11-23 00:00:00,CFIN-N-000,44,1600,,,
2001-11-26 00:00:00,CFIN-N-000,43,3600,,,
2001-11-27 00:00:00,CFIN-N-000,40,7700,,,
2001-11-28 00:00:00,CFIN-N-000,44,6700,,,
2001-11-29 00:00:00,CFIN-N-000,44,16500,,,
2001-12-03 00:00:00,CFIN-N-000,43,40000,,,
2001-12-04 00:00:00,CFIN-N-000,42,6600,,,
2001-12-05 00:00:00,CFIN-N-000,44,14600,,,
2001-12-07 00:00:00,CFIN-N-000,60,31600,,,
2001-12-10 00:00:00,CFIN-N-000,70,71400,,,
2001-12-11 00:00:00,CFIN-N-000,67,24800,,,
2001-12-12 00:00:00,CFIN-N-000,63,17900,,,
2001-12-13 00:00:00,CFIN-N-000,54,18200,,,
2001-12-14 00:00:00,CFIN-N-000,56.75,24200,,,
2001-12-17 00:00:00,CFIN-N-000,56.25,9600,,,
2001-12-18 00:00:00,CFIN-N-000,52.5,6700,,,
2001-12-19 00:00:00,CFIN-N-000,50,12800,,,
2001-12-20 00:00:00,CFIN-N-000,55,4700,,,
2001-12-21 00:00:00,CFIN-N-000,55,12600,,,
2001-12-27 00:00:00,CFIN-N-000,55,10800,,,
2001-12-28 00:00:00,CFIN-N-000,58,11400,,,
2001-12-31 00:00:00,CFIN-N-000,58.25,23100,,,
2002-01-02 00:00:00,CFIN-N-000,55.5,7100,,,
2002-01-03 00:00:00,CFIN-N-000,58,100,,,
2002-01-04 00:00:00,CFIN-N-000,58,1000,,,
2002-01-07 00:00:00,CFIN-N-000,55.75,300,,,
2002-01-08 00:00:00,CFIN-N-000,54,5300,,,
2002-01-09 00:00:00,CFIN-N-000,54.5,5700,,,
2002-01-10 00:00:00,CFIN-N-000,50,8900,,,
2002-01-11 00:00:00,CFIN-N-000,51,2700,,,
2002-01-15 00:00:00,CFIN-N-000,48,15400,,,
2002-01-16 00:00:00,CFIN-N-000,48,1100,,,
2002-01-17 00:00:00,CFIN-N-000,46,2600,,,
2002-01-18 00:00:00,CFIN-N-000,51,3400,,,
2002-01-21 00:00:00,CFIN-N-000,52,1200,,,
2002-01-22 00:00:00,CFIN-N-000,48,3800,,,
2002-01-23 00:00:00,CFIN-N-000,47,1100,,,
2002-01-24 00:00:00,CFIN-N-000,51,4000,,,
2002-01-25 00:00:00,CFIN-N-000,50.75,2000,,,
2002-01-30 00:00:00,CFIN-N-000,47.5,500,,,
2002-02-01 00:00:00,CFIN-N-000,48,700,,,
2002-02-05 00:00:00,CFIN-N-000,48,300,,,
2002-02-06 00:00:00,CFIN-N-000,49,300,,,
2002-02-07 00:00:00,CFIN-N-000,48,1300,,,
2002-02-08 00:00:00,CFIN-N-000,49,1000,,,
2002-02-11 00:00:00,CFIN-N-000,49,900,,,
2001-01-03 00:00:00,CIND-N-000,20,200,,,
2001-01-12 00:00:00,CIND-N-000,25,1109800,,,
2001-01-16 00:00:00,CIND-N-000,27,4100,,,
2001-01-17 00:00:00,CIND-N-000,31.5,5200,,,
2001-01-18 00:00:00,CIND-N-000,32,32600,,,
2001-01-19 00:00:00,CIND-N-000,40.5,146100,,,
2001-01-22 00:00:00,CIND-N-000,35,2000,,,
2001-03-02 00:00:00,CIND-N-000,25,2400,,,
2001-03-05 00:00:00,CIND-N-000,25,2400,,,
2001-03-29 00:00:00,CIND-N-000,25,400,,,
2001-04-04 00:00:00,CIND-N-000,25,100,,,
2001-04-10 00:00:00,CIND-N-000,25,100,,,
2001-05-25 00:00:00,CIND-N-000,25,100,,,
2001-06-13 00:00:00,CIND-N-000,25,800,,,
2001-07-18 00:00:00,CIND-N-000,25,100,,,
2001-09-14 00:00:00,CIND-N-000,25,300,,,
2001-09-19 00:00:00,CIND-N-000,26,100,,,
2001-09-24 00:00:00,CIND-N-000,26,400,,,
2001-10-16 00:00:00,CIND-N-000,25,100,,,
2001-10-17 00:00:00,CIND-N-000,25,200,,,
2001-10-25 00:00:00,CIND-N-000,25,1000,,,
2001-11-05 00:00:00,CIND-N-000,35,1500,,,
2001-11-12 00:00:00,CIND-N-000,35,900,,,
2001-11-15 00:00:00,CIND-N-000,35,10100,,,
2001-11-16 00:00:00,CIND-N-000,35.25,9800,,,
2001-11-20 00:00:00,CIND-N-000,35.75,21000,,,
2001-11-21 00:00:00,CIND-N-000,35.75,4700,,,
2001-11-22 00:00:00,CIND-N-000,35.75,200,,,
2001-12-07 00:00:00,CIND-N-000,40,9200,,,
2001-12-10 00:00:00,CIND-N-000,40,500,,,
2001-12-11 00:00:00,CIND-N-000,41,1000,,,
2001-12-14 00:00:00,CIND-N-000,35,4200,,,
2001-12-17 00:00:00,CIND-N-000,35,3200,,,
2001-12-21 00:00:00,CIND-N-000,35,7800,,,
2001-12-28 00:00:00,CIND-N-000,38,100,,,
2002-01-02 00:00:00,CIND-N-000,38,400,,,
2002-01-04 00:00:00,CIND-N-000,38,1000,,,
2002-02-08 00:00:00,CIND-N-000,30,500,,,
2001-01-05 00:00:00,CSEC-N-000,3.75,300,,,
2001-01-12 00:00:00,CSEC-N-000,3.75,200,,,
2001-01-16 00:00:00,CSEC-N-000,3.5,200,,,
2001-01-17 00:00:00,CSEC-N-000,3.5,100,,,
2001-01-19 00:00:00,CSEC-N-000,3.5,100,,,
2001-01-22 00:00:00,CSEC-N-000,3.5,400,,,
2001-01-24 00:00:00,CSEC-N-000,3.25,700,,,
2001-02-08 00:00:00,CSEC-N-000,3.75,5000,,,
2001-02-14 00:00:00,CSEC-N-000,3.5,8000,,,
2001-02-15 00:00:00,CSEC-N-000,3.5,300,,,
2001-02-19 00:00:00,CSEC-N-000,3.25,2000,,,
2001-02-20 00:00:00,CSEC-N-000,3.25,1000,,,
2001-02-22 00:00:00,CSEC-N-000,3,100,,,
2001-02-23 00:00:00,CSEC-N-000,3,700,,,
2001-03-01 00:00:00,CSEC-N-000,3,100,,,
2001-03-07 00:00:00,CSEC-N-000,3.25,600,,,
2001-03-13 00:00:00,CSEC-N-000,3.25,3000,,,
2001-03-14 00:00:00,CSEC-N-000,3,100,,,
2001-03-21 00:00:00,CSEC-N-000,3,2400,,,
2001-03-26 00:00:00,CSEC-N-000,3.25,700,,,
2001-03-27 00:00:00,CSEC-N-000,3.25,500,,,
2001-04-24 00:00:00,CSEC-N-000,3.25,500,,,
2001-04-26 00:00:00,CSEC-N-000,3.25,3700,,,
2001-05-11 00:00:00,CSEC-N-000,3.25,900,,,
2001-05-15 00:00:00,CSEC-N-000,3.5,6000,,,
2001-05-23 00:00:00,CSEC-N-000,3.5,500,,,
2001-05-24 00:00:00,CSEC-N-000,3.5,21500,,,
2001-05-29 00:00:00,CSEC-N-000,3.25,1200,,,
2001-05-30 00:00:00,CSEC-N-000,3.25,800,,,
2001-06-04 00:00:00,CSEC-N-000,3.25,1800,,,
2001-06-06 00:00:00,CSEC-N-000,3,500,,,
2001-06-07 00:00:00,CSEC-N-000,3.75,200,,,
2001-06-11 00:00:00,CSEC-N-000,3.5,1000,,,
2001-06-15 00:00:00,CSEC-N-000,3,500,,,
2001-06-21 00:00:00,CSEC-N-000,3.25,100,,,
2001-06-22 00:00:00,CSEC-N-000,3.75,1100,,,
2001-06-25 00:00:00,CSEC-N-000,3.5,1100,,,
2001-07-10 00:00:00,CSEC-N-000,3.5,600,,,
2001-07-11 00:00:00,CSEC-N-000,3.5,200,,,
2001-07-12 00:00:00,CSEC-N-000,3.5,100,,,
2001-07-13 00:00:00,CSEC-N-000,3.25,300,,,
2001-08-01 00:00:00,CSEC-N-000,3.25,1700,,,
2001-08-06 00:00:00,CSEC-N-000,3.25,300,,,
2001-08-07 00:00:00,CSEC-N-000,3.25,9600,,,
2001-08-08 00:00:00,CSEC-N-000,3.25,300,,,
2001-08-09 00:00:00,CSEC-N-000,3.25,300,,,
2001-08-10 00:00:00,CSEC-N-000,3,200,,,
2001-08-15 00:00:00,CSEC-N-000,3,1300,,,
2001-08-16 00:00:00,CSEC-N-000,3.25,2300,,,
2001-08-17 00:00:00,CSEC-N-000,3.25,200,,,
2001-08-21 00:00:00,CSEC-N-000,3.25,400,,,
2001-08-29 00:00:00,CSEC-N-000,3.25,1800,,,
2001-08-31 00:00:00,CSEC-N-000,3.75,1800,,,
2001-09-05 00:00:00,CSEC-N-000,3.75,700,,,
2001-09-11 00:00:00,CSEC-N-000,3.5,3000,,,
2001-09-14 00:00:00,CSEC-N-000,3.75,30000,,,
2001-10-01 00:00:00,CSEC-N-000,3.5,13400,,,
2001-10-04 00:00:00,CSEC-N-000,3.5,2700,,,
2001-10-08 00:00:00,CSEC-N-000,3.5,100,,,
2001-10-09 00:00:00,CSEC-N-000,3.75,1000,,,
2001-10-10 00:00:00,CSEC-N-000,4,500,,,
2001-10-11 00:00:00,CSEC-N-000,6,25700,,,
2001-10-12 00:00:00,CSEC-N-000,7.25,16500,,,
2001-10-15 00:00:00,CSEC-N-000,8,102900,,,
2001-10-16 00:00:00,CSEC-N-000,7.5,2900,,,
2001-10-17 00:00:00,CSEC-N-000,7.5,10000,,,
2001-10-18 00:00:00,CSEC-N-000,7.5,300,,,
2001-10-19 00:00:00,CSEC-N-000,8.5,21700,,,
2001-10-22 00:00:00,CSEC-N-000,9.5,39000,,,
2001-10-23 00:00:00,CSEC-N-000,10,24400,,,
2001-10-24 00:00:00,CSEC-N-000,10,42800,,,
2001-10-25 00:00:00,CSEC-N-000,9.5,11200,,,
2001-10-26 00:00:00,CSEC-N-000,9.75,14800,,,
2001-11-01 00:00:00,CSEC-N-000,9.5,2000,,,
2001-11-02 00:00:00,CSEC-N-000,8.5,1400,,,
2001-11-05 00:00:00,CSEC-N-000,9.25,9000,,,
2001-11-06 00:00:00,CSEC-N-000,8.75,1000,,,
2001-11-08 00:00:00,CSEC-N-000,8.75,200,,,
2001-11-09 00:00:00,CSEC-N-000,9.5,35600,,,
2001-11-12 00:00:00,CSEC-N-000,9,4000,,,
2001-11-13 00:00:00,CSEC-N-000,9,1200,,,
2001-11-14 00:00:00,CSEC-N-000,9.25,10000,,,
2001-11-15 00:00:00,CSEC-N-000,9.5,8500,,,
2001-11-16 00:00:00,CSEC-N-000,9.5,33500,,,
2001-11-19 00:00:00,CSEC-N-000,9.75,19700,,,
2001-11-20 00:00:00,CSEC-N-000,9.5,34800,,,
2001-11-21 00:00:00,CSEC-N-000,12,82300,,,
2001-11-22 00:00:00,CSEC-N-000,12.5,68100,,,
2001-11-23 00:00:00,CSEC-N-000,13.5,110600,,,
2001-11-26 00:00:00,CSEC-N-000,13,19500,,,
2001-11-27 00:00:00,CSEC-N-000,14,18400,,,
2001-11-28 00:00:00,CSEC-N-000,14,2500,,,
2001-11-29 00:00:00,CSEC-N-000,16,56700,,,
2001-12-03 00:00:00,CSEC-N-000,15.75,16900,,,
2001-12-04 00:00:00,CSEC-N-000,15,5300,,,
2001-12-05 00:00:00,CSEC-N-000,16,16000,,,
2001-12-07 00:00:00,CSEC-N-000,20,88300,,,
2001-12-10 00:00:00,CSEC-N-000,22.75,65500,,,
2001-12-11 00:00:00,CSEC-N-000,21.75,57300,,,
2001-12-12 00:00:00,CSEC-N-000,19,160800,,,
2001-12-13 00:00:00,CSEC-N-000,17.5,31700,,,
2001-12-14 00:00:00,CSEC-N-000,19,34000,,,
2001-12-17 00:00:00,CSEC-N-000,19.25,7600,,,
2001-12-18 00:00:00,CSEC-N-000,17,7200,,,
2001-12-19 00:00:00,CSEC-N-000,16.75,14700,,,
2001-12-20 00:00:00,CSEC-N-000,17.75,6300,,,
2001-12-21 00:00:00,CSEC-N-000,17.75,23000,,,
2001-12-27 00:00:00,CSEC-N-000,18.5,33900,,,
2001-12-28 00:00:00,CSEC-N-000,19.75,25900,,,
2001-12-31 00:00:00,CSEC-N-000,18.5,12500,,,
2002-01-02 00:00:00,CSEC-N-000,18.25,3600,,,
2002-01-03 00:00:00,CSEC-N-000,18.25,500,,,
2002-01-04 00:00:00,CSEC-N-000,18,2100,,,
2002-01-07 00:00:00,CSEC-N-000,18,600,,,
2002-01-08 00:00:00,CSEC-N-000,17,2000,,,
2002-01-09 00:00:00,CSEC-N-000,17,3100,,,
2002-01-10 00:00:00,CSEC-N-000,17,200,,,
2002-01-11 00:00:00,CSEC-N-000,16.5,5900,,,
2002-01-15 00:00:00,CSEC-N-000,15,17700,,,
2002-01-16 00:00:00,CSEC-N-000,14.75,3100,,,
2002-01-18 00:00:00,CSEC-N-000,16.5,50300,,,
2002-01-21 00:00:00,CSEC-N-000,18.75,1100,,,
2002-01-22 00:00:00,CSEC-N-000,16.5,2000,,,
2002-01-23 00:00:00,CSEC-N-000,16.5,3600,,,
2002-01-24 00:00:00,CSEC-N-000,17,800,,,
2002-01-25 00:00:00,CSEC-N-000,16.5,7700,,,
2002-01-29 00:00:00,CSEC-N-000,16.75,100,,,
2002-01-30 00:00:00,CSEC-N-000,15.5,2200,,,
2002-01-31 00:00:00,CSEC-N-000,15.5,1500,,,
2002-02-01 00:00:00,CSEC-N-000,15.75,300,,,
2002-02-05 00:00:00,CSEC-N-000,15.5,11100,,,
2002-02-08 00:00:00,CSEC-N-000,16,1000,,,
2001-01-10 00:00:00,CHOU-N-000,12,6000,,,
2001-03-01 00:00:00,CHOU-N-000,12,100,,,
2001-03-02 00:00:00,CHOU-N-000,12,2500,,,
2001-03-19 00:00:00,CHOU-N-000,13.25,200,,,
2001-03-20 00:00:00,CHOU-N-000,13.25,100,,,
2001-03-21 00:00:00,CHOU-N-000,13.25,4000,,,
2001-03-28 00:00:00,CHOU-N-000,13.75,100,,,
2001-03-29 00:00:00,CHOU-N-000,14,300,,,
2001-04-03 00:00:00,CHOU-N-000,14,100,,,
2001-04-19 00:00:00,CHOU-N-000,15,3000,,,
2001-04-25 00:00:00,CHOU-N-000,14.5,80200,,,
2001-04-26 00:00:00,CHOU-N-000,14.5,900,,,
2001-04-27 00:00:00,CHOU-N-000,14.5,200,,,
2001-04-30 00:00:00,CHOU-N-000,14.5,200,,,
2001-06-28 00:00:00,CHOU-N-000,9,500,,,
2001-06-29 00:00:00,CHOU-N-000,9,1000,,,
2001-07-06 00:00:00,CHOU-N-000,8,400,,,
2001-07-11 00:00:00,CHOU-N-000,8,1300,,,
2001-07-30 00:00:00,CHOU-N-000,8,100,,,
2001-07-31 00:00:00,CHOU-N-000,7,3800,,,
2001-08-01 00:00:00,CHOU-N-000,7,100,,,
2001-08-06 00:00:00,CHOU-N-000,7,100,,,
2001-08-16 00:00:00,CHOU-N-000,7.25,300,,,
2001-08-28 00:00:00,CHOU-N-000,7,500,,,
2001-08-29 00:00:00,CHOU-N-000,7,3000,,,
2001-09-17 00:00:00,CHOU-N-000,7.75,400,,,
2001-09-24 00:00:00,CHOU-N-000,8,100,,,
2001-10-09 00:00:00,CHOU-N-000,8.25,800,,,
2001-10-10 00:00:00,CHOU-N-000,8.5,100,,,
2001-10-15 00:00:00,CHOU-N-000,7,400,,,
2001-10-23 00:00:00,CHOU-N-000,9.5,100,,,
2001-10-26 00:00:00,CHOU-N-000,9.5,1000,,,
2001-11-27 00:00:00,CHOU-N-000,9,1500,,,
2001-12-03 00:00:00,CHOU-N-000,9,500,,,
2001-12-13 00:00:00,CHOU-N-000,9,2000,,,
2001-12-17 00:00:00,CHOU-N-000,9,500,,,
2001-12-18 00:00:00,CHOU-N-000,9,500,,,
2001-12-19 00:00:00,CHOU-N-000,9,500,,,
2002-01-02 00:00:00,CHOU-N-000,9,100,,,
2002-01-04 00:00:00,CHOU-N-000,9.5,2000,,,
2002-01-10 00:00:00,CHOU-N-000,9,200,,,
2002-01-16 00:00:00,CHOU-N-000,8.5,200,,,
2002-02-05 00:00:00,CHOU-N-000,8.5,100,,,
2001-01-10 00:00:00,CINS-N-000,17,2000,,,
2001-01-11 00:00:00,CINS-N-000,17,600,,,
2001-01-12 00:00:00,CINS-N-000,17,100,,,
2001-01-16 00:00:00,CINS-N-000,17,300,,,
2001-01-17 00:00:00,CINS-N-000,17,600,,,
2001-01-19 00:00:00,CINS-N-000,17,700,,,
2001-01-23 00:00:00,CINS-N-000,17,35000,,,
2001-01-30 00:00:00,CINS-N-000,16.75,500,,,
2001-02-01 00:00:00,CINS-N-000,16.75,2500,,,
2001-02-02 00:00:00,CINS-N-000,17,200,,,
2001-02-12 00:00:00,CINS-N-000,17.75,100,,,
2001-02-16 00:00:00,CINS-N-000,17.5,1000,,,
2001-02-27 00:00:00,CINS-N-000,19,4200,,,
2001-02-28 00:00:00,CINS-N-000,19,100,,,
2001-03-05 00:00:00,CINS-N-000,18.5,6000,,,
2001-03-06 00:00:00,CINS-N-000,18.5,5000,,,
2001-03-07 00:00:00,CINS-N-000,18.5,400,,,
2001-03-08 00:00:00,CINS-N-000,19,200,,,
2001-03-14 00:00:00,CINS-N-000,16.25,900,,,
2001-03-15 00:00:00,CINS-N-000,16.25,100,,,
2001-03-19 00:00:00,CINS-N-000,15.5,1800,,,
2001-03-20 00:00:00,CINS-N-000,15,3900,,,
2001-03-21 00:00:00,CINS-N-000,15,900,,,
2001-03-22 00:00:00,CINS-N-000,15,100,,,
2001-03-29 00:00:00,CINS-N-000,15,500,,,
2001-03-30 00:00:00,CINS-N-000,15,1100,,,
2001-04-04 00:00:00,CINS-N-000,14.75,100,,,
2001-04-06 00:00:00,CINS-N-000,14.5,500,,,
2001-04-09 00:00:00,CINS-N-000,15,500,,,
2001-04-10 00:00:00,CINS-N-000,15,1100,,,
2001-04-11 00:00:00,CINS-N-000,15.5,100,,,
2001-04-17 00:00:00,CINS-N-000,15,100,,,
2001-04-18 00:00:00,CINS-N-000,15,100,,,
2001-04-23 00:00:00,CINS-N-000,15,2100,,,
2001-04-24 00:00:00,CINS-N-000,15,1700,,,
2001-04-25 00:00:00,CINS-N-000,15,100,,,
2001-05-17 00:00:00,CINS-N-000,15,600,,,
2001-05-23 00:00:00,CINS-N-000,16,3200,,,
2001-05-29 00:00:00,CINS-N-000,16,4900,,,
2001-05-30 00:00:00,CINS-N-000,16,500,,,
2001-06-01 00:00:00,CINS-N-000,16,200,,,
2001-06-04 00:00:00,CINS-N-000,16,1800,,,
2001-06-06 00:00:00,CINS-N-000,16,200,,,
2001-06-07 00:00:00,CINS-N-000,16,1000,,,
2001-06-11 00:00:00,CINS-N-000,16,200,,,
2001-06-18 00:00:00,CINS-N-000,16,1700,,,
2001-06-21 00:00:00,CINS-N-000,17,3000,,,
2001-06-22 00:00:00,CINS-N-000,17,500,,,
2001-06-25 00:00:00,CINS-N-000,17,2100,,,
2001-06-26 00:00:00,CINS-N-000,17,4400,,,
2001-07-02 00:00:00,CINS-N-000,17.25,1600,,,
2001-07-03 00:00:00,CINS-N-000,17,100,,,
2001-07-06 00:00:00,CINS-N-000,17,2500,,,
2001-07-10 00:00:00,CINS-N-000,16.5,11500,,,
2001-07-13 00:00:00,CINS-N-000,16,100,,,
2001-07-16 00:00:00,CINS-N-000,15.75,900,,,
2001-07-19 00:00:00,CINS-N-000,16.25,2000,,,
2001-07-24 00:00:00,CINS-N-000,16,1600,,,
2001-07-25 00:00:00,CINS-N-000,15.75,600,,,
2001-07-26 00:00:00,CINS-N-000,15.75,100,,,
2001-07-27 00:00:00,CINS-N-000,16,900,,,
2001-07-30 00:00:00,CINS-N-000,15.75,300,,,
2001-08-06 00:00:00,CINS-N-000,15.5,700,,,
2001-08-07 00:00:00,CINS-N-000,15,100,,,
2001-08-10 00:00:00,CINS-N-000,15.5,200,,,
2001-08-14 00:00:00,CINS-N-000,15.5,200,,,
2001-08-15 00:00:00,CINS-N-000,15,1000,,,
2001-08-16 00:00:00,CINS-N-000,15,900,,,
2001-08-20 00:00:00,CINS-N-000,15,2000,,,
2001-08-21 00:00:00,CINS-N-000,15,500,,,
2001-08-23 00:00:00,CINS-N-000,15,500,,,
2001-08-24 00:00:00,CINS-N-000,15,9800,,,
2001-08-29 00:00:00,CINS-N-000,15,3500,,,
2001-09-04 00:00:00,CINS-N-000,15,100,,,
2001-09-05 00:00:00,CINS-N-000,15,300,,,
2001-09-21 00:00:00,CINS-N-000,15.25,100,,,
2001-10-03 00:00:00,CINS-N-000,16,1000,,,
2001-10-05 00:00:00,CINS-N-000,16,100,,,
2001-10-08 00:00:00,CINS-N-000,16,400,,,
2001-10-09 00:00:00,CINS-N-000,16.5,1100,,,
2001-10-10 00:00:00,CINS-N-000,17.5,200,,,
2001-10-11 00:00:00,CINS-N-000,18,5200,,,
2001-10-12 00:00:00,CINS-N-000,20,38500,,,
2001-10-15 00:00:00,CINS-N-000,20,19500,,,
2001-10-16 00:00:00,CINS-N-000,21.25,6400,,,
2001-10-17 00:00:00,CINS-N-000,21,6400,,,
2001-10-18 00:00:00,CINS-N-000,20,19200,,,
2001-10-19 00:00:00,CINS-N-000,20,18300,,,
2001-10-23 00:00:00,CINS-N-000,22,10700,,,
2001-10-24 00:00:00,CINS-N-000,22,15900,,,
2001-10-25 00:00:00,CINS-N-000,20,7200,,,
2001-11-01 00:00:00,CINS-N-000,21,1500,,,
2001-11-02 00:00:00,CINS-N-000,21,9100,,,
2001-11-05 00:00:00,CINS-N-000,21,2200,,,
2001-11-06 00:00:00,CINS-N-000,21,1000,,,
2001-11-08 00:00:00,CINS-N-000,21,600,,,
2001-11-09 00:00:00,CINS-N-000,23,500,,,
2001-11-12 00:00:00,CINS-N-000,24,500,,,
2001-11-14 00:00:00,CINS-N-000,24.75,7100,,,
2001-11-16 00:00:00,CINS-N-000,25,6300,,,
2001-11-19 00:00:00,CINS-N-000,26,10200,,,
2001-11-20 00:00:00,CINS-N-000,25.75,2700,,,
2001-11-22 00:00:00,CINS-N-000,27,108800,,,
2001-11-23 00:00:00,CINS-N-000,27,2000,,,
2001-11-26 00:00:00,CINS-N-000,27,162500,,,
2001-11-27 00:00:00,CINS-N-000,27,3000,,,
2001-11-28 00:00:00,CINS-N-000,27,1100,,,
2001-11-29 00:00:00,CINS-N-000,27,1200,,,
2001-12-03 00:00:00,CINS-N-000,26.25,2600,,,
2001-12-04 00:00:00,CINS-N-000,26.25,500,,,
2001-12-05 00:00:00,CINS-N-000,26,2700,,,
2001-12-07 00:00:00,CINS-N-000,30,10700,,,
2001-12-10 00:00:00,CINS-N-000,32.5,6000,,,
2001-12-11 00:00:00,CINS-N-000,32.75,12400,,,
2001-12-12 00:00:00,CINS-N-000,30,9500,,,
2001-12-13 00:00:00,CINS-N-000,26,1000,,,
2001-12-17 00:00:00,CINS-N-000,26,500,,,
2001-12-18 00:00:00,CINS-N-000,27,200,,,
2001-12-19 00:00:00,CINS-N-000,26,500,,,
2001-12-20 00:00:00,CINS-N-000,26,700,,,
2001-12-21 00:00:00,CINS-N-000,26.5,2000,,,
2001-12-27 00:00:00,CINS-N-000,26,1600,,,
2001-12-28 00:00:00,CINS-N-000,26,1000,,,
2002-01-02 00:00:00,CINS-N-000,26,3900,,,
2002-01-03 00:00:00,CINS-N-000,26,100,,,
2002-01-04 00:00:00,CINS-N-000,26,2400,,,
2002-01-07 00:00:00,CINS-N-000,26.5,5000,,,
2002-01-08 00:00:00,CINS-N-000,26.25,500,,,
2002-01-09 00:00:00,CINS-N-000,26.25,2100,,,
2002-01-10 00:00:00,CINS-N-000,26,1300,,,
2002-01-15 00:00:00,CINS-N-000,26,800,,,
2002-01-17 00:00:00,CINS-N-000,26,3000,,,
2002-01-18 00:00:00,CINS-N-000,26,6300,,,
2002-01-21 00:00:00,CINS-N-000,27,800,,,
2002-01-22 00:00:00,CINS-N-000,26,900,,,
2002-01-23 00:00:00,CINS-N-000,26,8100,,,
2002-01-25 00:00:00,CINS-N-000,26,800,,,
2002-01-30 00:00:00,CINS-N-000,27,1100,,,
2002-01-31 00:00:00,CINS-N-000,26.75,1300,,,
2002-02-05 00:00:00,CINS-N-000,26.5,1000,,,
2002-02-08 00:00:00,CINS-N-000,27,1900,,,
2002-02-11 00:00:00,CINS-N-000,26.5,400,,,
2001-01-04 00:00:00,CSF-N-0000,3.25,10400,,,
2001-01-05 00:00:00,CSF-D-0013,92,100,,,
2001-01-08 00:00:00,CSF-N-0000,3.25,1000,,,
2001-01-10 00:00:00,CSF-N-0000,3.25,100,,,
2001-01-11 00:00:00,CSF-D-0013,92,3000,,,
2001-01-12 00:00:00,CSF-N-0000,3.5,29400,,,
2001-01-16 00:00:00,CSF-N-0000,3.5,1500,,,
2001-01-17 00:00:00,CSF-N-0000,3.25,32300,,,
2001-01-18 00:00:00,CSF-N-0000,3.25,5500,,,
2001-01-22 00:00:00,CSF-N-0000,3.25,100,,,
2001-01-23 00:00:00,CSF-N-0000,3.25,1000,,,
2001-01-24 00:00:00,CSF-N-0000,3.25,100,,,
2001-01-26 00:00:00,CSF-N-0000,3.25,1800,,,
2001-01-29 00:00:00,CSF-N-0000,3.25,5000,,,
2001-01-30 00:00:00,CSF-N-0000,3.25,1700,,,
2001-01-31 00:00:00,CSF-N-0000,3,100,,,
2001-02-01 00:00:00,CSF-N-0000,3.5,30700,,,
2001-02-02 00:00:00,CSF-N-0000,3.5,5700,,,
2001-02-06 00:00:00,CSF-N-0000,3.5,7200,,,
2001-02-08 00:00:00,CSF-N-0000,3.75,10300,,,
2001-02-12 00:00:00,CSF-N-0000,3.75,2000,,,
2001-02-13 00:00:00,CSF-N-0000,3.5,15200,,,
2001-02-14 00:00:00,CSF-N-0000,3.5,87300,,,
2001-02-15 00:00:00,CSF-N-0000,3.5,98100,,,
2001-02-16 00:00:00,CSF-N-0000,3.5,99700,,,
2001-02-19 00:00:00,CSF-N-0000,3.5,1700,,,
2001-02-20 00:00:00,CSF-N-0000,3.5,34900,,,
2001-02-21 00:00:00,CSF-N-0000,3.5,29000,,,
2001-02-22 00:00:00,CSF-N-0000,3,28000,,,
2001-02-23 00:00:00,CSF-N-0000,3,18500,,,
2001-02-26 00:00:00,CSF-N-0000,3,1000,,,
2001-02-27 00:00:00,CSF-N-0000,3,1000,,,
2001-02-28 00:00:00,CSF-D-0013,92,100,,,
2001-02-28 00:00:00,CSF-N-0000,2.75,80600,,,
2001-03-01 00:00:00,CSF-N-0000,2.75,7400,,,
2001-03-02 00:00:00,CSF-N-0000,2.75,100,,,
2001-03-05 00:00:00,CSF-N-0000,2.75,2000,,,
2001-03-07 00:00:00,CSF-N-0000,2.75,300,,,
2001-03-08 00:00:00,CSF-N-0000,2.75,3000,,,
2001-03-12 00:00:00,CSF-N-0000,2.75,51400,,,
2001-03-14 00:00:00,CSF-N-0000,2.75,8500,,,
2001-03-15 00:00:00,CSF-N-0000,2.75,1200,,,
2001-03-16 00:00:00,CSF-N-0000,2.75,100,,,
2001-03-19 00:00:00,CSF-N-0000,2.75,6200,,,
2001-03-20 00:00:00,CSF-N-0000,2.75,2100,,,
2001-03-21 00:00:00,CSF-N-0000,2.75,4000,,,
2001-03-23 00:00:00,CSF-N-0000,2.75,9500,,,
2001-03-26 00:00:00,CSF-N-0000,3,2700,,,
2001-03-27 00:00:00,CSF-N-0000,2.75,9900,,,
2001-03-28 00:00:00,CSF-N-0000,2.75,2000,,,
2001-03-30 00:00:00,CSF-N-0000,2.75,1300,,,
2001-04-04 00:00:00,CSF-N-0000,2.75,1000,,,
2001-04-05 00:00:00,CSF-N-0000,2.5,5000,,,
2001-04-09 00:00:00,CSF-N-0000,2.75,7000,,,
2001-04-10 00:00:00,CSF-N-0000,2.5,1100,,,
2001-04-16 00:00:00,CSF-N-0000,2.75,37300,,,
2001-04-17 00:00:00,CSF-N-0000,2.75,300,,,
2001-04-18 00:00:00,CSF-D-0013,90,100,,,
2001-04-19 00:00:00,CSF-N-0000,2.75,1100,,,
2001-04-20 00:00:00,CSF-N-0000,2.5,2200,,,
2001-04-23 00:00:00,CSF-N-0000,2.5,400,,,
2001-04-24 00:00:00,CSF-N-0000,2.5,1100,,,
2001-04-25 00:00:00,CSF-N-0000,2.75,7000,,,
2001-04-26 00:00:00,CSF-N-0000,2.75,49900,,,
2001-04-27 00:00:00,CSF-N-0000,3,100,,,
2001-04-30 00:00:00,CSF-N-0000,2.75,14400,,,
2001-05-02 00:00:00,CSF-N-0000,2.75,5100,,,
2001-05-03 00:00:00,CSF-N-0000,2.75,300,,,
2001-05-09 00:00:00,CSF-N-0000,2.75,100,,,
2001-05-11 00:00:00,CSF-N-0000,2.5,3800,,,
2001-05-14 00:00:00,CSF-N-0000,2.75,15000,,,
2001-05-16 00:00:00,CSF-N-0000,2.75,5100,,,
2001-05-17 00:00:00,CSF-N-0000,2.75,6900,,,
2001-05-18 00:00:00,CSF-N-0000,2.75,500,,,
2001-05-21 00:00:00,CSF-N-0000,2.75,500,,,
2001-05-22 00:00:00,CSF-N-0000,2.75,1600,,,
2001-05-23 00:00:00,CSF-N-0000,2.75,1800,,,
2001-05-24 00:00:00,CSF-N-0000,3,6000,,,
2001-05-25 00:00:00,CSF-N-0000,3,5100,,,
2001-05-28 00:00:00,CSF-N-0000,3,20600,,,
2001-05-29 00:00:00,CSF-N-0000,3,500,,,
2001-05-31 00:00:00,CSF-N-0000,2.75,41800,,,
2001-06-01 00:00:00,CSF-N-0000,2.75,10100,,,
2001-06-04 00:00:00,CSF-N-0000,3,200,,,
2001-06-08 00:00:00,CSF-D-0013,90,100,,,
2001-06-11 00:00:00,CSF-D-0013,94,4000,,,
2001-06-11 00:00:00,CSF-N-0000,2.75,12400,,,
2001-06-12 00:00:00,CSF-N-0000,2.75,200,,,
2001-06-13 00:00:00,CSF-N-0000,2.75,200,,,
2001-06-19 00:00:00,CSF-N-0000,3,21000,,,
2001-06-20 00:00:00,CSF-N-0000,3,5000,,,
2001-06-21 00:00:00,CSF-N-0000,3.5,129900,,,
2001-06-22 00:00:00,CSF-N-0000,3.25,35200,,,
2001-06-25 00:00:00,CSF-N-0000,3,12000,,,
2001-06-27 00:00:00,CSF-N-0000,3,700,,,
2001-07-02 00:00:00,CSF-N-0000,3,100,,,
2001-07-03 00:00:00,CSF-N-0000,3.25,1000,,,
2001-07-04 00:00:00,CSF-N-0000,3.25,18000,,,
2001-07-06 00:00:00,CSF-N-0000,3,500,,,
2001-07-09 00:00:00,CSF-N-0000,3,1900,,,
2001-07-10 00:00:00,CSF-N-0000,3.25,1500,,,
2001-07-12 00:00:00,CSF-N-0000,2.75,9200,,,
2001-07-13 00:00:00,CSF-N-0000,3,6100,,,
2001-07-20 00:00:00,CSF-N-0000,2.75,73800,,,
2001-07-24 00:00:00,CSF-N-0000,2.75,500,,,
2001-07-26 00:00:00,CSF-N-0000,2.75,12100,,,
2001-07-30 00:00:00,CSF-N-0000,2.75,2700,,,
2001-08-07 00:00:00,CSF-N-0000,2.5,2000,,,
2001-08-08 00:00:00,CSF-N-0000,2.75,45300,,,
2001-08-10 00:00:00,CSF-N-0000,2.5,10200,,,
2001-08-13 00:00:00,CSF-N-0000,2.5,2500,,,
2001-08-14 00:00:00,CSF-N-0000,2.25,60600,,,
2001-08-15 00:00:00,CSF-N-0000,2.25,3000,,,
2001-08-16 00:00:00,CSF-N-0000,2.25,9100,,,
2001-08-17 00:00:00,CSF-N-0000,2,5200,,,
2001-08-20 00:00:00,CSF-N-0000,2.25,16200,,,
2001-08-22 00:00:00,CSF-D-0013,96,3100,,,
2001-08-22 00:00:00,CSF-N-0000,2.25,19200,,,
2001-08-23 00:00:00,CSF-N-0000,2.25,3700,,,
2001-08-27 00:00:00,CSF-N-0000,2.5,1000,,,
2001-08-29 00:00:00,CSF-N-0000,2.25,8000,,,
2001-08-30 00:00:00,CSF-N-0000,2.5,8000,,,
2001-09-03 00:00:00,CSF-N-0000,2.5,100,,,
2001-09-04 00:00:00,CSF-N-0000,2.5,500,,,
2001-09-05 00:00:00,CSF-D-0013,97.25,1000,,,
2001-09-05 00:00:00,CSF-N-0000,2.5,1200,,,
2001-09-07 00:00:00,CSF-D-0013,97.25,600,,,
2001-09-10 00:00:00,CSF-N-0000,2.5,4000,,,
2001-09-11 00:00:00,CSF-N-0000,2.25,4100,,,
2001-09-13 00:00:00,CSF-D-0013,97.25,300,,,
2001-09-14 00:00:00,CSF-N-0000,2.5,3400,,,
2001-09-21 00:00:00,CSF-N-0000,2.25,10600,,,
2001-09-26 00:00:00,CSF-N-0000,2.25,300,,,
2001-09-27 00:00:00,CSF-N-0000,2.25,1600,,,
2001-09-28 00:00:00,CSF-N-0000,2.25,100,,,
2001-10-01 00:00:00,CSF-N-0000,2.25,400,,,
2001-10-03 00:00:00,CSF-N-0000,2.25,3000,,,
2001-10-04 00:00:00,CSF-N-0000,2.25,5500,,,
2001-10-05 00:00:00,CSF-N-0000,2.25,200,,,
2001-10-09 00:00:00,CSF-N-0000,2.5,14900,,,
2001-10-10 00:00:00,CSF-N-0000,3.25,43200,,,
2001-10-11 00:00:00,CSF-N-0000,3.25,69400,,,
2001-10-12 00:00:00,CSF-N-0000,3.5,43400,,,
2001-10-15 00:00:00,CSF-N-0000,3.5,88900,,,
2001-10-16 00:00:00,CSF-N-0000,3.5,14800,,,
2001-10-17 00:00:00,CSF-N-0000,3.5,3600,,,
2001-10-18 00:00:00,CSF-N-0000,3.5,5800,,,
2001-10-19 00:00:00,CSF-N-0000,3.5,3300,,,
2001-10-22 00:00:00,CSF-N-0000,3.5,19100,,,
2001-10-23 00:00:00,CSF-N-0000,3.75,36800,,,
2001-10-24 00:00:00,CSF-N-0000,3.75,57800,,,
2001-10-25 00:00:00,CSF-N-0000,3.75,5000,,,
2001-10-26 00:00:00,CSF-N-0000,3.5,12500,,,
2001-10-29 00:00:00,CSF-N-0000,3.5,6000,,,
2001-11-01 00:00:00,CSF-N-0000,3.5,1900,,,
2001-11-02 00:00:00,CSF-N-0000,3.5,15000,,,
2001-11-05 00:00:00,CSF-N-0000,3.5,1500,,,
2001-11-06 00:00:00,CSF-N-0000,3.5,300,,,
2001-11-07 00:00:00,CSF-N-0000,3.5,13800,,,
2001-11-08 00:00:00,CSF-N-0000,3.5,2600,,,
2001-11-09 00:00:00,CSF-N-0000,3.5,10100,,,
2001-11-13 00:00:00,CSF-N-0000,3.5,3800,,,
2001-11-14 00:00:00,CSF-N-0000,4.25,97000,,,
2001-11-15 00:00:00,CSF-N-0000,4.5,132400,,,
2001-11-16 00:00:00,CSF-N-0000,5.75,223000,,,
2001-11-19 00:00:00,CSF-N-0000,5.75,62400,,,
2001-11-21 00:00:00,CSF-N-0000,5.75,34000,,,
2001-11-22 00:00:00,CSF-N-0000,6,121700,,,
2001-11-23 00:00:00,CSF-N-0000,6.5,168400,,,
2001-11-26 00:00:00,CSF-N-0000,6,25200,,,
2001-11-27 00:00:00,CSF-N-0000,5.75,42000,,,
2001-11-28 00:00:00,CSF-N-0000,6.25,365800,,,
2001-11-29 00:00:00,CSF-N-0000,6.25,30000,,,
2001-12-03 00:00:00,CSF-N-0000,6,33800,,,
2001-12-04 00:00:00,CSF-N-0000,5.75,30300,,,
2001-12-05 00:00:00,CSF-N-0000,5.75,73400,,,
2001-12-07 00:00:00,CSF-N-0000,8.5,223400,,,
2001-12-10 00:00:00,CSF-N-0000,9.5,202400,,,
2001-12-11 00:00:00,CSF-N-0000,9.25,188800,,,
2001-12-12 00:00:00,CSF-N-0000,8.75,116300,,,
2001-12-13 00:00:00,CSF-N-0000,8.75,198500,,,
2001-12-14 00:00:00,CSF-N-0000,8.5,39400,,,
2001-12-17 00:00:00,CSF-N-0000,8.5,61600,,,
2001-12-18 00:00:00,CSF-N-0000,8,36800,,,
2001-12-19 00:00:00,CSF-N-0000,7.25,41800,,,
2001-12-20 00:00:00,CSF-N-0000,7.5,59700,,,
2001-12-21 00:00:00,CSF-N-0000,7.75,12800,,,
2001-12-27 00:00:00,CSF-N-0000,8,10400,,,
2001-12-28 00:00:00,CSF-N-0000,8.75,34000,,,
2001-12-31 00:00:00,CSF-N-0000,8.25,66100,,,
2002-01-02 00:00:00,CSF-N-0000,8,19800,,,
2002-01-03 00:00:00,CSF-N-0000,8.25,9600,,,
2002-01-04 00:00:00,CSF-N-0000,8,23900,,,
2002-01-07 00:00:00,CSF-N-0000,7.75,23300,,,
2002-01-08 00:00:00,CSF-N-0000,7.5,23000,,,
2002-01-09 00:00:00,CSF-N-0000,7.25,19100,,,
2002-01-10 00:00:00,CSF-N-0000,7.25,32200,,,
2002-01-11 00:00:00,CSF-N-0000,7,20800,,,
2002-01-15 00:00:00,CSF-N-0000,6.75,25500,,,
2002-01-16 00:00:00,CSF-N-0000,6.25,10500,,,
2002-01-17 00:00:00,CSF-N-0000,6,88700,,,
2002-01-18 00:00:00,CSF-N-0000,7,41400,,,
2002-01-21 00:00:00,CSF-N-0000,6.75,74800,,,
2002-01-22 00:00:00,CSF-N-0000,6.75,31800,,,
2002-01-23 00:00:00,CSF-N-0000,6.5,22700,,,
2002-01-24 00:00:00,CSF-N-0000,7,61200,,,
2002-01-25 00:00:00,CSF-N-0000,7,13800,,,
2002-01-29 00:00:00,CSF-N-0000,6.75,500500,,,
2002-01-30 00:00:00,CSF-N-0000,6.75,2500,,,
2002-01-31 00:00:00,CSF-D-0013,99,800,,,
2002-01-31 00:00:00,CSF-N-0000,6.5,3500,,,
2002-02-01 00:00:00,CSF-N-0000,6.5,1400,,,
2002-02-05 00:00:00,CSF-N-0000,7,49600,,,
2002-02-06 00:00:00,CSF-N-0000,6.75,3000,,,
2002-02-07 00:00:00,CSF-N-0000,6.75,1500,,,
2002-02-08 00:00:00,CSF-N-0000,6.5,42500,,,
2002-02-11 00:00:00,CSF-N-0000,6.75,2200,,,
2001-01-02 00:00:00,CSD-N-0000,3,300,,,
2001-01-04 00:00:00,CSD-N-0000,3,21100,,,
2001-01-05 00:00:00,CSD-N-0000,3,1000000,,,
2001-01-08 00:00:00,CSD-N-0000,3,71500,,,
2001-01-11 00:00:00,CSD-N-0000,2.75,200,,,
2001-01-12 00:00:00,CSD-N-0000,3,200,,,
2001-01-16 00:00:00,CSD-N-0000,3,300,,,
2001-01-19 00:00:00,CSD-N-0000,2.75,7000,,,
2001-01-22 00:00:00,CSD-N-0000,2.75,500,,,
2001-01-29 00:00:00,CSD-N-0000,2.75,500,,,
2001-01-30 00:00:00,CSD-N-0000,3,500,,,
2001-01-31 00:00:00,CSD-N-0000,3,4600,,,
2001-02-01 00:00:00,CSD-N-0000,3,15400,,,
2001-02-06 00:00:00,CSD-N-0000,2.75,100,,,
2001-02-13 00:00:00,CSD-N-0000,3,100,,,
2001-02-23 00:00:00,CSD-N-0000,3,1000,,,
2001-02-27 00:00:00,CSD-N-0000,2.75,13500,,,
2001-03-01 00:00:00,CSD-N-0000,2.75,3100,,,
2001-03-02 00:00:00,CSD-N-0000,3,100,,,
2001-03-08 00:00:00,CSD-N-0000,3,500,,,
2001-03-16 00:00:00,CSD-N-0000,2.75,1100,,,
2001-03-19 00:00:00,CSD-N-0000,2.75,1400,,,
2001-03-21 00:00:00,CSD-N-0000,2.5,600,,,
2001-03-22 00:00:00,CSD-N-0000,2.75,2000,,,
2001-03-23 00:00:00,CSD-N-0000,2.5,100,,,
2001-03-26 00:00:00,CSD-N-0000,2.5,1600,,,
2001-03-27 00:00:00,CSD-N-0000,2.5,7400,,,
2001-03-29 00:00:00,CSD-N-0000,2.75,200,,,
2001-04-04 00:00:00,CSD-N-0000,2.5,4400,,,
2001-04-05 00:00:00,CSD-N-0000,2.5,6200,,,
2001-04-16 00:00:00,CSD-N-0000,2.5,500,,,
2001-04-17 00:00:00,CSD-N-0000,2.5,100,,,
2001-04-18 00:00:00,CSD-N-0000,2.5,1100,,,
2001-04-19 00:00:00,CSD-N-0000,2.5,85100,,,
2001-04-20 00:00:00,CSD-N-0000,2.5,5000,,,
2001-04-24 00:00:00,CSD-N-0000,2.5,300,,,
2001-04-25 00:00:00,CSD-N-0000,2.5,800,,,
2001-04-26 00:00:00,CSD-N-0000,2.5,300,,,
2001-04-27 00:00:00,CSD-N-0000,2.5,500,,,
2001-05-02 00:00:00,CSD-N-0000,2.25,1000,,,
2001-05-09 00:00:00,CSD-N-0000,2.25,1900,,,
2001-05-11 00:00:00,CSD-N-0000,2.25,7000,,,
2001-05-14 00:00:00,CSD-N-0000,2.25,2000,,,
2001-05-15 00:00:00,CSD-N-0000,2.25,1000,,,
2001-05-16 00:00:00,CSD-N-0000,2,3600,,,
2001-05-17 00:00:00,CSD-N-0000,2.25,9000,,,
2001-05-18 00:00:00,CSD-N-0000,2.5,500,,,
2001-05-21 00:00:00,CSD-N-0000,2.25,10400,,,
2001-05-22 00:00:00,CSD-N-0000,2.5,106500,,,
2001-05-24 00:00:00,CSD-N-0000,2.5,6300,,,
2001-05-25 00:00:00,CSD-N-0000,2.25,25400,,,
2001-05-29 00:00:00,CSD-N-0000,2.25,1800,,,
2001-05-31 00:00:00,CSD-N-0000,2.25,1500,,,
2001-06-01 00:00:00,CSD-N-0000,2.25,200,,,
2001-06-04 00:00:00,CSD-N-0000,2.25,100,,,
2001-06-08 00:00:00,CSD-N-0000,2.25,3000,,,
2001-06-11 00:00:00,CSD-N-0000,2.25,2300,,,
2001-06-15 00:00:00,CSD-N-0000,2.25,5500,,,
2001-06-18 00:00:00,CSD-N-0000,2.25,5900,,,
2001-06-20 00:00:00,CSD-N-0000,2.25,4700,,,
2001-06-21 00:00:00,CSD-N-0000,2.5,67000,,,
2001-06-22 00:00:00,CSD-N-0000,2.5,40400,,,
2001-06-25 00:00:00,CSD-N-0000,2.25,4000,,,
2001-06-28 00:00:00,CSD-N-0000,2.25,6600,,,
2001-07-02 00:00:00,CSD-N-0000,2.25,23900,,,
2001-07-03 00:00:00,CSD-N-0000,2.25,3600,,,
2001-07-04 00:00:00,CSD-N-0000,2.25,31500,,,
2001-07-06 00:00:00,CSD-N-0000,2.25,10000,,,
2001-07-09 00:00:00,CSD-N-0000,2.25,2000,,,
2001-07-10 00:00:00,CSD-N-0000,2.25,14600,,,
2001-07-11 00:00:00,CSD-N-0000,2.25,500,,,
2001-07-12 00:00:00,CSD-N-0000,2.25,500,,,
2001-07-13 00:00:00,CSD-N-0000,2.25,10000,,,
2001-07-16 00:00:00,CSD-N-0000,2.5,17000,,,
2001-07-17 00:00:00,CSD-N-0000,2.5,1000,,,
2001-07-24 00:00:00,CSD-N-0000,2.25,2500,,,
2001-07-30 00:00:00,CSD-N-0000,2.5,100,,,
2001-08-06 00:00:00,CSD-N-0000,2.25,500,,,
2001-08-07 00:00:00,CSD-N-0000,2,3000,,,
2001-08-10 00:00:00,CSD-N-0000,2,30500,,,
2001-08-13 00:00:00,CSD-N-0000,2,18000,,,
2001-08-14 00:00:00,CSD-N-0000,2,6000,,,
2001-08-17 00:00:00,CSD-N-0000,2,3900,,,
2001-08-23 00:00:00,CSD-N-0000,2,20500,,,
2001-09-03 00:00:00,CSD-N-0000,2,900,,,
2001-09-04 00:00:00,CSD-N-0000,2,300,,,
2001-09-05 00:00:00,CSD-N-0000,2,3000,,,
2001-09-11 00:00:00,CSD-N-0000,2.25,1100,,,
2001-09-13 00:00:00,CSD-N-0000,2.25,800,,,
2001-09-14 00:00:00,CSD-N-0000,2.25,3800,,,
2001-09-17 00:00:00,CSD-N-0000,2,12000,,,
2001-09-18 00:00:00,CSD-N-0000,2,20000,,,
2001-09-19 00:00:00,CSD-N-0000,2.5,640100,,,
2001-10-04 00:00:00,CSD-N-0000,2.25,6800,,,
2001-10-05 00:00:00,CSD-N-0000,2.25,112500,,,
2001-10-09 00:00:00,CSD-N-0000,2.25,10100,,,
2001-10-10 00:00:00,CSD-N-0000,3,119300,,,
2001-10-11 00:00:00,CSD-N-0000,3,40100,,,
2001-10-12 00:00:00,CSD-N-0000,3,23000,,,
2001-10-15 00:00:00,CSD-N-0000,3,15000,,,
2001-10-16 00:00:00,CSD-N-0000,2.5,1300,,,
2001-10-19 00:00:00,CSD-N-0000,3,5000,,,
2001-10-22 00:00:00,CSD-N-0000,2.75,23700,,,
2001-10-23 00:00:00,CSD-N-0000,2.75,17000,,,
2001-10-24 00:00:00,CSD-N-0000,2.75,27400,,,
2001-10-25 00:00:00,CSD-N-0000,2.75,100,,,
2001-10-30 00:00:00,CSD-N-0000,2.5,15000,,,
2001-11-01 00:00:00,CSD-N-0000,2.5,16400,,,
2001-11-06 00:00:00,CSD-N-0000,2.5,5500,,,
2001-11-07 00:00:00,CSD-N-0000,2.5,100,,,
2001-11-08 00:00:00,CSD-N-0000,2.5,100,,,
2001-11-09 00:00:00,CSD-N-0000,2.5,7900,,,
2001-11-13 00:00:00,CSD-N-0000,2.5,12500,,,
2001-11-14 00:00:00,CSD-N-0000,3,12000,,,
2001-11-15 00:00:00,CSD-N-0000,3.25,163300,,,
2001-11-16 00:00:00,CSD-N-0000,3.5,84500,,,
2001-11-19 00:00:00,CSD-N-0000,4,178500,,,
2001-11-20 00:00:00,CSD-N-0000,4.25,309000,,,
2001-11-21 00:00:00,CSD-N-0000,4.25,122200,,,
2001-11-22 00:00:00,CSD-N-0000,4.5,221800,,,
2001-11-23 00:00:00,CSD-N-0000,4.75,347200,,,
2001-11-26 00:00:00,CSD-N-0000,4.5,24000,,,
2001-11-27 00:00:00,CSD-N-0000,4.5,115800,,,
2001-11-29 00:00:00,CSD-N-0000,4.25,101500,,,
2001-12-03 00:00:00,CSD-N-0000,4.25,64700,,,
2001-12-04 00:00:00,CSD-N-0000,4.25,115700,,,
2001-12-05 00:00:00,CSD-N-0000,4,109500,,,
2001-12-07 00:00:00,CSD-N-0000,6,560100,,,
2001-12-10 00:00:00,CSD-N-0000,5.5,328800,,,
2001-12-11 00:00:00,CSD-N-0000,5.5,140600,,,
2001-12-12 00:00:00,CSD-N-0000,4.75,72000,,,
2001-12-13 00:00:00,CSD-N-0000,4.25,359500,,,
2001-12-14 00:00:00,CSD-N-0000,4,281400,,,
2001-12-17 00:00:00,CSD-N-0000,4.25,57800,,,
2001-12-18 00:00:00,CSD-N-0000,4.25,23000,,,
2001-12-19 00:00:00,CSD-N-0000,4,21200,,,
2001-12-20 00:00:00,CSD-N-0000,4,21600,,,
2001-12-21 00:00:00,CSD-N-0000,4,5000,,,
2001-12-27 00:00:00,CSD-N-0000,4.25,46800,,,
2001-12-28 00:00:00,CSD-N-0000,4.25,154100,,,
2001-12-31 00:00:00,CSD-N-0000,4.25,53600,,,
2002-01-02 00:00:00,CSD-N-0000,4,52000,,,
2002-01-03 00:00:00,CSD-N-0000,4.25,14000,,,
2002-01-04 00:00:00,CSD-N-0000,4,10000,,,
2002-01-07 00:00:00,CSD-N-0000,4,113700,,,
2002-01-08 00:00:00,CSD-N-0000,4,16700,,,
2002-01-10 00:00:00,CSD-N-0000,4,18400,,,
2002-01-11 00:00:00,CSD-N-0000,3.75,95300,,,
2002-01-15 00:00:00,CSD-N-0000,3.75,25300,,,
2002-01-16 00:00:00,CSD-N-0000,3.5,28800,,,
2002-01-17 00:00:00,CSD-N-0000,3.25,8500,,,
2002-01-18 00:00:00,CSD-N-0000,3.75,22500,,,
2002-01-21 00:00:00,CSD-N-0000,3.5,12000,,,
2002-01-22 00:00:00,CSD-N-0000,3.5,41000,,,
2002-01-23 00:00:00,CSD-N-0000,3.5,81000,,,
2002-01-24 00:00:00,CSD-N-0000,3.75,33500,,,
2002-01-25 00:00:00,CSD-N-0000,3.5,1800,,,
2002-01-29 00:00:00,CSD-N-0000,3.5,8000,,,
2002-01-30 00:00:00,CSD-N-0000,3.5,4900,,,
2002-01-31 00:00:00,CSD-N-0000,3.5,500,,,
2002-02-01 00:00:00,CSD-N-0000,3.25,18400,,,
2002-02-05 00:00:00,CSD-N-0000,3.25,2500,,,
2002-02-06 00:00:00,CSD-N-0000,3.25,10000,,,
2002-02-07 00:00:00,CSD-N-0000,3.5,3000,,,
2002-02-08 00:00:00,CSD-N-0000,3.5,21500,,,
2002-02-11 00:00:00,CSD-N-0000,3.5,64400,,,
2001-10-29 00:00:00,CFT-N-0000,28,500,,,
2001-11-21 00:00:00,CFT-N-0000,26,200,,,
2001-12-19 00:00:00,CFT-N-0000,21,200,,,
2001-01-24 00:00:00,BREW-N-000,22,400,,,
2001-02-01 00:00:00,BREW-N-000,20,1000,,,
2001-02-08 00:00:00,BREW-N-000,19,500,,,
2001-02-21 00:00:00,BREW-N-000,22,500,,,
2001-03-14 00:00:00,BREW-N-000,21,200,,,
2001-03-16 00:00:00,BREW-N-000,20,800,,,
2001-03-19 00:00:00,BREW-N-000,20,600,,,
2001-03-20 00:00:00,BREW-N-000,20,500,,,
2001-03-21 00:00:00,BREW-N-000,20,100,,,
2001-03-22 00:00:00,BREW-N-000,20,600,,,
2001-03-23 00:00:00,BREW-N-000,19.5,1900,,,
2001-03-29 00:00:00,BREW-N-000,19.5,200,,,
2001-04-04 00:00:00,BREW-N-000,18,100,,,
2001-04-23 00:00:00,BREW-N-000,18,400,,,
2001-05-10 00:00:00,BREW-N-000,16.25,160000,,,
2001-05-21 00:00:00,BREW-N-000,17,300,,,
2001-05-29 00:00:00,BREW-N-000,17.25,300,,,
2001-05-31 00:00:00,BREW-N-000,18,108900,,,
2001-06-01 00:00:00,BREW-N-000,23,110100,,,
2001-06-06 00:00:00,BREW-N-000,19.5,200,,,
2001-06-07 00:00:00,BREW-N-000,19.5,100,,,
2001-06-08 00:00:00,BREW-N-000,19.5,900,,,
2001-06-11 00:00:00,BREW-N-000,19.5,400,,,
2001-06-18 00:00:00,BREW-N-000,19.5,300,,,
2001-06-25 00:00:00,BREW-N-000,19.5,300,,,
2001-07-02 00:00:00,BREW-N-000,19.75,300,,,
2001-07-06 00:00:00,BREW-N-000,20,1000,,,
2001-07-10 00:00:00,BREW-N-000,17.25,100,,,
2001-07-16 00:00:00,BREW-N-000,17.5,300,,,
2001-07-23 00:00:00,BREW-N-000,20,500,,,
2001-07-31 00:00:00,BREW-N-000,20,500,,,
2001-08-15 00:00:00,BREW-N-000,18,200,,,
2001-08-22 00:00:00,BREW-N-000,18,200,,,
2001-08-23 00:00:00,BREW-N-000,18,300,,,
2001-08-27 00:00:00,BREW-N-000,18,200,,,
2001-09-04 00:00:00,BREW-N-000,17.25,100,,,
2001-09-06 00:00:00,BREW-N-000,18,100,,,
2001-09-07 00:00:00,BREW-N-000,19,500,,,
2001-09-13 00:00:00,BREW-N-000,19,700,,,
2001-09-17 00:00:00,BREW-N-000,19.25,23400,,,
2001-10-01 00:00:00,BREW-N-000,19.75,300,,,
2001-10-11 00:00:00,BREW-N-000,19.75,100,,,
2001-10-15 00:00:00,BREW-N-000,21,2300,,,
2001-10-16 00:00:00,BREW-N-000,21,10000,,,
2001-10-18 00:00:00,BREW-N-000,21,200,,,
2001-10-19 00:00:00,BREW-N-000,22,1000,,,
2001-10-22 00:00:00,BREW-N-000,22,1000,,,
2001-10-23 00:00:00,BREW-N-000,25,200,,,
2001-10-24 00:00:00,BREW-N-000,25,8600,,,
2001-10-25 00:00:00,BREW-N-000,25,13400,,,
2001-10-29 00:00:00,BREW-N-000,29,100,,,
2001-10-30 00:00:00,BREW-N-000,39.5,2200,,,
2001-11-01 00:00:00,BREW-N-000,35.5,700,,,
2001-11-05 00:00:00,BREW-N-000,35,1000,,,
2001-11-06 00:00:00,BREW-N-000,30.25,200,,,
2001-11-07 00:00:00,BREW-N-000,30,100,,,
2001-11-08 00:00:00,BREW-N-000,30,900,,,
2001-11-09 00:00:00,BREW-N-000,31,1000,,,
2001-11-12 00:00:00,BREW-N-000,31,600,,,
2001-11-13 00:00:00,BREW-N-000,31,100,,,
2001-11-15 00:00:00,BREW-N-000,31,100,,,
2001-11-16 00:00:00,BREW-N-000,31,200,,,
2001-11-19 00:00:00,BREW-N-000,33.75,1400,,,
2001-11-20 00:00:00,BREW-N-000,33.75,1000,,,
2001-11-21 00:00:00,BREW-N-000,33.75,300,,,
2001-11-22 00:00:00,BREW-N-000,33.75,11800,,,
2001-11-28 00:00:00,BREW-N-000,32.75,200,,,
2001-12-04 00:00:00,BREW-N-000,31,500,,,
2001-12-05 00:00:00,BREW-N-000,30,1000,,,
2001-12-07 00:00:00,BREW-N-000,34,1300,,,
2001-12-10 00:00:00,BREW-N-000,38,2400,,,
2001-12-11 00:00:00,BREW-N-000,37,6927000,,,
2001-12-12 00:00:00,BREW-N-000,37.25,2100,,,
2001-12-13 00:00:00,BREW-N-000,40,7700,,,
2001-12-31 00:00:00,BREW-N-000,34.75,10200,,,
2002-01-07 00:00:00,BREW-N-000,35,200,,,
2002-01-08 00:00:00,BREW-N-000,34.75,500,,,
2002-01-31 00:00:00,BREW-N-000,31,200,,,
2002-02-11 00:00:00,BREW-N-000,30,4600,,,
2001-01-02 00:00:00,CCS-N-0000,49.5,500,,,
2001-01-03 00:00:00,CCS-N-0000,49,100,,,
2001-01-08 00:00:00,CCS-N-0000,50,1600,,,
2001-01-10 00:00:00,CCS-N-0000,50,200,,,
2001-01-12 00:00:00,CCS-N-0000,50,1000,,,
2001-01-16 00:00:00,CCS-N-0000,51,300,,,
2001-01-17 00:00:00,CCS-N-0000,50,2000,,,
2001-01-18 00:00:00,CCS-N-0000,51,37600,,,
2001-01-19 00:00:00,CCS-N-0000,52,90800,,,
2001-01-22 00:00:00,CCS-N-0000,50,6700,,,
2001-01-23 00:00:00,CCS-N-0000,50,20800,,,
2001-01-24 00:00:00,CCS-N-0000,50,3800,,,
2001-01-25 00:00:00,CCS-N-0000,50,600,,,
2001-01-26 00:00:00,CCS-N-0000,50,600,,,
2001-01-30 00:00:00,CCS-N-0000,50,2300,,,
2001-01-31 00:00:00,CCS-N-0000,50,100,,,
2001-02-01 00:00:00,CCS-N-0000,50,200,,,
2001-02-09 00:00:00,CCS-N-0000,50,100,,,
2001-02-12 00:00:00,CCS-N-0000,49.5,100,,,
2001-02-15 00:00:00,CCS-N-0000,48,8100,,,
2001-02-20 00:00:00,CCS-N-0000,48,600,,,
2001-02-21 00:00:00,CCS-N-0000,48,600,,,
2001-02-22 00:00:00,CCS-N-0000,48,5500,,,
2001-03-07 00:00:00,CCS-N-0000,44.5,500,,,
2001-03-12 00:00:00,CCS-N-0000,45,100,,,
2001-03-13 00:00:00,CCS-N-0000,44.5,700,,,
2001-03-14 00:00:00,CCS-N-0000,44.5,100,,,
2001-03-19 00:00:00,CCS-N-0000,43,500,,,
2001-03-20 00:00:00,CCS-N-0000,44,2100,,,
2001-03-21 00:00:00,CCS-N-0000,43,2000,,,
2001-03-22 00:00:00,CCS-N-0000,43.5,400,,,
2001-03-26 00:00:00,CCS-N-0000,43,4100,,,
2001-03-27 00:00:00,CCS-N-0000,41,1100,,,
2001-04-03 00:00:00,CCS-N-0000,41,1600,,,
2001-04-10 00:00:00,CCS-N-0000,41,200,,,
2001-04-19 00:00:00,CCS-N-0000,40.25,900,,,
2001-04-20 00:00:00,CCS-N-0000,40,100,,,
2001-04-25 00:00:00,CCS-N-0000,40.5,3500,,,
2001-04-27 00:00:00,CCS-N-0000,40.5,100,,,
2001-04-30 00:00:00,CCS-N-0000,40.5,200,,,
2001-05-03 00:00:00,CCS-N-0000,44,1600,,,
2001-05-04 00:00:00,CCS-N-0000,44,500,,,
2001-05-09 00:00:00,CCS-N-0000,44,4500,,,
2001-05-10 00:00:00,CCS-N-0000,44,300,,,
2001-05-11 00:00:00,CCS-N-0000,44.5,400,,,
2001-05-15 00:00:00,CCS-N-0000,45.25,200,,,
2001-05-16 00:00:00,CCS-N-0000,49.75,100,,,
2001-05-18 00:00:00,CCS-N-0000,49,100,,,
2001-05-21 00:00:00,CCS-N-0000,46,100,,,
2001-05-23 00:00:00,CCS-N-0000,46.5,100,,,
2001-05-24 00:00:00,CCS-N-0000,46.5,100,,,
2001-05-28 00:00:00,CCS-N-0000,46.25,100,,,
2001-06-01 00:00:00,CCS-N-0000,48,1300,,,
2001-06-06 00:00:00,CCS-N-0000,47,900,,,
2001-06-07 00:00:00,CCS-N-0000,47,1000,,,
2001-06-08 00:00:00,CCS-N-0000,47,300,,,
2001-06-11 00:00:00,CCS-N-0000,41.25,100,,,
2001-06-14 00:00:00,CCS-N-0000,41.75,100,,,
2001-06-19 00:00:00,CCS-N-0000,42,100,,,
2001-06-20 00:00:00,CCS-N-0000,42,200,,,
2001-06-22 00:00:00,CCS-N-0000,42.25,200,,,
2001-06-25 00:00:00,CCS-N-0000,43,400,,,
2001-06-28 00:00:00,CCS-N-0000,42.25,100,,,
2001-06-29 00:00:00,CCS-N-0000,43,800,,,
2001-07-02 00:00:00,CCS-N-0000,44,200,,,
2001-07-03 00:00:00,CCS-N-0000,43,200,,,
2001-07-04 00:00:00,CCS-N-0000,43,100,,,
2001-07-06 00:00:00,CCS-N-0000,43.25,300,,,
2001-07-10 00:00:00,CCS-N-0000,43.25,400,,,
2001-07-11 00:00:00,CCS-N-0000,43,400,,,
2001-07-12 00:00:00,CCS-N-0000,43,1400,,,
2001-07-13 00:00:00,CCS-N-0000,43,500,,,
2001-07-16 00:00:00,CCS-N-0000,43,1500,,,
2001-07-18 00:00:00,CCS-N-0000,43,300,,,
2001-07-19 00:00:00,CCS-N-0000,43.25,200,,,
2001-07-23 00:00:00,CCS-N-0000,43,300,,,
2001-07-24 00:00:00,CCS-N-0000,43,200,,,
2001-07-25 00:00:00,CCS-N-0000,43,100,,,
2001-07-27 00:00:00,CCS-N-0000,43,500,,,
2001-07-31 00:00:00,CCS-N-0000,43,3000,,,
2001-08-01 00:00:00,CCS-N-0000,43,100,,,
2001-08-14 00:00:00,CCS-N-0000,42.25,14600,,,
2001-08-15 00:00:00,CCS-N-0000,42,1900,,,
2001-08-16 00:00:00,CCS-N-0000,42,1300,,,
2001-08-21 00:00:00,CCS-N-0000,41,100,,,
2001-08-22 00:00:00,CCS-N-0000,38,23700,,,
2001-08-23 00:00:00,CCS-N-0000,40,36300,,,
2001-08-24 00:00:00,CCS-N-0000,39.75,1100,,,
2001-08-27 00:00:00,CCS-N-0000,39.75,100,,,
2001-08-28 00:00:00,CCS-N-0000,38,600,,,
2001-08-30 00:00:00,CCS-N-0000,42.5,305900,,,
2001-09-04 00:00:00,CCS-N-0000,43,360000,,,
2001-09-05 00:00:00,CCS-N-0000,43,27000,,,
2001-09-06 00:00:00,CCS-N-0000,43,2000,,,
2001-09-07 00:00:00,CCS-N-0000,45,3100,,,
2001-09-12 00:00:00,CCS-N-0000,45,200,,,
2001-10-09 00:00:00,CCS-N-0000,45,4500,,,
2001-10-10 00:00:00,CCS-N-0000,45,6900,,,
2001-10-11 00:00:00,CCS-N-0000,47,19100,,,
2001-10-12 00:00:00,CCS-N-0000,50,41800,,,
2001-10-15 00:00:00,CCS-N-0000,50,7000,,,
2001-10-16 00:00:00,CCS-N-0000,48,100,,,
2001-10-17 00:00:00,CCS-N-0000,47.75,100,,,
2001-10-23 00:00:00,CCS-N-0000,50,7200,,,
2001-10-24 00:00:00,CCS-N-0000,50.5,200,,,
2001-10-25 00:00:00,CCS-N-0000,50.5,1900,,,
2001-10-29 00:00:00,CCS-N-0000,50.25,100,,,
2001-10-30 00:00:00,CCS-N-0000,50.5,900,,,
2001-11-01 00:00:00,CCS-N-0000,50.25,2000,,,
2001-11-02 00:00:00,CCS-N-0000,50,1100,,,
2001-11-08 00:00:00,CCS-N-0000,51,8000,,,
2001-11-09 00:00:00,CCS-N-0000,51,300,,,
2001-11-12 00:00:00,CCS-N-0000,52,1100,,,
2001-11-14 00:00:00,CCS-N-0000,52,1400,,,
2001-11-15 00:00:00,CCS-N-0000,52,500,,,
2001-11-16 00:00:00,CCS-N-0000,55,9000,,,
2001-11-19 00:00:00,CCS-N-0000,55,1400,,,
2001-11-20 00:00:00,CCS-N-0000,55,50000,,,
2001-11-21 00:00:00,CCS-N-0000,55,2700,,,
2001-11-22 00:00:00,CCS-N-0000,55,1100,,,
2001-11-23 00:00:00,CCS-N-0000,55,11100,,,
2001-11-27 00:00:00,CCS-N-0000,54,4000,,,
2001-11-28 00:00:00,CCS-N-0000,54,400,,,
2001-11-29 00:00:00,CCS-N-0000,54.5,2200,,,
2001-12-03 00:00:00,CCS-N-0000,54.25,12700,,,
2001-12-04 00:00:00,CCS-N-0000,54,100,,,
2001-12-05 00:00:00,CCS-N-0000,54,400,,,
2001-12-07 00:00:00,CCS-N-0000,60,6800,,,
2001-12-10 00:00:00,CCS-N-0000,61.5,8900,,,
2001-12-11 00:00:00,CCS-N-0000,62,11000,,,
2001-12-12 00:00:00,CCS-N-0000,60,47200,,,
2001-12-14 00:00:00,CCS-N-0000,60,2100,,,
2001-12-17 00:00:00,CCS-N-0000,59,1400,,,
2001-12-18 00:00:00,CCS-N-0000,60,5200,,,
2001-12-21 00:00:00,CCS-N-0000,60,200,,,
2001-12-27 00:00:00,CCS-N-0000,59,200,,,
2001-12-28 00:00:00,CCS-N-0000,59.25,2400,,,
2001-12-31 00:00:00,CCS-N-0000,59.5,2100,,,
2002-01-08 00:00:00,CCS-N-0000,55,2800,,,
2002-01-09 00:00:00,CCS-N-0000,55,1800,,,
2002-01-10 00:00:00,CCS-N-0000,53,5100,,,
2002-01-11 00:00:00,CCS-N-0000,53.25,14100,,,
2002-01-15 00:00:00,CCS-N-0000,53,66600,,,
2002-01-23 00:00:00,CCS-N-0000,52.25,900,,,
2002-01-25 00:00:00,CCS-N-0000,52,300,,,
2002-01-31 00:00:00,CCS-N-0000,52,1300,,,
2002-02-08 00:00:00,CCS-N-0000,52.5,100,,,
2002-02-11 00:00:00,CCS-N-0000,52.5,200,,,
2001-01-03 00:00:00,GLAS-N-000,6,200,,,
2001-01-04 00:00:00,GLAS-N-000,8,800,,,
2001-01-16 00:00:00,GLAS-N-000,8,200,,,
2001-01-22 00:00:00,GLAS-N-000,6.25,500,,,
2001-01-23 00:00:00,GLAS-N-000,6,3400,,,
2001-01-24 00:00:00,GLAS-N-000,6,2000,,,
2001-01-25 00:00:00,GLAS-N-000,6.5,1100,,,
2001-01-26 00:00:00,GLAS-N-000,6.25,100,,,
2001-01-29 00:00:00,GLAS-N-000,6,1100,,,
2001-02-06 00:00:00,GLAS-N-000,6,100,,,
2001-02-12 00:00:00,GLAS-N-000,6.25,100,,,
2001-02-14 00:00:00,GLAS-N-000,6.25,200,,,
2001-02-15 00:00:00,GLAS-N-000,6.25,600,,,
2001-02-16 00:00:00,GLAS-N-000,6.25,100,,,
2001-02-21 00:00:00,GLAS-N-000,6.25,4700,,,
2001-02-27 00:00:00,GLAS-N-000,6.25,4900,,,
2001-03-01 00:00:00,GLAS-N-000,6.5,700,,,
2001-03-05 00:00:00,GLAS-N-000,7,1900,,,
2001-03-07 00:00:00,GLAS-N-000,7.75,2500,,,
2001-03-08 00:00:00,GLAS-N-000,7.5,500,,,
2001-03-12 00:00:00,GLAS-N-000,7.5,1600,,,
2001-03-13 00:00:00,GLAS-N-000,7,15900,,,
2001-03-14 00:00:00,GLAS-N-000,7,1100,,,
2001-03-15 00:00:00,GLAS-N-000,7,400,,,
2001-03-16 00:00:00,GLAS-N-000,7,1700,,,
2001-03-19 00:00:00,GLAS-N-000,6.75,200,,,
2001-03-20 00:00:00,GLAS-N-000,6.75,1000,,,
2001-03-21 00:00:00,GLAS-N-000,6.75,300,,,
2001-03-23 00:00:00,GLAS-N-000,6.75,900,,,
2001-03-26 00:00:00,GLAS-N-000,6.5,2200,,,
2001-03-28 00:00:00,GLAS-N-000,7,100,,,
2001-03-29 00:00:00,GLAS-N-000,6.75,200,,,
2001-03-30 00:00:00,GLAS-N-000,7.5,100,,,
2001-04-10 00:00:00,GLAS-N-000,7.5,1000,,,
2001-04-11 00:00:00,GLAS-N-000,7.5,500,,,
2001-04-17 00:00:00,GLAS-N-000,7,500,,,
2001-04-18 00:00:00,GLAS-N-000,7,100,,,
2001-04-19 00:00:00,GLAS-N-000,7,100,,,
2001-04-20 00:00:00,GLAS-N-000,6.5,400,,,
2001-04-25 00:00:00,GLAS-N-000,6.5,100,,,
2001-04-26 00:00:00,GLAS-N-000,6.5,100,,,
2001-04-30 00:00:00,GLAS-N-000,6.5,200,,,
2001-05-16 00:00:00,GLAS-N-000,6,100,,,
2001-05-18 00:00:00,GLAS-N-000,6,5300,,,
2001-05-21 00:00:00,GLAS-N-000,6.5,200,,,
2001-05-22 00:00:00,GLAS-N-000,6.5,800,,,
2001-05-25 00:00:00,GLAS-N-000,6.5,2100,,,
2001-05-29 00:00:00,GLAS-N-000,6.5,100,,,
2001-05-30 00:00:00,GLAS-N-000,6.25,300,,,
2001-05-31 00:00:00,GLAS-N-000,6.25,1000,,,
2001-06-01 00:00:00,GLAS-N-000,6.25,100,,,
2001-06-04 00:00:00,GLAS-N-000,6.25,100,,,
2001-06-11 00:00:00,GLAS-N-000,6,100,,,
2001-06-12 00:00:00,GLAS-N-000,6,1000,,,
2001-06-13 00:00:00,GLAS-N-000,6,200,,,
2001-06-15 00:00:00,GLAS-N-000,6,100,,,
2001-06-20 00:00:00,GLAS-N-000,6,100,,,
2001-06-25 00:00:00,GLAS-N-000,6,500,,,
2001-06-26 00:00:00,GLAS-N-000,6,2100,,,
2001-06-28 00:00:00,GLAS-N-000,6.25,400,,,
2001-07-04 00:00:00,GLAS-N-000,6.5,4200,,,
2001-07-10 00:00:00,GLAS-N-000,6.75,200,,,
2001-07-11 00:00:00,GLAS-N-000,6.5,100,,,
2001-07-12 00:00:00,GLAS-N-000,6.5,100,,,
2001-07-13 00:00:00,GLAS-N-000,7,1500,,,
2001-07-16 00:00:00,GLAS-N-000,7,400,,,
2001-07-17 00:00:00,GLAS-N-000,7,3000,,,
2001-07-18 00:00:00,GLAS-N-000,7,200,,,
2001-07-19 00:00:00,GLAS-N-000,20.5,2775900,,,
2001-07-20 00:00:00,GLAS-N-000,7,2500,,,
2001-07-23 00:00:00,GLAS-N-000,8,10400,,,
2001-07-24 00:00:00,GLAS-N-000,7.75,500,,,
2001-07-25 00:00:00,GLAS-N-000,8,300,,,
2001-07-26 00:00:00,GLAS-N-000,8,1100,,,
2001-07-27 00:00:00,GLAS-N-000,8,1100,,,
2001-07-30 00:00:00,GLAS-N-000,11.5,300,,,
2001-08-01 00:00:00,GLAS-N-000,8,2300,,,
2001-08-02 00:00:00,GLAS-N-000,8,2500,,,
2001-08-06 00:00:00,GLAS-N-000,7.75,1400,,,
2001-08-07 00:00:00,GLAS-N-000,7.5,1200,,,
2001-08-09 00:00:00,GLAS-N-000,7,17400,,,
2001-08-10 00:00:00,GLAS-N-000,7,1000,,,
2001-08-14 00:00:00,GLAS-N-000,6.5,2600,,,
2001-08-16 00:00:00,GLAS-N-000,6,100,,,
2001-08-22 00:00:00,GLAS-N-000,6.5,200,,,
2001-08-23 00:00:00,GLAS-N-000,6.75,100,,,
2001-08-30 00:00:00,GLAS-N-000,7,500,,,
2001-09-03 00:00:00,GLAS-N-000,7.75,10200,,,
2001-09-05 00:00:00,GLAS-N-000,7.75,500,,,
2001-09-06 00:00:00,GLAS-N-000,8.5,15000,,,
2001-09-07 00:00:00,GLAS-N-000,8.5,1600,,,
2001-09-10 00:00:00,GLAS-N-000,8.5,300,,,
2001-09-11 00:00:00,GLAS-N-000,8.75,1100,,,
2001-09-13 00:00:00,GLAS-N-000,8.5,300,,,
2001-09-14 00:00:00,GLAS-N-000,8.75,1400,,,
2001-09-17 00:00:00,GLAS-N-000,8.75,500,,,
2001-09-19 00:00:00,GLAS-N-000,8.5,1200,,,
2001-09-21 00:00:00,GLAS-N-000,8.5,100,,,
2001-09-24 00:00:00,GLAS-N-000,8.5,200,,,
2001-09-26 00:00:00,GLAS-N-000,8,600,,,
2001-10-08 00:00:00,GLAS-N-000,7.75,4000,,,
2001-10-09 00:00:00,GLAS-N-000,8,2500,,,
2001-10-10 00:00:00,GLAS-N-000,8.75,300,,,
2001-10-11 00:00:00,GLAS-N-000,9.5,2000,,,
2001-10-12 00:00:00,GLAS-N-000,9.5,9000,,,
2001-10-15 00:00:00,GLAS-N-000,9.5,16200,,,
2001-10-17 00:00:00,GLAS-N-000,9.5,3000,,,
2001-10-19 00:00:00,GLAS-N-000,8.25,100,,,
2001-10-22 00:00:00,GLAS-N-000,9.5,2800,,,
2001-10-23 00:00:00,GLAS-N-000,10,500,,,
2001-10-24 00:00:00,GLAS-N-000,10,6900,,,
2001-10-25 00:00:00,GLAS-N-000,10,2000,,,
2001-10-29 00:00:00,GLAS-N-000,10.25,100,,,
2001-10-30 00:00:00,GLAS-N-000,10.5,3000,,,
2001-11-01 00:00:00,GLAS-N-000,10.25,6700,,,
2001-11-06 00:00:00,GLAS-N-000,10,1500,,,
2001-11-07 00:00:00,GLAS-N-000,10.25,3000,,,
2001-11-09 00:00:00,GLAS-N-000,10.25,500,,,
2001-11-13 00:00:00,GLAS-N-000,10.25,600,,,
2001-11-14 00:00:00,GLAS-N-000,11.5,200,,,
2001-11-15 00:00:00,GLAS-N-000,10.5,100,,,
2001-11-16 00:00:00,GLAS-N-000,11.5,5700,,,
2001-11-19 00:00:00,GLAS-N-000,15,40700,,,
2001-11-20 00:00:00,GLAS-N-000,15.5,21700,,,
2001-11-21 00:00:00,GLAS-N-000,15.5,19500,,,
2001-11-22 00:00:00,GLAS-N-000,15.75,15100,,,
2001-11-23 00:00:00,GLAS-N-000,15,4000,,,
2001-11-26 00:00:00,GLAS-N-000,15,17500,,,
2001-11-27 00:00:00,GLAS-N-000,15,3300,,,
2001-11-28 00:00:00,GLAS-N-000,16,27800,,,
2001-11-29 00:00:00,GLAS-N-000,15,1700,,,
2001-12-03 00:00:00,GLAS-N-000,14,200,,,
2001-12-04 00:00:00,GLAS-N-000,13.75,7300,,,
2001-12-05 00:00:00,GLAS-N-000,14,14500,,,
2001-12-07 00:00:00,GLAS-N-000,20,31500,,,
2001-12-10 00:00:00,GLAS-N-000,20,12300,,,
2001-12-11 00:00:00,GLAS-N-000,18,4000,,,
2001-12-12 00:00:00,GLAS-N-000,17,9500,,,
2001-12-13 00:00:00,GLAS-N-000,16.5,4300,,,
2001-12-14 00:00:00,GLAS-N-000,17,1700,,,
2001-12-17 00:00:00,GLAS-N-000,16.5,6100,,,
2001-12-18 00:00:00,GLAS-N-000,14.5,3000,,,
2001-12-19 00:00:00,GLAS-N-000,15,100,,,
2001-12-20 00:00:00,GLAS-N-000,15,8700,,,
2001-12-21 00:00:00,GLAS-N-000,15,7200,,,
2001-12-27 00:00:00,GLAS-N-000,17,6800,,,
2001-12-28 00:00:00,GLAS-N-000,16.5,15600,,,
2001-12-31 00:00:00,GLAS-N-000,17.5,10000,,,
2002-01-02 00:00:00,GLAS-N-000,17,3000,,,
2002-01-04 00:00:00,GLAS-N-000,16,100,,,
2002-01-07 00:00:00,GLAS-N-000,16,400,,,
2002-01-08 00:00:00,GLAS-N-000,15.25,4600,,,
2002-01-09 00:00:00,GLAS-N-000,16,6900,,,
2002-01-10 00:00:00,GLAS-N-000,16.5,6600,,,
2002-01-11 00:00:00,GLAS-N-000,17,9300,,,
2002-01-15 00:00:00,GLAS-N-000,17,15600,,,
2002-01-16 00:00:00,GLAS-N-000,19.75,44900,,,
2002-01-17 00:00:00,GLAS-N-000,19.25,2200,,,
2002-01-18 00:00:00,GLAS-N-000,18,2000,,,
2002-01-21 00:00:00,GLAS-N-000,18,100,,,
2002-01-22 00:00:00,GLAS-N-000,16.5,2000,,,
2002-01-23 00:00:00,GLAS-N-000,17.5,100,,,
2002-01-24 00:00:00,GLAS-N-000,17.5,500,,,
2002-01-25 00:00:00,GLAS-N-000,16.5,800,,,
2002-01-29 00:00:00,GLAS-N-000,17.25,16200,,,
2002-01-31 00:00:00,GLAS-N-000,16,1300,,,
2002-02-01 00:00:00,GLAS-N-000,16,1700,,,
2002-02-05 00:00:00,GLAS-N-000,18,200,,,
2002-02-07 00:00:00,GLAS-N-000,16,200,,,
2002-02-08 00:00:00,GLAS-N-000,16.5,500,,,
2002-02-11 00:00:00,GLAS-N-000,16.25,1300,,,
2001-01-02 00:00:00,GRAN-N-000,12.5,1000,,,
2001-01-03 00:00:00,GRAN-N-000,12.5,2300,,,
2001-01-05 00:00:00,GRAN-N-000,12.5,1200,,,
2001-01-08 00:00:00,GRAN-N-000,12.5,5400,,,
2001-01-10 00:00:00,GRAN-N-000,12.5,3800,,,
2001-01-11 00:00:00,GRAN-N-000,12.75,1000,,,
2001-01-12 00:00:00,GRAN-N-000,12.75,2300,,,
2001-01-16 00:00:00,GRAN-N-000,12.75,1900,,,
2001-01-17 00:00:00,GRAN-N-000,12.75,1300,,,
2001-01-18 00:00:00,GRAN-N-000,12.75,11400,,,
2001-01-19 00:00:00,GRAN-N-000,13.25,15700,,,
2001-01-22 00:00:00,GRAN-N-000,13,200,,,
2001-01-23 00:00:00,GRAN-N-000,13,8400,,,
2001-01-24 00:00:00,GRAN-N-000,13,2500,,,
2001-01-25 00:00:00,GRAN-N-000,12.25,17500,,,
2001-01-26 00:00:00,GRAN-N-000,12.75,19300,,,
2001-01-30 00:00:00,GRAN-N-000,12.25,2000,,,
2001-01-31 00:00:00,GRAN-N-000,12.25,600,,,
2001-02-08 00:00:00,GRAN-N-000,12,6500,,,
2001-02-09 00:00:00,GRAN-N-000,13,100000,,,
2001-02-12 00:00:00,GRAN-N-000,13,74000,,,
2001-02-13 00:00:00,GRAN-N-000,12.5,5500,,,
2001-02-15 00:00:00,GRAN-N-000,12.5,1100,,,
2001-02-16 00:00:00,GRAN-N-000,12.5,1500,,,
2001-02-19 00:00:00,GRAN-N-000,12.5,500,,,
2001-02-20 00:00:00,GRAN-N-000,12.5,1000,,,
2001-02-21 00:00:00,GRAN-N-000,12.25,200,,,
2001-02-22 00:00:00,GRAN-N-000,12.25,21500,,,
2001-02-23 00:00:00,GRAN-N-000,12.25,800,,,
2001-02-28 00:00:00,GRAN-N-000,12.25,1000,,,
2001-03-01 00:00:00,GRAN-N-000,12.25,500,,,
2001-03-05 00:00:00,GRAN-N-000,12,2300,,,
2001-03-12 00:00:00,GRAN-N-000,12,2000,,,
2001-03-14 00:00:00,GRAN-N-000,11.75,100,,,
2001-03-15 00:00:00,GRAN-N-000,11.5,2400,,,
2001-03-16 00:00:00,GRAN-N-000,11.5,100,,,
2001-03-19 00:00:00,GRAN-N-000,12,1900,,,
2001-03-20 00:00:00,GRAN-N-000,12,500,,,
2001-03-21 00:00:00,GRAN-N-000,12,100,,,
2001-03-22 00:00:00,GRAN-N-000,11.5,2000,,,
2001-03-23 00:00:00,GRAN-N-000,11.25,8200,,,
2001-03-26 00:00:00,GRAN-N-000,11,16000,,,
2001-03-28 00:00:00,GRAN-N-000,10.5,4600,,,
2001-03-29 00:00:00,GRAN-N-000,10,11500,,,
2001-03-30 00:00:00,GRAN-N-000,10.75,25200,,,
2001-04-02 00:00:00,GRAN-N-000,10.5,100,,,
2001-04-03 00:00:00,GRAN-N-000,10,17000,,,
2001-04-04 00:00:00,GRAN-N-000,10,2600,,,
2001-04-05 00:00:00,GRAN-N-000,10,1000,,,
2001-04-06 00:00:00,GRAN-N-000,10.25,300,,,
2001-04-09 00:00:00,GRAN-N-000,10.25,2500,,,
2001-04-10 00:00:00,GRAN-N-000,10,5800,,,
2001-04-11 00:00:00,GRAN-N-000,10,5000,,,
2001-04-16 00:00:00,GRAN-N-000,10.5,2000,,,
2001-04-18 00:00:00,GRAN-N-000,10.25,100,,,
2001-04-19 00:00:00,GRAN-N-000,10.25,1100,,,
2001-04-20 00:00:00,GRAN-N-000,10,4700,,,
2001-04-24 00:00:00,GRAN-N-000,10,4500,,,
2001-04-27 00:00:00,GRAN-N-000,10,3000,,,
2001-05-03 00:00:00,GRAN-N-000,9.25,20000,,,
2001-05-04 00:00:00,GRAN-N-000,10,12100,,,
2001-05-09 00:00:00,GRAN-N-000,9.25,8700,,,
2001-05-10 00:00:00,GRAN-N-000,9.5,1000,,,
2001-05-11 00:00:00,GRAN-N-000,9,61000,,,
2001-05-15 00:00:00,GRAN-N-000,9.25,3100,,,
2001-05-17 00:00:00,GRAN-N-000,9.25,2200,,,
2001-05-18 00:00:00,GRAN-N-000,9.25,1000,,,
2001-05-21 00:00:00,GRAN-N-000,9,201000,,,
2001-05-22 00:00:00,GRAN-N-000,9.25,4200,,,
2001-05-23 00:00:00,GRAN-N-000,9.5,56800,,,
2001-05-24 00:00:00,GRAN-N-000,9.25,96300,,,
2001-05-25 00:00:00,GRAN-N-000,9.25,700,,,
2001-05-28 00:00:00,GRAN-N-000,9.5,700,,,
2001-05-29 00:00:00,GRAN-N-000,9.5,200,,,
2001-05-30 00:00:00,GRAN-N-000,9.5,54500,,,
2001-05-31 00:00:00,GRAN-N-000,9.25,11000,,,
2001-06-01 00:00:00,GRAN-N-000,9,5300,,,
2001-06-04 00:00:00,GRAN-N-000,9,100,,,
2001-06-06 00:00:00,GRAN-N-000,9,2500,,,
2001-06-07 00:00:00,GRAN-N-000,9,4200,,,
2001-06-12 00:00:00,GRAN-N-000,9,200,,,
2001-06-13 00:00:00,GRAN-N-000,9,500,,,
2001-06-14 00:00:00,GRAN-N-000,9,3500,,,
2001-06-15 00:00:00,GRAN-N-000,9,1700,,,
2001-06-20 00:00:00,GRAN-N-000,9.5,15200,,,
2001-06-21 00:00:00,GRAN-N-000,10,90000,,,
2001-06-22 00:00:00,GRAN-N-000,11.75,197200,,,
2001-06-25 00:00:00,GRAN-N-000,12,114900,,,
2001-06-26 00:00:00,GRAN-N-000,11,6200,,,
2001-06-27 00:00:00,GRAN-N-000,11,500,,,
2001-06-28 00:00:00,GRAN-N-000,11,4000,,,
2001-06-29 00:00:00,GRAN-N-000,11.75,5100,,,
2001-07-02 00:00:00,GRAN-N-000,11.5,22000,,,
2001-07-03 00:00:00,GRAN-N-000,11.5,25000,,,
2001-07-04 00:00:00,GRAN-N-000,12.5,51700,,,
2001-07-06 00:00:00,GRAN-N-000,11.5,11100,,,
2001-07-09 00:00:00,GRAN-N-000,11.5,15200,,,
2001-07-11 00:00:00,GRAN-N-000,10.75,36900,,,
2001-07-13 00:00:00,GRAN-N-000,11.25,2800,,,
2001-07-16 00:00:00,GRAN-N-000,11.25,600,,,
2001-07-17 00:00:00,GRAN-N-000,11,4400,,,
2001-07-18 00:00:00,GRAN-N-000,10.75,500,,,
2001-07-19 00:00:00,GRAN-N-000,10.75,2100,,,
2001-07-20 00:00:00,GRAN-N-000,10.75,2100,,,
2001-07-23 00:00:00,GRAN-N-000,10.75,9400,,,
2001-07-24 00:00:00,GRAN-N-000,10.5,6500,,,
2001-07-25 00:00:00,GRAN-N-000,10.25,1100,,,
2001-07-26 00:00:00,GRAN-N-000,10.25,1400,,,
2001-07-30 00:00:00,GRAN-N-000,10.75,2600,,,
2001-08-01 00:00:00,GRAN-N-000,10.75,3000,,,
2001-08-02 00:00:00,GRAN-N-000,10.75,3500,,,
2001-08-06 00:00:00,GRAN-N-000,10.75,2500,,,
2001-08-07 00:00:00,GRAN-N-000,10.5,6900,,,
2001-08-09 00:00:00,GRAN-N-000,10.5,100,,,
2001-08-13 00:00:00,GRAN-N-000,10.25,4600,,,
2001-08-14 00:00:00,GRAN-N-000,10,200,,,
2001-08-15 00:00:00,GRAN-N-000,10,1000,,,
2001-08-16 00:00:00,GRAN-N-000,8.5,5500,,,
2001-08-17 00:00:00,GRAN-N-000,8.5,3400,,,
2001-08-20 00:00:00,GRAN-N-000,9,6000,,,
2001-08-21 00:00:00,GRAN-N-000,9.75,4600,,,
2001-08-22 00:00:00,GRAN-N-000,9.25,5100,,,
2001-08-23 00:00:00,GRAN-N-000,10.25,33500,,,
2001-08-24 00:00:00,GRAN-N-000,10.25,28500,,,
2001-08-27 00:00:00,GRAN-N-000,10.25,1400,,,
2001-08-28 00:00:00,GRAN-N-000,10.5,1000,,,
2001-08-29 00:00:00,GRAN-N-000,11,33400,,,
2001-08-30 00:00:00,GRAN-N-000,11.5,14900,,,
2001-08-31 00:00:00,GRAN-N-000,11.25,2300,,,
2001-09-03 00:00:00,GRAN-N-000,10.5,2800,,,
2001-09-04 00:00:00,GRAN-N-000,9.75,6900,,,
2001-09-05 00:00:00,GRAN-N-000,9.75,18900,,,
2001-09-06 00:00:00,GRAN-N-000,9.75,500,,,
2001-09-07 00:00:00,GRAN-N-000,9.75,3700,,,
2001-09-10 00:00:00,GRAN-N-000,9.5,7000,,,
2001-09-11 00:00:00,GRAN-N-000,9.5,11500,,,
2001-09-12 00:00:00,GRAN-N-000,9.5,9700,,,
2001-09-13 00:00:00,GRAN-N-000,9.5,1000,,,
2001-09-14 00:00:00,GRAN-N-000,9.5,1500,,,
2001-09-17 00:00:00,GRAN-N-000,9.25,3700,,,
2001-09-18 00:00:00,GRAN-N-000,9.25,13800,,,
2001-09-19 00:00:00,GRAN-N-000,9,2100,,,
2001-09-20 00:00:00,GRAN-N-000,8.75,13000,,,
2001-09-21 00:00:00,GRAN-N-000,8.75,1600,,,
2001-09-24 00:00:00,GRAN-N-000,8.75,2100,,,
2001-09-25 00:00:00,GRAN-N-000,9.25,26100,,,
2001-09-26 00:00:00,GRAN-N-000,9.25,3200,,,
2001-09-27 00:00:00,GRAN-N-000,9,7300,,,
2001-09-28 00:00:00,GRAN-N-000,9.25,33100,,,
2001-10-01 00:00:00,GRAN-N-000,9.5,700,,,
2001-10-04 00:00:00,GRAN-N-000,9.5,9500,,,
2001-10-08 00:00:00,GRAN-N-000,9.5,9300,,,
2001-10-09 00:00:00,GRAN-N-000,10.75,67100,,,
2001-10-10 00:00:00,GRAN-N-000,12.5,180200,,,
2001-10-11 00:00:00,GRAN-N-000,13,313500,,,
2001-10-12 00:00:00,GRAN-N-000,13,360700,,,
2001-10-15 00:00:00,GRAN-N-000,12.5,136300,,,
2001-10-16 00:00:00,GRAN-N-000,12,45200,,,
2001-10-17 00:00:00,GRAN-N-000,12.5,19200,,,
2001-10-18 00:00:00,GRAN-N-000,12.5,69000,,,
2001-10-19 00:00:00,GRAN-N-000,12.5,4500,,,
2001-10-22 00:00:00,GRAN-N-000,13,442300,,,
2001-10-23 00:00:00,GRAN-N-000,14,399400,,,
2001-10-24 00:00:00,GRAN-N-000,15,499500,,,
2001-10-25 00:00:00,GRAN-N-000,14.25,106600,,,
2001-10-26 00:00:00,GRAN-N-000,14.75,108900,,,
2001-10-29 00:00:00,GRAN-N-000,14.5,132000,,,
2001-10-30 00:00:00,GRAN-N-000,14.5,44200,,,
2001-11-01 00:00:00,GRAN-N-000,14.25,38100,,,
2001-11-02 00:00:00,GRAN-N-000,14,86700,,,
2001-11-05 00:00:00,GRAN-N-000,14,30100,,,
2001-11-06 00:00:00,GRAN-N-000,13.75,32300,,,
2001-11-07 00:00:00,GRAN-N-000,13.75,43300,,,
2001-11-08 00:00:00,GRAN-N-000,14,105800,,,
2001-11-09 00:00:00,GRAN-N-000,14,57800,,,
2001-11-12 00:00:00,GRAN-N-000,14.25,62900,,,
2001-11-13 00:00:00,GRAN-N-000,14,34700,,,
2001-11-14 00:00:00,GRAN-N-000,14.25,12500,,,
2001-11-15 00:00:00,GRAN-N-000,14.75,53800,,,
2001-11-16 00:00:00,GRAN-N-000,15.5,160200,,,
2001-11-19 00:00:00,GRAN-N-000,15.5,61900,,,
2001-11-20 00:00:00,GRAN-N-000,15.5,88500,,,
2001-11-21 00:00:00,GRAN-N-000,15.25,4000,,,
2001-11-22 00:00:00,GRAN-N-000,15.5,157500,,,
2001-11-23 00:00:00,GRAN-N-000,15.25,28200,,,
2001-11-26 00:00:00,GRAN-N-000,15,28700,,,
2001-11-27 00:00:00,GRAN-N-000,14.75,23900,,,
2001-11-28 00:00:00,GRAN-N-000,15.25,61400,,,
2001-11-29 00:00:00,GRAN-N-000,15.5,112300,,,
2001-12-03 00:00:00,GRAN-N-000,14.5,58700,,,
2001-12-04 00:00:00,GRAN-N-000,14.5,65600,,,
2001-12-05 00:00:00,GRAN-N-000,14,69800,,,
2001-12-07 00:00:00,GRAN-N-000,18.5,1019600,,,
2001-12-10 00:00:00,GRAN-N-000,18.75,703800,,,
2001-12-11 00:00:00,GRAN-N-000,18,273700,,,
2001-12-12 00:00:00,GRAN-N-000,17,247600,,,
2001-12-13 00:00:00,GRAN-N-000,15.5,187900,,,
2001-12-14 00:00:00,GRAN-N-000,16.25,218800,,,
2001-12-17 00:00:00,GRAN-N-000,16.5,71000,,,
2001-12-18 00:00:00,GRAN-N-000,15.5,71100,,,
2001-12-19 00:00:00,GRAN-N-000,14.25,75700,,,
2001-12-20 00:00:00,GRAN-N-000,15,48600,,,
2001-12-21 00:00:00,GRAN-N-000,15,43000,,,
2001-12-27 00:00:00,GRAN-N-000,15,43500,,,
2001-12-28 00:00:00,GRAN-N-000,15.75,238700,,,
2001-12-31 00:00:00,GRAN-N-000,15.75,38200,,,
2002-01-02 00:00:00,GRAN-N-000,15.25,38000,,,
2002-01-03 00:00:00,GRAN-N-000,15.25,8300,,,
2002-01-04 00:00:00,GRAN-N-000,15,12100,,,
2002-01-07 00:00:00,GRAN-N-000,14.75,6100,,,
2002-01-08 00:00:00,GRAN-N-000,14,51500,,,
2002-01-09 00:00:00,GRAN-N-000,14,18700,,,
2002-01-10 00:00:00,GRAN-N-000,13.5,42600,,,
2002-01-11 00:00:00,GRAN-N-000,13.25,25800,,,
2002-01-15 00:00:00,GRAN-N-000,13.25,39600,,,
2002-01-16 00:00:00,GRAN-N-000,13.5,2700,,,
2002-01-17 00:00:00,GRAN-N-000,12.25,8100,,,
2002-01-18 00:00:00,GRAN-N-000,13.5,12200,,,
2002-01-21 00:00:00,GRAN-N-000,13.25,16400,,,
2002-01-22 00:00:00,GRAN-N-000,12.5,17900,,,
2002-01-23 00:00:00,GRAN-N-000,12.5,10900,,,
2002-01-24 00:00:00,GRAN-N-000,13,16700,,,
2002-01-25 00:00:00,GRAN-N-000,12.5,13500,,,
2002-01-29 00:00:00,GRAN-N-000,12.5,31800,,,
2002-01-30 00:00:00,GRAN-N-000,12.25,3300,,,
2002-01-31 00:00:00,GRAN-N-000,12.25,3500,,,
2002-02-01 00:00:00,GRAN-N-000,12.25,39000,,,
2002-02-05 00:00:00,GRAN-N-000,12.25,900,,,
2002-02-07 00:00:00,GRAN-N-000,12,250600,,,
2002-02-08 00:00:00,GRAN-N-000,12,12000,,,
2002-02-11 00:00:00,GRAN-N-000,13,6000,,,
2001-01-30 00:00:00,GUAR-N-000,85,100,,,
2001-03-26 00:00:00,GUAR-N-000,85,200,,,
2001-04-16 00:00:00,GUAR-N-000,85,200,,,
2001-05-14 00:00:00,GUAR-N-000,85,200,,,
2001-05-15 00:00:00,GUAR-N-000,85,100,,,
2001-06-13 00:00:00,GUAR-N-000,75.25,100,,,
2001-06-14 00:00:00,GUAR-N-000,75.25,400,,,
2001-07-04 00:00:00,GUAR-N-000,80,100,,,
2001-07-16 00:00:00,GUAR-N-000,80.25,100,,,
2001-07-19 00:00:00,GUAR-N-000,85,100,,,
2001-07-26 00:00:00,GUAR-N-000,80,100,,,
2001-12-12 00:00:00,GUAR-N-000,100,380000,,,
2002-01-09 00:00:00,GUAR-N-000,95,1500,,,
2001-01-22 00:00:00,CHR-N-0000,14,1200,,,
2001-01-23 00:00:00,CHR-N-0000,14,500,,,
2001-01-24 00:00:00,CHR-N-0000,15,1300,,,
2001-03-05 00:00:00,CHR-N-0000,15,200,,,
2001-03-20 00:00:00,CHR-N-0000,15,200,,,
2001-03-21 00:00:00,CHR-N-0000,15,100,,,
2001-03-30 00:00:00,CHR-N-0000,15,500,,,
2001-05-04 00:00:00,CHR-N-0000,15,100,,,
2001-05-11 00:00:00,CHR-N-0000,15,400,,,
2001-05-17 00:00:00,CHR-N-0000,15.25,100,,,
2001-06-04 00:00:00,CHR-N-0000,15.25,100,,,
2001-06-27 00:00:00,CHR-N-0000,15.5,400,,,
2001-08-02 00:00:00,CHR-N-0000,15.5,500,,,
2001-08-06 00:00:00,CHR-N-0000,15.5,600,,,
2001-08-07 00:00:00,CHR-N-0000,15.5,100,,,
2001-08-08 00:00:00,CHR-N-0000,15.5,300,,,
2001-08-09 00:00:00,CHR-N-0000,15.5,300,,,
2001-08-15 00:00:00,CHR-N-0000,15.5,300,,,
2001-08-16 00:00:00,CHR-N-0000,15.5,100,,,
2002-01-21 00:00:00,CHR-N-0000,21,3400,,,
2002-01-22 00:00:00,CHR-N-0000,21,500,,,
2002-01-23 00:00:00,CHR-N-0000,23,700,,,
2002-01-24 00:00:00,CHR-N-0000,23,1300,,,
2002-01-25 00:00:00,CHR-N-0000,21,100,,,
2002-01-29 00:00:00,CHR-N-0000,23.25,100,,,
2002-01-30 00:00:00,CHR-N-0000,23.25,1000,,,
2002-01-31 00:00:00,CHR-N-0000,25,100,,,
2001-01-02 00:00:00,CHOT-N-000,67,200,,,
2001-01-17 00:00:00,CHOT-N-000,65,100,,,
2001-01-19 00:00:00,CHOT-N-000,65,400,,,
2001-01-29 00:00:00,CHOT-N-000,64.75,100,,,
2001-01-30 00:00:00,CHOT-N-000,64.75,100,,,
2001-02-12 00:00:00,CHOT-N-000,64.75,400,,,
2001-02-14 00:00:00,CHOT-N-000,70,100,,,
2001-02-15 00:00:00,CHOT-N-000,70,400,,,
2001-02-26 00:00:00,CHOT-N-000,70,400,,,
2001-03-01 00:00:00,CHOT-N-000,70,500,,,
2001-03-21 00:00:00,CHOT-N-000,75,200,,,
2001-03-22 00:00:00,CHOT-N-000,75,100,,,
2001-03-23 00:00:00,CHOT-N-000,75,100,,,
2001-03-26 00:00:00,CHOT-N-000,78,600,,,
2001-03-27 00:00:00,CHOT-N-000,80,200,,,
2001-03-28 00:00:00,CHOT-N-000,75,300,,,
2001-03-30 00:00:00,CHOT-N-000,75,900,,,
2001-04-02 00:00:00,CHOT-N-000,75,700,,,
2001-04-03 00:00:00,CHOT-N-000,75,100,,,
2001-04-25 00:00:00,CHOT-N-000,80,5000,,,
2001-04-26 00:00:00,CHOT-N-000,90,2000,,,
2001-05-02 00:00:00,CHOT-N-000,90,1700,,,
2001-05-14 00:00:00,CHOT-N-000,86,500,,,
2001-05-18 00:00:00,CHOT-N-000,86,100,,,
2001-05-21 00:00:00,CHOT-N-000,86,200,,,
2001-06-11 00:00:00,CHOT-N-000,90,100,,,
2001-06-12 00:00:00,CHOT-N-000,90,100,,,
2001-06-14 00:00:00,CHOT-N-000,90,700,,,
2001-06-15 00:00:00,CHOT-N-000,90,100,,,
2001-06-28 00:00:00,CHOT-N-000,120,400,,,
2001-06-29 00:00:00,CHOT-N-000,120,200,,,
2001-07-03 00:00:00,CHOT-N-000,110,500,,,
2001-07-06 00:00:00,CHOT-N-000,110,200,,,
2001-07-10 00:00:00,CHOT-N-000,110,500,,,
2001-07-11 00:00:00,CHOT-N-000,110,200,,,
2001-07-31 00:00:00,CHOT-N-000,100,100,,,
2001-08-27 00:00:00,CHOT-N-000,90,300,,,
2001-09-06 00:00:00,CHOT-N-000,80,200,,,
2001-09-11 00:00:00,CHOT-N-000,70,200,,,
2001-09-14 00:00:00,CHOT-N-000,70,200,,,
2001-09-20 00:00:00,CHOT-N-000,70,100,,,
2001-09-24 00:00:00,CHOT-N-000,70,1000,,,
2001-09-26 00:00:00,CHOT-N-000,70,100,,,
2001-12-14 00:00:00,CHOT-N-000,70,2600,,,
2002-01-16 00:00:00,CHOT-N-000,95,400,,,
2001-01-08 00:00:00,CINV-N-000,38,200,,,
2001-01-16 00:00:00,CINV-N-000,37,100,,,
2001-01-25 00:00:00,CINV-N-000,35,100,,,
2001-02-12 00:00:00,CINV-N-000,34,100,,,
2001-02-19 00:00:00,CINV-N-000,33,700,,,
2001-02-21 00:00:00,CINV-N-000,33,200,,,
2001-02-26 00:00:00,CINV-N-000,33,200,,,
2001-03-05 00:00:00,CINV-N-000,33,500,,,
2001-03-12 00:00:00,CINV-N-000,33,200,,,
2001-03-19 00:00:00,CINV-N-000,33,100,,,
2001-03-22 00:00:00,CINV-N-000,33,100,,,
2001-03-26 00:00:00,CINV-N-000,33,1500,,,
2001-03-28 00:00:00,CINV-N-000,31,100,,,
2001-04-05 00:00:00,CINV-N-000,31.75,500,,,
2001-04-09 00:00:00,CINV-N-000,33.25,50800,,,
2001-04-10 00:00:00,CINV-N-000,33,100,,,
2001-04-26 00:00:00,CINV-N-000,34.25,200,,,
2001-04-27 00:00:00,CINV-N-000,34.5,100,,,
2001-05-04 00:00:00,CINV-N-000,35,100,,,
2001-05-09 00:00:00,CINV-N-000,36,100,,,
2001-05-10 00:00:00,CINV-N-000,36,100,,,
2001-05-11 00:00:00,CINV-N-000,36,300,,,
2001-05-14 00:00:00,CINV-N-000,34,2000,,,
2001-05-21 00:00:00,CINV-N-000,34,300,,,
2001-06-06 00:00:00,CINV-N-000,35.25,200,,,
2001-06-07 00:00:00,CINV-N-000,37,900,,,
2001-06-11 00:00:00,CINV-N-000,38,100,,,
2001-06-14 00:00:00,CINV-N-000,38,2000,,,
2001-06-21 00:00:00,CINV-N-000,39,1800,,,
2001-06-25 00:00:00,CINV-N-000,39,100,,,
2001-07-11 00:00:00,CINV-N-000,40,1000,,,
2001-07-12 00:00:00,CINV-N-000,39.75,200,,,
2001-07-13 00:00:00,CINV-N-000,42,3900,,,
2001-07-16 00:00:00,CINV-N-000,41,20400,,,
2001-07-17 00:00:00,CINV-N-000,41.25,6500,,,
2001-07-18 00:00:00,CINV-N-000,41,2500,,,
2001-07-19 00:00:00,CINV-N-000,42,100,,,
2001-07-23 00:00:00,CINV-N-000,34.25,400,,,
2001-07-24 00:00:00,CINV-N-000,34,200,,,
2001-07-25 00:00:00,CINV-N-000,33.5,100,,,
2001-07-26 00:00:00,CINV-N-000,34.5,1800,,,
2001-07-27 00:00:00,CINV-N-000,35.25,300,,,
2001-08-10 00:00:00,CINV-N-000,34,400,,,
2001-08-13 00:00:00,CINV-N-000,34,1500,,,
2001-09-10 00:00:00,CINV-N-000,35,100,,,
2001-10-09 00:00:00,CINV-N-000,32,100,,,
2001-10-15 00:00:00,CINV-N-000,40,100,,,
2001-10-18 00:00:00,CINV-N-000,45,600,,,
2001-10-19 00:00:00,CINV-N-000,42,2900,,,
2001-10-25 00:00:00,CINV-N-000,45,200,,,
2001-11-01 00:00:00,CINV-N-000,43.25,200,,,
2001-11-02 00:00:00,CINV-N-000,40,1100,,,
2001-11-05 00:00:00,CINV-N-000,40,40000,,,
2001-11-06 00:00:00,CINV-N-000,40,100,,,
2001-11-07 00:00:00,CINV-N-000,40,50000,,,
2001-11-13 00:00:00,CINV-N-000,43,100,,,
2001-11-14 00:00:00,CINV-N-000,41.25,100,,,
2001-11-15 00:00:00,CINV-N-000,43,200,,,
2001-11-16 00:00:00,CINV-N-000,44,1000,,,
2001-11-19 00:00:00,CINV-N-000,45,100,,,
2001-11-20 00:00:00,CINV-N-000,43.25,59300,,,
2001-11-21 00:00:00,CINV-N-000,43.5,600,,,
2001-11-22 00:00:00,CINV-N-000,50,6600,,,
2001-11-23 00:00:00,CINV-N-000,45.25,10300,,,
2001-11-26 00:00:00,CINV-N-000,47,300,,,
2001-11-28 00:00:00,CINV-N-000,48,8900,,,
2001-11-29 00:00:00,CINV-N-000,50,100,,,
2001-12-04 00:00:00,CINV-N-000,50.25,4300,,,
2001-12-07 00:00:00,CINV-N-000,65,500,,,
2001-12-10 00:00:00,CINV-N-000,70,1200,,,
2001-12-11 00:00:00,CINV-N-000,70,2500,,,
2001-12-12 00:00:00,CINV-N-000,75,68200,,,
2001-12-14 00:00:00,CINV-N-000,73.75,300,,,
2001-12-19 00:00:00,CINV-N-000,65,10000,,,
2001-12-20 00:00:00,CINV-N-000,60.25,200,,,
2001-12-28 00:00:00,CINV-N-000,55.25,200,,,
2002-01-02 00:00:00,CINV-N-000,55.5,200,,,
2002-01-08 00:00:00,CINV-N-000,56,10000,,,
2002-01-09 00:00:00,CINV-N-000,56,3400,,,
2002-01-18 00:00:00,CINV-N-000,60,100,,,
2002-01-25 00:00:00,CINV-N-000,63,100,,,
2002-01-30 00:00:00,CINV-N-000,63.5,500,,,
2002-01-31 00:00:00,CINV-N-000,63,100,,,
2002-02-05 00:00:00,CINV-N-000,70,4500,,,
2002-02-06 00:00:00,CINV-N-000,60,2600,,,
2001-01-04 00:00:00,COXY-N-000,50,200,,,
2001-01-05 00:00:00,COXY-N-000,50,600,,,
2001-01-08 00:00:00,COXY-N-000,50,2900,,,
2001-01-10 00:00:00,COXY-N-000,50,21800,,,
2001-01-11 00:00:00,COXY-N-000,50,200,,,
2001-01-17 00:00:00,COXY-N-000,50,322000,,,
2001-01-18 00:00:00,COXY-N-000,50.25,400,,,
2001-01-19 00:00:00,COXY-N-000,50.25,200,,,
2001-01-22 00:00:00,COXY-N-000,51,100,,,
2001-01-23 00:00:00,COXY-N-000,52,13600,,,
2001-01-25 00:00:00,COXY-N-000,52,400,,,
2001-01-29 00:00:00,COXY-N-000,52,400,,,
2001-01-30 00:00:00,COXY-N-000,52,900,,,
2001-01-31 00:00:00,COXY-N-000,51,1000,,,
2001-02-06 00:00:00,COXY-N-000,52,400,,,
2001-02-08 00:00:00,COXY-N-000,52,1200,,,
2001-02-09 00:00:00,COXY-N-000,52,400,,,
2001-02-12 00:00:00,COXY-N-000,52,200,,,
2001-02-15 00:00:00,COXY-N-000,52,700,,,
2001-02-16 00:00:00,COXY-N-000,52,900,,,
2001-02-20 00:00:00,COXY-N-000,52,200,,,
2001-02-21 00:00:00,COXY-N-000,52,4500,,,
2001-02-22 00:00:00,COXY-N-000,52,100,,,
2001-03-07 00:00:00,COXY-N-000,53,100,,,
2001-03-15 00:00:00,COXY-N-000,53.25,500,,,
2001-03-20 00:00:00,COXY-N-000,52.25,100,,,
2001-03-27 00:00:00,COXY-N-000,52.5,200,,,
2001-03-28 00:00:00,COXY-N-000,52.5,1500,,,
2001-03-29 00:00:00,COXY-N-000,52.75,500,,,
2001-04-02 00:00:00,COXY-N-000,52.75,500,,,
2001-05-10 00:00:00,COXY-N-000,52.5,200,,,
2001-05-15 00:00:00,COXY-N-000,53,100,,,
2001-05-16 00:00:00,COXY-N-000,52.75,300,,,
2001-05-21 00:00:00,COXY-N-000,53,200,,,
2001-05-31 00:00:00,COXY-N-000,53,200,,,
2001-06-01 00:00:00,COXY-N-000,53,100,,,
2001-06-04 00:00:00,COXY-N-000,53,1000,,,
2001-06-11 00:00:00,COXY-N-000,53,300,,,
2001-06-15 00:00:00,COXY-N-000,54,100,,,
2001-06-20 00:00:00,COXY-N-000,54,400,,,
2001-06-21 00:00:00,COXY-N-000,54,200,,,
2001-06-26 00:00:00,COXY-N-000,54,200,,,
2001-06-29 00:00:00,COXY-N-000,54,100,,,
2001-07-04 00:00:00,COXY-N-000,53,100,,,
2001-07-10 00:00:00,COXY-N-000,53.25,1300,,,
2001-07-11 00:00:00,COXY-N-000,53.25,500,,,
2001-07-16 00:00:00,COXY-N-000,53.5,200,,,
2001-07-19 00:00:00,COXY-N-000,53.5,100,,,
2001-07-24 00:00:00,COXY-N-000,53.25,100,,,
2001-08-01 00:00:00,COXY-N-000,54.25,400,,,
2001-08-02 00:00:00,COXY-N-000,54.25,100,,,
2001-08-10 00:00:00,COXY-N-000,54.25,200,,,
2001-08-13 00:00:00,COXY-N-000,54.25,200,,,
2001-08-14 00:00:00,COXY-N-000,54.25,500,,,
2001-08-15 00:00:00,COXY-N-000,54.25,200,,,
2001-08-17 00:00:00,COXY-N-000,53,300,,,
2001-08-20 00:00:00,COXY-N-000,53,2200,,,
2001-08-22 00:00:00,COXY-N-000,53,1400,,,
2001-08-24 00:00:00,COXY-N-000,53,1300,,,
2001-08-30 00:00:00,COXY-N-000,53,200,,,
2001-09-04 00:00:00,COXY-N-000,53,600,,,
2001-09-05 00:00:00,COXY-N-000,53,600,,,
2001-09-12 00:00:00,COXY-N-000,53.5,200,,,
2001-10-01 00:00:00,COXY-N-000,53.5,700,,,
2001-10-08 00:00:00,COXY-N-000,53.5,300,,,
2001-10-15 00:00:00,COXY-N-000,53.75,300,,,
2001-10-16 00:00:00,COXY-N-000,53,100,,,
2001-10-19 00:00:00,COXY-N-000,56,6500,,,
2001-10-22 00:00:00,COXY-N-000,56,300,,,
2001-10-23 00:00:00,COXY-N-000,58,300,,,
2001-10-29 00:00:00,COXY-N-000,58,600,,,
2001-10-30 00:00:00,COXY-N-000,58,1500,,,
2001-11-01 00:00:00,COXY-N-000,58,100,,,
2001-11-05 00:00:00,COXY-N-000,58,300,,,
2001-11-07 00:00:00,COXY-N-000,58,1000,,,
2001-11-09 00:00:00,COXY-N-000,58,200,,,
2001-11-12 00:00:00,COXY-N-000,58,300,,,
2001-11-19 00:00:00,COXY-N-000,59.75,5100,,,
2001-11-20 00:00:00,COXY-N-000,58.5,100,,,
2001-11-21 00:00:00,COXY-N-000,58,400,,,
2001-11-22 00:00:00,COXY-N-000,60,3000,,,
2001-11-23 00:00:00,COXY-N-000,60,7800,,,
2001-11-26 00:00:00,COXY-N-000,60,1000,,,
2001-11-27 00:00:00,COXY-N-000,60,300,,,
2001-11-28 00:00:00,COXY-N-000,60,100,,,
2001-11-29 00:00:00,COXY-N-000,60,400,,,
2001-12-03 00:00:00,COXY-N-000,60,300,,,
2001-12-04 00:00:00,COXY-N-000,60,200,,,
2001-12-05 00:00:00,COXY-N-000,62.5,1400,,,
2001-12-07 00:00:00,COXY-N-000,72.5,60200,,,
2001-12-10 00:00:00,COXY-N-000,70,8400,,,
2001-12-11 00:00:00,COXY-N-000,70,4800,,,
2001-12-12 00:00:00,COXY-N-000,70,4300,,,
2001-12-13 00:00:00,COXY-N-000,68,1100,,,
2001-12-14 00:00:00,COXY-N-000,70,2400,,,
2001-12-17 00:00:00,COXY-N-000,70,1100,,,
2001-12-18 00:00:00,COXY-N-000,70,700,,,
2001-12-20 00:00:00,COXY-N-000,70,1100,,,
2001-12-21 00:00:00,COXY-N-000,70,200,,,
2001-12-27 00:00:00,COXY-N-000,70,200,,,
2001-12-28 00:00:00,COXY-N-000,79,3400,,,
2002-01-02 00:00:00,COXY-N-000,78,1300,,,
2002-01-03 00:00:00,COXY-N-000,78,1000,,,
2002-01-04 00:00:00,COXY-N-000,78,500,,,
2002-01-07 00:00:00,COXY-N-000,74,200,,,
2002-01-08 00:00:00,COXY-N-000,74.5,200,,,
2002-01-09 00:00:00,COXY-N-000,74,1100,,,
2002-01-15 00:00:00,COXY-N-000,71,900,,,
2002-01-17 00:00:00,COXY-N-000,71,400,,,
2002-01-18 00:00:00,COXY-N-000,71,800,,,
2002-01-21 00:00:00,COXY-N-000,71,200,,,
2002-01-22 00:00:00,COXY-N-000,71,400,,,
2002-01-29 00:00:00,COXY-N-000,71,500,,,
2002-01-30 00:00:00,COXY-N-000,70.5,300,,,
2002-02-01 00:00:00,COXY-N-000,71,1000,,,
2002-02-05 00:00:00,COXY-N-000,71,200,,,
2002-02-08 00:00:00,COXY-N-000,72,300,,,
2002-02-11 00:00:00,COXY-N-000,72,200,,,
2001-02-21 00:00:00,CPRT-N-000,100,100,,,
2001-07-25 00:00:00,CPRT-N-000,90,3800,,,
2001-03-16 00:00:00,SINN-N-000,9.25,100,,,
2001-01-16 00:00:00,CTEA-N-000,75,100,,,
2001-03-27 00:00:00,CTEA-N-000,75,200,,,
2001-03-29 00:00:00,CTEA-N-000,75,100,,,
2001-09-26 00:00:00,CTEA-N-000,75,2800,,,
2001-10-04 00:00:00,CTEA-N-000,80,300,,,
2001-10-11 00:00:00,CTEA-N-000,80,300,,,
2001-10-12 00:00:00,CTEA-N-000,80,700,,,
2001-10-16 00:00:00,CTEA-N-000,80,200,,,
2001-10-17 00:00:00,CTEA-N-000,80,1300,,,
2001-10-29 00:00:00,CTEA-N-000,80,100,,,
2001-11-12 00:00:00,CTEA-N-000,76,500,,,
2001-11-21 00:00:00,CTEA-N-000,75,100,,,
2001-11-26 00:00:00,CTEA-N-000,75,200,,,
2001-11-27 00:00:00,CTEA-N-000,74,1200,,,
2001-12-11 00:00:00,CTEA-N-000,80.25,3700,,,
2001-12-12 00:00:00,CTEA-N-000,80.25,100,,,
2001-12-21 00:00:00,CTEA-N-000,80,200,,,
2002-02-01 00:00:00,CTEA-N-000,79,400,,,
2001-03-21 00:00:00,CTHR-N-000,190,400,,,
2001-04-27 00:00:00,CTHR-N-000,190,100,,,
2001-05-15 00:00:00,CTHR-N-000,190,400,,,
2001-07-12 00:00:00,CTHR-N-000,190,200,,,
2001-10-22 00:00:00,CTHR-N-000,285,200,,,
2001-10-23 00:00:00,CTHR-N-000,325,100,,,
2001-10-24 00:00:00,CTHR-N-000,420,136100,,,
2001-01-02 00:00:00,CTC-N-0000,29,100,,,
2001-01-03 00:00:00,CTC-N-0000,29,1900,,,
2001-01-04 00:00:00,CTC-N-0000,29.5,1000,,,
2001-01-05 00:00:00,CTC-N-0000,29.5,2000,,,
2001-01-08 00:00:00,CTC-N-0000,30,1900,,,
2001-01-10 00:00:00,CTC-N-0000,30,3800,,,
2001-01-11 00:00:00,CTC-N-0000,30,1200,,,
2001-01-12 00:00:00,CTC-N-0000,30,1500,,,
2001-01-16 00:00:00,CTC-N-0000,29.25,1500,,,
2001-01-18 00:00:00,CTC-N-0000,29.5,1100,,,
2001-01-19 00:00:00,CTC-N-0000,29.5,2200,,,
2001-01-22 00:00:00,CTC-N-0000,29.75,1000,,,
2001-01-23 00:00:00,CTC-N-0000,30.5,4100,,,
2001-01-24 00:00:00,CTC-N-0000,30.25,200,,,
2001-01-25 00:00:00,CTC-N-0000,30,800,,,
2001-01-26 00:00:00,CTC-N-0000,30,500,,,
2001-01-29 00:00:00,CTC-N-0000,29.5,100,,,
2001-02-02 00:00:00,CTC-N-0000,30,100,,,
2001-02-06 00:00:00,CTC-N-0000,30.25,200,,,
2001-02-08 00:00:00,CTC-N-0000,30,700,,,
2001-02-09 00:00:00,CTC-N-0000,30.25,300,,,
2001-02-12 00:00:00,CTC-N-0000,30,3200,,,
2001-02-13 00:00:00,CTC-N-0000,30,1000,,,
2001-02-14 00:00:00,CTC-N-0000,30,11100,,,
2001-02-16 00:00:00,CTC-N-0000,29.5,300,,,
2001-02-19 00:00:00,CTC-N-0000,29.5,1400,,,
2001-02-20 00:00:00,CTC-N-0000,29.75,1000,,,
2001-02-22 00:00:00,CTC-N-0000,30,200,,,
2001-02-26 00:00:00,CTC-N-0000,30,900,,,
2001-02-27 00:00:00,CTC-N-0000,29.25,100,,,
2001-03-01 00:00:00,CTC-N-0000,28,2500,,,
2001-03-02 00:00:00,CTC-N-0000,28,1300,,,
2001-03-05 00:00:00,CTC-N-0000,27.5,1900,,,
2001-03-06 00:00:00,CTC-N-0000,27.5,1900,,,
2001-03-12 00:00:00,CTC-N-0000,27,600,,,
2001-03-13 00:00:00,CTC-N-0000,27,2600,,,
2001-03-14 00:00:00,CTC-N-0000,27,300,,,
2001-03-15 00:00:00,CTC-N-0000,27,100,,,
2001-03-16 00:00:00,CTC-N-0000,27,1400,,,
2001-03-19 00:00:00,CTC-N-0000,26.75,300,,,
2001-03-20 00:00:00,CTC-N-0000,26.75,1100,,,
2001-03-21 00:00:00,CTC-N-0000,26.5,100,,,
2001-03-22 00:00:00,CTC-N-0000,26.5,100,,,
2001-03-23 00:00:00,CTC-N-0000,26.5,1700,,,
2001-03-26 00:00:00,CTC-N-0000,26.5,500,,,
2001-03-27 00:00:00,CTC-N-0000,26,5000,,,
2001-03-28 00:00:00,CTC-N-0000,26,1000,,,
2001-03-29 00:00:00,CTC-N-0000,26,2500,,,
2001-03-30 00:00:00,CTC-N-0000,26.5,2500,,,
2001-04-02 00:00:00,CTC-N-0000,26.5,400,,,
2001-04-03 00:00:00,CTC-N-0000,26.75,1000,,,
2001-04-05 00:00:00,CTC-N-0000,26.75,200,,,
2001-04-06 00:00:00,CTC-N-0000,26.75,900,,,
2001-04-09 00:00:00,CTC-N-0000,26.75,1100,,,
2001-04-10 00:00:00,CTC-N-0000,26.5,2900,,,
2001-04-11 00:00:00,CTC-N-0000,26.75,300,,,
2001-04-17 00:00:00,CTC-N-0000,26.75,100,,,
2001-04-18 00:00:00,CTC-N-0000,26.5,1000,,,
2001-04-19 00:00:00,CTC-N-0000,26,200,,,
2001-04-20 00:00:00,CTC-N-0000,26,1300,,,
2001-04-24 00:00:00,CTC-N-0000,26.5,500,,,
2001-04-26 00:00:00,CTC-N-0000,26,2400,,,
2001-04-30 00:00:00,CTC-N-0000,26,400,,,
2001-05-02 00:00:00,CTC-N-0000,25.75,100,,,
2001-05-03 00:00:00,CTC-N-0000,25,1300,,,
2001-05-04 00:00:00,CTC-N-0000,26,100,,,
2001-05-14 00:00:00,CTC-N-0000,25,400,,,
2001-05-15 00:00:00,CTC-N-0000,24.75,600,,,
2001-05-16 00:00:00,CTC-N-0000,24,2100,,,
2001-05-17 00:00:00,CTC-N-0000,24.75,900,,,
2001-05-21 00:00:00,CTC-N-0000,24,5600,,,
2001-05-22 00:00:00,CTC-N-0000,24,2700,,,
2001-05-23 00:00:00,CTC-N-0000,24,1200,,,
2001-05-24 00:00:00,CTC-N-0000,23.5,3300,,,
2001-05-25 00:00:00,CTC-N-0000,23.5,300,,,
2001-05-28 00:00:00,CTC-N-0000,23.5,400,,,
2001-05-29 00:00:00,CTC-N-0000,23.5,500,,,
2001-05-30 00:00:00,CTC-N-0000,23.5,500,,,
2001-05-31 00:00:00,CTC-N-0000,23.5,100,,,
2001-06-01 00:00:00,CTC-N-0000,23.5,200,,,
2001-06-04 00:00:00,CTC-N-0000,23,100,,,
2001-06-07 00:00:00,CTC-N-0000,23,2600,,,
2001-06-11 00:00:00,CTC-N-0000,24.75,100,,,
2001-06-15 00:00:00,CTC-N-0000,23,3000,,,
2001-06-18 00:00:00,CTC-N-0000,23,100,,,
2001-06-19 00:00:00,CTC-N-0000,23,300,,,
2001-06-20 00:00:00,CTC-N-0000,23,1400,,,
2001-06-21 00:00:00,CTC-N-0000,23.25,13700,,,
2001-06-22 00:00:00,CTC-N-0000,25,100,,,
2001-06-25 00:00:00,CTC-N-0000,23.25,700,,,
2001-06-27 00:00:00,CTC-N-0000,23.5,5200,,,
2001-06-28 00:00:00,CTC-N-0000,23.25,100,,,
2001-06-29 00:00:00,CTC-N-0000,23,900,,,
2001-07-02 00:00:00,CTC-N-0000,23,300,,,
2001-07-03 00:00:00,CTC-N-0000,22.25,4400,,,
2001-07-04 00:00:00,CTC-N-0000,23,7200,,,
2001-07-09 00:00:00,CTC-N-0000,25,400,,,
2001-07-10 00:00:00,CTC-N-0000,25,4600,,,
2001-07-11 00:00:00,CTC-N-0000,23,200,,,
2001-07-16 00:00:00,CTC-N-0000,25,3000,,,
2001-07-17 00:00:00,CTC-N-0000,23,500,,,
2001-07-18 00:00:00,CTC-N-0000,23,700,,,
2001-07-19 00:00:00,CTC-N-0000,22.5,1800,,,
2001-07-20 00:00:00,CTC-N-0000,23,4600,,,
2001-07-23 00:00:00,CTC-N-0000,22.5,1000,,,
2001-07-24 00:00:00,CTC-N-0000,22.5,1300,,,
2001-07-30 00:00:00,CTC-N-0000,23,400000,,,
2001-07-31 00:00:00,CTC-N-0000,23,2600,,,
2001-08-01 00:00:00,CTC-N-0000,23,9700,,,
2001-08-02 00:00:00,CTC-N-0000,23,10100,,,
2001-08-09 00:00:00,CTC-N-0000,23,3100,,,
2001-08-13 00:00:00,CTC-N-0000,22.75,2000,,,
2001-08-15 00:00:00,CTC-N-0000,21.75,2700,,,
2001-08-16 00:00:00,CTC-N-0000,22,2800,,,
2001-08-20 00:00:00,CTC-N-0000,21,1800,,,
2001-08-21 00:00:00,CTC-N-0000,22,1100,,,
2001-08-22 00:00:00,CTC-N-0000,22,1600,,,
2001-08-23 00:00:00,CTC-N-0000,21.5,200,,,
2001-08-24 00:00:00,CTC-N-0000,21.5,1900,,,
2001-08-28 00:00:00,CTC-N-0000,22,2500,,,
2001-08-30 00:00:00,CTC-N-0000,23,100,,,
2001-09-03 00:00:00,CTC-N-0000,21,571200,,,
2001-09-04 00:00:00,CTC-N-0000,21,13200,,,
2001-09-05 00:00:00,CTC-N-0000,21,20500,,,
2001-09-06 00:00:00,CTC-N-0000,21,14500,,,
2001-09-07 00:00:00,CTC-N-0000,22.5,5100,,,
2001-09-12 00:00:00,CTC-N-0000,23.5,100,,,
2001-09-13 00:00:00,CTC-N-0000,22.5,100,,,
2001-09-18 00:00:00,CTC-N-0000,22,100,,,
2001-09-20 00:00:00,CTC-N-0000,22,300,,,
2001-09-25 00:00:00,CTC-N-0000,22,5200,,,
2001-09-26 00:00:00,CTC-N-0000,23,6200,,,
2001-09-27 00:00:00,CTC-N-0000,23.5,11800,,,
2001-09-28 00:00:00,CTC-N-0000,23.5,9800,,,
2001-10-04 00:00:00,CTC-N-0000,23,600,,,
2001-10-08 00:00:00,CTC-N-0000,22.5,400,,,
2001-10-09 00:00:00,CTC-N-0000,22.5,5900,,,
2001-10-10 00:00:00,CTC-N-0000,23.5,9400,,,
2001-10-12 00:00:00,CTC-N-0000,28.75,36900,,,
2001-10-15 00:00:00,CTC-N-0000,28.75,14800,,,
2001-10-16 00:00:00,CTC-N-0000,27.5,8100,,,
2001-10-17 00:00:00,CTC-N-0000,27,400,,,
2001-10-18 00:00:00,CTC-N-0000,27,400,,,
2001-10-19 00:00:00,CTC-N-0000,27,8600,,,
2001-10-22 00:00:00,CTC-N-0000,27.5,300,,,
2001-10-23 00:00:00,CTC-N-0000,27.5,2100,,,
2001-10-24 00:00:00,CTC-N-0000,29.5,47000,,,
2001-10-25 00:00:00,CTC-N-0000,27.25,5600,,,
2001-10-26 00:00:00,CTC-N-0000,27,1100,,,
2001-10-29 00:00:00,CTC-N-0000,27.25,9800,,,
2001-10-30 00:00:00,CTC-N-0000,27.5,12700,,,
2001-11-01 00:00:00,CTC-N-0000,27.5,1000,,,
2001-11-02 00:00:00,CTC-N-0000,27.5,6100,,,
2001-11-05 00:00:00,CTC-N-0000,28,100,,,
2001-11-06 00:00:00,CTC-N-0000,27.75,19500,,,
2001-11-07 00:00:00,CTC-N-0000,28.5,44200,,,
2001-11-08 00:00:00,CTC-N-0000,28.5,3400,,,
2001-11-09 00:00:00,CTC-N-0000,28.25,14400,,,
2001-11-12 00:00:00,CTC-N-0000,28,1200,,,
2001-11-14 00:00:00,CTC-N-0000,28,200,,,
2001-11-16 00:00:00,CTC-N-0000,29,3700,,,
2001-11-19 00:00:00,CTC-N-0000,29,3100,,,
2001-11-20 00:00:00,CTC-N-0000,29,2400,,,
2001-11-21 00:00:00,CTC-N-0000,29,2600,,,
2001-11-22 00:00:00,CTC-N-0000,28,2300,,,
2001-11-23 00:00:00,CTC-N-0000,28.25,100,,,
2001-11-26 00:00:00,CTC-N-0000,28.25,400,,,
2001-11-27 00:00:00,CTC-N-0000,28.25,6700,,,
2001-11-28 00:00:00,CTC-N-0000,28.25,300,,,
2001-11-29 00:00:00,CTC-N-0000,28,4300,,,
2001-12-03 00:00:00,CTC-N-0000,28,2300,,,
2001-12-04 00:00:00,CTC-N-0000,26.25,3000,,,
2001-12-05 00:00:00,CTC-N-0000,27.5,4100,,,
2001-12-07 00:00:00,CTC-N-0000,31.75,6500,,,
2001-12-10 00:00:00,CTC-N-0000,36,76400,,,
2001-12-11 00:00:00,CTC-N-0000,33,26000,,,
2001-12-12 00:00:00,CTC-N-0000,32.5,13600,,,
2001-12-13 00:00:00,CTC-N-0000,30,13300,,,
2001-12-14 00:00:00,CTC-N-0000,32,6300,,,
2001-12-17 00:00:00,CTC-N-0000,31.5,3100,,,
2001-12-18 00:00:00,CTC-N-0000,30,3400,,,
2001-12-19 00:00:00,CTC-N-0000,29,2600,,,
2001-12-20 00:00:00,CTC-N-0000,30,4300,,,
2001-12-21 00:00:00,CTC-N-0000,30.75,3100,,,
2001-12-31 00:00:00,CTC-N-0000,31,1100,,,
2002-01-02 00:00:00,CTC-N-0000,31,500,,,
2002-01-03 00:00:00,CTC-N-0000,31,100,,,
2002-01-04 00:00:00,CTC-N-0000,30.5,1300,,,
2002-01-07 00:00:00,CTC-N-0000,30,2300,,,
2002-01-08 00:00:00,CTC-N-0000,30,400,,,
2002-01-09 00:00:00,CTC-N-0000,29.5,200,,,
2002-01-10 00:00:00,CTC-N-0000,29.25,200,,,
2002-01-11 00:00:00,CTC-N-0000,29,1500,,,
2002-01-15 00:00:00,CTC-N-0000,27.25,2800,,,
2002-01-16 00:00:00,CTC-N-0000,27,6900,,,
2002-01-17 00:00:00,CTC-N-0000,27,400,,,
2002-01-18 00:00:00,CTC-N-0000,27,100,,,
2002-01-21 00:00:00,CTC-N-0000,28,2600,,,
2002-01-22 00:00:00,CTC-N-0000,27.5,4700,,,
2002-01-23 00:00:00,CTC-N-0000,27.5,4200,,,
2002-01-25 00:00:00,CTC-N-0000,30,100,,,
2002-01-30 00:00:00,CTC-N-0000,28,2000,,,
2002-02-01 00:00:00,CTC-N-0000,28,1200,,,
2002-02-05 00:00:00,CTC-N-0000,28,9700,,,
2002-02-06 00:00:00,CTC-N-0000,28,2000,,,
2002-02-07 00:00:00,CTC-N-0000,28,1500,,,
2002-02-08 00:00:00,CTC-N-0000,28.25,100,,,
2002-02-11 00:00:00,CTC-N-0000,28.75,10800,,,
2001-01-04 00:00:00,CFVF-N-000,2.25,1500,,,
2001-01-08 00:00:00,CFVF-N-000,2.25,1000,,,
2001-01-10 00:00:00,CFVF-N-000,2.25,4000,,,
2001-01-11 00:00:00,CFVF-N-000,2.25,100,,,
2001-01-12 00:00:00,CFVF-N-000,2.25,1800,,,
2001-01-17 00:00:00,CFVF-N-000,2.25,1200,,,
2001-01-19 00:00:00,CFVF-N-000,2.25,200,,,
2001-01-22 00:00:00,CFVF-N-000,2.25,3900,,,
2001-01-23 00:00:00,CFVF-N-000,2,300,,,
2001-01-24 00:00:00,CFVF-N-000,2.25,600,,,
2001-01-25 00:00:00,CFVF-N-000,2.25,4100,,,
2001-02-06 00:00:00,CFVF-N-000,2,100,,,
2001-02-12 00:00:00,CFVF-N-000,2,600,,,
2001-02-13 00:00:00,CFVF-N-000,2,100,,,
2001-02-16 00:00:00,CFVF-N-000,2,16400,,,
2001-02-19 00:00:00,CFVF-N-000,2,4400,,,
2001-02-20 00:00:00,CFVF-N-000,2,100,,,
2001-02-21 00:00:00,CFVF-N-000,2,1900,,,
2001-02-23 00:00:00,CFVF-N-000,2,1900,,,
2001-02-27 00:00:00,CFVF-N-000,2,3100,,,
2001-03-01 00:00:00,CFVF-N-000,2,6200,,,
2001-03-02 00:00:00,CFVF-N-000,2,3700,,,
2001-03-06 00:00:00,CFVF-N-000,2.25,10600,,,
2001-03-07 00:00:00,CFVF-N-000,2.25,200,,,
2001-03-08 00:00:00,CFVF-N-000,2.25,9900,,,
2001-03-12 00:00:00,CFVF-N-000,2,100,,,
2001-03-16 00:00:00,CFVF-N-000,2,200,,,
2001-03-20 00:00:00,CFVF-N-000,2.25,100,,,
2001-03-21 00:00:00,CFVF-N-000,2,2000,,,
2001-03-22 00:00:00,CFVF-N-000,2,1000,,,
2001-03-23 00:00:00,CFVF-N-000,2,6100,,,
2001-03-26 00:00:00,CFVF-N-000,2,7500,,,
2001-04-02 00:00:00,CFVF-N-000,2.25,1400,,,
2001-04-03 00:00:00,CFVF-N-000,2,2100,,,
2001-04-09 00:00:00,CFVF-N-000,2,3900,,,
2001-04-10 00:00:00,CFVF-N-000,2,900,,,
2001-04-18 00:00:00,CFVF-N-000,2,200,,,
2001-04-20 00:00:00,CFVF-N-000,1.75,300,,,
2001-05-15 00:00:00,CFVF-N-000,2,1200,,,
2001-05-25 00:00:00,CFVF-N-000,1.75,100,,,
2001-05-28 00:00:00,CFVF-N-000,1.75,100,,,
2001-05-29 00:00:00,CFVF-N-000,1.75,100,,,
2001-05-30 00:00:00,CFVF-N-000,1.75,400,,,
2001-05-31 00:00:00,CFVF-N-000,1.75,100,,,
2001-06-04 00:00:00,CFVF-N-000,1.75,1300,,,
2001-06-07 00:00:00,CFVF-N-000,1.75,900,,,
2001-06-14 00:00:00,CFVF-N-000,1.75,100,,,
2001-06-15 00:00:00,CFVF-N-000,1.75,200,,,
2001-06-21 00:00:00,CFVF-N-000,2.25,1900,,,
2001-07-27 00:00:00,CFVF-N-000,1.75,200,,,
2001-07-31 00:00:00,CFVF-N-000,2,100,,,
2001-08-01 00:00:00,CFVF-N-000,1.75,200,,,
2001-08-02 00:00:00,CFVF-N-000,1.75,200,,,
2001-08-07 00:00:00,CFVF-N-000,1.75,500,,,
2001-08-08 00:00:00,CFVF-N-000,1.75,15000,,,
2001-08-09 00:00:00,CFVF-N-000,1.75,4700,,,
2001-08-10 00:00:00,CFVF-N-000,1.5,700,,,
2001-08-13 00:00:00,CFVF-N-000,1.5,500,,,
2001-08-14 00:00:00,CFVF-N-000,1.5,100,,,
2001-08-22 00:00:00,CFVF-N-000,1.5,100,,,
2001-08-23 00:00:00,CFVF-N-000,1.5,300,,,
2001-08-30 00:00:00,CFVF-N-000,1.5,1000,,,
2001-08-31 00:00:00,CFVF-N-000,1.75,1000,,,
2001-09-05 00:00:00,CFVF-N-000,1.75,500,,,
2001-09-06 00:00:00,CFVF-N-000,1.75,700,,,
2001-09-10 00:00:00,CFVF-N-000,1.75,400,,,
2001-09-11 00:00:00,CFVF-N-000,1.5,6900,,,
2001-09-13 00:00:00,CFVF-N-000,1.75,200,,,
2001-09-17 00:00:00,CFVF-N-000,1.75,300,,,
2001-09-24 00:00:00,CFVF-N-000,1.5,1100,,,
2001-09-25 00:00:00,CFVF-N-000,1.75,1600,,,
2001-09-26 00:00:00,CFVF-N-000,1.5,3000,,,
2001-10-04 00:00:00,CFVF-N-000,1.5,100,,,
2001-10-05 00:00:00,CFVF-N-000,1.5,100,,,
2001-10-10 00:00:00,CFVF-N-000,1.75,6500,,,
2001-10-11 00:00:00,CFVF-N-000,2.5,13700,,,
2001-10-12 00:00:00,CFVF-N-000,3,21300,,,
2001-10-15 00:00:00,CFVF-N-000,2.5,38000,,,
2001-10-17 00:00:00,CFVF-N-000,2.5,10200,,,
2001-10-18 00:00:00,CFVF-N-000,2.5,5500,,,
2001-10-19 00:00:00,CFVF-N-000,2.75,700,,,
2001-10-22 00:00:00,CFVF-N-000,2.5,100,,,
2001-10-23 00:00:00,CFVF-N-000,2.75,1900,,,
2001-10-24 00:00:00,CFVF-N-000,2.75,6100,,,
2001-10-25 00:00:00,CFVF-N-000,2.5,100,,,
2001-10-29 00:00:00,CFVF-N-000,2.5,1500,,,
2001-10-30 00:00:00,CFVF-N-000,2.25,700,,,
2001-11-01 00:00:00,CFVF-N-000,2.25,1100,,,
2001-11-02 00:00:00,CFVF-N-000,2.25,5000,,,
2001-11-08 00:00:00,CFVF-N-000,2.5,3200,,,
2001-11-09 00:00:00,CFVF-N-000,2.25,10000,,,
2001-11-13 00:00:00,CFVF-N-000,2.5,500,,,
2001-11-14 00:00:00,CFVF-N-000,2.75,15600,,,
2001-11-15 00:00:00,CFVF-N-000,3,71000,,,
2001-11-16 00:00:00,CFVF-N-000,3.75,81500,,,
2001-11-19 00:00:00,CFVF-N-000,4.5,89500,,,
2001-11-20 00:00:00,CFVF-N-000,4.25,58200,,,
2001-11-21 00:00:00,CFVF-N-000,4.25,9600,,,
2001-11-22 00:00:00,CFVF-N-000,4.5,31000,,,
2001-11-23 00:00:00,CFVF-N-000,4.75,137000,,,
2001-11-26 00:00:00,CFVF-N-000,4.5,17400,,,
2001-11-27 00:00:00,CFVF-N-000,4.5,37100,,,
2001-11-28 00:00:00,CFVF-N-000,4.5,45500,,,
2001-11-29 00:00:00,CFVF-N-000,4.5,12400,,,
2001-12-03 00:00:00,CFVF-N-000,4.5,24800,,,
2001-12-04 00:00:00,CFVF-N-000,4,15000,,,
2001-12-05 00:00:00,CFVF-N-000,4.25,50000,,,
2001-12-07 00:00:00,CFVF-N-000,6.25,93500,,,
2001-12-10 00:00:00,CFVF-N-000,7.25,128400,,,
2001-12-11 00:00:00,CFVF-N-000,6.75,77400,,,
2001-12-12 00:00:00,CFVF-N-000,6,15900,,,
2001-12-13 00:00:00,CFVF-N-000,5,14600,,,
2001-12-14 00:00:00,CFVF-N-000,5.5,18700,,,
2001-12-17 00:00:00,CFVF-N-000,5.75,31400,,,
2001-12-18 00:00:00,CFVF-N-000,5.5,1300,,,
2001-12-19 00:00:00,CFVF-N-000,5,13800,,,
2001-12-20 00:00:00,CFVF-N-000,5,4100,,,
2001-12-21 00:00:00,CFVF-N-000,5.75,17500,,,
2001-12-27 00:00:00,CFVF-N-000,5.5,2000,,,
2001-12-28 00:00:00,CFVF-N-000,5.5,8400,,,
2001-12-31 00:00:00,CFVF-N-000,5.5,9500,,,
2002-01-02 00:00:00,CFVF-N-000,5.25,1300,,,
2002-01-03 00:00:00,CFVF-N-000,5.25,200,,,
2002-01-04 00:00:00,CFVF-N-000,5.5,5000,,,
2002-01-07 00:00:00,CFVF-N-000,5,6800,,,
2002-01-08 00:00:00,CFVF-N-000,5.25,27000,,,
2002-01-09 00:00:00,CFVF-N-000,5,5600,,,
2002-01-10 00:00:00,CFVF-N-000,5,200,,,
2002-01-11 00:00:00,CFVF-N-000,4.5,2600,,,
2002-01-15 00:00:00,CFVF-N-000,4,16000,,,
2002-01-16 00:00:00,CFVF-N-000,4,2400,,,
2002-01-17 00:00:00,CFVF-N-000,4,11300,,,
2002-01-18 00:00:00,CFVF-N-000,4.5,2000,,,
2002-01-22 00:00:00,CFVF-N-000,4,8200,,,
2002-01-23 00:00:00,CFVF-N-000,4,1000,,,
2002-01-29 00:00:00,CFVF-N-000,4.25,100,,,
2002-01-30 00:00:00,CFVF-N-000,4,8200,,,
2002-01-31 00:00:00,CFVF-N-000,4,700,,,
2002-02-01 00:00:00,CFVF-N-000,4,100,,,
2002-02-05 00:00:00,CFVF-N-000,4,800,,,
2002-02-07 00:00:00,CFVF-N-000,4,2000,,,
2002-02-11 00:00:00,CFVF-N-000,4,3500,,,
2001-01-11 00:00:00,CHMX-N-000,33,200,,,
2001-01-19 00:00:00,CHMX-N-000,33,600,,,
2001-01-26 00:00:00,CHMX-N-000,33.25,100,,,
2001-02-21 00:00:00,CHMX-N-000,34.25,5400,,,
2001-03-22 00:00:00,CHMX-N-000,35,15400,,,
2001-04-26 00:00:00,CHMX-N-000,32,300,,,
2001-05-04 00:00:00,CHMX-N-000,32,100,,,
2001-05-11 00:00:00,CHMX-N-000,32,100,,,
2001-05-16 00:00:00,CHMX-N-000,33,300,,,
2001-05-30 00:00:00,CHMX-N-000,35,100,,,
2001-06-01 00:00:00,CHMX-N-000,35.5,200,,,
2001-06-19 00:00:00,CHMX-N-000,33,100,,,
2001-06-21 00:00:00,CHMX-N-000,34,1600,,,
2001-07-18 00:00:00,CHMX-N-000,34,100,,,
2001-08-24 00:00:00,CHMX-N-000,40,100,,,
2001-08-31 00:00:00,CHMX-N-000,39.75,100,,,
2001-10-11 00:00:00,CHMX-N-000,40,4000,,,
2001-10-12 00:00:00,CHMX-N-000,40,500,,,
2001-11-05 00:00:00,CHMX-N-000,37.5,100,,,
2001-11-28 00:00:00,CHMX-N-000,38.5,1000,,,
2001-11-29 00:00:00,CHMX-N-000,39,2500,,,
2001-12-03 00:00:00,CHMX-N-000,39.5,1200,,,
2001-12-07 00:00:00,CHMX-N-000,45,500,,,
2001-12-10 00:00:00,CHMX-N-000,48,1500,,,
2001-12-18 00:00:00,CHMX-N-000,45,100,,,
2002-01-07 00:00:00,CHMX-N-000,40,100,,,
2002-01-10 00:00:00,CHMX-N-000,40,100,,,
2002-01-24 00:00:00,CHMX-N-000,39,3500,,,
2002-01-25 00:00:00,CHMX-N-000,39.25,100,,,
2002-01-29 00:00:00,CHMX-N-000,39,600,,,
2002-01-30 00:00:00,CHMX-N-000,38,600,,,
2002-01-31 00:00:00,CHMX-N-000,38.5,200,,,
2001-01-05 00:00:00,CIC-X-0000,26,500,,,
2001-01-10 00:00:00,CIC-N-0000,42,900,,,
2001-01-12 00:00:00,CIC-X-0000,26.5,1000,,,
2001-01-16 00:00:00,CIC-X-0000,26.75,600,,,
2001-01-17 00:00:00,CIC-X-0000,26.75,300,,,
2001-01-18 00:00:00,CIC-X-0000,26.75,700,,,
2001-01-19 00:00:00,CIC-X-0000,26.5,5700,,,
2001-01-24 00:00:00,CIC-X-0000,26.5,800,,,
2001-01-25 00:00:00,CIC-N-0000,42,200,,,
2001-01-25 00:00:00,CIC-X-0000,25.5,2000,,,
2001-01-26 00:00:00,CIC-X-0000,25,500,,,
2001-01-29 00:00:00,CIC-X-0000,25,500,,,
2001-02-12 00:00:00,CIC-N-0000,45,1000,,,
2001-02-21 00:00:00,CIC-N-0000,45,100,,,
2001-02-22 00:00:00,CIC-N-0000,45,600,,,
2001-02-22 00:00:00,CIC-X-0000,24,300,,,
2001-02-27 00:00:00,CIC-X-0000,24.5,600,,,
2001-03-01 00:00:00,CIC-N-0000,24.5,200,,,
2001-03-02 00:00:00,CIC-X-0000,24.25,100,,,
2001-03-07 00:00:00,CIC-N-0000,36.75,1000,,,
2001-03-07 00:00:00,CIC-X-0000,21.5,300,,,
2001-03-08 00:00:00,CIC-N-0000,40,2600,,,
2001-03-12 00:00:00,CIC-N-0000,40,900,,,
2001-03-15 00:00:00,CIC-X-0000,22,800,,,
2001-03-19 00:00:00,CIC-X-0000,22.25,2100,,,
2001-03-21 00:00:00,CIC-X-0000,22.25,300,,,
2001-03-23 00:00:00,CIC-X-0000,22,1000,,,
2001-03-26 00:00:00,CIC-X-0000,22,1000,,,
2001-03-29 00:00:00,CIC-N-0000,38,100,,,
2001-03-29 00:00:00,CIC-X-0000,22.5,100,,,
2001-03-30 00:00:00,CIC-N-0000,38,700,,,
2001-04-04 00:00:00,CIC-N-0000,38,600,,,
2001-04-11 00:00:00,CIC-N-0000,38.5,100,,,
2001-04-23 00:00:00,CIC-N-0000,38.5,200,,,
2001-04-24 00:00:00,CIC-N-0000,39.5,200,,,
2001-04-24 00:00:00,CIC-X-0000,22,5100,,,
2001-04-25 00:00:00,CIC-X-0000,22.5,800,,,
2001-04-26 00:00:00,CIC-N-0000,39.5,500,,,
2001-04-26 00:00:00,CIC-X-0000,22.5,1000,,,
2001-04-27 00:00:00,CIC-X-0000,22.5,800,,,
2001-04-30 00:00:00,CIC-X-0000,22.5,500,,,
2001-05-02 00:00:00,CIC-X-0000,23.5,500,,,
2001-05-09 00:00:00,CIC-N-0000,39.5,100,,,
2001-05-11 00:00:00,CIC-N-0000,39.5,100,,,
2001-05-11 00:00:00,CIC-X-0000,23.5,2100,,,
2001-05-16 00:00:00,CIC-N-0000,39.75,100,,,
2001-05-17 00:00:00,CIC-N-0000,39.75,100,,,
2001-05-18 00:00:00,CIC-N-0000,40,4300,,,
2001-05-18 00:00:00,CIC-X-0000,24,300,,,
2001-05-22 00:00:00,CIC-X-0000,25.5,1500,,,
2001-05-25 00:00:00,CIC-X-0000,25.5,200,,,
2001-05-28 00:00:00,CIC-X-0000,25.5,4100,,,
2001-05-29 00:00:00,CIC-X-0000,25.5,2700,,,
2001-05-31 00:00:00,CIC-N-0000,40,100,,,
2001-05-31 00:00:00,CIC-X-0000,25.5,4800,,,
2001-06-01 00:00:00,CIC-N-0000,40,200,,,
2001-06-04 00:00:00,CIC-N-0000,40,100,,,
2001-06-06 00:00:00,CIC-X-0000,25.5,5200,,,
2001-06-08 00:00:00,CIC-X-0000,25.5,1600,,,
2001-06-11 00:00:00,CIC-N-0000,40,100,,,
2001-06-11 00:00:00,CIC-X-0000,25.5,2000,,,
2001-06-12 00:00:00,CIC-X-0000,25.75,1100,,,
2001-06-13 00:00:00,CIC-N-0000,40.75,200,,,
2001-06-14 00:00:00,CIC-X-0000,26,1300,,,
2001-06-15 00:00:00,CIC-X-0000,26,2800,,,
2001-06-18 00:00:00,CIC-N-0000,40.75,700,,,
2001-06-19 00:00:00,CIC-N-0000,40.5,200,,,
2001-06-19 00:00:00,CIC-X-0000,25.5,700,,,
2001-06-22 00:00:00,CIC-X-0000,25.5,7000,,,
2001-06-25 00:00:00,CIC-N-0000,40.25,700,,,
2001-06-26 00:00:00,CIC-X-0000,25,1000,,,
2001-06-27 00:00:00,CIC-X-0000,25,100,,,
2001-06-28 00:00:00,CIC-X-0000,24,200,,,
2001-07-09 00:00:00,CIC-X-0000,24.75,7200,,,
2001-07-10 00:00:00,CIC-X-0000,25,5500,,,
2001-07-11 00:00:00,CIC-N-0000,40.25,900,,,
2001-07-11 00:00:00,CIC-X-0000,24.75,2000,,,
2001-07-20 00:00:00,CIC-N-0000,40.25,700,,,
2001-07-20 00:00:00,CIC-X-0000,25,2000,,,
2001-07-23 00:00:00,CIC-N-0000,40.25,300,,,
2001-07-24 00:00:00,CIC-N-0000,40.25,400,,,
2001-07-25 00:00:00,CIC-X-0000,25,100,,,
2001-07-27 00:00:00,CIC-X-0000,25,3900,,,
2001-07-30 00:00:00,CIC-N-0000,40.25,200,,,
2001-08-01 00:00:00,CIC-N-0000,40.25,500,,,
2001-08-02 00:00:00,CIC-X-0000,25,100,,,
2001-08-14 00:00:00,CIC-N-0000,40,100,,,
2001-08-15 00:00:00,CIC-X-0000,23.5,300,,,
2001-08-17 00:00:00,CIC-X-0000,23.5,1000,,,
2001-08-23 00:00:00,CIC-N-0000,40,1000,,,
2001-09-12 00:00:00,CIC-X-0000,25.5,300,,,
2001-10-08 00:00:00,CIC-X-0000,25.5,100,,,
2001-10-12 00:00:00,CIC-X-0000,28,2000,,,
2001-10-15 00:00:00,CIC-N-0000,45,32900,,,
2001-10-15 00:00:00,CIC-X-0000,28,500,,,
2001-10-19 00:00:00,CIC-X-0000,28,100,,,
2001-11-01 00:00:00,CIC-N-0000,45,2000,,,
2001-11-08 00:00:00,CIC-X-0000,29,300,,,
2001-11-13 00:00:00,CIC-N-0000,44,5000,,,
2001-11-13 00:00:00,CIC-X-0000,29,700,,,
2001-11-14 00:00:00,CIC-N-0000,44,1300,,,
2001-11-20 00:00:00,CIC-N-0000,45,2900,,,
2001-11-20 00:00:00,CIC-X-0000,30.25,5500,,,
2001-11-21 00:00:00,CIC-N-0000,45.5,500,,,
2001-11-21 00:00:00,CIC-X-0000,33,200,,,
2001-11-22 00:00:00,CIC-X-0000,33,2700,,,
2001-11-23 00:00:00,CIC-X-0000,34.25,2600,,,
2001-11-26 00:00:00,CIC-N-0000,45.5,700,,,
2001-11-26 00:00:00,CIC-X-0000,35.25,1400,,,
2001-11-27 00:00:00,CIC-N-0000,45.75,100,,,
2001-11-27 00:00:00,CIC-X-0000,34.25,5500,,,
2001-11-28 00:00:00,CIC-X-0000,39.5,300,,,
2001-11-29 00:00:00,CIC-X-0000,36.25,2500,,,
2001-12-03 00:00:00,CIC-N-0000,47,2000,,,
2001-12-03 00:00:00,CIC-X-0000,39.5,3200,,,
2001-12-04 00:00:00,CIC-N-0000,50,500,,,
2001-12-04 00:00:00,CIC-X-0000,36,100,,,
2001-12-05 00:00:00,CIC-N-0000,49.75,1000,,,
2001-12-07 00:00:00,CIC-N-0000,50,1200,,,
2001-12-07 00:00:00,CIC-X-0000,45,27700,,,
2001-12-10 00:00:00,CIC-N-0000,52,600,,,
2001-12-10 00:00:00,CIC-X-0000,50,16000,,,
2001-12-11 00:00:00,CIC-N-0000,55.25,2200,,,
2001-12-11 00:00:00,CIC-X-0000,45,2000,,,
2001-12-12 00:00:00,CIC-N-0000,57,300,,,
2001-12-12 00:00:00,CIC-X-0000,45.5,300,,,
2001-12-13 00:00:00,CIC-X-0000,36.5,300,,,
2001-12-14 00:00:00,CIC-N-0000,57,500,,,
2001-12-17 00:00:00,CIC-N-0000,57.25,300,,,
2001-12-18 00:00:00,CIC-N-0000,57,900,,,
2001-12-18 00:00:00,CIC-X-0000,37.5,200,,,
2001-12-19 00:00:00,CIC-N-0000,55,500,,,
2001-12-19 00:00:00,CIC-X-0000,37.25,200,,,
2001-12-21 00:00:00,CIC-X-0000,37.5,800,,,
2002-01-04 00:00:00,CIC-X-0000,40,900,,,
2002-01-07 00:00:00,CIC-X-0000,42.5,1000,,,
2002-01-08 00:00:00,CIC-X-0000,43,500,,,
2002-01-10 00:00:00,CIC-X-0000,42.5,2200,,,
2002-01-11 00:00:00,CIC-N-0000,53,100,,,
2002-01-15 00:00:00,CIC-N-0000,52,400,,,
2002-01-17 00:00:00,CIC-X-0000,37.75,300,,,
2002-01-18 00:00:00,CIC-X-0000,37.75,200,,,
2002-01-23 00:00:00,CIC-X-0000,37.5,1200,,,
2002-01-24 00:00:00,CIC-N-0000,52,5500,,,
2002-01-25 00:00:00,CIC-N-0000,51,200,,,
2002-01-30 00:00:00,CIC-N-0000,51,700,,,
2002-01-30 00:00:00,CIC-X-0000,42,3300,,,
2002-01-31 00:00:00,CIC-N-0000,51,100,,,
2002-01-31 00:00:00,CIC-X-0000,43.5,200,,,
2002-02-01 00:00:00,CIC-X-0000,43.5,300,,,
2002-02-05 00:00:00,CIC-X-0000,44,3700,,,
2002-02-06 00:00:00,CIC-N-0000,52,3000,,,
2002-02-07 00:00:00,CIC-X-0000,44,1000,,,
2002-02-08 00:00:00,CIC-N-0000,52,100,,,
2002-02-08 00:00:00,CIC-X-0000,44,300,,,
2002-02-11 00:00:00,CIC-X-0000,44,500,,,
2001-01-23 00:00:00,PURE-N-000,24,1000,,,
2001-02-06 00:00:00,PURE-N-000,22,100,,,
2001-02-09 00:00:00,PURE-N-000,22,100,,,
2001-02-21 00:00:00,PURE-N-000,22,100,,,
2001-02-23 00:00:00,PURE-N-000,21,500,,,
2001-03-02 00:00:00,PURE-N-000,20.5,100,,,
2001-03-20 00:00:00,PURE-N-000,20.5,700,,,
2001-03-21 00:00:00,PURE-N-000,20.5,700,,,
2001-03-23 00:00:00,PURE-N-000,20.5,200,,,
2001-03-30 00:00:00,PURE-N-000,20.5,700,,,
2001-04-02 00:00:00,PURE-N-000,20.5,300,,,
2001-04-24 00:00:00,PURE-N-000,20.5,100,,,
2001-05-11 00:00:00,PURE-N-000,20.5,600,,,
2001-05-31 00:00:00,PURE-N-000,20.75,300,,,
2001-06-01 00:00:00,PURE-N-000,21.5,28500,,,
2001-06-04 00:00:00,PURE-N-000,21.75,100,,,
2001-06-12 00:00:00,PURE-N-000,22.25,100,,,
2001-06-14 00:00:00,PURE-N-000,22.25,900,,,
2001-06-15 00:00:00,PURE-N-000,22.25,200,,,
2001-06-19 00:00:00,PURE-N-000,25,9200,,,
2001-06-20 00:00:00,PURE-N-000,25,7000,,,
2001-06-21 00:00:00,PURE-N-000,25,33200,,,
2001-06-22 00:00:00,PURE-N-000,25,6800,,,
2001-06-25 00:00:00,PURE-N-000,25,300,,,
2001-06-26 00:00:00,PURE-N-000,25,900,,,
2001-07-06 00:00:00,PURE-N-000,26,7700,,,
2001-07-09 00:00:00,PURE-N-000,26.5,500,,,
2001-07-10 00:00:00,PURE-N-000,27,1000,,,
2001-07-12 00:00:00,PURE-N-000,26.25,6100,,,
2001-07-13 00:00:00,PURE-N-000,26.75,15000,,,
2001-07-16 00:00:00,PURE-N-000,26.75,100,,,
2001-07-18 00:00:00,PURE-N-000,26.25,900,,,
2001-07-20 00:00:00,PURE-N-000,26.25,100,,,
2001-07-24 00:00:00,PURE-N-000,25.5,2000,,,
2001-07-25 00:00:00,PURE-N-000,25.5,200,,,
2001-08-02 00:00:00,PURE-N-000,26,200,,,
2001-08-09 00:00:00,PURE-N-000,26,100,,,
2001-08-10 00:00:00,PURE-N-000,34.75,3267900,,,
2001-08-14 00:00:00,PURE-N-000,34,16500,,,
2001-08-15 00:00:00,PURE-N-000,35,1026800,,,
2001-08-16 00:00:00,PURE-N-000,35,1444000,,,
2001-08-17 00:00:00,PURE-N-000,34,26800,,,
2001-08-20 00:00:00,PURE-N-000,34,21200,,,
2001-08-21 00:00:00,PURE-N-000,30,94600,,,
2001-08-22 00:00:00,PURE-N-000,30.25,22500,,,
2001-08-23 00:00:00,PURE-N-000,34,154400,,,
2001-08-24 00:00:00,PURE-N-000,34,26700,,,
2001-08-27 00:00:00,PURE-N-000,34,2400,,,
2001-08-28 00:00:00,PURE-N-000,34,68400,,,
2001-08-29 00:00:00,PURE-N-000,34,3400,,,
2001-08-30 00:00:00,PURE-N-000,34,12100,,,
2001-08-31 00:00:00,PURE-N-000,34,4000,,,
2001-09-04 00:00:00,PURE-N-000,34,25600,,,
2001-09-05 00:00:00,PURE-N-000,34,2400,,,
2001-09-06 00:00:00,PURE-N-000,34,3200,,,
2001-09-07 00:00:00,PURE-N-000,34,45700,,,
2001-09-10 00:00:00,PURE-N-000,35,14700,,,
2001-09-11 00:00:00,PURE-N-000,34,10500,,,
2001-09-12 00:00:00,PURE-N-000,34,600,,,
2001-09-13 00:00:00,PURE-N-000,34,600,,,
2001-09-14 00:00:00,PURE-N-000,34,1800,,,
2001-09-17 00:00:00,PURE-N-000,34,3000,,,
2001-09-18 00:00:00,PURE-N-000,34,8000,,,
2001-09-19 00:00:00,PURE-N-000,34,2400,,,
2001-09-20 00:00:00,PURE-N-000,34,11600,,,
2001-09-21 00:00:00,PURE-N-000,34,4700,,,
2001-09-24 00:00:00,PURE-N-000,34,1600,,,
2001-09-25 00:00:00,PURE-N-000,34,2800,,,
2001-09-26 00:00:00,PURE-N-000,34,800,,,
2001-09-27 00:00:00,PURE-N-000,34,25600,,,
2001-09-28 00:00:00,PURE-N-000,34,25800,,,
2001-10-01 00:00:00,PURE-N-000,34,10000,,,
2001-10-03 00:00:00,PURE-N-000,34,10000,,,
2001-10-04 00:00:00,PURE-N-000,34,2100,,,
2001-10-05 00:00:00,PURE-N-000,34,5800,,,
2001-10-08 00:00:00,PURE-N-000,34,4700,,,
2001-10-11 00:00:00,PURE-N-000,34,1300,,,
2001-10-12 00:00:00,PURE-N-000,34,200,,,
2001-10-17 00:00:00,PURE-N-000,34,36500,,,
2001-10-19 00:00:00,PURE-N-000,34,20100,,,
2001-10-23 00:00:00,PURE-N-000,34,900,,,
2001-10-24 00:00:00,PURE-N-000,34,1500,,,
2001-10-29 00:00:00,PURE-N-000,34,9100,,,
2001-10-30 00:00:00,PURE-N-000,34,2200,,,
2001-11-02 00:00:00,PURE-N-000,34,1000,,,
2001-11-12 00:00:00,PURE-N-000,34,200,,,
2001-11-16 00:00:00,PURE-N-000,34,400,,,
2001-11-19 00:00:00,PURE-N-000,34,100,,,
2001-11-21 00:00:00,PURE-N-000,34,45500,,,
2001-11-22 00:00:00,PURE-N-000,34,100,,,
2001-11-23 00:00:00,PURE-N-000,34,4700,,,
2001-11-29 00:00:00,PURE-N-000,34,100,,,
2001-12-03 00:00:00,PURE-N-000,34,100,,,
2001-12-11 00:00:00,PURE-N-000,34,1000,,,
2001-12-12 00:00:00,PURE-N-000,34,300,,,
2001-12-19 00:00:00,PURE-N-000,34,2900,,,
2001-01-02 00:00:00,COCO-N-000,13,100,,,
2001-01-16 00:00:00,COCO-N-000,15.5,200,,,
2001-01-19 00:00:00,COCO-N-000,15,500,,,
2001-02-02 00:00:00,COCO-N-000,13,100,,,
2001-02-09 00:00:00,COCO-N-000,12,100,,,
2001-02-15 00:00:00,COCO-N-000,13,300,,,
2001-02-16 00:00:00,COCO-N-000,12.5,300,,,
2001-02-20 00:00:00,COCO-N-000,12.5,400,,,
2001-02-21 00:00:00,COCO-N-000,12.75,2200,,,
2001-02-27 00:00:00,COCO-N-000,12.75,600,,,
2001-03-07 00:00:00,COCO-N-000,12.75,100,,,
2001-03-13 00:00:00,COCO-N-000,13,300,,,
2001-03-15 00:00:00,COCO-N-000,13,300,,,
2001-03-16 00:00:00,COCO-N-000,13,100,,,
2001-03-21 00:00:00,COCO-N-000,13,200,,,
2001-04-02 00:00:00,COCO-N-000,10.75,100,,,
2001-04-17 00:00:00,COCO-N-000,10.75,700,,,
2001-05-11 00:00:00,COCO-N-000,10.75,500,,,
2001-05-16 00:00:00,COCO-N-000,10.25,200,,,
2001-05-22 00:00:00,COCO-N-000,10.25,500,,,
2001-05-29 00:00:00,COCO-N-000,10.5,100,,,
2001-06-06 00:00:00,COCO-N-000,10.75,100,,,
2001-06-11 00:00:00,COCO-N-000,10.75,1100,,,
2001-06-12 00:00:00,COCO-N-000,10.75,500,,,
2001-06-13 00:00:00,COCO-N-000,10.75,100,,,
2001-06-14 00:00:00,COCO-N-000,10.75,100,,,
2001-06-29 00:00:00,COCO-N-000,10.75,100,,,
2001-07-02 00:00:00,COCO-N-000,10.75,1900,,,
2001-07-04 00:00:00,COCO-N-000,10.75,300,,,
2001-07-23 00:00:00,COCO-N-000,10.75,100,,,
2001-07-25 00:00:00,COCO-N-000,10.5,200,,,
2001-08-02 00:00:00,COCO-N-000,12.5,200,,,
2001-08-08 00:00:00,COCO-N-000,12.25,100,,,
2001-08-10 00:00:00,COCO-N-000,11.25,500,,,
2001-08-15 00:00:00,COCO-N-000,11.25,200,,,
2001-08-16 00:00:00,COCO-N-000,11.25,1800,,,
2001-08-28 00:00:00,COCO-N-000,11,100,,,
2001-09-11 00:00:00,COCO-N-000,11.75,1600,,,
2001-09-14 00:00:00,COCO-N-000,12.25,100,,,
2001-09-19 00:00:00,COCO-N-000,12.25,100,,,
2001-09-21 00:00:00,COCO-N-000,12.25,100,,,
2001-09-28 00:00:00,COCO-N-000,12.25,1400,,,
2001-10-03 00:00:00,COCO-N-000,13.25,500,,,
2001-10-05 00:00:00,COCO-N-000,12.5,300,,,
2001-10-11 00:00:00,COCO-N-000,13.25,700,,,
2001-10-23 00:00:00,COCO-N-000,13.5,500,,,
2001-10-24 00:00:00,COCO-N-000,13.5,100,,,
2001-11-06 00:00:00,COCO-N-000,13,800,,,
2001-11-13 00:00:00,COCO-N-000,15.25,4000,,,
2001-11-14 00:00:00,COCO-N-000,16.25,11800,,,
2001-11-15 00:00:00,COCO-N-000,16.25,400,,,
2001-11-16 00:00:00,COCO-N-000,16.5,3700,,,
2001-11-19 00:00:00,COCO-N-000,17,2100,,,
2001-11-20 00:00:00,COCO-N-000,16.25,1300,,,
2001-11-22 00:00:00,COCO-N-000,16,1000,,,
2001-11-23 00:00:00,COCO-N-000,16,1500,,,
2001-11-26 00:00:00,COCO-N-000,16,900,,,
2001-12-04 00:00:00,COCO-N-000,15.75,1200,,,
2001-12-05 00:00:00,COCO-N-000,16,2100,,,
2001-12-10 00:00:00,COCO-N-000,16.25,100,,,
2001-12-11 00:00:00,COCO-N-000,16.75,600,,,
2001-12-12 00:00:00,COCO-N-000,16.5,100,,,
2001-12-13 00:00:00,COCO-N-000,16.5,5100,,,
2001-12-14 00:00:00,COCO-N-000,16.25,100,,,
2001-12-17 00:00:00,COCO-N-000,16.25,1700,,,
2001-12-18 00:00:00,COCO-N-000,16,1000,,,
2001-12-27 00:00:00,COCO-N-000,16,400,,,
2001-12-28 00:00:00,COCO-N-000,16,500,,,
2001-12-31 00:00:00,COCO-N-000,16,700,,,
2002-01-04 00:00:00,COCO-N-000,15.75,1100,,,
2002-01-08 00:00:00,COCO-N-000,15,100,,,
2002-01-09 00:00:00,COCO-N-000,15,1400,,,
2002-01-18 00:00:00,COCO-N-000,15.5,200,,,
2002-01-21 00:00:00,COCO-N-000,15.5,3500,,,
2002-01-22 00:00:00,COCO-N-000,16.5,1600,,,
2002-01-23 00:00:00,COCO-N-000,16.75,400,,,
2002-01-24 00:00:00,COCO-N-000,19.75,8700,,,
2002-01-25 00:00:00,COCO-N-000,22.75,38100,,,
2002-01-29 00:00:00,COCO-N-000,20,1000,,,
2002-01-30 00:00:00,COCO-N-000,22,500,,,
2002-02-07 00:00:00,COCO-N-000,20,300,,,
2002-02-11 00:00:00,COCO-N-000,17,200,,,
2001-01-02 00:00:00,DOCK-N-000,10.25,3200,,,
2001-01-03 00:00:00,DOCK-N-000,10,14800,,,
2001-01-04 00:00:00,DOCK-N-000,10,1000,,,
2001-01-05 00:00:00,DOCK-N-000,10.25,34400,,,
2001-01-08 00:00:00,DOCK-N-000,10.25,76500,,,
2001-01-10 00:00:00,DOCK-N-000,10,112400,,,
2001-01-11 00:00:00,DOCK-N-000,10,5100,,,
2001-01-12 00:00:00,DOCK-N-000,10,2700,,,
2001-01-16 00:00:00,DOCK-N-000,10,14400,,,
2001-01-18 00:00:00,DOCK-N-000,10,41400,,,
2001-01-23 00:00:00,DOCK-N-000,10,1000,,,
2001-01-24 00:00:00,DOCK-N-000,10,11800,,,
2001-01-25 00:00:00,DOCK-N-000,9.75,3500,,,
2001-01-26 00:00:00,DOCK-N-000,9.5,5700,,,
2001-01-29 00:00:00,DOCK-N-000,9.75,13300,,,
2001-02-01 00:00:00,DOCK-N-000,9.75,2000,,,
2001-02-02 00:00:00,DOCK-N-000,9.5,3200,,,
2001-02-06 00:00:00,DOCK-N-000,9.5,25500,,,
2001-02-08 00:00:00,DOCK-N-000,9.25,6200,,,
2001-02-09 00:00:00,DOCK-N-000,9.5,6000,,,
2001-02-12 00:00:00,DOCK-N-000,9.5,100,,,
2001-02-13 00:00:00,DOCK-N-000,9.75,5900,,,
2001-02-14 00:00:00,DOCK-N-000,9.75,1000,,,
2001-02-15 00:00:00,DOCK-N-000,9.75,2000,,,
2001-02-19 00:00:00,DOCK-N-000,9.5,300,,,
2001-02-20 00:00:00,DOCK-N-000,9.5,12700,,,
2001-02-21 00:00:00,DOCK-N-000,9.5,1000,,,
2001-02-26 00:00:00,DOCK-N-000,9.5,500,,,
2001-02-27 00:00:00,DOCK-N-000,9.75,1200,,,
2001-02-28 00:00:00,DOCK-N-000,10.25,3200,,,
2001-03-01 00:00:00,DOCK-N-000,9.75,6300,,,
2001-03-02 00:00:00,DOCK-N-000,9.75,1000,,,
2001-03-05 00:00:00,DOCK-N-000,9.75,8300,,,
2001-03-06 00:00:00,DOCK-N-000,9.75,3300,,,
2001-03-07 00:00:00,DOCK-N-000,9.75,2700,,,
2001-03-08 00:00:00,DOCK-N-000,10.75,55600,,,
2001-03-12 00:00:00,DOCK-N-000,10.75,5700,,,
2001-03-13 00:00:00,DOCK-N-000,10.5,5500,,,
2001-03-14 00:00:00,DOCK-N-000,10.5,15300,,,
2001-03-15 00:00:00,DOCK-N-000,10.5,2100,,,
2001-03-16 00:00:00,DOCK-N-000,10.5,6200,,,
2001-03-20 00:00:00,DOCK-N-000,10.5,5000,,,
2001-03-21 00:00:00,DOCK-N-000,10.25,4200,,,
2001-03-22 00:00:00,DOCK-N-000,10.25,4000,,,
2001-03-23 00:00:00,DOCK-N-000,10.25,3500,,,
2001-03-26 00:00:00,DOCK-N-000,10,95600,,,
2001-03-27 00:00:00,DOCK-N-000,10,427400,,,
2001-03-30 00:00:00,DOCK-N-000,10.5,500,,,
2001-04-02 00:00:00,DOCK-N-000,10.25,3200,,,
2001-04-03 00:00:00,DOCK-N-000,10.25,2600,,,
2001-04-04 00:00:00,DOCK-N-000,10.25,6000,,,
2001-04-05 00:00:00,DOCK-N-000,10.5,1600,,,
2001-04-09 00:00:00,DOCK-N-000,10.5,11100,,,
2001-04-10 00:00:00,DOCK-N-000,10.5,8600,,,
2001-04-11 00:00:00,DOCK-N-000,10.75,3900,,,
2001-04-16 00:00:00,DOCK-N-000,11,7100,,,
2001-04-17 00:00:00,DOCK-N-000,10.75,6500,,,
2001-04-18 00:00:00,DOCK-N-000,11,23900,,,
2001-04-19 00:00:00,DOCK-N-000,10.75,24700,,,
2001-04-20 00:00:00,DOCK-N-000,10,605200,,,
2001-04-23 00:00:00,DOCK-N-000,9.25,300,,,
2001-04-24 00:00:00,DOCK-N-000,9.25,24100,,,
2001-04-25 00:00:00,DOCK-N-000,9.25,9100,,,
2001-04-26 00:00:00,DOCK-N-000,9.25,4500,,,
2001-04-27 00:00:00,DOCK-N-000,9.25,26000,,,
2001-04-30 00:00:00,DOCK-N-000,9.25,10100,,,
2001-05-02 00:00:00,DOCK-N-000,9.25,5000,,,
2001-05-03 00:00:00,DOCK-N-000,9.25,17100,,,
2001-05-04 00:00:00,DOCK-N-000,9.25,1100,,,
2001-05-09 00:00:00,DOCK-N-000,9,5200,,,
2001-05-10 00:00:00,DOCK-N-000,9,2600,,,
2001-05-11 00:00:00,DOCK-N-000,9.25,15200,,,
2001-05-14 00:00:00,DOCK-N-000,9.25,6100,,,
2001-05-15 00:00:00,DOCK-N-000,9.25,5300,,,
2001-05-16 00:00:00,DOCK-N-000,9.25,1600,,,
2001-05-17 00:00:00,DOCK-N-000,9.25,500,,,
2001-05-18 00:00:00,DOCK-N-000,9.25,3000,,,
2001-05-21 00:00:00,DOCK-N-000,9.25,2500,,,
2001-05-23 00:00:00,DOCK-N-000,9.25,700,,,
2001-05-24 00:00:00,DOCK-N-000,9.5,7000,,,
2001-05-25 00:00:00,DOCK-N-000,9.5,6500,,,
2001-05-28 00:00:00,DOCK-N-000,9.5,2000,,,
2001-05-29 00:00:00,DOCK-N-000,9.5,28500,,,
2001-05-30 00:00:00,DOCK-N-000,9.5,4600,,,
2001-05-31 00:00:00,DOCK-N-000,9.5,9100,,,
2001-06-01 00:00:00,DOCK-N-000,9.5,42600,,,
2001-06-04 00:00:00,DOCK-N-000,9.5,1000,,,
2001-06-06 00:00:00,DOCK-N-000,9.75,5800,,,
2001-06-07 00:00:00,DOCK-N-000,9.75,1800,,,
2001-06-08 00:00:00,DOCK-N-000,9.75,26000,,,
2001-06-12 00:00:00,DOCK-N-000,9.5,11000,,,
2001-06-14 00:00:00,DOCK-N-000,9.75,1500,,,
2001-06-20 00:00:00,DOCK-N-000,9.75,27100,,,
2001-06-21 00:00:00,DOCK-N-000,10.5,37100,,,
2001-06-22 00:00:00,DOCK-N-000,10,7200,,,
2001-06-25 00:00:00,DOCK-N-000,10,8800,,,
2001-06-26 00:00:00,DOCK-N-000,9.75,1300,,,
2001-06-28 00:00:00,DOCK-N-000,9.5,3300,,,
2001-06-29 00:00:00,DOCK-N-000,9.75,19300,,,
2001-07-03 00:00:00,DOCK-N-000,10,100,,,
2001-07-04 00:00:00,DOCK-N-000,10,11900,,,
2001-07-06 00:00:00,DOCK-N-000,9.75,500,,,
2001-07-10 00:00:00,DOCK-N-000,10,3900,,,
2001-07-11 00:00:00,DOCK-N-000,9.5,3600,,,
2001-07-12 00:00:00,DOCK-N-000,9.5,3500,,,
2001-07-16 00:00:00,DOCK-N-000,9.5,80000,,,
2001-07-18 00:00:00,DOCK-N-000,9.5,1000,,,
2001-07-19 00:00:00,DOCK-N-000,10,44100,,,
2001-07-20 00:00:00,DOCK-N-000,10.25,12800,,,
2001-07-23 00:00:00,DOCK-N-000,10,700,,,
2001-07-24 00:00:00,DOCK-N-000,10.5,86400,,,
2001-07-25 00:00:00,DOCK-N-000,10.25,1500,,,
2001-07-26 00:00:00,DOCK-N-000,10.25,1000,,,
2001-07-27 00:00:00,DOCK-N-000,10.5,7400,,,
2001-07-30 00:00:00,DOCK-N-000,10.75,21200,,,
2001-07-31 00:00:00,DOCK-N-000,11,7400,,,
2001-08-01 00:00:00,DOCK-N-000,12.5,113000,,,
2001-08-02 00:00:00,DOCK-N-000,11.75,17800,,,
2001-08-06 00:00:00,DOCK-N-000,11.25,4900,,,
2001-08-07 00:00:00,DOCK-N-000,12.5,57700,,,
2001-08-09 00:00:00,DOCK-N-000,11.75,7200,,,
2001-08-13 00:00:00,DOCK-N-000,10.25,10900,,,
2001-08-14 00:00:00,DOCK-N-000,10.25,22900,,,
2001-08-15 00:00:00,DOCK-N-000,10.25,66700,,,
2001-08-16 00:00:00,DOCK-N-000,10.25,200200,,,
2001-08-17 00:00:00,DOCK-N-000,10.5,7200,,,
2001-08-20 00:00:00,DOCK-N-000,12,1061200,,,
2001-08-21 00:00:00,DOCK-N-000,14.5,5946300,,,
2001-08-22 00:00:00,DOCK-N-000,12.5,1500,,,
2001-08-23 00:00:00,DOCK-N-000,12.5,11700,,,
2001-08-24 00:00:00,DOCK-N-000,13,2700,,,
2001-08-27 00:00:00,DOCK-N-000,12.5,1000,,,
2001-08-28 00:00:00,DOCK-N-000,12.75,1300,,,
2001-08-29 00:00:00,DOCK-N-000,13,4600,,,
2001-08-30 00:00:00,DOCK-N-000,13,3300,,,
2001-08-31 00:00:00,DOCK-N-000,13.25,4400,,,
2001-09-03 00:00:00,DOCK-N-000,13.25,4900,,,
2001-09-04 00:00:00,DOCK-N-000,13,3500,,,
2001-09-05 00:00:00,DOCK-N-000,13.25,1100,,,
2001-09-06 00:00:00,DOCK-N-000,13.25,7900,,,
2001-09-07 00:00:00,DOCK-N-000,13.25,29700,,,
2001-09-11 00:00:00,DOCK-N-000,13,11500,,,
2001-09-12 00:00:00,DOCK-N-000,14,900,,,
2001-09-13 00:00:00,DOCK-N-000,13.5,10700,,,
2001-09-14 00:00:00,DOCK-N-000,13.25,15300,,,
2001-09-18 00:00:00,DOCK-N-000,13,3100,,,
2001-09-19 00:00:00,DOCK-N-000,13,1200,,,
2001-09-20 00:00:00,DOCK-N-000,13,500,,,
2001-09-24 00:00:00,DOCK-N-000,12.75,1000,,,
2001-09-26 00:00:00,DOCK-N-000,12.75,1000,,,
2001-09-27 00:00:00,DOCK-N-000,12.75,4200,,,
2001-09-28 00:00:00,DOCK-N-000,12.5,100,,,
2001-10-01 00:00:00,DOCK-N-000,12.75,1000,,,
2001-10-03 00:00:00,DOCK-N-000,12.75,2000,,,
2001-10-04 00:00:00,DOCK-N-000,12.75,9400,,,
2001-10-05 00:00:00,DOCK-N-000,12.5,200,,,
2001-10-08 00:00:00,DOCK-N-000,12.5,500,,,
2001-10-09 00:00:00,DOCK-N-000,13,3000,,,
2001-10-10 00:00:00,DOCK-N-000,14,39800,,,
2001-10-11 00:00:00,DOCK-N-000,15,266800,,,
2001-10-12 00:00:00,DOCK-N-000,16.5,177300,,,
2001-10-15 00:00:00,DOCK-N-000,15.25,46700,,,
2001-10-16 00:00:00,DOCK-N-000,14,27300,,,
2001-10-17 00:00:00,DOCK-N-000,15,12700,,,
2001-10-18 00:00:00,DOCK-N-000,15,26700,,,
2001-10-19 00:00:00,DOCK-N-000,15.25,60700,,,
2001-10-22 00:00:00,DOCK-N-000,15.25,89100,,,
2001-10-23 00:00:00,DOCK-N-000,16,160300,,,
2001-10-24 00:00:00,DOCK-N-000,16,158400,,,
2001-10-25 00:00:00,DOCK-N-000,16.25,1000,,,
2001-10-26 00:00:00,DOCK-N-000,15.75,21300,,,
2001-10-29 00:00:00,DOCK-N-000,16,39900,,,
2001-10-30 00:00:00,DOCK-N-000,15.75,8600,,,
2001-11-01 00:00:00,DOCK-N-000,15.5,17300,,,
2001-11-02 00:00:00,DOCK-N-000,15,59100,,,
2001-11-05 00:00:00,DOCK-N-000,15,12800,,,
2001-11-06 00:00:00,DOCK-N-000,15,20900,,,
2001-11-07 00:00:00,DOCK-N-000,15,40200,,,
2001-11-08 00:00:00,DOCK-N-000,15.25,33500,,,
2001-11-09 00:00:00,DOCK-N-000,15.75,43600,,,
2001-11-12 00:00:00,DOCK-N-000,15.75,18900,,,
2001-11-13 00:00:00,DOCK-N-000,15.5,8000,,,
2001-11-14 00:00:00,DOCK-N-000,16,19700,,,
2001-11-15 00:00:00,DOCK-N-000,16.5,14600,,,
2001-11-16 00:00:00,DOCK-N-000,17.5,217500,,,
2001-11-19 00:00:00,DOCK-N-000,17.25,41800,,,
2001-11-20 00:00:00,DOCK-N-000,16.75,40600,,,
2001-11-21 00:00:00,DOCK-N-000,17,77200,,,
2001-11-22 00:00:00,DOCK-N-000,17,101900,,,
2001-11-23 00:00:00,DOCK-N-000,17,57600,,,
2001-11-27 00:00:00,DOCK-N-000,16.75,22200,,,
2001-11-28 00:00:00,DOCK-N-000,17,104500,,,
2001-11-29 00:00:00,DOCK-N-000,19.75,448800,,,
2001-12-03 00:00:00,DOCK-N-000,18,43400,,,
2001-12-04 00:00:00,DOCK-N-000,17.75,170500,,,
2001-12-05 00:00:00,DOCK-N-000,18.5,210300,,,
2001-12-07 00:00:00,DOCK-N-000,26.5,1041100,,,
2001-12-10 00:00:00,DOCK-N-000,27,454600,,,
2001-12-11 00:00:00,DOCK-N-000,26,128200,,,
2001-12-12 00:00:00,DOCK-N-000,25,133000,,,
2001-12-13 00:00:00,DOCK-N-000,23,104300,,,
2001-12-14 00:00:00,DOCK-N-000,24,136600,,,
2001-12-17 00:00:00,DOCK-N-000,24.75,26200,,,
2001-12-18 00:00:00,DOCK-N-000,23,24900,,,
2001-12-19 00:00:00,DOCK-N-000,21,70400,,,
2001-12-20 00:00:00,DOCK-N-000,22,60000,,,
2001-12-21 00:00:00,DOCK-N-000,23,79500,,,
2001-12-27 00:00:00,DOCK-N-000,23.75,18400,,,
2001-12-28 00:00:00,DOCK-N-000,25,50800,,,
2001-12-31 00:00:00,DOCK-N-000,25.75,116600,,,
2002-01-02 00:00:00,DOCK-N-000,24,45800,,,
2002-01-03 00:00:00,DOCK-N-000,24.5,58400,,,
2002-01-04 00:00:00,DOCK-N-000,24.5,14300,,,
2002-01-07 00:00:00,DOCK-N-000,23,55200,,,
2002-01-08 00:00:00,DOCK-N-000,23.25,66600,,,
2002-01-09 00:00:00,DOCK-N-000,23,11500,,,
2002-01-11 00:00:00,DOCK-N-000,23,19700,,,
2002-01-15 00:00:00,DOCK-N-000,22.5,27600,,,
2002-01-16 00:00:00,DOCK-N-000,21.5,12000,,,
2002-01-17 00:00:00,DOCK-N-000,20.75,38000,,,
2002-01-18 00:00:00,DOCK-N-000,22,53900,,,
2002-01-21 00:00:00,DOCK-N-000,22,13600,,,
2002-01-22 00:00:00,DOCK-N-000,21,11100,,,
2002-01-23 00:00:00,DOCK-N-000,20.5,13300,,,
2002-01-24 00:00:00,DOCK-N-000,21.75,14000,,,
2002-01-25 00:00:00,DOCK-N-000,21.25,8300,,,
2002-01-29 00:00:00,DOCK-N-000,21.5,6000,,,
2002-01-30 00:00:00,DOCK-N-000,20.75,200,,,
2002-01-31 00:00:00,DOCK-N-000,20.75,8400,,,
2002-02-01 00:00:00,DOCK-N-000,21,26900,,,
2002-02-05 00:00:00,DOCK-N-000,20.75,2800,,,
2002-02-06 00:00:00,DOCK-N-000,21,49200,,,
2002-02-07 00:00:00,DOCK-N-000,21.25,37200,,,
2002-02-08 00:00:00,DOCK-N-000,23,78200,,,
2002-02-11 00:00:00,DOCK-N-000,22.5,1800,,,
2001-01-10 00:00:00,CFI-N-0000,3,16000,,,
2001-01-19 00:00:00,CFI-N-0000,3,3000,,,
2001-02-21 00:00:00,CFI-N-0000,3,200,,,
2001-04-05 00:00:00,CFI-N-0000,3,700,,,
2001-04-18 00:00:00,CFI-N-0000,3,100,,,
2001-05-22 00:00:00,CFI-N-0000,3,200,,,
2001-07-10 00:00:00,CFI-N-0000,3.25,600,,,
2001-10-15 00:00:00,CFI-N-0000,3.25,400,,,
2001-10-29 00:00:00,CFI-N-0000,3.75,2800,,,
2001-11-06 00:00:00,CFI-N-0000,4,100,,,
2001-11-13 00:00:00,CFI-N-0000,4.25,9400,,,
2001-11-22 00:00:00,CFI-N-0000,6.25,500,,,
2001-12-10 00:00:00,CFI-N-0000,8,3000,,,
2001-12-11 00:00:00,CFI-N-0000,9,1200,,,
2001-12-12 00:00:00,CFI-N-0000,9,2000,,,
2001-12-13 00:00:00,CFI-N-0000,8.25,2000,,,
2001-01-05 00:00:00,CFLB-N-000,2,200,,,
2001-01-16 00:00:00,CFLB-N-000,2,300,,,
2001-01-17 00:00:00,CFLB-N-000,2,300,,,
2001-01-19 00:00:00,CFLB-N-000,2.25,1300,,,
2001-01-23 00:00:00,CFLB-N-000,2,2000,,,
2001-01-24 00:00:00,CFLB-N-000,2,21500,,,
2001-01-25 00:00:00,CFLB-N-000,2,6400,,,
2001-01-26 00:00:00,CFLB-N-000,2.25,300,,,
2001-01-29 00:00:00,CFLB-N-000,2,2700,,,
2001-02-01 00:00:00,CFLB-N-000,2,20000,,,
2001-02-12 00:00:00,CFLB-N-000,2,2500,,,
2001-02-14 00:00:00,CFLB-N-000,2,1100,,,
2001-02-22 00:00:00,CFLB-N-000,2,10800,,,
2001-03-01 00:00:00,CFLB-N-000,2,8000,,,
2001-03-02 00:00:00,CFLB-N-000,2,600,,,
2001-03-14 00:00:00,CFLB-N-000,2,100,,,
2001-03-16 00:00:00,CFLB-N-000,2,3000,,,
2001-03-20 00:00:00,CFLB-N-000,2,100,,,
2001-03-23 00:00:00,CFLB-N-000,2.25,100,,,
2001-03-27 00:00:00,CFLB-N-000,2,2000,,,
2001-03-30 00:00:00,CFLB-N-000,2,2200,,,
2001-04-10 00:00:00,CFLB-N-000,2,1000,,,
2001-04-11 00:00:00,CFLB-N-000,2,2000,,,
2001-04-19 00:00:00,CFLB-N-000,2,1000,,,
2001-04-20 00:00:00,CFLB-N-000,2,200,,,
2001-05-11 00:00:00,CFLB-N-000,2,900,,,
2001-05-25 00:00:00,CFLB-N-000,2.5,2500,,,
2001-05-30 00:00:00,CFLB-N-000,2,500,,,
2001-06-04 00:00:00,CFLB-N-000,2,2000,,,
2001-06-06 00:00:00,CFLB-N-000,1.75,300,,,
2001-06-11 00:00:00,CFLB-N-000,2,500,,,
2001-06-12 00:00:00,CFLB-N-000,2,4700,,,
2001-06-15 00:00:00,CFLB-N-000,2.25,31500,,,
2001-06-21 00:00:00,CFLB-N-000,2.25,500,,,
2001-06-22 00:00:00,CFLB-N-000,2.25,300,,,
2001-06-25 00:00:00,CFLB-N-000,2.25,13200,,,
2001-06-26 00:00:00,CFLB-N-000,2.25,1300,,,
2001-06-28 00:00:00,CFLB-N-000,2,2000,,,
2001-06-29 00:00:00,CFLB-N-000,2.25,18700,,,
2001-07-04 00:00:00,CFLB-N-000,2.25,300,,,
2001-07-06 00:00:00,CFLB-N-000,2,2000,,,
2001-07-09 00:00:00,CFLB-N-000,2,500,,,
2001-07-10 00:00:00,CFLB-N-000,2.25,6000,,,
2001-07-11 00:00:00,CFLB-N-000,2.25,4000,,,
2001-07-13 00:00:00,CFLB-N-000,2,1300,,,
2001-07-16 00:00:00,CFLB-N-000,2,100,,,
2001-07-24 00:00:00,CFLB-N-000,1.75,200,,,
2001-07-31 00:00:00,CFLB-N-000,2.25,2000,,,
2001-08-01 00:00:00,CFLB-N-000,2,1100,,,
2001-08-02 00:00:00,CFLB-N-000,2,3100,,,
2001-08-06 00:00:00,CFLB-N-000,2,600,,,
2001-08-13 00:00:00,CFLB-N-000,2,10000,,,
2001-08-14 00:00:00,CFLB-N-000,2,9700,,,
2001-08-16 00:00:00,CFLB-N-000,2,5000,,,
2001-08-23 00:00:00,CFLB-N-000,2,500,,,
2001-08-28 00:00:00,CFLB-N-000,2,300,,,
2001-08-29 00:00:00,CFLB-N-000,2,56200,,,
2001-08-30 00:00:00,CFLB-N-000,2,20000,,,
2001-09-04 00:00:00,CFLB-N-000,1.75,2000,,,
2001-09-11 00:00:00,CFLB-N-000,1.75,4000,,,
2001-09-12 00:00:00,CFLB-N-000,2,2000,,,
2001-09-19 00:00:00,CFLB-N-000,1.75,4000,,,
2001-09-24 00:00:00,CFLB-N-000,1.75,300,,,
2001-10-04 00:00:00,CFLB-N-000,1.75,1000,,,
2001-10-05 00:00:00,CFLB-N-000,2,7900,,,
2001-10-08 00:00:00,CFLB-N-000,2,300,,,
2001-10-09 00:00:00,CFLB-N-000,1.75,4500,,,
2001-10-10 00:00:00,CFLB-N-000,2,44700,,,
2001-10-11 00:00:00,CFLB-N-000,2.5,37400,,,
2001-10-12 00:00:00,CFLB-N-000,3,25900,,,
2001-10-15 00:00:00,CFLB-N-000,3,6000,,,
2001-10-17 00:00:00,CFLB-N-000,2.75,26100,,,
2001-10-18 00:00:00,CFLB-N-000,2.75,17700,,,
2001-10-19 00:00:00,CFLB-N-000,2.75,2300,,,
2001-10-22 00:00:00,CFLB-N-000,2.75,1000,,,
2001-10-23 00:00:00,CFLB-N-000,3,5000,,,
2001-10-24 00:00:00,CFLB-N-000,2.75,500,,,
2001-10-26 00:00:00,CFLB-N-000,2.75,5000,,,
2001-10-29 00:00:00,CFLB-N-000,2.75,10200,,,
2001-10-30 00:00:00,CFLB-N-000,2.75,39800,,,
2001-11-01 00:00:00,CFLB-N-000,2.75,20200,,,
2001-11-07 00:00:00,CFLB-N-000,2.75,500,,,
2001-11-09 00:00:00,CFLB-N-000,2.5,10000,,,
2001-11-12 00:00:00,CFLB-N-000,2.75,4200,,,
2001-11-13 00:00:00,CFLB-N-000,2.5,2000,,,
2001-11-14 00:00:00,CFLB-N-000,2.75,400,,,
2001-11-15 00:00:00,CFLB-N-000,3,11000,,,
2001-11-16 00:00:00,CFLB-N-000,3.75,73800,,,
2001-11-19 00:00:00,CFLB-N-000,3.75,21600,,,
2001-11-20 00:00:00,CFLB-N-000,4,21100,,,
2001-11-21 00:00:00,CFLB-N-000,4,10600,,,
2001-11-22 00:00:00,CFLB-N-000,4.25,2600,,,
2001-11-23 00:00:00,CFLB-N-000,4,15500,,,
2001-11-28 00:00:00,CFLB-N-000,4,11700,,,
2001-11-29 00:00:00,CFLB-N-000,4,10500,,,
2001-12-03 00:00:00,CFLB-N-000,3.75,4000,,,
2001-12-04 00:00:00,CFLB-N-000,3.25,6000,,,
2001-12-05 00:00:00,CFLB-N-000,4,19400,,,
2001-12-07 00:00:00,CFLB-N-000,4.5,55300,,,
2001-12-10 00:00:00,CFLB-N-000,5,79000,,,
2001-12-11 00:00:00,CFLB-N-000,4.5,21800,,,
2001-12-12 00:00:00,CFLB-N-000,4,43900,,,
2001-12-13 00:00:00,CFLB-N-000,3.5,19700,,,
2001-12-17 00:00:00,CFLB-N-000,3.75,400,,,
2001-12-18 00:00:00,CFLB-N-000,3,200,,,
2001-12-21 00:00:00,CFLB-N-000,3.25,1700,,,
2001-12-31 00:00:00,CFLB-N-000,4,100,,,
2002-01-02 00:00:00,CFLB-N-000,4,1100,,,
2002-01-03 00:00:00,CFLB-N-000,4.25,100,,,
2002-01-04 00:00:00,CFLB-N-000,4,500,,,
2002-01-07 00:00:00,CFLB-N-000,3.75,23000,,,
2002-01-10 00:00:00,CFLB-N-000,3.5,600,,,
2002-01-17 00:00:00,CFLB-N-000,3.25,1400,,,
2002-01-18 00:00:00,CFLB-N-000,3.25,17000,,,
2002-01-22 00:00:00,CFLB-N-000,3,5000,,,
2002-01-23 00:00:00,CFLB-N-000,3,800,,,
2002-01-25 00:00:00,CFLB-N-000,3,600,,,
2002-01-30 00:00:00,CFLB-N-000,3,100,,,
2002-02-08 00:00:00,CFLB-N-000,2.75,600,,,
2001-01-24 00:00:00,CIT-N-0000,3,500,,,
2001-03-16 00:00:00,CIT-N-0000,2.75,33400,,,
2001-03-22 00:00:00,CIT-N-0000,3,100,,,
2001-04-18 00:00:00,CIT-N-0000,3,100,,,
2001-04-23 00:00:00,CIT-N-0000,3,200,,,
2001-07-11 00:00:00,CIT-N-0000,3,300,,,
2001-10-15 00:00:00,CIT-N-0000,3,100,,,
2001-10-29 00:00:00,CIT-N-0000,4,1700,,,
2001-10-30 00:00:00,CIT-N-0000,4.25,500,,,
2001-11-07 00:00:00,CIT-N-0000,5,6500,,,
2001-12-12 00:00:00,CIT-N-0000,6.5,2600,,,
2001-12-13 00:00:00,CIT-N-0000,6.5,2100,,,
2001-12-18 00:00:00,CIT-N-0000,7.25,2700,,,
2001-12-21 00:00:00,CIT-N-0000,7.25,13000,,,
2001-01-18 00:00:00,CLND-N-000,9,800,,,
2001-01-31 00:00:00,CLND-N-000,10.25,100,,,
2001-02-13 00:00:00,CLND-N-000,9.75,1900,,,
2001-02-14 00:00:00,CLND-N-000,9,100,,,
2001-02-15 00:00:00,CLND-N-000,9.25,1000,,,
2001-03-02 00:00:00,CLND-N-000,9.25,900,,,
2001-03-06 00:00:00,CLND-N-000,9.25,500,,,
2001-03-07 00:00:00,CLND-N-000,9,500,,,
2001-03-13 00:00:00,CLND-N-000,8.5,5100,,,
2001-03-15 00:00:00,CLND-N-000,9,1800,,,
2001-03-16 00:00:00,CLND-N-000,9,100,,,
2001-03-30 00:00:00,CLND-N-000,10,100,,,
2001-04-20 00:00:00,CLND-N-000,9.25,700,,,
2001-04-27 00:00:00,CLND-N-000,8.25,1500,,,
2001-05-10 00:00:00,CLND-N-000,8.25,1200,,,
2001-05-11 00:00:00,CLND-N-000,8.25,1200,,,
2001-05-16 00:00:00,CLND-N-000,8,1600,,,
2001-05-21 00:00:00,CLND-N-000,8.75,100,,,
2001-05-23 00:00:00,CLND-N-000,8.5,200,,,
2001-05-24 00:00:00,CLND-N-000,8.25,64600,,,
2001-05-25 00:00:00,CLND-N-000,8.25,2800,,,
2001-05-28 00:00:00,CLND-N-000,8.25,800,,,
2001-05-29 00:00:00,CLND-N-000,8.5,5600,,,
2001-05-30 00:00:00,CLND-N-000,8.25,35600,,,
2001-06-01 00:00:00,CLND-N-000,8.5,400,,,
2001-06-04 00:00:00,CLND-N-000,8.5,5600,,,
2001-06-06 00:00:00,CLND-N-000,8.5,10000,,,
2001-06-11 00:00:00,CLND-N-000,8.5,5900,,,
2001-06-14 00:00:00,CLND-N-000,8.5,300,,,
2001-06-15 00:00:00,CLND-N-000,8.25,100,,,
2001-06-18 00:00:00,CLND-N-000,8.25,300,,,
2001-06-20 00:00:00,CLND-N-000,8.25,6200,,,
2001-06-22 00:00:00,CLND-N-000,8.25,3300,,,
2001-06-25 00:00:00,CLND-N-000,8.25,100,,,
2001-06-27 00:00:00,CLND-N-000,8,400,,,
2001-07-06 00:00:00,CLND-N-000,9,500,,,
2001-07-11 00:00:00,CLND-N-000,9,200,,,
2001-07-12 00:00:00,CLND-N-000,8.75,100,,,
2001-07-13 00:00:00,CLND-N-000,8.75,300,,,
2001-07-16 00:00:00,CLND-N-000,8.75,19900,,,
2001-07-17 00:00:00,CLND-N-000,7.25,2000,,,
2001-07-27 00:00:00,CLND-N-000,7.5,200,,,
2001-07-30 00:00:00,CLND-N-000,7.5,500,,,
2001-07-31 00:00:00,CLND-N-000,7.25,1100,,,
2001-08-06 00:00:00,CLND-N-000,7.5,100,,,
2001-08-09 00:00:00,CLND-N-000,7.75,3000,,,
2001-08-15 00:00:00,CLND-N-000,7.5,200,,,
2001-08-20 00:00:00,CLND-N-000,7.5,200,,,
2001-08-30 00:00:00,CLND-N-000,8,1700,,,
2001-08-31 00:00:00,CLND-N-000,8,100,,,
2001-09-03 00:00:00,CLND-N-000,8,100,,,
2001-09-06 00:00:00,CLND-N-000,8,7500,,,
2001-09-07 00:00:00,CLND-N-000,8,1900,,,
2001-09-11 00:00:00,CLND-N-000,8.25,4200,,,
2001-10-03 00:00:00,CLND-N-000,8,1100,,,
2001-10-05 00:00:00,CLND-N-000,8.5,100,,,
2001-10-08 00:00:00,CLND-N-000,8,2500,,,
2001-10-11 00:00:00,CLND-N-000,8.25,12000,,,
2001-10-12 00:00:00,CLND-N-000,8,6000,,,
2001-10-18 00:00:00,CLND-N-000,8,2000,,,
2001-10-25 00:00:00,CLND-N-000,8,2300,,,
2001-10-26 00:00:00,CLND-N-000,8,200,,,
2001-10-29 00:00:00,CLND-N-000,8,2500,,,
2001-11-01 00:00:00,CLND-N-000,8,12000,,,
2001-11-02 00:00:00,CLND-N-000,8,300,,,
2001-11-05 00:00:00,CLND-N-000,8,900,,,
2001-11-08 00:00:00,CLND-N-000,7,15300,,,
2001-11-13 00:00:00,CLND-N-000,7.75,1800,,,
2001-11-14 00:00:00,CLND-N-000,8,100,,,
2001-11-15 00:00:00,CLND-N-000,8,4500,,,
2001-11-19 00:00:00,CLND-N-000,9,1700,,,
2001-11-20 00:00:00,CLND-N-000,9.5,400,,,
2001-11-21 00:00:00,CLND-N-000,9.5,14700,,,
2001-11-22 00:00:00,CLND-N-000,9.5,3300,,,
2001-11-23 00:00:00,CLND-N-000,9.5,1200,,,
2001-11-26 00:00:00,CLND-N-000,8.75,500,,,
2001-12-03 00:00:00,CLND-N-000,8.75,10500,,,
2001-12-04 00:00:00,CLND-N-000,8.75,13200,,,
2001-12-05 00:00:00,CLND-N-000,9,9500,,,
2001-12-07 00:00:00,CLND-N-000,12.5,11000,,,
2001-12-10 00:00:00,CLND-N-000,12.25,200,,,
2001-12-17 00:00:00,CLND-N-000,11.25,1800,,,
2001-12-19 00:00:00,CLND-N-000,9,7500,,,
2001-12-27 00:00:00,CLND-N-000,10,1900,,,
2001-12-28 00:00:00,CLND-N-000,11,5700,,,
2001-12-31 00:00:00,CLND-N-000,11,5500,,,
2002-01-02 00:00:00,CLND-N-000,11.75,900,,,
2002-01-03 00:00:00,CLND-N-000,12,5600,,,
2002-01-04 00:00:00,CLND-N-000,12,3000,,,
2002-01-07 00:00:00,CLND-N-000,12,1500,,,
2002-01-08 00:00:00,CLND-N-000,11,12200,,,
2002-01-11 00:00:00,CLND-N-000,11,1200,,,
2002-01-15 00:00:00,CLND-N-000,11,2400,,,
2002-01-16 00:00:00,CLND-N-000,11.75,500,,,
2002-01-30 00:00:00,CLND-N-000,10,1000,,,
2002-02-01 00:00:00,CLND-N-000,10,4200,,,
2002-02-06 00:00:00,CLND-N-000,10,1000,,,
2002-02-07 00:00:00,CLND-N-000,10,3900,,,
2002-02-08 00:00:00,CLND-N-000,10.25,1600,,,
2002-01-24 00:00:00,PHAR-N-000,100,6100,,,
2001-01-16 00:00:00,COLO-N-000,4.5,100,,,
2001-01-17 00:00:00,COLO-N-000,4.5,200,,,
2001-01-25 00:00:00,COLO-N-000,4.5,2600,,,
2001-01-26 00:00:00,COLO-N-000,4.5,500,,,
2001-02-16 00:00:00,COLO-N-000,4.5,1400,,,
2001-03-06 00:00:00,COLO-N-000,4.5,7200,,,
2001-05-16 00:00:00,COLO-N-000,4.75,500,,,
2001-05-25 00:00:00,COLO-N-000,4.75,20000,,,
2001-05-29 00:00:00,COLO-N-000,5,200,,,
2001-05-31 00:00:00,COLO-N-000,5.5,1000,,,
2001-09-07 00:00:00,COLO-N-000,6,100,,,
2001-10-11 00:00:00,COLO-N-000,6.5,1000,,,
2001-10-25 00:00:00,COLO-N-000,6.5,3200,,,
2001-10-29 00:00:00,COLO-N-000,6.5,1000,,,
2001-11-05 00:00:00,COLO-N-000,6.75,1100,,,
2001-11-09 00:00:00,COLO-N-000,7.75,6000,,,
2001-12-12 00:00:00,COLO-N-000,7.5,100,,,
2001-12-13 00:00:00,COLO-N-000,5.75,100,,,
2002-01-08 00:00:00,COLO-N-000,6,1000,,,
2002-01-25 00:00:00,COLO-N-000,6,1000,,,
2002-02-01 00:00:00,COLO-N-000,6.25,500,,,
2002-02-05 00:00:00,COLO-N-000,6.25,300,,,
2001-01-02 00:00:00,COMB-N-000,93,100,,,
2001-01-03 00:00:00,COMB-X-000,68.25,300,,,
2001-01-04 00:00:00,COMB-N-000,93.25,2100,,,
2001-01-05 00:00:00,COMB-N-000,93.5,100,,,
2001-01-10 00:00:00,COMB-N-000,94,500,,,
2001-01-11 00:00:00,COMB-N-000,94.25,1700,,,
2001-01-12 00:00:00,COMB-N-000,94.25,900,,,
2001-01-12 00:00:00,COMB-X-000,75,800,,,
2001-01-16 00:00:00,COMB-N-000,94.25,700,,,
2001-01-17 00:00:00,COMB-N-000,94.25,1000,,,
2001-01-18 00:00:00,COMB-N-000,94.25,1700,,,
2001-01-19 00:00:00,COMB-N-000,94.75,2100,,,
2001-01-22 00:00:00,COMB-N-000,95,2500,,,
2001-01-23 00:00:00,COMB-N-000,94,400,,,
2001-01-24 00:00:00,COMB-N-000,95,1600,,,
2001-01-24 00:00:00,COMB-X-000,70,800,,,
2001-01-25 00:00:00,COMB-N-000,94,600,,,
2001-01-29 00:00:00,COMB-N-000,94,200,,,
2001-01-30 00:00:00,COMB-N-000,94,2200,,,
2001-01-31 00:00:00,COMB-N-000,93.5,700,,,
2001-02-01 00:00:00,COMB-N-000,93.5,100,,,
2001-02-01 00:00:00,COMB-X-000,69,2400,,,
2001-02-02 00:00:00,COMB-N-000,92.5,400,,,
2001-02-08 00:00:00,COMB-N-000,90,1900,,,
2001-02-08 00:00:00,COMB-X-000,68,1200,,,
2001-02-09 00:00:00,COMB-N-000,90,500,,,
2001-02-09 00:00:00,COMB-X-000,68,1000,,,
2001-02-12 00:00:00,COMB-N-000,90.5,800,,,
2001-02-13 00:00:00,COMB-N-000,92,2300,,,
2001-02-14 00:00:00,COMB-N-000,91,900,,,
2001-02-14 00:00:00,COMB-X-000,68,500,,,
2001-02-15 00:00:00,COMB-N-000,90.5,45200,,,
2001-02-16 00:00:00,COMB-N-000,90.5,1700,,,
2001-02-16 00:00:00,COMB-X-000,68,100,,,
2001-02-19 00:00:00,COMB-N-000,90.25,5000,,,
2001-02-20 00:00:00,COMB-N-000,91,3000,,,
2001-02-20 00:00:00,COMB-X-000,68,800,,,
2001-02-21 00:00:00,COMB-X-000,68,700,,,
2001-02-22 00:00:00,COMB-N-000,91,1900,,,
2001-02-22 00:00:00,COMB-X-000,68,1200,,,
2001-02-23 00:00:00,COMB-N-000,90.5,100,,,
2001-02-26 00:00:00,COMB-D-001,900,40,,,
2001-02-26 00:00:00,COMB-X-000,68,200,,,
2001-02-27 00:00:00,COMB-N-000,91,400,,,
2001-03-01 00:00:00,COMB-N-000,92,12600,,,
2001-03-02 00:00:00,COMB-N-000,92.5,600,,,
2001-03-05 00:00:00,COMB-N-000,92.5,500,,,
2001-03-06 00:00:00,COMB-N-000,92.75,200,,,
2001-03-07 00:00:00,COMB-N-000,93,1700,,,
2001-03-08 00:00:00,COMB-D-001,800,1000,,,
2001-03-08 00:00:00,COMB-N-000,95.25,10900,,,
2001-03-08 00:00:00,COMB-X-000,73,900,,,
2001-03-12 00:00:00,COMB-N-000,95,2200,,,
2001-03-12 00:00:00,COMB-X-000,73,1200,,,
2001-03-13 00:00:00,COMB-N-000,98,4100,,,
2001-03-13 00:00:00,COMB-X-000,73,2000,,,
2001-03-14 00:00:00,COMB-N-000,98,4400,,,
2001-03-14 00:00:00,COMB-X-000,73,2000,,,
2001-03-15 00:00:00,COMB-N-000,98.5,3400,,,
2001-03-16 00:00:00,COMB-D-001,850,30,,,
2001-03-16 00:00:00,COMB-N-000,98,2600,,,
2001-03-19 00:00:00,COMB-N-000,95,2600,,,
2001-03-20 00:00:00,COMB-X-000,71,800,,,
2001-03-21 00:00:00,COMB-N-000,94,2100,,,
2001-03-21 00:00:00,COMB-X-000,71,200,,,
2001-03-22 00:00:00,COMB-N-000,92,4000,,,
2001-03-23 00:00:00,COMB-N-000,92,500,,,
2001-03-23 00:00:00,COMB-X-000,71,100,,,
2001-03-26 00:00:00,COMB-N-000,92,1400,,,
2001-03-27 00:00:00,COMB-N-000,90,2900,,,
2001-03-28 00:00:00,COMB-N-000,90,200,,,
2001-03-28 00:00:00,COMB-X-000,71,1600,,,
2001-03-29 00:00:00,COMB-N-000,91,100,,,
2001-03-29 00:00:00,COMB-X-000,71,200,,,
2001-04-02 00:00:00,COMB-N-000,95,1400,,,
2001-04-03 00:00:00,COMB-N-000,93,600,,,
2001-04-03 00:00:00,COMB-X-000,73,700,,,
2001-04-04 00:00:00,COMB-N-000,92,900,,,
2001-04-04 00:00:00,COMB-X-000,73,2000,,,
2001-04-05 00:00:00,COMB-N-000,93,9300,,,
2001-04-05 00:00:00,COMB-X-000,73,200,,,
2001-04-06 00:00:00,COMB-N-000,93,900,,,
2001-04-06 00:00:00,COMB-X-000,73.25,500,,,
2001-04-09 00:00:00,COMB-N-000,93,1200,,,
2001-04-09 00:00:00,COMB-X-000,74,1200,,,
2001-04-10 00:00:00,COMB-N-000,93,100,,,
2001-04-11 00:00:00,COMB-N-000,93,900,,,
2001-04-17 00:00:00,COMB-N-000,93,1200,,,
2001-04-18 00:00:00,COMB-N-000,92,14100,,,
2001-04-20 00:00:00,COMB-N-000,92,1200,,,
2001-04-20 00:00:00,COMB-X-000,73.5,100,,,
2001-04-23 00:00:00,COMB-N-000,90.5,100,,,
2001-04-24 00:00:00,COMB-N-000,92.5,21100,,,
2001-04-25 00:00:00,COMB-N-000,92.5,34500,,,
2001-04-25 00:00:00,COMB-X-000,75,1600,,,
2001-04-26 00:00:00,COMB-N-000,92,200,,,
2001-04-26 00:00:00,COMB-X-000,75,900,,,
2001-04-27 00:00:00,COMB-N-000,91.5,200,,,
2001-05-02 00:00:00,COMB-N-000,91,100,,,
2001-05-03 00:00:00,COMB-N-000,91,100,,,
2001-05-04 00:00:00,COMB-N-000,91.75,9000,,,
2001-05-09 00:00:00,COMB-X-000,75,2600,,,
2001-05-10 00:00:00,COMB-N-000,92,22300,,,
2001-05-11 00:00:00,COMB-N-000,92,200,,,
2001-05-14 00:00:00,COMB-N-000,92,7500,,,
2001-05-15 00:00:00,COMB-N-000,92,1600,,,
2001-05-15 00:00:00,COMB-X-000,75,200,,,
2001-05-16 00:00:00,COMB-N-000,93,400,,,
2001-05-16 00:00:00,COMB-X-000,75,100,,,
2001-05-17 00:00:00,COMB-N-000,94,1200,,,
2001-05-18 00:00:00,COMB-X-000,75,1000,,,
2001-05-21 00:00:00,COMB-N-000,96,400,,,
2001-05-22 00:00:00,COMB-N-000,97,1300,,,
2001-05-22 00:00:00,COMB-X-000,80,100,,,
2001-05-23 00:00:00,COMB-N-000,98,6900,,,
2001-05-25 00:00:00,COMB-N-000,98.25,200,,,
2001-05-28 00:00:00,COMB-N-000,98,600,,,
2001-05-29 00:00:00,COMB-N-000,98,2100,,,
2001-05-30 00:00:00,COMB-N-000,98.75,800,,,
2001-05-30 00:00:00,COMB-X-000,80,200,,,
2001-05-31 00:00:00,COMB-N-000,98.5,2000,,,
2001-06-01 00:00:00,COMB-N-000,98.25,17000,,,
2001-06-04 00:00:00,COMB-N-000,98.25,3600,,,
2001-06-04 00:00:00,COMB-X-000,78,2200,,,
2001-06-06 00:00:00,COMB-N-000,98.25,700,,,
2001-06-07 00:00:00,COMB-D-001,830,150,,,
2001-06-07 00:00:00,COMB-N-000,98,1700,,,
2001-06-07 00:00:00,COMB-X-000,78,1500,,,
2001-06-08 00:00:00,COMB-N-000,98.25,8100,,,
2001-06-08 00:00:00,COMB-X-000,78,900,,,
2001-06-11 00:00:00,COMB-D-001,830,250,,,
2001-06-11 00:00:00,COMB-N-000,98,18700,,,
2001-06-11 00:00:00,COMB-X-000,77.75,300,,,
2001-06-12 00:00:00,COMB-N-000,75.75,1900,,,
2001-06-13 00:00:00,COMB-N-000,76.75,100,,,
2001-06-15 00:00:00,COMB-N-000,80,1400,,,
2001-06-15 00:00:00,COMB-X-000,58,100,,,
2001-06-18 00:00:00,COMB-N-000,79.75,400,,,
2001-06-20 00:00:00,COMB-D-001,810,4000,,,
2001-06-20 00:00:00,COMB-N-000,80,14100,,,
2001-06-21 00:00:00,COMB-N-000,82,2500,,,
2001-06-25 00:00:00,COMB-N-000,81.5,1500,,,
2001-06-26 00:00:00,COMB-N-000,81.25,1500,,,
2001-06-26 00:00:00,COMB-X-000,61.5,300,,,
2001-06-27 00:00:00,COMB-N-000,81.25,3100,,,
2001-06-28 00:00:00,COMB-N-000,81.25,200,,,
2001-06-28 00:00:00,COMB-X-000,61.5,200,,,
2001-06-29 00:00:00,COMB-N-000,81.25,300,,,
2001-06-29 00:00:00,COMB-X-000,61.5,100,,,
2001-07-02 00:00:00,COMB-D-001,840,50,,,
2001-07-02 00:00:00,COMB-N-000,81.25,2700,,,
2001-07-03 00:00:00,COMB-N-000,81,1500,,,
2001-07-03 00:00:00,COMB-X-000,61,300,,,
2001-07-04 00:00:00,COMB-N-000,81.25,800,,,
2001-07-06 00:00:00,COMB-N-000,81,500,,,
2001-07-09 00:00:00,COMB-N-000,81.5,1800,,,
2001-07-10 00:00:00,COMB-N-000,81.5,2500,,,
2001-07-11 00:00:00,COMB-N-000,80,1600,,,
2001-07-11 00:00:00,COMB-X-000,63,100,,,
2001-07-12 00:00:00,COMB-N-000,79,1000,,,
2001-07-13 00:00:00,COMB-N-000,79,100,,,
2001-07-13 00:00:00,COMB-X-000,62,100,,,
2001-07-16 00:00:00,COMB-D-001,850,10,,,
2001-07-17 00:00:00,COMB-N-000,78,900,,,
2001-07-18 00:00:00,COMB-X-000,61.25,300,,,
2001-07-19 00:00:00,COMB-N-000,78,1100,,,
2001-07-20 00:00:00,COMB-N-000,77.75,400,,,
2001-07-23 00:00:00,COMB-D-001,850,20,,,
2001-07-24 00:00:00,COMB-N-000,75,200,,,
2001-07-24 00:00:00,COMB-X-000,61.25,100,,,
2001-07-25 00:00:00,COMB-N-000,75,6000,,,
2001-07-27 00:00:00,COMB-D-001,850,10,,,
2001-07-27 00:00:00,COMB-N-000,75.25,4400,,,
2001-07-30 00:00:00,COMB-N-000,75.25,100,,,
2001-08-01 00:00:00,COMB-N-000,76,12100,,,
2001-08-06 00:00:00,COMB-N-000,75.5,1100,,,
2001-08-07 00:00:00,COMB-N-000,75.5,3600,,,
2001-08-10 00:00:00,COMB-N-000,75.5,100,,,
2001-08-13 00:00:00,COMB-N-000,75,1000,,,
2001-08-13 00:00:00,COMB-X-000,59,1000,,,
2001-08-14 00:00:00,COMB-N-000,73,200,,,
2001-08-15 00:00:00,COMB-N-000,72.75,7100,,,
2001-08-16 00:00:00,COMB-N-000,72.5,100,,,
2001-08-16 00:00:00,COMB-X-000,55,800,,,
2001-08-17 00:00:00,COMB-N-000,71.75,200,,,
2001-08-20 00:00:00,COMB-N-000,71,200,,,
2001-08-21 00:00:00,COMB-N-000,72.5,4800,,,
2001-08-21 00:00:00,COMB-X-000,55,100,,,
2001-08-22 00:00:00,COMB-N-000,72,100,,,
2001-08-22 00:00:00,COMB-X-000,55,200,,,
2001-08-23 00:00:00,COMB-N-000,72,1300,,,
2001-08-24 00:00:00,COMB-N-000,72,4000,,,
2001-08-27 00:00:00,COMB-N-000,75,2200,,,
2001-08-28 00:00:00,COMB-N-000,75,5200,,,
2001-08-28 00:00:00,COMB-X-000,55,700,,,
2001-08-29 00:00:00,COMB-D-001,900,250,,,
2001-08-29 00:00:00,COMB-N-000,77,7900,,,
2001-08-29 00:00:00,COMB-X-000,57,300,,,
2001-08-30 00:00:00,COMB-D-001,900,10,,,
2001-08-30 00:00:00,COMB-N-000,77,1400,,,
2001-08-30 00:00:00,COMB-X-000,57,100,,,
2001-08-31 00:00:00,COMB-D-001,890,3000,,,
2001-08-31 00:00:00,COMB-N-000,79.75,7700,,,
2001-09-03 00:00:00,COMB-N-000,78,200,,,
2001-09-03 00:00:00,COMB-X-000,56,500,,,
2001-09-04 00:00:00,COMB-D-001,925,3020,,,
2001-09-04 00:00:00,COMB-N-000,76,300,,,
2001-09-05 00:00:00,COMB-N-000,76,1000,,,
2001-09-06 00:00:00,COMB-N-000,76,1000,,,
2001-09-07 00:00:00,COMB-N-000,79,1400,,,
2001-09-07 00:00:00,COMB-X-000,56,200,,,
2001-09-11 00:00:00,COMB-N-000,85.25,48500,,,
2001-09-12 00:00:00,COMB-N-000,85,155600,,,
2001-09-13 00:00:00,COMB-N-000,84,100,,,
2001-09-13 00:00:00,COMB-X-000,56,100,,,
2001-09-14 00:00:00,COMB-N-000,83.5,1600,,,
2001-09-18 00:00:00,COMB-N-000,78,21600,,,
2001-09-18 00:00:00,COMB-X-000,56,1200,,,
2001-09-19 00:00:00,COMB-N-000,80,8600,,,
2001-09-20 00:00:00,COMB-N-000,80,4900,,,
2001-09-20 00:00:00,COMB-X-000,57,600,,,
2001-09-21 00:00:00,COMB-N-000,80,900,,,
2001-09-21 00:00:00,COMB-X-000,56,300,,,
2001-09-24 00:00:00,COMB-N-000,78.25,200,,,
2001-09-27 00:00:00,COMB-X-000,56,200,,,
2001-09-28 00:00:00,COMB-N-000,78.5,3300,,,
2001-10-01 00:00:00,COMB-N-000,78.5,400,,,
2001-10-03 00:00:00,COMB-D-001,900,100,,,
2001-10-03 00:00:00,COMB-N-000,78.5,500,,,
2001-10-03 00:00:00,COMB-X-000,56,1200,,,
2001-10-04 00:00:00,COMB-N-000,78.5,800,,,
2001-10-08 00:00:00,COMB-X-000,56,600,,,
2001-10-09 00:00:00,COMB-N-000,84.75,1000,,,
2001-10-10 00:00:00,COMB-N-000,90,41900,,,
2001-10-10 00:00:00,COMB-X-000,66,1600,,,
2001-10-11 00:00:00,COMB-N-000,100,101600,,,
2001-10-11 00:00:00,COMB-X-000,72,2300,,,
2001-10-12 00:00:00,COMB-N-000,100,46300,,,
2001-10-12 00:00:00,COMB-X-000,72,50500,,,
2001-10-15 00:00:00,COMB-N-000,95,43800,,,
2001-10-15 00:00:00,COMB-X-000,70,47400,,,
2001-10-17 00:00:00,COMB-N-000,95,5800,,,
2001-10-17 00:00:00,COMB-X-000,70,1000,,,
2001-10-18 00:00:00,COMB-N-000,100,116400,,,
2001-10-18 00:00:00,COMB-X-000,71.75,100,,,
2001-10-19 00:00:00,COMB-N-000,100,118300,,,
2001-10-19 00:00:00,COMB-X-000,70,100,,,
2001-10-22 00:00:00,COMB-N-000,102,19200,,,
2001-10-22 00:00:00,COMB-X-000,72,200,,,
2001-10-23 00:00:00,COMB-N-000,105.25,270500,,,
2001-10-23 00:00:00,COMB-X-000,71,12800,,,
2001-10-24 00:00:00,COMB-N-000,105,268300,,,
2001-10-24 00:00:00,COMB-X-000,71,200,,,
2001-10-25 00:00:00,COMB-N-000,104.5,1000,,,
2001-10-25 00:00:00,COMB-X-000,71,1100,,,
2001-10-26 00:00:00,COMB-N-000,104,3400,,,
2001-10-29 00:00:00,COMB-N-000,103,4600,,,
2001-10-29 00:00:00,COMB-X-000,70,100,,,
2001-10-30 00:00:00,COMB-D-001,925,10,,,
2001-10-30 00:00:00,COMB-N-000,102.25,5000,,,
2001-11-01 00:00:00,COMB-N-000,100,9700,,,
2001-11-01 00:00:00,COMB-X-000,68,800,,,
2001-11-02 00:00:00,COMB-N-000,100,2000,,,
2001-11-02 00:00:00,COMB-X-000,65.25,300,,,
2001-11-05 00:00:00,COMB-N-000,100,45000,,,
2001-11-06 00:00:00,COMB-N-000,100,500,,,
2001-11-07 00:00:00,COMB-N-000,100,30300,,,
2001-11-08 00:00:00,COMB-N-000,100,13700,,,
2001-11-09 00:00:00,COMB-N-000,100.25,32300,,,
2001-11-12 00:00:00,COMB-N-000,100.5,11100,,,
2001-11-12 00:00:00,COMB-X-000,70,1100,,,
2001-11-13 00:00:00,COMB-N-000,101,4200,,,
2001-11-14 00:00:00,COMB-N-000,102,7300,,,
2001-11-15 00:00:00,COMB-D-001,925,50,,,
2001-11-15 00:00:00,COMB-N-000,101,47200,,,
2001-11-16 00:00:00,COMB-N-000,105,1400,,,
2001-11-19 00:00:00,COMB-N-000,107,22400,,,
2001-11-20 00:00:00,COMB-N-000,106,15100,,,
2001-11-21 00:00:00,COMB-N-000,107,9500,,,
2001-11-21 00:00:00,COMB-X-000,70,400,,,
2001-11-22 00:00:00,COMB-N-000,110,141200,,,
2001-11-22 00:00:00,COMB-X-000,70,800,,,
2001-11-23 00:00:00,COMB-N-000,111,86200,,,
2001-11-23 00:00:00,COMB-X-000,72,444400,,,
2001-11-26 00:00:00,COMB-D-001,925,15,,,
2001-11-26 00:00:00,COMB-N-000,110,12900,,,
2001-11-26 00:00:00,COMB-X-000,72,81600,,,
2001-11-27 00:00:00,COMB-N-000,110,56400,,,
2001-11-27 00:00:00,COMB-X-000,73.5,82700,,,
2001-11-28 00:00:00,COMB-N-000,111,16700,,,
2001-11-28 00:00:00,COMB-X-000,75,51700,,,
2001-11-29 00:00:00,COMB-N-000,112.5,77800,,,
2001-12-03 00:00:00,COMB-N-000,113,32000,,,
2001-12-03 00:00:00,COMB-X-000,83.75,107000,,,
2001-12-04 00:00:00,COMB-N-000,108.25,35300,,,
2001-12-04 00:00:00,COMB-X-000,82,47700,,,
2001-12-05 00:00:00,COMB-N-000,112,24600,,,
2001-12-05 00:00:00,COMB-X-000,82,73100,,,
2001-12-07 00:00:00,COMB-N-000,139,403500,,,
2001-12-07 00:00:00,COMB-X-000,108,52100,,,
2001-12-10 00:00:00,COMB-N-000,145,175800,,,
2001-12-10 00:00:00,COMB-X-000,120,124700,,,
2001-12-11 00:00:00,COMB-N-000,140,76900,,,
2001-12-11 00:00:00,COMB-X-000,103,2200,,,
2001-12-12 00:00:00,COMB-N-000,133,74100,,,
2001-12-12 00:00:00,COMB-X-000,100,20500,,,
2001-12-13 00:00:00,COMB-N-000,115.25,63000,,,
2001-12-14 00:00:00,COMB-N-000,125,72800,,,
2001-12-14 00:00:00,COMB-X-000,97,63300,,,
2001-12-17 00:00:00,COMB-N-000,125,44300,,,
2001-12-17 00:00:00,COMB-X-000,96,3200,,,
2001-12-18 00:00:00,COMB-N-000,116,15800,,,
2001-12-18 00:00:00,COMB-X-000,83,6000,,,
2001-12-19 00:00:00,COMB-N-000,110,208900,,,
2001-12-19 00:00:00,COMB-X-000,77,21900,,,
2001-12-20 00:00:00,COMB-N-000,116,51200,,,
2001-12-20 00:00:00,COMB-X-000,78.5,6900,,,
2001-12-21 00:00:00,COMB-N-000,118,47200,,,
2001-12-21 00:00:00,COMB-X-000,80.25,18200,,,
2001-12-27 00:00:00,COMB-N-000,123,35700,,,
2001-12-27 00:00:00,COMB-X-000,87,78300,,,
2001-12-28 00:00:00,COMB-N-000,126,67200,,,
2001-12-28 00:00:00,COMB-X-000,90,25700,,,
2001-12-31 00:00:00,COMB-N-000,127,43300,,,
2001-12-31 00:00:00,COMB-X-000,90,56200,,,
2002-01-02 00:00:00,COMB-N-000,125,29400,,,
2002-01-02 00:00:00,COMB-X-000,85,32100,,,
2002-01-03 00:00:00,COMB-N-000,127,66000,,,
2002-01-03 00:00:00,COMB-X-000,85,14700,,,
2002-01-04 00:00:00,COMB-N-000,129,33500,,,
2002-01-04 00:00:00,COMB-X-000,89,43800,,,
2002-01-07 00:00:00,COMB-N-000,130,54200,,,
2002-01-07 00:00:00,COMB-X-000,85.5,1100,,,
2002-01-08 00:00:00,COMB-N-000,132,93400,,,
2002-01-08 00:00:00,COMB-X-000,87,13300,,,
2002-01-09 00:00:00,COMB-N-000,131,24100,,,
2002-01-09 00:00:00,COMB-X-000,87,8600,,,
2002-01-10 00:00:00,COMB-N-000,129,31000,,,
2002-01-10 00:00:00,COMB-X-000,86,27500,,,
2002-01-11 00:00:00,COMB-N-000,129,13300,,,
2002-01-11 00:00:00,COMB-X-000,85,15000,,,
2002-01-15 00:00:00,COMB-N-000,125,36900,,,
2002-01-15 00:00:00,COMB-X-000,83,10300,,,
2002-01-16 00:00:00,COMB-N-000,125,11800,,,
2002-01-16 00:00:00,COMB-X-000,81,4800,,,
2002-01-17 00:00:00,COMB-N-000,122,7700,,,
2002-01-17 00:00:00,COMB-X-000,81,24500,,,
2002-01-18 00:00:00,COMB-N-000,125.5,26700,,,
2002-01-18 00:00:00,COMB-X-000,82.5,8100,,,
2002-01-21 00:00:00,COMB-N-000,125,9100,,,
2002-01-21 00:00:00,COMB-X-000,83,4500,,,
2002-01-22 00:00:00,COMB-N-000,122,10900,,,
2002-01-22 00:00:00,COMB-X-000,80.75,7000,,,
2002-01-23 00:00:00,COMB-N-000,127.25,39500,,,
2002-01-23 00:00:00,COMB-X-000,80.75,2100,,,
2002-01-24 00:00:00,COMB-N-000,126,42400,,,
2002-01-24 00:00:00,COMB-X-000,82,1300,,,
2002-01-25 00:00:00,COMB-N-000,130,21500,,,
2002-01-25 00:00:00,COMB-X-000,83.25,5000,,,
2002-01-29 00:00:00,COMB-X-000,85,1000,,,
2002-01-30 00:00:00,COMB-D-001,955,395,,,
2002-01-30 00:00:00,COMB-N-000,130,1100,,,
2002-01-31 00:00:00,COMB-N-000,133,19200,,,
2002-01-31 00:00:00,COMB-X-000,84,1000,,,
2002-02-01 00:00:00,COMB-N-000,129,800,,,
2002-02-01 00:00:00,COMB-X-000,84,13300,,,
2002-02-05 00:00:00,COMB-N-000,132,58000,,,
2002-02-05 00:00:00,COMB-X-000,85,31400,,,
2002-02-06 00:00:00,COMB-N-000,135,1600,,,
2002-02-06 00:00:00,COMB-X-000,86,1000,,,
2002-02-07 00:00:00,COMB-N-000,135,59300,,,
2002-02-08 00:00:00,COMB-N-000,140,10200,,,
2002-02-08 00:00:00,COMB-X-000,90,37100,,,
2002-02-11 00:00:00,COMB-N-000,139,1000,,,
2001-02-16 00:00:00,COMD-N-000,10,600,,,
2001-03-21 00:00:00,COMD-N-000,11.75,100,,,
2001-06-01 00:00:00,COMD-N-000,12.5,1000,,,
2001-07-20 00:00:00,COMD-N-000,12,100,,,
2001-08-20 00:00:00,COMD-N-000,13,100,,,
2001-09-07 00:00:00,COMD-N-000,16,1500,,,
2001-09-20 00:00:00,COMD-N-000,18,100,,,
2001-11-07 00:00:00,COMD-N-000,15,100,,,
2001-11-21 00:00:00,COMD-N-000,14,100,,,
2001-12-12 00:00:00,COMD-N-000,14,200,,,
2001-12-21 00:00:00,COMD-N-000,14.25,400,,,
2002-01-09 00:00:00,COMD-N-000,15.25,100,,,
2002-01-16 00:00:00,COMD-N-000,15.25,1000,,,
2001-02-02 00:00:00,COML-N-000,27,100,,,
2001-04-17 00:00:00,COML-N-000,27,100,,,
2001-04-18 00:00:00,COML-N-000,24,100,,,
2001-06-08 00:00:00,COML-N-000,23,400,,,
2001-07-31 00:00:00,COML-N-000,23,100,,,
2001-09-25 00:00:00,COML-N-000,23,100,,,
2001-11-26 00:00:00,COML-N-000,23,200,,,
2001-12-19 00:00:00,COML-N-000,21,100,,,
2001-12-20 00:00:00,COML-N-000,21,400,,,
2002-01-11 00:00:00,COML-N-000,21.25,100,,,
2002-01-16 00:00:00,COML-N-000,16.5,200,,,
2002-01-18 00:00:00,COML-N-000,16.75,200,,,
2002-01-25 00:00:00,COML-N-000,17.5,200,,,
2002-02-01 00:00:00,COML-N-000,21,4400,,,
2002-02-06 00:00:00,COML-N-000,22,18500,,,
2002-02-07 00:00:00,COML-N-000,22,5200,,,
2002-02-11 00:00:00,COML-N-000,22,500,,,
2001-01-04 00:00:00,PALM-N-000,27.5,200,,,
2001-01-05 00:00:00,PALM-N-000,27.5,800,,,
2001-01-17 00:00:00,PALM-N-000,27.5,200,,,
2001-01-19 00:00:00,PALM-N-000,27.5,100,,,
2001-01-22 00:00:00,PALM-N-000,26,500,,,
2001-01-23 00:00:00,PALM-N-000,25.25,100,,,
2001-01-24 00:00:00,PALM-N-000,25,100,,,
2001-01-29 00:00:00,PALM-N-000,25,100,,,
2001-01-30 00:00:00,PALM-N-000,25,100,,,
2001-03-21 00:00:00,PALM-N-000,26,100,,,
2001-03-23 00:00:00,PALM-N-000,26,100,,,
2001-04-18 00:00:00,PALM-N-000,20,100,,,
2001-04-19 00:00:00,PALM-N-000,20,300,,,
2001-04-30 00:00:00,PALM-N-000,20.25,300,,,
2001-05-21 00:00:00,PALM-N-000,20.25,100,,,
2001-06-25 00:00:00,PALM-N-000,21,1000,,,
2001-07-09 00:00:00,PALM-N-000,22,1000,,,
2001-07-19 00:00:00,PALM-N-000,24,100,,,
2001-07-23 00:00:00,PALM-N-000,25,2800,,,
2001-07-24 00:00:00,PALM-N-000,24,2800,,,
2001-08-08 00:00:00,PALM-N-000,22,100,,,
2001-08-15 00:00:00,PALM-N-000,18,100,,,
2001-08-16 00:00:00,PALM-N-000,18,100,,,
2001-08-20 00:00:00,PALM-N-000,17.5,500,,,
2001-08-21 00:00:00,PALM-N-000,18,200,,,
2001-10-24 00:00:00,PALM-N-000,18,100,,,
2001-11-12 00:00:00,PALM-N-000,18,100,,,
2001-11-13 00:00:00,PALM-N-000,18,1500,,,
2001-11-14 00:00:00,PALM-N-000,18,4900,,,
2001-11-26 00:00:00,PALM-N-000,18,700,,,
2001-11-27 00:00:00,PALM-N-000,20.25,100,,,
2001-12-11 00:00:00,PALM-N-000,20,800,,,
2001-12-13 00:00:00,PALM-N-000,19,400,,,
2001-12-17 00:00:00,PALM-N-000,19.5,4700,,,
2001-12-18 00:00:00,PALM-N-000,19,19200,,,
2002-01-03 00:00:00,PALM-N-000,18.5,500,,,
2002-01-07 00:00:00,PALM-N-000,18,4400,,,
2002-01-30 00:00:00,PALM-N-000,18,400,,,
2002-01-31 00:00:00,PALM-N-000,18,200,,,
2002-02-05 00:00:00,PALM-N-000,17,100,,,
2002-02-06 00:00:00,PALM-N-000,18,1400,,,
2002-02-07 00:00:00,PALM-N-000,18,200,,,
2001-01-16 00:00:00,CONN-N-000,4.5,200,,,
2001-01-18 00:00:00,CONN-N-000,5.25,200,,,
2001-01-22 00:00:00,CONN-N-000,6,2100,,,
2001-01-23 00:00:00,CONN-N-000,5,1000,,,
2001-01-30 00:00:00,CONN-N-000,6,100,,,
2001-02-06 00:00:00,CONN-N-000,5,300,,,
2001-02-08 00:00:00,CONN-N-000,5,2000,,,
2001-02-09 00:00:00,CONN-N-000,5.25,500,,,
2001-02-13 00:00:00,CONN-N-000,5,1700,,,
2001-02-27 00:00:00,CONN-N-000,4.25,500,,,
2001-03-01 00:00:00,CONN-N-000,4.25,2100,,,
2001-03-02 00:00:00,CONN-N-000,4.25,3200,,,
2001-03-07 00:00:00,CONN-N-000,4.25,1000,,,
2001-03-12 00:00:00,CONN-N-000,6,100,,,
2001-03-16 00:00:00,CONN-N-000,5,900,,,
2001-03-27 00:00:00,CONN-N-000,5,500,,,
2001-04-23 00:00:00,CONN-N-000,5,100,,,
2001-05-14 00:00:00,CONN-N-000,4,1000,,,
2001-06-04 00:00:00,CONN-N-000,5,100,,,
2001-06-06 00:00:00,CONN-N-000,5,200,,,
2001-06-15 00:00:00,CONN-N-000,5,200,,,
2001-06-18 00:00:00,CONN-N-000,5,100,,,
2001-07-24 00:00:00,CONN-N-000,5,100,,,
2001-07-27 00:00:00,CONN-N-000,5,300,,,
2001-08-14 00:00:00,CONN-N-000,5,100,,,
2001-08-21 00:00:00,CONN-N-000,5,100,,,
2001-08-22 00:00:00,CONN-N-000,5,100,,,
2001-09-04 00:00:00,CONN-N-000,5.5,200,,,
2001-09-19 00:00:00,CONN-N-000,4.5,2000,,,
2001-09-28 00:00:00,CONN-N-000,4,2000,,,
2001-10-03 00:00:00,CONN-N-000,4.25,200,,,
2001-10-11 00:00:00,CONN-N-000,5,100,,,
2001-10-15 00:00:00,CONN-N-000,6,200,,,
2001-10-16 00:00:00,CONN-N-000,4.5,2100,,,
2001-10-18 00:00:00,CONN-N-000,4.5,1000,,,
2001-11-05 00:00:00,CONN-N-000,4.25,5000,,,
2001-11-06 00:00:00,CONN-N-000,4.25,800,,,
2001-11-09 00:00:00,CONN-N-000,4,200,,,
2001-11-12 00:00:00,CONN-N-000,4,300,,,
2001-11-13 00:00:00,CONN-N-000,5.25,800,,,
2001-11-16 00:00:00,CONN-N-000,5.25,500,,,
2001-11-20 00:00:00,CONN-N-000,5.25,300,,,
2001-11-21 00:00:00,CONN-N-000,5.25,400,,,
2001-11-22 00:00:00,CONN-N-000,5,700,,,
2001-11-28 00:00:00,CONN-N-000,5,100,,,
2001-11-29 00:00:00,CONN-N-000,5,1000,,,
2001-12-03 00:00:00,CONN-N-000,5,900,,,
2001-12-18 00:00:00,CONN-N-000,5,901000,,,
2001-12-20 00:00:00,CONN-N-000,5,500,,,
2001-12-28 00:00:00,CONN-N-000,5,200,,,
2001-12-31 00:00:00,CONN-N-000,5,500,,,
2002-01-03 00:00:00,CONN-N-000,5,300,,,
2002-01-08 00:00:00,CONN-N-000,6,1100,,,
2002-01-15 00:00:00,CONN-N-000,5.25,2000,,,
2002-01-22 00:00:00,CONN-N-000,4.75,1000,,,
2002-01-25 00:00:00,CONN-N-000,4.75,100,,,
2002-02-06 00:00:00,CONN-N-000,5,2700,,,
2001-01-04 00:00:00,DPL-N-0000,12,2000,,,
2001-01-08 00:00:00,DPL-N-0000,12,1000,,,
2001-01-10 00:00:00,DPL-N-0000,11,1300,,,
2001-01-11 00:00:00,DPL-N-0000,12,2600,,,
2001-01-18 00:00:00,DPL-N-0000,11.5,200,,,
2001-01-22 00:00:00,DPL-N-0000,11,500,,,
2001-01-23 00:00:00,DPL-N-0000,11,500,,,
2001-01-25 00:00:00,DPL-N-0000,11,4900,,,
2001-01-26 00:00:00,DPL-N-0000,10.5,200,,,
2001-02-02 00:00:00,DPL-N-0000,11,500,,,
2001-02-08 00:00:00,DPL-N-0000,10,8000,,,
2001-02-13 00:00:00,DPL-N-0000,10,13500,,,
2001-02-14 00:00:00,DPL-N-0000,10,25000,,,
2001-02-15 00:00:00,DPL-N-0000,10,2000,,,
2001-02-16 00:00:00,DPL-N-0000,10.5,7000,,,
2001-02-21 00:00:00,DPL-N-0000,10.5,2100,,,
2001-02-22 00:00:00,DPL-N-0000,10.5,4200,,,
2001-02-23 00:00:00,DPL-N-0000,11,500,,,
2001-02-26 00:00:00,DPL-N-0000,11.5,7500,,,
2001-02-27 00:00:00,DPL-N-0000,11.5,6100,,,
2001-02-28 00:00:00,DPL-N-0000,12,11900,,,
2001-03-01 00:00:00,DPL-N-0000,12,6600,,,
2001-03-02 00:00:00,DPL-N-0000,12,5000,,,
2001-03-05 00:00:00,DPL-N-0000,12.5,3400,,,
2001-03-07 00:00:00,DPL-N-0000,12.5,600,,,
2001-03-13 00:00:00,DPL-N-0000,12.5,300,,,
2001-03-14 00:00:00,DPL-N-0000,12.5,100,,,
2001-03-15 00:00:00,DPL-N-0000,12.5,200,,,
2001-03-16 00:00:00,DPL-N-0000,12.5,200,,,
2001-03-26 00:00:00,DPL-N-0000,12.5,200,,,
2001-03-27 00:00:00,DPL-N-0000,11,1000,,,
2001-03-28 00:00:00,DPL-N-0000,11,1000,,,
2001-04-03 00:00:00,DPL-N-0000,10,1200,,,
2001-04-19 00:00:00,DPL-N-0000,10,600,,,
2001-04-20 00:00:00,DPL-N-0000,10,200,,,
2001-04-27 00:00:00,DPL-N-0000,10,2500,,,
2001-04-30 00:00:00,DPL-N-0000,10,100,,,
2001-05-09 00:00:00,DPL-N-0000,10,200,,,
2001-05-11 00:00:00,DPL-N-0000,9.5,500,,,
2001-05-15 00:00:00,DPL-N-0000,9.5,1200,,,
2001-05-16 00:00:00,DPL-N-0000,9.5,1000,,,
2001-05-21 00:00:00,DPL-N-0000,9.5,1000,,,
2001-05-22 00:00:00,DPL-N-0000,9.5,3100,,,
2001-05-23 00:00:00,DPL-N-0000,9.5,400,,,
2001-05-24 00:00:00,DPL-N-0000,9.5,400,,,
2001-05-28 00:00:00,DPL-N-0000,9.5,1800,,,
2001-05-29 00:00:00,DPL-N-0000,9.25,1000,,,
2001-06-01 00:00:00,DPL-N-0000,9.25,400,,,
2001-06-04 00:00:00,DPL-N-0000,10,16000,,,
2001-06-06 00:00:00,DPL-N-0000,10,1100,,,
2001-06-14 00:00:00,DPL-N-0000,9.75,500,,,
2001-06-22 00:00:00,DPL-N-0000,10,200,,,
2001-06-26 00:00:00,DPL-N-0000,10.5,600,,,
2001-06-27 00:00:00,DPL-N-0000,10.5,1200,,,
2001-07-11 00:00:00,DPL-N-0000,10,500,,,
2001-07-13 00:00:00,DPL-N-0000,10,1700,,,
2001-07-16 00:00:00,DPL-N-0000,10,200,,,
2001-07-17 00:00:00,DPL-N-0000,10,500,,,
2001-07-23 00:00:00,DPL-N-0000,10,200,,,
2001-07-30 00:00:00,DPL-N-0000,10,8000,,,
2001-07-31 00:00:00,DPL-N-0000,10,5000,,,
2001-08-01 00:00:00,DPL-N-0000,10.5,5500,,,
2001-08-07 00:00:00,DPL-N-0000,9.75,500,,,
2001-08-10 00:00:00,DPL-N-0000,9.5,10200,,,
2001-08-13 00:00:00,DPL-N-0000,9.25,800,,,
2001-08-14 00:00:00,DPL-N-0000,9.25,200,,,
2001-08-16 00:00:00,DPL-N-0000,8,2900,,,
2001-08-17 00:00:00,DPL-N-0000,8,300,,,
2001-08-20 00:00:00,DPL-N-0000,8.25,200,,,
2001-08-23 00:00:00,DPL-N-0000,8.25,1400,,,
2001-08-29 00:00:00,DPL-N-0000,8.5,200,,,
2001-09-12 00:00:00,DPL-N-0000,9,2500,,,
2001-09-14 00:00:00,DPL-N-0000,9,100,,,
2001-09-24 00:00:00,DPL-N-0000,9.25,500,,,
2001-10-04 00:00:00,DPL-N-0000,9.25,100,,,
2001-10-05 00:00:00,DPL-N-0000,9.5,2000,,,
2001-10-08 00:00:00,DPL-N-0000,9.5,100,,,
2001-10-10 00:00:00,DPL-N-0000,10,12300,,,
2001-10-11 00:00:00,DPL-N-0000,10,26000,,,
2001-10-12 00:00:00,DPL-N-0000,10.25,6100,,,
2001-10-15 00:00:00,DPL-N-0000,10.25,14400,,,
2001-10-16 00:00:00,DPL-N-0000,10,1400,,,
2001-10-17 00:00:00,DPL-N-0000,10,3500,,,
2001-10-18 00:00:00,DPL-N-0000,10,100,,,
2001-10-19 00:00:00,DPL-N-0000,10.25,900,,,
2001-10-22 00:00:00,DPL-N-0000,10.25,200,,,
2001-10-23 00:00:00,DPL-N-0000,10.25,7000,,,
2001-10-24 00:00:00,DPL-N-0000,10,33300,,,
2001-10-25 00:00:00,DPL-N-0000,10,12800,,,
2001-10-26 00:00:00,DPL-N-0000,10,500,,,
2001-10-29 00:00:00,DPL-N-0000,10,7300,,,
2001-10-30 00:00:00,DPL-N-0000,10,200,,,
2001-11-01 00:00:00,DPL-N-0000,9.75,5300,,,
2001-11-02 00:00:00,DPL-N-0000,10,2000,,,
2001-11-05 00:00:00,DPL-N-0000,9.75,3100,,,
2001-11-06 00:00:00,DPL-N-0000,9.5,12000,,,
2001-11-07 00:00:00,DPL-N-0000,9,58200,,,
2001-11-08 00:00:00,DPL-N-0000,9.75,200,,,
2001-11-13 00:00:00,DPL-N-0000,9.5,1000,,,
2001-11-14 00:00:00,DPL-N-0000,9.5,19000,,,
2001-11-15 00:00:00,DPL-N-0000,9.75,21400,,,
2001-11-19 00:00:00,DPL-N-0000,13.5,137300,,,
2001-11-20 00:00:00,DPL-N-0000,13.25,73300,,,
2001-11-21 00:00:00,DPL-N-0000,13.5,53100,,,
2001-11-22 00:00:00,DPL-N-0000,13.5,38400,,,
2001-11-23 00:00:00,DPL-N-0000,13.5,45000,,,
2001-11-26 00:00:00,DPL-N-0000,13.5,9000,,,
2001-11-27 00:00:00,DPL-N-0000,13,19500,,,
2001-11-28 00:00:00,DPL-N-0000,13,1700,,,
2001-11-29 00:00:00,DPL-N-0000,13,18100,,,
2001-12-03 00:00:00,DPL-N-0000,12.75,20500,,,
2001-12-04 00:00:00,DPL-N-0000,12.5,37700,,,
2001-12-05 00:00:00,DPL-N-0000,12.5,4700,,,
2001-12-07 00:00:00,DPL-N-0000,15.5,60600,,,
2001-12-10 00:00:00,DPL-N-0000,15.5,83500,,,
2001-12-11 00:00:00,DPL-N-0000,14,6200,,,
2001-12-12 00:00:00,DPL-N-0000,13,41200,,,
2001-12-13 00:00:00,DPL-N-0000,12.75,11000,,,
2001-12-14 00:00:00,DPL-N-0000,12.75,16000,,,
2001-12-17 00:00:00,DPL-N-0000,13,10000,,,
2001-12-18 00:00:00,DPL-N-0000,12.5,4200,,,
2001-12-19 00:00:00,DPL-N-0000,12,3600,,,
2001-12-20 00:00:00,DPL-N-0000,12.75,213000,,,
2001-12-21 00:00:00,DPL-N-0000,13,122000,,,
2001-12-27 00:00:00,DPL-N-0000,13.25,1000500,,,
2001-12-28 00:00:00,DPL-N-0000,14.25,29600,,,
2001-12-31 00:00:00,DPL-N-0000,14.25,38400,,,
2002-01-02 00:00:00,DPL-N-0000,13.25,9900,,,
2002-01-03 00:00:00,DPL-N-0000,13.25,100,,,
2002-01-04 00:00:00,DPL-N-0000,13,12700,,,
2002-01-07 00:00:00,DPL-N-0000,12.75,16000,,,
2002-01-08 00:00:00,DPL-N-0000,12.5,11400,,,
2002-01-09 00:00:00,DPL-N-0000,12.25,4200,,,
2002-01-10 00:00:00,DPL-N-0000,12.25,2500,,,
2002-01-11 00:00:00,DPL-N-0000,12,8300,,,
2002-01-15 00:00:00,DPL-N-0000,11.75,200,,,
2002-01-16 00:00:00,DPL-N-0000,11.75,1500,,,
2002-01-17 00:00:00,DPL-N-0000,10.5,5300,,,
2002-01-18 00:00:00,DPL-N-0000,11.5,3300,,,
2002-01-21 00:00:00,DPL-N-0000,11.5,21500,,,
2002-01-22 00:00:00,DPL-N-0000,11.25,100,,,
2002-01-23 00:00:00,DPL-N-0000,11.25,400,,,
2002-01-24 00:00:00,DPL-N-0000,11.25,200,,,
2002-01-25 00:00:00,DPL-N-0000,11,2000,,,
2002-01-29 00:00:00,DPL-N-0000,10.5,3500,,,
2002-01-30 00:00:00,DPL-N-0000,10.5,6600,,,
2002-01-31 00:00:00,DPL-N-0000,10.25,8500,,,
2002-02-01 00:00:00,DPL-N-0000,10.25,5700,,,
2002-02-05 00:00:00,DPL-N-0000,10.25,3400,,,
2002-02-07 00:00:00,DPL-N-0000,10.25,500,,,
2002-02-08 00:00:00,DPL-N-0000,10.25,1700,,,
2002-02-11 00:00:00,DPL-N-0000,11,2400,,,
2001-01-02 00:00:00,DFCC-N-000,80,4100,,,
2001-01-03 00:00:00,DFCC-N-000,80,300,,,
2001-01-04 00:00:00,DFCC-N-000,81,600,,,
2001-01-05 00:00:00,DFCC-N-000,82,1400,,,
2001-01-08 00:00:00,DFCC-N-000,82.5,11800,,,
2001-01-10 00:00:00,DFCC-N-000,82.5,400,,,
2001-01-11 00:00:00,DFCC-N-000,82.5,200,,,
2001-01-16 00:00:00,DFCC-N-000,82.75,2200,,,
2001-01-17 00:00:00,DFCC-N-000,82.5,600,,,
2001-01-22 00:00:00,DFCC-N-000,82.5,900,,,
2001-01-23 00:00:00,DFCC-N-000,82.5,200,,,
2001-01-24 00:00:00,DFCC-N-000,82.5,1500,,,
2001-01-25 00:00:00,DFCC-N-000,79,500,,,
2001-01-26 00:00:00,DFCC-N-000,75,100,,,
2001-01-29 00:00:00,DFCC-N-000,75.25,100,,,
2001-01-30 00:00:00,DFCC-N-000,75.25,100,,,
2001-02-01 00:00:00,DFCC-N-000,75.25,300,,,
2001-02-02 00:00:00,DFCC-N-000,76,15800,,,
2001-02-06 00:00:00,DFCC-N-000,76.25,1000,,,
2001-02-08 00:00:00,DFCC-N-000,80,2000,,,
2001-02-09 00:00:00,DFCC-N-000,80,2000,,,
2001-02-12 00:00:00,DFCC-N-000,80,1200,,,
2001-02-13 00:00:00,DFCC-N-000,82,7800,,,
2001-02-14 00:00:00,DFCC-N-000,78,125900,,,
2001-02-16 00:00:00,DFCC-N-000,80,2200,,,
2001-02-19 00:00:00,DFCC-N-000,80,500,,,
2001-02-20 00:00:00,DFCC-N-000,81.25,2900,,,
2001-02-22 00:00:00,DFCC-N-000,82,3300,,,
2001-02-23 00:00:00,DFCC-N-000,81,700,,,
2001-02-26 00:00:00,DFCC-N-000,81.5,200,,,
2001-02-27 00:00:00,DFCC-N-000,81.5,100,,,
2001-02-28 00:00:00,DFCC-N-000,82,600,,,
2001-03-01 00:00:00,DFCC-N-000,83,1400,,,
2001-03-02 00:00:00,DFCC-N-000,83,300,,,
2001-03-05 00:00:00,DFCC-N-000,78,48000,,,
2001-03-06 00:00:00,DFCC-N-000,78,5500,,,
2001-03-07 00:00:00,DFCC-N-000,80,2400,,,
2001-03-08 00:00:00,DFCC-N-000,81,125500,,,
2001-03-12 00:00:00,DFCC-N-000,78.25,300,,,
2001-03-13 00:00:00,DFCC-N-000,78.5,300,,,
2001-03-14 00:00:00,DFCC-N-000,78.5,1200,,,
2001-03-15 00:00:00,DFCC-N-000,78.5,2000,,,
2001-03-16 00:00:00,DFCC-N-000,80,900,,,
2001-03-19 00:00:00,DFCC-N-000,78.25,5900,,,
2001-03-20 00:00:00,DFCC-N-000,77,800,,,
2001-03-21 00:00:00,DFCC-N-000,76,60200,,,
2001-03-23 00:00:00,DFCC-N-000,78.5,4500,,,
2001-03-26 00:00:00,DFCC-N-000,75,96600,,,
2001-03-27 00:00:00,DFCC-N-000,75,300,,,
2001-03-28 00:00:00,DFCC-N-000,75,1000,,,
2001-03-29 00:00:00,DFCC-N-000,75,700,,,
2001-04-02 00:00:00,DFCC-N-000,75,100,,,
2001-04-03 00:00:00,DFCC-N-000,75,500,,,
2001-04-04 00:00:00,DFCC-N-000,75,2900,,,
2001-04-05 00:00:00,DFCC-N-000,75,151600,,,
2001-04-06 00:00:00,DFCC-N-000,75,100,,,
2001-04-09 00:00:00,DFCC-N-000,75,2200,,,
2001-04-10 00:00:00,DFCC-N-000,74,400,,,
2001-04-11 00:00:00,DFCC-N-000,75,100,,,
2001-04-17 00:00:00,DFCC-N-000,70.5,2600,,,
2001-04-19 00:00:00,DFCC-N-000,72.25,1100,,,
2001-04-23 00:00:00,DFCC-N-000,75,1100,,,
2001-04-25 00:00:00,DFCC-N-000,72,7000,,,
2001-04-26 00:00:00,DFCC-N-000,71.5,1400,,,
2001-04-27 00:00:00,DFCC-N-000,71.5,95800,,,
2001-04-30 00:00:00,DFCC-N-000,71.5,400,,,
2001-05-02 00:00:00,DFCC-N-000,71.25,7100,,,
2001-05-04 00:00:00,DFCC-N-000,71.75,700,,,
2001-05-09 00:00:00,DFCC-N-000,71,26600,,,
2001-05-10 00:00:00,DFCC-N-000,71.5,100,,,
2001-05-11 00:00:00,DFCC-N-000,71.25,37100,,,
2001-05-14 00:00:00,DFCC-N-000,71.5,600,,,
2001-05-15 00:00:00,DFCC-N-000,71.5,500,,,
2001-05-16 00:00:00,DFCC-N-000,72,200,,,
2001-05-18 00:00:00,DFCC-N-000,73,1500,,,
2001-05-22 00:00:00,DFCC-N-000,79,2300,,,
2001-05-23 00:00:00,DFCC-N-000,79.5,5600,,,
2001-05-24 00:00:00,DFCC-N-000,80,45100,,,
2001-05-25 00:00:00,DFCC-N-000,81,17800,,,
2001-05-28 00:00:00,DFCC-N-000,88,2596400,,,
2001-05-29 00:00:00,DFCC-N-000,90,10300,,,
2001-05-30 00:00:00,DFCC-N-000,90,26000,,,
2001-05-31 00:00:00,DFCC-N-000,90,53100,,,
2001-06-01 00:00:00,DFCC-N-000,89.5,179100,,,
2001-06-04 00:00:00,DFCC-N-000,89,11600,,,
2001-06-06 00:00:00,DFCC-N-000,87,900,,,
2001-06-07 00:00:00,DFCC-N-000,90,268900,,,
2001-06-08 00:00:00,DFCC-N-000,89.25,557400,,,
2001-06-11 00:00:00,DFCC-N-000,89.25,100700,,,
2001-06-12 00:00:00,DFCC-N-000,89.5,500,,,
2001-06-13 00:00:00,DFCC-N-000,89,300,,,
2001-06-14 00:00:00,DFCC-N-000,88,13000,,,
2001-06-18 00:00:00,DFCC-N-000,70,800,,,
2001-06-19 00:00:00,DFCC-N-000,68,46000,,,
2001-06-20 00:00:00,DFCC-N-000,68,4700,,,
2001-06-21 00:00:00,DFCC-N-000,70.5,5100,,,
2001-06-22 00:00:00,DFCC-N-000,65,472300,,,
2001-06-25 00:00:00,DFCC-N-000,67,1200,,,
2001-06-26 00:00:00,DFCC-N-000,67,400,,,
2001-06-28 00:00:00,DFCC-N-000,67,300,,,
2001-07-02 00:00:00,DFCC-N-000,65,6600,,,
2001-07-03 00:00:00,DFCC-N-000,68.75,200,,,
2001-07-04 00:00:00,DFCC-N-000,65.5,1500,,,
2001-07-06 00:00:00,DFCC-N-000,65.5,300,,,
2001-07-09 00:00:00,DFCC-N-000,65.5,200,,,
2001-07-11 00:00:00,DFCC-N-000,65.5,7700,,,
2001-07-12 00:00:00,DFCC-N-000,65.5,6800,,,
2001-07-13 00:00:00,DFCC-N-000,65.25,200,,,
2001-07-16 00:00:00,DFCC-N-000,65.5,1100,,,
2001-07-17 00:00:00,DFCC-N-000,65,5800,,,
2001-07-18 00:00:00,DFCC-N-000,65,1900,,,
2001-07-19 00:00:00,DFCC-N-000,65,600,,,
2001-07-24 00:00:00,DFCC-N-000,64,1300,,,
2001-07-25 00:00:00,DFCC-N-000,65,600,,,
2001-07-26 00:00:00,DFCC-N-000,65,500,,,
2001-07-27 00:00:00,DFCC-N-000,64,8700,,,
2001-07-30 00:00:00,DFCC-N-000,63,100,,,
2001-08-01 00:00:00,DFCC-N-000,63,500,,,
2001-08-07 00:00:00,DFCC-N-000,62.25,1300,,,
2001-08-08 00:00:00,DFCC-N-000,62,100,,,
2001-08-10 00:00:00,DFCC-N-000,62,900,,,
2001-08-13 00:00:00,DFCC-N-000,61,500,,,
2001-08-14 00:00:00,DFCC-N-000,55.5,1500,,,
2001-08-15 00:00:00,DFCC-N-000,55.75,800,,,
2001-08-16 00:00:00,DFCC-N-000,53,2200,,,
2001-08-17 00:00:00,DFCC-N-000,52.75,900,,,
2001-08-20 00:00:00,DFCC-N-000,53,600,,,
2001-08-27 00:00:00,DFCC-N-000,55,20000,,,
2001-08-28 00:00:00,DFCC-N-000,58,1833200,,,
2001-08-31 00:00:00,DFCC-N-000,60,100,,,
2001-09-03 00:00:00,DFCC-N-000,58,2400,,,
2001-09-04 00:00:00,DFCC-N-000,58,700,,,
2001-09-07 00:00:00,DFCC-N-000,59.5,100,,,
2001-09-11 00:00:00,DFCC-N-000,60,200,,,
2001-09-12 00:00:00,DFCC-N-000,62,300,,,
2001-09-14 00:00:00,DFCC-N-000,63,200,,,
2001-09-18 00:00:00,DFCC-N-000,60,100,,,
2001-09-19 00:00:00,DFCC-N-000,58,400,,,
2001-09-21 00:00:00,DFCC-N-000,58,500,,,
2001-09-24 00:00:00,DFCC-N-000,60,700,,,
2001-09-26 00:00:00,DFCC-N-000,60,1400,,,
2001-09-27 00:00:00,DFCC-N-000,58.5,300,,,
2001-09-28 00:00:00,DFCC-N-000,60,900,,,
2001-10-04 00:00:00,DFCC-N-000,59,100,,,
2001-10-05 00:00:00,DFCC-N-000,58.5,200,,,
2001-10-08 00:00:00,DFCC-N-000,57,14900,,,
2001-10-09 00:00:00,DFCC-N-000,58.75,300,,,
2001-10-10 00:00:00,DFCC-N-000,65,8800,,,
2001-10-11 00:00:00,DFCC-N-000,80,54900,,,
2001-10-12 00:00:00,DFCC-N-000,85,93200,,,
2001-10-15 00:00:00,DFCC-N-000,82,30700,,,
2001-10-16 00:00:00,DFCC-N-000,80,44600,,,
2001-10-17 00:00:00,DFCC-N-000,84,35100,,,
2001-10-18 00:00:00,DFCC-N-000,85,6200,,,
2001-10-19 00:00:00,DFCC-N-000,83,52000,,,
2001-10-22 00:00:00,DFCC-N-000,86,8100,,,
2001-10-23 00:00:00,DFCC-N-000,94,49900,,,
2001-10-24 00:00:00,DFCC-N-000,92,23900,,,
2001-10-25 00:00:00,DFCC-N-000,92.25,20800,,,
2001-10-26 00:00:00,DFCC-N-000,96,122500,,,
2001-10-29 00:00:00,DFCC-N-000,97.5,16400,,,
2001-10-30 00:00:00,DFCC-N-000,95,3000,,,
2001-11-01 00:00:00,DFCC-N-000,93,6800,,,
2001-11-02 00:00:00,DFCC-N-000,89.75,285600,,,
2001-11-05 00:00:00,DFCC-N-000,90,8200,,,
2001-11-06 00:00:00,DFCC-N-000,90,1200,,,
2001-11-08 00:00:00,DFCC-N-000,90,23500,,,
2001-11-09 00:00:00,DFCC-N-000,90.25,37400,,,
2001-11-12 00:00:00,DFCC-N-000,93,600,,,
2001-11-13 00:00:00,DFCC-N-000,90,3000,,,
2001-11-14 00:00:00,DFCC-N-000,90,9400,,,
2001-11-15 00:00:00,DFCC-N-000,90.5,33300,,,
2001-11-16 00:00:00,DFCC-N-000,96,8400,,,
2001-11-19 00:00:00,DFCC-N-000,96.25,27800,,,
2001-11-20 00:00:00,DFCC-N-000,96,16200,,,
2001-11-21 00:00:00,DFCC-N-000,98,71800,,,
2001-11-22 00:00:00,DFCC-N-000,99,27700,,,
2001-11-23 00:00:00,DFCC-N-000,99.75,49400,,,
2001-11-26 00:00:00,DFCC-N-000,99,58500,,,
2001-11-27 00:00:00,DFCC-N-000,98,12900,,,
2001-11-28 00:00:00,DFCC-N-000,99,222000,,,
2001-11-29 00:00:00,DFCC-N-000,98,137200,,,
2001-12-03 00:00:00,DFCC-N-000,99,136700,,,
2001-12-04 00:00:00,DFCC-N-000,100,159800,,,
2001-12-05 00:00:00,DFCC-N-000,99.75,26600,,,
2001-12-07 00:00:00,DFCC-N-000,126,449500,,,
2001-12-10 00:00:00,DFCC-N-000,135,71800,,,
2001-12-11 00:00:00,DFCC-N-000,130,49500,,,
2001-12-12 00:00:00,DFCC-N-000,125,22700,,,
2001-12-13 00:00:00,DFCC-N-000,114,19900,,,
2001-12-14 00:00:00,DFCC-N-000,118.5,13900,,,
2001-12-17 00:00:00,DFCC-N-000,119,26600,,,
2001-12-18 00:00:00,DFCC-N-000,112.25,9100,,,
2001-12-19 00:00:00,DFCC-N-000,108,6600,,,
2001-12-20 00:00:00,DFCC-N-000,113,6300,,,
2001-12-21 00:00:00,DFCC-N-000,110,58800,,,
2001-12-27 00:00:00,DFCC-N-000,110,174300,,,
2001-12-28 00:00:00,DFCC-N-000,114,496500,,,
2001-12-31 00:00:00,DFCC-N-000,115,23700,,,
2002-01-02 00:00:00,DFCC-N-000,115,4400,,,
2002-01-04 00:00:00,DFCC-N-000,113,3800,,,
2002-01-08 00:00:00,DFCC-N-000,111,81400,,,
2002-01-09 00:00:00,DFCC-N-000,112,1200,,,
2002-01-10 00:00:00,DFCC-N-000,110,5500,,,
2002-01-11 00:00:00,DFCC-N-000,108,10300,,,
2002-01-15 00:00:00,DFCC-N-000,105,14100,,,
2002-01-16 00:00:00,DFCC-N-000,101,17300,,,
2002-01-17 00:00:00,DFCC-N-000,100,2200,,,
2002-01-18 00:00:00,DFCC-N-000,105,5300,,,
2002-01-21 00:00:00,DFCC-N-000,105,1600,,,
2002-01-22 00:00:00,DFCC-N-000,103.5,4000,,,
2002-01-23 00:00:00,DFCC-N-000,103,300,,,
2002-01-24 00:00:00,DFCC-N-000,105,1800,,,
2002-01-25 00:00:00,DFCC-N-000,105,2300,,,
2002-01-29 00:00:00,DFCC-N-000,102.5,1700,,,
2002-01-30 00:00:00,DFCC-N-000,101,1000,,,
2002-01-31 00:00:00,DFCC-N-000,99.5,48700,,,
2002-02-01 00:00:00,DFCC-N-000,99,261900,,,
2002-02-05 00:00:00,DFCC-N-000,99,3600,,,
2002-02-06 00:00:00,DFCC-N-000,101,2600,,,
2002-02-07 00:00:00,DFCC-N-000,103,500,,,
2002-02-08 00:00:00,DFCC-N-000,103,700,,,
2002-02-11 00:00:00,DFCC-N-000,103.75,3400,,,
2001-01-18 00:00:00,DIMO-N-000,42.25,100,,,
2001-01-19 00:00:00,DIMO-N-000,38,4900,,,
2001-02-01 00:00:00,DIMO-N-000,38.5,2000,,,
2001-02-06 00:00:00,DIMO-N-000,39.75,100,,,
2001-02-08 00:00:00,DIMO-N-000,38.5,900,,,
2001-02-23 00:00:00,DIMO-N-000,38,2700,,,
2001-03-08 00:00:00,DIMO-N-000,38,800,,,
2001-03-14 00:00:00,DIMO-N-000,38,100,,,
2001-03-29 00:00:00,DIMO-N-000,38,5800,,,
2001-04-04 00:00:00,DIMO-N-000,35,100,,,
2001-05-10 00:00:00,DIMO-N-000,33,600,,,
2001-05-16 00:00:00,DIMO-N-000,33,200,,,
2001-05-21 00:00:00,DIMO-N-000,33,100,,,
2001-05-24 00:00:00,DIMO-N-000,35,100,,,
2001-05-25 00:00:00,DIMO-N-000,35,600,,,
2001-05-31 00:00:00,DIMO-N-000,35,800,,,
2001-06-04 00:00:00,DIMO-N-000,35,100,,,
2001-06-18 00:00:00,DIMO-N-000,33.25,300,,,
2001-06-19 00:00:00,DIMO-N-000,32.5,800,,,
2001-07-03 00:00:00,DIMO-N-000,32.5,400,,,
2001-07-10 00:00:00,DIMO-N-000,33,400,,,
2001-07-11 00:00:00,DIMO-N-000,33,100,,,
2001-07-12 00:00:00,DIMO-N-000,32.5,200,,,
2001-07-16 00:00:00,DIMO-N-000,32.75,400,,,
2001-07-31 00:00:00,DIMO-N-000,32.75,400,,,
2001-08-01 00:00:00,DIMO-N-000,33,400,,,
2001-08-06 00:00:00,DIMO-N-000,33,300,,,
2001-09-12 00:00:00,DIMO-N-000,32,200,,,
2001-09-13 00:00:00,DIMO-N-000,32,600,,,
2001-09-18 00:00:00,DIMO-N-000,32,300,,,
2001-09-25 00:00:00,DIMO-N-000,32,100,,,
2001-10-10 00:00:00,DIMO-N-000,32,700,,,
2001-10-12 00:00:00,DIMO-N-000,32,100,,,
2001-10-15 00:00:00,DIMO-N-000,32,300,,,
2001-10-22 00:00:00,DIMO-N-000,32.5,300,,,
2001-10-24 00:00:00,DIMO-N-000,36,3300,,,
2001-11-22 00:00:00,DIMO-N-000,38,10300,,,
2001-11-23 00:00:00,DIMO-N-000,38,400,,,
2001-11-26 00:00:00,DIMO-N-000,39,300,,,
2001-11-28 00:00:00,DIMO-N-000,39,1400,,,
2001-12-03 00:00:00,DIMO-N-000,39,200,,,
2001-12-04 00:00:00,DIMO-N-000,39,5400,,,
2001-12-05 00:00:00,DIMO-N-000,40,3000,,,
2001-12-07 00:00:00,DIMO-N-000,42,4600,,,
2001-12-10 00:00:00,DIMO-N-000,47,6700,,,
2001-12-11 00:00:00,DIMO-N-000,45,1100,,,
2001-01-05 00:00:00,DIPD-N-000,46,400,,,
2001-01-10 00:00:00,DIPD-N-000,46.25,500,,,
2001-01-11 00:00:00,DIPD-N-000,46.25,200,,,
2001-01-17 00:00:00,DIPD-N-000,46.5,200,,,
2001-01-18 00:00:00,DIPD-N-000,46.25,1400,,,
2001-01-22 00:00:00,DIPD-N-000,46.25,1200,,,
2001-01-23 00:00:00,DIPD-N-000,46.25,1000,,,
2001-01-24 00:00:00,DIPD-N-000,46.25,300,,,
2001-02-01 00:00:00,DIPD-N-000,47.5,600,,,
2001-02-02 00:00:00,DIPD-N-000,48,400,,,
2001-02-08 00:00:00,DIPD-N-000,48.5,300,,,
2001-02-09 00:00:00,DIPD-N-000,50,3400,,,
2001-02-13 00:00:00,DIPD-N-000,50,1100,,,
2001-02-14 00:00:00,DIPD-N-000,50,1000,,,
2001-02-15 00:00:00,DIPD-N-000,50.5,2600,,,
2001-02-16 00:00:00,DIPD-N-000,50.5,1600,,,
2001-02-19 00:00:00,DIPD-N-000,50,200,,,
2001-02-20 00:00:00,DIPD-N-000,50,10200,,,
2001-02-21 00:00:00,DIPD-N-000,52,300,,,
2001-02-22 00:00:00,DIPD-N-000,51.25,2600,,,
2001-02-23 00:00:00,DIPD-N-000,51,1400,,,
2001-02-26 00:00:00,DIPD-N-000,51,600,,,
2001-02-27 00:00:00,DIPD-N-000,51.5,1200,,,
2001-02-28 00:00:00,DIPD-N-000,51.5,800,,,
2001-03-01 00:00:00,DIPD-N-000,51.5,200,,,
2001-03-02 00:00:00,DIPD-N-000,51,700,,,
2001-03-07 00:00:00,DIPD-N-000,50.5,200,,,
2001-03-08 00:00:00,DIPD-N-000,50.5,100,,,
2001-03-16 00:00:00,DIPD-N-000,46.25,100,,,
2001-03-20 00:00:00,DIPD-N-000,46.25,400,,,
2001-03-21 00:00:00,DIPD-N-000,47,1100,,,
2001-03-22 00:00:00,DIPD-N-000,47,700,,,
2001-03-23 00:00:00,DIPD-N-000,46.5,500,,,
2001-03-27 00:00:00,DIPD-N-000,46.5,200,,,
2001-03-28 00:00:00,DIPD-N-000,46.5,200,,,
2001-03-29 00:00:00,DIPD-N-000,46.5,500,,,
2001-03-30 00:00:00,DIPD-N-000,46.5,900,,,
2001-04-02 00:00:00,DIPD-N-000,46.5,400,,,
2001-04-03 00:00:00,DIPD-N-000,46.5,300,,,
2001-04-05 00:00:00,DIPD-N-000,46.75,1000,,,
2001-04-06 00:00:00,DIPD-N-000,47,100,,,
2001-04-23 00:00:00,DIPD-N-000,48,2200,,,
2001-04-24 00:00:00,DIPD-N-000,48,400,,,
2001-04-27 00:00:00,DIPD-N-000,48,3600,,,
2001-05-09 00:00:00,DIPD-N-000,48,100,,,
2001-05-10 00:00:00,DIPD-N-000,48.25,800,,,
2001-05-11 00:00:00,DIPD-N-000,48,800,,,
2001-05-14 00:00:00,DIPD-N-000,48,300,,,
2001-05-15 00:00:00,DIPD-N-000,48.5,700,,,
2001-05-16 00:00:00,DIPD-N-000,48.5,100,,,
2001-05-18 00:00:00,DIPD-N-000,49.5,500,,,
2001-05-21 00:00:00,DIPD-N-000,50,1300,,,
2001-05-24 00:00:00,DIPD-N-000,50,200,,,
2001-05-28 00:00:00,DIPD-N-000,50,100,,,
2001-05-29 00:00:00,DIPD-N-000,50,500,,,
2001-05-30 00:00:00,DIPD-N-000,50.25,8700,,,
2001-05-31 00:00:00,DIPD-N-000,50,23000,,,
2001-06-01 00:00:00,DIPD-N-000,50,300,,,
2001-06-06 00:00:00,DIPD-N-000,50,400,,,
2001-06-07 00:00:00,DIPD-N-000,50,700,,,
2001-06-08 00:00:00,DIPD-N-000,50,1500,,,
2001-06-11 00:00:00,DIPD-N-000,50,200,,,
2001-06-14 00:00:00,DIPD-N-000,50.5,2400,,,
2001-06-15 00:00:00,DIPD-N-000,50.25,1100,,,
2001-06-18 00:00:00,DIPD-N-000,48.5,1700,,,
2001-06-19 00:00:00,DIPD-N-000,48.5,500,,,
2001-06-21 00:00:00,DIPD-N-000,50,2800,,,
2001-06-22 00:00:00,DIPD-N-000,50,2400,,,
2001-06-25 00:00:00,DIPD-N-000,50.25,200,,,
2001-06-26 00:00:00,DIPD-N-000,52,1300,,,
2001-06-27 00:00:00,DIPD-N-000,50,53900,,,
2001-06-28 00:00:00,DIPD-N-000,50,1000,,,
2001-06-29 00:00:00,DIPD-N-000,51,2300,,,
2001-07-02 00:00:00,DIPD-N-000,51,1000,,,
2001-07-03 00:00:00,DIPD-N-000,51,800,,,
2001-07-06 00:00:00,DIPD-N-000,51,2500,,,
2001-07-09 00:00:00,DIPD-N-000,51,600,,,
2001-07-10 00:00:00,DIPD-N-000,51,1900,,,
2001-07-11 00:00:00,DIPD-N-000,51,200,,,
2001-07-12 00:00:00,DIPD-N-000,50,1900,,,
2001-07-13 00:00:00,DIPD-N-000,50,1700,,,
2001-07-18 00:00:00,DIPD-N-000,50,1400,,,
2001-07-19 00:00:00,DIPD-N-000,50,200,,,
2001-07-23 00:00:00,DIPD-N-000,50,100,,,
2001-07-25 00:00:00,DIPD-N-000,50,800,,,
2001-07-26 00:00:00,DIPD-N-000,50,2300,,,
2001-07-27 00:00:00,DIPD-N-000,50,100,,,
2001-08-08 00:00:00,DIPD-N-000,50,2600,,,
2001-08-09 00:00:00,DIPD-N-000,50,100,,,
2001-08-10 00:00:00,DIPD-N-000,50,4500,,,
2001-08-14 00:00:00,DIPD-N-000,50,5100,,,
2001-08-15 00:00:00,DIPD-N-000,50,100,,,
2001-08-16 00:00:00,DIPD-N-000,50,8000,,,
2001-08-20 00:00:00,DIPD-N-000,49.5,200,,,
2001-08-23 00:00:00,DIPD-N-000,50,3000,,,
2001-08-27 00:00:00,DIPD-N-000,50,5600,,,
2001-08-28 00:00:00,DIPD-N-000,50,4100,,,
2001-08-30 00:00:00,DIPD-N-000,50,1100,,,
2001-08-31 00:00:00,DIPD-N-000,50,1300,,,
2001-09-05 00:00:00,DIPD-N-000,50,1000,,,
2001-09-06 00:00:00,DIPD-N-000,50,700,,,
2001-09-11 00:00:00,DIPD-N-000,47,600,,,
2001-09-17 00:00:00,DIPD-N-000,49.5,1000,,,
2001-09-18 00:00:00,DIPD-N-000,47,500,,,
2001-09-19 00:00:00,DIPD-N-000,47,500,,,
2001-09-20 00:00:00,DIPD-N-000,47,700,,,
2001-09-21 00:00:00,DIPD-N-000,47,200,,,
2001-09-25 00:00:00,DIPD-N-000,47,500,,,
2001-09-26 00:00:00,DIPD-N-000,47,900,,,
2001-09-27 00:00:00,DIPD-N-000,46.25,2000,,,
2001-09-28 00:00:00,DIPD-N-000,46.25,100,,,
2001-10-01 00:00:00,DIPD-N-000,46.25,200,,,
2001-10-05 00:00:00,DIPD-N-000,45.5,700,,,
2001-10-08 00:00:00,DIPD-N-000,45.5,100,,,
2001-10-09 00:00:00,DIPD-N-000,46.25,1000,,,
2001-10-10 00:00:00,DIPD-N-000,48,400,,,
2001-10-11 00:00:00,DIPD-N-000,48.5,800,,,
2001-10-12 00:00:00,DIPD-N-000,50,500,,,
2001-10-16 00:00:00,DIPD-N-000,49,4200,,,
2001-10-18 00:00:00,DIPD-N-000,50,700,,,
2001-10-19 00:00:00,DIPD-N-000,50,21600,,,
2001-10-22 00:00:00,DIPD-N-000,50.5,300,,,
2001-10-23 00:00:00,DIPD-N-000,52,3100,,,
2001-10-25 00:00:00,DIPD-N-000,49,388100,,,
2001-10-26 00:00:00,DIPD-N-000,49,558400,,,
2001-11-01 00:00:00,DIPD-N-000,50,900,,,
2001-11-02 00:00:00,DIPD-N-000,50,100,,,
2001-11-05 00:00:00,DIPD-N-000,50,1000,,,
2001-11-06 00:00:00,DIPD-N-000,49,300,,,
2001-11-16 00:00:00,DIPD-N-000,50,200,,,
2001-11-19 00:00:00,DIPD-N-000,50.5,400,,,
2001-11-21 00:00:00,DIPD-N-000,50.5,4000,,,
2001-11-22 00:00:00,DIPD-N-000,50.75,300,,,
2001-11-23 00:00:00,DIPD-N-000,56,16100,,,
2001-11-26 00:00:00,DIPD-N-000,55.5,1000,,,
2001-11-27 00:00:00,DIPD-N-000,54.5,1200,,,
2001-11-28 00:00:00,DIPD-N-000,55.5,12400,,,
2001-11-29 00:00:00,DIPD-N-000,56,2000,,,
2001-12-03 00:00:00,DIPD-N-000,56,4000,,,
2001-12-04 00:00:00,DIPD-N-000,55,1100,,,
2001-12-05 00:00:00,DIPD-N-000,56.5,100,,,
2001-12-07 00:00:00,DIPD-N-000,65,15900,,,
2001-12-10 00:00:00,DIPD-N-000,75,31300,,,
2001-12-11 00:00:00,DIPD-N-000,75,15000,,,
2001-12-12 00:00:00,DIPD-N-000,74,2200,,,
2001-12-13 00:00:00,DIPD-N-000,70,30500,,,
2001-12-14 00:00:00,DIPD-N-000,70,8200,,,
2001-12-17 00:00:00,DIPD-N-000,70.25,6600,,,
2001-12-18 00:00:00,DIPD-N-000,70.25,1800,,,
2001-12-19 00:00:00,DIPD-N-000,70.25,1200,,,
2001-12-28 00:00:00,DIPD-N-000,70.5,700,,,
2002-01-03 00:00:00,DIPD-N-000,54.5,1000,,,
2002-01-04 00:00:00,DIPD-N-000,65,1500,,,
2002-01-07 00:00:00,DIPD-N-000,65,2900,,,
2002-01-08 00:00:00,DIPD-N-000,65,1500,,,
2002-01-09 00:00:00,DIPD-N-000,64,7100,,,
2002-01-10 00:00:00,DIPD-N-000,60,3400,,,
2002-01-11 00:00:00,DIPD-N-000,60,100,,,
2002-01-15 00:00:00,DIPD-N-000,60,200,,,
2002-01-16 00:00:00,DIPD-N-000,60,200,,,
2002-01-18 00:00:00,DIPD-N-000,65,2900,,,
2002-01-24 00:00:00,DIPD-N-000,63,1700,,,
2002-01-29 00:00:00,DIPD-N-000,60,100,,,
2002-01-30 00:00:00,DIPD-N-000,60,500,,,
2002-01-31 00:00:00,DIPD-N-000,58.5,2000,,,
2002-02-01 00:00:00,DIPD-N-000,58,1500,,,
2002-02-05 00:00:00,DIPD-N-000,58,200,,,
2002-02-06 00:00:00,DIPD-N-000,56,200,,,
2002-02-07 00:00:00,DIPD-N-000,58.5,300,,,
2002-02-08 00:00:00,DIPD-N-000,58,100,,,
2001-01-02 00:00:00,DIST-N-000,4,31900,,,
2001-01-03 00:00:00,DIST-N-000,4,24000,,,
2001-01-04 00:00:00,DIST-N-000,4,600,,,
2001-01-10 00:00:00,DIST-N-000,4,3100,,,
2001-01-11 00:00:00,DIST-N-000,4,2000,,,
2001-01-12 00:00:00,DIST-N-000,4.5,257200,,,
2001-01-16 00:00:00,DIST-N-000,4.25,21300,,,
2001-01-17 00:00:00,DIST-N-000,4.25,9800,,,
2001-01-18 00:00:00,DIST-N-000,4.25,9800,,,
2001-01-19 00:00:00,DIST-N-000,4.25,5600,,,
2001-01-22 00:00:00,DIST-N-000,4,26500,,,
2001-01-23 00:00:00,DIST-N-000,4,300,,,
2001-01-24 00:00:00,DIST-N-000,4.25,1100,,,
2001-01-25 00:00:00,DIST-N-000,4.25,44000,,,
2001-01-26 00:00:00,DIST-N-000,4,5300,,,
2001-01-29 00:00:00,DIST-N-000,4,2500,,,
2001-01-30 00:00:00,DIST-N-000,4,600,,,
2001-01-31 00:00:00,DIST-N-000,4.25,13000,,,
2001-02-01 00:00:00,DIST-N-000,4.25,500600,,,
2001-02-02 00:00:00,DIST-N-000,4.25,5100,,,
2001-02-06 00:00:00,DIST-N-000,4.25,1000,,,
2001-02-08 00:00:00,DIST-N-000,4,254000,,,
2001-02-09 00:00:00,DIST-N-000,4,81600,,,
2001-02-12 00:00:00,DIST-N-000,4,2300,,,
2001-02-13 00:00:00,DIST-N-000,4,35600,,,
2001-02-14 00:00:00,DIST-N-000,3.75,28900,,,
2001-02-15 00:00:00,DIST-N-000,3.75,915600,,,
2001-02-16 00:00:00,DIST-N-000,3.75,500,,,
2001-02-20 00:00:00,DIST-N-000,3.75,1700,,,
2001-02-21 00:00:00,DIST-N-000,4,5200,,,
2001-02-22 00:00:00,DIST-N-000,4,2500,,,
2001-02-26 00:00:00,DIST-N-000,4,8200,,,
2001-02-27 00:00:00,DIST-N-000,4,70000,,,
2001-02-28 00:00:00,DIST-N-000,4,39000,,,
2001-03-01 00:00:00,DIST-N-000,4,36800,,,
2001-03-02 00:00:00,DIST-N-000,4,41200,,,
2001-03-05 00:00:00,DIST-N-000,4,15600,,,
2001-03-06 00:00:00,DIST-N-000,4,38500,,,
2001-03-07 00:00:00,DIST-N-000,4,39300,,,
2001-03-08 00:00:00,DIST-N-000,4,2500,,,
2001-03-12 00:00:00,DIST-N-000,4,200,,,
2001-03-13 00:00:00,DIST-N-000,3.75,800,,,
2001-03-15 00:00:00,DIST-N-000,3.75,311200,,,
2001-03-16 00:00:00,DIST-N-000,3.75,400,,,
2001-03-19 00:00:00,DIST-N-000,3.75,6800,,,
2001-03-21 00:00:00,DIST-N-000,3.75,702600,,,
2001-03-28 00:00:00,DIST-N-000,3.75,25100,,,
2001-03-29 00:00:00,DIST-N-000,3.75,1400,,,
2001-03-30 00:00:00,DIST-N-000,3.75,439600,,,
2001-04-03 00:00:00,DIST-N-000,3.75,29000,,,
2001-04-04 00:00:00,DIST-N-000,3.75,27000,,,
2001-04-05 00:00:00,DIST-N-000,3.75,57100,,,
2001-04-06 00:00:00,DIST-N-000,3.75,25000,,,
2001-04-16 00:00:00,DIST-N-000,3.75,500,,,
2001-04-18 00:00:00,DIST-N-000,3.75,5000,,,
2001-04-19 00:00:00,DIST-N-000,3.75,6000,,,
2001-04-20 00:00:00,DIST-N-000,3.75,2000,,,
2001-04-23 00:00:00,DIST-N-000,3.75,5000,,,
2001-04-24 00:00:00,DIST-N-000,3.75,5600,,,
2001-04-25 00:00:00,DIST-N-000,3.75,29000,,,
2001-04-26 00:00:00,DIST-N-000,4,24300,,,
2001-04-30 00:00:00,DIST-N-000,3.75,11000,,,
2001-05-02 00:00:00,DIST-N-000,4,26500,,,
2001-05-03 00:00:00,DIST-N-000,4,15600,,,
2001-05-04 00:00:00,DIST-N-000,3.75,116800,,,
2001-05-09 00:00:00,DIST-N-000,4,300,,,
2001-05-10 00:00:00,DIST-N-000,3.75,23800,,,
2001-05-11 00:00:00,DIST-N-000,3.75,338200,,,
2001-05-15 00:00:00,DIST-N-000,3.75,8500,,,
2001-05-16 00:00:00,DIST-N-000,3.75,2000,,,
2001-05-17 00:00:00,DIST-N-000,3.75,3300,,,
2001-05-18 00:00:00,DIST-N-000,3.75,2500,,,
2001-05-21 00:00:00,DIST-N-000,3.75,200,,,
2001-05-22 00:00:00,DIST-N-000,3.75,2200,,,
2001-05-25 00:00:00,DIST-N-000,4,25000,,,
2001-05-28 00:00:00,DIST-N-000,3.75,1000,,,
2001-05-29 00:00:00,DIST-N-000,3.75,128200,,,
2001-05-30 00:00:00,DIST-N-000,3.75,6400,,,
2001-05-31 00:00:00,DIST-N-000,3.5,911800,,,
2001-06-01 00:00:00,DIST-N-000,3.5,432500,,,
2001-06-04 00:00:00,DIST-N-000,3.5,3600,,,
2001-06-06 00:00:00,DIST-N-000,3.5,13400,,,
2001-06-08 00:00:00,DIST-N-000,3.75,175300,,,
2001-06-11 00:00:00,DIST-N-000,3.5,400,,,
2001-06-12 00:00:00,DIST-N-000,3.75,31500,,,
2001-06-13 00:00:00,DIST-N-000,3.75,54200,,,
2001-06-14 00:00:00,DIST-N-000,4,31000,,,
2001-06-15 00:00:00,DIST-N-000,4,77000,,,
2001-06-18 00:00:00,DIST-N-000,4,500,,,
2001-06-20 00:00:00,DIST-N-000,4,176500,,,
2001-06-21 00:00:00,DIST-N-000,4,132200,,,
2001-06-22 00:00:00,DIST-N-000,4,27000,,,
2001-06-25 00:00:00,DIST-N-000,4,22000,,,
2001-06-26 00:00:00,DIST-N-000,4,17000,,,
2001-06-27 00:00:00,DIST-N-000,4,11000,,,
2001-06-28 00:00:00,DIST-N-000,4.25,147400,,,
2001-07-02 00:00:00,DIST-N-000,4,5000,,,
2001-07-03 00:00:00,DIST-N-000,4,18800,,,
2001-07-04 00:00:00,DIST-N-000,4.25,11100,,,
2001-07-06 00:00:00,DIST-N-000,4,50600,,,
2001-07-09 00:00:00,DIST-N-000,4,10000,,,
2001-07-10 00:00:00,DIST-N-000,4,4600,,,
2001-07-11 00:00:00,DIST-N-000,4,92600,,,
2001-07-12 00:00:00,DIST-N-000,4,6200,,,
2001-07-13 00:00:00,DIST-N-000,4,10900,,,
2001-07-16 00:00:00,DIST-N-000,4,3000,,,
2001-07-20 00:00:00,DIST-N-000,4,4000,,,
2001-07-23 00:00:00,DIST-N-000,4,3300,,,
2001-07-24 00:00:00,DIST-N-000,4,57500,,,
2001-07-25 00:00:00,DIST-N-000,4,12000,,,
2001-07-26 00:00:00,DIST-N-000,4,10400,,,
2001-07-27 00:00:00,DIST-N-000,4,1000,,,
2001-07-30 00:00:00,DIST-N-000,4,9200,,,
2001-07-31 00:00:00,DIST-N-000,4.25,1500,,,
2001-08-01 00:00:00,DIST-N-000,4,600,,,
2001-08-06 00:00:00,DIST-N-000,4.25,12500,,,
2001-08-07 00:00:00,DIST-N-000,4,400,,,
2001-08-09 00:00:00,DIST-N-000,4.25,600,,,
2001-08-10 00:00:00,DIST-N-000,4,67700,,,
2001-08-13 00:00:00,DIST-N-000,4,13200,,,
2001-08-14 00:00:00,DIST-N-000,4,304700,,,
2001-08-17 00:00:00,DIST-N-000,3.75,800,,,
2001-08-20 00:00:00,DIST-N-000,3.75,1000,,,
2001-08-21 00:00:00,DIST-N-000,3.75,38400,,,
2001-08-22 00:00:00,DIST-N-000,3.75,30800,,,
2001-08-24 00:00:00,DIST-N-000,4,24000,,,
2001-08-27 00:00:00,DIST-N-000,4.25,37400,,,
2001-08-28 00:00:00,DIST-N-000,4,6000,,,
2001-08-29 00:00:00,DIST-N-000,4.25,14200,,,
2001-08-30 00:00:00,DIST-N-000,4.25,5300,,,
2001-08-31 00:00:00,DIST-N-000,4.25,93700,,,
2001-09-03 00:00:00,DIST-N-000,4.25,239100,,,
2001-09-04 00:00:00,DIST-N-000,4.25,18900,,,
2001-09-05 00:00:00,DIST-N-000,4.25,97200,,,
2001-09-06 00:00:00,DIST-N-000,4.25,78200,,,
2001-09-07 00:00:00,DIST-N-000,4.25,13000,,,
2001-09-10 00:00:00,DIST-N-000,4.25,2000,,,
2001-09-11 00:00:00,DIST-N-000,4.25,17200,,,
2001-09-12 00:00:00,DIST-N-000,4.5,147000,,,
2001-09-13 00:00:00,DIST-N-000,4.25,1000,,,
2001-09-14 00:00:00,DIST-N-000,4.5,809100,,,
2001-09-17 00:00:00,DIST-N-000,4.5,265200,,,
2001-09-18 00:00:00,DIST-N-000,4.25,710000,,,
2001-09-19 00:00:00,DIST-N-000,4.25,157900,,,
2001-09-21 00:00:00,DIST-N-000,4.5,22100,,,
2001-09-24 00:00:00,DIST-N-000,4.25,1300,,,
2001-09-25 00:00:00,DIST-N-000,4.5,21500,,,
2001-09-26 00:00:00,DIST-N-000,4.5,22600,,,
2001-09-27 00:00:00,DIST-N-000,4.25,10000,,,
2001-09-28 00:00:00,DIST-N-000,4.25,12000,,,
2001-10-01 00:00:00,DIST-N-000,4.25,47000,,,
2001-10-03 00:00:00,DIST-N-000,4.25,1700,,,
2001-10-04 00:00:00,DIST-N-000,4.5,11200,,,
2001-10-05 00:00:00,DIST-N-000,4.5,124000,,,
2001-10-09 00:00:00,DIST-N-000,4.5,236400,,,
2001-10-10 00:00:00,DIST-N-000,5,580600,,,
2001-10-11 00:00:00,DIST-N-000,5,748700,,,
2001-10-12 00:00:00,DIST-N-000,5.25,459700,,,
2001-10-15 00:00:00,DIST-N-000,5.25,86200,,,
2001-10-16 00:00:00,DIST-N-000,5,813900,,,
2001-10-17 00:00:00,DIST-N-000,5,298900,,,
2001-10-18 00:00:00,DIST-N-000,5,516200,,,
2001-10-19 00:00:00,DIST-N-000,5,30200,,,
2001-10-22 00:00:00,DIST-N-000,5.5,296800,,,
2001-10-23 00:00:00,DIST-N-000,5,101400,,,
2001-10-24 00:00:00,DIST-N-000,4.75,374800,,,
2001-10-25 00:00:00,DIST-N-000,4.75,144400,,,
2001-10-26 00:00:00,DIST-N-000,4.75,1100,,,
2001-10-29 00:00:00,DIST-N-000,5,11000,,,
2001-10-30 00:00:00,DIST-N-000,5.25,275200,,,
2001-11-01 00:00:00,DIST-N-000,5,351000,,,
2001-11-02 00:00:00,DIST-N-000,5,500,,,
2001-11-05 00:00:00,DIST-N-000,4.75,3400,,,
2001-11-07 00:00:00,DIST-N-000,4.75,5200,,,
2001-11-08 00:00:00,DIST-N-000,4.75,1000,,,
2001-11-09 00:00:00,DIST-N-000,5,25400,,,
2001-11-12 00:00:00,DIST-N-000,5,37000,,,
2001-11-13 00:00:00,DIST-N-000,5,1400,,,
2001-11-14 00:00:00,DIST-N-000,5,194200,,,
2001-11-15 00:00:00,DIST-N-000,5.75,332600,,,
2001-11-16 00:00:00,DIST-N-000,6,1192500,,,
2001-11-19 00:00:00,DIST-N-000,6,567600,,,
2001-11-20 00:00:00,DIST-N-000,6,349300,,,
2001-11-21 00:00:00,DIST-N-000,6,381400,,,
2001-11-22 00:00:00,DIST-N-000,6.25,490700,,,
2001-11-23 00:00:00,DIST-N-000,6,128400,,,
2001-11-26 00:00:00,DIST-N-000,6,82000,,,
2001-11-27 00:00:00,DIST-N-000,6,235500,,,
2001-11-28 00:00:00,DIST-N-000,6,122500,,,
2001-11-29 00:00:00,DIST-N-000,6.25,351400,,,
2001-12-03 00:00:00,DIST-N-000,6.25,204600,,,
2001-12-04 00:00:00,DIST-N-000,6.25,37200,,,
2001-12-05 00:00:00,DIST-N-000,6.25,222000,,,
2001-12-07 00:00:00,DIST-N-000,8,738200,,,
2001-12-10 00:00:00,DIST-N-000,8.75,728800,,,
2001-12-12 00:00:00,DIST-N-000,8.25,676500,,,
2001-12-13 00:00:00,DIST-N-000,7.25,752400,,,
2001-12-14 00:00:00,DIST-N-000,8,253000,,,
2001-12-17 00:00:00,DIST-N-000,8,267500,,,
2001-12-18 00:00:00,DIST-N-000,7.5,248000,,,
2001-12-19 00:00:00,DIST-N-000,7.5,44500,,,
2001-12-20 00:00:00,DIST-N-000,7.75,144000,,,
2001-12-21 00:00:00,DIST-N-000,8,34100,,,
2001-12-27 00:00:00,DIST-N-000,8,222500,,,
2001-12-28 00:00:00,DIST-N-000,8.25,299400,,,
2001-12-31 00:00:00,DIST-N-000,8,128500,,,
2002-01-02 00:00:00,DIST-N-000,7.75,25500,,,
2002-01-03 00:00:00,DIST-N-000,8,88400,,,
2002-01-04 00:00:00,DIST-N-000,8,64700,,,
2002-01-07 00:00:00,DIST-N-000,8,23200,,,
2002-01-08 00:00:00,DIST-N-000,7.75,77300,,,
2002-01-09 00:00:00,DIST-N-000,7.75,6600,,,
2002-01-10 00:00:00,DIST-N-000,7.5,150200,,,
2002-01-11 00:00:00,DIST-N-000,7,949000,,,
2002-01-15 00:00:00,DIST-N-000,6.75,399100,,,
2002-01-16 00:00:00,DIST-N-000,6.75,171900,,,
2002-01-17 00:00:00,DIST-N-000,6.5,44200,,,
2002-01-18 00:00:00,DIST-N-000,7,135300,,,
2002-01-21 00:00:00,DIST-N-000,7,28400,,,
2002-01-22 00:00:00,DIST-N-000,6.75,50100,,,
2002-01-23 00:00:00,DIST-N-000,6.5,8000,,,
2002-01-24 00:00:00,DIST-N-000,6.75,12100,,,
2002-01-25 00:00:00,DIST-N-000,6.75,220600,,,
2002-01-29 00:00:00,DIST-N-000,6.5,9600,,,
2002-01-30 00:00:00,DIST-N-000,6.75,117300,,,
2002-01-31 00:00:00,DIST-N-000,6.5,22900,,,
2002-02-01 00:00:00,DIST-N-000,6.75,42400,,,
2002-02-05 00:00:00,DIST-N-000,6.75,19100,,,
2002-02-06 00:00:00,DIST-N-000,7,17100,,,
2002-02-07 00:00:00,DIST-N-000,6.75,5000,,,
2002-02-08 00:00:00,DIST-N-000,6.75,13100,,,
2002-02-11 00:00:00,DIST-N-000,6.75,15700,,,
2001-03-02 00:00:00,EBCR-N-000,33,9500,,,
2001-03-05 00:00:00,EBCR-N-000,35,100,,,
2001-03-12 00:00:00,EBCR-N-000,33,2000,,,
2001-03-28 00:00:00,EBCR-N-000,32.75,1100,,,
2001-04-10 00:00:00,EBCR-N-000,32.25,100,,,
2001-05-14 00:00:00,EBCR-N-000,29.75,100,,,
2001-05-15 00:00:00,EBCR-N-000,28,1000,,,
2001-05-16 00:00:00,EBCR-N-000,25.25,1700,,,
2001-05-18 00:00:00,EBCR-N-000,25,3200,,,
2001-05-28 00:00:00,EBCR-N-000,25,400,,,
2001-05-30 00:00:00,EBCR-N-000,25.5,500,,,
2001-06-06 00:00:00,EBCR-N-000,25,200,,,
2001-06-26 00:00:00,EBCR-N-000,25,1000,,,
2001-07-03 00:00:00,EBCR-N-000,25.25,100,,,
2001-07-10 00:00:00,EBCR-N-000,25.25,800,,,
2001-07-27 00:00:00,EBCR-N-000,25.5,200,,,
2001-08-13 00:00:00,EBCR-N-000,24,100,,,
2001-10-15 00:00:00,EBCR-N-000,35,100,,,
2001-11-19 00:00:00,EBCR-N-000,35,5100,,,
2001-11-20 00:00:00,EBCR-N-000,35,1000,,,
2001-11-26 00:00:00,EBCR-N-000,32.5,1200,,,
2001-12-05 00:00:00,EBCR-N-000,25,15200,,,
2001-12-10 00:00:00,EBCR-N-000,26,2100,,,
2001-12-11 00:00:00,EBCR-N-000,25.5,2000,,,
2001-12-12 00:00:00,EBCR-N-000,22.25,12500,,,
2001-12-13 00:00:00,EBCR-N-000,24,300,,,
2001-12-14 00:00:00,EBCR-N-000,22,11100,,,
2001-12-17 00:00:00,EBCR-N-000,21.25,300,,,
2001-12-18 00:00:00,EBCR-N-000,25,300,,,
2001-12-21 00:00:00,EBCR-N-000,26,7000,,,
2001-12-27 00:00:00,EBCR-N-000,25,2000,,,
2002-01-02 00:00:00,EBCR-N-000,26,7400,,,
2002-01-03 00:00:00,EBCR-N-000,26,2600,,,
2002-01-04 00:00:00,EBCR-N-000,25.75,1000,,,
2002-01-10 00:00:00,EBCR-N-000,26,13100,,,
2002-01-11 00:00:00,EBCR-N-000,25.5,300,,,
2002-01-15 00:00:00,EBCR-N-000,25.5,100,,,
2002-01-16 00:00:00,EBCR-N-000,24,1200,,,
2002-01-25 00:00:00,EBCR-N-000,23.75,100,,,
2002-01-29 00:00:00,EBCR-N-000,23.5,1000,,,
2002-01-31 00:00:00,EBCR-N-000,21,600,,,
2002-02-07 00:00:00,EBCR-N-000,22,1800,,,
2001-01-04 00:00:00,CTCE-D-003,9.25,3000,,,
2001-01-10 00:00:00,CTCE-N-000,32.5,2000,,,
2001-01-11 00:00:00,CTCE-D-003,9.25,7600,,,
2001-01-16 00:00:00,CTCE-N-000,33,500,,,
2001-01-18 00:00:00,CTCE-D-003,8.25,200,,,
2001-01-19 00:00:00,CTCE-N-000,36,1100,,,
2001-01-26 00:00:00,CTCE-D-003,8.5,12300,,,
2001-02-09 00:00:00,CTCE-N-000,35.25,200,,,
2001-02-14 00:00:00,CTCE-N-000,35.25,200,,,
2001-02-22 00:00:00,CTCE-N-000,32,2500,,,
2001-02-23 00:00:00,CTCE-N-000,31.25,500,,,
2001-02-26 00:00:00,CTCE-D-003,8.5,200,,,
2001-02-26 00:00:00,CTCE-N-000,32,100,,,
2001-02-28 00:00:00,CTCE-N-000,32,200,,,
2001-03-01 00:00:00,CTCE-N-000,32,200,,,
2001-03-02 00:00:00,CTCE-N-000,32,100,,,
2001-03-05 00:00:00,CTCE-N-000,33,200,,,
2001-03-06 00:00:00,CTCE-N-000,33,1800,,,
2001-03-12 00:00:00,CTCE-N-000,31.25,1200,,,
2001-03-21 00:00:00,CTCE-N-000,31.5,100,,,
2001-03-26 00:00:00,CTCE-D-004,10,7854600,,,
2001-03-26 00:00:00,CTCE-N-000,31.5,1100,,,
2001-03-30 00:00:00,CTCE-D-004,10.5,5000,,,
2001-04-02 00:00:00,CTCE-D-004,10.5,12200,,,
2001-04-02 00:00:00,CTCE-N-000,32,300,,,
2001-04-03 00:00:00,CTCE-D-004,10.5,10200,,,
2001-04-04 00:00:00,CTCE-D-004,10.5,100,,,
2001-04-04 00:00:00,CTCE-N-000,32,100,,,
2001-04-05 00:00:00,CTCE-D-003,8.5,6200,,,
2001-04-05 00:00:00,CTCE-D-004,10.5,2500,,,
2001-04-06 00:00:00,CTCE-D-004,10.5,2500,,,
2001-04-10 00:00:00,CTCE-D-004,10.5,4000,,,
2001-04-11 00:00:00,CTCE-D-004,10.5,5000,,,
2001-04-11 00:00:00,CTCE-N-000,32,100,,,
2001-04-17 00:00:00,CTCE-D-004,10.5,11600,,,
2001-04-18 00:00:00,CTCE-N-000,32,100,,,
2001-04-24 00:00:00,CTCE-D-004,10.75,11700,,,
2001-04-25 00:00:00,CTCE-D-004,10.75,500,,,
2001-04-25 00:00:00,CTCE-N-000,32,100,,,
2001-04-26 00:00:00,CTCE-N-000,32.25,100,,,
2001-05-11 00:00:00,CTCE-N-000,32,100,,,
2001-05-16 00:00:00,CTCE-N-000,32,400,,,
2001-05-17 00:00:00,CTCE-D-004,10.75,100,,,
2001-05-29 00:00:00,CTCE-N-000,33,2800,,,
2001-05-30 00:00:00,CTCE-N-000,33,15000,,,
2001-06-06 00:00:00,CTCE-N-000,33,600,,,
2001-06-07 00:00:00,CTCE-N-000,33,100,,,
2001-06-14 00:00:00,CTCE-N-000,33,700,,,
2001-06-15 00:00:00,CTCE-N-000,33,300,,,
2001-06-18 00:00:00,CTCE-D-004,11.25,5200,,,
2001-06-18 00:00:00,CTCE-N-000,33,1200,,,
2001-06-19 00:00:00,CTCE-D-003,8,1200,,,
2001-06-19 00:00:00,CTCE-D-004,11.25,3500,,,
2001-06-22 00:00:00,CTCE-D-004,11.5,500,,,
2001-06-26 00:00:00,CTCE-D-004,11.25,5000,,,
2001-06-28 00:00:00,CTCE-D-003,9,300,,,
2001-07-02 00:00:00,CTCE-D-004,11.25,5200,,,
2001-07-03 00:00:00,CTCE-D-004,11.25,2000,,,
2001-07-04 00:00:00,CTCE-D-003,8.5,100,,,
2001-07-04 00:00:00,CTCE-D-004,11.25,1000,,,
2001-07-09 00:00:00,CTCE-D-004,11.5,2000,,,
2001-07-10 00:00:00,CTCE-D-003,9,100,,,
2001-07-10 00:00:00,CTCE-N-000,33,100,,,
2001-07-11 00:00:00,CTCE-D-004,11.25,200,,,
2001-07-11 00:00:00,CTCE-N-000,32,500,,,
2001-07-18 00:00:00,CTCE-D-004,11.25,400,,,
2001-07-19 00:00:00,CTCE-D-004,11.25,200,,,
2001-07-20 00:00:00,CTCE-N-000,33,600,,,
2001-07-23 00:00:00,CTCE-D-004,11.25,200,,,
2001-07-23 00:00:00,CTCE-N-000,33,1800,,,
2001-07-24 00:00:00,CTCE-D-004,11.25,300,,,
2001-07-26 00:00:00,CTCE-D-003,8.5,8700,,,
2001-07-26 00:00:00,CTCE-D-003,8.5,2600,,,
2001-07-26 00:00:00,CTCE-D-004,10.75,3900,,,
2001-07-27 00:00:00,CTCE-D-003,9,5000,,,
2001-07-27 00:00:00,CTCE-D-004,10.75,3900,,,
2001-07-30 00:00:00,CTCE-D-004,10.75,1100,,,
2001-08-02 00:00:00,CTCE-D-004,11.25,2700,,,
2001-08-06 00:00:00,CTCE-D-004,11,100,,,
2001-08-10 00:00:00,CTCE-D-004,11.25,2000,,,
2001-08-13 00:00:00,CTCE-N-000,33,100,,,
2001-08-15 00:00:00,CTCE-N-000,31.5,1400,,,
2001-08-16 00:00:00,CTCE-D-003,9,100,,,
2001-08-16 00:00:00,CTCE-D-004,11,400,,,
2001-08-17 00:00:00,CTCE-N-000,32,700,,,
2001-09-05 00:00:00,CTCE-N-000,32,2900,,,
2001-09-18 00:00:00,CTCE-N-000,32,100,,,
2001-09-20 00:00:00,CTCE-D-003,9,100,,,
2001-09-28 00:00:00,CTCE-D-004,11.5,200,,,
2001-10-03 00:00:00,CTCE-N-000,32,200,,,
2001-10-04 00:00:00,CTCE-N-000,32,400,,,
2001-10-09 00:00:00,CTCE-D-004,11.5,600,,,
2001-10-11 00:00:00,CTCE-N-000,36,100,,,
2001-10-19 00:00:00,CTCE-D-004,11.5,1000,,,
2001-10-23 00:00:00,CTCE-N-000,32,100,,,
2001-10-26 00:00:00,CTCE-N-000,35.25,300,,,
2001-10-30 00:00:00,CTCE-N-000,36,300,,,
2001-11-08 00:00:00,CTCE-D-004,11,400,,,
2001-11-09 00:00:00,CTCE-D-004,11,1300,,,
2001-11-09 00:00:00,CTCE-N-000,36,300,,,
2001-11-12 00:00:00,CTCE-N-000,35,100,,,
2001-11-19 00:00:00,CTCE-D-003,9.5,500,,,
2001-11-19 00:00:00,CTCE-D-004,11,1600,,,
2001-11-19 00:00:00,CTCE-N-000,36.25,100,,,
2001-11-28 00:00:00,CTCE-D-003,9.25,1800,,,
2001-12-04 00:00:00,CTCE-N-000,37,100,,,
2001-12-07 00:00:00,CTCE-N-000,40,300,,,
2001-12-11 00:00:00,CTCE-N-000,50,2200,,,
2001-12-12 00:00:00,CTCE-N-000,43,7100,,,
2001-12-13 00:00:00,CTCE-N-000,43,100,,,
2001-12-14 00:00:00,CTCE-N-000,42,3400,,,
2001-12-17 00:00:00,CTCE-N-000,43,1100,,,
2001-12-21 00:00:00,CTCE-N-000,43,100,,,
2002-01-04 00:00:00,CTCE-N-000,43,200,,,
2002-01-07 00:00:00,CTCE-N-000,43.75,100,,,
2002-01-10 00:00:00,CTCE-N-000,44,300,,,
2002-01-11 00:00:00,CTCE-N-000,43.5,400,,,
2002-01-15 00:00:00,CTCE-N-000,44,100,,,
2002-01-16 00:00:00,CTCE-D-003,11,300,,,
2002-01-17 00:00:00,CTCE-N-000,40,100,,,
2002-01-18 00:00:00,CTCE-N-000,43,600,,,
2002-01-22 00:00:00,CTCE-N-000,43.5,800,,,
2002-01-25 00:00:00,CTCE-N-000,44,400,,,
2002-01-29 00:00:00,CTCE-N-000,44,100,,,
2002-01-30 00:00:00,CTCE-D-003,9.25,400,,,
2002-01-30 00:00:00,CTCE-D-004,11.25,300,,,
2002-01-30 00:00:00,CTCE-N-000,44,1400,,,
2002-02-05 00:00:00,CTCE-N-000,44.5,1100,,,
2002-02-06 00:00:00,CTCE-D-003,9.75,4000,,,
2002-02-07 00:00:00,CTCE-D-003,10.5,3100,,,
2002-02-11 00:00:00,CTCE-D-003,10.25,6000,,,
2002-02-11 00:00:00,CTCE-N-000,47,900,,,
2001-01-18 00:00:00,EAST-N-000,5,7500,,,
2001-01-26 00:00:00,EAST-N-000,4.5,100,,,
2001-03-22 00:00:00,EAST-N-000,5,30100,,,
2001-03-23 00:00:00,EAST-N-000,5,100,,,
2001-04-05 00:00:00,EAST-N-000,4.75,200,,,
2001-04-18 00:00:00,EAST-N-000,4.75,900,,,
2001-04-19 00:00:00,EAST-N-000,4.5,900,,,
2001-05-23 00:00:00,EAST-N-000,4.5,1200,,,
2001-07-09 00:00:00,EAST-N-000,5,2700,,,
2001-07-18 00:00:00,EAST-N-000,10,3000000,,,
2001-08-09 00:00:00,EAST-N-000,5,300,,,
2001-09-12 00:00:00,EAST-N-000,4.5,5000,,,
2001-09-17 00:00:00,EAST-N-000,5.5,1795100,,,
2001-10-22 00:00:00,EAST-N-000,5.5,1000,,,
2001-11-19 00:00:00,EAST-N-000,5.5,2000,,,
2001-11-20 00:00:00,EAST-N-000,5.5,100,,,
2001-11-21 00:00:00,EAST-N-000,5.5,900,,,
2001-11-22 00:00:00,EAST-N-000,5.25,3000,,,
2001-11-29 00:00:00,EAST-N-000,5,3000,,,
2001-12-03 00:00:00,EAST-N-000,5,6000,,,
2001-12-04 00:00:00,EAST-N-000,5,2400,,,
2001-12-10 00:00:00,EAST-N-000,5.75,600,,,
2001-12-11 00:00:00,EAST-N-000,5.75,300,,,
2001-12-13 00:00:00,EAST-N-000,5.25,500,,,
2001-12-17 00:00:00,EAST-N-000,5.25,500,,,
2001-12-18 00:00:00,EAST-N-000,4.5,1100,,,
2001-12-19 00:00:00,EAST-N-000,5,200,,,
2001-12-20 00:00:00,EAST-N-000,5,49800,,,
2001-12-21 00:00:00,EAST-N-000,4,5800,,,
2001-12-28 00:00:00,EAST-N-000,5,41200,,,
2001-12-31 00:00:00,EAST-N-000,5,2600,,,
2002-01-03 00:00:00,EAST-N-000,5.75,25000,,,
2002-01-07 00:00:00,EAST-N-000,5,5300,,,
2002-01-08 00:00:00,EAST-N-000,5,500,,,
2002-01-09 00:00:00,EAST-N-000,5,700,,,
2002-01-10 00:00:00,EAST-N-000,5,12800,,,
2002-01-11 00:00:00,EAST-N-000,5,1000,,,
2002-01-15 00:00:00,EAST-N-000,5,100,,,
2002-01-17 00:00:00,EAST-N-000,4.75,25000,,,
2002-01-18 00:00:00,EAST-N-000,5.25,200,,,
2002-01-21 00:00:00,EAST-N-000,5,500,,,
2002-01-23 00:00:00,EAST-N-000,5,20400,,,
2002-01-29 00:00:00,EAST-N-000,4.5,1000,,,
2001-01-03 00:00:00,EDEN-N-000,5.75,500,,,
2001-01-05 00:00:00,EDEN-N-000,5.75,500,,,
2001-01-08 00:00:00,EDEN-N-000,5.75,1100,,,
2001-01-16 00:00:00,EDEN-N-000,5.75,30100,,,
2001-01-18 00:00:00,EDEN-N-000,5.75,1200,,,
2001-01-19 00:00:00,EDEN-N-000,6.5,3500,,,
2001-01-22 00:00:00,EDEN-N-000,6.5,4809600,,,
2001-01-23 00:00:00,EDEN-N-000,5.75,2500,,,
2001-01-24 00:00:00,EDEN-N-000,5.75,11700,,,
2001-01-26 00:00:00,EDEN-N-000,5.5,2400,,,
2001-01-30 00:00:00,EDEN-N-000,5.75,10100,,,
2001-01-31 00:00:00,EDEN-N-000,5.5,22100,,,
2001-02-01 00:00:00,EDEN-N-000,5.75,22000,,,
2001-02-02 00:00:00,EDEN-N-000,5.75,10700,,,
2001-02-08 00:00:00,EDEN-N-000,5.75,1200,,,
2001-02-12 00:00:00,EDEN-N-000,5.5,500,,,
2001-02-13 00:00:00,EDEN-N-000,5.75,2400,,,
2001-02-14 00:00:00,EDEN-N-000,6,6100,,,
2001-02-15 00:00:00,EDEN-N-000,6,11600,,,
2001-02-16 00:00:00,EDEN-N-000,6.25,7600,,,
2001-02-19 00:00:00,EDEN-N-000,6.25,8400,,,
2001-02-20 00:00:00,EDEN-N-000,6,100,,,
2001-02-21 00:00:00,EDEN-N-000,6,10500,,,
2001-02-22 00:00:00,EDEN-N-000,6,400,,,
2001-02-23 00:00:00,EDEN-N-000,6,1500,,,
2001-02-26 00:00:00,EDEN-N-000,6,500,,,
2001-02-28 00:00:00,EDEN-N-000,5.75,1000,,,
2001-03-01 00:00:00,EDEN-N-000,5.75,300,,,
2001-03-02 00:00:00,EDEN-N-000,5.75,1000,,,
2001-03-05 00:00:00,EDEN-N-000,6.5,7746300,,,
2001-03-08 00:00:00,EDEN-N-000,6,200,,,
2001-03-12 00:00:00,EDEN-N-000,6,7800,,,
2001-03-13 00:00:00,EDEN-N-000,6,1200,,,
2001-03-15 00:00:00,EDEN-N-000,6,3300,,,
2001-03-16 00:00:00,EDEN-N-000,6.5,23200,,,
2001-03-19 00:00:00,EDEN-N-000,6.5,6900,,,
2001-03-20 00:00:00,EDEN-N-000,6.5,2000,,,
2001-03-21 00:00:00,EDEN-N-000,6.5,100,,,
2001-03-22 00:00:00,EDEN-N-000,6.5,100,,,
2001-03-26 00:00:00,EDEN-N-000,6.5,500,,,
2001-03-27 00:00:00,EDEN-N-000,6.5,5800,,,
2001-03-28 00:00:00,EDEN-N-000,6.5,1400,,,
2001-03-29 00:00:00,EDEN-N-000,6.5,1700,,,
2001-03-30 00:00:00,EDEN-N-000,6.5,1500,,,
2001-04-02 00:00:00,EDEN-N-000,6.5,400,,,
2001-04-04 00:00:00,EDEN-N-000,6.5,3100,,,
2001-04-05 00:00:00,EDEN-N-000,6.5,200,,,
2001-04-06 00:00:00,EDEN-N-000,6.75,400,,,
2001-04-11 00:00:00,EDEN-N-000,6.75,5400,,,
2001-04-18 00:00:00,EDEN-N-000,6.5,100,,,
2001-04-19 00:00:00,EDEN-N-000,6.5,5000,,,
2001-04-23 00:00:00,EDEN-N-000,6.5,4300,,,
2001-04-25 00:00:00,EDEN-N-000,6.5,1100,,,
2001-04-26 00:00:00,EDEN-N-000,6.75,7000,,,
2001-04-27 00:00:00,EDEN-N-000,6.75,6900,,,
2001-04-30 00:00:00,EDEN-N-000,6.75,5100,,,
2001-05-03 00:00:00,EDEN-N-000,6.25,1000,,,
2001-05-04 00:00:00,EDEN-N-000,6.25,1000,,,
2001-05-09 00:00:00,EDEN-N-000,6,700,,,
2001-05-10 00:00:00,EDEN-N-000,6.5,200,,,
2001-05-11 00:00:00,EDEN-N-000,6,400,,,
2001-05-16 00:00:00,EDEN-N-000,6,6400,,,
2001-05-17 00:00:00,EDEN-N-000,6.25,300,,,
2001-05-22 00:00:00,EDEN-N-000,6.25,800,,,
2001-05-24 00:00:00,EDEN-N-000,6.25,2400,,,
2001-05-28 00:00:00,EDEN-N-000,6.25,100,,,
2001-05-30 00:00:00,EDEN-N-000,6,2000,,,
2001-05-31 00:00:00,EDEN-N-000,6.25,2500,,,
2001-06-01 00:00:00,EDEN-N-000,6,1200,,,
2001-06-06 00:00:00,EDEN-N-000,6,300,,,
2001-06-11 00:00:00,EDEN-N-000,6,1500,,,
2001-06-12 00:00:00,EDEN-N-000,6,3000,,,
2001-06-13 00:00:00,EDEN-N-000,6,900,,,
2001-06-15 00:00:00,EDEN-N-000,6,1200,,,
2001-06-18 00:00:00,EDEN-N-000,6,1000,,,
2001-06-19 00:00:00,EDEN-N-000,6,100,,,
2001-06-28 00:00:00,EDEN-N-000,6,2700,,,
2001-07-06 00:00:00,EDEN-N-000,6,100,,,
2001-07-09 00:00:00,EDEN-N-000,5.5,11400,,,
2001-07-11 00:00:00,EDEN-N-000,5.5,600,,,
2001-07-12 00:00:00,EDEN-N-000,5.5,1200,,,
2001-07-13 00:00:00,EDEN-N-000,5.5,700,,,
2001-07-16 00:00:00,EDEN-N-000,5.25,1000,,,
2001-07-17 00:00:00,EDEN-N-000,5.5,1500,,,
2001-07-25 00:00:00,EDEN-N-000,5.5,800,,,
2001-07-26 00:00:00,EDEN-N-000,5.5,500,,,
2001-08-01 00:00:00,EDEN-N-000,5.5,200,,,
2001-08-02 00:00:00,EDEN-N-000,5.5,400,,,
2001-08-10 00:00:00,EDEN-N-000,5,1500,,,
2001-08-16 00:00:00,EDEN-N-000,4.25,100,,,
2001-08-17 00:00:00,EDEN-N-000,4.25,400,,,
2001-08-20 00:00:00,EDEN-N-000,4.25,500,,,
2001-08-24 00:00:00,EDEN-N-000,4,1100,,,
2001-08-27 00:00:00,EDEN-N-000,4,3900,,,
2001-08-30 00:00:00,EDEN-N-000,4.25,100,,,
2001-09-05 00:00:00,EDEN-N-000,4.5,300,,,
2001-09-07 00:00:00,EDEN-N-000,4.75,100,,,
2001-09-11 00:00:00,EDEN-N-000,4.75,500,,,
2001-09-12 00:00:00,EDEN-N-000,4.75,100,,,
2001-09-13 00:00:00,EDEN-N-000,4.75,100,,,
2001-09-18 00:00:00,EDEN-N-000,4.75,100,,,
2001-09-21 00:00:00,EDEN-N-000,4.5,500,,,
2001-09-25 00:00:00,EDEN-N-000,4.75,100,,,
2001-09-26 00:00:00,EDEN-N-000,4,400,,,
2001-10-08 00:00:00,EDEN-N-000,4.75,200,,,
2001-10-09 00:00:00,EDEN-N-000,4.75,600,,,
2001-10-10 00:00:00,EDEN-N-000,4.75,1000,,,
2001-10-15 00:00:00,EDEN-N-000,5,700,,,
2001-10-16 00:00:00,EDEN-N-000,5.25,200,,,
2001-10-19 00:00:00,EDEN-N-000,5.25,100,,,
2001-10-22 00:00:00,EDEN-N-000,5.25,400,,,
2001-10-23 00:00:00,EDEN-N-000,5.5,1400,,,
2001-10-24 00:00:00,EDEN-N-000,5.5,400,,,
2001-10-25 00:00:00,EDEN-N-000,5.5,600,,,
2001-11-01 00:00:00,EDEN-N-000,5.5,1000,,,
2001-11-02 00:00:00,EDEN-N-000,5.5,500,,,
2001-11-05 00:00:00,EDEN-N-000,5.5,500,,,
2001-11-06 00:00:00,EDEN-N-000,5.5,200,,,
2001-11-09 00:00:00,EDEN-N-000,5,200,,,
2001-11-13 00:00:00,EDEN-N-000,5.25,200,,,
2001-11-14 00:00:00,EDEN-N-000,5.5,1800,,,
2001-11-15 00:00:00,EDEN-N-000,5.5,500,,,
2001-11-16 00:00:00,EDEN-N-000,5.5,2700,,,
2001-11-19 00:00:00,EDEN-N-000,5.75,500,,,
2001-11-22 00:00:00,EDEN-N-000,6,500,,,
2001-11-26 00:00:00,EDEN-N-000,6,2000,,,
2001-11-27 00:00:00,EDEN-N-000,6.25,100,,,
2001-11-29 00:00:00,EDEN-N-000,5.5,1200,,,
2001-12-03 00:00:00,EDEN-N-000,6.25,12700,,,
2001-12-04 00:00:00,EDEN-N-000,6.25,2000,,,
2001-12-07 00:00:00,EDEN-N-000,8,2900,,,
2001-12-10 00:00:00,EDEN-N-000,8,24900,,,
2001-12-11 00:00:00,EDEN-N-000,7,8100,,,
2001-12-12 00:00:00,EDEN-N-000,6.75,3000,,,
2001-12-13 00:00:00,EDEN-N-000,5,11800,,,
2001-12-17 00:00:00,EDEN-N-000,5,7500,,,
2001-12-28 00:00:00,EDEN-N-000,5.25,800,,,
2001-12-31 00:00:00,EDEN-N-000,6,1000,,,
2002-01-03 00:00:00,EDEN-N-000,6,600,,,
2002-01-04 00:00:00,EDEN-N-000,6,1900,,,
2002-01-07 00:00:00,EDEN-N-000,6,100,,,
2002-01-09 00:00:00,EDEN-N-000,5.75,1000,,,
2002-01-16 00:00:00,EDEN-N-000,5.25,500,,,
2002-01-17 00:00:00,EDEN-N-000,5.25,700,,,
2002-01-21 00:00:00,EDEN-N-000,5.25,3000,,,
2002-01-25 00:00:00,EDEN-N-000,6.25,5500,,,
2002-01-29 00:00:00,EDEN-N-000,6.25,100,,,
2002-01-30 00:00:00,EDEN-N-000,6,1000,,,
2002-01-31 00:00:00,EDEN-N-000,5.75,300,,,
2002-02-05 00:00:00,EDEN-N-000,5.5,1800,,,
2002-02-06 00:00:00,EDEN-N-000,5.75,1500,,,
2002-02-07 00:00:00,EDEN-N-000,6,500,,,
2002-02-08 00:00:00,EDEN-N-000,6,800,,,
2002-02-11 00:00:00,EDEN-N-000,6,1500,,,
2001-03-06 00:00:00,LITE-N-000,1,3500,,,
2001-03-20 00:00:00,LITE-N-000,0.9,100,,,
2001-04-18 00:00:00,LITE-N-000,0.7,100,,,
2001-04-26 00:00:00,LITE-N-000,0.7,100,,,
2001-05-04 00:00:00,LITE-N-000,0.7,600,,,
2001-05-09 00:00:00,LITE-N-000,0.7,100,,,
2001-05-11 00:00:00,LITE-N-000,0.7,200,,,
2001-05-14 00:00:00,LITE-N-000,0.7,100,,,
2001-05-15 00:00:00,LITE-N-000,0.7,500,,,
2001-07-06 00:00:00,LITE-N-000,1,100,,,
2001-07-13 00:00:00,LITE-N-000,0.5,900,,,
2001-08-09 00:00:00,LITE-N-000,0.5,1400,,,
2001-08-14 00:00:00,LITE-N-000,0.5,800,,,
2001-09-04 00:00:00,LITE-N-000,0.5,900,,,
2001-09-20 00:00:00,LITE-N-000,0.5,1300,,,
2001-11-05 00:00:00,LITE-N-000,0.5,500,,,
2001-11-23 00:00:00,LITE-N-000,0.7,400,,,
2001-11-28 00:00:00,LITE-N-000,0.7,600,,,
2001-12-17 00:00:00,LITE-N-000,0.8,3000,,,
2001-12-18 00:00:00,LITE-N-000,1,3000,,,
2001-12-28 00:00:00,LITE-N-000,1.25,5500,,,
2001-12-31 00:00:00,LITE-N-000,1.5,1700,,,
2002-01-02 00:00:00,LITE-N-000,2.25,1800,,,
2002-01-03 00:00:00,LITE-N-000,2.25,800,,,
2002-01-04 00:00:00,LITE-N-000,4.5,13800,,,
2002-01-07 00:00:00,LITE-N-000,6.75,9400,,,
2002-01-08 00:00:00,LITE-N-000,5,2900,,,
2002-01-09 00:00:00,LITE-N-000,5.25,7000,,,
2002-01-10 00:00:00,LITE-N-000,5,7800,,,
2002-01-11 00:00:00,LITE-N-000,5,1000,,,
2002-01-15 00:00:00,LITE-N-000,4.5,5000,,,
2002-01-16 00:00:00,LITE-N-000,4.5,200,,,
2002-01-17 00:00:00,LITE-N-000,4.25,600,,,
2002-01-18 00:00:00,LITE-N-000,4.5,1000,,,
2002-01-22 00:00:00,LITE-N-000,3,200,,,
2002-01-23 00:00:00,LITE-N-000,4.25,100,,,
2002-01-24 00:00:00,LITE-N-000,4,5100,,,
2002-01-29 00:00:00,LITE-N-000,5,61500,,,
2002-01-30 00:00:00,LITE-N-000,4.25,100,,,
2002-02-07 00:00:00,LITE-N-000,5,700,,,
2001-01-19 00:00:00,EQIT-N-000,13,200,,,
2001-01-29 00:00:00,EQIT-N-000,13.25,100,,,
2001-03-22 00:00:00,EQIT-N-000,13.25,100,,,
2001-03-30 00:00:00,EQIT-N-000,14,100,,,
2001-04-09 00:00:00,EQIT-N-000,14,1000,,,
2001-04-10 00:00:00,EQIT-N-000,13.5,900,,,
2001-04-16 00:00:00,EQIT-N-000,14,100,,,
2001-06-07 00:00:00,EQIT-N-000,17,100,,,
2001-07-10 00:00:00,EQIT-N-000,10.25,3000,,,
2001-08-02 00:00:00,EQIT-N-000,13.25,100,,,
2001-08-09 00:00:00,EQIT-N-000,13.5,700,,,
2001-08-10 00:00:00,EQIT-N-000,13.5,500,,,
2001-09-04 00:00:00,EQIT-N-000,13.75,100,,,
2001-10-01 00:00:00,EQIT-N-000,13.75,200,,,
2001-10-09 00:00:00,EQIT-N-000,13.75,1000,,,
2001-10-15 00:00:00,EQIT-N-000,13.75,900,,,
2001-10-25 00:00:00,EQIT-N-000,13.75,1000,,,
2001-12-07 00:00:00,EQIT-N-000,15,4600,,,
2001-12-11 00:00:00,EQIT-N-000,14.25,5500,,,
2001-12-12 00:00:00,EQIT-N-000,14.5,1180300,,,
2001-12-13 00:00:00,EQIT-N-000,15,3500,,,
2002-01-03 00:00:00,EQIT-N-000,15.25,200,,,
2002-01-08 00:00:00,EQIT-N-000,15.25,1300,,,
2002-01-29 00:00:00,EQIT-N-000,15.25,3500,,,
2002-01-30 00:00:00,EQIT-N-000,16.5,100,,,
2001-01-04 00:00:00,ETWO-N-000,6,3200,,,
2001-01-05 00:00:00,ETWO-N-000,6,2000,,,
2001-01-12 00:00:00,ETWO-N-000,6,1100,,,
2001-01-17 00:00:00,ETWO-N-000,5.75,1500,,,
2001-01-18 00:00:00,ETWO-N-000,5.75,400,,,
2001-01-23 00:00:00,ETWO-N-000,5.5,200,,,
2001-01-24 00:00:00,ETWO-N-000,5.25,2800,,,
2001-01-25 00:00:00,ETWO-N-000,5.5,100,,,
2001-01-29 00:00:00,ETWO-N-000,5.5,100,,,
2001-02-15 00:00:00,ETWO-N-000,5.5,200,,,
2001-02-19 00:00:00,ETWO-N-000,5.25,100,,,
2001-02-20 00:00:00,ETWO-N-000,5.25,400,,,
2001-02-21 00:00:00,ETWO-N-000,5.5,100,,,
2001-02-22 00:00:00,ETWO-N-000,5.5,400,,,
2001-02-23 00:00:00,ETWO-N-000,5.5,1100,,,
2001-03-19 00:00:00,ETWO-N-000,4.75,300,,,
2001-04-04 00:00:00,ETWO-N-000,4.5,200,,,
2001-04-05 00:00:00,ETWO-N-000,4.5,300,,,
2001-04-09 00:00:00,ETWO-N-000,4.5,1200,,,
2001-04-23 00:00:00,ETWO-N-000,4.75,600,,,
2001-04-24 00:00:00,ETWO-N-000,4.75,200,,,
2001-05-04 00:00:00,ETWO-N-000,4.75,1000,,,
2001-05-09 00:00:00,ETWO-N-000,5,500,,,
2001-05-16 00:00:00,ETWO-N-000,5,100,,,
2001-05-24 00:00:00,ETWO-N-000,5.25,800,,,
2001-05-25 00:00:00,ETWO-N-000,5.5,200,,,
2001-06-04 00:00:00,ETWO-N-000,6,1000,,,
2001-06-06 00:00:00,ETWO-N-000,6,100,,,
2001-06-15 00:00:00,ETWO-N-000,5.5,200,,,
2001-06-19 00:00:00,ETWO-N-000,4,10600,,,
2001-06-20 00:00:00,ETWO-N-000,5.5,12600,,,
2001-06-21 00:00:00,ETWO-N-000,5.5,5000,,,
2001-06-27 00:00:00,ETWO-N-000,5,200,,,
2001-07-02 00:00:00,ETWO-N-000,5,1400,,,
2001-07-06 00:00:00,ETWO-N-000,4.75,1000,,,
2001-07-10 00:00:00,ETWO-N-000,4.75,400,,,
2001-07-18 00:00:00,ETWO-N-000,4.75,100,,,
2001-07-19 00:00:00,ETWO-N-000,4.75,7100,,,
2001-07-25 00:00:00,ETWO-N-000,5,1000,,,
2001-07-26 00:00:00,ETWO-N-000,5,500,,,
2001-07-31 00:00:00,ETWO-N-000,5,2100,,,
2001-08-01 00:00:00,ETWO-N-000,5,100,,,
2001-08-14 00:00:00,ETWO-N-000,4,800,,,
2001-08-15 00:00:00,ETWO-N-000,4.25,300,,,
2001-08-16 00:00:00,ETWO-N-000,4.25,900,,,
2001-08-17 00:00:00,ETWO-N-000,4.25,100,,,
2001-08-20 00:00:00,ETWO-N-000,4.25,3100,,,
2001-08-21 00:00:00,ETWO-N-000,4.5,200,,,
2001-08-27 00:00:00,ETWO-N-000,4.5,60000,,,
2001-08-30 00:00:00,ETWO-N-000,4.5,100,,,
2001-08-31 00:00:00,ETWO-N-000,4.25,200,,,
2001-09-03 00:00:00,ETWO-N-000,5.5,200,,,
2001-09-05 00:00:00,ETWO-N-000,5.5,1800,,,
2001-09-06 00:00:00,ETWO-N-000,5.5,200,,,
2001-09-14 00:00:00,ETWO-N-000,5.25,10000,,,
2001-09-25 00:00:00,ETWO-N-000,5,100,,,
2001-10-04 00:00:00,ETWO-N-000,5,500,,,
2001-10-08 00:00:00,ETWO-N-000,5,100,,,
2001-10-09 00:00:00,ETWO-N-000,5,100,,,
2001-10-10 00:00:00,ETWO-N-000,5.25,40100,,,
2001-10-11 00:00:00,ETWO-N-000,5,200,,,
2001-10-12 00:00:00,ETWO-N-000,5.25,21200,,,
2001-10-15 00:00:00,ETWO-N-000,5,400,,,
2001-10-16 00:00:00,ETWO-N-000,5,400,,,
2001-10-23 00:00:00,ETWO-N-000,5.25,12000,,,
2001-10-24 00:00:00,ETWO-N-000,5.25,18000,,,
2001-10-25 00:00:00,ETWO-N-000,5.25,1600,,,
2001-10-29 00:00:00,ETWO-N-000,5.5,1000,,,
2001-11-02 00:00:00,ETWO-N-000,5.5,1000,,,
2001-11-06 00:00:00,ETWO-N-000,5.25,2000,,,
2001-11-09 00:00:00,ETWO-N-000,5.25,300,,,
2001-11-13 00:00:00,ETWO-N-000,5.25,10200,,,
2001-11-14 00:00:00,ETWO-N-000,5.25,300,,,
2001-11-16 00:00:00,ETWO-N-000,5,2200,,,
2001-11-20 00:00:00,ETWO-N-000,5.25,124000,,,
2001-11-21 00:00:00,ETWO-N-000,6,25500,,,
2001-11-22 00:00:00,ETWO-N-000,7,33200,,,
2001-11-23 00:00:00,ETWO-N-000,7,3400,,,
2001-11-26 00:00:00,ETWO-N-000,6.75,1500,,,
2001-11-27 00:00:00,ETWO-N-000,6.5,700,,,
2001-11-28 00:00:00,ETWO-N-000,6.75,600,,,
2001-11-29 00:00:00,ETWO-N-000,6.5,5000,,,
2001-12-03 00:00:00,ETWO-N-000,6,43900,,,
2001-12-04 00:00:00,ETWO-N-000,6.25,8300,,,
2001-12-05 00:00:00,ETWO-N-000,6.25,36400,,,
2001-12-07 00:00:00,ETWO-N-000,6.25,5200,,,
2001-12-10 00:00:00,ETWO-N-000,6.75,53400,,,
2001-12-11 00:00:00,ETWO-N-000,6.25,14800,,,
2001-12-12 00:00:00,ETWO-N-000,6,14300,,,
2001-12-13 00:00:00,ETWO-N-000,7,715500,,,
2001-12-14 00:00:00,ETWO-N-000,6.5,4900,,,
2001-12-17 00:00:00,ETWO-N-000,6.5,3700,,,
2001-12-18 00:00:00,ETWO-N-000,6.25,1600,,,
2001-12-19 00:00:00,ETWO-N-000,6,6500,,,
2001-12-20 00:00:00,ETWO-N-000,6,5100,,,
2001-12-21 00:00:00,ETWO-N-000,6,300,,,
2001-12-31 00:00:00,ETWO-N-000,6.5,1500,,,
2002-01-02 00:00:00,ETWO-N-000,6.5,1000,,,
2002-01-04 00:00:00,ETWO-N-000,6.25,700,,,
2002-01-07 00:00:00,ETWO-N-000,6.25,2800,,,
2002-01-08 00:00:00,ETWO-N-000,6,100,,,
2002-01-09 00:00:00,ETWO-N-000,6,1000,,,
2002-01-10 00:00:00,ETWO-N-000,6,3900,,,
2002-01-11 00:00:00,ETWO-N-000,6,1000,,,
2002-01-15 00:00:00,ETWO-N-000,5.75,800,,,
2002-01-17 00:00:00,ETWO-N-000,5.5,1000,,,
2002-01-18 00:00:00,ETWO-N-000,6,1300,,,
2002-01-24 00:00:00,ETWO-N-000,5,100,,,
2002-01-31 00:00:00,ETWO-N-000,5.25,1100,,,
2002-02-08 00:00:00,ETWO-N-000,5.25,400,,,
2002-02-11 00:00:00,ETWO-N-000,5.5,12600,,,
2001-01-23 00:00:00,FERN-N-000,6.5,600,,,
2001-01-25 00:00:00,FERN-N-000,6.5,2000,,,
2001-01-30 00:00:00,FERN-N-000,6.75,1800,,,
2001-01-31 00:00:00,FERN-N-000,6.75,100,,,
2001-02-01 00:00:00,FERN-N-000,6.75,300,,,
2001-02-06 00:00:00,FERN-N-000,7,900,,,
2001-02-14 00:00:00,FERN-N-000,7,2500,,,
2001-03-07 00:00:00,FERN-N-000,6.75,100,,,
2001-03-13 00:00:00,FERN-N-000,6.5,2200,,,
2001-03-14 00:00:00,FERN-N-000,6.5,200,,,
2001-03-16 00:00:00,FERN-N-000,6.5,1000,,,
2001-03-19 00:00:00,FERN-N-000,6.5,100,,,
2001-03-22 00:00:00,FERN-N-000,6.5,1000,,,
2001-04-04 00:00:00,FERN-N-000,6.5,600,,,
2001-04-18 00:00:00,FERN-N-000,7,100,,,
2001-04-19 00:00:00,FERN-N-000,7,900,,,
2001-04-24 00:00:00,FERN-N-000,7,100,,,
2001-04-25 00:00:00,FERN-N-000,7,200,,,
2001-04-30 00:00:00,FERN-N-000,7,100,,,
2001-05-03 00:00:00,FERN-N-000,7,200,,,
2001-06-14 00:00:00,FERN-N-000,7,400,,,
2001-06-15 00:00:00,FERN-N-000,7,100,,,
2001-06-20 00:00:00,FERN-N-000,7.25,1100,,,
2001-06-21 00:00:00,FERN-N-000,7.25,2400,,,
2001-07-09 00:00:00,FERN-N-000,7.5,400,,,
2001-07-10 00:00:00,FERN-N-000,7.5,100,,,
2001-07-26 00:00:00,FERN-N-000,7.5,100,,,
2001-08-09 00:00:00,FERN-N-000,7.5,700,,,
2001-08-14 00:00:00,FERN-N-000,7.75,600,,,
2001-09-24 00:00:00,FERN-N-000,7.5,100,,,
2001-09-27 00:00:00,FERN-N-000,7,200,,,
2001-10-05 00:00:00,FERN-N-000,7,100,,,
2001-11-06 00:00:00,FERN-N-000,7,1000,,,
2001-11-12 00:00:00,FERN-N-000,7.5,100,,,
2001-11-26 00:00:00,FERN-N-000,7,100,,,
2001-11-27 00:00:00,FERN-N-000,7,100,,,
2001-11-29 00:00:00,FERN-N-000,7,500,,,
2001-12-13 00:00:00,FERN-N-000,7,1900,,,
2001-12-28 00:00:00,FERN-N-000,7,100,,,
2002-01-08 00:00:00,FERN-N-000,7,100,,,
2002-01-09 00:00:00,FERN-N-000,7,100,,,
2002-01-10 00:00:00,FERN-N-000,7,100,,,
2002-01-11 00:00:00,FERN-N-000,7,200,,,
2002-01-15 00:00:00,FERN-N-000,7,200,,,
2002-01-16 00:00:00,FERN-N-000,6.5,100,,,
2002-01-17 00:00:00,FERN-N-000,6.5,200,,,
2002-01-22 00:00:00,FERN-N-000,7,1600,,,
2002-01-30 00:00:00,FERN-N-000,7,1500,,,
2002-02-07 00:00:00,FERN-N-000,7,4800,,,
2001-01-04 00:00:00,GHLL-N-000,2,2000,,,
2001-01-05 00:00:00,GHLL-N-000,2,15100,,,
2001-01-10 00:00:00,GHLL-N-000,2,1000,,,
2001-01-17 00:00:00,GHLL-N-000,2.25,500,,,
2001-01-19 00:00:00,GHLL-N-000,2.25,300,,,
2001-01-22 00:00:00,GHLL-N-000,2.25,800,,,
2001-01-23 00:00:00,GHLL-N-000,2,100,,,
2001-01-24 00:00:00,GHLL-N-000,2,1600,,,
2001-01-25 00:00:00,GHLL-N-000,2.25,1700,,,
2001-01-26 00:00:00,GHLL-N-000,2,2000,,,
2001-01-29 00:00:00,GHLL-N-000,2,1000,,,
2001-01-30 00:00:00,GHLL-N-000,2.25,200,,,
2001-01-31 00:00:00,GHLL-N-000,2,300,,,
2001-02-01 00:00:00,GHLL-N-000,2,5400,,,
2001-02-02 00:00:00,GHLL-N-000,2.25,500,,,
2001-02-06 00:00:00,GHLL-N-000,2,3000,,,
2001-02-08 00:00:00,GHLL-N-000,2.25,1100,,,
2001-02-16 00:00:00,GHLL-N-000,2,2500,,,
2001-02-19 00:00:00,GHLL-N-000,2,6100,,,
2001-02-20 00:00:00,GHLL-N-000,2,12600,,,
2001-02-26 00:00:00,GHLL-N-000,2.25,100,,,
2001-02-27 00:00:00,GHLL-N-000,2.25,100,,,
2001-02-28 00:00:00,GHLL-N-000,2,400,,,
2001-03-01 00:00:00,GHLL-N-000,2,12000,,,
2001-03-05 00:00:00,GHLL-N-000,2.25,200,,,
2001-03-07 00:00:00,GHLL-N-000,2,1600,,,
2001-03-08 00:00:00,GHLL-N-000,2.25,600,,,
2001-03-13 00:00:00,GHLL-N-000,2.25,100,,,
2001-03-14 00:00:00,GHLL-N-000,2,5000,,,
2001-03-15 00:00:00,GHLL-N-000,2.25,100,,,
2001-03-16 00:00:00,GHLL-N-000,2.25,500,,,
2001-03-19 00:00:00,GHLL-N-000,2.25,100,,,
2001-03-20 00:00:00,GHLL-N-000,2,700,,,
2001-03-21 00:00:00,GHLL-N-000,2,10000,,,
2001-03-22 00:00:00,GHLL-N-000,2,100,,,
2001-03-23 00:00:00,GHLL-N-000,2.25,2700,,,
2001-03-26 00:00:00,GHLL-N-000,2.25,200,,,
2001-03-27 00:00:00,GHLL-N-000,2.25,500,,,
2001-03-28 00:00:00,GHLL-N-000,2,500,,,
2001-03-29 00:00:00,GHLL-N-000,2.25,200,,,
2001-04-02 00:00:00,GHLL-N-000,2.25,100,,,
2001-04-04 00:00:00,GHLL-N-000,2.25,300,,,
2001-04-06 00:00:00,GHLL-N-000,2.25,700,,,
2001-04-09 00:00:00,GHLL-N-000,2,400,,,
2001-04-11 00:00:00,GHLL-N-000,2,100,,,
2001-04-18 00:00:00,GHLL-N-000,1.75,100,,,
2001-04-19 00:00:00,GHLL-N-000,1.75,3400,,,
2001-04-24 00:00:00,GHLL-N-000,2,1100,,,
2001-04-25 00:00:00,GHLL-N-000,2,1000,,,
2001-04-30 00:00:00,GHLL-N-000,2,1000,,,
2001-05-02 00:00:00,GHLL-N-000,2.25,2000,,,
2001-05-03 00:00:00,GHLL-N-000,2.25,300,,,
2001-05-04 00:00:00,GHLL-N-000,2.25,200,,,
2001-05-15 00:00:00,GHLL-N-000,2.25,200,,,
2001-05-16 00:00:00,GHLL-N-000,2.25,3500,,,
2001-05-18 00:00:00,GHLL-N-000,2.25,100,,,
2001-05-21 00:00:00,GHLL-N-000,2.25,500,,,
2001-05-23 00:00:00,GHLL-N-000,2.25,100,,,
2001-05-24 00:00:00,GHLL-N-000,2.25,1000,,,
2001-05-28 00:00:00,GHLL-N-000,2,100,,,
2001-05-29 00:00:00,GHLL-N-000,2,500,,,
2001-05-30 00:00:00,GHLL-N-000,2.25,100,,,
2001-05-31 00:00:00,GHLL-N-000,2.25,1200,,,
2001-06-01 00:00:00,GHLL-N-000,2.25,2300,,,
2001-06-04 00:00:00,GHLL-N-000,2.25,400,,,
2001-06-06 00:00:00,GHLL-N-000,2.25,100,,,
2001-06-07 00:00:00,GHLL-N-000,2.25,1100,,,
2001-06-08 00:00:00,GHLL-N-000,2.25,700,,,
2001-06-11 00:00:00,GHLL-N-000,2.25,100,,,
2001-06-12 00:00:00,GHLL-N-000,2.25,200,,,
2001-06-13 00:00:00,GHLL-N-000,2.25,2600,,,
2001-06-15 00:00:00,GHLL-N-000,2,2300,,,
2001-06-18 00:00:00,GHLL-N-000,2.25,600,,,
2001-06-19 00:00:00,GHLL-N-000,2.25,100,,,
2001-06-21 00:00:00,GHLL-N-000,2.25,9500,,,
2001-06-22 00:00:00,GHLL-N-000,2.25,1600,,,
2001-06-25 00:00:00,GHLL-N-000,2.25,2400,,,
2001-06-26 00:00:00,GHLL-N-000,2.25,300,,,
2001-06-27 00:00:00,GHLL-N-000,2.25,600,,,
2001-06-28 00:00:00,GHLL-N-000,2.25,2200,,,
2001-06-29 00:00:00,GHLL-N-000,2.25,2900,,,
2001-07-02 00:00:00,GHLL-N-000,2.25,700,,,
2001-07-03 00:00:00,GHLL-N-000,2.25,900,,,
2001-07-04 00:00:00,GHLL-N-000,2.25,1100,,,
2001-07-06 00:00:00,GHLL-N-000,2.25,500,,,
2001-07-09 00:00:00,GHLL-N-000,2.25,300,,,
2001-07-10 00:00:00,GHLL-N-000,2.25,1500,,,
2001-07-11 00:00:00,GHLL-N-000,2.25,2400,,,
2001-07-12 00:00:00,GHLL-N-000,2.25,2300,,,
2001-07-13 00:00:00,GHLL-N-000,2.25,700,,,
2001-07-16 00:00:00,GHLL-N-000,2.25,200,,,
2001-07-17 00:00:00,GHLL-N-000,2.25,100,,,
2001-07-18 00:00:00,GHLL-N-000,2.25,200,,,
2001-07-19 00:00:00,GHLL-N-000,2,11000,,,
2001-07-20 00:00:00,GHLL-N-000,2.25,1400,,,
2001-07-23 00:00:00,GHLL-N-000,2,2200,,,
2001-07-24 00:00:00,GHLL-N-000,2,2000,,,
2001-07-27 00:00:00,GHLL-N-000,2.25,400,,,
2001-07-30 00:00:00,GHLL-N-000,2.25,200,,,
2001-07-31 00:00:00,GHLL-N-000,2,2000,,,
2001-08-01 00:00:00,GHLL-N-000,2,100,,,
2001-08-02 00:00:00,GHLL-N-000,2.25,500,,,
2001-08-06 00:00:00,GHLL-N-000,2.25,600,,,
2001-08-07 00:00:00,GHLL-N-000,2.25,1300,,,
2001-08-08 00:00:00,GHLL-N-000,2.25,600,,,
2001-08-09 00:00:00,GHLL-N-000,2,300,,,
2001-08-10 00:00:00,GHLL-N-000,2,1000,,,
2001-08-13 00:00:00,GHLL-N-000,2.25,500,,,
2001-08-14 00:00:00,GHLL-N-000,2.25,300,,,
2001-08-15 00:00:00,GHLL-N-000,2,6800,,,
2001-08-16 00:00:00,GHLL-N-000,2,2100,,,
2001-08-17 00:00:00,GHLL-N-000,1.75,7300,,,
2001-08-20 00:00:00,GHLL-N-000,2,200,,,
2001-08-21 00:00:00,GHLL-N-000,2,600,,,
2001-08-22 00:00:00,GHLL-N-000,2,4400,,,
2001-08-24 00:00:00,GHLL-N-000,2.25,3200,,,
2001-08-27 00:00:00,GHLL-N-000,2.25,400,,,
2001-08-28 00:00:00,GHLL-N-000,2.25,500,,,
2001-08-29 00:00:00,GHLL-N-000,2.25,200,,,
2001-09-03 00:00:00,GHLL-N-000,2.25,600,,,
2001-09-04 00:00:00,GHLL-N-000,2.25,200,,,
2001-09-05 00:00:00,GHLL-N-000,2.25,400,,,
2001-09-06 00:00:00,GHLL-N-000,2.25,100,,,
2001-09-07 00:00:00,GHLL-N-000,2.25,4800,,,
2001-09-10 00:00:00,GHLL-N-000,2.25,300,,,
2001-09-11 00:00:00,GHLL-N-000,2.25,200,,,
2001-09-12 00:00:00,GHLL-N-000,2.25,700,,,
2001-09-13 00:00:00,GHLL-N-000,2.25,6100,,,
2001-09-14 00:00:00,GHLL-N-000,2.25,1400,,,
2001-09-17 00:00:00,GHLL-N-000,2.25,1200,,,
2001-09-18 00:00:00,GHLL-N-000,2.25,600,,,
2001-09-19 00:00:00,GHLL-N-000,2,2100,,,
2001-09-21 00:00:00,GHLL-N-000,2.25,200,,,
2001-09-24 00:00:00,GHLL-N-000,2.25,200,,,
2001-09-25 00:00:00,GHLL-N-000,2.25,600,,,
2001-09-26 00:00:00,GHLL-N-000,2.25,800,,,
2001-09-27 00:00:00,GHLL-N-000,2.25,3200,,,
2001-09-28 00:00:00,GHLL-N-000,2.25,1900,,,
2001-10-01 00:00:00,GHLL-N-000,2,8200,,,
2001-10-03 00:00:00,GHLL-N-000,2.25,2400,,,
2001-10-05 00:00:00,GHLL-N-000,2.5,900,,,
2001-10-08 00:00:00,GHLL-N-000,2,7600,,,
2001-10-09 00:00:00,GHLL-N-000,2.25,6600,,,
2001-10-10 00:00:00,GHLL-N-000,2.75,26000,,,
2001-10-11 00:00:00,GHLL-N-000,2.75,13100,,,
2001-10-12 00:00:00,GHLL-N-000,2.75,22700,,,
2001-10-15 00:00:00,GHLL-N-000,2.75,3100,,,
2001-10-16 00:00:00,GHLL-N-000,2.5,600,,,
2001-10-18 00:00:00,GHLL-N-000,2.75,700,,,
2001-10-19 00:00:00,GHLL-N-000,2.75,300,,,
2001-10-22 00:00:00,GHLL-N-000,2.75,500,,,
2001-10-23 00:00:00,GHLL-N-000,2.75,1400,,,
2001-10-25 00:00:00,GHLL-N-000,2.75,300,,,
2001-10-26 00:00:00,GHLL-N-000,2.75,300,,,
2001-10-29 00:00:00,GHLL-N-000,2.5,100,,,
2001-10-30 00:00:00,GHLL-N-000,2.5,1400,,,
2001-11-01 00:00:00,GHLL-N-000,2.25,300,,,
2001-11-02 00:00:00,GHLL-N-000,2.5,200,,,
2001-11-05 00:00:00,GHLL-N-000,2.5,1100,,,
2001-11-06 00:00:00,GHLL-N-000,2.5,400,,,
2001-11-07 00:00:00,GHLL-N-000,2.5,400,,,
2001-11-08 00:00:00,GHLL-N-000,2.25,3000,,,
2001-11-09 00:00:00,GHLL-N-000,2.5,5000,,,
2001-11-12 00:00:00,GHLL-N-000,2.75,5100,,,
2001-11-13 00:00:00,GHLL-N-000,2.75,500,,,
2001-11-14 00:00:00,GHLL-N-000,2.75,10800,,,
2001-11-15 00:00:00,GHLL-N-000,3,2300,,,
2001-11-16 00:00:00,GHLL-N-000,2.75,11800,,,
2001-11-19 00:00:00,GHLL-N-000,3,3800,,,
2001-11-20 00:00:00,GHLL-N-000,3,3800,,,
2001-11-21 00:00:00,GHLL-N-000,3,200,,,
2001-11-22 00:00:00,GHLL-N-000,3,1000,,,
2001-11-23 00:00:00,GHLL-N-000,3,4300,,,
2001-11-26 00:00:00,GHLL-N-000,3,200,,,
2001-11-27 00:00:00,GHLL-N-000,3,200,,,
2001-11-28 00:00:00,GHLL-N-000,3,2100,,,
2001-11-29 00:00:00,GHLL-N-000,2.75,7900,,,
2001-12-03 00:00:00,GHLL-N-000,2.75,15700,,,
2001-12-04 00:00:00,GHLL-N-000,3,12100,,,
2001-12-05 00:00:00,GHLL-N-000,3,20800,,,
2001-12-07 00:00:00,GHLL-N-000,3.75,60700,,,
2001-12-10 00:00:00,GHLL-N-000,3.75,66500,,,
2001-12-11 00:00:00,GHLL-N-000,3.75,14600,,,
2001-12-12 00:00:00,GHLL-N-000,3.5,26700,,,
2001-12-13 00:00:00,GHLL-N-000,3,11000,,,
2001-12-14 00:00:00,GHLL-N-000,3.25,4800,,,
2001-12-17 00:00:00,GHLL-N-000,3.25,1000,,,
2001-12-18 00:00:00,GHLL-N-000,3.5,7300,,,
2001-12-19 00:00:00,GHLL-N-000,3.25,2600,,,
2001-12-20 00:00:00,GHLL-N-000,3.25,16700,,,
2001-12-21 00:00:00,GHLL-N-000,3.25,5400,,,
2001-12-27 00:00:00,GHLL-N-000,3.5,2600,,,
2001-12-28 00:00:00,GHLL-N-000,3.5,3600,,,
2001-12-31 00:00:00,GHLL-N-000,3.25,21600,,,
2002-01-03 00:00:00,GHLL-N-000,3.5,5200,,,
2002-01-04 00:00:00,GHLL-N-000,3.5,1400,,,
2002-01-07 00:00:00,GHLL-N-000,3.5,2000,,,
2002-01-08 00:00:00,GHLL-N-000,3.5,5200,,,
2002-01-09 00:00:00,GHLL-N-000,3.5,1100,,,
2002-01-10 00:00:00,GHLL-N-000,3.25,6300,,,
2002-01-11 00:00:00,GHLL-N-000,3.25,8100,,,
2002-01-15 00:00:00,GHLL-N-000,3.25,600,,,
2002-01-16 00:00:00,GHLL-N-000,3.5,700,,,
2002-01-17 00:00:00,GHLL-N-000,3.25,1100,,,
2002-01-18 00:00:00,GHLL-N-000,3.5,100,,,
2002-01-22 00:00:00,GHLL-N-000,3,1600,,,
2002-01-24 00:00:00,GHLL-N-000,3.25,300,,,
2002-01-25 00:00:00,GHLL-N-000,3.25,4300,,,
2002-01-29 00:00:00,GHLL-N-000,3,1000,,,
2002-01-31 00:00:00,GHLL-N-000,3,7100,,,
2002-02-01 00:00:00,GHLL-N-000,3.25,100,,,
2002-02-05 00:00:00,GHLL-N-000,3,5900,,,
2002-02-06 00:00:00,GHLL-N-000,3,13400,,,
2002-02-07 00:00:00,GHLL-N-000,3,600,,,
2002-02-08 00:00:00,GHLL-N-000,3,6500,,,
2001-01-18 00:00:00,GEST-N-000,50,200,,,
2001-03-23 00:00:00,GEST-N-000,47,200,,,
2001-04-27 00:00:00,GEST-N-000,45,100,,,
2001-08-02 00:00:00,GEST-N-000,45,200,,,
2001-08-06 00:00:00,GEST-N-000,40,100,,,
2001-08-09 00:00:00,GEST-N-000,35,200,,,
2001-08-29 00:00:00,GEST-N-000,35,100,,,
2001-09-07 00:00:00,GEST-N-000,35,100,,,
2001-09-12 00:00:00,GEST-N-000,30,200,,,
2001-09-13 00:00:00,GEST-N-000,30,500,,,
2001-10-12 00:00:00,GEST-N-000,30.25,300,,,
2001-11-22 00:00:00,GEST-N-000,30,100,,,
2001-12-12 00:00:00,GEST-N-000,40,100,,,
2002-02-06 00:00:00,GEST-N-000,30,100,,,
2001-01-03 00:00:00,GLAX-N-000,34,300,,,
2001-01-16 00:00:00,GLAX-N-000,35.5,1200,,,
2001-01-25 00:00:00,GLAX-N-000,34.5,200,,,
2001-01-26 00:00:00,GLAX-N-000,34.5,100,,,
2001-02-23 00:00:00,GLAX-N-000,35,200,,,
2001-02-26 00:00:00,GLAX-N-000,35,900,,,
2001-02-27 00:00:00,GLAX-N-000,35,300,,,
2001-03-01 00:00:00,GLAX-N-000,37,100,,,
2001-03-05 00:00:00,GLAX-N-000,39.75,200,,,
2001-03-08 00:00:00,GLAX-N-000,37.25,100,,,
2001-03-13 00:00:00,GLAX-N-000,36.5,200,,,
2001-03-20 00:00:00,GLAX-N-000,37,100,,,
2001-03-21 00:00:00,GLAX-N-000,37,400,,,
2001-04-02 00:00:00,GLAX-N-000,37,200,,,
2001-04-06 00:00:00,GLAX-N-000,37,100,,,
2001-04-11 00:00:00,GLAX-N-000,37,1200,,,
2001-04-16 00:00:00,GLAX-N-000,34,100,,,
2001-04-17 00:00:00,GLAX-N-000,33,500,,,
2001-04-18 00:00:00,GLAX-N-000,35,100,,,
2001-04-23 00:00:00,GLAX-N-000,33,100,,,
2001-05-15 00:00:00,GLAX-N-000,31.5,1900,,,
2001-05-16 00:00:00,GLAX-N-000,31.5,2500,,,
2001-05-17 00:00:00,GLAX-N-000,31.5,600,,,
2001-05-25 00:00:00,GLAX-N-000,33,100,,,
2001-05-28 00:00:00,GLAX-N-000,33,1300,,,
2001-05-29 00:00:00,GLAX-N-000,33,200,,,
2001-05-30 00:00:00,GLAX-N-000,33,1500,,,
2001-06-13 00:00:00,GLAX-N-000,33,500,,,
2001-10-04 00:00:00,GLAX-N-000,31,3900,,,
2001-10-23 00:00:00,GLAX-N-000,33,500,,,
2001-10-29 00:00:00,GLAX-N-000,35,100,,,
2001-11-15 00:00:00,GLAX-N-000,32,100,,,
2001-11-20 00:00:00,GLAX-N-000,32,100,,,
2001-11-22 00:00:00,GLAX-N-000,32.75,1500,,,
2001-11-27 00:00:00,GLAX-N-000,32.75,300,,,
2001-12-03 00:00:00,GLAX-N-000,32.75,200,,,
2001-12-07 00:00:00,GLAX-N-000,45,12000,,,
2001-12-10 00:00:00,GLAX-N-000,45,2500,,,
2001-12-11 00:00:00,GLAX-N-000,45,500,,,
2001-12-12 00:00:00,GLAX-N-000,42.5,2100,,,
2001-12-18 00:00:00,GLAX-N-000,42,100,,,
2001-12-19 00:00:00,GLAX-N-000,36,1000,,,
2001-12-27 00:00:00,GLAX-N-000,36,3400,,,
2002-01-11 00:00:00,GLAX-N-000,35,200,,,
2002-01-16 00:00:00,GLAX-N-000,35,900,,,
2002-01-17 00:00:00,GLAX-N-000,35,100,,,
2002-01-25 00:00:00,GLAX-N-000,35,300,,,
2002-01-30 00:00:00,GLAX-N-000,35,600,,,
2001-12-12 00:00:00,GOOD-N-000,200,10800,,,
2001-02-16 00:00:00,HLOG-N-000,20.5,4200,,,
2001-02-19 00:00:00,HLOG-N-000,20.5,100,,,
2001-03-22 00:00:00,HLOG-N-000,20.5,100,,,
2001-03-26 00:00:00,HLOG-N-000,21,200,,,
2001-03-27 00:00:00,HLOG-N-000,21,1300,,,
2001-03-29 00:00:00,HLOG-N-000,21.25,1300,,,
2001-05-03 00:00:00,HLOG-N-000,24,1000,,,
2001-05-04 00:00:00,HLOG-N-000,25,500,,,
2001-05-09 00:00:00,HLOG-N-000,24.75,500,,,
2001-05-10 00:00:00,HLOG-N-000,25,1400,,,
2001-05-11 00:00:00,HLOG-N-000,25,1500,,,
2001-06-06 00:00:00,HLOG-N-000,25.5,1500,,,
2001-06-08 00:00:00,HLOG-N-000,25.5,100,,,
2001-06-22 00:00:00,HLOG-N-000,26,900,,,
2001-07-02 00:00:00,HLOG-N-000,26,100,,,
2001-07-19 00:00:00,HLOG-N-000,25,1000,,,
2001-08-02 00:00:00,HLOG-N-000,23,8300,,,
2001-08-09 00:00:00,HLOG-N-000,20.25,100,,,
2001-08-13 00:00:00,HLOG-N-000,20.25,100,,,
2001-08-24 00:00:00,HLOG-N-000,18.5,300,,,
2001-09-04 00:00:00,HLOG-N-000,17.25,100,,,
2001-09-06 00:00:00,HLOG-N-000,17.25,500,,,
2001-09-12 00:00:00,HLOG-N-000,17,400,,,
2001-09-17 00:00:00,HLOG-N-000,17.25,200,,,
2001-10-18 00:00:00,HLOG-N-000,17,1000,,,
2001-11-23 00:00:00,HLOG-N-000,17,500,,,
2001-11-27 00:00:00,HLOG-N-000,17.5,200,,,
2001-12-04 00:00:00,HLOG-N-000,17.5,300,,,
2001-12-05 00:00:00,HLOG-N-000,17,200,,,
2001-12-17 00:00:00,HLOG-N-000,15,100,,,
2001-12-21 00:00:00,HLOG-N-000,15.5,2000,,,
2001-12-28 00:00:00,HLOG-N-000,20,2000,,,
2002-01-03 00:00:00,HLOG-N-000,20.5,100,,,
2002-01-07 00:00:00,HLOG-N-000,20.25,600,,,
2002-01-10 00:00:00,HLOG-N-000,20.25,3000,,,
2002-01-11 00:00:00,HLOG-N-000,20.25,2000,,,
2002-01-17 00:00:00,HLOG-N-000,20.5,700,,,
2002-01-24 00:00:00,HLOG-N-000,24,14400,,,
2002-02-01 00:00:00,HLOG-N-000,25,100,,,
2002-02-06 00:00:00,HLOG-N-000,25.25,6800,,,
2002-02-07 00:00:00,HLOG-N-000,28,100,,,
2002-02-08 00:00:00,HLOG-N-000,27.5,1000,,,
2001-01-02 00:00:00,HAPU-N-000,7.75,3600,,,
2001-01-03 00:00:00,HAPU-N-000,7.75,300,,,
2001-01-04 00:00:00,HAPU-N-000,7.75,1000,,,
2001-01-05 00:00:00,HAPU-N-000,7.75,6400,,,
2001-01-08 00:00:00,HAPU-N-000,7.5,200,,,
2001-01-10 00:00:00,HAPU-N-000,7.5,900,,,
2001-01-11 00:00:00,HAPU-N-000,7.5,400,,,
2001-01-12 00:00:00,HAPU-N-000,7.75,3700,,,
2001-01-16 00:00:00,HAPU-N-000,7.5,5500,,,
2001-01-17 00:00:00,HAPU-N-000,7.5,1700,,,
2001-01-18 00:00:00,HAPU-N-000,7.5,3300,,,
2001-01-19 00:00:00,HAPU-N-000,7.5,3500,,,
2001-01-22 00:00:00,HAPU-N-000,7.25,200,,,
2001-01-23 00:00:00,HAPU-N-000,7.25,12000,,,
2001-01-24 00:00:00,HAPU-N-000,7.5,4200,,,
2001-01-25 00:00:00,HAPU-N-000,7,5200,,,
2001-01-26 00:00:00,HAPU-N-000,7,5100,,,
2001-01-29 00:00:00,HAPU-N-000,7,300,,,
2001-01-30 00:00:00,HAPU-N-000,7,1300,,,
2001-01-31 00:00:00,HAPU-N-000,7,500,,,
2001-02-01 00:00:00,HAPU-N-000,7.25,2000,,,
2001-02-08 00:00:00,HAPU-N-000,7,500,,,
2001-02-09 00:00:00,HAPU-N-000,7,5300,,,
2001-02-12 00:00:00,HAPU-N-000,7,8100,,,
2001-02-13 00:00:00,HAPU-N-000,7,1000,,,
2001-02-14 00:00:00,HAPU-N-000,7,300,,,
2001-02-16 00:00:00,HAPU-N-000,7,300,,,
2001-02-20 00:00:00,HAPU-N-000,6.75,5600,,,
2001-02-23 00:00:00,HAPU-N-000,6.75,1900,,,
2001-02-26 00:00:00,HAPU-N-000,6.5,6000,,,
2001-02-27 00:00:00,HAPU-N-000,6.5,5700,,,
2001-02-28 00:00:00,HAPU-N-000,6.5,8300,,,
2001-03-01 00:00:00,HAPU-N-000,6.75,900,,,
2001-03-07 00:00:00,HAPU-N-000,6.75,100,,,
2001-03-12 00:00:00,HAPU-N-000,6.5,1200,,,
2001-03-13 00:00:00,HAPU-N-000,6.5,3700,,,
2001-03-14 00:00:00,HAPU-N-000,6.5,4800,,,
2001-03-15 00:00:00,HAPU-N-000,6.75,300,,,
2001-03-16 00:00:00,HAPU-N-000,6.75,2200,,,
2001-03-19 00:00:00,HAPU-N-000,6.5,6000,,,
2001-03-21 00:00:00,HAPU-N-000,6,3500,,,
2001-03-22 00:00:00,HAPU-N-000,6,800,,,
2001-03-23 00:00:00,HAPU-N-000,6,6200,,,
2001-03-27 00:00:00,HAPU-N-000,6,5100,,,
2001-03-28 00:00:00,HAPU-N-000,5.75,100,,,
2001-03-29 00:00:00,HAPU-N-000,5.75,1600,,,
2001-03-30 00:00:00,HAPU-N-000,6,2900,,,
2001-04-03 00:00:00,HAPU-N-000,5.75,2800,,,
2001-04-05 00:00:00,HAPU-N-000,5.75,100,,,
2001-04-06 00:00:00,HAPU-N-000,5.75,30400,,,
2001-04-09 00:00:00,HAPU-N-000,5.75,300,,,
2001-04-11 00:00:00,HAPU-N-000,5.75,1800,,,
2001-04-16 00:00:00,HAPU-N-000,6,3000,,,
2001-04-18 00:00:00,HAPU-N-000,6,100,,,
2001-04-19 00:00:00,HAPU-N-000,6.25,200,,,
2001-04-20 00:00:00,HAPU-N-000,6,2400,,,
2001-04-23 00:00:00,HAPU-N-000,6,1500,,,
2001-04-24 00:00:00,HAPU-N-000,6,2000,,,
2001-04-25 00:00:00,HAPU-N-000,6.5,20000,,,
2001-04-26 00:00:00,HAPU-N-000,6.75,200,,,
2001-04-27 00:00:00,HAPU-N-000,6.5,200,,,
2001-04-30 00:00:00,HAPU-N-000,6.5,300,,,
2001-05-02 00:00:00,HAPU-N-000,6.5,2300,,,
2001-05-03 00:00:00,HAPU-N-000,6.5,800,,,
2001-05-04 00:00:00,HAPU-N-000,6.5,300,,,
2001-05-10 00:00:00,HAPU-N-000,6.75,100,,,
2001-05-11 00:00:00,HAPU-N-000,6.5,4200,,,
2001-05-14 00:00:00,HAPU-N-000,6.5,200,,,
2001-05-15 00:00:00,HAPU-N-000,6.5,100,,,
2001-05-16 00:00:00,HAPU-N-000,6.5,1000,,,
2001-05-17 00:00:00,HAPU-N-000,6.5,2300,,,
2001-05-18 00:00:00,HAPU-N-000,6.5,500,,,
2001-05-22 00:00:00,HAPU-N-000,6.75,100,,,
2001-05-24 00:00:00,HAPU-N-000,6.75,1000,,,
2001-05-25 00:00:00,HAPU-N-000,6.5,3200,,,
2001-05-28 00:00:00,HAPU-N-000,6.5,100,,,
2001-05-29 00:00:00,HAPU-N-000,6.5,1600,,,
2001-05-30 00:00:00,HAPU-N-000,6.5,100,,,
2001-05-31 00:00:00,HAPU-N-000,6.75,5300,,,
2001-06-01 00:00:00,HAPU-N-000,6.75,300,,,
2001-06-04 00:00:00,HAPU-N-000,6.75,2100,,,
2001-06-06 00:00:00,HAPU-N-000,6.75,2900,,,
2001-06-08 00:00:00,HAPU-N-000,7,1000,,,
2001-06-12 00:00:00,HAPU-N-000,6.75,3000,,,
2001-06-13 00:00:00,HAPU-N-000,6.75,300,,,
2001-06-19 00:00:00,HAPU-N-000,6.75,5100,,,
2001-06-21 00:00:00,HAPU-N-000,7.5,3700,,,
2001-06-22 00:00:00,HAPU-N-000,7.75,7800,,,
2001-06-26 00:00:00,HAPU-N-000,7,3800,,,
2001-06-27 00:00:00,HAPU-N-000,7.5,25500,,,
2001-06-28 00:00:00,HAPU-N-000,7.5,18700,,,
2001-06-29 00:00:00,HAPU-N-000,7.5,5400,,,
2001-07-02 00:00:00,HAPU-N-000,7.5,1500,,,
2001-07-03 00:00:00,HAPU-N-000,7.25,700,,,
2001-07-09 00:00:00,HAPU-N-000,7.25,300,,,
2001-07-10 00:00:00,HAPU-N-000,7.5,200,,,
2001-07-11 00:00:00,HAPU-N-000,7.25,19600,,,
2001-07-12 00:00:00,HAPU-N-000,7,1000,,,
2001-07-16 00:00:00,HAPU-N-000,7.25,500,,,
2001-07-18 00:00:00,HAPU-N-000,7.25,1800,,,
2001-07-19 00:00:00,HAPU-N-000,7,10100,,,
2001-07-20 00:00:00,HAPU-N-000,7,1200,,,
2001-07-23 00:00:00,HAPU-N-000,7,6600,,,
2001-07-24 00:00:00,HAPU-N-000,6.5,8200,,,
2001-07-25 00:00:00,HAPU-N-000,6.5,100,,,
2001-07-26 00:00:00,HAPU-N-000,6.25,300,,,
2001-07-27 00:00:00,HAPU-N-000,6.5,100,,,
2001-07-31 00:00:00,HAPU-N-000,6.75,200,,,
2001-08-02 00:00:00,HAPU-N-000,6.5,100,,,
2001-08-06 00:00:00,HAPU-N-000,6.25,1000,,,
2001-08-07 00:00:00,HAPU-N-000,6.25,100,,,
2001-08-10 00:00:00,HAPU-N-000,6.25,6500,,,
2001-08-13 00:00:00,HAPU-N-000,6.25,200,,,
2001-08-14 00:00:00,HAPU-N-000,6,1000,,,
2001-08-15 00:00:00,HAPU-N-000,6,3800,,,
2001-08-16 00:00:00,HAPU-N-000,5.75,2100,,,
2001-08-17 00:00:00,HAPU-N-000,6,4700,,,
2001-08-20 00:00:00,HAPU-N-000,5.75,4800,,,
2001-08-28 00:00:00,HAPU-N-000,6,1200,,,
2001-08-29 00:00:00,HAPU-N-000,6.25,500,,,
2001-08-30 00:00:00,HAPU-N-000,6,2400,,,
2001-08-31 00:00:00,HAPU-N-000,6,200,,,
2001-09-04 00:00:00,HAPU-N-000,6.25,800,,,
2001-09-05 00:00:00,HAPU-N-000,6.25,500,,,
2001-09-07 00:00:00,HAPU-N-000,6.25,500,,,
2001-09-11 00:00:00,HAPU-N-000,6,100,,,
2001-09-12 00:00:00,HAPU-N-000,5.75,600,,,
2001-09-19 00:00:00,HAPU-N-000,5.75,600,,,
2001-09-21 00:00:00,HAPU-N-000,5.75,100,,,
2001-09-24 00:00:00,HAPU-N-000,5.75,1600,,,
2001-09-25 00:00:00,HAPU-N-000,5.75,100,,,
2001-10-01 00:00:00,HAPU-N-000,6,200,,,
2001-10-03 00:00:00,HAPU-N-000,5.75,500,,,
2001-10-08 00:00:00,HAPU-N-000,5.75,2500,,,
2001-10-09 00:00:00,HAPU-N-000,6.25,4700,,,
2001-10-10 00:00:00,HAPU-N-000,7,11300,,,
2001-10-11 00:00:00,HAPU-N-000,7.25,21700,,,
2001-10-12 00:00:00,HAPU-N-000,7.75,9400,,,
2001-10-15 00:00:00,HAPU-N-000,5.75,6000,,,
2001-10-16 00:00:00,HAPU-N-000,6,37500,,,
2001-10-17 00:00:00,HAPU-N-000,7,18800,,,
2001-10-18 00:00:00,HAPU-N-000,6.75,11000,,,
2001-10-19 00:00:00,HAPU-N-000,6.5,7000,,,
2001-10-22 00:00:00,HAPU-N-000,6.75,9500,,,
2001-10-23 00:00:00,HAPU-N-000,6.75,2500,,,
2001-10-24 00:00:00,HAPU-N-000,6.75,35400,,,
2001-10-25 00:00:00,HAPU-N-000,6.75,16300,,,
2001-10-26 00:00:00,HAPU-N-000,7.25,13500,,,
2001-10-29 00:00:00,HAPU-N-000,6.75,14500,,,
2001-10-30 00:00:00,HAPU-N-000,6.75,2000,,,
2001-11-01 00:00:00,HAPU-N-000,6.5,9300,,,
2001-11-02 00:00:00,HAPU-N-000,6.5,2200,,,
2001-11-06 00:00:00,HAPU-N-000,6.25,9100,,,
2001-11-07 00:00:00,HAPU-N-000,6.25,7800,,,
2001-11-08 00:00:00,HAPU-N-000,6.5,300,,,
2001-11-09 00:00:00,HAPU-N-000,6.25,13100,,,
2001-11-12 00:00:00,HAPU-N-000,6.75,18400,,,
2001-11-13 00:00:00,HAPU-N-000,6.75,7000,,,
2001-11-14 00:00:00,HAPU-N-000,7,10000,,,
2001-11-15 00:00:00,HAPU-N-000,7.25,17900,,,
2001-11-16 00:00:00,HAPU-N-000,7.5,15200,,,
2001-11-19 00:00:00,HAPU-N-000,9.5,98900,,,
2001-11-20 00:00:00,HAPU-N-000,8.75,16800,,,
2001-11-21 00:00:00,HAPU-N-000,9,11300,,,
2001-11-22 00:00:00,HAPU-N-000,10.5,165300,,,
2001-11-23 00:00:00,HAPU-N-000,9.75,52600,,,
2001-11-26 00:00:00,HAPU-N-000,9,8900,,,
2001-11-27 00:00:00,HAPU-N-000,9,28800,,,
2001-11-28 00:00:00,HAPU-N-000,10,17500,,,
2001-11-29 00:00:00,HAPU-N-000,9.5,56300,,,
2001-12-03 00:00:00,HAPU-N-000,8.75,27700,,,
2001-12-04 00:00:00,HAPU-N-000,9,24600,,,
2001-12-05 00:00:00,HAPU-N-000,8.5,22200,,,
2001-12-07 00:00:00,HAPU-N-000,12.75,166800,,,
2001-12-10 00:00:00,HAPU-N-000,13.5,79400,,,
2001-12-11 00:00:00,HAPU-N-000,13,43200,,,
2001-12-12 00:00:00,HAPU-N-000,11.75,19000,,,
2001-12-13 00:00:00,HAPU-N-000,10.25,29000,,,
2001-12-14 00:00:00,HAPU-N-000,11,8800,,,
2001-12-17 00:00:00,HAPU-N-000,10.75,8700,,,
2001-12-18 00:00:00,HAPU-N-000,10.5,21000,,,
2001-12-19 00:00:00,HAPU-N-000,9.5,11500,,,
2001-12-20 00:00:00,HAPU-N-000,9.75,5600,,,
2001-12-21 00:00:00,HAPU-N-000,9.75,1000,,,
2001-12-27 00:00:00,HAPU-N-000,10.5,8600,,,
2001-12-28 00:00:00,HAPU-N-000,11,10100,,,
2001-12-31 00:00:00,HAPU-N-000,10.5,16500,,,
2002-01-02 00:00:00,HAPU-N-000,10,5000,,,
2002-01-03 00:00:00,HAPU-N-000,10.25,5200,,,
2002-01-04 00:00:00,HAPU-N-000,10,7100,,,
2002-01-07 00:00:00,HAPU-N-000,10.75,18700,,,
2002-01-08 00:00:00,HAPU-N-000,10,4500,,,
2002-01-09 00:00:00,HAPU-N-000,9.75,1000,,,
2002-01-10 00:00:00,HAPU-N-000,9.5,1300,,,
2002-01-11 00:00:00,HAPU-N-000,9.75,3200,,,
2002-01-15 00:00:00,HAPU-N-000,9.5,5800,,,
2002-01-16 00:00:00,HAPU-N-000,8.75,1800,,,
2002-01-17 00:00:00,HAPU-N-000,8.25,7600,,,
2002-01-18 00:00:00,HAPU-N-000,9.75,900,,,
2002-01-21 00:00:00,HAPU-N-000,10,12800,,,
2002-01-22 00:00:00,HAPU-N-000,8.5,2300,,,
2002-01-23 00:00:00,HAPU-N-000,8.75,1300,,,
2002-01-24 00:00:00,HAPU-N-000,9.5,12800,,,
2002-01-25 00:00:00,HAPU-N-000,9.25,1000,,,
2002-01-29 00:00:00,HAPU-N-000,9.25,1000,,,
2002-01-30 00:00:00,HAPU-N-000,9.25,100,,,
2002-01-31 00:00:00,HAPU-N-000,9,200,,,
2002-02-05 00:00:00,HAPU-N-000,8.5,700,,,
2002-02-06 00:00:00,HAPU-N-000,9,4900,,,
2002-02-07 00:00:00,HAPU-N-000,8.5,300,,,
2002-02-08 00:00:00,HAPU-N-000,10,5500,,,
2001-01-19 00:00:00,HARI-N-000,140,200,,,
2001-04-19 00:00:00,HARI-N-000,111.25,116000,,,
2001-05-03 00:00:00,HARI-N-000,115,100,,,
2001-07-18 00:00:00,HARI-N-000,126,500,,,
2001-07-20 00:00:00,HARI-N-000,127.75,500,,,
2001-08-16 00:00:00,HARI-N-000,128.75,1000,,,
2001-09-05 00:00:00,HARI-N-000,129.25,200,,,
2001-10-03 00:00:00,HARI-N-000,150,5000,,,
2001-12-18 00:00:00,HARI-N-000,150,200,,,
2001-01-02 00:00:00,HNB-D-0015,85,100,,,
2001-01-02 00:00:00,HNB-X-0000,36.25,200,,,
2001-01-03 00:00:00,HNB-X-0000,36.75,300,,,
2001-01-04 00:00:00,HNB-D-0015,83.25,100,,,
2001-01-05 00:00:00,HNB-N-0000,48,6000,,,
2001-01-05 00:00:00,HNB-X-0000,36.75,300,,,
2001-01-08 00:00:00,HNB-D-0015,85,27000,,,
2001-01-10 00:00:00,HNB-D-0015,86,1000,,,
2001-01-10 00:00:00,HNB-N-0000,48.75,400,,,
2001-01-10 00:00:00,HNB-X-0000,35.5,2000,,,
2001-01-11 00:00:00,HNB-N-0000,49,400,,,
2001-01-11 00:00:00,HNB-X-0000,36.5,900,,,
2001-01-12 00:00:00,HNB-N-0000,49,500,,,
2001-01-12 00:00:00,HNB-X-0000,37,600,,,
2001-01-16 00:00:00,HNB-D-0015,87,3000,,,
2001-01-16 00:00:00,HNB-N-0000,48,100,,,
2001-01-16 00:00:00,HNB-X-0000,37,200,,,
2001-01-18 00:00:00,HNB-D-0014,87,300,,,
2001-01-18 00:00:00,HNB-N-0000,48.5,100,,,
2001-01-19 00:00:00,HNB-X-0000,37.25,500,,,
2001-01-22 00:00:00,HNB-N-0000,48.75,400,,,
2001-01-23 00:00:00,HNB-D-0015,84,500,,,
2001-01-23 00:00:00,HNB-N-0000,48,1800,,,
2001-01-23 00:00:00,HNB-X-0000,38,200,,,
2001-01-24 00:00:00,HNB-N-0000,48,100,,,
2001-01-25 00:00:00,HNB-N-0000,45,300,,,
2001-01-25 00:00:00,HNB-X-0000,37.5,2800,,,
2001-01-26 00:00:00,HNB-N-0000,44.75,100,,,
2001-01-26 00:00:00,HNB-X-0000,37,300,,,
2001-01-29 00:00:00,HNB-N-0000,44,600,,,
2001-01-30 00:00:00,HNB-N-0000,44,2400,,,
2001-01-31 00:00:00,HNB-D-0015,86,300,,,
2001-01-31 00:00:00,HNB-N-0000,44,200,,,
2001-01-31 00:00:00,HNB-X-0000,35.25,1500,,,
2001-02-01 00:00:00,HNB-N-0000,45,500,,,
2001-02-02 00:00:00,HNB-X-0000,35.25,500,,,
2001-02-06 00:00:00,HNB-D-0014,85,400,,,
2001-02-08 00:00:00,HNB-N-0000,45,100,,,
2001-02-12 00:00:00,HNB-N-0000,44,100,,,
2001-02-12 00:00:00,HNB-X-0000,35.25,1900,,,
2001-02-13 00:00:00,HNB-N-0000,45,6200,,,
2001-02-13 00:00:00,HNB-X-0000,35.25,400,,,
2001-02-14 00:00:00,HNB-N-0000,45,1500,,,
2001-02-15 00:00:00,HNB-N-0000,44,7500,,,
2001-02-15 00:00:00,HNB-X-0000,35.25,100,,,
2001-02-16 00:00:00,HNB-N-0000,44,100,,,
2001-02-16 00:00:00,HNB-X-0000,35.25,100,,,
2001-02-19 00:00:00,HNB-N-0000,41.5,150700,,,
2001-02-19 00:00:00,HNB-X-0000,35.25,100,,,
2001-02-20 00:00:00,HNB-X-0000,35.25,600,,,
2001-02-21 00:00:00,HNB-N-0000,42,200,,,
2001-02-21 00:00:00,HNB-X-0000,35.25,300,,,
2001-02-22 00:00:00,HNB-N-0000,42,400,,,
2001-02-22 00:00:00,HNB-X-0000,35.25,100,,,
2001-02-23 00:00:00,HNB-N-0000,44,8300,,,
2001-02-23 00:00:00,HNB-X-0000,35.75,1800,,,
2001-02-26 00:00:00,HNB-X-0000,35.75,1100,,,
2001-02-27 00:00:00,HNB-D-0015,80,100,,,
2001-02-27 00:00:00,HNB-X-0000,35.75,1000,,,
2001-02-28 00:00:00,HNB-D-0015,82,5000,,,
2001-02-28 00:00:00,HNB-N-0000,43,1100,,,
2001-02-28 00:00:00,HNB-X-0000,35.75,400,,,
2001-03-01 00:00:00,HNB-X-0000,35.75,100,,,
2001-03-02 00:00:00,HNB-N-0000,43,7800,,,
2001-03-02 00:00:00,HNB-X-0000,35.75,1000,,,
2001-03-05 00:00:00,HNB-N-0000,43.5,3400,,,
2001-03-06 00:00:00,HNB-D-0014,82,200,,,
2001-03-06 00:00:00,HNB-D-0015,80,10000,,,
2001-03-06 00:00:00,HNB-N-0000,43.75,2100,,,
2001-03-06 00:00:00,HNB-X-0000,35.75,300,,,
2001-03-07 00:00:00,HNB-N-0000,41,700,,,
2001-03-07 00:00:00,HNB-X-0000,35.25,2100,,,
2001-03-08 00:00:00,HNB-D-0014,82,300,,,
2001-03-12 00:00:00,HNB-X-0000,35.25,100,,,
2001-03-13 00:00:00,HNB-N-0000,40.5,600,,,
2001-03-13 00:00:00,HNB-X-0000,35.25,30100,,,
2001-03-14 00:00:00,HNB-N-0000,41.5,10400,,,
2001-03-15 00:00:00,HNB-N-0000,42,2500,,,
2001-03-16 00:00:00,HNB-N-0000,42,2100,,,
2001-03-19 00:00:00,HNB-X-0000,35.25,400,,,
2001-03-20 00:00:00,HNB-D-0015,87,700,,,
2001-03-20 00:00:00,HNB-N-0000,42,600,,,
2001-03-20 00:00:00,HNB-X-0000,35.25,100,,,
2001-03-21 00:00:00,HNB-N-0000,42,4900,,,
2001-03-21 00:00:00,HNB-X-0000,35.25,1100,,,
2001-03-23 00:00:00,HNB-N-0000,41.5,105500,,,
2001-03-23 00:00:00,HNB-X-0000,35.25,100,,,
2001-03-26 00:00:00,HNB-X-0000,35,100,,,
2001-03-27 00:00:00,HNB-N-0000,39.75,1200,,,
2001-03-28 00:00:00,HNB-N-0000,39,1300,,,
2001-03-29 00:00:00,HNB-D-0014,82.5,100,,,
2001-03-29 00:00:00,HNB-N-0000,40,2200,,,
2001-03-29 00:00:00,HNB-X-0000,34,500,,,
2001-03-30 00:00:00,HNB-N-0000,40,300,,,
2001-04-02 00:00:00,HNB-D-0014,80.25,1000,,,
2001-04-02 00:00:00,HNB-N-0000,40.25,100,,,
2001-04-02 00:00:00,HNB-X-0000,34,1000,,,
2001-04-03 00:00:00,HNB-N-0000,40.25,3600,,,
2001-04-03 00:00:00,HNB-X-0000,33,100,,,
2001-04-04 00:00:00,HNB-D-0014,87,500,,,
2001-04-04 00:00:00,HNB-N-0000,40.25,5000,,,
2001-04-04 00:00:00,HNB-X-0000,34,400,,,
2001-04-05 00:00:00,HNB-N-0000,40.75,2800,,,
2001-04-06 00:00:00,HNB-N-0000,40,82800,,,
2001-04-09 00:00:00,HNB-D-0014,85,700,,,
2001-04-09 00:00:00,HNB-N-0000,40,2500,,,
2001-04-09 00:00:00,HNB-X-0000,32.5,600,,,
2001-04-10 00:00:00,HNB-D-0014,83,100,,,
2001-04-10 00:00:00,HNB-N-0000,40.25,1200,,,
2001-04-10 00:00:00,HNB-X-0000,32.5,700,,,
2001-04-11 00:00:00,HNB-X-0000,32,3200,,,
2001-04-16 00:00:00,HNB-N-0000,40,100,,,
2001-04-17 00:00:00,HNB-X-0000,32,300,,,
2001-04-18 00:00:00,HNB-D-0015,85,1300,,,
2001-04-18 00:00:00,HNB-N-0000,41,5600,,,
2001-04-18 00:00:00,HNB-X-0000,30,11400,,,
2001-04-19 00:00:00,HNB-N-0000,41,2500,,,
2001-04-20 00:00:00,HNB-N-0000,40,3200,,,
2001-04-20 00:00:00,HNB-X-0000,29.75,900,,,
2001-04-23 00:00:00,HNB-N-0000,41,1400,,,
2001-04-23 00:00:00,HNB-X-0000,30,700,,,
2001-04-24 00:00:00,HNB-N-0000,40,19100,,,
2001-04-25 00:00:00,HNB-X-0000,29.5,2300,,,
2001-04-26 00:00:00,HNB-N-0000,40,1000,,,
2001-04-26 00:00:00,HNB-X-0000,29.5,1000,,,
2001-04-27 00:00:00,HNB-N-0000,40,1400,,,
2001-04-27 00:00:00,HNB-X-0000,29.5,2500,,,
2001-04-30 00:00:00,HNB-D-0015,83,700,,,
2001-04-30 00:00:00,HNB-N-0000,40,500,,,
2001-04-30 00:00:00,HNB-X-0000,29.25,1800,,,
2001-05-03 00:00:00,HNB-N-0000,40.5,3500,,,
2001-05-04 00:00:00,HNB-N-0000,38,9900,,,
2001-05-09 00:00:00,HNB-D-0015,83,100,,,
2001-05-10 00:00:00,HNB-X-0000,29,2700,,,
2001-05-11 00:00:00,HNB-X-0000,29,400,,,
2001-05-14 00:00:00,HNB-D-0015,83,1000,,,
2001-05-14 00:00:00,HNB-N-0000,39,400,,,
2001-05-14 00:00:00,HNB-X-0000,28.5,600,,,
2001-05-15 00:00:00,HNB-D-0015,83,100,,,
2001-05-15 00:00:00,HNB-X-0000,28.5,100,,,
2001-05-16 00:00:00,HNB-N-0000,40,500,,,
2001-05-17 00:00:00,HNB-X-0000,28,1800,,,
2001-05-18 00:00:00,HNB-X-0000,28.25,3000,,,
2001-05-21 00:00:00,HNB-N-0000,39,500,,,
2001-05-22 00:00:00,HNB-X-0000,28,3100,,,
2001-05-23 00:00:00,HNB-N-0000,39,65900,,,
2001-05-23 00:00:00,HNB-X-0000,27.5,5700,,,
2001-05-24 00:00:00,HNB-N-0000,39,500,,,
2001-05-24 00:00:00,HNB-X-0000,28,200,,,
2001-05-28 00:00:00,HNB-N-0000,39,2000,,,
2001-05-28 00:00:00,HNB-X-0000,28,400,,,
2001-05-29 00:00:00,HNB-D-0015,83,100,,,
2001-05-29 00:00:00,HNB-N-0000,39,3300,,,
2001-05-29 00:00:00,HNB-X-0000,27,11000,,,
2001-05-30 00:00:00,HNB-N-0000,39,200,,,
2001-05-30 00:00:00,HNB-X-0000,27.5,600,,,
2001-05-31 00:00:00,HNB-D-0014,83,2500,,,
2001-05-31 00:00:00,HNB-N-0000,38.5,264000,,,
2001-05-31 00:00:00,HNB-X-0000,27.5,1500,,,
2001-06-01 00:00:00,HNB-X-0000,27.5,800,,,
2001-06-04 00:00:00,HNB-D-0015,83,100,,,
2001-06-04 00:00:00,HNB-X-0000,27.5,700,,,
2001-06-06 00:00:00,HNB-N-0000,38.5,200,,,
2001-06-06 00:00:00,HNB-X-0000,27,3400,,,
2001-06-08 00:00:00,HNB-D-0015,84,100,,,
2001-06-08 00:00:00,HNB-N-0000,38.5,100,,,
2001-06-11 00:00:00,HNB-D-0014,84.5,11000,,,
2001-06-11 00:00:00,HNB-N-0000,38.25,1400,,,
2001-06-11 00:00:00,HNB-X-0000,26,500,,,
2001-06-12 00:00:00,HNB-N-0000,38.25,5700,,,
2001-06-12 00:00:00,HNB-X-0000,26.5,500,,,
2001-06-13 00:00:00,HNB-X-0000,26.5,500,,,
2001-06-14 00:00:00,HNB-N-0000,38.5,2000,,,
2001-06-15 00:00:00,HNB-N-0000,38.5,2300,,,
2001-06-15 00:00:00,HNB-X-0000,26.5,100,,,
2001-06-18 00:00:00,HNB-X-0000,26.5,900,,,
2001-06-19 00:00:00,HNB-X-0000,26.5,3600,,,
2001-06-20 00:00:00,HNB-X-0000,26,500,,,
2001-06-21 00:00:00,HNB-N-0000,38.5,9900,,,
2001-06-21 00:00:00,HNB-X-0000,26.5,21400,,,
2001-06-22 00:00:00,HNB-N-0000,38.5,3000,,,
2001-06-25 00:00:00,HNB-D-0015,81,40000,,,
2001-06-25 00:00:00,HNB-N-0000,38,1500,,,
2001-06-25 00:00:00,HNB-X-0000,28,300,,,
2001-06-26 00:00:00,HNB-N-0000,38.5,1000,,,
2001-06-27 00:00:00,HNB-N-0000,39,900,,,
2001-06-27 00:00:00,HNB-X-0000,26.5,300,,,
2001-06-28 00:00:00,HNB-D-0014,85,1300,,,
2001-06-28 00:00:00,HNB-D-0015,81,1400,,,
2001-06-28 00:00:00,HNB-X-0000,26.25,500,,,
2001-07-02 00:00:00,HNB-D-0015,85,500,,,
2001-07-02 00:00:00,HNB-N-0000,39,100,,,
2001-07-02 00:00:00,HNB-X-0000,26.5,600,,,
2001-07-03 00:00:00,HNB-X-0000,26.75,100,,,
2001-07-04 00:00:00,HNB-D-0014,85,100,,,
2001-07-04 00:00:00,HNB-N-0000,38.25,2500,,,
2001-07-04 00:00:00,HNB-X-0000,28,3100,,,
2001-07-06 00:00:00,HNB-D-0014,85,300,,,
2001-07-06 00:00:00,HNB-D-0015,85,100,,,
2001-07-06 00:00:00,HNB-N-0000,38,200,,,
2001-07-06 00:00:00,HNB-X-0000,26.75,900,,,
2001-07-09 00:00:00,HNB-N-0000,37.5,700,,,
2001-07-09 00:00:00,HNB-X-0000,27,900,,,
2001-07-10 00:00:00,HNB-N-0000,37,500,,,
2001-07-10 00:00:00,HNB-X-0000,26.5,2600,,,
2001-07-11 00:00:00,HNB-N-0000,35.5,2600,,,
2001-07-11 00:00:00,HNB-X-0000,26.5,400,,,
2001-07-12 00:00:00,HNB-D-0015,83,200,,,
2001-07-12 00:00:00,HNB-N-0000,36,4200,,,
2001-07-12 00:00:00,HNB-X-0000,26,1000,,,
2001-07-13 00:00:00,HNB-D-0014,85,100,,,
2001-07-13 00:00:00,HNB-N-0000,36,100,,,
2001-07-16 00:00:00,HNB-N-0000,36,100,,,
2001-07-17 00:00:00,HNB-N-0000,36,100,,,
2001-07-17 00:00:00,HNB-X-0000,26,1600,,,
2001-07-18 00:00:00,HNB-D-0015,85,3100,,,
2001-07-18 00:00:00,HNB-N-0000,36,300,,,
2001-07-18 00:00:00,HNB-X-0000,26,900,,,
2001-07-19 00:00:00,HNB-N-0000,36,100,,,
2001-07-20 00:00:00,HNB-D-0014,84,10000,,,
2001-07-23 00:00:00,HNB-D-0015,85,100,,,
2001-07-23 00:00:00,HNB-N-0000,36,100,,,
2001-07-23 00:00:00,HNB-X-0000,26,1000,,,
2001-07-24 00:00:00,HNB-N-0000,35.5,1600,,,
2001-07-24 00:00:00,HNB-X-0000,26,2700,,,
2001-07-25 00:00:00,HNB-D-0015,85,7000,,,
2001-07-25 00:00:00,HNB-N-0000,35.75,4400,,,
2001-07-26 00:00:00,HNB-D-0015,85,100,,,
2001-07-26 00:00:00,HNB-N-0000,36.5,100,,,
2001-07-30 00:00:00,HNB-X-0000,27.5,200,,,
2001-07-31 00:00:00,HNB-X-0000,26,7600,,,
2001-08-01 00:00:00,HNB-N-0000,36.5,300,,,
2001-08-02 00:00:00,HNB-N-0000,36.5,100,,,
2001-08-02 00:00:00,HNB-X-0000,26,300,,,
2001-08-06 00:00:00,HNB-D-0015,85,1000,,,
2001-08-06 00:00:00,HNB-N-0000,36,600,,,
2001-08-06 00:00:00,HNB-X-0000,26,1700,,,
2001-08-07 00:00:00,HNB-N-0000,35,3000,,,
2001-08-07 00:00:00,HNB-X-0000,25.5,10100,,,
2001-08-08 00:00:00,HNB-D-0015,85,100,,,
2001-08-08 00:00:00,HNB-N-0000,35,700,,,
2001-08-08 00:00:00,HNB-X-0000,24,16300,,,
2001-08-09 00:00:00,HNB-N-0000,35,500,,,
2001-08-09 00:00:00,HNB-X-0000,25,800,,,
2001-08-10 00:00:00,HNB-D-0014,85,11000,,,
2001-08-10 00:00:00,HNB-D-0015,87,1500,,,
2001-08-10 00:00:00,HNB-N-0000,35,3400,,,
2001-08-10 00:00:00,HNB-X-0000,25,1100,,,
2001-08-13 00:00:00,HNB-N-0000,35,1000,,,
2001-08-13 00:00:00,HNB-X-0000,25,500,,,
2001-08-14 00:00:00,HNB-N-0000,33,500,,,
2001-08-14 00:00:00,HNB-X-0000,24.75,300,,,
2001-08-15 00:00:00,HNB-N-0000,32,2300,,,
2001-08-15 00:00:00,HNB-X-0000,24,400,,,
2001-08-16 00:00:00,HNB-D-0014,86,100,,,
2001-08-16 00:00:00,HNB-D-0015,86,100,,,
2001-08-16 00:00:00,HNB-X-0000,24.25,100,,,
2001-08-17 00:00:00,HNB-N-0000,34,110000,,,
2001-08-17 00:00:00,HNB-X-0000,24,600,,,
2001-08-20 00:00:00,HNB-N-0000,34,100,,,
2001-08-21 00:00:00,HNB-D-0014,86,2400,,,
2001-08-21 00:00:00,HNB-D-0015,86,7500,,,
2001-08-21 00:00:00,HNB-N-0000,34,60000,,,
2001-08-21 00:00:00,HNB-X-0000,25,200,,,
2001-08-22 00:00:00,HNB-D-0015,86.5,4000,,,
2001-08-24 00:00:00,HNB-N-0000,34,100,,,
2001-08-24 00:00:00,HNB-X-0000,24,2100,,,
2001-08-27 00:00:00,HNB-N-0000,35,100,,,
2001-08-27 00:00:00,HNB-X-0000,24.25,700,,,
2001-08-28 00:00:00,HNB-D-0015,87,2200,,,
2001-08-28 00:00:00,HNB-X-0000,24.25,800,,,
2001-08-29 00:00:00,HNB-X-0000,25,5300,,,
2001-08-30 00:00:00,HNB-X-0000,25,600,,,
2001-08-31 00:00:00,HNB-D-0015,91,59400,,,
2001-08-31 00:00:00,HNB-X-0000,24,13100,,,
2001-09-03 00:00:00,HNB-N-0000,35.25,2900,,,
2001-09-03 00:00:00,HNB-X-0000,24,15300,,,
2001-09-04 00:00:00,HNB-N-0000,35,2700,,,
2001-09-04 00:00:00,HNB-X-0000,24,500,,,
2001-09-05 00:00:00,HNB-X-0000,24,200,,,
2001-09-06 00:00:00,HNB-N-0000,35,1000,,,
2001-09-06 00:00:00,HNB-X-0000,24,100,,,
2001-09-12 00:00:00,HNB-N-0000,35,800,,,
2001-09-12 00:00:00,HNB-X-0000,24.5,1000,,,
2001-09-18 00:00:00,HNB-X-0000,24.5,1000,,,
2001-09-19 00:00:00,HNB-N-0000,32.5,600,,,
2001-09-19 00:00:00,HNB-X-0000,24.25,500,,,
2001-09-20 00:00:00,HNB-N-0000,32,1000,,,
2001-09-21 00:00:00,HNB-N-0000,32.5,2100,,,
2001-09-21 00:00:00,HNB-X-0000,24.25,500,,,
2001-09-25 00:00:00,HNB-N-0000,32.5,1000,,,
2001-09-25 00:00:00,HNB-X-0000,24.25,100,,,
2001-09-27 00:00:00,HNB-N-0000,32.5,2000,,,
2001-09-27 00:00:00,HNB-X-0000,24.25,400,,,
2001-09-28 00:00:00,HNB-N-0000,33,100,,,
2001-09-28 00:00:00,HNB-X-0000,24.5,200,,,
2001-10-01 00:00:00,HNB-D-0015,90,100,,,
2001-10-03 00:00:00,HNB-D-0015,90,800,,,
2001-10-04 00:00:00,HNB-D-0015,92,100,,,
2001-10-04 00:00:00,HNB-X-0000,24.5,500,,,
2001-10-08 00:00:00,HNB-N-0000,33,700,,,
2001-10-08 00:00:00,HNB-X-0000,24,1800,,,
2001-10-09 00:00:00,HNB-N-0000,35,3300,,,
2001-10-09 00:00:00,HNB-X-0000,24.5,26200,,,
2001-10-10 00:00:00,HNB-N-0000,38.75,8100,,,
2001-10-10 00:00:00,HNB-X-0000,25,24900,,,
2001-10-11 00:00:00,HNB-N-0000,42,168600,,,
2001-10-11 00:00:00,HNB-X-0000,27.5,21900,,,
2001-10-12 00:00:00,HNB-N-0000,41,152500,,,
2001-10-12 00:00:00,HNB-X-0000,28.25,67500,,,
2001-10-15 00:00:00,HNB-N-0000,41,233200,,,
2001-10-15 00:00:00,HNB-X-0000,27.25,17700,,,
2001-10-16 00:00:00,HNB-N-0000,39,7200,,,
2001-10-16 00:00:00,HNB-X-0000,26,9400,,,
2001-10-17 00:00:00,HNB-N-0000,39.75,28200,,,
2001-10-17 00:00:00,HNB-X-0000,26,7000,,,
2001-10-18 00:00:00,HNB-N-0000,40,8200,,,
2001-10-18 00:00:00,HNB-X-0000,26.25,16600,,,
2001-10-19 00:00:00,HNB-N-0000,40,15000,,,
2001-10-19 00:00:00,HNB-X-0000,28.25,31400,,,
2001-10-22 00:00:00,HNB-D-0015,92,2000,,,
2001-10-22 00:00:00,HNB-N-0000,40,40800,,,
2001-10-22 00:00:00,HNB-X-0000,29.25,8100,,,
2001-10-23 00:00:00,HNB-N-0000,41.25,135700,,,
2001-10-23 00:00:00,HNB-X-0000,30,388600,,,
2001-10-24 00:00:00,HNB-D-0014,86,500,,,
2001-10-24 00:00:00,HNB-N-0000,42,80100,,,
2001-10-24 00:00:00,HNB-X-0000,28.5,22000,,,
2001-10-25 00:00:00,HNB-N-0000,42.25,8200,,,
2001-10-25 00:00:00,HNB-X-0000,28,500,,,
2001-10-26 00:00:00,HNB-N-0000,42,3300,,,
2001-10-26 00:00:00,HNB-X-0000,28,100,,,
2001-10-29 00:00:00,HNB-D-0015,93,100,,,
2001-10-29 00:00:00,HNB-N-0000,41.5,6100,,,
2001-10-29 00:00:00,HNB-X-0000,29,2300,,,
2001-10-30 00:00:00,HNB-D-0015,92.25,1000,,,
2001-10-30 00:00:00,HNB-N-0000,41,18500,,,
2001-10-30 00:00:00,HNB-X-0000,29,1200,,,
2001-11-01 00:00:00,HNB-D-0014,87,1000,,,
2001-11-01 00:00:00,HNB-N-0000,40.5,6600,,,
2001-11-01 00:00:00,HNB-X-0000,28,800,,,
2001-11-02 00:00:00,HNB-N-0000,39.25,14200,,,
2001-11-02 00:00:00,HNB-X-0000,27.5,1200,,,
2001-11-05 00:00:00,HNB-D-0014,87.25,100,,,
2001-11-05 00:00:00,HNB-D-0015,87.25,200,,,
2001-11-05 00:00:00,HNB-N-0000,39.5,5400,,,
2001-11-05 00:00:00,HNB-X-0000,28,800,,,
2001-11-06 00:00:00,HNB-N-0000,39,5700,,,
2001-11-06 00:00:00,HNB-X-0000,27.5,1200,,,
2001-11-07 00:00:00,HNB-N-0000,39,1000,,,
2001-11-07 00:00:00,HNB-X-0000,27.5,1000,,,
2001-11-08 00:00:00,HNB-D-0015,93,500,,,
2001-11-08 00:00:00,HNB-N-0000,39.5,13300,,,
2001-11-08 00:00:00,HNB-X-0000,28.5,3300,,,
2001-11-09 00:00:00,HNB-N-0000,42,13100,,,
2001-11-09 00:00:00,HNB-X-0000,30,5700,,,
2001-11-12 00:00:00,HNB-D-0014,90,500,,,
2001-11-12 00:00:00,HNB-N-0000,40,11100,,,
2001-11-12 00:00:00,HNB-X-0000,28,200,,,
2001-11-13 00:00:00,HNB-D-0014,94,600,,,
2001-11-13 00:00:00,HNB-D-0015,93,2000,,,
2001-11-13 00:00:00,HNB-N-0000,39.75,3700,,,
2001-11-13 00:00:00,HNB-X-0000,28,5600,,,
2001-11-14 00:00:00,HNB-D-0014,95,2000,,,
2001-11-14 00:00:00,HNB-N-0000,40,200,,,
2001-11-14 00:00:00,HNB-X-0000,29,2000,,,
2001-11-15 00:00:00,HNB-D-0014,95,400,,,
2001-11-15 00:00:00,HNB-N-0000,40,12500,,,
2001-11-15 00:00:00,HNB-X-0000,29,4000,,,
2001-11-16 00:00:00,HNB-N-0000,42,110700,,,
2001-11-16 00:00:00,HNB-X-0000,30,23900,,,
2001-11-19 00:00:00,HNB-N-0000,43,45900,,,
2001-11-19 00:00:00,HNB-X-0000,30,12200,,,
2001-11-20 00:00:00,HNB-N-0000,43.5,30900,,,
2001-11-20 00:00:00,HNB-X-0000,30,7900,,,
2001-11-21 00:00:00,HNB-N-0000,43,8600,,,
2001-11-21 00:00:00,HNB-X-0000,30,1600,,,
2001-11-22 00:00:00,HNB-N-0000,42,22700,,,
2001-11-23 00:00:00,HNB-N-0000,43,24400,,,
2001-11-26 00:00:00,HNB-N-0000,42.5,5600,,,
2001-11-26 00:00:00,HNB-X-0000,30,2200,,,
2001-11-27 00:00:00,HNB-N-0000,42.5,16900,,,
2001-11-27 00:00:00,HNB-X-0000,29.75,2100,,,
2001-11-28 00:00:00,HNB-N-0000,42.5,6200,,,
2001-11-28 00:00:00,HNB-X-0000,31,24100,,,
2001-11-29 00:00:00,HNB-D-0014,93,10000,,,
2001-11-29 00:00:00,HNB-N-0000,43,48500,,,
2001-11-29 00:00:00,HNB-X-0000,31.25,8400,,,
2001-12-03 00:00:00,HNB-D-0014,93,4000,,,
2001-12-03 00:00:00,HNB-N-0000,41.75,15900,,,
2001-12-03 00:00:00,HNB-X-0000,31.25,2700,,,
2001-12-04 00:00:00,HNB-D-0014,93,200,,,
2001-12-04 00:00:00,HNB-D-0015,92,500,,,
2001-12-04 00:00:00,HNB-N-0000,42,10900,,,
2001-12-04 00:00:00,HNB-X-0000,31.25,8300,,,
2001-12-05 00:00:00,HNB-N-0000,41.75,11000,,,
2001-12-05 00:00:00,HNB-X-0000,31.25,2000,,,
2001-12-07 00:00:00,HNB-N-0000,57.25,222300,,,
2001-12-07 00:00:00,HNB-X-0000,37.5,8400,,,
2001-12-10 00:00:00,HNB-N-0000,63,373600,,,
2001-12-10 00:00:00,HNB-X-0000,40,39100,,,
2001-12-11 00:00:00,HNB-N-0000,60,79700,,,
2001-12-11 00:00:00,HNB-X-0000,40,11100,,,
2001-12-12 00:00:00,HNB-N-0000,56.5,24200,,,
2001-12-12 00:00:00,HNB-X-0000,38,9700,,,
2001-12-13 00:00:00,HNB-N-0000,51.5,42400,,,
2001-12-13 00:00:00,HNB-X-0000,35,3100,,,
2001-12-14 00:00:00,HNB-N-0000,53.5,59800,,,
2001-12-14 00:00:00,HNB-X-0000,37,3700,,,
2001-12-17 00:00:00,HNB-N-0000,53.75,22800,,,
2001-12-17 00:00:00,HNB-X-0000,36,1200,,,
2001-12-18 00:00:00,HNB-N-0000,50,31700,,,
2001-12-18 00:00:00,HNB-X-0000,35,9400,,,
2001-12-19 00:00:00,HNB-N-0000,48,13600,,,
2001-12-19 00:00:00,HNB-X-0000,34,2200,,,
2001-12-20 00:00:00,HNB-N-0000,49,8600,,,
2001-12-20 00:00:00,HNB-X-0000,32,1500,,,
2001-12-21 00:00:00,HNB-N-0000,49.5,17600,,,
2001-12-21 00:00:00,HNB-X-0000,33.75,900,,,
2001-12-27 00:00:00,HNB-N-0000,50,29300,,,
2001-12-27 00:00:00,HNB-X-0000,34.75,1100,,,
2001-12-28 00:00:00,HNB-N-0000,51,59100,,,
2001-12-28 00:00:00,HNB-X-0000,34.75,2900,,,
2001-12-31 00:00:00,HNB-D-0015,92.5,5000,,,
2001-12-31 00:00:00,HNB-N-0000,52,41700,,,
2001-12-31 00:00:00,HNB-X-0000,36,2500,,,
2002-01-02 00:00:00,HNB-D-0015,93,2700,,,
2002-01-02 00:00:00,HNB-N-0000,50.5,9700,,,
2002-01-02 00:00:00,HNB-X-0000,34.25,1000,,,
2002-01-03 00:00:00,HNB-D-0014,94,2000,,,
2002-01-03 00:00:00,HNB-N-0000,50,2700,,,
2002-01-03 00:00:00,HNB-X-0000,35,100,,,
2002-01-04 00:00:00,HNB-D-0014,94,1000,,,
2002-01-04 00:00:00,HNB-N-0000,52,3000,,,
2002-01-04 00:00:00,HNB-X-0000,34.25,3000,,,
2002-01-07 00:00:00,HNB-D-0014,95,2000,,,
2002-01-07 00:00:00,HNB-N-0000,50,5600,,,
2002-01-07 00:00:00,HNB-X-0000,34,3600,,,
2002-01-08 00:00:00,HNB-N-0000,49,1200,,,
2002-01-08 00:00:00,HNB-X-0000,34,5500,,,
2002-01-09 00:00:00,HNB-D-0014,96,1000,,,
2002-01-09 00:00:00,HNB-N-0000,48.25,3200,,,
2002-01-09 00:00:00,HNB-X-0000,34,2500,,,
2002-01-10 00:00:00,HNB-D-0014,94,300,,,
2002-01-10 00:00:00,HNB-N-0000,48.5,1000,,,
2002-01-10 00:00:00,HNB-X-0000,34,10400,,,
2002-01-11 00:00:00,HNB-X-0000,33,1900,,,
2002-01-15 00:00:00,HNB-D-0014,94,700,,,
2002-01-15 00:00:00,HNB-N-0000,47,2900,,,
2002-01-15 00:00:00,HNB-X-0000,32,3600,,,
2002-01-16 00:00:00,HNB-D-0015,94,1000,,,
2002-01-16 00:00:00,HNB-N-0000,46,1100,,,
2002-01-16 00:00:00,HNB-X-0000,30,1900,,,
2002-01-17 00:00:00,HNB-D-0015,94.25,5000,,,
2002-01-17 00:00:00,HNB-N-0000,44,300,,,
2002-01-17 00:00:00,HNB-X-0000,29,11700,,,
2002-01-18 00:00:00,HNB-D-0014,94,1500,,,
2002-01-18 00:00:00,HNB-D-0015,94.25,1000,,,
2002-01-18 00:00:00,HNB-N-0000,46,4000,,,
2002-01-18 00:00:00,HNB-X-0000,28.5,3300,,,
2002-01-21 00:00:00,HNB-D-0014,94.5,4800,,,
2002-01-21 00:00:00,HNB-N-0000,46,1600,,,
2002-01-21 00:00:00,HNB-X-0000,30,900,,,
2002-01-22 00:00:00,HNB-D-0014,94.75,3200,,,
2002-01-22 00:00:00,HNB-N-0000,44,10800,,,
2002-01-22 00:00:00,HNB-X-0000,31,1400,,,
2002-01-23 00:00:00,HNB-D-0014,94.75,1000,,,
2002-01-23 00:00:00,HNB-N-0000,44,5100,,,
2002-01-23 00:00:00,HNB-X-0000,30,6200,,,
2002-01-24 00:00:00,HNB-D-0014,94,500,,,
2002-01-24 00:00:00,HNB-N-0000,45,7100,,,
2002-01-24 00:00:00,HNB-X-0000,30,1900,,,
2002-01-25 00:00:00,HNB-N-0000,45.25,9100,,,
2002-01-25 00:00:00,HNB-X-0000,30,1500,,,
2002-01-30 00:00:00,HNB-D-0014,94.25,3000,,,
2002-01-30 00:00:00,HNB-D-0015,94.5,100,,,
2002-01-30 00:00:00,HNB-X-0000,29.5,2000,,,
2002-01-31 00:00:00,HNB-D-0015,95.5,500,,,
2002-01-31 00:00:00,HNB-N-0000,44,2400,,,
2002-01-31 00:00:00,HNB-X-0000,28.75,1000,,,
2002-02-01 00:00:00,HNB-D-0014,96.5,3000,,,
2002-02-01 00:00:00,HNB-D-0015,95.25,500,,,
2002-02-01 00:00:00,HNB-N-0000,43,31100,,,
2002-02-05 00:00:00,HNB-D-0015,96.5,1000,,,
2002-02-05 00:00:00,HNB-N-0000,43,1200,,,
2002-02-05 00:00:00,HNB-X-0000,28.75,500,,,
2002-02-06 00:00:00,HNB-D-0014,96.5,1500,,,
2002-02-06 00:00:00,HNB-N-0000,42,48700,,,
2002-02-06 00:00:00,HNB-X-0000,28.75,1000,,,
2002-02-07 00:00:00,HNB-D-0015,96.5,4000,,,
2002-02-07 00:00:00,HNB-N-0000,42,37200,,,
2002-02-07 00:00:00,HNB-X-0000,28.75,2000,,,
2002-02-08 00:00:00,HNB-N-0000,42,7000,,,
2002-02-08 00:00:00,HNB-X-0000,28.75,500,,,
2002-02-11 00:00:00,HNB-D-0015,95.25,500,,,
2002-02-11 00:00:00,HNB-N-0000,42.25,600,,,
2002-02-11 00:00:00,HNB-X-0000,28.5,1200,,,
2001-01-02 00:00:00,HAYC-N-000,36,100,,,
2001-01-03 00:00:00,HAYC-N-000,36,100,,,
2001-01-08 00:00:00,HAYC-N-000,36,200,,,
2001-01-12 00:00:00,HAYC-N-000,36.25,800,,,
2001-01-16 00:00:00,HAYC-N-000,36,5600,,,
2001-01-17 00:00:00,HAYC-N-000,36.25,300,,,
2001-01-18 00:00:00,HAYC-N-000,36.25,1000,,,
2001-01-19 00:00:00,HAYC-N-000,36.25,600,,,
2001-01-24 00:00:00,HAYC-N-000,37.75,18100,,,
2001-01-25 00:00:00,HAYC-N-000,38,1400,,,
2001-01-26 00:00:00,HAYC-N-000,38,500,,,
2001-01-29 00:00:00,HAYC-N-000,38,900,,,
2001-01-30 00:00:00,HAYC-N-000,38,600,,,
2001-01-31 00:00:00,HAYC-N-000,38,2400,,,
2001-02-01 00:00:00,HAYC-N-000,38,3400,,,
2001-02-02 00:00:00,HAYC-N-000,38,800,,,
2001-02-06 00:00:00,HAYC-N-000,38,1000,,,
2001-02-08 00:00:00,HAYC-N-000,37.75,100,,,
2001-02-09 00:00:00,HAYC-N-000,38,3100,,,
2001-02-12 00:00:00,HAYC-N-000,38,700,,,
2001-02-13 00:00:00,HAYC-N-000,38.25,161700,,,
2001-02-15 00:00:00,HAYC-N-000,39,1100,,,
2001-02-16 00:00:00,HAYC-N-000,39,1200,,,
2001-02-19 00:00:00,HAYC-N-000,39,500,,,
2001-02-20 00:00:00,HAYC-N-000,38.75,3300,,,
2001-02-21 00:00:00,HAYC-N-000,39,400,,,
2001-02-22 00:00:00,HAYC-N-000,41.5,4400,,,
2001-02-23 00:00:00,HAYC-N-000,41.25,81700,,,
2001-02-26 00:00:00,HAYC-N-000,41.5,900,,,
2001-02-27 00:00:00,HAYC-N-000,41.5,600,,,
2001-02-28 00:00:00,HAYC-N-000,42.75,800,,,
2001-03-02 00:00:00,HAYC-N-000,41,9000,,,
2001-03-05 00:00:00,HAYC-N-000,40,300,,,
2001-03-06 00:00:00,HAYC-N-000,40.5,1400,,,
2001-03-07 00:00:00,HAYC-N-000,40.5,400,,,
2001-03-08 00:00:00,HAYC-N-000,41.5,2100,,,
2001-03-12 00:00:00,HAYC-N-000,41.25,200,,,
2001-03-14 00:00:00,HAYC-N-000,41.25,200,,,
2001-03-15 00:00:00,HAYC-N-000,40,1100,,,
2001-03-16 00:00:00,HAYC-N-000,39,2000,,,
2001-03-19 00:00:00,HAYC-N-000,39,8800,,,
2001-03-20 00:00:00,HAYC-N-000,39.5,6900,,,
2001-03-21 00:00:00,HAYC-N-000,39.25,200,,,
2001-03-22 00:00:00,HAYC-N-000,39.25,1300,,,
2001-03-23 00:00:00,HAYC-N-000,39.25,300,,,
2001-03-26 00:00:00,HAYC-N-000,39,400,,,
2001-03-27 00:00:00,HAYC-N-000,38.75,3000,,,
2001-03-29 00:00:00,HAYC-N-000,36.5,900,,,
2001-04-02 00:00:00,HAYC-N-000,36.75,400,,,
2001-04-03 00:00:00,HAYC-N-000,36.75,200,,,
2001-04-04 00:00:00,HAYC-N-000,36.75,300,,,
2001-04-06 00:00:00,HAYC-N-000,37.25,1200,,,
2001-04-09 00:00:00,HAYC-N-000,37.25,400,,,
2001-04-10 00:00:00,HAYC-N-000,37.5,400,,,
2001-04-11 00:00:00,HAYC-N-000,38,1400,,,
2001-04-16 00:00:00,HAYC-N-000,38,400,,,
2001-04-19 00:00:00,HAYC-N-000,38,1600,,,
2001-04-20 00:00:00,HAYC-N-000,37.25,500,,,
2001-04-23 00:00:00,HAYC-N-000,37.25,400,,,
2001-04-24 00:00:00,HAYC-N-000,37.5,200,,,
2001-04-25 00:00:00,HAYC-N-000,38.25,700,,,
2001-04-26 00:00:00,HAYC-N-000,38.25,100,,,
2001-04-30 00:00:00,HAYC-N-000,38.75,3400,,,
2001-05-03 00:00:00,HAYC-N-000,38.75,800,,,
2001-05-10 00:00:00,HAYC-N-000,38.25,700,,,
2001-05-11 00:00:00,HAYC-N-000,38.75,2200,,,
2001-05-14 00:00:00,HAYC-N-000,38.75,300,,,
2001-05-16 00:00:00,HAYC-N-000,38.75,5000,,,
2001-05-21 00:00:00,HAYC-N-000,39,100,,,
2001-05-22 00:00:00,HAYC-N-000,39.5,4700,,,
2001-05-23 00:00:00,HAYC-N-000,39.75,2000,,,
2001-05-24 00:00:00,HAYC-N-000,40,20500,,,
2001-05-25 00:00:00,HAYC-N-000,40,4000,,,
2001-05-28 00:00:00,HAYC-N-000,40.25,300,,,
2001-05-29 00:00:00,HAYC-N-000,40.25,2900,,,
2001-05-30 00:00:00,HAYC-N-000,40.25,200,,,
2001-05-31 00:00:00,HAYC-N-000,40,900,,,
2001-06-04 00:00:00,HAYC-N-000,40,4300,,,
2001-06-06 00:00:00,HAYC-N-000,40.5,4700,,,
2001-06-07 00:00:00,HAYC-N-000,40.5,300,,,
2001-06-08 00:00:00,HAYC-N-000,40.5,100,,,
2001-06-11 00:00:00,HAYC-N-000,40.25,100,,,
2001-06-12 00:00:00,HAYC-N-000,40,5500,,,
2001-06-13 00:00:00,HAYC-N-000,40.5,3500,,,
2001-06-14 00:00:00,HAYC-N-000,39.5,400,,,
2001-06-18 00:00:00,HAYC-N-000,38,200,,,
2001-06-20 00:00:00,HAYC-N-000,38.5,200,,,
2001-06-21 00:00:00,HAYC-N-000,40,15300,,,
2001-06-25 00:00:00,HAYC-N-000,38,100,,,
2001-06-26 00:00:00,HAYC-N-000,38.5,300,,,
2001-06-27 00:00:00,HAYC-N-000,40,4700,,,
2001-06-28 00:00:00,HAYC-N-000,40,1000,,,
2001-06-29 00:00:00,HAYC-N-000,43,3500,,,
2001-07-02 00:00:00,HAYC-N-000,43,400,,,
2001-07-06 00:00:00,HAYC-N-000,41.25,700,,,
2001-07-10 00:00:00,HAYC-N-000,41.75,4300,,,
2001-07-11 00:00:00,HAYC-N-000,41,200,,,
2001-07-13 00:00:00,HAYC-N-000,40,3200,,,
2001-07-16 00:00:00,HAYC-N-000,40,1100,,,
2001-07-17 00:00:00,HAYC-N-000,40,100,,,
2001-07-19 00:00:00,HAYC-N-000,40,100,,,
2001-07-20 00:00:00,HAYC-N-000,39.5,3800,,,
2001-07-23 00:00:00,HAYC-N-000,39.5,1000,,,
2001-07-24 00:00:00,HAYC-N-000,39,400,,,
2001-07-26 00:00:00,HAYC-N-000,38.75,700,,,
2001-07-27 00:00:00,HAYC-N-000,38.5,2200,,,
2001-07-30 00:00:00,HAYC-N-000,38.5,200,,,
2001-08-02 00:00:00,HAYC-N-000,38.5,400,,,
2001-08-06 00:00:00,HAYC-N-000,38.5,100,,,
2001-08-07 00:00:00,HAYC-N-000,38,100,,,
2001-08-08 00:00:00,HAYC-N-000,38,3000,,,
2001-08-09 00:00:00,HAYC-N-000,38,6900,,,
2001-08-10 00:00:00,HAYC-N-000,37,500,,,
2001-08-13 00:00:00,HAYC-N-000,37,200,,,
2001-08-14 00:00:00,HAYC-N-000,36.5,20100,,,
2001-08-15 00:00:00,HAYC-N-000,35,1500,,,
2001-08-17 00:00:00,HAYC-N-000,33,2700,,,
2001-08-20 00:00:00,HAYC-N-000,32.5,5300,,,
2001-08-21 00:00:00,HAYC-N-000,30,1200,,,
2001-08-22 00:00:00,HAYC-N-000,29.75,400,,,
2001-08-23 00:00:00,HAYC-N-000,29.75,400,,,
2001-08-24 00:00:00,HAYC-N-000,30,600,,,
2001-08-27 00:00:00,HAYC-N-000,30.25,100,,,
2001-08-29 00:00:00,HAYC-N-000,31,100,,,
2001-08-30 00:00:00,HAYC-N-000,30,3500,,,
2001-08-31 00:00:00,HAYC-N-000,30,1600,,,
2001-09-03 00:00:00,HAYC-N-000,29.5,100,,,
2001-09-05 00:00:00,HAYC-N-000,29.5,400,,,
2001-09-12 00:00:00,HAYC-N-000,30,1000,,,
2001-09-21 00:00:00,HAYC-N-000,30,200,,,
2001-09-25 00:00:00,HAYC-N-000,30,100,,,
2001-10-08 00:00:00,HAYC-N-000,30,100,,,
2001-10-10 00:00:00,HAYC-N-000,32,2000,,,
2001-10-11 00:00:00,HAYC-N-000,37.25,12500,,,
2001-10-12 00:00:00,HAYC-N-000,38.25,8500,,,
2001-10-15 00:00:00,HAYC-N-000,37.5,2000,,,
2001-10-16 00:00:00,HAYC-N-000,37.5,5300,,,
2001-10-17 00:00:00,HAYC-N-000,37.5,1500,,,
2001-10-22 00:00:00,HAYC-N-000,37.5,2000,,,
2001-10-23 00:00:00,HAYC-N-000,37.5,1100,,,
2001-10-24 00:00:00,HAYC-N-000,37.5,1000,,,
2001-10-25 00:00:00,HAYC-N-000,37,1500,,,
2001-10-26 00:00:00,HAYC-N-000,36.5,2500,,,
2001-10-29 00:00:00,HAYC-N-000,37,700,,,
2001-10-30 00:00:00,HAYC-N-000,36,6000,,,
2001-11-01 00:00:00,HAYC-N-000,37,12000,,,
2001-11-02 00:00:00,HAYC-N-000,37,11000,,,
2001-11-05 00:00:00,HAYC-N-000,37,1000,,,
2001-11-06 00:00:00,HAYC-N-000,37,3200,,,
2001-11-07 00:00:00,HAYC-N-000,37,100,,,
2001-11-08 00:00:00,HAYC-N-000,37.25,1100,,,
2001-11-09 00:00:00,HAYC-N-000,37.75,500,,,
2001-11-12 00:00:00,HAYC-N-000,38.5,15700,,,
2001-11-13 00:00:00,HAYC-N-000,38.5,8200,,,
2001-11-14 00:00:00,HAYC-N-000,40,19400,,,
2001-11-16 00:00:00,HAYC-N-000,41,28400,,,
2001-11-19 00:00:00,HAYC-N-000,41.5,6500,,,
2001-11-20 00:00:00,HAYC-N-000,40,7800,,,
2001-11-21 00:00:00,HAYC-N-000,39.75,2000,,,
2001-11-23 00:00:00,HAYC-N-000,39,1400,,,
2001-11-26 00:00:00,HAYC-N-000,37.5,1100,,,
2001-11-27 00:00:00,HAYC-N-000,37.5,100,,,
2001-11-28 00:00:00,HAYC-N-000,39,7300,,,
2001-11-29 00:00:00,HAYC-N-000,39,100,,,
2001-12-03 00:00:00,HAYC-N-000,39,9000,,,
2001-12-04 00:00:00,HAYC-N-000,38,2100,,,
2001-12-05 00:00:00,HAYC-N-000,38.75,7500,,,
2001-12-07 00:00:00,HAYC-N-000,50,158100,,,
2001-12-10 00:00:00,HAYC-N-000,49.75,30000,,,
2001-12-11 00:00:00,HAYC-N-000,45,14500,,,
2001-12-12 00:00:00,HAYC-N-000,42,17500,,,
2001-12-13 00:00:00,HAYC-N-000,42,5500,,,
2001-12-14 00:00:00,HAYC-N-000,41,5000,,,
2001-12-17 00:00:00,HAYC-N-000,40,8000,,,
2001-12-18 00:00:00,HAYC-N-000,38.25,1500,,,
2001-12-19 00:00:00,HAYC-N-000,38,3000,,,
2001-12-27 00:00:00,HAYC-N-000,40,5000,,,
2001-12-28 00:00:00,HAYC-N-000,40,1000,,,
2001-12-31 00:00:00,HAYC-N-000,42.5,2000,,,
2002-01-02 00:00:00,HAYC-N-000,40,5300,,,
2002-01-03 00:00:00,HAYC-N-000,40,5200,,,
2002-01-04 00:00:00,HAYC-N-000,40.25,100,,,
2002-01-08 00:00:00,HAYC-N-000,38.25,2500,,,
2002-01-09 00:00:00,HAYC-N-000,38,7200,,,
2002-01-10 00:00:00,HAYC-N-000,37.5,5000,,,
2002-01-11 00:00:00,HAYC-N-000,37,5000,,,
2002-01-15 00:00:00,HAYC-N-000,37,3200,,,
2002-01-16 00:00:00,HAYC-N-000,37,1100,,,
2002-01-17 00:00:00,HAYC-N-000,36,8100,,,
2002-01-18 00:00:00,HAYC-N-000,37.75,1000,,,
2002-01-21 00:00:00,HAYC-N-000,37,2200,,,
2002-01-22 00:00:00,HAYC-N-000,36.5,500,,,
2002-01-23 00:00:00,HAYC-N-000,36,300,,,
2002-01-24 00:00:00,HAYC-N-000,38.75,2700,,,
2002-01-25 00:00:00,HAYC-N-000,39,3900,,,
2002-01-29 00:00:00,HAYC-N-000,39,200,,,
2002-01-30 00:00:00,HAYC-N-000,39,300,,,
2002-02-07 00:00:00,HAYC-N-000,38.75,1500,,,
2002-02-08 00:00:00,HAYC-N-000,38.5,200,,,
2002-02-11 00:00:00,HAYC-N-000,39,400,,,
2001-01-05 00:00:00,HEXP-N-000,30,200,,,
2001-01-11 00:00:00,HEXP-N-000,31,1000,,,
2001-01-18 00:00:00,HEXP-N-000,31,700,,,
2001-01-19 00:00:00,HEXP-N-000,30.25,100,,,
2001-02-02 00:00:00,HEXP-N-000,32,100,,,
2001-02-15 00:00:00,HEXP-N-000,32,1100,,,
2001-02-19 00:00:00,HEXP-N-000,32,200,,,
2001-02-22 00:00:00,HEXP-N-000,33.5,100,,,
2001-02-26 00:00:00,HEXP-N-000,32.75,700,,,
2001-02-27 00:00:00,HEXP-N-000,32.5,300,,,
2001-03-05 00:00:00,HEXP-N-000,32.5,400,,,
2001-03-20 00:00:00,HEXP-N-000,32.5,100,,,
2001-03-21 00:00:00,HEXP-N-000,32.5,200,,,
2001-03-22 00:00:00,HEXP-N-000,35,10600,,,
2001-03-23 00:00:00,HEXP-N-000,35,4000,,,
2001-03-26 00:00:00,HEXP-N-000,35,1900,,,
2001-03-27 00:00:00,HEXP-N-000,33,100,,,
2001-03-28 00:00:00,HEXP-N-000,35.5,100,,,
2001-04-05 00:00:00,HEXP-N-000,35.75,100,,,
2001-04-20 00:00:00,HEXP-N-000,33,300,,,
2001-04-23 00:00:00,HEXP-N-000,33,100,,,
2001-04-24 00:00:00,HEXP-N-000,35,200,,,
2001-04-30 00:00:00,HEXP-N-000,33,2000,,,
2001-05-02 00:00:00,HEXP-N-000,35,300,,,
2001-05-11 00:00:00,HEXP-N-000,33.25,100,,,
2001-05-18 00:00:00,HEXP-N-000,36.75,500,,,
2001-05-22 00:00:00,HEXP-N-000,37,1400,,,
2001-05-30 00:00:00,HEXP-N-000,39,900,,,
2001-05-31 00:00:00,HEXP-N-000,39.25,200,,,
2001-06-01 00:00:00,HEXP-N-000,39.5,100,,,
2001-06-04 00:00:00,HEXP-N-000,40,700,,,
2001-06-07 00:00:00,HEXP-N-000,40,100,,,
2001-06-08 00:00:00,HEXP-N-000,39.25,200,,,
2001-06-13 00:00:00,HEXP-N-000,38.75,200,,,
2001-06-28 00:00:00,HEXP-N-000,39,100,,,
2001-06-29 00:00:00,HEXP-N-000,39.75,600,,,
2001-07-02 00:00:00,HEXP-N-000,42.5,600,,,
2001-07-18 00:00:00,HEXP-N-000,40,100,,,
2001-07-25 00:00:00,HEXP-N-000,39.5,100,,,
2001-08-13 00:00:00,HEXP-N-000,33,200,,,
2001-08-23 00:00:00,HEXP-N-000,32.5,100,,,
2001-08-24 00:00:00,HEXP-N-000,32.75,500,,,
2001-08-28 00:00:00,HEXP-N-000,33.25,1200,,,
2001-08-29 00:00:00,HEXP-N-000,33.5,100,,,
2001-09-03 00:00:00,HEXP-N-000,32.5,600,,,
2001-09-11 00:00:00,HEXP-N-000,33,1000,,,
2001-09-14 00:00:00,HEXP-N-000,32.75,100,,,
2001-09-18 00:00:00,HEXP-N-000,31.5,1900,,,
2001-09-27 00:00:00,HEXP-N-000,31.75,100,,,
2001-09-28 00:00:00,HEXP-N-000,31.75,1000,,,
2001-10-04 00:00:00,HEXP-N-000,31.75,100,,,
2001-10-11 00:00:00,HEXP-N-000,33,100,,,
2001-10-12 00:00:00,HEXP-N-000,34,200,,,
2001-10-15 00:00:00,HEXP-N-000,35,700,,,
2001-10-16 00:00:00,HEXP-N-000,34,100,,,
2001-10-18 00:00:00,HEXP-N-000,33,1600,,,
2001-10-25 00:00:00,HEXP-N-000,33.5,100,,,
2001-11-13 00:00:00,HEXP-N-000,35,500,,,
2001-11-19 00:00:00,HEXP-N-000,35,200,,,
2001-11-21 00:00:00,HEXP-N-000,36,300,,,
2001-11-22 00:00:00,HEXP-N-000,40,13900,,,
2001-11-23 00:00:00,HEXP-N-000,42,6900,,,
2001-11-26 00:00:00,HEXP-N-000,41,1200,,,
2001-11-27 00:00:00,HEXP-N-000,41,100,,,
2001-11-28 00:00:00,HEXP-N-000,41,900,,,
2001-11-29 00:00:00,HEXP-N-000,41.5,400,,,
2001-12-03 00:00:00,HEXP-N-000,41.5,300,,,
2001-12-05 00:00:00,HEXP-N-000,41,800,,,
2001-12-07 00:00:00,HEXP-N-000,50,10900,,,
2001-12-10 00:00:00,HEXP-N-000,55,1900,,,
2001-12-11 00:00:00,HEXP-N-000,50,1100,,,
2001-12-12 00:00:00,HEXP-N-000,50,1400,,,
2001-12-13 00:00:00,HEXP-N-000,48,500,,,
2001-12-14 00:00:00,HEXP-N-000,49,700,,,
2001-12-17 00:00:00,HEXP-N-000,49,100,,,
2001-12-18 00:00:00,HEXP-N-000,50,900,,,
2001-12-20 00:00:00,HEXP-N-000,45,200,,,
2001-12-28 00:00:00,HEXP-N-000,48,200,,,
2002-01-04 00:00:00,HEXP-N-000,43,100,,,
2002-01-07 00:00:00,HEXP-N-000,43.25,100,,,
2002-01-08 00:00:00,HEXP-N-000,43,1200,,,
2002-01-10 00:00:00,HEXP-N-000,41.5,2300,,,
2002-01-11 00:00:00,HEXP-N-000,41.5,1300,,,
2002-01-15 00:00:00,HEXP-N-000,40,6000,,,
2002-01-16 00:00:00,HEXP-N-000,38,3400,,,
2002-01-25 00:00:00,HEXP-N-000,40,500,,,
2002-02-05 00:00:00,HEXP-N-000,42,100,,,
2002-02-07 00:00:00,HEXP-N-000,42,100,,,
2002-02-08 00:00:00,HEXP-N-000,43,300,,,
2002-02-11 00:00:00,HEXP-N-000,45,500,,,
2001-01-02 00:00:00,HAYL-N-000,80,1300,,,
2001-01-03 00:00:00,HAYL-N-000,80,300,,,
2001-01-04 00:00:00,HAYL-N-000,80,2000,,,
2001-01-05 00:00:00,HAYL-N-000,80,1700,,,
2001-01-08 00:00:00,HAYL-N-000,80,3100,,,
2001-01-10 00:00:00,HAYL-N-000,80,6000,,,
2001-01-11 00:00:00,HAYL-N-000,80,29900,,,
2001-01-12 00:00:00,HAYL-N-000,80.5,17800,,,
2001-01-16 00:00:00,HAYL-N-000,80.25,700,,,
2001-01-17 00:00:00,HAYL-N-000,81,2900,,,
2001-01-18 00:00:00,HAYL-N-000,82.5,2300,,,
2001-01-19 00:00:00,HAYL-N-000,83,100,,,
2001-01-22 00:00:00,HAYL-N-000,82,1100,,,
2001-01-23 00:00:00,HAYL-N-000,85,26400,,,
2001-01-24 00:00:00,HAYL-N-000,85.5,18100,,,
2001-01-25 00:00:00,HAYL-N-000,85,17600,,,
2001-01-26 00:00:00,HAYL-N-000,85,13600,,,
2001-01-29 00:00:00,HAYL-N-000,85,1600,,,
2001-02-01 00:00:00,HAYL-N-000,85,57300,,,
2001-02-02 00:00:00,HAYL-N-000,86,200,,,
2001-02-06 00:00:00,HAYL-N-000,86,2100,,,
2001-02-08 00:00:00,HAYL-N-000,86,800,,,
2001-02-09 00:00:00,HAYL-N-000,86.5,6400,,,
2001-02-13 00:00:00,HAYL-N-000,86.75,900,,,
2001-02-14 00:00:00,HAYL-N-000,86.75,600,,,
2001-02-15 00:00:00,HAYL-N-000,87,100,,,
2001-02-16 00:00:00,HAYL-N-000,86.25,1100,,,
2001-02-21 00:00:00,HAYL-N-000,85.75,600,,,
2001-02-23 00:00:00,HAYL-N-000,86,1100,,,
2001-02-26 00:00:00,HAYL-N-000,87,400,,,
2001-02-27 00:00:00,HAYL-N-000,86,400,,,
2001-02-28 00:00:00,HAYL-N-000,86,1500,,,
2001-03-01 00:00:00,HAYL-N-000,86,3500,,,
2001-03-05 00:00:00,HAYL-N-000,86,5000,,,
2001-03-06 00:00:00,HAYL-N-000,85.25,3300,,,
2001-03-08 00:00:00,HAYL-N-000,86,15200,,,
2001-03-12 00:00:00,HAYL-N-000,86,500,,,
2001-03-13 00:00:00,HAYL-N-000,86,15500,,,
2001-03-16 00:00:00,HAYL-N-000,85,600,,,
2001-03-19 00:00:00,HAYL-N-000,85,1800,,,
2001-03-20 00:00:00,HAYL-N-000,84.25,700,,,
2001-03-21 00:00:00,HAYL-N-000,82,3900,,,
2001-03-22 00:00:00,HAYL-N-000,82,500,,,
2001-03-23 00:00:00,HAYL-N-000,81,2200,,,
2001-03-26 00:00:00,HAYL-N-000,81,400,,,
2001-03-27 00:00:00,HAYL-N-000,80,600,,,
2001-03-28 00:00:00,HAYL-N-000,78.25,100,,,
2001-03-29 00:00:00,HAYL-N-000,78,500,,,
2001-04-03 00:00:00,HAYL-N-000,78.25,100,,,
2001-04-04 00:00:00,HAYL-N-000,78,2400,,,
2001-04-09 00:00:00,HAYL-N-000,79,1300,,,
2001-04-10 00:00:00,HAYL-N-000,78.5,1300,,,
2001-04-16 00:00:00,HAYL-N-000,78.5,500,,,
2001-04-17 00:00:00,HAYL-N-000,78.75,2100,,,
2001-04-19 00:00:00,HAYL-N-000,78.5,100,,,
2001-04-20 00:00:00,HAYL-N-000,74,107700,,,
2001-04-23 00:00:00,HAYL-N-000,74.25,100,,,
2001-04-24 00:00:00,HAYL-N-000,75,3000,,,
2001-04-25 00:00:00,HAYL-N-000,75,200,,,
2001-04-26 00:00:00,HAYL-N-000,75.25,100,,,
2001-04-27 00:00:00,HAYL-N-000,75.25,1100,,,
2001-05-02 00:00:00,HAYL-N-000,75.25,2800,,,
2001-05-04 00:00:00,HAYL-N-000,75.25,200,,,
2001-05-11 00:00:00,HAYL-N-000,78,100,,,
2001-05-14 00:00:00,HAYL-N-000,78,200,,,
2001-05-15 00:00:00,HAYL-N-000,75,7700,,,
2001-05-16 00:00:00,HAYL-N-000,74.25,56900,,,
2001-05-17 00:00:00,HAYL-N-000,75,200,,,
2001-05-21 00:00:00,HAYL-N-000,75.5,100,,,
2001-05-22 00:00:00,HAYL-N-000,77,1200,,,
2001-05-23 00:00:00,HAYL-N-000,77,2800,,,
2001-05-24 00:00:00,HAYL-N-000,77,100,,,
2001-05-25 00:00:00,HAYL-N-000,75.25,20100,,,
2001-05-29 00:00:00,HAYL-N-000,77,1700,,,
2001-05-30 00:00:00,HAYL-N-000,79,200,,,
2001-06-01 00:00:00,HAYL-N-000,77,4800,,,
2001-06-04 00:00:00,HAYL-N-000,77,100,,,
2001-06-06 00:00:00,HAYL-N-000,77,1000,,,
2001-06-07 00:00:00,HAYL-N-000,77,200,,,
2001-06-12 00:00:00,HAYL-N-000,77,3600,,,
2001-06-13 00:00:00,HAYL-N-000,77,400,,,
2001-06-14 00:00:00,HAYL-N-000,77,200,,,
2001-06-15 00:00:00,HAYL-N-000,75,229700,,,
2001-06-18 00:00:00,HAYL-N-000,75,200,,,
2001-06-19 00:00:00,HAYL-N-000,75,100,,,
2001-06-20 00:00:00,HAYL-N-000,75.5,7000,,,
2001-06-21 00:00:00,HAYL-N-000,76,15300,,,
2001-06-22 00:00:00,HAYL-N-000,76,14600,,,
2001-06-25 00:00:00,HAYL-N-000,75,209300,,,
2001-06-26 00:00:00,HAYL-N-000,76,6400,,,
2001-06-27 00:00:00,HAYL-N-000,79,500,,,
2001-06-28 00:00:00,HAYL-N-000,77.5,2500,,,
2001-06-29 00:00:00,HAYL-N-000,76,1600,,,
2001-07-02 00:00:00,HAYL-N-000,77,11400,,,
2001-07-03 00:00:00,HAYL-N-000,77,100,,,
2001-07-04 00:00:00,HAYL-N-000,77,1000,,,
2001-07-06 00:00:00,HAYL-N-000,77,1100,,,
2001-07-09 00:00:00,HAYL-N-000,77,100,,,
2001-07-10 00:00:00,HAYL-N-000,77.75,2100,,,
2001-07-11 00:00:00,HAYL-N-000,76.5,6400,,,
2001-07-13 00:00:00,HAYL-N-000,78,100,,,
2001-07-17 00:00:00,HAYL-N-000,78,1100,,,
2001-07-18 00:00:00,HAYL-N-000,78,800,,,
2001-07-19 00:00:00,HAYL-N-000,77.5,600,,,
2001-07-20 00:00:00,HAYL-N-000,73,700,,,
2001-07-24 00:00:00,HAYL-N-000,70,1700,,,
2001-07-25 00:00:00,HAYL-N-000,70,700,,,
2001-07-26 00:00:00,HAYL-N-000,69,300,,,
2001-07-27 00:00:00,HAYL-N-000,69,2000,,,
2001-07-30 00:00:00,HAYL-N-000,69.75,13200,,,
2001-07-31 00:00:00,HAYL-N-000,69.75,500,,,
2001-08-01 00:00:00,HAYL-N-000,69,500,,,
2001-08-02 00:00:00,HAYL-N-000,69,11600,,,
2001-08-06 00:00:00,HAYL-N-000,69,500,,,
2001-08-07 00:00:00,HAYL-N-000,68,100,,,
2001-08-09 00:00:00,HAYL-N-000,64,2300,,,
2001-08-09 00:00:00,HAYL-R-000,45.5,117400,,,
2001-08-13 00:00:00,HAYL-N-000,60,100,,,
2001-08-13 00:00:00,HAYL-R-000,45.5,500,,,
2001-08-14 00:00:00,HAYL-N-000,60,1700,,,
2001-08-15 00:00:00,HAYL-N-000,58,100,,,
2001-08-16 00:00:00,HAYL-N-000,57,200,,,
2001-08-17 00:00:00,HAYL-N-000,57,25900,,,
2001-08-20 00:00:00,HAYL-N-000,55,3100,,,
2001-08-20 00:00:00,HAYL-R-000,36,76800,,,
2001-08-21 00:00:00,HAYL-N-000,55,1700,,,
2001-08-21 00:00:00,HAYL-R-000,36.25,400,,,
2001-08-22 00:00:00,HAYL-N-000,55,1000,,,
2001-08-23 00:00:00,HAYL-N-000,53,600,,,
2001-08-24 00:00:00,HAYL-N-000,53,10000,,,
2001-08-27 00:00:00,HAYL-N-000,54,300,,,
2001-08-28 00:00:00,HAYL-N-000,55,600,,,
2001-08-29 00:00:00,HAYL-N-000,58,7200,,,
2001-08-30 00:00:00,HAYL-N-000,58,3000,,,
2001-08-31 00:00:00,HAYL-N-000,60,5900,,,
2001-09-03 00:00:00,HAYL-N-000,58,900,,,
2001-09-04 00:00:00,HAYL-N-000,58,1200,,,
2001-09-05 00:00:00,HAYL-N-000,57,600,,,
2001-09-06 00:00:00,HAYL-N-000,58,32000,,,
2001-09-10 00:00:00,HAYL-N-000,58.75,500,,,
2001-09-11 00:00:00,HAYL-N-000,58,9500,,,
2001-09-12 00:00:00,HAYL-N-000,57.25,17600,,,
2001-09-13 00:00:00,HAYL-N-000,57,2200,,,
2001-09-14 00:00:00,HAYL-N-000,57.25,100,,,
2001-09-17 00:00:00,HAYL-N-000,58,1100,,,
2001-09-18 00:00:00,HAYL-N-000,56,1000,,,
2001-09-19 00:00:00,HAYL-N-000,55,3100,,,
2001-09-20 00:00:00,HAYL-N-000,55,400,,,
2001-09-21 00:00:00,HAYL-N-000,54,200,,,
2001-09-24 00:00:00,HAYL-N-000,54,400,,,
2001-09-26 00:00:00,HAYL-N-000,54.25,14800,,,
2001-09-28 00:00:00,HAYL-N-000,54,3000,,,
2001-10-01 00:00:00,HAYL-N-000,54,1600,,,
2001-10-03 00:00:00,HAYL-N-000,54,46400,,,
2001-10-04 00:00:00,HAYL-N-000,54,14200,,,
2001-10-05 00:00:00,HAYL-N-000,54,16500,,,
2001-10-08 00:00:00,HAYL-N-000,54,200,,,
2001-10-09 00:00:00,HAYL-N-000,56.75,10700,,,
2001-10-10 00:00:00,HAYL-N-000,63.5,41400,,,
2001-10-11 00:00:00,HAYL-N-000,72,22500,,,
2001-10-12 00:00:00,HAYL-N-000,75,132100,,,
2001-10-15 00:00:00,HAYL-N-000,75,78600,,,
2001-10-16 00:00:00,HAYL-N-000,73,35600,,,
2001-10-17 00:00:00,HAYL-N-000,73.5,25300,,,
2001-10-18 00:00:00,HAYL-N-000,73,2400,,,
2001-10-19 00:00:00,HAYL-N-000,75,55700,,,
2001-10-22 00:00:00,HAYL-N-000,77.5,10600,,,
2001-10-23 00:00:00,HAYL-N-000,79,91200,,,
2001-10-24 00:00:00,HAYL-N-000,80,24000,,,
2001-10-25 00:00:00,HAYL-N-000,78,3200,,,
2001-10-26 00:00:00,HAYL-N-000,77,23100,,,
2001-10-29 00:00:00,HAYL-N-000,78,5700,,,
2001-10-30 00:00:00,HAYL-N-000,77.5,1100,,,
2001-11-01 00:00:00,HAYL-N-000,77,13800,,,
2001-11-02 00:00:00,HAYL-N-000,76,100,,,
2001-11-05 00:00:00,HAYL-N-000,75,2200,,,
2001-11-06 00:00:00,HAYL-N-000,74,2300,,,
2001-11-08 00:00:00,HAYL-N-000,71,37600,,,
2001-11-09 00:00:00,HAYL-N-000,74.5,500,,,
2001-11-12 00:00:00,HAYL-N-000,74.75,8800,,,
2001-11-14 00:00:00,HAYL-N-000,74,800,,,
2001-11-15 00:00:00,HAYL-N-000,74.5,5400,,,
2001-11-16 00:00:00,HAYL-N-000,78,10300,,,
2001-11-19 00:00:00,HAYL-N-000,82,32700,,,
2001-11-20 00:00:00,HAYL-N-000,84.75,30900,,,
2001-11-21 00:00:00,HAYL-N-000,83,9200,,,
2001-11-22 00:00:00,HAYL-N-000,84.75,30400,,,
2001-11-23 00:00:00,HAYL-N-000,85,9100,,,
2001-11-26 00:00:00,HAYL-N-000,84,8200,,,
2001-11-27 00:00:00,HAYL-N-000,84,18500,,,
2001-11-28 00:00:00,HAYL-N-000,87.5,33300,,,
2001-11-29 00:00:00,HAYL-N-000,91,94800,,,
2001-12-03 00:00:00,HAYL-N-000,92.5,33800,,,
2001-12-04 00:00:00,HAYL-N-000,88.5,22400,,,
2001-12-05 00:00:00,HAYL-N-000,91.75,5200,,,
2001-12-07 00:00:00,HAYL-N-000,130,94500,,,
2001-12-10 00:00:00,HAYL-N-000,130.25,54400,,,
2001-12-11 00:00:00,HAYL-N-000,133,56100,,,
2001-12-12 00:00:00,HAYL-N-000,125,24100,,,
2001-12-13 00:00:00,HAYL-N-000,111.25,24700,,,
2001-12-14 00:00:00,HAYL-N-000,115,82400,,,
2001-12-17 00:00:00,HAYL-N-000,113.25,3200,,,
2001-12-18 00:00:00,HAYL-N-000,110,56400,,,
2001-12-19 00:00:00,HAYL-N-000,107,26400,,,
2001-12-20 00:00:00,HAYL-N-000,108,11700,,,
2001-12-21 00:00:00,HAYL-N-000,108,67000,,,
2001-12-27 00:00:00,HAYL-N-000,108,253700,,,
2001-12-28 00:00:00,HAYL-N-000,113,382400,,,
2001-12-31 00:00:00,HAYL-N-000,117,52500,,,
2002-01-02 00:00:00,HAYL-N-000,120,41000,,,
2002-01-03 00:00:00,HAYL-N-000,117.25,15100,,,
2002-01-04 00:00:00,HAYL-N-000,119,2200,,,
2002-01-07 00:00:00,HAYL-N-000,116,9500,,,
2002-01-08 00:00:00,HAYL-N-000,115,41100,,,
2002-01-09 00:00:00,HAYL-N-000,114.5,5500,,,
2002-01-10 00:00:00,HAYL-N-000,114.5,300,,,
2002-01-11 00:00:00,HAYL-N-000,113.5,6700,,,
2002-01-15 00:00:00,HAYL-N-000,110,10500,,,
2002-01-17 00:00:00,HAYL-N-000,104,11700,,,
2002-01-18 00:00:00,HAYL-N-000,105,1100,,,
2002-01-21 00:00:00,HAYL-N-000,108,5500,,,
2002-01-22 00:00:00,HAYL-N-000,108,1500,,,
2002-01-23 00:00:00,HAYL-N-000,105,200,,,
2002-01-24 00:00:00,HAYL-N-000,110,3600,,,
2002-01-29 00:00:00,HAYL-N-000,102.25,15900,,,
2002-01-31 00:00:00,HAYL-N-000,104,700,,,
2002-02-01 00:00:00,HAYL-N-000,106,3100,,,
2002-02-06 00:00:00,HAYL-N-000,106,1100,,,
2002-02-07 00:00:00,HAYL-N-000,104,321800,,,
2002-02-11 00:00:00,HAYL-N-000,105,5400,,,
2001-01-02 00:00:00,HPP-N-0000,13.5,100,,,
2001-01-03 00:00:00,HPP-N-0000,13,300,,,
2001-01-04 00:00:00,HPP-N-0000,13,200,,,
2001-01-05 00:00:00,HPP-N-0000,12.75,100,,,
2001-01-10 00:00:00,HPP-N-0000,12.75,600,,,
2001-01-23 00:00:00,HPP-N-0000,12.5,200,,,
2001-01-25 00:00:00,HPP-N-0000,12.5,100,,,
2001-02-01 00:00:00,HPP-N-0000,12.75,500,,,
2001-02-02 00:00:00,HPP-N-0000,12.75,500,,,
2001-02-13 00:00:00,HPP-N-0000,13,200,,,
2001-02-16 00:00:00,HPP-N-0000,13,700,,,
2001-02-22 00:00:00,HPP-N-0000,13,200,,,
2001-02-23 00:00:00,HPP-N-0000,12.5,500,,,
2001-02-26 00:00:00,HPP-N-0000,12.5,200,,,
2001-02-27 00:00:00,HPP-N-0000,12,400,,,
2001-02-28 00:00:00,HPP-N-0000,12,300,,,
2001-03-01 00:00:00,HPP-N-0000,12.25,1000,,,
2001-03-07 00:00:00,HPP-N-0000,12.25,600,,,
2001-03-20 00:00:00,HPP-N-0000,12,100,,,
2001-03-21 00:00:00,HPP-N-0000,12,300,,,
2001-03-27 00:00:00,HPP-N-0000,11.75,100,,,
2001-04-26 00:00:00,HPP-N-0000,14.75,200,,,
2001-05-09 00:00:00,HPP-N-0000,14.5,200,,,
2001-05-11 00:00:00,HPP-N-0000,13,1400,,,
2001-05-17 00:00:00,HPP-N-0000,13.25,2000,,,
2001-05-21 00:00:00,HPP-N-0000,13.25,100,,,
2001-05-22 00:00:00,HPP-N-0000,14,100,,,
2001-05-23 00:00:00,HPP-N-0000,14,300,,,
2001-05-25 00:00:00,HPP-N-0000,14,900,,,
2001-05-30 00:00:00,HPP-N-0000,15,100,,,
2001-06-01 00:00:00,HPP-N-0000,14.75,2000,,,
2001-06-04 00:00:00,HPP-N-0000,14,100,,,
2001-06-08 00:00:00,HPP-N-0000,14,800,,,
2001-06-11 00:00:00,HPP-N-0000,14,1200,,,
2001-06-12 00:00:00,HPP-N-0000,14,400,,,
2001-06-13 00:00:00,HPP-N-0000,14,100,,,
2001-06-14 00:00:00,HPP-N-0000,13,100,,,
2001-06-21 00:00:00,HPP-N-0000,13,200,,,
2001-06-26 00:00:00,HPP-N-0000,12.5,500,,,
2001-06-27 00:00:00,HPP-N-0000,12.5,100,,,
2001-06-29 00:00:00,HPP-N-0000,12.5,300,,,
2001-07-09 00:00:00,HPP-N-0000,12.25,400,,,
2001-07-10 00:00:00,HPP-N-0000,12.5,200,,,
2001-07-11 00:00:00,HPP-N-0000,12.25,2800,,,
2001-07-12 00:00:00,HPP-N-0000,12.25,500,,,
2001-07-13 00:00:00,HPP-N-0000,12.25,1000,,,
2001-07-17 00:00:00,HPP-N-0000,12.5,3000,,,
2001-07-20 00:00:00,HPP-N-0000,12.5,900,,,
2001-07-25 00:00:00,HPP-N-0000,12.5,1100,,,
2001-07-27 00:00:00,HPP-N-0000,12.75,1100,,,
2001-08-17 00:00:00,HPP-N-0000,11.5,500,,,
2001-08-22 00:00:00,HPP-N-0000,11.5,900,,,
2001-08-23 00:00:00,HPP-N-0000,12,100,,,
2001-08-29 00:00:00,HPP-N-0000,11.5,100,,,
2001-09-04 00:00:00,HPP-N-0000,11.5,700,,,
2001-09-14 00:00:00,HPP-N-0000,11.5,1000,,,
2001-09-18 00:00:00,HPP-N-0000,11.5,1000,,,
2001-09-19 00:00:00,HPP-N-0000,11.5,2600,,,
2001-09-25 00:00:00,HPP-N-0000,11.5,2000,,,
2001-09-26 00:00:00,HPP-N-0000,11.25,100,,,
2001-10-04 00:00:00,HPP-N-0000,11.25,1100,,,
2001-10-08 00:00:00,HPP-N-0000,11.25,700,,,
2001-10-09 00:00:00,HPP-N-0000,11.25,300,,,
2001-10-10 00:00:00,HPP-N-0000,11.5,4700,,,
2001-10-11 00:00:00,HPP-N-0000,12,300,,,
2001-10-12 00:00:00,HPP-N-0000,12,1500,,,
2001-10-15 00:00:00,HPP-N-0000,11.5,1000,,,
2001-10-16 00:00:00,HPP-N-0000,11.5,1000,,,
2001-10-17 00:00:00,HPP-N-0000,11.5,4700,,,
2001-10-25 00:00:00,HPP-N-0000,12,1100,,,
2001-10-26 00:00:00,HPP-N-0000,12.25,3000,,,
2001-10-30 00:00:00,HPP-N-0000,12.5,2000,,,
2001-11-01 00:00:00,HPP-N-0000,12,200,,,
2001-11-06 00:00:00,HPP-N-0000,12,800,,,
2001-11-08 00:00:00,HPP-N-0000,12.25,1000,,,
2001-11-14 00:00:00,HPP-N-0000,12.5,900,,,
2001-11-15 00:00:00,HPP-N-0000,12.5,100,,,
2001-11-19 00:00:00,HPP-N-0000,13,7100,,,
2001-11-20 00:00:00,HPP-N-0000,13,1800,,,
2001-11-21 00:00:00,HPP-N-0000,12.5,27200,,,
2001-11-22 00:00:00,HPP-N-0000,12.5,300,,,
2001-11-23 00:00:00,HPP-N-0000,12.5,1600,,,
2001-11-27 00:00:00,HPP-N-0000,12.5,1600,,,
2001-11-29 00:00:00,HPP-N-0000,12.5,3700,,,
2001-12-03 00:00:00,HPP-N-0000,12.5,2000,,,
2001-12-07 00:00:00,HPP-N-0000,16,5200,,,
2001-12-10 00:00:00,HPP-N-0000,16,7200,,,
2001-12-11 00:00:00,HPP-N-0000,16,900,,,
2001-12-12 00:00:00,HPP-N-0000,15.25,4100,,,
2001-12-14 00:00:00,HPP-N-0000,11,4900,,,
2001-12-17 00:00:00,HPP-N-0000,15,1000,,,
2001-12-19 00:00:00,HPP-N-0000,12.5,500,,,
2001-12-20 00:00:00,HPP-N-0000,12.25,2000,,,
2001-12-21 00:00:00,HPP-N-0000,12.5,1000,,,
2001-12-27 00:00:00,HPP-N-0000,13,200,,,
2001-12-28 00:00:00,HPP-N-0000,14,200,,,
2001-12-31 00:00:00,HPP-N-0000,14.75,800,,,
2002-01-03 00:00:00,HPP-N-0000,14.5,1700,,,
2002-01-04 00:00:00,HPP-N-0000,14.5,500,,,
2002-01-07 00:00:00,HPP-N-0000,14.5,2000,,,
2002-01-11 00:00:00,HPP-N-0000,14.5,27800,,,
2002-01-15 00:00:00,HPP-N-0000,13.25,100,,,
2002-01-17 00:00:00,HPP-N-0000,13.5,1100,,,
2002-01-30 00:00:00,HPP-N-0000,14,5000,,,
2002-01-31 00:00:00,HPP-N-0000,14,5400,,,
2002-02-01 00:00:00,HPP-N-0000,14,61200,,,
2002-02-05 00:00:00,HPP-N-0000,14,800,,,
2002-02-06 00:00:00,HPP-N-0000,13.75,100,,,
2002-02-07 00:00:00,HPP-N-0000,14,5000,,,
2002-02-11 00:00:00,HPP-N-0000,14,14000,,,
2001-01-04 00:00:00,HTEC-N-000,12,200,,,
2001-01-05 00:00:00,HTEC-N-000,12,800,,,
2001-02-09 00:00:00,HTEC-N-000,12,800,,,
2001-03-08 00:00:00,HTEC-N-000,10,10100,,,
2001-03-12 00:00:00,HTEC-N-000,10.25,4400,,,
2001-04-04 00:00:00,HTEC-N-000,11,800,,,
2001-04-05 00:00:00,HTEC-N-000,11,1000,,,
2001-04-17 00:00:00,HTEC-N-000,11,2700,,,
2001-04-18 00:00:00,HTEC-N-000,11,100,,,
2001-05-24 00:00:00,HTEC-N-000,11.75,300,,,
2001-06-01 00:00:00,HTEC-N-000,13,200,,,
2001-06-04 00:00:00,HTEC-N-000,13,1300,,,
2001-06-08 00:00:00,HTEC-N-000,12,146000,,,
2001-06-12 00:00:00,HTEC-N-000,12,500,,,
2001-06-27 00:00:00,HTEC-N-000,12,1200,,,
2001-07-09 00:00:00,HTEC-N-000,12,500,,,
2001-07-10 00:00:00,HTEC-N-000,12,200,,,
2001-07-18 00:00:00,HTEC-N-000,12,1100,,,
2001-07-20 00:00:00,HTEC-N-000,10.75,100,,,
2001-08-17 00:00:00,HTEC-N-000,10,700,,,
2001-08-24 00:00:00,HTEC-N-000,10.5,400,,,
2001-09-20 00:00:00,HTEC-N-000,10.5,600,,,
2001-10-10 00:00:00,HTEC-N-000,10.75,10100,,,
2001-11-02 00:00:00,HTEC-N-000,13,5000,,,
2001-11-26 00:00:00,HTEC-N-000,13.25,300,,,
2001-12-19 00:00:00,HTEC-N-000,13.25,100,,,
2002-01-17 00:00:00,HTEC-N-000,13,200,,,
2002-01-18 00:00:00,HTEC-N-000,13,200,,,
2002-01-22 00:00:00,HTEC-N-000,13,200,,,
2001-01-03 00:00:00,HOPL-N-000,7.75,1100,,,
2001-01-04 00:00:00,HOPL-N-000,7.75,600,,,
2001-01-12 00:00:00,HOPL-N-000,7.5,1900,,,
2001-01-16 00:00:00,HOPL-N-000,7.5,3000,,,
2001-01-25 00:00:00,HOPL-N-000,7.75,1400,,,
2001-01-30 00:00:00,HOPL-N-000,7.5,1300,,,
2001-02-06 00:00:00,HOPL-N-000,7.5,2000,,,
2001-02-16 00:00:00,HOPL-N-000,7.5,2000,,,
2001-02-20 00:00:00,HOPL-N-000,7,1000,,,
2001-02-28 00:00:00,HOPL-N-000,7,500,,,
2001-03-02 00:00:00,HOPL-N-000,7.25,1100,,,
2001-03-12 00:00:00,HOPL-N-000,7,3400,,,
2001-03-13 00:00:00,HOPL-N-000,7,1800,,,
2001-03-14 00:00:00,HOPL-N-000,7,1500,,,
2001-03-19 00:00:00,HOPL-N-000,7,600,,,
2001-03-20 00:00:00,HOPL-N-000,7,600,,,
2001-03-21 00:00:00,HOPL-N-000,7,1500,,,
2001-03-23 00:00:00,HOPL-N-000,7,1000,,,
2001-03-26 00:00:00,HOPL-N-000,7,10000,,,
2001-03-27 00:00:00,HOPL-N-000,7.25,5000,,,
2001-03-28 00:00:00,HOPL-N-000,7.5,500,,,
2001-04-02 00:00:00,HOPL-N-000,7.25,1000,,,
2001-04-05 00:00:00,HOPL-N-000,7.5,1900,,,
2001-04-09 00:00:00,HOPL-N-000,7,300,,,
2001-04-10 00:00:00,HOPL-N-000,7,2400,,,
2001-04-11 00:00:00,HOPL-N-000,7,2600,,,
2001-04-16 00:00:00,HOPL-N-000,7.25,1000,,,
2001-04-17 00:00:00,HOPL-N-000,7.25,500,,,
2001-04-19 00:00:00,HOPL-N-000,7,10200,,,
2001-04-30 00:00:00,HOPL-N-000,7.25,6000,,,
2001-05-02 00:00:00,HOPL-N-000,7.25,100,,,
2001-05-04 00:00:00,HOPL-N-000,7.25,1000,,,
2001-05-10 00:00:00,HOPL-N-000,7.25,2000,,,
2001-05-11 00:00:00,HOPL-N-000,7.25,500,,,
2001-05-18 00:00:00,HOPL-N-000,7.25,1400,,,
2001-05-22 00:00:00,HOPL-N-000,7.25,1000,,,
2001-05-24 00:00:00,HOPL-N-000,7.25,1000,,,
2001-05-25 00:00:00,HOPL-N-000,7.5,100,,,
2001-05-29 00:00:00,HOPL-N-000,7.75,400,,,
2001-05-30 00:00:00,HOPL-N-000,8.25,1900,,,
2001-06-01 00:00:00,HOPL-N-000,8,800,,,
2001-06-04 00:00:00,HOPL-N-000,8,200,,,
2001-06-06 00:00:00,HOPL-N-000,8,100,,,
2001-06-08 00:00:00,HOPL-N-000,8,100,,,
2001-06-13 00:00:00,HOPL-N-000,8,100,,,
2001-06-21 00:00:00,HOPL-N-000,8.5,500,,,
2001-06-27 00:00:00,HOPL-N-000,7.75,500,,,
2001-07-02 00:00:00,HOPL-N-000,7.25,800,,,
2001-07-11 00:00:00,HOPL-N-000,7.5,800,,,
2001-07-18 00:00:00,HOPL-N-000,8.75,3900,,,
2001-07-23 00:00:00,HOPL-N-000,8.75,5800,,,
2001-07-26 00:00:00,HOPL-N-000,8.5,100,,,
2001-08-01 00:00:00,HOPL-N-000,8.75,500,,,
2001-08-09 00:00:00,HOPL-N-000,8.25,1200,,,
2001-08-10 00:00:00,HOPL-N-000,8.25,200,,,
2001-08-14 00:00:00,HOPL-N-000,8,1800,,,
2001-08-15 00:00:00,HOPL-N-000,7.5,1000,,,
2001-08-16 00:00:00,HOPL-N-000,7.25,100,,,
2001-08-17 00:00:00,HOPL-N-000,7.5,500,,,
2001-08-31 00:00:00,HOPL-N-000,8,100,,,
2001-09-04 00:00:00,HOPL-N-000,8,100,,,
2001-09-05 00:00:00,HOPL-N-000,8,500,,,
2001-09-18 00:00:00,HOPL-N-000,8,300,,,
2001-09-21 00:00:00,HOPL-N-000,7.5,200,,,
2001-09-24 00:00:00,HOPL-N-000,7.75,1000,,,
2001-10-04 00:00:00,HOPL-N-000,8,1900,,,
2001-10-05 00:00:00,HOPL-N-000,8.25,700,,,
2001-10-10 00:00:00,HOPL-N-000,8.75,600,,,
2001-10-11 00:00:00,HOPL-N-000,10,3500,,,
2001-10-12 00:00:00,HOPL-N-000,10,15000,,,
2001-10-16 00:00:00,HOPL-N-000,9.25,500,,,
2001-10-24 00:00:00,HOPL-N-000,9,2400,,,
2001-10-25 00:00:00,HOPL-N-000,8,1000,,,
2001-11-01 00:00:00,HOPL-N-000,9,8000,,,
2001-11-05 00:00:00,HOPL-N-000,8.25,1800,,,
2001-11-06 00:00:00,HOPL-N-000,8.5,200,,,
2001-11-07 00:00:00,HOPL-N-000,8.5,1800,,,
2001-11-08 00:00:00,HOPL-N-000,8.25,2000,,,
2001-11-09 00:00:00,HOPL-N-000,8.25,600,,,
2001-11-16 00:00:00,HOPL-N-000,9.75,3500,,,
2001-11-19 00:00:00,HOPL-N-000,9.75,3600,,,
2001-11-20 00:00:00,HOPL-N-000,10,2300,,,
2001-11-21 00:00:00,HOPL-N-000,9.5,500,,,
2001-11-22 00:00:00,HOPL-N-000,10.5,11400,,,
2001-11-23 00:00:00,HOPL-N-000,9.5,3000,,,
2001-11-26 00:00:00,HOPL-N-000,9.5,100,,,
2001-11-27 00:00:00,HOPL-N-000,9.5,500,,,
2001-11-28 00:00:00,HOPL-N-000,9.75,3200,,,
2001-11-29 00:00:00,HOPL-N-000,9.5,2000,,,
2001-12-04 00:00:00,HOPL-N-000,9.5,26100,,,
2001-12-05 00:00:00,HOPL-N-000,9.25,1300,,,
2001-12-07 00:00:00,HOPL-N-000,11,4800,,,
2001-12-10 00:00:00,HOPL-N-000,12.5,3400,,,
2001-12-11 00:00:00,HOPL-N-000,12.5,5400,,,
2001-12-12 00:00:00,HOPL-N-000,12.5,1200,,,
2001-12-13 00:00:00,HOPL-N-000,11.5,3000,,,
2001-12-17 00:00:00,HOPL-N-000,10.5,100,,,
2001-12-20 00:00:00,HOPL-N-000,9.5,6200,,,
2001-12-21 00:00:00,HOPL-N-000,9.75,11000,,,
2001-12-27 00:00:00,HOPL-N-000,9.75,6000,,,
2001-12-28 00:00:00,HOPL-N-000,11.25,3200,,,
2001-12-31 00:00:00,HOPL-N-000,11.25,3000,,,
2002-01-07 00:00:00,HOPL-N-000,10,1000,,,
2002-01-15 00:00:00,HOPL-N-000,9.5,1600,,,
2002-01-16 00:00:00,HOPL-N-000,9.25,100,,,
2002-01-17 00:00:00,HOPL-N-000,9.25,5200,,,
2002-01-22 00:00:00,HOPL-N-000,9,1300,,,
2002-01-23 00:00:00,HOPL-N-000,9,1500,,,
2002-01-24 00:00:00,HOPL-N-000,9,700,,,
2002-01-31 00:00:00,HOPL-N-000,9.25,100,,,
2002-02-05 00:00:00,HOPL-N-000,10,100,,,
2002-02-06 00:00:00,HOPL-N-000,9.5,5000,,,
2002-02-07 00:00:00,HOPL-N-000,9.5,200,,,
2002-02-11 00:00:00,HOPL-N-000,9.5,2100,,,
2001-07-12 00:00:00,HDEV-N-000,7,2600,,,
2001-07-13 00:00:00,HDEV-N-000,7,200,,,
2001-07-16 00:00:00,HDEV-N-000,6.75,200,,,
2001-07-17 00:00:00,HDEV-N-000,6,2300,,,
2001-07-30 00:00:00,HDEV-N-000,6,200,,,
2001-08-16 00:00:00,HDEV-N-000,4.5,100,,,
2001-08-17 00:00:00,HDEV-N-000,4,500,,,
2001-08-20 00:00:00,HDEV-N-000,4,3800,,,
2001-08-28 00:00:00,HDEV-N-000,4,2300,,,
2001-09-04 00:00:00,HDEV-N-000,4.5,100,,,
2001-09-07 00:00:00,HDEV-N-000,4,2300,,,
2001-09-11 00:00:00,HDEV-N-000,4.25,500,,,
2001-09-12 00:00:00,HDEV-N-000,4.5,200,,,
2001-09-17 00:00:00,HDEV-N-000,3.75,300,,,
2001-09-26 00:00:00,HDEV-N-000,4.5,200,,,
2001-09-27 00:00:00,HDEV-N-000,4.5,1000,,,
2001-10-15 00:00:00,HDEV-N-000,4,300,,,
2001-10-19 00:00:00,HDEV-N-000,4.5,300,,,
2001-11-02 00:00:00,HDEV-N-000,3,10000,,,
2001-11-08 00:00:00,HDEV-N-000,3,3700,,,
2001-11-20 00:00:00,HDEV-N-000,3.25,2000,,,
2001-12-14 00:00:00,HDEV-N-000,5,500,,,
2002-01-03 00:00:00,HDEV-N-000,5,8600,,,
2002-01-07 00:00:00,HDEV-N-000,6,200,,,
2002-01-09 00:00:00,HDEV-N-000,6,1600,,,
2002-02-06 00:00:00,HDEV-N-000,6.25,800,,,
2001-03-21 00:00:00,REEF-N-000,7,100,,,
2001-10-04 00:00:00,REEF-N-000,7,100,,,
2001-11-15 00:00:00,REEF-N-000,7,100,,,
2001-11-16 00:00:00,REEF-N-000,7.25,100,,,
2001-01-30 00:00:00,SERV-N-000,17.5,100,,,
2001-02-01 00:00:00,SERV-N-000,16,100,,,
2001-03-26 00:00:00,SERV-N-000,10,1200,,,
2001-03-27 00:00:00,SERV-N-000,12,200,,,
2001-03-28 00:00:00,SERV-N-000,12,1000,,,
2001-04-04 00:00:00,SERV-N-000,12.5,200,,,
2001-04-05 00:00:00,SERV-N-000,12.5,100,,,
2001-04-10 00:00:00,SERV-N-000,13,100,,,
2001-04-27 00:00:00,SERV-N-000,12,100,,,
2001-04-30 00:00:00,SERV-N-000,13,100,,,
2001-05-14 00:00:00,SERV-N-000,13,1100,,,
2001-05-15 00:00:00,SERV-N-000,13.25,100,,,
2001-05-16 00:00:00,SERV-N-000,13,100,,,
2001-05-28 00:00:00,SERV-N-000,13,100,,,
2001-06-01 00:00:00,SERV-N-000,14,200,,,
2001-06-14 00:00:00,SERV-N-000,14,100,,,
2001-06-15 00:00:00,SERV-N-000,14,100,,,
2001-10-19 00:00:00,SERV-N-000,14,100,,,
2001-11-08 00:00:00,SERV-N-000,15,100,,,
2001-12-05 00:00:00,SERV-N-000,15,100,,,
2002-02-11 00:00:00,SERV-N-000,15,100,,,
2001-02-09 00:00:00,HSIG-N-000,10,100,,,
2001-02-12 00:00:00,HSIG-N-000,10,400,,,
2001-02-13 00:00:00,HSIG-N-000,10,600,,,
2001-02-19 00:00:00,HSIG-N-000,10,200,,,
2001-03-06 00:00:00,HSIG-N-000,11.5,100,,,
2001-04-05 00:00:00,HSIG-N-000,11,500,,,
2001-06-11 00:00:00,HSIG-N-000,9,500,,,
2001-06-21 00:00:00,HSIG-N-000,9.5,100,,,
2001-06-29 00:00:00,HSIG-N-000,9.5,1000,,,
2001-07-10 00:00:00,HSIG-N-000,10,100,,,
2001-07-11 00:00:00,HSIG-N-000,9.75,300,,,
2001-07-19 00:00:00,HSIG-N-000,9.5,300,,,
2001-08-02 00:00:00,HSIG-N-000,9.5,500,,,
2001-08-08 00:00:00,HSIG-N-000,9.75,1000,,,
2001-10-01 00:00:00,HSIG-N-000,9.75,100,,,
2001-10-08 00:00:00,HSIG-N-000,9.75,2100,,,
2001-10-09 00:00:00,HSIG-N-000,9,9000,,,
2001-10-10 00:00:00,HSIG-N-000,8.5,22500,,,
2001-10-24 00:00:00,HSIG-N-000,10,500,,,
2001-10-25 00:00:00,HSIG-N-000,10,100,,,
2001-10-26 00:00:00,HSIG-N-000,10,500,,,
2001-11-02 00:00:00,HSIG-N-000,10,300,,,
2001-11-05 00:00:00,HSIG-N-000,9,1100,,,
2001-11-20 00:00:00,HSIG-N-000,9,1000,,,
2001-12-05 00:00:00,HSIG-N-000,9,1000,,,
2001-12-11 00:00:00,HSIG-N-000,9,2000,,,
2001-12-13 00:00:00,HSIG-N-000,9,500,,,
2002-02-07 00:00:00,HSIG-N-000,9,100,,,
2001-07-30 00:00:00,HUEJ-N-000,20,800,,,
2001-09-07 00:00:00,HUEJ-N-000,22,100,,,
2001-01-11 00:00:00,HUNA-N-000,6,100,,,
2001-01-16 00:00:00,HUNA-N-000,6,100,,,
2001-01-17 00:00:00,HUNA-N-000,5.5,400,,,
2001-01-22 00:00:00,HUNA-N-000,5.5,300,,,
2001-01-23 00:00:00,HUNA-N-000,5.75,500,,,
2001-01-24 00:00:00,HUNA-N-000,5.5,300,,,
2001-01-31 00:00:00,HUNA-N-000,5.75,400,,,
2001-02-09 00:00:00,HUNA-N-000,6,100,,,
2001-02-16 00:00:00,HUNA-N-000,5.5,700,,,
2001-02-19 00:00:00,HUNA-N-000,5.5,1500,,,
2001-02-20 00:00:00,HUNA-N-000,5.5,800,,,
2001-02-21 00:00:00,HUNA-N-000,5.5,100,,,
2001-02-22 00:00:00,HUNA-N-000,5.5,300,,,
2001-03-01 00:00:00,HUNA-N-000,5.5,1100,,,
2001-03-05 00:00:00,HUNA-N-000,5.5,400,,,
2001-03-06 00:00:00,HUNA-N-000,6,400,,,
2001-03-08 00:00:00,HUNA-N-000,6,500,,,
2001-03-12 00:00:00,HUNA-N-000,6,100,,,
2001-03-21 00:00:00,HUNA-N-000,6,100,,,
2001-03-28 00:00:00,HUNA-N-000,5.25,100,,,
2001-03-29 00:00:00,HUNA-N-000,5.25,400,,,
2001-04-04 00:00:00,HUNA-N-000,5.25,500,,,
2001-04-05 00:00:00,HUNA-N-000,5.25,300,,,
2001-04-06 00:00:00,HUNA-N-000,5.25,500,,,
2001-04-10 00:00:00,HUNA-N-000,5.25,200,,,
2001-04-17 00:00:00,HUNA-N-000,5,200,,,
2001-04-18 00:00:00,HUNA-N-000,5,100,,,
2001-04-19 00:00:00,HUNA-N-000,5.25,200,,,
2001-04-20 00:00:00,HUNA-N-000,5.25,400,,,
2001-05-03 00:00:00,HUNA-N-000,5.25,400,,,
2001-05-10 00:00:00,HUNA-N-000,5.25,400,,,
2001-05-17 00:00:00,HUNA-N-000,5.5,100,,,
2001-05-21 00:00:00,HUNA-N-000,5.5,100,,,
2001-05-22 00:00:00,HUNA-N-000,6,100,,,
2001-05-24 00:00:00,HUNA-N-000,6,100,,,
2001-05-30 00:00:00,HUNA-N-000,5.5,4200,,,
2001-05-31 00:00:00,HUNA-N-000,6,900,,,
2001-06-06 00:00:00,HUNA-N-000,5.5,100,,,
2001-06-12 00:00:00,HUNA-N-000,5.5,200,,,
2001-06-13 00:00:00,HUNA-N-000,5.25,400,,,
2001-06-14 00:00:00,HUNA-N-000,5.5,100,,,
2001-06-15 00:00:00,HUNA-N-000,5.5,700,,,
2001-06-22 00:00:00,HUNA-N-000,5.5,200,,,
2001-07-03 00:00:00,HUNA-N-000,5.75,400,,,
2001-07-10 00:00:00,HUNA-N-000,5.5,100,,,
2001-07-20 00:00:00,HUNA-N-000,5.5,300,,,
2001-07-24 00:00:00,HUNA-N-000,5.5,100,,,
2001-07-26 00:00:00,HUNA-N-000,5.25,100,,,
2001-08-01 00:00:00,HUNA-N-000,5.25,400,,,
2001-08-08 00:00:00,HUNA-N-000,5.25,100,,,
2001-08-10 00:00:00,HUNA-N-000,4.5,400,,,
2001-09-21 00:00:00,HUNA-N-000,3.5,100,,,
2001-09-24 00:00:00,HUNA-N-000,3.75,500,,,
2001-10-11 00:00:00,HUNA-N-000,5.25,200,,,
2001-10-12 00:00:00,HUNA-N-000,5.25,100,,,
2001-10-15 00:00:00,HUNA-N-000,5.25,100,,,
2001-10-19 00:00:00,HUNA-N-000,5,100,,,
2001-10-24 00:00:00,HUNA-N-000,4.5,100,,,
2001-10-30 00:00:00,HUNA-N-000,5,1100,,,
2001-11-05 00:00:00,HUNA-N-000,4.75,500,,,
2001-11-06 00:00:00,HUNA-N-000,4.75,400,,,
2001-11-15 00:00:00,HUNA-N-000,4.75,300,,,
2001-11-19 00:00:00,HUNA-N-000,5,600,,,
2001-11-20 00:00:00,HUNA-N-000,5,900,,,
2001-11-26 00:00:00,HUNA-N-000,5,900,,,
2001-11-27 00:00:00,HUNA-N-000,5,200,,,
2001-11-28 00:00:00,HUNA-N-000,5.5,3000,,,
2001-12-03 00:00:00,HUNA-N-000,5.5,1000,,,
2001-12-04 00:00:00,HUNA-N-000,5.5,1000,,,
2001-12-05 00:00:00,HUNA-N-000,5.5,2000,,,
2001-12-10 00:00:00,HUNA-N-000,8.25,200,,,
2001-12-11 00:00:00,HUNA-N-000,8,19400,,,
2001-12-12 00:00:00,HUNA-N-000,6,5300,,,
2001-12-13 00:00:00,HUNA-N-000,6,5000,,,
2001-12-14 00:00:00,HUNA-N-000,5.75,1300,,,
2001-12-18 00:00:00,HUNA-N-000,6,100,,,
2001-12-19 00:00:00,HUNA-N-000,6,10600,,,
2001-12-27 00:00:00,HUNA-N-000,6.5,6100,,,
2001-12-28 00:00:00,HUNA-N-000,6.25,400,,,
2001-12-31 00:00:00,HUNA-N-000,6.25,100,,,
2002-01-04 00:00:00,HUNA-N-000,7.5,2100,,,
2002-01-07 00:00:00,HUNA-N-000,8.25,1000,,,
2002-01-08 00:00:00,HUNA-N-000,7.5,2200,,,
2002-01-09 00:00:00,HUNA-N-000,7.75,1700,,,
2002-01-10 00:00:00,HUNA-N-000,8,500,,,
2002-01-11 00:00:00,HUNA-N-000,7.75,200,,,
2002-01-15 00:00:00,HUNA-N-000,8,4200,,,
2002-01-16 00:00:00,HUNA-N-000,8.5,6100,,,
2002-01-17 00:00:00,HUNA-N-000,12.5,145600,,,
2002-01-18 00:00:00,HUNA-N-000,12,8600,,,
2002-01-21 00:00:00,HUNA-N-000,11.5,1200,,,
2002-01-23 00:00:00,HUNA-N-000,11,9200,,,
2002-01-24 00:00:00,HUNA-N-000,11,1000,,,
2002-01-25 00:00:00,HUNA-N-000,10.75,12700,,,
2002-01-29 00:00:00,HUNA-N-000,11,21000,,,
2002-01-31 00:00:00,HUNA-N-000,10,100,,,
2002-02-06 00:00:00,HUNA-N-000,10,300,,,
2002-02-07 00:00:00,HUNA-N-000,7.25,100,,,
2002-02-08 00:00:00,HUNA-N-000,7.25,300,,,
2002-02-11 00:00:00,HUNA-N-000,7.5,300,,,
2001-01-31 00:00:00,HUNT-N-000,3,6600,,,
2001-02-06 00:00:00,HUNT-N-000,3,1400,,,
2001-02-12 00:00:00,HUNT-N-000,3,1400,,,
2001-02-19 00:00:00,HUNT-N-000,3,1400,,,
2001-02-20 00:00:00,HUNT-N-000,3,300,,,
2001-02-23 00:00:00,HUNT-N-000,3,200,,,
2001-02-26 00:00:00,HUNT-N-000,3,1400,,,
2001-03-01 00:00:00,HUNT-N-000,3,400,,,
2001-03-05 00:00:00,HUNT-N-000,3,400,,,
2001-03-26 00:00:00,HUNT-N-000,3,100,,,
2001-03-28 00:00:00,HUNT-N-000,3,100,,,
2001-04-02 00:00:00,HUNT-N-000,2.75,300,,,
2001-04-04 00:00:00,HUNT-N-000,2.75,1000,,,
2001-06-15 00:00:00,HUNT-N-000,2,300,,,
2001-06-25 00:00:00,HUNT-N-000,2.5,1000,,,
2001-06-29 00:00:00,HUNT-N-000,2.5,1500,,,
2001-07-16 00:00:00,HUNT-N-000,2.5,500,,,
2001-09-27 00:00:00,HUNT-N-000,3.75,100,,,
2001-10-05 00:00:00,HUNT-N-000,3.75,1000,,,
2001-10-08 00:00:00,HUNT-N-000,3.75,100,,,
2001-10-10 00:00:00,HUNT-N-000,3.75,100,,,
2001-10-15 00:00:00,HUNT-N-000,3.75,500,,,
2001-10-16 00:00:00,HUNT-N-000,3.75,1200,,,
2001-10-25 00:00:00,HUNT-N-000,3.75,400,,,
2001-11-16 00:00:00,HUNT-N-000,4,500,,,
2001-11-19 00:00:00,HUNT-N-000,4,100,,,
2001-11-20 00:00:00,HUNT-N-000,4.25,1100,,,
2001-11-21 00:00:00,HUNT-N-000,4.75,2400,,,
2001-11-23 00:00:00,HUNT-N-000,5.5,900,,,
2001-12-19 00:00:00,HUNT-N-000,5,6400,,,
2001-12-21 00:00:00,HUNT-N-000,5,1700,,,
2001-12-28 00:00:00,HUNT-N-000,4.5,330300,,,
2001-12-31 00:00:00,HUNT-N-000,5.25,200,,,
2002-01-02 00:00:00,HUNT-N-000,5,5000,,,
2002-01-04 00:00:00,HUNT-N-000,5.5,5000,,,
2002-01-07 00:00:00,HUNT-N-000,6,2800,,,
2002-01-08 00:00:00,HUNT-N-000,6,25500,,,
2002-01-09 00:00:00,HUNT-N-000,6,5000,,,
2002-01-10 00:00:00,HUNT-N-000,6.5,1600,,,
2002-01-11 00:00:00,HUNT-N-000,5.5,100,,,
2002-01-15 00:00:00,HUNT-N-000,5.25,1000,,,
2002-01-23 00:00:00,HUNT-N-000,5,1000,,,
2002-01-25 00:00:00,HUNT-N-000,5.75,400,,,
2002-01-30 00:00:00,HUNT-N-000,6.5,2000,,,
2002-01-31 00:00:00,HUNT-N-000,6.5,2500,,,
2002-02-05 00:00:00,HUNT-N-000,6.5,4000,,,
2002-02-06 00:00:00,HUNT-N-000,6.75,3500,,,
2002-02-08 00:00:00,HUNT-N-000,8,8700,,,
2002-02-11 00:00:00,HUNT-N-000,8,200,,,
2001-04-02 00:00:00,INDO-N-000,250,100,,,
2001-11-09 00:00:00,INDO-N-000,250,15700,,,
2001-11-12 00:00:00,INDO-N-000,225,100,,,
2001-12-12 00:00:00,INDO-N-000,250,168300,,,
2001-08-13 00:00:00,ASPH-N-000,38,12200,,,
2001-01-24 00:00:00,ITH-N-0000,13,2000,,,
2001-03-01 00:00:00,ITH-N-0000,13,500,,,
2001-03-06 00:00:00,ITH-N-0000,13,200,,,
2001-03-13 00:00:00,ITH-N-0000,15.5,100,,,
2001-03-22 00:00:00,ITH-N-0000,13,100,,,
2001-03-27 00:00:00,ITH-N-0000,13,21300,,,
2001-04-18 00:00:00,ITH-N-0000,13.25,100,,,
2001-05-11 00:00:00,ITH-N-0000,13.75,400,,,
2001-06-15 00:00:00,ITH-N-0000,14,200,,,
2001-06-18 00:00:00,ITH-N-0000,14.5,100,,,
2001-06-20 00:00:00,ITH-N-0000,14.5,100,,,
2001-06-21 00:00:00,ITH-N-0000,14,300,,,
2001-06-22 00:00:00,ITH-N-0000,13.75,100,,,
2001-07-18 00:00:00,ITH-N-0000,13.75,4300,,,
2001-07-19 00:00:00,ITH-N-0000,13.5,6900,,,
2001-07-20 00:00:00,ITH-N-0000,13.5,100,,,
2001-07-24 00:00:00,ITH-N-0000,13.5,500,,,
2001-08-01 00:00:00,ITH-N-0000,13.5,1400,,,
2001-08-02 00:00:00,ITH-N-0000,13.5,4500,,,
2001-08-06 00:00:00,ITH-N-0000,12.5,500,,,
2001-08-08 00:00:00,ITH-N-0000,13,1700,,,
2001-08-09 00:00:00,ITH-N-0000,13,2000,,,
2001-08-10 00:00:00,ITH-N-0000,13,2200,,,
2001-08-14 00:00:00,ITH-N-0000,13,2700,,,
2001-08-15 00:00:00,ITH-N-0000,13,5900,,,
2001-08-16 00:00:00,ITH-N-0000,13,6300,,,
2001-09-03 00:00:00,ITH-N-0000,13,1300,,,
2001-10-23 00:00:00,ITH-N-0000,13,1000,,,
2001-11-23 00:00:00,ITH-N-0000,10,100,,,
2001-11-26 00:00:00,ITH-N-0000,10.75,900,,,
2001-11-27 00:00:00,ITH-N-0000,14,100,,,
2001-12-11 00:00:00,ITH-N-0000,15,500,,,
2001-12-13 00:00:00,ITH-N-0000,14,1000,,,
2001-12-19 00:00:00,ITH-N-0000,13,200,,,
2001-12-28 00:00:00,ITH-N-0000,13.25,100,,,
2002-01-03 00:00:00,ITH-N-0000,13.25,900,,,
2002-01-09 00:00:00,ITH-N-0000,13.25,100,,,
2002-01-16 00:00:00,ITH-N-0000,13,1000,,,
2002-01-17 00:00:00,ITH-N-0000,13.25,200,,,
2002-01-22 00:00:00,ITH-N-0000,12.5,200,,,
2002-01-25 00:00:00,ITH-N-0000,12.5,1100,,,
2001-05-18 00:00:00,MORI-N-000,125.5,100,,,
2001-07-12 00:00:00,MORI-N-000,100,1000,,,
2001-10-17 00:00:00,MORI-N-000,130,100,,,
2001-10-26 00:00:00,MORI-N-000,135,100,,,
2001-11-20 00:00:00,MORI-N-000,121,100,,,
2001-11-21 00:00:00,MORI-N-000,110,100,,,
2001-11-22 00:00:00,MORI-N-000,112.25,200,,,
2001-11-27 00:00:00,MORI-N-000,112,400,,,
2001-11-28 00:00:00,MORI-N-000,115,200,,,
2001-12-19 00:00:00,MORI-N-000,112,100,,,
2001-12-31 00:00:00,MORI-N-000,113,100,,,
2002-01-15 00:00:00,MORI-N-000,113,100,,,
2002-02-06 00:00:00,MORI-N-000,113,100,,,
2002-02-07 00:00:00,MORI-N-000,130,100,,,
2001-01-03 00:00:00,JFIN-N-000,25,1000,,,
2001-01-22 00:00:00,JFIN-N-000,25,400,,,
2001-01-23 00:00:00,JFIN-N-000,26,100,,,
2001-02-20 00:00:00,JFIN-N-000,26,100,,,
2001-03-12 00:00:00,JFIN-N-000,25,1000,,,
2001-03-13 00:00:00,JFIN-N-000,25,1000,,,
2001-03-19 00:00:00,JFIN-N-000,25,1800,,,
2001-03-20 00:00:00,JFIN-N-000,25,400,,,
2001-03-21 00:00:00,JFIN-N-000,25,100,,,
2001-03-26 00:00:00,JFIN-N-000,25.25,200,,,
2001-03-28 00:00:00,JFIN-N-000,25,100,,,
2001-04-02 00:00:00,JFIN-N-000,25,200,,,
2001-04-10 00:00:00,JFIN-N-000,25,100,,,
2001-04-17 00:00:00,JFIN-N-000,25,2400,,,
2001-04-18 00:00:00,JFIN-N-000,25,100,,,
2001-04-19 00:00:00,JFIN-N-000,26,500,,,
2001-05-10 00:00:00,JFIN-N-000,25.5,366100,,,
2001-05-22 00:00:00,JFIN-N-000,27,100,,,
2001-05-28 00:00:00,JFIN-N-000,27,500,,,
2001-06-12 00:00:00,JFIN-N-000,26,1100,,,
2001-07-12 00:00:00,JFIN-N-000,26.25,10000,,,
2001-07-13 00:00:00,JFIN-N-000,26.5,100,,,
2001-07-24 00:00:00,JFIN-N-000,26.25,500,,,
2001-07-31 00:00:00,JFIN-N-000,26,100,,,
2001-08-14 00:00:00,JFIN-N-000,26,1100,,,
2001-08-16 00:00:00,JFIN-N-000,26,100,,,
2001-08-17 00:00:00,JFIN-N-000,26.25,100,,,
2001-08-20 00:00:00,JFIN-N-000,25.5,200,,,
2001-08-21 00:00:00,JFIN-N-000,26,200,,,
2001-08-22 00:00:00,JFIN-N-000,25,8900,,,
2001-08-23 00:00:00,JFIN-N-000,25,200,,,
2001-08-24 00:00:00,JFIN-N-000,25,100,,,
2001-08-28 00:00:00,JFIN-N-000,25,700,,,
2001-08-30 00:00:00,JFIN-N-000,25,200,,,
2001-09-24 00:00:00,JFIN-N-000,26,2000,,,
2001-09-25 00:00:00,JFIN-N-000,26,200,,,
2001-09-28 00:00:00,JFIN-N-000,26.5,500,,,
2001-10-01 00:00:00,JFIN-N-000,26.5,500,,,
2001-10-12 00:00:00,JFIN-N-000,26.25,1362600,,,
2001-10-16 00:00:00,JFIN-N-000,26.25,2100,,,
2001-11-12 00:00:00,JFIN-N-000,26.5,11000,,,
2001-11-13 00:00:00,JFIN-N-000,27,100,,,
2001-11-15 00:00:00,JFIN-N-000,27,1100,,,
2001-11-16 00:00:00,JFIN-N-000,27,23000,,,
2001-11-19 00:00:00,JFIN-N-000,27,2600,,,
2001-11-20 00:00:00,JFIN-N-000,27,1200,,,
2001-11-21 00:00:00,JFIN-N-000,27,5000,,,
2001-11-22 00:00:00,JFIN-N-000,27,5000,,,
2001-11-23 00:00:00,JFIN-N-000,27,1600,,,
2001-11-26 00:00:00,JFIN-N-000,26.5,300,,,
2001-11-27 00:00:00,JFIN-N-000,26.25,100,,,
2001-11-29 00:00:00,JFIN-N-000,26.25,5500,,,
2001-12-07 00:00:00,JFIN-N-000,30,31000,,,
2001-12-10 00:00:00,JFIN-N-000,30,41000,,,
2001-12-11 00:00:00,JFIN-N-000,30,16500,,,
2001-12-18 00:00:00,JFIN-N-000,26.5,1000,,,
2001-12-19 00:00:00,JFIN-N-000,26,5200,,,
2001-12-20 00:00:00,JFIN-N-000,26,100,,,
2002-01-03 00:00:00,JFIN-N-000,28.5,1200,,,
2002-01-17 00:00:00,JFIN-N-000,25,10000,,,
2002-01-18 00:00:00,JFIN-N-000,25,100,,,
2002-01-22 00:00:00,JFIN-N-000,26.25,100,,,
2002-02-01 00:00:00,JFIN-N-000,26,200,,,
2001-01-02 00:00:00,JKH-N-0000,37,18100,,,
2001-01-03 00:00:00,JKH-N-0000,37,5700,,,
2001-01-04 00:00:00,JKH-N-0000,37.25,1390800,,,
2001-01-05 00:00:00,JKH-N-0000,37.5,48100,,,
2001-01-08 00:00:00,JKH-N-0000,37.5,55800,,,
2001-01-10 00:00:00,JKH-N-0000,38,17300,,,
2001-01-12 00:00:00,JKH-N-0000,38,70100,,,
2001-01-16 00:00:00,JKH-N-0000,38,111000,,,
2001-01-17 00:00:00,JKH-N-0000,38.25,52600,,,
2001-01-18 00:00:00,JKH-N-0000,38,164700,,,
2001-01-19 00:00:00,JKH-N-0000,38,788500,,,
2001-01-22 00:00:00,JKH-N-0000,37,4600,,,
2001-01-23 00:00:00,JKH-N-0000,35.5,25100,,,
2001-01-24 00:00:00,JKH-N-0000,35.5,11100,,,
2001-01-25 00:00:00,JKH-N-0000,34,89000,,,
2001-01-26 00:00:00,JKH-N-0000,34,18500,,,
2001-01-29 00:00:00,JKH-N-0000,34,1300,,,
2001-01-30 00:00:00,JKH-N-0000,34.5,3000,,,
2001-01-31 00:00:00,JKH-N-0000,34.5,16900,,,
2001-02-01 00:00:00,JKH-N-0000,34.5,65800,,,
2001-02-02 00:00:00,JKH-N-0000,35,74500,,,
2001-02-06 00:00:00,JKH-N-0000,35,54400,,,
2001-02-08 00:00:00,JKH-N-0000,35.25,1600,,,
2001-02-09 00:00:00,JKH-N-0000,37.5,1234100,,,
2001-02-12 00:00:00,JKH-N-0000,37,24100,,,
2001-02-13 00:00:00,JKH-N-0000,38,476000,,,
2001-02-14 00:00:00,JKH-N-0000,37.5,6000,,,
2001-02-15 00:00:00,JKH-N-0000,36.25,9000,,,
2001-02-16 00:00:00,JKH-N-0000,35.75,29500,,,
2001-02-19 00:00:00,JKH-N-0000,35.75,1300,,,
2001-02-21 00:00:00,JKH-N-0000,36,4600,,,
2001-02-22 00:00:00,JKH-N-0000,36.5,23200,,,
2001-02-23 00:00:00,JKH-N-0000,36.5,10900,,,
2001-02-26 00:00:00,JKH-N-0000,35.5,12300,,,
2001-02-27 00:00:00,JKH-N-0000,35.5,13700,,,
2001-02-28 00:00:00,JKH-N-0000,36,24700,,,
2001-03-01 00:00:00,JKH-N-0000,36,25400,,,
2001-03-02 00:00:00,JKH-N-0000,36.75,37000,,,
2001-03-05 00:00:00,JKH-N-0000,35.75,54900,,,
2001-03-06 00:00:00,JKH-N-0000,35,73000,,,
2001-03-07 00:00:00,JKH-N-0000,35,11500,,,
2001-03-08 00:00:00,JKH-N-0000,35.25,1006600,,,
2001-03-12 00:00:00,JKH-N-0000,35,275900,,,
2001-03-13 00:00:00,JKH-N-0000,35,58100,,,
2001-03-14 00:00:00,JKH-N-0000,35,57200,,,
2001-03-15 00:00:00,JKH-N-0000,35,6500,,,
2001-03-16 00:00:00,JKH-N-0000,35,1500,,,
2001-03-19 00:00:00,JKH-N-0000,34.25,50200,,,
2001-03-20 00:00:00,JKH-N-0000,34.5,305700,,,
2001-03-21 00:00:00,JKH-N-0000,34,252500,,,
2001-03-22 00:00:00,JKH-N-0000,34,64900,,,
2001-03-23 00:00:00,JKH-N-0000,34,1200,,,
2001-03-26 00:00:00,JKH-N-0000,34,7900,,,
2001-03-27 00:00:00,JKH-N-0000,33.5,89300,,,
2001-03-29 00:00:00,JKH-N-0000,32.5,6100,,,
2001-03-30 00:00:00,JKH-N-0000,33.5,288900,,,
2001-04-03 00:00:00,JKH-N-0000,33,2800,,,
2001-04-04 00:00:00,JKH-N-0000,33.5,99300,,,
2001-04-05 00:00:00,JKH-N-0000,33,1000,,,
2001-04-06 00:00:00,JKH-N-0000,32.5,16300,,,
2001-04-09 00:00:00,JKH-N-0000,32.25,14600,,,
2001-04-10 00:00:00,JKH-N-0000,32.5,5700,,,
2001-04-16 00:00:00,JKH-N-0000,33,12900,,,
2001-04-17 00:00:00,JKH-N-0000,32.5,9000,,,
2001-04-18 00:00:00,JKH-N-0000,33,500,,,
2001-04-19 00:00:00,JKH-N-0000,32.5,21200,,,
2001-04-20 00:00:00,JKH-N-0000,33,28500,,,
2001-04-23 00:00:00,JKH-N-0000,33,1500,,,
2001-04-24 00:00:00,JKH-N-0000,32.5,900,,,
2001-04-25 00:00:00,JKH-N-0000,32.75,2000,,,
2001-04-26 00:00:00,JKH-N-0000,33,1000,,,
2001-04-27 00:00:00,JKH-N-0000,32.75,6900,,,
2001-04-30 00:00:00,JKH-N-0000,32.75,23100,,,
2001-05-02 00:00:00,JKH-N-0000,33,110700,,,
2001-05-03 00:00:00,JKH-N-0000,32.5,31500,,,
2001-05-04 00:00:00,JKH-N-0000,33,100,,,
2001-05-09 00:00:00,JKH-N-0000,33.5,16000,,,
2001-05-10 00:00:00,JKH-N-0000,33.5,25100,,,
2001-05-11 00:00:00,JKH-N-0000,33.5,700,,,
2001-05-14 00:00:00,JKH-N-0000,33.5,15900,,,
2001-05-15 00:00:00,JKH-N-0000,33.5,3500,,,
2001-05-16 00:00:00,JKH-N-0000,33.5,29900,,,
2001-05-17 00:00:00,JKH-N-0000,33.75,206400,,,
2001-05-18 00:00:00,JKH-N-0000,33.75,10100,,,
2001-05-21 00:00:00,JKH-N-0000,33.75,1000,,,
2001-05-22 00:00:00,JKH-N-0000,34,16100,,,
2001-05-23 00:00:00,JKH-N-0000,34,19300,,,
2001-05-24 00:00:00,JKH-N-0000,34,218700,,,
2001-05-25 00:00:00,JKH-N-0000,34,4600,,,
2001-05-28 00:00:00,JKH-N-0000,34.5,800,,,
2001-05-29 00:00:00,JKH-N-0000,35,7300,,,
2001-05-30 00:00:00,JKH-N-0000,34.5,5700,,,
2001-05-31 00:00:00,JKH-N-0000,33.5,284700,,,
2001-06-01 00:00:00,JKH-N-0000,33.25,1106500,,,
2001-06-06 00:00:00,JKH-N-0000,33.25,10700,,,
2001-06-07 00:00:00,JKH-N-0000,33,6200,,,
2001-06-08 00:00:00,JKH-N-0000,33.5,274900,,,
2001-06-11 00:00:00,JKH-N-0000,33.5,155900,,,
2001-06-13 00:00:00,JKH-N-0000,32.5,41700,,,
2001-06-14 00:00:00,JKH-N-0000,32.25,27500,,,
2001-06-15 00:00:00,JKH-N-0000,32.5,493400,,,
2001-06-19 00:00:00,JKH-N-0000,32.25,3500,,,
2001-06-20 00:00:00,JKH-N-0000,33,20400,,,
2001-06-21 00:00:00,JKH-N-0000,34.5,82800,,,
2001-06-22 00:00:00,JKH-N-0000,35,31600,,,
2001-06-25 00:00:00,JKH-N-0000,35.5,103400,,,
2001-06-26 00:00:00,JKH-N-0000,34.5,4200,,,
2001-06-27 00:00:00,JKH-N-0000,34,3100,,,
2001-06-28 00:00:00,JKH-N-0000,33,5600,,,
2001-06-29 00:00:00,JKH-N-0000,34,640600,,,
2001-07-02 00:00:00,JKH-N-0000,33.5,28700,,,
2001-07-03 00:00:00,JKH-N-0000,34,40600,,,
2001-07-04 00:00:00,JKH-N-0000,35,119000,,,
2001-07-06 00:00:00,JKH-N-0000,34.5,200,,,
2001-07-09 00:00:00,JKH-N-0000,34,2400,,,
2001-07-10 00:00:00,JKH-N-0000,34.5,2200,,,
2001-07-11 00:00:00,JKH-N-0000,33.5,51200,,,
2001-07-12 00:00:00,JKH-N-0000,33.5,12300,,,
2001-07-13 00:00:00,JKH-N-0000,34,3800,,,
2001-07-17 00:00:00,JKH-N-0000,33.5,1000,,,
2001-07-18 00:00:00,JKH-N-0000,33.5,23600,,,
2001-07-19 00:00:00,JKH-N-0000,33.5,5500,,,
2001-07-20 00:00:00,JKH-N-0000,33.5,4900,,,
2001-07-23 00:00:00,JKH-N-0000,33.75,1100,,,
2001-07-24 00:00:00,JKH-N-0000,33.25,18100,,,
2001-07-25 00:00:00,JKH-N-0000,33.5,20900,,,
2001-07-26 00:00:00,JKH-N-0000,33.5,10000,,,
2001-07-27 00:00:00,JKH-N-0000,33.5,7800,,,
2001-07-30 00:00:00,JKH-N-0000,33.5,34200,,,
2001-07-31 00:00:00,JKH-N-0000,33.5,310500,,,
2001-08-01 00:00:00,JKH-N-0000,33.5,195600,,,
2001-08-02 00:00:00,JKH-N-0000,33,1200,,,
2001-08-06 00:00:00,JKH-N-0000,32,1200,,,
2001-08-07 00:00:00,JKH-N-0000,29,58600,,,
2001-08-08 00:00:00,JKH-N-0000,30.25,26000,,,
2001-08-09 00:00:00,JKH-N-0000,30,4800,,,
2001-08-10 00:00:00,JKH-N-0000,29,30000,,,
2001-08-13 00:00:00,JKH-N-0000,28,50700,,,
2001-08-14 00:00:00,JKH-N-0000,26,22900,,,
2001-08-15 00:00:00,JKH-N-0000,24,115300,,,
2001-08-16 00:00:00,JKH-N-0000,24,8200,,,
2001-08-17 00:00:00,JKH-N-0000,24,711600,,,
2001-08-20 00:00:00,JKH-N-0000,26,2400,,,
2001-08-21 00:00:00,JKH-N-0000,27,7600,,,
2001-08-22 00:00:00,JKH-N-0000,24.5,44900,,,
2001-08-23 00:00:00,JKH-N-0000,26,176300,,,
2001-08-24 00:00:00,JKH-N-0000,27.25,20200,,,
2001-08-27 00:00:00,JKH-N-0000,27,30500,,,
2001-08-28 00:00:00,JKH-N-0000,25.5,211400,,,
2001-08-29 00:00:00,JKH-N-0000,30.25,4870300,,,
2001-08-30 00:00:00,JKH-N-0000,32,60200,,,
2001-08-31 00:00:00,JKH-N-0000,33.5,106100,,,
2001-09-04 00:00:00,JKH-N-0000,30,9500,,,
2001-09-05 00:00:00,JKH-N-0000,33.5,299000,,,
2001-09-06 00:00:00,JKH-N-0000,34.75,177400,,,
2001-09-07 00:00:00,JKH-N-0000,35,172900,,,
2001-09-11 00:00:00,JKH-N-0000,36.25,161300,,,
2001-09-12 00:00:00,JKH-N-0000,35,56800,,,
2001-09-13 00:00:00,JKH-N-0000,35,101400,,,
2001-09-14 00:00:00,JKH-N-0000,35,45500,,,
2001-09-17 00:00:00,JKH-N-0000,33,19200,,,
2001-09-18 00:00:00,JKH-N-0000,32,12400,,,
2001-09-19 00:00:00,JKH-N-0000,30.5,329600,,,
2001-09-20 00:00:00,JKH-N-0000,31.5,117200,,,
2001-09-21 00:00:00,JKH-N-0000,30.75,10100,,,
2001-09-24 00:00:00,JKH-N-0000,31,11200,,,
2001-09-25 00:00:00,JKH-N-0000,31.25,26300,,,
2001-09-26 00:00:00,JKH-N-0000,32.5,24800,,,
2001-09-27 00:00:00,JKH-N-0000,32,23400,,,
2001-09-28 00:00:00,JKH-N-0000,31.75,4800,,,
2001-10-04 00:00:00,JKH-N-0000,30.25,77600,,,
2001-10-05 00:00:00,JKH-N-0000,30.25,25400,,,
2001-10-08 00:00:00,JKH-N-0000,30.5,10300,,,
2001-10-09 00:00:00,JKH-N-0000,33,56600,,,
2001-10-10 00:00:00,JKH-N-0000,36.5,287200,,,
2001-10-11 00:00:00,JKH-N-0000,40.5,762800,,,
2001-10-12 00:00:00,JKH-N-0000,43.5,1236000,,,
2001-10-15 00:00:00,JKH-N-0000,43,763200,,,
2001-10-16 00:00:00,JKH-N-0000,42,594400,,,
2001-10-17 00:00:00,JKH-N-0000,43.5,190400,,,
2001-10-18 00:00:00,JKH-N-0000,45,576900,,,
2001-10-19 00:00:00,JKH-N-0000,46.5,665200,,,
2001-10-23 00:00:00,JKH-N-0000,56,1889800,,,
2001-10-24 00:00:00,JKH-N-0000,53.5,780700,,,
2001-10-25 00:00:00,JKH-N-0000,53.5,197800,,,
2001-10-26 00:00:00,JKH-N-0000,54,228900,,,
2001-10-29 00:00:00,JKH-N-0000,54.25,365200,,,
2001-10-30 00:00:00,JKH-N-0000,53.25,203200,,,
2001-11-01 00:00:00,JKH-N-0000,50,536800,,,
2001-11-02 00:00:00,JKH-N-0000,45.75,897900,,,
2001-11-05 00:00:00,JKH-N-0000,45.5,222700,,,
2001-11-06 00:00:00,JKH-N-0000,44,185600,,,
2001-11-07 00:00:00,JKH-N-0000,43.75,44500,,,
2001-11-08 00:00:00,JKH-N-0000,45.5,483800,,,
2001-11-09 00:00:00,JKH-N-0000,47,80900,,,
2001-11-12 00:00:00,JKH-N-0000,47,75900,,,
2001-11-13 00:00:00,JKH-N-0000,44.5,81600,,,
2001-11-14 00:00:00,JKH-N-0000,46.75,21900,,,
2001-11-15 00:00:00,JKH-N-0000,47,174400,,,
2001-11-16 00:00:00,JKH-N-0000,49,246900,,,
2001-11-19 00:00:00,JKH-N-0000,50,122600,,,
2001-11-20 00:00:00,JKH-N-0000,49,65900,,,
2001-11-21 00:00:00,JKH-N-0000,49,94400,,,
2001-11-22 00:00:00,JKH-N-0000,48.25,44800,,,
2001-11-23 00:00:00,JKH-N-0000,48,86800,,,
2001-11-26 00:00:00,JKH-N-0000,48,136900,,,
2001-11-27 00:00:00,JKH-N-0000,47.25,245400,,,
2001-11-28 00:00:00,JKH-N-0000,49,289000,,,
2001-11-29 00:00:00,JKH-N-0000,48.5,217400,,,
2001-12-03 00:00:00,JKH-N-0000,49,724100,,,
2001-12-04 00:00:00,JKH-N-0000,47.5,208000,,,
2001-12-05 00:00:00,JKH-N-0000,48.5,248900,,,
2001-12-07 00:00:00,JKH-N-0000,65,1291400,,,
2001-12-10 00:00:00,JKH-N-0000,65.25,5364600,,,
2001-12-11 00:00:00,JKH-N-0000,65,493400,,,
2001-12-12 00:00:00,JKH-N-0000,61.5,275600,,,
2001-12-13 00:00:00,JKH-N-0000,54.75,499800,,,
2001-12-14 00:00:00,JKH-N-0000,56,194200,,,
2001-12-17 00:00:00,JKH-N-0000,56.75,99900,,,
2001-12-18 00:00:00,JKH-N-0000,54,135200,,,
2001-12-19 00:00:00,JKH-N-0000,52,194800,,,
2001-12-20 00:00:00,JKH-N-0000,55,350800,,,
2001-12-21 00:00:00,JKH-N-0000,55,99900,,,
2001-12-27 00:00:00,JKH-N-0000,59,154000,,,
2001-12-28 00:00:00,JKH-N-0000,60,394800,,,
2001-12-31 00:00:00,JKH-N-0000,60.5,202000,,,
2002-01-02 00:00:00,JKH-N-0000,58,34100,,,
2002-01-03 00:00:00,JKH-N-0000,57.75,60400,,,
2002-01-04 00:00:00,JKH-N-0000,56.25,25600,,,
2002-01-07 00:00:00,JKH-N-0000,55,265900,,,
2002-01-08 00:00:00,JKH-N-0000,55,712900,,,
2002-01-09 00:00:00,JKH-N-0000,55,1056800,,,
2002-01-10 00:00:00,JKH-N-0000,54,1025400,,,
2002-01-11 00:00:00,JKH-N-0000,52.75,66500,,,
2002-01-15 00:00:00,JKH-N-0000,50.25,145800,,,
2002-01-16 00:00:00,JKH-N-0000,49.5,40100,,,
2002-01-17 00:00:00,JKH-N-0000,48,134600,,,
2002-01-18 00:00:00,JKH-N-0000,50.25,260700,,,
2002-01-21 00:00:00,JKH-N-0000,50.25,238900,,,
2002-01-22 00:00:00,JKH-N-0000,50,201100,,,
2002-01-23 00:00:00,JKH-N-0000,48.75,8600,,,
2002-01-24 00:00:00,JKH-N-0000,52.5,3988700,,,
2002-01-25 00:00:00,JKH-N-0000,52,135100,,,
2002-01-29 00:00:00,JKH-N-0000,52,80600,,,
2002-01-30 00:00:00,JKH-N-0000,51.5,42500,,,
2002-01-31 00:00:00,JKH-N-0000,50.5,45300,,,
2002-02-01 00:00:00,JKH-N-0000,52,511700,,,
2002-02-05 00:00:00,JKH-N-0000,52,13000,,,
2002-02-06 00:00:00,JKH-N-0000,52,172300,,,
2002-02-07 00:00:00,JKH-N-0000,50,41900,,,
2002-02-08 00:00:00,JKH-N-0000,48.25,130100,,,
2002-02-11 00:00:00,JKH-N-0000,49,18200,,,
2001-01-02 00:00:00,JKL-N-0000,39,200,,,
2001-01-04 00:00:00,JKL-N-0000,40,1000,,,
2001-01-19 00:00:00,JKL-N-0000,40,500,,,
2001-02-02 00:00:00,JKL-N-0000,39.75,200,,,
2001-02-22 00:00:00,JKL-N-0000,41,2100,,,
2001-02-26 00:00:00,JKL-N-0000,40,1000,,,
2001-03-05 00:00:00,JKL-N-0000,39.75,1000,,,
2001-03-16 00:00:00,JKL-N-0000,36.5,100,,,
2001-03-19 00:00:00,JKL-N-0000,36,100,,,
2001-03-20 00:00:00,JKL-N-0000,37,5900,,,
2001-04-04 00:00:00,JKL-N-0000,35,100,,,
2001-04-09 00:00:00,JKL-N-0000,33.75,500,,,
2001-04-16 00:00:00,JKL-N-0000,33.5,500,,,
2001-04-17 00:00:00,JKL-N-0000,40,300,,,
2001-05-03 00:00:00,JKL-N-0000,40,200,,,
2001-05-04 00:00:00,JKL-N-0000,40,200,,,
2001-05-09 00:00:00,JKL-N-0000,40,400,,,
2001-05-10 00:00:00,JKL-N-0000,40.25,100,,,
2001-05-11 00:00:00,JKL-N-0000,40,600,,,
2001-05-17 00:00:00,JKL-N-0000,40,200,,,
2001-05-21 00:00:00,JKL-N-0000,40,300,,,
2001-05-30 00:00:00,JKL-N-0000,38,4000,,,
2001-05-31 00:00:00,JKL-N-0000,38,900,,,
2001-06-06 00:00:00,JKL-N-0000,40,400,,,
2001-06-11 00:00:00,JKL-N-0000,39.25,300,,,
2001-06-12 00:00:00,JKL-N-0000,39.25,200,,,
2001-06-14 00:00:00,JKL-N-0000,39,200,,,
2001-07-09 00:00:00,JKL-N-0000,39,100,,,
2001-07-13 00:00:00,JKL-N-0000,39,500,,,
2001-07-20 00:00:00,JKL-N-0000,38,2800,,,
2001-08-01 00:00:00,JKL-N-0000,36,13200,,,
2001-08-07 00:00:00,JKL-N-0000,34.25,200,,,
2001-08-16 00:00:00,JKL-N-0000,32,300,,,
2001-08-17 00:00:00,JKL-N-0000,32,100,,,
2001-08-21 00:00:00,JKL-N-0000,32,300,,,
2001-08-27 00:00:00,JKL-N-0000,32,100,,,
2001-08-31 00:00:00,JKL-N-0000,33,200,,,
2001-09-03 00:00:00,JKL-N-0000,33.25,100,,,
2001-09-24 00:00:00,JKL-N-0000,32,100,,,
2001-09-27 00:00:00,JKL-N-0000,33.5,200,,,
2001-10-05 00:00:00,JKL-N-0000,35,10300,,,
2001-10-09 00:00:00,JKL-N-0000,35,500,,,
2001-10-11 00:00:00,JKL-N-0000,35,700,,,
2001-10-12 00:00:00,JKL-N-0000,40,100,,,
2001-10-15 00:00:00,JKL-N-0000,40,1100,,,
2001-10-16 00:00:00,JKL-N-0000,36,6000,,,
2001-10-17 00:00:00,JKL-N-0000,37,5000,,,
2001-10-19 00:00:00,JKL-N-0000,37,200,,,
2001-10-24 00:00:00,JKL-N-0000,38,1300,,,
2001-11-01 00:00:00,JKL-N-0000,40,4100,,,
2001-11-02 00:00:00,JKL-N-0000,40,5700,,,
2001-11-05 00:00:00,JKL-N-0000,42,5900,,,
2001-11-06 00:00:00,JKL-N-0000,42,100,,,
2001-11-07 00:00:00,JKL-N-0000,42.5,1100,,,
2001-11-09 00:00:00,JKL-N-0000,42.5,1400,,,
2001-11-12 00:00:00,JKL-N-0000,42.5,76800,,,
2001-11-13 00:00:00,JKL-N-0000,42.5,200,,,
2001-11-14 00:00:00,JKL-N-0000,44,1600,,,
2001-11-15 00:00:00,JKL-N-0000,46,600,,,
2001-11-16 00:00:00,JKL-N-0000,46,2500,,,
2001-11-23 00:00:00,JKL-N-0000,46,500,,,
2001-11-26 00:00:00,JKL-N-0000,46,1000,,,
2001-11-27 00:00:00,JKL-N-0000,46,500,,,
2001-11-28 00:00:00,JKL-N-0000,48,2700,,,
2001-11-29 00:00:00,JKL-N-0000,50,15700,,,
2001-12-03 00:00:00,JKL-N-0000,50,1500,,,
2001-12-04 00:00:00,JKL-N-0000,48.5,200,,,
2001-12-05 00:00:00,JKL-N-0000,48.25,1200,,,
2001-12-07 00:00:00,JKL-N-0000,59,4700,,,
2001-12-10 00:00:00,JKL-N-0000,62,5600,,,
2001-12-11 00:00:00,JKL-N-0000,60,1000,,,
2001-12-12 00:00:00,JKL-N-0000,50.25,1800,,,
2001-12-14 00:00:00,JKL-N-0000,60,3500,,,
2001-12-19 00:00:00,JKL-N-0000,52,1000,,,
2001-12-20 00:00:00,JKL-N-0000,52.25,1000,,,
2001-12-21 00:00:00,JKL-N-0000,52,100,,,
2002-01-02 00:00:00,JKL-N-0000,53,500,,,
2002-01-08 00:00:00,JKL-N-0000,53,1200,,,
2002-01-10 00:00:00,JKL-N-0000,53,400,,,
2002-01-22 00:00:00,JKL-N-0000,52,100,,,
2002-01-24 00:00:00,JKL-N-0000,52,100,,,
2002-01-25 00:00:00,JKL-N-0000,52,800,,,
2002-01-29 00:00:00,JKL-N-0000,57.5,98800,,,
2002-01-31 00:00:00,JKL-N-0000,55,200,,,
2002-02-01 00:00:00,JKL-N-0000,52,1300,,,
2001-01-02 00:00:00,KAHA-N-000,5.75,100,,,
2001-01-03 00:00:00,KAHA-N-000,5.75,6000,,,
2001-01-04 00:00:00,KAHA-N-000,5.75,5300,,,
2001-01-05 00:00:00,KAHA-N-000,5.75,3000,,,
2001-01-08 00:00:00,KAHA-N-000,5.5,3400,,,
2001-01-10 00:00:00,KAHA-N-000,5.5,700,,,
2001-01-12 00:00:00,KAHA-N-000,5.5,7100,,,
2001-01-16 00:00:00,KAHA-N-000,5.5,10100,,,
2001-01-17 00:00:00,KAHA-N-000,5.5,4400,,,
2001-01-18 00:00:00,KAHA-N-000,5.5,13500,,,
2001-01-19 00:00:00,KAHA-N-000,5.5,22400,,,
2001-01-22 00:00:00,KAHA-N-000,5.25,1300,,,
2001-01-23 00:00:00,KAHA-N-000,5.25,2300,,,
2001-01-24 00:00:00,KAHA-N-000,5.5,11100,,,
2001-01-25 00:00:00,KAHA-N-000,5.5,1000,,,
2001-01-26 00:00:00,KAHA-N-000,5,15600,,,
2001-01-29 00:00:00,KAHA-N-000,5,11800,,,
2001-01-30 00:00:00,KAHA-N-000,5,3800,,,
2001-01-31 00:00:00,KAHA-N-000,5.25,400,,,
2001-02-01 00:00:00,KAHA-N-000,5,400,,,
2001-02-02 00:00:00,KAHA-N-000,5,2200,,,
2001-02-08 00:00:00,KAHA-N-000,5,200,,,
2001-02-09 00:00:00,KAHA-N-000,5.25,10000,,,
2001-02-13 00:00:00,KAHA-N-000,5,12500,,,
2001-02-14 00:00:00,KAHA-N-000,5.25,600,,,
2001-02-16 00:00:00,KAHA-N-000,5,4300,,,
2001-02-19 00:00:00,KAHA-N-000,5,900,,,
2001-02-20 00:00:00,KAHA-N-000,5,500,,,
2001-02-21 00:00:00,KAHA-N-000,5,5500,,,
2001-02-23 00:00:00,KAHA-N-000,5,3300,,,
2001-02-26 00:00:00,KAHA-N-000,5,5000,,,
2001-02-27 00:00:00,KAHA-N-000,5,9200,,,
2001-02-28 00:00:00,KAHA-N-000,5,700,,,
2001-03-01 00:00:00,KAHA-N-000,5.25,4500,,,
2001-03-02 00:00:00,KAHA-N-000,5,1000,,,
2001-03-06 00:00:00,KAHA-N-000,5.25,11200,,,
2001-03-07 00:00:00,KAHA-N-000,5,700,,,
2001-03-08 00:00:00,KAHA-N-000,5,4900,,,
2001-03-12 00:00:00,KAHA-N-000,5,7800,,,
2001-03-13 00:00:00,KAHA-N-000,5,1500,,,
2001-03-14 00:00:00,KAHA-N-000,5,500,,,
2001-03-15 00:00:00,KAHA-N-000,5,6100,,,
2001-03-16 00:00:00,KAHA-N-000,5,1800,,,
2001-03-19 00:00:00,KAHA-N-000,5,1600,,,
2001-03-20 00:00:00,KAHA-N-000,4.75,1600,,,
2001-03-21 00:00:00,KAHA-N-000,4.75,500,,,
2001-03-22 00:00:00,KAHA-N-000,4.75,1100,,,
2001-03-23 00:00:00,KAHA-N-000,5,300,,,
2001-03-27 00:00:00,KAHA-N-000,4.75,4700,,,
2001-03-30 00:00:00,KAHA-N-000,4.5,2800,,,
2001-04-02 00:00:00,KAHA-N-000,4.75,500,,,
2001-04-03 00:00:00,KAHA-N-000,4.75,6200,,,
2001-04-05 00:00:00,KAHA-N-000,4.75,700,,,
2001-04-09 00:00:00,KAHA-N-000,4.5,300,,,
2001-04-10 00:00:00,KAHA-N-000,4.5,1000,,,
2001-04-11 00:00:00,KAHA-N-000,4.5,400,,,
2001-04-17 00:00:00,KAHA-N-000,4.5,500,,,
2001-04-18 00:00:00,KAHA-N-000,4.5,500,,,
2001-04-19 00:00:00,KAHA-N-000,4.5,5000,,,
2001-04-20 00:00:00,KAHA-N-000,4.5,1200,,,
2001-04-23 00:00:00,KAHA-N-000,4.25,100,,,
2001-04-24 00:00:00,KAHA-N-000,4.5,300,,,
2001-04-27 00:00:00,KAHA-N-000,4.5,2600,,,
2001-04-30 00:00:00,KAHA-N-000,4.5,1000,,,
2001-05-10 00:00:00,KAHA-N-000,4.5,600,,,
2001-05-15 00:00:00,KAHA-N-000,4.25,600,,,
2001-05-18 00:00:00,KAHA-N-000,4.5,800,,,
2001-05-21 00:00:00,KAHA-N-000,4.75,7400,,,
2001-05-23 00:00:00,KAHA-N-000,4.5,3300,,,
2001-05-24 00:00:00,KAHA-N-000,4.5,34800,,,
2001-05-25 00:00:00,KAHA-N-000,4.75,7700,,,
2001-05-30 00:00:00,KAHA-N-000,4.5,700,,,
2001-05-31 00:00:00,KAHA-N-000,4.5,700,,,
2001-06-01 00:00:00,KAHA-N-000,4.5,3200,,,
2001-06-07 00:00:00,KAHA-N-000,4.5,200,,,
2001-06-11 00:00:00,KAHA-N-000,4.25,1900,,,
2001-06-12 00:00:00,KAHA-N-000,4.25,3900,,,
2001-06-13 00:00:00,KAHA-N-000,4.25,100,,,
2001-06-14 00:00:00,KAHA-N-000,4,4500,,,
2001-06-18 00:00:00,KAHA-N-000,4,5200,,,
2001-06-19 00:00:00,KAHA-N-000,4,100,,,
2001-06-20 00:00:00,KAHA-N-000,4.5,1000,,,
2001-06-21 00:00:00,KAHA-N-000,5,18300,,,
2001-06-22 00:00:00,KAHA-N-000,5.5,13700,,,
2001-06-25 00:00:00,KAHA-N-000,4.75,4300,,,
2001-06-26 00:00:00,KAHA-N-000,4.25,16000,,,
2001-06-28 00:00:00,KAHA-N-000,4.25,9500,,,
2001-06-29 00:00:00,KAHA-N-000,4.5,5000,,,
2001-07-02 00:00:00,KAHA-N-000,4.5,7000,,,
2001-07-03 00:00:00,KAHA-N-000,4.25,9300,,,
2001-07-06 00:00:00,KAHA-N-000,4.5,2700,,,
2001-07-09 00:00:00,KAHA-N-000,4.5,1400,,,
2001-07-10 00:00:00,KAHA-N-000,4.75,2800,,,
2001-07-11 00:00:00,KAHA-N-000,4.5,10100,,,
2001-07-12 00:00:00,KAHA-N-000,4.5,8700,,,
2001-07-13 00:00:00,KAHA-N-000,4.5,1600,,,
2001-07-16 00:00:00,KAHA-N-000,4.75,700,,,
2001-07-17 00:00:00,KAHA-N-000,4.5,7900,,,
2001-07-18 00:00:00,KAHA-N-000,4.25,800,,,
2001-07-19 00:00:00,KAHA-N-000,4.25,2100,,,
2001-07-23 00:00:00,KAHA-N-000,4.25,6900,,,
2001-07-24 00:00:00,KAHA-N-000,4,15300,,,
2001-07-25 00:00:00,KAHA-N-000,4.25,4500,,,
2001-07-26 00:00:00,KAHA-N-000,4.25,2800,,,
2001-07-27 00:00:00,KAHA-N-000,4.25,600,,,
2001-07-30 00:00:00,KAHA-N-000,4.25,1000,,,
2001-08-02 00:00:00,KAHA-N-000,4.25,100,,,
2001-08-06 00:00:00,KAHA-N-000,4.25,300,,,
2001-08-07 00:00:00,KAHA-N-000,4.25,1600,,,
2001-08-08 00:00:00,KAHA-N-000,4.5,11200,,,
2001-08-09 00:00:00,KAHA-N-000,4.5,1200,,,
2001-08-10 00:00:00,KAHA-N-000,4.25,6600,,,
2001-08-13 00:00:00,KAHA-N-000,4.25,36900,,,
2001-08-14 00:00:00,KAHA-N-000,4.25,9400,,,
2001-08-15 00:00:00,KAHA-N-000,4.25,3700,,,
2001-08-16 00:00:00,KAHA-N-000,4.25,10800,,,
2001-08-20 00:00:00,KAHA-N-000,4,2100,,,
2001-08-21 00:00:00,KAHA-N-000,4.25,1500,,,
2001-08-22 00:00:00,KAHA-N-000,4.25,100,,,
2001-08-24 00:00:00,KAHA-N-000,4.25,100,,,
2001-08-28 00:00:00,KAHA-N-000,4.25,1600,,,
2001-08-29 00:00:00,KAHA-N-000,4.25,1100,,,
2001-08-30 00:00:00,KAHA-N-000,4.25,700,,,
2001-08-31 00:00:00,KAHA-N-000,4.25,500,,,
2001-09-04 00:00:00,KAHA-N-000,4.5,3500,,,
2001-09-12 00:00:00,KAHA-N-000,4,1000,,,
2001-09-13 00:00:00,KAHA-N-000,4,500,,,
2001-09-14 00:00:00,KAHA-N-000,4,1800,,,
2001-09-18 00:00:00,KAHA-N-000,4,1400,,,
2001-09-21 00:00:00,KAHA-N-000,4,200,,,
2001-09-24 00:00:00,KAHA-N-000,4,2500,,,
2001-09-26 00:00:00,KAHA-N-000,4,500,,,
2001-09-27 00:00:00,KAHA-N-000,4,8600,,,
2001-09-28 00:00:00,KAHA-N-000,4,1900,,,
2001-10-03 00:00:00,KAHA-N-000,4,100,,,
2001-10-08 00:00:00,KAHA-N-000,4,1000,,,
2001-10-09 00:00:00,KAHA-N-000,4.5,14700,,,
2001-10-10 00:00:00,KAHA-N-000,4.75,35400,,,
2001-10-11 00:00:00,KAHA-N-000,5.25,43100,,,
2001-10-12 00:00:00,KAHA-N-000,5.25,13600,,,
2001-10-15 00:00:00,KAHA-N-000,5,19600,,,
2001-10-16 00:00:00,KAHA-N-000,4.5,1700,,,
2001-10-17 00:00:00,KAHA-N-000,4.75,500,,,
2001-10-18 00:00:00,KAHA-N-000,5.25,11400,,,
2001-10-19 00:00:00,KAHA-N-000,5,3200,,,
2001-10-22 00:00:00,KAHA-N-000,5,5000,,,
2001-10-23 00:00:00,KAHA-N-000,5,6500,,,
2001-10-24 00:00:00,KAHA-N-000,5,16000,,,
2001-10-29 00:00:00,KAHA-N-000,5,8500,,,
2001-10-30 00:00:00,KAHA-N-000,5,6000,,,
2001-11-01 00:00:00,KAHA-N-000,4.75,3400,,,
2001-11-02 00:00:00,KAHA-N-000,4.75,3800,,,
2001-11-05 00:00:00,KAHA-N-000,4.75,400,,,
2001-11-06 00:00:00,KAHA-N-000,4.5,4900,,,
2001-11-07 00:00:00,KAHA-N-000,4.5,6900,,,
2001-11-08 00:00:00,KAHA-N-000,4.5,300,,,
2001-11-09 00:00:00,KAHA-N-000,4.5,200,,,
2001-11-12 00:00:00,KAHA-N-000,4.75,1000,,,
2001-11-13 00:00:00,KAHA-N-000,4.5,2400,,,
2001-11-14 00:00:00,KAHA-N-000,5,2000,,,
2001-11-15 00:00:00,KAHA-N-000,5,16200,,,
2001-11-16 00:00:00,KAHA-N-000,5.5,37400,,,
2001-11-19 00:00:00,KAHA-N-000,6.25,40300,,,
2001-11-20 00:00:00,KAHA-N-000,6,52700,,,
2001-11-21 00:00:00,KAHA-N-000,6.25,12400,,,
2001-11-22 00:00:00,KAHA-N-000,6.75,102700,,,
2001-11-23 00:00:00,KAHA-N-000,6.5,191000,,,
2001-11-26 00:00:00,KAHA-N-000,6.5,25700,,,
2001-11-27 00:00:00,KAHA-N-000,6.5,6400,,,
2001-11-28 00:00:00,KAHA-N-000,7,99800,,,
2001-11-29 00:00:00,KAHA-N-000,7,84500,,,
2001-12-03 00:00:00,KAHA-N-000,6.5,32000,,,
2001-12-04 00:00:00,KAHA-N-000,6.75,87700,,,
2001-12-05 00:00:00,KAHA-N-000,6.75,21300,,,
2001-12-07 00:00:00,KAHA-N-000,9,195100,,,
2001-12-10 00:00:00,KAHA-N-000,9.75,161100,,,
2001-12-11 00:00:00,KAHA-N-000,9.25,115200,,,
2001-12-12 00:00:00,KAHA-N-000,9,38900,,,
2001-12-13 00:00:00,KAHA-N-000,7.5,36900,,,
2001-12-14 00:00:00,KAHA-N-000,8,37300,,,
2001-12-17 00:00:00,KAHA-N-000,8,29500,,,
2001-12-18 00:00:00,KAHA-N-000,7.5,20900,,,
2001-12-19 00:00:00,KAHA-N-000,6.75,44700,,,
2001-12-21 00:00:00,KAHA-N-000,7.5,5400,,,
2001-12-27 00:00:00,KAHA-N-000,7.75,34600,,,
2001-12-28 00:00:00,KAHA-N-000,7.75,9300,,,
2001-12-31 00:00:00,KAHA-N-000,7.75,25400,,,
2002-01-02 00:00:00,KAHA-N-000,7.5,13200,,,
2002-01-03 00:00:00,KAHA-N-000,7.25,1000,,,
2002-01-04 00:00:00,KAHA-N-000,7.25,25200,,,
2002-01-07 00:00:00,KAHA-N-000,7.25,3000,,,
2002-01-08 00:00:00,KAHA-N-000,6.75,43900,,,
2002-01-09 00:00:00,KAHA-N-000,6.75,19800,,,
2002-01-10 00:00:00,KAHA-N-000,6.5,19700,,,
2002-01-11 00:00:00,KAHA-N-000,6.25,16800,,,
2002-01-15 00:00:00,KAHA-N-000,6.25,28600,,,
2002-01-17 00:00:00,KAHA-N-000,5.5,30700,,,
2002-01-18 00:00:00,KAHA-N-000,6.5,31100,,,
2002-01-21 00:00:00,KAHA-N-000,6.25,61700,,,
2002-01-22 00:00:00,KAHA-N-000,6.25,20200,,,
2002-01-23 00:00:00,KAHA-N-000,6.25,600,,,
2002-01-24 00:00:00,KAHA-N-000,6.5,26400,,,
2002-01-25 00:00:00,KAHA-N-000,6.25,2000,,,
2002-01-29 00:00:00,KAHA-N-000,6.25,11600,,,
2002-01-30 00:00:00,KAHA-N-000,6,15000,,,
2002-01-31 00:00:00,KAHA-N-000,6.25,7300,,,
2002-02-01 00:00:00,KAHA-N-000,6.25,13100,,,
2002-02-05 00:00:00,KAHA-N-000,6,4100,,,
2002-02-06 00:00:00,KAHA-N-000,6.25,37800,,,
2002-02-07 00:00:00,KAHA-N-000,6.25,11000,,,
2002-02-08 00:00:00,KAHA-N-000,6.25,8100,,,
2002-02-11 00:00:00,KAHA-N-000,6.5,1700,,,
2001-07-25 00:00:00,KZOO-N-000,100,5500,,,
2001-05-17 00:00:00,KHC-N-0000,16.5,100,,,
2001-05-29 00:00:00,KHC-N-0000,16.5,100,,,
2001-10-24 00:00:00,KHC-N-0000,16.5,100,,,
2001-12-07 00:00:00,KHC-N-0000,16.5,100,,,
2001-02-19 00:00:00,KINN-N-000,20,100,,,
2001-02-26 00:00:00,KINN-N-000,20,200,,,
2001-04-02 00:00:00,KINN-N-000,19,200,,,
2001-04-10 00:00:00,KINN-N-000,19,100,,,
2001-04-17 00:00:00,KINN-N-000,19,400,,,
2001-05-09 00:00:00,KINN-N-000,19.25,200,,,
2001-05-10 00:00:00,KINN-N-000,19.25,100,,,
2001-05-11 00:00:00,KINN-N-000,19.25,400,,,
2001-06-12 00:00:00,KINN-N-000,19.25,100,,,
2001-06-13 00:00:00,KINN-N-000,19.25,54000,,,
2001-06-14 00:00:00,KINN-N-000,19.25,1000,,,
2001-07-02 00:00:00,KINN-N-000,20,300,,,
2001-07-06 00:00:00,KINN-N-000,17,44400,,,
2001-07-12 00:00:00,KINN-N-000,17,3000,,,
2001-07-18 00:00:00,KINN-N-000,17,1200,,,
2001-07-24 00:00:00,KINN-N-000,17,200,,,
2001-07-25 00:00:00,KINN-N-000,17,1000,,,
2001-08-10 00:00:00,KINN-N-000,15,100,,,
2001-08-16 00:00:00,KINN-N-000,13,200,,,
2001-08-17 00:00:00,KINN-N-000,13,400,,,
2001-11-01 00:00:00,KINN-N-000,13,1200,,,
2001-11-02 00:00:00,KINN-N-000,13,500,,,
2001-11-20 00:00:00,KINN-N-000,13,1900,,,
2001-11-26 00:00:00,KINN-N-000,13,800,,,
2002-01-23 00:00:00,KINN-N-000,13,300,,,
2002-01-24 00:00:00,KINN-N-000,13,4100,,,
2002-01-31 00:00:00,KINN-N-000,13,1200,,,
2002-02-01 00:00:00,KINN-N-000,13.25,200,,,
2001-01-26 00:00:00,KAPI-N-000,2.75,500,,,
2001-03-06 00:00:00,KAPI-N-000,3.25,800,,,
2001-03-07 00:00:00,KAPI-N-000,3,200,,,
2001-03-08 00:00:00,KAPI-N-000,3.25,200,,,
2001-03-15 00:00:00,KAPI-N-000,4.5,200,,,
2001-03-22 00:00:00,KAPI-N-000,3.5,10000,,,
2001-03-23 00:00:00,KAPI-N-000,3.75,4300,,,
2001-03-26 00:00:00,KAPI-N-000,3.5,1000,,,
2001-04-09 00:00:00,KAPI-N-000,4.5,3200,,,
2001-04-10 00:00:00,KAPI-N-000,4.5,3000,,,
2001-04-16 00:00:00,KAPI-N-000,4.5,10300,,,
2001-04-17 00:00:00,KAPI-N-000,4.25,1000,,,
2001-04-18 00:00:00,KAPI-N-000,4,14000,,,
2001-04-19 00:00:00,KAPI-N-000,4,1600,,,
2001-04-26 00:00:00,KAPI-N-000,4,1000,,,
2001-06-13 00:00:00,KAPI-N-000,3.75,10000,,,
2001-06-22 00:00:00,KAPI-N-000,3.5,17700,,,
2001-07-30 00:00:00,KAPI-N-000,3.5,500,,,
2001-08-01 00:00:00,KAPI-N-000,4,10000,,,
2001-08-10 00:00:00,KAPI-N-000,4,100,,,
2001-10-16 00:00:00,KAPI-N-000,4,13700,,,
2001-10-22 00:00:00,KAPI-N-000,4.25,1000,,,
2001-10-25 00:00:00,KAPI-N-000,4.25,500,,,
2001-11-01 00:00:00,KAPI-N-000,4.25,1000,,,
2001-11-15 00:00:00,KAPI-N-000,4,20000,,,
2001-11-19 00:00:00,KAPI-N-000,4.5,1000,,,
2001-11-21 00:00:00,KAPI-N-000,5,19600,,,
2001-11-22 00:00:00,KAPI-N-000,5.5,6900,,,
2001-11-23 00:00:00,KAPI-N-000,5.5,2000,,,
2001-11-27 00:00:00,KAPI-N-000,5,1000,,,
2001-11-29 00:00:00,KAPI-N-000,5,4000,,,
2001-12-04 00:00:00,KAPI-N-000,6,15000,,,
2001-12-07 00:00:00,KAPI-N-000,6.5,1400,,,
2001-12-10 00:00:00,KAPI-N-000,8,4500,,,
2001-12-11 00:00:00,KAPI-N-000,8,500,,,
2001-12-13 00:00:00,KAPI-N-000,6,2000,,,
2001-12-14 00:00:00,KAPI-N-000,6.25,3300,,,
2001-12-18 00:00:00,KAPI-N-000,4.25,100,,,
2001-12-21 00:00:00,KAPI-N-000,4.5,400,,,
2002-01-03 00:00:00,KAPI-N-000,15,1555400,,,
2002-01-04 00:00:00,KAPI-N-000,12.5,39800,,,
2002-01-07 00:00:00,KAPI-N-000,12.5,27900,,,
2002-01-08 00:00:00,KAPI-N-000,9.5,1000,,,
2002-01-09 00:00:00,KAPI-N-000,13.5,123000,,,
2002-01-10 00:00:00,KAPI-N-000,14,161400,,,
2002-01-11 00:00:00,KAPI-N-000,13.5,263300,,,
2002-01-15 00:00:00,KAPI-N-000,13,99600,,,
2002-01-16 00:00:00,KAPI-N-000,12.5,165600,,,
2002-01-17 00:00:00,KAPI-N-000,9,3500,,,
2002-01-18 00:00:00,KAPI-N-000,12.5,112600,,,
2002-01-21 00:00:00,KAPI-N-000,12,25100,,,
2002-01-22 00:00:00,KAPI-N-000,12.25,600,,,
2002-01-23 00:00:00,KAPI-N-000,12,161500,,,
2002-01-24 00:00:00,KAPI-N-000,12.25,58000,,,
2002-01-25 00:00:00,KAPI-N-000,12.5,309300,,,
2002-01-29 00:00:00,KAPI-N-000,12.75,6200,,,
2002-01-30 00:00:00,KAPI-N-000,13,13500,,,
2002-01-31 00:00:00,KAPI-N-000,13,97500,,,
2002-02-01 00:00:00,KAPI-N-000,13,5300,,,
2002-02-05 00:00:00,KAPI-N-000,13.5,67600,,,
2002-02-06 00:00:00,KAPI-N-000,13.5,20700,,,
2002-02-07 00:00:00,KAPI-N-000,13.75,47000,,,
2002-02-08 00:00:00,KAPI-N-000,13.75,36600,,,
2002-02-11 00:00:00,KAPI-N-000,14,40700,,,
2001-01-03 00:00:00,KFP-N-0000,12.75,1500,,,
2001-01-04 00:00:00,KFP-N-0000,13,2000,,,
2001-01-05 00:00:00,KFP-N-0000,13,500,,,
2001-01-08 00:00:00,KFP-N-0000,13,4500,,,
2001-01-10 00:00:00,KFP-N-0000,13.75,3200,,,
2001-01-11 00:00:00,KFP-N-0000,13.75,1600,,,
2001-01-12 00:00:00,KFP-N-0000,13,4600,,,
2001-01-16 00:00:00,KFP-N-0000,12.75,8200,,,
2001-01-17 00:00:00,KFP-N-0000,12.75,500,,,
2001-01-18 00:00:00,KFP-N-0000,12.75,1300,,,
2001-01-19 00:00:00,KFP-N-0000,12.75,5600,,,
2001-01-22 00:00:00,KFP-N-0000,12.75,2000,,,
2001-01-23 00:00:00,KFP-N-0000,12.75,1900,,,
2001-01-24 00:00:00,KFP-N-0000,13,6200,,,
2001-01-30 00:00:00,KFP-N-0000,13,300,,,
2001-02-01 00:00:00,KFP-N-0000,13.75,1400,,,
2001-02-02 00:00:00,KFP-N-0000,13.75,500,,,
2001-02-16 00:00:00,KFP-N-0000,14,200,,,
2001-02-20 00:00:00,KFP-N-0000,15,1300,,,
2001-02-21 00:00:00,KFP-N-0000,15,300,,,
2001-02-22 00:00:00,KFP-N-0000,15,400,,,
2001-02-26 00:00:00,KFP-N-0000,13,500,,,
2001-02-28 00:00:00,KFP-N-0000,14,1100,,,
2001-03-05 00:00:00,KFP-N-0000,14,200,,,
2001-03-07 00:00:00,KFP-N-0000,14,1100,,,
2001-03-08 00:00:00,KFP-N-0000,14,1500,,,
2001-03-14 00:00:00,KFP-N-0000,13.75,1000,,,
2001-03-16 00:00:00,KFP-N-0000,13.75,500,,,
2001-03-19 00:00:00,KFP-N-0000,13.25,500,,,
2001-03-21 00:00:00,KFP-N-0000,13,1700,,,
2001-03-23 00:00:00,KFP-N-0000,13,400,,,
2001-03-27 00:00:00,KFP-N-0000,12.5,3900,,,
2001-04-02 00:00:00,KFP-N-0000,12.25,200,,,
2001-04-04 00:00:00,KFP-N-0000,12.25,400,,,
2001-04-06 00:00:00,KFP-N-0000,12.25,1000,,,
2001-04-09 00:00:00,KFP-N-0000,12.25,300,,,
2001-04-17 00:00:00,KFP-N-0000,13,500,,,
2001-05-03 00:00:00,KFP-N-0000,13.5,1400,,,
2001-05-09 00:00:00,KFP-N-0000,13.5,1100,,,
2001-05-10 00:00:00,KFP-N-0000,13.5,800,,,
2001-05-16 00:00:00,KFP-N-0000,13.5,100,,,
2001-05-21 00:00:00,KFP-N-0000,13.5,900,,,
2001-05-25 00:00:00,KFP-N-0000,13.75,1500,,,
2001-05-28 00:00:00,KFP-N-0000,14,3000,,,
2001-05-29 00:00:00,KFP-N-0000,14,1500,,,
2001-05-30 00:00:00,KFP-N-0000,14,5600,,,
2001-05-31 00:00:00,KFP-N-0000,14.5,500,,,
2001-06-04 00:00:00,KFP-N-0000,14.5,500,,,
2001-06-06 00:00:00,KFP-N-0000,14.75,200,,,
2001-06-07 00:00:00,KFP-N-0000,14.75,500,,,
2001-06-12 00:00:00,KFP-N-0000,14,200,,,
2001-06-13 00:00:00,KFP-N-0000,14,21600,,,
2001-06-15 00:00:00,KFP-N-0000,14.25,500,,,
2001-07-02 00:00:00,KFP-N-0000,13,2500,,,
2001-07-10 00:00:00,KFP-N-0000,13.25,400,,,
2001-07-18 00:00:00,KFP-N-0000,13.75,100,,,
2001-07-20 00:00:00,KFP-N-0000,13.75,1000,,,
2001-07-23 00:00:00,KFP-N-0000,13.75,500,,,
2001-08-01 00:00:00,KFP-N-0000,13.75,1000,,,
2001-08-06 00:00:00,KFP-N-0000,13.5,500,,,
2001-08-09 00:00:00,KFP-N-0000,13.5,200,,,
2001-08-23 00:00:00,KFP-N-0000,10,200,,,
2001-09-04 00:00:00,KFP-N-0000,9,100,,,
2001-09-20 00:00:00,KFP-N-0000,10.25,300,,,
2001-09-24 00:00:00,KFP-N-0000,10.25,300,,,
2001-10-11 00:00:00,KFP-N-0000,15,5100,,,
2001-10-12 00:00:00,KFP-N-0000,12.75,800,,,
2001-10-15 00:00:00,KFP-N-0000,12.5,800,,,
2001-10-16 00:00:00,KFP-N-0000,12.5,5100,,,
2001-10-17 00:00:00,KFP-N-0000,12.5,2900,,,
2001-10-18 00:00:00,KFP-N-0000,12.5,600,,,
2001-10-19 00:00:00,KFP-N-0000,12.5,7200,,,
2001-10-22 00:00:00,KFP-N-0000,12.5,1000,,,
2001-10-25 00:00:00,KFP-N-0000,13,1500,,,
2001-10-29 00:00:00,KFP-N-0000,13.75,1200,,,
2001-11-01 00:00:00,KFP-N-0000,13,1300,,,
2001-11-02 00:00:00,KFP-N-0000,13.5,5200,,,
2001-11-06 00:00:00,KFP-N-0000,13.5,1100,,,
2001-11-08 00:00:00,KFP-N-0000,14,1600,,,
2001-11-12 00:00:00,KFP-N-0000,14,2500,,,
2001-11-13 00:00:00,KFP-N-0000,13.75,2000,,,
2001-11-16 00:00:00,KFP-N-0000,14.5,700,,,
2001-11-19 00:00:00,KFP-N-0000,15,500,,,
2001-11-20 00:00:00,KFP-N-0000,14.75,6000,,,
2001-11-21 00:00:00,KFP-N-0000,14.75,500,,,
2001-11-22 00:00:00,KFP-N-0000,14.75,5000,,,
2001-11-27 00:00:00,KFP-N-0000,12,1200,,,
2001-11-29 00:00:00,KFP-N-0000,13,67600,,,
2001-12-03 00:00:00,KFP-N-0000,13.25,12500,,,
2001-12-05 00:00:00,KFP-N-0000,13.5,5000,,,
2001-12-07 00:00:00,KFP-N-0000,15,5900,,,
2001-12-10 00:00:00,KFP-N-0000,16.75,2200,,,
2001-12-11 00:00:00,KFP-N-0000,14.5,6000,,,
2001-12-12 00:00:00,KFP-N-0000,15.25,8000,,,
2001-12-14 00:00:00,KFP-N-0000,15.25,500,,,
2001-12-19 00:00:00,KFP-N-0000,14,1000,,,
2001-12-27 00:00:00,KFP-N-0000,15,24700,,,
2001-12-28 00:00:00,KFP-N-0000,13,100,,,
2001-12-31 00:00:00,KFP-N-0000,14.25,1900,,,
2002-01-03 00:00:00,KFP-N-0000,13.75,5000,,,
2002-01-07 00:00:00,KFP-N-0000,13.75,1300,,,
2002-01-08 00:00:00,KFP-N-0000,14,500,,,
2002-01-16 00:00:00,KFP-N-0000,13.25,13400,,,
2002-01-17 00:00:00,KFP-N-0000,13.5,1000,,,
2002-01-21 00:00:00,KFP-N-0000,13,17000,,,
2002-01-31 00:00:00,KFP-N-0000,13,500,,,
2002-02-08 00:00:00,KFP-N-0000,12.75,100,,,
2002-02-11 00:00:00,KFP-N-0000,12.5,5300,,,
2001-01-02 00:00:00,KGAL-N-000,11.5,900,,,
2001-01-03 00:00:00,KGAL-N-000,11.5,1000,,,
2001-01-08 00:00:00,KGAL-N-000,10.5,2000,,,
2001-01-10 00:00:00,KGAL-N-000,10.5,1000,,,
2001-01-12 00:00:00,KGAL-N-000,10.75,1600,,,
2001-01-18 00:00:00,KGAL-N-000,10.5,3000,,,
2001-01-22 00:00:00,KGAL-N-000,10.25,500,,,
2001-01-23 00:00:00,KGAL-N-000,10.5,7000,,,
2001-01-24 00:00:00,KGAL-N-000,10.5,200,,,
2001-01-25 00:00:00,KGAL-N-000,10.25,1500,,,
2001-01-29 00:00:00,KGAL-N-000,9.5,1700,,,
2001-01-30 00:00:00,KGAL-N-000,10.25,1000,,,
2001-01-31 00:00:00,KGAL-N-000,9.5,2000,,,
2001-02-01 00:00:00,KGAL-N-000,9.5,1500,,,
2001-02-08 00:00:00,KGAL-N-000,9.5,3000,,,
2001-02-09 00:00:00,KGAL-N-000,9.5,3000,,,
2001-02-12 00:00:00,KGAL-N-000,9.5,2000,,,
2001-02-13 00:00:00,KGAL-N-000,9.5,1500,,,
2001-02-16 00:00:00,KGAL-N-000,9.5,2000,,,
2001-02-19 00:00:00,KGAL-N-000,9.5,4100,,,
2001-02-20 00:00:00,KGAL-N-000,10,5200,,,
2001-02-21 00:00:00,KGAL-N-000,9.75,1000,,,
2001-02-22 00:00:00,KGAL-N-000,9.75,5000,,,
2001-02-23 00:00:00,KGAL-N-000,9.75,3000,,,
2001-02-26 00:00:00,KGAL-N-000,9.5,1000,,,
2001-02-28 00:00:00,KGAL-N-000,9.75,8300,,,
2001-03-02 00:00:00,KGAL-N-000,9.5,41000,,,
2001-03-05 00:00:00,KGAL-N-000,9.5,1000,,,
2001-03-07 00:00:00,KGAL-N-000,9.5,300,,,
2001-03-08 00:00:00,KGAL-N-000,9.75,5500,,,
2001-03-13 00:00:00,KGAL-N-000,9,2000,,,
2001-03-14 00:00:00,KGAL-N-000,9,1500,,,
2001-03-15 00:00:00,KGAL-N-000,9,5000,,,
2001-03-16 00:00:00,KGAL-N-000,9.25,5200,,,
2001-03-19 00:00:00,KGAL-N-000,9,6300,,,
2001-03-20 00:00:00,KGAL-N-000,9,1200,,,
2001-03-26 00:00:00,KGAL-N-000,8.75,3000,,,
2001-03-27 00:00:00,KGAL-N-000,8.75,500,,,
2001-03-28 00:00:00,KGAL-N-000,8,1000,,,
2001-03-29 00:00:00,KGAL-N-000,8.5,500,,,
2001-03-30 00:00:00,KGAL-N-000,8.5,200,,,
2001-04-02 00:00:00,KGAL-N-000,8.5,300,,,
2001-04-03 00:00:00,KGAL-N-000,8,5700,,,
2001-04-04 00:00:00,KGAL-N-000,7.5,5400,,,
2001-04-05 00:00:00,KGAL-N-000,8,100,,,
2001-04-06 00:00:00,KGAL-N-000,8,1800,,,
2001-04-09 00:00:00,KGAL-N-000,8,500,,,
2001-04-11 00:00:00,KGAL-N-000,8,300,,,
2001-04-16 00:00:00,KGAL-N-000,8,1000,,,
2001-04-17 00:00:00,KGAL-N-000,8,2100,,,
2001-04-19 00:00:00,KGAL-N-000,7.25,13200,,,
2001-04-20 00:00:00,KGAL-N-000,7.25,30600,,,
2001-04-25 00:00:00,KGAL-N-000,7.5,1300,,,
2001-04-30 00:00:00,KGAL-N-000,7.5,5500,,,
2001-05-04 00:00:00,KGAL-N-000,7.5,500,,,
2001-05-14 00:00:00,KGAL-N-000,7.5,1000,,,
2001-05-17 00:00:00,KGAL-N-000,7.5,10800,,,
2001-05-18 00:00:00,KGAL-N-000,7.5,10100,,,
2001-05-21 00:00:00,KGAL-N-000,7.75,1000,,,
2001-05-23 00:00:00,KGAL-N-000,7.5,2600,,,
2001-05-28 00:00:00,KGAL-N-000,7.5,1000,,,
2001-05-29 00:00:00,KGAL-N-000,7.5,500,,,
2001-05-30 00:00:00,KGAL-N-000,7.5,6300,,,
2001-06-01 00:00:00,KGAL-N-000,7.5,7200,,,
2001-06-04 00:00:00,KGAL-N-000,7.5,2300,,,
2001-06-06 00:00:00,KGAL-N-000,7.5,100,,,
2001-06-08 00:00:00,KGAL-N-000,7.5,100,,,
2001-06-15 00:00:00,KGAL-N-000,7.5,100,,,
2001-06-20 00:00:00,KGAL-N-000,7,1000,,,
2001-06-21 00:00:00,KGAL-N-000,7.5,200,,,
2001-07-09 00:00:00,KGAL-N-000,7.25,4000,,,
2001-07-10 00:00:00,KGAL-N-000,8,3400,,,
2001-07-11 00:00:00,KGAL-N-000,7.5,3100,,,
2001-07-23 00:00:00,KGAL-N-000,7,5400,,,
2001-07-24 00:00:00,KGAL-N-000,6.75,800,,,
2001-08-01 00:00:00,KGAL-N-000,6.75,100,,,
2001-08-06 00:00:00,KGAL-N-000,6.75,13100,,,
2001-08-07 00:00:00,KGAL-N-000,6.75,100,,,
2001-08-08 00:00:00,KGAL-N-000,6.75,6300,,,
2001-08-10 00:00:00,KGAL-N-000,6,89000,,,
2001-08-13 00:00:00,KGAL-N-000,6.25,300,,,
2001-08-14 00:00:00,KGAL-N-000,6,2500,,,
2001-08-15 00:00:00,KGAL-N-000,6,6500,,,
2001-08-16 00:00:00,KGAL-N-000,5.75,2900,,,
2001-08-17 00:00:00,KGAL-N-000,5.75,700,,,
2001-08-20 00:00:00,KGAL-N-000,6,2000,,,
2001-08-21 00:00:00,KGAL-N-000,6,1200,,,
2001-08-23 00:00:00,KGAL-N-000,5.25,9200,,,
2001-08-27 00:00:00,KGAL-N-000,5.75,2500,,,
2001-08-29 00:00:00,KGAL-N-000,6,7000,,,
2001-08-30 00:00:00,KGAL-N-000,6,1000,,,
2001-09-03 00:00:00,KGAL-N-000,6,5200,,,
2001-09-04 00:00:00,KGAL-N-000,5.75,4500,,,
2001-09-05 00:00:00,KGAL-N-000,5.75,400,,,
2001-09-07 00:00:00,KGAL-N-000,6,6400,,,
2001-09-10 00:00:00,KGAL-N-000,6,1000,,,
2001-09-13 00:00:00,KGAL-N-000,5.75,1000,,,
2001-09-17 00:00:00,KGAL-N-000,5.75,400,,,
2001-09-19 00:00:00,KGAL-N-000,5.75,1900,,,
2001-09-20 00:00:00,KGAL-N-000,5.75,1600,,,
2001-09-25 00:00:00,KGAL-N-000,5.75,200,,,
2001-10-08 00:00:00,KGAL-N-000,6,3000,,,
2001-10-09 00:00:00,KGAL-N-000,6,4800,,,
2001-10-10 00:00:00,KGAL-N-000,6.25,17400,,,
2001-10-11 00:00:00,KGAL-N-000,7,11800,,,
2001-10-12 00:00:00,KGAL-N-000,7,8700,,,
2001-10-15 00:00:00,KGAL-N-000,6.75,32500,,,
2001-10-16 00:00:00,KGAL-N-000,7.75,1500,,,
2001-10-18 00:00:00,KGAL-N-000,7,2200,,,
2001-10-19 00:00:00,KGAL-N-000,7,8000,,,
2001-10-22 00:00:00,KGAL-N-000,7.25,12600,,,
2001-10-23 00:00:00,KGAL-N-000,7,3200,,,
2001-10-24 00:00:00,KGAL-N-000,7.25,61000,,,
2001-10-26 00:00:00,KGAL-N-000,7.25,4800,,,
2001-10-29 00:00:00,KGAL-N-000,7.25,500,,,
2001-10-30 00:00:00,KGAL-N-000,7.5,2000,,,
2001-11-01 00:00:00,KGAL-N-000,6.75,12200,,,
2001-11-02 00:00:00,KGAL-N-000,7,500,,,
2001-11-05 00:00:00,KGAL-N-000,7,500,,,
2001-11-08 00:00:00,KGAL-N-000,6.75,10000,,,
2001-11-09 00:00:00,KGAL-N-000,6.75,1200,,,
2001-11-14 00:00:00,KGAL-N-000,7,5700,,,
2001-11-15 00:00:00,KGAL-N-000,7.25,1500,,,
2001-11-16 00:00:00,KGAL-N-000,7.75,480100,,,
2001-11-19 00:00:00,KGAL-N-000,9,426000,,,
2001-11-20 00:00:00,KGAL-N-000,9,98400,,,
2001-11-21 00:00:00,KGAL-N-000,10,89200,,,
2001-11-23 00:00:00,KGAL-N-000,9.5,19600,,,
2001-11-26 00:00:00,KGAL-N-000,9,12400,,,
2001-11-27 00:00:00,KGAL-N-000,9,8200,,,
2001-11-28 00:00:00,KGAL-N-000,11,104600,,,
2001-11-29 00:00:00,KGAL-N-000,9.5,2500,,,
2001-12-03 00:00:00,KGAL-N-000,9.5,1500,,,
2001-12-04 00:00:00,KGAL-N-000,9.25,6900,,,
2001-12-05 00:00:00,KGAL-N-000,9.25,2800,,,
2001-12-07 00:00:00,KGAL-N-000,12,236300,,,
2001-12-11 00:00:00,KGAL-N-000,12.5,132200,,,
2001-12-12 00:00:00,KGAL-N-000,12,52600,,,
2001-12-13 00:00:00,KGAL-N-000,11,48700,,,
2001-12-14 00:00:00,KGAL-N-000,11,21700,,,
2001-12-17 00:00:00,KGAL-N-000,10.75,2300,,,
2001-12-18 00:00:00,KGAL-N-000,10.25,4500,,,
2001-12-19 00:00:00,KGAL-N-000,9,2800,,,
2001-12-20 00:00:00,KGAL-N-000,9.75,5300,,,
2001-12-21 00:00:00,KGAL-N-000,9.5,2000,,,
2001-12-31 00:00:00,KGAL-N-000,10.25,3500,,,
2002-01-02 00:00:00,KGAL-N-000,9.5,5500,,,
2002-01-03 00:00:00,KGAL-N-000,9.5,4000,,,
2002-01-04 00:00:00,KGAL-N-000,9.25,9500,,,
2002-01-07 00:00:00,KGAL-N-000,9.25,4000,,,
2002-01-08 00:00:00,KGAL-N-000,9,12000,,,
2002-01-09 00:00:00,KGAL-N-000,8.75,29500,,,
2002-01-10 00:00:00,KGAL-N-000,8.5,5000,,,
2002-01-11 00:00:00,KGAL-N-000,8.5,4800,,,
2002-01-17 00:00:00,KGAL-N-000,8,500,,,
2002-01-18 00:00:00,KGAL-N-000,8.5,1100,,,
2002-01-21 00:00:00,KGAL-N-000,9.25,10500,,,
2002-01-25 00:00:00,KGAL-N-000,9.25,3300,,,
2002-01-30 00:00:00,KGAL-N-000,9,100,,,
2002-02-01 00:00:00,KGAL-N-000,8.5,2400,,,
2002-02-06 00:00:00,KGAL-N-000,8.5,700,,,
2002-02-08 00:00:00,KGAL-N-000,9,700,,,
2002-02-11 00:00:00,KGAL-N-000,9,1500,,,
2001-01-17 00:00:00,KCAB-N-000,28,200,,,
2001-01-22 00:00:00,KCAB-N-000,25,200,,,
2001-01-29 00:00:00,KCAB-N-000,25,100,,,
2001-02-02 00:00:00,KCAB-N-000,24,100,,,
2001-02-06 00:00:00,KCAB-N-000,25,300,,,
2001-02-20 00:00:00,KCAB-N-000,25,200,,,
2001-02-27 00:00:00,KCAB-N-000,25,200,,,
2001-03-05 00:00:00,KCAB-N-000,25,200,,,
2001-03-14 00:00:00,KCAB-N-000,24,700,,,
2001-03-16 00:00:00,KCAB-N-000,24,500,,,
2001-03-19 00:00:00,KCAB-N-000,24,200,,,
2001-03-29 00:00:00,KCAB-N-000,24,200,,,
2001-04-02 00:00:00,KCAB-N-000,24,200,,,
2001-04-04 00:00:00,KCAB-N-000,22,500,,,
2001-04-09 00:00:00,KCAB-N-000,22.25,200,,,
2001-04-16 00:00:00,KCAB-N-000,22.25,200,,,
2001-04-23 00:00:00,KCAB-N-000,22.25,400,,,
2001-04-24 00:00:00,KCAB-N-000,22,400,,,
2001-04-25 00:00:00,KCAB-N-000,22,1700,,,
2001-04-30 00:00:00,KCAB-N-000,22,200,,,
2001-05-09 00:00:00,KCAB-N-000,22.25,200,,,
2001-05-14 00:00:00,KCAB-N-000,22.25,200,,,
2001-05-21 00:00:00,KCAB-N-000,22.5,200,,,
2001-05-29 00:00:00,KCAB-N-000,26.25,3500,,,
2001-06-18 00:00:00,KCAB-N-000,28,200,,,
2001-08-29 00:00:00,KCAB-N-000,25,500,,,
2001-08-31 00:00:00,KCAB-N-000,28,400,,,
2001-09-07 00:00:00,KCAB-N-000,28,100,,,
2001-09-13 00:00:00,KCAB-N-000,27,5400,,,
2001-09-14 00:00:00,KCAB-N-000,28,200,,,
2001-09-19 00:00:00,KCAB-N-000,27,100,,,
2001-09-26 00:00:00,KCAB-N-000,27,300,,,
2001-10-08 00:00:00,KCAB-N-000,29,200,,,
2001-10-29 00:00:00,KCAB-N-000,35.5,6000,,,
2001-11-13 00:00:00,KCAB-N-000,34.5,500,,,
2001-11-14 00:00:00,KCAB-N-000,34.5,100,,,
2001-11-16 00:00:00,KCAB-N-000,35,10000,,,
2001-11-19 00:00:00,KCAB-N-000,35.5,900,,,
2001-11-23 00:00:00,KCAB-N-000,36,200,,,
2001-11-26 00:00:00,KCAB-N-000,36,800,,,
2001-11-27 00:00:00,KCAB-N-000,35.5,300,,,
2001-11-29 00:00:00,KCAB-N-000,36.5,400,,,
2001-12-03 00:00:00,KCAB-N-000,40,6500,,,
2001-12-10 00:00:00,KCAB-N-000,44,1700,,,
2001-12-11 00:00:00,KCAB-N-000,44,1700,,,
2001-12-12 00:00:00,KCAB-N-000,45,1000,,,
2001-12-14 00:00:00,KCAB-N-000,45,600,,,
2002-01-03 00:00:00,KCAB-N-000,41,200,,,
2002-01-08 00:00:00,KCAB-N-000,35,3500,,,
2002-01-11 00:00:00,KCAB-N-000,33,700,,,
2002-01-30 00:00:00,KCAB-N-000,33.25,200,,,
2002-02-06 00:00:00,KCAB-N-000,37,400,,,
2002-02-08 00:00:00,KCAB-N-000,38,100,,,
2001-01-02 00:00:00,TYRE-N-000,5.75,100,,,
2001-01-03 00:00:00,TYRE-N-000,5.5,200,,,
2001-01-04 00:00:00,TYRE-N-000,5.5,6000,,,
2001-01-05 00:00:00,TYRE-N-000,5.75,100,,,
2001-01-10 00:00:00,TYRE-N-000,5.5,8600,,,
2001-01-11 00:00:00,TYRE-N-000,5.5,3000,,,
2001-01-12 00:00:00,TYRE-N-000,5.5,17500,,,
2001-01-16 00:00:00,TYRE-N-000,5.5,14700,,,
2001-01-17 00:00:00,TYRE-N-000,5.25,11600,,,
2001-01-18 00:00:00,TYRE-N-000,5.25,15500,,,
2001-01-19 00:00:00,TYRE-N-000,5,27600,,,
2001-01-22 00:00:00,TYRE-N-000,6.5,12800,,,
2001-01-23 00:00:00,TYRE-N-000,5.75,67900,,,
2001-01-24 00:00:00,TYRE-N-000,5.75,7900,,,
2001-01-26 00:00:00,TYRE-N-000,5.5,12200,,,
2001-01-29 00:00:00,TYRE-N-000,5.5,10900,,,
2001-01-30 00:00:00,TYRE-N-000,5.5,10200,,,
2001-02-01 00:00:00,TYRE-N-000,5.75,4200,,,
2001-02-02 00:00:00,TYRE-N-000,5.75,3300,,,
2001-02-08 00:00:00,TYRE-N-000,5.75,5300,,,
2001-02-09 00:00:00,TYRE-N-000,5.75,19000,,,
2001-02-12 00:00:00,TYRE-N-000,5,17800,,,
2001-02-13 00:00:00,TYRE-N-000,5,800,,,
2001-02-14 00:00:00,TYRE-N-000,5,12800,,,
2001-02-15 00:00:00,TYRE-N-000,5.25,8200,,,
2001-02-16 00:00:00,TYRE-N-000,5,10200,,,
2001-02-19 00:00:00,TYRE-N-000,5.25,1000,,,
2001-02-20 00:00:00,TYRE-N-000,5,1300,,,
2001-02-21 00:00:00,TYRE-N-000,5,900,,,
2001-02-22 00:00:00,TYRE-N-000,5,4100,,,
2001-02-23 00:00:00,TYRE-N-000,5,10300,,,
2001-02-26 00:00:00,TYRE-N-000,5,700,,,
2001-02-28 00:00:00,TYRE-N-000,5,100,,,
2001-03-01 00:00:00,TYRE-N-000,5,1700,,,
2001-03-02 00:00:00,TYRE-N-000,5,400,,,
2001-03-05 00:00:00,TYRE-N-000,5,2200,,,
2001-03-06 00:00:00,TYRE-N-000,5,6400,,,
2001-03-07 00:00:00,TYRE-N-000,5,5900,,,
2001-03-08 00:00:00,TYRE-N-000,5.25,5300,,,
2001-03-13 00:00:00,TYRE-N-000,5,5100,,,
2001-03-14 00:00:00,TYRE-N-000,5,1100,,,
2001-03-15 00:00:00,TYRE-N-000,5,3200,,,
2001-03-16 00:00:00,TYRE-N-000,5,1000,,,
2001-03-19 00:00:00,TYRE-N-000,5,2100,,,
2001-03-20 00:00:00,TYRE-N-000,5,300,,,
2001-03-21 00:00:00,TYRE-N-000,5,13900,,,
2001-03-22 00:00:00,TYRE-N-000,4.75,2000,,,
2001-03-23 00:00:00,TYRE-N-000,4.75,1500,,,
2001-03-27 00:00:00,TYRE-N-000,4.75,500,,,
2001-03-28 00:00:00,TYRE-N-000,4.5,5000,,,
2001-03-29 00:00:00,TYRE-N-000,4.25,100,,,
2001-03-30 00:00:00,TYRE-N-000,4.25,2400,,,
2001-04-02 00:00:00,TYRE-N-000,4.25,4200,,,
2001-04-03 00:00:00,TYRE-N-000,4,12200,,,
2001-04-04 00:00:00,TYRE-N-000,3.75,22500,,,
2001-04-05 00:00:00,TYRE-N-000,4,6700,,,
2001-04-06 00:00:00,TYRE-N-000,4,1000,,,
2001-04-09 00:00:00,TYRE-N-000,4,5200,,,
2001-04-10 00:00:00,TYRE-N-000,4,10000,,,
2001-04-11 00:00:00,TYRE-N-000,4,15000,,,
2001-04-16 00:00:00,TYRE-N-000,4,100,,,
2001-04-17 00:00:00,TYRE-N-000,4,7800,,,
2001-04-18 00:00:00,TYRE-N-000,3.75,15400,,,
2001-04-19 00:00:00,TYRE-N-000,3.75,2600,,,
2001-04-20 00:00:00,TYRE-N-000,3.75,300,,,
2001-04-24 00:00:00,TYRE-N-000,3.75,63900,,,
2001-04-25 00:00:00,TYRE-N-000,3.75,33300,,,
2001-04-26 00:00:00,TYRE-N-000,3.75,1500,,,
2001-04-27 00:00:00,TYRE-N-000,3.75,1000,,,
2001-05-04 00:00:00,TYRE-N-000,3.75,300,,,
2001-05-09 00:00:00,TYRE-N-000,3.75,1600,,,
2001-05-11 00:00:00,TYRE-N-000,3.75,500,,,
2001-05-15 00:00:00,TYRE-N-000,3.75,4600,,,
2001-05-16 00:00:00,TYRE-N-000,3.75,400,,,
2001-05-17 00:00:00,TYRE-N-000,3.75,1500,,,
2001-05-21 00:00:00,TYRE-N-000,3.5,100,,,
2001-05-22 00:00:00,TYRE-N-000,3.75,1000,,,
2001-05-23 00:00:00,TYRE-N-000,3.5,3200,,,
2001-05-25 00:00:00,TYRE-N-000,3.25,185700,,,
2001-05-28 00:00:00,TYRE-N-000,3.25,6600,,,
2001-05-29 00:00:00,TYRE-N-000,3.25,4200,,,
2001-05-30 00:00:00,TYRE-N-000,3.25,1000,,,
2001-05-31 00:00:00,TYRE-N-000,3.25,128600,,,
2001-06-01 00:00:00,TYRE-N-000,3.25,200,,,
2001-06-06 00:00:00,TYRE-N-000,3,4400,,,
2001-06-07 00:00:00,TYRE-N-000,3.25,600,,,
2001-06-08 00:00:00,TYRE-N-000,3,2000,,,
2001-06-11 00:00:00,TYRE-N-000,3,16400,,,
2001-06-12 00:00:00,TYRE-N-000,3,15400,,,
2001-06-13 00:00:00,TYRE-N-000,3,2200,,,
2001-06-14 00:00:00,TYRE-N-000,3,4000,,,
2001-06-15 00:00:00,TYRE-N-000,3,2800,,,
2001-06-18 00:00:00,TYRE-N-000,3,5000,,,
2001-06-19 00:00:00,TYRE-N-000,3,20700,,,
2001-06-20 00:00:00,TYRE-N-000,3,12000,,,
2001-06-21 00:00:00,TYRE-N-000,4.5,146900,,,
2001-06-22 00:00:00,TYRE-N-000,4.5,45000,,,
2001-06-25 00:00:00,TYRE-N-000,4,6800,,,
2001-06-26 00:00:00,TYRE-N-000,3.75,1500,,,
2001-06-27 00:00:00,TYRE-N-000,3.5,10300,,,
2001-06-29 00:00:00,TYRE-N-000,3.75,17100,,,
2001-07-02 00:00:00,TYRE-N-000,3.75,2600,,,
2001-07-04 00:00:00,TYRE-N-000,4.25,9500,,,
2001-07-06 00:00:00,TYRE-N-000,4,5600,,,
2001-07-09 00:00:00,TYRE-N-000,4,1500,,,
2001-07-10 00:00:00,TYRE-N-000,4,32500,,,
2001-07-11 00:00:00,TYRE-N-000,3.5,61200,,,
2001-07-12 00:00:00,TYRE-N-000,3.75,700,,,
2001-07-13 00:00:00,TYRE-N-000,3.75,6600,,,
2001-07-16 00:00:00,TYRE-N-000,3.75,200,,,
2001-07-17 00:00:00,TYRE-N-000,3.5,2800,,,
2001-07-19 00:00:00,TYRE-N-000,3.5,400,,,
2001-07-20 00:00:00,TYRE-N-000,3.75,10000,,,
2001-07-24 00:00:00,TYRE-N-000,3.25,19300,,,
2001-07-25 00:00:00,TYRE-N-000,3.25,6000,,,
2001-07-26 00:00:00,TYRE-N-000,3.5,17500,,,
2001-07-30 00:00:00,TYRE-N-000,3.75,100,,,
2001-07-31 00:00:00,TYRE-N-000,3.5,6200,,,
2001-08-01 00:00:00,TYRE-N-000,3.5,13500,,,
2001-08-02 00:00:00,TYRE-N-000,3.5,5000,,,
2001-08-06 00:00:00,TYRE-N-000,3.5,4000,,,
2001-08-08 00:00:00,TYRE-N-000,3.5,500,,,
2001-08-10 00:00:00,TYRE-N-000,3.5,15000,,,
2001-08-13 00:00:00,TYRE-N-000,3.25,1000,,,
2001-08-14 00:00:00,TYRE-N-000,3.25,11200,,,
2001-08-15 00:00:00,TYRE-N-000,3.25,3000,,,
2001-08-16 00:00:00,TYRE-N-000,3.25,12000,,,
2001-08-20 00:00:00,TYRE-N-000,3.25,11800,,,
2001-08-21 00:00:00,TYRE-N-000,3.25,1300,,,
2001-08-22 00:00:00,TYRE-N-000,3.25,500,,,
2001-08-23 00:00:00,TYRE-N-000,3.5,11400,,,
2001-08-24 00:00:00,TYRE-N-000,3.5,300,,,
2001-08-29 00:00:00,TYRE-N-000,3.5,200,,,
2001-08-30 00:00:00,TYRE-N-000,3.5,2000,,,
2001-09-03 00:00:00,TYRE-N-000,3.5,300,,,
2001-09-04 00:00:00,TYRE-N-000,3.5,100,,,
2001-09-05 00:00:00,TYRE-N-000,3.25,1200,,,
2001-09-11 00:00:00,TYRE-N-000,3.25,800,,,
2001-09-14 00:00:00,TYRE-N-000,3.25,1500,,,
2001-09-19 00:00:00,TYRE-N-000,3.25,1000,,,
2001-09-20 00:00:00,TYRE-N-000,3.25,1100,,,
2001-09-21 00:00:00,TYRE-N-000,3.25,7200,,,
2001-09-24 00:00:00,TYRE-N-000,3,7200,,,
2001-09-25 00:00:00,TYRE-N-000,3.25,20200,,,
2001-09-26 00:00:00,TYRE-N-000,3.25,37100,,,
2001-09-28 00:00:00,TYRE-N-000,3.25,400,,,
2001-10-01 00:00:00,TYRE-N-000,3.25,14000,,,
2001-10-05 00:00:00,TYRE-N-000,3.25,4500,,,
2001-10-08 00:00:00,TYRE-N-000,3.25,3000,,,
2001-10-09 00:00:00,TYRE-N-000,4,94500,,,
2001-10-10 00:00:00,TYRE-N-000,4.5,545200,,,
2001-10-11 00:00:00,TYRE-N-000,5,278600,,,
2001-10-12 00:00:00,TYRE-N-000,5,141000,,,
2001-10-15 00:00:00,TYRE-N-000,4.25,122100,,,
2001-10-16 00:00:00,TYRE-N-000,4.25,25200,,,
2001-10-18 00:00:00,TYRE-N-000,4.5,6000,,,
2001-10-19 00:00:00,TYRE-N-000,4.5,27200,,,
2001-10-22 00:00:00,TYRE-N-000,4.5,30200,,,
2001-10-23 00:00:00,TYRE-N-000,4.75,92000,,,
2001-10-24 00:00:00,TYRE-N-000,4.75,41100,,,
2001-10-25 00:00:00,TYRE-N-000,4.5,3400,,,
2001-10-26 00:00:00,TYRE-N-000,4.5,3100,,,
2001-10-29 00:00:00,TYRE-N-000,4.25,34500,,,
2001-11-01 00:00:00,TYRE-N-000,4.25,10700,,,
2001-11-07 00:00:00,TYRE-N-000,4,5600,,,
2001-11-08 00:00:00,TYRE-N-000,4,23500,,,
2001-11-09 00:00:00,TYRE-N-000,4,5200,,,
2001-11-12 00:00:00,TYRE-N-000,4.25,94100,,,
2001-11-13 00:00:00,TYRE-N-000,4.25,18800,,,
2001-11-14 00:00:00,TYRE-N-000,5,565900,,,
2001-11-15 00:00:00,TYRE-N-000,5,323600,,,
2001-11-16 00:00:00,TYRE-N-000,5.25,164400,,,
2001-11-19 00:00:00,TYRE-N-000,5.5,131200,,,
2001-11-20 00:00:00,TYRE-N-000,5.25,68100,,,
2001-11-21 00:00:00,TYRE-N-000,5.5,143000,,,
2001-11-22 00:00:00,TYRE-N-000,5.5,48000,,,
2001-11-23 00:00:00,TYRE-N-000,5.5,109900,,,
2001-11-26 00:00:00,TYRE-N-000,5.5,28700,,,
2001-11-27 00:00:00,TYRE-N-000,5.25,19100,,,
2001-11-28 00:00:00,TYRE-N-000,6.25,334800,,,
2001-11-29 00:00:00,TYRE-N-000,6.25,182100,,,
2001-12-03 00:00:00,TYRE-N-000,6,111000,,,
2001-12-04 00:00:00,TYRE-N-000,6,181300,,,
2001-12-05 00:00:00,TYRE-N-000,6.5,48500,,,
2001-12-07 00:00:00,TYRE-N-000,9.25,326700,,,
2001-12-10 00:00:00,TYRE-N-000,10,106100,,,
2001-12-11 00:00:00,TYRE-N-000,9.25,250200,,,
2001-12-12 00:00:00,TYRE-N-000,8.5,144300,,,
2001-12-13 00:00:00,TYRE-N-000,6.5,184100,,,
2001-12-14 00:00:00,TYRE-N-000,7,72400,,,
2001-12-17 00:00:00,TYRE-N-000,7.75,155000,,,
2001-12-18 00:00:00,TYRE-N-000,6.75,185400,,,
2001-12-19 00:00:00,TYRE-N-000,7,58700,,,
2001-12-20 00:00:00,TYRE-N-000,7.25,86400,,,
2001-12-21 00:00:00,TYRE-N-000,7,170000,,,
2001-12-27 00:00:00,TYRE-N-000,7.5,233800,,,
2001-12-28 00:00:00,TYRE-N-000,7.25,124700,,,
2001-12-31 00:00:00,TYRE-N-000,7.25,85700,,,
2002-01-02 00:00:00,TYRE-N-000,7.25,122200,,,
2002-01-03 00:00:00,TYRE-N-000,7.25,73900,,,
2002-01-04 00:00:00,TYRE-N-000,7.25,172400,,,
2002-01-07 00:00:00,TYRE-N-000,7.25,87000,,,
2002-01-08 00:00:00,TYRE-N-000,7,95800,,,
2002-01-09 00:00:00,TYRE-N-000,6.75,51600,,,
2002-01-11 00:00:00,TYRE-N-000,6.75,50800,,,
2002-01-15 00:00:00,TYRE-N-000,6.5,102100,,,
2002-01-16 00:00:00,TYRE-N-000,6.25,19200,,,
2002-01-17 00:00:00,TYRE-N-000,6,4500,,,
2002-01-18 00:00:00,TYRE-N-000,6.75,42400,,,
2002-01-21 00:00:00,TYRE-N-000,6.5,16200,,,
2002-01-22 00:00:00,TYRE-N-000,6.5,41400,,,
2002-01-23 00:00:00,TYRE-N-000,6.25,1500,,,
2002-01-24 00:00:00,TYRE-N-000,6.5,64200,,,
2002-01-25 00:00:00,TYRE-N-000,6.25,29700,,,
2002-01-29 00:00:00,TYRE-N-000,6.25,53600,,,
2002-01-30 00:00:00,TYRE-N-000,6.25,30400,,,
2002-01-31 00:00:00,TYRE-N-000,6,14500,,,
2002-02-01 00:00:00,TYRE-N-000,6.25,39100,,,
2002-02-05 00:00:00,TYRE-N-000,6.25,17600,,,
2002-02-06 00:00:00,TYRE-N-000,6.25,41500,,,
2002-02-07 00:00:00,TYRE-N-000,6.25,16800,,,
2002-02-08 00:00:00,TYRE-N-000,6.25,14100,,,
2002-02-11 00:00:00,TYRE-N-000,6.25,6500,,,
2001-01-02 00:00:00,KVAL-N-000,13.25,1100,,,
2001-01-03 00:00:00,KVAL-N-000,13,2200,,,
2001-01-04 00:00:00,KVAL-N-000,13.5,200,,,
2001-01-05 00:00:00,KVAL-N-000,13.25,1000,,,
2001-01-08 00:00:00,KVAL-N-000,13,1600,,,
2001-01-11 00:00:00,KVAL-N-000,13,2000,,,
2001-01-12 00:00:00,KVAL-N-000,13.5,100,,,
2001-01-16 00:00:00,KVAL-N-000,13,1500,,,
2001-01-17 00:00:00,KVAL-N-000,13,2900,,,
2001-01-18 00:00:00,KVAL-N-000,13,8000,,,
2001-01-19 00:00:00,KVAL-N-000,12.5,3800,,,
2001-01-24 00:00:00,KVAL-N-000,12.5,1800,,,
2001-01-25 00:00:00,KVAL-N-000,12.5,2500,,,
2001-01-26 00:00:00,KVAL-N-000,12.25,300,,,
2001-01-29 00:00:00,KVAL-N-000,11.75,600,,,
2001-02-01 00:00:00,KVAL-N-000,12,200,,,
2001-02-02 00:00:00,KVAL-N-000,12.25,1300,,,
2001-02-08 00:00:00,KVAL-N-000,12.5,1800,,,
2001-02-09 00:00:00,KVAL-N-000,12.5,700,,,
2001-02-12 00:00:00,KVAL-N-000,12.25,3400,,,
2001-02-15 00:00:00,KVAL-N-000,12.25,100,,,
2001-02-19 00:00:00,KVAL-N-000,12.25,300,,,
2001-02-22 00:00:00,KVAL-N-000,12.25,22300,,,
2001-02-26 00:00:00,KVAL-N-000,12.75,800,,,
2001-02-28 00:00:00,KVAL-N-000,12.5,2900,,,
2001-03-01 00:00:00,KVAL-N-000,12.5,800,,,
2001-03-02 00:00:00,KVAL-N-000,12.5,31800,,,
2001-03-05 00:00:00,KVAL-N-000,12.5,300,,,
2001-03-06 00:00:00,KVAL-N-000,12.5,100,,,
2001-03-07 00:00:00,KVAL-N-000,12.25,2200,,,
2001-03-08 00:00:00,KVAL-N-000,12.25,5000,,,
2001-03-12 00:00:00,KVAL-N-000,12,1700,,,
2001-03-13 00:00:00,KVAL-N-000,11.75,1100,,,
2001-03-16 00:00:00,KVAL-N-000,12.5,1600,,,
2001-03-23 00:00:00,KVAL-N-000,11,200,,,
2001-03-28 00:00:00,KVAL-N-000,10.25,2400,,,
2001-03-29 00:00:00,KVAL-N-000,10.5,1300,,,
2001-04-03 00:00:00,KVAL-N-000,10,53400,,,
2001-04-04 00:00:00,KVAL-N-000,10,200,,,
2001-04-06 00:00:00,KVAL-N-000,10.25,400,,,
2001-04-09 00:00:00,KVAL-N-000,10.25,2000,,,
2001-04-10 00:00:00,KVAL-N-000,10.5,4400,,,
2001-04-16 00:00:00,KVAL-N-000,10.5,100,,,
2001-04-18 00:00:00,KVAL-N-000,10.5,1000,,,
2001-04-19 00:00:00,KVAL-N-000,10,46000,,,
2001-04-20 00:00:00,KVAL-N-000,10,400,,,
2001-04-23 00:00:00,KVAL-N-000,10.5,100,,,
2001-04-24 00:00:00,KVAL-N-000,9,1600,,,
2001-04-25 00:00:00,KVAL-N-000,9,400,,,
2001-04-26 00:00:00,KVAL-N-000,9.25,100,,,
2001-04-30 00:00:00,KVAL-N-000,9,13000,,,
2001-05-02 00:00:00,KVAL-N-000,9,700,,,
2001-05-04 00:00:00,KVAL-N-000,8.75,2400,,,
2001-05-09 00:00:00,KVAL-N-000,9,4800,,,
2001-05-10 00:00:00,KVAL-N-000,9,1000,,,
2001-05-11 00:00:00,KVAL-N-000,8.5,5100,,,
2001-05-15 00:00:00,KVAL-N-000,8.5,2700,,,
2001-05-18 00:00:00,KVAL-N-000,9,500,,,
2001-05-21 00:00:00,KVAL-N-000,9,1400,,,
2001-05-22 00:00:00,KVAL-N-000,9,2600,,,
2001-05-23 00:00:00,KVAL-N-000,9,2400,,,
2001-05-24 00:00:00,KVAL-N-000,9,1400,,,
2001-05-28 00:00:00,KVAL-N-000,8.5,210100,,,
2001-05-31 00:00:00,KVAL-N-000,8.5,25000,,,
2001-06-01 00:00:00,KVAL-N-000,8.5,18200,,,
2001-06-06 00:00:00,KVAL-N-000,8.5,2500,,,
2001-06-07 00:00:00,KVAL-N-000,8.5,2500,,,
2001-06-08 00:00:00,KVAL-N-000,8.5,1300,,,
2001-06-11 00:00:00,KVAL-N-000,8.25,1700,,,
2001-06-13 00:00:00,KVAL-N-000,8.25,300,,,
2001-06-14 00:00:00,KVAL-N-000,8.5,1000,,,
2001-06-15 00:00:00,KVAL-N-000,8,1000,,,
2001-06-18 00:00:00,KVAL-N-000,8,1800,,,
2001-06-20 00:00:00,KVAL-N-000,8.5,29900,,,
2001-06-21 00:00:00,KVAL-N-000,9,16600,,,
2001-06-22 00:00:00,KVAL-N-000,9,12700,,,
2001-06-25 00:00:00,KVAL-N-000,8.75,300,,,
2001-06-26 00:00:00,KVAL-N-000,8.5,18500,,,
2001-06-28 00:00:00,KVAL-N-000,8.25,36600,,,
2001-06-29 00:00:00,KVAL-N-000,8.5,9800,,,
2001-07-02 00:00:00,KVAL-N-000,9,71700,,,
2001-07-03 00:00:00,KVAL-N-000,9,10100,,,
2001-07-04 00:00:00,KVAL-N-000,9.25,1500,,,
2001-07-11 00:00:00,KVAL-N-000,8.75,13500,,,
2001-07-12 00:00:00,KVAL-N-000,8.75,2000,,,
2001-07-13 00:00:00,KVAL-N-000,8.75,2200,,,
2001-07-17 00:00:00,KVAL-N-000,9,100,,,
2001-07-18 00:00:00,KVAL-N-000,8.75,200,,,
2001-07-23 00:00:00,KVAL-N-000,8.75,1000,,,
2001-07-24 00:00:00,KVAL-N-000,8.5,3000,,,
2001-07-25 00:00:00,KVAL-N-000,8.5,1500,,,
2001-07-30 00:00:00,KVAL-N-000,8.5,100,,,
2001-08-07 00:00:00,KVAL-N-000,8.5,100,,,
2001-08-08 00:00:00,KVAL-N-000,8.5,200,,,
2001-08-09 00:00:00,KVAL-N-000,8.5,100,,,
2001-08-10 00:00:00,KVAL-N-000,8.5,2700,,,
2001-08-14 00:00:00,KVAL-N-000,8.25,100,,,
2001-08-15 00:00:00,KVAL-N-000,7.75,6800,,,
2001-08-16 00:00:00,KVAL-N-000,7,15000,,,
2001-08-22 00:00:00,KVAL-N-000,7.5,500,,,
2001-08-23 00:00:00,KVAL-N-000,7.5,1500,,,
2001-08-28 00:00:00,KVAL-N-000,8.75,2500,,,
2001-08-29 00:00:00,KVAL-N-000,7.75,2500,,,
2001-08-30 00:00:00,KVAL-N-000,7.5,1800,,,
2001-08-31 00:00:00,KVAL-N-000,7.75,500,,,
2001-09-03 00:00:00,KVAL-N-000,7.5,4000,,,
2001-09-04 00:00:00,KVAL-N-000,7.5,4200,,,
2001-09-05 00:00:00,KVAL-N-000,7.5,2000,,,
2001-09-07 00:00:00,KVAL-N-000,7.5,300,,,
2001-09-11 00:00:00,KVAL-N-000,7.5,600,,,
2001-09-12 00:00:00,KVAL-N-000,7.5,400,,,
2001-09-18 00:00:00,KVAL-N-000,7.5,2200,,,
2001-09-24 00:00:00,KVAL-N-000,7.25,1500,,,
2001-09-26 00:00:00,KVAL-N-000,7.25,500,,,
2001-09-28 00:00:00,KVAL-N-000,7.25,1900,,,
2001-10-03 00:00:00,KVAL-N-000,7.25,1000,,,
2001-10-08 00:00:00,KVAL-N-000,7.5,700,,,
2001-10-09 00:00:00,KVAL-N-000,9.25,4300,,,
2001-10-10 00:00:00,KVAL-N-000,9.25,14000,,,
2001-10-11 00:00:00,KVAL-N-000,9.5,30900,,,
2001-10-12 00:00:00,KVAL-N-000,9.5,51700,,,
2001-10-15 00:00:00,KVAL-N-000,9,23900,,,
2001-10-16 00:00:00,KVAL-N-000,9,5600,,,
2001-10-17 00:00:00,KVAL-N-000,8.5,1000,,,
2001-10-22 00:00:00,KVAL-N-000,8.75,99100,,,
2001-10-23 00:00:00,KVAL-N-000,8.75,10000,,,
2001-10-24 00:00:00,KVAL-N-000,9,15200,,,
2001-10-25 00:00:00,KVAL-N-000,9,32000,,,
2001-10-26 00:00:00,KVAL-N-000,8.75,5900,,,
2001-10-29 00:00:00,KVAL-N-000,8.75,49000,,,
2001-10-30 00:00:00,KVAL-N-000,8.75,10000,,,
2001-11-01 00:00:00,KVAL-N-000,8.5,4500,,,
2001-11-02 00:00:00,KVAL-N-000,8.75,22400,,,
2001-11-05 00:00:00,KVAL-N-000,8.25,9500,,,
2001-11-06 00:00:00,KVAL-N-000,8.25,9100,,,
2001-11-07 00:00:00,KVAL-N-000,8.5,300,,,
2001-11-08 00:00:00,KVAL-N-000,8.5,2000,,,
2001-11-09 00:00:00,KVAL-N-000,8.25,3000,,,
2001-11-12 00:00:00,KVAL-N-000,8.5,4400,,,
2001-11-13 00:00:00,KVAL-N-000,8.5,500,,,
2001-11-14 00:00:00,KVAL-N-000,9.5,121000,,,
2001-11-15 00:00:00,KVAL-N-000,9.75,65200,,,
2001-11-16 00:00:00,KVAL-N-000,9.5,1230700,,,
2001-11-19 00:00:00,KVAL-N-000,11.5,176500,,,
2001-11-20 00:00:00,KVAL-N-000,11.25,1091000,,,
2001-11-21 00:00:00,KVAL-N-000,12.5,230900,,,
2001-11-22 00:00:00,KVAL-N-000,12.25,126900,,,
2001-11-23 00:00:00,KVAL-N-000,11.5,24700,,,
2001-11-26 00:00:00,KVAL-N-000,11,14200,,,
2001-11-27 00:00:00,KVAL-N-000,10.75,18400,,,
2001-11-28 00:00:00,KVAL-N-000,12.5,92300,,,
2001-11-29 00:00:00,KVAL-N-000,11.5,5000,,,
2001-12-04 00:00:00,KVAL-N-000,10.5,17900,,,
2001-12-05 00:00:00,KVAL-N-000,11,11400,,,
2001-12-07 00:00:00,KVAL-N-000,13.5,576500,,,
2001-12-10 00:00:00,KVAL-N-000,14.75,126300,,,
2001-12-11 00:00:00,KVAL-N-000,14,89800,,,
2001-12-12 00:00:00,KVAL-N-000,13,67500,,,
2001-12-13 00:00:00,KVAL-N-000,12.25,42200,,,
2001-12-14 00:00:00,KVAL-N-000,12.5,73200,,,
2001-12-17 00:00:00,KVAL-N-000,12.5,25900,,,
2001-12-18 00:00:00,KVAL-N-000,11.75,19300,,,
2001-12-20 00:00:00,KVAL-N-000,11.5,400,,,
2001-12-21 00:00:00,KVAL-N-000,11.5,4000,,,
2001-12-27 00:00:00,KVAL-N-000,13,81500,,,
2001-12-28 00:00:00,KVAL-N-000,12.75,1000,,,
2001-12-31 00:00:00,KVAL-N-000,12.75,19400,,,
2002-01-02 00:00:00,KVAL-N-000,12,6500,,,
2002-01-03 00:00:00,KVAL-N-000,11.75,2100,,,
2002-01-04 00:00:00,KVAL-N-000,11.75,11600,,,
2002-01-07 00:00:00,KVAL-N-000,11.5,3000,,,
2002-01-08 00:00:00,KVAL-N-000,11.25,14400,,,
2002-01-09 00:00:00,KVAL-N-000,11.5,14300,,,
2002-01-10 00:00:00,KVAL-N-000,11.25,37500,,,
2002-01-11 00:00:00,KVAL-N-000,11.25,57200,,,
2002-01-15 00:00:00,KVAL-N-000,11,35900,,,
2002-01-16 00:00:00,KVAL-N-000,10.75,1400,,,
2002-01-17 00:00:00,KVAL-N-000,10.5,3000,,,
2002-01-18 00:00:00,KVAL-N-000,12,12700,,,
2002-01-22 00:00:00,KVAL-N-000,11,15000,,,
2002-01-23 00:00:00,KVAL-N-000,11,3200,,,
2002-01-24 00:00:00,KVAL-N-000,11,900,,,
2002-01-31 00:00:00,KVAL-N-000,10.5,10000,,,
2002-02-01 00:00:00,KVAL-N-000,10.5,2500,,,
2002-02-05 00:00:00,KVAL-N-000,10.5,100,,,
2002-02-07 00:00:00,KVAL-N-000,11,15500,,,
2002-02-08 00:00:00,KVAL-N-000,11,2900,,,
2001-01-02 00:00:00,KDL-N-0000,8,200,,,
2001-03-02 00:00:00,KDL-N-0000,8,100,,,
2001-03-06 00:00:00,KDL-N-0000,8,300,,,
2001-04-18 00:00:00,KDL-N-0000,6,100,,,
2001-04-19 00:00:00,KDL-N-0000,6,100,,,
2001-04-23 00:00:00,KDL-N-0000,6,500,,,
2001-04-27 00:00:00,KDL-N-0000,5.75,500,,,
2001-05-23 00:00:00,KDL-N-0000,5.75,300,,,
2001-05-25 00:00:00,KDL-N-0000,5,300,,,
2001-06-25 00:00:00,KDL-N-0000,4.5,100,,,
2001-06-26 00:00:00,KDL-N-0000,4.5,600,,,
2001-07-31 00:00:00,KDL-N-0000,4.5,100,,,
2001-08-07 00:00:00,KDL-N-0000,4,1000,,,
2001-10-08 00:00:00,KDL-N-0000,4,100,,,
2001-10-29 00:00:00,KDL-N-0000,5,200,,,
2001-11-02 00:00:00,KDL-N-0000,5,100,,,
2001-11-28 00:00:00,KDL-N-0000,5,1000,,,
2001-11-29 00:00:00,KDL-N-0000,6,4200,,,
2001-12-18 00:00:00,KDL-N-0000,6,200,,,
2001-12-19 00:00:00,KDL-N-0000,6,200,,,
2001-12-21 00:00:00,KDL-N-0000,5.75,100,,,
2002-01-16 00:00:00,KDL-N-0000,5,500,,,
2002-01-17 00:00:00,KDL-N-0000,5,200,,,
2002-01-18 00:00:00,KDL-N-0000,5,200,,,
2002-01-21 00:00:00,KDL-N-0000,5,500,,,
2002-01-23 00:00:00,KDL-N-0000,5,100,,,
2002-01-24 00:00:00,KDL-N-0000,5,1000,,,
2002-01-30 00:00:00,KDL-N-0000,5,1000,,,
2001-01-03 00:00:00,KREA-N-000,2.5,2000,,,
2001-01-04 00:00:00,KREA-N-000,3,100,,,
2001-01-05 00:00:00,KREA-N-000,2.5,2000,,,
2001-01-19 00:00:00,KREA-N-000,2.25,1400,,,
2001-01-23 00:00:00,KREA-N-000,2,600,,,
2001-01-24 00:00:00,KREA-N-000,2,3000,,,
2001-01-25 00:00:00,KREA-N-000,2,6000,,,
2001-01-30 00:00:00,KREA-N-000,1.75,4500,,,
2001-01-31 00:00:00,KREA-N-000,2,3200,,,
2001-02-06 00:00:00,KREA-N-000,2,700,,,
2001-02-14 00:00:00,KREA-N-000,2,100,,,
2001-02-16 00:00:00,KREA-N-000,3,2000,,,
2001-02-23 00:00:00,KREA-N-000,3.25,300,,,
2001-02-26 00:00:00,KREA-N-000,3,100,,,
2001-02-27 00:00:00,KREA-N-000,3,8000,,,
2001-03-02 00:00:00,KREA-N-000,3.25,7700,,,
2001-03-07 00:00:00,KREA-N-000,3,100,,,
2001-03-08 00:00:00,KREA-N-000,3,1800,,,
2001-03-30 00:00:00,KREA-N-000,2.75,1000,,,
2001-04-03 00:00:00,KREA-N-000,2.5,1000,,,
2001-04-05 00:00:00,KREA-N-000,2.5,600,,,
2001-01-02 00:00:00,KOTA-N-000,7.25,3300,,,
2001-01-03 00:00:00,KOTA-N-000,7.5,6600,,,
2001-01-05 00:00:00,KOTA-N-000,7.5,2000,,,
2001-01-08 00:00:00,KOTA-N-000,7,2400,,,
2001-01-11 00:00:00,KOTA-N-000,7.25,2200,,,
2001-01-12 00:00:00,KOTA-N-000,7,4000,,,
2001-01-16 00:00:00,KOTA-N-000,7,100,,,
2001-01-18 00:00:00,KOTA-N-000,6.75,1500,,,
2001-01-19 00:00:00,KOTA-N-000,6.5,8000,,,
2001-01-22 00:00:00,KOTA-N-000,6.5,300,,,
2001-01-23 00:00:00,KOTA-N-000,6.75,7200,,,
2001-01-24 00:00:00,KOTA-N-000,7,5500,,,
2001-01-25 00:00:00,KOTA-N-000,7,1000,,,
2001-01-26 00:00:00,KOTA-N-000,7,100,,,
2001-01-29 00:00:00,KOTA-N-000,6.5,8100,,,
2001-01-31 00:00:00,KOTA-N-000,6.5,4300,,,
2001-02-01 00:00:00,KOTA-N-000,6.25,4300,,,
2001-02-02 00:00:00,KOTA-N-000,6.25,5100,,,
2001-02-08 00:00:00,KOTA-N-000,6.5,1000,,,
2001-02-09 00:00:00,KOTA-N-000,6.75,5300,,,
2001-02-15 00:00:00,KOTA-N-000,6.25,2600,,,
2001-02-16 00:00:00,KOTA-N-000,6.25,2000,,,
2001-02-21 00:00:00,KOTA-N-000,6,1000,,,
2001-02-27 00:00:00,KOTA-N-000,6.25,500,,,
2001-03-01 00:00:00,KOTA-N-000,6.5,4000,,,
2001-03-02 00:00:00,KOTA-N-000,6.5,8100,,,
2001-03-07 00:00:00,KOTA-N-000,6.25,100,,,
2001-03-08 00:00:00,KOTA-N-000,6.25,1000,,,
2001-03-15 00:00:00,KOTA-N-000,6,2700,,,
2001-03-16 00:00:00,KOTA-N-000,6.25,2000,,,
2001-03-19 00:00:00,KOTA-N-000,6,3000,,,
2001-03-21 00:00:00,KOTA-N-000,6.25,200,,,
2001-03-23 00:00:00,KOTA-N-000,6,900,,,
2001-03-27 00:00:00,KOTA-N-000,6,300,,,
2001-03-28 00:00:00,KOTA-N-000,6,1000,,,
2001-04-02 00:00:00,KOTA-N-000,6,1200,,,
2001-04-03 00:00:00,KOTA-N-000,5.5,5000,,,
2001-04-04 00:00:00,KOTA-N-000,5.5,8600,,,
2001-04-05 00:00:00,KOTA-N-000,5.75,3400,,,
2001-04-10 00:00:00,KOTA-N-000,5.75,100,,,
2001-04-18 00:00:00,KOTA-N-000,5.75,2200,,,
2001-04-20 00:00:00,KOTA-N-000,5.5,100,,,
2001-04-25 00:00:00,KOTA-N-000,6.25,9100,,,
2001-04-27 00:00:00,KOTA-N-000,6,100,,,
2001-05-11 00:00:00,KOTA-N-000,5.5,300,,,
2001-05-15 00:00:00,KOTA-N-000,5.5,1000,,,
2001-05-17 00:00:00,KOTA-N-000,5.75,3200,,,
2001-05-23 00:00:00,KOTA-N-000,5.5,200,,,
2001-06-01 00:00:00,KOTA-N-000,5.25,1000,,,
2001-06-04 00:00:00,KOTA-N-000,5.25,100,,,
2001-06-11 00:00:00,KOTA-N-000,5.25,1200,,,
2001-06-13 00:00:00,KOTA-N-000,5.25,1300,,,
2001-06-14 00:00:00,KOTA-N-000,5.25,200,,,
2001-06-15 00:00:00,KOTA-N-000,5.25,200,,,
2001-06-21 00:00:00,KOTA-N-000,6,5300,,,
2001-06-22 00:00:00,KOTA-N-000,6.25,4800,,,
2001-06-26 00:00:00,KOTA-N-000,6,100,,,
2001-06-27 00:00:00,KOTA-N-000,5.25,2300,,,
2001-06-29 00:00:00,KOTA-N-000,5.5,1000,,,
2001-07-02 00:00:00,KOTA-N-000,5.5,1000,,,
2001-07-03 00:00:00,KOTA-N-000,5.5,4900,,,
2001-07-06 00:00:00,KOTA-N-000,5.75,5000,,,
2001-07-09 00:00:00,KOTA-N-000,5.75,500,,,
2001-07-10 00:00:00,KOTA-N-000,5.75,1000,,,
2001-07-11 00:00:00,KOTA-N-000,5.5,4200,,,
2001-07-13 00:00:00,KOTA-N-000,5.5,2000,,,
2001-07-23 00:00:00,KOTA-N-000,5.25,4000,,,
2001-07-24 00:00:00,KOTA-N-000,5,1900,,,
2001-07-26 00:00:00,KOTA-N-000,6,700,,,
2001-07-30 00:00:00,KOTA-N-000,5.75,200,,,
2001-07-31 00:00:00,KOTA-N-000,5.75,3000,,,
2001-08-01 00:00:00,KOTA-N-000,5.5,100,,,
2001-08-09 00:00:00,KOTA-N-000,5.5,200,,,
2001-08-10 00:00:00,KOTA-N-000,5,1000,,,
2001-08-14 00:00:00,KOTA-N-000,5.25,200,,,
2001-08-15 00:00:00,KOTA-N-000,5,5600,,,
2001-08-16 00:00:00,KOTA-N-000,4.75,2400,,,
2001-08-17 00:00:00,KOTA-N-000,5,200,,,
2001-08-20 00:00:00,KOTA-N-000,4.5,2900,,,
2001-08-23 00:00:00,KOTA-N-000,4.75,6000,,,
2001-08-27 00:00:00,KOTA-N-000,4.75,2500,,,
2001-08-30 00:00:00,KOTA-N-000,5,500,,,
2001-09-03 00:00:00,KOTA-N-000,5,10000,,,
2001-09-04 00:00:00,KOTA-N-000,4.75,3300,,,
2001-09-06 00:00:00,KOTA-N-000,4.75,3100,,,
2001-09-07 00:00:00,KOTA-N-000,5,300,,,
2001-09-11 00:00:00,KOTA-N-000,4.5,2000,,,
2001-09-24 00:00:00,KOTA-N-000,4.5,1000,,,
2001-09-26 00:00:00,KOTA-N-000,5,100,,,
2001-10-04 00:00:00,KOTA-N-000,5,700,,,
2001-10-05 00:00:00,KOTA-N-000,5,100,,,
2001-10-08 00:00:00,KOTA-N-000,5,1100,,,
2001-10-09 00:00:00,KOTA-N-000,5.5,17700,,,
2001-10-10 00:00:00,KOTA-N-000,5.75,4500,,,
2001-10-11 00:00:00,KOTA-N-000,6.75,49900,,,
2001-10-12 00:00:00,KOTA-N-000,7,31500,,,
2001-10-15 00:00:00,KOTA-N-000,5,17800,,,
2001-10-16 00:00:00,KOTA-N-000,5.25,20500,,,
2001-10-17 00:00:00,KOTA-N-000,6,4000,,,
2001-10-22 00:00:00,KOTA-N-000,5.75,6700,,,
2001-10-23 00:00:00,KOTA-N-000,5.75,6100,,,
2001-10-24 00:00:00,KOTA-N-000,6,4000,,,
2001-10-25 00:00:00,KOTA-N-000,6,2000,,,
2001-10-26 00:00:00,KOTA-N-000,5.5,30000,,,
2001-10-30 00:00:00,KOTA-N-000,5.75,1000,,,
2001-11-01 00:00:00,KOTA-N-000,5.5,7900,,,
2001-11-05 00:00:00,KOTA-N-000,5.5,100,,,
2001-11-06 00:00:00,KOTA-N-000,5.25,25400,,,
2001-11-07 00:00:00,KOTA-N-000,5.25,3300,,,
2001-11-08 00:00:00,KOTA-N-000,5,600,,,
2001-11-09 00:00:00,KOTA-N-000,5.25,3000,,,
2001-11-12 00:00:00,KOTA-N-000,5.75,2700,,,
2001-11-14 00:00:00,KOTA-N-000,6,2800,,,
2001-11-15 00:00:00,KOTA-N-000,6,500,,,
2001-11-16 00:00:00,KOTA-N-000,6.5,39900,,,
2001-11-19 00:00:00,KOTA-N-000,7,37200,,,
2001-11-20 00:00:00,KOTA-N-000,7.75,56000,,,
2001-11-21 00:00:00,KOTA-N-000,8,39500,,,
2001-11-22 00:00:00,KOTA-N-000,8.5,130100,,,
2001-11-23 00:00:00,KOTA-N-000,8.25,23200,,,
2001-11-26 00:00:00,KOTA-N-000,8,14800,,,
2001-11-27 00:00:00,KOTA-N-000,7.75,37400,,,
2001-11-28 00:00:00,KOTA-N-000,8.5,67800,,,
2001-11-29 00:00:00,KOTA-N-000,8.25,24400,,,
2001-12-04 00:00:00,KOTA-N-000,7.5,18100,,,
2001-12-05 00:00:00,KOTA-N-000,7.5,17000,,,
2001-12-07 00:00:00,KOTA-N-000,9.75,124300,,,
2001-12-10 00:00:00,KOTA-N-000,11,144800,,,
2001-12-11 00:00:00,KOTA-N-000,10.75,33100,,,
2001-12-12 00:00:00,KOTA-N-000,9.5,15800,,,
2001-12-13 00:00:00,KOTA-N-000,9,14800,,,
2001-12-14 00:00:00,KOTA-N-000,10,10300,,,
2001-12-17 00:00:00,KOTA-N-000,8.75,21500,,,
2001-12-18 00:00:00,KOTA-N-000,8,20500,,,
2001-12-19 00:00:00,KOTA-N-000,7,32100,,,
2001-12-20 00:00:00,KOTA-N-000,8,10400,,,
2001-12-21 00:00:00,KOTA-N-000,7.5,500,,,
2001-12-27 00:00:00,KOTA-N-000,8.5,1100,,,
2001-12-28 00:00:00,KOTA-N-000,8.5,3500,,,
2001-12-31 00:00:00,KOTA-N-000,8.5,8300,,,
2002-01-02 00:00:00,KOTA-N-000,8,4300,,,
2002-01-04 00:00:00,KOTA-N-000,8,4600,,,
2002-01-07 00:00:00,KOTA-N-000,8,500,,,
2002-01-08 00:00:00,KOTA-N-000,8,3300,,,
2002-01-15 00:00:00,KOTA-N-000,7.5,2000,,,
2002-01-16 00:00:00,KOTA-N-000,7.5,200,,,
2002-01-18 00:00:00,KOTA-N-000,7.25,600,,,
2002-01-21 00:00:00,KOTA-N-000,8,11000,,,
2002-01-22 00:00:00,KOTA-N-000,7.5,2000,,,
2002-01-24 00:00:00,KOTA-N-000,7.5,1000,,,
2002-01-25 00:00:00,KOTA-N-000,7.5,4500,,,
2002-01-30 00:00:00,KOTA-N-000,7.5,1000,,,
2002-01-31 00:00:00,KOTA-N-000,7,5900,,,
2002-02-01 00:00:00,KOTA-N-000,7,3000,,,
2002-02-06 00:00:00,KOTA-N-000,7,9000,,,
2002-02-07 00:00:00,KOTA-N-000,7.25,200,,,
2001-03-21 00:00:00,KURU-N-000,6.5,100,,,
2001-05-11 00:00:00,KURU-N-000,7,200,,,
2001-05-21 00:00:00,KURU-N-000,7,100,,,
2001-06-22 00:00:00,KURU-N-000,7,500,,,
2001-07-02 00:00:00,KURU-N-000,7,100,,,
2001-07-03 00:00:00,KURU-N-000,7,200,,,
2001-07-06 00:00:00,KURU-N-000,7,100,,,
2001-07-13 00:00:00,KURU-N-000,7,100,,,
2001-10-25 00:00:00,KURU-N-000,3.5,5000,,,
2001-10-26 00:00:00,KURU-N-000,2,137500,,,
2001-11-14 00:00:00,KURU-N-000,3,100,,,
2001-11-16 00:00:00,KURU-N-000,3.25,100,,,
2001-11-19 00:00:00,KURU-N-000,4.5,11000,,,
2001-11-20 00:00:00,KURU-N-000,4.5,100200,,,
2001-11-21 00:00:00,KURU-N-000,4.5,1400,,,
2001-11-22 00:00:00,KURU-N-000,4,6100,,,
2001-11-23 00:00:00,KURU-N-000,3.75,200,,,
2001-11-28 00:00:00,KURU-N-000,4.75,650400,,,
2001-11-29 00:00:00,KURU-N-000,5.5,33300,,,
2001-12-03 00:00:00,KURU-N-000,9.5,794500,,,
2001-12-04 00:00:00,KURU-N-000,9,52000,,,
2001-12-05 00:00:00,KURU-N-000,9,50000,,,
2001-12-07 00:00:00,KURU-N-000,10,11000,,,
2001-12-10 00:00:00,KURU-N-000,10,31200,,,
2001-12-11 00:00:00,KURU-N-000,9.5,31000,,,
2001-12-20 00:00:00,KURU-N-000,9,100,,,
2001-12-28 00:00:00,KURU-N-000,9,500,,,
2001-12-31 00:00:00,KURU-N-000,9.75,41600,,,
2002-01-07 00:00:00,KURU-N-000,9,25000,,,
2002-01-10 00:00:00,KURU-N-000,8,500,,,
2002-01-16 00:00:00,KURU-N-000,8,1000,,,
2002-01-21 00:00:00,KURU-N-000,8,7200,,,
2002-01-24 00:00:00,KURU-N-000,8,5000,,,
2002-01-25 00:00:00,KURU-N-000,8,3700,,,
2002-01-30 00:00:00,KURU-N-000,8,600,,,
2002-02-01 00:00:00,KURU-N-000,8,7500,,,
2002-02-05 00:00:00,KURU-N-000,8.5,100,,,
2002-02-11 00:00:00,KURU-N-000,8,1000,,,
2001-01-03 00:00:00,LALU-N-000,10,4100,,,
2001-01-10 00:00:00,LALU-N-000,10,500,,,
2001-01-16 00:00:00,LALU-N-000,9.75,700,,,
2001-01-18 00:00:00,LALU-N-000,9.75,1000,,,
2001-02-01 00:00:00,LALU-N-000,9.5,27300,,,
2001-02-06 00:00:00,LALU-N-000,9,100,,,
2001-03-07 00:00:00,LALU-N-000,9,500,,,
2001-03-19 00:00:00,LALU-N-000,9.25,500,,,
2001-03-22 00:00:00,LALU-N-000,9.25,500,,,
2001-03-27 00:00:00,LALU-N-000,9,500,,,
2001-04-04 00:00:00,LALU-N-000,9,500,,,
2001-04-05 00:00:00,LALU-N-000,9,1000,,,
2001-04-06 00:00:00,LALU-N-000,8.75,100,,,
2001-04-17 00:00:00,LALU-N-000,8.5,1500,,,
2001-04-18 00:00:00,LALU-N-000,8.25,1600,,,
2001-04-27 00:00:00,LALU-N-000,8.5,1000,,,
2001-05-11 00:00:00,LALU-N-000,8.25,1700,,,
2001-05-15 00:00:00,LALU-N-000,8.25,200,,,
2001-06-04 00:00:00,LALU-N-000,8.25,100,,,
2001-06-06 00:00:00,LALU-N-000,8.25,3000,,,
2001-06-07 00:00:00,LALU-N-000,8.25,1500,,,
2001-07-02 00:00:00,LALU-N-000,8.25,500,,,
2001-07-11 00:00:00,LALU-N-000,8.75,500,,,
2001-07-24 00:00:00,LALU-N-000,8.25,1000,,,
2001-07-27 00:00:00,LALU-N-000,8.5,500,,,
2001-08-07 00:00:00,LALU-N-000,8.5,100,,,
2001-08-09 00:00:00,LALU-N-000,9,1000,,,
2001-08-10 00:00:00,LALU-N-000,8.75,2000,,,
2001-08-14 00:00:00,LALU-N-000,8.5,1000,,,
2001-08-15 00:00:00,LALU-N-000,8.5,200,,,
2001-08-16 00:00:00,LALU-N-000,8.25,200,,,
2001-09-04 00:00:00,LALU-N-000,8.25,2500,,,
2001-09-10 00:00:00,LALU-N-000,8.25,100,,,
2001-09-11 00:00:00,LALU-N-000,8.25,10000,,,
2001-09-21 00:00:00,LALU-N-000,8.5,100,,,
2001-09-24 00:00:00,LALU-N-000,7.5,400,,,
2001-09-25 00:00:00,LALU-N-000,7.5,98100,,,
2001-09-28 00:00:00,LALU-N-000,7.75,1000,,,
2001-10-01 00:00:00,LALU-N-000,7.75,3000,,,
2001-10-05 00:00:00,LALU-N-000,8,3500,,,
2001-10-08 00:00:00,LALU-N-000,8,1300,,,
2001-10-09 00:00:00,LALU-N-000,8.25,2000,,,
2001-10-10 00:00:00,LALU-N-000,9,6000,,,
2001-10-11 00:00:00,LALU-N-000,9,6500,,,
2001-10-12 00:00:00,LALU-N-000,9,2500,,,
2001-10-23 00:00:00,LALU-N-000,9,1000,,,
2001-10-25 00:00:00,LALU-N-000,9,6500,,,
2001-10-26 00:00:00,LALU-N-000,9,100,,,
2001-10-29 00:00:00,LALU-N-000,9,500,,,
2001-10-30 00:00:00,LALU-N-000,9,2200,,,
2001-11-01 00:00:00,LALU-N-000,9,6000,,,
2001-11-02 00:00:00,LALU-N-000,9,6400,,,
2001-11-08 00:00:00,LALU-N-000,9.5,900,,,
2001-11-14 00:00:00,LALU-N-000,9.75,2000,,,
2001-11-15 00:00:00,LALU-N-000,10.5,3000,,,
2001-11-16 00:00:00,LALU-N-000,10.5,1300,,,
2001-11-19 00:00:00,LALU-N-000,11,3600,,,
2001-11-20 00:00:00,LALU-N-000,10.25,10500,,,
2001-11-22 00:00:00,LALU-N-000,10,19100,,,
2001-11-23 00:00:00,LALU-N-000,9.5,9900,,,
2001-11-26 00:00:00,LALU-N-000,9.5,4000,,,
2001-11-27 00:00:00,LALU-N-000,9.5,3000,,,
2001-11-28 00:00:00,LALU-N-000,10,1300,,,
2001-11-29 00:00:00,LALU-N-000,10.5,3400,,,
2001-12-03 00:00:00,LALU-N-000,9.25,3700,,,
2001-12-05 00:00:00,LALU-N-000,9,1000,,,
2001-12-07 00:00:00,LALU-N-000,10,31600,,,
2001-12-10 00:00:00,LALU-N-000,10.75,500,,,
2001-12-11 00:00:00,LALU-N-000,10,15500,,,
2001-12-12 00:00:00,LALU-N-000,10,5000,,,
2001-12-14 00:00:00,LALU-N-000,9.25,200,,,
2001-12-17 00:00:00,LALU-N-000,9.5,2500,,,
2001-12-18 00:00:00,LALU-N-000,9.25,12900,,,
2001-12-21 00:00:00,LALU-N-000,8.75,5000,,,
2001-12-28 00:00:00,LALU-N-000,9.75,2000,,,
2001-12-31 00:00:00,LALU-N-000,9.75,500,,,
2002-01-02 00:00:00,LALU-N-000,10.25,2000,,,
2002-01-03 00:00:00,LALU-N-000,10,2000,,,
2002-01-04 00:00:00,LALU-N-000,9.75,1000,,,
2002-01-07 00:00:00,LALU-N-000,9.75,500,,,
2002-01-08 00:00:00,LALU-N-000,9.5,2000,,,
2002-01-10 00:00:00,LALU-N-000,9.5,1000,,,
2002-01-11 00:00:00,LALU-N-000,9.5,500,,,
2002-01-15 00:00:00,LALU-N-000,8.75,1800,,,
2002-01-16 00:00:00,LALU-N-000,8,2200,,,
2002-01-17 00:00:00,LALU-N-000,8.25,500,,,
2002-01-18 00:00:00,LALU-N-000,8.25,500,,,
2002-01-23 00:00:00,LALU-N-000,8.25,500,,,
2002-01-29 00:00:00,LALU-N-000,9.5,49600,,,
2002-01-30 00:00:00,LALU-N-000,11,90100,,,
2002-01-31 00:00:00,LALU-N-000,10.75,22400,,,
2002-02-01 00:00:00,LALU-N-000,10.75,7100,,,
2002-02-05 00:00:00,LALU-N-000,9.5,3600,,,
2002-02-06 00:00:00,LALU-N-000,9.75,3000,,,
2002-02-08 00:00:00,LALU-N-000,9.75,2100,,,
2001-01-19 00:00:00,ASHO-N-000,12,200,,,
2001-01-23 00:00:00,ASHO-N-000,10,400,,,
2001-01-31 00:00:00,ASHO-N-000,10,400,,,
2001-03-15 00:00:00,ASHO-N-000,12,200,,,
2001-04-04 00:00:00,ASHO-N-000,7,100,,,
2001-04-05 00:00:00,ASHO-N-000,7,2200,,,
2001-05-03 00:00:00,ASHO-N-000,8,100,,,
2001-05-14 00:00:00,ASHO-N-000,8,100,,,
2001-05-16 00:00:00,ASHO-N-000,8,100,,,
2001-05-21 00:00:00,ASHO-N-000,8,100,,,
2001-06-21 00:00:00,ASHO-N-000,8,500,,,
2001-10-09 00:00:00,ASHO-N-000,10,200,,,
2001-10-17 00:00:00,ASHO-N-000,7,200,,,
2001-10-30 00:00:00,ASHO-N-000,6.5,900,,,
2001-12-13 00:00:00,ASHO-N-000,6.5,3900,,,
2002-01-31 00:00:00,ASHO-N-000,9,500,,,
2001-03-07 00:00:00,LCEM-N-000,1.5,1000,,,
2001-04-05 00:00:00,LCEM-N-000,1.5,100,,,
2001-04-06 00:00:00,LCEM-N-000,1.5,1000,,,
2001-04-09 00:00:00,LCEM-N-000,1.5,500,,,
2001-04-18 00:00:00,LCEM-N-000,1.5,100,,,
2001-04-26 00:00:00,LCEM-N-000,1.5,1500,,,
2001-05-15 00:00:00,LCEM-N-000,1.5,100,,,
2001-05-16 00:00:00,LCEM-N-000,1.5,500,,,
2001-07-30 00:00:00,LCEM-N-000,1.25,200,,,
2001-08-09 00:00:00,LCEM-N-000,1.25,300,,,
2001-08-15 00:00:00,LCEM-N-000,1.25,100,,,
2001-10-05 00:00:00,LCEM-N-000,1.25,3000,,,
2001-11-05 00:00:00,LCEM-N-000,1.5,10000,,,
2001-11-22 00:00:00,LCEM-N-000,2.25,500,,,
2001-11-23 00:00:00,LCEM-N-000,3,3000,,,
2001-11-26 00:00:00,LCEM-N-000,3,1100,,,
2001-11-28 00:00:00,LCEM-N-000,3,500,,,
2001-12-03 00:00:00,LCEM-N-000,3.25,400,,,
2001-12-05 00:00:00,LCEM-N-000,4.5,4900,,,
2001-12-07 00:00:00,LCEM-N-000,4.5,3000,,,
2001-12-10 00:00:00,LCEM-N-000,5.5,2000,,,
2001-12-11 00:00:00,LCEM-N-000,5,21800,,,
2001-12-12 00:00:00,LCEM-N-000,4.5,5700,,,
2001-12-13 00:00:00,LCEM-N-000,4.5,1300,,,
2001-12-14 00:00:00,LCEM-N-000,5,100,,,
2001-12-17 00:00:00,LCEM-N-000,4,100,,,
2001-12-19 00:00:00,LCEM-N-000,4,5900,,,
2001-12-27 00:00:00,LCEM-N-000,5,5000,,,
2001-12-28 00:00:00,LCEM-N-000,6,1300,,,
2002-01-02 00:00:00,LCEM-N-000,5,6500,,,
2002-01-03 00:00:00,LCEM-N-000,5,1000,,,
2002-01-04 00:00:00,LCEM-N-000,5.25,100,,,
2002-01-10 00:00:00,LCEM-N-000,5,100,,,
2002-01-11 00:00:00,LCEM-N-000,5,100,,,
2002-01-16 00:00:00,LCEM-N-000,5.75,1900,,,
2002-01-17 00:00:00,LCEM-N-000,5.5,100,,,
2002-01-23 00:00:00,LCEM-N-000,5.5,6100,,,
2002-01-24 00:00:00,LCEM-N-000,5.5,100,,,
2002-01-30 00:00:00,LCEM-N-000,5,1000,,,
2002-01-31 00:00:00,LCEM-N-000,5.25,1100,,,
2002-02-01 00:00:00,LCEM-N-000,5.75,9300,,,
2002-02-05 00:00:00,LCEM-N-000,5.5,1300,,,
2002-02-06 00:00:00,LCEM-N-000,5.75,2700,,,
2002-02-07 00:00:00,LCEM-N-000,5.75,7300,,,
2002-02-11 00:00:00,LCEM-N-000,6.25,18500,,,
2001-01-03 00:00:00,CERA-N-000,15,1800,,,
2001-01-24 00:00:00,CERA-N-000,14,400,,,
2001-01-26 00:00:00,CERA-N-000,13,900,,,
2001-01-29 00:00:00,CERA-N-000,13.5,500,,,
2001-01-31 00:00:00,CERA-N-000,12.5,300,,,
2001-02-08 00:00:00,CERA-N-000,13,4200,,,
2001-02-13 00:00:00,CERA-N-000,12,400,,,
2001-02-26 00:00:00,CERA-N-000,12.5,1000,,,
2001-02-27 00:00:00,CERA-N-000,12,200,,,
2001-03-01 00:00:00,CERA-N-000,18,1600,,,
2001-03-02 00:00:00,CERA-N-000,18.5,6400,,,
2001-03-05 00:00:00,CERA-N-000,18.5,1800,,,
2001-03-06 00:00:00,CERA-N-000,18.5,200,,,
2001-03-07 00:00:00,CERA-N-000,18.5,3900,,,
2001-03-08 00:00:00,CERA-N-000,19,1300,,,
2001-03-12 00:00:00,CERA-N-000,19,500,,,
2001-03-13 00:00:00,CERA-N-000,19,1400,,,
2001-03-14 00:00:00,CERA-N-000,19.25,2100,,,
2001-03-15 00:00:00,CERA-N-000,19,212500,,,
2001-03-16 00:00:00,CERA-N-000,15.25,1200,,,
2001-03-20 00:00:00,CERA-N-000,15,1000,,,
2001-03-22 00:00:00,CERA-N-000,14,100,,,
2001-03-27 00:00:00,CERA-N-000,14,500,,,
2001-03-28 00:00:00,CERA-N-000,14,1000,,,
2001-03-29 00:00:00,CERA-N-000,15,200,,,
2001-04-03 00:00:00,CERA-N-000,14,1000,,,
2001-04-04 00:00:00,CERA-N-000,14,400,,,
2001-04-09 00:00:00,CERA-N-000,14,200,,,
2001-04-10 00:00:00,CERA-N-000,14,2200,,,
2001-04-11 00:00:00,CERA-N-000,14,900,,,
2001-04-18 00:00:00,CERA-N-000,14,100,,,
2001-04-19 00:00:00,CERA-N-000,14.25,4000,,,
2001-04-20 00:00:00,CERA-N-000,14,200,,,
2001-04-23 00:00:00,CERA-N-000,14,300,,,
2001-04-27 00:00:00,CERA-N-000,14,100,,,
2001-05-11 00:00:00,CERA-N-000,14,600,,,
2001-05-21 00:00:00,CERA-N-000,14.25,100,,,
2001-05-31 00:00:00,CERA-N-000,14.25,1000,,,
2001-06-01 00:00:00,CERA-N-000,14,1500,,,
2001-06-04 00:00:00,CERA-N-000,13.5,1100,,,
2001-06-06 00:00:00,CERA-N-000,14,2300,,,
2001-06-13 00:00:00,CERA-N-000,14,900,,,
2001-06-15 00:00:00,CERA-N-000,14,500,,,
2001-06-18 00:00:00,CERA-N-000,14,200,,,
2001-06-19 00:00:00,CERA-N-000,14,300,,,
2001-06-21 00:00:00,CERA-N-000,14,700,,,
2001-06-25 00:00:00,CERA-N-000,14,100,,,
2001-06-26 00:00:00,CERA-N-000,15,2400,,,
2001-06-27 00:00:00,CERA-N-000,15,100,,,
2001-06-29 00:00:00,CERA-N-000,15,1900,,,
2001-07-02 00:00:00,CERA-N-000,15,1300,,,
2001-07-03 00:00:00,CERA-N-000,15,2600,,,
2001-07-09 00:00:00,CERA-N-000,15,700,,,
2001-07-11 00:00:00,CERA-N-000,14.5,400,,,
2001-07-17 00:00:00,CERA-N-000,14.5,800,,,
2001-07-18 00:00:00,CERA-N-000,14.75,500,,,
2001-07-20 00:00:00,CERA-N-000,14.5,1000,,,
2001-07-23 00:00:00,CERA-N-000,15,700,,,
2001-07-26 00:00:00,CERA-N-000,15,500,,,
2001-07-27 00:00:00,CERA-N-000,15,2000,,,
2001-07-31 00:00:00,CERA-N-000,15,1100,,,
2001-08-01 00:00:00,CERA-N-000,15,1000,,,
2001-08-02 00:00:00,CERA-N-000,15,1300,,,
2001-08-06 00:00:00,CERA-N-000,15,200,,,
2001-08-07 00:00:00,CERA-N-000,15,100,,,
2001-08-14 00:00:00,CERA-N-000,14.25,2800,,,
2001-08-15 00:00:00,CERA-N-000,15,1800,,,
2001-08-17 00:00:00,CERA-N-000,15,600,,,
2001-08-29 00:00:00,CERA-N-000,15,200,,,
2001-09-04 00:00:00,CERA-N-000,15.25,400,,,
2001-09-10 00:00:00,CERA-N-000,15,500,,,
2001-09-11 00:00:00,CERA-N-000,15,3000,,,
2001-09-24 00:00:00,CERA-N-000,22.5,2546000,,,
2001-10-04 00:00:00,CERA-N-000,12.75,900,,,
2001-10-10 00:00:00,CERA-N-000,13.75,1100,,,
2001-10-12 00:00:00,CERA-N-000,14.5,800,,,
2001-10-18 00:00:00,CERA-N-000,14.5,200,,,
2001-10-22 00:00:00,CERA-N-000,15,300,,,
2001-10-23 00:00:00,CERA-N-000,15.5,500,,,
2001-10-26 00:00:00,CERA-N-000,15,2000,,,
2001-10-30 00:00:00,CERA-N-000,15,800,,,
2001-11-01 00:00:00,CERA-N-000,14,1800,,,
2001-11-02 00:00:00,CERA-N-000,14,2000,,,
2001-11-05 00:00:00,CERA-N-000,15,100,,,
2001-11-06 00:00:00,CERA-N-000,13.75,700,,,
2001-11-07 00:00:00,CERA-N-000,14,100,,,
2001-11-08 00:00:00,CERA-N-000,13.25,1900,,,
2001-11-12 00:00:00,CERA-N-000,14,1000,,,
2001-11-13 00:00:00,CERA-N-000,15,4200,,,
2001-11-14 00:00:00,CERA-N-000,16,2300,,,
2001-11-15 00:00:00,CERA-N-000,16,1000,,,
2001-11-16 00:00:00,CERA-N-000,19,11800,,,
2001-11-19 00:00:00,CERA-N-000,20.25,34900,,,
2001-11-20 00:00:00,CERA-N-000,24,40500,,,
2001-11-21 00:00:00,CERA-N-000,24,500,,,
2001-11-22 00:00:00,CERA-N-000,24,10900,,,
2001-11-26 00:00:00,CERA-N-000,24,3300,,,
2001-11-27 00:00:00,CERA-N-000,24,1000,,,
2001-12-03 00:00:00,CERA-N-000,24,5700,,,
2001-12-04 00:00:00,CERA-N-000,24,6500,,,
2001-12-05 00:00:00,CERA-N-000,24,100,,,
2001-12-07 00:00:00,CERA-N-000,25,15500,,,
2001-12-11 00:00:00,CERA-N-000,20,411600,,,
2001-12-12 00:00:00,CERA-N-000,21.75,200,,,
2001-12-13 00:00:00,CERA-N-000,22,2000,,,
2001-12-19 00:00:00,CERA-N-000,19,300,,,
2001-12-28 00:00:00,CERA-N-000,18,1000,,,
2001-12-31 00:00:00,CERA-N-000,18,2900,,,
2002-01-02 00:00:00,CERA-N-000,18,700,,,
2002-01-03 00:00:00,CERA-N-000,18.25,200,,,
2002-01-07 00:00:00,CERA-N-000,18,1900,,,
2002-01-08 00:00:00,CERA-N-000,18,400,,,
2002-01-16 00:00:00,CERA-N-000,18,35800,,,
2002-01-17 00:00:00,CERA-N-000,18.25,1300,,,
2002-01-18 00:00:00,CERA-N-000,18.25,1300,,,
2002-01-22 00:00:00,CERA-N-000,18,700,,,
2001-01-02 00:00:00,LMF-N-0000,6.75,3000,,,
2001-01-03 00:00:00,LMF-N-0000,6.75,3500,,,
2001-01-04 00:00:00,LMF-N-0000,6.75,300,,,
2001-01-05 00:00:00,LMF-N-0000,7,28300,,,
2001-01-08 00:00:00,LMF-N-0000,6.75,400,,,
2001-01-11 00:00:00,LMF-N-0000,7,5400,,,
2001-01-12 00:00:00,LMF-N-0000,6.75,600,,,
2001-01-16 00:00:00,LMF-N-0000,7,10300,,,
2001-01-17 00:00:00,LMF-N-0000,7,14700,,,
2001-01-18 00:00:00,LMF-N-0000,7,4600,,,
2001-01-19 00:00:00,LMF-N-0000,7,3000,,,
2001-01-22 00:00:00,LMF-N-0000,6.75,1400,,,
2001-01-23 00:00:00,LMF-N-0000,6.5,11300,,,
2001-01-24 00:00:00,LMF-N-0000,6.5,6000,,,
2001-01-25 00:00:00,LMF-N-0000,6.25,33500,,,
2001-01-26 00:00:00,LMF-N-0000,6.25,7000,,,
2001-01-30 00:00:00,LMF-N-0000,6.25,200,,,
2001-01-31 00:00:00,LMF-N-0000,6.25,7200,,,
2001-02-01 00:00:00,LMF-N-0000,6.25,10400,,,
2001-02-02 00:00:00,LMF-N-0000,6.25,3300,,,
2001-02-06 00:00:00,LMF-N-0000,6.25,7100,,,
2001-02-09 00:00:00,LMF-N-0000,6.25,2000,,,
2001-02-12 00:00:00,LMF-N-0000,6.5,25200,,,
2001-02-13 00:00:00,LMF-N-0000,6.5,4500,,,
2001-02-14 00:00:00,LMF-N-0000,6.5,5000,,,
2001-02-19 00:00:00,LMF-N-0000,6.75,7900,,,
2001-02-20 00:00:00,LMF-N-0000,6.75,500,,,
2001-02-22 00:00:00,LMF-N-0000,6.75,7000,,,
2001-02-23 00:00:00,LMF-N-0000,6.75,1100,,,
2001-02-27 00:00:00,LMF-N-0000,6.5,31400,,,
2001-02-28 00:00:00,LMF-N-0000,6.5,1900,,,
2001-03-01 00:00:00,LMF-N-0000,6.5,34400,,,
2001-03-02 00:00:00,LMF-N-0000,6.5,26300,,,
2001-03-05 00:00:00,LMF-N-0000,6.5,2500,,,
2001-03-06 00:00:00,LMF-N-0000,6.5,2900,,,
2001-03-07 00:00:00,LMF-N-0000,6.5,29800,,,
2001-03-08 00:00:00,LMF-N-0000,6.5,2300,,,
2001-03-12 00:00:00,LMF-N-0000,6.5,28000,,,
2001-03-13 00:00:00,LMF-N-0000,6.5,10000,,,
2001-03-14 00:00:00,LMF-N-0000,6.5,1200,,,
2001-03-15 00:00:00,LMF-N-0000,6.5,10700,,,
2001-03-16 00:00:00,LMF-N-0000,6.25,9700,,,
2001-03-19 00:00:00,LMF-N-0000,6.5,1100,,,
2001-03-21 00:00:00,LMF-N-0000,6.25,4200,,,
2001-03-22 00:00:00,LMF-N-0000,6.25,3300,,,
2001-03-23 00:00:00,LMF-N-0000,6.25,6000,,,
2001-03-26 00:00:00,LMF-N-0000,6.25,1500,,,
2001-03-27 00:00:00,LMF-N-0000,6.25,200,,,
2001-04-03 00:00:00,LMF-N-0000,6,17500,,,
2001-04-04 00:00:00,LMF-N-0000,5.75,10600,,,
2001-04-05 00:00:00,LMF-N-0000,6,16300,,,
2001-04-06 00:00:00,LMF-N-0000,6.25,18200,,,
2001-04-10 00:00:00,LMF-N-0000,6.25,500,,,
2001-04-11 00:00:00,LMF-N-0000,6.25,1000,,,
2001-04-16 00:00:00,LMF-N-0000,6.25,3000,,,
2001-04-17 00:00:00,LMF-N-0000,6.25,8500,,,
2001-04-18 00:00:00,LMF-N-0000,6,8300,,,
2001-04-19 00:00:00,LMF-N-0000,6,9000,,,
2001-04-20 00:00:00,LMF-N-0000,6.25,500,,,
2001-04-23 00:00:00,LMF-N-0000,6.25,5700,,,
2001-04-26 00:00:00,LMF-N-0000,6.25,14500,,,
2001-04-27 00:00:00,LMF-N-0000,6.25,6000,,,
2001-04-30 00:00:00,LMF-N-0000,6,500,,,
2001-05-03 00:00:00,LMF-N-0000,6.25,2000,,,
2001-05-04 00:00:00,LMF-N-0000,6.25,1400,,,
2001-05-09 00:00:00,LMF-N-0000,6.25,100,,,
2001-05-10 00:00:00,LMF-N-0000,6.25,500,,,
2001-05-11 00:00:00,LMF-N-0000,6,7400,,,
2001-05-14 00:00:00,LMF-N-0000,6.25,23900,,,
2001-05-15 00:00:00,LMF-N-0000,6.25,5100,,,
2001-05-16 00:00:00,LMF-N-0000,6.25,1000,,,
2001-05-17 00:00:00,LMF-N-0000,6.25,400,,,
2001-05-18 00:00:00,LMF-N-0000,6.25,1900,,,
2001-05-21 00:00:00,LMF-N-0000,6.25,100,,,
2001-05-24 00:00:00,LMF-N-0000,6.25,9600,,,
2001-05-25 00:00:00,LMF-N-0000,6.5,1000,,,
2001-05-29 00:00:00,LMF-N-0000,6.5,500,,,
2001-05-30 00:00:00,LMF-N-0000,6.5,2500,,,
2001-05-31 00:00:00,LMF-N-0000,6.5,3000,,,
2001-06-01 00:00:00,LMF-N-0000,6.5,300,,,
2001-06-04 00:00:00,LMF-N-0000,6.5,6300,,,
2001-06-06 00:00:00,LMF-N-0000,6.5,3000,,,
2001-06-07 00:00:00,LMF-N-0000,6.25,9000,,,
2001-06-08 00:00:00,LMF-N-0000,6.25,600,,,
2001-06-11 00:00:00,LMF-N-0000,6.25,200,,,
2001-06-14 00:00:00,LMF-N-0000,6.25,3000,,,
2001-06-15 00:00:00,LMF-N-0000,6.5,14500,,,
2001-06-18 00:00:00,LMF-N-0000,6.75,11000,,,
2001-06-19 00:00:00,LMF-N-0000,6.5,3500,,,
2001-06-20 00:00:00,LMF-N-0000,6.75,200,,,
2001-06-21 00:00:00,LMF-N-0000,6.75,23800,,,
2001-06-22 00:00:00,LMF-N-0000,7,18100,,,
2001-06-25 00:00:00,LMF-N-0000,6.75,3200,,,
2001-06-26 00:00:00,LMF-N-0000,6.75,800,,,
2001-06-27 00:00:00,LMF-N-0000,6.75,1000,,,
2001-06-28 00:00:00,LMF-N-0000,6.75,2100,,,
2001-06-29 00:00:00,LMF-N-0000,6.75,1000,,,
2001-07-02 00:00:00,LMF-N-0000,6.75,2500,,,
2001-07-04 00:00:00,LMF-N-0000,7,20000,,,
2001-07-06 00:00:00,LMF-N-0000,7,4500,,,
2001-07-09 00:00:00,LMF-N-0000,7,4700,,,
2001-07-10 00:00:00,LMF-N-0000,7,2000,,,
2001-07-11 00:00:00,LMF-N-0000,7,5500,,,
2001-07-12 00:00:00,LMF-N-0000,7,14200,,,
2001-07-13 00:00:00,LMF-N-0000,7,18100,,,
2001-07-16 00:00:00,LMF-N-0000,7,700,,,
2001-07-17 00:00:00,LMF-N-0000,7,9500,,,
2001-07-18 00:00:00,LMF-N-0000,7,200,,,
2001-07-19 00:00:00,LMF-N-0000,7,2000,,,
2001-07-20 00:00:00,LMF-N-0000,7.25,4500,,,
2001-07-23 00:00:00,LMF-N-0000,7.25,200,,,
2001-07-24 00:00:00,LMF-N-0000,6.75,13800,,,
2001-07-25 00:00:00,LMF-N-0000,7,200,,,
2001-07-26 00:00:00,LMF-N-0000,7,1800,,,
2001-07-31 00:00:00,LMF-N-0000,7.25,100,,,
2001-08-01 00:00:00,LMF-N-0000,7.25,2000,,,
2001-08-02 00:00:00,LMF-N-0000,7.25,1600,,,
2001-08-06 00:00:00,LMF-N-0000,7.25,1100,,,
2001-08-08 00:00:00,LMF-N-0000,7.25,6300,,,
2001-08-09 00:00:00,LMF-N-0000,7.25,1300,,,
2001-08-13 00:00:00,LMF-N-0000,7.25,13100,,,
2001-08-14 00:00:00,LMF-N-0000,7,500,,,
2001-08-15 00:00:00,LMF-N-0000,6.75,1000,,,
2001-08-16 00:00:00,LMF-N-0000,6.75,11500,,,
2001-08-22 00:00:00,LMF-N-0000,6.75,5000,,,
2001-08-23 00:00:00,LMF-N-0000,6.75,2000,,,
2001-08-27 00:00:00,LMF-N-0000,6.75,900,,,
2001-08-30 00:00:00,LMF-N-0000,7.25,2700,,,
2001-08-31 00:00:00,LMF-N-0000,7.25,500,,,
2001-09-03 00:00:00,LMF-N-0000,7,7600,,,
2001-09-05 00:00:00,LMF-N-0000,7.25,1000,,,
2001-09-06 00:00:00,LMF-N-0000,7.25,1000,,,
2001-09-07 00:00:00,LMF-N-0000,7.25,1000,,,
2001-09-10 00:00:00,LMF-N-0000,7.25,2500,,,
2001-09-11 00:00:00,LMF-N-0000,7,11300,,,
2001-09-14 00:00:00,LMF-N-0000,7.25,2400,,,
2001-09-17 00:00:00,LMF-N-0000,7.25,600,,,
2001-09-18 00:00:00,LMF-N-0000,7.25,500,,,
2001-09-19 00:00:00,LMF-N-0000,7.25,10900,,,
2001-09-20 00:00:00,LMF-N-0000,7.25,3900,,,
2001-09-21 00:00:00,LMF-N-0000,6.5,64000,,,
2001-09-24 00:00:00,LMF-N-0000,6.25,59800,,,
2001-09-25 00:00:00,LMF-N-0000,6.25,1300,,,
2001-09-27 00:00:00,LMF-N-0000,6.75,71300,,,
2001-10-03 00:00:00,LMF-N-0000,6.5,4000,,,
2001-10-04 00:00:00,LMF-N-0000,6.5,6000,,,
2001-10-05 00:00:00,LMF-N-0000,6.25,13500,,,
2001-10-08 00:00:00,LMF-N-0000,6.5,300,,,
2001-10-09 00:00:00,LMF-N-0000,6.75,34900,,,
2001-10-10 00:00:00,LMF-N-0000,7,68100,,,
2001-10-11 00:00:00,LMF-N-0000,7.25,125700,,,
2001-10-12 00:00:00,LMF-N-0000,7.75,202900,,,
2001-10-15 00:00:00,LMF-N-0000,7.25,46400,,,
2001-10-16 00:00:00,LMF-N-0000,7,10900,,,
2001-10-17 00:00:00,LMF-N-0000,7,10500,,,
2001-10-18 00:00:00,LMF-N-0000,7.5,1100,,,
2001-10-19 00:00:00,LMF-N-0000,7.25,500,,,
2001-10-22 00:00:00,LMF-N-0000,7.25,4000,,,
2001-10-24 00:00:00,LMF-N-0000,7,9800,,,
2001-10-25 00:00:00,LMF-N-0000,7,20500,,,
2001-10-26 00:00:00,LMF-N-0000,7,3500,,,
2001-10-29 00:00:00,LMF-N-0000,7,8300,,,
2001-10-30 00:00:00,LMF-N-0000,7,5700,,,
2001-11-01 00:00:00,LMF-N-0000,6.75,16500,,,
2001-11-02 00:00:00,LMF-N-0000,6.75,11500,,,
2001-11-08 00:00:00,LMF-N-0000,6.75,1000,,,
2001-11-09 00:00:00,LMF-N-0000,7,16700,,,
2001-11-12 00:00:00,LMF-N-0000,7,1000,,,
2001-11-13 00:00:00,LMF-N-0000,7,3000,,,
2001-11-14 00:00:00,LMF-N-0000,7.25,16300,,,
2001-11-15 00:00:00,LMF-N-0000,8.25,297100,,,
2001-11-16 00:00:00,LMF-N-0000,9.75,1095000,,,
2001-11-19 00:00:00,LMF-N-0000,9.25,74800,,,
2001-11-20 00:00:00,LMF-N-0000,9,74300,,,
2001-11-21 00:00:00,LMF-N-0000,9.25,28400,,,
2001-11-22 00:00:00,LMF-N-0000,9.25,10100,,,
2001-11-23 00:00:00,LMF-N-0000,9,10200,,,
2001-11-26 00:00:00,LMF-N-0000,9,22700,,,
2001-11-27 00:00:00,LMF-N-0000,8.75,14000,,,
2001-11-28 00:00:00,LMF-N-0000,9,102600,,,
2001-11-29 00:00:00,LMF-N-0000,9,67000,,,
2001-12-03 00:00:00,LMF-N-0000,8.75,89800,,,
2001-12-04 00:00:00,LMF-N-0000,9,19500,,,
2001-12-05 00:00:00,LMF-N-0000,8.75,68500,,,
2001-12-07 00:00:00,LMF-N-0000,11.75,421000,,,
2001-12-10 00:00:00,LMF-N-0000,12.25,235700,,,
2001-12-11 00:00:00,LMF-N-0000,12,111700,,,
2001-12-12 00:00:00,LMF-N-0000,11.25,117200,,,
2001-12-13 00:00:00,LMF-N-0000,10,107400,,,
2001-12-14 00:00:00,LMF-N-0000,10.5,69700,,,
2001-12-17 00:00:00,LMF-N-0000,10.5,19000,,,
2001-12-18 00:00:00,LMF-N-0000,9.5,23000,,,
2001-12-19 00:00:00,LMF-N-0000,9.25,11400,,,
2001-12-20 00:00:00,LMF-N-0000,9.5,22200,,,
2001-12-21 00:00:00,LMF-N-0000,9.75,19500,,,
2001-12-27 00:00:00,LMF-N-0000,10,118200,,,
2001-12-28 00:00:00,LMF-N-0000,10.25,64800,,,
2001-12-31 00:00:00,LMF-N-0000,10.25,58700,,,
2002-01-02 00:00:00,LMF-N-0000,9.5,17800,,,
2002-01-03 00:00:00,LMF-N-0000,9.75,19000,,,
2002-01-04 00:00:00,LMF-N-0000,9.75,15800,,,
2002-01-07 00:00:00,LMF-N-0000,9.5,20500,,,
2002-01-08 00:00:00,LMF-N-0000,9.25,44200,,,
2002-01-09 00:00:00,LMF-N-0000,9,20900,,,
2002-01-10 00:00:00,LMF-N-0000,8.5,4500,,,
2002-01-11 00:00:00,LMF-N-0000,8.5,7000,,,
2002-01-15 00:00:00,LMF-N-0000,8.25,47300,,,
2002-01-16 00:00:00,LMF-N-0000,8,25500,,,
2002-01-17 00:00:00,LMF-N-0000,8,12500,,,
2002-01-18 00:00:00,LMF-N-0000,8.5,52400,,,
2002-01-21 00:00:00,LMF-N-0000,8.75,18500,,,
2002-01-22 00:00:00,LMF-N-0000,8.25,14600,,,
2002-01-23 00:00:00,LMF-N-0000,8.25,2500,,,
2002-01-24 00:00:00,LMF-N-0000,8.5,13600,,,
2002-01-25 00:00:00,LMF-N-0000,8.5,1500,,,
2002-01-29 00:00:00,LMF-N-0000,7.75,12000,,,
2002-01-30 00:00:00,LMF-N-0000,8.25,5000,,,
2002-01-31 00:00:00,LMF-N-0000,8.25,8100,,,
2002-02-01 00:00:00,LMF-N-0000,8.25,600,,,
2002-02-05 00:00:00,LMF-N-0000,8,7900,,,
2002-02-06 00:00:00,LMF-N-0000,8.5,7900,,,
2002-02-08 00:00:00,LMF-N-0000,8.5,1000,,,
2002-02-11 00:00:00,LMF-N-0000,8.25,4200,,,
2001-01-02 00:00:00,LOLC-N-000,20,1000,,,
2001-01-03 00:00:00,LOLC-N-000,20,500,,,
2001-01-04 00:00:00,LOLC-N-000,20,200,,,
2001-01-05 00:00:00,LOLC-N-000,19.75,2400,,,
2001-01-08 00:00:00,LOLC-N-000,18,9100,,,
2001-01-10 00:00:00,LOLC-N-000,18,400,,,
2001-01-11 00:00:00,LOLC-N-000,18,1700,,,
2001-01-12 00:00:00,LOLC-N-000,20,401500,,,
2001-01-16 00:00:00,LOLC-N-000,20,300,,,
2001-01-17 00:00:00,LOLC-N-000,20,19600,,,
2001-01-18 00:00:00,LOLC-N-000,20,340900,,,
2001-01-19 00:00:00,LOLC-N-000,19.5,19300,,,
2001-01-22 00:00:00,LOLC-N-000,20,14600,,,
2001-01-23 00:00:00,LOLC-N-000,20,8400,,,
2001-01-24 00:00:00,LOLC-N-000,20,400,,,
2001-01-29 00:00:00,LOLC-N-000,20,1000,,,
2001-01-31 00:00:00,LOLC-N-000,20,2600,,,
2001-02-06 00:00:00,LOLC-N-000,20,1000,,,
2001-02-12 00:00:00,LOLC-N-000,20,1000,,,
2001-02-13 00:00:00,LOLC-N-000,20,500,,,
2001-02-15 00:00:00,LOLC-N-000,18,266400,,,
2001-02-16 00:00:00,LOLC-N-000,20,6000,,,
2001-02-20 00:00:00,LOLC-N-000,21,245600,,,
2001-02-21 00:00:00,LOLC-N-000,21.5,6700,,,
2001-02-22 00:00:00,LOLC-N-000,21,10200,,,
2001-02-23 00:00:00,LOLC-N-000,20.5,2400,,,
2001-02-27 00:00:00,LOLC-N-000,21,1500,,,
2001-03-01 00:00:00,LOLC-N-000,21,1100,,,
2001-03-02 00:00:00,LOLC-N-000,21,500,,,
2001-03-05 00:00:00,LOLC-N-000,21,1200,,,
2001-03-06 00:00:00,LOLC-N-000,21,3600,,,
2001-03-07 00:00:00,LOLC-N-000,21.5,2400,,,
2001-03-08 00:00:00,LOLC-N-000,21.75,9500,,,
2001-03-13 00:00:00,LOLC-N-000,21.5,2000,,,
2001-03-14 00:00:00,LOLC-N-000,21.5,3100,,,
2001-03-15 00:00:00,LOLC-N-000,21.25,300,,,
2001-03-16 00:00:00,LOLC-N-000,21,14400,,,
2001-03-19 00:00:00,LOLC-N-000,21,63000,,,
2001-03-20 00:00:00,LOLC-N-000,21.25,800,,,
2001-03-21 00:00:00,LOLC-N-000,21,600,,,
2001-03-22 00:00:00,LOLC-N-000,21,700,,,
2001-03-23 00:00:00,LOLC-N-000,21,1700,,,
2001-03-27 00:00:00,LOLC-N-000,21,1000,,,
2001-03-29 00:00:00,LOLC-N-000,21,15600,,,
2001-03-30 00:00:00,LOLC-N-000,21.5,2500,,,
2001-04-03 00:00:00,LOLC-N-000,21,600,,,
2001-04-04 00:00:00,LOLC-N-000,20,300,,,
2001-04-05 00:00:00,LOLC-N-000,20.5,16000,,,
2001-04-09 00:00:00,LOLC-N-000,20.5,1000,,,
2001-04-10 00:00:00,LOLC-N-000,21,4200,,,
2001-04-11 00:00:00,LOLC-N-000,21,400,,,
2001-04-16 00:00:00,LOLC-N-000,21,1800,,,
2001-04-18 00:00:00,LOLC-N-000,21.5,1200,,,
2001-04-19 00:00:00,LOLC-N-000,21,39700,,,
2001-04-20 00:00:00,LOLC-N-000,21,500,,,
2001-04-23 00:00:00,LOLC-N-000,21,200,,,
2001-04-24 00:00:00,LOLC-N-000,21,400,,,
2001-04-26 00:00:00,LOLC-N-000,21,600,,,
2001-04-27 00:00:00,LOLC-N-000,21,3000,,,
2001-04-30 00:00:00,LOLC-N-000,22,1200,,,
2001-05-04 00:00:00,LOLC-N-000,22,1500,,,
2001-05-10 00:00:00,LOLC-N-000,22,300,,,
2001-05-11 00:00:00,LOLC-N-000,23,6100,,,
2001-05-14 00:00:00,LOLC-N-000,23,330200,,,
2001-05-15 00:00:00,LOLC-N-000,23.25,5000,,,
2001-05-16 00:00:00,LOLC-N-000,23.5,6000,,,
2001-05-17 00:00:00,LOLC-N-000,23.5,500,,,
2001-05-22 00:00:00,LOLC-N-000,28.25,255200,,,
2001-05-23 00:00:00,LOLC-N-000,27,8200,,,
2001-05-24 00:00:00,LOLC-N-000,27.5,1900,,,
2001-05-25 00:00:00,LOLC-N-000,26,19800,,,
2001-05-28 00:00:00,LOLC-N-000,24.25,200,,,
2001-05-29 00:00:00,LOLC-N-000,24.5,1000,,,
2001-05-30 00:00:00,LOLC-N-000,29.5,2300,,,
2001-05-31 00:00:00,LOLC-N-000,26,1900,,,
2001-06-01 00:00:00,LOLC-N-000,26.25,1700,,,
2001-06-04 00:00:00,LOLC-N-000,26.5,200,,,
2001-06-06 00:00:00,LOLC-N-000,26.5,1000,,,
2001-06-08 00:00:00,LOLC-N-000,26.75,8700,,,
2001-06-11 00:00:00,LOLC-N-000,27,3200,,,
2001-06-12 00:00:00,LOLC-N-000,27,2200,,,
2001-06-13 00:00:00,LOLC-N-000,30,90600,,,
2001-06-14 00:00:00,LOLC-N-000,30.5,16800,,,
2001-06-15 00:00:00,LOLC-N-000,35,487900,,,
2001-06-18 00:00:00,LOLC-N-000,32.25,15100,,,
2001-06-19 00:00:00,LOLC-N-000,32.5,3100,,,
2001-06-20 00:00:00,LOLC-N-000,35,51100,,,
2001-06-21 00:00:00,LOLC-N-000,35,14200,,,
2001-06-22 00:00:00,LOLC-N-000,35,197500,,,
2001-06-25 00:00:00,LOLC-N-000,34,1000,,,
2001-06-26 00:00:00,LOLC-N-000,35,69600,,,
2001-06-27 00:00:00,LOLC-N-000,35,7900,,,
2001-06-28 00:00:00,LOLC-N-000,33.5,13000,,,
2001-06-29 00:00:00,LOLC-N-000,33.25,300,,,
2001-07-02 00:00:00,LOLC-N-000,33,5900,,,
2001-07-03 00:00:00,LOLC-N-000,33,600,,,
2001-07-06 00:00:00,LOLC-N-000,30,23800,,,
2001-07-09 00:00:00,LOLC-N-000,28.5,20900,,,
2001-07-10 00:00:00,LOLC-N-000,28.5,7600,,,
2001-07-11 00:00:00,LOLC-N-000,27.75,2200,,,
2001-07-12 00:00:00,LOLC-N-000,27.5,7900,,,
2001-07-13 00:00:00,LOLC-N-000,27,9000,,,
2001-07-16 00:00:00,LOLC-N-000,26.25,4200,,,
2001-07-17 00:00:00,LOLC-N-000,26.5,1100,,,
2001-07-18 00:00:00,LOLC-N-000,26.5,7300,,,
2001-07-19 00:00:00,LOLC-N-000,26.25,5300,,,
2001-07-20 00:00:00,LOLC-N-000,25,17800,,,
2001-07-23 00:00:00,LOLC-N-000,25,200,,,
2001-07-24 00:00:00,LOLC-N-000,23.5,500,,,
2001-07-25 00:00:00,LOLC-N-000,23.5,1300,,,
2001-07-26 00:00:00,LOLC-N-000,23.25,200,,,
2001-08-01 00:00:00,LOLC-N-000,24.25,500,,,
2001-08-02 00:00:00,LOLC-N-000,25.75,9600,,,
2001-08-06 00:00:00,LOLC-N-000,24.5,5700,,,
2001-08-07 00:00:00,LOLC-N-000,24.5,1200,,,
2001-08-08 00:00:00,LOLC-N-000,24.5,2400,,,
2001-08-13 00:00:00,LOLC-N-000,24.5,2200,,,
2001-08-14 00:00:00,LOLC-N-000,20,9000,,,
2001-08-16 00:00:00,LOLC-N-000,19,8400,,,
2001-08-17 00:00:00,LOLC-N-000,18.5,7700,,,
2001-08-20 00:00:00,LOLC-N-000,19,19100,,,
2001-08-21 00:00:00,LOLC-N-000,21,1300,,,
2001-08-22 00:00:00,LOLC-N-000,19.25,46300,,,
2001-08-23 00:00:00,LOLC-N-000,20,800,,,
2001-08-24 00:00:00,LOLC-N-000,21.25,3900,,,
2001-08-27 00:00:00,LOLC-N-000,24,2400,,,
2001-08-28 00:00:00,LOLC-N-000,21,13900,,,
2001-08-29 00:00:00,LOLC-N-000,23,13600,,,
2001-08-30 00:00:00,LOLC-N-000,22.5,2300,,,
2001-08-31 00:00:00,LOLC-N-000,22.5,3300,,,
2001-09-03 00:00:00,LOLC-N-000,22.25,16900,,,
2001-09-04 00:00:00,LOLC-N-000,22.5,1800,,,
2001-09-05 00:00:00,LOLC-N-000,23.5,5600,,,
2001-09-06 00:00:00,LOLC-N-000,24.25,31200,,,
2001-09-07 00:00:00,LOLC-N-000,26.5,45800,,,
2001-09-10 00:00:00,LOLC-N-000,25.5,2957900,,,
2001-09-11 00:00:00,LOLC-N-000,25.5,7500,,,
2001-09-12 00:00:00,LOLC-N-000,25.5,2800,,,
2001-09-13 00:00:00,LOLC-N-000,26.5,9800,,,
2001-09-14 00:00:00,LOLC-N-000,26.75,6100,,,
2001-09-17 00:00:00,LOLC-N-000,26,14400,,,
2001-09-18 00:00:00,LOLC-N-000,25,13200,,,
2001-09-19 00:00:00,LOLC-N-000,25.25,21200,,,
2001-09-20 00:00:00,LOLC-N-000,25.25,1500,,,
2001-09-21 00:00:00,LOLC-N-000,25.5,3200,,,
2001-09-24 00:00:00,LOLC-N-000,25.75,4000,,,
2001-09-25 00:00:00,LOLC-N-000,25.75,6000,,,
2001-09-26 00:00:00,LOLC-N-000,26.5,400,,,
2001-09-27 00:00:00,LOLC-N-000,26,3000,,,
2001-09-28 00:00:00,LOLC-N-000,26,1600,,,
2001-10-01 00:00:00,LOLC-N-000,25,14900,,,
2001-10-03 00:00:00,LOLC-N-000,25.25,100,,,
2001-10-04 00:00:00,LOLC-N-000,26,500,,,
2001-10-08 00:00:00,LOLC-N-000,25.25,3600,,,
2001-10-09 00:00:00,LOLC-N-000,27,13500,,,
2001-10-10 00:00:00,LOLC-N-000,27.5,17800,,,
2001-10-11 00:00:00,LOLC-N-000,29.75,54200,,,
2001-10-12 00:00:00,LOLC-N-000,30,856000,,,
2001-10-15 00:00:00,LOLC-N-000,29.5,65100,,,
2001-10-16 00:00:00,LOLC-N-000,28.5,18300,,,
2001-10-17 00:00:00,LOLC-N-000,28.25,16000,,,
2001-10-18 00:00:00,LOLC-N-000,29,6700,,,
2001-10-19 00:00:00,LOLC-N-000,30.5,43800,,,
2001-10-22 00:00:00,LOLC-N-000,35,59100,,,
2001-10-23 00:00:00,LOLC-N-000,38,131200,,,
2001-10-24 00:00:00,LOLC-N-000,37.5,38100,,,
2001-10-25 00:00:00,LOLC-N-000,37,16500,,,
2001-10-26 00:00:00,LOLC-N-000,44.75,2683700,,,
2001-10-29 00:00:00,LOLC-N-000,44,23700,,,
2001-10-30 00:00:00,LOLC-N-000,45,14500,,,
2001-11-01 00:00:00,LOLC-N-000,43.75,11600,,,
2001-11-02 00:00:00,LOLC-N-000,45,27800,,,
2001-11-05 00:00:00,LOLC-N-000,45.5,8500,,,
2001-11-06 00:00:00,LOLC-N-000,45,1700,,,
2001-11-07 00:00:00,LOLC-N-000,45,8400,,,
2001-11-08 00:00:00,LOLC-N-000,45.25,5900,,,
2001-11-09 00:00:00,LOLC-N-000,45,62500,,,
2001-11-12 00:00:00,LOLC-N-000,46,13000,,,
2001-11-13 00:00:00,LOLC-N-000,46.5,2200,,,
2001-11-14 00:00:00,LOLC-N-000,48,10800,,,
2001-11-15 00:00:00,LOLC-N-000,48,400,,,
2001-11-16 00:00:00,LOLC-N-000,55,45100,,,
2001-11-19 00:00:00,LOLC-N-000,55,16800,,,
2001-11-20 00:00:00,LOLC-N-000,54.25,2700,,,
2001-11-21 00:00:00,LOLC-N-000,54,400,,,
2001-11-22 00:00:00,LOLC-N-000,54,5500,,,
2001-11-23 00:00:00,LOLC-N-000,53.25,5600,,,
2001-11-26 00:00:00,LOLC-N-000,52,9800,,,
2001-11-27 00:00:00,LOLC-N-000,51,7300,,,
2001-11-28 00:00:00,LOLC-N-000,52,19500,,,
2001-11-29 00:00:00,LOLC-N-000,52,3500,,,
2001-12-03 00:00:00,LOLC-N-000,52,8300,,,
2001-12-04 00:00:00,LOLC-N-000,51,14500,,,
2001-12-05 00:00:00,LOLC-N-000,52.5,5200,,,
2001-12-07 00:00:00,LOLC-N-000,60,55500,,,
2001-12-10 00:00:00,LOLC-N-000,67,34700,,,
2001-12-11 00:00:00,LOLC-N-000,62.25,27800,,,
2001-12-12 00:00:00,LOLC-N-000,65,14600,,,
2001-12-13 00:00:00,LOLC-N-000,55.5,7500,,,
2001-12-17 00:00:00,LOLC-N-000,57.25,2700,,,
2001-12-18 00:00:00,LOLC-N-000,55.25,2700,,,
2001-12-19 00:00:00,LOLC-N-000,55.25,1000,,,
2001-12-20 00:00:00,LOLC-N-000,54,2400,,,
2001-12-21 00:00:00,LOLC-N-000,55,4000,,,
2001-12-27 00:00:00,LOLC-N-000,57,3800,,,
2001-12-28 00:00:00,LOLC-N-000,59,3200,,,
2001-12-31 00:00:00,LOLC-N-000,59.75,300,,,
2002-01-02 00:00:00,LOLC-N-000,56,4900,,,
2002-01-04 00:00:00,LOLC-N-000,56.25,100,,,
2002-01-07 00:00:00,LOLC-N-000,56,200,,,
2002-01-08 00:00:00,LOLC-N-000,55,300,,,
2002-01-09 00:00:00,LOLC-N-000,55,800,,,
2002-01-10 00:00:00,LOLC-N-000,52,2200,,,
2002-01-11 00:00:00,LOLC-N-000,51,400,,,
2002-01-15 00:00:00,LOLC-N-000,50,4400,,,
2002-01-18 00:00:00,LOLC-N-000,50,9100,,,
2002-01-21 00:00:00,LOLC-N-000,55,2800,,,
2002-01-22 00:00:00,LOLC-N-000,53,200,,,
2002-01-23 00:00:00,LOLC-N-000,50,1000,,,
2002-01-24 00:00:00,LOLC-N-000,51,1200,,,
2002-01-25 00:00:00,LOLC-N-000,51.25,4600,,,
2002-01-29 00:00:00,LOLC-N-000,51.25,5900,,,
2002-01-30 00:00:00,LOLC-N-000,51.5,1900,,,
2002-01-31 00:00:00,LOLC-N-000,51.75,3000,,,
2002-02-01 00:00:00,LOLC-N-000,51.5,2100,,,
2002-02-05 00:00:00,LOLC-N-000,51.5,1000,,,
2002-02-06 00:00:00,LOLC-N-000,51.5,600,,,
2002-02-08 00:00:00,LOLC-N-000,50,500,,,
2002-02-11 00:00:00,LOLC-N-000,50,1000,,,
2001-01-02 00:00:00,TILE-N-000,15,2600,,,
2001-01-05 00:00:00,TILE-N-000,15,500,,,
2001-01-08 00:00:00,TILE-N-000,15,2300,,,
2001-01-10 00:00:00,TILE-N-000,15,2000,,,
2001-01-12 00:00:00,TILE-N-000,15,900,,,
2001-01-16 00:00:00,TILE-N-000,15,100,,,
2001-01-17 00:00:00,TILE-N-000,15,1600,,,
2001-01-18 00:00:00,TILE-N-000,15,2300,,,
2001-01-19 00:00:00,TILE-N-000,14.75,1300,,,
2001-01-22 00:00:00,TILE-N-000,14.75,1600,,,
2001-01-23 00:00:00,TILE-N-000,15,22400,,,
2001-01-24 00:00:00,TILE-N-000,15.25,500,,,
2001-01-25 00:00:00,TILE-N-000,14.75,2400,,,
2001-01-30 00:00:00,TILE-N-000,15,69500,,,
2001-01-31 00:00:00,TILE-N-000,15,4900,,,
2001-02-01 00:00:00,TILE-N-000,15,1200,,,
2001-02-08 00:00:00,TILE-N-000,15,200,,,
2001-02-09 00:00:00,TILE-N-000,15.25,200,,,
2001-02-13 00:00:00,TILE-N-000,16.25,10300,,,
2001-02-20 00:00:00,TILE-N-000,16.25,10500,,,
2001-02-21 00:00:00,TILE-N-000,16.75,4100,,,
2001-02-22 00:00:00,TILE-N-000,17,3700,,,
2001-02-23 00:00:00,TILE-N-000,17,5500,,,
2001-02-26 00:00:00,TILE-N-000,17,300,,,
2001-02-27 00:00:00,TILE-N-000,17.25,4500,,,
2001-02-28 00:00:00,TILE-N-000,19.5,59100,,,
2001-03-01 00:00:00,TILE-N-000,19.5,53700,,,
2001-03-02 00:00:00,TILE-N-000,19.5,61700,,,
2001-03-05 00:00:00,TILE-N-000,19.25,9600,,,
2001-03-06 00:00:00,TILE-N-000,19.75,10300,,,
2001-03-07 00:00:00,TILE-N-000,19.75,69200,,,
2001-03-12 00:00:00,TILE-N-000,16,500,,,
2001-03-13 00:00:00,TILE-N-000,15.75,3400,,,
2001-03-15 00:00:00,TILE-N-000,15.75,3400,,,
2001-03-16 00:00:00,TILE-N-000,15.75,2200,,,
2001-03-19 00:00:00,TILE-N-000,15.5,6500,,,
2001-03-20 00:00:00,TILE-N-000,15.25,4600,,,
2001-03-22 00:00:00,TILE-N-000,15.25,800,,,
2001-03-23 00:00:00,TILE-N-000,15,300,,,
2001-03-26 00:00:00,TILE-N-000,15,13500,,,
2001-03-27 00:00:00,TILE-N-000,14.75,10700,,,
2001-03-28 00:00:00,TILE-N-000,14.75,900,,,
2001-03-29 00:00:00,TILE-N-000,14.75,700,,,
2001-03-30 00:00:00,TILE-N-000,15.25,3200,,,
2001-04-02 00:00:00,TILE-N-000,15.5,1100,,,
2001-04-03 00:00:00,TILE-N-000,15.5,100,,,
2001-04-04 00:00:00,TILE-N-000,15,3200,,,
2001-04-05 00:00:00,TILE-N-000,15.25,900,,,
2001-04-06 00:00:00,TILE-N-000,15.25,6800,,,
2001-04-09 00:00:00,TILE-N-000,15.25,900,,,
2001-04-11 00:00:00,TILE-N-000,15.5,100,,,
2001-04-18 00:00:00,TILE-N-000,15.5,1100,,,
2001-04-20 00:00:00,TILE-N-000,15.5,100,,,
2001-04-23 00:00:00,TILE-N-000,15.5,100,,,
2001-04-27 00:00:00,TILE-N-000,15.5,2800,,,
2001-05-03 00:00:00,TILE-N-000,15.5,900,,,
2001-05-04 00:00:00,TILE-N-000,16.25,2700,,,
2001-05-11 00:00:00,TILE-N-000,16.5,4200,,,
2001-05-15 00:00:00,TILE-N-000,16.5,1000,,,
2001-05-17 00:00:00,TILE-N-000,17,10100,,,
2001-05-18 00:00:00,TILE-N-000,17,8900,,,
2001-05-21 00:00:00,TILE-N-000,17,100500,,,
2001-05-22 00:00:00,TILE-N-000,17,1600,,,
2001-05-23 00:00:00,TILE-N-000,17.25,5500,,,
2001-05-24 00:00:00,TILE-N-000,17.25,200,,,
2001-05-25 00:00:00,TILE-N-000,17.25,200,,,
2001-05-28 00:00:00,TILE-N-000,18,400,,,
2001-05-31 00:00:00,TILE-N-000,17.5,700,,,
2001-06-04 00:00:00,TILE-N-000,16,100,,,
2001-06-11 00:00:00,TILE-N-000,16.75,600,,,
2001-06-12 00:00:00,TILE-N-000,17,2100,,,
2001-06-13 00:00:00,TILE-N-000,16.75,500,,,
2001-06-18 00:00:00,TILE-N-000,17.5,600,,,
2001-06-19 00:00:00,TILE-N-000,17,500,,,
2001-06-21 00:00:00,TILE-N-000,17.5,2400,,,
2001-06-22 00:00:00,TILE-N-000,17.75,500,,,
2001-06-25 00:00:00,TILE-N-000,17.25,700,,,
2001-06-26 00:00:00,TILE-N-000,18.75,23300,,,
2001-06-27 00:00:00,TILE-N-000,19.5,57400,,,
2001-06-28 00:00:00,TILE-N-000,19.25,5500,,,
2001-06-29 00:00:00,TILE-N-000,19.5,19100,,,
2001-07-02 00:00:00,TILE-N-000,19.5,500,,,
2001-07-03 00:00:00,TILE-N-000,20,1210300,,,
2001-07-04 00:00:00,TILE-N-000,20,43500,,,
2001-07-06 00:00:00,TILE-N-000,20,142500,,,
2001-07-09 00:00:00,TILE-N-000,20,31600,,,
2001-07-10 00:00:00,TILE-N-000,20,19500,,,
2001-07-11 00:00:00,TILE-N-000,19.5,2100,,,
2001-07-12 00:00:00,TILE-N-000,19.75,5500,,,
2001-07-13 00:00:00,TILE-N-000,20,1800,,,
2001-07-16 00:00:00,TILE-N-000,20,1800,,,
2001-07-19 00:00:00,TILE-N-000,20,1100,,,
2001-07-20 00:00:00,TILE-N-000,19.5,100,,,
2001-07-23 00:00:00,TILE-N-000,19.5,600,,,
2001-07-27 00:00:00,TILE-N-000,19.5,100,,,
2001-07-30 00:00:00,TILE-N-000,19.5,400,,,
2001-08-01 00:00:00,TILE-N-000,19.75,400,,,
2001-08-06 00:00:00,TILE-N-000,19.5,100,,,
2001-08-07 00:00:00,TILE-N-000,19.5,500,,,
2001-08-10 00:00:00,TILE-N-000,19.5,1200,,,
2001-08-13 00:00:00,TILE-N-000,19.5,200,,,
2001-08-14 00:00:00,TILE-N-000,19,2900,,,
2001-08-15 00:00:00,TILE-N-000,18.75,2500,,,
2001-08-16 00:00:00,TILE-N-000,18.5,1000,,,
2001-08-17 00:00:00,TILE-N-000,18,500,,,
2001-08-20 00:00:00,TILE-N-000,18,6900,,,
2001-08-22 00:00:00,TILE-N-000,18.5,2100,,,
2001-08-23 00:00:00,TILE-N-000,18.25,1000,,,
2001-08-28 00:00:00,TILE-N-000,18.75,700,,,
2001-08-29 00:00:00,TILE-N-000,18.75,1000,,,
2001-08-30 00:00:00,TILE-N-000,19,2100,,,
2001-09-04 00:00:00,TILE-N-000,19.75,200,,,
2001-09-06 00:00:00,TILE-N-000,19.75,37300,,,
2001-09-07 00:00:00,TILE-N-000,20,12400,,,
2001-09-10 00:00:00,TILE-N-000,19.75,72700,,,
2001-09-11 00:00:00,TILE-N-000,20.25,1400,,,
2001-09-12 00:00:00,TILE-N-000,20,10300,,,
2001-09-13 00:00:00,TILE-N-000,20.5,34100,,,
2001-09-14 00:00:00,TILE-N-000,18.75,4500,,,
2001-09-17 00:00:00,TILE-N-000,18.5,5000,,,
2001-09-19 00:00:00,TILE-N-000,18,500,,,
2001-09-20 00:00:00,TILE-N-000,18,2100,,,
2001-09-21 00:00:00,TILE-N-000,18.75,2500,,,
2001-09-24 00:00:00,TILE-N-000,18.5,700,,,
2001-09-25 00:00:00,TILE-N-000,19,3400,,,
2001-09-26 00:00:00,TILE-N-000,19,3100,,,
2001-09-27 00:00:00,TILE-N-000,19.5,2700,,,
2001-09-28 00:00:00,TILE-N-000,19.5,3300,,,
2001-10-01 00:00:00,TILE-N-000,19.75,3500,,,
2001-10-03 00:00:00,TILE-N-000,19.75,1300,,,
2001-10-04 00:00:00,TILE-N-000,19.75,400,,,
2001-10-05 00:00:00,TILE-N-000,19.75,6600,,,
2001-10-08 00:00:00,TILE-N-000,19.75,3900,,,
2001-10-09 00:00:00,TILE-N-000,20.25,4300,,,
2001-10-10 00:00:00,TILE-N-000,20.5,3600,,,
2001-10-11 00:00:00,TILE-N-000,22,16200,,,
2001-10-12 00:00:00,TILE-N-000,22,27600,,,
2001-10-15 00:00:00,TILE-N-000,20.75,1700,,,
2001-10-16 00:00:00,TILE-N-000,20.75,1400,,,
2001-10-17 00:00:00,TILE-N-000,21,3200,,,
2001-10-18 00:00:00,TILE-N-000,21.75,1300,,,
2001-10-19 00:00:00,TILE-N-000,22,6900,,,
2001-10-22 00:00:00,TILE-N-000,23,3800,,,
2001-10-23 00:00:00,TILE-N-000,23.75,25000,,,
2001-10-24 00:00:00,TILE-N-000,24,12800,,,
2001-10-25 00:00:00,TILE-N-000,24,14000,,,
2001-10-26 00:00:00,TILE-N-000,24.25,19000,,,
2001-10-29 00:00:00,TILE-N-000,24,7300,,,
2001-10-30 00:00:00,TILE-N-000,24,32000,,,
2001-11-01 00:00:00,TILE-N-000,24,500,,,
2001-11-02 00:00:00,TILE-N-000,24,8000,,,
2001-11-05 00:00:00,TILE-N-000,24,5000,,,
2001-11-06 00:00:00,TILE-N-000,24,14100,,,
2001-11-07 00:00:00,TILE-N-000,30,600,,,
2001-11-08 00:00:00,TILE-N-000,25,7000,,,
2001-11-09 00:00:00,TILE-N-000,25.25,3200,,,
2001-11-12 00:00:00,TILE-N-000,26.5,8300,,,
2001-11-13 00:00:00,TILE-N-000,26.5,11800,,,
2001-11-14 00:00:00,TILE-N-000,28,9600,,,
2001-11-15 00:00:00,TILE-N-000,28,1500,,,
2001-11-16 00:00:00,TILE-N-000,31,519600,,,
2001-11-19 00:00:00,TILE-N-000,31.25,16400,,,
2001-11-20 00:00:00,TILE-N-000,31,30300,,,
2001-11-21 00:00:00,TILE-N-000,31.5,33300,,,
2001-11-22 00:00:00,TILE-N-000,31.5,2000,,,
2001-11-23 00:00:00,TILE-N-000,30,5300,,,
2001-11-26 00:00:00,TILE-N-000,29.5,34700,,,
2001-11-28 00:00:00,TILE-N-000,31,13400,,,
2001-11-29 00:00:00,TILE-N-000,32,18100,,,
2001-12-03 00:00:00,TILE-N-000,31.5,27300,,,
2001-12-04 00:00:00,TILE-N-000,30.5,21300,,,
2001-12-05 00:00:00,TILE-N-000,30.5,7200,,,
2001-12-07 00:00:00,TILE-N-000,36,46100,,,
2001-12-10 00:00:00,TILE-N-000,40.25,256200,,,
2001-12-11 00:00:00,TILE-N-000,36,25700,,,
2001-12-12 00:00:00,TILE-N-000,35.5,1002300,,,
2001-12-13 00:00:00,TILE-N-000,34,48300,,,
2001-12-14 00:00:00,TILE-N-000,35.5,22100,,,
2001-12-17 00:00:00,TILE-N-000,36,54600,,,
2001-12-18 00:00:00,TILE-N-000,35,17600,,,
2001-12-19 00:00:00,TILE-N-000,34.75,9000,,,
2001-12-20 00:00:00,TILE-N-000,35.5,900,,,
2001-12-21 00:00:00,TILE-N-000,35,900,,,
2001-12-27 00:00:00,TILE-N-000,35.75,200,,,
2001-12-28 00:00:00,TILE-N-000,36.25,13100,,,
2001-12-31 00:00:00,TILE-N-000,37,76300,,,
2002-01-02 00:00:00,TILE-N-000,36.5,1000,,,
2002-01-03 00:00:00,TILE-N-000,37,11200,,,
2002-01-04 00:00:00,TILE-N-000,37,10500,,,
2002-01-07 00:00:00,TILE-N-000,35.5,2300,,,
2002-01-08 00:00:00,TILE-N-000,35.25,3400,,,
2002-01-09 00:00:00,TILE-N-000,35.5,5400,,,
2002-01-10 00:00:00,TILE-N-000,35.5,13900,,,
2002-01-11 00:00:00,TILE-N-000,35.75,13300,,,
2002-01-15 00:00:00,TILE-N-000,36,21900,,,
2002-01-16 00:00:00,TILE-N-000,33,2300,,,
2002-01-17 00:00:00,TILE-N-000,30,5000,,,
2002-01-21 00:00:00,TILE-N-000,30.25,1200,,,
2002-01-22 00:00:00,TILE-N-000,30,20000,,,
2002-01-23 00:00:00,TILE-N-000,32,38400,,,
2002-01-24 00:00:00,TILE-N-000,33,176400,,,
2002-01-25 00:00:00,TILE-N-000,34,393800,,,
2002-01-29 00:00:00,TILE-N-000,33,5200,,,
2002-01-30 00:00:00,TILE-N-000,33.5,11500,,,
2002-02-01 00:00:00,TILE-N-000,33,5000,,,
2002-02-05 00:00:00,TILE-N-000,33,1900,,,
2002-02-06 00:00:00,TILE-N-000,33.75,500,,,
2002-02-07 00:00:00,TILE-N-000,36.75,3500,,,
2002-02-08 00:00:00,TILE-N-000,35,1000,,,
2002-02-11 00:00:00,TILE-N-000,35.5,2500,,,
2001-01-10 00:00:00,LVEN-N-000,7.5,1500,,,
2001-01-11 00:00:00,LVEN-N-000,7.75,100,,,
2001-01-22 00:00:00,LVEN-N-000,7.5,1000,,,
2001-03-14 00:00:00,LVEN-N-000,7,10000,,,
2001-03-27 00:00:00,LVEN-N-000,6.75,400,,,
2001-04-02 00:00:00,LVEN-N-000,6.25,30000,,,
2001-04-03 00:00:00,LVEN-N-000,6.5,500,,,
2001-04-04 00:00:00,LVEN-N-000,6.5,100,,,
2001-04-10 00:00:00,LVEN-N-000,6.5,100,,,
2001-05-16 00:00:00,LVEN-N-000,6.75,500,,,
2001-05-21 00:00:00,LVEN-N-000,7,200,,,
2001-05-24 00:00:00,LVEN-N-000,7.25,500,,,
2001-05-25 00:00:00,LVEN-N-000,7.25,200,,,
2001-06-07 00:00:00,LVEN-N-000,6.75,1000,,,
2001-06-11 00:00:00,LVEN-N-000,7,200,,,
2001-06-12 00:00:00,LVEN-N-000,7,2000,,,
2001-06-13 00:00:00,LVEN-N-000,7,4000,,,
2001-06-21 00:00:00,LVEN-N-000,7,3000,,,
2001-06-22 00:00:00,LVEN-N-000,7,1800,,,
2001-07-03 00:00:00,LVEN-N-000,7.5,400,,,
2001-07-06 00:00:00,LVEN-N-000,7.25,200,,,
2001-07-10 00:00:00,LVEN-N-000,7.25,2600,,,
2001-07-11 00:00:00,LVEN-N-000,7,100,,,
2001-07-12 00:00:00,LVEN-N-000,7.25,4900,,,
2001-08-17 00:00:00,LVEN-N-000,7,1000,,,
2001-09-03 00:00:00,LVEN-N-000,6,5100,,,
2001-09-04 00:00:00,LVEN-N-000,6,1000,,,
2001-09-05 00:00:00,LVEN-N-000,6,400,,,
2001-09-11 00:00:00,LVEN-N-000,6.25,1000,,,
2001-09-18 00:00:00,LVEN-N-000,7,300,,,
2001-09-20 00:00:00,LVEN-N-000,6.25,400,,,
2001-09-26 00:00:00,LVEN-N-000,6.75,2200,,,
2001-09-28 00:00:00,LVEN-N-000,6.5,7050000,,,
2001-10-01 00:00:00,LVEN-N-000,6.5,773000,,,
2001-10-03 00:00:00,LVEN-N-000,6.5,22100,,,
2001-10-09 00:00:00,LVEN-N-000,6.5,2000,,,
2001-10-10 00:00:00,LVEN-N-000,6.75,500,,,
2001-10-11 00:00:00,LVEN-N-000,7,5500,,,
2001-10-12 00:00:00,LVEN-N-000,7,2900,,,
2001-10-15 00:00:00,LVEN-N-000,7,25400,,,
2001-10-16 00:00:00,LVEN-N-000,6.75,107600,,,
2001-10-17 00:00:00,LVEN-N-000,7,100,,,
2001-10-19 00:00:00,LVEN-N-000,6.75,2400,,,
2001-10-22 00:00:00,LVEN-N-000,7,12000,,,
2001-10-23 00:00:00,LVEN-N-000,7,7500,,,
2001-10-24 00:00:00,LVEN-N-000,7,4000,,,
2001-10-25 00:00:00,LVEN-N-000,6.75,600,,,
2001-11-02 00:00:00,LVEN-N-000,6.5,4000,,,
2001-11-09 00:00:00,LVEN-N-000,6.25,30000,,,
2001-11-15 00:00:00,LVEN-N-000,6.5,17000,,,
2001-11-16 00:00:00,LVEN-N-000,7,16500,,,
2001-11-19 00:00:00,LVEN-N-000,7.5,62500,,,
2001-11-20 00:00:00,LVEN-N-000,7.5,1892400,,,
2001-11-22 00:00:00,LVEN-N-000,9,250300,,,
2001-11-23 00:00:00,LVEN-N-000,8.5,106100,,,
2001-11-26 00:00:00,LVEN-N-000,8.5,15400,,,
2001-11-27 00:00:00,LVEN-N-000,8.25,27500,,,
2001-11-28 00:00:00,LVEN-N-000,9,53700,,,
2001-11-29 00:00:00,LVEN-N-000,9.25,125300,,,
2001-12-03 00:00:00,LVEN-N-000,8.75,15000,,,
2001-12-04 00:00:00,LVEN-N-000,8.5,24000,,,
2001-12-05 00:00:00,LVEN-N-000,9.25,45000,,,
2001-12-07 00:00:00,LVEN-N-000,11,266200,,,
2001-12-10 00:00:00,LVEN-N-000,12,211200,,,
2001-12-11 00:00:00,LVEN-N-000,11.5,77600,,,
2001-12-12 00:00:00,LVEN-N-000,10.25,142300,,,
2001-12-13 00:00:00,LVEN-N-000,9.5,46200,,,
2001-12-14 00:00:00,LVEN-N-000,10,60200,,,
2001-12-17 00:00:00,LVEN-N-000,10,25100,,,
2001-12-18 00:00:00,LVEN-N-000,9.25,38400,,,
2001-12-19 00:00:00,LVEN-N-000,8.75,56600,,,
2001-12-20 00:00:00,LVEN-N-000,9.5,52000,,,
2001-12-21 00:00:00,LVEN-N-000,9.5,10600,,,
2001-12-27 00:00:00,LVEN-N-000,10,4000,,,
2001-12-28 00:00:00,LVEN-N-000,10,1500,,,
2001-12-31 00:00:00,LVEN-N-000,10.5,89900,,,
2002-01-02 00:00:00,LVEN-N-000,9.75,47700,,,
2002-01-03 00:00:00,LVEN-N-000,10,13300,,,
2002-01-04 00:00:00,LVEN-N-000,9.75,2300,,,
2002-01-07 00:00:00,LVEN-N-000,10,13200,,,
2002-01-10 00:00:00,LVEN-N-000,9,2100,,,
2002-01-11 00:00:00,LVEN-N-000,9.25,2800,,,
2002-01-15 00:00:00,LVEN-N-000,9,58400,,,
2002-01-16 00:00:00,LVEN-N-000,8.5,60600,,,
2002-01-17 00:00:00,LVEN-N-000,8.25,7300,,,
2002-01-21 00:00:00,LVEN-N-000,9,4400,,,
2002-01-22 00:00:00,LVEN-N-000,8.5,4100,,,
2002-01-23 00:00:00,LVEN-N-000,8.5,5000,,,
2002-01-29 00:00:00,LVEN-N-000,9,5200,,,
2002-01-31 00:00:00,LVEN-N-000,8.5,2000,,,
2002-02-01 00:00:00,LVEN-N-000,9,100,,,
2002-02-07 00:00:00,LVEN-N-000,8.5,10300,,,
2002-02-08 00:00:00,LVEN-N-000,9,69600,,,
2001-01-02 00:00:00,LWL-N-0000,6.75,13000,,,
2001-01-03 00:00:00,LWL-N-0000,6.75,17200,,,
2001-01-04 00:00:00,LWL-N-0000,7,18200,,,
2001-01-05 00:00:00,LWL-N-0000,7,15500,,,
2001-01-08 00:00:00,LWL-N-0000,7,1400,,,
2001-01-10 00:00:00,LWL-N-0000,6.75,13200,,,
2001-01-11 00:00:00,LWL-N-0000,7,3000,,,
2001-01-12 00:00:00,LWL-N-0000,6.75,33300,,,
2001-01-16 00:00:00,LWL-N-0000,6.25,7000,,,
2001-01-17 00:00:00,LWL-N-0000,6.5,1600,,,
2001-01-18 00:00:00,LWL-N-0000,6.5,15300,,,
2001-01-19 00:00:00,LWL-N-0000,6.5,17400,,,
2001-01-22 00:00:00,LWL-N-0000,6.25,49600,,,
2001-01-23 00:00:00,LWL-N-0000,6.5,12000,,,
2001-01-24 00:00:00,LWL-N-0000,6.5,3000,,,
2001-01-25 00:00:00,LWL-N-0000,6.25,4000,,,
2001-01-26 00:00:00,LWL-N-0000,6.5,3500,,,
2001-01-30 00:00:00,LWL-N-0000,6.5,15000,,,
2001-01-31 00:00:00,LWL-N-0000,6.25,15200,,,
2001-02-01 00:00:00,LWL-N-0000,6.5,25800,,,
2001-02-02 00:00:00,LWL-N-0000,6.25,7200,,,
2001-02-06 00:00:00,LWL-N-0000,6.5,1100,,,
2001-02-08 00:00:00,LWL-N-0000,6.5,2000,,,
2001-02-09 00:00:00,LWL-N-0000,6.25,1000,,,
2001-02-12 00:00:00,LWL-N-0000,6.5,8100,,,
2001-02-13 00:00:00,LWL-N-0000,6.5,10100,,,
2001-02-14 00:00:00,LWL-N-0000,6.5,82200,,,
2001-02-15 00:00:00,LWL-N-0000,6.25,7500,,,
2001-02-16 00:00:00,LWL-N-0000,6.5,15000,,,
2001-02-19 00:00:00,LWL-N-0000,6.5,100,,,
2001-02-20 00:00:00,LWL-N-0000,6.5,300,,,
2001-02-21 00:00:00,LWL-N-0000,6.75,36000,,,
2001-02-22 00:00:00,LWL-N-0000,6.75,1500,,,
2001-02-23 00:00:00,LWL-N-0000,6.5,2100,,,
2001-02-26 00:00:00,LWL-N-0000,6.5,3500,,,
2001-02-27 00:00:00,LWL-N-0000,6.5,6500,,,
2001-02-28 00:00:00,LWL-N-0000,7,74800,,,
2001-03-01 00:00:00,LWL-N-0000,8,26200,,,
2001-03-02 00:00:00,LWL-N-0000,8,49500,,,
2001-03-05 00:00:00,LWL-N-0000,7.75,22000,,,
2001-03-06 00:00:00,LWL-N-0000,7.5,28400,,,
2001-03-07 00:00:00,LWL-N-0000,7.5,6100,,,
2001-03-08 00:00:00,LWL-N-0000,7.5,4200,,,
2001-03-12 00:00:00,LWL-N-0000,7.5,4700,,,
2001-03-13 00:00:00,LWL-N-0000,7.25,13500,,,
2001-03-14 00:00:00,LWL-N-0000,7.25,7300,,,
2001-03-15 00:00:00,LWL-N-0000,7,6600,,,
2001-03-16 00:00:00,LWL-N-0000,7,500,,,
2001-03-19 00:00:00,LWL-N-0000,7.25,3200,,,
2001-03-20 00:00:00,LWL-N-0000,7.25,3700,,,
2001-03-21 00:00:00,LWL-N-0000,7.25,400,,,
2001-03-22 00:00:00,LWL-N-0000,7.5,4800,,,
2001-03-23 00:00:00,LWL-N-0000,7.75,3000,,,
2001-03-26 00:00:00,LWL-N-0000,7.75,500,,,
2001-03-27 00:00:00,LWL-N-0000,7.5,5000,,,
2001-03-28 00:00:00,LWL-N-0000,7.25,100,,,
2001-03-29 00:00:00,LWL-N-0000,7.5,24800,,,
2001-03-30 00:00:00,LWL-N-0000,7.25,3200,,,
2001-04-02 00:00:00,LWL-N-0000,7.5,500,,,
2001-04-03 00:00:00,LWL-N-0000,7.5,16000,,,
2001-04-04 00:00:00,LWL-N-0000,7.25,20500,,,
2001-04-05 00:00:00,LWL-N-0000,7.5,700,,,
2001-04-06 00:00:00,LWL-N-0000,7.5,3800,,,
2001-04-09 00:00:00,LWL-N-0000,7.5,2600,,,
2001-04-10 00:00:00,LWL-N-0000,7.5,22800,,,
2001-04-11 00:00:00,LWL-N-0000,7.5,1000,,,
2001-04-16 00:00:00,LWL-N-0000,7.5,500,,,
2001-04-17 00:00:00,LWL-N-0000,7.5,14500,,,
2001-04-18 00:00:00,LWL-N-0000,7.5,100,,,
2001-04-19 00:00:00,LWL-N-0000,8,53700,,,
2001-04-20 00:00:00,LWL-N-0000,7.75,1400,,,
2001-04-25 00:00:00,LWL-N-0000,7.75,15200,,,
2001-04-27 00:00:00,LWL-N-0000,7.75,1500,,,
2001-04-30 00:00:00,LWL-N-0000,7.75,400,,,
2001-05-03 00:00:00,LWL-N-0000,7.75,1100,,,
2001-05-04 00:00:00,LWL-N-0000,8,28300,,,
2001-05-10 00:00:00,LWL-N-0000,8,600,,,
2001-05-11 00:00:00,LWL-N-0000,8,500,,,
2001-05-14 00:00:00,LWL-N-0000,8,800,,,
2001-05-15 00:00:00,LWL-N-0000,8,1400,,,
2001-05-16 00:00:00,LWL-N-0000,8,100,,,
2001-05-17 00:00:00,LWL-N-0000,8,7300,,,
2001-05-18 00:00:00,LWL-N-0000,8,300,,,
2001-05-21 00:00:00,LWL-N-0000,8,600,,,
2001-05-22 00:00:00,LWL-N-0000,8,300,,,
2001-05-23 00:00:00,LWL-N-0000,8.5,30700,,,
2001-05-25 00:00:00,LWL-N-0000,8.5,3900,,,
2001-05-28 00:00:00,LWL-N-0000,8.5,4400,,,
2001-05-29 00:00:00,LWL-N-0000,8.5,2800,,,
2001-05-30 00:00:00,LWL-N-0000,9,52200,,,
2001-05-31 00:00:00,LWL-N-0000,9,13500,,,
2001-06-01 00:00:00,LWL-N-0000,9,4200,,,
2001-06-04 00:00:00,LWL-N-0000,9,7100,,,
2001-06-06 00:00:00,LWL-N-0000,8.75,7700,,,
2001-06-07 00:00:00,LWL-N-0000,8.25,8200,,,
2001-06-11 00:00:00,LWL-N-0000,8.25,100,,,
2001-06-13 00:00:00,LWL-N-0000,8.25,5700,,,
2001-06-14 00:00:00,LWL-N-0000,8,2000,,,
2001-06-15 00:00:00,LWL-N-0000,8,5600,,,
2001-06-18 00:00:00,LWL-N-0000,8,12100,,,
2001-06-19 00:00:00,LWL-N-0000,8,10500,,,
2001-06-21 00:00:00,LWL-N-0000,8.5,12600,,,
2001-06-22 00:00:00,LWL-N-0000,8.5,3000,,,
2001-06-25 00:00:00,LWL-N-0000,8.5,12000,,,
2001-06-26 00:00:00,LWL-N-0000,8.5,14500,,,
2001-06-27 00:00:00,LWL-N-0000,8.75,1000,,,
2001-06-28 00:00:00,LWL-N-0000,8.5,1500,,,
2001-06-29 00:00:00,LWL-N-0000,8.5,3900,,,
2001-07-02 00:00:00,LWL-N-0000,8.75,200,,,
2001-07-03 00:00:00,LWL-N-0000,8.75,5000,,,
2001-07-04 00:00:00,LWL-N-0000,9,4400,,,
2001-07-10 00:00:00,LWL-N-0000,9,2300,,,
2001-07-11 00:00:00,LWL-N-0000,8.5,5900,,,
2001-07-12 00:00:00,LWL-N-0000,8.75,3100,,,
2001-07-13 00:00:00,LWL-N-0000,8.75,1400,,,
2001-07-17 00:00:00,LWL-N-0000,8.75,300,,,
2001-07-18 00:00:00,LWL-N-0000,8.75,5000,,,
2001-07-19 00:00:00,LWL-N-0000,8.75,1000,,,
2001-07-20 00:00:00,LWL-N-0000,9,1000,,,
2001-07-23 00:00:00,LWL-N-0000,8.5,43400,,,
2001-07-25 00:00:00,LWL-N-0000,8.75,15100,,,
2001-07-26 00:00:00,LWL-N-0000,8.5,3100,,,
2001-07-27 00:00:00,LWL-N-0000,8.75,2500,,,
2001-08-01 00:00:00,LWL-N-0000,8.5,100,,,
2001-08-06 00:00:00,LWL-N-0000,8.25,1300,,,
2001-08-07 00:00:00,LWL-N-0000,8.75,2300,,,
2001-08-08 00:00:00,LWL-N-0000,8.5,200,,,
2001-08-10 00:00:00,LWL-N-0000,8.25,1000,,,
2001-08-14 00:00:00,LWL-N-0000,8.25,1700,,,
2001-08-15 00:00:00,LWL-N-0000,8,13700,,,
2001-08-16 00:00:00,LWL-N-0000,7,2900,,,
2001-08-17 00:00:00,LWL-N-0000,7,100,,,
2001-08-21 00:00:00,LWL-N-0000,7.75,500,,,
2001-08-22 00:00:00,LWL-N-0000,8,1700,,,
2001-08-23 00:00:00,LWL-N-0000,7.25,1800,,,
2001-08-28 00:00:00,LWL-N-0000,7.75,1000,,,
2001-08-30 00:00:00,LWL-N-0000,8,1100,,,
2001-09-04 00:00:00,LWL-N-0000,8,100,,,
2001-09-07 00:00:00,LWL-N-0000,8.25,200,,,
2001-09-11 00:00:00,LWL-N-0000,8.5,8100,,,
2001-09-12 00:00:00,LWL-N-0000,9,15200,,,
2001-09-14 00:00:00,LWL-N-0000,9,5800,,,
2001-09-18 00:00:00,LWL-N-0000,8.75,500,,,
2001-09-19 00:00:00,LWL-N-0000,8.75,1000,,,
2001-09-20 00:00:00,LWL-N-0000,8.75,3200,,,
2001-09-21 00:00:00,LWL-N-0000,8.75,12700,,,
2001-09-24 00:00:00,LWL-N-0000,8.5,900,,,
2001-09-25 00:00:00,LWL-N-0000,8.75,10800,,,
2001-09-26 00:00:00,LWL-N-0000,8.75,7100,,,
2001-09-28 00:00:00,LWL-N-0000,8.75,32900,,,
2001-10-01 00:00:00,LWL-N-0000,8.75,12000,,,
2001-10-03 00:00:00,LWL-N-0000,8.75,200,,,
2001-10-04 00:00:00,LWL-N-0000,8.5,77500,,,
2001-10-05 00:00:00,LWL-N-0000,8.75,11500,,,
2001-10-08 00:00:00,LWL-N-0000,8.75,7900,,,
2001-10-09 00:00:00,LWL-N-0000,9,15800,,,
2001-10-10 00:00:00,LWL-N-0000,9.25,28900,,,
2001-10-11 00:00:00,LWL-N-0000,9.25,30800,,,
2001-10-12 00:00:00,LWL-N-0000,10,133000,,,
2001-10-15 00:00:00,LWL-N-0000,10,21200,,,
2001-10-16 00:00:00,LWL-N-0000,9.75,22200,,,
2001-10-17 00:00:00,LWL-N-0000,10,6600,,,
2001-10-18 00:00:00,LWL-N-0000,10,8900,,,
2001-10-19 00:00:00,LWL-N-0000,10,9900,,,
2001-10-22 00:00:00,LWL-N-0000,10,34100,,,
2001-10-23 00:00:00,LWL-N-0000,10.25,57200,,,
2001-10-25 00:00:00,LWL-N-0000,10.25,7500,,,
2001-10-26 00:00:00,LWL-N-0000,10.5,17600,,,
2001-10-29 00:00:00,LWL-N-0000,11,76600,,,
2001-10-30 00:00:00,LWL-N-0000,11,17700,,,
2001-11-01 00:00:00,LWL-N-0000,11,36200,,,
2001-11-02 00:00:00,LWL-N-0000,10.75,5000,,,
2001-11-05 00:00:00,LWL-N-0000,11,5600,,,
2001-11-06 00:00:00,LWL-N-0000,10.75,39400,,,
2001-11-07 00:00:00,LWL-N-0000,11.25,34700,,,
2001-11-08 00:00:00,LWL-N-0000,10.75,115500,,,
2001-11-09 00:00:00,LWL-N-0000,10.75,19200,,,
2001-11-12 00:00:00,LWL-N-0000,11.25,51900,,,
2001-11-13 00:00:00,LWL-N-0000,12,226700,,,
2001-11-14 00:00:00,LWL-N-0000,15,401500,,,
2001-11-15 00:00:00,LWL-N-0000,15,388400,,,
2001-11-16 00:00:00,LWL-N-0000,17,253000,,,
2001-11-19 00:00:00,LWL-N-0000,18,71900,,,
2001-11-20 00:00:00,LWL-N-0000,18,361600,,,
2001-11-21 00:00:00,LWL-N-0000,18,124100,,,
2001-11-22 00:00:00,LWL-N-0000,18,71500,,,
2001-11-23 00:00:00,LWL-N-0000,18.25,21300,,,
2001-11-26 00:00:00,LWL-N-0000,18,112600,,,
2001-11-27 00:00:00,LWL-N-0000,18,19600,,,
2001-11-29 00:00:00,LWL-N-0000,17.5,118300,,,
2001-12-03 00:00:00,LWL-N-0000,18,480600,,,
2001-12-04 00:00:00,LWL-N-0000,17.75,54700,,,
2001-12-05 00:00:00,LWL-N-0000,18.25,21700,,,
2001-12-07 00:00:00,LWL-N-0000,24,125400,,,
2001-12-10 00:00:00,LWL-N-0000,24,164900,,,
2001-12-11 00:00:00,LWL-N-0000,23.5,33400,,,
2001-12-12 00:00:00,LWL-N-0000,22.5,16300,,,
2001-12-13 00:00:00,LWL-N-0000,19.5,11000,,,
2001-12-14 00:00:00,LWL-N-0000,19.5,19300,,,
2001-12-17 00:00:00,LWL-N-0000,20.75,59900,,,
2001-12-18 00:00:00,LWL-N-0000,20,16900,,,
2001-12-19 00:00:00,LWL-N-0000,19,8000,,,
2001-12-20 00:00:00,LWL-N-0000,18.25,13000,,,
2001-12-21 00:00:00,LWL-N-0000,19.5,7400,,,
2001-12-27 00:00:00,LWL-N-0000,19.5,5300,,,
2001-12-28 00:00:00,LWL-N-0000,19.25,5100,,,
2001-12-31 00:00:00,LWL-N-0000,19.5,11300,,,
2002-01-02 00:00:00,LWL-N-0000,18.5,900,,,
2002-01-03 00:00:00,LWL-N-0000,18.5,1800,,,
2002-01-04 00:00:00,LWL-N-0000,18.75,8000,,,
2002-01-07 00:00:00,LWL-N-0000,18,6500,,,
2002-01-08 00:00:00,LWL-N-0000,18.75,500,,,
2002-01-09 00:00:00,LWL-N-0000,18.25,1500,,,
2002-01-11 00:00:00,LWL-N-0000,17.5,1800,,,
2002-01-15 00:00:00,LWL-N-0000,17.25,19900,,,
2002-01-16 00:00:00,LWL-N-0000,17.75,59800,,,
2002-01-17 00:00:00,LWL-N-0000,19,109700,,,
2002-01-21 00:00:00,LWL-N-0000,18.5,4000,,,
2002-01-22 00:00:00,LWL-N-0000,17.5,5000,,,
2002-01-23 00:00:00,LWL-N-0000,18,34600,,,
2002-01-24 00:00:00,LWL-N-0000,18,800,,,
2002-01-25 00:00:00,LWL-N-0000,17.75,2100,,,
2002-01-29 00:00:00,LWL-N-0000,17.75,100,,,
2002-01-30 00:00:00,LWL-N-0000,17.5,300,,,
2002-01-31 00:00:00,LWL-N-0000,17,5200,,,
2002-02-05 00:00:00,LWL-N-0000,17.5,7600,,,
2002-02-06 00:00:00,LWL-N-0000,17.5,2000,,,
2002-02-07 00:00:00,LWL-N-0000,18,7300,,,
2002-02-08 00:00:00,LWL-N-0000,18.75,12200,,,
2002-02-11 00:00:00,LWL-N-0000,17.75,200,,,
2001-01-02 00:00:00,LCEY-N-000,7.25,12000,,,
2001-01-04 00:00:00,LCEY-N-000,7.25,3000,,,
2001-01-05 00:00:00,LCEY-N-000,7.25,100,,,
2001-01-11 00:00:00,LCEY-N-000,7,1000,,,
2001-01-16 00:00:00,LCEY-N-000,7,14500,,,
2001-01-17 00:00:00,LCEY-N-000,7,2100,,,
2001-01-18 00:00:00,LCEY-N-000,7.25,200,,,
2001-01-19 00:00:00,LCEY-N-000,7,1200,,,
2001-01-23 00:00:00,LCEY-N-000,7,2100,,,
2001-01-24 00:00:00,LCEY-N-000,7,400,,,
2001-01-25 00:00:00,LCEY-N-000,7.25,1000,,,
2001-01-26 00:00:00,LCEY-N-000,7,1500,,,
2001-01-29 00:00:00,LCEY-N-000,7,2600,,,
2001-01-30 00:00:00,LCEY-N-000,7,700,,,
2001-01-31 00:00:00,LCEY-N-000,7,3900,,,
2001-02-01 00:00:00,LCEY-N-000,7.25,1500,,,
2001-02-06 00:00:00,LCEY-N-000,7.25,5500,,,
2001-02-15 00:00:00,LCEY-N-000,7.25,2500,,,
2001-02-16 00:00:00,LCEY-N-000,7.25,400,,,
2001-02-19 00:00:00,LCEY-N-000,7,2600,,,
2001-02-21 00:00:00,LCEY-N-000,7,2000,,,
2001-02-28 00:00:00,LCEY-N-000,7,1000,,,
2001-03-02 00:00:00,LCEY-N-000,7,2000,,,
2001-03-05 00:00:00,LCEY-N-000,7,400,,,
2001-03-06 00:00:00,LCEY-N-000,7,3000,,,
2001-03-07 00:00:00,LCEY-N-000,7,2500,,,
2001-03-08 00:00:00,LCEY-N-000,7,2000,,,
2001-03-12 00:00:00,LCEY-N-000,7.25,36400,,,
2001-03-14 00:00:00,LCEY-N-000,7,500,,,
2001-03-15 00:00:00,LCEY-N-000,7,100,,,
2001-03-21 00:00:00,LCEY-N-000,7,100,,,
2001-03-23 00:00:00,LCEY-N-000,7,1000,,,
2001-03-26 00:00:00,LCEY-N-000,7,900,,,
2001-03-28 00:00:00,LCEY-N-000,7.5,2400,,,
2001-03-30 00:00:00,LCEY-N-000,7,800,,,
2001-04-06 00:00:00,LCEY-N-000,7,2000,,,
2001-04-11 00:00:00,LCEY-N-000,7,1000,,,
2001-04-19 00:00:00,LCEY-N-000,7,4100,,,
2001-04-25 00:00:00,LCEY-N-000,7,2000,,,
2001-04-26 00:00:00,LCEY-N-000,7.5,2400,,,
2001-04-27 00:00:00,LCEY-N-000,7.75,8500,,,
2001-04-30 00:00:00,LCEY-N-000,7.25,2200,,,
2001-05-02 00:00:00,LCEY-N-000,8,1500,,,
2001-05-14 00:00:00,LCEY-N-000,7,700,,,
2001-05-18 00:00:00,LCEY-N-000,7.25,100,,,
2001-05-25 00:00:00,LCEY-N-000,7.25,500,,,
2001-05-29 00:00:00,LCEY-N-000,7.5,2000,,,
2001-05-30 00:00:00,LCEY-N-000,7.5,100,,,
2001-05-31 00:00:00,LCEY-N-000,7.25,800,,,
2001-06-01 00:00:00,LCEY-N-000,7.5,1200,,,
2001-06-04 00:00:00,LCEY-N-000,7.25,200,,,
2001-06-06 00:00:00,LCEY-N-000,7.5,100,,,
2001-06-11 00:00:00,LCEY-N-000,7.75,1300,,,
2001-06-14 00:00:00,LCEY-N-000,7.5,1000,,,
2001-06-21 00:00:00,LCEY-N-000,8.25,1500,,,
2001-07-11 00:00:00,LCEY-N-000,7,5300,,,
2001-07-12 00:00:00,LCEY-N-000,7,14600,,,
2001-07-13 00:00:00,LCEY-N-000,7,2400,,,
2001-07-16 00:00:00,LCEY-N-000,7.5,1000,,,
2001-07-20 00:00:00,LCEY-N-000,7,100,,,
2001-08-06 00:00:00,LCEY-N-000,7,100,,,
2001-08-08 00:00:00,LCEY-N-000,7,1000,,,
2001-08-22 00:00:00,LCEY-N-000,6.75,100,,,
2001-08-23 00:00:00,LCEY-N-000,6,1000,,,
2001-08-31 00:00:00,LCEY-N-000,6.5,1000,,,
2001-09-03 00:00:00,LCEY-N-000,6.5,100,,,
2001-09-05 00:00:00,LCEY-N-000,6.25,100,,,
2001-09-24 00:00:00,LCEY-N-000,6.25,700,,,
2001-09-27 00:00:00,LCEY-N-000,6.75,2300,,,
2001-10-04 00:00:00,LCEY-N-000,6.75,900,,,
2001-10-08 00:00:00,LCEY-N-000,6.75,1000,,,
2001-10-09 00:00:00,LCEY-N-000,7,1000,,,
2001-10-10 00:00:00,LCEY-N-000,7.75,18800,,,
2001-10-11 00:00:00,LCEY-N-000,7.75,1200,,,
2001-10-12 00:00:00,LCEY-N-000,8.5,13500,,,
2001-10-15 00:00:00,LCEY-N-000,8.75,88500,,,
2001-10-18 00:00:00,LCEY-N-000,9.5,8000,,,
2001-10-23 00:00:00,LCEY-N-000,9,5000,,,
2001-10-24 00:00:00,LCEY-N-000,9,1000,,,
2001-10-30 00:00:00,LCEY-N-000,8.75,3200,,,
2001-11-01 00:00:00,LCEY-N-000,8.25,500,,,
2001-11-05 00:00:00,LCEY-N-000,8.25,600,,,
2001-11-06 00:00:00,LCEY-N-000,7.75,100,,,
2001-11-12 00:00:00,LCEY-N-000,8,800,,,
2001-11-14 00:00:00,LCEY-N-000,8,2200,,,
2001-11-15 00:00:00,LCEY-N-000,8.5,5000,,,
2001-11-19 00:00:00,LCEY-N-000,9,115800,,,
2001-11-20 00:00:00,LCEY-N-000,9,3500,,,
2001-11-21 00:00:00,LCEY-N-000,9.25,26000,,,
2001-11-22 00:00:00,LCEY-N-000,9.25,25900,,,
2001-11-23 00:00:00,LCEY-N-000,9,2500,,,
2001-11-26 00:00:00,LCEY-N-000,9,800,,,
2001-11-27 00:00:00,LCEY-N-000,8.75,500,,,
2001-11-29 00:00:00,LCEY-N-000,8.5,1300,,,
2001-12-03 00:00:00,LCEY-N-000,8.5,1500,,,
2001-12-04 00:00:00,LCEY-N-000,8.25,2500,,,
2001-12-05 00:00:00,LCEY-N-000,8.5,4100,,,
2001-12-07 00:00:00,LCEY-N-000,11,13200,,,
2001-12-10 00:00:00,LCEY-N-000,11,3200,,,
2001-12-11 00:00:00,LCEY-N-000,9.5,600,,,
2001-12-12 00:00:00,LCEY-N-000,9,5600,,,
2001-12-13 00:00:00,LCEY-N-000,8.5,1000,,,
2001-12-18 00:00:00,LCEY-N-000,9,500,,,
2001-12-19 00:00:00,LCEY-N-000,8.25,1000,,,
2001-12-20 00:00:00,LCEY-N-000,7.5,2000,,,
2001-12-21 00:00:00,LCEY-N-000,7.75,1600,,,
2001-12-27 00:00:00,LCEY-N-000,8,1500,,,
2001-12-28 00:00:00,LCEY-N-000,10.5,30600,,,
2001-12-31 00:00:00,LCEY-N-000,12.5,297400,,,
2002-01-02 00:00:00,LCEY-N-000,11,6500,,,
2002-01-03 00:00:00,LCEY-N-000,13,7200,,,
2002-01-07 00:00:00,LCEY-N-000,11.5,18000,,,
2002-01-08 00:00:00,LCEY-N-000,11.75,2700,,,
2002-01-09 00:00:00,LCEY-N-000,10.5,8500,,,
2002-01-10 00:00:00,LCEY-N-000,10.5,1000,,,
2002-01-11 00:00:00,LCEY-N-000,9.75,8600,,,
2002-01-15 00:00:00,LCEY-N-000,9.5,1500,,,
2002-01-16 00:00:00,LCEY-N-000,9,4000,,,
2002-01-17 00:00:00,LCEY-N-000,8,14500,,,
2002-01-18 00:00:00,LCEY-N-000,9,5000,,,
2002-01-23 00:00:00,LCEY-N-000,8,5700,,,
2002-01-24 00:00:00,LCEY-N-000,8,5500,,,
2002-01-25 00:00:00,LCEY-N-000,10.5,23400,,,
2002-01-29 00:00:00,LCEY-N-000,10,500,,,
2002-01-31 00:00:00,LCEY-N-000,8.75,5000,,,
2002-02-11 00:00:00,LCEY-N-000,9,1000,,,
2001-04-06 00:00:00,LDEV-N-000,6.5,600,,,
2001-08-27 00:00:00,LDEV-N-000,4.5,100,,,
2001-08-28 00:00:00,LDEV-N-000,4.5,300,,,
2001-10-11 00:00:00,LDEV-N-000,4.5,100,,,
2001-10-12 00:00:00,LDEV-N-000,4.5,2100,,,
2001-10-15 00:00:00,LDEV-N-000,4.25,300,,,
2001-10-29 00:00:00,LDEV-N-000,3.75,5000,,,
2001-11-15 00:00:00,LDEV-N-000,4,100,,,
2001-11-22 00:00:00,LDEV-N-000,5.5,5000,,,
2001-11-29 00:00:00,LDEV-N-000,5,500,,,
2001-12-07 00:00:00,LDEV-N-000,5,200,,,
2001-12-11 00:00:00,LDEV-N-000,5,1500,,,
2001-12-13 00:00:00,LDEV-N-000,5,2500,,,
2001-12-14 00:00:00,LDEV-N-000,5,700,,,
2001-12-17 00:00:00,LDEV-N-000,5,4000,,,
2001-12-18 00:00:00,LDEV-N-000,5,400,,,
2001-12-21 00:00:00,LDEV-N-000,6,1100,,,
2001-12-28 00:00:00,LDEV-N-000,6,1100,,,
2001-12-31 00:00:00,LDEV-N-000,6.5,22500,,,
2002-01-02 00:00:00,LDEV-N-000,6.5,1000,,,
2002-01-04 00:00:00,LDEV-N-000,6.5,1500,,,
2002-01-09 00:00:00,LDEV-N-000,6.5,5000,,,
2002-01-30 00:00:00,LDEV-N-000,7,300,,,
2002-01-31 00:00:00,LDEV-N-000,7,400,,,
2002-02-01 00:00:00,LDEV-N-000,7,4200,,,
2001-01-10 00:00:00,LFIN-N-000,4,3400,,,
2001-01-17 00:00:00,LFIN-N-000,4,1000,,,
2001-01-24 00:00:00,LFIN-N-000,4,1300,,,
2001-01-25 00:00:00,LFIN-N-000,4,6000,,,
2001-01-31 00:00:00,LFIN-N-000,4,300,,,
2001-02-14 00:00:00,LFIN-N-000,4,900,,,
2001-03-08 00:00:00,LFIN-N-000,4,200,,,
2001-04-04 00:00:00,LFIN-N-000,4,300,,,
2001-04-16 00:00:00,LFIN-N-000,3,700,,,
2001-05-02 00:00:00,LFIN-N-000,3,100,,,
2001-05-03 00:00:00,LFIN-N-000,3,200,,,
2001-05-18 00:00:00,LFIN-N-000,3,1000,,,
2001-05-21 00:00:00,LFIN-N-000,3,100,,,
2001-06-06 00:00:00,LFIN-N-000,3,400,,,
2001-06-20 00:00:00,LFIN-N-000,3,500,,,
2001-07-10 00:00:00,LFIN-N-000,3,200,,,
2001-07-11 00:00:00,LFIN-N-000,3,500,,,
2001-07-13 00:00:00,LFIN-N-000,3,200,,,
2001-07-17 00:00:00,LFIN-N-000,3,600,,,
2001-08-10 00:00:00,LFIN-N-000,3,4000,,,
2001-09-20 00:00:00,LFIN-N-000,3,1000,,,
2001-09-21 00:00:00,LFIN-N-000,3,800,,,
2001-09-27 00:00:00,LFIN-N-000,3,500,,,
2001-10-04 00:00:00,LFIN-N-000,3,300,,,
2001-10-16 00:00:00,LFIN-N-000,3.75,1000,,,
2001-10-17 00:00:00,LFIN-N-000,4,1600,,,
2001-10-19 00:00:00,LFIN-N-000,4.5,100,,,
2001-10-22 00:00:00,LFIN-N-000,4.5,900,,,
2001-10-23 00:00:00,LFIN-N-000,4.5,1000,,,
2001-10-24 00:00:00,LFIN-N-000,4.5,2000,,,
2001-10-25 00:00:00,LFIN-N-000,4.5,300,,,
2001-10-26 00:00:00,LFIN-N-000,4,2300,,,
2001-10-29 00:00:00,LFIN-N-000,4.5,5000,,,
2001-11-02 00:00:00,LFIN-N-000,4.25,100,,,
2001-11-12 00:00:00,LFIN-N-000,4.5,2500,,,
2001-11-14 00:00:00,LFIN-N-000,4.5,5000,,,
2001-11-15 00:00:00,LFIN-N-000,5.5,4600,,,
2001-11-16 00:00:00,LFIN-N-000,5.75,19300,,,
2001-11-19 00:00:00,LFIN-N-000,6,19600,,,
2001-11-20 00:00:00,LFIN-N-000,5.5,7700,,,
2001-11-21 00:00:00,LFIN-N-000,5.5,16300,,,
2001-11-22 00:00:00,LFIN-N-000,5.5,3300,,,
2001-11-23 00:00:00,LFIN-N-000,5.5,4600,,,
2001-11-28 00:00:00,LFIN-N-000,5.5,1200,,,
2001-11-29 00:00:00,LFIN-N-000,5.5,2000,,,
2001-12-03 00:00:00,LFIN-N-000,5.5,1000,,,
2001-12-04 00:00:00,LFIN-N-000,4.75,1200,,,
2001-12-05 00:00:00,LFIN-N-000,5,19400,,,
2001-12-07 00:00:00,LFIN-N-000,6.25,6000,,,
2001-12-10 00:00:00,LFIN-N-000,7.5,26700,,,
2001-12-11 00:00:00,LFIN-N-000,7,53100,,,
2001-12-12 00:00:00,LFIN-N-000,7.25,10200,,,
2001-12-13 00:00:00,LFIN-N-000,6.5,5400,,,
2001-12-14 00:00:00,LFIN-N-000,6.25,10700,,,
2001-12-17 00:00:00,LFIN-N-000,6.75,7600,,,
2001-12-18 00:00:00,LFIN-N-000,6.25,3000,,,
2001-12-19 00:00:00,LFIN-N-000,5.75,8200,,,
2001-12-20 00:00:00,LFIN-N-000,5.75,4900,,,
2001-12-31 00:00:00,LFIN-N-000,6.5,6300,,,
2002-01-03 00:00:00,LFIN-N-000,6,6000,,,
2002-01-07 00:00:00,LFIN-N-000,5.5,2000,,,
2002-01-08 00:00:00,LFIN-N-000,5.25,200,,,
2002-01-11 00:00:00,LFIN-N-000,4.5,200,,,
2002-01-18 00:00:00,LFIN-N-000,4.5,1000,,,
2002-02-05 00:00:00,LFIN-N-000,4.5,1000,,,
2002-02-07 00:00:00,LFIN-N-000,4.5,500,,,
2002-02-08 00:00:00,LFIN-N-000,4.75,1000,,,
2002-02-11 00:00:00,LFIN-N-000,6,11900,,,
2001-01-02 00:00:00,MADU-N-000,10.5,900,,,
2001-01-03 00:00:00,MADU-N-000,10.75,10700,,,
2001-01-04 00:00:00,MADU-N-000,10.5,100,,,
2001-01-05 00:00:00,MADU-N-000,10.5,2500,,,
2001-01-08 00:00:00,MADU-N-000,10.25,4600,,,
2001-01-10 00:00:00,MADU-N-000,10.25,1000,,,
2001-01-11 00:00:00,MADU-N-000,10.25,500,,,
2001-01-12 00:00:00,MADU-N-000,10.5,7600,,,
2001-01-16 00:00:00,MADU-N-000,10.25,5500,,,
2001-01-17 00:00:00,MADU-N-000,11,5600,,,
2001-01-18 00:00:00,MADU-N-000,10.25,5700,,,
2001-01-19 00:00:00,MADU-N-000,10.25,400,,,
2001-01-22 00:00:00,MADU-N-000,10,1800,,,
2001-01-23 00:00:00,MADU-N-000,10,6300,,,
2001-01-24 00:00:00,MADU-N-000,10.25,1400,,,
2001-01-25 00:00:00,MADU-N-000,10.25,6700,,,
2001-01-29 00:00:00,MADU-N-000,9.75,16500,,,
2001-01-30 00:00:00,MADU-N-000,9.75,200,,,
2001-01-31 00:00:00,MADU-N-000,9.75,2400,,,
2001-02-01 00:00:00,MADU-N-000,9.75,1000,,,
2001-02-02 00:00:00,MADU-N-000,9.75,12300,,,
2001-02-06 00:00:00,MADU-N-000,10,1600,,,
2001-02-08 00:00:00,MADU-N-000,10,1500,,,
2001-02-09 00:00:00,MADU-N-000,10,3500,,,
2001-02-12 00:00:00,MADU-N-000,10,8000,,,
2001-02-14 00:00:00,MADU-N-000,10,700,,,
2001-02-15 00:00:00,MADU-N-000,9.75,100,,,
2001-02-16 00:00:00,MADU-N-000,10,5700,,,
2001-02-20 00:00:00,MADU-N-000,9.75,700,,,
2001-02-21 00:00:00,MADU-N-000,10,2500,,,
2001-02-22 00:00:00,MADU-N-000,10,400,,,
2001-02-26 00:00:00,MADU-N-000,10,1400,,,
2001-02-27 00:00:00,MADU-N-000,10,6800,,,
2001-02-28 00:00:00,MADU-N-000,10.25,5600,,,
2001-03-01 00:00:00,MADU-N-000,10.25,900,,,
2001-03-02 00:00:00,MADU-N-000,10.5,4000,,,
2001-03-05 00:00:00,MADU-N-000,10.25,2100,,,
2001-03-06 00:00:00,MADU-N-000,10.5,2000,,,
2001-03-07 00:00:00,MADU-N-000,10.25,1200,,,
2001-03-08 00:00:00,MADU-N-000,10.25,600,,,
2001-03-12 00:00:00,MADU-N-000,9.75,3600,,,
2001-03-13 00:00:00,MADU-N-000,9.5,2100,,,
2001-03-14 00:00:00,MADU-N-000,9.5,400,,,
2001-03-15 00:00:00,MADU-N-000,9.75,1000,,,
2001-03-16 00:00:00,MADU-N-000,10.25,8400,,,
2001-03-19 00:00:00,MADU-N-000,10,4800,,,
2001-03-21 00:00:00,MADU-N-000,10,4100,,,
2001-03-22 00:00:00,MADU-N-000,9.5,1700,,,
2001-03-23 00:00:00,MADU-N-000,9.5,1100,,,
2001-03-26 00:00:00,MADU-N-000,9.5,4000,,,
2001-03-27 00:00:00,MADU-N-000,9.5,2100,,,
2001-03-28 00:00:00,MADU-N-000,9.5,3000,,,
2001-03-29 00:00:00,MADU-N-000,9.5,2900,,,
2001-03-30 00:00:00,MADU-N-000,9.5,400,,,
2001-04-02 00:00:00,MADU-N-000,9.5,200,,,
2001-04-03 00:00:00,MADU-N-000,9.5,4000,,,
2001-04-04 00:00:00,MADU-N-000,9.5,1200,,,
2001-04-05 00:00:00,MADU-N-000,9.75,1300,,,
2001-04-09 00:00:00,MADU-N-000,9.5,1200,,,
2001-04-10 00:00:00,MADU-N-000,9.25,2100,,,
2001-04-17 00:00:00,MADU-N-000,9.5,2000,,,
2001-04-18 00:00:00,MADU-N-000,9.5,2200,,,
2001-04-20 00:00:00,MADU-N-000,9.25,2200,,,
2001-04-23 00:00:00,MADU-N-000,9.5,500,,,
2001-04-24 00:00:00,MADU-N-000,9.5,2500,,,
2001-04-25 00:00:00,MADU-N-000,9.25,700,,,
2001-04-26 00:00:00,MADU-N-000,9.5,200,,,
2001-04-27 00:00:00,MADU-N-000,9.5,700,,,
2001-04-30 00:00:00,MADU-N-000,9.25,1800,,,
2001-05-02 00:00:00,MADU-N-000,9.25,500,,,
2001-05-04 00:00:00,MADU-N-000,10.25,12700,,,
2001-05-09 00:00:00,MADU-N-000,10.25,1500,,,
2001-05-10 00:00:00,MADU-N-000,10.25,11600,,,
2001-05-11 00:00:00,MADU-N-000,10.25,2400,,,
2001-05-14 00:00:00,MADU-N-000,10.25,100,,,
2001-05-15 00:00:00,MADU-N-000,10.25,200,,,
2001-05-17 00:00:00,MADU-N-000,10.25,5400,,,
2001-05-21 00:00:00,MADU-N-000,10.25,400,,,
2001-05-22 00:00:00,MADU-N-000,10.25,800,,,
2001-05-23 00:00:00,MADU-N-000,10.5,5000,,,
2001-05-24 00:00:00,MADU-N-000,10.5,1300,,,
2001-05-25 00:00:00,MADU-N-000,10.5,4900,,,
2001-05-28 00:00:00,MADU-N-000,10.25,4400,,,
2001-05-30 00:00:00,MADU-N-000,10.25,2400,,,
2001-05-31 00:00:00,MADU-N-000,10.25,500,,,
2001-06-01 00:00:00,MADU-N-000,10.25,5300,,,
2001-06-04 00:00:00,MADU-N-000,10.25,1200,,,
2001-06-06 00:00:00,MADU-N-000,10,2200,,,
2001-06-08 00:00:00,MADU-N-000,10,4200,,,
2001-06-11 00:00:00,MADU-N-000,9.75,1900,,,
2001-06-12 00:00:00,MADU-N-000,9.75,2200,,,
2001-06-14 00:00:00,MADU-N-000,10,200,,,
2001-06-15 00:00:00,MADU-N-000,10,1200,,,
2001-06-18 00:00:00,MADU-N-000,9.75,7900,,,
2001-06-20 00:00:00,MADU-N-000,10,28600,,,
2001-06-21 00:00:00,MADU-N-000,10.75,12000,,,
2001-06-22 00:00:00,MADU-N-000,10.5,10500,,,
2001-06-25 00:00:00,MADU-N-000,10,8300,,,
2001-06-26 00:00:00,MADU-N-000,10,1600,,,
2001-06-27 00:00:00,MADU-N-000,10.25,2000,,,
2001-06-28 00:00:00,MADU-N-000,10.25,300,,,
2001-07-02 00:00:00,MADU-N-000,10.25,300,,,
2001-07-03 00:00:00,MADU-N-000,10,2600,,,
2001-07-04 00:00:00,MADU-N-000,10.25,26100,,,
2001-07-06 00:00:00,MADU-N-000,10.5,200,,,
2001-07-09 00:00:00,MADU-N-000,10.25,31700,,,
2001-07-10 00:00:00,MADU-N-000,10.5,2300,,,
2001-07-11 00:00:00,MADU-N-000,10,7200,,,
2001-07-12 00:00:00,MADU-N-000,10.25,2300,,,
2001-07-13 00:00:00,MADU-N-000,10.25,400,,,
2001-07-17 00:00:00,MADU-N-000,10.25,1600,,,
2001-07-18 00:00:00,MADU-N-000,10.25,3100,,,
2001-07-19 00:00:00,MADU-N-000,10,100,,,
2001-07-20 00:00:00,MADU-N-000,10.25,1100,,,
2001-07-23 00:00:00,MADU-N-000,10.25,6000,,,
2001-07-24 00:00:00,MADU-N-000,10,8100,,,
2001-07-25 00:00:00,MADU-N-000,10,600,,,
2001-07-26 00:00:00,MADU-N-000,9.75,1300,,,
2001-07-27 00:00:00,MADU-N-000,9.75,5100,,,
2001-07-30 00:00:00,MADU-N-000,10.25,1100,,,
2001-07-31 00:00:00,MADU-N-000,10.25,1300,,,
2001-08-01 00:00:00,MADU-N-000,10.25,900,,,
2001-08-02 00:00:00,MADU-N-000,10.5,1800,,,
2001-08-06 00:00:00,MADU-N-000,10.5,1800,,,
2001-08-07 00:00:00,MADU-N-000,10.25,11600,,,
2001-08-08 00:00:00,MADU-N-000,10.25,700,,,
2001-08-09 00:00:00,MADU-N-000,10.25,2700,,,
2001-08-10 00:00:00,MADU-N-000,10,11800,,,
2001-08-13 00:00:00,MADU-N-000,10,2500,,,
2001-08-14 00:00:00,MADU-N-000,9.75,4600,,,
2001-08-15 00:00:00,MADU-N-000,9.75,28800,,,
2001-08-16 00:00:00,MADU-N-000,9.75,28300,,,
2001-08-20 00:00:00,MADU-N-000,8,100,,,
2001-08-21 00:00:00,MADU-N-000,8.25,2100,,,
2001-08-22 00:00:00,MADU-N-000,8,300,,,
2001-08-23 00:00:00,MADU-N-000,7.5,3300,,,
2001-08-24 00:00:00,MADU-N-000,7.75,100,,,
2001-08-28 00:00:00,MADU-N-000,8.25,3000,,,
2001-08-29 00:00:00,MADU-N-000,8.5,1700,,,
2001-08-30 00:00:00,MADU-N-000,8.25,1400,,,
2001-08-31 00:00:00,MADU-N-000,8.25,300,,,
2001-09-03 00:00:00,MADU-N-000,8.25,200,,,
2001-09-04 00:00:00,MADU-N-000,8,4500,,,
2001-09-05 00:00:00,MADU-N-000,7.75,2100,,,
2001-09-06 00:00:00,MADU-N-000,7.75,3000,,,
2001-09-07 00:00:00,MADU-N-000,7.75,1000,,,
2001-09-11 00:00:00,MADU-N-000,8,3000,,,
2001-09-12 00:00:00,MADU-N-000,7.25,700,,,
2001-09-13 00:00:00,MADU-N-000,7.5,200,,,
2001-09-14 00:00:00,MADU-N-000,7.75,4100,,,
2001-09-18 00:00:00,MADU-N-000,8,1100,,,
2001-09-19 00:00:00,MADU-N-000,7.75,700,,,
2001-09-20 00:00:00,MADU-N-000,7.75,100,,,
2001-09-21 00:00:00,MADU-N-000,7.75,6700,,,
2001-09-26 00:00:00,MADU-N-000,7.5,400,,,
2001-09-27 00:00:00,MADU-N-000,7.5,200,,,
2001-10-01 00:00:00,MADU-N-000,7.5,6000,,,
2001-10-03 00:00:00,MADU-N-000,7.75,200,,,
2001-10-05 00:00:00,MADU-N-000,7.75,3000,,,
2001-10-08 00:00:00,MADU-N-000,7.75,100,,,
2001-10-09 00:00:00,MADU-N-000,8.25,17400,,,
2001-10-10 00:00:00,MADU-N-000,9.5,45200,,,
2001-10-11 00:00:00,MADU-N-000,10.25,40800,,,
2001-10-12 00:00:00,MADU-N-000,10,19800,,,
2001-10-15 00:00:00,MADU-N-000,9.75,29900,,,
2001-10-16 00:00:00,MADU-N-000,9,2500,,,
2001-10-17 00:00:00,MADU-N-000,9,4100,,,
2001-10-18 00:00:00,MADU-N-000,9.75,2800,,,
2001-10-19 00:00:00,MADU-N-000,9.75,3000,,,
2001-10-22 00:00:00,MADU-N-000,9.75,2800,,,
2001-10-23 00:00:00,MADU-N-000,9.5,4600,,,
2001-10-24 00:00:00,MADU-N-000,9.5,41500,,,
2001-10-25 00:00:00,MADU-N-000,9.75,4200,,,
2001-10-26 00:00:00,MADU-N-000,9.5,14100,,,
2001-10-29 00:00:00,MADU-N-000,9.5,1000,,,
2001-10-30 00:00:00,MADU-N-000,9.5,2600,,,
2001-11-01 00:00:00,MADU-N-000,9.5,3600,,,
2001-11-02 00:00:00,MADU-N-000,9.5,4300,,,
2001-11-05 00:00:00,MADU-N-000,9.5,600,,,
2001-11-06 00:00:00,MADU-N-000,9.5,1500,,,
2001-11-07 00:00:00,MADU-N-000,9,11200,,,
2001-11-08 00:00:00,MADU-N-000,9,4500,,,
2001-11-09 00:00:00,MADU-N-000,9,100,,,
2001-11-12 00:00:00,MADU-N-000,9.5,3200,,,
2001-11-13 00:00:00,MADU-N-000,9.5,600,,,
2001-11-15 00:00:00,MADU-N-000,10,3000,,,
2001-11-16 00:00:00,MADU-N-000,10.5,19800,,,
2001-11-19 00:00:00,MADU-N-000,11.5,54800,,,
2001-11-20 00:00:00,MADU-N-000,10.75,30800,,,
2001-11-21 00:00:00,MADU-N-000,11.25,5300,,,
2001-11-22 00:00:00,MADU-N-000,12,61000,,,
2001-11-23 00:00:00,MADU-N-000,12,19900,,,
2001-11-26 00:00:00,MADU-N-000,11,5500,,,
2001-11-27 00:00:00,MADU-N-000,10.75,19000,,,
2001-11-28 00:00:00,MADU-N-000,11.75,58300,,,
2001-11-29 00:00:00,MADU-N-000,11.5,5500,,,
2001-12-03 00:00:00,MADU-N-000,11,12300,,,
2001-12-04 00:00:00,MADU-N-000,11,16200,,,
2001-12-05 00:00:00,MADU-N-000,10.75,22200,,,
2001-12-07 00:00:00,MADU-N-000,14,80800,,,
2001-12-10 00:00:00,MADU-N-000,15,96700,,,
2001-12-11 00:00:00,MADU-N-000,14.5,42700,,,
2001-12-12 00:00:00,MADU-N-000,13.25,33800,,,
2001-12-13 00:00:00,MADU-N-000,11.25,13200,,,
2001-12-14 00:00:00,MADU-N-000,12,18300,,,
2001-12-17 00:00:00,MADU-N-000,12,5500,,,
2001-12-18 00:00:00,MADU-N-000,11.75,12500,,,
2001-12-19 00:00:00,MADU-N-000,11.5,8200,,,
2001-12-20 00:00:00,MADU-N-000,11.5,1400,,,
2001-12-21 00:00:00,MADU-N-000,11,10400,,,
2001-12-27 00:00:00,MADU-N-000,12,9600,,,
2001-12-28 00:00:00,MADU-N-000,11.75,2700,,,
2001-12-31 00:00:00,MADU-N-000,12,18400,,,
2002-01-02 00:00:00,MADU-N-000,11.5,4600,,,
2002-01-03 00:00:00,MADU-N-000,11,7200,,,
2002-01-04 00:00:00,MADU-N-000,11,23100,,,
2002-01-07 00:00:00,MADU-N-000,11.25,700,,,
2002-01-08 00:00:00,MADU-N-000,11,2700,,,
2002-01-09 00:00:00,MADU-N-000,10.75,1800,,,
2002-01-10 00:00:00,MADU-N-000,10.75,5600,,,
2002-01-11 00:00:00,MADU-N-000,10.5,2100,,,
2002-01-15 00:00:00,MADU-N-000,9.5,5300,,,
2002-01-16 00:00:00,MADU-N-000,9.5,1800,,,
2002-01-17 00:00:00,MADU-N-000,9,6500,,,
2002-01-18 00:00:00,MADU-N-000,10.5,21300,,,
2002-01-21 00:00:00,MADU-N-000,10,10500,,,
2002-01-22 00:00:00,MADU-N-000,9.5,1000,,,
2002-01-23 00:00:00,MADU-N-000,9.5,100,,,
2002-01-24 00:00:00,MADU-N-000,9.75,4800,,,
2002-01-25 00:00:00,MADU-N-000,10.75,1300,,,
2002-01-29 00:00:00,MADU-N-000,10.25,2500,,,
2002-01-31 00:00:00,MADU-N-000,10,1100,,,
2002-02-05 00:00:00,MADU-N-000,10.25,100,,,
2002-02-07 00:00:00,MADU-N-000,10,200,,,
2002-02-08 00:00:00,MADU-N-000,10.5,1200,,,
2002-02-11 00:00:00,MADU-N-000,10.5,1600,,,
2001-01-08 00:00:00,MRH-N-0000,4.5,100,,,
2001-01-23 00:00:00,MRH-N-0000,5.5,200,,,
2001-02-20 00:00:00,MRH-N-0000,5.5,100,,,
2001-02-27 00:00:00,MRH-N-0000,5.5,1700,,,
2001-03-12 00:00:00,MRH-N-0000,5.5,200,,,
2001-03-22 00:00:00,MRH-N-0000,5.25,100,,,
2001-03-23 00:00:00,MRH-N-0000,5,2100,,,
2001-04-04 00:00:00,MRH-N-0000,5.5,9900,,,
2001-04-09 00:00:00,MRH-N-0000,5.75,100,,,
2001-04-26 00:00:00,MRH-N-0000,5.25,5200,,,
2001-05-14 00:00:00,MRH-N-0000,5.5,100,,,
2001-05-17 00:00:00,MRH-N-0000,5.25,600,,,
2001-06-15 00:00:00,MRH-N-0000,5.5,100,,,
2001-06-20 00:00:00,MRH-N-0000,5.5,100,,,
2001-06-25 00:00:00,MRH-N-0000,5.5,800,,,
2001-06-26 00:00:00,MRH-N-0000,5.5,100,,,
2001-06-27 00:00:00,MRH-N-0000,5.5,200,,,
2001-06-29 00:00:00,MRH-N-0000,5.5,100,,,
2001-07-06 00:00:00,MRH-N-0000,5.75,100,,,
2001-07-11 00:00:00,MRH-N-0000,5.5,100,,,
2001-07-12 00:00:00,MRH-N-0000,5.5,300,,,
2001-07-13 00:00:00,MRH-N-0000,5.5,1000,,,
2001-07-24 00:00:00,MRH-N-0000,5,44000,,,
2001-07-27 00:00:00,MRH-N-0000,5,19000,,,
2001-08-06 00:00:00,MRH-N-0000,5.25,100,,,
2001-08-21 00:00:00,MRH-N-0000,5.25,100,,,
2001-08-23 00:00:00,MRH-N-0000,5.25,2500,,,
2001-08-29 00:00:00,MRH-N-0000,5.25,100,,,
2001-09-04 00:00:00,MRH-N-0000,5.5,300,,,
2001-09-13 00:00:00,MRH-N-0000,5.5,200,,,
2001-09-26 00:00:00,MRH-N-0000,5.5,300,,,
2001-09-28 00:00:00,MRH-N-0000,5.5,100,,,
2001-10-03 00:00:00,MRH-N-0000,5.5,100,,,
2001-10-10 00:00:00,MRH-N-0000,5.25,1000,,,
2001-10-11 00:00:00,MRH-N-0000,5.25,1100,,,
2001-10-12 00:00:00,MRH-N-0000,5.25,600,,,
2001-10-16 00:00:00,MRH-N-0000,5.5,100,,,
2001-10-18 00:00:00,MRH-N-0000,5.5,100,,,
2001-10-24 00:00:00,MRH-N-0000,5.5,200,,,
2001-11-20 00:00:00,MRH-N-0000,5.5,100,,,
2001-11-28 00:00:00,MRH-N-0000,5.5,100,,,
2001-11-29 00:00:00,MRH-N-0000,5.5,200,,,
2001-12-03 00:00:00,MRH-N-0000,5.5,200,,,
2001-12-04 00:00:00,MRH-N-0000,5.5,600,,,
2001-12-05 00:00:00,MRH-N-0000,5.5,200,,,
2001-12-10 00:00:00,MRH-N-0000,5.5,1000,,,
2001-12-11 00:00:00,MRH-N-0000,6,2500,,,
2001-12-12 00:00:00,MRH-N-0000,6,500,,,
2001-12-13 00:00:00,MRH-N-0000,6,1500,,,
2001-12-14 00:00:00,MRH-N-0000,5.5,2500,,,
2001-12-18 00:00:00,MRH-N-0000,5.25,100,,,
2001-12-19 00:00:00,MRH-N-0000,5,500,,,
2001-12-28 00:00:00,MRH-N-0000,5.25,1000,,,
2002-01-04 00:00:00,MRH-N-0000,5,2200,,,
2002-01-09 00:00:00,MRH-N-0000,3,2000,,,
2002-01-11 00:00:00,MRH-N-0000,4,2000,,,
2002-01-15 00:00:00,MRH-N-0000,5,100,,,
2002-01-16 00:00:00,MRH-N-0000,5,1000,,,
2002-01-17 00:00:00,MRH-N-0000,4.5,2100,,,
2002-01-18 00:00:00,MRH-N-0000,4.75,100,,,
2002-01-23 00:00:00,MRH-N-0000,4.5,1000,,,
2002-01-25 00:00:00,MRH-N-0000,5.5,500,,,
2002-01-29 00:00:00,MRH-N-0000,5.25,100,,,
2002-01-30 00:00:00,MRH-N-0000,5.5,200,,,
2002-01-31 00:00:00,MRH-N-0000,5.5,200,,,
2002-02-01 00:00:00,MRH-N-0000,5.5,1100,,,
2002-02-05 00:00:00,MRH-N-0000,5.5,100,,,
2002-02-08 00:00:00,MRH-N-0000,5,800,,,
2001-01-02 00:00:00,MAL-N-0000,9.75,12900,,,
2001-01-03 00:00:00,MAL-N-0000,9.75,4500,,,
2001-01-04 00:00:00,MAL-N-0000,9.75,30000,,,
2001-01-05 00:00:00,MAL-N-0000,9.5,7000,,,
2001-01-08 00:00:00,MAL-N-0000,9.75,12800,,,
2001-01-10 00:00:00,MAL-N-0000,9.75,18200,,,
2001-01-11 00:00:00,MAL-N-0000,10,41400,,,
2001-01-12 00:00:00,MAL-N-0000,9.75,32800,,,
2001-01-16 00:00:00,MAL-N-0000,9.75,22900,,,
2001-01-17 00:00:00,MAL-N-0000,9.75,28000,,,
2001-01-18 00:00:00,MAL-N-0000,9.5,19800,,,
2001-01-19 00:00:00,MAL-N-0000,9.5,800,,,
2001-01-23 00:00:00,MAL-N-0000,9.5,6700,,,
2001-01-24 00:00:00,MAL-N-0000,9.75,11000,,,
2001-01-25 00:00:00,MAL-N-0000,9.5,32900,,,
2001-01-26 00:00:00,MAL-N-0000,9.5,4100,,,
2001-01-29 00:00:00,MAL-N-0000,9.5,2000,,,
2001-01-30 00:00:00,MAL-N-0000,9.25,41800,,,
2001-01-31 00:00:00,MAL-N-0000,9.25,12600,,,
2001-02-01 00:00:00,MAL-N-0000,9.5,4700,,,
2001-02-06 00:00:00,MAL-N-0000,9.5,100,,,
2001-02-08 00:00:00,MAL-N-0000,9.5,100,,,
2001-02-09 00:00:00,MAL-N-0000,9.25,5900,,,
2001-02-12 00:00:00,MAL-N-0000,9.25,3400,,,
2001-02-13 00:00:00,MAL-N-0000,9.25,2500,,,
2001-02-14 00:00:00,MAL-N-0000,9.5,95600,,,
2001-02-16 00:00:00,MAL-N-0000,9.5,4000,,,
2001-02-19 00:00:00,MAL-N-0000,9.5,11000,,,
2001-02-20 00:00:00,MAL-N-0000,9.5,1600,,,
2001-02-21 00:00:00,MAL-N-0000,9.5,11700,,,
2001-02-22 00:00:00,MAL-N-0000,9.5,1500,,,
2001-02-23 00:00:00,MAL-N-0000,9.5,2500,,,
2001-02-26 00:00:00,MAL-N-0000,9.75,1500,,,
2001-02-27 00:00:00,MAL-N-0000,9.75,4000,,,
2001-03-01 00:00:00,MAL-N-0000,9.75,5800,,,
2001-03-02 00:00:00,MAL-N-0000,9.75,3200,,,
2001-03-05 00:00:00,MAL-N-0000,9.75,14500,,,
2001-03-06 00:00:00,MAL-N-0000,9.75,21000,,,
2001-03-07 00:00:00,MAL-N-0000,9.75,74500,,,
2001-03-08 00:00:00,MAL-N-0000,9.5,1600,,,
2001-03-12 00:00:00,MAL-N-0000,9.5,20200,,,
2001-03-13 00:00:00,MAL-N-0000,9.5,10000,,,
2001-03-15 00:00:00,MAL-N-0000,9.5,1400,,,
2001-03-19 00:00:00,MAL-N-0000,9.75,3000,,,
2001-03-20 00:00:00,MAL-N-0000,9.5,1500,,,
2001-03-21 00:00:00,MAL-N-0000,9.5,16800,,,
2001-03-22 00:00:00,MAL-N-0000,9.5,15000,,,
2001-03-23 00:00:00,MAL-N-0000,9.5,6300,,,
2001-03-27 00:00:00,MAL-N-0000,9.5,6300,,,
2001-03-28 00:00:00,MAL-N-0000,9.25,15200,,,
2001-03-29 00:00:00,MAL-N-0000,8.75,5000,,,
2001-04-02 00:00:00,MAL-N-0000,8.5,2800,,,
2001-04-03 00:00:00,MAL-N-0000,8.5,1300,,,
2001-04-04 00:00:00,MAL-N-0000,8.5,100,,,
2001-04-05 00:00:00,MAL-N-0000,8.5,300,,,
2001-04-09 00:00:00,MAL-N-0000,8.5,1400,,,
2001-04-10 00:00:00,MAL-N-0000,8.5,1300,,,
2001-04-11 00:00:00,MAL-N-0000,8.5,100,,,
2001-04-19 00:00:00,MAL-N-0000,8.5,4000,,,
2001-04-20 00:00:00,MAL-N-0000,8.5,2300,,,
2001-04-23 00:00:00,MAL-N-0000,8.25,2900,,,
2001-04-24 00:00:00,MAL-N-0000,8.25,2100,,,
2001-04-26 00:00:00,MAL-N-0000,8.5,24700,,,
2001-04-27 00:00:00,MAL-N-0000,8.25,3300,,,
2001-04-30 00:00:00,MAL-N-0000,8.25,4400,,,
2001-05-03 00:00:00,MAL-N-0000,8.25,800,,,
2001-05-09 00:00:00,MAL-N-0000,8.25,1500,,,
2001-05-10 00:00:00,MAL-N-0000,8.25,200,,,
2001-05-11 00:00:00,MAL-N-0000,7.75,10600,,,
2001-05-14 00:00:00,MAL-N-0000,8,3700,,,
2001-05-17 00:00:00,MAL-N-0000,8.25,20200,,,
2001-05-18 00:00:00,MAL-N-0000,8.25,1100,,,
2001-05-23 00:00:00,MAL-N-0000,8.5,1000,,,
2001-05-24 00:00:00,MAL-N-0000,8.5,500,,,
2001-05-30 00:00:00,MAL-N-0000,10.25,36600,,,
2001-05-31 00:00:00,MAL-N-0000,10.25,29100,,,
2001-06-01 00:00:00,MAL-N-0000,10.25,23100,,,
2001-06-04 00:00:00,MAL-N-0000,10.25,16700,,,
2001-06-06 00:00:00,MAL-N-0000,10.25,21500,,,
2001-06-07 00:00:00,MAL-N-0000,10.5,116300,,,
2001-06-08 00:00:00,MAL-N-0000,10.5,2400,,,
2001-06-11 00:00:00,MAL-N-0000,10.5,63600,,,
2001-06-12 00:00:00,MAL-N-0000,10.25,58500,,,
2001-06-13 00:00:00,MAL-N-0000,10.5,5500,,,
2001-06-14 00:00:00,MAL-N-0000,10.5,23000,,,
2001-06-15 00:00:00,MAL-N-0000,10.5,1500,,,
2001-06-18 00:00:00,MAL-N-0000,10.5,86100,,,
2001-06-19 00:00:00,MAL-N-0000,8.25,6700,,,
2001-06-20 00:00:00,MAL-N-0000,8.25,13200,,,
2001-06-21 00:00:00,MAL-N-0000,9,36100,,,
2001-06-22 00:00:00,MAL-N-0000,9,13300,,,
2001-06-25 00:00:00,MAL-N-0000,8.5,5500,,,
2001-06-26 00:00:00,MAL-N-0000,8.5,87500,,,
2001-06-27 00:00:00,MAL-N-0000,8.75,2000,,,
2001-06-28 00:00:00,MAL-N-0000,8.5,55200,,,
2001-06-29 00:00:00,MAL-N-0000,8.75,800,,,
2001-07-02 00:00:00,MAL-N-0000,8.75,1800,,,
2001-07-03 00:00:00,MAL-N-0000,8.75,500,,,
2001-07-04 00:00:00,MAL-N-0000,9,700,,,
2001-07-09 00:00:00,MAL-N-0000,8.75,9800,,,
2001-07-10 00:00:00,MAL-N-0000,8.75,7700,,,
2001-07-11 00:00:00,MAL-N-0000,8.5,22100,,,
2001-07-12 00:00:00,MAL-N-0000,8.5,2000,,,
2001-07-13 00:00:00,MAL-N-0000,8.75,6300,,,
2001-07-16 00:00:00,MAL-N-0000,8.5,900,,,
2001-07-17 00:00:00,MAL-N-0000,8.5,5000,,,
2001-07-18 00:00:00,MAL-N-0000,8.75,2100,,,
2001-07-19 00:00:00,MAL-N-0000,8.5,27700,,,
2001-07-20 00:00:00,MAL-N-0000,8.5,6000,,,
2001-07-23 00:00:00,MAL-N-0000,8.5,4600,,,
2001-07-24 00:00:00,MAL-N-0000,8.25,11500,,,
2001-07-25 00:00:00,MAL-N-0000,8,16100,,,
2001-07-26 00:00:00,MAL-N-0000,8.25,4900,,,
2001-07-30 00:00:00,MAL-N-0000,8.5,2000,,,
2001-07-31 00:00:00,MAL-N-0000,8.5,700,,,
2001-08-06 00:00:00,MAL-N-0000,8.5,1000,,,
2001-08-07 00:00:00,MAL-N-0000,8.25,500,,,
2001-08-08 00:00:00,MAL-N-0000,8.5,1500,,,
2001-08-09 00:00:00,MAL-N-0000,8.5,5000,,,
2001-08-10 00:00:00,MAL-N-0000,8.25,5800,,,
2001-08-14 00:00:00,MAL-N-0000,8,2000,,,
2001-08-15 00:00:00,MAL-N-0000,8,8000,,,
2001-08-16 00:00:00,MAL-N-0000,8,20700,,,
2001-08-20 00:00:00,MAL-N-0000,7.75,400,,,
2001-08-21 00:00:00,MAL-N-0000,8,2000,,,
2001-08-22 00:00:00,MAL-N-0000,8,1200,,,
2001-08-23 00:00:00,MAL-N-0000,8,30200,,,
2001-08-24 00:00:00,MAL-N-0000,8,400,,,
2001-08-27 00:00:00,MAL-N-0000,8.25,1200,,,
2001-08-28 00:00:00,MAL-N-0000,8.25,1000,,,
2001-08-29 00:00:00,MAL-N-0000,8.25,3300,,,
2001-08-31 00:00:00,MAL-N-0000,8,100,,,
2001-09-03 00:00:00,MAL-N-0000,8.25,400,,,
2001-09-04 00:00:00,MAL-N-0000,8.25,3200,,,
2001-09-05 00:00:00,MAL-N-0000,8.25,4900,,,
2001-09-06 00:00:00,MAL-N-0000,8.25,44300,,,
2001-09-07 00:00:00,MAL-N-0000,8.5,17300,,,
2001-09-10 00:00:00,MAL-N-0000,8.5,6800,,,
2001-09-12 00:00:00,MAL-N-0000,9,2100,,,
2001-09-13 00:00:00,MAL-N-0000,8.5,1000,,,
2001-09-14 00:00:00,MAL-N-0000,8.5,400,,,
2001-09-17 00:00:00,MAL-N-0000,8.5,2300,,,
2001-09-18 00:00:00,MAL-N-0000,8.5,100,,,
2001-09-19 00:00:00,MAL-N-0000,8.5,900,,,
2001-09-20 00:00:00,MAL-N-0000,8.5,7500,,,
2001-09-21 00:00:00,MAL-N-0000,8.25,2000,,,
2001-09-24 00:00:00,MAL-N-0000,8.25,600,,,
2001-09-25 00:00:00,MAL-N-0000,8.5,100,,,
2001-09-26 00:00:00,MAL-N-0000,8.5,100,,,
2001-09-27 00:00:00,MAL-N-0000,8.5,1500,,,
2001-10-04 00:00:00,MAL-N-0000,8.5,100,,,
2001-10-05 00:00:00,MAL-N-0000,8.25,3400,,,
2001-10-08 00:00:00,MAL-N-0000,8.25,2400,,,
2001-10-09 00:00:00,MAL-N-0000,8.5,21700,,,
2001-10-10 00:00:00,MAL-N-0000,9.25,29900,,,
2001-10-11 00:00:00,MAL-N-0000,9.75,19700,,,
2001-10-12 00:00:00,MAL-N-0000,10.5,34200,,,
2001-10-15 00:00:00,MAL-N-0000,11,150300,,,
2001-10-16 00:00:00,MAL-N-0000,10.5,15900,,,
2001-10-17 00:00:00,MAL-N-0000,11.75,73400,,,
2001-10-18 00:00:00,MAL-N-0000,11.5,200,,,
2001-10-19 00:00:00,MAL-N-0000,11.5,34000,,,
2001-10-22 00:00:00,MAL-N-0000,11.75,7200,,,
2001-10-23 00:00:00,MAL-N-0000,11.75,5500,,,
2001-10-24 00:00:00,MAL-N-0000,12.5,88700,,,
2001-10-25 00:00:00,MAL-N-0000,12,21300,,,
2001-10-26 00:00:00,MAL-N-0000,12,4500,,,
2001-10-29 00:00:00,MAL-N-0000,12.5,170900,,,
2001-10-30 00:00:00,MAL-N-0000,12.5,15500,,,
2001-11-01 00:00:00,MAL-N-0000,12.5,14800,,,
2001-11-02 00:00:00,MAL-N-0000,12.5,8100,,,
2001-11-05 00:00:00,MAL-N-0000,12.5,5600,,,
2001-11-06 00:00:00,MAL-N-0000,12.5,15500,,,
2001-11-07 00:00:00,MAL-N-0000,12.5,4500,,,
2001-11-08 00:00:00,MAL-N-0000,12.5,10000,,,
2001-11-09 00:00:00,MAL-N-0000,12.5,300,,,
2001-11-12 00:00:00,MAL-N-0000,12.25,1000,,,
2001-11-14 00:00:00,MAL-N-0000,12.5,2500,,,
2001-11-15 00:00:00,MAL-N-0000,13.25,12200,,,
2001-11-16 00:00:00,MAL-N-0000,14,14300,,,
2001-11-19 00:00:00,MAL-N-0000,15.75,14400,,,
2001-11-20 00:00:00,MAL-N-0000,14,5000,,,
2001-11-21 00:00:00,MAL-N-0000,15,12600,,,
2001-11-22 00:00:00,MAL-N-0000,16,36900,,,
2001-11-23 00:00:00,MAL-N-0000,16.25,41100,,,
2001-11-26 00:00:00,MAL-N-0000,16,139200,,,
2001-11-27 00:00:00,MAL-N-0000,16,58500,,,
2001-11-28 00:00:00,MAL-N-0000,16,19600,,,
2001-11-29 00:00:00,MAL-N-0000,16.5,17600,,,
2001-12-03 00:00:00,MAL-N-0000,16,22100,,,
2001-12-04 00:00:00,MAL-N-0000,15.5,37900,,,
2001-12-05 00:00:00,MAL-N-0000,15.5,15400,,,
2001-12-07 00:00:00,MAL-N-0000,17.75,11300,,,
2001-12-10 00:00:00,MAL-N-0000,18.5,17100,,,
2001-12-11 00:00:00,MAL-N-0000,16.5,14800,,,
2001-12-12 00:00:00,MAL-N-0000,16.5,7200,,,
2001-12-13 00:00:00,MAL-N-0000,16,2000,,,
2001-12-14 00:00:00,MAL-N-0000,16.25,1800,,,
2001-12-17 00:00:00,MAL-N-0000,16,2100,,,
2001-12-18 00:00:00,MAL-N-0000,16,13800,,,
2001-12-19 00:00:00,MAL-N-0000,15,3700,,,
2001-12-20 00:00:00,MAL-N-0000,17.5,13500,,,
2001-12-21 00:00:00,MAL-N-0000,16.75,13200,,,
2001-12-27 00:00:00,MAL-N-0000,16.75,1000,,,
2001-12-31 00:00:00,MAL-N-0000,16.75,2300,,,
2002-01-02 00:00:00,MAL-N-0000,16,1300,,,
2002-01-03 00:00:00,MAL-N-0000,16,5900,,,
2002-01-04 00:00:00,MAL-N-0000,16,11500,,,
2002-01-07 00:00:00,MAL-N-0000,15,5000,,,
2002-01-08 00:00:00,MAL-N-0000,15.25,200,,,
2002-01-09 00:00:00,MAL-N-0000,15.25,200,,,
2002-01-10 00:00:00,MAL-N-0000,14.5,300,,,
2002-01-15 00:00:00,MAL-N-0000,14.25,20700,,,
2002-01-16 00:00:00,MAL-N-0000,14.25,11000,,,
2002-01-17 00:00:00,MAL-N-0000,14,900,,,
2002-01-18 00:00:00,MAL-N-0000,14.5,2200,,,
2002-01-21 00:00:00,MAL-N-0000,15,6200,,,
2002-01-22 00:00:00,MAL-N-0000,14.75,200,,,
2002-01-23 00:00:00,MAL-N-0000,14,9200,,,
2002-01-24 00:00:00,MAL-N-0000,14.25,32700,,,
2002-01-25 00:00:00,MAL-N-0000,14.5,6800,,,
2002-01-29 00:00:00,MAL-N-0000,15,8300,,,
2002-01-30 00:00:00,MAL-N-0000,14.75,6700,,,
2002-01-31 00:00:00,MAL-N-0000,14.5,200,,,
2002-02-01 00:00:00,MAL-N-0000,14.5,7800,,,
2002-02-06 00:00:00,MAL-N-0000,14.75,12300,,,
2002-02-07 00:00:00,MAL-N-0000,15.25,64400,,,
2002-02-08 00:00:00,MAL-N-0000,16,15000,,,
2002-02-11 00:00:00,MAL-N-0000,15.5,1900,,,
2001-01-17 00:00:00,MARA-N-000,2,600000,,,
2001-02-06 00:00:00,MARA-N-000,2.5,200,,,
2001-02-08 00:00:00,MARA-N-000,2.5,1800,,,
2001-02-23 00:00:00,MARA-N-000,2.5,100,,,
2001-03-01 00:00:00,MARA-N-000,2,10000,,,
2001-03-05 00:00:00,MARA-N-000,2.5,400,,,
2001-05-24 00:00:00,MARA-N-000,3,100,,,
2001-06-01 00:00:00,MARA-N-000,2.5,500,,,
2001-06-18 00:00:00,MARA-N-000,2.75,200,,,
2001-06-26 00:00:00,MARA-N-000,3,100,,,
2001-07-04 00:00:00,MARA-N-000,3,3000,,,
2001-07-10 00:00:00,MARA-N-000,3.5,2100,,,
2001-07-11 00:00:00,MARA-N-000,3.25,900,,,
2001-07-13 00:00:00,MARA-N-000,3.25,1000,,,
2001-07-16 00:00:00,MARA-N-000,3.25,100,,,
2001-07-18 00:00:00,MARA-N-000,3.25,2000,,,
2001-08-08 00:00:00,MARA-N-000,3.25,100,,,
2001-09-04 00:00:00,MARA-N-000,3.25,1000,,,
2001-09-19 00:00:00,MARA-N-000,2.75,100,,,
2001-09-20 00:00:00,MARA-N-000,2.75,5200,,,
2001-09-28 00:00:00,MARA-N-000,3.5,600,,,
2001-10-04 00:00:00,MARA-N-000,3.5,100,,,
2001-10-05 00:00:00,MARA-N-000,3.25,1100,,,
2001-11-02 00:00:00,MARA-N-000,3.25,100,,,
2001-12-13 00:00:00,MARA-N-000,3.25,100,,,
2002-01-08 00:00:00,MARA-N-000,3,300,,,
2002-01-15 00:00:00,MARA-N-000,3.25,1000,,,
2002-01-16 00:00:00,MARA-N-000,2.5,1700,,,
2002-01-17 00:00:00,MARA-N-000,3.75,3900,,,
2002-01-25 00:00:00,MARA-N-000,3.75,100,,,
2002-01-30 00:00:00,MARA-N-000,3,500,,,
2001-01-02 00:00:00,MASK-N-000,26,100,,,
2001-01-03 00:00:00,MASK-N-000,26,1900,,,
2001-01-04 00:00:00,MASK-N-000,26,1000,,,
2001-01-05 00:00:00,MASK-N-000,26,900,,,
2001-01-08 00:00:00,MASK-N-000,26,3300,,,
2001-01-11 00:00:00,MASK-N-000,26.5,400,,,
2001-01-12 00:00:00,MASK-N-000,26.5,700,,,
2001-01-16 00:00:00,MASK-N-000,26,3000,,,
2001-01-17 00:00:00,MASK-N-000,27,6500,,,
2001-01-18 00:00:00,MASK-N-000,27,100,,,
2001-01-19 00:00:00,MASK-N-000,27,100,,,
2001-01-22 00:00:00,MASK-N-000,26,8100,,,
2001-01-23 00:00:00,MASK-N-000,26,5000,,,
2001-01-24 00:00:00,MASK-N-000,26.25,1100,,,
2001-01-25 00:00:00,MASK-N-000,26,1300,,,
2001-01-26 00:00:00,MASK-N-000,25,6300,,,
2001-01-29 00:00:00,MASK-N-000,25,100,,,
2001-01-30 00:00:00,MASK-N-000,25,1200,,,
2001-01-31 00:00:00,MASK-N-000,25,2500,,,
2001-02-01 00:00:00,MASK-N-000,25,1400,,,
2001-02-08 00:00:00,MASK-N-000,25,100,,,
2001-02-09 00:00:00,MASK-N-000,25,1700,,,
2001-02-13 00:00:00,MASK-N-000,25,400,,,
2001-02-15 00:00:00,MASK-N-000,25,300,,,
2001-02-19 00:00:00,MASK-N-000,25,1400,,,
2001-02-20 00:00:00,MASK-N-000,25,200,,,
2001-02-21 00:00:00,MASK-N-000,25,200,,,
2001-02-28 00:00:00,MASK-N-000,25.5,1300,,,
2001-03-05 00:00:00,MASK-N-000,25.5,500,,,
2001-03-06 00:00:00,MASK-N-000,25.5,300,,,
2001-03-07 00:00:00,MASK-N-000,25.5,600,,,
2001-03-08 00:00:00,MASK-N-000,26,100,,,
2001-03-12 00:00:00,MASK-N-000,25,1000,,,
2001-03-15 00:00:00,MASK-N-000,24,2200,,,
2001-03-16 00:00:00,MASK-N-000,25,4000,,,
2001-03-22 00:00:00,MASK-N-000,23,1000,,,
2001-03-23 00:00:00,MASK-N-000,23.5,100,,,
2001-03-29 00:00:00,MASK-N-000,23.5,500,,,
2001-03-30 00:00:00,MASK-N-000,23.5,1600,,,
2001-04-02 00:00:00,MASK-N-000,23.5,100,,,
2001-04-03 00:00:00,MASK-N-000,23.5,300,,,
2001-04-05 00:00:00,MASK-N-000,23,14900,,,
2001-04-06 00:00:00,MASK-N-000,23,7400,,,
2001-04-09 00:00:00,MASK-N-000,22.75,100,,,
2001-04-16 00:00:00,MASK-N-000,23,500,,,
2001-04-17 00:00:00,MASK-N-000,23.5,500,,,
2001-04-18 00:00:00,MASK-N-000,23.5,500,,,
2001-04-19 00:00:00,MASK-N-000,23.5,100,,,
2001-04-20 00:00:00,MASK-N-000,23,1600,,,
2001-04-23 00:00:00,MASK-N-000,23,1500,,,
2001-04-25 00:00:00,MASK-N-000,24,300,,,
2001-04-27 00:00:00,MASK-N-000,24,100,,,
2001-04-30 00:00:00,MASK-N-000,24,100,,,
2001-05-02 00:00:00,MASK-N-000,24,100,,,
2001-05-03 00:00:00,MASK-N-000,24,500,,,
2001-05-04 00:00:00,MASK-N-000,24,100,,,
2001-05-09 00:00:00,MASK-N-000,24,300,,,
2001-05-10 00:00:00,MASK-N-000,24,1800,,,
2001-05-14 00:00:00,MASK-N-000,24,100,,,
2001-05-15 00:00:00,MASK-N-000,24,500,,,
2001-05-16 00:00:00,MASK-N-000,24,100,,,
2001-05-17 00:00:00,MASK-N-000,23.75,600,,,
2001-05-21 00:00:00,MASK-N-000,24,200,,,
2001-05-22 00:00:00,MASK-N-000,24,400,,,
2001-05-23 00:00:00,MASK-N-000,23.75,1000,,,
2001-06-01 00:00:00,MASK-N-000,23,500,,,
2001-06-04 00:00:00,MASK-N-000,23,100,,,
2001-06-06 00:00:00,MASK-N-000,23.5,600,,,
2001-06-07 00:00:00,MASK-N-000,23.5,1100,,,
2001-06-12 00:00:00,MASK-N-000,23,2800,,,
2001-06-13 00:00:00,MASK-N-000,23,2300,,,
2001-06-14 00:00:00,MASK-N-000,23,800,,,
2001-06-15 00:00:00,MASK-N-000,23,100,,,
2001-06-19 00:00:00,MASK-N-000,23.5,3000,,,
2001-06-20 00:00:00,MASK-N-000,22,1600,,,
2001-06-21 00:00:00,MASK-N-000,22,9000,,,
2001-06-22 00:00:00,MASK-N-000,22.25,1900,,,
2001-06-25 00:00:00,MASK-N-000,22.25,200,,,
2001-06-26 00:00:00,MASK-N-000,22,600,,,
2001-06-27 00:00:00,MASK-N-000,22,200,,,
2001-06-28 00:00:00,MASK-N-000,22,100,,,
2001-06-29 00:00:00,MASK-N-000,22,500,,,
2001-07-03 00:00:00,MASK-N-000,22,1500,,,
2001-07-04 00:00:00,MASK-N-000,22,900,,,
2001-07-06 00:00:00,MASK-N-000,21,2600,,,
2001-07-09 00:00:00,MASK-N-000,22,400,,,
2001-07-10 00:00:00,MASK-N-000,22.25,500,,,
2001-07-11 00:00:00,MASK-N-000,22,400,,,
2001-07-13 00:00:00,MASK-N-000,22,500,,,
2001-07-16 00:00:00,MASK-N-000,22,200,,,
2001-07-17 00:00:00,MASK-N-000,21.5,500,,,
2001-07-18 00:00:00,MASK-N-000,21,300,,,
2001-07-19 00:00:00,MASK-N-000,21,300,,,
2001-07-20 00:00:00,MASK-N-000,20.75,2100,,,
2001-07-23 00:00:00,MASK-N-000,20.5,800,,,
2001-07-24 00:00:00,MASK-N-000,20.25,600,,,
2001-07-25 00:00:00,MASK-N-000,20,7800,,,
2001-07-26 00:00:00,MASK-N-000,20,500,,,
2001-07-27 00:00:00,MASK-N-000,20,2200,,,
2001-07-30 00:00:00,MASK-N-000,19,36200,,,
2001-07-31 00:00:00,MASK-N-000,18.5,500,,,
2001-08-01 00:00:00,MASK-N-000,18.5,100,,,
2001-08-07 00:00:00,MASK-N-000,18.75,200,,,
2001-08-10 00:00:00,MASK-N-000,18.75,500,,,
2001-08-13 00:00:00,MASK-N-000,18.5,1000,,,
2001-08-14 00:00:00,MASK-N-000,18,300,,,
2001-08-15 00:00:00,MASK-N-000,17.5,400,,,
2001-08-16 00:00:00,MASK-N-000,17,105900,,,
2001-08-17 00:00:00,MASK-N-000,17,6300,,,
2001-08-21 00:00:00,MASK-N-000,17,1000,,,
2001-08-22 00:00:00,MASK-N-000,17,100,,,
2001-08-23 00:00:00,MASK-N-000,17.25,200,,,
2001-08-27 00:00:00,MASK-N-000,18,1300,,,
2001-08-29 00:00:00,MASK-N-000,19,1000,,,
2001-08-31 00:00:00,MASK-N-000,19,100,,,
2001-09-04 00:00:00,MASK-N-000,18.75,500,,,
2001-09-05 00:00:00,MASK-N-000,18.75,1900,,,
2001-09-11 00:00:00,MASK-N-000,18.75,100,,,
2001-09-13 00:00:00,MASK-N-000,18.75,300,,,
2001-09-14 00:00:00,MASK-N-000,18.75,1300,,,
2001-09-17 00:00:00,MASK-N-000,18,100,,,
2001-09-20 00:00:00,MASK-N-000,18,100,,,
2001-09-24 00:00:00,MASK-N-000,18,1000,,,
2001-09-25 00:00:00,MASK-N-000,18,200,,,
2001-09-26 00:00:00,MASK-N-000,17.5,400,,,
2001-09-28 00:00:00,MASK-N-000,17,53100,,,
2001-10-04 00:00:00,MASK-N-000,18,100,,,
2001-10-05 00:00:00,MASK-N-000,19,500,,,
2001-10-09 00:00:00,MASK-N-000,19,1000,,,
2001-10-10 00:00:00,MASK-N-000,19.25,12400,,,
2001-10-11 00:00:00,MASK-N-000,20.25,35400,,,
2001-10-12 00:00:00,MASK-N-000,21,22200,,,
2001-10-15 00:00:00,MASK-N-000,20,16000,,,
2001-10-16 00:00:00,MASK-N-000,18.5,4100,,,
2001-10-17 00:00:00,MASK-N-000,20,6800,,,
2001-10-19 00:00:00,MASK-N-000,20,4400,,,
2001-10-22 00:00:00,MASK-N-000,21,1200,,,
2001-10-23 00:00:00,MASK-N-000,21.5,99000,,,
2001-10-24 00:00:00,MASK-N-000,22.5,20800,,,
2001-10-25 00:00:00,MASK-N-000,22.5,4100,,,
2001-10-29 00:00:00,MASK-N-000,22.5,200,,,
2001-11-01 00:00:00,MASK-N-000,22,2200,,,
2001-11-02 00:00:00,MASK-N-000,21.5,5500,,,
2001-11-05 00:00:00,MASK-N-000,21.5,95400,,,
2001-11-06 00:00:00,MASK-N-000,21.5,200,,,
2001-11-07 00:00:00,MASK-N-000,21,500,,,
2001-11-08 00:00:00,MASK-N-000,21.5,200,,,
2001-11-09 00:00:00,MASK-N-000,21.5,1500,,,
2001-11-12 00:00:00,MASK-N-000,22,2900,,,
2001-11-13 00:00:00,MASK-N-000,22,300,,,
2001-11-16 00:00:00,MASK-N-000,24.75,4600,,,
2001-11-19 00:00:00,MASK-N-000,25,48000,,,
2001-11-20 00:00:00,MASK-N-000,25,5500,,,
2001-11-21 00:00:00,MASK-N-000,24.75,13000,,,
2001-11-22 00:00:00,MASK-N-000,25.5,9200,,,
2001-11-23 00:00:00,MASK-N-000,25,1200,,,
2001-11-27 00:00:00,MASK-N-000,24,100,,,
2001-11-28 00:00:00,MASK-N-000,25.25,8500,,,
2001-11-29 00:00:00,MASK-N-000,25.5,22500,,,
2001-12-03 00:00:00,MASK-N-000,25,8300,,,
2001-12-04 00:00:00,MASK-N-000,24.25,1900,,,
2001-12-05 00:00:00,MASK-N-000,24.25,4400,,,
2001-12-07 00:00:00,MASK-N-000,31,26300,,,
2001-12-10 00:00:00,MASK-N-000,32.5,67900,,,
2001-12-11 00:00:00,MASK-N-000,30,32800,,,
2001-12-12 00:00:00,MASK-N-000,28.25,9000,,,
2001-12-13 00:00:00,MASK-N-000,26,3900,,,
2001-12-14 00:00:00,MASK-N-000,27.75,1800,,,
2001-12-17 00:00:00,MASK-N-000,26.5,400,,,
2001-12-18 00:00:00,MASK-N-000,26.5,1200,,,
2001-12-19 00:00:00,MASK-N-000,25,3600,,,
2001-12-20 00:00:00,MASK-N-000,25.5,2500,,,
2001-12-21 00:00:00,MASK-N-000,25,5500,,,
2001-12-27 00:00:00,MASK-N-000,26.75,5800,,,
2001-12-28 00:00:00,MASK-N-000,27,4000,,,
2001-12-31 00:00:00,MASK-N-000,27,200,,,
2002-01-02 00:00:00,MASK-N-000,27,1800,,,
2002-01-03 00:00:00,MASK-N-000,26,800,,,
2002-01-04 00:00:00,MASK-N-000,26.25,800,,,
2002-01-07 00:00:00,MASK-N-000,26.25,7100,,,
2002-01-09 00:00:00,MASK-N-000,26.25,300,,,
2002-01-10 00:00:00,MASK-N-000,24.25,1500,,,
2002-01-11 00:00:00,MASK-N-000,26,7900,,,
2002-01-15 00:00:00,MASK-N-000,24.25,1000,,,
2002-01-16 00:00:00,MASK-N-000,24,1500,,,
2002-01-17 00:00:00,MASK-N-000,23,2300,,,
2002-01-18 00:00:00,MASK-N-000,24.5,2000,,,
2002-01-21 00:00:00,MASK-N-000,24.25,2500,,,
2002-01-22 00:00:00,MASK-N-000,23,500,,,
2002-01-23 00:00:00,MASK-N-000,22.25,100,,,
2002-01-24 00:00:00,MASK-N-000,22.5,1700,,,
2002-01-29 00:00:00,MASK-N-000,23,1000,,,
2002-01-30 00:00:00,MASK-N-000,23,1100,,,
2002-02-05 00:00:00,MASK-N-000,23,100,,,
2002-02-06 00:00:00,MASK-N-000,22.75,1200,,,
2002-02-07 00:00:00,MASK-N-000,23,1000,,,
2002-02-08 00:00:00,MASK-N-000,24,7200,,,
2002-02-11 00:00:00,MASK-N-000,24,500,,,
2001-01-08 00:00:00,MLL-N-0000,11,500,,,
2001-02-02 00:00:00,MLL-N-0000,10.75,500,,,
2001-02-12 00:00:00,MLL-N-0000,10.25,9900,,,
2001-03-05 00:00:00,MLL-N-0000,10.5,1000,,,
2001-03-12 00:00:00,MLL-N-0000,10.5,200,,,
2001-03-13 00:00:00,MLL-N-0000,10.5,300,,,
2001-03-20 00:00:00,MLL-N-0000,10.75,900,,,
2001-03-27 00:00:00,MLL-N-0000,10,700,,,
2001-03-28 00:00:00,MLL-N-0000,9.5,1000,,,
2001-04-03 00:00:00,MLL-N-0000,9.5,1100,,,
2001-04-05 00:00:00,MLL-N-0000,9.5,500,,,
2001-04-09 00:00:00,MLL-N-0000,10,300,,,
2001-04-11 00:00:00,MLL-N-0000,10,1000,,,
2001-04-17 00:00:00,MLL-N-0000,10,2600,,,
2001-04-20 00:00:00,MLL-N-0000,10,1000,,,
2001-05-11 00:00:00,MLL-N-0000,9.25,400,,,
2001-05-15 00:00:00,MLL-N-0000,9.25,2200,,,
2001-05-18 00:00:00,MLL-N-0000,9.25,700,,,
2001-05-22 00:00:00,MLL-N-0000,9.25,1600,,,
2001-06-01 00:00:00,MLL-N-0000,10,500,,,
2001-06-04 00:00:00,MLL-N-0000,9.75,200,,,
2001-06-06 00:00:00,MLL-N-0000,9.5,100,,,
2001-06-07 00:00:00,MLL-N-0000,9.75,600,,,
2001-06-08 00:00:00,MLL-N-0000,9.5,500,,,
2001-06-11 00:00:00,MLL-N-0000,9.5,100,,,
2001-06-15 00:00:00,MLL-N-0000,9.5,500,,,
2001-06-18 00:00:00,MLL-N-0000,9.5,500,,,
2001-06-20 00:00:00,MLL-N-0000,9.5,500,,,
2001-06-26 00:00:00,MLL-N-0000,9.5,1400,,,
2001-06-29 00:00:00,MLL-N-0000,9.5,200,,,
2001-07-10 00:00:00,MLL-N-0000,9.5,1000,,,
2001-07-11 00:00:00,MLL-N-0000,9.5,1800,,,
2001-07-30 00:00:00,MLL-N-0000,9.5,600,,,
2001-08-06 00:00:00,MLL-N-0000,9.5,100,,,
2001-08-07 00:00:00,MLL-N-0000,9.5,500,,,
2001-08-08 00:00:00,MLL-N-0000,9.5,400,,,
2001-08-09 00:00:00,MLL-N-0000,9.5,100,,,
2001-08-14 00:00:00,MLL-N-0000,9.5,100,,,
2001-08-15 00:00:00,MLL-N-0000,9.5,500,,,
2001-08-16 00:00:00,MLL-N-0000,9.5,1300,,,
2001-08-20 00:00:00,MLL-N-0000,9.5,100,,,
2001-08-21 00:00:00,MLL-N-0000,9.5,600,,,
2001-08-23 00:00:00,MLL-N-0000,9.75,600,,,
2001-08-27 00:00:00,MLL-N-0000,9,200,,,
2001-08-29 00:00:00,MLL-N-0000,9,1400,,,
2001-08-30 00:00:00,MLL-N-0000,9,900,,,
2001-09-03 00:00:00,MLL-N-0000,9,600,,,
2001-09-04 00:00:00,MLL-N-0000,9,2100,,,
2001-09-06 00:00:00,MLL-N-0000,9,1100,,,
2001-09-10 00:00:00,MLL-N-0000,9.25,600,,,
2001-09-12 00:00:00,MLL-N-0000,9,1200,,,
2001-09-18 00:00:00,MLL-N-0000,8.5,500,,,
2001-09-19 00:00:00,MLL-N-0000,8.25,500,,,
2001-09-21 00:00:00,MLL-N-0000,7.5,1700,,,
2001-09-24 00:00:00,MLL-N-0000,7.5,700,,,
2001-09-27 00:00:00,MLL-N-0000,7.25,600,,,
2001-10-01 00:00:00,MLL-N-0000,7.5,700,,,
2001-10-08 00:00:00,MLL-N-0000,7.5,700,,,
2001-10-09 00:00:00,MLL-N-0000,8.5,2600,,,
2001-10-10 00:00:00,MLL-N-0000,9,7200,,,
2001-10-11 00:00:00,MLL-N-0000,9,3300,,,
2001-10-12 00:00:00,MLL-N-0000,9.25,1200,,,
2001-10-15 00:00:00,MLL-N-0000,9.5,16200,,,
2001-10-16 00:00:00,MLL-N-0000,9,10200,,,
2001-10-17 00:00:00,MLL-N-0000,9.5,5000,,,
2001-10-22 00:00:00,MLL-N-0000,9.5,4000,,,
2001-10-23 00:00:00,MLL-N-0000,10.25,9100,,,
2001-10-24 00:00:00,MLL-N-0000,10.75,8500,,,
2001-10-25 00:00:00,MLL-N-0000,11,2000,,,
2001-10-26 00:00:00,MLL-N-0000,15,1900,,,
2001-10-30 00:00:00,MLL-N-0000,11.25,6500,,,
2001-11-01 00:00:00,MLL-N-0000,11.5,400,,,
2001-11-02 00:00:00,MLL-N-0000,11.25,10200,,,
2001-11-06 00:00:00,MLL-N-0000,10,8900,,,
2001-11-07 00:00:00,MLL-N-0000,9.75,2000,,,
2001-11-12 00:00:00,MLL-N-0000,9.75,600,,,
2001-11-13 00:00:00,MLL-N-0000,9.75,6600,,,
2001-11-15 00:00:00,MLL-N-0000,10.5,3900,,,
2001-11-16 00:00:00,MLL-N-0000,12,13200,,,
2001-11-19 00:00:00,MLL-N-0000,10.75,14300,,,
2001-11-20 00:00:00,MLL-N-0000,10.75,21000,,,
2001-11-21 00:00:00,MLL-N-0000,10.5,2600,,,
2001-11-22 00:00:00,MLL-N-0000,10.5,2000,,,
2001-11-23 00:00:00,MLL-N-0000,11,4300,,,
2001-11-26 00:00:00,MLL-N-0000,11,3000,,,
2001-11-27 00:00:00,MLL-N-0000,11,200,,,
2001-11-28 00:00:00,MLL-N-0000,11,1000,,,
2001-11-29 00:00:00,MLL-N-0000,12,23500,,,
2001-12-03 00:00:00,MLL-N-0000,11.5,1200,,,
2001-12-04 00:00:00,MLL-N-0000,11,100,,,
2001-12-05 00:00:00,MLL-N-0000,11.5,2600,,,
2001-12-07 00:00:00,MLL-N-0000,15,41600,,,
2001-12-10 00:00:00,MLL-N-0000,19,10000,,,
2001-12-11 00:00:00,MLL-N-0000,16,13500,,,
2001-12-12 00:00:00,MLL-N-0000,16,13400,,,
2001-12-14 00:00:00,MLL-N-0000,11.75,3100,,,
2001-12-17 00:00:00,MLL-N-0000,11.75,100,,,
2001-12-18 00:00:00,MLL-N-0000,12.5,1100,,,
2001-12-21 00:00:00,MLL-N-0000,13,13500,,,
2001-12-27 00:00:00,MLL-N-0000,13.25,10000,,,
2001-12-28 00:00:00,MLL-N-0000,13.5,200,,,
2001-12-31 00:00:00,MLL-N-0000,13.5,300,,,
2002-01-02 00:00:00,MLL-N-0000,13.5,200,,,
2002-01-03 00:00:00,MLL-N-0000,13.5,100,,,
2002-01-08 00:00:00,MLL-N-0000,12.5,100,,,
2002-01-10 00:00:00,MLL-N-0000,12,1000,,,
2002-01-11 00:00:00,MLL-N-0000,12,100,,,
2002-01-15 00:00:00,MLL-N-0000,10,5100,,,
2002-01-16 00:00:00,MLL-N-0000,9.5,13500,,,
2002-01-17 00:00:00,MLL-N-0000,9.5,5100,,,
2002-01-21 00:00:00,MLL-N-0000,10.25,1000,,,
2002-01-22 00:00:00,MLL-N-0000,10.25,1500,,,
2002-01-23 00:00:00,MLL-N-0000,10,10600,,,
2002-01-24 00:00:00,MLL-N-0000,10,2300,,,
2002-01-25 00:00:00,MLL-N-0000,10,500,,,
2002-01-31 00:00:00,MLL-N-0000,10.5,2500,,,
2002-02-01 00:00:00,MLL-N-0000,10.5,700,,,
2002-02-05 00:00:00,MLL-N-0000,11,7700,,,
2002-02-06 00:00:00,MLL-N-0000,11,3500,,,
2002-02-07 00:00:00,MLL-N-0000,11,200,,,
2002-02-08 00:00:00,MLL-N-0000,11,4000,,,
2001-01-04 00:00:00,MBSL-N-000,2.75,100,,,
2001-01-08 00:00:00,MBSL-N-000,2.5,700,,,
2001-01-10 00:00:00,MBSL-N-000,2.5,22900,,,
2001-01-12 00:00:00,MBSL-N-000,2.75,3100,,,
2001-01-16 00:00:00,MBSL-N-000,2.5,4500,,,
2001-01-17 00:00:00,MBSL-N-000,2.5,11000,,,
2001-01-18 00:00:00,MBSL-N-000,2.5,1000,,,
2001-01-19 00:00:00,MBSL-N-000,2.5,9100,,,
2001-01-22 00:00:00,MBSL-N-000,2.5,2800,,,
2001-01-23 00:00:00,MBSL-N-000,2.5,2600,,,
2001-01-24 00:00:00,MBSL-N-000,2.5,1300,,,
2001-01-25 00:00:00,MBSL-N-000,2.5,1000,,,
2001-01-29 00:00:00,MBSL-N-000,2.25,100,,,
2001-01-30 00:00:00,MBSL-N-000,2.25,3600,,,
2001-01-31 00:00:00,MBSL-N-000,2.25,11500,,,
2001-02-01 00:00:00,MBSL-N-000,2,100,,,
2001-02-02 00:00:00,MBSL-N-000,2,38200,,,
2001-02-06 00:00:00,MBSL-N-000,2,69500,,,
2001-02-09 00:00:00,MBSL-N-000,2,200,,,
2001-02-13 00:00:00,MBSL-N-000,2,200,,,
2001-02-14 00:00:00,MBSL-N-000,2,6000,,,
2001-02-16 00:00:00,MBSL-N-000,2,2800,,,
2001-02-19 00:00:00,MBSL-N-000,2,1000,,,
2001-02-20 00:00:00,MBSL-N-000,2,35400,,,
2001-02-21 00:00:00,MBSL-N-000,2,500,,,
2001-02-22 00:00:00,MBSL-N-000,2,1000,,,
2001-02-23 00:00:00,MBSL-N-000,2,5200,,,
2001-02-27 00:00:00,MBSL-N-000,2,2000,,,
2001-02-28 00:00:00,MBSL-N-000,2,2200,,,
2001-03-01 00:00:00,MBSL-N-000,2,8700,,,
2001-03-02 00:00:00,MBSL-N-000,1.75,6100,,,
2001-03-07 00:00:00,MBSL-N-000,2,2000,,,
2001-03-08 00:00:00,MBSL-N-000,2,1000,,,
2001-03-12 00:00:00,MBSL-N-000,1.75,100,,,
2001-03-14 00:00:00,MBSL-N-000,1.75,13000,,,
2001-03-15 00:00:00,MBSL-N-000,1.75,3300,,,
2001-03-16 00:00:00,MBSL-N-000,1.75,1500,,,
2001-03-19 00:00:00,MBSL-N-000,1.75,900,,,
2001-03-20 00:00:00,MBSL-N-000,1.75,7400,,,
2001-03-21 00:00:00,MBSL-N-000,1.75,1000,,,
2001-03-22 00:00:00,MBSL-N-000,1.75,10000,,,
2001-03-23 00:00:00,MBSL-N-000,1.5,1100,,,
2001-03-26 00:00:00,MBSL-N-000,1.5,26300,,,
2001-03-27 00:00:00,MBSL-N-000,1.5,200,,,
2001-03-28 00:00:00,MBSL-N-000,1.5,10800,,,
2001-03-29 00:00:00,MBSL-N-000,1.5,5000,,,
2001-04-02 00:00:00,MBSL-N-000,1.5,300,,,
2001-04-04 00:00:00,MBSL-N-000,1.5,5200,,,
2001-04-05 00:00:00,MBSL-N-000,1.75,1000,,,
2001-04-06 00:00:00,MBSL-N-000,1.5,40200,,,
2001-04-09 00:00:00,MBSL-N-000,1.5,1000,,,
2001-04-10 00:00:00,MBSL-N-000,1.5,2000,,,
2001-04-11 00:00:00,MBSL-N-000,1.5,7000,,,
2001-04-16 00:00:00,MBSL-N-000,1.5,3000,,,
2001-04-17 00:00:00,MBSL-N-000,1.5,400,,,
2001-04-18 00:00:00,MBSL-N-000,1.25,1800,,,
2001-04-19 00:00:00,MBSL-N-000,1.25,7600,,,
2001-04-24 00:00:00,MBSL-N-000,1.25,100,,,
2001-04-25 00:00:00,MBSL-N-000,1.5,11000,,,
2001-04-26 00:00:00,MBSL-N-000,1.25,8100,,,
2001-04-27 00:00:00,MBSL-N-000,1.25,400,,,
2001-04-30 00:00:00,MBSL-N-000,1.25,700,,,
2001-05-04 00:00:00,MBSL-N-000,1.25,65600,,,
2001-05-09 00:00:00,MBSL-N-000,1.25,114400,,,
2001-05-10 00:00:00,MBSL-N-000,1.25,200,,,
2001-05-11 00:00:00,MBSL-N-000,1.25,1100,,,
2001-05-16 00:00:00,MBSL-N-000,1.25,5300,,,
2001-05-17 00:00:00,MBSL-N-000,1.25,2700,,,
2001-05-18 00:00:00,MBSL-N-000,1.5,300,,,
2001-05-22 00:00:00,MBSL-N-000,1.5,4200,,,
2001-05-23 00:00:00,MBSL-N-000,1.25,15500,,,
2001-05-24 00:00:00,MBSL-N-000,1.5,1000,,,
2001-05-29 00:00:00,MBSL-N-000,1.25,300,,,
2001-05-30 00:00:00,MBSL-N-000,1.25,2900,,,
2001-06-06 00:00:00,MBSL-N-000,1.25,6300,,,
2001-06-08 00:00:00,MBSL-N-000,1.5,2000,,,
2001-06-13 00:00:00,MBSL-N-000,1.25,2000,,,
2001-06-14 00:00:00,MBSL-N-000,1.5,3200,,,
2001-06-15 00:00:00,MBSL-N-000,1.25,100,,,
2001-06-18 00:00:00,MBSL-N-000,1.25,1600,,,
2001-06-19 00:00:00,MBSL-N-000,1.5,124500,,,
2001-06-20 00:00:00,MBSL-N-000,1.5,15000,,,
2001-06-21 00:00:00,MBSL-N-000,2.25,79400,,,
2001-06-22 00:00:00,MBSL-N-000,2.25,37600,,,
2001-06-25 00:00:00,MBSL-N-000,2,36800,,,
2001-06-26 00:00:00,MBSL-N-000,2,30100,,,
2001-06-27 00:00:00,MBSL-N-000,2,2000,,,
2001-06-28 00:00:00,MBSL-N-000,2,3000,,,
2001-06-29 00:00:00,MBSL-N-000,2.75,63900,,,
2001-07-02 00:00:00,MBSL-N-000,2.25,11800,,,
2001-07-03 00:00:00,MBSL-N-000,2.25,3000,,,
2001-07-04 00:00:00,MBSL-N-000,2.25,3200,,,
2001-07-06 00:00:00,MBSL-N-000,2,14500,,,
2001-07-09 00:00:00,MBSL-N-000,2,10000,,,
2001-07-10 00:00:00,MBSL-N-000,2.25,200,,,
2001-07-11 00:00:00,MBSL-N-000,2,23100,,,
2001-07-12 00:00:00,MBSL-N-000,2,5000,,,
2001-07-13 00:00:00,MBSL-N-000,2,61800,,,
2001-07-16 00:00:00,MBSL-N-000,2,5000,,,
2001-07-17 00:00:00,MBSL-N-000,2,200,,,
2001-07-18 00:00:00,MBSL-N-000,2,7500,,,
2001-07-19 00:00:00,MBSL-N-000,2.25,52200,,,
2001-07-20 00:00:00,MBSL-N-000,2,35300,,,
2001-07-23 00:00:00,MBSL-N-000,1.75,1000,,,
2001-07-24 00:00:00,MBSL-N-000,1.75,21200,,,
2001-07-25 00:00:00,MBSL-N-000,1.75,5000,,,
2001-07-27 00:00:00,MBSL-N-000,2,23700,,,
2001-07-30 00:00:00,MBSL-N-000,2.25,31600,,,
2001-07-31 00:00:00,MBSL-N-000,2.25,500,,,
2001-08-01 00:00:00,MBSL-N-000,2,500,,,
2001-08-02 00:00:00,MBSL-N-000,2,12100,,,
2001-08-08 00:00:00,MBSL-N-000,2,1200,,,
2001-08-09 00:00:00,MBSL-N-000,2,600,,,
2001-08-10 00:00:00,MBSL-N-000,1.75,2000,,,
2001-08-13 00:00:00,MBSL-N-000,1.75,500,,,
2001-08-14 00:00:00,MBSL-N-000,1.75,24000,,,
2001-08-16 00:00:00,MBSL-N-000,1.75,14200,,,
2001-08-17 00:00:00,MBSL-N-000,1.75,10000,,,
2001-08-21 00:00:00,MBSL-N-000,2.25,66000,,,
2001-08-22 00:00:00,MBSL-N-000,2,1000,,,
2001-08-27 00:00:00,MBSL-N-000,2,1000,,,
2001-08-28 00:00:00,MBSL-N-000,2.25,19200,,,
2001-08-29 00:00:00,MBSL-N-000,2.25,16000,,,
2001-08-30 00:00:00,MBSL-N-000,2,6000,,,
2001-08-31 00:00:00,MBSL-N-000,2.25,1000,,,
2001-09-03 00:00:00,MBSL-N-000,2,3100,,,
2001-09-04 00:00:00,MBSL-N-000,2.25,2300,,,
2001-09-05 00:00:00,MBSL-N-000,2.25,13900,,,
2001-09-06 00:00:00,MBSL-N-000,2.25,2000,,,
2001-09-07 00:00:00,MBSL-N-000,2.25,1000,,,
2001-09-10 00:00:00,MBSL-N-000,2.25,4000,,,
2001-09-12 00:00:00,MBSL-N-000,2,100,,,
2001-09-13 00:00:00,MBSL-N-000,2,5000,,,
2001-09-17 00:00:00,MBSL-N-000,2,36700,,,
2001-09-18 00:00:00,MBSL-N-000,2,500,,,
2001-09-19 00:00:00,MBSL-N-000,2,100,,,
2001-09-20 00:00:00,MBSL-N-000,2,11000,,,
2001-09-21 00:00:00,MBSL-N-000,2,4500,,,
2001-09-24 00:00:00,MBSL-N-000,2,7100,,,
2001-09-25 00:00:00,MBSL-N-000,2,2100,,,
2001-09-26 00:00:00,MBSL-N-000,2,800,,,
2001-09-27 00:00:00,MBSL-N-000,2,6100,,,
2001-10-01 00:00:00,MBSL-N-000,2,2400,,,
2001-10-03 00:00:00,MBSL-N-000,2,8700,,,
2001-10-04 00:00:00,MBSL-N-000,2,7900,,,
2001-10-05 00:00:00,MBSL-N-000,2,100,,,
2001-10-08 00:00:00,MBSL-N-000,2,5400,,,
2001-10-09 00:00:00,MBSL-N-000,2.5,86500,,,
2001-10-10 00:00:00,MBSL-N-000,2.75,152900,,,
2001-10-11 00:00:00,MBSL-N-000,3.25,214700,,,
2001-10-12 00:00:00,MBSL-N-000,3.5,127600,,,
2001-10-15 00:00:00,MBSL-N-000,3.25,136500,,,
2001-10-16 00:00:00,MBSL-N-000,3.25,71000,,,
2001-10-17 00:00:00,MBSL-N-000,3.25,22800,,,
2001-10-18 00:00:00,MBSL-N-000,3.25,12000,,,
2001-10-19 00:00:00,MBSL-N-000,3.25,6000,,,
2001-10-22 00:00:00,MBSL-N-000,3.25,12500,,,
2001-10-23 00:00:00,MBSL-N-000,3.5,245300,,,
2001-10-24 00:00:00,MBSL-N-000,3.5,112200,,,
2001-10-25 00:00:00,MBSL-N-000,3.25,13500,,,
2001-10-26 00:00:00,MBSL-N-000,3.25,2900,,,
2001-10-29 00:00:00,MBSL-N-000,4,83500,,,
2001-10-30 00:00:00,MBSL-N-000,3.75,3500,,,
2001-11-01 00:00:00,MBSL-N-000,3.5,18300,,,
2001-11-02 00:00:00,MBSL-N-000,3.25,63800,,,
2001-11-05 00:00:00,MBSL-N-000,3.5,56600,,,
2001-11-06 00:00:00,MBSL-N-000,3.5,31000,,,
2001-11-07 00:00:00,MBSL-N-000,3.75,23300,,,
2001-11-08 00:00:00,MBSL-N-000,3.75,11600,,,
2001-11-09 00:00:00,MBSL-N-000,3.75,9500,,,
2001-11-12 00:00:00,MBSL-N-000,3.75,6500,,,
2001-11-13 00:00:00,MBSL-N-000,4,79400,,,
2001-11-14 00:00:00,MBSL-N-000,5,596100,,,
2001-11-15 00:00:00,MBSL-N-000,5,92300,,,
2001-11-16 00:00:00,MBSL-N-000,5,117400,,,
2001-11-19 00:00:00,MBSL-N-000,5.5,179800,,,
2001-11-20 00:00:00,MBSL-N-000,5.5,177600,,,
2001-11-21 00:00:00,MBSL-N-000,5.25,32200,,,
2001-11-22 00:00:00,MBSL-N-000,5.25,146600,,,
2001-11-23 00:00:00,MBSL-N-000,5.25,99400,,,
2001-11-26 00:00:00,MBSL-N-000,5.25,15400,,,
2001-11-27 00:00:00,MBSL-N-000,5.25,9800,,,
2001-11-28 00:00:00,MBSL-N-000,6,172600,,,
2001-11-29 00:00:00,MBSL-N-000,5.75,132000,,,
2001-12-03 00:00:00,MBSL-N-000,6,195200,,,
2001-12-04 00:00:00,MBSL-N-000,5.75,68800,,,
2001-12-05 00:00:00,MBSL-N-000,6,69100,,,
2001-12-07 00:00:00,MBSL-N-000,9,619300,,,
2001-12-10 00:00:00,MBSL-N-000,9.75,354100,,,
2001-12-11 00:00:00,MBSL-N-000,9.25,111300,,,
2001-12-12 00:00:00,MBSL-N-000,8.5,131100,,,
2001-12-13 00:00:00,MBSL-N-000,6,190200,,,
2001-12-14 00:00:00,MBSL-N-000,7.25,300400,,,
2001-12-17 00:00:00,MBSL-N-000,7.75,129200,,,
2001-12-18 00:00:00,MBSL-N-000,7.25,39600,,,
2001-12-19 00:00:00,MBSL-N-000,6.5,61900,,,
2001-12-20 00:00:00,MBSL-N-000,6.75,104400,,,
2001-12-21 00:00:00,MBSL-N-000,7.25,37800,,,
2001-12-27 00:00:00,MBSL-N-000,7.5,50300,,,
2001-12-28 00:00:00,MBSL-N-000,7.5,145700,,,
2001-12-31 00:00:00,MBSL-N-000,7.5,74300,,,
2002-01-02 00:00:00,MBSL-N-000,7.25,77000,,,
2002-01-03 00:00:00,MBSL-N-000,7.25,25800,,,
2002-01-04 00:00:00,MBSL-N-000,7,67900,,,
2002-01-07 00:00:00,MBSL-N-000,6.75,18500,,,
2002-01-08 00:00:00,MBSL-N-000,6.75,41800,,,
2002-01-09 00:00:00,MBSL-N-000,6.5,24400,,,
2002-01-10 00:00:00,MBSL-N-000,6.5,85500,,,
2002-01-11 00:00:00,MBSL-N-000,6,34300,,,
2002-01-15 00:00:00,MBSL-N-000,6.5,101800,,,
2002-01-16 00:00:00,MBSL-N-000,6.25,51700,,,
2002-01-17 00:00:00,MBSL-N-000,6.25,23000,,,
2002-01-18 00:00:00,MBSL-N-000,6.5,84100,,,
2002-01-21 00:00:00,MBSL-N-000,6.5,47500,,,
2002-01-22 00:00:00,MBSL-N-000,6.25,15000,,,
2002-01-23 00:00:00,MBSL-N-000,6.25,8600,,,
2002-01-24 00:00:00,MBSL-N-000,6.5,21200,,,
2002-01-25 00:00:00,MBSL-N-000,6.25,22600,,,
2002-01-29 00:00:00,MBSL-N-000,6.25,5500,,,
2002-01-30 00:00:00,MBSL-N-000,6,63200,,,
2002-01-31 00:00:00,MBSL-N-000,6,29900,,,
2002-02-01 00:00:00,MBSL-N-000,6,12100,,,
2002-02-05 00:00:00,MBSL-N-000,6,12300,,,
2002-02-06 00:00:00,MBSL-N-000,6,15000,,,
2002-02-07 00:00:00,MBSL-N-000,6,27500,,,
2002-02-08 00:00:00,MBSL-N-000,6,9600,,,
2002-02-11 00:00:00,MBSL-N-000,6,100,,,
2001-01-29 00:00:00,MPAC-N-000,7,300,,,
2001-03-21 00:00:00,MPAC-N-000,7.5,100,,,
2001-05-10 00:00:00,MPAC-N-000,7.5,2500,,,
2001-05-11 00:00:00,MPAC-N-000,7.5,200,,,
2001-05-14 00:00:00,MPAC-N-000,7.5,100,,,
2001-12-27 00:00:00,MPAC-N-000,8,100,,,
2002-01-25 00:00:00,MPAC-N-000,10,100,,,
2001-02-20 00:00:00,MILL-N-000,105,100,,,
2001-03-02 00:00:00,MILL-N-000,100,14500,,,
2001-03-21 00:00:00,MILL-N-000,100,500,,,
2001-03-28 00:00:00,MILL-N-000,100,200,,,
2001-06-12 00:00:00,MILL-N-000,110,100,,,
2001-06-14 00:00:00,MILL-N-000,110,100,,,
2001-06-15 00:00:00,MILL-N-000,110,200,,,
2001-09-04 00:00:00,MILL-N-000,110,100,,,
2001-03-07 00:00:00,MIRA-N-000,5,185500,,,
2001-06-20 00:00:00,MIRA-N-000,4.5,400,,,
2001-07-26 00:00:00,MIRA-N-000,6,74800,,,
2001-08-29 00:00:00,MIRA-N-000,6,120200,,,
2001-12-03 00:00:00,MIRA-N-000,6,100,,,
2001-03-13 00:00:00,MULL-N-000,2,100,,,
2001-03-16 00:00:00,MULL-N-000,1.5,10000,,,
2001-03-23 00:00:00,MULL-N-000,1.5,100,,,
2001-04-18 00:00:00,MULL-N-000,0.8,100,,,
2001-05-22 00:00:00,MULL-N-000,0.8,500,,,
2001-06-04 00:00:00,MULL-N-000,0.7,100,,,
2001-07-30 00:00:00,MULL-N-000,1,100,,,
2001-08-02 00:00:00,MULL-N-000,0.7,3000,,,
2001-08-15 00:00:00,MULL-N-000,0.6,2000,,,
2001-10-03 00:00:00,MULL-N-000,0.6,7500,,,
2001-10-17 00:00:00,MULL-N-000,0.8,4900,,,
2001-10-19 00:00:00,MULL-N-000,0.8,5000,,,
2001-10-22 00:00:00,MULL-N-000,0.8,10000,,,
2001-10-23 00:00:00,MULL-N-000,0.8,5000,,,
2001-10-24 00:00:00,MULL-N-000,0.7,5000,,,
2001-10-25 00:00:00,MULL-N-000,0.9,12800,,,
2001-11-09 00:00:00,MULL-N-000,0.7,10800,,,
2001-11-15 00:00:00,MULL-N-000,0.7,17700,,,
2001-11-16 00:00:00,MULL-N-000,0.9,18500,,,
2001-11-19 00:00:00,MULL-N-000,0.9,40000,,,
2001-11-20 00:00:00,MULL-N-000,0.8,27500,,,
2001-11-21 00:00:00,MULL-N-000,0.8,7000,,,
2001-11-22 00:00:00,MULL-N-000,0.8,30000,,,
2001-11-23 00:00:00,MULL-N-000,0.8,77000,,,
2001-11-26 00:00:00,MULL-N-000,0.8,25000,,,
2001-11-27 00:00:00,MULL-N-000,0.8,6000,,,
2001-12-03 00:00:00,MULL-N-000,0.8,76000,,,
2001-12-04 00:00:00,MULL-N-000,0.8,17000,,,
2001-12-05 00:00:00,MULL-N-000,1,55000,,,
2001-12-07 00:00:00,MULL-N-000,1.5,655700,,,
2001-12-10 00:00:00,MULL-N-000,1.75,355700,,,
2001-12-11 00:00:00,MULL-N-000,2,609000,,,
2001-12-12 00:00:00,MULL-N-000,2,440700,,,
2001-12-14 00:00:00,MULL-N-000,1.5,203000,,,
2001-12-17 00:00:00,MULL-N-000,1.5,435600,,,
2001-12-18 00:00:00,MULL-N-000,1.5,42000,,,
2001-12-19 00:00:00,MULL-N-000,1.25,104000,,,
2001-12-20 00:00:00,MULL-N-000,1.5,10000,,,
2001-12-21 00:00:00,MULL-N-000,1.5,103000,,,
2001-12-27 00:00:00,MULL-N-000,1.75,20100,,,
2001-12-28 00:00:00,MULL-N-000,1.5,20000,,,
2001-12-31 00:00:00,MULL-N-000,1.5,35500,,,
2002-01-02 00:00:00,MULL-N-000,1.5,132000,,,
2002-01-03 00:00:00,MULL-N-000,1.75,11300,,,
2002-01-04 00:00:00,MULL-N-000,1.5,80000,,,
2002-01-07 00:00:00,MULL-N-000,1.75,34500,,,
2002-01-08 00:00:00,MULL-N-000,1.5,94000,,,
2002-01-09 00:00:00,MULL-N-000,1.5,80300,,,
2002-01-10 00:00:00,MULL-N-000,1.5,40000,,,
2002-01-11 00:00:00,MULL-N-000,1.25,3000,,,
2002-01-15 00:00:00,MULL-N-000,1.25,12500,,,
2002-01-16 00:00:00,MULL-N-000,1.5,16000,,,
2002-01-17 00:00:00,MULL-N-000,1.25,63000,,,
2002-01-21 00:00:00,MULL-N-000,1.25,47000,,,
2002-01-22 00:00:00,MULL-N-000,1.25,9800,,,
2002-01-24 00:00:00,MULL-N-000,1.25,29000,,,
2002-01-25 00:00:00,MULL-N-000,1.25,1000,,,
2002-01-30 00:00:00,MULL-N-000,1.25,2000,,,
2002-01-31 00:00:00,MULL-N-000,1.5,52600,,,
2002-02-01 00:00:00,MULL-N-000,1.25,3200,,,
2002-02-05 00:00:00,MULL-N-000,1.25,8000,,,
2002-02-07 00:00:00,MULL-N-000,1.25,1000,,,
2002-02-11 00:00:00,MULL-N-000,1.25,11200,,,
2001-01-02 00:00:00,NAMU-N-000,11,500,,,
2001-01-05 00:00:00,NAMU-N-000,10.5,100,,,
2001-01-08 00:00:00,NAMU-N-000,10.5,900,,,
2001-01-10 00:00:00,NAMU-N-000,10.5,400,,,
2001-01-12 00:00:00,NAMU-N-000,10,6600,,,
2001-01-16 00:00:00,NAMU-N-000,10,300,,,
2001-01-17 00:00:00,NAMU-N-000,10,1800,,,
2001-01-18 00:00:00,NAMU-N-000,10,1200,,,
2001-01-19 00:00:00,NAMU-N-000,10,200,,,
2001-01-22 00:00:00,NAMU-N-000,10.5,3300,,,
2001-01-24 00:00:00,NAMU-N-000,10,100,,,
2001-01-25 00:00:00,NAMU-N-000,9.75,2400,,,
2001-01-29 00:00:00,NAMU-N-000,9.5,2900,,,
2001-01-30 00:00:00,NAMU-N-000,9.5,300,,,
2001-02-01 00:00:00,NAMU-N-000,9.5,1000,,,
2001-02-08 00:00:00,NAMU-N-000,9.5,200,,,
2001-02-09 00:00:00,NAMU-N-000,9.5,1500,,,
2001-02-12 00:00:00,NAMU-N-000,9.75,3400,,,
2001-02-13 00:00:00,NAMU-N-000,9.75,2500,,,
2001-02-14 00:00:00,NAMU-N-000,9.5,1500,,,
2001-02-15 00:00:00,NAMU-N-000,9.5,2900,,,
2001-02-16 00:00:00,NAMU-N-000,9.5,200,,,
2001-02-19 00:00:00,NAMU-N-000,9.5,2000,,,
2001-02-20 00:00:00,NAMU-N-000,9.5,2200,,,
2001-02-23 00:00:00,NAMU-N-000,9.5,2000,,,
2001-02-27 00:00:00,NAMU-N-000,9.5,500,,,
2001-03-02 00:00:00,NAMU-N-000,9.5,1000,,,
2001-03-05 00:00:00,NAMU-N-000,9.5,300,,,
2001-03-12 00:00:00,NAMU-N-000,9.25,1000,,,
2001-03-13 00:00:00,NAMU-N-000,9,1000,,,
2001-03-15 00:00:00,NAMU-N-000,8.75,8300,,,
2001-03-19 00:00:00,NAMU-N-000,9,1500,,,
2001-03-20 00:00:00,NAMU-N-000,9.25,100,,,
2001-03-21 00:00:00,NAMU-N-000,9,300,,,
2001-03-22 00:00:00,NAMU-N-000,8.75,900,,,
2001-03-26 00:00:00,NAMU-N-000,8.75,100,,,
2001-03-27 00:00:00,NAMU-N-000,8.5,6200,,,
2001-03-29 00:00:00,NAMU-N-000,8,5900,,,
2001-03-30 00:00:00,NAMU-N-000,8,100,,,
2001-04-03 00:00:00,NAMU-N-000,8,1500,,,
2001-04-04 00:00:00,NAMU-N-000,8.5,3300,,,
2001-04-05 00:00:00,NAMU-N-000,8.5,100,,,
2001-04-06 00:00:00,NAMU-N-000,8.5,100,,,
2001-04-09 00:00:00,NAMU-N-000,8,300,,,
2001-04-19 00:00:00,NAMU-N-000,8,400,,,
2001-04-25 00:00:00,NAMU-N-000,8,2200,,,
2001-04-27 00:00:00,NAMU-N-000,8,200,,,
2001-04-30 00:00:00,NAMU-N-000,7.5,500,,,
2001-05-16 00:00:00,NAMU-N-000,7,5000,,,
2001-05-17 00:00:00,NAMU-N-000,7.25,200,,,
2001-05-24 00:00:00,NAMU-N-000,7.5,400,,,
2001-05-25 00:00:00,NAMU-N-000,7.5,800,,,
2001-05-29 00:00:00,NAMU-N-000,7.25,7000,,,
2001-05-30 00:00:00,NAMU-N-000,7,200,,,
2001-05-31 00:00:00,NAMU-N-000,7.25,3000,,,
2001-06-01 00:00:00,NAMU-N-000,7.25,700,,,
2001-06-04 00:00:00,NAMU-N-000,7,400,,,
2001-06-06 00:00:00,NAMU-N-000,6.5,10200,,,
2001-06-07 00:00:00,NAMU-N-000,7,2000,,,
2001-06-08 00:00:00,NAMU-N-000,7,400,,,
2001-06-12 00:00:00,NAMU-N-000,6.75,1100,,,
2001-06-13 00:00:00,NAMU-N-000,6.75,800,,,
2001-06-15 00:00:00,NAMU-N-000,6.5,5000,,,
2001-06-18 00:00:00,NAMU-N-000,6.75,1900,,,
2001-06-20 00:00:00,NAMU-N-000,7,3600,,,
2001-07-02 00:00:00,NAMU-N-000,7.75,2000,,,
2001-07-04 00:00:00,NAMU-N-000,7.75,200,,,
2001-07-06 00:00:00,NAMU-N-000,7.5,800,,,
2001-07-09 00:00:00,NAMU-N-000,7.75,500,,,
2001-07-11 00:00:00,NAMU-N-000,7.5,7600,,,
2001-07-12 00:00:00,NAMU-N-000,7.5,1000,,,
2001-07-16 00:00:00,NAMU-N-000,7.75,2000,,,
2001-07-17 00:00:00,NAMU-N-000,7.75,600,,,
2001-07-18 00:00:00,NAMU-N-000,7.5,12700,,,
2001-07-23 00:00:00,NAMU-N-000,7,100,,,
2001-07-24 00:00:00,NAMU-N-000,7,400,,,
2001-08-06 00:00:00,NAMU-N-000,7,300,,,
2001-08-07 00:00:00,NAMU-N-000,6.75,100,,,
2001-08-08 00:00:00,NAMU-N-000,7,500,,,
2001-08-10 00:00:00,NAMU-N-000,6,105000,,,
2001-08-13 00:00:00,NAMU-N-000,7,100,,,
2001-08-14 00:00:00,NAMU-N-000,6.25,50000,,,
2001-08-17 00:00:00,NAMU-N-000,6.25,900,,,
2001-08-24 00:00:00,NAMU-N-000,6.75,1100,,,
2001-08-29 00:00:00,NAMU-N-000,6.75,2500,,,
2001-08-30 00:00:00,NAMU-N-000,6.75,200,,,
2001-09-04 00:00:00,NAMU-N-000,6.25,2300,,,
2001-09-05 00:00:00,NAMU-N-000,6.75,3100,,,
2001-09-06 00:00:00,NAMU-N-000,6.5,300,,,
2001-09-07 00:00:00,NAMU-N-000,6.5,6000,,,
2001-09-11 00:00:00,NAMU-N-000,6.5,8100,,,
2001-09-13 00:00:00,NAMU-N-000,6.75,100,,,
2001-09-19 00:00:00,NAMU-N-000,6,900,,,
2001-09-20 00:00:00,NAMU-N-000,6.25,600,,,
2001-09-25 00:00:00,NAMU-N-000,6.25,1000,,,
2001-09-26 00:00:00,NAMU-N-000,6.25,1500,,,
2001-09-27 00:00:00,NAMU-N-000,6.25,100,,,
2001-09-28 00:00:00,NAMU-N-000,6,2500,,,
2001-10-01 00:00:00,NAMU-N-000,6,4000,,,
2001-10-03 00:00:00,NAMU-N-000,6,18100,,,
2001-10-04 00:00:00,NAMU-N-000,6,20300,,,
2001-10-08 00:00:00,NAMU-N-000,6.5,1000,,,
2001-10-09 00:00:00,NAMU-N-000,6.75,6100,,,
2001-10-10 00:00:00,NAMU-N-000,6.75,22100,,,
2001-10-11 00:00:00,NAMU-N-000,7.25,7000,,,
2001-10-12 00:00:00,NAMU-N-000,7.25,12600,,,
2001-10-15 00:00:00,NAMU-N-000,6.75,38800,,,
2001-10-16 00:00:00,NAMU-N-000,6.5,15000,,,
2001-10-17 00:00:00,NAMU-N-000,6.5,12700,,,
2001-10-19 00:00:00,NAMU-N-000,7,100,,,
2001-10-22 00:00:00,NAMU-N-000,7.25,7400,,,
2001-10-23 00:00:00,NAMU-N-000,7.5,2500,,,
2001-10-24 00:00:00,NAMU-N-000,7.5,2000,,,
2001-10-25 00:00:00,NAMU-N-000,6.75,8700,,,
2001-10-26 00:00:00,NAMU-N-000,6.75,1000,,,
2001-10-29 00:00:00,NAMU-N-000,6.75,100,,,
2001-10-30 00:00:00,NAMU-N-000,6.75,3000,,,
2001-11-01 00:00:00,NAMU-N-000,7,1100,,,
2001-11-02 00:00:00,NAMU-N-000,7,1400,,,
2001-11-05 00:00:00,NAMU-N-000,7,1900,,,
2001-11-06 00:00:00,NAMU-N-000,6.75,7000,,,
2001-11-07 00:00:00,NAMU-N-000,6.75,2000,,,
2001-11-12 00:00:00,NAMU-N-000,7,400,,,
2001-11-13 00:00:00,NAMU-N-000,7,3000,,,
2001-11-14 00:00:00,NAMU-N-000,7,2000,,,
2001-11-15 00:00:00,NAMU-N-000,7.25,100,,,
2001-11-16 00:00:00,NAMU-N-000,8.25,22600,,,
2001-11-19 00:00:00,NAMU-N-000,8.75,23800,,,
2001-11-20 00:00:00,NAMU-N-000,9.25,49900,,,
2001-11-21 00:00:00,NAMU-N-000,9.5,10800,,,
2001-11-22 00:00:00,NAMU-N-000,10,20500,,,
2001-11-23 00:00:00,NAMU-N-000,9.5,18300,,,
2001-11-26 00:00:00,NAMU-N-000,9.5,6000,,,
2001-11-27 00:00:00,NAMU-N-000,8.5,1400,,,
2001-11-28 00:00:00,NAMU-N-000,9.75,6500,,,
2001-11-29 00:00:00,NAMU-N-000,9.25,4500,,,
2001-12-03 00:00:00,NAMU-N-000,9,600,,,
2001-12-04 00:00:00,NAMU-N-000,8,5000,,,
2001-12-05 00:00:00,NAMU-N-000,8.75,1000,,,
2001-12-07 00:00:00,NAMU-N-000,11,38700,,,
2001-12-10 00:00:00,NAMU-N-000,13,31800,,,
2001-12-11 00:00:00,NAMU-N-000,12,18600,,,
2001-12-12 00:00:00,NAMU-N-000,11,1000,,,
2001-12-13 00:00:00,NAMU-N-000,10.25,5800,,,
2001-12-14 00:00:00,NAMU-N-000,10.5,6400,,,
2001-12-17 00:00:00,NAMU-N-000,11.25,4800,,,
2001-12-20 00:00:00,NAMU-N-000,9.25,1000,,,
2001-12-21 00:00:00,NAMU-N-000,9,100,,,
2001-12-27 00:00:00,NAMU-N-000,9.75,5000,,,
2001-12-31 00:00:00,NAMU-N-000,10,1000,,,
2002-01-02 00:00:00,NAMU-N-000,9.75,2000,,,
2002-01-03 00:00:00,NAMU-N-000,9.75,300,,,
2002-01-04 00:00:00,NAMU-N-000,9.5,900,,,
2002-01-07 00:00:00,NAMU-N-000,9.5,4000,,,
2002-01-08 00:00:00,NAMU-N-000,9,2000,,,
2002-01-09 00:00:00,NAMU-N-000,8.75,2100,,,
2002-01-10 00:00:00,NAMU-N-000,8.25,3100,,,
2002-01-15 00:00:00,NAMU-N-000,8.25,100,,,
2002-01-16 00:00:00,NAMU-N-000,9.25,300,,,
2002-01-17 00:00:00,NAMU-N-000,8,2000,,,
2002-01-18 00:00:00,NAMU-N-000,8.75,2200,,,
2002-01-23 00:00:00,NAMU-N-000,8,100,,,
2002-02-05 00:00:00,NAMU-N-000,8,100,,,
2002-02-06 00:00:00,NAMU-N-000,8,1000,,,
2002-02-07 00:00:00,NAMU-N-000,7.75,100,,,
2002-02-11 00:00:00,NAMU-N-000,8,100,,,
2001-01-02 00:00:00,NDB-N-0000,42,700,,,
2001-01-03 00:00:00,NDB-N-0000,41.5,9000,,,
2001-01-04 00:00:00,NDB-N-0000,42,5400,,,
2001-01-05 00:00:00,NDB-N-0000,42.25,5200,,,
2001-01-08 00:00:00,NDB-N-0000,42.25,1900,,,
2001-01-10 00:00:00,NDB-N-0000,43,12500,,,
2001-01-11 00:00:00,NDB-N-0000,43.5,6200,,,
2001-01-12 00:00:00,NDB-N-0000,44,48800,,,
2001-01-16 00:00:00,NDB-N-0000,44.5,213900,,,
2001-01-17 00:00:00,NDB-N-0000,44.5,15400,,,
2001-01-18 00:00:00,NDB-N-0000,43.75,2400,,,
2001-01-19 00:00:00,NDB-N-0000,43,7100,,,
2001-01-22 00:00:00,NDB-N-0000,42,95900,,,
2001-01-23 00:00:00,NDB-N-0000,43,3300,,,
2001-01-25 00:00:00,NDB-N-0000,40,24100,,,
2001-01-26 00:00:00,NDB-N-0000,40,5900,,,
2001-01-29 00:00:00,NDB-N-0000,41,400,,,
2001-01-30 00:00:00,NDB-N-0000,41,3300,,,
2001-01-31 00:00:00,NDB-N-0000,41.25,9500,,,
2001-02-01 00:00:00,NDB-N-0000,43,6500,,,
2001-02-02 00:00:00,NDB-N-0000,43.75,13500,,,
2001-02-06 00:00:00,NDB-N-0000,42.5,5100,,,
2001-02-08 00:00:00,NDB-N-0000,43,5200,,,
2001-02-09 00:00:00,NDB-N-0000,43.5,9700,,,
2001-02-12 00:00:00,NDB-N-0000,43.25,5200,,,
2001-02-13 00:00:00,NDB-N-0000,44.25,121000,,,
2001-02-14 00:00:00,NDB-N-0000,44.5,11100,,,
2001-02-15 00:00:00,NDB-N-0000,43.75,1600,,,
2001-02-16 00:00:00,NDB-N-0000,44,6400,,,
2001-02-19 00:00:00,NDB-N-0000,44,30200,,,
2001-02-20 00:00:00,NDB-N-0000,44,9600,,,
2001-02-21 00:00:00,NDB-N-0000,44,100,,,
2001-02-22 00:00:00,NDB-N-0000,44.25,17000,,,
2001-02-23 00:00:00,NDB-N-0000,44.25,29500,,,
2001-02-26 00:00:00,NDB-N-0000,44.25,12300,,,
2001-02-27 00:00:00,NDB-N-0000,44,28900,,,
2001-02-28 00:00:00,NDB-N-0000,43.75,13300,,,
2001-03-01 00:00:00,NDB-N-0000,44,5700,,,
2001-03-02 00:00:00,NDB-N-0000,44,40200,,,
2001-03-05 00:00:00,NDB-N-0000,44,2500,,,
2001-03-06 00:00:00,NDB-N-0000,44,16600,,,
2001-03-07 00:00:00,NDB-N-0000,44,11300,,,
2001-03-08 00:00:00,NDB-N-0000,44,30300,,,
2001-03-12 00:00:00,NDB-N-0000,43,19100,,,
2001-03-13 00:00:00,NDB-N-0000,43.5,17400,,,
2001-03-14 00:00:00,NDB-N-0000,43.5,12800,,,
2001-03-15 00:00:00,NDB-N-0000,43.25,12400,,,
2001-03-16 00:00:00,NDB-N-0000,43.25,1700,,,
2001-03-19 00:00:00,NDB-N-0000,43.25,3900,,,
2001-03-20 00:00:00,NDB-N-0000,43.75,1400,,,
2001-03-21 00:00:00,NDB-N-0000,42,36700,,,
2001-03-22 00:00:00,NDB-N-0000,43,367100,,,
2001-03-23 00:00:00,NDB-N-0000,43,8500,,,
2001-03-26 00:00:00,NDB-N-0000,36.5,700,,,
2001-03-27 00:00:00,NDB-N-0000,37,51100,,,
2001-03-28 00:00:00,NDB-N-0000,37.5,5300,,,
2001-03-29 00:00:00,NDB-N-0000,38.5,17200,,,
2001-03-30 00:00:00,NDB-N-0000,39,108100,,,
2001-04-02 00:00:00,NDB-N-0000,39.75,5600,,,
2001-04-03 00:00:00,NDB-N-0000,38.75,13700,,,
2001-04-04 00:00:00,NDB-N-0000,38.5,6800,,,
2001-04-05 00:00:00,NDB-N-0000,38,30700,,,
2001-04-06 00:00:00,NDB-N-0000,37.75,1700,,,
2001-04-09 00:00:00,NDB-N-0000,37,5500,,,
2001-04-10 00:00:00,NDB-N-0000,37.5,22100,,,
2001-04-16 00:00:00,NDB-N-0000,37.5,3300,,,
2001-04-17 00:00:00,NDB-N-0000,37.75,6600,,,
2001-04-18 00:00:00,NDB-N-0000,37.75,700,,,
2001-04-19 00:00:00,NDB-N-0000,37.5,54500,,,
2001-04-20 00:00:00,NDB-N-0000,37,17400,,,
2001-04-23 00:00:00,NDB-N-0000,36.75,2000,,,
2001-04-25 00:00:00,NDB-N-0000,37,2200,,,
2001-04-26 00:00:00,NDB-N-0000,37,200,,,
2001-04-27 00:00:00,NDB-N-0000,37.25,300,,,
2001-04-30 00:00:00,NDB-N-0000,37.25,2700,,,
2001-05-02 00:00:00,NDB-N-0000,37,116100,,,
2001-05-03 00:00:00,NDB-N-0000,37,1500,,,
2001-05-04 00:00:00,NDB-N-0000,37,900,,,
2001-05-09 00:00:00,NDB-N-0000,37,600,,,
2001-05-10 00:00:00,NDB-N-0000,37,77900,,,
2001-05-11 00:00:00,NDB-N-0000,37.25,1100,,,
2001-05-14 00:00:00,NDB-N-0000,37,30600,,,
2001-05-15 00:00:00,NDB-N-0000,37,14800,,,
2001-05-16 00:00:00,NDB-N-0000,37,1200,,,
2001-05-17 00:00:00,NDB-N-0000,37,69400,,,
2001-05-18 00:00:00,NDB-N-0000,36.5,69000,,,
2001-05-21 00:00:00,NDB-N-0000,37,38900,,,
2001-05-22 00:00:00,NDB-N-0000,36,15000,,,
2001-05-23 00:00:00,NDB-N-0000,36,900,,,
2001-05-24 00:00:00,NDB-N-0000,36.25,43600,,,
2001-05-25 00:00:00,NDB-N-0000,36,66900,,,
2001-05-28 00:00:00,NDB-N-0000,36,131200,,,
2001-05-29 00:00:00,NDB-N-0000,36,43300,,,
2001-05-30 00:00:00,NDB-N-0000,36,2100,,,
2001-05-31 00:00:00,NDB-N-0000,35.5,36500,,,
2001-06-01 00:00:00,NDB-N-0000,35.5,531100,,,
2001-06-04 00:00:00,NDB-N-0000,35.5,300,,,
2001-06-06 00:00:00,NDB-N-0000,35.25,8800,,,
2001-06-07 00:00:00,NDB-N-0000,35.25,2300,,,
2001-06-08 00:00:00,NDB-N-0000,35,11600,,,
2001-06-11 00:00:00,NDB-N-0000,35,1000,,,
2001-06-12 00:00:00,NDB-N-0000,35,7900,,,
2001-06-13 00:00:00,NDB-N-0000,35,1000,,,
2001-06-14 00:00:00,NDB-N-0000,33.5,9300,,,
2001-06-15 00:00:00,NDB-N-0000,34,3800,,,
2001-06-18 00:00:00,NDB-N-0000,33.75,2600,,,
2001-06-19 00:00:00,NDB-N-0000,34,220800,,,
2001-06-20 00:00:00,NDB-N-0000,35,1300,,,
2001-06-21 00:00:00,NDB-N-0000,35.75,29700,,,
2001-06-22 00:00:00,NDB-N-0000,36,108500,,,
2001-06-25 00:00:00,NDB-N-0000,35.5,121400,,,
2001-06-26 00:00:00,NDB-N-0000,36.5,39800,,,
2001-06-27 00:00:00,NDB-N-0000,37,13800,,,
2001-06-28 00:00:00,NDB-N-0000,37,223700,,,
2001-06-29 00:00:00,NDB-N-0000,37,22500,,,
2001-07-02 00:00:00,NDB-N-0000,36.5,67300,,,
2001-07-03 00:00:00,NDB-N-0000,34,7000,,,
2001-07-04 00:00:00,NDB-N-0000,34.5,52600,,,
2001-07-06 00:00:00,NDB-N-0000,34.25,112800,,,
2001-07-09 00:00:00,NDB-N-0000,34.25,4700,,,
2001-07-10 00:00:00,NDB-N-0000,34,28000,,,
2001-07-11 00:00:00,NDB-N-0000,33,14500,,,
2001-07-12 00:00:00,NDB-N-0000,33,900,,,
2001-07-13 00:00:00,NDB-N-0000,33.5,5500,,,
2001-07-16 00:00:00,NDB-N-0000,33,1200,,,
2001-07-18 00:00:00,NDB-N-0000,33,18400,,,
2001-07-19 00:00:00,NDB-N-0000,33.25,105300,,,
2001-07-20 00:00:00,NDB-N-0000,33,190300,,,
2001-07-23 00:00:00,NDB-N-0000,33,4300,,,
2001-07-24 00:00:00,NDB-N-0000,32,18000,,,
2001-07-26 00:00:00,NDB-N-0000,32.5,1700,,,
2001-07-27 00:00:00,NDB-N-0000,32.5,2200,,,
2001-07-30 00:00:00,NDB-N-0000,32.5,15700,,,
2001-07-31 00:00:00,NDB-N-0000,32.5,1100,,,
2001-08-01 00:00:00,NDB-N-0000,32,12200,,,
2001-08-02 00:00:00,NDB-N-0000,32,3500,,,
2001-08-06 00:00:00,NDB-N-0000,31.5,4700,,,
2001-08-07 00:00:00,NDB-N-0000,30,18700,,,
2001-08-08 00:00:00,NDB-N-0000,30,27800,,,
2001-08-10 00:00:00,NDB-N-0000,27.25,104700,,,
2001-08-13 00:00:00,NDB-N-0000,26.25,719100,,,
2001-08-14 00:00:00,NDB-N-0000,26,6900,,,
2001-08-15 00:00:00,NDB-N-0000,25,1696300,,,
2001-08-16 00:00:00,NDB-N-0000,24,203000,,,
2001-08-17 00:00:00,NDB-N-0000,25.25,1900,,,
2001-08-20 00:00:00,NDB-N-0000,26.25,4400,,,
2001-08-21 00:00:00,NDB-N-0000,27,5200,,,
2001-08-22 00:00:00,NDB-N-0000,28,28000,,,
2001-08-23 00:00:00,NDB-N-0000,27,9900,,,
2001-08-24 00:00:00,NDB-N-0000,28,49500,,,
2001-08-27 00:00:00,NDB-N-0000,25.5,4138100,,,
2001-08-28 00:00:00,NDB-N-0000,27,56600,,,
2001-08-29 00:00:00,NDB-N-0000,29,3747700,,,
2001-08-30 00:00:00,NDB-N-0000,29,57000,,,
2001-08-31 00:00:00,NDB-D-0029,860,5000,,,
2001-08-31 00:00:00,NDB-N-0000,31,60400,,,
2001-09-03 00:00:00,NDB-N-0000,30,2342900,,,
2001-09-04 00:00:00,NDB-N-0000,28.75,16400,,,
2001-09-05 00:00:00,NDB-N-0000,29.5,19400,,,
2001-09-06 00:00:00,NDB-N-0000,29.75,5700,,,
2001-09-07 00:00:00,NDB-N-0000,30.5,189900,,,
2001-09-10 00:00:00,NDB-N-0000,30,44300,,,
2001-09-11 00:00:00,NDB-N-0000,32.5,144100,,,
2001-09-12 00:00:00,NDB-N-0000,32.25,127300,,,
2001-09-13 00:00:00,NDB-N-0000,31.5,11300,,,
2001-09-14 00:00:00,NDB-N-0000,32,9900,,,
2001-09-17 00:00:00,NDB-N-0000,31.5,25700,,,
2001-09-18 00:00:00,NDB-N-0000,29.75,58600,,,
2001-09-19 00:00:00,NDB-N-0000,29.25,9300,,,
2001-09-20 00:00:00,NDB-N-0000,29.5,4700,,,
2001-09-21 00:00:00,NDB-N-0000,29.75,14700,,,
2001-09-24 00:00:00,NDB-N-0000,29,1500,,,
2001-09-25 00:00:00,NDB-N-0000,30.5,103800,,,
2001-09-26 00:00:00,NDB-N-0000,30.5,17100,,,
2001-09-27 00:00:00,NDB-N-0000,30,46100,,,
2001-09-28 00:00:00,NDB-N-0000,30,43100,,,
2001-10-01 00:00:00,NDB-N-0000,30,13400,,,
2001-10-03 00:00:00,NDB-N-0000,30,163500,,,
2001-10-04 00:00:00,NDB-N-0000,30,4900,,,
2001-10-05 00:00:00,NDB-N-0000,30,229200,,,
2001-10-08 00:00:00,NDB-N-0000,30,280800,,,
2001-10-09 00:00:00,NDB-N-0000,33,100700,,,
2001-10-10 00:00:00,NDB-N-0000,37,348700,,,
2001-10-11 00:00:00,NDB-N-0000,45,693700,,,
2001-10-12 00:00:00,NDB-N-0000,48.25,1196500,,,
2001-10-15 00:00:00,NDB-N-0000,47,410700,,,
2001-10-16 00:00:00,NDB-N-0000,45.25,359700,,,
2001-10-17 00:00:00,NDB-N-0000,47,62400,,,
2001-10-18 00:00:00,NDB-N-0000,50,1094800,,,
2001-10-19 00:00:00,NDB-N-0000,54,875600,,,
2001-10-22 00:00:00,NDB-N-0000,61,1021700,,,
2001-10-23 00:00:00,NDB-N-0000,59.25,2447900,,,
2001-10-24 00:00:00,NDB-N-0000,57.5,687200,,,
2001-10-25 00:00:00,NDB-N-0000,57.5,97900,,,
2001-10-26 00:00:00,NDB-N-0000,59,108400,,,
2001-10-29 00:00:00,NDB-N-0000,59,58400,,,
2001-10-30 00:00:00,NDB-N-0000,57.5,18900,,,
2001-11-01 00:00:00,NDB-N-0000,55.5,746500,,,
2001-11-02 00:00:00,NDB-N-0000,52.5,615900,,,
2001-11-05 00:00:00,NDB-N-0000,51.5,26900,,,
2001-11-06 00:00:00,NDB-N-0000,49.75,100500,,,
2001-11-07 00:00:00,NDB-N-0000,50,58900,,,
2001-11-08 00:00:00,NDB-N-0000,52.5,167500,,,
2001-11-09 00:00:00,NDB-N-0000,54.5,135500,,,
2001-11-12 00:00:00,NDB-N-0000,55,237200,,,
2001-11-13 00:00:00,NDB-N-0000,53,38000,,,
2001-11-14 00:00:00,NDB-N-0000,55,19000,,,
2001-11-15 00:00:00,NDB-N-0000,56,150200,,,
2001-11-16 00:00:00,NDB-N-0000,59,1544900,,,
2001-11-19 00:00:00,NDB-N-0000,58,82800,,,
2001-11-20 00:00:00,NDB-N-0000,57,50800,,,
2001-11-21 00:00:00,NDB-N-0000,58,83100,,,
2001-11-22 00:00:00,NDB-N-0000,57.5,54500,,,
2001-11-23 00:00:00,NDB-N-0000,56.5,22000,,,
2001-11-26 00:00:00,NDB-N-0000,57,119500,,,
2001-11-27 00:00:00,NDB-N-0000,57,31900,,,
2001-11-28 00:00:00,NDB-N-0000,58.5,457900,,,
2001-11-29 00:00:00,NDB-N-0000,58,239600,,,
2001-12-03 00:00:00,NDB-N-0000,58.5,352800,,,
2001-12-04 00:00:00,NDB-N-0000,57.25,154800,,,
2001-12-05 00:00:00,NDB-N-0000,58.5,159900,,,
2001-12-07 00:00:00,NDB-N-0000,80,1884500,,,
2001-12-10 00:00:00,NDB-N-0000,86,1502000,,,
2001-12-11 00:00:00,NDB-N-0000,85,313600,,,
2001-12-12 00:00:00,NDB-N-0000,79,349400,,,
2001-12-13 00:00:00,NDB-N-0000,72,475300,,,
2001-12-14 00:00:00,NDB-N-0000,74,210200,,,
2001-12-17 00:00:00,NDB-N-0000,74,146400,,,
2001-12-18 00:00:00,NDB-N-0000,69,246900,,,
2001-12-19 00:00:00,NDB-N-0000,62.5,261100,,,
2001-12-20 00:00:00,NDB-N-0000,65,176000,,,
2001-12-21 00:00:00,NDB-N-0000,67,88200,,,
2001-12-27 00:00:00,NDB-N-0000,70,380300,,,
2001-12-28 00:00:00,NDB-N-0000,74,304700,,,
2001-12-31 00:00:00,NDB-N-0000,71.75,452100,,,
2002-01-02 00:00:00,NDB-N-0000,70,183700,,,
2002-01-03 00:00:00,NDB-N-0000,70,76400,,,
2002-01-04 00:00:00,NDB-N-0000,69,61400,,,
2002-01-07 00:00:00,NDB-N-0000,68,41900,,,
2002-01-08 00:00:00,NDB-N-0000,66,318900,,,
2002-01-09 00:00:00,NDB-N-0000,65.5,30400,,,
2002-01-10 00:00:00,NDB-N-0000,64,190800,,,
2002-01-11 00:00:00,NDB-N-0000,62,521600,,,
2002-01-15 00:00:00,NDB-N-0000,61.5,155000,,,
2002-01-16 00:00:00,NDB-N-0000,59.5,80500,,,
2002-01-17 00:00:00,NDB-N-0000,58,74500,,,
2002-01-18 00:00:00,NDB-N-0000,60.25,202600,,,
2002-01-21 00:00:00,NDB-N-0000,61,171700,,,
2002-01-22 00:00:00,NDB-N-0000,60.5,62200,,,
2002-01-23 00:00:00,NDB-N-0000,58.25,26800,,,
2002-01-24 00:00:00,NDB-N-0000,61.75,21800,,,
2002-01-25 00:00:00,NDB-N-0000,61,22500,,,
2002-01-29 00:00:00,NDB-N-0000,61,4600,,,
2002-01-30 00:00:00,NDB-N-0000,61.5,29100,,,
2002-01-31 00:00:00,NDB-N-0000,61.25,70500,,,
2002-02-01 00:00:00,NDB-N-0000,62.5,86700,,,
2002-02-05 00:00:00,NDB-N-0000,62,91800,,,
2002-02-06 00:00:00,NDB-N-0000,62,54200,,,
2002-02-07 00:00:00,NDB-N-0000,62,123800,,,
2002-02-08 00:00:00,NDB-N-0000,62,25400,,,
2002-02-11 00:00:00,NDB-N-0000,63,239700,,,
2001-01-02 00:00:00,NTB-N-0000,11.5,700,,,
2001-01-03 00:00:00,NTB-N-0000,11.5,2300,,,
2001-01-04 00:00:00,NTB-N-0000,11.25,200,,,
2001-01-05 00:00:00,NTB-N-0000,11.25,2000,,,
2001-01-08 00:00:00,NTB-N-0000,11.25,23100,,,
2001-01-10 00:00:00,NTB-N-0000,11,35400,,,
2001-01-11 00:00:00,NTB-N-0000,11.25,700,,,
2001-01-12 00:00:00,NTB-N-0000,11.25,10200,,,
2001-01-16 00:00:00,NTB-N-0000,11,9100,,,
2001-01-17 00:00:00,NTB-N-0000,11,1400,,,
2001-01-18 00:00:00,NTB-N-0000,10.75,4400,,,
2001-01-19 00:00:00,NTB-N-0000,10.75,1000,,,
2001-01-22 00:00:00,NTB-N-0000,10.75,700,,,
2001-01-23 00:00:00,NTB-N-0000,10.75,7900,,,
2001-01-24 00:00:00,NTB-N-0000,10.75,3300,,,
2001-01-25 00:00:00,NTB-N-0000,11,7800,,,
2001-01-26 00:00:00,NTB-N-0000,10.5,5000,,,
2001-01-29 00:00:00,NTB-N-0000,10.5,16800,,,
2001-01-30 00:00:00,NTB-N-0000,10,18200,,,
2001-01-31 00:00:00,NTB-N-0000,10,200,,,
2001-02-01 00:00:00,NTB-N-0000,10.25,1800,,,
2001-02-02 00:00:00,NTB-N-0000,10.5,900,,,
2001-02-06 00:00:00,NTB-N-0000,10.5,1200,,,
2001-02-09 00:00:00,NTB-N-0000,10.25,2100,,,
2001-02-12 00:00:00,NTB-N-0000,10.25,1500,,,
2001-02-13 00:00:00,NTB-N-0000,10.25,2800,,,
2001-02-14 00:00:00,NTB-N-0000,10.25,1400,,,
2001-02-15 00:00:00,NTB-N-0000,10.25,700,,,
2001-02-16 00:00:00,NTB-N-0000,10.25,3700,,,
2001-02-20 00:00:00,NTB-N-0000,10.25,3700,,,
2001-02-21 00:00:00,NTB-N-0000,10.25,1200,,,
2001-02-22 00:00:00,NTB-N-0000,10.25,100,,,
2001-02-23 00:00:00,NTB-N-0000,10.5,5700,,,
2001-02-26 00:00:00,NTB-N-0000,10.25,600,,,
2001-02-27 00:00:00,NTB-N-0000,10.25,5000,,,
2001-02-28 00:00:00,NTB-N-0000,10.25,500,,,
2001-03-01 00:00:00,NTB-N-0000,10.25,4500,,,
2001-03-02 00:00:00,NTB-N-0000,10.25,7600,,,
2001-03-05 00:00:00,NTB-N-0000,10.25,18200,,,
2001-03-07 00:00:00,NTB-N-0000,10,1500,,,
2001-03-08 00:00:00,NTB-N-0000,10,10700,,,
2001-03-12 00:00:00,NTB-N-0000,10,3200,,,
2001-03-13 00:00:00,NTB-N-0000,10,6400,,,
2001-03-14 00:00:00,NTB-N-0000,10,60300,,,
2001-03-15 00:00:00,NTB-N-0000,10,9000,,,
2001-03-16 00:00:00,NTB-N-0000,10,2500,,,
2001-03-19 00:00:00,NTB-N-0000,10,200,,,
2001-03-20 00:00:00,NTB-N-0000,10,900,,,
2001-03-21 00:00:00,NTB-N-0000,10.25,10000,,,
2001-03-22 00:00:00,NTB-N-0000,10,3100,,,
2001-03-26 00:00:00,NTB-N-0000,10,3900,,,
2001-03-27 00:00:00,NTB-N-0000,10,13400,,,
2001-03-28 00:00:00,NTB-N-0000,10,2700,,,
2001-03-29 00:00:00,NTB-N-0000,10.25,700,,,
2001-03-30 00:00:00,NTB-N-0000,10,3100,,,
2001-04-02 00:00:00,NTB-N-0000,10,6600,,,
2001-04-03 00:00:00,NTB-N-0000,10,5300,,,
2001-04-04 00:00:00,NTB-N-0000,10,16500,,,
2001-04-05 00:00:00,NTB-N-0000,10,10600,,,
2001-04-09 00:00:00,NTB-N-0000,9.75,800,,,
2001-04-10 00:00:00,NTB-N-0000,9.75,19100,,,
2001-04-16 00:00:00,NTB-N-0000,9.75,2600,,,
2001-04-17 00:00:00,NTB-N-0000,9.75,2700,,,
2001-04-18 00:00:00,NTB-N-0000,10,5000,,,
2001-04-19 00:00:00,NTB-N-0000,9.75,2600,,,
2001-04-20 00:00:00,NTB-N-0000,10,2000,,,
2001-04-25 00:00:00,NTB-N-0000,9.75,900,,,
2001-04-26 00:00:00,NTB-N-0000,9.75,41000,,,
2001-04-30 00:00:00,NTB-N-0000,9.75,30100,,,
2001-05-02 00:00:00,NTB-N-0000,9.75,2600,,,
2001-05-03 00:00:00,NTB-N-0000,9.75,1000,,,
2001-05-04 00:00:00,NTB-N-0000,9.75,900,,,
2001-05-09 00:00:00,NTB-N-0000,9.5,51400,,,
2001-05-10 00:00:00,NTB-N-0000,9.5,800,,,
2001-05-11 00:00:00,NTB-N-0000,9.75,100,,,
2001-05-14 00:00:00,NTB-N-0000,9.5,1600,,,
2001-05-15 00:00:00,NTB-N-0000,9.5,2500,,,
2001-05-17 00:00:00,NTB-N-0000,9.75,7000,,,
2001-05-18 00:00:00,NTB-N-0000,9.75,2000,,,
2001-05-21 00:00:00,NTB-N-0000,9.75,1600,,,
2001-05-22 00:00:00,NTB-N-0000,9.75,2200,,,
2001-05-23 00:00:00,NTB-N-0000,9.75,500,,,
2001-05-25 00:00:00,NTB-N-0000,9.75,1100,,,
2001-05-28 00:00:00,NTB-N-0000,9.75,1100,,,
2001-05-29 00:00:00,NTB-N-0000,9.75,6500,,,
2001-05-30 00:00:00,NTB-N-0000,9.75,5500,,,
2001-05-31 00:00:00,NTB-N-0000,9.75,1700,,,
2001-06-01 00:00:00,NTB-N-0000,9.75,1000,,,
2001-06-04 00:00:00,NTB-N-0000,9.75,500,,,
2001-06-06 00:00:00,NTB-N-0000,9.75,2300,,,
2001-06-07 00:00:00,NTB-N-0000,9.75,2300,,,
2001-06-08 00:00:00,NTB-N-0000,9.25,197300,,,
2001-06-11 00:00:00,NTB-N-0000,9,9500,,,
2001-06-12 00:00:00,NTB-N-0000,9.25,2400,,,
2001-06-13 00:00:00,NTB-N-0000,9.25,1500,,,
2001-06-14 00:00:00,NTB-N-0000,9.25,2500,,,
2001-06-18 00:00:00,NTB-N-0000,9.25,2300,,,
2001-06-19 00:00:00,NTB-N-0000,8.75,69000,,,
2001-06-20 00:00:00,NTB-N-0000,9,700,,,
2001-06-21 00:00:00,NTB-N-0000,9.5,6200,,,
2001-06-22 00:00:00,NTB-N-0000,9.5,500,,,
2001-06-25 00:00:00,NTB-N-0000,9.5,3600,,,
2001-06-26 00:00:00,NTB-N-0000,9.25,2000,,,
2001-06-29 00:00:00,NTB-N-0000,9.25,100,,,
2001-07-04 00:00:00,NTB-N-0000,9.25,200,,,
2001-07-06 00:00:00,NTB-N-0000,9.25,3600,,,
2001-07-09 00:00:00,NTB-N-0000,9,1200,,,
2001-07-10 00:00:00,NTB-N-0000,9,11000,,,
2001-07-11 00:00:00,NTB-N-0000,8.75,20300,,,
2001-07-12 00:00:00,NTB-N-0000,9,500,,,
2001-07-16 00:00:00,NTB-N-0000,9,3100,,,
2001-07-17 00:00:00,NTB-N-0000,8.75,700,,,
2001-07-18 00:00:00,NTB-N-0000,8.75,3700,,,
2001-07-19 00:00:00,NTB-N-0000,9,1200,,,
2001-07-20 00:00:00,NTB-N-0000,8.75,300,,,
2001-07-26 00:00:00,NTB-N-0000,8.75,500,,,
2001-07-31 00:00:00,NTB-N-0000,8.75,12900,,,
2001-08-01 00:00:00,NTB-N-0000,8.75,2300,,,
2001-08-02 00:00:00,NTB-N-0000,8.75,3300,,,
2001-08-07 00:00:00,NTB-N-0000,8.75,4800,,,
2001-08-08 00:00:00,NTB-N-0000,8.5,32500,,,
2001-08-09 00:00:00,NTB-N-0000,8.75,4700,,,
2001-08-10 00:00:00,NTB-N-0000,8.25,7900,,,
2001-08-13 00:00:00,NTB-N-0000,8.25,10400,,,
2001-08-14 00:00:00,NTB-N-0000,8.25,300,,,
2001-08-15 00:00:00,NTB-N-0000,8,1000,,,
2001-08-16 00:00:00,NTB-N-0000,8,17600,,,
2001-08-21 00:00:00,NTB-N-0000,8,4500,,,
2001-08-22 00:00:00,NTB-N-0000,8,500,,,
2001-08-23 00:00:00,NTB-N-0000,8,1400,,,
2001-08-24 00:00:00,NTB-N-0000,8,10000,,,
2001-08-27 00:00:00,NTB-N-0000,8.25,5100,,,
2001-08-28 00:00:00,NTB-N-0000,8.25,1500,,,
2001-08-29 00:00:00,NTB-N-0000,8.5,16600,,,
2001-08-30 00:00:00,NTB-N-0000,8.5,700,,,
2001-08-31 00:00:00,NTB-N-0000,8.5,15000,,,
2001-09-03 00:00:00,NTB-N-0000,8.5,4000,,,
2001-09-04 00:00:00,NTB-N-0000,8.75,2000,,,
2001-09-05 00:00:00,NTB-N-0000,8.5,100,,,
2001-09-07 00:00:00,NTB-N-0000,8.5,1600,,,
2001-09-11 00:00:00,NTB-N-0000,8.75,1500,,,
2001-09-12 00:00:00,NTB-N-0000,8.5,10300,,,
2001-09-14 00:00:00,NTB-N-0000,8.5,2300,,,
2001-09-17 00:00:00,NTB-N-0000,8.25,10600,,,
2001-09-19 00:00:00,NTB-N-0000,8.25,2000,,,
2001-09-21 00:00:00,NTB-N-0000,8.25,3400,,,
2001-09-24 00:00:00,NTB-N-0000,8.25,900,,,
2001-09-25 00:00:00,NTB-N-0000,8.25,200,,,
2001-09-28 00:00:00,NTB-N-0000,8.75,200,,,
2001-10-01 00:00:00,NTB-N-0000,8.5,300,,,
2001-10-03 00:00:00,NTB-N-0000,8.5,28800,,,
2001-10-04 00:00:00,NTB-N-0000,8.25,5200,,,
2001-10-08 00:00:00,NTB-N-0000,8.5,300,,,
2001-10-09 00:00:00,NTB-N-0000,9.5,2200,,,
2001-10-10 00:00:00,NTB-N-0000,9.25,26300,,,
2001-10-11 00:00:00,NTB-N-0000,9.75,69800,,,
2001-10-12 00:00:00,NTB-N-0000,10,168600,,,
2001-10-15 00:00:00,NTB-N-0000,9.75,86200,,,
2001-10-16 00:00:00,NTB-N-0000,9.25,13000,,,
2001-10-17 00:00:00,NTB-N-0000,9.5,13500,,,
2001-10-18 00:00:00,NTB-N-0000,9.5,12500,,,
2001-10-19 00:00:00,NTB-N-0000,10,41700,,,
2001-10-22 00:00:00,NTB-N-0000,10,67700,,,
2001-10-23 00:00:00,NTB-N-0000,10,117500,,,
2001-10-24 00:00:00,NTB-N-0000,10.25,560200,,,
2001-10-25 00:00:00,NTB-N-0000,10.25,128700,,,
2001-10-26 00:00:00,NTB-N-0000,10.5,78400,,,
2001-10-29 00:00:00,NTB-N-0000,11,476600,,,
2001-10-30 00:00:00,NTB-N-0000,10.75,55700,,,
2001-11-01 00:00:00,NTB-N-0000,10.5,57200,,,
2001-11-02 00:00:00,NTB-N-0000,10.25,45400,,,
2001-11-05 00:00:00,NTB-N-0000,10.5,19000,,,
2001-11-06 00:00:00,NTB-N-0000,10.25,89000,,,
2001-11-07 00:00:00,NTB-N-0000,10.5,30500,,,
2001-11-08 00:00:00,NTB-N-0000,10.5,28800,,,
2001-11-09 00:00:00,NTB-N-0000,10.5,65500,,,
2001-11-12 00:00:00,NTB-N-0000,10.5,43000,,,
2001-11-13 00:00:00,NTB-N-0000,10.5,13200,,,
2001-11-14 00:00:00,NTB-N-0000,10.5,3300,,,
2001-11-15 00:00:00,NTB-N-0000,11.75,271100,,,
2001-11-16 00:00:00,NTB-N-0000,13.25,866400,,,
2001-11-19 00:00:00,NTB-N-0000,14,437900,,,
2001-11-21 00:00:00,NTB-N-0000,14,126500,,,
2001-11-22 00:00:00,NTB-N-0000,13.5,60900,,,
2001-11-23 00:00:00,NTB-N-0000,13.5,95900,,,
2001-11-26 00:00:00,NTB-N-0000,13.5,71200,,,
2001-11-27 00:00:00,NTB-N-0000,13.25,54100,,,
2001-11-28 00:00:00,NTB-N-0000,13.5,140900,,,
2001-11-29 00:00:00,NTB-N-0000,13.5,74800,,,
2001-12-03 00:00:00,NTB-N-0000,12.75,98500,,,
2001-12-04 00:00:00,NTB-N-0000,12.75,312400,,,
2001-12-05 00:00:00,NTB-N-0000,13.5,215100,,,
2001-12-07 00:00:00,NTB-N-0000,16.75,1017900,,,
2001-12-10 00:00:00,NTB-N-0000,18,3094100,,,
2001-12-12 00:00:00,NTB-N-0000,16,602000,,,
2001-12-13 00:00:00,NTB-N-0000,15,244900,,,
2001-12-14 00:00:00,NTB-N-0000,15.75,264100,,,
2001-12-17 00:00:00,NTB-N-0000,15.5,70600,,,
2001-12-18 00:00:00,NTB-N-0000,15,96900,,,
2001-12-19 00:00:00,NTB-N-0000,14,102600,,,
2001-12-20 00:00:00,NTB-N-0000,14.5,100400,,,
2001-12-21 00:00:00,NTB-N-0000,14.75,52000,,,
2001-12-27 00:00:00,NTB-N-0000,15.25,105500,,,
2001-12-28 00:00:00,NTB-N-0000,15.5,140100,,,
2001-12-31 00:00:00,NTB-N-0000,15,110700,,,
2002-01-02 00:00:00,NTB-N-0000,14.75,24800,,,
2002-01-03 00:00:00,NTB-N-0000,14.75,8600,,,
2002-01-04 00:00:00,NTB-N-0000,14.5,39300,,,
2002-01-07 00:00:00,NTB-N-0000,14.5,34200,,,
2002-01-08 00:00:00,NTB-N-0000,13.75,138700,,,
2002-01-09 00:00:00,NTB-N-0000,14,65300,,,
2002-01-10 00:00:00,NTB-N-0000,13.5,77500,,,
2002-01-11 00:00:00,NTB-N-0000,13.5,126600,,,
2002-01-15 00:00:00,NTB-N-0000,13,92500,,,
2002-01-16 00:00:00,NTB-N-0000,12.25,143100,,,
2002-01-17 00:00:00,NTB-N-0000,12,41100,,,
2002-01-18 00:00:00,NTB-N-0000,12.75,44800,,,
2002-01-21 00:00:00,NTB-N-0000,12.5,55800,,,
2002-01-22 00:00:00,NTB-N-0000,12.5,18700,,,
2002-01-23 00:00:00,NTB-N-0000,12,25400,,,
2002-01-24 00:00:00,NTB-N-0000,12.5,32200,,,
2002-01-25 00:00:00,NTB-N-0000,12.25,12200,,,
2002-01-29 00:00:00,NTB-N-0000,12,23800,,,
2002-01-30 00:00:00,NTB-N-0000,12,26000,,,
2002-01-31 00:00:00,NTB-N-0000,11.75,48800,,,
2002-02-01 00:00:00,NTB-N-0000,12,23200,,,
2002-02-05 00:00:00,NTB-N-0000,12,2000,,,
2002-02-06 00:00:00,NTB-N-0000,12,6800,,,
2002-02-07 00:00:00,NTB-N-0000,11.75,22100,,,
2002-02-08 00:00:00,NTB-N-0000,11.75,8200,,,
2002-02-11 00:00:00,NTB-N-0000,12,27800,,,
2001-01-02 00:00:00,NEST-N-000,66,100,,,
2001-01-03 00:00:00,NEST-N-000,66,400,,,
2001-01-04 00:00:00,NEST-N-000,66,200,,,
2001-01-05 00:00:00,NEST-N-000,66,1400,,,
2001-01-08 00:00:00,NEST-N-000,66,1200,,,
2001-01-11 00:00:00,NEST-N-000,66.75,1400,,,
2001-01-12 00:00:00,NEST-N-000,67,1800,,,
2001-01-16 00:00:00,NEST-N-000,67,300,,,
2001-01-17 00:00:00,NEST-N-000,66,2000,,,
2001-01-18 00:00:00,NEST-N-000,66,200,,,
2001-01-19 00:00:00,NEST-N-000,65,900,,,
2001-01-22 00:00:00,NEST-N-000,65,1100,,,
2001-01-23 00:00:00,NEST-N-000,64,900,,,
2001-01-24 00:00:00,NEST-N-000,63.5,300,,,
2001-01-25 00:00:00,NEST-N-000,63,1300,,,
2001-01-26 00:00:00,NEST-N-000,63,100,,,
2001-01-29 00:00:00,NEST-N-000,62,100,,,
2001-01-30 00:00:00,NEST-N-000,61.25,2200,,,
2001-01-31 00:00:00,NEST-N-000,61.5,300,,,
2001-02-01 00:00:00,NEST-N-000,62,1500,,,
2001-02-02 00:00:00,NEST-N-000,63,300,,,
2001-02-06 00:00:00,NEST-N-000,63,37500,,,
2001-02-08 00:00:00,NEST-N-000,62,12600,,,
2001-02-12 00:00:00,NEST-N-000,62,100,,,
2001-02-13 00:00:00,NEST-N-000,63,300,,,
2001-02-16 00:00:00,NEST-N-000,63,1100,,,
2001-02-19 00:00:00,NEST-N-000,63.5,1700,,,
2001-02-21 00:00:00,NEST-N-000,63.5,200,,,
2001-02-22 00:00:00,NEST-N-000,64.5,500,,,
2001-02-23 00:00:00,NEST-N-000,65,700,,,
2001-02-26 00:00:00,NEST-N-000,65,6300,,,
2001-02-27 00:00:00,NEST-N-000,65.5,21000,,,
2001-02-28 00:00:00,NEST-N-000,65.5,600,,,
2001-03-01 00:00:00,NEST-N-000,64,4900,,,
2001-03-02 00:00:00,NEST-N-000,64.25,100,,,
2001-03-05 00:00:00,NEST-N-000,65,2300,,,
2001-03-06 00:00:00,NEST-N-000,65,300,,,
2001-03-07 00:00:00,NEST-N-000,65,800,,,
2001-03-08 00:00:00,NEST-N-000,64,1200,,,
2001-03-12 00:00:00,NEST-N-000,63.5,2500,,,
2001-03-13 00:00:00,NEST-N-000,64.5,1000,,,
2001-03-16 00:00:00,NEST-N-000,66,2100,,,
2001-03-19 00:00:00,NEST-N-000,65,1600,,,
2001-03-20 00:00:00,NEST-N-000,65.75,200,,,
2001-03-21 00:00:00,NEST-N-000,65,800,,,
2001-03-22 00:00:00,NEST-N-000,65,2000,,,
2001-03-23 00:00:00,NEST-N-000,65,100,,,
2001-03-26 00:00:00,NEST-N-000,65,100,,,
2001-03-27 00:00:00,NEST-N-000,65,500,,,
2001-03-28 00:00:00,NEST-N-000,65,500,,,
2001-03-29 00:00:00,NEST-N-000,68,10000,,,
2001-03-30 00:00:00,NEST-N-000,67.5,1500,,,
2001-04-02 00:00:00,NEST-N-000,67.25,600,,,
2001-04-03 00:00:00,NEST-N-000,66,8000,,,
2001-04-04 00:00:00,NEST-N-000,65,10500,,,
2001-04-06 00:00:00,NEST-N-000,66,100,,,
2001-04-11 00:00:00,NEST-N-000,66.5,200,,,
2001-04-17 00:00:00,NEST-N-000,67,300,,,
2001-04-18 00:00:00,NEST-N-000,66,1500,,,
2001-04-20 00:00:00,NEST-N-000,63.75,300,,,
2001-04-23 00:00:00,NEST-N-000,65,5800,,,
2001-04-27 00:00:00,NEST-N-000,66,400,,,
2001-04-30 00:00:00,NEST-N-000,66,600,,,
2001-05-02 00:00:00,NEST-N-000,66,500,,,
2001-05-03 00:00:00,NEST-N-000,66,1700,,,
2001-05-04 00:00:00,NEST-N-000,65.5,1100,,,
2001-05-09 00:00:00,NEST-N-000,66,300,,,
2001-05-14 00:00:00,NEST-N-000,66.5,100,,,
2001-05-15 00:00:00,NEST-N-000,67.75,1500,,,
2001-05-16 00:00:00,NEST-N-000,68,4500,,,
2001-05-17 00:00:00,NEST-N-000,66.25,4400,,,
2001-05-18 00:00:00,NEST-N-000,57,500,,,
2001-05-21 00:00:00,NEST-N-000,57.5,1200,,,
2001-05-22 00:00:00,NEST-N-000,58,700,,,
2001-05-24 00:00:00,NEST-N-000,58,1500,,,
2001-05-28 00:00:00,NEST-N-000,58,1000,,,
2001-05-30 00:00:00,NEST-N-000,60,1200,,,
2001-05-31 00:00:00,NEST-N-000,60,700,,,
2001-06-01 00:00:00,NEST-N-000,58,1500,,,
2001-06-04 00:00:00,NEST-N-000,58,1100,,,
2001-06-06 00:00:00,NEST-N-000,58,2000,,,
2001-06-07 00:00:00,NEST-N-000,58,2200,,,
2001-06-08 00:00:00,NEST-N-000,59,600,,,
2001-06-11 00:00:00,NEST-N-000,58,600,,,
2001-06-12 00:00:00,NEST-N-000,58,1000,,,
2001-06-13 00:00:00,NEST-N-000,58,3000,,,
2001-06-15 00:00:00,NEST-N-000,57,100,,,
2001-06-18 00:00:00,NEST-N-000,57.5,600,,,
2001-06-19 00:00:00,NEST-N-000,57.5,200,,,
2001-06-20 00:00:00,NEST-N-000,57.5,2000,,,
2001-06-21 00:00:00,NEST-N-000,58,2100,,,
2001-06-22 00:00:00,NEST-N-000,58.5,100,,,
2001-06-25 00:00:00,NEST-N-000,58.5,400,,,
2001-06-26 00:00:00,NEST-N-000,58.5,300,,,
2001-06-27 00:00:00,NEST-N-000,58.5,100,,,
2001-06-28 00:00:00,NEST-N-000,58,200,,,
2001-06-29 00:00:00,NEST-N-000,58.5,400,,,
2001-07-02 00:00:00,NEST-N-000,58.5,200,,,
2001-07-03 00:00:00,NEST-N-000,59,400,,,
2001-07-04 00:00:00,NEST-N-000,60,7900,,,
2001-07-06 00:00:00,NEST-N-000,59,2200,,,
2001-07-09 00:00:00,NEST-N-000,60,100,,,
2001-07-10 00:00:00,NEST-N-000,60.25,200,,,
2001-07-11 00:00:00,NEST-N-000,59,2600,,,
2001-07-12 00:00:00,NEST-N-000,60,100,,,
2001-07-16 00:00:00,NEST-N-000,60,1600,,,
2001-07-19 00:00:00,NEST-N-000,59,100,,,
2001-07-20 00:00:00,NEST-N-000,60,800,,,
2001-07-26 00:00:00,NEST-N-000,60,100,,,
2001-07-27 00:00:00,NEST-N-000,60,100,,,
2001-07-30 00:00:00,NEST-N-000,60,500,,,
2001-08-01 00:00:00,NEST-N-000,59,900,,,
2001-08-02 00:00:00,NEST-N-000,59,300,,,
2001-08-06 00:00:00,NEST-N-000,59,1700,,,
2001-08-07 00:00:00,NEST-N-000,58,300,,,
2001-08-08 00:00:00,NEST-N-000,59,200,,,
2001-08-09 00:00:00,NEST-N-000,59,200,,,
2001-08-10 00:00:00,NEST-N-000,55.25,8700,,,
2001-08-13 00:00:00,NEST-N-000,55.25,1300,,,
2001-08-14 00:00:00,NEST-N-000,55.25,900,,,
2001-08-15 00:00:00,NEST-N-000,55,100,,,
2001-08-20 00:00:00,NEST-N-000,55,100,,,
2001-08-21 00:00:00,NEST-N-000,55,700,,,
2001-08-23 00:00:00,NEST-N-000,54.5,100,,,
2001-08-24 00:00:00,NEST-N-000,55,1000,,,
2001-08-27 00:00:00,NEST-N-000,54.5,1500,,,
2001-08-28 00:00:00,NEST-N-000,54.5,1000,,,
2001-08-29 00:00:00,NEST-N-000,54,2100,,,
2001-08-30 00:00:00,NEST-N-000,54,300,,,
2001-09-03 00:00:00,NEST-N-000,50,332800,,,
2001-09-04 00:00:00,NEST-N-000,50,3600,,,
2001-09-05 00:00:00,NEST-N-000,50,2300,,,
2001-09-06 00:00:00,NEST-N-000,50,1500,,,
2001-09-07 00:00:00,NEST-N-000,49.75,2100,,,
2001-09-10 00:00:00,NEST-N-000,48.25,100,,,
2001-09-11 00:00:00,NEST-N-000,50,6100,,,
2001-09-12 00:00:00,NEST-N-000,50,3300,,,
2001-09-13 00:00:00,NEST-N-000,50,1000,,,
2001-09-14 00:00:00,NEST-N-000,50,1100,,,
2001-09-17 00:00:00,NEST-N-000,50,300,,,
2001-09-20 00:00:00,NEST-N-000,48.25,100,,,
2001-09-25 00:00:00,NEST-N-000,50,100,,,
2001-09-26 00:00:00,NEST-N-000,50,2000,,,
2001-09-28 00:00:00,NEST-N-000,50,700,,,
2001-10-01 00:00:00,NEST-N-000,50,4100,,,
2001-10-03 00:00:00,NEST-N-000,50,2000,,,
2001-10-04 00:00:00,NEST-N-000,50,100,,,
2001-10-09 00:00:00,NEST-N-000,50,3200,,,
2001-10-10 00:00:00,NEST-N-000,52,1900,,,
2001-10-11 00:00:00,NEST-N-000,54,3700,,,
2001-10-12 00:00:00,NEST-N-000,54.25,10700,,,
2001-10-15 00:00:00,NEST-N-000,53,12300,,,
2001-10-17 00:00:00,NEST-N-000,50,100,,,
2001-10-22 00:00:00,NEST-N-000,50.25,5200,,,
2001-10-23 00:00:00,NEST-N-000,50.25,1000,,,
2001-10-24 00:00:00,NEST-N-000,54,4000,,,
2001-10-25 00:00:00,NEST-N-000,54,3400,,,
2001-10-29 00:00:00,NEST-N-000,52,1000,,,
2001-10-30 00:00:00,NEST-N-000,52,1100,,,
2001-11-01 00:00:00,NEST-N-000,52.25,2900,,,
2001-11-02 00:00:00,NEST-N-000,53,2700,,,
2001-11-05 00:00:00,NEST-N-000,52.25,400,,,
2001-11-08 00:00:00,NEST-N-000,52,500,,,
2001-11-09 00:00:00,NEST-N-000,52,500,,,
2001-11-12 00:00:00,NEST-N-000,52,100,,,
2001-11-13 00:00:00,NEST-N-000,53,100,,,
2001-11-14 00:00:00,NEST-N-000,53,1200,,,
2001-11-19 00:00:00,NEST-N-000,56,500,,,
2001-11-20 00:00:00,NEST-N-000,56,1300,,,
2001-11-21 00:00:00,NEST-N-000,56,50400,,,
2001-11-22 00:00:00,NEST-N-000,55,1200,,,
2001-11-23 00:00:00,NEST-N-000,55,1000,,,
2001-11-26 00:00:00,NEST-N-000,55,200,,,
2001-11-28 00:00:00,NEST-N-000,52,3700,,,
2001-11-29 00:00:00,NEST-N-000,51,7700,,,
2001-12-03 00:00:00,NEST-N-000,53,12300,,,
2001-12-04 00:00:00,NEST-N-000,51.5,1500,,,
2001-12-05 00:00:00,NEST-N-000,52,3200,,,
2001-12-07 00:00:00,NEST-N-000,53,200,,,
2001-12-10 00:00:00,NEST-N-000,59.75,26900,,,
2001-12-11 00:00:00,NEST-N-000,59,7800,,,
2001-12-12 00:00:00,NEST-N-000,57,10100,,,
2001-12-13 00:00:00,NEST-N-000,57,500,,,
2001-12-14 00:00:00,NEST-N-000,55,200,,,
2001-12-17 00:00:00,NEST-N-000,55,100,,,
2001-12-18 00:00:00,NEST-N-000,52,900,,,
2001-12-19 00:00:00,NEST-N-000,48.25,100,,,
2001-12-21 00:00:00,NEST-N-000,50,700,,,
2001-12-28 00:00:00,NEST-N-000,53,700,,,
2001-12-31 00:00:00,NEST-N-000,53,2200,,,
2002-01-02 00:00:00,NEST-N-000,52,1000,,,
2002-01-04 00:00:00,NEST-N-000,52.75,300,,,
2002-01-07 00:00:00,NEST-N-000,52.75,1200,,,
2002-01-08 00:00:00,NEST-N-000,52.75,5800,,,
2002-01-11 00:00:00,NEST-N-000,52.75,600,,,
2002-01-15 00:00:00,NEST-N-000,52.5,100,,,
2002-01-16 00:00:00,NEST-N-000,52.5,200,,,
2002-01-17 00:00:00,NEST-N-000,52,1200,,,
2002-01-18 00:00:00,NEST-N-000,52.5,1300,,,
2002-01-22 00:00:00,NEST-N-000,52.75,500,,,
2002-01-30 00:00:00,NEST-N-000,53,300,,,
2002-01-31 00:00:00,NEST-N-000,52,2900,,,
2002-02-05 00:00:00,NEST-N-000,53,1000,,,
2002-02-07 00:00:00,NEST-N-000,52.5,500,,,
2002-02-08 00:00:00,NEST-N-000,53,1100,,,
2001-01-11 00:00:00,NEH-N-0000,200,25000,,,
2001-02-08 00:00:00,NEH-N-0000,200,200,,,
2001-02-14 00:00:00,NEH-N-0000,210,1000,,,
2001-02-15 00:00:00,NEH-N-0000,220,1000,,,
2001-03-15 00:00:00,NEH-N-0000,230,2000,,,
2001-03-19 00:00:00,NEH-N-0000,240,1000,,,
2001-03-26 00:00:00,NEH-N-0000,250,1000,,,
2001-03-28 00:00:00,NEH-N-0000,275,100,,,
2001-04-04 00:00:00,NEH-N-0000,280,100,,,
2001-05-29 00:00:00,NEH-N-0000,255,2000,,,
2001-06-08 00:00:00,NEH-N-0000,255,1000,,,
2001-08-13 00:00:00,NEH-N-0000,250,1000,,,
2001-08-16 00:00:00,NEH-N-0000,250,100,,,
2001-01-08 00:00:00,OVL-N-0000,7.75,500,,,
2001-01-16 00:00:00,OVL-N-0000,8.25,300,,,
2001-01-22 00:00:00,OVL-N-0000,8.5,100,,,
2001-01-24 00:00:00,OVL-N-0000,8.5,200,,,
2001-01-29 00:00:00,OVL-N-0000,8,100,,,
2001-01-30 00:00:00,OVL-N-0000,8.5,100,,,
2001-01-31 00:00:00,OVL-N-0000,8,1500,,,
2001-02-01 00:00:00,OVL-N-0000,8,200,,,
2001-02-13 00:00:00,OVL-N-0000,8.5,300,,,
2001-02-15 00:00:00,OVL-N-0000,8.75,200,,,
2001-02-20 00:00:00,OVL-N-0000,9,100,,,
2001-03-01 00:00:00,OVL-N-0000,8,100,,,
2001-03-06 00:00:00,OVL-N-0000,9,1100,,,
2001-03-14 00:00:00,OVL-N-0000,10,100,,,
2001-03-15 00:00:00,OVL-N-0000,10,200,,,
2001-03-16 00:00:00,OVL-N-0000,9,100,,,
2001-03-22 00:00:00,OVL-N-0000,9,1000,,,
2001-03-28 00:00:00,OVL-N-0000,10,7300,,,
2001-04-04 00:00:00,OVL-N-0000,9.75,500,,,
2001-04-05 00:00:00,OVL-N-0000,10,500,,,
2001-04-06 00:00:00,OVL-N-0000,10,700,,,
2001-04-11 00:00:00,OVL-N-0000,10,700,,,
2001-04-23 00:00:00,OVL-N-0000,10,500,,,
2001-04-25 00:00:00,OVL-N-0000,10,200,,,
2001-05-10 00:00:00,OVL-N-0000,10,1500,,,
2001-05-11 00:00:00,OVL-N-0000,10,400,,,
2001-05-21 00:00:00,OVL-N-0000,10,900,,,
2001-05-28 00:00:00,OVL-N-0000,10,100,,,
2001-05-30 00:00:00,OVL-N-0000,10.5,500,,,
2001-06-04 00:00:00,OVL-N-0000,11,500,,,
2001-06-06 00:00:00,OVL-N-0000,11.5,500,,,
2001-06-07 00:00:00,OVL-N-0000,12,1300,,,
2001-06-08 00:00:00,OVL-N-0000,12.5,100,,,
2001-06-11 00:00:00,OVL-N-0000,13,1000,,,
2001-06-13 00:00:00,OVL-N-0000,13,1300,,,
2001-06-15 00:00:00,OVL-N-0000,13,400,,,
2001-06-18 00:00:00,OVL-N-0000,13,1000,,,
2001-06-19 00:00:00,OVL-N-0000,13,100,,,
2001-06-21 00:00:00,OVL-N-0000,12.5,500,,,
2001-06-25 00:00:00,OVL-N-0000,13,1100,,,
2001-07-04 00:00:00,OVL-N-0000,13,200,,,
2001-07-09 00:00:00,OVL-N-0000,13,300,,,
2001-07-23 00:00:00,OVL-N-0000,13,100,,,
2001-07-27 00:00:00,OVL-N-0000,13,300,,,
2001-08-09 00:00:00,OVL-N-0000,13,200,,,
2001-08-10 00:00:00,OVL-N-0000,13,1300,,,
2001-08-13 00:00:00,OVL-N-0000,13,900,,,
2001-08-14 00:00:00,OVL-N-0000,13,100,,,
2001-08-16 00:00:00,OVL-N-0000,12.5,12500,,,
2001-08-21 00:00:00,OVL-N-0000,12.5,1000,,,
2001-08-24 00:00:00,OVL-N-0000,10,10927200,,,
2001-08-30 00:00:00,OVL-N-0000,12.5,200,,,
2001-09-11 00:00:00,OVL-N-0000,10.5,900,,,
2001-10-23 00:00:00,OVL-N-0000,10,1000,,,
2001-11-22 00:00:00,OVL-N-0000,10,100,,,
2001-12-12 00:00:00,OVL-N-0000,9,100,,,
2001-12-17 00:00:00,OVL-N-0000,9,100,,,
2002-01-04 00:00:00,OVL-N-0000,9,100,,,
2002-01-16 00:00:00,OVL-N-0000,10,500,,,
2002-01-21 00:00:00,OVL-N-0000,9.25,100,,,
2002-01-29 00:00:00,OVL-N-0000,9.5,700,,,
2002-01-31 00:00:00,OVL-N-0000,9.5,100,,,
2001-03-28 00:00:00,OFEQ-N-000,51,100,,,
2001-07-25 00:00:00,OFEQ-N-000,45,9200,,,
2001-01-16 00:00:00,ONAL-N-000,8,300,,,
2001-01-17 00:00:00,ONAL-N-000,8,1300,,,
2001-01-19 00:00:00,ONAL-N-000,8,200,,,
2001-02-14 00:00:00,ONAL-N-000,8.5,9000,,,
2001-03-19 00:00:00,ONAL-N-000,8.5,48300,,,
2001-03-22 00:00:00,ONAL-N-000,8.5,100,,,
2001-04-18 00:00:00,ONAL-N-000,8.5,100,,,
2001-05-09 00:00:00,ONAL-N-000,8.5,200,,,
2001-07-02 00:00:00,ONAL-N-000,8.75,100,,,
2001-07-03 00:00:00,ONAL-N-000,9,500,,,
2001-07-10 00:00:00,ONAL-N-000,9.25,200,,,
2001-07-20 00:00:00,ONAL-N-000,9.25,200,,,
2001-08-16 00:00:00,ONAL-N-000,10,150000,,,
2001-10-08 00:00:00,ONAL-N-000,9.25,100,,,
2001-10-15 00:00:00,ONAL-N-000,9.5,2700,,,
2001-10-16 00:00:00,ONAL-N-000,9.5,2900,,,
2001-10-23 00:00:00,ONAL-N-000,11.25,100,,,
2001-10-24 00:00:00,ONAL-N-000,11.25,400,,,
2001-10-25 00:00:00,ONAL-N-000,10,600,,,
2001-11-05 00:00:00,ONAL-N-000,10.75,100,,,
2001-11-06 00:00:00,ONAL-N-000,10.75,100,,,
2001-11-08 00:00:00,ONAL-N-000,10.75,100,,,
2001-11-09 00:00:00,ONAL-N-000,10.75,100,,,
2001-11-15 00:00:00,ONAL-N-000,11,30000,,,
2001-11-20 00:00:00,ONAL-N-000,12,500,,,
2001-11-23 00:00:00,ONAL-N-000,11,8200,,,
2001-11-26 00:00:00,ONAL-N-000,11,500,,,
2001-11-29 00:00:00,ONAL-N-000,10.5,1500,,,
2001-12-03 00:00:00,ONAL-N-000,10.25,2000,,,
2001-12-11 00:00:00,ONAL-N-000,10.5,3500,,,
2001-12-12 00:00:00,ONAL-N-000,10.25,76000,,,
2001-12-13 00:00:00,ONAL-N-000,10,1000,,,
2001-12-18 00:00:00,ONAL-N-000,11,5100,,,
2001-12-28 00:00:00,ONAL-N-000,10.25,600,,,
2002-01-04 00:00:00,ONAL-N-000,10.5,500,,,
2002-01-07 00:00:00,ONAL-N-000,11.5,500,,,
2002-01-08 00:00:00,ONAL-N-000,10,15100,,,
2002-01-09 00:00:00,ONAL-N-000,10,500,,,
2002-01-18 00:00:00,ONAL-N-000,10,100,,,
2002-01-25 00:00:00,ONAL-N-000,11,500,,,
2002-01-31 00:00:00,ONAL-N-000,10,100,,,
2002-02-01 00:00:00,ONAL-N-000,10,100,,,
2002-02-07 00:00:00,ONAL-N-000,10,800,,,
2002-02-08 00:00:00,ONAL-N-000,9.75,2200,,,
2002-02-11 00:00:00,ONAL-N-000,9.75,3000,,,
2001-01-03 00:00:00,OSEA-N-000,2.5,200,,,
2001-01-04 00:00:00,OSEA-N-000,2.25,1000,,,
2001-01-08 00:00:00,OSEA-N-000,2.25,1500,,,
2001-01-30 00:00:00,OSEA-N-000,2.75,1000,,,
2001-01-31 00:00:00,OSEA-N-000,3,1100,,,
2001-02-08 00:00:00,OSEA-N-000,4.5,100,,,
2001-02-23 00:00:00,OSEA-N-000,3.5,500,,,
2001-02-28 00:00:00,OSEA-N-000,3,5000,,,
2001-03-01 00:00:00,OSEA-N-000,3,100,,,
2001-03-12 00:00:00,OSEA-N-000,2.75,500,,,
2001-03-29 00:00:00,OSEA-N-000,2.75,200,,,
2001-03-30 00:00:00,OSEA-N-000,2.25,1300,,,
2001-04-04 00:00:00,OSEA-N-000,2.25,100,,,
2001-04-23 00:00:00,OSEA-N-000,2.5,500,,,
2001-04-27 00:00:00,OSEA-N-000,2.5,1000,,,
2001-05-10 00:00:00,OSEA-N-000,2.25,47000,,,
2001-05-11 00:00:00,OSEA-N-000,2.25,900,,,
2001-05-17 00:00:00,OSEA-N-000,2.25,2900,,,
2001-05-24 00:00:00,OSEA-N-000,2.25,500,,,
2001-05-25 00:00:00,OSEA-N-000,2.25,1600,,,
2001-07-10 00:00:00,OSEA-N-000,2.75,400,,,
2001-07-23 00:00:00,OSEA-N-000,2.25,400,,,
2001-07-25 00:00:00,OSEA-N-000,2.25,600,,,
2001-07-30 00:00:00,OSEA-N-000,2.25,13900,,,
2001-07-31 00:00:00,OSEA-N-000,2.25,200,,,
2001-08-06 00:00:00,OSEA-N-000,2,500,,,
2001-08-15 00:00:00,OSEA-N-000,2,300,,,
2001-08-16 00:00:00,OSEA-N-000,2,200,,,
2001-10-03 00:00:00,OSEA-N-000,1.5,2500,,,
2001-10-09 00:00:00,OSEA-N-000,1.5,200,,,
2001-10-10 00:00:00,OSEA-N-000,2.25,300,,,
2001-10-11 00:00:00,OSEA-N-000,2.5,1500,,,
2001-10-15 00:00:00,OSEA-N-000,2.5,1200,,,
2001-10-17 00:00:00,OSEA-N-000,2.5,800,,,
2001-10-22 00:00:00,OSEA-N-000,2.5,500,,,
2001-10-23 00:00:00,OSEA-N-000,2.5,1000,,,
2001-10-24 00:00:00,OSEA-N-000,3,200,,,
2001-10-30 00:00:00,OSEA-N-000,2.5,200,,,
2001-11-02 00:00:00,OSEA-N-000,2.5,200,,,
2001-11-13 00:00:00,OSEA-N-000,2.5,2300,,,
2001-11-14 00:00:00,OSEA-N-000,2.5,200,,,
2001-11-15 00:00:00,OSEA-N-000,2.5,1000,,,
2001-11-16 00:00:00,OSEA-N-000,3,3000,,,
2001-11-19 00:00:00,OSEA-N-000,4,200,,,
2001-11-20 00:00:00,OSEA-N-000,4,1000,,,
2001-11-21 00:00:00,OSEA-N-000,4,1000,,,
2001-11-23 00:00:00,OSEA-N-000,3.75,500,,,
2001-11-26 00:00:00,OSEA-N-000,3.25,3000,,,
2001-11-27 00:00:00,OSEA-N-000,3.25,1300,,,
2001-11-28 00:00:00,OSEA-N-000,3.75,1800,,,
2001-11-29 00:00:00,OSEA-N-000,3.5,2500,,,
2001-12-03 00:00:00,OSEA-N-000,3.75,1000,,,
2001-12-04 00:00:00,OSEA-N-000,3.5,600,,,
2001-12-07 00:00:00,OSEA-N-000,4,2000,,,
2001-12-10 00:00:00,OSEA-N-000,4.25,5900,,,
2001-12-11 00:00:00,OSEA-N-000,5.5,6400,,,
2001-12-12 00:00:00,OSEA-N-000,5,10800,,,
2001-12-13 00:00:00,OSEA-N-000,5,2600,,,
2001-12-14 00:00:00,OSEA-N-000,4,400,,,
2001-12-18 00:00:00,OSEA-N-000,4.25,1500,,,
2001-12-21 00:00:00,OSEA-N-000,4,500,,,
2001-12-28 00:00:00,OSEA-N-000,4.5,6400,,,
2001-12-31 00:00:00,OSEA-N-000,4.5,1000,,,
2002-01-02 00:00:00,OSEA-N-000,4.25,200,,,
2002-01-04 00:00:00,OSEA-N-000,4.25,500,,,
2002-01-08 00:00:00,OSEA-N-000,3.75,2600,,,
2002-01-09 00:00:00,OSEA-N-000,3.75,100,,,
2002-01-10 00:00:00,OSEA-N-000,3.75,10000,,,
2002-01-30 00:00:00,OSEA-N-000,3.5,100,,,
2002-02-08 00:00:00,OSEA-N-000,3.25,100,,,
2001-03-28 00:00:00,PARA-N-000,40,500,,,
2001-03-29 00:00:00,PARA-N-000,40,100,,,
2001-04-05 00:00:00,PARA-N-000,40.25,100,,,
2001-04-10 00:00:00,PARA-N-000,40.25,100,,,
2001-05-02 00:00:00,PARA-N-000,40,100,,,
2001-07-25 00:00:00,PARA-N-000,40.5,11000,,,
2001-09-19 00:00:00,PARA-N-000,35,2000,,,
2001-01-30 00:00:00,PARQ-N-000,3,800,,,
2001-02-09 00:00:00,PARQ-N-000,2.5,4100,,,
2001-02-13 00:00:00,PARQ-N-000,2.5,1700,,,
2001-02-20 00:00:00,PARQ-N-000,2.25,400,,,
2001-03-01 00:00:00,PARQ-N-000,2.25,100,,,
2001-03-07 00:00:00,PARQ-N-000,2.25,200,,,
2001-03-20 00:00:00,PARQ-N-000,2.25,100,,,
2001-04-10 00:00:00,PARQ-N-000,2.25,500,,,
2001-04-18 00:00:00,PARQ-N-000,1.5,100,,,
2001-04-23 00:00:00,PARQ-N-000,1.5,2700,,,
2001-04-30 00:00:00,PARQ-N-000,1.5,2700,,,
2001-05-09 00:00:00,PARQ-N-000,1.5,1200,,,
2001-05-10 00:00:00,PARQ-N-000,1.5,1500,,,
2001-05-14 00:00:00,PARQ-N-000,2,3700,,,
2001-05-25 00:00:00,PARQ-N-000,2,200,,,
2001-06-11 00:00:00,PARQ-N-000,1.75,2500,,,
2001-06-18 00:00:00,PARQ-N-000,2,2900,,,
2001-06-19 00:00:00,PARQ-N-000,2,1000,,,
2001-06-21 00:00:00,PARQ-N-000,2.5,100,,,
2001-07-11 00:00:00,PARQ-N-000,3,100,,,
2001-07-18 00:00:00,PARQ-N-000,2,500,,,
2001-07-31 00:00:00,PARQ-N-000,2,100,,,
2001-08-01 00:00:00,PARQ-N-000,2.5,2200,,,
2001-08-02 00:00:00,PARQ-N-000,2.75,100,,,
2001-08-13 00:00:00,PARQ-N-000,2.75,400,,,
2001-08-28 00:00:00,PARQ-N-000,3,100,,,
2001-09-12 00:00:00,PARQ-N-000,3.5,100,,,
2001-10-18 00:00:00,PARQ-N-000,4,100,,,
2001-11-26 00:00:00,PARQ-N-000,3.25,2000,,,
2001-11-28 00:00:00,PARQ-N-000,3.75,500,,,
2001-12-11 00:00:00,PARQ-N-000,5.5,2100,,,
2001-12-28 00:00:00,PARQ-N-000,3,100,,,
2002-01-03 00:00:00,PARQ-N-000,3,100,,,
2001-03-02 00:00:00,PEG-N-0000,5,13300,,,
2001-03-06 00:00:00,PEG-N-0000,6,100,,,
2001-03-14 00:00:00,PEG-N-0000,5,600,,,
2001-03-15 00:00:00,PEG-N-0000,6,1300,,,
2001-03-16 00:00:00,PEG-N-0000,5.25,300,,,
2001-03-22 00:00:00,PEG-N-0000,5,100,,,
2001-03-26 00:00:00,PEG-N-0000,5,100,,,
2001-05-15 00:00:00,PEG-N-0000,4,100,,,
2001-05-23 00:00:00,PEG-N-0000,3,100000,,,
2001-06-07 00:00:00,PEG-N-0000,3.25,1000,,,
2001-06-08 00:00:00,PEG-N-0000,3.25,2800,,,
2001-06-12 00:00:00,PEG-N-0000,4,200,,,
2001-06-19 00:00:00,PEG-N-0000,6,49600,,,
2001-06-20 00:00:00,PEG-N-0000,13.5,75800,,,
2001-06-21 00:00:00,PEG-N-0000,16.5,32800,,,
2001-06-22 00:00:00,PEG-N-0000,16,1500,,,
2001-06-25 00:00:00,PEG-N-0000,14.75,1700,,,
2001-06-26 00:00:00,PEG-N-0000,14.75,300,,,
2001-06-27 00:00:00,PEG-N-0000,14.75,500,,,
2001-06-28 00:00:00,PEG-N-0000,15,8700,,,
2001-06-29 00:00:00,PEG-N-0000,15,9800,,,
2001-07-02 00:00:00,PEG-N-0000,15,1100,,,
2001-07-03 00:00:00,PEG-N-0000,14,1500,,,
2001-07-09 00:00:00,PEG-N-0000,14.75,1200,,,
2001-07-10 00:00:00,PEG-N-0000,14.75,3000,,,
2001-07-11 00:00:00,PEG-N-0000,14.75,1100,,,
2001-07-30 00:00:00,PEG-N-0000,13.25,200,,,
2001-08-09 00:00:00,PEG-N-0000,13.75,1100,,,
2001-08-15 00:00:00,PEG-N-0000,13.5,300,,,
2001-08-29 00:00:00,PEG-N-0000,10,100,,,
2001-09-07 00:00:00,PEG-N-0000,10,100,,,
2001-09-17 00:00:00,PEG-N-0000,10,200,,,
2001-09-21 00:00:00,PEG-N-0000,10,100,,,
2001-10-09 00:00:00,PEG-N-0000,10,100,,,
2001-10-15 00:00:00,PEG-N-0000,8,100,,,
2001-10-19 00:00:00,PEG-N-0000,8.25,500,,,
2001-11-05 00:00:00,PEG-N-0000,8,300,,,
2001-11-13 00:00:00,PEG-N-0000,8,1800,,,
2001-11-28 00:00:00,PEG-N-0000,8,200,,,
2001-11-29 00:00:00,PEG-N-0000,8.5,200,,,
2001-12-12 00:00:00,PEG-N-0000,8,2999700,,,
2001-12-13 00:00:00,PEG-N-0000,8,720600,,,
2001-12-14 00:00:00,PEG-N-0000,8,300,,,
2001-12-18 00:00:00,PEG-N-0000,8,2800,,,
2001-12-19 00:00:00,PEG-N-0000,7.5,600,,,
2001-12-31 00:00:00,PEG-N-0000,7.5,100,,,
2002-01-15 00:00:00,PEG-N-0000,7.5,1600,,,
2002-01-16 00:00:00,PEG-N-0000,8,100,,,
2002-01-22 00:00:00,PEG-N-0000,8,100,,,
2002-01-25 00:00:00,PEG-N-0000,8,1400,,,
2002-02-06 00:00:00,PEG-N-0000,7.75,200,,,
2002-02-07 00:00:00,PEG-N-0000,7.75,400,,,
2002-02-08 00:00:00,PEG-N-0000,7.75,1900,,,
2001-01-02 00:00:00,SUGA-N-000,4.5,5200,,,
2001-01-03 00:00:00,SUGA-N-000,4.5,5000,,,
2001-01-04 00:00:00,SUGA-N-000,4.75,23800,,,
2001-01-05 00:00:00,SUGA-N-000,4.75,38700,,,
2001-01-08 00:00:00,SUGA-N-000,5,23000,,,
2001-01-10 00:00:00,SUGA-N-000,4.75,9000,,,
2001-01-11 00:00:00,SUGA-N-000,5,40200,,,
2001-01-12 00:00:00,SUGA-N-000,5.5,162200,,,
2001-01-16 00:00:00,SUGA-N-000,5.75,339800,,,
2001-01-17 00:00:00,SUGA-N-000,5.5,251200,,,
2001-01-18 00:00:00,SUGA-N-000,5.5,33900,,,
2001-01-19 00:00:00,SUGA-N-000,5.5,39800,,,
2001-01-22 00:00:00,SUGA-N-000,5.25,9000,,,
2001-01-23 00:00:00,SUGA-N-000,5.5,46700,,,
2001-01-24 00:00:00,SUGA-N-000,5.5,500,,,
2001-01-25 00:00:00,SUGA-N-000,5.25,11500,,,
2001-01-26 00:00:00,SUGA-N-000,5.25,72600,,,
2001-01-29 00:00:00,SUGA-N-000,5.25,28000,,,
2001-01-30 00:00:00,SUGA-N-000,5.5,31600,,,
2001-01-31 00:00:00,SUGA-N-000,5.25,26000,,,
2001-02-01 00:00:00,SUGA-N-000,5.25,17500,,,
2001-02-02 00:00:00,SUGA-N-000,5,23900,,,
2001-02-06 00:00:00,SUGA-N-000,5.25,2100,,,
2001-02-08 00:00:00,SUGA-N-000,5,15500,,,
2001-02-09 00:00:00,SUGA-N-000,5,41100,,,
2001-02-12 00:00:00,SUGA-N-000,5,32000,,,
2001-02-13 00:00:00,SUGA-N-000,4.75,19500,,,
2001-02-14 00:00:00,SUGA-N-000,5,27700,,,
2001-02-15 00:00:00,SUGA-N-000,5,300,,,
2001-02-16 00:00:00,SUGA-N-000,5,20000,,,
2001-02-19 00:00:00,SUGA-N-000,5,2500,,,
2001-02-20 00:00:00,SUGA-N-000,5,6400,,,
2001-02-21 00:00:00,SUGA-N-000,5,5000,,,
2001-02-22 00:00:00,SUGA-N-000,5,10100,,,
2001-02-23 00:00:00,SUGA-N-000,5,500,,,
2001-02-26 00:00:00,SUGA-N-000,5,1700,,,
2001-02-27 00:00:00,SUGA-N-000,5,5000,,,
2001-02-28 00:00:00,SUGA-N-000,4.75,11200,,,
2001-03-01 00:00:00,SUGA-N-000,4.75,2000,,,
2001-03-02 00:00:00,SUGA-N-000,4.75,22000,,,
2001-03-05 00:00:00,SUGA-N-000,4.75,2900,,,
2001-03-07 00:00:00,SUGA-N-000,5,5000,,,
2001-03-08 00:00:00,SUGA-N-000,5.25,29300,,,
2001-03-12 00:00:00,SUGA-N-000,5,4000,,,
2001-03-13 00:00:00,SUGA-N-000,5,400,,,
2001-03-14 00:00:00,SUGA-N-000,5,9000,,,
2001-03-16 00:00:00,SUGA-N-000,4.75,13200,,,
2001-03-19 00:00:00,SUGA-N-000,4.75,14000,,,
2001-03-20 00:00:00,SUGA-N-000,4.75,6000,,,
2001-03-21 00:00:00,SUGA-N-000,5,37000,,,
2001-03-22 00:00:00,SUGA-N-000,5,4100,,,
2001-03-23 00:00:00,SUGA-N-000,5,17900,,,
2001-03-27 00:00:00,SUGA-N-000,4.75,2100,,,
2001-03-28 00:00:00,SUGA-N-000,4.75,2000,,,
2001-03-29 00:00:00,SUGA-N-000,4.75,500,,,
2001-03-30 00:00:00,SUGA-N-000,5.25,41400,,,
2001-04-02 00:00:00,SUGA-N-000,5,6000,,,
2001-04-03 00:00:00,SUGA-N-000,4.75,41500,,,
2001-04-05 00:00:00,SUGA-N-000,4.75,10500,,,
2001-04-09 00:00:00,SUGA-N-000,5,11000,,,
2001-04-10 00:00:00,SUGA-N-000,4.75,3000,,,
2001-04-18 00:00:00,SUGA-N-000,5,22700,,,
2001-04-19 00:00:00,SUGA-N-000,5,3000,,,
2001-04-20 00:00:00,SUGA-N-000,4.75,4000,,,
2001-04-25 00:00:00,SUGA-N-000,4.75,24000,,,
2001-04-26 00:00:00,SUGA-N-000,4.75,1000,,,
2001-04-27 00:00:00,SUGA-N-000,4.75,2000,,,
2001-04-30 00:00:00,SUGA-N-000,5,20500,,,
2001-05-02 00:00:00,SUGA-N-000,5,1000,,,
2001-05-10 00:00:00,SUGA-N-000,4.75,18000,,,
2001-05-11 00:00:00,SUGA-N-000,4.75,3300,,,
2001-05-14 00:00:00,SUGA-N-000,4.75,200,,,
2001-05-15 00:00:00,SUGA-N-000,5,81200,,,
2001-05-16 00:00:00,SUGA-N-000,5,10000,,,
2001-05-17 00:00:00,SUGA-N-000,5,40500,,,
2001-05-18 00:00:00,SUGA-N-000,5,43700,,,
2001-05-21 00:00:00,SUGA-N-000,5,3000,,,
2001-05-22 00:00:00,SUGA-N-000,5,20800,,,
2001-05-23 00:00:00,SUGA-N-000,5,25800,,,
2001-05-24 00:00:00,SUGA-N-000,5.25,31500,,,
2001-05-25 00:00:00,SUGA-N-000,5.25,1300,,,
2001-05-28 00:00:00,SUGA-N-000,5.5,9900,,,
2001-05-29 00:00:00,SUGA-N-000,5.5,60500,,,
2001-05-30 00:00:00,SUGA-N-000,5.25,6500,,,
2001-05-31 00:00:00,SUGA-N-000,5.25,3300,,,
2001-06-01 00:00:00,SUGA-N-000,5,64300,,,
2001-06-04 00:00:00,SUGA-N-000,5,1600,,,
2001-06-06 00:00:00,SUGA-N-000,5,49800,,,
2001-06-07 00:00:00,SUGA-N-000,5,1700,,,
2001-06-08 00:00:00,SUGA-N-000,5,5200,,,
2001-06-12 00:00:00,SUGA-N-000,5,6000,,,
2001-06-13 00:00:00,SUGA-N-000,5.25,3200,,,
2001-06-15 00:00:00,SUGA-N-000,5,1700,,,
2001-06-18 00:00:00,SUGA-N-000,5,64700,,,
2001-06-20 00:00:00,SUGA-N-000,5,200,,,
2001-06-21 00:00:00,SUGA-N-000,5.5,148000,,,
2001-06-22 00:00:00,SUGA-N-000,5.25,33500,,,
2001-06-25 00:00:00,SUGA-N-000,5.25,29500,,,
2001-06-26 00:00:00,SUGA-N-000,5,6900,,,
2001-06-27 00:00:00,SUGA-N-000,5,20500,,,
2001-06-28 00:00:00,SUGA-N-000,5,10800,,,
2001-07-03 00:00:00,SUGA-N-000,5.25,56500,,,
2001-07-04 00:00:00,SUGA-N-000,5.25,15000,,,
2001-07-06 00:00:00,SUGA-N-000,5.25,400,,,
2001-07-09 00:00:00,SUGA-N-000,5,5100,,,
2001-07-10 00:00:00,SUGA-N-000,5.25,43300,,,
2001-07-11 00:00:00,SUGA-N-000,5,48700,,,
2001-07-12 00:00:00,SUGA-N-000,5.25,226700,,,
2001-07-16 00:00:00,SUGA-N-000,5.25,17600,,,
2001-07-17 00:00:00,SUGA-N-000,5,4200,,,
2001-07-18 00:00:00,SUGA-N-000,5,1000,,,
2001-07-19 00:00:00,SUGA-N-000,5.25,227900,,,
2001-07-20 00:00:00,SUGA-N-000,5.25,12200,,,
2001-07-23 00:00:00,SUGA-N-000,5,800,,,
2001-07-24 00:00:00,SUGA-N-000,5,124400,,,
2001-07-26 00:00:00,SUGA-N-000,5,1000,,,
2001-07-27 00:00:00,SUGA-N-000,5,2600,,,
2001-07-30 00:00:00,SUGA-N-000,5,16800,,,
2001-07-31 00:00:00,SUGA-N-000,5,27200,,,
2001-08-01 00:00:00,SUGA-N-000,5,21000,,,
2001-08-06 00:00:00,SUGA-N-000,5,7800,,,
2001-08-07 00:00:00,SUGA-N-000,5,101900,,,
2001-08-08 00:00:00,SUGA-N-000,5,18600,,,
2001-08-09 00:00:00,SUGA-N-000,5,2200,,,
2001-08-10 00:00:00,SUGA-N-000,5,31200,,,
2001-08-13 00:00:00,SUGA-N-000,5,68000,,,
2001-08-14 00:00:00,SUGA-N-000,5,65300,,,
2001-08-15 00:00:00,SUGA-N-000,5,82500,,,
2001-08-16 00:00:00,SUGA-N-000,5,65100,,,
2001-08-17 00:00:00,SUGA-N-000,5,2000,,,
2001-08-20 00:00:00,SUGA-N-000,5.25,22400,,,
2001-08-22 00:00:00,SUGA-N-000,5.25,24000,,,
2001-08-23 00:00:00,SUGA-N-000,5.25,4000,,,
2001-08-24 00:00:00,SUGA-N-000,5.5,33700,,,
2001-08-27 00:00:00,SUGA-N-000,5.5,11000,,,
2001-08-29 00:00:00,SUGA-N-000,5.5,19500,,,
2001-08-30 00:00:00,SUGA-N-000,5.25,2100,,,
2001-08-31 00:00:00,SUGA-N-000,5.5,1800,,,
2001-09-04 00:00:00,SUGA-N-000,5.25,1000,,,
2001-09-05 00:00:00,SUGA-N-000,5.25,4500,,,
2001-09-10 00:00:00,SUGA-N-000,5.25,2500,,,
2001-09-11 00:00:00,SUGA-N-000,5,68300,,,
2001-09-12 00:00:00,SUGA-N-000,5,1000,,,
2001-09-13 00:00:00,SUGA-N-000,5,100,,,
2001-09-14 00:00:00,SUGA-N-000,5,1000,,,
2001-09-17 00:00:00,SUGA-N-000,5,69200,,,
2001-09-18 00:00:00,SUGA-N-000,5,6200,,,
2001-09-19 00:00:00,SUGA-N-000,5,7900,,,
2001-09-20 00:00:00,SUGA-N-000,5,3200,,,
2001-09-21 00:00:00,SUGA-N-000,5,4000,,,
2001-09-25 00:00:00,SUGA-N-000,5,99000,,,
2001-09-26 00:00:00,SUGA-N-000,5,32000,,,
2001-09-27 00:00:00,SUGA-N-000,5,500,,,
2001-09-28 00:00:00,SUGA-N-000,5,47300,,,
2001-10-01 00:00:00,SUGA-N-000,5,9000,,,
2001-10-03 00:00:00,SUGA-N-000,5,3000,,,
2001-10-05 00:00:00,SUGA-N-000,5,6200,,,
2001-10-08 00:00:00,SUGA-N-000,5,2100,,,
2001-10-09 00:00:00,SUGA-N-000,5.25,37100,,,
2001-10-10 00:00:00,SUGA-N-000,5.25,21500,,,
2001-10-11 00:00:00,SUGA-N-000,5.75,53700,,,
2001-10-12 00:00:00,SUGA-N-000,5.25,29900,,,
2001-10-15 00:00:00,SUGA-N-000,5.25,103400,,,
2001-10-17 00:00:00,SUGA-N-000,5,34700,,,
2001-10-18 00:00:00,SUGA-N-000,5,95000,,,
2001-10-19 00:00:00,SUGA-N-000,5.25,62200,,,
2001-10-22 00:00:00,SUGA-N-000,5.5,30300,,,
2001-10-23 00:00:00,SUGA-N-000,5.25,29800,,,
2001-10-24 00:00:00,SUGA-N-000,5.25,80300,,,
2001-10-25 00:00:00,SUGA-N-000,5.25,28000,,,
2001-10-26 00:00:00,SUGA-N-000,5.25,10500,,,
2001-10-29 00:00:00,SUGA-N-000,5,16000,,,
2001-10-30 00:00:00,SUGA-N-000,5.25,500,,,
2001-11-01 00:00:00,SUGA-N-000,5.25,11000,,,
2001-11-02 00:00:00,SUGA-N-000,5.25,16000,,,
2001-11-05 00:00:00,SUGA-N-000,5,27500,,,
2001-11-06 00:00:00,SUGA-N-000,5.25,10000,,,
2001-11-08 00:00:00,SUGA-N-000,5.25,15600,,,
2001-11-09 00:00:00,SUGA-N-000,5.25,10000,,,
2001-11-12 00:00:00,SUGA-N-000,5.25,9200,,,
2001-11-13 00:00:00,SUGA-N-000,5.5,1100,,,
2001-11-14 00:00:00,SUGA-N-000,5.75,66100,,,
2001-11-15 00:00:00,SUGA-N-000,5.75,22700,,,
2001-11-16 00:00:00,SUGA-N-000,6.5,93600,,,
2001-11-19 00:00:00,SUGA-N-000,6.5,39300,,,
2001-11-20 00:00:00,SUGA-N-000,6.5,100200,,,
2001-11-21 00:00:00,SUGA-N-000,6.5,73500,,,
2001-11-22 00:00:00,SUGA-N-000,6.5,31300,,,
2001-11-23 00:00:00,SUGA-N-000,6.5,69900,,,
2001-11-26 00:00:00,SUGA-N-000,6.5,7600,,,
2001-11-27 00:00:00,SUGA-N-000,6.25,17000,,,
2001-11-28 00:00:00,SUGA-N-000,6.5,38300,,,
2001-11-29 00:00:00,SUGA-N-000,6.25,72700,,,
2001-12-03 00:00:00,SUGA-N-000,6.25,19900,,,
2001-12-04 00:00:00,SUGA-N-000,6,29200,,,
2001-12-05 00:00:00,SUGA-N-000,6,106000,,,
2001-12-07 00:00:00,SUGA-N-000,8.5,289200,,,
2001-12-10 00:00:00,SUGA-N-000,7.5,457600,,,
2001-12-11 00:00:00,SUGA-N-000,7.75,65100,,,
2001-12-12 00:00:00,SUGA-N-000,7.5,76200,,,
2001-12-13 00:00:00,SUGA-N-000,6.5,37600,,,
2001-12-14 00:00:00,SUGA-N-000,7,135500,,,
2001-12-17 00:00:00,SUGA-N-000,7.25,102600,,,
2001-12-18 00:00:00,SUGA-N-000,6.5,24100,,,
2001-12-19 00:00:00,SUGA-N-000,6.25,54700,,,
2001-12-20 00:00:00,SUGA-N-000,6.25,40400,,,
2001-12-21 00:00:00,SUGA-N-000,6.25,100,,,
2001-12-27 00:00:00,SUGA-N-000,6.75,33800,,,
2001-12-28 00:00:00,SUGA-N-000,7.5,188200,,,
2001-12-31 00:00:00,SUGA-N-000,7.25,93000,,,
2002-01-02 00:00:00,SUGA-N-000,6.75,19000,,,
2002-01-03 00:00:00,SUGA-N-000,7,24800,,,
2002-01-04 00:00:00,SUGA-N-000,7,13000,,,
2002-01-07 00:00:00,SUGA-N-000,6.5,16000,,,
2002-01-08 00:00:00,SUGA-N-000,6.5,39400,,,
2002-01-09 00:00:00,SUGA-N-000,6.5,88500,,,
2002-01-10 00:00:00,SUGA-N-000,6.25,97400,,,
2002-01-11 00:00:00,SUGA-N-000,6,62500,,,
2002-01-15 00:00:00,SUGA-N-000,6,49400,,,
2002-01-16 00:00:00,SUGA-N-000,6,57700,,,
2002-01-17 00:00:00,SUGA-N-000,6.25,101200,,,
2002-01-18 00:00:00,SUGA-N-000,7.75,532500,,,
2002-01-21 00:00:00,SUGA-N-000,8,605200,,,
2002-01-22 00:00:00,SUGA-N-000,7.75,171700,,,
2002-01-23 00:00:00,SUGA-N-000,8,96100,,,
2002-01-24 00:00:00,SUGA-N-000,8.25,273800,,,
2002-01-25 00:00:00,SUGA-N-000,8.25,56900,,,
2002-01-29 00:00:00,SUGA-N-000,8.75,370300,,,
2002-01-30 00:00:00,SUGA-N-000,8.75,115900,,,
2002-01-31 00:00:00,SUGA-N-000,8.75,11800,,,
2002-02-01 00:00:00,SUGA-N-000,9,56000,,,
2002-02-05 00:00:00,SUGA-N-000,9.5,238900,,,
2002-02-06 00:00:00,SUGA-N-000,11.75,1046900,,,
2002-02-07 00:00:00,SUGA-N-000,11.75,236400,,,
2002-02-08 00:00:00,SUGA-N-000,11.75,164600,,,
2002-02-11 00:00:00,SUGA-N-000,11.5,193100,,,
2001-01-08 00:00:00,PMB-N-0000,6,400,,,
2001-01-10 00:00:00,PMB-N-0000,5.75,200,,,
2001-01-17 00:00:00,PMB-N-0000,6,300,,,
2001-01-18 00:00:00,PMB-N-0000,6.25,100,,,
2001-01-19 00:00:00,PMB-N-0000,6,400,,,
2001-01-23 00:00:00,PMB-N-0000,5.5,300,,,
2001-01-24 00:00:00,PMB-N-0000,5.5,700,,,
2001-01-25 00:00:00,PMB-N-0000,5.75,100,,,
2001-01-26 00:00:00,PMB-N-0000,6,600,,,
2001-01-31 00:00:00,PMB-N-0000,6,200,,,
2001-02-01 00:00:00,PMB-N-0000,6,200,,,
2001-02-06 00:00:00,PMB-N-0000,6.5,200,,,
2001-02-08 00:00:00,PMB-N-0000,6.5,400,,,
2001-02-12 00:00:00,PMB-N-0000,6,100,,,
2001-02-13 00:00:00,PMB-N-0000,6,1100,,,
2001-02-14 00:00:00,PMB-N-0000,6,100,,,
2001-02-15 00:00:00,PMB-N-0000,6,400,,,
2001-02-16 00:00:00,PMB-N-0000,5.75,300,,,
2001-02-19 00:00:00,PMB-N-0000,5.5,100,,,
2001-02-20 00:00:00,PMB-N-0000,5.5,600,,,
2001-03-01 00:00:00,PMB-N-0000,5.5,400,,,
2001-03-14 00:00:00,PMB-N-0000,5.5,100,,,
2001-03-15 00:00:00,PMB-N-0000,5.5,900,,,
2001-03-16 00:00:00,PMB-N-0000,5.25,2000,,,
2001-03-20 00:00:00,PMB-N-0000,5.5,300,,,
2001-03-21 00:00:00,PMB-N-0000,5.25,1100,,,
2001-03-22 00:00:00,PMB-N-0000,5.25,200,,,
2001-03-26 00:00:00,PMB-N-0000,5,300,,,
2001-03-27 00:00:00,PMB-N-0000,5,300,,,
2001-03-30 00:00:00,PMB-N-0000,5,500,,,
2001-04-04 00:00:00,PMB-N-0000,5,100,,,
2001-04-19 00:00:00,PMB-N-0000,5,1000,,,
2001-04-20 00:00:00,PMB-N-0000,4.5,100,,,
2001-04-25 00:00:00,PMB-N-0000,4.5,10400,,,
2001-04-26 00:00:00,PMB-N-0000,4.5,1600,,,
2001-04-30 00:00:00,PMB-N-0000,4.5,300,,,
2001-05-03 00:00:00,PMB-N-0000,4.5,100,,,
2001-05-04 00:00:00,PMB-N-0000,4.5,400,,,
2001-05-14 00:00:00,PMB-N-0000,4.5,600,,,
2001-05-18 00:00:00,PMB-N-0000,4.5,500,,,
2001-05-21 00:00:00,PMB-N-0000,4.5,200,,,
2001-05-22 00:00:00,PMB-N-0000,4.5,100,,,
2001-05-23 00:00:00,PMB-N-0000,4.5,100,,,
2001-05-24 00:00:00,PMB-N-0000,4.75,300,,,
2001-05-29 00:00:00,PMB-N-0000,4.5,100,,,
2001-06-04 00:00:00,PMB-N-0000,4.5,100,,,
2001-06-20 00:00:00,PMB-N-0000,4,400,,,
2001-07-09 00:00:00,PMB-N-0000,4.5,500,,,
2001-07-10 00:00:00,PMB-N-0000,4.5,1600,,,
2001-07-11 00:00:00,PMB-N-0000,4,1700,,,
2001-07-12 00:00:00,PMB-N-0000,4,2100,,,
2001-07-18 00:00:00,PMB-N-0000,4.25,600,,,
2001-07-19 00:00:00,PMB-N-0000,4,2500,,,
2001-07-24 00:00:00,PMB-N-0000,3.75,200,,,
2001-07-26 00:00:00,PMB-N-0000,4,100,,,
2001-08-06 00:00:00,PMB-N-0000,4,200,,,
2001-08-10 00:00:00,PMB-N-0000,4.75,300,,,
2001-08-16 00:00:00,PMB-N-0000,4,1800,,,
2001-08-17 00:00:00,PMB-N-0000,4,300,,,
2001-08-23 00:00:00,PMB-N-0000,4,100,,,
2001-09-11 00:00:00,PMB-N-0000,4,500,,,
2001-09-13 00:00:00,PMB-N-0000,4,500,,,
2001-09-18 00:00:00,PMB-N-0000,4,1200,,,
2001-09-27 00:00:00,PMB-N-0000,4.25,900,,,
2001-09-28 00:00:00,PMB-N-0000,4,100,,,
2001-10-04 00:00:00,PMB-N-0000,4,1400,,,
2001-10-05 00:00:00,PMB-N-0000,4,200,,,
2001-10-10 00:00:00,PMB-N-0000,4,21900,,,
2001-10-11 00:00:00,PMB-N-0000,5,11300,,,
2001-10-12 00:00:00,PMB-N-0000,5.5,1500,,,
2001-10-15 00:00:00,PMB-N-0000,5.25,20800,,,
2001-10-16 00:00:00,PMB-N-0000,4.5,6800,,,
2001-10-17 00:00:00,PMB-N-0000,4.75,2500,,,
2001-10-18 00:00:00,PMB-N-0000,5,500,,,
2001-10-22 00:00:00,PMB-N-0000,5.25,2700,,,
2001-10-23 00:00:00,PMB-N-0000,5.5,6500,,,
2001-10-24 00:00:00,PMB-N-0000,5.5,11300,,,
2001-10-25 00:00:00,PMB-N-0000,5.5,600,,,
2001-10-26 00:00:00,PMB-N-0000,5.75,1000,,,
2001-10-29 00:00:00,PMB-N-0000,6.5,2000,,,
2001-11-01 00:00:00,PMB-N-0000,5.75,9500,,,
2001-11-02 00:00:00,PMB-N-0000,6,6600,,,
2001-11-05 00:00:00,PMB-N-0000,6,100,,,
2001-11-06 00:00:00,PMB-N-0000,6,3600,,,
2001-11-09 00:00:00,PMB-N-0000,6,400,,,
2001-11-12 00:00:00,PMB-N-0000,6,1000,,,
2001-11-13 00:00:00,PMB-N-0000,6,400,,,
2001-11-15 00:00:00,PMB-N-0000,6.5,6700,,,
2001-11-16 00:00:00,PMB-N-0000,7.25,8700,,,
2001-11-19 00:00:00,PMB-N-0000,7.75,2400,,,
2001-11-20 00:00:00,PMB-N-0000,7.5,1700,,,
2001-11-21 00:00:00,PMB-N-0000,8,14200,,,
2001-11-22 00:00:00,PMB-N-0000,8,16900,,,
2001-11-23 00:00:00,PMB-N-0000,7.75,14100,,,
2001-11-26 00:00:00,PMB-N-0000,7.5,3600,,,
2001-11-27 00:00:00,PMB-N-0000,7.25,10200,,,
2001-11-28 00:00:00,PMB-N-0000,8,35700,,,
2001-11-29 00:00:00,PMB-N-0000,8,2500,,,
2001-12-03 00:00:00,PMB-N-0000,7.5,11700,,,
2001-12-04 00:00:00,PMB-N-0000,7.5,6500,,,
2001-12-07 00:00:00,PMB-N-0000,11.25,61500,,,
2001-12-10 00:00:00,PMB-N-0000,9.5,113600,,,
2001-12-11 00:00:00,PMB-N-0000,10.25,36300,,,
2001-12-12 00:00:00,PMB-N-0000,9.75,16600,,,
2001-12-13 00:00:00,PMB-N-0000,9.5,11400,,,
2001-12-14 00:00:00,PMB-N-0000,9.5,5100,,,
2001-12-17 00:00:00,PMB-N-0000,9.25,200,,,
2001-12-18 00:00:00,PMB-N-0000,9.25,3200,,,
2001-12-20 00:00:00,PMB-N-0000,9,1300,,,
2001-12-21 00:00:00,PMB-N-0000,8.25,1000,,,
2001-12-28 00:00:00,PMB-N-0000,10.5,9000,,,
2001-12-31 00:00:00,PMB-N-0000,10.5,6500,,,
2002-01-02 00:00:00,PMB-N-0000,9.75,6000,,,
2002-01-03 00:00:00,PMB-N-0000,10,15800,,,
2002-01-04 00:00:00,PMB-N-0000,9.75,5700,,,
2002-01-07 00:00:00,PMB-N-0000,10,9700,,,
2002-01-08 00:00:00,PMB-N-0000,9.75,11100,,,
2002-01-09 00:00:00,PMB-N-0000,9.5,1000,,,
2002-01-11 00:00:00,PMB-N-0000,9.25,7600,,,
2002-01-18 00:00:00,PMB-N-0000,8,3400,,,
2002-01-21 00:00:00,PMB-N-0000,10,85300,,,
2002-01-22 00:00:00,PMB-N-0000,9.5,2100,,,
2002-01-24 00:00:00,PMB-N-0000,9.5,600,,,
2002-01-25 00:00:00,PMB-N-0000,9.5,400,,,
2002-01-29 00:00:00,PMB-N-0000,8,100,,,
2002-01-30 00:00:00,PMB-N-0000,8.25,200,,,
2002-01-31 00:00:00,PMB-N-0000,8.25,100,,,
2002-02-01 00:00:00,PMB-N-0000,8.25,300,,,
2002-02-07 00:00:00,PMB-N-0000,8.5,100,,,
2002-02-08 00:00:00,PMB-N-0000,8.5,100,,,
2002-02-11 00:00:00,PMB-N-0000,8.5,400,,,
2001-06-07 00:00:00,CARE-N-000,20,203300,,,
2001-06-08 00:00:00,CARE-N-000,20,10600,,,
2001-06-11 00:00:00,CARE-N-000,20,3000,,,
2001-07-12 00:00:00,CARE-N-000,24,100,,,
2001-07-13 00:00:00,CARE-N-000,20,300,,,
2001-07-16 00:00:00,CARE-N-000,18,100,,,
2001-09-07 00:00:00,CARE-N-000,15.25,900,,,
2001-10-15 00:00:00,CARE-N-000,7.75,23000,,,
2001-10-16 00:00:00,CARE-N-000,9,59000,,,
2001-10-17 00:00:00,CARE-N-000,9.25,39700,,,
2001-10-18 00:00:00,CARE-N-000,10,2000,,,
2001-10-19 00:00:00,CARE-N-000,10,600,,,
2001-10-22 00:00:00,CARE-N-000,11,15900,,,
2001-10-23 00:00:00,CARE-N-000,11.25,2000,,,
2001-10-24 00:00:00,CARE-N-000,11.25,100,,,
2001-10-25 00:00:00,CARE-N-000,11.25,100,,,
2001-10-26 00:00:00,CARE-N-000,8.5,100,,,
2001-10-30 00:00:00,CARE-N-000,7.5,1300,,,
2001-11-05 00:00:00,CARE-N-000,10,100,,,
2001-11-07 00:00:00,CARE-N-000,10,2000,,,
2001-11-08 00:00:00,CARE-N-000,10,600,,,
2001-11-14 00:00:00,CARE-N-000,10,100,,,
2001-11-19 00:00:00,CARE-N-000,10,22100,,,
2001-11-20 00:00:00,CARE-N-000,12,9000,,,
2001-11-21 00:00:00,CARE-N-000,13.5,32000,,,
2001-11-22 00:00:00,CARE-N-000,12,1000,,,
2001-11-23 00:00:00,CARE-N-000,12,42600,,,
2001-12-03 00:00:00,CARE-N-000,12,3000,,,
2001-12-19 00:00:00,CARE-N-000,10.5,1000,,,
2001-12-31 00:00:00,CARE-N-000,11,500,,,
2002-01-04 00:00:00,CARE-N-000,13,200,,,
2002-01-08 00:00:00,CARE-N-000,11,5000,,,
2002-01-09 00:00:00,CARE-N-000,11,5000,,,
2002-01-21 00:00:00,CARE-N-000,10,2000,,,
2002-01-24 00:00:00,CARE-N-000,11,900,,,
2002-01-29 00:00:00,CARE-N-000,13,3800,,,
2002-01-30 00:00:00,CARE-N-000,14,3900,,,
2002-01-31 00:00:00,CARE-N-000,15.5,4200,,,
2002-02-01 00:00:00,CARE-N-000,15.5,3200,,,
2002-02-05 00:00:00,CARE-N-000,17,17800,,,
2002-02-07 00:00:00,CARE-N-000,17,100,,,
2001-01-11 00:00:00,PDL-N-0000,16,7500,,,
2001-01-12 00:00:00,PDL-N-0000,16.25,6000,,,
2001-01-19 00:00:00,PDL-N-0000,16,12000,,,
2001-01-30 00:00:00,PDL-N-0000,16.75,1000,,,
2001-02-16 00:00:00,PDL-N-0000,16.75,1000,,,
2001-02-19 00:00:00,PDL-N-0000,17,1000,,,
2001-02-21 00:00:00,PDL-N-0000,16.75,600,,,
2001-03-02 00:00:00,PDL-N-0000,17,100,,,
2001-03-05 00:00:00,PDL-N-0000,17,1100,,,
2001-03-13 00:00:00,PDL-N-0000,16.25,1300,,,
2001-03-16 00:00:00,PDL-N-0000,16,200,,,
2001-03-19 00:00:00,PDL-N-0000,16,100,,,
2001-03-20 00:00:00,PDL-N-0000,16,500,,,
2001-04-02 00:00:00,PDL-N-0000,15,600,,,
2001-04-03 00:00:00,PDL-N-0000,15,600,,,
2001-04-04 00:00:00,PDL-N-0000,15,100,,,
2001-04-10 00:00:00,PDL-N-0000,15,500,,,
2001-04-20 00:00:00,PDL-N-0000,15.75,500,,,
2001-05-14 00:00:00,PDL-N-0000,15,200,,,
2001-05-18 00:00:00,PDL-N-0000,15.5,1000,,,
2001-05-22 00:00:00,PDL-N-0000,16,2600,,,
2001-05-23 00:00:00,PDL-N-0000,16,1000,,,
2001-05-29 00:00:00,PDL-N-0000,16,100,,,
2001-06-01 00:00:00,PDL-N-0000,16,1500,,,
2001-06-06 00:00:00,PDL-N-0000,16,3500,,,
2001-06-08 00:00:00,PDL-N-0000,16,200,,,
2001-06-11 00:00:00,PDL-N-0000,16,500,,,
2001-06-26 00:00:00,PDL-N-0000,16,500,,,
2001-06-27 00:00:00,PDL-N-0000,15.75,100,,,
2001-07-18 00:00:00,PDL-N-0000,16,300,,,
2001-08-15 00:00:00,PDL-N-0000,16,100,,,
2001-08-22 00:00:00,PDL-N-0000,15,500,,,
2001-08-28 00:00:00,PDL-N-0000,15,800,,,
2001-09-05 00:00:00,PDL-N-0000,15,500,,,
2001-10-12 00:00:00,PDL-N-0000,16,500,,,
2001-10-15 00:00:00,PDL-N-0000,15,2100,,,
2001-10-24 00:00:00,PDL-N-0000,17,400,,,
2001-10-25 00:00:00,PDL-N-0000,17,100,,,
2001-11-09 00:00:00,PDL-N-0000,17.5,500,,,
2001-11-19 00:00:00,PDL-N-0000,17,1000,,,
2001-11-23 00:00:00,PDL-N-0000,17,200,,,
2001-12-03 00:00:00,PDL-N-0000,17,300,,,
2001-12-04 00:00:00,PDL-N-0000,16,3900,,,
2001-12-05 00:00:00,PDL-N-0000,17,5000,,,
2001-12-07 00:00:00,PDL-N-0000,17.5,5000,,,
2001-12-10 00:00:00,PDL-N-0000,17.5,3000,,,
2001-12-11 00:00:00,PDL-N-0000,17,17000,,,
2001-12-12 00:00:00,PDL-N-0000,17,100,,,
2001-12-13 00:00:00,PDL-N-0000,17,15900,,,
2001-12-14 00:00:00,PDL-N-0000,16.75,200,,,
2001-12-17 00:00:00,PDL-N-0000,16.5,16000,,,
2001-12-18 00:00:00,PDL-N-0000,16.5,1000,,,
2001-12-19 00:00:00,PDL-N-0000,16.5,1600,,,
2002-01-04 00:00:00,PDL-N-0000,17,600,,,
2002-01-08 00:00:00,PDL-N-0000,15,11200,,,
2002-01-09 00:00:00,PDL-N-0000,15,3500,,,
2002-01-11 00:00:00,PDL-N-0000,15.5,1000,,,
2002-01-16 00:00:00,PDL-N-0000,15.5,3400,,,
2002-01-18 00:00:00,PDL-N-0000,15.5,1700,,,
2002-02-05 00:00:00,PDL-N-0000,15,3800,,,
2002-02-06 00:00:00,PDL-N-0000,16,1100,,,
2002-02-08 00:00:00,PDL-N-0000,16,3600,,,
2001-03-20 00:00:00,RGEM-N-000,4.5,500,,,
2001-03-27 00:00:00,RGEM-N-000,4.5,100,,,
2001-09-07 00:00:00,RGEM-N-000,6,100,,,
2001-11-07 00:00:00,RGEM-N-000,6,100,,,
2001-01-05 00:00:00,RECK-N-000,25.25,200,,,
2001-01-10 00:00:00,RECK-N-000,25.75,100,,,
2001-01-11 00:00:00,RECK-N-000,25.75,1000,,,
2001-01-16 00:00:00,RECK-N-000,25.5,200,,,
2001-01-17 00:00:00,RECK-N-000,26,1300,,,
2001-01-22 00:00:00,RECK-N-000,26.25,1300,,,
2001-01-24 00:00:00,RECK-N-000,26.25,100,,,
2001-01-29 00:00:00,RECK-N-000,26.25,200,,,
2001-02-02 00:00:00,RECK-N-000,26,1000,,,
2001-02-09 00:00:00,RECK-N-000,26.5,100,,,
2001-02-12 00:00:00,RECK-N-000,26.5,500,,,
2001-02-13 00:00:00,RECK-N-000,26.5,500,,,
2001-02-14 00:00:00,RECK-N-000,26,100,,,
2001-02-15 00:00:00,RECK-N-000,25.5,2000,,,
2001-02-16 00:00:00,RECK-N-000,25.5,200,,,
2001-02-19 00:00:00,RECK-N-000,25,1200,,,
2001-02-22 00:00:00,RECK-N-000,25,300,,,
2001-02-26 00:00:00,RECK-N-000,25,100,,,
2001-02-27 00:00:00,RECK-N-000,25,600,,,
2001-03-01 00:00:00,RECK-N-000,23.5,1300,,,
2001-03-06 00:00:00,RECK-N-000,25,100,,,
2001-03-08 00:00:00,RECK-N-000,25,2200,,,
2001-03-16 00:00:00,RECK-N-000,25,100,,,
2001-03-26 00:00:00,RECK-N-000,24.75,300,,,
2001-04-05 00:00:00,RECK-N-000,24.75,100,,,
2001-04-10 00:00:00,RECK-N-000,24.75,300,,,
2001-04-16 00:00:00,RECK-N-000,24,100,,,
2001-04-17 00:00:00,RECK-N-000,24,100,,,
2001-04-18 00:00:00,RECK-N-000,22,1500,,,
2001-04-23 00:00:00,RECK-N-000,23,600,,,
2001-04-26 00:00:00,RECK-N-000,22.75,200,,,
2001-05-11 00:00:00,RECK-N-000,23,300,,,
2001-05-16 00:00:00,RECK-N-000,24,100,,,
2001-05-17 00:00:00,RECK-N-000,24,100,,,
2001-05-28 00:00:00,RECK-N-000,25,100,,,
2001-06-06 00:00:00,RECK-N-000,24,400,,,
2001-06-12 00:00:00,RECK-N-000,24,2000,,,
2001-06-13 00:00:00,RECK-N-000,22,100,,,
2001-06-20 00:00:00,RECK-N-000,22,500,,,
2001-06-26 00:00:00,RECK-N-000,22.5,100,,,
2001-06-28 00:00:00,RECK-N-000,24,400,,,
2001-06-29 00:00:00,RECK-N-000,24,100,,,
2001-07-04 00:00:00,RECK-N-000,23,500,,,
2001-07-23 00:00:00,RECK-N-000,22.5,500,,,
2001-07-24 00:00:00,RECK-N-000,22.75,100,,,
2001-07-30 00:00:00,RECK-N-000,23,100,,,
2001-08-08 00:00:00,RECK-N-000,23,200,,,
2001-08-14 00:00:00,RECK-N-000,21.5,400,,,
2001-08-16 00:00:00,RECK-N-000,21,400,,,
2001-09-03 00:00:00,RECK-N-000,22.25,12200,,,
2001-09-04 00:00:00,RECK-N-000,23,11000,,,
2001-09-19 00:00:00,RECK-N-000,22.75,1100,,,
2001-10-04 00:00:00,RECK-N-000,22.75,300,,,
2001-10-05 00:00:00,RECK-N-000,22.75,900,,,
2001-10-08 00:00:00,RECK-N-000,22.75,200,,,
2001-10-09 00:00:00,RECK-N-000,22.75,500,,,
2001-10-11 00:00:00,RECK-N-000,25,400,,,
2001-10-12 00:00:00,RECK-N-000,25,6500,,,
2001-10-15 00:00:00,RECK-N-000,25,8400,,,
2001-10-16 00:00:00,RECK-N-000,25,600,,,
2001-10-17 00:00:00,RECK-N-000,25,10100,,,
2001-10-19 00:00:00,RECK-N-000,24.75,200,,,
2001-10-22 00:00:00,RECK-N-000,25,7300,,,
2001-10-23 00:00:00,RECK-N-000,25,10100,,,
2001-10-24 00:00:00,RECK-N-000,25,25100,,,
2001-10-25 00:00:00,RECK-N-000,25,1100,,,
2001-10-29 00:00:00,RECK-N-000,25.25,100,,,
2001-11-02 00:00:00,RECK-N-000,25.25,1000,,,
2001-11-06 00:00:00,RECK-N-000,25,5000,,,
2001-11-07 00:00:00,RECK-N-000,25,300,,,
2001-11-09 00:00:00,RECK-N-000,25,100,,,
2001-11-12 00:00:00,RECK-N-000,25,14600,,,
2001-11-14 00:00:00,RECK-N-000,25.75,2000,,,
2001-11-15 00:00:00,RECK-N-000,25.75,600,,,
2001-11-16 00:00:00,RECK-N-000,30,18700,,,
2001-11-19 00:00:00,RECK-N-000,26,300,,,
2001-11-20 00:00:00,RECK-N-000,27.25,6500,,,
2001-11-21 00:00:00,RECK-N-000,27,2000,,,
2001-11-22 00:00:00,RECK-N-000,27.5,1000,,,
2001-11-23 00:00:00,RECK-N-000,27.5,400,,,
2001-11-26 00:00:00,RECK-N-000,27,6000,,,
2001-11-27 00:00:00,RECK-N-000,26,2700,,,
2001-11-28 00:00:00,RECK-N-000,27.5,3200,,,
2001-11-29 00:00:00,RECK-N-000,28,1000,,,
2001-12-03 00:00:00,RECK-N-000,27,4100,,,
2001-12-04 00:00:00,RECK-N-000,27,500,,,
2001-12-05 00:00:00,RECK-N-000,28,2600,,,
2001-12-07 00:00:00,RECK-N-000,37,329300,,,
2001-12-10 00:00:00,RECK-N-000,34.25,10400,,,
2001-12-11 00:00:00,RECK-N-000,32,3100,,,
2001-12-12 00:00:00,RECK-N-000,33.75,39600,,,
2001-12-13 00:00:00,RECK-N-000,32,700,,,
2001-12-14 00:00:00,RECK-N-000,30,13200,,,
2001-12-17 00:00:00,RECK-N-000,30,500,,,
2001-12-18 00:00:00,RECK-N-000,30,1600,,,
2001-12-19 00:00:00,RECK-N-000,32.5,1000,,,
2001-12-20 00:00:00,RECK-N-000,32.5,3100,,,
2001-12-21 00:00:00,RECK-N-000,32,1500,,,
2002-01-04 00:00:00,RECK-N-000,32,200,,,
2002-01-07 00:00:00,RECK-N-000,32,5200,,,
2002-01-08 00:00:00,RECK-N-000,30,300,,,
2002-01-11 00:00:00,RECK-N-000,30,1600,,,
2002-01-15 00:00:00,RECK-N-000,28,200,,,
2002-01-17 00:00:00,RECK-N-000,26,1100,,,
2002-01-18 00:00:00,RECK-N-000,29.75,3000,,,
2002-01-21 00:00:00,RECK-N-000,29.5,2000,,,
2002-01-22 00:00:00,RECK-N-000,29.5,300,,,
2002-01-24 00:00:00,RECK-N-000,29,1000,,,
2002-01-31 00:00:00,RECK-N-000,27,600,,,
2002-02-11 00:00:00,RECK-N-000,32,100,,,
2001-01-10 00:00:00,REG-N-0000,24.25,300,,,
2001-02-16 00:00:00,REG-N-0000,24.25,100,,,
2001-02-20 00:00:00,REG-N-0000,24.25,200,,,
2001-03-15 00:00:00,REG-N-0000,25,5000,,,
2001-03-20 00:00:00,REG-N-0000,26,3100,,,
2001-03-21 00:00:00,REG-N-0000,26,1400,,,
2001-03-28 00:00:00,REG-N-0000,26,400,,,
2001-04-04 00:00:00,REG-N-0000,26,200,,,
2001-04-05 00:00:00,REG-N-0000,27,600,,,
2001-04-06 00:00:00,REG-N-0000,27,600,,,
2001-04-09 00:00:00,REG-N-0000,27,500,,,
2001-04-18 00:00:00,REG-N-0000,25,100,,,
2001-04-23 00:00:00,REG-N-0000,25.25,100,,,
2001-04-24 00:00:00,REG-N-0000,25.25,400,,,
2001-05-11 00:00:00,REG-N-0000,25.25,100,,,
2001-05-14 00:00:00,REG-N-0000,25.25,1000,,,
2001-05-17 00:00:00,REG-N-0000,26.5,300,,,
2001-05-18 00:00:00,REG-N-0000,27.5,1100,,,
2001-05-23 00:00:00,REG-N-0000,25.25,100,,,
2001-05-28 00:00:00,REG-N-0000,25,100,,,
2001-05-29 00:00:00,REG-N-0000,25.5,1300,,,
2001-05-31 00:00:00,REG-N-0000,26,1000,,,
2001-06-04 00:00:00,REG-N-0000,26,100,,,
2001-06-12 00:00:00,REG-N-0000,26,400,,,
2001-06-14 00:00:00,REG-N-0000,26.75,200,,,
2001-06-15 00:00:00,REG-N-0000,26.5,200,,,
2001-06-19 00:00:00,REG-N-0000,27,300,,,
2001-06-29 00:00:00,REG-N-0000,28,100,,,
2001-07-03 00:00:00,REG-N-0000,28,100,,,
2001-07-06 00:00:00,REG-N-0000,27.25,100,,,
2001-07-11 00:00:00,REG-N-0000,28,700,,,
2001-07-12 00:00:00,REG-N-0000,28,400,,,
2001-07-30 00:00:00,REG-N-0000,29,100,,,
2001-08-08 00:00:00,REG-N-0000,28.75,100,,,
2001-08-15 00:00:00,REG-N-0000,26,100,,,
2001-08-16 00:00:00,REG-N-0000,26,1000,,,
2001-08-17 00:00:00,REG-N-0000,26,300,,,
2001-09-06 00:00:00,REG-N-0000,26.5,100,,,
2001-09-07 00:00:00,REG-N-0000,26.75,100,,,
2001-09-11 00:00:00,REG-N-0000,26.75,400,,,
2001-09-19 00:00:00,REG-N-0000,26,200,,,
2001-10-08 00:00:00,REG-N-0000,27,300,,,
2001-10-15 00:00:00,REG-N-0000,27.25,300,,,
2001-10-16 00:00:00,REG-N-0000,27.25,1100,,,
2001-10-26 00:00:00,REG-N-0000,27.75,100,,,
2001-11-01 00:00:00,REG-N-0000,32,400,,,
2001-11-23 00:00:00,REG-N-0000,32,300,,,
2001-11-28 00:00:00,REG-N-0000,32,5900,,,
2001-12-03 00:00:00,REG-N-0000,32.5,100,,,
2001-12-04 00:00:00,REG-N-0000,32.25,400,,,
2001-12-05 00:00:00,REG-N-0000,33,200,,,
2001-12-07 00:00:00,REG-N-0000,35,11100,,,
2001-12-10 00:00:00,REG-N-0000,42.5,12700,,,
2001-12-11 00:00:00,REG-N-0000,45,21000,,,
2001-12-12 00:00:00,REG-N-0000,38,1600,,,
2001-12-14 00:00:00,REG-N-0000,37.5,400,,,
2001-12-17 00:00:00,REG-N-0000,38,200,,,
2001-12-18 00:00:00,REG-N-0000,37.75,200,,,
2002-01-07 00:00:00,REG-N-0000,35,100,,,
2002-01-15 00:00:00,REG-N-0000,31,500,,,
2002-01-18 00:00:00,REG-N-0000,31.5,400,,,
2002-01-23 00:00:00,REG-N-0000,31,300,,,
2002-01-30 00:00:00,REG-N-0000,32,200,,,
2002-02-01 00:00:00,REG-N-0000,33,1300,,,
2002-02-05 00:00:00,REG-N-0000,33,2500,,,
2002-02-06 00:00:00,REG-N-0000,32.25,400,,,
2002-02-08 00:00:00,REG-N-0000,32.25,400,,,
2002-02-11 00:00:00,REG-N-0000,33,3000,,,
2001-01-04 00:00:00,RENU-N-000,28,100,,,
2001-01-10 00:00:00,RENU-N-000,28,600,,,
2001-01-26 00:00:00,RENU-N-000,28,200,,,
2001-02-09 00:00:00,RENU-N-000,25.25,100,,,
2001-02-16 00:00:00,RENU-N-000,25.5,2400,,,
2001-03-01 00:00:00,RENU-N-000,25.75,100,,,
2001-03-12 00:00:00,RENU-N-000,25,700,,,
2001-03-13 00:00:00,RENU-N-000,25,600,,,
2001-03-14 00:00:00,RENU-N-000,25,100,,,
2001-03-19 00:00:00,RENU-N-000,25.25,100,,,
2001-03-27 00:00:00,RENU-N-000,25.25,2400,,,
2001-03-28 00:00:00,RENU-N-000,25.75,100,,,
2001-04-18 00:00:00,RENU-N-000,28,200,,,
2001-04-27 00:00:00,RENU-N-000,22.75,700,,,
2001-05-11 00:00:00,RENU-N-000,22.5,600,,,
2001-05-14 00:00:00,RENU-N-000,22.5,1200,,,
2001-05-31 00:00:00,RENU-N-000,25.5,200,,,
2001-06-07 00:00:00,RENU-N-000,25,1600,,,
2001-06-18 00:00:00,RENU-N-000,25,10200,,,
2001-06-19 00:00:00,RENU-N-000,25,12200,,,
2001-06-20 00:00:00,RENU-N-000,26,200,,,
2001-06-21 00:00:00,RENU-N-000,25,12200,,,
2001-06-25 00:00:00,RENU-N-000,28.5,100,,,
2001-06-28 00:00:00,RENU-N-000,25,1200,,,
2001-07-03 00:00:00,RENU-N-000,25,3000,,,
2001-07-10 00:00:00,RENU-N-000,25.5,100,,,
2001-07-11 00:00:00,RENU-N-000,25.5,400,,,
2001-07-13 00:00:00,RENU-N-000,27,700,,,
2001-07-23 00:00:00,RENU-N-000,27,100,,,
2001-07-24 00:00:00,RENU-N-000,26.5,400,,,
2001-07-25 00:00:00,RENU-N-000,28,200,,,
2001-08-02 00:00:00,RENU-N-000,29,100,,,
2001-08-09 00:00:00,RENU-N-000,29.25,100,,,
2001-09-21 00:00:00,RENU-N-000,29.25,1600,,,
2001-09-25 00:00:00,RENU-N-000,29.5,2600,,,
2001-09-26 00:00:00,RENU-N-000,29.5,900,,,
2001-10-10 00:00:00,RENU-N-000,29,200,,,
2001-10-15 00:00:00,RENU-N-000,29,300,,,
2001-10-16 00:00:00,RENU-N-000,26,1400,,,
2001-10-17 00:00:00,RENU-N-000,26.25,100,,,
2001-10-23 00:00:00,RENU-N-000,29,1500,,,
2001-10-24 00:00:00,RENU-N-000,29,200,,,
2001-10-25 00:00:00,RENU-N-000,29,3000,,,
2001-10-26 00:00:00,RENU-N-000,28,3000,,,
2001-10-30 00:00:00,RENU-N-000,28,3800,,,
2001-11-21 00:00:00,RENU-N-000,29,100,,,
2001-11-22 00:00:00,RENU-N-000,30,500,,,
2001-11-23 00:00:00,RENU-N-000,32,100,,,
2001-11-26 00:00:00,RENU-N-000,32,100,,,
2001-11-27 00:00:00,RENU-N-000,32,400,,,
2001-11-29 00:00:00,RENU-N-000,30,600,,,
2001-12-04 00:00:00,RENU-N-000,32,6300,,,
2001-12-05 00:00:00,RENU-N-000,32,1000,,,
2001-12-07 00:00:00,RENU-N-000,40,700,,,
2001-12-10 00:00:00,RENU-N-000,35,300,,,
2001-12-11 00:00:00,RENU-N-000,35,17800,,,
2001-12-12 00:00:00,RENU-N-000,35,5000,,,
2001-12-13 00:00:00,RENU-N-000,32,600,,,
2001-12-17 00:00:00,RENU-N-000,32,500,,,
2001-12-20 00:00:00,RENU-N-000,28,200,,,
2002-01-03 00:00:00,RENU-N-000,30,1000,,,
2002-01-15 00:00:00,RENU-N-000,28,4800,,,
2002-01-18 00:00:00,RENU-N-000,28,300,,,
2002-01-21 00:00:00,RENU-N-000,26.5,500,,,
2002-01-23 00:00:00,RENU-N-000,28,300,,,
2002-01-24 00:00:00,RENU-N-000,30.75,100,,,
2002-01-31 00:00:00,RENU-N-000,30.25,600,,,
2002-02-07 00:00:00,RENU-N-000,31,16300,,,
2001-01-11 00:00:00,RICH-N-000,52,1700,,,
2001-01-17 00:00:00,RICH-N-000,52,500,,,
2001-01-18 00:00:00,RICH-N-000,52,2200,,,
2001-01-24 00:00:00,RICH-N-000,52,600,,,
2001-01-29 00:00:00,RICH-N-000,50,600,,,
2001-01-30 00:00:00,RICH-N-000,50,11800,,,
2001-02-06 00:00:00,RICH-N-000,50,100,,,
2001-02-09 00:00:00,RICH-N-000,50,600,,,
2001-02-15 00:00:00,RICH-N-000,50,7000,,,
2001-02-19 00:00:00,RICH-N-000,50,2000,,,
2001-02-22 00:00:00,RICH-N-000,50,700,,,
2001-02-26 00:00:00,RICH-N-000,50,3700,,,
2001-02-28 00:00:00,RICH-N-000,50.25,300,,,
2001-03-07 00:00:00,RICH-N-000,50.25,300,,,
2001-03-13 00:00:00,RICH-N-000,50,500,,,
2001-03-14 00:00:00,RICH-N-000,50,100,,,
2001-03-15 00:00:00,RICH-N-000,50,1300,,,
2001-03-21 00:00:00,RICH-N-000,50,2100,,,
2001-03-22 00:00:00,RICH-N-000,50,100,,,
2001-04-04 00:00:00,RICH-N-000,48,200,,,
2001-04-05 00:00:00,RICH-N-000,50,100,,,
2001-04-06 00:00:00,RICH-N-000,50,400,,,
2001-04-09 00:00:00,RICH-N-000,50,700,,,
2001-04-17 00:00:00,RICH-N-000,50,1400,,,
2001-04-18 00:00:00,RICH-N-000,50,100,,,
2001-04-20 00:00:00,RICH-N-000,50,200,,,
2001-04-23 00:00:00,RICH-N-000,50,500,,,
2001-04-25 00:00:00,RICH-N-000,50,5300,,,
2001-05-15 00:00:00,RICH-N-000,50.5,700,,,
2001-05-16 00:00:00,RICH-N-000,50.5,100,,,
2001-05-25 00:00:00,RICH-N-000,50,10500,,,
2001-05-31 00:00:00,RICH-N-000,50.25,200,,,
2001-06-01 00:00:00,RICH-N-000,65,707800,,,
2001-06-04 00:00:00,RICH-N-000,65,419700,,,
2001-06-06 00:00:00,RICH-N-000,65,157400,,,
2001-06-07 00:00:00,RICH-N-000,65,20800,,,
2001-06-08 00:00:00,RICH-N-000,65,5800,,,
2001-06-11 00:00:00,RICH-N-000,65,2100,,,
2001-06-12 00:00:00,RICH-N-000,65,3600,,,
2001-06-13 00:00:00,RICH-N-000,65,131400,,,
2001-06-14 00:00:00,RICH-N-000,65,4500,,,
2001-06-15 00:00:00,RICH-N-000,66,100,,,
2001-06-18 00:00:00,RICH-N-000,65,400,,,
2001-06-19 00:00:00,RICH-N-000,65,7000,,,
2001-06-20 00:00:00,RICH-N-000,65,500,,,
2001-06-21 00:00:00,RICH-N-000,68,100,,,
2001-06-26 00:00:00,RICH-N-000,65,200,,,
2001-07-06 00:00:00,RICH-N-000,65,700,,,
2001-07-11 00:00:00,RICH-N-000,65,100,,,
2001-07-12 00:00:00,RICH-N-000,65,400,,,
2001-07-17 00:00:00,RICH-N-000,65,7100,,,
2001-07-18 00:00:00,RICH-N-000,65,500,,,
2001-07-19 00:00:00,RICH-N-000,65,500,,,
2001-07-20 00:00:00,RICH-N-000,65,33600,,,
2001-07-23 00:00:00,RICH-N-000,65,1300,,,
2001-07-24 00:00:00,RICH-N-000,65,700,,,
2001-08-06 00:00:00,RICH-N-000,65,13100,,,
2001-08-10 00:00:00,RICH-N-000,65,200,,,
2001-08-13 00:00:00,RICH-N-000,65,700,,,
2001-08-16 00:00:00,RICH-N-000,64,200,,,
2001-08-20 00:00:00,RICH-N-000,62,8700,,,
2001-09-05 00:00:00,RICH-N-000,62,500,,,
2001-09-14 00:00:00,RICH-N-000,65,2300,,,
2001-09-24 00:00:00,RICH-N-000,65,5100,,,
2001-09-26 00:00:00,RICH-N-000,65,3500,,,
2001-10-12 00:00:00,RICH-N-000,80,323300,,,
2001-10-15 00:00:00,RICH-N-000,80,547800,,,
2001-10-16 00:00:00,RICH-N-000,75,728100,,,
2001-10-17 00:00:00,RICH-N-000,79,200,,,
2001-10-19 00:00:00,RICH-N-000,80,1000,,,
2001-10-23 00:00:00,RICH-N-000,81.25,200,,,
2001-10-26 00:00:00,RICH-N-000,80,500,,,
2001-10-30 00:00:00,RICH-N-000,80,100,,,
2001-11-01 00:00:00,RICH-N-000,80,100,,,
2001-11-02 00:00:00,RICH-N-000,80,700,,,
2001-11-05 00:00:00,RICH-N-000,80,2300,,,
2001-11-06 00:00:00,RICH-N-000,80,1000,,,
2001-11-08 00:00:00,RICH-N-000,80,300,,,
2001-11-13 00:00:00,RICH-N-000,80,400,,,
2001-11-14 00:00:00,RICH-N-000,80,600,,,
2001-11-15 00:00:00,RICH-N-000,80,300,,,
2001-11-22 00:00:00,RICH-N-000,81,200,,,
2001-11-26 00:00:00,RICH-N-000,85,1500,,,
2001-11-28 00:00:00,RICH-N-000,90,6700,,,
2001-11-29 00:00:00,RICH-N-000,90,4000,,,
2001-12-04 00:00:00,RICH-N-000,90,1000,,,
2001-12-07 00:00:00,RICH-N-000,110,12900,,,
2001-12-10 00:00:00,RICH-N-000,110,7400,,,
2001-12-11 00:00:00,RICH-N-000,125,9500,,,
2001-12-12 00:00:00,RICH-N-000,110,4000,,,
2001-12-28 00:00:00,RICH-N-000,107,100,,,
2001-12-31 00:00:00,RICH-N-000,107,400,,,
2002-01-04 00:00:00,RICH-N-000,107,1000,,,
2002-01-22 00:00:00,RICH-N-000,107,6900,,,
2002-01-24 00:00:00,RICH-N-000,107,5400,,,
2001-01-10 00:00:00,REXP-N-000,15.5,112300,,,
2001-01-12 00:00:00,REXP-N-000,14,12200,,,
2001-01-23 00:00:00,REXP-N-000,15.5,3100,,,
2001-01-24 00:00:00,REXP-N-000,15.5,100,,,
2001-01-25 00:00:00,REXP-N-000,15.5,400,,,
2001-01-26 00:00:00,REXP-N-000,15.5,400,,,
2001-01-29 00:00:00,REXP-N-000,15.75,103200,,,
2001-01-30 00:00:00,REXP-N-000,15.75,1700,,,
2001-01-31 00:00:00,REXP-N-000,15.75,300,,,
2001-02-16 00:00:00,REXP-N-000,16.5,1800,,,
2001-02-26 00:00:00,REXP-N-000,16.5,200,,,
2001-03-06 00:00:00,REXP-N-000,16.5,200,,,
2001-03-07 00:00:00,REXP-N-000,16.5,109300,,,
2001-03-21 00:00:00,REXP-N-000,16.5,500,,,
2001-03-22 00:00:00,REXP-N-000,16.5,300,,,
2001-03-23 00:00:00,REXP-N-000,16.25,100,,,
2001-03-28 00:00:00,REXP-N-000,16.5,400,,,
2001-05-09 00:00:00,REXP-N-000,15,100,,,
2001-05-10 00:00:00,REXP-N-000,14.75,100,,,
2001-05-11 00:00:00,REXP-N-000,20,394900,,,
2001-05-14 00:00:00,REXP-N-000,22.5,1818000,,,
2001-07-04 00:00:00,REXP-N-000,20,100,,,
2001-07-09 00:00:00,REXP-N-000,15,100,,,
2001-07-19 00:00:00,REXP-N-000,16.5,100,,,
2001-08-07 00:00:00,REXP-N-000,16.5,600,,,
2001-08-08 00:00:00,REXP-N-000,16.5,3000,,,
2001-08-10 00:00:00,REXP-N-000,16.5,600,,,
2001-08-14 00:00:00,REXP-N-000,16.25,3000,,,
2001-08-17 00:00:00,REXP-N-000,16.25,400,,,
2001-08-21 00:00:00,REXP-N-000,16.5,3000,,,
2001-08-28 00:00:00,REXP-N-000,17,200,,,
2001-08-29 00:00:00,REXP-N-000,17.25,100,,,
2001-08-31 00:00:00,REXP-N-000,17,1000,,,
2001-09-20 00:00:00,REXP-N-000,18,100,,,
2001-09-24 00:00:00,REXP-N-000,16.75,200,,,
2001-10-11 00:00:00,REXP-N-000,17,200,,,
2001-10-12 00:00:00,REXP-N-000,18,2000,,,
2001-10-15 00:00:00,REXP-N-000,18,1000,,,
2001-10-16 00:00:00,REXP-N-000,18,2000,,,
2001-10-17 00:00:00,REXP-N-000,16,100,,,
2001-10-22 00:00:00,REXP-N-000,17,4400,,,
2001-10-23 00:00:00,REXP-N-000,19,1700,,,
2001-10-24 00:00:00,REXP-N-000,20,2200,,,
2001-10-25 00:00:00,REXP-N-000,20.25,100,,,
2001-10-30 00:00:00,REXP-N-000,20.25,1000,,,
2001-11-01 00:00:00,REXP-N-000,21.25,300,,,
2001-11-02 00:00:00,REXP-N-000,21.5,2200,,,
2001-11-13 00:00:00,REXP-N-000,21.75,200,,,
2001-11-20 00:00:00,REXP-N-000,22,300,,,
2001-11-21 00:00:00,REXP-N-000,23,3200,,,
2001-11-22 00:00:00,REXP-N-000,23,1900,,,
2001-11-23 00:00:00,REXP-N-000,22.5,300,,,
2001-11-26 00:00:00,REXP-N-000,23,400,,,
2001-11-29 00:00:00,REXP-N-000,23,100,,,
2001-12-03 00:00:00,REXP-N-000,23.5,2000,,,
2001-12-04 00:00:00,REXP-N-000,23.5,2500,,,
2001-12-05 00:00:00,REXP-N-000,24,100,,,
2001-12-07 00:00:00,REXP-N-000,28,2200,,,
2001-12-10 00:00:00,REXP-N-000,30,2100,,,
2001-12-11 00:00:00,REXP-N-000,28,100,,,
2001-12-12 00:00:00,REXP-N-000,28.5,1000,,,
2001-12-13 00:00:00,REXP-N-000,22.5,900,,,
2001-12-14 00:00:00,REXP-N-000,23.25,500,,,
2001-12-27 00:00:00,REXP-N-000,21.5,100,,,
2001-12-28 00:00:00,REXP-N-000,23.25,400,,,
2001-12-31 00:00:00,REXP-N-000,25,11200,,,
2002-01-03 00:00:00,REXP-N-000,23.5,100,,,
2002-01-08 00:00:00,REXP-N-000,23.5,500,,,
2002-01-09 00:00:00,REXP-N-000,23,2600,,,
2002-01-15 00:00:00,REXP-N-000,20,4200,,,
2002-01-16 00:00:00,REXP-N-000,20,200,,,
2002-01-18 00:00:00,REXP-N-000,20.75,200,,,
2002-01-24 00:00:00,REXP-N-000,21.5,300,,,
2002-01-30 00:00:00,REXP-N-000,21.5,500,,,
2002-02-05 00:00:00,REXP-N-000,21.5,2200,,,
2001-01-02 00:00:00,BHR-N-0000,22,300,,,
2001-01-03 00:00:00,BHR-N-0000,22.75,17000,,,
2001-01-04 00:00:00,BHR-N-0000,22.5,20600,,,
2001-01-05 00:00:00,BHR-N-0000,22.5,1600,,,
2001-01-08 00:00:00,BHR-N-0000,22.75,200,,,
2001-01-10 00:00:00,BHR-N-0000,23,2000,,,
2001-01-11 00:00:00,BHR-N-0000,22.75,100,,,
2001-01-12 00:00:00,BHR-N-0000,22.75,1000,,,
2001-01-17 00:00:00,BHR-N-0000,22.5,5000,,,
2001-01-18 00:00:00,BHR-N-0000,22.25,200,,,
2001-01-19 00:00:00,BHR-N-0000,22,5100,,,
2001-01-22 00:00:00,BHR-N-0000,22,3600,,,
2001-01-23 00:00:00,BHR-N-0000,21.5,600,,,
2001-01-25 00:00:00,BHR-N-0000,19,500,,,
2001-01-26 00:00:00,BHR-N-0000,21.5,600,,,
2001-01-30 00:00:00,BHR-N-0000,18.25,2500,,,
2001-01-31 00:00:00,BHR-N-0000,18.25,400,,,
2001-02-01 00:00:00,BHR-N-0000,18.25,15000,,,
2001-02-02 00:00:00,BHR-N-0000,18.25,13200,,,
2001-02-15 00:00:00,BHR-N-0000,18,200,,,
2001-02-16 00:00:00,BHR-N-0000,18,300,,,
2001-02-20 00:00:00,BHR-N-0000,18,200,,,
2001-02-23 00:00:00,BHR-N-0000,17.5,57000,,,
2001-03-06 00:00:00,BHR-N-0000,21,600,,,
2001-03-07 00:00:00,BHR-N-0000,20.75,500,,,
2001-03-21 00:00:00,BHR-N-0000,20,1100,,,
2001-03-27 00:00:00,BHR-N-0000,19,100,,,
2001-03-30 00:00:00,BHR-N-0000,18.25,8000,,,
2001-04-18 00:00:00,BHR-N-0000,18.5,300,,,
2001-04-19 00:00:00,BHR-N-0000,18.5,1900,,,
2001-05-09 00:00:00,BHR-N-0000,18.75,1200,,,
2001-05-16 00:00:00,BHR-N-0000,18.75,10100,,,
2001-05-17 00:00:00,BHR-N-0000,18.5,100,,,
2001-06-01 00:00:00,BHR-N-0000,18.75,1600,,,
2001-06-13 00:00:00,BHR-N-0000,20,200,,,
2001-06-14 00:00:00,BHR-N-0000,20,200,,,
2001-06-15 00:00:00,BHR-N-0000,19,900,,,
2001-06-19 00:00:00,BHR-N-0000,19,1000,,,
2001-06-21 00:00:00,BHR-N-0000,19,9200,,,
2001-06-22 00:00:00,BHR-N-0000,19,200,,,
2001-07-02 00:00:00,BHR-N-0000,19,200,,,
2001-07-03 00:00:00,BHR-N-0000,19,100,,,
2001-07-04 00:00:00,BHR-N-0000,19,300,,,
2001-07-18 00:00:00,BHR-N-0000,19,200,,,
2001-07-24 00:00:00,BHR-N-0000,19,400,,,
2001-08-02 00:00:00,BHR-N-0000,18,600,,,
2001-08-06 00:00:00,BHR-N-0000,17,2300,,,
2001-08-07 00:00:00,BHR-N-0000,17,100,,,
2001-08-10 00:00:00,BHR-N-0000,16.75,3400,,,
2001-08-13 00:00:00,BHR-N-0000,16.5,800,,,
2001-08-14 00:00:00,BHR-N-0000,14.25,2200,,,
2001-08-17 00:00:00,BHR-N-0000,12.75,200,,,
2001-08-22 00:00:00,BHR-N-0000,13.5,200,,,
2001-08-24 00:00:00,BHR-N-0000,13.75,200,,,
2001-09-21 00:00:00,BHR-N-0000,13,100,,,
2001-10-15 00:00:00,BHR-N-0000,13.5,2000,,,
2001-10-19 00:00:00,BHR-N-0000,18,100,,,
2001-11-07 00:00:00,BHR-N-0000,16,100,,,
2001-11-16 00:00:00,BHR-N-0000,16,4000,,,
2001-11-22 00:00:00,BHR-N-0000,16,200,,,
2001-11-26 00:00:00,BHR-N-0000,16,100,,,
2001-11-29 00:00:00,BHR-N-0000,17,100,,,
2001-12-14 00:00:00,BHR-N-0000,17,2000,,,
2001-12-18 00:00:00,BHR-N-0000,17,1900,,,
2001-12-21 00:00:00,BHR-N-0000,17,300,,,
2001-12-27 00:00:00,BHR-N-0000,17,200,,,
2001-12-31 00:00:00,BHR-N-0000,18,400,,,
2002-01-02 00:00:00,BHR-N-0000,18,100,,,
2002-01-18 00:00:00,BHR-N-0000,16,300,,,
2002-01-21 00:00:00,BHR-N-0000,16,500,,,
2002-01-23 00:00:00,BHR-N-0000,16,100,,,
2002-02-05 00:00:00,BHR-N-0000,15.5,100,,,
2002-02-07 00:00:00,BHR-N-0000,15.25,800,,,
2001-01-03 00:00:00,RCL-N-0000,15.5,400,,,
2001-01-04 00:00:00,RCL-N-0000,15,1000,,,
2001-01-05 00:00:00,RCL-N-0000,15,1300,,,
2001-01-08 00:00:00,RCL-N-0000,15,63100,,,
2001-01-10 00:00:00,RCL-N-0000,15,500,,,
2001-01-11 00:00:00,RCL-N-0000,15,900,,,
2001-01-12 00:00:00,RCL-N-0000,14.5,85000,,,
2001-01-16 00:00:00,RCL-N-0000,14.75,200,,,
2001-01-17 00:00:00,RCL-N-0000,15,2100,,,
2001-01-19 00:00:00,RCL-N-0000,14.75,100,,,
2001-01-23 00:00:00,RCL-N-0000,14.75,5400,,,
2001-01-24 00:00:00,RCL-N-0000,14.75,700,,,
2001-01-25 00:00:00,RCL-N-0000,14.5,5700,,,
2001-01-29 00:00:00,RCL-N-0000,14.5,400,,,
2001-01-31 00:00:00,RCL-N-0000,14.5,500,,,
2001-02-02 00:00:00,RCL-N-0000,15,2400,,,
2001-02-09 00:00:00,RCL-N-0000,14.5,2600,,,
2001-02-13 00:00:00,RCL-N-0000,15,400,,,
2001-02-14 00:00:00,RCL-N-0000,14.75,900,,,
2001-02-15 00:00:00,RCL-N-0000,15,100,,,
2001-02-16 00:00:00,RCL-N-0000,15,300,,,
2001-02-20 00:00:00,RCL-N-0000,15,2000,,,
2001-02-21 00:00:00,RCL-N-0000,15.25,2000,,,
2001-02-22 00:00:00,RCL-N-0000,15.75,1000,,,
2001-02-23 00:00:00,RCL-N-0000,15.75,500,,,
2001-02-26 00:00:00,RCL-N-0000,15.5,7000,,,
2001-02-27 00:00:00,RCL-N-0000,15.5,1000,,,
2001-02-28 00:00:00,RCL-N-0000,15.5,2200,,,
2001-03-01 00:00:00,RCL-N-0000,15.75,2100,,,
2001-03-02 00:00:00,RCL-N-0000,15.75,100,,,
2001-03-06 00:00:00,RCL-N-0000,15.75,400,,,
2001-03-07 00:00:00,RCL-N-0000,15.75,600,,,
2001-03-08 00:00:00,RCL-N-0000,16,600,,,
2001-03-12 00:00:00,RCL-N-0000,15.75,3800,,,
2001-03-13 00:00:00,RCL-N-0000,16,5400,,,
2001-03-14 00:00:00,RCL-N-0000,14.25,1100,,,
2001-03-15 00:00:00,RCL-N-0000,14.5,7000,,,
2001-03-16 00:00:00,RCL-N-0000,14.75,1500,,,
2001-03-19 00:00:00,RCL-N-0000,14.5,5000,,,
2001-03-20 00:00:00,RCL-N-0000,14.25,4100,,,
2001-03-22 00:00:00,RCL-N-0000,14.25,1500,,,
2001-03-23 00:00:00,RCL-N-0000,14.25,1600,,,
2001-03-27 00:00:00,RCL-N-0000,14,100,,,
2001-03-28 00:00:00,RCL-N-0000,14,1300,,,
2001-03-29 00:00:00,RCL-N-0000,14.25,26000,,,
2001-03-30 00:00:00,RCL-N-0000,14.25,20000,,,
2001-04-03 00:00:00,RCL-N-0000,14.25,11300,,,
2001-04-04 00:00:00,RCL-N-0000,14.25,900,,,
2001-04-05 00:00:00,RCL-N-0000,14,1000,,,
2001-04-06 00:00:00,RCL-N-0000,14,200,,,
2001-04-09 00:00:00,RCL-N-0000,14,1000,,,
2001-04-10 00:00:00,RCL-N-0000,14.25,700,,,
2001-04-16 00:00:00,RCL-N-0000,14.25,400,,,
2001-04-17 00:00:00,RCL-N-0000,14.25,500,,,
2001-04-19 00:00:00,RCL-N-0000,14.25,6400,,,
2001-04-20 00:00:00,RCL-N-0000,14.25,400,,,
2001-04-23 00:00:00,RCL-N-0000,14.25,100,,,
2001-04-24 00:00:00,RCL-N-0000,14.5,800,,,
2001-04-25 00:00:00,RCL-N-0000,14.5,1000,,,
2001-04-26 00:00:00,RCL-N-0000,14.5,5100,,,
2001-05-02 00:00:00,RCL-N-0000,14.5,100,,,
2001-05-03 00:00:00,RCL-N-0000,14.5,6300,,,
2001-05-04 00:00:00,RCL-N-0000,15,10200,,,
2001-05-09 00:00:00,RCL-N-0000,14.5,1200,,,
2001-05-10 00:00:00,RCL-N-0000,14.75,2600,,,
2001-05-11 00:00:00,RCL-N-0000,15,500,,,
2001-05-15 00:00:00,RCL-N-0000,15,1000,,,
2001-05-16 00:00:00,RCL-N-0000,15,101100,,,
2001-05-17 00:00:00,RCL-N-0000,15.25,97900,,,
2001-05-18 00:00:00,RCL-N-0000,15.75,500,,,
2001-05-21 00:00:00,RCL-N-0000,15.75,700,,,
2001-05-22 00:00:00,RCL-N-0000,16,35100,,,
2001-05-23 00:00:00,RCL-N-0000,16.5,2800,,,
2001-05-24 00:00:00,RCL-N-0000,18,550600,,,
2001-05-25 00:00:00,RCL-N-0000,16.75,6000,,,
2001-05-29 00:00:00,RCL-N-0000,16,100,,,
2001-05-30 00:00:00,RCL-N-0000,16.75,1800,,,
2001-05-31 00:00:00,RCL-N-0000,17.5,289300,,,
2001-06-01 00:00:00,RCL-N-0000,18,52700,,,
2001-06-06 00:00:00,RCL-N-0000,17.75,10600,,,
2001-06-07 00:00:00,RCL-N-0000,17.75,1500,,,
2001-06-08 00:00:00,RCL-N-0000,18,31300,,,
2001-06-11 00:00:00,RCL-N-0000,18,1100,,,
2001-06-12 00:00:00,RCL-N-0000,18,800,,,
2001-06-13 00:00:00,RCL-N-0000,18,8900,,,
2001-06-14 00:00:00,RCL-N-0000,18,2100,,,
2001-06-15 00:00:00,RCL-N-0000,18,3000,,,
2001-06-19 00:00:00,RCL-N-0000,18,209800,,,
2001-06-20 00:00:00,RCL-N-0000,19,1800,,,
2001-06-21 00:00:00,RCL-N-0000,18.5,1300,,,
2001-06-22 00:00:00,RCL-N-0000,18.25,2400,,,
2001-06-25 00:00:00,RCL-N-0000,18.25,1500,,,
2001-06-26 00:00:00,RCL-N-0000,18.25,6500,,,
2001-06-27 00:00:00,RCL-N-0000,18.5,7700,,,
2001-06-28 00:00:00,RCL-N-0000,19,502000,,,
2001-06-29 00:00:00,RCL-N-0000,19,124400,,,
2001-07-02 00:00:00,RCL-N-0000,19,1600,,,
2001-07-03 00:00:00,RCL-N-0000,19,8900,,,
2001-07-04 00:00:00,RCL-N-0000,19,1300,,,
2001-07-09 00:00:00,RCL-N-0000,19,2000,,,
2001-07-10 00:00:00,RCL-N-0000,19.25,7700,,,
2001-07-11 00:00:00,RCL-N-0000,18.5,2700,,,
2001-07-16 00:00:00,RCL-N-0000,19,6300,,,
2001-07-17 00:00:00,RCL-N-0000,19,428200,,,
2001-07-18 00:00:00,RCL-N-0000,18.5,400,,,
2001-07-19 00:00:00,RCL-N-0000,18.5,300,,,
2001-07-23 00:00:00,RCL-N-0000,19,200,,,
2001-07-26 00:00:00,RCL-N-0000,19,8000,,,
2001-07-27 00:00:00,RCL-N-0000,19,229600,,,
2001-07-30 00:00:00,RCL-N-0000,18.5,2100,,,
2001-08-06 00:00:00,RCL-N-0000,18.75,1100,,,
2001-08-07 00:00:00,RCL-N-0000,18.5,1900,,,
2001-08-08 00:00:00,RCL-N-0000,18.5,6300,,,
2001-08-09 00:00:00,RCL-N-0000,18.75,1000,,,
2001-08-10 00:00:00,RCL-N-0000,19,2500,,,
2001-08-13 00:00:00,RCL-N-0000,18.5,5200,,,
2001-08-14 00:00:00,RCL-N-0000,16.75,6000,,,
2001-08-15 00:00:00,RCL-N-0000,17.25,3900,,,
2001-08-16 00:00:00,RCL-N-0000,16,45000,,,
2001-08-17 00:00:00,RCL-N-0000,15.5,500,,,
2001-08-21 00:00:00,RCL-N-0000,15.5,700,,,
2001-08-22 00:00:00,RCL-N-0000,16.25,100,,,
2001-08-23 00:00:00,RCL-N-0000,16.5,100,,,
2001-08-24 00:00:00,RCL-N-0000,17,1000,,,
2001-08-28 00:00:00,RCL-N-0000,18,800,,,
2001-08-29 00:00:00,RCL-N-0000,18.5,2100,,,
2001-08-30 00:00:00,RCL-N-0000,18.5,2400,,,
2001-08-31 00:00:00,RCL-N-0000,18.5,2200,,,
2001-09-03 00:00:00,RCL-N-0000,17.5,1400,,,
2001-09-04 00:00:00,RCL-N-0000,17.5,400,,,
2001-09-05 00:00:00,RCL-N-0000,17.5,2300,,,
2001-09-06 00:00:00,RCL-N-0000,17.75,900,,,
2001-09-07 00:00:00,RCL-N-0000,17.75,600,,,
2001-09-14 00:00:00,RCL-N-0000,17.75,100,,,
2001-09-18 00:00:00,RCL-N-0000,17.75,500,,,
2001-09-19 00:00:00,RCL-N-0000,17.5,3900,,,
2001-09-21 00:00:00,RCL-N-0000,17.5,300,,,
2001-09-25 00:00:00,RCL-N-0000,17.5,2200,,,
2001-09-26 00:00:00,RCL-N-0000,19,88800,,,
2001-09-27 00:00:00,RCL-N-0000,19,35100,,,
2001-09-28 00:00:00,RCL-N-0000,19,121600,,,
2001-10-01 00:00:00,RCL-N-0000,19.5,3700,,,
2001-10-03 00:00:00,RCL-N-0000,19.5,2100,,,
2001-10-04 00:00:00,RCL-N-0000,19.5,4200,,,
2001-10-05 00:00:00,RCL-N-0000,19.75,2000,,,
2001-10-08 00:00:00,RCL-N-0000,19.5,7200,,,
2001-10-09 00:00:00,RCL-N-0000,19.75,9700,,,
2001-10-10 00:00:00,RCL-N-0000,20.5,77300,,,
2001-10-11 00:00:00,RCL-N-0000,20.5,40500,,,
2001-10-12 00:00:00,RCL-N-0000,20,132600,,,
2001-10-15 00:00:00,RCL-N-0000,19.75,57000,,,
2001-10-16 00:00:00,RCL-N-0000,19.75,18100,,,
2001-10-17 00:00:00,RCL-N-0000,19.5,40800,,,
2001-10-18 00:00:00,RCL-N-0000,19.75,80100,,,
2001-10-19 00:00:00,RCL-N-0000,20,110800,,,
2001-10-22 00:00:00,RCL-N-0000,21.5,76500,,,
2001-10-23 00:00:00,RCL-N-0000,21.25,50200,,,
2001-10-24 00:00:00,RCL-N-0000,21.5,117700,,,
2001-10-25 00:00:00,RCL-N-0000,21.75,67600,,,
2001-10-26 00:00:00,RCL-N-0000,21.75,10700,,,
2001-10-29 00:00:00,RCL-N-0000,21.75,16100,,,
2001-10-30 00:00:00,RCL-N-0000,21.75,19000,,,
2001-11-01 00:00:00,RCL-N-0000,21.75,5900,,,
2001-11-02 00:00:00,RCL-N-0000,21.5,61300,,,
2001-11-05 00:00:00,RCL-N-0000,22.5,35100,,,
2001-11-06 00:00:00,RCL-N-0000,22.75,73700,,,
2001-11-07 00:00:00,RCL-N-0000,23,31300,,,
2001-11-08 00:00:00,RCL-N-0000,24.5,101200,,,
2001-11-09 00:00:00,RCL-N-0000,24.75,109700,,,
2001-11-12 00:00:00,RCL-N-0000,20,81300,,,
2001-11-13 00:00:00,RCL-N-0000,20,22000,,,
2001-11-14 00:00:00,RCL-N-0000,20,146100,,,
2001-11-15 00:00:00,RCL-N-0000,20.25,38300,,,
2001-11-16 00:00:00,RCL-N-0000,20,141000,,,
2001-11-19 00:00:00,RCL-N-0000,21,515400,,,
2001-11-20 00:00:00,RCL-N-0000,21,172800,,,
2001-11-21 00:00:00,RCL-N-0000,20.25,34200,,,
2001-11-22 00:00:00,RCL-N-0000,20.5,61900,,,
2001-11-23 00:00:00,RCL-N-0000,21,336900,,,
2001-11-26 00:00:00,RCL-N-0000,18.5,62600,,,
2001-11-27 00:00:00,RCL-N-0000,19.25,1200,,,
2001-11-28 00:00:00,RCL-N-0000,25,3779500,,,
2001-11-29 00:00:00,RCL-N-0000,22.5,121900,,,
2001-12-03 00:00:00,RCL-N-0000,22,121100,,,
2001-12-04 00:00:00,RCL-N-0000,22,124600,,,
2001-12-05 00:00:00,RCL-N-0000,22.5,76900,,,
2001-12-07 00:00:00,RCL-N-0000,27.5,820100,,,
2001-12-10 00:00:00,RCL-N-0000,30,785300,,,
2001-12-11 00:00:00,RCL-N-0000,30.25,2207200,,,
2001-12-12 00:00:00,RCL-N-0000,29,544300,,,
2001-12-13 00:00:00,RCL-N-0000,26,70000,,,
2001-12-14 00:00:00,RCL-N-0000,27,70000,,,
2001-12-17 00:00:00,RCL-N-0000,27.5,123800,,,
2001-12-18 00:00:00,RCL-N-0000,17,196100,,,
2001-12-19 00:00:00,RCL-N-0000,16,36600,,,
2001-12-20 00:00:00,RCL-N-0000,17,15700,,,
2001-12-21 00:00:00,RCL-N-0000,16.75,26300,,,
2001-12-27 00:00:00,RCL-N-0000,18.5,8500,,,
2001-12-28 00:00:00,RCL-N-0000,19,49700,,,
2001-12-31 00:00:00,RCL-N-0000,19,32200,,,
2002-01-02 00:00:00,RCL-N-0000,18.75,5200,,,
2002-01-03 00:00:00,RCL-N-0000,18,4000,,,
2002-01-04 00:00:00,RCL-N-0000,17,41000,,,
2002-01-07 00:00:00,RCL-N-0000,16.75,32900,,,
2002-01-08 00:00:00,RCL-N-0000,16,43900,,,
2002-01-09 00:00:00,RCL-N-0000,16,21300,,,
2002-01-10 00:00:00,RCL-N-0000,15,130800,,,
2002-01-11 00:00:00,RCL-N-0000,15,73100,,,
2002-01-15 00:00:00,RCL-N-0000,15,56700,,,
2002-01-16 00:00:00,RCL-N-0000,15,28500,,,
2002-01-17 00:00:00,RCL-N-0000,14,28100,,,
2002-01-18 00:00:00,RCL-N-0000,14.25,20700,,,
2002-01-21 00:00:00,RCL-N-0000,14.5,15400,,,
2002-01-21 00:00:00,RCL-R-0000,2.25,400,,,
2002-01-22 00:00:00,RCL-N-0000,14,16700,,,
2002-01-22 00:00:00,RCL-R-0000,3.25,516400,,,
2002-01-23 00:00:00,RCL-N-0000,14,1600,,,
2002-01-23 00:00:00,RCL-R-0000,3,332200,,,
2002-01-24 00:00:00,RCL-N-0000,14,11000,,,
2002-01-24 00:00:00,RCL-R-0000,3,44500,,,
2002-01-25 00:00:00,RCL-N-0000,13.5,6100,,,
2002-01-25 00:00:00,RCL-R-0000,3.25,189000,,,
2002-01-29 00:00:00,RCL-N-0000,13.75,11400,,,
2002-01-30 00:00:00,RCL-N-0000,13,12700,,,
2002-01-31 00:00:00,RCL-N-0000,13,7500,,,
2002-02-01 00:00:00,RCL-N-0000,13,5300,,,
2002-02-05 00:00:00,RCL-N-0000,13.5,6800,,,
2002-02-06 00:00:00,RCL-N-0000,13.5,3200,,,
2002-02-07 00:00:00,RCL-N-0000,13.5,4000,,,
2002-02-08 00:00:00,RCL-N-0000,13.75,1800,,,
2002-02-11 00:00:00,RCL-N-0000,14,13900,,,
2001-01-04 00:00:00,RPBH-N-000,8.5,1000,,,
2001-01-05 00:00:00,RPBH-N-000,8.25,300,,,
2001-01-12 00:00:00,RPBH-N-000,8.25,700,,,
2001-01-16 00:00:00,RPBH-N-000,8.25,800,,,
2001-01-18 00:00:00,RPBH-N-000,8.25,7800,,,
2001-01-19 00:00:00,RPBH-N-000,8.25,100,,,
2001-01-22 00:00:00,RPBH-N-000,8,200,,,
2001-01-23 00:00:00,RPBH-N-000,8.25,1700,,,
2001-01-26 00:00:00,RPBH-N-000,8,3000,,,
2001-01-29 00:00:00,RPBH-N-000,8,1000,,,
2001-01-30 00:00:00,RPBH-N-000,8.5,8100,,,
2001-02-01 00:00:00,RPBH-N-000,8.5,54900,,,
2001-02-06 00:00:00,RPBH-N-000,8.5,100,,,
2001-02-08 00:00:00,RPBH-N-000,9,125100,,,
2001-02-14 00:00:00,RPBH-N-000,8.75,400,,,
2001-02-15 00:00:00,RPBH-N-000,8.75,100,,,
2001-02-16 00:00:00,RPBH-N-000,9,8000,,,
2001-02-23 00:00:00,RPBH-N-000,9,1000,,,
2001-02-28 00:00:00,RPBH-N-000,9,100,,,
2001-03-05 00:00:00,RPBH-N-000,9,43000,,,
2001-03-08 00:00:00,RPBH-N-000,10,16300,,,
2001-03-12 00:00:00,RPBH-N-000,10,700,,,
2001-03-15 00:00:00,RPBH-N-000,9.75,5000,,,
2001-03-20 00:00:00,RPBH-N-000,9,200,,,
2001-03-22 00:00:00,RPBH-N-000,9,6100,,,
2001-03-23 00:00:00,RPBH-N-000,9,2900,,,
2001-03-26 00:00:00,RPBH-N-000,9.5,2100,,,
2001-03-27 00:00:00,RPBH-N-000,9.75,52000,,,
2001-03-28 00:00:00,RPBH-N-000,9.75,33000,,,
2001-03-29 00:00:00,RPBH-N-000,9.75,13000,,,
2001-03-30 00:00:00,RPBH-N-000,10,48100,,,
2001-04-02 00:00:00,RPBH-N-000,8.5,7100,,,
2001-04-03 00:00:00,RPBH-N-000,9,6300,,,
2001-04-04 00:00:00,RPBH-N-000,8.75,14400,,,
2001-04-05 00:00:00,RPBH-N-000,8.5,15200,,,
2001-04-11 00:00:00,RPBH-N-000,9,800,,,
2001-04-16 00:00:00,RPBH-N-000,9.75,43800,,,
2001-04-25 00:00:00,RPBH-N-000,9,21000,,,
2001-04-26 00:00:00,RPBH-N-000,9,14000,,,
2001-04-27 00:00:00,RPBH-N-000,9.75,50400,,,
2001-05-04 00:00:00,RPBH-N-000,9,100,,,
2001-05-10 00:00:00,RPBH-N-000,9,15200,,,
2001-05-11 00:00:00,RPBH-N-000,9,800,,,
2001-05-17 00:00:00,RPBH-N-000,9,2700,,,
2001-05-18 00:00:00,RPBH-N-000,9,2000,,,
2001-05-21 00:00:00,RPBH-N-000,9,3500,,,
2001-05-22 00:00:00,RPBH-N-000,9,5000,,,
2001-05-23 00:00:00,RPBH-N-000,9,2000,,,
2001-05-25 00:00:00,RPBH-N-000,9,5000,,,
2001-06-01 00:00:00,RPBH-N-000,9,100,,,
2001-06-07 00:00:00,RPBH-N-000,9,15100,,,
2001-06-08 00:00:00,RPBH-N-000,9,2300,,,
2001-06-11 00:00:00,RPBH-N-000,9,400,,,
2001-06-12 00:00:00,RPBH-N-000,9,2000,,,
2001-06-13 00:00:00,RPBH-N-000,9,6100,,,
2001-06-14 00:00:00,RPBH-N-000,9,200,,,
2001-06-15 00:00:00,RPBH-N-000,9.25,37500,,,
2001-06-21 00:00:00,RPBH-N-000,9,2000,,,
2001-06-22 00:00:00,RPBH-N-000,9,8200,,,
2001-06-25 00:00:00,RPBH-N-000,9,4900,,,
2001-06-26 00:00:00,RPBH-N-000,9,1000,,,
2001-06-27 00:00:00,RPBH-N-000,9,15000,,,
2001-06-28 00:00:00,RPBH-N-000,9,100,,,
2001-07-02 00:00:00,RPBH-N-000,9,9200,,,
2001-07-03 00:00:00,RPBH-N-000,9,22400,,,
2001-07-04 00:00:00,RPBH-N-000,9,35100,,,
2001-07-06 00:00:00,RPBH-N-000,9,25100,,,
2001-07-09 00:00:00,RPBH-N-000,9,100,,,
2001-07-10 00:00:00,RPBH-N-000,9,900,,,
2001-07-11 00:00:00,RPBH-N-000,9,500,,,
2001-07-12 00:00:00,RPBH-N-000,9,1000,,,
2001-07-16 00:00:00,RPBH-N-000,9,300,,,
2001-07-18 00:00:00,RPBH-N-000,9,400,,,
2001-07-23 00:00:00,RPBH-N-000,9,400,,,
2001-07-24 00:00:00,RPBH-N-000,9,22000,,,
2001-07-26 00:00:00,RPBH-N-000,8.5,500000,,,
2001-07-27 00:00:00,RPBH-N-000,9,24700,,,
2001-08-02 00:00:00,RPBH-N-000,8.5,5000,,,
2001-08-07 00:00:00,RPBH-N-000,9,4800,,,
2001-08-13 00:00:00,RPBH-N-000,9,202700,,,
2001-08-16 00:00:00,RPBH-N-000,8.75,1200,,,
2001-08-17 00:00:00,RPBH-N-000,9,1300,,,
2001-08-21 00:00:00,RPBH-N-000,8.5,300,,,
2001-09-06 00:00:00,RPBH-N-000,7.5,100,,,
2001-09-07 00:00:00,RPBH-N-000,8.75,500200,,,
2001-09-28 00:00:00,RPBH-N-000,8.5,100,,,
2001-10-10 00:00:00,RPBH-N-000,8.5,600,,,
2001-10-11 00:00:00,RPBH-N-000,8.5,1200,,,
2001-10-23 00:00:00,RPBH-N-000,9,5000,,,
2001-10-24 00:00:00,RPBH-N-000,9,100,,,
2001-11-02 00:00:00,RPBH-N-000,9,500,,,
2001-11-05 00:00:00,RPBH-N-000,9,1900,,,
2001-11-20 00:00:00,RPBH-N-000,9,10000,,,
2001-11-28 00:00:00,RPBH-N-000,9,100,,,
2001-12-11 00:00:00,RPBH-N-000,9,9000,,,
2001-12-12 00:00:00,RPBH-N-000,9,31000,,,
2001-12-13 00:00:00,RPBH-N-000,9,32900,,,
2001-12-14 00:00:00,RPBH-N-000,9,2200,,,
2001-12-18 00:00:00,RPBH-N-000,10,400,,,
2001-12-19 00:00:00,RPBH-N-000,10,1400,,,
2001-12-20 00:00:00,RPBH-N-000,10,1000,,,
2001-12-21 00:00:00,RPBH-N-000,10,3100,,,
2001-12-27 00:00:00,RPBH-N-000,10.5,1700,,,
2002-01-02 00:00:00,RPBH-N-000,10,25200,,,
2002-01-11 00:00:00,RPBH-N-000,10,800,,,
2002-01-16 00:00:00,RPBH-N-000,8.75,700,,,
2002-01-17 00:00:00,RPBH-N-000,8,600,,,
2002-01-21 00:00:00,RPBH-N-000,8,2700,,,
2002-01-22 00:00:00,RPBH-N-000,8,25600,,,
2002-01-30 00:00:00,RPBH-N-000,9.5,2100,,,
2002-01-31 00:00:00,RPBH-N-000,9.5,600,,,
2002-02-05 00:00:00,RPBH-N-000,9.75,3800,,,
2002-02-07 00:00:00,RPBH-N-000,9.5,400,,,
2001-01-04 00:00:00,SAMP-N-000,43,200,,,
2001-01-05 00:00:00,SAMP-N-000,43,1500,,,
2001-01-08 00:00:00,SAMP-N-000,43,600,,,
2001-01-10 00:00:00,SAMP-N-000,41.5,8500,,,
2001-01-11 00:00:00,SAMP-N-000,41.75,3100,,,
2001-01-17 00:00:00,SAMP-N-000,41.5,4600,,,
2001-01-18 00:00:00,SAMP-N-000,41.5,1500,,,
2001-01-22 00:00:00,SAMP-N-000,41,800,,,
2001-01-23 00:00:00,SAMP-N-000,41,200,,,
2001-01-24 00:00:00,SAMP-N-000,41.25,1000,,,
2001-01-25 00:00:00,SAMP-N-000,41,1000,,,
2001-01-26 00:00:00,SAMP-N-000,41,300,,,
2001-01-29 00:00:00,SAMP-N-000,41.25,3800,,,
2001-01-30 00:00:00,SAMP-N-000,41,2200,,,
2001-01-31 00:00:00,SAMP-N-000,41,500,,,
2001-02-06 00:00:00,SAMP-N-000,41,300,,,
2001-02-08 00:00:00,SAMP-N-000,40,100,,,
2001-02-09 00:00:00,SAMP-N-000,40,1400,,,
2001-02-12 00:00:00,SAMP-N-000,40.5,5000,,,
2001-02-13 00:00:00,SAMP-N-000,40,2800,,,
2001-02-14 00:00:00,SAMP-N-000,40,1000,,,
2001-02-16 00:00:00,SAMP-N-000,39.5,1500,,,
2001-02-20 00:00:00,SAMP-N-000,39.5,1800,,,
2001-02-21 00:00:00,SAMP-N-000,39,1200,,,
2001-02-23 00:00:00,SAMP-N-000,38.5,200,,,
2001-02-26 00:00:00,SAMP-N-000,38.25,1600,,,
2001-02-27 00:00:00,SAMP-N-000,38.25,1600,,,
2001-03-01 00:00:00,SAMP-N-000,39.5,5400,,,
2001-03-02 00:00:00,SAMP-N-000,39.5,4300,,,
2001-03-05 00:00:00,SAMP-N-000,40,8000,,,
2001-03-06 00:00:00,SAMP-N-000,39.75,2100,,,
2001-03-07 00:00:00,SAMP-N-000,39.75,200,,,
2001-03-08 00:00:00,SAMP-N-000,40,1300,,,
2001-03-12 00:00:00,SAMP-N-000,39.5,2300,,,
2001-03-13 00:00:00,SAMP-N-000,39.75,2600,,,
2001-03-14 00:00:00,SAMP-N-000,39.5,300,,,
2001-03-15 00:00:00,SAMP-N-000,39,4700,,,
2001-03-16 00:00:00,SAMP-N-000,39,1500,,,
2001-03-19 00:00:00,SAMP-N-000,39.5,3400,,,
2001-03-20 00:00:00,SAMP-N-000,39.5,4800,,,
2001-03-21 00:00:00,SAMP-N-000,39.5,300,,,
2001-03-22 00:00:00,SAMP-N-000,39,2200,,,
2001-03-23 00:00:00,SAMP-N-000,38.5,4000,,,
2001-03-26 00:00:00,SAMP-N-000,39,2300,,,
2001-03-27 00:00:00,SAMP-N-000,39,1600,,,
2001-03-28 00:00:00,SAMP-N-000,39,1000,,,
2001-03-29 00:00:00,SAMP-N-000,39,1400,,,
2001-03-30 00:00:00,SAMP-N-000,38.5,2100,,,
2001-04-02 00:00:00,SAMP-N-000,39,5700,,,
2001-04-03 00:00:00,SAMP-N-000,39.5,300,,,
2001-04-04 00:00:00,SAMP-N-000,39,100,,,
2001-04-05 00:00:00,SAMP-N-000,39,600,,,
2001-04-06 00:00:00,SAMP-N-000,39.5,6100,,,
2001-04-09 00:00:00,SAMP-N-000,39.75,1100,,,
2001-04-10 00:00:00,SAMP-N-000,39.75,100,,,
2001-04-11 00:00:00,SAMP-N-000,39.25,5700,,,
2001-04-17 00:00:00,SAMP-N-000,39.25,400,,,
2001-04-18 00:00:00,SAMP-N-000,39.25,1000,,,
2001-04-19 00:00:00,SAMP-N-000,39,3100,,,
2001-04-20 00:00:00,SAMP-N-000,39,1900,,,
2001-04-23 00:00:00,SAMP-N-000,39,3100,,,
2001-04-25 00:00:00,SAMP-N-000,39,2500,,,
2001-04-26 00:00:00,SAMP-N-000,39.5,2300,,,
2001-04-27 00:00:00,SAMP-N-000,39,700,,,
2001-05-02 00:00:00,SAMP-N-000,39,4000,,,
2001-05-03 00:00:00,SAMP-N-000,38.75,300,,,
2001-05-04 00:00:00,SAMP-N-000,39,16900,,,
2001-05-09 00:00:00,SAMP-N-000,39,6600,,,
2001-05-10 00:00:00,SAMP-N-000,39,600,,,
2001-05-11 00:00:00,SAMP-N-000,39,1900,,,
2001-05-14 00:00:00,SAMP-N-000,37,1500,,,
2001-05-15 00:00:00,SAMP-N-000,37,24500,,,
2001-05-16 00:00:00,SAMP-N-000,37,500,,,
2001-05-18 00:00:00,SAMP-N-000,37,7600,,,
2001-05-21 00:00:00,SAMP-N-000,37,3500,,,
2001-05-22 00:00:00,SAMP-N-000,37,2500,,,
2001-05-23 00:00:00,SAMP-D-002,800,250,,,
2001-05-23 00:00:00,SAMP-N-000,37,3100,,,
2001-05-24 00:00:00,SAMP-N-000,37,2200,,,
2001-05-25 00:00:00,SAMP-N-000,36.5,100,,,
2001-05-29 00:00:00,SAMP-N-000,36.5,500,,,
2001-05-30 00:00:00,SAMP-N-000,36.75,4000,,,
2001-05-31 00:00:00,SAMP-N-000,36,2900,,,
2001-06-01 00:00:00,SAMP-N-000,36,4000,,,
2001-06-04 00:00:00,SAMP-N-000,35.5,300,,,
2001-06-07 00:00:00,SAMP-N-000,35,2100,,,
2001-06-08 00:00:00,SAMP-N-000,36,4300,,,
2001-06-11 00:00:00,SAMP-N-000,35.25,11000,,,
2001-06-12 00:00:00,SAMP-N-000,36.75,91600,,,
2001-06-13 00:00:00,SAMP-N-000,35,16300,,,
2001-06-18 00:00:00,SAMP-N-000,35,100,,,
2001-06-19 00:00:00,SAMP-N-000,35,3900,,,
2001-06-21 00:00:00,SAMP-N-000,37,5600,,,
2001-06-22 00:00:00,SAMP-N-000,38,1800,,,
2001-06-25 00:00:00,SAMP-N-000,38,200,,,
2001-06-26 00:00:00,SAMP-N-000,37.25,200,,,
2001-06-28 00:00:00,SAMP-N-000,35.25,300,,,
2001-06-29 00:00:00,SAMP-N-000,35.25,1300,,,
2001-07-04 00:00:00,SAMP-N-000,37,900,,,
2001-07-06 00:00:00,SAMP-D-002,900,40,,,
2001-07-09 00:00:00,SAMP-N-000,37,100,,,
2001-07-10 00:00:00,SAMP-N-000,36.5,2500,,,
2001-07-11 00:00:00,SAMP-N-000,35.25,7300,,,
2001-07-12 00:00:00,SAMP-N-000,35.25,100,,,
2001-07-17 00:00:00,SAMP-N-000,35,20100,,,
2001-07-18 00:00:00,SAMP-N-000,35.25,1100,,,
2001-07-20 00:00:00,SAMP-N-000,36.25,25300,,,
2001-07-23 00:00:00,SAMP-N-000,36,10000,,,
2001-07-24 00:00:00,SAMP-N-000,36,900,,,
2001-07-25 00:00:00,SAMP-N-000,35.25,20500,,,
2001-07-26 00:00:00,SAMP-N-000,36,1200,,,
2001-07-27 00:00:00,SAMP-N-000,36,600,,,
2001-07-30 00:00:00,SAMP-N-000,36,2700,,,
2001-07-31 00:00:00,SAMP-N-000,36,300,,,
2001-08-01 00:00:00,SAMP-N-000,36,7100,,,
2001-08-06 00:00:00,SAMP-D-002,900,100,,,
2001-08-07 00:00:00,SAMP-N-000,36,2600,,,
2001-08-09 00:00:00,SAMP-N-000,35.5,1400,,,
2001-08-10 00:00:00,SAMP-N-000,35,3300,,,
2001-08-13 00:00:00,SAMP-N-000,35,1400,,,
2001-08-14 00:00:00,SAMP-N-000,34.5,7300,,,
2001-08-15 00:00:00,SAMP-N-000,34,2400,,,
2001-08-16 00:00:00,SAMP-N-000,32.5,1100,,,
2001-08-17 00:00:00,SAMP-N-000,32.5,800,,,
2001-08-20 00:00:00,SAMP-N-000,33,79900,,,
2001-08-21 00:00:00,SAMP-N-000,33,5400,,,
2001-08-22 00:00:00,SAMP-N-000,33.25,81100,,,
2001-08-24 00:00:00,SAMP-N-000,34.5,100,,,
2001-08-28 00:00:00,SAMP-N-000,35,100,,,
2001-08-29 00:00:00,SAMP-N-000,40,100,,,
2001-08-31 00:00:00,SAMP-N-000,40,10500,,,
2001-09-03 00:00:00,SAMP-N-000,38,4000,,,
2001-09-04 00:00:00,SAMP-N-000,38,3300,,,
2001-09-05 00:00:00,SAMP-N-000,38,11900,,,
2001-09-06 00:00:00,SAMP-N-000,38,3800,,,
2001-09-07 00:00:00,SAMP-N-000,38,3000,,,
2001-09-10 00:00:00,SAMP-N-000,38,2000,,,
2001-09-12 00:00:00,SAMP-N-000,38,4300,,,
2001-09-13 00:00:00,SAMP-N-000,38,5200,,,
2001-09-17 00:00:00,SAMP-N-000,37,20500,,,
2001-09-19 00:00:00,SAMP-N-000,36,2200,,,
2001-09-20 00:00:00,SAMP-D-002,870,30,,,
2001-09-20 00:00:00,SAMP-N-000,36,1000,,,
2001-09-21 00:00:00,SAMP-N-000,36,200,,,
2001-09-24 00:00:00,SAMP-N-000,36,2600,,,
2001-09-26 00:00:00,SAMP-N-000,36.25,3900,,,
2001-10-01 00:00:00,SAMP-N-000,36.25,500,,,
2001-10-04 00:00:00,SAMP-N-000,37,700,,,
2001-10-05 00:00:00,SAMP-N-000,37.5,200,,,
2001-10-08 00:00:00,SAMP-N-000,36.75,1700,,,
2001-10-09 00:00:00,SAMP-N-000,38,3500,,,
2001-10-10 00:00:00,SAMP-N-000,43,32800,,,
2001-10-11 00:00:00,SAMP-N-000,50,71900,,,
2001-10-12 00:00:00,SAMP-N-000,53,94200,,,
2001-10-15 00:00:00,SAMP-N-000,51.75,57500,,,
2001-10-16 00:00:00,SAMP-N-000,47.25,94800,,,
2001-10-17 00:00:00,SAMP-N-000,50,39800,,,
2001-10-18 00:00:00,SAMP-N-000,50,9600,,,
2001-10-19 00:00:00,SAMP-N-000,51.5,44800,,,
2001-10-22 00:00:00,SAMP-N-000,54.5,42700,,,
2001-10-23 00:00:00,SAMP-N-000,54.5,80400,,,
2001-10-24 00:00:00,SAMP-N-000,53,19700,,,
2001-10-25 00:00:00,SAMP-N-000,57,50300,,,
2001-10-26 00:00:00,SAMP-N-000,54.25,2242400,,,
2001-10-29 00:00:00,SAMP-N-000,54.25,12800,,,
2001-10-30 00:00:00,SAMP-N-000,54.25,9400,,,
2001-11-01 00:00:00,SAMP-N-000,55,2100,,,
2001-11-02 00:00:00,SAMP-N-000,59,1952500,,,
2001-11-07 00:00:00,SAMP-N-000,55,16000,,,
2001-11-08 00:00:00,SAMP-N-000,55,2200,,,
2001-11-09 00:00:00,SAMP-N-000,54.75,17700,,,
2001-11-12 00:00:00,SAMP-N-000,55,6100,,,
2001-11-13 00:00:00,SAMP-N-000,55,5500,,,
2001-11-14 00:00:00,SAMP-N-000,55,2600,,,
2001-11-15 00:00:00,SAMP-N-000,55,2000,,,
2001-11-16 00:00:00,SAMP-N-000,55,227000,,,
2001-11-19 00:00:00,SAMP-N-000,57,15700,,,
2001-11-20 00:00:00,SAMP-N-000,56.5,8100,,,
2001-11-21 00:00:00,SAMP-N-000,56,54200,,,
2001-11-22 00:00:00,SAMP-N-000,56,5600,,,
2001-11-23 00:00:00,SAMP-N-000,55.75,13800,,,
2001-11-26 00:00:00,SAMP-N-000,54,1400,,,
2001-11-27 00:00:00,SAMP-N-000,52.25,9200,,,
2001-11-28 00:00:00,SAMP-N-000,55.5,11300,,,
2001-11-29 00:00:00,SAMP-N-000,56,33000,,,
2001-12-03 00:00:00,SAMP-N-000,55.75,11900,,,
2001-12-04 00:00:00,SAMP-N-000,55,29000,,,
2001-12-05 00:00:00,SAMP-N-000,56.75,26800,,,
2001-12-07 00:00:00,SAMP-N-000,65.25,122400,,,
2001-12-10 00:00:00,SAMP-N-000,69,67500,,,
2001-12-11 00:00:00,SAMP-N-000,68,69200,,,
2001-12-12 00:00:00,SAMP-N-000,67,36000,,,
2001-12-13 00:00:00,SAMP-N-000,60,6900,,,
2001-12-14 00:00:00,SAMP-N-000,62.5,16700,,,
2001-12-17 00:00:00,SAMP-N-000,63,900,,,
2001-12-18 00:00:00,SAMP-N-000,63,6200,,,
2001-12-19 00:00:00,SAMP-N-000,60,34400,,,
2001-12-20 00:00:00,SAMP-N-000,62,7800,,,
2001-12-21 00:00:00,SAMP-N-000,63,1200,,,
2001-12-27 00:00:00,SAMP-N-000,65,47100,,,
2001-12-28 00:00:00,SAMP-N-000,65.5,21100,,,
2001-12-31 00:00:00,SAMP-N-000,63,44600,,,
2002-01-02 00:00:00,SAMP-N-000,62.5,11000,,,
2002-01-03 00:00:00,SAMP-N-000,62,16100,,,
2002-01-04 00:00:00,SAMP-N-000,62,7400,,,
2002-01-07 00:00:00,SAMP-N-000,60,11000,,,
2002-01-08 00:00:00,SAMP-N-000,59,2100,,,
2002-01-09 00:00:00,SAMP-N-000,58,4500,,,
2002-01-10 00:00:00,SAMP-N-000,57,300,,,
2002-01-11 00:00:00,SAMP-N-000,57,1200,,,
2002-01-15 00:00:00,SAMP-N-000,55,4800,,,
2002-01-16 00:00:00,SAMP-N-000,55,3100,,,
2002-01-17 00:00:00,SAMP-N-000,53,9800,,,
2002-01-18 00:00:00,SAMP-N-000,54,8800,,,
2002-01-21 00:00:00,SAMP-N-000,54,2900,,,
2002-01-22 00:00:00,SAMP-N-000,52,3500,,,
2002-01-23 00:00:00,SAMP-N-000,50.5,3700,,,
2002-01-24 00:00:00,SAMP-N-000,52,5700,,,
2002-01-25 00:00:00,SAMP-N-000,52,400,,,
2002-01-29 00:00:00,SAMP-N-000,51,1300,,,
2002-01-30 00:00:00,SAMP-N-000,51.25,300,,,
2002-01-31 00:00:00,SAMP-N-000,51,700,,,
2002-02-01 00:00:00,SAMP-N-000,51,600,,,
2002-02-05 00:00:00,SAMP-N-000,51,5400,,,
2002-02-07 00:00:00,SAMP-N-000,54,6500,,,
2002-02-08 00:00:00,SAMP-N-000,53,1600,,,
2002-02-11 00:00:00,SAMP-N-000,53,700,,,
2001-01-02 00:00:00,SIL-N-0000,14.5,300,,,
2001-01-24 00:00:00,SIL-N-0000,14.5,1000,,,
2001-03-16 00:00:00,SIL-N-0000,14,500,,,
2001-04-18 00:00:00,SIL-N-0000,12,100,,,
2001-05-11 00:00:00,SIL-N-0000,12,200,,,
2001-05-15 00:00:00,SIL-N-0000,12,100,,,
2001-06-06 00:00:00,SIL-N-0000,10.5,100,,,
2001-06-07 00:00:00,SIL-N-0000,10.5,200,,,
2001-06-08 00:00:00,SIL-N-0000,10.5,200,,,
2001-07-18 00:00:00,SIL-N-0000,10.75,100,,,
2001-07-19 00:00:00,SIL-N-0000,11.5,100,,,
2001-07-27 00:00:00,SIL-N-0000,12,100,,,
2001-08-15 00:00:00,SIL-N-0000,12,1800,,,
2001-08-16 00:00:00,SIL-N-0000,11.5,100,,,
2001-10-09 00:00:00,SIL-N-0000,12.5,100,,,
2001-11-22 00:00:00,SIL-N-0000,14,5000,,,
2001-12-07 00:00:00,SIL-N-0000,20,1000,,,
2001-12-11 00:00:00,SIL-N-0000,19,100,,,
2001-12-27 00:00:00,SIL-N-0000,10.25,2500,,,
2002-01-09 00:00:00,SIL-N-0000,10.25,100,,,
2002-01-16 00:00:00,SIL-N-0000,10.5,600,,,
2002-01-17 00:00:00,SIL-N-0000,10.5,100,,,
2002-01-18 00:00:00,SIL-N-0000,10.5,100,,,
2002-01-22 00:00:00,SIL-N-0000,10.75,100,,,
2002-02-08 00:00:00,SIL-N-0000,11,4300,,,
2002-02-11 00:00:00,SIL-N-0000,10.75,11300,,,
2001-01-23 00:00:00,SAMS-N-000,10,500,,,
2001-01-24 00:00:00,SAMS-N-000,10.25,100,,,
2001-01-25 00:00:00,SAMS-N-000,10.25,300,,,
2001-01-31 00:00:00,SAMS-N-000,10.5,100,,,
2001-02-08 00:00:00,SAMS-N-000,11,6300,,,
2001-02-09 00:00:00,SAMS-N-000,11.5,100,,,
2001-02-16 00:00:00,SAMS-N-000,11.5,300,,,
2001-02-21 00:00:00,SAMS-N-000,11.5,100,,,
2001-02-23 00:00:00,SAMS-N-000,12,600,,,
2001-11-20 00:00:00,SAMS-N-000,10.25,200,,,
2001-11-21 00:00:00,SAMS-N-000,10.25,1600,,,
2001-11-27 00:00:00,SAMS-N-000,10.25,300,,,
2001-11-28 00:00:00,SAMS-N-000,10.25,500,,,
2001-12-11 00:00:00,SAMS-N-000,10,100,,,
2002-01-07 00:00:00,SAMS-N-000,9.5,100,,,
2002-01-18 00:00:00,SAMS-N-000,10,6300,,,
2002-01-21 00:00:00,SAMS-N-000,11,25400,,,
2002-01-22 00:00:00,SAMS-N-000,11,2000,,,
2002-01-31 00:00:00,SAMS-N-000,11,10700,,,
2002-02-08 00:00:00,SAMS-N-000,11,500,,,
2002-02-11 00:00:00,SAMS-N-000,11,1000,,,
2001-01-02 00:00:00,SMOT-N-000,13.5,400,,,
2001-01-03 00:00:00,SMOT-N-000,13.5,200,,,
2001-01-04 00:00:00,SMOT-N-000,13.5,100,,,
2001-01-05 00:00:00,SMOT-N-000,13.5,100,,,
2001-01-08 00:00:00,SMOT-N-000,13.75,100,,,
2001-01-16 00:00:00,SMOT-N-000,13.75,100,,,
2001-01-22 00:00:00,SMOT-N-000,13.5,300,,,
2001-01-24 00:00:00,SMOT-N-000,13.5,1000,,,
2001-01-30 00:00:00,SMOT-N-000,13,200,,,
2001-02-01 00:00:00,SMOT-N-000,13,800,,,
2001-02-15 00:00:00,SMOT-N-000,13,300,,,
2001-02-16 00:00:00,SMOT-N-000,13,100,,,
2001-02-19 00:00:00,SMOT-N-000,13,200,,,
2001-02-21 00:00:00,SMOT-N-000,13,500,,,
2001-02-27 00:00:00,SMOT-N-000,13,100,,,
2001-03-16 00:00:00,SMOT-N-000,11.5,300,,,
2001-03-26 00:00:00,SMOT-N-000,12,500,,,
2001-03-27 00:00:00,SMOT-N-000,12,100,,,
2001-03-28 00:00:00,SMOT-N-000,12,400,,,
2001-03-29 00:00:00,SMOT-N-000,11.5,2900,,,
2001-04-03 00:00:00,SMOT-N-000,11.25,100,,,
2001-04-04 00:00:00,SMOT-N-000,11.25,600,,,
2001-05-02 00:00:00,SMOT-N-000,11.25,100,,,
2001-05-04 00:00:00,SMOT-N-000,11.25,200,,,
2001-05-11 00:00:00,SMOT-N-000,11.25,1600,,,
2001-05-21 00:00:00,SMOT-N-000,11,1800,,,
2001-05-22 00:00:00,SMOT-N-000,11.25,3500,,,
2001-05-24 00:00:00,SMOT-N-000,11.25,300,,,
2001-05-25 00:00:00,SMOT-N-000,11.5,1000,,,
2001-05-29 00:00:00,SMOT-N-000,11,200,,,
2001-05-31 00:00:00,SMOT-N-000,11.5,400,,,
2001-06-01 00:00:00,SMOT-N-000,11.25,1200,,,
2001-06-04 00:00:00,SMOT-N-000,11,300,,,
2001-06-07 00:00:00,SMOT-N-000,11.25,1000,,,
2001-06-11 00:00:00,SMOT-N-000,11,3000,,,
2001-06-13 00:00:00,SMOT-N-000,11.5,3200,,,
2001-06-19 00:00:00,SMOT-N-000,11.5,100,,,
2001-06-20 00:00:00,SMOT-N-000,12,1100,,,
2001-06-21 00:00:00,SMOT-N-000,12.25,5900,,,
2001-06-22 00:00:00,SMOT-N-000,12.25,100,,,
2001-06-25 00:00:00,SMOT-N-000,11.5,1000,,,
2001-06-27 00:00:00,SMOT-N-000,11.5,1500,,,
2001-07-04 00:00:00,SMOT-N-000,11.75,3000,,,
2001-07-09 00:00:00,SMOT-N-000,11.5,1100,,,
2001-07-10 00:00:00,SMOT-N-000,11.5,2600,,,
2001-07-13 00:00:00,SMOT-N-000,12,100,,,
2001-07-18 00:00:00,SMOT-N-000,12.25,7100,,,
2001-07-19 00:00:00,SMOT-N-000,12.5,19900,,,
2001-07-23 00:00:00,SMOT-N-000,11.5,400,,,
2001-07-24 00:00:00,SMOT-N-000,13.5,7400,,,
2001-07-25 00:00:00,SMOT-N-000,12.25,3200,,,
2001-07-27 00:00:00,SMOT-N-000,13.25,300,,,
2001-07-30 00:00:00,SMOT-N-000,13.5,10600,,,
2001-07-31 00:00:00,SMOT-N-000,20,376200,,,
2001-08-02 00:00:00,SMOT-N-000,16,900,,,
2001-08-06 00:00:00,SMOT-N-000,16,1900,,,
2001-08-07 00:00:00,SMOT-N-000,16,4400,,,
2001-08-09 00:00:00,SMOT-N-000,16.5,2000,,,
2001-08-10 00:00:00,SMOT-N-000,16.5,100,,,
2001-08-13 00:00:00,SMOT-N-000,16.5,6000,,,
2001-08-14 00:00:00,SMOT-N-000,16.5,4100,,,
2001-08-15 00:00:00,SMOT-N-000,16,1100,,,
2001-08-16 00:00:00,SMOT-N-000,12,1100,,,
2001-08-17 00:00:00,SMOT-N-000,20,165000,,,
2001-08-21 00:00:00,SMOT-N-000,20,20000,,,
2001-08-29 00:00:00,SMOT-N-000,20,100,,,
2001-09-18 00:00:00,SMOT-N-000,17.5,100,,,
2001-09-19 00:00:00,SMOT-N-000,17.5,200,,,
2001-10-17 00:00:00,SMOT-N-000,17.5,400,,,
2001-10-19 00:00:00,SMOT-N-000,17.5,1300,,,
2001-10-29 00:00:00,SMOT-N-000,19.5,100,,,
2001-10-30 00:00:00,SMOT-N-000,19.5,800,,,
2001-11-02 00:00:00,SMOT-N-000,19.5,200,,,
2001-11-06 00:00:00,SMOT-N-000,19.5,2100,,,
2001-11-09 00:00:00,SMOT-N-000,19,300,,,
2001-11-14 00:00:00,SMOT-N-000,19,100,,,
2001-11-16 00:00:00,SMOT-N-000,19.25,100,,,
2001-11-20 00:00:00,SMOT-N-000,19.25,100,,,
2001-11-21 00:00:00,SMOT-N-000,19,300,,,
2001-11-22 00:00:00,SMOT-N-000,19.5,600,,,
2001-11-23 00:00:00,SMOT-N-000,19.25,800,,,
2001-11-26 00:00:00,SMOT-N-000,19.5,1400,,,
2001-11-27 00:00:00,SMOT-N-000,19.5,600,,,
2001-11-29 00:00:00,SMOT-N-000,20,2000,,,
2001-12-03 00:00:00,SMOT-N-000,20,1000,,,
2001-12-04 00:00:00,SMOT-N-000,19.5,100,,,
2001-12-11 00:00:00,SMOT-N-000,20,800,,,
2001-12-13 00:00:00,SMOT-N-000,19,1900,,,
2001-12-19 00:00:00,SMOT-N-000,18,200,,,
2001-12-20 00:00:00,SMOT-N-000,20,10900,,,
2001-12-27 00:00:00,SMOT-N-000,20,1100,,,
2001-12-28 00:00:00,SMOT-N-000,20,300,,,
2001-12-31 00:00:00,SMOT-N-000,20,300,,,
2002-01-02 00:00:00,SMOT-N-000,20,1000,,,
2002-01-07 00:00:00,SMOT-N-000,20,100,,,
2002-01-08 00:00:00,SMOT-N-000,20,2600,,,
2002-01-10 00:00:00,SMOT-N-000,20,400,,,
2002-01-22 00:00:00,SMOT-N-000,20,500,,,
2002-01-24 00:00:00,SMOT-N-000,19,100,,,
2002-01-25 00:00:00,SMOT-N-000,19.5,1300,,,
2002-01-29 00:00:00,SMOT-N-000,19.5,800,,,
2002-01-31 00:00:00,SMOT-N-000,19.5,200,,,
2002-02-01 00:00:00,SMOT-N-000,20,500,,,
2001-09-21 00:00:00,SELI-N-000,120,100,,,
2001-12-12 00:00:00,SELI-N-000,132,63300,,,
2001-12-13 00:00:00,SELI-N-000,131.75,122300,,,
2001-02-01 00:00:00,SHOT-N-000,25,100,,,
2001-03-16 00:00:00,SHOT-N-000,24,100,,,
2001-04-04 00:00:00,SHOT-N-000,22,100,,,
2001-04-20 00:00:00,SHOT-X-000,10,100,,,
2001-04-23 00:00:00,SHOT-X-000,8,100,,,
2001-04-25 00:00:00,SHOT-X-000,16,11200,,,
2001-05-04 00:00:00,SHOT-X-000,10,600,,,
2001-05-09 00:00:00,SHOT-X-000,10,100,,,
2001-06-12 00:00:00,SHOT-N-000,25,1000,,,
2001-06-29 00:00:00,SHOT-X-000,15,300,,,
2001-07-02 00:00:00,SHOT-N-000,25.25,200,,,
2001-07-02 00:00:00,SHOT-X-000,15,1400,,,
2001-07-03 00:00:00,SHOT-X-000,15,100,,,
2001-07-04 00:00:00,SHOT-N-000,25,200,,,
2001-07-09 00:00:00,SHOT-X-000,15,200,,,
2001-07-11 00:00:00,SHOT-N-000,25,300,,,
2001-08-02 00:00:00,SHOT-N-000,25,400,,,
2001-08-22 00:00:00,SHOT-X-000,12,100,,,
2001-09-14 00:00:00,SHOT-X-000,10.5,200,,,
2001-10-05 00:00:00,SHOT-N-000,25,13500,,,
2001-10-05 00:00:00,SHOT-X-000,10.5,6700,,,
2001-10-08 00:00:00,SHOT-X-000,10.5,100,,,
2001-10-09 00:00:00,SHOT-N-000,26,2200,,,
2001-10-09 00:00:00,SHOT-X-000,10.5,1500,,,
2001-10-18 00:00:00,SHOT-N-000,22.5,7900,,,
2001-10-18 00:00:00,SHOT-X-000,10.5,400,,,
2001-10-25 00:00:00,SHOT-X-000,12,7200,,,
2001-10-26 00:00:00,SHOT-N-000,18,300,,,
2001-11-09 00:00:00,SHOT-X-000,12,1000,,,
2001-11-13 00:00:00,SHOT-N-000,18,200,,,
2001-11-23 00:00:00,SHOT-N-000,18.25,3200,,,
2001-11-23 00:00:00,SHOT-X-000,9,5000,,,
2001-11-29 00:00:00,SHOT-X-000,9,200,,,
2001-12-10 00:00:00,SHOT-N-000,18.25,400,,,
2001-12-17 00:00:00,SHOT-N-000,18.25,400,,,
2001-12-27 00:00:00,SHOT-N-000,19,100,,,
2002-01-03 00:00:00,SHOT-X-000,9,600,,,
2002-01-15 00:00:00,SHOT-N-000,19,100,,,
2002-01-17 00:00:00,SHOT-N-000,19,300,,,
2002-01-30 00:00:00,SHOT-X-000,9,100,,,
2002-01-31 00:00:00,SHOT-N-000,19,400,,,
2002-02-01 00:00:00,SHOT-N-000,19,100,,,
2002-02-05 00:00:00,SHOT-N-000,19,400,,,
2001-02-27 00:00:00,SLND-N-000,55,200,,,
2001-03-27 00:00:00,SLND-N-000,65,600,,,
2001-04-19 00:00:00,SLND-N-000,63,700,,,
2002-01-08 00:00:00,SLND-N-000,61,200,,,
2001-01-03 00:00:00,SEYB-D-001,82,200,,,
2001-01-04 00:00:00,SEYB-N-000,18,2200,,,
2001-01-08 00:00:00,SEYB-N-000,18,1000,,,
2001-01-10 00:00:00,SEYB-N-000,17.5,900,,,
2001-01-12 00:00:00,SEYB-N-000,17,300,,,
2001-01-16 00:00:00,SEYB-N-000,17,1700,,,
2001-01-17 00:00:00,SEYB-N-000,17,300,,,
2001-01-18 00:00:00,SEYB-N-000,16.75,600,,,
2001-01-19 00:00:00,SEYB-D-002,80,100,,,
2001-01-19 00:00:00,SEYB-N-000,16.25,2000,,,
2001-01-22 00:00:00,SEYB-N-000,16.25,1200,,,
2001-01-23 00:00:00,SEYB-N-000,16.5,1000,,,
2001-01-24 00:00:00,SEYB-N-000,16.5,4300,,,
2001-01-25 00:00:00,SEYB-N-000,16,2200,,,
2001-01-26 00:00:00,SEYB-N-000,16,600,,,
2001-01-31 00:00:00,SEYB-N-000,16,100,,,
2001-02-01 00:00:00,SEYB-N-000,16,900,,,
2001-02-06 00:00:00,SEYB-N-000,17,100,,,
2001-02-09 00:00:00,SEYB-N-000,16.75,400,,,
2001-02-12 00:00:00,SEYB-N-000,16.75,2200,,,
2001-02-14 00:00:00,SEYB-N-000,16.75,300,,,
2001-02-15 00:00:00,SEYB-N-000,16.5,100,,,
2001-02-16 00:00:00,SEYB-N-000,16.5,1200,,,
2001-02-20 00:00:00,SEYB-N-000,16.25,1000,,,
2001-02-23 00:00:00,SEYB-N-000,16.25,300,,,
2001-02-26 00:00:00,SEYB-N-000,16.5,700,,,
2001-02-27 00:00:00,SEYB-N-000,16.25,4800,,,
2001-02-28 00:00:00,SEYB-N-000,16.5,3500,,,
2001-03-01 00:00:00,SEYB-N-000,16.75,4500,,,
2001-03-02 00:00:00,SEYB-N-000,17,100,,,
2001-03-05 00:00:00,SEYB-N-000,17,400,,,
2001-03-06 00:00:00,SEYB-N-000,17,300,,,
2001-03-07 00:00:00,SEYB-N-000,17,700,,,
2001-03-13 00:00:00,SEYB-N-000,17.25,500,,,
2001-03-15 00:00:00,SEYB-N-000,17.25,2700,,,
2001-03-16 00:00:00,SEYB-N-000,17,2000,,,
2001-03-19 00:00:00,SEYB-N-000,17,800,,,
2001-03-20 00:00:00,SEYB-N-000,17,500,,,
2001-03-21 00:00:00,SEYB-N-000,17,700,,,
2001-03-22 00:00:00,SEYB-N-000,17,100,,,
2001-03-23 00:00:00,SEYB-N-000,17,4000,,,
2001-03-26 00:00:00,SEYB-D-001,77.5,1000,,,
2001-03-27 00:00:00,SEYB-N-000,17.25,800,,,
2001-03-28 00:00:00,SEYB-N-000,17.5,800,,,
2001-03-29 00:00:00,SEYB-D-001,80,1000,,,
2001-03-29 00:00:00,SEYB-N-000,17.75,100,,,
2001-03-30 00:00:00,SEYB-N-000,18,3300,,,
2001-04-02 00:00:00,SEYB-N-000,18,1700,,,
2001-04-03 00:00:00,SEYB-N-000,18,100,,,
2001-04-04 00:00:00,SEYB-N-000,18,100,,,
2001-04-05 00:00:00,SEYB-D-002,82,1000,,,
2001-04-05 00:00:00,SEYB-D-003,94.75,2500,,,
2001-04-05 00:00:00,SEYB-D-003,98,3550,,,
2001-04-05 00:00:00,SEYB-N-000,18.25,300,,,
2001-04-06 00:00:00,SEYB-N-000,18,600,,,
2001-04-17 00:00:00,SEYB-N-000,18.5,1000,,,
2001-04-18 00:00:00,SEYB-D-002,80,500,,,
2001-04-18 00:00:00,SEYB-N-000,17.5,2100,,,
2001-04-19 00:00:00,SEYB-N-000,17,1000,,,
2001-04-20 00:00:00,SEYB-N-000,17,200,,,
2001-04-23 00:00:00,SEYB-N-000,17,300,,,
2001-04-24 00:00:00,SEYB-D-002,82,500,,,
2001-04-26 00:00:00,SEYB-D-003,80,500,,,
2001-04-26 00:00:00,SEYB-N-000,15.5,1300,,,
2001-04-27 00:00:00,SEYB-D-002,82.5,250,,,
2001-04-27 00:00:00,SEYB-N-000,15.5,700,,,
2001-04-30 00:00:00,SEYB-D-001,85,100,,,
2001-04-30 00:00:00,SEYB-D-002,84,2650,,,
2001-05-04 00:00:00,SEYB-D-002,85,500,,,
2001-05-11 00:00:00,SEYB-N-000,15.5,2000,,,
2001-05-14 00:00:00,SEYB-N-000,15.5,700,,,
2001-05-15 00:00:00,SEYB-D-002,80,5000,,,
2001-05-15 00:00:00,SEYB-D-003,80,500,,,
2001-05-15 00:00:00,SEYB-N-000,15.5,1500,,,
2001-05-16 00:00:00,SEYB-D-002,83,4550,,,
2001-05-16 00:00:00,SEYB-N-000,15.5,2800,,,
2001-05-18 00:00:00,SEYB-N-000,15.5,600,,,
2001-05-21 00:00:00,SEYB-D-001,82.25,200,,,
2001-05-21 00:00:00,SEYB-N-000,15.75,2100,,,
2001-05-22 00:00:00,SEYB-N-000,15.75,600,,,
2001-05-23 00:00:00,SEYB-N-000,15.75,2900,,,
2001-05-24 00:00:00,SEYB-D-001,82.25,100,,,
2001-05-25 00:00:00,SEYB-N-000,15.75,4200,,,
2001-05-28 00:00:00,SEYB-N-000,15.5,4600,,,
2001-05-29 00:00:00,SEYB-N-000,15.5,1400,,,
2001-05-30 00:00:00,SEYB-D-001,82.25,50,,,
2001-05-30 00:00:00,SEYB-N-000,15.5,200,,,
2001-05-31 00:00:00,SEYB-D-002,78,650,,,
2001-05-31 00:00:00,SEYB-D-003,80,200,,,
2001-06-01 00:00:00,SEYB-D-002,83,500,,,
2001-06-04 00:00:00,SEYB-D-001,82.25,1200,,,
2001-06-04 00:00:00,SEYB-N-000,15.5,1000,,,
2001-06-06 00:00:00,SEYB-N-000,15.5,100,,,
2001-06-07 00:00:00,SEYB-D-001,82.25,200,,,
2001-06-07 00:00:00,SEYB-N-000,15,2500,,,
2001-06-08 00:00:00,SEYB-N-000,15,500,,,
2001-06-11 00:00:00,SEYB-D-001,82.25,2500,,,
2001-06-11 00:00:00,SEYB-D-002,80,300,,,
2001-06-11 00:00:00,SEYB-N-000,15,100,,,
2001-06-12 00:00:00,SEYB-N-000,15,4900,,,
2001-06-13 00:00:00,SEYB-N-000,15,200,,,
2001-06-14 00:00:00,SEYB-N-000,15,600,,,
2001-06-15 00:00:00,SEYB-N-000,15.5,2900,,,
2001-06-18 00:00:00,SEYB-D-002,82.5,1000,,,
2001-06-19 00:00:00,SEYB-D-001,82,6500,,,
2001-06-19 00:00:00,SEYB-N-000,15.75,1000,,,
2001-06-20 00:00:00,SEYB-D-002,82.5,5000,,,
2001-06-21 00:00:00,SEYB-D-001,82.25,2000,,,
2001-06-21 00:00:00,SEYB-D-002,82.25,4500,,,
2001-06-21 00:00:00,SEYB-N-000,16.5,4900,,,
2001-06-22 00:00:00,SEYB-N-000,16.5,7200,,,
2001-06-25 00:00:00,SEYB-D-002,81.25,100,,,
2001-06-25 00:00:00,SEYB-N-000,16,500,,,
2001-06-26 00:00:00,SEYB-N-000,16,200,,,
2001-06-27 00:00:00,SEYB-D-003,82,4000,,,
2001-06-27 00:00:00,SEYB-N-000,16,600,,,
2001-07-02 00:00:00,SEYB-D-002,85,7000,,,
2001-07-02 00:00:00,SEYB-D-003,85,1500,,,
2001-07-02 00:00:00,SEYB-D-003,85,250,,,
2001-07-03 00:00:00,SEYB-N-000,16,100,,,
2001-07-10 00:00:00,SEYB-N-000,16.5,600,,,
2001-07-11 00:00:00,SEYB-N-000,16.25,1600,,,
2001-07-12 00:00:00,SEYB-N-000,16.5,2300,,,
2001-07-16 00:00:00,SEYB-N-000,16.5,4700,,,
2001-07-19 00:00:00,SEYB-N-000,16.5,100,,,
2001-07-20 00:00:00,SEYB-D-002,85,500,,,
2001-07-30 00:00:00,SEYB-N-000,16.5,800,,,
2001-07-31 00:00:00,SEYB-N-000,15.5,71000,,,
2001-08-01 00:00:00,SEYB-D-003,85,500,,,
2001-08-02 00:00:00,SEYB-N-000,15.75,1500,,,
2001-08-08 00:00:00,SEYB-N-000,16,2000,,,
2001-08-10 00:00:00,SEYB-N-000,15,48200,,,
2001-08-14 00:00:00,SEYB-N-000,14.5,59600,,,
2001-08-15 00:00:00,SEYB-N-000,14.5,7500,,,
2001-08-16 00:00:00,SEYB-D-002,85,500,,,
2001-08-16 00:00:00,SEYB-N-000,14,2600,,,
2001-08-17 00:00:00,SEYB-N-000,14,1000,,,
2001-08-20 00:00:00,SEYB-N-000,14,200,,,
2001-08-22 00:00:00,SEYB-N-000,13.5,1900,,,
2001-08-23 00:00:00,SEYB-N-000,13.5,100,,,
2001-08-27 00:00:00,SEYB-D-004,75,750,,,
2001-08-29 00:00:00,SEYB-N-000,14,500,,,
2001-08-30 00:00:00,SEYB-D-001,85,100,,,
2001-08-30 00:00:00,SEYB-N-000,14,100,,,
2001-09-05 00:00:00,SEYB-D-002,85,3500,,,
2001-09-07 00:00:00,SEYB-D-002,85.25,2000,,,
2001-09-07 00:00:00,SEYB-N-000,14.5,500,,,
2001-09-11 00:00:00,SEYB-D-002,85.5,2500,,,
2001-09-11 00:00:00,SEYB-N-000,14.5,500,,,
2001-09-12 00:00:00,SEYB-D-002,85.75,500,,,
2001-09-13 00:00:00,SEYB-D-002,85.75,500,,,
2001-09-14 00:00:00,SEYB-N-000,14.75,200,,,
2001-09-17 00:00:00,SEYB-D-001,85,200,,,
2001-09-18 00:00:00,SEYB-N-000,14.75,200,,,
2001-09-20 00:00:00,SEYB-D-001,88,100,,,
2001-09-20 00:00:00,SEYB-N-000,14.75,1000,,,
2001-09-24 00:00:00,SEYB-N-000,14.5,800,,,
2001-09-25 00:00:00,SEYB-N-000,14.75,100,,,
2001-09-26 00:00:00,SEYB-N-000,14.75,100,,,
2001-09-27 00:00:00,SEYB-D-001,85.25,100,,,
2001-09-27 00:00:00,SEYB-N-000,14.25,600,,,
2001-09-28 00:00:00,SEYB-N-000,14.5,200,,,
2001-10-03 00:00:00,SEYB-D-001,88,500,,,
2001-10-03 00:00:00,SEYB-D-002,85.75,700,,,
2001-10-04 00:00:00,SEYB-D-002,86,100,,,
2001-10-04 00:00:00,SEYB-N-000,14.75,7800,,,
2001-10-08 00:00:00,SEYB-N-000,14.75,200,,,
2001-10-09 00:00:00,SEYB-D-002,88,1000,,,
2001-10-10 00:00:00,SEYB-N-000,15,900,,,
2001-10-11 00:00:00,SEYB-N-000,17.75,23300,,,
2001-10-12 00:00:00,SEYB-N-000,20,106200,,,
2001-10-15 00:00:00,SEYB-D-002,89.75,500,,,
2001-10-15 00:00:00,SEYB-N-000,20.5,91400,,,
2001-10-16 00:00:00,SEYB-N-000,19,2400,,,
2001-10-17 00:00:00,SEYB-D-002,89.75,5600,,,
2001-10-17 00:00:00,SEYB-D-002,86,1000,,,
2001-10-17 00:00:00,SEYB-N-000,19,9600,,,
2001-10-18 00:00:00,SEYB-N-000,19,1800,,,
2001-10-19 00:00:00,SEYB-N-000,19,2500,,,
2001-10-22 00:00:00,SEYB-D-002,86,500,,,
2001-10-22 00:00:00,SEYB-N-000,20,25700,,,
2001-10-23 00:00:00,SEYB-N-000,21,40900,,,
2001-10-24 00:00:00,SEYB-D-002,90,500,,,
2001-10-24 00:00:00,SEYB-N-000,21,16600,,,
2001-10-25 00:00:00,SEYB-D-002,89.5,500,,,
2001-10-25 00:00:00,SEYB-N-000,20,500,,,
2001-10-26 00:00:00,SEYB-N-000,20,8400,,,
2001-10-29 00:00:00,SEYB-N-000,21,16500,,,
2001-10-30 00:00:00,SEYB-N-000,20,3000,,,
2001-11-02 00:00:00,SEYB-N-000,19,1700,,,
2001-11-05 00:00:00,SEYB-D-001,86,300,,,
2001-11-05 00:00:00,SEYB-D-002,87.25,100,,,
2001-11-05 00:00:00,SEYB-N-000,19.25,28500,,,
2001-11-06 00:00:00,SEYB-N-000,19,7400,,,
2001-11-07 00:00:00,SEYB-D-001,92,450,,,
2001-11-08 00:00:00,SEYB-D-002,89,300,,,
2001-11-08 00:00:00,SEYB-N-000,19.25,80200,,,
2001-11-09 00:00:00,SEYB-N-000,19.75,17500,,,
2001-11-12 00:00:00,SEYB-D-001,92,50,,,
2001-11-12 00:00:00,SEYB-N-000,19.25,13600,,,
2001-11-13 00:00:00,SEYB-D-002,92,6500,,,
2001-11-13 00:00:00,SEYB-N-000,19.75,12800,,,
2001-11-14 00:00:00,SEYB-N-000,20.5,14100,,,
2001-11-15 00:00:00,SEYB-N-000,21.25,37000,,,
2001-11-16 00:00:00,SEYB-N-000,22,94100,,,
2001-11-19 00:00:00,SEYB-D-002,90,1000,,,
2001-11-20 00:00:00,SEYB-D-002,94,1100,,,
2001-11-20 00:00:00,SEYB-N-000,23,34700,,,
2001-11-21 00:00:00,SEYB-D-002,90,1500,,,
2001-11-21 00:00:00,SEYB-N-000,23,28700,,,
2001-11-22 00:00:00,SEYB-D-002,93.5,100,,,
2001-11-22 00:00:00,SEYB-D-002,90,1500,,,
2001-11-22 00:00:00,SEYB-N-000,23,14800,,,
2001-11-23 00:00:00,SEYB-N-000,22,1000,,,
2001-11-26 00:00:00,SEYB-N-000,22,21500,,,
2001-11-27 00:00:00,SEYB-N-000,21.5,3600,,,
2001-11-28 00:00:00,SEYB-N-000,22,3700,,,
2001-11-29 00:00:00,SEYB-N-000,22,36700,,,
2001-12-03 00:00:00,SEYB-D-002,92.25,2000,,,
2001-12-03 00:00:00,SEYB-N-000,21.5,19800,,,
2001-12-04 00:00:00,SEYB-N-000,21.25,11100,,,
2001-12-05 00:00:00,SEYB-N-000,21.25,57300,,,
2001-12-07 00:00:00,SEYB-N-000,29,197600,,,
2001-12-10 00:00:00,SEYB-N-000,30,214300,,,
2001-12-11 00:00:00,SEYB-D-001,92,2000,,,
2001-12-11 00:00:00,SEYB-N-000,29,65700,,,
2001-12-12 00:00:00,SEYB-D-002,92.25,500,,,
2001-12-12 00:00:00,SEYB-N-000,27,69600,,,
2001-12-13 00:00:00,SEYB-N-000,25,14400,,,
2001-12-14 00:00:00,SEYB-N-000,27.75,17100,,,
2001-12-17 00:00:00,SEYB-N-000,27,10900,,,
2001-12-18 00:00:00,SEYB-N-000,26,8500,,,
2001-12-19 00:00:00,SEYB-D-002,90.25,400,,,
2001-12-19 00:00:00,SEYB-N-000,23.5,3500,,,
2001-12-20 00:00:00,SEYB-N-000,24,26100,,,
2001-12-21 00:00:00,SEYB-N-000,25,7100,,,
2001-12-27 00:00:00,SEYB-N-000,25,8100,,,
2001-12-28 00:00:00,SEYB-N-000,26.5,102500,,,
2001-12-31 00:00:00,SEYB-N-000,26,359600,,,
2002-01-02 00:00:00,SEYB-D-002,90,10000,,,
2002-01-02 00:00:00,SEYB-N-000,25,107100,,,
2002-01-03 00:00:00,SEYB-D-002,90.5,2000,,,
2002-01-03 00:00:00,SEYB-N-000,25,4700,,,
2002-01-04 00:00:00,SEYB-N-000,25,7500,,,
2002-01-07 00:00:00,SEYB-N-000,23.5,13500,,,
2002-01-08 00:00:00,SEYB-N-000,25,8100,,,
2002-01-09 00:00:00,SEYB-D-001,91,1800,,,
2002-01-09 00:00:00,SEYB-D-002,92,1000,,,
2002-01-09 00:00:00,SEYB-N-000,24,600,,,
2002-01-10 00:00:00,SEYB-D-003,87,100,,,
2002-01-11 00:00:00,SEYB-D-002,92,2000,,,
2002-01-11 00:00:00,SEYB-N-000,23,3500,,,
2002-01-15 00:00:00,SEYB-D-001,91,1800,,,
2002-01-15 00:00:00,SEYB-N-000,22,10600,,,
2002-01-16 00:00:00,SEYB-N-000,21,4800,,,
2002-01-17 00:00:00,SEYB-D-001,90,1500,,,
2002-01-17 00:00:00,SEYB-N-000,20,10600,,,
2002-01-18 00:00:00,SEYB-N-000,21.75,20200,,,
2002-01-21 00:00:00,SEYB-D-001,91.5,700,,,
2002-01-21 00:00:00,SEYB-D-003,85,5000,,,
2002-01-21 00:00:00,SEYB-N-000,21.5,1300,,,
2002-01-22 00:00:00,SEYB-D-001,90,2000,,,
2002-01-22 00:00:00,SEYB-D-002,91.75,1000,,,
2002-01-22 00:00:00,SEYB-D-002,85.25,4500,,,
2002-01-22 00:00:00,SEYB-D-003,85,5250,,,
2002-01-22 00:00:00,SEYB-N-000,20,8900,,,
2002-01-23 00:00:00,SEYB-D-002,92.5,1500,,,
2002-01-23 00:00:00,SEYB-D-002,90,100,,,
2002-01-23 00:00:00,SEYB-D-003,85,50,,,
2002-01-23 00:00:00,SEYB-N-000,21,300,,,
2002-01-24 00:00:00,SEYB-D-001,90,300,,,
2002-01-24 00:00:00,SEYB-D-002,90,1000,,,
2002-01-24 00:00:00,SEYB-N-000,21,4900,,,
2002-01-25 00:00:00,SEYB-D-001,92.5,1500,,,
2002-01-25 00:00:00,SEYB-N-000,21.5,27300,,,
2002-01-29 00:00:00,SEYB-D-003,90,100,,,
2002-01-29 00:00:00,SEYB-N-000,20.5,2900,,,
2002-01-30 00:00:00,SEYB-D-002,93.75,1150,,,
2002-01-31 00:00:00,SEYB-N-000,21,5000,,,
2002-02-01 00:00:00,SEYB-D-002,90,1000,,,
2002-02-01 00:00:00,SEYB-N-000,20.5,1800,,,
2002-02-05 00:00:00,SEYB-D-002,91,6700,,,
2002-02-05 00:00:00,SEYB-N-000,20.25,11300,,,
2002-02-06 00:00:00,SEYB-D-002,91,3000,,,
2002-02-06 00:00:00,SEYB-N-000,20.5,11600,,,
2002-02-07 00:00:00,SEYB-D-001,90.5,1200,,,
2002-02-07 00:00:00,SEYB-D-003,80,1300,,,
2002-02-07 00:00:00,SEYB-D-004,80,10000,,,
2002-02-07 00:00:00,SEYB-N-000,20.5,100,,,
2002-02-08 00:00:00,SEYB-N-000,20.5,2500,,,
2002-02-11 00:00:00,SEYB-N-000,20.5,2200,,,
2001-01-04 00:00:00,SEMB-N-000,3,200,,,
2001-01-05 00:00:00,SEMB-N-000,3,7000,,,
2001-01-08 00:00:00,SEMB-N-000,3,500,,,
2001-01-16 00:00:00,SEMB-N-000,2.75,800,,,
2001-01-17 00:00:00,SEMB-N-000,2.75,500,,,
2001-01-18 00:00:00,SEMB-N-000,2.75,2600,,,
2001-01-19 00:00:00,SEMB-N-000,2.75,14900,,,
2001-01-22 00:00:00,SEMB-N-000,2.5,2000,,,
2001-01-25 00:00:00,SEMB-N-000,2.5,5000,,,
2001-01-29 00:00:00,SEMB-N-000,2.5,300,,,
2001-02-01 00:00:00,SEMB-N-000,2.5,5000,,,
2001-02-02 00:00:00,SEMB-N-000,2.5,100,,,
2001-02-06 00:00:00,SEMB-N-000,2.75,1100,,,
2001-02-08 00:00:00,SEMB-N-000,2.75,2000,,,
2001-02-12 00:00:00,SEMB-N-000,2.75,33000,,,
2001-02-13 00:00:00,SEMB-N-000,2.75,500,,,
2001-02-14 00:00:00,SEMB-N-000,2.75,5300,,,
2001-02-15 00:00:00,SEMB-N-000,2.75,500,,,
2001-02-16 00:00:00,SEMB-N-000,2.75,17000,,,
2001-02-19 00:00:00,SEMB-N-000,2.75,1000,,,
2001-02-20 00:00:00,SEMB-N-000,2.75,1500,,,
2001-02-21 00:00:00,SEMB-N-000,2.75,100,,,
2001-02-23 00:00:00,SEMB-N-000,2.75,200,,,
2001-02-26 00:00:00,SEMB-N-000,2.75,200,,,
2001-03-01 00:00:00,SEMB-N-000,2.75,400,,,
2001-03-02 00:00:00,SEMB-N-000,2.75,5100,,,
2001-03-05 00:00:00,SEMB-N-000,2.75,1000,,,
2001-03-07 00:00:00,SEMB-N-000,2.75,100,,,
2001-03-08 00:00:00,SEMB-N-000,2.75,100,,,
2001-03-12 00:00:00,SEMB-N-000,2.75,2000,,,
2001-03-14 00:00:00,SEMB-N-000,2.75,200,,,
2001-03-16 00:00:00,SEMB-N-000,2.75,500,,,
2001-03-20 00:00:00,SEMB-N-000,2.75,100,,,
2001-03-21 00:00:00,SEMB-N-000,2.75,500,,,
2001-03-22 00:00:00,SEMB-N-000,2.75,500,,,
2001-03-23 00:00:00,SEMB-N-000,2.75,2000,,,
2001-03-27 00:00:00,SEMB-N-000,2.75,300,,,
2001-03-29 00:00:00,SEMB-N-000,2.75,11000,,,
2001-03-30 00:00:00,SEMB-N-000,2.5,100,,,
2001-04-02 00:00:00,SEMB-N-000,2.75,600,,,
2001-04-04 00:00:00,SEMB-N-000,2.5,200,,,
2001-04-06 00:00:00,SEMB-N-000,2.75,50000,,,
2001-04-16 00:00:00,SEMB-N-000,2.75,1500,,,
2001-04-18 00:00:00,SEMB-N-000,2.5,300,,,
2001-04-19 00:00:00,SEMB-N-000,2.5,200,,,
2001-04-20 00:00:00,SEMB-N-000,2.5,100,,,
2001-04-25 00:00:00,SEMB-N-000,2.5,2400,,,
2001-04-26 00:00:00,SEMB-N-000,2.5,2600,,,
2001-04-27 00:00:00,SEMB-N-000,2.5,300,,,
2001-04-30 00:00:00,SEMB-N-000,2.25,5500,,,
2001-05-02 00:00:00,SEMB-N-000,2.25,2700,,,
2001-05-03 00:00:00,SEMB-N-000,2.25,100,,,
2001-05-04 00:00:00,SEMB-N-000,2.25,100,,,
2001-05-15 00:00:00,SEMB-N-000,2.5,100,,,
2001-05-16 00:00:00,SEMB-N-000,2.25,100,,,
2001-05-17 00:00:00,SEMB-N-000,2.25,6600,,,
2001-05-18 00:00:00,SEMB-N-000,2.5,100,,,
2001-05-22 00:00:00,SEMB-N-000,2.25,7400,,,
2001-05-28 00:00:00,SEMB-N-000,2.5,100,,,
2001-05-30 00:00:00,SEMB-N-000,2.5,600,,,
2001-06-04 00:00:00,SEMB-N-000,2.5,100,,,
2001-06-06 00:00:00,SEMB-N-000,2.5,1100,,,
2001-06-15 00:00:00,SEMB-N-000,2,4600,,,
2001-06-18 00:00:00,SEMB-N-000,2,100,,,
2001-06-19 00:00:00,SEMB-N-000,2,1100,,,
2001-06-22 00:00:00,SEMB-N-000,2.25,100,,,
2001-06-25 00:00:00,SEMB-N-000,2.25,1500,,,
2001-06-26 00:00:00,SEMB-N-000,2.25,1600,,,
2001-07-04 00:00:00,SEMB-N-000,2.25,1000,,,
2001-07-06 00:00:00,SEMB-N-000,2.25,200,,,
2001-07-09 00:00:00,SEMB-N-000,2.25,1200,,,
2001-07-10 00:00:00,SEMB-N-000,2.25,300,,,
2001-07-11 00:00:00,SEMB-N-000,2.25,1000,,,
2001-07-19 00:00:00,SEMB-N-000,2.25,2800,,,
2001-07-24 00:00:00,SEMB-N-000,1.75,2200,,,
2001-08-06 00:00:00,SEMB-N-000,1.75,2000,,,
2001-08-10 00:00:00,SEMB-N-000,2,200,,,
2001-08-13 00:00:00,SEMB-N-000,2,700,,,
2001-08-14 00:00:00,SEMB-N-000,2,100,,,
2001-08-15 00:00:00,SEMB-N-000,2,1500,,,
2001-08-16 00:00:00,SEMB-N-000,2,3300,,,
2001-08-17 00:00:00,SEMB-N-000,2,100,,,
2001-08-21 00:00:00,SEMB-N-000,2,200,,,
2001-08-30 00:00:00,SEMB-N-000,2.25,10000,,,
2001-09-11 00:00:00,SEMB-N-000,2,1400,,,
2001-09-12 00:00:00,SEMB-N-000,2,100,,,
2001-09-14 00:00:00,SEMB-N-000,2,700,,,
2001-09-24 00:00:00,SEMB-N-000,2,400,,,
2001-09-27 00:00:00,SEMB-N-000,2,600,,,
2001-10-03 00:00:00,SEMB-N-000,2,1000,,,
2001-10-04 00:00:00,SEMB-N-000,2,3700,,,
2001-10-05 00:00:00,SEMB-N-000,2,100,,,
2001-10-09 00:00:00,SEMB-N-000,2.25,3400,,,
2001-10-10 00:00:00,SEMB-N-000,2.5,500,,,
2001-10-11 00:00:00,SEMB-N-000,3,2600,,,
2001-10-12 00:00:00,SEMB-N-000,3.5,15400,,,
2001-10-15 00:00:00,SEMB-N-000,3.25,10000,,,
2001-10-16 00:00:00,SEMB-N-000,3,5000,,,
2001-10-17 00:00:00,SEMB-N-000,3,800,,,
2001-10-18 00:00:00,SEMB-N-000,3,100,,,
2001-10-23 00:00:00,SEMB-N-000,3.5,4800,,,
2001-10-24 00:00:00,SEMB-N-000,3.25,1100,,,
2001-10-25 00:00:00,SEMB-N-000,3,6400,,,
2001-10-26 00:00:00,SEMB-N-000,3,200,,,
2001-10-29 00:00:00,SEMB-N-000,3,3600,,,
2001-11-01 00:00:00,SEMB-N-000,3,3000,,,
2001-11-08 00:00:00,SEMB-N-000,3,2000,,,
2001-11-09 00:00:00,SEMB-N-000,3.25,600,,,
2001-11-12 00:00:00,SEMB-N-000,3,1500,,,
2001-11-13 00:00:00,SEMB-N-000,3,100,,,
2001-11-14 00:00:00,SEMB-N-000,3.25,1000,,,
2001-11-15 00:00:00,SEMB-N-000,4.25,32600,,,
2001-11-16 00:00:00,SEMB-N-000,5.25,121100,,,
2001-11-19 00:00:00,SEMB-N-000,5.25,13500,,,
2001-11-20 00:00:00,SEMB-N-000,5,13300,,,
2001-11-21 00:00:00,SEMB-N-000,5,3700,,,
2001-11-22 00:00:00,SEMB-N-000,5,5600,,,
2001-11-23 00:00:00,SEMB-N-000,4.75,12800,,,
2001-11-26 00:00:00,SEMB-N-000,4.5,6100,,,
2001-11-27 00:00:00,SEMB-N-000,4.25,4600,,,
2001-11-28 00:00:00,SEMB-N-000,4.5,3700,,,
2001-11-29 00:00:00,SEMB-N-000,4.5,3800,,,
2001-12-03 00:00:00,SEMB-N-000,4.75,8100,,,
2001-12-04 00:00:00,SEMB-N-000,4.5,12200,,,
2001-12-05 00:00:00,SEMB-N-000,4.75,4200,,,
2001-12-07 00:00:00,SEMB-N-000,7,15100,,,
2001-12-10 00:00:00,SEMB-N-000,7.5,12000,,,
2001-12-11 00:00:00,SEMB-N-000,7.25,29400,,,
2001-12-12 00:00:00,SEMB-N-000,6.75,9100,,,
2001-12-13 00:00:00,SEMB-N-000,5.75,1500,,,
2001-12-14 00:00:00,SEMB-N-000,5.5,5500,,,
2001-12-17 00:00:00,SEMB-N-000,5.5,100,,,
2001-12-18 00:00:00,SEMB-N-000,5.5,11200,,,
2001-12-19 00:00:00,SEMB-N-000,5.5,1000,,,
2001-12-20 00:00:00,SEMB-N-000,5.5,1200,,,
2001-12-21 00:00:00,SEMB-N-000,5.5,9500,,,
2001-12-27 00:00:00,SEMB-N-000,5.25,2500,,,
2001-12-28 00:00:00,SEMB-N-000,5.25,1900,,,
2001-12-31 00:00:00,SEMB-N-000,6,12900,,,
2002-01-02 00:00:00,SEMB-N-000,5.5,7700,,,
2002-01-03 00:00:00,SEMB-N-000,5.5,4700,,,
2002-01-07 00:00:00,SEMB-N-000,5.25,1500,,,
2002-01-08 00:00:00,SEMB-N-000,5.5,4500,,,
2002-01-09 00:00:00,SEMB-N-000,5.25,11500,,,
2002-01-10 00:00:00,SEMB-N-000,5,26600,,,
2002-01-11 00:00:00,SEMB-N-000,4.75,10700,,,
2002-01-15 00:00:00,SEMB-N-000,5,3400,,,
2002-01-16 00:00:00,SEMB-N-000,5,5000,,,
2002-01-17 00:00:00,SEMB-N-000,4.75,100,,,
2002-01-18 00:00:00,SEMB-N-000,4.75,2400,,,
2002-01-21 00:00:00,SEMB-N-000,4.75,17500,,,
2002-01-23 00:00:00,SEMB-N-000,4.75,4000,,,
2002-01-25 00:00:00,SEMB-N-000,4.75,100,,,
2002-02-08 00:00:00,SEMB-N-000,4.25,400,,,
2002-02-11 00:00:00,SEMB-N-000,4,1400,,,
2001-12-13 00:00:00,SHAL-N-000,760,515600,,,
2001-01-17 00:00:00,SHAW-N-000,45,400,,,
2001-01-26 00:00:00,SHAW-N-000,43,1900,,,
2001-01-30 00:00:00,SHAW-N-000,43,400,,,
2001-02-06 00:00:00,SHAW-N-000,43,400,,,
2001-02-20 00:00:00,SHAW-N-000,42.5,400,,,
2001-02-21 00:00:00,SHAW-N-000,42.5,5000,,,
2001-03-12 00:00:00,SHAW-N-000,43,1500,,,
2001-03-14 00:00:00,SHAW-N-000,44.5,10000,,,
2001-03-15 00:00:00,SHAW-N-000,50,1600,,,
2001-03-16 00:00:00,SHAW-N-000,46.25,200,,,
2001-03-29 00:00:00,SHAW-N-000,41.75,100,,,
2001-04-04 00:00:00,SHAW-N-000,40,100,,,
2001-04-05 00:00:00,SHAW-N-000,40,100,,,
2001-05-14 00:00:00,SHAW-N-000,41,100,,,
2001-06-04 00:00:00,SHAW-N-000,41,100,,,
2001-06-14 00:00:00,SHAW-N-000,41.25,200,,,
2001-06-27 00:00:00,SHAW-N-000,41.5,100,,,
2001-07-10 00:00:00,SHAW-N-000,45,100,,,
2001-07-17 00:00:00,SHAW-N-000,45,200,,,
2001-07-19 00:00:00,SHAW-N-000,44,2000,,,
2001-07-25 00:00:00,SHAW-N-000,43.75,13600,,,
2001-08-15 00:00:00,SHAW-N-000,41,10000,,,
2001-08-16 00:00:00,SHAW-N-000,38.25,100,,,
2001-08-20 00:00:00,SHAW-N-000,41,4300,,,
2001-09-12 00:00:00,SHAW-N-000,41,200,,,
2001-10-01 00:00:00,SHAW-N-000,43,1000,,,
2001-10-11 00:00:00,SHAW-N-000,49.5,200,,,
2001-11-16 00:00:00,SHAW-N-000,50,1100,,,
2001-11-19 00:00:00,SHAW-N-000,50,500,,,
2001-11-20 00:00:00,SHAW-N-000,50,200,,,
2001-11-28 00:00:00,SHAW-N-000,49,1000,,,
2001-12-05 00:00:00,SHAW-N-000,45,1000,,,
2001-12-07 00:00:00,SHAW-N-000,49,100,,,
2001-12-10 00:00:00,SHAW-N-000,48,5000,,,
2001-12-19 00:00:00,SHAW-N-000,42,2000,,,
2001-12-20 00:00:00,SHAW-N-000,45.75,100,,,
2001-12-31 00:00:00,SHAW-N-000,42,1100,,,
2002-01-02 00:00:00,SHAW-N-000,42,1000,,,
2002-01-15 00:00:00,SHAW-N-000,38,1000,,,
2002-01-18 00:00:00,SHAW-N-000,40,1100,,,
2002-01-21 00:00:00,SHAW-N-000,38.5,1000,,,
2002-01-25 00:00:00,SHAW-N-000,35,100,,,
2002-02-01 00:00:00,SHAW-N-000,38,2200,,,
2001-01-30 00:00:00,SIGV-N-000,44.75,100,,,
2001-04-09 00:00:00,SIGV-N-000,40,100,,,
2001-06-25 00:00:00,SIGV-N-000,39,100,,,
2001-08-15 00:00:00,SIGV-N-000,33,100,,,
2002-01-25 00:00:00,SIGV-N-000,33,100,,,
2001-02-16 00:00:00,SING-N-000,3,300,,,
2001-04-06 00:00:00,SING-N-000,3.25,15500,,,
2001-04-18 00:00:00,SING-N-000,3.5,300,,,
2001-06-20 00:00:00,SING-N-000,2.75,9900,,,
2001-01-04 00:00:00,SINS-N-000,30,2700,,,
2001-01-08 00:00:00,SINS-N-000,30.5,300,,,
2001-01-11 00:00:00,SINS-N-000,30.5,1400,,,
2001-01-18 00:00:00,SINS-N-000,30.75,500,,,
2001-01-19 00:00:00,SINS-N-000,30,12300,,,
2001-01-22 00:00:00,SINS-N-000,30,100,,,
2001-01-24 00:00:00,SINS-N-000,29.5,100,,,
2001-01-25 00:00:00,SINS-N-000,30,1000,,,
2001-01-26 00:00:00,SINS-N-000,30,4600,,,
2001-02-01 00:00:00,SINS-N-000,30,1500,,,
2001-02-08 00:00:00,SINS-N-000,29.5,200,,,
2001-02-12 00:00:00,SINS-N-000,29.5,100,,,
2001-02-20 00:00:00,SINS-N-000,29,700,,,
2001-02-22 00:00:00,SINS-N-000,27,2700,,,
2001-02-23 00:00:00,SINS-N-000,29,200,,,
2001-02-26 00:00:00,SINS-N-000,27,8700,,,
2001-02-27 00:00:00,SINS-N-000,26,78100,,,
2001-02-28 00:00:00,SINS-N-000,27,7200,,,
2001-03-01 00:00:00,SINS-N-000,27,200,,,
2001-03-02 00:00:00,SINS-N-000,27,1000,,,
2001-03-05 00:00:00,SINS-N-000,27,61500,,,
2001-03-06 00:00:00,SINS-N-000,27.5,1000,,,
2001-03-07 00:00:00,SINS-N-000,28,3200,,,
2001-03-08 00:00:00,SINS-N-000,30,1700,,,
2001-03-12 00:00:00,SINS-N-000,30,400,,,
2001-03-14 00:00:00,SINS-N-000,28,2700,,,
2001-03-15 00:00:00,SINS-N-000,27.75,100,,,
2001-03-16 00:00:00,SINS-N-000,28,500,,,
2001-03-19 00:00:00,SINS-N-000,27.5,1200,,,
2001-03-20 00:00:00,SINS-N-000,27.25,200,,,
2001-03-21 00:00:00,SINS-N-000,27.5,22200,,,
2001-03-23 00:00:00,SINS-N-000,27.25,500,,,
2001-03-26 00:00:00,SINS-N-000,27.25,100,,,
2001-03-27 00:00:00,SINS-N-000,27,200,,,
2001-03-28 00:00:00,SINS-N-000,26,2600,,,
2001-04-03 00:00:00,SINS-N-000,26.25,400,,,
2001-04-04 00:00:00,SINS-N-000,26.25,2000,,,
2001-04-05 00:00:00,SINS-N-000,28,600,,,
2001-04-06 00:00:00,SINS-N-000,27,1200,,,
2001-04-09 00:00:00,SINS-N-000,26.5,1600,,,
2001-04-11 00:00:00,SINS-N-000,27,100,,,
2001-04-16 00:00:00,SINS-N-000,26.25,400,,,
2001-04-18 00:00:00,SINS-N-000,26.25,200,,,
2001-04-23 00:00:00,SINS-N-000,26,100,,,
2001-04-26 00:00:00,SINS-N-000,26,2200,,,
2001-04-30 00:00:00,SINS-N-000,26,100,,,
2001-05-03 00:00:00,SINS-N-000,26,800,,,
2001-05-09 00:00:00,SINS-N-000,26,2700,,,
2001-05-11 00:00:00,SINS-N-000,26,800,,,
2001-05-14 00:00:00,SINS-N-000,26.5,100,,,
2001-05-16 00:00:00,SINS-N-000,27.25,2200,,,
2001-05-17 00:00:00,SINS-N-000,28,3000,,,
2001-05-18 00:00:00,SINS-N-000,27.5,1300,,,
2001-05-21 00:00:00,SINS-N-000,26,1800,,,
2001-05-29 00:00:00,SINS-N-000,25.75,600,,,
2001-05-30 00:00:00,SINS-N-000,25.75,100,,,
2001-05-31 00:00:00,SINS-N-000,25.75,200,,,
2001-06-01 00:00:00,SINS-N-000,25.5,3200,,,
2001-06-04 00:00:00,SINS-N-000,25.5,14100,,,
2001-06-06 00:00:00,SINS-N-000,25.75,100,,,
2001-06-07 00:00:00,SINS-N-000,25.75,700,,,
2001-06-08 00:00:00,SINS-N-000,25.75,400,,,
2001-06-12 00:00:00,SINS-N-000,26,2000,,,
2001-06-14 00:00:00,SINS-N-000,26,100,,,
2001-06-20 00:00:00,SINS-N-000,25.5,100,,,
2001-06-21 00:00:00,SINS-N-000,27,800,,,
2001-06-22 00:00:00,SINS-N-000,27,200,,,
2001-06-25 00:00:00,SINS-N-000,26.5,1000,,,
2001-06-26 00:00:00,SINS-N-000,26.5,900,,,
2001-06-27 00:00:00,SINS-N-000,26.5,51700,,,
2001-06-28 00:00:00,SINS-N-000,26.5,1000,,,
2001-06-29 00:00:00,SINS-N-000,27,100,,,
2001-07-02 00:00:00,SINS-N-000,27.5,500,,,
2001-07-03 00:00:00,SINS-N-000,28,200,,,
2001-07-12 00:00:00,SINS-N-000,28,200,,,
2001-07-13 00:00:00,SINS-N-000,28,1200,,,
2001-07-17 00:00:00,SINS-N-000,28.25,200,,,
2001-07-18 00:00:00,SINS-N-000,28,1300,,,
2001-07-19 00:00:00,SINS-N-000,28,100,,,
2001-07-20 00:00:00,SINS-N-000,28,400,,,
2001-07-26 00:00:00,SINS-N-000,26,3300,,,
2001-08-01 00:00:00,SINS-N-000,26.5,100,,,
2001-08-02 00:00:00,SINS-N-000,26,900,,,
2001-08-06 00:00:00,SINS-N-000,26,100,,,
2001-08-07 00:00:00,SINS-N-000,26,100,,,
2001-08-09 00:00:00,SINS-N-000,26,600,,,
2001-08-14 00:00:00,SINS-N-000,26,200,,,
2001-08-15 00:00:00,SINS-N-000,25,100,,,
2001-08-16 00:00:00,SINS-N-000,23.5,500,,,
2001-08-20 00:00:00,SINS-N-000,23.5,100,,,
2001-08-31 00:00:00,SINS-N-000,24.25,100,,,
2001-09-04 00:00:00,SINS-N-000,24,3800,,,
2001-09-06 00:00:00,SINS-N-000,24.5,200,,,
2001-09-11 00:00:00,SINS-N-000,25.75,200,,,
2001-09-12 00:00:00,SINS-N-000,25,400,,,
2001-09-14 00:00:00,SINS-N-000,25.5,200,,,
2001-09-18 00:00:00,SINS-N-000,25.5,1800,,,
2001-09-19 00:00:00,SINS-N-000,25,2000,,,
2001-09-25 00:00:00,SINS-N-000,25,100,,,
2001-10-01 00:00:00,SINS-N-000,25,1000,,,
2001-10-03 00:00:00,SINS-N-000,25,400,,,
2001-10-04 00:00:00,SINS-N-000,25,100,,,
2001-10-10 00:00:00,SINS-N-000,26,700,,,
2001-10-12 00:00:00,SINS-N-000,28,100,,,
2001-10-15 00:00:00,SINS-N-000,28,11500,,,
2001-10-16 00:00:00,SINS-N-000,27,1000,,,
2001-10-17 00:00:00,SINS-N-000,28,900,,,
2001-10-18 00:00:00,SINS-N-000,28,2000,,,
2001-10-23 00:00:00,SINS-N-000,28,1700,,,
2001-10-24 00:00:00,SINS-N-000,28,300,,,
2001-10-25 00:00:00,SINS-N-000,29,2000,,,
2001-10-26 00:00:00,SINS-N-000,28,1200,,,
2001-10-29 00:00:00,SINS-N-000,28,200,,,
2001-10-30 00:00:00,SINS-N-000,28,200,,,
2001-11-01 00:00:00,SINS-N-000,28,2800,,,
2001-11-02 00:00:00,SINS-N-000,28,200,,,
2001-11-05 00:00:00,SINS-N-000,28.25,1000,,,
2001-11-06 00:00:00,SINS-N-000,28,500,,,
2001-11-13 00:00:00,SINS-N-000,28,500,,,
2001-11-14 00:00:00,SINS-N-000,28,100,,,
2001-11-15 00:00:00,SINS-N-000,28,2000,,,
2001-11-16 00:00:00,SINS-N-000,29,700,,,
2001-11-19 00:00:00,SINS-N-000,31,1200,,,
2001-11-20 00:00:00,SINS-N-000,31,1000,,,
2001-11-21 00:00:00,SINS-N-000,31,7300,,,
2001-11-22 00:00:00,SINS-N-000,34,16800,,,
2001-11-26 00:00:00,SINS-N-000,34,1000,,,
2001-11-27 00:00:00,SINS-N-000,33.75,5700,,,
2001-11-29 00:00:00,SINS-N-000,33,1000,,,
2001-12-03 00:00:00,SINS-N-000,33.5,1100,,,
2001-12-04 00:00:00,SINS-N-000,30,500,,,
2001-12-07 00:00:00,SINS-N-000,37.75,1600,,,
2001-12-10 00:00:00,SINS-N-000,43,16900,,,
2001-12-11 00:00:00,SINS-N-000,42,2300,,,
2001-12-12 00:00:00,SINS-N-000,38,1300,,,
2001-12-13 00:00:00,SINS-N-000,35,1000,,,
2001-12-14 00:00:00,SINS-N-000,35,1200,,,
2001-12-18 00:00:00,SINS-N-000,35,1900,,,
2001-12-19 00:00:00,SINS-N-000,34,300,,,
2001-12-20 00:00:00,SINS-N-000,34,1000,,,
2001-12-21 00:00:00,SINS-N-000,34,300,,,
2001-12-27 00:00:00,SINS-N-000,34,8700,,,
2001-12-28 00:00:00,SINS-N-000,34,2400,,,
2001-12-31 00:00:00,SINS-N-000,34,2300,,,
2002-01-02 00:00:00,SINS-N-000,34.5,1600,,,
2002-01-03 00:00:00,SINS-N-000,34,100,,,
2002-01-08 00:00:00,SINS-N-000,33.5,200,,,
2002-01-09 00:00:00,SINS-N-000,33.25,500,,,
2002-01-10 00:00:00,SINS-N-000,33,100,,,
2002-01-15 00:00:00,SINS-N-000,32,1000,,,
2002-01-17 00:00:00,SINS-N-000,30,100,,,
2002-01-18 00:00:00,SINS-N-000,31,100,,,
2002-01-21 00:00:00,SINS-N-000,30.75,1200,,,
2002-01-22 00:00:00,SINS-N-000,30,1000,,,
2002-01-23 00:00:00,SINS-N-000,30,1000,,,
2002-01-24 00:00:00,SINS-N-000,29.5,1000,,,
2002-01-25 00:00:00,SINS-N-000,30,5000,,,
2002-01-30 00:00:00,SINS-N-000,30.5,1000,,,
2002-01-31 00:00:00,SINS-N-000,30.25,1400,,,
2002-02-01 00:00:00,SINS-N-000,30.25,200,,,
2002-02-05 00:00:00,SINS-N-000,31,100,,,
2002-02-06 00:00:00,SINS-N-000,31,200,,,
2002-02-08 00:00:00,SINS-N-000,31,1100,,,
2001-02-12 00:00:00,SINI-N-000,24.5,100,,,
2001-02-23 00:00:00,SINI-N-000,24.5,100,,,
2001-03-19 00:00:00,SINI-N-000,24.5,2000,,,
2001-03-27 00:00:00,SINI-N-000,24.75,100,,,
2001-04-18 00:00:00,SINI-N-000,25.25,100,,,
2001-05-11 00:00:00,SINI-N-000,25,400,,,
2001-05-14 00:00:00,SINI-N-000,23,1600,,,
2001-05-21 00:00:00,SINI-N-000,25,100,,,
2001-05-24 00:00:00,SINI-N-000,24,100,,,
2001-06-12 00:00:00,SINI-N-000,23,100,,,
2001-06-13 00:00:00,SINI-N-000,23.25,100,,,
2001-06-22 00:00:00,SINI-N-000,23.5,900,,,
2001-08-06 00:00:00,SINI-N-000,23.5,100,,,
2001-08-15 00:00:00,SINI-N-000,23.5,100,,,
2001-08-29 00:00:00,SINI-N-000,23.5,100,,,
2001-08-30 00:00:00,SINI-N-000,23.5,800,,,
2001-08-31 00:00:00,SINI-N-000,23.5,300,,,
2001-09-04 00:00:00,SINI-N-000,23.5,200,,,
2001-09-07 00:00:00,SINI-N-000,23.5,200,,,
2001-11-07 00:00:00,SINI-N-000,23,500,,,
2001-11-08 00:00:00,SINI-N-000,23,500,,,
2001-12-04 00:00:00,SINI-N-000,23,300,,,
2001-12-05 00:00:00,SINI-N-000,23,100,,,
2001-12-10 00:00:00,SINI-N-000,24,300,,,
2001-12-11 00:00:00,SINI-N-000,31,5000,,,
2001-12-31 00:00:00,SINI-N-000,31.5,200,,,
2002-01-02 00:00:00,SINI-N-000,30,300,,,
2002-01-07 00:00:00,SINI-N-000,30,1000,,,
2002-01-11 00:00:00,SINI-N-000,30,600,,,
2002-01-15 00:00:00,SINI-N-000,28,100,,,
2002-01-30 00:00:00,SINI-N-000,28,3100,,,
2002-01-31 00:00:00,SINI-N-000,29,1900,,,
2002-02-05 00:00:00,SINI-N-000,26.75,300,,,
2002-02-06 00:00:00,SINI-N-000,29,300,,,
2001-01-04 00:00:00,SOY-N-0000,7.25,300,,,
2001-06-11 00:00:00,SOY-N-0000,7,100,,,
2001-06-12 00:00:00,SOY-N-0000,6.75,1500,,,
2001-06-22 00:00:00,SOY-N-0000,6,1000,,,
2001-06-27 00:00:00,SOY-N-0000,4.5,14600,,,
2001-06-29 00:00:00,SOY-N-0000,5,100,,,
2001-07-09 00:00:00,SOY-N-0000,4.75,500,,,
2001-07-10 00:00:00,SOY-N-0000,4.5,500,,,
2001-08-01 00:00:00,SOY-N-0000,4,200,,,
2001-08-06 00:00:00,SOY-N-0000,3.75,100,,,
2001-08-09 00:00:00,SOY-N-0000,4.25,33900,,,
2001-08-14 00:00:00,SOY-N-0000,4.25,11400,,,
2001-08-17 00:00:00,SOY-N-0000,4,200,,,
2001-08-23 00:00:00,SOY-N-0000,4,200,,,
2001-09-03 00:00:00,SOY-N-0000,4,1000,,,
2001-09-04 00:00:00,SOY-N-0000,4,1000,,,
2001-09-05 00:00:00,SOY-N-0000,4,200,,,
2001-09-19 00:00:00,SOY-N-0000,4,200,,,
2001-09-25 00:00:00,SOY-N-0000,3.75,200,,,
2001-10-29 00:00:00,SOY-N-0000,5.25,2000,,,
2001-11-13 00:00:00,SOY-N-0000,4.25,100,,,
2001-11-14 00:00:00,SOY-N-0000,4.25,200,,,
2001-12-04 00:00:00,SOY-N-0000,5,100,,,
2001-12-10 00:00:00,SOY-N-0000,5,300,,,
2001-12-17 00:00:00,SOY-N-0000,5.5,50000,,,
2001-12-19 00:00:00,SOY-N-0000,5.75,100,,,
2001-12-21 00:00:00,SOY-N-0000,6,800,,,
2002-01-04 00:00:00,SOY-N-0000,6.5,1000,,,
2002-01-08 00:00:00,SOY-N-0000,6.5,1000,,,
2002-01-18 00:00:00,SOY-N-0000,5.25,200,,,
2002-01-23 00:00:00,SOY-N-0000,6,200,,,
2002-01-29 00:00:00,SOY-N-0000,6,1000,,,
2002-02-01 00:00:00,SOY-N-0000,6,400,,,
2001-02-13 00:00:00,SLTL-D-003,825,300,,,
2001-03-13 00:00:00,SLTL-D-003,845,10,,,
2001-04-26 00:00:00,SLTL-D-003,850,200,,,
2001-05-28 00:00:00,SLTL-D-003,825,1000,,,
2001-05-31 00:00:00,SLTL-D-003,850,10,,,
2001-06-01 00:00:00,SLTL-D-003,850,20,,,
2001-06-11 00:00:00,SLTL-D-003,850,450,,,
2001-08-06 00:00:00,SLTL-D-003,900,10,,,
2001-09-13 00:00:00,SLTL-D-003,900,500,,,
2001-09-13 00:00:00,SLTL-D-003,925,50,,,
2001-09-19 00:00:00,SLTL-D-003,925,1000,,,
2001-10-01 00:00:00,SLTL-D-003,910,50,,,
2001-10-01 00:00:00,SLTL-D-003,925,30,,,
2001-01-29 00:00:00,STAF-N-000,4.5,200,,,
2001-02-19 00:00:00,STAF-N-000,3.5,10000,,,
2001-03-12 00:00:00,STAF-N-000,5.25,100,,,
2001-03-22 00:00:00,STAF-N-000,3.5,100,,,
2001-03-23 00:00:00,STAF-N-000,4.25,400,,,
2001-03-27 00:00:00,STAF-N-000,4,300,,,
2001-03-28 00:00:00,STAF-N-000,4,1800,,,
2001-04-02 00:00:00,STAF-N-000,4,5000,,,
2001-04-11 00:00:00,STAF-N-000,4,48900,,,
2001-04-16 00:00:00,STAF-N-000,4.25,3000,,,
2001-04-18 00:00:00,STAF-N-000,4.25,100,,,
2001-05-02 00:00:00,STAF-N-000,4.5,2000,,,
2001-05-04 00:00:00,STAF-N-000,4.5,300,,,
2001-07-09 00:00:00,STAF-N-000,4.25,400,,,
2001-07-16 00:00:00,STAF-N-000,4.25,1000,,,
2001-07-19 00:00:00,STAF-N-000,4.25,1100,,,
2001-07-24 00:00:00,STAF-N-000,4.25,1100,,,
2001-10-15 00:00:00,STAF-N-000,4,700,,,
2001-10-23 00:00:00,STAF-N-000,6,2100,,,
2001-10-24 00:00:00,STAF-N-000,5.5,4700,,,
2001-10-25 00:00:00,STAF-N-000,6,200,,,
2001-10-26 00:00:00,STAF-N-000,6,100,,,
2001-10-30 00:00:00,STAF-N-000,5.25,25000,,,
2001-11-02 00:00:00,STAF-N-000,4.75,2000,,,
2001-11-06 00:00:00,STAF-N-000,5,200,,,
2001-11-16 00:00:00,STAF-N-000,5,6300,,,
2001-11-27 00:00:00,STAF-N-000,6,100,,,
2001-12-07 00:00:00,STAF-N-000,7.25,18600,,,
2001-12-10 00:00:00,STAF-N-000,7.75,1000,,,
2001-12-11 00:00:00,STAF-N-000,7.5,3100,,,
2001-12-12 00:00:00,STAF-N-000,7,1900,,,
2001-12-13 00:00:00,STAF-N-000,5.25,2100,,,
2001-12-14 00:00:00,STAF-N-000,5.25,3500,,,
2001-12-19 00:00:00,STAF-N-000,5.25,100,,,
2001-12-20 00:00:00,STAF-N-000,6.75,800,,,
2001-12-21 00:00:00,STAF-N-000,6.5,200,,,
2001-12-31 00:00:00,STAF-N-000,6.25,500,,,
2002-01-02 00:00:00,STAF-N-000,6,7400,,,
2002-01-08 00:00:00,STAF-N-000,5,2000,,,
2002-01-09 00:00:00,STAF-N-000,5,2000,,,
2002-01-11 00:00:00,STAF-N-000,5,2200,,,
2002-01-15 00:00:00,STAF-N-000,5,2200,,,
2002-01-17 00:00:00,STAF-N-000,5,600,,,
2002-01-23 00:00:00,STAF-N-000,5,1000,,,
2002-02-01 00:00:00,STAF-N-000,4.75,200,,,
2002-02-07 00:00:00,STAF-N-000,4.75,1400,,,
2002-02-08 00:00:00,STAF-N-000,4.5,2100,,,
2002-02-07 00:00:00,STAT-N-000,18,100,,,
2001-07-20 00:00:00,SUN-N-0000,10,100,,,
2001-09-25 00:00:00,SUN-N-0000,11,100,,,
2001-11-06 00:00:00,SUN-N-0000,10,500,,,
2001-03-05 00:00:00,SUNT-D-003,1000,6450,,,
2001-07-23 00:00:00,SUNT-D-003,900,20,,,
2001-09-27 00:00:00,SUNT-D-003,1020,500,,,
2001-10-09 00:00:00,SUNT-D-003,900,100,,,
2001-10-17 00:00:00,SUNT-D-003,1000,100,,,
2002-01-18 00:00:00,SUNT-D-003,1000,100,,,
2001-01-02 00:00:00,TAJ-N-0000,2.5,11600,,,
2001-01-03 00:00:00,TAJ-N-0000,2.75,300,,,
2001-01-04 00:00:00,TAJ-N-0000,2.75,52900,,,
2001-01-08 00:00:00,TAJ-N-0000,2.5,1600,,,
2001-01-10 00:00:00,TAJ-N-0000,2.5,1300,,,
2001-01-11 00:00:00,TAJ-N-0000,2.5,100,,,
2001-01-12 00:00:00,TAJ-N-0000,2.75,200,,,
2001-01-16 00:00:00,TAJ-N-0000,3,43800,,,
2001-01-17 00:00:00,TAJ-N-0000,3,3900,,,
2001-01-18 00:00:00,TAJ-N-0000,3,100,,,
2001-01-19 00:00:00,TAJ-N-0000,2.75,1000,,,
2001-01-22 00:00:00,TAJ-N-0000,2.75,800,,,
2001-01-23 00:00:00,TAJ-N-0000,2.75,2300,,,
2001-01-24 00:00:00,TAJ-N-0000,2.75,10100,,,
2001-01-25 00:00:00,TAJ-N-0000,2.75,200,,,
2001-01-26 00:00:00,TAJ-N-0000,2.75,200,,,
2001-01-30 00:00:00,TAJ-N-0000,2.75,2000,,,
2001-01-31 00:00:00,TAJ-N-0000,2.75,200,,,
2001-02-01 00:00:00,TAJ-N-0000,2.75,1000,,,
2001-02-02 00:00:00,TAJ-N-0000,2.75,200,,,
2001-02-06 00:00:00,TAJ-N-0000,2.75,500,,,
2001-02-08 00:00:00,TAJ-N-0000,2.75,1600,,,
2001-02-13 00:00:00,TAJ-N-0000,2.75,1100,,,
2001-02-14 00:00:00,TAJ-N-0000,2.75,300,,,
2001-02-15 00:00:00,TAJ-N-0000,2.75,600,,,
2001-02-16 00:00:00,TAJ-N-0000,2.75,10900,,,
2001-02-19 00:00:00,TAJ-N-0000,2.5,2300,,,
2001-02-26 00:00:00,TAJ-N-0000,2.75,500,,,
2001-02-27 00:00:00,TAJ-N-0000,2.75,200,,,
2001-03-01 00:00:00,TAJ-N-0000,2.75,100,,,
2001-03-02 00:00:00,TAJ-N-0000,2.75,1100,,,
2001-03-05 00:00:00,TAJ-N-0000,3,8200,,,
2001-03-06 00:00:00,TAJ-N-0000,3,8600,,,
2001-03-07 00:00:00,TAJ-N-0000,3,13700,,,
2001-03-08 00:00:00,TAJ-N-0000,3,15500,,,
2001-03-12 00:00:00,TAJ-N-0000,3,2200,,,
2001-03-13 00:00:00,TAJ-N-0000,3.25,10000,,,
2001-03-14 00:00:00,TAJ-N-0000,3.25,1700,,,
2001-03-15 00:00:00,TAJ-N-0000,3.25,1500,,,
2001-03-16 00:00:00,TAJ-N-0000,3.5,300,,,
2001-03-19 00:00:00,TAJ-N-0000,3.25,22000,,,
2001-03-20 00:00:00,TAJ-N-0000,3.25,100,,,
2001-03-21 00:00:00,TAJ-N-0000,3.25,300,,,
2001-03-22 00:00:00,TAJ-N-0000,4,19800,,,
2001-03-23 00:00:00,TAJ-N-0000,3.75,10000,,,
2001-03-26 00:00:00,TAJ-N-0000,3.5,6300,,,
2001-03-27 00:00:00,TAJ-N-0000,3.5,11200,,,
2001-03-28 00:00:00,TAJ-N-0000,3.5,8100,,,
2001-03-29 00:00:00,TAJ-N-0000,3.5,7700,,,
2001-03-30 00:00:00,TAJ-N-0000,3.5,19400,,,
2001-04-02 00:00:00,TAJ-N-0000,3.5,2100,,,
2001-04-03 00:00:00,TAJ-N-0000,3.25,1000,,,
2001-04-04 00:00:00,TAJ-N-0000,3.25,1600,,,
2001-04-05 00:00:00,TAJ-N-0000,3.25,200,,,
2001-04-06 00:00:00,TAJ-N-0000,3.25,300,,,
2001-04-09 00:00:00,TAJ-N-0000,3.25,7600,,,
2001-04-10 00:00:00,TAJ-N-0000,3.25,28000,,,
2001-04-11 00:00:00,TAJ-N-0000,3.5,19700,,,
2001-04-17 00:00:00,TAJ-N-0000,3.5,100,,,
2001-04-18 00:00:00,TAJ-N-0000,3.25,100,,,
2001-04-19 00:00:00,TAJ-N-0000,3.5,300,,,
2001-04-23 00:00:00,TAJ-N-0000,3.25,100,,,
2001-04-24 00:00:00,TAJ-N-0000,3.25,2000,,,
2001-04-25 00:00:00,TAJ-N-0000,3.25,1000,,,
2001-04-26 00:00:00,TAJ-N-0000,3.25,5000,,,
2001-05-02 00:00:00,TAJ-N-0000,3.25,14300,,,
2001-05-03 00:00:00,TAJ-N-0000,3.5,300,,,
2001-05-09 00:00:00,TAJ-N-0000,3.25,600,,,
2001-05-10 00:00:00,TAJ-N-0000,3.5,100,,,
2001-05-11 00:00:00,TAJ-N-0000,3.5,19300,,,
2001-05-14 00:00:00,TAJ-N-0000,3.5,200,,,
2001-05-15 00:00:00,TAJ-N-0000,3.5,200,,,
2001-05-16 00:00:00,TAJ-N-0000,3.5,100,,,
2001-05-17 00:00:00,TAJ-N-0000,3.5,36900,,,
2001-05-18 00:00:00,TAJ-N-0000,3.5,1100,,,
2001-05-21 00:00:00,TAJ-N-0000,3.5,700,,,
2001-05-22 00:00:00,TAJ-N-0000,3.5,400,,,
2001-05-24 00:00:00,TAJ-N-0000,3.5,600,,,
2001-05-28 00:00:00,TAJ-N-0000,3.5,100,,,
2001-05-29 00:00:00,TAJ-N-0000,3.5,700,,,
2001-05-30 00:00:00,TAJ-N-0000,3.5,300,,,
2001-05-31 00:00:00,TAJ-N-0000,3.5,1100,,,
2001-06-01 00:00:00,TAJ-N-0000,3.5,500,,,
2001-06-04 00:00:00,TAJ-N-0000,3.25,200,,,
2001-06-07 00:00:00,TAJ-N-0000,3.75,100,,,
2001-06-08 00:00:00,TAJ-N-0000,3.75,300,,,
2001-06-11 00:00:00,TAJ-N-0000,3.75,1100,,,
2001-06-12 00:00:00,TAJ-N-0000,3.5,8100,,,
2001-06-13 00:00:00,TAJ-N-0000,3.75,1100,,,
2001-06-14 00:00:00,TAJ-N-0000,3.75,100,,,
2001-06-15 00:00:00,TAJ-N-0000,3.75,100,,,
2001-06-18 00:00:00,TAJ-N-0000,3.75,300,,,
2001-06-19 00:00:00,TAJ-N-0000,3.75,100,,,
2001-06-20 00:00:00,TAJ-N-0000,3.75,200,,,
2001-06-21 00:00:00,TAJ-N-0000,3.75,200,,,
2001-06-22 00:00:00,TAJ-N-0000,3.75,500,,,
2001-06-25 00:00:00,TAJ-N-0000,3.5,1400,,,
2001-06-26 00:00:00,TAJ-N-0000,3.25,200,,,
2001-06-27 00:00:00,TAJ-N-0000,3.5,300,,,
2001-06-28 00:00:00,TAJ-N-0000,3.5,100,,,
2001-06-29 00:00:00,TAJ-N-0000,3.5,3300,,,
2001-07-03 00:00:00,TAJ-N-0000,3.75,300,,,
2001-07-04 00:00:00,TAJ-N-0000,3.5,1900,,,
2001-07-06 00:00:00,TAJ-N-0000,3.5,300,,,
2001-07-09 00:00:00,TAJ-N-0000,3.5,5500,,,
2001-07-11 00:00:00,TAJ-N-0000,3.5,6200,,,
2001-07-12 00:00:00,TAJ-N-0000,3.5,1000,,,
2001-07-13 00:00:00,TAJ-N-0000,3.5,1300,,,
2001-07-16 00:00:00,TAJ-N-0000,3.5,500,,,
2001-07-17 00:00:00,TAJ-N-0000,3.5,100,,,
2001-07-18 00:00:00,TAJ-N-0000,3.5,400,,,
2001-07-19 00:00:00,TAJ-N-0000,3.75,200,,,
2001-07-20 00:00:00,TAJ-N-0000,3.75,100,,,
2001-07-25 00:00:00,TAJ-N-0000,3.75,300,,,
2001-07-27 00:00:00,TAJ-N-0000,3.75,400,,,
2001-07-30 00:00:00,TAJ-N-0000,3.75,200,,,
2001-07-31 00:00:00,TAJ-N-0000,3.5,800,,,
2001-08-02 00:00:00,TAJ-N-0000,3.5,1600,,,
2001-08-06 00:00:00,TAJ-N-0000,3.5,500,,,
2001-08-07 00:00:00,TAJ-N-0000,3.5,200,,,
2001-08-08 00:00:00,TAJ-N-0000,3.5,100,,,
2001-08-09 00:00:00,TAJ-N-0000,3.5,400,,,
2001-08-10 00:00:00,TAJ-N-0000,3.25,1000,,,
2001-08-13 00:00:00,TAJ-N-0000,3.25,1000,,,
2001-08-14 00:00:00,TAJ-N-0000,3.25,5700,,,
2001-08-15 00:00:00,TAJ-N-0000,3.5,200,,,
2001-08-16 00:00:00,TAJ-N-0000,3,800,,,
2001-08-17 00:00:00,TAJ-N-0000,2.75,1800,,,
2001-08-22 00:00:00,TAJ-N-0000,3,100,,,
2001-08-24 00:00:00,TAJ-N-0000,3.25,400,,,
2001-08-27 00:00:00,TAJ-N-0000,3.25,3000,,,
2001-08-28 00:00:00,TAJ-N-0000,3.25,200,,,
2001-08-29 00:00:00,TAJ-N-0000,3.25,1000,,,
2001-08-30 00:00:00,TAJ-N-0000,3.5,3200,,,
2001-08-31 00:00:00,TAJ-N-0000,3.5,100,,,
2001-09-04 00:00:00,TAJ-N-0000,3.5,300,,,
2001-09-05 00:00:00,TAJ-N-0000,3.5,7500,,,
2001-09-07 00:00:00,TAJ-N-0000,3.5,100,,,
2001-09-10 00:00:00,TAJ-N-0000,3.5,100,,,
2001-09-11 00:00:00,TAJ-N-0000,3.5,700,,,
2001-09-12 00:00:00,TAJ-N-0000,3.5,500,,,
2001-09-13 00:00:00,TAJ-N-0000,3.5,200,,,
2001-09-14 00:00:00,TAJ-N-0000,3.25,7200,,,
2001-09-17 00:00:00,TAJ-N-0000,3.5,100,,,
2001-09-18 00:00:00,TAJ-N-0000,3.5,2600,,,
2001-09-20 00:00:00,TAJ-N-0000,3.25,400,,,
2001-09-21 00:00:00,TAJ-N-0000,3.25,1000,,,
2001-09-24 00:00:00,TAJ-N-0000,3,600,,,
2001-09-25 00:00:00,TAJ-N-0000,3.25,800,,,
2001-09-26 00:00:00,TAJ-N-0000,3.25,900,,,
2001-09-27 00:00:00,TAJ-N-0000,3.25,1200,,,
2001-09-28 00:00:00,TAJ-N-0000,3.75,2700,,,
2001-10-01 00:00:00,TAJ-N-0000,3.5,1100,,,
2001-10-03 00:00:00,TAJ-N-0000,3.5,500,,,
2001-10-04 00:00:00,TAJ-N-0000,3.5,1700,,,
2001-10-05 00:00:00,TAJ-N-0000,3.5,400,,,
2001-10-08 00:00:00,TAJ-N-0000,3.5,2000,,,
2001-10-09 00:00:00,TAJ-N-0000,3.5,200,,,
2001-10-10 00:00:00,TAJ-N-0000,3.25,21200,,,
2001-10-11 00:00:00,TAJ-N-0000,3.75,11800,,,
2001-10-12 00:00:00,TAJ-N-0000,4,11200,,,
2001-10-15 00:00:00,TAJ-N-0000,3,10100,,,
2001-10-17 00:00:00,TAJ-N-0000,3.5,600,,,
2001-10-18 00:00:00,TAJ-N-0000,3.5,700,,,
2001-10-22 00:00:00,TAJ-N-0000,3.75,500,,,
2001-10-23 00:00:00,TAJ-N-0000,3.75,400,,,
2001-10-24 00:00:00,TAJ-N-0000,3.75,600,,,
2001-10-25 00:00:00,TAJ-N-0000,3.75,100,,,
2001-10-26 00:00:00,TAJ-N-0000,3.75,300,,,
2001-10-30 00:00:00,TAJ-N-0000,3.75,100,,,
2001-11-01 00:00:00,TAJ-N-0000,3.75,100,,,
2001-11-02 00:00:00,TAJ-N-0000,3.75,400,,,
2001-11-05 00:00:00,TAJ-N-0000,3.75,300,,,
2001-11-06 00:00:00,TAJ-N-0000,3.75,3000,,,
2001-11-07 00:00:00,TAJ-N-0000,3.5,200,,,
2001-11-08 00:00:00,TAJ-N-0000,3.25,100,,,
2001-11-09 00:00:00,TAJ-N-0000,3.5,700,,,
2001-11-13 00:00:00,TAJ-N-0000,3.75,300,,,
2001-11-14 00:00:00,TAJ-N-0000,3.5,21600,,,
2001-11-15 00:00:00,TAJ-N-0000,3.75,1300,,,
2001-11-19 00:00:00,TAJ-N-0000,3.75,10500,,,
2001-11-20 00:00:00,TAJ-N-0000,3.75,3600,,,
2001-11-21 00:00:00,TAJ-N-0000,3.5,7900,,,
2001-11-23 00:00:00,TAJ-N-0000,3.75,200,,,
2001-11-26 00:00:00,TAJ-N-0000,3.5,1200,,,
2001-11-27 00:00:00,TAJ-N-0000,3.75,2500,,,
2001-11-28 00:00:00,TAJ-N-0000,3.75,5500,,,
2001-11-29 00:00:00,TAJ-N-0000,4,30700,,,
2001-12-03 00:00:00,TAJ-N-0000,3.75,200,,,
2001-12-04 00:00:00,TAJ-N-0000,4,1500,,,
2001-12-05 00:00:00,TAJ-N-0000,4,1800,,,
2001-12-07 00:00:00,TAJ-N-0000,4.5,45600,,,
2001-12-10 00:00:00,TAJ-N-0000,5,34100,,,
2001-12-11 00:00:00,TAJ-N-0000,4.75,40300,,,
2001-12-12 00:00:00,TAJ-N-0000,4.25,18200,,,
2001-12-13 00:00:00,TAJ-N-0000,4.25,3000,,,
2001-12-14 00:00:00,TAJ-N-0000,4.5,27300,,,
2001-12-17 00:00:00,TAJ-N-0000,4.25,1000,,,
2001-12-18 00:00:00,TAJ-N-0000,4.5,2700,,,
2001-12-19 00:00:00,TAJ-N-0000,4.5,300,,,
2001-12-20 00:00:00,TAJ-N-0000,4.25,800,,,
2001-12-21 00:00:00,TAJ-N-0000,4.25,1000,,,
2001-12-27 00:00:00,TAJ-N-0000,4.5,1500,,,
2001-12-28 00:00:00,TAJ-N-0000,4.5,1200,,,
2001-12-31 00:00:00,TAJ-N-0000,4.5,1100,,,
2002-01-02 00:00:00,TAJ-N-0000,4.5,6200,,,
2002-01-03 00:00:00,TAJ-N-0000,4.5,3500,,,
2002-01-04 00:00:00,TAJ-N-0000,4.5,11100,,,
2002-01-07 00:00:00,TAJ-N-0000,4.5,15100,,,
2002-01-08 00:00:00,TAJ-N-0000,4.5,7300,,,
2002-01-09 00:00:00,TAJ-N-0000,4.5,200,,,
2002-01-15 00:00:00,TAJ-N-0000,4.5,300,,,
2002-01-17 00:00:00,TAJ-N-0000,4.25,4600,,,
2002-01-18 00:00:00,TAJ-N-0000,4.25,200,,,
2002-01-21 00:00:00,TAJ-N-0000,4.25,100,,,
2002-01-23 00:00:00,TAJ-N-0000,4.5,100,,,
2002-01-24 00:00:00,TAJ-N-0000,4,1100,,,
2002-01-25 00:00:00,TAJ-N-0000,4.5,200,,,
2002-02-01 00:00:00,TAJ-N-0000,4.5,1500,,,
2002-02-05 00:00:00,TAJ-N-0000,4.25,500,,,
2002-02-06 00:00:00,TAJ-N-0000,4.25,200,,,
2002-02-07 00:00:00,TAJ-N-0000,4.5,5200,,,
2002-02-08 00:00:00,TAJ-N-0000,4.25,2600,,,
2001-01-04 00:00:00,TPL-N-0000,15.25,100,,,
2001-01-05 00:00:00,TPL-N-0000,15.25,2700,,,
2001-01-08 00:00:00,TPL-N-0000,15,6700,,,
2001-01-12 00:00:00,TPL-N-0000,15,500,,,
2001-01-16 00:00:00,TPL-N-0000,15,2000,,,
2001-01-17 00:00:00,TPL-N-0000,15.25,5500,,,
2001-01-18 00:00:00,TPL-N-0000,15.25,3300,,,
2001-01-22 00:00:00,TPL-N-0000,15.25,2200,,,
2001-01-23 00:00:00,TPL-N-0000,15.25,6400,,,
2001-01-24 00:00:00,TPL-N-0000,15.25,2600,,,
2001-01-25 00:00:00,TPL-N-0000,15.25,13500,,,
2001-01-26 00:00:00,TPL-N-0000,15.25,2900,,,
2001-01-29 00:00:00,TPL-N-0000,15,3500,,,
2001-01-30 00:00:00,TPL-N-0000,15,2700,,,
2001-01-31 00:00:00,TPL-N-0000,15,300,,,
2001-02-01 00:00:00,TPL-N-0000,15,2300,,,
2001-02-06 00:00:00,TPL-N-0000,15,1200,,,
2001-02-08 00:00:00,TPL-N-0000,15,800,,,
2001-02-09 00:00:00,TPL-N-0000,15.25,6200,,,
2001-02-13 00:00:00,TPL-N-0000,15.25,1000,,,
2001-02-15 00:00:00,TPL-N-0000,15.25,200,,,
2001-02-16 00:00:00,TPL-N-0000,15.5,4800,,,
2001-02-19 00:00:00,TPL-N-0000,15.25,1000,,,
2001-02-26 00:00:00,TPL-N-0000,15.25,1400,,,
2001-02-27 00:00:00,TPL-N-0000,15.25,1500,,,
2001-02-28 00:00:00,TPL-N-0000,16.5,12300,,,
2001-03-01 00:00:00,TPL-N-0000,16.5,1400,,,
2001-03-02 00:00:00,TPL-N-0000,16,20300,,,
2001-03-05 00:00:00,TPL-N-0000,16.5,900,,,
2001-03-06 00:00:00,TPL-N-0000,16.25,1700,,,
2001-03-07 00:00:00,TPL-N-0000,16,200,,,
2001-03-08 00:00:00,TPL-N-0000,16.25,1300,,,
2001-03-13 00:00:00,TPL-N-0000,14.75,8000,,,
2001-03-14 00:00:00,TPL-N-0000,14.75,1500,,,
2001-03-15 00:00:00,TPL-N-0000,14.75,1000,,,
2001-03-16 00:00:00,TPL-N-0000,15,1000,,,
2001-03-19 00:00:00,TPL-N-0000,15,600,,,
2001-03-21 00:00:00,TPL-N-0000,14.5,1500,,,
2001-03-22 00:00:00,TPL-N-0000,14,3600,,,
2001-03-26 00:00:00,TPL-N-0000,13.75,600,,,
2001-03-28 00:00:00,TPL-N-0000,13.5,1200,,,
2001-03-29 00:00:00,TPL-N-0000,13.5,400,,,
2001-04-03 00:00:00,TPL-N-0000,13.25,2300,,,
2001-04-04 00:00:00,TPL-N-0000,13,2900,,,
2001-04-05 00:00:00,TPL-N-0000,13,51900,,,
2001-04-10 00:00:00,TPL-N-0000,13.5,1500,,,
2001-04-11 00:00:00,TPL-N-0000,13.5,100,,,
2001-04-18 00:00:00,TPL-N-0000,13.5,6100,,,
2001-04-19 00:00:00,TPL-N-0000,13.5,91900,,,
2001-04-20 00:00:00,TPL-N-0000,13.5,100,,,
2001-04-25 00:00:00,TPL-N-0000,13.75,100,,,
2001-04-26 00:00:00,TPL-N-0000,13.75,500,,,
2001-04-30 00:00:00,TPL-N-0000,13.5,100,,,
2001-05-04 00:00:00,TPL-N-0000,13.5,1000,,,
2001-05-09 00:00:00,TPL-N-0000,13.5,500,,,
2001-05-11 00:00:00,TPL-N-0000,13.5,600,,,
2001-05-18 00:00:00,TPL-N-0000,13.5,3000,,,
2001-05-21 00:00:00,TPL-N-0000,13.5,600,,,
2001-05-22 00:00:00,TPL-N-0000,13,9000,,,
2001-05-23 00:00:00,TPL-N-0000,13.5,3000,,,
2001-05-25 00:00:00,TPL-N-0000,13.5,84700,,,
2001-05-28 00:00:00,TPL-N-0000,13.25,114700,,,
2001-05-30 00:00:00,TPL-N-0000,13.5,300,,,
2001-05-31 00:00:00,TPL-N-0000,13,60200,,,
2001-06-04 00:00:00,TPL-N-0000,13,900,,,
2001-06-07 00:00:00,TPL-N-0000,13,5900,,,
2001-06-11 00:00:00,TPL-N-0000,12.75,1100,,,
2001-06-14 00:00:00,TPL-N-0000,12.75,4700,,,
2001-06-19 00:00:00,TPL-N-0000,12.75,7600,,,
2001-06-21 00:00:00,TPL-N-0000,13.5,2000,,,
2001-06-25 00:00:00,TPL-N-0000,13.25,3000,,,
2001-06-26 00:00:00,TPL-N-0000,13,4700,,,
2001-06-27 00:00:00,TPL-N-0000,13,1000,,,
2001-06-29 00:00:00,TPL-N-0000,13.25,98400,,,
2001-07-03 00:00:00,TPL-N-0000,13.5,5900,,,
2001-07-04 00:00:00,TPL-N-0000,13.75,7000,,,
2001-07-06 00:00:00,TPL-N-0000,13.25,200,,,
2001-07-09 00:00:00,TPL-N-0000,13.75,100,,,
2001-07-10 00:00:00,TPL-N-0000,13.25,100,,,
2001-07-11 00:00:00,TPL-N-0000,13.25,7200,,,
2001-07-12 00:00:00,TPL-N-0000,13.25,1000,,,
2001-07-13 00:00:00,TPL-N-0000,13.5,1300,,,
2001-07-18 00:00:00,TPL-N-0000,13.5,900,,,
2001-07-19 00:00:00,TPL-N-0000,13.5,100,,,
2001-07-20 00:00:00,TPL-N-0000,13.5,100,,,
2001-07-23 00:00:00,TPL-N-0000,13.75,200,,,
2001-07-24 00:00:00,TPL-N-0000,13.25,1300,,,
2001-07-27 00:00:00,TPL-N-0000,13.25,11400,,,
2001-07-30 00:00:00,TPL-N-0000,13.25,1500,,,
2001-07-31 00:00:00,TPL-N-0000,13,700,,,
2001-08-07 00:00:00,TPL-N-0000,13,200,,,
2001-08-09 00:00:00,TPL-N-0000,11,74900,,,
2001-08-13 00:00:00,TPL-N-0000,11.25,500,,,
2001-08-15 00:00:00,TPL-N-0000,11,4000,,,
2001-08-16 00:00:00,TPL-N-0000,10.5,3900,,,
2001-08-17 00:00:00,TPL-N-0000,10.5,1000,,,
2001-08-20 00:00:00,TPL-N-0000,10.5,100,,,
2001-08-23 00:00:00,TPL-N-0000,10.75,500,,,
2001-08-24 00:00:00,TPL-N-0000,10.75,800,,,
2001-08-27 00:00:00,TPL-N-0000,10.5,400,,,
2001-08-31 00:00:00,TPL-N-0000,11.25,200,,,
2001-09-04 00:00:00,TPL-N-0000,10.5,1500,,,
2001-09-11 00:00:00,TPL-N-0000,10.75,1200,,,
2001-09-14 00:00:00,TPL-N-0000,11.75,10700,,,
2001-09-19 00:00:00,TPL-N-0000,11.25,200,,,
2001-09-20 00:00:00,TPL-N-0000,11,500,,,
2001-09-21 00:00:00,TPL-N-0000,10.75,500,,,
2001-09-24 00:00:00,TPL-N-0000,11,800,,,
2001-09-27 00:00:00,TPL-N-0000,11,300,,,
2001-09-28 00:00:00,TPL-N-0000,11.5,600,,,
2001-10-01 00:00:00,TPL-N-0000,11.25,2600,,,
2001-10-09 00:00:00,TPL-N-0000,12,2500,,,
2001-10-10 00:00:00,TPL-N-0000,12.25,6600,,,
2001-10-11 00:00:00,TPL-N-0000,14.75,48700,,,
2001-10-12 00:00:00,TPL-N-0000,15,61700,,,
2001-10-15 00:00:00,TPL-N-0000,12.25,28900,,,
2001-10-16 00:00:00,TPL-N-0000,13,7200,,,
2001-10-17 00:00:00,TPL-N-0000,13,1100,,,
2001-10-18 00:00:00,TPL-N-0000,13.25,1800,,,
2001-10-19 00:00:00,TPL-N-0000,13,90000,,,
2001-10-22 00:00:00,TPL-N-0000,14,7300,,,
2001-10-23 00:00:00,TPL-N-0000,14,21600,,,
2001-10-24 00:00:00,TPL-N-0000,14.25,9300,,,
2001-10-25 00:00:00,TPL-N-0000,14,1600,,,
2001-10-29 00:00:00,TPL-N-0000,14.25,5000,,,
2001-10-30 00:00:00,TPL-N-0000,14,14800,,,
2001-11-02 00:00:00,TPL-N-0000,13.75,1200,,,
2001-11-06 00:00:00,TPL-N-0000,13.25,10000,,,
2001-11-07 00:00:00,TPL-N-0000,13.25,1000,,,
2001-11-09 00:00:00,TPL-N-0000,13.75,100,,,
2001-11-15 00:00:00,TPL-N-0000,14.75,3200,,,
2001-11-16 00:00:00,TPL-N-0000,15.25,10500,,,
2001-11-19 00:00:00,TPL-N-0000,16,27900,,,
2001-11-20 00:00:00,TPL-N-0000,15.25,7100,,,
2001-11-21 00:00:00,TPL-N-0000,15.5,10700,,,
2001-11-22 00:00:00,TPL-N-0000,16,36200,,,
2001-11-23 00:00:00,TPL-N-0000,16,33500,,,
2001-11-26 00:00:00,TPL-N-0000,16,32600,,,
2001-11-27 00:00:00,TPL-N-0000,15.5,10200,,,
2001-11-28 00:00:00,TPL-N-0000,16,45900,,,
2001-11-29 00:00:00,TPL-N-0000,16,32200,,,
2001-12-03 00:00:00,TPL-N-0000,15,3800,,,
2001-12-05 00:00:00,TPL-N-0000,16,30600,,,
2001-12-07 00:00:00,TPL-N-0000,18.5,42200,,,
2001-12-10 00:00:00,TPL-N-0000,19.25,104800,,,
2001-12-11 00:00:00,TPL-N-0000,19,42300,,,
2001-12-12 00:00:00,TPL-N-0000,17.25,6200,,,
2001-12-13 00:00:00,TPL-N-0000,16.5,17200,,,
2001-12-14 00:00:00,TPL-N-0000,16.5,1600,,,
2001-12-17 00:00:00,TPL-N-0000,17,1800,,,
2001-12-18 00:00:00,TPL-N-0000,15.25,1700,,,
2001-12-19 00:00:00,TPL-N-0000,15,6500,,,
2001-12-20 00:00:00,TPL-N-0000,15.5,1000,,,
2001-12-21 00:00:00,TPL-N-0000,16.5,18600,,,
2001-12-27 00:00:00,TPL-N-0000,16.5,2000,,,
2001-12-28 00:00:00,TPL-N-0000,17,2500,,,
2001-12-31 00:00:00,TPL-N-0000,16,600,,,
2002-01-02 00:00:00,TPL-N-0000,16,5200,,,
2002-01-03 00:00:00,TPL-N-0000,15.75,2000,,,
2002-01-04 00:00:00,TPL-N-0000,15.5,13000,,,
2002-01-07 00:00:00,TPL-N-0000,15,2000,,,
2002-01-08 00:00:00,TPL-N-0000,15.25,2500,,,
2002-01-09 00:00:00,TPL-N-0000,15.75,12000,,,
2002-01-10 00:00:00,TPL-N-0000,15.5,11800,,,
2002-01-11 00:00:00,TPL-N-0000,15,3000,,,
2002-01-15 00:00:00,TPL-N-0000,15,8300,,,
2002-01-16 00:00:00,TPL-N-0000,14.75,500,,,
2002-01-17 00:00:00,TPL-N-0000,14.5,500,,,
2002-01-18 00:00:00,TPL-N-0000,15,19000,,,
2002-01-21 00:00:00,TPL-N-0000,15.75,1700,,,
2002-01-22 00:00:00,TPL-N-0000,15.75,6400,,,
2002-01-23 00:00:00,TPL-N-0000,15,4000,,,
2002-01-24 00:00:00,TPL-N-0000,15.75,2000,,,
2002-01-25 00:00:00,TPL-N-0000,15.25,9300,,,
2002-01-29 00:00:00,TPL-N-0000,15,2700,,,
2002-01-30 00:00:00,TPL-N-0000,15.75,5000,,,
2002-02-01 00:00:00,TPL-N-0000,15,2000,,,
2002-02-06 00:00:00,TPL-N-0000,16,2400,,,
2002-02-07 00:00:00,TPL-N-0000,17,13500,,,
2002-02-08 00:00:00,TPL-N-0000,17,7900,,,
2002-02-11 00:00:00,TPL-N-0000,17,3000,,,
2001-01-10 00:00:00,TANG-N-000,15,300,,,
2001-01-12 00:00:00,TANG-N-000,15.5,300,,,
2001-01-17 00:00:00,TANG-N-000,15.5,800,,,
2001-01-18 00:00:00,TANG-N-000,15.5,5200,,,
2001-01-22 00:00:00,TANG-N-000,15,1700,,,
2001-01-29 00:00:00,TANG-N-000,15,100,,,
2001-01-30 00:00:00,TANG-N-000,15,300,,,
2001-02-09 00:00:00,TANG-N-000,15,300,,,
2001-02-15 00:00:00,TANG-N-000,20,13900,,,
2001-02-19 00:00:00,TANG-N-000,20,1300,,,
2001-02-20 00:00:00,TANG-N-000,20,1700,,,
2001-02-21 00:00:00,TANG-N-000,20,600,,,
2001-02-22 00:00:00,TANG-N-000,20,100,,,
2001-02-23 00:00:00,TANG-N-000,20,100,,,
2001-02-26 00:00:00,TANG-N-000,20,300,,,
2001-02-28 00:00:00,TANG-N-000,20.5,600,,,
2001-03-01 00:00:00,TANG-N-000,20,100,,,
2001-03-02 00:00:00,TANG-N-000,20,2000,,,
2001-03-12 00:00:00,TANG-N-000,20,5800,,,
2001-03-20 00:00:00,TANG-N-000,19,35300,,,
2001-03-26 00:00:00,TANG-N-000,19,300,,,
2001-03-27 00:00:00,TANG-N-000,20,4400,,,
2001-03-28 00:00:00,TANG-N-000,21,1100,,,
2001-03-29 00:00:00,TANG-N-000,22.75,1400,,,
2001-03-30 00:00:00,TANG-N-000,23,8900,,,
2001-04-02 00:00:00,TANG-N-000,18,1300,,,
2001-04-03 00:00:00,TANG-N-000,21,17300,,,
2001-04-04 00:00:00,TANG-N-000,21,1000,,,
2001-04-05 00:00:00,TANG-N-000,21,900,,,
2001-04-09 00:00:00,TANG-N-000,21,300,,,
2001-04-10 00:00:00,TANG-N-000,21,800,,,
2001-04-25 00:00:00,TANG-N-000,21,1900,,,
2001-06-22 00:00:00,TANG-N-000,23,200,,,
2001-06-27 00:00:00,TANG-N-000,24,800,,,
2001-06-28 00:00:00,TANG-N-000,20.25,100,,,
2001-07-02 00:00:00,TANG-N-000,20.25,300,,,
2001-07-10 00:00:00,TANG-N-000,20.25,200,,,
2001-07-11 00:00:00,TANG-N-000,20,1800,,,
2001-07-12 00:00:00,TANG-N-000,20.25,100,,,
2001-07-19 00:00:00,TANG-N-000,20.25,300,,,
2001-07-24 00:00:00,TANG-N-000,20,200,,,
2001-07-25 00:00:00,TANG-N-000,20.25,700,,,
2001-08-01 00:00:00,TANG-N-000,20.25,100,,,
2001-08-02 00:00:00,TANG-N-000,20.25,400,,,
2001-08-07 00:00:00,TANG-N-000,20.25,300,,,
2001-08-14 00:00:00,TANG-N-000,20.25,300,,,
2001-08-20 00:00:00,TANG-N-000,20,300,,,
2001-08-21 00:00:00,TANG-N-000,20.25,300,,,
2001-08-23 00:00:00,TANG-N-000,20.25,1300,,,
2001-08-27 00:00:00,TANG-N-000,20.25,300,,,
2001-09-28 00:00:00,TANG-N-000,20,200,,,
2001-10-10 00:00:00,TANG-N-000,20,300,,,
2001-10-22 00:00:00,TANG-N-000,20,300,,,
2001-10-29 00:00:00,TANG-N-000,20,100,,,
2001-11-16 00:00:00,TANG-N-000,20,5200,,,
2001-11-21 00:00:00,TANG-N-000,20,5000,,,
2001-11-23 00:00:00,TANG-N-000,20,100,,,
2001-12-14 00:00:00,TANG-N-000,20,300,,,
2001-12-20 00:00:00,TANG-N-000,25,100,,,
2001-12-21 00:00:00,TANG-N-000,25,100,,,
2001-12-27 00:00:00,TANG-N-000,25,300,,,
2002-01-07 00:00:00,TANG-N-000,24.75,200,,,
2002-01-08 00:00:00,TANG-N-000,20,600,,,
2002-01-11 00:00:00,TANG-N-000,20.25,5200,,,
2002-01-25 00:00:00,TANG-N-000,19,300,,,
2002-01-31 00:00:00,TANG-N-000,19,1400,,,
2002-02-01 00:00:00,TANG-N-000,19,200,,,
2002-02-06 00:00:00,TANG-N-000,19,800,,,
2001-01-02 00:00:00,TSML-N-000,23,700,,,
2001-01-03 00:00:00,TSML-N-000,23,100,,,
2001-01-04 00:00:00,TSML-N-000,23,1800,,,
2001-01-10 00:00:00,TSML-N-000,23,100,,,
2001-01-16 00:00:00,TSML-N-000,22.75,100,,,
2001-01-18 00:00:00,TSML-N-000,22,1500,,,
2001-01-19 00:00:00,TSML-N-000,21,5500,,,
2001-01-31 00:00:00,TSML-N-000,21,100,,,
2001-02-01 00:00:00,TSML-N-000,21,100,,,
2001-02-08 00:00:00,TSML-N-000,21.25,200,,,
2001-02-09 00:00:00,TSML-N-000,21,1300,,,
2001-02-12 00:00:00,TSML-N-000,21,400,,,
2001-02-13 00:00:00,TSML-N-000,21,1500,,,
2001-02-14 00:00:00,TSML-N-000,21,500,,,
2001-02-15 00:00:00,TSML-N-000,20,6700,,,
2001-02-16 00:00:00,TSML-N-000,19.75,200,,,
2001-02-19 00:00:00,TSML-N-000,19.5,1000,,,
2001-02-20 00:00:00,TSML-N-000,20,200,,,
2001-02-21 00:00:00,TSML-N-000,19.75,3000,,,
2001-02-22 00:00:00,TSML-N-000,20,1000,,,
2001-02-23 00:00:00,TSML-N-000,20,500,,,
2001-02-26 00:00:00,TSML-N-000,20.5,5400,,,
2001-02-28 00:00:00,TSML-N-000,21.5,2500,,,
2001-03-02 00:00:00,TSML-N-000,21,1000,,,
2001-03-05 00:00:00,TSML-N-000,21,100,,,
2001-03-07 00:00:00,TSML-N-000,21,1200,,,
2001-03-14 00:00:00,TSML-N-000,20.5,100,,,
2001-03-16 00:00:00,TSML-N-000,20.5,700,,,
2001-03-23 00:00:00,TSML-N-000,19,1700,,,
2001-03-26 00:00:00,TSML-N-000,19,1000,,,
2001-03-27 00:00:00,TSML-N-000,18,4000,,,
2001-03-28 00:00:00,TSML-N-000,17.75,4500,,,
2001-03-29 00:00:00,TSML-N-000,17.5,4700,,,
2001-04-03 00:00:00,TSML-N-000,17.5,1000,,,
2001-04-05 00:00:00,TSML-N-000,17.75,1500,,,
2001-04-17 00:00:00,TSML-N-000,18.25,500,,,
2001-04-18 00:00:00,TSML-N-000,18,300,,,
2001-04-20 00:00:00,TSML-N-000,18.25,100,,,
2001-04-23 00:00:00,TSML-N-000,17.5,1000,,,
2001-04-24 00:00:00,TSML-N-000,17.5,300,,,
2001-04-25 00:00:00,TSML-N-000,17,4800,,,
2001-04-27 00:00:00,TSML-N-000,18.75,500,,,
2001-05-04 00:00:00,TSML-N-000,18.5,2000,,,
2001-05-11 00:00:00,TSML-N-000,18.75,200,,,
2001-05-17 00:00:00,TSML-N-000,18.5,100,,,
2001-05-21 00:00:00,TSML-N-000,18.5,20300,,,
2001-05-23 00:00:00,TSML-N-000,18,6000,,,
2001-05-29 00:00:00,TSML-N-000,18,127200,,,
2001-05-31 00:00:00,TSML-N-000,18,60000,,,
2001-06-01 00:00:00,TSML-N-000,18,300,,,
2001-06-04 00:00:00,TSML-N-000,18,1000,,,
2001-06-06 00:00:00,TSML-N-000,18,4000,,,
2001-06-07 00:00:00,TSML-N-000,18.25,5100,,,
2001-06-08 00:00:00,TSML-N-000,17.75,600,,,
2001-06-11 00:00:00,TSML-N-000,17.5,700,,,
2001-06-12 00:00:00,TSML-N-000,17.5,1700,,,
2001-06-13 00:00:00,TSML-N-000,18,11900,,,
2001-06-14 00:00:00,TSML-N-000,17,1100,,,
2001-06-15 00:00:00,TSML-N-000,17,200,,,
2001-06-18 00:00:00,TSML-N-000,16.75,500,,,
2001-06-19 00:00:00,TSML-N-000,16.25,500,,,
2001-06-21 00:00:00,TSML-N-000,18,38500,,,
2001-06-22 00:00:00,TSML-N-000,17.5,100,,,
2001-06-28 00:00:00,TSML-N-000,17.5,200,,,
2001-07-02 00:00:00,TSML-N-000,17.5,1000,,,
2001-07-04 00:00:00,TSML-N-000,17.75,100,,,
2001-07-06 00:00:00,TSML-N-000,17.5,1200,,,
2001-07-09 00:00:00,TSML-N-000,17.5,1000,,,
2001-07-10 00:00:00,TSML-N-000,17.25,11000,,,
2001-07-11 00:00:00,TSML-N-000,17,700,,,
2001-07-12 00:00:00,TSML-N-000,17,200,,,
2001-07-13 00:00:00,TSML-N-000,17.25,200,,,
2001-07-23 00:00:00,TSML-N-000,17.25,500,,,
2001-07-30 00:00:00,TSML-N-000,17.5,500,,,
2001-07-31 00:00:00,TSML-N-000,17.5,1500,,,
2001-08-01 00:00:00,TSML-N-000,17.5,2300,,,
2001-08-06 00:00:00,TSML-N-000,17.5,700,,,
2001-08-09 00:00:00,TSML-N-000,16,7700,,,
2001-08-10 00:00:00,TSML-N-000,15.75,22000,,,
2001-08-13 00:00:00,TSML-N-000,15.75,1000,,,
2001-08-14 00:00:00,TSML-N-000,15.75,300,,,
2001-08-15 00:00:00,TSML-N-000,15,2800,,,
2001-08-16 00:00:00,TSML-N-000,14.75,1000,,,
2001-08-20 00:00:00,TSML-N-000,14.75,300,,,
2001-08-21 00:00:00,TSML-N-000,15,500,,,
2001-08-23 00:00:00,TSML-N-000,15,3200,,,
2001-08-24 00:00:00,TSML-N-000,15,1500,,,
2001-08-28 00:00:00,TSML-N-000,15.5,500,,,
2001-08-29 00:00:00,TSML-N-000,15.75,2800,,,
2001-08-31 00:00:00,TSML-N-000,15.75,600,,,
2001-09-05 00:00:00,TSML-N-000,16,400,,,
2001-09-12 00:00:00,TSML-N-000,16,200,,,
2001-09-17 00:00:00,TSML-N-000,16,700,,,
2001-09-18 00:00:00,TSML-N-000,15.75,1800,,,
2001-09-19 00:00:00,TSML-N-000,15.75,200,,,
2001-09-20 00:00:00,TSML-N-000,15.75,1100,,,
2001-09-21 00:00:00,TSML-N-000,15.5,700,,,
2001-09-27 00:00:00,TSML-N-000,15.75,8500,,,
2001-10-03 00:00:00,TSML-N-000,15.75,100,,,
2001-10-10 00:00:00,TSML-N-000,17,600,,,
2001-10-11 00:00:00,TSML-N-000,17.5,6900,,,
2001-10-12 00:00:00,TSML-N-000,20,21700,,,
2001-10-15 00:00:00,TSML-N-000,18.5,14300,,,
2001-10-16 00:00:00,TSML-N-000,18.25,9100,,,
2001-10-18 00:00:00,TSML-N-000,18.25,6100,,,
2001-10-19 00:00:00,TSML-N-000,19.25,2600,,,
2001-10-22 00:00:00,TSML-N-000,19.5,800,,,
2001-10-23 00:00:00,TSML-N-000,19.5,1200,,,
2001-10-24 00:00:00,TSML-N-000,20,8400,,,
2001-10-25 00:00:00,TSML-N-000,19.25,5700,,,
2001-10-30 00:00:00,TSML-N-000,19,8100,,,
2001-11-02 00:00:00,TSML-N-000,18.75,1700,,,
2001-11-05 00:00:00,TSML-N-000,19,2200,,,
2001-11-06 00:00:00,TSML-N-000,18.5,600,,,
2001-11-07 00:00:00,TSML-N-000,18,18800,,,
2001-11-09 00:00:00,TSML-N-000,18.25,2100,,,
2001-11-13 00:00:00,TSML-N-000,18.5,2000,,,
2001-11-15 00:00:00,TSML-N-000,20.5,1250500,,,
2001-11-16 00:00:00,TSML-N-000,22.75,30200,,,
2001-11-19 00:00:00,TSML-N-000,23,7500,,,
2001-11-20 00:00:00,TSML-N-000,22,16300,,,
2001-11-21 00:00:00,TSML-N-000,23,14400,,,
2001-11-22 00:00:00,TSML-N-000,23.5,23200,,,
2001-11-23 00:00:00,TSML-N-000,23.5,6700,,,
2001-11-26 00:00:00,TSML-N-000,23,27500,,,
2001-11-27 00:00:00,TSML-N-000,21,4000,,,
2001-11-28 00:00:00,TSML-N-000,23,4300,,,
2001-11-29 00:00:00,TSML-N-000,23,19300,,,
2001-12-03 00:00:00,TSML-N-000,23,800,,,
2001-12-04 00:00:00,TSML-N-000,22.5,1200,,,
2001-12-05 00:00:00,TSML-N-000,23.75,6700,,,
2001-12-07 00:00:00,TSML-N-000,29,21000,,,
2001-12-10 00:00:00,TSML-N-000,33.5,53500,,,
2001-12-11 00:00:00,TSML-N-000,28,9500,,,
2001-12-12 00:00:00,TSML-N-000,28,59500,,,
2001-12-13 00:00:00,TSML-N-000,24,4200,,,
2001-12-20 00:00:00,TSML-N-000,24,13000,,,
2001-12-21 00:00:00,TSML-N-000,23.75,4800,,,
2001-12-27 00:00:00,TSML-N-000,24.25,2000,,,
2001-12-28 00:00:00,TSML-N-000,24.25,2000,,,
2002-01-02 00:00:00,TSML-N-000,24.25,100,,,
2002-01-04 00:00:00,TSML-N-000,24.25,800,,,
2002-01-07 00:00:00,TSML-N-000,24,1800,,,
2002-01-09 00:00:00,TSML-N-000,23,3500,,,
2002-01-10 00:00:00,TSML-N-000,22,900,,,
2002-01-15 00:00:00,TSML-N-000,21,7600,,,
2002-01-16 00:00:00,TSML-N-000,21,400,,,
2002-01-18 00:00:00,TSML-N-000,21,2100,,,
2002-01-22 00:00:00,TSML-N-000,22.5,1000,,,
2002-01-23 00:00:00,TSML-N-000,22.5,1600,,,
2002-01-25 00:00:00,TSML-N-000,23.5,3400,,,
2002-01-29 00:00:00,TSML-N-000,22.25,2500,,,
2002-01-31 00:00:00,TSML-N-000,22.25,100,,,
2002-02-05 00:00:00,TSML-N-000,23,3500,,,
2002-02-07 00:00:00,TSML-N-000,23,5000,,,
2002-02-08 00:00:00,TSML-N-000,23.5,200,,,
2002-02-11 00:00:00,TSML-N-000,23.5,9000,,,
2001-01-05 00:00:00,LHL-N-0000,5.5,500,,,
2001-01-18 00:00:00,LHL-N-0000,5.5,500,,,
2001-01-22 00:00:00,LHL-N-0000,5.5,100,,,
2001-01-23 00:00:00,LHL-N-0000,5.5,200,,,
2001-01-24 00:00:00,LHL-N-0000,5.5,3000,,,
2001-01-26 00:00:00,LHL-N-0000,5.5,3000,,,
2001-02-22 00:00:00,LHL-N-0000,5.5,1000,,,
2001-03-19 00:00:00,LHL-N-0000,6.5,1000,,,
2001-03-23 00:00:00,LHL-N-0000,6.5,200,,,
2001-04-19 00:00:00,LHL-N-0000,5.75,2100,,,
2001-05-03 00:00:00,LHL-N-0000,6.25,1200,,,
2001-05-04 00:00:00,LHL-N-0000,6.5,1000,,,
2001-05-09 00:00:00,LHL-N-0000,6.25,300,,,
2001-05-11 00:00:00,LHL-N-0000,6.25,4200,,,
2001-05-17 00:00:00,LHL-N-0000,6.25,200,,,
2001-05-22 00:00:00,LHL-N-0000,6.5,100,,,
2001-05-25 00:00:00,LHL-N-0000,6.25,2400,,,
2001-05-28 00:00:00,LHL-N-0000,6.5,400,,,
2001-05-29 00:00:00,LHL-N-0000,6.5,2600,,,
2001-05-30 00:00:00,LHL-N-0000,6.5,2400,,,
2001-06-15 00:00:00,LHL-N-0000,5.75,700,,,
2001-06-20 00:00:00,LHL-N-0000,6,500,,,
2001-06-25 00:00:00,LHL-N-0000,6,1700,,,
2001-06-26 00:00:00,LHL-N-0000,6,2100,,,
2001-06-27 00:00:00,LHL-N-0000,6.25,2000,,,
2001-06-28 00:00:00,LHL-N-0000,6.5,700,,,
2001-06-29 00:00:00,LHL-N-0000,6.5,200,,,
2001-07-03 00:00:00,LHL-N-0000,6.5,1000,,,
2001-07-11 00:00:00,LHL-N-0000,6.25,500,,,
2001-08-08 00:00:00,LHL-N-0000,6,500,,,
2001-08-13 00:00:00,LHL-N-0000,5.75,500,,,
2001-08-16 00:00:00,LHL-N-0000,5,3000,,,
2001-09-05 00:00:00,LHL-N-0000,5.25,600,,,
2001-09-06 00:00:00,LHL-N-0000,5.5,5000,,,
2001-09-07 00:00:00,LHL-N-0000,6,2000,,,
2001-09-11 00:00:00,LHL-N-0000,6,500,,,
2001-09-20 00:00:00,LHL-N-0000,6,309300,,,
2001-09-25 00:00:00,LHL-N-0000,6.25,100,,,
2001-09-28 00:00:00,LHL-N-0000,6.5,200,,,
2001-10-01 00:00:00,LHL-N-0000,6.5,4400,,,
2001-10-04 00:00:00,LHL-N-0000,6.5,1032900,,,
2001-10-11 00:00:00,LHL-N-0000,6.5,6500,,,
2001-10-12 00:00:00,LHL-N-0000,7.25,500,,,
2001-10-16 00:00:00,LHL-N-0000,7,100,,,
2001-10-18 00:00:00,LHL-N-0000,6,2200,,,
2001-10-26 00:00:00,LHL-N-0000,6.25,7100,,,
2001-10-29 00:00:00,LHL-N-0000,6.25,200,,,
2001-11-02 00:00:00,LHL-N-0000,7,900,,,
2001-11-06 00:00:00,LHL-N-0000,7,1500,,,
2001-11-16 00:00:00,LHL-N-0000,7,500,,,
2001-11-19 00:00:00,LHL-N-0000,6.75,10500,,,
2001-11-21 00:00:00,LHL-N-0000,7,31000,,,
2001-11-22 00:00:00,LHL-N-0000,6.75,50100,,,
2001-11-26 00:00:00,LHL-N-0000,7,100,,,
2001-12-04 00:00:00,LHL-N-0000,6.5,1300,,,
2001-12-07 00:00:00,LHL-N-0000,8,2500,,,
2001-12-10 00:00:00,LHL-N-0000,9,1700,,,
2001-12-11 00:00:00,LHL-N-0000,9,11200,,,
2001-12-12 00:00:00,LHL-N-0000,8,1800,,,
2001-12-13 00:00:00,LHL-N-0000,8,2100,,,
2001-12-14 00:00:00,LHL-N-0000,8,500,,,
2001-12-17 00:00:00,LHL-N-0000,8.25,2500,,,
2001-12-18 00:00:00,LHL-N-0000,8,1100,,,
2001-12-19 00:00:00,LHL-N-0000,8,1500,,,
2001-12-20 00:00:00,LHL-N-0000,8,500,,,
2001-12-21 00:00:00,LHL-N-0000,8.25,800,,,
2001-12-31 00:00:00,LHL-N-0000,8.5,2000,,,
2002-01-02 00:00:00,LHL-N-0000,8.5,2000,,,
2002-01-03 00:00:00,LHL-N-0000,8.5,1500,,,
2002-01-25 00:00:00,LHL-N-0000,8.75,1500,,,
2002-01-29 00:00:00,LHL-N-0000,9,5000,,,
2002-01-30 00:00:00,LHL-N-0000,9,32100,,,
2002-01-31 00:00:00,LHL-N-0000,9,100,,,
2002-02-01 00:00:00,LHL-N-0000,8.75,500,,,
2002-02-05 00:00:00,LHL-N-0000,8.75,500,,,
2001-01-02 00:00:00,TFC-N-0000,16,100,,,
2001-01-04 00:00:00,TFC-N-0000,16.5,300,,,
2001-01-11 00:00:00,TFC-N-0000,16.5,100,,,
2001-01-16 00:00:00,TFC-N-0000,16,400,,,
2001-01-17 00:00:00,TFC-N-0000,16,100,,,
2001-01-18 00:00:00,TFC-N-0000,16,100,,,
2001-01-19 00:00:00,TFC-N-0000,16.25,1500,,,
2001-01-23 00:00:00,TFC-N-0000,16.5,2400,,,
2001-01-24 00:00:00,TFC-N-0000,16.5,1700,,,
2001-01-25 00:00:00,TFC-N-0000,16.5,400,,,
2001-01-26 00:00:00,TFC-N-0000,16.5,600,,,
2001-01-31 00:00:00,TFC-N-0000,16.5,100,,,
2001-02-01 00:00:00,TFC-N-0000,17,900,,,
2001-02-06 00:00:00,TFC-N-0000,17.5,400,,,
2001-02-08 00:00:00,TFC-N-0000,16.5,3000,,,
2001-02-15 00:00:00,TFC-N-0000,16.5,800,,,
2001-02-16 00:00:00,TFC-N-0000,16.5,300,,,
2001-02-19 00:00:00,TFC-N-0000,16.5,100,,,
2001-02-20 00:00:00,TFC-N-0000,16.5,100,,,
2001-02-22 00:00:00,TFC-N-0000,16.75,300,,,
2001-02-23 00:00:00,TFC-N-0000,16.5,1400,,,
2001-02-26 00:00:00,TFC-N-0000,16.25,100,,,
2001-02-27 00:00:00,TFC-N-0000,16.5,400,,,
2001-02-28 00:00:00,TFC-N-0000,16.75,100,,,
2001-03-01 00:00:00,TFC-N-0000,17,200,,,
2001-03-02 00:00:00,TFC-N-0000,17,200,,,
2001-03-06 00:00:00,TFC-N-0000,17,100,,,
2001-03-12 00:00:00,TFC-N-0000,17,100,,,
2001-03-14 00:00:00,TFC-N-0000,17.25,100,,,
2001-03-20 00:00:00,TFC-N-0000,17.25,100,,,
2001-03-21 00:00:00,TFC-N-0000,17.5,1100,,,
2001-03-22 00:00:00,TFC-N-0000,17.5,100,,,
2001-03-23 00:00:00,TFC-N-0000,17.5,100,,,
2001-03-27 00:00:00,TFC-N-0000,17,2000,,,
2001-03-28 00:00:00,TFC-N-0000,17.5,400,,,
2001-03-29 00:00:00,TFC-N-0000,17.5,500,,,
2001-04-02 00:00:00,TFC-N-0000,17.5,300,,,
2001-04-03 00:00:00,TFC-N-0000,17.5,100,,,
2001-04-06 00:00:00,TFC-N-0000,17.5,100,,,
2001-04-09 00:00:00,TFC-N-0000,17.25,100,,,
2001-04-10 00:00:00,TFC-N-0000,17.25,300,,,
2001-04-19 00:00:00,TFC-N-0000,17.5,100,,,
2001-04-20 00:00:00,TFC-N-0000,17.5,300,,,
2001-04-24 00:00:00,TFC-N-0000,17.5,600,,,
2001-04-25 00:00:00,TFC-N-0000,17.25,400,,,
2001-04-27 00:00:00,TFC-N-0000,17.5,200,,,
2001-04-30 00:00:00,TFC-N-0000,17.25,200,,,
2001-05-03 00:00:00,TFC-N-0000,17,2000,,,
2001-05-11 00:00:00,TFC-N-0000,17,100,,,
2001-05-14 00:00:00,TFC-N-0000,17,100,,,
2001-05-16 00:00:00,TFC-N-0000,16.5,200,,,
2001-05-17 00:00:00,TFC-N-0000,16.5,600,,,
2001-05-18 00:00:00,TFC-N-0000,16.5,100,,,
2001-05-21 00:00:00,TFC-N-0000,16.75,400,,,
2001-05-23 00:00:00,TFC-N-0000,16.75,100,,,
2001-05-25 00:00:00,TFC-N-0000,17,1000,,,
2001-06-01 00:00:00,TFC-N-0000,17,300,,,
2001-06-04 00:00:00,TFC-N-0000,16.5,400,,,
2001-06-06 00:00:00,TFC-N-0000,16.75,100,,,
2001-06-11 00:00:00,TFC-N-0000,16.75,100,,,
2001-06-12 00:00:00,TFC-N-0000,16.5,600,,,
2001-06-13 00:00:00,TFC-N-0000,16.5,100,,,
2001-06-14 00:00:00,TFC-N-0000,17,1700,,,
2001-06-15 00:00:00,TFC-N-0000,17,300,,,
2001-06-21 00:00:00,TFC-N-0000,17.25,100,,,
2001-06-25 00:00:00,TFC-N-0000,17.5,300,,,
2001-06-27 00:00:00,TFC-N-0000,17.75,100,,,
2001-07-04 00:00:00,TFC-N-0000,18.5,200,,,
2001-07-06 00:00:00,TFC-N-0000,19.5,500,,,
2001-07-10 00:00:00,TFC-N-0000,18.75,100,,,
2001-07-18 00:00:00,TFC-N-0000,19.25,600,,,
2001-07-20 00:00:00,TFC-N-0000,19.25,100,,,
2001-07-24 00:00:00,TFC-N-0000,19.25,100,,,
2001-07-25 00:00:00,TFC-N-0000,19.25,100,,,
2001-07-26 00:00:00,TFC-N-0000,19.25,100,,,
2001-07-30 00:00:00,TFC-N-0000,19,200,,,
2001-07-31 00:00:00,TFC-N-0000,19,100,,,
2001-08-06 00:00:00,TFC-N-0000,19,300,,,
2001-08-07 00:00:00,TFC-N-0000,19.5,300,,,
2001-08-09 00:00:00,TFC-N-0000,19.25,100,,,
2001-08-10 00:00:00,TFC-N-0000,19.75,100,,,
2001-08-13 00:00:00,TFC-N-0000,19.5,200,,,
2001-08-14 00:00:00,TFC-N-0000,19.25,400,,,
2001-08-15 00:00:00,TFC-N-0000,19,1100,,,
2001-08-17 00:00:00,TFC-N-0000,18.5,200,,,
2001-08-22 00:00:00,TFC-N-0000,18.5,300,,,
2001-08-23 00:00:00,TFC-N-0000,18.5,200,,,
2001-08-27 00:00:00,TFC-N-0000,19,1000,,,
2001-08-28 00:00:00,TFC-N-0000,19,300,,,
2001-08-29 00:00:00,TFC-N-0000,18.5,200,,,
2001-08-30 00:00:00,TFC-N-0000,18.5,100,,,
2001-08-31 00:00:00,TFC-N-0000,19,1400,,,
2001-09-03 00:00:00,TFC-N-0000,18.5,100,,,
2001-09-04 00:00:00,TFC-N-0000,18.75,700,,,
2001-09-06 00:00:00,TFC-N-0000,19,300,,,
2001-09-07 00:00:00,TFC-N-0000,19,100,,,
2001-09-11 00:00:00,TFC-N-0000,19,100,,,
2001-09-18 00:00:00,TFC-N-0000,18,300,,,
2001-09-25 00:00:00,TFC-N-0000,18.5,100,,,
2001-09-27 00:00:00,TFC-N-0000,18.75,100,,,
2001-09-28 00:00:00,TFC-N-0000,18.75,200,,,
2001-10-01 00:00:00,TFC-N-0000,18.75,100,,,
2001-10-04 00:00:00,TFC-N-0000,19,13900,,,
2001-10-05 00:00:00,TFC-N-0000,18.75,7500,,,
2001-10-10 00:00:00,TFC-N-0000,19,1000,,,
2001-10-11 00:00:00,TFC-N-0000,19,4300,,,
2001-10-12 00:00:00,TFC-N-0000,19,15600,,,
2001-10-15 00:00:00,TFC-N-0000,19,1000,,,
2001-10-16 00:00:00,TFC-N-0000,18.5,600,,,
2001-10-17 00:00:00,TFC-N-0000,18.25,500,,,
2001-10-18 00:00:00,TFC-N-0000,18.75,1200,,,
2001-10-22 00:00:00,TFC-N-0000,19,2000,,,
2001-10-23 00:00:00,TFC-N-0000,19,7000,,,
2001-10-24 00:00:00,TFC-N-0000,19,200,,,
2001-10-25 00:00:00,TFC-N-0000,19,2600,,,
2001-10-30 00:00:00,TFC-N-0000,18.5,2000,,,
2001-11-02 00:00:00,TFC-N-0000,18,100,,,
2001-11-05 00:00:00,TFC-N-0000,18,400,,,
2001-11-06 00:00:00,TFC-N-0000,18,300,,,
2001-11-09 00:00:00,TFC-N-0000,18.75,100,,,
2001-11-12 00:00:00,TFC-N-0000,18.75,100,,,
2001-11-13 00:00:00,TFC-N-0000,17.75,600,,,
2001-11-14 00:00:00,TFC-N-0000,18,400,,,
2001-11-15 00:00:00,TFC-N-0000,19,10000,,,
2001-11-16 00:00:00,TFC-N-0000,20,1500,,,
2001-11-19 00:00:00,TFC-N-0000,20,3200,,,
2001-11-20 00:00:00,TFC-N-0000,20,2100,,,
2001-11-21 00:00:00,TFC-N-0000,20,5300,,,
2001-11-22 00:00:00,TFC-N-0000,20,200,,,
2001-11-23 00:00:00,TFC-N-0000,20,1700,,,
2001-11-26 00:00:00,TFC-N-0000,19.75,200,,,
2001-11-27 00:00:00,TFC-N-0000,19,900,,,
2001-11-28 00:00:00,TFC-N-0000,19.5,4800,,,
2001-11-29 00:00:00,TFC-N-0000,19,1500,,,
2001-12-03 00:00:00,TFC-N-0000,19,2000,,,
2001-12-04 00:00:00,TFC-N-0000,18,1100,,,
2001-12-05 00:00:00,TFC-N-0000,19,1600,,,
2001-12-07 00:00:00,TFC-N-0000,22,7300,,,
2001-12-10 00:00:00,TFC-N-0000,25.5,7500,,,
2001-12-11 00:00:00,TFC-N-0000,23,15300,,,
2001-12-12 00:00:00,TFC-N-0000,22.5,11100,,,
2001-12-13 00:00:00,TFC-N-0000,22.75,2000,,,
2001-12-14 00:00:00,TFC-N-0000,22.5,6900,,,
2001-12-17 00:00:00,TFC-N-0000,22.5,2100,,,
2001-12-18 00:00:00,TFC-N-0000,22,3300,,,
2001-12-20 00:00:00,TFC-N-0000,18,500,,,
2001-12-21 00:00:00,TFC-N-0000,18.75,100,,,
2001-12-31 00:00:00,TFC-N-0000,19,100,,,
2002-01-02 00:00:00,TFC-N-0000,20,200,,,
2002-01-03 00:00:00,TFC-N-0000,22,100,,,
2002-01-04 00:00:00,TFC-N-0000,20.25,400,,,
2002-01-08 00:00:00,TFC-N-0000,20,5100,,,
2002-01-09 00:00:00,TFC-N-0000,19,600,,,
2002-01-10 00:00:00,TFC-N-0000,18.5,600,,,
2002-01-11 00:00:00,TFC-N-0000,18.5,200,,,
2002-01-16 00:00:00,TFC-N-0000,20,700,,,
2002-01-21 00:00:00,TFC-N-0000,19,300,,,
2002-01-22 00:00:00,TFC-N-0000,19,100,,,
2002-01-23 00:00:00,TFC-N-0000,19,200,,,
2002-01-25 00:00:00,TFC-N-0000,19,100,,,
2002-01-30 00:00:00,TFC-N-0000,19.5,300,,,
2002-01-31 00:00:00,TFC-N-0000,19,700,,,
2002-02-01 00:00:00,TFC-N-0000,18.75,200,,,
2002-02-05 00:00:00,TFC-N-0000,18.5,100,,,
2002-02-07 00:00:00,TFC-N-0000,18.5,1300,,,
2002-02-08 00:00:00,TFC-N-0000,18.5,200,,,
2002-02-11 00:00:00,TFC-N-0000,18.75,300,,,
2001-01-03 00:00:00,LION-N-000,12,1000,,,
2001-01-23 00:00:00,LION-N-000,12,100,,,
2001-01-24 00:00:00,LION-N-000,12,100,,,
2001-01-25 00:00:00,LION-N-000,12,400,,,
2001-01-29 00:00:00,LION-N-000,12,500,,,
2001-01-30 00:00:00,LION-N-000,11,1000,,,
2001-02-01 00:00:00,LION-N-000,11,15100,,,
2001-02-02 00:00:00,LION-N-000,11,300,,,
2001-02-13 00:00:00,LION-N-000,10.5,500,,,
2001-02-14 00:00:00,LION-N-000,10.25,1200,,,
2001-02-15 00:00:00,LION-N-000,10.25,500,,,
2001-02-19 00:00:00,LION-N-000,10,500,,,
2001-02-26 00:00:00,LION-N-000,10.5,1700,,,
2001-02-27 00:00:00,LION-N-000,10.5,1000,,,
2001-03-02 00:00:00,LION-N-000,11,2100,,,
2001-03-07 00:00:00,LION-N-000,10.5,200,,,
2001-03-08 00:00:00,LION-N-000,10.5,2100,,,
2001-03-13 00:00:00,LION-N-000,10.5,200,,,
2001-03-14 00:00:00,LION-N-000,10.5,800,,,
2001-03-15 00:00:00,LION-N-000,10.25,100,,,
2001-03-20 00:00:00,LION-N-000,10.25,100,,,
2001-03-21 00:00:00,LION-N-000,10.25,500,,,
2001-03-22 00:00:00,LION-N-000,10.5,500,,,
2001-03-29 00:00:00,LION-N-000,10,100,,,
2001-03-30 00:00:00,LION-N-000,10,1400,,,
2001-04-03 00:00:00,LION-N-000,10,1400,,,
2001-04-27 00:00:00,LION-N-000,10,1300,,,
2001-05-03 00:00:00,LION-N-000,10,500,,,
2001-05-21 00:00:00,LION-N-000,10,400,,,
2001-05-24 00:00:00,LION-N-000,10,500,,,
2001-05-31 00:00:00,LION-N-000,10,900,,,
2001-06-06 00:00:00,LION-N-000,9.5,5400,,,
2001-06-14 00:00:00,LION-N-000,10,200,,,
2001-06-15 00:00:00,LION-N-000,10,5500,,,
2001-06-19 00:00:00,LION-N-000,10,1700,,,
2001-06-20 00:00:00,LION-N-000,10.5,700,,,
2001-06-22 00:00:00,LION-N-000,11,100,,,
2001-06-27 00:00:00,LION-N-000,10.5,100,,,
2001-07-04 00:00:00,LION-N-000,11.5,1000,,,
2001-07-09 00:00:00,LION-N-000,11.5,1700,,,
2001-07-10 00:00:00,LION-N-000,12,2700,,,
2001-07-11 00:00:00,LION-N-000,11.5,1100,,,
2001-07-12 00:00:00,LION-N-000,11.5,500,,,
2001-07-13 00:00:00,LION-N-000,11.5,300,,,
2001-07-16 00:00:00,LION-N-000,11.5,2000,,,
2001-07-17 00:00:00,LION-N-000,11.75,200,,,
2001-07-20 00:00:00,LION-N-000,12,300,,,
2001-07-25 00:00:00,LION-N-000,11.75,11800,,,
2001-07-26 00:00:00,LION-N-000,11,100,,,
2001-07-30 00:00:00,LION-N-000,10,300,,,
2001-08-06 00:00:00,LION-N-000,10,3500,,,
2001-08-07 00:00:00,LION-N-000,10,8800,,,
2001-08-10 00:00:00,LION-N-000,10,100,,,
2001-08-14 00:00:00,LION-N-000,10,300,,,
2001-08-15 00:00:00,LION-N-000,10,100,,,
2001-08-16 00:00:00,LION-N-000,10,5700,,,
2001-08-20 00:00:00,LION-N-000,10,1100,,,
2001-08-22 00:00:00,LION-N-000,10,500,,,
2001-08-28 00:00:00,LION-N-000,10.25,100,,,
2001-09-04 00:00:00,LION-N-000,11,1000,,,
2001-09-07 00:00:00,LION-N-000,12,300,,,
2001-09-11 00:00:00,LION-N-000,12,1600,,,
2001-09-12 00:00:00,LION-N-000,12.5,2500,,,
2001-09-14 00:00:00,LION-N-000,12.5,200,,,
2001-09-17 00:00:00,LION-N-000,13.25,12200,,,
2001-09-18 00:00:00,LION-N-000,11,3300,,,
2001-09-24 00:00:00,LION-N-000,12.75,100,,,
2001-09-25 00:00:00,LION-N-000,12.5,1000,,,
2001-09-26 00:00:00,LION-N-000,12.5,600,,,
2001-10-10 00:00:00,LION-N-000,13.5,1000,,,
2001-10-11 00:00:00,LION-N-000,15.25,4600,,,
2001-10-12 00:00:00,LION-N-000,16.5,49900,,,
2001-10-15 00:00:00,LION-N-000,17,135200,,,
2001-10-16 00:00:00,LION-N-000,17.5,102900,,,
2001-10-17 00:00:00,LION-N-000,16.5,25800,,,
2001-10-18 00:00:00,LION-N-000,16.5,200,,,
2001-10-19 00:00:00,LION-N-000,18,1300,,,
2001-10-22 00:00:00,LION-N-000,19,1200,,,
2001-10-23 00:00:00,LION-N-000,20,3000,,,
2001-10-25 00:00:00,LION-N-000,22,3600,,,
2001-10-26 00:00:00,LION-N-000,23.5,1000,,,
2001-10-29 00:00:00,LION-N-000,27.5,15900,,,
2001-10-30 00:00:00,LION-N-000,35.25,81900,,,
2001-11-01 00:00:00,LION-N-000,30.75,7800,,,
2001-11-05 00:00:00,LION-N-000,32,1200,,,
2001-11-06 00:00:00,LION-N-000,31,2800,,,
2001-11-07 00:00:00,LION-N-000,32,3600,,,
2001-11-08 00:00:00,LION-N-000,32,1800,,,
2001-11-09 00:00:00,LION-N-000,32,2700,,,
2001-11-13 00:00:00,LION-N-000,30.25,700,,,
2001-11-14 00:00:00,LION-N-000,30.5,500,,,
2001-11-15 00:00:00,LION-N-000,32,500,,,
2001-11-16 00:00:00,LION-N-000,33,2300,,,
2001-11-19 00:00:00,LION-N-000,33,6900,,,
2001-11-20 00:00:00,LION-N-000,30,2100,,,
2001-11-21 00:00:00,LION-N-000,32.75,1500,,,
2001-11-22 00:00:00,LION-N-000,33,27900,,,
2001-11-27 00:00:00,LION-N-000,31,1600,,,
2001-11-28 00:00:00,LION-N-000,32,2500,,,
2001-11-29 00:00:00,LION-N-000,32.5,1600,,,
2001-12-03 00:00:00,LION-N-000,32.25,1500,,,
2001-12-04 00:00:00,LION-N-000,31.5,10700,,,
2001-12-05 00:00:00,LION-N-000,33,9900,,,
2001-12-07 00:00:00,LION-N-000,38,21600,,,
2001-12-10 00:00:00,LION-N-000,50,81800,,,
2001-12-11 00:00:00,LION-N-000,46,62600,,,
2001-12-12 00:00:00,LION-N-000,47,23200,,,
2001-12-13 00:00:00,LION-N-000,44,9500,,,
2001-12-14 00:00:00,LION-N-000,44,9700,,,
2001-12-17 00:00:00,LION-N-000,43.25,300,,,
2001-12-18 00:00:00,LION-N-000,42.5,8300,,,
2001-12-19 00:00:00,LION-N-000,40,35800,,,
2001-12-20 00:00:00,LION-N-000,40,7400,,,
2001-12-27 00:00:00,LION-N-000,40,2400,,,
2001-12-28 00:00:00,LION-N-000,42,200,,,
2001-12-31 00:00:00,LION-N-000,43,22400,,,
2002-01-02 00:00:00,LION-N-000,40,300,,,
2002-01-03 00:00:00,LION-N-000,42,1300,,,
2002-01-09 00:00:00,LION-N-000,36,500,,,
2002-01-11 00:00:00,LION-N-000,36.5,300,,,
2002-01-15 00:00:00,LION-N-000,39.75,111800,,,
2002-01-17 00:00:00,LION-N-000,30,103200,,,
2002-01-18 00:00:00,LION-N-000,34.75,301400,,,
2002-01-21 00:00:00,LION-N-000,36,5800,,,
2002-01-22 00:00:00,LION-N-000,35,8200,,,
2002-01-23 00:00:00,LION-N-000,35,1200,,,
2002-01-29 00:00:00,LION-N-000,31.25,500,,,
2002-01-31 00:00:00,LION-N-000,34.5,100,,,
2002-02-08 00:00:00,LION-N-000,37,100,,,
2001-02-13 00:00:00,TAFL-N-000,8.5,500,,,
2001-03-01 00:00:00,TAFL-N-000,7,100,,,
2001-03-13 00:00:00,TAFL-N-000,7.25,3500,,,
2001-03-14 00:00:00,TAFL-N-000,7.25,1500,,,
2001-03-16 00:00:00,TAFL-N-000,7.25,400,,,
2001-03-19 00:00:00,TAFL-N-000,7.25,1000,,,
2001-03-23 00:00:00,TAFL-N-000,7.25,100,,,
2001-03-28 00:00:00,TAFL-N-000,7,500,,,
2001-03-29 00:00:00,TAFL-N-000,6.75,1100,,,
2001-04-03 00:00:00,TAFL-N-000,7,900,,,
2001-04-04 00:00:00,TAFL-N-000,6.75,100,,,
2001-04-11 00:00:00,TAFL-N-000,6,80000,,,
2001-04-24 00:00:00,TAFL-N-000,6.5,33000,,,
2001-04-26 00:00:00,TAFL-N-000,6.5,6800,,,
2001-04-27 00:00:00,TAFL-N-000,6.5,8500,,,
2001-05-02 00:00:00,TAFL-N-000,6.5,100,,,
2001-05-03 00:00:00,TAFL-N-000,6.5,500,,,
2001-05-15 00:00:00,TAFL-N-000,6.25,1900,,,
2001-05-16 00:00:00,TAFL-N-000,6.25,1700,,,
2001-05-22 00:00:00,TAFL-N-000,6.5,500,,,
2001-05-31 00:00:00,TAFL-N-000,6.25,45600,,,
2001-06-21 00:00:00,TAFL-N-000,7.5,200,,,
2001-06-22 00:00:00,TAFL-N-000,8,6200,,,
2001-06-25 00:00:00,TAFL-N-000,8,5900,,,
2001-06-26 00:00:00,TAFL-N-000,7.25,500,,,
2001-07-04 00:00:00,TAFL-N-000,8,1400,,,
2001-07-06 00:00:00,TAFL-N-000,8,100,,,
2001-07-09 00:00:00,TAFL-N-000,7,1100,,,
2001-07-10 00:00:00,TAFL-N-000,7,6600,,,
2001-07-11 00:00:00,TAFL-N-000,7,2300,,,
2001-07-19 00:00:00,TAFL-N-000,6.75,1200,,,
2001-07-24 00:00:00,TAFL-N-000,6.5,700,,,
2001-08-01 00:00:00,TAFL-N-000,6.5,100,,,
2001-08-02 00:00:00,TAFL-N-000,6.75,3500,,,
2001-08-07 00:00:00,TAFL-N-000,6.75,3000,,,
2001-08-08 00:00:00,TAFL-N-000,6.75,2000,,,
2001-08-09 00:00:00,TAFL-N-000,6.75,300,,,
2001-08-10 00:00:00,TAFL-N-000,6.5,1000,,,
2001-08-13 00:00:00,TAFL-N-000,6.5,2700,,,
2001-08-15 00:00:00,TAFL-N-000,6.5,500,,,
2001-08-16 00:00:00,TAFL-N-000,6.25,500,,,
2001-08-17 00:00:00,TAFL-N-000,6.25,600,,,
2001-08-27 00:00:00,TAFL-N-000,7,400,,,
2001-08-29 00:00:00,TAFL-N-000,7,500,,,
2001-08-30 00:00:00,TAFL-N-000,7,1000,,,
2001-09-04 00:00:00,TAFL-N-000,6.75,2600,,,
2001-09-05 00:00:00,TAFL-N-000,7,1000,,,
2001-09-06 00:00:00,TAFL-N-000,7,1000,,,
2001-09-11 00:00:00,TAFL-N-000,7,3000,,,
2001-09-13 00:00:00,TAFL-N-000,7,800,,,
2001-09-19 00:00:00,TAFL-N-000,7,400,,,
2001-09-21 00:00:00,TAFL-N-000,6.25,100,,,
2001-10-10 00:00:00,TAFL-N-000,8,37300,,,
2001-10-11 00:00:00,TAFL-N-000,8.25,15900,,,
2001-10-24 00:00:00,TAFL-N-000,8.5,52700,,,
2001-10-25 00:00:00,TAFL-N-000,8,5900,,,
2001-10-26 00:00:00,TAFL-N-000,8,500,,,
2001-10-29 00:00:00,TAFL-N-000,7.75,5800,,,
2001-11-02 00:00:00,TAFL-N-000,8,100,,,
2001-11-06 00:00:00,TAFL-N-000,7.75,800,,,
2001-11-07 00:00:00,TAFL-N-000,7.5,1700,,,
2001-11-16 00:00:00,TAFL-N-000,8.5,23600,,,
2001-11-19 00:00:00,TAFL-N-000,8.75,40100,,,
2001-11-20 00:00:00,TAFL-N-000,9.5,176600,,,
2001-11-21 00:00:00,TAFL-N-000,10,817500,,,
2001-11-22 00:00:00,TAFL-N-000,10,134300,,,
2001-11-23 00:00:00,TAFL-N-000,9.5,35000,,,
2001-11-26 00:00:00,TAFL-N-000,9,3400,,,
2001-11-27 00:00:00,TAFL-N-000,9,6100,,,
2001-11-28 00:00:00,TAFL-N-000,9.5,9200,,,
2001-11-29 00:00:00,TAFL-N-000,8.75,12400,,,
2001-12-03 00:00:00,TAFL-N-000,8.75,6400,,,
2001-12-04 00:00:00,TAFL-N-000,8.25,4300,,,
2001-12-05 00:00:00,TAFL-N-000,8.5,600,,,
2001-12-07 00:00:00,TAFL-N-000,11.75,378300,,,
2001-12-10 00:00:00,TAFL-N-000,12.25,173000,,,
2001-12-11 00:00:00,TAFL-N-000,10,61000,,,
2001-12-12 00:00:00,TAFL-N-000,10.5,11000,,,
2001-12-13 00:00:00,TAFL-N-000,10,17000,,,
2001-12-14 00:00:00,TAFL-N-000,11,91000,,,
2001-12-17 00:00:00,TAFL-N-000,11,13000,,,
2001-12-18 00:00:00,TAFL-N-000,10,3000,,,
2001-12-19 00:00:00,TAFL-N-000,9.5,10000,,,
2001-12-21 00:00:00,TAFL-N-000,9.5,5800,,,
2001-12-27 00:00:00,TAFL-N-000,10.5,17700,,,
2001-12-28 00:00:00,TAFL-N-000,10.5,17300,,,
2001-12-31 00:00:00,TAFL-N-000,11,9000,,,
2002-01-02 00:00:00,TAFL-N-000,9.75,52100,,,
2002-01-03 00:00:00,TAFL-N-000,9.75,7500,,,
2002-01-04 00:00:00,TAFL-N-000,9.5,2200,,,
2002-01-07 00:00:00,TAFL-N-000,9,100,,,
2002-01-08 00:00:00,TAFL-N-000,9,2000,,,
2002-01-09 00:00:00,TAFL-N-000,9,1000,,,
2002-01-10 00:00:00,TAFL-N-000,9,1700,,,
2002-01-15 00:00:00,TAFL-N-000,7.5,2000,,,
2002-01-16 00:00:00,TAFL-N-000,9.5,7100,,,
2002-01-17 00:00:00,TAFL-N-000,8.25,4000,,,
2002-01-18 00:00:00,TAFL-N-000,8.75,4500,,,
2002-01-21 00:00:00,TAFL-N-000,8.75,1000,,,
2002-01-22 00:00:00,TAFL-N-000,8,2000,,,
2002-01-23 00:00:00,TAFL-N-000,8,500,,,
2002-01-24 00:00:00,TAFL-N-000,8,2000,,,
2002-01-25 00:00:00,TAFL-N-000,8.5,1400,,,
2002-01-29 00:00:00,TAFL-N-000,8,4500,,,
2002-01-30 00:00:00,TAFL-N-000,8,1000,,,
2002-01-31 00:00:00,TAFL-N-000,7.75,5700,,,
2002-02-01 00:00:00,TAFL-N-000,8,5300,,,
2002-02-05 00:00:00,TAFL-N-000,8,800,,,
2002-02-06 00:00:00,TAFL-N-000,8,4900,,,
2002-02-07 00:00:00,TAFL-N-000,7.75,2500,,,
2002-02-08 00:00:00,TAFL-N-000,7.75,2900,,,
2001-01-02 00:00:00,TKYO-N-000,40,100,,,
2001-01-05 00:00:00,TKYO-N-000,38.25,400,,,
2001-01-10 00:00:00,TKYO-N-000,38.5,1000,,,
2001-01-16 00:00:00,TKYO-N-000,40,15500,,,
2001-01-17 00:00:00,TKYO-N-000,38.25,222600,,,
2001-01-18 00:00:00,TKYO-N-000,38.25,200,,,
2001-01-23 00:00:00,TKYO-N-000,38.25,200,,,
2001-01-24 00:00:00,TKYO-N-000,38.25,100,,,
2001-01-25 00:00:00,TKYO-N-000,38.25,1800,,,
2001-01-29 00:00:00,TKYO-N-000,38,100,,,
2001-01-31 00:00:00,TKYO-N-000,38,400,,,
2001-02-08 00:00:00,TKYO-N-000,38,1000,,,
2001-02-13 00:00:00,TKYO-N-000,38,6200,,,
2001-02-19 00:00:00,TKYO-N-000,38,55200,,,
2001-02-20 00:00:00,TKYO-N-000,38,50000,,,
2001-02-21 00:00:00,TKYO-N-000,37,500,,,
2001-02-23 00:00:00,TKYO-N-000,37.25,100,,,
2001-02-26 00:00:00,TKYO-N-000,37,500,,,
2001-03-06 00:00:00,TKYO-N-000,36.5,600,,,
2001-03-07 00:00:00,TKYO-N-000,37,2000,,,
2001-03-08 00:00:00,TKYO-N-000,37,1500,,,
2001-03-12 00:00:00,TKYO-N-000,37,300,,,
2001-03-13 00:00:00,TKYO-N-000,37,200,,,
2001-03-16 00:00:00,TKYO-N-000,35.25,4300,,,
2001-03-27 00:00:00,TKYO-N-000,35,1800,,,
2001-03-28 00:00:00,TKYO-N-000,35,200,,,
2001-04-04 00:00:00,TKYO-N-000,34,700,,,
2001-04-09 00:00:00,TKYO-N-000,34.25,200,,,
2001-04-10 00:00:00,TKYO-N-000,35,1100,,,
2001-04-11 00:00:00,TKYO-N-000,35,7000,,,
2001-04-20 00:00:00,TKYO-N-000,35,500,,,
2001-04-24 00:00:00,TKYO-N-000,35,300,,,
2001-04-25 00:00:00,TKYO-N-000,35,4200,,,
2001-05-15 00:00:00,TKYO-N-000,35.25,1000,,,
2001-05-24 00:00:00,TKYO-N-000,38.5,100,,,
2001-05-30 00:00:00,TKYO-N-000,39,400,,,
2001-05-31 00:00:00,TKYO-N-000,38,2300,,,
2001-06-01 00:00:00,TKYO-N-000,38,3800,,,
2001-06-12 00:00:00,TKYO-N-000,38,2500,,,
2001-06-13 00:00:00,TKYO-N-000,38,200,,,
2001-06-14 00:00:00,TKYO-N-000,38,200,,,
2001-06-15 00:00:00,TKYO-N-000,38,200,,,
2001-06-18 00:00:00,TKYO-N-000,37.25,300,,,
2001-06-19 00:00:00,TKYO-N-000,37,400,,,
2001-06-20 00:00:00,TKYO-N-000,37,100,,,
2001-06-21 00:00:00,TKYO-N-000,38,3900,,,
2001-06-26 00:00:00,TKYO-N-000,38,5100,,,
2001-06-28 00:00:00,TKYO-N-000,38,1000,,,
2001-06-29 00:00:00,TKYO-N-000,39,100,,,
2001-07-02 00:00:00,TKYO-N-000,39.75,100,,,
2001-07-06 00:00:00,TKYO-N-000,40,1000,,,
2001-07-10 00:00:00,TKYO-N-000,38,100,,,
2001-07-11 00:00:00,TKYO-N-000,36,200,,,
2001-07-12 00:00:00,TKYO-N-000,36.25,1300,,,
2001-07-18 00:00:00,TKYO-N-000,36.25,300,,,
2001-07-20 00:00:00,TKYO-N-000,36.75,100,,,
2001-07-23 00:00:00,TKYO-N-000,36.5,300,,,
2001-07-24 00:00:00,TKYO-N-000,35,3400,,,
2001-07-25 00:00:00,TKYO-N-000,35,300,,,
2001-07-26 00:00:00,TKYO-N-000,36,100,,,
2001-07-30 00:00:00,TKYO-N-000,36,200,,,
2001-07-31 00:00:00,TKYO-N-000,35.5,20000,,,
2001-08-07 00:00:00,TKYO-N-000,35.75,500,,,
2001-08-10 00:00:00,TKYO-N-000,35.75,1000,,,
2001-08-15 00:00:00,TKYO-N-000,34,100,,,
2001-08-16 00:00:00,TKYO-N-000,34,56500,,,
2001-08-23 00:00:00,TKYO-N-000,34,300,,,
2001-08-28 00:00:00,TKYO-N-000,35.5,1500,,,
2001-08-29 00:00:00,TKYO-N-000,36,100,,,
2001-09-05 00:00:00,TKYO-N-000,38,1000,,,
2001-09-06 00:00:00,TKYO-N-000,38,600,,,
2001-09-07 00:00:00,TKYO-N-000,38,500,,,
2001-09-17 00:00:00,TKYO-N-000,38,8300,,,
2001-09-18 00:00:00,TKYO-N-000,38,2100,,,
2001-09-24 00:00:00,TKYO-N-000,38,500,,,
2001-09-27 00:00:00,TKYO-N-000,39,2000,,,
2001-09-28 00:00:00,TKYO-N-000,40,6200,,,
2001-10-01 00:00:00,TKYO-N-000,40,1000,,,
2001-10-04 00:00:00,TKYO-N-000,40,1000,,,
2001-10-11 00:00:00,TKYO-N-000,40,6000,,,
2001-10-12 00:00:00,TKYO-N-000,45,4100,,,
2001-10-15 00:00:00,TKYO-N-000,46,24200,,,
2001-10-16 00:00:00,TKYO-N-000,45,1600,,,
2001-10-17 00:00:00,TKYO-N-000,45,5300,,,
2001-10-18 00:00:00,TKYO-N-000,45,2500,,,
2001-10-19 00:00:00,TKYO-N-000,45,3000,,,
2001-10-22 00:00:00,TKYO-N-000,45,21400,,,
2001-10-23 00:00:00,TKYO-N-000,47,49700,,,
2001-10-24 00:00:00,TKYO-N-000,50,26900,,,
2001-10-25 00:00:00,TKYO-N-000,48,800,,,
2001-10-26 00:00:00,TKYO-N-000,49,2100,,,
2001-10-29 00:00:00,TKYO-N-000,52,19600,,,
2001-10-30 00:00:00,TKYO-N-000,52,2000,,,
2001-11-01 00:00:00,TKYO-N-000,51.75,1000,,,
2001-11-02 00:00:00,TKYO-N-000,50.75,10200,,,
2001-11-06 00:00:00,TKYO-N-000,50.75,11200,,,
2001-11-07 00:00:00,TKYO-N-000,50.75,257200,,,
2001-11-08 00:00:00,TKYO-N-000,51,6200,,,
2001-11-09 00:00:00,TKYO-N-000,54,84600,,,
2001-11-12 00:00:00,TKYO-N-000,54.25,300,,,
2001-11-14 00:00:00,TKYO-N-000,56.5,102200,,,
2001-11-15 00:00:00,TKYO-N-000,58.5,1000,,,
2001-11-16 00:00:00,TKYO-N-000,60,20700,,,
2001-11-19 00:00:00,TKYO-N-000,58,500,,,
2001-11-20 00:00:00,TKYO-N-000,58,3000,,,
2001-11-22 00:00:00,TKYO-N-000,60,13800,,,
2001-11-26 00:00:00,TKYO-N-000,60,1000,,,
2001-11-29 00:00:00,TKYO-N-000,59.5,200,,,
2001-12-03 00:00:00,TKYO-N-000,59.5,5200,,,
2001-12-05 00:00:00,TKYO-N-000,59.5,1100,,,
2001-12-07 00:00:00,TKYO-N-000,65,20000,,,
2001-12-10 00:00:00,TKYO-N-000,72,31400,,,
2001-12-11 00:00:00,TKYO-N-000,70,12100,,,
2001-12-12 00:00:00,TKYO-N-000,67,14700,,,
2001-12-13 00:00:00,TKYO-N-000,65,5100,,,
2001-12-14 00:00:00,TKYO-N-000,65,5600,,,
2001-12-18 00:00:00,TKYO-N-000,60,1400,,,
2001-12-19 00:00:00,TKYO-N-000,56,2700,,,
2001-12-21 00:00:00,TKYO-N-000,56,5000,,,
2001-12-28 00:00:00,TKYO-N-000,64.75,10200,,,
2001-12-31 00:00:00,TKYO-N-000,61,116100,,,
2002-01-02 00:00:00,TKYO-N-000,60,1200,,,
2002-01-03 00:00:00,TKYO-N-000,60.5,10600,,,
2002-01-04 00:00:00,TKYO-N-000,60.5,800,,,
2002-01-07 00:00:00,TKYO-N-000,60,40400,,,
2002-01-08 00:00:00,TKYO-N-000,59.25,700,,,
2002-01-09 00:00:00,TKYO-N-000,58.25,2500,,,
2002-01-10 00:00:00,TKYO-N-000,58.25,100,,,
2002-01-11 00:00:00,TKYO-N-000,58,1500,,,
2002-01-15 00:00:00,TKYO-N-000,56.25,2900,,,
2002-01-16 00:00:00,TKYO-N-000,56,500,,,
2002-01-17 00:00:00,TKYO-N-000,55.25,300,,,
2002-01-18 00:00:00,TKYO-N-000,60,100,,,
2002-01-21 00:00:00,TKYO-N-000,60,100,,,
2002-01-22 00:00:00,TKYO-N-000,59,10700,,,
2002-01-23 00:00:00,TKYO-N-000,62,109600,,,
2002-01-24 00:00:00,TKYO-N-000,62,32000,,,
2002-01-25 00:00:00,TKYO-N-000,62,300,,,
2002-01-29 00:00:00,TKYO-N-000,62,1400,,,
2002-01-31 00:00:00,TKYO-N-000,62,200,,,
2002-02-01 00:00:00,TKYO-N-000,61.75,500,,,
2002-02-06 00:00:00,TKYO-N-000,61.25,5000,,,
2002-02-07 00:00:00,TKYO-N-000,61.25,24000,,,
2002-02-08 00:00:00,TKYO-N-000,61.25,500,,,
2001-01-04 00:00:00,TRAN-N-000,20,200,,,
2001-01-11 00:00:00,TRAN-N-000,20,800,,,
2001-01-12 00:00:00,TRAN-N-000,30,5501000,,,
2001-01-16 00:00:00,TRAN-N-000,20.5,420900,,,
2001-01-18 00:00:00,TRAN-N-000,27,200,,,
2001-01-19 00:00:00,TRAN-N-000,30,511500,,,
2001-01-22 00:00:00,TRAN-N-000,22.5,900,,,
2001-01-24 00:00:00,TRAN-N-000,22.5,1700,,,
2001-01-31 00:00:00,TRAN-N-000,24,500,,,
2001-02-06 00:00:00,TRAN-N-000,22.75,400,,,
2001-02-13 00:00:00,TRAN-N-000,24,7500,,,
2001-02-14 00:00:00,TRAN-N-000,23.5,4400,,,
2001-02-16 00:00:00,TRAN-N-000,23.5,600,,,
2001-02-19 00:00:00,TRAN-N-000,23.5,2700,,,
2001-02-21 00:00:00,TRAN-N-000,24,2400,,,
2001-02-22 00:00:00,TRAN-N-000,23.5,200,,,
2001-02-23 00:00:00,TRAN-N-000,23,100,,,
2001-02-26 00:00:00,TRAN-N-000,23,300,,,
2001-02-28 00:00:00,TRAN-N-000,23,100,,,
2001-03-01 00:00:00,TRAN-N-000,23.5,200,,,
2001-03-02 00:00:00,TRAN-N-000,23,600,,,
2001-03-05 00:00:00,TRAN-N-000,23,700,,,
2001-03-08 00:00:00,TRAN-N-000,23,1000,,,
2001-03-13 00:00:00,TRAN-N-000,20,2300,,,
2001-03-19 00:00:00,TRAN-N-000,21,200,,,
2001-03-21 00:00:00,TRAN-N-000,21,200,,,
2001-03-26 00:00:00,TRAN-N-000,21.25,3800,,,
2001-04-02 00:00:00,TRAN-N-000,22.5,10000,,,
2001-04-03 00:00:00,TRAN-N-000,22,1500,,,
2001-04-09 00:00:00,TRAN-N-000,23.75,200,,,
2001-04-10 00:00:00,TRAN-N-000,25,1600,,,
2001-04-11 00:00:00,TRAN-N-000,24.5,200,,,
2001-04-16 00:00:00,TRAN-N-000,32,6596400,,,
2001-04-19 00:00:00,TRAN-N-000,29,100,,,
2001-04-20 00:00:00,TRAN-N-000,25,100,,,
2001-04-24 00:00:00,TRAN-N-000,25,200,,,
2001-04-25 00:00:00,TRAN-N-000,25,300,,,
2001-06-06 00:00:00,TRAN-N-000,23,100,,,
2001-06-12 00:00:00,TRAN-N-000,24,100,,,
2001-06-13 00:00:00,TRAN-N-000,24,500,,,
2001-06-14 00:00:00,TRAN-N-000,24,200,,,
2001-06-21 00:00:00,TRAN-N-000,25,100,,,
2001-06-22 00:00:00,TRAN-N-000,25,500,,,
2001-06-27 00:00:00,TRAN-N-000,23.5,200,,,
2001-06-28 00:00:00,TRAN-N-000,23.5,500,,,
2001-06-29 00:00:00,TRAN-N-000,24.75,600,,,
2001-07-12 00:00:00,TRAN-N-000,22.25,100,,,
2001-07-16 00:00:00,TRAN-N-000,22.75,100,,,
2001-07-19 00:00:00,TRAN-N-000,24,500,,,
2001-07-24 00:00:00,TRAN-N-000,24.25,200,,,
2001-07-25 00:00:00,TRAN-N-000,24.5,400,,,
2001-07-30 00:00:00,TRAN-N-000,24.5,300,,,
2001-07-31 00:00:00,TRAN-N-000,24,400,,,
2001-08-08 00:00:00,TRAN-N-000,24,100,,,
2001-08-13 00:00:00,TRAN-N-000,22,100,,,
2001-08-14 00:00:00,TRAN-N-000,20,100,,,
2001-08-21 00:00:00,TRAN-N-000,19,200,,,
2001-08-24 00:00:00,TRAN-N-000,14.5,51800,,,
2001-08-27 00:00:00,TRAN-N-000,15.25,1500,,,
2001-08-28 00:00:00,TRAN-N-000,15,7900,,,
2001-08-29 00:00:00,TRAN-N-000,15.75,1400,,,
2001-08-30 00:00:00,TRAN-N-000,15.25,200,,,
2001-08-31 00:00:00,TRAN-N-000,16,16100,,,
2001-09-03 00:00:00,TRAN-N-000,16,500,,,
2001-09-04 00:00:00,TRAN-N-000,15.5,3000,,,
2001-09-05 00:00:00,TRAN-N-000,15.5,2000,,,
2001-09-07 00:00:00,TRAN-N-000,15.75,1100,,,
2001-09-11 00:00:00,TRAN-N-000,16,8800,,,
2001-09-12 00:00:00,TRAN-N-000,16,6700,,,
2001-09-13 00:00:00,TRAN-N-000,16,1000,,,
2001-09-14 00:00:00,TRAN-N-000,17.5,1500,,,
2001-09-17 00:00:00,TRAN-N-000,18,5200,,,
2001-09-20 00:00:00,TRAN-N-000,17.5,100,,,
2001-09-21 00:00:00,TRAN-N-000,17.5,1000,,,
2001-09-24 00:00:00,TRAN-N-000,17,1000,,,
2001-09-25 00:00:00,TRAN-N-000,17,100,,,
2001-09-27 00:00:00,TRAN-N-000,17.25,1100,,,
2001-09-28 00:00:00,TRAN-N-000,17.75,800,,,
2001-10-04 00:00:00,TRAN-N-000,17.75,400,,,
2001-10-09 00:00:00,TRAN-N-000,17.5,2000,,,
2001-10-10 00:00:00,TRAN-N-000,18,5800,,,
2001-10-11 00:00:00,TRAN-N-000,19.25,6000,,,
2001-10-12 00:00:00,TRAN-N-000,20,5300,,,
2001-10-15 00:00:00,TRAN-N-000,18,1300,,,
2001-10-16 00:00:00,TRAN-N-000,17.5,3000,,,
2001-10-17 00:00:00,TRAN-N-000,17.5,4700,,,
2001-10-18 00:00:00,TRAN-N-000,19,8100,,,
2001-10-23 00:00:00,TRAN-N-000,20,17700,,,
2001-10-24 00:00:00,TRAN-N-000,21,1500,,,
2001-10-25 00:00:00,TRAN-N-000,19.25,300,,,
2001-10-26 00:00:00,TRAN-N-000,20,100,,,
2001-10-29 00:00:00,TRAN-N-000,20,100,,,
2001-10-30 00:00:00,TRAN-N-000,20,2400,,,
2001-11-02 00:00:00,TRAN-N-000,19.25,5300,,,
2001-11-05 00:00:00,TRAN-N-000,20.25,200,,,
2001-11-12 00:00:00,TRAN-N-000,19,50000,,,
2001-11-13 00:00:00,TRAN-N-000,19.25,300,,,
2001-11-15 00:00:00,TRAN-N-000,19,100,,,
2001-11-16 00:00:00,TRAN-N-000,20,7100,,,
2001-11-19 00:00:00,TRAN-N-000,21.25,6600,,,
2001-11-20 00:00:00,TRAN-N-000,21.25,3000,,,
2001-11-21 00:00:00,TRAN-N-000,21,600,,,
2001-11-22 00:00:00,TRAN-N-000,21,4900,,,
2001-11-23 00:00:00,TRAN-N-000,20,4300,,,
2001-11-26 00:00:00,TRAN-N-000,20,16000,,,
2001-11-27 00:00:00,TRAN-N-000,21,100,,,
2001-11-28 00:00:00,TRAN-N-000,21,2100,,,
2001-11-29 00:00:00,TRAN-N-000,21,1000,,,
2001-12-03 00:00:00,TRAN-N-000,21,5300,,,
2001-12-04 00:00:00,TRAN-N-000,20,1200,,,
2001-12-05 00:00:00,TRAN-N-000,20,100,,,
2001-12-07 00:00:00,TRAN-N-000,30,4400,,,
2001-12-10 00:00:00,TRAN-N-000,28,2700,,,
2001-12-11 00:00:00,TRAN-N-000,26.5,1600,,,
2001-12-12 00:00:00,TRAN-N-000,26,100,,,
2001-12-17 00:00:00,TRAN-N-000,24.5,500,,,
2001-12-21 00:00:00,TRAN-N-000,22.5,500,,,
2001-12-27 00:00:00,TRAN-N-000,22.5,600,,,
2001-12-28 00:00:00,TRAN-N-000,22.5,2400,,,
2001-12-31 00:00:00,TRAN-N-000,22,1000,,,
2002-01-03 00:00:00,TRAN-N-000,22,300,,,
2002-01-07 00:00:00,TRAN-N-000,22,500,,,
2002-01-08 00:00:00,TRAN-N-000,22,100,,,
2002-01-09 00:00:00,TRAN-N-000,21,9000,,,
2002-01-10 00:00:00,TRAN-N-000,20,3600,,,
2002-01-15 00:00:00,TRAN-N-000,20.25,2100,,,
2002-01-16 00:00:00,TRAN-N-000,21,600,,,
2002-01-17 00:00:00,TRAN-N-000,19.75,100,,,
2002-01-21 00:00:00,TRAN-N-000,21.25,1400,,,
2002-01-22 00:00:00,TRAN-N-000,21.75,200,,,
2002-01-23 00:00:00,TRAN-N-000,19,1900,,,
2002-01-24 00:00:00,TRAN-N-000,20,5900,,,
2002-01-25 00:00:00,TRAN-N-000,20,3000,,,
2002-01-30 00:00:00,TRAN-N-000,20,2000,,,
2002-01-31 00:00:00,TRAN-N-000,20.5,5200,,,
2002-02-01 00:00:00,TRAN-N-000,20.5,3000,,,
2002-02-05 00:00:00,TRAN-N-000,21,100,,,
2002-02-08 00:00:00,TRAN-N-000,22,500,,,
2001-01-08 00:00:00,UDPL-N-000,10.5,100,,,
2001-01-11 00:00:00,UDPL-N-000,10.5,700,,,
2001-01-12 00:00:00,UDPL-N-000,10.5,1600,,,
2001-01-16 00:00:00,UDPL-N-000,10.25,700,,,
2001-01-18 00:00:00,UDPL-N-000,10,600,,,
2001-01-19 00:00:00,UDPL-N-000,10,1100,,,
2001-01-22 00:00:00,UDPL-N-000,9.75,800,,,
2001-01-23 00:00:00,UDPL-N-000,10.25,4900,,,
2001-01-24 00:00:00,UDPL-N-000,10,500,,,
2001-01-25 00:00:00,UDPL-N-000,10,1000,,,
2001-01-31 00:00:00,UDPL-N-000,9.75,100,,,
2001-02-01 00:00:00,UDPL-N-000,9.5,2000,,,
2001-02-02 00:00:00,UDPL-N-000,9.5,1000,,,
2001-02-06 00:00:00,UDPL-N-000,9.5,500,,,
2001-02-09 00:00:00,UDPL-N-000,9.75,1000,,,
2001-02-12 00:00:00,UDPL-N-000,10,100,,,
2001-02-13 00:00:00,UDPL-N-000,10,1000,,,
2001-02-16 00:00:00,UDPL-N-000,9.5,1500,,,
2001-02-19 00:00:00,UDPL-N-000,9.5,100,,,
2001-02-23 00:00:00,UDPL-N-000,9.5,100,,,
2001-02-27 00:00:00,UDPL-N-000,9,4400,,,
2001-03-01 00:00:00,UDPL-N-000,9,1300,,,
2001-03-02 00:00:00,UDPL-N-000,9,500,,,
2001-03-05 00:00:00,UDPL-N-000,9,500,,,
2001-03-08 00:00:00,UDPL-N-000,9,1000,,,
2001-03-12 00:00:00,UDPL-N-000,8.75,5800,,,
2001-03-13 00:00:00,UDPL-N-000,9,700,,,
2001-03-14 00:00:00,UDPL-N-000,8.5,700,,,
2001-03-15 00:00:00,UDPL-N-000,8.5,200,,,
2001-03-16 00:00:00,UDPL-N-000,8.75,1000,,,
2001-03-20 00:00:00,UDPL-N-000,8.75,200,,,
2001-03-22 00:00:00,UDPL-N-000,8.75,200,,,
2001-03-23 00:00:00,UDPL-N-000,8,3400,,,
2001-03-27 00:00:00,UDPL-N-000,8,1400,,,
2001-03-28 00:00:00,UDPL-N-000,7.75,2500,,,
2001-03-29 00:00:00,UDPL-N-000,7.5,400,,,
2001-04-03 00:00:00,UDPL-N-000,7.5,7100,,,
2001-04-04 00:00:00,UDPL-N-000,7.5,100,,,
2001-04-09 00:00:00,UDPL-N-000,7.5,1800,,,
2001-04-17 00:00:00,UDPL-N-000,7.5,500,,,
2001-04-19 00:00:00,UDPL-N-000,7.5,3100,,,
2001-04-20 00:00:00,UDPL-N-000,7.5,1000,,,
2001-04-24 00:00:00,UDPL-N-000,7.5,3100,,,
2001-04-27 00:00:00,UDPL-N-000,8,200,,,
2001-04-30 00:00:00,UDPL-N-000,7.75,100,,,
2001-05-04 00:00:00,UDPL-N-000,7.5,200,,,
2001-05-11 00:00:00,UDPL-N-000,7.25,600,,,
2001-05-14 00:00:00,UDPL-N-000,7.5,1000,,,
2001-05-15 00:00:00,UDPL-N-000,7.5,500,,,
2001-05-17 00:00:00,UDPL-N-000,7.5,600,,,
2001-05-18 00:00:00,UDPL-N-000,7.5,4000,,,
2001-05-21 00:00:00,UDPL-N-000,7.75,2500,,,
2001-05-22 00:00:00,UDPL-N-000,7.75,200,,,
2001-05-23 00:00:00,UDPL-N-000,7.75,1700,,,
2001-05-29 00:00:00,UDPL-N-000,8,2300,,,
2001-05-30 00:00:00,UDPL-N-000,8,5900,,,
2001-05-31 00:00:00,UDPL-N-000,8,1800,,,
2001-06-01 00:00:00,UDPL-N-000,7.5,3000,,,
2001-06-04 00:00:00,UDPL-N-000,7.75,15700,,,
2001-06-06 00:00:00,UDPL-N-000,7.5,1500,,,
2001-06-08 00:00:00,UDPL-N-000,7.5,500,,,
2001-06-12 00:00:00,UDPL-N-000,7.25,3500,,,
2001-06-13 00:00:00,UDPL-N-000,7,300,,,
2001-06-14 00:00:00,UDPL-N-000,7.25,6000,,,
2001-06-21 00:00:00,UDPL-N-000,7.5,47900,,,
2001-06-22 00:00:00,UDPL-N-000,7.75,2400,,,
2001-06-25 00:00:00,UDPL-N-000,7.25,5000,,,
2001-06-26 00:00:00,UDPL-N-000,7,2000,,,
2001-06-28 00:00:00,UDPL-N-000,7.25,1000,,,
2001-06-29 00:00:00,UDPL-N-000,7,3700,,,
2001-07-02 00:00:00,UDPL-N-000,7,3000,,,
2001-07-03 00:00:00,UDPL-N-000,7.25,3000,,,
2001-07-04 00:00:00,UDPL-N-000,7.25,13100,,,
2001-07-10 00:00:00,UDPL-N-000,7.25,200,,,
2001-07-11 00:00:00,UDPL-N-000,7,4500,,,
2001-07-12 00:00:00,UDPL-N-000,7.25,500,,,
2001-07-17 00:00:00,UDPL-N-000,7,400,,,
2001-07-18 00:00:00,UDPL-N-000,7,300,,,
2001-07-19 00:00:00,UDPL-N-000,7,500,,,
2001-07-23 00:00:00,UDPL-N-000,6.75,4000,,,
2001-07-24 00:00:00,UDPL-N-000,6.75,9700,,,
2001-08-06 00:00:00,UDPL-N-000,6.75,1200,,,
2001-08-07 00:00:00,UDPL-N-000,6.75,500,,,
2001-08-10 00:00:00,UDPL-N-000,6.5,600,,,
2001-08-13 00:00:00,UDPL-N-000,6.25,1200,,,
2001-08-14 00:00:00,UDPL-N-000,5.75,4800,,,
2001-08-15 00:00:00,UDPL-N-000,5.75,200,,,
2001-08-17 00:00:00,UDPL-N-000,6,600,,,
2001-08-20 00:00:00,UDPL-N-000,6,1000,,,
2001-08-21 00:00:00,UDPL-N-000,6.25,1200,,,
2001-08-30 00:00:00,UDPL-N-000,6,1500,,,
2001-09-04 00:00:00,UDPL-N-000,6,1700,,,
2001-09-05 00:00:00,UDPL-N-000,6,600,,,
2001-09-13 00:00:00,UDPL-N-000,6,1500,,,
2001-09-14 00:00:00,UDPL-N-000,6,100,,,
2001-09-25 00:00:00,UDPL-N-000,6,5100,,,
2001-09-26 00:00:00,UDPL-N-000,5.75,1400,,,
2001-10-01 00:00:00,UDPL-N-000,6,500,,,
2001-10-09 00:00:00,UDPL-N-000,6,63200,,,
2001-10-10 00:00:00,UDPL-N-000,7,14000,,,
2001-10-11 00:00:00,UDPL-N-000,8,8600,,,
2001-10-12 00:00:00,UDPL-N-000,8,30400,,,
2001-10-15 00:00:00,UDPL-N-000,6.25,21400,,,
2001-10-16 00:00:00,UDPL-N-000,6.25,67300,,,
2001-10-17 00:00:00,UDPL-N-000,6.25,58700,,,
2001-10-18 00:00:00,UDPL-N-000,6.25,71200,,,
2001-10-19 00:00:00,UDPL-N-000,6.25,76400,,,
2001-10-22 00:00:00,UDPL-N-000,6,688500,,,
2001-10-23 00:00:00,UDPL-N-000,6.75,15300,,,
2001-10-24 00:00:00,UDPL-N-000,6.75,37000,,,
2001-10-25 00:00:00,UDPL-N-000,6.5,2500,,,
2001-10-26 00:00:00,UDPL-N-000,6.5,19500,,,
2001-10-29 00:00:00,UDPL-N-000,6.75,21600,,,
2001-10-30 00:00:00,UDPL-N-000,6.5,1000,,,
2001-11-01 00:00:00,UDPL-N-000,6.5,8000,,,
2001-11-02 00:00:00,UDPL-N-000,6.5,2000,,,
2001-11-05 00:00:00,UDPL-N-000,6.5,1000,,,
2001-11-06 00:00:00,UDPL-N-000,6.25,9000,,,
2001-11-07 00:00:00,UDPL-N-000,6,2200,,,
2001-11-08 00:00:00,UDPL-N-000,6.25,1500,,,
2001-11-09 00:00:00,UDPL-N-000,6.25,1600,,,
2001-11-13 00:00:00,UDPL-N-000,6.5,1000,,,
2001-11-14 00:00:00,UDPL-N-000,6.75,12200,,,
2001-11-15 00:00:00,UDPL-N-000,7.25,59300,,,
2001-11-16 00:00:00,UDPL-N-000,7.75,56400,,,
2001-11-19 00:00:00,UDPL-N-000,9,187900,,,
2001-11-20 00:00:00,UDPL-N-000,8.75,51000,,,
2001-11-21 00:00:00,UDPL-N-000,9.25,46900,,,
2001-11-22 00:00:00,UDPL-N-000,9.75,119100,,,
2001-11-23 00:00:00,UDPL-N-000,9.5,24700,,,
2001-11-26 00:00:00,UDPL-N-000,8.75,44800,,,
2001-11-27 00:00:00,UDPL-N-000,8.75,29700,,,
2001-11-28 00:00:00,UDPL-N-000,9.5,20100,,,
2001-11-29 00:00:00,UDPL-N-000,9,34000,,,
2001-12-03 00:00:00,UDPL-N-000,9.25,83600,,,
2001-12-04 00:00:00,UDPL-N-000,8.5,14400,,,
2001-12-05 00:00:00,UDPL-N-000,9.25,25200,,,
2001-12-07 00:00:00,UDPL-N-000,14,146000,,,
2001-12-10 00:00:00,UDPL-N-000,14.75,98200,,,
2001-12-11 00:00:00,UDPL-N-000,14,104100,,,
2001-12-12 00:00:00,UDPL-N-000,12.5,31300,,,
2001-12-13 00:00:00,UDPL-N-000,11.25,11600,,,
2001-12-14 00:00:00,UDPL-N-000,12,7300,,,
2001-12-17 00:00:00,UDPL-N-000,11.5,24200,,,
2001-12-18 00:00:00,UDPL-N-000,11,11800,,,
2001-12-19 00:00:00,UDPL-N-000,9.5,17100,,,
2001-12-20 00:00:00,UDPL-N-000,10.25,8500,,,
2001-12-21 00:00:00,UDPL-N-000,10,1000,,,
2001-12-27 00:00:00,UDPL-N-000,10.75,9100,,,
2001-12-28 00:00:00,UDPL-N-000,11.25,11700,,,
2001-12-31 00:00:00,UDPL-N-000,11,18000,,,
2002-01-02 00:00:00,UDPL-N-000,10.5,1500,,,
2002-01-03 00:00:00,UDPL-N-000,10.5,5600,,,
2002-01-04 00:00:00,UDPL-N-000,10,1900,,,
2002-01-07 00:00:00,UDPL-N-000,9.75,6700,,,
2002-01-08 00:00:00,UDPL-N-000,9.5,600,,,
2002-01-09 00:00:00,UDPL-N-000,9.25,5100,,,
2002-01-10 00:00:00,UDPL-N-000,9.25,10100,,,
2002-01-11 00:00:00,UDPL-N-000,9.25,1800,,,
2002-01-15 00:00:00,UDPL-N-000,9.25,8900,,,
2002-01-16 00:00:00,UDPL-N-000,9.25,400,,,
2002-01-17 00:00:00,UDPL-N-000,8.75,2100,,,
2002-01-18 00:00:00,UDPL-N-000,9.75,5100,,,
2002-01-21 00:00:00,UDPL-N-000,9.75,2000,,,
2002-01-22 00:00:00,UDPL-N-000,9.25,2900,,,
2002-01-23 00:00:00,UDPL-N-000,9.25,3000,,,
2002-01-24 00:00:00,UDPL-N-000,9,100,,,
2002-01-25 00:00:00,UDPL-N-000,9,1300,,,
2002-01-29 00:00:00,UDPL-N-000,9,400,,,
2002-01-30 00:00:00,UDPL-N-000,9,1100,,,
2002-01-31 00:00:00,UDPL-N-000,9,100,,,
2002-02-01 00:00:00,UDPL-N-000,8.75,2300,,,
2002-02-06 00:00:00,UDPL-N-000,8.75,2400,,,
2002-02-07 00:00:00,UDPL-N-000,9.25,6600,,,
2002-02-08 00:00:00,UDPL-N-000,9,100,,,
2002-02-11 00:00:00,UDPL-N-000,9.5,200,,,
2001-01-02 00:00:00,UAL-N-0000,29,500,,,
2001-01-11 00:00:00,UAL-N-0000,30,500,,,
2001-01-12 00:00:00,UAL-N-0000,30,1000,,,
2001-01-16 00:00:00,UAL-N-0000,29.5,100,,,
2001-01-17 00:00:00,UAL-N-0000,29.5,100,,,
2001-01-19 00:00:00,UAL-N-0000,30,1500,,,
2001-01-25 00:00:00,UAL-N-0000,30,2500,,,
2001-01-30 00:00:00,UAL-N-0000,30.75,100,,,
2001-02-01 00:00:00,UAL-N-0000,30,900,,,
2001-02-02 00:00:00,UAL-N-0000,30,1000,,,
2001-02-13 00:00:00,UAL-N-0000,30,1000,,,
2001-02-14 00:00:00,UAL-N-0000,30,200,,,
2001-02-20 00:00:00,UAL-N-0000,30,100,,,
2001-02-22 00:00:00,UAL-N-0000,30,200,,,
2001-02-23 00:00:00,UAL-N-0000,30,2100,,,
2001-02-26 00:00:00,UAL-N-0000,31,300,,,
2001-02-27 00:00:00,UAL-N-0000,31,200,,,
2001-03-08 00:00:00,UAL-N-0000,30,200,,,
2001-03-13 00:00:00,UAL-N-0000,30,12500,,,
2001-03-16 00:00:00,UAL-N-0000,30.25,300,,,
2001-03-20 00:00:00,UAL-N-0000,31,100,,,
2001-03-21 00:00:00,UAL-N-0000,31,300,,,
2001-03-23 00:00:00,UAL-N-0000,31,100,,,
2001-03-27 00:00:00,UAL-N-0000,30.5,100,,,
2001-03-28 00:00:00,UAL-N-0000,30,700,,,
2001-03-29 00:00:00,UAL-N-0000,30,100,,,
2001-04-04 00:00:00,UAL-N-0000,30.25,100,,,
2001-04-10 00:00:00,UAL-N-0000,32.75,100,,,
2001-04-11 00:00:00,UAL-N-0000,32.5,200,,,
2001-04-17 00:00:00,UAL-N-0000,32.5,2300,,,
2001-04-18 00:00:00,UAL-N-0000,32,100,,,
2001-04-19 00:00:00,UAL-N-0000,31,10600,,,
2001-04-23 00:00:00,UAL-N-0000,31,900,,,
2001-04-24 00:00:00,UAL-N-0000,29,10500,,,
2001-04-26 00:00:00,UAL-N-0000,28.75,1000,,,
2001-05-10 00:00:00,UAL-N-0000,29,11100,,,
2001-05-14 00:00:00,UAL-N-0000,29,200,,,
2001-05-21 00:00:00,UAL-N-0000,30,100,,,
2001-05-22 00:00:00,UAL-N-0000,29,400,,,
2001-05-31 00:00:00,UAL-N-0000,28.75,1500,,,
2001-06-04 00:00:00,UAL-N-0000,29,100,,,
2001-06-08 00:00:00,UAL-N-0000,31,100,,,
2001-06-11 00:00:00,UAL-N-0000,29,100,,,
2001-06-14 00:00:00,UAL-N-0000,30,1400,,,
2001-06-15 00:00:00,UAL-N-0000,30,200,,,
2001-06-18 00:00:00,UAL-N-0000,30.25,100,,,
2001-06-19 00:00:00,UAL-N-0000,30.25,400,,,
2001-06-20 00:00:00,UAL-N-0000,30.25,2400,,,
2001-07-03 00:00:00,UAL-N-0000,31,300,,,
2001-07-04 00:00:00,UAL-N-0000,31,100,,,
2001-07-11 00:00:00,UAL-N-0000,29,100,,,
2001-07-12 00:00:00,UAL-N-0000,30,300,,,
2001-07-18 00:00:00,UAL-N-0000,30,100,,,
2001-07-30 00:00:00,UAL-N-0000,31,100,,,
2001-08-13 00:00:00,UAL-N-0000,30,500,,,
2001-08-14 00:00:00,UAL-N-0000,30,500,,,
2001-08-29 00:00:00,UAL-N-0000,30,6500,,,
2001-09-03 00:00:00,UAL-N-0000,30,900,,,
2001-09-11 00:00:00,UAL-N-0000,29,1000,,,
2001-09-19 00:00:00,UAL-N-0000,28.5,2400,,,
2001-10-10 00:00:00,UAL-N-0000,30,3000,,,
2001-10-11 00:00:00,UAL-N-0000,35,5100,,,
2001-10-12 00:00:00,UAL-N-0000,35,11600,,,
2001-10-15 00:00:00,UAL-N-0000,35.5,200,,,
2001-10-16 00:00:00,UAL-N-0000,34.5,100,,,
2001-10-23 00:00:00,UAL-N-0000,34.75,100,,,
2001-10-24 00:00:00,UAL-N-0000,35,200,,,
2001-10-25 00:00:00,UAL-N-0000,35,100,,,
2001-11-01 00:00:00,UAL-N-0000,34.5,100,,,
2001-11-12 00:00:00,UAL-N-0000,34.5,100,,,
2001-11-14 00:00:00,UAL-N-0000,34.5,3700,,,
2001-11-15 00:00:00,UAL-N-0000,37,15500,,,
2001-11-19 00:00:00,UAL-N-0000,37,3000,,,
2001-11-20 00:00:00,UAL-N-0000,37,8500,,,
2001-11-27 00:00:00,UAL-N-0000,36,100,,,
2001-11-29 00:00:00,UAL-N-0000,36,1000,,,
2001-12-04 00:00:00,UAL-N-0000,31.25,2200,,,
2001-12-07 00:00:00,UAL-N-0000,38.75,36500,,,
2001-12-10 00:00:00,UAL-N-0000,40.25,41600,,,
2001-12-11 00:00:00,UAL-N-0000,35,5400,,,
2001-12-12 00:00:00,UAL-N-0000,36,7500,,,
2001-12-13 00:00:00,UAL-N-0000,36.5,100,,,
2001-12-14 00:00:00,UAL-N-0000,38,2700,,,
2001-12-17 00:00:00,UAL-N-0000,38.5,3600,,,
2001-12-18 00:00:00,UAL-N-0000,38,1500,,,
2001-12-19 00:00:00,UAL-N-0000,34,10200,,,
2001-12-21 00:00:00,UAL-N-0000,35,3000,,,
2001-12-27 00:00:00,UAL-N-0000,35,3200,,,
2001-12-28 00:00:00,UAL-N-0000,35.5,1300,,,
2001-12-31 00:00:00,UAL-N-0000,35.5,9900,,,
2002-01-03 00:00:00,UAL-N-0000,35.5,900,,,
2002-01-07 00:00:00,UAL-N-0000,35,3000,,,
2002-01-08 00:00:00,UAL-N-0000,34,1000,,,
2002-01-09 00:00:00,UAL-N-0000,34,1700,,,
2002-01-10 00:00:00,UAL-N-0000,33,5800,,,
2002-01-11 00:00:00,UAL-N-0000,33,3200,,,
2002-01-15 00:00:00,UAL-N-0000,30,11400,,,
2002-01-16 00:00:00,UAL-N-0000,30,2700,,,
2002-01-17 00:00:00,UAL-N-0000,29,3200,,,
2002-01-18 00:00:00,UAL-N-0000,35,200,,,
2002-01-22 00:00:00,UAL-N-0000,33,4500,,,
2002-01-23 00:00:00,UAL-N-0000,32,5500,,,
2002-01-25 00:00:00,UAL-N-0000,33.75,100,,,
2002-01-30 00:00:00,UAL-N-0000,34.25,300,,,
2002-01-31 00:00:00,UAL-N-0000,33.75,900,,,
2001-01-05 00:00:00,UCAR-N-000,22.5,1000,,,
2001-01-10 00:00:00,UCAR-N-000,22.75,200,,,
2001-01-24 00:00:00,UCAR-N-000,20.25,100,,,
2001-03-21 00:00:00,UCAR-N-000,20.25,100,,,
2001-03-27 00:00:00,UCAR-N-000,20.5,200,,,
2001-04-09 00:00:00,UCAR-N-000,18.5,300,,,
2001-04-11 00:00:00,UCAR-N-000,18.5,200,,,
2001-06-04 00:00:00,UCAR-N-000,19.5,500,,,
2001-06-25 00:00:00,UCAR-N-000,22.25,300,,,
2001-08-07 00:00:00,UCAR-N-000,24,100,,,
2001-08-08 00:00:00,UCAR-N-000,24,300,,,
2001-08-16 00:00:00,UCAR-N-000,22.75,100,,,
2001-08-17 00:00:00,UCAR-N-000,22.75,100,,,
2001-10-12 00:00:00,UCAR-N-000,22.75,1100,,,
2001-11-28 00:00:00,UCAR-N-000,25,100,,,
2001-12-03 00:00:00,UCAR-N-000,29,600,,,
2001-12-04 00:00:00,UCAR-N-000,29,300,,,
2001-12-07 00:00:00,UCAR-N-000,31.25,5200,,,
2001-12-10 00:00:00,UCAR-N-000,45,5400,,,
2001-12-21 00:00:00,UCAR-N-000,41.75,400,,,
2002-01-04 00:00:00,UCAR-N-000,31.5,5000,,,
2001-01-04 00:00:00,UML-N-0000,29.75,200,,,
2001-01-11 00:00:00,UML-N-0000,28.5,200,,,
2001-01-16 00:00:00,UML-N-0000,28,100,,,
2001-01-19 00:00:00,UML-N-0000,28,200,,,
2001-01-24 00:00:00,UML-N-0000,27.5,200,,,
2001-01-25 00:00:00,UML-N-0000,28,300,,,
2001-02-08 00:00:00,UML-N-0000,28,1500,,,
2001-02-13 00:00:00,UML-N-0000,28,1700,,,
2001-02-16 00:00:00,UML-N-0000,27,400,,,
2001-03-02 00:00:00,UML-N-0000,25.25,1800,,,
2001-03-07 00:00:00,UML-N-0000,26,300,,,
2001-03-13 00:00:00,UML-N-0000,27,500,,,
2001-03-20 00:00:00,UML-N-0000,27,100,,,
2001-03-21 00:00:00,UML-N-0000,27,800,,,
2001-03-22 00:00:00,UML-N-0000,27,1000,,,
2001-03-26 00:00:00,UML-N-0000,27,300,,,
2001-03-27 00:00:00,UML-N-0000,28,100,,,
2001-04-02 00:00:00,UML-N-0000,28,200,,,
2001-04-06 00:00:00,UML-N-0000,28,400,,,
2001-04-09 00:00:00,UML-N-0000,27.5,1100,,,
2001-04-10 00:00:00,UML-N-0000,27.5,300,,,
2001-04-20 00:00:00,UML-N-0000,23.5,200,,,
2001-05-04 00:00:00,UML-N-0000,27,400,,,
2001-05-24 00:00:00,UML-N-0000,28.5,100,,,
2001-05-29 00:00:00,UML-N-0000,28,1300,,,
2001-05-30 00:00:00,UML-N-0000,28,600,,,
2001-06-06 00:00:00,UML-N-0000,29,100,,,
2001-06-07 00:00:00,UML-N-0000,28.5,100,,,
2001-06-11 00:00:00,UML-N-0000,28.25,300,,,
2001-06-12 00:00:00,UML-N-0000,28.75,200,,,
2001-06-14 00:00:00,UML-N-0000,27.5,1200,,,
2001-06-28 00:00:00,UML-N-0000,27.5,100,,,
2001-07-10 00:00:00,UML-N-0000,29,100,,,
2001-07-11 00:00:00,UML-N-0000,28.25,600,,,
2001-07-13 00:00:00,UML-N-0000,29.5,200,,,
2001-07-16 00:00:00,UML-N-0000,29.5,2000,,,
2001-07-19 00:00:00,UML-N-0000,28.5,500,,,
2001-07-20 00:00:00,UML-N-0000,28.5,400,,,
2001-07-24 00:00:00,UML-N-0000,29.5,500,,,
2001-07-27 00:00:00,UML-N-0000,30,28900,,,
2001-08-08 00:00:00,UML-N-0000,31.25,400,,,
2001-08-14 00:00:00,UML-N-0000,32,100,,,
2001-08-15 00:00:00,UML-N-0000,32,100,,,
2001-08-16 00:00:00,UML-N-0000,32,1100,,,
2001-08-20 00:00:00,UML-N-0000,31.75,300,,,
2001-08-21 00:00:00,UML-N-0000,32,100,,,
2001-08-29 00:00:00,UML-N-0000,30,1000,,,
2001-08-31 00:00:00,UML-N-0000,30.25,400,,,
2001-09-03 00:00:00,UML-N-0000,30,100,,,
2001-09-04 00:00:00,UML-N-0000,30,100,,,
2001-09-17 00:00:00,UML-N-0000,31,200,,,
2001-09-19 00:00:00,UML-N-0000,30.5,700,,,
2001-09-24 00:00:00,UML-N-0000,30.5,800,,,
2001-10-03 00:00:00,UML-N-0000,31,100,,,
2001-10-12 00:00:00,UML-N-0000,31,300,,,
2001-10-24 00:00:00,UML-N-0000,31.25,100,,,
2001-10-30 00:00:00,UML-N-0000,31.25,1600,,,
2001-11-07 00:00:00,UML-N-0000,31.75,100,,,
2001-11-15 00:00:00,UML-N-0000,31,400,,,
2001-11-22 00:00:00,UML-N-0000,31,300,,,
2001-11-26 00:00:00,UML-N-0000,31.25,500,,,
2001-11-29 00:00:00,UML-N-0000,31.75,100,,,
2001-12-04 00:00:00,UML-N-0000,31.75,1000,,,
2001-12-11 00:00:00,UML-N-0000,35.5,500,,,
2001-12-12 00:00:00,UML-N-0000,36,600,,,
2001-12-17 00:00:00,UML-N-0000,36,500,,,
2001-12-18 00:00:00,UML-N-0000,36,1000,,,
2002-01-10 00:00:00,UML-N-0000,36,100,,,
2001-01-24 00:00:00,UPIN-N-000,750,200,,,
2001-01-25 00:00:00,UPIN-N-000,750,200,,,
2001-12-12 00:00:00,UPIN-N-000,400,400,,,
2001-01-03 00:00:00,VANI-N-000,0.7,15600,,,
2001-01-04 00:00:00,VANI-N-000,0.7,59200,,,
2001-01-04 00:00:00,VANI-X-000,0.5,15000,,,
2001-01-05 00:00:00,VANI-D-001,18,500,,,
2001-01-05 00:00:00,VANI-N-000,0.7,4000,,,
2001-01-05 00:00:00,VANI-X-000,0.5,1500,,,
2001-01-08 00:00:00,VANI-D-001,19,200,,,
2001-01-08 00:00:00,VANI-N-000,0.8,189200,,,
2001-01-08 00:00:00,VANI-X-000,0.6,8000,,,
2001-01-10 00:00:00,VANI-D-001,20,300,,,
2001-01-10 00:00:00,VANI-N-000,0.8,145100,,,
2001-01-10 00:00:00,VANI-X-000,0.6,21000,,,
2001-01-11 00:00:00,VANI-N-000,0.7,133000,,,
2001-01-11 00:00:00,VANI-X-000,0.6,11000,,,
2001-01-12 00:00:00,VANI-D-001,20.5,600,,,
2001-01-12 00:00:00,VANI-N-000,0.7,2000,,,
2001-01-12 00:00:00,VANI-X-000,0.6,2500,,,
2001-01-16 00:00:00,VANI-X-000,0.6,25000,,,
2001-01-17 00:00:00,VANI-N-000,0.7,5500,,,
2001-01-18 00:00:00,VANI-D-001,20.5,700,,,
2001-01-18 00:00:00,VANI-N-000,0.7,23800,,,
2001-01-18 00:00:00,VANI-X-000,0.6,4800,,,
2001-01-19 00:00:00,VANI-D-001,21.5,300,,,
2001-01-22 00:00:00,VANI-D-001,20.5,1000,,,
2001-01-22 00:00:00,VANI-N-000,0.7,3300,,,
2001-01-23 00:00:00,VANI-N-000,0.8,5000,,,
2001-01-24 00:00:00,VANI-D-001,20,27600,,,
2001-01-24 00:00:00,VANI-N-000,0.7,17200,,,
2001-01-25 00:00:00,VANI-N-000,0.7,77600,,,
2001-01-26 00:00:00,VANI-N-000,0.7,5100,,,
2001-01-29 00:00:00,VANI-D-001,20.25,200,,,
2001-01-29 00:00:00,VANI-N-000,0.7,11900,,,
2001-01-29 00:00:00,VANI-X-000,0.5,300,,,
2001-01-30 00:00:00,VANI-N-000,0.7,5700,,,
2001-01-31 00:00:00,VANI-D-001,22,4100,,,
2001-01-31 00:00:00,VANI-N-000,0.7,10500,,,
2001-01-31 00:00:00,VANI-X-000,0.5,3500,,,
2001-02-01 00:00:00,VANI-D-001,22.75,1400,,,
2001-02-01 00:00:00,VANI-N-000,0.8,250200,,,
2001-02-01 00:00:00,VANI-X-000,0.5,18100,,,
2001-02-02 00:00:00,VANI-D-001,22.5,100,,,
2001-02-06 00:00:00,VANI-D-001,23,8000,,,
2001-02-06 00:00:00,VANI-N-000,0.8,1000,,,
2001-02-08 00:00:00,VANI-D-001,22.75,2500,,,
2001-02-09 00:00:00,VANI-N-000,0.7,43000,,,
2001-02-09 00:00:00,VANI-X-000,0.5,10000,,,
2001-02-12 00:00:00,VANI-D-001,22,4500,,,
2001-02-12 00:00:00,VANI-N-000,0.7,130000,,,
2001-02-12 00:00:00,VANI-X-000,0.5,28400,,,
2001-02-13 00:00:00,VANI-D-001,21.75,1000,,,
2001-02-14 00:00:00,VANI-N-000,0.7,5300,,,
2001-02-15 00:00:00,VANI-D-001,20,13500,,,
2001-02-16 00:00:00,VANI-D-001,20,2900,,,
2001-02-16 00:00:00,VANI-N-000,0.8,10000,,,
2001-02-19 00:00:00,VANI-D-001,20.25,200,,,
2001-02-19 00:00:00,VANI-N-000,0.7,1000,,,
2001-02-19 00:00:00,VANI-X-000,0.6,1000,,,
2001-02-20 00:00:00,VANI-D-001,20,1800,,,
2001-02-20 00:00:00,VANI-N-000,0.7,900,,,
2001-02-21 00:00:00,VANI-D-001,19,5200,,,
2001-02-21 00:00:00,VANI-N-000,0.7,30500,,,
2001-02-21 00:00:00,VANI-X-000,0.5,6500,,,
2001-02-22 00:00:00,VANI-D-001,20,100,,,
2001-02-22 00:00:00,VANI-N-000,0.7,74200,,,
2001-02-23 00:00:00,VANI-D-001,20,100,,,
2001-02-23 00:00:00,VANI-X-000,0.5,24700,,,
2001-02-26 00:00:00,VANI-N-000,0.7,45800,,,
2001-02-26 00:00:00,VANI-X-000,0.5,5000,,,
2001-02-27 00:00:00,VANI-D-001,20,100,,,
2001-02-27 00:00:00,VANI-X-000,0.5,60000,,,
2001-02-28 00:00:00,VANI-D-001,19,700,,,
2001-02-28 00:00:00,VANI-N-000,0.7,3000,,,
2001-02-28 00:00:00,VANI-X-000,0.5,6000,,,
2001-03-01 00:00:00,VANI-D-001,20,300,,,
2001-03-01 00:00:00,VANI-N-000,0.6,22000,,,
2001-03-01 00:00:00,VANI-X-000,0.5,2000,,,
2001-03-02 00:00:00,VANI-D-001,19,4800,,,
2001-03-05 00:00:00,VANI-N-000,0.6,42000,,,
2001-03-06 00:00:00,VANI-N-000,0.5,16500,,,
2001-03-06 00:00:00,VANI-X-000,0.4,21000,,,
2001-03-07 00:00:00,VANI-D-001,19,600,,,
2001-03-07 00:00:00,VANI-N-000,0.5,22000,,,
2001-03-08 00:00:00,VANI-N-000,0.6,8800,,,
2001-03-08 00:00:00,VANI-X-000,0.4,1000,,,
2001-03-12 00:00:00,VANI-D-001,18.5,800,,,
2001-03-12 00:00:00,VANI-N-000,0.6,8800,,,
2001-03-12 00:00:00,VANI-X-000,0.4,500,,,
2001-03-13 00:00:00,VANI-N-000,0.5,12400,,,
2001-03-13 00:00:00,VANI-X-000,0.4,2500,,,
2001-03-14 00:00:00,VANI-N-000,0.5,400,,,
2001-03-14 00:00:00,VANI-X-000,0.4,100,,,
2001-03-15 00:00:00,VANI-D-001,18.5,800,,,
2001-03-15 00:00:00,VANI-N-000,0.5,6500,,,
2001-03-16 00:00:00,VANI-D-001,18.25,400,,,
2001-03-16 00:00:00,VANI-N-000,0.5,100,,,
2001-03-19 00:00:00,VANI-D-001,18.25,200,,,
2001-03-19 00:00:00,VANI-N-000,0.6,5000,,,
2001-03-20 00:00:00,VANI-N-000,0.5,1500,,,
2001-03-21 00:00:00,VANI-D-001,18.5,2500,,,
2001-03-21 00:00:00,VANI-N-000,0.5,1200,,,
2001-03-22 00:00:00,VANI-D-001,18.5,700,,,
2001-03-22 00:00:00,VANI-N-000,0.5,27000,,,
2001-03-23 00:00:00,VANI-D-001,18,500,,,
2001-03-23 00:00:00,VANI-N-000,0.5,168400,,,
2001-03-23 00:00:00,VANI-X-000,0.3,10100,,,
2001-03-26 00:00:00,VANI-D-001,18.5,100,,,
2001-03-26 00:00:00,VANI-N-000,0.5,30300,,,
2001-03-26 00:00:00,VANI-X-000,0.3,25900,,,
2001-03-27 00:00:00,VANI-D-001,18,1100,,,
2001-03-27 00:00:00,VANI-N-000,0.5,300,,,
2001-03-27 00:00:00,VANI-X-000,0.4,200,,,
2001-03-28 00:00:00,VANI-N-000,0.5,97600,,,
2001-03-28 00:00:00,VANI-X-000,0.4,2500,,,
2001-03-29 00:00:00,VANI-D-001,18,1000,,,
2001-03-29 00:00:00,VANI-N-000,0.5,1000,,,
2001-04-02 00:00:00,VANI-D-001,17.25,1100,,,
2001-04-02 00:00:00,VANI-N-000,0.5,6500,,,
2001-04-02 00:00:00,VANI-X-000,0.4,21600,,,
2001-04-03 00:00:00,VANI-N-000,0.5,34500,,,
2001-04-03 00:00:00,VANI-X-000,0.5,10000,,,
2001-04-04 00:00:00,VANI-D-001,17.25,1000,,,
2001-04-04 00:00:00,VANI-N-000,0.6,22000,,,
2001-04-05 00:00:00,VANI-D-001,17,1700,,,
2001-04-05 00:00:00,VANI-N-000,0.5,101100,,,
2001-04-05 00:00:00,VANI-X-000,0.4,12000,,,
2001-04-06 00:00:00,VANI-N-000,0.5,57900,,,
2001-04-09 00:00:00,VANI-D-001,16.75,6700,,,
2001-04-09 00:00:00,VANI-N-000,0.6,61200,,,
2001-04-10 00:00:00,VANI-N-000,0.6,23000,,,
2001-04-10 00:00:00,VANI-X-000,0.4,50000,,,
2001-04-11 00:00:00,VANI-N-000,0.6,272000,,,
2001-04-11 00:00:00,VANI-X-000,0.5,25000,,,
2001-04-16 00:00:00,VANI-D-001,17,4800,,,
2001-04-16 00:00:00,VANI-N-000,0.7,2500,,,
2001-04-16 00:00:00,VANI-X-000,0.5,5000,,,
2001-04-17 00:00:00,VANI-N-000,0.6,1500,,,
2001-04-18 00:00:00,VANI-D-001,17,200,,,
2001-04-18 00:00:00,VANI-N-000,0.6,10000,,,
2001-04-18 00:00:00,VANI-X-000,0.4,7000,,,
2001-04-19 00:00:00,VANI-N-000,0.6,100,,,
2001-04-20 00:00:00,VANI-D-001,17,1000,,,
2001-04-20 00:00:00,VANI-N-000,0.6,22200,,,
2001-04-23 00:00:00,VANI-D-001,17,100,,,
2001-04-23 00:00:00,VANI-N-000,0.5,50000,,,
2001-04-24 00:00:00,VANI-N-000,0.5,20000,,,
2001-04-24 00:00:00,VANI-X-000,0.4,23500,,,
2001-04-25 00:00:00,VANI-N-000,0.5,2100,,,
2001-04-26 00:00:00,VANI-N-000,0.5,200,,,
2001-04-27 00:00:00,VANI-N-000,0.5,10500,,,
2001-04-30 00:00:00,VANI-N-000,0.5,2600,,,
2001-05-02 00:00:00,VANI-D-001,16.75,600,,,
2001-05-02 00:00:00,VANI-N-000,0.5,1500,,,
2001-05-04 00:00:00,VANI-D-001,16.75,100,,,
2001-05-04 00:00:00,VANI-N-000,0.5,28600,,,
2001-05-09 00:00:00,VANI-N-000,0.5,21100,,,
2001-05-09 00:00:00,VANI-X-000,0.3,24000,,,
2001-05-11 00:00:00,VANI-N-000,0.5,5000,,,
2001-05-14 00:00:00,VANI-D-001,16.75,900,,,
2001-05-14 00:00:00,VANI-N-000,0.5,2700,,,
2001-05-16 00:00:00,VANI-D-001,16,1100,,,
2001-05-16 00:00:00,VANI-N-000,0.5,16300,,,
2001-05-17 00:00:00,VANI-D-001,16,2600,,,
2001-05-17 00:00:00,VANI-N-000,0.5,17100,,,
2001-05-17 00:00:00,VANI-X-000,0.3,300,,,
2001-05-18 00:00:00,VANI-D-001,16,6200,,,
2001-05-18 00:00:00,VANI-N-000,0.5,2000,,,
2001-05-21 00:00:00,VANI-D-001,16,300,,,
2001-05-21 00:00:00,VANI-N-000,0.5,6600,,,
2001-05-22 00:00:00,VANI-D-001,16,1800,,,
2001-05-22 00:00:00,VANI-N-000,0.5,5400,,,
2001-05-23 00:00:00,VANI-X-000,0.3,1000,,,
2001-05-24 00:00:00,VANI-D-001,16,1000,,,
2001-05-25 00:00:00,VANI-N-000,0.4,1400,,,
2001-05-25 00:00:00,VANI-X-000,0.3,2800,,,
2001-05-28 00:00:00,VANI-D-001,16,1000,,,
2001-05-28 00:00:00,VANI-N-000,0.6,17400,,,
2001-05-28 00:00:00,VANI-X-000,0.4,25000,,,
2001-05-29 00:00:00,VANI-D-001,16,2100,,,
2001-05-29 00:00:00,VANI-N-000,0.7,160400,,,
2001-05-29 00:00:00,VANI-X-000,0.5,11000,,,
2001-05-30 00:00:00,VANI-D-001,16,200,,,
2001-05-30 00:00:00,VANI-X-000,0.5,11400,,,
2001-05-31 00:00:00,VANI-D-001,16,2600,,,
2001-05-31 00:00:00,VANI-N-000,0.6,13000,,,
2001-06-01 00:00:00,VANI-D-001,15,8400,,,
2001-06-01 00:00:00,VANI-N-000,0.6,61500,,,
2001-06-01 00:00:00,VANI-X-000,0.5,20000,,,
2001-06-06 00:00:00,VANI-D-001,15,1000,,,
2001-06-07 00:00:00,VANI-D-001,15.5,12100,,,
2001-06-07 00:00:00,VANI-N-000,0.6,21000,,,
2001-06-07 00:00:00,VANI-X-000,0.5,2000,,,
2001-06-08 00:00:00,VANI-N-000,0.6,7300,,,
2001-06-11 00:00:00,VANI-N-000,0.6,44700,,,
2001-06-14 00:00:00,VANI-N-000,0.6,57300,,,
2001-06-15 00:00:00,VANI-D-001,15,4000,,,
2001-06-15 00:00:00,VANI-N-000,0.6,60600,,,
2001-06-18 00:00:00,VANI-D-001,15,3700,,,
2001-06-18 00:00:00,VANI-N-000,0.7,193300,,,
2001-06-18 00:00:00,VANI-X-000,0.5,30000,,,
2001-06-19 00:00:00,VANI-D-001,15.75,1400,,,
2001-06-19 00:00:00,VANI-N-000,0.7,11000,,,
2001-06-20 00:00:00,VANI-D-001,15.5,500,,,
2001-06-20 00:00:00,VANI-N-000,0.7,47000,,,
2001-06-20 00:00:00,VANI-X-000,0.5,37000,,,
2001-06-21 00:00:00,VANI-D-001,15.5,1000,,,
2001-06-21 00:00:00,VANI-N-000,0.8,53600,,,
2001-06-21 00:00:00,VANI-X-000,0.6,75900,,,
2001-06-22 00:00:00,VANI-D-001,15.5,2100,,,
2001-06-22 00:00:00,VANI-N-000,0.7,110500,,,
2001-06-22 00:00:00,VANI-X-000,0.5,10000,,,
2001-06-25 00:00:00,VANI-D-001,15.5,20700,,,
2001-06-25 00:00:00,VANI-N-000,0.7,71800,,,
2001-06-26 00:00:00,VANI-D-001,15.75,3000,,,
2001-06-26 00:00:00,VANI-N-000,0.7,63200,,,
2001-06-26 00:00:00,VANI-X-000,0.4,500,,,
2001-06-27 00:00:00,VANI-D-001,16,1200,,,
2001-06-27 00:00:00,VANI-N-000,0.7,26000,,,
2001-06-28 00:00:00,VANI-D-001,16,200,,,
2001-06-28 00:00:00,VANI-N-000,0.7,25100,,,
2001-06-29 00:00:00,VANI-D-001,16,8500,,,
2001-06-29 00:00:00,VANI-N-000,0.7,27600,,,
2001-06-29 00:00:00,VANI-X-000,0.5,5000,,,
2001-07-02 00:00:00,VANI-D-001,16,400,,,
2001-07-02 00:00:00,VANI-N-000,0.7,20300,,,
2001-07-03 00:00:00,VANI-D-001,17,72500,,,
2001-07-03 00:00:00,VANI-N-000,0.7,3700,,,
2001-07-04 00:00:00,VANI-D-001,17,4200,,,
2001-07-04 00:00:00,VANI-N-000,0.7,400,,,
2001-07-04 00:00:00,VANI-X-000,0.5,31500,,,
2001-07-06 00:00:00,VANI-D-001,16.5,11200,,,
2001-07-06 00:00:00,VANI-N-000,0.7,11200,,,
2001-07-09 00:00:00,VANI-D-001,16.75,6400,,,
2001-07-09 00:00:00,VANI-N-000,0.7,26600,,,
2001-07-10 00:00:00,VANI-D-001,16.5,400,,,
2001-07-10 00:00:00,VANI-N-000,0.7,20100,,,
2001-07-11 00:00:00,VANI-D-001,16.5,12000,,,
2001-07-11 00:00:00,VANI-N-000,0.6,324400,,,
2001-07-12 00:00:00,VANI-D-001,16.75,1900,,,
2001-07-12 00:00:00,VANI-N-000,0.7,40800,,,
2001-07-13 00:00:00,VANI-N-000,0.7,100,,,
2001-07-17 00:00:00,VANI-N-000,0.6,80000,,,
2001-07-18 00:00:00,VANI-D-001,16.75,5100,,,
2001-07-19 00:00:00,VANI-D-001,17.5,12200,,,
2001-07-20 00:00:00,VANI-D-001,17.25,400,,,
2001-07-20 00:00:00,VANI-N-000,0.6,10000,,,
2001-07-20 00:00:00,VANI-X-000,0.4,12000,,,
2001-07-23 00:00:00,VANI-D-001,17.5,1500,,,
2001-07-24 00:00:00,VANI-D-001,17.25,4200,,,
2001-07-24 00:00:00,VANI-N-000,0.6,13900,,,
2001-07-25 00:00:00,VANI-N-000,0.6,2100,,,
2001-07-25 00:00:00,VANI-X-000,0.5,10000,,,
2001-07-26 00:00:00,VANI-D-001,17.5,1900,,,
2001-07-26 00:00:00,VANI-N-000,0.6,36900,,,
2001-07-27 00:00:00,VANI-N-000,0.6,253200,,,
2001-07-27 00:00:00,VANI-X-000,0.4,500,,,
2001-07-30 00:00:00,VANI-D-001,18.5,200,,,
2001-07-30 00:00:00,VANI-N-000,0.6,5000,,,
2001-07-31 00:00:00,VANI-X-000,0.5,10000,,,
2001-08-01 00:00:00,VANI-D-001,20,5400,,,
2001-08-01 00:00:00,VANI-N-000,0.6,700,,,
2001-08-02 00:00:00,VANI-D-001,21,11400,,,
2001-08-02 00:00:00,VANI-N-000,0.6,109400,,,
2001-08-06 00:00:00,VANI-D-001,24,1500,,,
2001-08-06 00:00:00,VANI-N-000,0.5,28400,,,
2001-08-07 00:00:00,VANI-D-001,23,1800,,,
2001-08-07 00:00:00,VANI-N-000,0.5,100,,,
2001-08-08 00:00:00,VANI-D-001,22,800,,,
2001-08-08 00:00:00,VANI-N-000,0.5,200,,,
2001-08-09 00:00:00,VANI-D-001,23.25,700,,,
2001-08-09 00:00:00,VANI-N-000,0.6,1000,,,
2001-08-09 00:00:00,VANI-X-000,0.4,800,,,
2001-08-10 00:00:00,VANI-D-001,19,7500,,,
2001-08-10 00:00:00,VANI-N-000,0.6,15500,,,
2001-08-13 00:00:00,VANI-N-000,0.5,20000,,,
2001-08-13 00:00:00,VANI-X-000,0.4,1400,,,
2001-08-14 00:00:00,VANI-N-000,0.5,14500,,,
2001-08-14 00:00:00,VANI-X-000,0.4,3000,,,
2001-08-15 00:00:00,VANI-N-000,0.5,28500,,,
2001-08-15 00:00:00,VANI-X-000,0.4,1000,,,
2001-08-16 00:00:00,VANI-D-001,17,7000,,,
2001-08-16 00:00:00,VANI-N-000,0.5,15400,,,
2001-08-17 00:00:00,VANI-N-000,0.5,12800,,,
2001-08-20 00:00:00,VANI-D-001,17.25,1500,,,
2001-08-21 00:00:00,VANI-N-000,0.5,21800,,,
2001-08-21 00:00:00,VANI-X-000,0.4,14000,,,
2001-08-22 00:00:00,VANI-D-001,17.5,7000,,,
2001-08-22 00:00:00,VANI-N-000,0.5,100,,,
2001-08-23 00:00:00,VANI-D-001,17.5,300,,,
2001-08-23 00:00:00,VANI-N-000,0.6,32700,,,
2001-08-23 00:00:00,VANI-X-000,0.4,3000,,,
2001-08-27 00:00:00,VANI-N-000,0.6,176900,,,
2001-08-27 00:00:00,VANI-X-000,0.4,5000,,,
2001-08-28 00:00:00,VANI-X-000,0.4,25000,,,
2001-08-29 00:00:00,VANI-N-000,0.5,10200,,,
2001-08-29 00:00:00,VANI-X-000,0.4,2000,,,
2001-08-30 00:00:00,VANI-D-001,18.25,7200,,,
2001-08-30 00:00:00,VANI-N-000,0.5,5000,,,
2001-08-30 00:00:00,VANI-X-000,0.4,3100,,,
2001-08-31 00:00:00,VANI-X-000,0.4,4000,,,
2001-09-03 00:00:00,VANI-D-001,20,2000,,,
2001-09-03 00:00:00,VANI-N-000,0.6,43500,,,
2001-09-03 00:00:00,VANI-X-000,0.4,5000,,,
2001-09-04 00:00:00,VANI-N-000,0.6,140600,,,
2001-09-04 00:00:00,VANI-X-000,0.4,37000,,,
2001-09-05 00:00:00,VANI-D-001,20,700,,,
2001-09-05 00:00:00,VANI-N-000,0.6,26300,,,
2001-09-05 00:00:00,VANI-X-000,0.5,25000,,,
2001-09-06 00:00:00,VANI-N-000,0.6,11000,,,
2001-09-06 00:00:00,VANI-X-000,0.5,25000,,,
2001-09-07 00:00:00,VANI-N-000,0.6,103400,,,
2001-09-10 00:00:00,VANI-N-000,0.5,300,,,
2001-09-11 00:00:00,VANI-D-001,20.5,2000,,,
2001-09-12 00:00:00,VANI-N-000,0.6,17100,,,
2001-09-12 00:00:00,VANI-X-000,0.4,5200,,,
2001-09-13 00:00:00,VANI-N-000,0.6,4000,,,
2001-09-14 00:00:00,VANI-N-000,0.6,1000,,,
2001-09-17 00:00:00,VANI-D-001,19.5,2500,,,
2001-09-17 00:00:00,VANI-N-000,0.5,800,,,
2001-09-18 00:00:00,VANI-D-001,19,3000,,,
2001-09-18 00:00:00,VANI-X-000,0.4,5000,,,
2001-09-19 00:00:00,VANI-D-001,18.5,1700,,,
2001-09-19 00:00:00,VANI-N-000,0.5,2000,,,
2001-09-20 00:00:00,VANI-D-001,18.5,500,,,
2001-09-21 00:00:00,VANI-D-001,19.25,3300,,,
2001-09-21 00:00:00,VANI-N-000,0.5,16900,,,
2001-09-24 00:00:00,VANI-D-001,18.75,6400,,,
2001-09-24 00:00:00,VANI-N-000,0.5,4500,,,
2001-09-25 00:00:00,VANI-D-001,19,1400,,,
2001-09-25 00:00:00,VANI-N-000,0.5,60400,,,
2001-09-26 00:00:00,VANI-D-001,19,1500,,,
2001-09-26 00:00:00,VANI-N-000,0.5,100,,,
2001-09-27 00:00:00,VANI-D-001,17.5,9000,,,
2001-09-27 00:00:00,VANI-N-000,0.5,572400,,,
2001-09-27 00:00:00,VANI-X-000,0.3,152500,,,
2001-09-28 00:00:00,VANI-N-000,0.5,12400,,,
2001-10-03 00:00:00,VANI-D-001,18.25,4300,,,
2001-10-03 00:00:00,VANI-N-000,0.5,2500,,,
2001-10-03 00:00:00,VANI-X-000,0.4,1100,,,
2001-10-04 00:00:00,VANI-D-001,18.25,700,,,
2001-10-04 00:00:00,VANI-N-000,0.5,16000,,,
2001-10-04 00:00:00,VANI-X-000,0.4,20000,,,
2001-10-05 00:00:00,VANI-N-000,0.5,156200,,,
2001-10-08 00:00:00,VANI-D-001,18,8400,,,
2001-10-08 00:00:00,VANI-N-000,0.5,500,,,
2001-10-09 00:00:00,VANI-D-001,18.5,3000,,,
2001-10-09 00:00:00,VANI-N-000,0.6,266000,,,
2001-10-09 00:00:00,VANI-X-000,0.5,99900,,,
2001-10-10 00:00:00,VANI-D-001,18.5,3000,,,
2001-10-10 00:00:00,VANI-N-000,0.6,671100,,,
2001-10-10 00:00:00,VANI-X-000,0.5,5000,,,
2001-10-11 00:00:00,VANI-D-001,18.5,2100,,,
2001-10-11 00:00:00,VANI-N-000,0.8,1459700,,,
2001-10-11 00:00:00,VANI-X-000,0.6,268900,,,
2001-10-12 00:00:00,VANI-D-001,18.25,7500,,,
2001-10-12 00:00:00,VANI-N-000,1.25,3502400,,,
2001-10-12 00:00:00,VANI-X-000,0.8,565300,,,
2001-10-15 00:00:00,VANI-D-001,18.25,2500,,,
2001-10-15 00:00:00,VANI-D-002,88,5000,,,
2001-10-15 00:00:00,VANI-N-000,1.25,3959600,,,
2001-10-15 00:00:00,VANI-X-000,1,662000,,,
2001-10-16 00:00:00,VANI-N-000,1,1948600,,,
2001-10-16 00:00:00,VANI-X-000,0.9,221400,,,
2001-10-17 00:00:00,VANI-D-001,18,100,,,
2001-10-17 00:00:00,VANI-N-000,1.5,880100,,,
2001-10-17 00:00:00,VANI-X-000,1.25,336700,,,
2001-10-18 00:00:00,VANI-D-001,18,2000,,,
2001-10-18 00:00:00,VANI-N-000,1.25,637800,,,
2001-10-18 00:00:00,VANI-X-000,1,1000,,,
2001-10-19 00:00:00,VANI-N-000,1.25,536900,,,
2001-10-19 00:00:00,VANI-X-000,1,150000,,,
2001-10-22 00:00:00,VANI-D-001,17.5,1800,,,
2001-10-22 00:00:00,VANI-N-000,1.25,788400,,,
2001-10-22 00:00:00,VANI-X-000,1,46900,,,
2001-10-23 00:00:00,VANI-D-001,17.75,500,,,
2001-10-23 00:00:00,VANI-N-000,1.25,446800,,,
2001-10-23 00:00:00,VANI-X-000,1.25,102500,,,
2001-10-24 00:00:00,VANI-D-001,18,1000,,,
2001-10-24 00:00:00,VANI-N-000,1.25,204700,,,
2001-10-24 00:00:00,VANI-X-000,1,24000,,,
2001-10-25 00:00:00,VANI-D-001,17,1000,,,
2001-10-25 00:00:00,VANI-N-000,1.25,579100,,,
2001-10-25 00:00:00,VANI-X-000,1,5000,,,
2001-10-26 00:00:00,VANI-N-000,1.25,605300,,,
2001-10-26 00:00:00,VANI-X-000,0.9,148500,,,
2001-10-29 00:00:00,VANI-D-001,17.5,4900,,,
2001-10-29 00:00:00,VANI-N-000,1.25,80500,,,
2001-10-30 00:00:00,VANI-D-001,17.5,2700,,,
2001-10-30 00:00:00,VANI-N-000,1.25,326400,,,
2001-10-30 00:00:00,VANI-X-000,0.9,25200,,,
2001-11-01 00:00:00,VANI-D-001,17,1000,,,
2001-11-01 00:00:00,VANI-N-000,1.25,37400,,,
2001-11-02 00:00:00,VANI-N-000,1,460100,,,
2001-11-02 00:00:00,VANI-X-000,0.9,28500,,,
2001-11-05 00:00:00,VANI-N-000,1,68100,,,
2001-11-06 00:00:00,VANI-D-001,17,100,,,
2001-11-06 00:00:00,VANI-N-000,1,5000,,,
2001-11-06 00:00:00,VANI-X-000,0.9,40200,,,
2001-11-07 00:00:00,VANI-N-000,1,45900,,,
2001-11-07 00:00:00,VANI-X-000,0.8,6300,,,
2001-11-08 00:00:00,VANI-N-000,1,11900,,,
2001-11-09 00:00:00,VANI-N-000,1.25,38400,,,
2001-11-09 00:00:00,VANI-X-000,0.8,25000,,,
2001-11-12 00:00:00,VANI-D-001,14,400,,,
2001-11-12 00:00:00,VANI-N-000,1.5,1183900,,,
2001-11-12 00:00:00,VANI-X-000,1,153900,,,
2001-11-13 00:00:00,VANI-N-000,1.5,76700,,,
2001-11-13 00:00:00,VANI-X-000,1,15500,,,
2001-11-14 00:00:00,VANI-N-000,1.5,12000,,,
2001-11-15 00:00:00,VANI-N-000,1.5,1983100,,,
2001-11-15 00:00:00,VANI-X-000,1.5,711000,,,
2001-11-16 00:00:00,VANI-N-000,1.75,669900,,,
2001-11-16 00:00:00,VANI-X-000,1.5,82000,,,
2001-11-19 00:00:00,VANI-N-000,1.75,594800,,,
2001-11-19 00:00:00,VANI-X-000,1.5,659500,,,
2001-11-20 00:00:00,VANI-D-001,16,500,,,
2001-11-20 00:00:00,VANI-N-000,1.5,1026200,,,
2001-11-20 00:00:00,VANI-X-000,1.25,163300,,,
2001-11-21 00:00:00,VANI-D-001,15.25,100,,,
2001-11-21 00:00:00,VANI-N-000,1.5,172200,,,
2001-11-21 00:00:00,VANI-X-000,1.25,36500,,,
2001-11-22 00:00:00,VANI-D-001,17,54800,,,
2001-11-22 00:00:00,VANI-N-000,1.5,239000,,,
2001-11-22 00:00:00,VANI-X-000,1.25,3200,,,
2001-11-23 00:00:00,VANI-D-001,17,6400,,,
2001-11-23 00:00:00,VANI-N-000,1.5,594200,,,
2001-11-23 00:00:00,VANI-X-000,1.25,231000,,,
2001-11-26 00:00:00,VANI-D-001,16,400,,,
2001-11-26 00:00:00,VANI-N-000,1.5,528700,,,
2001-11-27 00:00:00,VANI-D-001,16,500,,,
2001-11-27 00:00:00,VANI-N-000,1.5,289800,,,
2001-11-27 00:00:00,VANI-X-000,1,35000,,,
2001-11-28 00:00:00,VANI-N-000,1.5,394300,,,
2001-11-28 00:00:00,VANI-X-000,1.25,124100,,,
2001-11-29 00:00:00,VANI-D-001,15.5,200,,,
2001-11-29 00:00:00,VANI-N-000,1.75,2383700,,,
2001-11-29 00:00:00,VANI-X-000,1.5,852700,,,
2001-12-03 00:00:00,VANI-D-001,17,1300,,,
2001-12-03 00:00:00,VANI-N-000,1.75,877500,,,
2001-12-03 00:00:00,VANI-X-000,1.5,24000,,,
2001-12-04 00:00:00,VANI-D-001,16,100,,,
2001-12-04 00:00:00,VANI-N-000,1.75,859800,,,
2001-12-04 00:00:00,VANI-X-000,1.5,77000,,,
2001-12-05 00:00:00,VANI-D-001,16.5,5100,,,
2001-12-05 00:00:00,VANI-N-000,1.5,749000,,,
2001-12-05 00:00:00,VANI-X-000,1.5,411900,,,
2001-12-07 00:00:00,VANI-N-000,3,5916600,,,
2001-12-07 00:00:00,VANI-X-000,2.75,528500,,,
2001-12-10 00:00:00,VANI-N-000,4.25,4362300,,,
2001-12-10 00:00:00,VANI-X-000,3.25,657400,,,
2001-12-11 00:00:00,VANI-D-001,18,1400,,,
2001-12-11 00:00:00,VANI-N-000,4.25,4501400,,,
2001-12-11 00:00:00,VANI-X-000,3.5,756100,,,
2001-12-12 00:00:00,VANI-D-001,27,10500,,,
2001-12-12 00:00:00,VANI-N-000,3.75,2342100,,,
2001-12-12 00:00:00,VANI-X-000,3.25,449500,,,
2001-12-13 00:00:00,VANI-D-001,25,7400,,,
2001-12-13 00:00:00,VANI-N-000,3,2988700,,,
2001-12-13 00:00:00,VANI-X-000,2.75,198700,,,
2001-12-14 00:00:00,VANI-D-001,28.5,23100,,,
2001-12-14 00:00:00,VANI-N-000,3.25,1938600,,,
2001-12-14 00:00:00,VANI-X-000,3,453600,,,
2001-12-17 00:00:00,VANI-D-001,30.5,6300,,,
2001-12-17 00:00:00,VANI-N-000,3.25,860000,,,
2001-12-17 00:00:00,VANI-X-000,3,39000,,,
2001-12-18 00:00:00,VANI-D-001,32.25,12300,,,
2001-12-18 00:00:00,VANI-X-000,2.5,195000,,,
2001-12-19 00:00:00,VANI-D-001,28.75,10400,,,
2001-12-19 00:00:00,VANI-N-000,2.75,1706300,,,
2001-12-19 00:00:00,VANI-X-000,2.5,390600,,,
2001-12-20 00:00:00,VANI-D-001,32.5,5900,,,
2001-12-20 00:00:00,VANI-N-000,2.75,637000,,,
2001-12-20 00:00:00,VANI-X-000,2.75,209600,,,
2001-12-21 00:00:00,VANI-D-001,32.75,4500,,,
2001-12-21 00:00:00,VANI-N-000,3.75,3948400,,,
2001-12-21 00:00:00,VANI-X-000,3.25,475500,,,
2001-12-27 00:00:00,VANI-D-001,35,31000,,,
2001-12-27 00:00:00,VANI-N-000,4,1786100,,,
2001-12-27 00:00:00,VANI-X-000,3.5,668900,,,
2001-12-28 00:00:00,VANI-D-001,37,2100,,,
2001-12-28 00:00:00,VANI-N-000,4.5,2924500,,,
2001-12-28 00:00:00,VANI-X-000,3.75,499800,,,
2001-12-31 00:00:00,VANI-D-001,37,500,,,
2001-12-31 00:00:00,VANI-N-000,4,914900,,,
2001-12-31 00:00:00,VANI-X-000,3.5,387000,,,
2002-01-02 00:00:00,VANI-D-001,39.75,10200,,,
2002-01-02 00:00:00,VANI-N-000,4,319000,,,
2002-01-02 00:00:00,VANI-X-000,3.5,125000,,,
2002-01-03 00:00:00,VANI-D-001,44,9700,,,
2002-01-03 00:00:00,VANI-N-000,4,135700,,,
2002-01-03 00:00:00,VANI-X-000,3.5,13500,,,
2002-01-04 00:00:00,VANI-D-001,49,8800,,,
2002-01-04 00:00:00,VANI-N-000,4.25,596100,,,
2002-01-04 00:00:00,VANI-X-000,3.5,399800,,,
2002-01-07 00:00:00,VANI-D-001,49.5,24600,,,
2002-01-07 00:00:00,VANI-N-000,4,437200,,,
2002-01-07 00:00:00,VANI-X-000,3.25,103500,,,
2002-01-08 00:00:00,VANI-D-001,50,8700,,,
2002-01-08 00:00:00,VANI-N-000,3.5,565200,,,
2002-01-08 00:00:00,VANI-X-000,3.25,158400,,,
2002-01-09 00:00:00,VANI-D-001,49,12400,,,
2002-01-09 00:00:00,VANI-N-000,3.5,333900,,,
2002-01-09 00:00:00,VANI-X-000,3,122400,,,
2002-01-10 00:00:00,VANI-D-001,46,7700,,,
2002-01-10 00:00:00,VANI-N-000,3.5,571300,,,
2002-01-10 00:00:00,VANI-X-000,3,98500,,,
2002-01-11 00:00:00,VANI-D-001,43,3000,,,
2002-01-11 00:00:00,VANI-N-000,2.75,4337400,,,
2002-01-11 00:00:00,VANI-X-000,2.75,119000,,,
2002-01-15 00:00:00,VANI-D-001,37,13700,,,
2002-01-15 00:00:00,VANI-N-000,2.75,2134300,,,
2002-01-15 00:00:00,VANI-X-000,2.5,424000,,,
2002-01-16 00:00:00,VANI-D-001,40,1300,,,
2002-01-16 00:00:00,VANI-N-000,2.75,1251100,,,
2002-01-16 00:00:00,VANI-X-000,2.25,341000,,,
2002-01-17 00:00:00,VANI-D-001,38.25,7000,,,
2002-01-17 00:00:00,VANI-N-000,2.5,907400,,,
2002-01-17 00:00:00,VANI-X-000,2.25,94000,,,
2002-01-18 00:00:00,VANI-D-001,40,3200,,,
2002-01-18 00:00:00,VANI-N-000,3,1908100,,,
2002-01-18 00:00:00,VANI-X-000,2.5,167700,,,
2002-01-21 00:00:00,VANI-D-001,44.75,1200,,,
2002-01-21 00:00:00,VANI-N-000,3,2214000,,,
2002-01-21 00:00:00,VANI-X-000,2.5,244000,,,
2002-01-22 00:00:00,VANI-D-001,42.75,10000,,,
2002-01-22 00:00:00,VANI-N-000,2.75,1198200,,,
2002-01-22 00:00:00,VANI-X-000,2.5,171000,,,
2002-01-23 00:00:00,VANI-D-001,40,13000,,,
2002-01-23 00:00:00,VANI-N-000,2.75,523800,,,
2002-01-24 00:00:00,VANI-D-001,37,48200,,,
2002-01-24 00:00:00,VANI-N-000,3,292400,,,
2002-01-24 00:00:00,VANI-X-000,2.5,134700,,,
2002-01-25 00:00:00,VANI-D-001,39.5,3600,,,
2002-01-25 00:00:00,VANI-N-000,2.75,95600,,,
2002-01-25 00:00:00,VANI-X-000,2.5,94000,,,
2002-01-29 00:00:00,VANI-N-000,2.75,111500,,,
2002-01-29 00:00:00,VANI-X-000,2.5,67300,,,
2002-01-30 00:00:00,VANI-D-001,35.75,17400,,,
2002-01-30 00:00:00,VANI-N-000,2.5,63300,,,
2002-01-30 00:00:00,VANI-X-000,2.25,57300,,,
2002-01-31 00:00:00,VANI-D-001,35,13500,,,
2002-01-31 00:00:00,VANI-N-000,2.5,595200,,,
2002-01-31 00:00:00,VANI-X-000,2.25,120000,,,
2002-02-01 00:00:00,VANI-D-001,35,15500,,,
2002-02-01 00:00:00,VANI-N-000,2.75,127600,,,
2002-02-01 00:00:00,VANI-X-000,2.25,64000,,,
2002-02-05 00:00:00,VANI-D-001,35,13600,,,
2002-02-05 00:00:00,VANI-N-000,2.75,1091900,,,
2002-02-05 00:00:00,VANI-X-000,2.25,5000,,,
2002-02-06 00:00:00,VANI-D-001,34,2200,,,
2002-02-06 00:00:00,VANI-N-000,2.75,11500,,,
2002-02-06 00:00:00,VANI-X-000,2.5,50200,,,
2002-02-07 00:00:00,VANI-D-001,32,3200,,,
2002-02-07 00:00:00,VANI-N-000,2.75,894800,,,
2002-02-07 00:00:00,VANI-X-000,2.25,120400,,,
2002-02-08 00:00:00,VANI-D-001,31.5,19700,,,
2002-02-08 00:00:00,VANI-N-000,2.75,324900,,,
2002-02-08 00:00:00,VANI-X-000,2.25,170500,,,
2002-02-11 00:00:00,VANI-D-001,31.75,2800,,,
2002-02-11 00:00:00,VANI-N-000,3,276800,,,
2002-02-11 00:00:00,VANI-X-000,2.25,52800,,,
2001-01-02 00:00:00,WMM-N-0000,7,800,,,
2001-01-25 00:00:00,WMM-N-0000,7.25,600,,,
2001-01-26 00:00:00,WMM-N-0000,7,900,,,
2001-02-20 00:00:00,WMM-N-0000,6.5,300,,,
2001-02-22 00:00:00,WMM-N-0000,6.5,200,,,
2001-02-28 00:00:00,WMM-N-0000,7.5,700,,,
2001-03-01 00:00:00,WMM-N-0000,7,200,,,
2001-03-02 00:00:00,WMM-N-0000,8,700,,,
2001-03-06 00:00:00,WMM-N-0000,7.5,200,,,
2001-03-14 00:00:00,WMM-N-0000,7,300,,,
2001-03-19 00:00:00,WMM-N-0000,6.75,100,,,
2001-03-20 00:00:00,WMM-N-0000,7,3500,,,
2001-03-22 00:00:00,WMM-N-0000,7,1500,,,
2001-03-23 00:00:00,WMM-N-0000,7,2500,,,
2001-04-02 00:00:00,WMM-N-0000,7,1000,,,
2001-04-04 00:00:00,WMM-N-0000,6.25,200,,,
2001-04-10 00:00:00,WMM-N-0000,7,500,,,
2001-04-16 00:00:00,WMM-N-0000,7,300,,,
2001-04-17 00:00:00,WMM-N-0000,7,4300,,,
2001-04-18 00:00:00,WMM-N-0000,7.5,3000,,,
2001-05-10 00:00:00,WMM-N-0000,6.75,200,,,
2001-05-21 00:00:00,WMM-N-0000,6.75,200,,,
2001-05-23 00:00:00,WMM-N-0000,6.75,100,,,
2001-06-12 00:00:00,WMM-N-0000,6.75,300,,,
2001-06-14 00:00:00,WMM-N-0000,7,1600,,,
2001-06-15 00:00:00,WMM-N-0000,7,200,,,
2001-06-18 00:00:00,WMM-N-0000,7,200,,,
2001-07-23 00:00:00,WMM-N-0000,7,1000,,,
2001-07-26 00:00:00,WMM-N-0000,6.75,100,,,
2001-07-27 00:00:00,WMM-N-0000,6.75,100,,,
2001-07-31 00:00:00,WMM-N-0000,6.75,200,,,
2001-08-09 00:00:00,WMM-N-0000,7,100,,,
2001-08-16 00:00:00,WMM-N-0000,6.75,800,,,
2001-08-23 00:00:00,WMM-N-0000,6.75,200,,,
2001-09-19 00:00:00,WMM-N-0000,7.25,1000,,,
2001-09-20 00:00:00,WMM-N-0000,7.25,600,,,
2001-10-04 00:00:00,WMM-N-0000,7.25,200,,,
2001-10-05 00:00:00,WMM-N-0000,7.25,300,,,
2001-10-16 00:00:00,WMM-N-0000,7.5,200,,,
2001-10-22 00:00:00,WMM-N-0000,7.25,100,,,
2001-10-24 00:00:00,WMM-N-0000,8,200,,,
2001-10-25 00:00:00,WMM-N-0000,8.5,4700,,,
2001-10-29 00:00:00,WMM-N-0000,8.5,1000,,,
2001-10-30 00:00:00,WMM-N-0000,11.5,4100,,,
2001-11-01 00:00:00,WMM-N-0000,11.5,9100,,,
2001-11-09 00:00:00,WMM-N-0000,8,500,,,
2001-11-12 00:00:00,WMM-N-0000,8.5,200,,,
2001-11-13 00:00:00,WMM-N-0000,9.25,10000,,,
2001-11-15 00:00:00,WMM-N-0000,10.25,35900,,,
2001-11-16 00:00:00,WMM-N-0000,10.25,1000,,,
2001-11-22 00:00:00,WMM-N-0000,10.75,2500,,,
2001-11-23 00:00:00,WMM-N-0000,10,900,,,
2001-11-26 00:00:00,WMM-N-0000,10,200,,,
2001-11-27 00:00:00,WMM-N-0000,9.5,800,,,
2001-11-28 00:00:00,WMM-N-0000,10,300,,,
2001-11-29 00:00:00,WMM-N-0000,10,100,,,
2001-12-04 00:00:00,WMM-N-0000,9.5,2400,,,
2001-12-05 00:00:00,WMM-N-0000,10,2800,,,
2001-12-07 00:00:00,WMM-N-0000,14,21200,,,
2001-12-10 00:00:00,WMM-N-0000,15.5,1100,,,
2001-12-11 00:00:00,WMM-N-0000,15.5,5200,,,
2001-12-12 00:00:00,WMM-N-0000,14.5,200,,,
2001-12-13 00:00:00,WMM-N-0000,14,100,,,
2002-01-04 00:00:00,WMM-N-0000,11,300,,,
2002-01-07 00:00:00,WMM-N-0000,10.75,500,,,
2002-01-09 00:00:00,WMM-N-0000,15,11300,,,
2002-01-11 00:00:00,WMM-N-0000,11,900,,,
2002-01-15 00:00:00,WMM-N-0000,11,100,,,
2002-01-17 00:00:00,WMM-N-0000,11,300,,,
2002-01-18 00:00:00,WMM-N-0000,11,100,,,
2002-01-23 00:00:00,WMM-N-0000,11,200,,,
2002-01-25 00:00:00,WMM-N-0000,11,1700,,,
2002-01-29 00:00:00,WMM-N-0000,10.75,200,,,
2002-01-30 00:00:00,WMM-N-0000,10.5,1300,,,
2002-01-31 00:00:00,WMM-N-0000,12,1700,,,
2002-02-05 00:00:00,WMM-N-0000,10,400,,,
2002-02-06 00:00:00,WMM-N-0000,10,1700,,,
2002-02-08 00:00:00,WMM-N-0000,10.25,600,,,
2002-02-11 00:00:00,WMM-N-0000,10,1200,,,
2001-01-25 00:00:00,GREG-N-000,2.75,1600,,,
2001-01-31 00:00:00,GREG-N-000,2.75,1000,,,
2001-02-06 00:00:00,GREG-N-000,2.75,700,,,
2001-03-13 00:00:00,GREG-N-000,2.75,500,,,
2001-03-23 00:00:00,GREG-N-000,2.75,200,,,
2001-04-04 00:00:00,GREG-N-000,2.5,100,,,
2001-04-05 00:00:00,GREG-N-000,2.5,200,,,
2001-04-06 00:00:00,GREG-N-000,2.75,800,,,
2001-05-17 00:00:00,GREG-N-000,3,100,,,
2001-06-08 00:00:00,GREG-N-000,2.5,1000,,,
2001-07-11 00:00:00,GREG-N-000,2,1500,,,
2001-10-03 00:00:00,GREG-N-000,1.75,4000,,,
2001-10-11 00:00:00,GREG-N-000,2,1000,,,
2001-10-18 00:00:00,GREG-N-000,2.5,1100,,,
2001-10-23 00:00:00,GREG-N-000,2.75,1000,,,
2001-10-24 00:00:00,GREG-N-000,3,200,,,
2001-10-25 00:00:00,GREG-N-000,3,100,,,
2001-10-29 00:00:00,GREG-N-000,3,2100,,,
2001-11-16 00:00:00,GREG-N-000,3,1800,,,
2001-12-05 00:00:00,GREG-N-000,3,2200,,,
2001-12-18 00:00:00,GREG-N-000,3,500,,,
2001-12-28 00:00:00,GREG-N-000,3,1000,,,
2001-12-31 00:00:00,GREG-N-000,3,1000,,,
2002-01-03 00:00:00,GREG-N-000,2.75,400,,,
2002-02-11 00:00:00,GREG-N-000,2.75,700,,,
2001-01-02 00:00:00,WATA-N-000,13,2100,,,
2001-01-03 00:00:00,WATA-N-000,13,1000,,,
2001-01-04 00:00:00,WATA-N-000,13,400,,,
2001-01-05 00:00:00,WATA-N-000,12.75,2200,,,
2001-01-08 00:00:00,WATA-N-000,12.5,1200,,,
2001-01-10 00:00:00,WATA-N-000,13,4900,,,
2001-01-11 00:00:00,WATA-N-000,13,3200,,,
2001-01-12 00:00:00,WATA-N-000,12.75,2200,,,
2001-01-16 00:00:00,WATA-N-000,12.75,3800,,,
2001-01-17 00:00:00,WATA-N-000,13.5,2000,,,
2001-01-18 00:00:00,WATA-N-000,13,2400,,,
2001-01-19 00:00:00,WATA-N-000,12.75,4600,,,
2001-01-22 00:00:00,WATA-N-000,12.5,2600,,,
2001-01-23 00:00:00,WATA-N-000,13,4400,,,
2001-01-24 00:00:00,WATA-N-000,13,1500,,,
2001-01-25 00:00:00,WATA-N-000,12.5,4100,,,
2001-01-26 00:00:00,WATA-N-000,12.5,4200,,,
2001-01-29 00:00:00,WATA-N-000,12.5,1700,,,
2001-01-30 00:00:00,WATA-N-000,12.5,100,,,
2001-01-31 00:00:00,WATA-N-000,12.5,1400,,,
2001-02-01 00:00:00,WATA-N-000,12,9400,,,
2001-02-02 00:00:00,WATA-N-000,12,100,,,
2001-02-09 00:00:00,WATA-N-000,12,800,,,
2001-02-12 00:00:00,WATA-N-000,12,3000,,,
2001-02-14 00:00:00,WATA-N-000,12,3300,,,
2001-02-15 00:00:00,WATA-N-000,12,1500,,,
2001-02-16 00:00:00,WATA-N-000,12.25,3200,,,
2001-02-19 00:00:00,WATA-N-000,12.5,6300,,,
2001-02-20 00:00:00,WATA-N-000,12,1100,,,
2001-02-21 00:00:00,WATA-N-000,12,300,,,
2001-02-23 00:00:00,WATA-N-000,12.5,400,,,
2001-02-26 00:00:00,WATA-N-000,12.5,600,,,
2001-02-27 00:00:00,WATA-N-000,12.5,700,,,
2001-02-28 00:00:00,WATA-N-000,12.5,3700,,,
2001-03-01 00:00:00,WATA-N-000,12.75,600,,,
2001-03-05 00:00:00,WATA-N-000,12.75,100,,,
2001-03-07 00:00:00,WATA-N-000,12.75,400,,,
2001-03-12 00:00:00,WATA-N-000,12,4700,,,
2001-03-13 00:00:00,WATA-N-000,12,5100,,,
2001-03-14 00:00:00,WATA-N-000,12.75,1300,,,
2001-03-16 00:00:00,WATA-N-000,12.75,6000,,,
2001-03-19 00:00:00,WATA-N-000,12.5,400,,,
2001-03-20 00:00:00,WATA-N-000,12.25,500,,,
2001-03-22 00:00:00,WATA-N-000,11.25,600,,,
2001-03-23 00:00:00,WATA-N-000,11,100,,,
2001-03-27 00:00:00,WATA-N-000,11,2500,,,
2001-03-28 00:00:00,WATA-N-000,10.25,1800,,,
2001-03-29 00:00:00,WATA-N-000,10.75,400,,,
2001-03-30 00:00:00,WATA-N-000,11,1000,,,
2001-04-03 00:00:00,WATA-N-000,10.75,1700,,,
2001-04-04 00:00:00,WATA-N-000,10.75,2600,,,
2001-04-06 00:00:00,WATA-N-000,10.75,500,,,
2001-04-10 00:00:00,WATA-N-000,10.5,500,,,
2001-04-18 00:00:00,WATA-N-000,10.5,1000,,,
2001-04-20 00:00:00,WATA-N-000,10.5,200,,,
2001-04-23 00:00:00,WATA-N-000,11.5,500,,,
2001-04-27 00:00:00,WATA-N-000,11.25,200,,,
2001-04-30 00:00:00,WATA-N-000,11.25,1100,,,
2001-05-02 00:00:00,WATA-N-000,12,200,,,
2001-05-03 00:00:00,WATA-N-000,11.75,5000,,,
2001-05-16 00:00:00,WATA-N-000,11,500,,,
2001-05-17 00:00:00,WATA-N-000,11,1500,,,
2001-05-22 00:00:00,WATA-N-000,11.25,1400,,,
2001-05-24 00:00:00,WATA-N-000,10.5,6300,,,
2001-05-25 00:00:00,WATA-N-000,10.25,2400,,,
2001-05-28 00:00:00,WATA-N-000,10,2900,,,
2001-05-29 00:00:00,WATA-N-000,10,600,,,
2001-05-31 00:00:00,WATA-N-000,10,200,,,
2001-06-01 00:00:00,WATA-N-000,10,1000,,,
2001-06-04 00:00:00,WATA-N-000,10,500,,,
2001-06-07 00:00:00,WATA-N-000,10,1000,,,
2001-06-13 00:00:00,WATA-N-000,9.5,1000,,,
2001-06-18 00:00:00,WATA-N-000,9.5,2000,,,
2001-06-20 00:00:00,WATA-N-000,10.25,3800,,,
2001-06-21 00:00:00,WATA-N-000,12,2200,,,
2001-06-22 00:00:00,WATA-N-000,11,12700,,,
2001-06-25 00:00:00,WATA-N-000,10.5,2200,,,
2001-06-26 00:00:00,WATA-N-000,10.5,200,,,
2001-06-27 00:00:00,WATA-N-000,10.5,1600,,,
2001-06-28 00:00:00,WATA-N-000,10.5,200,,,
2001-06-29 00:00:00,WATA-N-000,11.25,1500,,,
2001-07-04 00:00:00,WATA-N-000,11,1900,,,
2001-07-11 00:00:00,WATA-N-000,10,1000,,,
2001-07-13 00:00:00,WATA-N-000,10,2000,,,
2001-07-17 00:00:00,WATA-N-000,10.25,1000,,,
2001-07-18 00:00:00,WATA-N-000,10,2300,,,
2001-07-23 00:00:00,WATA-N-000,9.75,2000,,,
2001-07-24 00:00:00,WATA-N-000,9.25,7000,,,
2001-07-26 00:00:00,WATA-N-000,9.5,1100,,,
2001-07-27 00:00:00,WATA-N-000,9.75,1000,,,
2001-07-31 00:00:00,WATA-N-000,9.5,4200,,,
2001-08-08 00:00:00,WATA-N-000,9,4700,,,
2001-08-10 00:00:00,WATA-N-000,9.25,100,,,
2001-08-13 00:00:00,WATA-N-000,8.5,14200,,,
2001-08-14 00:00:00,WATA-N-000,8.5,1000,,,
2001-08-15 00:00:00,WATA-N-000,8.5,900,,,
2001-08-16 00:00:00,WATA-N-000,8,15500,,,
2001-08-17 00:00:00,WATA-N-000,8,1000,,,
2001-08-20 00:00:00,WATA-N-000,8,1000,,,
2001-08-21 00:00:00,WATA-N-000,8.5,2600,,,
2001-08-22 00:00:00,WATA-N-000,8.5,200,,,
2001-08-23 00:00:00,WATA-N-000,8.25,1200,,,
2001-08-24 00:00:00,WATA-N-000,8.5,500,,,
2001-08-27 00:00:00,WATA-N-000,8.5,1900,,,
2001-08-30 00:00:00,WATA-N-000,8,2500,,,
2001-08-31 00:00:00,WATA-N-000,8.5,1600,,,
2001-09-04 00:00:00,WATA-N-000,8.5,2800,,,
2001-09-05 00:00:00,WATA-N-000,8.5,1600,,,
2001-09-07 00:00:00,WATA-N-000,8.25,1000,,,
2001-09-14 00:00:00,WATA-N-000,8.25,800,,,
2001-09-19 00:00:00,WATA-N-000,8.25,100,,,
2001-09-20 00:00:00,WATA-N-000,8.25,900,,,
2001-09-21 00:00:00,WATA-N-000,8.25,200,,,
2001-09-24 00:00:00,WATA-N-000,8,100,,,
2001-09-26 00:00:00,WATA-N-000,8,1000,,,
2001-10-08 00:00:00,WATA-N-000,8.5,1100,,,
2001-10-09 00:00:00,WATA-N-000,9.5,5000,,,
2001-10-10 00:00:00,WATA-N-000,10.25,10100,,,
2001-10-11 00:00:00,WATA-N-000,11.75,30600,,,
2001-10-12 00:00:00,WATA-N-000,11.75,4600,,,
2001-10-15 00:00:00,WATA-N-000,9.25,3800,,,
2001-10-16 00:00:00,WATA-N-000,9.25,23100,,,
2001-10-17 00:00:00,WATA-N-000,10.5,9500,,,
2001-10-18 00:00:00,WATA-N-000,10.25,1500,,,
2001-10-19 00:00:00,WATA-N-000,10.5,1200,,,
2001-10-22 00:00:00,WATA-N-000,10.5,2500,,,
2001-10-23 00:00:00,WATA-N-000,11.25,2172000,,,
2001-10-24 00:00:00,WATA-N-000,10.75,38300,,,
2001-10-25 00:00:00,WATA-N-000,10.75,1600,,,
2001-10-26 00:00:00,WATA-N-000,10.5,2100,,,
2001-10-29 00:00:00,WATA-N-000,10.5,92400,,,
2001-10-30 00:00:00,WATA-N-000,10.5,2000,,,
2001-11-01 00:00:00,WATA-N-000,10.5,6200,,,
2001-11-02 00:00:00,WATA-N-000,10.75,2200,,,
2001-11-05 00:00:00,WATA-N-000,10.75,2000,,,
2001-11-06 00:00:00,WATA-N-000,10.5,1100,,,
2001-11-07 00:00:00,WATA-N-000,10.5,7800,,,
2001-11-08 00:00:00,WATA-N-000,10.5,2300,,,
2001-11-09 00:00:00,WATA-N-000,10.5,1000,,,
2001-11-14 00:00:00,WATA-N-000,10.75,1100,,,
2001-11-15 00:00:00,WATA-N-000,10.75,4700,,,
2001-11-16 00:00:00,WATA-N-000,11.5,9300,,,
2001-11-19 00:00:00,WATA-N-000,13,13400,,,
2001-11-20 00:00:00,WATA-N-000,12.75,7600,,,
2001-11-21 00:00:00,WATA-N-000,13.25,6800,,,
2001-11-23 00:00:00,WATA-N-000,13.5,22900,,,
2001-11-26 00:00:00,WATA-N-000,12.75,12100,,,
2001-11-27 00:00:00,WATA-N-000,12.75,1500,,,
2001-11-28 00:00:00,WATA-N-000,14,22900,,,
2001-11-29 00:00:00,WATA-N-000,13.5,5500,,,
2001-12-03 00:00:00,WATA-N-000,13,15300,,,
2001-12-04 00:00:00,WATA-N-000,13.25,32200,,,
2001-12-05 00:00:00,WATA-N-000,13,3300,,,
2001-12-07 00:00:00,WATA-N-000,16.75,61700,,,
2001-12-10 00:00:00,WATA-N-000,19,144300,,,
2001-12-11 00:00:00,WATA-N-000,18,69000,,,
2001-12-12 00:00:00,WATA-N-000,18,42600,,,
2001-12-13 00:00:00,WATA-N-000,16,7900,,,
2001-12-14 00:00:00,WATA-N-000,15.75,10000,,,
2001-12-17 00:00:00,WATA-N-000,16,15500,,,
2001-12-18 00:00:00,WATA-N-000,16.75,22100,,,
2001-12-19 00:00:00,WATA-N-000,15,3200,,,
2001-12-20 00:00:00,WATA-N-000,15.75,2200,,,
2001-12-21 00:00:00,WATA-N-000,15,11200,,,
2001-12-27 00:00:00,WATA-N-000,16.25,12600,,,
2001-12-28 00:00:00,WATA-N-000,15.75,5500,,,
2001-12-31 00:00:00,WATA-N-000,16,28400,,,
2002-01-02 00:00:00,WATA-N-000,15.75,25500,,,
2002-01-03 00:00:00,WATA-N-000,15,400,,,
2002-01-04 00:00:00,WATA-N-000,15,15500,,,
2002-01-07 00:00:00,WATA-N-000,15.75,300,,,
2002-01-08 00:00:00,WATA-N-000,15,4000,,,
2002-01-09 00:00:00,WATA-N-000,15,700,,,
2002-01-11 00:00:00,WATA-N-000,14.25,2000,,,
2002-01-15 00:00:00,WATA-N-000,14,3000,,,
2002-01-16 00:00:00,WATA-N-000,13,5300,,,
2002-01-17 00:00:00,WATA-N-000,12.75,12800,,,
2002-01-18 00:00:00,WATA-N-000,14.25,20200,,,
2002-01-21 00:00:00,WATA-N-000,14.25,5200,,,
2002-01-23 00:00:00,WATA-N-000,14,400,,,
2002-01-24 00:00:00,WATA-N-000,14,600,,,
2002-01-25 00:00:00,WATA-N-000,12.75,500,,,
2002-01-29 00:00:00,WATA-N-000,12.75,300,,,
2002-01-31 00:00:00,WATA-N-000,12.75,900,,,
2002-02-01 00:00:00,WATA-N-000,12.5,5100,,,
2002-02-05 00:00:00,WATA-N-000,12.75,2000,,,
2002-02-06 00:00:00,WATA-N-000,13.75,1800,,,
2002-02-08 00:00:00,WATA-N-000,13.5,1000,,,
2002-02-11 00:00:00,WATA-N-000,13.75,1700,,,
2001-01-02 00:00:00,YORK-N-000,5.5,200,,,
2001-01-03 00:00:00,YORK-N-000,5.5,700,,,
2001-01-11 00:00:00,YORK-N-000,5.5,3500,,,
2001-01-16 00:00:00,YORK-N-000,5.5,400,,,
2001-01-17 00:00:00,YORK-N-000,5,1000,,,
2001-01-19 00:00:00,YORK-N-000,5,200,,,
2001-01-24 00:00:00,YORK-N-000,5,2000,,,
2001-02-22 00:00:00,YORK-N-000,5,500,,,
2001-03-01 00:00:00,YORK-N-000,5,900,,,
2001-03-14 00:00:00,YORK-N-000,5,1000,,,
2001-03-21 00:00:00,YORK-N-000,4.75,100,,,
2001-03-22 00:00:00,YORK-N-000,4.75,200,,,
2001-03-23 00:00:00,YORK-N-000,4.75,1000,,,
2001-03-30 00:00:00,YORK-N-000,5,100,,,
2001-04-05 00:00:00,YORK-N-000,4.75,7800,,,
2001-04-18 00:00:00,YORK-N-000,4.75,200,,,
2001-04-26 00:00:00,YORK-N-000,4.75,7600,,,
2001-05-10 00:00:00,YORK-N-000,4.75,4500,,,
2001-05-11 00:00:00,YORK-N-000,4.75,200,,,
2001-05-31 00:00:00,YORK-N-000,5.25,5000,,,
2001-06-01 00:00:00,YORK-N-000,5.25,5000,,,
2001-06-11 00:00:00,YORK-N-000,5.25,3000,,,
2001-06-12 00:00:00,YORK-N-000,5,800,,,
2001-06-14 00:00:00,YORK-N-000,5,2300,,,
2001-06-20 00:00:00,YORK-N-000,5.25,2800,,,
2001-06-22 00:00:00,YORK-N-000,5.25,100,,,
2001-06-26 00:00:00,YORK-N-000,5.25,3500,,,
2001-06-28 00:00:00,YORK-N-000,5.25,1700,,,
2001-07-03 00:00:00,YORK-N-000,4.5,700,,,
2001-07-18 00:00:00,YORK-N-000,5,1300,,,
2001-07-24 00:00:00,YORK-N-000,5,500,,,
2001-08-06 00:00:00,YORK-N-000,5,100,,,
2001-08-15 00:00:00,YORK-N-000,5,700,,,
2001-08-16 00:00:00,YORK-N-000,5,100,,,
2001-09-11 00:00:00,YORK-N-000,5.25,3700,,,
2001-09-14 00:00:00,YORK-N-000,5.25,1000,,,
2001-09-19 00:00:00,YORK-N-000,5.25,900,,,
2001-10-03 00:00:00,YORK-N-000,5.25,200,,,
2001-10-04 00:00:00,YORK-N-000,5.25,200,,,
2001-11-02 00:00:00,YORK-N-000,5.25,1000,,,
2001-11-06 00:00:00,YORK-N-000,5.25,300,,,
2001-11-09 00:00:00,YORK-N-000,6.25,100,,,
2001-11-16 00:00:00,YORK-N-000,6.25,1000,,,
2001-11-27 00:00:00,YORK-N-000,7,3000,,,
2001-12-03 00:00:00,YORK-N-000,6.25,1000,,,
2001-12-11 00:00:00,YORK-N-000,6.25,500,,,
2001-12-14 00:00:00,YORK-N-000,5.5,500,,,
2001-12-17 00:00:00,YORK-N-000,5.5,1600,,,
2001-12-18 00:00:00,YORK-N-000,5.25,1400,,,
2001-12-20 00:00:00,YORK-N-000,5,9100,,,
2001-12-21 00:00:00,YORK-N-000,5,1000,,,
2001-12-31 00:00:00,YORK-N-000,5.5,400,,,
2002-01-07 00:00:00,YORK-N-000,5.5,1000,,,
2002-01-08 00:00:00,YORK-N-000,5.25,17900,,,
2002-01-09 00:00:00,YORK-N-000,5.25,400,,,
2002-01-10 00:00:00,YORK-N-000,5,10600,,,
2002-01-25 00:00:00,YORK-N-000,5,300,,,
2002-02-05 00:00:00,YORK-N-000,5,800,,,
2002-02-11 00:00:00,YORK-N-000,5.25,5000,,,
